table,column,clock,n_rows,n_values,n_years,first_year,last_year,mix_shift,mix_shift_with_blanks,field_arrived_midway,snapshot_risk,survivorship_risk,pct_blank_early,pct_blank_late,top_early,top_early_share,top_late,top_late_share,dominance_flipped,n_appeared,n_vanished,appeared,vanished,window_rows_early,window_rows_late,strangeness,notes
ENVIRONMENT.ENVIRONMENT__FED_USGS_ORPHANED_OIL_GAS_WELLS,STATE,reported,117672,27,4,2019,2022,1.0,1.0,False,False,False,0,0,Missouri,0.562,Ohio,0.189,True,8,2,Ohio|Pennsylvania|Oklahoma|Kentucky|Illinois,Missouri|California,8703,108969,1.0,"among values that exist, the most common flipped from 'Missouri' (56%) to 'Ohio' (19%); appeared mid-series: 'Ohio' now 19%, 'Pennsylvania' now 18%, 'Oklahoma' now 15%; vanished: 'Missouri' was 56%, 'California' was 38%"
ENVIRONMENT.ENVIRONMENT__FED_USGS_ORPHANED_OIL_GAS_WELLS,SOURCE,reported,117672,27,4,2019,2022,1.0,1.0,False,False,False,0,0,Missouri Department of Natural Resources,0.562,Ohio Department of Natural Resources,0.189,True,8,2,Ohio Department of Natural Resources|Pennsylvania Department of Environmental Protection|Oklahoma Corporation Commission Oil and Gas Conservation|Kentucky Geological Survey|Illinois Department of Natural Resources,Missouri Department of Natural Resources|Geologic Energy Management Division (CalGEM),8703,108969,1.0,"among values that exist, the most common flipped from 'Missouri Department of Natural Resources' (56%) to 'Ohio Department of Natural Resources' (19%); appeared mid-series: 'Ohio Department of Natural Resources' now 19%, 'Pennsylvania Department of Environmental Protection' now 18%, 'Oklahoma Corporation Commission Oil and Gas Conservation' now 15%; vanished: 'Missouri Department of Natural Resources' was 56%, 'Geologic Energy Management Division (CalGEM)' was 38%"
ECONOMICS.ECONOMICS__FED_FAC_SINGLE_AUDIT,DATA_SOURCE,reported,411638,2,11,2016,2026,1.0,1.0,False,False,False,0,0,CENSUS,1.0,GSAFAC,1.0,True,1,1,GSAFAC,CENSUS,83578,125876,1.0,"among values that exist, the most common flipped from 'CENSUS' (100%) to 'GSAFAC' (100%); appeared mid-series: 'GSAFAC' now 100%; vanished: 'CENSUS' was 100%"
ECONOMICS.ECONOMICS__FED_TREASURY_DTS_DEPOSITS,ACCOUNT_TYPE,happened,478149,5,22,2005,2026,1.0,1.0,False,False,False,0,0,Federal Reserve Account,0.945,Treasury General Account (TGA),0.989,True,1,2,Treasury General Account (TGA),Federal Reserve Account|Tax and Loan Note Accounts,30574,118479,1.0,"among values that exist, the most common flipped from 'Federal Reserve Account' (94%) to 'Treasury General Account (TGA)' (99%); appeared mid-series: 'Treasury General Account (TGA)' now 99%; vanished: 'Federal Reserve Account' was 94%, 'Tax and Loan Note Accounts' was 6%"
ENVIRONMENT.ENVIRONMENT__FED_USCG_NRC_INCIDENTS,SOURCE,reported,1029020,7,37,1990,2026,1.0,1.0,False,False,False,0,0,UNAVAILABLE,1.0,TELEPHONE,0.971,True,1,1,TELEPHONE,UNAVAILABLE,79869,57399,1.0,"among values that exist, the most common flipped from 'UNAVAILABLE' (100%) to 'TELEPHONE' (97%); appeared mid-series: 'TELEPHONE' now 97%; vanished: 'UNAVAILABLE' was 100%"
ENVIRONMENT.ENVIRONMENT__FED_NOAA_STORM_EVENTS,DATA_SOURCE,happened,1780730,3,30,1996,2025,1.0,1.0,False,False,False,0.0,0,PDC,1.0,CSV,1.0,True,1,1,CSV,PDC,141498,217754,1.0,"among values that exist, the most common flipped from 'PDC' (100%) to 'CSV' (100%); appeared mid-series: 'CSV' now 100%; vanished: 'PDC' was 100%"
FINANCE.FINANCE__FED_FDIC_SOD_BRANCH_DEPOSITS,INSURANCE_AGENCY,happened,2823000,3,32,1994,2025,1.0,1.0,False,False,False,0,0,BIF,0.84,DIF,1.0,True,1,2,DIF,BIF|SAIF,243671,230617,1.0,"among values that exist, the most common flipped from 'BIF' (84%) to 'DIF' (100%); appeared mid-series: 'DIF' now 100%; vanished: 'BIF' was 84%, 'SAIF' was 16%"
ECONOMICS.ECONOMICS__FED_USASPENDING_ASSISTANCE_FULL,ACTION_DATE_FISCAL_YEAR,happened,19902879,5,21,2006,2026,1.0,1.0,False,False,False,0,0,2007,0.5,2025,0.333,True,3,2,2025|2024|2026,2008|2007,2000000,3000000,1.0,"among values that exist, the most common flipped from '2007' (50%) to '2025' (33%); appeared mid-series: '2025' now 33%, '2024' now 33%, '2026' now 33%; vanished: '2008' was 50%, '2007' was 50%"
JUSTICE.JUSTICE__FED_COURTLISTENER_DOCKETS,SOURCE,happened,236171,6,133,1869,2026,1.0,1.0,False,False,False,0,0,20,0.947,3,0.571,True,2,2,3|2,20|4,450,15052,1.0,"among values that exist, the most common flipped from '20' (95%) to '3' (57%); appeared mid-series: '3' now 57%, '2' now 43%; vanished: '20' was 95%, '4' was 5%"
HEALTH.HEALTH__FED_FDA_DEVICE_ENFORCEMENT,STATUS,happened,39635,3,18,2009,2026,0.997,0.997,False,True,False,0,0,Terminated,0.997,Ongoing,0.991,True,1,1,Ongoing,Terminated,368,7484,0.997,"among values that exist, the most common flipped from 'Terminated' (100%) to 'Ongoing' (99%); CAUTION: a status column normally reads as of today, not as of the row's year; appeared mid-series: 'Ongoing' now 99%; vanished: 'Terminated' was 100%"
POLITICS.POLITICS__FED_FCC_LICENSING,LICENSE_STATUS,decided,1667754,4,40,1987,2026,0.994,0.994,False,True,False,0,0,E,0.994,A,0.937,True,1,1,A,E,40193,203803,0.994,"among values that exist, the most common flipped from 'E' (99%) to 'A' (94%); CAUTION: a status column normally reads as of today, not as of the row's year; appeared mid-series: 'A' now 94%; vanished: 'E' was 99%"
TRANSPORT.TRANSPORT__FED_FRA_CROSSING_INCIDENTS,RAILROAD_TYPE,happened,251139,10,52,1975,2026,0.99,0.99,False,False,False,0,0,1L,0.943,1,0.479,True,5,1,1|CL|3|6|Cl,1L,38718,5386,0.99,"among values that exist, the most common flipped from '1L' (94%) to '1' (48%); appeared mid-series: '1' now 48%, 'CL' now 20%, '3' now 15%; vanished: '1L' was 94%"
TRANSPORT.TRANSPORT__FED_FRA_EQUIPMENT_ACCIDENTS,CLASS,happened,224940,11,52,1975,2026,0.981,0.981,False,False,False,0,0.0,1L,0.927,1,0.44,True,5,1,1|CL|3|Cl|6,1L,34623,5748,0.981,"among values that exist, the most common flipped from '1L' (93%) to '1' (44%); appeared mid-series: '1' now 44%, 'CL' now 24%, '3' now 14%; vanished: '1L' was 93%"
ENVIRONMENT.ENVIRONMENT__FED_EPA_NPDES_NPDES_INFORMAL_ENFORCEMENT_ACTIONS,AGENCY,decided,472507,2,47,1980,2026,0.981,0.981,False,False,False,0,0,EPA,0.991,State,0.99,True,0,0,,,4312,50795,0.981,"among values that exist, the most common flipped from 'EPA' (99%) to 'State' (99%)"
ECONOMICS.ECONOMICS__FED_USASPENDING_CONTRACTS_FULL,TYPE_OF_IDC,happened,20000000,6,20,2007,2026,0.975,0.725,False,False,False,0.258,0.974,NAN,0.975,INDEFINITE DELIVERY / INDEFINITE QUANTITY,0.833,True,0,1,,NAN,3000000,3000000,0.975,"among values that exist, the most common flipped from 'NAN' (97%) to 'INDEFINITE DELIVERY / INDEFINITE QUANTITY' (83%); vanished: 'NAN' was 72%"
HEALTH.HEALTH__FED_FDA_DRUG_MASTER_FILES,STATUS,reported,41252,2,66,1940,2026,0.968,0.968,False,True,False,0,0,Inactive,0.977,Active,0.991,True,0,0,,,307,4210,0.968,"among values that exist, the most common flipped from 'Inactive' (98%) to 'Active' (99%); CAUTION: a status column normally reads as of today, not as of the row's year"
ECONOMICS.ECONOMICS__FED_SBA_LOANS,LOAN_STATUS,happened,1869773,29,37,1990,2026,0.96,0.96,False,True,False,0,0,P I F,0.831,CURR,0.834,True,2,1,CURR|CURRENT,CLSLN,36923,133160,0.96,"among values that exist, the most common flipped from 'P I F' (83%) to 'CURR' (83%); CAUTION: a status column normally reads as of today, not as of the row's year; appeared mid-series: 'CURR' now 83%, 'CURRENT' now 8%; vanished: 'CLSLN' was 9%"
CORPORATE_REGISTRY.CORPORATE_REGISTRY__INTL_IE_CRO,COMPANY_TYPE,happened,805501,18,98,1901,2026,0.959,0.959,False,False,True,0,0,External company,0.799,LTD - Private Company Limited by Shares,0.917,True,0,1,,Private,676,68559,0.959,"among values that exist, the most common flipped from 'External company' (80%) to 'LTD - Private Company Limited by Shares' (92%); CAUTION: rows are dated by when the thing came into existence, so the early years show only what SURVIVED to be in today's register; vanished: 'Private' was 11%"
ENVIRONMENT.ENVIRONMENT__FED_EPA_NPDES_NPDES_INSPECTIONS,STATE_EPA_FLAG,span_start,983896,2,52,1975,2026,0.957,0.957,False,False,False,0,0,E,0.986,S,0.972,True,0,0,,,485,157461,0.957,"among values that exist, the most common flipped from 'E' (99%) to 'S' (97%)"
HEALTH.HEALTH__FED_CDC_SUICIDE_RATES,FLAG,happened,6390,3,42,1950,2018,0.948,0.437,False,False,False,0.539,0.96,...,0.948,*,1.0,True,0,1,,...,414,600,0.948,"among values that exist, the most common flipped from '...' (95%) to '*' (100%); vanished: '...' was 44%"
PROCUREMENT.PROCUREMENT__FED_SAM_EXCLUSIONS,EXCLUSION_PROGRAM,span_start,156912,2,39,1988,2026,0.94,0.94,False,False,False,0,0,NonProcurement,0.94,Reciprocal,1.0,True,0,1,,NonProcurement,1435,19459,0.94,"among values that exist, the most common flipped from 'NonProcurement' (94%) to 'Reciprocal' (100%); vanished: 'NonProcurement' was 94%"
HEALTH.HEALTH__FED_CMS_SKILLED_NURSING_FACILITY_ENROLLMENTS,ORGANIZATION_TYPE_STRUCTURE,happened,8989,4,45,1922,2024,0.939,0.939,False,False,True,0,0,CORPORATION,0.646,LLC,0.935,True,1,0,LLC,,206,980,0.939,"among values that exist, the most common flipped from 'CORPORATION' (65%) to 'LLC' (93%); CAUTION: rows are dated by when the thing came into existence, so the early years show only what SURVIVED to be in today's register; appeared mid-series: 'LLC' now 93%"
CORPORATE_REGISTRY.CORPORATE_REGISTRY__INTL_IE_CRO,COMPANY_STATUS,happened,805501,12,98,1901,2026,0.936,0.936,False,True,True,0,0,Ceased,0.763,Normal,0.973,True,0,1,,Ceased,676,68559,0.936,"among values that exist, the most common flipped from 'Ceased' (76%) to 'Normal' (97%); CAUTION: a status column normally reads as of today, not as of the row's year; CAUTION: rows are dated by when the thing came into existence, so the early years show only what SURVIVED to be in today's register; vanished: 'Ceased' was 76%"
PROCUREMENT.PROCUREMENT__FED_SAM_EXCLUSIONS,EXCLUDING_AGENCY,span_start,156912,50,39,1988,2026,0.935,0.941,False,False,False,0,0.104,HHS,0.913,OFAC,0.542,True,4,0,OFAC|OPM|(blank)|DOJ,,1435,19459,0.935,"among values that exist, the most common flipped from 'HHS' (91%) to 'OFAC' (54%); appeared mid-series: 'OFAC' now 49%, 'OPM' now 15%, '(blank)' now 10%"
POLITICS.POLITICS__FEC_CANDIDATE,CAND_STATUS,happened,17891,4,13,2010,2028,0.929,0.929,False,True,False,0,0.0,P,0.929,N,0.516,True,1,1,C,P,283,5107,0.929,"among values that exist, the most common flipped from 'P' (93%) to 'N' (52%); CAUTION: a status column normally reads as of today, not as of the row's year; appeared mid-series: 'C' now 48%; vanished: 'P' was 93%"
JUSTICE.JUSTICE__XC_UK_SANCTIONS_LIST,DESIGNATION_SOURCE,decided,33828,3,26,2001,2026,0.929,0.929,False,False,False,0,0,UN,1.0,UK,0.921,True,1,0,UK,,5011,5210,0.929,"among values that exist, the most common flipped from 'UN' (100%) to 'UK' (92%); appeared mid-series: 'UK' now 92%"
ECONOMICS.ECONOMICS__FED_USASPENDING_ASSISTANCE_FULL,ASSISTANCE_TYPE_DESCRIPTION,happened,19902879,15,21,2006,2026,0.928,1.0,True,False,False,0.999,0,NOT SPECIFIED,0.907,"DIRECT PAYMENT WITH UNRESTRICTED USE (RETIREMENT, PENSION, VETERANS BENEFITS, ETC.) (D)",0.299,True,5,1,"DIRECT PAYMENT WITH UNRESTRICTED USE (RETIREMENT, PENSION, VETERANS BENEFITS, ETC.) (D)|GUARANTEED/INSURED LOAN (F)|DIRECT PAYMENT FOR SPECIFIED USE, AS A SUBSIDY OR OTHER NON-REIMBURSABLE DIRECT FINANCIAL AID (C)|PROJECT GRANT (B)|OTHER REIMBURSABLE, CONTINGENT, INTANGIBLE, OR INDIRECT FINANCIAL ASSISTANCE",,2000000,3000000,0.928,"the field was blank in 100% of the early records -- it was added later, so the headline flip is the column arriving; among values that exist, the most common flipped from 'NOT SPECIFIED' (91%) to 'DIRECT PAYMENT WITH UNRESTRICTED USE (RETIREMENT, PENSION, VETERANS BENEFITS, ETC.) (D)' (30%); appeared mid-series: 'DIRECT PAYMENT WITH UNRESTRICTED USE (RETIREMENT, PENSION, VETERANS BENEFITS, ETC.) (D)' now 30%, 'GUARANTEED/INSURED LOAN (F)' now 24%, 'DIRECT PAYMENT FOR SPECIFIED USE, AS A SUBSIDY OR OTHER NON-REIMBURSABLE DIRECT FINANCIAL AID (C)' now 18%; vanished: '' was 100%"
JUSTICE.JUSTICE__FED_CISA_KEV,REQUIRED_ACTION,decided,1631,46,6,2021,2026,0.927,0.927,False,False,False,0,0,Apply updates per vendor instructions.,0.848,"Apply mitigations per vendor instructions, follow applicable BOD 22-01 guidance for cloud services, or discontinue use of the product if mitigations are unavailable.",0.555,True,1,1,"Apply mitigations per vendor instructions, follow applicable BOD 22-01 guidance for cloud services, or discontinue use of the product if mitigations are unavailable.",Apply updates per vendor instructions.,1053,578,0.927,"among values that exist, the most common flipped from 'Apply updates per vendor instructions.' (85%) to 'Apply mitigations per vendor instructions, follow applicable BOD 22-01 guidance for cloud services, or discontinue use of the product if mitigations are unavailable.' (56%); appeared mid-series: 'Apply mitigations per vendor instructions, follow applicable BOD 22-01 guidance for cloud services, or discontinue use of the product if mitigations are unavailable.' now 56%; vanished: 'Apply updates per vendor instructions.' was 85%"
ENVIRONMENT.ENVIRONMENT__FED_USGS_ORPHANED_OIL_GAS_WELLS,STATUS,reported,117672,44,4,2019,2022,0.927,0.931,False,True,False,0,0.054,Abandoned,0.545,Orphan,0.288,True,5,1,Orphan|OR|HP|orphan|(blank),Idle,8703,108969,0.927,"among values that exist, the most common flipped from 'Abandoned' (55%) to 'Orphan' (29%); CAUTION: a status column normally reads as of today, not as of the row's year; appeared mid-series: 'Orphan' now 27%, 'OR' now 15%, 'HP' now 14%; vanished: 'Idle' was 36%"
HEALTH.HEALTH__FED_FDA_DEVICE_510K,STATE,reported,175686,51,51,1976,2026,0.925,0.95,False,False,False,0.0,0.516,IL,0.899,CA,0.271,True,2,0,|CA,,5406,6914,0.925,"among values that exist, the most common flipped from 'IL' (90%) to 'CA' (27%); appeared mid-series: '' now 52%, 'CA' now 13%"
HEALTH.HEALTH__FED_CMS_HOME_HEALTH,TYPE_OF_OWNERSHIP,decided,12391,4,50,1966,2025,0.923,0.923,False,False,False,0,0,PROPRIETARY,0.452,-,0.923,True,1,2,-,NON-PROFIT|GOVERNMENT OPERATED,367,1606,0.923,"among values that exist, the most common flipped from 'PROPRIETARY' (45%) to '-' (92%); appeared mid-series: '-' now 92%; vanished: 'NON-PROFIT' was 42%, 'GOVERNMENT OPERATED' was 13%"
JUSTICE.JUSTICE__XC_WAPO_FATAL_FORCE,RACE_SOURCE,happened,10430,7,10,2015,2024,0.921,0.894,False,False,False,0.04,0.198,not_available,0.985,photo,0.443,True,2,0,photo|clip,,2938,3436,0.921,"among values that exist, the most common flipped from 'not_available' (99%) to 'photo' (44%); appeared mid-series: 'photo' now 36%, 'clip' now 6%"
ENERGY.ENERGY__FED_EIA860_3_1_GENERATOR,ENERGY_SOURCE_1,happened,26854,15,91,1912,2024,0.996,0.996,False,False,True,0,0,WAT,1.0,SUN,0.64,True,3,1,SUN|MWH|NG,WAT,183,2770,0.912,"among values that exist, the most common flipped from 'WAT' (100%) to 'SUN' (64%); CAUTION: rows are dated by when the thing came into existence, so the early years show only what SURVIVED to be in today's register; thin at one end (183 rows early, 2,770 late) -- ranked down accordingly; appeared mid-series: 'SUN' now 64%, 'MWH' now 16%, 'NG' now 11%; vanished: 'WAT' was 100%"
HEALTH.HEALTH__FED_FDA_DEVICE_PMA,SUPPLEMENT_TYPE,reported,56853,8,48,1979,2026,0.904,0.948,True,False,False,0.96,0.012,Normal 180 Day Track,0.714,30-Day Notice,0.673,True,3,0,30-Day Notice|Real-Time Process|Normal 180 Day Track No User Fee,,521,5409,0.904,"the field was blank in 96% of the early records -- it was added later, so the headline flip is the column arriving; among values that exist, the most common flipped from 'Normal 180 Day Track' (71%) to '30-Day Notice' (67%); appeared mid-series: '30-Day Notice' now 67%, 'Real-Time Process' now 12%, 'Normal 180 Day Track No User Fee' now 7%"
CORPORATE_REGISTRY.CORPORATE_REGISTRY__FED_ICIJ_OFFSHORELEAKS_ENTITIES,SOURCE_LEAK,happened,788448,18,79,1900,2018,0.903,0.903,False,False,True,0,0,Paradise Papers - Bahamas corporate registry,0.61,Paradise Papers - Malta corporate registry,0.465,True,3,1,"Paradise Papers - Malta corporate registry|Paradise Papers - Nevis corporate registry|Pandora Papers - Alemán, Cordero, Galindo & Lee (Alcogal)",Paradise Papers - Appleby,236,13770,0.903,"among values that exist, the most common flipped from 'Paradise Papers - Bahamas corporate registry' (61%) to 'Paradise Papers - Malta corporate registry' (46%); CAUTION: rows are dated by when the thing came into existence, so the early years show only what SURVIVED to be in today's register; appeared mid-series: 'Paradise Papers - Malta corporate registry' now 46%, 'Paradise Papers - Nevis corporate registry' now 18%, 'Pandora Papers - Alemán, Cordero, Galindo & Lee (Alcogal)' now 9%; vanished: 'Paradise Papers - Appleby' was 31%"
POLITICS.POLITICS__FED_FJC_SERVICE,SENATE_VOTE_TYPE,decided,4731,3,27,1961,2024,0.963,0.963,False,False,False,0.093,0,Voice,0.995,Roll Call,0.968,True,1,1,Roll Call,,205,187,0.9,"among values that exist, the most common flipped from 'Voice' (99%) to 'Roll Call' (97%); thin at one end (205 rows early, 187 late) -- ranked down accordingly; appeared mid-series: 'Roll Call' now 97%; vanished: '' was 9%"
HEALTH.HEALTH__FED_CDC_NNDSS_WEEKLY_2024,PREVIOUS_52_WEEKS_MAX_FLAG,reported,1932840,3,5,2022,2026,0.887,0.88,False,False,False,0.009,0.889,-,0.887,NC,1.0,True,0,1,,-,813470,693490,0.887,"among values that exist, the most common flipped from '-' (89%) to 'NC' (100%); vanished: '-' was 88%"
IMMIGRATION.IMMIGRATION__FED_ICE_DETENTION_STINTS,CASE_THREAT_LEVEL,happened,2571974,5,82,1944,2025,0.875,0.862,False,False,False,0.015,0.032,1,0.809,NA,1.0,True,0,2,,1|2,334,695,0.875,"among values that exist, the most common flipped from '1' (81%) to 'NA' (100%); vanished: '1' was 80%, '2' was 5%"
HEALTH.HEALTH__FED_FDA_CAERS,REPORT_TYPE,reported,85511,4,22,2004,2025,0.874,0.874,False,False,False,0,0,Direct,0.787,Expedited (15-Day),0.874,True,1,0,Expedited (15-Day),,748,37972,0.874,"among values that exist, the most common flipped from 'Direct' (79%) to 'Expedited (15-Day)' (87%); appeared mid-series: 'Expedited (15-Day)' now 87%"
CONSUMER_SAFETY.CONSUMER_SAFETY__FED_NHTSA_COMPLAINTS,CMPL_TYPE,happened,2117711,8,44,1901,2026,0.87,0.87,False,False,False,0,0,LETR,0.752,IVOQ,0.809,True,0,2,,LETR|CON,6408,244444,0.87,"among values that exist, the most common flipped from 'LETR' (75%) to 'IVOQ' (81%); vanished: 'LETR' was 75%, 'CON' was 10%"
HEALTH.HEALTH__FED_HRSA_SHORTAGE_AREAS,DESIGNATION_TYPE,reported,165531,10,46,1980,2026,0.867,0.867,False,False,False,0,0,Geographic HPSA,0.999,HPSA Population,0.624,True,3,0,HPSA Population|High Needs Geographic HPSA|Rural Health Clinic,,811,94968,0.867,"among values that exist, the most common flipped from 'Geographic HPSA' (100%) to 'HPSA Population' (62%); appeared mid-series: 'HPSA Population' now 62%, 'High Needs Geographic HPSA' now 9%, 'Rural Health Clinic' now 6%"
JUSTICE.JUSTICE__FED_COURTLISTENER_OPINION_CLUSTERS,SOURCE,decided,10069866,8,248,1722,2026,1.0,1.0,False,False,False,0,0,U,0.977,C,0.525,True,2,1,C|G,U,172,520608,0.86,"among values that exist, the most common flipped from 'U' (98%) to 'C' (52%); thin at one end (172 rows early, 520,608 late) -- ranked down accordingly; appeared mid-series: 'C' now 52%, 'G' now 47%; vanished: 'U' was 98%"
POLITICS.POLITICS__IRS527_8872_REPORTS,BUSINESS_STATE,happened,55579,46,70,1881,2025,0.857,0.857,False,False,False,0,0,DC,0.497,CA,0.129,True,5,0,CA|FL|VA|TX|MI,,306,1669,0.857,"among values that exist, the most common flipped from 'DC' (50%) to 'CA' (13%); appeared mid-series: 'CA' now 13%, 'FL' now 9%, 'VA' now 6%"
POLITICS.POLITICS__IRS527_8872_REPORTS,MAILING_STATE,happened,55579,46,70,1881,2025,0.845,0.845,False,False,False,0,0,DC,0.497,CA,0.129,True,4,0,CA|FL|VA|TX,,306,1669,0.845,"among values that exist, the most common flipped from 'DC' (50%) to 'CA' (13%); appeared mid-series: 'CA' now 13%, 'FL' now 9%, 'VA' now 6%"
HEALTH.HEALTH__FED_FDA_DRUG_ENFORCEMENT,STATUS,happened,17816,3,15,2012,2026,0.842,0.842,False,True,False,0,0,Terminated,0.96,Ongoing,0.85,True,0,0,,,3928,1711,0.842,"among values that exist, the most common flipped from 'Terminated' (96%) to 'Ongoing' (85%); CAUTION: a status column normally reads as of today, not as of the row's year"
JUSTICE.JUSTICE__FED_COURTLISTENER_FJC_IDB_CL_LINKED,DATASET_SOURCE,reported,10323280,5,55,1968,2022,0.832,0.832,False,False,False,0,0,4,0.825,9,0.994,True,0,1,,4,274,656246,0.832,"among values that exist, the most common flipped from '4' (82%) to '9' (99%); vanished: '4' was 82%"
JUSTICE.JUSTICE__FED_COURTLISTENER_FINANCIAL_DISCLOSURES,REPORT_TYPE,span_start,32313,6,21,1990,2020,0.994,0.994,False,False,False,0,0.0,0,0.994,-1,0.677,True,1,1,2,0,166,6291,0.825,"among values that exist, the most common flipped from '0' (99%) to '-1' (68%); thin at one end (166 rows early, 6,291 late) -- ranked down accordingly; appeared mid-series: '2' now 31%; vanished: '0' was 99%"
ENVIRONMENT.ENVIRONMENT__FED_NID_DAMS,FEDERAL_AGENCY_OWNERS,happened,73709,3,134,1800,2023,1.0,0.006,False,False,False,0.996,0.994,US Army,1.0,US Army Corps of Engineers,1.0,True,0,0,,,239,165,0.825,"among values that exist, the most common flipped from 'US Army' (100%) to 'US Army Corps of Engineers' (100%); thin at one end (239 rows early, 165 late) -- ranked down accordingly"
HEALTH.HEALTH__FED_HRSA_HPSA_PRIMARY_CARE,DESIGNATION_TYPE,reported,79158,9,45,1980,2026,0.824,0.824,False,False,False,0,0,Geographic HPSA,0.994,HPSA Population,0.633,True,3,0,HPSA Population|High Needs Geographic HPSA|Rural Health Clinic,,1136,39754,0.824,"among values that exist, the most common flipped from 'Geographic HPSA' (99%) to 'HPSA Population' (63%); appeared mid-series: 'HPSA Population' now 63%, 'High Needs Geographic HPSA' now 8%, 'Rural Health Clinic' now 5%"
JUSTICE.JUSTICE__COUNTY_DOUBLE_BURDEN,STATE_ABBR,happened,3029,45,5,2019,2024,0.815,0.815,False,False,False,0,0,IA,0.114,TX,0.124,True,4,0,TX|GA|VA|KY,,625,1967,0.815,"among values that exist, the most common flipped from 'IA' (11%) to 'TX' (12%); appeared mid-series: 'TX' now 12%, 'GA' now 8%, 'VA' now 7%"
JUSTICE.JUSTICE__COUNTY_DOUBLE_BURDEN,STATE_NAME,happened,3029,45,5,2019,2024,0.815,0.815,False,False,False,0,0,Iowa,0.114,Texas,0.124,True,4,0,Texas|Georgia|Virginia|Kentucky,,625,1967,0.815,"among values that exist, the most common flipped from 'Iowa' (11%) to 'Texas' (12%); appeared mid-series: 'Texas' now 12%, 'Georgia' now 8%, 'Virginia' now 7%"
ECONOMICS.ECONOMICS__FED_DOL_FORM5500,ADMIN_US_STATE,happened,33066,30,56,1969,2025,0.814,0.119,False,False,False,0.866,0.978,PA,0.552,NY,0.65,True,0,1,,PA,216,4724,0.814,"among values that exist, the most common flipped from 'PA' (55%) to 'NY' (65%); vanished: 'PA' was 7%"
POLITICS.POLITICS__IRS527_8872_REPORTS,PRE_OR_POST_ELECT_STATE,happened,55579,38,70,1881,2025,0.809,0.252,False,False,False,0.722,0.886,MD,0.412,CA,0.115,True,0,2,,MD|PA,306,1669,0.809,"among values that exist, the most common flipped from 'MD' (41%) to 'CA' (12%); vanished: 'MD' was 11%, 'PA' was 5%"
JUSTICE.JUSTICE__FED_COURTLISTENER_JUDGES,DOD_STATE,happened,7361,20,65,1887,1968,0.926,0.15,False,False,False,0.845,0.989,DC,0.148,NJ,0.5,True,0,0,,,174,183,0.806,"among values that exist, the most common flipped from 'DC' (15%) to 'NJ' (50%); thin at one end (174 rows early, 183 late) -- ranked down accordingly"
JUSTICE.JUSTICE__XC_UK_SANCTIONS_LIST,NAME_TYPE,decided,33828,5,26,2001,2026,0.804,0.805,False,False,False,0.008,0.001,Alias,0.812,Primary Name,0.51,True,0,1,,Primary name,5011,5210,0.804,"among values that exist, the most common flipped from 'Alias' (81%) to 'Primary Name' (51%); vanished: 'Primary name' was 8%"
ENVIRONMENT.ENVIRONMENT__FED_NID_DAMS,STATE,happened,73709,41,134,1800,2023,0.959,0.959,False,False,False,0,0,Maine,0.126,Iowa,0.352,True,5,7,Iowa|Wyoming|Minnesota|Louisiana|Nebraska,Maine|Connecticut|Massachusetts|Wisconsin|South Carolina,239,165,0.791,"among values that exist, the most common flipped from 'Maine' (13%) to 'Iowa' (35%); thin at one end (239 rows early, 165 late) -- ranked down accordingly; appeared mid-series: 'Iowa' now 35%, 'Wyoming' now 12%, 'Minnesota' now 7%; vanished: 'Maine' was 13%, 'Connecticut' was 10%, 'Massachusetts' was 10%"
POLITICS.POLITICS__FED_FJC_JUDGES,COURT_TYPE_3,happened,4065,3,11,1920,1954,1.0,0.006,False,False,False,0.994,0.994,U.S. Court of Appeals,1.0,Supreme Court,1.0,True,0,0,,,158,177,0.79,"among values that exist, the most common flipped from 'U.S. Court of Appeals' (100%) to 'Supreme Court' (100%); thin at one end (158 rows early, 177 late) -- ranked down accordingly"
POLITICS.POLITICS__IRS527_8872_REPORTS,CONTACT_STATE,happened,55579,46,70,1881,2025,0.79,0.79,False,False,False,0,0,DC,0.35,CA,0.123,True,4,0,CA|FL|VA|TX,,306,1669,0.79,"among values that exist, the most common flipped from 'DC' (35%) to 'CA' (12%); appeared mid-series: 'CA' now 12%, 'FL' now 9%, 'VA' now 6%"
JUSTICE.JUSTICE__FED_FJC_IDB_BANKRUPTCY,DEBTOR2_FINAL_DISPOSITION_FISCAL_YEAR,reported,6965441,27,48,1973,2026,0.789,0.055,False,False,False,0.998,0.944,2024,1.0,2025,0.526,True,0,0,,,519,1925668,0.789,"among values that exist, the most common flipped from '2024' (100%) to '2025' (53%)"
POLITICS.POLITICS__IRS527_8872_REPORTS,CUSTODIAN_STATE,happened,55579,47,70,1881,2025,0.787,0.79,False,False,False,0,0.014,DC,0.35,CA,0.125,True,4,0,CA|FL|VA|TX,,306,1669,0.787,"among values that exist, the most common flipped from 'DC' (35%) to 'CA' (12%); appeared mid-series: 'CA' now 12%, 'FL' now 8%, 'VA' now 6%"
HEALTH.HEALTH__FED_CDC_DATA_PORTAL,DOMAIN_CATEGORY,happened,1471,48,11,2014,2025,0.78,0.753,False,False,True,0.035,0.039,Motor Vehicle,0.182,National Institute for Occupational Safety and Health,0.335,True,3,4,National Institute for Occupational Safety and Health|Public Health Surveillance|Vaccinations,NNDSS|Motor Vehicle|Legislation|Funding,256,535,0.78,"among values that exist, the most common flipped from 'Motor Vehicle' (18%) to 'National Institute for Occupational Safety and Health' (33%); CAUTION: rows are dated by when the thing came into existence, so the early years show only what SURVIVED to be in today's register; appeared mid-series: 'National Institute for Occupational Safety and Health' now 32%, 'Public Health Surveillance' now 8%, 'Vaccinations' now 7%; vanished: 'NNDSS' was 18%, 'Motor Vehicle' was 18%, 'Legislation' was 12%"
JUSTICE.JUSTICE__FED_FJC_IDB_BANKRUPTCY,DEBTOR1_FINAL_DISPOSITION_FISCAL_YEAR,reported,6965441,34,48,1973,2026,0.779,0.383,False,False,False,0.996,0.615,1988,0.5,2025,0.523,True,3,0,2025|2026|2024,,519,1925668,0.779,"among values that exist, the most common flipped from '1988' (50%) to '2025' (52%); appeared mid-series: '2025' now 20%, '2026' now 10%, '2024' now 8%"
HEALTH.HEALTH__FED_CMS_SKILLED_NURSING_FACILITY_ENROLLMENTS,INCORPORATION_STATE,happened,8989,47,45,1922,2024,0.778,0.778,False,False,True,0,0.003,ND,0.422,DE,0.181,True,2,3,DE|NV,ND|IN|UT,206,980,0.778,"among values that exist, the most common flipped from 'ND' (42%) to 'DE' (18%); CAUTION: rows are dated by when the thing came into existence, so the early years show only what SURVIVED to be in today's register; appeared mid-series: 'DE' now 18%, 'NV' now 8%; vanished: 'ND' was 42%, 'IN' was 23%, 'UT' was 7%"
HOUSING.HOUSING__FED_FEMA_IA_HOUSING_REGISTRATIONS,REGISTRATION_METHOD,reported,3079994,5,25,2002,2026,0.773,0.784,True,False,False,0.518,0.001,C,0.979,I,0.775,True,0,1,,(blank),318779,571676,0.773,"the field was blank in 52% of the early records -- it was added later, so the headline flip is the column arriving; among values that exist, the most common flipped from 'C' (98%) to 'I' (78%); vanished: '(blank)' was 52%"
IMMIGRATION.IMMIGRATION__FED_ICE_DETENTION_STINTS,FINAL_PROGRAM,happened,2571974,13,82,1944,2025,0.767,0.72,False,False,False,0.063,0.072,ERO Criminal Alien Program,0.655,Border Patrol,0.67,True,0,0,,,334,695,0.767,"among values that exist, the most common flipped from 'ERO Criminal Alien Program' (65%) to 'Border Patrol' (67%)"
HEALTH.HEALTH__FED_HRSA_SHORTAGE_AREAS,HPSA_STATUS,reported,165531,3,46,1980,2026,0.763,0.763,False,True,False,0,0,Withdrawn,1.0,Designated,0.449,True,2,0,Designated|Proposed For Withdrawal,,811,94968,0.763,"among values that exist, the most common flipped from 'Withdrawn' (100%) to 'Designated' (45%); CAUTION: a status column normally reads as of today, not as of the row's year; appeared mid-series: 'Designated' now 45%, 'Proposed For Withdrawal' now 31%"
HEALTH.HEALTH__FED_HRSA_HPSA_PRIMARY_CARE,STATE_NAME,reported,79158,60,45,1980,2026,0.757,0.757,False,False,False,0,0,Iowa,0.279,California,0.096,True,4,0,California|Florida|Texas|Minnesota,,1136,39754,0.757,"among values that exist, the most common flipped from 'Iowa' (28%) to 'California' (10%); appeared mid-series: 'California' now 10%, 'Florida' now 6%, 'Texas' now 6%"
HEALTH.HEALTH__FED_HRSA_HPSA_PRIMARY_CARE,COMMON_STATE_NAME,reported,79158,60,45,1980,2026,0.757,0.757,False,False,False,0,0,Iowa,0.279,California,0.096,True,4,0,California|Florida|Texas|Minnesota,,1136,39754,0.757,"among values that exist, the most common flipped from 'Iowa' (28%) to 'California' (10%); appeared mid-series: 'California' now 10%, 'Florida' now 6%, 'Texas' now 6%"
POLITICS.POLITICS__ST_NYC_CFB_CAMPAIGN_2009_CONTRIBUTION,CANDIDATE_CLASS,happened,145943,3,7,2003,2009,0.757,0.757,False,False,False,0,0,UN,0.813,P,0.902,True,0,0,,,1933,137138,0.757,"among values that exist, the most common flipped from 'UN' (81%) to 'P' (90%)"
HEALTH.HEALTH__FED_HRSA_HPSA_PRIMARY_CARE,DESIGNATION_POPULATION_TYPE_DESCRIPTION,reported,79158,19,45,1980,2026,0.749,0.749,False,False,False,0,0,Geographic Population,0.994,Low Income Population HPSA,0.568,True,2,0,Low Income Population HPSA|Rural Health Clinic,,1136,39754,0.749,"among values that exist, the most common flipped from 'Geographic Population' (99%) to 'Low Income Population HPSA' (57%); appeared mid-series: 'Low Income Population HPSA' now 57%, 'Rural Health Clinic' now 5%"
IMMIGRATION.IMMIGRATION__FED_ICE_DETAINERS,ARREST_TIME_CASE_CATEGORY,happened,609729,13,63,1948,2010,0.748,0.075,False,False,False,0.9,0.918,[16] Reinstated Final Order,0.333,[8A] Excludable / Inadmissible - Hearing Not Commenced,0.582,True,0,0,,,271,816,0.748,"among values that exist, the most common flipped from '[16] Reinstated Final Order' (33%) to '[8A] Excludable / Inadmissible - Hearing Not Commenced' (58%)"
HEALTH.HEALTH__FED_HRSA_SHORTAGE_AREAS,HPSA_COMPONENT_TYPE_DESCRIPTION,reported,165531,4,46,1980,2026,0.746,0.746,False,False,False,0,0,County Subdivision,0.829,Census Tract,0.656,True,1,0,Unknown,,811,94968,0.746,"among values that exist, the most common flipped from 'County Subdivision' (83%) to 'Census Tract' (66%); appeared mid-series: 'Unknown' now 15%"
HEALTH.HEALTH__FED_CMS_DIALYSIS,ED30_CATEGORY_TEXT,decided,7557,4,46,1976,2025,0.745,0.745,False,False,False,0,0,As Expected,0.858,Not Available,0.838,True,0,0,,,288,229,0.745,"among values that exist, the most common flipped from 'As Expected' (86%) to 'Not Available' (84%)"
HEALTH.HEALTH__FED_CMS_HOME_HEALTH,FOOTNOTE_FOR_HOW_MUCH_MEDICARE_SPENDS_ON_AN_EPISODE_OF_CARE_AT_THIS_AGENCY_COMPARED_TO_MEDICARE_SPENDING_ACROSS_ALL_AGENCIES_NATIONALLY,decided,12391,3,50,1966,2025,0.745,0.745,False,False,False,0,0,-,0.948,This measure currently does not have data or provider has been certified/recertified for less than 6 months.,0.652,True,0,0,,,367,1606,0.745,"among values that exist, the most common flipped from '-' (95%) to 'This measure currently does not have data or provider has been certified/recertified for less than 6 months.' (65%)"
ECONOMICS.ECONOMICS__FED_USASPENDING_CONTRACTS_FULL,AWARD_TYPE,happened,20000000,9,20,2007,2026,0.741,0.717,False,False,False,0.032,0.064,DO,0.391,DELIVERY ORDER,0.637,True,1,3,BPA CALL,DO|PO|BPA,3000000,3000000,0.741,"among values that exist, the most common flipped from 'DO' (39%) to 'DELIVERY ORDER' (64%); appeared mid-series: 'BPA CALL' now 17%; vanished: 'DO' was 38%, 'PO' was 24%, 'BPA' was 6%"
POLITICS.POLITICS__INTL_ELECTIONS_CANADA_CONTRIBUTIONS,POLITICAL_PARTY_OF_RECIPIENT,happened,12600637,17,29,2003,2031,0.739,0.739,False,False,False,0,0,Conservative Party of Canada,0.455,Liberal Party of Canada,0.933,True,0,0,,,331357,284,0.739,"among values that exist, the most common flipped from 'Conservative Party of Canada' (45%) to 'Liberal Party of Canada' (93%)"
ECONOMICS.ECONOMICS__FED_FOREIGNASSISTANCE,FUNDING_AGENCY,happened,95371,23,80,1946,2026,0.868,0.868,False,False,False,0,0,99,0.812,2,0.303,True,2,1,2|5,99,170,6359,0.738,"among values that exist, the most common flipped from '99' (81%) to '2' (30%); thin at one end (170 rows early, 6,359 late) -- ranked down accordingly; appeared mid-series: '2' now 30%, '5' now 8%; vanished: '99' was 81%"
ECONOMICS.ECONOMICS__FED_USASPENDING_ASSISTANCE_FULL,FUNDING_AGENCY_NAME,happened,19902879,44,21,2006,2026,0.738,0.998,True,False,False,1.0,0.002,Department of Agriculture,0.476,Department of Housing and Urban Development,0.251,True,6,1,Department of Housing and Urban Development|Department of Agriculture|Department of Education|Department of Veterans Affairs|Social Security Administration,,2000000,3000000,0.738,"the field was blank in 100% of the early records -- it was added later, so the headline flip is the column arriving; among values that exist, the most common flipped from 'Department of Agriculture' (48%) to 'Department of Housing and Urban Development' (25%); appeared mid-series: 'Department of Housing and Urban Development' now 25%, 'Department of Agriculture' now 24%, 'Department of Education' now 11%; vanished: '' was 100%"
HEALTH.HEALTH__FED_HRSA_HPSA_PRIMARY_CARE,COMPONENT_TYPE_DESCRIPTION,reported,79158,4,45,1980,2026,0.734,0.734,False,False,False,0,0,County Subdivision,0.86,Census Tract,0.67,True,1,0,Unknown,,1136,39754,0.734,"among values that exist, the most common flipped from 'County Subdivision' (86%) to 'Census Tract' (67%); appeared mid-series: 'Unknown' now 12%"
HEALTH.HEALTH__FED_CMS_HOME_HEALTH_AGENCY_ENROLLMENTS,INCORPORATION_STATE,happened,9211,49,36,1975,2023,0.73,0.73,False,False,True,0,0.001,DE,0.59,CA,0.502,True,0,0,,,273,966,0.73,"among values that exist, the most common flipped from 'DE' (59%) to 'CA' (50%); CAUTION: rows are dated by when the thing came into existence, so the early years show only what SURVIVED to be in today's register"
TRANSPORT.TRANSPORT__FED_FRA_CROSSING_INCIDENTS,REPORTING_RAILROAD_INDIVIDUAL_CLASS,happened,251139,5,52,1975,2026,0.73,0.73,False,False,False,0,0,Not Assigned,0.79,Class I,0.681,True,0,0,,,38718,5386,0.73,"among values that exist, the most common flipped from 'Not Assigned' (79%) to 'Class I' (68%)"
ENVIRONMENT.ENVIRONMENT__FED_EPA_NPDES_NPDES_FORMAL_ENFORCEMENT_ACTIONS,ENF_TYPE_DESC,decided,109481,20,46,1981,2026,0.723,0.723,False,False,False,0,0,CWA 309A AO For Compliance,0.599,State CWA Penalty AO,0.421,True,0,0,,,466,8520,0.723,"among values that exist, the most common flipped from 'CWA 309A AO For Compliance' (60%) to 'State CWA Penalty AO' (42%)"
HEALTH.HEALTH__FED_CMS_HOME_HEALTH,STATE,decided,12391,53,50,1966,2025,0.719,0.719,False,False,False,0,0,NY,0.071,CA,0.586,True,0,1,,NY,367,1606,0.719,"among values that exist, the most common flipped from 'NY' (7%) to 'CA' (59%); vanished: 'NY' was 7%"
HEALTH.HEALTH__FED_CMS_DIALYSIS,PATIENT_SURVIVAL_CATEGORY_TEXT,decided,7557,4,46,1976,2025,0.718,0.718,False,False,False,0,0,As Expected,0.889,Not Available,0.795,True,0,0,,,288,229,0.718,"among values that exist, the most common flipped from 'As Expected' (89%) to 'Not Available' (79%)"
HEALTH.HEALTH__FED_HRSA_HPSA_PRIMARY_CARE,POPULATION_TYPE,reported,79158,14,45,1980,2026,0.717,0.749,False,False,False,0.002,0.122,Geographic Population,0.996,Low Income Population HPSA,0.646,True,2,0,Low Income Population HPSA|(blank),,1136,39754,0.717,"among values that exist, the most common flipped from 'Geographic Population' (100%) to 'Low Income Population HPSA' (65%); appeared mid-series: 'Low Income Population HPSA' now 57%, '(blank)' now 12%"
HEALTH.HEALTH__FED_CMS_DIALYSIS,FYSWR_CATEGORY_TEXT,decided,7557,4,46,1976,2025,0.713,0.713,False,False,False,0,0,As Expected,0.646,Not Available,0.987,True,0,0,,,288,229,0.713,"among values that exist, the most common flipped from 'As Expected' (65%) to 'Not Available' (99%)"
HEALTH.HEALTH__FED_CMS_SKILLED_NURSING_FACILITY_ENROLLMENTS,STATE,happened,8989,48,45,1922,2024,0.713,0.713,False,False,True,0,0,IN,0.228,FL,0.163,True,0,3,,IN|NE|UT,206,980,0.713,"among values that exist, the most common flipped from 'IN' (23%) to 'FL' (16%); CAUTION: rows are dated by when the thing came into existence, so the early years show only what SURVIVED to be in today's register; vanished: 'IN' was 23%, 'NE' was 7%, 'UT' was 7%"
ECONOMICS.ECONOMICS__FED_FOREIGNASSISTANCE,MANAGING_AGENCY,happened,95371,23,80,1946,2026,0.839,0.839,False,False,False,0,0,99,0.782,1,0.261,True,4,1,2|6|16|5,99,170,6359,0.713,"among values that exist, the most common flipped from '99' (78%) to '1' (26%); thin at one end (170 rows early, 6,359 late) -- ranked down accordingly; appeared mid-series: '2' now 24%, '6' now 6%, '16' now 5%; vanished: '99' was 78%"
HEALTH.HEALTH__FED_CMS_SKILLED_NURSING_FACILITY_ENROLLMENTS,ENROLLMENT_STATE,happened,8989,48,45,1922,2024,0.71,0.71,False,False,True,0,0,IN,0.228,FL,0.162,True,0,3,,IN|NE|UT,206,980,0.71,"among values that exist, the most common flipped from 'IN' (23%) to 'FL' (16%); CAUTION: rows are dated by when the thing came into existence, so the early years show only what SURVIVED to be in today's register; vanished: 'IN' was 23%, 'NE' was 7%, 'UT' was 7%"
TRANSPORT.TRANSPORT__FED_FRA_EQUIPMENT_ACCIDENTS,REPORTING_RAILROAD_INDIVIDUAL_CLASS,happened,224940,5,52,1975,2026,0.708,0.708,False,False,False,0,0,Not Assigned,0.751,Class I,0.684,True,0,0,,,34623,5748,0.708,"among values that exist, the most common flipped from 'Not Assigned' (75%) to 'Class I' (68%)"
JUSTICE.JUSTICE__FED_FJC_IDB_CRIMINAL,FUGITIVE_STATUS,happened,6299908,3,68,1954,2026,0.704,0.704,False,True,False,0,0,Z,0.715,N,0.947,True,0,0,,,347,265874,0.704,"among values that exist, the most common flipped from 'Z' (71%) to 'N' (95%); CAUTION: a status column normally reads as of today, not as of the row's year"
JUSTICE.JUSTICE__FED_COURTLISTENER_FJC_IDB_CL_LINKED,OFFICE,reported,10323280,10,55,1968,2022,0.704,0.704,False,False,False,0,0,3,0.836,7,0.205,True,1,0,8,,274,656246,0.704,"among values that exist, the most common flipped from '3' (84%) to '7' (21%); appeared mid-series: '8' now 17%"
POLITICS.POLITICS__ST_NYC_CFB_CAMPAIGN_2013_CONTRIBUTION,CANDIDATE_CLASS,happened,197886,4,10,2000,2013,0.703,0.703,False,False,False,0,0.003,UN,0.467,P,0.917,True,0,0,,,1965,178375,0.703,"among values that exist, the most common flipped from 'UN' (47%) to 'P' (92%)"
HEALTH.HEALTH__FED_CMS_FEDERALLY_QUALIFIED_HEALTH_CENTER_ENROLLMENTS,STATE,happened,9092,37,54,1960,2023,0.731,0.731,False,False,True,0,0,CA,0.281,LA,0.129,True,4,2,LA|NC|OK|PA,TN|AL,192,210,0.702,"among values that exist, the most common flipped from 'CA' (28%) to 'LA' (13%); CAUTION: rows are dated by when the thing came into existence, so the early years show only what SURVIVED to be in today's register; thin at one end (192 rows early, 210 late) -- ranked down accordingly; appeared mid-series: 'LA' now 13%, 'NC' now 13%, 'OK' now 10%; vanished: 'TN' was 10%, 'AL' was 6%"
HEALTH.HEALTH__FED_CMS_FEDERALLY_QUALIFIED_HEALTH_CENTER_ENROLLMENTS,INCORPORATION_STATE,happened,9092,37,54,1960,2023,0.731,0.731,False,False,True,0,0,CA,0.281,LA,0.129,True,4,2,LA|NC|OK|PA,TN|AL,192,210,0.702,"among values that exist, the most common flipped from 'CA' (28%) to 'LA' (13%); CAUTION: rows are dated by when the thing came into existence, so the early years show only what SURVIVED to be in today's register; thin at one end (192 rows early, 210 late) -- ranked down accordingly; appeared mid-series: 'LA' now 13%, 'NC' now 13%, 'OK' now 10%; vanished: 'TN' was 10%, 'AL' was 6%"
ENVIRONMENT.ENVIRONMENT__FED_WQP_MONITORING_STATIONS,VERTICAL_COLLECTION_METHOD_NAME,happened,1882,6,9,1954,2022,0.698,0.702,False,False,True,0.02,0.101,Interpolated from topographic map.,0.807,Level or other surveyed method.,0.771,True,0,1,,Altimeter.,201,248,0.698,"among values that exist, the most common flipped from 'Interpolated from topographic map.' (81%) to 'Level or other surveyed method.' (77%); CAUTION: rows are dated by when the thing came into existence, so the early years show only what SURVIVED to be in today's register; vanished: 'Altimeter.' was 9%"
HEALTH.HEALTH__FED_HRSA_HPSA_PRIMARY_CARE,HPSA_STATUS,reported,79158,3,45,1980,2026,0.698,0.698,False,True,False,0,0,Withdrawn,1.0,Designated,0.447,True,2,0,Designated|Proposed For Withdrawal,,1136,39754,0.698,"among values that exist, the most common flipped from 'Withdrawn' (100%) to 'Designated' (45%); CAUTION: a status column normally reads as of today, not as of the row's year; appeared mid-series: 'Designated' now 45%, 'Proposed For Withdrawal' now 25%"
HEALTH.HEALTH__FED_CMS_HOME_HEALTH,QUALITY_OF_PATIENT_CARE_STAR_RATING,decided,12391,10,50,1966,2025,0.696,0.696,False,False,False,0,0,3.5,0.21,-,0.737,True,0,0,,,367,1606,0.696,"among values that exist, the most common flipped from '3.5' (21%) to '-' (74%)"
HEALTH.HEALTH__FED_CMS_FEDERALLY_QUALIFIED_HEALTH_CENTER_ENROLLMENTS,ENROLLMENT_STATE,happened,9092,37,54,1960,2023,0.721,0.721,False,False,True,0,0,CA,0.276,LA,0.129,True,4,2,LA|NC|OK|PA,TN|AL,192,210,0.692,"among values that exist, the most common flipped from 'CA' (28%) to 'LA' (13%); CAUTION: rows are dated by when the thing came into existence, so the early years show only what SURVIVED to be in today's register; thin at one end (192 rows early, 210 late) -- ranked down accordingly; appeared mid-series: 'LA' now 13%, 'NC' now 13%, 'OK' now 10%; vanished: 'TN' was 10%, 'AL' was 6%"
HEALTH.HEALTH__FED_CMS_DIALYSIS,PATIENT_INFECTION_CATEGORY_TEXT,decided,7557,4,46,1976,2025,0.685,0.685,False,False,False,0,0,As Expected,0.455,Not Available,0.803,True,0,0,,,288,229,0.685,"among values that exist, the most common flipped from 'As Expected' (45%) to 'Not Available' (80%)"
IMMIGRATION.IMMIGRATION__FED_ICE_DETENTION_STINTS,ENTRY_STATUS,happened,2571974,13,82,1944,2025,0.684,0.609,False,True,False,0.168,0.115,Not  Applicable,0.842,PWA Mexico,0.67,True,0,0,,,334,695,0.684,"among values that exist, the most common flipped from 'Not  Applicable' (84%) to 'PWA Mexico' (67%); CAUTION: a status column normally reads as of today, not as of the row's year"
HEALTH.HEALTH__FED_CMS_NURSING_HOME_DEFICIENCIES,STATE,happened,418479,53,10,2017,2026,0.678,0.678,False,False,False,0,0,OH,0.21,CA,0.148,True,3,1,TX|PA|IL,AL,17409,263194,0.678,"among values that exist, the most common flipped from 'OH' (21%) to 'CA' (15%); appeared mid-series: 'TX' now 9%, 'PA' now 6%, 'IL' now 6%; vanished: 'AL' was 6%"
ECONOMICS.ECONOMICS__FED_IRS_BMF,IRS_STATUS,decided,1963226,3,106,1900,2026,0.676,0.676,False,True,False,0,0,12,0.676,01,1.0,True,0,1,,12,497,282341,0.676,"among values that exist, the most common flipped from '12' (68%) to '01' (100%); CAUTION: a status column normally reads as of today, not as of the row's year; vanished: '12' was 68%"
LABOR.LABOR__FED_MSHA_MINES,STATE,happened,91906,54,57,1970,2026,0.675,0.675,False,False,False,0,0,WV,0.293,PA,0.067,True,1,0,NY,,1279,7030,0.675,"among values that exist, the most common flipped from 'WV' (29%) to 'PA' (7%); appeared mid-series: 'NY' now 5%"
POLITICS.POLITICS__MEMBER_CROSSWALK,LAST_STATE,span_start,12794,49,112,1789,2025,0.674,0.674,False,False,False,0.014,0,VA,0.133,CA,0.084,True,3,2,CA|TX|FL,MA|CT,213,226,0.674,"among values that exist, the most common flipped from 'VA' (13%) to 'CA' (8%); appeared mid-series: 'CA' now 8%, 'TX' now 8%, 'FL' now 7%; vanished: 'MA' was 11%, 'CT' was 7%"
POLITICS.POLITICS__MEMBER_SPINE,STATE,span_start,12794,49,112,1789,2025,0.674,0.674,False,False,False,0.014,0,VA,0.133,CA,0.084,True,3,2,CA|TX|FL,MA|CT,213,226,0.674,"among values that exist, the most common flipped from 'VA' (13%) to 'CA' (8%); appeared mid-series: 'CA' now 8%, 'TX' now 8%, 'FL' now 7%; vanished: 'MA' was 11%, 'CT' was 7%"
JUSTICE.JUSTICE__FED_COURTLISTENER_FJC_IDB_CL_LINKED,TRANSFER_OFFICE,reported,10323280,11,55,1968,2022,0.67,0.014,False,False,False,0.982,0.988,1,0.4,3,0.316,True,0,0,,,274,656246,0.67,"among values that exist, the most common flipped from '1' (40%) to '3' (32%)"
HEALTH.HEALTH__FED_CMS_HOME_HEALTH,FOOTNOTE_FOR_QUALITY_OF_PATIENT_CARE_STAR_RATING,decided,12391,2,50,1966,2025,0.668,0.668,False,False,False,0,0,-,0.932,The number of patient episodes for this measure is too small to report.,0.737,True,0,0,,,367,1606,0.668,"among values that exist, the most common flipped from '-' (93%) to 'The number of patient episodes for this measure is too small to report.' (74%)"
HEALTH.HEALTH__FED_CMS_HOME_HEALTH_AGENCY_ENROLLMENTS,STATE,happened,9211,52,36,1975,2023,0.664,0.664,False,False,True,0,0,PA,0.158,CA,0.501,True,0,1,,NC,273,966,0.664,"among values that exist, the most common flipped from 'PA' (16%) to 'CA' (50%); CAUTION: rows are dated by when the thing came into existence, so the early years show only what SURVIVED to be in today's register; vanished: 'NC' was 8%"
HEALTH.HEALTH__FED_CMS_HOME_HEALTH_AGENCY_ENROLLMENTS,ENROLLMENT_STATE,happened,9211,52,36,1975,2023,0.664,0.664,False,False,True,0,0,PA,0.158,CA,0.502,True,0,1,,NC,273,966,0.664,"among values that exist, the most common flipped from 'PA' (16%) to 'CA' (50%); CAUTION: rows are dated by when the thing came into existence, so the early years show only what SURVIVED to be in today's register; vanished: 'NC' was 8%"
CORPORATE_REGISTRY.CORPORATE_REGISTRY__INTL_UK_COMPANIES_HOUSE,ACCOUNT_CATEGORY,happened,5734749,13,137,1890,2026,0.754,0.754,False,False,True,0,0,FULL,0.217,NO ACCOUNTS FILED,0.766,True,0,4,,FULL|GROUP|SMALL|ACCOUNTS TYPE NOT AVAILABLE,175,1693154,0.66,"among values that exist, the most common flipped from 'FULL' (22%) to 'NO ACCOUNTS FILED' (77%); CAUTION: rows are dated by when the thing came into existence, so the early years show only what SURVIVED to be in today's register; thin at one end (175 rows early, 1,693,154 late) -- ranked down accordingly; vanished: 'FULL' was 22%, 'GROUP' was 11%, 'SMALL' was 7%"
JUSTICE.JUSTICE__FED_FJC_IDB_BANKRUPTCY,DEBTOR1_FINAL_DISPOSITION_CALENDAR_YEAR,reported,6965441,34,48,1973,2026,0.657,0.383,False,False,False,0.996,0.615,1987,0.5,2025,0.54,True,2,0,2025|2024,,519,1925668,0.657,"among values that exist, the most common flipped from '1987' (50%) to '2025' (54%); appeared mid-series: '2025' now 21%, '2024' now 13%"
ENVIRONMENT.ENVIRONMENT__FED_EPA_ICIS_AIR_ICIS_AIR_FORMAL_ACTIONS,ENF_TYPE_DESC,decided,105968,16,52,1975,2026,0.656,0.656,False,False,False,0,0,CAA 113A Admin Compliance Order (Non-Penalty),0.678,Administrative Order,0.869,True,0,0,,,339,5834,0.656,"among values that exist, the most common flipped from 'CAA 113A Admin Compliance Order (Non-Penalty)' (68%) to 'Administrative Order' (87%)"
HEALTH.HEALTH__FED_HRSA_SHORTAGE_AREAS,STATE_NAME,reported,165531,60,46,1980,2026,0.654,0.654,False,False,False,0,0,Iowa,0.391,California,0.1,True,3,0,California|Florida|Illinois,,811,94968,0.654,"among values that exist, the most common flipped from 'Iowa' (39%) to 'California' (10%); appeared mid-series: 'California' now 10%, 'Florida' now 6%, 'Illinois' now 5%"
HEALTH.HEALTH__FED_HRSA_SHORTAGE_AREAS,COMMON_STATE_NAME,reported,165531,60,46,1980,2026,0.654,0.654,False,False,False,0,0,Iowa,0.391,California,0.1,True,3,0,California|Florida|Illinois,,811,94968,0.654,"among values that exist, the most common flipped from 'Iowa' (39%) to 'California' (10%); appeared mid-series: 'California' now 10%, 'Florida' now 6%, 'Illinois' now 5%"
HEALTH.HEALTH__FED_HRSA_SHORTAGE_AREAS,PRIMARY_STATE_NAME,reported,165531,60,46,1980,2026,0.653,0.653,False,False,False,0,0,Iowa,0.391,California,0.1,True,3,0,California|Florida|Illinois,,811,94968,0.653,"among values that exist, the most common flipped from 'Iowa' (39%) to 'California' (10%); appeared mid-series: 'California' now 10%, 'Florida' now 6%, 'Illinois' now 5%"
ENVIRONMENT.ENVIRONMENT__FED_EPA_NPDES_NPDES_INFORMAL_ENFORCEMENT_ACTIONS,ENF_TYPE_DESC,decided,472507,20,47,1980,2026,0.651,0.651,False,False,False,0,0,Letter of Violation/ Warning Letter,0.6,Notice of Violation,0.389,True,2,0,Notice of Violation|Notice of Noncompliance Issued,,4312,50795,0.651,"among values that exist, the most common flipped from 'Letter of Violation/ Warning Letter' (60%) to 'Notice of Violation' (39%); appeared mid-series: 'Notice of Violation' now 39%, 'Notice of Noncompliance Issued' now 11%"
HEALTH.HEALTH__FED_CMS_NURSING_HOME_FIRE_DEFICIENCIES,STATE,happened,200030,53,10,2017,2026,0.646,0.646,False,False,False,0,0,OH,0.279,CA,0.125,True,4,2,TX|IN|IL|PA,AL|VA,12178,108987,0.646,"among values that exist, the most common flipped from 'OH' (28%) to 'CA' (12%); appeared mid-series: 'TX' now 6%, 'IN' now 6%, 'IL' now 5%; vanished: 'AL' was 11%, 'VA' was 9%"
IMMIGRATION.IMMIGRATION__FED_ICE_DETAINERS,CASE_CATEGORY,happened,609729,18,63,1948,2010,0.639,0.35,False,False,False,0.472,0.523,[8C] Excludable / Inadmissible - Administrative Final Order Issued,0.238,[8B] Excludable / Inadmissible - Under Adjudication by IJ,0.447,True,0,3,,[3] Deportable - Administratively Final Order|[16] Reinstated Final Order|[11] Administrative Deportation / Removal,271,816,0.639,"among values that exist, the most common flipped from '[8C] Excludable / Inadmissible - Administrative Final Order Issued' (24%) to '[8B] Excludable / Inadmissible - Under Adjudication by IJ' (45%); vanished: '[3] Deportable - Administratively Final Order' was 10%, '[16] Reinstated Final Order' was 8%, '[11] Administrative Deportation / Removal' was 5%"
JUSTICE.JUSTICE__FED_COURTLISTENER_POSITIONS,TERMINATION_REASON,happened,1728,7,9,2004,2020,0.636,0.024,False,False,False,0.991,0.969,resign,0.5,lost,0.273,True,0,0,,,235,707,0.636,"among values that exist, the most common flipped from 'resign' (50%) to 'lost' (27%)"
HEALTH.HEALTH__FED_CMS_DIALYSIS,PATIENT_TRANSFUSION_CATEGORY_TEXT,decided,7557,3,46,1976,2025,0.634,0.634,False,False,False,0,0,As Expected,0.649,Not Available,0.943,True,0,0,,,288,229,0.634,"among values that exist, the most common flipped from 'As Expected' (65%) to 'Not Available' (94%)"
FINANCE.FINANCE__FED_FHFA_FHLB_MEMBERSHIP,MEM_TYPE,decided,5809,6,35,1991,2025,0.631,0.631,False,False,False,0,0,Commercial Bank,0.887,Credit Union,0.433,True,1,0,Community Development Financial Institution,,661,326,0.631,"among values that exist, the most common flipped from 'Commercial Bank' (89%) to 'Credit Union' (43%); appeared mid-series: 'Community Development Financial Institution' now 5%"
ECONOMICS.ECONOMICS__FED_US_SEC_EDGAR,STATE_OF_INCORPORATION,reported,48984,8,14,2013,2026,0.631,0.664,False,False,False,0.126,0.012,DC,0.511,DE,0.935,True,0,0,,,596,34956,0.631,"among values that exist, the most common flipped from 'DC' (51%) to 'DE' (93%)"
HEALTH.HEALTH__FED_CMS_HOSPICE,OWNERSHIP_TYPE,decided,6852,6,38,1984,2025,0.627,0.754,False,False,False,0,0.753,Non-Profit,0.579,For-Profit,0.894,True,1,0,,,202,805,0.627,"among values that exist, the most common flipped from 'Non-Profit' (58%) to 'For-Profit' (89%); appeared mid-series: '' now 75%"
JUSTICE.JUSTICE__FED_COURTLISTENER_JUDGE_POLITICAL_AFFILIATIONS,POLITICAL_PARTY,span_start,4117,3,23,1961,2019,0.746,0.746,False,False,False,0,0,d,0.976,r,0.764,True,0,0,,,167,191,0.623,"among values that exist, the most common flipped from 'd' (98%) to 'r' (76%); thin at one end (167 rows early, 191 late) -- ranked down accordingly"
HEALTH.HEALTH__FED_HHS_OIG_LEIE,EXCLUSION_TYPE,decided,83369,17,44,1983,2026,0.621,0.621,False,False,False,0,0,1128a1,0.969,1128a1,0.373,False,4,0,1128b4|1128a3|1128a2|1128a4,,479,7058,0.621,"appeared mid-series: '1128b4' now 35%, '1128a3' now 10%, '1128a2' now 9%"
JUSTICE.JUSTICE__FED_COURTLISTENER_FJC_IDB_CL_LINKED,JURISDICTION,reported,10323280,6,55,1968,2022,0.616,0.901,True,False,False,0.825,0,3,0.458,4,0.579,True,1,1,4,(blank),274,656246,0.616,"the field was blank in 82% of the early records -- it was added later, so the headline flip is the column arriving; among values that exist, the most common flipped from '3' (46%) to '4' (58%); appeared mid-series: '4' now 58%; vanished: '(blank)' was 82%"
HEALTH.HEALTH__FED_CMS_DIALYSIS,SEDR_CATEGORY_TEXT,decided,7557,3,46,1976,2025,0.615,0.615,False,False,False,0,0,As Expected,0.837,Not Available,0.729,True,0,0,,,288,229,0.615,"among values that exist, the most common flipped from 'As Expected' (84%) to 'Not Available' (73%)"
JUSTICE.JUSTICE__FED_COURTLISTENER_OPINION_CLUSTERS,PRECEDENTIAL_STATUS,decided,10069866,8,248,1722,2026,0.715,0.715,False,True,False,0,0.0,Published,1.0,Unknown,0.485,True,2,0,Unknown|Unpublished,,172,520608,0.615,"among values that exist, the most common flipped from 'Published' (100%) to 'Unknown' (49%); CAUTION: a status column normally reads as of today, not as of the row's year; thin at one end (172 rows early, 520,608 late) -- ranked down accordingly; appeared mid-series: 'Unknown' now 49%, 'Unpublished' now 23%"
HEALTH.HEALTH__FED_NURSINGHOME411,STATE,decided,14713,51,55,1967,2021,0.613,0.613,False,False,False,0,0,CA,0.229,TX,0.199,True,1,1,TX,NY,1024,216,0.613,"among values that exist, the most common flipped from 'CA' (23%) to 'TX' (20%); appeared mid-series: 'TX' now 20%; vanished: 'NY' was 12%"
HEALTH.HEALTH__FED_HRSA_NPDB,AA_CLASS_4,happened,1640256,35,12,1910,2020,0.613,0.002,False,False,False,0.999,0.997,1199,0.857,1140,0.279,True,0,0,,,6505,546800,0.613,"among values that exist, the most common flipped from '1199' (86%) to '1140' (28%)"
POLITICS.POLITICS__FED_MEDSL_SENATE_RETURNS,VOTE_MODE,happened,3945,2,25,1976,2024,0.608,0.608,False,False,False,0,0,total,1.0,TOTAL,0.608,True,1,0,TOTAL,,404,520,0.608,"among values that exist, the most common flipped from 'total' (100%) to 'TOTAL' (61%); appeared mid-series: 'TOTAL' now 61%"
HEALTH.HEALTH__FED_FDA_DEVICE_PMA,STATE,reported,56853,31,48,1979,2026,0.605,0.602,False,False,False,0.021,0.081,NJ,0.192,MN,0.337,True,0,0,,,521,5409,0.605,"among values that exist, the most common flipped from 'NJ' (19%) to 'MN' (34%)"
ENERGY.ENERGY__FED_EIA860_3_5_MULTIFUEL,COFIRE_ENERGY_SOURCE_4,happened,2893,9,16,1971,2011,0.727,0.034,False,False,True,0.953,0.982,WDS,0.182,TDF,0.667,True,0,0,,,235,166,0.604,"among values that exist, the most common flipped from 'WDS' (18%) to 'TDF' (67%); CAUTION: rows are dated by when the thing came into existence, so the early years show only what SURVIVED to be in today's register; thin at one end (235 rows early, 166 late) -- ranked down accordingly"
FOREIGN_INFLUENCE.FOREIGN_INFLUENCE__FED_FARA_BULK,STATE,reported,12303,40,85,1942,2026,0.602,0.572,False,False,False,0.052,0.061,NY,0.682,DC,0.25,True,1,0,VA,,348,544,0.602,"among values that exist, the most common flipped from 'NY' (68%) to 'DC' (25%); appeared mid-series: 'VA' now 9%"
ENERGY.ENERGY__FED_EIA860_3_3_SOLAR,STATE,happened,7153,50,15,2010,2024,0.597,0.597,False,False,True,0,0.001,NJ,0.227,NY,0.15,True,3,0,ME|MN|IL,,515,1772,0.597,"among values that exist, the most common flipped from 'NJ' (23%) to 'NY' (15%); CAUTION: rows are dated by when the thing came into existence, so the early years show only what SURVIVED to be in today's register; appeared mid-series: 'ME' now 7%, 'MN' now 5%, 'IL' now 5%"
LABOR.LABOR__FED_MSHA_MINES,CURRENT_MINE_STATUS,happened,91906,7,57,1970,2026,0.592,0.592,False,True,False,0,0,Abandoned,0.938,Abandoned,0.346,False,2,0,Intermittent|Temporarily Idled,,1279,7030,0.592,"CAUTION: a status column normally reads as of today, not as of the row's year; appeared mid-series: 'Intermittent' now 32%, 'Temporarily Idled' now 7%"
ENVIRONMENT.ENVIRONMENT__FED_EPA_SDWA_SDWA_GEOGRAPHIC_AREAS,STATE_SERVED,reported,578198,55,32,1995,2026,0.592,0.215,False,False,False,0.802,0.679,NC,0.331,WI,0.161,True,1,0,WI,,210880,222502,0.592,"among values that exist, the most common flipped from 'NC' (33%) to 'WI' (16%); appeared mid-series: 'WI' now 5%"
HEALTH.HEALTH__FED_FDA_DEVICE_ENFORCEMENT,STATE,happened,39635,44,18,2009,2026,0.591,0.608,False,False,False,0.011,0.099,CA,0.291,IL,0.191,True,0,0,,,368,7484,0.591,"among values that exist, the most common flipped from 'CA' (29%) to 'IL' (19%)"
LABOR.LABOR__FED_MSHA_MINES,CURRENT_MINE_TYPE,happened,91906,4,57,1970,2026,0.591,0.591,False,True,False,0,0.013,Underground,0.645,Surface,0.913,True,0,0,,,1279,7030,0.591,"among values that exist, the most common flipped from 'Underground' (65%) to 'Surface' (91%); CAUTION: a status column normally reads as of today, not as of the row's year"
FINANCE.FINANCE__FED_FEC_CANDIDATES,CAND_STATUS,happened,33495,3,19,2004,2036,0.588,0.588,False,True,False,0,0,P,0.588,N,0.772,True,1,1,C,P,400,469,0.588,"among values that exist, the most common flipped from 'P' (59%) to 'N' (77%); CAUTION: a status column normally reads as of today, not as of the row's year; appeared mid-series: 'C' now 23%; vanished: 'P' was 59%"
IMMIGRATION.IMMIGRATION__FED_ICE_DETENTION_STINTS,CASE_CATEGORY,happened,2571974,16,82,1944,2025,0.584,0.715,False,False,False,0.057,0.588,[3] Deportable - Administratively Final Order,0.368,[8F] Expedited Removal,0.329,True,0,0,,,334,695,0.584,"among values that exist, the most common flipped from '[3] Deportable - Administratively Final Order' (37%) to '[8F] Expedited Removal' (33%)"
ENVIRONMENT.ENVIRONMENT__FED_EPA_ICIS_AIR_ICIS_AIR_FORMAL_ACTIONS,STATE_EPA_FLAG,decided,105968,3,52,1975,2026,0.583,0.583,False,False,False,0,0,E,0.699,S,0.656,True,0,0,,,339,5834,0.583,"among values that exist, the most common flipped from 'E' (70%) to 'S' (66%)"
ECONOMICS.ECONOMICS__FED_USASPENDING_ASSISTANCE_FULL,ACTION_TYPE_DESCRIPTION,happened,19902879,6,21,2006,2026,0.582,1.0,True,False,False,1.0,0,CONTINUATION,0.507,NEW,0.512,True,3,1,NEW|REVISION|AGGREGATE MIXED,,2000000,3000000,0.582,"the field was blank in 100% of the early records -- it was added later, so the headline flip is the column arriving; among values that exist, the most common flipped from 'CONTINUATION' (51%) to 'NEW' (51%); appeared mid-series: 'NEW' now 51%, 'REVISION' now 27%, 'AGGREGATE MIXED' now 18%; vanished: '' was 100%"
ENVIRONMENT.ENVIRONMENT__FED_WQP_MONITORING_STATIONS,HORIZONTAL_COLLECTION_METHOD_NAME,happened,1882,5,9,1954,2022,0.577,0.577,False,False,True,0,0,Interpolated from MAP.,0.98,Interpolated from MAP.,0.403,False,2,0,Mapping grade GPS unit (handheld accuracy range 12 to 40 ft)|Interpolated from Digital MAP.,,201,248,0.577,"CAUTION: rows are dated by when the thing came into existence, so the early years show only what SURVIVED to be in today's register; appeared mid-series: 'Mapping grade GPS unit (handheld accuracy range 12 to 40 ft)' now 29%, 'Interpolated from Digital MAP.' now 25%"
ENERGY.ENERGY__FED_EIA860_3_5_MULTIFUEL,STATE,happened,2893,40,16,1971,2011,0.694,0.694,False,False,True,0,0,NY,0.179,VA,0.247,True,3,1,WA|NC|CT,TN,235,166,0.576,"among values that exist, the most common flipped from 'NY' (18%) to 'VA' (25%); CAUTION: rows are dated by when the thing came into existence, so the early years show only what SURVIVED to be in today's register; thin at one end (235 rows early, 166 late) -- ranked down accordingly; appeared mid-series: 'WA' now 11%, 'NC' now 6%, 'CT' now 5%; vanished: 'TN' was 9%"
ECONOMICS.ECONOMICS__FED_FDIC_FAILED_BANKS,RESOLUTION_TYPE_DETAIL,happened,3584,6,16,1982,2012,0.576,0.576,False,False,False,0,0,A/A,0.465,PA,0.953,True,0,2,,A/A|IDT,312,300,0.576,"among values that exist, the most common flipped from 'A/A' (46%) to 'PA' (95%); vanished: 'A/A' was 46%, 'IDT' was 8%"
POLITICS.POLITICS__CA_LOBBY_CHG_LOG,ENTITY_TYPE,happened,74491,8,28,1999,2026,0.576,0.589,False,False,False,0.056,0,2,0.595,20,0.317,True,0,1,,(blank),4957,5979,0.576,"among values that exist, the most common flipped from '2' (59%) to '20' (32%); vanished: '(blank)' was 6%"
ENVIRONMENT.ENVIRONMENT__EPA_PENALTY_GAP,EPA_REGION,happened,52494,11,31,1995,2026,0.574,0.609,False,False,False,0.209,0.017,05,0.706,03,0.199,True,0,0,,,383,28483,0.574,"among values that exist, the most common flipped from '05' (71%) to '03' (20%)"
POLITICS.POLITICS__CA_LOBBY_CHG_LOG,ACTION,happened,74491,20,28,1999,2026,0.572,0.572,False,False,False,0.005,0.002,DELETED,0.308,ADDED,0.64,True,0,3,,DELETED|NEW|TERMINATED,4957,5979,0.572,"among values that exist, the most common flipped from 'DELETED' (31%) to 'ADDED' (64%); vanished: 'DELETED' was 31%, 'NEW' was 18%, 'TERMINATED' was 7%"
HEALTH.HEALTH__FED_CMS_HOSPICE,STATE,decided,6852,51,38,1984,2025,0.57,0.57,False,False,False,0,0,FL,0.084,TX,0.232,True,1,0,NV,,202,805,0.57,"among values that exist, the most common flipped from 'FL' (8%) to 'TX' (23%); appeared mid-series: 'NV' now 10%"
JUSTICE.JUSTICE__FED_FJC_IDB_CIVIL,DISPOSITION,happened,813782,21,46,1981,2026,0.566,0.566,False,False,False,0,0,3,0.197,13,0.532,True,0,1,,3,599,21463,0.566,"among values that exist, the most common flipped from '3' (20%) to '13' (53%); vanished: '3' was 20%"
JUSTICE.JUSTICE__XC_UK_SANCTIONS_LIST,DESIGNATION_TYPE,decided,33828,3,26,2001,2026,0.561,0.561,False,False,False,0,0,Individual,0.934,Entity,0.506,True,1,0,Ship,,5011,5210,0.561,"among values that exist, the most common flipped from 'Individual' (93%) to 'Entity' (51%); appeared mid-series: 'Ship' now 12%"
HEALTH.HEALTH__FED_CMS_DIALYSIS,PATIENT_HOSPITAL_READMISSION_CATEGORY,decided,7557,4,46,1976,2025,0.558,0.558,False,False,False,0,0,As Expected,0.872,Not Available,0.638,True,0,0,,,288,229,0.558,"among values that exist, the most common flipped from 'As Expected' (87%) to 'Not Available' (64%)"
HOUSING.HOUSING__FED_HUD_MF_SECTION8_CONTRACTS,PROGRAM_TYPE_NAME,span_start,24309,25,21,2006,2026,0.551,0.551,False,False,False,0,0,Sec 8 NC,0.268,PRAC/811,0.325,True,2,0,PRAC/811|PRAC/202,,448,8869,0.551,"among values that exist, the most common flipped from 'Sec 8 NC' (27%) to 'PRAC/811' (32%); appeared mid-series: 'PRAC/811' now 32%, 'PRAC/202' now 19%"
HOUSING.HOUSING__FED_HUD_MF_SECTION8_CONTRACTS,PROGRAM_TYPE_GROUP_NAME,span_start,24309,15,21,2006,2026,0.55,0.55,False,False,False,0,0,Other S8 New,0.268,PRAC 202/811,0.515,True,1,0,PRAC 202/811,,448,8869,0.55,"among values that exist, the most common flipped from 'Other S8 New' (27%) to 'PRAC 202/811' (51%); appeared mid-series: 'PRAC 202/811' now 51%"
HOUSING.HOUSING__FED_FEMA_IA_HOUSING_REGISTRATIONS,DAMAGED_STATE_ABBREVIATION,reported,3079994,56,25,2002,2026,0.549,0.549,False,False,False,0,0,FL,0.477,FL,0.287,False,2,2,SC|GA,PR|AL,318779,571676,0.549,"appeared mid-series: 'SC' now 9%, 'GA' now 8%; vanished: 'PR' was 10%, 'AL' was 8%"
POLITICS.POLITICS__FED_FJC_JUDGES,SENATE_VOTE_TYPE_2,happened,4065,3,11,1920,1954,0.685,0.071,False,False,False,0.905,0.938,Voice,0.867,Roll Call,0.818,True,0,0,,,158,177,0.541,"among values that exist, the most common flipped from 'Voice' (87%) to 'Roll Call' (82%); thin at one end (158 rows early, 177 late) -- ranked down accordingly"
TRANSPORT.TRANSPORT__FED_FAA_REGISTRY,TYPE_ENGINE,happened,246006,10,99,1928,2026,0.538,0.538,False,False,False,0,0,1 ,0.998,1 ,0.461,False,3,0,5 |8 |2 ,,510,8667,0.538,"appeared mid-series: '5 ' now 24%, '8 ' now 12%, '2 ' now 8%"
TRANSPORT.TRANSPORT__FED_FAA_AIRCRAFT_REGISTRY,TYPE_ENGINE,happened,245900,10,99,1928,2026,0.537,0.537,False,False,False,0,0,1,0.998,1,0.463,False,3,0,5|8|2,,509,8724,0.537,"appeared mid-series: '5' now 24%, '8' now 12%, '2' now 8%"
HEALTH.HEALTH__FED_CMS_DIALYSIS,PATIENT_HOSPITALIZATION_CATEGORY_TEXT,decided,7557,4,46,1976,2025,0.526,0.526,False,False,False,0,0,As Expected,0.899,Not Available,0.585,True,0,0,,,288,229,0.526,"among values that exist, the most common flipped from 'As Expected' (90%) to 'Not Available' (59%)"
ENERGY.ENERGY__FED_EIA860_3_1_GENERATOR,STATE,happened,26854,52,91,1912,2024,0.575,0.575,False,False,True,0,0.0,MI,0.148,TX,0.127,True,1,0,TX,,183,2770,0.526,"among values that exist, the most common flipped from 'MI' (15%) to 'TX' (13%); CAUTION: rows are dated by when the thing came into existence, so the early years show only what SURVIVED to be in today's register; thin at one end (183 rows early, 2,770 late) -- ranked down accordingly; appeared mid-series: 'TX' now 13%"
HOUSING.HOUSING__FED_HUD_MF_FIRM_COMMITMENTS,CURRENT_STATUS,decided,25557,10,27,2000,2026,0.525,0.525,False,True,False,0,0,Finally Endorsed,0.942,Finally Endorsed,0.431,False,3,0,Initially Endorsed|Firm Commitment Amended|Firm Commitment Issued,,1716,1412,0.525,"CAUTION: a status column normally reads as of today, not as of the row's year; appeared mid-series: 'Initially Endorsed' now 24%, 'Firm Commitment Amended' now 13%, 'Firm Commitment Issued' now 12%"
IMMIGRATION.IMMIGRATION__FED_CMS_HOSPICE_ENROLLMENTS,INCORPORATION_STATE,happened,4818,48,23,1994,2023,0.522,0.523,False,False,True,0.008,0,DE,0.323,TX,0.258,True,1,1,NV,TN,237,592,0.522,"among values that exist, the most common flipped from 'DE' (32%) to 'TX' (26%); CAUTION: rows are dated by when the thing came into existence, so the early years show only what SURVIVED to be in today's register; appeared mid-series: 'NV' now 9%; vanished: 'TN' was 5%"
ENVIRONMENT.ENVIRONMENT__FED_WQP_MONITORING_STATIONS,MONITORING_LOCATION_TYPE_NAME,happened,1882,4,9,1954,2022,0.52,0.52,False,False,True,0,0,Well,0.92,Well: Multiple wells,0.484,True,1,1,Well: Multiple wells,Well: Test hole not completed as a well,201,248,0.52,"among values that exist, the most common flipped from 'Well' (92%) to 'Well: Multiple wells' (48%); CAUTION: rows are dated by when the thing came into existence, so the early years show only what SURVIVED to be in today's register; appeared mid-series: 'Well: Multiple wells' now 48%; vanished: 'Well: Test hole not completed as a well' was 6%"
TRANSPORT.TRANSPORT__FED_NTSB_AVIATION_AIRCRAFT,DEST_STATE,happened,20662,56,20,2007,2026,0.519,0.519,False,False,False,0,0,CA,0.095,None,0.599,True,0,0,,,2966,1863,0.519,"among values that exist, the most common flipped from 'CA' (10%) to 'None' (60%)"
HEALTH.HEALTH__FED_FDA_DRUG_ENFORCEMENT,STATE,happened,17816,46,15,2012,2026,0.517,0.506,False,False,False,0.124,0.055,WA,0.163,NJ,0.314,True,1,0,N/A,,3928,1711,0.517,"among values that exist, the most common flipped from 'WA' (16%) to 'NJ' (31%); appeared mid-series: 'N/A' now 5%"
JUSTICE.JUSTICE__FED_COURTLISTENER_FJC_IDB_CL_LINKED,DISPOSITION,reported,10323280,22,55,1968,2022,0.512,0.217,False,False,False,0.839,0.693,14,0.227,14,0.236,False,1,0,12,,274,656246,0.512,appeared mid-series: '12' now 7%
IMMIGRATION.IMMIGRATION__FED_ICE_DETENTION_STINTS,CASE_STATUS,happened,2571974,12,82,1944,2025,0.511,0.508,False,True,False,0.015,0.032,ACTIVE,0.435,8-Excluded/Removed - Inadmissibility,0.617,True,1,0,3-Voluntary Departure Confirmed,,334,695,0.511,"among values that exist, the most common flipped from 'ACTIVE' (43%) to '8-Excluded/Removed - Inadmissibility' (62%); CAUTION: a status column normally reads as of today, not as of the row's year; appeared mid-series: '3-Voluntary Departure Confirmed' now 7%"
POLITICS.POLITICS__IRS527_8871_ORGS,MAILING_STATE,happened,70767,54,55,1968,2026,0.51,0.51,False,False,True,0,0,CA,0.344,CA,0.129,False,0,0,,,285,8484,0.51,"CAUTION: rows are dated by when the thing came into existence, so the early years show only what SURVIVED to be in today's register"
ECONOMICS.ECONOMICS__FED_DOL_FORM5500,SPONS_DFE_LOC_US_STATE,happened,33066,50,56,1969,2025,0.502,0.103,False,False,False,0.861,0.936,CA,0.1,TX,0.095,True,0,0,,,216,4724,0.502,"among values that exist, the most common flipped from 'CA' (10%) to 'TX' (10%)"
ENVIRONMENT.ENVIRONMENT__FED_EPA_NPDES_NPDES_FORMAL_ENFORCEMENT_ACTIONS,AGENCY,decided,109481,2,46,1981,2026,0.5,0.5,False,False,False,0,0,EPA,0.639,State,0.861,True,0,0,,,466,8520,0.5,"among values that exist, the most common flipped from 'EPA' (64%) to 'State' (86%)"
ECONOMICS.ECONOMICS__FED_USASPENDING_ASSISTANCE_FULL,AWARDING_AGENCY_NAME,happened,19902879,46,21,2006,2026,0.5,0.5,False,False,False,0,0,Department of Education,0.502,Department of Housing and Urban Development,0.251,True,1,0,Department of Veterans Affairs,,2000000,3000000,0.5,"among values that exist, the most common flipped from 'Department of Education' (50%) to 'Department of Housing and Urban Development' (25%); appeared mid-series: 'Department of Veterans Affairs' now 9%"
HEALTH.HEALTH__FED_HRSA_SHORTAGE_AREAS,COMMON_REGION_NAME,reported,165531,11,46,1980,2026,0.498,0.498,False,False,False,0,0,Region 7,0.419,Region 5,0.216,True,0,0,,,811,94968,0.498,"among values that exist, the most common flipped from 'Region 7' (42%) to 'Region 5' (22%)"
IMMIGRATION.IMMIGRATION__FED_CMS_HOSPICE_ENROLLMENTS,STATE,happened,4818,47,23,1994,2023,0.496,0.496,False,False,True,0,0,CA,0.148,TX,0.264,True,1,0,NV,,237,592,0.496,"among values that exist, the most common flipped from 'CA' (15%) to 'TX' (26%); CAUTION: rows are dated by when the thing came into existence, so the early years show only what SURVIVED to be in today's register; appeared mid-series: 'NV' now 7%"
IMMIGRATION.IMMIGRATION__FED_CMS_HOSPICE_ENROLLMENTS,ENROLLMENT_STATE,happened,4818,47,23,1994,2023,0.494,0.494,False,False,True,0,0,CA,0.148,TX,0.264,True,1,0,NV,,237,592,0.494,"among values that exist, the most common flipped from 'CA' (15%) to 'TX' (26%); CAUTION: rows are dated by when the thing came into existence, so the early years show only what SURVIVED to be in today's register; appeared mid-series: 'NV' now 7%"
ENVIRONMENT.ENVIRONMENT__FED_EPA_SDWA_SDWA_PUB_WATER_SYSTEMS,EPA_REGION,happened,291116,10,51,1970,2026,0.493,0.493,False,False,False,0,0,02,0.534,05,0.319,True,2,0,01|07,,2528,6286,0.493,"among values that exist, the most common flipped from '02' (53%) to '05' (32%); appeared mid-series: '01' now 8%, '07' now 5%"
CORPORATE_REGISTRY.CORPORATE_REGISTRY__FED_ICIJ_OFFSHORELEAKS_RELATIONSHIPS,SOURCE_LEAK,span_start,703997,5,56,1957,2020,0.491,0.997,False,False,False,0,0.997,Panama Papers,0.355,Paradise Papers - Appleby,0.6,True,1,4,(blank),Panama Papers|Paradise Papers - Samoa corporate registry|Paradise Papers - Aruba corporate registry|Paradise Papers - Appleby,228,1597,0.491,"among values that exist, the most common flipped from 'Panama Papers' (36%) to 'Paradise Papers - Appleby' (60%); appeared mid-series: '(blank)' now 100%; vanished: 'Panama Papers' was 36%, 'Paradise Papers - Samoa corporate registry' was 29%, 'Paradise Papers - Aruba corporate registry' was 20%"
JUSTICE.JUSTICE__FED_FJC_IDB_BANKRUPTCY,DEBTOR1_FINAL_DISPOSITION,reported,6965441,22,48,1973,2026,0.489,0.381,False,False,False,0.996,0.615,D,0.5,A,0.788,True,1,0,A,,519,1925668,0.489,"among values that exist, the most common flipped from 'D' (50%) to 'A' (79%); appeared mid-series: 'A' now 30%"
JUSTICE.JUSTICE__FED_COURTLISTENER_JUDGE_EDUCATIONS,DEGREE_LEVEL,happened,7910,11,41,1951,2003,0.512,0.513,False,False,False,0.01,0,ba,0.641,jd,0.613,True,0,1,,llb,197,191,0.488,"among values that exist, the most common flipped from 'ba' (64%) to 'jd' (61%); thin at one end (197 rows early, 191 late) -- ranked down accordingly; vanished: 'llb' was 16%"
JUSTICE.JUSTICE__FED_FJC_IDB_CRIMINAL,TYPE_MAG,happened,6299908,2,68,1954,2026,0.486,0.486,False,False,False,0,0,-8,1.0,-8,0.514,False,1,0,MJ,,347,265874,0.486,appeared mid-series: 'MJ' now 49%
REFERENCE.REFERENCE__FED_USGS_GNIS_ALL_NAMES,SOURCE_REF_TYPE,reported,989023,5,141,1778,2023,0.485,0.485,False,False,False,0,0,Text,0.514,Text,0.921,False,1,1,Unknown,Map,331,1707,0.485,appeared mid-series: 'Unknown' now 5%; vanished: 'Map' was 49%
ENERGY.ENERGY__FED_EIA860_3_1_GENERATOR,SECTOR,happened,26854,8,91,1912,2024,0.524,0.524,False,False,True,0,0.0,1,0.634,2,0.76,True,0,0,,,183,2770,0.48,"among values that exist, the most common flipped from '1' (63%) to '2' (76%); CAUTION: rows are dated by when the thing came into existence, so the early years show only what SURVIVED to be in today's register; thin at one end (183 rows early, 2,770 late) -- ranked down accordingly"
ENERGY.ENERGY__FED_EIA860_3_1_GENERATOR,SECTOR_NAME,happened,26854,8,91,1912,2024,0.524,0.524,False,False,True,0,0.0,Electric Utility,0.634,IPP Non-CHP,0.76,True,0,0,,,183,2770,0.48,"among values that exist, the most common flipped from 'Electric Utility' (63%) to 'IPP Non-CHP' (76%); CAUTION: rows are dated by when the thing came into existence, so the early years show only what SURVIVED to be in today's register; thin at one end (183 rows early, 2,770 late) -- ranked down accordingly"
HEALTH.HEALTH__FED_CMS_RURAL_HEALTH_CLINIC_ENROLLMENTS,INCORPORATION_STATE,happened,3541,44,24,1995,2021,0.488,0.486,False,False,True,0.005,0.005,DE,0.103,KY,0.132,True,0,1,,DE,196,206,0.478,"among values that exist, the most common flipped from 'DE' (10%) to 'KY' (13%); CAUTION: rows are dated by when the thing came into existence, so the early years show only what SURVIVED to be in today's register; thin at one end (196 rows early, 206 late) -- ranked down accordingly; vanished: 'DE' was 10%"
FINANCE.FINANCE__FED_FEC_CANDIDATES,CAND_OFFICE,happened,33495,3,19,2004,2036,0.478,0.478,False,False,False,0,0,H,0.725,S,0.384,True,0,0,,,400,469,0.478,"among values that exist, the most common flipped from 'H' (72%) to 'S' (38%)"
ECONOMICS.ECONOMICS__INTL_FAO_FAOSTAT_FOOD_SECURITY,FLAG,happened,144366,4,26,2000,2025,0.478,0.478,False,False,False,0,0,X,0.746,E,0.708,True,0,0,,,14091,10336,0.478,"among values that exist, the most common flipped from 'X' (75%) to 'E' (71%)"
ENERGY.ENERGY__FED_EIA860_3_5_MULTIFUEL,COFIRE_ENERGY_SOURCE_2,happened,2893,16,16,1971,2011,0.573,0.38,False,False,True,0.455,0.343,DFO,0.586,LFG,0.55,True,1,0,LFG,,235,166,0.476,"among values that exist, the most common flipped from 'DFO' (59%) to 'LFG' (55%); CAUTION: rows are dated by when the thing came into existence, so the early years show only what SURVIVED to be in today's register; thin at one end (235 rows early, 166 late) -- ranked down accordingly; appeared mid-series: 'LFG' now 36%"
HOUSING.HOUSING__FED_HUD_MF_FIRM_COMMITMENTS,PROGRAM_SUBCATEGORY,decided,25557,47,27,2000,2026,0.474,0.474,False,False,False,0,0,223(a)(7) Refi of 221(d)(4) NC/SR,0.26,223(f) Refi/ Purchase Apts,0.491,True,1,1,542(c) HFA Risk Sharing - FFB NC/SR,223(a)(7) Refi of 221(d)(4) NC/SR,1716,1412,0.474,"among values that exist, the most common flipped from '223(a)(7) Refi of 221(d)(4) NC/SR' (26%) to '223(f) Refi/ Purchase Apts' (49%); appeared mid-series: '542(c) HFA Risk Sharing - FFB NC/SR' now 5%; vanished: '223(a)(7) Refi of 221(d)(4) NC/SR' was 26%"
ENERGY.ENERGY__FED_EIA860_3_5_MULTIFUEL,COFIRE_ENERGY_SOURCE_1,happened,2893,11,16,1971,2011,0.568,0.4,False,False,True,0.455,0.337,NG,0.633,DFO,0.555,True,1,0,LFG,,235,166,0.472,"among values that exist, the most common flipped from 'NG' (63%) to 'DFO' (55%); CAUTION: rows are dated by when the thing came into existence, so the early years show only what SURVIVED to be in today's register; thin at one end (235 rows early, 166 late) -- ranked down accordingly; appeared mid-series: 'LFG' now 14%"
REFERENCE.REFERENCE__FED_ITIS_JURISDICTION,JURISDICTION_VALUE,reported,161922,7,28,1999,2026,0.472,0.472,False,False,False,0,0,Continental US,0.751,Continental US,0.42,False,1,0,Mexico,,32990,7910,0.472,appeared mid-series: 'Mexico' now 36%
HEALTH.HEALTH__FED_CMS_HOSPICE,CMS_REGION,decided,6852,10,38,1984,2025,0.466,0.466,False,False,False,0,0,4,0.233,9,0.352,True,0,1,,2,202,805,0.466,"among values that exist, the most common flipped from '4' (23%) to '9' (35%); vanished: '2' was 9%"
ECONOMICS.ECONOMICS__FED_FDIC_FAILED_BANKS,RESOLUTION_TYPE,happened,3584,2,16,1982,2012,0.465,0.465,False,False,False,0,0,FAILURE,0.535,FAILURE,1.0,False,0,1,,ASSISTANCE,312,300,0.465,vanished: 'ASSISTANCE' was 46%
ECONOMICS.ECONOMICS__FED_FOREIGNASSISTANCE,TRANSACTION_TYPE,happened,95371,2,80,1946,2026,0.545,0.545,False,False,False,0,0,2,1.0,3,0.545,True,1,0,3,,170,6359,0.463,"among values that exist, the most common flipped from '2' (100%) to '3' (54%); thin at one end (170 rows early, 6,359 late) -- ranked down accordingly; appeared mid-series: '3' now 54%"
HEALTH.HEALTH__FED_HRSA_SHORTAGE_AREAS,RURAL_STATUS,reported,165531,6,46,1980,2026,0.456,0.484,False,True,False,0,0.084,Rural,0.594,Non-Rural,0.655,True,1,0,,,811,94968,0.456,"among values that exist, the most common flipped from 'Rural' (59%) to 'Non-Rural' (65%); CAUTION: a status column normally reads as of today, not as of the row's year; appeared mid-series: '' now 8%"
POLITICS.POLITICS__ST_NYC_CFB_CAMPAIGN_2013_CONTRIBUTION,PAYMENT_METHOD,happened,197886,6,10,2000,2013,0.453,0.453,False,False,False,0,0,2,0.878,2,0.444,False,1,0,4,,1965,178375,0.453,appeared mid-series: '4' now 35%
JUSTICE.JUSTICE__FED_CONSOLIDATED_SCREENING_LIST,SOURCE_LIST,span_start,5094,3,22,1999,2025,0.51,0.51,False,False,False,0,0,Denied Persons List (DPL) - Bureau of Industry and Security,0.716,Entity List (EL) - Bureau of Industry and Security,0.766,True,0,0,,,176,1487,0.449,"among values that exist, the most common flipped from 'Denied Persons List (DPL) - Bureau of Industry and Security' (72%) to 'Entity List (EL) - Bureau of Industry and Security' (77%); thin at one end (176 rows early, 1,487 late) -- ranked down accordingly"
IMMIGRATION.IMMIGRATION__FED_ICE_DETENTION_STINTS,MARITAL_STATUS,happened,2571974,6,82,1944,2025,0.449,0.452,False,True,False,0.006,0,Married,0.386,Single,0.553,True,0,1,,Married,334,695,0.449,"among values that exist, the most common flipped from 'Married' (39%) to 'Single' (55%); CAUTION: a status column normally reads as of today, not as of the row's year; vanished: 'Married' was 38%"
IMMIGRATION.IMMIGRATION__FED_ICE_DETAINERS,DETAINER_TYPE,happened,609729,3,63,1948,2010,0.445,0.445,False,False,False,0,0,I247A - Immigration Detainer - Immigration Detainer - Notice of Action,0.631,I247A - Immigration Detainer - Notice of Action (as of May 2025),0.654,True,0,0,,,271,816,0.445,"among values that exist, the most common flipped from 'I247A - Immigration Detainer - Immigration Detainer - Notice of Action' (63%) to 'I247A - Immigration Detainer - Notice of Action (as of May 2025)' (65%)"
HEALTH.HEALTH__FED_CMS_HOSPITAL_ENROLLMENTS,INCORPORATION_STATE,happened,6026,46,46,1945,2021,0.518,0.517,False,False,True,0.006,0.004,TX,0.09,DE,0.176,True,0,2,,WA|ND,168,263,0.435,"among values that exist, the most common flipped from 'TX' (9%) to 'DE' (18%); CAUTION: rows are dated by when the thing came into existence, so the early years show only what SURVIVED to be in today's register; thin at one end (168 rows early, 263 late) -- ranked down accordingly; vanished: 'WA' was 6%, 'ND' was 6%"
ENVIRONMENT.ENVIRONMENT__FED_EPA_AQS_SITES,STATE_NAME,span_start,20994,53,60,1957,2021,0.472,0.472,False,False,True,0,0,Pennsylvania,0.105,Oregon,0.147,True,3,0,Oregon|Maine|Wyoming,,275,184,0.434,"among values that exist, the most common flipped from 'Pennsylvania' (11%) to 'Oregon' (15%); CAUTION: rows are dated by when the thing came into existence, so the early years show only what SURVIVED to be in today's register; thin at one end (275 rows early, 184 late) -- ranked down accordingly; appeared mid-series: 'Oregon' now 15%, 'Maine' now 5%, 'Wyoming' now 5%"
ENVIRONMENT.ENVIRONMENT__FED_USGS_MINERALS,WORK_TYPE,happened,20525,6,130,1800,1986,0.434,0.349,False,False,False,0.505,0.834,Underground,0.594,Surface,0.541,True,0,2,,Surface/Underground|Unknown,214,223,0.434,"among values that exist, the most common flipped from 'Underground' (59%) to 'Surface' (54%); vanished: 'Surface/Underground' was 7%, 'Unknown' was 6%"
FINANCE.FINANCE__FED_FEC_CANDIDATES,CAND_OFFICE_ST,happened,33495,53,19,2004,2036,0.432,0.432,False,False,False,0,0,OH,0.085,US,0.369,True,0,1,,OH,400,469,0.432,"among values that exist, the most common flipped from 'OH' (8%) to 'US' (37%); vanished: 'OH' was 8%"
REVIEW.LEAD_QUEUE,RECEIPT_VERDICT,decided,1019,3,5,2022,2026,0.623,0.623,False,False,False,0,0,PAID_ON_OR_AFTER_EXCLUSION,0.623,PAYMENTS_PREDATE_EXCLUSION,0.551,True,1,1,NOT_EVALUATED,PAID_ON_OR_AFTER_EXCLUSION,138,432,0.43,"among values that exist, the most common flipped from 'PAID_ON_OR_AFTER_EXCLUSION' (62%) to 'PAYMENTS_PREDATE_EXCLUSION' (55%); thin at one end (138 rows early, 432 late) -- ranked down accordingly; appeared mid-series: 'NOT_EVALUATED' now 45%; vanished: 'PAID_ON_OR_AFTER_EXCLUSION' was 62%"
ENVIRONMENT.ENVIRONMENT__FED_NID_DAMS,PRIMARY_DAM_TYPE,happened,73709,9,134,1800,2023,0.522,0.471,False,False,False,0.096,0.097,Earth,0.458,Earth,0.973,False,0,2,,Gravity|Masonry,239,165,0.43,"thin at one end (239 rows early, 165 late) -- ranked down accordingly; vanished: 'Gravity' was 10%, 'Masonry' was 9%"
FINANCE.FINANCE__FED_EPA_ICIS_FEC_EPA_INFORMAL_ENFORCEMENT_ACTIONS,ENF_TYPE_DESC,decided,20011,3,26,2001,2026,0.428,0.428,False,False,False,0,0,Notice of Violation,0.699,Notice of Noncompliance Issued,0.505,True,1,0,Letter of Violation/ Warning Letter,,1954,1092,0.428,"among values that exist, the most common flipped from 'Notice of Violation' (70%) to 'Notice of Noncompliance Issued' (50%); appeared mid-series: 'Letter of Violation/ Warning Letter' now 22%"
HEALTH.HEALTH__FED_CMS_RURAL_HEALTH_CLINIC_ENROLLMENTS,STATE,happened,3541,42,24,1995,2021,0.435,0.435,False,False,True,0,0,KY,0.143,KY,0.136,False,0,0,,,196,206,0.426,"CAUTION: rows are dated by when the thing came into existence, so the early years show only what SURVIVED to be in today's register; thin at one end (196 rows early, 206 late) -- ranked down accordingly"
HEALTH.HEALTH__FED_CMS_RURAL_HEALTH_CLINIC_ENROLLMENTS,ENROLLMENT_STATE,happened,3541,42,24,1995,2021,0.435,0.435,False,False,True,0,0,KY,0.143,KY,0.136,False,0,0,,,196,206,0.426,"CAUTION: rows are dated by when the thing came into existence, so the early years show only what SURVIVED to be in today's register; thin at one end (196 rows early, 206 late) -- ranked down accordingly"
ENVIRONMENT.ENVIRONMENT__FED_EPA_SDWA_SDWA_FACILITIES,IS_SOURCE_TREATED_IND,happened,570319,4,73,1901,2026,0.425,0.367,False,False,False,0.44,0.756,N,0.832,Y,0.592,True,0,0,,,5852,14588,0.425,"among values that exist, the most common flipped from 'N' (83%) to 'Y' (59%)"
HEALTH.HEALTH__FED_FDA_DEVICE_PMA,SUPPLEMENT_REASON,reported,56853,7,48,1979,2026,0.424,0.984,True,False,False,0.996,0.012,Labeling Change - Indications/instructions/shelf life/tradename,0.5,Process Change - Manufacturer/Sterilizer/Packager/Supplier,0.722,True,3,0,Process Change - Manufacturer/Sterilizer/Packager/Supplier|Change Design/Components/Specifications/Material|Labeling Change - Indications/instructions/shelf life/tradename,,521,5409,0.424,"the field was blank in 100% of the early records -- it was added later, so the headline flip is the column arriving; among values that exist, the most common flipped from 'Labeling Change - Indications/instructions/shelf life/tradename' (50%) to 'Process Change - Manufacturer/Sterilizer/Packager/Supplier' (72%); appeared mid-series: 'Process Change - Manufacturer/Sterilizer/Packager/Supplier' now 71%, 'Change Design/Components/Specifications/Material' now 13%, 'Labeling Change - Indications/instructions/shelf life/tradename' now 8%"
JUSTICE.JUSTICE__RACIAL_JAIL_DISPARITY,STATE_ABBR,happened,128507,45,57,1970,2026,0.415,0.415,False,False,False,0,0,GA,0.134,TX,0.239,True,0,0,,,3558,3187,0.415,"among values that exist, the most common flipped from 'GA' (13%) to 'TX' (24%)"
JUSTICE.JUSTICE__RACIAL_JAIL_DISPARITY,STATE_FIPS,happened,128507,45,57,1970,2026,0.415,0.415,False,False,False,0,0,13,0.134,48,0.239,True,0,0,,,3558,3187,0.415,"among values that exist, the most common flipped from '13' (13%) to '48' (24%)"
JUSTICE.JUSTICE__XC_VERA_INCARCERATION_TRENDS,STATE_ABBR,happened,128507,45,57,1970,2026,0.415,0.415,False,False,False,0,0,GA,0.134,TX,0.239,True,0,0,,,3558,3187,0.415,"among values that exist, the most common flipped from 'GA' (13%) to 'TX' (24%)"
JUSTICE.JUSTICE__XC_VERA_INCARCERATION_TRENDS,STATE_FIPS,happened,128507,45,57,1970,2026,0.415,0.415,False,False,False,0,0,13,0.134,48,0.239,True,0,0,,,3558,3187,0.415,"among values that exist, the most common flipped from '13' (13%) to '48' (24%)"
ENVIRONMENT.ENVIRONMENT__FED_EPA_RCRA_VIOSNC_HISTORY,SNC_FLAG,happened,2675581,2,46,1981,2026,0.415,0.415,False,False,False,0,0,N,0.999,N,0.583,False,1,0,Y,,12179,85056,0.415,appeared mid-series: 'Y' now 42%
HOUSING.HOUSING__FED_HUD_MF_FIRM_COMMITMENTS,PROGRAM_CATEGORY,decided,25557,7,27,2000,2026,0.414,0.414,False,False,False,0,0,223(a)(7) Refi Apts,0.408,223(f) Refi/Purchase Apts,0.491,True,0,1,,223(a)(7) Refi Apts,1716,1412,0.414,"among values that exist, the most common flipped from '223(a)(7) Refi Apts' (41%) to '223(f) Refi/Purchase Apts' (49%); vanished: '223(a)(7) Refi Apts' was 41%"
HEALTH.HEALTH__FED_CMS_HOSPITAL_ENROLLMENTS,ORGANIZATION_TYPE_STRUCTURE,happened,6026,3,46,1945,2021,0.49,0.49,False,False,True,0,0,CORPORATION,0.875,LLC,0.49,True,1,0,LLC,,168,263,0.412,"among values that exist, the most common flipped from 'CORPORATION' (88%) to 'LLC' (49%); CAUTION: rows are dated by when the thing came into existence, so the early years show only what SURVIVED to be in today's register; thin at one end (168 rows early, 263 late) -- ranked down accordingly; appeared mid-series: 'LLC' now 49%"
TRANSPORT.TRANSPORT__FED_FAA_REGISTRY,TYPE_REGISTRANT,happened,246006,8,99,1928,2026,0.402,0.402,False,False,False,0,0,1,0.529,7,0.421,True,0,0,,,510,8667,0.402,"among values that exist, the most common flipped from '1' (53%) to '7' (42%)"
ENVIRONMENT.ENVIRONMENT__FED_EPA_ECHO,EPA_REGION,happened,565447,11,46,1981,2026,0.401,0.404,False,False,False,0.018,0.043,02,0.209,04,0.284,True,0,0,,,564,128529,0.401,"among values that exist, the most common flipped from '02' (21%) to '04' (28%)"
TRANSPORT.TRANSPORT__FED_FAA_AIRCRAFT_REGISTRY,TYPE_REGISTRANT,happened,245900,8,99,1928,2026,0.399,0.399,False,False,False,0,0,1,0.528,7,0.434,True,0,0,,,509,8724,0.399,"among values that exist, the most common flipped from '1' (53%) to '7' (43%)"
HEALTH.HEALTH__FED_HRSA_SHORTAGE_AREAS,HPSA_DISCIPLINE_CLASS,reported,165531,3,46,1980,2026,0.396,0.396,False,False,False,0,0,Primary Care,0.814,Primary Care,0.418,False,1,0,Mental Health,,811,94968,0.396,appeared mid-series: 'Mental Health' now 29%
TRANSPORT.TRANSPORT__FED_FAA_AIRCRAFT_REGISTRY,STATE,happened,245900,57,99,1928,2026,0.396,0.406,False,False,False,0.004,0.037,CA,0.142,TX,0.1,True,1,0,UT,,509,8724,0.396,"among values that exist, the most common flipped from 'CA' (14%) to 'TX' (10%); appeared mid-series: 'UT' now 6%"
TRANSPORT.TRANSPORT__FED_FAA_REGISTRY,STATE,happened,246006,57,99,1928,2026,0.394,0.403,False,False,False,0.004,0.036,CA,0.142,TX,0.099,True,1,0,UT,,510,8667,0.394,"among values that exist, the most common flipped from 'CA' (14%) to 'TX' (10%); appeared mid-series: 'UT' now 7%"
IMMIGRATION.IMMIGRATION__FED_CMS_HOSPICE_ENROLLMENTS,ORGANIZATION_TYPE_STRUCTURE,happened,4818,4,23,1994,2023,0.393,0.393,False,False,True,0,0,CORPORATION,0.629,LLC,0.709,True,0,0,,,237,592,0.393,"among values that exist, the most common flipped from 'CORPORATION' (63%) to 'LLC' (71%); CAUTION: rows are dated by when the thing came into existence, so the early years show only what SURVIVED to be in today's register"
IMMIGRATION.IMMIGRATION__FED_ICE_DETAINERS,CASE_STATUS,happened,609729,10,63,1948,2010,0.389,0.209,False,True,False,0.472,0.518,ACTIVE,0.517,ACTIVE,0.868,False,0,1,,6-Deported/Removed - Deportability,271,816,0.389,"CAUTION: a status column normally reads as of today, not as of the row's year; vanished: '6-Deported/Removed - Deportability' was 11%"
TRANSPORT.TRANSPORT__FED_NTSB_AVIATION_AIRCRAFT,ELT_TYPE,happened,20662,6,20,2007,2026,0.388,0.388,False,False,False,0,0,UNK,0.453,None,0.376,True,0,0,,,2966,1863,0.388,"among values that exist, the most common flipped from 'UNK' (45%) to 'None' (38%)"
ENERGY.ENERGY__FED_EIA860_3_5_MULTIFUEL,COFIRE_ENERGY_SOURCE_3,happened,2893,7,16,1971,2011,0.467,0.039,False,False,True,0.936,0.964,NG,0.467,WDS,0.667,True,0,0,,,235,166,0.387,"among values that exist, the most common flipped from 'NG' (47%) to 'WDS' (67%); CAUTION: rows are dated by when the thing came into existence, so the early years show only what SURVIVED to be in today's register; thin at one end (235 rows early, 166 late) -- ranked down accordingly"
HEALTH.HEALTH__FED_HHS_OIG_LEIE,STATE,decided,83369,54,44,1983,2026,0.386,0.386,False,False,False,0,0,CA,0.175,FL,0.116,True,0,0,,,479,7058,0.386,"among values that exist, the most common flipped from 'CA' (18%) to 'FL' (12%)"
TRANSPORT.TRANSPORT__FED_FRA_EQUIPMENT_ACCIDENTS,ACCIDENT_TYPE,happened,224940,13,52,1975,2026,0.384,0.384,False,False,False,0,0,Derailment,0.71,Derailment,0.485,False,1,0,Other (describe in narrative),,34623,5748,0.384,appeared mid-series: 'Other (describe in narrative)' now 7%
HEALTH.HEALTH__FED_CDC_DATA_PORTAL,RESOURCE_TYPE,happened,1471,7,11,2014,2025,0.383,0.383,False,False,True,0,0,dataset,0.797,dataset,0.518,False,0,0,,,256,535,0.383,"CAUTION: rows are dated by when the thing came into existence, so the early years show only what SURVIVED to be in today's register"
SCIENCE_RESEARCH.SCIENCE_RESEARCH__FED_SBIR_STTR_AWARDS,BRANCH,happened,219503,30,44,1983,2026,0.383,0.431,False,False,False,0.624,0.218,Air Force,0.422,Air Force,0.296,False,1,0,National Institutes of Health,,3892,11788,0.383,appeared mid-series: 'National Institutes of Health' now 19%
HOUSING.HOUSING__FED_FHFA_HPI,LEVEL,happened,184807,4,52,1975,2026,0.381,0.381,False,False,False,0,0,State,0.502,MSA,0.78,True,0,0,,,1220,10782,0.381,"among values that exist, the most common flipped from 'State' (50%) to 'MSA' (78%)"
HEALTH.HEALTH__FED_CMS_OPIOID_TREATMENT_PROGRAM_PROVIDERS,STATE,span_start,1558,50,6,2020,2025,0.376,0.376,False,False,False,0,0,CA,0.1,CO,0.086,True,0,0,,,1291,221,0.376,"among values that exist, the most common flipped from 'CA' (10%) to 'CO' (9%)"
HEALTH.HEALTH__FED_CMS_HOSPITAL_ENROLLMENTS,STATE,happened,6026,45,46,1945,2021,0.447,0.447,False,False,True,0,0,TX,0.089,TX,0.095,False,2,1,FL|OK,WA,168,263,0.375,"CAUTION: rows are dated by when the thing came into existence, so the early years show only what SURVIVED to be in today's register; thin at one end (168 rows early, 263 late) -- ranked down accordingly; appeared mid-series: 'FL' now 8%, 'OK' now 5%; vanished: 'WA' was 6%"
HEALTH.HEALTH__FED_CMS_HOSPITAL_ENROLLMENTS,ENROLLMENT_STATE,happened,6026,45,46,1945,2021,0.446,0.446,False,False,True,0,0,TX,0.089,TX,0.095,False,2,0,FL|OK,,168,263,0.375,"CAUTION: rows are dated by when the thing came into existence, so the early years show only what SURVIVED to be in today's register; thin at one end (168 rows early, 263 late) -- ranked down accordingly; appeared mid-series: 'FL' now 8%, 'OK' now 5%"
HEALTH.HEALTH__FED_CMS_POS_OTHER,STATE_CD,happened,4757,46,32,1993,2025,0.375,0.375,False,False,False,0,0,TX,0.214,CA,0.14,True,0,0,,,313,271,0.375,"among values that exist, the most common flipped from 'TX' (21%) to 'CA' (14%)"
HEALTH.HEALTH__FED_CMS_POS_OTHER,SSA_STATE_CD,happened,4757,46,32,1993,2025,0.375,0.375,False,False,False,0,0,45,0.214,05,0.14,True,0,0,,,313,271,0.375,"among values that exist, the most common flipped from '45' (21%) to '05' (14%)"
HEALTH.HEALTH__FED_CMS_POS_OTHER,FIPS_STATE_CD,happened,4757,46,32,1993,2025,0.375,0.375,False,False,False,0,0,48,0.214,06,0.14,True,0,0,,,313,271,0.375,"among values that exist, the most common flipped from '48' (21%) to '06' (14%)"
JUSTICE.JUSTICE__FED_COURTLISTENER_JUDGES,DOB_STATE,happened,7361,42,65,1887,1968,0.427,0.299,False,False,False,0.644,0.47,TX,0.081,NY,0.165,True,0,0,,,174,183,0.372,"among values that exist, the most common flipped from 'TX' (8%) to 'NY' (16%); thin at one end (174 rows early, 183 late) -- ranked down accordingly"
ECONOMICS.ECONOMICS__FED_USASPENDING_CONTRACTS_FULL,IDV_TYPE,happened,20000000,6,20,2007,2026,0.372,0.033,False,False,False,0.968,0.936,IDC,0.689,FSS,0.504,True,0,0,,,3000000,3000000,0.372,"among values that exist, the most common flipped from 'IDC' (69%) to 'FSS' (50%)"
ENVIRONMENT.ENVIRONMENT__FED_EPA_NPDES_NPDES_INSPECTIONS,COMP_MONITOR_TYPE_DESC,span_start,983896,21,52,1975,2026,0.371,0.371,False,False,False,0,0,Evaluation,0.72,Evaluation,0.603,False,2,0,Reconnaissance without Sampling|Audit,,485,157461,0.371,"appeared mid-series: 'Reconnaissance without Sampling' now 25%, 'Audit' now 6%"
JUSTICE.JUSTICE__INTL_UCDP_GED,REGION,happened,385918,5,36,1989,2024,0.368,0.368,False,False,False,0,0,Africa,0.36,Europe,0.38,True,0,0,,,8696,76076,0.368,"among values that exist, the most common flipped from 'Africa' (36%) to 'Europe' (38%)"
ECONOMICS.ECONOMICS__FED_SBA_LOANS,BUSINESS_TYPE,happened,1869773,4,37,1990,2026,0.367,0.382,False,False,False,0.025,0.001,CORPORATION,0.582,CORPORATION,0.949,False,0,0,,,36923,133160,0.367,
ENERGY.ENERGY__FED_EIA860_3_5_MULTIFUEL,ENERGY_SOURCE_1,happened,2893,12,16,1971,2011,0.438,0.438,False,False,True,0,0,NG,0.668,NG,0.398,False,1,0,LFG,,235,166,0.364,"CAUTION: rows are dated by when the thing came into existence, so the early years show only what SURVIVED to be in today's register; thin at one end (235 rows early, 166 late) -- ranked down accordingly; appeared mid-series: 'LFG' now 39%"
HEALTH.HEALTH__FED_CMS_HOME_HEALTH_AGENCY_ENROLLMENTS,ORGANIZATION_TYPE_STRUCTURE,happened,9211,4,36,1975,2023,0.363,0.363,False,False,True,0,0,CORPORATION,0.945,CORPORATION,0.59,False,0,0,,,273,966,0.363,"CAUTION: rows are dated by when the thing came into existence, so the early years show only what SURVIVED to be in today's register"
FINANCE.FINANCE__INTL_ISO_MIC_REGISTRY,STATUS,reported,2864,2,22,2003,2026,0.358,0.358,False,True,False,0,0,ACTIVE,0.634,ACTIVE,0.992,False,0,0,,,475,240,0.358,"CAUTION: a status column normally reads as of today, not as of the row's year"
FINANCE.FINANCE__FED_FHFA_FHLB_MEMBERSHIP,CHAR_TYPE,decided,5809,4,35,1991,2025,0.355,0.511,False,False,False,0.008,0.273,State,0.799,State,0.506,False,0,0,,,661,326,0.355,
ENVIRONMENT.ENVIRONMENT__FED_NOAA_STORM_EVENTS,MAGNITUDE_TYPE,happened,1780730,6,30,1996,2025,0.355,0.394,False,False,False,1.0,0.606,EG,0.973,EG,0.645,False,2,0,EG|MG,,141498,217754,0.355,"appeared mid-series: 'EG' now 25%, 'MG' now 14%"
JUSTICE.JUSTICE__FED_COURTLISTENER_JUDGES,GENDER,happened,7361,3,65,1887,1968,0.407,0.409,False,False,False,0.086,0,m,0.981,m,0.574,False,0,1,,(blank),174,183,0.354,"thin at one end (174 rows early, 183 late) -- ranked down accordingly; vanished: '(blank)' was 9%"
TRANSPORT.TRANSPORT__FED_FAA_REGISTRY,TYPE_AIRCRAFT,happened,246006,10,99,1928,2026,0.354,0.354,False,False,False,0,0,4,0.988,4,0.635,False,1,0,6,,510,8667,0.354,appeared mid-series: '6' now 8%
TRANSPORT.TRANSPORT__FED_FAA_AIRCRAFT_REGISTRY,TYPE_AIRCRAFT,happened,245900,10,99,1928,2026,0.353,0.353,False,False,False,0,0,4,0.988,4,0.635,False,1,0,6,,509,8724,0.353,appeared mid-series: '6' now 8%
HEALTH.HEALTH__FED_CMS_DIALYSIS,PPPW_CATEGORY_TEXT,decided,7557,4,46,1976,2025,0.35,0.35,False,False,False,0,0,As Expected,0.903,As Expected,0.585,False,0,0,,,288,229,0.35,
ECONOMICS.ECONOMICS__FED_USASPENDING_ASSISTANCE_FULL,RECORD_TYPE_DESCRIPTION,happened,19902879,4,21,2006,2026,0.35,1.0,True,False,False,1.0,0,NON-AGGREGATE RECORD,0.952,NON-AGGREGATE RECORD,0.602,False,3,1,NON-AGGREGATE RECORD|NON-AGGREGATE RECORD TO AN INDIVIDUAL RECIPIENT (PII-REDACTED)|AGGREGATE RECORD,,2000000,3000000,0.35,"the field was blank in 100% of the early records -- it was added later, so the headline flip is the column arriving; appeared mid-series: 'NON-AGGREGATE RECORD' now 60%, 'NON-AGGREGATE RECORD TO AN INDIVIDUAL RECIPIENT (PII-REDACTED)' now 22%, 'AGGREGATE RECORD' now 18%; vanished: '' was 100%"
FINANCE.FINANCE__FED_FHFA_FHLB_MEMBERSHIP,STATE,decided,5809,53,35,1991,2025,0.347,0.347,False,False,False,0,0,KY,0.077,TX,0.095,True,0,1,,KY,661,326,0.347,"among values that exist, the most common flipped from 'KY' (8%) to 'TX' (10%); vanished: 'KY' was 8%"
POLITICS.POLITICS__MEMBER_CROSSWALK,GENDER,span_start,12794,2,112,1789,2025,0.345,0.345,False,False,False,0,0,M,1.0,M,0.655,False,1,0,F,,213,226,0.345,appeared mid-series: 'F' now 35%
ENVIRONMENT.ENVIRONMENT__FED_EPA_ICIS_AIR_ICIS_AIR_INFORMAL_ACTIONS,STATE_EPA_FLAG,decided,175499,3,53,1974,2026,0.345,0.345,False,False,False,0,0,E,0.455,S,0.718,True,0,0,,,479,12983,0.345,"among values that exist, the most common flipped from 'E' (46%) to 'S' (72%)"
ECONOMICS.ECONOMICS__FED_SBA_LOANS,CDC_STATE,happened,1869773,50,37,1990,2026,0.343,0.039,False,False,False,0.941,0.915,CA,0.114,CA,0.248,False,0,0,,,36923,133160,0.343,
TRANSPORT.TRANSPORT__FED_NTSB_AVIATION_AIRCRAFT,DPRT_STATE,happened,20662,56,20,2007,2026,0.341,0.341,False,False,False,0,0,CA,0.104,None,0.342,True,0,0,,,2966,1863,0.341,"among values that exist, the most common flipped from 'CA' (10%) to 'None' (34%)"
ENVIRONMENT.ENVIRONMENT__FED_NID_DAMS,NID_HEIGHT_CATEGORY,happened,73709,3,134,1800,2023,0.409,0.409,False,False,False,0,0,Less than 25 feet,0.845,25-50 feet,0.539,True,0,0,,,239,165,0.337,"among values that exist, the most common flipped from 'Less than 25 feet' (85%) to '25-50 feet' (54%); thin at one end (239 rows early, 165 late) -- ranked down accordingly"
HEALTH.HEALTH__FED_CMS_DIALYSIS,FISTULA_CATEGORY_TEXT,decided,7557,4,46,1976,2025,0.336,0.336,False,False,False,0,0,As Expected,0.819,As Expected,0.498,False,0,0,,,288,229,0.336,
JUSTICE.JUSTICE__FED_FJC_IDB_APPELLATE,APPEAL_TYPE,happened,146064,17,21,2006,2026,0.329,0.329,False,False,False,0,0,4,0.452,4,0.499,False,1,2,19,17|15,15639,12211,0.329,"appeared mid-series: '19' now 23%; vanished: '17' was 19%, '15' was 6%"
JUSTICE.JUSTICE__FED_FJC_IDB_APPELLATE,TERMINATION_TYPE,happened,146064,17,21,2006,2026,0.329,0.329,False,False,False,0,0,4,0.452,4,0.499,False,1,2,19,17|15,15639,12211,0.329,"appeared mid-series: '19' now 23%; vanished: '17' was 19%, '15' was 6%"
POLITICS.POLITICS__ST_NYC_CFB_CAMPAIGN_2009_CONTRIBUTION,PAYMENT_METHOD,happened,145943,6,7,2003,2009,0.327,0.327,False,False,False,0,0,2,0.913,2,0.586,False,0,0,,,1933,137138,0.327,
HEALTH.HEALTH__FED_HRSA_HPSA_PRIMARY_CARE,RURAL_STATUS,reported,79158,6,45,1980,2026,0.322,0.379,False,True,False,0,0.175,Rural,0.484,Non-Rural,0.656,True,1,0,(blank),,1136,39754,0.322,"among values that exist, the most common flipped from 'Rural' (48%) to 'Non-Rural' (66%); CAUTION: a status column normally reads as of today, not as of the row's year; appeared mid-series: '(blank)' now 17%"
ECONOMICS.ECONOMICS__FED_USASPENDING_CONTRACTS_FULL,PARENT_AWARD_TYPE,happened,20000000,9,20,2007,2026,0.32,0.645,False,False,False,0.843,0.232,IDC,0.614,IDC,0.733,False,1,0,BPA,,3000000,3000000,0.32,appeared mid-series: 'BPA' now 17%
TRANSPORT.TRANSPORT__FED_FRA_RAIL_DEATHS_BY_RAILROAD,TYPE_OF_PERSON,happened,5152,8,51,1975,2025,0.316,0.316,False,False,False,0,0,Nontrespassers–On Railroad Property,0.388,Trespassers,0.615,True,0,0,,,449,247,0.316,"among values that exist, the most common flipped from 'Nontrespassers–On Railroad Property' (39%) to 'Trespassers' (62%)"
ECONOMICS.ECONOMICS__FED_DOL_FORM5500,SPONS_DFE_MAIL_US_STATE,happened,33066,54,56,1969,2025,0.315,0.317,False,False,False,0,0.005,PA,0.116,TX,0.12,True,0,0,,,216,4724,0.315,"among values that exist, the most common flipped from 'PA' (12%) to 'TX' (12%)"
ENVIRONMENT.ENVIRONMENT__FED_EPA_ICIS_AIR_ICIS_AIR_TITLEV_CERTS,FACILITY_RPT_DEVIATION_FLAG,reported,493105,3,28,1999,2026,0.314,0.489,False,False,False,0.727,0.238,N,0.969,N,0.654,False,0,0,,,4548,35313,0.314,
ENVIRONMENT.ENVIRONMENT__FED_EPA_RCRA_VIOSNC_HISTORY,VIO_FLAG,happened,2675581,2,46,1981,2026,0.313,0.313,False,False,False,0,0,Y,1.0,Y,0.687,False,1,0,N,,12179,85056,0.313,appeared mid-series: 'N' now 31%
ECONOMICS.ECONOMICS__FED_USASPENDING_CONTRACTS_FULL,TYPE_OF_CONTRACT_PRICING,happened,20000000,28,20,2007,2026,0.313,0.319,False,False,False,0.009,0.0,FIRM FIXED PRICE,0.562,FIRM FIXED PRICE,0.662,False,0,2,,FIXED PRICE|NOT REPORTED,3000000,3000000,0.313,"vanished: 'FIXED PRICE' was 19%, 'NOT REPORTED' was 6%"
FINANCE.FINANCE__FED_NCUA_CALL_REPORTS_FOICU,STATE,happened,4306,49,32,1934,1971,0.373,0.373,False,False,True,0,0,TX,0.073,NY,0.12,True,0,0,,,507,167,0.311,"among values that exist, the most common flipped from 'TX' (7%) to 'NY' (12%); CAUTION: rows are dated by when the thing came into existence, so the early years show only what SURVIVED to be in today's register; thin at one end (507 rows early, 167 late) -- ranked down accordingly"
REVIEW.LEAD_QUEUE,ENTITY_B_SOURCE,decided,1019,3,5,2022,2026,0.449,0.449,False,False,False,0,0,LIBRARY_STAGING.DBT_CROGERS.INT_OPEN_PAYMENTS_ALL_YEARS,1.0,LIBRARY_STAGING.DBT_CROGERS.INT_OPEN_PAYMENTS_ALL_YEARS,0.551,False,1,0,LIBRARY_RAW.LANDING.FED_CMS_PART_D_PRESCRIBERS,,138,432,0.31,"thin at one end (138 rows early, 432 late) -- ranked down accordingly; appeared mid-series: 'LIBRARY_RAW.LANDING.FED_CMS_PART_D_PRESCRIBERS' now 43%"
HEALTH.HEALTH__FED_NURSINGHOME411,CHAIN_AVERAGE_QM_RATING,decided,14713,36,55,1967,2021,0.307,0.218,False,False,False,0.357,0.329,4.1,0.129,4.2,0.103,True,0,0,,,1024,216,0.307,"among values that exist, the most common flipped from '4.1' (13%) to '4.2' (10%)"
ENVIRONMENT.ENVIRONMENT__FED_USCG_NRC_INCIDENTS,RESPONSIBLE_ORG_TYPE,reported,1029020,15,37,1990,2026,0.303,0.305,False,False,False,0,0.003,PRIVATE ENTERPRISE,0.684,PRIVATE ENTERPRISE,0.435,False,0,0,,,79869,57399,0.303,
ENERGY.ENERGY__FED_EIA860_3_5_MULTIFUEL,SECTOR,happened,2893,7,16,1971,2011,0.363,0.363,False,False,True,0,0,1,0.574,2,0.59,True,0,0,,,235,166,0.302,"among values that exist, the most common flipped from '1' (57%) to '2' (59%); CAUTION: rows are dated by when the thing came into existence, so the early years show only what SURVIVED to be in today's register; thin at one end (235 rows early, 166 late) -- ranked down accordingly"
ENERGY.ENERGY__FED_EIA860_3_5_MULTIFUEL,SECTOR_NAME,happened,2893,7,16,1971,2011,0.363,0.363,False,False,True,0,0,Electric Utility,0.574,IPP Non-CHP,0.59,True,0,0,,,235,166,0.302,"among values that exist, the most common flipped from 'Electric Utility' (57%) to 'IPP Non-CHP' (59%); CAUTION: rows are dated by when the thing came into existence, so the early years show only what SURVIVED to be in today's register; thin at one end (235 rows early, 166 late) -- ranked down accordingly"
HEALTH.HEALTH__FED_FDA_PURPLE_BOOK,LICENSE_TYPE,decided,2213,3,16,1930,2025,0.3,0.3,False,False,False,0,0,351(a),1.0,351(a),0.7,False,2,0,351(k) Interchangeable|351(k) Biosimilar,,233,453,0.3,"appeared mid-series: '351(k) Interchangeable' now 22%, '351(k) Biosimilar' now 8%"
ENVIRONMENT.ENVIRONMENT__FED_EPA_ICIS_AIR_ICIS_AIR_STACK_TESTS,STATE_EPA_FLAG,happened,620291,3,51,1976,2026,0.3,0.3,False,False,False,0,0,S,0.776,S,0.608,False,0,1,,E,450,67636,0.3,vanished: 'E' was 14%
POLITICS.POLITICS__FEC_CANDIDATE,OFFICE_STATE,happened,17891,57,13,2010,2028,0.299,0.299,False,False,False,0,0,CA,0.081,US,0.102,True,0,0,,,283,5107,0.299,"among values that exist, the most common flipped from 'CA' (8%) to 'US' (10%)"
ENERGY.ENERGY__FED_EIA860_3_2_WIND,STATE,happened,1563,34,14,2007,2021,0.298,0.298,False,False,True,0,0,TX,0.189,TX,0.184,False,0,0,,,280,228,0.298,"CAUTION: rows are dated by when the thing came into existence, so the early years show only what SURVIVED to be in today's register"
FINANCE.FINANCE__FED_EPA_ICIS_FEC_ICIS_FEC_EPA_INSPECTIONS,ACTIVITY_TYPE_DESC,span_start,260480,4,30,1997,2026,0.295,0.295,False,False,False,0,0,Inspection/Evaluation,0.949,Inspection/Evaluation,0.654,False,0,0,,,3012,26597,0.295,
HEALTH.HEALTH__FED_FDA_PURPLE_BOOK,MARKETING_STATUS,decided,2213,2,16,1930,2025,0.293,0.293,False,True,False,0,0,Rx,0.678,Rx,0.971,False,0,0,,,233,453,0.293,"CAUTION: a status column normally reads as of today, not as of the row's year"
PROCUREMENT.PROCUREMENT__FED_SAM_EXCLUSIONS,EXCLUSION_TYPE,span_start,156912,5,39,1988,2026,0.293,0.293,False,False,False,0,0,Prohibition/Restriction,0.949,Prohibition/Restriction,0.656,False,0,0,,,1435,19459,0.293,
IMMIGRATION.IMMIGRATION__FED_ICE_DETAINERS,ARREST_TIME_CURRENT_PROGRAM,happened,609729,11,63,1948,2010,0.293,0.088,False,True,False,0.827,0.879,ERO Criminal Alien Program,0.872,ERO Criminal Alien Program,0.646,False,0,0,,,271,816,0.293,"CAUTION: a status column normally reads as of today, not as of the row's year"
POLITICS.POLITICS__FED_FJC_SERVICE,ABA_RATING,decided,4731,6,27,1961,2024,0.313,0.717,True,False,False,0.698,0,Well Qualified,0.532,Well Qualified,0.834,False,0,1,,,205,187,0.292,"the field was blank in 70% of the early records -- it was added later, so the headline flip is the column arriving; thin at one end (205 rows early, 187 late) -- ranked down accordingly; vanished: '' was 70%"
FINANCE.FINANCE__FED_NCUA_CALL_REPORTS_FOICU,PEER_GROUP,happened,4306,6,32,1934,1971,0.348,0.348,False,False,True,0,0,5,0.302,3,0.359,True,0,0,,,507,167,0.291,"among values that exist, the most common flipped from '5' (30%) to '3' (36%); CAUTION: rows are dated by when the thing came into existence, so the early years show only what SURVIVED to be in today's register; thin at one end (507 rows early, 167 late) -- ranked down accordingly"
CORPORATE_REGISTRY.CORPORATE_REGISTRY__FED_ICIJ_OFFSHORELEAKS_RELATIONSHIPS,STATUS,span_start,703997,3,56,1957,2020,0.288,0.095,False,True,False,0.904,0.998,Resigned,0.955,Resigned,0.667,False,0,1,,Resigned,228,1597,0.288,"CAUTION: a status column normally reads as of today, not as of the row's year; vanished: 'Resigned' was 9%"
TRANSPORT.TRANSPORT__FED_FRA_EQUIPMENT_ACCIDENTS,JOINT_TRACK_CLASS,happened,224940,13,52,1975,2026,0.287,0.287,False,False,False,0,0.0,1,0.437,1,0.606,False,0,1,,0,34623,5748,0.287,vanished: '0' was 10%
JUSTICE.JUSTICE__STATE_MO_SEX_OFFENDER_REGISTRY,TIER,happened,28185,3,63,1941,2003,0.335,0.335,False,False,False,0,0,3,0.819,3,0.484,False,0,0,,,171,248,0.286,"thin at one end (171 rows early, 248 late) -- ranked down accordingly"
ENVIRONMENT.ENVIRONMENT__FED_EPA_SDWA_SDWA_FACILITIES,IS_SOURCE_IND,happened,570319,2,73,1901,2026,0.284,0.284,False,False,False,0,0,Y,0.644,N,0.64,True,0,0,,,5852,14588,0.284,"among values that exist, the most common flipped from 'Y' (64%) to 'N' (64%)"
ENVIRONMENT.ENVIRONMENT__FED_EPA_SUPERFUND_SITE_BOUNDARIES,EPA_PROGRAM,reported,1859,5,8,2007,2023,0.283,0.282,False,False,False,0.002,0.001,Superfund Remedial,0.998,Superfund Remedial,0.716,False,1,0,Superfund,,452,854,0.283,appeared mid-series: 'Superfund' now 28%
HEALTH.HEALTH__FED_HRSA_SHORTAGE_AREAS,PROVIDER_TYPE,reported,165531,5,46,1980,2026,0.283,0.391,False,False,False,0.001,0.152,Not Applicable,1.0,Not Applicable,0.717,False,2,0,Psychiatrist|,,811,94968,0.283,"appeared mid-series: 'Psychiatrist' now 23%, '' now 15%"
POLITICS.POLITICS__FED_FJC_JUDGES,SENATE_VOTE_TYPE_1,happened,4065,2,11,1920,1954,0.355,0.355,False,False,False,0,0,Voice,0.943,Voice,0.588,False,0,0,,,158,177,0.281,"thin at one end (158 rows early, 177 late) -- ranked down accordingly"
ENVIRONMENT.ENVIRONMENT__FED_EPA_SDWA_SDWA_VIOLATIONS_ENFORCEMENT,PUBLIC_NOTIFICATION_TIER,happened,4164749,3,60,1902,2026,0.28,0.28,False,False,False,0,0,3,0.601,3,0.881,False,0,0,,,924,404391,0.28,
ENVIRONMENT.ENVIRONMENT__FED_EPA_SDWA_SDWA_VIOLATIONS_ENFORCEMENT,CALCULATED_PUB_NOTIF_TIER,happened,4164749,3,60,1902,2026,0.28,0.28,False,False,False,0,0,3,0.601,3,0.881,False,0,0,,,924,404391,0.28,
TRANSPORT.TRANSPORT__FED_FRA_CROSSING_INCIDENTS,TRACK_CLASS,happened,251139,10,52,1975,2026,0.276,0.287,False,False,False,0.043,0.0,3,0.286,4,0.458,True,0,0,,,38718,5386,0.276,"among values that exist, the most common flipped from '3' (29%) to '4' (46%)"
TRANSPORT.TRANSPORT__FED_FRA_CROSSING_INCIDENTS,HIGHWAY_USER_ACTION,happened,251139,9,52,1975,2026,0.276,0.278,False,False,False,0.008,0.001,Did not stop,0.595,Did not stop,0.343,False,1,0,Went thru the gate,,38718,5386,0.276,appeared mid-series: 'Went thru the gate' now 5%
FINANCE.FINANCE__FED_PCAOB_FORM_AP_FILINGS,FIRM_ISSUING_STATE,happened,2670,38,6,2021,2026,0.272,0.259,False,False,False,0.116,0.163,New York,0.334,California,0.328,True,0,0,,,1538,1064,0.272,"among values that exist, the most common flipped from 'New York' (33%) to 'California' (33%)"
REFERENCE.REFERENCE__FED_ITIS_TAXONOMIC_UNITS,UNACCEPT_REASON,reported,993346,29,31,1996,2026,0.271,0.271,False,False,False,0,0,None,0.65,None,0.565,False,0,0,,,265841,65725,0.271,
JUSTICE.JUSTICE__FED_FJC_IDB_CIVIL,CIRCUIT,happened,813782,12,46,1981,2026,0.27,0.27,False,False,False,0,0,2,0.245,9,0.168,True,0,0,,,599,21463,0.27,"among values that exist, the most common flipped from '2' (25%) to '9' (17%)"
POLITICS.POLITICS__VOTEVIEW_ROLLCALLS,VOTE_RESULT,happened,3364,40,4,2023,2026,0.268,0.268,False,False,False,0,0,Passed,0.282,Passed,0.3,False,0,0,,,1926,1438,0.268,
ENVIRONMENT.ENVIRONMENT__FED_EPA_RCRA_EVALUATIONS,EVALUATION_TYPE,happened,1166393,14,46,1981,2026,0.265,0.265,False,False,False,0,0,CEI,0.681,CEI,0.534,False,1,0,FSD,,3880,54851,0.265,appeared mid-series: 'FSD' now 10%
LABOR.LABOR__FED_PBGC_TRUSTEED_PLANS,STATE,happened,5176,47,45,1975,2020,0.293,0.306,False,False,False,0.003,0.044,MA,0.104,PA,0.105,True,0,0,,,397,180,0.263,"among values that exist, the most common flipped from 'MA' (10%) to 'PA' (10%); thin at one end (397 rows early, 180 late) -- ranked down accordingly"
CONSUMER_SAFETY.CONSUMER_SAFETY__FED_NHTSA_RECALLS,RCL_TYPE_CD,happened,238960,4,17,2010,2026,0.261,0.261,False,False,False,0,0,V,0.93,V,0.721,False,0,0,,,12681,72801,0.261,
ENVIRONMENT.ENVIRONMENT__FED_NOAA_STORM_EVENTS,EVENT_TYPE,happened,1780730,55,30,1996,2025,0.259,0.259,False,False,False,0,0,Thunderstorm Wind,0.237,Thunderstorm Wind,0.289,False,0,0,,,141498,217754,0.259,
ENERGY.ENERGY__FED_EIA860_3_2_WIND,WIND_QUALITY_CLASS,happened,1563,4,14,2007,2021,0.251,0.251,False,False,True,0,0,2,0.789,2,0.539,False,0,0,,,280,228,0.251,"CAUTION: rows are dated by when the thing came into existence, so the early years show only what SURVIVED to be in today's register"
HOUSING.HOUSING__FED_HUD_MF_FIRM_COMMITMENTS,PROJECT_STATE,decided,25557,52,27,2000,2026,0.251,0.251,False,False,False,0,0,TX,0.106,TX,0.142,False,0,0,,,1716,1412,0.251,
ENVIRONMENT.ENVIRONMENT__FED_NID_DAMS,PRIMARY_OWNER_TYPE,happened,73709,6,134,1800,2023,0.299,0.299,False,False,False,0,0,Private,0.519,Private,0.818,False,0,0,,,239,165,0.247,"thin at one end (239 rows early, 165 late) -- ranked down accordingly"
JUSTICE.JUSTICE__XC_MAPPING_POLICE_VIOLENCE,ALLEGED_THREAT_LEVEL_SOURCE_WAPO_AND_REVIEW_OF_CASES_NOT_INCLUDED_IN_WAPO_DATABASE,happened,15476,4,14,2013,2026,0.246,0.688,True,False,False,0.689,0.001,attack,0.734,attack,0.488,False,0,1,,(blank),3213,3109,0.246,"the field was blank in 69% of the early records -- it was added later, so the headline flip is the column arriving; vanished: '(blank)' was 69%"
HEALTH.HEALTH__FED_CMS_RURAL_HEALTH_CLINIC_ENROLLMENTS,ORGANIZATION_TYPE_STRUCTURE,happened,3541,4,24,1995,2021,0.25,0.25,False,False,True,0,0,CORPORATION,0.714,CORPORATION,0.476,False,0,0,,,196,206,0.245,"CAUTION: rows are dated by when the thing came into existence, so the early years show only what SURVIVED to be in today's register; thin at one end (196 rows early, 206 late) -- ranked down accordingly"
ENVIRONMENT.ENVIRONMENT__FED_EPA_SUPERFUND_SITE_BOUNDARIES,SITE_FEATURE_TYPE,reported,1859,10,8,2007,2023,0.244,0.244,False,False,False,0,0,Comprehensive Site Area,0.48,Comprehensive Site Area,0.527,False,0,1,,Other,452,854,0.244,vanished: 'Other' was 9%
HEALTH.HEALTH__FED_FDA_PURPLE_BOOK,SUBMISSION_TYPE,decided,2213,2,16,1930,2025,0.242,0.242,False,False,False,0,0,Original,0.944,Original,0.702,False,0,0,,,233,453,0.242,
ENVIRONMENT.ENVIRONMENT__FED_USGS_MINERALS,OPER_TYPE,happened,20525,6,130,1800,1986,0.239,0.239,False,False,False,0,0,Unknown,0.706,Unknown,0.623,False,1,0,Placer,,214,223,0.239,appeared mid-series: 'Placer' now 6%
POLITICS.POLITICS__ST_CANNABIS_POLICY_BUNDLES,STATE_SALES_TAX_HIGH_RCL_APP,happened,1500,2,30,1994,2023,0.313,0.313,False,False,False,0,0,0,1.0,0,0.687,False,1,0,1,,150,150,0.235,"thin at one end (150 rows early, 150 late) -- ranked down accordingly; appeared mid-series: '1' now 31%"
HEALTH.HEALTH__FED_HRSA_NPDB,AA_LENGTH_TYPE,happened,1640256,4,12,1910,2020,0.232,0.244,False,False,False,0.389,0.266,I,0.486,I,0.623,False,0,0,,,6505,546800,0.232,
CORPORATE_REGISTRY.CORPORATE_REGISTRY__INTL_UK_COMPANIES_HOUSE,COMPANY_CATEGORY,happened,5734749,19,137,1890,2026,0.266,0.266,False,False,True,0,0,Private Limited Company,0.72,Private Limited Company,0.956,False,0,1,,Public Limited Company,175,1693154,0.232,"CAUTION: rows are dated by when the thing came into existence, so the early years show only what SURVIVED to be in today's register; thin at one end (175 rows early, 1,693,154 late) -- ranked down accordingly; vanished: 'Public Limited Company' was 7%"
HEALTH.HEALTH__FED_HRSA_NPDB,REC_TYPE,happened,1640256,4,12,1910,2020,0.23,0.23,False,False,False,0,0,C,0.746,C,0.901,False,0,1,,M,6505,546800,0.23,vanished: 'M' was 19%
JUSTICE.JUSTICE__RACIAL_JAIL_DISPARITY,REGION,happened,128507,4,57,1970,2026,0.227,0.227,False,False,False,0,0,South,0.504,South,0.717,False,0,0,,,3558,3187,0.227,
JUSTICE.JUSTICE__XC_VERA_INCARCERATION_TRENDS,REGION,happened,128507,4,57,1970,2026,0.227,0.227,False,False,False,0,0,South,0.504,South,0.717,False,0,0,,,3558,3187,0.227,
ENVIRONMENT.ENVIRONMENT__FED_EPA_ECHO,COMPLIANCE_STATUS,happened,565447,7,46,1981,2026,0.226,0.211,False,True,False,0.19,0.081,No Violation Identified,0.967,No Violation Identified,0.748,False,1,0,Significant Violation,,564,128529,0.226,"CAUTION: a status column normally reads as of today, not as of the row's year; appeared mid-series: 'Significant Violation' now 6%"
FINANCE.FINANCE__FED_FEC_INDIV_CONTRIBUTIONS,TRANSACTION_TYPE,happened,84171526,22,6,2021,2026,0.226,0.226,False,False,False,0,0,15E,0.413,15E,0.633,False,0,0,,,18113082,66058380,0.226,
POLITICS.POLITICS__ST_NYC_CFB_CAMPAIGN_2025_CONTRIBUTIONS,INTERMEDIARY_STATE,happened,259480,12,4,2022,2025,0.225,0.02,False,False,False,0.985,0.968,NY,0.76,NY,0.94,False,0,0,,,8493,250986,0.225,
ENVIRONMENT.ENVIRONMENT__FED_USGS_MINERALS,REGION,happened,20525,6,130,1800,1986,0.223,0.207,False,False,False,0.855,0.668,SA,0.613,SA,0.73,False,0,0,,,214,223,0.223,
IMMIGRATION.IMMIGRATION__FED_ICE_DETAINERS,DETAINER_LIFT_REASON,happened,609729,14,63,1948,2010,0.223,0.171,False,False,False,0.399,0.46,Booked into Detention,0.601,Booked into Detention,0.476,False,0,0,,,271,816,0.223,
JUSTICE.JUSTICE__RACIAL_JAIL_DISPARITY,DIVISION,happened,128507,9,57,1970,2026,0.222,0.222,False,False,False,0,0,South Atlantic,0.27,South Atlantic,0.325,False,0,0,,,3558,3187,0.222,
JUSTICE.JUSTICE__XC_VERA_INCARCERATION_TRENDS,DIVISION,happened,128507,9,57,1970,2026,0.222,0.222,False,False,False,0,0,South Atlantic,0.27,South Atlantic,0.325,False,0,0,,,3558,3187,0.222,
HEALTH.HEALTH__FED_CMS_HOSPITAL_ENROLLMENTS,PRACTICE_LOCATION_TYPE,happened,6026,7,46,1945,2021,0.257,0.29,False,False,True,0.101,0.008,OTHER HOSPITAL PRACTICE LOCATION,0.397,MAIN/PRIMARY HOSPITAL LOCATION,0.548,True,0,0,,,168,263,0.216,"among values that exist, the most common flipped from 'OTHER HOSPITAL PRACTICE LOCATION' (40%) to 'MAIN/PRIMARY HOSPITAL LOCATION' (55%); CAUTION: rows are dated by when the thing came into existence, so the early years show only what SURVIVED to be in today's register; thin at one end (168 rows early, 263 late) -- ranked down accordingly"
POLITICS.POLITICS__MEMBER_CROSSWALK,LAST_TERM_TYPE,span_start,12794,3,112,1789,2025,0.216,0.216,False,False,False,0,0,rep,0.7,rep,0.916,False,0,0,,,213,226,0.216,
POLITICS.POLITICS__MEMBER_SPINE,LAST_TERM_TYPE,span_start,12794,3,112,1789,2025,0.216,0.216,False,False,False,0,0,rep,0.7,rep,0.916,False,0,0,,,213,226,0.216,
IMMIGRATION.IMMIGRATION__FED_ICE_DETENTION_STINTS,STAY_RELEASE_REASON,happened,2571974,18,82,1944,2025,0.216,0.374,False,False,False,0.311,0.022,Removed,0.752,Removed,0.675,False,0,0,,,334,695,0.216,
POLITICS.POLITICS__FED_MEDSL_SENATE_RETURNS,STATE_NAME,happened,3945,50,25,1976,2024,0.215,0.215,False,False,False,0,0,MINNESOTA,0.05,LOUISIANA,0.054,True,0,0,,,404,520,0.215,"among values that exist, the most common flipped from 'MINNESOTA' (5%) to 'LOUISIANA' (5%)"
POLITICS.POLITICS__FED_MEDSL_SENATE_RETURNS,STATE_ABBR,happened,3945,50,25,1976,2024,0.215,0.215,False,False,False,0,0,MN,0.05,GA,0.054,True,0,0,,,404,520,0.215,"among values that exist, the most common flipped from 'MN' (5%) to 'GA' (5%)"
POLITICS.POLITICS__FED_MEDSL_SENATE_RETURNS,STATE_FIPS,happened,3945,50,25,1976,2024,0.215,0.215,False,False,False,0,0,27,0.05,13,0.054,True,0,0,,,404,520,0.215,"among values that exist, the most common flipped from '27' (5%) to '13' (5%)"
TRANSPORT.TRANSPORT__FED_FRA_EQUIPMENT_ACCIDENTS,TRACK_CLASS,happened,224940,13,52,1975,2026,0.215,0.288,False,False,False,0.116,0.0,1,0.499,1,0.612,False,0,1,,(blank),34623,5748,0.215,vanished: '(blank)' was 12%
TRANSPORT.TRANSPORT__FED_FRA_CASUALTIES,TYPE_OF_PERSON,happened,285648,11,30,1997,2026,0.213,0.213,False,False,False,0,0.0,Worker on Duty–Railroad Employee,0.67,Worker on Duty–Railroad Employee,0.467,False,0,0,,,37934,17904,0.213,
ENVIRONMENT.ENVIRONMENT__FED_EPA_ICIS_AIR_ICIS_AIR_PROGRAMS,PROGRAM_DESC,reported,457581,30,13,2014,2026,0.212,0.212,False,False,False,0,0,State Implementation Plan for National Primary and Secondary Ambient Air Quality Standards,0.593,State Implementation Plan for National Primary and Secondary Ambient Air Quality Standards,0.422,False,0,0,,,280177,60440,0.212,
FINANCE.FINANCE__FED_NCUA_CALL_REPORTS_FOICU,REGION,happened,4306,4,32,1934,1971,0.253,0.253,False,False,True,0,0,3,0.351,2,0.503,True,0,0,,,507,167,0.211,"among values that exist, the most common flipped from '3' (35%) to '2' (50%); CAUTION: rows are dated by when the thing came into existence, so the early years show only what SURVIVED to be in today's register; thin at one end (507 rows early, 167 late) -- ranked down accordingly"
JUSTICE.JUSTICE__FED_FJC_IDB_CIVIL,OFFICE,happened,813782,10,46,1981,2026,0.211,0.211,False,False,False,0,0,1,0.491,1,0.344,False,0,0,,,599,21463,0.211,
ENVIRONMENT.ENVIRONMENT__FED_EPA_ICIS_AIR_ICIS_AIR_INFORMAL_ACTIONS,ENF_TYPE_DESC,decided,175499,12,53,1974,2026,0.208,0.208,False,False,False,0,0,Notice of Violation,0.998,Notice of Violation,0.79,False,1,0,Warning Letter,,479,12983,0.208,appeared mid-series: 'Warning Letter' now 11%
POLITICS.POLITICS__TX_LOBBY_COVER,REPORT_TYPE_CD,reported,283802,15,35,1992,2026,0.208,0.208,False,False,False,0,0,LOBBYACTANNUAL,0.251,LOBBYACTJAN,0.091,True,0,0,,,10529,31224,0.208,"among values that exist, the most common flipped from 'LOBBYACTANNUAL' (25%) to 'LOBBYACTJAN' (9%)"
ECONOMICS.ECONOMICS__FED_IRS_990_EFILE_INDEX,RETURN_TYPE,reported,5544625,6,10,2017,2026,0.206,0.206,False,False,False,0,0,990,0.421,990,0.493,False,0,2,,990O|990EO,1362710,1831275,0.206,"vanished: '990O' was 13%, '990EO' was 7%"
JUSTICE.JUSTICE__FED_FJC_IDB_BANKRUPTCY,FEE_STATUS,reported,6965441,6,48,1973,2026,0.205,0.38,False,True,False,0.996,0.616,p,1.0,p,0.795,False,1,0,p,,519,1925668,0.205,"CAUTION: a status column normally reads as of today, not as of the row's year; appeared mid-series: 'p' now 31%"
ENERGY.ENERGY__FED_EIA860_3_5_MULTIFUEL,ENERGY_SOURCE_2,happened,2893,16,16,1971,2011,0.245,0.248,False,False,True,0.004,0,DFO,0.641,DFO,0.747,False,1,0,LFG,,235,166,0.204,"CAUTION: rows are dated by when the thing came into existence, so the early years show only what SURVIVED to be in today's register; thin at one end (235 rows early, 166 late) -- ranked down accordingly; appeared mid-series: 'LFG' now 11%"
HEALTH.HEALTH__FED_CMS_HOSPITAL_ENROLLMENTS,PROVIDER_TYPE_TEXT,happened,6026,3,46,1945,2021,0.243,0.243,False,False,True,0,0,PART A PROVIDER - HOSPITAL,0.518,PART A PROVIDER - HOSPITAL,0.76,False,0,0,,,168,263,0.204,"CAUTION: rows are dated by when the thing came into existence, so the early years show only what SURVIVED to be in today's register; thin at one end (168 rows early, 263 late) -- ranked down accordingly"
TRANSPORT.TRANSPORT__FED_FRA_EQUIPMENT_ACCIDENTS,EQUIPMENT_TYPE,happened,224940,15,52,1975,2026,0.204,0.223,False,False,False,0.019,0.067,Freight Train,0.598,Freight Train,0.395,False,0,0,,,34623,5748,0.204,
HEALTH.HEALTH__FED_HRSA_NPDB,PATIENT_TYPE,happened,1640256,5,12,1910,2020,0.204,0.075,False,False,False,0.976,0.901,O,0.622,O,0.504,False,0,0,,,6505,546800,0.204,
HEALTH.HEALTH__FED_CMS_POS_OTHER,ACRDTN_TYPE_CD,happened,4757,7,32,1993,2025,0.203,0.225,False,False,False,0.08,0.129,1,0.517,1,0.441,False,1,0,2,,313,271,0.203,appeared mid-series: '2' now 8%
JUSTICE.JUSTICE__FED_FJC_IDB_BANKRUPTCY,ORIGINAL_FEE_STATUS,reported,6965441,6,48,1973,2026,0.203,0.952,True,True,False,0.952,0.0,p,0.84,p,0.775,False,1,1,i,,519,1925668,0.203,"the field was blank in 95% of the early records -- it was added later, so the headline flip is the column arriving; CAUTION: a status column normally reads as of today, not as of the row's year; appeared mid-series: 'i' now 18%; vanished: '' was 95%"
ECONOMICS.ECONOMICS__FED_IRS_REVOCATION,EXEMPTION_TYPE,reported,1187367,28,16,2011,2026,0.2,0.2,False,False,False,0,0,03,0.631,03,0.828,False,0,0,,,536562,134601,0.2,
ECONOMICS.ECONOMICS__FED_IRS_AUTO_REVOCATIONS,EXEMPTION_TYPE,reported,1207295,28,16,2011,2026,0.199,0.199,False,False,False,0,0,03,0.631,03,0.827,False,0,0,,,536560,137180,0.199,
ECONOMICS.ECONOMICS__FED_USASPENDING_CONTRACTS_FULL,ACTION_TYPE,happened,20000000,28,20,2007,2026,0.198,0.05,False,False,False,0.766,0.776,OTHER ADMINISTRATIVE ACTION,0.283,OTHER ADMINISTRATIVE ACTION,0.438,False,0,0,,,3000000,3000000,0.198,
HEALTH.HEALTH__FED_FDA_DEVICE_510K,CLEARANCE_TYPE,reported,175686,6,51,1976,2026,0.195,0.195,False,False,False,0,0,Traditional,1.0,Traditional,0.805,False,1,0,Special,,5406,6914,0.195,appeared mid-series: 'Special' now 17%
ENVIRONMENT.ENVIRONMENT__FED_EPA_SDWA_SDWA_VIOLATIONS_ENFORCEMENT,ENF_ACTION_CATEGORY,happened,4164749,4,60,1902,2026,0.194,0.194,False,False,False,0.029,0.019,Informal,0.425,Informal,0.618,False,0,0,,,924,404391,0.194,
HEALTH.HEALTH__FED_FDA_DRUG_MASTER_FILES,DMF_TYPE,reported,41252,5,66,1940,2026,0.192,0.192,False,False,False,0,0,II,0.834,II,0.725,False,0,0,,,307,4210,0.192,
FINANCE.FINANCE__FED_NCUA_CALL_REPORTS_FOICU,CU_TYPE,happened,4306,3,32,1934,1971,0.229,0.229,False,False,True,0,0,1,0.594,1,0.814,False,0,0,,,507,167,0.191,"CAUTION: rows are dated by when the thing came into existence, so the early years show only what SURVIVED to be in today's register; thin at one end (507 rows early, 167 late) -- ranked down accordingly"
SCIENCE_RESEARCH.SCIENCE_RESEARCH__FED_SBIR_STTR_AWARDS,AGENCY,happened,219503,13,44,1983,2026,0.191,0.191,False,False,False,0,0,Department of Defense,0.376,Department of Defense,0.555,False,0,0,,,3892,11788,0.191,
JUSTICE.JUSTICE__FED_COURTLISTENER_INVESTMENTS,GROSS_VALUE_METHOD,happened,686226,9,19,2003,2022,0.191,0.101,False,False,False,0.703,0.658,T,0.799,T,0.987,False,0,1,,-1,6588,188334,0.191,vanished: '-1' was 5%
ENVIRONMENT.ENVIRONMENT__FED_PHMSA_FLAGGED_INCIDENTS,REPORT_TYPE,happened,2039,4,17,2010,2026,0.19,0.19,False,False,False,0,0,SUPPLEMENTAL FINAL,0.833,SUPPLEMENTAL FINAL,0.678,False,0,0,,,360,317,0.19,
ENVIRONMENT.ENVIRONMENT__FED_EPA_ICIS_AIR_ICIS_AIR_STACK_TESTS,AIR_STACK_TEST_STATUS_DESC,happened,620291,5,51,1976,2026,0.19,0.891,True,True,False,0.9,0.009,Pass,0.778,Pass,0.967,False,0,0,,,450,67636,0.19,"the field was blank in 90% of the early records -- it was added later, so the headline flip is the column arriving; CAUTION: a status column normally reads as of today, not as of the row's year"
HEALTH.HEALTH__FED_HRSA_NPDB,PAY_TYPE,happened,1640256,6,12,1910,2020,0.19,0.114,False,False,False,0.787,0.901,S,0.79,S,0.979,False,0,0,,,6505,546800,0.19,
IMMIGRATION.IMMIGRATION__XC_OWID_REFUGEES,WORLD_REGION_ACCORDING_TO_OWID,happened,7442,7,45,1980,2024,0.212,0.229,False,False,False,0.067,0.019,Africa,0.446,Africa,0.272,False,1,0,Oceania,,178,618,0.188,"thin at one end (178 rows early, 618 late) -- ranked down accordingly; appeared mid-series: 'Oceania' now 7%"
TRANSPORT.TRANSPORT__FED_NTSB_AVIATION_EVENTS,EV_STATE,happened,30968,58,19,2008,2026,0.188,0.188,False,False,False,0,0,None,0.11,OF,0.146,True,1,0,OF,,5461,4164,0.188,"among values that exist, the most common flipped from 'None' (11%) to 'OF' (15%); appeared mid-series: 'OF' now 15%"
TRANSPORT.TRANSPORT__FED_FRA_CASUALTIES,STATE_NAME,happened,285648,50,30,1997,2026,0.186,0.186,False,False,False,0,0,NEW YORK,0.105,NEW YORK,0.148,False,0,0,,,37934,17904,0.186,
ENVIRONMENT.ENVIRONMENT__FED_NID_DAMS,SPILLWAY_TYPE,happened,73709,3,134,1800,2023,0.224,0.29,False,False,False,0.569,0.364,Uncontrolled,0.718,Uncontrolled,0.943,False,0,0,,,239,165,0.185,"thin at one end (239 rows early, 165 late) -- ranked down accordingly"
ENVIRONMENT.ENVIRONMENT__FED_EPA_GHGRP_FACILITY,PROGRAM_NAME,happened,136005,3,14,2010,2023,0.183,0.183,False,False,False,0,0,FRS,0.493,Green House Gas e-GGRT,0.503,True,0,0,,,23337,33399,0.183,"among values that exist, the most common flipped from 'FRS' (49%) to 'Green House Gas e-GGRT' (50%)"
ECONOMICS.ECONOMICS__FED_USASPENDING_CONTRACTS_FULL,ORGANIZATIONAL_TYPE,happened,20000000,21,20,2007,2026,0.183,0.892,True,False,False,0.899,0.007,CORPORATE NOT TAX EXEMPT,0.625,CORPORATE NOT TAX EXEMPT,0.72,False,1,0,CORPORATE TAX EXEMPT,,3000000,3000000,0.183,"the field was blank in 90% of the early records -- it was added later, so the headline flip is the column arriving; appeared mid-series: 'CORPORATE TAX EXEMPT' now 9%"
HEALTH.HEALTH__FED_CMS_POS_OTHER,PSYCH_UNIT_SW,happened,4757,3,32,1993,2025,0.18,0.135,False,False,False,0.406,0.454,N,0.774,N,0.595,False,0,0,,,313,271,0.18,
TRANSPORT.TRANSPORT__FED_NTSB_AVIATION_AIRCRAFT,OPER_STATE,happened,20662,55,20,2007,2026,0.179,0.179,False,False,False,0,0,None,0.114,TX,0.092,True,0,0,,,2966,1863,0.179,"among values that exist, the most common flipped from 'None' (11%) to 'TX' (9%)"
HOUSING.HOUSING__FED_FEMA_IA_HOUSING_REGISTRATIONS,INELIGIBLE_REASON,reported,3079994,10,25,2002,2026,0.179,0.106,False,False,False,0.627,0.691,1,0.383,2,0.367,True,0,0,,,318779,571676,0.179,"among values that exist, the most common flipped from '1' (38%) to '2' (37%)"
POLITICS.POLITICS__IRS527_8872_REPORTS,QTR_INDICATOR,happened,55579,9,70,1881,2025,0.178,0.179,False,False,False,0,0.001,4,0.242,4,0.238,False,1,0,6,,306,1669,0.178,appeared mid-series: '6' now 14%
HEALTH.HEALTH__FED_CMS_POS_OTHER,GNRL_FAC_TYPE_CD,happened,4757,7,32,1993,2025,0.177,0.13,False,False,False,0.406,0.458,01,0.688,01,0.721,False,0,0,,,313,271,0.177,
HEALTH.HEALTH__FED_NURSINGHOME411,HEALTH_INSPECTION_RATING,decided,14713,6,55,1967,2021,0.176,0.177,False,False,False,0.01,0.005,2,0.246,4,0.298,True,0,0,,,1024,216,0.176,"among values that exist, the most common flipped from '2' (25%) to '4' (30%)"
POLITICS.POLITICS__ST_CANNABIS_POLICY_BUNDLES,STATE_SALES_TAX_HIGH_RCL_IMP,happened,1500,2,30,1994,2023,0.233,0.233,False,False,False,0,0,0,1.0,0,0.767,False,1,0,1,,150,150,0.175,"thin at one end (150 rows early, 150 late) -- ranked down accordingly; appeared mid-series: '1' now 23%"
HEALTH.HEALTH__FED_CMS_FEDERALLY_QUALIFIED_HEALTH_CENTER_ENROLLMENTS,ORGANIZATION_TYPE_STRUCTURE,happened,9092,3,54,1960,2023,0.182,0.182,False,False,True,0,0,CORPORATION,0.958,CORPORATION,0.776,False,0,0,,,192,210,0.175,"CAUTION: rows are dated by when the thing came into existence, so the early years show only what SURVIVED to be in today's register; thin at one end (192 rows early, 210 late) -- ranked down accordingly"
SCIENCE_RESEARCH.SCIENCE_RESEARCH__FED_SBIR_STTR_AWARDS,PROGRAM,happened,219503,2,44,1983,2026,0.174,0.174,False,False,False,0,0,SBIR,1.0,SBIR,0.826,False,1,0,STTR,,3892,11788,0.174,appeared mid-series: 'STTR' now 17%
TRANSPORT.TRANSPORT__FED_FRA_CASUALTIES,CLASS,happened,285648,5,30,1997,2026,0.173,0.173,False,False,False,0,0,Class I,0.556,Class I,0.388,False,0,0,,,37934,17904,0.173,
HEALTH.HEALTH__FED_FDA_GUDID,COMMERCIAL_DISTRIBUTION_STATUS,reported,5083948,2,13,2014,2026,0.173,0.173,False,True,False,0,0,In Commercial Distribution,0.817,In Commercial Distribution,0.99,False,0,0,,,1247373,847104,0.173,"CAUTION: a status column normally reads as of today, not as of the row's year"
TRANSPORT.TRANSPORT__FED_FRA_CROSSING_INCIDENTS,STATE_NAME,happened,251139,51,52,1975,2026,0.172,0.172,False,False,False,0.0,0,TEXAS,0.094,TEXAS,0.123,False,0,0,,,38718,5386,0.172,
IMMIGRATION.IMMIGRATION__FED_ICE_DETAINERS,PROCESSING_DISPOSITION,happened,609729,17,63,1948,2010,0.172,0.175,False,False,False,0.004,0,Detainer,0.537,Detainer,0.674,False,0,0,,,271,816,0.172,
POLITICS.POLITICS__INTL_OWID_MILSPEND,WORLD_REGION_ACCORDING_TO_OWID,happened,9112,7,67,1958,2025,0.205,0.278,False,False,False,0,0.111,Europe,0.349,Africa,0.317,True,1,0,,,166,515,0.17,"among values that exist, the most common flipped from 'Europe' (35%) to 'Africa' (32%); thin at one end (166 rows early, 515 late) -- ranked down accordingly; appeared mid-series: '' now 11%"
LABOR.LABOR__FED_MSHA_ACCIDENTS,ACCIDENT_TYPE,happened,273623,44,27,2000,2026,0.169,0.169,False,False,False,0,0,Over-exertion NEC,0.137,Over-exertion NEC,0.115,False,0,1,,"Caught in, under or between NEC",52270,14176,0.169,"vanished: 'Caught in, under or between NEC' was 5%"
REVIEW.LEAD_QUEUE,EXCL_REASON_PLAIN,decided,1019,9,5,2022,2026,0.239,0.239,False,False,False,0,0,Conviction of a Medicare/Medicaid program-related crime,0.326,"License revoked, suspended, or surrendered",0.451,True,0,1,,"Fraud, kickbacks, or other prohibited activities",138,432,0.165,"among values that exist, the most common flipped from 'Conviction of a Medicare/Medicaid program-related crime' (33%) to 'License revoked, suspended, or surrendered' (45%); thin at one end (138 rows early, 432 late) -- ranked down accordingly; vanished: 'Fraud, kickbacks, or other prohibited activities' was 6%"
ENVIRONMENT.ENVIRONMENT__EPA_PENALTY_GAP,COMPLIANCE_STATUS,happened,52494,7,31,1995,2026,0.164,0.18,False,True,False,0,0.021,Violation Identified,0.512,Violation Identified,0.504,False,0,0,,,383,28483,0.164,"CAUTION: a status column normally reads as of today, not as of the row's year"
ECONOMICS.ECONOMICS__FED_FAC_SINGLE_AUDIT,COGNIZANT_AGENCY,reported,411638,27,11,2016,2026,0.159,0.011,False,False,False,0.966,0.956,84,0.408,84,0.347,False,0,0,,,83578,125876,0.159,
ECONOMICS.ECONOMICS__FED_USASPENDING_CONTRACTS_FULL,TYPE_OF_SET_ASIDE,happened,20000000,28,20,2007,2026,0.159,0.719,False,False,False,0.022,0.737,NO SET ASIDE USED.,0.883,NO SET ASIDE USED.,0.735,False,0,0,,,3000000,3000000,0.159,
HEALTH.HEALTH__FED_NURSINGHOME411,OVERALL_RATING,decided,14713,6,55,1967,2021,0.157,0.158,False,False,False,0.01,0.005,2,0.231,5,0.34,True,0,0,,,1024,216,0.157,"among values that exist, the most common flipped from '2' (23%) to '5' (34%)"
POLITICS.POLITICS__FED_MEDSL_HOUSE_RETURNS,STATE_NAME,happened,29636,50,22,1976,2018,0.156,0.156,False,False,False,0,0,New York,0.134,New York,0.127,False,0,0,,,3721,4156,0.156,
POLITICS.POLITICS__FED_MEDSL_HOUSE_RETURNS,STATE_ABBR,happened,29636,50,22,1976,2018,0.156,0.156,False,False,False,0,0,NY,0.134,NY,0.127,False,0,0,,,3721,4156,0.156,
POLITICS.POLITICS__FED_MEDSL_HOUSE_RETURNS,STATE_FIPS,happened,29636,50,22,1976,2018,0.156,0.156,False,False,False,0,0,36,0.134,36,0.127,False,0,0,,,3721,4156,0.156,
TRANSPORT.TRANSPORT__FED_FRA_CROSSING_INCIDENTS,EQUIPMENT_TYPE,happened,251139,15,52,1975,2026,0.153,0.157,False,False,False,0.006,0,Freight Train,0.685,Freight Train,0.699,False,0,0,,,38718,5386,0.153,
EDUCATION.EDUCATION__FED_GOOGLE_POLADS_CREATIVE_STATS,AD_TYPE,span_start,1562870,3,9,2018,2026,0.153,0.153,False,False,False,0,0,VIDEO,0.507,VIDEO,0.475,False,0,0,,,425860,711694,0.153,
TRANSPORT.TRANSPORT__FED_FAA_AIRCRAFT_REGISTRY,REGION,happened,245900,11,99,1928,2026,0.152,0.166,False,False,False,0.004,0.035,C,0.185,S,0.185,True,0,0,,,509,8724,0.152,"among values that exist, the most common flipped from 'C' (19%) to 'S' (19%)"
SCIENCE_RESEARCH.SCIENCE_RESEARCH__FED_SBIR_STTR_AWARDS,STATE,happened,219503,53,44,1983,2026,0.151,0.151,False,False,False,0,0,California,0.219,California,0.202,False,0,0,,,3892,11788,0.151,
ENVIRONMENT.ENVIRONMENT__FED_EPA_AIR_EMISSIONS_POLL_RPT_COMBINED_EMISSIONS,UNIT_OF_MEASURE,happened,10411826,2,13,2008,2024,0.15,0.15,False,False,False,0,0,Pounds,1.0,Pounds,0.85,False,1,0,MTCO2e,,5496073,286526,0.15,appeared mid-series: 'MTCO2e' now 15%
TRANSPORT.TRANSPORT__FED_FAA_REGISTRY,REGION,happened,246006,11,99,1928,2026,0.146,0.16,False,False,False,0.004,0.034,C,0.185,S,0.185,True,0,0,,,510,8667,0.146,"among values that exist, the most common flipped from 'C' (19%) to 'S' (19%)"
FINANCE.FINANCE__FED_FDIC_SOD_BRANCH_DEPOSITS,BANK_CLASS,happened,2823000,7,32,1994,2025,0.146,0.146,False,False,False,0,0,N,0.388,N,0.463,False,0,1,,SA,243671,230617,0.146,vanished: 'SA' was 15%
FOREIGN_INFLUENCE.FOREIGN_INFLUENCE__FED_FARA_BULK,SOURCE_LINK,reported,12303,2,85,1942,2026,0.144,0.144,False,False,False,0,0,https://efile.fara.gov/bulk/zip/FARA_All_Registrants.csv.zip,0.701,https://efile.fara.gov/bulk/zip/FARA_All_Registrants.csv.zip,0.557,False,0,0,,,348,544,0.144,
LABOR.LABOR__FED_MSHA_ACCIDENTS,FIPS_STATE_CD,happened,273623,53,27,2000,2026,0.144,0.144,False,False,False,0,0,54,0.141,54,0.142,False,0,0,,,52270,14176,0.144,
ENVIRONMENT.ENVIRONMENT__FED_EPA_ICIS_AIR_ICIS_AIR_PROGRAMS,AIR_OPERATING_STATUS_DESC,reported,457581,6,13,2014,2026,0.144,0.144,False,True,False,0,0,Operating,0.664,Operating,0.805,False,0,0,,,280177,60440,0.144,"CAUTION: a status column normally reads as of today, not as of the row's year"
CORPORATE_REGISTRY.CORPORATE_REGISTRY__INTL_UK_COMPANIES_HOUSE,COMPANY_STATUS,happened,5734749,8,137,1890,2026,0.165,0.165,False,True,True,0,0,Active,0.829,Active,0.944,False,0,1,,Liquidation,175,1693154,0.144,"CAUTION: a status column normally reads as of today, not as of the row's year; CAUTION: rows are dated by when the thing came into existence, so the early years show only what SURVIVED to be in today's register; thin at one end (175 rows early, 1,693,154 late) -- ranked down accordingly; vanished: 'Liquidation' was 16%"
JUSTICE.JUSTICE__FED_FJC_IDB_BANKRUPTCY,DEBTOR2_FINAL_DISPOSITION,reported,6965441,22,48,1973,2026,0.141,0.055,False,False,False,0.998,0.944,A,1.0,A,0.859,False,0,0,,,519,1925668,0.141,
HEALTH.HEALTH__FED_CMS_POS_OTHER,GNRL_CNTL_TYPE_CD,happened,4757,14,32,1993,2025,0.139,0.139,False,False,False,0,0,04,0.358,04,0.321,False,0,0,,,313,271,0.139,
ENVIRONMENT.ENVIRONMENT__FED_USGS_MINERALS,COM_TYPE,happened,20525,4,130,1800,1986,0.139,0.142,False,False,False,0.014,0,M,0.839,M,0.7,False,0,0,,,214,223,0.139,
TRANSPORT.TRANSPORT__FED_FRA_EQUIPMENT_ACCIDENTS,JOINT_TRACK_TYPE,happened,224940,5,52,1975,2026,0.137,0.138,False,False,False,0.003,0.0,Main,0.479,Yard,0.555,True,0,0,,,34623,5748,0.137,"among values that exist, the most common flipped from 'Main' (48%) to 'Yard' (56%)"
REFERENCE.REFERENCE__FED_ITIS_TAXONOMIC_UNITS,CURRENCY_RATING,reported,993346,36,31,1996,2026,0.137,0.137,False,False,False,0,0,None,0.851,None,0.909,False,0,0,,,265841,65725,0.137,
JUSTICE.JUSTICE__XC_MAPPING_POLICE_VIOLENCE,VICTIM_S_RACE,happened,15476,9,14,2013,2026,0.136,0.136,False,False,False,0,0,White,0.453,White,0.358,False,0,0,,,3213,3109,0.136,
FINANCE.FINANCE__FED_FDIC_SOD_BRANCH_DEPOSITS,INSURED_STATUS,happened,2823000,3,32,1994,2025,0.136,0.136,False,True,False,0,0,CB,0.803,CB,0.939,False,0,0,,,243671,230617,0.136,"CAUTION: a status column normally reads as of today, not as of the row's year"
HEALTH.HEALTH__FED_FDA_DEVICE_ENFORCEMENT,COUNTRY,happened,39635,31,18,2009,2026,0.135,0.135,False,False,False,0,0,United States,0.97,United States,0.846,False,0,0,,,368,7484,0.135,
ENVIRONMENT.ENVIRONMENT__FED_EPA_RCRA_ENFORCEMENTS,ENFORCEMENT_AGENCY,decided,383513,2,46,1981,2026,0.135,0.135,False,False,False,0,0,S,0.787,S,0.922,False,0,0,,,1401,16590,0.135,
JUSTICE.JUSTICE__INTL_UCDP_GED,TYPE_OF_VIOLENCE,happened,385918,3,36,1989,2024,0.135,0.135,False,False,False,0,0,1,0.583,1,0.685,False,0,0,,,8696,76076,0.135,
POLITICS.POLITICS__FED_MEDSL_PRESIDENT_RETURNS,STATE_NAME,happened,3740,51,11,1976,2016,0.133,0.133,False,False,False,0,0,New Jersey,0.033,Colorado,0.051,True,0,0,,,1019,1012,0.133,"among values that exist, the most common flipped from 'New Jersey' (3%) to 'Colorado' (5%)"
POLITICS.POLITICS__FED_MEDSL_PRESIDENT_RETURNS,STATE_ABBR,happened,3740,51,11,1976,2016,0.133,0.133,False,False,False,0,0,NJ,0.033,CO,0.051,True,0,0,,,1019,1012,0.133,"among values that exist, the most common flipped from 'NJ' (3%) to 'CO' (5%)"
POLITICS.POLITICS__FED_MEDSL_PRESIDENT_RETURNS,STATE_FIPS,happened,3740,51,11,1976,2016,0.133,0.133,False,False,False,0,0,34,0.033,8,0.051,True,0,0,,,1019,1012,0.133,"among values that exist, the most common flipped from '34' (3%) to '8' (5%)"
JUSTICE.JUSTICE__FED_FJC_IDB_CIVIL,JURISDICTION,happened,813782,4,46,1981,2026,0.132,0.132,False,False,False,0,0,3,0.449,3,0.552,False,0,0,,,599,21463,0.132,
ENERGY.ENERGY__FED_EIA860_3_3_SOLAR,SECTOR,happened,7153,8,15,2010,2024,0.131,0.131,False,False,True,0,0.001,2,0.722,2,0.839,False,0,0,,,515,1772,0.131,"CAUTION: rows are dated by when the thing came into existence, so the early years show only what SURVIVED to be in today's register"
ENERGY.ENERGY__FED_EIA860_3_3_SOLAR,SECTOR_NAME,happened,7153,8,15,2010,2024,0.131,0.131,False,False,True,0,0.001,IPP Non-CHP,0.722,IPP Non-CHP,0.839,False,0,0,,,515,1772,0.131,"CAUTION: rows are dated by when the thing came into existence, so the early years show only what SURVIVED to be in today's register"
JUSTICE.JUSTICE__XC_WAPO_FATAL_FORCE,THREAT_TYPE,happened,10430,9,10,2015,2024,0.131,0.137,False,False,False,0,0.019,threat,0.265,shoot,0.286,True,0,0,,,2938,3436,0.131,"among values that exist, the most common flipped from 'threat' (27%) to 'shoot' (29%)"
HEALTH.HEALTH__FED_CMS_POS_OTHER,CRTFCTN_ACTN_TYPE_CD,happened,4757,5,32,1993,2025,0.131,0.131,False,False,False,0,0,2,0.578,2,0.661,False,0,0,,,313,271,0.131,
FINANCE.FINANCE__FED_FDIC_SOD_BRANCH_DEPOSITS,CHARTER_AGENCY,happened,2823000,3,32,1994,2025,0.13,0.13,False,False,False,0,0,STATE,0.482,STATE,0.513,False,0,1,,OTS,243671,230617,0.13,vanished: 'OTS' was 13%
FINANCE.FINANCE__FED_FDIC_SOD_BRANCH_DEPOSITS,CHARTER_AGENCY_NAME,happened,2823000,3,32,1994,2025,0.13,0.13,False,False,False,0,0,State Agency,0.482,State Agency,0.513,False,0,1,,Office of Thrift Supervision,243671,230617,0.13,vanished: 'Office of Thrift Supervision' was 13%
TRANSPORT.TRANSPORT__FED_FRA_EQUIPMENT_ACCIDENTS,TRACK_TYPE,happened,224940,5,52,1975,2026,0.129,0.132,False,False,False,0.006,0.0,Main,0.464,Yard,0.557,True,0,0,,,34623,5748,0.129,"among values that exist, the most common flipped from 'Main' (46%) to 'Yard' (56%)"
HOUSING.HOUSING__FED_FEMA_IA_HOUSING_REGISTRATIONS,RESIDENCE_TYPE,reported,3079994,13,25,2002,2026,0.127,0.127,False,False,False,0.002,0,H,0.726,H,0.615,False,0,0,,,318779,571676,0.127,
POLITICS.POLITICS__MEMBER_CROSSWALK,SENATE_CLASS,span_start,12794,4,112,1789,2025,0.126,0.202,False,False,False,0.714,0.916,2,0.361,3,0.421,True,0,0,,,213,226,0.126,"among values that exist, the most common flipped from '2' (36%) to '3' (42%)"
POLITICS.POLITICS__MEMBER_SPINE,SENATE_CLASS,span_start,12794,4,112,1789,2025,0.126,0.202,False,False,False,0.714,0.916,2,0.361,3,0.421,True,0,0,,,213,226,0.126,"among values that exist, the most common flipped from '2' (36%) to '3' (42%)"
JUSTICE.JUSTICE__XC_MAPPING_POLICE_VIOLENCE,STATE,happened,15476,51,14,2013,2026,0.124,0.124,False,False,False,0,0,CA,0.174,TX,0.107,True,0,0,,,3213,3109,0.124,"among values that exist, the most common flipped from 'CA' (17%) to 'TX' (11%)"
FINANCE.FINANCE__FED_SEC_INSIDER_SUBMISSION,DOCUMENT_TYPE,happened,1772065,6,20,2006,2025,0.126,0.126,False,False,False,0,0,4,0.791,4,0.917,False,0,0,,,196,449951,0.124,"thin at one end (196 rows early, 449,951 late) -- ranked down accordingly"
TRANSPORT.TRANSPORT__FED_FRA_CASUALTIES,REPORTING_RAILROAD_INDIVIDUAL_CLASS,happened,285648,5,30,1997,2026,0.123,0.123,False,False,False,0,0,Class I,0.478,Class III,0.382,True,0,0,,,37934,17904,0.123,"among values that exist, the most common flipped from 'Class I' (48%) to 'Class III' (38%)"
TRANSPORT.TRANSPORT__FED_NTSB_AVIATION_AIRCRAFT,OWNER_STATE,happened,20662,55,20,2007,2026,0.122,0.122,False,False,False,0,0,CA,0.097,TX,0.085,True,0,0,,,2966,1863,0.122,"among values that exist, the most common flipped from 'CA' (10%) to 'TX' (9%)"
IMMIGRATION.IMMIGRATION__FED_ICE_DETENTION_STINTS,DETENTION_RELEASE_REASON,happened,2571974,19,82,1944,2025,0.122,0.143,False,False,False,0.054,0.01,Transferred,0.759,Transferred,0.747,False,1,0,Paroled,,334,695,0.122,appeared mid-series: 'Paroled' now 7%
ENVIRONMENT.ENVIRONMENT__FED_EPA_SDWA_SDWA_VIOLATIONS_ENFORCEMENT,UNIT_OF_MEASURE,happened,4164749,7,60,1902,2026,0.12,0.106,False,False,False,0.855,0.959,MG/L,0.91,MG/L,0.79,False,0,0,,,924,404391,0.12,
HEALTH.HEALTH__FED_FDA_DRUG_ENFORCEMENT,COUNTRY,happened,17816,16,15,2012,2026,0.118,0.119,False,False,False,0.0,0,United States,0.873,United States,0.892,False,1,0,India,,3928,1711,0.118,appeared mid-series: 'India' now 7%
HOUSING.HOUSING__FED_HUD_MF_FIRM_COMMITMENTS,ACTIVITY_GROUP,decided,25557,4,27,2000,2026,0.118,0.118,False,False,False,0,0,Refi/ Pchse,0.614,Refi/ Pchse,0.496,False,0,0,,,1716,1412,0.118,
ENVIRONMENT.ENVIRONMENT__FED_EPA_RCRA_EVALUATIONS,EVALUATION_AGENCY,happened,1166393,6,46,1981,2026,0.116,0.116,False,False,False,0,0,S,0.84,S,0.954,False,0,0,,,3880,54851,0.116,
HEALTH.HEALTH__FED_NURSINGHOME411,STAFFING_RATING,decided,14713,6,55,1967,2021,0.115,0.114,False,False,False,0.013,0.014,3,0.296,4,0.258,True,0,0,,,1024,216,0.115,"among values that exist, the most common flipped from '3' (30%) to '4' (26%)"
JUSTICE.JUSTICE__XC_WAPO_FATAL_FORCE,STATE,happened,10430,51,10,2015,2024,0.112,0.112,False,False,False,0,0,CA,0.166,TX,0.113,True,0,0,,,2938,3436,0.112,"among values that exist, the most common flipped from 'CA' (17%) to 'TX' (11%)"
HEALTH.HEALTH__FED_FDA_MAUDE,PRODUCT_PROBLEM_FLAG,happened,2379083,3,29,1901,2022,0.112,0.112,False,False,False,0.001,0.001,Y,0.569,Y,0.681,False,0,0,,,1403,2073589,0.112,
POLITICS.POLITICS__ST_NYC_CFB_CAMPAIGN_2013_CONTRIBUTION,INTERMEDIARY_STATE,happened,197886,10,10,2000,2013,0.111,0.044,False,False,False,0.961,0.917,NY,1.0,NY,0.889,False,0,0,,,1965,178375,0.111,
ENVIRONMENT.ENVIRONMENT__FED_WQP_MONITORING_STATIONS,FORMATION_TYPE_TEXT,happened,1882,3,9,1954,2022,0.11,0.083,False,False,True,0.905,0.823,"Stratified Deposits, Undifferentiated",0.526,"Stratified Deposits, Undifferentiated",0.636,False,0,0,,,201,248,0.11,"CAUTION: rows are dated by when the thing came into existence, so the early years show only what SURVIVED to be in today's register"
REFERENCE.REFERENCE__FED_ITIS_OTHER_SOURCES,SOURCE_TYPE,happened,1071,12,4,2005,2012,0.17,0.17,False,False,False,0,0,database,0.523,database,0.672,False,0,0,,,128,326,0.109,"thin at one end (128 rows early, 326 late) -- ranked down accordingly"
POLITICS.POLITICS__IRS527_8872_REPORTS,PRE_ELECT_TYPE,happened,55579,5,70,1881,2025,0.105,0.091,False,False,False,0.853,0.944,general,0.667,general,0.606,False,0,0,,,306,1669,0.105,
JUSTICE.JUSTICE__FED_COURTLISTENER_FJC_IDB_CL_LINKED,TERMINATION_CLASS_ACTION_STATUS,reported,10323280,3,55,1968,2022,0.105,0.005,False,True,False,0.993,0.998,2,0.5,2,0.605,False,0,0,,,274,656246,0.105,"CAUTION: a status column normally reads as of today, not as of the row's year"
ENVIRONMENT.ENVIRONMENT__FED_PHMSA_FLAGGED_INCIDENTS,OPERATOR_STATE,happened,2039,30,17,2010,2026,0.104,0.104,False,False,False,0,0,TX,0.656,TX,0.656,False,0,0,,,360,317,0.104,
JUSTICE.JUSTICE__XC_WAPO_FATAL_FORCE,FLEE_STATUS,happened,10430,5,10,2015,2024,0.103,0.255,False,True,False,0.025,0.269,not,0.678,not,0.576,False,0,0,,,2938,3436,0.103,"CAUTION: a status column normally reads as of today, not as of the row's year"
TRANSPORT.TRANSPORT__FED_NTSB_AVIATION_AIRCRAFT,TYPE_FLY,happened,20662,23,20,2007,2026,0.101,0.101,False,False,False,0,0,PERS,0.628,PERS,0.561,False,0,0,,,2966,1863,0.101,
ENVIRONMENT.ENVIRONMENT__FED_EPA_GHGRP_FACILITY,STATE,happened,136005,55,14,2010,2023,0.099,0.099,False,False,False,0,0,TX,0.124,TX,0.187,False,0,0,,,23337,33399,0.099,
ENVIRONMENT.ENVIRONMENT__FED_EPA_GHGRP_FACILITY,STATE_NAME,happened,136005,55,14,2010,2023,0.099,0.099,False,False,False,0,0,Texas,0.124,Texas,0.187,False,0,0,,,23337,33399,0.099,
JUSTICE.JUSTICE__XC_MAPPING_POLICE_VIOLENCE,ARMED_UNARMED_STATUS,happened,15476,5,14,2013,2026,0.098,0.098,False,True,False,0,0,Allegedly Armed,0.679,Allegedly Armed,0.773,False,0,0,,,3213,3109,0.098,"CAUTION: a status column normally reads as of today, not as of the row's year"
ECONOMICS.ECONOMICS__FED_USASPENDING_CONTRACTS_FULL,INFORMATION_TECHNOLOGY_COMMERCIAL_ITEM_CATEGORY,happened,20000000,16,20,2007,2026,0.098,0.175,False,False,False,0.609,0.47,NOT IT PRODUCTS OR SERVICES,0.892,NOT IT PRODUCTS OR SERVICES,0.971,False,0,0,,,3000000,3000000,0.098,
TRANSPORT.TRANSPORT__FED_FRA_CROSSING_INCIDENTS,REPORTING_RAILROAD_CLASS,happened,251139,5,52,1975,2026,0.097,0.097,False,False,False,0,0,Class I,0.791,Class I,0.705,False,0,0,,,38718,5386,0.097,
POLITICS.POLITICS__FED_FJC_SERVICE,PARTY_OF_APPOINTING_PRESIDENT,decided,4731,4,27,1961,2024,0.102,0.102,False,False,False,0,0,Democratic,0.898,Democratic,1.0,False,0,1,,None (reassignment),205,187,0.096,"thin at one end (205 rows early, 187 late) -- ranked down accordingly; vanished: 'None (reassignment)' was 9%"
HEALTH.HEALTH__FED_NURSINGHOME411,OWNERSHIP_TYPE_DETAIL,decided,14713,12,55,1967,2021,0.095,0.095,False,False,False,0,0,For profit - Limited Liability company,0.34,For profit - Limited Liability company,0.37,False,0,0,,,1024,216,0.095,
HEALTH.HEALTH__FED_NURSINGHOME411,PROVIDER_TYPE,decided,14713,3,55,1967,2021,0.094,0.094,False,False,False,0,0,Medicare and Medicaid,0.982,Medicare and Medicaid,0.889,False,0,0,,,1024,216,0.094,
HEALTH.HEALTH__FED_CMS_NURSING_HOME_DEFICIENCIES,DEFICIENCY_CATEGORY,happened,418479,10,10,2017,2026,0.094,0.094,False,False,False,0,0,Quality of Life and Care Deficiencies,0.222,Quality of Life and Care Deficiencies,0.258,False,0,0,,,17409,263194,0.094,
ENVIRONMENT.ENVIRONMENT__FED_PHMSA_FLAGGED_INCIDENTS,STATUS_WHEN_IDENTIFIED,happened,2039,7,17,2010,2026,0.091,0.997,True,True,False,0.997,0,"NORMAL OPERATION, INCLUDES PAUSES DURING MAINTENANCE",1.0,"NORMAL OPERATION, INCLUDES PAUSES DURING MAINTENANCE",0.909,False,1,1,"NORMAL OPERATION, INCLUDES PAUSES DURING MAINTENANCE",,360,317,0.091,"the field was blank in 100% of the early records -- it was added later, so the headline flip is the column arriving; CAUTION: a status column normally reads as of today, not as of the row's year; appeared mid-series: 'NORMAL OPERATION, INCLUDES PAUSES DURING MAINTENANCE' now 91%; vanished: '' was 100%"
ECONOMICS.ECONOMICS__XC_OWID_GINI,WORLD_REGION_ACCORDING_TO_OWID,happened,2389,7,23,2000,2023,0.106,0.115,False,False,False,0.053,0.033,Europe,0.335,Europe,0.442,False,0,0,,,170,213,0.09,"thin at one end (170 rows early, 213 late) -- ranked down accordingly"
IMMIGRATION.IMMIGRATION__FED_ICE_DETAINERS,DETAINER_PREP_THREAT_LEVEL,happened,609729,5,63,1948,2010,0.089,0.11,False,False,False,0.059,0.102,1,0.71,1,0.621,False,0,0,,,271,816,0.089,
REFERENCE.REFERENCE__FED_ITIS_TAXONOMIC_UNITS,UNIT_IND3,reported,993346,5,31,1996,2026,0.089,0.089,False,False,False,0,0,None,0.897,None,0.98,False,0,0,,,265841,65725,0.089,
TRANSPORT.TRANSPORT__FED_NTSB_AVIATION_AIRCRAFT,TYPE_LAST_INSP,happened,20662,7,20,2007,2026,0.088,0.088,False,False,False,0,0,ANNL,0.633,ANNL,0.559,False,0,0,,,2966,1863,0.088,
ENVIRONMENT.ENVIRONMENT__FED_EPA_AQS_SITES,MET_SITE_TYPE,span_start,20994,5,60,1957,2021,0.094,0.121,False,False,True,0.96,0.842,ON-SITE MET EQUIP,0.727,ON-SITE MET EQUIP,0.724,False,0,0,,,275,184,0.087,"CAUTION: rows are dated by when the thing came into existence, so the early years show only what SURVIVED to be in today's register; thin at one end (275 rows early, 184 late) -- ranked down accordingly"
POLITICS.POLITICS__CA_LOBBY_CHG_LOG,FILER_TYPE,happened,74491,7,28,1999,2026,0.087,0.087,False,False,False,0,0,3,0.39,1,0.374,True,0,0,,,4957,5979,0.087,"among values that exist, the most common flipped from '3' (39%) to '1' (37%)"
HEALTH.HEALTH__FED_CMS_HOME_HEALTH_AGENCY_ENROLLMENTS,MULTIPLE_NPI_FLAG,happened,9211,2,36,1975,2023,0.085,0.085,False,False,True,0,0,N,0.912,N,0.997,False,0,1,,Y,273,966,0.085,"CAUTION: rows are dated by when the thing came into existence, so the early years show only what SURVIVED to be in today's register; vanished: 'Y' was 9%"
HEALTH.HEALTH__FED_CDC_HEALTH_INSURANCE,C_GROUP,span_start,16056,9,5,2020,2024,0.083,0.083,False,False,False,0,0,By State,0.719,By State,0.669,False,0,0,,,8721,4572,0.083,
ENVIRONMENT.ENVIRONMENT__FED_NID_DAMS,OPERATIONAL_STATUS,happened,73709,5,134,1800,2023,0.101,0.237,False,True,False,0.762,0.539,Normal Operations,0.86,Normal Operations,0.947,False,0,0,,,239,165,0.083,"CAUTION: a status column normally reads as of today, not as of the row's year; thin at one end (239 rows early, 165 late) -- ranked down accordingly"
HEALTH.HEALTH__FED_FDA_MAUDE,EVENT_TYPE,happened,2379083,5,29,1901,2022,0.083,0.083,False,False,False,0,0.0,Malfunction,0.53,Malfunction,0.609,False,0,0,,,1403,2073589,0.083,
HEALTH.HEALTH__FED_CDC_ANXIETY_DEPRESSION,C_GROUP,span_start,16794,9,5,2020,2024,0.08,0.08,False,False,False,0,0,By State,0.687,By State,0.643,False,0,0,,,9135,4761,0.08,
POLITICS.POLITICS__ST_NYC_CFB_CAMPAIGN_2025_CONTRIBUTIONS,STATE,happened,259480,55,4,2022,2025,0.08,0.08,False,False,False,0.004,0.003,NY,0.896,NY,0.839,False,0,0,,,8493,250986,0.08,
JUSTICE.JUSTICE__XC_UK_SANCTIONS_LIST,GENDER,decided,33828,3,26,2001,2026,0.079,0.282,False,False,False,0.956,0.674,Male,1.0,Male,0.921,False,0,0,,,5011,5210,0.079,
POLITICS.POLITICS__ST_NYC_CFB_CAMPAIGN_2021_CONTRIBUTIONS,EMPLOYER_STATE,happened,457476,54,6,2018,2023,0.079,0.06,False,False,False,0.284,0.266,NY,0.876,NY,0.8,False,0,0,,,165108,292352,0.079,
HEALTH.HEALTH__FED_FDA_MAUDE,ADVERSE_EVENT_FLAG,happened,2379083,3,29,1901,2022,0.079,0.079,False,False,False,0.003,0.002,N,0.524,N,0.603,False,0,0,,,1403,2073589,0.079,
JUSTICE.JUSTICE__XC_OWID_HOMICIDE,WORLD_REGION_ACCORDING_TO_OWID,happened,4912,7,34,1990,2023,0.078,0.2,False,False,False,0.024,0.201,Europe,0.337,Europe,0.365,False,0,0,,,289,384,0.078,
ECONOMICS.ECONOMICS__FED_DOL_FORM5500,DFVC_PROGRAM_IND,happened,33066,3,56,1969,2025,0.078,0.332,False,False,False,0.477,0.185,0,0.92,0,0.998,False,0,0,,,216,4724,0.078,
POLITICS.POLITICS__ST_NYC_CFB_CAMPAIGN_2025_CONTRIBUTIONS,EMPLOYER_STATE,happened,259480,54,4,2022,2025,0.078,0.113,False,False,False,0.219,0.278,NY,0.9,NY,0.836,False,0,0,,,8493,250986,0.078,
HOUSING.HOUSING__FED_HUD_MF_FIRM_COMMITMENTS,PROGRAM_TYPE,decided,25557,2,27,2000,2026,0.077,0.077,False,False,False,0,0,Basic FHA,0.897,Basic FHA,0.821,False,0,0,,,1716,1412,0.077,
JUSTICE.JUSTICE__FED_COURTLISTENER_POSITIONS,POSITION_TYPE,happened,1728,11,9,2004,2020,0.077,0.09,False,False,False,0.017,0.001,pres-jud,0.719,pres-jud,0.761,False,0,0,,,235,707,0.077,
POLITICS.POLITICS__FED_FJC_JUDGES,COURT_TYPE_2,happened,4065,4,11,1920,1954,0.095,0.071,False,False,False,0.867,0.938,U.S. Court of Appeals,0.905,U.S. Court of Appeals,1.0,False,0,0,,,158,177,0.075,"thin at one end (158 rows early, 177 late) -- ranked down accordingly"
FINANCE.FINANCE__FED_PCAOB_FORM_AP_FILINGS,FIRM_COUNTRY,happened,2670,38,6,2021,2026,0.074,0.074,False,False,False,0,0,United States,0.886,United States,0.842,False,0,0,,,1538,1064,0.074,
SCIENCE_RESEARCH.SCIENCE_RESEARCH__FED_NIH_REPORTER,AWARD_TYPE,happened,2122611,11,27,2000,2026,0.074,0.076,False,False,False,0,0.013,5,0.614,5,0.669,False,0,0,,,206333,207917,0.074,
IMMIGRATION.IMMIGRATION__FED_CMS_HOSPICE_ENROLLMENTS,MULTIPLE_NPI_FLAG,happened,4818,2,23,1994,2023,0.072,0.072,False,False,True,0,0,N,0.928,N,1.0,False,0,1,,Y,237,592,0.072,"CAUTION: rows are dated by when the thing came into existence, so the early years show only what SURVIVED to be in today's register; vanished: 'Y' was 7%"
POLITICS.POLITICS__ST_NYC_CFB_CAMPAIGN_2009_CONTRIBUTION,INTERMEDIARY_STATE,happened,145943,9,7,2003,2009,0.071,0.005,False,False,False,0.974,0.969,NY,1.0,NY,0.929,False,0,0,,,1933,137138,0.071,
EDUCATION.EDUCATION__FED_GOOGLE_POLADS_CREATIVE_STATS,GENDER_TARGETING,span_start,1562870,8,9,2018,2026,0.07,0.116,False,False,False,0.606,0.722,"Male, Female, Unknown gender",0.731,"Male, Female, Unknown gender",0.796,False,0,0,,,425860,711694,0.07,
POLITICS.POLITICS__FEC_CANDIDATE,OFFICE,happened,17891,3,13,2010,2028,0.067,0.067,False,False,False,0,0,H,0.767,H,0.744,False,0,0,,,283,5107,0.067,
POLITICS.POLITICS__CA_LOBBY_AMENDMENTS,FORM_TYPE,reported,25230,2,26,2001,2026,0.067,0.067,False,False,False,0,0,F601,0.845,F601,0.778,False,0,0,,,536,4073,0.067,
HEALTH.HEALTH__FED_FDA_PURPLE_BOOK,DOSAGE_FORM,decided,2213,9,16,1930,2025,0.066,0.066,False,False,False,0,0,Injection,0.85,Injection,0.784,False,0,0,,,233,453,0.066,
POLITICS.POLITICS__ST_NYC_CFB_CAMPAIGN_2021_CONTRIBUTIONS,STATE,happened,457476,55,6,2018,2023,0.066,0.067,False,False,False,0.002,0.002,NY,0.883,NY,0.817,False,0,0,,,165108,292352,0.066,
ENVIRONMENT.ENVIRONMENT__FED_EPA_RCRA_VIOLATIONS,VIOL_DETERMINED_BY_AGENCY,happened,697966,2,45,1982,2026,0.066,0.066,False,False,False,0,0,S,0.857,S,0.923,False,0,0,,,5019,37617,0.066,
ENERGY.ENERGY__INTL_EMBER_ELEC,EMBER_REGION,happened,369264,8,26,2000,2025,0.065,0.065,False,False,False,0,0,Africa,0.254,Europe,0.222,True,0,0,,,43272,33416,0.065,"among values that exist, the most common flipped from 'Africa' (25%) to 'Europe' (22%)"
POLITICS.POLITICS__ST_NYC_CFB_CAMPAIGN_2021_CONTRIBUTIONS,INTERMEDIARY_STATE,happened,457476,12,6,2018,2023,0.06,0.011,False,False,False,0.975,0.985,NY,0.952,NY,0.925,False,0,0,,,165108,292352,0.06,
JUSTICE.JUSTICE__XC_OWID_TERRORISM_DEATHS,WORLD_REGION_ACCORDING_TO_OWID,happened,10481,7,51,1970,2021,0.059,0.053,False,False,False,0.121,0.119,Africa,0.302,Africa,0.274,False,0,0,,,577,647,0.059,
HEALTH.HEALTH__FED_NURSINGHOME411,QM_RATING,decided,14713,6,55,1967,2021,0.059,0.064,False,False,False,0.021,0.009,5,0.341,5,0.383,False,0,0,,,1024,216,0.059,
JUSTICE.JUSTICE__STATE_MO_SEX_OFFENDER_REGISTRY,STATE,happened,28185,11,63,1941,2003,0.069,0.069,False,False,False,0,0,MO,0.982,MO,0.923,False,0,0,,,171,248,0.059,"thin at one end (171 rows early, 248 late) -- ranked down accordingly"
POLITICS.POLITICS__INTL_ELECTIONS_CANADA_CONTRIBUTIONS,CONTRIBUTOR_TYPE,happened,12600637,4,29,2003,2031,0.057,0.057,False,False,False,0,0,Individuals,0.936,Individuals,0.993,False,0,0,,,331357,284,0.057,
ENERGY.ENERGY__FED_EIA860_3_5_MULTIFUEL,STATUS,happened,2893,3,16,1971,2011,0.066,0.066,False,True,True,0,0,OP,0.928,OP,0.994,False,0,0,,,235,166,0.055,"CAUTION: a status column normally reads as of today, not as of the row's year; CAUTION: rows are dated by when the thing came into existence, so the early years show only what SURVIVED to be in today's register; thin at one end (235 rows early, 166 late) -- ranked down accordingly"
POLITICS.POLITICS__ST_NYC_CFB_CAMPAIGN_2025_CONTRIBUTIONS,INTERMEDIARY_EMPLOYER_STATE,happened,259480,10,4,2022,2025,0.055,0.013,False,False,False,0.987,0.973,NY,1.0,NY,0.945,False,0,0,,,8493,250986,0.055,
HOUSING.HOUSING__FED_FHFA_HPI,HPI_TYPE,happened,184807,5,52,1975,2026,0.054,0.054,False,False,False,0,0,traditional,1.0,traditional,0.946,False,0,0,,,1220,10782,0.054,
ECONOMICS.ECONOMICS__FED_FAC_SINGLE_AUDIT,ENTITY_TYPE,reported,411638,6,11,2016,2026,0.054,0.054,False,False,False,0,0,non-profit,0.522,non-profit,0.489,False,0,0,,,83578,125876,0.054,
HEALTH.HEALTH__FED_CDC_HEALTH_INSURANCE,STATE,span_start,16056,52,5,2020,2024,0.05,0.05,False,False,False,0,0,United States,0.281,United States,0.331,False,0,0,,,8721,4572,0.05,
TRANSPORT.TRANSPORT__FED_FRA_CROSSING_INCIDENTS,TRACK_TYPE,happened,251139,5,52,1975,2026,0.05,0.053,False,False,False,0.003,0.0,Main,0.837,Main,0.884,False,0,0,,,38718,5386,0.05,
FINANCE.FINANCE__FED_SEC_INSIDER_DERIV_TRANS,TRANS_FORM_TYPE,happened,1049116,2,19,2007,2025,0.05,0.05,False,False,False,0,0,4,0.939,4,0.989,False,0,0,,,279,258414,0.05,
HEALTH.HEALTH__FED_NURSINGHOME411,OWNERSHIP_TYPE,decided,14713,3,55,1967,2021,0.049,0.049,False,False,False,0,0,For profit,0.73,For profit,0.764,False,0,0,,,1024,216,0.049,
POLITICS.POLITICS__ST_NYC_CFB_CAMPAIGN_2013_CONTRIBUTION,INTERMEDIARY_EMPLOYER_STATE,happened,197886,13,10,2000,2013,0.049,0.032,False,False,False,0.963,0.932,NY,1.0,NY,0.951,False,0,0,,,1965,178375,0.049,
HEALTH.HEALTH__FED_DEA_ARCOS,REPORTER_STATE,happened,178598021,50,7,2006,2012,0.049,0.049,False,False,False,0,0,CA,0.117,CA,0.106,False,0,0,,,68470733,84648617,0.049,
TRANSPORT.TRANSPORT__FED_FRA_EQUIPMENT_ACCIDENTS,REPORTING_RAILROAD_CLASS,happened,224940,5,52,1975,2026,0.048,0.048,False,False,False,0,0,Class I,0.72,Class I,0.711,False,0,0,,,34623,5748,0.048,
ECONOMICS.ECONOMICS__INTL_IT_ISTAT,OBS_STATUS,happened,213284,3,4,2020,2023,0.047,0.001,False,True,False,0.999,0.999,c,0.601,c,0.648,False,0,0,,,106287,106997,0.047,"CAUTION: a status column normally reads as of today, not as of the row's year"
ENVIRONMENT.ENVIRONMENT__FED_NOAA_STORM_EVENTS,CZ_TYPE,happened,1780730,3,30,1996,2025,0.047,0.047,False,False,False,0,0,C,0.616,C,0.569,False,0,0,,,141498,217754,0.047,
FINANCE.FINANCE__FED_FDIC_SOD_BRANCH_DEPOSITS,BRANCH_SERVICE_TYPE,happened,2823000,15,32,1994,2025,0.047,0.047,False,False,False,0,0,11,0.979,11,0.934,False,0,0,,,243671,230617,0.047,
POLITICS.POLITICS__CA_LOBBY_COVER,FORM_TYPE,reported,524698,4,27,2000,2026,0.045,0.045,False,False,False,0,0,F635,0.6,F635,0.587,False,0,0,,,31098,76929,0.045,
HEALTH.HEALTH__FED_CDC_ANXIETY_DEPRESSION,STATE,span_start,16794,52,5,2020,2024,0.044,0.044,False,False,False,0,0,United States,0.313,United States,0.357,False,0,0,,,9135,4761,0.044,
TRANSPORT.TRANSPORT__FED_NTSB_AVIATION_EVENTS,EV_TYPE,happened,30968,2,19,2008,2026,0.044,0.044,False,False,False,0,0,ACC,0.937,ACC,0.893,False,0,0,,,5461,4164,0.044,
JUSTICE.JUSTICE__FED_FJC_IDB_APPELLATE,PUBLICATION_STATUS,happened,146064,7,21,2006,2026,0.044,0.044,False,True,False,0,0,2,0.534,2,0.501,False,0,0,,,15639,12211,0.044,"CAUTION: a status column normally reads as of today, not as of the row's year"
HEALTH.HEALTH__XC_GUTTMACHER_MONTHLY_ABORTION,STATE,happened,2040,54,4,2023,2026,0.043,0.043,False,False,False,0,0,WI,0.02,TN,0.019,True,0,0,,,1230,810,0.043,"among values that exist, the most common flipped from 'WI' (2%) to 'TN' (2%)"
POLITICS.POLITICS__FED_MEDSL_SENATE_RETURNS,PARTY_SIMPLIFIED,happened,3945,5,25,1976,2024,0.043,0.044,False,False,False,0,0.004,OTHER,0.436,OTHER,0.448,False,0,0,,,404,520,0.043,
POLITICS.POLITICS__BILL_COSPONSORS,COSPONSOR_STATE,happened,367735,56,4,2023,2026,0.043,0.043,False,False,False,0,0,CA,0.116,CA,0.112,False,0,0,,,206489,161246,0.043,
ENERGY.ENERGY__FED_EIA860_3_2_WIND,SECTOR,happened,1563,5,14,2007,2021,0.042,0.042,False,False,True,0,0,2,0.782,2,0.754,False,0,0,,,280,228,0.042,"CAUTION: rows are dated by when the thing came into existence, so the early years show only what SURVIVED to be in today's register"
ENERGY.ENERGY__FED_EIA860_3_2_WIND,SECTOR_NAME,happened,1563,5,14,2007,2021,0.042,0.042,False,False,True,0,0,IPP Non-CHP,0.782,IPP Non-CHP,0.754,False,0,0,,,280,228,0.042,"CAUTION: rows are dated by when the thing came into existence, so the early years show only what SURVIVED to be in today's register"
HEALTH.HEALTH__FED_CMS_NURSING_HOME_FIRE_DEFICIENCIES,DEFICIENCY_CATEGORY,happened,200030,8,10,2017,2026,0.04,0.04,False,False,False,0,0,Smoke Deficiencies,0.377,Smoke Deficiencies,0.395,False,0,0,,,12178,108987,0.04,
ECONOMICS.ECONOMICS__FED_FAC_SINGLE_AUDIT,AUDITOR_STATE,reported,411638,58,11,2016,2026,0.04,0.04,False,False,False,0,0.002,CA,0.087,CA,0.082,False,0,0,,,83578,125876,0.04,
POLITICS.POLITICS__BILL_COSPONSORS,COSPONSOR_PARTY,happened,367735,3,4,2023,2026,0.039,0.039,False,False,False,0,0,D,0.598,D,0.637,False,0,0,,,206489,161246,0.039,
LABOR.LABOR__FED_DOL_OLMS,AMENDED_FLAG,happened,617552,3,27,2000,2026,0.039,0.934,True,False,False,0.993,0.059,F,1.0,F,0.961,False,0,0,,,86400,40539,0.039,"the field was blank in 99% of the early records -- it was added later, so the headline flip is the column arriving"
FINANCE.FINANCE__FED_SEC_INSIDER_NONDERIV_TRANS,FORM_TYPE,happened,2672825,3,17,2002,2025,0.039,0.039,False,False,False,0,0.0,4,0.946,4,0.984,False,0,0,,,443,676111,0.039,
ECONOMICS.ECONOMICS__INTL_FAO_FAOSTAT_FOOD_SECURITY,UNIT,happened,144366,7,26,2000,2025,0.037,0.061,False,False,False,0.026,0,%,0.472,%,0.476,False,0,0,,,14091,10336,0.037,
JUSTICE.JUSTICE__FED_FJC_IDB_CRIMINAL,TYPE_REG,happened,6299908,2,68,1954,2026,0.037,0.037,False,False,False,0,0,CR,1.0,CR,0.963,False,0,0,,,347,265874,0.037,
ECONOMICS.ECONOMICS__FED_FAC_SINGLE_AUDIT,AUDITEE_STATE,reported,411638,59,11,2016,2026,0.036,0.036,False,False,False,0,0,CA,0.094,CA,0.09,False,0,0,,,83578,125876,0.036,
POLITICS.POLITICS__ST_CANNABIS_POLICY_BUNDLES,STATE_COURT_SIG_ACTION,happened,1500,2,30,1994,2023,0.047,0.047,False,False,False,0,0,0,1.0,0,0.953,False,0,0,,,150,150,0.035,"thin at one end (150 rows early, 150 late) -- ranked down accordingly"
ENERGY.ENERGY__INTL_EMBER_ELEC,CATEGORY,happened,369264,5,26,2000,2025,0.035,0.035,False,False,False,0,0,Electricity generation,0.469,Electricity generation,0.491,False,0,0,,,43272,33416,0.035,
ENERGY.ENERGY__INTL_EMBER_ELEC,UNIT,happened,369264,6,26,2000,2025,0.035,0.035,False,False,False,0,0,TWh,0.273,TWh,0.286,False,0,0,,,43272,33416,0.035,
JUSTICE.JUSTICE__FED_FJC_IDB_APPELLATE,OUTCOME,happened,146064,8,21,2006,2026,0.035,0.035,False,False,False,0,0,1,0.632,1,0.629,False,0,0,,,15639,12211,0.035,
JUSTICE.JUSTICE__FED_FJC_IDB_CIVIL,TERM_CLASS_ACTION,happened,813782,3,46,1981,2026,0.035,0.035,False,False,False,0,0,-8,0.953,-8,0.988,False,0,0,,,599,21463,0.035,
IMMIGRATION.IMMIGRATION__FED_ICE_DETAINERS,GENDER,happened,609729,3,63,1948,2010,0.034,0.034,False,False,False,0,0,Male,0.923,Male,0.898,False,0,0,,,271,816,0.034,
POLITICS.POLITICS__ST_NYC_CFB_CAMPAIGN_2025_CONTRIBUTIONS,CANDIDATE_CLASS,happened,259480,3,4,2022,2025,0.032,0.039,False,False,False,0,0.007,P,1.0,P,0.968,False,0,0,,,8493,250986,0.032,
FINANCE.FINANCE__FED_FDIC_SOD_BRANCH_DEPOSITS,CHARTER_TYPE,happened,2823000,2,32,1994,2025,0.032,0.032,False,False,False,0,0,FED,0.518,STATE,0.513,True,0,0,,,243671,230617,0.032,"among values that exist, the most common flipped from 'FED' (52%) to 'STATE' (51%)"
LABOR.LABOR__FED_MSHA_VIOLATIONS,MINE_TYPE,happened,3087265,4,27,2000,2026,0.032,0.032,False,False,False,0,0.0,Surface,0.478,Surface,0.491,False,0,0,,,346028,222286,0.032,
JUSTICE.JUSTICE__FED_FJC_IDB_CIVIL,TRANSFER_OFFICE,happened,813782,11,46,1981,2026,0.032,0.032,False,False,False,0,0,-8,0.955,-8,0.944,False,0,0,,,599,21463,0.032,
LABOR.LABOR__FED_DOL_OLMS,FORM_TYPE,happened,617552,4,27,2000,2026,0.031,0.031,False,False,False,0,0,LM-3,0.445,LM-3,0.426,False,0,0,,,86400,40539,0.031,
HEALTH.HEALTH__FED_CDC_NNDSS_WEEKLY_2024,CUMULATIVE_YTD_PREVIOUS_MMWR_YEAR_FLAG,reported,1932840,5,5,2022,2026,0.031,0.392,False,False,False,0.003,0.39,-,0.944,-,0.922,False,1,0,(blank),,813470,693490,0.031,appeared mid-series: '(blank)' now 39%
POLITICS.POLITICS__FED_FJC_SERVICE,JUDICIARY_COMMITTEE_ACTION,decided,4731,4,27,1961,2024,0.032,0.122,False,False,False,0.093,0,Reported (favorably),0.962,Reported (favorably),0.979,False,0,1,,,205,187,0.03,"thin at one end (205 rows early, 187 late) -- ranked down accordingly; vanished: '' was 9%"
FINANCE.FINANCE__FED_PCAOB_FORM_AP_FILINGS,LATEST_FORM_AP_FILING,happened,2670,2,6,2021,2026,0.03,0.03,False,False,False,0,0,1,0.945,1,0.976,False,0,0,,,1538,1064,0.03,
ENVIRONMENT.ENVIRONMENT__FED_EPA_ICIS_AIR_ICIS_AIR_TITLEV_CERTS,STATE_EPA_FLAG,reported,493105,3,28,1999,2026,0.03,0.03,False,False,False,0,0,S,0.935,S,0.906,False,0,0,,,4548,35313,0.03,
POLITICS.POLITICS__BILL_COSPONSORS,BILL_TYPE,happened,367735,8,4,2023,2026,0.029,0.029,False,False,False,0,0,HR,0.651,HR,0.667,False,0,0,,,206489,161246,0.029,
CONSUMER_SAFETY.CONSUMER_SAFETY__FED_NHTSA_COMPLAINTS,PROD_TYPE,happened,2117711,5,44,1901,2026,0.029,0.029,False,False,False,0,0.0,V,0.956,V,0.985,False,0,0,,,6408,244444,0.029,
ENVIRONMENT.ENVIRONMENT__FED_USCG_NRC_INCIDENT_REPORTS,RESPONSIBLE_ORG_TYPE,reported,116662,15,5,2020,2024,0.028,0.028,False,False,False,0.002,0.002,PRIVATE ENTERPRISE,0.451,PRIVATE ENTERPRISE,0.44,False,0,0,,,47043,46109,0.028,
POLITICS.POLITICS__ST_NYC_CFB_CAMPAIGN_2009_CONTRIBUTION,INTERMEDIARY_EMPLOYER_STATE,happened,145943,9,7,2003,2009,0.028,0.008,False,False,False,0.98,0.972,NY,1.0,NY,0.972,False,0,0,,,1933,137138,0.028,
HEALTH.HEALTH__FED_CDC_NNDSS_WEEKLY_2024,CUMULATIVE_YTD_CURRENT_MMWR_YEAR_FLAG,reported,1932840,4,5,2022,2026,0.028,0.341,False,True,False,0.003,0.337,-,0.964,-,0.936,False,1,0,(blank),,813470,693490,0.028,"CAUTION: a status column normally reads as of today, not as of the row's year; appeared mid-series: '(blank)' now 34%"
JUSTICE.JUSTICE__XC_WAPO_FATAL_FORCE,RACE,happened,10430,11,10,2015,2024,0.027,0.166,False,False,False,0.04,0.203,W,0.511,W,0.496,False,0,0,,,2938,3436,0.027,
HEALTH.HEALTH__FED_NURSINGHOME411,SPECIAL_FOCUS_STATUS,decided,14713,3,55,1967,2021,0.027,0.02,False,True,False,0.957,0.977,SFF Candidate,0.773,SFF Candidate,0.8,False,0,0,,,1024,216,0.027,"CAUTION: a status column normally reads as of today, not as of the row's year"
HEALTH.HEALTH__FED_DEA_ARCOS,BUYER_STATE,happened,178598021,57,7,2006,2012,0.027,0.027,False,False,False,0,0,CA,0.079,CA,0.077,False,0,0,,,68470733,84648617,0.027,
HEALTH.HEALTH__FED_CMS_HOSPITAL_ENROLLMENTS,MULTIPLE_NPI_FLAG,happened,6026,2,46,1945,2021,0.031,0.031,False,False,True,0,0,N,0.905,N,0.935,False,0,0,,,168,263,0.026,"CAUTION: rows are dated by when the thing came into existence, so the early years show only what SURVIVED to be in today's register; thin at one end (168 rows early, 263 late) -- ranked down accordingly"
ECONOMICS.ECONOMICS__FED_SBA_LOANS,PROGRAM,happened,1869773,2,37,1990,2026,0.026,0.026,False,False,False,0,0, 7A,0.941, 7A,0.915,False,0,0,,,36923,133160,0.026,
HEALTH.HEALTH__FED_CMS_RURAL_HEALTH_CLINIC_ENROLLMENTS,MULTIPLE_NPI_FLAG,happened,3541,2,24,1995,2021,0.026,0.026,False,False,True,0,0,N,0.969,N,0.995,False,0,0,,,196,206,0.025,"CAUTION: rows are dated by when the thing came into existence, so the early years show only what SURVIVED to be in today's register; thin at one end (196 rows early, 206 late) -- ranked down accordingly"
ENVIRONMENT.ENVIRONMENT__FED_EPA_SDWA_SDWA_VIOLATIONS_ENFORCEMENT,VIOLATION_STATUS,happened,4164749,4,60,1902,2026,0.024,0.024,False,True,False,0,0,Resolved,0.838,Resolved,0.861,False,0,0,,,924,404391,0.024,"CAUTION: a status column normally reads as of today, not as of the row's year"
ECONOMICS.ECONOMICS__FED_TREASURY_DTS_DEPOSITS,TRANSACTION_TYPE,happened,478149,2,22,2005,2026,0.023,0.023,False,False,False,0,0,Withdrawals,0.585,Withdrawals,0.562,False,0,0,,,30574,118479,0.023,
HOUSING.HOUSING__FED_HUD_MF_FIRM_COMMITMENTS,FACILITY_TYPE,decided,25557,5,27,2000,2026,0.022,0.022,False,False,False,0,0,Apartment,0.972,Apartment,0.994,False,0,0,,,1716,1412,0.022,
JUSTICE.JUSTICE__FED_COURTLISTENER_JUDGE_POLITICAL_AFFILIATIONS,SOURCE,span_start,4117,4,23,1961,2019,0.026,0.031,False,False,False,0,0.005,a,0.994,a,0.968,False,0,0,,,167,191,0.021,"thin at one end (167 rows early, 191 late) -- ranked down accordingly"
HEALTH.HEALTH__FED_FDA_DEVICE_510K,THIRD_PARTY_FLAG,reported,175686,2,51,1976,2026,0.021,0.021,False,False,False,0,0,N,1.0,N,0.979,False,0,0,,,5406,6914,0.021,
ENVIRONMENT.ENVIRONMENT__FED_EPA_SDWA_SDWA_PUB_WATER_SYSTEMS,PRIMACY_TYPE,happened,291116,3,51,1970,2026,0.021,0.021,False,False,False,0,0,State,0.975,State,0.995,False,0,0,,,2528,6286,0.021,
POLITICS.POLITICS__FED_FJC_JUDGES,COURT_TYPE_1,happened,4065,3,11,1920,1954,0.025,0.025,False,False,False,0,0,U.S. District Court,0.854,U.S. District Court,0.831,False,0,0,,,158,177,0.02,"thin at one end (158 rows early, 177 late) -- ranked down accordingly"
ECONOMICS.ECONOMICS__FED_TREASURY_AVG_INTEREST_RATES,SECURITY_TYPE_DESC,happened,4961,3,26,2001,2026,0.02,0.02,False,False,False,0,0,Non-marketable,0.508,Non-marketable,0.527,False,0,0,,,563,491,0.02,
HOUSING.HOUSING__FED_HUD_MF_SECTION8_CONTRACTS,TRACS_STATUS_NAME,span_start,24309,5,21,2006,2026,0.02,0.02,False,True,False,0,0,Active,0.973,Active,0.953,False,0,0,,,448,8869,0.02,"CAUTION: a status column normally reads as of today, not as of the row's year"
ENERGY.ENERGY__FED_EIA860_3_1_GENERATOR,STATUS,happened,26854,4,91,1912,2024,0.021,0.021,False,True,True,0,0,OP,0.973,OP,0.991,False,0,0,,,183,2770,0.019,"CAUTION: a status column normally reads as of today, not as of the row's year; CAUTION: rows are dated by when the thing came into existence, so the early years show only what SURVIVED to be in today's register; thin at one end (183 rows early, 2,770 late) -- ranked down accordingly"
TRANSPORT.TRANSPORT__FED_NTSB_AVIATION_AIRCRAFT,ACFT_CATEGORY,happened,20662,10,20,2007,2026,0.019,0.019,False,False,False,0,0,AIR,0.865,AIR,0.877,False,0,0,,,2966,1863,0.019,
ENVIRONMENT.ENVIRONMENT__FED_EPA_ICIS_AIR_ICIS_AIR_FORMAL_ACTIONS,ACTIVITY_TYPE_DESC,decided,105968,2,52,1975,2026,0.019,0.019,False,False,False,0,0,Administrative - Formal,0.979,Administrative - Formal,0.96,False,0,0,,,339,5834,0.019,
POLITICS.POLITICS__ST_NYC_CFB_CAMPAIGN_2021_CONTRIBUTIONS,INTERMEDIARY_EMPLOYER_STATE,happened,457476,11,6,2018,2023,0.019,0.009,False,False,False,0.984,0.993,NY,0.975,NY,0.977,False,0,0,,,165108,292352,0.019,
ECONOMICS.ECONOMICS__FED_TREASURY_MTS_RECEIPTS,RECORD_TYPE_CD,happened,7490,3,12,2015,2026,0.018,0.018,False,False,False,0,0,RSG,0.702,RSG,0.685,False,0,0,,,1841,1665,0.018,
ECONOMICS.ECONOMICS__FED_TREASURY_MTS_RECEIPTS,SEQUENCE_LEVEL_NBR,happened,7490,4,12,2015,2026,0.018,0.018,False,False,False,0,0,2,0.351,2,0.342,False,0,0,,,1841,1665,0.018,
POLITICS.POLITICS__ST_NYC_CFB_CAMPAIGN_2013_CONTRIBUTION,RR_INDICATOR,happened,197886,3,10,2000,2013,0.018,0.021,False,False,False,0,0.003,N,1.0,N,0.982,False,0,0,,,1965,178375,0.018,
POLITICS.POLITICS__XC_OWID_CPI,WORLD_REGION_ACCORDING_TO_OWID,happened,2312,6,13,2012,2024,0.016,0.016,False,False,False,0,0,Africa,0.303,Africa,0.3,False,0,0,,,528,540,0.016,
JUSTICE.JUSTICE__FED_COURTLISTENER_POSITIONS,LOCATION_STATE,happened,1728,4,9,2004,2020,0.015,0.017,False,False,False,0.017,0.033,TX,0.887,TX,0.901,False,0,0,,,235,707,0.015,
POLITICS.POLITICS__ST_NYC_CFB_CAMPAIGN_2009_CONTRIBUTION,RR_INDICATOR,happened,145943,2,7,2003,2009,0.015,0.015,False,False,False,0,0,N,1.0,N,0.985,False,0,0,,,1933,137138,0.015,
JUSTICE.JUSTICE__FED_FJC_IDB_BANKRUPTCY,DEBTOR_TYPE,reported,6965441,4,48,1973,2026,0.015,0.015,False,False,False,0,0,i,0.96,i,0.974,False,0,0,,,519,1925668,0.015,
JUSTICE.JUSTICE__FED_FJC_IDB_BANKRUPTCY,ORIGINAL_DEBTOR_TYPE,reported,6965441,4,48,1973,2026,0.015,0.015,False,False,False,0,0,i,0.96,i,0.974,False,0,0,,,519,1925668,0.015,
JUSTICE.JUSTICE__FED_FJC_IDB_APPELLATE,TERMINATION_FEE_STATUS,happened,146064,2,21,2006,2026,0.013,0.013,False,True,False,0,0,N,0.874,N,0.861,False,0,0,,,15639,12211,0.013,"CAUTION: a status column normally reads as of today, not as of the row's year"
POLITICS.POLITICS__FED_FJC_SERVICE,COURT_TYPE,decided,4731,4,27,1961,2024,0.013,0.013,False,False,False,0,0,U.S. District Court,0.805,U.S. District Court,0.807,False,0,0,,,205,187,0.012,"thin at one end (205 rows early, 187 late) -- ranked down accordingly"
HEALTH.HEALTH__FED_CDC_SUICIDE_RATES,UNIT,happened,6390,2,42,1950,2018,0.012,0.012,False,False,False,0,0,"Deaths per 100,000 resident population, crude",0.877,"Deaths per 100,000 resident population, crude",0.865,False,0,0,,,414,600,0.012,
POLITICS.POLITICS__BILLS,BILL_TYPE,happened,36465,8,4,2023,2026,0.012,0.012,False,False,False,0,0,HR,0.547,HR,0.553,False,0,0,,,19314,17151,0.012,
POLITICS.POLITICS__TX_LOBBY_COVER,FORM_TYPE_CD,reported,283802,2,35,1992,2026,0.012,0.012,False,False,False,0,0,LOBBYACT,0.999,LOBBYACT,0.987,False,0,0,,,10529,31224,0.012,
ENERGY.ENERGY__INTL_EMBER_ELEC,AREA_TYPE,happened,369264,2,26,2000,2025,0.012,0.012,False,False,False,0,0,Country or economy,0.941,Country or economy,0.929,False,0,0,,,43272,33416,0.012,
HEALTH.HEALTH__FED_CDC_NNDSS_WEEKLY_2024,CURRENT_WEEK_FLAG,reported,1932840,4,5,2022,2026,0.012,0.116,False,True,False,0.001,0.11,-,0.964,-,0.952,False,1,0,(blank),,813470,693490,0.012,"CAUTION: a status column normally reads as of today, not as of the row's year; appeared mid-series: '(blank)' now 11%"
ENVIRONMENT.ENVIRONMENT__FED_PHMSA_FLAGGED_INCIDENTS,COMMODITY_RELEASED_TYPE,happened,2039,3,17,2010,2026,0.011,0.039,False,False,False,0.028,0,NATURAL GAS,0.986,NATURAL GAS,0.997,False,0,0,,,360,317,0.011,
IMMIGRATION.IMMIGRATION__FED_ICE_DETAINERS,ENTRY_STATUS,happened,609729,5,63,1948,2010,0.011,0.048,False,True,False,0.218,0.265,Not  Applicable,0.986,Not  Applicable,0.995,False,0,0,,,271,816,0.011,"CAUTION: a status column normally reads as of today, not as of the row's year"
HEALTH.HEALTH__FED_CMS_MEDICARE_DIALYSIS_FACILITIES,STATE,happened,11622422,56,4,2021,2024,0.011,0.011,False,False,False,0,0,CA,0.103,CA,0.105,False,0,0,,,5916270,5706152,0.011,
ECONOMICS.ECONOMICS__FED_TREASURY_MTS_RECEIPTS,DATA_TYPE_CD,happened,7490,3,12,2015,2026,0.01,0.01,False,False,False,0,0,D,0.575,D,0.586,False,0,0,,,1841,1665,0.01,
HEALTH.HEALTH__FED_CMS_FEDERALLY_QUALIFIED_HEALTH_CENTER_ENROLLMENTS,MULTIPLE_NPI_FLAG,happened,9092,2,54,1960,2023,0.011,0.011,False,False,True,0,0,N,0.984,N,0.995,False,0,0,,,192,210,0.01,"CAUTION: rows are dated by when the thing came into existence, so the early years show only what SURVIVED to be in today's register; thin at one end (192 rows early, 210 late) -- ranked down accordingly"
JUSTICE.JUSTICE__XC_MAPPING_POLICE_VIOLENCE,VICTIM_S_GENDER,happened,15476,8,14,2013,2026,0.009,0.009,False,False,False,0,0,Male,0.947,Male,0.938,False,0,0,,,3213,3109,0.009,
ECONOMICS.ECONOMICS__FED_DOL_FORM5500,TYPE_PLAN_ENTITY_CD,happened,33066,4,56,1969,2025,0.009,0.009,False,False,False,0,0,2,0.995,2,0.986,False,0,0,,,216,4724,0.009,
HEALTH.HEALTH__FED_FDA_DEVICE_510K,DECISION_DESCRIPTION,reported,175686,2,51,1976,2026,0.009,0.009,False,False,False,0,0,Substantially Equivalent,0.999,Substantially Equivalent,0.99,False,0,0,,,5406,6914,0.009,
ENERGY.ENERGY__FED_EIA860_3_3_SOLAR,STATUS,happened,7153,3,15,2010,2024,0.008,0.008,False,True,True,0,0,OP,0.992,OP,1.0,False,0,0,,,515,1772,0.008,"CAUTION: a status column normally reads as of today, not as of the row's year; CAUTION: rows are dated by when the thing came into existence, so the early years show only what SURVIVED to be in today's register"
REFERENCE.REFERENCE__XC_ROR_RESEARCH_ORGANIZATIONS,STATUS,happened,108761,3,186,1834,2025,0.01,0.01,False,True,True,0,0,active,0.994,active,0.984,False,0,0,,,168,637,0.008,"CAUTION: a status column normally reads as of today, not as of the row's year; CAUTION: rows are dated by when the thing came into existence, so the early years show only what SURVIVED to be in today's register; thin at one end (168 rows early, 637 late) -- ranked down accordingly"
FINANCE.FINANCE__FED_SEC_INSIDER_NONDERIV_TRANS,OWNERSHIP_FORM,happened,2672825,2,17,2002,2025,0.008,0.008,False,False,False,0,0,D,0.858,D,0.85,False,0,0,,,443,676111,0.008,
JUSTICE.JUSTICE__FED_FJC_IDB_CIVIL,CLASS_ACTION,happened,813782,2,46,1981,2026,0.008,0.008,False,False,False,0,0,-8,0.953,-8,0.945,False,0,0,,,599,21463,0.008,
ENERGY.ENERGY__FED_EIA860_3_2_WIND,STATUS,happened,1563,3,14,2007,2021,0.007,0.007,False,True,True,0,0,OP,0.989,OP,0.996,False,0,0,,,280,228,0.007,"CAUTION: a status column normally reads as of today, not as of the row's year; CAUTION: rows are dated by when the thing came into existence, so the early years show only what SURVIVED to be in today's register"
REGULATORY.REGULATORY__FED_FEDERAL_REGISTER_DOCUMENTS,TYPE,reported,94731,4,4,2023,2026,0.007,0.007,False,False,False,0,0,Notice,0.818,Notice,0.813,False,0,0,,,59147,35584,0.007,
FINANCE.FINANCE__FED_PCAOB_FORM_AP_FILINGS,AUDIT_REPORT_TYPE,happened,2670,3,6,2021,2026,0.007,0.007,False,False,False,0,0,"Issuer, other than Employee Benefit Plan or Investment Company",0.983,"Issuer, other than Employee Benefit Plan or Investment Company",0.978,False,0,0,,,1538,1064,0.007,
POLITICS.POLITICS__BILLS,BILL_CLASS,happened,36465,4,4,2023,2026,0.006,0.006,False,False,False,0,0,bill,0.839,bill,0.841,False,0,0,,,19314,17151,0.006,
REVIEW.LEAD_QUEUE,CONFIDENCE_TIER,decided,1019,3,5,2022,2026,0.007,0.007,False,False,False,0,0,FACT_GRADE_3_SOURCE,0.993,FACT_GRADE_3_SOURCE,0.986,False,0,0,,,138,432,0.005,"thin at one end (138 rows early, 432 late) -- ranked down accordingly"
TRANSPORT.TRANSPORT__FED_NTSB_AVIATION_AIRCRAFT,MED_TYPE_FLIGHT,happened,20662,4,20,2007,2026,0.005,0.005,False,False,False,0,0,None,0.996,None,0.991,False,0,0,,,2966,1863,0.005,
JUSTICE.JUSTICE__FED_FJC_IDB_APPELLATE,FILING_FEE_STATUS,happened,146064,2,21,2006,2026,0.005,0.005,False,True,False,0,0,-8,0.874,-8,0.879,False,0,0,,,15639,12211,0.005,"CAUTION: a status column normally reads as of today, not as of the row's year"
REFERENCE.REFERENCE__FED_ITIS_TAXONOMIC_UNITS,UNIT_IND2,reported,993346,2,31,1996,2026,0.005,0.005,False,False,False,0,0,None,0.995,None,1.0,False,0,0,,,265841,65725,0.005,
ENVIRONMENT.ENVIRONMENT__FED_EPA_SUPERFUND_SITE_BOUNDARIES,SITE_FEATURE_CLASS,reported,1859,3,8,2007,2023,0.004,0.004,False,False,False,0,0,5,1.0,5,0.996,False,0,0,,,452,854,0.004,
ENVIRONMENT.ENVIRONMENT__FED_USCG_NRC_INCIDENT_REPORTS,SOURCE,reported,116662,6,5,2020,2024,0.004,0.004,False,False,False,0.0,0,TELEPHONE,0.982,TELEPHONE,0.986,False,0,0,,,47043,46109,0.004,
TRANSPORT.TRANSPORT__FED_FAA_REGISTRY,COUNTRY,happened,246006,10,99,1928,2026,0.004,0.033,False,False,False,0.004,0.034,US,0.998,US,0.996,False,0,0,,,510,8667,0.004,
CORPORATE_REGISTRY.CORPORATE_REGISTRY__UK_COMPANIES_HOUSE_PSC,KIND,happened,6489396,2,105,1919,2023,0.004,0.004,False,False,False,0,0,individual-person-with-significant-control,0.991,individual-person-with-significant-control,0.995,False,0,0,,,233,1476,0.004,
POLITICS.POLITICS__ST_NYC_CFB_CAMPAIGN_2009_CONTRIBUTION,SEGREGATED_INDICATOR,happened,145943,3,7,2003,2009,0.003,0.007,False,False,False,0.001,0.005,N,1.0,N,0.997,False,0,0,,,1933,137138,0.003,
HEALTH.HEALTH__FED_CMS_HOSPITAL_ENROLLMENTS,REH_CONVERSION_FLAG,happened,6026,2,46,1945,2021,0.002,0.002,False,False,True,0,0,N,0.994,N,0.996,False,0,0,,,168,263,0.002,"CAUTION: rows are dated by when the thing came into existence, so the early years show only what SURVIVED to be in today's register; thin at one end (168 rows early, 263 late) -- ranked down accordingly"
POLITICS.POLITICS__ST_NYC_CFB_CAMPAIGN_2025_CONTRIBUTIONS,SEGREGATED_INDICATOR,happened,259480,3,4,2022,2025,0.002,0.002,False,False,False,0.01,0.008,N,1.0,N,0.998,False,0,0,,,8493,250986,0.002,
ECONOMICS.ECONOMICS__FED_FAC_SINGLE_AUDIT,AUDIT_TYPE,reported,411638,2,11,2016,2026,0.002,0.002,False,False,False,0,0,single-audit,0.996,single-audit,0.994,False,0,0,,,83578,125876,0.002,
HEALTH.HEALTH__FED_CMS_MEDICARE_DIALYSIS_FACILITIES,OWNERSHIP_TYPE,happened,11622422,3,4,2021,2024,0.002,0.002,False,False,False,0,0,For Profit,0.901,For Profit,0.903,False,0,0,,,5916270,5706152,0.002,
JUSTICE.JUSTICE__XC_WAPO_FATAL_FORCE,GENDER,happened,10430,4,10,2015,2024,0.001,0.007,False,False,False,0,0.006,male,0.956,male,0.956,False,0,0,,,2938,3436,0.001,
JUSTICE.JUSTICE__FED_COURTLISTENER_POSITIONS,SECTOR,happened,1728,3,9,2004,2020,0.001,0.01,False,False,False,0.004,0.013,2,0.996,2,0.994,False,0,0,,,235,707,0.001,
HEALTH.HEALTH__FED_CDC_DRUG_POISONING_COUNTY,STATE,happened,53387,51,17,1999,2015,0.001,0.001,False,False,False,0,0,Texas,0.081,Texas,0.081,False,0,0,,,9417,9421,0.001,
HEALTH.HEALTH__FED_CDC_DRUG_POISONING_COUNTY,FIPS_STATE,happened,53387,51,17,1999,2015,0.001,0.001,False,False,False,0,0,48,0.081,48,0.081,False,0,0,,,9417,9421,0.001,
POLITICS.POLITICS__ST_NYC_CFB_CAMPAIGN_2021_CONTRIBUTIONS,CANDIDATE_CLASS,happened,457476,4,6,2018,2023,0.001,0.002,False,False,False,0.0,0.002,P,0.959,P,0.959,False,0,0,,,165108,292352,0.001,
JUSTICE.JUSTICE__FED_FJC_IDB_APPELLATE,OPINION_DISPOSITION,happened,146064,4,21,2006,2026,0.001,0.001,False,False,False,0,0,-8,0.998,-8,0.997,False,0,0,,,15639,12211,0.001,
REFERENCE.REFERENCE__FED_ITIS_TAXONOMIC_UNITS,UNIT_IND4,reported,993346,4,31,1996,2026,0.001,0.001,False,False,False,0,0,None,0.999,None,1.0,False,0,0,,,265841,65725,0.001,
JUSTICE.JUSTICE__FED_FJC_IDB_CRIMINAL,TYPE_TRN,happened,6299908,2,68,1954,2026,0.001,0.001,False,False,False,0,0,-8,1.0,-8,0.999,False,0,0,,,347,265874,0.001,
JUSTICE.JUSTICE__FED_FJC_IDB_BANKRUPTCY,CASE_TYPE,reported,6965441,2,48,1973,2026,0.001,0.001,False,False,False,0,0,v,1.0,v,0.999,False,0,0,,,519,1925668,0.001,
HEALTH.HEALTH__FED_VA_SUICIDE_STATE,STATE,happened,1196,52,23,2001,2023,0.0,0.0,False,False,False,0,0,Connecticut,0.019,Pennsylvania,0.019,True,0,0,,,156,156,0.0,"among values that exist, the most common flipped from 'Connecticut' (2%) to 'Pennsylvania' (2%); thin at one end (156 rows early, 156 late) -- ranked down accordingly"
HEALTH.HEALTH__FED_VA_SUICIDE_STATE,GEOGRAPHIC_REGION,happened,1196,5,23,2001,2023,0.0,0.0,False,False,False,0,0,Southern,0.327,Southern,0.327,False,0,0,,,156,156,0.0,"thin at one end (156 rows early, 156 late) -- ranked down accordingly"
POLITICS.POLITICS__ST_CANNABIS_POLICY_BUNDLES,STATE,happened,1500,50,30,1994,2023,0.0,0.0,False,False,False,0,0,Hawaii,0.02,California,0.02,True,0,0,,,150,150,0.0,"among values that exist, the most common flipped from 'Hawaii' (2%) to 'California' (2%); thin at one end (150 rows early, 150 late) -- ranked down accordingly"
POLITICS.POLITICS__ST_CANNABIS_POLICY_BUNDLES,STATE_AB,happened,1500,50,30,1994,2023,0.0,0.0,False,False,False,0,0,AL,0.02,LA,0.02,True,0,0,,,150,150,0.0,"among values that exist, the most common flipped from 'AL' (2%) to 'LA' (2%); thin at one end (150 rows early, 150 late) -- ranked down accordingly"
HEALTH.HEALTH__FED_FDA_PURPLE_BOOK,CHANGE_TYPE,decided,2213,3,16,1930,2025,0.0,0.057,False,False,False,1.0,0.943,,,U,0.923,False,1,0,U,,233,453,0.0,appeared mid-series: 'U' now 5%
HEALTH.HEALTH__FED_VA_ALLCAUSE_MORTALITY,SEX,happened,2808,3,6,2018,2023,0.0,0.0,False,False,False,0,0,Female,0.333,Male,0.333,True,0,0,,,1404,1404,0.0,"among values that exist, the most common flipped from 'Female' (33%) to 'Male' (33%)"
POLITICS.POLITICS__FED_FJC_JUDGES,COURT_TYPE_4,happened,4065,1,11,1920,1954,0.0,0.0,False,False,False,1.0,1.0,,,,,False,0,0,,,158,177,0.0,"thin at one end (158 rows early, 177 late) -- ranked down accordingly"
POLITICS.POLITICS__FED_FJC_JUDGES,COURT_TYPE_5,happened,4065,1,11,1920,1954,0.0,0.0,False,False,False,1.0,1.0,,,,,False,0,0,,,158,177,0.0,"thin at one end (158 rows early, 177 late) -- ranked down accordingly"
POLITICS.POLITICS__FED_FJC_JUDGES,COURT_TYPE_6,happened,4065,1,11,1920,1954,0.0,0.0,False,False,False,1.0,1.0,,,,,False,0,0,,,158,177,0.0,"thin at one end (158 rows early, 177 late) -- ranked down accordingly"
POLITICS.POLITICS__FED_FJC_JUDGES,SENATE_VOTE_TYPE_3,happened,4065,2,11,1920,1954,0.0,0.006,False,False,False,1.0,0.994,,,Roll Call,1.0,False,0,0,,,158,177,0.0,"thin at one end (158 rows early, 177 late) -- ranked down accordingly"
POLITICS.POLITICS__FED_FJC_JUDGES,SENATE_VOTE_TYPE_4,happened,4065,1,11,1920,1954,0.0,0.0,False,False,False,1.0,1.0,,,,,False,0,0,,,158,177,0.0,"thin at one end (158 rows early, 177 late) -- ranked down accordingly"
POLITICS.POLITICS__FED_FJC_SERVICE,PARTY_OF_REAPPOINTING_PRESIDENT,decided,4731,1,27,1961,2024,0.0,0.0,False,False,False,1.0,1.0,,,,,False,0,0,,,205,187,0.0,"thin at one end (205 rows early, 187 late) -- ranked down accordingly"
ENVIRONMENT.ENVIRONMENT__FED_WQP_MONITORING_STATIONS,AQUIFER_TYPE_NAME,happened,1882,2,9,1954,2022,0.0,0.539,False,False,True,0.95,0.411,Unconfined single aquifer,1.0,Unconfined single aquifer,1.0,False,0,0,,,201,248,0.0,"CAUTION: rows are dated by when the thing came into existence, so the early years show only what SURVIVED to be in today's register"
HOUSING.HOUSING__FED_FHFA_NMDB,PERIOD_TYPE,happened,5328,1,28,1998,2025,0.0,0.0,False,False,False,0,0,Monthly,1.0,Monthly,1.0,False,0,0,,,576,528,0.0,
HEALTH.HEALTH__FED_CDC_LEADING_CAUSES_STATE,STATE,happened,10868,52,19,1999,2017,0.0,0.0,False,False,False,0,0,Idaho,0.019,California,0.019,True,0,0,,,1716,1716,0.0,"among values that exist, the most common flipped from 'Idaho' (2%) to 'California' (2%)"
HEALTH.HEALTH__FED_CMS_SKILLED_NURSING_FACILITY_ENROLLMENTS,MULTIPLE_NPI_FLAG,happened,8989,1,45,1922,2024,0.0,0.0,False,False,True,0,0,N,1.0,N,1.0,False,0,0,,,206,980,0.0,"CAUTION: rows are dated by when the thing came into existence, so the early years show only what SURVIVED to be in today's register"
JUSTICE.JUSTICE__XC_MAPPING_POLICE_VIOLENCE,ENCOUNTER_TYPE,happened,15476,25,14,2013,2026,0.0,1.0,True,False,False,1.0,0,,,Part 1 Violent Crime,0.203,False,9,1,Part 1 Violent Crime|Other Non-Violent Offense|Mental Health/Welfare Check|Traffic Stop|Person with a Weapon,(blank),3213,3109,0.0,"the field was blank in 100% of the early records -- it was added later, so the headline flip is the column arriving; appeared mid-series: 'Part 1 Violent Crime' now 20%, 'Other Non-Violent Offense' now 13%, 'Mental Health/Welfare Check' now 10%; vanished: '(blank)' was 100%"
JUSTICE.JUSTICE__XC_MAPPING_POLICE_VIOLENCE,THREAT_LEVEL_DESCRIPTION,happened,15476,13,14,2013,2026,0.0,0.92,True,False,False,1.0,0.08,,,used weapon,0.334,False,6,0,used weapon|brandished weapon|pointed weapon|undetermined|advanced towards officers,,3213,3109,0.0,"the field was blank in 100% of the early records -- it was added later, so the headline flip is the column arriving; appeared mid-series: 'used weapon' now 31%, 'brandished weapon' now 16%, 'pointed weapon' now 15%"
HEALTH.HEALTH__FED_CDC_HEALTH_INSURANCE,INDICATOR,span_start,16056,3,5,2020,2024,0.0,0.0,False,False,False,0,0,Uninsured at the Time of Interview,0.333,Public Health Insurance Coverage,0.333,True,0,0,,,8721,4572,0.0,"among values that exist, the most common flipped from 'Uninsured at the Time of Interview' (33%) to 'Public Health Insurance Coverage' (33%)"
HEALTH.HEALTH__FED_CDC_HEALTH_INSURANCE,SUPPRESSION_FLAG,span_start,16056,2,5,2020,2024,0.0,0.003,False,False,False,0.983,0.979,1,1.0,1,1.0,False,0,0,,,8721,4572,0.0,
JUSTICE.JUSTICE__FED_COURTLISTENER_JUDGES,DOD_COUNTRY,happened,7361,1,65,1887,1968,0.0,0.0,False,False,False,0,0,United States,1.0,United States,1.0,False,0,0,,,174,183,0.0,"thin at one end (174 rows early, 183 late) -- ranked down accordingly"
JUSTICE.JUSTICE__FED_FBI_NICS_CHECKS,STATE,happened,16445,55,26,1998,2023,0.0,0.0,False,False,False,0,0,Connecticut,0.018,Arizona,0.018,True,0,0,,,1430,1815,0.0,"among values that exist, the most common flipped from 'Connecticut' (2%) to 'Arizona' (2%)"
HEALTH.HEALTH__FED_CDC_ANXIETY_DEPRESSION,INDICATOR,span_start,16794,3,5,2020,2024,0.0,0.0,False,False,False,0,0,Symptoms of Anxiety Disorder or Depressive Disorder,0.333,Symptoms of Anxiety Disorder or Depressive Disorder,0.333,False,0,0,,,9135,4761,0.0,
REVIEW.LEAD_QUEUE,ENTITY_A_KEY_TYPE,decided,1019,1,5,2022,2026,0.0,0.0,False,False,False,0,0,NPI,1.0,NPI,1.0,False,0,0,,,138,432,0.0,"thin at one end (138 rows early, 432 late) -- ranked down accordingly"
REVIEW.LEAD_QUEUE,ENTITY_A_SOURCE,decided,1019,1,5,2022,2026,0.0,0.0,False,False,False,0,0,LIBRARY_RAW.LANDING.FED_HHS_OIG_LEIE,1.0,LIBRARY_RAW.LANDING.FED_HHS_OIG_LEIE,1.0,False,0,0,,,138,432,0.0,"thin at one end (138 rows early, 432 late) -- ranked down accordingly"
JUSTICE.JUSTICE__FED_CONSOLIDATED_SCREENING_LIST,ENTITY_TYPE,span_start,5094,1,22,1999,2025,0.0,0.0,False,False,False,1.0,1.0,,,,,False,0,0,,,176,1487,0.0,"thin at one end (176 rows early, 1,487 late) -- ranked down accordingly"
JUSTICE.JUSTICE__FED_CONSOLIDATED_SCREENING_LIST,VESSEL_TYPE,span_start,5094,1,22,1999,2025,0.0,0.0,False,False,False,1.0,1.0,,,,,False,0,0,,,176,1487,0.0,"thin at one end (176 rows early, 1,487 late) -- ranked down accordingly"
JUSTICE.JUSTICE__FED_CONSOLIDATED_SCREENING_LIST,VESSEL_FLAG,span_start,5094,1,22,1999,2025,0.0,0.0,False,False,False,1.0,1.0,,,,,False,0,0,,,176,1487,0.0,"thin at one end (176 rows early, 1,487 late) -- ranked down accordingly"
ENERGY.ENERGY__FED_EIA860_3_1_GENERATOR,ENERGY_SOURCE_2,happened,26854,9,91,1912,2024,0.0,0.01,False,False,True,1.0,0.99,,,DFO,0.586,False,0,0,,,183,2770,0.0,"CAUTION: rows are dated by when the thing came into existence, so the early years show only what SURVIVED to be in today's register; thin at one end (183 rows early, 2,770 late) -- ranked down accordingly"
ENERGY.ENERGY__FED_EIA860_3_1_GENERATOR,ENERGY_SOURCE_3,happened,26854,4,91,1912,2024,0.0,0.002,False,False,True,1.0,0.998,,,BIT,0.333,False,0,0,,,183,2770,0.0,"CAUTION: rows are dated by when the thing came into existence, so the early years show only what SURVIVED to be in today's register; thin at one end (183 rows early, 2,770 late) -- ranked down accordingly"
ENERGY.ENERGY__FED_EIA860_3_1_GENERATOR,ENERGY_SOURCE_4,happened,26854,4,91,1912,2024,0.0,0.001,False,False,True,1.0,0.999,,,OBS,0.5,False,0,0,,,183,2770,0.0,"CAUTION: rows are dated by when the thing came into existence, so the early years show only what SURVIVED to be in today's register; thin at one end (183 rows early, 2,770 late) -- ranked down accordingly"
ENERGY.ENERGY__FED_EIA860_3_1_GENERATOR,ENERGY_SOURCE_5,happened,26854,2,91,1912,2024,0.0,0.0,False,False,True,1.0,1.0,,,DFO,1.0,False,0,0,,,183,2770,0.0,"CAUTION: rows are dated by when the thing came into existence, so the early years show only what SURVIVED to be in today's register; thin at one end (183 rows early, 2,770 late) -- ranked down accordingly"
ENERGY.ENERGY__FED_EIA860_3_1_GENERATOR,ENERGY_SOURCE_6,happened,26854,1,91,1912,2024,0.0,0.0,False,False,True,1.0,1.0,,,,,False,0,0,,,183,2770,0.0,"CAUTION: rows are dated by when the thing came into existence, so the early years show only what SURVIVED to be in today's register; thin at one end (183 rows early, 2,770 late) -- ranked down accordingly"
ECONOMICS.ECONOMICS__FED_DOL_FORM5500,TYPE_DFE_PLAN_ENTITY_CD,happened,33066,4,56,1969,2025,0.0,0.005,False,False,False,1.0,0.995,,,C,0.909,False,0,0,,,216,4724,0.0,
JUSTICE.JUSTICE__XC_UK_SANCTIONS_LIST,TYPE_OF_SHIP,decided,33828,8,26,2001,2026,0.0,0.074,False,False,False,1.0,0.926,,,Oil Tanker,0.868,False,1,0,Oil Tanker,,5011,5210,0.0,appeared mid-series: 'Oil Tanker' now 6%
JUSTICE.JUSTICE__XC_UK_SANCTIONS_LIST,CURRENT_FLAG_OF_SHIP,decided,33828,28,26,2001,2026,0.0,0.095,False,True,False,1.0,0.905,,,Panama,0.243,False,0,0,,,5011,5210,0.0,"CAUTION: a status column normally reads as of today, not as of the row's year"
JUSTICE.JUSTICE__INTL_EU_SANCTIONS,SUBJECT_TYPE,happened,3421,1,29,1955,1983,0.0,0.0,False,False,False,0,0,P,1.0,P,1.0,False,0,0,,,202,230,0.0,
JUSTICE.JUSTICE__INTL_EU_SANCTIONS,NAAL_GENDER,happened,3421,1,29,1955,1983,0.0,0.0,False,False,False,1.0,1.0,,,,,False,0,0,,,202,230,0.0,
HEALTH.HEALTH__FED_CMS_POS_OTHER,NPP_TYPE_CD,happened,4757,1,32,1993,2025,0.0,0.0,False,False,False,1.0,1.0,,,,,False,0,0,,,313,271,0.0,
FOREIGN_INFLUENCE.FOREIGN_INFLUENCE__FED_FARA_BULK,DOCUMENT_TYPE,reported,12303,1,85,1942,2026,0.0,0.0,False,False,False,1.0,1.0,,,,,False,0,0,,,348,544,0.0,
HEALTH.HEALTH__FED_FDA_DEVICE_PMA,EXPEDITED_REVIEW_FLAG,reported,56853,1,48,1979,2026,0.0,0.0,False,False,False,0,0,N,1.0,N,1.0,False,0,0,,,521,5409,0.0,
HEALTH.HEALTH__FED_CDC_OVERDOSE,STATE,happened,83790,54,12,2015,2026,0.0,0.0,False,False,False,0,0,VA,0.019,PR,0.019,True,0,0,,,22680,15750,0.0,"among values that exist, the most common flipped from 'VA' (2%) to 'PR' (2%)"
HEALTH.HEALTH__FED_CDC_OVERDOSE,INDICATOR,happened,83790,12,12,2015,2026,0.0,0.0,False,False,False,0,0,Number of Drug Overdose Deaths,0.086,Number of Drug Overdose Deaths,0.086,False,0,0,,,22680,15750,0.0,
HEALTH.HEALTH__FED_CDC_OVERDOSE,STATE_NAME,happened,83790,54,12,2015,2026,0.0,0.0,False,False,False,0,0,Washington,0.019,Virginia,0.019,True,0,0,,,22680,15750,0.0,"among values that exist, the most common flipped from 'Washington' (2%) to 'Virginia' (2%)"
ENVIRONMENT.ENVIRONMENT__FED_EPA_GHGRP_FACILITY,REPORTING_STATUS,happened,136005,3,14,2010,2023,0.0,0.267,False,True,False,1.0,0.733,,,STOPPED_REPORTING_VALID_REASON,0.96,False,1,0,STOPPED_REPORTING_VALID_REASON,,23337,33399,0.0,"CAUTION: a status column normally reads as of today, not as of the row's year; appeared mid-series: 'STOPPED_REPORTING_VALID_REASON' now 26%"
HEALTH.HEALTH__FED_FDA_DEVICE_510K,EXPEDITED_REVIEW_FLAG,reported,175686,1,51,1976,2026,0.0,0.0,False,False,False,1.0,1.0,,,,,False,0,0,,,5406,6914,0.0,
POLITICS.POLITICS__ST_NYC_CFB_CAMPAIGN_2013_CONTRIBUTION,SEGREGATED_INDICATOR,happened,197886,3,10,2000,2013,0.0,0.007,False,False,False,0.003,0.009,N,1.0,N,1.0,False,0,0,,,1965,178375,0.0,
JUSTICE.JUSTICE__FED_FBI_CDE,STATE,happened,238680,51,39,1985,2023,0.0,0.0,False,False,False,0,0,DE,0.02,AR,0.02,True,0,0,,,18360,18360,0.0,"among values that exist, the most common flipped from 'DE' (2%) to 'AR' (2%)"
TRANSPORT.TRANSPORT__FED_FRA_CROSSING_INCIDENTS,USER_SEX,happened,251139,3,52,1975,2026,0.0,0.909,True,False,False,1.0,0.091,,,Male,0.769,False,2,0,Male|Female,,38718,5386,0.0,"the field was blank in 100% of the early records -- it was added later, so the headline flip is the column arriving; appeared mid-series: 'Male' now 70%, 'Female' now 21%"
POLITICS.POLITICS__ST_NYC_CFB_CAMPAIGN_2021_CONTRIBUTIONS,SEGREGATED_INDICATOR,happened,457476,3,6,2018,2023,0.0,0.002,False,False,False,0.002,0.005,N,1.0,N,1.0,False,0,0,,,165108,292352,0.0,
LABOR.LABOR__FED_DOL_OLMS,HARDSHIP_FLAG,happened,617552,3,27,2000,2026,0.0,0.935,True,False,False,0.994,0.059,F,1.0,F,1.0,False,0,0,,,86400,40539,0.0,"the field was blank in 99% of the early records -- it was added later, so the headline flip is the column arriving"
JUSTICE.JUSTICE__FED_FJC_IDB_APPELLATE,DISPOSITION,happened,146064,2,21,2006,2026,0.0,0.0,False,False,False,0,0,1,1.0,1,1.0,False,0,0,,,15639,12211,0.0,
JUSTICE.JUSTICE__FED_FJC_IDB_APPELLATE,METHOD,happened,146064,1,21,2006,2026,0.0,0.0,False,False,False,0,0,-8,1.0,-8,1.0,False,0,0,,,15639,12211,0.0,
REFERENCE.REFERENCE__FED_ITIS_TAXONOMIC_UNITS,UNIT_IND1,reported,993346,2,31,1996,2026,0.0,0.0,False,False,False,0,0,None,1.0,None,0.999,False,0,0,,,265841,65725,0.0,
ENVIRONMENT.ENVIRONMENT__FED_USCG_NRC_INCIDENTS,CALL_TYPE,reported,1029020,1,37,1990,2026,0.0,0.0,False,False,False,0,0,INC,1.0,INC,1.0,False,0,0,,,79869,57399,0.0,
TRANSPORT.TRANSPORT__FED_FRA_CASUALTIES,COVERED_DATA_REASON,happened,285648,4,30,1997,2026,0.0,0.007,False,False,False,1.0,0.993,,,"PLHCP prescribed OTC medication to be taken at prescription strength, or there was a single external application of prescription medication, e.g., antibiotic ointments or eye drops.",0.344,False,0,0,,,37934,17904,0.0,
JUSTICE.JUSTICE__INTL_OPENSANCTIONS_DEFAULT,ENTITY_TYPE,happened,464085,1,97,1905,2008,0.0,0.0,False,False,False,0,0,Person,1.0,Person,1.0,False,0,0,,,268,320,0.0,
ENVIRONMENT.ENVIRONMENT__FED_NOAA_STORM_EVENTS,CATEGORY,happened,1780730,5,30,1996,2025,0.0,0.0,False,False,False,1.0,1.0,,,1,0.62,False,0,0,,,141498,217754,0.0,
ENVIRONMENT.ENVIRONMENT__FED_NOAA_STORM_EVENTS,TOR_OTHER_CZ_STATE,happened,1780730,33,30,1996,2025,0.0,0.004,False,False,False,1.0,0.996,,,IL,0.111,False,0,0,,,141498,217754,0.0,
ENVIRONMENT.ENVIRONMENT__FED_EPA_NPDES_NPDES_INSPECTIONS,ACTIVITY_OUTCOME_DESC,span_start,983896,1,52,1975,2026,0.0,0.0,False,False,False,1.0,1.0,,,,,False,0,0,,,485,157461,0.0,
HEALTH.HEALTH__FED_HRSA_NPDB,AA_CLASS_5,happened,1640256,15,12,1910,2020,0.0,0.0,False,False,False,1.0,1.0,,,1199,0.359,False,0,0,,,6505,546800,0.0,
IMMIGRATION.IMMIGRATION__FED_ICE_DETENTION_STINTS,MSC_CRIMINAL_CHARGE_STATUS,happened,2571974,2,82,1944,2025,0.0,0.862,False,True,False,0.138,1.0,Convicted,1.0,,,False,0,1,,Convicted,334,695,0.0,"CAUTION: a status column normally reads as of today, not as of the row's year; vanished: 'Convicted' was 86%"
IMMIGRATION.IMMIGRATION__FED_ICE_DETENTION_STINTS,MSC_CRIME_CLASS,happened,2571974,4,82,1944,2025,0.0,0.796,False,False,False,0.204,1.0,Felony,0.68,,,False,0,3,,Felony|Aggravated Felony|Misdemeanor,334,695,0.0,"vanished: 'Felony' was 54%, 'Aggravated Felony' was 20%, 'Misdemeanor' was 6%"
HOUSING.HOUSING__FED_FEMA_IA_HOUSING_REGISTRATIONS,RENTER_DAMAGE_LEVEL,reported,3079994,4,25,2002,2026,0.0,0.029,False,False,False,1.0,0.971,,,5530,0.928,False,0,0,,,318779,571676,0.0,
HOUSING.HOUSING__FED_FEMA_IA_HOUSING_REGISTRATIONS,RENTAL_RESOURCE_STATE_ABBREV,reported,3079994,43,25,2002,2026,0.0,0.003,False,False,False,1.0,0.997,,,FL,0.269,False,0,0,,,318779,571676,0.0,
CORPORATE_REGISTRY.CORPORATE_REGISTRY__FED_ICIJ_OFFSHORELEAKS_RELATIONSHIPS,REL_TYPE,span_start,703997,1,56,1957,2020,0.0,0.0,False,False,False,0,0,officer_of,1.0,officer_of,1.0,False,0,0,,,228,1597,0.0,
JUSTICE.JUSTICE__FED_COURTLISTENER_OPINION_CLUSTERS,SCDB_DECISION_DIRECTION,decided,10069866,1,248,1722,2026,0.0,0.0,False,False,False,1.0,1.0,,,,,False,0,0,,,172,520608,0.0,"thin at one end (172 rows early, 520,608 late) -- ranked down accordingly"
ENVIRONMENT.ENVIRONMENT__FED_EPA_AIR_EMISSIONS_POLL_RPT_COMBINED_EMISSIONS,NEI_TYPE,happened,10411826,4,13,2008,2024,0.0,1.0,False,False,False,0,1.0,HAP,0.7,,,False,1,2,(blank),HAP|CAP,5496073,286526,0.0,"appeared mid-series: '(blank)' now 100%; vanished: 'HAP' was 70%, 'CAP' was 30%"
ENVIRONMENT.ENVIRONMENT__FED_EPA_AIR_EMISSIONS_POLL_RPT_COMBINED_EMISSIONS,NEI_HAP_VOC_FLAG,happened,10411826,5,13,2008,2024,0.0,0.66,False,False,False,0.34,1.0,VOC,0.65,,,False,0,2,,VOC|HAP-VOC,5496073,286526,0.0,"vanished: 'VOC' was 43%, 'HAP-VOC' was 22%"
ECONOMICS.ECONOMICS__FED_USASPENDING_CONTRACTS_FULL,A76_FAIR_ACT_ACTION,happened,20000000,6,20,2007,2026,0.0,0.353,False,False,False,0.735,0.382,NO,1.0,NO,1.0,False,0,0,,,3000000,3000000,0.0,
JUSTICE.JUSTICE__FED_COURTLISTENER_DOCKETS,JURISDICTION_TYPE,happened,236171,1,133,1869,2026,0.0,0.0,False,False,False,1.0,1.0,,,,,False,0,0,,,450,15052,0.0,
JUSTICE.JUSTICE__FED_COURTLISTENER_DOCKETS,MDL_STATUS,happened,236171,1,133,1869,2026,0.0,0.0,False,True,False,1.0,1.0,,,,,False,0,0,,,450,15052,0.0,"CAUTION: a status column normally reads as of today, not as of the row's year"
FINANCE.FINANCE__FED_FEC_INDIV_CONTRIBUTIONS,ENTITY_TYPE,happened,84171526,8,6,2021,2026,0.0,0.0,False,False,False,0.0,0.0,IND,0.999,IND,0.999,False,0,0,,,18113082,66058380,0.0,
