table	column	check	result	severity	proposed_fix
HEALTH.HEALTH__FED_FDA_FAERS_REAC		C1 view counted as a table	view; real rows 20621386	minor	catalog reads table_type and counts views with COUNT(*)
FINANCE.FINANCE__FED_SEC_13F_HOLDINGS		C1 view counted as a table	view; real rows 101261252	minor	catalog reads table_type and counts views with COUNT(*)
JUSTICE.JUSTICE__FED_COURTLISTENER_DOCKETS		C1 view counted as a table	view; real rows 71677647	minor	catalog reads table_type and counts views with COUNT(*)
JUSTICE.JUSTICE__FED_COURTLISTENER_CITATIONS		C1 view counted as a table	view; real rows 18123788	minor	catalog reads table_type and counts views with COUNT(*)
HEALTH.HEALTH__FED_FDA_FAERS_DRUG		C1 view counted as a table	view; real rows 20914284	minor	catalog reads table_type and counts views with COUNT(*)
ECONOMICS.ECONOMICS__FED_USASPENDING_CONTRACTS_FULL		C1 view counted as a table	view; real rows 20000000	minor	catalog reads table_type and counts views with COUNT(*)
FINDINGS.HOSPITAL_CLOSURE_RISK_BY_STATE		C1 view counted as a table	view; real rows 55	minor	catalog reads table_type and counts views with COUNT(*)
FINDINGS.OPIOID_PRESCRIBER_PAID_HIGH_RX		C1 view counted as a table	view; real rows 6020	minor	catalog reads table_type and counts views with COUNT(*)
FINDINGS.OPIOID_PRESCRIBER_PAID_HIGH_RX_BY_STATE		C1 view counted as a table	view; real rows 51	minor	catalog reads table_type and counts views with COUNT(*)
FINDINGS.CATALOG		C1 view counted as a table	view; real rows 9	minor	catalog reads table_type and counts views with COUNT(*)
FINDINGS.EXCLUDED_PROVIDER_AT_FACILITY		C1 view counted as a table	view; real rows 39	minor	catalog reads table_type and counts views with COUNT(*)
FINDINGS.PAC_FUNDS_BOTH_SIDES		C1 view counted as a table	view; real rows 2680	minor	catalog reads table_type and counts views with COUNT(*)
FINDINGS.REVOKED_BUT_DEDUCTIBLE		C1 view counted as a table	view; real rows 22512	minor	catalog reads table_type and counts views with COUNT(*)
ECONOMICS.ECONOMICS__FED_USASPENDING_CONTRACTS_FULL_R2		C1 view counted as a table	view; real rows 93119582	minor	catalog reads table_type and counts views with COUNT(*)
FINDINGS.REVOKED_BUT_DEDUCTIBLE_BY_STATE		C1 view counted as a table	view; real rows 59	minor	catalog reads table_type and counts views with COUNT(*)
FINDINGS.EXCLUDED_PROVIDER_PAID_AFTER_EXCLUSION_IN_SHORTAGE		C1 view counted as a table	view; real rows 287	minor	catalog reads table_type and counts views with COUNT(*)
FINDINGS.FEDERAL_CONTRACTOR_EPA_VIOLATOR		C1 view counted as a table	view; real rows 57	minor	catalog reads table_type and counts views with COUNT(*)
FINDINGS.HOSPITAL_CLOSURE_RISK		C1 view counted as a table	view; real rows 4210	minor	catalog reads table_type and counts views with COUNT(*)
FINDINGS.EXCLUDED_PROVIDER_PAID_AFTER_EXCLUSION		C1 view counted as a table	view; real rows 287	minor	catalog reads table_type and counts views with COUNT(*)
FINDINGS.MEMBER_MONEY_VS_OUTPUT		C1 view counted as a table	view; real rows 635	minor	catalog reads table_type and counts views with COUNT(*)
ECONOMICS.ECONOMICS__FED_USASPENDING_ASSISTANCE_FULL		C1 view counted as a table	view; real rows 128155142	minor	catalog reads table_type and counts views with COUNT(*)
FINANCE.FINANCE__FED_FEC_COMMITTEES_DIM		C1 view counted as a table	view; real rows 44398	minor	catalog reads table_type and counts views with COUNT(*)
CONSUMER_PROTECTION.CONSUMER_PROTECTION__FED_CFPB_COMPLAINTS	DAYS_RECEIVED_TO_COMPANY	C2 name tag holds something else	numbers; org words 0.0%, people 0.0%; e.g. ['0', '2', '1']	minor	name keys only on columns holding organizations or people, graded PROBABILISTIC
CORE.DIM_COUNTY	STATE_FIPS	C2 catalog regex tag wrong	COUNTY_FIPS: 0.0% fit; e.g. ['01', '02', '04']	moderate	retire the regex catalog; tag with the platform tagger
CORE.DIM_COUNTY	COUNTY_NAME	C2 name tag holds something else	places; org words 0.1%, people 0.0%; e.g. ['Autauga', 'Baldwin', 'Barbour']	minor	name keys only on columns holding organizations or people, graded PROBABILISTIC
CORE.DIM_COUNTY	STATE_NAME	C2 name tag holds something else	places; org words 0.1%, people 0.0%; e.g. ['Alabama', 'Alaska', 'Arizona']	minor	name keys only on columns holding organizations or people, graded PROBABILISTIC
CORE.DIM_DATE	MONTH_NAME	C2 name tag holds something else	single words or codes; org words 0.0%, people 0.0%; e.g. ['January', 'February', 'March']	minor	name keys only on columns holding organizations or people, graded PROBABILISTIC
CORE.DIM_DATE	DAY_NAME	C2 name tag holds something else	single words or codes; org words 0.0%, people 0.0%; e.g. ['Sunday', 'Monday', 'Tuesday']	minor	name keys only on columns holding organizations or people, graded PROBABILISTIC
CORE.DIM_STATE	STATE_FIPS	C2 catalog regex tag wrong	COUNTY_FIPS: 0.0% fit; e.g. ['01', '02', '04']	moderate	retire the regex catalog; tag with the platform tagger
CORE.DIM_STATE	STATE_NAME	C2 name tag holds something else	places; org words 1.8%, people 0.0%; e.g. ['Alabama', 'Alaska', 'Arizona']	minor	name keys only on columns holding organizations or people, graded PROBABILISTIC
CORE.DIM_TRACT	STATE_FIPS	C2 catalog regex tag wrong	COUNTY_FIPS: 0.0% fit; e.g. ['47', '48']	moderate	retire the regex catalog; tag with the platform tagger
CORE.DIM_ZIP_POINT	STATE_FIPS	C2 catalog regex tag wrong	COUNTY_FIPS: 0.0% fit; e.g. ['25', '19', '23']	moderate	retire the regex catalog; tag with the platform tagger
CORE.DIM_ZIP_POINT	COUNTY_NAME	C2 name tag holds something else	places; org words 96.8%, people 0.0%; e.g. ['worcester county', 'marion county', 'knox county']	minor	name keys only on columns holding organizations or people, graded PROBABILISTIC
CORE.XWALK_HOSPITAL_CCN_EIN	CCN_NAME	C2 catalog regex tag wrong	CCN: 0.0% fit; e.g. ['PROVIDENCE HEALTH & SERVICES - OREGON', 'COMANCHE COUNTY HOSPITAL AUTHORITY', 'INTERNATIONAL FALLS MEMORIAL HOSPITAL ASSOCIATION']	moderate	retire the regex catalog; tag with the platform tagger
CORE.XWALK_ZCTA_COUNTY	STATE_FIPS	C2 catalog regex tag wrong	COUNTY_FIPS: 0.0% fit; e.g. ['72', '78', '25']	moderate	retire the regex catalog; tag with the platform tagger
CORE.XWALK_ZCTA_COUNTY	COUNTY_NAME	C2 name tag holds something else	places; org words 87.2%, people 0.0%; e.g. ['adjuntas municipio', 'utuado municipio', 'aguada municipio']	minor	name keys only on columns holding organizations or people, graded PROBABILISTIC
CORPORATE_REGISTRY.CORPORATE_REGISTRY__FED_IRS_EO_BMF	ORGANIZATION_CODE	C2 name tag holds something else	numbers; org words 0.0%, people 0.0%; e.g. ['5', '1', '3']	minor	name keys only on columns holding organizations or people, graded PROBABILISTIC
CORPORATE_REGISTRY.CORPORATE_REGISTRY__INTL_IE_CRO	COMPANY_ID	C2 name tag holds something else	numbers; org words 0.0%, people 0.0%; e.g. ['758038', '758039', '75804']	minor	name keys only on columns holding organizations or people, graded PROBABILISTIC
CORPORATE_REGISTRY.CORPORATE_REGISTRY__INTL_IE_CRO	COMPANY_AGE_YEARS	C2 name tag holds something else	numbers; org words 0.0%, people 0.0%; e.g. ['2', '46', '99']	minor	name keys only on columns holding organizations or people, graded PROBABILISTIC
CORPORATE_REGISTRY.CORPORATE_REGISTRY__INTL_UK_COMPANIES_HOUSE	COMPANY_CATEGORY	C2 name tag holds something else	things, not names; org words 95.9%, people 0.0%; e.g. ['Private Limited Company', 'Community Interest Company', 'Scottish Charitable Incorporated Organisation']	minor	name keys only on columns holding organizations or people, graded PROBABILISTIC
CORPORATE_REGISTRY.CORPORATE_REGISTRY__UK_COMPANIES_HOUSE_PSC	NAME_TITLE	C2 name tag holds something else	things, not names; org words 0.0%, people 0.0%; e.g. ['Mrs', 'Mr', 'Miss']	minor	name keys only on columns holding organizations or people, graded PROBABILISTIC
CORPORATE_REGISTRY.CORPORATE_REGISTRY__UK_COMPANIES_HOUSE_PSC	NAME_FORENAME	C2 name tag holds something else	single words or codes; org words 0.0%, people 0.0%; e.g. ['Courtney', 'Liam', 'Caitlin']	minor	name keys only on columns holding organizations or people, graded PROBABILISTIC
CORPORATE_REGISTRY.CORPORATE_REGISTRY__UK_COMPANIES_HOUSE_PSC	ADDRESS_POSTAL_CODE	C2 catalog regex tag wrong	ZIP: 0.6% fit; e.g. ['PO3 5EE', 'BS8 3TU', 'SG18 9BA']	moderate	retire the regex catalog; tag with the platform tagger
ECONOMICS.ECONOMICS__FED_BLS_QCEW	STATE_FIPS	C2 catalog regex tag wrong	COUNTY_FIPS: 0.0% fit; e.g. ['16', '37', '13']	moderate	retire the regex catalog; tag with the platform tagger
ECONOMICS.ECONOMICS__FED_DOL_FORM5500	EIN	C2 tag fails its format	EIN: 0 of 2000 sampled rows filled	severe	fix the rule in connect/keys.py or portal_recon/tag_portal_index.py, then re-tag
ECONOMICS.ECONOMICS__FED_DOL_FORM5500	SPONSOR_DFE_EIN	C2 tag fails its format	EIN: 0 of 2000 sampled rows filled	severe	fix the rule in connect/keys.py or portal_recon/tag_portal_index.py, then re-tag
ECONOMICS.ECONOMICS__FED_DOL_FORM5500	PREPARER_EIN	C2 tag fails its format	EIN: 0 of 2000 sampled rows filled	severe	fix the rule in connect/keys.py or portal_recon/tag_portal_index.py, then re-tag
ECONOMICS.ECONOMICS__FED_DOL_FORM5500	SPONS_DFE_MAIL_FORGN_POSTAL_CD	C2 catalog regex tag wrong	ZIP: 0.0% fit; e.g. ['560070', 'M5C 2W1']	moderate	retire the regex catalog; tag with the platform tagger
ECONOMICS.ECONOMICS__FED_DOL_FORM5500	SPONS_DFE_LOC_FORGN_POSTAL_CD	C2 catalog regex tag wrong	ZIP: 0.0% fit; e.g. ['560070']	moderate	retire the regex catalog; tag with the platform tagger
ECONOMICS.ECONOMICS__FED_DOL_FORM5500	ADMIN_FOREIGN_PROV_STATE	C2 tag fails its format	STATE: 0 of 2000 sampled rows filled	moderate	fix the rule in connect/keys.py or portal_recon/tag_portal_index.py, then re-tag
ECONOMICS.ECONOMICS__FED_DOL_FORM5500	ADMIN_FOREIGN_CNTRY	C2 tag fails its format	COUNTRY: 0 of 2000 sampled rows filled	moderate	fix the rule in connect/keys.py or portal_recon/tag_portal_index.py, then re-tag
ECONOMICS.ECONOMICS__FED_DOL_FORM5500	ADMIN_NAME_SAME_SPON_IND	C2 name tag holds something else	numbers; org words 0.0%, people 0.0%; e.g. ['1']	minor	name keys only on columns holding organizations or people, graded PROBABILISTIC
ECONOMICS.ECONOMICS__FED_DOL_FORM5500	PREPARER_US_STATE	C2 tag fails its format	STATE: 0 of 2000 sampled rows filled	moderate	fix the rule in connect/keys.py or portal_recon/tag_portal_index.py, then re-tag
ECONOMICS.ECONOMICS__FED_DOL_FORM5500	PREPARER_US_ZIP	C2 tag fails its format	ZIP: 0 of 2000 sampled rows filled	moderate	fix the rule in connect/keys.py or portal_recon/tag_portal_index.py, then re-tag
ECONOMICS.ECONOMICS__FED_DOL_FORM5500	PREPARER_FOREIGN_PROV_STATE	C2 tag fails its format	STATE: 0 of 2000 sampled rows filled	moderate	fix the rule in connect/keys.py or portal_recon/tag_portal_index.py, then re-tag
ECONOMICS.ECONOMICS__FED_DOL_FORM5500	PREPARER_FOREIGN_CNTRY	C2 tag fails its format	COUNTRY: 0 of 2000 sampled rows filled	moderate	fix the rule in connect/keys.py or portal_recon/tag_portal_index.py, then re-tag
ECONOMICS.ECONOMICS__FED_FAC_SINGLE_AUDIT	AUDITEE_UEI	C2 tag fails its format	UEI: 44.5% of 2000 sampled values fit; e.g. ['VERA07329983', 'GSA_MIGRATION', 'CQDEA4EK2WN7']	severe	fix the rule in connect/keys.py or portal_recon/tag_portal_index.py, then re-tag
ECONOMICS.ECONOMICS__FED_FAC_SINGLE_AUDIT	AUDITEE_UEI	C2 catalog regex tag wrong	UEI/DUNS: 44.5% fit; e.g. ['VERA07329983', 'GSA_MIGRATION', 'CQDEA4EK2WN7']	moderate	retire the regex catalog; tag with the platform tagger
ECONOMICS.ECONOMICS__FED_FDIC_FAILED_BANKS	FIPS	C2 tag fails its format	FIPS: 0 of 2000 sampled rows filled	moderate	fix the rule in connect/keys.py or portal_recon/tag_portal_index.py, then re-tag
ECONOMICS.ECONOMICS__FED_FDIC_FAILED_BANKS	STATE_ABBR	C2 tag fails its format	STATE: 0 of 2000 sampled rows filled	moderate	fix the rule in connect/keys.py or portal_recon/tag_portal_index.py, then re-tag
ECONOMICS.ECONOMICS__FED_FDIC_FAILED_BANKS	CITY_STATE	C2 tag fails its format	STATE: 0.0% of 2000 sampled values fit; e.g. ['EAST PEORIA, IL', 'GRANTWOOD, NJ', 'CUMMINGS, ND']	moderate	fix the rule in connect/keys.py or portal_recon/tag_portal_index.py, then re-tag
ECONOMICS.ECONOMICS__FED_FDIC_FAILED_BANKS	CITY_STATE	C2 catalog regex tag wrong	STATE: 0.0% fit; e.g. ['EAST PEORIA, IL', 'GRANTWOOD, NJ', 'CUMMINGS, ND']	moderate	retire the regex catalog; tag with the platform tagger
ECONOMICS.ECONOMICS__FED_FOREIGNASSISTANCE	EIN	C2 tag fails its format	EIN: 0 of 2000 sampled rows filled	severe	fix the rule in connect/keys.py or portal_recon/tag_portal_index.py, then re-tag
ECONOMICS.ECONOMICS__FED_IRS_990	STATE	C2 tag fails its format	STATE: 0 of 200 sampled rows filled	moderate	fix the rule in connect/keys.py or portal_recon/tag_portal_index.py, then re-tag
ECONOMICS.ECONOMICS__FED_IRS_990	ZIP_CODE	C2 tag fails its format	ZIP: 0 of 200 sampled rows filled	moderate	fix the rule in connect/keys.py or portal_recon/tag_portal_index.py, then re-tag
ECONOMICS.ECONOMICS__FED_IRS_EO_PR	ORGANIZATION	C2 name tag holds something else	numbers; org words 0.0%, people 0.0%; e.g. ['1', '5', '2']	minor	name keys only on columns holding organizations or people, graded PROBABILISTIC
ECONOMICS.ECONOMICS__FED_IRS_SOI_CHARITIES	C_ORGANIZATION	C2 name tag holds something else	numbers; org words 0.0%, people 0.0%; e.g. ['1', '2', '5']	minor	name keys only on columns holding organizations or people, graded PROBABILISTIC
ECONOMICS.ECONOMICS__FED_PBGC_DATA	TABLE_NAME	C2 name tag holds something else	things, not names; org words 0.0%, people 0.0%; e.g. ['S-52', 'M-13', 'S-51']	minor	name keys only on columns holding organizations or people, graded PROBABILISTIC
ECONOMICS.ECONOMICS__FED_PBGC_DATA	METRIC_NAME	C2 name tag holds something else	numbers; org words 1.4%, people 0.0%; e.g. ['Iowa', '50% - 59%', 'TOTAL']	minor	name keys only on columns holding organizations or people, graded PROBABILISTIC
ECONOMICS.ECONOMICS__FED_PBGC_DATA	STATE	C2 tag fails its format	STATE: 0.0% of 119 sampled values fit; e.g. ['Iowa', 'TOTAL', 'Oregon']	moderate	fix the rule in connect/keys.py or portal_recon/tag_portal_index.py, then re-tag
ECONOMICS.ECONOMICS__FED_PBGC_DATA	STATE	C2 catalog regex tag wrong	STATE: 0.0% fit; e.g. ['Iowa', 'TOTAL', 'Oregon']	moderate	retire the regex catalog; tag with the platform tagger
ECONOMICS.ECONOMICS__FED_SBA_LOANS	BORROWER_CITY	C2 name tag holds something else	places; org words 3.5%, people 0.1%; e.g. ['Findlay', 'Hauppauge', 'SANTA CLARA']	minor	name keys only on columns holding organizations or people, graded PROBABILISTIC
ECONOMICS.ECONOMICS__FED_SBA_LOANS	BORROWER_STATE	C2 name tag holds something else	places; org words 5.8%, people 0.0%; e.g. ['OH', 'NY', 'CA']	minor	name keys only on columns holding organizations or people, graded PROBABILISTIC
ECONOMICS.ECONOMICS__FED_SBA_LOANS	CDC_STATE	C2 tag fails its format	STATE: 0 of 2000 sampled rows filled	moderate	fix the rule in connect/keys.py or portal_recon/tag_portal_index.py, then re-tag
ECONOMICS.ECONOMICS__FED_SBA_LOANS	LENDER_STATE	C2 tag fails its format	STATE: 0 of 2000 sampled rows filled	moderate	fix the rule in connect/keys.py or portal_recon/tag_portal_index.py, then re-tag
ECONOMICS.ECONOMICS__FED_SBA_PPP	BORROWER_CITY	C2 name tag holds something else	places; org words 2.6%, people 0.1%; e.g. ['MONTCLAIR', 'ATLANTA', 'Terryville']	minor	name keys only on columns holding organizations or people, graded PROBABILISTIC
ECONOMICS.ECONOMICS__FED_SBA_PPP	BORROWER_STATE	C2 name tag holds something else	places; org words 6.0%, people 0.0%; e.g. ['NJ', 'GA', 'CT']	minor	name keys only on columns holding organizations or people, graded PROBABILISTIC
ECONOMICS.ECONOMICS__FED_USASPENDING_ASSISTANCE_FULL	RECIPIENT_COUNTRY_NAME	C2 name tag holds something else	places; org words 0.0%, people 0.0%; e.g. ['UNITED STATES', 'COSTA RICA']	minor	name keys only on columns holding organizations or people, graded PROBABILISTIC
ECONOMICS.ECONOMICS__FED_USASPENDING_ASSISTANCE_FULL	RECIPIENT_ADDRESS_LINE_1	C2 name tag holds something else	places; org words 7.4%, people 0.1%; e.g. ['230 W PATRICK ST', '555 WRIGHT WAY', 'PENNSYLVANIA DEPARTMENT OF HEALTH']	minor	name keys only on columns holding organizations or people, graded PROBABILISTIC
ECONOMICS.ECONOMICS__FED_USASPENDING_ASSISTANCE_FULL	RECIPIENT_ADDRESS_LINE_2	C2 name tag holds something else	places; org words 14.5%, people 0.7%; e.g. ['0', 'N/A', 'COMMONWEALTH AVE AND FORSTER STREET']	minor	name keys only on columns holding organizations or people, graded PROBABILISTIC
ECONOMICS.ECONOMICS__FED_USASPENDING_ASSISTANCE_FULL	RECIPIENT_CITY_CODE	C2 name tag holds something else	numbers; org words 0.0%, people 0.0%; e.g. ['0050', '3500', '24300']	minor	name keys only on columns holding organizations or people, graded PROBABILISTIC
ECONOMICS.ECONOMICS__FED_USASPENDING_ASSISTANCE_FULL	RECIPIENT_CITY_NAME	C2 name tag holds something else	places; org words 3.5%, people 0.0%; e.g. ['FREDERICK', 'CARSON CITY', 'HARRISBURG']	minor	name keys only on columns holding organizations or people, graded PROBABILISTIC
ECONOMICS.ECONOMICS__FED_USASPENDING_ASSISTANCE_FULL	RECIPIENT_COUNTY_NAME	C2 name tag holds something else	places; org words 2.3%, people 0.0%; e.g. ['CARSON CITY', 'DAUPHIN', 'LEFLORE']	minor	name keys only on columns holding organizations or people, graded PROBABILISTIC
ECONOMICS.ECONOMICS__FED_USASPENDING_ASSISTANCE_FULL	PRIME_AWARD_TRANSACTION_RECIPIENT_STATE_FIPS_CODE	C2 catalog regex tag wrong	COUNTY_FIPS: 0.0% fit; e.g. ['24', '32', '42']	moderate	retire the regex catalog; tag with the platform tagger
ECONOMICS.ECONOMICS__FED_USASPENDING_ASSISTANCE_FULL	RECIPIENT_STATE_CODE	C2 name tag holds something else	places; org words 5.1%, people 0.0%; e.g. ['MD', 'NV', 'PA']	minor	name keys only on columns holding organizations or people, graded PROBABILISTIC
ECONOMICS.ECONOMICS__FED_USASPENDING_ASSISTANCE_FULL	RECIPIENT_STATE_NAME	C2 name tag holds something else	places; org words 0.4%, people 0.0%; e.g. ['MARYLAND', 'NEVADA', 'PENNSYLVANIA']	minor	name keys only on columns holding organizations or people, graded PROBABILISTIC
ECONOMICS.ECONOMICS__FED_USASPENDING_ASSISTANCE_FULL	PRIME_AWARD_TRANSACTION_RECIPIENT_CD_ORIGINAL	C2 name tag holds something else	single words or codes; org words 5.0%, people 0.0%; e.g. ['MD-06', 'NV-00', 'PA-17']	minor	name keys only on columns holding organizations or people, graded PROBABILISTIC
ECONOMICS.ECONOMICS__FED_USASPENDING_ASSISTANCE_FULL	PRIME_AWARD_TRANSACTION_RECIPIENT_CD_CURRENT	C2 name tag holds something else	single words or codes; org words 5.1%, people 0.0%; e.g. ['MD-06', 'NV-02', 'PA-10']	minor	name keys only on columns holding organizations or people, graded PROBABILISTIC
ECONOMICS.ECONOMICS__FED_USASPENDING_ASSISTANCE_FULL	PRIMARY_PLACE_OF_PERFORMANCE_COUNTRY_NAME	C2 name tag holds something else	places; org words 0.0%, people 0.0%; e.g. ['UNITED STATES', 'COSTA RICA']	minor	name keys only on columns holding organizations or people, graded PROBABILISTIC
ECONOMICS.ECONOMICS__FED_USASPENDING_ASSISTANCE_FULL	PRIMARY_PLACE_OF_PERFORMANCE_CITY_NAME	C2 name tag holds something else	places; org words 4.0%, people 0.0%; e.g. ['CARSON CITY', 'HARRISBURG', 'FORT PIERCE']	minor	name keys only on columns holding organizations or people, graded PROBABILISTIC
ECONOMICS.ECONOMICS__FED_USASPENDING_ASSISTANCE_FULL	PRIMARY_PLACE_OF_PERFORMANCE_COUNTY_NAME	C2 name tag holds something else	places; org words 2.1%, people 0.0%; e.g. ['LEFLORE', 'OKTIBBEHA', 'YELL']	minor	name keys only on columns holding organizations or people, graded PROBABILISTIC
ECONOMICS.ECONOMICS__FED_USASPENDING_ASSISTANCE_FULL	PRIME_AWARD_TRANSACTION_PLACE_OF_PERFORMANCE_STATE_FIPS_CODE	C2 catalog regex tag wrong	COUNTY_FIPS: 0.0% fit; e.g. ['28', '05', '37']	moderate	retire the regex catalog; tag with the platform tagger
ECONOMICS.ECONOMICS__FED_USASPENDING_ASSISTANCE_FULL	PRIMARY_PLACE_OF_PERFORMANCE_STATE_NAME	C2 name tag holds something else	places; org words 0.4%, people 0.0%; e.g. ['NEVADA', 'PENNSYLVANIA', 'MISSISSIPPI']	minor	name keys only on columns holding organizations or people, graded PROBABILISTIC
ECONOMICS.ECONOMICS__FED_USASPENDING_CONTRACTS	RECIPIENT_DUNS	C2 tag fails its format	DUNS: 0 of 2000 sampled rows filled	severe	fix the rule in connect/keys.py or portal_recon/tag_portal_index.py, then re-tag
ECONOMICS.ECONOMICS__FED_USASPENDING_CONTRACTS	RECIPIENT_CITY_NAME	C2 name tag holds something else	places; org words 0.7%, people 0.0%; e.g. ['OKINAWA', 'ASHBURN', 'OAKTON']	minor	name keys only on columns holding organizations or people, graded PROBABILISTIC
ECONOMICS.ECONOMICS__FED_USASPENDING_CONTRACTS	RECIPIENT_STATE_CODE	C2 name tag holds something else	places; org words 16.7%, people 0.0%; e.g. ['VA', 'CA', 'MI']	minor	name keys only on columns holding organizations or people, graded PROBABILISTIC
ECONOMICS.ECONOMICS__FED_USASPENDING_CONTRACTS	RECIPIENT_COUNTRY_NAME	C2 name tag holds something else	places; org words 0.0%, people 0.1%; e.g. ['JAPAN', 'UNITED STATES', 'GERMANY']	minor	name keys only on columns holding organizations or people, graded PROBABILISTIC
ECONOMICS.ECONOMICS__FED_USASPENDING_CONTRACTS	PRIMARY_PLACE_OF_PERFORMANCE_CITY_NAME	C2 name tag holds something else	places; org words 0.9%, people 0.0%; e.g. ['NORTH CHARLESTON', 'SAVANNAH', 'EL SEGUNDO']	minor	name keys only on columns holding organizations or people, graded PROBABILISTIC
ECONOMICS.ECONOMICS__FED_USASPENDING_CONTRACTS_FULL	RECIPIENT_COUNTRY_NAME	C2 name tag holds something else	places; org words 0.0%, people 0.2%; e.g. ['UNITED STATES', 'BAHRAIN', 'UNITED STATES OF AMERICA']	minor	name keys only on columns holding organizations or people, graded PROBABILISTIC
ECONOMICS.ECONOMICS__FED_USASPENDING_CONTRACTS_FULL	RECIPIENT_ADDRESS_LINE_1	C2 name tag holds something else	places; org words 1.7%, people 0.0%; e.g. ['1240 COBBLESTONE WAY', '133 MAIN ST', 'BLDG. 17-3120 MARINER AVENUE']	minor	name keys only on columns holding organizations or people, graded PROBABILISTIC
ECONOMICS.ECONOMICS__FED_USASPENDING_CONTRACTS_FULL	RECIPIENT_ADDRESS_LINE_2	C2 name tag holds something else	places; org words 0.0%, people 0.0%; e.g. ['TIYAN', 'SUITE 200', 'PLOTS # 598 - 668']	minor	name keys only on columns holding organizations or people, graded PROBABILISTIC
ECONOMICS.ECONOMICS__FED_USASPENDING_CONTRACTS_FULL	RECIPIENT_CITY_NAME	C2 name tag holds something else	places; org words 2.7%, people 0.0%; e.g. ['WOODSTOCK', 'DELHI', 'BARRIGADA']	minor	name keys only on columns holding organizations or people, graded PROBABILISTIC
ECONOMICS.ECONOMICS__FED_USASPENDING_CONTRACTS_FULL	RECIPIENT_COUNTY_NAME	C2 name tag holds something else	places; org words 5.9%, people 0.0%; e.g. ['GUAM', 'MADISON', 'FAIRFAX']	minor	name keys only on columns holding organizations or people, graded PROBABILISTIC
ECONOMICS.ECONOMICS__FED_USASPENDING_CONTRACTS_FULL	PRIME_AWARD_TRANSACTION_RECIPIENT_STATE_FIPS_CODE	C2 catalog regex tag wrong	COUNTY_FIPS: 0.0% fit; e.g. ['17', '36', '66']	moderate	retire the regex catalog; tag with the platform tagger
ECONOMICS.ECONOMICS__FED_USASPENDING_CONTRACTS_FULL	RECIPIENT_STATE_CODE	C2 name tag holds something else	places; org words 7.1%, people 0.0%; e.g. ['IL', 'NY', 'GU']	minor	name keys only on columns holding organizations or people, graded PROBABILISTIC
ECONOMICS.ECONOMICS__FED_USASPENDING_CONTRACTS_FULL	RECIPIENT_STATE_NAME	C2 name tag holds something else	places; org words 0.9%, people 0.0%; e.g. ['GUAM', 'ALABAMA', 'VIRGINIA']	minor	name keys only on columns holding organizations or people, graded PROBABILISTIC
ECONOMICS.ECONOMICS__FED_USASPENDING_CONTRACTS_FULL	PRIME_AWARD_TRANSACTION_RECIPIENT_CD_ORIGINAL	C2 name tag holds something else	single words or codes; org words 7.2%, people 0.0%; e.g. ['IL-08', 'NY-20', 'GU-00']	minor	name keys only on columns holding organizations or people, graded PROBABILISTIC
ECONOMICS.ECONOMICS__FED_USASPENDING_CONTRACTS_FULL	PRIME_AWARD_TRANSACTION_RECIPIENT_CD_CURRENT	C2 name tag holds something else	single words or codes; org words 7.1%, people 0.0%; e.g. ['IL-11', 'NY-19', 'GU-98']	minor	name keys only on columns holding organizations or people, graded PROBABILISTIC
ECONOMICS.ECONOMICS__FED_USASPENDING_CONTRACTS_FULL	RECIPIENT_PHONE_NUMBER	C2 name tag holds something else	numbers; org words 0.0%, people 0.0%; e.g. ['9372360110', '5868257043', '5034983397']	minor	name keys only on columns holding organizations or people, graded PROBABILISTIC
ECONOMICS.ECONOMICS__FED_USASPENDING_CONTRACTS_FULL	RECIPIENT_FAX_NUMBER	C2 name tag holds something else	numbers; org words 0.0%, people 0.0%; e.g. ['9372360111', '5868257396', '5034983904']	minor	name keys only on columns holding organizations or people, graded PROBABILISTIC
ECONOMICS.ECONOMICS__FED_USASPENDING_CONTRACTS_FULL	PRIMARY_PLACE_OF_PERFORMANCE_COUNTRY_NAME	C2 name tag holds something else	places; org words 0.0%, people 0.3%; e.g. ['UNITED STATES', 'KUWAIT', 'GERMANY']	minor	name keys only on columns holding organizations or people, graded PROBABILISTIC
ECONOMICS.ECONOMICS__FED_USASPENDING_CONTRACTS_FULL	PRIMARY_PLACE_OF_PERFORMANCE_CITY_NAME	C2 name tag holds something else	places; org words 5.2%, people 0.0%; e.g. ['FARGO', 'BEDFORD', 'BARRIGADA']	minor	name keys only on columns holding organizations or people, graded PROBABILISTIC
ECONOMICS.ECONOMICS__FED_USASPENDING_CONTRACTS_FULL	PRIMARY_PLACE_OF_PERFORMANCE_COUNTY_NAME	C2 name tag holds something else	places; org words 6.2%, people 0.0%; e.g. ['CASS', 'MIDDLESEX', 'GUAM']	minor	name keys only on columns holding organizations or people, graded PROBABILISTIC
ECONOMICS.ECONOMICS__FED_USASPENDING_CONTRACTS_FULL	PRIME_AWARD_TRANSACTION_PLACE_OF_PERFORMANCE_STATE_FIPS_CODE	C2 catalog regex tag wrong	COUNTY_FIPS: 0.0% fit; e.g. ['38', '25', '66']	moderate	retire the regex catalog; tag with the platform tagger
ECONOMICS.ECONOMICS__FED_USASPENDING_CONTRACTS_FULL	PRIMARY_PLACE_OF_PERFORMANCE_STATE_NAME	C2 name tag holds something else	places; org words 3.4%, people 0.0%; e.g. ['NORTH DAKOTA', 'MASSACHUSETTS', 'GUAM']	minor	name keys only on columns holding organizations or people, graded PROBABILISTIC
ECONOMICS.ECONOMICS__FED_USASPENDING_CONTRACTS_FULL	EPA_DESIGNATED_PRODUCT_CODE	C2 catalog regex tag wrong	FRS/EPA: 0.0% fit; e.g. ['A', 'E']	moderate	retire the regex catalog; tag with the platform tagger
ECONOMICS.ECONOMICS__FED_USASPENDING_CONTRACTS_FULL	EPA_DESIGNATED_PRODUCT	C2 catalog regex tag wrong	FRS/EPA: 0.0% fit; e.g. ['MEETS REQUIREMENTS', 'NOT REQUIRED']	moderate	retire the regex catalog; tag with the platform tagger
ECONOMICS.ECONOMICS__FED_USASPENDING_CONTRACTS_FULL	NATIVE_HAWAIIAN_ORGANIZATION_OWNED_FIRM	C2 name tag holds something else	single words or codes; org words 0.0%, people 0.0%; e.g. ['f']	minor	name keys only on columns holding organizations or people, graded PROBABILISTIC
ECONOMICS.ECONOMICS__FED_USASPENDING_CONTRACTS_FULL	US_STATE_GOVERNMENT	C2 tag fails its format	STATE: 0.0% of 2000 sampled values fit; e.g. ['f', 't']	moderate	fix the rule in connect/keys.py or portal_recon/tag_portal_index.py, then re-tag
ECONOMICS.ECONOMICS__FED_USASPENDING_CONTRACTS_FULL	INTERNATIONAL_ORGANIZATION	C2 name tag holds something else	single words or codes; org words 0.0%, people 0.0%; e.g. ['f']	minor	name keys only on columns holding organizations or people, graded PROBABILISTIC
ECONOMICS.ECONOMICS__FED_USASPENDING_CONTRACTS_FULL	FOR_PROFIT_ORGANIZATION	C2 name tag holds something else	single words or codes; org words 0.0%, people 0.0%; e.g. ['f', 't']	minor	name keys only on columns holding organizations or people, graded PROBABILISTIC
ECONOMICS.ECONOMICS__FED_USASPENDING_CONTRACTS_FULL	NONPROFIT_ORGANIZATION	C2 name tag holds something else	single words or codes; org words 0.0%, people 0.0%; e.g. ['f', 't']	minor	name keys only on columns holding organizations or people, graded PROBABILISTIC
ECONOMICS.ECONOMICS__FED_USASPENDING_CONTRACTS_FULL	OTHER_NOT_FOR_PROFIT_ORGANIZATION	C2 name tag holds something else	single words or codes; org words 0.0%, people 0.0%; e.g. ['f']	minor	name keys only on columns holding organizations or people, graded PROBABILISTIC
ECONOMICS.ECONOMICS__FED_USASPENDING_CONTRACTS_FULL	STATE_CONTROLLED_INSTITUTION_OF_HIGHER_LEARNING	C2 tag fails its format	STATE: 0.0% of 2000 sampled values fit; e.g. ['f', 't']	moderate	fix the rule in connect/keys.py or portal_recon/tag_portal_index.py, then re-tag
ECONOMICS.ECONOMICS__FED_USASPENDING_CONTRACTS_FULL_R2	RECIPIENT_CITY_NAME	C2 name tag holds something else	places; org words 1.6%, people 0.0%; e.g. ['MELVILLE', 'DANIA', 'SAN FRANCISCO']	minor	name keys only on columns holding organizations or people, graded PROBABILISTIC
ECONOMICS.ECONOMICS__FED_USASPENDING_CONTRACTS_FULL_R2	RECIPIENT_STATE_CODE	C2 name tag holds something else	places; org words 9.2%, people 0.0%; e.g. ['NY', 'FL', 'CA']	minor	name keys only on columns holding organizations or people, graded PROBABILISTIC
ECONOMICS.ECONOMICS__FED_USASPENDING_CONTRACTS_FULL_R2	RECIPIENT_COUNTRY_NAME	C2 name tag holds something else	places; org words 0.0%, people 0.0%; e.g. ['UNITED STATES', 'ITALY', 'UNITED ARAB EMIRATES']	minor	name keys only on columns holding organizations or people, graded PROBABILISTIC
ECONOMICS.ECONOMICS__FED_USASPENDING_CONTRACTS_FULL_R2	PRIMARY_PLACE_OF_PERFORMANCE_CITY_NAME	C2 name tag holds something else	places; org words 3.2%, people 0.0%; e.g. ['MELVILLE', 'DANIA', 'TALLAHASSEE']	minor	name keys only on columns holding organizations or people, graded PROBABILISTIC
ECONOMICS.ECONOMICS__FED_US_USASPENDING_API	RECIPIENT_UEI	C2 tag fails its format	UEI: 0 of 300 sampled rows filled	severe	fix the rule in connect/keys.py or portal_recon/tag_portal_index.py, then re-tag
ECONOMICS.ECONOMICS__FED_US_USASPENDING_API	RECIPIENT_DUNS	C2 tag fails its format	DUNS: 0 of 300 sampled rows filled	severe	fix the rule in connect/keys.py or portal_recon/tag_portal_index.py, then re-tag
ECONOMICS.ECONOMICS__FED_US_USASPENDING_API	RECIPIENT_EIN	C2 tag fails its format	EIN: 0 of 300 sampled rows filled	severe	fix the rule in connect/keys.py or portal_recon/tag_portal_index.py, then re-tag
ECONOMICS.ECONOMICS__FED_US_USASPENDING_API	NAICS_CODE	C2 tag fails its format	NAICS: 0 of 300 sampled rows filled	moderate	fix the rule in connect/keys.py or portal_recon/tag_portal_index.py, then re-tag
ECONOMICS.ECONOMICS__FED_US_USASPENDING_API	PLACE_OF_PERFORMANCE_FIPS	C2 tag fails its format	FIPS: 0 of 300 sampled rows filled	moderate	fix the rule in connect/keys.py or portal_recon/tag_portal_index.py, then re-tag
ECONOMICS.ECONOMICS__FED_US_USASPENDING_API	RECIPIENT_LOCATION_FIPS	C2 tag fails its format	FIPS: 0 of 300 sampled rows filled	moderate	fix the rule in connect/keys.py or portal_recon/tag_portal_index.py, then re-tag
ECONOMICS.ECONOMICS__INTL_GLEIF	ENTITY_LEGALNAME	C2 name tag holds something else	single words or codes; org words 0.9%, people 0.0%; e.g. ['桂林前景建筑工程有限公司', '北京盛世仁民管理咨询有限公司', '宜品乳业（青岛）集团有限公司']	minor	name keys only on columns holding organizations or people, graded PROBABILISTIC
ECONOMICS.ECONOMICS__INTL_GLEIF	ENTITY_LEGALADDRESS_POSTALCODE	C2 tag fails its format	ZIP: 0.0% of 1999 sampled values fit; e.g. ['541300', '100000', '266600']	moderate	fix the rule in connect/keys.py or portal_recon/tag_portal_index.py, then re-tag
ECONOMICS.ECONOMICS__INTL_GLEIF	ENTITY_LEGALADDRESS_POSTALCODE	C2 catalog regex tag wrong	ZIP: 0.0% fit; e.g. ['541300', '100000', '266600']	moderate	retire the regex catalog; tag with the platform tagger
ECONOMICS.ECONOMICS__INTL_GLEIF	ENTITY_HEADQUARTERSADDRESS_POSTALCODE	C2 tag fails its format	ZIP: 0.0% of 1999 sampled values fit; e.g. ['541300', '100000', '266000']	moderate	fix the rule in connect/keys.py or portal_recon/tag_portal_index.py, then re-tag
ECONOMICS.ECONOMICS__INTL_GLEIF	ENTITY_HEADQUARTERSADDRESS_POSTALCODE	C2 catalog regex tag wrong	ZIP: 0.0% fit; e.g. ['541300', '100000', '266000']	moderate	retire the regex catalog; tag with the platform tagger
ECONOMICS.ECONOMICS__INTL_GLEIF	ENTITY_OTHERADDRESSES_OTHERADDRESS_1_POSTALCODE	C2 tag fails its format	ZIP: 0.0% of 81 sampled values fit; e.g. ['999077', '201203', '210061']	moderate	fix the rule in connect/keys.py or portal_recon/tag_portal_index.py, then re-tag
ECONOMICS.ECONOMICS__INTL_GLEIF	ENTITY_OTHERADDRESSES_OTHERADDRESS_1_POSTALCODE	C2 catalog regex tag wrong	ZIP: 0.0% fit; e.g. ['999077', '201203', '210061']	moderate	retire the regex catalog; tag with the platform tagger
ECONOMICS.ECONOMICS__INTL_GLEIF	ENTITY_OTHERADDRESSES_OTHERADDRESS_2_POSTALCODE	C2 tag fails its format	ZIP: 0.0% of 75 sampled values fit; e.g. ['999077', '201203', '266001']	moderate	fix the rule in connect/keys.py or portal_recon/tag_portal_index.py, then re-tag
ECONOMICS.ECONOMICS__INTL_GLEIF	ENTITY_OTHERADDRESSES_OTHERADDRESS_2_POSTALCODE	C2 catalog regex tag wrong	ZIP: 0.0% fit; e.g. ['999077', '201203', '266001']	moderate	retire the regex catalog; tag with the platform tagger
ECONOMICS.ECONOMICS__INTL_GLEIF	ENTITY_OTHERADDRESSES_OTHERADDRESS_3_COUNTRY	C2 tag fails its format	COUNTRY: 0 of 2000 sampled rows filled	moderate	fix the rule in connect/keys.py or portal_recon/tag_portal_index.py, then re-tag
ECONOMICS.ECONOMICS__INTL_GLEIF	ENTITY_OTHERADDRESSES_OTHERADDRESS_3_POSTALCODE	C2 tag fails its format	ZIP: 0 of 2000 sampled rows filled	moderate	fix the rule in connect/keys.py or portal_recon/tag_portal_index.py, then re-tag
ECONOMICS.ECONOMICS__INTL_GLEIF	ENTITY_OTHERADDRESSES_OTHERADDRESS_4_COUNTRY	C2 tag fails its format	COUNTRY: 0 of 2000 sampled rows filled	moderate	fix the rule in connect/keys.py or portal_recon/tag_portal_index.py, then re-tag
ECONOMICS.ECONOMICS__INTL_GLEIF	ENTITY_OTHERADDRESSES_OTHERADDRESS_4_POSTALCODE	C2 tag fails its format	ZIP: 0 of 2000 sampled rows filled	moderate	fix the rule in connect/keys.py or portal_recon/tag_portal_index.py, then re-tag
ECONOMICS.ECONOMICS__INTL_GLEIF	ENTITY_OTHERADDRESSES_OTHERADDRESS_5_COUNTRY	C2 tag fails its format	COUNTRY: 0 of 2000 sampled rows filled	moderate	fix the rule in connect/keys.py or portal_recon/tag_portal_index.py, then re-tag
ECONOMICS.ECONOMICS__INTL_GLEIF	ENTITY_OTHERADDRESSES_OTHERADDRESS_5_POSTALCODE	C2 tag fails its format	ZIP: 0 of 2000 sampled rows filled	moderate	fix the rule in connect/keys.py or portal_recon/tag_portal_index.py, then re-tag
ECONOMICS.ECONOMICS__INTL_GLEIF	ENTITY_TRANSLITERATEDOTHERADDRESSES_TRANSLITERATEDOTHERADDRESS_1_COUNTRY	C2 tag fails its format	COUNTRY: 0 of 2000 sampled rows filled	moderate	fix the rule in connect/keys.py or portal_recon/tag_portal_index.py, then re-tag
ECONOMICS.ECONOMICS__INTL_GLEIF	ENTITY_TRANSLITERATEDOTHERADDRESSES_TRANSLITERATEDOTHERADDRESS_1_POSTALCODE	C2 tag fails its format	ZIP: 0 of 2000 sampled rows filled	moderate	fix the rule in connect/keys.py or portal_recon/tag_portal_index.py, then re-tag
ECONOMICS.ECONOMICS__INTL_GLEIF	ENTITY_TRANSLITERATEDOTHERADDRESSES_TRANSLITERATEDOTHERADDRESS_2_COUNTRY	C2 tag fails its format	COUNTRY: 0 of 2000 sampled rows filled	moderate	fix the rule in connect/keys.py or portal_recon/tag_portal_index.py, then re-tag
ECONOMICS.ECONOMICS__INTL_GLEIF	ENTITY_TRANSLITERATEDOTHERADDRESSES_TRANSLITERATEDOTHERADDRESS_2_POSTALCODE	C2 tag fails its format	ZIP: 0 of 2000 sampled rows filled	moderate	fix the rule in connect/keys.py or portal_recon/tag_portal_index.py, then re-tag
ECONOMICS.ECONOMICS__INTL_GLEIF	ENTITY_TRANSLITERATEDOTHERADDRESSES_TRANSLITERATEDOTHERADDRESS_3_COUNTRY	C2 tag fails its format	COUNTRY: 0 of 2000 sampled rows filled	moderate	fix the rule in connect/keys.py or portal_recon/tag_portal_index.py, then re-tag
ECONOMICS.ECONOMICS__INTL_GLEIF	ENTITY_TRANSLITERATEDOTHERADDRESSES_TRANSLITERATEDOTHERADDRESS_3_POSTALCODE	C2 tag fails its format	ZIP: 0 of 2000 sampled rows filled	moderate	fix the rule in connect/keys.py or portal_recon/tag_portal_index.py, then re-tag
ECONOMICS.ECONOMICS__INTL_GLEIF	ENTITY_TRANSLITERATEDOTHERADDRESSES_TRANSLITERATEDOTHERADDRESS_4_COUNTRY	C2 tag fails its format	COUNTRY: 0 of 2000 sampled rows filled	moderate	fix the rule in connect/keys.py or portal_recon/tag_portal_index.py, then re-tag
ECONOMICS.ECONOMICS__INTL_GLEIF	ENTITY_TRANSLITERATEDOTHERADDRESSES_TRANSLITERATEDOTHERADDRESS_4_POSTALCODE	C2 tag fails its format	ZIP: 0 of 2000 sampled rows filled	moderate	fix the rule in connect/keys.py or portal_recon/tag_portal_index.py, then re-tag
ECONOMICS.ECONOMICS__INTL_GLEIF	ENTITY_TRANSLITERATEDOTHERADDRESSES_TRANSLITERATEDOTHERADDRESS_5_COUNTRY	C2 tag fails its format	COUNTRY: 0 of 2000 sampled rows filled	moderate	fix the rule in connect/keys.py or portal_recon/tag_portal_index.py, then re-tag
ECONOMICS.ECONOMICS__INTL_GLEIF	ENTITY_TRANSLITERATEDOTHERADDRESSES_TRANSLITERATEDOTHERADDRESS_5_POSTALCODE	C2 tag fails its format	ZIP: 0 of 2000 sampled rows filled	moderate	fix the rule in connect/keys.py or portal_recon/tag_portal_index.py, then re-tag
EDUCATION.EDUCATION__FED_CPSC_NEISS_CODES	FORMAT_NAME	C2 name tag holds something else	single words or codes; org words 0.0%, people 0.0%; e.g. ['AGELTTWO', 'ALC_DRUG', 'BDYPT']	minor	name keys only on columns holding organizations or people, graded PROBABILISTIC
EDUCATION.EDUCATION__FED_ED_COLLEGE_SCORECARD_INSTITUTION	STATE_FIPS	C2 catalog regex tag wrong	COUNTY_FIPS: 0.0% fit; e.g. ['1', '13', '2']	moderate	retire the regex catalog; tag with the platform tagger
EDUCATION.EDUCATION__FED_ED_COLLEGE_SCORECARD_INSTITUTION	TUITION_IN_STATE	C2 tag fails its format	STATE: 0.0% of 1506 sampled values fit; e.g. ['10024', '9098', '7590']	moderate	fix the rule in connect/keys.py or portal_recon/tag_portal_index.py, then re-tag
EDUCATION.EDUCATION__FED_ED_COLLEGE_SCORECARD_INSTITUTION	TUITION_IN_STATE	C2 catalog regex tag wrong	STATE: 0.0% fit; e.g. ['10024', '9098', '7590']	moderate	retire the regex catalog; tag with the platform tagger
EDUCATION.EDUCATION__FED_ED_COLLEGE_SCORECARD_INSTITUTION	TUITION_OUT_OF_STATE	C2 tag fails its format	STATE: 0.0% of 1506 sampled values fit; e.g. ['18634', '22562', '7590']	moderate	fix the rule in connect/keys.py or portal_recon/tag_portal_index.py, then re-tag
EDUCATION.EDUCATION__FED_ED_COLLEGE_SCORECARD_INSTITUTION	TUITION_OUT_OF_STATE	C2 catalog regex tag wrong	STATE: 0.0% fit; e.g. ['18634', '22562', '7590']	moderate	retire the regex catalog; tag with the platform tagger
ENERGY.ENERGY__FED_EIA861_SALES_ULT_CUST_CS	FACILITY_NUMBER	C2 name tag holds something else	numbers; org words 0.0%, people 0.0%; e.g. ['57646', '60762', '65411']	minor	name keys only on columns holding organizations or people, graded PROBABILISTIC
ENVIRONMENT.ENVIRONMENT__EPA_PENALTY_GAP	EPA_REGION	C2 catalog regex tag wrong	FRS/EPA: 0.0% fit; e.g. ['02', '10', '06']	moderate	retire the regex catalog; tag with the platform tagger
ENVIRONMENT.ENVIRONMENT__EPA_PENALTY_GAP	LAST_PENALTY_SHARED_FACILITY_N	C2 name tag holds something else	numbers; org words 0.0%, people 0.0%; e.g. ['3013568', '1', '2']	minor	name keys only on columns holding organizations or people, graded PROBABILISTIC
ENVIRONMENT.ENVIRONMENT__FED_EPA_AQS_SITES	STATE_CODE	C2 tag fails its format	STATE: 0.0% of 2000 sampled values fit; e.g. ['01', '02', '04']	moderate	fix the rule in connect/keys.py or portal_recon/tag_portal_index.py, then re-tag
ENVIRONMENT.ENVIRONMENT__FED_EPA_AQS_SITES	STATE_CODE	C2 catalog regex tag wrong	STATE: 0.0% fit; e.g. ['01', '02', '04']	moderate	retire the regex catalog; tag with the platform tagger
ENVIRONMENT.ENVIRONMENT__FED_EPA_AQS_SITES	MET_SITE_STATE_CODE	C2 tag fails its format	STATE: 0.0% of 7 sampled values fit; e.g. ['01', '04', '06']	moderate	fix the rule in connect/keys.py or portal_recon/tag_portal_index.py, then re-tag
ENVIRONMENT.ENVIRONMENT__FED_EPA_AQS_SITES	MET_SITE_STATE_CODE	C2 catalog regex tag wrong	STATE: 0.0% fit; e.g. ['01', '04', '06']	moderate	retire the regex catalog; tag with the platform tagger
ENVIRONMENT.ENVIRONMENT__FED_EPA_AQS_SITES	STATE_NAME	C2 name tag holds something else	places; org words 0.0%, people 0.0%; e.g. ['Alabama', 'Alaska', 'Arizona']	minor	name keys only on columns holding organizations or people, graded PROBABILISTIC
ENVIRONMENT.ENVIRONMENT__FED_EPA_AQS_SITES	COUNTY_NAME	C2 name tag holds something else	places; org words 0.0%, people 0.0%; e.g. ['Autauga', 'Baldwin', 'Barbour']	minor	name keys only on columns holding organizations or people, graded PROBABILISTIC
ENVIRONMENT.ENVIRONMENT__FED_EPA_AQS_SITES	CITY_NAME	C2 name tag holds something else	places; org words 19.2%, people 0.0%; e.g. ['Prattville', 'Not in a City', 'Not in a city']	minor	name keys only on columns holding organizations or people, graded PROBABILISTIC
ENVIRONMENT.ENVIRONMENT__FED_EPA_AQS_SITES	CBSA_NAME	C2 name tag holds something else	places; org words 1.4%, people 61.6%; e.g. ['Montgomery, AL', 'Daphne-Fairhope-Foley, AL', 'Eufaula, AL-GA']	minor	name keys only on columns holding organizations or people, graded PROBABILISTIC
ENVIRONMENT.ENVIRONMENT__FED_EPA_ECHO	EPA_REGION	C2 catalog regex tag wrong	FRS/EPA: 0.0% fit; e.g. ['04', '08', '02']	moderate	retire the regex catalog; tag with the platform tagger
ENVIRONMENT.ENVIRONMENT__FED_EPA_ECHO	IS_MAJOR_FACILITY	C2 name tag holds something else	single words or codes; org words 0.0%, people 0.0%; e.g. ['False', 'True']	minor	name keys only on columns holding organizations or people, graded PROBABILISTIC
ENVIRONMENT.ENVIRONMENT__FED_EPA_ECHO	IS_FEDERAL_FACILITY	C2 name tag holds something else	single words or codes; org words 0.0%, people 0.0%; e.g. ['False', 'True']	minor	name keys only on columns holding organizations or people, graded PROBABILISTIC
ENVIRONMENT.ENVIRONMENT__FED_EPA_ECHO	LAST_PENALTY_SHARED_FACILITY_N	C2 name tag holds something else	numbers; org words 0.0%, people 0.0%; e.g. ['3013568', '1', '32']	minor	name keys only on columns holding organizations or people, graded PROBABILISTIC
ENVIRONMENT.ENVIRONMENT__FED_EPA_EGRID_PLANT_2022	DOE_EIA_ORIS_PLANT_OR_FACILITY_CODE	C2 name tag holds something else	numbers; org words 0.0%, people 0.0%; e.g. ['ORISPL', '54452', '57053']	minor	name keys only on columns holding organizations or people, graded PROBABILISTIC
ENVIRONMENT.ENVIRONMENT__FED_EPA_EGRID_PLANT_2022	PLANT_FIPS_STATE_CODE	C2 catalog regex tag wrong	COUNTY_FIPS: 0.0% fit; e.g. ['FIPSST', '02', '01']	moderate	retire the regex catalog; tag with the platform tagger
ENVIRONMENT.ENVIRONMENT__FED_EPA_EGRID_PLANT_2022	PLANT_FIPS_COUNTY_CODE	C2 tag fails its format	FIPS: 0.0% of 1992 sampled values fit; e.g. ['FIPSCNTY', '122', '261']	moderate	fix the rule in connect/keys.py or portal_recon/tag_portal_index.py, then re-tag
ENVIRONMENT.ENVIRONMENT__FED_EPA_EGRID_PLANT_2022	PLANT_FIPS_COUNTY_CODE	C2 catalog regex tag wrong	COUNTY_FIPS: 0.0% fit; e.g. ['FIPSCNTY', '122', '261']	moderate	retire the regex catalog; tag with the platform tagger
ENVIRONMENT.ENVIRONMENT__FED_EPA_EGRID_PLANT_2022	PLANT_COUNTY_NAME	C2 name tag holds something else	places; org words 0.0%, people 0.0%; e.g. ['CNTYNAME', 'Kenai Peninsula', 'Kusilvak']	minor	name keys only on columns holding organizations or people, graded PROBABILISTIC
ENVIRONMENT.ENVIRONMENT__FED_EPA_ENVIROFACTS	TABLE_NAME	C2 name tag holds something else	things, not names; org words 0.0%, people 0.0%; e.g. ['tri.tri_facility']	minor	name keys only on columns holding organizations or people, graded PROBABILISTIC
ENVIRONMENT.ENVIRONMENT__FED_EPA_ENVIROFACTS	STATE_CODE	C2 tag fails its format	STATE: 0 of 2000 sampled rows filled	moderate	fix the rule in connect/keys.py or portal_recon/tag_portal_index.py, then re-tag
ENVIRONMENT.ENVIRONMENT__FED_EPA_ENVIROFACTS	CITY_NAME	C2 name tag holds something else	places; org words 0.0%, people 0.0%; e.g. ['AGUADA', 'AGUADILLA', 'AGUAS BUENAS']	minor	name keys only on columns holding organizations or people, graded PROBABILISTIC
ENVIRONMENT.ENVIRONMENT__FED_EPA_ENVIROFACTS	COUNTY_NAME	C2 name tag holds something else	places; org words 0.0%, people 0.0%; e.g. ['AGUADA MUNICIPIO', 'AGUADILLA MUNICIPIO', 'AGUAS BUENAS MUNICIPIO']	minor	name keys only on columns holding organizations or people, graded PROBABILISTIC
ENVIRONMENT.ENVIRONMENT__FED_EPA_ENVIROFACTS	FRS_ID	C2 tag fails its format	FRS_ID: 0 of 2000 sampled rows filled	severe	fix the rule in connect/keys.py or portal_recon/tag_portal_index.py, then re-tag
ENVIRONMENT.ENVIRONMENT__FED_EPA_ENVIROFACTS	LATITUDE	C2 tag fails its format	LATLON: 0 of 2000 sampled rows filled	moderate	fix the rule in connect/keys.py or portal_recon/tag_portal_index.py, then re-tag
ENVIRONMENT.ENVIRONMENT__FED_EPA_ENVIROFACTS	LONGITUDE	C2 tag fails its format	LATLON: 0 of 2000 sampled rows filled	moderate	fix the rule in connect/keys.py or portal_recon/tag_portal_index.py, then re-tag
ENVIRONMENT.ENVIRONMENT__FED_EPA_FRS_FACILITIES	STATE_NAME	C2 name tag holds something else	places; org words 0.0%, people 0.0%; e.g. ['ARKANSAS', 'WISCONSIN', 'NEW JERSEY']	minor	name keys only on columns holding organizations or people, graded PROBABILISTIC
ENVIRONMENT.ENVIRONMENT__FED_EPA_FRS_FACILITIES	EPA_REGION	C2 catalog regex tag wrong	FRS/EPA: 0.0% fit; e.g. ['02', '09', '06']	moderate	retire the regex catalog; tag with the platform tagger
ENVIRONMENT.ENVIRONMENT__FED_EPA_FRS_FACILITIES	IS_FEDERAL_FACILITY	C2 name tag holds something else	single words or codes; org words 0.0%, people 0.0%; e.g. ['False']	minor	name keys only on columns holding organizations or people, graded PROBABILISTIC
ENVIRONMENT.ENVIRONMENT__FED_EPA_FRS_FRS_PROGRAM_LINKS	CITY_NAME	C2 name tag holds something else	places; org words 4.2%, people 0.0%; e.g. ['COLUMBIA', 'GARY', 'WEST TERRE HAUTE']	minor	name keys only on columns holding organizations or people, graded PROBABILISTIC
ENVIRONMENT.ENVIRONMENT__FED_EPA_FRS_FRS_PROGRAM_LINKS	COUNTY_NAME	C2 name tag holds something else	places; org words 4.8%, people 0.0%; e.g. ['BOONE', 'LAKE', 'VIGO']	minor	name keys only on columns holding organizations or people, graded PROBABILISTIC
ENVIRONMENT.ENVIRONMENT__FED_EPA_FRS_FRS_PROGRAM_LINKS	STATE_NAME	C2 name tag holds something else	places; org words 0.0%, people 0.0%; e.g. ['MISSOURI', 'INDIANA', 'KANSAS']	minor	name keys only on columns holding organizations or people, graded PROBABILISTIC
ENVIRONMENT.ENVIRONMENT__FED_EPA_FRS_FRS_PROGRAM_LINKS	COUNTRY_NAME	C2 name tag holds something else	places; org words 0.0%, people 0.0%; e.g. ['UNITED STATES', 'USA', 'UNITED STATES OF AMERICA']	minor	name keys only on columns holding organizations or people, graded PROBABILISTIC
ENVIRONMENT.ENVIRONMENT__FED_EPA_GHGRP_EMISSION	FACILITY_ID	C2 name tag holds something else	numbers; org words 0.0%, people 0.0%; e.g. ['1003763', '1000550', '1001124']	minor	name keys only on columns holding organizations or people, graded PROBABILISTIC
ENVIRONMENT.ENVIRONMENT__FED_EPA_GHGRP_FACILITY	FACILITY_YEAR_ID	C2 name tag holds something else	single words or codes; org words 0.0%, people 0.0%; e.g. ['d6ebbd64f055c94be01af141e092a076', '8a0a2ae9c8703f4b0a2cca490d4cbc9d', 'ca9e054e2a663867987e4b3be20ad699']	minor	name keys only on columns holding organizations or people, graded PROBABILISTIC
ENVIRONMENT.ENVIRONMENT__FED_EPA_GHGRP_FACILITY	FACILITY_ID	C2 name tag holds something else	numbers; org words 0.0%, people 0.0%; e.g. ['1011660', '1011661', '1011662']	minor	name keys only on columns holding organizations or people, graded PROBABILISTIC
ENVIRONMENT.ENVIRONMENT__FED_EPA_GHGRP_FACILITY	EGGRT_FACILITY_ID	C2 name tag holds something else	numbers; org words 0.0%, people 0.0%; e.g. ['558779.0000000000', '558778.0000000000', '558898.0000000000']	minor	name keys only on columns holding organizations or people, graded PROBABILISTIC
ENVIRONMENT.ENVIRONMENT__FED_EPA_GHGRP_FACILITY	PROGRAM_NAME	C2 name tag holds something else	things, not names; org words 0.0%, people 0.0%; e.g. ['Green House Gas e-GGRT', 'Clean Air Markets Division Business Database']	minor	name keys only on columns holding organizations or people, graded PROBABILISTIC
ENVIRONMENT.ENVIRONMENT__FED_EPA_GHGRP_FACILITY	STATE_NAME	C2 name tag holds something else	places; org words 0.0%, people 0.0%; e.g. ['Pennsylvania', 'Kansas', 'Texas']	minor	name keys only on columns holding organizations or people, graded PROBABILISTIC
ENVIRONMENT.ENVIRONMENT__FED_EPA_GHGRP_FACILITY	RR_MONITORING_PLAN_FILENAME	C2 name tag holds something else	single words or codes; org words 0.0%, people 0.0%; e.g. ['https://www.epa.gov/ghgreporting/subpart-rr-annual-monitoring-reports']	minor	name keys only on columns holding organizations or people, graded PROBABILISTIC
ENVIRONMENT.ENVIRONMENT__FED_EPA_ICIS_AIR_ICIS_AIR_FACILITIES	COUNTY_NAME	C2 name tag holds something else	places; org words 0.0%, people 0.0%; e.g. ['Bergen', 'Undetermined', 'Burlington']	minor	name keys only on columns holding organizations or people, graded PROBABILISTIC
ENVIRONMENT.ENVIRONMENT__FED_EPA_ICIS_AIR_ICIS_AIR_FACILITIES	EPA_REGION	C2 catalog regex tag wrong	FRS/EPA: 0.0% fit; e.g. ['02', '01']	moderate	retire the regex catalog; tag with the platform tagger
ENVIRONMENT.ENVIRONMENT__FED_EPA_ICIS_AIR_ICIS_AIR_FACILITIES	FACILITY_TYPE_CODE	C2 name tag holds something else	things, not names; org words 0.0%, people 0.0%; e.g. ['POF', 'FDF', 'CTG']	minor	name keys only on columns holding organizations or people, graded PROBABILISTIC
ENVIRONMENT.ENVIRONMENT__FED_EPA_ICIS_AIR_ICIS_AIR_TITLEV_CERTS	FACILITY_RPT_DEVIATION_FLAG	C2 name tag holds something else	single words or codes; org words 0.0%, people 0.0%; e.g. ['N', 'Y']	minor	name keys only on columns holding organizations or people, graded PROBABILISTIC
ENVIRONMENT.ENVIRONMENT__FED_EPA_NPDES_ICIS_FACILITIES	ICIS_FACILITY_INTEREST_ID	C2 name tag holds something else	numbers; org words 0.0%, people 0.0%; e.g. ['1600025792', '1600025799', '1600025806']	minor	name keys only on columns holding organizations or people, graded PROBABILISTIC
ENVIRONMENT.ENVIRONMENT__FED_EPA_NPDES_ICIS_FACILITIES	FACILITY_UIN	C2 name tag holds something else	numbers; org words 0.0%, people 0.0%; e.g. ['110033167891', '110033168033', '110033168159']	minor	name keys only on columns holding organizations or people, graded PROBABILISTIC
ENVIRONMENT.ENVIRONMENT__FED_EPA_NPDES_ICIS_FACILITIES	FACILITY_TYPE_CODE	C2 name tag holds something else	things, not names; org words 0.0%, people 0.0%; e.g. ['POF', 'CTG', 'COR']	minor	name keys only on columns holding organizations or people, graded PROBABILISTIC
ENVIRONMENT.ENVIRONMENT__FED_EPA_NPDES_NPDES_CS_VIOLATIONS	NPDES_VIOLATION_ID	C2 catalog regex tag wrong	FRS/EPA: 4.5% fit; e.g. ['3642930023', '3661938659', '3668285243']	moderate	retire the regex catalog; tag with the platform tagger
ENVIRONMENT.ENVIRONMENT__FED_EPA_NPDES_NPDES_PS_VIOLATIONS	NPDES_VIOLATION_ID	C2 catalog regex tag wrong	FRS/EPA: 3.0% fit; e.g. ['20031017', '2400024144', '3670789095']	moderate	retire the regex catalog; tag with the platform tagger
ENVIRONMENT.ENVIRONMENT__FED_EPA_NPDES_NPDES_SE_VIOLATIONS	NPDES_VIOLATION_ID	C2 catalog regex tag wrong	FRS/EPA: 1.2% fit; e.g. ['3670710573', '3679067434', '3678484076']	moderate	retire the regex catalog; tag with the platform tagger
ENVIRONMENT.ENVIRONMENT__FED_EPA_RCRA_FACILITIES	CITY_NAME	C2 name tag holds something else	places; org words 6.7%, people 0.0%; e.g. ['LEBANON', 'LACONIA', 'JERSEY CITY']	minor	name keys only on columns holding organizations or people, graded PROBABILISTIC
ENVIRONMENT.ENVIRONMENT__FED_EPA_RCRA_RCRA_NAICS	FACILITY_NAICS_ID	C2 name tag holds something else	single words or codes; org words 0.0%, people 0.0%; e.g. ['81df32f4ac3142e93ab832ddff6e9423', '08317d6b82b5c4324709786dd079841c', '5d0d8e8e95b84f9d0a2bed2e9623ebac']	minor	name keys only on columns holding organizations or people, graded PROBABILISTIC
ENVIRONMENT.ENVIRONMENT__FED_EPA_SDWA_SDWA_FACILITIES	FACILITY_ID	C2 name tag holds something else	numbers; org words 0.0%, people 0.0%; e.g. ['1', '2', '76406704']	minor	name keys only on columns holding organizations or people, graded PROBABILISTIC
ENVIRONMENT.ENVIRONMENT__FED_EPA_SDWA_SDWA_FACILITIES	FACILITY_NAME	C2 name tag holds something else	single words or codes; org words 0.0%, people 0.0%; e.g. ['GP105', 'YN696', '76406704']	minor	name keys only on columns holding organizations or people, graded PROBABILISTIC
ENVIRONMENT.ENVIRONMENT__FED_EPA_SDWA_SDWA_FACILITIES	STATE_FACILITY_ID	C2 tag fails its format	STATE: 0.0% of 1646 sampled values fit; e.g. ['1', '2', '76406704']	moderate	fix the rule in connect/keys.py or portal_recon/tag_portal_index.py, then re-tag
ENVIRONMENT.ENVIRONMENT__FED_EPA_SDWA_SDWA_FACILITIES	STATE_FACILITY_ID	C2 name tag holds something else	numbers; org words 0.0%, people 0.0%; e.g. ['1', '2', '76406704']	minor	name keys only on columns holding organizations or people, graded PROBABILISTIC
ENVIRONMENT.ENVIRONMENT__FED_EPA_SDWA_SDWA_FACILITIES	FACILITY_ACTIVITY_CODE	C2 name tag holds something else	single words or codes; org words 0.0%, people 0.0%; e.g. ['I', 'A']	minor	name keys only on columns holding organizations or people, graded PROBABILISTIC
ENVIRONMENT.ENVIRONMENT__FED_EPA_SDWA_SDWA_FACILITIES	FACILITY_DEACTIVATION_DATE	C2 name tag holds something else	numbers; org words 0.0%, people 0.0%; e.g. ['2016-01-06', '1995-08-01', '1995-10-02']	minor	name keys only on columns holding organizations or people, graded PROBABILISTIC
ENVIRONMENT.ENVIRONMENT__FED_EPA_SDWA_SDWA_FACILITIES	FACILITY_TYPE_CODE	C2 name tag holds something else	things, not names; org words 0.0%, people 0.0%; e.g. ['WL', 'DS', 'TP']	minor	name keys only on columns holding organizations or people, graded PROBABILISTIC
ENVIRONMENT.ENVIRONMENT__FED_EPA_SDWA_SDWA_FACILITIES	SELLER_PWSID	C2 tag fails its format	PWSID: 0 of 2000 sampled rows filled	severe	fix the rule in connect/keys.py or portal_recon/tag_portal_index.py, then re-tag
ENVIRONMENT.ENVIRONMENT__FED_EPA_SDWA_SDWA_PUB_WATER_SYSTEMS	EPA_REGION	C2 catalog regex tag wrong	FRS/EPA: 0.0% fit; e.g. ['06', '05', '01']	moderate	retire the regex catalog; tag with the platform tagger
ENVIRONMENT.ENVIRONMENT__FED_EPA_SDWA_SDWA_PUB_WATER_SYSTEMS	CITY_NAME	C2 name tag holds something else	places; org words 2.6%, people 0.1%; e.g. ['CORRALES', 'Shevlin', 'Onamia']	minor	name keys only on columns holding organizations or people, graded PROBABILISTIC
ENVIRONMENT.ENVIRONMENT__FED_EPA_SDWA_SDWA_VIOLATIONS_ENFORCEMENT	FACILITY_ID	C2 name tag holds something else	numbers; org words 0.0%, people 0.0%; e.g. ['65', '62', '66']	minor	name keys only on columns holding organizations or people, graded PROBABILISTIC
ENVIRONMENT.ENVIRONMENT__FED_EPA_SDWA_SDWA_VIOLATIONS_ENFORCEMENT	STATE_MCL	C2 tag fails its format	STATE: 0.0% of 509 sampled values fit; e.g. ['0', '80', '60']	moderate	fix the rule in connect/keys.py or portal_recon/tag_portal_index.py, then re-tag
ENVIRONMENT.ENVIRONMENT__FED_EPA_SUPERFUND_SITE_BOUNDARIES	EPA_ID	C2 catalog regex tag wrong	FRS/EPA: 0.0% fit; e.g. ['CTD001452093', 'VTD000860239', 'VTD981062441']	moderate	retire the regex catalog; tag with the platform tagger
ENVIRONMENT.ENVIRONMENT__FED_EPA_SUPERFUND_SITE_BOUNDARIES	EPA_PROGRAM	C2 catalog regex tag wrong	FRS/EPA: 17.9% fit; e.g. ['Superfund Remedial', 'Superfund Removal', 'Superfund Site Assessment']	moderate	retire the regex catalog; tag with the platform tagger
ENVIRONMENT.ENVIRONMENT__FED_EPA_SUPERFUND_SITE_BOUNDARIES	EPA_REGION_CODE	C2 catalog regex tag wrong	FRS/EPA: 0.0% fit; e.g. ['1', '2', '3']	moderate	retire the regex catalog; tag with the platform tagger
ENVIRONMENT.ENVIRONMENT__FED_EPA_SUPERFUND_SITE_BOUNDARIES	FEDERAL_FACILITY_CODE	C2 name tag holds something else	single words or codes; org words 0.0%, people 0.0%; e.g. ['N', 'Y']	minor	name keys only on columns holding organizations or people, graded PROBABILISTIC
ENVIRONMENT.ENVIRONMENT__FED_EPA_TRI_BASIC_2023	C_21_FEDERAL_FACILITY	C2 name tag holds something else	single words or codes; org words 0.0%, people 0.0%; e.g. ['NO', 'YES']	minor	name keys only on columns holding organizations or people, graded PROBABILISTIC
ENVIRONMENT.ENVIRONMENT__FED_EPA_TRI_BASIC_2023	C_24_PRIMARY_SIC	C2 tag fails its format	SIC: 0 of 2000 sampled rows filled	moderate	fix the rule in connect/keys.py or portal_recon/tag_portal_index.py, then re-tag
ENVIRONMENT.ENVIRONMENT__FED_EPA_TRI_BASIC_2023	C_25_SIC_2	C2 tag fails its format	SIC: 0 of 2000 sampled rows filled	moderate	fix the rule in connect/keys.py or portal_recon/tag_portal_index.py, then re-tag
ENVIRONMENT.ENVIRONMENT__FED_EPA_TRI_BASIC_2023	C_26_SIC_3	C2 tag fails its format	SIC: 0 of 2000 sampled rows filled	moderate	fix the rule in connect/keys.py or portal_recon/tag_portal_index.py, then re-tag
ENVIRONMENT.ENVIRONMENT__FED_EPA_TRI_BASIC_2023	C_27_SIC_4	C2 tag fails its format	SIC: 0 of 2000 sampled rows filled	moderate	fix the rule in connect/keys.py or portal_recon/tag_portal_index.py, then re-tag
ENVIRONMENT.ENVIRONMENT__FED_EPA_TRI_BASIC_2023	C_28_SIC_5	C2 tag fails its format	SIC: 0 of 2000 sampled rows filled	moderate	fix the rule in connect/keys.py or portal_recon/tag_portal_index.py, then re-tag
ENVIRONMENT.ENVIRONMENT__FED_EPA_TRI_BASIC_2023	C_29_SIC_6	C2 tag fails its format	SIC: 0 of 2000 sampled rows filled	moderate	fix the rule in connect/keys.py or portal_recon/tag_portal_index.py, then re-tag
ENVIRONMENT.ENVIRONMENT__FED_EPA_TRI_FACILITY	TRI_FACILITY_ID	C2 name tag holds something else	single words or codes; org words 0.0%, people 0.0%; e.g. ['00602BXTRF111CO', '00602BXTRHRD115', '00602DSCFPPOBOA']	minor	name keys only on columns holding organizations or people, graded PROBABILISTIC
ENVIRONMENT.ENVIRONMENT__FED_EPA_TRI_FACILITY	CITY_NAME	C2 name tag holds something else	places; org words 0.0%, people 0.0%; e.g. ['AGUADA', 'AGUADILLA', 'AGUAS BUENAS']	minor	name keys only on columns holding organizations or people, graded PROBABILISTIC
ENVIRONMENT.ENVIRONMENT__FED_EPA_TRI_FACILITY	COUNTY_NAME	C2 name tag holds something else	places; org words 0.0%, people 0.0%; e.g. ['AGUADA MUNICIPIO', 'AGUADILLA MUNICIPIO', 'AGUAS BUENAS MUNICIPIO']	minor	name keys only on columns holding organizations or people, graded PROBABILISTIC
ENVIRONMENT.ENVIRONMENT__FED_EPA_TRI_FACILITY	FRS_ID	C2 tag fails its format	FRS_ID: 0 of 2000 sampled rows filled	severe	fix the rule in connect/keys.py or portal_recon/tag_portal_index.py, then re-tag
ENVIRONMENT.ENVIRONMENT__FED_FRACFOCUS_DISCLOSURE_LIST	STATE_NAME	C2 name tag holds something else	places; org words 0.0%, people 0.0%; e.g. ['Texas', 'Wyoming', 'Ohio']	minor	name keys only on columns holding organizations or people, graded PROBABILISTIC
ENVIRONMENT.ENVIRONMENT__FED_FRACFOCUS_DISCLOSURE_LIST	COUNTY_NAME	C2 name tag holds something else	places; org words 0.0%, people 0.0%; e.g. ['Midland', 'Glasscock', 'Webb']	minor	name keys only on columns holding organizations or people, graded PROBABILISTIC
ENVIRONMENT.ENVIRONMENT__FED_FRACFOCUS_REGISTRY	STATE_NAME	C2 name tag holds something else	places; org words 0.0%, people 0.0%; e.g. ['Texas', 'North Dakota', 'Colorado']	minor	name keys only on columns holding organizations or people, graded PROBABILISTIC
ENVIRONMENT.ENVIRONMENT__FED_FRACFOCUS_REGISTRY	COUNTY_NAME	C2 name tag holds something else	places; org words 0.0%, people 0.0%; e.g. ['Frio', 'Grayson', 'McKenzie']	minor	name keys only on columns holding organizations or people, graded PROBABILISTIC
ENVIRONMENT.ENVIRONMENT__FED_FRACFOCUS_REGISTRY	INGREDIENT_NAME	C2 name tag holds something else	things, not names; org words 0.0%, people 0.5%; e.g. ['Ethyl alcohol', 'Didecyldimethylammonium chloride', 'Petroleum distillates']	minor	name keys only on columns holding organizations or people, graded PROBABILISTIC
ENVIRONMENT.ENVIRONMENT__FED_FRACFOCUS_REGISTRY	INGREDIENT_COMMON_NAME	C2 name tag holds something else	things, not names; org words 0.1%, people 0.3%; e.g. ['Ethanol', 'Didecyl dimethyl ammonium chloride', 'Hydrotreated light petroleum distillate']	minor	name keys only on columns holding organizations or people, graded PROBABILISTIC
ENVIRONMENT.ENVIRONMENT__FED_FRACFOCUS_WATER_SOURCE	STATE_NAME	C2 name tag holds something else	places; org words 0.0%, people 0.0%; e.g. ['New Mexico', 'Oklahoma', 'North Dakota']	minor	name keys only on columns holding organizations or people, graded PROBABILISTIC
ENVIRONMENT.ENVIRONMENT__FED_FRACFOCUS_WATER_SOURCE	COUNTY_NAME	C2 name tag holds something else	places; org words 0.0%, people 0.0%; e.g. ['Lea', 'Grady', 'McKenzie']	minor	name keys only on columns holding organizations or people, graded PROBABILISTIC
ENVIRONMENT.ENVIRONMENT__FED_NID_DAMS	STATE	C2 tag fails its format	STATE: 0.0% of 2000 sampled values fit; e.g. ['Oklahoma', 'Kentucky', 'North Dakota']	moderate	fix the rule in connect/keys.py or portal_recon/tag_portal_index.py, then re-tag
ENVIRONMENT.ENVIRONMENT__FED_NID_DAMS	STATE	C2 catalog regex tag wrong	STATE: 0.0% fit; e.g. ['Oklahoma', 'Kentucky', 'North Dakota']	moderate	retire the regex catalog; tag with the platform tagger
ENVIRONMENT.ENVIRONMENT__FED_NID_DAMS	STATE_REGULATORY_AGENCY	C2 tag fails its format	STATE: 0.0% of 1695 sampled values fit; e.g. ['KY Division of Water', 'Nd Dwr', 'Sjrwmd']	moderate	fix the rule in connect/keys.py or portal_recon/tag_portal_index.py, then re-tag
ENVIRONMENT.ENVIRONMENT__FED_NOAA_STORM_EVENTS	STATE	C2 tag fails its format	STATE: 0.0% of 2000 sampled values fit; e.g. ['TEXAS', 'VIRGINIA', 'GEORGIA']	moderate	fix the rule in connect/keys.py or portal_recon/tag_portal_index.py, then re-tag
ENVIRONMENT.ENVIRONMENT__FED_NOAA_STORM_EVENTS	STATE	C2 catalog regex tag wrong	STATE: 0.0% fit; e.g. ['TEXAS', 'VIRGINIA', 'GEORGIA']	moderate	retire the regex catalog; tag with the platform tagger
ENVIRONMENT.ENVIRONMENT__FED_NOAA_STORM_EVENTS	STATE_FIPS	C2 catalog regex tag wrong	COUNTY_FIPS: 0.0% fit; e.g. ['48', '51', '13']	moderate	retire the regex catalog; tag with the platform tagger
ENVIRONMENT.ENVIRONMENT__FED_NOAA_STORM_EVENTS	MONTH_NAME	C2 name tag holds something else	single words or codes; org words 0.0%, people 0.0%; e.g. ['May', 'June', 'August']	minor	name keys only on columns holding organizations or people, graded PROBABILISTIC
ENVIRONMENT.ENVIRONMENT__FED_NOAA_STORM_EVENTS	CZ_FIPS	C2 catalog regex tag wrong	COUNTY_FIPS: 0.0% fit; e.g. ['89', '487', '117']	moderate	retire the regex catalog; tag with the platform tagger
ENVIRONMENT.ENVIRONMENT__FED_NOAA_STORM_EVENTS	CZ_NAME	C2 name tag holds something else	single words or codes; org words 2.6%, people 0.0%; e.g. ['COLORADO', 'WILBARGER', 'MECKLENBURG']	minor	name keys only on columns holding organizations or people, graded PROBABILISTIC
ENVIRONMENT.ENVIRONMENT__FED_NOAA_STORM_EVENTS	TOR_OTHER_CZ_FIPS	C2 tag fails its format	FIPS: 0.0% of 5 sampled values fit; e.g. ['127', '109', '031']	moderate	fix the rule in connect/keys.py or portal_recon/tag_portal_index.py, then re-tag
ENVIRONMENT.ENVIRONMENT__FED_NOAA_STORM_EVENTS	TOR_OTHER_CZ_FIPS	C2 catalog regex tag wrong	COUNTY_FIPS: 0.0% fit; e.g. ['127', '109', '031']	moderate	retire the regex catalog; tag with the platform tagger
ENVIRONMENT.ENVIRONMENT__FED_NOAA_WEATHER_API	LATITUDE	C2 tag fails its format	LATLON: 0 of 287 sampled rows filled	moderate	fix the rule in connect/keys.py or portal_recon/tag_portal_index.py, then re-tag
ENVIRONMENT.ENVIRONMENT__FED_NOAA_WEATHER_API	LONGITUDE	C2 tag fails its format	LATLON: 0 of 287 sampled rows filled	moderate	fix the rule in connect/keys.py or portal_recon/tag_portal_index.py, then re-tag
ENVIRONMENT.ENVIRONMENT__FED_NOAA_WEATHER_API	FIPS_CODE	C2 tag fails its format	FIPS: 0 of 287 sampled rows filled	moderate	fix the rule in connect/keys.py or portal_recon/tag_portal_index.py, then re-tag
ENVIRONMENT.ENVIRONMENT__FED_NOAA_WEATHER_API	ZIP_CODE	C2 tag fails its format	ZIP: 0 of 287 sampled rows filled	moderate	fix the rule in connect/keys.py or portal_recon/tag_portal_index.py, then re-tag
ENVIRONMENT.ENVIRONMENT__FED_USGS_MINERALS	FIPS	C2 tag fails its format	FIPS: 0 of 2000 sampled rows filled	moderate	fix the rule in connect/keys.py or portal_recon/tag_portal_index.py, then re-tag
ENVIRONMENT.ENVIRONMENT__FED_USGS_MINERALS	US_STATE	C2 tag fails its format	STATE: 0 of 2000 sampled rows filled	moderate	fix the rule in connect/keys.py or portal_recon/tag_portal_index.py, then re-tag
ENVIRONMENT.ENVIRONMENT__FED_USGS_MINERALS	STATE	C2 tag fails its format	STATE: 0.0% of 1907 sampled values fit; e.g. ['Wisconsin', 'Oregon', 'Maine']	moderate	fix the rule in connect/keys.py or portal_recon/tag_portal_index.py, then re-tag
ENVIRONMENT.ENVIRONMENT__FED_USGS_MINERALS	STATE	C2 catalog regex tag wrong	STATE: 0.0% fit; e.g. ['Wisconsin', 'Oregon', 'Maine']	moderate	retire the regex catalog; tag with the platform tagger
ENVIRONMENT.ENVIRONMENT__FED_USGS_ORPHANED_OIL_GAS_WELLS	STATE	C2 tag fails its format	STATE: 0.0% of 2000 sampled values fit; e.g. ['North Dakota', 'Oklahoma', 'Texas']	moderate	fix the rule in connect/keys.py or portal_recon/tag_portal_index.py, then re-tag
ENVIRONMENT.ENVIRONMENT__FED_USGS_ORPHANED_OIL_GAS_WELLS	STATE	C2 catalog regex tag wrong	STATE: 0.0% fit; e.g. ['North Dakota', 'Oklahoma', 'Texas']	moderate	retire the regex catalog; tag with the platform tagger
ENVIRONMENT.ENVIRONMENT__FED_USGS_WATER	STATE_CD	C2 tag fails its format	STATE: 0.0% of 2000 sampled values fit; e.g. ['01', '13', '12']	moderate	fix the rule in connect/keys.py or portal_recon/tag_portal_index.py, then re-tag
ENVIRONMENT.ENVIRONMENT__FED_WQP_MONITORING_STATIONS	ORGANIZATION_IDENTIFIER	C2 name tag holds something else	single words or codes; org words 0.0%, people 0.0%; e.g. ['1111REG1', '21HI', '21RIBCH']	minor	name keys only on columns holding organizations or people, graded PROBABILISTIC
ENVIRONMENT.ENVIRONMENT__FED_WQP_MONITORING_STATIONS	MONITORING_LOCATION_TYPE_NAME	C2 name tag holds something else	things, not names; org words 0.0%, people 0.0%; e.g. ['River/Stream', 'Spring', 'Ocean']	minor	name keys only on columns holding organizations or people, graded PROBABILISTIC
ENVIRONMENT.ENVIRONMENT__FED_WQP_MONITORING_STATIONS	HORIZONTAL_DATUM_NAME	C2 name tag holds something else	single words or codes; org words 0.0%, people 0.0%; e.g. ['NAD83', 'WGS84', 'NAD27']	minor	name keys only on columns holding organizations or people, graded PROBABILISTIC
ENVIRONMENT.ENVIRONMENT__FED_WQP_MONITORING_STATIONS	VERTICAL_DATUM_NAME	C2 name tag holds something else	single words or codes; org words 0.0%, people 0.0%; e.g. ['Unknown', 'UNKWN', 'NGVD29']	minor	name keys only on columns holding organizations or people, graded PROBABILISTIC
ENVIRONMENT.ENVIRONMENT__FED_WQP_MONITORING_STATIONS	STATE_CODE	C2 tag fails its format	STATE: 0.0% of 2000 sampled values fit; e.g. ['44']	moderate	fix the rule in connect/keys.py or portal_recon/tag_portal_index.py, then re-tag
ENVIRONMENT.ENVIRONMENT__FED_WQP_MONITORING_STATIONS	STATE_CODE	C2 catalog regex tag wrong	STATE: 0.0% fit; e.g. ['44']	moderate	retire the regex catalog; tag with the platform tagger
ENVIRONMENT.ENVIRONMENT__FED_WQP_MONITORING_STATIONS	AQUIFER_TYPE_NAME	C2 name tag holds something else	things, not names; org words 0.0%, people 0.0%; e.g. ['UNCONFINED', 'Confined multiple aquifers', 'Confined single aquifer']	minor	name keys only on columns holding organizations or people, graded PROBABILISTIC
ENVIRONMENT.ENVIRONMENT__FED_WQP_MONITORING_STATIONS	PROVIDER_NAME	C2 name tag holds something else	single words or codes; org words 0.0%, people 0.0%; e.g. ['STORET', 'NWIS']	minor	name keys only on columns holding organizations or people, graded PROBABILISTIC
ENVIRONMENT.ENVIRONMENT__INTL_GEM_HAZARD	FIPS	C2 tag fails its format	FIPS: 0 of 12 sampled rows filled	moderate	fix the rule in connect/keys.py or portal_recon/tag_portal_index.py, then re-tag
ENVIRONMENT.ENVIRONMENT__INTL_GEM_HAZARD	LATITUDE	C2 tag fails its format	LATLON: 0 of 12 sampled rows filled	moderate	fix the rule in connect/keys.py or portal_recon/tag_portal_index.py, then re-tag
ENVIRONMENT.ENVIRONMENT__INTL_GEM_HAZARD	LONGITUDE	C2 tag fails its format	LATLON: 0 of 12 sampled rows filled	moderate	fix the rule in connect/keys.py or portal_recon/tag_portal_index.py, then re-tag
EPSTEIN.FCT_LIBRARY_SNAPSHOT	DATASET_NAME	C2 name tag holds something else	single words or codes; org words 0.0%, people 0.0%; e.g. ['DataSet%204', 'DataSet%208', 'DataSet%2012']	minor	name keys only on columns holding organizations or people, graded PROBABILISTIC
FINANCE.FINANCE__FED_EPA_ICIS_FEC_CASE_ENFORCEMENT_CONCLUSION_FACILITIES	ICIS_FACILITY_INTEREST_ID	C2 name tag holds something else	numbers; org words 0.0%, people 0.0%; e.g. ['3600072622', '3601733557', '44284']	minor	name keys only on columns holding organizations or people, graded PROBABILISTIC
FINANCE.FINANCE__FED_EPA_ICIS_FEC_CASE_ENFORCEMENT_CONCLUSION_FACILITIES	FACILITY_UIN	C2 name tag holds something else	numbers; org words 0.0%, people 0.0%; e.g. ['110064843273', '110071861120', '110009700234']	minor	name keys only on columns holding organizations or people, graded PROBABILISTIC
FINANCE.FINANCE__FED_EPA_ICIS_FEC_CASE_ENFORCEMENT_CONCLUSION_FACILITIES	FACILITY_CITY	C2 name tag holds something else	single words or codes; org words 3.4%, people 0.1%; e.g. ['VALDOSTA', 'DOUGLAS', 'MOROVIS']	minor	name keys only on columns holding organizations or people, graded PROBABILISTIC
FINANCE.FINANCE__FED_EPA_ICIS_FEC_ICIS_FEC_EPA_INSPECTIONS	EPA_REGION_CODE	C2 catalog regex tag wrong	FRS/EPA: 0.0% fit; e.g. ['02', '08', '09']	moderate	retire the regex catalog; tag with the platform tagger
FINANCE.FINANCE__FED_FATCA_FFI	COUNTRY_NAME	C2 name tag holds something else	places; org words 0.0%, people 0.0%; e.g. ['BRAZIL', 'CANADA', 'CAYMAN ISLANDS']	minor	name keys only on columns holding organizations or people, graded PROBABILISTIC
FINANCE.FINANCE__FED_FDIC_BANK_DATA	STNAME	C2 name tag holds something else	single words or codes; org words 0.1%, people 0.0%; e.g. ['North Dakota', 'New Jersey', 'Maryland']	minor	name keys only on columns holding organizations or people, graded PROBABILISTIC
FINANCE.FINANCE__FED_FDIC_BANK_DATA	LEI	C2 tag fails its format	LEI: 0.0% of 118 sampled values fit; e.g. ['549300HMUOLWELP0', '549300NWBESFDVWE', '5493001ZYMBN3CK8']	severe	fix the rule in connect/keys.py or portal_recon/tag_portal_index.py, then re-tag
FINANCE.FINANCE__FED_FDIC_BANK_DATA	LEI	C2 catalog regex tag wrong	LEI: 0.0% fit; e.g. ['549300HMUOLWELP0', '549300NWBESFDVWE', '5493001ZYMBN3CK8']	moderate	retire the regex catalog; tag with the platform tagger
FINANCE.FINANCE__FED_FDIC_BANK_DATA	HOLDING_COMPANY_CITY	C2 name tag holds something else	single words or codes; org words 1.2%, people 0.0%; e.g. ['ROSELLE', 'WESTWOOD', 'DURHAM']	minor	name keys only on columns holding organizations or people, graded PROBABILISTIC
FINANCE.FINANCE__FED_FDIC_BANK_DATA	CBSA_METRO_NAME	C2 name tag holds something else	places; org words 26.3%, people 61.4%; e.g. ['Fargo, ND-MN', 'New York-Newark-Jersey City, NY-NJ-PA', 'Baltimore-Columbia-Towson, MD']	minor	name keys only on columns holding organizations or people, graded PROBABILISTIC
FINANCE.FINANCE__FED_FDIC_SOD_BRANCH_DEPOSITS	HOLDING_COMPANY_RSSD	C2 name tag holds something else	numbers; org words 0.0%, people 0.0%; e.g. ['1116300', '1117781', '1023060']	minor	name keys only on columns holding organizations or people, graded PROBABILISTIC
FINANCE.FINANCE__FED_FDIC_SOD_BRANCH_DEPOSITS	BRANCH_STATE_NAME	C2 name tag holds something else	places; org words 0.0%, people 0.0%; e.g. ['Pennsylvania', 'California', 'Florida']	minor	name keys only on columns holding organizations or people, graded PROBABILISTIC
FINANCE.FINANCE__FED_FDIC_SOD_BRANCH_DEPOSITS	BRANCH_STATE_FIPS	C2 catalog regex tag wrong	COUNTY_FIPS: 0.0% fit; e.g. ['42', '6', '12']	moderate	retire the regex catalog; tag with the platform tagger
FINANCE.FINANCE__FED_FDIC_SOD_BRANCH_DEPOSITS	BRANCH_COUNTY_FIPS	C2 catalog regex tag wrong	COUNTY_FIPS: 0.0% fit; e.g. ['45', '17', '91']	moderate	retire the regex catalog; tag with the platform tagger
FINANCE.FINANCE__FED_FDIC_SOD_BRANCH_DEPOSITS	BRANCH_COUNTY_NAME	C2 name tag holds something else	places; org words 0.9%, people 0.0%; e.g. ['Delaware', 'Bucks', 'Montgomery']	minor	name keys only on columns holding organizations or people, graded PROBABILISTIC
FINANCE.FINANCE__FED_FDIC_SOD_BRANCH_DEPOSITS	BRANCH_MSA_NAME	C2 name tag holds something else	places; org words 63.4%, people 80.4%; e.g. ['Philadelphia-Camden-Wilmington, PA-NJ-DE-MD', 'Scranton-Wilkes-Barre-Hazleton, PA', 'Harrisburg-Carlisle, PA']	minor	name keys only on columns holding organizations or people, graded PROBABILISTIC
FINANCE.FINANCE__FED_FDIC_SOD_BRANCH_DEPOSITS	BRANCH_CBSA_DIVISION_NAME	C2 name tag holds something else	places; org words 58.5%, people 59.1%; e.g. ['Philadelphia, PA', 'Montgomery County-Bucks County-Chester County, PA', 'Newark, NJ-PA']	minor	name keys only on columns holding organizations or people, graded PROBABILISTIC
FINANCE.FINANCE__FED_FDIC_SOD_BRANCH_DEPOSITS	BRANCH_NECTA_NAME	C2 name tag holds something else	places; org words 0.0%, people 91.7%; e.g. ['Boston-Cambridge-Quincy, MA-NH', 'Barnstable Town, MA']	minor	name keys only on columns holding organizations or people, graded PROBABILISTIC
FINANCE.FINANCE__FED_FDIC_SOD_BRANCH_DEPOSITS	INSTITUTION_STATE_NAME	C2 name tag holds something else	places; org words 0.0%, people 0.0%; e.g. ['Pennsylvania', 'New Jersey', 'California']	minor	name keys only on columns holding organizations or people, graded PROBABILISTIC
FINANCE.FINANCE__FED_FDIC_SOD_BRANCH_DEPOSITS	FED_DISTRICT_NAME	C2 name tag holds something else	single words or codes; org words 2.1%, people 0.0%; e.g. ['Philadelphia', 'Cleveland', 'San Francisco']	minor	name keys only on columns holding organizations or people, graded PROBABILISTIC
FINANCE.FINANCE__FED_FDIC_SOD_BRANCH_DEPOSITS	FDIC_REGION_NAME	C2 name tag holds something else	places; org words 8.5%, people 0.0%; e.g. ['New York', 'San Francisco', 'Atlanta']	minor	name keys only on columns holding organizations or people, graded PROBABILISTIC
FINANCE.FINANCE__FED_FDIC_SOD_BRANCH_DEPOSITS	HOLDING_COMPANY_CITY	C2 name tag holds something else	single words or codes; org words 2.5%, people 0.0%; e.g. ['Philadelphia', 'Harrisburg', 'Reading']	minor	name keys only on columns holding organizations or people, graded PROBABILISTIC
FINANCE.FINANCE__FED_FEC_COMMITTEE_TO_CANDIDATE	SUB_ID	C2 catalog regex tag wrong	FEC_ID: 0.0% fit; e.g. ['4031220261421918143', '4031220261421918136', '4031220261421918137']	moderate	retire the regex catalog; tag with the platform tagger
FINANCE.FINANCE__FED_FEC_INDIV_CONTRIBUTIONS	SUB_ID	C2 catalog regex tag wrong	FEC_ID: 0.0% fit; e.g. ['4082020261584341772', '4120720161356861144', '4012120212130960390']	moderate	retire the regex catalog; tag with the platform tagger
FINANCE.FINANCE__FED_IRS527_SCHEDULE_A_CONTRIBUTIONS	CONTRIBUTOR_EMPLOYER	C2 name tag holds something else	single words or codes; org words 3.0%, people 0.0%; e.g. ['N/A', 'HOMEMAKER', 'RETIRED']	minor	name keys only on columns holding organizations or people, graded PROBABILISTIC
FINANCE.FINANCE__FED_IRS527_SCHEDULE_B_EXPENDITURES	RECIPIENT_CITY	C2 name tag holds something else	places; org words 0.1%, people 0.0%; e.g. ['CHICAGO', 'EVANSTON', 'WAUWATOSA']	minor	name keys only on columns holding organizations or people, graded PROBABILISTIC
FINANCE.FINANCE__FED_IRS527_SCHEDULE_B_EXPENDITURES	RECIPIENT_STATE	C2 name tag holds something else	places; org words 0.4%, people 0.0%; e.g. ['IL', 'WI', 'MO']	minor	name keys only on columns holding organizations or people, graded PROBABILISTIC
FINANCE.FINANCE__FED_IRS527_SCHEDULE_B_EXPENDITURES	RECIPIENT_EMPLOYER	C2 name tag holds something else	single words or codes; org words 0.0%, people 0.0%; e.g. ['NA']	minor	name keys only on columns holding organizations or people, graded PROBABILISTIC
FINANCE.FINANCE__FED_IRS527_SCHEDULE_B_EXPENDITURES	RECIPIENT_OCCUPATION	C2 name tag holds something else	single words or codes; org words 0.0%, people 0.0%; e.g. ['NA']	minor	name keys only on columns holding organizations or people, graded PROBABILISTIC
FINANCE.FINANCE__FED_IRS_SOI	STATE_FIPS	C2 catalog regex tag wrong	COUNTY_FIPS: 0.0% fit; e.g. ['1']	moderate	retire the regex catalog; tag with the platform tagger
FINANCE.FINANCE__FED_NCUA_CALL_REPORTS_FOICU	STATE_CODE	C2 tag fails its format	STATE: 0.0% of 2000 sampled values fit; e.g. ['48', '32', '22']	moderate	fix the rule in connect/keys.py or portal_recon/tag_portal_index.py, then re-tag
FINANCE.FINANCE__FED_NCUA_CALL_REPORTS_FOICU	STATE_CODE	C2 catalog regex tag wrong	STATE: 0.0% fit; e.g. ['48', '32', '22']	moderate	retire the regex catalog; tag with the platform tagger
FINANCE.FINANCE__FED_PCAOB_FORM_AP_FILINGS	FIRM_ISSUING_STATE	C2 tag fails its format	STATE: 0.0% of 1825 sampled values fit; e.g. ['Pennsylvania', 'California', 'Virginia']	moderate	fix the rule in connect/keys.py or portal_recon/tag_portal_index.py, then re-tag
FINANCE.FINANCE__FED_PCAOB_FORM_AP_FILINGS	FIRM_ISSUING_STATE	C2 catalog regex tag wrong	STATE: 0.0% fit; e.g. ['Pennsylvania', 'California', 'Virginia']	moderate	retire the regex catalog; tag with the platform tagger
FINANCE.FINANCE__FED_PCAOB_FORM_AP_FILINGS	ISSUER_CIK_NONE	C2 catalog regex tag wrong	CIK: 0.0% fit; e.g. ['false', 'true']	moderate	retire the regex catalog; tag with the platform tagger
FINANCE.FINANCE__INTL_OSFI_REGULATED_FI	FI_TYPE_NAME	C2 name tag holds something else	things, not names; org words 4.4%, people 0.0%; e.g. ['Federally Regulated Financial Institutions', 'Foreign Bank Representative Offices']	minor	name keys only on columns holding organizations or people, graded PROBABILISTIC
FINANCE.FINANCE__INTL_OSFI_REGULATED_FI	PROVINCE_STATE	C2 tag fails its format	STATE: 0.0% of 343 sampled values fit; e.g. ['Ontario', 'Quebec', 'New Brunswick']	moderate	fix the rule in connect/keys.py or portal_recon/tag_portal_index.py, then re-tag
FINANCE.FINANCE__INTL_OSFI_REGULATED_FI	PROVINCE_STATE	C2 catalog regex tag wrong	STATE: 0.0% fit; e.g. ['Ontario', 'Quebec', 'New Brunswick']	moderate	retire the regex catalog; tag with the platform tagger
FINANCE.FINANCE__INTL_OSFI_REGULATED_FI	POSTAL_ZIP_CODE	C2 tag fails its format	ZIP: 0.3% of 343 sampled values fit; e.g. ['L6J 7Y5', 'H3H 2T8', 'M5H 1J9']	moderate	fix the rule in connect/keys.py or portal_recon/tag_portal_index.py, then re-tag
FINANCE.FINANCE__INTL_OSFI_REGULATED_FI	POSTAL_ZIP_CODE	C2 catalog regex tag wrong	ZIP: 0.3% fit; e.g. ['L6J 7Y5', 'H3H 2T8', 'M5H 1J9']	moderate	retire the regex catalog; tag with the platform tagger
FINANCE.FINANCE__INTL_WB_IDS	COUNTRY_NAME	C2 name tag holds something else	places; org words 0.0%, people 0.0%; e.g. ['Afghanistan', 'Albania', 'Algeria']	minor	name keys only on columns holding organizations or people, graded PROBABILISTIC
FINANCE.FINANCE__INTL_WB_IDS	COUNTERPART_AREA_NAME	C2 name tag holds something else	single words or codes; org words 0.0%, people 0.0%; e.g. ['World']	minor	name keys only on columns holding organizations or people, graded PROBABILISTIC
FINDINGS.EXCLUDED_PROVIDER_AT_FACILITY	FACILITY_TYPE	C2 name tag holds something else	things, not names; org words 79.5%, people 0.0%; e.g. ['Hospital', 'Nursing home', 'Home health agency']	minor	name keys only on columns holding organizations or people, graded PROBABILISTIC
GOVERNMENT_RECORDS.GOVERNMENT_RECORDS__FED_NARA_AAD	FIPS_GEO	C2 tag fails its format	FIPS: 0 of 554 sampled rows filled	moderate	fix the rule in connect/keys.py or portal_recon/tag_portal_index.py, then re-tag
HEALTH.HEALTH__FED_CDC_ANXIETY_DEPRESSION	STATE	C2 tag fails its format	STATE: 0.0% of 2000 sampled values fit; e.g. ['United States', 'Alabama', 'Alaska']	moderate	fix the rule in connect/keys.py or portal_recon/tag_portal_index.py, then re-tag
HEALTH.HEALTH__FED_CDC_ANXIETY_DEPRESSION	STATE	C2 catalog regex tag wrong	STATE: 0.0% fit; e.g. ['United States', 'Alabama', 'Alaska']	moderate	retire the regex catalog; tag with the platform tagger
HEALTH.HEALTH__FED_CDC_DRUG_POISONING_COUNTY	STATE	C2 tag fails its format	STATE: 0.0% of 2000 sampled values fit; e.g. ['Colorado', 'Oregon', 'Connecticut']	moderate	fix the rule in connect/keys.py or portal_recon/tag_portal_index.py, then re-tag
HEALTH.HEALTH__FED_CDC_DRUG_POISONING_COUNTY	STATE	C2 catalog regex tag wrong	STATE: 0.0% fit; e.g. ['Colorado', 'Oregon', 'Connecticut']	moderate	retire the regex catalog; tag with the platform tagger
HEALTH.HEALTH__FED_CDC_DRUG_POISONING_COUNTY	FIPS_STATE	C2 catalog regex tag wrong	COUNTY_FIPS: 0.0% fit; e.g. ['8', '41', '9']	moderate	retire the regex catalog; tag with the platform tagger
HEALTH.HEALTH__FED_CDC_HEALTH_INSURANCE	STATE	C2 tag fails its format	STATE: 0.0% of 2000 sampled values fit; e.g. ['United States', 'Alabama', 'Alaska']	moderate	fix the rule in connect/keys.py or portal_recon/tag_portal_index.py, then re-tag
HEALTH.HEALTH__FED_CDC_HEALTH_INSURANCE	STATE	C2 catalog regex tag wrong	STATE: 0.0% fit; e.g. ['United States', 'Alabama', 'Alaska']	moderate	retire the regex catalog; tag with the platform tagger
HEALTH.HEALTH__FED_CDC_INJURY_VIOLENCE_COUNTY	ST_NAME	C2 name tag holds something else	single words or codes; org words 0.1%, people 0.0%; e.g. ['Maine', 'Texas', 'Wyoming']	minor	name keys only on columns holding organizations or people, graded PROBABILISTIC
HEALTH.HEALTH__FED_CDC_LEADING_CAUSES_STATE	STATE	C2 tag fails its format	STATE: 0.0% of 2000 sampled values fit; e.g. ['United States', 'Alabama', 'Alaska']	moderate	fix the rule in connect/keys.py or portal_recon/tag_portal_index.py, then re-tag
HEALTH.HEALTH__FED_CDC_LEADING_CAUSES_STATE	STATE	C2 catalog regex tag wrong	STATE: 0.0% fit; e.g. ['United States', 'Alabama', 'Alaska']	moderate	retire the regex catalog; tag with the platform tagger
HEALTH.HEALTH__FED_CDC_OVERDOSE	STATE_NAME	C2 name tag holds something else	places; org words 0.0%, people 0.0%; e.g. ['Alaska', 'Alabama']	minor	name keys only on columns holding organizations or people, graded PROBABILISTIC
HEALTH.HEALTH__FED_CDC_SUICIDE_RATES	STUB_NAME_NUM	C2 name tag holds something else	numbers; org words 0.0%, people 0.0%; e.g. ['0', '2', '4']	minor	name keys only on columns holding organizations or people, graded PROBABILISTIC
HEALTH.HEALTH__FED_CLINICALTRIALS	NPI	C2 tag fails its format	NPI: 0 of 2000 sampled rows filled	severe	fix the rule in connect/keys.py or portal_recon/tag_portal_index.py, then re-tag
HEALTH.HEALTH__FED_CMS_DIALYSIS	MORTALITY_RATE_FACILITY	C2 name tag holds something else	numbers; org words 0.0%, people 0.0%; e.g. ['17.9', '15.4', '12.8']	minor	name keys only on columns holding organizations or people, graded PROBABILISTIC
HEALTH.HEALTH__FED_CMS_DIALYSIS	HOSPITALIZATION_RATE_FACILITY	C2 name tag holds something else	numbers; org words 0.0%, people 0.0%; e.g. ['148.1', '126.2', '143.0']	minor	name keys only on columns holding organizations or people, graded PROBABILISTIC
HEALTH.HEALTH__FED_CMS_DIALYSIS	READMISSION_RATE_FACILITY	C2 name tag holds something else	numbers; org words 0.0%, people 0.0%; e.g. ['19.9', '30.9', '27.3']	minor	name keys only on columns holding organizations or people, graded PROBABILISTIC
HEALTH.HEALTH__FED_CMS_DIALYSIS	TRANSFUSION_RATE_FACILITY	C2 name tag holds something else	numbers; org words 0.0%, people 0.0%; e.g. ['35.3', '17.1', '18.7']	minor	name keys only on columns holding organizations or people, graded PROBABILISTIC
HEALTH.HEALTH__FED_CMS_DIALYSIS	NUMBER_OF_PATIENTS_IN_THIS_FACILITY_FOR_FYSWR	C2 name tag holds something else	numbers; org words 0.0%, people 0.0%; e.g. ['28', '15', '12']	minor	name keys only on columns holding organizations or people, graded PROBABILISTIC
HEALTH.HEALTH__FED_CMS_DIALYSIS	STANDARDIZED_ED_VISITS_RATIO_FACILITY	C2 name tag holds something else	numbers; org words 0.0%, people 0.0%; e.g. ['1.01', '0.32', '1.38']	minor	name keys only on columns holding organizations or people, graded PROBABILISTIC
HEALTH.HEALTH__FED_CMS_DIALYSIS	STANDARDIZED_ED_VISITS_WITHIN_30_DAYS_OF_HOSPITAL_DISCHARGE_RATIO_FACILITY	C2 name tag holds something else	numbers; org words 0.0%, people 0.0%; e.g. ['0.66', '0.42', '1.54']	minor	name keys only on columns holding organizations or people, graded PROBABILISTIC
HEALTH.HEALTH__FED_CMS_DIALYSIS	SMOSR_CLASSIFICATION_CATEGORY_FACILITY	C2 name tag holds something else	things, not names; org words 0.0%, people 0.0%; e.g. ['As Expected', 'Better than Expected', 'Not Available']	minor	name keys only on columns holding organizations or people, graded PROBABILISTIC
HEALTH.HEALTH__FED_CMS_DIALYSIS	SMOSR_NUMBER_OF_ELIGIBLE_PATIENTS_FACILITY	C2 name tag holds something else	numbers; org words 0.0%, people 0.0%; e.g. ['36', '25', '19']	minor	name keys only on columns holding organizations or people, graded PROBABILISTIC
HEALTH.HEALTH__FED_CMS_DIALYSIS	SMOSR_STANDARDIZED_MODALITY_SWITCH_RATIO_FACILITY	C2 name tag holds something else	numbers; org words 0.0%, people 0.0%; e.g. ['1.45', '1.53', '0.53']	minor	name keys only on columns holding organizations or people, graded PROBABILISTIC
HEALTH.HEALTH__FED_CMS_DIALYSIS	SMOSR_UPPER_CONFIDENCE_LIMIT_FACILITY	C2 name tag holds something else	numbers; org words 0.0%, people 0.0%; e.g. ['3.39', '3.92', '2.98']	minor	name keys only on columns holding organizations or people, graded PROBABILISTIC
HEALTH.HEALTH__FED_CMS_DIALYSIS	SMOSR_LOWER_CONFIDENCE_LIMIT_FACILITY	C2 name tag holds something else	numbers; org words 0.0%, people 0.0%; e.g. ['0.47', '0.42', '0.01']	minor	name keys only on columns holding organizations or people, graded PROBABILISTIC
HEALTH.HEALTH__FED_CMS_DIALYSIS	FISTULA_RATE_FACILITY	C2 name tag holds something else	numbers; org words 0.0%, people 0.0%; e.g. ['53.6', '34.5', '68.6']	minor	name keys only on columns holding organizations or people, graded PROBABILISTIC
HEALTH.HEALTH__FED_CMS_FACILITY_AFFILIATION	NAME_SUFFIX	C2 name tag holds something else	things, not names; org words 0.0%, people 0.0%; e.g. ['III', 'JR.', 'I']	minor	name keys only on columns holding organizations or people, graded PROBABILISTIC
HEALTH.HEALTH__FED_CMS_FACILITY_AFFILIATION	FACILITY_TYPE	C2 name tag holds something else	things, not names; org words 95.7%, people 0.0%; e.g. ['Hospital', 'Home health agency', 'Inpatient rehabilitation facility']	minor	name keys only on columns holding organizations or people, graded PROBABILISTIC
HEALTH.HEALTH__FED_CMS_FACILITY_AFFILIATION	FACILITY_TYPE_CERTIFICATION_NUMBER	C2 name tag holds something else	numbers; org words 0.0%, people 0.0%; e.g. ['451305', '240019', '441323']	minor	name keys only on columns holding organizations or people, graded PROBABILISTIC
HEALTH.HEALTH__FED_CMS_FACILITY_LEVEL_MINIMUM_DATA_SET_FREQUENCY	FIPS_COUNTY_CODE	C2 tag fails its format	FIPS: 0.0% of 2000 sampled values fit; e.g. ['049', '061', '033']	moderate	fix the rule in connect/keys.py or portal_recon/tag_portal_index.py, then re-tag
HEALTH.HEALTH__FED_CMS_FACILITY_LEVEL_MINIMUM_DATA_SET_FREQUENCY	FIPS_COUNTY_CODE	C2 catalog regex tag wrong	COUNTY_FIPS: 0.0% fit; e.g. ['049', '061', '033']	moderate	retire the regex catalog; tag with the platform tagger
HEALTH.HEALTH__FED_CMS_FACILITY_LEVEL_MINIMUM_DATA_SET_FREQUENCY	COUNTY_NAME	C2 name tag holds something else	places; org words 0.0%, people 0.0%; e.g. ['Pacific', 'Snohomish', 'King']	minor	name keys only on columns holding organizations or people, graded PROBABILISTIC
HEALTH.HEALTH__FED_CMS_HCRIS	CCN_FACILITY_TYPE	C2 catalog regex tag wrong	CCN: 0.0% fit; e.g. ['STH', 'RH', 'PH']	moderate	retire the regex catalog; tag with the platform tagger
HEALTH.HEALTH__FED_CMS_HOSPICE	ADDRESS_LINE_2	C2 tag fails its format	ADDRESS: 0 of 2000 sampled rows filled	moderate	fix the rule in connect/keys.py or portal_recon/tag_portal_index.py, then re-tag
HEALTH.HEALTH__FED_CMS_HOSPITAL_COMPARE	FACILITY_ID	C2 name tag holds something else	numbers; org words 0.0%, people 0.0%; e.g. ['02013F', '241381', '260113']	minor	name keys only on columns holding organizations or people, graded PROBABILISTIC
HEALTH.HEALTH__FED_CMS_HOSPITAL_COMPARE	COUNT_OF_FACILITY_MORT_MEASURES	C2 name tag holds something else	numbers; org words 0.0%, people 0.0%; e.g. ['2', '5', '4']	minor	name keys only on columns holding organizations or people, graded PROBABILISTIC
HEALTH.HEALTH__FED_CMS_HOSPITAL_COMPARE	COUNT_OF_FACILITY_SAFETY_MEASURES	C2 name tag holds something else	numbers; org words 0.0%, people 0.0%; e.g. ['3', '1', '8']	minor	name keys only on columns holding organizations or people, graded PROBABILISTIC
HEALTH.HEALTH__FED_CMS_HOSPITAL_COMPARE	COUNT_OF_FACILITY_READM_MEASURES	C2 name tag holds something else	numbers; org words 0.0%, people 0.0%; e.g. ['5', '8', '6']	minor	name keys only on columns holding organizations or people, graded PROBABILISTIC
HEALTH.HEALTH__FED_CMS_HOSPITAL_COMPARE	COUNT_OF_FACILITY_PT_EXP_MEASURES	C2 name tag holds something else	numbers; org words 0.0%, people 0.0%; e.g. ['10', '15', '5']	minor	name keys only on columns holding organizations or people, graded PROBABILISTIC
HEALTH.HEALTH__FED_CMS_HOSPITAL_COMPARE	COUNT_OF_FACILITY_TE_MEASURES	C2 name tag holds something else	numbers; org words 0.0%, people 0.0%; e.g. ['6', '8', '9']	minor	name keys only on columns holding organizations or people, graded PROBABILISTIC
HEALTH.HEALTH__FED_CMS_HOSPITAL_GENERAL	COUNT_OF_FACILITY_MORT_MEASURES	C2 name tag holds something else	numbers; org words 0.0%, people 0.0%; e.g. ['4', '7', '3']	minor	name keys only on columns holding organizations or people, graded PROBABILISTIC
HEALTH.HEALTH__FED_CMS_HOSPITAL_GENERAL	COUNT_OF_FACILITY_SAFETY_MEASURES	C2 name tag holds something else	numbers; org words 0.0%, people 0.0%; e.g. ['2', '7', '1']	minor	name keys only on columns holding organizations or people, graded PROBABILISTIC
HEALTH.HEALTH__FED_CMS_HOSPITAL_GENERAL	COUNT_OF_FACILITY_READM_MEASURES	C2 name tag holds something else	numbers; org words 0.0%, people 0.0%; e.g. ['6', '7', '4']	minor	name keys only on columns holding organizations or people, graded PROBABILISTIC
HEALTH.HEALTH__FED_CMS_HOSPITAL_GENERAL	COUNT_OF_FACILITY_PT_EXP_MEASURES	C2 name tag holds something else	numbers; org words 0.0%, people 0.0%; e.g. ['15', '10', '5']	minor	name keys only on columns holding organizations or people, graded PROBABILISTIC
HEALTH.HEALTH__FED_CMS_HOSPITAL_GENERAL	COUNT_OF_FACILITY_TE_MEASURES	C2 name tag holds something else	numbers; org words 0.0%, people 0.0%; e.g. ['7', '9', '5']	minor	name keys only on columns holding organizations or people, graded PROBABILISTIC
HEALTH.HEALTH__FED_CMS_MAIN	NPI	C2 tag fails its format	NPI: 0 of 158 sampled rows filled	severe	fix the rule in connect/keys.py or portal_recon/tag_portal_index.py, then re-tag
HEALTH.HEALTH__FED_CMS_MAIN	FIPS	C2 tag fails its format	FIPS: 0 of 158 sampled rows filled	moderate	fix the rule in connect/keys.py or portal_recon/tag_portal_index.py, then re-tag
HEALTH.HEALTH__FED_CMS_MAIN	ZIP	C2 tag fails its format	ZIP: 0 of 158 sampled rows filled	moderate	fix the rule in connect/keys.py or portal_recon/tag_portal_index.py, then re-tag
HEALTH.HEALTH__FED_CMS_MARKETPLACE_PLAN_ATTRIBUTES_PUF	SOURCENAME	C2 name tag holds something else	single words or codes; org words 0.0%, people 0.0%; e.g. ['HIOS', 'SERFF']	minor	name keys only on columns holding organizations or people, graded PROBABILISTIC
HEALTH.HEALTH__FED_CMS_MEDICARE_DIABETES_PREVENTION_PROGRAM	NAME_OF_INITIATIVE	C2 name tag holds something else	things, not names; org words 0.0%, people 0.0%; e.g. ['Medicare Diabetes Prevention Program (MDPP) Expanded Model']	minor	name keys only on columns holding organizations or people, graded PROBABILISTIC
HEALTH.HEALTH__FED_CMS_MEDICARE_DURABLE_MEDICAL_EQUIPMENT_DEVICES_SUPPLIES_BY_REFER	RFRG_PRVDR_STATE_FIPS	C2 catalog regex tag wrong	COUNTY_FIPS: 0.0% fit; e.g. ['49', '29', '26']	moderate	retire the regex catalog; tag with the platform tagger
HEALTH.HEALTH__FED_CMS_MEDICARE_DURABLE_MEDICAL_EQUIPMENT_DEVICES_SUPPLIES_BY_SUPPL	SUPLR_PRVDR_STATE_FIPS	C2 catalog regex tag wrong	COUNTY_FIPS: 0.0% fit; e.g. ['48', '19', '18']	moderate	retire the regex catalog; tag with the platform tagger
HEALTH.HEALTH__FED_CMS_MEDICARE_INPATIENT_HOSPITALS_BY_PROVIDER	RNDRNG_PRVDR_STATE_FIPS	C2 catalog regex tag wrong	COUNTY_FIPS: 0.0% fit; e.g. ['01', '02', '04']	moderate	retire the regex catalog; tag with the platform tagger
HEALTH.HEALTH__FED_CMS_MEDICARE_INPATIENT_HOSPITALS_BY_PROVIDER_AND_SERVICE	RNDRNG_PRVDR_STATE_FIPS	C2 catalog regex tag wrong	COUNTY_FIPS: 0.0% fit; e.g. ['01']	moderate	retire the regex catalog; tag with the platform tagger
HEALTH.HEALTH__FED_CMS_MEDICARE_OUTPATIENT_HOSPITALS_BY_PROVIDER_AND_SERVICE	RNDRNG_PRVDR_STATE_FIPS	C2 catalog regex tag wrong	COUNTY_FIPS: 0.0% fit; e.g. ['01']	moderate	retire the regex catalog; tag with the platform tagger
HEALTH.HEALTH__FED_CMS_MEDICARE_PHYSICIAN_OTHER_PRACTITIONERS_BY_PROVIDER	RNDRNG_PRVDR_STATE_FIPS	C2 catalog regex tag wrong	COUNTY_FIPS: 0.0% fit; e.g. ['24', '17', '39']	moderate	retire the regex catalog; tag with the platform tagger
HEALTH.HEALTH__FED_CMS_MEDICARE_PHYSICIAN_OTHER_PRACTITIONERS_BY_PROVIDER_AND_SERVI	RNDRNG_PRVDR_STATE_FIPS	C2 catalog regex tag wrong	COUNTY_FIPS: 0.0% fit; e.g. ['39', '17', '06']	moderate	retire the regex catalog; tag with the platform tagger
HEALTH.HEALTH__FED_CMS_MEDICARE_PROVIDER	RNDRNG_PRVDR_STATE_FIPS	C2 catalog regex tag wrong	COUNTY_FIPS: 0.0% fit; e.g. ['42', '25', '06']	moderate	retire the regex catalog; tag with the platform tagger
HEALTH.HEALTH__FED_CMS_NPPES	REPLACEMENT_NPI	C2 tag fails its format	NPI: 0 of 2000 sampled rows filled	severe	fix the rule in connect/keys.py or portal_recon/tag_portal_index.py, then re-tag
HEALTH.HEALTH__FED_CMS_NPPES	EMPLOYER_IDENTIFICATION_NUMBER_EIN	C2 tag fails its format	EIN: 0 of 2000 sampled rows filled	severe	fix the rule in connect/keys.py or portal_recon/tag_portal_index.py, then re-tag
HEALTH.HEALTH__FED_CMS_NPPES	PROVIDER_NAME_PREFIX_TEXT	C2 name tag holds something else	things, not names; org words 0.0%, people 0.0%; e.g. ['DR.', 'MRS.', 'MISS']	minor	name keys only on columns holding organizations or people, graded PROBABILISTIC
HEALTH.HEALTH__FED_CMS_NPPES	PROVIDER_NAME_SUFFIX_TEXT	C2 name tag holds something else	things, not names; org words 0.0%, people 0.0%; e.g. ['III', 'I', 'II']	minor	name keys only on columns holding organizations or people, graded PROBABILISTIC
HEALTH.HEALTH__FED_CMS_NPPES	PROVIDER_OTHER_ORGANIZATION_NAME	C2 name tag holds something else	single words or codes; org words 0.0%, people 0.0%; e.g. ['<UNAVAIL>']	minor	name keys only on columns holding organizations or people, graded PROBABILISTIC
HEALTH.HEALTH__FED_CMS_NPPES	PROVIDER_OTHER_ORGANIZATION_NAME_TYPE_CODE	C2 name tag holds something else	numbers; org words 0.0%, people 0.0%; e.g. ['6']	minor	name keys only on columns holding organizations or people, graded PROBABILISTIC
HEALTH.HEALTH__FED_CMS_NPPES	PROVIDER_OTHER_NAME_PREFIX_TEXT	C2 name tag holds something else	things, not names; org words 0.0%, people 0.0%; e.g. ['MRS.', 'DR.', 'MISS']	minor	name keys only on columns holding organizations or people, graded PROBABILISTIC
HEALTH.HEALTH__FED_CMS_NPPES	PROVIDER_OTHER_LAST_NAME_TYPE_CODE	C2 name tag holds something else	numbers; org words 0.0%, people 0.0%; e.g. ['5', '1', '2']	minor	name keys only on columns holding organizations or people, graded PROBABILISTIC
HEALTH.HEALTH__FED_CMS_NPPES	PROVIDER_BUSINESS_MAILING_ADDRESS_CITY_NAME	C2 name tag holds something else	single words or codes; org words 2.6%, people 0.0%; e.g. ['TROY', 'NOTASULGA', 'NASHVILLE']	minor	name keys only on columns holding organizations or people, graded PROBABILISTIC
HEALTH.HEALTH__FED_CMS_NPPES	PROVIDER_BUSINESS_MAILING_ADDRESS_STATE_NAME	C2 name tag holds something else	single words or codes; org words 4.8%, people 0.0%; e.g. ['NY', 'AL', 'TN']	minor	name keys only on columns holding organizations or people, graded PROBABILISTIC
HEALTH.HEALTH__FED_CMS_NPPES	PROVIDER_BUSINESS_PRACTICE_LOCATION_ADDRESS_CITY_NAME	C2 name tag holds something else	single words or codes; org words 2.0%, people 0.0%; e.g. ['TROY', 'TUSKEGEE', 'BRENTWOOD']	minor	name keys only on columns holding organizations or people, graded PROBABILISTIC
HEALTH.HEALTH__FED_CMS_NPPES	PROVIDER_BUSINESS_PRACTICE_LOCATION_ADDRESS_STATE_NAME	C2 name tag holds something else	single words or codes; org words 5.1%, people 0.0%; e.g. ['NY', 'AL', 'TN']	minor	name keys only on columns holding organizations or people, graded PROBABILISTIC
HEALTH.HEALTH__FED_CMS_NPPES	NPI_DEACTIVATION_REASON_CODE	C2 tag fails its format	NPI: 0 of 2000 sampled rows filled	severe	fix the rule in connect/keys.py or portal_recon/tag_portal_index.py, then re-tag
HEALTH.HEALTH__FED_CMS_NPPES	NPI_DEACTIVATION_DATE	C2 catalog regex tag wrong	NPI: 0.0% fit; e.g. ['2023-09-27', '2024-02-16', '2023-07-19']	moderate	retire the regex catalog; tag with the platform tagger
HEALTH.HEALTH__FED_CMS_NPPES	NPI_REACTIVATION_DATE	C2 catalog regex tag wrong	NPI: 0.0% fit; e.g. ['2023-01-09', '2006-04-06', '2020-09-09']	moderate	retire the regex catalog; tag with the platform tagger
HEALTH.HEALTH__FED_CMS_NPPES	PROVIDER_LICENSE_NUMBER_STATE_CODE_10	C2 tag fails its format	STATE: 0 of 2000 sampled rows filled	moderate	fix the rule in connect/keys.py or portal_recon/tag_portal_index.py, then re-tag
HEALTH.HEALTH__FED_CMS_NPPES	PROVIDER_LICENSE_NUMBER_STATE_CODE_11	C2 tag fails its format	STATE: 0 of 2000 sampled rows filled	moderate	fix the rule in connect/keys.py or portal_recon/tag_portal_index.py, then re-tag
HEALTH.HEALTH__FED_CMS_NPPES	PROVIDER_LICENSE_NUMBER_STATE_CODE_12	C2 tag fails its format	STATE: 0 of 2000 sampled rows filled	moderate	fix the rule in connect/keys.py or portal_recon/tag_portal_index.py, then re-tag
HEALTH.HEALTH__FED_CMS_NPPES	PROVIDER_LICENSE_NUMBER_STATE_CODE_13	C2 tag fails its format	STATE: 0 of 2000 sampled rows filled	moderate	fix the rule in connect/keys.py or portal_recon/tag_portal_index.py, then re-tag
HEALTH.HEALTH__FED_CMS_NPPES	PROVIDER_LICENSE_NUMBER_STATE_CODE_14	C2 tag fails its format	STATE: 0 of 2000 sampled rows filled	moderate	fix the rule in connect/keys.py or portal_recon/tag_portal_index.py, then re-tag
HEALTH.HEALTH__FED_CMS_NPPES	PROVIDER_LICENSE_NUMBER_STATE_CODE_15	C2 tag fails its format	STATE: 0 of 2000 sampled rows filled	moderate	fix the rule in connect/keys.py or portal_recon/tag_portal_index.py, then re-tag
HEALTH.HEALTH__FED_CMS_NPPES	OTHER_PROVIDER_IDENTIFIER_STATE_15	C2 tag fails its format	STATE: 0 of 2000 sampled rows filled	moderate	fix the rule in connect/keys.py or portal_recon/tag_portal_index.py, then re-tag
HEALTH.HEALTH__FED_CMS_NPPES	OTHER_PROVIDER_IDENTIFIER_STATE_16	C2 tag fails its format	STATE: 0 of 2000 sampled rows filled	moderate	fix the rule in connect/keys.py or portal_recon/tag_portal_index.py, then re-tag
HEALTH.HEALTH__FED_CMS_NPPES	OTHER_PROVIDER_IDENTIFIER_STATE_17	C2 tag fails its format	STATE: 0 of 2000 sampled rows filled	moderate	fix the rule in connect/keys.py or portal_recon/tag_portal_index.py, then re-tag
HEALTH.HEALTH__FED_CMS_NPPES	OTHER_PROVIDER_IDENTIFIER_STATE_18	C2 tag fails its format	STATE: 0 of 2000 sampled rows filled	moderate	fix the rule in connect/keys.py or portal_recon/tag_portal_index.py, then re-tag
HEALTH.HEALTH__FED_CMS_NPPES	OTHER_PROVIDER_IDENTIFIER_STATE_19	C2 tag fails its format	STATE: 0 of 2000 sampled rows filled	moderate	fix the rule in connect/keys.py or portal_recon/tag_portal_index.py, then re-tag
HEALTH.HEALTH__FED_CMS_NPPES	OTHER_PROVIDER_IDENTIFIER_STATE_20	C2 tag fails its format	STATE: 0 of 2000 sampled rows filled	moderate	fix the rule in connect/keys.py or portal_recon/tag_portal_index.py, then re-tag
HEALTH.HEALTH__FED_CMS_NPPES	OTHER_PROVIDER_IDENTIFIER_STATE_21	C2 tag fails its format	STATE: 0 of 2000 sampled rows filled	moderate	fix the rule in connect/keys.py or portal_recon/tag_portal_index.py, then re-tag
HEALTH.HEALTH__FED_CMS_NPPES	OTHER_PROVIDER_IDENTIFIER_STATE_22	C2 tag fails its format	STATE: 0 of 2000 sampled rows filled	moderate	fix the rule in connect/keys.py or portal_recon/tag_portal_index.py, then re-tag
HEALTH.HEALTH__FED_CMS_NPPES	OTHER_PROVIDER_IDENTIFIER_STATE_23	C2 tag fails its format	STATE: 0 of 2000 sampled rows filled	moderate	fix the rule in connect/keys.py or portal_recon/tag_portal_index.py, then re-tag
HEALTH.HEALTH__FED_CMS_NPPES	OTHER_PROVIDER_IDENTIFIER_STATE_24	C2 tag fails its format	STATE: 0 of 2000 sampled rows filled	moderate	fix the rule in connect/keys.py or portal_recon/tag_portal_index.py, then re-tag
HEALTH.HEALTH__FED_CMS_NPPES	OTHER_PROVIDER_IDENTIFIER_STATE_25	C2 tag fails its format	STATE: 0 of 2000 sampled rows filled	moderate	fix the rule in connect/keys.py or portal_recon/tag_portal_index.py, then re-tag
HEALTH.HEALTH__FED_CMS_NPPES	OTHER_PROVIDER_IDENTIFIER_STATE_26	C2 tag fails its format	STATE: 0 of 2000 sampled rows filled	moderate	fix the rule in connect/keys.py or portal_recon/tag_portal_index.py, then re-tag
HEALTH.HEALTH__FED_CMS_NPPES	OTHER_PROVIDER_IDENTIFIER_STATE_27	C2 tag fails its format	STATE: 0 of 2000 sampled rows filled	moderate	fix the rule in connect/keys.py or portal_recon/tag_portal_index.py, then re-tag
HEALTH.HEALTH__FED_CMS_NPPES	OTHER_PROVIDER_IDENTIFIER_STATE_28	C2 tag fails its format	STATE: 0 of 2000 sampled rows filled	moderate	fix the rule in connect/keys.py or portal_recon/tag_portal_index.py, then re-tag
HEALTH.HEALTH__FED_CMS_NPPES	OTHER_PROVIDER_IDENTIFIER_STATE_29	C2 tag fails its format	STATE: 0 of 2000 sampled rows filled	moderate	fix the rule in connect/keys.py or portal_recon/tag_portal_index.py, then re-tag
HEALTH.HEALTH__FED_CMS_NPPES	OTHER_PROVIDER_IDENTIFIER_STATE_30	C2 tag fails its format	STATE: 0 of 2000 sampled rows filled	moderate	fix the rule in connect/keys.py or portal_recon/tag_portal_index.py, then re-tag
HEALTH.HEALTH__FED_CMS_NPPES	OTHER_PROVIDER_IDENTIFIER_STATE_31	C2 tag fails its format	STATE: 0 of 2000 sampled rows filled	moderate	fix the rule in connect/keys.py or portal_recon/tag_portal_index.py, then re-tag
HEALTH.HEALTH__FED_CMS_NPPES	OTHER_PROVIDER_IDENTIFIER_STATE_32	C2 tag fails its format	STATE: 0 of 2000 sampled rows filled	moderate	fix the rule in connect/keys.py or portal_recon/tag_portal_index.py, then re-tag
HEALTH.HEALTH__FED_CMS_NPPES	OTHER_PROVIDER_IDENTIFIER_STATE_33	C2 tag fails its format	STATE: 0 of 2000 sampled rows filled	moderate	fix the rule in connect/keys.py or portal_recon/tag_portal_index.py, then re-tag
HEALTH.HEALTH__FED_CMS_NPPES	OTHER_PROVIDER_IDENTIFIER_STATE_34	C2 tag fails its format	STATE: 0 of 2000 sampled rows filled	moderate	fix the rule in connect/keys.py or portal_recon/tag_portal_index.py, then re-tag
HEALTH.HEALTH__FED_CMS_NPPES	OTHER_PROVIDER_IDENTIFIER_STATE_35	C2 tag fails its format	STATE: 0 of 2000 sampled rows filled	moderate	fix the rule in connect/keys.py or portal_recon/tag_portal_index.py, then re-tag
HEALTH.HEALTH__FED_CMS_NPPES	OTHER_PROVIDER_IDENTIFIER_STATE_36	C2 tag fails its format	STATE: 0 of 2000 sampled rows filled	moderate	fix the rule in connect/keys.py or portal_recon/tag_portal_index.py, then re-tag
HEALTH.HEALTH__FED_CMS_NPPES	OTHER_PROVIDER_IDENTIFIER_STATE_37	C2 tag fails its format	STATE: 0 of 2000 sampled rows filled	moderate	fix the rule in connect/keys.py or portal_recon/tag_portal_index.py, then re-tag
HEALTH.HEALTH__FED_CMS_NPPES	OTHER_PROVIDER_IDENTIFIER_STATE_38	C2 tag fails its format	STATE: 0 of 2000 sampled rows filled	moderate	fix the rule in connect/keys.py or portal_recon/tag_portal_index.py, then re-tag
HEALTH.HEALTH__FED_CMS_NPPES	OTHER_PROVIDER_IDENTIFIER_STATE_39	C2 tag fails its format	STATE: 0 of 2000 sampled rows filled	moderate	fix the rule in connect/keys.py or portal_recon/tag_portal_index.py, then re-tag
HEALTH.HEALTH__FED_CMS_NPPES	OTHER_PROVIDER_IDENTIFIER_STATE_40	C2 tag fails its format	STATE: 0 of 2000 sampled rows filled	moderate	fix the rule in connect/keys.py or portal_recon/tag_portal_index.py, then re-tag
HEALTH.HEALTH__FED_CMS_NPPES	OTHER_PROVIDER_IDENTIFIER_STATE_41	C2 tag fails its format	STATE: 0 of 2000 sampled rows filled	moderate	fix the rule in connect/keys.py or portal_recon/tag_portal_index.py, then re-tag
HEALTH.HEALTH__FED_CMS_NPPES	OTHER_PROVIDER_IDENTIFIER_STATE_42	C2 tag fails its format	STATE: 0 of 2000 sampled rows filled	moderate	fix the rule in connect/keys.py or portal_recon/tag_portal_index.py, then re-tag
HEALTH.HEALTH__FED_CMS_NPPES	OTHER_PROVIDER_IDENTIFIER_STATE_43	C2 tag fails its format	STATE: 0 of 2000 sampled rows filled	moderate	fix the rule in connect/keys.py or portal_recon/tag_portal_index.py, then re-tag
HEALTH.HEALTH__FED_CMS_NPPES	OTHER_PROVIDER_IDENTIFIER_STATE_44	C2 tag fails its format	STATE: 0 of 2000 sampled rows filled	moderate	fix the rule in connect/keys.py or portal_recon/tag_portal_index.py, then re-tag
HEALTH.HEALTH__FED_CMS_NPPES	OTHER_PROVIDER_IDENTIFIER_STATE_45	C2 tag fails its format	STATE: 0 of 2000 sampled rows filled	moderate	fix the rule in connect/keys.py or portal_recon/tag_portal_index.py, then re-tag
HEALTH.HEALTH__FED_CMS_NPPES	OTHER_PROVIDER_IDENTIFIER_STATE_46	C2 tag fails its format	STATE: 0 of 2000 sampled rows filled	moderate	fix the rule in connect/keys.py or portal_recon/tag_portal_index.py, then re-tag
HEALTH.HEALTH__FED_CMS_NPPES	OTHER_PROVIDER_IDENTIFIER_STATE_47	C2 tag fails its format	STATE: 0 of 2000 sampled rows filled	moderate	fix the rule in connect/keys.py or portal_recon/tag_portal_index.py, then re-tag
HEALTH.HEALTH__FED_CMS_NPPES	OTHER_PROVIDER_IDENTIFIER_STATE_48	C2 tag fails its format	STATE: 0 of 2000 sampled rows filled	moderate	fix the rule in connect/keys.py or portal_recon/tag_portal_index.py, then re-tag
HEALTH.HEALTH__FED_CMS_NPPES	OTHER_PROVIDER_IDENTIFIER_STATE_49	C2 tag fails its format	STATE: 0 of 2000 sampled rows filled	moderate	fix the rule in connect/keys.py or portal_recon/tag_portal_index.py, then re-tag
HEALTH.HEALTH__FED_CMS_NPPES	OTHER_PROVIDER_IDENTIFIER_STATE_50	C2 tag fails its format	STATE: 0 of 2000 sampled rows filled	moderate	fix the rule in connect/keys.py or portal_recon/tag_portal_index.py, then re-tag
HEALTH.HEALTH__FED_CMS_NPPES	PARENT_ORGANIZATION_TIN	C2 name tag holds something else	single words or codes; org words 0.0%, people 0.0%; e.g. ['<UNAVAIL>']	minor	name keys only on columns holding organizations or people, graded PROBABILISTIC
HEALTH.HEALTH__FED_CMS_NPPES	AUTHORIZED_OFFICIAL_NAME_PREFIX_TEXT	C2 name tag holds something else	things, not names; org words 0.0%, people 0.0%; e.g. ['MR.', 'DR.', 'MS.']	minor	name keys only on columns holding organizations or people, graded PROBABILISTIC
HEALTH.HEALTH__FED_CMS_NPPES	AUTHORIZED_OFFICIAL_NAME_SUFFIX_TEXT	C2 name tag holds something else	things, not names; org words 0.0%, people 0.0%; e.g. ['JR.', 'III', 'IV']	minor	name keys only on columns holding organizations or people, graded PROBABILISTIC
HEALTH.HEALTH__FED_CMS_NURSING_HOME	COUNTY_FIPS	C2 tag fails its format	FIPS: 0 of 2000 sampled rows filled	moderate	fix the rule in connect/keys.py or portal_recon/tag_portal_index.py, then re-tag
HEALTH.HEALTH__FED_CMS_OPEN_PAYMENTS	COVERED_RECIPIENT_PROFILE_ID	C2 name tag holds something else	numbers; org words 0.0%, people 0.0%; e.g. ['11484890', '10720125', '233949']	minor	name keys only on columns holding organizations or people, graded PROBABILISTIC
HEALTH.HEALTH__FED_CMS_OPEN_PAYMENTS	RECIPIENT_CITY	C2 name tag holds something else	places; org words 3.4%, people 1.2%; e.g. ['DAYTON', 'MASON', 'JUPITER']	minor	name keys only on columns holding organizations or people, graded PROBABILISTIC
HEALTH.HEALTH__FED_CMS_OPEN_PAYMENTS	RECIPIENT_STATE	C2 name tag holds something else	places; org words 3.3%, people 0.0%; e.g. ['OH', 'TX', 'FL']	minor	name keys only on columns holding organizations or people, graded PROBABILISTIC
HEALTH.HEALTH__FED_CMS_OPEN_PAYMENTS	CCN	C2 tag fails its format	CCN: 0 of 2000 sampled rows filled	severe	fix the rule in connect/keys.py or portal_recon/tag_portal_index.py, then re-tag
HEALTH.HEALTH__FED_CMS_OPEN_PAYMENTS_2022	COVERED_RECIPIENT_PROFILE_ID	C2 name tag holds something else	numbers; org words 0.0%, people 0.0%; e.g. ['8451', '97613', '815613']	minor	name keys only on columns holding organizations or people, graded PROBABILISTIC
HEALTH.HEALTH__FED_CMS_OPEN_PAYMENTS_2022	RECIPIENT_CITY	C2 name tag holds something else	places; org words 1.9%, people 0.0%; e.g. ['WEST ORANGE', 'COLUMBIA', 'WEST ROXBURY']	minor	name keys only on columns holding organizations or people, graded PROBABILISTIC
HEALTH.HEALTH__FED_CMS_OPEN_PAYMENTS_2022	RECIPIENT_STATE	C2 name tag holds something else	places; org words 4.8%, people 0.0%; e.g. ['NJ', 'SC', 'MA']	minor	name keys only on columns holding organizations or people, graded PROBABILISTIC
HEALTH.HEALTH__FED_CMS_OPEN_PAYMENTS_2022	CCN	C2 tag fails its format	CCN: 0 of 2000 sampled rows filled	severe	fix the rule in connect/keys.py or portal_recon/tag_portal_index.py, then re-tag
HEALTH.HEALTH__FED_CMS_OPEN_PAYMENTS_2023	COVERED_RECIPIENT_PROFILE_ID	C2 name tag holds something else	numbers; org words 0.0%, people 0.0%; e.g. ['10866214', '666388', '116081']	minor	name keys only on columns holding organizations or people, graded PROBABILISTIC
HEALTH.HEALTH__FED_CMS_OPEN_PAYMENTS_2023	RECIPIENT_CITY	C2 name tag holds something else	places; org words 5.1%, people 0.0%; e.g. ['PARIS', 'OAKWOOD', 'MIDDLETOWN']	minor	name keys only on columns holding organizations or people, graded PROBABILISTIC
HEALTH.HEALTH__FED_CMS_OPEN_PAYMENTS_2023	RECIPIENT_STATE	C2 name tag holds something else	places; org words 20.8%, people 0.0%; e.g. ['TX', 'OH', 'KS']	minor	name keys only on columns holding organizations or people, graded PROBABILISTIC
HEALTH.HEALTH__FED_CMS_OPEN_PAYMENTS_2023	CCN	C2 tag fails its format	CCN: 0 of 2000 sampled rows filled	severe	fix the rule in connect/keys.py or portal_recon/tag_portal_index.py, then re-tag
HEALTH.HEALTH__FED_CMS_OPEN_PAYMENTS_PROFILE_SUPPLEMENT	COUNTRY_NAME	C2 name tag holds something else	places; org words 0.0%, people 0.0%; e.g. ['UNITED STATES']	minor	name keys only on columns holding organizations or people, graded PROBABILISTIC
HEALTH.HEALTH__FED_CMS_OPT_OUT_AFFIDAVITS	CITY_NAME	C2 name tag holds something else	places; org words 2.4%, people 0.1%; e.g. ['NEW YORK', 'PASADENA', 'ARLINGTON']	minor	name keys only on columns holding organizations or people, graded PROBABILISTIC
HEALTH.HEALTH__FED_CMS_PARTD_PRESCRIBERS	PRESCRIBER_STATE_FIPS	C2 catalog regex tag wrong	COUNTY_FIPS: 0.0% fit; e.g. ['12', '37', '06']	moderate	retire the regex catalog; tag with the platform tagger
HEALTH.HEALTH__FED_CMS_PARTD_PRESCRIBERS	BRAND_NAME	C2 name tag holds something else	things, not names; org words 0.0%, people 0.1%; e.g. ['Spironolactone', 'Levofloxacin', 'Hydrocodone-Acetaminophen']	minor	name keys only on columns holding organizations or people, graded PROBABILISTIC
HEALTH.HEALTH__FED_CMS_PARTD_PRESCRIBERS	GENERIC_NAME	C2 name tag holds something else	things, not names; org words 0.0%, people 0.2%; e.g. ['Spironolactone', 'Levofloxacin', 'Hydrocodone/Acetaminophen']	minor	name keys only on columns holding organizations or people, graded PROBABILISTIC
HEALTH.HEALTH__FED_CMS_PART_D_PRESCRIBERS	PRSCRBR_STATE_FIPS	C2 catalog regex tag wrong	COUNTY_FIPS: 0.0% fit; e.g. ['09', '13', '48']	moderate	retire the regex catalog; tag with the platform tagger
HEALTH.HEALTH__FED_CMS_POS_OTHER	CITY_NAME	C2 name tag holds something else	places; org words 3.0%, people 0.1%; e.g. ['NORWAY', 'RISING STAR', 'NEW ORLEANS']	minor	name keys only on columns holding organizations or people, graded PROBABILISTIC
HEALTH.HEALTH__FED_CMS_POS_OTHER	SSA_STATE_CD	C2 tag fails its format	STATE: 0.0% of 2000 sampled values fit; e.g. ['42', '45', '19']	moderate	fix the rule in connect/keys.py or portal_recon/tag_portal_index.py, then re-tag
HEALTH.HEALTH__FED_CMS_POS_OTHER	STATE_RGN_CD	C2 tag fails its format	STATE: 2.8% of 2000 sampled values fit; e.g. ['001', 'TX6', 'MO']	moderate	fix the rule in connect/keys.py or portal_recon/tag_portal_index.py, then re-tag
HEALTH.HEALTH__FED_CMS_POS_OTHER	FIPS_STATE_CD	C2 catalog regex tag wrong	COUNTY_FIPS: 0.0% fit; e.g. ['45', '48', '22']	moderate	retire the regex catalog; tag with the platform tagger
HEALTH.HEALTH__FED_CMS_POS_OTHER	FIPS_CNTY_CD	C2 tag fails its format	FIPS: 0.0% of 1982 sampled values fit; e.g. ['075', '133', '071']	moderate	fix the rule in connect/keys.py or portal_recon/tag_portal_index.py, then re-tag
HEALTH.HEALTH__FED_CMS_POS_OTHER	FIPS_CNTY_CD	C2 catalog regex tag wrong	COUNTY_FIPS: 0.0% fit; e.g. ['075', '133', '071']	moderate	retire the regex catalog; tag with the platform tagger
HEALTH.HEALTH__FED_CMS_QUALITY_PAYMENT_PROGRAM_EXPERIENCE	FACILITY_BASED_STATUS	C2 name tag holds something else	single words or codes; org words 0.0%, people 0.0%; e.g. ['False', 'True']	minor	name keys only on columns holding organizations or people, graded PROBABILISTIC
HEALTH.HEALTH__FED_CMS_QUALITY_PAYMENT_PROGRAM_EXPERIENCE	RECEIVED_FACILITY_SCORE	C2 name tag holds something else	single words or codes; org words 0.0%, people 0.0%; e.g. ['False', 'True']	minor	name keys only on columns holding organizations or people, graded PROBABILISTIC
HEALTH.HEALTH__FED_DEA_ARCOS	DRUG_NAME	C2 name tag holds something else	things, not names; org words 0.0%, people 0.0%; e.g. ['HYDROCODONE', 'OXYCODONE']	minor	name keys only on columns holding organizations or people, graded PROBABILISTIC
HEALTH.HEALTH__FED_DEA_ARCOS	INGREDIENT_NAME	C2 name tag holds something else	things, not names; org words 0.0%, people 0.0%; e.g. ['HYDROCODONE BITARTRATE HEMIPENTAHYDRATE', 'OXYCODONE HYDROCHLORIDE']	minor	name keys only on columns holding organizations or people, graded PROBABILISTIC
HEALTH.HEALTH__FED_DEA_ARCOS	PRODUCT_NAME	C2 name tag holds something else	things, not names; org words 0.0%, people 0.0%; e.g. ['HYDROCODONE BIT. 7.5MG/ACETAMINOPHEN', 'OXYCONTIN - 40MG OXYCODONE.HCL CONTR', 'HYDROCODONE BIT 5MG/ACETAMINOPHEN 50']	minor	name keys only on columns holding organizations or people, graded PROBABILISTIC
HEALTH.HEALTH__FED_FDA_DEVICE_PMA	GENERIC_NAME	C2 name tag holds something else	things, not names; org words 0.5%, people 2.2%; e.g. ['Implant, dermal, for aesthetic use', 'Drug-coated peripheral transluminal angioplasty catheter', 'Somatic gene mutation detection system']	minor	name keys only on columns holding organizations or people, graded PROBABILISTIC
HEALTH.HEALTH__FED_FDA_DRUG_ENFORCEMENT	BRAND_NAME_LIST	C2 name tag holds something else	things, not names; org words 2.5%, people 0.0%; e.g. ['NP THYROID 15', 'LAMOTRIGINE', 'CARBAMAZEPINE']	minor	name keys only on columns holding organizations or people, graded PROBABILISTIC
HEALTH.HEALTH__FED_FDA_DRUG_ENFORCEMENT	GENERIC_NAME_LIST	C2 name tag holds something else	things, not names; org words 0.2%, people 0.4%; e.g. ['LEVOTHYROXINE, LIOTHYRONINE', 'LAMOTRIGINE', 'CARBAMAZEPINE']	minor	name keys only on columns holding organizations or people, graded PROBABILISTIC
HEALTH.HEALTH__FED_FDA_ESTABLISHMENT_REG	POSTAL_CODE	C2 tag fails its format	ZIP: 33.3% of 418 sampled values fit; e.g. ['2300', '215100', '110030']	moderate	fix the rule in connect/keys.py or portal_recon/tag_portal_index.py, then re-tag
HEALTH.HEALTH__FED_FDA_ESTABLISHMENT_REG	POSTAL_CODE	C2 catalog regex tag wrong	ZIP: 33.3% fit; e.g. ['2300', '215100', '110030']	moderate	retire the regex catalog; tag with the platform tagger
HEALTH.HEALTH__FED_FDA_FAERS_DRUG	DRUGNAME	C2 name tag holds something else	things, not names; org words 0.1%, people 0.1%; e.g. ['DOXYCYCLINE HYCLATE', 'TRAMADOL HYDROCHLORIDE', 'OXYCONTIN']	minor	name keys only on columns holding organizations or people, graded PROBABILISTIC
HEALTH.HEALTH__FED_FDA_GUDID	BRAND_NAME	C2 name tag holds something else	things, not names; org words 16.1%, people 0.2%; e.g. ['Regatta Lateral System', 'AVID TruCustom', 'WaveForm TO']	minor	name keys only on columns holding organizations or people, graded PROBABILISTIC
HEALTH.HEALTH__FED_FDA_MAUDE	MANUFACTURER_STATE	C2 tag fails its format	STATE: 0 of 2000 sampled rows filled	moderate	fix the rule in connect/keys.py or portal_recon/tag_portal_index.py, then re-tag
HEALTH.HEALTH__FED_FDA_MAUDE	MANUFACTURER_COUNTRY	C2 tag fails its format	COUNTRY: 0 of 2000 sampled rows filled	moderate	fix the rule in connect/keys.py or portal_recon/tag_portal_index.py, then re-tag
HEALTH.HEALTH__FED_FDA_MAUDE	BRAND_NAME	C2 name tag holds something else	things, not names; org words 15.4%, people 0.1%; e.g. ['T:SLIM X2 INSULIN PUMP WITH CONTROL-IQ TECHNOLOGY', 'BD BACTEC FX, INSTRUMENT TOP, PACKAGED', 'DEXCOM G6 CONTINUOUS GLUCOSE MONITORING SYSTEM']	minor	name keys only on columns holding organizations or people, graded PROBABILISTIC
HEALTH.HEALTH__FED_FDA_MAUDE	GENERIC_NAME	C2 name tag holds something else	things, not names; org words 0.3%, people 20.3%; e.g. ['ALTERNATE CONTROLLER ENABLED INFUSION PUMP', 'SYSTEM, BLOOD CULTURING', 'CONTINUOUS GLUCOSE MONITOR']	minor	name keys only on columns holding organizations or people, graded PROBABILISTIC
HEALTH.HEALTH__FED_FDA_PURPLE_BOOK	PROPRIETARY_NAME	C2 name tag holds something else	single words or codes; org words 0.0%, people 2.6%; e.g. ['Amevive', 'Merilog', 'waskyra']	minor	name keys only on columns holding organizations or people, graded PROBABILISTIC
HEALTH.HEALTH__FED_FDA_PURPLE_BOOK	REF_PRODUCT_PROPER_NAME	C2 name tag holds something else	things, not names; org words 0.0%, people 0.0%; e.g. ['insulin aspart', 'trastuzumab', 'adalimumab']	minor	name keys only on columns holding organizations or people, graded PROBABILISTIC
HEALTH.HEALTH__FED_FDA_PURPLE_BOOK	REF_PRODUCT_PROPRIETARY_NAME	C2 name tag holds something else	things, not names; org words 0.0%, people 0.0%; e.g. ['Novolog', 'Herceptin', 'Humira']	minor	name keys only on columns holding organizations or people, graded PROBABILISTIC
HEALTH.HEALTH__FED_FDA_UNII_GSRS_SUBSTANCES	EPA_COMPTOX_ID	C2 catalog regex tag wrong	FRS/EPA: 0.0% fit; e.g. ['DTXSID90934143', 'DTXSID20894746', 'DTXSID10891789']	moderate	retire the regex catalog; tag with the platform tagger
HEALTH.HEALTH__FED_FDA_UNII_GSRS_SUBSTANCES	DAILYMED_NAME	C2 name tag holds something else	single words or codes; org words 0.0%, people 0.0%; e.g. ['7R247U84HY', '7R4F94TVGY', '7R4LQP52DM']	minor	name keys only on columns holding organizations or people, graded PROBABILISTIC
HEALTH.HEALTH__FED_HHS_OIG_LEIE	NPI_IS_REAL	C2 catalog regex tag wrong	NPI: 0.0% fit; e.g. ['False', 'True']	moderate	retire the regex catalog; tag with the platform tagger
HEALTH.HEALTH__FED_HRSA_HPSA_PRIMARY_CARE	BHCMIS_ORGANIZATION_ID	C2 name tag holds something else	numbers; org words 0.0%, people 0.0%; e.g. ['08E01156', '013280', '020910']	minor	name keys only on columns holding organizations or people, graded PROBABILISTIC
HEALTH.HEALTH__FED_HRSA_HPSA_PRIMARY_CARE	PRIMARY_STATE_NAME	C2 name tag holds something else	places; org words 0.6%, people 0.0%; e.g. ['North Carolina', 'Arizona', 'Florida']	minor	name keys only on columns holding organizations or people, graded PROBABILISTIC
HEALTH.HEALTH__FED_HRSA_HPSA_PRIMARY_CARE	PRIMARY_STATE_FIPS_CODE	C2 catalog regex tag wrong	COUNTY_FIPS: 0.0% fit; e.g. ['37', '04', '12']	moderate	retire the regex catalog; tag with the platform tagger
HEALTH.HEALTH__FED_HRSA_HPSA_PRIMARY_CARE	STATE_NAME	C2 name tag holds something else	places; org words 0.6%, people 0.0%; e.g. ['North Carolina', 'Arizona', 'Florida']	minor	name keys only on columns holding organizations or people, graded PROBABILISTIC
HEALTH.HEALTH__FED_HRSA_HPSA_PRIMARY_CARE	STATE_FIPS_CODE	C2 catalog regex tag wrong	COUNTY_FIPS: 0.0% fit; e.g. ['37', '04', '12']	moderate	retire the regex catalog; tag with the platform tagger
HEALTH.HEALTH__FED_HRSA_HPSA_PRIMARY_CARE	COMMON_STATE_NAME	C2 name tag holds something else	places; org words 0.6%, people 0.0%; e.g. ['North Carolina', 'Arizona', 'Florida']	minor	name keys only on columns holding organizations or people, graded PROBABILISTIC
HEALTH.HEALTH__FED_HRSA_HPSA_PRIMARY_CARE	COMMON_STATE_FIPS_CODE	C2 catalog regex tag wrong	COUNTY_FIPS: 0.0% fit; e.g. ['37', '04', '12']	moderate	retire the regex catalog; tag with the platform tagger
HEALTH.HEALTH__FED_HRSA_HPSA_PRIMARY_CARE	COMMON_COUNTY_NAME	C2 name tag holds something else	places; org words 96.8%, people 0.0%; e.g. ['Cumberland County, NC', 'Yavapai County, AZ', 'Miami-Dade County, FL']	minor	name keys only on columns holding organizations or people, graded PROBABILISTIC
HEALTH.HEALTH__FED_HRSA_HPSA_PRIMARY_CARE	COMMON_REGION_NAME	C2 name tag holds something else	places; org words 0.0%, people 0.0%; e.g. ['Region 4', 'Region 9', 'Region 6']	minor	name keys only on columns holding organizations or people, graded PROBABILISTIC
HEALTH.HEALTH__FED_HRSA_HPSA_PRIMARY_CARE	COUNTY_EQUIVALENT_NAME	C2 name tag holds something else	places; org words 2.8%, people 0.0%; e.g. ['Cumberland', 'Yavapai', 'Miami-Dade']	minor	name keys only on columns holding organizations or people, graded PROBABILISTIC
HEALTH.HEALTH__FED_HRSA_HPSA_PRIMARY_CARE	COUNTY_FIPS_CODE	C2 tag fails its format	FIPS: 0.0% of 2000 sampled values fit; e.g. ['051', '025', '086']	moderate	fix the rule in connect/keys.py or portal_recon/tag_portal_index.py, then re-tag
HEALTH.HEALTH__FED_HRSA_HPSA_PRIMARY_CARE	COUNTY_FIPS_CODE	C2 catalog regex tag wrong	COUNTY_FIPS: 0.0% fit; e.g. ['051', '025', '086']	moderate	retire the regex catalog; tag with the platform tagger
HEALTH.HEALTH__FED_HRSA_NPDB	WORK_COUNTRY	C2 tag fails its format	COUNTRY: 0 of 2000 sampled rows filled	moderate	fix the rule in connect/keys.py or portal_recon/tag_portal_index.py, then re-tag
HEALTH.HEALTH__FED_HRSA_NPDB	HOME_COUNTRY	C2 tag fails its format	COUNTRY: 0 of 2000 sampled rows filled	moderate	fix the rule in connect/keys.py or portal_recon/tag_portal_index.py, then re-tag
HEALTH.HEALTH__FED_HRSA_PROVIDER_RELIEF_FUND	NAME_WORDS	C2 name tag holds something else	numbers; org words 0.0%, people 0.0%; e.g. ['3', '2', '4']	minor	name keys only on columns holding organizations or people, graded PROBABILISTIC
HEALTH.HEALTH__FED_HRSA_SHORTAGE_AREAS	BHCMIS_ORGANIZATION_IDENTIFICATION_NUMBER	C2 name tag holds something else	numbers; org words 0.0%, people 0.0%; e.g. ['093530', '09E01131', '11E01249']	minor	name keys only on columns holding organizations or people, graded PROBABILISTIC
HEALTH.HEALTH__FED_HRSA_SHORTAGE_AREAS	COMMON_COUNTY_NAME	C2 name tag holds something else	places; org words 85.8%, people 1.9%; e.g. ['Rongelap, MH', 'Aur, MH', 'Bikar, MH']	minor	name keys only on columns holding organizations or people, graded PROBABILISTIC
HEALTH.HEALTH__FED_HRSA_SHORTAGE_AREAS	COMMON_REGION_NAME	C2 name tag holds something else	places; org words 0.0%, people 0.0%; e.g. ['Region 9', 'Region 8', 'Region 5']	minor	name keys only on columns holding organizations or people, graded PROBABILISTIC
HEALTH.HEALTH__FED_HRSA_SHORTAGE_AREAS	COMMON_STATE_FIPS_CODE	C2 catalog regex tag wrong	COUNTY_FIPS: 0.0% fit; e.g. ['68', '66', '64']	moderate	retire the regex catalog; tag with the platform tagger
HEALTH.HEALTH__FED_HRSA_SHORTAGE_AREAS	COMMON_STATE_NAME	C2 name tag holds something else	places; org words 0.0%, people 0.0%; e.g. ['Marshall Islands', 'Guam', 'Federated States of Micronesia']	minor	name keys only on columns holding organizations or people, graded PROBABILISTIC
HEALTH.HEALTH__FED_HRSA_SHORTAGE_AREAS	COUNTY_EQUIVALENT_NAME	C2 name tag holds something else	places; org words 0.0%, people 0.0%; e.g. ['Rongelap', 'Aur', 'Bikar']	minor	name keys only on columns holding organizations or people, graded PROBABILISTIC
HEALTH.HEALTH__FED_HRSA_SHORTAGE_AREAS	PRIMARY_STATE_FIPS_CODE	C2 catalog regex tag wrong	COUNTY_FIPS: 0.0% fit; e.g. ['68', '66', '64']	moderate	retire the regex catalog; tag with the platform tagger
HEALTH.HEALTH__FED_HRSA_SHORTAGE_AREAS	PRIMARY_STATE_NAME	C2 name tag holds something else	places; org words 0.0%, people 0.0%; e.g. ['Marshall Islands', 'Guam', 'Federated States of Micronesia']	minor	name keys only on columns holding organizations or people, graded PROBABILISTIC
HEALTH.HEALTH__FED_HRSA_SHORTAGE_AREAS	STATE_AND_COUNTY_FEDERAL_INFORMATION_PROCESSING_STANDARD_CODE	C2 tag fails its format	STATE: 0.0% of 2000 sampled values fit; e.g. ['68350', '68050', '68060']	moderate	fix the rule in connect/keys.py or portal_recon/tag_portal_index.py, then re-tag
HEALTH.HEALTH__FED_HRSA_SHORTAGE_AREAS	STATE_FIPS_CODE	C2 catalog regex tag wrong	COUNTY_FIPS: 0.0% fit; e.g. ['68', '66', '64']	moderate	retire the regex catalog; tag with the platform tagger
HEALTH.HEALTH__FED_HRSA_SHORTAGE_AREAS	STATE_NAME	C2 name tag holds something else	places; org words 0.0%, people 0.0%; e.g. ['Marshall Islands', 'Guam', 'Federated States of Micronesia']	minor	name keys only on columns holding organizations or people, graded PROBABILISTIC
HEALTH.HEALTH__FED_HRSA_UDS_SERVICE_DELIVERY_SITES	BHCMIS_ORGANIZATION_ID	C2 name tag holds something else	numbers; org words 0.0%, people 0.0%; e.g. ['013600', '0518280', '058470']	minor	name keys only on columns holding organizations or people, graded PROBABILISTIC
HEALTH.HEALTH__FED_HRSA_UDS_SERVICE_DELIVERY_SITES	COMPLETE_COUNTY_NAME	C2 name tag holds something else	places; org words 92.1%, people 0.0%; e.g. ['Suffolk County', 'Lake County', 'Franklin County']	minor	name keys only on columns holding organizations or people, graded PROBABILISTIC
HEALTH.HEALTH__FED_HRSA_UDS_SERVICE_DELIVERY_SITES	COUNTY_EQUIVALENT_NAME	C2 name tag holds something else	places; org words 1.4%, people 0.0%; e.g. ['Suffolk', 'Lake', 'Franklin']	minor	name keys only on columns holding organizations or people, graded PROBABILISTIC
HEALTH.HEALTH__FED_HRSA_UDS_SERVICE_DELIVERY_SITES	HHS_REGION_NAME	C2 name tag holds something else	places; org words 0.0%, people 0.0%; e.g. ['Region 1', 'Region 5', 'Region 2']	minor	name keys only on columns holding organizations or people, graded PROBABILISTIC
HEALTH.HEALTH__FED_HRSA_UDS_SERVICE_DELIVERY_SITES	STATE_FIPS_CODE	C2 catalog regex tag wrong	COUNTY_FIPS: 0.0% fit; e.g. ['25', '18', '39']	moderate	retire the regex catalog; tag with the platform tagger
HEALTH.HEALTH__FED_HRSA_UDS_SERVICE_DELIVERY_SITES	STATE_NAME	C2 name tag holds something else	places; org words 0.4%, people 0.0%; e.g. ['Massachusetts', 'Indiana', 'Ohio']	minor	name keys only on columns holding organizations or people, graded PROBABILISTIC
HEALTH.HEALTH__FED_IHS_FACILITIES	IHS_FACILITY_ID	C2 name tag holds something else	single words or codes; org words 0.0%, people 0.0%; e.g. ['bc00f24880683f79f02ef5193c2888f9-1', 'dccc97c3b4cb1a013b1c18030319547c-1', '2015c91b932a238d0aae904b54432e2a-1']	minor	name keys only on columns holding organizations or people, graded PROBABILISTIC
HEALTH.HEALTH__FED_IHS_FACILITIES	FACILITY_TYPE	C2 name tag holds something else	things, not names; org words 90.1%, people 0.0%; e.g. ['Health Center', 'Health Station', 'Alaska Village Clinic']	minor	name keys only on columns holding organizations or people, graded PROBABILISTIC
HEALTH.HEALTH__FED_IHS_FACILITIES	FACILITY_TYPE_CODE	C2 name tag holds something else	numbers; org words 0.0%, people 0.0%; e.g. ['2', '4', '11']	minor	name keys only on columns holding organizations or people, graded PROBABILISTIC
HEALTH.HEALTH__FED_IHS_FACILITIES	FACILITY_OPERATED_BY	C2 name tag holds something else	single words or codes; org words 0.0%, people 0.0%; e.g. ['IHS', 'Urban', 'Tribal']	minor	name keys only on columns holding organizations or people, graded PROBABILISTIC
HEALTH.HEALTH__FED_IHS_FACILITIES	FACILITY_OWNED_BY	C2 name tag holds something else	single words or codes; org words 0.0%, people 0.0%; e.g. ['IHS', 'Tribal', 'Other']	minor	name keys only on columns holding organizations or people, graded PROBABILISTIC
HEALTH.HEALTH__FED_IHS_SCB_FACILITY	SCB_FACILITY_ID	C2 name tag holds something else	single words or codes; org words 0.0%, people 0.0%; e.g. ['9b7a30188f8c75a40729b71e41af3d0d-1', 'bab9827fb28e013367a5ed5e2cf84b9a-1', 'ae32282a706343d7ec821c9130927612-1']	minor	name keys only on columns holding organizations or people, graded PROBABILISTIC
HEALTH.HEALTH__FED_IHS_SCB_FACILITY	FACILITY_TYPE	C2 name tag holds something else	things, not names; org words 73.6%, people 0.0%; e.g. ['Health Center', 'Other', 'Behavioral Health Facilities']	minor	name keys only on columns holding organizations or people, graded PROBABILISTIC
HEALTH.HEALTH__FED_NLM_DAILYMED_SPL_SETID_MAP	ZIP_FILE_NAME	C2 tag fails its format	ZIP: 0.0% of 2000 sampled values fit; e.g. ['20200524_a661a6c8-0eb3-0b28-e053-2a95a90a66fe.zip', '20240131_94d13f48-fbca-67b4-e053-2995a90a791b.zip', '20091231_25500fd1-4fee-43db-9c71-45912594fe06.zip']	moderate	fix the rule in connect/keys.py or portal_recon/tag_portal_index.py, then re-tag
HEALTH.HEALTH__FED_NLM_DAILYMED_SPL_SETID_MAP	ZIP_FILE_NAME	C2 catalog regex tag wrong	ZIP: 0.0% fit; e.g. ['20200524_a661a6c8-0eb3-0b28-e053-2a95a90a66fe.zip', '20240131_94d13f48-fbca-67b4-e053-2995a90a791b.zip', '20091231_25500fd1-4fee-43db-9c71-45912594fe06.zip']	moderate	retire the regex catalog; tag with the platform tagger
HEALTH.HEALTH__FED_NURSINGHOME411	NUMBER_OF_FACILITY_REPORTED_INCIDENTS	C2 name tag holds something else	numbers; org words 0.0%, people 0.0%; e.g. ['3', '0', '5']	minor	name keys only on columns holding organizations or people, graded PROBABILISTIC
HEALTH.HEALTH__FED_VA_SUICIDE_STATE	STATE	C2 tag fails its format	STATE: 0.0% of 1196 sampled values fit; e.g. ['Connecticut', 'Maine', 'Massachusetts']	moderate	fix the rule in connect/keys.py or portal_recon/tag_portal_index.py, then re-tag
HEALTH.HEALTH__FED_VA_SUICIDE_STATE	STATE	C2 catalog regex tag wrong	STATE: 0.0% fit; e.g. ['Connecticut', 'Maine', 'Massachusetts']	moderate	retire the regex catalog; tag with the platform tagger
HEALTH.HEALTH__FQHC_SITE_PEOPLE	NPI_DEACTIVATION_DATE	C2 catalog regex tag wrong	NPI: 0.0% fit; e.g. ['2025-08-22', '2006-03-17']	moderate	retire the regex catalog; tag with the platform tagger
HEALTH.HEALTH__HOSPITAL_OFFICER_PAY	SOURCE_ZIP	C2 tag fails its format	ZIP: 0.0% of 2000 sampled values fit; e.g. ['2024_TEOS_XML_11A.zip', '2021_TEOS_XML_01A.zip', '2025_TEOS_XML_11B.zip']	moderate	fix the rule in connect/keys.py or portal_recon/tag_portal_index.py, then re-tag
HEALTH.HEALTH__HOSPITAL_OFFICER_PAY	SOURCE_ZIP	C2 catalog regex tag wrong	ZIP: 0.0% fit; e.g. ['2024_TEOS_XML_11A.zip', '2021_TEOS_XML_01A.zip', '2025_TEOS_XML_11B.zip']	moderate	retire the regex catalog; tag with the platform tagger
HEALTH.HEALTH__INTL_HEALTHCANADA_DPD_DRUG	BRAND_NAME	C2 name tag holds something else	things, not names; org words 0.8%, people 0.3%; e.g. ['AVENTYL', 'MINERALE LEGERE HUILE', 'METHYLENE BLEU LIQ 1%']	minor	name keys only on columns holding organizations or people, graded PROBABILISTIC
HEALTH.HEALTH__INTL_HEALTHCANADA_DPD_DRUG	ACCESSION_NUMBER	C2 catalog regex tag wrong	ACCESSION: 0.0% fit; e.g. ['00226', '00227', '01811']	moderate	retire the regex catalog; tag with the platform tagger
HEALTH.HEALTH__INTL_HEALTHCANADA_DPD_DRUG	BRAND_NAME_F	C2 name tag holds something else	things, not names; org words 0.0%, people 0.0%; e.g. ['CHLORURE DE SODIUM AVEC BACTÉRIOSTATIQUE INJECTABLE USP', 'EAU BACTÉRIOSTATIQUE POUR PRÉPARATIONS INJECTABLES USP', 'XYLOCAINE EN POMMADE 5%']	minor	name keys only on columns holding organizations or people, graded PROBABILISTIC
HEALTH.HEALTH__NURSING_HOME_RELIEF_BY_CHAIN	PAYEE_SHORTER_HOMES	C2 name tag holds something else	numbers; org words 0.0%, people 0.0%; e.g. ['0', '1', '2']	minor	name keys only on columns holding organizations or people, graded PROBABILISTIC
HEALTH.HEALTH__NURSING_HOME_RELIEF_BY_CHAIN	PAYEE_SHORTER_DOLLARS	C2 name tag holds something else	numbers; org words 0.0%, people 0.0%; e.g. ['0', '487709', '1541618']	minor	name keys only on columns holding organizations or people, graded PROBABILISTIC
HISTORY.HISTORY__FED_DENSHO_DDR	FIPS	C2 tag fails its format	FIPS: 0 of 25 sampled rows filled	moderate	fix the rule in connect/keys.py or portal_recon/tag_portal_index.py, then re-tag
HISTORY.HISTORY__FED_WPA_SLAVE_NARRATIVES	STATE_FIPS	C2 tag fails its format	FIPS: 0 of 100 sampled rows filled	moderate	fix the rule in connect/keys.py or portal_recon/tag_portal_index.py, then re-tag
HISTORY.HISTORY__FED_WPA_SLAVE_NARRATIVES	STATE	C2 tag fails its format	STATE: 0.0% of 100 sampled values fit; e.g. ['eufaula', 'texas', 'medina']	moderate	fix the rule in connect/keys.py or portal_recon/tag_portal_index.py, then re-tag
HISTORY.HISTORY__FED_WPA_SLAVE_NARRATIVES	STATE	C2 catalog regex tag wrong	STATE: 0.0% fit; e.g. ['eufaula', 'texas', 'medina']	moderate	retire the regex catalog; tag with the platform tagger
HOUSING.HOUSING__FED_CFPB_HMDA	APPLICANT_ETHNICITY_1	C2 name tag holds something else	numbers; org words 0.0%, people 0.0%; e.g. ['2', '4', '3']	minor	name keys only on columns holding organizations or people, graded PROBABILISTIC
HOUSING.HOUSING__FED_CFPB_HMDA	APPLICANT_ETHNICITY_2	C2 name tag holds something else	numbers; org words 0.0%, people 0.0%; e.g. ['2', '14', '13']	minor	name keys only on columns holding organizations or people, graded PROBABILISTIC
HOUSING.HOUSING__FED_CFPB_HMDA	APPLICANT_ETHNICITY_3	C2 name tag holds something else	numbers; org words 0.0%, people 0.0%; e.g. ['11', '14']	minor	name keys only on columns holding organizations or people, graded PROBABILISTIC
HOUSING.HOUSING__FED_CFPB_HMDA	CO_APPLICANT_ETHNICITY_1	C2 name tag holds something else	numbers; org words 0.0%, people 0.0%; e.g. ['2', '5', '4']	minor	name keys only on columns holding organizations or people, graded PROBABILISTIC
HOUSING.HOUSING__FED_CFPB_HMDA	CO_APPLICANT_ETHNICITY_2	C2 name tag holds something else	numbers; org words 0.0%, people 0.0%; e.g. ['11', '14', '12']	minor	name keys only on columns holding organizations or people, graded PROBABILISTIC
HOUSING.HOUSING__FED_CFPB_HMDA	APPLICANT_ETHNICITY_OBSERVED	C2 name tag holds something else	numbers; org words 0.0%, people 0.0%; e.g. ['1', '3', '2']	minor	name keys only on columns holding organizations or people, graded PROBABILISTIC
HOUSING.HOUSING__FED_CFPB_HMDA	CO_APPLICANT_ETHNICITY_OBSERVED	C2 name tag holds something else	numbers; org words 0.0%, people 0.0%; e.g. ['1', '4', '3']	minor	name keys only on columns holding organizations or people, graded PROBABILISTIC
HOUSING.HOUSING__FED_CFPB_HMDA	APPLICANT_RACE_1	C2 name tag holds something else	numbers; org words 0.0%, people 0.0%; e.g. ['5', '3', '1']	minor	name keys only on columns holding organizations or people, graded PROBABILISTIC
HOUSING.HOUSING__FED_CFPB_HMDA	APPLICANT_RACE_2	C2 name tag holds something else	numbers; org words 0.0%, people 0.0%; e.g. ['26', '21', '25']	minor	name keys only on columns holding organizations or people, graded PROBABILISTIC
HOUSING.HOUSING__FED_CFPB_HMDA	APPLICANT_RACE_3	C2 name tag holds something else	numbers; org words 0.0%, people 0.0%; e.g. ['25', '21', '5']	minor	name keys only on columns holding organizations or people, graded PROBABILISTIC
HOUSING.HOUSING__FED_CFPB_HMDA	CO_APPLICANT_RACE_1	C2 name tag holds something else	numbers; org words 0.0%, people 0.0%; e.g. ['5', '8', '7']	minor	name keys only on columns holding organizations or people, graded PROBABILISTIC
HOUSING.HOUSING__FED_CFPB_HMDA	CO_APPLICANT_RACE_2	C2 name tag holds something else	numbers; org words 0.0%, people 0.0%; e.g. ['22', '21', '23']	minor	name keys only on columns holding organizations or people, graded PROBABILISTIC
HOUSING.HOUSING__FED_CFPB_HMDA	CO_APPLICANT_RACE_3	C2 name tag holds something else	numbers; org words 0.0%, people 0.0%; e.g. ['24', '25']	minor	name keys only on columns holding organizations or people, graded PROBABILISTIC
HOUSING.HOUSING__FED_CFPB_HMDA	APPLICANT_RACE_OBSERVED	C2 name tag holds something else	numbers; org words 0.0%, people 0.0%; e.g. ['1', '3', '2']	minor	name keys only on columns holding organizations or people, graded PROBABILISTIC
HOUSING.HOUSING__FED_CFPB_HMDA	CO_APPLICANT_RACE_OBSERVED	C2 name tag holds something else	numbers; org words 0.0%, people 0.0%; e.g. ['1', '4', '3']	minor	name keys only on columns holding organizations or people, graded PROBABILISTIC
HOUSING.HOUSING__FED_CFPB_HMDA	APPLICANT_SEX	C2 name tag holds something else	numbers; org words 0.0%, people 0.0%; e.g. ['1', '2', '4']	minor	name keys only on columns holding organizations or people, graded PROBABILISTIC
HOUSING.HOUSING__FED_CFPB_HMDA	CO_APPLICANT_SEX	C2 name tag holds something else	numbers; org words 0.0%, people 0.0%; e.g. ['2', '5', '4']	minor	name keys only on columns holding organizations or people, graded PROBABILISTIC
HOUSING.HOUSING__FED_CFPB_HMDA	APPLICANT_SEX_OBSERVED	C2 name tag holds something else	numbers; org words 0.0%, people 0.0%; e.g. ['1', '3', '2']	minor	name keys only on columns holding organizations or people, graded PROBABILISTIC
HOUSING.HOUSING__FED_CFPB_HMDA	CO_APPLICANT_SEX_OBSERVED	C2 name tag holds something else	numbers; org words 0.0%, people 0.0%; e.g. ['1', '4', '3']	minor	name keys only on columns holding organizations or people, graded PROBABILISTIC
HOUSING.HOUSING__FED_CFPB_HMDA	APPLICANT_AGE	C2 name tag holds something else	numbers; org words 0.0%, people 0.0%; e.g. ['25-34', '35-44', '45-54']	minor	name keys only on columns holding organizations or people, graded PROBABILISTIC
HOUSING.HOUSING__FED_CFPB_HMDA	CO_APPLICANT_AGE	C2 name tag holds something else	numbers; org words 0.0%, people 0.0%; e.g. ['25-34', '9999', '8888']	minor	name keys only on columns holding organizations or people, graded PROBABILISTIC
HOUSING.HOUSING__FED_CFPB_HMDA	APPLICANT_AGE_ABOVE_62	C2 name tag holds something else	single words or codes; org words 0.0%, people 0.0%; e.g. ['No', 'Yes']	minor	name keys only on columns holding organizations or people, graded PROBABILISTIC
HOUSING.HOUSING__FED_CFPB_HMDA	CO_APPLICANT_AGE_ABOVE_62	C2 name tag holds something else	single words or codes; org words 0.0%, people 0.0%; e.g. ['No', 'Yes']	minor	name keys only on columns holding organizations or people, graded PROBABILISTIC
HOUSING.HOUSING__FED_CFPB_HMDA_DC_ONLY	APPLICANT_ETHNICITY_1	C2 name tag holds something else	numbers; org words 0.0%, people 0.0%; e.g. ['2', '4', '3']	minor	name keys only on columns holding organizations or people, graded PROBABILISTIC
HOUSING.HOUSING__FED_CFPB_HMDA_DC_ONLY	APPLICANT_ETHNICITY_2	C2 name tag holds something else	numbers; org words 0.0%, people 0.0%; e.g. ['2', '14', '13']	minor	name keys only on columns holding organizations or people, graded PROBABILISTIC
HOUSING.HOUSING__FED_CFPB_HMDA_DC_ONLY	APPLICANT_ETHNICITY_3	C2 name tag holds something else	numbers; org words 0.0%, people 0.0%; e.g. ['11', '14']	minor	name keys only on columns holding organizations or people, graded PROBABILISTIC
HOUSING.HOUSING__FED_CFPB_HMDA_DC_ONLY	CO_APPLICANT_ETHNICITY_1	C2 name tag holds something else	numbers; org words 0.0%, people 0.0%; e.g. ['2', '5', '4']	minor	name keys only on columns holding organizations or people, graded PROBABILISTIC
HOUSING.HOUSING__FED_CFPB_HMDA_DC_ONLY	CO_APPLICANT_ETHNICITY_2	C2 name tag holds something else	numbers; org words 0.0%, people 0.0%; e.g. ['11', '14', '12']	minor	name keys only on columns holding organizations or people, graded PROBABILISTIC
HOUSING.HOUSING__FED_CFPB_HMDA_DC_ONLY	APPLICANT_ETHNICITY_OBSERVED	C2 name tag holds something else	numbers; org words 0.0%, people 0.0%; e.g. ['1', '3', '2']	minor	name keys only on columns holding organizations or people, graded PROBABILISTIC
HOUSING.HOUSING__FED_CFPB_HMDA_DC_ONLY	CO_APPLICANT_ETHNICITY_OBSERVED	C2 name tag holds something else	numbers; org words 0.0%, people 0.0%; e.g. ['1', '4', '3']	minor	name keys only on columns holding organizations or people, graded PROBABILISTIC
HOUSING.HOUSING__FED_CFPB_HMDA_DC_ONLY	APPLICANT_RACE_1	C2 name tag holds something else	numbers; org words 0.0%, people 0.0%; e.g. ['5', '3', '1']	minor	name keys only on columns holding organizations or people, graded PROBABILISTIC
HOUSING.HOUSING__FED_CFPB_HMDA_DC_ONLY	APPLICANT_RACE_2	C2 name tag holds something else	numbers; org words 0.0%, people 0.0%; e.g. ['26', '21', '25']	minor	name keys only on columns holding organizations or people, graded PROBABILISTIC
HOUSING.HOUSING__FED_CFPB_HMDA_DC_ONLY	APPLICANT_RACE_3	C2 name tag holds something else	numbers; org words 0.0%, people 0.0%; e.g. ['25', '21', '5']	minor	name keys only on columns holding organizations or people, graded PROBABILISTIC
HOUSING.HOUSING__FED_CFPB_HMDA_DC_ONLY	CO_APPLICANT_RACE_1	C2 name tag holds something else	numbers; org words 0.0%, people 0.0%; e.g. ['5', '8', '7']	minor	name keys only on columns holding organizations or people, graded PROBABILISTIC
HOUSING.HOUSING__FED_CFPB_HMDA_DC_ONLY	CO_APPLICANT_RACE_2	C2 name tag holds something else	numbers; org words 0.0%, people 0.0%; e.g. ['22', '21', '23']	minor	name keys only on columns holding organizations or people, graded PROBABILISTIC
HOUSING.HOUSING__FED_CFPB_HMDA_DC_ONLY	CO_APPLICANT_RACE_3	C2 name tag holds something else	numbers; org words 0.0%, people 0.0%; e.g. ['24', '25']	minor	name keys only on columns holding organizations or people, graded PROBABILISTIC
HOUSING.HOUSING__FED_CFPB_HMDA_DC_ONLY	APPLICANT_RACE_OBSERVED	C2 name tag holds something else	numbers; org words 0.0%, people 0.0%; e.g. ['1', '3', '2']	minor	name keys only on columns holding organizations or people, graded PROBABILISTIC
HOUSING.HOUSING__FED_CFPB_HMDA_DC_ONLY	CO_APPLICANT_RACE_OBSERVED	C2 name tag holds something else	numbers; org words 0.0%, people 0.0%; e.g. ['1', '4', '3']	minor	name keys only on columns holding organizations or people, graded PROBABILISTIC
HOUSING.HOUSING__FED_CFPB_HMDA_DC_ONLY	APPLICANT_SEX	C2 name tag holds something else	numbers; org words 0.0%, people 0.0%; e.g. ['1', '2', '4']	minor	name keys only on columns holding organizations or people, graded PROBABILISTIC
HOUSING.HOUSING__FED_CFPB_HMDA_DC_ONLY	CO_APPLICANT_SEX	C2 name tag holds something else	numbers; org words 0.0%, people 0.0%; e.g. ['2', '5', '4']	minor	name keys only on columns holding organizations or people, graded PROBABILISTIC
HOUSING.HOUSING__FED_CFPB_HMDA_DC_ONLY	APPLICANT_SEX_OBSERVED	C2 name tag holds something else	numbers; org words 0.0%, people 0.0%; e.g. ['1', '3', '2']	minor	name keys only on columns holding organizations or people, graded PROBABILISTIC
HOUSING.HOUSING__FED_CFPB_HMDA_DC_ONLY	CO_APPLICANT_SEX_OBSERVED	C2 name tag holds something else	numbers; org words 0.0%, people 0.0%; e.g. ['1', '4', '3']	minor	name keys only on columns holding organizations or people, graded PROBABILISTIC
HOUSING.HOUSING__FED_CFPB_HMDA_DC_ONLY	APPLICANT_AGE	C2 name tag holds something else	numbers; org words 0.0%, people 0.0%; e.g. ['25-34', '35-44', '45-54']	minor	name keys only on columns holding organizations or people, graded PROBABILISTIC
HOUSING.HOUSING__FED_CFPB_HMDA_DC_ONLY	CO_APPLICANT_AGE	C2 name tag holds something else	numbers; org words 0.0%, people 0.0%; e.g. ['25-34', '9999', '8888']	minor	name keys only on columns holding organizations or people, graded PROBABILISTIC
HOUSING.HOUSING__FED_CFPB_HMDA_DC_ONLY	APPLICANT_AGE_ABOVE_62	C2 name tag holds something else	single words or codes; org words 0.0%, people 0.0%; e.g. ['No', 'Yes']	minor	name keys only on columns holding organizations or people, graded PROBABILISTIC
HOUSING.HOUSING__FED_CFPB_HMDA_DC_ONLY	CO_APPLICANT_AGE_ABOVE_62	C2 name tag holds something else	single words or codes; org words 0.0%, people 0.0%; e.g. ['No', 'Yes']	minor	name keys only on columns holding organizations or people, graded PROBABILISTIC
HOUSING.HOUSING__FED_CFPB_HMDA_HISTORIC	LOAN_TYPE_NAME	C2 name tag holds something else	things, not names; org words 0.0%, people 0.0%; e.g. ['Conventional', 'VA-guaranteed', 'FHA-insured']	minor	name keys only on columns holding organizations or people, graded PROBABILISTIC
HOUSING.HOUSING__FED_CFPB_HMDA_HISTORIC	PROPERTY_TYPE_NAME	C2 name tag holds something else	things, not names; org words 0.0%, people 0.0%; e.g. ['One-to-four family dwelling (other than manufactured housing)', 'Manufactured housing', 'Multifamily dwelling']	minor	name keys only on columns holding organizations or people, graded PROBABILISTIC
HOUSING.HOUSING__FED_CFPB_HMDA_HISTORIC	STATE_NAME	C2 name tag holds something else	places; org words 0.4%, people 0.0%; e.g. ['Missouri', 'Indiana', 'South Carolina']	minor	name keys only on columns holding organizations or people, graded PROBABILISTIC
HOUSING.HOUSING__FED_CFPB_HMDA_HISTORIC	STATE_CODE	C2 tag fails its format	STATE: 0.0% of 1968 sampled values fit; e.g. ['29', '18', '45']	moderate	fix the rule in connect/keys.py or portal_recon/tag_portal_index.py, then re-tag
HOUSING.HOUSING__FED_CFPB_HMDA_HISTORIC	STATE_CODE	C2 catalog regex tag wrong	STATE: 0.0% fit; e.g. ['29', '18', '45']	moderate	retire the regex catalog; tag with the platform tagger
HOUSING.HOUSING__FED_CFPB_HMDA_HISTORIC	COUNTY_NAME	C2 name tag holds something else	places; org words 98.3%, people 0.0%; e.g. ['St. Charles County', 'Hamilton County', 'Lancaster County']	minor	name keys only on columns holding organizations or people, graded PROBABILISTIC
HOUSING.HOUSING__FED_CFPB_HMDA_HISTORIC	APPLICANT_ETHNICITY_NAME	C2 name tag holds something else	things, not names; org words 0.0%, people 0.0%; e.g. ['Not Hispanic or Latino', 'Not applicable', 'Hispanic or Latino']	minor	name keys only on columns holding organizations or people, graded PROBABILISTIC
HOUSING.HOUSING__FED_CFPB_HMDA_HISTORIC	APPLICANT_ETHNICITY	C2 name tag holds something else	numbers; org words 0.0%, people 0.0%; e.g. ['2', '4', '1']	minor	name keys only on columns holding organizations or people, graded PROBABILISTIC
HOUSING.HOUSING__FED_CFPB_HMDA_HISTORIC	CO_APPLICANT_ETHNICITY_NAME	C2 name tag holds something else	things, not names; org words 50.0%, people 0.0%; e.g. ['No co-applicant', 'Not applicable', 'Hispanic or Latino']	minor	name keys only on columns holding organizations or people, graded PROBABILISTIC
HOUSING.HOUSING__FED_CFPB_HMDA_HISTORIC	CO_APPLICANT_ETHNICITY	C2 name tag holds something else	numbers; org words 0.0%, people 0.0%; e.g. ['5', '4', '1']	minor	name keys only on columns holding organizations or people, graded PROBABILISTIC
HOUSING.HOUSING__FED_CFPB_HMDA_HISTORIC	APPLICANT_RACE_NAME_1	C2 name tag holds something else	things, not names; org words 0.0%, people 0.0%; e.g. ['White', 'Not applicable', 'Asian']	minor	name keys only on columns holding organizations or people, graded PROBABILISTIC
HOUSING.HOUSING__FED_CFPB_HMDA_HISTORIC	APPLICANT_RACE_1	C2 name tag holds something else	numbers; org words 0.0%, people 0.0%; e.g. ['5', '7', '2']	minor	name keys only on columns holding organizations or people, graded PROBABILISTIC
HOUSING.HOUSING__FED_CFPB_HMDA_HISTORIC	APPLICANT_RACE_NAME_2	C2 name tag holds something else	things, not names; org words 0.0%, people 0.0%; e.g. ['White', 'American Indian or Alaska Native', 'Black or African American']	minor	name keys only on columns holding organizations or people, graded PROBABILISTIC
HOUSING.HOUSING__FED_CFPB_HMDA_HISTORIC	APPLICANT_RACE_2	C2 name tag holds something else	numbers; org words 0.0%, people 0.0%; e.g. ['5', '1', '3']	minor	name keys only on columns holding organizations or people, graded PROBABILISTIC
HOUSING.HOUSING__FED_CFPB_HMDA_HISTORIC	APPLICANT_RACE_NAME_3	C2 name tag holds something else	things, not names; org words 0.0%, people 0.0%; e.g. ['White']	minor	name keys only on columns holding organizations or people, graded PROBABILISTIC
HOUSING.HOUSING__FED_CFPB_HMDA_HISTORIC	APPLICANT_RACE_3	C2 name tag holds something else	numbers; org words 0.0%, people 0.0%; e.g. ['5']	minor	name keys only on columns holding organizations or people, graded PROBABILISTIC
HOUSING.HOUSING__FED_CFPB_HMDA_HISTORIC	CO_APPLICANT_RACE_NAME_1	C2 name tag holds something else	things, not names; org words 50.0%, people 0.0%; e.g. ['No co-applicant', 'Not applicable', 'White']	minor	name keys only on columns holding organizations or people, graded PROBABILISTIC
HOUSING.HOUSING__FED_CFPB_HMDA_HISTORIC	CO_APPLICANT_RACE_1	C2 name tag holds something else	numbers; org words 0.0%, people 0.0%; e.g. ['8', '7', '5']	minor	name keys only on columns holding organizations or people, graded PROBABILISTIC
HOUSING.HOUSING__FED_CFPB_HMDA_HISTORIC	CO_APPLICANT_RACE_NAME_2	C2 name tag holds something else	things, not names; org words 0.0%, people 0.0%; e.g. ['Black or African American', 'White']	minor	name keys only on columns holding organizations or people, graded PROBABILISTIC
HOUSING.HOUSING__FED_CFPB_HMDA_HISTORIC	CO_APPLICANT_RACE_2	C2 name tag holds something else	numbers; org words 0.0%, people 0.0%; e.g. ['3', '5']	minor	name keys only on columns holding organizations or people, graded PROBABILISTIC
HOUSING.HOUSING__FED_CFPB_HMDA_HISTORIC	APPLICANT_SEX_NAME	C2 name tag holds something else	things, not names; org words 0.0%, people 0.0%; e.g. ['Male', 'Not applicable', 'Female']	minor	name keys only on columns holding organizations or people, graded PROBABILISTIC
HOUSING.HOUSING__FED_CFPB_HMDA_HISTORIC	APPLICANT_SEX	C2 name tag holds something else	numbers; org words 0.0%, people 0.0%; e.g. ['1', '4', '2']	minor	name keys only on columns holding organizations or people, graded PROBABILISTIC
HOUSING.HOUSING__FED_CFPB_HMDA_HISTORIC	CO_APPLICANT_SEX_NAME	C2 name tag holds something else	things, not names; org words 50.0%, people 0.0%; e.g. ['No co-applicant', 'Not applicable', 'Female']	minor	name keys only on columns holding organizations or people, graded PROBABILISTIC
HOUSING.HOUSING__FED_CFPB_HMDA_HISTORIC	CO_APPLICANT_SEX	C2 name tag holds something else	numbers; org words 0.0%, people 0.0%; e.g. ['5', '4', '2']	minor	name keys only on columns holding organizations or people, graded PROBABILISTIC
HOUSING.HOUSING__FED_CFPB_HMDA_HISTORIC	APPLICANT_INCOME_000S	C2 name tag holds something else	numbers; org words 0.0%, people 0.0%; e.g. ['30', '101', '34']	minor	name keys only on columns holding organizations or people, graded PROBABILISTIC
HOUSING.HOUSING__FED_CFPB_HMDA_HISTORIC	PURCHASER_TYPE_NAME	C2 name tag holds something else	things, not names; org words 11.8%, people 0.0%; e.g. ['Commercial bank, savings bank or savings association', 'Freddie Mac (FHLMC)', 'Loan was not originated or was not sold in calendar year covered by register']	minor	name keys only on columns holding organizations or people, graded PROBABILISTIC
HOUSING.HOUSING__FED_CFPB_HMDA_LAR	APPLICANT_ETHNICITY_1	C2 name tag holds something else	numbers; org words 0.0%, people 0.0%; e.g. ['2', '4', '3']	minor	name keys only on columns holding organizations or people, graded PROBABILISTIC
HOUSING.HOUSING__FED_CFPB_HMDA_LAR	APPLICANT_ETHNICITY_2	C2 name tag holds something else	numbers; org words 0.0%, people 0.0%; e.g. ['11', '14', '13']	minor	name keys only on columns holding organizations or people, graded PROBABILISTIC
HOUSING.HOUSING__FED_CFPB_HMDA_LAR	APPLICANT_ETHNICITY_3	C2 name tag holds something else	numbers; org words 0.0%, people 0.0%; e.g. ['14', '13']	minor	name keys only on columns holding organizations or people, graded PROBABILISTIC
HOUSING.HOUSING__FED_CFPB_HMDA_LAR	CO_APPLICANT_ETHNICITY_1	C2 name tag holds something else	numbers; org words 0.0%, people 0.0%; e.g. ['5', '2', '3']	minor	name keys only on columns holding organizations or people, graded PROBABILISTIC
HOUSING.HOUSING__FED_CFPB_HMDA_LAR	CO_APPLICANT_ETHNICITY_2	C2 name tag holds something else	numbers; org words 0.0%, people 0.0%; e.g. ['11', '14', '13']	minor	name keys only on columns holding organizations or people, graded PROBABILISTIC
HOUSING.HOUSING__FED_CFPB_HMDA_LAR	APPLICANT_ETHNICITY_OBSERVED	C2 name tag holds something else	numbers; org words 0.0%, people 0.0%; e.g. ['2', '3', '1']	minor	name keys only on columns holding organizations or people, graded PROBABILISTIC
HOUSING.HOUSING__FED_CFPB_HMDA_LAR	CO_APPLICANT_ETHNICITY_OBSERVED	C2 name tag holds something else	numbers; org words 0.0%, people 0.0%; e.g. ['4', '2', '3']	minor	name keys only on columns holding organizations or people, graded PROBABILISTIC
HOUSING.HOUSING__FED_CFPB_HMDA_LAR	APPLICANT_RACE_1	C2 name tag holds something else	numbers; org words 0.0%, people 0.0%; e.g. ['3', '7', '6']	minor	name keys only on columns holding organizations or people, graded PROBABILISTIC
HOUSING.HOUSING__FED_CFPB_HMDA_LAR	APPLICANT_RACE_2	C2 name tag holds something else	numbers; org words 0.0%, people 0.0%; e.g. ['5', '3', '21']	minor	name keys only on columns holding organizations or people, graded PROBABILISTIC
HOUSING.HOUSING__FED_CFPB_HMDA_LAR	APPLICANT_RACE_3	C2 name tag holds something else	numbers; org words 0.0%, people 0.0%; e.g. ['26', '22', '3']	minor	name keys only on columns holding organizations or people, graded PROBABILISTIC
HOUSING.HOUSING__FED_CFPB_HMDA_LAR	APPLICANT_RACE_4	C2 name tag holds something else	numbers; org words 0.0%, people 0.0%; e.g. ['44']	minor	name keys only on columns holding organizations or people, graded PROBABILISTIC
HOUSING.HOUSING__FED_CFPB_HMDA_LAR	CO_APPLICANT_RACE_1	C2 name tag holds something else	numbers; org words 0.0%, people 0.0%; e.g. ['8', '3', '6']	minor	name keys only on columns holding organizations or people, graded PROBABILISTIC
HOUSING.HOUSING__FED_CFPB_HMDA_LAR	CO_APPLICANT_RACE_2	C2 name tag holds something else	numbers; org words 0.0%, people 0.0%; e.g. ['22', '44', '25']	minor	name keys only on columns holding organizations or people, graded PROBABILISTIC
HOUSING.HOUSING__FED_CFPB_HMDA_LAR	CO_APPLICANT_RACE_3	C2 name tag holds something else	numbers; org words 0.0%, people 0.0%; e.g. ['5', '22']	minor	name keys only on columns holding organizations or people, graded PROBABILISTIC
HOUSING.HOUSING__FED_CFPB_HMDA_LAR	APPLICANT_RACE_OBSERVED	C2 name tag holds something else	numbers; org words 0.0%, people 0.0%; e.g. ['2', '3', '1']	minor	name keys only on columns holding organizations or people, graded PROBABILISTIC
HOUSING.HOUSING__FED_CFPB_HMDA_LAR	CO_APPLICANT_RACE_OBSERVED	C2 name tag holds something else	numbers; org words 0.0%, people 0.0%; e.g. ['4', '2', '3']	minor	name keys only on columns holding organizations or people, graded PROBABILISTIC
HOUSING.HOUSING__FED_CFPB_HMDA_LAR	APPLICANT_SEX	C2 name tag holds something else	numbers; org words 0.0%, people 0.0%; e.g. ['1', '4', '2']	minor	name keys only on columns holding organizations or people, graded PROBABILISTIC
HOUSING.HOUSING__FED_CFPB_HMDA_LAR	CO_APPLICANT_SEX	C2 name tag holds something else	numbers; org words 0.0%, people 0.0%; e.g. ['5', '1', '3']	minor	name keys only on columns holding organizations or people, graded PROBABILISTIC
HOUSING.HOUSING__FED_CFPB_HMDA_LAR	APPLICANT_SEX_OBSERVED	C2 name tag holds something else	numbers; org words 0.0%, people 0.0%; e.g. ['2', '3', '1']	minor	name keys only on columns holding organizations or people, graded PROBABILISTIC
HOUSING.HOUSING__FED_CFPB_HMDA_LAR	CO_APPLICANT_SEX_OBSERVED	C2 name tag holds something else	numbers; org words 0.0%, people 0.0%; e.g. ['4', '2', '3']	minor	name keys only on columns holding organizations or people, graded PROBABILISTIC
HOUSING.HOUSING__FED_CFPB_HMDA_LAR	APPLICANT_AGE	C2 name tag holds something else	numbers; org words 0.0%, people 0.0%; e.g. ['65-74', '8888', '55-64']	minor	name keys only on columns holding organizations or people, graded PROBABILISTIC
HOUSING.HOUSING__FED_CFPB_HMDA_LAR	CO_APPLICANT_AGE	C2 name tag holds something else	numbers; org words 0.0%, people 0.0%; e.g. ['9999', '65-74', '55-64']	minor	name keys only on columns holding organizations or people, graded PROBABILISTIC
HOUSING.HOUSING__FED_CFPB_HMDA_LAR	APPLICANT_AGE_ABOVE_62	C2 name tag holds something else	single words or codes; org words 0.0%, people 0.0%; e.g. ['Yes', 'No']	minor	name keys only on columns holding organizations or people, graded PROBABILISTIC
HOUSING.HOUSING__FED_CFPB_HMDA_LAR	CO_APPLICANT_AGE_ABOVE_62	C2 name tag holds something else	single words or codes; org words 0.0%, people 0.0%; e.g. ['Yes', 'No']	minor	name keys only on columns holding organizations or people, graded PROBABILISTIC
HOUSING.HOUSING__FED_FEMA_IA_HOUSING_REGISTRATIONS	APPLICANT_AGE	C2 name tag holds something else	numbers; org words 0.0%, people 0.0%; e.g. ['50-64', '35-49', '19-34']	minor	name keys only on columns holding organizations or people, graded PROBABILISTIC
HOUSING.HOUSING__FED_FHFA_HPI	PLACE_NAME	C2 name tag holds something else	places; org words 0.0%, people 0.0%; e.g. ['East North Central Division', 'East South Central Division', 'Middle Atlantic Division']	minor	name keys only on columns holding organizations or people, graded PROBABILISTIC
HOUSING.HOUSING__FED_FHFA_SUSPENDED_COUNTERPARTY	STATE	C2 tag fails its format	STATE: 0.0% of 241 sampled values fit; e.g. ['Florida', 'Oregon', 'North Carolina']	moderate	fix the rule in connect/keys.py or portal_recon/tag_portal_index.py, then re-tag
HOUSING.HOUSING__FED_FHFA_SUSPENDED_COUNTERPARTY	STATE	C2 catalog regex tag wrong	STATE: 0.0% fit; e.g. ['Florida', 'Oregon', 'North Carolina']	moderate	retire the regex catalog; tag with the platform tagger
HOUSING.HOUSING__FED_HUD_DATA	FIPS	C2 tag fails its format	FIPS: 0 of 71 sampled rows filled	moderate	fix the rule in connect/keys.py or portal_recon/tag_portal_index.py, then re-tag
HOUSING.HOUSING__FED_HUD_DATA	ZIP	C2 tag fails its format	ZIP: 0 of 71 sampled rows filled	moderate	fix the rule in connect/keys.py or portal_recon/tag_portal_index.py, then re-tag
HOUSING.HOUSING__FED_HUD_DATA	EIN	C2 tag fails its format	EIN: 0 of 71 sampled rows filled	severe	fix the rule in connect/keys.py or portal_recon/tag_portal_index.py, then re-tag
HOUSING.HOUSING__FED_HUD_MF_FIRM_COMMITMENTS	FACILITY_TYPE	C2 name tag holds something else	things, not names; org words 0.0%, people 0.0%; e.g. ['Apartment', 'Coop', 'Single-Room Occupancy']	minor	name keys only on columns holding organizations or people, graded PROBABILISTIC
HOUSING.HOUSING__FED_HUD_MF_SECTION8_CONTRACTS	TRACS_STATUS_NAME	C2 name tag holds something else	single words or codes; org words 0.0%, people 0.0%; e.g. ['Active', 'Expired', 'Terminated']	minor	name keys only on columns holding organizations or people, graded PROBABILISTIC
HOUSING.HOUSING__FED_HUD_MF_SECTION8_CONTRACTS	PROGRAM_TYPE_NAME	C2 name tag holds something else	things, not names; org words 0.7%, people 0.0%; e.g. ['RAD PH Conv', '202/8 SR', 'LMSA']	minor	name keys only on columns holding organizations or people, graded PROBABILISTIC
HOUSING.HOUSING__FED_HUD_MF_SECTION8_CONTRACTS	PROGRAM_TYPE_GROUP_NAME	C2 name tag holds something else	things, not names; org words 15.2%, people 0.0%; e.g. ['S8 RAD PH Conv', 'Sec. 202', 'S8 Loan Mgmt']	minor	name keys only on columns holding organizations or people, graded PROBABILISTIC
HOUSING.HOUSING__FED_HUD_PUBLIC_HOUSING_AUTHORITIES	STATE_FIPS	C2 catalog regex tag wrong	COUNTY_FIPS: 0.0% fit; e.g. ['02', '01', '05']	moderate	retire the regex catalog; tag with the platform tagger
HOUSING.HOUSING__FED_HUD_PUBLIC_HOUSING_AUTHORITIES	COUNTY_NAME	C2 name tag holds something else	places; org words 0.5%, people 0.0%; e.g. ['Anchorage', 'Jefferson', 'Mobile']	minor	name keys only on columns holding organizations or people, graded PROBABILISTIC
HOUSING.HOUSING__FED_HUD_PUBLIC_HOUSING_AUTHORITIES	COUNTY_FIPS	C2 tag fails its format	FIPS: 0.0% of 2000 sampled values fit; e.g. ['020', '073', '097']	moderate	fix the rule in connect/keys.py or portal_recon/tag_portal_index.py, then re-tag
HOUSING.HOUSING__FED_HUD_PUBLIC_HOUSING_AUTHORITIES	COUNTY_FIPS	C2 catalog regex tag wrong	COUNTY_FIPS: 0.0% fit; e.g. ['020', '073', '097']	moderate	retire the regex catalog; tag with the platform tagger
HOUSING.HOUSING__FED_HUD_PUBLIC_HOUSING_AUTHORITIES	CURRENT_COUNTY_NAME	C2 name tag holds something else	places; org words 0.5%, people 0.0%; e.g. ['Anchorage', 'Jefferson', 'Mobile']	minor	name keys only on columns holding organizations or people, graded PROBABILISTIC
HOUSING.HOUSING__FED_HUD_PUBLIC_HOUSING_AUTHORITIES	CURRENT_COUNTY_FIPS	C2 tag fails its format	FIPS: 0.0% of 2000 sampled values fit; e.g. ['020', '073', '097']	moderate	fix the rule in connect/keys.py or portal_recon/tag_portal_index.py, then re-tag
HOUSING.HOUSING__FED_HUD_PUBLIC_HOUSING_AUTHORITIES	CURRENT_COUNTY_FIPS	C2 catalog regex tag wrong	COUNTY_FIPS: 0.0% fit; e.g. ['020', '073', '097']	moderate	retire the regex catalog; tag with the platform tagger
HOUSING.HOUSING__FED_HUD_PUBLIC_HOUSING_AUTHORITIES	CURRENT_COUNTY_SUBDIVISION_NAME	C2 name tag holds something else	places; org words 14.1%, people 0.0%; e.g. ['Anchorage', 'Birmingham', 'Mobile']	minor	name keys only on columns holding organizations or people, graded PROBABILISTIC
HOUSING.HOUSING__FED_HUD_PUBLIC_HOUSING_AUTHORITIES	PLACE_NAME	C2 name tag holds something else	places; org words 83.3%, people 0.0%; e.g. ['Anchorage municipality', 'Birmingham city (part)', 'Mobile city (part)']	minor	name keys only on columns holding organizations or people, graded PROBABILISTIC
HOUSING.HOUSING__FED_HUD_PUBLIC_HOUSING_AUTHORITIES	MSA_NAME	C2 name tag holds something else	places; org words 8.7%, people 0.0%; e.g. ['Anchorage, AK MSA', 'Birmingham, AL MSA', 'Mobile, AL MSA']	minor	name keys only on columns holding organizations or people, graded PROBABILISTIC
HOUSING.HOUSING__FED_HUD_PUBLIC_HOUSING_AUTHORITIES	CBSA_NAME	C2 name tag holds something else	places; org words 8.5%, people 0.0%; e.g. ['Anchorage, AK Metropolitan Statistical Area', 'Birmingham, AL Metropolitan Statistical Area', 'Mobile, AL Metropolitan Statistical Area']	minor	name keys only on columns holding organizations or people, graded PROBABILISTIC
HOUSING.HOUSING__FED_HUD_PUBLIC_HOUSING_AUTHORITIES	NECTA_NAME	C2 name tag holds something else	places; org words 0.0%, people 0.0%; e.g. ['Bridgeport-Stamford-Norwalk, CT Metropolitan NECTA', 'Hartford-East Hartford-Middletown, CT Metropolitan NECTA', 'New Haven, CT Metropolitan NECTA']	minor	name keys only on columns holding organizations or people, graded PROBABILISTIC
HOUSING.HOUSING__FED_HUD_PUBLIC_HOUSING_AUTHORITIES	ZIP_CLASS	C2 tag fails its format	ZIP: 0.0% of 15 sampled values fit; e.g. ['P']	moderate	fix the rule in connect/keys.py or portal_recon/tag_portal_index.py, then re-tag
HOUSING.HOUSING__FED_HUD_PUBLIC_HOUSING_AUTHORITIES	ZIP_CLASS	C2 catalog regex tag wrong	ZIP: 0.0% fit; e.g. ['P']	moderate	retire the regex catalog; tag with the platform tagger
HOUSING.HOUSING__FED_MAPPING_INEQUALITY	FIPS	C2 tag fails its format	FIPS: 0 of 2000 sampled rows filled	moderate	fix the rule in connect/keys.py or portal_recon/tag_portal_index.py, then re-tag
HOUSING.HOUSING__FED_USDA_RD_MFH_ACTIVE_PROJECTS	BORROWER_ID	C2 name tag holds something else	numbers; org words 0.0%, people 0.0%; e.g. ['000123850', '000325444', '000346622']	minor	name keys only on columns holding organizations or people, graded PROBABILISTIC
IMMIGRATION.IMMIGRATION__FED_DHS_OHSS	SOURCE_FILE_NAME	C2 name tag holds something else	things, not names; org words 0.0%, people 0.0%; e.g. ['24-0405_ohss_immigration-enforcement-and-legal-processes-tables-december-2023.xlsx', '24-0308_ohss_immigration-enforcement-and-legal-processes-tables-november-2023_2.xlsx']	minor	name keys only on columns holding organizations or people, graded PROBABILISTIC
IMMIGRATION.IMMIGRATION__FED_DHS_YEARBOOK	COUNTRY_OF_BIRTH	C2 tag fails its format	COUNTRY: 0 of 27 sampled rows filled	moderate	fix the rule in connect/keys.py or portal_recon/tag_portal_index.py, then re-tag
IMMIGRATION.IMMIGRATION__FED_DHS_YEARBOOK	COUNTRY_OF_LAST_RESIDENCE	C2 tag fails its format	COUNTRY: 0 of 27 sampled rows filled	moderate	fix the rule in connect/keys.py or portal_recon/tag_portal_index.py, then re-tag
IMMIGRATION.IMMIGRATION__FED_DHS_YEARBOOK	STATE	C2 tag fails its format	STATE: 0 of 27 sampled rows filled	moderate	fix the rule in connect/keys.py or portal_recon/tag_portal_index.py, then re-tag
IMMIGRATION.IMMIGRATION__FED_DOL_OFLC	CHANGE_EMPLOYER	C2 name tag holds something else	numbers; org words 0.0%, people 0.0%; e.g. ['0', '1', '2']	minor	name keys only on columns holding organizations or people, graded PROBABILISTIC
IMMIGRATION.IMMIGRATION__FED_DOL_OFLC	EMPLOYER_CITY	C2 name tag holds something else	places; org words 2.2%, people 0.0%; e.g. ['SYOSSET', 'IRVINE', 'SANTA CLARA']	minor	name keys only on columns holding organizations or people, graded PROBABILISTIC
IMMIGRATION.IMMIGRATION__FED_DOL_OFLC	EMPLOYER_STATE	C2 name tag holds something else	places; org words 5.3%, people 0.0%; e.g. ['NY', 'CA', 'MA']	minor	name keys only on columns holding organizations or people, graded PROBABILISTIC
IMMIGRATION.IMMIGRATION__FED_DOL_OFLC	EMPLOYER_POSTAL_CODE	C2 name tag holds something else	numbers; org words 0.0%, people 0.0%; e.g. ['11791', '92618', '95054']	minor	name keys only on columns holding organizations or people, graded PROBABILISTIC
IMMIGRATION.IMMIGRATION__FED_DOL_OFLC	EMPLOYER_PROVINCE	C2 name tag holds something else	single words or codes; org words 0.0%, people 0.0%; e.g. ['NY', 'MONTGOMERY', 'TEXAS']	minor	name keys only on columns holding organizations or people, graded PROBABILISTIC
IMMIGRATION.IMMIGRATION__FED_DOL_OFLC	EMPLOYER_PHONE	C2 name tag holds something else	numbers; org words 0.0%, people 0.0%; e.g. ['6177498009', '9499551380', '6262387993']	minor	name keys only on columns holding organizations or people, graded PROBABILISTIC
IMMIGRATION.IMMIGRATION__FED_DOL_OFLC	AGENT_REPRESENTING_EMPLOYER	C2 name tag holds something else	single words or codes; org words 0.0%, people 0.0%; e.g. ['Y', 'N']	minor	name keys only on columns holding organizations or people, graded PROBABILISTIC
IMMIGRATION.IMMIGRATION__FED_DOL_OFLC	STATE_OF_HIGHEST_COURT	C2 tag fails its format	STATE: 0.0% of 1599 sampled values fit; e.g. ['STATE SUPREME COURT', 'CALIFORNIA SUPREME COURT', 'NEW YORK SUPREME COURT']	moderate	fix the rule in connect/keys.py or portal_recon/tag_portal_index.py, then re-tag
IMMIGRATION.IMMIGRATION__FED_DOL_OFLC	NAME_OF_HIGHEST_STATE_COURT	C2 name tag holds something else	places; org words 2.8%, people 0.0%; e.g. ['CALIFORNIA', 'NEW YORK', 'MARYLAND']	minor	name keys only on columns holding organizations or people, graded PROBABILISTIC
IMMIGRATION.IMMIGRATION__FED_DOL_OFLC	WORKSITE_STATE_1	C2 tag fails its format	STATE: 12.1% of 2000 sampled values fit; e.g. ['NEW YORK', 'CALIFORNIA', 'MASSACHUSETTS']	moderate	fix the rule in connect/keys.py or portal_recon/tag_portal_index.py, then re-tag
IMMIGRATION.IMMIGRATION__FED_DOL_OFLC	WORKSITE_STATE_2	C2 tag fails its format	STATE: 9.2% of 675 sampled values fit; e.g. ['NEW YORK', 'VIRGINIA', 'CALIFORNIA']	moderate	fix the rule in connect/keys.py or portal_recon/tag_portal_index.py, then re-tag
IMMIGRATION.IMMIGRATION__FED_DOL_OFLC	WORKSITE_STATE_3	C2 tag fails its format	STATE: 9.1% of 364 sampled values fit; e.g. ['CALIFORNIA', 'VIRGINIA', 'CT']	moderate	fix the rule in connect/keys.py or portal_recon/tag_portal_index.py, then re-tag
IMMIGRATION.IMMIGRATION__FED_DOL_OFLC	WORKSITE_STATE_4	C2 tag fails its format	STATE: 0.0% of 179 sampled values fit; e.g. ['MASSACHUSETTS', 'OHIO', 'NORTH CAROLINA']	moderate	fix the rule in connect/keys.py or portal_recon/tag_portal_index.py, then re-tag
IMMIGRATION.IMMIGRATION__FED_DOL_OFLC	WORKSITE_STATE_5	C2 tag fails its format	STATE: 0.0% of 109 sampled values fit; e.g. ['OHIO', 'NORTH CAROLINA', 'MICHIGAN']	moderate	fix the rule in connect/keys.py or portal_recon/tag_portal_index.py, then re-tag
IMMIGRATION.IMMIGRATION__FED_DOL_OFLC	WORKSITE_STATE_6	C2 tag fails its format	STATE: 0.0% of 66 sampled values fit; e.g. ['NORTH CAROLINA', 'MICHIGAN', 'NEW YORK']	moderate	fix the rule in connect/keys.py or portal_recon/tag_portal_index.py, then re-tag
IMMIGRATION.IMMIGRATION__FED_DOL_OFLC	WORKSITE_STATE_7	C2 tag fails its format	STATE: 0.0% of 42 sampled values fit; e.g. ['NORTH CAROLINA', 'MICHIGAN', 'NEW YORK']	moderate	fix the rule in connect/keys.py or portal_recon/tag_portal_index.py, then re-tag
IMMIGRATION.IMMIGRATION__FED_DOL_OFLC	WORKSITE_STATE_8	C2 tag fails its format	STATE: 0.0% of 30 sampled values fit; e.g. ['NORTH CAROLINA', 'MICHIGAN', 'CONNECTICUT']	moderate	fix the rule in connect/keys.py or portal_recon/tag_portal_index.py, then re-tag
IMMIGRATION.IMMIGRATION__FED_DOL_OFLC	WORKSITE_STATE_9	C2 tag fails its format	STATE: 0.0% of 21 sampled values fit; e.g. ['NORTH CAROLINA', 'MICHIGAN', 'CONNECTICUT']	moderate	fix the rule in connect/keys.py or portal_recon/tag_portal_index.py, then re-tag
IMMIGRATION.IMMIGRATION__FED_DOL_OFLC	WORKSITE_STATE_10	C2 tag fails its format	STATE: 0.0% of 15 sampled values fit; e.g. ['MICHIGAN', 'CONNECTICUT', 'MARYLAND']	moderate	fix the rule in connect/keys.py or portal_recon/tag_portal_index.py, then re-tag
IMMIGRATION.IMMIGRATION__FED_DOL_OFLC	PW_SURVEY_NAME_10	C2 name tag holds something else	single words or codes; org words 0.0%, people 0.0%; e.g. ['AAMC']	minor	name keys only on columns holding organizations or people, graded PROBABILISTIC
IMMIGRATION.IMMIGRATION__FED_EOIR_CASES	CORRECTIONAL_FACILITY_CODE	C2 name tag holds something else	single words or codes; org words 0.0%, people 0.0%; e.g. ['S', 'D', 'M']	minor	name keys only on columns holding organizations or people, graded PROBABILISTIC
IMMIGRATION.IMMIGRATION__FED_EOIR_CASES	DETENTION_LOCATION_ADDRESS	C2 tag fails its format	ADDRESS: 0 of 2000 sampled rows filled	moderate	fix the rule in connect/keys.py or portal_recon/tag_portal_index.py, then re-tag
IMMIGRATION.IMMIGRATION__FED_ICE_DETAINERS	DETENTION_FACILITY_CODE	C2 name tag holds something else	single words or codes; org words 0.0%, people 0.0%; e.g. ['GRAYSTX', 'EMERYUT', 'SUTTOTX']	minor	name keys only on columns holding organizations or people, graded PROBABILISTIC
IMMIGRATION.IMMIGRATION__FED_ICE_DETAINERS	FACILITY_CITY	C2 name tag holds something else	single words or codes; org words 3.3%, people 0.0%; e.g. ['SHERMAN', 'CASTLE DALE', 'SONORA']	minor	name keys only on columns holding organizations or people, graded PROBABILISTIC
IMMIGRATION.IMMIGRATION__FED_ICE_DETAINERS	FACILITY_STATE	C2 tag fails its format	STATE: 0.0% of 1999 sampled values fit; e.g. ['TEXAS', 'UTAH', 'ARKANSAS']	moderate	fix the rule in connect/keys.py or portal_recon/tag_portal_index.py, then re-tag
IMMIGRATION.IMMIGRATION__FED_ICE_DETAINERS	FACILITY_STATE	C2 catalog regex tag wrong	STATE: 0.0% fit; e.g. ['TEXAS', 'UTAH', 'ARKANSAS']	moderate	retire the regex catalog; tag with the platform tagger
IMMIGRATION.IMMIGRATION__FED_ICE_DETENTION_FACILITY_CODES	DETENTION_FACILITY_CODE	C2 name tag holds something else	single words or codes; org words 0.0%, people 0.0%; e.g. ['AAORDMD', 'ABIRJVA', 'ABQHOLD']	minor	name keys only on columns holding organizations or people, graded PROBABILISTIC
IMMIGRATION.IMMIGRATION__FED_ICE_DETENTION_FACILITY_LIST	FACILITY_TYPE_DETAILED	C2 name tag holds something else	things, not names; org words 3.1%, people 0.0%; e.g. ['Inter-Governmental Service Agreement', 'U.S. Marshals Service Inter-Governmental Agreement', 'Dedicated Inter-Governmental Service Agreement']	minor	name keys only on columns holding organizations or people, graded PROBABILISTIC
IMMIGRATION.IMMIGRATION__FED_ICE_DETENTION_STINTS	DETENTION_FACILITY_CODE	C2 name tag holds something else	single words or codes; org words 0.0%, people 0.0%; e.g. ['POOHOLD', 'KRO', 'GREENMO']	minor	name keys only on columns holding organizations or people, graded PROBABILISTIC
IMMIGRATION.IMMIGRATION__FED_USCIS_DATA	COUNTRY	C2 tag fails its format	COUNTRY: 0 of 177 sampled rows filled	moderate	fix the rule in connect/keys.py or portal_recon/tag_portal_index.py, then re-tag
JUSTICE.JUSTICE__COUNTY_DOUBLE_BURDEN	STATE_NAME	C2 name tag holds something else	places; org words 0.1%, people 0.0%; e.g. ['Virginia', 'Oklahoma', 'Georgia']	minor	name keys only on columns holding organizations or people, graded PROBABILISTIC
JUSTICE.JUSTICE__COUNTY_DOUBLE_BURDEN	COUNTY_NAME	C2 name tag holds something else	places; org words 99.2%, people 0.0%; e.g. ['Bristol city, VA', 'Canadian County, OK', 'Tulsa County, OK']	minor	name keys only on columns holding organizations or people, graded PROBABILISTIC
JUSTICE.JUSTICE__FED_ATF_FFL	PREMISE_ZIP_CODE	C2 tag fails its format	ZIP: 0.0% of 2000 sampled values fit; e.g. ['602', '603', '612']	moderate	fix the rule in connect/keys.py or portal_recon/tag_portal_index.py, then re-tag
JUSTICE.JUSTICE__FED_ATF_FFL	PREMISE_ZIP_CODE	C2 catalog regex tag wrong	ZIP: 0.0% fit; e.g. ['602', '603', '612']	moderate	retire the regex catalog; tag with the platform tagger
JUSTICE.JUSTICE__FED_ATF_FFL	MAIL_ZIP_CODE	C2 tag fails its format	ZIP: 3.0% of 2000 sampled values fit; e.g. ['602', '685', '612']	moderate	fix the rule in connect/keys.py or portal_recon/tag_portal_index.py, then re-tag
JUSTICE.JUSTICE__FED_ATF_FFL	MAIL_ZIP_CODE	C2 catalog regex tag wrong	ZIP: 3.0% fit; e.g. ['602', '685', '612']	moderate	retire the regex catalog; tag with the platform tagger
JUSTICE.JUSTICE__FED_BOP_STATISTICS	METRIC_NAME	C2 name tag holds something else	numbers; org words 0.0%, people 0.0%; e.g. ['0', '2', '1']	minor	name keys only on columns holding organizations or people, graded PROBABILISTIC
JUSTICE.JUSTICE__FED_BOP_STATISTICS	STATE_FIPS	C2 tag fails its format	FIPS: 0 of 50 sampled rows filled	moderate	fix the rule in connect/keys.py or portal_recon/tag_portal_index.py, then re-tag
JUSTICE.JUSTICE__FED_CISA_KEV	VENDOR_PROJECT	C2 name tag holds something else	single words or codes; org words 0.5%, people 0.0%; e.g. ['Microsoft', 'JetBrains', 'Atlassian']	minor	name keys only on columns holding organizations or people, graded PROBABILISTIC
JUSTICE.JUSTICE__FED_COURTLISTENER_COURTHOUSES	ZIP_CODE	C2 tag fails its format	ZIP: 0 of 2000 sampled rows filled	moderate	fix the rule in connect/keys.py or portal_recon/tag_portal_index.py, then re-tag
JUSTICE.JUSTICE__FED_COURTLISTENER_DOCKETS	PARENT_DOCKET_ID	C2 tag fails its format	DOCKET: 0 of 2000 sampled rows filled	moderate	fix the rule in connect/keys.py or portal_recon/tag_portal_index.py, then re-tag
JUSTICE.JUSTICE__FED_COURTLISTENER_JUDGES	NAME_SUFFIX	C2 name tag holds something else	things, not names; org words 0.0%, people 0.0%; e.g. ['jr', '3', 'sr']	minor	name keys only on columns holding organizations or people, graded PROBABILISTIC
JUSTICE.JUSTICE__FED_COURTLISTENER_OPINION_CLUSTERS	CASE_NAME_SHORT	C2 name tag holds something else	single words or codes; org words 0.4%, people 0.0%; e.g. ['King', 'Barker', 'Carter']	minor	name keys only on columns holding organizations or people, graded PROBABILISTIC
JUSTICE.JUSTICE__FED_COURTLISTENER_ORAL_ARGUMENTS	CASE_NAME_SHORT	C2 name tag holds something else	single words or codes; org words 1.6%, people 0.0%; e.g. ['Ayala', 'Chong', 'In re: Creadell Hubbard']	minor	name keys only on columns holding organizations or people, graded PROBABILISTIC
JUSTICE.JUSTICE__FED_FBI_NICS_CHECKS	STATE	C2 tag fails its format	STATE: 0.0% of 2000 sampled values fit; e.g. ['Alabama', 'Alaska', 'Arizona']	moderate	fix the rule in connect/keys.py or portal_recon/tag_portal_index.py, then re-tag
JUSTICE.JUSTICE__FED_FBI_NICS_CHECKS	STATE	C2 catalog regex tag wrong	STATE: 0.0% fit; e.g. ['Alabama', 'Alaska', 'Arizona']	moderate	retire the regex catalog; tag with the platform tagger
JUSTICE.JUSTICE__FED_FHFA_SUSPENDED_COUNTERPARTIES	STATE	C2 tag fails its format	STATE: 0.0% of 241 sampled values fit; e.g. ['Texas', 'California', 'Kentucky']	moderate	fix the rule in connect/keys.py or portal_recon/tag_portal_index.py, then re-tag
JUSTICE.JUSTICE__FED_FHFA_SUSPENDED_COUNTERPARTIES	STATE	C2 catalog regex tag wrong	STATE: 0.0% fit; e.g. ['Texas', 'California', 'Kentucky']	moderate	retire the regex catalog; tag with the platform tagger
JUSTICE.JUSTICE__FED_FTC_DATASETS	EIN	C2 tag fails its format	EIN: 0 of 1004 sampled rows filled	severe	fix the rule in connect/keys.py or portal_recon/tag_portal_index.py, then re-tag
JUSTICE.JUSTICE__FED_SCDB	JUSTICE_NAME	C2 name tag holds something else	single words or codes; org words 0.0%, people 0.0%; e.g. ['WJBrennan', 'WODouglas', 'LFPowell']	minor	name keys only on columns holding organizations or people, graded PROBABILISTIC
JUSTICE.JUSTICE__FED_SCDB	PETITIONER_STATE_CODE	C2 tag fails its format	STATE: 0.0% of 405 sampled values fit; e.g. ['53', '51', '25']	moderate	fix the rule in connect/keys.py or portal_recon/tag_portal_index.py, then re-tag
JUSTICE.JUSTICE__FED_SCDB	PETITIONER_STATE_CODE	C2 catalog regex tag wrong	STATE: 0.0% fit; e.g. ['53', '51', '25']	moderate	retire the regex catalog; tag with the platform tagger
JUSTICE.JUSTICE__FED_SCDB	RESPONDENT_STATE_CODE	C2 tag fails its format	STATE: 0.0% of 573 sampled values fit; e.g. ['45', '27', '6']	moderate	fix the rule in connect/keys.py or portal_recon/tag_portal_index.py, then re-tag
JUSTICE.JUSTICE__FED_SCDB	RESPONDENT_STATE_CODE	C2 catalog regex tag wrong	STATE: 0.0% fit; e.g. ['45', '27', '6']	moderate	retire the regex catalog; tag with the platform tagger
JUSTICE.JUSTICE__FED_SCDB	ADMIN_ACTION_STATE_CODE	C2 tag fails its format	STATE: 0.0% of 163 sampled values fit; e.g. ['20', '25', '6']	moderate	fix the rule in connect/keys.py or portal_recon/tag_portal_index.py, then re-tag
JUSTICE.JUSTICE__FED_SCDB	ADMIN_ACTION_STATE_CODE	C2 catalog regex tag wrong	STATE: 0.0% fit; e.g. ['20', '25', '6']	moderate	retire the regex catalog; tag with the platform tagger
JUSTICE.JUSTICE__FED_SCDB	CASE_ORIGIN_STATE_CODE	C2 tag fails its format	STATE: 0.0% of 563 sampled values fit; e.g. ['45', '6', '20']	moderate	fix the rule in connect/keys.py or portal_recon/tag_portal_index.py, then re-tag
JUSTICE.JUSTICE__FED_SCDB	CASE_ORIGIN_STATE_CODE	C2 catalog regex tag wrong	STATE: 0.0% fit; e.g. ['45', '6', '20']	moderate	retire the regex catalog; tag with the platform tagger
JUSTICE.JUSTICE__FED_SCDB	CASE_SOURCE_STATE_CODE	C2 tag fails its format	STATE: 0.0% of 496 sampled values fit; e.g. ['45', '6', '20']	moderate	fix the rule in connect/keys.py or portal_recon/tag_portal_index.py, then re-tag
JUSTICE.JUSTICE__FED_SCDB	CASE_SOURCE_STATE_CODE	C2 catalog regex tag wrong	STATE: 0.0% fit; e.g. ['45', '6', '20']	moderate	retire the regex catalog; tag with the platform tagger
JUSTICE.JUSTICE__INTL_EURLEX_CELLAR	COUNTRY	C2 tag fails its format	COUNTRY: 0 of 13 sampled rows filled	moderate	fix the rule in connect/keys.py or portal_recon/tag_portal_index.py, then re-tag
JUSTICE.JUSTICE__INTL_EU_SANCTIONS	NAAL_LASTNAME	C2 name tag holds something else	single words or codes; org words 0.0%, people 0.0%; e.g. ['SOLTAEV', 'ДИМОВ', 'TKACHENKO']	minor	name keys only on columns holding organizations or people, graded PROBABILISTIC
JUSTICE.JUSTICE__INTL_EU_SANCTIONS	NAAL_FIRSTNAME	C2 name tag holds something else	single words or codes; org words 0.0%, people 0.0%; e.g. ['Mansur', 'Олег', 'Nikolay Vitalyevich']	minor	name keys only on columns holding organizations or people, graded PROBABILISTIC
JUSTICE.JUSTICE__INTL_EU_SANCTIONS	NAAL_MIDDLENAME	C2 name tag holds something else	single words or codes; org words 0.0%, people 0.0%; e.g. ['Mussayevitch', 'Дмитриевич', 'Andrijivna']	minor	name keys only on columns holding organizations or people, graded PROBABILISTIC
JUSTICE.JUSTICE__INTL_EU_SANCTIONS	ADDR_NUMBER	C2 tag fails its format	ADDRESS: 0 of 2000 sampled rows filled	moderate	fix the rule in connect/keys.py or portal_recon/tag_portal_index.py, then re-tag
JUSTICE.JUSTICE__INTL_EU_SANCTIONS	ADDR_ZIPCODE	C2 tag fails its format	ZIP: 12.5% of 32 sampled values fit; e.g. ['298650', '38135', '119285']	moderate	fix the rule in connect/keys.py or portal_recon/tag_portal_index.py, then re-tag
JUSTICE.JUSTICE__INTL_NTI_CNS_DPRK_MISSILE_TESTS	MISSILE_NAME	C2 name tag holds something else	single words or codes; org words 0.0%, people 0.0%; e.g. ['Scud-B', 'Unknown', 'Nodong']	minor	name keys only on columns holding organizations or people, graded PROBABILISTIC
JUSTICE.JUSTICE__INTL_NTI_CNS_DPRK_MISSILE_TESTS	FACILITY_LATITUDE	C2 name tag holds something else	numbers; org words 0.0%, people 0.0%; e.g. ['40.8499966', '38.62333', '38.99083']	minor	name keys only on columns holding organizations or people, graded PROBABILISTIC
JUSTICE.JUSTICE__INTL_NTI_CNS_DPRK_MISSILE_TESTS	FACILITY_LONGITUDE	C2 name tag holds something else	numbers; org words 0.0%, people 0.0%; e.g. ['129.666664', '126.6847', '127.6236']	minor	name keys only on columns holding organizations or people, graded PROBABILISTIC
JUSTICE.JUSTICE__INTL_UK_SANCTIONS_LIST	NAME_6	C2 name tag holds something else	single words or codes; org words 1.6%, people 0.0%; e.g. ['MOHAMMED', 'Mohamed', 'Muhammad']	minor	name keys only on columns holding organizations or people, graded PROBABILISTIC
JUSTICE.JUSTICE__INTL_UK_SANCTIONS_LIST	NAME_1	C2 name tag holds something else	single words or codes; org words 0.0%, people 0.0%; e.g. ['ABOUD', 'Aboud', 'Sheikh']	minor	name keys only on columns holding organizations or people, graded PROBABILISTIC
JUSTICE.JUSTICE__INTL_UK_SANCTIONS_LIST	NAME_2	C2 name tag holds something else	single words or codes; org words 0.0%, people 0.0%; e.g. ['ROGO', 'Rogo', 'Mohammad']	minor	name keys only on columns holding organizations or people, graded PROBABILISTIC
JUSTICE.JUSTICE__INTL_UK_SANCTIONS_LIST	NAME_3	C2 name tag holds something else	single words or codes; org words 0.0%, people 0.0%; e.g. ['Omar', 'Umar', 'Abu']	minor	name keys only on columns holding organizations or people, graded PROBABILISTIC
JUSTICE.JUSTICE__INTL_UK_SANCTIONS_LIST	NAME_4	C2 name tag holds something else	single words or codes; org words 0.0%, people 0.0%; e.g. ['Abu', 'Cali', 'Barak']	minor	name keys only on columns holding organizations or people, graded PROBABILISTIC
JUSTICE.JUSTICE__INTL_UK_SANCTIONS_LIST	NAME_5	C2 name tag holds something else	single words or codes; org words 0.0%, people 0.0%; e.g. ['Allah']	minor	name keys only on columns holding organizations or people, graded PROBABILISTIC
JUSTICE.JUSTICE__INTL_UK_SANCTIONS_LIST	NAME_TYPE	C2 name tag holds something else	things, not names; org words 0.0%, people 0.0%; e.g. ['Primary name', 'Alias', 'Primary Name']	minor	name keys only on columns holding organizations or people, graded PROBABILISTIC
JUSTICE.JUSTICE__INTL_UK_SANCTIONS_LIST	REGIME_NAME	C2 name tag holds something else	things, not names; org words 0.0%, people 0.0%; e.g. ['The Somalia (Sanctions) (EU Exit) Regulations 2020', 'The South Sudan (Sanctions) (EU Exit) Regulations 2019', 'The Sudan (Sanctions) (EU Exit) Regulations 2020']	minor	name keys only on columns holding organizations or people, graded PROBABILISTIC
JUSTICE.JUSTICE__INTL_UK_SANCTIONS_LIST	IMO_NUMBER	C2 tag fails its format	IMO: 0 of 2000 sampled rows filled	severe	fix the rule in connect/keys.py or portal_recon/tag_portal_index.py, then re-tag
JUSTICE.JUSTICE__RACIAL_JAIL_DISPARITY	COUNTY_NAME	C2 name tag holds something else	places; org words 96.8%, people 0.0%; e.g. ['Baldwin County', 'Barbour County', 'Blount County']	minor	name keys only on columns holding organizations or people, graded PROBABILISTIC
JUSTICE.JUSTICE__RACIAL_JAIL_DISPARITY	STATE_FIPS	C2 catalog regex tag wrong	COUNTY_FIPS: 0.0% fit; e.g. ['01', '04', '05']	moderate	retire the regex catalog; tag with the platform tagger
JUSTICE.JUSTICE__XC_MAPPING_POLICE_VIOLENCE	GEOGRAPHY_VIA_TRULIA_METHODOLOGY_BASED_ON_ZIPCODE_POPULATION_DENSITY_HTTP_JEDKOLKO_COM_WP_CONTENT_UPLOADS_2015_05_FULL_ZCTA_URBAN_SUBURBAN_RURAL_CLASSIFICATION_XLSX	C2 tag fails its format	ZIP: 0.0% of 1240 sampled values fit; e.g. ['Rural', 'Suburban', 'Urban']	moderate	fix the rule in connect/keys.py or portal_recon/tag_portal_index.py, then re-tag
JUSTICE.JUSTICE__XC_NAGIX_DPRK_MISSILE_TESTS	FACILITY	C2 name tag holds something else	single words or codes; org words 0.0%, people 0.0%; e.g. ['tonghae', 'chihari', 'kittaeryong']	minor	name keys only on columns holding organizations or people, graded PROBABILISTIC
JUSTICE.JUSTICE__XC_RANSOMWARELIVE_VICTIMS	GROUP_NAME	C2 name tag holds something else	single words or codes; org words 3.1%, people 0.0%; e.g. ['dragonforce', 'settra', 'interlock']	minor	name keys only on columns holding organizations or people, graded PROBABILISTIC
JUSTICE.JUSTICE__XC_UK_SANCTIONS_LIST	NAME_1	C2 name tag holds something else	single words or codes; org words 0.0%, people 0.0%; e.g. ['JOSEPH', 'Hossam', 'Vladimir']	minor	name keys only on columns holding organizations or people, graded PROBABILISTIC
JUSTICE.JUSTICE__XC_UK_SANCTIONS_LIST	NAME_2	C2 name tag holds something else	single words or codes; org words 0.0%, people 0.0%; e.g. ['Mohammed', 'Lurievici', 'MALONG']	minor	name keys only on columns holding organizations or people, graded PROBABILISTIC
JUSTICE.JUSTICE__XC_UK_SANCTIONS_LIST	NAME_3	C2 name tag holds something else	single words or codes; org words 0.0%, people 0.0%; e.g. ['AWAN', 'Ardhan', 'Ibrahim']	minor	name keys only on columns holding organizations or people, graded PROBABILISTIC
JUSTICE.JUSTICE__XC_UK_SANCTIONS_LIST	NAME_4	C2 name tag holds something else	single words or codes; org words 0.0%, people 0.0%; e.g. ['bin Abu', 'Al-Fayyadh', 'bin']	minor	name keys only on columns holding organizations or people, graded PROBABILISTIC
JUSTICE.JUSTICE__XC_UK_SANCTIONS_LIST	NAME_5	C2 name tag holds something else	single words or codes; org words 0.0%, people 0.0%; e.g. ['Namr', 'Mira', 'MUHAMMAD']	minor	name keys only on columns holding organizations or people, graded PROBABILISTIC
JUSTICE.JUSTICE__XC_UK_SANCTIONS_LIST	NAME_TYPE	C2 name tag holds something else	things, not names; org words 0.0%, people 0.0%; e.g. ['Alias', 'Primary name', 'Primary name variation']	minor	name keys only on columns holding organizations or people, graded PROBABILISTIC
JUSTICE.JUSTICE__XC_UK_SANCTIONS_LIST	REGIME_NAME	C2 name tag holds something else	things, not names; org words 0.4%, people 0.0%; e.g. ['The Iran (Sanctions) (Nuclear) (EU Exit) Regulations 2019', 'The Central African Republic (Sanctions) (EU Exit) Regulations 2020', 'The Syria (Sanctions) (EU Exit) Regulations 2019']	minor	name keys only on columns holding organizations or people, graded PROBABILISTIC
JUSTICE.JUSTICE__XC_UK_SANCTIONS_LIST	ADDRESS_POSTAL_CODE	C2 catalog regex tag wrong	ZIP: 47.1% fit; e.g. ['201209', '103426', '129164']	moderate	retire the regex catalog; tag with the platform tagger
JUSTICE.JUSTICE__XC_UN_CONSOLIDATED_SANCTIONS_LIST	SECOND_NAME	C2 name tag holds something else	single words or codes; org words 0.0%, people 0.0%; e.g. ['MOHAMMAD EWAZ', 'BEN KHALIFA', 'MUTEBUTSI']	minor	name keys only on columns holding organizations or people, graded PROBABILISTIC
JUSTICE.JUSTICE__XC_UN_CONSOLIDATED_SANCTIONS_LIST	THIRD_NAME	C2 name tag holds something else	single words or codes; org words 0.0%, people 0.3%; e.g. ['BEN AHMED', 'AL-MARRANI', '‘UBAYD JUDAY’']	minor	name keys only on columns holding organizations or people, graded PROBABILISTIC
JUSTICE.JUSTICE__XC_UN_CONSOLIDATED_SANCTIONS_LIST	FOURTH_NAME	C2 name tag holds something else	single words or codes; org words 0.0%, people 0.0%; e.g. ['ROUINE', 'AL-‘ANIZI', 'MUHAMMADI GUL']	minor	name keys only on columns holding organizations or people, graded PROBABILISTIC
JUSTICE.JUSTICE__XC_VERA_INCARCERATION_TRENDS	COUNTY_NAME	C2 name tag holds something else	places; org words 100.0%, people 0.0%; e.g. ['Mobile County', 'Walker County', 'Barbour County']	minor	name keys only on columns holding organizations or people, graded PROBABILISTIC
JUSTICE.JUSTICE__XC_VERA_INCARCERATION_TRENDS	STATE_FIPS	C2 catalog regex tag wrong	COUNTY_FIPS: 0.0% fit; e.g. ['01']	moderate	retire the regex catalog; tag with the platform tagger
JUSTICE.JUSTICE__XC_VERA_INCARCERATION_TRENDS	STATE_CODE	C2 tag fails its format	STATE: 0.0% of 2000 sampled values fit; e.g. ['US_AL']	moderate	fix the rule in connect/keys.py or portal_recon/tag_portal_index.py, then re-tag
JUSTICE.JUSTICE__XC_VERA_INCARCERATION_TRENDS	STATE_CODE	C2 catalog regex tag wrong	STATE: 0.0% fit; e.g. ['US_AL']	moderate	retire the regex catalog; tag with the platform tagger
JUSTICE.JUSTICE__XC_VERA_INCARCERATION_TRENDS	IS_UNIFIED_STATE	C2 catalog regex tag wrong	STATE: 0.0% fit; e.g. ['false']	moderate	retire the regex catalog; tag with the platform tagger
LABOR.LABOR__FED_DOL_EBSA_FORM5500_SCHEDULE_SB	SB_ACTUARY_FOREIGN_PROV_STATE	C2 tag fails its format	STATE: 0 of 2000 sampled rows filled	moderate	fix the rule in connect/keys.py or portal_recon/tag_portal_index.py, then re-tag
LABOR.LABOR__FED_DOL_EBSA_FORM5500_SCHEDULE_SB	SB_ACTUARY_FOREIGN_CNTRY	C2 tag fails its format	COUNTRY: 0 of 2000 sampled rows filled	moderate	fix the rule in connect/keys.py or portal_recon/tag_portal_index.py, then re-tag
LABOR.LABOR__FED_DOL_OLMS	DESIGNATION_NAME	C2 name tag holds something else	single words or codes; org words 0.0%, people 0.0%; e.g. ['LU', 'BR', 'LEC']	minor	name keys only on columns holding organizations or people, graded PROBABILISTIC
LABOR.LABOR__FED_MSHA_ACCIDENTS	FIPS_STATE_CD	C2 catalog regex tag wrong	COUNTY_FIPS: 0.0% fit; e.g. ['39', '45', '32']	moderate	retire the regex catalog; tag with the platform tagger
LABOR.LABOR__FED_MSHA_MINES	FIPS_CNTY_CD	C2 tag fails its format	FIPS: 0.0% of 2000 sampled values fit; e.g. ['117', '007', '073']	moderate	fix the rule in connect/keys.py or portal_recon/tag_portal_index.py, then re-tag
LABOR.LABOR__FED_MSHA_MINES	FIPS_CNTY_CD	C2 catalog regex tag wrong	COUNTY_FIPS: 0.0% fit; e.g. ['117', '007', '073']	moderate	retire the regex catalog; tag with the platform tagger
LABOR.LABOR__FED_MSHA_MINES	FIPS_CNTY_NM	C2 tag fails its format	FIPS: 0.0% of 2000 sampled values fit; e.g. ['Shelby', 'Bibb', 'Jefferson']	moderate	fix the rule in connect/keys.py or portal_recon/tag_portal_index.py, then re-tag
LABOR.LABOR__FED_MSHA_MINES	FIPS_CNTY_NM	C2 catalog regex tag wrong	COUNTY_FIPS: 0.0% fit; e.g. ['Shelby', 'Bibb', 'Jefferson']	moderate	retire the regex catalog; tag with the platform tagger
LABOR.LABOR__FED_MSHA_VIOLATIONS	DOCKET_NO	C2 tag fails its format	DOCKET: 0 of 2000 sampled rows filled	moderate	fix the rule in connect/keys.py or portal_recon/tag_portal_index.py, then re-tag
LEGAL_ENFORCEMENT.LEGAL_ENFORCEMENT__FED_NAAG_MULTISTATE_SETTLEMENTS	OTHER_SINGLE_STATE_SETTLEMENTS	C2 tag fails its format	STATE: 0 of 882 sampled rows filled	moderate	fix the rule in connect/keys.py or portal_recon/tag_portal_index.py, then re-tag
LEGAL_ENFORCEMENT.LEGAL_ENFORCEMENT__FED_NAAG_MULTISTATE_SETTLEMENTS	STATE_COSTS_FEES	C2 tag fails its format	STATE: 0.0% of 19 sampled values fit; e.g. ['$0 ', '$10,000 ', '$85,967.83 ']	moderate	fix the rule in connect/keys.py or portal_recon/tag_portal_index.py, then re-tag
MARITIME.MARITIME__FED_NOAA_AIS	VESSEL_NAME	C2 name tag holds something else	single words or codes; org words 0.0%, people 0.0%; e.g. ['HERON']	minor	name keys only on columns holding organizations or people, graded PROBABILISTIC
MONEY_FINANCE.MONEY__DEBT_REPAYMENT_CLIFF	COUNTRY_NAME	C2 name tag holds something else	places; org words 0.0%, people 0.7%; e.g. ['IDA only', 'Ukraine', 'Lebanon']	minor	name keys only on columns holding organizations or people, graded PROBABILISTIC
OPEN_DATA.OPEN_DATA__INTL_CH_OPENDATASWISS	NAME	C2 name tag holds something else	single words or codes; org words 0.4%, people 0.0%; e.g. ['impulsberatung-erneuerbar-heizen', 'kantonaler-richtplan-elemente-wildtiere', 'arrondissements-et-triages-forestiers']	minor	name keys only on columns holding organizations or people, graded PROBABILISTIC
OPEN_DATA.OPEN_DATA__INTL_CH_OPENDATASWISS	C_ORGANIZATION	C2 name tag holds something else	single words or codes; org words 0.0%, people 0.0%; e.g. ['bundesamt-fur-energie-bfe', 'amt-fuer-geoinformation-des-kantons-bern', 'geoinformation_kanton_freiburg']	minor	name keys only on columns holding organizations or people, graded PROBABILISTIC
OPEN_DATA.OPEN_DATA__INTL_CH_OPENDATASWISS	STATE	C2 tag fails its format	STATE: 0.0% of 2000 sampled values fit; e.g. ['active']	moderate	fix the rule in connect/keys.py or portal_recon/tag_portal_index.py, then re-tag
OPEN_DATA.OPEN_DATA__INTL_CH_OPENDATASWISS	STATE	C2 catalog regex tag wrong	STATE: 0.0% fit; e.g. ['active']	moderate	retire the regex catalog; tag with the platform tagger
OPEN_DATA.OPEN_DATA__INTL_CL_DATOSGOB	NAME	C2 name tag holds something else	single words or codes; org words 0.1%, people 0.0%; e.g. ['finanzas-salud-mostazal-balance-ejecucion-presupuestaria-2019', 'https-datos-mpuentealto-cl-dataviews-113524-marco-normativo', 'actas-de-evaluacion-de-licitaciones-y-compras-publicas-2025-actualizada-a-noviembre']	minor	name keys only on columns holding organizations or people, graded PROBABILISTIC
OPEN_DATA.OPEN_DATA__INTL_CL_DATOSGOB	STATE	C2 tag fails its format	STATE: 0.0% of 1000 sampled values fit; e.g. ['active']	moderate	fix the rule in connect/keys.py or portal_recon/tag_portal_index.py, then re-tag
OPEN_DATA.OPEN_DATA__INTL_CL_DATOSGOB	STATE	C2 catalog regex tag wrong	STATE: 0.0% fit; e.g. ['active']	moderate	retire the regex catalog; tag with the platform tagger
OPEN_DATA.OPEN_DATA__INTL_DE_GOVDATA	NAME	C2 name tag holds something else	single words or codes; org words 0.0%, people 0.0%; e.g. ['2020-polizeiliche-kriminalstatistik-t40-bz-tatverdachtigenbelastung-deutsche-nach-alter-und-geschlec', 'staatsarchiv-hamburg-314-15-oberfinanzprasident-devisenstelle-und-vermogensverwertung-1940-1022', 'staatsarchiv-hamburg-314-15-oberfinanzprasident-devisenstelle-und-vermogensverwertungsstell-782']	minor	name keys only on columns holding organizations or people, graded PROBABILISTIC
OPEN_DATA.OPEN_DATA__INTL_FR_DATA_GOUV	ORGANIZATION_ID	C2 name tag holds something else	single words or codes; org words 0.0%, people 0.0%; e.g. ['55263369c751df702faec475', '5cb6d4f78b4c4118e18f37d1', '582a045088ee3875cec65bb4']	minor	name keys only on columns holding organizations or people, graded PROBABILISTIC
POLITICS.POLITICS__CA_LOBBY_CONTRIBUTIONS	RECIPIENT_ID	C2 name tag holds something else	numbers; org words 0.0%, people 0.0%; e.g. ['1071574', '1076065', '1064724']	minor	name keys only on columns holding organizations or people, graded PROBABILISTIC
POLITICS.POLITICS__CA_LOBBY_EMPLOYER	EMPLOYER_ID	C2 name tag holds something else	numbers; org words 0.0%, people 0.0%; e.g. ['1146385', '1146386', '1146313']	minor	name keys only on columns holding organizations or people, graded PROBABILISTIC
POLITICS.POLITICS__CA_LOBBY_EMPLOYER	INTEREST_NAME	C2 name tag holds something else	single words or codes; org words 11.0%, people 0.0%; e.g. ['MANUFACTURING/INDUSTRIAL', 'MISCELLANEOUS', 'EDUCATION']	minor	name keys only on columns holding organizations or people, graded PROBABILISTIC
POLITICS.POLITICS__CA_LOBBY_EMPLOYER_FIRMS	EMPLOYER_ID	C2 name tag holds something else	numbers; org words 0.0%, people 0.0%; e.g. ['1147194', '1147195', '1147196']	minor	name keys only on columns holding organizations or people, graded PROBABILISTIC
POLITICS.POLITICS__CA_LOBBY_EMP_LOBBYIST	EMPLOYER_ID	C2 name tag holds something else	numbers; org words 0.0%, people 0.0%; e.g. ['1147032', '1146796', '1146810']	minor	name keys only on columns holding organizations or people, graded PROBABILISTIC
POLITICS.POLITICS__FED_EAC_EAVS	FIPSCODE	C2 catalog regex tag wrong	COUNTY_FIPS: 0.0% fit; e.g. ['0100100000', '0100300000', '0100500000']	moderate	retire the regex catalog; tag with the platform tagger
POLITICS.POLITICS__FED_EAC_EAVS	STATE_FULL	C2 tag fails its format	STATE: 0.0% of 2000 sampled values fit; e.g. ['ALABAMA', 'ALASKA', 'AMERICAN SAMOA']	moderate	fix the rule in connect/keys.py or portal_recon/tag_portal_index.py, then re-tag
POLITICS.POLITICS__FED_FCC_LICENSING	EIN	C2 tag fails its format	EIN: 0 of 2000 sampled rows filled	severe	fix the rule in connect/keys.py or portal_recon/tag_portal_index.py, then re-tag
POLITICS.POLITICS__FED_FEC_API	CONTRIBUTOR_EMPLOYER	C2 name tag holds something else	single words or codes; org words 4.8%, people 0.0%; e.g. ['DESERT PROPERTIES', 'RETIRED', 'SELF- EMPLOYED']	minor	name keys only on columns holding organizations or people, graded PROBABILISTIC
POLITICS.POLITICS__FED_FEC_API	STATE	C2 tag fails its format	STATE: 0 of 500 sampled rows filled	moderate	fix the rule in connect/keys.py or portal_recon/tag_portal_index.py, then re-tag
POLITICS.POLITICS__FED_MEDSL_HOUSE_RETURNS	STATE_NAME	C2 name tag holds something else	places; org words 0.0%, people 0.0%; e.g. ['Alabama', 'Alaska', 'Arizona']	minor	name keys only on columns holding organizations or people, graded PROBABILISTIC
POLITICS.POLITICS__FED_MEDSL_HOUSE_RETURNS	STATE_FIPS	C2 catalog regex tag wrong	COUNTY_FIPS: 0.0% fit; e.g. ['1', '2', '4']	moderate	retire the regex catalog; tag with the platform tagger
POLITICS.POLITICS__FED_MEDSL_PRESIDENT_RETURNS	STATE_NAME	C2 name tag holds something else	places; org words 2.5%, people 0.0%; e.g. ['Alabama', 'Alaska', 'Arizona']	minor	name keys only on columns holding organizations or people, graded PROBABILISTIC
POLITICS.POLITICS__FED_MEDSL_PRESIDENT_RETURNS	STATE_FIPS	C2 catalog regex tag wrong	COUNTY_FIPS: 0.0% fit; e.g. ['1', '2', '4']	moderate	retire the regex catalog; tag with the platform tagger
POLITICS.POLITICS__FED_MEDSL_SENATE_RETURNS	STATE_NAME	C2 name tag holds something else	places; org words 0.0%, people 0.0%; e.g. ['ARIZONA', 'CALIFORNIA', 'CONNECTICUT']	minor	name keys only on columns holding organizations or people, graded PROBABILISTIC
POLITICS.POLITICS__FED_MEDSL_SENATE_RETURNS	STATE_FIPS	C2 catalog regex tag wrong	COUNTY_FIPS: 0.0% fit; e.g. ['4', '6', '9']	moderate	retire the regex catalog; tag with the platform tagger
POLITICS.POLITICS__FED_VOTEVIEW_MEMBERS	STATE_ICPSR	C2 tag fails its format	STATE: 0.0% of 2000 sampled values fit; e.g. ['99', '1', '11']	moderate	fix the rule in connect/keys.py or portal_recon/tag_portal_index.py, then re-tag
POLITICS.POLITICS__FJC_SCOTUS_CROSSWALK	JUSTICE_NAME	C2 name tag holds something else	single words or codes; org words 0.0%, people 0.0%; e.g. ['WODouglas', 'BMKavanaugh', 'RHJackson']	minor	name keys only on columns holding organizations or people, graded PROBABILISTIC
POLITICS.POLITICS__INTL_ELECTIONS_CANADA_CONTRIBUTIONS	RECIPIENT_ID	C2 name tag holds something else	numbers; org words 0.0%, people 0.0%; e.g. ['39001', '39014', '25915']	minor	name keys only on columns holding organizations or people, graded PROBABILISTIC
POLITICS.POLITICS__INTL_ELECTIONS_CANADA_CONTRIBUTIONS	CONTRIBUTOR_POSTAL_CODE	C2 tag fails its format	ZIP: 0.0% of 1993 sampled values fit; e.g. ['N2B2S6', 'T2T3N3', 'V0N1G1']	moderate	fix the rule in connect/keys.py or portal_recon/tag_portal_index.py, then re-tag
POLITICS.POLITICS__INTL_ELECTIONS_CANADA_CONTRIBUTIONS	CONTRIBUTOR_POSTAL_CODE	C2 catalog regex tag wrong	ZIP: 0.0% fit; e.g. ['N2B2S6', 'T2T3N3', 'V0N1G1']	moderate	retire the regex catalog; tag with the platform tagger
POLITICS.POLITICS__JUDGE_IDEOLOGY_SCOTUS	JUSTICE_NAME	C2 name tag holds something else	single words or codes; org words 0.0%, people 0.0%; e.g. ['ACBarrett', 'AFortas', 'AJGoldberg']	minor	name keys only on columns holding organizations or people, graded PROBABILISTIC
POLITICS.POLITICS__SCOTUS_JUSTICE	JUSTICE_NAME	C2 name tag holds something else	single words or codes; org words 0.0%, people 0.0%; e.g. ['HLBlack', 'SFReed', 'FFrankfurter']	minor	name keys only on columns holding organizations or people, graded PROBABILISTIC
POLITICS.POLITICS__ST_CANNABIS_POLICY_BUNDLES	STATE	C2 tag fails its format	STATE: 0.0% of 1500 sampled values fit; e.g. ['Alabama', 'Alaska', 'Arizona']	moderate	fix the rule in connect/keys.py or portal_recon/tag_portal_index.py, then re-tag
POLITICS.POLITICS__ST_CANNABIS_POLICY_BUNDLES	STATE	C2 catalog regex tag wrong	STATE: 0.0% fit; e.g. ['Alabama', 'Alaska', 'Arizona']	moderate	retire the regex catalog; tag with the platform tagger
POLITICS.POLITICS__ST_CANNABIS_POLICY_BUNDLES	FIPS	C2 catalog regex tag wrong	COUNTY_FIPS: 0.0% fit; e.g. ['1', '2', '4']	moderate	retire the regex catalog; tag with the platform tagger
POLITICS.POLITICS__ST_CANNABIS_POLICY_BUNDLES	STATE_COURT_SIG_ACTION	C2 tag fails its format	STATE: 0.0% of 1500 sampled values fit; e.g. ['0', '1']	moderate	fix the rule in connect/keys.py or portal_recon/tag_portal_index.py, then re-tag
POLITICS.POLITICS__ST_CANNABIS_POLICY_BUNDLES	STATE_SALES_TAX_HIGH_RCL_APP	C2 tag fails its format	STATE: 0.0% of 1500 sampled values fit; e.g. ['0', '1']	moderate	fix the rule in connect/keys.py or portal_recon/tag_portal_index.py, then re-tag
POLITICS.POLITICS__ST_CANNABIS_POLICY_BUNDLES	STATE_SALES_TAX_HIGH_RCL_IMP	C2 tag fails its format	STATE: 0.0% of 1500 sampled values fit; e.g. ['0', '1']	moderate	fix the rule in connect/keys.py or portal_recon/tag_portal_index.py, then re-tag
POLITICS.POLITICS__ST_NYC_CFB_CAMPAIGN_2001_CONTRIBUTION	STREET_NAME	C2 name tag holds something else	places; org words 0.8%, people 0.0%; e.g. ['GREENE STREET', 'CENTRAL PARK WEST', 'NEW YORK AVE.']	minor	name keys only on columns holding organizations or people, graded PROBABILISTIC
POLITICS.POLITICS__ST_NYC_CFB_CAMPAIGN_2001_CONTRIBUTION	EMPLOYER_STREET_NUMBER	C2 name tag holds something else	numbers; org words 0.1%, people 0.0%; e.g. ['150', '28-11', '250']	minor	name keys only on columns holding organizations or people, graded PROBABILISTIC
POLITICS.POLITICS__ST_NYC_CFB_CAMPAIGN_2001_CONTRIBUTION	EMPLOYER_STREET_NAME	C2 name tag holds something else	places; org words 3.4%, people 0.1%; e.g. ['55TH STREET', 'QUEENS PLAZA', 'BROADWAY']	minor	name keys only on columns holding organizations or people, graded PROBABILISTIC
POLITICS.POLITICS__ST_NYC_CFB_CAMPAIGN_2001_CONTRIBUTION	EMPLOYER_CITY	C2 name tag holds something else	places; org words 0.7%, people 0.0%; e.g. ['BROOKLYN', 'QUEENS', 'NEW YORK']	minor	name keys only on columns holding organizations or people, graded PROBABILISTIC
POLITICS.POLITICS__ST_NYC_CFB_CAMPAIGN_2001_CONTRIBUTION	EMPLOYER_STATE	C2 name tag holds something else	places; org words 0.3%, people 0.0%; e.g. ['NY', 'NJ', 'AZ']	minor	name keys only on columns holding organizations or people, graded PROBABILISTIC
POLITICS.POLITICS__ST_NYC_CFB_CAMPAIGN_2001_CONTRIBUTION	INTERMEDIARY_STREET_NAME	C2 name tag holds something else	places; org words 0.0%, people 0.0%; e.g. ['3RD AVENUE', 'COURT STREET', 'CANTERBURY GATE']	minor	name keys only on columns holding organizations or people, graded PROBABILISTIC
POLITICS.POLITICS__ST_NYC_CFB_CAMPAIGN_2001_CONTRIBUTION	INTERMEDIARY_EMPLOYER_STREET_NUMBER	C2 name tag holds something else	numbers; org words 0.0%, people 0.0%; e.g. ['95', '250', '730']	minor	name keys only on columns holding organizations or people, graded PROBABILISTIC
POLITICS.POLITICS__ST_NYC_CFB_CAMPAIGN_2001_CONTRIBUTION	INTERMEDIARY_EMPLOYER_STREET_NAME	C2 name tag holds something else	places; org words 0.8%, people 0.0%; e.g. ['COLUMBIA STREET', 'PARK AVENUE SOUTH', '5TH AVENUE']	minor	name keys only on columns holding organizations or people, graded PROBABILISTIC
POLITICS.POLITICS__ST_NYC_CFB_CAMPAIGN_2001_CONTRIBUTION	INTERMEDIARY_EMPLOYER_CITY	C2 name tag holds something else	places; org words 0.8%, people 0.0%; e.g. ['ALBANY', 'NEW YORK', 'ELMHURST']	minor	name keys only on columns holding organizations or people, graded PROBABILISTIC
POLITICS.POLITICS__ST_NYC_CFB_CAMPAIGN_2001_CONTRIBUTION	INTERMEDIARY_EMPLOYER_STATE	C2 name tag holds something else	places; org words 0.0%, people 0.0%; e.g. ['NY', 'NJ', 'CT']	minor	name keys only on columns holding organizations or people, graded PROBABILISTIC
POLITICS.POLITICS__ST_NYC_CFB_CAMPAIGN_2009_CONTRIBUTION	RECIPIENT_ID	C2 name tag holds something else	numbers; org words 0.0%, people 0.0%; e.g. ['1009', '1068', '1075']	minor	name keys only on columns holding organizations or people, graded PROBABILISTIC
POLITICS.POLITICS__ST_NYC_CFB_CAMPAIGN_2009_CONTRIBUTION	STREET_NUMBER	C2 tag fails its format	ADDRESS: 0 of 2000 sampled rows filled	moderate	fix the rule in connect/keys.py or portal_recon/tag_portal_index.py, then re-tag
POLITICS.POLITICS__ST_NYC_CFB_CAMPAIGN_2009_CONTRIBUTION	EMPLOYER_STREET_NUMBER	C2 name tag holds something else	numbers; org words 0.0%, people 0.0%; e.g. ['38-27', '421', '660']	minor	name keys only on columns holding organizations or people, graded PROBABILISTIC
POLITICS.POLITICS__ST_NYC_CFB_CAMPAIGN_2009_CONTRIBUTION	EMPLOYER_STREET_NAME	C2 name tag holds something else	places; org words 3.1%, people 0.0%; e.g. ['28th Street', '8th Avenue', 'Madison Avenue']	minor	name keys only on columns holding organizations or people, graded PROBABILISTIC
POLITICS.POLITICS__ST_NYC_CFB_CAMPAIGN_2009_CONTRIBUTION	EMPLOYER_CITY	C2 name tag holds something else	places; org words 1.6%, people 0.0%; e.g. ['Brooklyn', 'Long Island City', 'New York']	minor	name keys only on columns holding organizations or people, graded PROBABILISTIC
POLITICS.POLITICS__ST_NYC_CFB_CAMPAIGN_2009_CONTRIBUTION	EMPLOYER_STATE	C2 name tag holds something else	places; org words 0.0%, people 0.0%; e.g. ['NY', 'CT', 'NJ']	minor	name keys only on columns holding organizations or people, graded PROBABILISTIC
POLITICS.POLITICS__ST_NYC_CFB_CAMPAIGN_2009_CONTRIBUTION	INTERMEDIARY_STREET_NUMBER	C2 tag fails its format	ADDRESS: 0 of 2000 sampled rows filled	moderate	fix the rule in connect/keys.py or portal_recon/tag_portal_index.py, then re-tag
POLITICS.POLITICS__ST_NYC_CFB_CAMPAIGN_2009_CONTRIBUTION	INTERMEDIARY_EMPLOYER_STREET_NUMBER	C2 name tag holds something else	numbers; org words 0.0%, people 0.0%; e.g. ['123', '150', '813']	minor	name keys only on columns holding organizations or people, graded PROBABILISTIC
POLITICS.POLITICS__ST_NYC_CFB_CAMPAIGN_2009_CONTRIBUTION	INTERMEDIARY_EMPLOYER_STREET_NAME	C2 name tag holds something else	places; org words 0.0%, people 0.0%; e.g. ['William Street', 'Broadway', 'Annadale Road']	minor	name keys only on columns holding organizations or people, graded PROBABILISTIC
POLITICS.POLITICS__ST_NYC_CFB_CAMPAIGN_2009_CONTRIBUTION	INTERMEDIARY_EMPLOYER_CITY	C2 name tag holds something else	places; org words 0.0%, people 0.0%; e.g. ['New York', 'Staten Island']	minor	name keys only on columns holding organizations or people, graded PROBABILISTIC
POLITICS.POLITICS__ST_NYC_CFB_CAMPAIGN_2009_CONTRIBUTION	INTERMEDIARY_EMPLOYER_STATE	C2 name tag holds something else	places; org words 0.0%, people 0.0%; e.g. ['NY']	minor	name keys only on columns holding organizations or people, graded PROBABILISTIC
POLITICS.POLITICS__ST_NYC_CFB_CAMPAIGN_2013_CONTRIBUTION	RECIPIENT_ID	C2 name tag holds something else	numbers; org words 0.0%, people 0.0%; e.g. ['1008', '1009', '1068']	minor	name keys only on columns holding organizations or people, graded PROBABILISTIC
POLITICS.POLITICS__ST_NYC_CFB_CAMPAIGN_2013_CONTRIBUTION	STREET_NUMBER	C2 tag fails its format	ADDRESS: 0 of 2000 sampled rows filled	moderate	fix the rule in connect/keys.py or portal_recon/tag_portal_index.py, then re-tag
POLITICS.POLITICS__ST_NYC_CFB_CAMPAIGN_2013_CONTRIBUTION	EMPLOYER_STREET_NUMBER	C2 name tag holds something else	numbers; org words 0.0%, people 0.0%; e.g. ['151', '184', '55']	minor	name keys only on columns holding organizations or people, graded PROBABILISTIC
POLITICS.POLITICS__ST_NYC_CFB_CAMPAIGN_2013_CONTRIBUTION	EMPLOYER_STREET_NAME	C2 name tag holds something else	places; org words 3.8%, people 0.0%; e.g. ['First Avenue', 'East 70th Street', 'Broad Street']	minor	name keys only on columns holding organizations or people, graded PROBABILISTIC
POLITICS.POLITICS__ST_NYC_CFB_CAMPAIGN_2013_CONTRIBUTION	EMPLOYER_CITY	C2 name tag holds something else	places; org words 1.7%, people 0.0%; e.g. ['New York', 'Oakland Gardens', 'Bronx']	minor	name keys only on columns holding organizations or people, graded PROBABILISTIC
POLITICS.POLITICS__ST_NYC_CFB_CAMPAIGN_2013_CONTRIBUTION	EMPLOYER_STATE	C2 name tag holds something else	places; org words 0.0%, people 0.0%; e.g. ['NY', 'NJ', 'FL']	minor	name keys only on columns holding organizations or people, graded PROBABILISTIC
POLITICS.POLITICS__ST_NYC_CFB_CAMPAIGN_2013_CONTRIBUTION	INTERMEDIARY_STREET_NUMBER	C2 tag fails its format	ADDRESS: 0 of 2000 sampled rows filled	moderate	fix the rule in connect/keys.py or portal_recon/tag_portal_index.py, then re-tag
POLITICS.POLITICS__ST_NYC_CFB_CAMPAIGN_2013_CONTRIBUTION	INTERMEDIARY_EMPLOYER_STREET_NUMBER	C2 name tag holds something else	numbers; org words 0.0%, people 0.0%; e.g. ['123', '120']	minor	name keys only on columns holding organizations or people, graded PROBABILISTIC
POLITICS.POLITICS__ST_NYC_CFB_CAMPAIGN_2013_CONTRIBUTION	INTERMEDIARY_EMPLOYER_STREET_NAME	C2 name tag holds something else	places; org words 0.0%, people 0.0%; e.g. ['William Street', 'Broadway']	minor	name keys only on columns holding organizations or people, graded PROBABILISTIC
POLITICS.POLITICS__ST_NYC_CFB_CAMPAIGN_2013_CONTRIBUTION	INTERMEDIARY_EMPLOYER_CITY	C2 name tag holds something else	places; org words 0.0%, people 0.0%; e.g. ['New York', 'Staten Island']	minor	name keys only on columns holding organizations or people, graded PROBABILISTIC
POLITICS.POLITICS__ST_NYC_CFB_CAMPAIGN_2013_CONTRIBUTION	INTERMEDIARY_EMPLOYER_STATE	C2 name tag holds something else	places; org words 0.0%, people 0.0%; e.g. ['NY']	minor	name keys only on columns holding organizations or people, graded PROBABILISTIC
POLITICS.POLITICS__ST_NYC_CFB_CAMPAIGN_2021_CONTRIBUTIONS	RECIPIENT_ID	C2 name tag holds something else	numbers; org words 0.0%, people 0.0%; e.g. ['2563', '1545', '2345']	minor	name keys only on columns holding organizations or people, graded PROBABILISTIC
POLITICS.POLITICS__ST_NYC_CFB_CAMPAIGN_2021_CONTRIBUTIONS	STREET_NUMBER	C2 tag fails its format	ADDRESS: 0 of 2000 sampled rows filled	moderate	fix the rule in connect/keys.py or portal_recon/tag_portal_index.py, then re-tag
POLITICS.POLITICS__ST_NYC_CFB_CAMPAIGN_2021_CONTRIBUTIONS	EMPLOYER_STREET_NUMBER	C2 name tag holds something else	numbers; org words 0.0%, people 0.0%; e.g. ['2', '1', '253']	minor	name keys only on columns holding organizations or people, graded PROBABILISTIC
POLITICS.POLITICS__ST_NYC_CFB_CAMPAIGN_2021_CONTRIBUTIONS	EMPLOYER_STREET_NAME	C2 name tag holds something else	places; org words 2.5%, people 0.0%; e.g. ['600 Madison Avenue', 'Penn Plaza', 'Smith Street']	minor	name keys only on columns holding organizations or people, graded PROBABILISTIC
POLITICS.POLITICS__ST_NYC_CFB_CAMPAIGN_2021_CONTRIBUTIONS	EMPLOYER_CITY	C2 name tag holds something else	places; org words 1.6%, people 0.0%; e.g. ['New York', 'Brooklyn', 'Rego Park']	minor	name keys only on columns holding organizations or people, graded PROBABILISTIC
POLITICS.POLITICS__ST_NYC_CFB_CAMPAIGN_2021_CONTRIBUTIONS	EMPLOYER_STATE	C2 name tag holds something else	places; org words 1.0%, people 0.0%; e.g. ['NY', 'WI', 'DC']	minor	name keys only on columns holding organizations or people, graded PROBABILISTIC
POLITICS.POLITICS__ST_NYC_CFB_CAMPAIGN_2021_CONTRIBUTIONS	INTERMEDIARY_STREET_NUMBER	C2 tag fails its format	ADDRESS: 0 of 2000 sampled rows filled	moderate	fix the rule in connect/keys.py or portal_recon/tag_portal_index.py, then re-tag
POLITICS.POLITICS__ST_NYC_CFB_CAMPAIGN_2021_CONTRIBUTIONS	INTERMEDIARY_EMPLOYER_STREET_NUMBER	C2 name tag holds something else	numbers; org words 0.0%, people 0.0%; e.g. ['255', '286', '3602']	minor	name keys only on columns holding organizations or people, graded PROBABILISTIC
POLITICS.POLITICS__ST_NYC_CFB_CAMPAIGN_2021_CONTRIBUTIONS	INTERMEDIARY_EMPLOYER_STREET_NAME	C2 name tag holds something else	places; org words 0.0%, people 0.0%; e.g. ['Greenwich St', 'Highland Blvd', '13th Ave']	minor	name keys only on columns holding organizations or people, graded PROBABILISTIC
POLITICS.POLITICS__ST_NYC_CFB_CAMPAIGN_2021_CONTRIBUTIONS	INTERMEDIARY_EMPLOYER_CITY	C2 name tag holds something else	places; org words 0.0%, people 0.0%; e.g. ['New York', 'Brooklyn', 'Elmhurst']	minor	name keys only on columns holding organizations or people, graded PROBABILISTIC
POLITICS.POLITICS__ST_NYC_CFB_CAMPAIGN_2021_CONTRIBUTIONS	INTERMEDIARY_EMPLOYER_STATE	C2 name tag holds something else	places; org words 0.0%, people 0.0%; e.g. ['NY']	minor	name keys only on columns holding organizations or people, graded PROBABILISTIC
POLITICS.POLITICS__ST_NYC_CFB_CAMPAIGN_2025_CONTRIBUTIONS	RECIPIENT_ID	C2 name tag holds something else	numbers; org words 0.0%, people 0.0%; e.g. ['1682', 'Z202', '2436']	minor	name keys only on columns holding organizations or people, graded PROBABILISTIC
POLITICS.POLITICS__ST_NYC_CFB_CAMPAIGN_2025_CONTRIBUTIONS	STREET_NUMBER	C2 tag fails its format	ADDRESS: 0 of 2000 sampled rows filled	moderate	fix the rule in connect/keys.py or portal_recon/tag_portal_index.py, then re-tag
POLITICS.POLITICS__ST_NYC_CFB_CAMPAIGN_2025_CONTRIBUTIONS	EMPLOYER_STREET_NUMBER	C2 name tag holds something else	numbers; org words 0.1%, people 0.0%; e.g. ['1500', '1550', '250']	minor	name keys only on columns holding organizations or people, graded PROBABILISTIC
POLITICS.POLITICS__ST_NYC_CFB_CAMPAIGN_2025_CONTRIBUTIONS	EMPLOYER_STREET_NAME	C2 name tag holds something else	places; org words 1.4%, people 0.0%; e.g. ['Thieriot Avenue', 'Broadway', 'East 86th Street']	minor	name keys only on columns holding organizations or people, graded PROBABILISTIC
POLITICS.POLITICS__ST_NYC_CFB_CAMPAIGN_2025_CONTRIBUTIONS	EMPLOYER_CITY	C2 name tag holds something else	places; org words 1.5%, people 0.1%; e.g. ['The Bronx', 'Bronx', 'New York']	minor	name keys only on columns holding organizations or people, graded PROBABILISTIC
POLITICS.POLITICS__ST_NYC_CFB_CAMPAIGN_2025_CONTRIBUTIONS	EMPLOYER_STATE	C2 name tag holds something else	places; org words 1.1%, people 0.0%; e.g. ['NY', 'TN', 'IL']	minor	name keys only on columns holding organizations or people, graded PROBABILISTIC
POLITICS.POLITICS__ST_NYC_CFB_CAMPAIGN_2025_CONTRIBUTIONS	INTERMEDIARY_STREET_NUMBER	C2 tag fails its format	ADDRESS: 0 of 2000 sampled rows filled	moderate	fix the rule in connect/keys.py or portal_recon/tag_portal_index.py, then re-tag
POLITICS.POLITICS__ST_NYC_CFB_CAMPAIGN_2025_CONTRIBUTIONS	INTERMEDIARY_EMPLOYER_STREET_NUMBER	C2 name tag holds something else	numbers; org words 0.0%, people 0.0%; e.g. ['147', '1', '88-10']	minor	name keys only on columns holding organizations or people, graded PROBABILISTIC
POLITICS.POLITICS__ST_NYC_CFB_CAMPAIGN_2025_CONTRIBUTIONS	INTERMEDIARY_EMPLOYER_STREET_NAME	C2 name tag holds something else	places; org words 0.0%, people 0.0%; e.g. ['Prince St', 'Hanson Street', '136th St.']	minor	name keys only on columns holding organizations or people, graded PROBABILISTIC
POLITICS.POLITICS__ST_NYC_CFB_CAMPAIGN_2025_CONTRIBUTIONS	INTERMEDIARY_EMPLOYER_CITY	C2 name tag holds something else	places; org words 0.0%, people 0.0%; e.g. ['Brooklyn Heights', 'Brooklyn', 'Kew Gardens']	minor	name keys only on columns holding organizations or people, graded PROBABILISTIC
POLITICS.POLITICS__ST_NYC_CFB_CAMPAIGN_2025_CONTRIBUTIONS	INTERMEDIARY_EMPLOYER_STATE	C2 name tag holds something else	places; org words 0.0%, people 0.0%; e.g. ['NY']	minor	name keys only on columns holding organizations or people, graded PROBABILISTIC
POLITICS.POLITICS__XC_JCS_SCOTUS	JUSTICENAME	C2 name tag holds something else	single words or codes; org words 0.0%, people 0.0%; e.g. ['ACBarrett', 'AFortas', 'AJGoldberg']	minor	name keys only on columns holding organizations or people, graded PROBABILISTIC
PROCUREMENT.PROCUREMENT__FED_SAM_EXCLUSIONS	NPI	C2 tag fails its format	NPI: 40.7% of 231 sampled values fit; e.g. ['1982800207', '0000000000', '1245228568']	severe	fix the rule in connect/keys.py or portal_recon/tag_portal_index.py, then re-tag
PROCUREMENT.PROCUREMENT__FED_SAM_EXCLUSIONS	NPI	C2 catalog regex tag wrong	NPI: 40.7% fit; e.g. ['1982800207', '0000000000', '1245228568']	moderate	retire the regex catalog; tag with the platform tagger
PROCUREMENT.PROCUREMENT__FED_USASPENDING_BULK	RECIPIENT_DUNS	C2 tag fails its format	DUNS: 0 of 2000 sampled rows filled	severe	fix the rule in connect/keys.py or portal_recon/tag_portal_index.py, then re-tag
PROCUREMENT.PROCUREMENT__FED_USASPENDING_BULK	RECIPIENT_PARENT_DUNS	C2 tag fails its format	DUNS: 0 of 2000 sampled rows filled	severe	fix the rule in connect/keys.py or portal_recon/tag_portal_index.py, then re-tag
PROCUREMENT.PROCUREMENT__FED_USASPENDING_BULK	RECIPIENT_COUNTRY_NAME	C2 name tag holds something else	places; org words 0.0%, people 0.0%; e.g. ['UNITED STATES', 'CANADA', 'EL SALVADOR']	minor	name keys only on columns holding organizations or people, graded PROBABILISTIC
PROCUREMENT.PROCUREMENT__FED_USASPENDING_BULK	RECIPIENT_ADDRESS_LINE_1	C2 name tag holds something else	places; org words 1.5%, people 0.0%; e.g. ['3000 POTOMAC AVE', '1680 UNIVERSITY AVE', '176 W MARINE CORPS DR']	minor	name keys only on columns holding organizations or people, graded PROBABILISTIC
PROCUREMENT.PROCUREMENT__FED_USASPENDING_BULK	RECIPIENT_ADDRESS_LINE_2	C2 name tag holds something else	places; org words 0.0%, people 0.0%; e.g. ['STE 311', 'FL 46, STE 4600', 'STE 106']	minor	name keys only on columns holding organizations or people, graded PROBABILISTIC
PROCUREMENT.PROCUREMENT__FED_USASPENDING_BULK	RECIPIENT_CITY_NAME	C2 name tag holds something else	places; org words 1.4%, people 0.0%; e.g. ['ALEXANDRIA', 'ROCHESTER', 'ASAN']	minor	name keys only on columns holding organizations or people, graded PROBABILISTIC
PROCUREMENT.PROCUREMENT__FED_USASPENDING_BULK	RECIPIENT_COUNTY_NAME	C2 name tag holds something else	places; org words 17.9%, people 0.0%; e.g. ['ALEXANDRIA (CITY)', 'MONROE', 'GUAM']	minor	name keys only on columns holding organizations or people, graded PROBABILISTIC
PROCUREMENT.PROCUREMENT__FED_USASPENDING_BULK	PRIME_AWARD_TRANSACTION_RECIPIENT_STATE_FIPS_CODE	C2 catalog regex tag wrong	COUNTY_FIPS: 0.0% fit; e.g. ['51', '36', '66']	moderate	retire the regex catalog; tag with the platform tagger
PROCUREMENT.PROCUREMENT__FED_USASPENDING_BULK	RECIPIENT_STATE_CODE	C2 name tag holds something else	places; org words 3.0%, people 0.0%; e.g. ['VA', 'NY', 'GU']	minor	name keys only on columns holding organizations or people, graded PROBABILISTIC
PROCUREMENT.PROCUREMENT__FED_USASPENDING_BULK	RECIPIENT_STATE_NAME	C2 name tag holds something else	places; org words 1.8%, people 0.0%; e.g. ['VIRGINIA', 'NEW YORK', 'GUAM']	minor	name keys only on columns holding organizations or people, graded PROBABILISTIC
PROCUREMENT.PROCUREMENT__FED_USASPENDING_BULK	PRIME_AWARD_TRANSACTION_RECIPIENT_CD_ORIGINAL	C2 name tag holds something else	single words or codes; org words 5.7%, people 0.0%; e.g. ['GU-98', 'CA-28', 'NV-04']	minor	name keys only on columns holding organizations or people, graded PROBABILISTIC
PROCUREMENT.PROCUREMENT__FED_USASPENDING_BULK	PRIME_AWARD_TRANSACTION_RECIPIENT_CD_CURRENT	C2 name tag holds something else	single words or codes; org words 3.0%, people 0.0%; e.g. ['VA-08', 'NY-25', 'GU-98']	minor	name keys only on columns holding organizations or people, graded PROBABILISTIC
PROCUREMENT.PROCUREMENT__FED_USASPENDING_BULK	RECIPIENT_PHONE_NUMBER	C2 name tag holds something else	numbers; org words 0.0%, people 0.0%; e.g. ['7033100330', '5852786179', '6717341680']	minor	name keys only on columns holding organizations or people, graded PROBABILISTIC
PROCUREMENT.PROCUREMENT__FED_USASPENDING_BULK	RECIPIENT_FAX_NUMBER	C2 name tag holds something else	numbers; org words 0.0%, people 0.0%; e.g. ['7033100494', '6717341682', '8776994881']	minor	name keys only on columns holding organizations or people, graded PROBABILISTIC
PROCUREMENT.PROCUREMENT__FED_USASPENDING_BULK	PRIMARY_PLACE_OF_PERFORMANCE_COUNTRY_NAME	C2 name tag holds something else	places; org words 0.0%, people 0.0%; e.g. ['UNITED STATES', 'IRAQ', 'CANADA']	minor	name keys only on columns holding organizations or people, graded PROBABILISTIC
PROCUREMENT.PROCUREMENT__FED_USASPENDING_BULK	PRIMARY_PLACE_OF_PERFORMANCE_CITY_NAME	C2 name tag holds something else	places; org words 8.1%, people 0.0%; e.g. ['SEATTLE', 'ROCHESTER', 'AIEA']	minor	name keys only on columns holding organizations or people, graded PROBABILISTIC
PROCUREMENT.PROCUREMENT__FED_USASPENDING_BULK	PRIMARY_PLACE_OF_PERFORMANCE_COUNTY_NAME	C2 name tag holds something else	places; org words 14.2%, people 0.0%; e.g. ['KING', 'MONROE', 'HONOLULU']	minor	name keys only on columns holding organizations or people, graded PROBABILISTIC
PROCUREMENT.PROCUREMENT__FED_USASPENDING_BULK	PRIME_AWARD_TRANSACTION_PLACE_OF_PERFORMANCE_STATE_FIPS_CODE	C2 catalog regex tag wrong	COUNTY_FIPS: 0.0% fit; e.g. ['53', '36', '15']	moderate	retire the regex catalog; tag with the platform tagger
PROCUREMENT.PROCUREMENT__FED_USASPENDING_BULK	PRIMARY_PLACE_OF_PERFORMANCE_STATE_NAME	C2 name tag holds something else	places; org words 4.0%, people 0.0%; e.g. ['WASHINGTON', 'NEW YORK', 'HAWAII']	minor	name keys only on columns holding organizations or people, graded PROBABILISTIC
PROCUREMENT.PROCUREMENT__FED_USASPENDING_BULK	EPA_DESIGNATED_PRODUCT_CODE	C2 catalog regex tag wrong	FRS/EPA: 0.0% fit; e.g. ['E', 'A', 'D']	moderate	retire the regex catalog; tag with the platform tagger
PROCUREMENT.PROCUREMENT__FED_USASPENDING_BULK	EPA_DESIGNATED_PRODUCT	C2 catalog regex tag wrong	FRS/EPA: 0.0% fit; e.g. ['NOT REQUIRED', 'MEETS REQUIREMENTS', 'JUSTIFICATION - PERFORMANCE']	moderate	retire the regex catalog; tag with the platform tagger
PROCUREMENT.PROCUREMENT__FED_USASPENDING_BULK	NATIVE_HAWAIIAN_ORGANIZATION_OWNED_FIRM	C2 name tag holds something else	single words or codes; org words 0.0%, people 0.0%; e.g. ['f', 't']	minor	name keys only on columns holding organizations or people, graded PROBABILISTIC
PROCUREMENT.PROCUREMENT__FED_USASPENDING_BULK	US_STATE_GOVERNMENT	C2 tag fails its format	STATE: 0.0% of 2000 sampled values fit; e.g. ['f', 't']	moderate	fix the rule in connect/keys.py or portal_recon/tag_portal_index.py, then re-tag
PROCUREMENT.PROCUREMENT__FED_USASPENDING_BULK	INTERNATIONAL_ORGANIZATION	C2 name tag holds something else	single words or codes; org words 0.0%, people 0.0%; e.g. ['f', 't']	minor	name keys only on columns holding organizations or people, graded PROBABILISTIC
PROCUREMENT.PROCUREMENT__FED_USASPENDING_BULK	FOR_PROFIT_ORGANIZATION	C2 name tag holds something else	single words or codes; org words 0.0%, people 0.0%; e.g. ['f', 't']	minor	name keys only on columns holding organizations or people, graded PROBABILISTIC
PROCUREMENT.PROCUREMENT__FED_USASPENDING_BULK	NONPROFIT_ORGANIZATION	C2 name tag holds something else	single words or codes; org words 0.0%, people 0.0%; e.g. ['t', 'f']	minor	name keys only on columns holding organizations or people, graded PROBABILISTIC
PROCUREMENT.PROCUREMENT__FED_USASPENDING_BULK	OTHER_NOT_FOR_PROFIT_ORGANIZATION	C2 name tag holds something else	single words or codes; org words 0.0%, people 0.0%; e.g. ['f', 't']	minor	name keys only on columns holding organizations or people, graded PROBABILISTIC
PROCUREMENT.PROCUREMENT__FED_USASPENDING_BULK	STATE_CONTROLLED_INSTITUTION_OF_HIGHER_LEARNING	C2 tag fails its format	STATE: 0.0% of 2000 sampled values fit; e.g. ['f', 't']	moderate	fix the rule in connect/keys.py or portal_recon/tag_portal_index.py, then re-tag
PROCUREMENT.PROCUREMENT__INTL_EC_SERCOP	COMPANY_ID	C2 name tag holds something else	single words or codes; org words 0.0%, people 0.0%; e.g. ['EC-RUC-1160006790001', 'EC-RUC-1960138220001', 'EC-RUC-0660801020001']	minor	name keys only on columns holding organizations or people, graded PROBABILISTIC
REFERENCE.REFERENCE__CALENDAR	DAY_NAME	C2 name tag holds something else	single words or codes; org words 0.0%, people 0.0%; e.g. ['Fri', 'Sat', 'Sun']	minor	name keys only on columns holding organizations or people, graded PROBABILISTIC
REFERENCE.REFERENCE__CALENDAR	MONTH_NAME	C2 name tag holds something else	single words or codes; org words 0.0%, people 0.0%; e.g. ['Jan', 'Feb', 'Mar']	minor	name keys only on columns holding organizations or people, graded PROBABILISTIC
REFERENCE.REFERENCE__CENSUS_CB_COUNTY	COUNTYFP	C2 tag fails its format	FIPS: 0.0% of 2000 sampled values fit; e.g. ['001', '015', '193']	moderate	fix the rule in connect/keys.py or portal_recon/tag_portal_index.py, then re-tag
REFERENCE.REFERENCE__CENSUS_CB_COUNTY	NAME	C2 name tag holds something else	single words or codes; org words 0.3%, people 0.0%; e.g. ['Adjuntas', 'Arroyo', 'Macon']	minor	name keys only on columns holding organizations or people, graded PROBABILISTIC
REFERENCE.REFERENCE__CENSUS_CB_COUNTY	STATE_NAME	C2 name tag holds something else	places; org words 0.1%, people 0.0%; e.g. ['Puerto Rico', 'Georgia', 'Indiana']	minor	name keys only on columns holding organizations or people, graded PROBABILISTIC
REFERENCE.REFERENCE__CENSUS_CB_COUNTY	GEOMETRY	C2 tag fails its format	GEOM: 0 of 2000 sampled rows filled	moderate	fix the rule in connect/keys.py or portal_recon/tag_portal_index.py, then re-tag
REFERENCE.REFERENCE__CENSUS_CB_STATE	NAME	C2 name tag holds something else	single words or codes; org words 1.8%, people 0.0%; e.g. ['New Mexico', 'South Dakota', 'California']	minor	name keys only on columns holding organizations or people, graded PROBABILISTIC
REFERENCE.REFERENCE__CENSUS_CB_STATE	GEOMETRY	C2 tag fails its format	GEOM: 0 of 56 sampled rows filled	moderate	fix the rule in connect/keys.py or portal_recon/tag_portal_index.py, then re-tag
REFERENCE.REFERENCE__CENSUS_CB_ZCTA	GEOMETRY	C2 tag fails its format	GEOM: 0 of 2000 sampled rows filled	moderate	fix the rule in connect/keys.py or portal_recon/tag_portal_index.py, then re-tag
REFERENCE.REFERENCE__FED_DHS_HIFLD	ADDRESS	C2 tag fails its format	ADDRESS: 0 of 500 sampled rows filled	moderate	fix the rule in connect/keys.py or portal_recon/tag_portal_index.py, then re-tag
REFERENCE.REFERENCE__FED_DHS_HIFLD	STATE	C2 tag fails its format	STATE: 0 of 500 sampled rows filled	moderate	fix the rule in connect/keys.py or portal_recon/tag_portal_index.py, then re-tag
REFERENCE.REFERENCE__FED_DHS_HIFLD	ZIP	C2 tag fails its format	ZIP: 0 of 500 sampled rows filled	moderate	fix the rule in connect/keys.py or portal_recon/tag_portal_index.py, then re-tag
REFERENCE.REFERENCE__FED_DHS_HIFLD	FIPS	C2 tag fails its format	FIPS: 0 of 500 sampled rows filled	moderate	fix the rule in connect/keys.py or portal_recon/tag_portal_index.py, then re-tag
REFERENCE.REFERENCE__FED_DHS_HIFLD	LATITUDE	C2 tag fails its format	LATLON: 0 of 500 sampled rows filled	moderate	fix the rule in connect/keys.py or portal_recon/tag_portal_index.py, then re-tag
REFERENCE.REFERENCE__FED_DHS_HIFLD	LONGITUDE	C2 tag fails its format	LATLON: 0 of 500 sampled rows filled	moderate	fix the rule in connect/keys.py or portal_recon/tag_portal_index.py, then re-tag
REFERENCE.REFERENCE__FED_ITIS_KINGDOMS	KINGDOM_NAME	C2 name tag holds something else	single words or codes; org words 0.0%, people 0.0%; e.g. ['Bacteria', 'Protozoa', 'Plantae']	minor	name keys only on columns holding organizations or people, graded PROBABILISTIC
REFERENCE.REFERENCE__FED_ITIS_TAXON_UNIT_TYPES	RANK_NAME	C2 name tag holds something else	single words or codes; org words 0.0%, people 0.0%; e.g. ['Kingdom', 'Subkingdom', 'Phylum']	minor	name keys only on columns holding organizations or people, graded PROBABILISTIC
REFERENCE.REFERENCE__FED_USGS_GNIS_ALL_NAMES	NAME_CITATION_ID	C2 name tag holds something else	single words or codes; org words 0.0%, people 0.0%; e.g. ['285d4feea271ac3ca3314eac43d8c06b', 'aaab656579dffd9a62d1ad6b0bc7f8fb', 'a9dfb15f60e30ef85cae7c2cb0f08226']	minor	name keys only on columns holding organizations or people, graded PROBABILISTIC
REFERENCE.REFERENCE__FED_USGS_GNIS_ALL_NAMES	FEATURE_NAME_OFFICIAL	C2 name tag holds something else	single words or codes; org words 0.0%, people 0.0%; e.g. ['Official', 'Variant']	minor	name keys only on columns holding organizations or people, graded PROBABILISTIC
REFERENCE.REFERENCE__FED_USGS_TOPOVIEW	SOURCENAME	C2 name tag holds something else	single words or codes; org words 0.0%, people 0.0%; e.g. ['ScienceBase']	minor	name keys only on columns holding organizations or people, graded PROBABILISTIC
REFERENCE.REFERENCE__FED_USGS_TOPOVIEW	FIPS	C2 tag fails its format	FIPS: 0 of 250 sampled rows filled	moderate	fix the rule in connect/keys.py or portal_recon/tag_portal_index.py, then re-tag
REFERENCE.REFERENCE__FED_USGS_TOPOVIEW	STATE	C2 tag fails its format	STATE: 0 of 250 sampled rows filled	moderate	fix the rule in connect/keys.py or portal_recon/tag_portal_index.py, then re-tag
REFERENCE.REFERENCE__INTL_EG_CAPMAS	INDICATOR_NAME	C2 name tag holds something else	single words or codes; org words 0.0%, people 0.0%; e.g. ['Login', 'Sign Up', 'Data Catalog']	minor	name keys only on columns holding organizations or people, graded PROBABILISTIC
REFERENCE.REFERENCE__INTL_GDELT	ACTOR1NAME	C2 name tag holds something else	single words or codes; org words 2.5%, people 0.0%; e.g. ['UNITED KINGDOM', 'UNITED STATES', 'HAWAII']	minor	name keys only on columns holding organizations or people, graded PROBABILISTIC
REFERENCE.REFERENCE__INTL_GDELT	ACTOR2NAME	C2 name tag holds something else	single words or codes; org words 0.0%, people 0.0%; e.g. ['CHR', 'HIN', 'MOS']	minor	name keys only on columns holding organizations or people, graded PROBABILISTIC
REFERENCE.REFERENCE__INTL_GDELT	ACTOR2COUNTRYCODE	C2 tag fails its format	COUNTRY: 0 of 1015 sampled rows filled	moderate	fix the rule in connect/keys.py or portal_recon/tag_portal_index.py, then re-tag
REFERENCE.REFERENCE__INTL_GDELT	ACTOR2GEO_FULLNAME	C2 name tag holds something else	numbers; org words 0.0%, people 0.0%; e.g. ['1', '2', '3']	minor	name keys only on columns holding organizations or people, graded PROBABILISTIC
REFERENCE.REFERENCE__INTL_GDELT	ACTIONGEO_FULLNAME	C2 name tag holds something else	numbers; org words 0.0%, people 0.0%; e.g. ['0.55493895671476', '-5.85325638911789', '1.63398692810457']	minor	name keys only on columns holding organizations or people, graded PROBABILISTIC
REFERENCE.REFERENCE__XC_ROR_RESEARCH_ORGANIZATIONS	DISPLAY_NAME_LANG	C2 name tag holds something else	single words or codes; org words 0.0%, people 0.0%; e.g. ['no_lang_code', 'en', 'id']	minor	name keys only on columns holding organizations or people, graded PROBABILISTIC
REFERENCE.REFERENCE__XC_ROR_RESEARCH_ORGANIZATIONS	LOCATION_NAME	C2 name tag holds something else	"single words or codes; org words 1.6%, people 0.0%; e.g. ['Germantown', 'Hangzhou', ""Xi'an""]"	minor	name keys only on columns holding organizations or people, graded PROBABILISTIC
REFERENCE.REFERENCE__XC_ROR_RESEARCH_ORGANIZATIONS	COUNTRY_NAME	C2 name tag holds something else	places; org words 0.0%, people 0.0%; e.g. ['United States', 'China', 'Germany']	minor	name keys only on columns holding organizations or people, graded PROBABILISTIC
REFERENCE.REFERENCE__XC_ROR_RESEARCH_ORGANIZATIONS	SUBDIVISION_NAME	C2 name tag holds something else	single words or codes; org words 2.5%, people 0.0%; e.g. ['Maryland', 'Zhejiang', 'Shaanxi']	minor	name keys only on columns holding organizations or people, graded PROBABILISTIC
REFERENCE.REF__DIM_GEOGRAPHY	STATE_FIPS	C2 catalog regex tag wrong	COUNTY_FIPS: 0.0% fit; e.g. ['36', 'NY', '39']	moderate	retire the regex catalog; tag with the platform tagger
REFERENCE.REF__DIM_GEOGRAPHY	COUNTY_FIPS_SUFFIX	C2 tag fails its format	FIPS: 0.0% of 2000 sampled values fit; e.g. ['111', '079', '077']	moderate	fix the rule in connect/keys.py or portal_recon/tag_portal_index.py, then re-tag
REFERENCE.REF__DIM_GEOGRAPHY	COUNTY_FIPS_SUFFIX	C2 catalog regex tag wrong	COUNTY_FIPS: 0.0% fit; e.g. ['111', '079', '077']	moderate	retire the regex catalog; tag with the platform tagger
REFERENCE.REF__DIM_GEOGRAPHY	COUNTY_NAME	C2 name tag holds something else	places; org words 5.6%, people 0.0%; e.g. ['ULSTER', 'PUTNAM', 'OTSEGO']	minor	name keys only on columns holding organizations or people, graded PROBABILISTIC
REFERENCE.REF__DIM_GEOGRAPHY	STATE_NAME	C2 name tag holds something else	places; org words 0.1%, people 0.0%; e.g. ['NEW YORK', 'OHIO', 'OKLAHOMA']	minor	name keys only on columns holding organizations or people, graded PROBABILISTIC
REFERENCE.REF__DIM_GEOGRAPHY	EPA_REGION	C2 catalog regex tag wrong	FRS/EPA: 0.0% fit; e.g. ['02', '05', '06']	moderate	retire the regex catalog; tag with the platform tagger
REFERENCE.REF__DIM_GEOGRAPHY	FACILITY_COUNT	C2 name tag holds something else	numbers; org words 0.0%, people 0.0%; e.g. ['1488', '745', '695']	minor	name keys only on columns holding organizations or people, graded PROBABILISTIC
REFERENCE.REF__DIM_STATE	STATE_FIPS	C2 catalog regex tag wrong	COUNTY_FIPS: 0.0% fit; e.g. ['01', '02', '04']	moderate	retire the regex catalog; tag with the platform tagger
REFERENCE.REF__DIM_STATE	STATE_NAME	C2 name tag holds something else	places; org words 1.8%, people 0.0%; e.g. ['Alabama', 'Alaska', 'Arizona']	minor	name keys only on columns holding organizations or people, graded PROBABILISTIC
SCIENCE.SCIENCE__FED_NSF_AWARDS	PROGRAM_NAME	C2 name tag holds something else	things, not names; org words 5.2%, people 0.0%; e.g. ['Workforce (MSPRF) MathSciPDFel', 'CyberTraining - Training-based', 'APPLIED MATHEMATICS']	minor	name keys only on columns holding organizations or people, graded PROBABILISTIC
SCIENCE.SCIENCE__FED_NSF_AWARDS	EIN	C2 tag fails its format	EIN: 0 of 115 sampled rows filled	severe	fix the rule in connect/keys.py or portal_recon/tag_portal_index.py, then re-tag
SCIENCE.SCIENCE__INTL_EMBL_ENSEMBL	SEQ_REGION_NAME	C2 name tag holds something else	numbers; org words 0.0%, people 0.0%; e.g. ['17', '13', '7']	minor	name keys only on columns holding organizations or people, graded PROBABILISTIC
SCIENCE.SCIENCE__INTL_EMBL_ENSEMBL	SOURCE_NAME	C2 name tag holds something else	single words or codes; org words 0.0%, people 0.0%; e.g. ['ensembl_havana', 'havana', 'havana_tagene']	minor	name keys only on columns holding organizations or people, graded PROBABILISTIC
SCIENCE.SCIENCE__INTL_EMBL_ENSEMBL	PRIMARY_ACCESSION	C2 catalog regex tag wrong	ACCESSION: 0.0% fit; e.g. ['ENSG00000012048', 'ENST00000497488', 'ENST00000489037']	moderate	retire the regex catalog; tag with the platform tagger
SCIENCE_RESEARCH.SCIENCE_RESEARCH__FED_NIH_REPORTER	ORG_STATE	C2 tag fails its format	STATE: 0 of 2000 sampled rows filled	moderate	fix the rule in connect/keys.py or portal_recon/tag_portal_index.py, then re-tag
SCIENCE_RESEARCH.SCIENCE_RESEARCH__FED_NIH_REPORTER	ORG_COUNTRY	C2 tag fails its format	COUNTRY: 0 of 2000 sampled rows filled	moderate	fix the rule in connect/keys.py or portal_recon/tag_portal_index.py, then re-tag
SCIENCE_RESEARCH.SCIENCE_RESEARCH__FED_NIH_REPORTER	ORG_ZIP	C2 tag fails its format	ZIP: 0 of 2000 sampled rows filled	moderate	fix the rule in connect/keys.py or portal_recon/tag_portal_index.py, then re-tag
SCIENCE_RESEARCH.SCIENCE_RESEARCH__FED_NIH_REPORTER	ORG_FIPS	C2 tag fails its format	FIPS: 0 of 2000 sampled rows filled	moderate	fix the rule in connect/keys.py or portal_recon/tag_portal_index.py, then re-tag
SCIENCE_RESEARCH.SCIENCE_RESEARCH__FED_SBIR_STTR_AWARDS	COMPANY_WEBSITE	C2 name tag holds something else	single words or codes; org words 2.9%, people 0.1%; e.g. ['https://www.afasci.com', 'https://www.spectrumvalves.com', 'svta.com']	minor	name keys only on columns holding organizations or people, graded PROBABILISTIC
SCIENCE_RESEARCH.SCIENCE_RESEARCH__FED_SBIR_STTR_AWARDS	STATE	C2 tag fails its format	STATE: 0.0% of 2000 sampled values fit; e.g. ['California', 'Oregon', 'New Jersey']	moderate	fix the rule in connect/keys.py or portal_recon/tag_portal_index.py, then re-tag
SCIENCE_RESEARCH.SCIENCE_RESEARCH__FED_SBIR_STTR_AWARDS	STATE	C2 catalog regex tag wrong	STATE: 0.0% fit; e.g. ['California', 'Oregon', 'New Jersey']	moderate	retire the regex catalog; tag with the platform tagger
SCIENCE_RESEARCH.SCIENCE_RESEARCH__XC_OSF_REGISTRATIONS	REVIEWS_STATE	C2 tag fails its format	STATE: 0.0% of 10 sampled values fit; e.g. ['accepted']	moderate	fix the rule in connect/keys.py or portal_recon/tag_portal_index.py, then re-tag
SCIENCE_RESEARCH.SCIENCE_RESEARCH__XC_OSF_REGISTRATIONS	REVIEWS_STATE	C2 catalog regex tag wrong	STATE: 0.0% fit; e.g. ['accepted']	moderate	retire the regex catalog; tag with the platform tagger
SCIENCE_RESEARCH.SCIENCE_RESEARCH__XC_OSF_REGISTRATIONS	REVISION_STATE	C2 tag fails its format	STATE: 0.0% of 10 sampled values fit; e.g. ['approved']	moderate	fix the rule in connect/keys.py or portal_recon/tag_portal_index.py, then re-tag
SCIENCE_RESEARCH.SCIENCE_RESEARCH__XC_OSF_REGISTRATIONS	REVISION_STATE	C2 catalog regex tag wrong	STATE: 0.0% fit; e.g. ['approved']	moderate	retire the regex catalog; tag with the platform tagger
TRANSPORT.TRANSPORT__FED_DOT_BTS	STATE_FIPS	C2 tag fails its format	FIPS: 0 of 21 sampled rows filled	moderate	fix the rule in connect/keys.py or portal_recon/tag_portal_index.py, then re-tag
TRANSPORT.TRANSPORT__FED_DOT_BTS	COUNTY_FIPS	C2 tag fails its format	FIPS: 0 of 21 sampled rows filled	moderate	fix the rule in connect/keys.py or portal_recon/tag_portal_index.py, then re-tag
TRANSPORT.TRANSPORT__FED_FRA_CASUALTIES	COUNTY_NAME	C2 name tag holds something else	places; org words 0.0%, people 0.0%; e.g. ['RAPIDES', 'JEFFERSON', 'BANNOCK']	minor	name keys only on columns holding organizations or people, graded PROBABILISTIC
TRANSPORT.TRANSPORT__FED_FRA_CASUALTIES	STATE_CODE	C2 tag fails its format	STATE: 0.0% of 2000 sampled values fit; e.g. ['48', '22', '19']	moderate	fix the rule in connect/keys.py or portal_recon/tag_portal_index.py, then re-tag
TRANSPORT.TRANSPORT__FED_FRA_CASUALTIES	STATE_CODE	C2 catalog regex tag wrong	STATE: 0.0% fit; e.g. ['48', '22', '19']	moderate	retire the regex catalog; tag with the platform tagger
TRANSPORT.TRANSPORT__FED_FRA_CASUALTIES	STATE_NAME	C2 name tag holds something else	places; org words 0.0%, people 0.0%; e.g. ['TEXAS', 'LOUISIANA', 'IOWA']	minor	name keys only on columns holding organizations or people, graded PROBABILISTIC
TRANSPORT.TRANSPORT__FED_FRA_CROSSING_INCIDENTS	COUNTY_NAME	C2 name tag holds something else	places; org words 0.0%, people 0.0%; e.g. ['DURHAM', 'STANLY', 'MECKLENBURG']	minor	name keys only on columns holding organizations or people, graded PROBABILISTIC
TRANSPORT.TRANSPORT__FED_FRA_CROSSING_INCIDENTS	STATE_CODE	C2 tag fails its format	STATE: 0.0% of 2000 sampled values fit; e.g. ['37', '38', '31']	moderate	fix the rule in connect/keys.py or portal_recon/tag_portal_index.py, then re-tag
TRANSPORT.TRANSPORT__FED_FRA_CROSSING_INCIDENTS	STATE_CODE	C2 catalog regex tag wrong	STATE: 0.0% fit; e.g. ['37', '38', '31']	moderate	retire the regex catalog; tag with the platform tagger
TRANSPORT.TRANSPORT__FED_FRA_CROSSING_INCIDENTS	STATE_NAME	C2 name tag holds something else	places; org words 0.0%, people 0.0%; e.g. ['NORTH CAROLINA', 'NORTH DAKOTA', 'NEBRASKA']	minor	name keys only on columns holding organizations or people, graded PROBABILISTIC
TRANSPORT.TRANSPORT__FED_FRA_CROSSING_INCIDENTS	CITY_NAME	C2 name tag holds something else	places; org words 4.1%, people 0.0%; e.g. ['DURHAM', 'NORWOOD', 'CHARLOTTE']	minor	name keys only on columns holding organizations or people, graded PROBABILISTIC
TRANSPORT.TRANSPORT__FED_FRA_EQUIPMENT_ACCIDENTS	STATE_CODE	C2 tag fails its format	STATE: 0.0% of 2000 sampled values fit; e.g. ['39', '31', '54']	moderate	fix the rule in connect/keys.py or portal_recon/tag_portal_index.py, then re-tag
TRANSPORT.TRANSPORT__FED_FRA_EQUIPMENT_ACCIDENTS	STATE_CODE	C2 catalog regex tag wrong	STATE: 0.0% fit; e.g. ['39', '31', '54']	moderate	retire the regex catalog; tag with the platform tagger
TRANSPORT.TRANSPORT__FED_FRA_EQUIPMENT_ACCIDENTS	STATE_NAME	C2 name tag holds something else	places; org words 0.4%, people 0.0%; e.g. ['OHIO', 'NEBRASKA', 'WEST VIRGINIA']	minor	name keys only on columns holding organizations or people, graded PROBABILISTIC
TRANSPORT.TRANSPORT__FED_FRA_EQUIPMENT_ACCIDENTS	COUNTY_NAME	C2 name tag holds something else	places; org words 0.0%, people 0.4%; e.g. ['HAMILTON', 'DAKOTA', 'MINGO']	minor	name keys only on columns holding organizations or people, graded PROBABILISTIC
TRANSPORT.TRANSPORT__FED_FRA_SAFETY	RAILROAD_NAME	C2 name tag holds something else	single words or codes; org words 0.0%, people 0.0%; e.g. ['N/A']	minor	name keys only on columns holding organizations or people, graded PROBABILISTIC
TRANSPORT.TRANSPORT__FED_FRA_SAFETY	STATE_FIPS	C2 tag fails its format	FIPS: 0.0% of 1 sampled values fit; e.g. ['N/A']	moderate	fix the rule in connect/keys.py or portal_recon/tag_portal_index.py, then re-tag
TRANSPORT.TRANSPORT__FED_FRA_SAFETY	STATE_FIPS	C2 catalog regex tag wrong	COUNTY_FIPS: 0.0% fit; e.g. ['N/A']	moderate	retire the regex catalog; tag with the platform tagger
TRANSPORT.TRANSPORT__FED_FRA_SAFETY	COUNTY_FIPS	C2 tag fails its format	FIPS: 0.0% of 1 sampled values fit; e.g. ['N/A']	moderate	fix the rule in connect/keys.py or portal_recon/tag_portal_index.py, then re-tag
TRANSPORT.TRANSPORT__FED_FRA_SAFETY	COUNTY_FIPS	C2 catalog regex tag wrong	COUNTY_FIPS: 0.0% fit; e.g. ['N/A']	moderate	retire the regex catalog; tag with the platform tagger
TRANSPORT.TRANSPORT__FED_NTSB_AVIATION_AIRCRAFT	OPER_INDIVIDUAL_NAME	C2 name tag holds something else	single words or codes; org words 0.0%, people 0.0%; e.g. ['N', 'Y']	minor	name keys only on columns holding organizations or people, graded PROBABILISTIC
TRANSPORT.TRANSPORT__FED_NTSB_AVIATION_AIRCRAFT	OPER_ADDR_SAME	C2 tag fails its format	ADDRESS: 0 of 2000 sampled rows filled	moderate	fix the rule in connect/keys.py or portal_recon/tag_portal_index.py, then re-tag
TRANSPORT.TRANSPORT__FED_NTSB_AVIATION_EVENTS	NTSB_DOCKET	C2 tag fails its format	DOCKET: 0 of 2000 sampled rows filled	moderate	fix the rule in connect/keys.py or portal_recon/tag_portal_index.py, then re-tag
ECONOMICS.ECONOMICS__FED_GRANTS_GOV	CFDA_NUMBERS	C3 untagged key, by name	"name says CFDA; e.g. [""['93.113']"", ""['16.601']"", ""['45.040']""]"	minor	decide if this key family joins the vocabulary
ECONOMICS.ECONOMICS__FED_SBA_LOANS	NAICS_DESCRIPTION	C3 untagged key, by name	name says NAICS; e.g. ['Full-Service Restaurants', 'Offices of Certified Public Accountants', 'Offices of Lawyers']	minor	decide if this key family joins the vocabulary
ECONOMICS.ECONOMICS__FED_USASPENDING_ASSISTANCE_FULL	CFDA_TITLE	C3 untagged key, by name	name says CFDA; e.g. ['VA HOMELESS PROVIDERS GRANT AND PER DIEM PROGRAM', 'STATE AND COMMUNITY HIGHWAY SAFETY', 'NATIONAL HIGHWAY TRAFFIC SAFETY ADMINISTRATION (NHTSA) DISCRETIONARY SAFETY GRANTS']	minor	decide if this key family joins the vocabulary
ECONOMICS.ECONOMICS__FED_USASPENDING_CONTRACTS	NAICS_DESCRIPTION	C3 untagged key, by name	name says NAICS; e.g. ['GENERAL FREIGHT TRUCKING, LOCAL', 'TELECOMMUNICATIONS RESELLERS', 'WIRED TELECOMMUNICATIONS CARRIERS']	minor	decide if this key family joins the vocabulary
ECONOMICS.ECONOMICS__FED_USASPENDING_CONTRACTS_FULL	NAICS_DESCRIPTION	C3 untagged key, by name	name says NAICS; e.g. ['TILE AND TERRAZZO CONTRACTORS', 'ENGINEERING SERVICES', 'SURGICAL AND MEDICAL INSTRUMENT MANUFACTURING']	minor	decide if this key family joins the vocabulary
ECONOMICS.ECONOMICS__FED_USASPENDING_CONTRACTS_FULL_R2	NAICS_DESCRIPTION	C3 untagged key, by name	"name says NAICS; e.g. ['MEDICAL, DENTAL, AND HOSPITAL EQUIPMENT AND SUPPLIES MERCHANT WHOLESALERS', 'TRANSLATION AND INTERPRETATION SERVICES', ""DRUGS AND DRUGGISTS' SUNDRIES MERCHANT WHOLESALERS""]"	minor	decide if this key family joins the vocabulary
ENVIRONMENT.ENVIRONMENT__FED_EPA_NPDES_NPDES_NAICS	NAICS_DESC	C3 untagged key, by name	name says NAICS; e.g. ['Seafood Product Preparation and Packaging', 'Petroleum Bulk Stations and Terminals', 'Nitrogenous Fertilizer Manufacturing']	minor	decide if this key family joins the vocabulary
ENVIRONMENT.ENVIRONMENT__FED_EPA_NPDES_NPDES_SICS	SIC_DESC	C3 untagged key, by name	name says SIC; e.g. ['Canned And Cured Fish And Seafoods', 'Fresh Or Frozen Prepared Fish', 'Petroleum Refining']	minor	decide if this key family joins the vocabulary
HEALTH.HEALTH__FED_CDC_NNDSS_WEEKLY_2024	SORT_ORDER	C3 untagged key, by value	NDC 100% of distinct sampled values; e.g. ['20233000388', '20233005368', '20233005512']	moderate	add a table-scoped rule or token rule, then re-tag
HEALTH.HEALTH__FED_CDC_WONDER	ICD_CHAPTER	C3 untagged key, by name	name says ICD; e.g. ['Certain infectious and parasitic diseases', 'Neoplasms', 'Diseases of the blood and blood-forming organs and certain disorders involving the immune mechanism']	minor	decide if this key family joins the vocabulary
HEALTH.HEALTH__FED_CMS_MEDICARE_DURABLE_MEDICAL_EQUIPMENT_DEVICES_SUPPLIES_BY_REFER	TOT_SUPLR_HCPCS_CDS	C3 untagged key, by name	name says HCPCS; e.g. ['12', '16', '5']	minor	decide if this key family joins the vocabulary
HEALTH.HEALTH__FED_CMS_MEDICARE_DURABLE_MEDICAL_EQUIPMENT_DEVICES_SUPPLIES_BY_REFER	DME_TOT_SUPLR_HCPCS_CDS	C3 untagged key, by name	name says HCPCS; e.g. ['10', '16', '5']	minor	decide if this key family joins the vocabulary
HEALTH.HEALTH__FED_CMS_MEDICARE_DURABLE_MEDICAL_EQUIPMENT_DEVICES_SUPPLIES_BY_REFER	POS_TOT_SUPLR_HCPCS_CDS	C3 untagged key, by name	name says HCPCS; e.g. ['0', '4', '9']	minor	decide if this key family joins the vocabulary
HEALTH.HEALTH__FED_CMS_MEDICARE_DURABLE_MEDICAL_EQUIPMENT_DEVICES_SUPPLIES_BY_REFER	DRUG_TOT_SUPLR_HCPCS_CDS	C3 untagged key, by name	name says HCPCS; e.g. ['0', '5', '7']	minor	decide if this key family joins the vocabulary
HEALTH.HEALTH__FED_CMS_MEDICARE_DURABLE_MEDICAL_EQUIPMENT_DEVICES_SUPPLIES_BY_SUPPL	HCPCS_DESC	C3 untagged key, by name	name says HCPCS; e.g. ['Albuterol, inhalation solution, fda-approved final product, non-compounded, administered through dme, unit dose, 1 mg', 'Pharmacy dispensing fee for inhalation drug(s); per 30 days', 'Frames, purchases']	minor	decide if this key family joins the vocabulary
HEALTH.HEALTH__FED_CMS_MEDICARE_PHYSICIAN_OTHER_PRACTITIONERS_BY_PROVIDER	TOT_HCPCS_CDS	C3 untagged key, by name	name says HCPCS; e.g. ['15', '21', '41']	minor	decide if this key family joins the vocabulary
HEALTH.HEALTH__FED_CMS_MEDICARE_PHYSICIAN_OTHER_PRACTITIONERS_BY_PROVIDER	DRUG_TOT_HCPCS_CDS	C3 untagged key, by name	name says HCPCS; e.g. ['0', '2', '7']	minor	decide if this key family joins the vocabulary
HEALTH.HEALTH__FED_CMS_MEDICARE_PHYSICIAN_OTHER_PRACTITIONERS_BY_PROVIDER	MED_TOT_HCPCS_CDS	C3 untagged key, by name	name says HCPCS; e.g. ['15', '21', '39']	minor	decide if this key family joins the vocabulary
HEALTH.HEALTH__FED_CMS_MEDICARE_PHYSICIAN_OTHER_PRACTITIONERS_BY_PROVIDER_AND_SERVI	HCPCS_DESC	C3 untagged key, by name	name says HCPCS; e.g. ['Injection, denosumab, 1 mg', 'Injection, zoledronic acid, 1 mg', 'Blood test, comprehensive group of blood chemicals']	minor	decide if this key family joins the vocabulary
HEALTH.HEALTH__FED_CMS_MEDICARE_PHYSICIAN_OTHER_PRACTITIONERS_BY_PROVIDER_AND_SERVI	HCPCS_DRUG_IND	C3 untagged key, by name	name says HCPCS; e.g. ['Y', 'N']	minor	decide if this key family joins the vocabulary
HEALTH.HEALTH__FED_CMS_MEDICARE_PROVIDER	TOT_HCPCS_CDS	C3 untagged key, by name	name says HCPCS; e.g. ['33', '39', '35']	minor	decide if this key family joins the vocabulary
HEALTH.HEALTH__FED_CMS_MEDICARE_PROVIDER	DRUG_TOT_HCPCS_CDS	C3 untagged key, by name	name says HCPCS; e.g. ['7', '0', '5']	minor	decide if this key family joins the vocabulary
HEALTH.HEALTH__FED_CMS_MEDICARE_PROVIDER	MED_TOT_HCPCS_CDS	C3 untagged key, by name	name says HCPCS; e.g. ['26', '39', '28']	minor	decide if this key family joins the vocabulary
HEALTH.HEALTH__FED_FDA_DRUG_ENFORCEMENT	PRODUCT_NDC_LIST	C3 untagged key, by name	name says NDC; e.g. ['42192-327, 42192-329, 42192-330, 42192-331, 42192-328', '42291-366, 42291-367, 42291-368, 42291-369', '13668-268, 13668-271']	minor	decide if this key family joins the vocabulary
HEALTH.HEALTH__FED_HRSA_NPDB	PRIOR_DEA_REPORTS	C3 untagged key, by name	name says DEA_NO; e.g. ['0', '1', '7']	minor	decide if this key family joins the vocabulary
HOUSING.HOUSING__FED_CFPB_HMDA	CENSUS_TRACT	C3 untagged key, by value	NDC 100% of distinct sampled values; e.g. ['11001007407', '11001001003', '11001002503']	moderate	add a table-scoped rule or token rule, then re-tag
HOUSING.HOUSING__FED_CFPB_HMDA_DC_ONLY	CENSUS_TRACT	C3 untagged key, by value	NDC 100% of distinct sampled values; e.g. ['11001007407', '11001001003', '11001002503']	moderate	add a table-scoped rule or token rule, then re-tag
HOUSING.HOUSING__FED_CFPB_HMDA_LAR	CENSUS_TRACT	C3 untagged key, by value	NDC 100% of distinct sampled values; e.g. ['11001007809', '11001000804', '11001002201']	moderate	add a table-scoped rule or token rule, then re-tag
HOUSING.HOUSING__FED_HUD_PUBLIC_HOUSING_AUTHORITIES	STD_ZIP11	C3 untagged key, by value	NDC 100% of distinct sampled values; e.g. ['99504438799', '35233190526', '36602232351']	moderate	add a table-scoped rule or token rule, then re-tag
HOUSING.HOUSING__FED_HUD_PUBLIC_HOUSING_AUTHORITIES	TRACT_LEVEL_KEY	C3 untagged key, by value	NDC 100% of distinct sampled values; e.g. ['02020001602', '01073004502', '01097000200']	moderate	add a table-scoped rule or token rule, then re-tag
LABOR.LABOR__FED_OSHA_ITA_300A_SUMMARY_2023	NAICS_YEAR	C3 untagged key, by name	name says NAICS; e.g. ['2022', '2012', '2017']	minor	decide if this key family joins the vocabulary
LABOR.LABOR__FED_OSHA_ITA_300A_SUMMARY_2024	NAICS_YEAR	C3 untagged key, by name	name says NAICS; e.g. ['2022', '2017', '2012']	minor	decide if this key family joins the vocabulary
LABOR.LABOR__FED_OSHA_ITA_300A_SUMMARY_2025	NAICS_YEAR	C3 untagged key, by name	name says NAICS; e.g. ['2012.0', '2022.0', '2017.0']	minor	decide if this key family joins the vocabulary
LABOR.LABOR__FED_OSHA_ITA_CASE_DETAIL_2023	NAICS_YEAR	C3 untagged key, by name	name says NAICS; e.g. ['2022.0', '2012.0', '2017.0']	minor	decide if this key family joins the vocabulary
LABOR.LABOR__FED_OSHA_ITA_CASE_DETAIL_2024	NAICS_YEAR	C3 untagged key, by name	name says NAICS; e.g. ['2022.0', '2012.0', '2017.0']	minor	decide if this key family joins the vocabulary
LABOR.LABOR__FED_OSHA_ITA_CASE_DETAIL_2025	NAICS_YEAR	C3 untagged key, by name	name says NAICS; e.g. ['2022.0', '2012.0', '2017.0']	minor	decide if this key family joins the vocabulary
LEGAL_ENFORCEMENT.LEGAL_ENFORCEMENT__FED_NAAG_MULTISTATE_SETTLEMENTS	RELATED6DIGITNAICSCODE	C3 untagged key, by name	name says NAICS; e.g. ['446110', '325412', '522110']	minor	decide if this key family joins the vocabulary
LEGAL_ENFORCEMENT.LEGAL_ENFORCEMENT__FED_NAAG_MULTISTATE_SETTLEMENTS	RELATED4DIGITNAICSCODE	C3 untagged key, by name	name says NAICS; e.g. ['4461', '3254', '5221']	minor	decide if this key family joins the vocabulary
PROCUREMENT.PROCUREMENT__FED_USASPENDING_BULK	NAICS_DESCRIPTION	C3 untagged key, by name	name says NAICS; e.g. ['OFFICE FURNITURE (EXCEPT WOOD) MANUFACTURING', 'SAW BLADE AND HANDTOOL MANUFACTURING', 'OTHER WAREHOUSING AND STORAGE']	minor	decide if this key family joins the vocabulary
CRIMINAL_JUSTICE.CRIMINAL_JUSTICE__FED_BJS_DATA		C4 hard ID matches nothing	8 partner columns, none share 5.0% and 50 IDs	moderate	check cleaning rule and vintage
ECONOMICS.ECONOMICS__FED_FOREIGNASSISTANCE		C4 hard ID with no partner	no other catalog table carries the same ID	minor	a dead end until a partner table lands
ECONOMICS.ECONOMICS__FED_US_USASPENDING_API		C4 hard ID with no partner	no other catalog table carries the same ID	minor	a dead end until a partner table lands
ENVIRONMENT.ENVIRONMENT__FED_EPA_ENVIROFACTS		C4 hard ID with no partner	no other catalog table carries the same ID	minor	a dead end until a partner table lands
FINANCE.FINANCE__FED_FDIC_BANK_DATA		C4 hard ID with no partner	no other catalog table carries the same ID	minor	a dead end until a partner table lands
HEALTH.HEALTH__FED_CLINICALTRIALS		C4 hard ID with no partner	no other catalog table carries the same ID	minor	a dead end until a partner table lands
HEALTH.HEALTH__FED_CMS_MAIN		C4 hard ID with no partner	no other catalog table carries the same ID	minor	a dead end until a partner table lands
HEALTH.HEALTH__FED_DEA_ARCOS		C4 hard ID with no partner	no other catalog table carries the same ID	minor	a dead end until a partner table lands
HEALTH.HEALTH__FED_FDA_PURPLE_BOOK		C4 hard ID with no partner	no other catalog table carries the same ID	minor	a dead end until a partner table lands
HOUSING.HOUSING__FED_HUD_DATA		C4 hard ID with no partner	no other catalog table carries the same ID	minor	a dead end until a partner table lands
JUSTICE.JUSTICE__FED_FTC_DATASETS		C4 hard ID with no partner	no other catalog table carries the same ID	minor	a dead end until a partner table lands
JUSTICE.JUSTICE__INTL_UK_SANCTIONS_LIST		C4 hard ID with no partner	no other catalog table carries the same ID	minor	a dead end until a partner table lands
LABOR.LABOR__FED_PBGC_TRUSTEED_PLANS		C4 hard ID matches nothing	45 partner columns, none share 5.0% and 50 IDs	moderate	check cleaning rule and vintage
MARITIME.MARITIME__FED_NOAA_AIS		C4 hard ID matches nothing	4 partner columns, none share 5.0% and 50 IDs	moderate	check cleaning rule and vintage
POLITICS.POLITICS__FED_FCC_LICENSING		C4 hard ID with no partner	no other catalog table carries the same ID	minor	a dead end until a partner table lands
SCIENCE.SCIENCE__FED_NSF_AWARDS		C4 hard ID with no partner	no other catalog table carries the same ID	minor	a dead end until a partner table lands
FINANCE.FINANCE__FED_CFTC_COT_FINANCIAL_HIST		C5 dates but no timeline view	2 date columns, e.g. ['AS_OF_DATE_IN_FORM_YYMMDD', 'REPORT_DATE_AS_MM_DD_YYYY']	minor	add a row to ripple_time_registry and regenerate time views
HEALTH.HEALTH__FED_CMS_NPPES		C5 dates but no timeline view	5 date columns, e.g. ['PROVIDER_ENUMERATION_DATE', 'LAST_UPDATE_DATE', 'NPI_DEACTIVATION_DATE']	minor	add a row to ripple_time_registry and regenerate time views
HOUSING.HOUSING__FED_FEMA_NFIP_COMMUNITY_STATUS_BOOK		C5 dates but no timeline view	7 date columns, e.g. ['INITIAL_FLOOD_HAZARD_BOUNDARY_MAP_DATE', 'INITIAL_FLOOD_INSURANCE_RATE_MAP_DATE', 'CURRENTLY_EFFECTIVE_MAP_DATE']	minor	add a row to ripple_time_registry and regenerate time views
ENVIRONMENT.ENVIRONMENT__FED_EPA_ICIS_AIR_ICIS_AIR_FCES_PCES		C5 dates but no timeline view	1 date columns, e.g. ['ACTUAL_END_DATE']	minor	add a row to ripple_time_registry and regenerate time views
JUSTICE.JUSTICE__FED_COURTLISTENER_DISCLOSURE_DEBTS		C5 dates but no timeline view	2 date columns, e.g. ['DATE_CREATED', 'DATE_MODIFIED']	minor	add a row to ripple_time_registry and regenerate time views
JUSTICE.JUSTICE__FED_COURTLISTENER_DISCLOSURE_GIFTS		C5 dates but no timeline view	2 date columns, e.g. ['DATE_CREATED', 'DATE_MODIFIED']	minor	add a row to ripple_time_registry and regenerate time views
EPSTEIN.FCT_DATASET_SIZE_HISTORY		C5 dates but no timeline view	1 date columns, e.g. ['CAPTURED_AT']	minor	add a row to ripple_time_registry and regenerate time views
IMMIGRATION.IMMIGRATION__FED_USCIS_DATA		C5 dates but no timeline view	1 date columns, e.g. ['PUBLICATION_DATE']	minor	add a row to ripple_time_registry and regenerate time views
FINANCE.FINANCE__FED_SEC_BUSINESS_DEVELOPMENT_COMPANY_REPORT		C5 dates but no timeline view	1 date columns, e.g. ['FILING_DATE']	minor	add a row to ripple_time_registry and regenerate time views
IMMIGRATION.IMMIGRATION__FED_EOIR_CASES		C5 dates but no timeline view	7 date columns, e.g. ['LATEST_HEARING_AT', 'DATE_OF_ENTRY', 'DATE_DETAINED']	minor	add a row to ripple_time_registry and regenerate time views
JUSTICE.JUSTICE__FED_COURTLISTENER_DISCLOSURE_AGREEMENTS		C5 dates but no timeline view	2 date columns, e.g. ['DATE_CREATED', 'DATE_MODIFIED']	minor	add a row to ripple_time_registry and regenerate time views
TRANSPORT.TRANSPORT__FED_NTSB_AVIATION_INJURY		C5 dates but no timeline view	1 date columns, e.g. ['LCHG_DATE']	minor	add a row to ripple_time_registry and regenerate time views
HEALTH.HEALTH__FED_CMS_MARKETPLACE_PLAN_ATTRIBUTES_PUF		C5 dates but no timeline view	1 date columns, e.g. ['PLANEXPIRATIONDATE']	minor	add a row to ripple_time_registry and regenerate time views
HEALTH.HEALTH__FED_CMS_HOME_HEALTH_OWNERS		C5 dates but no timeline view	1 date columns, e.g. ['ASSOCIATION_DATE_OWNER']	minor	add a row to ripple_time_registry and regenerate time views
JUSTICE.JUSTICE__FED_COURTLISTENER_CITATIONS		C5 dates but no timeline view	2 date columns, e.g. ['DATE_CREATED', 'DATE_MODIFIED']	minor	add a row to ripple_time_registry and regenerate time views
JUSTICE.JUSTICE__XC_UN_CONSOLIDATED_SANCTIONS_LIST		C5 dates but no timeline view	1 date columns, e.g. ['LISTED_ON']	minor	add a row to ripple_time_registry and regenerate time views
POLITICS.POLITICS__FED_GOVINFO_BILLSTATUS		C5 dates but no timeline view	2 date columns, e.g. ['INTRODUCED_DATE', 'LATEST_ACTION_DATE']	minor	add a row to ripple_time_registry and regenerate time views
FINANCE.FINANCE__FED_SEC_CLOSED_END_FUND_INFORMATION		C5 dates but no timeline view	1 date columns, e.g. ['FILING_DATE']	minor	add a row to ripple_time_registry and regenerate time views
JUSTICE.JUSTICE__FED_COURTLISTENER_DISCLOSURE_POSITIONS		C5 dates but no timeline view	2 date columns, e.g. ['DATE_CREATED', 'DATE_MODIFIED']	minor	add a row to ripple_time_registry and regenerate time views
POLITICS.POLITICS__CA_LOBBY_EMPLOYER_FIRMS		C5 dates but no timeline view	1 date columns, e.g. ['TERMINATION_DT']	minor	add a row to ripple_time_registry and regenerate time views
JUSTICE.JUSTICE__INTL_HUDOC		C5 dates but no timeline view	2 date columns, e.g. ['JUDGMENT_DATE', 'JUDGMENT_QUARTER']	minor	add a row to ripple_time_registry and regenerate time views
CORE.XWALK_HOSPITAL_CCN_EIN		C5 dates but no timeline view	1 date columns, e.g. ['BUILT_AT']	minor	add a row to ripple_time_registry and regenerate time views
POLITICS.POLITICS__FED_GOVINFO_BILL_COSPONSORS		C5 dates but no timeline view	2 date columns, e.g. ['SPONSORSHIP_DATE', 'SPONSORSHIP_WITHDRAWN_DATE']	minor	add a row to ripple_time_registry and regenerate time views
POLITICS.POLITICS__SENATE_TRADES		C5 dates but no timeline view	1 date columns, e.g. ['TRANSACTION_DATE']	minor	add a row to ripple_time_registry and regenerate time views
CORE.DIM_DATE		C5 dates but no timeline view	1 date columns, e.g. ['DATE_DAY']	minor	add a row to ripple_time_registry and regenerate time views
FINANCE.FINANCE__FED_SENATE_EFD_PTR		C5 dates but no timeline view	2 date columns, e.g. ['TRANSACTION_DATE', 'FILED_DATE']	minor	add a row to ripple_time_registry and regenerate time views
HOUSING.HOUSING__FED_HUD_PUBLIC_HOUSING_AUTHORITIES		C5 dates but no timeline view	1 date columns, e.g. ['LAST_UPDATED_AT']	minor	add a row to ripple_time_registry and regenerate time views
ECONOMICS.ECONOMICS__FED_PBGC_TRUSTEED_PENSION_PLANS		C5 dates but no timeline view	1 date columns, e.g. ['PLAN_EFFECTIVE_DATE']	minor	add a row to ripple_time_registry and regenerate time views
JUSTICE.JUSTICE__FED_COURTLISTENER_DISCLOSURE_SPOUSAL_INCOME		C5 dates but no timeline view	2 date columns, e.g. ['DATE_CREATED', 'DATE_MODIFIED']	minor	add a row to ripple_time_registry and regenerate time views
EPSTEIN.FCT_LIBRARY_SNAPSHOT		C5 dates but no timeline view	2 date columns, e.g. ['FIRST_OBSERVED_AT', 'LAST_OBSERVED_AT']	minor	add a row to ripple_time_registry and regenerate time views
EPSTEIN.FCT_WAYBACK_PAGE_CHANGES		C5 dates but no timeline view	2 date columns, e.g. ['CAPTURED_AT', 'PREV_CAPTURED_AT']	minor	add a row to ripple_time_registry and regenerate time views
GOVERNMENT_RECORDS.GOVERNMENT_RECORDS__FED_NARA_AAD		C5 dates but no timeline view	1 date columns, e.g. ['RECORD_DATE']	minor	add a row to ripple_time_registry and regenerate time views
POLITICS.POLITICS__FED_DOJ_EPSTEIN_LIBRARY		C5 dates but no timeline view	1 date columns, e.g. ['FETCHED_AT_UTC']	minor	add a row to ripple_time_registry and regenerate time views
ECONOMICS.ECONOMICS__FED_DOL_OSHA_INSPECTIONS		C5 dates but no timeline view	5 date columns, e.g. ['OPEN_DATE', 'CASE_MOD_DATE', 'CLOSE_CONF_DATE']	minor	add a row to ripple_time_registry and regenerate time views
FINANCE.FINANCE__FED_IRS527_SCHEDULE_A_CONTRIBUTIONS		C5 dates but no timeline view	1 date columns, e.g. ['CONTRIBUTION_DATE']	minor	add a row to ripple_time_registry and regenerate time views
ECONOMICS.ECONOMICS__FED_USASPENDING_CONTRACTS_FULL_R2		C5 dates but no timeline view	1 date columns, e.g. ['LAST_MODIFIED_DATE']	minor	add a row to ripple_time_registry and regenerate time views
HOUSING.HOUSING__FED_USDA_RD_MFH_ACTIVE_PROJECTS		C5 dates but no timeline view	3 date columns, e.g. ['DATE_TAX_CREDIT_EXPIRES', 'DATE_OF_OPERATION', 'DATE_RESTRICTIVE_CLAUSE_EXPIRES']	minor	add a row to ripple_time_registry and regenerate time views
JUSTICE.JUSTICE__FED_COURTLISTENER_SCHOOLS		C5 dates but no timeline view	2 date columns, e.g. ['DATE_CREATED', 'DATE_MODIFIED']	minor	add a row to ripple_time_registry and regenerate time views
JUSTICE.JUSTICE__FED_COURTLISTENER_DISCLOSURE_REIMBURSEMENTS		C5 dates but no timeline view	3 date columns, e.g. ['DATE_CREATED', 'DATE_MODIFIED', 'DATE_RAW']	minor	add a row to ripple_time_registry and regenerate time views
FINANCE.FINANCE__FED_IRS527_SCHEDULE_B_EXPENDITURES		C5 dates but no timeline view	1 date columns, e.g. ['EXPENDITURE_DATE']	minor	add a row to ripple_time_registry and regenerate time views
ECONOMICS.ECONOMICS__FED_IRS_527_ORGS		C5 dates but no timeline view	1 date columns, e.g. ['FILED_DATE']	minor	add a row to ripple_time_registry and regenerate time views
JUSTICE.JUSTICE__FED_FDIC_ENFORCEMENT_ORDERS		C5 dates but no timeline view	3 date columns, e.g. ['ORDER_DATE', 'TERMINATION_DATE', 'BANK_END_DATE']	minor	add a row to ripple_time_registry and regenerate time views
ENVIRONMENT.ENVIRONMENT__FED_FRACFOCUS_REGISTRY		C5 dates but no timeline view	2 date columns, e.g. ['JOB_START_DATE', 'JOB_END_DATE']	minor	add a row to ripple_time_registry and regenerate time views
HEALTH.HEALTH__HOSPITAL_OFFICER_PAY		C5 dates but no timeline view	1 date columns, e.g. ['TAX_PERIOD_END']	minor	add a row to ripple_time_registry and regenerate time views
HOUSING.HOUSING__FED_FHFA_SUSPENDED_COUNTERPARTY		C5 dates but no timeline view	2 date columns, e.g. ['EFFECTIVE_DATE', 'SUSPENSION_END_DATE']	minor	add a row to ripple_time_registry and regenerate time views
IMMIGRATION.IMMIGRATION__FED_ICE_STATISTICS		C5 dates but no timeline view	1 date columns, e.g. ['SNAPSHOT_DATE']	minor	add a row to ripple_time_registry and regenerate time views
JUSTICE.JUSTICE__FED_BOP_STATISTICS		C5 dates but no timeline view	1 date columns, e.g. ['REPORT_DATE']	minor	add a row to ripple_time_registry and regenerate time views
ENVIRONMENT.ENVIRONMENT__FED_EPA_FRS_FACILITIES		C5 dates but no timeline view	2 date columns, e.g. ['CREATE_DATE', 'UPDATE_DATE']	minor	add a row to ripple_time_registry and regenerate time views
HEALTH.HEALTH__SAM_EXCLUDED_PROVIDERS		C5 dates but no timeline view	1 date columns, e.g. ['ACTIVATION_DATE']	minor	add a row to ripple_time_registry and regenerate time views
JUSTICE.JUSTICE__FED_COURTLISTENER_DISCLOSURE_NON_INVESTMENT_INCOME		C5 dates but no timeline view	2 date columns, e.g. ['DATE_CREATED', 'DATE_MODIFIED']	minor	add a row to ripple_time_registry and regenerate time views
ENVIRONMENT.ENVIRONMENT__FED_USGS_WBD_HUC8		C5 dates but no timeline view	1 date columns, e.g. ['LOAD_DATE']	minor	add a row to ripple_time_registry and regenerate time views
JUSTICE.JUSTICE__FED_COURTLISTENER_ORAL_ARGUMENTS		C5 dates but no timeline view	3 date columns, e.g. ['DATE_CREATED', 'DATE_MODIFIED', 'DATE_BLOCKED']	minor	add a row to ripple_time_registry and regenerate time views
INVESTIGATIONS.INVESTIGATIONS__XC_WAYBACK_REPLAY_DOJ_DEEP_PAGES		C5 dates but no timeline view	2 date columns, e.g. ['CAPTURED_AT', 'FETCHED_AT_UTC']	minor	add a row to ripple_time_registry and regenerate time views
POLITICS.POLITICS__FED_SENATE_EFD_FILINGS		C5 dates but no timeline view	1 date columns, e.g. ['FILED_DATE']	minor	add a row to ripple_time_registry and regenerate time views
ENVIRONMENT.ENVIRONMENT__FED_EPA_ICIS_AIR_ICIS_AIR_VIOLATION_HISTORY		C5 dates but no timeline view	5 date columns, e.g. ['EARLIEST_FRV_DETERM_DATE', 'HPV_DAYZERO_DATE', 'HPV_RESOLVED_DATE']	minor	add a row to ripple_time_registry and regenerate time views
FINANCE.FINANCE__FED_SENATE_STOCK_WATCHER		C5 dates but no timeline view	1 date columns, e.g. ['TRANSACTION_DATE']	minor	add a row to ripple_time_registry and regenerate time views
HEALTH.HEALTH__FED_CMS_NURSING_HOME		C5 dates but no timeline view	5 date columns, e.g. ['DATE_FIRST_APPROVED_TO_PROVIDE_MEDICARE_AND_MEDICAID_SERVICES', 'DATE_OF_MOST_RECENT_HEALTH_INSPECTION', 'PROCESSING_DATE']	minor	add a row to ripple_time_registry and regenerate time views
JUSTICE.JUSTICE__INTL_UK_SANCTIONS_LIST		C5 dates but no timeline view	2 date columns, e.g. ['LAST_UPDATED', 'DATE_DESIGNATED']	minor	add a row to ripple_time_registry and regenerate time views
ECONOMICS.ECONOMICS__INTL_GLEIF		C5 dates but no timeline view	5 date columns, e.g. ['ENTITY_ENTITYCREATIONDATE', 'ENTITY_ENTITYEXPIRATIONDATE', 'REGISTRATION_INITIALREGISTRATIONDATE']	minor	add a row to ripple_time_registry and regenerate time views
ENVIRONMENT.ENVIRONMENT__FED_FRACFOCUS_DISCLOSURE_LIST		C5 dates but no timeline view	2 date columns, e.g. ['JOB_START_DATE', 'JOB_END_DATE']	minor	add a row to ripple_time_registry and regenerate time views
OPEN_DATA.OPEN_DATA__XC_WAYBACK_DOJ_EPSTEIN		C5 dates but no timeline view	1 date columns, e.g. ['CAPTURED_AT']	minor	add a row to ripple_time_registry and regenerate time views
HEALTH.HEALTH__FQHC_SITE_PEOPLE		C5 dates but no timeline view	5 date columns, e.g. ['NPPES_LAST_UPDATE_DATE', 'NPI_DEACTIVATION_DATE', 'EXCLUSION_DATE']	minor	add a row to ripple_time_registry and regenerate time views
JUSTICE.JUSTICE__FED_FJC_ARTICLE_III_JUDGES		C5 dates but no timeline view	54 date columns, e.g. ['RECESS_APPOINTMENT_DATE_1', 'NOMINATION_DATE_1', 'COMMITTEE_REFERRAL_DATE_1']	minor	add a row to ripple_time_registry and regenerate time views
POLITICS.POLITICS__FJC_APPOINTMENT		C5 dates but no timeline view	1 date columns, e.g. ['CONFIRMATION_DT']	minor	add a row to ripple_time_registry and regenerate time views
REFERENCE.REFERENCE__CALENDAR		C5 dates but no timeline view	9 date columns, e.g. ['DATE_DAY', 'DATE_TS', 'WEEK_START']	minor	add a row to ripple_time_registry and regenerate time views
INVESTIGATIONS.INVESTIGATIONS__XC_WAYBACK_REPLAY_DOJ_LISTING		C5 dates but no timeline view	2 date columns, e.g. ['CAPTURED_AT', 'FETCHED_AT_UTC']	minor	add a row to ripple_time_registry and regenerate time views
