table,rows,ncols,seconds,who,when,amount,state,category,status
CA_LOBBY_AMENDMENTS,25249,45,4.7,4,10,0,0,17,ok
CA_LOBBY_CHG_LOG,85765,27,4.4,13,3,0,2,5,ok
CA_LOBBY_CONTRIBUTIONS,6505,10,4.5,4,2,1,0,0,ok
CA_LOBBY_COVER,568988,55,7.4,16,5,0,2,16,ok
CA_LOBBY_COVER2,206493,16,3.0,4,0,0,0,6,ok
CA_LOBBY_EMPLOYER,1730,23,3.0,3,0,11,0,3,ok
CA_LOBBY_EMPLOYER_FIRMS,524,8,1.9,3,0,0,0,1,ok
CA_LOBBY_EMP_LOBBYIST,1500,9,4.3,5,0,0,0,1,ok
CA_LOBBY_FIRM,256,21,3.3,2,0,12,0,1,ok
CA_LOBBY_FIRM_EMPLOYER,170,14,5.1,2,2,2,0,4,ok
CA_LOBBY_FIRM_LOBBYIST,577,9,3.1,4,0,0,0,0,ok
FED_ATF_FFL,77514,93,6.9,13,0,11,4,22,ok
FED_ATF_FFL_LOCATIONS,2000,95,4.3,9,0,18,4,28,ok
FED_BIA_TRIBAL_GEO,335,10,3.4,2,0,2,0,0,ok
FED_BJS_DATA,1000,40,3.6,1,0,3,0,24,ok
FED_BLS_QCEW,3619437,41,7.3,0,0,24,0,5,ok
FED_BOP_STATISTICS,50,11,2.6,2,1,0,0,3,ok
FED_CBP_ENCOUNTERS,9,18,1.6,1,0,0,0,9,ok
FED_CDC_ANXIETY_DEPRESSION,16794,17,4.9,5,2,4,0,2,ok
FED_CDC_DATA_PORTAL,15000,16,2.1,1,1,0,0,5,ok
FED_CDC_DATA_PORTAL_FULL,1471,37,5.1,11,5,0,0,8,ok
FED_CDC_DRUG_POISONING_COUNTY,53387,11,2.0,2,0,0,1,3,ok
FED_CDC_HEALTH_INSURANCE,16056,19,4.9,5,2,4,0,4,ok
FED_CDC_INJURY_VIOLENCE_COUNTY,132000,15,5.1,2,1,2,0,4,ok
FED_CDC_LEADING_CAUSES_STATE,10868,9,2.4,2,0,1,0,3,ok
FED_CDC_NNDSS_WEEKLY_2024,1932840,19,4.5,4,0,0,0,6,ok
FED_CDC_OVERDOSE,83790,15,4.1,3,0,4,0,5,ok
FED_CDC_SUICIDE_RATES,6390,16,3.4,3,0,1,0,9,ok
FED_CDC_WONDER,880,9,1.9,1,0,1,0,4,ok
FED_CFPB_COMPLAINTS,17179788,19,11.7,3,3,0,1,6,ok
FED_CFPB_HMDA,28301,102,5.9,4,0,16,0,70,ok
FED_CFPB_HMDA_ARID2017_LEI_XREF,5399,8,2.0,2,0,0,0,0,ok
FED_CFPB_HMDA_HISTORIC,19136434,81,26.6,5,1,4,1,44,ok
FED_CFPB_HMDA_LAR,17474,102,8.0,4,0,16,0,65,ok
FED_CFTC_COT_FINANCIAL,42473,90,6.4,7,1,70,0,5,ok
FED_CFTC_COT_FINANCIAL_HIST,4615,90,6.6,7,1,53,0,11,ok
FED_CFTC_COT_FUTURES,287053,132,11.0,40,1,78,0,4,ok
FED_CISA_KEV,1674,14,3.1,5,2,0,0,2,ok
FED_CLINICALTRIALS,500,38,4.9,8,3,0,0,11,ok
FED_CMS_AMBULATORY_SPECIALTY_MODEL_PARTICIPANTS,6637,18,3.1,3,1,0,1,2,ok
FED_CMS_DIALYSIS,7557,145,6.0,20,1,49,1,45,ok
FED_CMS_FACILITY_AFFILIATION,2260193,12,4.0,5,0,0,0,3,ok
FED_CMS_FACILITY_LEVEL_MINIMUM_DATA_SET_FREQUENCY,31403215,18,20.5,5,1,4,1,0,ok
FED_CMS_FEDERALLY_QUALIFIED_HEALTH_CENTER_ENROLLMENTS,11063,23,3.5,6,2,0,3,3,ok
FED_CMS_FISCAL_INTERMEDIARY_SHARED_SYSTEM_ATTENDING_AND_RENDERING,2047828,5,4.3,2,1,0,0,0,ok
FED_CMS_HCRIS,6103,120,5.4,16,2,65,1,4,ok
FED_CMS_HOME_HEALTH,12392,99,5.3,6,1,25,1,29,ok
FED_CMS_HOME_HEALTH_AGENCY_ENROLLMENTS,11508,24,3.4,7,2,0,3,3,ok
FED_CMS_HOSPICE,6852,15,3.6,4,1,0,1,2,ok
FED_CMS_HOSPICE_ENROLLMENTS,6066,22,3.6,6,2,0,3,3,ok
FED_CMS_HOSPITAL_COMPARE,5432,41,5.3,5,0,0,1,30,ok
FED_CMS_HOSPITAL_ENROLLMENTS,9175,41,4.2,5,3,0,3,21,ok
FED_CMS_HOSPITAL_GENERAL,5432,41,2.6,4,0,0,1,30,ok
FED_CMS_HPT_MRF,1,35,1.4,0,0,0,0,0,ok
FED_CMS_IRF,1222,15,3.2,4,1,0,1,2,ok
FED_CMS_LTCH,311,16,2.1,2,1,0,1,2,ok
FED_CMS_MAIN,158,13,2.0,2,0,0,0,2,ok
FED_CMS_MARKETPLACE_PLAN_ATTRIBUTES_PUF,22059,154,6.3,48,3,8,1,71,ok
FED_CMS_MEDICARE_DIABETES_PREVENTION_PROGRAM,1037,15,2.7,3,1,0,1,1,ok
FED_CMS_MEDICARE_DIALYSIS_FACILITIES,12456456,16,7.3,5,1,0,1,4,ok
FED_CMS_MEDICARE_DURABLE_MEDICAL_EQUIPMENT_DEVICES_SUPPLIES_BY_REFER,381228,99,7.5,6,1,43,1,10,ok
FED_CMS_MEDICARE_DURABLE_MEDICAL_EQUIPMENT_DEVICES_SUPPLIES_BY_SUPPL,440670,34,7.7,7,1,5,1,9,ok
FED_CMS_MEDICARE_FEE_FOR_SERVICE_PUBLIC_PROVIDER_ENROLLMENT,2978925,13,4.4,6,1,0,1,1,ok
FED_CMS_MEDICARE_INPATIENT_HOSPITALS_BY_PROVIDER,3044,59,5.5,2,1,30,1,1,ok
FED_CMS_MEDICARE_INPATIENT_HOSPITALS_BY_PROVIDER_AND_SERVICE,145879,17,5.7,5,1,4,1,1,ok
FED_CMS_MEDICARE_OUTPATIENT_HOSPITALS_BY_PROVIDER_AND_SERVICE,116182,20,5.5,5,1,5,1,2,ok
FED_CMS_MEDICARE_PHYSICIAN_OTHER_PRACTITIONERS_BY_PROVIDER,1296739,83,8.6,6,1,14,1,7,ok
FED_CMS_MEDICARE_PHYSICIAN_OTHER_PRACTITIONERS_BY_PROVIDER_AND_SERVI,9781673,30,14.4,7,1,4,1,7,ok
FED_CMS_MEDICARE_PROVIDER,1296739,84,8.7,6,0,14,1,8,ok
FED_CMS_NADAC,1497925,15,7.3,2,3,2,0,4,ok
FED_CMS_NPPES,9606683,333,54.1,136,5,0,67,118,ok
FED_CMS_NURSING_HOME,14700,112,6.2,8,4,32,1,36,ok
FED_CMS_NURSING_HOME_DEFICIENCIES,418479,26,4.9,5,3,0,1,9,ok
FED_CMS_NURSING_HOME_FIRE_DEFICIENCIES,200030,27,4.1,5,3,0,1,10,ok
FED_CMS_NURSING_HOME_PENALTIES,16180,17,5.6,5,3,2,1,1,ok
FED_CMS_OPEN_PAYMENTS,15385047,94,25.6,41,2,1,8,29,ok
FED_CMS_OPEN_PAYMENTS_2022,13306564,94,21.8,41,2,1,8,29,ok
FED_CMS_OPEN_PAYMENTS_2023,14700786,94,25.2,41,2,1,8,31,ok
FED_CMS_OPEN_PAYMENTS_PROFILE_SUPPLEMENT,1697025,35,3.4,22,0,0,6,4,ok
FED_CMS_OPIOID_TREATMENT_PROGRAM_PROVIDERS,1558,11,3.0,2,2,0,1,0,ok
FED_CMS_OPT_OUT_AFFIDAVITS,57209,15,3.4,5,4,0,1,1,ok
FED_CMS_ORDER_AND_REFERRING,2018354,10,4.8,2,1,0,0,5,ok
FED_CMS_PARTD_PRESCRIBER_DRUG,25869521,25,23.7,5,1,2,1,3,ok
FED_CMS_PART_D_PRESCRIBERS,1416883,87,9.4,6,0,18,1,17,ok
FED_CMS_PECOS_PROVIDER_ENROLLMENT,2978925,14,3.6,6,0,0,1,1,ok
FED_CMS_PENDING_INITIAL_LOGGING_AND_TRACKING_NON_PHYSICIANS,6880,5,4.0,2,1,0,0,0,ok
FED_CMS_PENDING_INITIAL_LOGGING_AND_TRACKING_PHYSICIANS,7240,5,3.7,2,1,0,0,0,ok
FED_CMS_POS_OTHER,44429,476,11.7,7,12,15,1,125,ok
FED_CMS_QUALITY_PAYMENT_PROGRAM_EXPERIENCE,503917,214,9.7,5,1,54,1,116,ok
FED_CMS_RURAL_HEALTH_CLINIC_ENROLLMENTS,5530,23,3.2,5,2,0,3,3,ok
FED_CMS_SKILLED_NURSING_FACILITY_ENROLLMENTS,14425,25,3.7,8,2,0,3,3,ok
FED_CONGRESS_COMMITTEE_MEMBERSHIP,3879,11,2.2,5,0,0,0,4,ok
FED_CONGRESS_LEGISLATORS,12847,32,7.8,7,3,0,1,5,ok
FED_CONSOLIDATED_SCREENING_LIST,25988,33,3.8,12,3,0,0,9,ok
FED_COURTLISTENER_CITATIONS,18123788,11,6.1,1,3,0,0,1,ok
FED_COURTLISTENER_CITATION_MAP,0,7,1.4,0,0,0,0,0,ok
FED_COURTLISTENER_COURTHOUSES,3361,14,2.4,2,1,0,1,5,ok
FED_COURTLISTENER_COURTS,3361,23,4.4,4,3,1,0,7,ok
FED_COURTLISTENER_COURT_APPEALS_TO,8,6,2.2,1,1,0,0,3,ok
FED_COURTLISTENER_DISCLOSURE_AGREEMENTS,10007,10,3.4,2,3,0,0,1,ok
FED_COURTLISTENER_DISCLOSURE_DEBTS,18775,11,4.1,3,3,0,0,2,ok
FED_COURTLISTENER_DISCLOSURE_GIFTS,2025,11,4.6,2,3,1,0,1,ok
FED_COURTLISTENER_DISCLOSURE_NON_INVESTMENT_INCOME,15302,11,3.7,3,3,0,0,1,ok
FED_COURTLISTENER_DISCLOSURE_POSITIONS,37050,10,3.5,3,3,0,0,1,ok
FED_COURTLISTENER_DISCLOSURE_REIMBURSEMENTS,33472,13,3.7,5,3,0,0,1,ok
FED_COURTLISTENER_DISCLOSURE_SPOUSAL_INCOME,20174,10,3.2,2,3,0,0,1,ok
FED_COURTLISTENER_DOCKETS,71677647,57,52.6,11,14,0,0,8,ok
FED_COURTLISTENER_FINANCIAL_DISCLOSURES,70776,19,2.9,3,0,0,0,2,ok
FED_COURTLISTENER_FJC_IDB_CL_LINKED,10323280,42,14.0,2,6,1,0,17,ok
FED_COURTLISTENER_INVESTMENTS,1901599,21,5.6,3,4,1,0,6,ok
FED_COURTLISTENER_JUDGES,16191,29,4.5,7,5,1,2,7,ok
FED_COURTLISTENER_JUDGE_EDUCATIONS,12777,11,3.5,2,3,0,0,1,ok
FED_COURTLISTENER_JUDGE_POLITICAL_AFFILIATIONS,8486,13,3.9,1,5,0,0,4,ok
FED_COURTLISTENER_JUDGE_RACES,6542,6,2.5,1,1,0,0,1,ok
FED_COURTLISTENER_JUDGE_RETENTION_EVENTS,0,15,1.5,0,0,0,0,0,ok
FED_COURTLISTENER_OPINION_CLUSTERS,10070727,39,15.0,8,5,0,0,7,ok
FED_COURTLISTENER_ORAL_ARGUMENTS,102649,25,4.8,3,4,0,0,5,ok
FED_COURTLISTENER_ORIGINATING_COURT_INFO,973419,19,5.2,3,9,0,0,0,ok
FED_COURTLISTENER_PARENTHETICALS,6408887,9,4.2,0,1,1,0,0,ok
FED_COURTLISTENER_POSITIONS,51290,41,6.0,5,12,1,1,10,ok
FED_COURTLISTENER_RACE_CODES,8,5,2.1,1,1,0,0,2,ok
FED_COURTLISTENER_SCHOOLS,6011,9,2.9,2,3,0,0,0,ok
FED_CPSC_NEISS,9794977,30,10.1,3,2,2,0,14,ok
FED_CPSC_NEISS_CODES,1250,7,2.2,1,0,2,0,1,ok
FED_DAVID_RUMSEY,10,16,1.7,1,0,0,0,2,ok
FED_DEA_ARCOS_FULL,178598026,45,178.2,10,2,4,2,10,ok
FED_DENSHO_DDR,25,15,1.6,1,0,0,0,4,ok
FED_DHS_HIFLD,500,18,2.4,2,1,0,0,2,ok
FED_DHS_OHSS,50740,477,10.8,108,0,20,0,287,ok
FED_DHS_YEARBOOK,27,14,1.6,1,0,0,0,3,ok
FED_DOCSOUTH,144,9,2.6,1,0,0,0,0,ok
FED_DOJ_CRT_CASES,1,13,1.2,0,0,0,0,0,ok
FED_DOJ_EPSTEIN_LIBRARY,777,4,3.0,1,1,0,0,0,ok
FED_DOJ_FCA_SETTLEMENTS,19,18,2.6,1,0,1,0,7,ok
FED_DOL_EBSA_FORM5500_SCHEDULE_SB,41802,127,7.0,7,5,70,1,15,ok
FED_DOL_FORM5500,33484,155,5.4,22,10,1,3,60,ok
FED_DOL_FORM5500_FULL,4299671,144,13.8,46,10,1,4,49,ok
FED_DOL_OFCCP_CSAL,2000,10,2.3,4,0,0,1,1,ok
FED_DOL_OFLC,664616,263,13.8,64,5,31,2,116,ok
FED_DOL_OLMS,617710,60,6.8,9,8,2,1,23,ok
FED_DOL_OSHA_INSPECTIONS,5611412,39,9.4,6,6,0,2,7,ok
FED_DOT_BTS,21,15,1.6,1,0,0,0,3,ok
FED_DTCC_DTC_PARTICIPANTS,904,5,1.9,2,0,0,0,0,ok
FED_EAC_EAVS,6460,431,9.5,53,0,0,1,174,ok
FED_ED_COLLEGE_SCORECARD_INSTITUTION,6273,3311,55.9,203,2,1324,1,813,ok
FED_ED_EDFACTS,33,18,2.1,1,0,0,0,3,ok
FED_ED_FSA_DATACENTER,1,17,1.3,0,0,0,0,0,ok
FED_ED_NCES_CIP_CODES,2318,11,1.9,2,0,0,0,3,ok
FED_EIA860_1_UTILITY,6643,14,3.2,4,1,0,1,1,ok
FED_EIA860_2_PLANT,16132,45,5.4,12,1,5,2,14,ok
FED_EIA860_3_1_GENERATOR,26856,76,6.6,6,1,10,1,51,ok
FED_EIA860_3_2_WIND,1563,26,4.8,4,1,5,1,9,ok
FED_EIA860_3_3_SOLAR,7154,44,4.9,4,1,6,1,24,ok
FED_EIA860_3_4_ENERGY_STORAGE,786,52,4.7,4,1,7,1,27,ok
FED_EIA860_3_5_MULTIFUEL,2893,42,6.8,4,1,7,1,21,ok
FED_EIA860_4_OWNER,5496,17,4.0,8,1,1,2,1,ok
FED_EIA860_6_1_ENVIROASSOC,7021,10,3.4,3,1,0,0,1,ok
FED_EIA860_6_2_ENVIROEQUIP,4429,52,5.0,4,1,4,1,34,ok
FED_EIA861_ADVANCED_METERS,2725,50,5.8,2,1,34,1,5,ok
FED_EIA861_BALANCING_AUTHORITY,188,8,2.1,2,1,0,1,0,ok
FED_EIA861_DELIVERY_COMPANIES,9,27,3.6,1,1,4,0,20,ok
FED_EIA861_DEMAND_RESPONSE,340,39,5.2,3,1,24,1,8,ok
FED_EIA861_DISTRIBUTION_SYSTEMS,1353,9,2.6,1,1,1,1,0,ok
FED_EIA861_DYNAMIC_PRICING,858,34,4.3,4,1,3,1,23,ok
FED_EIA861_ENERGY_EFFICIENCY,460,53,7.4,4,1,35,1,11,ok
FED_EIA861_FRAME,3412,24,2.4,1,1,0,0,2,ok
FED_EIA861_MERGERS,4,13,2.2,1,2,0,0,8,ok
FED_EIA861_NET_METERING,1006,119,7.7,4,1,77,1,35,ok
FED_EIA861_NON_NET_METERING_DISTRIBUTED,507,79,7.6,2,1,50,1,22,ok
FED_EIA861_OPERATIONAL_DATA,1712,35,5.5,3,1,25,1,4,ok
FED_EIA861_RELIABILITY,973,31,4.8,3,1,19,1,6,ok
FED_EIA861_SALES_ULT_CUST,2817,27,7.0,4,1,13,1,5,ok
FED_EIA861_SALES_ULT_CUST_CS,676,25,4.5,5,1,3,1,9,ok
FED_EIA861_SERVICE_TERRITORY,11775,9,2.8,3,1,0,1,0,ok
FED_EIA861_SHORT_FORM,1724,16,3.0,1,1,3,1,6,ok
FED_EIA861_UTILITY_DATA,1701,35,2.9,2,1,0,1,28,ok
FED_EIA_860_GENERATOR,26857,76,4.8,11,0,10,1,51,ok
FED_EIA_860_PLANT,16133,45,4.8,21,0,5,2,14,ok
FED_EIA_860_UTILITY,6644,14,2.9,5,0,0,1,5,ok
FED_EIA_861_BALANCING_AUTHORITY,189,8,2.4,2,0,0,1,0,ok
FED_EOIR_CASE_DATA,12631225,4,3.2,0,0,0,0,0,ok
FED_EPA_AIR_EMISSIONS_POLL_RPT_COMBINED_EMISSIONS,10411826,12,5.5,1,0,1,0,5,ok
FED_EPA_AQS_SITES,20994,31,5.5,8,3,3,0,7,ok
FED_EPA_CAMPD_EMISSIONS_DAILY,16513971,29,14.3,10,2,9,1,2,ok
FED_EPA_CAMPD_FACILITY,128525,34,4.9,12,2,2,1,9,ok
FED_EPA_ECHO,3157891,136,14.3,20,17,8,1,46,ok
FED_EPA_EGRID_PLANT_2022,11974,144,6.2,9,0,94,1,24,ok
FED_EPA_ENVIROFACTS,5000,17,2.5,5,0,0,0,0,ok
FED_EPA_FRS_FRS_FACILITIES,3277557,13,5.0,3,0,2,1,1,ok
FED_EPA_FRS_FRS_NAICS_CODES,2179702,7,2.5,0,0,0,0,1,ok
FED_EPA_FRS_FRS_PROGRAM_LINKS,4406498,16,4.4,6,0,0,1,1,ok
FED_EPA_FRS_FRS_SIC_CODES,1085211,7,2.3,0,0,0,0,1,ok
FED_EPA_FRS_FULL,5300149,37,11.4,9,3,3,1,7,ok
FED_EPA_GHGRP_EMISSION,346683,9,3.9,1,1,1,0,3,ok
FED_EPA_GHGRP_FACILITY,136005,40,5.3,9,1,2,1,9,ok
FED_EPA_ICIS_AIR_ICIS_AIR_FACILITIES,279728,22,3.1,5,0,0,1,7,ok
FED_EPA_ICIS_AIR_ICIS_AIR_FCES_PCES,1779096,13,3.5,2,0,0,0,4,ok
FED_EPA_ICIS_AIR_ICIS_AIR_FORMAL_ACTIONS,106009,13,2.3,0,1,1,0,5,ok
FED_EPA_ICIS_AIR_ICIS_AIR_INFORMAL_ACTIONS,338316,13,2.7,1,1,0,0,4,ok
FED_EPA_ICIS_AIR_ICIS_AIR_POLLUTANTS,978398,10,3.0,2,0,0,0,2,ok
FED_EPA_ICIS_AIR_ICIS_AIR_PROGRAMS,457581,10,2.5,0,2,0,0,4,ok
FED_EPA_ICIS_AIR_ICIS_AIR_PROGRAM_SUBPARTS,190980,8,1.9,1,0,0,0,2,ok
FED_EPA_ICIS_AIR_ICIS_AIR_STACK_TESTS,620302,13,2.9,1,1,0,0,3,ok
FED_EPA_ICIS_AIR_ICIS_AIR_TITLEV_CERTS,499113,10,2.3,0,1,0,0,2,ok
FED_EPA_ICIS_AIR_ICIS_AIR_VIOLATION_HISTORY,102037,19,3.0,9,0,0,1,2,ok
FED_EPA_ICIS_FEC_CASE_ENFORCEMENT_CONCLUSION_FACILITIES,150877,12,3.3,5,0,0,1,0,ok
FED_EPA_ICIS_FEC_CASE_FACILITIES,204019,13,3.8,4,0,0,1,0,ok
FED_EPA_ICIS_FEC_EPA_INFORMAL_ENFORCEMENT_ACTIONS,21930,13,2.0,1,1,0,0,4,ok
FED_EPA_ICIS_FEC_ICIS_FEC_EPA_INSPECTIONS,260556,19,4.5,3,2,0,0,4,ok
FED_EPA_NPDES_ICIS_FACILITIES,1213737,17,6.6,5,0,2,1,1,ok
FED_EPA_NPDES_NPDES_CS_VIOLATIONS,82187,21,4.2,2,5,0,0,6,ok
FED_EPA_NPDES_NPDES_FORMAL_ENFORCEMENT_ACTIONS,112373,13,2.8,0,1,2,0,4,ok
FED_EPA_NPDES_NPDES_INFORMAL_ENFORCEMENT_ACTIONS,478855,14,2.8,0,1,0,0,4,ok
FED_EPA_NPDES_NPDES_INSPECTIONS,1900067,14,3.8,0,2,0,0,5,ok
FED_EPA_NPDES_NPDES_NAICS,326473,7,2.6,1,0,0,0,1,ok
FED_EPA_NPDES_NPDES_PS_VIOLATIONS,397615,20,3.8,1,5,0,0,6,ok
FED_EPA_NPDES_NPDES_QNCR_HISTORY,7951656,11,3.8,0,0,0,0,1,ok
FED_EPA_NPDES_NPDES_SE_VIOLATIONS,305478,18,6.5,2,4,0,0,5,ok
FED_EPA_NPDES_NPDES_SICS,792807,7,2.0,1,0,0,0,1,ok
FED_EPA_RCRA_ENFORCEMENTS,383519,14,3.9,1,1,4,1,1,ok
FED_EPA_RCRA_EVALUATIONS,1166410,11,2.9,0,1,0,1,4,ok
FED_EPA_RCRA_FACILITIES,1613224,18,4.4,2,0,2,2,6,ok
FED_EPA_RCRA_RCRA_NAICS,434734,6,2.0,0,0,0,1,0,ok
FED_EPA_RCRA_VIOLATIONS,708114,11,3.7,1,3,0,1,1,ok
FED_EPA_RCRA_VIOSNC_HISTORY,2675581,8,2.3,1,0,0,1,2,ok
FED_EPA_SDWA_SDWA_EVENTS_MILESTONES,394075,13,4.1,2,4,0,0,2,ok
FED_EPA_SDWA_SDWA_FACILITIES,1554832,22,6.9,6,3,0,0,9,ok
FED_EPA_SDWA_SDWA_GEOGRAPHIC_AREAS,578198,14,4.2,3,1,0,1,1,ok
FED_EPA_SDWA_SDWA_LCR_SAMPLES,927415,18,6.4,1,6,1,0,2,ok
FED_EPA_SDWA_SDWA_PN_VIOLATION_ASSOC,387627,15,4.3,1,6,0,0,0,ok
FED_EPA_SDWA_SDWA_PUB_WATER_SYSTEMS,434040,54,6.1,4,7,0,2,23,ok
FED_EPA_SDWA_SDWA_SERVICE_AREAS,422464,9,2.4,0,2,0,0,2,ok
FED_EPA_SDWA_SDWA_SITE_VISITS,2495249,23,3.9,1,3,0,0,13,ok
FED_EPA_SDWA_SDWA_VIOLATIONS_ENFORCEMENT,15432737,41,14.9,2,11,2,0,14,ok
FED_EPA_SUPERFUND_SITE_BOUNDARIES,2114,35,5.2,9,2,2,1,9,ok
FED_EPA_TRI_BASIC_2023,78647,125,6.2,16,1,62,1,18,ok
FED_EPA_TRI_FACILITY,64990,51,4.9,11,0,3,2,13,ok
FED_FAA_ADIP_PRIVATE_AIRPORTS,3589,9,3.7,4,0,0,1,1,ok
FED_FAA_AIRCRAFT_REGISTRY,315447,38,4.4,12,4,0,1,7,ok
FED_FAA_DATA_PORTAL,4,18,1.6,1,0,0,0,3,ok
FED_FAC_SINGLE_AUDIT,411638,30,6.8,6,4,1,2,10,ok
FED_FARA,30,17,1.6,1,0,0,0,3,ok
FED_FARA_BULK,221900,31,4.9,12,8,0,1,3,ok
FED_FATCA_FFI,516298,6,2.6,2,0,0,0,0,ok
FED_FBI_CDE,477360,9,3.2,1,0,1,1,2,ok
FED_FBI_NICS_CHECKS,16445,30,3.1,3,0,1,0,4,ok
FED_FCC_LICENSING,1689338,29,4.5,2,4,0,1,4,ok
FED_FDA_CAERS,1,4,3.9,0,1,0,0,0,ok
FED_FDA_DEVICE_510K,88,4,3.2,1,1,0,0,0,ok
FED_FDA_DEVICE_CLASSIFICATION,1,4,1.9,0,1,0,0,0,ok
FED_FDA_DEVICE_ENFORCEMENT,20,4,2.8,1,1,0,0,1,ok
FED_FDA_DEVICE_ENFORCEMENT__STAGING,0,4,1.6,0,0,0,0,0,ok
FED_FDA_DEVICE_PMA,29,4,2.3,1,1,0,0,1,ok
FED_FDA_DRUG_ENFORCEMENT,1,4,2.0,0,1,0,0,0,ok
FED_FDA_DRUG_MASTER_FILES,41253,9,2.8,2,1,0,0,2,ok
FED_FDA_ESTABLISHMENT_REG,166,4,3.2,1,1,0,0,0,ok
FED_FDA_FAERS_DEMO,5811086,33,6.9,3,5,0,0,13,ok
FED_FDA_FAERS_DRUG,20914284,25,12.5,7,2,1,0,7,ok
FED_FDA_FAERS_INDI,9833260,10,7.6,4,1,0,0,2,ok
FED_FDA_FAERS_OUTC,5147466,9,2.7,0,1,0,0,4,ok
FED_FDA_FAERS_REAC,20621386,8,14.1,4,1,0,0,2,ok
FED_FDA_GUDID,2542,4,11.7,1,1,0,0,0,ok
FED_FDA_GUDID_FULL_DEVICE,5182695,37,6.8,3,4,0,0,3,ok
FED_FDA_GUDID_FULL_IDENTIFIERS,6767219,12,2.7,0,2,0,0,3,ok
FED_FDA_GUDID__STAGING,1329,4,7.7,0,0,0,0,0,ok
FED_FDA_MAUDE,1386,4,13.8,1,1,0,0,0,ok
FED_FDA_MAUDE_FULL,13042,4,103.5,1,1,0,0,0,ok
FED_FDA_NDC_DIRECTORY,115802,23,4.2,9,3,0,0,3,ok
FED_FDA_PURPLE_BOOK,2233,31,4.2,9,6,0,0,14,ok
FED_FDA_UNII_GSRS_SUBSTANCES,168046,28,2.5,2,0,0,0,2,ok
FED_FDIC_BANK_DATA,27836,164,6.9,16,13,34,2,61,ok
FED_FDIC_ENFORCEMENT,14,5,1.6,1,0,0,0,2,ok
FED_FDIC_FAILED_BANKS,4115,42,4.7,8,2,4,1,11,ok
FED_FDIC_SOD_BRANCH_DEPOSITS,2822977,84,12.3,21,3,13,3,29,ok
FED_FEC_API,500,23,3.4,4,2,1,1,6,ok
FED_FEC_BULK,20938,18,2.5,4,0,0,1,4,ok
FED_FEC_BULK_CANDIDATES,17900,19,2.5,3,0,0,1,4,ok
FED_FEC_BULK_COMMITTEES,20007,19,2.6,4,0,0,1,4,ok
FED_FEC_BULK_LINKAGES,16327,11,2.1,1,0,0,0,5,ok
FED_FEC_BULK_SUMMARY,7933,34,5.3,2,1,11,0,4,ok
FED_FEC_CANDIDATES,27095,18,2.9,2,1,0,1,3,ok
FED_FEC_CAND_CMTE_LINKAGE,30536,10,2.6,3,1,0,0,4,ok
FED_FEC_COMMITTEES,60031,18,3.4,6,1,0,1,4,ok
FED_FEC_COMMITTEE_TO_CANDIDATE,866730,26,6.7,3,1,1,1,8,ok
FED_FEC_COMMITTEE_TO_COMMITTEE,28558310,24,13.1,5,1,1,1,5,ok
FED_FEC_INDEPENDENT_EXPENDITURES,87541,27,5.3,5,3,2,0,8,ok
FED_FEC_INDIV_CONTRIBUTIONS,84172112,24,50.8,5,1,1,1,5,ok
FED_FEC_LEADERSHIP_PAC,8619,10,2.8,3,0,0,0,3,ok
FED_FEC_PAC_SUMMARY,48395,30,4.8,3,2,12,0,3,ok
FED_FEDERAL_REGISTER_DOCUMENTS,94731,32,4.1,8,3,0,0,4,ok
FED_FEMA_IA_HOUSING_REGISTRATIONS,26250920,,,,,,,,ERR [Errno 22] Invalid argument
FED_FEMA_NFIP_COMMUNITY_STATUS_BOOK,25122,19,4.0,3,7,0,1,5,ok
FED_FEMA_NFIP_COMMUNITY_STATUS_BOOK_FULL_R2,25125,19,4.1,3,8,0,1,5,ok
FED_FFIEC_CALL_REPORTS,302,17,1.8,1,0,0,0,0,ok
FED_FHFA_FHLB_MEMBERSHIP,6327,17,3.2,3,2,0,1,3,ok
FED_FHFA_HPI,184807,15,3.0,1,0,3,0,6,ok
FED_FHFA_NMDB,11648,13,2.7,2,1,0,0,1,ok
FED_FHFA_SUSPENDED_COUNTERPARTIES,241,11,2.8,3,2,0,0,2,ok
FED_FHFA_SUSPENDED_COUNTERPARTY,241,11,3.1,3,2,0,0,2,ok
FED_FHFA_SUSPENDED_COUNTERPARTY_PROGRAM,241,11,3.2,3,2,0,0,2,ok
FED_FINCEN_BOI,1,17,1.3,0,0,0,0,0,ok
FED_FINRA_MPID_LIST,4215,12,2.1,3,0,0,0,5,ok
FED_FJC_ARTICLE_III_JUDGES,4074,204,7.4,14,54,0,2,57,ok
FED_FJC_IDB_APPELLATE,988183,57,5.9,5,9,0,0,32,ok
FED_FJC_IDB_BANKRUPTCY,6965441,90,22.5,7,8,13,0,52,ok
FED_FJC_IDB_CIVIL,10857396,49,15.3,4,9,1,0,20,ok
FED_FJC_IDB_CRIMINAL,6299908,147,23.0,15,10,5,0,48,ok
FED_FJC_JUDGES,4067,204,7.3,13,54,0,2,83,ok
FED_FJC_SERVICE,4766,33,4.2,4,9,0,0,13,ok
FED_FMCSA_COMPANY_CENSUS,4493662,150,14.7,9,6,6,2,42,ok
FED_FOREIGNASSISTANCE,95658,13,1.8,1,0,0,0,3,ok
FED_FRACFOCUS_DISCLOSURE_LIST,248835,20,6.0,3,3,5,0,5,ok
FED_FRACFOCUS_REGISTRY,7200550,34,17.2,14,3,6,0,7,ok
FED_FRACFOCUS_WATER_SOURCE,23747,12,4.3,4,1,1,0,2,ok
FED_FRA_CASUALTIES,1150788,73,6.9,13,1,2,0,34,ok
FED_FRA_CROSSING_INCIDENTS,251149,157,8.1,14,1,5,0,101,ok
FED_FRA_EQUIPMENT_ACCIDENTS,224941,158,9.1,15,1,11,1,80,ok
FED_FRA_SAFETY,1,13,1.4,0,0,0,0,0,ok
FED_FRB_H15_SELECTED_RATES,16848,15,4.3,1,1,11,0,0,ok
FED_FRB_Z1_CSV,304,427,7.5,1,0,0,0,4,ok
FED_FTC_DATASETS,1200,11,2.7,2,1,0,0,0,ok
FED_GOOGLE_POLADS_ADVERTISER_DECLARED_STATS,470,10,2.7,2,0,0,0,3,ok
FED_GOOGLE_POLADS_ADVERTISER_GEO_SPEND,614078,27,4.5,1,0,2,1,1,ok
FED_GOOGLE_POLADS_ADVERTISER_ID_MAPPING,8044,5,1.9,1,0,0,0,0,ok
FED_GOOGLE_POLADS_ADVERTISER_STATS,21211,29,3.9,2,0,13,0,1,ok
FED_GOOGLE_POLADS_ADVERTISER_WEEKLY_SPEND,298884,27,5.4,1,1,12,0,0,ok
FED_GOOGLE_POLADS_CREATIVE_ID_MAPPING,971029,5,2.1,0,0,0,0,0,ok
FED_GOOGLE_POLADS_CREATIVE_STATS,1562870,63,9.3,5,4,24,0,4,ok
FED_GOOGLE_POLADS_GEO_SPEND,1289,26,3.4,1,0,12,0,1,ok
FED_GOVINFO_BILLSTATUS,36465,17,3.7,5,2,0,0,4,ok
FED_GOVINFO_BILL_COSPONSORS,367742,13,3.5,2,2,0,1,4,ok
FED_GRANTS_GOV,100,26,3.0,2,2,0,0,1,ok
FED_HHS_OIG_LEIE,83842,21,3.8,9,2,0,2,2,ok
FED_HHS_TAGGS,45,22,1.6,1,0,0,0,1,ok
FED_HOUSE_DISBURSEMENTS,4914476,23,6.9,7,3,2,0,7,ok
FED_HOUSE_FD_PTR_INDEX,41883,13,2.3,1,1,0,0,5,ok
FED_HRSA_HPSA_PRIMARY_CARE,79158,69,7.3,14,4,7,4,19,ok
FED_HRSA_NPDB,1911185,57,4.6,0,0,3,3,26,ok
FED_HRSA_SHORTAGE_AREAS,165531,70,8.2,12,4,7,4,22,ok
FED_HRSA_UDS_HEALTH_CENTER_INFO,1356,22,2.3,3,0,0,1,6,ok
FED_HRSA_UDS_SERVICE_DELIVERY_SITES,19038,59,5.9,17,2,3,2,19,ok
FED_HRSA_UDS_TABLE3A_PATIENTS,1357,83,2.8,1,0,0,0,0,ok
FED_HUD_ASSISTED_HOUSING_PROJECTS,35601,95,5.8,7,0,9,1,9,ok
FED_HUD_DATA,77,11,2.0,2,0,0,0,3,ok
FED_HUD_FHA_SF_PORTFOLIO_SNAPSHOT,61647,20,4.4,7,0,2,1,3,ok
FED_HUD_MF_FIRM_COMMITMENTS,25565,28,2.7,7,1,0,1,15,ok
FED_HUD_MF_SECTION8_CONTRACTS,24309,34,3.7,2,3,1,0,12,ok
FED_HUD_PUBLIC_HOUSING_AUTHORITIES,3787,109,4.7,8,0,13,1,28,ok
FED_ICE_DETAINERS,609769,67,6.8,10,7,0,0,40,ok
FED_ICE_DETENTION_FACILITY_CODES,1490,15,5.1,4,0,2,1,3,ok
FED_ICE_DETENTION_FACILITY_LIST,165,8,2.2,2,0,0,1,2,ok
FED_ICE_DETENTION_STINTS,2617844,71,9.9,13,14,4,1,28,ok
FED_ICE_STATISTICS,221,13,2.4,1,1,0,0,3,ok
FED_ICIJ_OFFSHORELEAKS_ADDRESSES,402246,11,3.0,2,0,0,0,3,ok
FED_ICIJ_OFFSHORELEAKS_ENTITIES,814344,24,7.0,10,4,0,0,2,ok
FED_ICIJ_OFFSHORELEAKS_INTERMEDIARIES,26768,13,2.7,3,0,0,0,4,ok
FED_ICIJ_OFFSHORELEAKS_OFFICERS,771315,10,3.0,3,0,0,0,2,ok
FED_ICIJ_OFFSHORELEAKS_OTHERS,2989,16,4.2,3,3,0,0,6,ok
FED_ICIJ_OFFSHORELEAKS_RELATIONSHIPS,3339267,11,4.1,0,2,0,0,3,ok
FED_IHS_FACILITIES,1010,32,4.3,9,0,2,1,17,ok
FED_IHS_SCB_FACILITY,8733,13,3.1,3,0,0,0,7,ok
FED_IRS_527_ORGS,77591,47,5.0,13,3,0,5,7,ok
FED_IRS_990,200,21,2.3,2,0,0,0,1,ok
FED_IRS_990_EFILE_INDEX,5544626,12,5.1,3,1,0,0,1,ok
FED_IRS_AUTO_REVOCATIONS,1207295,15,5.4,4,3,0,1,1,ok
FED_IRS_BMF,1974830,31,6.0,6,0,3,1,11,ok
FED_IRS_EO_BMF,1983563,31,7.0,6,0,3,1,11,ok
FED_IRS_EO_PR,2587,31,5.6,6,1,3,0,12,ok
FED_IRS_FATCA_FFI_LIST,516298,6,2.0,1,0,0,0,0,ok
FED_IRS_PUB78_ELIGIBLE_DONEES,1435544,9,4.1,3,0,0,1,1,ok
FED_IRS_REVOCATION,1206628,15,4.8,4,3,0,1,2,ok
FED_IRS_SOI,179796,153,8.1,0,0,4,1,1,ok
FED_IRS_SOI_CHARITIES,2450,31,6.1,8,0,3,0,13,ok
FED_ITIS_COMMENTS,70524,8,3.0,2,2,0,0,0,ok
FED_ITIS_EXPERTS,197,8,2.1,1,1,0,0,0,ok
FED_ITIS_GEOGRAPHIC_DIV,480351,6,2.1,0,1,0,0,1,ok
FED_ITIS_HIERARCHY,678363,8,1.8,0,0,0,0,1,ok
FED_ITIS_JURISDICTION,161922,7,2.2,0,1,0,0,2,ok
FED_ITIS_KINGDOMS,7,6,2.0,1,1,0,0,2,ok
FED_ITIS_LONGNAMES,993346,5,2.9,1,0,0,0,0,ok
FED_ITIS_NODC_IDS,209565,6,1.8,0,1,0,0,0,ok
FED_ITIS_OTHER_SOURCES,1071,11,4.1,2,2,1,0,1,ok
FED_ITIS_PUBLICATIONS,30772,17,3.5,8,3,0,0,0,ok
FED_ITIS_REFERENCE_LINKS,1970107,11,3.6,1,1,0,0,4,ok
FED_ITIS_STRIPPEDAUTHOR,214445,5,1.7,0,0,0,0,0,ok
FED_ITIS_SYNONYM_LINKS,315254,6,2.6,1,1,0,0,0,ok
FED_ITIS_TAXONOMIC_UNITS,993346,29,7.8,5,2,1,0,15,ok
FED_ITIS_TAXON_AUTHORS_LKP,214445,8,1.9,0,1,0,0,1,ok
FED_ITIS_TAXON_UNIT_TYPES,182,9,2.0,1,1,0,0,5,ok
FED_ITIS_TU_COMMENTS_LINKS,192851,6,2.0,0,1,0,0,0,ok
FED_ITIS_VERNACULARS,166778,9,3.0,2,1,0,0,1,ok
FED_ITIS_VERN_REF_LINKS,93078,8,3.6,2,1,0,0,1,ok
FED_JPML_PENDING_MDL,161,10,3.0,1,2,0,0,0,ok
FED_JPML_PENDING_MDLS,162,9,2.2,1,0,1,0,0,ok
FED_MAPPING_INEQUALITY,10154,15,1.6,2,0,0,1,1,ok
FED_MEDSL_HOUSE_RETURNS,29636,22,5.3,5,1,1,1,10,ok
FED_MEDSL_PRESIDENT_RETURNS,3740,17,4.1,5,1,1,1,4,ok
FED_MEDSL_SENATE_RETURNS,3945,22,3.0,6,0,2,1,11,ok
FED_MSHA_ACCIDENTS,273623,60,4.6,12,1,0,0,25,ok
FED_MSHA_MINES,91906,62,3.8,15,1,0,0,29,ok
FED_MSHA_VIOLATIONS,3087266,64,6.7,21,1,1,0,25,ok
FED_MSRB_REGISTRANTS,925,7,1.7,2,0,0,1,1,ok
FED_NAAG_MULTISTATE_SETTLEMENTS,882,55,5.3,6,2,8,0,18,ok
FED_NARA_AAD,554,13,1.6,1,0,0,0,2,ok
FED_NARA_WRA_AAD,36,15,1.8,1,0,0,0,1,ok
FED_NASA_OPEN_DATA,54,11,3.6,1,1,0,0,4,ok
FED_NCUA_CALL_REPORTS_FOICU,4336,31,4.0,3,4,0,2,8,ok
FED_NCUA_CALL_REPORTS_FS220,4336,249,5.8,6,2,0,0,2,ok
FED_NCUA_CHARTER_MERGER_EVENTS,27,15,1.8,1,0,0,0,12,ok
FED_NCUA_FEDERALLY_INSURED_CU_LIST,4250,26,4.8,4,0,11,1,3,ok
FED_NHTSA_COMPLAINTS,2227941,54,7.0,9,6,0,3,24,ok
FED_NHTSA_INVESTIGATIONS,154209,14,4.1,7,3,0,0,0,ok
FED_NHTSA_RECALLS,241861,32,5.8,15,6,0,0,5,ok
FED_NID_DAMS,92766,87,6.4,18,5,4,0,40,ok
FED_NIH_REPORTER,2122611,49,13.5,10,7,4,0,6,ok
FED_NLM_DAILYMED_SPL_SETID_MAP,158452,8,2.4,0,1,0,0,0,ok
FED_NOAA_AIS,58106517,22,44.4,6,2,4,0,4,ok
FED_NOAA_STORM_EVENTS,1780730,54,6.0,12,0,4,1,16,ok
FED_NOAA_WEATHER_API,287,35,4.3,4,5,0,0,7,ok
FED_NSF_AWARDS,125,23,3.5,3,3,1,1,2,ok
FED_NTSB_AVIATION_AIRCRAFT,31503,96,4.8,15,2,9,0,34,ok
FED_NTSB_AVIATION_EVENTS,30968,76,5.1,5,2,21,0,22,ok
FED_NTSB_AVIATION_INJURY,179179,10,2.2,0,1,1,0,3,ok
FED_NURSINGHOME411,14713,74,5.1,7,4,24,1,22,ok
FED_OCC_NATIONAL_BANKS,724,10,3.1,2,0,2,1,0,ok
FED_OCC_NATIONAL_BANKS_BY_NAME,62,10,2.7,1,0,0,0,0,ok
FED_OCC_THRIFTS,218,13,3.2,2,0,2,1,0,ok
FED_OFAC_SDN,19115,16,2.9,5,0,0,0,4,ok
FED_OSHA_ITA_300A_SUMMARY_2023,394234,35,7.8,5,1,13,1,4,ok
FED_OSHA_ITA_300A_SUMMARY_2024,398620,35,8.0,5,1,13,1,4,ok
FED_OSHA_ITA_300A_SUMMARY_2025,383283,35,7.8,5,1,13,1,4,ok
FED_OSHA_ITA_CASE_DETAIL_2023,890934,52,7.3,15,2,2,1,13,ok
FED_OSHA_ITA_CASE_DETAIL_2024,688649,52,5.6,14,0,2,1,13,ok
FED_OSHA_ITA_CASE_DETAIL_2025,330447,42,4.9,11,1,2,1,7,ok
FED_OYEZ,25,22,2.7,1,3,0,0,12,ok
FED_PBGC_DATA,140454,13,2.7,4,0,0,0,2,ok
FED_PBGC_TRUSTEED_PENSION_PLANS,21596,13,4.1,4,1,0,1,0,ok
FED_PBGC_TRUSTEED_PLANS,5176,13,3.8,4,2,0,1,0,ok
FED_PCAOB_FORM_AP_FILINGS,155384,65,5.3,24,5,0,0,22,ok
FED_PHMSA_FLAGGED_INCIDENTS,2039,627,11.3,24,13,16,3,469,ok
FED_RETRACTION_WATCH,71591,23,4.1,10,2,0,0,2,ok
FED_REVOLVINGDOOR_PROJECT,409,40,2.3,3,0,0,0,34,ok
FED_SAM_ENTITY_PUBLIC,895429,146,7.8,45,7,0,9,10,ok
FED_SAM_EXCLUSIONS,10000,24,2.7,9,0,0,1,6,ok
FED_SAM_EXCLUSIONS_FULL_R2,168328,34,3.8,9,2,0,0,6,ok
FED_SBA_LOANS,2174502,55,10.6,15,5,3,5,11,ok
FED_SBA_PPP,968524,56,9.0,14,3,6,4,12,ok
FED_SBA_PPP_LOANS_150K_PLUS,968524,56,8.0,14,3,6,4,11,ok
FED_SBIR_STTR_AWARDS,219503,44,5.1,19,5,1,0,9,ok
FED_SCDB,83644,64,4.8,10,3,0,0,33,ok
FED_SEC_13F_FILERS,344109,25,6.3,8,4,0,0,9,ok
FED_SEC_13F_HOLDINGS,101261252,19,62.0,4,1,2,0,5,ok
FED_SEC_13F_POSITIONS,3822885,18,7.3,4,1,2,0,3,ok
FED_SEC_13F_SUBMISSIONS,336124,9,2.8,0,3,0,0,3,ok
FED_SEC_BUSINESS_DEVELOPMENT_COMPANY_REPORT,212,13,2.9,3,1,0,1,1,ok
FED_SEC_CLOSED_END_FUND_INFORMATION,973,13,3.0,6,1,0,1,0,ok
FED_SEC_DERA_SUB_2024Q1,6028,39,4.7,6,4,0,2,10,ok
FED_SEC_DERA_SUB_2024Q2,7675,39,4.5,6,4,0,2,10,ok
FED_SEC_DERA_SUB_2024Q3,6699,39,4.7,6,4,0,2,11,ok
FED_SEC_DERA_SUB_2024Q4,6491,39,4.3,6,4,0,2,11,ok
FED_SEC_DERA_SUB_2025Q1,6231,39,4.5,6,4,0,2,9,ok
FED_SEC_DERA_SUB_2025Q2,7009,39,4.2,6,4,0,2,10,ok
FED_SEC_DERA_SUB_2025Q3,6541,39,3.9,6,4,0,2,10,ok
FED_SEC_DERA_SUB_2025Q4,6304,39,4.6,6,4,0,2,12,ok
FED_SEC_DERA_SUB_2026Q1,6169,39,3.9,6,4,0,2,12,ok
FED_SEC_EDGAR,200,21,2.9,2,2,0,1,13,ok
FED_SEC_EDGAR_COMPANY_TICKERS,10414,7,1.8,1,0,0,0,0,ok
FED_SEC_EDGAR_COMPANY_TICKERS_EXCHANGE,10398,7,2.0,2,0,0,0,1,ok
FED_SEC_EDGAR_FINANCIALS,55635,40,4.6,10,4,0,2,11,ok
FED_SEC_EDGAR_INSIDERS,69259,17,4.2,3,3,0,0,6,ok
FED_SEC_FTD_CUSIP_BRIDGE,128303,10,3.9,2,1,1,0,1,ok
FED_SEC_INSIDER_DERIV_TRANS,1049121,45,7.4,5,5,8,0,10,ok
FED_SEC_INSIDER_NONDERIV_TRANS,2672841,31,8.7,5,3,4,0,11,ok
FED_SEC_INSIDER_REPORTINGOWNER,1934673,16,4.0,9,1,0,1,1,ok
FED_SEC_INSIDER_SUBMISSION,1772088,16,5.4,3,4,0,0,5,ok
FED_SEC_INVESTMENT_COMPANY_SERIES_CLASS,43123,17,2.9,7,0,0,1,1,ok
FED_SEC_MONEY_MARKET_FUND_INFORMATION,1206,14,2.8,5,1,0,0,2,ok
FED_SENATE_LDA_FILINGS,831376,28,5.7,7,3,2,2,7,ok
FED_SENATE_STOCK_WATCHER,8350,13,2.9,4,1,0,0,4,ok
FED_SLAVEVOYAGES_INTRAAMERICAN,11521,172,8.2,11,4,19,0,74,ok
FED_SLAVEVOYAGES_TRANSATLANTIC,36108,279,9.3,24,0,21,0,102,ok
FED_TRADE_CONSOLIDATED_SCREENING_LIST,25929,32,4.0,12,3,0,0,8,ok
FED_TREASURY_AVG_INTEREST_RATES,4961,14,3.0,1,1,1,0,9,ok
FED_TREASURY_DEBT_OUTSTANDING,237,12,2.3,1,1,1,0,4,ok
FED_TREASURY_DEBT_TO_PENNY,8329,18,3.1,1,1,3,0,6,ok
FED_TREASURY_DTS_DEPOSITS,478149,20,5.8,2,2,3,0,9,ok
FED_TREASURY_MTS_RECEIPTS,7490,30,4.7,2,1,5,0,9,ok
FED_USACE_NID_DAMS,92766,87,7.3,18,5,13,0,40,ok
FED_USASPENDING_ASSISTANCE_FULL,19902879,115,47.1,55,6,20,1,14,ok
FED_USASPENDING_BULK,50000,300,9.1,56,8,17,2,183,ok
FED_USASPENDING_CONTRACTS,6325622,39,14.5,16,4,5,2,2,ok
FED_USASPENDING_CONTRACTS_FULL,20000000,300,95.3,57,9,17,2,187,ok
FED_USASPENDING_CONTRACTS_FULL_R2,93153424,39,95.5,17,5,5,2,2,ok
FED_USASPENDING_SUBAWARDS,5000,4,2.3,1,1,0,0,0,ok
FED_USASPENDING_SUBAWARDS_FULL,4742460,124,16.8,58,8,13,4,8,ok
FED_USASPENDING_TAS_FILTER_TREE,92,8,2.2,1,0,1,0,0,ok
FED_USASPENDING_TOPTIER_AGENCIES,111,16,4.7,5,0,3,0,0,ok
FED_USCG_NRC_INCIDENTS,1029020,14,4.4,2,3,0,0,5,ok
FED_USCG_NRC_INCIDENT_REPORTS,116662,18,3.1,2,2,0,0,2,ok
FED_USCG_VESSEL_DOCUMENTATION,391684,82,6.9,16,3,9,4,13,ok
FED_USCIS_DATA,3204,19,1.7,1,0,0,0,5,ok
FED_USCOURTS_STATS,50,20,1.5,1,0,0,0,4,ok
FED_USDA_RD_MFH_ACTIVE_PROJECTS,13550,35,5.3,4,3,8,1,6,ok
FED_USGS_3DEP,5000,34,4.1,7,2,5,0,3,ok
FED_USGS_EARTHQUAKES,443274,25,5.8,2,3,8,0,4,ok
FED_USGS_GNIS_ALL_NAMES,1249630,18,5.2,8,3,0,0,2,ok
FED_USGS_MINERALS,304632,60,5.3,24,0,2,0,10,ok
FED_USGS_ORPHANED_OIL_GAS_WELLS,117672,26,6.9,6,1,2,0,7,ok
FED_USGS_TOPOVIEW,250,21,3.0,2,3,0,0,0,ok
FED_USGS_WATER,6694816,18,12.9,2,1,3,0,7,ok
FED_USGS_WBD_HUC8,2456,19,4.3,2,2,4,0,3,ok
FED_USITC_DATAWEB,7,20,1.7,1,0,0,0,0,ok
FED_US_SEC_EDGAR,48990,17,2.5,1,2,0,1,6,ok
FED_US_USASPENDING_API,300,34,2.6,2,3,1,1,5,ok
FED_VA_ALLCAUSE_MORTALITY,2808,15,3.8,2,0,7,0,3,ok
FED_VA_SUICIDE_APPENDIX,144,16,3.0,1,0,6,0,3,ok
FED_VA_SUICIDE_NATIONAL,690,19,3.3,1,0,8,0,4,ok
FED_VA_SUICIDE_STATE,19704,19,3.3,2,0,3,0,8,ok
FED_VOTEVIEW_MEMBERS,51061,25,4.2,2,0,7,1,3,ok
FED_VOTEVIEW_ROLLCALLS,945523,9,2.5,0,0,1,0,3,ok
FED_VOTEVIEW_ROLLCALL_META,3364,21,4.6,3,1,5,0,4,ok
FED_VOTEVIEW_ROLLCALL_META_FULL,113512,21,4.6,2,1,6,0,1,ok
FED_WPA_SLAVE_NARRATIVES,100,16,1.9,2,0,0,0,4,ok
FED_WQP_MONITORING_STATIONS,5818,40,4.3,3,0,9,0,17,ok
INTL_ADB_DATA,41,13,1.5,1,0,0,0,1,ok
INTL_AR_DATOSGOB,3556,18,4.6,4,1,0,0,4,ok
INTL_AUSTLII,1,14,2.3,0,1,0,0,0,ok
INTL_BD_DATAGOV,500,12,1.7,1,0,0,0,4,ok
INTL_BR_DADOS_GOV,10,16,1.7,1,0,0,0,3,ok
INTL_CA_OPEN_CANADA,500,20,4.6,1,5,0,0,4,ok
INTL_CH_OPENDATASWISS,5000,27,3.9,14,3,0,0,2,ok
INTL_CH_ZEFIX,18,20,1.7,1,0,0,0,2,ok
INTL_CL_DATOSGOB,1000,18,3.0,6,2,0,0,3,ok
INTL_DE_GOVDATA,5000,19,4.0,5,4,0,0,3,ok
INTL_EC_SERCOP,132995,33,5.5,4,3,4,0,6,ok
INTL_EG_CAPMAS,150,10,1.8,2,0,0,0,1,ok
INTL_ELECTIONS_CANADA_CONTRIBUTIONS,12646465,30,17.4,12,2,2,0,8,ok
INTL_EMBER_ELEC,369264,21,3.8,1,0,3,0,13,ok
INTL_EMBL_ENSEMBL,643,23,2.4,5,0,0,0,6,ok
INTL_ES_BORME,25,14,1.9,1,1,0,0,4,ok
INTL_ES_DATOSGOB,1000,14,2.5,4,0,0,0,2,ok
INTL_EURLEX_CELLAR,53,20,2.8,1,2,0,0,5,ok
INTL_EUROSTAT,450,12,2.2,1,0,1,0,3,ok
INTL_EU_SANCTIONS,42347,62,4.6,21,8,0,0,9,ok
INTL_EU_SOCTA_EUROPOL,26,19,3.1,6,2,0,0,3,ok
INTL_FAO_FAOSTAT,69,11,3.4,3,1,0,0,0,ok
INTL_FAO_FAOSTAT_FOOD_SECURITY,279470,16,3.4,2,0,1,0,7,ok
INTL_FATF_RATINGS,200,10,1.4,1,0,0,0,0,ok
INTL_FREEDOMHOUSE,2723,47,3.3,2,0,1,0,41,ok
INTL_FR_DATA_GOUV,2765,31,5.1,9,6,0,0,6,ok
INTL_FR_DATA_GOUV_FULL,130431,50,6.7,11,9,1,0,7,ok
INTL_GDELT,1015,64,4.3,8,1,7,0,27,ok
INTL_GEM_HAZARD,12,12,2.4,2,0,0,0,3,ok
INTL_GE_DATAGOV,1,15,1.3,0,0,0,0,0,ok
INTL_GFI_TRADE,25,8,2.0,1,0,0,0,1,ok
INTL_GH_DATAGOVGH,10,13,1.5,1,0,0,0,3,ok
INTL_GLEIF,3382301,341,20.8,115,15,0,0,114,ok
INTL_GLEIF_RELATIONSHIPS,485285,57,6.1,5,10,1,0,11,ok
INTL_GLEIF_REPEX,6313372,15,2.5,3,1,0,0,8,ok
INTL_GLOBAL_WITNESS_DEFENDERS,232,14,1.6,1,0,0,0,6,ok
INTL_GR_DATAGOV,5000,19,3.2,5,2,0,0,1,ok
INTL_GR_GEMI,40,17,1.6,1,0,0,0,1,ok
INTL_HEALTHCANADA_DPD_DRUG,13383,17,3.7,5,1,0,0,5,ok
INTL_HUDOC,2000,21,3.1,8,1,0,0,6,ok
INTL_IE_CRO,821697,24,5.6,7,8,0,0,5,ok
INTL_IPC_FOOD_INSECURITY_GLOBAL,735,12,2.8,1,2,2,0,4,ok
INTL_ISO_MIC_REGISTRY,2864,20,4.2,6,4,0,0,3,ok
INTL_IT_ISTAT,213284,13,3.0,1,1,1,0,4,ok
INTL_LEIDEN_RUSSIAN_OPS_EUROPE,153,19,3.4,1,0,0,0,14,ok
INTL_NTI_CNS_DPRK_MISSILE_TESTS,303,22,4.5,3,2,2,0,9,ok
INTL_OPENSANCTIONS,71011,19,4.0,5,3,0,0,1,ok
INTL_OPENSANCTIONS_DEFAULT,1281846,19,4.7,4,3,0,0,1,ok
INTL_OSFI_REGULATED_FI,343,16,2.4,6,0,0,0,5,ok
INTL_OWID_MILSPEND,9112,8,2.1,2,0,0,0,1,ok
INTL_UCDP_GED,385918,52,6.2,13,3,2,0,8,ok
INTL_UK_SANCTIONS_LIST,58336,61,5.2,32,2,1,0,14,ok
INTL_UN_CONSOLIDATED_SANCTIONS,1011,33,2.9,12,1,0,0,6,ok
INTL_UN_SC_CONSOLIDATED_SANCTIONS,1011,65,3.7,19,2,0,0,27,ok
INTL_VOETEN_UNGA_VOTES,1823352,14,6.9,0,0,4,0,0,ok
INTL_WB_IDS,62983,72,5.8,4,0,62,0,2,ok
INT_UK_COMPANIES_HOUSE,5734780,58,10.6,24,18,0,0,8,ok
IRS527_8871_ORGS,77591,46,4.5,16,3,0,5,7,ok
IRS527_8872_REPORTS,55579,51,6.1,19,5,2,5,9,ok
IRS527_DIRECTORS_OFFICERS,189593,15,3.2,8,0,0,1,0,ok
IRS527_EAIN,17853,7,3.0,1,0,0,0,0,ok
IRS527_RELATED_ENTITIES,64835,15,2.7,10,0,0,1,0,ok
PORTAL_ARC_ATLANTA_DATAATLA_03DC194F2A,130,34,3.3,7,3,4,0,11,ok
PORTAL_ARC_ATLANTA_DATAATLA_05328F7540,2000,23,4.7,4,4,4,0,4,ok
PORTAL_ARC_ATLANTA_DATAATLA_0F1C49C840,598,20,3.5,3,5,2,0,2,ok
PORTAL_ARC_ATLANTA_DATAATLA_17C43E4BA3,594,20,3.1,5,5,2,0,0,ok
PORTAL_ARC_ATLANTA_DATAATLA_1A7F4ADC21,144,30,3.0,7,3,2,0,6,ok
PORTAL_ARC_ATLANTA_DATAATLA_32BD015354,2000,23,4.5,6,4,4,0,2,ok
PORTAL_ARC_ATLANTA_DATAATLA_3E1237B0E9,128,20,3.4,3,5,2,0,4,ok
PORTAL_ARC_ATLANTA_DATAATLA_3E6E5804C7,5000,112,6.2,19,1,4,1,18,ok
PORTAL_ARC_ATLANTA_DATAATLA_3F5DA71919,58,35,3.4,6,3,5,0,13,ok
PORTAL_ARC_ATLANTA_DATAATLA_4AB9F9E31E,681,30,3.9,5,3,2,0,8,ok
PORTAL_ARC_ATLANTA_DATAATLA_4C51545609,106,36,3.9,11,3,6,0,8,ok
PORTAL_ARC_ATLANTA_DATAATLA_51A606F539,486,23,5.2,5,2,4,0,5,ok
PORTAL_ARC_ATLANTA_DATAATLA_5A321B0C21,118,21,3.3,4,5,2,0,2,ok
PORTAL_ARC_ATLANTA_DATAATLA_5ADD5EAF6A,454,34,4.0,11,3,4,0,8,ok
PORTAL_ARC_ATLANTA_DATAATLA_5D9B9C30A9,14,36,4.1,8,3,3,0,18,ok
PORTAL_ARC_ATLANTA_DATAATLA_610443017C,780,34,4.1,14,3,4,0,7,ok
PORTAL_ARC_ATLANTA_DATAATLA_79E3C7BD36,209,30,3.4,5,3,2,0,8,ok
PORTAL_ARC_ATLANTA_DATAATLA_7B1D4C8E25,92,36,5.1,11,3,6,0,8,ok
PORTAL_ARC_ATLANTA_DATAATLA_7D3C4A9739,57,36,4.4,6,3,6,0,13,ok
PORTAL_ARC_ATLANTA_DATAATLA_7E542E6BFA,20,36,4.8,7,3,5,0,17,ok
PORTAL_ARC_ATLANTA_DATAATLA_898CD032B3,109,27,3.8,7,1,1,0,11,ok
PORTAL_ARC_ATLANTA_DATAATLA_93AA493487,280,34,3.9,12,3,4,0,8,ok
PORTAL_ARC_ATLANTA_DATAATLA_A0F4032894,109,27,3.9,7,1,1,0,11,ok
PORTAL_ARC_ATLANTA_DATAATLA_A29D594B47,7,35,3.7,9,3,2,0,16,ok
PORTAL_ARC_ATLANTA_DATAATLA_A59DB2E766,322,30,3.2,6,3,2,0,7,ok
PORTAL_ARC_ATLANTA_DATAATLA_A6A6A74172,118,21,4.7,4,5,2,0,2,ok
PORTAL_ARC_ATLANTA_DATAATLA_A6D51869AF,128,20,3.2,3,5,2,0,4,ok
PORTAL_ARC_ATLANTA_DATAATLA_A9FA6B1C3C,35,37,4.3,6,3,5,0,19,ok
PORTAL_ARC_ATLANTA_DATAATLA_AAF9599F45,118,25,3.6,6,7,2,0,2,ok
PORTAL_ARC_ATLANTA_DATAATLA_B9DC3DFA97,598,20,3.9,3,5,2,0,2,ok
PORTAL_ARC_ATLANTA_DATAATLA_BAA69E0D06,51,36,4.6,5,3,5,0,18,ok
PORTAL_ARC_ATLANTA_DATAATLA_BAAC9A60C4,127,20,3.5,5,5,2,0,2,ok
PORTAL_ARC_ATLANTA_DATAATLA_C1DA9CD6A0,30,36,4.4,7,3,6,0,16,ok
PORTAL_ARC_ATLANTA_DATAATLA_CC5FA4CA01,390,34,3.3,13,3,4,0,6,ok
PORTAL_ARC_ATLANTA_DATAATLA_CF92C66AB6,515,38,5.6,6,1,4,0,18,ok
PORTAL_ARC_ATLANTA_DATAATLA_D6C1E3B844,395,102,4.1,12,2,4,0,26,ok
PORTAL_ARC_ATLANTA_DATAATLA_D70207FA18,2000,23,4.3,4,4,4,0,4,ok
PORTAL_ARC_ATLANTA_DATAATLA_D8DF9588A6,15,22,3.2,1,4,3,0,11,ok
PORTAL_ARC_ATLANTA_DATAATLA_DDCDF8F47F,2000,34,5.1,12,3,4,0,9,ok
PORTAL_ARC_ATLANTA_DATAATLA_DE1E9D4350,531,18,2.4,4,3,0,0,4,ok
PORTAL_ARC_ATLANTA_DATAATLA_E1F71F6EE6,544,47,4.6,8,1,4,0,21,ok
PORTAL_ARC_ATLANTA_DATAATLA_E2C03512E7,42,36,3.7,7,3,5,0,17,ok
PORTAL_ARC_ATLANTA_DATAATLA_E3F1BF2204,536,47,5.2,8,1,4,0,21,ok
PORTAL_ARC_ATLANTA_DATAATLA_EAD25CBDC7,2000,23,4.4,4,2,4,0,3,ok
PORTAL_ARC_ATLANTA_DATAATLA_F07E02DA21,73,36,3.8,6,3,6,0,15,ok
PORTAL_ARC_ATLANTA_DATAATLA_FB2953F9B7,2000,112,5.7,19,1,4,1,19,ok
PORTAL_ARC_ATLANTA_DATAATLA_FD3576897B,15,36,3.7,6,3,3,0,20,ok
PORTAL_ARC_CLEVELAND_OPEN_D_590209B88B,34,22,3.4,1,1,5,0,13,ok
PORTAL_ARC_COLUMBUS_GIS_OPE_8259461C2A,2000,35,4.7,12,1,7,1,7,ok
PORTAL_ARC_FORT_WORTH_OPEN_2259070522,19,20,2.6,2,4,0,0,12,ok
PORTAL_ARC_FORT_WORTH_OPEN_9F0879147A,2000,24,4.6,4,1,4,0,5,ok
PORTAL_ARC_HARRIS_COUNTY_OP_0F9C7FCB29,12,182,5.5,16,3,4,0,97,ok
PORTAL_ARC_HARRIS_COUNTY_OP_119B70555B,74,60,3.1,18,5,0,0,10,ok
PORTAL_ARC_HARRIS_COUNTY_OP_12691A85A0,38,45,8.0,6,5,2,0,27,ok
PORTAL_ARC_HARRIS_COUNTY_OP_167EC31B95,96,91,4.3,4,3,9,0,32,ok
PORTAL_ARC_HARRIS_COUNTY_OP_183E778C9D,292,84,6.7,13,1,12,0,45,ok
PORTAL_ARC_HARRIS_COUNTY_OP_1966AC023B,55,36,3.7,4,2,4,0,12,ok
PORTAL_ARC_HARRIS_COUNTY_OP_19FE875D1D,35,39,4.9,6,5,2,0,20,ok
PORTAL_ARC_HARRIS_COUNTY_OP_1A53499962,372,35,3.7,6,5,2,0,9,ok
PORTAL_ARC_HARRIS_COUNTY_OP_1BA6E8027E,27,22,3.2,1,1,4,0,14,ok
PORTAL_ARC_HARRIS_COUNTY_OP_1F4D98F329,1143,90,5.7,22,1,7,0,52,ok
PORTAL_ARC_HARRIS_COUNTY_OP_2718B3279A,77,106,4.6,6,3,24,0,30,ok
PORTAL_ARC_HARRIS_COUNTY_OP_28CF881303,13,36,3.8,6,5,2,0,18,ok
PORTAL_ARC_HARRIS_COUNTY_OP_2A7A02B1E2,14,124,6.5,4,3,9,0,66,ok
PORTAL_ARC_HARRIS_COUNTY_OP_2D6F9D0DA7,2000,40,5.4,10,3,9,0,9,ok
PORTAL_ARC_HARRIS_COUNTY_OP_32D5FF05CA,100,123,9.7,5,2,12,0,43,ok
PORTAL_ARC_HARRIS_COUNTY_OP_3304C540B7,645,91,6.6,22,1,7,0,52,ok
PORTAL_ARC_HARRIS_COUNTY_OP_33A3918C80,363,40,4.2,5,5,2,0,12,ok
PORTAL_ARC_HARRIS_COUNTY_OP_360277F8CB,2,35,2.5,1,1,0,0,32,ok
PORTAL_ARC_HARRIS_COUNTY_OP_374D2E791F,77,106,5.0,6,3,25,0,31,ok
PORTAL_ARC_HARRIS_COUNTY_OP_3CFE4113ED,2,30,3.6,9,3,2,0,9,ok
PORTAL_ARC_HARRIS_COUNTY_OP_3E1426DF10,372,35,4.2,6,5,2,0,9,ok
PORTAL_ARC_HARRIS_COUNTY_OP_3E1A188E92,642,106,4.5,12,2,26,1,26,ok
PORTAL_ARC_HARRIS_COUNTY_OP_3E3BFD2059,254,126,6.3,5,2,14,0,50,ok
PORTAL_ARC_HARRIS_COUNTY_OP_41FBA6BF22,15,124,6.0,7,3,9,0,55,ok
PORTAL_ARC_HARRIS_COUNTY_OP_4E0F396A33,755,92,4.5,16,3,10,1,26,ok
PORTAL_ARC_HARRIS_COUNTY_OP_4F19F66C45,56,92,4.4,3,2,10,0,28,ok
PORTAL_ARC_HARRIS_COUNTY_OP_510B4A2AB2,924,41,3.8,11,3,8,0,9,ok
PORTAL_ARC_HARRIS_COUNTY_OP_52229E2E24,488,173,8.3,38,1,17,1,92,ok
PORTAL_ARC_HARRIS_COUNTY_OP_58FAB3B4F7,1022,15,4.8,3,1,2,0,1,ok
PORTAL_ARC_HARRIS_COUNTY_OP_5AB72D4A23,526,93,5.8,14,3,11,0,26,ok
PORTAL_ARC_HARRIS_COUNTY_OP_6133483DE0,67,126,5.5,3,1,4,0,26,ok
PORTAL_ARC_HARRIS_COUNTY_OP_619A8F0A78,642,106,4.3,11,2,25,1,20,ok
PORTAL_ARC_HARRIS_COUNTY_OP_6529979A2A,214,38,4.4,9,3,6,0,8,ok
PORTAL_ARC_HARRIS_COUNTY_OP_672C54ADB5,1574,37,4.8,12,3,6,0,6,ok
PORTAL_ARC_HARRIS_COUNTY_OP_6CDCF96CA7,34,44,4.6,3,5,4,0,24,ok
PORTAL_ARC_HARRIS_COUNTY_OP_78806A4CF7,35,39,3.9,6,5,2,0,20,ok
PORTAL_ARC_HARRIS_COUNTY_OP_795533139C,100,123,6.9,5,2,12,0,43,ok
PORTAL_ARC_HARRIS_COUNTY_OP_7BD125DFB0,359,40,4.8,4,5,5,0,16,ok
PORTAL_ARC_HARRIS_COUNTY_OP_8549EC1226,1464,31,3.7,5,3,2,0,8,ok
PORTAL_ARC_HARRIS_COUNTY_OP_86AE12CFC0,1128,23,3.5,4,3,2,0,3,ok
PORTAL_ARC_HARRIS_COUNTY_OP_87F4853C1A,30,42,2.8,2,3,2,0,24,ok
PORTAL_ARC_HARRIS_COUNTY_OP_89477F0032,1022,15,4.1,3,1,2,0,1,ok
PORTAL_ARC_HARRIS_COUNTY_OP_8CE538DBE3,2000,124,6.0,25,3,3,0,30,ok
PORTAL_ARC_HARRIS_COUNTY_OP_A2C8055EFB,2000,37,3.7,10,3,5,0,7,ok
PORTAL_ARC_HARRIS_COUNTY_OP_A2DAE85C30,38,45,4.7,6,5,2,0,27,ok
PORTAL_ARC_HARRIS_COUNTY_OP_A35053AC76,38,122,7.9,6,2,10,0,65,ok
PORTAL_ARC_HARRIS_COUNTY_OP_A5E2395522,13,36,3.6,6,5,2,0,18,ok
PORTAL_ARC_HARRIS_COUNTY_OP_B7635629A1,2000,51,4.5,2,1,12,0,23,ok
PORTAL_ARC_HARRIS_COUNTY_OP_B86519B42D,2000,41,4.3,12,3,6,0,7,ok
PORTAL_ARC_HARRIS_COUNTY_OP_BEF7C03176,755,92,6.3,14,3,10,1,20,ok
PORTAL_ARC_HARRIS_COUNTY_OP_C23DC4BAF8,782,126,6.6,17,3,9,0,33,ok
PORTAL_ARC_HARRIS_COUNTY_OP_CAF5C156E3,526,91,4.1,12,3,9,0,20,ok
PORTAL_ARC_HARRIS_COUNTY_OP_CB850CC4B0,356,166,5.5,5,2,17,0,106,ok
PORTAL_ARC_HARRIS_COUNTY_OP_CBD49C80E4,513,26,3.2,9,3,2,0,5,ok
PORTAL_ARC_HARRIS_COUNTY_OP_D044517CB3,712,91,6.4,20,1,7,0,55,ok
PORTAL_ARC_HARRIS_COUNTY_OP_D048520A99,254,122,7.0,4,2,12,0,50,ok
PORTAL_ARC_HARRIS_COUNTY_OP_D1EB790FBD,363,40,3.4,5,5,2,0,12,ok
PORTAL_ARC_HARRIS_COUNTY_OP_D248A81CD8,2000,91,6.1,22,1,7,0,53,ok
PORTAL_ARC_HARRIS_COUNTY_OP_D354D2D6E2,257,90,6.1,16,1,7,0,52,ok
PORTAL_ARC_HARRIS_COUNTY_OP_D53D8CC5D8,924,37,4.7,10,3,6,0,9,ok
PORTAL_ARC_HARRIS_COUNTY_OP_D8CF46061B,1017,20,4.9,4,1,4,0,1,ok
PORTAL_ARC_HARRIS_COUNTY_OP_D9A3089ED0,125,47,4.2,3,4,5,0,21,ok
PORTAL_ARC_HARRIS_COUNTY_OP_E68ADDC07C,33,122,6.9,4,2,11,0,65,ok
PORTAL_ARC_HARRIS_COUNTY_OP_E87E81379A,34,44,4.3,3,5,4,0,24,ok
PORTAL_ARC_HARRIS_COUNTY_OP_EA34BDDB5D,13,36,5.3,6,5,2,0,18,ok
PORTAL_ARC_HARRIS_COUNTY_OP_EDE1E11F9D,386,30,3.3,5,3,2,0,7,ok
PORTAL_ARC_HARRIS_COUNTY_OP_F22D53C24D,56,92,3.7,3,2,10,0,33,ok
PORTAL_ARC_HARRIS_COUNTY_OP_F3D3A3AB57,125,47,3.4,3,4,5,0,21,ok
PORTAL_ARC_HARRIS_COUNTY_OP_F9118D0DEE,1164,124,6.5,18,3,9,0,28,ok
PORTAL_ARC_HARRIS_COUNTY_OP_FA9969D82E,1128,23,4.0,4,3,2,0,3,ok
PORTAL_ARC_HARRIS_COUNTY_OP_FB6331E67A,805,37,3.4,12,3,2,0,9,ok
PORTAL_ARC_HARRIS_COUNTY_OP_FCFE62D3BE,18,21,3.7,1,1,6,0,12,ok
PORTAL_ARC_HARRIS_COUNTY_OP_FE2134F2C8,526,91,4.2,12,3,9,0,20,ok
PORTAL_ARC_KENTUCKY_OPEN_GI_100DA931EB,1971,46,3.0,8,2,0,0,8,ok
PORTAL_ARC_KENTUCKY_OPEN_GI_23E8E1668C,2000,35,3.7,12,2,2,0,4,ok
PORTAL_ARC_KENTUCKY_OPEN_GI_2A1893FE0B,2000,46,3.2,10,3,4,0,14,ok
PORTAL_ARC_LA_COUNTY_OPEN_D_0A94DB308E,93,64,5.3,8,9,2,0,20,ok
PORTAL_ARC_LA_COUNTY_OPEN_D_108A1E6982,365,28,3.9,4,1,1,0,12,ok
PORTAL_ARC_LA_COUNTY_OPEN_D_1632A8E413,12,28,3.9,4,1,1,0,19,ok
PORTAL_ARC_LA_COUNTY_OPEN_D_18EE361084,126,34,4.1,4,1,1,0,17,ok
PORTAL_ARC_LA_COUNTY_OPEN_D_1A6706943D,2000,45,4.2,7,4,2,0,11,ok
PORTAL_ARC_LA_COUNTY_OPEN_D_1EDD056661,2000,64,5.5,8,9,2,0,23,ok
PORTAL_ARC_LA_COUNTY_OPEN_D_2E79EB67C8,2000,32,3.5,9,3,3,0,3,ok
PORTAL_ARC_LA_COUNTY_OPEN_D_3D07EB80AC,1355,32,4.3,8,1,1,0,13,ok
PORTAL_ARC_LA_COUNTY_OPEN_D_460F3F619B,366,20,3.6,3,1,2,0,7,ok
PORTAL_ARC_LA_COUNTY_OPEN_D_464355F6D4,6,28,3.9,7,1,1,0,11,ok
PORTAL_ARC_LA_COUNTY_OPEN_D_501C20229C,1247,19,3.7,8,1,0,0,2,ok
PORTAL_ARC_LA_COUNTY_OPEN_D_58A85AED74,2,16,2.3,1,1,0,0,11,ok
PORTAL_ARC_LA_COUNTY_OPEN_D_5AB83C24A0,225,17,3.0,6,1,0,0,4,ok
PORTAL_ARC_LA_COUNTY_OPEN_D_6DF63A4983,187,16,2.5,3,1,0,1,3,ok
PORTAL_ARC_LA_COUNTY_OPEN_D_6F0FCB8A75,411,28,4.3,5,1,1,0,10,ok
PORTAL_ARC_LA_COUNTY_OPEN_D_73B029DCD6,1801,27,3.3,7,1,4,0,7,ok
PORTAL_ARC_LA_COUNTY_OPEN_D_7528D085CE,329,32,4.6,6,1,1,0,14,ok
PORTAL_ARC_LA_COUNTY_OPEN_D_75836D970C,2000,16,4.3,4,1,2,0,1,ok
PORTAL_ARC_LA_COUNTY_OPEN_D_83F0BA30FB,5,15,2.1,1,1,0,0,10,ok
PORTAL_ARC_LA_COUNTY_OPEN_D_86C98732BB,146,18,4.1,4,1,2,0,4,ok
PORTAL_ARC_LA_COUNTY_OPEN_D_90F6889981,212,17,4.7,4,1,2,0,4,ok
PORTAL_ARC_LA_COUNTY_OPEN_D_92CD102DA7,777,18,3.7,9,1,0,0,3,ok
PORTAL_ARC_LA_COUNTY_OPEN_D_92EFBD96E7,126,32,4.5,7,1,1,0,10,ok
PORTAL_ARC_LA_COUNTY_OPEN_D_A77E98386F,2000,28,4.0,5,1,1,0,10,ok
PORTAL_ARC_LA_COUNTY_OPEN_D_AD0B3DB8CD,22,28,3.5,5,1,1,0,16,ok
PORTAL_ARC_LA_COUNTY_OPEN_D_D75E8EA051,385,40,6.3,9,1,13,0,4,ok
PORTAL_ARC_LA_COUNTY_OPEN_D_E034245E05,8,17,2.1,1,1,0,0,13,ok
PORTAL_ARC_LA_COUNTY_OPEN_D_E549C7C921,76,31,4.3,5,2,6,0,10,ok
PORTAL_ARC_LA_COUNTY_OPEN_D_E59BD7CF06,659,28,4.9,8,1,1,0,10,ok
PORTAL_ARC_LA_COUNTY_OPEN_D_E68DDAB268,167,28,4.3,4,1,1,0,11,ok
PORTAL_ARC_LA_COUNTY_OPEN_D_E6A4C1D69B,2000,28,5.2,9,1,1,0,7,ok
PORTAL_ARC_LA_COUNTY_OPEN_D_E85041E063,1818,28,5.0,8,1,1,0,10,ok
PORTAL_ARC_LA_COUNTY_OPEN_D_F6444997FA,111,32,4.3,7,1,1,0,10,ok
PORTAL_ARC_LOUISVILLE_OPEN_0574425F4F,17,21,3.5,4,3,2,0,11,ok
PORTAL_ARC_LOUISVILLE_OPEN_4654B3D9BA,2000,20,4.1,6,1,0,0,5,ok
PORTAL_ARC_LOUISVILLE_OPEN_733584A9A0,11,23,2.6,1,4,0,0,13,ok
PORTAL_ARC_LOUISVILLE_OPEN_B5DAB97E2B,2000,21,2.9,5,1,0,0,5,ok
PORTAL_ARC_LOUISVILLE_OPEN_E92145C6D2,18,17,3.9,3,1,2,0,9,ok
PORTAL_ARC_LOUISVILLE_OPEN_F2B7CA4B76,2000,19,3.7,6,5,1,0,5,ok
PORTAL_ARC_MARICOPA_COUNTY_55B91E4BD1,821,7,2.8,3,1,0,0,0,ok
PORTAL_ARC_MARICOPA_COUNTY_91150B6A88,195,7,3.2,3,1,0,0,0,ok
PORTAL_ARC_MEMPHIS_OPEN_DAT_3057D84002,1537,23,3.5,1,4,4,0,5,ok
PORTAL_ARC_MEMPHIS_OPEN_DAT_47C4A90FEA,196,23,3.0,2,1,4,0,4,ok
PORTAL_ARC_MEMPHIS_OPEN_DAT_9F6F4B2736,2000,23,3.2,2,2,4,0,3,ok
PORTAL_ARC_MEMPHIS_OPEN_DAT_C9E8070496,1049,23,3.5,2,3,4,0,6,ok
PORTAL_ARC_MEMPHIS_OPEN_DAT_D0AE25BC24,1848,23,3.1,1,4,4,0,5,ok
PORTAL_ARC_NEW_HAMPSHIRE_GE_6731F28D87,2000,65,4.5,7,3,9,0,31,ok
PORTAL_ARC_NEW_MEXICO_OPEN_1B6C7F7FBD,32,45,3.7,2,3,11,1,23,ok
PORTAL_ARC_NEW_MEXICO_OPEN_3382D9F21E,2000,199,7.9,17,10,29,0,89,ok
PORTAL_ARC_NEW_MEXICO_OPEN_6E34862F8D,2000,174,6.8,9,8,29,0,77,ok
PORTAL_ARC_NEW_MEXICO_OPEN_7DE8F482F1,1062,68,4.0,3,2,13,0,43,ok
PORTAL_ARC_NEW_MEXICO_OPEN_FC7AADE1B3,2000,29,4.6,3,3,10,0,7,ok
PORTAL_ARC_OPEN_BALTIMORE_6C2257F1C4,21,31,3.3,1,1,3,0,22,ok
PORTAL_ARC_OPEN_BALTIMORE_751D91C991,62,16,4.5,5,1,2,0,3,ok
PORTAL_ARC_OPEN_DATA_DC_008BA480F6,1915,59,5.4,6,4,17,0,21,ok
PORTAL_ARC_OPEN_DATA_DC_01F2D9886C,437,59,3.9,3,4,16,0,22,ok
PORTAL_ARC_OPEN_DATA_DC_32AD83D2EC,2000,73,6.7,5,4,16,0,21,ok
PORTAL_ARC_OPEN_DATA_DC_43DCBD8BE3,2000,91,4.4,12,3,14,0,37,ok
PORTAL_ARC_OPEN_DATA_DC_454981B380,2,27,3.2,2,4,0,0,10,ok
PORTAL_ARC_OPEN_DATA_DC_56C4F04CF0,9,68,5.3,2,4,11,0,31,ok
PORTAL_ARC_OPEN_DATA_DC_582A28D212,46,37,3.5,1,1,11,0,23,ok
PORTAL_ARC_OPEN_DATA_DC_59913164D2,2000,97,4.5,10,4,2,0,49,ok
PORTAL_ARC_OPEN_DATA_DC_5B867C795C,133,10,2.6,1,2,2,0,1,ok
PORTAL_ARC_OPEN_DATA_DC_5CB81ACBDD,8,43,3.7,2,2,4,0,30,ok
PORTAL_ARC_OPEN_DATA_DC_74D9616143,2000,80,4.8,7,4,2,0,49,ok
PORTAL_ARC_OPEN_DATA_DC_8C6EF16235,204,29,4.3,1,1,8,0,5,ok
PORTAL_ARC_OPEN_DATA_DC_98319AB13D,2,27,2.5,2,4,0,0,10,ok
PORTAL_ARC_OPEN_DATA_DC_9A20CE1FC5,2000,56,3.1,6,3,0,0,33,ok
PORTAL_ARC_OPEN_DATA_DC_ADF4F0E413,2000,33,3.3,6,1,0,0,9,ok
PORTAL_ARC_OPEN_DATA_DC_B1DAECCB1B,83,50,3.5,3,4,3,0,28,ok
PORTAL_ARC_OPEN_DATA_DC_D359158BC8,733,184,7.7,16,2,2,0,85,ok
PORTAL_ARC_OPEN_DATA_DC_D74755206A,1058,6,2.1,1,1,0,0,0,ok
PORTAL_ARC_OPEN_DATA_DC_D8E55D5B7F,133,10,2.3,1,2,2,0,1,ok
PORTAL_ARC_OPEN_DATA_DC_E1DD5D3551,11,31,4.0,5,1,2,0,13,ok
PORTAL_ARC_OPEN_DATA_DC_E28C8C471A,83,50,4.1,3,4,3,0,28,ok
PORTAL_ARC_OPEN_DATA_DC_F37F5DDC3D,40,45,4.6,2,2,4,0,32,ok
PORTAL_ARC_OPEN_DATA_HARTFO_8A24EA33E4,2000,19,4.2,8,1,2,0,2,ok
PORTAL_ARC_OPEN_DATA_MINNEA_0426858DFE,110,30,3.1,2,5,2,0,7,ok
PORTAL_ARC_OPEN_DATA_MINNEA_09E3680FD2,2000,24,4.1,4,6,2,0,4,ok
PORTAL_ARC_OPEN_DATA_MINNEA_1AD7E106E4,2000,24,5.5,4,6,2,0,4,ok
PORTAL_ARC_OPEN_DATA_MINNEA_4C5820FD0A,2000,24,4.8,4,6,2,0,4,ok
PORTAL_ARC_OPEN_DATA_MINNEA_5381AC03F1,2000,71,5.0,19,1,9,2,16,ok
PORTAL_ARC_OPEN_DATA_MINNEA_5605A903BD,39,37,5.3,1,3,5,0,27,ok
PORTAL_ARC_OPEN_DATA_MINNEA_5AC94C44DA,2000,24,3.3,3,6,2,0,4,ok
PORTAL_ARC_OPEN_DATA_MINNEA_6CDCE692AA,2000,24,4.2,3,6,2,0,4,ok
PORTAL_ARC_OPEN_DATA_MINNEA_7C8C54BD8C,2000,24,3.4,4,6,2,0,4,ok
PORTAL_ARC_OPEN_DATA_MINNEA_7EFDCA0423,2000,24,3.3,3,6,2,0,4,ok
PORTAL_ARC_OPEN_DATA_MINNEA_BD6A1CACBB,2000,24,3.5,4,6,2,0,4,ok
PORTAL_ARC_OPEN_DATA_MINNEA_BE5550EBF6,2000,24,3.6,4,6,2,0,4,ok
PORTAL_ARC_OPEN_DATA_MINNEA_D808F6BF62,25,30,3.2,2,5,2,0,17,ok
PORTAL_ARC_OPEN_DATA_MINNEA_F87FF14B56,1340,71,5.4,19,1,9,0,14,ok
PORTAL_ARC_OPEN_DATA_RALEIG_5E5B26DC88,375,176,7.5,9,4,2,0,85,ok
PORTAL_ARC_OPEN_DATA_RALEIG_67EFBAC9DD,88,23,5.7,5,2,1,0,9,ok
PORTAL_ARC_OPEN_DATA_RALEIG_8EE851C810,2000,225,6.7,34,6,19,0,93,ok
PORTAL_ARC_OPEN_DATA_RALEIG_BBF9ABCA0D,1877,15,3.5,4,1,0,0,3,ok
PORTAL_ARC_OPEN_DATA_RALEIG_DF19DCBB03,2000,190,7.7,25,4,10,0,84,ok
PORTAL_ARC_OPEN_DATA_RALEIG_E6D57DA26D,334,13,2.6,1,1,1,0,8,ok
PORTAL_ARC_OPEN_DATA_RALEIG_EFBB617010,2000,179,7.7,23,4,9,0,83,ok
PORTAL_ARC_OPEN_DATA_RALEIG_F18F09F22F,2,22,2.2,1,1,0,0,3,ok
PORTAL_ARC_ORANGE_COUNTY_OP_05390F8D55,184,36,3.2,7,3,2,0,16,ok
PORTAL_ARC_ORANGE_COUNTY_OP_0DEA033879,54,22,4.5,2,1,2,0,12,ok
PORTAL_ARC_ORANGE_COUNTY_OP_1A50E60D53,13,28,3.5,3,3,3,0,7,ok
PORTAL_ARC_ORANGE_COUNTY_OP_27452024DB,59,29,3.1,4,3,3,0,10,ok
PORTAL_ARC_ORANGE_COUNTY_OP_2F4310B675,31,29,4.7,4,3,2,0,11,ok
PORTAL_ARC_ORANGE_COUNTY_OP_3A2A7267D1,33,29,3.2,3,3,2,0,14,ok
PORTAL_ARC_ORANGE_COUNTY_OP_41E4E2185F,66,22,3.6,2,1,2,0,11,ok
PORTAL_ARC_ORANGE_COUNTY_OP_43A1FE3FBE,161,36,3.4,6,3,2,0,14,ok
PORTAL_ARC_ORANGE_COUNTY_OP_572F3C6271,10,29,4.6,4,3,3,0,9,ok
PORTAL_ARC_ORANGE_COUNTY_OP_5E4098F260,63,34,5.2,5,1,2,0,14,ok
PORTAL_ARC_ORANGE_COUNTY_OP_62E4574F5E,9,29,3.6,5,3,2,0,9,ok
PORTAL_ARC_ORANGE_COUNTY_OP_644FB9535B,9,28,3.1,4,3,2,0,6,ok
PORTAL_ARC_ORANGE_COUNTY_OP_6BAA47A46B,33,28,3.9,3,3,2,0,11,ok
PORTAL_ARC_ORANGE_COUNTY_OP_75EFFF54D5,59,30,3.4,4,3,3,0,13,ok
PORTAL_ARC_ORANGE_COUNTY_OP_8C9550F9C6,13,29,3.3,3,3,3,0,10,ok
PORTAL_ARC_ORANGE_COUNTY_OP_A69A248695,10,28,4.5,3,3,3,0,6,ok
PORTAL_ARC_ORANGE_COUNTY_OP_BFABCC10A2,72,30,3.5,6,3,2,0,6,ok
PORTAL_ARC_ORANGE_COUNTY_OP_DD64A3F2B8,31,28,3.2,4,3,2,0,10,ok
PORTAL_ARC_ORANGE_COUNTY_OP_EA54EC8366,72,31,3.8,6,3,2,0,6,ok
PORTAL_ARC_TN_DATA_TENNESSE_32A03713CF,2000,45,4.7,9,1,4,0,19,ok
PORTAL_ARC_TN_DATA_TENNESSE_6321C469FE,2000,43,3.7,5,1,2,0,13,ok
PORTAL_ARC_TN_DATA_TENNESSE_655F6BCC6D,500,154,8.6,17,2,9,0,75,ok
PORTAL_ARC_TN_DATA_TENNESSE_A88FF7D84F,2000,41,3.5,5,1,3,0,9,ok
PORTAL_ARC_TN_DATA_TENNESSE_B3E1127384,2000,27,4.2,5,1,0,0,5,ok
PORTAL_ARC_TUCSON_OPEN_DATA_04EE75BE01,5000,109,5.4,31,3,16,0,25,ok
PORTAL_ARC_TUCSON_OPEN_DATA_057C5355E3,2000,86,7.4,15,2,7,0,26,ok
PORTAL_ARC_TUCSON_OPEN_DATA_0697237A35,1958,79,4.8,8,6,11,0,22,ok
PORTAL_ARC_TUCSON_OPEN_DATA_080C2334EE,17,78,4.5,10,6,7,0,45,ok
PORTAL_ARC_TUCSON_OPEN_DATA_0F83B7C628,142,89,6.0,5,6,6,0,37,ok
PORTAL_ARC_TUCSON_OPEN_DATA_1073539FE2,41,78,5.2,10,6,8,0,43,ok
PORTAL_ARC_TUCSON_OPEN_DATA_11050C025B,8,78,4.6,8,6,7,0,47,ok
PORTAL_ARC_TUCSON_OPEN_DATA_14C7AA5CCF,19,37,4.6,9,3,4,0,18,ok
PORTAL_ARC_TUCSON_OPEN_DATA_172A59FDF6,4,37,4.4,9,3,2,0,18,ok
PORTAL_ARC_TUCSON_OPEN_DATA_1E628CD572,71,37,3.7,1,1,6,0,24,ok
PORTAL_ARC_TUCSON_OPEN_DATA_289E71C579,2000,78,4.9,7,6,9,0,24,ok
PORTAL_ARC_TUCSON_OPEN_DATA_28F95EBB76,23,78,5.1,10,6,7,0,45,ok
PORTAL_ARC_TUCSON_OPEN_DATA_328AF9F277,6,78,4.9,11,6,6,0,40,ok
PORTAL_ARC_TUCSON_OPEN_DATA_32A72D9D1D,5,37,3.8,11,3,2,0,16,ok
PORTAL_ARC_TUCSON_OPEN_DATA_3A7E0821D1,61,80,4.7,10,6,9,0,34,ok
PORTAL_ARC_TUCSON_OPEN_DATA_3D7C82E432,2000,78,5.1,10,6,10,0,19,ok
PORTAL_ARC_TUCSON_OPEN_DATA_40615E7B14,3152,107,5.7,24,4,15,0,28,ok
PORTAL_ARC_TUCSON_OPEN_DATA_44F7648869,2000,78,4.4,9,6,9,1,23,ok
PORTAL_ARC_TUCSON_OPEN_DATA_4B31591F91,2000,83,4.5,11,6,13,0,22,ok
PORTAL_ARC_TUCSON_OPEN_DATA_4FB5EA68FC,2000,77,4.7,16,6,10,0,21,ok
PORTAL_ARC_TUCSON_OPEN_DATA_55D5164315,60,36,3.5,5,1,1,0,11,ok
PORTAL_ARC_TUCSON_OPEN_DATA_563E6E04A6,339,45,5.1,8,1,7,0,22,ok
PORTAL_ARC_TUCSON_OPEN_DATA_575B865A46,53,78,5.0,9,6,8,0,35,ok
PORTAL_ARC_TUCSON_OPEN_DATA_57DF097E01,74,78,4.4,9,6,8,0,34,ok
PORTAL_ARC_TUCSON_OPEN_DATA_5B985CBFB5,2000,78,4.7,9,6,10,0,20,ok
PORTAL_ARC_TUCSON_OPEN_DATA_5D84AF2604,190,79,5.5,11,6,8,0,22,ok
PORTAL_ARC_TUCSON_OPEN_DATA_63C0193FF1,18,78,4.9,10,6,9,0,43,ok
PORTAL_ARC_TUCSON_OPEN_DATA_65984ADFBA,2000,81,4.6,7,6,12,1,23,ok
PORTAL_ARC_TUCSON_OPEN_DATA_65A6CDEF8F,76,37,5.0,2,1,6,0,22,ok
PORTAL_ARC_TUCSON_OPEN_DATA_664D252729,2000,79,6.2,11,6,10,1,23,ok
PORTAL_ARC_TUCSON_OPEN_DATA_6720A5FF25,5,37,4.0,8,3,2,0,19,ok
PORTAL_ARC_TUCSON_OPEN_DATA_688A84DDBF,2000,85,5.4,21,7,13,0,21,ok
PORTAL_ARC_TUCSON_OPEN_DATA_69487E016F,1031,79,4.6,12,6,10,0,20,ok
PORTAL_ARC_TUCSON_OPEN_DATA_6A79648A77,2000,74,5.6,6,3,8,0,24,ok
PORTAL_ARC_TUCSON_OPEN_DATA_6E966EDC1B,176,78,6.3,12,6,8,1,26,ok
PORTAL_ARC_TUCSON_OPEN_DATA_7044E0923D,13,78,5.8,10,6,8,0,43,ok
PORTAL_ARC_TUCSON_OPEN_DATA_70CEDCB206,2000,78,5.3,10,6,10,0,19,ok
PORTAL_ARC_TUCSON_OPEN_DATA_726A6C58E2,2000,206,8.3,10,6,11,0,49,ok
PORTAL_ARC_TUCSON_OPEN_DATA_7468CF46DB,6,78,4.7,11,6,6,0,33,ok
PORTAL_ARC_TUCSON_OPEN_DATA_7672DB717A,2000,94,4.7,7,3,10,0,27,ok
PORTAL_ARC_TUCSON_OPEN_DATA_78A99CB261,2000,79,5.9,7,6,10,1,23,ok
PORTAL_ARC_TUCSON_OPEN_DATA_78DF4DC45F,1024,27,4.0,8,1,2,0,7,ok
PORTAL_ARC_TUCSON_OPEN_DATA_7B6232F22D,2000,78,4.7,9,6,10,1,23,ok
PORTAL_ARC_TUCSON_OPEN_DATA_7B93FAAC46,354,45,5.1,8,1,7,0,22,ok
PORTAL_ARC_TUCSON_OPEN_DATA_7E21327FCB,294,78,4.9,12,6,8,0,29,ok
PORTAL_ARC_TUCSON_OPEN_DATA_7F7E374C68,1844,79,5.9,10,6,11,0,20,ok
PORTAL_ARC_TUCSON_OPEN_DATA_80B28FB6D7,21,78,4.8,13,6,6,0,26,ok
PORTAL_ARC_TUCSON_OPEN_DATA_81514E21D3,2000,74,4.7,7,3,8,0,23,ok
PORTAL_ARC_TUCSON_OPEN_DATA_81EB8BA37C,2000,124,4.6,14,3,5,0,27,ok
PORTAL_ARC_TUCSON_OPEN_DATA_821C8A43B1,2000,100,4.6,13,2,10,0,27,ok
PORTAL_ARC_TUCSON_OPEN_DATA_82607FBFC9,2000,74,7.1,4,3,8,0,22,ok
PORTAL_ARC_TUCSON_OPEN_DATA_86A898EF77,1532,78,4.9,15,6,10,0,16,ok
PORTAL_ARC_TUCSON_OPEN_DATA_8896D12631,2000,79,4.7,7,6,9,1,23,ok
PORTAL_ARC_TUCSON_OPEN_DATA_89DF24D316,2000,93,4.8,7,3,8,0,27,ok
PORTAL_ARC_TUCSON_OPEN_DATA_8AAD75BF85,119,84,4.9,3,4,10,0,55,ok
PORTAL_ARC_TUCSON_OPEN_DATA_8AB8EAF3DF,2000,127,5.4,12,8,26,0,36,ok
PORTAL_ARC_TUCSON_OPEN_DATA_8E55E53D8D,2000,105,6.4,12,3,7,0,40,ok
PORTAL_ARC_TUCSON_OPEN_DATA_90C091B01B,2000,73,5.9,4,3,10,0,25,ok
PORTAL_ARC_TUCSON_OPEN_DATA_90CC86DC8C,2000,78,6.8,10,6,10,0,18,ok
PORTAL_ARC_TUCSON_OPEN_DATA_944B32BC37,502,27,5.5,11,1,2,0,8,ok
PORTAL_ARC_TUCSON_OPEN_DATA_95246841CB,189,79,5.0,9,6,7,0,25,ok
PORTAL_ARC_TUCSON_OPEN_DATA_97B5E23500,2000,71,5.2,7,3,8,0,19,ok
PORTAL_ARC_TUCSON_OPEN_DATA_9B42294E74,38,34,4.2,5,4,5,0,10,ok
PORTAL_ARC_TUCSON_OPEN_DATA_9E24E86B9A,2,78,4.8,11,5,7,0,38,ok
PORTAL_ARC_TUCSON_OPEN_DATA_A0293B412C,144,77,4.3,10,6,9,0,30,ok
PORTAL_ARC_TUCSON_OPEN_DATA_A2044BD114,1889,27,5.0,11,1,2,0,7,ok
PORTAL_ARC_TUCSON_OPEN_DATA_A40FB2876B,2000,78,5.6,9,6,10,0,20,ok
PORTAL_ARC_TUCSON_OPEN_DATA_A54A25CA53,2000,78,5.7,9,6,10,1,19,ok
PORTAL_ARC_TUCSON_OPEN_DATA_A937D836B3,2000,74,5.1,6,3,8,0,25,ok
PORTAL_ARC_TUCSON_OPEN_DATA_A94D7DFBCF,2000,78,5.9,9,6,10,0,20,ok
PORTAL_ARC_TUCSON_OPEN_DATA_AC3B9C03A4,2000,29,5.1,8,1,0,0,10,ok
PORTAL_ARC_TUCSON_OPEN_DATA_AD408FDF6D,2000,78,4.8,9,6,10,0,20,ok
PORTAL_ARC_TUCSON_OPEN_DATA_AD6F34F882,5000,109,5.3,31,3,17,0,25,ok
PORTAL_ARC_TUCSON_OPEN_DATA_B15AE2B075,3076,107,6.0,25,4,18,0,29,ok
PORTAL_ARC_TUCSON_OPEN_DATA_B44EAD49D6,66,78,4.8,9,6,8,0,34,ok
PORTAL_ARC_TUCSON_OPEN_DATA_B64E31A541,798,78,4.5,14,6,10,0,21,ok
PORTAL_ARC_TUCSON_OPEN_DATA_B77E902275,2000,79,4.9,9,6,11,0,20,ok
PORTAL_ARC_TUCSON_OPEN_DATA_B8BE43CF1C,2000,77,4.8,9,6,10,0,21,ok
PORTAL_ARC_TUCSON_OPEN_DATA_BADE778B92,2000,78,5.4,9,6,10,0,20,ok
PORTAL_ARC_TUCSON_OPEN_DATA_BDA54FB1D9,2000,91,4.5,14,2,13,0,26,ok
PORTAL_ARC_TUCSON_OPEN_DATA_C1ADDCDDD2,2000,15,4.0,6,1,2,0,1,ok
PORTAL_ARC_TUCSON_OPEN_DATA_C92A89BB0D,2000,78,5.2,9,6,10,0,20,ok
PORTAL_ARC_TUCSON_OPEN_DATA_CDD4037DF8,2000,101,5.6,8,4,12,0,32,ok
PORTAL_ARC_TUCSON_OPEN_DATA_CDFFE1002A,43,78,6.6,10,6,9,0,43,ok
PORTAL_ARC_TUCSON_OPEN_DATA_CF1942A6CE,2000,71,5.0,7,3,8,0,19,ok
PORTAL_ARC_TUCSON_OPEN_DATA_CF31C19A20,2230,107,6.7,30,6,17,0,31,ok
PORTAL_ARC_TUCSON_OPEN_DATA_D4FFB81E01,361,78,4.7,7,6,8,0,22,ok
PORTAL_ARC_TUCSON_OPEN_DATA_DB600D27AE,2000,77,4.8,9,6,10,1,22,ok
PORTAL_ARC_TUCSON_OPEN_DATA_E0EDEA39BE,2,37,3.4,12,3,2,0,15,ok
PORTAL_ARC_TUCSON_OPEN_DATA_E794DDDF28,276,37,3.5,12,3,4,0,8,ok
PORTAL_ARC_TUCSON_OPEN_DATA_E9360F6C40,833,78,4.6,13,6,9,0,23,ok
PORTAL_ARC_TUCSON_OPEN_DATA_EA7ADF4848,23,37,4.2,5,3,4,0,22,ok
PORTAL_ARC_TUCSON_OPEN_DATA_EAB8D87A4D,2000,100,5.2,11,6,25,1,25,ok
PORTAL_ARC_TUCSON_OPEN_DATA_EC706EAD4C,437,78,5.7,13,6,8,0,28,ok
PORTAL_ARC_TUCSON_OPEN_DATA_EE2E5DB309,2000,78,5.2,9,6,10,0,20,ok
PORTAL_ARC_TUCSON_OPEN_DATA_F0203665DD,2,37,4.0,11,3,2,0,16,ok
PORTAL_ARC_TUCSON_OPEN_DATA_F23F6E5C44,645,27,4.2,9,1,2,0,9,ok
PORTAL_ARC_TUCSON_OPEN_DATA_F5DCF594AF,2000,83,5.1,10,6,13,0,20,ok
PORTAL_ARC_TUCSON_OPEN_DATA_F91596293E,36,37,3.6,1,1,6,0,28,ok
PORTAL_ARC_TUCSON_OPEN_DATA_F919285F50,12,78,4.7,8,6,8,0,43,ok
PORTAL_ARC_TUCSON_OPEN_DATA_F9376D5072,2000,66,4.5,7,3,8,0,16,ok
PORTAL_ARC_TUCSON_OPEN_DATA_F970BAADB3,2000,81,5.1,13,3,8,0,22,ok
PORTAL_ARC_TUCSON_OPEN_DATA_FA71372C44,2000,79,5.3,9,6,11,0,20,ok
PORTAL_ARC_VERMONT_OPEN_GEO_62F10327D4,424,36,4.0,5,1,7,0,9,ok
PORTAL_ARC_VERMONT_OPEN_GEO_9E55D67E2C,286,54,5.1,7,1,25,0,6,ok
PORTAL_ARC_VERMONT_OPEN_GEO_DE261D6F8C,286,54,5.0,7,1,25,0,6,ok
PORTAL_ARC_WAKE_COUNTY_OPEN_4B425FD089,2000,103,6.3,6,1,13,0,24,ok
PORTAL_ARC_WISCONSIN_OPEN_D_022EFD1AE5,2,45,3.2,4,2,0,0,28,ok
PORTAL_ARC_WISCONSIN_OPEN_D_07CF3C3824,2,45,4.0,2,2,0,0,32,ok
PORTAL_ARC_WISCONSIN_OPEN_D_4EBC995C5D,56,45,2.4,6,2,0,0,11,ok
PORTAL_ARC_WISCONSIN_OPEN_D_5206358BDD,604,45,2.6,4,2,0,1,5,ok
PORTAL_ARC_WISCONSIN_OPEN_D_601E691159,1,45,1.9,0,2,0,0,0,ok
PORTAL_ARC_WISCONSIN_OPEN_D_717F8037EB,9,45,3.1,4,2,0,0,30,ok
PORTAL_ARC_WISCONSIN_OPEN_D_B2EFA24715,14,45,2.6,2,2,0,0,32,ok
PORTAL_ARC_WISCONSIN_OPEN_D_CB1509F410,42,45,3.6,2,2,0,0,32,ok
PORTAL_ARC_WISCONSIN_OPEN_D_D05399642C,8,48,3.1,3,3,0,0,37,ok
PORTAL_CKA_ANALYZE_BOSTON_0012B002BE,539,17,3.9,1,4,2,0,5,ok
PORTAL_CKA_ANALYZE_BOSTON_03ECD5C73D,10000,13,3.1,5,2,2,0,2,ok
PORTAL_CKA_ANALYZE_BOSTON_0BDFF0513C,1638,35,5.2,5,3,7,0,11,ok
PORTAL_CKA_ANALYZE_BOSTON_0CCFFFCC26,9951,20,5.0,7,3,2,0,6,ok
PORTAL_CKA_ANALYZE_BOSTON_0CED34C7C1,13,17,3.6,2,1,4,0,9,ok
PORTAL_CKA_ANALYZE_BOSTON_0F7B6B1F80,26,10,3.7,1,1,4,0,2,ok
PORTAL_CKA_ANALYZE_BOSTON_1020CCD06A,24,42,2.9,1,1,2,0,36,ok
PORTAL_CKA_ANALYZE_BOSTON_11B21C9100,41,23,3.9,2,3,2,0,12,ok
PORTAL_CKA_ANALYZE_BOSTON_1321CB60B5,156,13,3.1,1,2,2,0,3,ok
PORTAL_CKA_ANALYZE_BOSTON_134A12A020,235,17,4.3,8,1,2,0,4,ok
PORTAL_CKA_ANALYZE_BOSTON_236A5362B9,1,7,2.2,0,1,0,0,0,ok
PORTAL_CKA_ANALYZE_BOSTON_3032706EE4,24,7,2.6,1,1,2,0,1,ok
PORTAL_CKA_ANALYZE_BOSTON_38EB48CA38,736,7,3.0,2,1,1,0,1,ok
PORTAL_CKA_ANALYZE_BOSTON_3947F1D3D1,664,25,4.2,5,3,0,0,11,ok
PORTAL_CKA_ANALYZE_BOSTON_45E7E21495,1,9,1.7,0,1,0,0,0,ok
PORTAL_CKA_ANALYZE_BOSTON_4A5CA3BCE5,301,20,3.4,6,2,2,0,4,ok
PORTAL_CKA_ANALYZE_BOSTON_4EDDC3919B,8250,16,3.8,3,5,0,0,4,ok
PORTAL_CKA_ANALYZE_BOSTON_5288DB6955,191,20,4.6,2,4,2,0,7,ok
PORTAL_CKA_ANALYZE_BOSTON_5544ABA2E2,391,20,3.6,1,2,13,0,3,ok
PORTAL_CKA_ANALYZE_BOSTON_59330DA889,22,10,3.5,1,1,4,0,2,ok
PORTAL_CKA_ANALYZE_BOSTON_5CCB249B71,10000,33,6.5,3,3,8,0,9,ok
PORTAL_CKA_ANALYZE_BOSTON_5DD692715C,3302,17,3.9,3,2,2,0,5,ok
PORTAL_CKA_ANALYZE_BOSTON_5EDCDE6490,28,20,4.4,2,1,6,0,7,ok
PORTAL_CKA_ANALYZE_BOSTON_5FC2A4D010,295,33,3.8,3,1,2,0,20,ok
PORTAL_CKA_ANALYZE_BOSTON_691C77C209,1,309,5.1,0,1,0,0,0,ok
PORTAL_CKA_ANALYZE_BOSTON_727723877E,24,309,7.2,1,1,302,0,3,ok
PORTAL_CKA_ANALYZE_BOSTON_75AFC07272,13,11,3.1,1,1,2,0,5,ok
PORTAL_CKA_ANALYZE_BOSTON_78E7B87DD3,10000,19,4.2,6,2,1,0,4,ok
PORTAL_CKA_ANALYZE_BOSTON_78E8CD45C9,40,13,3.7,3,1,2,0,5,ok
PORTAL_CKA_ANALYZE_BOSTON_79B955775B,15,15,3.3,2,1,2,0,8,ok
PORTAL_CKA_ANALYZE_BOSTON_7A1246D4B5,10000,8,4.6,2,3,0,0,1,ok
PORTAL_CKA_ANALYZE_BOSTON_7D75FD803F,134,18,3.7,3,1,2,0,5,ok
PORTAL_CKA_ANALYZE_BOSTON_7F82F529E8,60,33,4.3,3,1,11,0,8,ok
PORTAL_CKA_ANALYZE_BOSTON_80FF6D8E34,1240,20,4.3,6,3,2,0,4,ok
PORTAL_CKA_ANALYZE_BOSTON_824B1B659E,988,28,4.7,3,3,6,0,7,ok
PORTAL_CKA_ANALYZE_BOSTON_897A9990FC,77,17,3.7,2,1,4,0,8,ok
PORTAL_CKA_ANALYZE_BOSTON_899BB82358,572,13,4.0,2,1,5,0,1,ok
PORTAL_CKA_ANALYZE_BOSTON_8A02CA5E02,1382,20,4.2,2,2,2,0,7,ok
PORTAL_CKA_ANALYZE_BOSTON_8A79542C61,227,8,2.8,1,1,2,0,3,ok
PORTAL_CKA_ANALYZE_BOSTON_92EF0E3576,52,19,2.8,1,1,5,0,7,ok
PORTAL_CKA_ANALYZE_BOSTON_941E6C1D15,26,12,2.8,1,1,3,0,5,ok
PORTAL_CKA_ANALYZE_BOSTON_94AE63A33F,10000,24,4.7,10,3,2,0,8,ok
PORTAL_CKA_ANALYZE_BOSTON_97789AB639,52,21,3.9,2,3,2,0,8,ok
PORTAL_CKA_ANALYZE_BOSTON_9791D2174D,129,12,4.2,2,1,2,0,0,ok
PORTAL_CKA_ANALYZE_BOSTON_992876D5AB,275,16,3.3,1,1,4,0,5,ok
PORTAL_CKA_ANALYZE_BOSTON_99D95F2DF0,207,18,3.8,2,1,6,0,0,ok
PORTAL_CKA_ANALYZE_BOSTON_9A0FE05B1B,10000,20,4.0,3,3,1,0,7,ok
PORTAL_CKA_ANALYZE_BOSTON_9C8338C5C2,1528,27,5.1,5,3,2,0,7,ok
PORTAL_CKA_ANALYZE_BOSTON_9EE23F0172,18,14,2.9,1,1,3,0,8,ok
PORTAL_CKA_ANALYZE_BOSTON_9FE0838E9F,968,33,3.1,14,1,0,0,9,ok
PORTAL_CKA_ANALYZE_BOSTON_A4A4828973,10000,37,5.0,4,2,10,0,13,ok
PORTAL_CKA_ANALYZE_BOSTON_A6C2B4684A,18,24,3.6,1,1,3,0,18,ok
PORTAL_CKA_ANALYZE_BOSTON_A9B7E5C08A,10000,22,3.7,2,6,0,0,9,ok
PORTAL_CKA_ANALYZE_BOSTON_ACCA0DF381,3758,34,5.1,5,2,1,0,21,ok
PORTAL_CKA_ANALYZE_BOSTON_B4C5E99B0A,10000,70,6.7,6,1,6,1,37,ok
PORTAL_CKA_ANALYZE_BOSTON_B6C7223760,576,30,4.4,4,1,3,0,11,ok
PORTAL_CKA_ANALYZE_BOSTON_BBE261ACCB,10000,31,7.3,2,4,5,0,10,ok
PORTAL_CKA_ANALYZE_BOSTON_BBE6F0FD04,12,11,2.8,1,1,3,0,4,ok
PORTAL_CKA_ANALYZE_BOSTON_BD5A2F9374,1469,7,2.6,1,1,1,0,1,ok
PORTAL_CKA_ANALYZE_BOSTON_BE87D5EA10,10000,15,3.9,1,2,5,0,5,ok
PORTAL_CKA_ANALYZE_BOSTON_C0890B412F,35,13,2.5,1,1,3,0,7,ok
PORTAL_CKA_ANALYZE_BOSTON_C1B203DC0A,3631,29,4.7,8,3,2,0,5,ok
PORTAL_CKA_ANALYZE_BOSTON_C36F95122C,20,11,3.4,1,1,2,0,2,ok
PORTAL_CKA_ANALYZE_BOSTON_CF53830F73,9,8,2.6,1,1,2,0,2,ok
PORTAL_CKA_ANALYZE_BOSTON_D5A9AD584E,10000,66,5.0,1,4,4,0,47,ok
PORTAL_CKA_ANALYZE_BOSTON_DB1AEFD5B6,2634,31,6.3,3,2,2,0,21,ok
PORTAL_CKA_ANALYZE_BOSTON_DB29EC5366,10000,22,4.8,4,1,5,0,5,ok
PORTAL_CKA_ANALYZE_BOSTON_DD269D0A1D,10000,39,4.2,3,1,3,0,22,ok
PORTAL_CKA_ANALYZE_BOSTON_DF0A6DE397,9998,26,4.7,7,3,2,0,5,ok
PORTAL_CKA_ANALYZE_BOSTON_DF52D983A2,208,311,7.7,1,1,303,0,1,ok
PORTAL_CKA_ANALYZE_BOSTON_E1262D25C2,35,31,3.7,1,1,5,0,21,ok
PORTAL_CKA_ANALYZE_BOSTON_E4C004D662,10000,31,5.3,4,4,2,0,14,ok
PORTAL_CKA_ANALYZE_BOSTON_EB235CDC7A,1314,16,5.5,3,1,2,0,6,ok
PORTAL_CKA_ANALYZE_BOSTON_EC027D890C,6,11,4.9,1,1,2,0,1,ok
PORTAL_CKA_ANALYZE_BOSTON_ECC632A66F,13,10,3.2,1,1,4,0,2,ok
PORTAL_CKA_ANALYZE_BOSTON_F059843BA0,6954,46,5.8,2,2,5,0,14,ok
PORTAL_CKA_ANALYZE_BOSTON_F1B3F76830,9999,27,4.8,4,2,2,1,5,ok
PORTAL_CKA_ANALYZE_BOSTON_F267F0B038,346,11,3.1,7,1,0,0,1,ok
PORTAL_CKA_ANALYZE_BOSTON_F5E467A238,87,19,3.6,3,1,2,0,5,ok
PORTAL_CKA_CALIFORNIA_OPEN_016FCE0E20,353,7,3.3,2,1,0,0,1,ok
PORTAL_CKA_CALIFORNIA_OPEN_07D8D8E651,1950,39,4.3,18,4,0,0,7,ok
PORTAL_CKA_CALIFORNIA_OPEN_09F2ECF408,380,24,4.5,4,1,3,0,8,ok
PORTAL_CKA_CALIFORNIA_OPEN_0AD648012F,10000,14,4.5,4,3,2,0,1,ok
PORTAL_CKA_CALIFORNIA_OPEN_0BC18BBA68,2,14,3.7,3,1,2,0,2,ok
PORTAL_CKA_CALIFORNIA_OPEN_1424436F0D,10000,14,4.0,3,1,1,0,6,ok
PORTAL_CKA_CALIFORNIA_OPEN_21E0E694B5,991,50,4.4,2,1,8,0,35,ok
PORTAL_CKA_CALIFORNIA_OPEN_22F6B7DB0F,1500,24,6.3,3,1,4,0,8,ok
PORTAL_CKA_CALIFORNIA_OPEN_27DC9C9E51,10000,25,5.0,3,3,3,1,6,ok
PORTAL_CKA_CALIFORNIA_OPEN_2D939C89A5,27,35,4.3,14,3,0,0,2,ok
PORTAL_CKA_CALIFORNIA_OPEN_31DEEFF0A8,25,16,4.2,3,6,2,0,4,ok
PORTAL_CKA_CALIFORNIA_OPEN_3501B678FA,572,15,4.1,4,4,0,0,4,ok
PORTAL_CKA_CALIFORNIA_OPEN_35E42B9770,10000,37,4.7,3,3,16,0,11,ok
PORTAL_CKA_CALIFORNIA_OPEN_37C04CBA4A,1,10,1.5,0,1,0,0,0,ok
PORTAL_CKA_CALIFORNIA_OPEN_3972A98745,25,7,2.6,1,1,0,0,4,ok
PORTAL_CKA_CALIFORNIA_OPEN_3B70AD4F80,7754,37,4.2,7,5,8,0,7,ok
PORTAL_CKA_CALIFORNIA_OPEN_3BA640AA6E,8,22,5.0,6,4,2,0,3,ok
PORTAL_CKA_CALIFORNIA_OPEN_41B8625438,11,23,2.6,1,1,3,0,15,ok
PORTAL_CKA_CALIFORNIA_OPEN_4789F4FDC3,805,20,4.6,2,6,1,0,4,ok
PORTAL_CKA_CALIFORNIA_OPEN_490B55C81B,6160,25,5.3,9,6,2,0,2,ok
PORTAL_CKA_CALIFORNIA_OPEN_49D5A45DE1,1,14,1.7,0,1,0,0,0,ok
PORTAL_CKA_CALIFORNIA_OPEN_59AFD10B01,10000,25,5.0,8,5,2,0,6,ok
PORTAL_CKA_CALIFORNIA_OPEN_5DD35F95D8,5000,62,5.5,7,9,2,0,23,ok
PORTAL_CKA_CALIFORNIA_OPEN_6083F016D2,1,14,2.0,0,1,0,0,0,ok
PORTAL_CKA_CALIFORNIA_OPEN_6611464444,770,23,4.2,3,1,3,0,9,ok
PORTAL_CKA_CALIFORNIA_OPEN_67A021FADC,2358,16,3.6,8,1,2,0,2,ok
PORTAL_CKA_CALIFORNIA_OPEN_6A4468B24F,1,14,1.7,0,1,0,0,0,ok
PORTAL_CKA_CALIFORNIA_OPEN_72414C64DF,58,22,2.9,3,1,0,0,14,ok
PORTAL_CKA_CALIFORNIA_OPEN_782F060364,4595,10,6.3,3,2,0,0,2,ok
PORTAL_CKA_CALIFORNIA_OPEN_7F65D27DB7,71,18,4.0,2,3,2,0,6,ok
PORTAL_CKA_CALIFORNIA_OPEN_823711435D,27,14,3.7,1,1,2,0,9,ok
PORTAL_CKA_CALIFORNIA_OPEN_878E5CBEC3,6950,13,2.3,1,1,0,0,9,ok
PORTAL_CKA_CALIFORNIA_OPEN_89F906DC75,3906,21,5.1,4,2,6,0,5,ok
PORTAL_CKA_CALIFORNIA_OPEN_8C4AA754CE,1,14,1.5,0,1,0,0,0,ok
PORTAL_CKA_CALIFORNIA_OPEN_94C5C44A4F,999,13,4.0,4,1,1,0,3,ok
PORTAL_CKA_CALIFORNIA_OPEN_9C50AEF41D,1721,16,2.9,1,2,2,0,7,ok
PORTAL_CKA_CALIFORNIA_OPEN_A5D78A8B63,1326,19,5.0,5,3,2,0,4,ok
PORTAL_CKA_CALIFORNIA_OPEN_A6FC6EE30B,3040,22,4.3,9,1,3,0,4,ok
PORTAL_CKA_CALIFORNIA_OPEN_A8C3CED685,3500,11,4.0,4,1,2,0,0,ok
PORTAL_CKA_CALIFORNIA_OPEN_AA8C1ECAF6,7,36,5.3,13,4,0,0,6,ok
PORTAL_CKA_CALIFORNIA_OPEN_AC6C9E2B47,10000,22,4.5,3,1,4,0,7,ok
PORTAL_CKA_CALIFORNIA_OPEN_AD71D0FFDE,2378,16,5.1,5,2,3,0,3,ok
PORTAL_CKA_CALIFORNIA_OPEN_B100823F62,2285,28,4.9,10,2,5,0,6,ok
PORTAL_CKA_CALIFORNIA_OPEN_B36AD1F596,10000,16,4.9,4,1,2,0,5,ok
PORTAL_CKA_CALIFORNIA_OPEN_B7D3E2C140,41,15,4.3,2,3,2,0,6,ok
PORTAL_CKA_CALIFORNIA_OPEN_B98053323B,4,6,2.2,1,1,0,0,3,ok
PORTAL_CKA_CALIFORNIA_OPEN_BFFAFC771D,55,13,3.0,2,2,0,0,7,ok
PORTAL_CKA_CALIFORNIA_OPEN_C19A7C8625,4858,193,7.0,12,5,96,0,43,ok
PORTAL_CKA_CALIFORNIA_OPEN_C65B641866,10000,23,5.3,6,5,4,0,1,ok
PORTAL_CKA_CALIFORNIA_OPEN_C86733ED60,10000,34,4.7,2,1,5,0,20,ok
PORTAL_CKA_CALIFORNIA_OPEN_CB7C3747FC,1513,16,5.8,4,3,2,0,1,ok
PORTAL_CKA_CALIFORNIA_OPEN_CC3CA4C413,9788,22,4.7,9,3,2,0,4,ok
PORTAL_CKA_CALIFORNIA_OPEN_D33A75D890,10000,7,3.0,2,2,0,0,0,ok
PORTAL_CKA_CALIFORNIA_OPEN_D8C67A34A8,7291,25,4.6,9,5,2,0,5,ok
PORTAL_CKA_CALIFORNIA_OPEN_DCAEBA5312,18,7,2.1,1,1,0,0,4,ok
PORTAL_CKA_CALIFORNIA_OPEN_E27DBB825C,1715,29,4.6,4,4,3,0,13,ok
PORTAL_CKA_CALIFORNIA_OPEN_E2CDCDBC2C,134,11,2.5,1,1,2,0,2,ok
PORTAL_CKA_CALIFORNIA_OPEN_E87D6ED57D,3200,143,6.9,5,3,22,0,104,ok
PORTAL_CKA_CALIFORNIA_OPEN_EE216E8506,4,15,4.4,4,1,3,0,4,ok
PORTAL_CKA_CALIFORNIA_OPEN_F039E82E72,83,25,3.7,3,3,3,0,10,ok
PORTAL_CKA_CALIFORNIA_OPEN_F406AAD424,10000,24,5.2,3,3,3,1,6,ok
PORTAL_CKA_CALIFORNIA_OPEN_F8F7B5716B,808,12,3.3,3,5,0,0,3,ok
PORTAL_CKA_HOUSTON_OPEN_DAT_07C9C99EB1,2216,13,5.7,2,2,0,0,5,ok
PORTAL_CKA_HOUSTON_OPEN_DAT_092DC52BC1,3524,54,2.9,2,1,0,0,0,ok
PORTAL_CKA_HOUSTON_OPEN_DAT_09FD7E454A,28,12,2.9,1,1,0,0,9,ok
PORTAL_CKA_HOUSTON_OPEN_DAT_0A6665137F,3524,72,3.7,2,1,0,0,12,ok
PORTAL_CKA_HOUSTON_OPEN_DAT_0AA7C87F45,10000,23,3.5,2,3,5,0,8,ok
PORTAL_CKA_HOUSTON_OPEN_DAT_1439E11E74,135,7,2.9,3,2,0,0,0,ok
PORTAL_CKA_HOUSTON_OPEN_DAT_1612361F51,37,6,2.4,1,1,0,0,3,ok
PORTAL_CKA_HOUSTON_OPEN_DAT_1629EF6392,15,23,3.0,2,1,1,0,17,ok
PORTAL_CKA_HOUSTON_OPEN_DAT_18A3CA22AF,28,7,3.9,1,3,0,0,2,ok
PORTAL_CKA_HOUSTON_OPEN_DAT_19CBD263CC,15,9,2.9,2,1,3,0,1,ok
PORTAL_CKA_HOUSTON_OPEN_DAT_1E1227F82A,2049,9,2.6,2,1,1,0,1,ok
PORTAL_CKA_HOUSTON_OPEN_DAT_21FF930703,10000,17,3.8,4,5,0,0,2,ok
PORTAL_CKA_HOUSTON_OPEN_DAT_2E1926ECB2,15,13,2.4,2,1,0,0,8,ok
PORTAL_CKA_HOUSTON_OPEN_DAT_399393985D,15,55,3.0,2,1,0,0,50,ok
PORTAL_CKA_HOUSTON_OPEN_DAT_405FBDB44A,3524,26,2.9,2,1,0,0,1,ok
PORTAL_CKA_HOUSTON_OPEN_DAT_442A765041,3524,6,3.3,2,1,0,0,0,ok
PORTAL_CKA_HOUSTON_OPEN_DAT_4581DA6829,447,17,5.3,4,1,1,0,5,ok
PORTAL_CKA_HOUSTON_OPEN_DAT_48B03033D3,31,7,2.1,1,1,0,0,4,ok
PORTAL_CKA_HOUSTON_OPEN_DAT_49FFAB9EDC,42,10,2.8,1,3,0,0,5,ok
PORTAL_CKA_HOUSTON_OPEN_DAT_4DF426D97D,3524,32,2.9,2,1,0,0,0,ok
PORTAL_CKA_HOUSTON_OPEN_DAT_501EE45DC7,3524,30,4.4,2,1,0,0,2,ok
PORTAL_CKA_HOUSTON_OPEN_DAT_583918009F,3524,12,2.8,2,1,0,0,0,ok
PORTAL_CKA_HOUSTON_OPEN_DAT_5848C85560,5060,23,4.2,7,5,0,0,2,ok
PORTAL_CKA_HOUSTON_OPEN_DAT_5B1522DD22,10000,16,3.3,3,2,3,0,4,ok
PORTAL_CKA_HOUSTON_OPEN_DAT_6082321C0C,3524,22,3.3,2,1,0,0,0,ok
PORTAL_CKA_HOUSTON_OPEN_DAT_702315B033,1056,15,2.4,3,1,0,0,5,ok
PORTAL_CKA_HOUSTON_OPEN_DAT_76E445329F,4308,25,4.0,8,6,0,0,3,ok
PORTAL_CKA_HOUSTON_OPEN_DAT_7A8148751C,15,15,4.4,2,1,4,0,6,ok
PORTAL_CKA_HOUSTON_OPEN_DAT_824D8A7B02,2310,9,4.1,2,2,3,0,0,ok
PORTAL_CKA_HOUSTON_OPEN_DAT_932DB3FB0B,174,11,2.5,1,1,0,1,2,ok
PORTAL_CKA_HOUSTON_OPEN_DAT_95CC6891BD,3524,10,2.4,2,1,0,0,0,ok
PORTAL_CKA_HOUSTON_OPEN_DAT_9A02A5CFC0,587,9,3.6,2,3,0,0,1,ok
PORTAL_CKA_HOUSTON_OPEN_DAT_A4490182BA,10000,48,5.9,10,5,6,0,15,ok
PORTAL_CKA_HOUSTON_OPEN_DAT_AA67E5B416,15,27,3.4,2,1,0,0,22,ok
PORTAL_CKA_HOUSTON_OPEN_DAT_AB35BB6552,9997,24,3.4,7,4,0,0,7,ok
PORTAL_CKA_HOUSTON_OPEN_DAT_AEB065E230,15,27,2.8,2,1,0,0,22,ok
PORTAL_CKA_HOUSTON_OPEN_DAT_AEFB1B6A56,3524,7,2.5,2,1,0,0,0,ok
PORTAL_CKA_HOUSTON_OPEN_DAT_BC15145E45,4655,17,2.8,3,1,0,0,8,ok
PORTAL_CKA_HOUSTON_OPEN_DAT_BDF3A70A86,15,25,2.4,2,1,0,0,20,ok
PORTAL_CKA_HOUSTON_OPEN_DAT_C3F216770E,9996,16,3.2,5,3,0,0,5,ok
PORTAL_CKA_HOUSTON_OPEN_DAT_C5521BDA2A,10000,57,4.9,20,6,0,1,22,ok
PORTAL_CKA_HOUSTON_OPEN_DAT_CFDCDF13FD,15,7,2.4,2,1,0,0,2,ok
PORTAL_CKA_HOUSTON_OPEN_DAT_E748AC9E19,10000,13,3.5,6,3,0,0,0,ok
PORTAL_CKA_HOUSTON_OPEN_DAT_EBAB30A0F0,9995,23,5.9,3,5,7,0,2,ok
PORTAL_CKA_HOUSTON_OPEN_DAT_EBCDF36B9E,3524,32,2.9,2,1,0,0,6,ok
PORTAL_CKA_HOUSTON_OPEN_DAT_F10142914F,9999,33,5.0,13,5,0,0,7,ok
PORTAL_CKA_HOUSTON_OPEN_DAT_F572136326,15,8,2.9,2,1,0,0,3,ok
PORTAL_CKA_HOUSTON_OPEN_DAT_FB1F968C19,1027,5,2.5,2,1,0,0,0,ok
PORTAL_CKA_INDIANA_DATA_HUB_0ED686ABD6,10000,13,3.5,2,1,2,0,5,ok
PORTAL_CKA_INDIANA_DATA_HUB_34B4DEE108,13,7,2.2,1,1,0,0,4,ok
PORTAL_CKA_INDIANA_DATA_HUB_378E0419E1,10,6,1.9,1,1,0,0,3,ok
PORTAL_CKA_INDIANA_DATA_HUB_45D5D2F154,20,7,2.1,1,1,0,0,4,ok
PORTAL_CKA_INDIANA_DATA_HUB_4CFFFDCCA9,77,6,3.1,2,1,0,0,1,ok
PORTAL_CKA_INDIANA_DATA_HUB_4F4EC0066B,306,13,3.4,2,1,3,0,2,ok
PORTAL_CKA_INDIANA_DATA_HUB_50ECCF3529,77,6,2.2,2,1,0,0,1,ok
PORTAL_CKA_INDIANA_DATA_HUB_517D2C08EB,11,7,2.4,1,1,0,0,4,ok
PORTAL_CKA_INDIANA_DATA_HUB_56BFD51405,4175,28,6.1,4,1,21,0,1,ok
PORTAL_CKA_INDIANA_DATA_HUB_63403B5EE5,77,6,2.9,2,1,0,0,1,ok
PORTAL_CKA_INDIANA_DATA_HUB_66A945CF17,5000,21,4.0,10,1,4,1,3,ok
PORTAL_CKA_INDIANA_DATA_HUB_6CFF9E6A68,12,5,2.0,1,1,0,0,2,ok
PORTAL_CKA_INDIANA_DATA_HUB_71C6F53126,18,7,2.3,1,1,0,0,4,ok
PORTAL_CKA_INDIANA_DATA_HUB_7747EFE139,10000,14,5.1,4,1,4,0,3,ok
PORTAL_CKA_INDIANA_DATA_HUB_77FCBC0131,11,5,2.9,1,1,0,0,2,ok
PORTAL_CKA_INDIANA_DATA_HUB_78F3E49D13,4730,17,4.9,6,1,5,0,2,ok
PORTAL_CKA_INDIANA_DATA_HUB_7F118FAE1C,15,7,2.0,1,1,0,0,4,ok
PORTAL_CKA_INDIANA_DATA_HUB_83BA6435C2,10000,20,3.9,1,2,4,0,4,ok
PORTAL_CKA_INDIANA_DATA_HUB_8D92E2391E,18,5,1.9,1,1,0,0,2,ok
PORTAL_CKA_INDIANA_DATA_HUB_90026D479A,10000,12,4.0,2,1,3,0,4,ok
PORTAL_CKA_INDIANA_DATA_HUB_90819D705E,770,7,3.4,1,1,1,0,0,ok
PORTAL_CKA_INDIANA_DATA_HUB_90C2A3CA78,784,6,2.9,2,1,0,0,1,ok
PORTAL_CKA_INDIANA_DATA_HUB_948340249F,77,6,3.3,2,1,0,0,1,ok
PORTAL_CKA_INDIANA_DATA_HUB_A95D120AEB,9,6,2.0,1,1,0,0,3,ok
PORTAL_CKA_INDIANA_DATA_HUB_BA1B037C9E,26,13,3.5,1,1,2,0,8,ok
PORTAL_CKA_INDIANA_DATA_HUB_BD531B17F6,92,15,3.1,1,1,4,0,6,ok
PORTAL_CKA_INDIANA_DATA_HUB_BD98260749,10,6,2.1,1,1,0,0,3,ok
PORTAL_CKA_INDIANA_DATA_HUB_BF3B083E9D,21,7,1.9,1,1,0,0,4,ok
PORTAL_CKA_INDIANA_DATA_HUB_D0E8C9C66D,20,7,2.2,1,1,0,0,4,ok
PORTAL_CKA_INDIANA_DATA_HUB_D4DAE8D984,10000,11,5.0,4,1,1,0,2,ok
PORTAL_CKA_INDIANA_DATA_HUB_D718232FBC,603,11,3.8,2,1,3,0,3,ok
PORTAL_CKA_INDIANA_DATA_HUB_E1074F0714,4785,5,2.9,2,1,0,0,0,ok
PORTAL_CKA_INDIANA_DATA_HUB_EF21700614,77,6,2.3,2,1,0,0,1,ok
PORTAL_CKA_INDIANA_DATA_HUB_FC0ABC5EDF,10000,65,3.7,5,1,0,0,40,ok
PORTAL_CKA_INDIANA_DATA_HUB_FD8FCE5DEA,797,8,2.8,2,1,0,0,2,ok
PORTAL_CKA_INDIANA_DATA_HUB_FE00D42ACC,10000,13,3.9,2,3,0,0,1,ok
PORTAL_CKA_IRELAND_NATIONAL_12F7EAE1D9,49,12,4.0,2,1,3,0,5,ok
PORTAL_CKA_IRELAND_NATIONAL_4049D41C91,1,15,1.6,0,1,0,0,0,ok
PORTAL_CKA_IRELAND_NATIONAL_73A82CB256,6,10,3.2,1,1,2,0,5,ok
PORTAL_CKA_IRELAND_NATIONAL_7B813F1D72,3054,14,5.9,3,1,5,0,3,ok
PORTAL_CKA_IRELAND_NATIONAL_8B963015F5,1376,11,2.5,1,1,1,0,7,ok
PORTAL_CKA_IRELAND_NATIONAL_DC8E6F93C3,3518,13,3.3,2,1,1,0,5,ok
PORTAL_CKA_IRELAND_NATIONAL_F2EFDE1A8C,1206,14,3.6,5,3,0,0,1,ok
PORTAL_CKA_IRELAND_NATIONAL_F340FB5CBD,6126,8,2.7,1,2,1,0,2,ok
PORTAL_CKA_ISRAEL_NATIONAL_0010F646F4,596,12,4.7,5,2,1,0,2,ok
PORTAL_CKA_ISRAEL_NATIONAL_03D9D0D534,1439,17,3.6,5,3,0,0,4,ok
PORTAL_CKA_ISRAEL_NATIONAL_05CD5564C6,3810,24,4.1,3,2,2,0,9,ok
PORTAL_CKA_ISRAEL_NATIONAL_07EC1AF377,3873,11,3.3,4,3,0,0,1,ok
PORTAL_CKA_ISRAEL_NATIONAL_0BD41805C9,1967,47,3.6,10,2,0,0,25,ok
PORTAL_CKA_ISRAEL_NATIONAL_12C20CDAC2,2852,13,3.7,2,1,0,0,4,ok
PORTAL_CKA_ISRAEL_NATIONAL_12FC0D7B44,1174,32,4.4,3,1,6,0,4,ok
PORTAL_CKA_ISRAEL_NATIONAL_148FDFE63D,45,17,2.3,1,1,0,0,13,ok
PORTAL_CKA_ISRAEL_NATIONAL_23EC89FE35,364,16,4.6,3,4,2,0,4,ok
PORTAL_CKA_ISRAEL_NATIONAL_2D69DC52E0,43,16,3.0,1,1,4,0,8,ok
PORTAL_CKA_ISRAEL_NATIONAL_2E5C5129DD,54,6,2.1,1,1,0,0,2,ok
PORTAL_CKA_ISRAEL_NATIONAL_32CF786F4C,7534,50,6.4,4,10,8,0,17,ok
PORTAL_CKA_ISRAEL_NATIONAL_3319EBF0C5,1519,13,4.5,7,2,0,0,2,ok
PORTAL_CKA_ISRAEL_NATIONAL_338EF2B642,10000,35,4.1,4,1,13,0,5,ok
PORTAL_CKA_ISRAEL_NATIONAL_33BAA6B58A,17,14,2.0,1,1,0,0,11,ok
PORTAL_CKA_ISRAEL_NATIONAL_36F3314F93,340,16,3.0,3,3,1,0,7,ok
PORTAL_CKA_ISRAEL_NATIONAL_37143E478A,648,16,3.7,2,2,2,0,2,ok
PORTAL_CKA_ISRAEL_NATIONAL_3EF90F6EEF,8388,11,3.1,3,1,0,0,1,ok
PORTAL_CKA_ISRAEL_NATIONAL_3F4B3F41BE,150,10,2.2,1,1,0,0,1,ok
PORTAL_CKA_ISRAEL_NATIONAL_4145FF0883,7877,14,3.3,7,2,0,0,3,ok
PORTAL_CKA_ISRAEL_NATIONAL_44788840FC,2551,14,3.7,3,2,0,0,4,ok
PORTAL_CKA_ISRAEL_NATIONAL_479E4DC076,13,8,1.9,1,1,0,0,5,ok
PORTAL_CKA_ISRAEL_NATIONAL_50096DDB0E,10000,13,3.5,6,2,0,0,2,ok
PORTAL_CKA_ISRAEL_NATIONAL_511B70EB2B,10000,15,2.4,1,1,1,0,10,ok
PORTAL_CKA_ISRAEL_NATIONAL_52AD02EBE0,1,15,1.6,0,1,0,0,0,ok
PORTAL_CKA_ISRAEL_NATIONAL_535B8902A2,454,10,2.9,4,1,0,0,3,ok
PORTAL_CKA_ISRAEL_NATIONAL_55D94B871E,7494,6,3.2,2,1,0,0,2,ok
PORTAL_CKA_ISRAEL_NATIONAL_5A45B45E6B,110,177,6.7,4,1,29,0,60,ok
PORTAL_CKA_ISRAEL_NATIONAL_5A78E186DA,1092,13,3.7,2,3,2,0,3,ok
PORTAL_CKA_ISRAEL_NATIONAL_5AB9E69A36,106,8,3.2,3,1,0,0,2,ok
PORTAL_CKA_ISRAEL_NATIONAL_612D5C06C4,9631,13,3.2,2,3,0,0,6,ok
PORTAL_CKA_ISRAEL_NATIONAL_6272F09A75,17,13,2.0,1,1,0,0,10,ok
PORTAL_CKA_ISRAEL_NATIONAL_6A3DEC66CA,4812,14,3.1,2,3,0,0,3,ok
PORTAL_CKA_ISRAEL_NATIONAL_6C5E40114C,10000,27,3.2,3,1,15,0,5,ok
PORTAL_CKA_ISRAEL_NATIONAL_6FA4DE9040,2637,32,5.3,4,1,5,0,11,ok
PORTAL_CKA_ISRAEL_NATIONAL_6FBFBF9298,702,6,3.2,3,2,0,0,0,ok
PORTAL_CKA_ISRAEL_NATIONAL_7362EBC06F,9081,12,5.1,4,1,0,0,0,ok
PORTAL_CKA_ISRAEL_NATIONAL_8649911221,7181,17,3.6,6,3,0,0,3,ok
PORTAL_CKA_ISRAEL_NATIONAL_878A0365B9,564,29,4.2,11,5,0,0,8,ok
PORTAL_CKA_ISRAEL_NATIONAL_87E3C2014F,1393,21,5.1,4,3,2,0,7,ok
PORTAL_CKA_ISRAEL_NATIONAL_916719ECC6,1294,10,2.7,3,1,0,0,4,ok
PORTAL_CKA_ISRAEL_NATIONAL_936E1A0BA2,223,17,2.6,3,1,0,0,6,ok
PORTAL_CKA_ISRAEL_NATIONAL_94CE459E75,16,15,2.0,1,1,0,0,12,ok
PORTAL_CKA_ISRAEL_NATIONAL_964780E58D,17,20,2.1,1,1,0,0,17,ok
PORTAL_CKA_ISRAEL_NATIONAL_96D1B74C94,10000,15,3.7,4,3,0,0,4,ok
PORTAL_CKA_ISRAEL_NATIONAL_973EEE3E46,2352,42,4.6,5,3,1,0,11,ok
PORTAL_CKA_ISRAEL_NATIONAL_B0A05D8626,145,12,3.2,2,2,0,0,4,ok
PORTAL_CKA_ISRAEL_NATIONAL_B0E3B6B19B,87,8,3.2,1,2,0,0,4,ok
PORTAL_CKA_ISRAEL_NATIONAL_B37BA647D0,9000,32,3.9,11,2,0,0,12,ok
PORTAL_CKA_ISRAEL_NATIONAL_B87C2B5695,446,17,2.9,5,2,0,0,2,ok
PORTAL_CKA_ISRAEL_NATIONAL_BD42818FC5,2139,15,3.7,4,3,0,0,3,ok
PORTAL_CKA_ISRAEL_NATIONAL_C05E5881A0,25,20,2.3,1,1,0,0,15,ok
PORTAL_CKA_ISRAEL_NATIONAL_C596979F55,231,17,3.8,3,1,1,0,5,ok
PORTAL_CKA_ISRAEL_NATIONAL_CB289C316E,10000,11,3.5,5,1,0,0,0,ok
PORTAL_CKA_ISRAEL_NATIONAL_D4F3080D38,316,9,3.8,4,1,0,0,2,ok
PORTAL_CKA_ISRAEL_NATIONAL_D59087E169,10000,35,3.6,3,1,20,0,8,ok
PORTAL_CKA_ISRAEL_NATIONAL_D762C7D9E9,43,15,3.0,1,4,0,0,9,ok
PORTAL_CKA_ISRAEL_NATIONAL_D8977C1891,1029,10,3.7,4,3,0,0,1,ok
PORTAL_CKA_ISRAEL_NATIONAL_DA3CA6DB5D,10000,14,4.4,5,1,1,0,4,ok
PORTAL_CKA_ISRAEL_NATIONAL_DA9560F407,506,14,5.3,4,1,1,0,5,ok
PORTAL_CKA_ISRAEL_NATIONAL_DE246C30F5,52,14,2.0,1,1,0,0,10,ok
PORTAL_CKA_ISRAEL_NATIONAL_E2DD642689,1059,10,3.0,6,1,0,0,2,ok
PORTAL_CKA_ISRAEL_NATIONAL_E3D369B05F,2297,19,3.1,5,3,0,0,3,ok
PORTAL_CKA_ISRAEL_NATIONAL_E5BC15077D,123,14,4.3,2,1,4,0,3,ok
PORTAL_CKA_ISRAEL_NATIONAL_E9C63EFCDA,5356,65,5.6,5,1,31,0,19,ok
PORTAL_CKA_ISRAEL_NATIONAL_ED3DF4543B,3019,22,4.4,4,1,2,0,12,ok
PORTAL_CKA_ISRAEL_NATIONAL_EE52E94997,864,24,3.8,2,2,3,0,8,ok
PORTAL_CKA_ISRAEL_NATIONAL_F1419D1386,5065,19,5.1,6,2,1,0,5,ok
PORTAL_CKA_ISRAEL_NATIONAL_F6DE3CB3A1,26,9,2.2,1,1,0,0,6,ok
PORTAL_CKA_ISRAEL_NATIONAL_F758E5D16E,368,12,3.0,5,2,0,0,0,ok
PORTAL_CKA_ISRAEL_NATIONAL_FF540A3C79,35,25,2.3,1,1,0,0,18,ok
PORTAL_CKA_OKLAHOMA_OPEN_DA_017A35122C,4346,11,4.3,3,2,1,0,4,ok
PORTAL_CKA_OKLAHOMA_OPEN_DA_042A7F3ED2,10000,15,3.7,5,2,1,0,2,ok
PORTAL_CKA_OKLAHOMA_OPEN_DA_07A59969F7,1115,11,3.7,4,1,1,0,0,ok
PORTAL_CKA_OKLAHOMA_OPEN_DA_082D7A8847,2220,54,6.2,10,5,1,1,9,ok
PORTAL_CKA_OKLAHOMA_OPEN_DA_085B547D9C,10000,14,5.7,5,1,1,0,6,ok
PORTAL_CKA_OKLAHOMA_OPEN_DA_089B4E30CE,10000,13,4.1,5,2,1,0,2,ok
PORTAL_CKA_OKLAHOMA_OPEN_DA_0A2227FC62,10000,16,5.8,5,3,1,0,3,ok
PORTAL_CKA_OKLAHOMA_OPEN_DA_0E22A8C042,10000,15,4.4,5,2,1,0,2,ok
PORTAL_CKA_OKLAHOMA_OPEN_DA_116F4033AA,9999,15,5.5,3,4,1,0,4,ok
PORTAL_CKA_OKLAHOMA_OPEN_DA_136A4DCD44,10000,13,5.7,5,2,1,0,1,ok
PORTAL_CKA_OKLAHOMA_OPEN_DA_13AC1849E2,10000,16,4.6,5,3,1,0,3,ok
PORTAL_CKA_OKLAHOMA_OPEN_DA_22A43DBE5F,9465,11,4.3,5,1,1,0,1,ok
PORTAL_CKA_OKLAHOMA_OPEN_DA_2A27DEA617,10000,13,4.0,5,2,1,0,2,ok
PORTAL_CKA_OKLAHOMA_OPEN_DA_2D8A48CE3D,10000,13,5.0,5,2,1,0,2,ok
PORTAL_CKA_OKLAHOMA_OPEN_DA_2FB541D487,1431,11,3.7,3,1,1,0,0,ok
PORTAL_CKA_OKLAHOMA_OPEN_DA_314BB9E894,10000,13,4.2,5,2,1,0,2,ok
PORTAL_CKA_OKLAHOMA_OPEN_DA_3B16211196,10000,14,4.3,7,1,1,0,3,ok
PORTAL_CKA_OKLAHOMA_OPEN_DA_3C2B4D89D6,10000,14,4.1,3,1,1,0,7,ok
PORTAL_CKA_OKLAHOMA_OPEN_DA_41334802FD,10000,16,6.7,5,3,1,0,3,ok
PORTAL_CKA_OKLAHOMA_OPEN_DA_41B624C494,9996,15,4.4,2,4,1,0,6,ok
PORTAL_CKA_OKLAHOMA_OPEN_DA_46271D5059,1403,18,4.5,5,3,1,0,4,ok
PORTAL_CKA_OKLAHOMA_OPEN_DA_49A4D42820,10000,15,5.3,5,2,1,0,2,ok
PORTAL_CKA_OKLAHOMA_OPEN_DA_4B6E3CA1AD,10000,16,4.2,5,3,1,0,3,ok
PORTAL_CKA_OKLAHOMA_OPEN_DA_4CB3B085D7,10000,15,4.5,5,2,1,0,2,ok
PORTAL_CKA_OKLAHOMA_OPEN_DA_4DA0B9CF8C,189,49,4.9,3,1,12,0,25,ok
PORTAL_CKA_OKLAHOMA_OPEN_DA_5869531EC6,10000,14,4.2,7,1,1,0,3,ok
PORTAL_CKA_OKLAHOMA_OPEN_DA_5EDE090003,1401,18,4.5,5,3,1,0,4,ok
PORTAL_CKA_OKLAHOMA_OPEN_DA_62289BD012,8580,53,4.3,14,1,1,0,9,ok
PORTAL_CKA_OKLAHOMA_OPEN_DA_6382F88AFE,1382,19,4.4,7,1,1,0,4,ok
PORTAL_CKA_OKLAHOMA_OPEN_DA_67DC405EE6,2802,11,4.0,5,1,1,0,1,ok
PORTAL_CKA_OKLAHOMA_OPEN_DA_682EDC2856,9997,15,4.1,3,4,1,0,4,ok
PORTAL_CKA_OKLAHOMA_OPEN_DA_6B2F35D72C,4197,9,3.3,2,1,1,0,2,ok
PORTAL_CKA_OKLAHOMA_OPEN_DA_6C534D482A,10000,15,4.8,5,2,1,0,2,ok
PORTAL_CKA_OKLAHOMA_OPEN_DA_6DFA4FF30D,9993,15,4.2,3,4,1,0,4,ok
PORTAL_CKA_OKLAHOMA_OPEN_DA_70DBFDBA5C,10000,14,4.5,7,1,1,0,3,ok
PORTAL_CKA_OKLAHOMA_OPEN_DA_7267B4BC2F,7213,53,5.6,12,5,1,1,7,ok
PORTAL_CKA_OKLAHOMA_OPEN_DA_836C92E47C,10000,14,3.9,7,1,1,0,3,ok
PORTAL_CKA_OKLAHOMA_OPEN_DA_840020A9DE,1175,11,3.9,3,1,1,0,0,ok
PORTAL_CKA_OKLAHOMA_OPEN_DA_8F8A85793F,347,14,5.6,3,3,1,0,2,ok
PORTAL_CKA_OKLAHOMA_OPEN_DA_92C8CC9499,10000,16,5.4,5,3,1,0,3,ok
PORTAL_CKA_OKLAHOMA_OPEN_DA_96B2C45728,1349,11,4.3,3,1,1,0,0,ok
PORTAL_CKA_OKLAHOMA_OPEN_DA_9F247D2153,1094,11,4.4,3,1,1,0,0,ok
PORTAL_CKA_OKLAHOMA_OPEN_DA_9F748576A8,392,13,4.4,5,3,1,0,1,ok
PORTAL_CKA_OKLAHOMA_OPEN_DA_A90B591B09,1652,26,5.7,7,2,4,0,8,ok
PORTAL_CKA_OKLAHOMA_OPEN_DA_AB49B627EF,1187,11,3.6,3,1,1,0,0,ok
PORTAL_CKA_OKLAHOMA_OPEN_DA_AD79042537,410,14,3.4,1,1,4,0,4,ok
PORTAL_CKA_OKLAHOMA_OPEN_DA_B1C8714A03,2901,53,5.9,8,5,1,1,13,ok
PORTAL_CKA_OKLAHOMA_OPEN_DA_B2751A2821,442,14,4.6,4,3,1,0,3,ok
PORTAL_CKA_OKLAHOMA_OPEN_DA_B65187987B,10000,16,6.3,5,3,1,0,3,ok
PORTAL_CKA_OKLAHOMA_OPEN_DA_BB949BD77E,48,17,3.0,1,2,3,0,10,ok
PORTAL_CKA_OKLAHOMA_OPEN_DA_BDC41752A1,1112,11,3.6,4,1,1,0,0,ok
PORTAL_CKA_OKLAHOMA_OPEN_DA_BEBD242D3D,10000,15,4.5,5,2,1,0,3,ok
PORTAL_CKA_OKLAHOMA_OPEN_DA_C877A4F53F,10000,16,5.4,5,3,1,0,3,ok
PORTAL_CKA_OKLAHOMA_OPEN_DA_C96BA4E090,1178,35,4.4,8,2,3,0,16,ok
PORTAL_CKA_OKLAHOMA_OPEN_DA_CABB75C107,10000,16,5.0,5,3,1,0,3,ok
PORTAL_CKA_OKLAHOMA_OPEN_DA_CDF9BDC1C8,10000,15,5.5,5,2,1,0,2,ok
PORTAL_CKA_OKLAHOMA_OPEN_DA_CE3CC11024,10000,13,4.2,5,2,1,0,1,ok
PORTAL_CKA_OKLAHOMA_OPEN_DA_DD9095A39B,10000,54,5.4,6,6,1,1,15,ok
PORTAL_CKA_OKLAHOMA_OPEN_DA_DE6EE9058E,10000,15,4.5,5,2,1,0,2,ok
PORTAL_CKA_OKLAHOMA_OPEN_DA_E1AA111C19,10000,16,4.4,5,3,1,0,3,ok
PORTAL_CKA_OKLAHOMA_OPEN_DA_E7E7A9C70C,1374,18,5.2,5,3,1,0,4,ok
PORTAL_CKA_OKLAHOMA_OPEN_DA_F095948AC7,1374,19,4.0,5,3,1,0,4,ok
PORTAL_CKA_OKLAHOMA_OPEN_DA_F394B50B84,10000,16,4.1,5,3,1,0,3,ok
PORTAL_CKA_OKLAHOMA_OPEN_DA_FE586F412B,1283,11,3.2,3,1,1,0,0,ok
PORTAL_CKA_OKLAHOMA_OPEN_DA_FFF97E32BA,10000,16,4.1,5,3,1,0,3,ok
PORTAL_CKA_OPEN_DATA_SA_136D910AD7,4,9,3.6,1,1,2,0,4,ok
PORTAL_CKA_OPEN_DATA_SA_146EBE0CC0,816,30,4.1,1,5,4,0,10,ok
PORTAL_CKA_OPEN_DATA_SA_18A877DDC9,1,9,1.7,0,1,0,0,0,ok
PORTAL_CKA_OPEN_DATA_SA_19461CBD4A,19,9,3.2,1,2,2,0,3,ok
PORTAL_CKA_OPEN_DATA_SA_19F13722DD,801,7,2.5,1,1,2,0,0,ok
PORTAL_CKA_OPEN_DATA_SA_1C37EE3869,8640,33,7.1,4,5,5,0,11,ok
PORTAL_CKA_OPEN_DATA_SA_1E2348F9B1,10000,10,2.4,1,1,2,0,3,ok
PORTAL_CKA_OPEN_DATA_SA_1F87A7AE2D,8547,10,2.6,1,1,2,0,2,ok
PORTAL_CKA_OPEN_DATA_SA_2C667A6FC6,10000,18,4.5,5,1,4,0,5,ok
PORTAL_CKA_OPEN_DATA_SA_2F8287A9CB,1405,15,2.8,2,1,1,0,6,ok
PORTAL_CKA_OPEN_DATA_SA_2FCD3AEFD6,1214,10,4.0,3,3,2,0,0,ok
PORTAL_CKA_OPEN_DATA_SA_320C4DFDB2,6,7,3.4,1,1,2,0,2,ok
PORTAL_CKA_OPEN_DATA_SA_33003C2E61,48,8,2.6,1,1,1,0,2,ok
PORTAL_CKA_OPEN_DATA_SA_33173C8F40,46,14,3.6,1,1,9,0,2,ok
PORTAL_CKA_OPEN_DATA_SA_3769BB8138,10,13,3.7,1,1,3,0,3,ok
PORTAL_CKA_OPEN_DATA_SA_38DF78BD6D,115,13,4.3,1,2,3,0,4,ok
PORTAL_CKA_OPEN_DATA_SA_3B9CCBCFD0,15,9,2.9,1,1,2,0,4,ok
PORTAL_CKA_OPEN_DATA_SA_424E5A26F3,3597,16,4.6,3,1,1,0,7,ok
PORTAL_CKA_OPEN_DATA_SA_46BF1ABBC1,1,12,1.5,0,1,0,0,0,ok
PORTAL_CKA_OPEN_DATA_SA_4B1A24AA85,370,26,5.1,3,1,7,0,11,ok
PORTAL_CKA_OPEN_DATA_SA_529BDBCD10,8640,33,5.4,4,5,4,0,11,ok
PORTAL_CKA_OPEN_DATA_SA_581DE3800B,12,9,3.0,1,2,2,0,3,ok
PORTAL_CKA_OPEN_DATA_SA_58B0401C9A,10000,24,4.6,3,2,3,0,11,ok
PORTAL_CKA_OPEN_DATA_SA_5B3CE659E5,108,17,2.6,2,1,2,0,5,ok
PORTAL_CKA_OPEN_DATA_SA_60379EFD4F,10000,25,4.2,3,1,6,0,10,ok
PORTAL_CKA_OPEN_DATA_SA_61F8B1C981,337,12,4.2,4,1,2,0,1,ok
PORTAL_CKA_OPEN_DATA_SA_650A56F29C,156,9,3.4,2,1,2,0,0,ok
PORTAL_CKA_OPEN_DATA_SA_6891C6FCC4,12,9,2.8,1,1,3,0,3,ok
PORTAL_CKA_OPEN_DATA_SA_68BCB9DDA1,20,11,2.8,1,1,2,0,6,ok
PORTAL_CKA_OPEN_DATA_SA_6B3408D74F,9460,12,4.1,2,3,1,0,4,ok
PORTAL_CKA_OPEN_DATA_SA_6CE5E8B218,2430,18,4.9,3,1,2,0,8,ok
PORTAL_CKA_OPEN_DATA_SA_6D1B83AC0A,115,28,4.2,2,3,2,0,6,ok
PORTAL_CKA_OPEN_DATA_SA_6FD1BD1867,10000,25,4.9,4,1,5,0,9,ok
PORTAL_CKA_OPEN_DATA_SA_7073B94B84,318,22,3.4,4,3,0,0,2,ok
PORTAL_CKA_OPEN_DATA_SA_721BEBB7DF,10000,23,4.5,3,1,6,0,8,ok
PORTAL_CKA_OPEN_DATA_SA_726064391E,292,26,5.3,1,5,4,0,7,ok
PORTAL_CKA_OPEN_DATA_SA_75596F44E9,105,14,4.2,1,2,3,0,6,ok
PORTAL_CKA_OPEN_DATA_SA_7659B16D25,7,10,4.1,1,2,3,0,3,ok
PORTAL_CKA_OPEN_DATA_SA_7CBC348F9D,914,26,5.4,4,1,5,0,12,ok
PORTAL_CKA_OPEN_DATA_SA_87C271A71E,10,7,2.6,1,1,2,0,2,ok
PORTAL_CKA_OPEN_DATA_SA_8B475B44A2,83,7,3.4,2,1,2,0,0,ok
PORTAL_CKA_OPEN_DATA_SA_9548772C45,21,11,3.7,2,2,3,0,3,ok
PORTAL_CKA_OPEN_DATA_SA_9770EB9EBD,14,12,2.8,1,1,2,0,5,ok
PORTAL_CKA_OPEN_DATA_SA_98D226A574,12,9,2.6,1,1,2,0,4,ok
PORTAL_CKA_OPEN_DATA_SA_9C302CA0AB,3,9,3.3,1,1,2,0,4,ok
PORTAL_CKA_OPEN_DATA_SA_9DCA88D285,617,27,4.6,2,5,4,0,9,ok
PORTAL_CKA_OPEN_DATA_SA_A33086054B,1455,27,3.8,6,1,3,1,7,ok
PORTAL_CKA_OPEN_DATA_SA_A8EF161189,6493,12,4.3,3,4,2,0,0,ok
PORTAL_CKA_OPEN_DATA_SA_AD9A53047C,8,9,3.2,1,2,3,0,2,ok
PORTAL_CKA_OPEN_DATA_SA_AFE18E40AF,27,8,3.2,1,1,3,0,2,ok
PORTAL_CKA_OPEN_DATA_SA_B9860A2DE3,1,10,1.6,0,1,0,0,0,ok
PORTAL_CKA_OPEN_DATA_SA_BC29DFFC76,617,27,4.7,2,5,3,0,9,ok
PORTAL_CKA_OPEN_DATA_SA_C12D73F01D,4976,11,3.7,2,1,2,0,3,ok
PORTAL_CKA_OPEN_DATA_SA_C589D75D2F,12,8,2.5,1,1,2,0,3,ok
PORTAL_CKA_OPEN_DATA_SA_C7CF87B213,10000,33,4.9,5,1,10,0,12,ok
PORTAL_CKA_OPEN_DATA_SA_CC35A6D7FA,11,11,3.2,2,1,3,0,4,ok
PORTAL_CKA_OPEN_DATA_SA_CE75F7FDDE,7,9,4.8,1,1,4,0,2,ok
PORTAL_CKA_OPEN_DATA_SA_CEB607964A,1,7,1.6,0,1,0,0,0,ok
PORTAL_CKA_OPEN_DATA_SA_D06A042788,928,19,4.7,4,1,2,0,9,ok
PORTAL_CKA_OPEN_DATA_SA_D4BC1D6201,101,5,2.1,1,1,0,0,0,ok
PORTAL_CKA_OPEN_DATA_SA_D4D6661D85,292,26,6.1,1,5,3,0,7,ok
PORTAL_CKA_OPEN_DATA_SA_D770780EEB,1,9,1.6,0,1,0,0,0,ok
PORTAL_CKA_OPEN_DATA_SA_DC31E10278,40,9,2.6,1,1,3,0,3,ok
PORTAL_CKA_OPEN_DATA_SA_DD50C64C64,10,10,2.8,1,1,2,0,5,ok
PORTAL_CKA_OPEN_DATA_SA_E078D81651,902,36,5.1,3,4,10,0,5,ok
PORTAL_CKA_OPEN_DATA_SA_E2B711DB0F,10000,21,4.3,5,1,2,0,10,ok
PORTAL_CKA_OPEN_DATA_SA_E6366CDFC9,88,12,3.2,1,2,3,0,2,ok
PORTAL_CKA_OPEN_DATA_SA_E8025ED747,166,13,3.7,2,1,2,0,3,ok
PORTAL_CKA_OPEN_DATA_SA_E83E833A45,816,30,4.0,1,5,5,0,10,ok
PORTAL_CKA_OPEN_DATA_SA_E846782F2C,133,39,7.2,5,4,5,0,17,ok
PORTAL_CKA_OPEN_DATA_SA_E8BB377538,1,8,1.6,0,1,0,0,0,ok
PORTAL_CKA_OPEN_DATA_SA_E90902C24C,10000,11,2.7,1,1,3,0,3,ok
PORTAL_CKA_OPEN_DATA_SA_F128E26A15,32,9,3.5,1,1,2,0,4,ok
PORTAL_CKA_OPEN_DATA_SA_F38D25F947,53,9,3.7,2,2,2,0,1,ok
PORTAL_CKA_OPEN_DATA_SA_FA2A7705EC,3,8,3.6,1,1,3,0,2,ok
PORTAL_CKA_OPEN_DATA_SA_FBAB8E5E1E,36,23,4.0,1,4,7,0,10,ok
PORTAL_CKA_OPEN_DATA_SA_FC8F1BAE69,11,7,2.6,1,1,2,0,2,ok
PORTAL_CKA_SAN_JOSE_OPEN_DA_00B8041D47,10000,13,3.2,1,3,2,0,5,ok
PORTAL_CKA_SAN_JOSE_OPEN_DA_03014F9C15,1246,29,3.8,8,1,2,0,11,ok
PORTAL_CKA_SAN_JOSE_OPEN_DA_0AAE3B04A3,140,20,3.7,4,3,0,0,6,ok
PORTAL_CKA_SAN_JOSE_OPEN_DA_0D51EC3643,10000,42,4.8,6,3,3,0,17,ok
PORTAL_CKA_SAN_JOSE_OPEN_DA_0E84D71B5D,112,27,4.7,4,1,2,0,9,ok
PORTAL_CKA_SAN_JOSE_OPEN_DA_131DB5B4A0,10000,13,3.5,2,3,2,0,2,ok
PORTAL_CKA_SAN_JOSE_OPEN_DA_151F8E4DBB,10000,42,4.7,8,1,3,0,16,ok
PORTAL_CKA_SAN_JOSE_OPEN_DA_17DD46EA4D,589,23,5.5,5,1,3,0,6,ok
PORTAL_CKA_SAN_JOSE_OPEN_DA_1F745F1E15,581,13,3.4,2,1,2,0,2,ok
PORTAL_CKA_SAN_JOSE_OPEN_DA_242D633A81,1066,21,3.6,3,1,4,0,7,ok
PORTAL_CKA_SAN_JOSE_OPEN_DA_2789EF054E,6486,42,4.8,6,3,3,0,16,ok
PORTAL_CKA_SAN_JOSE_OPEN_DA_2A3B7A30D6,513,20,4.0,5,3,0,0,5,ok
PORTAL_CKA_SAN_JOSE_OPEN_DA_2A3D59095B,10000,42,4.8,9,1,4,0,17,ok
PORTAL_CKA_SAN_JOSE_OPEN_DA_2ED954C361,297,13,3.6,3,1,2,0,3,ok
PORTAL_CKA_SAN_JOSE_OPEN_DA_30D54CBFB9,344,21,4.0,4,1,3,0,7,ok
PORTAL_CKA_SAN_JOSE_OPEN_DA_32AED231B0,2254,31,4.3,5,1,3,0,17,ok
PORTAL_CKA_SAN_JOSE_OPEN_DA_390A683A1F,2641,12,3.3,2,1,2,0,2,ok
PORTAL_CKA_SAN_JOSE_OPEN_DA_395812E4D0,7404,15,3.9,4,1,6,0,2,ok
PORTAL_CKA_SAN_JOSE_OPEN_DA_399CADBC5E,10000,18,4.8,4,4,0,0,3,ok
PORTAL_CKA_SAN_JOSE_OPEN_DA_4006091422,8,18,2.9,1,1,3,0,11,ok
PORTAL_CKA_SAN_JOSE_OPEN_DA_4218690BB6,134,26,4.7,4,1,2,0,8,ok
PORTAL_CKA_SAN_JOSE_OPEN_DA_4B62EE3E47,312,12,3.5,3,1,1,0,3,ok
PORTAL_CKA_SAN_JOSE_OPEN_DA_5120C908CA,3,13,2.6,1,1,2,0,4,ok
PORTAL_CKA_SAN_JOSE_OPEN_DA_5635D41E74,1411,31,4.4,6,1,5,0,12,ok
PORTAL_CKA_SAN_JOSE_OPEN_DA_56E25AFE36,10000,21,3.3,7,3,0,0,4,ok
PORTAL_CKA_SAN_JOSE_OPEN_DA_5A544B8D01,1336,24,4.4,4,1,4,0,11,ok
PORTAL_CKA_SAN_JOSE_OPEN_DA_5B443A0101,18,17,2.8,1,1,3,0,10,ok
PORTAL_CKA_SAN_JOSE_OPEN_DA_5C575BFEB9,94,15,5.8,5,1,2,0,4,ok
PORTAL_CKA_SAN_JOSE_OPEN_DA_5ED011D868,60,30,4.2,2,1,1,0,21,ok
PORTAL_CKA_SAN_JOSE_OPEN_DA_5F864A8799,4482,25,5.3,6,3,2,0,7,ok
PORTAL_CKA_SAN_JOSE_OPEN_DA_788CBD21B2,1701,11,4.0,2,1,2,0,2,ok
PORTAL_CKA_SAN_JOSE_OPEN_DA_79010B8E46,1638,44,5.2,9,1,5,0,22,ok
PORTAL_CKA_SAN_JOSE_OPEN_DA_794F17EBE2,5025,19,4.3,9,1,2,0,4,ok
PORTAL_CKA_SAN_JOSE_OPEN_DA_7B1A49B2AC,2100,18,4.4,5,1,1,0,4,ok
PORTAL_CKA_SAN_JOSE_OPEN_DA_804D7561A2,94,20,4.4,3,1,3,0,7,ok
PORTAL_CKA_SAN_JOSE_OPEN_DA_846214A7C0,993,42,5.1,5,1,5,0,22,ok
PORTAL_CKA_SAN_JOSE_OPEN_DA_876760587A,8,15,3.1,2,1,2,0,7,ok
PORTAL_CKA_SAN_JOSE_OPEN_DA_8AE30C65DE,10000,14,4.6,2,3,2,0,2,ok
PORTAL_CKA_SAN_JOSE_OPEN_DA_8BC8CD595B,569,28,4.3,7,1,3,0,11,ok
PORTAL_CKA_SAN_JOSE_OPEN_DA_981E07D5DB,10000,24,3.7,3,5,0,0,12,ok
PORTAL_CKA_SAN_JOSE_OPEN_DA_98849B65EE,1616,48,7.2,5,4,28,0,6,ok
PORTAL_CKA_SAN_JOSE_OPEN_DA_9A45EF98EE,7,18,4.9,2,1,3,0,8,ok
PORTAL_CKA_SAN_JOSE_OPEN_DA_9BCCE40A0F,3591,17,3.9,5,1,1,0,5,ok
PORTAL_CKA_SAN_JOSE_OPEN_DA_9E7F660889,10000,21,6.8,6,3,0,0,5,ok
PORTAL_CKA_SAN_JOSE_OPEN_DA_9E83620979,62,15,4.0,2,1,3,0,4,ok
PORTAL_CKA_SAN_JOSE_OPEN_DA_9EB7D97238,58,36,3.5,3,1,2,0,20,ok
PORTAL_CKA_SAN_JOSE_OPEN_DA_9F5FD1969E,6,14,5.3,2,1,2,0,7,ok
PORTAL_CKA_SAN_JOSE_OPEN_DA_A02C259ACB,713,15,4.1,3,1,3,0,3,ok
PORTAL_CKA_SAN_JOSE_OPEN_DA_A1A1E9BA90,45,18,5.8,4,1,2,0,8,ok
PORTAL_CKA_SAN_JOSE_OPEN_DA_A52D30D858,1,11,1.7,0,1,0,0,0,ok
PORTAL_CKA_SAN_JOSE_OPEN_DA_AD9C79B3A8,10000,42,5.4,8,1,3,0,16,ok
PORTAL_CKA_SAN_JOSE_OPEN_DA_AE9AA2585E,66,31,4.2,3,1,2,0,10,ok
PORTAL_CKA_SAN_JOSE_OPEN_DA_B00393D49E,15,13,2.6,1,1,2,0,7,ok
PORTAL_CKA_SAN_JOSE_OPEN_DA_B374FEDA3D,24,17,3.3,1,1,4,0,10,ok
PORTAL_CKA_SAN_JOSE_OPEN_DA_B5470E08FD,3000,13,5.5,2,2,3,0,1,ok
PORTAL_CKA_SAN_JOSE_OPEN_DA_B5EB095BC3,575,21,4.2,5,1,3,0,9,ok
PORTAL_CKA_SAN_JOSE_OPEN_DA_B6D7CBC686,10000,32,4.3,10,1,2,0,8,ok
PORTAL_CKA_SAN_JOSE_OPEN_DA_B701CDA393,42,17,4.1,3,1,2,0,9,ok
PORTAL_CKA_SAN_JOSE_OPEN_DA_B7879EDE0F,882,24,5.5,4,1,3,0,10,ok
PORTAL_CKA_SAN_JOSE_OPEN_DA_BA17CFEAEF,2,10,3.6,2,1,2,0,4,ok
PORTAL_CKA_SAN_JOSE_OPEN_DA_BA8CF13E13,67,23,4.8,2,1,5,0,10,ok
PORTAL_CKA_SAN_JOSE_OPEN_DA_BBE1045A31,56,35,5.3,3,1,4,0,16,ok
PORTAL_CKA_SAN_JOSE_OPEN_DA_C9D4859B38,83,18,4.9,4,1,2,0,4,ok
PORTAL_CKA_SAN_JOSE_OPEN_DA_CC6148CB20,5794,25,4.6,7,1,2,0,7,ok
PORTAL_CKA_SAN_JOSE_OPEN_DA_CF566B299B,4190,15,4.0,2,1,2,0,6,ok
PORTAL_CKA_SAN_JOSE_OPEN_DA_D35D991FBA,2432,21,4.4,5,3,0,0,5,ok
PORTAL_CKA_SAN_JOSE_OPEN_DA_D4BF270A36,92,24,3.7,3,1,2,0,8,ok
PORTAL_CKA_SAN_JOSE_OPEN_DA_D724F2D525,2,20,3.6,2,1,3,0,9,ok
PORTAL_CKA_SAN_JOSE_OPEN_DA_D8576CBEB1,786,21,4.7,5,1,1,0,8,ok
PORTAL_CKA_SAN_JOSE_OPEN_DA_D86291AAB8,1389,39,3.6,3,1,1,0,8,ok
PORTAL_CKA_SAN_JOSE_OPEN_DA_DA9D21318D,352,40,5.1,5,1,3,0,19,ok
PORTAL_CKA_SAN_JOSE_OPEN_DA_E2D21C0535,246,23,4.8,5,1,2,0,9,ok
PORTAL_CKA_SAN_JOSE_OPEN_DA_E2E136DBE8,789,26,5.4,3,1,6,0,9,ok
PORTAL_CKA_SAN_JOSE_OPEN_DA_E55BABFE84,31,17,2.6,1,1,1,0,13,ok
PORTAL_CKA_SAN_JOSE_OPEN_DA_E5E353E19D,6,12,2.6,1,1,2,0,6,ok
PORTAL_CKA_SAN_JOSE_OPEN_DA_ED235B292F,10000,21,3.3,6,3,0,0,4,ok
PORTAL_CKA_SAN_JOSE_OPEN_DA_EF31016039,25,21,2.4,1,1,2,0,10,ok
PORTAL_CKA_SAN_JOSE_OPEN_DA_F1315A36E0,1086,52,6.0,6,1,14,0,27,ok
PORTAL_CKA_SAN_JOSE_OPEN_DA_F194D54765,10000,67,5.8,10,2,4,0,36,ok
PORTAL_CKA_SAN_JOSE_OPEN_DA_F1D1BDD645,2,13,3.1,1,1,2,0,8,ok
PORTAL_CKA_SAN_JOSE_OPEN_DA_F8C410BB6B,1832,26,4.1,5,1,2,0,8,ok
PORTAL_CKA_SAN_JOSE_OPEN_DA_FAAD5A2133,3191,28,4.5,6,1,2,0,15,ok
PORTAL_CKA_TAMPA_OPEN_DATA_044202D137,42,13,3.4,3,2,1,0,2,ok
PORTAL_CKA_TAMPA_OPEN_DATA_06C9CC7276,221,13,3.4,2,2,1,0,6,ok
PORTAL_CKA_TAMPA_OPEN_DATA_08860F4F6E,3033,13,2.8,1,2,1,0,5,ok
PORTAL_CKA_TAMPA_OPEN_DATA_18B980D54D,952,13,3.4,1,2,1,0,7,ok
PORTAL_CKA_TAMPA_OPEN_DATA_2FF7BA4861,150,13,4.3,3,2,1,0,4,ok
PORTAL_CKA_TAMPA_OPEN_DATA_31262C6D5A,348,13,4.3,4,2,1,0,3,ok
PORTAL_CKA_TAMPA_OPEN_DATA_33F54DB74C,1571,13,3.6,2,2,1,0,5,ok
PORTAL_CKA_TAMPA_OPEN_DATA_35B3415BB7,4767,13,3.2,2,2,1,0,2,ok
PORTAL_CKA_TAMPA_OPEN_DATA_39C5B89D70,29,13,3.2,1,2,1,0,5,ok
PORTAL_CKA_TAMPA_OPEN_DATA_3AA5C05B7D,28,13,4.7,4,2,1,0,4,ok
PORTAL_CKA_TAMPA_OPEN_DATA_3DAE51799D,266,13,4.3,4,2,1,0,5,ok
PORTAL_CKA_TAMPA_OPEN_DATA_456EC0ADDB,829,13,4.3,5,2,1,0,2,ok
PORTAL_CKA_TAMPA_OPEN_DATA_485B900D71,604,13,3.4,1,2,1,0,7,ok
PORTAL_CKA_TAMPA_OPEN_DATA_662D0D6BCB,694,13,3.0,1,2,1,0,3,ok
PORTAL_CKA_TAMPA_OPEN_DATA_6A2B19FD67,477,13,3.7,3,2,1,0,5,ok
PORTAL_CKA_TAMPA_OPEN_DATA_6C25EA91D4,443,10,3.8,2,1,3,0,1,ok
PORTAL_CKA_TAMPA_OPEN_DATA_710A91A2FD,3464,13,4.2,4,2,1,0,4,ok
PORTAL_CKA_TAMPA_OPEN_DATA_7B31B708C9,104,26,5.1,3,8,1,0,5,ok
PORTAL_CKA_TAMPA_OPEN_DATA_8B7716D270,316,13,3.3,2,2,1,0,3,ok
PORTAL_CKA_TAMPA_OPEN_DATA_9909AA9ED8,2392,13,3.2,1,2,1,0,5,ok
PORTAL_CKA_TAMPA_OPEN_DATA_A61789D619,106,13,3.3,3,2,1,0,4,ok
PORTAL_CKA_TAMPA_OPEN_DATA_C8043A5DF9,69,13,4.1,3,2,1,0,4,ok
PORTAL_CKA_TAMPA_OPEN_DATA_DDBAF3B966,88,13,2.8,1,2,1,0,5,ok
PORTAL_CKA_TAMPA_OPEN_DATA_E00E42A7E9,43,13,3.6,3,2,1,0,4,ok
PORTAL_CKA_TAMPA_OPEN_DATA_E290DD0B04,44,13,3.5,3,2,1,0,4,ok
PORTAL_CKA_TAMPA_OPEN_DATA_E589C6750A,218,13,3.2,2,2,1,0,5,ok
PORTAL_CKA_TAMPA_OPEN_DATA_EAEE1E870C,82,26,4.3,2,8,1,0,6,ok
PORTAL_CKA_VIRGINIA_OPEN_DA_039AACD655,10000,64,5.8,8,4,6,0,7,ok
PORTAL_CKA_VIRGINIA_OPEN_DA_11B79485F6,554,20,5.4,4,1,3,0,6,ok
PORTAL_CKA_VIRGINIA_OPEN_DA_154B43ED61,18,12,3.3,2,1,1,0,7,ok
PORTAL_CKA_VIRGINIA_OPEN_DA_1598EAD304,10000,19,3.5,2,2,3,0,4,ok
PORTAL_CKA_VIRGINIA_OPEN_DA_1D39BDEC50,10000,37,3.5,7,4,2,0,14,ok
PORTAL_CKA_VIRGINIA_OPEN_DA_1F3259D1C8,82,12,3.1,1,1,1,0,6,ok
PORTAL_CKA_VIRGINIA_OPEN_DA_39C6E329F1,136,9,2.3,1,1,0,0,4,ok
PORTAL_CKA_VIRGINIA_OPEN_DA_3BB10A6097,263,14,4.4,3,1,3,0,2,ok
PORTAL_CKA_VIRGINIA_OPEN_DA_3E67A117FB,9507,10,3.4,2,2,1,0,1,ok
PORTAL_CKA_VIRGINIA_OPEN_DA_4E05A500E2,1882,11,3.8,2,2,1,0,4,ok
PORTAL_CKA_VIRGINIA_OPEN_DA_58CF45D167,78,11,3.2,1,1,2,0,4,ok
PORTAL_CKA_VIRGINIA_OPEN_DA_5AB7CD31BF,3934,10,3.6,3,1,1,0,2,ok
PORTAL_CKA_VIRGINIA_OPEN_DA_6207BDEB36,10000,8,3.2,1,3,0,0,3,ok
PORTAL_CKA_VIRGINIA_OPEN_DA_651C0C423A,449,21,3.0,6,1,0,1,6,ok
PORTAL_CKA_VIRGINIA_OPEN_DA_68AFE3AE03,7759,15,3.8,3,2,1,0,3,ok
PORTAL_CKA_VIRGINIA_OPEN_DA_6973FD2BA7,6,10,1.9,1,1,0,0,7,ok
PORTAL_CKA_VIRGINIA_OPEN_DA_77706D86DA,10000,111,7.2,17,19,10,2,30,ok
PORTAL_CKA_VIRGINIA_OPEN_DA_803D29BFE0,41,11,2.9,2,1,1,0,6,ok
PORTAL_CKA_VIRGINIA_OPEN_DA_8A70DE2FB1,10000,19,4.8,7,1,5,0,3,ok
PORTAL_CKA_VIRGINIA_OPEN_DA_97AD4BC66C,4457,35,5.3,8,3,5,0,12,ok
PORTAL_CKA_VIRGINIA_OPEN_DA_9EB4920327,72,51,5.7,4,7,5,0,25,ok
PORTAL_CKA_VIRGINIA_OPEN_DA_A1B2888C0A,518,17,4.1,5,1,2,0,5,ok
PORTAL_CKA_VIRGINIA_OPEN_DA_A7663008D7,1945,52,7.4,7,9,6,0,19,ok
PORTAL_CKA_VIRGINIA_OPEN_DA_AC3869EE0E,10000,40,5.2,8,2,3,1,3,ok
PORTAL_CKA_VIRGINIA_OPEN_DA_ACE8AC0352,1045,26,4.1,5,1,2,0,7,ok
PORTAL_CKA_VIRGINIA_OPEN_DA_AE7DCCB05B,10000,21,4.6,6,1,2,0,4,ok
PORTAL_CKA_VIRGINIA_OPEN_DA_B3A21C711B,616,52,6.2,6,10,6,0,19,ok
PORTAL_CKA_VIRGINIA_OPEN_DA_C06203327D,7752,12,4.0,3,1,2,0,3,ok
PORTAL_CKA_VIRGINIA_OPEN_DA_CBC7FE8B75,10000,9,3.1,2,1,1,0,2,ok
PORTAL_CKA_VIRGINIA_OPEN_DA_CC1870E66B,10000,15,3.5,3,3,0,0,5,ok
PORTAL_CKA_VIRGINIA_OPEN_DA_D5D649203D,10000,97,7.3,17,1,6,0,48,ok
PORTAL_CKA_VIRGINIA_OPEN_DA_E3C86F8B93,123,12,2.4,1,1,1,0,6,ok
PORTAL_CKA_VIRGINIA_OPEN_DA_E4498C978C,1500,21,4.4,3,4,2,0,4,ok
PORTAL_CKA_VIRGINIA_OPEN_DA_F11E52D4B6,10000,10,2.7,1,2,0,0,4,ok
PORTAL_CKA_VIRGINIA_OPEN_DA_F40C1F2ECE,10000,32,6.1,5,4,4,0,10,ok
PORTAL_CKA_VIRGINIA_OPEN_DA_F4FC6168EA,356,26,5.2,6,1,2,0,9,ok
PORTAL_CKA_VIRGINIA_OPEN_DA_FC2228A15B,4883,16,5.0,1,2,4,0,6,ok
PORTAL_CKA_WESTERN_PENNSYLV_00FF03B195,37,10,3.8,2,1,2,0,4,ok
PORTAL_CKA_WESTERN_PENNSYLV_010A1B6275,10000,13,3.2,1,1,5,0,1,ok
PORTAL_CKA_WESTERN_PENNSYLV_03AB547ADB,111,36,4.4,4,1,3,0,16,ok
PORTAL_CKA_WESTERN_PENNSYLV_03FA5AB0C2,1044,15,5.4,4,2,1,0,3,ok
PORTAL_CKA_WESTERN_PENNSYLV_0562C5DEA2,20,14,4.2,1,1,6,0,5,ok
PORTAL_CKA_WESTERN_PENNSYLV_070A16004D,410,35,4.5,3,1,2,0,21,ok
PORTAL_CKA_WESTERN_PENNSYLV_073E47DFBA,8663,22,6.3,5,4,3,0,5,ok
PORTAL_CKA_WESTERN_PENNSYLV_07EAF6E647,2,21,5.9,3,1,5,0,6,ok
PORTAL_CKA_WESTERN_PENNSYLV_092B06E590,1327,18,3.1,3,1,0,0,4,ok
PORTAL_CKA_WESTERN_PENNSYLV_09335A764B,9999,12,3.8,3,3,0,0,2,ok
PORTAL_CKA_WESTERN_PENNSYLV_098BD87FF5,11,12,2.9,1,1,3,0,6,ok
PORTAL_CKA_WESTERN_PENNSYLV_09AB742FE8,5534,13,3.9,2,2,2,0,4,ok
PORTAL_CKA_WESTERN_PENNSYLV_0AC79B8EBA,10000,15,3.1,1,1,2,0,1,ok
PORTAL_CKA_WESTERN_PENNSYLV_0AF7431C6C,10000,44,3.4,10,2,2,0,15,ok
PORTAL_CKA_WESTERN_PENNSYLV_0C27C4AA90,4,8,2.6,1,1,1,0,4,ok
PORTAL_CKA_WESTERN_PENNSYLV_0C63C07381,574,12,4.0,2,1,3,0,3,ok
PORTAL_CKA_WESTERN_PENNSYLV_0DD7796234,420,28,4.6,3,3,5,0,10,ok
PORTAL_CKA_WESTERN_PENNSYLV_10C3E0C017,588,11,3.8,1,1,3,0,3,ok
PORTAL_CKA_WESTERN_PENNSYLV_11AEBE4994,2103,8,3.2,1,1,3,0,1,ok
PORTAL_CKA_WESTERN_PENNSYLV_130E50E683,10000,12,4.4,2,2,1,0,5,ok
PORTAL_CKA_WESTERN_PENNSYLV_13793ABC24,7242,23,3.8,1,1,4,0,11,ok
PORTAL_CKA_WESTERN_PENNSYLV_1430ABA184,35,14,2.9,1,1,2,0,9,ok
PORTAL_CKA_WESTERN_PENNSYLV_152133D5ED,1792,16,4.2,4,1,2,0,4,ok
PORTAL_CKA_WESTERN_PENNSYLV_1629502C35,24,9,3.3,1,1,1,0,5,ok
PORTAL_CKA_WESTERN_PENNSYLV_1A5DDB6EFA,72,420,10.3,2,1,198,0,24,ok
PORTAL_CKA_WESTERN_PENNSYLV_1A8329B111,10000,10,3.5,2,1,0,0,1,ok
PORTAL_CKA_WESTERN_PENNSYLV_1A89F1526C,10000,61,5.2,6,1,35,0,12,ok
PORTAL_CKA_WESTERN_PENNSYLV_203EC904CD,32,22,2.8,1,1,0,0,16,ok
PORTAL_CKA_WESTERN_PENNSYLV_20C6FC6029,1002,24,5.0,4,2,3,0,10,ok
PORTAL_CKA_WESTERN_PENNSYLV_20E1A330CE,672,15,2.6,4,2,0,0,3,ok
PORTAL_CKA_WESTERN_PENNSYLV_22BDD189F5,20,15,4.0,1,3,2,0,7,ok
PORTAL_CKA_WESTERN_PENNSYLV_2350D74335,46,13,2.0,1,1,0,0,9,ok
PORTAL_CKA_WESTERN_PENNSYLV_23B8B5B7D2,3420,18,4.4,5,2,2,0,5,ok
PORTAL_CKA_WESTERN_PENNSYLV_257FFC7619,9,11,3.2,1,1,2,0,6,ok
PORTAL_CKA_WESTERN_PENNSYLV_26239EF185,739,34,3.9,2,1,3,0,14,ok
PORTAL_CKA_WESTERN_PENNSYLV_26625D455C,49,48,2.9,1,1,2,0,42,ok
PORTAL_CKA_WESTERN_PENNSYLV_2A3B161975,47,16,4.7,1,1,5,0,5,ok
PORTAL_CKA_WESTERN_PENNSYLV_2A71C11D68,7,8,2.8,1,1,1,0,3,ok
PORTAL_CKA_WESTERN_PENNSYLV_2AA69E6971,253,14,3.5,4,1,0,0,1,ok
PORTAL_CKA_WESTERN_PENNSYLV_2C24D9B40B,8402,32,3.4,4,6,0,0,12,ok
PORTAL_CKA_WESTERN_PENNSYLV_2C3871611D,583,10,5.2,3,1,2,0,1,ok
PORTAL_CKA_WESTERN_PENNSYLV_2CFAAEA4FD,138,35,5.7,2,1,10,0,7,ok
PORTAL_CKA_WESTERN_PENNSYLV_2DCBF2873B,44,27,3.5,1,3,2,0,20,ok
PORTAL_CKA_WESTERN_PENNSYLV_2DEAA849E4,10000,42,4.5,5,2,1,0,13,ok
PORTAL_CKA_WESTERN_PENNSYLV_2DFC1ADDEA,7723,22,3.4,9,2,0,0,6,ok
PORTAL_CKA_WESTERN_PENNSYLV_305157E72F,1026,38,5.0,4,2,2,0,18,ok
PORTAL_CKA_WESTERN_PENNSYLV_321A6575F3,10,16,2.8,1,1,1,0,11,ok
PORTAL_CKA_WESTERN_PENNSYLV_322FDF0E2E,828,12,3.6,2,2,4,0,3,ok
PORTAL_CKA_WESTERN_PENNSYLV_34DD959083,9991,11,3.7,3,1,0,0,4,ok
PORTAL_CKA_WESTERN_PENNSYLV_36A8032A4C,1278,31,4.5,4,3,4,0,12,ok
PORTAL_CKA_WESTERN_PENNSYLV_372D1987DB,52,38,4.5,1,3,5,0,22,ok
PORTAL_CKA_WESTERN_PENNSYLV_3782283D39,17,13,2.6,1,1,1,0,6,ok
PORTAL_CKA_WESTERN_PENNSYLV_38ABDAEC9D,1714,15,4.8,7,1,2,0,0,ok
PORTAL_CKA_WESTERN_PENNSYLV_38F78BA9E4,23,12,2.1,1,1,0,0,7,ok
PORTAL_CKA_WESTERN_PENNSYLV_3986161420,368,18,3.2,4,3,0,0,4,ok
PORTAL_CKA_WESTERN_PENNSYLV_3BC0395530,276,87,5.8,15,3,2,0,47,ok
PORTAL_CKA_WESTERN_PENNSYLV_3E5A14A8A0,138,11,2.7,1,1,1,0,2,ok
PORTAL_CKA_WESTERN_PENNSYLV_4070FF54BE,9994,10,4.0,5,2,0,0,1,ok
PORTAL_CKA_WESTERN_PENNSYLV_42719841F1,9116,28,4.5,4,2,2,0,13,ok
PORTAL_CKA_WESTERN_PENNSYLV_440A699A5B,10000,9,3.0,1,1,1,0,1,ok
PORTAL_CKA_WESTERN_PENNSYLV_49FAB204AA,10,26,5.6,3,4,7,0,10,ok
PORTAL_CKA_WESTERN_PENNSYLV_4A48DEDEFA,749,11,4.9,4,1,2,0,0,ok
PORTAL_CKA_WESTERN_PENNSYLV_4C0F4E6C6C,1323,18,4.5,3,1,2,0,3,ok
PORTAL_CKA_WESTERN_PENNSYLV_4D90100824,1114,16,3.6,1,1,9,0,1,ok
PORTAL_CKA_WESTERN_PENNSYLV_4E5C66124A,10000,48,5.4,9,4,3,0,23,ok
PORTAL_CKA_WESTERN_PENNSYLV_4E9F15E555,130,23,4.6,2,1,2,0,10,ok
PORTAL_CKA_WESTERN_PENNSYLV_4FC22C2C30,427,22,4.6,3,3,4,0,7,ok
PORTAL_CKA_WESTERN_PENNSYLV_51B8DCF278,1975,20,3.8,2,2,3,0,9,ok
PORTAL_CKA_WESTERN_PENNSYLV_55B456C408,51,14,3.1,1,2,2,0,4,ok
PORTAL_CKA_WESTERN_PENNSYLV_57184A8FE4,394,18,3.0,2,1,1,0,0,ok
PORTAL_CKA_WESTERN_PENNSYLV_5A83580B83,445,21,4.6,5,1,2,0,9,ok
PORTAL_CKA_WESTERN_PENNSYLV_5B3C7AE148,585,26,4.0,3,1,1,0,16,ok
PORTAL_CKA_WESTERN_PENNSYLV_5C36BF1B9F,627,52,5.2,3,1,2,0,40,ok
PORTAL_CKA_WESTERN_PENNSYLV_5C8BBA2D74,10000,15,2.9,2,1,0,0,3,ok
PORTAL_CKA_WESTERN_PENNSYLV_6271EB297F,1305,30,3.0,1,1,3,0,0,ok
PORTAL_CKA_WESTERN_PENNSYLV_64295C4F58,5454,14,4.2,4,1,0,0,1,ok
PORTAL_CKA_WESTERN_PENNSYLV_645F59A90F,361,57,4.9,3,1,10,0,22,ok
PORTAL_CKA_WESTERN_PENNSYLV_6498507AEF,6,16,2.2,1,2,0,0,5,ok
PORTAL_CKA_WESTERN_PENNSYLV_6519EACD82,179,7,2.1,1,1,0,0,1,ok
PORTAL_CKA_WESTERN_PENNSYLV_654E0B3182,1058,23,4.1,2,3,5,0,5,ok
PORTAL_CKA_WESTERN_PENNSYLV_68A8A0027A,10000,15,3.5,1,1,3,0,3,ok
PORTAL_CKA_WESTERN_PENNSYLV_69C80C6F70,1361,11,3.1,1,1,2,0,0,ok
PORTAL_CKA_WESTERN_PENNSYLV_6A4C3E0E78,1000,39,6.1,8,4,11,0,12,ok
PORTAL_CKA_WESTERN_PENNSYLV_6D0F07679B,9904,23,5.3,5,2,2,0,9,ok
PORTAL_CKA_WESTERN_PENNSYLV_6D76BCB39C,5,14,3.6,1,1,6,0,5,ok
PORTAL_CKA_WESTERN_PENNSYLV_6DC9E5D03F,114,7,2.6,1,1,0,0,1,ok
PORTAL_CKA_WESTERN_PENNSYLV_6EA0259598,307,11,4.8,4,1,2,0,0,ok
PORTAL_CKA_WESTERN_PENNSYLV_6F8489E18F,4485,22,4.2,3,1,3,0,12,ok
PORTAL_CKA_WESTERN_PENNSYLV_700A3671CD,5,12,2.3,2,1,0,0,5,ok
PORTAL_CKA_WESTERN_PENNSYLV_72F70A0697,102,16,6.1,1,1,4,0,2,ok
PORTAL_CKA_WESTERN_PENNSYLV_769BEBAE41,2897,13,3.2,3,3,0,0,3,ok
PORTAL_CKA_WESTERN_PENNSYLV_7880B791DF,10000,24,5.9,3,1,4,0,2,ok
PORTAL_CKA_WESTERN_PENNSYLV_7AC49E7444,37,13,4.9,5,1,2,0,2,ok
PORTAL_CKA_WESTERN_PENNSYLV_7BFB1A4C7D,70,15,4.3,3,1,2,0,4,ok
PORTAL_CKA_WESTERN_PENNSYLV_7C5012DB2A,2160,17,6.8,1,4,5,0,6,ok
PORTAL_CKA_WESTERN_PENNSYLV_7D8C19B074,523,15,3.7,2,1,6,0,0,ok
PORTAL_CKA_WESTERN_PENNSYLV_82D49E467F,645,9,2.9,1,1,2,0,1,ok
PORTAL_CKA_WESTERN_PENNSYLV_8863985427,277,25,3.3,2,1,2,0,7,ok
PORTAL_CKA_WESTERN_PENNSYLV_8A08B89D4D,47,11,2.8,3,3,0,0,2,ok
PORTAL_CKA_WESTERN_PENNSYLV_8B35A60C42,692,10,3.9,2,1,3,0,1,ok
PORTAL_CKA_WESTERN_PENNSYLV_8B4D96292C,25,14,4.2,3,1,3,0,5,ok
PORTAL_CKA_WESTERN_PENNSYLV_90A0A8B740,10000,32,6.0,4,4,7,0,8,ok
PORTAL_CKA_WESTERN_PENNSYLV_90C8EE5E0C,90,19,3.7,2,5,1,0,3,ok
PORTAL_CKA_WESTERN_PENNSYLV_93F5DF3D76,5108,21,4.5,2,5,3,0,6,ok
PORTAL_CKA_WESTERN_PENNSYLV_9B3EC4ABB9,10000,26,5.5,4,3,3,0,11,ok
PORTAL_CKA_WESTERN_PENNSYLV_9EF4C60F58,2217,13,5.3,4,2,2,0,2,ok
PORTAL_CKA_WESTERN_PENNSYLV_A1B3BC6C07,5410,19,4.9,5,4,4,0,5,ok
PORTAL_CKA_WESTERN_PENNSYLV_A28434A3C7,13,10,3.0,1,1,0,0,7,ok
PORTAL_CKA_WESTERN_PENNSYLV_A3608CE8E0,145,17,3.9,2,1,3,0,2,ok
PORTAL_CKA_WESTERN_PENNSYLV_A3B7349811,10000,29,5.3,9,3,1,0,9,ok
PORTAL_CKA_WESTERN_PENNSYLV_A58CF00A10,54,14,4.0,2,1,2,0,5,ok
PORTAL_CKA_WESTERN_PENNSYLV_AAD84A1F6E,412,24,4.9,5,1,2,0,10,ok
PORTAL_CKA_WESTERN_PENNSYLV_AB591E1D68,79,19,2.9,1,1,2,0,11,ok
PORTAL_CKA_WESTERN_PENNSYLV_ABE01A0035,4,15,3.8,1,1,4,0,8,ok
PORTAL_CKA_WESTERN_PENNSYLV_ABEFC58C3E,563,12,3.1,3,3,0,0,2,ok
PORTAL_CKA_WESTERN_PENNSYLV_ACAC6B8FEC,76,8,3.0,2,1,2,0,1,ok
PORTAL_CKA_WESTERN_PENNSYLV_AD0D8250DF,10000,21,4.9,3,1,6,0,7,ok
PORTAL_CKA_WESTERN_PENNSYLV_B25E480DFC,10000,48,4.7,8,1,2,1,13,ok
PORTAL_CKA_WESTERN_PENNSYLV_B26184ED51,602,8,2.9,4,1,0,0,0,ok
PORTAL_CKA_WESTERN_PENNSYLV_B81B12D211,10000,21,4.0,4,2,2,0,8,ok
PORTAL_CKA_WESTERN_PENNSYLV_B98322D4CC,24,9,2.0,1,1,0,0,6,ok
PORTAL_CKA_WESTERN_PENNSYLV_BCBE92C64C,12,9,2.6,1,1,3,0,3,ok
PORTAL_CKA_WESTERN_PENNSYLV_BD609B0793,10000,6,2.2,1,2,0,0,1,ok
PORTAL_CKA_WESTERN_PENNSYLV_BDEB900523,46,27,5.0,1,1,6,0,16,ok
PORTAL_CKA_WESTERN_PENNSYLV_BFEE19F210,6,8,2.8,1,1,0,0,5,ok
PORTAL_CKA_WESTERN_PENNSYLV_C0A2A6745A,10000,13,4.1,4,2,1,0,1,ok
PORTAL_CKA_WESTERN_PENNSYLV_C458F119B1,48,26,3.6,1,2,11,0,11,ok
PORTAL_CKA_WESTERN_PENNSYLV_C7339FBA3B,40,59,2.3,1,1,0,0,29,ok
PORTAL_CKA_WESTERN_PENNSYLV_C87FA1C650,2929,39,4.7,3,1,1,0,16,ok
PORTAL_CKA_WESTERN_PENNSYLV_D078E6F18C,1327,16,3.4,5,1,0,0,3,ok
PORTAL_CKA_WESTERN_PENNSYLV_D0E4884EA3,15,8,2.5,1,1,0,0,5,ok
PORTAL_CKA_WESTERN_PENNSYLV_D179E603D1,90,43,4.7,1,3,10,0,11,ok
PORTAL_CKA_WESTERN_PENNSYLV_D654695651,6630,13,4.4,3,2,0,0,5,ok
PORTAL_CKA_WESTERN_PENNSYLV_D7DA51769C,10000,20,4.2,3,2,2,0,8,ok
PORTAL_CKA_WESTERN_PENNSYLV_DB88BDE311,9,7,1.9,1,1,0,0,4,ok
PORTAL_CKA_WESTERN_PENNSYLV_DCE73F8EFA,161,23,3.5,2,1,2,0,9,ok
PORTAL_CKA_WESTERN_PENNSYLV_DDB61776D0,10000,23,3.6,5,2,0,0,11,ok
PORTAL_CKA_WESTERN_PENNSYLV_E91E8047AA,10000,9,4.3,2,1,2,0,1,ok
PORTAL_CKA_WESTERN_PENNSYLV_EAC54ADE9A,10000,12,2.9,1,1,2,0,2,ok
PORTAL_CKA_WESTERN_PENNSYLV_ED5F10964E,11,7,2.0,1,1,0,0,4,ok
PORTAL_CKA_WESTERN_PENNSYLV_ED65B530A3,10000,77,4.5,2,1,9,0,22,ok
PORTAL_CKA_WESTERN_PENNSYLV_EED8A7BFA0,130,19,4.4,3,1,2,0,6,ok
PORTAL_CKA_WESTERN_PENNSYLV_EF682F7E59,10000,21,4.5,4,2,3,0,7,ok
PORTAL_CKA_WESTERN_PENNSYLV_F1230A63DA,205,26,6.1,4,3,2,0,8,ok
PORTAL_CKA_WESTERN_PENNSYLV_F1DA76157B,45,6,2.5,1,1,0,0,3,ok
PORTAL_CKA_WESTERN_PENNSYLV_F25943DE2B,160,22,3.6,2,1,2,0,5,ok
PORTAL_CKA_WESTERN_PENNSYLV_F37C7E01BF,215,26,5.3,4,3,6,0,5,ok
PORTAL_CKA_WESTERN_PENNSYLV_F5E7848C24,1,6,1.8,0,1,0,0,0,ok
PORTAL_CKA_WESTERN_PENNSYLV_F5FB6CCB69,6,16,2.6,2,2,0,0,8,ok
PORTAL_CKA_WESTERN_PENNSYLV_F66E0E22DA,1431,15,3.7,3,3,3,0,3,ok
PORTAL_CKA_WESTERN_PENNSYLV_F6A018A1CB,8629,20,4.5,6,3,0,0,7,ok
PORTAL_CKA_WESTERN_PENNSYLV_F810ADDEEC,6461,82,6.0,3,1,45,0,15,ok
PORTAL_CKA_WESTERN_PENNSYLV_F82E02E6B2,10000,32,5.3,6,4,3,0,8,ok
PORTAL_CKA_WESTERN_PENNSYLV_F9C1429AB4,306,21,3.1,4,1,0,0,8,ok
PORTAL_CKA_WESTERN_PENNSYLV_FBECF42E16,91,25,3.4,1,1,3,0,8,ok
PORTAL_CKA_WESTERN_PENNSYLV_FC5FF8E6DD,71,9,3.5,2,1,2,0,1,ok
PORTAL_CKA_WESTERN_PENNSYLV_FD81B4FB82,1194,19,3.8,3,3,2,0,7,ok
PORTAL_CKA_WESTERN_PENNSYLV_FDE38758C9,60,8,3.4,2,1,3,0,0,ok
PORTAL_CKA_WPRDC_ALLEGHENY_024B629F91,9,11,3.0,1,1,2,0,6,ok
PORTAL_CKA_WPRDC_ALLEGHENY_060112D129,8402,32,3.5,4,6,0,0,12,ok
PORTAL_CKA_WPRDC_ALLEGHENY_0B1BA76AC0,7242,23,3.9,1,1,4,0,11,ok
PORTAL_CKA_WPRDC_ALLEGHENY_0CD6A9957C,412,24,3.9,5,1,2,0,10,ok
PORTAL_CKA_WPRDC_ALLEGHENY_0CE6CD67AA,9991,11,2.8,3,1,0,0,4,ok
PORTAL_CKA_WPRDC_ALLEGHENY_12918A9A0A,394,18,3.0,2,1,1,0,0,ok
PORTAL_CKA_WPRDC_ALLEGHENY_12C9244C06,410,35,4.3,3,1,2,0,21,ok
PORTAL_CKA_WPRDC_ALLEGHENY_145B5F2466,10000,21,5.5,4,2,2,0,8,ok
PORTAL_CKA_WPRDC_ALLEGHENY_16A0BB67B4,672,15,1.9,4,2,0,0,3,ok
PORTAL_CKA_WPRDC_ALLEGHENY_191C75508B,645,9,3.3,1,1,2,0,1,ok
PORTAL_CKA_WPRDC_ALLEGHENY_1B2D51749E,10000,29,4.5,9,3,1,0,9,ok
PORTAL_CKA_WPRDC_ALLEGHENY_1BA8209338,10000,32,6.8,4,4,7,0,8,ok
PORTAL_CKA_WPRDC_ALLEGHENY_1C103EE2CD,3420,18,5.8,5,2,2,0,5,ok
PORTAL_CKA_WPRDC_ALLEGHENY_1D9621E88D,46,13,1.9,1,1,0,0,9,ok
PORTAL_CKA_WPRDC_ALLEGHENY_1E2C46C189,25,14,4.2,3,1,3,0,5,ok
PORTAL_CKA_WPRDC_ALLEGHENY_1EF371E8E0,114,7,2.3,1,1,0,0,1,ok
PORTAL_CKA_WPRDC_ALLEGHENY_20BC27569A,361,57,4.5,3,1,10,0,22,ok
PORTAL_CKA_WPRDC_ALLEGHENY_21287D8A95,20,15,3.8,1,3,2,0,7,ok
PORTAL_CKA_WPRDC_ALLEGHENY_2169858E8A,368,18,4.8,4,3,0,0,4,ok
PORTAL_CKA_WPRDC_ALLEGHENY_224873A888,739,34,4.0,2,1,3,0,14,ok
PORTAL_CKA_WPRDC_ALLEGHENY_2361FE1E6B,1058,23,4.4,2,3,5,0,5,ok
PORTAL_CKA_WPRDC_ALLEGHENY_238D230C29,10000,12,4.0,2,2,1,0,5,ok
PORTAL_CKA_WPRDC_ALLEGHENY_2525CD1BB1,583,10,3.5,3,1,2,0,1,ok
PORTAL_CKA_WPRDC_ALLEGHENY_27D8BF386D,11,7,3.0,1,1,0,0,4,ok
PORTAL_CKA_WPRDC_ALLEGHENY_29D102482D,1327,16,3.0,5,1,0,0,3,ok
PORTAL_CKA_WPRDC_ALLEGHENY_2C7518708C,138,35,4.5,2,1,10,0,7,ok
PORTAL_CKA_WPRDC_ALLEGHENY_2D91E81224,6,8,2.2,1,1,0,0,5,ok
PORTAL_CKA_WPRDC_ALLEGHENY_2D99F866D7,602,8,3.2,4,1,0,0,0,ok
PORTAL_CKA_WPRDC_ALLEGHENY_2DD6B565A7,24,9,2.5,1,1,1,0,5,ok
PORTAL_CKA_WPRDC_ALLEGHENY_2E4D4F0008,46,27,4.2,1,1,6,0,16,ok
PORTAL_CKA_WPRDC_ALLEGHENY_316A5ACD77,9994,10,3.2,5,2,0,0,1,ok
PORTAL_CKA_WPRDC_ALLEGHENY_31D26600C9,10000,13,4.7,4,2,1,0,1,ok
PORTAL_CKA_WPRDC_ALLEGHENY_361CE9A809,20,14,3.9,1,1,6,0,5,ok
PORTAL_CKA_WPRDC_ALLEGHENY_3719F1842E,627,52,4.4,3,1,2,0,40,ok
PORTAL_CKA_WPRDC_ALLEGHENY_38DBFE9AED,5,14,4.1,1,1,6,0,5,ok
PORTAL_CKA_WPRDC_ALLEGHENY_39AA454DDA,445,21,4.1,5,1,2,0,9,ok
PORTAL_CKA_WPRDC_ALLEGHENY_3AC597333E,5410,19,3.5,5,4,4,0,5,ok
PORTAL_CKA_WPRDC_ALLEGHENY_3B5F278B80,6,16,2.2,1,2,0,0,5,ok
PORTAL_CKA_WPRDC_ALLEGHENY_3C29FACD4A,2,21,3.9,3,1,5,0,6,ok
PORTAL_CKA_WPRDC_ALLEGHENY_3CED3B9382,48,26,4.3,1,2,11,0,11,ok
PORTAL_CKA_WPRDC_ALLEGHENY_415F1FE712,523,15,4.2,2,1,6,0,0,ok
PORTAL_CKA_WPRDC_ALLEGHENY_4597FBDFE3,2897,13,3.8,3,3,0,0,3,ok
PORTAL_CKA_WPRDC_ALLEGHENY_46C43D5623,205,26,5.1,4,3,2,0,8,ok
PORTAL_CKA_WPRDC_ALLEGHENY_49ED6437BF,10000,23,3.8,5,2,0,0,11,ok
PORTAL_CKA_WPRDC_ALLEGHENY_4A2424EA96,588,11,4.1,1,1,3,0,3,ok
PORTAL_CKA_WPRDC_ALLEGHENY_4A80359B95,215,26,5.2,4,3,6,0,5,ok
PORTAL_CKA_WPRDC_ALLEGHENY_4CE939751E,1323,18,4.1,3,1,2,0,3,ok
PORTAL_CKA_WPRDC_ALLEGHENY_4D7552BF98,79,19,2.7,1,1,2,0,11,ok
PORTAL_CKA_WPRDC_ALLEGHENY_4E7D1F0FEA,2929,39,4.6,3,1,1,0,16,ok
PORTAL_CKA_WPRDC_ALLEGHENY_4E99637062,10000,10,2.4,2,1,0,0,1,ok
PORTAL_CKA_WPRDC_ALLEGHENY_4F79FA2E0C,71,9,4.4,2,1,2,0,1,ok
PORTAL_CKA_WPRDC_ALLEGHENY_4F981D5BB2,35,14,8.1,1,1,2,0,9,ok
PORTAL_CKA_WPRDC_ALLEGHENY_4FC34000CE,1044,15,3.8,4,2,1,0,3,ok
PORTAL_CKA_WPRDC_ALLEGHENY_508C030BD9,1194,19,4.1,3,3,2,0,7,ok
PORTAL_CKA_WPRDC_ALLEGHENY_5163016C30,306,21,2.9,4,1,0,0,8,ok
PORTAL_CKA_WPRDC_ALLEGHENY_52325C950C,47,11,3.9,3,3,0,0,2,ok
PORTAL_CKA_WPRDC_ALLEGHENY_52A0E51ACA,15,8,2.3,1,1,0,0,5,ok
PORTAL_CKA_WPRDC_ALLEGHENY_54998E6EDA,10000,15,3.8,1,1,3,0,3,ok
PORTAL_CKA_WPRDC_ALLEGHENY_55C0E96166,276,87,5.5,15,3,2,0,47,ok
PORTAL_CKA_WPRDC_ALLEGHENY_5B37A5568E,10000,21,6.2,4,2,3,0,7,ok
PORTAL_CKA_WPRDC_ALLEGHENY_5C03B21365,5454,14,3.9,4,1,0,0,1,ok
PORTAL_CKA_WPRDC_ALLEGHENY_5C657EBA17,1361,11,2.8,1,1,2,0,0,ok
PORTAL_CKA_WPRDC_ALLEGHENY_5FE14C3854,76,8,3.6,2,1,2,0,1,ok
PORTAL_CKA_WPRDC_ALLEGHENY_60987ADA0E,574,12,4.9,2,1,3,0,3,ok
PORTAL_CKA_WPRDC_ALLEGHENY_60A2A72FFD,7,8,2.8,1,1,1,0,3,ok
PORTAL_CKA_WPRDC_ALLEGHENY_615C42BB56,72,420,10.4,2,1,198,0,24,ok
PORTAL_CKA_WPRDC_ALLEGHENY_63627B65F8,1,6,1.7,0,1,0,0,0,ok
PORTAL_CKA_WPRDC_ALLEGHENY_65D88E2BEF,4485,22,4.2,3,1,3,0,12,ok
PORTAL_CKA_WPRDC_ALLEGHENY_680EA60076,130,23,4.4,2,1,2,0,10,ok
PORTAL_CKA_WPRDC_ALLEGHENY_692C217FC7,6461,82,6.3,3,1,45,0,15,ok
PORTAL_CKA_WPRDC_ALLEGHENY_694F40A849,10,16,3.0,1,1,1,0,11,ok
PORTAL_CKA_WPRDC_ALLEGHENY_6AC4CB010C,45,6,1.7,1,1,0,0,3,ok
PORTAL_CKA_WPRDC_ALLEGHENY_6C8F129AE5,1026,38,4.9,4,2,2,0,18,ok
PORTAL_CKA_WPRDC_ALLEGHENY_6F406E40A6,13,10,2.4,1,1,0,0,7,ok
PORTAL_CKA_WPRDC_ALLEGHENY_6F76317272,10000,26,4.6,4,3,3,0,11,ok
PORTAL_CKA_WPRDC_ALLEGHENY_7103930983,130,19,4.5,3,1,2,0,6,ok
PORTAL_CKA_WPRDC_ALLEGHENY_7431E84319,10000,9,4.2,2,1,2,0,1,ok
PORTAL_CKA_WPRDC_ALLEGHENY_7583EABD41,749,11,4.5,4,1,2,0,0,ok
PORTAL_CKA_WPRDC_ALLEGHENY_7AF23ACD2F,9999,12,4.0,3,3,0,0,2,ok
PORTAL_CKA_WPRDC_ALLEGHENY_7B65AE0CFF,8629,20,4.6,6,3,0,0,7,ok
PORTAL_CKA_WPRDC_ALLEGHENY_7D1A10DA58,692,10,4.9,2,1,3,0,1,ok
PORTAL_CKA_WPRDC_ALLEGHENY_822E5DBA4C,1002,24,8.9,4,2,3,0,10,ok
PORTAL_CKA_WPRDC_ALLEGHENY_86091A7F3E,102,16,3.3,1,1,4,0,2,ok
PORTAL_CKA_WPRDC_ALLEGHENY_860ECA7188,60,8,3.5,2,1,3,0,0,ok
PORTAL_CKA_WPRDC_ALLEGHENY_8777C10D3A,12,9,2.8,1,1,3,0,3,ok
PORTAL_CKA_WPRDC_ALLEGHENY_8824DEAA23,10000,6,2.5,1,2,0,0,1,ok
PORTAL_CKA_WPRDC_ALLEGHENY_886BD5E998,10000,15,2.7,2,1,0,0,3,ok
PORTAL_CKA_WPRDC_ALLEGHENY_8AFE5E2497,37,13,4.1,5,1,2,0,2,ok
PORTAL_CKA_WPRDC_ALLEGHENY_8DDE33B4BE,253,14,3.7,4,1,0,0,1,ok
PORTAL_CKA_WPRDC_ALLEGHENY_8E6BDE379C,420,28,4.9,3,3,5,0,10,ok
PORTAL_CKA_WPRDC_ALLEGHENY_8F9481CFA8,2160,17,5.5,1,4,5,0,6,ok
PORTAL_CKA_WPRDC_ALLEGHENY_90E172F9B4,9116,28,4.8,4,2,2,0,13,ok
PORTAL_CKA_WPRDC_ALLEGHENY_916D2D00A4,44,27,3.0,1,3,2,0,20,ok
PORTAL_CKA_WPRDC_ALLEGHENY_91FAE70B2D,10000,15,4.8,1,1,2,0,1,ok
PORTAL_CKA_WPRDC_ALLEGHENY_97A64BA0A6,160,22,3.3,2,1,2,0,5,ok
PORTAL_CKA_WPRDC_ALLEGHENY_982637B35D,90,43,4.5,1,3,10,0,11,ok
PORTAL_CKA_WPRDC_ALLEGHENY_98A0E89FA3,10000,61,5.8,6,1,35,0,12,ok
PORTAL_CKA_WPRDC_ALLEGHENY_98B94025AC,6630,13,3.3,3,2,0,0,5,ok
PORTAL_CKA_WPRDC_ALLEGHENY_99DBBB9235,10000,12,3.8,1,1,2,0,2,ok
PORTAL_CKA_WPRDC_ALLEGHENY_9AED398C25,4,8,3.6,1,1,1,0,4,ok
PORTAL_CKA_WPRDC_ALLEGHENY_9BB7597D03,2103,8,2.9,1,1,3,0,1,ok
PORTAL_CKA_WPRDC_ALLEGHENY_9CCBEFBACC,10000,77,4.4,2,1,9,0,22,ok
PORTAL_CKA_WPRDC_ALLEGHENY_A2738D79AF,1114,16,3.8,1,1,9,0,1,ok
PORTAL_CKA_WPRDC_ALLEGHENY_A4E9CE945B,7723,22,3.3,9,2,0,0,6,ok
PORTAL_CKA_WPRDC_ALLEGHENY_A515B81DDF,10000,42,4.9,5,2,1,0,13,ok
PORTAL_CKA_WPRDC_ALLEGHENY_A6B2E0C749,5,12,2.3,2,1,0,0,5,ok
PORTAL_CKA_WPRDC_ALLEGHENY_A859816F95,307,11,4.1,4,1,2,0,0,ok
PORTAL_CKA_WPRDC_ALLEGHENY_AE7030C35B,40,59,2.2,1,1,0,0,29,ok
PORTAL_CKA_WPRDC_ALLEGHENY_AEC3A74C1A,1714,15,4.4,7,1,2,0,0,ok
PORTAL_CKA_WPRDC_ALLEGHENY_B10F4B5C32,5534,13,3.8,2,2,2,0,4,ok
PORTAL_CKA_WPRDC_ALLEGHENY_B1E95C9745,10000,9,2.9,1,1,1,0,1,ok
PORTAL_CKA_WPRDC_ALLEGHENY_B20A13551F,91,25,3.9,1,1,3,0,8,ok
PORTAL_CKA_WPRDC_ALLEGHENY_B488BFAB9D,1431,15,4.3,3,3,3,0,3,ok
PORTAL_CKA_WPRDC_ALLEGHENY_B497C35747,8663,22,6.7,5,4,3,0,5,ok
PORTAL_CKA_WPRDC_ALLEGHENY_B542229640,10,26,4.7,3,4,7,0,10,ok
PORTAL_CKA_WPRDC_ALLEGHENY_B62C61BBEB,47,16,3.9,1,1,5,0,5,ok
PORTAL_CKA_WPRDC_ALLEGHENY_B62D63F711,585,26,3.6,3,1,1,0,16,ok
PORTAL_CKA_WPRDC_ALLEGHENY_B78655DE4F,70,15,4.4,3,1,2,0,4,ok
PORTAL_CKA_WPRDC_ALLEGHENY_B9904B63C2,10000,48,5.0,8,1,2,1,13,ok
PORTAL_CKA_WPRDC_ALLEGHENY_BA28CC40B7,5108,21,4.1,2,5,3,0,6,ok
PORTAL_CKA_WPRDC_ALLEGHENY_BA92A76441,9,7,2.2,1,1,0,0,4,ok
PORTAL_CKA_WPRDC_ALLEGHENY_BB0184F847,427,22,4.2,3,3,4,0,7,ok
PORTAL_CKA_WPRDC_ALLEGHENY_BB1BD78412,10000,21,5.1,3,1,6,0,7,ok
PORTAL_CKA_WPRDC_ALLEGHENY_BBB8FB534F,4,15,3.0,1,1,4,0,8,ok
PORTAL_CKA_WPRDC_ALLEGHENY_BE3C51E436,1305,30,3.9,1,1,3,0,0,ok
PORTAL_CKA_WPRDC_ALLEGHENY_C12AC76E17,54,14,3.5,2,1,2,0,5,ok
PORTAL_CKA_WPRDC_ALLEGHENY_C4D59225CB,10000,48,5.1,9,4,3,0,23,ok
PORTAL_CKA_WPRDC_ALLEGHENY_C947D54B10,6,16,3.4,2,2,0,0,8,ok
PORTAL_CKA_WPRDC_ALLEGHENY_C96164A13D,2217,13,5.4,4,2,2,0,2,ok
PORTAL_CKA_WPRDC_ALLEGHENY_CC3BD4AFC2,10000,24,4.9,3,1,4,0,2,ok
PORTAL_CKA_WPRDC_ALLEGHENY_CC9BA8BED2,49,48,3.2,1,1,2,0,42,ok
PORTAL_CKA_WPRDC_ALLEGHENY_CDA9E537DC,10000,20,3.7,3,2,2,0,8,ok
PORTAL_CKA_WPRDC_ALLEGHENY_CE7A2694FC,1975,20,3.7,2,2,3,0,9,ok
PORTAL_CKA_WPRDC_ALLEGHENY_D0168F8DE5,17,13,3.2,1,1,1,0,6,ok
PORTAL_CKA_WPRDC_ALLEGHENY_D35AD4550A,52,38,4.8,1,3,5,0,22,ok
PORTAL_CKA_WPRDC_ALLEGHENY_D5F6331DFB,138,11,2.9,1,1,1,0,2,ok
PORTAL_CKA_WPRDC_ALLEGHENY_D6143BDC6C,145,17,4.6,2,1,3,0,2,ok
PORTAL_CKA_WPRDC_ALLEGHENY_DA448E7083,1000,39,6.9,8,4,11,0,12,ok
PORTAL_CKA_WPRDC_ALLEGHENY_DDCA0024EC,24,9,2.1,1,1,0,0,6,ok
PORTAL_CKA_WPRDC_ALLEGHENY_DE448D04D4,10000,44,4.3,10,2,2,0,15,ok
PORTAL_CKA_WPRDC_ALLEGHENY_E2D2938646,111,36,4.5,4,1,3,0,16,ok
PORTAL_CKA_WPRDC_ALLEGHENY_E6260CDFE6,51,14,2.8,1,2,2,0,4,ok
PORTAL_CKA_WPRDC_ALLEGHENY_EA2EE5F5AD,32,22,2.0,1,1,0,0,16,ok
PORTAL_CKA_WPRDC_ALLEGHENY_EEC7410B74,179,7,2.0,1,1,0,0,1,ok
PORTAL_CKA_WPRDC_ALLEGHENY_EEF5B53BC5,1792,16,4.0,4,1,2,0,4,ok
PORTAL_CKA_WPRDC_ALLEGHENY_F05D32C3D6,1278,31,5.0,4,3,4,0,12,ok
PORTAL_CKA_WPRDC_ALLEGHENY_F2CF388E3D,90,19,3.7,2,5,1,0,3,ok
PORTAL_CKA_WPRDC_ALLEGHENY_F38F393B45,161,23,4.0,2,1,2,0,9,ok
PORTAL_CKA_WPRDC_ALLEGHENY_F60A9EDCBD,828,12,3.9,2,2,4,0,3,ok
PORTAL_CKA_WPRDC_ALLEGHENY_F727AC582E,563,12,2.8,3,3,0,0,2,ok
PORTAL_CKA_WPRDC_ALLEGHENY_F878F4AA8A,23,12,1.9,1,1,0,0,7,ok
PORTAL_CKA_WPRDC_ALLEGHENY_F891A6D2EE,9904,23,4.9,5,2,2,0,9,ok
PORTAL_CKA_WPRDC_ALLEGHENY_FA3191E7A1,10000,32,6.0,6,4,3,0,8,ok
PORTAL_CKA_WPRDC_ALLEGHENY_FA5C68D20D,10000,13,4.8,1,1,5,0,1,ok
PORTAL_CKA_WPRDC_ALLEGHENY_FA5CD1DACF,37,10,3.3,2,1,2,0,4,ok
PORTAL_CKA_WPRDC_ALLEGHENY_FB89781122,11,12,3.5,1,1,3,0,6,ok
PORTAL_CKA_WPRDC_ALLEGHENY_FBF4BA8D72,277,25,3.8,2,1,2,0,7,ok
PORTAL_CKA_WPRDC_ALLEGHENY_FC8733F36B,1327,18,3.8,3,1,0,0,4,ok
PORTAL_SOC_AUSTIN_OPEN_DATA_0B4C639A1C,526,9,2.5,1,2,0,0,3,ok
PORTAL_SOC_AUSTIN_OPEN_DATA_B5E56C7A67,51,29,3.0,1,1,3,0,19,ok
PORTAL_SOC_CAMBRIDGE_OPEN_D_8A1152140C,749,158,7.6,21,26,8,0,45,ok
PORTAL_SOC_CAMBRIDGE_OPEN_D_D1389AFE1E,1110,18,4.9,4,1,2,0,6,ok
PORTAL_SOC_CAMBRIDGE_OPEN_D_FB7C7229D0,1259,33,4.0,6,2,0,0,11,ok
PORTAL_SOC_CHICAGO_DATA_POR_1719DAE821,2000,29,5.5,7,2,3,0,7,ok
PORTAL_SOC_CHICAGO_DATA_POR_1CA267A903,2000,21,4.0,5,1,0,0,3,ok
PORTAL_SOC_CHICAGO_DATA_POR_26DE83BAF4,2000,30,10.6,7,4,3,0,4,ok
PORTAL_SOC_CHICAGO_DATA_POR_51304D7360,2000,28,4.8,3,3,8,0,6,ok
PORTAL_SOC_CHICAGO_DATA_POR_FC19B9A2BE,672,46,4.0,9,1,8,0,11,ok
PORTAL_SOC_COLOMBIA_NATIONA_3C8F38B720,2000,12,3.0,4,1,0,0,4,ok
PORTAL_SOC_COLOMBIA_NATIONA_95D4789BA7,840,13,2.5,1,3,0,0,3,ok
PORTAL_SOC_COLORADO_INFORMA_0637BE3AAC,2000,15,2.0,1,1,0,0,9,ok
PORTAL_SOC_COLORADO_INFORMA_1CF33FB763,2000,27,3.2,1,1,1,0,11,ok
PORTAL_SOC_COLORADO_INFORMA_1D5CFAD830,2000,77,7.3,11,3,6,0,38,ok
PORTAL_SOC_COLORADO_INFORMA_239FBA8B76,2000,18,5.7,3,1,10,0,1,ok
PORTAL_SOC_COLORADO_INFORMA_46101BE391,2000,16,4.0,5,3,0,1,2,ok
PORTAL_SOC_COLORADO_INFORMA_4844CA967D,36,10,2.1,1,1,0,0,6,ok
PORTAL_SOC_COLORADO_INFORMA_4BAD70F01F,2456,31,4.8,6,1,3,0,14,ok
PORTAL_SOC_COLORADO_INFORMA_502999772D,984,13,3.7,2,1,2,0,4,ok
PORTAL_SOC_COLORADO_INFORMA_6367A44C92,1989,18,3.0,3,1,0,0,10,ok
PORTAL_SOC_COLORADO_INFORMA_6BE19A7323,2000,15,1.5,1,1,0,0,6,ok
PORTAL_SOC_COLORADO_INFORMA_9224CC38D4,2000,10,3.2,4,1,0,0,3,ok
PORTAL_SOC_COLORADO_INFORMA_9A760AEFAA,732,111,4.9,13,2,48,0,27,ok
PORTAL_SOC_COLORADO_INFORMA_A50DA9B699,2000,20,4.1,3,1,2,0,7,ok
PORTAL_SOC_COLORADO_INFORMA_B4DD509314,2000,47,5.6,3,1,33,0,7,ok
PORTAL_SOC_COLORADO_INFORMA_C4D7351098,150,18,1.9,1,1,0,0,3,ok
PORTAL_SOC_COLORADO_INFORMA_D017CFCF7F,327,20,4.5,2,1,3,0,11,ok
PORTAL_SOC_COLORADO_INFORMA_DE6C8A6901,2000,77,5.9,11,3,6,0,37,ok
PORTAL_SOC_COLORADO_INFORMA_E80CA7800E,2000,77,6.7,11,3,6,0,41,ok
PORTAL_SOC_COLORADO_INFORMA_F0E162D7A8,2000,17,5.7,3,1,9,0,1,ok
PORTAL_SOC_COLORADO_INFORMA_F78543C045,249,24,4.7,2,1,3,0,15,ok
PORTAL_SOC_COLORADO_INFORMA_F9498D9B7F,2000,24,4.2,3,1,13,0,4,ok
PORTAL_SOC_CONNECTICUT_OPEN_1CD7311280,1606,14,4.5,4,1,0,0,5,ok
PORTAL_SOC_CONNECTICUT_OPEN_28F32B559B,21,14,2.0,1,1,0,0,11,ok
PORTAL_SOC_CONNECTICUT_OPEN_421E7F6A7E,2000,11,4.4,3,1,4,0,1,ok
PORTAL_SOC_CONNECTICUT_OPEN_55FF4E7BA7,23,13,4.6,1,1,6,0,4,ok
PORTAL_SOC_CONNECTICUT_OPEN_6BE2302812,5000,32,5.1,6,1,3,0,12,ok
PORTAL_SOC_CONNECTICUT_OPEN_6CDD9E3A6E,2000,20,4.0,5,1,1,0,4,ok
PORTAL_SOC_CONNECTICUT_OPEN_7909C84EE4,22,14,2.0,1,1,0,0,11,ok
PORTAL_SOC_CONNECTICUT_OPEN_886AEF6AC6,20,14,1.9,1,1,0,0,11,ok
PORTAL_SOC_CONNECTICUT_OPEN_88B075D7AF,2000,38,5.6,6,7,1,0,19,ok
PORTAL_SOC_CONNECTICUT_OPEN_95AC60CEE1,1999,13,3.3,5,2,0,1,2,ok
PORTAL_SOC_CONNECTICUT_OPEN_9A34CD28AE,2000,107,5.3,1,2,66,0,35,ok
PORTAL_SOC_CONNECTICUT_OPEN_AEB46F6C94,2000,110,5.2,9,2,52,0,22,ok
PORTAL_SOC_CONNECTICUT_OPEN_B2B9303A5F,274,10,3.4,2,1,2,0,0,ok
PORTAL_SOC_CONNECTICUT_OPEN_BD88772B17,1367,111,6.7,5,7,39,0,55,ok
PORTAL_SOC_CONNECTICUT_OPEN_DEA6C4224A,4,26,5.2,3,2,4,0,13,ok
PORTAL_SOC_CONNECTICUT_OPEN_F42EDA9B76,20,14,2.4,1,1,0,0,11,ok
PORTAL_SOC_CONNECTICUT_OPEN_FF2B86A533,2000,40,7.4,7,2,5,0,13,ok
PORTAL_SOC_DATALA_LOS_ANGEL_361B8161B7,2000,25,3.6,8,3,0,0,3,ok
PORTAL_SOC_DATALA_LOS_ANGEL_A94A3A65BD,2000,8,4.4,3,1,1,0,1,ok
PORTAL_SOC_DATALA_LOS_ANGEL_DC3670AFE1,2000,24,3.5,7,2,0,0,3,ok
PORTAL_SOC_DELAWARE_OPEN_DA_98A9EE0BC7,1025,81,3.9,8,2,0,0,60,ok
PORTAL_SOC_DELAWARE_OPEN_DA_9E200409C5,1858,150,8.1,25,1,36,0,80,ok
PORTAL_SOC_DELAWARE_OPEN_DA_D15606CF5C,303,10,2.5,2,1,0,0,4,ok
PORTAL_SOC_DELAWARE_OPEN_DA_EB5F15ED0E,67,20,4.3,2,3,4,0,3,ok
PORTAL_SOC_MARYLAND_OPEN_DA_1B2CC0ADB9,64,17,3.3,6,1,0,0,3,ok
PORTAL_SOC_MARYLAND_OPEN_DA_786470E96F,194,21,4.1,2,6,0,0,12,ok
PORTAL_SOC_MARYLAND_OPEN_DA_7CE817C5CE,64,17,3.2,6,1,0,0,3,ok
PORTAL_SOC_MARYLAND_OPEN_DA_8EED7B8121,661,21,4.0,4,7,0,0,9,ok
PORTAL_SOC_MARYLAND_OPEN_DA_BAA13FC4EC,1997,24,5.3,4,1,4,0,10,ok
PORTAL_SOC_MARYLAND_OPEN_DA_D9D09EF11B,814,22,3.8,4,7,0,0,10,ok
PORTAL_SOC_MESA_CITY_DATA_H_1D5C4ED269,598,11,2.8,1,2,1,0,4,ok
PORTAL_SOC_NEW_YORK_STATE_O_0C94DD2B8A,1999,23,3.2,11,2,0,0,3,ok
PORTAL_SOC_NEW_YORK_STATE_O_153DF2DB81,1996,76,4.8,9,3,1,0,46,ok
PORTAL_SOC_NEW_YORK_STATE_O_1C387B0AE6,2000,8,2.3,1,1,0,0,4,ok
PORTAL_SOC_NEW_YORK_STATE_O_49CD8C5B65,161,9,3.7,2,2,0,0,2,ok
PORTAL_SOC_NEW_YORK_STATE_O_4A5291BE83,2000,15,3.3,2,1,1,0,4,ok
PORTAL_SOC_NEW_YORK_STATE_O_7B6EACD070,2000,13,2.8,4,1,0,0,2,ok
PORTAL_SOC_NEW_YORK_STATE_O_7DD1C9CB24,743,11,7.2,3,3,2,0,0,ok
PORTAL_SOC_NEW_YORK_STATE_O_9BB5326481,1057,49,3.3,7,1,0,0,39,ok
PORTAL_SOC_NEW_YORK_STATE_O_A677772945,2000,16,3.0,1,1,4,0,7,ok
PORTAL_SOC_NEW_YORK_STATE_O_C08EFA40C8,2000,22,5.0,5,1,9,0,1,ok
PORTAL_SOC_NEW_YORK_STATE_O_DF2D96A77F,2000,13,3.4,2,1,2,0,3,ok
PORTAL_SOC_NEW_YORK_STATE_O_EFF72C4402,2000,49,4.6,9,3,6,0,18,ok
PORTAL_SOC_NJ_OPEN_DATA_CEN_A0D94510CA,2000,13,4.1,4,2,0,1,1,ok
PORTAL_SOC_OPEN_DATA_BR_21BB19A94A,2000,15,2.8,3,1,0,0,6,ok
PORTAL_SOC_OPEN_DATA_BR_6083BC2934,2000,54,4.6,8,1,1,0,27,ok
PORTAL_SOC_OPEN_DATA_BR_B141E1C0F8,1999,38,3.1,4,1,0,0,26,ok
PORTAL_SOC_OPEN_DATA_BR_C110D5CF59,1468,28,2.4,6,1,0,0,10,ok
PORTAL_SOC_OPEN_DATA_BR_FC0D2DAA2B,1999,34,4.0,6,3,0,0,18,ok
PORTAL_SOC_OREGON_OPEN_DATA_072D0C4A94,2000,34,3.7,13,1,0,0,12,ok
PORTAL_SOC_OREGON_OPEN_DATA_DC4AEE7DB0,2000,34,4.0,9,4,0,1,9,ok
PORTAL_SOC_OREGON_OPEN_DATA_E338C547C2,2000,15,3.1,1,3,1,0,8,ok
PORTAL_SOC_PA_OPEN_DATA_POR_5A9F04BB9C,1712,131,5.7,3,7,0,0,78,ok
PORTAL_SOC_PA_OPEN_DATA_POR_7D4F8FCE94,1428,21,6.2,3,1,3,0,3,ok
PORTAL_SOC_PA_OPEN_DATA_POR_84400DC75D,2000,18,4.5,3,1,3,0,4,ok
PORTAL_SOC_PA_OPEN_DATA_POR_CD66682741,2000,110,6.7,8,2,42,0,40,ok
PORTAL_SOC_SANTA_CLARA_COUN_487FCD1FAB,8,10,2.8,1,2,0,0,6,ok
PORTAL_SOC_SEATTLE_OPEN_DAT_C8F2072189,2000,16,3.4,6,2,0,1,1,ok
PORTAL_SOC_SF_OPENDATA_DATA_79618299A6,2000,41,4.3,8,7,0,0,17,ok
PORTAL_SOC_SF_OPENDATA_DATA_8DCCC91916,1560,15,3.2,4,4,0,0,3,ok
PORTAL_SOC_SF_OPENDATA_DATA_C19EE9EB44,157,36,4.2,5,4,0,0,18,ok
PORTAL_SOC_TEXAS_OPEN_DATA_0F8F4663C8,1009,13,3.4,3,2,0,1,2,ok
PORTAL_SOC_TEXAS_OPEN_DATA_24C81C0C8A,2000,17,2.4,1,2,0,0,8,ok
PORTAL_SOC_TEXAS_OPEN_DATA_28E2F49084,2000,12,3.2,5,2,0,1,1,ok
PORTAL_SOC_TEXAS_OPEN_DATA_31F82D63F8,1998,17,2.6,1,2,0,0,8,ok
PORTAL_SOC_TEXAS_OPEN_DATA_354E3ABF4F,2000,48,6.2,5,5,0,0,29,ok
PORTAL_SOC_TEXAS_OPEN_DATA_38B5253053,2000,16,3.1,4,2,0,0,7,ok
PORTAL_SOC_TEXAS_OPEN_DATA_4D3A5EED0F,2000,18,3.9,4,4,0,1,2,ok
PORTAL_SOC_TEXAS_OPEN_DATA_5410A1009F,2000,22,2.4,5,3,0,1,2,ok
PORTAL_SOC_TEXAS_OPEN_DATA_5A5338F21B,2000,27,5.4,7,6,0,0,9,ok
PORTAL_SOC_TEXAS_OPEN_DATA_6F798A64FA,2000,13,3.2,6,2,0,1,1,ok
PORTAL_SOC_TEXAS_OPEN_DATA_91F1C8D27D,2000,12,3.9,7,2,0,0,2,ok
PORTAL_SOC_TEXAS_OPEN_DATA_A124DC2A11,2000,44,3.9,15,3,0,0,12,ok
PORTAL_SOC_TEXAS_OPEN_DATA_A415622C5D,2000,36,4.2,10,4,0,1,7,ok
PORTAL_SOC_TEXAS_OPEN_DATA_A7AB49CB1A,447,7,4.8,1,2,0,0,1,ok
PORTAL_SOC_TEXAS_OPEN_DATA_B4FDC1DC58,2000,16,2.8,9,1,0,0,2,ok
PORTAL_SOC_TEXAS_OPEN_DATA_B8DDC96BFF,2000,103,6.5,31,10,5,1,36,ok
PORTAL_SOC_TEXAS_OPEN_DATA_D1849939BC,1572,11,2.9,3,2,0,0,2,ok
PORTAL_SOC_TEXAS_OPEN_DATA_D83872D208,239,15,5.4,3,2,3,0,2,ok
PORTAL_SOC_TEXAS_OPEN_DATA_DA657010B1,2000,20,3.2,3,4,0,0,3,ok
PORTAL_SOC_TEXAS_OPEN_DATA_EADC02D661,1990,22,3.6,8,5,0,1,2,ok
PORTAL_SOC_TEXAS_OPEN_DATA_F525266F32,474,16,3.2,9,1,0,0,2,ok
PORTAL_SOC_UTAH_OPEN_DATA_P_0028F23236,117,9,2.7,1,1,2,0,0,ok
PORTAL_SOC_UTAH_OPEN_DATA_P_0844D0BD12,2000,20,3.6,6,2,0,0,7,ok
PORTAL_SOC_UTAH_OPEN_DATA_P_08BA00868C,118,9,2.6,1,1,2,0,0,ok
PORTAL_SOC_UTAH_OPEN_DATA_P_0F31165E86,2000,13,3.2,6,1,0,0,3,ok
PORTAL_SOC_UTAH_OPEN_DATA_P_103F7D641F,2000,66,4.5,12,4,3,1,39,ok
PORTAL_SOC_UTAH_OPEN_DATA_P_124AD2A7E9,4995,16,3.6,5,1,0,0,4,ok
PORTAL_SOC_UTAH_OPEN_DATA_P_1614522F52,575,37,5.0,8,4,2,1,5,ok
PORTAL_SOC_UTAH_OPEN_DATA_P_17CB6B615F,5000,31,4.6,6,1,3,0,13,ok
PORTAL_SOC_UTAH_OPEN_DATA_P_18582DDC54,2000,28,4.8,7,3,4,0,5,ok
PORTAL_SOC_UTAH_OPEN_DATA_P_193D6FEEC1,87,21,3.0,1,1,2,0,9,ok
PORTAL_SOC_UTAH_OPEN_DATA_P_1A3EDE9CAD,643,12,4.0,2,1,4,0,2,ok
PORTAL_SOC_UTAH_OPEN_DATA_P_1C0C156DA7,117,9,2.9,1,1,2,0,0,ok
PORTAL_SOC_UTAH_OPEN_DATA_P_1E3F70C6A8,116,9,3.0,1,1,2,0,0,ok
PORTAL_SOC_UTAH_OPEN_DATA_P_2027B55EDA,525,100,4.3,10,2,8,0,46,ok
PORTAL_SOC_UTAH_OPEN_DATA_P_2065CE1D57,17,39,4.8,3,1,6,0,28,ok
PORTAL_SOC_UTAH_OPEN_DATA_P_21E87270E6,118,9,2.6,1,1,2,0,0,ok
PORTAL_SOC_UTAH_OPEN_DATA_P_266D3FB7BF,69,24,2.1,1,1,0,0,2,ok
PORTAL_SOC_UTAH_OPEN_DATA_P_267ABEE380,1139,14,2.5,3,1,0,0,6,ok
PORTAL_SOC_UTAH_OPEN_DATA_P_275CD55E37,118,9,3.4,1,1,2,0,0,ok
PORTAL_SOC_UTAH_OPEN_DATA_P_27F4752A1B,117,9,2.7,1,1,2,0,0,ok
PORTAL_SOC_UTAH_OPEN_DATA_P_2853122765,5000,23,3.6,1,1,17,0,2,ok
PORTAL_SOC_UTAH_OPEN_DATA_P_289C31329B,2402,116,6.0,4,3,19,0,25,ok
PORTAL_SOC_UTAH_OPEN_DATA_P_294FE280EF,604,13,3.1,3,1,0,0,6,ok
PORTAL_SOC_UTAH_OPEN_DATA_P_2F94947455,2000,26,3.2,3,3,0,0,16,ok
PORTAL_SOC_UTAH_OPEN_DATA_P_2FDF78BD22,117,9,2.7,1,1,2,0,0,ok
PORTAL_SOC_UTAH_OPEN_DATA_P_327D0E821D,2000,22,3.0,5,1,0,0,8,ok
PORTAL_SOC_UTAH_OPEN_DATA_P_33421B5A2A,710,96,4.0,2,2,29,0,40,ok
PORTAL_SOC_UTAH_OPEN_DATA_P_3345D79E51,616,93,4.0,2,2,22,0,39,ok
PORTAL_SOC_UTAH_OPEN_DATA_P_36BE408253,117,9,2.8,1,1,2,0,0,ok
PORTAL_SOC_UTAH_OPEN_DATA_P_37575AD872,559,100,6.0,10,2,8,0,42,ok
PORTAL_SOC_UTAH_OPEN_DATA_P_376293FCF7,118,9,2.4,1,1,2,0,0,ok
PORTAL_SOC_UTAH_OPEN_DATA_P_37975584A8,116,9,2.8,1,1,2,0,0,ok
PORTAL_SOC_UTAH_OPEN_DATA_P_38579BBDBC,850,98,4.7,9,2,41,0,26,ok
PORTAL_SOC_UTAH_OPEN_DATA_P_3967E73A16,2000,28,6.0,6,3,4,0,5,ok
PORTAL_SOC_UTAH_OPEN_DATA_P_3C77C8480B,450,93,3.7,1,2,20,0,23,ok
PORTAL_SOC_UTAH_OPEN_DATA_P_3CCC1D14AC,5000,28,5.1,2,1,17,0,3,ok
PORTAL_SOC_UTAH_OPEN_DATA_P_42CA38B0B0,116,9,3.7,1,1,2,0,0,ok
PORTAL_SOC_UTAH_OPEN_DATA_P_4309355F14,49,93,4.1,3,2,9,0,21,ok
PORTAL_SOC_UTAH_OPEN_DATA_P_4388C129F2,807,100,4.8,9,2,39,0,29,ok
PORTAL_SOC_UTAH_OPEN_DATA_P_447082E18E,117,9,2.9,1,1,2,0,0,ok
PORTAL_SOC_UTAH_OPEN_DATA_P_47DCFFC8C1,28,49,6.8,5,9,4,0,19,ok
PORTAL_SOC_UTAH_OPEN_DATA_P_49602BAEC5,118,9,2.8,1,1,2,0,0,ok
PORTAL_SOC_UTAH_OPEN_DATA_P_4AD0B626C8,5000,22,3.0,4,1,0,0,7,ok
PORTAL_SOC_UTAH_OPEN_DATA_P_4B47FCCAE8,4992,12,3.6,3,1,0,0,6,ok
PORTAL_SOC_UTAH_OPEN_DATA_P_4C3C656C61,2000,19,4.3,5,1,3,0,5,ok
PORTAL_SOC_UTAH_OPEN_DATA_P_4DA2A1E62F,118,9,2.9,1,1,2,0,0,ok
PORTAL_SOC_UTAH_OPEN_DATA_P_4DDE6E2C89,116,9,2.9,1,1,2,0,0,ok
PORTAL_SOC_UTAH_OPEN_DATA_P_4EBA247771,2000,23,3.8,9,1,2,0,8,ok
PORTAL_SOC_UTAH_OPEN_DATA_P_4ED1B6FFA6,116,9,3.0,1,1,2,0,0,ok
PORTAL_SOC_UTAH_OPEN_DATA_P_4FE1D49F45,538,100,4.4,10,2,8,0,50,ok
PORTAL_SOC_UTAH_OPEN_DATA_P_50B9839DCD,117,9,3.0,1,1,2,0,0,ok
PORTAL_SOC_UTAH_OPEN_DATA_P_51F192B9AC,99,21,2.8,1,1,2,0,9,ok
PORTAL_SOC_UTAH_OPEN_DATA_P_52003D36F8,2000,13,4.1,3,1,3,0,3,ok
PORTAL_SOC_UTAH_OPEN_DATA_P_55B6E45F3F,118,9,3.9,1,1,2,0,0,ok
PORTAL_SOC_UTAH_OPEN_DATA_P_55EF6EF0C6,2000,13,3.6,5,1,0,0,0,ok
PORTAL_SOC_UTAH_OPEN_DATA_P_5822AAEE01,2000,26,3.9,3,3,0,0,16,ok
PORTAL_SOC_UTAH_OPEN_DATA_P_589CC47A29,4432,39,6.3,8,4,2,1,9,ok
PORTAL_SOC_UTAH_OPEN_DATA_P_58A8494EEA,4996,13,2.9,3,1,0,0,7,ok
PORTAL_SOC_UTAH_OPEN_DATA_P_598C279750,34,30,3.8,1,1,4,0,21,ok
PORTAL_SOC_UTAH_OPEN_DATA_P_598E83DA4D,529,100,4.4,10,2,8,0,47,ok
PORTAL_SOC_UTAH_OPEN_DATA_P_59E244E1CC,4998,16,3.6,4,1,0,0,6,ok
PORTAL_SOC_UTAH_OPEN_DATA_P_5A037856FE,1999,13,3.2,5,1,0,0,3,ok
PORTAL_SOC_UTAH_OPEN_DATA_P_5C3521189E,861,101,4.3,9,2,38,0,31,ok
PORTAL_SOC_UTAH_OPEN_DATA_P_5D4CAAD7FB,116,9,3.7,1,1,2,0,0,ok
PORTAL_SOC_UTAH_OPEN_DATA_P_5E52F5D62F,118,9,2.6,1,1,2,0,0,ok
PORTAL_SOC_UTAH_OPEN_DATA_P_5E73751281,817,100,6.0,9,2,39,0,29,ok
PORTAL_SOC_UTAH_OPEN_DATA_P_5EF25AF42C,2000,24,4.0,9,1,1,0,5,ok
PORTAL_SOC_UTAH_OPEN_DATA_P_5EF68422FF,2000,252,6.4,24,6,4,1,188,ok
PORTAL_SOC_UTAH_OPEN_DATA_P_617EBA9CD6,118,9,3.1,1,1,2,0,0,ok
PORTAL_SOC_UTAH_OPEN_DATA_P_6223211050,117,9,3.7,1,1,2,0,0,ok
PORTAL_SOC_UTAH_OPEN_DATA_P_623DBEE2EF,118,9,2.8,1,1,2,0,0,ok
PORTAL_SOC_UTAH_OPEN_DATA_P_62BB6C079E,2000,31,5.7,8,1,4,0,8,ok
PORTAL_SOC_UTAH_OPEN_DATA_P_6319D859B5,83,20,4.2,4,1,2,0,4,ok
PORTAL_SOC_UTAH_OPEN_DATA_P_636FFFDFA2,865,99,4.8,9,2,38,0,31,ok
PORTAL_SOC_UTAH_OPEN_DATA_P_645B93D1C3,117,9,3.1,1,1,2,0,0,ok
PORTAL_SOC_UTAH_OPEN_DATA_P_6679F2DEDB,118,9,3.3,1,1,2,0,0,ok
PORTAL_SOC_UTAH_OPEN_DATA_P_66C519BCCF,893,99,4.6,9,2,32,0,29,ok
PORTAL_SOC_UTAH_OPEN_DATA_P_6862B465D5,1883,55,4.1,14,3,8,0,24,ok
PORTAL_SOC_UTAH_OPEN_DATA_P_6DEEE0BF03,2018,99,6.8,39,6,5,5,37,ok
PORTAL_SOC_UTAH_OPEN_DATA_P_6E687D44E0,2000,19,5.0,5,1,3,0,5,ok
PORTAL_SOC_UTAH_OPEN_DATA_P_6F316DE0B0,1392,20,3.0,6,1,0,0,4,ok
PORTAL_SOC_UTAH_OPEN_DATA_P_6F5FCC229F,842,106,4.3,9,2,41,0,32,ok
PORTAL_SOC_UTAH_OPEN_DATA_P_701571FD92,231,22,4.2,6,1,2,0,4,ok
PORTAL_SOC_UTAH_OPEN_DATA_P_7105312F13,2000,17,4.9,5,1,1,0,5,ok
PORTAL_SOC_UTAH_OPEN_DATA_P_7186EDB84B,67,106,7.6,1,3,46,0,39,ok
PORTAL_SOC_UTAH_OPEN_DATA_P_728FDA9FB7,525,100,5.0,10,2,8,0,42,ok
PORTAL_SOC_UTAH_OPEN_DATA_P_79CFD825BF,116,9,2.6,1,1,2,0,0,ok
PORTAL_SOC_UTAH_OPEN_DATA_P_79EAB10D34,2000,29,4.6,2,1,11,0,5,ok
PORTAL_SOC_UTAH_OPEN_DATA_P_7A3C73B2FD,2000,96,5.4,10,2,30,0,25,ok
PORTAL_SOC_UTAH_OPEN_DATA_P_7B0A7183BD,527,98,5.1,10,2,5,0,31,ok
PORTAL_SOC_UTAH_OPEN_DATA_P_7DACFB4113,116,9,3.4,1,1,2,0,0,ok
PORTAL_SOC_UTAH_OPEN_DATA_P_7F45E582F7,851,99,5.8,9,2,35,0,31,ok
PORTAL_SOC_UTAH_OPEN_DATA_P_8196274D0D,117,9,2.8,1,1,2,0,0,ok
PORTAL_SOC_UTAH_OPEN_DATA_P_81A81B1650,5000,28,5.5,6,3,4,1,6,ok
PORTAL_SOC_UTAH_OPEN_DATA_P_862BA39EB7,17,20,3.8,3,1,2,0,12,ok
PORTAL_SOC_UTAH_OPEN_DATA_P_86FCD42645,103,27,3.5,1,1,11,0,4,ok
PORTAL_SOC_UTAH_OPEN_DATA_P_8A9374EA5D,5000,34,4.3,5,1,3,0,15,ok
PORTAL_SOC_UTAH_OPEN_DATA_P_8D9FB9A1A3,813,103,4.7,9,2,37,0,37,ok
PORTAL_SOC_UTAH_OPEN_DATA_P_8DE28DA9D9,1421,33,5.0,5,3,4,0,10,ok
PORTAL_SOC_UTAH_OPEN_DATA_P_944A7B18A7,852,99,6.4,9,2,37,0,32,ok
PORTAL_SOC_UTAH_OPEN_DATA_P_956795DA22,4996,12,2.9,4,1,0,0,4,ok
PORTAL_SOC_UTAH_OPEN_DATA_P_9837982623,41,69,4.3,1,1,27,0,37,ok
PORTAL_SOC_UTAH_OPEN_DATA_P_9875D7F6E3,118,9,3.4,1,1,2,0,0,ok
PORTAL_SOC_UTAH_OPEN_DATA_P_990C78C284,2000,38,4.2,4,1,20,0,9,ok
PORTAL_SOC_UTAH_OPEN_DATA_P_99D27E2813,528,100,4.3,10,2,8,0,40,ok
PORTAL_SOC_UTAH_OPEN_DATA_P_9C28A0A981,88,21,3.1,1,1,2,0,9,ok
PORTAL_SOC_UTAH_OPEN_DATA_P_9CF01A9E6C,557,101,5.8,10,2,8,0,44,ok
PORTAL_SOC_UTAH_OPEN_DATA_P_A3773E6FF0,88,21,2.9,1,1,2,0,9,ok
PORTAL_SOC_UTAH_OPEN_DATA_P_A396F5D252,116,9,2.5,1,1,2,0,0,ok
PORTAL_SOC_UTAH_OPEN_DATA_P_A3B79359D3,731,102,4.4,10,2,8,0,48,ok
PORTAL_SOC_UTAH_OPEN_DATA_P_A4022A1A2D,468,95,4.1,2,2,8,0,51,ok
PORTAL_SOC_UTAH_OPEN_DATA_P_A45115B872,917,99,4.6,9,2,38,0,28,ok
PORTAL_SOC_UTAH_OPEN_DATA_P_A54AA90538,896,98,4.8,9,2,33,0,31,ok
PORTAL_SOC_UTAH_OPEN_DATA_P_A5715666DA,791,101,4.9,9,2,19,0,42,ok
PORTAL_SOC_UTAH_OPEN_DATA_P_A5AE4FD7A4,94,98,6.7,3,3,45,0,18,ok
PORTAL_SOC_UTAH_OPEN_DATA_P_A6509F0D9F,1999,27,4.6,2,1,17,0,5,ok
PORTAL_SOC_UTAH_OPEN_DATA_P_A6AF8166D5,116,9,2.5,1,1,2,0,0,ok
PORTAL_SOC_UTAH_OPEN_DATA_P_A8921E729F,117,9,3.1,1,1,2,0,0,ok
PORTAL_SOC_UTAH_OPEN_DATA_P_A9B7E273C8,61,121,5.2,3,3,96,0,14,ok
PORTAL_SOC_UTAH_OPEN_DATA_P_AA0AB39DEE,2000,28,5.5,7,3,4,0,5,ok
PORTAL_SOC_UTAH_OPEN_DATA_P_AA199B616A,5000,23,4.3,2,1,17,0,2,ok
PORTAL_SOC_UTAH_OPEN_DATA_P_AC08D0651F,2000,37,5.6,4,1,16,0,11,ok
PORTAL_SOC_UTAH_OPEN_DATA_P_AC57352C67,116,9,3.1,1,1,2,0,0,ok
PORTAL_SOC_UTAH_OPEN_DATA_P_ACB06F036D,2000,26,4.7,6,3,2,0,5,ok
PORTAL_SOC_UTAH_OPEN_DATA_P_AD1173EDF2,2000,24,3.4,3,1,1,0,1,ok
PORTAL_SOC_UTAH_OPEN_DATA_P_AFAD2153EA,118,9,2.8,1,1,2,0,0,ok
PORTAL_SOC_UTAH_OPEN_DATA_P_B0241DEE4B,116,9,3.0,1,1,2,0,0,ok
PORTAL_SOC_UTAH_OPEN_DATA_P_B0F7881369,107,92,4.2,3,2,7,0,31,ok
PORTAL_SOC_UTAH_OPEN_DATA_P_B21F81E6F9,2000,28,4.5,4,3,2,0,15,ok
PORTAL_SOC_UTAH_OPEN_DATA_P_B55A5210A0,118,9,2.9,1,1,2,0,0,ok
PORTAL_SOC_UTAH_OPEN_DATA_P_B5E39C25F8,835,101,4.2,9,2,35,0,32,ok
PORTAL_SOC_UTAH_OPEN_DATA_P_B84814B0C6,117,9,2.8,1,1,2,0,0,ok
PORTAL_SOC_UTAH_OPEN_DATA_P_BACD4FF0A2,432,29,2.8,1,1,1,0,9,ok
PORTAL_SOC_UTAH_OPEN_DATA_P_BF328ADD84,116,9,3.0,1,1,2,0,0,ok
PORTAL_SOC_UTAH_OPEN_DATA_P_BF857F3B65,118,9,3.2,1,1,2,0,0,ok
PORTAL_SOC_UTAH_OPEN_DATA_P_C357F1F9E1,28,14,2.1,1,2,0,0,10,ok
PORTAL_SOC_UTAH_OPEN_DATA_P_C3B6301825,2000,26,4.3,6,3,2,0,5,ok
PORTAL_SOC_UTAH_OPEN_DATA_P_C3B898941A,41,144,5.5,2,1,56,0,44,ok
PORTAL_SOC_UTAH_OPEN_DATA_P_C68BC3F05C,37,42,3.5,2,3,1,0,34,ok
PORTAL_SOC_UTAH_OPEN_DATA_P_CAEBCFEEAF,117,9,2.6,1,1,2,0,0,ok
PORTAL_SOC_UTAH_OPEN_DATA_P_CC88C02100,35,21,2.1,1,1,0,0,18,ok
PORTAL_SOC_UTAH_OPEN_DATA_P_CDBDD459C0,835,100,5.1,9,2,44,0,25,ok
PORTAL_SOC_UTAH_OPEN_DATA_P_CEE3F16579,116,9,3.0,1,1,2,0,0,ok
PORTAL_SOC_UTAH_OPEN_DATA_P_D4ACA49A9B,1997,23,4.3,9,1,2,0,6,ok
PORTAL_SOC_UTAH_OPEN_DATA_P_D5F7CA2621,2000,114,4.4,10,2,49,0,28,ok
PORTAL_SOC_UTAH_OPEN_DATA_P_D769AFDABA,1987,95,5.4,10,2,8,0,34,ok
PORTAL_SOC_UTAH_OPEN_DATA_P_D903A6FE0D,2000,24,3.0,6,3,1,0,8,ok
PORTAL_SOC_UTAH_OPEN_DATA_P_D9CAA2E2F3,93,21,3.2,1,1,2,0,9,ok
PORTAL_SOC_UTAH_OPEN_DATA_P_DCD75231F6,61,122,5.0,3,3,64,0,38,ok
PORTAL_SOC_UTAH_OPEN_DATA_P_E776045748,35,29,2.8,2,1,0,0,18,ok
PORTAL_SOC_UTAH_OPEN_DATA_P_E7A8212053,116,9,3.0,1,1,2,0,0,ok
PORTAL_SOC_UTAH_OPEN_DATA_P_E801B0732D,2000,28,4.6,3,3,2,0,16,ok
PORTAL_SOC_UTAH_OPEN_DATA_P_E8FD09BE6D,911,25,3.0,3,1,0,0,2,ok
PORTAL_SOC_UTAH_OPEN_DATA_P_EEFC28CE6F,118,9,2.8,1,1,2,0,0,ok
PORTAL_SOC_UTAH_OPEN_DATA_P_F023097D74,2000,29,4.1,2,1,5,0,4,ok
PORTAL_SOC_UTAH_OPEN_DATA_P_F10F70DE47,2000,38,5.5,4,1,20,0,9,ok
PORTAL_SOC_UTAH_OPEN_DATA_P_F1292B8D2F,249,34,5.2,8,2,1,0,12,ok
PORTAL_SOC_UTAH_OPEN_DATA_P_F259CD7FC8,1988,97,4.9,3,2,36,0,31,ok
PORTAL_SOC_UTAH_OPEN_DATA_P_F326BAD0FC,713,101,5.2,10,2,8,0,50,ok
PORTAL_SOC_UTAH_OPEN_DATA_P_F6E04B3D02,116,9,2.8,1,1,2,0,0,ok
PORTAL_SOC_UTAH_OPEN_DATA_P_F7CB1E8C0D,2000,37,4.6,5,1,20,0,6,ok
PORTAL_SOC_UTAH_OPEN_DATA_P_F87FB2BFB7,25,14,2.3,1,2,0,0,9,ok
PORTAL_SOC_UTAH_OPEN_DATA_P_F8CDD62630,1968,23,5.1,9,1,2,0,5,ok
PORTAL_SOC_UTAH_OPEN_DATA_P_F8E4EC438D,2000,23,3.9,2,1,17,0,2,ok
PORTAL_SOC_UTAH_OPEN_DATA_P_F9EFC33574,116,9,2.8,1,1,2,0,0,ok
PORTAL_SOC_UTAH_OPEN_DATA_P_FA2123B348,116,9,2.8,1,1,2,0,0,ok
PORTAL_SOC_UTAH_OPEN_DATA_P_FB07CFAF59,37,11,2.9,1,1,1,0,5,ok
PORTAL_SOC_UTAH_OPEN_DATA_P_FB657AA744,118,9,2.7,1,1,2,0,0,ok
PORTAL_SOC_UTAH_OPEN_DATA_P_FE79F02E34,307,92,3.9,2,2,22,0,31,ok
PORTAL_SOC_WASHINGTON_STATE_0DAE4A9B61,2521,32,3.5,9,1,0,0,13,ok
PORTAL_SOC_WASHINGTON_STATE_11CD1995B7,5000,22,4.5,11,2,1,1,1,ok
PORTAL_SOC_WASHINGTON_STATE_1A95FB1665,112,10,4.2,2,3,0,0,3,ok
PORTAL_SOC_WASHINGTON_STATE_48EEEF5DFC,5000,18,4.6,9,2,1,1,1,ok
PORTAL_SOC_WASHINGTON_STATE_914CF85743,494,21,7.8,5,3,8,0,3,ok
STATE_MO_SEX_OFFENDER_REGISTRY,28167,14,3.2,6,1,0,1,3,ok
STATE_OEHHA_PROP65_CHEMICALS,1021,9,2.7,1,1,1,0,2,ok
ST_CANNABIS_POLICY_BUNDLES,1500,106,6.1,1,0,16,1,84,ok
ST_CA_OEHHA_PROP65_CHEMICALS,1055,12,2.8,2,1,1,0,2,ok
ST_NYC_CFB_CAMPAIGN_2001_CONTRIBUTION,193741,57,7.0,15,2,1,3,16,ok
ST_NYC_CFB_CAMPAIGN_2009_CONTRIBUTION,146112,55,5.5,14,2,1,4,12,ok
ST_NYC_CFB_CAMPAIGN_2013_CONTRIBUTION,197968,55,5.4,14,2,1,4,13,ok
ST_NYC_CFB_CAMPAIGN_2021_CONTRIBUTIONS,457521,55,6.1,14,2,1,4,12,ok
ST_NYC_CFB_CAMPAIGN_2025_CONTRIBUTIONS,259537,55,5.9,14,2,1,4,12,ok
ST_OEHHA_PROPOSITION_65_LIST,1021,12,2.8,1,1,1,0,2,ok
ST_OPENSTATES_LEGISLATORS,7436,30,3.7,4,1,0,1,3,ok
TX_LOBBY_AWARDS,1589,31,6.3,9,4,3,0,9,ok
TX_LOBBY_COVER,283803,49,8.1,10,7,15,0,9,ok
TX_LOBBY_DOCKETS,1207,20,3.5,6,4,0,0,4,ok
TX_LOBBY_ENTERTAINMENT,2836,38,7.6,11,5,3,1,11,ok
TX_LOBBY_EVENTS,3107,35,3.6,10,5,0,0,13,ok
TX_LOBBY_FOOD_BEVERAGE,14452,36,6.2,10,5,3,0,11,ok
TX_LOBBY_GIFTS,4084,31,4.6,9,4,3,0,9,ok
TX_LOBBY_INDIVIDUAL_REPORTING,38662,29,4.2,9,4,0,1,5,ok
TX_LOBBY_SUBJECT_MATTER,209957,21,5.1,6,4,0,0,3,ok
TX_LOBBY_TRANSPORTATION,3697,44,4.3,15,8,0,0,13,ok
UK_COMPANIES_HOUSE_PSC,15804612,27,11.7,15,2,1,0,1,ok
XC_BIORXIV_MEDRXIV,432,44,3.6,2,3,0,0,7,ok
XC_CENSUS_CB_COUNTY,3235,17,2.0,3,1,0,1,1,ok
XC_CENSUS_CB_STATE,56,14,1.7,1,1,0,1,0,ok
XC_CENSUS_CB_ZCTA,33791,12,1.9,1,1,0,0,0,ok
XC_CROSSREF_FUNDER_REGISTRY,45661,6,2.2,2,0,0,0,0,ok
XC_EPA_CORPORATE_CROSSWALK,5300149,13,6.5,5,1,1,0,1,ok
XC_GUTTMACHER_MONTHLY_ABORTION,2040,11,3.7,4,1,0,1,0,ok
XC_JCS_COA,705,7,3.4,3,0,1,0,1,ok
XC_JCS_MEDIANS,102,37,3.7,2,0,29,0,2,ok
XC_JCS_SCOTUS,782,7,2.6,2,0,1,0,1,ok
XC_MAPPING_POLICE_VIOLENCE,15476,67,5.4,13,1,10,1,24,ok
XC_NAGIX_DPRK_MISSILE_TESTS,340,15,3.7,3,1,1,0,4,ok
XC_OSF_REGISTRATIONS,10,370,8.2,15,4,0,0,154,ok
XC_OWID_AI_INCIDENTS_ANNUAL,14,7,1.7,1,0,0,0,2,ok
XC_OWID_CO2,29384,7,2.2,2,0,0,0,0,ok
XC_OWID_CPI,2312,8,1.8,2,0,0,0,2,ok
XC_OWID_FERTILITY,19402,7,2.5,2,0,1,0,0,ok
XC_OWID_FOSSIL_SHARE,6379,7,2.7,2,0,1,0,0,ok
XC_OWID_GINI,2389,8,2.2,2,0,1,0,1,ok
XC_OWID_HOMICIDE,4912,8,3.7,2,0,1,0,2,ok
XC_OWID_LIFE_EXPECTANCY,21565,7,3.5,2,0,1,0,0,ok
XC_OWID_NUCLEAR_WARHEADS,902,7,1.9,1,0,0,0,2,ok
XC_OWID_REFUGEES,7442,8,1.9,2,0,0,0,1,ok
XC_OWID_TEMP_ANOMALY,531,9,3.0,1,0,3,0,2,ok
XC_OWID_TERRORISM_DEATHS,10481,8,2.1,2,0,0,0,1,ok
XC_RANSOMWARELIVE_VICTIMS,31089,12,3.4,2,2,0,0,1,ok
XC_RANSOMWARELIVE_VICTIMS_FULL_R2,30661,12,3.2,2,3,0,0,1,ok
XC_RETRACTION_WATCH_DATABASE,71608,24,5.1,10,2,0,0,2,ok
XC_ROR_RESEARCH_ORGANIZATIONS,135710,38,4.4,12,2,2,0,4,ok
XC_UK_SANCTIONS_LIST,57883,61,5.2,32,2,1,0,14,ok
XC_UN_CONSOLIDATED_SANCTIONS_LIST,1011,33,2.8,14,1,0,0,6,ok
XC_VERA_INCARCERATION_TRENDS,128507,167,7.9,1,0,81,1,6,ok
XC_WAPO_FATAL_FORCE,10430,22,4.6,5,1,2,1,9,ok
XC_WAYBACK_DOJ_EPSTEIN,1537352,4,2.2,0,1,0,0,0,ok
XC_WAYBACK_REPLAY_DOJ_DEEP_PAGES,2542,4,2.0,1,1,0,0,0,ok
XC_WAYBACK_REPLAY_DOJ_LISTING,24897,4,1.9,1,1,0,0,0,ok
XC_WIKIPEDIA_LARGEST_US_COMPANIES,100,10,2.7,2,0,1,0,1,ok
