2208 tables in scope
[1/2208] FED_DEA_ARCOS_FULL rows=178.60M cols=45 178.2s
[2/2208] FED_SEC_13F_HOLDINGS rows=101.26M cols=19 62.0s
[4/2208] FED_FEC_INDIV_CONTRIBUTIONS rows=84.17M cols=24 50.8s
[5/2208] FED_COURTLISTENER_DOCKETS rows=71.68M cols=57 52.6s
[6/2208] FED_NOAA_AIS rows=58.11M cols=22 50.3s
[7/2208] FED_CMS_FACILITY_LEVEL_MINIMUM_DATA_SET_FREQUENCY rows=31.40M cols=18 20.5s
[9/2208] FED_FEMA_IA_HOUSING_REGISTRATIONS rows=26.25M cols=103 48.9s
[10/2208] FED_CMS_PARTD_PRESCRIBER_DRUG rows=25.87M cols=25 23.7s
[11/2208] FED_FDA_FAERS_DRUG rows=20.91M cols=25 12.5s
[12/2208] FED_FDA_FAERS_REAC rows=20.62M cols=8 14.1s
[13/2208] FED_USASPENDING_CONTRACTS_FULL rows=20.00M cols=300 96.9s
[14/2208] FED_USASPENDING_ASSISTANCE_FULL rows=19.90M cols=115 51.6s
[15/2208] FED_CFPB_HMDA_HISTORIC rows=19.14M cols=81 26.6s
[16/2208] FED_COURTLISTENER_CITATIONS rows=18.12M cols=11 6.1s
[17/2208] FED_CFPB_COMPLAINTS rows=17.18M cols=19 11.7s
[18/2208] FED_EPA_CAMPD_EMISSIONS_DAILY ERROR 100039 (22003): Numeric value '56662974' is out of range
[19/2208] UK_COMPANIES_HOUSE_PSC rows=15.80M cols=27 17.5s
[20/2208] FED_EPA_SDWA_SDWA_VIOLATIONS_ENFORCEMENT rows=15.43M cols=41 14.9s
[21/2208] FED_CMS_OPEN_PAYMENTS rows=15.39M cols=94 27.2s
[22/2208] FED_CMS_OPEN_PAYMENTS_2023 rows=14.70M cols=94 27.4s
[23/2208] FED_CMS_OPEN_PAYMENTS_2022 rows=13.31M cols=94 25.7s
[24/2208] INTL_ELECTIONS_CANADA_CONTRIBUTIONS rows=12.65M cols=30 17.4s
[25/2208] FED_EOIR_CASE_DATA rows=12.63M cols=4 3.2s
[26/2208] FED_CMS_MEDICARE_DIALYSIS_FACILITIES rows=12.46M cols=16 7.3s
[27/2208] FED_FJC_IDB_CIVIL rows=10.86M cols=49 15.3s
[28/2208] FED_EPA_AIR_EMISSIONS_POLL_RPT_COMBINED_EMISSIONS rows=10.41M cols=12 5.5s
[29/2208] FED_COURTLISTENER_FJC_IDB_CL_LINKED rows=10.32M cols=42 14.0s
[30/2208] FED_COURTLISTENER_OPINION_CLUSTERS rows=10.07M cols=39 15.0s
[31/2208] FED_FDA_FAERS_INDI rows=9.83M cols=10 7.6s
[32/2208] FED_CPSC_NEISS rows=9.79M cols=30 10.1s
[33/2208] FED_CMS_MEDICARE_PHYSICIAN_OTHER_PRACTITIONERS_BY_PROVIDER_AND_SERVI rows=9.78M cols=30 14.4s
[34/2208] FED_CMS_NPPES rows=9.61M cols=333 54.1s
[35/2208] FED_EPA_NPDES_NPDES_QNCR_HISTORY rows=7.95M cols=11 3.8s
[36/2208] FED_FRACFOCUS_REGISTRY rows=7.20M cols=34 17.2s
[37/2208] FED_FJC_IDB_BANKRUPTCY rows=6.97M cols=90 22.5s
[38/2208] FED_FDA_GUDID_FULL_IDENTIFIERS ERROR 100039 (22003): Numeric value '56656541' is out of range
[39/2208] FED_USGS_WATER rows=6.69M cols=18 12.9s
[40/2208] FED_COURTLISTENER_PARENTHETICALS rows=6.41M cols=9 4.2s
[41/2208] FED_USASPENDING_CONTRACTS rows=6.33M cols=39 14.5s
[42/2208] INTL_GLEIF_REPEX ERROR 100039 (22003): Numeric value '56643832' is out of range
[43/2208] FED_FJC_IDB_CRIMINAL rows=6.30M cols=147 23.0s
[44/2208] FED_FDA_FAERS_DEMO rows=5.81M cols=33 6.9s
[45/2208] INT_UK_COMPANIES_HOUSE rows=5.73M cols=58 10.6s
[46/2208] FED_DOL_OSHA_INSPECTIONS rows=5.61M cols=39 9.4s
[47/2208] FED_IRS_990_EFILE_INDEX rows=5.54M cols=12 5.1s
[48/2208] XC_EPA_CORPORATE_CROSSWALK rows=5.30M cols=13 6.5s
[49/2208] FED_EPA_FRS_FULL rows=5.30M cols=37 11.4s
[50/2208] FED_FDA_GUDID_FULL_DEVICE ERROR 100039 (22003): Numeric value '56656526' is out of range
[51/2208] FED_FDA_FAERS_OUTC rows=5.15M cols=9 2.7s
[53/2208] FED_USASPENDING_SUBAWARDS_FULL rows=4.74M cols=124 19.2s
[54/2208] FED_FMCSA_COMPANY_CENSUS ERROR 100039 (22003): Numeric value '56662979' is out of range
[55/2208] FED_EPA_FRS_FRS_PROGRAM_LINKS rows=4.41M cols=16 4.4s
[56/2208] FED_DOL_FORM5500_FULL rows=4.30M cols=144 17.6s
[57/2208] FED_SEC_13F_POSITIONS rows=3.82M cols=18 7.3s
[58/2208] FED_BLS_QCEW rows=3.62M cols=41 7.3s
[59/2208] INTL_GLEIF rows=3.38M cols=341 20.8s
[60/2208] FED_ICIJ_OFFSHORELEAKS_RELATIONSHIPS rows=3.34M cols=11 4.1s
[61/2208] FED_EPA_FRS_FRS_FACILITIES rows=3.28M cols=13 5.0s
[62/2208] FED_EPA_ECHO rows=3.16M cols=136 15.7s
[63/2208] FED_MSHA_VIOLATIONS rows=3.09M cols=64 10.0s
[64/2208] FED_CMS_MEDICARE_FEE_FOR_SERVICE_PUBLIC_PROVIDER_ENROLLMENT rows=2.98M cols=13 4.4s
[65/2208] FED_CMS_PECOS_PROVIDER_ENROLLMENT rows=2.98M cols=14 3.6s
[66/2208] FED_FDIC_SOD_BRANCH_DEPOSITS rows=2.82M cols=84 12.3s
[67/2208] FED_EPA_RCRA_VIOSNC_HISTORY rows=2.68M cols=8 2.3s
[68/2208] FED_SEC_INSIDER_NONDERIV_TRANS rows=2.67M cols=31 8.7s
[69/2208] FED_ICE_DETENTION_STINTS rows=2.62M cols=71 9.9s
[70/2208] FED_EPA_SDWA_SDWA_SITE_VISITS rows=2.50M cols=23 3.9s
[71/2208] FED_CMS_FACILITY_AFFILIATION rows=2.26M cols=12 4.0s
[72/2208] FED_NHTSA_COMPLAINTS rows=2.23M cols=54 7.0s
[73/2208] FED_EPA_FRS_FRS_NAICS_CODES rows=2.18M cols=7 2.5s
[74/2208] FED_SBA_LOANS rows=2.17M cols=55 10.6s
[75/2208] FED_NIH_REPORTER rows=2.12M cols=49 13.5s
[76/2208] FED_CMS_FISCAL_INTERMEDIARY_SHARED_SYSTEM_ATTENDING_AND_RENDERING rows=2.05M cols=5 4.3s
[77/2208] FED_CMS_ORDER_AND_REFERRING rows=2.02M cols=10 4.8s
[78/2208] FED_IRS_EO_BMF rows=1.98M cols=31 7.0s
[79/2208] FED_IRS_BMF rows=1.97M cols=31 6.0s
[80/2208] FED_ITIS_REFERENCE_LINKS rows=1.97M cols=11 3.6s
[81/2208] FED_SEC_INSIDER_REPORTINGOWNER rows=1.93M cols=16 4.0s
[82/2208] FED_CDC_NNDSS_WEEKLY_2024 rows=1.93M cols=19 4.5s
[83/2208] FED_HRSA_NPDB rows=1.91M cols=57 4.6s
[84/2208] FED_COURTLISTENER_INVESTMENTS rows=1.90M cols=21 5.6s
[85/2208] FED_EPA_NPDES_NPDES_INSPECTIONS rows=1.90M cols=14 3.8s
[86/2208] INTL_VOETEN_UNGA_VOTES rows=1.82M cols=14 6.9s
[87/2208] FED_NOAA_STORM_EVENTS rows=1.78M cols=54 7.7s
[88/2208] FED_EPA_ICIS_AIR_ICIS_AIR_FCES_PCES rows=1.78M cols=13 3.5s
[89/2208] FED_SEC_INSIDER_SUBMISSION rows=1.77M cols=16 5.4s
[90/2208] FED_CMS_OPEN_PAYMENTS_PROFILE_SUPPLEMENT rows=1.70M cols=35 3.4s
[91/2208] FED_FCC_LICENSING rows=1.69M cols=29 4.5s
[92/2208] FED_EPA_RCRA_FACILITIES rows=1.61M cols=18 4.4s
[93/2208] FED_GOOGLE_POLADS_CREATIVE_STATS rows=1.56M cols=63 9.3s
[94/2208] FED_EPA_SDWA_SDWA_FACILITIES rows=1.55M cols=22 6.9s
[95/2208] XC_WAYBACK_DOJ_EPSTEIN rows=1.54M cols=4 2.2s
[96/2208] FED_CMS_NADAC rows=1.50M cols=15 7.3s
[97/2208] FED_IRS_PUB78_ELIGIBLE_DONEES rows=1.44M cols=9 4.1s
[98/2208] FED_CMS_PART_D_PRESCRIBERS rows=1.42M cols=87 9.4s
[99/2208] FED_CMS_MEDICARE_PROVIDER rows=1.30M cols=84 8.7s
[100/2208] FED_CMS_MEDICARE_PHYSICIAN_OTHER_PRACTITIONERS_BY_PROVIDER rows=1.30M cols=83 8.6s
[101/2208] INTL_OPENSANCTIONS_DEFAULT rows=1.28M cols=19 4.7s
[102/2208] FED_USGS_GNIS_ALL_NAMES rows=1.25M cols=18 5.2s
[103/2208] FED_EPA_NPDES_ICIS_FACILITIES rows=1.21M cols=17 6.6s
[104/2208] FED_IRS_AUTO_REVOCATIONS rows=1.21M cols=15 5.4s
[105/2208] FED_IRS_REVOCATION rows=1.21M cols=15 4.8s
[106/2208] FED_EPA_RCRA_EVALUATIONS rows=1.17M cols=11 2.9s
[107/2208] FED_FRA_CASUALTIES rows=1.15M cols=73 6.9s
[108/2208] FED_EPA_FRS_FRS_SIC_CODES rows=1.09M cols=7 2.3s
[109/2208] FED_SEC_INSIDER_DERIV_TRANS rows=1.05M cols=45 7.4s
[110/2208] FED_USCG_NRC_INCIDENTS rows=1.03M cols=14 4.4s
[111/2208] FED_ITIS_LONGNAMES rows=993.3K cols=5 2.9s
[112/2208] FED_ITIS_TAXONOMIC_UNITS rows=993.3K cols=29 7.8s
[113/2208] FED_FJC_IDB_APPELLATE rows=988.2K cols=57 5.9s
[114/2208] FED_EPA_ICIS_AIR_ICIS_AIR_POLLUTANTS rows=978.4K cols=10 3.0s
[115/2208] FED_COURTLISTENER_ORIGINATING_COURT_INFO rows=973.4K cols=19 5.2s
[116/2208] FED_GOOGLE_POLADS_CREATIVE_ID_MAPPING rows=971.0K cols=5 2.1s
[117/2208] FED_SBA_PPP_LOANS_150K_PLUS rows=968.5K cols=56 8.0s
[118/2208] FED_SBA_PPP rows=968.5K cols=56 9.0s
[119/2208] FED_VOTEVIEW_ROLLCALLS rows=945.5K cols=9 2.5s
[120/2208] FED_EPA_SDWA_SDWA_LCR_SAMPLES rows=927.4K cols=18 6.4s
[121/2208] FED_SAM_ENTITY_PUBLIC ERROR 100039 (22003): Numeric value '56662970' is out of range
[122/2208] FED_OSHA_ITA_CASE_DETAIL_2023 rows=890.9K cols=52 7.3s
[123/2208] FED_FEC_COMMITTEE_TO_CANDIDATE rows=866.7K cols=26 6.7s
[124/2208] FED_SENATE_LDA_FILINGS rows=831.4K cols=28 5.7s
[125/2208] INTL_IE_CRO rows=821.7K cols=24 5.6s
[126/2208] FED_ICIJ_OFFSHORELEAKS_ENTITIES rows=814.3K cols=24 7.0s
[127/2208] FED_EPA_NPDES_NPDES_SICS rows=792.8K cols=7 2.0s
[128/2208] FED_ICIJ_OFFSHORELEAKS_OFFICERS rows=771.3K cols=10 3.0s
[129/2208] FED_EPA_RCRA_VIOLATIONS rows=708.1K cols=11 3.7s
[130/2208] FED_OSHA_ITA_CASE_DETAIL_2024 rows=688.6K cols=52 5.6s
[131/2208] FED_ITIS_HIERARCHY rows=678.4K cols=8 1.8s
[132/2208] FED_DOL_OFLC rows=664.6K cols=263 13.8s
[133/2208] FED_EPA_ICIS_AIR_ICIS_AIR_STACK_TESTS rows=620.3K cols=13 2.9s
[134/2208] FED_DOL_OLMS rows=617.7K cols=60 6.8s
[135/2208] FED_GOOGLE_POLADS_ADVERTISER_GEO_SPEND rows=614.1K cols=27 4.5s
[136/2208] FED_ICE_DETAINERS rows=609.8K cols=67 6.8s
[137/2208] FED_EPA_SDWA_SDWA_GEOGRAPHIC_AREAS rows=578.2K cols=14 4.2s
[138/2208] CA_LOBBY_COVER rows=569.0K cols=55 7.4s
[139/2208] FED_FATCA_FFI rows=516.3K cols=6 2.6s
[140/2208] FED_IRS_FATCA_FFI_LIST rows=516.3K cols=6 2.0s
[141/2208] FED_CMS_QUALITY_PAYMENT_PROGRAM_EXPERIENCE rows=503.9K cols=214 9.7s
[142/2208] FED_EPA_ICIS_AIR_ICIS_AIR_TITLEV_CERTS rows=499.1K cols=10 2.3s
[143/2208] INTL_GLEIF_RELATIONSHIPS rows=485.3K cols=57 6.1s
[144/2208] FED_ITIS_GEOGRAPHIC_DIV rows=480.4K cols=6 2.1s
[145/2208] FED_EPA_NPDES_NPDES_INFORMAL_ENFORCEMENT_ACTIONS rows=478.9K cols=14 2.8s
[146/2208] FED_TREASURY_DTS_DEPOSITS rows=478.1K cols=20 5.8s
[147/2208] FED_FBI_CDE rows=477.4K cols=9 3.2s
[148/2208] FED_EPA_ICIS_AIR_ICIS_AIR_PROGRAMS rows=457.6K cols=10 2.5s
[149/2208] ST_NYC_CFB_CAMPAIGN_2021_CONTRIBUTIONS rows=457.5K cols=55 6.1s
[150/2208] FED_USGS_EARTHQUAKES rows=443.3K cols=25 5.8s
[151/2208] FED_CMS_MEDICARE_DURABLE_MEDICAL_EQUIPMENT_DEVICES_SUPPLIES_BY_SUPPL rows=440.7K cols=34 7.7s
[152/2208] FED_EPA_RCRA_RCRA_NAICS rows=434.7K cols=6 2.0s
[153/2208] FED_EPA_SDWA_SDWA_PUB_WATER_SYSTEMS rows=434.0K cols=54 6.1s
[154/2208] FED_EPA_SDWA_SDWA_SERVICE_AREAS rows=422.5K cols=9 2.4s
[155/2208] FED_CMS_NURSING_HOME_DEFICIENCIES rows=418.5K cols=26 4.9s
[156/2208] FED_FAC_SINGLE_AUDIT rows=411.6K cols=30 6.8s
[157/2208] FED_ICIJ_OFFSHORELEAKS_ADDRESSES rows=402.2K cols=11 3.0s
[158/2208] FED_OSHA_ITA_300A_SUMMARY_2024 rows=398.6K cols=35 8.0s
[159/2208] FED_EPA_NPDES_NPDES_PS_VIOLATIONS rows=397.6K cols=20 3.8s
[160/2208] FED_OSHA_ITA_300A_SUMMARY_2023 rows=394.2K cols=35 7.8s
[161/2208] FED_EPA_SDWA_SDWA_EVENTS_MILESTONES rows=394.1K cols=13 4.1s
[162/2208] FED_USCG_VESSEL_DOCUMENTATION ERROR 100039 (22003): Numeric value '56662977' is out of range
[163/2208] FED_EPA_SDWA_SDWA_PN_VIOLATION_ASSOC rows=387.6K cols=15 4.3s
[164/2208] INTL_UCDP_GED rows=385.9K cols=52 6.2s
[165/2208] FED_EPA_RCRA_ENFORCEMENTS rows=383.5K cols=14 3.9s
[166/2208] FED_OSHA_ITA_300A_SUMMARY_2025 rows=383.3K cols=35 7.8s
[167/2208] FED_CMS_MEDICARE_DURABLE_MEDICAL_EQUIPMENT_DEVICES_SUPPLIES_BY_REFER rows=381.2K cols=99 7.5s
[168/2208] INTL_EMBER_ELEC rows=369.3K cols=21 3.8s
[169/2208] FED_GOVINFO_BILL_COSPONSORS rows=367.7K cols=13 3.5s
[170/2208] FED_EPA_GHGRP_EMISSION rows=346.7K cols=9 3.9s
[171/2208] FED_SEC_13F_FILERS rows=344.1K cols=25 6.3s
[172/2208] FED_EPA_ICIS_AIR_ICIS_AIR_INFORMAL_ACTIONS rows=338.3K cols=13 2.7s
[173/2208] FED_SEC_13F_SUBMISSIONS rows=336.1K cols=9 2.8s
[174/2208] FED_OSHA_ITA_CASE_DETAIL_2025 rows=330.4K cols=42 4.9s
[175/2208] FED_EPA_NPDES_NPDES_NAICS rows=326.5K cols=7 2.6s
[176/2208] FED_FAA_AIRCRAFT_REGISTRY rows=315.4K cols=38 4.4s
[177/2208] FED_ITIS_SYNONYM_LINKS rows=315.3K cols=6 2.6s
[178/2208] FED_EPA_NPDES_NPDES_SE_VIOLATIONS rows=305.5K cols=18 6.5s
[179/2208] FED_USGS_MINERALS rows=304.6K cols=60 5.3s
[180/2208] FED_GOOGLE_POLADS_ADVERTISER_WEEKLY_SPEND rows=298.9K cols=27 5.4s
[181/2208] FED_CFTC_COT_FUTURES rows=287.1K cols=132 11.0s
[182/2208] TX_LOBBY_COVER rows=283.8K cols=49 8.1s
[183/2208] FED_EPA_ICIS_AIR_ICIS_AIR_FACILITIES rows=279.7K cols=22 3.1s
[184/2208] INTL_FAO_FAOSTAT_FOOD_SECURITY rows=279.5K cols=16 3.4s
[185/2208] FED_MSHA_ACCIDENTS rows=273.6K cols=60 4.6s
[186/2208] FED_EPA_ICIS_FEC_ICIS_FEC_EPA_INSPECTIONS rows=260.6K cols=19 4.5s
[187/2208] ST_NYC_CFB_CAMPAIGN_2025_CONTRIBUTIONS rows=259.5K cols=55 5.9s
[188/2208] FED_FRA_CROSSING_INCIDENTS rows=251.1K cols=157 8.1s
[189/2208] FED_FRACFOCUS_DISCLOSURE_LIST rows=248.8K cols=20 6.0s
[190/2208] FED_NHTSA_RECALLS rows=241.9K cols=32 5.8s
[191/2208] FED_FRA_EQUIPMENT_ACCIDENTS rows=224.9K cols=158 9.1s
[192/2208] FED_FARA_BULK rows=221.9K cols=31 4.9s
[193/2208] FED_SBIR_STTR_AWARDS rows=219.5K cols=44 6.2s
[194/2208] FED_ITIS_STRIPPEDAUTHOR rows=214.4K cols=5 1.7s
[195/2208] FED_ITIS_TAXON_AUTHORS_LKP rows=214.4K cols=8 1.9s
[196/2208] INTL_IT_ISTAT rows=213.3K cols=13 3.0s
[197/2208] TX_LOBBY_SUBJECT_MATTER rows=210.0K cols=21 5.1s
[198/2208] FED_ITIS_NODC_IDS rows=209.6K cols=6 1.8s
[199/2208] CA_LOBBY_COVER2 rows=206.5K cols=16 3.0s
[200/2208] FED_EPA_ICIS_FEC_CASE_FACILITIES rows=204.0K cols=13 3.8s
[201/2208] FED_CMS_NURSING_HOME_FIRE_DEFICIENCIES rows=200.0K cols=27 4.1s
[202/2208] ST_NYC_CFB_CAMPAIGN_2013_CONTRIBUTION rows=198.0K cols=55 5.4s
[203/2208] ST_NYC_CFB_CAMPAIGN_2001_CONTRIBUTION rows=193.7K cols=57 7.0s
[204/2208] FED_ITIS_TU_COMMENTS_LINKS rows=192.9K cols=6 2.0s
[205/2208] FED_EPA_ICIS_AIR_ICIS_AIR_PROGRAM_SUBPARTS rows=191.0K cols=8 1.9s
[206/2208] IRS527_DIRECTORS_OFFICERS rows=189.6K cols=15 3.2s
[207/2208] FED_FHFA_HPI rows=184.8K cols=15 3.0s
[208/2208] FED_IRS_SOI rows=179.8K cols=153 8.1s
[209/2208] FED_NTSB_AVIATION_INJURY rows=179.2K cols=10 2.2s
[210/2208] FED_SAM_EXCLUSIONS_FULL_R2 rows=168.3K cols=34 3.8s
[211/2208] FED_FDA_UNII_GSRS_SUBSTANCES rows=168.0K cols=28 2.5s
[212/2208] FED_ITIS_VERNACULARS rows=166.8K cols=9 3.0s
[213/2208] FED_HRSA_SHORTAGE_AREAS rows=165.5K cols=70 8.2s
[214/2208] FED_ITIS_JURISDICTION rows=161.9K cols=7 2.2s
[215/2208] FED_NLM_DAILYMED_SPL_SETID_MAP rows=158.5K cols=8 2.4s
[216/2208] FED_PCAOB_FORM_AP_FILINGS rows=155.4K cols=65 5.3s
[217/2208] FED_NHTSA_INVESTIGATIONS rows=154.2K cols=14 4.1s
[218/2208] FED_EPA_ICIS_FEC_CASE_ENFORCEMENT_CONCLUSION_FACILITIES rows=150.9K cols=12 3.3s
[219/2208] ST_NYC_CFB_CAMPAIGN_2009_CONTRIBUTION rows=146.1K cols=55 5.5s
[220/2208] FED_CMS_MEDICARE_INPATIENT_HOSPITALS_BY_PROVIDER_AND_SERVICE rows=145.9K cols=17 5.7s
[221/2208] FED_PBGC_DATA rows=140.5K cols=13 2.7s
[222/2208] FED_EPA_GHGRP_FACILITY rows=136.0K cols=40 5.3s
[223/2208] XC_ROR_RESEARCH_ORGANIZATIONS rows=135.7K cols=38 5.1s
[224/2208] INTL_EC_SERCOP rows=133.0K cols=33 5.5s
[225/2208] FED_CDC_INJURY_VIOLENCE_COUNTY rows=132.0K cols=15 5.1s
[226/2208] INTL_FR_DATA_GOUV_FULL rows=130.4K cols=50 6.7s
[227/2208] FED_EPA_CAMPD_FACILITY ERROR 100039 (22003): Numeric value '56662972' is out of range
[228/2208] XC_VERA_INCARCERATION_TRENDS rows=128.5K cols=167 7.9s
[229/2208] FED_SEC_FTD_CUSIP_BRIDGE rows=128.3K cols=10 3.9s
[230/2208] FED_USGS_ORPHANED_OIL_GAS_WELLS rows=117.7K cols=26 6.9s
[231/2208] FED_USCG_NRC_INCIDENT_REPORTS rows=116.7K cols=18 3.1s
[232/2208] FED_CMS_MEDICARE_OUTPATIENT_HOSPITALS_BY_PROVIDER_AND_SERVICE rows=116.2K cols=20 5.5s
[233/2208] FED_FDA_NDC_DIRECTORY rows=115.8K cols=23 4.2s
[234/2208] FED_VOTEVIEW_ROLLCALL_META_FULL rows=113.5K cols=21 4.6s
[235/2208] FED_EPA_NPDES_NPDES_FORMAL_ENFORCEMENT_ACTIONS rows=112.4K cols=13 2.8s
[236/2208] FED_EPA_ICIS_AIR_ICIS_AIR_FORMAL_ACTIONS rows=106.0K cols=13 2.3s
[237/2208] FED_COURTLISTENER_ORAL_ARGUMENTS rows=102.6K cols=25 4.8s
[238/2208] FED_EPA_ICIS_AIR_ICIS_AIR_VIOLATION_HISTORY rows=102.0K cols=19 3.0s
[239/2208] FED_FOREIGNASSISTANCE rows=95.7K cols=13 1.8s
[240/2208] FED_FEDERAL_REGISTER_DOCUMENTS rows=94.7K cols=32 4.1s
[241/2208] FED_ITIS_VERN_REF_LINKS rows=93.1K cols=8 3.6s
[242/2208] FED_USACE_NID_DAMS rows=92.8K cols=87 7.3s
[243/2208] FED_NID_DAMS rows=92.8K cols=87 6.4s
[244/2208] FED_MSHA_MINES rows=91.9K cols=62 3.8s
[245/2208] FED_FEC_INDEPENDENT_EXPENDITURES rows=87.5K cols=27 5.3s
[246/2208] CA_LOBBY_CHG_LOG rows=85.8K cols=27 4.4s
[247/2208] FED_HHS_OIG_LEIE rows=83.8K cols=21 3.8s
[248/2208] FED_CDC_OVERDOSE rows=83.8K cols=15 4.1s
[249/2208] FED_SCDB rows=83.6K cols=64 4.8s
[250/2208] FED_EPA_NPDES_NPDES_CS_VIOLATIONS rows=82.2K cols=21 4.2s
[251/2208] FED_HRSA_HPSA_PRIMARY_CARE rows=79.2K cols=69 7.3s
[252/2208] FED_EPA_TRI_BASIC_2023 rows=78.6K cols=125 8.0s
[253/2208] IRS527_8871_ORGS rows=77.6K cols=46 4.5s
[254/2208] FED_IRS_527_ORGS rows=77.6K cols=47 5.0s
[255/2208] FED_ATF_FFL rows=77.5K cols=93 6.9s
[256/2208] XC_RETRACTION_WATCH_DATABASE rows=71.6K cols=24 5.1s
[257/2208] FED_RETRACTION_WATCH rows=71.6K cols=23 4.1s
[258/2208] INTL_OPENSANCTIONS rows=71.0K cols=19 4.0s
[259/2208] FED_COURTLISTENER_FINANCIAL_DISCLOSURES rows=70.8K cols=19 2.9s
[260/2208] FED_ITIS_COMMENTS rows=70.5K cols=8 3.0s
[261/2208] FED_SEC_EDGAR_INSIDERS rows=69.3K cols=17 4.2s
[262/2208] FED_EPA_TRI_FACILITY rows=65.0K cols=51 4.9s
[263/2208] IRS527_RELATED_ENTITIES rows=64.8K cols=15 2.7s
[264/2208] INTL_WB_IDS rows=63.0K cols=72 5.8s
[265/2208] FED_HUD_FHA_SF_PORTFOLIO_SNAPSHOT rows=61.6K cols=20 4.4s
[266/2208] FED_FEC_COMMITTEES rows=60.0K cols=18 3.4s
[267/2208] INTL_UK_SANCTIONS_LIST rows=58.3K cols=61 5.2s
[268/2208] XC_UK_SANCTIONS_LIST rows=57.9K cols=61 5.2s
[269/2208] FED_CMS_OPT_OUT_AFFIDAVITS rows=57.2K cols=15 3.4s
[270/2208] FED_SEC_EDGAR_FINANCIALS rows=55.6K cols=40 4.6s
[271/2208] IRS527_8872_REPORTS rows=55.6K cols=51 6.1s
[272/2208] FED_CDC_DRUG_POISONING_COUNTY rows=53.4K cols=11 2.0s
[273/2208] FED_COURTLISTENER_POSITIONS rows=51.3K cols=41 6.0s
[274/2208] FED_VOTEVIEW_MEMBERS rows=51.1K cols=25 4.2s
[275/2208] FED_DHS_OHSS rows=50.7K cols=477 11.8s
[276/2208] FED_USASPENDING_BULK rows=50.0K cols=300 10.3s
[277/2208] FED_US_SEC_EDGAR rows=49.0K cols=17 2.5s
[278/2208] FED_FEC_PAC_SUMMARY rows=48.4K cols=30 4.8s
[279/2208] XC_CROSSREF_FUNDER_REGISTRY rows=45.7K cols=6 2.2s
[280/2208] FED_CMS_POS_OTHER rows=44.4K cols=476 11.7s
[281/2208] FED_SEC_INVESTMENT_COMPANY_SERIES_CLASS rows=43.1K cols=17 2.9s
[282/2208] FED_CFTC_COT_FINANCIAL rows=42.5K cols=90 6.4s
[283/2208] INTL_EU_SANCTIONS rows=42.3K cols=62 4.6s
[284/2208] FED_HOUSE_FD_PTR_INDEX rows=41.9K cols=13 2.3s
[285/2208] FED_DOL_EBSA_FORM5500_SCHEDULE_SB rows=41.8K cols=127 7.0s
[286/2208] FED_FDA_DRUG_MASTER_FILES rows=41.3K cols=9 2.8s
[287/2208] TX_LOBBY_INDIVIDUAL_REPORTING rows=38.7K cols=29 4.2s
[288/2208] FED_COURTLISTENER_DISCLOSURE_POSITIONS rows=37.0K cols=10 3.5s
[289/2208] FED_GOVINFO_BILLSTATUS rows=36.5K cols=17 3.7s
[290/2208] FED_SLAVEVOYAGES_TRANSATLANTIC rows=36.1K cols=279 9.3s
[291/2208] FED_HUD_ASSISTED_HOUSING_PROJECTS rows=35.6K cols=95 5.8s
[292/2208] XC_CENSUS_CB_ZCTA ERROR 100039 (22003): Numeric value '56643299' is out of range
[293/2208] FED_DOL_FORM5500 rows=33.5K cols=155 7.3s
[294/2208] FED_COURTLISTENER_DISCLOSURE_REIMBURSEMENTS rows=33.5K cols=13 3.7s
[295/2208] FED_NTSB_AVIATION_AIRCRAFT rows=31.5K cols=96 6.9s
[296/2208] XC_RANSOMWARELIVE_VICTIMS rows=31.1K cols=12 3.4s
[297/2208] FED_NTSB_AVIATION_EVENTS rows=31.0K cols=76 5.7s
[298/2208] FED_ITIS_PUBLICATIONS rows=30.8K cols=17 3.5s
[299/2208] XC_RANSOMWARELIVE_VICTIMS_FULL_R2 rows=30.7K cols=12 3.2s
[300/2208] FED_FEC_CAND_CMTE_LINKAGE rows=30.5K cols=10 2.6s
[301/2208] FED_MEDSL_HOUSE_RETURNS rows=29.6K cols=22 5.3s
[302/2208] XC_OWID_CO2 rows=29.4K cols=7 2.2s
[303/2208] FED_CFPB_HMDA rows=28.3K cols=102 5.9s
[304/2208] STATE_MO_SEX_OFFENDER_REGISTRY rows=28.2K cols=14 3.2s
[305/2208] FED_FDIC_BANK_DATA rows=27.8K cols=164 6.9s
[306/2208] FED_FEC_CANDIDATES rows=27.1K cols=18 2.9s
[307/2208] FED_EIA_860_GENERATOR rows=26.9K cols=76 4.8s
[308/2208] FED_EIA860_3_1_GENERATOR rows=26.9K cols=76 6.6s
[309/2208] FED_ICIJ_OFFSHORELEAKS_INTERMEDIARIES rows=26.8K cols=13 2.7s
[310/2208] FED_CONSOLIDATED_SCREENING_LIST rows=26.0K cols=33 3.8s
[311/2208] FED_TRADE_CONSOLIDATED_SCREENING_LIST rows=25.9K cols=32 4.0s
[312/2208] FED_HUD_MF_FIRM_COMMITMENTS rows=25.6K cols=28 2.7s
[313/2208] CA_LOBBY_AMENDMENTS rows=25.2K cols=45 4.7s
[314/2208] FED_FEMA_NFIP_COMMUNITY_STATUS_BOOK_FULL_R2 rows=25.1K cols=19 4.1s
[315/2208] FED_FEMA_NFIP_COMMUNITY_STATUS_BOOK rows=25.1K cols=19 4.0s
[316/2208] XC_WAYBACK_REPLAY_DOJ_LISTING rows=24.9K cols=4 1.9s
[317/2208] FED_HUD_MF_SECTION8_CONTRACTS rows=24.3K cols=34 3.7s
[318/2208] FED_FRACFOCUS_WATER_SOURCE rows=23.7K cols=12 4.3s
[319/2208] FED_CMS_MARKETPLACE_PLAN_ATTRIBUTES_PUF rows=22.1K cols=154 6.7s
[320/2208] FED_EPA_ICIS_FEC_EPA_INFORMAL_ENFORCEMENT_ACTIONS rows=21.9K cols=13 2.0s
[321/2208] FED_PBGC_TRUSTEED_PENSION_PLANS rows=21.6K cols=13 4.1s
[322/2208] XC_OWID_LIFE_EXPECTANCY rows=21.6K cols=7 3.5s
[323/2208] FED_GOOGLE_POLADS_ADVERTISER_STATS rows=21.2K cols=29 3.9s
[324/2208] FED_EPA_AQS_SITES rows=21.0K cols=31 5.5s
[325/2208] FED_FEC_BULK rows=20.9K cols=18 2.5s
[326/2208] FED_COURTLISTENER_DISCLOSURE_SPOUSAL_INCOME rows=20.2K cols=10 3.2s
[327/2208] FED_FEC_BULK_COMMITTEES rows=20.0K cols=19 2.6s
[328/2208] FED_VA_SUICIDE_STATE rows=19.7K cols=19 3.3s
[329/2208] XC_OWID_FERTILITY rows=19.4K cols=7 2.5s
[330/2208] FED_OFAC_SDN rows=19.1K cols=16 2.9s
[331/2208] FED_HRSA_UDS_SERVICE_DELIVERY_SITES rows=19.0K cols=59 5.9s
[332/2208] FED_COURTLISTENER_DISCLOSURE_DEBTS rows=18.8K cols=11 4.1s
[333/2208] FED_FEC_BULK_CANDIDATES rows=17.9K cols=19 2.5s
[334/2208] IRS527_EAIN rows=17.9K cols=7 3.0s
[335/2208] FED_CFPB_HMDA_LAR rows=17.5K cols=102 8.0s
[336/2208] FED_FRB_H15_SELECTED_RATES rows=16.8K cols=15 4.3s
[337/2208] FED_CDC_ANXIETY_DEPRESSION rows=16.8K cols=17 4.9s
[338/2208] FED_FBI_NICS_CHECKS rows=16.4K cols=30 3.1s
[339/2208] FED_FEC_BULK_LINKAGES rows=16.3K cols=11 2.1s
[340/2208] FED_COURTLISTENER_JUDGES rows=16.2K cols=29 4.5s
[341/2208] FED_CMS_NURSING_HOME_PENALTIES rows=16.2K cols=17 5.6s
[342/2208] FED_EIA_860_PLANT rows=16.1K cols=45 4.8s
[343/2208] FED_EIA860_2_PLANT rows=16.1K cols=45 5.4s
[344/2208] FED_CDC_HEALTH_INSURANCE rows=16.1K cols=19 4.9s
[345/2208] XC_MAPPING_POLICE_VIOLENCE rows=15.5K cols=67 5.4s
[346/2208] FED_COURTLISTENER_DISCLOSURE_NON_INVESTMENT_INCOME rows=15.3K cols=11 3.7s
[347/2208] FED_CDC_DATA_PORTAL rows=15.0K cols=16 1.8s
[348/2208] FED_NURSINGHOME411 rows=14.7K cols=74 7.9s
[349/2208] FED_CMS_NURSING_HOME rows=14.7K cols=112 7.0s
[350/2208] TX_LOBBY_FOOD_BEVERAGE rows=14.5K cols=36 6.2s
[351/2208] FED_CMS_SKILLED_NURSING_FACILITY_ENROLLMENTS rows=14.4K cols=25 3.7s
[352/2208] FED_USDA_RD_MFH_ACTIVE_PROJECTS rows=13.6K cols=35 5.3s
[353/2208] INTL_HEALTHCANADA_DPD_DRUG rows=13.4K cols=17 3.7s
[354/2208] FED_FDA_MAUDE_FULL ERROR 000603 (XX000): SQL execution internal error:
Processing aborted due to error 300005:4035471279; incident 7737281.
[355/2208] FED_CONGRESS_LEGISLATORS rows=12.8K cols=32 7.8s
[356/2208] FED_COURTLISTENER_JUDGE_EDUCATIONS rows=12.8K cols=11 3.5s
[357/2208] FED_CMS_HOME_HEALTH rows=12.4K cols=99 6.4s
[358/2208] FED_EPA_EGRID_PLANT_2022 rows=12.0K cols=144 6.2s
[359/2208] FED_EIA861_SERVICE_TERRITORY rows=11.8K cols=9 2.8s
[360/2208] FED_FHFA_NMDB rows=11.6K cols=13 2.7s
[361/2208] FED_SLAVEVOYAGES_INTRAAMERICAN rows=11.5K cols=172 8.2s
[362/2208] FED_CMS_HOME_HEALTH_AGENCY_ENROLLMENTS rows=11.5K cols=24 3.4s
[363/2208] FED_CMS_FEDERALLY_QUALIFIED_HEALTH_CENTER_ENROLLMENTS rows=11.1K cols=23 3.5s
2208 tables in scope
[38/2208] FED_FDA_GUDID_FULL_IDENTIFIERS rows=6.77M cols=12 2.7s
[42/2208] INTL_GLEIF_REPEX ERROR 100039 (22003): Numeric value '56643832' is out of range
[50/2208] FED_FDA_GUDID_FULL_DEVICE rows=5.18M cols=37 6.8s
[54/2208] FED_FMCSA_COMPANY_CENSUS rows=4.49M cols=150 14.7s
[121/2208] FED_SAM_ENTITY_PUBLIC rows=895.4K cols=146 7.8s
[162/2208] FED_USCG_VESSEL_DOCUMENTATION rows=391.7K cols=82 6.9s
[227/2208] FED_EPA_CAMPD_FACILITY rows=128.5K cols=34 4.9s
[292/2208] XC_CENSUS_CB_ZCTA ERROR 100039 (22003): Numeric value '56643299' is out of range
[354/2208] FED_FDA_MAUDE_FULL rows=13.0K cols=4 103.5s
[364/2208] FED_CDC_LEADING_CAUSES_STATE rows=10.9K cols=9 2.4s
[365/2208] XC_OWID_TERRORISM_DEATHS rows=10.5K cols=8 2.1s
[366/2208] XC_WAPO_FATAL_FORCE rows=10.4K cols=22 4.6s
[367/2208] FED_SEC_EDGAR_COMPANY_TICKERS rows=10.4K cols=7 1.8s
[368/2208] FED_SEC_EDGAR_COMPANY_TICKERS_EXCHANGE rows=10.4K cols=7 2.0s
[369/2208] FED_MAPPING_INEQUALITY rows=10.2K cols=15 4.3s
[370/2208] FED_COURTLISTENER_DISCLOSURE_AGREEMENTS rows=10.0K cols=10 3.4s
[371/2208] PORTAL_CKA_CALIFORNIA_OPEN_B36AD1F596 rows=10.0K cols=16 4.9s
[372/2208] PORTAL_CKA_WESTERN_PENNSYLV_0AF7431C6C rows=10.0K cols=44 4.8s
[373/2208] PORTAL_CKA_ANALYZE_BOSTON_D5A9AD584E rows=10.0K cols=66 5.0s
[374/2208] PORTAL_CKA_ANALYZE_BOSTON_DD269D0A1D rows=10.0K cols=39 4.2s
[375/2208] PORTAL_CKA_INDIANA_DATA_HUB_FE00D42ACC rows=10.0K cols=13 3.9s
[376/2208] PORTAL_CKA_ISRAEL_NATIONAL_96D1B74C94 rows=10.0K cols=15 3.7s
[377/2208] PORTAL_CKA_OPEN_DATA_SA_58B0401C9A rows=10.0K cols=24 4.6s
[378/2208] PORTAL_CKA_WESTERN_PENNSYLV_90A0A8B740 rows=10.0K cols=32 6.0s
[379/2208] PORTAL_CKA_WESTERN_PENNSYLV_9B3EC4ABB9 rows=10.0K cols=26 5.5s
[380/2208] PORTAL_CKA_WESTERN_PENNSYLV_A3B7349811 rows=10.0K cols=29 5.3s
[381/2208] PORTAL_CKA_OPEN_DATA_SA_6FD1BD1867 rows=10.0K cols=25 4.9s
[382/2208] PORTAL_CKA_ISRAEL_NATIONAL_338EF2B642 rows=10.0K cols=35 5.6s
[383/2208] PORTAL_CKA_OKLAHOMA_OPEN_DA_2A27DEA617 rows=10.0K cols=13 4.0s
[384/2208] PORTAL_CKA_VIRGINIA_OPEN_DA_AC3869EE0E rows=10.0K cols=40 5.2s
[385/2208] PORTAL_CKA_WESTERN_PENNSYLV_2DEAA849E4 rows=10.0K cols=42 4.5s
[386/2208] PORTAL_CKA_WESTERN_PENNSYLV_C0A2A6745A rows=10.0K cols=13 4.1s
[387/2208] PORTAL_CKA_WPRDC_ALLEGHENY_4E99637062 rows=10.0K cols=10 2.4s
[388/2208] PORTAL_CKA_WPRDC_ALLEGHENY_6F76317272 rows=10.0K cols=26 4.6s
[389/2208] PORTAL_CKA_WPRDC_ALLEGHENY_98A0E89FA3 rows=10.0K cols=61 5.8s
[390/2208] PORTAL_CKA_WESTERN_PENNSYLV_B81B12D211 rows=10.0K cols=21 4.0s
[391/2208] PORTAL_CKA_ANALYZE_BOSTON_78E7B87DD3 rows=10.0K cols=19 4.2s
[392/2208] PORTAL_CKA_CALIFORNIA_OPEN_35E42B9770 rows=10.0K cols=37 4.7s
[393/2208] PORTAL_CKA_HOUSTON_OPEN_DAT_0AA7C87F45 rows=10.0K cols=23 4.1s
[394/2208] PORTAL_CKA_HOUSTON_OPEN_DAT_5B1522DD22 rows=10.0K cols=16 4.0s
[395/2208] PORTAL_CKA_OPEN_DATA_SA_C7CF87B213 rows=10.0K cols=33 4.9s
[396/2208] PORTAL_CKA_SAN_JOSE_OPEN_DA_ED235B292F rows=10.0K cols=21 3.3s
[397/2208] PORTAL_CKA_VIRGINIA_OPEN_DA_039AACD655 rows=10.0K cols=64 5.8s
[398/2208] PORTAL_CKA_WESTERN_PENNSYLV_68A8A0027A rows=10.0K cols=15 3.5s
[399/2208] PORTAL_CKA_ANALYZE_BOSTON_9A0FE05B1B rows=10.0K cols=20 4.0s
[400/2208] PORTAL_CKA_WPRDC_ALLEGHENY_238D230C29 rows=10.0K cols=12 4.0s
[401/2208] PORTAL_CKA_WPRDC_ALLEGHENY_8824DEAA23 rows=10.0K cols=6 2.5s
[402/2208] PORTAL_CKA_ISRAEL_NATIONAL_50096DDB0E rows=10.0K cols=13 3.5s
[403/2208] PORTAL_CKA_WPRDC_ALLEGHENY_A515B81DDF rows=10.0K cols=42 4.9s
[404/2208] PORTAL_CKA_ANALYZE_BOSTON_94AE63A33F rows=10.0K cols=24 4.7s
[405/2208] PORTAL_CKA_ANALYZE_BOSTON_BE87D5EA10 rows=10.0K cols=15 3.9s
[406/2208] PORTAL_CKA_CALIFORNIA_OPEN_59AFD10B01 rows=10.0K cols=25 5.0s
[407/2208] PORTAL_CKA_HOUSTON_OPEN_DAT_A4490182BA rows=10.0K cols=48 5.9s
[408/2208] PORTAL_CKA_INDIANA_DATA_HUB_0ED686ABD6 rows=10.0K cols=13 3.5s
[409/2208] PORTAL_CKA_OKLAHOMA_OPEN_DA_314BB9E894 rows=10.0K cols=13 4.2s
[410/2208] PORTAL_CKA_OKLAHOMA_OPEN_DA_FFF97E32BA rows=10.0K cols=16 4.1s
[411/2208] PORTAL_CKA_OPEN_DATA_SA_721BEBB7DF rows=10.0K cols=23 4.5s
[412/2208] PORTAL_CKA_SAN_JOSE_OPEN_DA_131DB5B4A0 rows=10.0K cols=13 3.5s
[413/2208] PORTAL_CKA_VIRGINIA_OPEN_DA_F40C1F2ECE rows=10.0K cols=32 6.1s
[414/2208] PORTAL_CKA_OKLAHOMA_OPEN_DA_6C534D482A rows=10.0K cols=15 4.8s
[415/2208] PORTAL_CKA_OKLAHOMA_OPEN_DA_DE6EE9058E rows=10.0K cols=15 4.5s
[416/2208] PORTAL_CKA_OPEN_DATA_SA_2C667A6FC6 rows=10.0K cols=18 4.5s
[417/2208] PORTAL_CKA_OPEN_DATA_SA_E2B711DB0F rows=10.0K cols=21 4.3s
[418/2208] PORTAL_CKA_SAN_JOSE_OPEN_DA_F194D54765 rows=10.0K cols=67 5.8s
[419/2208] PORTAL_CKA_WESTERN_PENNSYLV_0AC79B8EBA rows=10.0K cols=15 3.1s
[420/2208] PORTAL_CKA_WESTERN_PENNSYLV_1A89F1526C rows=10.0K cols=61 5.2s
[421/2208] PORTAL_CKA_WESTERN_PENNSYLV_7880B791DF rows=10.0K cols=24 5.9s
[422/2208] PORTAL_CKA_WESTERN_PENNSYLV_EF682F7E59 rows=10.0K cols=21 4.5s
[423/2208] PORTAL_CKA_WESTERN_PENNSYLV_5C8BBA2D74 rows=10.0K cols=15 2.9s
[424/2208] PORTAL_CKA_ANALYZE_BOSTON_DB29EC5366 rows=10.0K cols=22 4.8s
[425/2208] PORTAL_CKA_OKLAHOMA_OPEN_DA_F394B50B84 rows=10.0K cols=16 4.1s
[426/2208] PORTAL_CKA_OPEN_DATA_SA_E90902C24C rows=10.0K cols=11 2.7s
[427/2208] PORTAL_CKA_VIRGINIA_OPEN_DA_CC1870E66B rows=10.0K cols=15 3.5s
[428/2208] PORTAL_CKA_ISRAEL_NATIONAL_DA3CA6DB5D rows=10.0K cols=14 4.4s
[429/2208] PORTAL_CKA_OKLAHOMA_OPEN_DA_CABB75C107 rows=10.0K cols=16 5.0s
[430/2208] PORTAL_CKA_VIRGINIA_OPEN_DA_1D39BDEC50 rows=10.0K cols=37 5.3s
[431/2208] PORTAL_CKA_WESTERN_PENNSYLV_B25E480DFC rows=10.0K cols=48 4.7s
[432/2208] PORTAL_CKA_WESTERN_PENNSYLV_EAC54ADE9A rows=10.0K cols=12 2.9s
[433/2208] PORTAL_CKA_WPRDC_ALLEGHENY_1B2D51749E rows=10.0K cols=29 4.5s
[434/2208] PORTAL_CKA_OKLAHOMA_OPEN_DA_3B16211196 rows=10.0K cols=14 4.3s
[435/2208] PORTAL_CKA_OKLAHOMA_OPEN_DA_836C92E47C rows=10.0K cols=14 3.9s
[436/2208] PORTAL_CKA_OKLAHOMA_OPEN_DA_DD9095A39B rows=10.0K cols=54 5.4s
[437/2208] PORTAL_CKA_OPEN_DATA_SA_60379EFD4F rows=10.0K cols=25 4.2s
[438/2208] PORTAL_CKA_SAN_JOSE_OPEN_DA_399CADBC5E rows=10.0K cols=18 4.8s
[439/2208] PORTAL_CKA_SAN_JOSE_OPEN_DA_56E25AFE36 rows=10.0K cols=21 3.3s
[440/2208] PORTAL_CKA_SAN_JOSE_OPEN_DA_AD9C79B3A8 rows=10.0K cols=42 5.4s
[441/2208] PORTAL_CKA_VIRGINIA_OPEN_DA_8A70DE2FB1 rows=10.0K cols=19 4.8s
[442/2208] PORTAL_CKA_WESTERN_PENNSYLV_010A1B6275 rows=10.0K cols=13 3.2s
[443/2208] PORTAL_CKA_WPRDC_ALLEGHENY_145B5F2466 rows=10.0K cols=21 5.5s
[444/2208] PORTAL_CKA_WPRDC_ALLEGHENY_49ED6437BF rows=10.0K cols=23 3.8s
[445/2208] PORTAL_CKA_ISRAEL_NATIONAL_511B70EB2B rows=10.0K cols=15 2.4s
[446/2208] PORTAL_CKA_ANALYZE_BOSTON_7A1246D4B5 rows=10.0K cols=8 4.6s
[447/2208] PORTAL_CKA_ANALYZE_BOSTON_BBE261ACCB rows=10.0K cols=31 7.3s
[448/2208] PORTAL_CKA_HOUSTON_OPEN_DAT_C5521BDA2A rows=10.0K cols=57 4.9s
[449/2208] PORTAL_CKA_INDIANA_DATA_HUB_D4DAE8D984 rows=10.0K cols=11 3.9s
[450/2208] PORTAL_CKA_ISRAEL_NATIONAL_CB289C316E rows=10.0K cols=11 3.5s
[451/2208] PORTAL_CKA_OKLAHOMA_OPEN_DA_2D8A48CE3D rows=10.0K cols=13 5.0s
[452/2208] PORTAL_CKA_VIRGINIA_OPEN_DA_77706D86DA rows=10.0K cols=111 8.6s
[453/2208] PORTAL_CKA_OKLAHOMA_OPEN_DA_CDF9BDC1C8 rows=10.0K cols=15 5.5s
[454/2208] PORTAL_CKA_OKLAHOMA_OPEN_DA_E1AA111C19 rows=10.0K cols=16 4.4s
[455/2208] PORTAL_CKA_OKLAHOMA_OPEN_DA_CE3CC11024 rows=10.0K cols=13 4.2s
[456/2208] PORTAL_CKA_WESTERN_PENNSYLV_BD609B0793 rows=10.0K cols=6 2.2s
[457/2208] PORTAL_CKA_WPRDC_ALLEGHENY_54998E6EDA rows=10.0K cols=15 3.8s
[458/2208] PORTAL_CKA_CALIFORNIA_OPEN_27DC9C9E51 rows=10.0K cols=25 5.0s
[459/2208] PORTAL_CKA_SAN_JOSE_OPEN_DA_B6D7CBC686 rows=10.0K cols=32 4.3s
[460/2208] PORTAL_CKA_VIRGINIA_OPEN_DA_CBC7FE8B75 rows=10.0K cols=9 3.1s
[461/2208] PORTAL_CKA_WESTERN_PENNSYLV_440A699A5B rows=10.0K cols=9 3.0s
[462/2208] PORTAL_CKA_HOUSTON_OPEN_DAT_21FF930703 rows=10.0K cols=17 3.8s
[463/2208] PORTAL_CKA_INDIANA_DATA_HUB_7747EFE139 rows=10.0K cols=14 5.1s
[464/2208] PORTAL_CKA_INDIANA_DATA_HUB_83BA6435C2 rows=10.0K cols=20 3.9s
[465/2208] PORTAL_CKA_ISRAEL_NATIONAL_6C5E40114C rows=10.0K cols=27 5.3s
[466/2208] PORTAL_CKA_OKLAHOMA_OPEN_DA_042A7F3ED2 rows=10.0K cols=15 3.7s
[467/2208] PORTAL_CKA_OKLAHOMA_OPEN_DA_0E22A8C042 rows=10.0K cols=15 4.4s
[468/2208] PORTAL_CKA_OKLAHOMA_OPEN_DA_49A4D42820 rows=10.0K cols=15 5.3s
[469/2208] PORTAL_CKA_OKLAHOMA_OPEN_DA_BEBD242D3D rows=10.0K cols=15 4.5s
[470/2208] PORTAL_CKA_SAN_JOSE_OPEN_DA_0D51EC3643 rows=10.0K cols=42 4.8s
[471/2208] PORTAL_CKA_SAN_JOSE_OPEN_DA_151F8E4DBB rows=10.0K cols=42 4.7s
[472/2208] PORTAL_CKA_VIRGINIA_OPEN_DA_D5D649203D rows=10.0K cols=97 7.3s
[473/2208] PORTAL_CKA_WESTERN_PENNSYLV_4E5C66124A rows=10.0K cols=48 5.4s
[474/2208] PORTAL_CKA_WESTERN_PENNSYLV_DDB61776D0 rows=10.0K cols=23 3.6s
[475/2208] PORTAL_CKA_WESTERN_PENNSYLV_ED65B530A3 rows=10.0K cols=77 5.3s
[476/2208] PORTAL_CKA_WPRDC_ALLEGHENY_BB1BD78412 rows=10.0K cols=21 5.1s
[477/2208] PORTAL_CKA_WPRDC_ALLEGHENY_C4D59225CB rows=10.0K cols=48 5.1s
[478/2208] PORTAL_CKA_WPRDC_ALLEGHENY_DE448D04D4 rows=10.0K cols=44 4.6s
[479/2208] PORTAL_CKA_ANALYZE_BOSTON_B4C5E99B0A rows=10.0K cols=70 6.7s
[480/2208] PORTAL_CKA_ANALYZE_BOSTON_E4C004D662 rows=10.0K cols=31 5.3s
[481/2208] PORTAL_CKA_OKLAHOMA_OPEN_DA_B65187987B rows=10.0K cols=16 6.3s
[482/2208] PORTAL_CKA_WESTERN_PENNSYLV_D7DA51769C rows=10.0K cols=20 4.2s
[483/2208] PORTAL_CKA_WPRDC_ALLEGHENY_1BA8209338 rows=10.0K cols=32 6.8s
[484/2208] PORTAL_CKA_WPRDC_ALLEGHENY_5B37A5568E rows=10.0K cols=21 6.2s
[485/2208] PORTAL_CKA_WPRDC_ALLEGHENY_99DBBB9235 rows=10.0K cols=12 3.8s
[486/2208] PORTAL_CKA_WPRDC_ALLEGHENY_FA5C68D20D rows=10.0K cols=13 4.8s
[487/2208] PORTAL_CKA_CALIFORNIA_OPEN_C86733ED60 rows=10.0K cols=34 4.7s
[488/2208] PORTAL_CKA_VIRGINIA_OPEN_DA_6207BDEB36 rows=10.0K cols=8 3.2s
[489/2208] PORTAL_CKA_WPRDC_ALLEGHENY_7431E84319 rows=10.0K cols=9 4.2s
[490/2208] PORTAL_CKA_SAN_JOSE_OPEN_DA_981E07D5DB rows=10.0K cols=24 3.7s
[491/2208] PORTAL_CKA_WPRDC_ALLEGHENY_FA3191E7A1 rows=10.0K cols=32 6.0s
[492/2208] PORTAL_CKA_CALIFORNIA_OPEN_1424436F0D rows=10.0K cols=14 4.0s
[493/2208] PORTAL_CKA_INDIANA_DATA_HUB_FC0ABC5EDF rows=10.0K cols=65 3.7s
[494/2208] PORTAL_CKA_ISRAEL_NATIONAL_D59087E169 rows=10.0K cols=35 4.8s
[495/2208] PORTAL_CKA_OKLAHOMA_OPEN_DA_0A2227FC62 rows=10.0K cols=16 5.8s
[496/2208] PORTAL_CKA_OKLAHOMA_OPEN_DA_3C2B4D89D6 rows=10.0K cols=14 4.1s
[497/2208] PORTAL_CKA_ANALYZE_BOSTON_A4A4828973 rows=10.0K cols=37 5.0s
[498/2208] PORTAL_CKA_VIRGINIA_OPEN_DA_AE7DCCB05B rows=10.0K cols=21 4.6s
[499/2208] PORTAL_CKA_WPRDC_ALLEGHENY_886BD5E998 rows=10.0K cols=15 2.7s
[500/2208] PORTAL_CKA_WESTERN_PENNSYLV_E91E8047AA rows=10.0K cols=9 4.3s
[501/2208] PORTAL_CKA_WPRDC_ALLEGHENY_9CCBEFBACC rows=10.0K cols=77 4.6s
[502/2208] PORTAL_CKA_CALIFORNIA_OPEN_C65B641866 rows=10.0K cols=23 5.3s
[503/2208] PORTAL_CKA_OKLAHOMA_OPEN_DA_089B4E30CE rows=10.0K cols=13 4.1s
[504/2208] PORTAL_CKA_WPRDC_ALLEGHENY_B1E95C9745 rows=10.0K cols=9 2.9s
[505/2208] PORTAL_CKA_INDIANA_DATA_HUB_90026D479A rows=10.0K cols=12 4.0s
[506/2208] PORTAL_CKA_OKLAHOMA_OPEN_DA_085B547D9C rows=10.0K cols=14 5.7s
[507/2208] PORTAL_CKA_SAN_JOSE_OPEN_DA_9E7F660889 rows=10.0K cols=21 6.8s
[508/2208] PORTAL_CKA_WESTERN_PENNSYLV_AD0D8250DF rows=10.0K cols=21 4.9s
[509/2208] PORTAL_CKA_OKLAHOMA_OPEN_DA_136A4DCD44 rows=10.0K cols=13 5.7s
[510/2208] PORTAL_CKA_OKLAHOMA_OPEN_DA_5869531EC6 rows=10.0K cols=14 4.2s
[511/2208] PORTAL_CKA_CALIFORNIA_OPEN_F406AAD424 rows=10.0K cols=24 5.2s
[512/2208] PORTAL_CKA_OKLAHOMA_OPEN_DA_41334802FD rows=10.0K cols=16 6.7s
[513/2208] PORTAL_CKA_OKLAHOMA_OPEN_DA_70DBFDBA5C rows=10.0K cols=14 4.5s
[514/2208] PORTAL_CKA_WESTERN_PENNSYLV_F82E02E6B2 rows=10.0K cols=32 5.3s
[515/2208] PORTAL_CKA_SAN_JOSE_OPEN_DA_00B8041D47 rows=10.0K cols=13 3.2s
[516/2208] PORTAL_CKA_WPRDC_ALLEGHENY_CC3BD4AFC2 rows=10.0K cols=24 4.9s
[517/2208] PORTAL_CKA_SAN_JOSE_OPEN_DA_8AE30C65DE rows=10.0K cols=14 4.6s
[518/2208] PORTAL_CKA_OPEN_DATA_SA_1E2348F9B1 rows=10.0K cols=10 2.4s
[519/2208] PORTAL_CKA_WPRDC_ALLEGHENY_CDA9E537DC rows=10.0K cols=20 3.7s
[520/2208] PORTAL_CKA_ANALYZE_BOSTON_A9B7E5C08A rows=10.0K cols=22 3.7s
[521/2208] PORTAL_CKA_SAN_JOSE_OPEN_DA_2A3D59095B rows=10.0K cols=42 4.8s
[522/2208] PORTAL_CKA_VIRGINIA_OPEN_DA_1598EAD304 rows=10.0K cols=19 4.4s
[523/2208] PORTAL_CKA_OKLAHOMA_OPEN_DA_92C8CC9499 rows=10.0K cols=16 5.4s
[524/2208] PORTAL_CKA_WESTERN_PENNSYLV_130E50E683 rows=10.0K cols=12 4.4s
[525/2208] PORTAL_CKA_HOUSTON_OPEN_DAT_E748AC9E19 rows=10.0K cols=13 3.5s
[526/2208] PORTAL_CKA_OKLAHOMA_OPEN_DA_4B6E3CA1AD rows=10.0K cols=16 4.2s
[527/2208] PORTAL_CKA_WESTERN_PENNSYLV_1A8329B111 rows=10.0K cols=10 3.5s
[528/2208] PORTAL_CKA_WPRDC_ALLEGHENY_91FAE70B2D rows=10.0K cols=15 4.8s
[529/2208] PORTAL_CKA_OKLAHOMA_OPEN_DA_C877A4F53F rows=10.0K cols=16 5.4s
[530/2208] FED_SAM_EXCLUSIONS rows=10.0K cols=24 2.7s
[531/2208] PORTAL_CKA_OKLAHOMA_OPEN_DA_4CB3B085D7 rows=10.0K cols=15 4.5s
[532/2208] PORTAL_CKA_WPRDC_ALLEGHENY_B9904B63C2 rows=10.0K cols=48 5.0s
[533/2208] PORTAL_CKA_CALIFORNIA_OPEN_D33A75D890 rows=10.0K cols=7 3.0s
[534/2208] PORTAL_CKA_WPRDC_ALLEGHENY_31D26600C9 rows=10.0K cols=13 4.7s
[535/2208] PORTAL_CKA_CALIFORNIA_OPEN_0AD648012F rows=10.0K cols=14 4.5s
[536/2208] PORTAL_CKA_ANALYZE_BOSTON_03ECD5C73D rows=10.0K cols=13 4.7s
[537/2208] PORTAL_CKA_OKLAHOMA_OPEN_DA_13AC1849E2 rows=10.0K cols=16 4.6s
[538/2208] PORTAL_CKA_CALIFORNIA_OPEN_AC6C9E2B47 rows=10.0K cols=22 4.5s
[539/2208] PORTAL_CKA_ANALYZE_BOSTON_5CCB249B71 rows=10.0K cols=33 6.5s
[540/2208] PORTAL_CKA_VIRGINIA_OPEN_DA_F11E52D4B6 rows=10.0K cols=10 2.7s
[541/2208] PORTAL_CKA_WPRDC_ALLEGHENY_7AF23ACD2F rows=10.0K cols=12 4.0s
[542/2208] PORTAL_CKA_OKLAHOMA_OPEN_DA_116F4033AA rows=10.0K cols=15 5.5s
[543/2208] PORTAL_CKA_ANALYZE_BOSTON_F1B3F76830 rows=10.0K cols=27 4.8s
[544/2208] PORTAL_CKA_HOUSTON_OPEN_DAT_F10142914F rows=10.0K cols=33 5.0s
[545/2208] PORTAL_CKA_WESTERN_PENNSYLV_09335A764B rows=10.0K cols=12 3.8s
[546/2208] PORTAL_CKA_ANALYZE_BOSTON_DF0A6DE397 rows=10.0K cols=26 4.7s
[547/2208] PORTAL_CKA_HOUSTON_OPEN_DAT_AB35BB6552 rows=10.0K cols=24 5.7s
[548/2208] PORTAL_CKA_OKLAHOMA_OPEN_DA_682EDC2856 rows=10.0K cols=15 4.1s
[549/2208] PORTAL_CKA_HOUSTON_OPEN_DAT_C3F216770E rows=10.0K cols=16 3.2s
[550/2208] PORTAL_CKA_OKLAHOMA_OPEN_DA_41B624C494 rows=10.0K cols=15 4.4s
[551/2208] PORTAL_CKA_HOUSTON_OPEN_DAT_EBAB30A0F0 rows=10.0K cols=23 5.9s
[552/2208] PORTAL_CKA_WPRDC_ALLEGHENY_316A5ACD77 rows=10.0K cols=10 3.2s
[553/2208] PORTAL_CKA_WESTERN_PENNSYLV_4070FF54BE rows=10.0K cols=10 4.0s
[554/2208] PORTAL_CKA_OKLAHOMA_OPEN_DA_6DFA4FF30D rows=10.0K cols=15 4.2s
[555/2208] PORTAL_CKA_WPRDC_ALLEGHENY_0CE6CD67AA rows=10.0K cols=11 2.8s
[556/2208] PORTAL_CKA_WESTERN_PENNSYLV_34DD959083 rows=10.0K cols=11 3.7s
[557/2208] PORTAL_CKA_ANALYZE_BOSTON_0CCFFFCC26 rows=10.0K cols=20 5.0s
[558/2208] PORTAL_CKA_WESTERN_PENNSYLV_6D0F07679B rows=9.9K cols=23 5.3s
[559/2208] PORTAL_CKA_WPRDC_ALLEGHENY_F891A6D2EE rows=9.9K cols=23 4.9s
[560/2208] PORTAL_CKA_CALIFORNIA_OPEN_CC3CA4C413 rows=9.8K cols=22 4.7s
[561/2208] PORTAL_CKA_ISRAEL_NATIONAL_612D5C06C4 rows=9.6K cols=13 3.2s
[562/2208] PORTAL_CKA_VIRGINIA_OPEN_DA_3E67A117FB rows=9.5K cols=10 3.4s
[563/2208] PORTAL_CKA_OKLAHOMA_OPEN_DA_22A43DBE5F rows=9.5K cols=11 4.3s
[564/2208] PORTAL_CKA_OPEN_DATA_SA_6B3408D74F rows=9.5K cols=12 4.1s
[565/2208] FED_CMS_HOSPITAL_ENROLLMENTS rows=9.2K cols=41 4.2s
[566/2208] PORTAL_CKA_WESTERN_PENNSYLV_42719841F1 rows=9.1K cols=28 4.5s
[567/2208] PORTAL_CKA_WPRDC_ALLEGHENY_90E172F9B4 rows=9.1K cols=28 4.8s
[568/2208] INTL_OWID_MILSPEND rows=9.1K cols=8 2.1s
[569/2208] PORTAL_CKA_ISRAEL_NATIONAL_7362EBC06F rows=9.1K cols=12 5.1s
[570/2208] PORTAL_CKA_ISRAEL_NATIONAL_B37BA647D0 rows=9.0K cols=32 3.9s
[571/2208] FED_IHS_SCB_FACILITY rows=8.7K cols=13 3.1s
[572/2208] PORTAL_CKA_WESTERN_PENNSYLV_073E47DFBA rows=8.7K cols=22 6.3s
[573/2208] PORTAL_CKA_WPRDC_ALLEGHENY_B497C35747 rows=8.7K cols=22 6.7s
[574/2208] PORTAL_CKA_OPEN_DATA_SA_529BDBCD10 rows=8.6K cols=33 5.4s
[575/2208] PORTAL_CKA_OPEN_DATA_SA_1C37EE3869 rows=8.6K cols=33 7.1s
[576/2208] PORTAL_CKA_WPRDC_ALLEGHENY_7B65AE0CFF rows=8.6K cols=20 4.6s
[577/2208] PORTAL_CKA_WESTERN_PENNSYLV_F6A018A1CB rows=8.6K cols=20 4.5s
[578/2208] FED_FEC_LEADERSHIP_PAC rows=8.6K cols=10 2.8s
[579/2208] PORTAL_CKA_OKLAHOMA_OPEN_DA_62289BD012 rows=8.6K cols=53 4.3s
[580/2208] PORTAL_CKA_OPEN_DATA_SA_1F87A7AE2D rows=8.5K cols=10 2.6s
[581/2208] FED_COURTLISTENER_JUDGE_POLITICAL_AFFILIATIONS rows=8.5K cols=13 3.9s
[582/2208] PORTAL_CKA_WESTERN_PENNSYLV_2C24D9B40B rows=8.4K cols=32 4.7s
[583/2208] PORTAL_CKA_WPRDC_ALLEGHENY_060112D129 rows=8.4K cols=32 6.0s
[584/2208] PORTAL_CKA_ISRAEL_NATIONAL_3EF90F6EEF rows=8.4K cols=11 3.1s
[585/2208] FED_SENATE_STOCK_WATCHER rows=8.3K cols=13 2.9s
[586/2208] FED_TREASURY_DEBT_TO_PENNY rows=8.3K cols=18 3.1s
[587/2208] PORTAL_CKA_ANALYZE_BOSTON_4EDDC3919B rows=8.2K cols=16 3.8s
[588/2208] FED_GOOGLE_POLADS_ADVERTISER_ID_MAPPING rows=8.0K cols=5 1.9s
[589/2208] FED_FEC_BULK_SUMMARY rows=7.9K cols=34 5.3s
[590/2208] PORTAL_CKA_ISRAEL_NATIONAL_4145FF0883 rows=7.9K cols=14 3.3s
[591/2208] PORTAL_CKA_VIRGINIA_OPEN_DA_68AFE3AE03 rows=7.8K cols=15 3.8s
[592/2208] PORTAL_CKA_CALIFORNIA_OPEN_3B70AD4F80 rows=7.8K cols=37 6.1s
[593/2208] PORTAL_CKA_VIRGINIA_OPEN_DA_C06203327D rows=7.8K cols=12 4.0s
[594/2208] PORTAL_CKA_WESTERN_PENNSYLV_2DFC1ADDEA rows=7.7K cols=22 3.4s
[595/2208] PORTAL_CKA_WPRDC_ALLEGHENY_A4E9CE945B rows=7.7K cols=22 3.3s
[596/2208] FED_SEC_DERA_SUB_2024Q2 rows=7.7K cols=39 4.5s
[597/2208] FED_CMS_DIALYSIS rows=7.6K cols=145 6.9s
[598/2208] PORTAL_CKA_ISRAEL_NATIONAL_32CF786F4C rows=7.5K cols=50 6.4s
[599/2208] PORTAL_CKA_ISRAEL_NATIONAL_55D94B871E rows=7.5K cols=6 3.2s
[600/2208] FED_TREASURY_MTS_RECEIPTS rows=7.5K cols=30 4.7s
[601/2208] XC_OWID_REFUGEES rows=7.4K cols=8 1.9s
[602/2208] ST_OPENSTATES_LEGISLATORS rows=7.4K cols=30 3.7s
[603/2208] PORTAL_CKA_SAN_JOSE_OPEN_DA_395812E4D0 rows=7.4K cols=15 4.4s
[604/2208] PORTAL_CKA_CALIFORNIA_OPEN_D8C67A34A8 rows=7.3K cols=25 4.6s
[605/2208] PORTAL_CKA_WESTERN_PENNSYLV_13793ABC24 rows=7.2K cols=23 3.8s
[606/2208] PORTAL_CKA_WPRDC_ALLEGHENY_0B1BA76AC0 rows=7.2K cols=23 3.9s
[607/2208] FED_CMS_PENDING_INITIAL_LOGGING_AND_TRACKING_PHYSICIANS rows=7.2K cols=5 3.7s
[608/2208] PORTAL_CKA_OKLAHOMA_OPEN_DA_7267B4BC2F rows=7.2K cols=53 5.6s
[609/2208] PORTAL_CKA_ISRAEL_NATIONAL_8649911221 rows=7.2K cols=17 3.6s
[610/2208] FED_EIA860_3_3_SOLAR rows=7.2K cols=44 4.9s
[611/2208] FED_EIA860_6_1_ENVIROASSOC rows=7.0K cols=10 3.4s
[612/2208] FED_SEC_DERA_SUB_2025Q2 rows=7.0K cols=39 4.2s
[613/2208] PORTAL_CKA_ANALYZE_BOSTON_F059843BA0 rows=7.0K cols=46 5.8s
[614/2208] PORTAL_CKA_CALIFORNIA_OPEN_878E5CBEC3 rows=7.0K cols=13 2.3s
[615/2208] FED_CMS_PENDING_INITIAL_LOGGING_AND_TRACKING_NON_PHYSICIANS rows=6.9K cols=5 4.0s
[616/2208] FED_CMS_HOSPICE rows=6.9K cols=15 3.6s
[617/2208] FED_SEC_DERA_SUB_2024Q3 rows=6.7K cols=39 4.7s
[618/2208] FED_EIA_860_UTILITY rows=6.6K cols=14 2.9s
[619/2208] FED_EIA860_1_UTILITY rows=6.6K cols=14 3.2s
[620/2208] FED_CMS_AMBULATORY_SPECIALTY_MODEL_PARTICIPANTS rows=6.6K cols=18 3.1s
[621/2208] PORTAL_CKA_WESTERN_PENNSYLV_D654695651 rows=6.6K cols=13 4.4s
[622/2208] PORTAL_CKA_WPRDC_ALLEGHENY_98B94025AC rows=6.6K cols=13 3.3s
[623/2208] FED_COURTLISTENER_JUDGE_RACES rows=6.5K cols=6 2.5s
[624/2208] FED_SEC_DERA_SUB_2025Q3 rows=6.5K cols=39 3.9s
[625/2208] CA_LOBBY_CONTRIBUTIONS rows=6.5K cols=10 4.5s
[626/2208] PORTAL_CKA_OPEN_DATA_SA_A8EF161189 rows=6.5K cols=12 4.3s
[627/2208] FED_SEC_DERA_SUB_2024Q4 rows=6.5K cols=39 4.3s
[628/2208] PORTAL_CKA_SAN_JOSE_OPEN_DA_2789EF054E rows=6.5K cols=42 4.8s
[629/2208] PORTAL_CKA_WPRDC_ALLEGHENY_692C217FC7 rows=6.5K cols=82 6.3s
[630/2208] PORTAL_CKA_WESTERN_PENNSYLV_F810ADDEEC rows=6.5K cols=82 6.0s
[631/2208] FED_EAC_EAVS rows=6.5K cols=431 9.5s
[632/2208] FED_CDC_SUICIDE_RATES rows=6.4K cols=16 3.4s
[633/2208] XC_OWID_FOSSIL_SHARE rows=6.4K cols=7 2.7s
[634/2208] FED_FHFA_FHLB_MEMBERSHIP rows=6.3K cols=17 3.2s
[635/2208] FED_SEC_DERA_SUB_2025Q4 rows=6.3K cols=39 4.6s
[636/2208] FED_ED_COLLEGE_SCORECARD_INSTITUTION rows=6.3K cols=3311 71.6s
[637/2208] FED_SEC_DERA_SUB_2025Q1 rows=6.2K cols=39 4.5s
[638/2208] FED_SEC_DERA_SUB_2026Q1 rows=6.2K cols=39 3.9s
[639/2208] PORTAL_CKA_CALIFORNIA_OPEN_490B55C81B rows=6.2K cols=25 5.3s
[640/2208] PORTAL_CKA_IRELAND_NATIONAL_F340FB5CBD rows=6.1K cols=8 2.7s
[641/2208] FED_CMS_HCRIS rows=6.1K cols=120 8.1s
[642/2208] FED_CMS_HOSPICE_ENROLLMENTS rows=6.1K cols=22 3.6s
[643/2208] FED_SEC_DERA_SUB_2024Q1 rows=6.0K cols=39 4.7s
[644/2208] FED_COURTLISTENER_SCHOOLS rows=6.0K cols=9 2.9s
[645/2208] FED_WQP_MONITORING_STATIONS rows=5.8K cols=40 4.3s
[646/2208] PORTAL_CKA_SAN_JOSE_OPEN_DA_CC6148CB20 rows=5.8K cols=25 4.6s
[647/2208] PORTAL_CKA_WPRDC_ALLEGHENY_B10F4B5C32 rows=5.5K cols=13 3.8s
[648/2208] PORTAL_CKA_WESTERN_PENNSYLV_09AB742FE8 rows=5.5K cols=13 3.9s
[649/2208] FED_CMS_RURAL_HEALTH_CLINIC_ENROLLMENTS rows=5.5K cols=23 3.2s
[650/2208] FED_EIA860_4_OWNER rows=5.5K cols=17 4.0s
[651/2208] PORTAL_CKA_WPRDC_ALLEGHENY_5C03B21365 rows=5.5K cols=14 3.9s
[652/2208] PORTAL_CKA_WESTERN_PENNSYLV_64295C4F58 rows=5.5K cols=14 4.2s
[653/2208] FED_CMS_HOSPITAL_GENERAL rows=5.4K cols=41 2.6s
[654/2208] FED_CMS_HOSPITAL_COMPARE rows=5.4K cols=41 5.3s
[655/2208] PORTAL_CKA_WPRDC_ALLEGHENY_3AC597333E rows=5.4K cols=19 5.3s
[656/2208] PORTAL_CKA_WESTERN_PENNSYLV_A1B3BC6C07 rows=5.4K cols=19 5.4s
[657/2208] FED_CFPB_HMDA_ARID2017_LEI_XREF rows=5.4K cols=8 2.0s
[658/2208] PORTAL_CKA_ISRAEL_NATIONAL_E9C63EFCDA rows=5.4K cols=65 5.6s
[659/2208] FED_PBGC_TRUSTEED_PLANS rows=5.2K cols=13 3.8s
[660/2208] PORTAL_CKA_WPRDC_ALLEGHENY_BA28CC40B7 rows=5.1K cols=21 4.1s
[661/2208] PORTAL_CKA_WESTERN_PENNSYLV_93F5DF3D76 rows=5.1K cols=21 4.5s
[662/2208] PORTAL_CKA_ISRAEL_NATIONAL_F1419D1386 rows=5.1K cols=19 5.1s
[663/2208] PORTAL_CKA_HOUSTON_OPEN_DAT_5848C85560 rows=5.1K cols=23 4.2s
[664/2208] PORTAL_CKA_SAN_JOSE_OPEN_DA_794F17EBE2 rows=5.0K cols=19 4.3s
[665/2208] PORTAL_ARC_ATLANTA_DATAATLA_3E6E5804C7 rows=5.0K cols=112 6.2s
[666/2208] PORTAL_CKA_CALIFORNIA_OPEN_5DD35F95D8 rows=5.0K cols=62 5.5s
[667/2208] PORTAL_SOC_UTAH_OPEN_DATA_P_17CB6B615F rows=5.0K cols=31 4.6s
[668/2208] FED_EPA_ENVIROFACTS rows=5.0K cols=17 2.5s
[669/2208] INTL_CH_OPENDATASWISS rows=5.0K cols=27 3.9s
[670/2208] PORTAL_ARC_TUCSON_OPEN_DATA_AD6F34F882 rows=5.0K cols=109 7.1s
[671/2208] PORTAL_SOC_WASHINGTON_STATE_48EEEF5DFC rows=5.0K cols=18 4.6s
[672/2208] FED_USGS_3DEP rows=5.0K cols=34 5.8s
[673/2208] PORTAL_SOC_WASHINGTON_STATE_11CD1995B7 rows=5.0K cols=22 4.5s
[674/2208] FED_USASPENDING_SUBAWARDS rows=5.0K cols=4 2.3s
[675/2208] PORTAL_SOC_UTAH_OPEN_DATA_P_AA199B616A rows=5.0K cols=23 4.3s
[676/2208] PORTAL_SOC_UTAH_OPEN_DATA_P_81A81B1650 rows=5.0K cols=28 5.5s
[677/2208] PORTAL_SOC_UTAH_OPEN_DATA_P_8A9374EA5D rows=5.0K cols=34 4.3s
[678/2208] INTL_GR_DATAGOV rows=5.0K cols=19 3.2s
[679/2208] PORTAL_CKA_INDIANA_DATA_HUB_66A945CF17 rows=5.0K cols=21 5.8s
[680/2208] PORTAL_SOC_CONNECTICUT_OPEN_6BE2302812 rows=5.0K cols=32 5.1s
[681/2208] PORTAL_SOC_UTAH_OPEN_DATA_P_2853122765 rows=5.0K cols=23 3.6s
[682/2208] PORTAL_SOC_UTAH_OPEN_DATA_P_4AD0B626C8 rows=5.0K cols=22 3.0s
[683/2208] PORTAL_SOC_UTAH_OPEN_DATA_P_3CCC1D14AC rows=5.0K cols=28 5.1s
[684/2208] PORTAL_ARC_TUCSON_OPEN_DATA_04EE75BE01 rows=5.0K cols=109 6.8s
[685/2208] INTL_DE_GOVDATA rows=5.0K cols=19 4.0s
[686/2208] PORTAL_SOC_UTAH_OPEN_DATA_P_59E244E1CC rows=5.0K cols=16 3.6s
[687/2208] PORTAL_SOC_UTAH_OPEN_DATA_P_956795DA22 rows=5.0K cols=12 2.9s
[688/2208] PORTAL_SOC_UTAH_OPEN_DATA_P_58A8494EEA rows=5.0K cols=13 2.9s
[689/2208] PORTAL_SOC_UTAH_OPEN_DATA_P_124AD2A7E9 rows=5.0K cols=16 3.6s
[690/2208] PORTAL_SOC_UTAH_OPEN_DATA_P_4B47FCCAE8 rows=5.0K cols=12 3.6s
[691/2208] PORTAL_CKA_OPEN_DATA_SA_C12D73F01D rows=5.0K cols=11 3.7s
[692/2208] FED_TREASURY_AVG_INTEREST_RATES rows=5.0K cols=14 3.0s
[693/2208] XC_OWID_HOMICIDE rows=4.9K cols=8 3.7s
[694/2208] PORTAL_CKA_VIRGINIA_OPEN_DA_FC2228A15B rows=4.9K cols=16 5.0s
[695/2208] PORTAL_CKA_CALIFORNIA_OPEN_C19A7C8625 rows=4.9K cols=193 7.5s
[696/2208] PORTAL_CKA_ISRAEL_NATIONAL_6A3DEC66CA rows=4.8K cols=14 3.1s
[697/2208] PORTAL_CKA_INDIANA_DATA_HUB_E1074F0714 rows=4.8K cols=5 2.9s
[698/2208] PORTAL_CKA_TAMPA_OPEN_DATA_35B3415BB7 rows=4.8K cols=13 3.2s
[699/2208] FED_FJC_SERVICE rows=4.8K cols=33 4.2s
[700/2208] PORTAL_CKA_INDIANA_DATA_HUB_78F3E49D13 rows=4.7K cols=17 4.9s
[701/2208] PORTAL_CKA_HOUSTON_OPEN_DAT_BC15145E45 rows=4.7K cols=17 2.8s
[702/2208] FED_CFTC_COT_FINANCIAL_HIST rows=4.6K cols=90 6.6s
[703/2208] PORTAL_CKA_CALIFORNIA_OPEN_782F060364 rows=4.6K cols=10 6.3s
[704/2208] PORTAL_CKA_WESTERN_PENNSYLV_6F8489E18F rows=4.5K cols=22 4.2s
[705/2208] PORTAL_CKA_WPRDC_ALLEGHENY_65D88E2BEF rows=4.5K cols=22 4.2s
[706/2208] PORTAL_CKA_SAN_JOSE_OPEN_DA_5F864A8799 rows=4.5K cols=25 4.7s
[707/2208] PORTAL_CKA_VIRGINIA_OPEN_DA_97AD4BC66C rows=4.5K cols=35 5.3s
[708/2208] PORTAL_SOC_UTAH_OPEN_DATA_P_589CC47A29 rows=4.4K cols=39 6.3s
[709/2208] FED_EIA860_6_2_ENVIROEQUIP rows=4.4K cols=52 5.0s
[710/2208] PORTAL_CKA_OKLAHOMA_OPEN_DA_017A35122C rows=4.3K cols=11 4.3s
[711/2208] FED_NCUA_CALL_REPORTS_FOICU rows=4.3K cols=31 4.0s
[712/2208] FED_NCUA_CALL_REPORTS_FS220 rows=4.3K cols=249 5.8s
[713/2208] PORTAL_CKA_HOUSTON_OPEN_DAT_76E445329F rows=4.3K cols=25 4.0s
[714/2208] FED_NCUA_FEDERALLY_INSURED_CU_LIST rows=4.2K cols=26 4.8s
[715/2208] FED_FINRA_MPID_LIST rows=4.2K cols=12 2.1s
[716/2208] PORTAL_CKA_OKLAHOMA_OPEN_DA_6B2F35D72C rows=4.2K cols=9 3.3s
[717/2208] PORTAL_CKA_SAN_JOSE_OPEN_DA_CF566B299B rows=4.2K cols=15 4.0s
[718/2208] PORTAL_CKA_INDIANA_DATA_HUB_56BFD51405 rows=4.2K cols=28 6.1s
[719/2208] FED_FDIC_FAILED_BANKS rows=4.1K cols=42 4.7s
[720/2208] TX_LOBBY_GIFTS rows=4.1K cols=31 4.6s
[721/2208] FED_FJC_ARTICLE_III_JUDGES rows=4.1K cols=204 7.4s
[722/2208] FED_FJC_JUDGES rows=4.1K cols=204 7.3s
[723/2208] FED_MEDSL_SENATE_RETURNS rows=3.9K cols=22 4.9s
[724/2208] PORTAL_CKA_VIRGINIA_OPEN_DA_5AB7CD31BF rows=3.9K cols=10 3.6s
[725/2208] PORTAL_CKA_CALIFORNIA_OPEN_89F906DC75 rows=3.9K cols=21 5.1s
[726/2208] FED_CONGRESS_COMMITTEE_MEMBERSHIP rows=3.9K cols=11 2.2s
[727/2208] PORTAL_CKA_ISRAEL_NATIONAL_07EC1AF377 rows=3.9K cols=11 3.3s
[728/2208] PORTAL_CKA_ISRAEL_NATIONAL_05CD5564C6 rows=3.8K cols=24 4.1s
[729/2208] FED_HUD_PUBLIC_HOUSING_AUTHORITIES rows=3.8K cols=109 5.2s
[730/2208] PORTAL_CKA_ANALYZE_BOSTON_ACCA0DF381 rows=3.8K cols=34 5.1s
[731/2208] FED_MEDSL_PRESIDENT_RETURNS rows=3.7K cols=17 4.1s
[732/2208] TX_LOBBY_TRANSPORTATION rows=3.7K cols=44 4.3s
[733/2208] PORTAL_CKA_ANALYZE_BOSTON_C1B203DC0A rows=3.6K cols=29 4.7s
[734/2208] PORTAL_CKA_OPEN_DATA_SA_424E5A26F3 rows=3.6K cols=16 4.6s
[735/2208] PORTAL_CKA_SAN_JOSE_OPEN_DA_9BCCE40A0F rows=3.6K cols=17 3.9s
[736/2208] FED_FAA_ADIP_PRIVATE_AIRPORTS rows=3.6K cols=9 3.7s
[737/2208] INTL_AR_DATOSGOB rows=3.6K cols=18 4.6s
[738/2208] PORTAL_CKA_HOUSTON_OPEN_DAT_0A6665137F rows=3.5K cols=72 3.7s
[739/2208] PORTAL_CKA_HOUSTON_OPEN_DAT_442A765041 rows=3.5K cols=6 3.3s
[740/2208] PORTAL_CKA_HOUSTON_OPEN_DAT_501EE45DC7 rows=3.5K cols=30 4.4s
[741/2208] PORTAL_CKA_HOUSTON_OPEN_DAT_583918009F rows=3.5K cols=12 2.8s
[742/2208] PORTAL_CKA_HOUSTON_OPEN_DAT_092DC52BC1 rows=3.5K cols=54 2.9s
[743/2208] PORTAL_CKA_HOUSTON_OPEN_DAT_4DF426D97D rows=3.5K cols=32 2.9s
[744/2208] PORTAL_CKA_HOUSTON_OPEN_DAT_6082321C0C rows=3.5K cols=22 3.3s
[745/2208] PORTAL_CKA_HOUSTON_OPEN_DAT_95CC6891BD rows=3.5K cols=10 2.4s
[746/2208] PORTAL_CKA_HOUSTON_OPEN_DAT_AEFB1B6A56 rows=3.5K cols=7 2.5s
[747/2208] PORTAL_CKA_HOUSTON_OPEN_DAT_EBCDF36B9E rows=3.5K cols=32 2.9s
[748/2208] PORTAL_CKA_HOUSTON_OPEN_DAT_405FBDB44A rows=3.5K cols=26 2.9s
[749/2208] PORTAL_CKA_IRELAND_NATIONAL_DC8E6F93C3 rows=3.5K cols=13 3.3s
[750/2208] PORTAL_CKA_CALIFORNIA_OPEN_A8C3CED685 rows=3.5K cols=11 4.0s
[751/2208] PORTAL_CKA_TAMPA_OPEN_DATA_710A91A2FD rows=3.5K cols=13 4.2s
[752/2208] PORTAL_CKA_WPRDC_ALLEGHENY_1C103EE2CD rows=3.4K cols=18 5.8s
[753/2208] PORTAL_CKA_WESTERN_PENNSYLV_23B8B5B7D2 rows=3.4K cols=18 4.4s
[754/2208] FED_EIA861_FRAME rows=3.4K cols=24 2.4s
[755/2208] FED_VOTEVIEW_ROLLCALL_META rows=3.4K cols=21 4.6s
[756/2208] FED_COURTLISTENER_COURTS rows=3.4K cols=23 4.4s
[757/2208] FED_COURTLISTENER_COURTHOUSES rows=3.4K cols=14 2.4s
[758/2208] PORTAL_CKA_ANALYZE_BOSTON_5DD692715C rows=3.3K cols=17 3.9s
[759/2208] XC_CENSUS_CB_COUNTY ERROR 100039 (22003): Numeric value '56643299' is out of range
[760/2208] FED_USCIS_DATA rows=3.2K cols=19 1.7s
[761/2208] PORTAL_CKA_CALIFORNIA_OPEN_E87D6ED57D rows=3.2K cols=143 6.9s
[762/2208] PORTAL_CKA_SAN_JOSE_OPEN_DA_FAAD5A2133 rows=3.2K cols=28 4.5s
[763/2208] PORTAL_ARC_TUCSON_OPEN_DATA_40615E7B14 rows=3.2K cols=107 6.1s
[764/2208] TX_LOBBY_EVENTS rows=3.1K cols=35 3.6s
[765/2208] PORTAL_ARC_TUCSON_OPEN_DATA_B15AE2B075 rows=3.1K cols=107 11.1s
[766/2208] PORTAL_CKA_IRELAND_NATIONAL_7B813F1D72 rows=3.1K cols=14 5.9s
[767/2208] FED_CMS_MEDICARE_INPATIENT_HOSPITALS_BY_PROVIDER rows=3.0K cols=59 5.5s
[768/2208] PORTAL_CKA_CALIFORNIA_OPEN_A6FC6EE30B rows=3.0K cols=22 4.3s
[769/2208] PORTAL_CKA_TAMPA_OPEN_DATA_08860F4F6E rows=3.0K cols=13 2.8s
[770/2208] PORTAL_CKA_ISRAEL_NATIONAL_ED3DF4543B rows=3.0K cols=22 4.4s
[771/2208] PORTAL_CKA_SAN_JOSE_OPEN_DA_B5470E08FD rows=3.0K cols=13 5.5s
[772/2208] FED_ICIJ_OFFSHORELEAKS_OTHERS rows=3.0K cols=16 4.2s
[773/2208] PORTAL_CKA_WESTERN_PENNSYLV_C87FA1C650 rows=2.9K cols=39 4.7s
[774/2208] PORTAL_CKA_WPRDC_ALLEGHENY_4E7D1F0FEA rows=2.9K cols=39 4.6s
[775/2208] PORTAL_CKA_OKLAHOMA_OPEN_DA_B1C8714A03 rows=2.9K cols=53 5.9s
[776/2208] PORTAL_CKA_WPRDC_ALLEGHENY_4597FBDFE3 rows=2.9K cols=13 3.8s
[777/2208] PORTAL_CKA_WESTERN_PENNSYLV_769BEBAE41 rows=2.9K cols=13 3.2s
[778/2208] FED_EIA860_3_5_MULTIFUEL rows=2.9K cols=42 6.8s
[779/2208] INTL_ISO_MIC_REGISTRY rows=2.9K cols=20 4.2s
[780/2208] PORTAL_CKA_ISRAEL_NATIONAL_12C20CDAC2 rows=2.9K cols=13 3.7s
[781/2208] TX_LOBBY_ENTERTAINMENT rows=2.8K cols=38 7.6s
[782/2208] FED_EIA861_SALES_ULT_CUST rows=2.8K cols=27 7.0s
[783/2208] FED_VA_ALLCAUSE_MORTALITY rows=2.8K cols=15 3.8s
[784/2208] PORTAL_CKA_OKLAHOMA_OPEN_DA_67DC405EE6 rows=2.8K cols=11 4.0s
[785/2208] INTL_FR_DATA_GOUV rows=2.8K cols=31 5.1s
[786/2208] FED_EIA861_ADVANCED_METERS rows=2.7K cols=50 5.8s
[787/2208] INTL_FREEDOMHOUSE rows=2.7K cols=47 3.3s
[788/2208] PORTAL_CKA_SAN_JOSE_OPEN_DA_390A683A1F rows=2.6K cols=12 3.3s
[789/2208] PORTAL_CKA_ISRAEL_NATIONAL_6FA4DE9040 rows=2.6K cols=32 5.3s
[790/2208] PORTAL_CKA_ANALYZE_BOSTON_DB1AEFD5B6 rows=2.6K cols=31 6.3s
[791/2208] FED_IRS_EO_PR rows=2.6K cols=31 5.6s
[792/2208] PORTAL_CKA_ISRAEL_NATIONAL_44788840FC rows=2.6K cols=14 3.7s
[793/2208] FED_FDA_GUDID rows=2.5K cols=4 11.7s
[794/2208] XC_WAYBACK_REPLAY_DOJ_DEEP_PAGES rows=2.5K cols=4 2.0s
[795/2208] PORTAL_SOC_WASHINGTON_STATE_0DAE4A9B61 rows=2.5K cols=32 3.5s
[796/2208] FED_USGS_WBD_HUC8 rows=2.5K cols=19 3.9s
[797/2208] PORTAL_SOC_COLORADO_INFORMA_4BAD70F01F rows=2.5K cols=31 4.8s
[798/2208] FED_IRS_SOI_CHARITIES rows=2.5K cols=31 6.1s
[799/2208] PORTAL_CKA_SAN_JOSE_OPEN_DA_D35D991FBA rows=2.4K cols=21 4.4s
[800/2208] PORTAL_CKA_OPEN_DATA_SA_6CE5E8B218 rows=2.4K cols=18 4.9s
[801/2208] PORTAL_SOC_UTAH_OPEN_DATA_P_289C31329B rows=2.4K cols=116 6.0s
[802/2208] PORTAL_CKA_TAMPA_OPEN_DATA_9909AA9ED8 rows=2.4K cols=13 3.2s
[803/2208] XC_OWID_GINI rows=2.4K cols=8 2.2s
[804/2208] PORTAL_CKA_CALIFORNIA_OPEN_AD71D0FFDE rows=2.4K cols=16 5.1s
[805/2208] PORTAL_CKA_CALIFORNIA_OPEN_67A021FADC rows=2.4K cols=16 5.1s
[806/2208] PORTAL_CKA_ISRAEL_NATIONAL_973EEE3E46 rows=2.4K cols=42 4.6s
[807/2208] FED_ED_NCES_CIP_CODES rows=2.3K cols=11 1.9s
[808/2208] XC_OWID_CPI rows=2.3K cols=8 1.8s
[809/2208] PORTAL_CKA_HOUSTON_OPEN_DAT_824D8A7B02 rows=2.3K cols=9 4.1s
[810/2208] PORTAL_CKA_ISRAEL_NATIONAL_E3D369B05F rows=2.3K cols=19 4.1s
[811/2208] PORTAL_CKA_CALIFORNIA_OPEN_B100823F62 rows=2.3K cols=28 4.9s
[812/2208] PORTAL_CKA_SAN_JOSE_OPEN_DA_32AED231B0 rows=2.3K cols=31 4.3s
[813/2208] FED_FDA_PURPLE_BOOK rows=2.2K cols=31 4.2s
[814/2208] PORTAL_ARC_TUCSON_OPEN_DATA_CF31C19A20 rows=2.2K cols=107 5.9s
[815/2208] PORTAL_CKA_OKLAHOMA_OPEN_DA_082D7A8847 rows=2.2K cols=54 6.2s
[816/2208] PORTAL_CKA_WPRDC_ALLEGHENY_C96164A13D rows=2.2K cols=13 5.4s
[817/2208] PORTAL_CKA_WESTERN_PENNSYLV_9EF4C60F58 rows=2.2K cols=13 5.3s
[818/2208] PORTAL_CKA_HOUSTON_OPEN_DAT_07C9C99EB1 rows=2.2K cols=13 5.7s
[819/2208] PORTAL_CKA_WPRDC_ALLEGHENY_8F9481CFA8 rows=2.2K cols=17 5.5s
[820/2208] PORTAL_CKA_WESTERN_PENNSYLV_7C5012DB2A rows=2.2K cols=17 6.8s
[821/2208] PORTAL_CKA_ISRAEL_NATIONAL_BD42818FC5 rows=2.1K cols=15 3.7s
[822/2208] FED_EPA_SUPERFUND_SITE_BOUNDARIES rows=2.1K cols=35 5.1s
[823/2208] PORTAL_CKA_WPRDC_ALLEGHENY_9BB7597D03 rows=2.1K cols=8 2.9s
[824/2208] PORTAL_CKA_WESTERN_PENNSYLV_11AEBE4994 rows=2.1K cols=8 3.2s
[825/2208] PORTAL_CKA_SAN_JOSE_OPEN_DA_7B1A49B2AC rows=2.1K cols=18 4.4s
[826/2208] PORTAL_CKA_HOUSTON_OPEN_DAT_1E1227F82A rows=2.0K cols=9 2.6s
[827/2208] XC_GUTTMACHER_MONTHLY_ABORTION rows=2.0K cols=11 3.7s
[828/2208] FED_PHMSA_FLAGGED_INCIDENTS rows=2.0K cols=627 13.5s
[829/2208] FED_COURTLISTENER_DISCLOSURE_GIFTS rows=2.0K cols=11 4.6s
[830/2208] PORTAL_SOC_UTAH_OPEN_DATA_P_6DEEE0BF03 rows=2.0K cols=99 6.8s
[831/2208] PORTAL_ARC_KENTUCKY_OPEN_GI_2A1893FE0B rows=2.0K cols=46 6.5s
[832/2208] INTL_HUDOC rows=2.0K cols=21 3.1s
[833/2208] PORTAL_ARC_ATLANTA_DATAATLA_FB2953F9B7 rows=2.0K cols=112 5.7s
[834/2208] PORTAL_ARC_LA_COUNTY_OPEN_D_2E79EB67C8 rows=2.0K cols=32 4.9s
[835/2208] PORTAL_ARC_TUCSON_OPEN_DATA_4FB5EA68FC rows=2.0K cols=77 6.9s
[836/2208] PORTAL_ARC_TUCSON_OPEN_DATA_DB600D27AE rows=2.0K cols=77 6.5s
[837/2208] PORTAL_SOC_CHICAGO_DATA_POR_1719DAE821 rows=2.0K cols=29 5.5s
[838/2208] PORTAL_SOC_COLORADO_INFORMA_6BE19A7323 rows=2.0K cols=15 3.0s
[839/2208] PORTAL_SOC_SF_OPENDATA_DATA_79618299A6 rows=2.0K cols=41 4.3s
[840/2208] PORTAL_SOC_TEXAS_OPEN_DATA_A124DC2A11 rows=2.0K cols=44 3.9s
[841/2208] PORTAL_SOC_COLORADO_INFORMA_E80CA7800E rows=2.0K cols=77 6.7s
[842/2208] PORTAL_ARC_TUCSON_OPEN_DATA_B77E902275 rows=2.0K cols=79 5.5s
[843/2208] PORTAL_SOC_COLORADO_INFORMA_0637BE3AAC rows=2.0K cols=15 2.7s
[844/2208] PORTAL_SOC_COLORADO_INFORMA_239FBA8B76 rows=2.0K cols=18 5.7s
[845/2208] PORTAL_SOC_COLORADO_INFORMA_F9498D9B7F rows=2.0K cols=24 4.2s
[846/2208] PORTAL_SOC_CONNECTICUT_OPEN_FF2B86A533 rows=2.0K cols=40 7.4s
[847/2208] PORTAL_SOC_UTAH_OPEN_DATA_P_52003D36F8 rows=2.0K cols=13 4.1s
[848/2208] PORTAL_SOC_SEATTLE_OPEN_DAT_C8F2072189 rows=2.0K cols=16 3.4s
[849/2208] PORTAL_ARC_TUCSON_OPEN_DATA_CDD4037DF8 rows=2.0K cols=101 6.6s
[850/2208] PORTAL_SOC_COLORADO_INFORMA_46101BE391 rows=2.0K cols=16 4.0s
[851/2208] PORTAL_SOC_CONNECTICUT_OPEN_6CDD9E3A6E rows=2.0K cols=20 4.0s
[852/2208] PORTAL_SOC_DATALA_LOS_ANGEL_A94A3A65BD rows=2.0K cols=8 4.4s
[853/2208] PORTAL_SOC_NEW_YORK_STATE_O_C08EFA40C8 rows=2.0K cols=22 5.0s
[854/2208] PORTAL_SOC_UTAH_OPEN_DATA_P_2F94947455 rows=2.0K cols=26 3.2s
[855/2208] PORTAL_SOC_TEXAS_OPEN_DATA_91F1C8D27D rows=2.0K cols=12 3.9s
[856/2208] FED_ATF_FFL_LOCATIONS rows=2.0K cols=95 6.2s
[857/2208] PORTAL_ARC_OPEN_DATA_MINNEA_6CDCE692AA rows=2.0K cols=24 4.7s
[858/2208] PORTAL_ARC_TN_DATA_TENNESSE_32A03713CF rows=2.0K cols=45 4.7s
[859/2208] PORTAL_ARC_LOUISVILLE_OPEN_F2B7CA4B76 rows=2.0K cols=19 4.5s
[860/2208] PORTAL_ARC_NEW_MEXICO_OPEN_FC7AADE1B3 rows=2.0K cols=29 4.6s
[861/2208] PORTAL_ARC_OPEN_DATA_MINNEA_5381AC03F1 rows=2.0K cols=71 5.0s
[862/2208] PORTAL_ARC_TUCSON_OPEN_DATA_4B31591F91 rows=2.0K cols=83 6.6s
[863/2208] PORTAL_ARC_TUCSON_OPEN_DATA_A40FB2876B rows=2.0K cols=78 5.9s
[864/2208] PORTAL_ARC_TUCSON_OPEN_DATA_AD408FDF6D rows=2.0K cols=78 6.5s
[865/2208] PORTAL_ARC_TUCSON_OPEN_DATA_F970BAADB3 rows=2.0K cols=81 5.6s
[866/2208] PORTAL_SOC_UTAH_OPEN_DATA_P_F10F70DE47 rows=2.0K cols=38 5.5s
[867/2208] PORTAL_SOC_UTAH_OPEN_DATA_P_6E687D44E0 rows=2.0K cols=19 5.0s
[868/2208] PORTAL_ARC_TUCSON_OPEN_DATA_726A6C58E2 rows=2.0K cols=206 7.8s
[869/2208] PORTAL_SOC_CONNECTICUT_OPEN_421E7F6A7E rows=2.0K cols=11 4.4s
[870/2208] PORTAL_SOC_NEW_YORK_STATE_O_DF2D96A77F rows=2.0K cols=13 3.4s
[871/2208] PORTAL_SOC_TEXAS_OPEN_DATA_5410A1009F rows=2.0K cols=22 5.8s
[872/2208] PORTAL_SOC_UTAH_OPEN_DATA_P_0F31165E86 rows=2.0K cols=13 3.2s
[873/2208] PORTAL_SOC_UTAH_OPEN_DATA_P_5822AAEE01 rows=2.0K cols=26 3.9s
[874/2208] PORTAL_SOC_UTAH_OPEN_DATA_P_ACB06F036D rows=2.0K cols=26 4.7s
[875/2208] PORTAL_SOC_CONNECTICUT_OPEN_88B075D7AF rows=2.0K cols=38 5.6s
[876/2208] PORTAL_ARC_OPEN_DATA_MINNEA_1AD7E106E4 rows=2.0K cols=24 5.2s
[877/2208] PORTAL_ARC_OPEN_DATA_MINNEA_5AC94C44DA rows=2.0K cols=24 4.7s
[878/2208] PORTAL_ARC_OPEN_DATA_RALEIG_DF19DCBB03 rows=2.0K cols=190 7.7s
[879/2208] PORTAL_ARC_TUCSON_OPEN_DATA_289E71C579 rows=2.0K cols=78 5.4s
[880/2208] PORTAL_ARC_TUCSON_OPEN_DATA_3D7C82E432 rows=2.0K cols=78 5.9s
[881/2208] PORTAL_ARC_TUCSON_OPEN_DATA_5B985CBFB5 rows=2.0K cols=78 7.5s
[882/2208] PORTAL_ARC_TUCSON_OPEN_DATA_688A84DDBF rows=2.0K cols=85 6.4s
[883/2208] PORTAL_ARC_TUCSON_OPEN_DATA_7B6232F22D rows=2.0K cols=78 5.7s
[884/2208] PORTAL_ARC_TUCSON_OPEN_DATA_BADE778B92 rows=2.0K cols=78 5.7s
[885/2208] PORTAL_ARC_TUCSON_OPEN_DATA_8AB8EAF3DF rows=2.0K cols=127 6.6s
[886/2208] PORTAL_SOC_UTAH_OPEN_DATA_P_7A3C73B2FD rows=2.0K cols=96 6.2s
[887/2208] PORTAL_SOC_CHICAGO_DATA_POR_26DE83BAF4 rows=2.0K cols=30 10.6s
[888/2208] PORTAL_SOC_CHICAGO_DATA_POR_51304D7360 rows=2.0K cols=28 6.5s
[889/2208] PORTAL_SOC_COLORADO_INFORMA_9224CC38D4 rows=2.0K cols=10 3.2s
[890/2208] PORTAL_SOC_COLORADO_INFORMA_F0E162D7A8 rows=2.0K cols=17 5.7s
[891/2208] PORTAL_SOC_NEW_YORK_STATE_O_7B6EACD070 rows=2.0K cols=13 2.8s
[892/2208] PORTAL_SOC_OREGON_OPEN_DATA_E338C547C2 rows=2.0K cols=15 3.1s
[893/2208] PORTAL_SOC_TEXAS_OPEN_DATA_354E3ABF4F rows=2.0K cols=48 6.2s
[894/2208] PORTAL_SOC_CONNECTICUT_OPEN_9A34CD28AE rows=2.0K cols=107 5.3s
[895/2208] PORTAL_SOC_UTAH_OPEN_DATA_P_103F7D641F rows=2.0K cols=66 6.7s
[896/2208] PORTAL_ARC_LOUISVILLE_OPEN_4654B3D9BA rows=2.0K cols=20 4.1s
[897/2208] PORTAL_SOC_UTAH_OPEN_DATA_P_D903A6FE0D rows=2.0K cols=24 5.2s
[898/2208] PORTAL_ARC_ATLANTA_DATAATLA_D70207FA18 rows=2.0K cols=23 5.4s
[899/2208] PORTAL_ARC_LA_COUNTY_OPEN_D_1A6706943D rows=2.0K cols=45 6.4s
[900/2208] PORTAL_ARC_TUCSON_OPEN_DATA_C92A89BB0D rows=2.0K cols=78 5.5s
[901/2208] PORTAL_ARC_TUCSON_OPEN_DATA_C1ADDCDDD2 rows=2.0K cols=15 4.0s
[902/2208] PORTAL_SOC_CHICAGO_DATA_POR_1CA267A903 rows=2.0K cols=21 4.0s
[903/2208] PORTAL_SOC_COLORADO_INFORMA_A50DA9B699 rows=2.0K cols=20 4.1s
[904/2208] PORTAL_ARC_ATLANTA_DATAATLA_DDCDF8F47F rows=2.0K cols=34 4.8s
[905/2208] PORTAL_SOC_TEXAS_OPEN_DATA_B4FDC1DC58 rows=2.0K cols=16 2.8s
[906/2208] PORTAL_SOC_UTAH_OPEN_DATA_P_18582DDC54 rows=2.0K cols=28 4.8s
[907/2208] PORTAL_SOC_UTAH_OPEN_DATA_P_4EBA247771 rows=2.0K cols=23 3.8s
[908/2208] PORTAL_SOC_UTAH_OPEN_DATA_P_55EF6EF0C6 rows=2.0K cols=13 3.6s
[909/2208] PORTAL_SOC_UTAH_OPEN_DATA_P_B21F81E6F9 rows=2.0K cols=28 4.5s
[910/2208] PORTAL_SOC_UTAH_OPEN_DATA_P_E801B0732D rows=2.0K cols=28 4.6s
[911/2208] PORTAL_SOC_UTAH_OPEN_DATA_P_AA0AB39DEE rows=2.0K cols=28 5.5s
[912/2208] PORTAL_ARC_OPEN_DATA_MINNEA_4C5820FD0A rows=2.0K cols=24 5.3s
[913/2208] PORTAL_ARC_KENTUCKY_OPEN_GI_23E8E1668C rows=2.0K cols=35 4.7s
[914/2208] PORTAL_ARC_OPEN_DATA_MINNEA_09E3680FD2 rows=2.0K cols=24 4.3s
[915/2208] PORTAL_ARC_TUCSON_OPEN_DATA_057C5355E3 rows=2.0K cols=86 5.4s
[916/2208] PORTAL_ARC_NEW_MEXICO_OPEN_3382D9F21E rows=2.0K cols=199 8.0s
[917/2208] PORTAL_ARC_ATLANTA_DATAATLA_05328F7540 rows=2.0K cols=23 5.4s
[918/2208] PORTAL_SOC_PA_OPEN_DATA_POR_CD66682741 rows=2.0K cols=110 6.7s
[919/2208] PORTAL_SOC_TEXAS_OPEN_DATA_38B5253053 rows=2.0K cols=16 3.1s
[920/2208] PORTAL_SOC_UTAH_OPEN_DATA_P_4C3C656C61 rows=2.0K cols=19 4.3s
[921/2208] PORTAL_SOC_UTAH_OPEN_DATA_P_5EF25AF42C rows=2.0K cols=24 4.0s
[922/2208] PORTAL_ARC_NEW_MEXICO_OPEN_6E34862F8D rows=2.0K cols=174 6.9s
[923/2208] PORTAL_ARC_HARRIS_COUNTY_OP_D248A81CD8 rows=2.0K cols=91 6.1s
[924/2208] PORTAL_SOC_UTAH_OPEN_DATA_P_990C78C284 rows=2.0K cols=38 4.2s
[925/2208] PORTAL_ARC_OPEN_DATA_HARTFO_8A24EA33E4 rows=2.0K cols=19 4.2s
[926/2208] PORTAL_ARC_TN_DATA_TENNESSE_6321C469FE rows=2.0K cols=43 5.2s
[927/2208] PORTAL_ARC_TUCSON_OPEN_DATA_44F7648869 rows=2.0K cols=78 5.7s
[928/2208] PORTAL_ARC_TUCSON_OPEN_DATA_89DF24D316 rows=2.0K cols=93 5.8s
[929/2208] PORTAL_ARC_OPEN_DATA_DC_43DCBD8BE3 rows=2.0K cols=91 6.0s
[930/2208] PORTAL_SOC_COLOMBIA_NATIONA_3C8F38B720 rows=2.0K cols=12 3.0s
[931/2208] PORTAL_SOC_TEXAS_OPEN_DATA_6F798A64FA rows=2.0K cols=13 3.2s
[932/2208] PORTAL_SOC_UTAH_OPEN_DATA_P_F8E4EC438D rows=2.0K cols=23 3.9s
[933/2208] PORTAL_ARC_TUCSON_OPEN_DATA_90CC86DC8C rows=2.0K cols=78 6.0s
[934/2208] PORTAL_SOC_COLORADO_INFORMA_B4DD509314 rows=2.0K cols=47 5.6s
[935/2208] PORTAL_ARC_TUCSON_OPEN_DATA_6A79648A77 rows=2.0K cols=74 6.4s
[936/2208] PORTAL_SOC_NEW_YORK_STATE_O_4A5291BE83 rows=2.0K cols=15 3.3s
[937/2208] PORTAL_SOC_NEW_YORK_STATE_O_EFF72C4402 rows=2.0K cols=49 6.5s
[938/2208] PORTAL_SOC_TEXAS_OPEN_DATA_28E2F49084 rows=2.0K cols=12 3.2s
[939/2208] PORTAL_ARC_TN_DATA_TENNESSE_A88FF7D84F rows=2.0K cols=41 5.0s
[940/2208] PORTAL_SOC_UTAH_OPEN_DATA_P_7105312F13 rows=2.0K cols=17 4.9s
[941/2208] FED_DOL_OFCCP_CSAL rows=2.0K cols=10 2.3s
[942/2208] PORTAL_ARC_TUCSON_OPEN_DATA_FA71372C44 rows=2.0K cols=79 5.4s
[943/2208] PORTAL_SOC_UTAH_OPEN_DATA_P_F7CB1E8C0D rows=2.0K cols=37 4.6s
[944/2208] PORTAL_ARC_OPEN_DATA_DC_74D9616143 rows=2.0K cols=80 5.9s
[945/2208] PORTAL_SOC_TEXAS_OPEN_DATA_4D3A5EED0F rows=2.0K cols=18 3.9s
[946/2208] PORTAL_SOC_COLORADO_INFORMA_1CF33FB763 rows=2.0K cols=27 3.2s
[947/2208] PORTAL_SOC_DATALA_LOS_ANGEL_361B8161B7 rows=2.0K cols=25 3.6s
[948/2208] PORTAL_SOC_NEW_YORK_STATE_O_1C387B0AE6 rows=2.0K cols=8 2.3s
[949/2208] PORTAL_SOC_NEW_YORK_STATE_O_A677772945 rows=2.0K cols=16 3.5s
[950/2208] PORTAL_SOC_OPEN_DATA_BR_21BB19A94A rows=2.0K cols=15 2.8s
[951/2208] PORTAL_SOC_TEXAS_OPEN_DATA_24C81C0C8A rows=2.0K cols=17 2.4s
[952/2208] PORTAL_ARC_LA_COUNTY_OPEN_D_E6A4C1D69B rows=2.0K cols=28 5.2s
[953/2208] PORTAL_ARC_TUCSON_OPEN_DATA_664D252729 rows=2.0K cols=79 5.8s
[954/2208] PORTAL_SOC_OPEN_DATA_BR_6083BC2934 rows=2.0K cols=54 4.6s
[955/2208] PORTAL_ARC_HARRIS_COUNTY_OP_8CE538DBE3 rows=2.0K cols=124 6.0s
[956/2208] PORTAL_ARC_NEW_HAMPSHIRE_GE_6731F28D87 rows=2.0K cols=65 5.5s
[957/2208] PORTAL_ARC_TUCSON_OPEN_DATA_7672DB717A rows=2.0K cols=94 5.4s
[958/2208] PORTAL_ARC_TUCSON_OPEN_DATA_82607FBFC9 rows=2.0K cols=74 5.7s
[959/2208] PORTAL_ARC_TUCSON_OPEN_DATA_A94D7DFBCF rows=2.0K cols=78 5.7s
[960/2208] PORTAL_SOC_UTAH_OPEN_DATA_P_F023097D74 rows=2.0K cols=29 4.1s
[961/2208] PORTAL_SOC_UTAH_OPEN_DATA_P_C3B6301825 rows=2.0K cols=26 4.3s
[962/2208] PORTAL_ARC_HARRIS_COUNTY_OP_B86519B42D rows=2.0K cols=41 5.2s
[963/2208] PORTAL_SOC_UTAH_OPEN_DATA_P_AD1173EDF2 rows=2.0K cols=24 3.4s
[964/2208] PORTAL_ARC_LA_COUNTY_OPEN_D_75836D970C rows=2.0K cols=16 4.3s
[965/2208] PORTAL_ARC_TUCSON_OPEN_DATA_81514E21D3 rows=2.0K cols=74 6.0s
[966/2208] PORTAL_SOC_DATALA_LOS_ANGEL_DC3670AFE1 rows=2.0K cols=24 3.5s
[967/2208] PORTAL_SOC_TEXAS_OPEN_DATA_A415622C5D rows=2.0K cols=36 4.2s
[968/2208] PORTAL_ARC_OPEN_DATA_DC_9A20CE1FC5 rows=2.0K cols=56 3.8s
[969/2208] PORTAL_ARC_HARRIS_COUNTY_OP_2D6F9D0DA7 rows=2.0K cols=40 4.6s
[970/2208] PORTAL_ARC_TUCSON_OPEN_DATA_70CEDCB206 rows=2.0K cols=78 5.4s
[971/2208] PORTAL_ARC_LA_COUNTY_OPEN_D_A77E98386F rows=2.0K cols=28 4.0s
[972/2208] PORTAL_ARC_TUCSON_OPEN_DATA_B8BE43CF1C rows=2.0K cols=77 6.4s
[973/2208] PORTAL_ARC_OPEN_DATA_RALEIG_EFBB617010 rows=2.0K cols=179 7.7s
[974/2208] PORTAL_ARC_WAKE_COUNTY_OPEN_4B425FD089 rows=2.0K cols=103 6.3s
[975/2208] PORTAL_SOC_TEXAS_OPEN_DATA_DA657010B1 rows=2.0K cols=20 3.2s
[976/2208] PORTAL_ARC_ATLANTA_DATAATLA_32BD015354 rows=2.0K cols=23 5.0s
[977/2208] PORTAL_ARC_TUCSON_OPEN_DATA_81EB8BA37C rows=2.0K cols=124 6.8s
[978/2208] PORTAL_ARC_HARRIS_COUNTY_OP_B7635629A1 rows=2.0K cols=51 4.5s
[979/2208] PORTAL_ARC_TN_DATA_TENNESSE_B3E1127384 rows=2.0K cols=27 5.6s
[980/2208] PORTAL_ARC_TUCSON_OPEN_DATA_BDA54FB1D9 rows=2.0K cols=91 5.8s
[981/2208] PORTAL_ARC_LA_COUNTY_OPEN_D_1EDD056661 rows=2.0K cols=64 5.5s
[982/2208] PORTAL_ARC_TUCSON_OPEN_DATA_65984ADFBA rows=2.0K cols=81 5.4s
[983/2208] PORTAL_ARC_TUCSON_OPEN_DATA_821C8A43B1 rows=2.0K cols=100 5.6s
[984/2208] PORTAL_ARC_TUCSON_OPEN_DATA_EE2E5DB309 rows=2.0K cols=78 6.2s
[985/2208] PORTAL_ARC_TUCSON_OPEN_DATA_F9376D5072 rows=2.0K cols=66 8.3s
[986/2208] PORTAL_ARC_TUCSON_OPEN_DATA_F5DCF594AF rows=2.0K cols=83 6.5s
[987/2208] PORTAL_SOC_UTAH_OPEN_DATA_P_327D0E821D rows=2.0K cols=22 3.0s
[988/2208] PORTAL_SOC_UTAH_OPEN_DATA_P_D5F7CA2621 rows=2.0K cols=114 5.9s
[989/2208] PORTAL_SOC_OREGON_OPEN_DATA_072D0C4A94 rows=2.0K cols=34 3.7s
[990/2208] PORTAL_ARC_LOUISVILLE_OPEN_B5DAB97E2B rows=2.0K cols=21 2.9s
[991/2208] PORTAL_SOC_CONNECTICUT_OPEN_AEB46F6C94 rows=2.0K cols=110 6.3s
[992/2208] PORTAL_ARC_HARRIS_COUNTY_OP_A2C8055EFB rows=2.0K cols=37 5.6s
[993/2208] PORTAL_SOC_NJ_OPEN_DATA_CEN_A0D94510CA rows=2.0K cols=13 4.1s
[994/2208] PORTAL_SOC_COLORADO_INFORMA_DE6C8A6901 rows=2.0K cols=77 5.9s
[995/2208] PORTAL_ARC_TUCSON_OPEN_DATA_78A99CB261 rows=2.0K cols=79 6.6s
[996/2208] PORTAL_ARC_TUCSON_OPEN_DATA_A937D836B3 rows=2.0K cols=74 6.2s
[997/2208] PORTAL_SOC_UTAH_OPEN_DATA_P_3967E73A16 rows=2.0K cols=28 6.0s
[998/2208] PORTAL_SOC_OREGON_OPEN_DATA_DC4AEE7DB0 rows=2.0K cols=34 4.0s
[999/2208] PORTAL_ARC_TUCSON_OPEN_DATA_8896D12631 rows=2.0K cols=79 6.2s
[1000/2208] PORTAL_ARC_OPEN_DATA_MINNEA_7C8C54BD8C rows=2.0K cols=24 5.3s
[1001/2208] PORTAL_SOC_UTAH_OPEN_DATA_P_5EF68422FF rows=2.0K cols=252 8.3s
[1002/2208] PORTAL_SOC_UTAH_OPEN_DATA_P_62BB6C079E rows=2.0K cols=31 5.7s
[1003/2208] PORTAL_ARC_OPEN_DATA_RALEIG_8EE851C810 rows=2.0K cols=225 8.8s
[1004/2208] PORTAL_SOC_UTAH_OPEN_DATA_P_79EAB10D34 rows=2.0K cols=29 4.6s
[1005/2208] PORTAL_ARC_TUCSON_OPEN_DATA_8E55E53D8D rows=2.0K cols=105 6.4s
[1006/2208] PORTAL_ARC_TUCSON_OPEN_DATA_EAB8D87A4D rows=2.0K cols=100 6.3s
[1007/2208] PORTAL_SOC_UTAH_OPEN_DATA_P_0844D0BD12 rows=2.0K cols=20 3.6s
[1008/2208] PORTAL_ARC_TUCSON_OPEN_DATA_90C091B01B rows=2.0K cols=73 7.5s
[1009/2208] PORTAL_ARC_TUCSON_OPEN_DATA_97B5E23500 rows=2.0K cols=71 6.2s
[1010/2208] PORTAL_ARC_ATLANTA_DATAATLA_EAD25CBDC7 rows=2.0K cols=23 4.4s
[1011/2208] PORTAL_SOC_TEXAS_OPEN_DATA_5A5338F21B rows=2.0K cols=27 5.4s
[1012/2208] PORTAL_SOC_UTAH_OPEN_DATA_P_AC08D0651F rows=2.0K cols=37 5.6s
[1013/2208] PORTAL_SOC_TEXAS_OPEN_DATA_B8DDC96BFF rows=2.0K cols=103 6.5s
[1014/2208] PORTAL_ARC_OPEN_DATA_DC_32AD83D2EC rows=2.0K cols=73 5.4s
[1015/2208] PORTAL_ARC_MEMPHIS_OPEN_DAT_9F6F4B2736 rows=2.0K cols=23 3.7s
[1016/2208] PORTAL_ARC_OPEN_DATA_DC_59913164D2 rows=2.0K cols=97 5.5s
[1017/2208] PORTAL_ARC_TUCSON_OPEN_DATA_AC3B9C03A4 rows=2.0K cols=29 5.1s
[1018/2208] PORTAL_ARC_TUCSON_OPEN_DATA_CF1942A6CE rows=2.0K cols=71 6.7s
[1019/2208] PORTAL_ARC_TUCSON_OPEN_DATA_A54A25CA53 rows=2.0K cols=78 8.1s
[1020/2208] PORTAL_ARC_OPEN_DATA_MINNEA_BE5550EBF6 rows=2.0K cols=24 5.5s
[1021/2208] PORTAL_ARC_OPEN_DATA_MINNEA_7EFDCA0423 rows=2.0K cols=24 4.6s
[1022/2208] PORTAL_ARC_OPEN_DATA_DC_ADF4F0E413 rows=2.0K cols=33 3.3s
[1023/2208] PORTAL_SOC_COLORADO_INFORMA_1D5CFAD830 rows=2.0K cols=77 7.3s
[1024/2208] PORTAL_SOC_PA_OPEN_DATA_POR_84400DC75D rows=2.0K cols=18 4.5s
[1025/2208] PORTAL_ARC_COLUMBUS_GIS_OPE_8259461C2A rows=2.0K cols=35 4.9s
[1026/2208] PORTAL_ARC_FORT_WORTH_OPEN_9F0879147A rows=2.0K cols=24 4.6s
[1027/2208] PORTAL_ARC_OPEN_DATA_MINNEA_BD6A1CACBB rows=2.0K cols=24 4.8s
[1028/2208] PORTAL_SOC_UTAH_OPEN_DATA_P_5A037856FE rows=2.0K cols=13 3.2s
[1029/2208] PORTAL_SOC_UTAH_OPEN_DATA_P_A6509F0D9F rows=2.0K cols=27 4.6s
[1030/2208] PORTAL_SOC_OPEN_DATA_BR_B141E1C0F8 rows=2.0K cols=38 3.1s
[1031/2208] PORTAL_SOC_OPEN_DATA_BR_FC0D2DAA2B rows=2.0K cols=34 4.0s
[1032/2208] PORTAL_SOC_CONNECTICUT_OPEN_95AC60CEE1 rows=2.0K cols=13 3.3s
[1033/2208] PORTAL_SOC_NEW_YORK_STATE_O_0C94DD2B8A rows=2.0K cols=23 3.2s
[1034/2208] PORTAL_SOC_TEXAS_OPEN_DATA_31F82D63F8 rows=2.0K cols=17 2.6s
[1035/2208] PORTAL_SOC_MARYLAND_OPEN_DA_BAA13FC4EC rows=2.0K cols=24 5.3s
[1036/2208] PORTAL_SOC_UTAH_OPEN_DATA_P_D4ACA49A9B rows=2.0K cols=23 4.3s
[1037/2208] PORTAL_SOC_NEW_YORK_STATE_O_153DF2DB81 rows=2.0K cols=76 4.8s
[1038/2208] PORTAL_SOC_TEXAS_OPEN_DATA_EADC02D661 rows=2.0K cols=22 3.6s
[1039/2208] PORTAL_SOC_COLORADO_INFORMA_6367A44C92 rows=2.0K cols=18 3.0s
[1040/2208] PORTAL_SOC_UTAH_OPEN_DATA_P_F259CD7FC8 rows=2.0K cols=97 5.5s
[1041/2208] PORTAL_SOC_UTAH_OPEN_DATA_P_D769AFDABA rows=2.0K cols=95 7.7s
[1042/2208] PORTAL_CKA_WESTERN_PENNSYLV_51B8DCF278 rows=2.0K cols=20 3.8s
[1043/2208] PORTAL_CKA_WPRDC_ALLEGHENY_CE7A2694FC rows=2.0K cols=20 3.7s
[1044/2208] PORTAL_ARC_KENTUCKY_OPEN_GI_100DA931EB rows=2.0K cols=46 3.2s
[1045/2208] PORTAL_SOC_UTAH_OPEN_DATA_P_F8CDD62630 rows=2.0K cols=23 5.1s
[1046/2208] PORTAL_CKA_ISRAEL_NATIONAL_0BD41805C9 rows=2.0K cols=47 3.6s
[1047/2208] PORTAL_ARC_TUCSON_OPEN_DATA_0697237A35 rows=2.0K cols=79 7.0s
[1048/2208] PORTAL_CKA_CALIFORNIA_OPEN_07D8D8E651 rows=1.9K cols=39 4.3s
[1049/2208] PORTAL_CKA_VIRGINIA_OPEN_DA_A7663008D7 rows=1.9K cols=52 7.4s
[1050/2208] PORTAL_ARC_OPEN_DATA_DC_008BA480F6 rows=1.9K cols=59 5.1s
[1051/2208] PORTAL_ARC_TUCSON_OPEN_DATA_A2044BD114 rows=1.9K cols=27 5.0s
[1052/2208] PORTAL_SOC_UTAH_OPEN_DATA_P_6862B465D5 rows=1.9K cols=55 6.2s
[1053/2208] PORTAL_CKA_VIRGINIA_OPEN_DA_4E05A500E2 rows=1.9K cols=11 3.8s
[1054/2208] PORTAL_ARC_OPEN_DATA_RALEIG_BBF9ABCA0D rows=1.9K cols=15 3.5s
[1055/2208] PORTAL_SOC_DELAWARE_OPEN_DA_9E200409C5 rows=1.9K cols=150 8.9s
[1056/2208] PORTAL_ARC_MEMPHIS_OPEN_DAT_D0AE25BC24 rows=1.8K cols=23 4.5s
[1057/2208] PORTAL_ARC_TUCSON_OPEN_DATA_7F7E374C68 rows=1.8K cols=79 5.8s
[1058/2208] PORTAL_CKA_SAN_JOSE_OPEN_DA_F8C410BB6B rows=1.8K cols=26 4.1s
[1059/2208] PORTAL_ARC_LA_COUNTY_OPEN_D_E85041E063 rows=1.8K cols=28 5.0s
[1060/2208] PORTAL_ARC_LA_COUNTY_OPEN_D_73B029DCD6 rows=1.8K cols=27 6.7s
[1061/2208] PORTAL_CKA_WESTERN_PENNSYLV_152133D5ED rows=1.8K cols=16 4.2s
[1062/2208] PORTAL_CKA_WPRDC_ALLEGHENY_EEF5B53BC5 rows=1.8K cols=16 4.0s
[1063/2208] CA_LOBBY_EMPLOYER rows=1.7K cols=23 4.5s
[1064/2208] FED_EIA861_SHORT_FORM rows=1.7K cols=16 3.0s
[1065/2208] PORTAL_CKA_CALIFORNIA_OPEN_9C50AEF41D rows=1.7K cols=16 2.9s
[1066/2208] PORTAL_CKA_CALIFORNIA_OPEN_E27DBB825C rows=1.7K cols=29 4.6s
[1067/2208] PORTAL_CKA_WESTERN_PENNSYLV_38ABDAEC9D rows=1.7K cols=15 4.8s
[1068/2208] PORTAL_CKA_WPRDC_ALLEGHENY_AEC3A74C1A rows=1.7K cols=15 4.4s
[1069/2208] PORTAL_SOC_PA_OPEN_DATA_POR_5A9F04BB9C rows=1.7K cols=131 5.7s
[1070/2208] FED_EIA861_OPERATIONAL_DATA rows=1.7K cols=35 5.5s
[1071/2208] PORTAL_CKA_SAN_JOSE_OPEN_DA_788CBD21B2 rows=1.7K cols=11 4.0s
[1072/2208] FED_EIA861_UTILITY_DATA rows=1.7K cols=35 2.9s
[1073/2208] FED_CISA_KEV rows=1.7K cols=14 3.1s
[1074/2208] PORTAL_CKA_OKLAHOMA_OPEN_DA_A90B591B09 rows=1.7K cols=26 5.7s
[1075/2208] PORTAL_CKA_SAN_JOSE_OPEN_DA_79010B8E46 rows=1.6K cols=44 5.2s
[1076/2208] PORTAL_CKA_ANALYZE_BOSTON_0BDFF0513C rows=1.6K cols=35 5.2s
[1077/2208] PORTAL_CKA_SAN_JOSE_OPEN_DA_98849B65EE rows=1.6K cols=48 7.2s
[1078/2208] PORTAL_SOC_CONNECTICUT_OPEN_1CD7311280 rows=1.6K cols=14 4.5s
[1079/2208] TX_LOBBY_AWARDS rows=1.6K cols=31 6.3s
[1080/2208] PORTAL_ARC_HARRIS_COUNTY_OP_672C54ADB5 rows=1.6K cols=37 5.4s
[1081/2208] PORTAL_SOC_TEXAS_OPEN_DATA_D1849939BC rows=1.6K cols=11 2.9s
[1082/2208] PORTAL_CKA_TAMPA_OPEN_DATA_33F54DB74C rows=1.6K cols=13 3.6s
[1083/2208] FED_EIA860_3_2_WIND rows=1.6K cols=26 4.8s
[1084/2208] PORTAL_SOC_SF_OPENDATA_DATA_8DCCC91916 rows=1.6K cols=15 3.2s
[1085/2208] FED_CMS_OPIOID_TREATMENT_PROGRAM_PROVIDERS rows=1.6K cols=11 3.0s
[1086/2208] PORTAL_ARC_MEMPHIS_OPEN_DAT_3057D84002 rows=1.5K cols=23 3.9s
[1087/2208] PORTAL_ARC_TUCSON_OPEN_DATA_86A898EF77 rows=1.5K cols=78 5.6s
[1088/2208] PORTAL_CKA_ANALYZE_BOSTON_9C8338C5C2 rows=1.5K cols=27 5.1s
[1089/2208] PORTAL_CKA_ISRAEL_NATIONAL_3319EBF0C5 rows=1.5K cols=13 4.5s
[1090/2208] PORTAL_CKA_CALIFORNIA_OPEN_CB7C3747FC rows=1.5K cols=16 5.8s
[1091/2208] ST_CANNABIS_POLICY_BUNDLES rows=1.5K cols=106 6.1s
[1092/2208] PORTAL_CKA_CALIFORNIA_OPEN_22F6B7DB0F rows=1.5K cols=24 6.3s
[1093/2208] CA_LOBBY_EMP_LOBBYIST rows=1.5K cols=9 4.3s
[1094/2208] PORTAL_CKA_VIRGINIA_OPEN_DA_E4498C978C rows=1.5K cols=21 4.4s
[1095/2208] FED_ICE_DETENTION_FACILITY_CODES rows=1.5K cols=15 5.1s
[1096/2208] FED_CDC_DATA_PORTAL_FULL rows=1.5K cols=37 5.1s
[1097/2208] PORTAL_CKA_ANALYZE_BOSTON_BD5A2F9374 rows=1.5K cols=7 2.6s
[1098/2208] PORTAL_SOC_OPEN_DATA_BR_C110D5CF59 rows=1.5K cols=28 4.5s
[1099/2208] PORTAL_ARC_HARRIS_COUNTY_OP_8549EC1226 rows=1.5K cols=31 4.1s
[1100/2208] PORTAL_CKA_OPEN_DATA_SA_A33086054B rows=1.5K cols=27 3.8s
[1101/2208] PORTAL_CKA_ISRAEL_NATIONAL_03D9D0D534 rows=1.4K cols=17 3.6s
[1102/2208] PORTAL_CKA_WPRDC_ALLEGHENY_B488BFAB9D rows=1.4K cols=15 4.3s
[1103/2208] PORTAL_CKA_WESTERN_PENNSYLV_F66E0E22DA rows=1.4K cols=15 3.7s
[1104/2208] PORTAL_CKA_OKLAHOMA_OPEN_DA_2FB541D487 rows=1.4K cols=11 3.7s
[1105/2208] PORTAL_SOC_PA_OPEN_DATA_POR_7D4F8FCE94 rows=1.4K cols=21 6.2s
[1106/2208] PORTAL_SOC_UTAH_OPEN_DATA_P_8DE28DA9D9 rows=1.4K cols=33 5.0s
[1107/2208] PORTAL_CKA_SAN_JOSE_OPEN_DA_5635D41E74 rows=1.4K cols=31 4.4s
[1108/2208] PORTAL_CKA_OPEN_DATA_SA_2F8287A9CB rows=1.4K cols=15 2.8s
[1109/2208] PORTAL_CKA_OKLAHOMA_OPEN_DA_46271D5059 rows=1.4K cols=18 4.5s
[1110/2208] PORTAL_CKA_OKLAHOMA_OPEN_DA_5EDE090003 rows=1.4K cols=18 4.5s
[1111/2208] PORTAL_CKA_ISRAEL_NATIONAL_87E3C2014F rows=1.4K cols=21 5.1s
[1112/2208] PORTAL_SOC_UTAH_OPEN_DATA_P_6F316DE0B0 rows=1.4K cols=20 3.0s
[1113/2208] PORTAL_CKA_SAN_JOSE_OPEN_DA_D86291AAB8 rows=1.4K cols=39 3.6s
[1114/2208] FED_FDA_MAUDE rows=1.4K cols=4 13.8s
[1115/2208] PORTAL_CKA_OKLAHOMA_OPEN_DA_6382F88AFE rows=1.4K cols=19 4.4s
[1116/2208] PORTAL_CKA_ANALYZE_BOSTON_8A02CA5E02 rows=1.4K cols=20 4.2s
[1117/2208] PORTAL_CKA_IRELAND_NATIONAL_8B963015F5 rows=1.4K cols=11 2.5s
[1118/2208] PORTAL_CKA_OKLAHOMA_OPEN_DA_F095948AC7 rows=1.4K cols=19 4.0s
[1119/2208] PORTAL_CKA_OKLAHOMA_OPEN_DA_E7E7A9C70C rows=1.4K cols=18 5.2s
[1120/2208] PORTAL_SOC_CONNECTICUT_OPEN_BD88772B17 rows=1.4K cols=111 6.7s
[1121/2208] PORTAL_CKA_WESTERN_PENNSYLV_69C80C6F70 rows=1.4K cols=11 3.1s
[1122/2208] PORTAL_CKA_WPRDC_ALLEGHENY_5C657EBA17 rows=1.4K cols=11 2.8s
[1123/2208] FED_HRSA_UDS_TABLE3A_PATIENTS rows=1.4K cols=83 2.8s
[1124/2208] FED_HRSA_UDS_HEALTH_CENTER_INFO rows=1.4K cols=22 2.3s
[1125/2208] PORTAL_ARC_LA_COUNTY_OPEN_D_3D07EB80AC rows=1.4K cols=32 4.3s
[1126/2208] FED_EIA861_DISTRIBUTION_SYSTEMS rows=1.4K cols=9 2.6s
[1127/2208] PORTAL_CKA_OKLAHOMA_OPEN_DA_96B2C45728 rows=1.3K cols=11 4.3s
[1128/2208] PORTAL_ARC_OPEN_DATA_MINNEA_F87FF14B56 rows=1.3K cols=71 5.4s
[1129/2208] PORTAL_CKA_SAN_JOSE_OPEN_DA_5A544B8D01 rows=1.3K cols=24 4.4s
[1130/2208] FED_FDA_GUDID__STAGING rows=1.3K cols=4 7.7s
[1131/2208] PORTAL_CKA_WESTERN_PENNSYLV_D078E6F18C rows=1.3K cols=16 3.4s
[1132/2208] PORTAL_CKA_WESTERN_PENNSYLV_092B06E590 rows=1.3K cols=18 3.1s
[1133/2208] PORTAL_CKA_WPRDC_ALLEGHENY_29D102482D rows=1.3K cols=16 3.0s
[1134/2208] PORTAL_CKA_WPRDC_ALLEGHENY_FC8733F36B rows=1.3K cols=18 3.8s
[1135/2208] PORTAL_CKA_CALIFORNIA_OPEN_A5D78A8B63 rows=1.3K cols=19 5.0s
[1136/2208] PORTAL_CKA_WPRDC_ALLEGHENY_4CE939751E rows=1.3K cols=18 4.1s
[1137/2208] PORTAL_CKA_WESTERN_PENNSYLV_4C0F4E6C6C rows=1.3K cols=18 4.5s
[1138/2208] PORTAL_CKA_ANALYZE_BOSTON_EB235CDC7A rows=1.3K cols=16 5.5s
[1139/2208] PORTAL_CKA_WESTERN_PENNSYLV_6271EB297F rows=1.3K cols=30 3.0s
[1140/2208] PORTAL_CKA_WPRDC_ALLEGHENY_BE3C51E436 rows=1.3K cols=30 3.9s
[1141/2208] PORTAL_CKA_ISRAEL_NATIONAL_916719ECC6 rows=1.3K cols=10 2.7s
[1142/2208] FED_GOOGLE_POLADS_GEO_SPEND rows=1.3K cols=26 3.4s
[1143/2208] PORTAL_CKA_OKLAHOMA_OPEN_DA_FE586F412B rows=1.3K cols=11 3.2s
[1144/2208] PORTAL_CKA_WESTERN_PENNSYLV_36A8032A4C rows=1.3K cols=31 4.5s
[1145/2208] PORTAL_CKA_WPRDC_ALLEGHENY_F05D32C3D6 rows=1.3K cols=31 5.0s
[1146/2208] PORTAL_SOC_CAMBRIDGE_OPEN_D_FB7C7229D0 rows=1.3K cols=33 4.0s
[1147/2208] FED_CPSC_NEISS_CODES rows=1.2K cols=7 2.2s
[1148/2208] PORTAL_ARC_LA_COUNTY_OPEN_D_501C20229C rows=1.2K cols=19 3.7s
[1149/2208] PORTAL_CKA_SAN_JOSE_OPEN_DA_03014F9C15 rows=1.2K cols=29 3.8s
[1150/2208] PORTAL_CKA_ANALYZE_BOSTON_80FF6D8E34 rows=1.2K cols=20 4.3s
[1151/2208] FED_CMS_IRF rows=1.2K cols=15 3.2s
[1152/2208] PORTAL_CKA_OPEN_DATA_SA_2FCD3AEFD6 rows=1.2K cols=10 4.0s
[1153/2208] TX_LOBBY_DOCKETS rows=1.2K cols=20 3.5s
[1154/2208] FED_SEC_MONEY_MARKET_FUND_INFORMATION rows=1.2K cols=14 2.8s
[1155/2208] PORTAL_CKA_IRELAND_NATIONAL_F2EFDE1A8C rows=1.2K cols=14 3.6s
[1156/2208] FED_FTC_DATASETS rows=1.2K cols=11 2.7s
[1157/2208] PORTAL_CKA_WESTERN_PENNSYLV_FD81B4FB82 rows=1.2K cols=19 3.8s
[1158/2208] PORTAL_CKA_WPRDC_ALLEGHENY_508C030BD9 rows=1.2K cols=19 4.1s
[1159/2208] PORTAL_CKA_OKLAHOMA_OPEN_DA_AB49B627EF rows=1.2K cols=11 3.6s
[1160/2208] PORTAL_CKA_OKLAHOMA_OPEN_DA_C96BA4E090 rows=1.2K cols=35 4.4s
[1161/2208] PORTAL_CKA_OKLAHOMA_OPEN_DA_840020A9DE rows=1.2K cols=11 3.9s
[1162/2208] PORTAL_CKA_ISRAEL_NATIONAL_12FC0D7B44 rows=1.2K cols=32 4.4s
[1163/2208] PORTAL_ARC_HARRIS_COUNTY_OP_F9118D0DEE rows=1.2K cols=124 6.5s
[1164/2208] PORTAL_ARC_HARRIS_COUNTY_OP_1F4D98F329 rows=1.1K cols=90 5.7s
[1165/2208] PORTAL_SOC_UTAH_OPEN_DATA_P_267ABEE380 rows=1.1K cols=14 2.5s
[1166/2208] PORTAL_ARC_HARRIS_COUNTY_OP_FA9969D82E rows=1.1K cols=23 4.3s
[1167/2208] PORTAL_ARC_HARRIS_COUNTY_OP_86AE12CFC0 rows=1.1K cols=23 3.8s
[1168/2208] PORTAL_CKA_OKLAHOMA_OPEN_DA_07A59969F7 rows=1.1K cols=11 3.7s
[1169/2208] PORTAL_CKA_WPRDC_ALLEGHENY_A2738D79AF rows=1.1K cols=16 3.8s
[1170/2208] PORTAL_CKA_WESTERN_PENNSYLV_4D90100824 rows=1.1K cols=16 3.6s
[1171/2208] PORTAL_CKA_OKLAHOMA_OPEN_DA_BDC41752A1 rows=1.1K cols=11 3.6s
[1172/2208] PORTAL_SOC_CAMBRIDGE_OPEN_D_D1389AFE1E rows=1.1K cols=18 4.9s
[1173/2208] PORTAL_CKA_OKLAHOMA_OPEN_DA_9F247D2153 rows=1.1K cols=11 4.4s
[1174/2208] PORTAL_CKA_ISRAEL_NATIONAL_5A78E186DA rows=1.1K cols=13 3.7s
[1175/2208] PORTAL_CKA_SAN_JOSE_OPEN_DA_F1315A36E0 rows=1.1K cols=52 6.0s
[1176/2208] FED_ITIS_OTHER_SOURCES rows=1.1K cols=11 4.1s
[1177/2208] PORTAL_CKA_SAN_JOSE_OPEN_DA_242D633A81 rows=1.1K cols=21 3.6s
[1178/2208] PORTAL_ARC_NEW_MEXICO_OPEN_7DE8F482F1 rows=1.1K cols=68 5.4s
[1179/2208] PORTAL_CKA_ISRAEL_NATIONAL_E2DD642689 rows=1.1K cols=10 3.0s
[1180/2208] PORTAL_CKA_WESTERN_PENNSYLV_654E0B3182 rows=1.1K cols=23 4.1s
[1181/2208] PORTAL_ARC_OPEN_DATA_DC_D74755206A rows=1.1K cols=6 2.1s
[1182/2208] PORTAL_CKA_WPRDC_ALLEGHENY_2361FE1E6B rows=1.1K cols=23 4.4s
[1183/2208] PORTAL_SOC_NEW_YORK_STATE_O_9BB5326481 rows=1.1K cols=49 3.3s
[1184/2208] PORTAL_CKA_HOUSTON_OPEN_DAT_702315B033 rows=1.1K cols=15 2.4s
[1185/2208] ST_CA_OEHHA_PROP65_CHEMICALS rows=1.1K cols=12 2.8s
[1186/2208] PORTAL_ARC_MEMPHIS_OPEN_DAT_C9E8070496 rows=1.0K cols=23 3.4s
[1187/2208] PORTAL_CKA_VIRGINIA_OPEN_DA_ACE8AC0352 rows=1.0K cols=26 4.1s
[1188/2208] PORTAL_CKA_WPRDC_ALLEGHENY_4FC34000CE rows=1.0K cols=15 3.8s
[1189/2208] PORTAL_CKA_WESTERN_PENNSYLV_03FA5AB0C2 rows=1.0K cols=15 5.4s
[1190/2208] FED_CMS_MEDICARE_DIABETES_PREVENTION_PROGRAM rows=1.0K cols=15 2.7s
[1191/2208] PORTAL_ARC_TUCSON_OPEN_DATA_69487E016F rows=1.0K cols=79 5.4s
[1192/2208] PORTAL_CKA_ISRAEL_NATIONAL_D8977C1891 rows=1.0K cols=10 3.7s
[1193/2208] PORTAL_CKA_HOUSTON_OPEN_DAT_FB1F968C19 rows=1.0K cols=5 2.5s
[1194/2208] PORTAL_CKA_WESTERN_PENNSYLV_305157E72F rows=1.0K cols=38 5.0s
[1195/2208] PORTAL_CKA_WPRDC_ALLEGHENY_6C8F129AE5 rows=1.0K cols=38 4.9s
[1196/2208] PORTAL_SOC_DELAWARE_OPEN_DA_98A9EE0BC7 rows=1.0K cols=81 3.9s
[1197/2208] PORTAL_ARC_TUCSON_OPEN_DATA_78DF4DC45F rows=1.0K cols=27 4.0s
[1198/2208] PORTAL_ARC_HARRIS_COUNTY_OP_89477F0032 rows=1.0K cols=15 4.1s
[1199/2208] PORTAL_ARC_HARRIS_COUNTY_OP_58FAB3B4F7 rows=1.0K cols=15 4.8s
[1200/2208] ST_OEHHA_PROPOSITION_65_LIST rows=1.0K cols=12 2.8s
[1201/2208] STATE_OEHHA_PROP65_CHEMICALS rows=1.0K cols=9 2.7s
[1202/2208] PORTAL_ARC_HARRIS_COUNTY_OP_D8CF46061B rows=1.0K cols=20 4.9s
[1203/2208] INTL_GDELT rows=1.0K cols=64 5.4s
[1204/2208] INTL_UN_SC_CONSOLIDATED_SANCTIONS rows=1.0K cols=65 3.7s
[1205/2208] XC_UN_CONSOLIDATED_SANCTIONS_LIST rows=1.0K cols=33 2.8s
[1206/2208] INTL_UN_CONSOLIDATED_SANCTIONS rows=1.0K cols=33 2.9s
[1207/2208] FED_IHS_FACILITIES rows=1.0K cols=32 4.3s
[1208/2208] PORTAL_SOC_TEXAS_OPEN_DATA_0F8F4663C8 rows=1.0K cols=13 3.4s
[1209/2208] FED_EIA861_NET_METERING rows=1.0K cols=119 7.7s
[1210/2208] PORTAL_CKA_WESTERN_PENNSYLV_20C6FC6029 rows=1.0K cols=24 5.0s
[1211/2208] PORTAL_CKA_WPRDC_ALLEGHENY_822E5DBA4C rows=1.0K cols=24 8.9s
[1212/2208] PORTAL_CKA_WPRDC_ALLEGHENY_DA448E7083 rows=1.0K cols=39 6.9s
[1213/2208] PORTAL_CKA_WESTERN_PENNSYLV_6A4C3E0E78 rows=1.0K cols=39 6.1s
[1214/2208] INTL_CL_DATOSGOB rows=1.0K cols=18 3.0s
[1215/2208] INTL_ES_DATOSGOB rows=1.0K cols=14 2.5s
[1216/2208] FED_BJS_DATA rows=1.0K cols=40 3.6s
[1217/2208] PORTAL_CKA_CALIFORNIA_OPEN_94C5C44A4F rows=999 cols=13 4.0s
[1218/2208] PORTAL_CKA_SAN_JOSE_OPEN_DA_846214A7C0 rows=993 cols=42 5.1s
[1219/2208] PORTAL_CKA_CALIFORNIA_OPEN_21E0E694B5 rows=991 cols=50 4.4s
[1220/2208] PORTAL_CKA_ANALYZE_BOSTON_824B1B659E rows=988 cols=28 4.7s
[1221/2208] PORTAL_SOC_COLORADO_INFORMA_502999772D rows=984 cols=13 3.7s
[1222/2208] FED_SEC_CLOSED_END_FUND_INFORMATION rows=973 cols=13 3.0s
[1223/2208] FED_EIA861_RELIABILITY rows=973 cols=31 4.8s
[1224/2208] PORTAL_CKA_ANALYZE_BOSTON_9FE0838E9F rows=968 cols=33 3.1s
[1225/2208] PORTAL_CKA_TAMPA_OPEN_DATA_18B980D54D rows=952 cols=13 3.4s
[1226/2208] PORTAL_CKA_OPEN_DATA_SA_D06A042788 rows=928 cols=19 4.7s
[1227/2208] FED_MSRB_REGISTRANTS rows=925 cols=7 1.7s
[1228/2208] PORTAL_ARC_HARRIS_COUNTY_OP_D53D8CC5D8 rows=924 cols=37 4.9s
[1229/2208] PORTAL_ARC_HARRIS_COUNTY_OP_510B4A2AB2 rows=924 cols=41 5.7s
[1230/2208] PORTAL_SOC_UTAH_OPEN_DATA_P_A45115B872 rows=917 cols=99 6.3s
[1231/2208] PORTAL_CKA_OPEN_DATA_SA_7CBC348F9D rows=914 cols=26 5.4s
[1232/2208] PORTAL_SOC_UTAH_OPEN_DATA_P_E8FD09BE6D rows=911 cols=25 3.0s
[1233/2208] FED_DTCC_DTC_PARTICIPANTS rows=904 cols=5 1.9s
[1234/2208] XC_OWID_NUCLEAR_WARHEADS rows=902 cols=7 1.9s
[1235/2208] PORTAL_CKA_OPEN_DATA_SA_E078D81651 rows=902 cols=36 5.1s
[1236/2208] PORTAL_SOC_UTAH_OPEN_DATA_P_A54AA90538 rows=896 cols=98 5.8s
[1237/2208] PORTAL_SOC_UTAH_OPEN_DATA_P_66C519BCCF rows=893 cols=99 6.0s
[1238/2208] PORTAL_CKA_SAN_JOSE_OPEN_DA_B7879EDE0F rows=882 cols=24 5.5s
[1239/2208] FED_NAAG_MULTISTATE_SETTLEMENTS rows=882 cols=55 5.3s
[1240/2208] FED_CDC_WONDER rows=880 cols=9 1.9s
[1241/2208] PORTAL_SOC_UTAH_OPEN_DATA_P_636FFFDFA2 rows=865 cols=99 5.8s
[1242/2208] PORTAL_CKA_ISRAEL_NATIONAL_EE52E94997 rows=864 cols=24 3.8s
[1243/2208] PORTAL_SOC_UTAH_OPEN_DATA_P_5C3521189E rows=861 cols=101 6.4s
[1244/2208] FED_EIA861_DYNAMIC_PRICING rows=858 cols=34 4.3s
[1245/2208] PORTAL_SOC_UTAH_OPEN_DATA_P_944A7B18A7 rows=852 cols=99 5.8s
[1246/2208] PORTAL_SOC_UTAH_OPEN_DATA_P_7F45E582F7 rows=851 cols=99 5.7s
[1247/2208] PORTAL_SOC_UTAH_OPEN_DATA_P_38579BBDBC rows=850 cols=98 5.3s
[1248/2208] PORTAL_SOC_UTAH_OPEN_DATA_P_6F5FCC229F rows=842 cols=106 7.2s
[1249/2208] PORTAL_SOC_COLOMBIA_NATIONA_95D4789BA7 rows=840 cols=13 2.5s
[1250/2208] PORTAL_SOC_UTAH_OPEN_DATA_P_B5E39C25F8 rows=835 cols=101 7.3s
[1251/2208] PORTAL_SOC_UTAH_OPEN_DATA_P_CDBDD459C0 rows=835 cols=100 5.7s
[1252/2208] PORTAL_ARC_TUCSON_OPEN_DATA_E9360F6C40 rows=833 cols=78 6.0s
[1253/2208] PORTAL_CKA_TAMPA_OPEN_DATA_456EC0ADDB rows=829 cols=13 4.3s
[1254/2208] PORTAL_CKA_WPRDC_ALLEGHENY_F60A9EDCBD rows=828 cols=12 3.9s
[1255/2208] PORTAL_CKA_WESTERN_PENNSYLV_322FDF0E2E rows=828 cols=12 3.6s
[1256/2208] PORTAL_ARC_MARICOPA_COUNTY_55B91E4BD1 rows=821 cols=7 2.8s
[1257/2208] PORTAL_SOC_UTAH_OPEN_DATA_P_5E73751281 rows=817 cols=100 5.5s
[1258/2208] PORTAL_CKA_OPEN_DATA_SA_E83E833A45 rows=816 cols=30 4.0s
[1259/2208] PORTAL_CKA_OPEN_DATA_SA_146EBE0CC0 rows=816 cols=30 4.1s
[1260/2208] PORTAL_SOC_MARYLAND_OPEN_DA_D9D09EF11B rows=814 cols=22 3.8s
[1261/2208] PORTAL_SOC_UTAH_OPEN_DATA_P_8D9FB9A1A3 rows=813 cols=103 5.8s
[1262/2208] PORTAL_CKA_CALIFORNIA_OPEN_F8F7B5716B rows=808 cols=12 3.3s
[1263/2208] PORTAL_SOC_UTAH_OPEN_DATA_P_4388C129F2 rows=807 cols=100 6.1s
[1264/2208] PORTAL_ARC_HARRIS_COUNTY_OP_FB6331E67A rows=805 cols=37 4.5s
[1265/2208] PORTAL_CKA_CALIFORNIA_OPEN_4789F4FDC3 rows=805 cols=20 4.6s
[1266/2208] PORTAL_CKA_OPEN_DATA_SA_19F13722DD rows=801 cols=7 2.5s
[1267/2208] PORTAL_ARC_TUCSON_OPEN_DATA_B64E31A541 rows=798 cols=78 6.1s
[1268/2208] PORTAL_CKA_INDIANA_DATA_HUB_FD8FCE5DEA rows=797 cols=8 2.8s
[1269/2208] PORTAL_SOC_UTAH_OPEN_DATA_P_A5715666DA rows=791 cols=101 7.0s
[1270/2208] PORTAL_CKA_SAN_JOSE_OPEN_DA_E2E136DBE8 rows=789 cols=26 5.4s
[1271/2208] FED_EIA860_3_4_ENERGY_STORAGE rows=786 cols=52 4.7s
[1272/2208] PORTAL_CKA_SAN_JOSE_OPEN_DA_D8576CBEB1 rows=786 cols=21 4.7s
[1273/2208] PORTAL_CKA_INDIANA_DATA_HUB_90C2A3CA78 rows=784 cols=6 2.9s
[1274/2208] XC_JCS_SCOTUS rows=782 cols=7 2.6s
[1275/2208] PORTAL_ARC_HARRIS_COUNTY_OP_C23DC4BAF8 rows=782 cols=126 6.6s
[1276/2208] PORTAL_ARC_ATLANTA_DATAATLA_610443017C rows=780 cols=34 5.9s
[1277/2208] FED_DOJ_EPSTEIN_LIBRARY rows=777 cols=4 3.0s
[1278/2208] PORTAL_ARC_LA_COUNTY_OPEN_D_92CD102DA7 rows=777 cols=18 3.7s
[1279/2208] PORTAL_CKA_CALIFORNIA_OPEN_6611464444 rows=770 cols=23 4.2s
[1280/2208] PORTAL_CKA_INDIANA_DATA_HUB_90819D705E rows=770 cols=7 3.4s
[1281/2208] PORTAL_ARC_HARRIS_COUNTY_OP_4E0F396A33 rows=755 cols=92 7.0s
[1282/2208] PORTAL_ARC_HARRIS_COUNTY_OP_BEF7C03176 rows=755 cols=92 9.5s
[1283/2208] PORTAL_SOC_CAMBRIDGE_OPEN_D_8A1152140C rows=749 cols=158 7.6s
[1284/2208] PORTAL_CKA_WESTERN_PENNSYLV_4A48DEDEFA rows=749 cols=11 4.9s
[1285/2208] PORTAL_CKA_WPRDC_ALLEGHENY_7583EABD41 rows=749 cols=11 4.5s
[1286/2208] PORTAL_SOC_NEW_YORK_STATE_O_7DD1C9CB24 rows=743 cols=11 7.2s
[1287/2208] PORTAL_CKA_WESTERN_PENNSYLV_26239EF185 rows=739 cols=34 3.9s
[1288/2208] PORTAL_CKA_WPRDC_ALLEGHENY_224873A888 rows=739 cols=34 4.0s
[1289/2208] PORTAL_CKA_ANALYZE_BOSTON_38EB48CA38 rows=736 cols=7 3.0s
[1290/2208] INTL_IPC_FOOD_INSECURITY_GLOBAL rows=735 cols=12 2.8s
[1291/2208] PORTAL_ARC_OPEN_DATA_DC_D359158BC8 rows=733 cols=184 7.7s
[1292/2208] PORTAL_SOC_COLORADO_INFORMA_9A760AEFAA rows=732 cols=111 7.0s
[1293/2208] PORTAL_SOC_UTAH_OPEN_DATA_P_A3B79359D3 rows=731 cols=102 6.4s
[1294/2208] FED_OCC_NATIONAL_BANKS rows=724 cols=10 3.1s
[1295/2208] PORTAL_SOC_UTAH_OPEN_DATA_P_F326BAD0FC rows=713 cols=101 7.2s
[1296/2208] PORTAL_CKA_SAN_JOSE_OPEN_DA_A02C259ACB rows=713 cols=15 4.1s
[1297/2208] PORTAL_ARC_HARRIS_COUNTY_OP_D044517CB3 rows=712 cols=91 6.4s
[1298/2208] PORTAL_SOC_UTAH_OPEN_DATA_P_33421B5A2A rows=710 cols=96 4.8s
[1299/2208] XC_JCS_COA rows=705 cols=7 3.4s
[1300/2208] PORTAL_CKA_ISRAEL_NATIONAL_6FBFBF9298 rows=702 cols=6 3.2s
[1301/2208] PORTAL_CKA_TAMPA_OPEN_DATA_662D0D6BCB rows=694 cols=13 3.0s
[1302/2208] PORTAL_CKA_WESTERN_PENNSYLV_8B35A60C42 rows=692 cols=10 3.9s
[1303/2208] PORTAL_CKA_WPRDC_ALLEGHENY_7D1A10DA58 rows=692 cols=10 4.9s
[1304/2208] FED_VA_SUICIDE_NATIONAL rows=690 cols=19 3.3s
[1305/2208] PORTAL_ARC_ATLANTA_DATAATLA_4AB9F9E31E rows=681 cols=30 5.5s
[1306/2208] FED_EIA861_SALES_ULT_CUST_CS rows=676 cols=25 4.5s
[1307/2208] PORTAL_CKA_WESTERN_PENNSYLV_20E1A330CE rows=672 cols=15 4.7s
[1308/2208] PORTAL_SOC_CHICAGO_DATA_POR_FC19B9A2BE rows=672 cols=46 4.9s
[1309/2208] PORTAL_CKA_WPRDC_ALLEGHENY_16A0BB67B4 rows=672 cols=15 5.1s
[1310/2208] PORTAL_CKA_ANALYZE_BOSTON_3947F1D3D1 rows=664 cols=25 4.2s
[1311/2208] PORTAL_SOC_MARYLAND_OPEN_DA_8EED7B8121 rows=661 cols=21 4.0s
[1312/2208] PORTAL_ARC_LA_COUNTY_OPEN_D_E59BD7CF06 rows=659 cols=28 4.9s
[1313/2208] PORTAL_CKA_ISRAEL_NATIONAL_37143E478A rows=648 cols=16 3.7s
[1314/2208] PORTAL_ARC_HARRIS_COUNTY_OP_3304C540B7 rows=645 cols=91 6.6s
[1315/2208] PORTAL_ARC_TUCSON_OPEN_DATA_F23F6E5C44 rows=645 cols=27 4.2s
[1316/2208] PORTAL_CKA_WPRDC_ALLEGHENY_191C75508B rows=645 cols=9 3.3s
[1317/2208] PORTAL_CKA_WESTERN_PENNSYLV_82D49E467F rows=645 cols=9 2.9s
[1318/2208] PORTAL_SOC_UTAH_OPEN_DATA_P_1A3EDE9CAD rows=643 cols=12 4.0s
[1319/2208] INTL_EMBL_ENSEMBL rows=643 cols=23 2.4s
[1320/2208] PORTAL_ARC_HARRIS_COUNTY_OP_619A8F0A78 rows=642 cols=106 7.1s
[1321/2208] PORTAL_ARC_HARRIS_COUNTY_OP_3E1A188E92 rows=642 cols=106 6.8s
[1322/2208] PORTAL_CKA_WESTERN_PENNSYLV_5C36BF1B9F rows=627 cols=52 5.2s
[1323/2208] PORTAL_CKA_WPRDC_ALLEGHENY_3719F1842E rows=627 cols=52 4.4s
[1324/2208] PORTAL_CKA_OPEN_DATA_SA_9DCA88D285 rows=617 cols=27 4.6s
[1325/2208] PORTAL_CKA_OPEN_DATA_SA_BC29DFFC76 rows=617 cols=27 4.7s
[1326/2208] PORTAL_CKA_VIRGINIA_OPEN_DA_B3A21C711B rows=616 cols=52 6.2s
[1327/2208] PORTAL_SOC_UTAH_OPEN_DATA_P_3345D79E51 rows=616 cols=93 6.6s
[1328/2208] PORTAL_SOC_UTAH_OPEN_DATA_P_294FE280EF rows=604 cols=13 3.1s
[1329/2208] PORTAL_CKA_TAMPA_OPEN_DATA_485B900D71 rows=604 cols=13 3.4s
[1330/2208] PORTAL_ARC_WISCONSIN_OPEN_D_5206358BDD rows=604 cols=45 5.1s
[1331/2208] PORTAL_CKA_INDIANA_DATA_HUB_D718232FBC rows=603 cols=11 3.8s
[1332/2208] PORTAL_CKA_WESTERN_PENNSYLV_B26184ED51 rows=602 cols=8 2.9s
[1333/2208] PORTAL_CKA_WPRDC_ALLEGHENY_2D99F866D7 rows=602 cols=8 3.2s
[1334/2208] PORTAL_ARC_ATLANTA_DATAATLA_0F1C49C840 rows=598 cols=20 4.7s
[1335/2208] PORTAL_SOC_MESA_CITY_DATA_H_1D5C4ED269 rows=598 cols=11 2.8s
[1336/2208] PORTAL_ARC_ATLANTA_DATAATLA_B9DC3DFA97 rows=598 cols=20 5.1s
[1337/2208] PORTAL_CKA_ISRAEL_NATIONAL_0010F646F4 rows=596 cols=12 4.7s
[1338/2208] PORTAL_ARC_ATLANTA_DATAATLA_17C43E4BA3 rows=594 cols=20 4.2s
[1339/2208] PORTAL_CKA_SAN_JOSE_OPEN_DA_17DD46EA4D rows=589 cols=23 5.5s
[1340/2208] PORTAL_CKA_WESTERN_PENNSYLV_10C3E0C017 rows=588 cols=11 3.8s
[1341/2208] PORTAL_CKA_WPRDC_ALLEGHENY_4A2424EA96 rows=588 cols=11 4.1s
[1342/2208] PORTAL_CKA_HOUSTON_OPEN_DAT_9A02A5CFC0 rows=587 cols=9 3.6s
[1343/2208] PORTAL_CKA_WESTERN_PENNSYLV_5B3C7AE148 rows=585 cols=26 4.0s
[1344/2208] PORTAL_CKA_WPRDC_ALLEGHENY_B62D63F711 rows=585 cols=26 3.6s
[1345/2208] PORTAL_CKA_WESTERN_PENNSYLV_2C3871611D rows=583 cols=10 5.2s
[1346/2208] PORTAL_CKA_WPRDC_ALLEGHENY_2525CD1BB1 rows=583 cols=10 3.5s
[1347/2208] PORTAL_CKA_SAN_JOSE_OPEN_DA_1F745F1E15 rows=581 cols=13 3.4s
[1348/2208] CA_LOBBY_FIRM_LOBBYIST rows=577 cols=9 3.1s
[1349/2208] PORTAL_CKA_ANALYZE_BOSTON_B6C7223760 rows=576 cols=30 4.4s
[1350/2208] PORTAL_SOC_UTAH_OPEN_DATA_P_1614522F52 rows=575 cols=37 5.0s
[1351/2208] PORTAL_CKA_SAN_JOSE_OPEN_DA_B5EB095BC3 rows=575 cols=21 4.2s
[1352/2208] PORTAL_CKA_WESTERN_PENNSYLV_0C63C07381 rows=574 cols=12 4.0s
[1353/2208] PORTAL_CKA_WPRDC_ALLEGHENY_60987ADA0E rows=574 cols=12 4.9s
[1354/2208] PORTAL_CKA_ANALYZE_BOSTON_899BB82358 rows=572 cols=13 4.0s
[1355/2208] PORTAL_CKA_CALIFORNIA_OPEN_3501B678FA rows=572 cols=15 4.1s
[1356/2208] PORTAL_CKA_SAN_JOSE_OPEN_DA_8BC8CD595B rows=569 cols=28 4.3s
[1357/2208] PORTAL_CKA_ISRAEL_NATIONAL_878A0365B9 rows=564 cols=29 4.2s
[1358/2208] PORTAL_CKA_WESTERN_PENNSYLV_ABEFC58C3E rows=563 cols=12 3.1s
[1359/2208] PORTAL_CKA_WPRDC_ALLEGHENY_F727AC582E rows=563 cols=12 2.8s
[1360/2208] PORTAL_SOC_UTAH_OPEN_DATA_P_37575AD872 rows=559 cols=100 6.4s
[1361/2208] PORTAL_SOC_UTAH_OPEN_DATA_P_9CF01A9E6C rows=557 cols=101 6.7s
[1362/2208] PORTAL_CKA_VIRGINIA_OPEN_DA_11B79485F6 rows=554 cols=20 5.4s
[1363/2208] FED_NARA_AAD rows=554 cols=13 1.6s
[1364/2208] PORTAL_ARC_ATLANTA_DATAATLA_E1F71F6EE6 rows=544 cols=47 4.6s
[1365/2208] PORTAL_CKA_ANALYZE_BOSTON_0012B002BE rows=539 cols=17 3.9s
[1366/2208] PORTAL_SOC_UTAH_OPEN_DATA_P_4FE1D49F45 rows=538 cols=100 5.9s
[1367/2208] PORTAL_ARC_ATLANTA_DATAATLA_E3F1BF2204 rows=536 cols=47 5.2s
[1368/2208] PORTAL_ARC_ATLANTA_DATAATLA_DE1E9D4350 rows=531 cols=18 3.4s
[1369/2208] XC_OWID_TEMP_ANOMALY rows=531 cols=9 3.0s
[1370/2208] PORTAL_SOC_UTAH_OPEN_DATA_P_598E83DA4D rows=529 cols=100 7.0s
[1371/2208] PORTAL_SOC_UTAH_OPEN_DATA_P_99D27E2813 rows=528 cols=100 5.5s
[1372/2208] PORTAL_SOC_UTAH_OPEN_DATA_P_7B0A7183BD rows=527 cols=98 10.0s
[1373/2208] PORTAL_ARC_HARRIS_COUNTY_OP_CAF5C156E3 rows=526 cols=91 11.5s
[1374/2208] PORTAL_ARC_HARRIS_COUNTY_OP_5AB72D4A23 rows=526 cols=93 6.7s
[1375/2208] PORTAL_ARC_HARRIS_COUNTY_OP_FE2134F2C8 rows=526 cols=91 7.7s
[1376/2208] PORTAL_SOC_AUSTIN_OPEN_DATA_0B4C639A1C rows=526 cols=9 2.5s
[1377/2208] PORTAL_SOC_UTAH_OPEN_DATA_P_728FDA9FB7 rows=525 cols=100 6.0s
[1378/2208] PORTAL_SOC_UTAH_OPEN_DATA_P_2027B55EDA rows=525 cols=100 6.1s
[1379/2208] CA_LOBBY_EMPLOYER_FIRMS rows=524 cols=8 1.9s
[1380/2208] PORTAL_CKA_WESTERN_PENNSYLV_7D8C19B074 rows=523 cols=15 3.7s
[1381/2208] PORTAL_CKA_WPRDC_ALLEGHENY_415F1FE712 rows=523 cols=15 4.2s
[1382/2208] PORTAL_CKA_VIRGINIA_OPEN_DA_A1B2888C0A rows=518 cols=17 4.1s
[1383/2208] PORTAL_ARC_ATLANTA_DATAATLA_CF92C66AB6 rows=515 cols=38 5.6s
[1384/2208] PORTAL_ARC_HARRIS_COUNTY_OP_CBD49C80E4 rows=513 cols=26 4.9s
[1385/2208] PORTAL_CKA_SAN_JOSE_OPEN_DA_2A3B7A30D6 rows=513 cols=20 4.0s
[1386/2208] FED_EIA861_NON_NET_METERING_DISTRIBUTED rows=507 cols=79 7.6s
[1387/2208] PORTAL_CKA_ISRAEL_NATIONAL_DA9560F407 rows=506 cols=14 5.3s
[1388/2208] PORTAL_ARC_TUCSON_OPEN_DATA_944B32BC37 rows=502 cols=27 5.5s
[1389/2208] FED_FEC_API rows=500 cols=23 5.4s
[1390/2208] INTL_CA_OPEN_CANADA rows=500 cols=20 4.6s
[1391/2208] PORTAL_ARC_TN_DATA_TENNESSE_655F6BCC6D rows=500 cols=154 8.6s
[1392/2208] FED_DHS_HIFLD rows=500 cols=18 3.1s
[1393/2208] INTL_BD_DATAGOV rows=500 cols=12 1.7s
[1394/2208] FED_CLINICALTRIALS rows=500 cols=38 4.9s
[1395/2208] PORTAL_SOC_WASHINGTON_STATE_914CF85743 rows=494 cols=21 7.8s
[1396/2208] PORTAL_ARC_HARRIS_COUNTY_OP_52229E2E24 rows=488 cols=173 8.3s
[1397/2208] PORTAL_ARC_ATLANTA_DATAATLA_51A606F539 rows=486 cols=23 5.2s
[1398/2208] PORTAL_CKA_TAMPA_OPEN_DATA_6A2B19FD67 rows=477 cols=13 3.7s
[1399/2208] PORTAL_SOC_TEXAS_OPEN_DATA_F525266F32 rows=474 cols=16 3.2s
[1400/2208] FED_GOOGLE_POLADS_ADVERTISER_DECLARED_STATS rows=470 cols=10 2.7s
[1401/2208] PORTAL_SOC_UTAH_OPEN_DATA_P_A4022A1A2D rows=468 cols=95 5.6s
[1402/2208] FED_EIA861_ENERGY_EFFICIENCY rows=460 cols=53 7.4s
[1403/2208] PORTAL_CKA_ISRAEL_NATIONAL_535B8902A2 rows=454 cols=10 2.9s
[1404/2208] PORTAL_ARC_ATLANTA_DATAATLA_5ADD5EAF6A rows=454 cols=34 5.4s
[1405/2208] INTL_EUROSTAT rows=450 cols=12 2.2s
[1406/2208] PORTAL_SOC_UTAH_OPEN_DATA_P_3C77C8480B rows=450 cols=93 5.6s
[1407/2208] PORTAL_CKA_VIRGINIA_OPEN_DA_651C0C423A rows=449 cols=21 3.0s
[1408/2208] PORTAL_CKA_HOUSTON_OPEN_DAT_4581DA6829 rows=447 cols=17 5.3s
[1409/2208] PORTAL_SOC_TEXAS_OPEN_DATA_A7AB49CB1A rows=447 cols=7 4.8s
[1410/2208] PORTAL_CKA_ISRAEL_NATIONAL_B87C2B5695 rows=446 cols=17 2.9s
[1411/2208] PORTAL_CKA_WPRDC_ALLEGHENY_39AA454DDA rows=445 cols=21 4.1s
[1412/2208] PORTAL_CKA_WESTERN_PENNSYLV_5A83580B83 rows=445 cols=21 4.6s
[1413/2208] PORTAL_CKA_TAMPA_OPEN_DATA_6C25EA91D4 rows=443 cols=10 3.8s
[1414/2208] PORTAL_CKA_OKLAHOMA_OPEN_DA_B2751A2821 rows=442 cols=14 4.6s
[1415/2208] PORTAL_ARC_TUCSON_OPEN_DATA_EC706EAD4C rows=437 cols=78 5.7s
[1416/2208] PORTAL_ARC_OPEN_DATA_DC_01F2D9886C rows=437 cols=59 4.9s
[1417/2208] PORTAL_SOC_UTAH_OPEN_DATA_P_BACD4FF0A2 rows=432 cols=29 2.8s
[1418/2208] XC_BIORXIV_MEDRXIV rows=432 cols=44 3.6s
[1419/2208] PORTAL_CKA_WESTERN_PENNSYLV_4FC22C2C30 rows=427 cols=22 4.6s
[1420/2208] PORTAL_CKA_WPRDC_ALLEGHENY_BB0184F847 rows=427 cols=22 4.2s
[1421/2208] PORTAL_ARC_VERMONT_OPEN_GEO_62F10327D4 rows=424 cols=36 5.0s
[1422/2208] PORTAL_CKA_WPRDC_ALLEGHENY_8E6BDE379C rows=420 cols=28 4.9s
[1423/2208] PORTAL_CKA_WESTERN_PENNSYLV_0DD7796234 rows=420 cols=28 4.6s
[1424/2208] PORTAL_CKA_WPRDC_ALLEGHENY_0CD6A9957C rows=412 cols=24 3.9s
[1425/2208] PORTAL_CKA_WESTERN_PENNSYLV_AAD84A1F6E rows=412 cols=24 4.9s
[1426/2208] PORTAL_ARC_LA_COUNTY_OPEN_D_6F0FCB8A75 rows=411 cols=28 4.3s
[1427/2208] PORTAL_CKA_OKLAHOMA_OPEN_DA_AD79042537 rows=410 cols=14 3.4s
[1428/2208] PORTAL_CKA_WESTERN_PENNSYLV_070A16004D rows=410 cols=35 4.5s
[1429/2208] PORTAL_CKA_WPRDC_ALLEGHENY_12C9244C06 rows=410 cols=35 4.3s
[1430/2208] FED_REVOLVINGDOOR_PROJECT rows=409 cols=40 2.3s
[1431/2208] PORTAL_ARC_ATLANTA_DATAATLA_D6C1E3B844 rows=395 cols=102 6.9s
[1432/2208] PORTAL_CKA_WESTERN_PENNSYLV_57184A8FE4 rows=394 cols=18 3.7s
[1433/2208] PORTAL_CKA_WPRDC_ALLEGHENY_12918A9A0A rows=394 cols=18 4.4s
[1434/2208] PORTAL_CKA_OKLAHOMA_OPEN_DA_9F748576A8 rows=392 cols=13 4.4s
[1435/2208] PORTAL_CKA_ANALYZE_BOSTON_5544ABA2E2 rows=391 cols=20 3.6s
[1436/2208] PORTAL_ARC_ATLANTA_DATAATLA_CC5FA4CA01 rows=390 cols=34 4.1s
[1437/2208] PORTAL_ARC_HARRIS_COUNTY_OP_EDE1E11F9D rows=386 cols=30 4.5s
[1438/2208] PORTAL_ARC_LA_COUNTY_OPEN_D_D75E8EA051 rows=385 cols=40 6.3s
[1439/2208] PORTAL_CKA_CALIFORNIA_OPEN_09F2ECF408 rows=380 cols=24 4.5s
[1440/2208] PORTAL_ARC_OPEN_DATA_RALEIG_5E5B26DC88 rows=375 cols=176 7.5s
[1441/2208] PORTAL_ARC_HARRIS_COUNTY_OP_3E1426DF10 rows=372 cols=35 4.2s
[1442/2208] PORTAL_ARC_HARRIS_COUNTY_OP_1A53499962 rows=372 cols=35 4.0s
[1443/2208] PORTAL_CKA_OPEN_DATA_SA_4B1A24AA85 rows=370 cols=26 5.1s
[1444/2208] PORTAL_CKA_ISRAEL_NATIONAL_F758E5D16E rows=368 cols=12 3.0s
[1445/2208] PORTAL_CKA_WPRDC_ALLEGHENY_2169858E8A rows=368 cols=18 4.8s
[1446/2208] PORTAL_CKA_WESTERN_PENNSYLV_3986161420 rows=368 cols=18 3.2s
[1447/2208] PORTAL_ARC_LA_COUNTY_OPEN_D_460F3F619B rows=366 cols=20 3.6s
[1448/2208] PORTAL_ARC_LA_COUNTY_OPEN_D_108A1E6982 rows=365 cols=28 3.9s
[1449/2208] PORTAL_CKA_ISRAEL_NATIONAL_23EC89FE35 rows=364 cols=16 4.6s
[1450/2208] PORTAL_ARC_HARRIS_COUNTY_OP_D1EB790FBD rows=363 cols=40 3.7s
[1451/2208] PORTAL_ARC_HARRIS_COUNTY_OP_33A3918C80 rows=363 cols=40 4.1s
[1452/2208] PORTAL_CKA_WPRDC_ALLEGHENY_20BC27569A rows=361 cols=57 4.5s
[1453/2208] PORTAL_CKA_WESTERN_PENNSYLV_645F59A90F rows=361 cols=57 4.9s
[1454/2208] PORTAL_ARC_TUCSON_OPEN_DATA_D4FFB81E01 rows=361 cols=78 5.9s
[1455/2208] PORTAL_ARC_HARRIS_COUNTY_OP_7BD125DFB0 rows=359 cols=40 4.4s
[1456/2208] PORTAL_ARC_HARRIS_COUNTY_OP_CB850CC4B0 rows=356 cols=166 7.1s
[1457/2208] PORTAL_CKA_VIRGINIA_OPEN_DA_F4FC6168EA rows=356 cols=26 5.2s
[1458/2208] PORTAL_ARC_TUCSON_OPEN_DATA_7B93FAAC46 rows=354 cols=45 5.0s
[1459/2208] PORTAL_CKA_CALIFORNIA_OPEN_016FCE0E20 rows=353 cols=7 3.3s
[1460/2208] PORTAL_CKA_SAN_JOSE_OPEN_DA_DA9D21318D rows=352 cols=40 5.1s
[1461/2208] PORTAL_CKA_TAMPA_OPEN_DATA_31262C6D5A rows=348 cols=13 4.3s
[1462/2208] PORTAL_CKA_OKLAHOMA_OPEN_DA_8F8A85793F rows=347 cols=14 5.6s
[1463/2208] PORTAL_CKA_ANALYZE_BOSTON_F267F0B038 rows=346 cols=11 3.1s
[1464/2208] PORTAL_CKA_SAN_JOSE_OPEN_DA_30D54CBFB9 rows=344 cols=21 4.0s
[1465/2208] INTL_OSFI_REGULATED_FI rows=343 cols=16 2.4s
[1466/2208] XC_NAGIX_DPRK_MISSILE_TESTS rows=340 cols=15 3.7s
[1467/2208] PORTAL_CKA_ISRAEL_NATIONAL_36F3314F93 rows=340 cols=16 3.9s
[1468/2208] FED_EIA861_DEMAND_RESPONSE rows=340 cols=39 5.2s
[1469/2208] PORTAL_ARC_TUCSON_OPEN_DATA_563E6E04A6 rows=339 cols=45 6.6s
[1470/2208] PORTAL_CKA_OPEN_DATA_SA_61F8B1C981 rows=337 cols=12 4.2s
[1471/2208] FED_BIA_TRIBAL_GEO rows=335 cols=10 3.4s
[1472/2208] PORTAL_ARC_OPEN_DATA_RALEIG_E6D57DA26D rows=334 cols=13 2.6s
[1473/2208] PORTAL_ARC_LA_COUNTY_OPEN_D_7528D085CE rows=329 cols=32 4.6s
[1474/2208] PORTAL_SOC_COLORADO_INFORMA_D017CFCF7F rows=327 cols=20 4.5s
[1475/2208] PORTAL_ARC_ATLANTA_DATAATLA_A59DB2E766 rows=322 cols=30 4.4s
[1476/2208] PORTAL_CKA_OPEN_DATA_SA_7073B94B84 rows=318 cols=22 3.4s
[1477/2208] PORTAL_CKA_TAMPA_OPEN_DATA_8B7716D270 rows=316 cols=13 3.3s
[1478/2208] PORTAL_CKA_ISRAEL_NATIONAL_D4F3080D38 rows=316 cols=9 3.8s
[1479/2208] PORTAL_CKA_SAN_JOSE_OPEN_DA_4B62EE3E47 rows=312 cols=12 3.5s
[1480/2208] FED_CMS_LTCH rows=311 cols=16 3.9s
[1481/2208] PORTAL_SOC_UTAH_OPEN_DATA_P_FE79F02E34 rows=307 cols=92 4.8s
[1482/2208] PORTAL_CKA_WESTERN_PENNSYLV_6EA0259598 rows=307 cols=11 4.8s
[1483/2208] PORTAL_CKA_WPRDC_ALLEGHENY_A859816F95 rows=307 cols=11 4.1s
[1484/2208] PORTAL_CKA_INDIANA_DATA_HUB_4F4EC0066B rows=306 cols=13 3.4s
[1485/2208] PORTAL_CKA_WPRDC_ALLEGHENY_5163016C30 rows=306 cols=21 2.9s
[1486/2208] PORTAL_CKA_WESTERN_PENNSYLV_F9C1429AB4 rows=306 cols=21 3.1s
[1487/2208] FED_FRB_Z1_CSV rows=304 cols=427 7.5s
[1488/2208] PORTAL_SOC_DELAWARE_OPEN_DA_D15606CF5C rows=303 cols=10 2.5s
[1489/2208] INTL_NTI_CNS_DPRK_MISSILE_TESTS rows=303 cols=22 4.5s
[1490/2208] FED_FFIEC_CALL_REPORTS rows=302 cols=17 1.8s
[1491/2208] PORTAL_CKA_ANALYZE_BOSTON_4A5CA3BCE5 rows=301 cols=20 4.5s
[1492/2208] FED_US_USASPENDING_API rows=300 cols=34 3.9s
[1493/2208] PORTAL_CKA_SAN_JOSE_OPEN_DA_2ED954C361 rows=297 cols=13 3.6s
[1494/2208] PORTAL_CKA_ANALYZE_BOSTON_5FC2A4D010 rows=295 cols=33 3.8s
[1495/2208] PORTAL_ARC_TUCSON_OPEN_DATA_7E21327FCB rows=294 cols=78 5.3s
[1496/2208] PORTAL_CKA_OPEN_DATA_SA_726064391E rows=292 cols=26 5.3s
[1497/2208] PORTAL_ARC_HARRIS_COUNTY_OP_183E778C9D rows=292 cols=84 6.7s
[1498/2208] PORTAL_CKA_OPEN_DATA_SA_D4D6661D85 rows=292 cols=26 6.1s
[1499/2208] FED_NOAA_WEATHER_API rows=287 cols=35 4.3s
[1500/2208] PORTAL_ARC_VERMONT_OPEN_GEO_DE261D6F8C rows=286 cols=54 5.0s
[1501/2208] PORTAL_ARC_VERMONT_OPEN_GEO_9E55D67E2C rows=286 cols=54 5.1s
[1502/2208] PORTAL_ARC_ATLANTA_DATAATLA_93AA493487 rows=280 cols=34 4.8s
[1503/2208] PORTAL_CKA_WPRDC_ALLEGHENY_FBF4BA8D72 rows=277 cols=25 3.8s
[1504/2208] PORTAL_CKA_WESTERN_PENNSYLV_8863985427 rows=277 cols=25 3.3s
[1505/2208] PORTAL_CKA_WESTERN_PENNSYLV_3BC0395530 rows=276 cols=87 5.8s
[1506/2208] PORTAL_ARC_TUCSON_OPEN_DATA_E794DDDF28 rows=276 cols=37 4.5s
[1507/2208] PORTAL_CKA_WPRDC_ALLEGHENY_55C0E96166 rows=276 cols=87 5.5s
[1508/2208] PORTAL_CKA_ANALYZE_BOSTON_992876D5AB rows=275 cols=16 3.3s
[1509/2208] PORTAL_SOC_CONNECTICUT_OPEN_B2B9303A5F rows=274 cols=10 3.4s
[1510/2208] PORTAL_CKA_TAMPA_OPEN_DATA_3DAE51799D rows=266 cols=13 4.3s
[1511/2208] PORTAL_CKA_VIRGINIA_OPEN_DA_3BB10A6097 rows=263 cols=14 4.4s
[1512/2208] PORTAL_ARC_HARRIS_COUNTY_OP_D354D2D6E2 rows=257 cols=90 6.1s
[1513/2208] CA_LOBBY_FIRM rows=256 cols=21 3.7s
[1514/2208] PORTAL_ARC_HARRIS_COUNTY_OP_D048520A99 rows=254 cols=122 7.0s
[1515/2208] PORTAL_ARC_HARRIS_COUNTY_OP_3E3BFD2059 rows=254 cols=126 6.3s
[1516/2208] PORTAL_CKA_WESTERN_PENNSYLV_2AA69E6971 rows=253 cols=14 3.5s
[1517/2208] PORTAL_CKA_WPRDC_ALLEGHENY_8DDE33B4BE rows=253 cols=14 3.7s
[1518/2208] FED_USGS_TOPOVIEW rows=250 cols=21 3.0s
[1519/2208] PORTAL_SOC_COLORADO_INFORMA_F78543C045 rows=249 cols=24 4.7s
[1520/2208] PORTAL_SOC_UTAH_OPEN_DATA_P_F1292B8D2F rows=249 cols=34 5.2s
[1521/2208] PORTAL_CKA_SAN_JOSE_OPEN_DA_E2D21C0535 rows=246 cols=23 4.8s
[1522/2208] FED_FHFA_SUSPENDED_COUNTERPARTY_PROGRAM rows=241 cols=11 3.2s
[1523/2208] FED_FHFA_SUSPENDED_COUNTERPARTIES rows=241 cols=11 2.8s
[1524/2208] FED_FHFA_SUSPENDED_COUNTERPARTY rows=241 cols=11 3.1s
[1525/2208] PORTAL_SOC_TEXAS_OPEN_DATA_D83872D208 rows=239 cols=15 5.4s
[1526/2208] FED_TREASURY_DEBT_OUTSTANDING rows=237 cols=12 2.3s
[1527/2208] PORTAL_CKA_ANALYZE_BOSTON_134A12A020 rows=235 cols=17 4.3s
[1528/2208] INTL_GLOBAL_WITNESS_DEFENDERS rows=232 cols=14 1.6s
[1529/2208] PORTAL_SOC_UTAH_OPEN_DATA_P_701571FD92 rows=231 cols=22 4.2s
[1530/2208] PORTAL_CKA_ISRAEL_NATIONAL_C596979F55 rows=231 cols=17 3.8s
[1531/2208] PORTAL_CKA_ANALYZE_BOSTON_8A79542C61 rows=227 cols=8 2.8s
[1532/2208] PORTAL_ARC_LA_COUNTY_OPEN_D_5AB83C24A0 rows=225 cols=17 3.0s
[1533/2208] PORTAL_CKA_ISRAEL_NATIONAL_936E1A0BA2 rows=223 cols=17 2.6s
[1534/2208] PORTAL_CKA_TAMPA_OPEN_DATA_06C9CC7276 rows=221 cols=13 3.4s
[1535/2208] FED_ICE_STATISTICS rows=221 cols=13 2.4s
[1536/2208] PORTAL_CKA_TAMPA_OPEN_DATA_E589C6750A rows=218 cols=13 3.2s
[1537/2208] FED_OCC_THRIFTS rows=218 cols=13 3.2s
[1538/2208] PORTAL_CKA_WPRDC_ALLEGHENY_4A80359B95 rows=215 cols=26 5.2s
[1539/2208] PORTAL_CKA_WESTERN_PENNSYLV_F37C7E01BF rows=215 cols=26 5.3s
[1540/2208] PORTAL_ARC_HARRIS_COUNTY_OP_6529979A2A rows=214 cols=38 5.3s
[1541/2208] PORTAL_ARC_LA_COUNTY_OPEN_D_90F6889981 rows=212 cols=17 4.7s
[1542/2208] FED_SEC_BUSINESS_DEVELOPMENT_COMPANY_REPORT rows=212 cols=13 2.9s
[1543/2208] PORTAL_ARC_ATLANTA_DATAATLA_79E3C7BD36 rows=209 cols=30 5.7s
[1544/2208] PORTAL_CKA_ANALYZE_BOSTON_DF52D983A2 rows=208 cols=311 7.1s
[1545/2208] PORTAL_CKA_ANALYZE_BOSTON_99D95F2DF0 rows=207 cols=18 3.8s
[1546/2208] PORTAL_CKA_WPRDC_ALLEGHENY_46C43D5623 rows=205 cols=26 5.1s
[1547/2208] PORTAL_CKA_WESTERN_PENNSYLV_F1230A63DA rows=205 cols=26 6.1s
[1548/2208] PORTAL_ARC_OPEN_DATA_DC_8C6EF16235 rows=204 cols=29 4.3s
[1549/2208] FED_IRS_990 rows=200 cols=21 2.3s
[1550/2208] INTL_FATF_RATINGS rows=200 cols=10 1.4s
[1551/2208] FED_SEC_EDGAR rows=200 cols=21 2.9s
[1552/2208] FED_ITIS_EXPERTS rows=197 cols=8 2.1s
[1553/2208] PORTAL_ARC_MEMPHIS_OPEN_DAT_47C4A90FEA rows=196 cols=23 3.5s
[1554/2208] PORTAL_ARC_MARICOPA_COUNTY_91150B6A88 rows=195 cols=7 3.2s
[1555/2208] PORTAL_SOC_MARYLAND_OPEN_DA_786470E96F rows=194 cols=21 4.1s
[1556/2208] PORTAL_CKA_ANALYZE_BOSTON_5288DB6955 rows=191 cols=20 4.6s
[1557/2208] PORTAL_ARC_TUCSON_OPEN_DATA_5D84AF2604 rows=190 cols=79 5.3s
[1558/2208] PORTAL_CKA_OKLAHOMA_OPEN_DA_4DA0B9CF8C rows=189 cols=49 4.9s
[1559/2208] FED_EIA_861_BALANCING_AUTHORITY rows=189 cols=8 2.4s
[1560/2208] PORTAL_ARC_TUCSON_OPEN_DATA_95246841CB rows=189 cols=79 5.5s
[1561/2208] FED_EIA861_BALANCING_AUTHORITY rows=188 cols=8 2.1s
[1562/2208] PORTAL_ARC_LA_COUNTY_OPEN_D_6DF63A4983 rows=187 cols=16 2.5s
[1563/2208] PORTAL_ARC_ORANGE_COUNTY_OP_05390F8D55 rows=184 cols=36 7.6s
[1564/2208] FED_ITIS_TAXON_UNIT_TYPES rows=182 cols=9 2.0s
[1565/2208] PORTAL_CKA_WPRDC_ALLEGHENY_EEC7410B74 rows=179 cols=7 2.0s
[1566/2208] PORTAL_CKA_WESTERN_PENNSYLV_6519EACD82 rows=179 cols=7 2.1s
[1567/2208] PORTAL_ARC_TUCSON_OPEN_DATA_6E966EDC1B rows=176 cols=78 5.2s
[1568/2208] PORTAL_CKA_HOUSTON_OPEN_DAT_932DB3FB0B rows=174 cols=11 2.5s
[1569/2208] CA_LOBBY_FIRM_EMPLOYER rows=170 cols=14 5.1s
[1570/2208] PORTAL_ARC_LA_COUNTY_OPEN_D_E68DDAB268 rows=167 cols=28 4.3s
[1571/2208] PORTAL_CKA_OPEN_DATA_SA_E8025ED747 rows=166 cols=13 3.7s
[1572/2208] FED_FDA_ESTABLISHMENT_REG rows=166 cols=4 3.2s
[1573/2208] FED_ICE_DETENTION_FACILITY_LIST rows=165 cols=8 2.2s
[1574/2208] FED_JPML_PENDING_MDLS rows=162 cols=9 2.2s
[1575/2208] PORTAL_ARC_ORANGE_COUNTY_OP_43A1FE3FBE rows=161 cols=36 4.0s
[1576/2208] PORTAL_CKA_WESTERN_PENNSYLV_DCE73F8EFA rows=161 cols=23 3.5s
[1577/2208] FED_JPML_PENDING_MDL rows=161 cols=10 3.0s
[1578/2208] PORTAL_CKA_WPRDC_ALLEGHENY_F38F393B45 rows=161 cols=23 4.0s
[1579/2208] PORTAL_SOC_NEW_YORK_STATE_O_49CD8C5B65 rows=161 cols=9 3.7s
[1580/2208] PORTAL_CKA_WESTERN_PENNSYLV_F25943DE2B rows=160 cols=22 3.6s
[1581/2208] PORTAL_CKA_WPRDC_ALLEGHENY_97A64BA0A6 rows=160 cols=22 3.3s
[1582/2208] FED_CMS_MAIN rows=158 cols=13 2.0s
[1583/2208] PORTAL_SOC_SF_OPENDATA_DATA_C19EE9EB44 rows=157 cols=36 4.2s
[1584/2208] PORTAL_CKA_ANALYZE_BOSTON_1321CB60B5 rows=156 cols=13 3.4s
[1585/2208] PORTAL_CKA_OPEN_DATA_SA_650A56F29C rows=156 cols=9 3.4s
[1586/2208] INTL_LEIDEN_RUSSIAN_OPS_EUROPE rows=153 cols=19 3.4s
[1587/2208] INTL_EG_CAPMAS rows=150 cols=10 1.8s
[1588/2208] PORTAL_CKA_TAMPA_OPEN_DATA_2FF7BA4861 rows=150 cols=13 4.3s
[1589/2208] PORTAL_SOC_COLORADO_INFORMA_C4D7351098 rows=150 cols=18 2.9s
[1590/2208] PORTAL_CKA_ISRAEL_NATIONAL_3F4B3F41BE rows=150 cols=10 2.2s
[1591/2208] PORTAL_ARC_LA_COUNTY_OPEN_D_86C98732BB rows=146 cols=18 4.1s
[1592/2208] PORTAL_CKA_WESTERN_PENNSYLV_A3608CE8E0 rows=145 cols=17 3.9s
[1593/2208] PORTAL_CKA_WPRDC_ALLEGHENY_D6143BDC6C rows=145 cols=17 4.6s
[1594/2208] PORTAL_CKA_ISRAEL_NATIONAL_B0A05D8626 rows=145 cols=12 3.2s
[1595/2208] FED_VA_SUICIDE_APPENDIX rows=144 cols=16 3.0s
[1596/2208] PORTAL_ARC_ATLANTA_DATAATLA_1A7F4ADC21 rows=144 cols=30 4.1s
[1597/2208] FED_DOCSOUTH rows=144 cols=9 2.6s
[1598/2208] PORTAL_ARC_TUCSON_OPEN_DATA_A0293B412C rows=144 cols=77 6.8s
[1599/2208] PORTAL_ARC_TUCSON_OPEN_DATA_0F83B7C628 rows=142 cols=89 5.6s
[1600/2208] PORTAL_CKA_SAN_JOSE_OPEN_DA_0AAE3B04A3 rows=140 cols=20 3.7s
[1601/2208] PORTAL_CKA_WPRDC_ALLEGHENY_D5F6331DFB rows=138 cols=11 2.9s
[1602/2208] PORTAL_CKA_WESTERN_PENNSYLV_2CFAAEA4FD rows=138 cols=35 5.7s
[1603/2208] PORTAL_CKA_WESTERN_PENNSYLV_3E5A14A8A0 rows=138 cols=11 2.7s
[1604/2208] PORTAL_CKA_WPRDC_ALLEGHENY_2C7518708C rows=138 cols=35 4.5s
[1605/2208] PORTAL_CKA_VIRGINIA_OPEN_DA_39C6E329F1 rows=136 cols=9 2.3s
[1606/2208] PORTAL_CKA_HOUSTON_OPEN_DAT_1439E11E74 rows=135 cols=7 2.9s
[1607/2208] PORTAL_CKA_ANALYZE_BOSTON_7D75FD803F rows=134 cols=18 3.7s
[1608/2208] PORTAL_CKA_CALIFORNIA_OPEN_E2CDCDBC2C rows=134 cols=11 2.5s
[1609/2208] PORTAL_CKA_SAN_JOSE_OPEN_DA_4218690BB6 rows=134 cols=26 4.7s
[1610/2208] PORTAL_ARC_OPEN_DATA_DC_5B867C795C rows=133 cols=10 2.5s
[1611/2208] PORTAL_CKA_OPEN_DATA_SA_E846782F2C rows=133 cols=39 5.8s
[1612/2208] PORTAL_ARC_OPEN_DATA_DC_D8E55D5B7F rows=133 cols=10 2.6s
[1613/2208] PORTAL_CKA_WESTERN_PENNSYLV_EED8A7BFA0 rows=130 cols=19 4.4s
[1614/2208] PORTAL_CKA_WPRDC_ALLEGHENY_7103930983 rows=130 cols=19 4.5s
[1615/2208] PORTAL_ARC_ATLANTA_DATAATLA_03DC194F2A rows=130 cols=34 4.6s
[1616/2208] PORTAL_CKA_WPRDC_ALLEGHENY_680EA60076 rows=130 cols=23 4.4s
[1617/2208] PORTAL_CKA_WESTERN_PENNSYLV_4E9F15E555 rows=130 cols=23 4.6s
[1618/2208] PORTAL_CKA_ANALYZE_BOSTON_9791D2174D rows=129 cols=12 4.2s
[1619/2208] PORTAL_ARC_ATLANTA_DATAATLA_A6D51869AF rows=128 cols=20 5.2s
[1620/2208] PORTAL_ARC_ATLANTA_DATAATLA_3E1237B0E9 rows=128 cols=20 4.7s
[1621/2208] PORTAL_ARC_ATLANTA_DATAATLA_BAAC9A60C4 rows=127 cols=20 5.3s
[1622/2208] PORTAL_ARC_LA_COUNTY_OPEN_D_18EE361084 rows=126 cols=34 4.1s
[1623/2208] PORTAL_ARC_LA_COUNTY_OPEN_D_92EFBD96E7 rows=126 cols=32 4.5s
[1624/2208] PORTAL_ARC_HARRIS_COUNTY_OP_D9A3089ED0 rows=125 cols=47 5.4s
[1625/2208] FED_NSF_AWARDS rows=125 cols=23 4.5s
[1626/2208] PORTAL_ARC_HARRIS_COUNTY_OP_F3D3A3AB57 rows=125 cols=47 4.4s
[1627/2208] PORTAL_CKA_VIRGINIA_OPEN_DA_E3C86F8B93 rows=123 cols=12 2.4s
[1628/2208] PORTAL_CKA_ISRAEL_NATIONAL_E5BC15077D rows=123 cols=14 4.3s
[1629/2208] PORTAL_ARC_TUCSON_OPEN_DATA_8AAD75BF85 rows=119 cols=84 5.1s
[1630/2208] PORTAL_SOC_UTAH_OPEN_DATA_P_21E87270E6 rows=118 cols=9 2.6s
[1631/2208] PORTAL_SOC_UTAH_OPEN_DATA_P_617EBA9CD6 rows=118 cols=9 3.1s
[1632/2208] PORTAL_ARC_ATLANTA_DATAATLA_A6A6A74172 rows=118 cols=21 4.6s
[1633/2208] PORTAL_SOC_UTAH_OPEN_DATA_P_6679F2DEDB rows=118 cols=9 3.3s
[1634/2208] PORTAL_SOC_UTAH_OPEN_DATA_P_AFAD2153EA rows=118 cols=9 2.8s
[1635/2208] PORTAL_SOC_UTAH_OPEN_DATA_P_376293FCF7 rows=118 cols=9 2.4s
[1636/2208] PORTAL_SOC_UTAH_OPEN_DATA_P_4DA2A1E62F rows=118 cols=9 2.9s
[1637/2208] PORTAL_SOC_UTAH_OPEN_DATA_P_EEFC28CE6F rows=118 cols=9 2.8s
[1638/2208] PORTAL_SOC_UTAH_OPEN_DATA_P_275CD55E37 rows=118 cols=9 3.4s
[1639/2208] PORTAL_SOC_UTAH_OPEN_DATA_P_FB657AA744 rows=118 cols=9 2.7s
[1640/2208] PORTAL_SOC_UTAH_OPEN_DATA_P_5E52F5D62F rows=118 cols=9 2.6s
[1641/2208] PORTAL_SOC_UTAH_OPEN_DATA_P_08BA00868C rows=118 cols=9 2.6s
[1642/2208] PORTAL_SOC_UTAH_OPEN_DATA_P_9875D7F6E3 rows=118 cols=9 3.4s
[1643/2208] PORTAL_ARC_ATLANTA_DATAATLA_AAF9599F45 rows=118 cols=25 7.8s
[1644/2208] PORTAL_SOC_UTAH_OPEN_DATA_P_B55A5210A0 rows=118 cols=9 2.9s
[1645/2208] PORTAL_SOC_UTAH_OPEN_DATA_P_BF857F3B65 rows=118 cols=9 3.2s
[1646/2208] PORTAL_SOC_UTAH_OPEN_DATA_P_49602BAEC5 rows=118 cols=9 2.8s
[1647/2208] PORTAL_SOC_UTAH_OPEN_DATA_P_623DBEE2EF rows=118 cols=9 2.8s
[1648/2208] PORTAL_ARC_ATLANTA_DATAATLA_5A321B0C21 rows=118 cols=21 4.3s
[1649/2208] PORTAL_SOC_UTAH_OPEN_DATA_P_55B6E45F3F rows=118 cols=9 3.9s
[1650/2208] PORTAL_SOC_UTAH_OPEN_DATA_P_27F4752A1B rows=117 cols=9 2.7s
[1651/2208] PORTAL_SOC_UTAH_OPEN_DATA_P_2FDF78BD22 rows=117 cols=9 2.7s
[1652/2208] PORTAL_SOC_UTAH_OPEN_DATA_P_B84814B0C6 rows=117 cols=9 2.8s
[1653/2208] PORTAL_SOC_UTAH_OPEN_DATA_P_A8921E729F rows=117 cols=9 3.1s
[1654/2208] PORTAL_SOC_UTAH_OPEN_DATA_P_447082E18E rows=117 cols=9 2.9s
[1655/2208] PORTAL_SOC_UTAH_OPEN_DATA_P_36BE408253 rows=117 cols=9 2.8s
[1656/2208] PORTAL_SOC_UTAH_OPEN_DATA_P_645B93D1C3 rows=117 cols=9 3.1s
[1657/2208] PORTAL_SOC_UTAH_OPEN_DATA_P_1C0C156DA7 rows=117 cols=9 2.9s
[1658/2208] PORTAL_SOC_UTAH_OPEN_DATA_P_8196274D0D rows=117 cols=9 2.8s
[1659/2208] PORTAL_SOC_UTAH_OPEN_DATA_P_CAEBCFEEAF rows=117 cols=9 2.6s
[1660/2208] PORTAL_SOC_UTAH_OPEN_DATA_P_0028F23236 rows=117 cols=9 2.7s
[1661/2208] PORTAL_SOC_UTAH_OPEN_DATA_P_6223211050 rows=117 cols=9 3.7s
[1662/2208] PORTAL_SOC_UTAH_OPEN_DATA_P_50B9839DCD rows=117 cols=9 3.0s
[1663/2208] PORTAL_SOC_UTAH_OPEN_DATA_P_A396F5D252 rows=116 cols=9 2.5s
[1664/2208] PORTAL_SOC_UTAH_OPEN_DATA_P_FA2123B348 rows=116 cols=9 2.8s
[1665/2208] PORTAL_SOC_UTAH_OPEN_DATA_P_E7A8212053 rows=116 cols=9 3.0s
[1666/2208] PORTAL_SOC_UTAH_OPEN_DATA_P_79CFD825BF rows=116 cols=9 2.6s
[1667/2208] PORTAL_SOC_UTAH_OPEN_DATA_P_AC57352C67 rows=116 cols=9 3.1s
[1668/2208] PORTAL_SOC_UTAH_OPEN_DATA_P_F6E04B3D02 rows=116 cols=9 2.8s
[1669/2208] PORTAL_SOC_UTAH_OPEN_DATA_P_B0241DEE4B rows=116 cols=9 3.0s
[1670/2208] PORTAL_SOC_UTAH_OPEN_DATA_P_F9EFC33574 rows=116 cols=9 2.8s
[1671/2208] PORTAL_SOC_UTAH_OPEN_DATA_P_CEE3F16579 rows=116 cols=9 3.0s
[1672/2208] PORTAL_SOC_UTAH_OPEN_DATA_P_A6AF8166D5 rows=116 cols=9 2.5s
[1673/2208] PORTAL_SOC_UTAH_OPEN_DATA_P_5D4CAAD7FB rows=116 cols=9 3.7s
[1674/2208] PORTAL_SOC_UTAH_OPEN_DATA_P_4ED1B6FFA6 rows=116 cols=9 3.0s
[1675/2208] PORTAL_SOC_UTAH_OPEN_DATA_P_1E3F70C6A8 rows=116 cols=9 3.0s
[1676/2208] PORTAL_SOC_UTAH_OPEN_DATA_P_37975584A8 rows=116 cols=9 2.8s
[1677/2208] PORTAL_SOC_UTAH_OPEN_DATA_P_4DDE6E2C89 rows=116 cols=9 2.9s
[1678/2208] PORTAL_SOC_UTAH_OPEN_DATA_P_BF328ADD84 rows=116 cols=9 3.0s
[1679/2208] PORTAL_SOC_UTAH_OPEN_DATA_P_42CA38B0B0 rows=116 cols=9 3.7s
[1680/2208] PORTAL_SOC_UTAH_OPEN_DATA_P_7DACFB4113 rows=116 cols=9 3.4s
[1681/2208] PORTAL_CKA_OPEN_DATA_SA_6D1B83AC0A rows=115 cols=28 4.2s
[1682/2208] PORTAL_CKA_OPEN_DATA_SA_38DF78BD6D rows=115 cols=13 4.3s
[1683/2208] PORTAL_CKA_WPRDC_ALLEGHENY_1EF371E8E0 rows=114 cols=7 2.3s
[1684/2208] PORTAL_CKA_WESTERN_PENNSYLV_6DC9E5D03F rows=114 cols=7 2.6s
[1685/2208] PORTAL_CKA_SAN_JOSE_OPEN_DA_0E84D71B5D rows=112 cols=27 4.7s
[1686/2208] PORTAL_SOC_WASHINGTON_STATE_1A95FB1665 rows=112 cols=10 4.2s
[1687/2208] PORTAL_ARC_LA_COUNTY_OPEN_D_F6444997FA rows=111 cols=32 4.3s
[1688/2208] PORTAL_CKA_WPRDC_ALLEGHENY_E2D2938646 rows=111 cols=36 4.5s
[1689/2208] FED_USASPENDING_TOPTIER_AGENCIES rows=111 cols=16 4.7s
[1690/2208] PORTAL_CKA_WESTERN_PENNSYLV_03AB547ADB rows=111 cols=36 4.4s
[1691/2208] PORTAL_CKA_ISRAEL_NATIONAL_5A45B45E6B rows=110 cols=177 6.7s
[1692/2208] PORTAL_ARC_OPEN_DATA_MINNEA_0426858DFE rows=110 cols=30 4.5s
[1693/2208] PORTAL_ARC_ATLANTA_DATAATLA_A0F4032894 rows=109 cols=27 3.9s
[1694/2208] PORTAL_ARC_ATLANTA_DATAATLA_898CD032B3 rows=109 cols=27 3.8s
[1695/2208] PORTAL_CKA_OPEN_DATA_SA_5B3CE659E5 rows=108 cols=17 3.6s
[1696/2208] PORTAL_SOC_UTAH_OPEN_DATA_P_B0F7881369 rows=107 cols=92 5.1s
[1697/2208] PORTAL_ARC_ATLANTA_DATAATLA_4C51545609 rows=106 cols=36 5.1s
[1698/2208] PORTAL_CKA_ISRAEL_NATIONAL_5AB9E69A36 rows=106 cols=8 3.2s
[1699/2208] PORTAL_CKA_TAMPA_OPEN_DATA_A61789D619 rows=106 cols=13 3.3s
[1700/2208] PORTAL_CKA_OPEN_DATA_SA_75596F44E9 rows=105 cols=14 4.2s
[1701/2208] PORTAL_CKA_TAMPA_OPEN_DATA_7B31B708C9 rows=104 cols=26 5.1s
[1702/2208] PORTAL_SOC_UTAH_OPEN_DATA_P_86FCD42645 rows=103 cols=27 3.5s
[1703/2208] XC_JCS_MEDIANS rows=102 cols=37 3.7s
[1704/2208] PORTAL_CKA_WPRDC_ALLEGHENY_86091A7F3E rows=102 cols=16 3.3s
[1705/2208] PORTAL_CKA_WESTERN_PENNSYLV_72F70A0697 rows=102 cols=16 6.1s
[1706/2208] PORTAL_CKA_OPEN_DATA_SA_D4BC1D6201 rows=101 cols=5 2.1s
[1707/2208] PORTAL_ARC_HARRIS_COUNTY_OP_32D5FF05CA rows=100 cols=123 9.7s
[1708/2208] FED_GRANTS_GOV rows=100 cols=26 3.0s
[1709/2208] PORTAL_ARC_HARRIS_COUNTY_OP_795533139C rows=100 cols=123 6.9s
[1710/2208] XC_WIKIPEDIA_LARGEST_US_COMPANIES rows=100 cols=10 2.7s
[1711/2208] FED_WPA_SLAVE_NARRATIVES rows=100 cols=16 1.9s
[1712/2208] PORTAL_SOC_UTAH_OPEN_DATA_P_51F192B9AC rows=99 cols=21 2.8s
[1713/2208] PORTAL_ARC_HARRIS_COUNTY_OP_167EC31B95 rows=96 cols=91 6.0s
[1714/2208] PORTAL_CKA_SAN_JOSE_OPEN_DA_5C575BFEB9 rows=94 cols=15 5.8s
[1715/2208] PORTAL_SOC_UTAH_OPEN_DATA_P_A5AE4FD7A4 rows=94 cols=98 6.7s
[1716/2208] PORTAL_CKA_SAN_JOSE_OPEN_DA_804D7561A2 rows=94 cols=20 4.4s
[1717/2208] PORTAL_SOC_UTAH_OPEN_DATA_P_D9CAA2E2F3 rows=93 cols=21 3.2s
[1718/2208] PORTAL_ARC_LA_COUNTY_OPEN_D_0A94DB308E rows=93 cols=64 5.3s
[1719/2208] PORTAL_CKA_INDIANA_DATA_HUB_BD531B17F6 rows=92 cols=15 3.1s
[1720/2208] PORTAL_CKA_SAN_JOSE_OPEN_DA_D4BF270A36 rows=92 cols=24 3.7s
[1721/2208] FED_USASPENDING_TAS_FILTER_TREE rows=92 cols=8 2.2s
[1722/2208] PORTAL_ARC_ATLANTA_DATAATLA_7B1D4C8E25 rows=92 cols=36 5.6s
[1723/2208] PORTAL_CKA_WESTERN_PENNSYLV_FBECF42E16 rows=91 cols=25 3.4s
[1724/2208] PORTAL_CKA_WPRDC_ALLEGHENY_B20A13551F rows=91 cols=25 3.9s
[1725/2208] PORTAL_CKA_WPRDC_ALLEGHENY_982637B35D rows=90 cols=43 4.5s
[1726/2208] PORTAL_CKA_WESTERN_PENNSYLV_D179E603D1 rows=90 cols=43 4.7s
[1727/2208] PORTAL_CKA_WESTERN_PENNSYLV_90C8EE5E0C rows=90 cols=19 3.7s
[1728/2208] PORTAL_CKA_WPRDC_ALLEGHENY_F2CF388E3D rows=90 cols=19 3.7s
[1729/2208] PORTAL_CKA_OPEN_DATA_SA_E6366CDFC9 rows=88 cols=12 3.2s
[1730/2208] FED_FDA_DEVICE_510K rows=88 cols=4 3.2s
[1731/2208] PORTAL_SOC_UTAH_OPEN_DATA_P_9C28A0A981 rows=88 cols=21 3.1s
[1732/2208] PORTAL_ARC_OPEN_DATA_RALEIG_67EFBAC9DD rows=88 cols=23 5.7s
[1733/2208] PORTAL_SOC_UTAH_OPEN_DATA_P_A3773E6FF0 rows=88 cols=21 2.9s
[1734/2208] PORTAL_CKA_TAMPA_OPEN_DATA_DDBAF3B966 rows=88 cols=13 2.8s
[1735/2208] PORTAL_CKA_ISRAEL_NATIONAL_B0E3B6B19B rows=87 cols=8 3.2s
[1736/2208] PORTAL_SOC_UTAH_OPEN_DATA_P_193D6FEEC1 rows=87 cols=21 3.0s
[1737/2208] PORTAL_CKA_ANALYZE_BOSTON_F5E467A238 rows=87 cols=19 3.6s
[1738/2208] PORTAL_CKA_CALIFORNIA_OPEN_F039E82E72 rows=83 cols=25 3.7s
[1739/2208] PORTAL_ARC_OPEN_DATA_DC_E28C8C471A rows=83 cols=50 4.8s
[1740/2208] PORTAL_SOC_UTAH_OPEN_DATA_P_6319D859B5 rows=83 cols=20 4.2s
[1741/2208] PORTAL_CKA_OPEN_DATA_SA_8B475B44A2 rows=83 cols=7 3.4s
[1742/2208] PORTAL_ARC_OPEN_DATA_DC_B1DAECCB1B rows=83 cols=50 4.3s
[1743/2208] PORTAL_CKA_SAN_JOSE_OPEN_DA_C9D4859B38 rows=83 cols=18 4.9s
[1744/2208] PORTAL_CKA_TAMPA_OPEN_DATA_EAEE1E870C rows=82 cols=26 4.3s
[1745/2208] PORTAL_CKA_VIRGINIA_OPEN_DA_1F3259D1C8 rows=82 cols=12 3.1s
[1746/2208] PORTAL_CKA_WPRDC_ALLEGHENY_4D7552BF98 rows=79 cols=19 2.7s
[1747/2208] PORTAL_CKA_WESTERN_PENNSYLV_AB591E1D68 rows=79 cols=19 2.9s
[1748/2208] PORTAL_CKA_VIRGINIA_OPEN_DA_58CF45D167 rows=78 cols=11 3.2s
[1749/2208] PORTAL_ARC_HARRIS_COUNTY_OP_2718B3279A rows=77 cols=106 6.3s
[1750/2208] FED_HUD_DATA rows=77 cols=11 2.0s
[1751/2208] PORTAL_CKA_INDIANA_DATA_HUB_63403B5EE5 rows=77 cols=6 2.9s
[1752/2208] PORTAL_ARC_HARRIS_COUNTY_OP_374D2E791F rows=77 cols=106 5.5s
[1753/2208] PORTAL_CKA_INDIANA_DATA_HUB_4CFFFDCCA9 rows=77 cols=6 3.1s
[1754/2208] PORTAL_CKA_ANALYZE_BOSTON_897A9990FC rows=77 cols=17 3.7s
[1755/2208] PORTAL_CKA_INDIANA_DATA_HUB_EF21700614 rows=77 cols=6 2.3s
[1756/2208] PORTAL_CKA_INDIANA_DATA_HUB_50ECCF3529 rows=77 cols=6 2.2s
[1757/2208] PORTAL_CKA_INDIANA_DATA_HUB_948340249F rows=77 cols=6 3.3s
[1758/2208] PORTAL_CKA_WESTERN_PENNSYLV_ACAC6B8FEC rows=76 cols=8 3.0s
[1759/2208] PORTAL_ARC_TUCSON_OPEN_DATA_65A6CDEF8F rows=76 cols=37 5.0s
[1760/2208] PORTAL_CKA_WPRDC_ALLEGHENY_5FE14C3854 rows=76 cols=8 3.6s
[1761/2208] PORTAL_ARC_LA_COUNTY_OPEN_D_E549C7C921 rows=76 cols=31 4.5s
[1762/2208] PORTAL_ARC_HARRIS_COUNTY_OP_119B70555B rows=74 cols=60 4.2s
[1763/2208] PORTAL_ARC_TUCSON_OPEN_DATA_57DF097E01 rows=74 cols=78 5.9s
[1764/2208] PORTAL_ARC_ATLANTA_DATAATLA_F07E02DA21 rows=73 cols=36 5.3s
[1765/2208] PORTAL_CKA_WPRDC_ALLEGHENY_615C42BB56 rows=72 cols=420 10.4s
[1766/2208] PORTAL_ARC_ORANGE_COUNTY_OP_BFABCC10A2 rows=72 cols=30 4.9s
[1767/2208] PORTAL_ARC_ORANGE_COUNTY_OP_EA54EC8366 rows=72 cols=31 4.3s
[1768/2208] PORTAL_CKA_VIRGINIA_OPEN_DA_9EB4920327 rows=72 cols=51 5.7s
[1769/2208] PORTAL_CKA_WESTERN_PENNSYLV_1A5DDB6EFA rows=72 cols=420 10.3s
[1770/2208] PORTAL_CKA_WESTERN_PENNSYLV_FC5FF8E6DD rows=71 cols=9 3.5s
[1771/2208] PORTAL_CKA_CALIFORNIA_OPEN_7F65D27DB7 rows=71 cols=18 4.0s
[1772/2208] PORTAL_ARC_TUCSON_OPEN_DATA_1E628CD572 rows=71 cols=37 3.7s
[1773/2208] PORTAL_CKA_WPRDC_ALLEGHENY_4F79FA2E0C rows=71 cols=9 4.4s
[1774/2208] PORTAL_CKA_WPRDC_ALLEGHENY_B78655DE4F rows=70 cols=15 4.4s
[1775/2208] PORTAL_CKA_WESTERN_PENNSYLV_7BFB1A4C7D rows=70 cols=15 4.3s
[1776/2208] PORTAL_CKA_TAMPA_OPEN_DATA_C8043A5DF9 rows=69 cols=13 4.1s
[1777/2208] PORTAL_SOC_UTAH_OPEN_DATA_P_266D3FB7BF rows=69 cols=24 2.1s
[1778/2208] INTL_FAO_FAOSTAT rows=69 cols=11 3.4s
[1779/2208] PORTAL_CKA_SAN_JOSE_OPEN_DA_BA8CF13E13 rows=67 cols=23 4.8s
[1780/2208] PORTAL_SOC_DELAWARE_OPEN_DA_EB5F15ED0E rows=67 cols=20 4.3s
[1781/2208] PORTAL_SOC_UTAH_OPEN_DATA_P_7186EDB84B rows=67 cols=106 7.6s
[1782/2208] PORTAL_ARC_HARRIS_COUNTY_OP_6133483DE0 rows=67 cols=126 5.5s
[1783/2208] PORTAL_ARC_ORANGE_COUNTY_OP_41E4E2185F rows=66 cols=22 3.6s
[1784/2208] PORTAL_ARC_TUCSON_OPEN_DATA_B44EAD49D6 rows=66 cols=78 6.1s
[1785/2208] PORTAL_CKA_SAN_JOSE_OPEN_DA_AE9AA2585E rows=66 cols=31 4.2s
[1786/2208] PORTAL_SOC_MARYLAND_OPEN_DA_7CE817C5CE rows=64 cols=17 3.2s
[1787/2208] PORTAL_SOC_MARYLAND_OPEN_DA_1B2CC0ADB9 rows=64 cols=17 3.3s
[1788/2208] PORTAL_ARC_ORANGE_COUNTY_OP_5E4098F260 rows=63 cols=34 5.2s
[1789/2208] FED_OCC_NATIONAL_BANKS_BY_NAME rows=62 cols=10 2.7s
[1790/2208] PORTAL_ARC_OPEN_BALTIMORE_751D91C991 rows=62 cols=16 4.5s
[1791/2208] PORTAL_CKA_SAN_JOSE_OPEN_DA_9E83620979 rows=62 cols=15 4.0s
[1792/2208] PORTAL_SOC_UTAH_OPEN_DATA_P_DCD75231F6 rows=61 cols=122 6.7s
[1793/2208] PORTAL_ARC_TUCSON_OPEN_DATA_3A7E0821D1 rows=61 cols=80 5.8s
[1794/2208] PORTAL_SOC_UTAH_OPEN_DATA_P_A9B7E273C8 rows=61 cols=121 6.9s
[1795/2208] PORTAL_CKA_ANALYZE_BOSTON_7F82F529E8 rows=60 cols=33 4.3s
[1796/2208] PORTAL_CKA_WPRDC_ALLEGHENY_860ECA7188 rows=60 cols=8 3.5s
[1797/2208] PORTAL_CKA_SAN_JOSE_OPEN_DA_5ED011D868 rows=60 cols=30 4.2s
[1798/2208] PORTAL_CKA_WESTERN_PENNSYLV_FDE38758C9 rows=60 cols=8 3.4s
[1799/2208] PORTAL_ARC_TUCSON_OPEN_DATA_55D5164315 rows=60 cols=36 5.1s
[1800/2208] PORTAL_ARC_ORANGE_COUNTY_OP_75EFFF54D5 rows=59 cols=30 4.1s
[1801/2208] PORTAL_ARC_ORANGE_COUNTY_OP_27452024DB rows=59 cols=29 4.8s
[1802/2208] PORTAL_CKA_SAN_JOSE_OPEN_DA_9EB7D97238 rows=58 cols=36 5.8s
[1803/2208] PORTAL_CKA_CALIFORNIA_OPEN_72414C64DF rows=58 cols=22 2.9s
[1804/2208] PORTAL_ARC_ATLANTA_DATAATLA_3F5DA71919 rows=58 cols=35 4.7s
[1805/2208] PORTAL_ARC_ATLANTA_DATAATLA_7D3C4A9739 rows=57 cols=36 4.7s
[1806/2208] PORTAL_ARC_HARRIS_COUNTY_OP_4F19F66C45 rows=56 cols=92 5.9s
[1807/2208] PORTAL_ARC_WISCONSIN_OPEN_D_4EBC995C5D rows=56 cols=45 4.4s
[1808/2208] PORTAL_CKA_SAN_JOSE_OPEN_DA_BBE1045A31 rows=56 cols=35 5.3s
[1809/2208] PORTAL_ARC_HARRIS_COUNTY_OP_F22D53C24D rows=56 cols=92 5.3s
[1810/2208] XC_CENSUS_CB_STATE ERROR 100039 (22003): Numeric value '56643299' is out of range
[1811/2208] PORTAL_CKA_CALIFORNIA_OPEN_BFFAFC771D rows=55 cols=13 3.0s
[1812/2208] PORTAL_ARC_HARRIS_COUNTY_OP_1966AC023B rows=55 cols=36 5.2s
[1813/2208] PORTAL_CKA_ISRAEL_NATIONAL_2E5C5129DD rows=54 cols=6 2.1s
[1814/2208] PORTAL_ARC_ORANGE_COUNTY_OP_0DEA033879 rows=54 cols=22 4.5s
[1815/2208] FED_NASA_OPEN_DATA rows=54 cols=11 3.6s
[1816/2208] PORTAL_CKA_WPRDC_ALLEGHENY_C12AC76E17 rows=54 cols=14 3.5s
[1817/2208] PORTAL_CKA_WESTERN_PENNSYLV_A58CF00A10 rows=54 cols=14 4.0s
[1818/2208] INTL_EURLEX_CELLAR rows=53 cols=20 2.8s
[1819/2208] PORTAL_CKA_OPEN_DATA_SA_F38D25F947 rows=53 cols=9 3.7s
[1820/2208] PORTAL_ARC_TUCSON_OPEN_DATA_575B865A46 rows=53 cols=78 6.0s
[1821/2208] PORTAL_CKA_WESTERN_PENNSYLV_372D1987DB rows=52 cols=38 4.5s
[1822/2208] PORTAL_CKA_ANALYZE_BOSTON_92EF0E3576 rows=52 cols=19 3.6s
[1823/2208] PORTAL_CKA_ISRAEL_NATIONAL_DE246C30F5 rows=52 cols=14 2.0s
[1824/2208] PORTAL_CKA_ANALYZE_BOSTON_97789AB639 rows=52 cols=21 3.9s
[1825/2208] PORTAL_CKA_WPRDC_ALLEGHENY_D35AD4550A rows=52 cols=38 4.8s
[1826/2208] PORTAL_CKA_WPRDC_ALLEGHENY_E6260CDFE6 rows=51 cols=14 2.8s
[1827/2208] PORTAL_ARC_ATLANTA_DATAATLA_BAA69E0D06 rows=51 cols=36 5.3s
[1828/2208] PORTAL_SOC_AUSTIN_OPEN_DATA_B5E56C7A67 rows=51 cols=29 3.0s
[1829/2208] PORTAL_CKA_WESTERN_PENNSYLV_55B456C408 rows=51 cols=14 3.1s
[1830/2208] FED_BOP_STATISTICS rows=50 cols=11 2.6s
[1831/2208] FED_USCOURTS_STATS rows=50 cols=20 1.5s
[1832/2208] PORTAL_CKA_IRELAND_NATIONAL_12F7EAE1D9 rows=49 cols=12 4.0s
[1833/2208] PORTAL_CKA_WPRDC_ALLEGHENY_CC9BA8BED2 rows=49 cols=48 3.2s
[1834/2208] PORTAL_CKA_WESTERN_PENNSYLV_26625D455C rows=49 cols=48 2.9s
[1835/2208] PORTAL_SOC_UTAH_OPEN_DATA_P_4309355F14 rows=49 cols=93 4.7s
[1836/2208] PORTAL_CKA_OKLAHOMA_OPEN_DA_BB949BD77E rows=48 cols=17 3.0s
[1837/2208] PORTAL_CKA_OPEN_DATA_SA_33003C2E61 rows=48 cols=8 2.6s
[1838/2208] PORTAL_CKA_WPRDC_ALLEGHENY_3CED3B9382 rows=48 cols=26 4.3s
[1839/2208] PORTAL_CKA_WESTERN_PENNSYLV_C458F119B1 rows=48 cols=26 3.6s
[1840/2208] PORTAL_CKA_WPRDC_ALLEGHENY_52325C950C rows=47 cols=11 3.9s
[1841/2208] PORTAL_CKA_WPRDC_ALLEGHENY_B62C61BBEB rows=47 cols=16 3.9s
[1842/2208] PORTAL_CKA_WESTERN_PENNSYLV_2A3B161975 rows=47 cols=16 4.7s
[1843/2208] PORTAL_CKA_WESTERN_PENNSYLV_8A08B89D4D rows=47 cols=11 2.8s
[1844/2208] PORTAL_CKA_WPRDC_ALLEGHENY_1D9621E88D rows=46 cols=13 1.9s
[1845/2208] PORTAL_CKA_OPEN_DATA_SA_33173C8F40 rows=46 cols=14 3.6s
[1846/2208] PORTAL_CKA_WPRDC_ALLEGHENY_2E4D4F0008 rows=46 cols=27 4.2s
[1847/2208] PORTAL_CKA_WESTERN_PENNSYLV_2350D74335 rows=46 cols=13 2.0s
[1848/2208] PORTAL_ARC_OPEN_DATA_DC_582A28D212 rows=46 cols=37 3.5s
[1849/2208] PORTAL_CKA_WESTERN_PENNSYLV_BDEB900523 rows=46 cols=27 5.0s
[1850/2208] PORTAL_CKA_SAN_JOSE_OPEN_DA_A1A1E9BA90 rows=45 cols=18 5.8s
[1851/2208] PORTAL_CKA_WESTERN_PENNSYLV_F1DA76157B rows=45 cols=6 2.5s
[1852/2208] PORTAL_CKA_ISRAEL_NATIONAL_148FDFE63D rows=45 cols=17 2.3s
[1853/2208] FED_HHS_TAGGS rows=45 cols=22 1.6s
[1854/2208] PORTAL_CKA_WPRDC_ALLEGHENY_6AC4CB010C rows=45 cols=6 1.7s
[1855/2208] PORTAL_CKA_WESTERN_PENNSYLV_2DCBF2873B rows=44 cols=27 3.5s
[1856/2208] PORTAL_CKA_WPRDC_ALLEGHENY_916D2D00A4 rows=44 cols=27 3.0s
[1857/2208] PORTAL_CKA_TAMPA_OPEN_DATA_E290DD0B04 rows=44 cols=13 3.5s
[1858/2208] PORTAL_ARC_TUCSON_OPEN_DATA_CDFFE1002A rows=43 cols=78 7.1s
[1859/2208] PORTAL_CKA_ISRAEL_NATIONAL_2D69DC52E0 rows=43 cols=16 3.0s
[1860/2208] PORTAL_CKA_TAMPA_OPEN_DATA_E00E42A7E9 rows=43 cols=13 3.6s
[1861/2208] PORTAL_CKA_ISRAEL_NATIONAL_D762C7D9E9 rows=43 cols=15 3.0s
[1862/2208] PORTAL_ARC_WISCONSIN_OPEN_D_CB1509F410 rows=42 cols=45 3.7s
[1863/2208] PORTAL_ARC_ATLANTA_DATAATLA_E2C03512E7 rows=42 cols=36 4.3s
[1864/2208] PORTAL_CKA_HOUSTON_OPEN_DAT_49FFAB9EDC rows=42 cols=10 2.8s
[1865/2208] PORTAL_CKA_TAMPA_OPEN_DATA_044202D137 rows=42 cols=13 3.4s
[1866/2208] PORTAL_CKA_SAN_JOSE_OPEN_DA_B701CDA393 rows=42 cols=17 4.1s
[1867/2208] PORTAL_ARC_TUCSON_OPEN_DATA_1073539FE2 rows=41 cols=78 5.2s
[1868/2208] PORTAL_CKA_VIRGINIA_OPEN_DA_803D29BFE0 rows=41 cols=11 2.9s
[1869/2208] PORTAL_SOC_UTAH_OPEN_DATA_P_C3B898941A rows=41 cols=144 5.5s
[1870/2208] PORTAL_CKA_ANALYZE_BOSTON_11B21C9100 rows=41 cols=23 3.9s
[1871/2208] INTL_ADB_DATA rows=41 cols=13 1.5s
[1872/2208] PORTAL_SOC_UTAH_OPEN_DATA_P_9837982623 rows=41 cols=69 4.3s
[1873/2208] PORTAL_CKA_CALIFORNIA_OPEN_B7D3E2C140 rows=41 cols=15 4.3s
[1874/2208] PORTAL_CKA_WPRDC_ALLEGHENY_AE7030C35B rows=40 cols=59 2.2s
[1875/2208] PORTAL_ARC_OPEN_DATA_DC_F37F5DDC3D rows=40 cols=45 4.6s
[1876/2208] PORTAL_CKA_OPEN_DATA_SA_DC31E10278 rows=40 cols=9 2.6s
[1877/2208] PORTAL_CKA_WESTERN_PENNSYLV_C7339FBA3B rows=40 cols=59 2.3s
[1878/2208] INTL_GR_GEMI rows=40 cols=17 1.6s
[1879/2208] PORTAL_CKA_ANALYZE_BOSTON_78E8CD45C9 rows=40 cols=13 3.7s
[1880/2208] PORTAL_ARC_OPEN_DATA_MINNEA_5605A903BD rows=39 cols=37 3.7s
[1881/2208] PORTAL_ARC_HARRIS_COUNTY_OP_12691A85A0 rows=38 cols=45 3.8s
[1882/2208] PORTAL_ARC_HARRIS_COUNTY_OP_A2DAE85C30 rows=38 cols=45 3.9s
[1883/2208] PORTAL_ARC_HARRIS_COUNTY_OP_A35053AC76 rows=38 cols=122 7.9s
[1884/2208] PORTAL_ARC_TUCSON_OPEN_DATA_9B42294E74 rows=38 cols=34 5.2s
[1885/2208] PORTAL_CKA_WPRDC_ALLEGHENY_FA5CD1DACF rows=37 cols=10 3.3s
[1886/2208] PORTAL_CKA_WESTERN_PENNSYLV_7AC49E7444 rows=37 cols=13 4.9s
[1887/2208] PORTAL_SOC_UTAH_OPEN_DATA_P_FB07CFAF59 rows=37 cols=11 2.9s
[1888/2208] PORTAL_CKA_WESTERN_PENNSYLV_00FF03B195 rows=37 cols=10 3.8s
[1889/2208] PORTAL_CKA_HOUSTON_OPEN_DAT_1612361F51 rows=37 cols=6 2.4s
[1890/2208] PORTAL_SOC_UTAH_OPEN_DATA_P_C68BC3F05C rows=37 cols=42 3.5s
[1891/2208] PORTAL_CKA_WPRDC_ALLEGHENY_8AFE5E2497 rows=37 cols=13 4.1s
[1892/2208] FED_NARA_WRA_AAD rows=36 cols=15 1.8s
[1893/2208] PORTAL_CKA_OPEN_DATA_SA_FBAB8E5E1E rows=36 cols=23 4.0s
[1894/2208] PORTAL_SOC_COLORADO_INFORMA_4844CA967D rows=36 cols=10 2.1s
[1895/2208] PORTAL_ARC_TUCSON_OPEN_DATA_F91596293E rows=36 cols=37 3.6s
[1896/2208] PORTAL_CKA_ISRAEL_NATIONAL_FF540A3C79 rows=35 cols=25 2.3s
[1897/2208] PORTAL_SOC_UTAH_OPEN_DATA_P_CC88C02100 rows=35 cols=21 2.1s
[1898/2208] PORTAL_CKA_WESTERN_PENNSYLV_1430ABA184 rows=35 cols=14 2.9s
[1899/2208] PORTAL_ARC_HARRIS_COUNTY_OP_19FE875D1D rows=35 cols=39 4.2s
[1900/2208] PORTAL_CKA_ANALYZE_BOSTON_E1262D25C2 rows=35 cols=31 3.7s
[1901/2208] PORTAL_ARC_ATLANTA_DATAATLA_A9FA6B1C3C rows=35 cols=37 4.7s
[1902/2208] PORTAL_ARC_HARRIS_COUNTY_OP_78806A4CF7 rows=35 cols=39 4.0s
[1903/2208] PORTAL_CKA_WPRDC_ALLEGHENY_4F981D5BB2 rows=35 cols=14 8.1s
[1904/2208] PORTAL_CKA_ANALYZE_BOSTON_C0890B412F rows=35 cols=13 4.2s
[1905/2208] PORTAL_SOC_UTAH_OPEN_DATA_P_E776045748 rows=35 cols=29 2.8s
[1906/2208] PORTAL_ARC_CLEVELAND_OPEN_D_590209B88B rows=34 cols=22 3.4s
[1907/2208] PORTAL_SOC_UTAH_OPEN_DATA_P_598C279750 rows=34 cols=30 3.8s
[1908/2208] PORTAL_ARC_HARRIS_COUNTY_OP_6CDCF96CA7 rows=34 cols=44 4.8s
[1909/2208] PORTAL_ARC_HARRIS_COUNTY_OP_E87E81379A rows=34 cols=44 5.8s
[1910/2208] PORTAL_ARC_ORANGE_COUNTY_OP_3A2A7267D1 rows=33 cols=29 4.2s
[1911/2208] PORTAL_ARC_HARRIS_COUNTY_OP_E68ADDC07C rows=33 cols=122 6.9s
[1912/2208] PORTAL_ARC_ORANGE_COUNTY_OP_6BAA47A46B rows=33 cols=28 3.9s
[1913/2208] FED_ED_EDFACTS rows=33 cols=18 2.1s
[1914/2208] PORTAL_CKA_WESTERN_PENNSYLV_203EC904CD rows=32 cols=22 2.8s
[1915/2208] PORTAL_CKA_WPRDC_ALLEGHENY_EA2EE5F5AD rows=32 cols=22 2.0s
[1916/2208] PORTAL_ARC_NEW_MEXICO_OPEN_1B6C7F7FBD rows=32 cols=45 5.4s
[1917/2208] PORTAL_CKA_OPEN_DATA_SA_F128E26A15 rows=32 cols=9 3.5s
[1918/2208] PORTAL_CKA_HOUSTON_OPEN_DAT_48B03033D3 rows=31 cols=7 2.1s
[1919/2208] PORTAL_ARC_ORANGE_COUNTY_OP_DD64A3F2B8 rows=31 cols=28 5.4s
[1920/2208] PORTAL_ARC_ORANGE_COUNTY_OP_2F4310B675 rows=31 cols=29 4.6s
[1921/2208] PORTAL_CKA_SAN_JOSE_OPEN_DA_E55BABFE84 rows=31 cols=17 2.6s
[1922/2208] PORTAL_ARC_HARRIS_COUNTY_OP_87F4853C1A rows=30 cols=42 3.6s
[1923/2208] FED_FARA rows=30 cols=17 1.6s
[1924/2208] PORTAL_ARC_ATLANTA_DATAATLA_C1DA9CD6A0 rows=30 cols=36 4.7s
[1925/2208] FED_FDA_DEVICE_PMA rows=29 cols=4 2.3s
[1926/2208] PORTAL_CKA_TAMPA_OPEN_DATA_39C5B89D70 rows=29 cols=13 3.2s
[1927/2208] PORTAL_SOC_UTAH_OPEN_DATA_P_47DCFFC8C1 rows=28 cols=49 6.8s
[1928/2208] PORTAL_CKA_HOUSTON_OPEN_DAT_09FD7E454A rows=28 cols=12 2.9s
[1929/2208] PORTAL_SOC_UTAH_OPEN_DATA_P_C357F1F9E1 rows=28 cols=14 2.1s
[1930/2208] PORTAL_CKA_HOUSTON_OPEN_DAT_18A3CA22AF rows=28 cols=7 3.9s
[1931/2208] PORTAL_CKA_TAMPA_OPEN_DATA_3AA5C05B7D rows=28 cols=13 4.7s
[1932/2208] PORTAL_CKA_ANALYZE_BOSTON_5EDCDE6490 rows=28 cols=20 4.4s
[1933/2208] FED_NCUA_CHARTER_MERGER_EVENTS rows=27 cols=15 1.8s
[1934/2208] PORTAL_ARC_HARRIS_COUNTY_OP_1BA6E8027E rows=27 cols=22 3.2s
[1935/2208] FED_DHS_YEARBOOK rows=27 cols=14 1.6s
[1936/2208] PORTAL_CKA_OPEN_DATA_SA_AFE18E40AF rows=27 cols=8 3.2s
[1937/2208] PORTAL_CKA_CALIFORNIA_OPEN_2D939C89A5 rows=27 cols=35 4.3s
[1938/2208] PORTAL_CKA_CALIFORNIA_OPEN_823711435D rows=27 cols=14 3.7s
[1939/2208] PORTAL_CKA_ANALYZE_BOSTON_0F7B6B1F80 rows=26 cols=10 3.7s
[1940/2208] PORTAL_CKA_INDIANA_DATA_HUB_BA1B037C9E rows=26 cols=13 3.5s
[1941/2208] PORTAL_CKA_ANALYZE_BOSTON_941E6C1D15 rows=26 cols=12 2.8s
[1942/2208] INTL_EU_SOCTA_EUROPOL rows=26 cols=19 3.1s
[1943/2208] PORTAL_CKA_ISRAEL_NATIONAL_F6DE3CB3A1 rows=26 cols=9 2.2s
[1944/2208] FED_DENSHO_DDR rows=25 cols=15 1.6s
[1945/2208] PORTAL_SOC_UTAH_OPEN_DATA_P_F87FB2BFB7 rows=25 cols=14 2.3s
[1946/2208] PORTAL_CKA_CALIFORNIA_OPEN_3972A98745 rows=25 cols=7 2.6s
[1947/2208] INTL_ES_BORME rows=25 cols=14 1.9s
[1948/2208] PORTAL_CKA_WPRDC_ALLEGHENY_1E2C46C189 rows=25 cols=14 4.2s
[1949/2208] INTL_GFI_TRADE rows=25 cols=8 2.0s
[1950/2208] PORTAL_CKA_WESTERN_PENNSYLV_8B4D96292C rows=25 cols=14 4.2s
[1951/2208] PORTAL_CKA_CALIFORNIA_OPEN_31DEEFF0A8 rows=25 cols=16 4.2s
[1952/2208] FED_OYEZ rows=25 cols=22 2.7s
[1953/2208] PORTAL_ARC_OPEN_DATA_MINNEA_D808F6BF62 rows=25 cols=30 3.9s
[1954/2208] PORTAL_CKA_SAN_JOSE_OPEN_DA_EF31016039 rows=25 cols=21 2.4s
[1955/2208] PORTAL_CKA_ISRAEL_NATIONAL_C05E5881A0 rows=25 cols=20 2.3s
[1956/2208] PORTAL_CKA_ANALYZE_BOSTON_3032706EE4 rows=24 cols=7 2.6s
[1957/2208] PORTAL_CKA_SAN_JOSE_OPEN_DA_B374FEDA3D rows=24 cols=17 3.3s
[1958/2208] PORTAL_CKA_WESTERN_PENNSYLV_B98322D4CC rows=24 cols=9 2.0s
[1959/2208] PORTAL_CKA_WPRDC_ALLEGHENY_2DD6B565A7 rows=24 cols=9 2.5s
[1960/2208] PORTAL_CKA_ANALYZE_BOSTON_1020CCD06A rows=24 cols=42 2.9s
[1961/2208] PORTAL_CKA_ANALYZE_BOSTON_727723877E rows=24 cols=309 7.2s
[1962/2208] PORTAL_CKA_WESTERN_PENNSYLV_1629502C35 rows=24 cols=9 3.3s
[1963/2208] PORTAL_CKA_WPRDC_ALLEGHENY_DDCA0024EC rows=24 cols=9 2.1s
[1964/2208] PORTAL_ARC_TUCSON_OPEN_DATA_EA7ADF4848 rows=23 cols=37 4.6s
[1965/2208] PORTAL_CKA_WPRDC_ALLEGHENY_F878F4AA8A rows=23 cols=12 1.9s
[1966/2208] PORTAL_CKA_WESTERN_PENNSYLV_38F78BA9E4 rows=23 cols=12 2.1s
[1967/2208] PORTAL_SOC_CONNECTICUT_OPEN_55FF4E7BA7 rows=23 cols=13 4.6s
[1968/2208] PORTAL_ARC_TUCSON_OPEN_DATA_28F95EBB76 rows=23 cols=78 5.5s
[1969/2208] PORTAL_SOC_CONNECTICUT_OPEN_7909C84EE4 rows=22 cols=14 2.0s
[1970/2208] PORTAL_CKA_ANALYZE_BOSTON_59330DA889 rows=22 cols=10 3.5s
[1971/2208] PORTAL_ARC_LA_COUNTY_OPEN_D_AD0B3DB8CD rows=22 cols=28 3.5s
[1972/2208] PORTAL_CKA_INDIANA_DATA_HUB_BF3B083E9D rows=21 cols=7 1.9s
[1973/2208] PORTAL_CKA_OPEN_DATA_SA_9548772C45 rows=21 cols=11 3.7s
[1974/2208] PORTAL_ARC_OPEN_BALTIMORE_6C2257F1C4 rows=21 cols=31 3.3s
[1975/2208] FED_DOT_BTS rows=21 cols=15 1.6s
[1976/2208] PORTAL_SOC_CONNECTICUT_OPEN_28F32B559B rows=21 cols=14 2.0s
[1977/2208] PORTAL_ARC_TUCSON_OPEN_DATA_80B28FB6D7 rows=21 cols=78 6.1s
[1978/2208] FED_FDA_DEVICE_ENFORCEMENT rows=20 cols=4 2.8s
[1979/2208] PORTAL_CKA_WESTERN_PENNSYLV_22BDD189F5 rows=20 cols=15 4.0s
[1980/2208] PORTAL_CKA_INDIANA_DATA_HUB_D0E8C9C66D rows=20 cols=7 2.2s
[1981/2208] PORTAL_ARC_ATLANTA_DATAATLA_7E542E6BFA rows=20 cols=36 4.8s
[1982/2208] PORTAL_CKA_WESTERN_PENNSYLV_0562C5DEA2 rows=20 cols=14 4.2s
[1983/2208] PORTAL_SOC_CONNECTICUT_OPEN_886AEF6AC6 rows=20 cols=14 1.9s
[1984/2208] PORTAL_CKA_INDIANA_DATA_HUB_45D5D2F154 rows=20 cols=7 2.1s
[1985/2208] PORTAL_CKA_WPRDC_ALLEGHENY_21287D8A95 rows=20 cols=15 3.8s
[1986/2208] PORTAL_CKA_OPEN_DATA_SA_68BCB9DDA1 rows=20 cols=11 2.8s
[1987/2208] PORTAL_CKA_ANALYZE_BOSTON_C36F95122C rows=20 cols=11 3.4s
[1988/2208] PORTAL_CKA_WPRDC_ALLEGHENY_361CE9A809 rows=20 cols=14 3.9s
[1989/2208] PORTAL_SOC_CONNECTICUT_OPEN_F42EDA9B76 rows=20 cols=14 2.4s
[1990/2208] FED_DOJ_FCA_SETTLEMENTS rows=19 cols=18 2.6s
[1991/2208] PORTAL_ARC_TUCSON_OPEN_DATA_14C7AA5CCF rows=19 cols=37 5.4s
[1992/2208] PORTAL_CKA_OPEN_DATA_SA_19461CBD4A rows=19 cols=9 3.2s
[1993/2208] PORTAL_ARC_FORT_WORTH_OPEN_2259070522 rows=19 cols=20 3.4s
[1994/2208] PORTAL_CKA_INDIANA_DATA_HUB_71C6F53126 rows=18 cols=7 2.3s
[1995/2208] PORTAL_CKA_CALIFORNIA_OPEN_DCAEBA5312 rows=18 cols=7 2.1s
[1996/2208] PORTAL_CKA_INDIANA_DATA_HUB_8D92E2391E rows=18 cols=5 1.9s
[1997/2208] INTL_CH_ZEFIX rows=18 cols=20 1.7s
[1998/2208] PORTAL_CKA_SAN_JOSE_OPEN_DA_5B443A0101 rows=18 cols=17 2.8s
[1999/2208] PORTAL_CKA_ANALYZE_BOSTON_9EE23F0172 rows=18 cols=14 2.9s
[2000/2208] PORTAL_CKA_ANALYZE_BOSTON_A6C2B4684A rows=18 cols=24 3.6s
[2001/2208] PORTAL_ARC_LOUISVILLE_OPEN_E92145C6D2 rows=18 cols=17 3.9s
[2002/2208] PORTAL_ARC_TUCSON_OPEN_DATA_63C0193FF1 rows=18 cols=78 4.8s
[2003/2208] PORTAL_ARC_HARRIS_COUNTY_OP_FCFE62D3BE rows=18 cols=21 3.7s
[2004/2208] PORTAL_CKA_VIRGINIA_OPEN_DA_154B43ED61 rows=18 cols=12 3.3s
[2005/2208] PORTAL_CKA_ISRAEL_NATIONAL_33BAA6B58A rows=17 cols=14 2.0s
[2006/2208] PORTAL_CKA_ISRAEL_NATIONAL_6272F09A75 rows=17 cols=13 2.0s
[2007/2208] PORTAL_SOC_UTAH_OPEN_DATA_P_862BA39EB7 rows=17 cols=20 3.8s
[2008/2208] PORTAL_ARC_LOUISVILLE_OPEN_0574425F4F rows=17 cols=21 4.7s
[2009/2208] PORTAL_CKA_WESTERN_PENNSYLV_3782283D39 rows=17 cols=13 2.6s
[2010/2208] PORTAL_CKA_ISRAEL_NATIONAL_964780E58D rows=17 cols=20 2.1s
[2011/2208] PORTAL_SOC_UTAH_OPEN_DATA_P_2065CE1D57 rows=17 cols=39 4.8s
[2012/2208] PORTAL_CKA_WPRDC_ALLEGHENY_D0168F8DE5 rows=17 cols=13 3.2s
[2013/2208] PORTAL_ARC_TUCSON_OPEN_DATA_080C2334EE rows=17 cols=78 5.4s
[2014/2208] PORTAL_CKA_ISRAEL_NATIONAL_94CE459E75 rows=16 cols=15 2.0s
[2015/2208] PORTAL_CKA_HOUSTON_OPEN_DAT_19CBD263CC rows=15 cols=9 2.9s
[2016/2208] PORTAL_CKA_HOUSTON_OPEN_DAT_AEB065E230 rows=15 cols=27 2.8s
[2017/2208] PORTAL_CKA_OPEN_DATA_SA_3B9CCBCFD0 rows=15 cols=9 2.9s
[2018/2208] PORTAL_CKA_SAN_JOSE_OPEN_DA_B00393D49E rows=15 cols=13 2.6s
[2019/2208] PORTAL_CKA_HOUSTON_OPEN_DAT_7A8148751C rows=15 cols=15 4.4s
[2020/2208] PORTAL_CKA_HOUSTON_OPEN_DAT_2E1926ECB2 rows=15 cols=13 2.4s
[2021/2208] PORTAL_ARC_ATLANTA_DATAATLA_FD3576897B rows=15 cols=36 4.4s
[2022/2208] PORTAL_CKA_ANALYZE_BOSTON_79B955775B rows=15 cols=15 3.3s
[2023/2208] PORTAL_ARC_ATLANTA_DATAATLA_D8DF9588A6 rows=15 cols=22 3.1s
[2024/2208] PORTAL_CKA_INDIANA_DATA_HUB_7F118FAE1C rows=15 cols=7 2.0s
[2025/2208] PORTAL_CKA_HOUSTON_OPEN_DAT_F572136326 rows=15 cols=8 2.9s
[2026/2208] PORTAL_CKA_WPRDC_ALLEGHENY_52A0E51ACA rows=15 cols=8 2.3s
[2027/2208] PORTAL_CKA_HOUSTON_OPEN_DAT_399393985D rows=15 cols=55 3.0s
[2028/2208] PORTAL_CKA_HOUSTON_OPEN_DAT_BDF3A70A86 rows=15 cols=25 2.4s
[2029/2208] PORTAL_CKA_HOUSTON_OPEN_DAT_CFDCDF13FD rows=15 cols=7 2.4s
[2030/2208] PORTAL_CKA_HOUSTON_OPEN_DAT_1629EF6392 rows=15 cols=23 3.0s
[2031/2208] PORTAL_CKA_WESTERN_PENNSYLV_D0E4884EA3 rows=15 cols=8 2.5s
[2032/2208] PORTAL_ARC_HARRIS_COUNTY_OP_41FBA6BF22 rows=15 cols=124 6.0s
[2033/2208] PORTAL_CKA_HOUSTON_OPEN_DAT_AA67E5B416 rows=15 cols=27 3.4s
[2034/2208] PORTAL_CKA_OPEN_DATA_SA_9770EB9EBD rows=14 cols=12 2.8s
[2035/2208] XC_OWID_AI_INCIDENTS_ANNUAL rows=14 cols=7 1.7s
[2036/2208] PORTAL_ARC_HARRIS_COUNTY_OP_2A7A02B1E2 rows=14 cols=124 6.5s
[2037/2208] PORTAL_ARC_WISCONSIN_OPEN_D_B2EFA24715 rows=14 cols=45 5.1s
[2038/2208] FED_FDIC_ENFORCEMENT rows=14 cols=5 1.6s
[2039/2208] PORTAL_ARC_ATLANTA_DATAATLA_5D9B9C30A9 rows=14 cols=36 3.8s
[2040/2208] PORTAL_ARC_HARRIS_COUNTY_OP_EA34BDDB5D rows=13 cols=36 3.7s
[2041/2208] PORTAL_CKA_ANALYZE_BOSTON_75AFC07272 rows=13 cols=11 3.1s
[2042/2208] PORTAL_CKA_ANALYZE_BOSTON_ECC632A66F rows=13 cols=10 3.2s
[2043/2208] PORTAL_CKA_WESTERN_PENNSYLV_A28434A3C7 rows=13 cols=10 3.0s
[2044/2208] PORTAL_CKA_WPRDC_ALLEGHENY_6F406E40A6 rows=13 cols=10 2.4s
[2045/2208] PORTAL_ARC_HARRIS_COUNTY_OP_28CF881303 rows=13 cols=36 3.9s
[2046/2208] PORTAL_CKA_ISRAEL_NATIONAL_479E4DC076 rows=13 cols=8 1.9s
[2047/2208] PORTAL_CKA_INDIANA_DATA_HUB_34B4DEE108 rows=13 cols=7 2.2s
[2048/2208] PORTAL_ARC_TUCSON_OPEN_DATA_7044E0923D rows=13 cols=78 5.9s
[2049/2208] PORTAL_ARC_ORANGE_COUNTY_OP_8C9550F9C6 rows=13 cols=29 4.7s
[2050/2208] PORTAL_ARC_ORANGE_COUNTY_OP_1A50E60D53 rows=13 cols=28 4.5s
[2051/2208] PORTAL_CKA_ANALYZE_BOSTON_0CED34C7C1 rows=13 cols=17 3.6s
[2052/2208] PORTAL_ARC_HARRIS_COUNTY_OP_A5E2395522 rows=13 cols=36 4.1s
[2053/2208] PORTAL_CKA_OPEN_DATA_SA_581DE3800B rows=12 cols=9 3.0s
[2054/2208] PORTAL_CKA_WESTERN_PENNSYLV_BCBE92C64C rows=12 cols=9 2.6s
[2055/2208] PORTAL_CKA_INDIANA_DATA_HUB_6CFF9E6A68 rows=12 cols=5 2.0s
[2056/2208] PORTAL_ARC_TUCSON_OPEN_DATA_F919285F50 rows=12 cols=78 6.7s
[2057/2208] PORTAL_ARC_HARRIS_COUNTY_OP_0F9C7FCB29 rows=12 cols=182 5.8s
[2058/2208] PORTAL_CKA_OPEN_DATA_SA_98D226A574 rows=12 cols=9 2.6s
[2059/2208] PORTAL_CKA_ANALYZE_BOSTON_BBE6F0FD04 rows=12 cols=11 2.8s
[2060/2208] PORTAL_CKA_WPRDC_ALLEGHENY_8777C10D3A rows=12 cols=9 2.8s
[2061/2208] PORTAL_ARC_LA_COUNTY_OPEN_D_1632A8E413 rows=12 cols=28 3.9s
[2062/2208] INTL_GEM_HAZARD rows=12 cols=12 2.4s
[2063/2208] PORTAL_CKA_OPEN_DATA_SA_C589D75D2F rows=12 cols=8 2.5s
[2064/2208] PORTAL_CKA_OPEN_DATA_SA_6891C6FCC4 rows=12 cols=9 2.8s
[2065/2208] PORTAL_CKA_INDIANA_DATA_HUB_517D2C08EB rows=11 cols=7 2.4s
[2066/2208] PORTAL_CKA_WPRDC_ALLEGHENY_FB89781122 rows=11 cols=12 3.5s
[2067/2208] PORTAL_CKA_OPEN_DATA_SA_CC35A6D7FA rows=11 cols=11 3.2s
[2068/2208] PORTAL_CKA_CALIFORNIA_OPEN_41B8625438 rows=11 cols=23 2.6s
[2069/2208] PORTAL_CKA_WESTERN_PENNSYLV_ED5F10964E rows=11 cols=7 2.0s
[2070/2208] PORTAL_CKA_WPRDC_ALLEGHENY_27D8BF386D rows=11 cols=7 3.0s
[2071/2208] PORTAL_CKA_INDIANA_DATA_HUB_77FCBC0131 rows=11 cols=5 2.9s
[2072/2208] PORTAL_CKA_OPEN_DATA_SA_FC8F1BAE69 rows=11 cols=7 2.6s
[2073/2208] PORTAL_ARC_LOUISVILLE_OPEN_733584A9A0 rows=11 cols=23 2.2s
[2074/2208] PORTAL_ARC_OPEN_DATA_DC_E1DD5D3551 rows=11 cols=31 4.0s
[2075/2208] PORTAL_CKA_WESTERN_PENNSYLV_098BD87FF5 rows=11 cols=12 2.9s
[2076/2208] PORTAL_CKA_WPRDC_ALLEGHENY_694F40A849 rows=10 cols=16 3.0s
[2077/2208] PORTAL_CKA_INDIANA_DATA_HUB_378E0419E1 rows=10 cols=6 1.9s
[2078/2208] FED_DAVID_RUMSEY rows=10 cols=16 1.7s
[2079/2208] PORTAL_CKA_INDIANA_DATA_HUB_BD98260749 rows=10 cols=6 2.1s
[2080/2208] INTL_GH_DATAGOVGH rows=10 cols=13 1.5s
[2081/2208] PORTAL_ARC_ORANGE_COUNTY_OP_A69A248695 rows=10 cols=28 5.0s
[2082/2208] PORTAL_CKA_OPEN_DATA_SA_87C271A71E rows=10 cols=7 2.6s
[2083/2208] PORTAL_CKA_WPRDC_ALLEGHENY_B542229640 rows=10 cols=26 4.7s
[2084/2208] PORTAL_ARC_ORANGE_COUNTY_OP_572F3C6271 rows=10 cols=29 4.0s
[2085/2208] PORTAL_CKA_OPEN_DATA_SA_DD50C64C64 rows=10 cols=10 2.8s
[2086/2208] XC_OSF_REGISTRATIONS rows=10 cols=370 8.2s
[2087/2208] PORTAL_CKA_WESTERN_PENNSYLV_321A6575F3 rows=10 cols=16 2.8s
[2088/2208] PORTAL_CKA_WESTERN_PENNSYLV_49FAB204AA rows=10 cols=26 5.6s
[2089/2208] PORTAL_CKA_OPEN_DATA_SA_3769BB8138 rows=10 cols=13 3.7s
[2090/2208] INTL_BR_DADOS_GOV rows=10 cols=16 1.7s
[2091/2208] PORTAL_ARC_WISCONSIN_OPEN_D_717F8037EB rows=9 cols=45 4.1s
[2092/2208] PORTAL_ARC_OPEN_DATA_DC_56C4F04CF0 rows=9 cols=68 5.2s
[2093/2208] PORTAL_CKA_INDIANA_DATA_HUB_A95D120AEB rows=9 cols=6 2.0s
[2094/2208] PORTAL_CKA_WESTERN_PENNSYLV_DB88BDE311 rows=9 cols=7 1.9s
[2095/2208] PORTAL_CKA_WESTERN_PENNSYLV_257FFC7619 rows=9 cols=11 3.2s
[2096/2208] PORTAL_CKA_WPRDC_ALLEGHENY_024B629F91 rows=9 cols=11 3.0s
[2097/2208] PORTAL_CKA_WPRDC_ALLEGHENY_BA92A76441 rows=9 cols=7 2.2s
[2098/2208] PORTAL_ARC_ORANGE_COUNTY_OP_644FB9535B rows=9 cols=28 3.9s
[2099/2208] PORTAL_ARC_ORANGE_COUNTY_OP_62E4574F5E rows=9 cols=29 4.3s
[2100/2208] FED_EIA861_DELIVERY_COMPANIES rows=9 cols=27 3.6s
[2101/2208] PORTAL_CKA_ANALYZE_BOSTON_CF53830F73 rows=9 cols=8 2.6s
[2102/2208] FED_CBP_ENCOUNTERS rows=9 cols=18 1.6s
[2103/2208] PORTAL_CKA_CALIFORNIA_OPEN_3BA640AA6E rows=8 cols=22 5.0s
[2104/2208] PORTAL_ARC_TUCSON_OPEN_DATA_11050C025B rows=8 cols=78 5.3s
[2105/2208] FED_COURTLISTENER_COURT_APPEALS_TO rows=8 cols=6 2.2s
[2106/2208] PORTAL_CKA_SAN_JOSE_OPEN_DA_876760587A rows=8 cols=15 3.1s
[2107/2208] PORTAL_ARC_OPEN_DATA_DC_5CB81ACBDD rows=8 cols=43 3.7s
[2108/2208] PORTAL_SOC_SANTA_CLARA_COUN_487FCD1FAB rows=8 cols=10 2.8s
[2109/2208] FED_COURTLISTENER_RACE_CODES rows=8 cols=5 2.1s
[2110/2208] PORTAL_ARC_WISCONSIN_OPEN_D_D05399642C rows=8 cols=48 5.0s
[2111/2208] PORTAL_CKA_OPEN_DATA_SA_AD9A53047C rows=8 cols=9 3.2s
[2112/2208] PORTAL_ARC_LA_COUNTY_OPEN_D_E034245E05 rows=8 cols=17 2.1s
[2113/2208] PORTAL_CKA_SAN_JOSE_OPEN_DA_4006091422 rows=8 cols=18 2.9s
[2114/2208] PORTAL_CKA_WESTERN_PENNSYLV_2A71C11D68 rows=7 cols=8 2.8s
[2115/2208] FED_ITIS_KINGDOMS rows=7 cols=6 2.0s
[2116/2208] PORTAL_ARC_ATLANTA_DATAATLA_A29D594B47 rows=7 cols=35 4.2s
[2117/2208] PORTAL_CKA_OPEN_DATA_SA_7659B16D25 rows=7 cols=10 4.1s
[2118/2208] FED_USITC_DATAWEB rows=7 cols=20 1.7s
[2119/2208] PORTAL_CKA_CALIFORNIA_OPEN_AA8C1ECAF6 rows=7 cols=36 5.3s
[2120/2208] PORTAL_CKA_SAN_JOSE_OPEN_DA_9A45EF98EE rows=7 cols=18 4.9s
[2121/2208] PORTAL_CKA_OPEN_DATA_SA_CE75F7FDDE rows=7 cols=9 4.8s
[2122/2208] PORTAL_CKA_WPRDC_ALLEGHENY_60A2A72FFD rows=7 cols=8 2.8s
[2123/2208] PORTAL_CKA_ANALYZE_BOSTON_EC027D890C rows=6 cols=11 4.9s
[2124/2208] PORTAL_CKA_SAN_JOSE_OPEN_DA_9F5FD1969E rows=6 cols=14 5.3s
[2125/2208] PORTAL_ARC_TUCSON_OPEN_DATA_7468CF46DB rows=6 cols=78 5.0s
[2126/2208] PORTAL_CKA_OPEN_DATA_SA_320C4DFDB2 rows=6 cols=7 3.4s
[2127/2208] PORTAL_CKA_IRELAND_NATIONAL_73A82CB256 rows=6 cols=10 3.2s
[2128/2208] PORTAL_CKA_SAN_JOSE_OPEN_DA_E5E353E19D rows=6 cols=12 2.6s
[2129/2208] PORTAL_CKA_WPRDC_ALLEGHENY_C947D54B10 rows=6 cols=16 3.4s
[2130/2208] PORTAL_CKA_VIRGINIA_OPEN_DA_6973FD2BA7 rows=6 cols=10 1.9s
[2131/2208] PORTAL_ARC_TUCSON_OPEN_DATA_328AF9F277 rows=6 cols=78 6.8s
[2132/2208] PORTAL_CKA_WPRDC_ALLEGHENY_3B5F278B80 rows=6 cols=16 2.2s
[2133/2208] PORTAL_CKA_WESTERN_PENNSYLV_6498507AEF rows=6 cols=16 2.2s
[2134/2208] PORTAL_CKA_WESTERN_PENNSYLV_BFEE19F210 rows=6 cols=8 2.8s
[2135/2208] PORTAL_CKA_WPRDC_ALLEGHENY_2D91E81224 rows=6 cols=8 2.2s
[2136/2208] PORTAL_CKA_WESTERN_PENNSYLV_F5FB6CCB69 rows=6 cols=16 2.6s
[2137/2208] PORTAL_ARC_LA_COUNTY_OPEN_D_464355F6D4 rows=6 cols=28 3.9s
[2138/2208] PORTAL_CKA_WPRDC_ALLEGHENY_A6B2E0C749 rows=5 cols=12 2.3s
[2139/2208] PORTAL_ARC_LA_COUNTY_OPEN_D_83F0BA30FB rows=5 cols=15 2.1s
[2140/2208] PORTAL_ARC_TUCSON_OPEN_DATA_32A72D9D1D rows=5 cols=37 4.9s
[2141/2208] PORTAL_CKA_WESTERN_PENNSYLV_700A3671CD rows=5 cols=12 2.3s
[2142/2208] PORTAL_CKA_WPRDC_ALLEGHENY_38DBFE9AED rows=5 cols=14 4.1s
[2143/2208] PORTAL_CKA_WESTERN_PENNSYLV_6D76BCB39C rows=5 cols=14 3.6s
[2144/2208] PORTAL_ARC_TUCSON_OPEN_DATA_6720A5FF25 rows=5 cols=37 4.6s
[2145/2208] PORTAL_CKA_WESTERN_PENNSYLV_ABE01A0035 rows=4 cols=15 3.8s
[2146/2208] PORTAL_CKA_CALIFORNIA_OPEN_B98053323B rows=4 cols=6 2.2s
[2147/2208] FED_EIA861_MERGERS rows=4 cols=13 2.2s
[2148/2208] PORTAL_CKA_WPRDC_ALLEGHENY_9AED398C25 rows=4 cols=8 3.6s
[2149/2208] FED_FAA_DATA_PORTAL rows=4 cols=18 1.6s
[2150/2208] PORTAL_CKA_WPRDC_ALLEGHENY_BBB8FB534F rows=4 cols=15 3.0s
[2151/2208] PORTAL_CKA_OPEN_DATA_SA_136D910AD7 rows=4 cols=9 3.6s
[2152/2208] PORTAL_CKA_WESTERN_PENNSYLV_0C27C4AA90 rows=4 cols=8 2.6s
[2153/2208] PORTAL_CKA_CALIFORNIA_OPEN_EE216E8506 rows=4 cols=15 4.4s
[2154/2208] PORTAL_ARC_TUCSON_OPEN_DATA_172A59FDF6 rows=4 cols=37 4.7s
[2155/2208] PORTAL_SOC_CONNECTICUT_OPEN_DEA6C4224A rows=4 cols=26 5.2s
[2156/2208] PORTAL_CKA_SAN_JOSE_OPEN_DA_5120C908CA rows=3 cols=13 2.6s
[2157/2208] PORTAL_CKA_OPEN_DATA_SA_FA2A7705EC rows=3 cols=8 3.6s
[2158/2208] PORTAL_CKA_OPEN_DATA_SA_9C302CA0AB rows=3 cols=9 3.3s
[2159/2208] PORTAL_ARC_LA_COUNTY_OPEN_D_58A85AED74 rows=2 cols=16 2.3s
[2160/2208] PORTAL_CKA_SAN_JOSE_OPEN_DA_D724F2D525 rows=2 cols=20 3.6s
[2161/2208] PORTAL_ARC_TUCSON_OPEN_DATA_9E24E86B9A rows=2 cols=78 5.5s
[2162/2208] PORTAL_CKA_WESTERN_PENNSYLV_07EAF6E647 rows=2 cols=21 5.9s
[2163/2208] PORTAL_ARC_HARRIS_COUNTY_OP_360277F8CB rows=2 cols=35 2.5s
[2164/2208] PORTAL_ARC_OPEN_DATA_DC_98319AB13D rows=2 cols=27 2.7s
[2165/2208] PORTAL_CKA_SAN_JOSE_OPEN_DA_BA17CFEAEF rows=2 cols=10 3.6s
[2166/2208] PORTAL_CKA_SAN_JOSE_OPEN_DA_F1D1BDD645 rows=2 cols=13 3.1s
[2167/2208] PORTAL_ARC_OPEN_DATA_RALEIG_F18F09F22F rows=2 cols=22 2.2s
[2168/2208] PORTAL_ARC_HARRIS_COUNTY_OP_3CFE4113ED rows=2 cols=30 4.7s
[2169/2208] PORTAL_ARC_TUCSON_OPEN_DATA_F0203665DD rows=2 cols=37 4.4s
[2170/2208] PORTAL_ARC_TUCSON_OPEN_DATA_E0EDEA39BE rows=2 cols=37 4.3s
[2171/2208] PORTAL_ARC_OPEN_DATA_DC_454981B380 rows=2 cols=27 2.4s
[2172/2208] PORTAL_ARC_WISCONSIN_OPEN_D_022EFD1AE5 rows=2 cols=45 4.1s
[2173/2208] PORTAL_CKA_WPRDC_ALLEGHENY_3C29FACD4A rows=2 cols=21 3.9s
[2174/2208] PORTAL_ARC_WISCONSIN_OPEN_D_07CF3C3824 rows=2 cols=45 4.1s
[2175/2208] PORTAL_CKA_CALIFORNIA_OPEN_0BC18BBA68 rows=2 cols=14 3.7s
[2176/2208] FED_FDA_DEVICE_CLASSIFICATION rows=1 cols=4 1.9s
[2177/2208] PORTAL_CKA_OPEN_DATA_SA_CEB607964A rows=1 cols=7 1.6s
[2178/2208] PORTAL_CKA_OPEN_DATA_SA_46BF1ABBC1 rows=1 cols=12 1.5s
[2179/2208] FED_FDA_CAERS rows=1 cols=4 3.9s
[2180/2208] PORTAL_CKA_OPEN_DATA_SA_E8BB377538 rows=1 cols=8 1.6s
[2181/2208] FED_DOJ_CRT_CASES rows=1 cols=13 1.2s
[2182/2208] PORTAL_CKA_ANALYZE_BOSTON_45E7E21495 rows=1 cols=9 1.7s
[2183/2208] INTL_AUSTLII rows=1 cols=14 2.3s
[2184/2208] PORTAL_CKA_SAN_JOSE_OPEN_DA_A52D30D858 rows=1 cols=11 1.7s
[2185/2208] FED_CMS_HPT_MRF rows=1 cols=35 1.4s
[2186/2208] INTL_GE_DATAGOV rows=1 cols=15 1.3s
[2187/2208] PORTAL_ARC_WISCONSIN_OPEN_D_601E691159 rows=1 cols=45 1.7s
[2188/2208] PORTAL_CKA_OPEN_DATA_SA_18A877DDC9 rows=1 cols=9 1.7s
[2189/2208] PORTAL_CKA_ANALYZE_BOSTON_236A5362B9 rows=1 cols=7 2.2s
[2190/2208] PORTAL_CKA_ANALYZE_BOSTON_691C77C209 rows=1 cols=309 5.1s
[2191/2208] FED_FRA_SAFETY rows=1 cols=13 1.4s
[2192/2208] FED_FINCEN_BOI rows=1 cols=17 1.3s
[2193/2208] FED_FDA_DRUG_ENFORCEMENT rows=1 cols=4 2.0s
[2194/2208] FED_ED_FSA_DATACENTER rows=1 cols=17 1.3s
[2195/2208] PORTAL_CKA_CALIFORNIA_OPEN_8C4AA754CE rows=1 cols=14 1.5s
[2196/2208] PORTAL_CKA_CALIFORNIA_OPEN_6083F016D2 rows=1 cols=14 2.0s
[2197/2208] PORTAL_CKA_CALIFORNIA_OPEN_6A4468B24F rows=1 cols=14 1.7s
[2198/2208] PORTAL_CKA_WPRDC_ALLEGHENY_63627B65F8 rows=1 cols=6 1.7s
[2199/2208] PORTAL_CKA_IRELAND_NATIONAL_4049D41C91 rows=1 cols=15 1.6s
[2200/2208] PORTAL_CKA_WESTERN_PENNSYLV_F5E7848C24 rows=1 cols=6 1.8s
[2201/2208] PORTAL_CKA_CALIFORNIA_OPEN_37C04CBA4A rows=1 cols=10 1.5s
[2202/2208] PORTAL_CKA_CALIFORNIA_OPEN_49D5A45DE1 rows=1 cols=14 1.7s
[2203/2208] PORTAL_CKA_OPEN_DATA_SA_B9860A2DE3 rows=1 cols=10 1.6s
[2204/2208] PORTAL_CKA_OPEN_DATA_SA_D770780EEB rows=1 cols=9 1.6s
[2205/2208] PORTAL_CKA_ISRAEL_NATIONAL_52AD02EBE0 rows=1 cols=15 1.6s
[2206/2208] FED_FDA_DEVICE_ENFORCEMENT__STAGING rows=0 cols=4 1.6s
[2207/2208] FED_COURTLISTENER_CITATION_MAP rows=0 cols=7 1.4s
[2208/2208] FED_COURTLISTENER_JUDGE_RETENTION_EVENTS rows=0 cols=15 1.5s
2208 tables in scope
[13/2208] FED_USASPENDING_CONTRACTS_FULL rows=20.00M cols=300 95.3s
[14/2208] FED_USASPENDING_ASSISTANCE_FULL rows=19.90M cols=115 47.1s
[18/2208] FED_EPA_CAMPD_EMISSIONS_DAILY rows=16.51M cols=29 14.3s
[19/2208] UK_COMPANIES_HOUSE_PSC rows=15.80M cols=27 11.7s
[21/2208] FED_CMS_OPEN_PAYMENTS rows=15.39M cols=94 25.6s
[22/2208] FED_CMS_OPEN_PAYMENTS_2023 rows=14.70M cols=94 25.2s
[23/2208] FED_CMS_OPEN_PAYMENTS_2022 rows=13.31M cols=94 21.8s
[52/2208] FED_HOUSE_DISBURSEMENTS rows=4.91M cols=23 6.9s
[53/2208] FED_USASPENDING_SUBAWARDS_FULL rows=4.74M cols=124 16.8s
[56/2208] FED_DOL_FORM5500_FULL rows=4.30M cols=144 13.8s
[62/2208] FED_EPA_ECHO rows=3.16M cols=136 14.3s
[63/2208] FED_MSHA_VIOLATIONS rows=3.09M cols=64 6.7s
[87/2208] FED_NOAA_STORM_EVENTS rows=1.78M cols=54 6.0s
[193/2208] FED_SBIR_STTR_AWARDS rows=219.5K cols=44 5.1s
[223/2208] XC_ROR_RESEARCH_ORGANIZATIONS rows=135.7K cols=38 4.4s
[252/2208] FED_EPA_TRI_BASIC_2023 rows=78.6K cols=125 5.9s
[275/2208] FED_DHS_OHSS rows=50.7K cols=477 10.8s
[276/2208] FED_USASPENDING_BULK rows=50.0K cols=300 9.1s
[293/2208] FED_DOL_FORM5500 rows=33.5K cols=155 5.4s
[295/2208] FED_NTSB_AVIATION_AIRCRAFT rows=31.5K cols=96 4.8s
[297/2208] FED_NTSB_AVIATION_EVENTS rows=31.0K cols=76 5.1s
[319/2208] FED_CMS_MARKETPLACE_PLAN_ATTRIBUTES_PUF rows=22.1K cols=154 6.3s
[347/2208] FED_CDC_DATA_PORTAL rows=15.0K cols=16 1.6s
[348/2208] FED_NURSINGHOME411 rows=14.7K cols=74 5.1s
[349/2208] FED_CMS_NURSING_HOME rows=14.7K cols=112 6.2s
[357/2208] FED_CMS_HOME_HEALTH rows=12.4K cols=99 5.3s
[369/2208] FED_MAPPING_INEQUALITY rows=10.2K cols=15 1.6s
[395/2208] PORTAL_CKA_WESTERN_PENNSYLV_0AF7431C6C rows=10.0K cols=44 4.8s
[396/2208] PORTAL_CKA_HOUSTON_OPEN_DAT_0AA7C87F45 rows=10.0K cols=23 3.5s
[406/2208] PORTAL_CKA_ANALYZE_BOSTON_03ECD5C73D rows=10.0K cols=13 3.1s
[407/2208] PORTAL_CKA_ISRAEL_NATIONAL_6C5E40114C rows=10.0K cols=27 3.2s
[415/2208] PORTAL_CKA_VIRGINIA_OPEN_DA_1598EAD304 rows=10.0K cols=19 3.5s
[424/2208] PORTAL_CKA_HOUSTON_OPEN_DAT_5B1522DD22 rows=10.0K cols=16 3.3s
[473/2208] PORTAL_CKA_ISRAEL_NATIONAL_338EF2B642 rows=10.0K cols=35 4.1s
[477/2208] PORTAL_CKA_VIRGINIA_OPEN_DA_77706D86DA rows=10.0K cols=111 7.2s
[479/2208] PORTAL_CKA_WPRDC_ALLEGHENY_9CCBEFBACC rows=10.0K cols=77 4.4s
[480/2208] PORTAL_CKA_WPRDC_ALLEGHENY_DE448D04D4 rows=10.0K cols=44 3.3s
[484/2208] PORTAL_CKA_ISRAEL_NATIONAL_D59087E169 rows=10.0K cols=35 3.6s
[489/2208] PORTAL_CKA_INDIANA_DATA_HUB_D4DAE8D984 rows=10.0K cols=11 5.0s
[515/2208] PORTAL_CKA_INDIANA_DATA_HUB_0ED686ABD6 rows=10.0K cols=13 3.5s
[531/2208] PORTAL_CKA_VIRGINIA_OPEN_DA_1D39BDEC50 rows=10.0K cols=37 3.5s
[539/2208] PORTAL_CKA_WESTERN_PENNSYLV_ED65B530A3 rows=10.0K cols=77 4.5s
[548/2208] PORTAL_CKA_HOUSTON_OPEN_DAT_AB35BB6552 rows=10.0K cols=24 3.4s
[582/2208] PORTAL_CKA_WESTERN_PENNSYLV_2C24D9B40B rows=8.4K cols=32 3.4s
[583/2208] PORTAL_CKA_WPRDC_ALLEGHENY_060112D129 rows=8.4K cols=32 3.5s
[592/2208] PORTAL_CKA_CALIFORNIA_OPEN_3B70AD4F80 rows=7.8K cols=37 4.2s
[597/2208] FED_CMS_DIALYSIS rows=7.6K cols=145 6.0s
[603/2208] PORTAL_CKA_SAN_JOSE_OPEN_DA_395812E4D0 rows=7.4K cols=15 3.9s
[636/2208] FED_ED_COLLEGE_SCORECARD_INSTITUTION rows=6.3K cols=3311 55.9s
[641/2208] FED_CMS_HCRIS rows=6.1K cols=120 5.4s
[655/2208] PORTAL_CKA_WPRDC_ALLEGHENY_3AC597333E rows=5.4K cols=19 3.5s
[656/2208] PORTAL_CKA_WESTERN_PENNSYLV_A1B3BC6C07 rows=5.4K cols=19 4.9s
[672/2208] PORTAL_ARC_TUCSON_OPEN_DATA_04EE75BE01 rows=5.0K cols=109 5.1s
[677/2208] PORTAL_CKA_INDIANA_DATA_HUB_66A945CF17 rows=5.0K cols=21 4.0s
[681/2208] PORTAL_ARC_TUCSON_OPEN_DATA_AD6F34F882 rows=5.0K cols=109 5.0s
[683/2208] FED_USGS_3DEP rows=5.0K cols=34 3.6s
[695/2208] PORTAL_CKA_CALIFORNIA_OPEN_C19A7C8625 rows=4.9K cols=193 7.0s
[706/2208] PORTAL_CKA_SAN_JOSE_OPEN_DA_5F864A8799 rows=4.5K cols=25 5.3s
[723/2208] FED_MEDSL_SENATE_RETURNS rows=3.9K cols=22 3.0s
[729/2208] FED_HUD_PUBLIC_HOUSING_AUTHORITIES rows=3.8K cols=109 4.7s
[763/2208] PORTAL_ARC_TUCSON_OPEN_DATA_40615E7B14 rows=3.2K cols=107 4.9s
[765/2208] PORTAL_ARC_TUCSON_OPEN_DATA_B15AE2B075 rows=3.1K cols=107 5.3s
[797/2208] FED_USGS_WBD_HUC8 rows=2.5K cols=19 3.6s
[805/2208] PORTAL_CKA_CALIFORNIA_OPEN_67A021FADC rows=2.4K cols=16 3.6s
[810/2208] PORTAL_CKA_ISRAEL_NATIONAL_E3D369B05F rows=2.3K cols=19 3.1s
[814/2208] PORTAL_ARC_TUCSON_OPEN_DATA_CF31C19A20 rows=2.2K cols=107 6.4s
[822/2208] FED_EPA_SUPERFUND_SITE_BOUNDARIES rows=2.1K cols=35 2.8s
[828/2208] FED_PHMSA_FLAGGED_INCIDENTS rows=2.0K cols=627 11.3s
[831/2208] PORTAL_ARC_ATLANTA_DATAATLA_05328F7540 rows=2.0K cols=23 3.6s
[833/2208] PORTAL_ARC_TUCSON_OPEN_DATA_F9376D5072 rows=2.0K cols=66 5.3s
[835/2208] PORTAL_ARC_ATLANTA_DATAATLA_D70207FA18 rows=2.0K cols=23 3.8s
[839/2208] PORTAL_ARC_TUCSON_OPEN_DATA_664D252729 rows=2.0K cols=79 4.4s
[840/2208] PORTAL_ARC_TUCSON_OPEN_DATA_688A84DDBF rows=2.0K cols=85 5.0s
[841/2208] PORTAL_ARC_TUCSON_OPEN_DATA_726A6C58E2 rows=2.0K cols=206 6.4s
[842/2208] PORTAL_ARC_TUCSON_OPEN_DATA_78A99CB261 rows=2.0K cols=79 4.9s
[843/2208] PORTAL_ARC_TUCSON_OPEN_DATA_89DF24D316 rows=2.0K cols=93 6.2s
[844/2208] PORTAL_ARC_TUCSON_OPEN_DATA_F5DCF594AF rows=2.0K cols=83 5.7s
[845/2208] PORTAL_ARC_TUCSON_OPEN_DATA_FA71372C44 rows=2.0K cols=79 6.2s
[854/2208] PORTAL_ARC_ATLANTA_DATAATLA_32BD015354 rows=2.0K cols=23 4.2s
[855/2208] PORTAL_ARC_TN_DATA_TENNESSE_6321C469FE rows=2.0K cols=43 3.7s
[856/2208] PORTAL_ARC_TN_DATA_TENNESSE_A88FF7D84F rows=2.0K cols=41 3.5s
[857/2208] PORTAL_ARC_TUCSON_OPEN_DATA_81EB8BA37C rows=2.0K cols=124 4.7s
[866/2208] PORTAL_SOC_CHICAGO_DATA_POR_51304D7360 rows=2.0K cols=28 4.8s
[873/2208] PORTAL_ARC_OPEN_DATA_MINNEA_4C5820FD0A rows=2.0K cols=24 3.7s
[875/2208] PORTAL_ARC_NEW_HAMPSHIRE_GE_6731F28D87 rows=2.0K cols=65 4.7s
[876/2208] PORTAL_ARC_OPEN_DATA_MINNEA_7C8C54BD8C rows=2.0K cols=24 4.0s
[877/2208] PORTAL_ARC_TUCSON_OPEN_DATA_3D7C82E432 rows=2.0K cols=78 5.8s
[878/2208] PORTAL_ARC_OPEN_DATA_RALEIG_8EE851C810 rows=2.0K cols=225 8.9s
[881/2208] PORTAL_SOC_NEW_YORK_STATE_O_A677772945 rows=2.0K cols=16 3.0s
[888/2208] PORTAL_ARC_TUCSON_OPEN_DATA_B77E902275 rows=2.0K cols=79 5.0s
[889/2208] PORTAL_SOC_COLORADO_INFORMA_6BE19A7323 rows=2.0K cols=15 1.5s
[896/2208] PORTAL_ARC_NEW_MEXICO_OPEN_3382D9F21E rows=2.0K cols=199 8.4s
[898/2208] PORTAL_ARC_TUCSON_OPEN_DATA_82607FBFC9 rows=2.0K cols=74 4.8s
[899/2208] PORTAL_ARC_TUCSON_OPEN_DATA_CDD4037DF8 rows=2.0K cols=101 6.0s
[902/2208] PORTAL_SOC_UTAH_OPEN_DATA_P_5EF68422FF rows=2.0K cols=252 6.4s
[905/2208] PORTAL_ARC_TUCSON_OPEN_DATA_BADE778B92 rows=2.0K cols=78 4.5s
[907/2208] PORTAL_ARC_TUCSON_OPEN_DATA_A94D7DFBCF rows=2.0K cols=78 5.2s
[909/2208] PORTAL_ARC_TUCSON_OPEN_DATA_6A79648A77 rows=2.0K cols=74 6.2s
[912/2208] PORTAL_ARC_OPEN_DATA_DC_43DCBD8BE3 rows=2.0K cols=91 4.9s
[913/2208] PORTAL_ARC_OPEN_DATA_MINNEA_5AC94C44DA rows=2.0K cols=24 3.6s
[917/2208] PORTAL_ARC_TUCSON_OPEN_DATA_44F7648869 rows=2.0K cols=78 4.7s
[918/2208] PORTAL_ARC_TUCSON_OPEN_DATA_4B31591F91 rows=2.0K cols=83 5.3s
[919/2208] PORTAL_ARC_TUCSON_OPEN_DATA_7672DB717A rows=2.0K cols=94 5.4s
[920/2208] PORTAL_ARC_TUCSON_OPEN_DATA_81514E21D3 rows=2.0K cols=74 5.5s
[921/2208] PORTAL_ARC_TUCSON_OPEN_DATA_8AB8EAF3DF rows=2.0K cols=127 6.5s
[923/2208] PORTAL_ARC_OPEN_DATA_DC_32AD83D2EC rows=2.0K cols=73 4.4s
[931/2208] PORTAL_SOC_UTAH_OPEN_DATA_P_103F7D641F rows=2.0K cols=66 4.5s
[933/2208] PORTAL_SOC_UTAH_OPEN_DATA_P_7A3C73B2FD rows=2.0K cols=96 5.4s
[935/2208] PORTAL_ARC_OPEN_DATA_DC_9A20CE1FC5 rows=2.0K cols=56 3.3s
[936/2208] PORTAL_ARC_OPEN_DATA_MINNEA_1AD7E106E4 rows=2.0K cols=24 3.8s
[937/2208] PORTAL_ARC_OPEN_DATA_MINNEA_BE5550EBF6 rows=2.0K cols=24 3.9s
[938/2208] PORTAL_SOC_NEW_YORK_STATE_O_EFF72C4402 rows=2.0K cols=49 4.6s
[939/2208] PORTAL_ARC_OPEN_DATA_DC_74D9616143 rows=2.0K cols=80 4.7s
[942/2208] PORTAL_ARC_TUCSON_OPEN_DATA_B8BE43CF1C rows=2.0K cols=77 4.6s
[943/2208] PORTAL_SOC_COLORADO_INFORMA_0637BE3AAC rows=2.0K cols=15 2.0s
[946/2208] PORTAL_SOC_TEXAS_OPEN_DATA_5410A1009F rows=2.0K cols=22 2.4s
[949/2208] PORTAL_ARC_HARRIS_COUNTY_OP_B86519B42D rows=2.0K cols=41 4.6s
[950/2208] PORTAL_SOC_UTAH_OPEN_DATA_P_D5F7CA2621 rows=2.0K cols=114 5.4s
[952/2208] PORTAL_ARC_TUCSON_OPEN_DATA_70CEDCB206 rows=2.0K cols=78 4.8s
[953/2208] PORTAL_ARC_TUCSON_OPEN_DATA_AD408FDF6D rows=2.0K cols=78 4.6s
[959/2208] PORTAL_ARC_OPEN_DATA_MINNEA_6CDCE692AA rows=2.0K cols=24 3.2s
[961/2208] PORTAL_ARC_TN_DATA_TENNESSE_B3E1127384 rows=2.0K cols=27 4.2s
[962/2208] PORTAL_ARC_TUCSON_OPEN_DATA_5B985CBFB5 rows=2.0K cols=78 5.1s
[963/2208] PORTAL_ARC_TUCSON_OPEN_DATA_A937D836B3 rows=2.0K cols=74 5.3s
[964/2208] PORTAL_ARC_TUCSON_OPEN_DATA_C92A89BB0D rows=2.0K cols=78 5.5s
[965/2208] PORTAL_ARC_TUCSON_OPEN_DATA_CF1942A6CE rows=2.0K cols=71 4.6s
[966/2208] PORTAL_ARC_TUCSON_OPEN_DATA_EE2E5DB309 rows=2.0K cols=78 4.8s
[967/2208] PORTAL_SOC_UTAH_OPEN_DATA_P_D903A6FE0D rows=2.0K cols=24 3.0s
[971/2208] PORTAL_ARC_TUCSON_OPEN_DATA_F970BAADB3 rows=2.0K cols=81 4.3s
[973/2208] PORTAL_SOC_CONNECTICUT_OPEN_AEB46F6C94 rows=2.0K cols=110 5.5s
[975/2208] PORTAL_ARC_TUCSON_OPEN_DATA_97B5E23500 rows=2.0K cols=71 4.8s
[978/2208] PORTAL_ARC_KENTUCKY_OPEN_GI_23E8E1668C rows=2.0K cols=35 3.8s
[980/2208] PORTAL_ARC_TUCSON_OPEN_DATA_BDA54FB1D9 rows=2.0K cols=91 4.5s
[981/2208] PORTAL_ARC_NEW_MEXICO_OPEN_6E34862F8D rows=2.0K cols=174 5.7s
[982/2208] PORTAL_ARC_TUCSON_OPEN_DATA_90CC86DC8C rows=2.0K cols=78 4.6s
[983/2208] PORTAL_ARC_TUCSON_OPEN_DATA_65984ADFBA rows=2.0K cols=81 4.8s
[984/2208] PORTAL_ARC_TUCSON_OPEN_DATA_A40FB2876B rows=2.0K cols=78 5.0s
[985/2208] PORTAL_ARC_TUCSON_OPEN_DATA_4FB5EA68FC rows=2.0K cols=77 4.9s
[987/2208] PORTAL_ARC_LA_COUNTY_OPEN_D_2E79EB67C8 rows=2.0K cols=32 4.1s
[989/2208] PORTAL_ARC_TUCSON_OPEN_DATA_289E71C579 rows=2.0K cols=78 5.8s
[991/2208] PORTAL_ARC_TUCSON_OPEN_DATA_057C5355E3 rows=2.0K cols=86 7.4s
[993/2208] PORTAL_ARC_TUCSON_OPEN_DATA_821C8A43B1 rows=2.0K cols=100 4.6s
[994/2208] PORTAL_ARC_MEMPHIS_OPEN_DAT_9F6F4B2736 rows=2.0K cols=23 3.3s
[995/2208] PORTAL_ARC_KENTUCKY_OPEN_GI_2A1893FE0B rows=2.0K cols=46 4.4s
[996/2208] PORTAL_ARC_TUCSON_OPEN_DATA_DB600D27AE rows=2.0K cols=77 5.2s
[1001/2208] PORTAL_ARC_TUCSON_OPEN_DATA_8896D12631 rows=2.0K cols=79 4.8s
[1004/2208] PORTAL_ARC_TUCSON_OPEN_DATA_EAB8D87A4D rows=2.0K cols=100 6.3s
[1005/2208] PORTAL_ARC_OPEN_DATA_DC_59913164D2 rows=2.0K cols=97 4.5s
[1009/2208] PORTAL_ARC_COLUMBUS_GIS_OPE_8259461C2A rows=2.0K cols=35 4.7s
[1012/2208] PORTAL_ARC_LOUISVILLE_OPEN_F2B7CA4B76 rows=2.0K cols=19 4.0s
[1013/2208] PORTAL_ARC_TUCSON_OPEN_DATA_7B6232F22D rows=2.0K cols=78 4.7s
[1014/2208] PORTAL_ARC_TUCSON_OPEN_DATA_A54A25CA53 rows=2.0K cols=78 5.8s
[1015/2208] PORTAL_ARC_ATLANTA_DATAATLA_DDCDF8F47F rows=2.0K cols=34 3.7s
[1016/2208] PORTAL_ARC_HARRIS_COUNTY_OP_2D6F9D0DA7 rows=2.0K cols=40 4.0s
[1018/2208] PORTAL_ARC_OPEN_DATA_MINNEA_7EFDCA0423 rows=2.0K cols=24 3.9s
[1019/2208] PORTAL_ARC_OPEN_DATA_MINNEA_BD6A1CACBB rows=2.0K cols=24 4.4s
[1020/2208] PORTAL_ARC_TUCSON_OPEN_DATA_90C091B01B rows=2.0K cols=73 4.5s
[1021/2208] PORTAL_ARC_HARRIS_COUNTY_OP_A2C8055EFB rows=2.0K cols=37 3.8s
[1022/2208] PORTAL_ARC_OPEN_DATA_MINNEA_09E3680FD2 rows=2.0K cols=24 4.8s
[1027/2208] FED_ATF_FFL_LOCATIONS rows=2.0K cols=95 4.3s
[1040/2208] PORTAL_SOC_UTAH_OPEN_DATA_P_F259CD7FC8 rows=2.0K cols=97 4.8s
[1041/2208] PORTAL_SOC_UTAH_OPEN_DATA_P_D769AFDABA rows=2.0K cols=95 5.2s
[1044/2208] PORTAL_ARC_KENTUCKY_OPEN_GI_100DA931EB rows=2.0K cols=46 2.7s
[1047/2208] PORTAL_ARC_TUCSON_OPEN_DATA_0697237A35 rows=2.0K cols=79 5.1s
[1050/2208] PORTAL_ARC_OPEN_DATA_DC_008BA480F6 rows=1.9K cols=59 4.1s
[1052/2208] PORTAL_SOC_UTAH_OPEN_DATA_P_6862B465D5 rows=1.9K cols=55 4.1s
[1055/2208] PORTAL_SOC_DELAWARE_OPEN_DA_9E200409C5 rows=1.9K cols=150 8.1s
[1056/2208] PORTAL_ARC_MEMPHIS_OPEN_DAT_D0AE25BC24 rows=1.8K cols=23 3.8s
[1057/2208] PORTAL_ARC_TUCSON_OPEN_DATA_7F7E374C68 rows=1.8K cols=79 5.1s
[1060/2208] PORTAL_ARC_LA_COUNTY_OPEN_D_73B029DCD6 rows=1.8K cols=27 3.3s
[1063/2208] CA_LOBBY_EMPLOYER rows=1.7K cols=23 3.0s
[1080/2208] PORTAL_ARC_HARRIS_COUNTY_OP_672C54ADB5 rows=1.6K cols=37 4.2s
[1086/2208] PORTAL_ARC_MEMPHIS_OPEN_DAT_3057D84002 rows=1.5K cols=23 3.3s
[1087/2208] PORTAL_ARC_TUCSON_OPEN_DATA_86A898EF77 rows=1.5K cols=78 5.4s
[1098/2208] PORTAL_SOC_OPEN_DATA_BR_C110D5CF59 rows=1.5K cols=28 2.4s
[1099/2208] PORTAL_ARC_HARRIS_COUNTY_OP_8549EC1226 rows=1.5K cols=31 3.5s
[1115/2208] PORTAL_CKA_ANALYZE_BOSTON_8A02CA5E02 rows=1.4K cols=20 4.2s
[1166/2208] PORTAL_ARC_HARRIS_COUNTY_OP_FA9969D82E rows=1.1K cols=23 3.5s
[1167/2208] PORTAL_ARC_HARRIS_COUNTY_OP_86AE12CFC0 rows=1.1K cols=23 4.6s
[1178/2208] PORTAL_ARC_NEW_MEXICO_OPEN_7DE8F482F1 rows=1.1K cols=68 3.9s
[1186/2208] PORTAL_ARC_MEMPHIS_OPEN_DAT_C9E8070496 rows=1.0K cols=23 3.2s
[1191/2208] PORTAL_ARC_TUCSON_OPEN_DATA_69487E016F rows=1.0K cols=79 5.6s
[1203/2208] INTL_GDELT rows=1.0K cols=64 4.3s
[1228/2208] PORTAL_ARC_HARRIS_COUNTY_OP_D53D8CC5D8 rows=924 cols=37 4.3s
[1229/2208] PORTAL_ARC_HARRIS_COUNTY_OP_510B4A2AB2 rows=924 cols=41 3.9s
[1230/2208] PORTAL_SOC_UTAH_OPEN_DATA_P_A45115B872 rows=917 cols=99 5.8s
[1236/2208] PORTAL_SOC_UTAH_OPEN_DATA_P_A54AA90538 rows=896 cols=98 5.0s
[1237/2208] PORTAL_SOC_UTAH_OPEN_DATA_P_66C519BCCF rows=893 cols=99 5.2s
[1241/2208] PORTAL_SOC_UTAH_OPEN_DATA_P_636FFFDFA2 rows=865 cols=99 5.7s
[1243/2208] PORTAL_SOC_UTAH_OPEN_DATA_P_5C3521189E rows=861 cols=101 5.9s
[1245/2208] PORTAL_SOC_UTAH_OPEN_DATA_P_944A7B18A7 rows=852 cols=99 5.2s
[1246/2208] PORTAL_SOC_UTAH_OPEN_DATA_P_7F45E582F7 rows=851 cols=99 4.3s
[1247/2208] PORTAL_SOC_UTAH_OPEN_DATA_P_38579BBDBC rows=850 cols=98 4.7s
[1248/2208] PORTAL_SOC_UTAH_OPEN_DATA_P_6F5FCC229F rows=842 cols=106 4.7s
[1250/2208] PORTAL_SOC_UTAH_OPEN_DATA_P_B5E39C25F8 rows=835 cols=101 4.6s
[1251/2208] PORTAL_SOC_UTAH_OPEN_DATA_P_CDBDD459C0 rows=835 cols=100 5.1s
[1252/2208] PORTAL_ARC_TUCSON_OPEN_DATA_E9360F6C40 rows=833 cols=78 4.7s
[1257/2208] PORTAL_SOC_UTAH_OPEN_DATA_P_5E73751281 rows=817 cols=100 4.2s
[1261/2208] PORTAL_SOC_UTAH_OPEN_DATA_P_8D9FB9A1A3 rows=813 cols=103 5.6s
[1263/2208] PORTAL_SOC_UTAH_OPEN_DATA_P_4388C129F2 rows=807 cols=100 4.9s
[1264/2208] PORTAL_ARC_HARRIS_COUNTY_OP_FB6331E67A rows=805 cols=37 3.8s
[1267/2208] PORTAL_ARC_TUCSON_OPEN_DATA_B64E31A541 rows=798 cols=78 5.8s
[1269/2208] PORTAL_SOC_UTAH_OPEN_DATA_P_A5715666DA rows=791 cols=101 5.2s
[1276/2208] PORTAL_ARC_ATLANTA_DATAATLA_610443017C rows=780 cols=34 3.4s
[1281/2208] PORTAL_ARC_HARRIS_COUNTY_OP_4E0F396A33 rows=755 cols=92 4.2s
[1282/2208] PORTAL_ARC_HARRIS_COUNTY_OP_BEF7C03176 rows=755 cols=92 4.7s
[1292/2208] PORTAL_SOC_COLORADO_INFORMA_9A760AEFAA rows=732 cols=111 5.1s
[1293/2208] PORTAL_SOC_UTAH_OPEN_DATA_P_A3B79359D3 rows=731 cols=102 5.3s
[1295/2208] PORTAL_SOC_UTAH_OPEN_DATA_P_F326BAD0FC rows=713 cols=101 5.0s
[1298/2208] PORTAL_SOC_UTAH_OPEN_DATA_P_33421B5A2A rows=710 cols=96 4.4s
[1305/2208] PORTAL_ARC_ATLANTA_DATAATLA_4AB9F9E31E rows=681 cols=30 3.0s
[1307/2208] PORTAL_CKA_WESTERN_PENNSYLV_20E1A330CE rows=672 cols=15 2.6s
[1308/2208] PORTAL_CKA_WPRDC_ALLEGHENY_16A0BB67B4 rows=672 cols=15 1.9s
[1309/2208] PORTAL_SOC_CHICAGO_DATA_POR_FC19B9A2BE rows=672 cols=46 4.0s
[1320/2208] PORTAL_ARC_HARRIS_COUNTY_OP_619A8F0A78 rows=642 cols=106 4.7s
[1321/2208] PORTAL_ARC_HARRIS_COUNTY_OP_3E1A188E92 rows=642 cols=106 4.8s
[1326/2208] PORTAL_SOC_UTAH_OPEN_DATA_P_3345D79E51 rows=616 cols=93 3.8s
[1330/2208] PORTAL_ARC_WISCONSIN_OPEN_D_5206358BDD rows=604 cols=45 3.0s
[1334/2208] PORTAL_ARC_ATLANTA_DATAATLA_0F1C49C840 rows=598 cols=20 4.6s
[1335/2208] PORTAL_ARC_ATLANTA_DATAATLA_B9DC3DFA97 rows=598 cols=20 3.4s
[1338/2208] PORTAL_ARC_ATLANTA_DATAATLA_17C43E4BA3 rows=594 cols=20 2.9s
[1360/2208] PORTAL_SOC_UTAH_OPEN_DATA_P_37575AD872 rows=559 cols=100 5.3s
[1361/2208] PORTAL_SOC_UTAH_OPEN_DATA_P_9CF01A9E6C rows=557 cols=101 4.3s
[1366/2208] PORTAL_SOC_UTAH_OPEN_DATA_P_4FE1D49F45 rows=538 cols=100 5.9s
[1369/2208] PORTAL_ARC_ATLANTA_DATAATLA_DE1E9D4350 rows=531 cols=18 2.5s
[1370/2208] PORTAL_SOC_UTAH_OPEN_DATA_P_598E83DA4D rows=529 cols=100 6.6s
[1371/2208] PORTAL_SOC_UTAH_OPEN_DATA_P_99D27E2813 rows=528 cols=100 5.8s
[1372/2208] PORTAL_SOC_UTAH_OPEN_DATA_P_7B0A7183BD rows=527 cols=98 4.7s
[1374/2208] PORTAL_ARC_HARRIS_COUNTY_OP_CAF5C156E3 rows=526 cols=91 4.8s
[1375/2208] PORTAL_ARC_HARRIS_COUNTY_OP_5AB72D4A23 rows=526 cols=93 4.8s
[1376/2208] PORTAL_ARC_HARRIS_COUNTY_OP_FE2134F2C8 rows=526 cols=91 4.6s
[1377/2208] PORTAL_SOC_UTAH_OPEN_DATA_P_2027B55EDA rows=525 cols=100 4.8s
[1378/2208] PORTAL_SOC_UTAH_OPEN_DATA_P_728FDA9FB7 rows=525 cols=100 5.4s
[1385/2208] PORTAL_ARC_HARRIS_COUNTY_OP_CBD49C80E4 rows=513 cols=26 4.0s
[1390/2208] FED_DHS_HIFLD rows=500 cols=18 1.6s
[1393/2208] FED_FEC_API rows=500 cols=23 3.4s
[1401/2208] PORTAL_SOC_UTAH_OPEN_DATA_P_A4022A1A2D rows=468 cols=95 5.9s
[1404/2208] PORTAL_ARC_ATLANTA_DATAATLA_5ADD5EAF6A rows=454 cols=34 3.6s
[1406/2208] PORTAL_SOC_UTAH_OPEN_DATA_P_3C77C8480B rows=450 cols=93 3.5s
[1415/2208] PORTAL_ARC_OPEN_DATA_DC_01F2D9886C rows=437 cols=59 3.6s
[1416/2208] PORTAL_ARC_TUCSON_OPEN_DATA_EC706EAD4C rows=437 cols=78 4.9s
[1421/2208] PORTAL_ARC_VERMONT_OPEN_GEO_62F10327D4 rows=424 cols=36 4.0s
[1431/2208] PORTAL_ARC_ATLANTA_DATAATLA_D6C1E3B844 rows=395 cols=102 4.1s
[1432/2208] PORTAL_CKA_WPRDC_ALLEGHENY_12918A9A0A rows=394 cols=18 3.0s
[1433/2208] PORTAL_CKA_WESTERN_PENNSYLV_57184A8FE4 rows=394 cols=18 3.0s
[1436/2208] PORTAL_ARC_ATLANTA_DATAATLA_CC5FA4CA01 rows=390 cols=34 3.6s
[1437/2208] PORTAL_ARC_HARRIS_COUNTY_OP_EDE1E11F9D rows=386 cols=30 3.7s
[1441/2208] PORTAL_ARC_HARRIS_COUNTY_OP_1A53499962 rows=372 cols=35 4.1s
[1442/2208] PORTAL_ARC_HARRIS_COUNTY_OP_3E1426DF10 rows=372 cols=35 3.5s
[1450/2208] PORTAL_ARC_HARRIS_COUNTY_OP_33A3918C80 rows=363 cols=40 3.5s
[1451/2208] PORTAL_ARC_HARRIS_COUNTY_OP_D1EB790FBD rows=363 cols=40 5.3s
[1452/2208] PORTAL_ARC_TUCSON_OPEN_DATA_D4FFB81E01 rows=361 cols=78 4.8s
[1455/2208] PORTAL_ARC_HARRIS_COUNTY_OP_7BD125DFB0 rows=359 cols=40 5.1s
[1456/2208] PORTAL_ARC_HARRIS_COUNTY_OP_CB850CC4B0 rows=356 cols=166 5.5s
[1458/2208] PORTAL_ARC_TUCSON_OPEN_DATA_7B93FAAC46 rows=354 cols=45 5.1s
[1466/2208] PORTAL_CKA_ISRAEL_NATIONAL_36F3314F93 rows=340 cols=16 3.0s
[1469/2208] PORTAL_ARC_TUCSON_OPEN_DATA_563E6E04A6 rows=339 cols=45 5.1s
[1475/2208] PORTAL_ARC_ATLANTA_DATAATLA_A59DB2E766 rows=322 cols=30 3.4s
[1480/2208] FED_CMS_LTCH rows=311 cols=16 2.1s
[1481/2208] PORTAL_SOC_UTAH_OPEN_DATA_P_FE79F02E34 rows=307 cols=92 4.7s
[1491/2208] PORTAL_CKA_ANALYZE_BOSTON_4A5CA3BCE5 rows=301 cols=20 3.4s
[1492/2208] FED_US_USASPENDING_API rows=300 cols=34 2.6s
[1495/2208] PORTAL_ARC_TUCSON_OPEN_DATA_7E21327FCB rows=294 cols=78 5.3s
[1502/2208] PORTAL_ARC_ATLANTA_DATAATLA_93AA493487 rows=280 cols=34 3.6s
[1507/2208] PORTAL_ARC_TUCSON_OPEN_DATA_E794DDDF28 rows=276 cols=37 3.8s
[1513/2208] CA_LOBBY_FIRM rows=256 cols=21 3.3s
[1540/2208] PORTAL_ARC_HARRIS_COUNTY_OP_6529979A2A rows=214 cols=38 4.7s
[1543/2208] PORTAL_ARC_ATLANTA_DATAATLA_79E3C7BD36 rows=209 cols=30 3.2s
[1544/2208] PORTAL_CKA_ANALYZE_BOSTON_DF52D983A2 rows=208 cols=311 7.7s
[1553/2208] PORTAL_ARC_MEMPHIS_OPEN_DAT_47C4A90FEA rows=196 cols=23 3.0s
[1557/2208] PORTAL_ARC_TUCSON_OPEN_DATA_5D84AF2604 rows=190 cols=79 5.7s
[1560/2208] PORTAL_ARC_TUCSON_OPEN_DATA_95246841CB rows=189 cols=79 5.0s
[1563/2208] PORTAL_ARC_ORANGE_COUNTY_OP_05390F8D55 rows=184 cols=36 4.6s
[1567/2208] PORTAL_ARC_TUCSON_OPEN_DATA_6E966EDC1B rows=176 cols=78 5.0s
[1577/2208] PORTAL_ARC_ORANGE_COUNTY_OP_43A1FE3FBE rows=161 cols=36 4.0s
[1584/2208] PORTAL_CKA_ANALYZE_BOSTON_1321CB60B5 rows=156 cols=13 3.1s
[1587/2208] PORTAL_SOC_COLORADO_INFORMA_C4D7351098 rows=150 cols=18 1.9s
[1597/2208] PORTAL_ARC_ATLANTA_DATAATLA_1A7F4ADC21 rows=144 cols=30 3.0s
[1598/2208] PORTAL_ARC_TUCSON_OPEN_DATA_A0293B412C rows=144 cols=77 5.7s
[1599/2208] PORTAL_ARC_TUCSON_OPEN_DATA_0F83B7C628 rows=142 cols=89 6.1s
[1610/2208] PORTAL_ARC_OPEN_DATA_DC_5B867C795C rows=133 cols=10 2.2s
[1611/2208] PORTAL_ARC_OPEN_DATA_DC_D8E55D5B7F rows=133 cols=10 2.9s
[1612/2208] PORTAL_CKA_OPEN_DATA_SA_E846782F2C rows=133 cols=39 7.2s
[1616/2208] PORTAL_ARC_ATLANTA_DATAATLA_03DC194F2A rows=130 cols=34 4.4s
[1619/2208] PORTAL_ARC_ATLANTA_DATAATLA_A6D51869AF rows=128 cols=20 3.6s
[1620/2208] PORTAL_ARC_ATLANTA_DATAATLA_3E1237B0E9 rows=128 cols=20 3.6s
[1621/2208] PORTAL_ARC_ATLANTA_DATAATLA_BAAC9A60C4 rows=127 cols=20 3.0s
[1624/2208] PORTAL_ARC_HARRIS_COUNTY_OP_F3D3A3AB57 rows=125 cols=47 5.2s
[1625/2208] FED_NSF_AWARDS rows=125 cols=23 3.5s
[1626/2208] PORTAL_ARC_HARRIS_COUNTY_OP_D9A3089ED0 rows=125 cols=47 4.9s
[1629/2208] PORTAL_ARC_TUCSON_OPEN_DATA_8AAD75BF85 rows=119 cols=84 5.4s
[1644/2208] PORTAL_ARC_ATLANTA_DATAATLA_AAF9599F45 rows=118 cols=25 3.6s
[1647/2208] PORTAL_ARC_ATLANTA_DATAATLA_5A321B0C21 rows=118 cols=21 3.5s
[1649/2208] PORTAL_ARC_ATLANTA_DATAATLA_A6A6A74172 rows=118 cols=21 3.7s
[1692/2208] PORTAL_ARC_OPEN_DATA_MINNEA_0426858DFE rows=110 cols=30 3.1s
[1695/2208] PORTAL_CKA_OPEN_DATA_SA_5B3CE659E5 rows=108 cols=17 2.6s
[1696/2208] PORTAL_SOC_UTAH_OPEN_DATA_P_B0F7881369 rows=107 cols=92 4.7s
[1699/2208] PORTAL_ARC_ATLANTA_DATAATLA_4C51545609 rows=106 cols=36 3.9s
[1713/2208] PORTAL_ARC_HARRIS_COUNTY_OP_167EC31B95 rows=96 cols=91 4.9s
[1722/2208] PORTAL_ARC_ATLANTA_DATAATLA_7B1D4C8E25 rows=92 cols=36 4.0s
[1738/2208] PORTAL_ARC_OPEN_DATA_DC_E28C8C471A rows=83 cols=50 4.0s
[1742/2208] PORTAL_ARC_OPEN_DATA_DC_B1DAECCB1B rows=83 cols=50 3.7s
[1752/2208] PORTAL_ARC_HARRIS_COUNTY_OP_374D2E791F rows=77 cols=106 4.8s
[1754/2208] PORTAL_ARC_HARRIS_COUNTY_OP_2718B3279A rows=77 cols=106 4.8s
[1759/2208] PORTAL_ARC_LA_COUNTY_OPEN_D_E549C7C921 rows=76 cols=31 4.6s
[1762/2208] PORTAL_ARC_TUCSON_OPEN_DATA_57DF097E01 rows=74 cols=78 5.6s
[1763/2208] PORTAL_ARC_HARRIS_COUNTY_OP_119B70555B rows=74 cols=60 3.9s
[1764/2208] PORTAL_ARC_ATLANTA_DATAATLA_F07E02DA21 rows=73 cols=36 4.1s
[1767/2208] PORTAL_ARC_ORANGE_COUNTY_OP_BFABCC10A2 rows=72 cols=30 3.2s
[1769/2208] PORTAL_ARC_ORANGE_COUNTY_OP_EA54EC8366 rows=72 cols=31 3.6s
[1783/2208] PORTAL_ARC_TUCSON_OPEN_DATA_B44EAD49D6 rows=66 cols=78 5.3s
[1792/2208] PORTAL_ARC_TUCSON_OPEN_DATA_3A7E0821D1 rows=61 cols=80 6.6s
[1793/2208] PORTAL_SOC_UTAH_OPEN_DATA_P_DCD75231F6 rows=61 cols=122 5.0s
[1794/2208] PORTAL_SOC_UTAH_OPEN_DATA_P_A9B7E273C8 rows=61 cols=121 5.2s
[1796/2208] PORTAL_ARC_TUCSON_OPEN_DATA_55D5164315 rows=60 cols=36 3.5s
[1800/2208] PORTAL_ARC_ORANGE_COUNTY_OP_27452024DB rows=59 cols=29 4.4s
[1801/2208] PORTAL_ARC_ORANGE_COUNTY_OP_75EFFF54D5 rows=59 cols=30 4.0s
[1803/2208] PORTAL_CKA_SAN_JOSE_OPEN_DA_9EB7D97238 rows=58 cols=36 3.5s
[1804/2208] PORTAL_ARC_ATLANTA_DATAATLA_3F5DA71919 rows=58 cols=35 4.1s
[1805/2208] PORTAL_ARC_ATLANTA_DATAATLA_7D3C4A9739 rows=57 cols=36 4.3s
[1807/2208] PORTAL_ARC_HARRIS_COUNTY_OP_4F19F66C45 rows=56 cols=92 5.8s
[1808/2208] PORTAL_ARC_WISCONSIN_OPEN_D_4EBC995C5D rows=56 cols=45 3.0s
[1809/2208] PORTAL_ARC_HARRIS_COUNTY_OP_F22D53C24D rows=56 cols=92 4.6s
[1812/2208] PORTAL_ARC_HARRIS_COUNTY_OP_1966AC023B rows=55 cols=36 3.6s
[1818/2208] PORTAL_ARC_TUCSON_OPEN_DATA_575B865A46 rows=53 cols=78 5.2s
[1824/2208] PORTAL_CKA_ANALYZE_BOSTON_92EF0E3576 rows=52 cols=19 2.8s
[1829/2208] PORTAL_ARC_ATLANTA_DATAATLA_BAA69E0D06 rows=51 cols=36 4.3s
[1834/2208] PORTAL_SOC_UTAH_OPEN_DATA_P_4309355F14 rows=49 cols=93 4.5s
[1860/2208] PORTAL_ARC_TUCSON_OPEN_DATA_CDFFE1002A rows=43 cols=78 4.8s
[1863/2208] PORTAL_ARC_ATLANTA_DATAATLA_E2C03512E7 rows=42 cols=36 4.6s
[1865/2208] PORTAL_ARC_WISCONSIN_OPEN_D_CB1509F410 rows=42 cols=45 5.6s
[1873/2208] PORTAL_ARC_TUCSON_OPEN_DATA_1073539FE2 rows=41 cols=78 5.8s
[1880/2208] PORTAL_ARC_OPEN_DATA_MINNEA_5605A903BD rows=39 cols=37 3.1s
[1881/2208] PORTAL_ARC_TUCSON_OPEN_DATA_9B42294E74 rows=38 cols=34 3.8s
[1882/2208] PORTAL_ARC_HARRIS_COUNTY_OP_12691A85A0 rows=38 cols=45 3.6s
[1883/2208] PORTAL_ARC_HARRIS_COUNTY_OP_A2DAE85C30 rows=38 cols=45 3.5s
[1896/2208] PORTAL_CKA_ANALYZE_BOSTON_C0890B412F rows=35 cols=13 2.5s
[1898/2208] PORTAL_ARC_HARRIS_COUNTY_OP_19FE875D1D rows=35 cols=39 3.6s
[1902/2208] PORTAL_ARC_ATLANTA_DATAATLA_A9FA6B1C3C rows=35 cols=37 3.8s
[1903/2208] PORTAL_ARC_HARRIS_COUNTY_OP_78806A4CF7 rows=35 cols=39 3.4s
[1907/2208] PORTAL_ARC_HARRIS_COUNTY_OP_6CDCF96CA7 rows=34 cols=44 3.6s
[1908/2208] PORTAL_ARC_HARRIS_COUNTY_OP_E87E81379A rows=34 cols=44 4.0s
[1910/2208] PORTAL_ARC_ORANGE_COUNTY_OP_6BAA47A46B rows=33 cols=28 3.2s
[1913/2208] PORTAL_ARC_ORANGE_COUNTY_OP_3A2A7267D1 rows=33 cols=29 3.4s
[1915/2208] PORTAL_ARC_NEW_MEXICO_OPEN_1B6C7F7FBD rows=32 cols=45 3.7s
[1919/2208] PORTAL_ARC_ORANGE_COUNTY_OP_DD64A3F2B8 rows=31 cols=28 3.3s
[1920/2208] PORTAL_ARC_ORANGE_COUNTY_OP_2F4310B675 rows=31 cols=29 3.5s
[1923/2208] PORTAL_ARC_ATLANTA_DATAATLA_C1DA9CD6A0 rows=30 cols=36 3.9s
[1924/2208] PORTAL_ARC_HARRIS_COUNTY_OP_87F4853C1A rows=30 cols=42 2.9s
[1948/2208] PORTAL_ARC_OPEN_DATA_MINNEA_D808F6BF62 rows=25 cols=30 3.5s
[1964/2208] PORTAL_ARC_TUCSON_OPEN_DATA_EA7ADF4848 rows=23 cols=37 3.4s
[1965/2208] PORTAL_ARC_TUCSON_OPEN_DATA_28F95EBB76 rows=23 cols=78 4.3s
[1973/2208] PORTAL_ARC_TUCSON_OPEN_DATA_80B28FB6D7 rows=21 cols=78 5.9s
[1988/2208] PORTAL_ARC_ATLANTA_DATAATLA_7E542E6BFA rows=20 cols=36 3.6s
[1991/2208] PORTAL_ARC_TUCSON_OPEN_DATA_14C7AA5CCF rows=19 cols=37 4.7s
[1992/2208] PORTAL_ARC_FORT_WORTH_OPEN_2259070522 rows=19 cols=20 2.5s
[2004/2208] PORTAL_ARC_TUCSON_OPEN_DATA_63C0193FF1 rows=18 cols=78 5.3s
[2011/2208] PORTAL_ARC_TUCSON_OPEN_DATA_080C2334EE rows=17 cols=78 4.5s
[2012/2208] PORTAL_ARC_LOUISVILLE_OPEN_0574425F4F rows=17 cols=21 3.1s
[2020/2208] PORTAL_ARC_ATLANTA_DATAATLA_D8DF9588A6 rows=15 cols=22 3.0s
[2024/2208] PORTAL_ARC_ATLANTA_DATAATLA_FD3576897B rows=15 cols=36 4.0s
[2036/2208] PORTAL_ARC_ATLANTA_DATAATLA_5D9B9C30A9 rows=14 cols=36 4.0s
[2037/2208] PORTAL_ARC_WISCONSIN_OPEN_D_B2EFA24715 rows=14 cols=45 2.4s
[2040/2208] PORTAL_ARC_ORANGE_COUNTY_OP_8C9550F9C6 rows=13 cols=29 3.4s
[2041/2208] PORTAL_ARC_HARRIS_COUNTY_OP_EA34BDDB5D rows=13 cols=36 3.8s
[2046/2208] PORTAL_ARC_HARRIS_COUNTY_OP_28CF881303 rows=13 cols=36 3.3s
[2049/2208] PORTAL_ARC_HARRIS_COUNTY_OP_A5E2395522 rows=13 cols=36 4.1s
[2050/2208] PORTAL_ARC_ORANGE_COUNTY_OP_1A50E60D53 rows=13 cols=28 3.5s
[2052/2208] PORTAL_ARC_TUCSON_OPEN_DATA_7044E0923D rows=13 cols=78 5.4s
[2058/2208] PORTAL_ARC_TUCSON_OPEN_DATA_F919285F50 rows=12 cols=78 5.6s
[2061/2208] PORTAL_ARC_HARRIS_COUNTY_OP_0F9C7FCB29 rows=12 cols=182 5.2s
[2065/2208] PORTAL_ARC_LOUISVILLE_OPEN_733584A9A0 rows=11 cols=23 2.1s
[2087/2208] PORTAL_ARC_ORANGE_COUNTY_OP_A69A248695 rows=10 cols=28 4.4s
[2089/2208] PORTAL_ARC_ORANGE_COUNTY_OP_572F3C6271 rows=10 cols=29 3.7s
[2097/2208] PORTAL_ARC_ORANGE_COUNTY_OP_644FB9535B rows=9 cols=28 3.4s
[2099/2208] PORTAL_ARC_WISCONSIN_OPEN_D_717F8037EB rows=9 cols=45 2.6s
[2100/2208] PORTAL_ARC_OPEN_DATA_DC_56C4F04CF0 rows=9 cols=68 3.7s
[2102/2208] PORTAL_ARC_ORANGE_COUNTY_OP_62E4574F5E rows=9 cols=29 3.6s
[2109/2208] PORTAL_ARC_WISCONSIN_OPEN_D_D05399642C rows=8 cols=48 2.9s
[2113/2208] PORTAL_ARC_TUCSON_OPEN_DATA_11050C025B rows=8 cols=78 4.3s
[2122/2208] PORTAL_ARC_ATLANTA_DATAATLA_A29D594B47 rows=7 cols=35 3.6s
[2126/2208] PORTAL_ARC_TUCSON_OPEN_DATA_7468CF46DB rows=6 cols=78 5.4s
[2133/2208] PORTAL_ARC_TUCSON_OPEN_DATA_328AF9F277 rows=6 cols=78 4.9s
[2141/2208] PORTAL_ARC_TUCSON_OPEN_DATA_6720A5FF25 rows=5 cols=37 3.0s
[2142/2208] PORTAL_ARC_TUCSON_OPEN_DATA_32A72D9D1D rows=5 cols=37 3.6s
[2146/2208] PORTAL_ARC_TUCSON_OPEN_DATA_172A59FDF6 rows=4 cols=37 3.3s
[2162/2208] PORTAL_ARC_WISCONSIN_OPEN_D_07CF3C3824 rows=2 cols=45 2.3s
[2163/2208] PORTAL_ARC_OPEN_DATA_DC_98319AB13D rows=2 cols=27 2.3s
[2165/2208] PORTAL_ARC_OPEN_DATA_DC_454981B380 rows=2 cols=27 2.3s
[2167/2208] PORTAL_ARC_TUCSON_OPEN_DATA_9E24E86B9A rows=2 cols=78 6.2s
[2171/2208] PORTAL_ARC_WISCONSIN_OPEN_D_022EFD1AE5 rows=2 cols=45 2.6s
[2173/2208] PORTAL_ARC_TUCSON_OPEN_DATA_E0EDEA39BE rows=2 cols=37 3.1s
[2174/2208] PORTAL_ARC_TUCSON_OPEN_DATA_F0203665DD rows=2 cols=37 3.2s
[2175/2208] PORTAL_ARC_HARRIS_COUNTY_OP_3CFE4113ED rows=2 cols=30 3.4s
[2178/2208] PORTAL_ARC_WISCONSIN_OPEN_D_601E691159 rows=1 cols=45 1.7s
reclassify: 287 tables changed roles, rerunning
287 tables in scope
[1/287] FED_EPA_TRI_BASIC_2023 rows=78.6K cols=125 6.2s
[2/287] FED_CDC_DATA_PORTAL rows=15.0K cols=16 2.1s
[3/287] PORTAL_CKA_WPRDC_ALLEGHENY_DE448D04D4 rows=10.0K cols=44 4.3s
[4/287] PORTAL_CKA_WESTERN_PENNSYLV_0AF7431C6C rows=10.0K cols=44 3.4s
[5/287] PORTAL_ARC_TUCSON_OPEN_DATA_AD6F34F882 rows=5.0K cols=109 5.3s
[6/287] FED_USGS_3DEP rows=5.0K cols=34 4.1s
[7/287] PORTAL_ARC_TUCSON_OPEN_DATA_04EE75BE01 rows=5.0K cols=109 5.4s
[8/287] PORTAL_ARC_TUCSON_OPEN_DATA_40615E7B14 rows=3.2K cols=107 5.7s
[9/287] PORTAL_ARC_TUCSON_OPEN_DATA_B15AE2B075 rows=3.1K cols=107 6.0s
[10/287] FED_USGS_WBD_HUC8 rows=2.5K cols=19 4.3s
[11/287] PORTAL_ARC_TUCSON_OPEN_DATA_CF31C19A20 rows=2.2K cols=107 6.7s
[12/287] FED_EPA_SUPERFUND_SITE_BOUNDARIES rows=2.1K cols=35 5.2s
[13/287] PORTAL_ARC_TUCSON_OPEN_DATA_70CEDCB206 rows=2.0K cols=78 5.3s
[14/287] PORTAL_ARC_LA_COUNTY_OPEN_D_2E79EB67C8 rows=2.0K cols=32 3.5s
[15/287] PORTAL_ARC_TUCSON_OPEN_DATA_5B985CBFB5 rows=2.0K cols=78 4.7s
[16/287] PORTAL_ARC_NEW_HAMPSHIRE_GE_6731F28D87 rows=2.0K cols=65 4.5s
[17/287] PORTAL_ARC_OPEN_DATA_MINNEA_7EFDCA0423 rows=2.0K cols=24 3.3s
[18/287] PORTAL_ARC_TUCSON_OPEN_DATA_7B6232F22D rows=2.0K cols=78 4.7s
[19/287] PORTAL_ARC_TUCSON_OPEN_DATA_C92A89BB0D rows=2.0K cols=78 5.2s
[20/287] PORTAL_ARC_TUCSON_OPEN_DATA_90CC86DC8C rows=2.0K cols=78 6.8s
[21/287] PORTAL_ARC_TUCSON_OPEN_DATA_4B31591F91 rows=2.0K cols=83 4.5s
[22/287] PORTAL_ARC_TUCSON_OPEN_DATA_4FB5EA68FC rows=2.0K cols=77 4.7s
[23/287] PORTAL_ARC_HARRIS_COUNTY_OP_B86519B42D rows=2.0K cols=41 4.3s
[24/287] PORTAL_ARC_TUCSON_OPEN_DATA_8AB8EAF3DF rows=2.0K cols=127 5.4s
[25/287] PORTAL_ARC_TUCSON_OPEN_DATA_90C091B01B rows=2.0K cols=73 5.9s
[26/287] PORTAL_ARC_TUCSON_OPEN_DATA_A94D7DFBCF rows=2.0K cols=78 5.9s
[27/287] PORTAL_ARC_ATLANTA_DATAATLA_32BD015354 rows=2.0K cols=23 4.5s
[28/287] PORTAL_ARC_TUCSON_OPEN_DATA_CF1942A6CE rows=2.0K cols=71 5.0s
[29/287] PORTAL_ARC_TUCSON_OPEN_DATA_F970BAADB3 rows=2.0K cols=81 5.1s
[30/287] PORTAL_ARC_ATLANTA_DATAATLA_D70207FA18 rows=2.0K cols=23 4.3s
[31/287] PORTAL_ARC_OPEN_DATA_DC_32AD83D2EC rows=2.0K cols=73 6.7s
[32/287] PORTAL_ARC_TUCSON_OPEN_DATA_97B5E23500 rows=2.0K cols=71 5.2s
[33/287] PORTAL_ARC_NEW_MEXICO_OPEN_3382D9F21E rows=2.0K cols=199 7.9s
[34/287] PORTAL_ARC_TUCSON_OPEN_DATA_CDD4037DF8 rows=2.0K cols=101 5.6s
[35/287] PORTAL_ARC_TUCSON_OPEN_DATA_289E71C579 rows=2.0K cols=78 4.9s
[36/287] PORTAL_ARC_TUCSON_OPEN_DATA_A40FB2876B rows=2.0K cols=78 5.6s
[37/287] PORTAL_ARC_MEMPHIS_OPEN_DAT_9F6F4B2736 rows=2.0K cols=23 3.2s
[38/287] PORTAL_ARC_TUCSON_OPEN_DATA_A937D836B3 rows=2.0K cols=74 5.1s
[39/287] PORTAL_ARC_TUCSON_OPEN_DATA_81EB8BA37C rows=2.0K cols=124 4.6s
[40/287] PORTAL_ARC_TUCSON_OPEN_DATA_DB600D27AE rows=2.0K cols=77 4.8s
[41/287] PORTAL_ARC_TUCSON_OPEN_DATA_B77E902275 rows=2.0K cols=79 4.9s
[42/287] PORTAL_SOC_UTAH_OPEN_DATA_P_D5F7CA2621 rows=2.0K cols=114 4.4s
[43/287] PORTAL_ARC_KENTUCKY_OPEN_GI_2A1893FE0B rows=2.0K cols=46 3.2s
[44/287] PORTAL_ARC_OPEN_DATA_DC_43DCBD8BE3 rows=2.0K cols=91 4.4s
[45/287] PORTAL_ARC_OPEN_DATA_DC_74D9616143 rows=2.0K cols=80 4.8s
[46/287] PORTAL_ARC_TUCSON_OPEN_DATA_EAB8D87A4D rows=2.0K cols=100 5.2s
[47/287] PORTAL_ARC_OPEN_DATA_MINNEA_1AD7E106E4 rows=2.0K cols=24 5.5s
[48/287] PORTAL_ARC_TUCSON_OPEN_DATA_726A6C58E2 rows=2.0K cols=206 8.3s
[49/287] PORTAL_ARC_TUCSON_OPEN_DATA_82607FBFC9 rows=2.0K cols=74 7.1s
[50/287] PORTAL_ARC_ATLANTA_DATAATLA_DDCDF8F47F rows=2.0K cols=34 5.1s
[51/287] PORTAL_ARC_TUCSON_OPEN_DATA_EE2E5DB309 rows=2.0K cols=78 5.2s
[52/287] PORTAL_ARC_TUCSON_OPEN_DATA_FA71372C44 rows=2.0K cols=79 5.3s
[53/287] PORTAL_SOC_CONNECTICUT_OPEN_AEB46F6C94 rows=2.0K cols=110 5.2s
[54/287] PORTAL_ARC_OPEN_DATA_RALEIG_8EE851C810 rows=2.0K cols=225 6.7s
[55/287] PORTAL_ARC_ATLANTA_DATAATLA_05328F7540 rows=2.0K cols=23 4.7s
[56/287] PORTAL_ARC_TUCSON_OPEN_DATA_78A99CB261 rows=2.0K cols=79 5.9s
[57/287] PORTAL_ARC_OPEN_DATA_MINNEA_7C8C54BD8C rows=2.0K cols=24 3.4s
[58/287] PORTAL_ARC_OPEN_DATA_MINNEA_BD6A1CACBB rows=2.0K cols=24 3.5s
[59/287] PORTAL_ARC_LOUISVILLE_OPEN_F2B7CA4B76 rows=2.0K cols=19 3.7s
[60/287] PORTAL_ARC_TUCSON_OPEN_DATA_3D7C82E432 rows=2.0K cols=78 5.1s
[61/287] PORTAL_ARC_HARRIS_COUNTY_OP_2D6F9D0DA7 rows=2.0K cols=40 5.4s
[62/287] PORTAL_ARC_NEW_MEXICO_OPEN_6E34862F8D rows=2.0K cols=174 6.8s
[63/287] PORTAL_ARC_TUCSON_OPEN_DATA_65984ADFBA rows=2.0K cols=81 4.6s
[64/287] PORTAL_ARC_OPEN_DATA_DC_9A20CE1FC5 rows=2.0K cols=56 3.1s
[65/287] PORTAL_ARC_OPEN_DATA_MINNEA_BE5550EBF6 rows=2.0K cols=24 3.6s
[66/287] PORTAL_ARC_TUCSON_OPEN_DATA_BADE778B92 rows=2.0K cols=78 5.4s
[67/287] PORTAL_ARC_TUCSON_OPEN_DATA_688A84DDBF rows=2.0K cols=85 5.4s
[68/287] PORTAL_ARC_TUCSON_OPEN_DATA_6A79648A77 rows=2.0K cols=74 5.6s
[69/287] PORTAL_ARC_TUCSON_OPEN_DATA_89DF24D316 rows=2.0K cols=93 4.8s
[70/287] PORTAL_ARC_OPEN_DATA_MINNEA_5AC94C44DA rows=2.0K cols=24 3.3s
[71/287] PORTAL_ARC_HARRIS_COUNTY_OP_A2C8055EFB rows=2.0K cols=37 3.7s
[72/287] PORTAL_ARC_TUCSON_OPEN_DATA_F5DCF594AF rows=2.0K cols=83 5.1s
[73/287] PORTAL_ARC_OPEN_DATA_DC_59913164D2 rows=2.0K cols=97 4.5s
[74/287] PORTAL_ARC_TUCSON_OPEN_DATA_664D252729 rows=2.0K cols=79 6.2s
[75/287] PORTAL_ARC_TUCSON_OPEN_DATA_F9376D5072 rows=2.0K cols=66 4.5s
[76/287] PORTAL_ARC_TUCSON_OPEN_DATA_A54A25CA53 rows=2.0K cols=78 5.7s
[77/287] PORTAL_ARC_KENTUCKY_OPEN_GI_23E8E1668C rows=2.0K cols=35 3.7s
[78/287] PORTAL_ARC_TUCSON_OPEN_DATA_44F7648869 rows=2.0K cols=78 4.4s
[79/287] PORTAL_ARC_TUCSON_OPEN_DATA_B8BE43CF1C rows=2.0K cols=77 4.8s
[80/287] PORTAL_ARC_LA_COUNTY_OPEN_D_1A6706943D rows=2.0K cols=45 4.2s
[81/287] PORTAL_ARC_TUCSON_OPEN_DATA_81514E21D3 rows=2.0K cols=74 4.7s
[82/287] PORTAL_ARC_TUCSON_OPEN_DATA_AD408FDF6D rows=2.0K cols=78 4.8s
[83/287] PORTAL_ARC_TUCSON_OPEN_DATA_8896D12631 rows=2.0K cols=79 4.7s
[84/287] PORTAL_ARC_OPEN_DATA_MINNEA_09E3680FD2 rows=2.0K cols=24 4.1s
[85/287] PORTAL_ARC_OPEN_DATA_MINNEA_6CDCE692AA rows=2.0K cols=24 4.2s
[86/287] PORTAL_ARC_OPEN_DATA_MINNEA_4C5820FD0A rows=2.0K cols=24 4.8s
[87/287] PORTAL_SOC_UTAH_OPEN_DATA_P_7A3C73B2FD rows=2.0K cols=96 5.4s
[88/287] PORTAL_ARC_TUCSON_OPEN_DATA_7672DB717A rows=2.0K cols=94 4.7s
[89/287] PORTAL_SOC_UTAH_OPEN_DATA_P_F259CD7FC8 rows=2.0K cols=97 4.9s
[90/287] PORTAL_SOC_UTAH_OPEN_DATA_P_D769AFDABA rows=2.0K cols=95 5.4s
[91/287] PORTAL_ARC_KENTUCKY_OPEN_GI_100DA931EB rows=2.0K cols=46 3.0s
[92/287] PORTAL_ARC_TUCSON_OPEN_DATA_0697237A35 rows=2.0K cols=79 4.8s
[93/287] PORTAL_ARC_OPEN_DATA_DC_008BA480F6 rows=1.9K cols=59 5.4s
[94/287] PORTAL_ARC_MEMPHIS_OPEN_DAT_D0AE25BC24 rows=1.8K cols=23 3.1s
[95/287] PORTAL_ARC_TUCSON_OPEN_DATA_7F7E374C68 rows=1.8K cols=79 5.9s
[96/287] PORTAL_ARC_HARRIS_COUNTY_OP_672C54ADB5 rows=1.6K cols=37 4.8s
[97/287] PORTAL_ARC_MEMPHIS_OPEN_DAT_3057D84002 rows=1.5K cols=23 3.5s
[98/287] PORTAL_ARC_TUCSON_OPEN_DATA_86A898EF77 rows=1.5K cols=78 4.9s
[99/287] PORTAL_ARC_HARRIS_COUNTY_OP_8549EC1226 rows=1.5K cols=31 3.7s
[100/287] PORTAL_ARC_HARRIS_COUNTY_OP_FA9969D82E rows=1.1K cols=23 4.0s
[101/287] PORTAL_ARC_HARRIS_COUNTY_OP_86AE12CFC0 rows=1.1K cols=23 3.5s
[102/287] PORTAL_ARC_NEW_MEXICO_OPEN_7DE8F482F1 rows=1.1K cols=68 4.0s
[103/287] PORTAL_ARC_MEMPHIS_OPEN_DAT_C9E8070496 rows=1.0K cols=23 3.5s
[104/287] PORTAL_ARC_TUCSON_OPEN_DATA_69487E016F rows=1.0K cols=79 4.6s
[105/287] PORTAL_ARC_HARRIS_COUNTY_OP_D53D8CC5D8 rows=924 cols=37 4.7s
[106/287] PORTAL_ARC_HARRIS_COUNTY_OP_510B4A2AB2 rows=924 cols=41 3.8s
[107/287] PORTAL_SOC_UTAH_OPEN_DATA_P_A45115B872 rows=917 cols=99 4.6s
[108/287] PORTAL_SOC_UTAH_OPEN_DATA_P_A54AA90538 rows=896 cols=98 4.8s
[109/287] PORTAL_SOC_UTAH_OPEN_DATA_P_66C519BCCF rows=893 cols=99 4.6s
[110/287] PORTAL_SOC_UTAH_OPEN_DATA_P_636FFFDFA2 rows=865 cols=99 4.8s
[111/287] PORTAL_SOC_UTAH_OPEN_DATA_P_5C3521189E rows=861 cols=101 4.3s
[112/287] PORTAL_SOC_UTAH_OPEN_DATA_P_944A7B18A7 rows=852 cols=99 6.4s
[113/287] PORTAL_SOC_UTAH_OPEN_DATA_P_7F45E582F7 rows=851 cols=99 5.8s
[114/287] PORTAL_SOC_UTAH_OPEN_DATA_P_38579BBDBC rows=850 cols=98 4.7s
[115/287] PORTAL_SOC_UTAH_OPEN_DATA_P_6F5FCC229F rows=842 cols=106 4.3s
[116/287] PORTAL_SOC_UTAH_OPEN_DATA_P_B5E39C25F8 rows=835 cols=101 4.2s
[117/287] PORTAL_SOC_UTAH_OPEN_DATA_P_CDBDD459C0 rows=835 cols=100 5.1s
[118/287] PORTAL_ARC_TUCSON_OPEN_DATA_E9360F6C40 rows=833 cols=78 4.6s
[119/287] PORTAL_SOC_UTAH_OPEN_DATA_P_5E73751281 rows=817 cols=100 6.0s
[120/287] PORTAL_SOC_UTAH_OPEN_DATA_P_8D9FB9A1A3 rows=813 cols=103 4.7s
[121/287] PORTAL_SOC_UTAH_OPEN_DATA_P_4388C129F2 rows=807 cols=100 4.8s
[122/287] PORTAL_ARC_HARRIS_COUNTY_OP_FB6331E67A rows=805 cols=37 3.4s
[123/287] PORTAL_ARC_TUCSON_OPEN_DATA_B64E31A541 rows=798 cols=78 4.5s
[124/287] PORTAL_SOC_UTAH_OPEN_DATA_P_A5715666DA rows=791 cols=101 4.9s
[125/287] PORTAL_ARC_ATLANTA_DATAATLA_610443017C rows=780 cols=34 4.1s
[126/287] PORTAL_ARC_HARRIS_COUNTY_OP_4E0F396A33 rows=755 cols=92 4.5s
[127/287] PORTAL_ARC_HARRIS_COUNTY_OP_BEF7C03176 rows=755 cols=92 6.3s
[128/287] PORTAL_SOC_COLORADO_INFORMA_9A760AEFAA rows=732 cols=111 4.9s
[129/287] PORTAL_SOC_UTAH_OPEN_DATA_P_A3B79359D3 rows=731 cols=102 4.4s
[130/287] PORTAL_SOC_UTAH_OPEN_DATA_P_F326BAD0FC rows=713 cols=101 5.2s
[131/287] PORTAL_SOC_UTAH_OPEN_DATA_P_33421B5A2A rows=710 cols=96 4.0s
[132/287] PORTAL_ARC_ATLANTA_DATAATLA_4AB9F9E31E rows=681 cols=30 3.9s
[133/287] PORTAL_ARC_HARRIS_COUNTY_OP_3E1A188E92 rows=642 cols=106 4.5s
[134/287] PORTAL_ARC_HARRIS_COUNTY_OP_619A8F0A78 rows=642 cols=106 4.3s
[135/287] PORTAL_SOC_UTAH_OPEN_DATA_P_3345D79E51 rows=616 cols=93 4.0s
[136/287] PORTAL_ARC_WISCONSIN_OPEN_D_5206358BDD rows=604 cols=45 2.6s
[137/287] PORTAL_ARC_ATLANTA_DATAATLA_B9DC3DFA97 rows=598 cols=20 3.9s
[138/287] PORTAL_ARC_ATLANTA_DATAATLA_0F1C49C840 rows=598 cols=20 3.5s
[139/287] PORTAL_ARC_ATLANTA_DATAATLA_17C43E4BA3 rows=594 cols=20 3.1s
[140/287] PORTAL_SOC_UTAH_OPEN_DATA_P_37575AD872 rows=559 cols=100 6.0s
[141/287] PORTAL_SOC_UTAH_OPEN_DATA_P_9CF01A9E6C rows=557 cols=101 5.8s
[142/287] PORTAL_SOC_UTAH_OPEN_DATA_P_4FE1D49F45 rows=538 cols=100 4.4s
[143/287] PORTAL_ARC_ATLANTA_DATAATLA_DE1E9D4350 rows=531 cols=18 2.4s
[144/287] PORTAL_SOC_UTAH_OPEN_DATA_P_598E83DA4D rows=529 cols=100 4.4s
[145/287] PORTAL_SOC_UTAH_OPEN_DATA_P_99D27E2813 rows=528 cols=100 4.3s
[146/287] PORTAL_SOC_UTAH_OPEN_DATA_P_7B0A7183BD rows=527 cols=98 5.1s
[147/287] PORTAL_ARC_HARRIS_COUNTY_OP_5AB72D4A23 rows=526 cols=93 5.8s
[148/287] PORTAL_ARC_HARRIS_COUNTY_OP_FE2134F2C8 rows=526 cols=91 4.2s
[149/287] PORTAL_ARC_HARRIS_COUNTY_OP_CAF5C156E3 rows=526 cols=91 4.1s
[150/287] PORTAL_SOC_UTAH_OPEN_DATA_P_2027B55EDA rows=525 cols=100 4.3s
[151/287] PORTAL_SOC_UTAH_OPEN_DATA_P_728FDA9FB7 rows=525 cols=100 5.0s
[152/287] PORTAL_ARC_HARRIS_COUNTY_OP_CBD49C80E4 rows=513 cols=26 3.2s
[153/287] FED_DHS_HIFLD rows=500 cols=18 2.4s
[154/287] PORTAL_SOC_UTAH_OPEN_DATA_P_A4022A1A2D rows=468 cols=95 4.1s
[155/287] PORTAL_ARC_ATLANTA_DATAATLA_5ADD5EAF6A rows=454 cols=34 4.0s
[156/287] PORTAL_SOC_UTAH_OPEN_DATA_P_3C77C8480B rows=450 cols=93 3.7s
[157/287] PORTAL_ARC_TUCSON_OPEN_DATA_EC706EAD4C rows=437 cols=78 5.7s
[158/287] PORTAL_ARC_OPEN_DATA_DC_01F2D9886C rows=437 cols=59 3.9s
[159/287] PORTAL_ARC_ATLANTA_DATAATLA_CC5FA4CA01 rows=390 cols=34 3.3s
[160/287] PORTAL_ARC_HARRIS_COUNTY_OP_EDE1E11F9D rows=386 cols=30 3.3s
[161/287] PORTAL_ARC_HARRIS_COUNTY_OP_3E1426DF10 rows=372 cols=35 4.2s
[162/287] PORTAL_ARC_HARRIS_COUNTY_OP_1A53499962 rows=372 cols=35 3.7s
[163/287] PORTAL_ARC_HARRIS_COUNTY_OP_33A3918C80 rows=363 cols=40 4.2s
[164/287] PORTAL_ARC_HARRIS_COUNTY_OP_D1EB790FBD rows=363 cols=40 3.4s
[165/287] PORTAL_ARC_TUCSON_OPEN_DATA_D4FFB81E01 rows=361 cols=78 4.7s
[166/287] PORTAL_ARC_HARRIS_COUNTY_OP_7BD125DFB0 rows=359 cols=40 4.8s
[167/287] PORTAL_ARC_ATLANTA_DATAATLA_A59DB2E766 rows=322 cols=30 3.2s
[168/287] PORTAL_SOC_UTAH_OPEN_DATA_P_FE79F02E34 rows=307 cols=92 3.9s
[169/287] PORTAL_ARC_TUCSON_OPEN_DATA_7E21327FCB rows=294 cols=78 4.9s
[170/287] PORTAL_ARC_ATLANTA_DATAATLA_93AA493487 rows=280 cols=34 3.9s
[171/287] PORTAL_ARC_TUCSON_OPEN_DATA_E794DDDF28 rows=276 cols=37 3.5s
[172/287] PORTAL_ARC_HARRIS_COUNTY_OP_6529979A2A rows=214 cols=38 4.4s
[173/287] PORTAL_ARC_ATLANTA_DATAATLA_79E3C7BD36 rows=209 cols=30 3.4s
[174/287] PORTAL_ARC_TUCSON_OPEN_DATA_5D84AF2604 rows=190 cols=79 5.5s
[175/287] PORTAL_ARC_TUCSON_OPEN_DATA_95246841CB rows=189 cols=79 5.0s
[176/287] PORTAL_ARC_ORANGE_COUNTY_OP_05390F8D55 rows=184 cols=36 3.2s
[177/287] PORTAL_ARC_TUCSON_OPEN_DATA_6E966EDC1B rows=176 cols=78 6.3s
[178/287] PORTAL_ARC_ORANGE_COUNTY_OP_43A1FE3FBE rows=161 cols=36 3.4s
[179/287] PORTAL_ARC_ATLANTA_DATAATLA_1A7F4ADC21 rows=144 cols=30 3.0s
[180/287] PORTAL_ARC_TUCSON_OPEN_DATA_A0293B412C rows=144 cols=77 4.3s
[181/287] PORTAL_ARC_TUCSON_OPEN_DATA_0F83B7C628 rows=142 cols=89 6.0s
[182/287] PORTAL_ARC_OPEN_DATA_DC_5B867C795C rows=133 cols=10 2.6s
[183/287] PORTAL_ARC_OPEN_DATA_DC_D8E55D5B7F rows=133 cols=10 2.3s
[184/287] PORTAL_ARC_ATLANTA_DATAATLA_03DC194F2A rows=130 cols=34 3.3s
[185/287] PORTAL_ARC_ATLANTA_DATAATLA_3E1237B0E9 rows=128 cols=20 3.4s
[186/287] PORTAL_ARC_ATLANTA_DATAATLA_A6D51869AF rows=128 cols=20 3.2s
[187/287] PORTAL_ARC_ATLANTA_DATAATLA_BAAC9A60C4 rows=127 cols=20 3.5s
[188/287] PORTAL_ARC_HARRIS_COUNTY_OP_D9A3089ED0 rows=125 cols=47 4.2s
[189/287] PORTAL_ARC_HARRIS_COUNTY_OP_F3D3A3AB57 rows=125 cols=47 3.4s
[190/287] PORTAL_ARC_TUCSON_OPEN_DATA_8AAD75BF85 rows=119 cols=84 4.9s
[191/287] PORTAL_ARC_ATLANTA_DATAATLA_AAF9599F45 rows=118 cols=25 3.6s
[192/287] PORTAL_ARC_ATLANTA_DATAATLA_A6A6A74172 rows=118 cols=21 4.7s
[193/287] PORTAL_ARC_ATLANTA_DATAATLA_5A321B0C21 rows=118 cols=21 3.3s
[194/287] PORTAL_ARC_OPEN_DATA_MINNEA_0426858DFE rows=110 cols=30 3.1s
[195/287] PORTAL_SOC_UTAH_OPEN_DATA_P_B0F7881369 rows=107 cols=92 4.2s
[196/287] PORTAL_ARC_ATLANTA_DATAATLA_4C51545609 rows=106 cols=36 3.9s
[197/287] PORTAL_ARC_HARRIS_COUNTY_OP_167EC31B95 rows=96 cols=91 4.3s
[198/287] PORTAL_ARC_ATLANTA_DATAATLA_7B1D4C8E25 rows=92 cols=36 5.1s
[199/287] PORTAL_ARC_OPEN_DATA_DC_E28C8C471A rows=83 cols=50 4.1s
[200/287] PORTAL_ARC_OPEN_DATA_DC_B1DAECCB1B rows=83 cols=50 3.5s
[201/287] PORTAL_ARC_HARRIS_COUNTY_OP_2718B3279A rows=77 cols=106 4.6s
[202/287] PORTAL_ARC_HARRIS_COUNTY_OP_374D2E791F rows=77 cols=106 5.0s
[203/287] PORTAL_ARC_LA_COUNTY_OPEN_D_E549C7C921 rows=76 cols=31 4.3s
[204/287] PORTAL_ARC_TUCSON_OPEN_DATA_57DF097E01 rows=74 cols=78 4.4s
[205/287] PORTAL_ARC_HARRIS_COUNTY_OP_119B70555B rows=74 cols=60 3.1s
[206/287] PORTAL_ARC_ATLANTA_DATAATLA_F07E02DA21 rows=73 cols=36 3.8s
[207/287] PORTAL_ARC_ORANGE_COUNTY_OP_EA54EC8366 rows=72 cols=31 3.8s
[208/287] PORTAL_ARC_ORANGE_COUNTY_OP_BFABCC10A2 rows=72 cols=30 3.5s
[209/287] PORTAL_ARC_TUCSON_OPEN_DATA_B44EAD49D6 rows=66 cols=78 4.8s
[210/287] PORTAL_ARC_TUCSON_OPEN_DATA_3A7E0821D1 rows=61 cols=80 4.7s
[211/287] PORTAL_ARC_ORANGE_COUNTY_OP_75EFFF54D5 rows=59 cols=30 3.4s
[212/287] PORTAL_ARC_ORANGE_COUNTY_OP_27452024DB rows=59 cols=29 3.1s
[213/287] PORTAL_ARC_ATLANTA_DATAATLA_3F5DA71919 rows=58 cols=35 3.4s
[214/287] PORTAL_ARC_ATLANTA_DATAATLA_7D3C4A9739 rows=57 cols=36 4.4s
[215/287] PORTAL_ARC_HARRIS_COUNTY_OP_F22D53C24D rows=56 cols=92 3.7s
[216/287] PORTAL_ARC_WISCONSIN_OPEN_D_4EBC995C5D rows=56 cols=45 2.4s
[217/287] PORTAL_ARC_HARRIS_COUNTY_OP_4F19F66C45 rows=56 cols=92 4.4s
[218/287] PORTAL_ARC_HARRIS_COUNTY_OP_1966AC023B rows=55 cols=36 3.7s
[219/287] PORTAL_ARC_TUCSON_OPEN_DATA_575B865A46 rows=53 cols=78 5.0s
[220/287] PORTAL_ARC_ATLANTA_DATAATLA_BAA69E0D06 rows=51 cols=36 4.6s
[221/287] PORTAL_SOC_UTAH_OPEN_DATA_P_4309355F14 rows=49 cols=93 4.1s
[222/287] PORTAL_ARC_TUCSON_OPEN_DATA_CDFFE1002A rows=43 cols=78 6.6s
[223/287] PORTAL_ARC_ATLANTA_DATAATLA_E2C03512E7 rows=42 cols=36 3.7s
[224/287] PORTAL_ARC_WISCONSIN_OPEN_D_CB1509F410 rows=42 cols=45 3.6s
[225/287] PORTAL_ARC_TUCSON_OPEN_DATA_1073539FE2 rows=41 cols=78 5.2s
[226/287] PORTAL_ARC_OPEN_DATA_MINNEA_5605A903BD rows=39 cols=37 5.3s
[227/287] PORTAL_ARC_TUCSON_OPEN_DATA_9B42294E74 rows=38 cols=34 4.2s
[228/287] PORTAL_ARC_HARRIS_COUNTY_OP_12691A85A0 rows=38 cols=45 8.0s
[229/287] PORTAL_ARC_HARRIS_COUNTY_OP_A2DAE85C30 rows=38 cols=45 4.7s
[230/287] PORTAL_ARC_HARRIS_COUNTY_OP_78806A4CF7 rows=35 cols=39 3.9s
[231/287] PORTAL_ARC_HARRIS_COUNTY_OP_19FE875D1D rows=35 cols=39 4.9s
[232/287] PORTAL_ARC_ATLANTA_DATAATLA_A9FA6B1C3C rows=35 cols=37 4.3s
[233/287] PORTAL_ARC_HARRIS_COUNTY_OP_6CDCF96CA7 rows=34 cols=44 4.6s
[234/287] PORTAL_ARC_HARRIS_COUNTY_OP_E87E81379A rows=34 cols=44 4.3s
[235/287] PORTAL_ARC_ORANGE_COUNTY_OP_6BAA47A46B rows=33 cols=28 3.9s
[236/287] PORTAL_ARC_ORANGE_COUNTY_OP_3A2A7267D1 rows=33 cols=29 3.2s
[237/287] PORTAL_ARC_NEW_MEXICO_OPEN_1B6C7F7FBD rows=32 cols=45 3.7s
[238/287] PORTAL_ARC_ORANGE_COUNTY_OP_2F4310B675 rows=31 cols=29 4.7s
[239/287] PORTAL_ARC_ORANGE_COUNTY_OP_DD64A3F2B8 rows=31 cols=28 3.2s
[240/287] PORTAL_ARC_HARRIS_COUNTY_OP_87F4853C1A rows=30 cols=42 2.8s
[241/287] PORTAL_ARC_ATLANTA_DATAATLA_C1DA9CD6A0 rows=30 cols=36 4.4s
[242/287] PORTAL_ARC_OPEN_DATA_MINNEA_D808F6BF62 rows=25 cols=30 3.2s
[243/287] PORTAL_ARC_TUCSON_OPEN_DATA_28F95EBB76 rows=23 cols=78 5.1s
[244/287] PORTAL_ARC_TUCSON_OPEN_DATA_EA7ADF4848 rows=23 cols=37 4.2s
[245/287] PORTAL_ARC_TUCSON_OPEN_DATA_80B28FB6D7 rows=21 cols=78 4.8s
[246/287] PORTAL_ARC_ATLANTA_DATAATLA_7E542E6BFA rows=20 cols=36 4.8s
[247/287] PORTAL_ARC_TUCSON_OPEN_DATA_14C7AA5CCF rows=19 cols=37 4.6s
[248/287] PORTAL_ARC_FORT_WORTH_OPEN_2259070522 rows=19 cols=20 2.6s
[249/287] PORTAL_ARC_TUCSON_OPEN_DATA_63C0193FF1 rows=18 cols=78 4.9s
[250/287] PORTAL_ARC_TUCSON_OPEN_DATA_080C2334EE rows=17 cols=78 4.5s
[251/287] PORTAL_ARC_LOUISVILLE_OPEN_0574425F4F rows=17 cols=21 3.5s
[252/287] PORTAL_ARC_ATLANTA_DATAATLA_D8DF9588A6 rows=15 cols=22 3.2s
[253/287] PORTAL_ARC_ATLANTA_DATAATLA_FD3576897B rows=15 cols=36 3.7s
[254/287] PORTAL_ARC_WISCONSIN_OPEN_D_B2EFA24715 rows=14 cols=45 2.6s
[255/287] PORTAL_ARC_ATLANTA_DATAATLA_5D9B9C30A9 rows=14 cols=36 4.1s
[256/287] PORTAL_ARC_HARRIS_COUNTY_OP_28CF881303 rows=13 cols=36 3.8s
[257/287] PORTAL_ARC_ORANGE_COUNTY_OP_1A50E60D53 rows=13 cols=28 3.5s
[258/287] PORTAL_ARC_HARRIS_COUNTY_OP_EA34BDDB5D rows=13 cols=36 5.3s
[259/287] PORTAL_ARC_TUCSON_OPEN_DATA_7044E0923D rows=13 cols=78 5.8s
[260/287] PORTAL_ARC_HARRIS_COUNTY_OP_A5E2395522 rows=13 cols=36 3.6s
[261/287] PORTAL_ARC_ORANGE_COUNTY_OP_8C9550F9C6 rows=13 cols=29 3.3s
[262/287] PORTAL_ARC_HARRIS_COUNTY_OP_0F9C7FCB29 rows=12 cols=182 5.5s
[263/287] PORTAL_ARC_TUCSON_OPEN_DATA_F919285F50 rows=12 cols=78 4.7s
[264/287] PORTAL_ARC_LOUISVILLE_OPEN_733584A9A0 rows=11 cols=23 2.6s
[265/287] PORTAL_ARC_ORANGE_COUNTY_OP_572F3C6271 rows=10 cols=29 4.6s
[266/287] PORTAL_ARC_ORANGE_COUNTY_OP_A69A248695 rows=10 cols=28 4.5s
[267/287] PORTAL_ARC_ORANGE_COUNTY_OP_62E4574F5E rows=9 cols=29 3.6s
[268/287] PORTAL_ARC_WISCONSIN_OPEN_D_717F8037EB rows=9 cols=45 3.1s
[269/287] PORTAL_ARC_OPEN_DATA_DC_56C4F04CF0 rows=9 cols=68 5.3s
[270/287] PORTAL_ARC_ORANGE_COUNTY_OP_644FB9535B rows=9 cols=28 3.1s
[271/287] PORTAL_ARC_WISCONSIN_OPEN_D_D05399642C rows=8 cols=48 3.1s
[272/287] PORTAL_ARC_TUCSON_OPEN_DATA_11050C025B rows=8 cols=78 4.6s
[273/287] PORTAL_ARC_ATLANTA_DATAATLA_A29D594B47 rows=7 cols=35 3.7s
[274/287] PORTAL_ARC_TUCSON_OPEN_DATA_328AF9F277 rows=6 cols=78 4.9s
[275/287] PORTAL_ARC_TUCSON_OPEN_DATA_7468CF46DB rows=6 cols=78 4.7s
[276/287] PORTAL_ARC_TUCSON_OPEN_DATA_32A72D9D1D rows=5 cols=37 3.8s
[277/287] PORTAL_ARC_TUCSON_OPEN_DATA_6720A5FF25 rows=5 cols=37 4.0s
[278/287] PORTAL_ARC_TUCSON_OPEN_DATA_172A59FDF6 rows=4 cols=37 4.4s
[279/287] PORTAL_ARC_HARRIS_COUNTY_OP_3CFE4113ED rows=2 cols=30 3.6s
[280/287] PORTAL_ARC_WISCONSIN_OPEN_D_022EFD1AE5 rows=2 cols=45 3.2s
[281/287] PORTAL_ARC_TUCSON_OPEN_DATA_F0203665DD rows=2 cols=37 4.0s
[282/287] PORTAL_ARC_OPEN_DATA_DC_454981B380 rows=2 cols=27 3.2s
[283/287] PORTAL_ARC_TUCSON_OPEN_DATA_E0EDEA39BE rows=2 cols=37 3.4s
[284/287] PORTAL_ARC_OPEN_DATA_DC_98319AB13D rows=2 cols=27 2.5s
[285/287] PORTAL_ARC_WISCONSIN_OPEN_D_07CF3C3824 rows=2 cols=45 4.0s
[286/287] PORTAL_ARC_TUCSON_OPEN_DATA_9E24E86B9A rows=2 cols=78 4.8s
[287/287] PORTAL_ARC_WISCONSIN_OPEN_D_601E691159 rows=1 cols=45 1.9s
