selected 1116 candidate datasets (platform=CKAN, with_key=True)
  [skip (already landed) ] portal_cka_california_open_5dd35f95d8  (0 rows)
  [ERROR: no datastore-active resource for licensed-and-certified-healthcare-facilities (7 resources] portal_cka_california_open_647360967d  (0 rows)
  [skip (already landed) ] portal_cka_indiana_data_hub_66a945cf17  (0 rows)
  [skip (already landed) ] portal_cka_open_data_sa_33003c2e61  (0 rows)
  [skip (already landed) ] portal_cka_analyze_boston_9fe0838e9f  (0 rows)
  [skip (already landed) ] portal_cka_western_pennsylv_64295c4f58  (0 rows)
  [skip (already landed) ] portal_cka_wprdc_allegheny_5c03b21365  (0 rows)
  [skip (already landed) ] portal_cka_western_pennsylv_2c24d9b40b  (0 rows)
  [skip (already landed) ] portal_cka_wprdc_allegheny_060112d129  (0 rows)
  [skip (already landed) ] portal_cka_wprdc_allegheny_de448d04d4  (0 rows)
  [skip (already landed) ] portal_cka_western_pennsylv_0af7431c6c  (0 rows)
  [skip (already landed) ] portal_cka_western_pennsylv_c0a2a6745a  (0 rows)
  [skip (already landed) ] portal_cka_wprdc_allegheny_31d26600c9  (0 rows)
  [ERROR: 404 Client Error: Not Found for url: https://open.canada.ca/api/3/action/package_show?id=e] portal_cka_open_government_37214039f6  (0 rows)
  [skip (already landed) ] portal_cka_open_data_sa_e8bb377538  (0 rows)
  [skip (already landed) ] portal_cka_open_data_sa_d770780eeb  (0 rows)
  [skip (already landed) ] portal_cka_san_jose_open_da_a52d30d858  (0 rows)
  [skip (already landed) ] portal_cka_california_open_6a4468b24f  (0 rows)
  [skip (already landed) ] portal_cka_california_open_49d5a45de1  (0 rows)
  [skip (already landed) ] portal_cka_open_data_sa_b9860a2de3  (0 rows)
  [skip (already landed) ] portal_cka_analyze_boston_691c77c209  (0 rows)
  [skip (already landed) ] portal_cka_california_open_6083f016d2  (0 rows)
  [skip (already landed) ] portal_cka_open_data_sa_46bf1abbc1  (0 rows)
  [skip (already landed) ] portal_cka_wprdc_allegheny_63627b65f8  (0 rows)
  [skip (already landed) ] portal_cka_california_open_8c4aa754ce  (0 rows)
  [skip (already landed) ] portal_cka_california_open_37c04cba4a  (0 rows)
  [skip (already landed) ] portal_cka_analyze_boston_45e7e21495  (0 rows)
  [skip (already landed) ] portal_cka_open_data_sa_ceb607964a  (0 rows)
  [skip (already landed) ] portal_cka_ireland_national_4049d41c91  (0 rows)
  [skip (already landed) ] portal_cka_western_pennsylv_f5e7848c24  (0 rows)
  [skip (already landed) ] portal_cka_analyze_boston_236a5362b9  (0 rows)
  [skip (already landed) ] portal_cka_san_jose_open_da_ba17cfeaef  (0 rows)
  [skip (already landed) ] portal_cka_wprdc_allegheny_3c29facd4a  (0 rows)
  [skip (already landed) ] portal_cka_western_pennsylv_07eaf6e647  (0 rows)
  [skip (already landed) ] portal_cka_san_jose_open_da_f1d1bdd645  (0 rows)
  [skip (already landed) ] portal_cka_california_open_0bc18bba68  (0 rows)
  [skip (already landed) ] portal_cka_open_data_sa_fa2a7705ec  (0 rows)
  [skip (already landed) ] portal_cka_san_jose_open_da_5120c908ca  (0 rows)
  [skip (already landed) ] portal_cka_open_data_sa_9c302ca0ab  (0 rows)
  [skip (already landed) ] portal_cka_open_data_sa_136d910ad7  (0 rows)
  [skip (already landed) ] portal_cka_western_pennsylv_0c27c4aa90  (0 rows)
  [ERROR: 404 Client Error: Not Found for url: https://avoindata.suomi.fi:443/api/3/action/package_s] portal_cka_finland_national_aa7b20009c  (0 rows)
  [skip (already landed) ] portal_cka_california_open_ee216e8506  (0 rows)
  [skip (already landed) ] portal_cka_wprdc_allegheny_9aed398c25  (0 rows)
  [skip (already landed) ] portal_cka_western_pennsylv_abe01a0035  (0 rows)
  [skip (already landed) ] portal_cka_wprdc_allegheny_bbb8fb534f  (0 rows)
  [skip (already landed) ] portal_cka_wprdc_allegheny_38dbfe9aed  (0 rows)
  [ERROR: 404 Client Error: Not Found for url: https://data.gov.au/api/3/action/package_show?id=test] portal_cka_data_gov_au_595b140f34  (0 rows)
  [skip (already landed) ] portal_cka_wprdc_allegheny_a6b2e0c749  (0 rows)
  [skip (already landed) ] portal_cka_western_pennsylv_700a3671cd  (0 rows)
  [skip (already landed) ] portal_cka_western_pennsylv_6d76bcb39c  (0 rows)
  [skip (already landed) ] portal_cka_san_jose_open_da_e5e353e19d  (0 rows)
  [ERROR: 404 Client Error: Not Found for url: https://avoindata.suomi.fi:443/api/3/action/package_s] portal_cka_finland_national_b8b39b4b7f  (0 rows)
  [skip (already landed) ] portal_cka_san_jose_open_da_9f5fd1969e  (0 rows)
  [skip (already landed) ] portal_cka_analyze_boston_ec027d890c  (0 rows)
  [skip (already landed) ] portal_cka_wprdc_allegheny_2d91e81224  (0 rows)
  [skip (already landed) ] portal_cka_open_data_sa_320c4dfdb2  (0 rows)
  [skip (already landed) ] portal_cka_virginia_open_da_6973fd2ba7  (0 rows)
  [skip (already landed) ] portal_cka_western_pennsylv_bfee19f210  (0 rows)
  [skip (already landed) ] portal_cka_ireland_national_73a82cb256  (0 rows)
  [skip (already landed) ] portal_cka_san_jose_open_da_9a45ef98ee  (0 rows)
  [ERROR: 404 Client Error: Not Found for url: https://data.gov.au/api/3/action/package_show?id=sout] portal_cka_data_gov_au_cb86439514  (0 rows)
  [skip (already landed) ] portal_cka_open_data_sa_ce75f7fdde  (0 rows)
  [skip (already landed) ] portal_cka_wprdc_allegheny_60a2a72ffd  (0 rows)
  [skip (already landed) ] portal_cka_western_pennsylv_2a71c11d68  (0 rows)
  [ERROR: Expecting value: line 3 column 1 (char 2)] portal_cka_phoenix_open_dat_243fc5bb6a  (0 rows)
  [skip (already landed) ] portal_cka_open_data_sa_7659b16d25  (0 rows)
  [skip (already landed) ] portal_cka_open_data_sa_ad9a53047c  (0 rows)
  [skip (already landed) ] portal_cka_san_jose_open_da_4006091422  (0 rows)
  [skip (already landed) ] portal_cka_san_jose_open_da_876760587a  (0 rows)
  [skip (already landed) ] portal_cka_california_open_3ba640aa6e  (0 rows)
  [skip (already landed) ] portal_cka_western_pennsylv_257ffc7619  (0 rows)
  [ERROR: Expecting value: line 3 column 1 (char 2)] portal_cka_phoenix_open_dat_3a618437f2  (0 rows)
  [skip (already landed) ] portal_cka_wprdc_allegheny_024b629f91  (0 rows)
  [ERROR: Expecting value: line 3 column 1 (char 2)] portal_cka_phoenix_open_dat_5b5beb4aa3  (0 rows)
  [skip (already landed) ] portal_cka_analyze_boston_cf53830f73  (0 rows)
  [skip (already landed) ] portal_cka_wprdc_allegheny_694f40a849  (0 rows)
  [skip (already landed) ] portal_cka_open_data_sa_dd50c64c64  (0 rows)
  [skip (already landed) ] portal_cka_wprdc_allegheny_b542229640  (0 rows)
  [skip (already landed) ] portal_cka_western_pennsylv_321a6575f3  (0 rows)
  [skip (already landed) ] portal_cka_open_data_sa_3769bb8138  (0 rows)
  [skip (already landed) ] portal_cka_western_pennsylv_49fab204aa  (0 rows)
  [skip (already landed) ] portal_cka_open_data_sa_87c271a71e  (0 rows)
  [skip (already landed) ] portal_cka_western_pennsylv_098bd87ff5  (0 rows)
  [skip (already landed) ] portal_cka_wprdc_allegheny_fb89781122  (0 rows)
  [skip (already landed) ] portal_cka_open_data_sa_cc35a6d7fa  (0 rows)
  [ERROR: 404 Client Error: Not Found for url: https://data.gov.au/api/3/action/package_show?id=sout] portal_cka_data_gov_au_25613113b7  (0 rows)
  [skip (already landed) ] portal_cka_open_data_sa_fc8f1bae69  (0 rows)
  [skip (already landed) ] portal_cka_california_open_41b8625438  (0 rows)
  [skip (already landed) ] portal_cka_open_data_sa_581de3800b  (0 rows)
  [skip (already landed) ] portal_cka_open_data_sa_6891c6fcc4  (0 rows)
  [skip (already landed) ] portal_cka_wprdc_allegheny_8777c10d3a  (0 rows)
  [ERROR: Expecting value: line 3 column 1 (char 2)] portal_cka_phoenix_open_dat_bb650e6965  (0 rows)
  [skip (already landed) ] portal_cka_western_pennsylv_bcbe92c64c  (0 rows)
  [skip (already landed) ] portal_cka_open_data_sa_c589d75d2f  (0 rows)
  [skip (already landed) ] portal_cka_analyze_boston_bbe6f0fd04  (0 rows)
  [skip (already landed) ] portal_cka_open_data_sa_98d226a574  (0 rows)
  [skip (already landed) ] portal_cka_western_pennsylv_a28434a3c7  (0 rows)
  [skip (already landed) ] portal_cka_wprdc_allegheny_6f406e40a6  (0 rows)
  [skip (already landed) ] portal_cka_analyze_boston_75afc07272  (0 rows)
  [skip (already landed) ] portal_cka_analyze_boston_ecc632a66f  (0 rows)
  [ERROR: Expecting value: line 3 column 1 (char 2)] portal_cka_phoenix_open_dat_c4e4390e39  (0 rows)
  [skip (already landed) ] portal_cka_analyze_boston_0ced34c7c1  (0 rows)
  [skip (already landed) ] portal_cka_western_pennsylv_f5fb6ccb69  (0 rows)
  [skip (already landed) ] portal_cka_open_data_sa_9770eb9ebd  (0 rows)
  [skip (already landed) ] portal_cka_wprdc_allegheny_c947d54b10  (0 rows)
  [skip (already landed) ] portal_cka_analyze_boston_79b955775b  (0 rows)
  [ERROR: 404 Client Error: Not Found for url: https://data.gov.au/api/3/action/package_show?id=road] portal_cka_data_gov_au_fab137cd24  (0 rows)
  [skip (already landed) ] portal_cka_san_jose_open_da_b00393d49e  (0 rows)
  [skip (already landed) ] portal_cka_open_data_sa_3b9ccbcfd0  (0 rows)
  [ERROR: 404 Client Error: Not Found for url: https://data.gov.au/api/3/action/package_show?id=sout] portal_cka_data_gov_au_5915ca656b  (0 rows)
  [skip (already landed) ] portal_cka_western_pennsylv_3782283d39  (0 rows)
  [skip (already landed) ] portal_cka_israel_national_6272f09a75  (0 rows)
  [ERROR: Expecting value: line 3 column 1 (char 2)] portal_cka_phoenix_open_dat_710bfcf286  (0 rows)
  [ERROR: Expecting value: line 3 column 1 (char 2)] portal_cka_phoenix_open_dat_d1be04193d  (0 rows)
  [skip (already landed) ] portal_cka_wprdc_allegheny_d0168f8de5  (0 rows)
  [ERROR: Expecting value: line 3 column 1 (char 2)] portal_cka_phoenix_open_dat_fe6ba15eb5  (0 rows)
  [skip (already landed) ] portal_cka_analyze_boston_a6c2b4684a  (0 rows)
  [skip (already landed) ] portal_cka_analyze_boston_9ee23f0172  (0 rows)
  [skip (already landed) ] portal_cka_san_jose_open_da_5b443a0101  (0 rows)
  [skip (already landed) ] portal_cka_open_data_sa_19461cbd4a  (0 rows)
  [skip (already landed) ] portal_cka_western_pennsylv_22bdd189f5  (0 rows)
  [skip (already landed) ] portal_cka_wprdc_allegheny_361ce9a809  (0 rows)
  [skip (already landed) ] portal_cka_wprdc_allegheny_21287d8a95  (0 rows)
  [skip (already landed) ] portal_cka_open_data_sa_68bcb9dda1  (0 rows)
  [skip (already landed) ] portal_cka_analyze_boston_c36f95122c  (0 rows)
  [skip (already landed) ] portal_cka_western_pennsylv_0562c5dea2  (0 rows)
  [skip (already landed) ] portal_cka_open_data_sa_9548772c45  (0 rows)
  [skip (already landed) ] portal_cka_california_open_823711435d  (0 rows)
  [skip (already landed) ] portal_cka_analyze_boston_59330da889  (0 rows)
  [skip (already landed) ] portal_cka_wprdc_allegheny_f878f4aa8a  (0 rows)
  [skip (already landed) ] portal_cka_western_pennsylv_38f78ba9e4  (0 rows)
  [skip (already landed) ] portal_cka_western_pennsylv_b98322d4cc  (0 rows)
  [skip (already landed) ] portal_cka_western_pennsylv_1629502c35  (0 rows)
  [skip (already landed) ] portal_cka_san_jose_open_da_b374feda3d  (0 rows)
  [skip (already landed) ] portal_cka_analyze_boston_3032706ee4  (0 rows)
  [skip (already landed) ] portal_cka_wprdc_allegheny_ddca0024ec  (0 rows)
  [skip (already landed) ] portal_cka_analyze_boston_1020ccd06a  (0 rows)
  [skip (already landed) ] portal_cka_analyze_boston_727723877e  (0 rows)
  [skip (already landed) ] portal_cka_california_open_31deeff0a8  (0 rows)
  [skip (already landed) ] portal_cka_wprdc_allegheny_2dd6b565a7  (0 rows)
  [skip (already landed) ] portal_cka_western_pennsylv_8b4d96292c  (0 rows)
  [skip (already landed) ] portal_cka_california_open_b7d3e2c140  (0 rows)
  [skip (already landed) ] portal_cka_san_jose_open_da_ef31016039  (0 rows)
  [skip (already landed) ] portal_cka_wprdc_allegheny_1e2c46c189  (0 rows)
  [skip (already landed) ] portal_cka_israel_national_c05e5881a0  (0 rows)
  [skip (already landed) ] portal_cka_analyze_boston_0f7b6b1f80  (0 rows)
  [ERROR: 404 Client Error: Not Found for url: https://avoindata.suomi.fi:443/api/3/action/package_s] portal_cka_finland_national_eaac83e343  (0 rows)
  [skip (already landed) ] portal_cka_indiana_data_hub_ba1b037c9e  (0 rows)
  [skip (already landed) ] portal_cka_analyze_boston_941e6c1d15  (0 rows)
  [skip (already landed) ] portal_cka_open_data_sa_afe18e40af  (0 rows)
  [skip (already landed) ] portal_cka_analyze_boston_5edcde6490  (0 rows)
  [ERROR: 404 Client Error: Not Found for url: https://data.gov.au/api/3/action/package_show?id=sout] portal_cka_data_gov_au_d4cec1e6aa  (0 rows)
  [ERROR: Expecting value: line 3 column 1 (char 2)] portal_cka_phoenix_open_dat_747eca4473  (0 rows)
  [skip (already landed) ] portal_cka_israel_national_ff540a3c79  (0 rows)
  [ERROR: 404 Client Error: Not Found for url: https://data.gov.au/api/3/action/package_show?id=drai] portal_cka_data_gov_au_1f4c7fbe04  (0 rows)
  [skip (already landed) ] portal_cka_san_jose_open_da_e55babfe84  (0 rows)
  [skip (already landed) ] portal_cka_open_data_sa_f128e26a15  (0 rows)
  [ERROR: 404 Client Error: Not Found for url: https://data.gov.au/api/3/action/package_show?id=sout] portal_cka_data_gov_au_26088cf679  (0 rows)
  [skip (already landed) ] portal_cka_wprdc_allegheny_ea2ee5f5ad  (0 rows)
  [skip (already landed) ] portal_cka_western_pennsylv_203ec904cd  (0 rows)
  [ERROR: Expecting value: line 3 column 1 (char 2)] portal_cka_phoenix_open_dat_9abedf2ff5  (0 rows)
  [skip (already landed) ] portal_cka_analyze_boston_c0890b412f  (0 rows)
  [skip (already landed) ] portal_cka_wprdc_allegheny_4f981d5bb2  (0 rows)
  [skip (already landed) ] portal_cka_analyze_boston_e1262d25c2  (0 rows)
  [skip (already landed) ] portal_cka_western_pennsylv_1430aba184  (0 rows)
  [skip (already landed) ] portal_cka_wprdc_allegheny_8afe5e2497  (0 rows)
  [skip (already landed) ] portal_cka_western_pennsylv_00ff03b195  (0 rows)
  [skip (already landed) ] portal_cka_wprdc_allegheny_fa5cd1dacf  (0 rows)
  [skip (already landed) ] portal_cka_western_pennsylv_7ac49e7444  (0 rows)
  [skip (already landed) ] portal_cka_houston_open_dat_1612361f51  (0 rows)
  [skip (already landed) ] portal_cka_analyze_boston_78e8cd45c9  (0 rows)
  [skip (already landed) ] portal_cka_open_data_sa_dc31e10278  (0 rows)
  [skip (already landed) ] portal_cka_analyze_boston_11b21c9100  (0 rows)
  [skip (already landed) ] portal_cka_san_jose_open_da_b701cda393  (0 rows)
  [skip (already landed) ] portal_cka_israel_national_2d69dc52e0  (0 rows)
  [skip (already landed) ] portal_cka_western_pennsylv_2dcbf2873b  (0 rows)
  [skip (already landed) ] portal_cka_wprdc_allegheny_916d2d00a4  (0 rows)
  [skip (already landed) ] portal_cka_wprdc_allegheny_6ac4cb010c  (0 rows)
  [skip (already landed) ] portal_cka_san_jose_open_da_a1a1e9ba90  (0 rows)
  [skip (already landed) ] portal_cka_western_pennsylv_f1da76157b  (0 rows)
  [skip (already landed) ] portal_cka_western_pennsylv_2350d74335  (0 rows)
  [skip (already landed) ] portal_cka_western_pennsylv_bdeb900523  (0 rows)
  [skip (already landed) ] portal_cka_wprdc_allegheny_1d9621e88d  (0 rows)
  [skip (already landed) ] portal_cka_wprdc_allegheny_2e4d4f0008  (0 rows)
  [skip (already landed) ] portal_cka_western_pennsylv_8a08b89d4d  (0 rows)
  [skip (already landed) ] portal_cka_wprdc_allegheny_52325c950c  (0 rows)
  [skip (already landed) ] portal_cka_wprdc_allegheny_b62c61bbeb  (0 rows)
  [skip (already landed) ] portal_cka_western_pennsylv_2a3b161975  (0 rows)
  [skip (already landed) ] portal_cka_wprdc_allegheny_3ced3b9382  (0 rows)
  [skip (already landed) ] portal_cka_western_pennsylv_c458f119b1  (0 rows)
  [skip (already landed) ] portal_cka_wprdc_allegheny_cc9ba8bed2  (0 rows)
  [skip (already landed) ] portal_cka_ireland_national_12f7eae1d9  (0 rows)
  [skip (already landed) ] portal_cka_western_pennsylv_26625d455c  (0 rows)
  [ERROR: 404 Client Error: Not Found for url: https://data.gov.au/api/3/action/package_show?id=sout] portal_cka_data_gov_au_a9683d5793  (0 rows)
  [skip (already landed) ] portal_cka_wprdc_allegheny_e6260cdfe6  (0 rows)
  [skip (already landed) ] portal_cka_western_pennsylv_55b456c408  (0 rows)
  [ERROR: 404 Client Error: Not Found for url: https://data.gov.au/api/3/action/package_show?id=sout] portal_cka_data_gov_au_49ec065d31  (0 rows)
  [ERROR: Expecting value: line 3 column 1 (char 2)] portal_cka_phoenix_open_dat_1a1fde51ad  (0 rows)
  [loaded                ] portal_cka_analyze_boston_97789ab639  (52 rows)
  [loaded                ] portal_cka_analyze_boston_92ef0e3576  (52 rows)
  [loaded                ] portal_cka_wprdc_allegheny_d35ad4550a  (52 rows)
  [skip (already landed) ] portal_cka_western_pennsylv_372d1987db  (0 rows)
  [loaded                ] portal_cka_open_data_sa_f38d25f947  (53 rows)
  [loaded                ] portal_cka_western_pennsylv_a58cf00a10  (54 rows)
  [loaded                ] portal_cka_wprdc_allegheny_c12ac76e17  (54 rows)
  [ERROR: Expecting value: line 3 column 1 (char 2)] portal_cka_phoenix_open_dat_adf24bfe59  (0 rows)
  [loaded                ] portal_cka_san_jose_open_da_9eb7d97238  (58 rows)
  [loaded                ] portal_cka_san_jose_open_da_5ed011d868  (60 rows)
  [loaded                ] portal_cka_western_pennsylv_fde38758c9  (60 rows)
  [loaded                ] portal_cka_wprdc_allegheny_860eca7188  (60 rows)
  [loaded                ] portal_cka_analyze_boston_7f82f529e8  (60 rows)
  [loaded                ] portal_cka_san_jose_open_da_9e83620979  (62 rows)
  [loaded                ] portal_cka_san_jose_open_da_ae9aa2585e  (66 rows)
  [ERROR: 404 Client Error: Not Found for url: https://data.gov.au/api/3/action/package_show?id=drai] portal_cka_data_gov_au_f6f651d788  (0 rows)
  [loaded                ] portal_cka_wprdc_allegheny_4f79fa2e0c  (71 rows)
  [loaded                ] portal_cka_western_pennsylv_fc5ff8e6dd  (71 rows)
  [loaded                ] portal_cka_virginia_open_da_9eb4920327  (72 rows)
  [loaded                ] portal_cka_western_pennsylv_7bfb1a4c7d  (70 rows)
  [loaded                ] portal_cka_wprdc_allegheny_b78655de4f  (70 rows)
  [loaded                ] portal_cka_wprdc_allegheny_5fe14c3854  (76 rows)
  [loaded                ] portal_cka_western_pennsylv_acac6b8fec  (76 rows)
  [loaded                ] portal_cka_analyze_boston_897a9990fc  (77 rows)
  [loaded                ] portal_cka_virginia_open_da_58cf45d167  (78 rows)
  [loaded                ] portal_cka_western_pennsylv_ab591e1d68  (79 rows)
  [loaded                ] portal_cka_wprdc_allegheny_4d7552bf98  (79 rows)
  [loaded                ] portal_cka_california_open_f039e82e72  (83 rows)
  [ERROR: 404 Client Error: Not Found for url: https://data.gov.au/api/3/action/package_show?id=gove] portal_cka_data_gov_au_f3d225f6f0  (0 rows)
  [loaded                ] portal_cka_analyze_boston_f5e467a238  (87 rows)
  [loaded                ] portal_cka_open_data_sa_e6366cdfc9  (88 rows)
  [loaded                ] portal_cka_wprdc_allegheny_f2cf388e3d  (90 rows)
  [loaded                ] portal_cka_western_pennsylv_d179e603d1  (90 rows)
  [loaded                ] portal_cka_wprdc_allegheny_982637b35d  (90 rows)
  [loaded                ] portal_cka_western_pennsylv_90c8ee5e0c  (90 rows)
  [loaded                ] portal_cka_wprdc_allegheny_b20a13551f  (91 rows)
  [loaded                ] portal_cka_western_pennsylv_fbecf42e16  (91 rows)
  [loaded                ] portal_cka_san_jose_open_da_d4bf270a36  (92 rows)
  [loaded                ] portal_cka_indiana_data_hub_bd531b17f6  (92 rows)
  [loaded                ] portal_cka_san_jose_open_da_804d7561a2  (94 rows)
  [loaded                ] portal_cka_open_data_sa_d4bc1d6201  (101 rows)
  [loaded                ] portal_cka_wprdc_allegheny_86091a7f3e  (102 rows)
  [loaded                ] portal_cka_western_pennsylv_72f70a0697  (102 rows)
  [loaded                ] portal_cka_open_data_sa_75596f44e9  (105 rows)
  [loaded                ] portal_cka_open_data_sa_5b3ce659e5  (108 rows)
  [loaded                ] portal_cka_western_pennsylv_03ab547adb  (111 rows)
  [loaded                ] portal_cka_wprdc_allegheny_e2d2938646  (111 rows)
  [loaded                ] portal_cka_san_jose_open_da_0e84d71b5d  (112 rows)
  [ERROR: 404 Client Error: Not Found for url: https://data.gov.au/api/3/action/package_show?id=geel] portal_cka_data_gov_au_d5451941b0  (0 rows)
  [loaded                ] portal_cka_western_pennsylv_6dc9e5d03f  (114 rows)
  [loaded                ] portal_cka_wprdc_allegheny_1ef371e8e0  (114 rows)
  [loaded                ] portal_cka_open_data_sa_6d1b83ac0a  (115 rows)
  [loaded                ] portal_cka_open_data_sa_38df78bd6d  (115 rows)
  [loaded                ] portal_cka_open_data_sa_e846782f2c  (133 rows)
  [loaded                ] portal_cka_israel_national_e5bc15077d  (123 rows)
  [loaded                ] portal_cka_analyze_boston_9791d2174d  (129 rows)
  [loaded                ] portal_cka_wprdc_allegheny_680ea60076  (130 rows)
  [loaded                ] portal_cka_wprdc_allegheny_7103930983  (130 rows)
  [loaded                ] portal_cka_western_pennsylv_4e9f15e555  (130 rows)
  [loaded                ] portal_cka_western_pennsylv_eed8a7bfa0  (130 rows)
  [loaded                ] portal_cka_open_data_sa_7cbc348f9d  (914 rows)
  [loaded                ] portal_cka_california_open_e2cdcdbc2c  (134 rows)
  [loaded                ] portal_cka_analyze_boston_7d75fd803f  (134 rows)
  [loaded                ] portal_cka_wprdc_allegheny_2c7518708c  (138 rows)
  [loaded                ] portal_cka_western_pennsylv_3e5a14a8a0  (138 rows)
  [loaded                ] portal_cka_western_pennsylv_2cfaaea4fd  (138 rows)
  [loaded                ] portal_cka_wprdc_allegheny_d5f6331dfb  (138 rows)
  [loaded                ] portal_cka_wprdc_allegheny_d6143bdc6c  (145 rows)
  [loaded                ] portal_cka_western_pennsylv_a3608ce8e0  (145 rows)
  [loaded                ] portal_cka_israel_national_b0a05d8626  (145 rows)
  [ERROR: 404 Client Error: Not Found for url: https://data.gov.au/api/3/action/package_show?id=gold] portal_cka_data_gov_au_1689b89138  (0 rows)
  [loaded                ] portal_cka_analyze_boston_1321cb60b5  (156 rows)
  [loaded                ] portal_cka_wprdc_allegheny_97a64ba0a6  (160 rows)
  [loaded                ] portal_cka_western_pennsylv_f25943de2b  (160 rows)
  [loaded                ] portal_cka_wprdc_allegheny_f38f393b45  (161 rows)
  [loaded                ] portal_cka_western_pennsylv_dce73f8efa  (161 rows)
  [loaded                ] portal_cka_open_data_sa_e8025ed747  (166 rows)
  [loaded                ] portal_cka_houston_open_dat_932db3fb0b  (174 rows)
  [ERROR: 404 Client Error: Not Found for url: https://avoindata.suomi.fi:443/api/3/action/package_s] portal_cka_finland_national_7482f4dab9  (0 rows)
  [loaded                ] portal_cka_oklahoma_open_da_4da0b9cf8c  (189 rows)
  [loaded                ] portal_cka_analyze_boston_5288db6955  (191 rows)
  [loaded                ] portal_cka_analyze_boston_99d95f2df0  (207 rows)
  [loaded                ] portal_cka_analyze_boston_df52d983a2  (208 rows)
  [loaded                ] portal_cka_wprdc_allegheny_4a80359b95  (215 rows)
  [loaded                ] portal_cka_western_pennsylv_f37c7e01bf  (215 rows)
  [loaded                ] portal_cka_analyze_boston_8a79542c61  (227 rows)
  [loaded                ] portal_cka_israel_national_c596979f55  (231 rows)
  [loaded                ] portal_cka_analyze_boston_134a12a020  (235 rows)
  [ERROR: 404 Client Error: Not Found for url: https://data.gov.au/api/3/action/package_show?id=picn] portal_cka_data_gov_au_f985a05e63  (0 rows)
  [loaded                ] portal_cka_san_jose_open_da_e2d21c0535  (246 rows)
  [ERROR: 404 Client Error: Not Found for url: https://open.canada.ca/api/3/action/package_show?id=a] portal_cka_open_government_51bdaa7c34  (0 rows)
  [loaded                ] portal_cka_wprdc_allegheny_8dde33b4be  (253 rows)
  [loaded                ] portal_cka_western_pennsylv_2aa69e6971  (253 rows)
  [ERROR: Expecting value: line 3 column 1 (char 2)] portal_cka_phoenix_open_dat_81be5068d2  (0 rows)
  [ERROR: 404 Client Error: Not Found for url: https://data.gov.au/api/3/action/package_show?id=tran] portal_cka_data_gov_au_973ec603ce  (0 rows)
  [loaded                ] portal_cka_virginia_open_da_3bb10a6097  (263 rows)
  [loaded                ] portal_cka_analyze_boston_992876d5ab  (275 rows)
  [loaded                ] portal_cka_wprdc_allegheny_fbf4ba8d72  (277 rows)C:\Code\Ripple_v6\library-onboarding\ingest.py:895: UserWarning: Pandas Dataframe has non-standard index of type <class 'pandas.core.indexes.base.Index'> which will not be written. Consider changing the index to pd.RangeIndex(start=0,...,step=1) or call reset_index() to keep index as column(s)
  ok, _chunks, nrows, _ = write_pandas(

  [loaded                ] portal_cka_western_pennsylv_8863985427  (277 rows)
  [loaded                ] portal_cka_western_pennsylv_6498507aef  (6 rows)
  [loaded                ] portal_cka_wprdc_allegheny_3b5f278b80  (6 rows)
  [loaded                ] portal_cka_open_data_sa_726064391e  (292 rows)
  [loaded                ] portal_cka_analyze_boston_5fc2a4d010  (295 rows)
  [loaded                ] portal_cka_san_jose_open_da_2ed954c361  (297 rows)
  [loaded                ] portal_cka_analyze_boston_4a5ca3bce5  (301 rows)
  [loaded                ] portal_cka_western_pennsylv_f9c1429ab4  (306 rows)
  [loaded                ] portal_cka_wprdc_allegheny_5163016c30  (306 rows)
  [loaded                ] portal_cka_wprdc_allegheny_a859816f95  (307 rows)
  [loaded                ] portal_cka_western_pennsylv_6ea0259598  (307 rows)
  [loaded                ] portal_cka_san_jose_open_da_4b62ee3e47  (312 rows)
  [ERROR: 404 Client Error: Not Found for url: https://open.canada.ca/api/3/action/package_show?id=e] portal_cka_open_government_0cf3ef0e21  (0 rows)
  [loaded                ] portal_cka_open_data_sa_61f8b1c981  (337 rows)
  [loaded                ] portal_cka_san_jose_open_da_30d54cbfb9  (344 rows)
  [ERROR: 404 Client Error: Not Found for url: https://open.canada.ca/api/3/action/package_show?id=b] portal_cka_open_government_58aef34e98  (0 rows)
  [loaded                ] portal_cka_analyze_boston_f267f0b038  (346 rows)
  [loaded                ] portal_cka_san_jose_open_da_da9d21318d  (352 rows)
  [loaded                ] portal_cka_virginia_open_da_f4fc6168ea  (356 rows)
  [loaded                ] portal_cka_western_pennsylv_645f59a90f  (361 rows)
  [loaded                ] portal_cka_wprdc_allegheny_20bc27569a  (361 rows)
  [loaded                ] portal_cka_western_pennsylv_3986161420  (368 rows)
  [loaded                ] portal_cka_wprdc_allegheny_2169858e8a  (368 rows)
  [loaded                ] portal_cka_western_pennsylv_4fc22c2c30  (427 rows)
  [loaded                ] portal_cka_wprdc_allegheny_bb0184f847  (427 rows)
  [loaded                ] portal_cka_western_pennsylv_57184a8fe4  (394 rows)
  [loaded                ] portal_cka_wprdc_allegheny_12918a9a0a  (394 rows)
  [loaded                ] portal_cka_western_pennsylv_070a16004d  (410 rows)
  [loaded                ] portal_cka_wprdc_allegheny_12c9244c06  (410 rows)
  [loaded                ] portal_cka_oklahoma_open_da_ad79042537  (410 rows)
  [loaded                ] portal_cka_wprdc_allegheny_0cd6a9957c  (412 rows)
  [loaded                ] portal_cka_western_pennsylv_aad84a1f6e  (412 rows)
  [loaded                ] portal_cka_wprdc_allegheny_8e6bde379c  (420 rows)
  [loaded                ] portal_cka_western_pennsylv_0dd7796234  (420 rows)
  [loaded                ] portal_cka_western_pennsylv_5a83580b83  (445 rows)
  [loaded                ] portal_cka_wprdc_allegheny_39aa454dda  (445 rows)
  [loaded                ] portal_cka_houston_open_dat_4581da6829  (447 rows)
  [loaded                ] portal_cka_virginia_open_da_651c0c423a  (449 rows)
  [loaded                ] portal_cka_israel_national_535b8902a2  (454 rows)
  [loaded                ] portal_cka_wprdc_allegheny_415f1fe712  (523 rows)
  [loaded                ] portal_cka_western_pennsylv_7d8c19b074  (523 rows)
  [loaded                ] portal_cka_analyze_boston_0012b002be  (539 rows)
  [loaded                ] portal_cka_san_jose_open_da_8bc8cd595b  (569 rows)
  [loaded                ] portal_cka_analyze_boston_899bb82358  (572 rows)
  [loaded                ] portal_cka_western_pennsylv_0c63c07381  (574 rows)
  [loaded                ] portal_cka_wprdc_allegheny_60987ada0e  (574 rows)
  [loaded                ] portal_cka_analyze_boston_b6c7223760  (576 rows)
  [loaded                ] portal_cka_san_jose_open_da_1f745f1e15  (581 rows)
  [loaded                ] portal_cka_wprdc_allegheny_2525cd1bb1  (583 rows)
  [loaded                ] portal_cka_western_pennsylv_2c3871611d  (583 rows)
  [loaded                ] portal_cka_western_pennsylv_5b3c7ae148  (585 rows)
  [loaded                ] portal_cka_wprdc_allegheny_b62d63f711  (585 rows)
  [loaded                ] portal_cka_wprdc_allegheny_4a2424ea96  (588 rows)
  [loaded                ] portal_cka_western_pennsylv_10c3e0c017  (588 rows)
  [loaded                ] portal_cka_san_jose_open_da_17dd46ea4d  (589 rows)
  [loaded                ] portal_cka_wprdc_allegheny_2d99f866d7  (602 rows)
  [loaded                ] portal_cka_western_pennsylv_b26184ed51  (602 rows)
  [ERROR: 404 Client Error: Not Found for url: https://data.gov.au/api/3/action/package_show?id=koal] portal_cka_data_gov_au_541f3e3eb3  (0 rows)
  [loaded                ] portal_cka_virginia_open_da_b3a21c711b  (616 rows)
  [loaded                ] portal_cka_open_data_sa_9dca88d285  (617 rows)
  [loaded                ] portal_cka_western_pennsylv_5c36bf1b9f  (627 rows)
  [loaded                ] portal_cka_wprdc_allegheny_3719f1842e  (627 rows)
  [loaded                ] portal_cka_wprdc_allegheny_191c75508b  (645 rows)
  [loaded                ] portal_cka_western_pennsylv_82d49e467f  (645 rows)
  [ERROR: 404 Client Error: Not Found for url: https://data.gov.au/api/3/action/package_show?id=asic] portal_cka_data_gov_au_cc3345dba3  (0 rows)
  [loaded                ] portal_cka_western_pennsylv_20e1a330ce  (672 rows)
  [loaded                ] portal_cka_wprdc_allegheny_16a0bb67b4  (672 rows)
  [loaded                ] portal_cka_wprdc_allegheny_7d1a10da58  (692 rows)
  [loaded                ] portal_cka_western_pennsylv_8b35a60c42  (692 rows)
  [loaded                ] portal_cka_san_jose_open_da_a02c259acb  (713 rows)
  [ERROR: Expecting value: line 3 column 1 (char 2)] portal_cka_phoenix_open_dat_8893a2d47a  (0 rows)
  [loaded                ] portal_cka_analyze_boston_38eb48ca38  (736 rows)
  [loaded                ] portal_cka_wprdc_allegheny_224873a888  (739 rows)
  [loaded                ] portal_cka_western_pennsylv_26239ef185  (739 rows)
  [loaded                ] portal_cka_western_pennsylv_4a48dedefa  (749 rows)
  [loaded                ] portal_cka_wprdc_allegheny_7583eabd41  (749 rows)
  [loaded                ] portal_cka_indiana_data_hub_90819d705e  (770 rows)
  [loaded                ] portal_cka_california_open_6611464444  (770 rows)
  [loaded                ] portal_cka_indiana_data_hub_90c2a3ca78  (784 rows)
  [loaded                ] portal_cka_san_jose_open_da_d8576cbeb1  (786 rows)
  [loaded                ] portal_cka_san_jose_open_da_e2e136dbe8  (789 rows)
  [loaded                ] portal_cka_open_data_sa_19f13722dd  (801 rows)
  [loaded                ] portal_cka_open_data_sa_e83e833a45  (816 rows)
  [loaded                ] portal_cka_wprdc_allegheny_f60a9edcbd  (828 rows)
  [loaded                ] portal_cka_western_pennsylv_322fdf0e2e  (828 rows)
  [loaded                ] portal_cka_san_jose_open_da_b7879ede0f  (882 rows)
  [loaded                ] portal_cka_open_data_sa_e078d81651  (902 rows)
  [ERROR: 404 Client Error: Not Found for url: https://data.gov.au/api/3/action/package_show?id=sout] portal_cka_data_gov_au_7f12e15d9c  (0 rows)
  [ERROR: 404 Client Error: Not Found for url: https://open.canada.ca/api/3/action/package_show?id=c] portal_cka_open_government_39d041763c  (0 rows)
  [loaded                ] portal_cka_open_data_sa_d06a042788  (928 rows)
  [loaded                ] portal_cka_california_open_21e0e694b5  (991 rows)
  [loaded                ] portal_cka_san_jose_open_da_846214a7c0  (993 rows)
  [loaded                ] portal_cka_analyze_boston_824b1b659e  (988 rows)
  [loaded                ] portal_cka_western_pennsylv_6a4c3e0e78  (1000 rows)
  [loaded                ] portal_cka_wprdc_allegheny_da448e7083  (1000 rows)
  [loaded                ] portal_cka_western_pennsylv_20c6fc6029  (1002 rows)
  [loaded                ] portal_cka_wprdc_allegheny_822e5dba4c  (1002 rows)
  [ERROR: 404 Client Error: Not Found for url: https://data.ca.gov/api/3/action/package_show?id=cali] portal_cka_california_open_8ab466642c  (0 rows)
  [loaded                ] portal_cka_wprdc_allegheny_6c8f129ae5  (1026 rows)C:\Code\Ripple_v6\library-onboarding\ingest.py:895: UserWarning: Pandas Dataframe has non-standard index of type <class 'pandas.core.indexes.base.Index'> which will not be written. Consider changing the index to pd.RangeIndex(start=0,...,step=1) or call reset_index() to keep index as column(s)
  ok, _chunks, nrows, _ = write_pandas(
C:\Code\Ripple_v6\library-onboarding\ingest.py:895: UserWarning: Pandas Dataframe has non-standard index of type <class 'pandas.core.indexes.base.Index'> which will not be written. Consider changing the index to pd.RangeIndex(start=0,...,step=1) or call reset_index() to keep index as column(s)
  ok, _chunks, nrows, _ = write_pandas(
C:\Code\Ripple_v6\library-onboarding\ingest.py:895: UserWarning: Pandas Dataframe has non-standard index of type <class 'pandas.core.indexes.base.Index'> which will not be written. Consider changing the index to pd.RangeIndex(start=0,...,step=1) or call reset_index() to keep index as column(s)
  ok, _chunks, nrows, _ = write_pandas(
C:\Code\Ripple_v6\library-onboarding\ingest.py:895: UserWarning: Pandas Dataframe has non-standard index of type <class 'pandas.core.indexes.base.Index'> which will not be written. Consider changing the index to pd.RangeIndex(start=0,...,step=1) or call reset_index() to keep index as column(s)
  ok, _chunks, nrows, _ = write_pandas(

  [loaded                ] portal_cka_western_pennsylv_305157e72f  (1026 rows)
  [loaded                ] portal_cka_virginia_open_da_ace8ac0352  (1045 rows)
  [ERROR: Expecting value: line 3 column 1 (char 2)] portal_cka_phoenix_open_dat_1736c4f9aa  (0 rows)
  [loaded                ] portal_cka_houston_open_dat_702315b033  (1056 rows)
  [loaded                ] portal_cka_wprdc_allegheny_2361fe1e6b  (1058 rows)
  [loaded                ] portal_cka_western_pennsylv_654e0b3182  (1058 rows)
  [loaded                ] portal_cka_san_jose_open_da_242d633a81  (1066 rows)
  [loaded                ] portal_cka_san_jose_open_da_f1315a36e0  (1086 rows)
  [loaded                ] portal_cka_wprdc_allegheny_a2738d79af  (1114 rows)
  [ERROR: 404 Client Error: Not Found for url: https://data.gov.au/api/3/action/package_show?id=wome] portal_cka_data_gov_au_80092c9974  (0 rows)
  [loaded                ] portal_cka_western_pennsylv_4d90100824  (1114 rows)
  [loaded                ] portal_cka_israel_national_12fc0d7b44  (1174 rows)
  [loaded                ] portal_cka_oklahoma_open_da_c96ba4e090  (1178 rows)
  [loaded                ] portal_cka_western_pennsylv_fd81b4fb82  (1194 rows)
  [loaded                ] portal_cka_wprdc_allegheny_508c030bd9  (1194 rows)
  [loaded                ] portal_cka_open_data_sa_2fcd3aefd6  (1214 rows)
  [loaded                ] portal_cka_analyze_boston_80ff6d8e34  (1240 rows)
  [loaded                ] portal_cka_san_jose_open_da_03014f9c15  (1246 rows)
  [loaded                ] portal_cka_wprdc_allegheny_f05d32c3d6  (1278 rows)
  [loaded                ] portal_cka_western_pennsylv_36a8032a4c  (1278 rows)
  [loaded                ] portal_cka_wprdc_allegheny_be3c51e436  (1305 rows)
  [loaded                ] portal_cka_western_pennsylv_6271eb297f  (1305 rows)
  [loaded                ] portal_cka_analyze_boston_eb235cdc7a  (1314 rows)
  [loaded                ] portal_cka_western_pennsylv_4c0f4e6c6c  (1323 rows)
  [loaded                ] portal_cka_wprdc_allegheny_4ce939751e  (1323 rows)
  [loaded                ] portal_cka_california_open_a5d78a8b63  (1326 rows)
  [loaded                ] portal_cka_wprdc_allegheny_fc8733f36b  (1327 rows)
  [loaded                ] portal_cka_wprdc_allegheny_29d102482d  (1327 rows)
  [loaded                ] portal_cka_western_pennsylv_d078e6f18c  (1327 rows)
  [loaded                ] portal_cka_western_pennsylv_092b06e590  (1327 rows)
  [loaded                ] portal_cka_san_jose_open_da_5a544b8d01  (1336 rows)
  [ERROR: 404 Client Error: Not Found for url: https://data.gov.au/api/3/action/package_show?id=cps-] portal_cka_data_gov_au_66f2543634  (0 rows)
  [loaded                ] portal_cka_western_pennsylv_69c80c6f70  (1361 rows)
  [loaded                ] portal_cka_wprdc_allegheny_5c657eba17  (1361 rows)
  [loaded                ] portal_cka_analyze_boston_8a02ca5e02  (1382 rows)
  [loaded                ] portal_cka_san_jose_open_da_d86291aab8  (1389 rows)
  [loaded                ] portal_cka_israel_national_87e3c2014f  (1393 rows)
  [loaded                ] portal_cka_open_data_sa_2f8287a9cb  (1405 rows)
  [loaded                ] portal_cka_san_jose_open_da_5635d41e74  (1411 rows)
  [loaded                ] portal_cka_wprdc_allegheny_b488bfab9d  (1431 rows)
  [loaded                ] portal_cka_western_pennsylv_f66e0e22da  (1431 rows)
  [loaded                ] portal_cka_israel_national_03d9d0d534  (1439 rows)
  [ERROR: 404 Client Error: Not Found for url: https://avoindata.suomi.fi:443/api/3/action/package_s] portal_cka_finland_national_14aed7a7c0  (0 rows)
  [loaded                ] portal_cka_open_data_sa_a33086054b  (1455 rows)
  [loaded                ] portal_cka_analyze_boston_bd5a2f9374  (1469 rows)
  [ERROR: 404 Client Error: Not Found for url: https://avoindata.suomi.fi:443/api/3/action/package_s] portal_cka_finland_national_ddf5fda391  (0 rows)
  [loaded                ] portal_cka_california_open_22f6b7db0f  (1500 rows)
  [loaded                ] portal_cka_virginia_open_da_e4498c978c  (1500 rows)
  [loaded                ] portal_cka_california_open_cb7c3747fc  (1513 rows)
  [loaded                ] portal_cka_analyze_boston_9c8338c5c2  (1528 rows)
  [loaded                ] portal_cka_san_jose_open_da_98849b65ee  (1616 rows)
  [loaded                ] portal_cka_san_jose_open_da_79010b8e46  (1638 rows)
  [loaded                ] portal_cka_analyze_boston_0bdff0513c  (1638 rows)
  [loaded                ] portal_cka_oklahoma_open_da_a90b591b09  (1652 rows)
  [loaded                ] portal_cka_san_jose_open_da_788cbd21b2  (1701 rows)
  [loaded                ] portal_cka_western_pennsylv_38abdaec9d  (1714 rows)
  [loaded                ] portal_cka_california_open_e27dbb825c  (1715 rows)
  [loaded                ] portal_cka_wprdc_allegheny_aec3a74c1a  (1714 rows)
  [loaded                ] portal_cka_california_open_9c50aef41d  (1721 rows)
  [loaded                ] portal_cka_san_jose_open_da_f8c410bb6b  (1832 rows)
  [ERROR: 404 Client Error: Not Found for url: https://open.canada.ca/api/3/action/package_show?id=b] portal_cka_open_government_246045faaa  (0 rows)
  [loaded                ] portal_cka_virginia_open_da_a7663008d7  (1945 rows)
  [loaded                ] portal_cka_wprdc_allegheny_ce7a2694fc  (1975 rows)
  [loaded                ] portal_cka_western_pennsylv_51b8dcf278  (1975 rows)
  [loaded                ] portal_cka_san_jose_open_da_7b1a49b2ac  (2100 rows)
  [loaded                ] portal_cka_western_pennsylv_11aebe4994  (2103 rows)
  [loaded                ] portal_cka_wprdc_allegheny_9bb7597d03  (2103 rows)
  [loaded                ] portal_cka_wprdc_allegheny_8f9481cfa8  (2160 rows)
  [loaded                ] portal_cka_western_pennsylv_7c5012db2a  (2160 rows)
  [loaded                ] portal_cka_wprdc_allegheny_c96164a13d  (2217 rows)
  [loaded                ] portal_cka_western_pennsylv_9ef4c60f58  (2217 rows)
  [loaded                ] portal_cka_oklahoma_open_da_082d7a8847  (2220 rows)
  [loaded                ] portal_cka_san_jose_open_da_32aed231b0  (2254 rows)
  [loaded                ] portal_cka_california_open_b100823f62  (2285 rows)
  [loaded                ] portal_cka_israel_national_e3d369b05f  (2297 rows)
  [loaded                ] portal_cka_california_open_67a021fadc  (2358 rows)
  [ERROR: 404 Client Error: Not Found for url: https://open.canada.ca/api/3/action/package_show?id=d] portal_cka_open_government_c98bd7c5fa  (0 rows)
  [ERROR: 404 Client Error: Not Found for url: https://open.canada.ca/api/3/action/package_show?id=2] portal_cka_open_government_5627c878cf  (0 rows)
  [loaded                ] portal_cka_israel_national_6fa4de9040  (2637 rows)
  [loaded                ] portal_cka_san_jose_open_da_390a683a1f  (2641 rows)
  [ERROR: 404 Client Error: Not Found for url: https://data.gov.au/api/3/action/package_show?id=publ] portal_cka_data_gov_au_a08141b601  (0 rows)
  [ERROR: Expecting value: line 3 column 1 (char 2)] portal_cka_phoenix_open_dat_3060aa87a7  (0 rows)
  [ERROR: 404 Client Error: Not Found for url: https://open.canada.ca/api/3/action/package_show?id=7] portal_cka_open_government_8e0044aebc  (0 rows)
  [loaded                ] portal_cka_oklahoma_open_da_b1c8714a03  (2901 rows)
  [loaded                ] portal_cka_western_pennsylv_c87fa1c650  (2929 rows)
  [loaded                ] portal_cka_wprdc_allegheny_4e7d1f0fea  (2929 rows)
  [ERROR: 404 Client Error: Not Found for url: https://open.canada.ca/api/3/action/package_show?id=8] portal_cka_open_government_5a8f735dfa  (0 rows)
  [ERROR: 404 Client Error: Not Found for url: https://data.gov.au/api/3/action/package_show?id=asic] portal_cka_data_gov_au_05fc3700d9  (0 rows)
  [loaded                ] portal_cka_san_jose_open_da_b5470e08fd  (3000 rows)
  [loaded                ] portal_cka_california_open_a6fc6ee30b  (3040 rows)
  [loaded                ] portal_cka_san_jose_open_da_faad5a2133  (3191 rows)
  [loaded                ] portal_cka_california_open_e87d6ed57d  (3200 rows)
  [loaded                ] portal_cka_analyze_boston_5dd692715c  (3302 rows)C:\Code\Ripple_v6\library-onboarding\ingest.py:895: UserWarning: Pandas Dataframe has non-standard index of type <class 'pandas.core.indexes.base.Index'> which will not be written. Consider changing the index to pd.RangeIndex(start=0,...,step=1) or call reset_index() to keep index as column(s)
  ok, _chunks, nrows, _ = write_pandas(
C:\Code\Ripple_v6\library-onboarding\ingest.py:895: UserWarning: Pandas Dataframe has non-standard index of type <class 'pandas.core.indexes.base.Index'> which will not be written. Consider changing the index to pd.RangeIndex(start=0,...,step=1) or call reset_index() to keep index as column(s)
  ok, _chunks, nrows, _ = write_pandas(
C:\Code\Ripple_v6\library-onboarding\ingest.py:895: UserWarning: Pandas Dataframe has non-standard index of type <class 'pandas.core.indexes.base.Index'> which will not be written. Consider changing the index to pd.RangeIndex(start=0,...,step=1) or call reset_index() to keep index as column(s)
  ok, _chunks, nrows, _ = write_pandas(
C:\Code\Ripple_v6\library-onboarding\ingest.py:895: UserWarning: Pandas Dataframe has non-standard index of type <class 'pandas.core.indexes.base.Index'> which will not be written. Consider changing the index to pd.RangeIndex(start=0,...,step=1) or call reset_index() to keep index as column(s)
  ok, _chunks, nrows, _ = write_pandas(
C:\Code\Ripple_v6\library-onboarding\ingest.py:895: UserWarning: Pandas Dataframe has non-standard index of type <class 'pandas.core.indexes.base.Index'> which will not be written. Consider changing the index to pd.RangeIndex(start=0,...,step=1) or call reset_index() to keep index as column(s)
  ok, _chunks, nrows, _ = write_pandas(
C:\Code\Ripple_v6\library-onboarding\ingest.py:895: UserWarning: Pandas Dataframe has non-standard index of type <class 'pandas.core.indexes.base.Index'> which will not be written. Consider changing the index to pd.RangeIndex(start=0,...,step=1) or call reset_index() to keep index as column(s)
  ok, _chunks, nrows, _ = write_pandas(
C:\Code\Ripple_v6\library-onboarding\ingest.py:895: UserWarning: Pandas Dataframe has non-standard index of type <class 'pandas.core.indexes.base.Index'> which will not be written. Consider changing the index to pd.RangeIndex(start=0,...,step=1) or call reset_index() to keep index as column(s)
  ok, _chunks, nrows, _ = write_pandas(
C:\Code\Ripple_v6\library-onboarding\ingest.py:895: UserWarning: Pandas Dataframe has non-standard index of type <class 'pandas.core.indexes.base.Index'> which will not be written. Consider changing the index to pd.RangeIndex(start=0,...,step=1) or call reset_index() to keep index as column(s)
  ok, _chunks, nrows, _ = write_pandas(
C:\Code\Ripple_v6\library-onboarding\ingest.py:895: UserWarning: Pandas Dataframe has non-standard index of type <class 'pandas.core.indexes.base.Index'> which will not be written. Consider changing the index to pd.RangeIndex(start=0,...,step=1) or call reset_index() to keep index as column(s)
  ok, _chunks, nrows, _ = write_pandas(
C:\Code\Ripple_v6\library-onboarding\ingest.py:895: UserWarning: Pandas Dataframe has non-standard index of type <class 'pandas.core.indexes.base.Index'> which will not be written. Consider changing the index to pd.RangeIndex(start=0,...,step=1) or call reset_index() to keep index as column(s)
  ok, _chunks, nrows, _ = write_pandas(
C:\Code\Ripple_v6\library-onboarding\ingest.py:895: UserWarning: Pandas Dataframe has non-standard index of type <class 'pandas.core.indexes.base.Index'> which will not be written. Consider changing the index to pd.RangeIndex(start=0,...,step=1) or call reset_index() to keep index as column(s)
  ok, _chunks, nrows, _ = write_pandas(

  [ERROR: 404 Client Error: Not Found for url: https://data.gov.au/api/3/action/package_show?id=wimm] portal_cka_data_gov_au_25bda1ef8c  (0 rows)
  [loaded                ] portal_cka_western_pennsylv_23b8b5b7d2  (3420 rows)
  [loaded                ] portal_cka_wprdc_allegheny_1c103ee2cd  (3420 rows)
  [loaded                ] portal_cka_california_open_a8c3ced685  (3500 rows)
  [loaded                ] portal_cka_san_jose_open_da_9bcce40a0f  (3591 rows)
  [loaded                ] portal_cka_open_data_sa_424e5a26f3  (3597 rows)
  [loaded                ] portal_cka_analyze_boston_c1b203dc0a  (3631 rows)
  [loaded                ] portal_cka_california_open_89f906dc75  (3906 rows)
  [loaded                ] portal_cka_virginia_open_da_5ab7cd31bf  (3934 rows)
  [loaded                ] portal_cka_san_jose_open_da_cf566b299b  (4190 rows)
  [ERROR: 404 Client Error: Not Found for url: https://data.gov.au/api/3/action/package_show?id=asic] portal_cka_data_gov_au_4b0baa9aba  (0 rows)
  [loaded                ] portal_cka_san_jose_open_da_5f864a8799  (4482 rows)
  [loaded                ] portal_cka_western_pennsylv_6f8489e18f  (4485 rows)
  [loaded                ] portal_cka_wprdc_allegheny_65d88e2bef  (4485 rows)
  [ERROR: Expecting value: line 3 column 1 (char 2)] portal_cka_phoenix_open_dat_cfaf33a6fe  (0 rows)
  [loaded                ] portal_cka_indiana_data_hub_78f3e49d13  (4730 rows)
  [ERROR: Expecting value: line 3 column 1 (char 2)] portal_cka_phoenix_open_dat_98d4cdbcdc  (0 rows)
  [loaded                ] portal_cka_california_open_c19a7c8625  (4858 rows)
  [loaded                ] portal_cka_virginia_open_da_fc2228a15b  (4883 rows)
  [loaded                ] portal_cka_open_data_sa_c12d73f01d  (4976 rows)
  [loaded                ] portal_cka_san_jose_open_da_794f17ebe2  (5025 rows)
  [loaded                ] portal_cka_wprdc_allegheny_ba28cc40b7  (5108 rows)
  [loaded                ] portal_cka_western_pennsylv_93f5df3d76  (5108 rows)
  [loaded                ] portal_cka_san_jose_open_da_cc6148cb20  (5794 rows)
  [ERROR: 404 Client Error: Not Found for url: https://data.gov.au/api/3/action/package_show?id=ener] portal_cka_data_gov_au_fcd3180c62  (0 rows)
  [ERROR: 404 Client Error: Not Found for url: https://data.gov.au/api/3/action/package_show?id=ener] portal_cka_data_gov_au_936f852ddf  (0 rows)
  [loaded                ] portal_cka_wprdc_allegheny_98b94025ac  (6630 rows)
  [loaded                ] portal_cka_western_pennsylv_d654695651  (6630 rows)
  [loaded                ] portal_cka_california_open_490b55c81b  (6160 rows)
  [loaded                ] portal_cka_western_pennsylv_f810addeec  (6461 rows)
  [loaded                ] portal_cka_wprdc_allegheny_692c217fc7  (6461 rows)
  [loaded                ] portal_cka_san_jose_open_da_2789ef054e  (6486 rows)
  [loaded                ] portal_cka_open_data_sa_a8ef161189  (6493 rows)
  [ERROR: 404 Client Error: Not Found for url: https://data.gov.au/api/3/action/package_show?id=asic] portal_cka_data_gov_au_faab1250c1  (0 rows)
  [loaded                ] portal_cka_analyze_boston_f059843ba0  (6954 rows)
  [ERROR: 404 Client Error: Not Found for url: https://open.canada.ca/api/3/action/package_show?id=a] portal_cka_open_government_f33a826468  (0 rows)
  [loaded                ] portal_cka_israel_national_8649911221  (7181 rows)
  [loaded                ] portal_cka_oklahoma_open_da_7267b4bc2f  (7213 rows)
  [loaded                ] portal_cka_western_pennsylv_13793abc24  (7242 rows)
  [loaded                ] portal_cka_wprdc_allegheny_0b1ba76ac0  (7242 rows)
  [ERROR: 404 Client Error: Not Found for url: https://data.gov.au/api/3/action/package_show?id=abor] portal_cka_data_gov_au_117a082522  (0 rows)
  [loaded                ] portal_cka_wprdc_allegheny_a4e9ce945b  (7723 rows)
  [loaded                ] portal_cka_western_pennsylv_2dfc1addea  (7723 rows)
  [loaded                ] portal_cka_california_open_3b70ad4f80  (7754 rows)
  [loaded                ] portal_cka_virginia_open_da_68afe3ae03  (7759 rows)
  [loaded                ] portal_cka_analyze_boston_4eddc3919b  (8250 rows)
  [loaded                ] portal_cka_western_pennsylv_f6a018a1cb  (8629 rows)
  [loaded                ] portal_cka_wprdc_allegheny_7b65ae0cff  (8629 rows)
  [loaded                ] portal_cka_open_data_sa_1f87a7ae2d  (8547 rows)
  [loaded                ] portal_cka_wprdc_allegheny_b497c35747  (8663 rows)
  [loaded                ] portal_cka_western_pennsylv_073e47dfba  (8663 rows)
  [loaded                ] portal_cka_oklahoma_open_da_62289bd012  (8580 rows)
  [loaded                ] portal_cka_open_data_sa_1c37ee3869  (8640 rows)
  [ERROR: 404 Client Error: Not Found for url: https://open.canada.ca/api/3/action/package_show?id=b] portal_cka_open_government_ec2e3c8f85  (0 rows)
  [loaded                ] portal_cka_wprdc_allegheny_886bd5e998  (10000 rows)
  [loaded                ] portal_cka_western_pennsylv_5c8bba2d74  (10000 rows)
  [ERROR: 404 Client Error: Not Found for url: https://open.canada.ca/api/3/action/package_show?id=5] portal_cka_open_government_c51ff100c1  (0 rows)
  [loaded                ] portal_cka_wprdc_allegheny_145b5f2466  (10000 rows)
  [loaded                ] portal_cka_western_pennsylv_b81b12d211  (10000 rows)
  [ERROR: 404 Client Error: Not Found for url: https://open.canada.ca/api/3/action/package_show?id=8] portal_cka_open_government_4c0a419d8d  (0 rows)
  [loaded                ] portal_cka_san_jose_open_da_b6d7cbc686  (10000 rows)
  [loaded                ] portal_cka_western_pennsylv_f82e02e6b2  (10000 rows)
  [loaded                ] portal_cka_wprdc_allegheny_fa3191e7a1  (10000 rows)
  [loaded                ] portal_cka_virginia_open_da_ac3869ee0e  (10000 rows)
  [loaded                ] portal_cka_virginia_open_da_cbc7fe8b75  (10000 rows)
  [loaded                ] portal_cka_open_data_sa_e2b711db0f  (10000 rows)
  [loaded                ] portal_cka_western_pennsylv_9b3ec4abb9  (10000 rows)
  [loaded                ] portal_cka_wprdc_allegheny_6f76317272  (10000 rows)
  [ERROR: Expecting value: line 3 column 1 (char 2)] portal_cka_phoenix_open_dat_9738db099b  (0 rows)
  [loaded                ] portal_cka_indiana_data_hub_d4dae8d984  (10000 rows)
  [loaded                ] portal_cka_analyze_boston_df0a6de397  (9998 rows)
  [loaded                ] portal_cka_houston_open_dat_f10142914f  (9999 rows)
  [loaded                ] portal_cka_virginia_open_da_8a70de2fb1  (10000 rows)
  [loaded                ] portal_cka_analyze_boston_bbe261accb  (10000 rows)
  [loaded                ] portal_cka_western_pennsylv_ed65b530a3  (10000 rows)
  [loaded                ] portal_cka_wprdc_allegheny_9ccbefbacc  (10000 rows)
  [ERROR: Expecting value: line 3 column 1 (char 2)] portal_cka_phoenix_open_dat_854ca3bbc5  (0 rows)
  [loaded                ] portal_cka_wprdc_allegheny_fa5c68d20d  (10000 rows)
  [loaded                ] portal_cka_western_pennsylv_010a1b6275  (10000 rows)
  [loaded                ] portal_cka_analyze_boston_e4c004d662  (10000 rows)
  [loaded                ] portal_cka_israel_national_511b70eb2b  (10000 rows)
  [loaded                ] portal_cka_analyze_boston_a9b7e5c08a  (10000 rows)
  [loaded                ] portal_cka_virginia_open_da_039aacd655  (10000 rows)
  [loaded                ] portal_cka_wprdc_allegheny_49ed6437bf  (10000 rows)
  [loaded                ] portal_cka_western_pennsylv_ddb61776d0  (10000 rows)
  [loaded                ] portal_cka_analyze_boston_f1b3f76830  (9999 rows)
  [loaded                ] portal_cka_san_jose_open_da_8ae30c65de  (10000 rows)
  [ERROR: 404 Client Error: Not Found for url: https://open.canada.ca/api/3/action/package_show?id=a] portal_cka_open_government_80f6eb8442  (0 rows)
  [loaded                ] portal_cka_california_open_f406aad424  (10000 rows)
  [ERROR: 404 Client Error: Not Found for url: https://open.canada.ca/api/3/action/package_show?id=f] portal_cka_open_government_5f5af59291  (0 rows)
  [loaded                ] portal_cka_analyze_boston_dd269d0a1d  (10000 rows)
  [loaded                ] portal_cka_wprdc_allegheny_c4d59225cb  (10000 rows)C:\Code\Ripple_v6\library-onboarding\ingest.py:895: UserWarning: Pandas Dataframe has non-standard index of type <class 'pandas.core.indexes.base.Index'> which will not be written. Consider changing the index to pd.RangeIndex(start=0,...,step=1) or call reset_index() to keep index as column(s)
  ok, _chunks, nrows, _ = write_pandas(
C:\Code\Ripple_v6\library-onboarding\ingest.py:895: UserWarning: Pandas Dataframe has non-standard index of type <class 'pandas.core.indexes.base.Index'> which will not be written. Consider changing the index to pd.RangeIndex(start=0,...,step=1) or call reset_index() to keep index as column(s)
  ok, _chunks, nrows, _ = write_pandas(
C:\Code\Ripple_v6\library-onboarding\ingest.py:895: UserWarning: Pandas Dataframe has non-standard index of type <class 'pandas.core.indexes.base.Index'> which will not be written. Consider changing the index to pd.RangeIndex(start=0,...,step=1) or call reset_index() to keep index as column(s)
  ok, _chunks, nrows, _ = write_pandas(
C:\Code\Ripple_v6\library-onboarding\ingest.py:895: UserWarning: Pandas Dataframe has non-standard index of type <class 'pandas.core.indexes.base.Index'> which will not be written. Consider changing the index to pd.RangeIndex(start=0,...,step=1) or call reset_index() to keep index as column(s)
  ok, _chunks, nrows, _ = write_pandas(
C:\Code\Ripple_v6\library-onboarding\ingest.py:895: UserWarning: Pandas Dataframe has non-standard index of type <class 'pandas.core.indexes.base.Index'> which will not be written. Consider changing the index to pd.RangeIndex(start=0,...,step=1) or call reset_index() to keep index as column(s)
  ok, _chunks, nrows, _ = write_pandas(
C:\Code\Ripple_v6\library-onboarding\ingest.py:895: UserWarning: Pandas Dataframe has non-standard index of type <class 'pandas.core.indexes.base.Index'> which will not be written. Consider changing the index to pd.RangeIndex(start=0,...,step=1) or call reset_index() to keep index as column(s)
  ok, _chunks, nrows, _ = write_pandas(
C:\Code\Ripple_v6\library-onboarding\ingest.py:895: UserWarning: Pandas Dataframe has non-standard index of type <class 'pandas.core.indexes.base.Index'> which will not be written. Consider changing the index to pd.RangeIndex(start=0,...,step=1) or call reset_index() to keep index as column(s)
  ok, _chunks, nrows, _ = write_pandas(

  [loaded                ] portal_cka_western_pennsylv_4e5c66124a  (10000 rows)
  [loaded                ] portal_cka_open_data_sa_e90902c24c  (10000 rows)
  [loaded                ] portal_cka_analyze_boston_0ccfffcc26  (9951 rows)
  [loaded                ] portal_cka_western_pennsylv_eac54ade9a  (10000 rows)
  [loaded                ] portal_cka_wprdc_allegheny_99dbbb9235  (10000 rows)
  [loaded                ] portal_cka_western_pennsylv_0ac79b8eba  (10000 rows)
  [loaded                ] portal_cka_wprdc_allegheny_91fae70b2d  (10000 rows)
  [loaded                ] portal_cka_houston_open_dat_c5521bda2a  (10000 rows)
  [loaded                ] portal_cka_san_jose_open_da_2a3d59095b  (10000 rows)
  [loaded                ] portal_cka_california_open_27dc9c9e51  (10000 rows)
  [ERROR: Expecting value: line 3 column 1 (char 2)] portal_cka_phoenix_open_dat_cb51f9ede8  (0 rows)
  [loaded                ] portal_cka_analyze_boston_a4a4828973  (10000 rows)
  [loaded                ] portal_cka_san_jose_open_da_f194d54765  (10000 rows)
  [ERROR: 404 Client Error: Not Found for url: https://open.canada.ca/api/3/action/package_show?id=2] portal_cka_open_government_5393b13c23  (0 rows)
  [loaded                ] portal_cka_analyze_boston_5ccb249b71  (10000 rows)
  [loaded                ] portal_cka_wprdc_allegheny_cc3bd4afc2  (10000 rows)
  [loaded                ] portal_cka_western_pennsylv_7880b791df  (10000 rows)
  [loaded                ] portal_cka_virginia_open_da_1d39bdec50  (10000 rows)
  [loaded                ] portal_cka_virginia_open_da_3e67a117fb  (9507 rows)
  [loaded                ] portal_cka_western_pennsylv_440a699a5b  (10000 rows)
  [loaded                ] portal_cka_wprdc_allegheny_b1e95c9745  (10000 rows)
  [loaded                ] portal_cka_wprdc_allegheny_54998e6eda  (10000 rows)
  [loaded                ] portal_cka_western_pennsylv_68a8a0027a  (10000 rows)
  [loaded                ] portal_cka_virginia_open_da_1598ead304  (10000 rows)
  [loaded                ] portal_cka_california_open_cc3ca4c413  (9788 rows)
  [loaded                ] portal_cka_san_jose_open_da_151f8e4dbb  (10000 rows)
  [loaded                ] portal_cka_western_pennsylv_b25e480dfc  (10000 rows)
  [loaded                ] portal_cka_wprdc_allegheny_b9904b63c2  (10000 rows)
  [loaded                ] portal_cka_houston_open_dat_ab35bb6552  (9997 rows)
  [loaded                ] portal_cka_virginia_open_da_77706d86da  (10000 rows)
  [loaded                ] portal_cka_western_pennsylv_ad0d8250df  (10000 rows)
  [loaded                ] portal_cka_wprdc_allegheny_bb1bd78412  (10000 rows)
  [loaded                ] portal_cka_houston_open_dat_a4490182ba  (10000 rows)
  [ERROR: 404 Client Error: Not Found for url: https://open.canada.ca/api/3/action/package_show?id=2] portal_cka_open_government_da93ad0fa6  (0 rows)
  [loaded                ] portal_cka_san_jose_open_da_ad9c79b3a8  (10000 rows)
  [loaded                ] portal_cka_san_jose_open_da_0d51ec3643  (10000 rows)
  [ERROR: 404 Client Error: Not Found for url: https://data.gov.au/api/3/action/package_show?id=ball] portal_cka_data_gov_au_b7011b343e  (0 rows)
  [loaded                ] portal_cka_california_open_d33a75d890  (10000 rows)
  [loaded                ] portal_cka_open_data_sa_6fd1bd1867  (10000 rows)
  [loaded                ] portal_cka_virginia_open_da_f40c1f2ece  (10000 rows)
  [loaded                ] portal_cka_indiana_data_hub_7747efe139  (10000 rows)
  [loaded                ] portal_cka_analyze_boston_03ecd5c73d  (10000 rows)
  [ERROR: 404 Client Error: Not Found for url: https://data.gov.au/api/3/action/package_show?id=grea] portal_cka_data_gov_au_2af06273f6  (0 rows)
  [loaded                ] portal_cka_analyze_boston_d5a9ad584e  (10000 rows)
  [loaded                ] portal_cka_california_open_c65b641866  (10000 rows)
  [loaded                ] portal_cka_california_open_0ad648012f  (10000 rows)
  [loaded                ] portal_cka_western_pennsylv_1a89f1526c  (10000 rows)
  [loaded                ] portal_cka_wprdc_allegheny_98a0e89fa3  (10000 rows)
  [loaded                ] portal_cka_houston_open_dat_5b1522dd22  (10000 rows)
  [loaded                ] portal_cka_california_open_ac6c9e2b47  (10000 rows)
  [ERROR: 404 Client Error: Not Found for url: https://data.gov.au/api/3/action/package_show?id=acnc] portal_cka_data_gov_au_3fd26cf2f9  (0 rows)
  [ERROR: 404 Client Error: Not Found for url: https://data.gov.au/api/3/action/package_show?id=acnc] portal_cka_data_gov_au_2ab7efea46  (0 rows)
  [ERROR: 404 Client Error: Not Found for url: https://data.gov.au/api/3/action/package_show?id=acnc] portal_cka_data_gov_au_455a5a2bd3  (0 rows)
  [loaded                ] portal_cka_san_jose_open_da_131db5b4a0  (10000 rows)
  [ERROR: 404 Client Error: Not Found for url: https://data.gov.au/api/3/action/package_show?id=acnc] portal_cka_data_gov_au_6a5da945b7  (0 rows)
  [loaded                ] portal_cka_wprdc_allegheny_316a5acd77  (9994 rows)
  [loaded                ] portal_cka_western_pennsylv_4070ff54be  (9994 rows)
  [ERROR: 404 Client Error: Not Found for url: https://data.gov.au/api/3/action/package_show?id=acnc] portal_cka_data_gov_au_81c73ecbb4  (0 rows)
  [loaded                ] portal_cka_wprdc_allegheny_7431e84319  (10000 rows)
  [loaded                ] portal_cka_western_pennsylv_e91e8047aa  (10000 rows)
  [loaded                ] portal_cka_analyze_boston_db29ec5366  (10000 rows)
  [loaded                ] portal_cka_western_pennsylv_ef682f7e59  (10000 rows)
  [loaded                ] portal_cka_wprdc_allegheny_5b37a5568e  (10000 rows)
  [ERROR: 404 Client Error: Not Found for url: https://data.gov.au/api/3/action/package_show?id=acnc] portal_cka_data_gov_au_f0d34ab68b  (0 rows)
  [loaded                ] portal_cka_wprdc_allegheny_1b2d51749e  (10000 rows)
  [loaded                ] portal_cka_western_pennsylv_a3b7349811  (10000 rows)
  [loaded                ] portal_cka_oklahoma_open_da_dd9095a39b  (10000 rows)
  [loaded                ] portal_cka_california_open_c86733ed60  (10000 rows)
  [loaded                ] portal_cka_wprdc_allegheny_a515b81ddf  (10000 rows)
  [loaded                ] portal_cka_western_pennsylv_2deaa849e4  (10000 rows)
  [loaded                ] portal_cka_indiana_data_hub_fe00d42acc  (10000 rows)
  [loaded                ] portal_cka_san_jose_open_da_00b8041d47  (10000 rows)
  [ERROR: 404 Client Error: Not Found for url: https://data.gov.au/api/3/action/package_show?id=wynd] portal_cka_data_gov_au_117ad61434  (0 rows)
  [loaded                ] portal_cka_open_data_sa_58b0401c9a  (10000 rows)
  [loaded                ] portal_cka_open_data_sa_2c667a6fc6  (10000 rows)
  [loaded                ] portal_cka_indiana_data_hub_fc0abc5edf  (10000 rows)
  [loaded                ] portal_cka_open_data_sa_1e2348f9b1  (10000 rows)
  [loaded                ] portal_cka_california_open_1424436f0d  (10000 rows)
  [loaded                ] portal_cka_analyze_boston_be87d5ea10  (10000 rows)
  [loaded                ] portal_cka_open_data_sa_c7cf87b213  (10000 rows)
  [loaded                ] portal_cka_analyze_boston_b4c5e99b0a  (10000 rows)
  [loaded                ] portal_cka_virginia_open_da_d5d649203d  (10000 rows)
  [loaded                ] portal_cka_open_data_sa_6b3408d74f  (9460 rows)
  [loaded                ] portal_cka_open_data_sa_18a877ddc9  (1 rows)
  [ERROR: Expecting value: line 3 column 1 (char 2)] portal_cka_phoenix_open_dat_5a37a70d6b  (0 rows)
  [ERROR: Expecting value: line 3 column 1 (char 2)] portal_cka_phoenix_open_dat_8f3504af5e  (0 rows)
  [ERROR: Expecting value: line 3 column 1 (char 2)] portal_cka_phoenix_open_dat_290cf5d406  (0 rows)
  [ERROR: 404 Client Error: Not Found for url: https://data.gov.au/api/3/action/package_show?id=stra] portal_cka_data_gov_au_2519061175  (0 rows)
  [loaded                ] portal_cka_israel_national_52ad02ebe0  (1 rows)
  [loaded                ] portal_cka_san_jose_open_da_d724f2d525  (2 rows)
  [loaded                ] portal_cka_california_open_b98053323b  (4 rows)
  [ERROR: 404 Client Error: Not Found for url: https://data.gov.au/api/3/action/package_show?id=abn-] portal_cka_data_gov_au_92b4fba04a  (0 rows)
  [loaded                ] portal_cka_california_open_aa8c1ecaf6  (7 rows)
  [ERROR: Expecting value: line 3 column 1 (char 2)] portal_cka_phoenix_open_dat_609bd0eba9  (0 rows)
  [ERROR: Expecting value: line 3 column 1 (char 2)] portal_cka_phoenix_open_dat_354c1f3551  (0 rows)
  [ERROR: Expecting value: line 3 column 1 (char 2)] portal_cka_phoenix_open_dat_3cf3f9f372  (0 rows)
  [loaded                ] portal_cka_western_pennsylv_db88bde311  (9 rows)
  [loaded                ] portal_cka_indiana_data_hub_a95d120aeb  (9 rows)
  [loaded                ] portal_cka_wprdc_allegheny_ba92a76441  (9 rows)
  [loaded                ] portal_cka_indiana_data_hub_378e0419e1  (10 rows)
  [loaded                ] portal_cka_indiana_data_hub_bd98260749  (10 rows)
  [ERROR: 404 Client Error: Not Found for url: https://data.gov.au/api/3/action/package_show?id=stra] portal_cka_data_gov_au_0cb871caf2  (0 rows)
  [loaded                ] portal_cka_wprdc_allegheny_27d8bf386d  (11 rows)
  [loaded                ] portal_cka_western_pennsylv_ed5f10964e  (11 rows)
  [loaded                ] portal_cka_indiana_data_hub_77fcbc0131  (11 rows)
  [loaded                ] portal_cka_indiana_data_hub_517d2c08eb  (11 rows)
  [loaded                ] portal_cka_indiana_data_hub_6cff9e6a68  (12 rows)
  [loaded                ] portal_cka_indiana_data_hub_34b4dee108  (13 rows)
  [loaded                ] portal_cka_israel_national_479e4dc076  (13 rows)
  [ERROR: Expecting value: line 3 column 1 (char 2)] portal_cka_phoenix_open_dat_b5827b8bc9  (0 rows)
  [loaded                ] portal_cka_houston_open_dat_cfdcdf13fd  (15 rows)
  [loaded                ] portal_cka_houston_open_dat_f572136326  (15 rows)
  [loaded                ] portal_cka_indiana_data_hub_7f118fae1c  (15 rows)
  [loaded                ] portal_cka_houston_open_dat_7a8148751c  (15 rows)
  [loaded                ] portal_cka_houston_open_dat_19cbd263cc  (15 rows)
  [loaded                ] portal_cka_houston_open_dat_2e1926ecb2  (15 rows)
  [loaded                ] portal_cka_houston_open_dat_aa67e5b416  (15 rows)
  [loaded                ] portal_cka_houston_open_dat_1629ef6392  (15 rows)
  [loaded                ] portal_cka_houston_open_dat_bdf3a70a86  (15 rows)
  [ERROR: 404 Client Error: Not Found for url: https://open.canada.ca/api/3/action/package_show?id=7] portal_cka_open_government_b7feba4f9d  (0 rows)
  [loaded                ] portal_cka_western_pennsylv_d0e4884ea3  (15 rows)
  [loaded                ] portal_cka_wprdc_allegheny_52a0e51aca  (15 rows)
  [loaded                ] portal_cka_houston_open_dat_aeb065e230  (15 rows)
  [loaded                ] portal_cka_houston_open_dat_399393985d  (15 rows)
  [loaded                ] portal_cka_israel_national_94ce459e75  (16 rows)
  [loaded                ] portal_cka_israel_national_964780e58d  (17 rows)
  [loaded                ] portal_cka_israel_national_33baa6b58a  (17 rows)
  [loaded                ] portal_cka_california_open_dcaeba5312  (18 rows)
  [loaded                ] portal_cka_virginia_open_da_154b43ed61  (18 rows)
  [loaded                ] portal_cka_indiana_data_hub_8d92e2391e  (18 rows)
  [loaded                ] portal_cka_indiana_data_hub_71c6f53126  (18 rows)
  [loaded                ] portal_cka_indiana_data_hub_45d5d2f154  (20 rows)
  [loaded                ] portal_cka_indiana_data_hub_d0e8c9c66d  (20 rows)
  [loaded                ] portal_cka_indiana_data_hub_bf3b083e9d  (21 rows)
  [ERROR: 404 Client Error: Not Found for url: https://open.canada.ca/api/3/action/package_show?id=8] portal_cka_open_government_d7c7ebdd01  (0 rows)
  [ERROR: Expecting value: line 3 column 1 (char 2)] portal_cka_phoenix_open_dat_f749407b33  (0 rows)
  [loaded                ] portal_cka_california_open_3972a98745  (25 rows)
  [loaded                ] portal_cka_israel_national_f6de3cb3a1  (26 rows)
  [loaded                ] portal_cka_california_open_2d939c89a5  (27 rows)
  [loaded                ] portal_cka_tampa_open_data_3aa5c05b7d  (28 rows)
  [loaded                ] portal_cka_houston_open_dat_18a3ca22af  (28 rows)
  [loaded                ] portal_cka_houston_open_dat_09fd7e454a  (28 rows)
  [loaded                ] portal_cka_tampa_open_data_39c5b89d70  (29 rows)
  [ERROR: 404 Client Error: Not Found for url: https://data.gov.au/api/3/action/package_show?id=geel] portal_cka_data_gov_au_a9e37f595a  (0 rows)
  [ERROR: 404 Client Error: Not Found for url: https://open.canada.ca/api/3/action/package_show?id=7] portal_cka_open_government_d9cddd1190  (0 rows)
  [loaded                ] portal_cka_houston_open_dat_48b03033d3  (31 rows)
  [ERROR: 404 Client Error: Not Found for url: https://open.canada.ca/api/3/action/package_show?id=3] portal_cka_open_government_4176836243  (0 rows)
  [ERROR: Expecting value: line 3 column 1 (char 2)] portal_cka_phoenix_open_dat_591ca767bf  (0 rows)
  [ERROR: 404 Client Error: Not Found for url: https://open.canada.ca/api/3/action/package_show?id=b] portal_cka_open_government_81924903d4  (0 rows)
  [ERROR: 404 Client Error: Not Found for url: https://open.canada.ca/api/3/action/package_show?id=5] portal_cka_open_government_117c2d0e0f  (0 rows)
  [loaded                ] portal_cka_open_data_sa_fbab8e5e1e  (36 rows)
  [ERROR: 404 Client Error: Not Found for url: https://open.canada.ca/api/3/action/package_show?id=6] portal_cka_open_government_732571ee7d  (0 rows)
  [ERROR: 404 Client Error: Not Found for url: https://open.canada.ca/api/3/action/package_show?id=e] portal_cka_open_government_b700981316  (0 rows)
  [loaded                ] portal_cka_california_open_7f65d27db7  (71 rows)
  [ERROR: 404 Client Error: Not Found for url: https://open.canada.ca/api/3/action/package_show?id=f] portal_cka_open_government_56b2c98c18  (0 rows)
  [loaded                ] portal_cka_western_pennsylv_c7339fba3b  (40 rows)
  [loaded                ] portal_cka_wprdc_allegheny_ae7030c35b  (40 rows)
  [ERROR: 404 Client Error: Not Found for url: https://open.canada.ca/api/3/action/package_show?id=9] portal_cka_open_government_6ecc5cca9e  (0 rows)
  [loaded                ] portal_cka_virginia_open_da_803d29bfe0  (41 rows)
  [ERROR: 404 Client Error: Not Found for url: https://open.canada.ca/api/3/action/package_show?id=6] portal_cka_open_government_5f7ca1cf6e  (0 rows)
  [loaded                ] portal_cka_tampa_open_data_044202d137  (42 rows)
  [loaded                ] portal_cka_houston_open_dat_49ffab9edc  (42 rows)
  [loaded                ] portal_cka_israel_national_d762c7d9e9  (43 rows)
  [loaded                ] portal_cka_tampa_open_data_e00e42a7e9  (43 rows)
  [loaded                ] portal_cka_tampa_open_data_e290dd0b04  (44 rows)
  [ERROR: Expecting value: line 3 column 1 (char 2)] portal_cka_phoenix_open_dat_99e914a817  (0 rows)
  [loaded                ] portal_cka_israel_national_148fdfe63d  (45 rows)
  [loaded                ] portal_cka_open_data_sa_33173c8f40  (46 rows)
  [loaded                ] portal_cka_oklahoma_open_da_bb949bd77e  (48 rows)
  [loaded                ] portal_cka_israel_national_de246c30f5  (52 rows)
  [loaded                ] portal_cka_israel_national_2e5c5129dd  (54 rows)
  [loaded                ] portal_cka_california_open_bffafc771d  (55 rows)
  [loaded                ] portal_cka_san_jose_open_da_bbe1045a31  (56 rows)
  [ERROR: 404 Client Error: Not Found for url: https://data.gov.au/api/3/action/package_show?id=bbqs] portal_cka_data_gov_au_9c259aa4ef  (0 rows)
  [ERROR: 404 Client Error: Not Found for url: https://open.canada.ca/api/3/action/package_show?id=3] portal_cka_open_government_16ce041c71  (0 rows)
  [loaded                ] portal_cka_california_open_72414c64df  (58 rows)
  [loaded                ] portal_cka_san_jose_open_da_ba8cf13e13  (67 rows)
  [loaded                ] portal_cka_tampa_open_data_c8043a5df9  (69 rows)
  [ERROR: 404 Client Error: Not Found for url: https://open.canada.ca/api/3/action/package_show?id=d] portal_cka_open_government_326a821a69  (0 rows)
  [loaded                ] portal_cka_wprdc_allegheny_615c42bb56  (72 rows)
  [loaded                ] portal_cka_western_pennsylv_1a5ddb6efa  (72 rows)C:\Code\Ripple_v6\library-onboarding\ingest.py:895: UserWarning: Pandas Dataframe has non-standard index of type <class 'pandas.core.indexes.base.Index'> which will not be written. Consider changing the index to pd.RangeIndex(start=0,...,step=1) or call reset_index() to keep index as column(s)
  ok, _chunks, nrows, _ = write_pandas(
C:\Code\Ripple_v6\library-onboarding\ingest.py:895: UserWarning: Pandas Dataframe has non-standard index of type <class 'pandas.core.indexes.base.Index'> which will not be written. Consider changing the index to pd.RangeIndex(start=0,...,step=1) or call reset_index() to keep index as column(s)
  ok, _chunks, nrows, _ = write_pandas(

  [ERROR: 404 Client Error: Not Found for url: https://open.canada.ca/api/3/action/package_show?id=7] portal_cka_open_government_c1ce000bb2  (0 rows)
  [ERROR: 404 Client Error: Not Found for url: https://open.canada.ca/api/3/action/package_show?id=b] portal_cka_open_government_8a878bdad3  (0 rows)
  [ERROR: Expecting value: line 3 column 1 (char 2)] portal_cka_phoenix_open_dat_9533dabfd0  (0 rows)
  [loaded                ] portal_cka_indiana_data_hub_4cfffdcca9  (77 rows)
  [loaded                ] portal_cka_indiana_data_hub_ef21700614  (77 rows)
  [loaded                ] portal_cka_indiana_data_hub_63403b5ee5  (77 rows)
  [loaded                ] portal_cka_indiana_data_hub_948340249f  (77 rows)
  [loaded                ] portal_cka_indiana_data_hub_50eccf3529  (77 rows)
  [ERROR: 404 Client Error: Not Found for url: https://open.canada.ca/api/3/action/package_show?id=2] portal_cka_open_government_03b8d762c3  (0 rows)
  [loaded                ] portal_cka_tampa_open_data_eaee1e870c  (82 rows)
  [loaded                ] portal_cka_virginia_open_da_1f3259d1c8  (82 rows)
  [loaded                ] portal_cka_san_jose_open_da_c9d4859b38  (83 rows)
  [loaded                ] portal_cka_open_data_sa_8b475b44a2  (83 rows)
  [ERROR: 404 Client Error: Not Found for url: https://open.canada.ca/api/3/action/package_show?id=7] portal_cka_open_government_b51ceb39de  (0 rows)
  [ERROR: 404 Client Error: Not Found for url: https://data.gov.au/api/3/action/package_show?id=hbcc] portal_cka_data_gov_au_e6bce32429  (0 rows)
  [loaded                ] portal_cka_tampa_open_data_ddbaf3b966  (88 rows)
  [ERROR: Expecting value: line 3 column 1 (char 2)] portal_cka_phoenix_open_dat_8711d18a4b  (0 rows)
  [ERROR: 404 Client Error: Not Found for url: https://open.canada.ca/api/3/action/package_show?id=0] portal_cka_open_government_7dbcfd47d3  (0 rows)
  [loaded                ] portal_cka_san_jose_open_da_5c575bfeb9  (94 rows)
  [ERROR: 404 Client Error: Not Found for url: https://open.canada.ca/api/3/action/package_show?id=3] portal_cka_open_government_b3d65ff67a  (0 rows)
  [ERROR: 404 Client Error: Not Found for url: https://open.canada.ca/api/3/action/package_show?id=5] portal_cka_open_government_177b07e08c  (0 rows)
  [ERROR: Expecting value: line 3 column 1 (char 2)] portal_cka_phoenix_open_dat_fa9f6995e6  (0 rows)
  [ERROR: Expecting value: line 3 column 1 (char 2)] portal_cka_phoenix_open_dat_a85e4c0d79  (0 rows)
  [loaded                ] portal_cka_israel_national_b0e3b6b19b  (87 rows)
  [loaded                ] portal_cka_tampa_open_data_7b31b708c9  (104 rows)
  [ERROR: 404 Client Error: Not Found for url: https://open.canada.ca/api/3/action/package_show?id=2] portal_cka_open_government_a8d12de705  (0 rows)
  [loaded                ] portal_cka_tampa_open_data_a61789d619  (106 rows)
  [loaded                ] portal_cka_israel_national_5ab9e69a36  (106 rows)
  [ERROR: 404 Client Error: Not Found for url: https://open.canada.ca/api/3/action/package_show?id=5] portal_cka_open_government_2f47b5386d  (0 rows)
  [loaded                ] portal_cka_israel_national_5a45b45e6b  (110 rows)
  [ERROR: 404 Client Error: Not Found for url: https://open.canada.ca/api/3/action/package_show?id=b] portal_cka_open_government_6526eb8012  (0 rows)
  [loaded                ] portal_cka_virginia_open_da_e3c86f8b93  (123 rows)
  [ERROR: 404 Client Error: Not Found for url: https://open.canada.ca/api/3/action/package_show?id=4] portal_cka_open_government_a45c53d909  (0 rows)
  [loaded                ] portal_cka_san_jose_open_da_4218690bb6  (134 rows)
  [loaded                ] portal_cka_virginia_open_da_39c6e329f1  (136 rows)
  [ERROR: Expecting value: line 3 column 1 (char 2)] portal_cka_phoenix_open_dat_8b39f77f0e  (0 rows)
  [ERROR: Expecting value: line 3 column 1 (char 2)] portal_cka_phoenix_open_dat_51a04b306c  (0 rows)
  [ERROR: 404 Client Error: Not Found for url: https://open.canada.ca/api/3/action/package_show?id=1] portal_cka_open_government_7bb28dcff4  (0 rows)
  [ERROR: Expecting value: line 3 column 1 (char 2)] portal_cka_phoenix_open_dat_d94d7008af  (0 rows)
  [loaded                ] portal_cka_houston_open_dat_1439e11e74  (135 rows)
  [loaded                ] portal_cka_tampa_open_data_2ff7ba4861  (150 rows)
  [loaded                ] portal_cka_israel_national_3f4b3f41be  (150 rows)
  [loaded                ] portal_cka_san_jose_open_da_0aae3b04a3  (140 rows)
  [ERROR: Expecting value: line 3 column 1 (char 2)] portal_cka_phoenix_open_dat_d2516170aa  (0 rows)
  [loaded                ] portal_cka_open_data_sa_650a56f29c  (156 rows)
  [ERROR: Expecting value: line 3 column 1 (char 2)] portal_cka_phoenix_open_dat_65c17c6f30  (0 rows)
  [ERROR: Expecting value: line 3 column 1 (char 2)] portal_cka_phoenix_open_dat_791c961390  (0 rows)
  [ERROR: 404 Client Error: Not Found for url: https://open.canada.ca/api/3/action/package_show?id=2] portal_cka_open_government_92c5e2cd1f  (0 rows)
  [ERROR: Expecting value: line 3 column 1 (char 2)] portal_cka_phoenix_open_dat_bbc6edb91d  (0 rows)
  [loaded                ] portal_cka_western_pennsylv_6519eacd82  (179 rows)
  [loaded                ] portal_cka_wprdc_allegheny_eec7410b74  (179 rows)
  [ERROR: 404 Client Error: Not Found for url: https://open.canada.ca/api/3/action/package_show?id=7] portal_cka_open_government_efec21dff7  (0 rows)
  [ERROR: 404 Client Error: Not Found for url: https://open.canada.ca/api/3/action/package_show?id=8] portal_cka_open_government_5150192b06  (0 rows)
  [ERROR: Expecting value: line 3 column 1 (char 2)] portal_cka_phoenix_open_dat_671e9954fc  (0 rows)
  [ERROR: Expecting value: line 3 column 1 (char 2)] portal_cka_phoenix_open_dat_68c85bff0c  (0 rows)
  [ERROR: 404 Client Error: Not Found for url: https://open.canada.ca/api/3/action/package_show?id=e] portal_cka_open_government_c0e4846944  (0 rows)
  [loaded                ] portal_cka_wprdc_allegheny_46c43d5623  (205 rows)
  [loaded                ] portal_cka_western_pennsylv_f1230a63da  (205 rows)
  [ERROR: 404 Client Error: Not Found for url: https://open.canada.ca/api/3/action/package_show?id=2] portal_cka_open_government_b71503252b  (0 rows)
  [loaded                ] portal_cka_tampa_open_data_06c9cc7276  (221 rows)
  [loaded                ] portal_cka_tampa_open_data_e589c6750a  (218 rows)
  [loaded                ] portal_cka_israel_national_936e1a0ba2  (223 rows)
  [ERROR: 404 Client Error: Not Found for url: https://open.canada.ca/api/3/action/package_show?id=9] portal_cka_open_government_af96a315bc  (0 rows)
  [ERROR: 404 Client Error: Not Found for url: https://open.canada.ca/api/3/action/package_show?id=c] portal_cka_open_government_67a5dac629  (0 rows)
  [loaded                ] portal_cka_tampa_open_data_3dae51799d  (266 rows)
  [loaded                ] portal_cka_wprdc_allegheny_55c0e96166  (276 rows)
  [loaded                ] portal_cka_western_pennsylv_3bc0395530  (276 rows)
  [loaded                ] portal_cka_open_data_sa_d4d6661d85  (292 rows)
  [ERROR: 404 Client Error: Not Found for url: https://open.canada.ca/api/3/action/package_show?id=e] portal_cka_open_government_8e0dad0684  (0 rows)
  [ERROR: Expecting value: line 3 column 1 (char 2)] portal_cka_phoenix_open_dat_48aed40d48  (0 rows)
  [loaded                ] portal_cka_indiana_data_hub_4f4ec0066b  (306 rows)
  [loaded                ] portal_cka_tampa_open_data_8b7716d270  (316 rows)
  [loaded                ] portal_cka_open_data_sa_7073b94b84  (318 rows)
  [loaded                ] portal_cka_israel_national_d4f3080d38  (316 rows)
  [ERROR: 404 Client Error: Not Found for url: https://open.canada.ca/api/3/action/package_show?id=7] portal_cka_open_government_2c8319cba7  (0 rows)
  [ERROR: 404 Client Error: Not Found for url: https://open.canada.ca/api/3/action/package_show?id=3] portal_cka_open_government_6bc41bf57f  (0 rows)
  [loaded                ] portal_cka_california_open_016fce0e20  (353 rows)
  [loaded                ] portal_cka_israel_national_36f3314f93  (340 rows)
  [loaded                ] portal_cka_tampa_open_data_31262c6d5a  (348 rows)
  [ERROR: 404 Client Error: Not Found for url: https://open.canada.ca/api/3/action/package_show?id=5] portal_cka_open_government_a04679b1a4  (0 rows)C:\Code\Ripple_v6\library-onboarding\ingest.py:895: UserWarning: Pandas Dataframe has non-standard index of type <class 'pandas.core.indexes.base.Index'> which will not be written. Consider changing the index to pd.RangeIndex(start=0,...,step=1) or call reset_index() to keep index as column(s)
  ok, _chunks, nrows, _ = write_pandas(
C:\Code\Ripple_v6\library-onboarding\ingest.py:895: UserWarning: Pandas Dataframe has non-standard index of type <class 'pandas.core.indexes.base.Index'> which will not be written. Consider changing the index to pd.RangeIndex(start=0,...,step=1) or call reset_index() to keep index as column(s)
  ok, _chunks, nrows, _ = write_pandas(
C:\Code\Ripple_v6\library-onboarding\ingest.py:895: UserWarning: Pandas Dataframe has non-standard index of type <class 'pandas.core.indexes.base.Index'> which will not be written. Consider changing the index to pd.RangeIndex(start=0,...,step=1) or call reset_index() to keep index as column(s)
  ok, _chunks, nrows, _ = write_pandas(
C:\Code\Ripple_v6\library-onboarding\ingest.py:895: UserWarning: Pandas Dataframe has non-standard index of type <class 'pandas.core.indexes.base.Index'> which will not be written. Consider changing the index to pd.RangeIndex(start=0,...,step=1) or call reset_index() to keep index as column(s)
  ok, _chunks, nrows, _ = write_pandas(
C:\Code\Ripple_v6\library-onboarding\ingest.py:895: UserWarning: Pandas Dataframe has non-standard index of type <class 'pandas.core.indexes.base.Index'> which will not be written. Consider changing the index to pd.RangeIndex(start=0,...,step=1) or call reset_index() to keep index as column(s)
  ok, _chunks, nrows, _ = write_pandas(
C:\Code\Ripple_v6\library-onboarding\ingest.py:895: UserWarning: Pandas Dataframe has non-standard index of type <class 'pandas.core.indexes.base.Index'> which will not be written. Consider changing the index to pd.RangeIndex(start=0,...,step=1) or call reset_index() to keep index as column(s)
  ok, _chunks, nrows, _ = write_pandas(
C:\Code\Ripple_v6\library-onboarding\ingest.py:895: UserWarning: Pandas Dataframe has non-standard index of type <class 'pandas.core.indexes.base.Index'> which will not be written. Consider changing the index to pd.RangeIndex(start=0,...,step=1) or call reset_index() to keep index as column(s)
  ok, _chunks, nrows, _ = write_pandas(
C:\Code\Ripple_v6\library-onboarding\ingest.py:895: UserWarning: Pandas Dataframe has non-standard index of type <class 'pandas.core.indexes.base.Index'> which will not be written. Consider changing the index to pd.RangeIndex(start=0,...,step=1) or call reset_index() to keep index as column(s)
  ok, _chunks, nrows, _ = write_pandas(
C:\Code\Ripple_v6\library-onboarding\ingest.py:895: UserWarning: Pandas Dataframe has non-standard index of type <class 'pandas.core.indexes.base.Index'> which will not be written. Consider changing the index to pd.RangeIndex(start=0,...,step=1) or call reset_index() to keep index as column(s)
  ok, _chunks, nrows, _ = write_pandas(
C:\Code\Ripple_v6\library-onboarding\ingest.py:895: UserWarning: Pandas Dataframe has non-standard index of type <class 'pandas.core.indexes.base.Index'> which will not be written. Consider changing the index to pd.RangeIndex(start=0,...,step=1) or call reset_index() to keep index as column(s)
  ok, _chunks, nrows, _ = write_pandas(

  [ERROR: 404 Client Error: Not Found for url: https://open.canada.ca/api/3/action/package_show?id=1] portal_cka_open_government_12f59fbc72  (0 rows)
  [loaded                ] portal_cka_israel_national_23ec89fe35  (364 rows)
  [loaded                ] portal_cka_israel_national_f758e5d16e  (368 rows)
  [loaded                ] portal_cka_oklahoma_open_da_8f8a85793f  (347 rows)
  [loaded                ] portal_cka_open_data_sa_4b1a24aa85  (370 rows)
  [loaded                ] portal_cka_california_open_09f2ecf408  (380 rows)
  [loaded                ] portal_cka_analyze_boston_5544aba2e2  (391 rows)
  [loaded                ] portal_cka_oklahoma_open_da_9f748576a8  (392 rows)
  [ERROR: 404 Client Error: Not Found for url: https://open.canada.ca/api/3/action/package_show?id=a] portal_cka_open_government_029a6acc04  (0 rows)
  [ERROR: 404 Client Error: Not Found for url: https://open.canada.ca/api/3/action/package_show?id=f] portal_cka_open_government_02997b71fa  (0 rows)
  [ERROR: 404 Client Error: Not Found for url: https://open.canada.ca/api/3/action/package_show?id=6] portal_cka_open_government_65895cccc3  (0 rows)
  [ERROR: 404 Client Error: Not Found for url: https://open.canada.ca/api/3/action/package_show?id=c] portal_cka_open_government_6a2475687c  (0 rows)
  [loaded                ] portal_cka_israel_national_37143e478a  (648 rows)
  [ERROR: 404 Client Error: Not Found for url: https://open.canada.ca/api/3/action/package_show?id=9] portal_cka_open_government_1bfac2ceea  (0 rows)
  [loaded                ] portal_cka_tampa_open_data_6c25ea91d4  (443 rows)
  [loaded                ] portal_cka_israel_national_b87c2b5695  (446 rows)
  [loaded                ] portal_cka_oklahoma_open_da_b2751a2821  (442 rows)
  [loaded                ] portal_cka_san_jose_open_da_2a3b7a30d6  (513 rows)
  [loaded                ] portal_cka_tampa_open_data_6a2b19fd67  (477 rows)
  [ERROR: 404 Client Error: Not Found for url: https://open.canada.ca/api/3/action/package_show?id=7] portal_cka_open_government_3b9505073d  (0 rows)
  [ERROR: 404 Client Error: Not Found for url: https://open.canada.ca/api/3/action/package_show?id=7] portal_cka_open_government_4c535feeb4  (0 rows)
  [loaded                ] portal_cka_analyze_boston_3947f1d3d1  (664 rows)
  [ERROR: 404 Client Error: Not Found for url: https://open.canada.ca/api/3/action/package_show?id=b] portal_cka_open_government_a4757efc58  (0 rows)
  [loaded                ] portal_cka_israel_national_da9560f407  (506 rows)
  [loaded                ] portal_cka_virginia_open_da_a1b2888c0a  (518 rows)
  [loaded                ] portal_cka_california_open_3501b678fa  (572 rows)
  [loaded                ] portal_cka_wprdc_allegheny_f727ac582e  (563 rows)
  [loaded                ] portal_cka_western_pennsylv_abefc58c3e  (563 rows)
  [loaded                ] portal_cka_virginia_open_da_11b79485f6  (554 rows)
  [loaded                ] portal_cka_israel_national_878a0365b9  (564 rows)
  [loaded                ] portal_cka_san_jose_open_da_b5eb095bc3  (575 rows)
  [loaded                ] portal_cka_houston_open_dat_9a02a5cfc0  (587 rows)
  [loaded                ] portal_cka_tampa_open_data_485b900d71  (604 rows)
  [loaded                ] portal_cka_israel_national_0010f646f4  (596 rows)
  [ERROR: 404 Client Error: Not Found for url: https://data.gov.au/api/3/action/package_show?id=geel] portal_cka_data_gov_au_28ea51ac5f  (0 rows)
  [loaded                ] portal_cka_indiana_data_hub_d718232fbc  (603 rows)
  [loaded                ] portal_cka_open_data_sa_bc29dffc76  (617 rows)
  [loaded                ] portal_cka_tampa_open_data_662d0d6bcb  (694 rows)
  [loaded                ] portal_cka_california_open_f8f7b5716b  (808 rows)
  [loaded                ] portal_cka_israel_national_6fbfbf9298  (702 rows)
  [ERROR: Expecting value: line 3 column 1 (char 2)] portal_cka_phoenix_open_dat_3044d5ebb9  (0 rows)
  [ERROR: Expecting value: line 3 column 1 (char 2)] portal_cka_phoenix_open_dat_577bacf96e  (0 rows)
  [loaded                ] portal_cka_california_open_4789f4fdc3  (805 rows)
  [loaded                ] portal_cka_indiana_data_hub_fd8fce5dea  (797 rows)
  [loaded                ] portal_cka_open_data_sa_146ebe0cc0  (816 rows)
  [loaded                ] portal_cka_tampa_open_data_456ec0addb  (829 rows)
  [loaded                ] portal_cka_israel_national_ee52e94997  (864 rows)
  [ERROR: 404 Client Error: Not Found for url: https://open.canada.ca/api/3/action/package_show?id=b] portal_cka_open_government_f909dab4a2  (0 rows)
  [loaded                ] portal_cka_tampa_open_data_18b980d54d  (952 rows)
  [loaded                ] portal_cka_california_open_94c5c44a4f  (999 rows)
  [loaded                ] portal_cka_israel_national_d8977c1891  (1029 rows)
  [loaded                ] portal_cka_houston_open_dat_fb1f968c19  (1027 rows)
  [loaded                ] portal_cka_wprdc_allegheny_4fc34000ce  (1044 rows)
  [loaded                ] portal_cka_western_pennsylv_03fa5ab0c2  (1044 rows)
  [loaded                ] portal_cka_israel_national_e2dd642689  (1059 rows)
  [ERROR: Expecting value: line 3 column 1 (char 2)] portal_cka_phoenix_open_dat_2722b21bcc  (0 rows)
  [loaded                ] portal_cka_oklahoma_open_da_9f247d2153  (1094 rows)
  [loaded                ] portal_cka_oklahoma_open_da_bdc41752a1  (1112 rows)
  [loaded                ] portal_cka_oklahoma_open_da_07a59969f7  (1115 rows)
  [ERROR: Expecting value: line 3 column 1 (char 2)] portal_cka_phoenix_open_dat_bef719d98f  (0 rows)
  [loaded                ] portal_cka_israel_national_5a78e186da  (1092 rows)
  [loaded                ] portal_cka_oklahoma_open_da_840020a9de  (1175 rows)
  [loaded                ] portal_cka_oklahoma_open_da_ab49b627ef  (1187 rows)
  [loaded                ] portal_cka_ireland_national_f2efde1a8c  (1206 rows)
  [loaded                ] portal_cka_oklahoma_open_da_fe586f412b  (1283 rows)
  [loaded                ] portal_cka_israel_national_916719ecc6  (1294 rows)
  [ERROR: 404 Client Error: Not Found for url: https://data.gov.au/api/3/action/package_show?id=acnc] portal_cka_data_gov_au_b3e3c4f3e0  (0 rows)
  [loaded                ] portal_cka_oklahoma_open_da_96b2c45728  (1349 rows)
  [ERROR: 404 Client Error: Not Found for url: https://data.gov.au/api/3/action/package_show?id=acnc] portal_cka_data_gov_au_1042d232c9  (0 rows)
  [ERROR: Expecting value: line 3 column 1 (char 2)] portal_cka_phoenix_open_dat_8cae10e291  (0 rows)
  [loaded                ] portal_cka_oklahoma_open_da_e7e7a9c70c  (1374 rows)
  [loaded                ] portal_cka_oklahoma_open_da_f095948ac7  (1374 rows)
  [loaded                ] portal_cka_ireland_national_8b963015f5  (1376 rows)
  [loaded                ] portal_cka_oklahoma_open_da_6382f88afe  (1382 rows)
  [loaded                ] portal_cka_oklahoma_open_da_5ede090003  (1401 rows)
  [loaded                ] portal_cka_oklahoma_open_da_46271d5059  (1403 rows)
  [loaded                ] portal_cka_oklahoma_open_da_2fb541d487  (1431 rows)
  [ERROR: Expecting value: line 3 column 1 (char 2)] portal_cka_phoenix_open_dat_e0a69628df  (0 rows)
  [loaded                ] portal_cka_israel_national_3319ebf0c5  (1519 rows)
  [ERROR: 404 Client Error: Not Found for url: https://data.gov.au/api/3/action/package_show?id=grif] portal_cka_data_gov_au_697023e6a4  (0 rows)
  [loaded                ] portal_cka_tampa_open_data_33f54db74c  (1571 rows)
  [ERROR: 404 Client Error: Not Found for url: https://open.canada.ca/api/3/action/package_show?id=e] portal_cka_open_government_3b6e87c016  (0 rows)
  [ERROR: Expecting value: line 3 column 1 (char 2)] portal_cka_phoenix_open_dat_73563c5bce  (0 rows)
  [loaded                ] portal_cka_wprdc_allegheny_eef5b53bc5  (1792 rows)
  [loaded                ] portal_cka_western_pennsylv_152133d5ed  (1792 rows)
  [loaded                ] portal_cka_virginia_open_da_4e05a500e2  (1882 rows)
  [loaded                ] portal_cka_california_open_07d8d8e651  (1950 rows)
  [loaded                ] portal_cka_israel_national_0bd41805c9  (1967 rows)
  [loaded                ] portal_cka_israel_national_bd42818fc5  (2139 rows)C:\Code\Ripple_v6\library-onboarding\ingest.py:895: UserWarning: Pandas Dataframe has non-standard index of type <class 'pandas.core.indexes.base.Index'> which will not be written. Consider changing the index to pd.RangeIndex(start=0,...,step=1) or call reset_index() to keep index as column(s)
  ok, _chunks, nrows, _ = write_pandas(
C:\Code\Ripple_v6\library-onboarding\ingest.py:895: UserWarning: Pandas Dataframe has non-standard index of type <class 'pandas.core.indexes.base.Index'> which will not be written. Consider changing the index to pd.RangeIndex(start=0,...,step=1) or call reset_index() to keep index as column(s)
  ok, _chunks, nrows, _ = write_pandas(
C:\Code\Ripple_v6\library-onboarding\ingest.py:895: UserWarning: Pandas Dataframe has non-standard index of type <class 'pandas.core.indexes.base.Index'> which will not be written. Consider changing the index to pd.RangeIndex(start=0,...,step=1) or call reset_index() to keep index as column(s)
  ok, _chunks, nrows, _ = write_pandas(
C:\Code\Ripple_v6\library-onboarding\ingest.py:895: UserWarning: Pandas Dataframe has non-standard index of type <class 'pandas.core.indexes.base.Index'> which will not be written. Consider changing the index to pd.RangeIndex(start=0,...,step=1) or call reset_index() to keep index as column(s)
  ok, _chunks, nrows, _ = write_pandas(
C:\Code\Ripple_v6\library-onboarding\ingest.py:895: UserWarning: Pandas Dataframe has non-standard index of type <class 'pandas.core.indexes.base.Index'> which will not be written. Consider changing the index to pd.RangeIndex(start=0,...,step=1) or call reset_index() to keep index as column(s)
  ok, _chunks, nrows, _ = write_pandas(
C:\Code\Ripple_v6\library-onboarding\ingest.py:895: UserWarning: Pandas Dataframe has non-standard index of type <class 'pandas.core.indexes.base.Index'> which will not be written. Consider changing the index to pd.RangeIndex(start=0,...,step=1) or call reset_index() to keep index as column(s)
  ok, _chunks, nrows, _ = write_pandas(
C:\Code\Ripple_v6\library-onboarding\ingest.py:895: UserWarning: Pandas Dataframe has non-standard index of type <class 'pandas.core.indexes.base.Index'> which will not be written. Consider changing the index to pd.RangeIndex(start=0,...,step=1) or call reset_index() to keep index as column(s)
  ok, _chunks, nrows, _ = write_pandas(
C:\Code\Ripple_v6\library-onboarding\ingest.py:895: UserWarning: Pandas Dataframe has non-standard index of type <class 'pandas.core.indexes.base.Index'> which will not be written. Consider changing the index to pd.RangeIndex(start=0,...,step=1) or call reset_index() to keep index as column(s)
  ok, _chunks, nrows, _ = write_pandas(
C:\Code\Ripple_v6\library-onboarding\ingest.py:895: UserWarning: Pandas Dataframe has non-standard index of type <class 'pandas.core.indexes.base.Index'> which will not be written. Consider changing the index to pd.RangeIndex(start=0,...,step=1) or call reset_index() to keep index as column(s)
  ok, _chunks, nrows, _ = write_pandas(
C:\Code\Ripple_v6\library-onboarding\ingest.py:895: UserWarning: Pandas Dataframe has non-standard index of type <class 'pandas.core.indexes.base.Index'> which will not be written. Consider changing the index to pd.RangeIndex(start=0,...,step=1) or call reset_index() to keep index as column(s)
  ok, _chunks, nrows, _ = write_pandas(
C:\Code\Ripple_v6\library-onboarding\ingest.py:895: UserWarning: Pandas Dataframe has non-standard index of type <class 'pandas.core.indexes.base.Index'> which will not be written. Consider changing the index to pd.RangeIndex(start=0,...,step=1) or call reset_index() to keep index as column(s)
  ok, _chunks, nrows, _ = write_pandas(

  [loaded                ] portal_cka_houston_open_dat_07c9c99eb1  (2216 rows)
  [ERROR: 404 Client Error: Not Found for url: https://data.gov.au/api/3/action/package_show?id=nsw-] portal_cka_data_gov_au_a672332626  (0 rows)
  [loaded                ] portal_cka_houston_open_dat_824d8a7b02  (2310 rows)
  [ERROR: Expecting value: line 3 column 1 (char 2)] portal_cka_phoenix_open_dat_0ba00748a2  (0 rows)
  [loaded                ] portal_cka_israel_national_973eee3e46  (2352 rows)
  [loaded                ] portal_cka_tampa_open_data_9909aa9ed8  (2392 rows)
  [loaded                ] portal_cka_california_open_ad71d0ffde  (2378 rows)
  [loaded                ] portal_cka_san_jose_open_da_d35d991fba  (2432 rows)
  [loaded                ] portal_cka_houston_open_dat_1e1227f82a  (2049 rows)
  [loaded                ] portal_cka_open_data_sa_6ce5e8b218  (2430 rows)
  [loaded                ] portal_cka_israel_national_44788840fc  (2551 rows)
  [loaded                ] portal_cka_analyze_boston_db1aefd5b6  (2634 rows)
  [loaded                ] portal_cka_oklahoma_open_da_67dc405ee6  (2802 rows)
  [loaded                ] portal_cka_israel_national_12c20cdac2  (2852 rows)
  [loaded                ] portal_cka_western_pennsylv_769bebae41  (2897 rows)
  [loaded                ] portal_cka_wprdc_allegheny_4597fbdfe3  (2897 rows)
  [loaded                ] portal_cka_israel_national_ed3df4543b  (3019 rows)
  [loaded                ] portal_cka_tampa_open_data_08860f4f6e  (3033 rows)
  [loaded                ] portal_cka_ireland_national_7b813f1d72  (3054 rows)
  [ERROR: 404 Client Error: Not Found for url: https://avoindata.suomi.fi:443/api/3/action/package_s] portal_cka_finland_national_6fbab4b941  (0 rows)
  [loaded                ] portal_cka_tampa_open_data_710a91a2fd  (3464 rows)
  [loaded                ] portal_cka_ireland_national_dc8e6f93c3  (3518 rows)
  [loaded                ] portal_cka_houston_open_dat_aefb1b6a56  (3524 rows)
  [loaded                ] portal_cka_houston_open_dat_0a6665137f  (3524 rows)
  [loaded                ] portal_cka_houston_open_dat_442a765041  (3524 rows)
  [loaded                ] portal_cka_houston_open_dat_ebcdf36b9e  (3524 rows)
  [loaded                ] portal_cka_houston_open_dat_4df426d97d  (3524 rows)
  [loaded                ] portal_cka_houston_open_dat_583918009f  (3524 rows)
  [loaded                ] portal_cka_houston_open_dat_405fbdb44a  (3524 rows)
  [loaded                ] portal_cka_houston_open_dat_6082321c0c  (3524 rows)
  [loaded                ] portal_cka_houston_open_dat_501ee45dc7  (3524 rows)
  [loaded                ] portal_cka_houston_open_dat_95cc6891bd  (3524 rows)
  [loaded                ] portal_cka_houston_open_dat_092dc52bc1  (3524 rows)
  [loaded                ] portal_cka_analyze_boston_acca0df381  (3758 rows)
  [loaded                ] portal_cka_israel_national_07ec1af377  (3873 rows)
  [loaded                ] portal_cka_israel_national_05cd5564c6  (3810 rows)
  [loaded                ] portal_cka_indiana_data_hub_56bfd51405  (4175 rows)
  [loaded                ] portal_cka_oklahoma_open_da_6b2f35d72c  (4197 rows)
  [ERROR: 404 Client Error: Not Found for url: https://open.canada.ca/api/3/action/package_show?id=8] portal_cka_open_government_6e31cde50a  (0 rows)
  [ERROR: Expecting value: line 3 column 1 (char 2)] portal_cka_phoenix_open_dat_0e28e0fc2b  (0 rows)
  [ERROR: Expecting value: line 3 column 1 (char 2)] portal_cka_phoenix_open_dat_ee59e299f8  (0 rows)
  [ERROR: 404 Client Error: Not Found for url: https://open.canada.ca/api/3/action/package_show?id=4] portal_cka_open_government_c1f23dc305  (0 rows)
  [loaded                ] portal_cka_virginia_open_da_97ad4bc66c  (4457 rows)
  [loaded                ] portal_cka_california_open_782f060364  (4595 rows)
  [loaded                ] portal_cka_houston_open_dat_bc15145e45  (4655 rows)
  [ERROR: 404 Client Error: Not Found for url: https://open.canada.ca/api/3/action/package_show?id=3] portal_cka_open_government_c45633315e  (0 rows)
  [loaded                ] portal_cka_tampa_open_data_35b3415bb7  (4767 rows)
  [ERROR: Expecting value: line 3 column 1 (char 2)] portal_cka_phoenix_open_dat_e36c267218  (0 rows)
  [loaded                ] portal_cka_indiana_data_hub_e1074f0714  (4785 rows)
  [loaded                ] portal_cka_israel_national_6a3dec66ca  (4812 rows)
  [loaded                ] portal_cka_houston_open_dat_5848c85560  (5060 rows)
  [loaded                ] portal_cka_israel_national_f1419d1386  (5065 rows)
  [ERROR: 404 Client Error: Not Found for url: https://open.canada.ca/api/3/action/package_show?id=e] portal_cka_open_government_87aa0f51d3  (0 rows)
  [loaded                ] portal_cka_israel_national_e9c63efcda  (5356 rows)
  [loaded                ] portal_cka_wprdc_allegheny_3ac597333e  (5410 rows)
  [loaded                ] portal_cka_western_pennsylv_a1b3bc6c07  (5410 rows)
  [loaded                ] portal_cka_wprdc_allegheny_b10f4b5c32  (5534 rows)
  [loaded                ] portal_cka_western_pennsylv_09ab742fe8  (5534 rows)
  [ERROR: 404 Client Error: Not Found for url: https://open.canada.ca/api/3/action/package_show?id=1] portal_cka_open_government_10178e2308  (0 rows)
  [loaded                ] portal_cka_ireland_national_f340fb5cbd  (6126 rows)
  [loaded                ] portal_cka_houston_open_dat_76e445329f  (4308 rows)
  [loaded                ] portal_cka_california_open_878e5cbec3  (6950 rows)
  [loaded                ] portal_cka_california_open_d8c67a34a8  (7291 rows)
  [loaded                ] portal_cka_san_jose_open_da_395812e4d0  (7404 rows)
  [loaded                ] portal_cka_israel_national_55d94b871e  (7494 rows)
  [loaded                ] portal_cka_israel_national_32cf786f4c  (7534 rows)
  [loaded                ] portal_cka_virginia_open_da_c06203327d  (7752 rows)
  [loaded                ] portal_cka_israel_national_4145ff0883  (7877 rows)
  [ERROR: 404 Client Error: Not Found for url: https://data.gov.au/api/3/action/package_show?id=sout] portal_cka_data_gov_au_ef33a1b524  (0 rows)
  [ERROR: 404 Client Error: Not Found for url: https://open.canada.ca/api/3/action/package_show?id=a] portal_cka_open_government_1a27783ec3  (0 rows)
  [ERROR: 404 Client Error: Not Found for url: https://data.gov.au/api/3/action/package_show?id=slq-] portal_cka_data_gov_au_dbb376bb28  (0 rows)
  [loaded                ] portal_cka_israel_national_3ef90f6eef  (8388 rows)
  [loaded                ] portal_cka_open_data_sa_529bdbcd10  (8640 rows)
  [loaded                ] portal_cka_israel_national_7362ebc06f  (9081 rows)
  [loaded                ] portal_cka_israel_national_b37ba647d0  (9000 rows)
  [loaded                ] portal_cka_oklahoma_open_da_22a43dbe5f  (9465 rows)
  [loaded                ] portal_cka_israel_national_612d5c06c4  (9631 rows)
  [ERROR: 404 Client Error: Not Found for url: https://open.canada.ca/api/3/action/package_show?id=a] portal_cka_open_government_cf97ccac51  (0 rows)
  [loaded                ] portal_cka_san_jose_open_da_981e07d5db  (10000 rows)
  [loaded                ] portal_cka_virginia_open_da_ae7dccb05b  (10000 rows)
  [loaded                ] portal_cka_israel_national_da3ca6db5d  (10000 rows)
  [loaded                ] portal_cka_san_jose_open_da_ed235b292f  (10000 rows)
  [ERROR: 404 Client Error: Not Found for url: https://data.gov.au/api/3/action/package_show?id=tcc-] portal_cka_data_gov_au_ffb1e9c143  (0 rows)
  [loaded                ] portal_cka_wprdc_allegheny_cda9e537dc  (10000 rows)
  [loaded                ] portal_cka_western_pennsylv_d7da51769c  (10000 rows)
  [loaded                ] portal_cka_houston_open_dat_21ff930703  (10000 rows)
  [loaded                ] portal_cka_indiana_data_hub_90026d479a  (10000 rows)
  [loaded                ] portal_cka_houston_open_dat_e748ac9e19  (10000 rows)
  [loaded                ] portal_cka_california_open_59afd10b01  (10000 rows)
  [loaded                ] portal_cka_analyze_boston_94ae63a33f  (10000 rows)
  [loaded                ] portal_cka_san_jose_open_da_9e7f660889  (10000 rows)
  [loaded                ] portal_cka_oklahoma_open_da_5869531ec6  (10000 rows)C:\Code\Ripple_v6\library-onboarding\ingest.py:895: UserWarning: Pandas Dataframe has non-standard index of type <class 'pandas.core.indexes.base.Index'> which will not be written. Consider changing the index to pd.RangeIndex(start=0,...,step=1) or call reset_index() to keep index as column(s)
  ok, _chunks, nrows, _ = write_pandas(
C:\Code\Ripple_v6\library-onboarding\ingest.py:895: UserWarning: Pandas Dataframe has non-standard index of type <class 'pandas.core.indexes.base.Index'> which will not be written. Consider changing the index to pd.RangeIndex(start=0,...,step=1) or call reset_index() to keep index as column(s)
  ok, _chunks, nrows, _ = write_pandas(
C:\Code\Ripple_v6\library-onboarding\ingest.py:895: UserWarning: Pandas Dataframe has non-standard index of type <class 'pandas.core.indexes.base.Index'> which will not be written. Consider changing the index to pd.RangeIndex(start=0,...,step=1) or call reset_index() to keep index as column(s)
  ok, _chunks, nrows, _ = write_pandas(
C:\Code\Ripple_v6\library-onboarding\ingest.py:895: UserWarning: Pandas Dataframe has non-standard index of type <class 'pandas.core.indexes.base.Index'> which will not be written. Consider changing the index to pd.RangeIndex(start=0,...,step=1) or call reset_index() to keep index as column(s)
  ok, _chunks, nrows, _ = write_pandas(
C:\Code\Ripple_v6\library-onboarding\ingest.py:895: UserWarning: Pandas Dataframe has non-standard index of type <class 'pandas.core.indexes.base.Index'> which will not be written. Consider changing the index to pd.RangeIndex(start=0,...,step=1) or call reset_index() to keep index as column(s)
  ok, _chunks, nrows, _ = write_pandas(
C:\Code\Ripple_v6\library-onboarding\ingest.py:895: UserWarning: Pandas Dataframe has non-standard index of type <class 'pandas.core.indexes.base.Index'> which will not be written. Consider changing the index to pd.RangeIndex(start=0,...,step=1) or call reset_index() to keep index as column(s)
  ok, _chunks, nrows, _ = write_pandas(
C:\Code\Ripple_v6\library-onboarding\ingest.py:895: UserWarning: Pandas Dataframe has non-standard index of type <class 'pandas.core.indexes.base.Index'> which will not be written. Consider changing the index to pd.RangeIndex(start=0,...,step=1) or call reset_index() to keep index as column(s)
  ok, _chunks, nrows, _ = write_pandas(
C:\Code\Ripple_v6\library-onboarding\ingest.py:895: UserWarning: Pandas Dataframe has non-standard index of type <class 'pandas.core.indexes.base.Index'> which will not be written. Consider changing the index to pd.RangeIndex(start=0,...,step=1) or call reset_index() to keep index as column(s)
  ok, _chunks, nrows, _ = write_pandas(
C:\Code\Ripple_v6\library-onboarding\ingest.py:895: UserWarning: Pandas Dataframe has non-standard index of type <class 'pandas.core.indexes.base.Index'> which will not be written. Consider changing the index to pd.RangeIndex(start=0,...,step=1) or call reset_index() to keep index as column(s)
  ok, _chunks, nrows, _ = write_pandas(
C:\Code\Ripple_v6\library-onboarding\ingest.py:895: UserWarning: Pandas Dataframe has non-standard index of type <class 'pandas.core.indexes.base.Index'> which will not be written. Consider changing the index to pd.RangeIndex(start=0,...,step=1) or call reset_index() to keep index as column(s)
  ok, _chunks, nrows, _ = write_pandas(
C:\Code\Ripple_v6\library-onboarding\ingest.py:895: UserWarning: Pandas Dataframe has non-standard index of type <class 'pandas.core.indexes.base.Index'> which will not be written. Consider changing the index to pd.RangeIndex(start=0,...,step=1) or call reset_index() to keep index as column(s)
  ok, _chunks, nrows, _ = write_pandas(
C:\Code\Ripple_v6\library-onboarding\ingest.py:895: UserWarning: Pandas Dataframe has non-standard index of type <class 'pandas.core.indexes.base.Index'> which will not be written. Consider changing the index to pd.RangeIndex(start=0,...,step=1) or call reset_index() to keep index as column(s)
  ok, _chunks, nrows, _ = write_pandas(
C:\Code\Ripple_v6\library-onboarding\ingest.py:895: UserWarning: Pandas Dataframe has non-standard index of type <class 'pandas.core.indexes.base.Index'> which will not be written. Consider changing the index to pd.RangeIndex(start=0,...,step=1) or call reset_index() to keep index as column(s)
  ok, _chunks, nrows, _ = write_pandas(
C:\Code\Ripple_v6\library-onboarding\ingest.py:895: UserWarning: Pandas Dataframe has non-standard index of type <class 'pandas.core.indexes.base.Index'> which will not be written. Consider changing the index to pd.RangeIndex(start=0,...,step=1) or call reset_index() to keep index as column(s)
  ok, _chunks, nrows, _ = write_pandas(

  [loaded                ] portal_cka_israel_national_d59087e169  (10000 rows)
  [ERROR: 404 Client Error: Not Found for url: https://open.canada.ca/api/3/action/package_show?id=a] portal_cka_open_government_097a29f760  (0 rows)
  [loaded                ] portal_cka_oklahoma_open_da_70dbfdba5c  (10000 rows)
  [loaded                ] portal_cka_oklahoma_open_da_3b16211196  (10000 rows)
  [loaded                ] portal_cka_oklahoma_open_da_836c92e47c  (10000 rows)
  [loaded                ] portal_cka_oklahoma_open_da_314bb9e894  (10000 rows)
  [loaded                ] portal_cka_oklahoma_open_da_2d8a48ce3d  (10000 rows)
  [loaded                ] portal_cka_oklahoma_open_da_089b4e30ce  (10000 rows)
  [loaded                ] portal_cka_oklahoma_open_da_2a27dea617  (10000 rows)
  [loaded                ] portal_cka_oklahoma_open_da_6c534d482a  (10000 rows)
  [loaded                ] portal_cka_oklahoma_open_da_042a7f3ed2  (10000 rows)
  [loaded                ] portal_cka_oklahoma_open_da_136a4dcd44  (10000 rows)
  [loaded                ] portal_cka_oklahoma_open_da_de6ee9058e  (10000 rows)
  [loaded                ] portal_cka_oklahoma_open_da_ce3cc11024  (10000 rows)
  [loaded                ] portal_cka_oklahoma_open_da_4cb3b085d7  (10000 rows)
  [loaded                ] portal_cka_oklahoma_open_da_bebd242d3d  (10000 rows)
  [loaded                ] portal_cka_oklahoma_open_da_cdf9bdc1c8  (10000 rows)
  [loaded                ] portal_cka_oklahoma_open_da_0e22a8c042  (10000 rows)
  [loaded                ] portal_cka_oklahoma_open_da_49a4d42820  (10000 rows)
  [loaded                ] portal_cka_analyze_boston_9a0fe05b1b  (10000 rows)
  [ERROR: Expecting value: line 3 column 1 (char 2)] portal_cka_phoenix_open_dat_731482cb46  (0 rows)
  [loaded                ] portal_cka_houston_open_dat_0aa7c87f45  (10000 rows)
  [loaded                ] portal_cka_wprdc_allegheny_0ce6cd67aa  (9991 rows)
  [loaded                ] portal_cka_western_pennsylv_34dd959083  (9991 rows)
  [loaded                ] portal_cka_wprdc_allegheny_238d230c29  (10000 rows)
  [loaded                ] portal_cka_western_pennsylv_130e50e683  (10000 rows)
  [loaded                ] portal_cka_oklahoma_open_da_f394b50b84  (10000 rows)
  [ERROR: 404 Client Error: Not Found for url: https://avoindata.suomi.fi:443/api/3/action/package_s] portal_cka_finland_national_f6ea21aed2  (0 rows)
  [loaded                ] portal_cka_indiana_data_hub_0ed686abd6  (10000 rows)
  [loaded                ] portal_cka_oklahoma_open_da_fff97e32ba  (10000 rows)
  [loaded                ] portal_cka_oklahoma_open_da_92c8cc9499  (10000 rows)
  [ERROR: 404 Client Error: Not Found for url: https://data.gov.au/api/3/action/package_show?id=asic] portal_cka_data_gov_au_2d8b55eb5a  (0 rows)
  [loaded                ] portal_cka_open_data_sa_60379efd4f  (10000 rows)
  [loaded                ] portal_cka_oklahoma_open_da_41334802fd  (10000 rows)
  [loaded                ] portal_cka_oklahoma_open_da_0a2227fc62  (10000 rows)
  [loaded                ] portal_cka_israel_national_96d1b74c94  (10000 rows)
  [loaded                ] portal_cka_oklahoma_open_da_cabb75c107  (10000 rows)
  [loaded                ] portal_cka_analyze_boston_7a1246d4b5  (10000 rows)
  [loaded                ] portal_cka_open_data_sa_721bebb7df  (10000 rows)
  [loaded                ] portal_cka_oklahoma_open_da_13ac1849e2  (10000 rows)
  [loaded                ] portal_cka_oklahoma_open_da_e1aa111c19  (10000 rows)
  [loaded                ] portal_cka_western_pennsylv_bd609b0793  (10000 rows)
  [loaded                ] portal_cka_wprdc_allegheny_8824deaa23  (10000 rows)
  [loaded                ] portal_cka_oklahoma_open_da_c877a4f53f  (10000 rows)
  [loaded                ] portal_cka_israel_national_6c5e40114c  (10000 rows)
  [loaded                ] portal_cka_oklahoma_open_da_4b6e3ca1ad  (10000 rows)
  [loaded                ] portal_cka_oklahoma_open_da_b65187987b  (10000 rows)
  [loaded                ] portal_cka_wprdc_allegheny_4e99637062  (10000 rows)
  [loaded                ] portal_cka_western_pennsylv_1a8329b111  (10000 rows)
  [loaded                ] portal_cka_western_pennsylv_09335a764b  (9999 rows)
  [loaded                ] portal_cka_wprdc_allegheny_7af23acd2f  (9999 rows)
  [loaded                ] portal_cka_israel_national_50096ddb0e  (10000 rows)
  [ERROR: 404 Client Error: Not Found for url: https://open.canada.ca/api/3/action/package_show?id=c] portal_cka_open_government_ddee5ab5a1  (0 rows)
  [ERROR: 404 Client Error: Not Found for url: https://data.gov.au/api/3/action/package_show?id=asic] portal_cka_data_gov_au_9d19920ca0  (0 rows)
  [loaded                ] portal_cka_virginia_open_da_f11e52d4b6  (10000 rows)
  [loaded                ] portal_cka_houston_open_dat_ebab30a0f0  (9995 rows)
  [loaded                ] portal_cka_wprdc_allegheny_90e172f9b4  (9116 rows)
  [loaded                ] portal_cka_western_pennsylv_42719841f1  (9116 rows)
  [ERROR: 404 Client Error: Not Found for url: https://data.gov.au/api/3/action/package_show?id=acnc] portal_cka_data_gov_au_212a7cba7b  (0 rows)
  [ERROR: 404 Client Error: Not Found for url: https://data.gov.au/api/3/action/package_show?id=acnc] portal_cka_data_gov_au_9feb3725dc  (0 rows)
  [ERROR: 404 Client Error: Not Found for url: https://data.gov.au/api/3/action/package_show?id=acnc] portal_cka_data_gov_au_06cf116b6c  (0 rows)
  [ERROR: 404 Client Error: Not Found for url: https://data.gov.au/api/3/action/package_show?id=acnc] portal_cka_data_gov_au_b8f0798e41  (0 rows)
  [ERROR: 404 Client Error: Not Found for url: https://data.gov.au/api/3/action/package_show?id=acnc] portal_cka_data_gov_au_c8b184469c  (0 rows)
  [loaded                ] portal_cka_california_open_35e42b9770  (10000 rows)
  [loaded                ] portal_cka_indiana_data_hub_83ba6435c2  (10000 rows)
  [ERROR: 404 Client Error: Not Found for url: https://open.canada.ca/api/3/action/package_show?id=b] portal_cka_open_government_4c20f997d1  (0 rows)
  [ERROR: 404 Client Error: Not Found for url: https://data.gov.au/api/3/action/package_show?id=tpb-] portal_cka_data_gov_au_39a2615068  (0 rows)
  [loaded                ] portal_cka_houston_open_dat_c3f216770e  (9996 rows)
  [loaded                ] portal_cka_san_jose_open_da_399cadbc5e  (10000 rows)
  [loaded                ] portal_cka_oklahoma_open_da_085b547d9c  (10000 rows)
  [loaded                ] portal_cka_san_jose_open_da_56e25afe36  (10000 rows)
  [ERROR: Expecting value: line 3 column 1 (char 2)] portal_cka_phoenix_open_dat_52453f61e3  (0 rows)
  [ERROR: Expecting value: line 3 column 1 (char 2)] portal_cka_phoenix_open_dat_5a114b876f  (0 rows)
  [loaded                ] portal_cka_analyze_boston_78e7b87dd3  (10000 rows)
  [loaded                ] portal_cka_wprdc_allegheny_1ba8209338  (10000 rows)
  [loaded                ] portal_cka_western_pennsylv_90a0a8b740  (10000 rows)
  [loaded                ] portal_cka_wprdc_allegheny_f891a6d2ee  (9904 rows)
  [loaded                ] portal_cka_western_pennsylv_6d0f07679b  (9904 rows)
  [ERROR: 404 Client Error: Not Found for url: https://avoindata.suomi.fi:443/api/3/action/package_s] portal_cka_finland_national_764df1eb07  (0 rows)
  [loaded                ] portal_cka_oklahoma_open_da_3c2b4d89d6  (10000 rows)
  [loaded                ] portal_cka_california_open_b36ad1f596  (10000 rows)
  [loaded                ] portal_cka_oklahoma_open_da_6dfa4ff30d  (9993 rows)
  [loaded                ] portal_cka_oklahoma_open_da_116f4033aa  (9999 rows)
  [loaded                ] portal_cka_oklahoma_open_da_682edc2856  (9997 rows)
  [loaded                ] portal_cka_oklahoma_open_da_41b624c494  (9996 rows)
  [ERROR: 404 Client Error: Not Found for url: https://open.canada.ca/api/3/action/package_show?id=0] portal_cka_open_government_579d690a15  (0 rows)
  [loaded                ] portal_cka_israel_national_cb289c316e  (10000 rows)
  [loaded                ] portal_cka_israel_national_338ef2b642  (10000 rows)
  [ERROR: Expecting value: line 3 column 1 (char 2)] portal_cka_phoenix_open_dat_e44e3ba1ca  (0 rows)C:\Code\Ripple_v6\library-onboarding\ingest.py:895: UserWarning: Pandas Dataframe has non-standard index of type <class 'pandas.core.indexes.base.Index'> which will not be written. Consider changing the index to pd.RangeIndex(start=0,...,step=1) or call reset_index() to keep index as column(s)
  ok, _chunks, nrows, _ = write_pandas(

  [loaded                ] portal_cka_virginia_open_da_cc1870e66b  (10000 rows)
  [loaded                ] portal_cka_oklahoma_open_da_017a35122c  (4346 rows)
  [loaded                ] portal_cka_virginia_open_da_6207bdeb36  (10000 rows)
  [ERROR: Expecting value: line 3 column 1 (char 2)] portal_cka_phoenix_open_dat_3b53a6d37b  (0 rows)

734/1116 loaded, 2,724,737 rows total.
