-- S08 IRS SOI: what the short ZIP codes are; are state totals mixed in with ZIPs?
KIND | N | STATES | RET | WAGES_K | MAX_WAGES_K | Z_MIN | Z_MAX | ST
len4 | 13942 | 8 | 11545930.0 | 685117740.0 | 2632476.0 | 1001 | 8904 | [
  "CT",
  "MA",
  "ME",
  "NH",
  "NJ",
  "NY",
  "RI",
  "VT"
]
zip5 | 165242 | 44 | 133756210.0 | 6341742412.0 | 4607651.0 | 10001 | 99929 | [
  "AK",
  "AL",
  "AR",
  "AZ",
  "CA",
  "CO",
  "DC",
  "DE",
  "FL",
  "GA",
  "HI",
  "IA",
  "ID",
  "IL",
  "IN",
  "KS",
  "KY",
  "LA",
  "MD",
  "MI",
  "MN",
  "MO",
  "MS",
  "MT",
  "NC",
  "ND",
  "NE",
  "NM",
  "NV",
  "NY",
  "OH",
  "OK",
  "OR",
  "PA",
  "SC",
  "SD",
  "TN",
  "TX",
  "UT",
  "VA",
  "WA",
  "WI",
  "WV",
  "WY"
]
zip_0_state_total | 306 | 51 | 147025790.0 | 7101762895.0 | 325160493.0 | 0 | 0 | [
  "AK",
  "AL",
  "AR",
  "AZ",
  "CA",
  "CO",
  "CT",
  "DC",
  "DE",
  "FL",
  "GA",
  "HI",
  "IA",
  "ID",
  "IL",
  "IN",
  "KS",
  "KY",
  "LA",
  "MA",
  "MD",
  "ME",
  "MI",
  "MN",
  "MO",
  "MS",
  "MT",
  "NC",
  "ND",
  "NE",
  "NH",
  "NJ",
  "NM",
  "NV",
  "NY",
  "OH",
  "OK",
  "OR",
  "PA",
  "RI",
  "SC",
  "SD",
  "TN",
  "TX",
  "UT",
  "VA",
  "VT",
  "WA",
  "WI",
  "WV",
  "WY"
]
zip_99999_other | 306 | 51 | 1801130.0 | 74902743.0 | 3512038.0 | 99999 | 99999 | [
  "AK",
  "AL",
  "AR",
  "AZ",
  "CA",
  "CO",
  "CT",
  "DC",
  "DE",
  "FL",
  "GA",
  "HI",
  "IA",
  "ID",
  "IL",
  "IN",
  "KS",
  "KY",
  "LA",
  "MA",
  "MD",
  "ME",
  "MI",
  "MN",
  "MO",
  "MS",
  "MT",
  "NC",
  "ND",
  "NE",
  "NH",
  "NJ",
  "NM",
  "NV",
  "NY",
  "OH",
  "OK",
  "OR",
  "PA",
  "RI",
  "SC",
  "SD",
  "TN",
  "TX",
  "UT",
  "VA",
  "VT",
  "WA",
  "WI",
  "WV",
  "WY"
]
(4 rows; csv has all)

-- S09 IRS SOI: per-ZIP extract (real ZIPs only), low-income brackets 1-2 vs all, for local peer math
STATE | ZIP5 | RET_ALL | RET_LOW | RAC_LOW | RAC_ALL | RAL_ALL | PREP_LOW | VITA_LOW | N_EITC | EITC_K | AGI_K | WAGES_K | ELDERLY
AL | 35004 | 5210.0 | 2920.0 | 680.0 | 1050.0 | 60.0 | 1330.0 | 40.0 | 900.0 | 2183.0 | 287603.0 | 234833.0 | 1090.0
AL | 35005 | 3100.0 | 2270.0 | 760.0 | 920.0 | 60.0 | 1240.0 | 50.0 | 890.0 | 2402.0 | 120798.0 | 98565.0 | 710.0
AL | 35006 | 1200.0 | 760.0 | 180.0 | 240.0 | 30.0 | 470.0 | 0.0 | 270.0 | 650.0 | 57114.0 | 43707.0 | 310.0
AL | 35010 | 7910.0 | 5690.0 | 1580.0 | 1780.0 | 290.0 | 2670.0 | 480.0 | 2480.0 | 7080.0 | 380037.0 | 266658.0 | 1850.0
AL | 35014 | 1620.0 | 1120.0 | 270.0 | 350.0 | 60.0 | 650.0 | 0.0 | 470.0 | 1244.0 | 74472.0 | 57364.0 | 350.0
AL | 35016 | 7130.0 | 4540.0 | 840.0 | 1070.0 | 140.0 | 2600.0 | 260.0 | 1550.0 | 3815.0 | 363111.0 | 262108.0 | 1890.0
AL | 35019 | 890.0 | 610.0 | 110.0 | 140.0 | 20.0 | 410.0 | 0.0 | 240.0 | 635.0 | 38580.0 | 30460.0 | 200.0
AL | 35020 | 9050.0 | 7920.0 | 3460.0 | 3650.0 | 330.0 | 4940.0 | 270.0 | 4360.0 | 13904.0 | 249475.0 | 207009.0 | 1650.0
AL | 35022 | 9800.0 | 5670.0 | 1440.0 | 2040.0 | 100.0 | 3110.0 | 150.0 | 1810.0 | 4895.0 | 546199.0 | 432275.0 | 2440.0
AL | 35023 | 10050.0 | 6600.0 | 1590.0 | 2030.0 | 150.0 | 3810.0 | 110.0 | 2270.0 | 6041.0 | 465634.0 | 358387.0 | 2640.0
AL | 35031 | 2860.0 | 2000.0 | 410.0 | 490.0 | 80.0 | 1310.0 | 0.0 | 770.0 | 2006.0 | 119914.0 | 95760.0 | 610.0
AL | 35034 | 1390.0 | 1070.0 | 410.0 | 450.0 | 60.0 | 530.0 | 0.0 | 560.0 | 1694.0 | 51912.0 | 40327.0 | 260.0
AL | 35035 | 570.0 | 380.0 | 100.0 | 130.0 | 30.0 | 230.0 | 0.0 | 140.0 | 389.0 | 36915.0 | 21504.0 | 120.0
AL | 35040 | 7590.0 | 4550.0 | 1200.0 | 1740.0 | 100.0 | 1960.0 | 90.0 | 1560.0 | 4027.0 | 397142.0 | 332262.0 | 1180.0
AL | 35042 | 2200.0 | 1460.0 | 410.0 | 530.0 | 90.0 | 770.0 | 0.0 | 590.0 | 1689.0 | 102511.0 | 81515.0 | 520.0
AL | 35043 | 5070.0 | 2130.0 | 300.0 | 580.0 | 0.0 | 1040.0 | 0.0 | 460.0 | 1017.0 | 416626.0 | 317647.0 | 1100.0
AL | 35045 | 5500.0 | 3760.0 | 1170.0 | 1420.0 | 160.0 | 2350.0 | 0.0 | 1530.0 | 4222.0 | 254814.0 | 192997.0 | 1170.0
AL | 35051 | 3290.0 | 2010.0 | 420.0 | 540.0 | 40.0 | 1020.0 | 0.0 | 660.0 | 1695.0 | 205157.0 | 142647.0 | 830.0
AL | 35055 | 7950.0 | 5210.0 | 1040.0 | 1350.0 | 180.0 | 3040.0 | 40.0 | 1680.0 | 3898.0 | 409869.0 | 297425.0 | 1940.0
AL | 35057 | 5290.0 | 3370.0 | 650.0 | 850.0 | 140.0 | 2060.0 | 0.0 | 1160.0 | 2869.0 | 281539.0 | 212561.0 | 1220.0
AL | 35060 | 160.0 | 140.0 | 70.0 | 70.0 | 0.0 | 80.0 | 0.0 | 60.0 | 204.0 | 4416.0 | 3526.0 | 40.0
AL | 35062 | 3220.0 | 1910.0 | 440.0 | 600.0 | 70.0 | 1080.0 | 0.0 | 650.0 | 1644.0 | 170016.0 | 131341.0 | 780.0
AL | 35063 | 1200.0 | 830.0 | 240.0 | 310.0 | 60.0 | 460.0 | 0.0 | 360.0 | 891.0 | 51880.0 | 40050.0 | 280.0
AL | 35068 | 3760.0 | 2390.0 | 600.0 | 800.0 | 50.0 | 1230.0 | 50.0 | 730.0 | 1869.0 | 178993.0 | 147047.0 | 780.0
AL | 35071 | 7480.0 | 4060.0 | 720.0 | 1030.0 | 80.0 | 2190.0 | 60.0 | 1070.0 | 2505.0 | 459107.0 | 345666.0 | 2100.0
AL | 35078 | 870.0 | 580.0 | 150.0 | 180.0 | 20.0 | 340.0 | 0.0 | 240.0 | 606.0 | 42802.0 | 32829.0 | 200.0
AL | 35079 | 3420.0 | 1940.0 | 370.0 | 540.0 | 70.0 | 1080.0 | 0.0 | 600.0 | 1533.0 | 184164.0 | 145443.0 | 720.0
AL | 35007 | 11940.0 | 6720.0 | 1210.0 | 1840.0 | 70.0 | 2900.0 | 170.0 | 1930.0 | 4852.0 | 689574.0 | 545418.0 | 2460.0
AL | 35053 | 1050.0 | 590.0 | 110.0 | 140.0 | 0.0 | 390.0 | 0.0 | 190.0 | 448.0 | 65979.0 | 41015.0 | 390.0
AL | 35061 | 640.0 | 490.0 | 190.0 | 210.0 | 0.0 | 280.0 | 20.0 | 230.0 | 661.0 | 22322.0 | 17170.0 | 170.0
AL | 35077 | 5210.0 | 3690.0 | 820.0 | 1000.0 | 130.0 | 2090.0 | 0.0 | 1290.0 | 3245.0 | 220904.0 | 172400.0 | 1240.0
AL | 35083 | 1200.0 | 800.0 | 140.0 | 180.0 | 30.0 | 540.0 | 0.0 | 320.0 | 771.0 | 53806.0 | 43388.0 | 260.0
AL | 35058 | 4220.0 | 2790.0 | 480.0 | 600.0 | 110.0 | 1720.0 | 20.0 | 880.0 | 2100.0 | 212651.0 | 158418.0 | 990.0
AL | 35085 | 3400.0 | 2280.0 | 640.0 | 830.0 | 80.0 | 1410.0 | 0.0 | 830.0 | 2238.0 | 152639.0 | 124434.0 | 660.0
AL | 35087 | 840.0 | 590.0 | 120.0 | 150.0 | 20.0 | 350.0 | 0.0 | 230.0 | 623.0 | 33357.0 | 25658.0 | 170.0
AL | 35089 | 750.0 | 610.0 | 190.0 | 210.0 | 30.0 | 270.0 | 70.0 | 280.0 | 739.0 | 24049.0 | 19884.0 | 160.0
AL | 35096 | 3420.0 | 2190.0 | 540.0 | 730.0 | 130.0 | 1210.0 | 20.0 | 850.0 | 2099.0 | 169856.0 | 134892.0 | 750.0
AL | 35097 | 770.0 | 460.0 | 110.0 | 150.0 | 20.0 | 270.0 | 0.0 | 140.0 | 320.0 | 37372.0 | 29639.0 | 190.0
AL | 35098 | 560.0 | 370.0 | 80.0 | 110.0 | 0.0 | 240.0 | 0.0 | 160.0 | 377.0 | 24411.0 | 19642.0 | 130.0
AL | 35114 | 3070.0 | 1550.0 | 290.0 | 490.0 | 0.0 | 700.0 | 30.0 | 430.0 | 1039.0 | 196816.0 | 161605.0 | 580.0
AL | 35115 | 5200.0 | 3600.0 | 910.0 | 1140.0 | 70.0 | 1770.0 | 80.0 | 1220.0 | 3324.0 | 229515.0 | 173542.0 | 1060.0
AL | 35117 | 2680.0 | 1360.0 | 200.0 | 340.0 | 30.0 | 770.0 | 0.0 | 290.0 | 706.0 | 166999.0 | 128244.0 | 770.0
AL | 35121 | 5880.0 | 3880.0 | 730.0 | 910.0 | 120.0 | 2540.0 | 0.0 | 1370.0 | 3750.0 | 302176.0 | 208682.0 | 1480.0
AL | 35125 | 4390.0 | 3060.0 | 810.0 | 1040.0 | 170.0 | 1580.0 | 30.0 | 1260.0 | 3315.0 | 197597.0 | 150842.0 | 860.0
AL | 35128 | 4270.0 | 2470.0 | 560.0 | 760.0 | 80.0 | 1280.0 | 0.0 | 800.0 | 1987.0 | 259696.0 | 187000.0 | 1160.0
AL | 35143 | 1240.0 | 800.0 | 190.0 | 230.0 | 20.0 | 410.0 | 0.0 | 260.0 | 585.0 | 66511.0 | 45407.0 | 380.0
AL | 35046 | 2350.0 | 1460.0 | 360.0 | 470.0 | 40.0 | 930.0 | 0.0 | 550.0 | 1413.0 | 123891.0 | 90849.0 | 570.0
AL | 35049 | 1550.0 | 960.0 | 190.0 | 270.0 | 30.0 | 590.0 | 0.0 | 310.0 | 740.0 | 75536.0 | 61363.0 | 360.0
AL | 35064 | 4300.0 | 3450.0 | 1480.0 | 1640.0 | 130.0 | 1980.0 | 150.0 | 1730.0 | 5346.0 | 146471.0 | 110856.0 | 1110.0
AL | 35073 | 930.0 | 680.0 | 190.0 | 230.0 | 40.0 | 400.0 | 0.0 | 260.0 | 648.0 | 36397.0 | 27810.0 | 270.0
AL | 35033 | 1380.0 | 840.0 | 190.0 | 270.0 | 40.0 | 520.0 | 0.0 | 280.0 | 676.0 | 80643.0 | 59485.0 | 340.0
AL | 35044 | 3060.0 | 2200.0 | 620.0 | 740.0 | 140.0 | 1290.0 | 0.0 | 970.0 | 2759.0 | 127146.0 | 96251.0 | 710.0
AL | 35054 | 1820.0 | 1000.0 | 190.0 | 260.0 | 20.0 | 530.0 | 0.0 | 320.0 | 801.0 | 126304.0 | 78989.0 | 620.0
AL | 35072 | 1820.0 | 1350.0 | 420.0 | 490.0 | 90.0 | 740.0 | 70.0 | 600.0 | 1627.0 | 71596.0 | 57255.0 | 390.0
AL | 35080 | 7840.0 | 3540.0 | 550.0 | 1000.0 | 30.0 | 1520.0 | 70.0 | 830.0 | 1826.0 | 556002.0 | 458108.0 | 1500.0
AL | 35091 | 1260.0 | 530.0 | 110.0 | 180.0 | 0.0 | 270.0 | 0.0 | 140.0 | 277.0 | 85680.0 | 73067.0 | 220.0
AL | 35094 | 6290.0 | 3870.0 | 890.0 | 1190.0 | 90.0 | 1960.0 | 50.0 | 1250.0 | 3201.0 | 347336.0 | 256438.0 | 1560.0
AL | 35111 | 6970.0 | 3470.0 | 660.0 | 1130.0 | 40.0 | 1910.0 | 30.0 | 970.0 | 2182.0 | 434085.0 | 338664.0 | 1740.0
AL | 35112 | 180.0 | 150.0 | 50.0 | 50.0 | 0.0 | 70.0 | 0.0 | 60.0 | 143.0 | 5858.0 | 5132.0 | 40.0
AL | 35118 | 1350.0 | 880.0 | 190.0 | 240.0 | 0.0 | 480.0 | 0.0 | 270.0 | 763.0 | 60991.0 | 45049.0 | 400.0
(29872 rows; csv has all)

-- S10 NCUA list: full extract joined to the call-report roster (year opened, peer group, MDI) by charter number
CHARTER_NUMBER | YEAR_AND_QUARTER | CREDIT_UNION_NAME | STREET_MAILING_ADDRESS | CITY_MAILING_ADDRESS | STATE_MAILING_ADDRESS | ZIP_CODE_MAILING_ADDRESS | CREDIT_UNION_TYPE | NCUA_REGION | LOW_INCOME_DESIGNATION | MEMBERS | TOTAL_ASSETS | TOTAL_LOANS | TOTAL_DEPOSITS | RETURN_ON_AVERAGE_ASSETS | NET_WORTH_RATIO_EXCLUDES_CECL_TRANSITION_PROVISION | LOAN_TO_SHARE_RATIO | TOTAL_DEPOSITS_4_QUARTER_GROWTH | TOTAL_LOANS_4_QUARTER_GROWTH | TOTAL_ASSETS_4_QUARTER_GROWTH | MEMBERS_4_QUARTER_GROWTH | NET_WORTH_4_QUARTER_GROWTH_EXCLUDES_CECL_TRANSITION_PROVISION | NCUA_INTERNAL_ID_JOIN_NUMBER | _LOADED_AT | _SOURCE_RUN_ID | _SRC_SHA256 | F_CU | YEAR_OPENED | PEER_GROUP | ISMDI | LIMITED_INC | F_NAME | F_STATE | F_INSURED
1 | 2026.1 | MORRIS SHEPPARD TEXARKANA | 419 W 4TH ST | TEXARKANA | TX | 75501 | FCU | 2 | Yes | 1251 | 13376472 | 9132562 | 11875857 | 0.9520415298967478 | 11.209009371080805 | 76.90023549458368 | 6.312454059549122 | 0.04905739254810193 | 6.357067418666862 | -1.9592476489028177 | 7.025156482989048 | 2 | 1786129683120485 | 7818e4e3-3281-4b5f-b70e-b128779fec69 | 41f7d9655ef7d1d105c9718c2f307f30b8a94a37b2e11f953600ca09ab31a050 | 1 | 1934 | 3 | False | 1 | MORRIS SHEPPARD TEXARKANA | TX | 1971-01-04
1000 | 2026.1 | SIERRA PACIFIC | PO BOX 10100 | RENO | NV | 89511 | FCU | 3 | No | 10886 | 187820733 | 93255430 | 161897286 | 1.0869188891103743 | 13.42955945124546 | 57.6016017958448 | 6.633026621134364 | -6.733684888363323 | 6.338472951404417 | 3.420102603078101 | 6.89206068220225 | 500 | 1786129683120485 | 7818e4e3-3281-4b5f-b70e-b128779fec69 | 41f7d9655ef7d1d105c9718c2f307f30b8a94a37b2e11f953600ca09ab31a050 | 1000 | 1936 | 5 | False | 0 | SIERRA PACIFIC | NV | 1971-01-04
10011 | 2026.1 | MUNICIPAL EMPLOYEES | 222 ARKANSAS AVE | BOGALUSA | LA | 70427 | FCU | 2 | Yes | 154 | 634755 | 53868 | 354727 | -1.0586196232982619 | 43.43297807815614 | 15.185762572344366 | 17.949033403603032 | -52.10924511695308 | 8.497895012127387 | 1.3157894736842035 | -0.7077051624660546 | 4824 | 1786129683120485 | 7818e4e3-3281-4b5f-b70e-b128779fec69 | 41f7d9655ef7d1d105c9718c2f307f30b8a94a37b2e11f953600ca09ab31a050 | 10011 | 1955 | 1 | False | 1 | MUNICIPAL EMPLOYEES | LA | 1971-04-14
10015 | 2026.1 | ALLENTOWN | 1325 Oxford Dr | Allentown | PA | 18103 | FCU | 1 | No | 6963 | 126166773 | 71706222 | 105391953 | 1.3010392399567288 | 16.37010007381262 | 68.0376631790854 | 1.5599204858087967 | 0.3345004707336674 | 2.6695865709726263 | -3.6262975778546758 | 8.37834180241359 | 4826 | 1786129683120485 | 7818e4e3-3281-4b5f-b70e-b128779fec69 | 41f7d9655ef7d1d105c9718c2f307f30b8a94a37b2e11f953600ca09ab31a050 | 10015 | 1955 | 5 | False | 0 | ALLENTOWN | PA | 1971-01-07
10023 | 2026.1 | ISLAND | 120 Motor Pkwy | Hauppauge | NY | 11788 | FCU | 1 | No | 50620 | 1350543498 | 948168743 | 1099300751 | 0.4976567100795184 | 10.109017162511266 | 86.25198719617721 | -6.042246599306655 | -8.112725941969757 | -8.485676808536457 | -1.9581259320950561 | 4.164841944560593 | 4831 | 1786129683120485 | 7818e4e3-3281-4b5f-b70e-b128779fec69 | 41f7d9655ef7d1d105c9718c2f307f30b8a94a37b2e11f953600ca09ab31a050 | 10023 | 1955 | 6 | False | 0 | ISLAND | NY | 1971-04-07
10047 | 2026.1 | WABELLCO | 1277 Park Ave | Washington | PA | 15301 | FCU | 1 | No | 1084 | 12445674 | 3270941 | 11296821 | 0.6143700611649947 | 9.229126522195584 | 28.954526233530654 | 1.7445453630068997 | -17.15113819824411 | 2.280867199451686 | -6.9527896995708165 | 7.919281356785768 | 4847 | 1786129683120485 | 7818e4e3-3281-4b5f-b70e-b128779fec69 | 41f7d9655ef7d1d105c9718c2f307f30b8a94a37b2e11f953600ca09ab31a050 | 10047 | 1955 | 3 | False | 0 | WABELLCO | PA | 1971-01-04
10065 | 2026.1 | MYCOM | 101 Fenn St | Pittsfield | MA | 01201 | FCU | 1 | No | 2719 | 27413324 | 8500277 | 23931058 | 0.08494413475228649 | 12.544640700996348 | 35.51985457558959 | -2.791815067106229 | -13.799150249573755 | -1.6349652222550581 | -1.0913059294288874 | 6.513389194300578 | 4857 | 1786129683120485 | 7818e4e3-3281-4b5f-b70e-b128779fec69 | 41f7d9655ef7d1d105c9718c2f307f30b8a94a37b2e11f953600ca09ab31a050 | 10065 | 1955 | 3 | False | 0 | MYCOM | MA | 1971-01-04
10100 | 2026.1 | TRUCHOICE | PO BOX 10659 | PORTLAND | ME | 04104 | FCU | 1 | No | 12579 | 253581952 | 207279485 | 228089529 | 0.9963840642618025 | 10.927418840911834 | 90.87637030457458 | 0.41549710737482926 | 4.050247258246831 | 1.5751444594686026 | -0.9683514407179961 | 10.169282829586802 | 4874 | 1786129683120485 | 7818e4e3-3281-4b5f-b70e-b128779fec69 | 41f7d9655ef7d1d105c9718c2f307f30b8a94a37b2e11f953600ca09ab31a050 | 10100 | 1955 | 5 | False | 0 | TRUCHOICE | ME | 1971-01-18
10141 | 2026.1 | DERTOWN SCHOOL | 5012 State Route 982 APT 3 | Latrobe | PA | 15650 | FCU | 1 | Yes | 706 | 12425846 | 8195654 | 8726645 | 0.3299365359126786 | 29.750553805350556 | 93.91529046959054 | 0.6152340912623178 | -4.979643266742073 | 1.3340938241706901 | 0.0 | 3.374010793881599 | 4894 | 1786129683120485 | 7818e4e3-3281-4b5f-b70e-b128779fec69 | 41f7d9655ef7d1d105c9718c2f307f30b8a94a37b2e11f953600ca09ab31a050 | 10141 | 1955 | 3 | False | 1 | DERTOWN SCHOOL | PA | 1971-01-04
1015 | 2026.1 | NORTH JERSEY | 711 Union Blvd. | Totowa | NJ | 07512 | FCU | 1 | Yes | 27820 | 256718645 | 150857244 | 236015695 | 0.7872132994442486 | 10.275007099698582 | 63.91831017848199 | 9.002334083570517 | 2.210263130447654 | 9.654923037402718 | 13.657719491767772 | 9.639749738389458 | 509 | 1786129683120485 | 7818e4e3-3281-4b5f-b70e-b128779fec69 | 41f7d9655ef7d1d105c9718c2f307f30b8a94a37b2e11f953600ca09ab31a050 | 1015 | 1936 | 5 | False | 1 | NORTH JERSEY | NJ | 1971-02-10
10158 | 2026.1 | OK | 3900 SE Adams Rd | Bartlesville | OK | 74006 | FCU | 2 | No | 3532 | 26918003 | 17003596 | 22694795 | 0.6181555926090556 | 15.125093046464109 | 74.92288870641924 | 2.537013168997926 | -5.647893477025989 | 3.3241325042223213 | 0.8566533409480215 | 7.5555970017166185 | 4906 | 1786129683120485 | 7818e4e3-3281-4b5f-b70e-b128779fec69 | 41f7d9655ef7d1d105c9718c2f307f30b8a94a37b2e11f953600ca09ab31a050 | 10158 | 1955 | 3 | False | 0 | OK | OK | 1971-01-04
10164 | 2026.1 | HEART OF LOUISIANA | P O BOX 4030 | PINEVILLE | LA | 71360 | FCU | 2 | Yes | 16407 | 146423337 | 78770435 | 123289433 | 0.3892201729707135 | 16.206317576275428 | 63.89066206509361 | 4.499478886020092 | 10.258676877428808 | 4.87102715406551 | -0.7020516855292591 | 5.070062926036578 | 4909 | 1786129683120485 | 7818e4e3-3281-4b5f-b70e-b128779fec69 | 41f7d9655ef7d1d105c9718c2f307f30b8a94a37b2e11f953600ca09ab31a050 | 10164 | 1955 | 5 | False | 1 | HEART OF LOUISIANA | LA | 1971-01-04
10170 | 2026.1 | CITIZENS | P.O. Box 425 | Big Spring | TX | 79721 | FCU | 2 | No | 10679 | 205013778 | 125263531 | 177383039 | 1.5530064710903924 | 13.955305481956437 | 70.61753576112764 | -4.5599416518168905 | -1.2068116133095996 | -2.1248218421481058 | 0.9452689290103011 | 12.889903585296159 | 4912 | 1786129683120485 | 7818e4e3-3281-4b5f-b70e-b128779fec69 | 41f7d9655ef7d1d105c9718c2f307f30b8a94a37b2e11f953600ca09ab31a050 | 10170 | 1955 | 5 | False | 0 | CITIZENS | TX | 1971-01-04
10174 | 2026.1 | FIRSTLIGHT | 9983 Kenworthy St | El Paso | TX | 79924 | FCU | 2 | Yes | 98481 | 1628040073 | 1261474636 | 1445999488 | 0.7193721272607084 | 10.091018379987997 | 87.23894070977707 | 3.320289568489909 | -0.44820484585709197 | 3.443097276910523 | -1.3641417024728875 | 6.805624041262859 | 4916 | 1786129683120485 | 7818e4e3-3281-4b5f-b70e-b128779fec69 | 41f7d9655ef7d1d105c9718c2f307f30b8a94a37b2e11f953600ca09ab31a050 | 10174 | 1955 | 6 | True | 1 | FIRSTLIGHT | TX | 1971-03-08
10177 | 2026.1 | TAYCO EMPLOYEES | P.O. Box 762 | South Shore | KY | 41175 | FCU | 2 | Yes | 383 | 2018233 | 495096 | 970018 | 0.7783869028806423 | 51.88528777400825 | 51.039877610518566 | -8.335719395329367 | -18.947935373921354 | -2.8851988241708093 | -3.7688442211055273 | 2.711869726674765 | 4917 | 1786129683120485 | 7818e4e3-3281-4b5f-b70e-b128779fec69 | 41f7d9655ef7d1d105c9718c2f307f30b8a94a37b2e11f953600ca09ab31a050 | 10177 | 1955 | 2 | False | 1 | TAYCO EMPLOYEES | KY | 1971-01-04
10180 | 2026.1 | FORT MORGAN SCHOOLS | PO Box 547 | Fort Morgan | CO | 80701 | FCU | 3 | No | 445 | 5357139 | 3469903 | 4545193 | -1.3356952979021688 | 15.062965512001835 | 76.34225873356752 | -2.2230458992215207 | -12.060158615468875 | -1.9876039582295446 | -13.759689922480622 | -0.7624725755831729 | 4920 | 1786129683120485 | 7818e4e3-3281-4b5f-b70e-b128779fec69 | 41f7d9655ef7d1d105c9718c2f307f30b8a94a37b2e11f953600ca09ab31a050 | 10180 | 1955 | 2 | False | 0 | FORT MORGAN SCHOOLS | CO | 1971-01-04
10181 | 2026.1 | OUACHITA VALLEY | P O Box 1477 | West Monroe | LA | 71294 | FCU | 2 | Yes | 36568 | 462028662 | 293229484 | 417917700 | 1.4317786711886449 | 12.84453171002625 | 70.1644089254894 | 11.44471583939728 | 6.951578128515146 | 11.217190108751662 | 1.738864312939925 | 13.480972227063837 | 4921 | 1786129683120485 | 7818e4e3-3281-4b5f-b70e-b128779fec69 | 41f7d9655ef7d1d105c9718c2f307f30b8a94a37b2e11f953600ca09ab31a050 | 10181 | 1955 | 5 | False | 1 | OUACHITA VALLEY | LA | 1971-08-02
10184 | 2026.1 | FRIENDLY | 2000 Main St | Aliquippa | PA | 15001 | FCU | 1 | No | 4472 | 68263038 | 26242689 | 56640353 | 0.7707395252625237 | 17.014834587350187 | 46.33214238618887 | 1.905331760239548 | 0.2549553880599964 | 2.06339191226228 | -3.3707865168539297 | 1.94631889818897 | 4923 | 1786129683120485 | 7818e4e3-3281-4b5f-b70e-b128779fec69 | 41f7d9655ef7d1d105c9718c2f307f30b8a94a37b2e11f953600ca09ab31a050 | 10184 | 1955 | 4 | False | 0 | FRIENDLY | PA | 1971-04-13
1021 | 2026.1 | FIRST FINANCIAL | 391 US Highway 9 | Freehold | NJ | 07728 | FCU | 1 | No | 14455 | 175837590 | 106308717 | 162556059 | 0.30302783271497885 | 8.164749073278358 | 65.39818795680819 | -6.349990415274465 | -2.222370424889164 | -4.648851895491191 | -4.334877564526806 | 10.331561115687116 | 512 | 1786129683120485 | 7818e4e3-3281-4b5f-b70e-b128779fec69 | 41f7d9655ef7d1d105c9718c2f307f30b8a94a37b2e11f953600ca09ab31a050 | 1021 | 1936 | 5 | False | 0 | FIRST FINANCIAL | NJ | 1971-01-04
1022 | 2026.1 | SOUTH CAROLINA | PO BOX 190012 | NORTH CHARLESTO | SC | 29419 | FCU | 2 | Yes | 156633 | 2570596817 | 1926216876 | 2074408738 | 0.9992283038877142 | 13.180722187130911 | 92.85618792066619 | 3.477135663907416 | -0.031220741226833937 | 1.7890970158596975 | 2.343739790651167 | 7.086686539809506 | 513 | 1786129683120485 | 7818e4e3-3281-4b5f-b70e-b128779fec69 | 41f7d9655ef7d1d105c9718c2f307f30b8a94a37b2e11f953600ca09ab31a050 | 1022 | 1936 | 6 | False | 1 | SOUTH CAROLINA | SC | 1971-01-04
10221 | 2026.1 | GREAT FALLS REGIONAL | 34 Bates St | Lewiston | ME | 04240 | FCU | 1 | Yes | 4757 | 65786654 | 22888621 | 56986019 | 0.33282697703943376 | 13.16464886631869 | 40.16532721824277 | 3.399666158504999 | 5.694935970130621 | 3.97118863825221 | -2.079044874433922 | 9.639250340732342 | 4945 | 1786129683120485 | 7818e4e3-3281-4b5f-b70e-b128779fec69 | 41f7d9655ef7d1d105c9718c2f307f30b8a94a37b2e11f953600ca09ab31a050 | 10221 | 1955 | 4 | False | 1 | GREAT FALLS REGIONAL | ME | 1971-01-04
10223 | 2026.1 | EVERENCE | 2160 Lincoln Hwy E Ste 20 | Lancaster | PA | 17602 | FCU | 1 | Yes | 24692 | 450075796 | 351410091 | 414755191 | 0.9496979408285912 | 8.387071096798104 | 84.72711098629746 | 6.07005754837906 | 7.27326564395383 | 1.4604011749904 | 1.7849045714992462 | 10.543947880477322 | 4946 | 1786129683120485 | 7818e4e3-3281-4b5f-b70e-b128779fec69 | 41f7d9655ef7d1d105c9718c2f307f30b8a94a37b2e11f953600ca09ab31a050 | 10223 | 1955 | 5 | False | 1 | EVERENCE | PA | 1971-01-04
10225 | 2026.1 | BECCO BUFFALO | Evonik, 35 Sawyer Ave | Tonawanda | NY | 14150 | FCU | 1 | No | 144 | 990235 | 614625 | 744955 | -5.008853373123048 | 24.304129827768158 | 82.50498352249464 | -14.725066163609558 | -16.57142314186897 | -9.785084362814766 | -7.692307692307687 | 9.478146948578914 | 4947 | 1786129683120485 | 7818e4e3-3281-4b5f-b70e-b128779fec69 | 41f7d9655ef7d1d105c9718c2f307f30b8a94a37b2e11f953600ca09ab31a050 | 10225 | 1955 | 1 | False | 0 | BECCO BUFFALO | NY | 1971-06-16
10241 | 2026.1 | MAPLE | P O Box 61001 | Lafayette | LA | 70596 | FCU | 2 | Yes | 9464 | 72523103 | 51175529 | 61570762 | 0.8499657217175114 | 15.019293920724822 | 83.11660817191121 | -0.5682734647734389 | 0.5252915188586949 | 0.3132746904779049 | 2.2140619937358164 | 6.2480223209008035 | 4958 | 1786129683120485 | 7818e4e3-3281-4b5f-b70e-b128779fec69 | 41f7d9655ef7d1d105c9718c2f307f30b8a94a37b2e11f953600ca09ab31a050 | 10241 | 1955 | 4 | False | 1 | MAPLE | LA | 1971-01-04
10243 | 2026.1 | OAHE | PO Box 818 | Pierre | SD | 57501 | FCU | 3 | No | 3565 | 45020374 | 22833537 | 37669472 | 1.4430233693043268 | 15.850241492884978 | 60.61549522117008 | 8.963361503471322 | 1.8309108793331363 | 9.377965003180599 | -0.4468025691147681 | 11.529202293340024 | 4959 | 1786129683120485 | 7818e4e3-3281-4b5f-b70e-b128779fec69 | 41f7d9655ef7d1d105c9718c2f307f30b8a94a37b2e11f953600ca09ab31a050 | 10243 | 1955 | 3 | False | 0 | OAHE | SD | 1971-11-22
10253 | 2026.1 | AKRON | PO Box 456 | Akron | CO | 80720 | FCU | 3 | Yes | 234 | 473693 | 337601 | 406273 | -1.2320792143076005 | 14.488708931734267 | 83.09708004223761 | -13.660889800342147 | -20.54240942191008 | -12.927122030664373 | -0.8474576271186418 | -4.835064268777989 | 4965 | 1786129683120485 | 7818e4e3-3281-4b5f-b70e-b128779fec69 | 41f7d9655ef7d1d105c9718c2f307f30b8a94a37b2e11f953600ca09ab31a050 | 10253 | 1955 | 1 | False | 1 | AKRON | CO | 1971-03-05
10257 | 2026.1 | SENTINEL | PO BOX 700 | BOX ELDER | SD | 57719 | FCU | 3 | Yes | 9857 | 197021224 | 126226123 | 174206020 | 0.5635504212258551 | 10.776641505384212 | 72.45795696382939 | 1.6303274766028997 | 16.952157260055255 | 2.330500074132269 | 3.085128634176959 | 7.643672962902959 | 4967 | 1786129683120485 | 7818e4e3-3281-4b5f-b70e-b128779fec69 | 41f7d9655ef7d1d105c9718c2f307f30b8a94a37b2e11f953600ca09ab31a050 | 10257 | 1955 | 5 | False | 1 | SENTINEL | SD | 1971-01-04
10262 | 2026.1 | ALTAMAHA | PO Box 490 | Jesup | GA | 31598 | FCU | 2 | Yes | 10908 | 73779779 | 35415097 | 62106421 | 0.47032145493752675 | 14.004133842688793 | 57.023245631880805 | 2.162132570794606 | 1.573077721504279 | 2.8243958787334655 | 1.2061606977175732 | 2.8582171540614487 | 4970 | 1786129683120485 | 7818e4e3-3281-4b5f-b70e-b128779fec69 | 41f7d9655ef7d1d105c9718c2f307f30b8a94a37b2e11f953600ca09ab31a050 | 10262 | 1955 | 4 | False | 1 | ALTAMAHA | GA | 1971-01-04
10269 | 2026.1 | CHEROKEE COUNTY TEACHERS | P O DRAWER A | RUSK | TX | 75785 | FCU | 2 | Yes | 1746 | 13694120 | 9644586 | 10917421 | 0.8077299773499724 | 20.62798485773456 | 88.34124835893019 | -7.204336043176152 | -6.73905715473162 | -5.315302327719995 | -1.5228426395939132 | 2.449848981166891 | 4975 | 1786129683120485 | 7818e4e3-3281-4b5f-b70e-b128779fec69 | 41f7d9655ef7d1d105c9718c2f307f30b8a94a37b2e11f953600ca09ab31a050 | 10269 | 1955 | 3 | False | 1 | CHEROKEE COUNTY TEACHERS | TX | 1971-01-04
10274 | 2026.1 | W B H EMPLOYEES | 2501 Broadway St | Paducah | KY | 42001 | FCU | 2 | No | 2315 | 17038647 | 7356477 | 14630774 | -2.1509012406165606 | 13.7761994834449 | 50.28084638584398 | 1.6003323814795412 | -19.443726889891778 | -0.7315165059193496 | 2.8888888888888964 | -14.740856703873073 | 4977 | 1786129683120485 | 7818e4e3-3281-4b5f-b70e-b128779fec69 | 41f7d9655ef7d1d105c9718c2f307f30b8a94a37b2e11f953600ca09ab31a050 | 10274 | 1955 | 3 | False | 0 | W B H EMPLOYEES | KY | 1971-01-28
10283 | 2026.1 | THE FOCUS | 420 NE 10th St | Oklahoma City | OK | 73104 | FCU | 2 | Yes | 12341 | 162083663 | 123592229 | 146778297 | 0.06640110932148328 | 9.032741936489924 | 84.20334036168849 | -0.8856849373266251 | -0.018449212104332258 | -0.22430924978360522 | -0.8516108299188585 | 1.7772047714593953 | 4983 | 1786129683120485 | 7818e4e3-3281-4b5f-b70e-b128779fec69 | 41f7d9655ef7d1d105c9718c2f307f30b8a94a37b2e11f953600ca09ab31a050 | 10283 | 1955 | 5 | False | 1 | THE FOCUS | OK | 1971-01-04
10301 | 2026.1 | ROMNEY | 62 WEST MAIN STREET | ROMNEY | WV | 26757 | FCU | 1 | Yes | 1621 | 14016375 | 11054930 | 12672641 | 0.9135889153319208 | 9.57773318707583 | 87.23461826149735 | 5.25257887751045 | 0.9658441939659701 | 5.09578711834251 | 4.1773778920308535 | 3.979480633550536 | 4996 | 1786129683120485 | 7818e4e3-3281-4b5f-b70e-b128779fec69 | 41f7d9655ef7d1d105c9718c2f307f30b8a94a37b2e11f953600ca09ab31a050 | 10301 | 1955 | 3 | False | 1 | ROMNEY | WV | 1971-01-04
10308 | 2026.1 | ALTON MUNICIPAL EMPLOYEES | 3212 COLLEGE AVE | ALTON | IL | 62002 | FCU | 3 | Yes | 266 | 458107 | 327835 | 287791 | -1.841021407785804 | 36.87806560476046 | 113.914264170874 | -4.456934558589188 | -6.499021738510413 | -3.373746577740655 | 6.400000000000006 | -1.5965564240863928 | 5000 | 1786129683120485 | 7818e4e3-3281-4b5f-b70e-b128779fec69 | 41f7d9655ef7d1d105c9718c2f307f30b8a94a37b2e11f953600ca09ab31a050 | 10308 | 1955 | 1 | False | 1 | ALTON MUNICIPAL EMPLOYEES | IL | 1971-03-05
10319 | 2026.1 | FIRST POINT | 2430 HAMILTON AVE, SUITE 2 | HAMILTON | NJ | 08619 | FCU | 1 | No | 1186 | 25213038 | 6639332 | 24152802 | -0.47580344949230563 | 7.347408908041943 | 27.488868579306036 | -5.759009456756892 | -8.107314327995496 | -4.437836798506723 | -29.02453620586475 | 1.2731683956405337 | 5007 | 1786129683120485 | 7818e4e3-3281-4b5f-b70e-b128779fec69 | 41f7d9655ef7d1d105c9718c2f307f30b8a94a37b2e11f953600ca09ab31a050 | 10319 | 1955 | 3 | False | 0 | FIRST POINT | NJ | 1971-04-26
10323 | 2026.1 | I B E W 26 | 4371 PARLIAMENT PL STE C | LANHAM | MD | 20706 | FCU | 1 | No | 2892 | 30206156 | 18178973 | 27399693 | 0.4062655957798671 | 7.344780977758308 | 66.34736016932744 | 4.02274904302744 | 22.938261961882244 | 4.668914279595815 | 3.991370010787487 | 5.7881315361331565 | 5010 | 1786129683120485 | 7818e4e3-3281-4b5f-b70e-b128779fec69 | 41f7d9655ef7d1d105c9718c2f307f30b8a94a37b2e11f953600ca09ab31a050 | 10323 | 1955 | 3 | False | 0 | I B E W 26 | MD | 1971-01-04
10324 | 2026.1 | JACKSON COUNTY | 309 N Allen St | Edna | TX | 77957 | FCU | 2 | No | 710 | 9214257 | 5890436 | 8337866 | 0.6657160363011323 | 9.28565374288996 | 70.64680578939503 | 7.342496686529243 | -3.6310412034332273 | 7.693588845433963 | -2.0689655172413834 | 10.68945130320824 | 5011 | 1786129683120485 | 7818e4e3-3281-4b5f-b70e-b128779fec69 | 41f7d9655ef7d1d105c9718c2f307f30b8a94a37b2e11f953600ca09ab31a050 | 10324 | 1955 | 2 | False | 0 | JACKSON COUNTY | TX | 1971-01-04
10327 | 2026.1 | VICTORIA TEACHERS | 2207 Wildwood St | Victoria | TX | 77901 | FCU | 2 | Yes | 1391 | 18141883 | 5790877 | 12204179 | 0.30657712734774983 | 32.50038047318462 | 47.449951365020134 | -2.0309259523126233 | -5.04584410560911 | -0.5481726664137709 | 5.219364599092291 | 2.1837465934742006 | 5014 | 1786129683120485 | 7818e4e3-3281-4b5f-b70e-b128779fec69 | 41f7d9655ef7d1d105c9718c2f307f30b8a94a37b2e11f953600ca09ab31a050 | 10327 | 1955 | 3 | False | 1 | VICTORIA TEACHERS | TX | 1971-01-04
10335 | 2026.1 | COCONINO | 2800 S Woodlands Village Blvd | Flagstaff | AZ | 86001 | FCU | 3 | Yes | 9639 | 126546327 | 58960371 | 111809009 | 0.8537491237699505 | 10.665095795312968 | 52.73311294620275 | 2.7767989132643 | -1.4963522136818064 | 3.8603241225579232 | -1.7631471667346132 | 12.812308584252353 | 5019 | 1786129683120485 | 7818e4e3-3281-4b5f-b70e-b128779fec69 | 41f7d9655ef7d1d105c9718c2f307f30b8a94a37b2e11f953600ca09ab31a050 | 10335 | 1955 | 5 | False | 1 | COCONINO | AZ | 1971-01-04
1034 | 2026.1 | OLIVE VIEW EMPLOYEES | P O BOX 923071 | SYLMAR | CA | 91392 | FCU | 3 | Yes | 6213 | 75225960 | 34195003 | 60690113 | -2.240975050996206 | 19.244416422203187 | 56.34361399195286 | 16.56441162806299 | -3.7857186167935652 | 12.522013871390246 | 4.244966442953024 | -0.1225838788538991 | 521 | 1786129683120485 | 7818e4e3-3281-4b5f-b70e-b128779fec69 | 41f7d9655ef7d1d105c9718c2f307f30b8a94a37b2e11f953600ca09ab31a050 | 1034 | 1936 | 4 | False | 1 | OLIVE VIEW EMPLOYEES | CA | 1971-01-04
10351 | 2026.1 | LA LOMA | PO Box 906 | Loma Linda | CA | 92354 | FCU | 3 | No | 6971 | 114333182 | 73499188 | 108257380 | 0.4687236086437626 | 9.523454879441735 | 67.8930046154821 | -0.6998691437325788 | 2.544288635086267 | 0.22177911085972113 | -45.243892859948154 | 6.983864879146262 | 5032 | 1786129683120485 | 7818e4e3-3281-4b5f-b70e-b128779fec69 | 41f7d9655ef7d1d105c9718c2f307f30b8a94a37b2e11f953600ca09ab31a050 | 10351 | 1955 | 5 | False | 0 | LA LOMA | CA | 1971-02-22
10353 | 2026.1 | ACCESS OF LOUISIANA | PO Box 1690 | Lake Charles | LA | 70602 | FCU | 2 | Yes | 3631 | 44701408 | 24998988 | 40186313 | 0.05611533907032855 | 9.681390796459924 | 62.20771733898553 | -7.011262850844579 | -9.764787343630932 | -6.356573258789366 | -3.6358811040339667 | -0.029960626147051972 | 5033 | 1786129683120485 | 7818e4e3-3281-4b5f-b70e-b128779fec69 | 41f7d9655ef7d1d105c9718c2f307f30b8a94a37b2e11f953600ca09ab31a050 | 10353 | 1955 | 3 | False | 1 | ACCESS OF LOUISIANA | LA | 1971-01-04
10362 | 2026.1 | NORTHERN REDWOOD | 1270 Giuntoli Ln | Arcata | CA | 95521 | FCU | 3 | Yes | 3167 | 24491763 | 12250984 | 22576655 | -1.7994866804888816 | 7.732701806725796 | 54.26394654123917 | 1.217833638055521 | -16.446473635557744 | 0.40752929288465634 | -1.6764979819931747 | -6.016903186554867 | 5039 | 1786129683120485 | 7818e4e3-3281-4b5f-b70e-b128779fec69 | 41f7d9655ef7d1d105c9718c2f307f30b8a94a37b2e11f953600ca09ab31a050 | 10362 | 1955 | 3 | False | 1 | NORTHERN REDWOOD | CA | 1972-01-03
10375 | 2026.1 | 1ST LIBERTY | P. O. Box 5002 | Great Falls | MT | 59403 | FCU | 3 | Yes | 14437 | 217527729 | 88043844 | 186170393 | 0.27752640366585546 | 14.040348391629648 | 47.29207613586549 | 2.191280078250779 | 4.127750609172187 | 2.9026343775173435 | -2.4131404623496056 | 0.9072305307231909 | 5047 | 1786129683120485 | 7818e4e3-3281-4b5f-b70e-b128779fec69 | 41f7d9655ef7d1d105c9718c2f307f30b8a94a37b2e11f953600ca09ab31a050 | 10375 | 1955 | 5 | False | 1 | 1ST LIBERTY | MT | 1971-01-04
10381 | 2026.1 | FERKO MD | 502 W Patrick St | Frederick | MD | 21701 | FCU | 1 | No | 3035 | 29883556 | 10622875 | 24142516 | 2.1867339568689004 | 19.16026994913189 | 44.00069570213809 | -2.824794901787797 | -7.857554065040684 | -0.5731634383684403 | -2.0019373587342626 | 10.170644366380778 | 5051 | 1786129683120485 | 7818e4e3-3281-4b5f-b70e-b128779fec69 | 41f7d9655ef7d1d105c9718c2f307f30b8a94a37b2e11f953600ca09ab31a050 | 10381 | 1955 | 3 | False | 0 | FERKO MD | MD | 1971-01-18
10393 | 2026.1 | ELECTRICAL WORKERS LOCAL 130 | 3200 RIDGELAKE DR STE 304 | METAIRIE | LA | 70002 | FCU | 2 | Yes | 1483 | 3335880 | 2276465 | 2841674 | -1.0780196336945165 | 14.598456779020827 | 80.10999854311225 | -16.42880060982801 | -4.963276811392725 | -14.56954151183546 | 0.4062288422477911 | -2.2650233907917983 | 5058 | 1786129683120485 | 7818e4e3-3281-4b5f-b70e-b128779fec69 | 41f7d9655ef7d1d105c9718c2f307f30b8a94a37b2e11f953600ca09ab31a050 | 10393 | 1955 | 2 | False | 1 | ELECTRICAL WORKERS LOCAL 130 | LA | 1971-03-05
10395 | 2026.1 | KINGS | 1415 W Lacey Blvd | Hanford | CA | 93230 | FCU | 3 | Yes | 9664 | 162875520 | 88722180 | 136535745 | 0.805760674445124 | 15.637709706160877 | 64.98091763442606 | 1.9226104240563702 | 0.8928548075821885 | 3.876258646192099 | 4.250269687162889 | 7.032879347811338 | 5060 | 1786129683120485 | 7818e4e3-3281-4b5f-b70e-b128779fec69 | 41f7d9655ef7d1d105c9718c2f307f30b8a94a37b2e11f953600ca09ab31a050 | 10395 | 1955 | 5 | False | 1 | KINGS | CA | 1971-01-04
10399 | 2026.1 | KAHULUI | 25 WEST KAMEHAMEHA AVENUE | KAHULUI | HI | 96732 | FCU | 3 | No | 3981 | 79477772 | 27700696 | 68228454 | 0.30620053635488864 | 13.731558806152744 | 40.599917447931624 | 5.093802387320734 | -0.11883036536263214 | 4.799637531827616 | -2.6174168297456 | 3.1748066572033773 | 5063 | 1786129683120485 | 7818e4e3-3281-4b5f-b70e-b128779fec69 | 41f7d9655ef7d1d105c9718c2f307f30b8a94a37b2e11f953600ca09ab31a050 | 10399 | 1955 | 4 | True | 0 | KAHULUI | HI | 1971-01-04
1040 | 2026.1 | CAPITAL EDUCATORS | P.O. BOX 570 | MERIDIAN | ID | 83680 | FCU | 3 | Yes | 100316 | 1403502472 | 1068149910 | 1033406977 | 0.29491739075033424 | 8.04750395908102 | 103.361979720793 | -13.404207619915887 | -12.932349153423717 | -10.681994211917045 | -3.8179063836315197 | -0.21389706289987043 | 524 | 1786129683120485 | 7818e4e3-3281-4b5f-b70e-b128779fec69 | 41f7d9655ef7d1d105c9718c2f307f30b8a94a37b2e11f953600ca09ab31a050 | 1040 | 1936 | 6 | False | 1 | CAPITAL EDUCATORS | ID | 1971-01-04
10433 | 2026.1 | BOPTI | 1451 S SEASIDE AVE | SAN PEDRO | CA | 90731 | FCU | 3 | Yes | 4274 | 64385017 | 20707825 | 48291158 | 0.807576972357244 | 24.193280868435586 | 42.88119369595569 | -16.527761925807873 | -17.395429720320855 | -12.410148834823342 | 0.18752930145335966 | 2.837469065768894 | 5083 | 1786129683120485 | 7818e4e3-3281-4b5f-b70e-b128779fec69 | 41f7d9655ef7d1d105c9718c2f307f30b8a94a37b2e11f953600ca09ab31a050 | 10433 | 1955 | 4 | False | 1 | BOPTI | CA | 1971-01-04
10442 | 2026.1 | UNITED TRADES | PO BOX 2293 | TUALATIN | OR | 97062 | FCU | 3 | Yes | 5943 | 54878461 | 35627821 | 47544096 | 0.238237688575297 | 13.292069178106141 | 74.93637275172927 | -4.136873492463433 | 0.10702806680467081 | -3.6119586137345894 | -5.381308708804333 | 0.7270536967791674 | 5088 | 1786129683120485 | 7818e4e3-3281-4b5f-b70e-b128779fec69 | 41f7d9655ef7d1d105c9718c2f307f30b8a94a37b2e11f953600ca09ab31a050 | 10442 | 1955 | 4 | False | 1 | UNITED TRADES | OR | 1971-01-04
10461 | 2026.1 | MCLENNAN COUNTY EMPLOYEES | 215 N 5th St Ste 224 | Waco | TX | 76701 | FCU | 2 | No | 1340 | 20689541 | 6920518 | 15064449 | 0.12712668248266512 | 26.636642156536965 | 45.93940342590692 | -3.441616640672185 | 14.707709504910849 | -2.5660545224010733 | -0.07457121551081025 | 0.36079630870338164 | 5099 | 1786129683120485 | 7818e4e3-3281-4b5f-b70e-b128779fec69 | 41f7d9655ef7d1d105c9718c2f307f30b8a94a37b2e11f953600ca09ab31a050 | 10461 | 1955 | 3 | False | 0 | MCLENNAN COUNTY EMPLOYEES | TX | 1971-01-04
10465 | 2026.1 | UNIVERSITY OF HAWAII | PO Box 22070 | Honolulu | HI | 96823 | FCU | 3 | No | 35354 | 956727565 | 365165635 | 877742447 | 1.0067654769247554 | 10.876660797371297 | 41.60282281528991 | 4.9995742740525095 | 13.273027471678823 | 6.450464973182735 | 2.6062224286045987 | 8.984595375884474 | 5101 | 1786129683120485 | 7818e4e3-3281-4b5f-b70e-b128779fec69 | 41f7d9655ef7d1d105c9718c2f307f30b8a94a37b2e11f953600ca09ab31a050 | 10465 | 1955 | 6 | True | 0 | UNIVERSITY OF HAWAII | HI | 1971-01-04
10481 | 2026.1 | MCMURREY | P.O. BOX 4575 | TYLER | TX | 75712 | FCU | 2 | No | 1726 | 22208023 | 12028622 | 19224571 | -0.35840885404576683 | 14.881410200268613 | 62.56900088953871 | -2.0641267333253333 | -16.066994445273252 | -1.7460063451804175 | -1.0888252148997135 | 0.16202351795913117 | 5112 | 1786129683120485 | 7818e4e3-3281-4b5f-b70e-b128779fec69 | 41f7d9655ef7d1d105c9718c2f307f30b8a94a37b2e11f953600ca09ab31a050 | 10481 | 1955 | 3 | False | 0 | MCMURREY | TX | 1971-01-04
1049 | 2026.1 | MEMBERSFIRST CT | 285 Broad Street | Meriden | CT | 06450 | FCU | 1 | No | 6096 | 107479139 | 41950453 | 94057343 | 0.6296308389391306 | 11.690080621133372 | 44.6009334964948 | 1.1875783241521054 | -0.7862703681872807 | 2.1605465279431746 | -0.5546492659053825 | 7.087467421562232 | 527 | 1786129683120485 | 7818e4e3-3281-4b5f-b70e-b128779fec69 | 41f7d9655ef7d1d105c9718c2f307f30b8a94a37b2e11f953600ca09ab31a050 | 1049 | 1936 | 5 | False | 0 | MEMBERSFIRST CT | CT | 1971-02-17
10502 | 2026.1 | YANTIS | PO BOX 267 | YANTIS | TX | 75497 | FCU | 2 | No | 1856 | 28535942 | 15870474 | 24540627 | 0.31264448611746387 | 13.460126881390494 | 64.67020585904345 | -4.12157682923856 | 0.6151095670255957 | -3.811808648076198 | 2.0902090209020896 | 0.7241118792582268 | 5122 | 1786129683120485 | 7818e4e3-3281-4b5f-b70e-b128779fec69 | 41f7d9655ef7d1d105c9718c2f307f30b8a94a37b2e11f953600ca09ab31a050 | 10502 | 1955 | 3 | False | 0 | YANTIS | TX | 1971-01-04
10515 | 2026.1 | NEW ORLEANS CLERK & CHECKERS | 651 BONNABEL BLVD | METAIRIE | LA | 70005 | FCU | 2 | No | 1096 | 8242786 | 4447294 | 6536581 | 0.9729527634470029 | 20.512943075314585 | 68.03700589038826 | -2.319803078924143 | 1.5193569115685035 | -1.5182215136479549 | 1.0138248847926246 | 1.7144527767517737 | 5129 | 1786129683120485 | 7818e4e3-3281-4b5f-b70e-b128779fec69 | 41f7d9655ef7d1d105c9718c2f307f30b8a94a37b2e11f953600ca09ab31a050 | 10515 | 1955 | 2 | False | 0 | NEW ORLEANS CLERK & CHECKERS | LA | 1971-03-19
10520 | 2026.1 | ALDERSON FCI | P. O. Box A | Alderson | WV | 24910 | FCU | 1 | Yes | 670 | 8595829 | 4831034 | 6430911 | 3.6814076067071158 | 24.63278410959548 | 75.12207834939716 | 4.8941608000317105 | -9.313040321342314 | 5.47637716530891 | -4.42225392296719 | 7.344078258965148 | 5132 | 1786129683120485 | 7818e4e3-3281-4b5f-b70e-b128779fec69 | 41f7d9655ef7d1d105c9718c2f307f30b8a94a37b2e11f953600ca09ab31a050 | 10520 | 1955 | 2 | False | 1 | ALDERSON FCI | WV | 1971-06-28
10551 | 2026.1 | SCURRY COUNTY SCHOOL | 1903 40TH ST | SNYDER | TX | 79549 | FCU | 2 | No | 1163 | 12398223 | 6993933 | 10289315 | -2.245732620722095 | 16.854867024088854 | 67.97277564152716 | 12.939961444186654 | 12.15864972136471 | 11.148401963413136 | 2.196836555360271 | -0.0012441798701301465 | 5147 | 1786129683120485 | 7818e4e3-3281-4b5f-b70e-b128779fec69 | 41f7d9655ef7d1d105c9718c2f307f30b8a94a37b2e11f953600ca09ab31a050 | 10551 | 1955 | 3 | False | 0 | SCURRY COUNTY SCHOOL | TX | 1971-01-04
10572 | 2026.1 | FITZSIMONS | 2201 N FITZSIMONS PKWY | AURORA | CO | 80045 | FCU | 3 | Yes | 12964 | 214631436 | 149238453 | 172924270 | -0.34421349922910377 | 13.854443950139716 | 86.30278040208006 | 0.1168406239698161 | -7.651984865238537 | 0.5034475874866828 | -10.38916154005668 | -1.389246026137425 | 5158 | 1786129683120485 | 7818e4e3-3281-4b5f-b70e-b128779fec69 | 41f7d9655ef7d1d105c9718c2f307f30b8a94a37b2e11f953600ca09ab31a050 | 10572 | 1955 | 5 | False | 1 | FITZSIMONS | CO | 1971-01-04
10577 | 2026.1 | BIG SPRING EDUCATION EMPLOYEES | PO BOX 1110 | BIG SPRING | TX | 79721 | FCU | 2 | No | 4278 | 55824577 | 21561097 | 45685521 | 3.2527321549318136 | 17.846281217679447 | 47.194595854559694 | -6.301744443296375 | -0.4953014342854001 | -4.195409620199242 | 1.254437869822489 | 5.475306401689539 | 5162 | 1786129683120485 | 7818e4e3-3281-4b5f-b70e-b128779fec69 | 41f7d9655ef7d1d105c9718c2f307f30b8a94a37b2e11f953600ca09ab31a050 | 10577 | 1955 | 4 | False | 0 | BIG SPRING EDUCATION EMPLOYEES | TX | 1971-01-04
(4250 rows; csv has all)

-- S11 NCUA merger events: all 27, and whether the merging charter is still on the insured list
REGION | CONTINUING_CREDIT_UNION_CHARTER | CONTINUING_NAME | CONTINUING_LOCATION | CONTINUING_ASSETS | MERGING_CREDIT_UNION_CHARTER | MERGING_CREDIT_UNION_NAME | MERGING_LOCATION | MERGING_ASSETS | MERGING_REASON | CONTINUING_FIELD_OF_MEMBERSHIP | MERGING_FIELD_OF_MEMBERSHIP | _LOADED_AT | _SOURCE_RUN_ID | _SRC_SHA256 | STILL_LISTED | LISTED_ASSETS | LISTED_NW
3 | 24693 | GOLDENWEST | OGDEN, UT | 3952280612 | 11520 | ASCENT | OGDEN, UT | 172320421 | EXPANDED SERVICES | Employees of the following groups who work in or are paid from Davis County, Utah:  Clearfield City, Sunset City; underserved areas; other occupational groups or associational groups. | Employees of Ogden-Weber Technical College who work in, or are paid or supervised from Ogden, UT; other occupational groups. | 1786153388050031 | 1b51fadb-e341-4e8c-b807-07d67c599a3b | 100b43cfa7575c531761b4ddc630539ad1d1cc968594815026f958740ac57523 | 11520 | 173071159 | 8.987889773130831
1 | 24560 | GREYLOCK | PITTSFIELD, MA | 1652773188 | 12604 | FRANKLIN FIRST | GREENFIELD, MA | 84103874 | EXPANDED SERVICES | Employees of Adelson & Company PC who work in or are headquartered in Pittsfield, Massachusetts; underserved areas in Pittsfield, Massachusetts; other occupational groups or associational groups. | Employees of Current Electric/Current Energy who work in Bernardston, MA; other occupational groups. | 1786153388050031 | 1b51fadb-e341-4e8c-b807-07d67c599a3b | 100b43cfa7575c531761b4ddc630539ad1d1cc968594815026f958740ac57523 | 12604 | 88471976 | 8.600158314537929
2 | 60619 | EPB EMPLOYEES | CHATTANOOGA, TN | 39260168 | 12826 | BASF CHATTANOOGA | CHATTANOOGA, TN | 3383703 | EXPANDED SERVICES | Employees of EPB and EPB Employees Credit Union; employees of Current EPB Contractors; employees of TN American Water. | Employees of BASF Corporation; other occupational groups. | 1786153388050031 | 1b51fadb-e341-4e8c-b807-07d67c599a3b | 100b43cfa7575c531761b4ddc630539ad1d1cc968594815026f958740ac57523 | 12826 | 3501409 | 19.121273750081752
3 | 68409 | CABRILLO | SAN DIEGO, CA | 544113849 | 14016 | INLAND | LA MESA, CA | 15252001 | EXPANDED SERVICES | Person who live, work or worship in San Diego County; California; other occupational or associational groups. | Registered members of parishes in the El Cajon Deanery of the Diocese of San Diego; other occupational or associational groups. | 1786153388050031 | 1b51fadb-e341-4e8c-b807-07d67c599a3b | 100b43cfa7575c531761b4ddc630539ad1d1cc968594815026f958740ac57523 | 14016 | 14795534 | 8.04054115248561
1 | 10671 | GREATER PITTSBURGH | PITTSBURGH, PA | 72337985 | 17371 | SMMH | PITTSBURGH, PA | 3540315 | EXPANDED SERVICES | Faculty and employees of the University of Pittsburgh, professional staff and employees of Presbyterian-University Hospital who work in or are paid from Pittsburgh, Pennsylvania; other occupational groups or associational groups. | Employees, doctors, medical staff, and technicians of the St. Margaret's Memorial Hospital who work in Pittsburgh, Pennsylvania; other occupational group. | 1786153388050031 | 1b51fadb-e341-4e8c-b807-07d67c599a3b | 100b43cfa7575c531761b4ddc630539ad1d1cc968594815026f958740ac57523 | 17371 | 3280101 | 23.200413645799323
2 | 489 | PRIMETRUST FINANCIAL | MUNCIE, IN | 244017060 | 19390 | DEL MET | MUNCIE, IN | 8744487 | EXPANDED SERVICES | Persons who live work, worship, attend school, participate in programs to alleviate poverty or distress, or participate in associations headquartered in; & business & other legal entities, inc. or unincorp. organizations. | Employees of Delaware Community School Corporation; other occupational groups. | 1786153388050031 | 1b51fadb-e341-4e8c-b807-07d67c599a3b | 100b43cfa7575c531761b4ddc630539ad1d1cc968594815026f958740ac57523 | 19390 | 8309792 | 14.872237475980146
1 | 10184 | FRIENDLY | ALIQUIPPA, PA | 67776696 | 2098 | ALIQUIPPA TEACHERS | BEAVER, PA | 139126 | INABILITY TO OBTAIN OFFICIALS | Employees of the Blast Furnace, Service Department who work in Aliquippa, Pennsylvania, other occupational or associational groups. | Professional employees and secretaries of the Aliquippa, Pennsylvania Board of Education who work in Aliquippa, Pennsylvania. | 1786153388050031 | 1b51fadb-e341-4e8c-b807-07d67c599a3b | 100b43cfa7575c531761b4ddc630539ad1d1cc968594815026f958740ac57523 | 2098 | 131327 | 34.55953459684604
2 | 68727 | CREDIT UNION 1 | LOMBARD, IL | 2335134429 | 22704 | INDIANA LAKES | WARSAW, IN | 27546082 | EXPANDED SERVICES | Members of Credit Union 1 Educational Development Association in Rantoul, Illinois; other occupational or associational groups.  Persons who live, work, or attend school in City of Henderson, Nevada; Dekalb or Fulton Counties, Georgia; various counties wi | Persons who reside, work, worship, attend school in, and businesses and other legal entities in Kosciusko County, Indiana. | 1786153388050031 | 1b51fadb-e341-4e8c-b807-07d67c599a3b | 100b43cfa7575c531761b4ddc630539ad1d1cc968594815026f958740ac57523 | 22704 | 28362143 | 11.52653732829709
3 | 62801 | WEST COMMUNITY | O FALLON, MO | 491109871 | 24797 | GATEWAY METRO | SAINT LOUIS, MO | 173455630 | POOR FINANCIAL CONDITION | Persons who live or work in live or work in the Missouri counties of Boone, Franklin, Lincoln, St. Charles, or St. Louis; City of Sikeston or City of St. Louis, Missouri; other occupational or associational groups. | Persons who live, work, worship, or attend school in, and businesses and other legal entities located in St. Louis City, Missouri, St. Louis, St. Charles or Jefferson Counties, Missouri, and St. Clair, Madison, or Monroe Counties, Illinois. | 1786153388050031 | 1b51fadb-e341-4e8c-b807-07d67c599a3b | 100b43cfa7575c531761b4ddc630539ad1d1cc968594815026f958740ac57523 | 24797 | 177118605 | 5.866998557266189
1 | 68727 | CREDIT UNION 1 | LOMBARD, IL | 2293617968 | 24874 | GREAT LAKES | BAY CITY, MI | 59673680 | EXPANDED SERVICES | Members of Credit Union 1 Educational Development Association in Rantoul, Illinois; other occupational or associational groups.  Persons who live, work, or attend school in City of Henderson, Nevada; Dekalb or Fulton Counties, Georgia; various counties wi | Persons who live, work (or regularly conduct business in), worship, or attend school in and businesses and other legal entities located in the rural district of:  the townships of Birch Run and Taymouth in Saginaw County; Bay, Gladwin, Midland or Tuscola Counties in Michigan. | 1786153388050031 | 1b51fadb-e341-4e8c-b807-07d67c599a3b | 100b43cfa7575c531761b4ddc630539ad1d1cc968594815026f958740ac57523 | 24874 | 60100201 | 11.889462732412493
1 | 6233 | WEST-AIRCOMM | BEAVER, PA | 364863737 | 3278 | SOUTHWEST COMMUNITIES | CARNEGIE, PA | 18355052 | EXPANDED SERVICES | Persons who live, work (or regularly conduct business), worship, or attend school in, and businesses and other legal entities located in Allegheny, Beaver, and Butler Counties, Pennsylvania. | Persons who live, work (or regularly conduct business), worship, or attend school in, and businesses and other legal entities in Allegheny, Crafton, Carnegie, Rosslyn Farms, Bridgeville, Heidelberg, Collier, Scott, Castle Shannon, Dormont, Greentree, Robinson, Kennedy, Ingram, Thornburg, Pennsbury, Stowe, McKees Rocks, or Mt. Lebanon Counties, Pennsylvania: | 1786153388050031 | 1b51fadb-e341-4e8c-b807-07d67c599a3b | 100b43cfa7575c531761b4ddc630539ad1d1cc968594815026f958740ac57523 | 3278 | 19015975 | 9.979472522444945
1 | 7573 | ARLINGTON COMMUNITY | ARLINGTON, VA | 527555000 | 5134 | COMMONWEALTH ONE | ALEXANDRIA, VA | 521280242 | EXPANDED SERVICES | Employees of Animal Welfare League of Arlington (AWLA) who work in or are supervised from Arlington, Virginia; other occupational groups. | Civilian and military personnel of U. S. Army Materiel Command who work at or are assigned at Headquarters, U. S. Army Materiel Command; other civilian and military personnel of the Department of Defense who work at or are stationed in U.S. Army Materiel Command Headquarters in Alexandria or Fort Belvoir, Virginia; other occupational groups or associational groups. | 1786153388050031 | 1b51fadb-e341-4e8c-b807-07d67c599a3b | 100b43cfa7575c531761b4ddc630539ad1d1cc968594815026f958740ac57523 | 5134 | 509319859 | 7.670789447854615
2 | 64598 | ALABAMA STATE EMPLOYEES | MONTGOMERY, AL | 426341251 | 5345 | MONTGOMERY VA | MONTGOMERY, AL | 6368645 | EXPANDED SERVICES | Employees of the State of Alabama; persons who live, work, worship, or attend school in Montgomery, Autauga, Butler, Bullock, Chilton, Crenshaw, Dallas, Elmore, Lowndes, Macon and Pike counties, AL. | Employees of Montgomery VA Regional Office; employees of Montgomery VA Medical Center; employees of Baptist Healthcare. | 1786153388050031 | 1b51fadb-e341-4e8c-b807-07d67c599a3b | 100b43cfa7575c531761b4ddc630539ad1d1cc968594815026f958740ac57523 | 5345 | 6012882 | 12.201636419939723
3 | 17117 | R.I.A. | ROCK ISLAND, IL | 659342767 | 60346 | REDBRAND | BARTONVILLE, IL | 73801702 | EXPANDED SERVICES | Civilian employees and military personnel of the United States Government and employees of nonappropriated fund activities who work at or are stationed at Rock Island Arsenal, Rock Island, Illinois, or Joliet Army Ammunition Plant, Joliet, Illinois; under | Employees of Keystone Steel & Wire who work in Bartonville, Illinois; other occupational groups. | 1786153388050031 | 1b51fadb-e341-4e8c-b807-07d67c599a3b | 100b43cfa7575c531761b4ddc630539ad1d1cc968594815026f958740ac57523 | 60346 | 76283572 | 12.244295534561491
3 | 68687 | ROCK VALLEY | LOVES PARK, IL | 172275712 | 62826 | ROCKFORD MUNICIPAL EMPLOYEES | ROCKFORD, IL | 23476108 | EXPANDED SERVICES | Persons who live, work, worship, or attend school in Winnebago, Boone, Ogle, DeKalb, Lee, or Stephenson Counties, Illinois, or Green, Rock, or Walworth Counties, Wisconsin. | Employees of City of Rockford who work in Illinois; other occupational groups. | 1786153388050031 | 1b51fadb-e341-4e8c-b807-07d67c599a3b | 100b43cfa7575c531761b4ddc630539ad1d1cc968594815026f958740ac57523 | 62826 | 23724823 | 15.752724477649421
3 | 65063 | NOVATION | OAKDALE, MN | 240191019 | 64168 | HEARTLAND | INVER GROVE HEI, MN | 176580196 | EXPANDED SERVICES | Persons who live, work, (or regularly conduct business in), worship, or attend school in McLeod or Washington County Minnesota; other occupational groups or associational groups. | Persons who live, work (or regularly conduct business in), worship, or attend school in Dakota, Scott, Rice, Le Sueur, Carver, Hennepin, Ramsey, Washington, Anoka, Chisago Counties, Minnesota; other occupational groups. | 1786153388050031 | 1b51fadb-e341-4e8c-b807-07d67c599a3b | 100b43cfa7575c531761b4ddc630539ad1d1cc968594815026f958740ac57523 | 64168 | 176398212 | 9.713846192499956
3 | 63602 | CORDA | CEDAR RAPIDS, IA | 726261542 | 65136 | ST. ATHANASIUS | JESUP, IA | 502130 | EXPANDED SERVICES | Persons who live or work in 22 Counties, Iowa. | Employees and members of St. Athanasius Parish, employees of St. Athanasius Parish located in Jesup, Iowa; other occupational group. | 1786153388050031 | 1b51fadb-e341-4e8c-b807-07d67c599a3b | 100b43cfa7575c531761b4ddc630539ad1d1cc968594815026f958740ac57523 | 65136 | 498619 | 21.668648808007717
3 | 5257 | KANSAS STATE UNIVERSITY | MANHATTAN, KS | 139947713 | 67799 | SALINA INTERPAROCHIAL | SALINA, KS | 22498237 | EXPANDED SERVICES | Persons who live, work, worship or attend school in, and businesses and other legal entities located in Clay, Cloud, Dickinson, Ellsworth, Geary, McPherson, Morris, Ottawa, Pottawatomie, Riley or Saline Counties, Kansas, a rural district. | Persons who live or work in Saline, McPherson, Dickinson, Ottawa, Cloud and Ellsworth Counties, Kansas. | 1786153388050031 | 1b51fadb-e341-4e8c-b807-07d67c599a3b | 100b43cfa7575c531761b4ddc630539ad1d1cc968594815026f958740ac57523 | 67799 | 21947946 | 28.601938422848317
3 | 24606 | GREAT NORTHWEST | ABERDEEN, WA | 262716696 | 68231 | STRAIT VIEW | PORT ANGELES, WA | 105173169 | EXPANDED SERVICES | Persons who live, work, (or regularly conduct business in), worship or attend school in, and businesses and other legal entities located in the rural district of Clallam, Grays Harbor, Jefferson, Lewis, Mason, Pacific, Thurston, or Wahkiakum Counties, Was | Person who live and work in Grays Harbor, Pacific, Lewis, Mason, Wahkiakum, Clallam, Jefferson, and Thurston Counties in Washington. | 1786153388050031 | 1b51fadb-e341-4e8c-b807-07d67c599a3b | 100b43cfa7575c531761b4ddc630539ad1d1cc968594815026f958740ac57523 | 68231 | 105663003 | 13.881643132932725
3 | 24034 | NOTRE DAME | NOTRE DAME, IN | 1249077174 | 68469 | CATHOLIC UNITED FINANCIAL | SAINT PAUL, MN | 37131615 | EXPANDED SERVICES | Employees of the University of Notre Dame du Lac; other occupational groups or associational groups. | Persons who are Catholic and live in Minnesota, Wisconsin, Iowa, North Dakota, or South Dakota; other occupational or associational groups. | 1786153388050031 | 1b51fadb-e341-4e8c-b807-07d67c599a3b | 100b43cfa7575c531761b4ddc630539ad1d1cc968594815026f958740ac57523 | 68469 | 34401832 | 10.45245206708759
2 | 65458 | ORIGINS | INDIANAPOLIS, IN | 44926465 | 68584 | HARVESTER FINANCIAL | INDIANAPOLIS, IN | 81923331 | EXPANDED SERVICES | Persons who work or live in Marion (excluding Pike, Washington & Lawrence Townships), Morgan, Johnson, Hendricks, Pike and Davies Counties, Indiana. | Persons who work or live in Shelby, Decatur, Rush, and Marion Counties (Excluding Pike Township), Indiana. | 1786153388050031 | 1b51fadb-e341-4e8c-b807-07d67c599a3b | 100b43cfa7575c531761b4ddc630539ad1d1cc968594815026f958740ac57523 | 68584 | 82416387 | 9.706276010376431
1 | 61404 | LOC | FARMINGTON, MI | 467041553 | 68679 | ADVANTAGE ONE | BROWNSTOWN, MI | 256904623 | EXPANDED SERVICES | Persons who live, work, worship, or attend school in Michigan. | Persons who live, work, worship, or attend school in Michigan. | 1786153388050031 | 1b51fadb-e341-4e8c-b807-07d67c599a3b | 100b43cfa7575c531761b4ddc630539ad1d1cc968594815026f958740ac57523 | 68679 | 266013188 | 11.615292547074771
2 | 1245 | COTTON BELT | PINE BLUFF, AR | 69753823 | 7700 | ARKANSAS AM & N COLLEGE | PINE BLUFF, AR | 1999807 | EXPANDED SERVICES | MCB - Employees of Union Pacific Corporation; other occupational or associational groups; with 1 under-served area in Cleveland, Jefferson, Lincoln and Lonoke counties, Arkansas. | SCB - Faculty, office and custodial employees of the University of Arkansas at Pine Bluff (UAPB), formerly Agricultural, Mechanical and Normal College, who work in Pine Bluff, Arkansas. | 1786153388050031 | 1b51fadb-e341-4e8c-b807-07d67c599a3b | 100b43cfa7575c531761b4ddc630539ad1d1cc968594815026f958740ac57523 | 7700 | 1999807 | 7.481922005473527
3 | 66157 | CREDIT UNION 1 | ANCHORAGE, AK | 1526130736 | 8080 | MAC | FAIRBANKS, AK | 173937748 | INABILITY TO OBTAIN OFFICIALS | Members of Credit Union 1 Educational Development Association in Rantoul, Illinois; other occupational or associational groups.  Persons who live, work, or attend school in City of Henderson, Nevada; Dekalb or Fulton Counties, Georgia; various counties wi | Persons who live, work (or regularly conduct business in), worship, or attend school in, and businesses and other legal entities located in Denali Borough, Fairbanks North Star Borough, Matanuska-Susitna Borough, or Southeast Fairbanks Census Area, Alaska. | 1786153388050031 | 1b51fadb-e341-4e8c-b807-07d67c599a3b | 100b43cfa7575c531761b4ddc630539ad1d1cc968594815026f958740ac57523 | 8080 | 175882044 | 11.397161725047953
2 | 68545 | MY | HASLET, TX | 56056045 | 11761 | PECO | MINERAL WELLS, TX | 3660294 | EXPANDED SERVICES | Persons who live, work, worship, attend school, and any business and non-business entities, orgs. &  assocs.  located in Denton, Grayson, Johnson, Kaufman, Smith, Tarrant Van Zandt, Wise & Wood counties, TX. | Employees of Perry Equipment Corporation; other occupational groups. | 1786153388050031 | 1b51fadb-e341-4e8c-b807-07d67c599a3b | 100b43cfa7575c531761b4ddc630539ad1d1cc968594815026f958740ac57523 |  |  | 
3 | 66751 | LANDMARK | BROOKFIELD, WI | 7480431222 | 66660 | ALLOY EMPLOYEES | WAUKESHA, WI | 327515 | INABILITY TO OBTAIN OFFICIALS | Person who live or work in Southern or Northeastern Counties, Wisconsin; Lake and McHenry Counties in Illinois. | Employees of Alloy Corporation who work in Waukesha, Wisconsin. | 1786153388050031 | 1b51fadb-e341-4e8c-b807-07d67c599a3b | 100b43cfa7575c531761b4ddc630539ad1d1cc968594815026f958740ac57523 |  |  | 
3 | 68215 | ALERO FINANCIAL | ELGIN, IL | 829822117 | 63373 | NORTH BAY | SANTA ROSA, CA | 114376710 | POOR FINANCIAL CONDITION | Persons who live, work (or regularly conduct business in) 25 miles radius of CU branch; other occupational or associational groups. | Persons who lives, works or worships in Marin, Solano and Napa counties, California; other occupational or associational groups. | 1786153388050031 | 1b51fadb-e341-4e8c-b807-07d67c599a3b | 100b43cfa7575c531761b4ddc630539ad1d1cc968594815026f958740ac57523 |  |  | 
(27 rows; csv has all)

-- S12 FDIC: active banks extract with FDIC enforcement orders aggregated by CERT (all time and since 2020)
CERT | NAME | CITY | STALP | BKCLASS | CHRTAGNT | SPECGRP | CLCODE | ESTYMD | ASSET | DEP | DEPDOM | NETINC | REPDTE | OFFICES | OFFICES_DOMESTIC | MDI_STATUS_CODE | MDI_STATUS_DESC | HOLDING_COMPANY_NAME | FDIC_SUPERVISOR | CBSA_METRO_NAME | ORDERS_ALL | ORDERS_2020 | CD_2020 | CMP_2020 | CMP_AMT_2020 | LAST_ORDER | TYPES_2020
15760 | Citizens National Bank of Albion | Albion | IL | N | OCC | 2.0 | 3 | 1940-08-05 | 353381.0000 | 289407.0000 | 289407.0000 | 1276.0000 | 2026-03-31 | 5 | 5 |  | NONE | CITIZENS BANCSHARES INC | Chicago |  |  |  |  |  |  |  | 
15762 | First American Bank | Stonewall | OK | NM | STATE | 2.0 | 21 | 1940-07-04 | 36111.0000 | 31432.0000 | 31432.0000 | 112.0000 | 2026-03-31 | 1 | 1 |  | NONE |  | Dallas |  |  |  |  |  |  |  | 
15763 | FIRST NATIONAL BANK OF NOKOMIS | Nokomis | IL | N | OCC | 2.0 | 3 | 1940-09-03 | 182740.0000 | 162213.0000 | 162213.0000 | 527.0000 | 2026-03-31 | 4 | 4 |  | NONE | FIRST NOKOMIS BCORP INC | Chicago |  |  |  |  |  |  |  | 
15771 | Northeast Georgia Bank | Lavonia | GA | NM | STATE | 4.0 | 21 | 1934-01-01 | 650820.0000 | 566618.0000 | 566618.0000 | 4170.0000 | 2026-03-31 | 9 | 9 |  | NONE | FIRST SECURITY BANKSHARES INC | Atlanta |  |  |  |  |  |  |  | 
15772 | Mediapolis Savings Bank | Mediapolis | IA | NM | STATE | 2.0 | 21 | 1940-09-16 | 272632.0000 | 232032.0000 | 232032.0000 | 910.0000 | 2026-03-31 | 5 | 5 |  | NONE | MEDIAPOLIS BCORP | Kansas City |  | 2 | 0 | 0 | 0 | 0.00 | 1998-06-01 | 
15778 | Grant County Bank | Medford | OK | SM | STATE | 2.0 | 13 | 1895-01-01 | 59274.0000 | 50007.0000 | 50007.0000 | -11.0000 | 2026-03-31 | 1 | 1 |  | NONE |  | Dallas |  |  |  |  |  |  |  | 
15779 | The Farmers & Merchants Bank | Berlin | WI | SM | STATE | 4.0 | 13 | 1940-12-02 | 949001.0000 | 822608.0000 | 822608.0000 | 2829.0000 | 2026-03-31 | 2 | 2 |  | NONE | KUJAWA FAMILY HOLDINGS INC | Chicago |  |  |  |  |  |  |  | 
15784 | The Stock Exchange Bank, Caldwell, Kansas | Caldwell | KS | SM | STATE | 5.0 | 13 | 1881-11-12 | 94525.0000 | 86701.0000 | 86701.0000 | 335.0000 | 2026-03-31 | 2 | 2 |  | NONE | STOCK EXCHANGE FINANCIAL CORP | Kansas City | Wichita, KS |  |  |  |  |  |  | 
15792 | Peoples Bank of Moniteau County | Jamestown | MO | NM | STATE | 2.0 | 21 | 1941-01-13 | 84349.0000 | 74319.0000 | 74319.0000 | 287.0000 | 2026-03-31 | 2 | 2 |  | NONE | JAMESTOWN BANCSHARES INC | Kansas City | Jefferson City, MO | 1 | 0 | 0 | 0 | 0.00 | 2019-06-05 | 
15797 | Broadway National Bank | San Antonio | TX | N | OCC | 4.0 | 3 | 1941-02-03 | 5740527.0000 | 5196036.0000 | 5196036.0000 | 22040.0000 | 2026-03-31 | 33 | 34 |  | NONE | BROADWAY BANCSHARES INC | Dallas | San Antonio-New Braunfels, TX |  |  |  |  |  |  | 
15799 | Premier Community Bank | Marion | WI | NM | STATE | 4.0 | 21 | 1941-02-24 | 562240.0000 | 495374.0000 | 495374.0000 | 786.0000 | 2026-03-31 | 10 | 11 |  | NONE | M S B BCORP INC | Chicago |  | 2 | 0 | 0 | 0 | 0.00 | 2014-12-24 | 
15801 | Farmers and Merchants Bank | Baldwyn | MS | SM | STATE | 4.0 | 13 | 1941-03-10 | 567075.0000 | 486424.0000 | 486424.0000 | 2406.0000 | 2026-03-31 | 12 | 12 |  | NONE | FMB BANCSHARES INC | Dallas |  |  |  |  |  |  |  | 
15808 | Iowa State Bank | Des Moines | IA | NM | STATE | 4.0 | 21 | 1941-04-14 | 464326.0000 | 378580.0000 | 378580.0000 | 1680.0000 | 2026-03-31 | 5 | 5 |  | NONE | IOWA STATE BANK HOLDING CO | Kansas City | Des Moines-West Des Moines, IA | 1 | 0 | 0 | 0 | 0.00 | 2010-03-26 | 
15809 | Security State Bank & Trust | Fredericksburg | TX | NM | STATE | 4.0 | 21 | 1941-04-07 | 1981114.0000 | 1738414.0000 | 1738414.0000 | 9959.0000 | 2026-03-31 | 22 | 22 |  | NONE | SECURITY HOLDING CO | Dallas |  |  |  |  |  |  |  | 
15815 | Central Bank & Trust Co. | Lexington | KY | NM | STATE | 4.0 | 21 | 1938-04-15 | 3992204.0000 | 3114713.0000 | 3114713.0000 | 12189.0000 | 2026-03-31 | 29 | 28 |  | NONE | CENTRAL BANCSHARES INC | Chicago | Lexington-Fayette, KY | 1 | 0 | 0 | 0 | 0.00 | 2011-01-06 | 
15817 | Genesis Bank | Benoit | MS | NM | STATE | 6.0 | 21 | 1904-01-01 | 98319.0000 | 83343.0000 | 83343.0000 | 268.0000 | 2026-03-31 | 1 | 1 |  | NONE | GENESIS BCORP INC | Dallas |  | 4 | 0 | 0 | 0 | 0.00 | 2002-04-12 | 
15820 | Red River State Bank | Halstad | MN | NM | STATE | 2.0 | 21 | 1934-01-01 | 120156.0000 | 102414.0000 | 102414.0000 | 631.0000 | 2026-03-31 | 2 | 2 |  | NONE | RED RIVER FINL SERVICES INC | Kansas City |  |  |  |  |  |  |  | 
15826 | The Claxton Bank | Bellville | GA | NM | STATE | 4.0 | 21 | 1941-02-24 | 294765.0000 | 251139.0000 | 251139.0000 | 93.0000 | 2026-03-31 | 4 | 4 |  | NONE | SOUTHERN BANKSHARES INC | Atlanta |  |  |  |  |  |  |  | 
15839 | Security State Bank | Algona | IA | NM | STATE | 2.0 | 21 | 1931-03-01 | 114750.0000 | 84985.0000 | 84985.0000 | 619.0000 | 2026-03-31 | 4 | 4 |  | NONE | BURT BANCSHARES INC | Kansas City |  |  |  |  |  |  |  | 
15847 | Sunrise Bank Dakota | Onida | SD | NM | STATE | 2.0 | 21 | 1925-01-01 | 61935.0000 | 54369.0000 | 54369.0000 | 127.0000 | 2026-03-31 | 1 | 1 |  | NONE | ADINO CO THE | Kansas City |  | 3 | 1 | 0 | 1 | 15000.00 | 2020-02-24 | Assessment of Civil Money Penalty
15853 | The Farmers State Bank | Fairview | KS | NM | STATE | 2.0 | 21 | 1929-09-14 | 25183.0000 | 21968.0000 | 21968.0000 | 91.0000 | 2026-03-31 | 1 | 1 |  | NONE |  | Kansas City |  |  |  |  |  |  |  | 
15871 | The Peoples Bank | Ripley | MS | NM | STATE | 7.0 | 21 | 1925-03-03 | 582218.0000 | 524046.0000 | 524046.0000 | 1463.0000 | 2026-03-31 | 6 | 6 |  | NONE | PEOPLES CORP THE | Dallas |  |  |  |  |  |  |  | 
15873 | Milledgeville State Bank | Milledgeville | IL | NM | STATE | 2.0 | 21 | 1942-01-02 | 212671.0000 | 169334.0000 | 169334.0000 | 519.0000 | 2026-03-31 | 1 | 1 |  | NONE | MILLEDGEVILLE BCORP INC | Chicago |  |  |  |  |  |  |  | 
15883 | DeMotte State Bank | Demotte | IN | SM | STATE | 2.0 | 13 | 1942-02-02 | 606156.0000 | 501689.0000 | 501689.0000 | 1292.0000 | 2026-03-31 | 10 | 10 |  | NONE | DEMOTTE BCORP | Chicago | Chicago-Naperville-Elgin, IL-IN-WI |  |  |  |  |  |  | 
15898 | First State Bank of Livingston | Livingston | TX | SM | STATE | 7.0 | 13 | 1910-10-05 | 724360.0000 | 631038.0000 | 631038.0000 | 1723.0000 | 2026-03-31 | 8 | 8 |  | NONE | EAST TEXAS BANCSHARES INC | Dallas |  |  |  |  |  |  |  | 
15899 | Fusion Bank | Larned | KS | SM | STATE | 4.0 | 13 | 1896-01-01 | 233583.0000 | 174253.0000 | 174253.0000 | 1069.0000 | 2026-03-31 | 3 | 3 |  | NONE | FIRST STATE FINANCIAL CORP | Kansas City |  |  |  |  |  |  |  | 
15904 | The Four County Bank | Allentown | GA | NM | STATE | 8.0 | 21 | 1941-09-15 | 89515.0000 | 78341.0000 | 78341.0000 | 407.0000 | 2026-03-31 | 1 | 1 |  | NONE | FOUR COUNTY BANCSHARES INC | Atlanta |  |  |  |  |  |  |  | 
15908 | Union State Bank | Clay Center | KS | SM | STATE | 2.0 | 13 | 1901-06-01 | 199094.0000 | 168425.0000 | 168425.0000 | 452.0000 | 2026-03-31 | 4 | 4 |  | NONE | UNION STATE BANC HOLDING CORP | Kansas City |  |  |  |  |  |  |  | 
15912 | Ives Bank | Danbury | CT | SI | STATE | 4.0 | 41 | 1849-06-26 | 1694155.0000 | 1353280.0000 | 1353280.0000 | 4262.0000 | 2026-03-31 | 16 | 16 |  | NONE | IVES MUTUAL HOLDING CO INC | New York |  |  |  |  |  |  |  | 
15913 | First Community Bank and Trust | Beecher | IL | SM | STATE | 4.0 | 13 | 1916-11-16 | 202541.0000 | 170908.0000 | 170908.0000 | 880.0000 | 2026-03-31 | 2 | 2 |  | NONE | FIRST COMMUNITY BCORP INC | Chicago | Chicago-Naperville-Elgin, IL-IN-WI |  |  |  |  |  |  | 
15930 | Maxwell State Bank | Maxwell | IA | NM | STATE | 2.0 | 21 | 1943-02-01 | 28059.0000 | 24574.0000 | 24574.0000 | -237.0000 | 2026-03-31 | 1 | 1 |  | NONE | AGCOM HOLDINGS INC | Kansas City | Ames, IA | 1 | 1 | 1 | 0 |  | 2023-01-27 | Cease and Desist / Consent Orders
15932 | The Citizens Bank | Olanta | SC | NM | STATE | 9.0 | 21 | 1938-09-24 | 1164386.0000 | 1034963.0000 | 1034963.0000 | 3311.0000 | 2026-03-31 | 26 | 26 |  | NONE | CITIZENS BANCSHARES CORP | Atlanta | Florence, SC | 1 | 0 | 0 | 0 | 0.00 | 2019-01-24 | 
15939 | Peoples State Bank | Rocksprings | TX | NM | STATE | 2.0 | 21 | 1943-05-01 | 142614.0000 | 129422.0000 | 129422.0000 | 625.0000 | 2026-03-31 | 2 | 2 |  | NONE |  | Dallas |  |  |  |  |  |  |  | 
15945 | Forest Park National Bank and Trust Company | Forest Park | IL | N | OCC | 4.0 | 3 | 1943-05-15 | 320396.0000 | 286590.0000 | 286590.0000 | 748.0000 | 2026-03-31 | 2 | 2 |  | NONE | FIRST FOREST PARK CORP | Chicago | Chicago-Naperville-Elgin, IL-IN-WI |  |  |  |  |  |  | 
15947 | Iowa State Bank | Clarksville | IA | NM | STATE | 2.0 | 21 | 1918-01-01 | 389576.0000 | 337466.0000 | 337466.0000 | 2964.0000 | 2026-03-31 | 3 | 3 |  | NONE | CLARKEL INC | Kansas City |  | 1 | 0 | 0 | 0 | 0.00 | 2012-05-11 | 
15953 | Guaranty Bank and Trust Company | Belzoni | MS | NM | STATE | 4.0 | 21 | 1943-05-17 | 3011349.0000 | 2650011.0000 | 2650011.0000 | 6755.0000 | 2026-03-31 | 42 | 43 |  | NONE | GUARANTY CAPITAL CORP | Dallas |  | 1 | 1 | 0 | 1 | 80500.00 | 2024-02-12 | Assessment of Civil Money Penalty
15966 | Fulton Savings Bank | Fulton | NY | SI | STATE | 5.0 | 42 | 1871-01-01 | 493036.0000 | 282164.0000 | 282164.0000 | 879.0000 | 2026-03-31 | 6 | 6 |  | NONE |  | New York | Syracuse, NY |  |  |  |  |  |  | 
15969 | Rondout Savings Bank | Kingston | NY | SI | STATE | 5.0 | 42 | 1868-03-24 | 510424.0000 | 443374.0000 | 443374.0000 | 192.0000 | 2026-03-31 | 5 | 5 |  | NONE |  | New York | Kingston, NY | 2 | 0 | 0 | 0 | 0.00 | 2017-05-11 | 
15970 | Ulster Savings Bank | Kingston | NY | SI | STATE | 4.0 | 42 | 1851-04-13 | 1371883.0000 | 1219998.0000 | 1219998.0000 | 2047.0000 | 2026-03-31 | 15 | 15 |  | NONE |  | New York | Kingston, NY |  |  |  |  |  |  | 
15987 | Walden Savings Bank | Montgomery | NY | SB | OCC | 4.0 | 34 | 1872-04-01 | 977293.0000 | 804593.0000 | 804593.0000 | 2680.0000 | 2026-03-31 | 11 | 11 |  | NONE |  | New York | Poughkeepsie-Newburgh-Middletown, NY |  |  |  |  |  |  | 
15990 | Watertown Savings Bank | Watertown | NY | SI | STATE | 4.0 | 42 | 1894-01-01 | 970247.0000 | 787879.0000 | 787879.0000 | 4526.0000 | 2026-03-31 | 10 | 10 |  | NONE |  | New York | Watertown-Fort Drum, NY |  |  |  |  |  |  | 
16026 | Ridgewood Savings Bank | Ridgewood | NY | SI | STATE | 4.0 | 42 | 1921-06-18 | 7540183.0000 | 6011805.0000 | 6011805.0000 | 9700.0000 | 2026-03-31 | 38 | 38 |  | NONE |  | New York | New York-Newark-Jersey City, NY-NJ-PA |  |  |  |  |  |  | 
16030 | The North Country Savings Bank | Canton | NY | SI | STATE | 5.0 | 42 | 1909-05-09 | 365957.0000 | 291945.0000 | 291945.0000 | 1115.0000 | 2026-03-31 | 8 | 8 |  | NONE |  | New York |  |  |  |  |  |  |  | 
16032 | Rhinebeck Bank | Rhinebeck | NY | SI | STATE | 4.0 | 41 | 1860-04-12 | 1284609.0000 | 1119598.0000 | 1119598.0000 | 2530.0000 | 2026-03-31 | 15 | 16 |  | NONE | RHINEBECK BCORP MHC | New York | Poughkeepsie-Newburgh-Middletown, NY |  |  |  |  |  |  | 
16039 | Sawyer Savings Bank | Saugerties | NY | SI | STATE | 4.0 | 42 | 1871-04-06 | 278821.0000 | 228518.0000 | 228518.0000 | 212.0000 | 2026-03-31 | 4 | 4 |  | NONE |  | New York | Kingston, NY |  |  |  |  |  |  | 
16068 | Apple Bank | New York | NY | SI | STATE | 4.0 | 41 | 1863-04-17 | 19231898.0000 | 15783666.0000 | 15783666.0000 | 13027.0000 | 2026-03-31 | 79 | 82 |  | NONE | APPLE FINANCIAL HOLDINGS INC | New York | New York-Newark-Jersey City, NY-NJ-PA | 4 | 2 | 1 | 1 | 12500000.00 | 2020-12-21 | Assessment of Civil Money Penalty | Cease and Desist / Consent Orders
16075 | Rayne State Bank & Trust Company | Rayne | LA | NM | STATE | 4.0 | 21 | 1943-07-01 | 573813.0000 | 516856.0000 | 516856.0000 | 2692.0000 | 2026-03-31 | 6 | 7 |  | NONE | FINANCIAL CORP OF LOUISIANA | Dallas | Lafayette, LA |  |  |  |  |  |  | 
16079 | York State Bank | York | NE | NM | STATE | 2.0 | 21 | 1943-07-01 | 204221.0000 | 171893.0000 | 171893.0000 | 1090.0000 | 2026-03-31 | 4 | 4 |  | NONE | YORK HOLDINGS INC | Kansas City |  |  |  |  |  |  |  | 
16094 | The Exchange State Bank | Springville | IA | NM | STATE | 2.0 | 21 | 1934-01-01 | 54915.0000 | 50149.0000 | 50149.0000 | 120.0000 | 2026-03-31 | 2 | 2 |  | NONE | COUNTRY BCORP | Kansas City | Cedar Rapids, IA |  |  |  |  |  |  | 
16101 | The Milford Bank | Milford | CT | SI | STATE | 4.0 | 42 | 1872-01-01 | 652672.0000 | 513650.0000 | 513650.0000 | 1050.0000 | 2026-03-31 | 6 | 6 |  | NONE |  | New York |  |  |  |  |  |  |  | 
16111 | Highland Bank | Saint Paul | MN | NM | STATE | 4.0 | 21 | 1943-12-28 | 769765.0000 | 670568.0000 | 670568.0000 | 568.0000 | 2026-03-31 | 8 | 8 |  | NONE | HIGHLAND BANCSHARES INC | Kansas City | Minneapolis-St. Paul-Bloomington, MN-WI | 4 | 0 | 0 | 0 | 0.00 | 2013-07-01 | 
16114 | Farmers State Bank & Trust Co. | Church Point | LA | NM | STATE | 4.0 | 21 | 1944-01-03 | 174173.0000 | 159596.0000 | 159596.0000 | 794.0000 | 2026-03-31 | 5 | 5 |  | NONE | FSB BANCSHARES INC | Dallas | Lafayette, LA | 1 | 0 | 0 | 0 | 0.00 | 1990-01-17 | 
16116 | Nebraska Bank | Dodge | NE | NM | STATE | 2.0 | 21 | 1889-01-01 | 509370.0000 | 427874.0000 | 427874.0000 | 1420.0000 | 2026-03-31 | 10 | 10 |  | NONE | FARMERS STATE BANCSHARES INC | Kansas City |  |  |  |  |  |  |  | 
16120 | The Riley State Bank of Riley, Kansas | Riley | KS | NM | STATE | 2.0 | 21 | 1943-11-19 | 130343.0000 | 113766.0000 | 113766.0000 | 514.0000 | 2026-03-31 | 4 | 4 |  | NONE | RILEY COUNTY BANCSHARES INC | Kansas City | Manhattan, KS |  |  |  |  |  |  | 
16125 | The Eastern Colorado Bank | Cheyenne Wells | CO | NM | STATE | 2.0 | 21 | 1944-03-01 | 716298.0000 | 604767.0000 | 604767.0000 | 2228.0000 | 2026-03-31 | 8 | 8 |  | NONE | WEED INVESTMENT GROUP INC | Dallas |  |  |  |  |  |  |  | 
16126 | Citizens Bank of the Midwest | Rolla | MO | NM | STATE | 4.0 | 21 | 1944-02-28 | 249368.0000 | 207936.0000 | 207936.0000 | 689.0000 | 2026-03-31 | 3 | 3 |  | NONE | NEWBURG INSURANCE AGENCY INC | Kansas City |  | 5 | 1 | 0 | 1 | 2750.00 | 2023-03-07 | Assessment of Civil Money Penalty
16127 | FNB Community Bank | Midwest City | OK | SM | STATE | 4.0 | 13 | 1943-06-01 | 496309.0000 | 446280.0000 | 446280.0000 | 1216.0000 | 2026-03-31 | 7 | 7 |  | NONE | FIRST MIDWEST ACQUISITION CORP | Dallas | Oklahoma City, OK |  |  |  |  |  |  | 
16130 | First National Bank Alaska | Anchorage | AK | N | OCC | 4.0 | 3 | 1922-01-30 | 5083974.0000 | 3710395.0000 | 3710395.0000 | 21169.0000 | 2026-03-31 | 27 | 27 |  | NONE |  | San Francisco | Anchorage, AK |  |  |  |  |  |  | 
16151 | State Bank | Spencer | IA | SM | STATE | 2.0 | 13 | 1944-05-01 | 75518.0000 | 68865.0000 | 68865.0000 | 98.0000 | 2026-03-31 | 3 | 3 |  | NONE | EVERLY BCORP | Kansas City |  |  |  |  |  |  |  | 
16152 | The Peoples Bank | Eatonton | GA | NM | STATE | 4.0 | 21 | 1943-07-15 | 273318.0000 | 239182.0000 | 239182.0000 | 1088.0000 | 2026-03-31 | 2 | 2 |  | NONE | PEOPLES BANKSHARES INC | Atlanta |  | 4 | 0 | 0 | 0 | 0.00 | 2019-10-03 | 
(4254 rows; csv has all)

-- S13 EPA bridge: case-number year and prefix; cases, conclusions, facility rows, biggest conclusion per year
YR | CONCLUSIONS | FAC_ROWS | HQ | EF_WF | SINGLE_SITE | MAX_SITES | MED_SITES
1971 | 2 | 2 | 0 | 0 | 2 | 1 | 1.000
1972 | 5 | 6 | 1 | 0 | 4 | 2 | 1.000
1973 | 5 | 5 | 5 | 0 | 5 | 1 | 1.000
1974 | 16 | 16 | 1 | 0 | 16 | 1 | 1.000
1975 | 48 | 49 | 3 | 0 | 47 | 2 | 1.000
1976 | 87 | 92 | 6 | 0 | 84 | 4 | 1.000
1977 | 157 | 177 | 32 | 0 | 150 | 8 | 1.000
1978 | 165 | 229 | 37 | 0 | 150 | 25 | 1.000
1979 | 122 | 173 | 19 | 0 | 111 | 23 | 1.000
1980 | 143 | 162 | 8 | 0 | 135 | 7 | 1.000
1981 | 75 | 76 | 0 | 0 | 74 | 2 | 1.000
1982 | 188 | 262 | 0 | 0 | 166 | 9 | 1.000
1983 | 154 | 216 | 0 | 1 | 150 | 28 | 1.000
1984 | 298 | 348 | 4 | 0 | 284 | 31 | 1.000
1985 | 901 | 972 | 17 | 15 | 885 | 26 | 1.000
1986 | 1391 | 1416 | 14 | 1 | 1375 | 7 | 1.000
1987 | 1192 | 1219 | 17 | 0 | 1173 | 4 | 1.000
1988 | 1265 | 1461 | 28 | 0 | 1235 | 50 | 1.000
1989 | 1284 | 1319 | 23 | 0 | 1266 | 8 | 1.000
1990 | 1400 | 1438 | 35 | 0 | 1373 | 5 | 1.000
1991 | 1144 | 1213 | 9 | 0 | 1127 | 29 | 1.000
1992 | 1307 | 1344 | 25 | 0 | 1294 | 12 | 1.000
1993 | 1432 | 1450 | 0 | 0 | 1420 | 8 | 1.000
1994 | 1556 | 1733 | 1 | 0 | 1536 | 78 | 1.000
1995 | 1948 | 2072 | 74 | 0 | 1919 | 71 | 1.000
1996 | 2235 | 2456 | 95 | 0 | 2211 | 170 | 1.000
1997 | 3643 | 3940 | 130 | 0 | 3556 | 32 | 1.000
1998 | 3771 | 4016 | 102 | 0 | 3704 | 41 | 1.000
1999 | 3919 | 4249 | 200 | 0 | 3796 | 49 | 1.000
2000 | 5935 | 6614 | 222 | 1 | 5795 | 196 | 1.000
2001 | 3791 | 4427 | 270 | 0 | 3653 | 59 | 1.000
2002 | 3274 | 4192 | 65 | 24 | 3075 | 141 | 1.000
2003 | 4230 | 5254 | 88 | 17 | 3978 | 169 | 1.000
2004 | 4729 | 6223 | 67 | 16 | 4436 | 143 | 1.000
2005 | 4934 | 6460 | 44 | 57 | 4702 | 431 | 1.000
2006 | 6843 | 9464 | 2664 | 42 | 6317 | 183 | 1.000
2007 | 4068 | 5502 | 36 | 231 | 3893 | 643 | 1.000
2008 | 4305 | 5879 | 40 | 129 | 4083 | 656 | 1.000
2009 | 4039 | 5500 | 24 | 34 | 3835 | 319 | 1.000
2010 | 3888 | 4946 | 29 | 35 | 3663 | 150 | 1.000
2011 | 3677 | 5455 | 52 | 36 | 3440 | 166 | 1.000
2012 | 3340 | 4420 | 29 | 56 | 3144 | 135 | 1.000
2013 | 2551 | 3310 | 17 | 42 | 2359 | 135 | 1.000
2014 | 2347 | 3271 | 7 | 58 | 2191 | 192 | 1.000
2015 | 2441 | 3418 | 19 | 65 | 2265 | 163 | 1.000
2016 | 2917 | 3581 | 25 | 61 | 2621 | 60 | 1.000
2017 | 2707 | 3361 | 12 | 37 | 2537 | 121 | 1.000
2018 | 2367 | 2939 | 10 | 15 | 2193 | 131 | 1.000
2019 | 2252 | 2491 | 11 | 1 | 2122 | 15 | 1.000
2020 | 2633 | 3014 | 34 | 0 | 2496 | 30 | 1.000
2021 | 2811 | 3283 | 14 | 0 | 2687 | 184 | 1.000
2022 | 2894 | 3100 | 13 | 0 | 2800 | 18 | 1.000
2023 | 2721 | 3114 | 19 | 0 | 2573 | 24 | 1.000
2024 | 3142 | 3422 | 47 | 0 | 2992 | 19 | 1.000
2025 | 3022 | 3339 | 57 | 0 | 2867 | 44 | 1.000
2026 | 2648 | 2776 | 31 | 0 | 2564 | 14 | 1.000
(56 rows; csv has all)

-- S14 EPA bridge: the top facilities by distinct cases, and the conclusions that cover the most sites
KIND | ID | NAME | CITY | ST | CASES | N_ROWS | C_MIN | C_MAX | NAMES
top_facility | 110009327022 | WAUCONDA SAND & GRAVEL | WAUCONDA | IL | 2802 | 2804 | 01-1997-0056 | HQ-1996-0101 | 1
top_facility |  | EXTRA FACILITY FROM DOCKET FACILITY | CARTHAGE | MO | 984 | 1184 | 01-1984-0013 | WF-1985-0010 | 526
top_facility | 110022301338 | SYNGENTA CROP PROTECTION | GREENSBORO | NC | 185 | 185 | 04-2000-0149 | HQ-2011-5040 | 6
top_facility | 110071399227 | PHONESOAP LLC | LEHI | UT | 139 | 139 | 02-2024-5016 | 09-2023-4810 | 1
top_facility | 110003500649 | WATTS REGULATOR CO. | NORTH ANDOVER | MA | 90 | 90 | 09-2021-4424 | 09-2023-4055 | 1
top_facility | 110067349300 | BENNETT LANDFILL FIRE | CHESTER | SC | 66 | 66 | 04-2022-2506 | 04-2025-7002 | 1
top_facility | 110000889879 | DISCOVERY BIOLOGY (DOW AGROSCIENCES) | INDIANAPOLIS | IN | 61 | 61 | 04-2016-3300 | HQ-2008-5034 | 10
top_facility | 110011696664 | THE SCOTTS COMPANY | MARYSVILLE | OH | 58 | 58 | 05-2003-0014 | HQ-2001-3049 | 11
top_facility | 110006622823 | PRASA PUERTO NUEVO WWTP | SAN JUAN | PR | 55 | 56 | 02-1995-0132 | 02-2015-3106 | 6
top_facility | 110000603749 | PALMERTON ZINC SUPERFUND SITE | PALMERTON | PA | 51 | 57 | 03-1981-0481 | 03-2017-7008 | 7
top_facility | 110002153437 | RECLAIMED BARRELS | WEST JORDAN | UT | 44 | 44 | 08-1994-0267 | 08-1999-0049 | 1
top_facility | 110029946860 | BASF CORPORATION | FLORHAM PARK | NJ | 41 | 41 | 02-2009-5101 | HQ-2007-5038 | 3
top_facility | 110033604197 | GOWANUS CANAL | BROOKLYN | NY | 37 | 47 | 02-2009-0017 | 02-2026-2008 | 1
top_facility | 110027218311 | PRASA BAYAMON | BAYAMON | PR | 35 | 35 | 02-1993-0052 | 02-2006-1226 | 2
top_facility | 110071467991 | DISTRIBUTION GOUDSHOP INC. DBA GOODSHOP CANADA | SAINT-LAURENT | XX | 34 | 34 | 02-2023-5168 | 02-2024-5174 | 1
top_facility | 110010636776 | PRASA AQUADILLA | SANTURCE | PR | 33 | 33 | 02-1997-0219 | 02-2014-3102 | 3
top_facility | 110007817041 | PRASA CAROLINA | SAN JUAN | PR | 33 | 33 | 02-1996-0090 | 02-2014-3102 | 7
top_facility | 110070864754 | BUREAU OF CUSTOMS AND BORDER PROTECTION PORT OF PEMBINA | PEMBINA | ND | 33 | 33 | 08-2020-0149 | 08-2025-0076 | 1
top_facility | 110070823799 | IQ AIR NORTH AMERICA, INC. | LA MIRADA | CA | 32 | 32 | 03-2021-8024 | 09-2024-4345 | 2
top_facility | 110010644419 | ASHLEY OAKS WATER SYS | PRAIRIEVILLE | LA | 31 | 31 | 06-2000-0584 | 06-2000-0732 | 31
top_facility | 110009267532 | CASMALIA RESOURCES | CASMALIA | CA | 30 | 35 | 04-2006-3766 | 09-2024-2501 | 1
top_facility | 110070890659 | ENCHANTE ACCESSORIES | NEW YORK | NY | 29 | 29 | 09-2021-4314 | 09-2021-4409 | 1
top_facility | 110012708668 | US ARMY FORT DIX - JBMDL - DIX BIV 18 | LAKEHURST | NJ | 29 | 29 | 02-2002-1276 | 02-2013-8412 | 13
top_facility | 110009319996 | COMMENCEMENT BAY, NEAR SHORE/TIDE FLATS | PIERCE COUNTY | WA | 29 | 37 | 10-1988-0011 | 10-2014-0070 | 2
top_facility | 110043722629 | TAMINCO, INC | ALLENTOWN | PA | 28 | 28 | 04-2016-3277 | 05-2016-0015 | 1
top_facility | 110011276298 | EXXONMOBIL PRODUCTION COMPANY (J. R. BOX LEASE, WELL 26) | HOUSTON | TX | 28 | 28 | 06-2003-4503 | 06-2021-1798 | 19
top_facility | 110005782643 | BUNKER HILL MINING | SMELTERVILLE | ID | 28 | 42 | 10-1975-0002 | 10-2018-0384 | 3
top_facility | 110071523677 | AQUASURE CORPORATION | UPLAND | CA | 28 | 28 | 09-2023-4571 | 09-2024-4361 | 1
top_facility | 110054920573 | MAKHTESHIM AGAN OF NORTH AMERICA, INC | RALEIGH | NC | 27 | 27 | 02-2022-5083 | HQ-2016-5006 | 3
top_facility | 110043713265 | UNITED PHOSPHOROUS, INC. | KING OF PRUSSIA | PA | 27 | 27 | 04-2016-3013 | 06-2015-0310 | 3
top_facility | 110038433068 | ARYSTA LIFE SCIENCE | CARY | NC | 26 | 26 | 04-2009-3016 | 09-2020-0026 | 5
top_facility | 110070923716 | L&K DISTRIBUTORS INC. DBA BRAND NAME DISTRIBUTORS | BETHPAGE | NY | 26 | 26 | 02-2021-5087 | 02-2025-5038 | 1
top_facility | 110012183788 | AQUAFINE CORPORATION | VALENCIA | CA | 25 | 25 | 04-2021-1345 | 09-2015-4012 | 1
top_facility | 110009306526 | PORTLAND HARBOR | PORTLAND | OR | 25 | 26 | 10-2001-0240 | 10-2021-0011 | 1
top_facility | 110009324409 | DIAMOND ALKALI CO. | NEWARK | NJ | 24 | 26 | 02-1988-0641 | 02-2023-2011 | 1
top_facility | 110017418007 | INTERSTATE LEAD COMPANY INCORPORATED | LEEDS | AL | 24 | 41 | 04-1984-0020 | 04-2009-9032 | 1
top_facility | 110023164653 | BAYER CROPSCIENCE LP | RESEARCH TRIANGEL PARK | NC | 24 | 24 | 04-1997-0399 | HQ-2011-5041 | 5
top_facility | 110070814772 | UPS SUPPLY CHAIN SOLUTIONS, INC. | LOUISVILLE | KY | 24 | 24 | 03-2020-8025 | 09-2023-4563 | 2
top_facility | 110067367717 | NUFARM AMERICAS INC (PESTICIDE IMPORTER) | ALSIP | IL | 23 | 23 | 04-2016-3377 | 09-2017-4010 | 2
top_facility | 110071063822 | ACTIVE PURE TECHNOLOGIES LLC DBA AERUS LLC | DALLAS | TX | 23 | 23 | 04-2021-1475 | 04-2021-1497 | 1
big_conclusion | 2200000740 | CELLCO - FALLBROOK (REV) | HQ-2008-8002 | TX | 42 | 656 | 24TH STREET | WASHINGTON PLAZA | 649
big_conclusion | 2600010841 | CINGULAR WIRELESS LLC - HJWP | HQ-2007-6000 | FL | 37 | 643 | CINGULAR NETWORK TECHNOLOGY CENTER | CINGULAR WIRELESS LLC - YZWS | 643
big_conclusion | 60342 | ST. JOHNS NORTH | HQ-2005-8000 | MI | 25 | 431 | 11 MILE & HAGGERTY | ZEELAND | 429
big_conclusion | 3400004032 | AT&T WIRELESS BEELINE | HQ-2009-8001 | FL | 44 | 319 | A T & T | TELEPORT COMMUNICATIONSAMERICA - AT&T | 310
big_conclusion | 61421 | ARCHDIOCESE OF PHILADELPHIA (ST MARIA GORETTI HIGH SCHOOL) | 03-2005-0144 | PA | 1 | 243 | ARCHDIOCESE OF PHILADELPHIA | WEST PHILADELPHIA CATHOLIC HIGH SCHOOL | 219
big_conclusion | 1400002660 | AMERICAN TOWER CORPORATION (ATC) - CLARKSVILLE (FL) | HQ-2007-6001 | FL | 41 | 231 | AMERICAN TOWER CORP (ATC) | MAAMERICAN TOWER CORPORATION (ATC) - RTIN | 231
big_conclusion | 49101 | ALLTEL - ADA | HQ-2000-6004 | OH | 18 | 196 | ALLTEL | ALLTELL GEORGIA INC/GTE SOUTH | 115
big_conclusion | 3400018808 | DODGE PARK ELEMENTARY SCHOOL | 03-2014-0075 | MD | 1 | 192 | ACCOKEEK ACADEMY | YORKTOWN ELEMENTARY SCHOOL | 192
big_conclusion | 3600284100 | UNITED PARCEL SERVICE - MALVERN | 06-2021-0906 | AR | 6 | 184 | AUSTIN GATEWAY | UPS-GALLUP | 134
big_conclusion | 600004841 | BALTIMORE CITY SCHOOL DISTRICT (HAMPSTEAD HILL P S 47) | 03-2006-0238 | MD | 1 | 183 | BALTIMORE CITY SCHOOL DISTRICT | BALTIMORE CITY SCHOOL DISTRICT (YORKWOOD ELEMENTARY P S 219) | 181
big_conclusion | 1800017855 | NSTAR - 284 | 01-2009-9508 | MA | 1 | 177 | NSTAR | NSTAR YARMOUTH SERVICE CENTER | 172
big_conclusion | 3600010320 | TESI - CHARLESTON PLACE | 06-1996-0104 | LA | 1 | 170 | ACADIANA TREATMENT SYSTEMS, INC. - CAJUN ESTATES | TESI - WOODRIDGE ESTATES | 169
big_conclusion | 55584 | JEWEL FOOD STORES, INC. #3161 | 05-2003-0340 | IL | 2 | 169 | JEWEL FOOD STORE, INC. #3149 | JEWEL FOOD STORES, INC. #3721 | 169
big_conclusion | 3600024182 | PRASA PONCE WWTP | 02-2011-0007 | PR | 1 | 166 | PRASA  BARRANCAS WTP | PRASA YAUCO WWTP | 166
big_conclusion | 600004723 | BALTIMORE COUNTY SCHOOL DISTRICT (SCOTTS BRANCH ELEMENTARY SCH) | 03-2006-0237 | MD | 1 | 164 | BALTIMORE COUNTY PUBLIC SCHOOLS | BALTIMORE COUNTY SCHOOL DISTRICT (WOODMOOR ELEMENTARY SCHOOL) | 164
big_conclusion | 3600024013 | HESS #10605 | HQ-2015-8002 | GA | 6 | 163 | HESS # 10601 | HESS #46620 | 163
big_conclusion | 2600003361 | #387-V.DE NAVARRA | 02-2009-0011 | PR | 2 | 155 | #200-HYDE PARK | SIERRA BAYAMON | 155
big_conclusion | 1800016633 | AIRGAS EAST INC. | 05-2010-3855 | VA | 32 | 150 | AIRGAS CARBONIC AND DRY ICE INC. | AIRGAS, INC. (GREAT LAKES) | 18
big_conclusion | 2600003171 | GULF #49 | 02-2011-7504 | PR | 2 | 147 | GULF  #068 | GULF S/S #93 | 147
big_conclusion | 3600043885 | ABANICO SERVICE STATION | 02-2009-0011 | PR | 2 | 145 | #202-QUINTANA | SIERRA BAYAMON | 145
(60 rows; csv has all)

-- S15 EPA bridge x ECHO: per-facility case count joined to ECHO status by FRS registry ID (extract for local peer math)
FACILITY_UIN | CASES | LAST_CASE_YR | FIRST_CASE_YR | NAME | ST | FRS_ID | COMPLIANCE_STATUS | QUARTERS_WITH_NONCOMPLIANCE | FORMAL_ACTION_COUNT | TOTAL_PENALTIES | IS_MAJOR_FACILITY | IS_ACTIVE | HAS_AIR_PROGRAM | HAS_WATER_PROGRAM | HAS_HAZWASTE_PROGRAM | TOTAL_INSPECTION_COUNT | PCT_MINORITY | E_NAME | E_CITY | E_ST
110005580308 | 1 | 1995 | 1995 | PREMIER CHRYSLER DODGE PLYMOUTH | WY | 110005580308 |  |  | 0 | 0.0 | False | False | False | False | False | 0 | 13.303 | PREMIER CHRYSLER DODGE PLYMOUTH | GILLETTE | WY
110070827548 | 1 | 2021 | 2021 | CENTRAL PLAINS ORGANIC FARMERS ASSOCIATION | NE | 110070827548 |  |  | 1 | 2825.0 | False | True | False | False | False | 0 | 4.641 | CENTRAL PLAINS ORGANIC FARMERS ASSOCIATION | DU BOIS | NE
110013697918 | 1 | 2002 | 2002 | WILTON PUBLIC WORKS FACILITY | CT | 110013697918 |  |  | 0 | 0.0 | False | False | False | False | False | 0 | 9.572 | WILTON PUBLIC WORKS FACILITY | WILTON | CT
110024268870 | 1 | 2005 | 2005 | COLORADO CITY, CITY OF | TX | 110024268870 |  |  | 0 | 0.0 | False | False | False | False | False | 0 |  | COLORADO CITY, CITY OF | COLORADO CITY | TX
110000373729 | 1 | 2009 | 2009 | HECKETHORN MANUFACTURING | TN | 110000373729 |  | 0 | 0 | 0.0 | False | False | False | True | False | 0 | 31.677 | HECKETHORN MANUFACTURING | DYERSBURG | TN
110009242293 | 1 | 1988 | 1988 | S T C CORPORATION | NY | 110009242293 | No Violation Identified | 0 | 0 | 0.0 | False | False | False | False | True | 0 | 28.744 | S T C CORPORATION | MARCY | NY
110005656370 | 1 | 2012 | 2012 | COSTCO WHOLESALE #185 | FL | 110005656370 | No Violation Identified | 0 | 0 | 0.0 | False | True | False | True | True | 0 | 35.94 | COSTCO WHOLESALE #185 | WINTER PARK | FL
110035049630 | 1 | 2014 | 2014 | TYSON FOODS, INC. | TX | 110035049630 | No Violation Identified | 0 | 0 | 0.0 | False | True | False | True | True | 0 | 65.203 | TYSON FARMS SEGUIN PROCESSING PLANT | SEGUIN | TX
110060345425 | 1 | 2015 | 2015 | CLEARWATER HOLDINGS LLC | UT | 110060345425 |  |  | 0 | 0.0 | False | False | False | False | False | 0 | 6.377 | CLEARWATER HOLDINGS LLC | SPANISH FORK | UT
110028168168 | 1 | 2006 | 2006 | TOM WEAVER | IA | 110028168168 |  |  | 0 | 0.0 | False | False | False | False | False | 0 | 6.122 | TOM WEAVER | DOUGHOUT | IA
110012028055 | 1 | 2003 | 2003 | MAYFLOWER BAPTIST CHURCH | IN | 110012028055 |  |  | 0 | 0.0 | False | False | False | False | False | 0 | 55.41 | MAYFLOWER BAPTIST CHURCH | SOUTH BEND | IN
110012156727 | 1 | 2005 | 2005 | MAGIC TOUCH CLEANERS | NJ | 110012156727 | No Violation Identified | 0 | 0 | 0.0 | False | True | True | False | True | 0 | 73.536 | MAGIC TOUCH CLEANERS INC | FORT LEE | NJ
110009076061 | 2 | 2002 | 2001 | PROGRESSIVE RECYCLING | FL | 110009076061 |  | 0 | 0 | 0.0 | False | False | False | True | False | 0 | 26.937 | PROGRESSIVE RECYCLING | COCOA | FL
110018940002 | 1 | 2004 | 2004 | NEWMAN CONSTRUCTION | UT | 110018940002 |  |  | 0 | 0.0 | False | False | False | False | False | 0 | 12.122 | NEWMAN CONSTRUCTION | RIVERTON | UT
110002046982 | 2 | 2008 | 1998 | CITY OF COVINGTON | LA | 110002046982 | No Violation Identified | 0 | 0 | 0.0 | True | True | False | True | False | 0 | 21.258 | COVINGTON, CITY OF | COVINGTON | LA
110013711643 | 1 | 2001 | 2001 | BRYANT CENTER | WA | 110013711643 |  |  | 0 | 0.0 | False | False | False | False | False | 0 | 17.444 | BRYANT CENTER | SPOKANE | WA
110013183704 | 1 | 2004 | 2004 | SHREWSBURY WATER DEPARTMENT | MA | 110013183704 | No Violation Identified | 0 | 0 | 0.0 | False | True | False | False | False | 0 |  | SHREWSBURY WATER DEPARTMENT | SHREWSBURY | MA
110064697485 | 1 | 2016 | 2016 | PAUL DAVIS SYSTEMS OF LEXINGTON | KY | 110064697485 |  |  | 0 | 0.0 | False | False | False | False | False | 0 | 14.293 | PAUL DAVIS SYSTEMS OF LEXINGTON | NICHOLASVILLE | KY
110000737560 | 1 | 2002 | 2002 | CITY OF BEDFORD HEIGHTS WATER RECLAMATION PLANT | OH | 110000737560 | Violation Identified | 11 | 0 | 0.0 | True | True | False | True | True | 2 | 56.764 | BEDFORD HTS CITY OF | BEDFORD HEIGHTS | OH
110018930594 | 1 | 2006 | 2006 | OS5566 - WELL NO. 5-A (S) | OK | 110018930594 |  |  | 0 | 0.0 | False | True | False | False | False | 0 | 34.328 | OS5566 - WELL NO. 5-A (S) | BOWRING | OK
110008047559 | 1 | 2001 | 2001 | SUNOCO GAS | NY | 110008047559 | No Violation Identified | 0 | 0 | 0.0 | False | False | False | False | True | 0 | 23.289 | SUNOCO GAS | WHITESBORO | NY
110014101747 | 2 | 2020 | 2011 | HAYS OIL PLANT CARDLOCK | OR | 110014101747 |  |  | 0 | 0.0 | False | False | False | False | False | 0 | 21.34 | HAYS OIL PLANT CARDLOCK | MEDFORD | OR
110012881612 | 1 | 2026 | 2026 | TORREON MDWCA | NM | 110012881612 | Significant Violation | 11 | 1 | 0.0 | False | True | False | False | False | 0 |  | TORREON MDWCA |  | NM
110012851903 | 1 | 2026 | 2026 | OPTIMA | OK | 110012851903 | Significant Violation | 11 | 1 | 0.0 | False | True | False | False | False | 3 |  | OPTIMA |  | OK
110041886091 | 1 | 2013 | 2013 | GRAND AVENUE APARTMENTS | KY | 110041886091 |  |  | 0 | 0.0 | False | False | False | False | False | 0 | 79.005 | GRAND AVENUE APARTMENTS | LOUISVILLE | KY
110039149070 | 1 | 2012 | 2012 | UNIVERSITY OF SAINT MARY | KS | 110039149070 | No Violation Identified | 0 | 0 | 0.0 | False | True | False | True | True | 0 | 26.04 | UNIVERSITY OF ST. MARY | LEAVENWORTH | KS
110001507735 | 1 | 1986 | 1986 | AGLAND COOPERATIVE | NE | 110001507735 | No Violation Identified | 0 | 0 | 0.0 | False | False | True | False | True | 0 | 14.131 | CENTRAL VALLEY AG | FREMONT | NE
110000901043 | 1 | 1993 | 1993 | LOCKHEED MARTIN TACTICAL DEFENSE SYSTEMS | OH | 110000901043 | No Violation Identified | 0 | 0 | 0.0 | False | True | True | False | True | 0 | 23.387 | LOCKHEED MARTIN | AKRON | OH
110010723388 | 1 | 1998 | 1998 | KYLE ELEMENTARY SCH | TX | 110010723388 |  |  | 0 | 0.0 | False | False | False | False | False | 0 | 53.523 | KYLE ELEMENTARY SCH | KYLE | TX
110038046370 | 1 | 2015 | 2015 | TEP ROCKY MOUNTAIN - BOIES RANCH | CO | 110038046370 | No Violation Identified | 0 | 0 | 0.0 | False | True | True | False | False | 1 | 15.789 | WHITING OIL & GAS CORP-BOIES RANCH | MEEKER | CO
110014411396 | 2 | 2003 | 2003 | BUFFALO VALLEY FARMS | MO | 110014411396 |  |  | 0 | 0.0 | False | False | False | False | False | 0 | 5.217 | BUFFALO VALLEY FARMS | STOVER | MO
110002103517 | 1 | 1997 | 1997 | GOLD COAST CHEMICAL CORPORATION | FL | 110002103517 |  |  | 0 | 0.0 | False | False | False | False | False | 0 | 48.467 | GOLD COAST CHEMICAL CORP | HOLLYWOOD | FL
110071949056 | 1 | 2025 | 2025 |  | TN | 110071949056 |  |  | 1 | 18400.0 | False | True | False | False | False | 0 |  | N/A | NASHVILLE | TN
110041998988 | 1 | 1992 | 1992 | NEWELL INDUSTRIES INCORPORATED | TX | 110041998988 | No Violation Identified | 0 | 0 | 0.0 | False | False | False | False | True | 0 | 92.462 | RIVERSIDE ENGINEERING | SAN ANTONIO | TX
110001884998 | 3 | 1997 | 1997 | WYNN CO | UT | 110001884998 | No Violation Identified | 0 | 0 | 0.0 | False | True | True | False | False | 0 | 19.765 | WYNN CO. | SALT LAKE CITY | UT
110028113636 | 1 | 2005 | 2005 | WOODLAND & I-77 | OH | 110028113636 |  |  | 0 | 0.0 | False | False | False | False | False | 0 | 74.716 | VERIZON WIRELESS - WOODLAND & I-77 | CLEVELAND | OH
110004345423 | 2 | 2001 | 2001 | P D Q ADVERTISING DISPLAY INC | NY | 110004345423 | No Violation Identified | 0 | 0 | 0.0 | False | True | False | False | True | 0 | 50.508 | P D Q ADVERTISING DISPLAY INC | COMMACK | NY
110040419482 | 1 | 2011 | 2011 | WINDSOR MANOR APARTMENTS | FL | 110040419482 |  |  | 0 | 0.0 | False | False | False | False | False | 0 | 60.612 | WINDSOR MANOR APARTMENTS | TAMPA | FL
110028134007 | 1 | 2006 | 2006 | CHRISTENSEN BROTHERS | IA | 110028134007 |  |  | 0 | 0.0 | False | False | False | False | False | 0 |  | CHRISTENSEN BROTHERS | ALGONA | IA
110010702365 | 1 | 2000 | 2000 | KIRBY'S MHP | NC | 110010702365 |  |  | 0 | 0.0 | False | False | False | False | False | 0 | 33.958 | KIRBY'S MHP | MEBANE | NC
110070248091 | 1 | 2019 | 2019 | GOODWEST | CA | 110070248091 | No Violation Identified | 0 | 0 | 0.0 | False | True | False | False | True | 0 | 68.501 | F. D. THOMAS, INC. | RANCHO CUCAMONGA | CA
110042177337 | 1 | 2011 | 2011 | COSTCO WHOLESALE - METTAWA | IL | 110042177337 | No Violation Identified | 0 | 0 | 0.0 | False | True | True | False | True | 0 | 15.694 | COSTCO WHOLESALE - METTAWA | METTAWA | IL
110010673315 | 1 | 1997 | 1997 | ORDERVILLE WATER SYSTEM | UT | 110010673315 |  |  | 0 | 0.0 | False | False | False | False | False | 0 |  | ORDERVILLE WATER SYSTEM | ORDERVILLE | UT
110069438022 | 1 | 2014 | 2014 | TRADER JOE'S COMPANY | FL | 110069438022 |  |  | 0 | 0.0 | False | False | False | False | False | 0 | 35.714 | TRADER JOE'S COMPANY | DELRAY BEACH | FL
110010762488 | 1 | 1993 | 1993 | SEARS AUTO CENTER | NY | 110010762488 |  |  | 0 | 0.0 | False | False | False | False | False | 0 | 6.023 | SEARS AUTO CENTER | LAKEWOOD | NY
110022879955 | 1 | 2005 | 2005 | VACANT FACTORY - 4TH FLOOR - SAFETY LEAD SERVICES CORPORATION | NY | 110022879955 |  |  | 0 | 0.0 | False | False | False | False | False | 0 | 70.79 | VACANT FACTORY - 4TH FLOOR - SAFETY LEAD SERVICES CORPORATION | BROOKLYN | NY
110030730403 | 1 | 2009 | 2009 | BAYLEY ELLARD CATHOLIC HIGH SCHOOL | NJ | 110030730403 |  |  | 0 | 0.0 | False | False | False | False | False | 0 | 19.709 | BAYLEY ELLARD CATHOLIC HIGH SCHOOL | MADISON | NJ
110043707012 | 1 | 2009 | 2009 | #640 - ANDRES RUIZ | PR | 110043707012 |  |  | 0 | 0.0 | False | False | False | False | False | 0 | 97.052 | #640 - ANDRES RUIZ | RINCON | PR
110010741144 | 1 | 1997 | 1997 | STONEY CREEK PRESCHOOL & CHILD CARE CTR | MI | 110010741144 |  |  | 0 | 0.0 | False | False | False | False | False | 0 | 16.117 | STONEY CREEK PRESCHOOL & CHILD CARE CTR | MILAN | MI
110000417166 | 1 | 2021 | 2021 | LAVELLE INDUSTRIES INC | WI | 110000417166 | No Violation Identified | 0 | 0 | 0.0 | False | True | False | False | True | 1 | 10.336 | LAVELLE INDUSTRIES INC | BURLINGTON | WI
110042056404 | 2 | 1995 | 1981 | NEW MEXICO STATE UNIV | NM | 110042056404 | No Violation Identified | 0 | 0 | 0.0 | True | True | True | False | True | 3 | 63.674 | NEW MEXICO STATE UNIVERSITY CAMPUS | LAS CRUCES | NM
110015714388 | 2 | 2018 | 2013 | DECOSTAR INDUSTRIES | GA | 110015714388 | No Violation Identified | 0 | 0 | 0.0 | True | True | True | True | True | 4 | 46.547 | DECOSTAR INDUSTRIES | CARROLLTON | GA
110000446134 | 10 | 2023 | 1983 | FRONTIER EL DORADO REFINING CO | KS | 110000446134 | No Violation Identified | 3 | 6 | 7262758.0 | True | True | True | True | True | 10 | 13.04 | FRONTIER EL DORADO REFINING CO | EL DORADO | KS
110023012906 | 1 | 2009 | 2009 | LOWER NECHES VALLEY AUTHORITY WEST REGIONAL WATER TREATMENT | TX | 110023012906 |  |  | 0 | 0.0 | False | False | False | False | False | 0 | 27.905 | WEST REGIONAL WATER TREATMENT PLANT | WINNIE | TX
110071091494 | 1 | 2024 | 2024 | MR. MULCH, LLC   | DE | 110071091494 | No Violation Identified | 0 | 2 | 20000.0 | False | True | False | True | False | 1 | 46.489 | MR. MULCH, LLC | SEAFORD | DE
110010681814 | 1 | 2001 | 2001 | BORNSTEINS SEAFOODS | OR | 110010681814 |  |  | 0 | 0.0 | False | False | False | False | False | 0 |  | BORNSTEINS SEAFOODS | ASTORIA | OR
110041878714 | 1 | 2009 | 2009 | GLADE SPRINGS RESORT WEST | WV | 110041878714 |  |  | 0 | 0.0 | False | False | False | False | False | 0 | 3.944 | GLADE SPRINGS RESORT WEST | DANIELS | WV
110009792732 | 1 | 2017 | 2017 | BUTTE CREEK LAGOON | SD | 110009792732 | No Violation Identified | 0 | 0 | 0.0 | False | True | False | True | False | 0 | 31.818 | BUTTE CREEK COMMUNITY WASTEWATER TREATMENT FACILITY | WOOD | SD
110070824164 | 1 | 2024 | 2024 | LEE CTB | TX | 110070824164 | No Violation Identified | 0 | 1 | 4017191.0 | False | True | True | False | False | 0 | 0.0 | LEE CTB | ORLA | TX
110070107878 | 1 | 2017 | 2017 | MACY'S STORE 455 | TX | 110070107878 |  |  | 0 | 0.0 | False | False | False | False | False | 0 | 88.32 | MACY'S STORE 455 | EL PASO | TX
(105113 rows; csv has all)

-- S16 SEC insiders 2024: every (owner, issuer) pair on 2024 filings, with fund flags and the issuer's SIC from DERA 2024 filings
OWNER_CIK | OWNER_NAME | ICIK | ISSUER_NAME | TICKER | RELS | TITLE | OWNER_ST | FILINGS | D0 | D1 | IS_FUND | SIC | AFS | MAX_FILING_ALL
0001518594 | Deno David J. | 1857154 | Krispy Kreme, Inc. | DNUT | Director |  | NC | 1 | 2024-04-12 | 2024-04-12 | 0 | 5400 | 1-LAF | 2025-03-31
0001271265 | FAGELY TAMARA L | 2022290 | Diamond Hill Securitized Credit Fund | N/A | Director |  | OH | 1 | 2024-10-07 | 2024-10-07 | 1 |  |  | 2025-03-31
0001647366 | ACM Value Opportunities Fund I, LP | 1128281 | Saker Aviation Services, Inc. | SKAS | TenPercentOwner,Other |  | NY | 2 | 2024-11-18 | 2024-12-02 | 0 | 4581 | 4-NON | 2025-03-31
0001882650 | di Santo Beth A | 1001614 | Riley Exploration Permian, Inc. | REPX | Director |  | OK | 1 | 2024-04-25 | 2024-04-25 | 0 | 1311 | 2-ACC | 2025-03-31
0001520346 | Porter Stuart D | 1738827 | KLX Energy Services Holdings, Inc. | KLXE | TenPercentOwner |  | MA | 1 | 2024-03-13 | 2024-03-13 | 0 | 1389 | 2-ACC | 2025-03-31
0002014709 | Monaco Dominick | 1522222 | CLS Holdings USA, Inc. | CLSH | Officer | Chief Science Officer | NV | 1 | 2024-03-07 | 2024-03-07 | 0 | 5900 | 4-NON | 2025-03-31
0001283890 | ARDISANA LIZABETH A | 1368265 | Clean Energy Fuels Corp. | CLNE | Director |  | CA | 1 | 2024-05-20 | 2024-05-20 | 0 | 4932 | 1-LAF | 2025-03-31
0001936888 | Nieman Richard | 1327273 | Lyra Therapeutics, Inc. | LYRA | Officer | Chief Medical Officer | MA | 1 | 2024-02-01 | 2024-02-01 | 0 | 3841 | 4-NON | 2025-03-31
0001867723 | Phillips Holly L. | 1010086 | SIGA TECHNOLOGIES INC | SIGA | Director |  | NY | 1 | 2024-06-13 | 2024-06-13 | 0 | 2834 | 2-ACC | 2025-03-31
0001637080 | Earley Michelle A | 2178 | ADAMS RESOURCES & ENERGY, INC. | AE | Director |  | TX | 1 | 2024-03-04 | 2024-03-04 | 0 | 5172 | 2-ACC | 2025-03-31
0002027873 | Scott Stephen Craig | 875729 | BION ENVIRONMENTAL TECHNOLOGIES INC | BNET | Director|Director,Officer |  | NY | 2 | 2024-06-26 | 2024-12-16 | 0 | 2870 | 4-NON | 2025-03-31
0001559665 | AMON CRISTIANO R | 796343 | ADOBE INC. | ADBE | Director |  | CA | 1 | 2024-04-19 | 2024-04-19 | 0 | 7372 | 1-LAF | 2025-03-31
0001709479 | Romaglino Christian | 1137393 | BLACKROCK MUNICIPAL INCOME TRUST | BFK | Other |  | NY | 1 | 2024-02-02 | 2024-02-02 | 1 |  |  | 2025-03-31
0001475856 | Boyer K. David Jr. | 92230 | TRUIST FINANCIAL CORP | TFC | Director |  | NC | 3 | 2024-02-29 | 2024-12-06 | 0 | 6021 | 1-LAF | 2025-03-31
0001323300 | Benito Javier | 906345 | CAMDEN PROPERTY TRUST | CPT | Director |  | TX | 1 | 2024-05-20 | 2024-05-20 | 0 | 6798 | 1-LAF | 2025-03-31
0001066062 | KLEIN MICHAEL R | 77543 | TUTOR PERINI CORP | TPC | Director |  | CA | 1 | 2024-05-17 | 2024-05-17 | 0 | 1540 | 2-ACC | 2025-03-31
0001669925 | Harmon Thomas Eugene | 832480 | UTG INC | utgn | Director |  | IL | 1 | 2024-12-30 | 2024-12-30 | 0 | 6311 | 4-NON | 2025-03-31
0001403373 | DeFord John A | 72331 | NORDSON CORP | NDSN | Director |  | OH | 1 | 2024-11-04 | 2024-11-04 | 0 | 3569 | 1-LAF | 2025-03-31
0001246215 | GARRETT MARK | 1609711 | GoDaddy Inc. | GDDY | Director |  | AZ | 1 | 2024-06-10 | 2024-06-10 | 0 | 7373 | 1-LAF | 2025-03-31
0001384984 | Hynes Jean M. | 2026275 | Wellington Global Multi-Strategy Fund | NONE | Other |  | MA | 1 | 2024-12-18 | 2024-12-18 | 1 |  |  | 2025-03-31
0001633632 | Perry James Richard | 1276187 | Energy Transfer LP | ET | Director |  | TX | 1 | 2024-01-02 | 2024-01-02 | 0 | 4922 | 1-LAF | 2025-03-31
0001503319 | Murphy James P. | 1318008 | Zumiez Inc | ZUMZ | Director |  | WA | 1 | 2024-09-26 | 2024-09-26 | 0 | 5600 | 2-ACC | 2025-03-31
0002003059 | Smith Robert Paul JR | 1728117 | Gossamer Bio, Inc. | GOSS | Officer | Chief Commercial Officer | CA | 1 | 2024-06-20 | 2024-06-20 | 0 | 2834 | 4-NON | 2025-03-31
0001772766 | HERSETH MARY JO S. | 1702750 | BYLINE BANCORP, INC. | BY | Director |  | IL | 1 | 2024-02-09 | 2024-02-09 | 0 | 6022 | 2-ACC | 2025-03-31
0001680004 | Murphy Timothy R. | 101382 | UMB FINANCIAL CORP | UMBF | Director |  | KS | 1 | 2024-02-05 | 2024-02-05 | 0 | 6021 | 1-LAF | 2025-03-31
0001982447 | Putra Pandji Christiaan | 1131312 | ZION OIL & GAS INC | znog | Director |  | TX | 1 | 2024-04-29 | 2024-04-29 | 0 | 1382 | 4-NON | 2025-03-31
0001409462 | Mistretta Nancy G. | 1968487 | Worthington Steel, Inc. | WS | Director |  | OH | 1 | 2024-10-01 | 2024-10-01 | 0 | 3310 | 4-NON | 2025-03-31
0001314575 | Beer Marc D | 1819253 | biote Corp. | BTMD | Director |  | TX | 1 | 2024-04-03 | 2024-04-03 | 0 | 2833 | 2-ACC | 2025-03-31
0001760241 | Thakker Ketan | 1760233 | RDE, Inc. | GIFT | Director,Officer,TenPercentOwner|Director,Officer | CEO | IL | 2 | 2024-10-10 | 2024-10-22 | 0 | 5961 | 4-NON | 2025-03-31
0002010195 | Kersman Alejandro Eduardo | 1851077 | PIMCO Flexible Emerging Markets Income Fund | EMFLX | Other |  | CA | 1 | 2024-02-05 | 2024-02-05 | 1 |  |  | 2025-03-31
0001896600 | Knight ORiordan Lydia D | 1145255 | HENNESSY ADVISORS INC | HNNA | Director |  | CA | 1 | 2024-09-19 | 2024-09-19 | 0 | 6282 | 4-NON | 2025-03-31
0001670480 | Bussmann Martin | 1605607 | Paramount Group, Inc. | PGRE | Director |  | NY | 1 | 2024-05-20 | 2024-05-20 | 0 | 6798 | 1-LAF | 2025-03-31
0001761840 | Peker Lev | 1698113 | PARTS iD, Inc. | ID | Director |  | NJ | 1 | 2024-02-22 | 2024-02-22 | 0 |  |  | 2025-03-31
0001184244 | MILLER JON | 51644 | INTERPUBLIC GROUP OF COMPANIES, INC. | IPG | Director |  | NY | 1 | 2024-05-03 | 2024-05-03 | 0 | 7311 | 1-LAF | 2025-03-31
0001364096 | Robinson Kristen | 1166388 | VERINT SYSTEMS INC | VRNT | Director |  | NY | 1 | 2024-04-24 | 2024-04-24 | 0 | 7373 | 1-LAF | 2025-03-31
0001366074 | Lappe Mark | 1739614 | Inhibrx, Inc. | INBX | Director,Officer | Chief Executive Officer | CA | 1 | 2024-05-30 | 2024-05-30 | 0 | 2836 | 1-LAF | 2025-03-31
0001570992 | ANADARKO HOLDING Co | 1423902 | Western Midstream Partners, LP | WES | TenPercentOwner |  | TX | 1 | 2024-08-16 | 2024-08-16 | 0 | 4922 | 1-LAF | 2025-03-31
0001254850 | SOINSKI JEFFREY M | 1506928 | Avinger Inc | AVGR | Director,Officer | Chief Executive Officer | CA | 1 | 2024-01-22 | 2024-01-22 | 0 | 3841 | 4-NON | 2025-03-31
0001237264 | MUNDKUR CHRISTINE | 721371 | CARDINAL HEALTH INC | CAH | Director |  | OH | 1 | 2024-11-07 | 2024-11-07 | 0 | 5122 | 1-LAF | 2025-03-31
0002032793 | Bekkers Timothy Albert-Michel-Alain | 1190935 | PIMCO CORPORATE & INCOME OPPORTUNITY FUND | PTY | Officer | Assistant Secretary | CA | 1 | 2024-08-21 | 2024-08-21 | 1 |  |  | 2025-03-31
0001236472 | DEANE JOHN D | 1692427 | NCS Multistage Holdings, Inc. | NCSM | Director |  | TX | 1 | 2024-03-08 | 2024-03-08 | 0 | 1389 | 4-NON | 2025-03-31
0001192128 | BESHAR LUKE M | 1359931 | Protara Therapeutics, Inc. | TARA | Director |  | NY | 1 | 2024-06-10 | 2024-06-10 | 0 | 2836 | 4-NON | 2025-03-31
0001654705 | Gerhardt Hans-Peter | 1363829 | Enstar Group LTD | ESGR | Director |  | D0 | 1 | 2024-04-03 | 2024-04-03 | 0 | 6331 | 1-LAF | 2025-03-31
0002027344 | Koch, Inc. | 1227654 | COMPASS MINERALS INTERNATIONAL INC | CMP | Director,TenPercentOwner |  | KS | 1 | 2024-08-02 | 2024-08-02 | 0 | 1400 | 1-LAF | 2025-03-31
0001999732 | Layman Sally-Anne | 1164727 | NEWMONT Corp /DE/ | NEM | Director |  | CO | 1 | 2024-04-30 | 2024-04-30 | 0 | 1040 | 1-LAF | 2025-03-31
0001848475 | Dignam Denise | 1627223 | Chemours Co | CC | Officer|Director,Officer | President & CEO | DE | 4 | 2024-03-05 | 2024-08-05 | 0 | 2800 | 1-LAF | 2025-03-31
0001839790 | Versant Vantage II GP, L.P. | 1544227 | Tempest Therapeutics, Inc. | TPST | TenPercentOwner |  | CA | 1 | 2024-08-12 | 2024-08-12 | 0 | 2834 | 4-NON | 2025-03-31
0001383961 | Fawcett Amelia C. | 93751 | STATE STREET CORP | STT | Director |  | MA | 1 | 2024-05-17 | 2024-05-17 | 0 | 6022 | 1-LAF | 2025-03-31
0001701072 | DePrey Mary P. | 1692063 | Schneider National, Inc. | SNDR | TenPercentOwner|Director,TenPercentOwner |  | WI | 3 | 2024-01-17 | 2024-05-01 | 0 | 4213 | 1-LAF | 2025-03-31
0001616181 | Johnson Susan S | 1710155 | National Vision Holdings, Inc. | EYE | Director |  | GA | 1 | 2024-06-18 | 2024-06-18 | 0 | 3851 | 1-LAF | 2025-03-31
0001782067 | Frazier William | 1729149 | VIEMED HEALTHCARE, INC. | VMD | Director,Officer | Chief Medical Officer | LA | 1 | 2024-08-26 | 2024-08-26 | 0 | 8090 | 2-ACC | 2025-03-31
0001715332 | Kotzin Brian L. | 1034842 | RIGEL PHARMACEUTICALS INC | RIGL | Director |  | CA | 1 | 2024-05-29 | 2024-05-29 | 0 | 2834 | 2-ACC | 2025-03-31
0001901344 | Carbonell Javier Gracia | 49826 | ILLINOIS TOOL WORKS INC | ITW | Officer | Executive Vice President | IL | 2 | 2024-02-13 | 2024-02-14 | 0 | 3560 | 1-LAF | 2025-03-31
0001641733 | Villavarayan Chris | 1616862 | Axalta Coating Systems Ltd. | AXTA | Director,Officer | CEO & President | PA | 1 | 2024-03-01 | 2024-03-01 | 0 | 2851 | 1-LAF | 2025-03-31
0001074773 | HOUGEN ELIZABETH L | 1817241 | Artiva Biotherapeutics, Inc. | ARTV | Director |  | CA | 1 | 2024-07-18 | 2024-07-18 | 0 | 2836 | 4-NON | 2025-03-31
0000903291 | BERMAN LYLE | 1490161 | Sow Good Inc. | SOWG | Director,TenPercentOwner|Director |  | TX | 4 | 2024-02-01 | 2024-04-17 | 0 | 2000 | 4-NON | 2025-03-31
0001932096 | Gundumogula Prasad | 1828852 | Mondee Holdings, Inc. | MOND | Director,Officer,TenPercentOwner | Chief Executive Officer | TX | 4 | 2024-01-03 | 2024-07-12 | 0 | 4700 | 2-ACC | 2025-03-31
0001896248 | Netter Zvika | 1835378 | Innovid Corp. | CTV | Director,Officer | Chief Executive Officer | NY | 3 | 2024-02-29 | 2024-05-22 | 0 | 7372 | 2-ACC | 2025-03-31
0001649101 | Advaithi Revathi | 866374 | FLEX LTD. | FLEX | Director,Officer | Chief Executive Officer | TX | 6 | 2024-05-09 | 2024-09-11 | 0 | 3672 | 1-LAF | 2025-03-31
0001962329 | Wu Lei | 1857816 | GigaCloud Technology Inc | GCT | Director,Officer,TenPercentOwner | Chief Executive Officer | CA | 23 | 2024-01-02 | 2024-05-21 | 0 | 5961 | 2-ACC | 2025-03-31
(71252 rows; csv has all)

