-- S01 EIA-861 tables in the mart: row counts and every column, to find the denominator tables
TABLE_NAME | ROW_COUNT | N_COLS | COLS
(0 rows; csv has all)

-- S02 distribution systems: whole table (1,353 rows)
RECORD_ID | DATA_YEAR | UTILITY_NUMBER | UTILITY_NAME | STATE | DISTRIBUTION_CIRCUITS | CIRCUITS_WITH_VOLTAGE_OPTIMIZATION | _LOADED_AT | _SOURCE_RUN_ID | _SRC_FILE
54abcde8b5e96b00c859c0e0e0bf4af1-1 | 2024 | 1579 | PUD No 1 of Benton County | WA | 141 | 3 | 2026-08-05 21:39:01.966059 | e5dc2971-01a2-4b53-b4ad-1b2c9b138689 | Distribution_Systems_2024.xlsx
5779946c68f902b4434070f63a3a18ad-1 | 2024 | 6395 | Flathead Electric Coop Inc | MT | 89 | 0 | 2026-08-05 21:39:01.966059 | e5dc2971-01a2-4b53-b4ad-1b2c9b138689 | Distribution_Systems_2024.xlsx
2fe8427053625a3e82fcf7a8d9c82f4d-1 | 2024 | 20510 | Wheatland Electric Coop, Inc | KS | 115 |  | 2026-08-05 21:39:01.966059 | e5dc2971-01a2-4b53-b4ad-1b2c9b138689 | Distribution_Systems_2024.xlsx
eef104031196af4de3d14726ce9c86a9-1 | 2024 | 12796 | Monongahela Power Co | WV | 502 | 502 | 2026-08-05 21:39:01.966059 | e5dc2971-01a2-4b53-b4ad-1b2c9b138689 | Distribution_Systems_2024.xlsx
4eba410736fd6e624cf9127566a0280b-1 | 2024 | 14653 | PUD No 1 of Pend Oreille County | WA | 23 |  | 2026-08-05 21:39:01.966059 | e5dc2971-01a2-4b53-b4ad-1b2c9b138689 | Distribution_Systems_2024.xlsx
967da9797b57c8710cdd698abc252f40-1 | 2024 | 4247 | Consolidated Water Power Co | WI | 28 | 28 | 2026-08-05 21:39:01.966059 | e5dc2971-01a2-4b53-b4ad-1b2c9b138689 | Distribution_Systems_2024.xlsx
f2709b255b0b2774c80c33f3e4d4e4f1-1 | 2024 | 7450 | Grady Electric Membership Corp | GA | 44 |  | 2026-08-05 21:39:01.966059 | e5dc2971-01a2-4b53-b4ad-1b2c9b138689 | Distribution_Systems_2024.xlsx
6f61ddde353bbacb93644eb570816373-1 | 2024 | 18917 | Tillamook Peoples Utility Dist | OR | 31 | 0 | 2026-08-05 21:39:01.966059 | e5dc2971-01a2-4b53-b4ad-1b2c9b138689 | Distribution_Systems_2024.xlsx
746eea00777bd83f06dd02d295e777e0-1 | 2024 | 15270 | Potomac Electric Power Co | MD | 724 |  | 2026-08-05 21:39:01.966059 | e5dc2971-01a2-4b53-b4ad-1b2c9b138689 | Distribution_Systems_2024.xlsx
49494931713e4799070f9599e0e22fe8-1 | 2024 | 14288 | Ozark Electric Coop Inc - (MO) | MO | 93 | 15 | 2026-08-05 21:39:01.966059 | e5dc2971-01a2-4b53-b4ad-1b2c9b138689 | Distribution_Systems_2024.xlsx
d94c5b8a6e39878d959fe68eb932e085-1 | 2024 | 19225 | City of Troy - (AL) | AL | 22 |  | 2026-08-05 21:39:01.966059 | e5dc2971-01a2-4b53-b4ad-1b2c9b138689 | Distribution_Systems_2024.xlsx
35a34adec00a93ea5e620299506c7313-1 | 2024 | 15978 | City of Richland Center - (WI) | WI | 12 | 0 | 2026-08-05 21:39:01.966059 | e5dc2971-01a2-4b53-b4ad-1b2c9b138689 | Distribution_Systems_2024.xlsx
530015b554d2907dbd124c2bfb6012b9-1 | 2024 | 4720 | Dakota Energy Coop Inc | SD | 12 | 0 | 2026-08-05 21:39:01.966059 | e5dc2971-01a2-4b53-b4ad-1b2c9b138689 | Distribution_Systems_2024.xlsx
57e3ab68fff07a91afd5423b28b3b062-1 | 2024 | 20639 | Wild Rice Electric Coop, Inc | MN | 60 |  | 2026-08-05 21:39:01.966059 | e5dc2971-01a2-4b53-b4ad-1b2c9b138689 | Distribution_Systems_2024.xlsx
b9fb7f65a1f3f8fe86c1c252e68ac9bf-1 | 2024 | 230 | Albany Utility Board | GA | 51 | 51 | 2026-08-05 21:39:01.966059 | e5dc2971-01a2-4b53-b4ad-1b2c9b138689 | Distribution_Systems_2024.xlsx
288dfede67bcdb7e5c35f575e8efb408-1 | 2024 | 16057 | Rio Grande Electric Coop, Inc | NM | 5 |  | 2026-08-05 21:39:01.966059 | e5dc2971-01a2-4b53-b4ad-1b2c9b138689 | Distribution_Systems_2024.xlsx
da47551bf2e446ecb7dbdd5176c53740-1 | 2024 | 40236 | Forked Deer Electric Coop, Inc | TN | 23 | 0 | 2026-08-05 21:39:01.966059 | e5dc2971-01a2-4b53-b4ad-1b2c9b138689 | Distribution_Systems_2024.xlsx
1286705457c7caa944ccbfa508a04764-1 | 2024 | 20130 | Warren Rural Elec Coop Corp | KY | 143 | 0 | 2026-08-05 21:39:01.966059 | e5dc2971-01a2-4b53-b4ad-1b2c9b138689 | Distribution_Systems_2024.xlsx
c56164792ebf2a2822368451b817b7f6-1 | 2024 | 19574 | Upper Cumberland E M C | TN | 61 | 0 | 2026-08-05 21:39:01.966059 | e5dc2971-01a2-4b53-b4ad-1b2c9b138689 | Distribution_Systems_2024.xlsx
811c9954214128e30e7f9eb25201f8fd-1 | 2024 | 9778 | Johnson County Rural E M C | IN | 46 | 0 | 2026-08-05 21:39:01.966059 | e5dc2971-01a2-4b53-b4ad-1b2c9b138689 | Distribution_Systems_2024.xlsx
a6a330cf9fbdfbaf3b98c0ae430790f2-1 | 2024 | 10325 | Kings River Conservation Dist | CA | 1 | 0 | 2026-08-05 21:39:01.966059 | e5dc2971-01a2-4b53-b4ad-1b2c9b138689 | Distribution_Systems_2024.xlsx
baaf217d81f3aab5247debb5d0efbedc-1 | 2024 | 14537 | Pascoag Utility District | RI | 5 |  | 2026-08-05 21:39:01.966059 | e5dc2971-01a2-4b53-b4ad-1b2c9b138689 | Distribution_Systems_2024.xlsx
d4f04d248a04d91279068135bb85fe06-1 | 2024 | 4153 | Concordia Electric Coop, Inc | LA | 28 | 28 | 2026-08-05 21:39:01.966059 | e5dc2971-01a2-4b53-b4ad-1b2c9b138689 | Distribution_Systems_2024.xlsx
fe0f12f7d0e393c4494f04dd08bffb3b-1 | 2024 | 20228 | Weakley County Mun Elec Sys | TN | 35 | 10 | 2026-08-05 21:39:01.966059 | e5dc2971-01a2-4b53-b4ad-1b2c9b138689 | Distribution_Systems_2024.xlsx
01d86d159579a09f0a4ad69c4c3d5675-1 | 2024 | 15016 | Pickwick Electric Coop | TN | 39 | 39 | 2026-08-05 21:39:01.966059 | e5dc2971-01a2-4b53-b4ad-1b2c9b138689 | Distribution_Systems_2024.xlsx
723f241d60b5c1826fa77a6a1ba25f4e-1 | 2024 | 9699 | Jemez Mountains Elec Coop, Inc | NM | 56 |  | 2026-08-05 21:39:01.966059 | e5dc2971-01a2-4b53-b4ad-1b2c9b138689 | Distribution_Systems_2024.xlsx
081934889af51fd05656b9a645a0beca-1 | 2024 | 13143 | Board of Water Electric & Communications | IA | 36 | 0 | 2026-08-05 21:39:01.966059 | e5dc2971-01a2-4b53-b4ad-1b2c9b138689 | Distribution_Systems_2024.xlsx
8f25b4ef2cb16266f8fb09d90538ef8b-1 | 2024 | 8055 | City of Hannibal - (MO) | MO | 17 | 0 | 2026-08-05 21:39:01.966059 | e5dc2971-01a2-4b53-b4ad-1b2c9b138689 | Distribution_Systems_2024.xlsx
37e4335fb79bdb034cdd87d2bc93e501-1 | 2024 | 7977 | City of Hamilton - (OH) | OH | 54 |  | 2026-08-05 21:39:01.966059 | e5dc2971-01a2-4b53-b4ad-1b2c9b138689 | Distribution_Systems_2024.xlsx
27869249f5d1acab217f2d9187fac380-1 | 2024 | 5969 | City of Escondido - (CA) | CA | 1 |  | 2026-08-05 21:39:01.966059 | e5dc2971-01a2-4b53-b4ad-1b2c9b138689 | Distribution_Systems_2024.xlsx
4df22c634c4f59397540b40959e201e9-1 | 2024 | 20038 | Town of Wallingford - (CT) | CT | 26 |  | 2026-08-05 21:39:01.966059 | e5dc2971-01a2-4b53-b4ad-1b2c9b138689 | Distribution_Systems_2024.xlsx
7945381fb972e3239039981e7700716c-1 | 2024 | 13467 | New London Electric&Water Util | WI | 38 | 38 | 2026-08-05 21:39:01.966059 | e5dc2971-01a2-4b53-b4ad-1b2c9b138689 | Distribution_Systems_2024.xlsx
bf6a6fb09754cf736871e178201c03db-1 | 2024 | 9191 | Idaho Power Co | ID | 655 | 453 | 2026-08-05 21:39:01.966059 | e5dc2971-01a2-4b53-b4ad-1b2c9b138689 | Distribution_Systems_2024.xlsx
c3c6bfc668c1840ca12361c844481112-1 | 2024 | 1591 | Big Country Electric Coop, Inc | TX | 56 | 0 | 2026-08-05 21:39:01.966059 | e5dc2971-01a2-4b53-b4ad-1b2c9b138689 | Distribution_Systems_2024.xlsx
521583fd4e3125394f772ec2a55d8cac-1 | 2024 | 21075 | Y-W Electric Assn Inc | NE | 1 |  | 2026-08-05 21:39:01.966059 | e5dc2971-01a2-4b53-b4ad-1b2c9b138689 | Distribution_Systems_2024.xlsx
5e29f10df5c91e5a64b85ea412f8b7ab-1 | 2024 | 6457 | Florida Public Utilities Co | FL | 29 | 0 | 2026-08-05 21:39:01.966059 | e5dc2971-01a2-4b53-b4ad-1b2c9b138689 | Distribution_Systems_2024.xlsx
1aed1b5b7c04b099a999efb7b30eec28-1 | 2024 | 7140 | Georgia Power Co | GA | 2796 | 2224 | 2026-08-05 21:39:01.966059 | e5dc2971-01a2-4b53-b4ad-1b2c9b138689 | Distribution_Systems_2024.xlsx
e3b22aa64af0ae32b98da64ad6a87ab9-1 | 2024 | 11053 | Linn County REC | IA | 41 | 1 | 2026-08-05 21:39:01.966059 | e5dc2971-01a2-4b53-b4ad-1b2c9b138689 | Distribution_Systems_2024.xlsx
b76148b2bf96aae26eba044bda1d7af0-1 | 2024 | 8774 | City of Holyoke - (MA) | MA | 47 | 0 | 2026-08-05 21:39:01.966059 | e5dc2971-01a2-4b53-b4ad-1b2c9b138689 | Distribution_Systems_2024.xlsx
0e190adb970961fc4c314a27a4cad9e6-1 | 2024 | 4960 | Decatur County Rural E M C | IN | 27 |  | 2026-08-05 21:39:01.966059 | e5dc2971-01a2-4b53-b4ad-1b2c9b138689 | Distribution_Systems_2024.xlsx
2b4b6a5b653698589c83d371c9bfc9a7-1 | 2024 | 15472 | Public Service Co of NH | NH | 815 | 0 | 2026-08-05 21:39:01.966059 | e5dc2971-01a2-4b53-b4ad-1b2c9b138689 | Distribution_Systems_2024.xlsx
d32621f3781ebdfac9cb900929b1cfa0-1 | 2024 | 604 | City of Andalusia | AL | 14 |  | 2026-08-05 21:39:01.966059 | e5dc2971-01a2-4b53-b4ad-1b2c9b138689 | Distribution_Systems_2024.xlsx
2acb2854424ee284241ce580c4448f5b-1 | 2024 | 7027 | City of Gastonia - (NC) | NC | 58 |  | 2026-08-05 21:39:01.966059 | e5dc2971-01a2-4b53-b4ad-1b2c9b138689 | Distribution_Systems_2024.xlsx
3e50337fa0eaf263971ec7ee318798a5-1 | 2024 | 13830 | Nueces Electric Cooperative | TX | 50 | 32 | 2026-08-05 21:39:01.966059 | e5dc2971-01a2-4b53-b4ad-1b2c9b138689 | Distribution_Systems_2024.xlsx
e6d601da3eab5725da8511789a5f2b17-1 | 2024 | 19125 | City of Traverse City - (MI) | MI | 32 | 23 | 2026-08-05 21:39:01.966059 | e5dc2971-01a2-4b53-b4ad-1b2c9b138689 | Distribution_Systems_2024.xlsx
979cc01bf12b01b428425ac7e6423779-1 | 2024 | 3542 | Duke Energy Ohio Inc | OH | 803 | 519 | 2026-08-05 21:39:01.966059 | e5dc2971-01a2-4b53-b4ad-1b2c9b138689 | Distribution_Systems_2024.xlsx
d3c863b303fc34192fbdc4fa52dd66c1-1 | 2024 | 11318 | City of Lumberton - (NC) | NC | 12 |  | 2026-08-05 21:39:01.966059 | e5dc2971-01a2-4b53-b4ad-1b2c9b138689 | Distribution_Systems_2024.xlsx
6550487b0f4374a03be10144583ba935-1 | 2024 | 298 | City of Alexandria - (LA) | LA | 61 |  | 2026-08-05 21:39:01.966059 | e5dc2971-01a2-4b53-b4ad-1b2c9b138689 | Distribution_Systems_2024.xlsx
96218937dd1053a08e2813b5ec43dd45-1 | 2024 | 13669 | North Alabama Electric Coop | AL | 20 | 0 | 2026-08-05 21:39:01.966059 | e5dc2971-01a2-4b53-b4ad-1b2c9b138689 | Distribution_Systems_2024.xlsx
d5407671e05af0f94167a8d0bce38e4d-1 | 2024 | 20583 | Whitehall Electric Utility | WI | 7 | 0 | 2026-08-05 21:39:01.966059 | e5dc2971-01a2-4b53-b4ad-1b2c9b138689 | Distribution_Systems_2024.xlsx
ab9315ceb95a61cdc263e26376568366-1 | 2024 | 12698 | Evergy Missouri West | MO | 557 | 0 | 2026-08-05 21:39:01.966059 | e5dc2971-01a2-4b53-b4ad-1b2c9b138689 | Distribution_Systems_2024.xlsx
6ed0dd68a0991f7b1b02e4beec74f38a-1 | 2024 | 18951 | Tishomingo County E P A | MS | 29 | 25 | 2026-08-05 21:39:01.966059 | e5dc2971-01a2-4b53-b4ad-1b2c9b138689 | Distribution_Systems_2024.xlsx
6ee630061b32866c26d71b631dba159f-1 | 2024 | 5417 | Dunn County Electric Coop | WI | 40 | 0 | 2026-08-05 21:39:01.966059 | e5dc2971-01a2-4b53-b4ad-1b2c9b138689 | Distribution_Systems_2024.xlsx
e50dfca91c69ac871cbf6543cf0deeb9-1 | 2024 | 13520 | New-Mac Electric Coop, Inc | MO | 54 |  | 2026-08-05 21:39:01.966059 | e5dc2971-01a2-4b53-b4ad-1b2c9b138689 | Distribution_Systems_2024.xlsx
1b5705f26fd1a5b9d6ac8e02b17a7456-1 | 2024 | 219 | Alaska Power and Telephone Co | AK | 39 | 0 | 2026-08-05 21:39:01.966059 | e5dc2971-01a2-4b53-b4ad-1b2c9b138689 | Distribution_Systems_2024.xlsx
7eb4e1bb7e21c49632bcbf47b744fa3a-1 | 2024 | 6610 | City of Fort Morgan | CO | 21 | 21 | 2026-08-05 21:39:01.966059 | e5dc2971-01a2-4b53-b4ad-1b2c9b138689 | Distribution_Systems_2024.xlsx
27353907f39d7df34978c4b995193961-1 | 2024 | 12866 | Moon Lake Electric Assn Inc | CO | 35 | 35 | 2026-08-05 21:39:01.966059 | e5dc2971-01a2-4b53-b4ad-1b2c9b138689 | Distribution_Systems_2024.xlsx
ec25434b9ec40ac1631237b00846ad9e-1 | 2024 | 3470 | Cherokee County Elec Coop Assn - (TX) | TX | 35 |  | 2026-08-05 21:39:01.966059 | e5dc2971-01a2-4b53-b4ad-1b2c9b138689 | Distribution_Systems_2024.xlsx
6ea462547df6028a6496982e58baef98-1 | 2024 | 25866 | Ak-Chin Electric Utility Authority | AZ | 4 | 0 | 2026-08-05 21:39:01.966059 | e5dc2971-01a2-4b53-b4ad-1b2c9b138689 | Distribution_Systems_2024.xlsx
624b81c1c95c25a5a0f9394e4d103976-1 | 2024 | 14245 | Overton Power District No 5 | NV | 50 | 50 | 2026-08-05 21:39:01.966059 | e5dc2971-01a2-4b53-b4ad-1b2c9b138689 | Distribution_Systems_2024.xlsx
(1353 rows; csv has all)

-- S03 utility data: whole table (1,701 rows)
RECORD_ID | DATA_YEAR | UTILITY_NUMBER | UTILITY_NAME | STATE | OWNERSHIP_TYPE | NERC_REGION | NERC_TRE | NERC_FRCC | NERC_MRO | NERC_NPCC | NERC_RFC | NERC_SERC | NERC_SPP | NERC_WECC | RTO_CAISO | RTO_ERCOT | RTO_PJM | RTO_NYISO | RTO_SPP | RTO_MISO | RTO_ISONE | RTO_OTHER | ACTIVITY_GENERATION | ACTIVITY_TRANSMISSION | ACTIVITY_BUYING_TRANSMISSION | ACTIVITY_DISTRIBUTION | ACTIVITY_BUYING_DISTRIBUTION | ACTIVITY_WHOLESALE_MARKETING | ACTIVITY_RETAIL_MARKETING | ACTIVITY_BUNDLED | ALT_FUEL_VEHICLE | ALT_FUEL_VEHICLE_2 | _LOADED_AT | _SOURCE_RUN_ID | _SRC_FILE
f65f9e175ed36c21acd1aa0fa9cd3814-1 | 2024 | 4432 | Coweta-Fayette El Member Corp | GA | Cooperative | SERC |  |  |  |  |  | Y |  |  |  |  |  |  |  |  |  | Y |  |  |  | Y |  |  |  |  |  | Y | 2026-08-05 21:38:44.000854 | e3041a5f-83b5-459a-bbbe-241468b24422 | Utility_Data_2024.xlsx
fbae7f2da3a408f0f7c304d9c15e884e-1 | 2024 | 1889 | Blue Ridge Elec Member Corp - (NC) | NC | Cooperative | SERC |  |  |  |  |  | Y |  |  |  |  |  |  |  |  |  | Y |  | N |  | Y |  |  |  |  | Y | Y | 2026-08-05 21:38:44.000854 | e3041a5f-83b5-459a-bbbe-241468b24422 | Utility_Data_2024.xlsx
87c0e2491b086184fb667728a17d52d5-1 | 2024 | 6641 | 4-County Electric Power Assn | MS | Cooperative | SERC |  |  |  |  |  | Y |  |  |  |  |  |  |  |  |  |  |  |  |  | Y |  |  |  |  |  |  | 2026-08-05 21:38:44.000854 | e3041a5f-83b5-459a-bbbe-241468b24422 | Utility_Data_2024.xlsx
bfa8a2445be61cf93027cdaf901fd332-1 | 2024 | 61431 | Pioneer Community Energy | CA | Community Choice Aggregator |  |  |  |  |  |  |  |  | Y | Y |  |  |  |  |  |  |  |  |  |  |  |  |  | Y |  | N |  | 2026-08-05 21:38:44.000854 | e3041a5f-83b5-459a-bbbe-241468b24422 | Utility_Data_2024.xlsx
d7270f24568b451c37c5db01bca72148-1 | 2024 | 9612 | City of Jackson - (TN) | TN | Municipal | SERC |  |  |  |  |  | Y |  |  |  |  |  |  |  |  |  |  |  |  |  | Y |  |  |  |  |  |  | 2026-08-05 21:38:44.000854 | e3041a5f-83b5-459a-bbbe-241468b24422 | Utility_Data_2024.xlsx
f5150b49203e1523201a542f8c7c71ac-1 | 2024 | 15787 | Redlands Water & Power Company | CO | Investor Owned | WECC |  |  |  |  |  |  |  | Y |  |  |  |  |  |  |  | Y | Y |  |  |  |  |  |  |  |  |  | 2026-08-05 21:38:44.000854 | e3041a5f-83b5-459a-bbbe-241468b24422 | Utility_Data_2024.xlsx
532feb6ccf843b8b42151941246d7dc6-1 | 2024 | 18336 | Superior Water and Light Co | WI | Investor Owned | MRO |  |  | Y |  |  |  |  |  |  |  |  |  |  |  |  |  |  |  |  |  |  |  |  | Y |  |  | 2026-08-05 21:38:44.000854 | e3041a5f-83b5-459a-bbbe-241468b24422 | Utility_Data_2024.xlsx
f91cc84162c88053010ff9a53ec4e92c-1 | 2024 | 16060 | Riverland Energy Cooperative | WI | Cooperative | MRO |  |  | Y |  | N |  |  |  |  |  |  |  |  | Y |  |  |  |  |  | Y |  |  |  |  |  |  | 2026-08-05 21:38:44.000854 | e3041a5f-83b5-459a-bbbe-241468b24422 | Utility_Data_2024.xlsx
2b19be4a11ebb164da3e79e877d4a404-1 | 2024 | 14246 | City of Owatonna - (MN) | MN | Municipal | MRO |  |  | Y |  |  |  |  |  |  |  |  |  |  | Y |  |  |  |  |  | Y |  |  |  | Y | N | N | 2026-08-05 21:38:44.000854 | e3041a5f-83b5-459a-bbbe-241468b24422 | Utility_Data_2024.xlsx
e96cf9dbbc0e97bc52f7a24855e9c622-1 | 2024 | 60758 | Apple Valley Choice Energy | CA | Community Choice Aggregator |  |  |  |  |  |  |  |  | Y | Y |  |  |  |  |  |  |  |  |  |  |  |  |  | Y |  | N |  | 2026-08-05 21:38:44.000854 | e3041a5f-83b5-459a-bbbe-241468b24422 | Utility_Data_2024.xlsx
cddfe7f90f2c631b84e5b13b04539329-1 | 2024 | 20334 | Wellsborough Electric Co | PA | Investor Owned | RFC |  |  |  |  | Y |  |  |  |  |  | Y |  |  |  |  |  |  |  |  | Y |  |  |  |  | N |  | 2026-08-05 21:38:44.000854 | e3041a5f-83b5-459a-bbbe-241468b24422 | Utility_Data_2024.xlsx
84edce6046287d6bef9dc5d957022daf-1 | 2024 | 14288 | Ozark Electric Coop Inc - (MO) | MO | Cooperative | SERC |  |  |  |  |  | Y |  |  |  |  |  |  |  |  |  |  |  |  |  | Y |  |  |  |  | Y | Y | 2026-08-05 21:38:44.000854 | e3041a5f-83b5-459a-bbbe-241468b24422 | Utility_Data_2024.xlsx
43908ee4a0145a98b49948ec98917c17-1 | 2024 | 3266 | Central Maine Power Co | ME | Investor Owned | NPCC |  |  |  | Y |  |  |  |  |  |  |  |  |  |  | Y |  |  | Y | Y | Y |  |  |  |  | Y | Y | 2026-08-05 21:38:44.000854 | e3041a5f-83b5-459a-bbbe-241468b24422 | Utility_Data_2024.xlsx
1a08ac8910fbc8359eb903a894456297-1 | 2024 | 18466 | Town of Tarboro - (NC) | NC | Municipal | SERC |  |  |  |  |  | Y |  |  |  |  |  |  |  |  |  | Y |  |  |  | Y |  |  |  |  |  |  | 2026-08-05 21:38:44.000854 | e3041a5f-83b5-459a-bbbe-241468b24422 | Utility_Data_2024.xlsx
0ff26b65fb8aecf7b0825dd9d7d89c28-1 | 2024 | 6709 | Easley Combined Utility System | SC | Municipal | SERC |  |  |  |  |  | Y |  |  |  |  |  |  |  |  |  | Y | Y |  |  | Y |  |  |  | Y |  |  | 2026-08-05 21:38:44.000854 | e3041a5f-83b5-459a-bbbe-241468b24422 | Utility_Data_2024.xlsx
ea9414ce65b88a552038dc42f5a9a8e5-1 | 2024 | 18951 | Tishomingo County E P A | MS | Cooperative | SERC |  |  |  |  |  | Y |  |  |  |  |  |  |  |  |  |  |  |  |  | Y |  |  |  |  |  |  | 2026-08-05 21:38:44.000854 | e3041a5f-83b5-459a-bbbe-241468b24422 | Utility_Data_2024.xlsx
7d5b37b934d2035255c35045b66c85d4-1 | 2024 | 13830 | Nueces Electric Cooperative | TX | Cooperative | TRE | Y |  |  |  |  |  |  |  |  | Y |  |  |  |  |  |  |  |  |  | Y |  |  | Y |  | N |  | 2026-08-05 21:38:44.000854 | e3041a5f-83b5-459a-bbbe-241468b24422 | Utility_Data_2024.xlsx
26bde9c4a59ab19f85b81105d9bd959f-1 | 2024 | 11200 | Lorain-Medina R E C, Inc | OH | Cooperative | RFC |  |  |  |  | Y |  |  |  |  |  | Y |  |  |  |  |  |  |  |  | Y |  |  |  | N | Y | Y | 2026-08-05 21:38:44.000854 | e3041a5f-83b5-459a-bbbe-241468b24422 | Utility_Data_2024.xlsx
6c18e20d6d4038023fd59f5402e6f704-1 | 2024 | 18917 | Tillamook Peoples Utility Dist | OR | Political Subdivision | WECC |  |  |  |  |  |  |  | Y |  |  |  |  |  |  |  | Y |  |  |  | Y |  |  |  |  | Y | Y | 2026-08-05 21:38:44.000854 | e3041a5f-83b5-459a-bbbe-241468b24422 | Utility_Data_2024.xlsx
7c7cf3bc41e89945702c57bbe3bf43b7-1 | 2024 | 12187 | City of McMinnville - (OR) | OR | Municipal | WECC |  |  |  |  |  |  |  | Y |  |  |  |  |  |  |  | Y |  |  |  | Y |  |  |  | Y | N | N | 2026-08-05 21:38:44.000854 | e3041a5f-83b5-459a-bbbe-241468b24422 | Utility_Data_2024.xlsx
b40a940633b28c042ed48bace5c38065-1 | 2024 | 2212 | Broad River Electric Coop, Inc | SC | Cooperative | SERC |  |  |  |  |  | Y |  |  |  |  |  |  |  |  |  | Y | N |  |  | Y |  |  |  |  |  |  | 2026-08-05 21:38:44.000854 | e3041a5f-83b5-459a-bbbe-241468b24422 | Utility_Data_2024.xlsx
329767116b414afcd1eb5f30cdefeb73-1 | 2024 | 10574 | L & O Power Co-operative | IA | Cooperative | MRO |  |  | Y |  |  |  | Y |  |  |  |  |  | Y |  |  |  |  | Y |  |  |  |  |  |  |  |  | 2026-08-05 21:38:44.000854 | e3041a5f-83b5-459a-bbbe-241468b24422 | Utility_Data_2024.xlsx
14b276915f3c7b663a56fe7098486946-1 | 2024 | 7654 | Greer Commission of Public Wks | SC | Municipal | SERC |  |  |  |  |  | Y |  |  |  |  |  |  |  |  |  |  |  |  |  |  | Y |  |  |  | Y | Y | 2026-08-05 21:38:44.000854 | e3041a5f-83b5-459a-bbbe-241468b24422 | Utility_Data_2024.xlsx
a08f0ccfcdce98f410eb9707a16b6c83-1 | 2024 | 15312 | Village of Prairie Du Sac - (WI) | WI | Municipal | MISO |  |  | Y |  | N |  |  |  |  |  |  |  |  | Y |  |  |  |  |  | Y |  |  |  |  |  |  | 2026-08-05 21:38:44.000854 | e3041a5f-83b5-459a-bbbe-241468b24422 | Utility_Data_2024.xlsx
e7ebf955eead0fc53f2b1cae1d9a7fa2-1 | 2024 | 15419 | PUD No 3 of Mason County | WA | Political Subdivision |  |  |  |  |  |  |  |  | Y |  |  |  |  |  |  |  | Y |  | Y | Y | Y |  | Y |  |  | Y | Y | 2026-08-05 21:38:44.000854 | e3041a5f-83b5-459a-bbbe-241468b24422 | Utility_Data_2024.xlsx
8a65ce7731e627f7f7ea8b9700c410f0-1 | 2024 | 18957 | Tri-County Elec Member Corp (NC) | NC | Cooperative | SERC |  |  |  |  |  | Y |  |  |  |  |  |  |  |  |  | Y |  |  |  | Y |  |  |  |  | N |  | 2026-08-05 21:38:44.000854 | e3041a5f-83b5-459a-bbbe-241468b24422 | Utility_Data_2024.xlsx
a6bfe247ef0c52cf93c960127924cec3-1 | 2024 | 13780 | Northern States Power Co | MN | Investor Owned | MRO |  |  | Y |  |  |  |  |  |  |  |  |  |  | Y |  |  | Y | Y | Y | Y |  | Y |  | Y | Y | Y | 2026-08-05 21:38:44.000854 | e3041a5f-83b5-459a-bbbe-241468b24422 | Utility_Data_2024.xlsx
431e904c7e32208bd6a3d4a3d5d666b4-1 | 2024 | 6194 | Farmers Rural Electric Coop Corp - (KY) | KY | Cooperative | RFC |  |  |  |  | Y | Y |  |  |  |  | Y |  |  |  |  |  |  |  |  | Y |  |  |  |  |  |  | 2026-08-05 21:38:44.000854 | e3041a5f-83b5-459a-bbbe-241468b24422 | Utility_Data_2024.xlsx
2dce4aa6ed142b2c2e1c6e881198ab7a-1 | 2024 | 947 | Athens Utility Board | TN | Municipal | SERC |  |  |  |  |  | Y |  |  |  |  |  |  |  |  |  |  |  |  |  | Y |  |  |  |  |  |  | 2026-08-05 21:38:44.000854 | e3041a5f-83b5-459a-bbbe-241468b24422 | Utility_Data_2024.xlsx
c3c19e92a30ace56dde888a79ad8317c-1 | 2024 | 20176 | City of Water Valley - (MS) | MS | Municipal | SERC |  |  |  |  |  | Y |  |  |  |  |  |  |  |  |  |  |  |  |  | Y |  |  |  |  |  |  | 2026-08-05 21:38:44.000854 | e3041a5f-83b5-459a-bbbe-241468b24422 | Utility_Data_2024.xlsx
2559965ec877cacebe12c289889a3620-1 | 2024 | 14653 | PUD No 1 of Pend Oreille County | WA | Political Subdivision | WECC |  |  |  |  |  |  |  | Y |  |  |  |  |  |  |  | Y | Y | Y | Y | Y |  | Y |  |  | N |  | 2026-08-05 21:38:44.000854 | e3041a5f-83b5-459a-bbbe-241468b24422 | Utility_Data_2024.xlsx
b17e25a23eb182b9b11b2bcf1ec7114b-1 | 2024 | 16674 | Satilla Rural Elec Member Corporation | GA | Cooperative | SERC |  |  |  |  |  | Y |  |  |  |  |  |  |  |  |  | Y |  |  |  | Y |  |  |  |  |  |  | 2026-08-05 21:38:44.000854 | e3041a5f-83b5-459a-bbbe-241468b24422 | Utility_Data_2024.xlsx
75879e2284835f447930fc91366fc3af-1 | 2024 | 66867 | David Energy Supply LLC |  | Retail Power Marketer |  |  |  |  |  |  |  |  |  |  | Y | Y | Y |  |  | Y |  |  |  |  |  |  |  |  |  | N |  | 2026-08-05 21:38:44.000854 | e3041a5f-83b5-459a-bbbe-241468b24422 | Utility_Data_2024.xlsx
0c0f8816a6d2093d9c89d1714ef5ab94-1 | 2024 | 298 | City of Alexandria - (LA) | LA | Municipal | SERC |  |  |  |  |  | Y | N |  |  |  |  |  | N | Y |  |  | Y | Y | Y | Y |  |  |  | Y | Y | Y | 2026-08-05 21:38:44.000854 | e3041a5f-83b5-459a-bbbe-241468b24422 | Utility_Data_2024.xlsx
2dad1ecff8fc234a6d3ee84d02350c35-1 | 2024 | 6458 | Energy Harbor Corp. | TX | Retail Power Marketer | RFC | N |  |  |  | Y |  |  |  |  |  | Y |  |  | Y |  |  |  |  |  |  |  | Y | Y |  |  |  | 2026-08-05 21:38:44.000854 | e3041a5f-83b5-459a-bbbe-241468b24422 | Utility_Data_2024.xlsx
a99314ec8d8115c09984cc15a8cb7763-1 | 2024 | 12642 | Maquoketa Valley Rrl Elec Coop | IA | Cooperative | RFC |  |  | Y |  | N |  |  |  |  |  |  |  |  | Y |  |  |  |  |  | Y |  |  |  | Y |  |  | 2026-08-05 21:38:44.000854 | e3041a5f-83b5-459a-bbbe-241468b24422 | Utility_Data_2024.xlsx
b59814f467073d8f27b5e0548c90f3e9-1 | 2024 | 61206 | Total Gas & Power North America Inc | TX | Retail Power Marketer |  | Y |  |  |  |  |  |  |  |  | Y |  |  |  |  |  |  |  |  |  |  |  | Y | Y |  | N |  | 2026-08-05 21:38:44.000854 | e3041a5f-83b5-459a-bbbe-241468b24422 | Utility_Data_2024.xlsx
2874c1691e81d2013826fc1ff8fd66a9-1 | 2024 | 59084 | SFE Energy Maryland, Inc. | CN | Retail Power Marketer |  |  |  |  |  |  |  |  |  |  |  | Y |  |  |  |  |  |  |  |  |  |  |  | Y |  | N |  | 2026-08-05 21:38:44.000854 | e3041a5f-83b5-459a-bbbe-241468b24422 | Utility_Data_2024.xlsx
abe0a8a9465b1724a365bfb868591125-1 | 2024 | 6608 | Fort Loudoun Electric Coop | TN | Cooperative | SERC |  |  |  |  |  | Y |  |  |  |  |  |  |  |  |  |  |  |  |  | Y |  |  |  |  |  |  | 2026-08-05 21:38:44.000854 | e3041a5f-83b5-459a-bbbe-241468b24422 | Utility_Data_2024.xlsx
019912d8add47a2dbd872d5fdea4b823-1 | 2024 | 6455 | Duke Energy Florida, LLC | FL | Investor Owned | FRCC |  | Y |  |  |  | N |  |  |  |  |  |  |  |  |  | Y | Y | Y | Y | Y |  | Y |  |  | Y | Y | 2026-08-05 21:38:44.000854 | e3041a5f-83b5-459a-bbbe-241468b24422 | Utility_Data_2024.xlsx
77989e348df5942b09e36310c3bae33a-1 | 2024 | 8761 | Holmes-Wayne Electric Coop Inc | OH | Cooperative | RFC |  |  |  |  | Y |  |  |  |  |  | Y |  |  |  |  |  |  |  |  | Y |  |  |  |  | N |  | 2026-08-05 21:38:44.000854 | e3041a5f-83b5-459a-bbbe-241468b24422 | Utility_Data_2024.xlsx
b857b93d8ce01039e5c058727cee36b8-1 | 2024 | 62914 | StateWise Energy Pennsylvania LLC | CN | Retail Power Marketer |  |  |  |  |  |  |  |  |  |  |  | Y |  |  |  |  |  |  |  |  |  |  |  | Y |  | N |  | 2026-08-05 21:38:44.000854 | e3041a5f-83b5-459a-bbbe-241468b24422 | Utility_Data_2024.xlsx
1932d204e133b31f4104434d902c0614-1 | 2024 | 60202 | Electranet Power LLC | TX | Retail Power Marketer |  | Y |  |  |  |  |  |  |  |  | Y |  |  |  |  |  |  |  |  |  |  |  |  | Y |  | N |  | 2026-08-05 21:38:44.000854 | e3041a5f-83b5-459a-bbbe-241468b24422 | Utility_Data_2024.xlsx
4407ecdaa045b1af197c9a1babb8e488-1 | 2024 | 15470 | Duke Energy Indiana, LLC | IN | Investor Owned | RFC |  |  |  |  | Y |  |  |  |  |  | N |  |  | Y |  |  | Y | Y | Y | Y |  | Y | N |  | Y | Y | 2026-08-05 21:38:44.000854 | e3041a5f-83b5-459a-bbbe-241468b24422 | Utility_Data_2024.xlsx
60bb44923b9473369f453967cdecfbf5-1 | 2024 | 3712 | Clay County Electric Coop Corp - (AR) | AR | Cooperative | SERC |  |  |  |  |  | Y |  |  |  |  |  |  | Y | Y |  |  |  |  |  | Y |  |  |  |  |  |  | 2026-08-05 21:38:44.000854 | e3041a5f-83b5-459a-bbbe-241468b24422 | Utility_Data_2024.xlsx
8b4468313373f50fccfeebd08f77b39c-1 | 2024 | 14724 | Pennyrile Rural Electric Coop | KY | Cooperative | SERC |  |  |  |  |  | Y |  |  |  |  |  |  |  |  |  |  |  |  |  | Y |  |  |  |  |  |  | 2026-08-05 21:38:44.000854 | e3041a5f-83b5-459a-bbbe-241468b24422 | Utility_Data_2024.xlsx
73c9beb87888d12b089ed8a4269cfac4-1 | 2024 | 13826 | City of Norway | MI | Municipal | MISO |  |  | Y |  | N |  |  |  |  |  |  |  |  | Y |  |  | Y |  |  | Y |  |  |  |  | Y | Y | 2026-08-05 21:38:44.000854 | e3041a5f-83b5-459a-bbbe-241468b24422 | Utility_Data_2024.xlsx
816c493f7518e90641690e2582cbcf9c-1 | 2024 | 10071 | Kauai Island Utility Cooperative | HI | Cooperative | HICC |  |  |  |  |  |  |  |  |  |  |  |  |  |  |  |  | Y | Y | N | Y |  |  |  |  | Y | Y | 2026-08-05 21:38:44.000854 | e3041a5f-83b5-459a-bbbe-241468b24422 | Utility_Data_2024.xlsx
11ea9d1fa0fccddeaa24f0bd17c05715-1 | 2024 | 1167 | Baltimore Gas & Electric Co | MD | Investor Owned | RFC |  |  |  |  | Y |  |  |  |  |  | Y |  |  |  |  |  |  | Y |  | Y |  |  |  |  | Y | Y | 2026-08-05 21:38:44.000854 | e3041a5f-83b5-459a-bbbe-241468b24422 | Utility_Data_2024.xlsx
5c6d162561e7700f502dbf913e07daad-1 | 2024 | 7490 | Grand River Dam Authority | OK | State | SPP |  |  | Y |  |  |  | N |  |  |  |  |  | Y |  |  |  | Y | Y | Y | Y | N | Y |  |  | Y | Y | 2026-08-05 21:38:44.000854 | e3041a5f-83b5-459a-bbbe-241468b24422 | Utility_Data_2024.xlsx
18400128a6e3d8fe812d8e0ae55871d4-1 | 2024 | 19856 | City of Vineland - (NJ) | NJ | Municipal | RFC |  |  |  |  | Y |  |  |  |  |  | Y |  |  |  |  |  | Y | N | Y | Y |  | Y |  |  |  |  | 2026-08-05 21:38:44.000854 | e3041a5f-83b5-459a-bbbe-241468b24422 | Utility_Data_2024.xlsx
b55a7441464b77c4994cd372f29b8ca2-1 | 2024 | 12532 | City of Milan - (TN) | TN | Municipal | SERC |  |  |  |  |  | Y |  |  |  |  |  |  |  |  |  |  |  |  |  | Y |  |  |  |  |  |  | 2026-08-05 21:38:44.000854 | e3041a5f-83b5-459a-bbbe-241468b24422 | Utility_Data_2024.xlsx
522e5a5e350cc83013df30e6950b27b8-1 | 2024 | 10226 | Utility Board of the City of Key West, F | FL | Municipal |  |  | Y |  |  |  |  |  |  |  |  |  |  |  |  |  | Y | N | Y | Y | Y |  |  |  |  | Y | Y | 2026-08-05 21:38:44.000854 | e3041a5f-83b5-459a-bbbe-241468b24422 | Utility_Data_2024.xlsx
bdef0af8b7b5868e4ea5d7c0ce98779a-1 | 2024 | 18642 | Tennessee Valley Authority | TN | Federal |  |  |  |  |  |  | Y |  |  |  |  |  |  |  |  |  | Y | Y | Y |  |  |  |  |  |  | Y | Y | 2026-08-05 21:38:44.000854 | e3041a5f-83b5-459a-bbbe-241468b24422 | Utility_Data_2024.xlsx
b6fc9d97cdf98989c4546047b3e9d79a-1 | 2024 | 59993 | Discount Power Inc - (CT) | CT | Retail Power Marketer |  |  |  |  | N |  |  |  |  |  |  | Y |  |  |  | Y |  |  |  |  |  |  |  | Y |  | N |  | 2026-08-05 21:38:44.000854 | e3041a5f-83b5-459a-bbbe-241468b24422 | Utility_Data_2024.xlsx
e8d24629fc9363d2a624af4e32b22daa-1 | 2024 | 40606 | City of Grand Island - (NE) | NE | Municipal | MRO |  |  | Y |  |  |  |  |  |  |  |  |  | Y |  |  |  | Y | N | Y | Y |  | Y |  | Y |  |  | 2026-08-05 21:38:44.000854 | e3041a5f-83b5-459a-bbbe-241468b24422 | Utility_Data_2024.xlsx
bef34cc32f8c2d168b4caef1a1a6c96c-1 | 2024 | 14251 | Owen Electric Coop Inc | KY | Cooperative |  |  |  |  |  | N |  |  |  |  |  |  |  |  |  |  |  |  |  |  | Y |  |  |  |  | N | N | 2026-08-05 21:38:44.000854 | e3041a5f-83b5-459a-bbbe-241468b24422 | Utility_Data_2024.xlsx
75c7edc8bab795986191987982888dd2-1 | 2024 | 49987 | Harvard Dedicated Energy Limit | MA | Retail Power Marketer |  |  |  |  |  |  |  |  |  |  |  |  |  |  |  | Y |  |  |  |  |  |  |  | Y |  |  |  | 2026-08-05 21:38:44.000854 | e3041a5f-83b5-459a-bbbe-241468b24422 | Utility_Data_2024.xlsx
3276dac672fe2343d061f5afd5a7572d-1 | 2024 | 11477 | Town of Madison - (ME) | ME | Municipal | NPCC |  |  |  | Y |  |  |  |  |  |  |  |  |  |  | Y |  |  |  |  | Y |  |  |  |  | N |  | 2026-08-05 21:38:44.000854 | e3041a5f-83b5-459a-bbbe-241468b24422 | Utility_Data_2024.xlsx
f09a37009086ba269c6e7e54ac3a33f9-1 | 2024 | 3226 | Central Rural Electric Cooperative, Inc | OK | Cooperative |  |  |  |  |  |  | N |  |  |  |  |  |  |  |  |  | Y |  |  |  | Y |  |  |  |  | Y | Y | 2026-08-05 21:38:44.000854 | e3041a5f-83b5-459a-bbbe-241468b24422 | Utility_Data_2024.xlsx
(1701 rows; csv has all)

-- S04 dynamic pricing: whole table (857 rows)
RECORD_ID | DATA_YEAR | UTILITY_NUMBER | UTILITY_NAME | SHORT_FORM | STATE | BA_CODE | RESIDENTIAL_CUSTOMERS_ENROLLED | COMMERCIAL_CUSTOMERS_ENROLLED | INDUSTRIAL_CUSTOMERS_ENROLLED | TRANSPORTATION_CUSTOMERS_ENROLLED | TOTAL_CUSTOMERS_ENROLLED | RESIDENTIAL_TIME_OF_USE_PRICING | COMMERCIAL_TIME_OF_USE_PRICING | INDUSTRIAL_TIME_OF_USE_PRICING | TRANSPORTATION_TIME_OF_USE_PRICING | RESIDENTIAL_REAL_TIME_PRICING | COMMERCIAL_REAL_TIME_PRICING | INDUSTRIAL_REAL_TIME_PRICING | TRANSPORTATION_REAL_TIME_PRICING | RESIDENTIAL_VARIABLE_PEAK_PRICING | COMMERCIAL_VARIABLE_PEAK_PRICING | INDUSTRIAL_VARIABLE_PEAK_PRICING | TRANSPORTATION_VARIABLE_PEAK_PRICING | RESIDENTIAL_CRITICAL_PEAK_PRICING | COMMERCIAL_CRITICAL_PEAK_PRICING | INDUSTRIAL_CRITICAL_PEAK_PRICING | TRANSPORTATION_CRITICAL_PEAK_PRICING | RESIDENTIAL_CRITICAL_PEAK_REBATE | COMMERCIAL_CRITICAL_PEAK_REBATE | INDUSTRIAL_CRITICAL_PEAK_REBATE | TRANSPORTATION_CRITICAL_PEAK_REBATE | _LOADED_AT | _SOURCE_RUN_ID | _SRC_FILE
837a385dc6299214c28a0b3563b03224-1 | 2024 | 13936 | Oakdale Electric Coop |  | WI | MISO | 0 | 142 | 55 | 0 | 197 |  | Y | Y |  |  |  |  |  |  |  |  |  |  | Y |  |  |  |  |  |  | 2026-08-05 21:39:05.805460 | a95621dd-7366-44fa-a2cd-261125450bfd | Dynamic_Pricing_2024.xlsx
f7babe23db97a46acc9a13bec4ea1b54-1 | 2024 | 13374 | Constellation NewEnergy, Inc |  | NJ | PJM | 1977 | 20619 | 58 | 0 | 22654 |  |  |  |  | Y | Y | Y |  |  |  |  |  |  |  |  |  |  |  |  |  | 2026-08-05 21:39:05.805460 | a95621dd-7366-44fa-a2cd-261125450bfd | Dynamic_Pricing_2024.xlsx
dff63f3ce05c8dec671bb60fd2f09d97-1 | 2024 | 13374 | Constellation NewEnergy, Inc |  | VA | PJM | 0 | 4 | 0 | 0 | 4 |  |  |  |  |  | Y |  |  |  |  |  |  |  |  |  |  |  |  |  |  | 2026-08-05 21:39:05.805460 | a95621dd-7366-44fa-a2cd-261125450bfd | Dynamic_Pricing_2024.xlsx
464fc851aa9a85dc2f74dbd1a191661b-1 | 2024 | 20371 | West Florida El Coop Assn, Inc |  | FL | SOCO | 1 | 16 |  |  | 17 | Y | Y |  |  |  |  |  |  |  |  |  |  |  |  |  |  |  |  |  |  | 2026-08-05 21:39:05.805460 | a95621dd-7366-44fa-a2cd-261125450bfd | Dynamic_Pricing_2024.xlsx
6f61ddde353bbacb93644eb570816373-1 | 2024 | 18917 | Tillamook Peoples Utility Dist |  | OR | BPAT |  |  | 6 |  | 6 |  |  | Y |  |  |  |  |  |  |  |  |  |  |  |  |  |  |  |  |  | 2026-08-05 21:39:05.805460 | a95621dd-7366-44fa-a2cd-261125450bfd | Dynamic_Pricing_2024.xlsx
892c5626c4c7915cdb37409e358bbdaa-1 | 2024 | 59793 | First Point Power, LLC |  | CT | ISNE | 0 | 20 | 1 | 0 | 21 |  |  |  |  |  | Y | Y |  |  |  |  |  |  |  |  |  |  |  |  |  | 2026-08-05 21:39:05.805460 | a95621dd-7366-44fa-a2cd-261125450bfd | Dynamic_Pricing_2024.xlsx
fce8e3b48e975287af7f4167e8e40065-1 | 2024 | 5416 | Duke Energy Carolinas, LLC |  | SC | DUK | 1832 | 2915 | 239 |  | 4986 | Y | Y | Y |  |  | Y | Y |  |  |  |  |  |  |  |  |  |  |  |  |  | 2026-08-05 21:39:05.805460 | a95621dd-7366-44fa-a2cd-261125450bfd | Dynamic_Pricing_2024.xlsx
dfdab1787c7634ae7a3fc7381a44febb-1 | 2024 | 55 | City of Aberdeen - (MS) |  | MS | TVA | 0 | 33 | 1 | 0 | 34 |  | Y | Y |  |  |  |  |  |  |  |  |  |  |  |  |  |  |  |  |  | 2026-08-05 21:39:05.805460 | a95621dd-7366-44fa-a2cd-261125450bfd | Dynamic_Pricing_2024.xlsx
f3f020b6142f89494c7a38960e16e459-1 | 2024 | 18280 | Sulphur Springs Valley E C Inc |  | AZ | WALC | 5 | 118 | 0 | 0 | 123 | Y | Y | Y | Y |  |  |  |  |  |  |  |  |  |  |  |  |  |  |  |  | 2026-08-05 21:39:05.805460 | a95621dd-7366-44fa-a2cd-261125450bfd | Dynamic_Pricing_2024.xlsx
98114055527234e13570fca783dbac11-1 | 2024 | 20996 | Wright-Hennepin Coop Elec Assn |  | MN | MISO | 687 | 1 | 0 | 0 | 688 | Y | Y |  |  |  |  |  |  |  |  |  |  |  |  |  |  |  |  |  |  | 2026-08-05 21:39:05.805460 | a95621dd-7366-44fa-a2cd-261125450bfd | Dynamic_Pricing_2024.xlsx
34b15256f8a0bc6efc9f34cc1d0d5534-1 | 2024 | 20434 | City of Westby |  | WI | MISO | 0 | 8 | 0 | 0 | 8 |  | Y |  |  |  |  |  |  |  |  |  |  |  |  |  |  |  |  |  |  | 2026-08-05 21:39:05.805460 | a95621dd-7366-44fa-a2cd-261125450bfd | Dynamic_Pricing_2024.xlsx
df8d53be5b5b860fe600873e69dd22c9-1 | 2024 | 19876 | Virginia Electric & Power Co |  | NC | PJM | 529 | 1120 | 27 | 0 | 1676 | Y | Y | Y |  |  |  |  |  |  | Y | Y |  |  | Y | Y |  |  |  |  |  | 2026-08-05 21:39:05.805460 | a95621dd-7366-44fa-a2cd-261125450bfd | Dynamic_Pricing_2024.xlsx
ed67ff41ceb2cb11968c3eddc703a7b0-1 | 2024 | 13027 | Mountain Electric Coop, Inc |  | TN | TVA | 0 | 0 | 2 | 0 | 2 |  |  | Y |  |  |  |  |  |  |  |  |  |  |  |  |  |  |  |  |  | 2026-08-05 21:39:05.805460 | a95621dd-7366-44fa-a2cd-261125450bfd | Dynamic_Pricing_2024.xlsx
9328dc03dc1936844adab8891654fe27-1 | 2024 | 16609 | San Diego Gas & Electric Co |  | CA | CISO | 8125 | 17752 | 64 | 0 | 25941 | Y | Y | Y |  |  |  |  |  | Y | Y |  |  | Y | Y | Y |  |  |  |  |  | 2026-08-05 21:39:05.805460 | a95621dd-7366-44fa-a2cd-261125450bfd | Dynamic_Pricing_2024.xlsx
d5191942a75f0fa1bbc3984411ddbb33-1 | 2024 | 17166 | Sierra Pacific Power Co |  | NV | NEVP | 3986 | 2582 | 102 | 0 | 6670 | Y | Y | Y | Y |  |  |  |  |  |  |  |  | Y |  |  |  |  |  |  |  | 2026-08-05 21:39:05.805460 | a95621dd-7366-44fa-a2cd-261125450bfd | Dynamic_Pricing_2024.xlsx
41a9a6a8bfefc6c0c05c660ca47ccb85-1 | 2024 | 8571 | Town of High Point |  | NC | DUK | 0 | 185 | 17 | 0 | 202 |  | Y | Y |  |  |  |  |  |  |  |  |  |  | Y | Y |  |  | Y | Y |  | 2026-08-05 21:39:05.805460 | a95621dd-7366-44fa-a2cd-261125450bfd | Dynamic_Pricing_2024.xlsx
04060287eb2f690c0cd7a81d2fc780ec-1 | 2024 | 14175 | Tri-County Electric Coop, Inc (SC) |  | SC | SC |  |  | 266 |  | 266 |  |  | Y |  |  |  |  |  |  |  |  |  |  |  |  |  |  |  |  |  | 2026-08-05 21:39:05.805460 | a95621dd-7366-44fa-a2cd-261125450bfd | Dynamic_Pricing_2024.xlsx
6366feee0d8bc630a9422c0136713bfb-1 | 2024 | 6957 | Garkane Energy Coop, Inc |  | UT | WACM | 475 | 22 |  |  | 497 | Y | Y |  |  |  |  |  |  |  |  |  |  |  |  |  |  |  |  |  |  | 2026-08-05 21:39:05.805460 | a95621dd-7366-44fa-a2cd-261125450bfd | Dynamic_Pricing_2024.xlsx
1c8492a90c3a9f31a08bd1af002e7c96-1 | 2024 | 14251 | Owen Electric Coop Inc |  | KY | PJM | 17 | 166 |  |  | 183 | Y | Y |  |  |  |  |  |  |  |  |  |  |  |  |  |  |  |  |  |  | 2026-08-05 21:39:05.805460 | a95621dd-7366-44fa-a2cd-261125450bfd | Dynamic_Pricing_2024.xlsx
ab15be42efa1f2c27f9e104a6f791fb9-1 | 2024 | 195 | Alabama Power Co |  | AL | SOCO | 4650 | 4479 | 1075 |  | 10204 | Y | Y | Y |  |  |  | Y |  |  |  |  |  | Y |  |  |  |  |  |  |  | 2026-08-05 21:39:05.805460 | a95621dd-7366-44fa-a2cd-261125450bfd | Dynamic_Pricing_2024.xlsx
7ce858cc901cb4367957d3d533225193-1 | 2024 | 2273 | Brodhead Water & Lighting Comm |  | WI | MISO | 1 | 49 | 1 | 0 | 51 | Y | Y | Y |  |  |  |  |  |  |  |  |  |  |  |  |  |  |  |  |  | 2026-08-05 21:39:05.805460 | a95621dd-7366-44fa-a2cd-261125450bfd | Dynamic_Pricing_2024.xlsx
d6daaf102e2449a7790ef90c76ca654c-1 | 2024 | 5578 | East Mississippi Elec Pwr Assn |  | MS | TVA | 3 | 91 | 0 | 0 | 94 | Y | Y |  |  |  |  |  |  |  |  |  |  |  |  |  |  |  |  |  |  | 2026-08-05 21:39:05.805460 | a95621dd-7366-44fa-a2cd-261125450bfd | Dynamic_Pricing_2024.xlsx
f9c6bbbf7764abab09822e764cf1bb59-1 | 2024 | 19979 | Town of Wakefield - (MA) | Y | MA | ISNE | 4 |  |  |  | 4 |  |  |  |  |  |  |  |  |  |  |  |  |  |  |  |  |  |  |  |  | 2026-08-05 21:39:05.805460 | a95621dd-7366-44fa-a2cd-261125450bfd | Dynamic_Pricing_2024.xlsx
3d7f04a301425e273b6c8935225de9ac-1 | 2024 | 17668 | City of Southport - (NC) | Y | NC | CPLE | 2962 | 570 | 0 | 0 | 3532 |  |  |  |  |  |  |  |  |  |  |  |  |  |  |  |  |  |  |  |  | 2026-08-05 21:39:05.805460 | a95621dd-7366-44fa-a2cd-261125450bfd | Dynamic_Pricing_2024.xlsx
8055ad029fefd0303b400174db1c950f-1 | 2024 | 16181 | Rochester Public Utilities |  | MN | MISO | 220 | 76 | 0 | 0 | 296 | Y | Y |  |  |  |  |  |  |  |  |  |  |  |  |  |  |  |  |  |  | 2026-08-05 21:39:05.805460 | a95621dd-7366-44fa-a2cd-261125450bfd | Dynamic_Pricing_2024.xlsx
9929c2cc34c9c24576c463bc70cce726-1 | 2024 | 13412 | City of New Albany - (MS) |  | MS | TVA | 0 | 0 | 2 | 0 | 2 |  |  | Y |  |  |  |  |  |  |  |  |  |  |  |  |  |  |  |  |  | 2026-08-05 21:39:05.805460 | a95621dd-7366-44fa-a2cd-261125450bfd | Dynamic_Pricing_2024.xlsx
b5ea3e49e68fa747dddb874050e1a64d-1 | 2024 | 22500 | Evergy Kansas Central, Inc |  | KS | SWPP | 1062 | 97 | 1 |  | 1160 | Y | Y |  |  |  |  |  |  |  |  |  |  |  |  |  |  |  | Y | Y |  | 2026-08-05 21:39:05.805460 | a95621dd-7366-44fa-a2cd-261125450bfd | Dynamic_Pricing_2024.xlsx
fe0f12f7d0e393c4494f04dd08bffb3b-1 | 2024 | 20228 | Weakley County Mun Elec Sys |  | TN | TVA | 0 | 3 | 0 | 0 | 3 |  | Y |  |  |  |  |  |  |  |  |  |  |  |  |  |  |  |  |  |  | 2026-08-05 21:39:05.805460 | a95621dd-7366-44fa-a2cd-261125450bfd | Dynamic_Pricing_2024.xlsx
84ad8a987c1344239bbdf5fe2a4a4075-1 | 2024 | 4622 | Cumberland Valley Electric, Inc. |  | KY | PJM | 8 |  |  |  | 8 | Y |  |  |  |  |  |  |  |  |  |  |  |  |  |  |  |  |  |  |  | 2026-08-05 21:39:05.805460 | a95621dd-7366-44fa-a2cd-261125450bfd | Dynamic_Pricing_2024.xlsx
a4081be4b6033442c49d95e55f512b38-1 | 2024 | 6411 | Flint Electric Membership Corp |  | GA | SOCO | 206 | 267 |  |  | 473 | Y | Y |  |  |  | Y |  |  |  |  |  |  |  | Y |  |  |  | Y |  |  | 2026-08-05 21:39:05.805460 | a95621dd-7366-44fa-a2cd-261125450bfd | Dynamic_Pricing_2024.xlsx
0635aad9d7674fa3065bf66a79fd1c92-1 | 2024 | 11208 | Los Angeles Department of Water & Power |  | CA | LDWP | 14400 | 22283 | 1258 |  | 37941 | Y | Y | Y |  |  |  |  |  |  |  |  |  |  |  |  |  |  |  |  |  | 2026-08-05 21:39:05.805460 | a95621dd-7366-44fa-a2cd-261125450bfd | Dynamic_Pricing_2024.xlsx
c9e1b9ae3b3c987d11286f6e501343bd-1 | 2024 | 108 | Adams-Columbia Electric Coop |  | WI | MISO | 555 | 989 | 41 |  | 1585 | Y | Y | Y |  |  |  |  |  |  |  |  |  |  | Y | Y |  |  |  | Y |  | 2026-08-05 21:39:05.805460 | a95621dd-7366-44fa-a2cd-261125450bfd | Dynamic_Pricing_2024.xlsx
b09a38c10f6a3b356260fa74982917c8-1 | 2024 | 17267 | Sioux Valley SW Elec Coop |  | SD | SWPP | 608 | 6 |  |  | 614 | Y | Y |  |  |  |  |  |  |  |  |  |  | Y |  |  |  |  |  |  |  | 2026-08-05 21:39:05.805460 | a95621dd-7366-44fa-a2cd-261125450bfd | Dynamic_Pricing_2024.xlsx
3228ca2a899e4def65fbdfcd09ed9d30-1 | 2024 | 5070 | Delaware Electric Cooperative |  | DE | PJM | 6 | 1148 |  |  | 1154 | Y |  |  |  |  |  |  |  |  |  |  |  |  | Y |  |  |  |  |  |  | 2026-08-05 21:39:05.805460 | a95621dd-7366-44fa-a2cd-261125450bfd | Dynamic_Pricing_2024.xlsx
5779946c68f902b4434070f63a3a18ad-1 | 2024 | 6395 | Flathead Electric Coop Inc |  | MT | BPAT | 63021 |  | 97 |  | 63118 | Y |  | Y |  |  |  |  |  |  |  |  |  |  |  |  |  |  |  |  |  | 2026-08-05 21:39:05.805460 | a95621dd-7366-44fa-a2cd-261125450bfd | Dynamic_Pricing_2024.xlsx
ae0b4a41f3428a43db44025b209d669b-1 | 2024 | 11732 | City of Marshall - (MO) | Y | MO | SWPP | 10 |  |  |  | 10 |  |  |  |  |  |  |  |  |  |  |  |  |  |  |  |  |  |  |  |  | 2026-08-05 21:39:05.805460 | a95621dd-7366-44fa-a2cd-261125450bfd | Dynamic_Pricing_2024.xlsx
af941e775f8cd14373028d27bc2d4288-1 | 2024 | 11124 | City of Lodi - (CA) |  | CA | CISO |  |  | 23 |  | 23 |  |  | Y |  |  |  |  |  |  |  |  |  |  |  |  |  |  |  |  |  | 2026-08-05 21:39:05.805460 | a95621dd-7366-44fa-a2cd-261125450bfd | Dynamic_Pricing_2024.xlsx
93c39553d7a6d73f74231d67c12c6f47-1 | 2024 | 8911 | Howard Electric Coop | Y | MO | AECI | 3557 |  |  |  | 3557 |  |  |  |  |  |  |  |  |  |  |  |  |  |  |  |  |  |  |  |  | 2026-08-05 21:39:05.805460 | a95621dd-7366-44fa-a2cd-261125450bfd | Dynamic_Pricing_2024.xlsx
9169f5c5ca192206ef9231d7bf6a1851-1 | 2024 | 9275 | Indianola Municipal Utilities | Y | IA | MISO | 25 |  |  |  | 25 |  |  |  |  |  |  |  |  |  |  |  |  |  |  |  |  |  |  |  |  | 2026-08-05 21:39:05.805460 | a95621dd-7366-44fa-a2cd-261125450bfd | Dynamic_Pricing_2024.xlsx
acaa09ef8754d8c9adb8cecc96f4aee8-1 | 2024 | 13739 | Northeast Power |  | NE | SWPP | 29 |  | 769 |  | 798 | Y |  | Y |  |  |  |  |  |  |  |  |  |  |  | Y |  |  |  |  |  | 2026-08-05 21:39:05.805460 | a95621dd-7366-44fa-a2cd-261125450bfd | Dynamic_Pricing_2024.xlsx
3d9053a4198055931de37ed1333b2cae-1 | 2024 | 8574 | Jackson Electric Coop, Inc - (WI) | Y | WI | MISO | 7740 | 193 | 13 |  | 7946 |  |  |  |  |  |  |  |  |  |  |  |  |  |  |  |  |  |  |  |  | 2026-08-05 21:39:05.805460 | a95621dd-7366-44fa-a2cd-261125450bfd | Dynamic_Pricing_2024.xlsx
8a5a428c6585597340638fce830f3d4e-1 | 2024 | 14275 | City of Oxford - (MS) |  | MS | TVA | 0 | 1 | 0 | 0 | 1 |  | Y |  |  |  |  |  |  |  |  |  |  |  |  |  |  |  |  |  |  | 2026-08-05 21:39:05.805460 | a95621dd-7366-44fa-a2cd-261125450bfd | Dynamic_Pricing_2024.xlsx
c47868a0fcf5870593efbfebe1cd80fb-1 | 2024 | 50046 | Texas Retail Energy, LLC |  | TX | ERCO | 0 | 603 | 0 | 0 | 603 |  |  |  |  |  | Y |  |  |  |  |  |  |  |  |  |  |  |  |  |  | 2026-08-05 21:39:05.805460 | a95621dd-7366-44fa-a2cd-261125450bfd | Dynamic_Pricing_2024.xlsx
e5aad9e2efde61cabe3c72791fd224b4-1 | 2024 | 20176 | City of Water Valley - (MS) |  | MS | TVA | 0 | 0 | 1 | 0 | 1 |  |  | Y |  |  |  |  |  |  |  |  |  |  |  |  |  |  |  |  |  | 2026-08-05 21:39:05.805460 | a95621dd-7366-44fa-a2cd-261125450bfd | Dynamic_Pricing_2024.xlsx
83de86fcf5b86238858cf225cd48d942-1 | 2024 | 59931 | MidAmerican Energy Services, LLC |  | MD | PJM | 0 | 239 | 1 | 0 | 240 |  |  |  |  |  | Y | Y |  |  |  |  |  |  |  |  |  |  |  |  |  | 2026-08-05 21:39:05.805460 | a95621dd-7366-44fa-a2cd-261125450bfd | Dynamic_Pricing_2024.xlsx
a5066b401b904d25603c6b54e3c5264f-1 | 2024 | 17037 | City of Shelby - (NC) | Y | NC | DUK |  | 2 |  |  | 2 |  |  |  |  |  |  |  |  |  |  |  |  |  |  |  |  |  |  |  |  | 2026-08-05 21:39:05.805460 | a95621dd-7366-44fa-a2cd-261125450bfd | Dynamic_Pricing_2024.xlsx
ecc57e116f79cb4befacb51c8f811b08-1 | 2024 | 21526 | City of Laurens - (SC) | Y | SC | DUK |  | 18 |  |  | 18 |  |  |  |  |  |  |  |  |  |  |  |  |  |  |  |  |  |  |  |  | 2026-08-05 21:39:05.805460 | a95621dd-7366-44fa-a2cd-261125450bfd | Dynamic_Pricing_2024.xlsx
d42957a6b77760a84742ece921dc024e-1 | 2024 | 4176 | Connecticut Light & Power Co |  | CT | ISNE | 584 | 2400 | 600 | 2 | 3586 | Y | Y | Y | Y |  |  |  |  | Y |  |  |  |  |  |  |  |  |  |  |  | 2026-08-05 21:39:05.805460 | a95621dd-7366-44fa-a2cd-261125450bfd | Dynamic_Pricing_2024.xlsx
bfdf283b7fd20f5425e995f1762d8c13-1 | 2024 | 17896 | City of Shasta Lake - (CA) |  | CA | BANC |  |  | 1 |  | 1 |  |  |  |  |  |  | Y |  |  |  |  |  |  |  |  |  |  |  |  |  | 2026-08-05 21:39:05.805460 | a95621dd-7366-44fa-a2cd-261125450bfd | Dynamic_Pricing_2024.xlsx
008aaff53c04fb66b5c0e7e8f3d8d7d8-1 | 2024 | 13640 | Northern Virginia Elec Coop |  | VA | PJM |  | 24 |  |  | 24 |  |  |  |  |  | Y |  |  |  |  |  |  |  |  |  |  |  |  |  |  | 2026-08-05 21:39:05.805460 | a95621dd-7366-44fa-a2cd-261125450bfd | Dynamic_Pricing_2024.xlsx
45643ac2dd62ab2673d7b25743a6f9d5-1 | 2024 | 20140 | City of Washington - (GA) |  | GA | SOCO |  | 1 |  |  | 1 |  |  |  |  |  | Y |  |  |  |  |  |  |  |  |  |  |  |  |  |  | 2026-08-05 21:39:05.805460 | a95621dd-7366-44fa-a2cd-261125450bfd | Dynamic_Pricing_2024.xlsx
efa613fb1ec0aaf32d82a2c8f861599d-1 | 2024 | 17718 | Southwestern Public Service Co |  | TX | SWPP | 47 | 224 |  |  | 271 | Y | Y |  |  |  |  |  |  |  |  |  |  |  |  |  |  |  |  |  |  | 2026-08-05 21:39:05.805460 | a95621dd-7366-44fa-a2cd-261125450bfd | Dynamic_Pricing_2024.xlsx
b842c54e2f34af273d801153e4bd2498-1 | 2024 | 4295 | Comanche County Elec Coop Assn |  | TX | ERCO |  | 18 |  |  | 18 |  |  |  |  |  | Y |  |  |  |  |  |  |  |  |  |  |  |  |  |  | 2026-08-05 21:39:05.805460 | a95621dd-7366-44fa-a2cd-261125450bfd | Dynamic_Pricing_2024.xlsx
a271453603bb2ce13ca85b2c1c9155ad-1 | 2024 | 10799 | City of Lawrenceburg |  | TN | TVA | 0 | 1 | 8 | 0 | 9 |  | Y | Y |  |  |  |  |  |  |  |  |  |  |  |  |  |  |  |  |  | 2026-08-05 21:39:05.805460 | a95621dd-7366-44fa-a2cd-261125450bfd | Dynamic_Pricing_2024.xlsx
8b5056038a1fb5ab7de564da6d5d8aeb-1 | 2024 | 19667 | Utilities Dist-Western IN REMC |  | IN | MISO | 4 | 0 | 0 | 0 | 4 | Y |  |  |  |  |  |  |  |  |  |  |  |  |  |  |  |  |  |  |  | 2026-08-05 21:39:05.805460 | a95621dd-7366-44fa-a2cd-261125450bfd | Dynamic_Pricing_2024.xlsx
f4e20789b694cc3228b816fc3f74e316-1 | 2024 | 64314 | BP Energy Retail LLC |  | NY | NYIS | 0 | 38 | 6 | 0 | 44 |  |  |  |  |  | Y | Y |  |  |  |  |  |  |  |  |  |  |  |  |  | 2026-08-05 21:39:05.805460 | a95621dd-7366-44fa-a2cd-261125450bfd | Dynamic_Pricing_2024.xlsx
396bec7946305ef07152fade3851691d-1 | 2024 | 59931 | MidAmerican Energy Services, LLC |  | NJ | PJM | 0 | 18 | 0 | 0 | 18 |  |  |  |  |  | Y |  |  |  |  |  |  |  |  |  |  |  |  |  |  | 2026-08-05 21:39:05.805460 | a95621dd-7366-44fa-a2cd-261125450bfd | Dynamic_Pricing_2024.xlsx
fa4cfdbb818bd39c37e9af89604e0919-1 | 2024 | 17011 | Shawano Municipal Utilities |  | WI | MISO | 15 | 38 | 165 |  | 218 | Y | Y | Y |  |  |  |  |  |  |  |  |  |  |  |  |  |  |  |  |  | 2026-08-05 21:39:05.805460 | a95621dd-7366-44fa-a2cd-261125450bfd | Dynamic_Pricing_2024.xlsx
842b9d5eba7a0f7627939339299acb0c-1 | 2024 | 13718 | City of North Little Rock - (AR) |  | AR | MISO | 0 | 32 | 3 | 1 | 36 |  | Y | Y | Y |  |  |  |  |  |  |  |  |  |  |  |  |  |  |  |  | 2026-08-05 21:39:05.805460 | a95621dd-7366-44fa-a2cd-261125450bfd | Dynamic_Pricing_2024.xlsx
7a02d7a426b56722e7bec5a91c7d4009-1 | 2024 | 14534 | City of Pasadena - (CA) |  | CA | CISO | 49 | 133 |  |  | 182 | Y | Y |  |  |  |  |  |  |  |  |  |  |  |  |  |  |  |  |  |  | 2026-08-05 21:39:05.805460 | a95621dd-7366-44fa-a2cd-261125450bfd | Dynamic_Pricing_2024.xlsx
(857 rows; csv has all)

-- S05 net metering: whole table (1,004 rows)
RECORD_ID | DATA_YEAR | STATE | UTILITY_NUMBER | UTILITY_NAME | BA_CODE | TECHNOLOGY_TYPE | RESIDENTIAL_CAPACITY_MW | COMMERCIAL_CAPACITY_MW | INDUSTRIAL_CAPACITY_MW | TRANSPORTATION_CAPACITY_MW | TOTAL_CAPACITY_MW | RESIDENTIAL_INSTALLATIONS | COMMERCIAL_INSTALLATIONS | INDUSTRIAL_INSTALLATIONS | TRANSPORTATION_INSTALLATIONS | TOTAL_INSTALLATIONS | RESIDENTIAL_ENERGY_SOLD_BACK_MWH | COMMERCIAL_ENERGY_SOLD_BACK_MWH | INDUSTRIAL_ENERGY_SOLD_BACK_MWH | TRANSPORTATION_ENERGY_SOLD_BACK_MWH | TOTAL_ENERGY_SOLD_BACK_MWH | RESIDENTIAL_VIRTUAL_CAPACITY_1_MW_AND_OVER_MW | COMMERCIAL_VIRTUAL_CAPACITY_1_MW_AND_OVER_MW | INDUSTRIAL_VIRTUAL_CAPACITY_1_MW_AND_OVER_MW | TRANSPORTATION_VIRTUAL_CAPACITY_1_MW_AND_OVER_MW | TOTAL_VIRTUAL_CAPACITY_1_MW_AND_OVER_MW | RESIDENTIAL_VIRTUAL_CUSTOMERS_1_MW_AND_OVER | COMMERCIAL_VIRTUAL_CUSTOMERS_1_MW_AND_OVER | INDUSTRIAL_VIRTUAL_CUSTOMERS_1_MW_AND_OVER | TRANSPORTATION_VIRTUAL_CUSTOMERS_1_MW_AND_OVER | TOTAL_VIRTUAL_CUSTOMERS_1_MW_AND_OVER | RESIDENTIAL_VIRTUAL_CAPACITY_UNDER_1_MW_MW | COMMERCIAL_VIRTUAL_CAPACITY_UNDER_1_MW_MW | INDUSTRIAL_VIRTUAL_CAPACITY_UNDER_1_MW_MW | TRANSPORTATION_VIRTUAL_CAPACITY_UNDER_1_MW_MW | TOTAL_VIRTUAL_CAPACITY_UNDER_1_MW_MW | RESIDENTIAL_VIRTUAL_CUSTOMERS_UNDER_1_MW | COMMERCIAL_VIRTUAL_CUSTOMERS_UNDER_1_MW | INDUSTRIAL_VIRTUAL_CUSTOMERS_UNDER_1_MW | TRANSPORTATION_VIRTUAL_CUSTOMERS_UNDER_1_MW | TOTAL_VIRTUAL_CUSTOMERS_UNDER_1_MW | RESIDENTIAL_PV_PAIRED_BATTERY_CAPACITY_MW | COMMERCIAL_PV_PAIRED_BATTERY_CAPACITY_MW | INDUSTRIAL_PV_PAIRED_BATTERY_CAPACITY_MW | TRANSPORTATION_PV_PAIRED_BATTERY_CAPACITY_MW | TOTAL_PV_PAIRED_BATTERY_CAPACITY_MW | RESIDENTIAL_PV_PAIRED_INSTALLATIONS | COMMERCIAL_PV_PAIRED_INSTALLATIONS | INDUSTRIAL_PV_PAIRED_INSTALLATIONS | TRANSPORTATION_PV_PAIRED_INSTALLATIONS | TOTAL_PV_PAIRED_INSTALLATIONS | RESIDENTIAL_PV_PAIRED_ENERGY_CAPACITY_MWH | COMMERCIAL_PV_PAIRED_ENERGY_CAPACITY_MWH | INDUSTRIAL_PV_PAIRED_ENERGY_CAPACITY_MWH | TRANSPORTATION_PV_PAIRED_ENERGY_CAPACITY_MWH | TOTAL_PV_PAIRED_ENERGY_CAPACITY_MWH | RESIDENTIAL_NOT_PV_PAIRED_BATTERY_CAPACITY_MW | COMMERCIAL_NOT_PV_PAIRED_BATTERY_CAPACITY_MW | INDUSTRIAL_NOT_PV_PAIRED_BATTERY_CAPACITY_MW | TRANSPORTATION_NOT_PV_PAIRED_BATTERY_CAPACITY_MW | TOTAL_NOT_PV_PAIRED_BATTERY_CAPACITY_MW | RESIDENTIAL_NOT_PV_PAIRED_INSTALLATIONS | COMMERCIAL_NOT_PV_PAIRED_INSTALLATIONS | INDUSTRIAL_NOT_PV_PAIRED_INSTALLATIONS | TRANSPORTATION_NOT_PV_PAIRED_INSTALLATIONS | TOTAL_NOT_PV_PAIRED_INSTALLATIONS | RESIDENTIAL_NOT_PV_PAIRED_ENERGY_CAPACITY_MWH | COMMERCIAL_NOT_PV_PAIRED_ENERGY_CAPACITY_MWH | INDUSTRIAL_NOT_PV_PAIRED_ENERGY_CAPACITY_MWH | TRANSPORTATION_NOT_PV_PAIRED_ENERGY_CAPACITY_MWH | TOTAL_NOT_PV_PAIRED_ENERGY_CAPACITY_MWH | RESIDENTIAL_CAPACITY_MW_GRP2 | COMMERCIAL_CAPACITY_MW_GRP2 | INDUSTRIAL_CAPACITY_MW_GRP2 | TRANSPORTATION_CAPACITY_MW_GRP2 | TOTAL_CAPACITY_MW_GRP2 | RESIDENTIAL_INSTALLATIONS_GRP2 | COMMERCIAL_INSTALLATIONS_GRP2 | INDUSTRIAL_INSTALLATIONS_GRP2 | TRANSPORTATION_INSTALLATIONS_GRP2 | TOTAL_INSTALLATIONS_GRP2 | RESIDENTIAL_ENERGY_SOLD_BACK_MWH_GRP2 | COMMERCIAL_ENERGY_SOLD_BACK_MWH_GRP2 | INDUSTRIAL_ENERGY_SOLD_BACK_MWH_GRP2 | TRANSPORTATION_ENERGY_SOLD_BACK_MWH_GRP2 | TOTAL_ENERGY_SOLD_BACK_MWH_GRP2 | RESIDENTIAL_CAPACITY_MW_GRP3 | COMMERCIAL_CAPACITY_MW_GRP3 | INDUSTRIAL_CAPACITY_MW_GRP3 | TRANSPORTATION_CAPACITY_MW_GRP3 | TOTAL_CAPACITY_MW_GRP3 | RESIDENTIAL_INSTALLATIONS_GRP3 | COMMERCIAL_INSTALLATIONS_GRP3 | INDUSTRIAL_INSTALLATIONS_GRP3 | TRANSPORTATION_INSTALLATIONS_GRP3 | TOTAL_INSTALLATIONS_GRP3 | RESIDENTIAL_ENERGY_SOLD_BACK_MWH_GRP3 | COMMERCIAL_ENERGY_SOLD_BACK_MWH_GRP3 | INDUSTRIAL_ENERGY_SOLD_BACK_MWH_GRP3 | TRANSPORTATION_ENERGY_SOLD_BACK_MWH_GRP3 | TOTAL_ENERGY_SOLD_BACK_MWH_GRP3 | RESIDENTIAL_CAPACITY_MW_GRP4 | COMMERCIAL_CAPACITY_MW_GRP4 | INDUSTRIAL_CAPACITY_MW_GRP4 | TRANSPORTATION_CAPACITY_MW_GRP4 | TOTAL_CAPACITY_MW_GRP4 | RESIDENTIAL_INSTALLATIONS_GRP4 | COMMERCIAL_INSTALLATIONS_GRP4 | INDUSTRIAL_INSTALLATIONS_GRP4 | TRANSPORTATION_INSTALLATIONS_GRP4 | TOTAL_INSTALLATIONS_GRP4 | RESIDENTIAL_ENERGY_SOLD_BACK_MWH_GRP4 | COMMERCIAL_ENERGY_SOLD_BACK_MWH_GRP4 | INDUSTRIAL_ENERGY_SOLD_BACK_MWH_GRP4 | TRANSPORTATION_ENERGY_SOLD_BACK_MWH_GRP4 | TOTAL_ENERGY_SOLD_BACK_MWH_GRP4 | _LOADED_AT | _SOURCE_RUN_ID | _SRC_FILE
ad8329db66ef22c1e5ac9728c4d435cf-1 | 2024 | MI | 10508 | Village of L'Anse - (MI) | MISO | DC | 0.002 | 0.11 | 0.0 | 0 | 0.112 | 1 | 2 | 0 | 0 | 3 | 0.0 | 0.0 | 0.0 | 0.0 | 0.0 | 0.0 | 0.0 | 0.0 | 0 | 0.0 | 0 | 0 | 0 | 0 | 0 | 0.0 | 0.0 | 0.0 | 0 | 0.0 | 0 | 0 | 0 | 0 | 0 |  |  |  |  | 0.0 |  |  |  |  | 0 |  |  |  |  | 0.0 |  |  |  |  | 0.0 |  |  |  |  | 0 |  |  |  |  | 0.0 | 0.0 | 0.0 | 0.0 | 0 | 0.0 | 0 | 0 | 0 | 0 | 0 | 0.0 | 0.0 | 0.0 | 0 | 0.0 | 0.0 | 0.0 | 0.0 | 0 | 0.0 | 0 | 0 | 0 | 0 | 0 | 0.0 | 0.0 | 0.0 | 0 | 0.0 | 0.002 | 0.11 | 0.0 | 0 | 0.112 | 1 | 2 | 0 | 0 | 3 | 0.0 | 0.0 | 0.0 | 0.0 | 0.0 | 2026-08-05 21:39:24.621338 | 69b52944-1515-4ab2-a9fb-445f886ba197 | Net_Metering_2024.xlsx
b25566797b7cba5b5b45c3c1afe51243-1 | 2024 | MT | 19603 | USBIA-Mission Valley Power | NWMT | AC | 0.734 |  |  |  | 0.734 | 90 |  |  |  | 90 |  |  |  |  | 0.0 |  |  |  |  | 0.0 |  |  |  |  | 0 |  |  |  |  | 0.0 |  |  |  |  | 0 |  |  |  |  | 0.0 |  |  |  |  | 0 |  |  |  |  | 0.0 |  |  |  |  | 0.0 |  |  |  |  | 0 |  |  |  |  | 0.0 |  |  |  |  | 0.0 |  |  |  |  | 0 |  |  |  |  | 0.0 |  |  |  |  | 0.0 |  |  |  |  | 0 |  |  |  |  | 0.0 | 0.734 | 0.0 | 0.0 | 0 | 0.734 | 90 | 0 | 0 | 0 | 90 | 0.0 | 0.0 | 0.0 | 0.0 | 0.0 | 2026-08-05 21:39:24.621338 | 69b52944-1515-4ab2-a9fb-445f886ba197 | Net_Metering_2024.xlsx
8d4eb72aa20ac0441d96c956b86be466-1 | 2024 | TX | 16461 | Rusk County Electric Coop, Inc | SWPP | AC | 1.64 |  |  |  | 1.64 | 155 |  |  |  | 155 | 1064.453 |  |  |  | 1064.453 |  |  |  |  | 0.0 |  |  |  |  | 0 |  |  |  |  | 0.0 |  |  |  |  | 0 |  |  |  |  | 0.0 |  |  |  |  | 0 |  |  |  |  | 0.0 |  |  |  |  | 0.0 |  |  |  |  | 0 |  |  |  |  | 0.0 | 0.016 |  |  |  | 0.016 | 1 |  |  |  | 1 | 2.831 |  |  |  | 2.831 |  |  |  |  | 0.0 |  |  |  |  | 0 |  |  |  |  | 0.0 | 1.656 | 0.0 | 0.0 | 0 | 1.656 | 156 | 0 | 0 | 0 | 156 | 1067.284 | 0.0 | 0.0 | 0.0 | 1067.284 | 2026-08-05 21:39:24.621338 | 69b52944-1515-4ab2-a9fb-445f886ba197 | Net_Metering_2024.xlsx
9b423afbbefa1f56d40dbfd20e80d8d3-1 | 2024 | CA | 55787 | City of Moreno Valley - (CA) | CISO | AC | 13.46 | 5.03 | 0.0 | 0 | 18.49 | 2945 | 21 | 0 | 0 | 2966 | 2343.7 | 8384.4 |  |  | 10728.1 | 0.0 | 0.0 | 0.0 | 0 | 0.0 | 0 | 0 | 0 | 0 | 0 | 0.0 | 0.0 | 0.0 | 0 | 0.0 | 0 | 0 | 0 | 0 | 0 | 0.25 | 0.0 | 0.0 | 0 | 0.25 | 23 | 0 | 0 | 0 | 23 | 0.25 | 0.0 | 0.0 | 0 | 0.25 | 0.0 | 0.0 | 0.0 | 0 | 0.0 | 0 | 0 | 0 | 0 | 0 | 0.0 | 0.0 | 0 | 0 | 0.0 | 0.0 | 0.0 | 0.0 | 0 | 0.0 | 0 | 0 | 0 | 0 | 0 | 0.0 | 0.0 | 0.0 | 0 | 0.0 | 0.0 | 0.0 | 0.0 | 0 | 0.0 | 0 | 0 | 0 | 0 | 0 | 0.0 | 0.0 | 0.0 | 0 | 0.0 | 13.46 | 5.03 | 0.0 | 0 | 18.49 | 2945 | 21 | 0 | 0 | 2966 | 2343.7 | 8384.4 | 0.0 | 0.0 | 10728.1 | 2026-08-05 21:39:24.621338 | 69b52944-1515-4ab2-a9fb-445f886ba197 | Net_Metering_2024.xlsx
737da17de7c6a5c8abafbd14db781f06-1 | 2024 | IN | 19667 | Utilities Dist-Western IN REMC | MISO | AC | 1.235 | 0.237 | 0.0 | 0 | 1.472 | 146 | 7 | 0 | 0 | 153 | 712.733 | 46.792 | 0.0 | 0.0 | 759.525 | 0.0 | 0.0 | 0.0 | 0 | 0.0 | 0 | 0 | 0 | 0 | 0 | 0.0 | 0.0 | 0.0 | 0 | 0.0 | 0 | 0 | 0 | 0 | 0 | 0.382 | 0.0 | 0.0 | 0 | 0.382 | 53 | 0 | 0 | 0 | 53 | 1.105 | 0.0 | 0.0 | 0 | 1.105 | 0.0 | 0.0 | 0.0 | 0 | 0.0 | 0 | 0 | 0 | 0 | 0 | 0.0 | 0.0 | 0 | 0 | 0.0 | 0.002 | 0.0 | 0.0 | 0 | 0.002 | 1 | 0 | 0 | 0 | 1 | 0.0 | 0.0 | 0.0 | 0 | 0.0 | 0.0 | 0.0 | 0.0 | 0 | 0.0 | 0 | 0 | 0 | 0 | 0 | 0.0 | 0.0 | 0.0 | 0 | 0.0 | 1.237 | 0.237 | 0.0 | 0 | 1.474 | 147 | 7 | 0 | 0 | 154 | 712.733 | 46.792 | 0.0 | 0.0 | 759.525 | 2026-08-05 21:39:24.621338 | 69b52944-1515-4ab2-a9fb-445f886ba197 | Net_Metering_2024.xlsx
bd90baf1e6a144b8c35362e2a2be13a5-1 | 2024 | WI | 15804 | Reedsburg Utility Comm | MISO | DC | 0.122 | 0.43 | 0.0 | 0 | 0.552 | 17 | 10 | 0 | 0 | 27 | 0.0 | 0.0 | 0.0 | 0.0 | 0.0 | 0.0 | 0.0 | 0.0 | 0 | 0.0 | 0 | 0 | 0 | 0 | 0 | 0.0 | 0.0 | 0.0 | 0 | 0.0 | 0 | 0 | 0 | 0 | 0 |  |  |  |  | 0.0 |  |  |  |  | 0 |  |  |  |  | 0.0 |  |  |  |  | 0.0 |  |  |  |  | 0 |  |  |  |  | 0.0 | 0.0 | 0.0 | 0.0 | 0 | 0.0 | 0 | 0 | 0 | 0 | 0 | 0.0 | 0.0 | 0.0 | 0 | 0.0 | 0.0 | 0.0 | 0.0 | 0 | 0.0 | 0 | 0 | 0 | 0 | 0 | 0.0 | 0.0 | 0.0 | 0 | 0.0 | 0.122 | 0.43 | 0.0 | 0 | 0.552 | 17 | 10 | 0 | 0 | 27 | 0.0 | 0.0 | 0.0 | 0.0 | 0.0 | 2026-08-05 21:39:24.621338 | 69b52944-1515-4ab2-a9fb-445f886ba197 | Net_Metering_2024.xlsx
6389ca44988d0d639a71bc7454232478-1 | 2024 | CT | 7716 | Groton Dept of Utilities - (CT) | ISNE | AC | 4.187 | 0.291 | 0.0 | 0 | 4.478 | 812 | 6 | 0 | 0 | 818 | 2301.911 | 103.358 | 0.0 | 0.0 | 2405.269 | 0.0 | 0.0 | 0.0 | 0 | 0.0 | 0 | 0 | 0 | 0 | 0 | 0.0 | 0.0 | 0.0 | 0 | 0.0 | 0 | 0 | 0 | 0 | 0 | 0.0 | 0.0 | 0.0 | 0 | 0.0 | 0 | 0 | 0 | 0 | 0 | 0.0 | 0.0 | 0.0 | 0 | 0.0 | 0.0 | 0.0 | 0.0 | 0 | 0.0 | 0 | 0 | 0 | 0 | 0 | 0.0 | 0.0 | 0 | 0 | 0.0 | 0.0 | 0.0 | 0.0 | 0 | 0.0 | 0 | 0 | 0 | 0 | 0 | 0.0 | 0.0 | 0.0 | 0 | 0.0 | 0.0 | 0.0 | 0.0 | 0 | 0.0 | 0 | 0 | 0 | 0 | 0 | 0.0 | 0.0 | 0.0 | 0 | 0.0 | 4.187 | 0.291 | 0.0 | 0 | 4.478 | 812 | 6 | 0 | 0 | 818 | 2301.911 | 103.358 | 0.0 | 0.0 | 2405.269 | 2026-08-05 21:39:24.621338 | 69b52944-1515-4ab2-a9fb-445f886ba197 | Net_Metering_2024.xlsx
5f8afe3d5b14bb0eea5a044d7371b9db-1 | 2024 | AR | 14289 | Ozarks Electric Coop Corp - (AR) | SWPP | DC | 15.711 | 1.429 | 19.165 |  | 36.305 | 1693 | 16 | 10 |  | 1719 |  |  |  |  | 0.0 | 0.0 | 0.0 |  |  | 0.0 |  |  |  |  | 0 |  |  |  |  | 0.0 |  |  |  |  | 0 |  |  | 26.05 |  | 26.05 |  |  | 8 |  | 8 |  |  | 57.05 |  | 57.05 |  |  |  |  | 0.0 |  |  |  |  | 0 |  |  |  |  | 0.0 |  | 0.009 |  |  | 0.009 |  | 1 |  |  | 1 |  |  |  |  | 0.0 |  |  |  |  | 0.0 |  |  |  |  | 0 |  |  |  |  | 0.0 | 15.711 | 1.438 | 19.165 | 0 | 36.314 | 1693 | 17 | 10 | 0 | 1720 | 0.0 | 0.0 | 0.0 | 0.0 | 0.0 | 2026-08-05 21:39:24.621338 | 69b52944-1515-4ab2-a9fb-445f886ba197 | Net_Metering_2024.xlsx
99bacce379f8476d2abf454c342ecfc1-1 | 2024 | IN | 22822 | Clark County Rural E M C - (IN) | MISO | AC | 0.795 |  |  |  | 0.795 | 94 |  |  |  | 94 | 388.076 |  |  |  | 388.076 |  |  |  |  | 0.0 |  |  |  |  | 0 |  |  |  |  | 0.0 |  |  |  |  | 0 |  |  |  |  | 0.0 |  |  |  |  | 0 |  |  |  |  | 0.0 |  |  |  |  | 0.0 |  |  |  |  | 0 |  |  |  |  | 0.0 | 0.01 |  |  |  | 0.01 | 1 |  |  |  | 1 | 2.473 |  |  |  | 2.473 |  |  |  |  | 0.0 |  |  |  |  | 0 |  |  |  |  | 0.0 | 0.805 | 0.0 | 0.0 | 0 | 0.805 | 95 | 0 | 0 | 0 | 95 | 390.549 | 0.0 | 0.0 | 0.0 | 390.549 | 2026-08-05 21:39:24.621338 | 69b52944-1515-4ab2-a9fb-445f886ba197 | Net_Metering_2024.xlsx
bfa528f40e96b547e5a2fd7c5f3f2eeb-1 | 2024 | CO | 15466 | Public Service Co of Colorado | PSCO | DC | 666.919 | 224.042 | 10.981 |  | 901.942 | 113499 | 3452 | 11 |  | 116962 |  |  |  |  | 0.0 |  |  |  |  | 0.0 |  |  |  |  | 0 |  |  |  |  | 0.0 |  |  |  |  | 0 |  |  |  |  | 0.0 |  |  |  |  | 0 |  |  |  |  | 0.0 |  |  |  |  | 0.0 |  |  |  |  | 0 |  |  |  |  | 0.0 |  |  |  |  | 0.0 |  |  |  |  | 0 |  |  |  |  | 0.0 |  |  |  |  | 0.0 |  |  |  |  | 0 |  |  |  |  | 0.0 | 666.919 | 224.042 | 10.981 | 0 | 901.942 | 113499 | 3452 | 11 | 0 | 116962 | 0.0 | 0.0 | 0.0 | 0.0 | 0.0 | 2026-08-05 21:39:24.621338 | 69b52944-1515-4ab2-a9fb-445f886ba197 | Net_Metering_2024.xlsx
5ef03aee9e02fe2c60626133f3c0df3c-1 | 2024 | AR | 4280 | Conway Corporation | MISO | AC | 0.712 |  |  |  | 0.712 | 108 |  |  |  | 108 |  |  |  |  | 0.0 |  |  |  |  | 0.0 |  |  |  |  | 0 |  |  |  |  | 0.0 |  |  |  |  | 0 |  |  |  |  | 0.0 |  |  |  |  | 0 |  |  |  |  | 0.0 |  |  |  |  | 0.0 |  |  |  |  | 0 |  |  |  |  | 0.0 |  |  |  |  | 0.0 |  |  |  |  | 0 |  |  |  |  | 0.0 |  |  |  |  | 0.0 |  |  |  |  | 0 |  |  |  |  | 0.0 | 0.712 | 0.0 | 0.0 | 0 | 0.712 | 108 | 0 | 0 | 0 | 108 | 0.0 | 0.0 | 0.0 | 0.0 | 0.0 | 2026-08-05 21:39:24.621338 | 69b52944-1515-4ab2-a9fb-445f886ba197 | Net_Metering_2024.xlsx
2168497cffff5421c422d8006949f560-1 | 2024 | IL | 12341 | MidAmerican Energy Co | MISO | AC | 4.255 | 5.269 | 2.18 |  | 11.704 | 520 | 86 | 4 |  | 610 | 1072.23 | 967.425 |  |  | 2039.655 |  |  |  |  | 0.0 |  |  |  |  | 0 |  |  |  |  | 0.0 |  |  |  |  | 0 |  |  |  |  | 0.0 |  |  |  |  | 0 |  |  |  |  | 0.0 |  |  |  |  | 0.0 |  |  |  |  | 0 |  |  |  |  | 0.0 | 0.004 | 0.62 |  |  | 0.624 | 2 | 2 |  |  | 4 |  |  |  |  | 0.0 |  |  |  |  | 0.0 |  |  |  |  | 0 |  |  |  |  | 0.0 | 4.259 | 5.889 | 2.18 | 0 | 12.328 | 522 | 88 | 4 | 0 | 614 | 1072.23 | 967.425 | 0.0 | 0.0 | 2039.655 | 2026-08-05 21:39:24.621338 | 69b52944-1515-4ab2-a9fb-445f886ba197 | Net_Metering_2024.xlsx
3a3336ce3a9aeecb18fa63d9c6641513-1 | 2024 | FL | 6455 | Duke Energy Florida, LLC | FPC | AC | 834.708 | 53.584 | 11.763 | 0 | 900.055 | 94005 | 911 | 32 | 0 | 94948 |  |  |  |  | 0.0 |  |  |  |  | 0.0 |  |  |  |  | 0 |  |  |  |  | 0.0 |  |  |  |  | 0 |  |  |  |  | 0.0 |  |  |  |  | 0 |  |  |  |  | 0.0 |  |  |  |  | 0.0 |  |  |  |  | 0 |  |  |  |  | 0.0 | 0.002 | 0.001 | 0.0 | 0 | 0.003 | 1 | 1 | 0 | 0 | 2 |  |  |  |  | 0.0 |  | 0.2 | 0.2 |  | 0.4 |  | 1 | 1 |  | 2 |  |  |  |  | 0.0 | 834.71 | 53.785 | 11.963 | 0 | 900.458 | 94006 | 913 | 33 | 0 | 94952 | 0.0 | 0.0 | 0.0 | 0.0 | 0.0 | 2026-08-05 21:39:24.621338 | 69b52944-1515-4ab2-a9fb-445f886ba197 | Net_Metering_2024.xlsx
a30e9a6e4f9c0d6ecf7fa9ef4cc14c85-1 | 2024 | MO | 20574 | White River Valley El Coop Inc | AECI | DC | 7.694 |  |  |  | 7.694 | 628 |  |  |  | 628 |  |  |  |  | 0.0 |  |  |  |  | 0.0 |  |  |  |  | 0 |  |  |  |  | 0.0 |  |  |  |  | 0 |  |  |  |  | 0.0 |  |  |  |  | 0 |  |  |  |  | 0.0 |  |  |  |  | 0.0 |  |  |  |  | 0 |  |  |  |  | 0.0 | 0.005 |  |  |  | 0.005 | 2 |  |  |  | 2 |  |  |  |  | 0.0 |  |  |  |  | 0.0 |  |  |  |  | 0 |  |  |  |  | 0.0 | 7.699 | 0.0 | 0.0 | 0 | 7.699 | 630 | 0 | 0 | 0 | 630 | 0.0 | 0.0 | 0.0 | 0.0 | 0.0 | 2026-08-05 21:39:24.621338 | 69b52944-1515-4ab2-a9fb-445f886ba197 | Net_Metering_2024.xlsx
3b2ea6ecd873042e8269167e29130098-1 | 2024 | AL | 6491 | Foley Board of Utilities | SOCO | AC | 0.248 | 0.522 |  |  | 0.77 | 27 | 6 |  |  | 33 |  |  |  |  | 0.0 |  |  |  |  | 0.0 |  |  |  |  | 0 |  |  |  |  | 0.0 |  |  |  |  | 0 |  |  |  |  | 0.0 |  |  |  |  | 0 |  |  |  |  | 0.0 |  |  |  |  | 0.0 |  |  |  |  | 0 |  |  |  |  | 0.0 |  |  |  |  | 0.0 |  |  |  |  | 0 |  |  |  |  | 0.0 |  |  |  |  | 0.0 |  |  |  |  | 0 |  |  |  |  | 0.0 | 0.248 | 0.522 | 0.0 | 0 | 0.77 | 27 | 6 | 0 | 0 | 33 | 0.0 | 0.0 | 0.0 | 0.0 | 0.0 | 2026-08-05 21:39:24.621338 | 69b52944-1515-4ab2-a9fb-445f886ba197 | Net_Metering_2024.xlsx
b896edce98df68c09cd9689860d79046-1 | 2024 | GA | 15700 | Rayle Electric Membership Corp | SOCO | AC | 0.632 | 0.1 |  |  | 0.732 | 82 | 1 |  |  | 83 | 241.12 | 39.68 |  |  | 280.8 |  |  |  |  | 0.0 |  |  |  |  | 0 |  |  |  |  | 0.0 |  |  |  |  | 0 | 0.012 |  |  |  | 0.012 | 1 |  |  |  | 1 |  |  |  |  | 0.0 |  |  |  |  | 0.0 |  |  |  |  | 0 |  |  |  |  | 0.0 |  |  |  |  | 0.0 |  |  |  |  | 0 |  |  |  |  | 0.0 |  |  |  |  | 0.0 |  |  |  |  | 0 |  |  |  |  | 0.0 | 0.632 | 0.1 | 0.0 | 0 | 0.732 | 82 | 1 | 0 | 0 | 83 | 241.12 | 39.68 | 0.0 | 0.0 | 280.8 | 2026-08-05 21:39:24.621338 | 69b52944-1515-4ab2-a9fb-445f886ba197 | Net_Metering_2024.xlsx
0eff0162ba9c8d1b3869c4f2774e415b-1 | 2024 | UT | 15444 | Provo City Corp | PACE | AC | 8.364 | 0.477 | 0.0 | 0 | 8.841 | 1219 | 20 | 0 | 0 | 1239 | 5743.17 | 167.283 | 0.0 | 0.0 | 5910.453 |  |  |  |  | 0.0 |  |  |  |  | 0 |  |  |  |  | 0.0 |  |  |  |  | 0 |  |  |  |  | 0.0 |  |  |  |  | 0 |  |  |  |  | 0.0 |  |  |  |  | 0.0 |  |  |  |  | 0 |  |  |  |  | 0.0 |  |  |  |  | 0.0 |  |  |  |  | 0 |  |  |  |  | 0.0 |  |  |  |  | 0.0 |  |  |  |  | 0 |  |  |  |  | 0.0 | 8.364 | 0.477 | 0.0 | 0 | 8.841 | 1219 | 20 | 0 | 0 | 1239 | 5743.17 | 167.283 | 0.0 | 0.0 | 5910.453 | 2026-08-05 21:39:24.621338 | 69b52944-1515-4ab2-a9fb-445f886ba197 | Net_Metering_2024.xlsx
318a86e8046cb13928a70f1181fb2c9e-1 | 2024 | IN | 9778 | Johnson County Rural E M C | MISO | AC | 0.595 | 0.243 |  |  | 0.838 | 66 | 3 |  |  | 69 | 0.329 | 0.361 |  |  | 0.69 |  |  |  |  | 0.0 |  |  |  |  | 0 |  |  |  |  | 0.0 |  |  |  |  | 0 |  |  |  |  | 0.0 |  |  |  |  | 0 |  |  |  |  | 0.0 |  |  |  |  | 0.0 |  |  |  |  | 0 |  |  |  |  | 0.0 | 0.005 |  |  |  | 0.005 | 2 |  |  |  | 2 | 0.001 |  |  |  | 0.001 |  |  |  |  | 0.0 |  |  |  |  | 0 |  |  |  |  | 0.0 | 0.6 | 0.243 | 0.0 | 0 | 0.843 | 68 | 3 | 0 | 0 | 71 | 0.33 | 0.361 | 0.0 | 0.0 | 0.691 | 2026-08-05 21:39:24.621338 | 69b52944-1515-4ab2-a9fb-445f886ba197 | Net_Metering_2024.xlsx
f6c51ebe1ea54a24dfa1a10145dc6311-1 | 2024 | MI | 7265 | City of Gladstone | MISO | DC | 0.015 | 0.002 | 0.0 | 0 | 0.017 | 3 | 1 | 0 | 0 | 4 | 0.0 | 0.0 | 0.0 | 0.0 | 0.0 | 0.0 | 0.0 | 0.0 | 0 | 0.0 | 0 | 0 | 0 | 0 | 0 | 0.0 | 0.0 | 0.0 | 0 | 0.0 | 0 | 0 | 0 | 0 | 0 |  |  |  |  | 0.0 |  |  |  |  | 0 |  |  |  |  | 0.0 |  |  |  |  | 0.0 |  |  |  |  | 0 |  |  |  |  | 0.0 | 0.0 | 0.0 | 0.0 | 0 | 0.0 | 0 | 0 | 0 | 0 | 0 | 0.0 | 0.0 | 0.0 | 0 | 0.0 | 0.0 | 0.0 | 0.0 | 0 | 0.0 | 0 | 0 | 0 | 0 | 0 | 0.0 | 0.0 | 0.0 | 0 | 0.0 | 0.015 | 0.002 | 0.0 | 0 | 0.017 | 3 | 1 | 0 | 0 | 4 | 0.0 | 0.0 | 0.0 | 0.0 | 0.0 | 2026-08-05 21:39:24.621338 | 69b52944-1515-4ab2-a9fb-445f886ba197 | Net_Metering_2024.xlsx
489eb1c0f278260465027ceda3b0b899-1 | 2024 | VA | 10171 | Kentucky Utilities Co | LGEE | DC | 0.537 | 7.589 |  |  | 8.126 | 60 | 21 |  |  | 81 | 275.678 | 4022.516 |  |  | 4298.194 |  |  |  |  | 0.0 |  |  |  |  | 0 |  |  |  |  | 0.0 |  |  |  |  | 0 | 0.114 |  |  |  | 0.114 | 22 |  |  |  | 22 |  |  |  |  | 0.0 |  |  |  |  | 0.0 |  |  |  |  | 0 |  |  |  |  | 0.0 |  |  |  |  | 0.0 |  |  |  |  | 0 |  |  |  |  | 0.0 |  |  |  |  | 0.0 |  |  |  |  | 0 |  |  |  |  | 0.0 | 0.537 | 7.589 | 0.0 | 0 | 8.126 | 60 | 21 | 0 | 0 | 81 | 275.678 | 4022.516 | 0.0 | 0.0 | 4298.194 | 2026-08-05 21:39:24.621338 | 69b52944-1515-4ab2-a9fb-445f886ba197 | Net_Metering_2024.xlsx
f6240d125ccaebcc9231810d1d6f8f88-1 | 2024 | SC | 1613 | Berkeley Electric Coop Inc | SC | AC | 11.873 | 0.344 |  |  | 12.217 | 1857 | 9 |  |  | 1866 |  |  |  |  | 0.0 |  |  |  |  | 0.0 |  |  |  |  | 0 |  |  |  |  | 0.0 |  |  |  |  | 0 |  |  |  |  | 0.0 |  |  |  |  | 0 |  |  |  |  | 0.0 |  |  |  |  | 0.0 |  |  |  |  | 0 |  |  |  |  | 0.0 |  |  |  |  | 0.0 |  |  |  |  | 0 |  |  |  |  | 0.0 |  |  |  |  | 0.0 |  |  |  |  | 0 |  |  |  |  | 0.0 | 11.873 | 0.344 | 0.0 | 0 | 12.217 | 1857 | 9 | 0 | 0 | 1866 | 0.0 | 0.0 | 0.0 | 0.0 | 0.0 | 2026-08-05 21:39:24.621338 | 69b52944-1515-4ab2-a9fb-445f886ba197 | Net_Metering_2024.xlsx
92c23d86dfbff483c82e90a79c6105d5-1 | 2024 | WY | 99999 | Adjustment 2024 | WACM |  | -1.584 | -0.029 |  |  | -1.613 |  |  |  |  |  |  |  |  |  |  |  |  |  |  | 0.0 |  |  |  |  |  |  |  |  |  | 0.0 |  |  |  |  |  |  |  |  |  | 0.0 |  |  |  |  |  |  |  |  |  |  |  |  |  |  | 0.0 |  |  |  |  |  |  |  |  |  |  |  |  |  |  |  |  |  |  |  |  |  |  |  |  |  |  |  |  |  |  |  |  |  |  |  |  |  |  |  |  | -1.584 | -0.029 |  |  | -1.613 |  |  |  |  |  |  |  |  |  |  | 2026-08-05 21:39:24.621338 | 69b52944-1515-4ab2-a9fb-445f886ba197 | Net_Metering_2024.xlsx
92c23d86dfbff483c82e90a79c6105d5-2 | 2024 | WY | 99999 | Adjustment 2024 | PACE |  | -1.275 | -0.225 | -0.009 | 0 | -1.509 |  |  |  |  |  |  |  |  |  |  |  |  |  |  | 0.0 |  |  |  |  |  |  |  |  |  | 0.0 |  |  |  |  |  | -0.219 | -0.03 | 0.0 | 0 | -0.249 |  |  |  |  |  |  |  |  |  |  |  |  |  |  | 0.0 |  |  |  |  |  |  |  |  |  |  |  |  |  |  |  |  |  |  |  |  |  |  |  |  |  |  |  |  |  |  |  |  |  |  |  |  |  |  |  |  | -1.275 | -0.225 | -0.009 | 0 | -1.509 |  |  |  |  |  |  |  |  |  |  | 2026-08-05 21:39:24.621338 | 69b52944-1515-4ab2-a9fb-445f886ba197 | Net_Metering_2024.xlsx
d4598683eb1daa755890c685ba6090df-1 | 2024 | LA | 13228 | City of Natchitoches | MISO | AC | 0.36 |  |  |  | 0.36 | 46 |  |  |  | 46 |  |  |  |  | 0.0 |  |  |  |  | 0.0 |  |  |  |  | 0 |  |  |  |  | 0.0 |  |  |  |  | 0 |  |  |  |  | 0.0 |  |  |  |  | 0 |  |  |  |  | 0.0 |  |  |  |  | 0.0 |  |  |  |  | 0 |  |  |  |  | 0.0 |  |  |  |  | 0.0 |  |  |  |  | 0 |  |  |  |  | 0.0 |  |  |  |  | 0.0 |  |  |  |  | 0 |  |  |  |  | 0.0 | 0.36 | 0.0 | 0.0 | 0 | 0.36 | 46 | 0 | 0 | 0 | 46 | 0.0 | 0.0 | 0.0 | 0.0 | 0.0 | 2026-08-05 21:39:24.621338 | 69b52944-1515-4ab2-a9fb-445f886ba197 | Net_Metering_2024.xlsx
d4fb81920c54115a91c9aa6cd5d0d659-1 | 2024 | TX | 99999 | Adjustment 2024 | MISO |  | -9.096 | -0.205 | -0.018 |  | -9.32 |  |  |  |  |  |  |  |  |  |  |  |  |  |  | 0.0 |  |  |  |  |  |  |  |  |  | 0.0 |  |  |  |  |  |  |  |  |  | 0.0 |  |  |  |  |  |  |  |  |  |  |  |  |  |  | 0.0 |  |  |  |  |  |  |  |  |  |  |  |  |  |  |  |  |  |  |  |  |  |  |  |  |  |  |  |  |  |  |  |  |  |  |  |  |  |  |  |  | -9.096 | -0.205 | -0.018 |  | -9.32 |  |  |  |  |  |  |  |  |  |  | 2026-08-05 21:39:24.621338 | 69b52944-1515-4ab2-a9fb-445f886ba197 | Net_Metering_2024.xlsx
d4fb81920c54115a91c9aa6cd5d0d659-2 | 2024 | TX | 99999 | Adjustment 2024 | ERCO |  | -91.217 | -25.485 | -0.032 | 0 | -116.734 |  |  |  |  |  |  |  |  |  |  | 0.0 | 0.0 | 0.0 | 0 | 0.0 |  |  |  |  |  | -0.173 | 0.0 | 0.0 | 0 | -0.173 |  |  |  |  |  | -1.656 | -0.045 | 0.0 | 0 | -1.701 |  |  |  |  |  |  |  |  |  |  | 0.0 | -3.453 | 0.0 | 0 | -3.453 |  |  |  |  |  |  |  |  |  |  |  |  |  |  |  |  |  |  |  |  |  |  |  |  |  |  |  |  |  |  |  |  |  |  |  |  |  |  |  |  | -91.39 | -25.485 | -0.032 | 0 | -116.907 |  |  |  |  |  |  |  |  |  |  | 2026-08-05 21:39:24.621338 | 69b52944-1515-4ab2-a9fb-445f886ba197 | Net_Metering_2024.xlsx
d4fb81920c54115a91c9aa6cd5d0d659-3 | 2024 | TX | 99999 | Adjustment 2024 | SWPP |  | -0.16 | -0.003 |  |  | -0.164 |  |  |  |  |  |  |  |  |  |  |  |  |  |  | 0.0 |  |  |  |  |  | 0.0 |  |  |  | 0.0 |  |  |  |  |  |  |  |  |  | 0.0 |  |  |  |  |  |  |  |  |  |  |  |  |  |  | 0.0 |  |  |  |  |  |  |  |  |  |  |  |  |  |  |  |  |  |  |  |  |  |  |  |  |  |  |  |  |  |  |  |  |  |  |  |  |  |  |  |  | -0.161 | -0.003 |  |  | -0.164 |  |  |  |  |  |  |  |  |  |  | 2026-08-05 21:39:24.621338 | 69b52944-1515-4ab2-a9fb-445f886ba197 | Net_Metering_2024.xlsx
7ed43dbb5ac9270e2dcfba21ecceb867-1 | 2024 | NY | 3249 | Central Hudson Gas & Elec Corp | NYIS | AC | 132.555 | 207.115 |  |  | 339.67 | 16304 | 774 |  |  | 17078 |  |  |  |  | 0.0 |  |  |  |  | 0.0 |  |  |  |  | 0 |  |  |  |  | 0.0 |  |  |  |  | 0 |  |  |  |  | 0.0 |  |  |  |  | 0 |  |  |  |  | 0.0 |  |  |  |  | 0.0 |  |  |  |  | 0 |  |  |  |  | 0.0 | 0.143 | 0.016 |  |  | 0.159 | 13 | 2 |  |  | 15 |  |  |  |  | 0.0 |  |  |  |  | 0.0 |  |  |  |  | 0 |  |  |  |  | 0.0 | 132.698 | 207.131 | 0.0 | 0 | 339.829 | 16317 | 776 | 0 | 0 | 17093 | 0.0 | 0.0 | 0.0 | 0.0 | 0.0 | 2026-08-05 21:39:24.621338 | 69b52944-1515-4ab2-a9fb-445f886ba197 | Net_Metering_2024.xlsx
a651c1aac665562086ecbce2c7254188-1 | 2024 | VA | 3291 | Central Virginia Electric Coop | PJM | AC | 6.68 | 0.67 |  |  | 7.35 | 835 | 22 |  |  | 857 |  |  |  |  | 0.0 |  |  |  |  | 0.0 |  |  |  |  | 0 |  |  |  |  | 0.0 |  |  |  |  | 0 |  |  |  |  | 0.0 |  |  |  |  | 0 |  |  |  |  | 0.0 |  |  |  |  | 0.0 |  |  |  |  | 0 |  |  |  |  | 0.0 | 0.01 |  |  |  | 0.01 | 1 |  |  |  | 1 |  |  |  |  | 0.0 |  |  |  |  | 0.0 |  |  |  |  | 0 |  |  |  |  | 0.0 | 6.69 | 0.67 | 0.0 | 0 | 7.36 | 836 | 22 | 0 | 0 | 858 | 0.0 | 0.0 | 0.0 | 0.0 | 0.0 | 2026-08-05 21:39:24.621338 | 69b52944-1515-4ab2-a9fb-445f886ba197 | Net_Metering_2024.xlsx
82012d2822b41140580f962fe7bef544-1 | 2024 | TX | 55937 | Entergy Texas Inc. | MISO | DC | 52.155 | 1.178 | 0.106 |  | 53.439 | 5341 | 44 | 12 |  | 5397 |  |  |  |  | 0.0 |  |  |  |  | 0.0 |  |  |  |  | 0 |  |  |  |  | 0.0 |  |  |  |  | 0 |  |  |  |  | 0.0 |  |  |  |  | 0 |  |  |  |  | 0.0 |  |  |  |  | 0.0 |  |  |  |  | 0 |  |  |  |  | 0.0 | 0.004 |  |  |  | 0.004 | 2 |  |  |  | 2 |  |  |  |  | 0.0 |  |  |  |  | 0.0 |  |  |  |  | 0 |  |  |  |  | 0.0 | 52.159 | 1.178 | 0.106 | 0 | 53.443 | 5343 | 44 | 12 | 0 | 5399 | 0.0 | 0.0 | 0.0 | 0.0 | 0.0 | 2026-08-05 21:39:24.621338 | 69b52944-1515-4ab2-a9fb-445f886ba197 | Net_Metering_2024.xlsx
9e039ff2e22ff9358b46d4606e9fe533-1 | 2024 | AL | 99999 | Adjustment 2024 | SOCO |  | -0.105 |  |  |  | -0.105 |  |  |  |  |  |  |  |  |  |  |  |  |  |  | 0.0 |  |  |  |  |  |  |  |  |  | 0.0 |  |  |  |  |  |  |  |  |  | 0.0 |  |  |  |  |  |  |  |  |  |  |  |  |  |  | 0.0 |  |  |  |  |  |  |  |  |  |  |  |  |  |  |  |  |  |  |  |  |  |  |  |  |  |  |  |  |  |  |  |  |  |  |  |  |  |  |  |  | -0.105 |  |  |  | -0.105 |  |  |  |  |  |  |  |  |  |  | 2026-08-05 21:39:24.621338 | 69b52944-1515-4ab2-a9fb-445f886ba197 | Net_Metering_2024.xlsx
796510cc77b0688de9f034a7dee6eb67-1 | 2024 | SD | 14232 | Otter Tail Power Co | MISO | AC | 0.0 | 0.05 | 0.0 | 0 | 0.05 | 0 | 3 | 0 | 0 | 3 | 0.0 | 0.484 | 0.0 | 0.0 | 0.484 | 0.0 | 0.0 | 0.0 | 0 | 0.0 | 0 | 0 | 0 | 0 | 0 | 0.0 | 0.0 | 0.0 | 0 | 0.0 | 0 | 0 | 0 | 0 | 0 | 0.0 | 0.0 | 0.0 | 0 | 0.0 | 0 | 0 | 0 | 0 | 0 | 0.0 | 0.0 | 0.0 | 0 | 0.0 | 0.0 | 0.0 | 0.0 | 0 | 0.0 | 0 | 0 | 0 | 0 | 0 | 0.0 | 0.0 | 0 | 0 | 0.0 | 0.023 | 0.092 | 0.0 | 0 | 0.115 | 2 | 2 | 0 | 0 | 4 | 0.0 | 0.196 | 0.0 | 0 | 0.196 | 0.0 | 0.0 | 0.0 | 0 | 0.0 | 0 | 0 | 0 | 0 | 0 | 0.0 | 0.0 | 0.0 | 0 | 0.0 | 0.023 | 0.142 | 0.0 | 0 | 0.165 | 2 | 5 | 0 | 0 | 7 | 0.0 | 0.68 | 0.0 | 0.0 | 0.68 | 2026-08-05 21:39:24.621338 | 69b52944-1515-4ab2-a9fb-445f886ba197 | Net_Metering_2024.xlsx
aa24701655191a1dedd7820885dfc69a-1 | 2024 | WA | 59013 | PUD No 1 of Jefferson County | BPAT | AC | 4.919 | 1.173 | 0.0 | 0 | 6.092 | 646 | 32 | 0 | 0 | 678 |  |  |  |  | 0.0 | 0.0 | 0.0 | 0.0 | 0 | 0.0 | 0 | 0 | 0 | 0 | 0 | 0.0 | 0.0 | 0.0 | 0 | 0.0 | 0 | 0 | 0 | 0 | 0 | 0.0 | 0.0 | 0.0 | 0 | 0.0 | 0 | 0 | 0 | 0 | 0 | 0.0 | 0.0 | 0.0 | 0 | 0.0 | 0.0 | 0.0 | 0.0 | 0 | 0.0 | 0 | 0 | 0 | 0 | 0 | 0.0 | 0.0 | 0 | 0 | 0.0 | 0.004 | 0.0 | 0.0 | 0 | 0.004 | 3 | 0 | 0 | 0 | 3 |  |  |  |  | 0.0 | 0.0 | 0.0 | 0.0 | 0 | 0.0 | 0 | 0 | 0 | 0 | 0 |  |  |  |  | 0.0 | 4.923 | 1.173 | 0.0 | 0 | 6.096 | 649 | 32 | 0 | 0 | 681 | 0.0 | 0.0 | 0.0 | 0.0 | 0.0 | 2026-08-05 21:39:24.621338 | 69b52944-1515-4ab2-a9fb-445f886ba197 | Net_Metering_2024.xlsx
72d5473e7da0d90a47fa12e442c8584a-1 | 2024 | PA | 15045 | Pike County Light & Power Co | NYIS | AC | 0.449 | 0.02 | 0.0 | 0 | 0.469 | 37 | 1 | 0 | 0 | 38 |  |  |  |  | 0.0 |  |  |  |  | 0.0 |  |  |  |  | 0 |  |  |  |  | 0.0 |  |  |  |  | 0 |  |  |  |  | 0.0 |  |  |  |  | 0 |  |  |  |  | 0.0 |  |  |  |  | 0.0 |  |  |  |  | 0 |  |  |  |  | 0.0 |  |  |  |  | 0.0 |  |  |  |  | 0 |  |  |  |  | 0.0 |  |  |  |  | 0.0 |  |  |  |  | 0 |  |  |  |  | 0.0 | 0.449 | 0.02 | 0.0 | 0 | 0.469 | 37 | 1 | 0 | 0 | 38 | 0.0 | 0.0 | 0.0 | 0.0 | 0.0 | 2026-08-05 21:39:24.621338 | 69b52944-1515-4ab2-a9fb-445f886ba197 | Net_Metering_2024.xlsx
90f701a6e273d4a5e7f10bde155fbc96-1 | 2024 | OR | 17839 | City of Springfield - (OR) | BPAT | AC | 0.738 | 0.311 | 0.068 |  | 1.117 | 112 | 10 | 1 |  | 123 | 450.204 | 45.759 | 22.04 |  | 518.003 |  |  |  |  | 0.0 |  |  |  |  | 0 |  |  |  |  | 0.0 |  |  |  |  | 0 |  |  |  |  | 0.0 |  |  |  |  | 0 |  |  |  |  | 0.0 |  |  |  |  | 0.0 |  |  |  |  | 0 |  |  |  |  | 0.0 |  |  |  |  | 0.0 |  |  |  |  | 0 |  |  |  |  | 0.0 |  |  |  |  | 0.0 |  |  |  |  | 0 |  |  |  |  | 0.0 | 0.738 | 0.311 | 0.068 | 0 | 1.117 | 112 | 10 | 1 | 0 | 123 | 450.204 | 45.759 | 22.04 | 0.0 | 518.003 | 2026-08-05 21:39:24.621338 | 69b52944-1515-4ab2-a9fb-445f886ba197 | Net_Metering_2024.xlsx
15281704fc9fc32f970e9512afaa3d4d-1 | 2024 | CO | 19499 | United Power, Inc | WACM | AC | 74.15 | 1.49 | 1.22 | 0 | 76.86 | 12610 | 36 | 9 | 0 | 12655 |  |  |  |  | 0.0 |  |  |  |  | 0.0 |  |  |  |  | 0 | 0.015 | 0.003 | 0.003 | 0 | 0.021 | 24 | 3 | 1 | 0 | 28 |  |  |  |  | 0.0 |  |  |  |  | 0 |  |  |  |  | 0.0 |  |  |  |  | 0.0 |  |  |  |  | 0 |  |  |  |  | 0.0 | 0.022 | 0.012 | 0.0 | 0 | 0.034 | 8 | 2 | 0 | 0 | 10 |  |  |  |  | 0.0 |  |  |  |  | 0.0 |  |  |  |  | 0 |  |  |  |  | 0.0 | 74.187 | 1.505 | 1.223 | 0 | 76.915 | 12642 | 41 | 10 | 0 | 12693 | 0.0 | 0.0 | 0.0 | 0.0 | 0.0 | 2026-08-05 21:39:24.621338 | 69b52944-1515-4ab2-a9fb-445f886ba197 | Net_Metering_2024.xlsx
e4e1d0866728aea4ab3e64df1deeb3be-1 | 2024 | PA | 40290 | Tri-County Rural Elec Coop Inc (PA) | PJM | AC | 0.781 | 0.594 |  |  | 1.375 | 75 | 6 |  |  | 81 |  |  |  |  | 0.0 |  |  |  |  | 0.0 |  |  |  |  | 0 |  |  |  |  | 0.0 |  |  |  |  | 0 |  |  |  |  | 0.0 |  |  |  |  | 0 |  |  |  |  | 0.0 |  |  |  |  | 0.0 |  |  |  |  | 0 |  |  |  |  | 0.0 | 0.022 | 0.002 |  |  | 0.024 | 3 | 1 |  |  | 4 |  |  |  |  | 0.0 |  | 0.15 |  |  | 0.15 |  | 1 |  |  | 1 |  |  |  |  | 0.0 | 0.803 | 0.746 | 0.0 | 0 | 1.549 | 78 | 8 | 0 | 0 | 86 | 0.0 | 0.0 | 0.0 | 0.0 | 0.0 | 2026-08-05 21:39:24.621338 | 69b52944-1515-4ab2-a9fb-445f886ba197 | Net_Metering_2024.xlsx
27b1ea1f18098abc6cfbdf8572aa70f7-1 | 2024 | FL | 13955 | City of Ocala | FMPP | DC | 6.29 | 1.915 |  |  | 8.205 | 747 | 71 |  |  | 818 |  |  |  |  | 0.0 |  |  |  |  | 0.0 |  |  |  |  | 0 |  |  |  |  | 0.0 |  |  |  |  | 0 |  |  |  |  | 0.0 |  |  |  |  | 0 |  |  |  |  | 0.0 |  |  |  |  | 0.0 |  |  |  |  | 0 |  |  |  |  | 0.0 |  |  |  |  | 0.0 |  |  |  |  | 0 |  |  |  |  | 0.0 |  |  |  |  | 0.0 |  |  |  |  | 0 |  |  |  |  | 0.0 | 6.29 | 1.915 | 0.0 | 0 | 8.205 | 747 | 71 | 0 | 0 | 818 | 0.0 | 0.0 | 0.0 | 0.0 | 0.0 | 2026-08-05 21:39:24.621338 | 69b52944-1515-4ab2-a9fb-445f886ba197 | Net_Metering_2024.xlsx
19d8e4ef2b62a5428d7869f3a6efebda-1 | 2024 | MA | 11804 | Massachusetts Electric Co | ISNE | AC | 685.648 | 696.026 | 0.131 |  | 1381.805 | 104158 | 2592 | 8 |  | 106758 |  |  |  |  | 0.0 |  |  |  |  | 0.0 |  |  |  |  | 0 |  |  |  |  | 0.0 |  |  |  |  | 0 | 0.53 |  |  |  | 0.53 | 81 |  |  |  | 81 |  |  |  |  | 0.0 |  |  |  |  | 0.0 |  |  |  |  | 0 |  |  |  |  | 0.0 | 0.198 | 21.187 |  |  | 21.385 | 30 | 23 |  |  | 53 |  |  |  |  | 0.0 | 0.169 | 4.525 |  |  | 4.694 | 66 | 25 |  |  | 91 |  |  |  |  | 0.0 | 686.015 | 721.738 | 0.131 | 0 | 1407.884 | 104254 | 2640 | 8 | 0 | 106902 | 0.0 | 0.0 | 0.0 | 0.0 | 0.0 | 2026-08-05 21:39:24.621338 | 69b52944-1515-4ab2-a9fb-445f886ba197 | Net_Metering_2024.xlsx
c9d7003eb51ffad60cd9bbea891afb2f-1 | 2024 | CO | 56146 | Black Hills Colorado Electric, LLC | PSCO | DC | 59.569 | 14.432 | 21.0 | 0 | 95.001 | 8956 | 260 | 3 | 0 | 9219 |  |  |  |  | 0.0 | 7.948 | 4.052 | 0.0 | 0 | 12.0 | 410 | 209 | 0 | 0 | 619 | 0.79 | 0.83 | 0.0 | 0 | 1.62 | 40 | 42 | 0 | 0 | 82 |  |  |  |  | 0.0 |  |  |  |  | 0 |  |  |  |  | 0.0 |  |  |  |  | 0.0 |  |  |  |  | 0 |  |  |  |  | 0.0 | 0.006 | 0.0 | 1.8 | 0 | 1.806 | 3 | 0 | 1 | 0 | 4 |  |  |  |  | 0.0 |  |  |  |  | 0.0 |  |  |  |  | 0 |  |  |  |  | 0.0 | 68.313 | 19.314 | 22.8 | 0 | 110.427 | 9409 | 511 | 4 | 0 | 9924 | 0.0 | 0.0 | 0.0 | 0.0 | 0.0 | 2026-08-05 21:39:24.621338 | 69b52944-1515-4ab2-a9fb-445f886ba197 | Net_Metering_2024.xlsx
826e47d6c650073c37fbfc7c3859bdfc-1 | 2024 | NM | 6204 | City of Farmington - (NM) | WACM | AC | 2.433 | 0.131 | 0.0 | 0 | 2.564 | 468 | 16 | 0 | 0 | 484 | 151.857 | 3.208 | 0.0 | 0.0 | 155.065 |  |  |  |  | 0.0 |  |  |  |  | 0 |  |  |  |  | 0.0 |  |  |  |  | 0 |  |  |  |  | 0.0 |  |  |  |  | 0 |  |  |  |  | 0.0 |  |  |  |  | 0.0 |  |  |  |  | 0 |  |  |  |  | 0.0 |  |  |  |  | 0.0 |  |  |  |  | 0 |  |  |  |  | 0.0 |  |  |  |  | 0.0 |  |  |  |  | 0 |  |  |  |  | 0.0 | 2.433 | 0.131 | 0.0 | 0 | 2.564 | 468 | 16 | 0 | 0 | 484 | 151.857 | 3.208 | 0.0 | 0.0 | 155.065 | 2026-08-05 21:39:24.621338 | 69b52944-1515-4ab2-a9fb-445f886ba197 | Net_Metering_2024.xlsx
300fb6761df9eaae4487fd643d62eee5-1 | 2024 | MN | 10596 | City of Lake Crystal - (MN) | MISO | AC | 0.053 | 0.12 |  |  | 0.173 | 5 | 3 |  |  | 8 |  |  |  |  | 0.0 |  |  |  |  | 0.0 |  |  |  |  | 0 |  |  |  |  | 0.0 |  |  |  |  | 0 | 0.009 | 0.04 |  |  | 0.049 | 1 | 1 |  |  | 2 | 0.031 | 0.1 |  |  | 0.131 |  |  |  |  | 0.0 |  |  |  |  | 0 |  |  |  |  | 0.0 |  |  |  |  | 0.0 |  |  |  |  | 0 |  |  |  |  | 0.0 |  |  |  |  | 0.0 |  |  |  |  | 0 |  |  |  |  | 0.0 | 0.053 | 0.12 | 0.0 | 0 | 0.173 | 5 | 3 | 0 | 0 | 8 | 0.0 | 0.0 | 0.0 | 0.0 | 0.0 | 2026-08-05 21:39:24.621338 | 69b52944-1515-4ab2-a9fb-445f886ba197 | Net_Metering_2024.xlsx
4a6bd4691da64b65c95c1d4139a2cf45-1 | 2024 | IN | 24753 | Boone County Rural EMC | MISO | DC | 1.282 |  |  |  | 1.282 | 121 |  |  |  | 121 | 842.591 |  |  |  | 842.591 |  |  |  |  | 0.0 |  |  |  |  | 0 |  |  |  |  | 0.0 |  |  |  |  | 0 |  |  |  |  | 0.0 |  |  |  |  | 0 |  |  |  |  | 0.0 |  |  |  |  | 0.0 |  |  |  |  | 0 |  |  |  |  | 0.0 |  |  |  |  | 0.0 |  |  |  |  | 0 |  |  |  |  | 0.0 |  |  |  |  | 0.0 |  |  |  |  | 0 |  |  |  |  | 0.0 | 1.282 | 0.0 | 0.0 | 0 | 1.282 | 121 | 0 | 0 | 0 | 121 | 842.591 | 0.0 | 0.0 | 0.0 | 842.591 | 2026-08-05 21:39:24.621338 | 69b52944-1515-4ab2-a9fb-445f886ba197 | Net_Metering_2024.xlsx
8bd8f86bd0fa61282013c04542cfa7e2-1 | 2024 | ME | 5609 | Eastern Maine Electric Coop | NBSO | AC | 0.185 | 0.128 |  |  | 0.313 | 26 | 4 |  |  | 30 |  |  |  |  | 0.0 |  |  |  |  | 0.0 |  |  |  |  | 0 |  |  |  |  | 0.0 |  |  |  |  | 0 |  |  |  |  | 0.0 |  |  |  |  | 0 |  |  |  |  | 0.0 |  |  |  |  | 0.0 |  |  |  |  | 0 |  |  |  |  | 0.0 | 0.048 |  |  |  | 0.048 | 8 |  |  |  | 8 |  |  |  |  | 0.0 |  |  |  |  | 0.0 |  |  |  |  | 0 |  |  |  |  | 0.0 | 0.233 | 0.128 | 0.0 | 0 | 0.361 | 34 | 4 | 0 | 0 | 38 | 0.0 | 0.0 | 0.0 | 0.0 | 0.0 | 2026-08-05 21:39:24.621338 | 69b52944-1515-4ab2-a9fb-445f886ba197 | Net_Metering_2024.xlsx
8cb06ae767a5164a635efcfeebb86736-1 | 2024 | NM | 13318 | Navopache Electric Coop, Inc | TEPC | AC | 0.062 |  |  |  | 0.062 | 11 |  |  |  | 11 | 55.13 |  |  |  | 55.13 |  |  |  |  | 0.0 |  |  |  |  | 0 |  |  |  |  | 0.0 |  |  |  |  | 0 |  |  |  |  | 0.0 |  |  |  |  | 0 |  |  |  |  | 0.0 |  |  |  |  | 0.0 |  |  |  |  | 0 |  |  |  |  | 0.0 | 0.006 |  |  |  | 0.006 | 1 |  |  |  | 1 |  |  |  |  | 0.0 |  |  |  |  | 0.0 |  |  |  |  | 0 |  |  |  |  | 0.0 | 0.068 | 0.0 | 0.0 | 0 | 0.068 | 12 | 0 | 0 | 0 | 12 | 55.13 | 0.0 | 0.0 | 0.0 | 55.13 | 2026-08-05 21:39:24.621338 | 69b52944-1515-4ab2-a9fb-445f886ba197 | Net_Metering_2024.xlsx
0a03a439caf4cfcee9e7b0718b878ceb-1 | 2024 | UT | 2010 | City of Bountiful | PACE | DC | 1.928 | 0.086 |  |  | 2.014 | 275 | 6 |  |  | 281 |  |  |  |  | 0.0 |  |  |  |  | 0.0 |  |  |  |  | 0 |  |  |  |  | 0.0 |  |  |  |  | 0 |  |  |  |  | 0.0 |  |  |  |  | 0 |  |  |  |  | 0.0 |  |  |  |  | 0.0 |  |  |  |  | 0 |  |  |  |  | 0.0 |  |  |  |  | 0.0 |  |  |  |  | 0 |  |  |  |  | 0.0 |  |  |  |  | 0.0 |  |  |  |  | 0 |  |  |  |  | 0.0 | 1.928 | 0.086 | 0.0 | 0 | 2.014 | 275 | 6 | 0 | 0 | 281 | 0.0 | 0.0 | 0.0 | 0.0 | 0.0 | 2026-08-05 21:39:24.621338 | 69b52944-1515-4ab2-a9fb-445f886ba197 | Net_Metering_2024.xlsx
f3f4b721036c5c7acfa715b6937ddb6b-1 | 2024 | ND | 24949 | Cass County Elec Coop Inc | MISO | DC | 0.551 |  |  |  | 0.551 | 40 |  |  |  | 40 | 119.947 |  |  |  | 119.947 |  |  |  |  | 0.0 |  |  |  |  | 0 | 0.101 |  |  |  | 0.101 | 151 |  |  |  | 151 |  |  |  |  | 0.0 |  |  |  |  | 0 |  |  |  |  | 0.0 |  |  |  |  | 0.0 |  |  |  |  | 0 |  |  |  |  | 0.0 | 0.114 |  |  |  | 0.114 | 10 |  |  |  | 10 | 40.535 |  |  |  | 40.535 |  |  |  |  | 0.0 |  |  |  |  | 0 |  |  |  |  | 0.0 | 0.766 | 0.0 | 0.0 | 0 | 0.766 | 201 | 0 | 0 | 0 | 201 | 160.482 | 0.0 | 0.0 | 0.0 | 160.482 | 2026-08-05 21:39:24.621338 | 69b52944-1515-4ab2-a9fb-445f886ba197 | Net_Metering_2024.xlsx
dc9d29301ef6c0e48c7aef9bc0b8b08c-1 | 2024 | MT | 20997 | Yellowstone Valley Elec Co-op | WAUW | AC | 3.307 |  |  |  | 3.307 | 424 |  |  |  | 424 |  |  |  |  | 0.0 |  |  |  |  | 0.0 |  |  |  |  | 0 |  |  |  |  | 0.0 |  |  |  |  | 0 |  |  |  |  | 0.0 |  |  |  |  | 0 |  |  |  |  | 0.0 |  |  |  |  | 0.0 |  |  |  |  | 0 |  |  |  |  | 0.0 | 0.016 |  |  |  | 0.016 | 3 |  |  |  | 3 |  |  |  |  | 0.0 |  |  |  |  | 0.0 |  |  |  |  | 0 |  |  |  |  | 0.0 | 3.323 | 0.0 | 0.0 | 0 | 3.323 | 427 | 0 | 0 | 0 | 427 | 0.0 | 0.0 | 0.0 | 0.0 | 0.0 | 2026-08-05 21:39:24.621338 | 69b52944-1515-4ab2-a9fb-445f886ba197 | Net_Metering_2024.xlsx
0deb7f0792860831a917c38d56be7574-1 | 2024 | KS | 10005 | Evergy Kansas South, Inc | SWPP | AC | 21.524 | 5.086 | 0.175 |  | 26.785 | 2746 | 99 | 6 |  | 2851 | 1020.507 | 113.01 | 2.881 |  | 1136.398 |  |  |  |  | 0.0 |  |  |  |  | 0 | 0.336 | 0.198 |  |  | 0.534 | 200 | 8 |  |  | 208 |  |  |  |  | 0.0 |  |  |  |  | 0 |  |  |  |  | 0.0 |  |  |  |  | 0.0 |  |  |  |  | 0 |  |  |  |  | 0.0 | 0.032 | 0.002 |  |  | 0.034 | 9 | 1 |  |  | 10 | 0.763 |  |  |  | 0.763 | 0.014 |  |  |  | 0.014 | 2 |  |  |  | 2 |  |  |  |  | 0.0 | 21.906 | 5.286 | 0.175 | 0 | 27.367 | 2957 | 108 | 6 | 0 | 3071 | 1021.27 | 113.01 | 2.881 | 0.0 | 1137.161 | 2026-08-05 21:39:24.621338 | 69b52944-1515-4ab2-a9fb-445f886ba197 | Net_Metering_2024.xlsx
ef81ef8ff332e59beffe124c15032655-1 | 2024 | WI | 5417 | Dunn County Electric Coop | MISO | AC | 1.415 |  |  |  | 1.415 | 143 |  |  |  | 143 | 234.804 |  |  |  | 234.804 |  |  |  |  | 0.0 |  |  |  |  | 0 | 0.1 |  |  |  | 0.1 | 99 |  |  |  | 99 | 0.029 |  |  |  | 0.029 | 3 |  |  |  | 3 |  |  |  |  | 0.0 |  |  |  |  | 0.0 |  |  |  |  | 0 |  |  |  |  | 0.0 | 0.015 |  |  |  | 0.015 | 3 |  |  |  | 3 |  |  |  |  | 0.0 | 1.429 |  |  |  | 1.429 | 146 |  |  |  | 146 | 223.522 |  |  |  | 223.522 | 2.959 | 0.0 | 0.0 | 0 | 2.959 | 391 | 0 | 0 | 0 | 391 | 458.326 | 0.0 | 0.0 | 0.0 | 458.326 | 2026-08-05 21:39:24.621338 | 69b52944-1515-4ab2-a9fb-445f886ba197 | Net_Metering_2024.xlsx
51f00fbd00163dc15e6ebbc9546b8d98-1 | 2024 | OK | 5860 | Empire District Electric Co | SWPP | DC | 0.395 | 0.482 |  |  | 0.877 | 41 | 3 |  |  | 44 | 1.235 |  |  |  | 1.235 |  |  |  |  | 0.0 |  |  |  |  | 0 |  |  |  |  | 0.0 |  |  |  |  | 0 |  |  |  |  | 0.0 |  |  |  |  | 0 |  |  |  |  | 0.0 |  |  |  |  | 0.0 |  |  |  |  | 0 |  |  |  |  | 0.0 |  |  |  |  | 0.0 |  |  |  |  | 0 |  |  |  |  | 0.0 |  |  |  |  | 0.0 |  |  |  |  | 0 |  |  |  |  | 0.0 | 0.395 | 0.482 | 0.0 | 0 | 0.877 | 41 | 3 | 0 | 0 | 44 | 1.235 | 0.0 | 0.0 | 0.0 | 1.235 | 2026-08-05 21:39:24.621338 | 69b52944-1515-4ab2-a9fb-445f886ba197 | Net_Metering_2024.xlsx
257279024e6131298fb95089754fcd47-1 | 2024 | IN | 1283 | Bartholomew County Rural E M C | MISO | AC | 0.561 |  |  |  | 0.561 | 55 |  |  |  | 55 |  |  |  |  | 0.0 |  |  |  |  | 0.0 |  |  |  |  | 0 |  |  |  |  | 0.0 |  |  |  |  | 0 |  |  |  |  | 0.0 |  |  |  |  | 0 |  |  |  |  | 0.0 |  |  |  |  | 0.0 |  |  |  |  | 0 |  |  |  |  | 0.0 | 0.002 |  |  |  | 0.002 | 2 |  |  |  | 2 |  |  |  |  | 0.0 |  |  |  |  | 0.0 |  |  |  |  | 0 |  |  |  |  | 0.0 | 0.563 | 0.0 | 0.0 | 0 | 0.563 | 57 | 0 | 0 | 0 | 57 | 0.0 | 0.0 | 0.0 | 0.0 | 0.0 | 2026-08-05 21:39:24.621338 | 69b52944-1515-4ab2-a9fb-445f886ba197 | Net_Metering_2024.xlsx
08f6d702bb7acb87d829687ba8ffd705-1 | 2024 | GA | 562 | Amicalola Electric Member Corp | SOCO | AC | 1.225 | 0.449 |  |  | 1.674 | 186 | 13 |  |  | 199 | 68.007 | 36.673 |  |  | 104.68 |  |  |  |  | 0.0 |  |  |  |  | 0 |  |  |  |  | 0.0 |  |  |  |  | 0 |  |  |  |  | 0.0 |  |  |  |  | 0 |  |  |  |  | 0.0 |  |  |  |  | 0.0 |  |  |  |  | 0 |  |  |  |  | 0.0 |  |  |  |  | 0.0 |  |  |  |  | 0 |  |  |  |  | 0.0 |  |  |  |  | 0.0 |  |  |  |  | 0 |  |  |  |  | 0.0 | 1.225 | 0.449 | 0.0 | 0 | 1.674 | 186 | 13 | 0 | 0 | 199 | 68.007 | 36.673 | 0.0 | 0.0 | 104.68 | 2026-08-05 21:39:24.621338 | 69b52944-1515-4ab2-a9fb-445f886ba197 | Net_Metering_2024.xlsx
d855cfe421c3af31757c5cb56f388233-1 | 2024 | MD | 17637 | Southern Maryland Elec Coop Inc | PJM | AC | 82.78 | 4.867 |  |  | 87.647 | 8992 | 68 |  |  | 9060 | 48458.027 | 1702.784 |  |  | 50160.811 |  |  |  |  | 0.0 |  |  |  |  | 0 |  |  |  |  | 0.0 |  |  |  |  | 0 | 1.573 |  |  |  | 1.573 | 198 |  |  |  | 198 | 3.511 |  |  |  | 3.511 |  |  |  |  | 0.0 |  |  |  |  | 0 |  |  |  |  | 0.0 | 0.02 | 0.016 |  |  | 0.036 | 3 | 3 |  |  | 6 | 11.628 | 1.72 |  |  | 13.348 |  | 0.32 |  |  | 0.32 |  | 1 |  |  | 1 |  | 0.0 |  |  | 0.0 | 82.8 | 5.203 | 0.0 | 0 | 88.003 | 8995 | 72 | 0 | 0 | 9067 | 48469.655 | 1704.504 | 0.0 | 0.0 | 50174.159 | 2026-08-05 21:39:24.621338 | 69b52944-1515-4ab2-a9fb-445f886ba197 | Net_Metering_2024.xlsx
7d37d4b0a6442dbf2bc06fe2edf4dfa5-1 | 2024 | MI | 3436 | Cherryland Electric Coop Inc | MISO | AC | 1.36 | 0.13 |  |  | 1.49 | 171 | 11 |  |  | 182 | 859.0 | 53.0 |  |  | 912.0 |  |  |  |  | 0.0 |  |  |  |  | 0 |  |  |  |  | 0.0 |  |  |  |  | 0 | 0.04 | 0.01 |  |  | 0.05 | 44 | 1 |  |  | 45 |  |  |  |  | 0.0 |  |  |  |  | 0.0 |  |  |  |  | 0 |  |  |  |  | 0.0 | 0.02 | 0.01 |  |  | 0.03 | 6 | 2 |  |  | 8 |  |  |  |  | 0.0 |  |  |  |  | 0.0 |  |  |  |  | 0 |  |  |  |  | 0.0 | 1.38 | 0.14 | 0.0 | 0 | 1.52 | 177 | 13 | 0 | 0 | 190 | 859.0 | 53.0 | 0.0 | 0.0 | 912.0 | 2026-08-05 21:39:24.621338 | 69b52944-1515-4ab2-a9fb-445f886ba197 | Net_Metering_2024.xlsx
6f0b762d15b52f45a7672b63e9913286-1 | 2024 | KS | 12208 | City of McPherson - (KS) | SWPP | AC | 0.088 |  |  |  | 0.088 | 15 |  |  |  | 15 | 44.464 |  |  |  | 44.464 |  |  |  |  | 0.0 |  |  |  |  | 0 |  |  |  |  | 0.0 |  |  |  |  | 0 |  |  |  |  | 0.0 |  |  |  |  | 0 |  |  |  |  | 0.0 |  |  |  |  | 0.0 |  |  |  |  | 0 |  |  |  |  | 0.0 |  |  |  |  | 0.0 |  |  |  |  | 0 |  |  |  |  | 0.0 |  |  |  |  | 0.0 |  |  |  |  | 0 |  |  |  |  | 0.0 | 0.088 | 0.0 | 0.0 | 0 | 0.088 | 15 | 0 | 0 | 0 | 15 | 44.464 | 0.0 | 0.0 | 0.0 | 44.464 | 2026-08-05 21:39:24.621338 | 69b52944-1515-4ab2-a9fb-445f886ba197 | Net_Metering_2024.xlsx
9c631d71d403d156c44352f8e2c2d842-1 | 2024 | TX | 13332 | Navarro County Elec Coop, Inc | ERCO | AC | 4.078 | 0.002 |  |  | 4.08 | 337 | 1 |  |  | 338 |  |  |  |  | 0.0 |  |  |  |  | 0.0 |  |  |  |  | 0 |  |  |  |  | 0.0 |  |  |  |  | 0 |  |  |  |  | 0.0 |  |  |  |  | 0 |  |  |  |  | 0.0 |  |  |  |  | 0.0 |  |  |  |  | 0 |  |  |  |  | 0.0 | 0.005 |  |  |  | 0.005 | 6 |  |  |  | 6 |  |  |  |  | 0.0 | 4.328 |  |  |  | 4.328 | 341 |  |  |  | 341 |  |  |  |  | 0.0 | 8.411 | 0.002 | 0.0 | 0 | 8.413 | 684 | 1 | 0 | 0 | 685 | 0.0 | 0.0 | 0.0 | 0.0 | 0.0 | 2026-08-05 21:39:24.621338 | 69b52944-1515-4ab2-a9fb-445f886ba197 | Net_Metering_2024.xlsx
e8f2f63f1e12dfbf619b4db202c139a2-1 | 2024 | UT | 12866 | Moon Lake Electric Assn Inc | WACM | AC | 0.672 | 0.077 | 0.0 | 0 | 0.749 | 84 | 5 | 0 | 0 | 89 | 0.0 | 0.0 | 0.0 | 0.0 | 0.0 | 0.0 | 0.0 | 0.0 | 0 | 0.0 | 0 | 0 | 0 | 0 | 0 | 0.0 | 0.0 | 0.0 | 0 | 0.0 | 0 | 0 | 0 | 0 | 0 |  |  |  |  | 0.0 |  |  |  |  | 0 |  |  |  |  | 0.0 |  |  |  |  | 0.0 |  |  |  |  | 0 |  |  |  |  | 0.0 |  |  |  |  | 0.0 |  |  |  |  | 0 |  |  |  |  | 0.0 |  |  |  |  | 0.0 |  |  |  |  | 0 |  |  |  |  | 0.0 | 0.672 | 0.077 | 0.0 | 0 | 0.749 | 84 | 5 | 0 | 0 | 89 | 0.0 | 0.0 | 0.0 | 0.0 | 0.0 | 2026-08-05 21:39:24.621338 | 69b52944-1515-4ab2-a9fb-445f886ba197 | Net_Metering_2024.xlsx
733b639d3ba2499d45b68645ea76e569-1 | 2024 | PA | 14715 | PPL Electric Utilities Corp | PJM | AC | 252.428 | 138.16 | 23.743 |  | 414.331 | 27443 | 1110 | 68 |  | 28621 |  |  |  |  | 0.0 |  | 10.3 |  |  | 10.3 |  | 7 |  |  | 7 | 1.164 | 7.458 |  |  | 8.622 | 52 | 133 |  |  | 185 |  |  |  |  | 0.0 |  |  |  |  | 0 |  |  |  |  | 0.0 |  |  |  |  | 0.0 |  |  |  |  | 0 |  |  |  |  | 0.0 | 0.323 | 0.129 |  |  | 0.452 | 100 | 21 |  |  | 121 |  |  |  |  | 0.0 | 0.153 | 35.445 | 2.429 |  | 38.027 | 9 | 38 | 2 |  | 49 |  |  |  |  | 0.0 | 254.068 | 191.492 | 26.172 | 0 | 471.732 | 27604 | 1309 | 70 | 0 | 28983 | 0.0 | 0.0 | 0.0 | 0.0 | 0.0 | 2026-08-05 21:39:24.621338 | 69b52944-1515-4ab2-a9fb-445f886ba197 | Net_Metering_2024.xlsx
e7ef0f0f4189dd797fcb281b942f112b-1 | 2024 | KS | 99999 | Adjustment 2024 | SWPP |  | -3.186 | -0.304 | -0.01 |  | -3.501 |  |  |  |  |  |  |  |  |  |  | -0.323 | -0.001 |  |  | -0.324 |  |  |  |  |  | -0.002 | -0.003 |  |  | -0.005 |  |  |  |  |  |  |  |  |  | 0.0 |  |  |  |  |  |  |  |  |  |  |  |  |  |  | 0.0 |  |  |  |  |  |  |  |  |  |  |  |  |  |  |  |  |  |  |  |  |  |  |  |  |  |  |  |  |  |  |  |  |  |  |  |  |  |  |  |  | -3.511 | -0.309 | -0.01 |  | -3.83 |  |  |  |  |  |  |  |  |  |  | 2026-08-05 21:39:24.621338 | 69b52944-1515-4ab2-a9fb-445f886ba197 | Net_Metering_2024.xlsx
(1004 rows; csv has all)

-- S06 non-net-metering distributed: whole table (507 rows)
RECORD_ID | DATA_YEAR | STATE | UTILITY_NUMBER | UTILITY_NAME | BA_CODE | NUMBER_OF_GENERATORS | TOTAL_CAPACITY_MW | CAPACITY_BACK_UP_ONLY_MW | CAPACITY_UTILITY_OWNED_MW | TECHNOLOGY_TYPE | RESIDENTIAL_CAPACITY_MW_TECH_01 | COMMERCIAL_CAPACITY_MW_TECH_01 | INDUSTRIAL_CAPACITY_MW_TECH_01 | TRANSPORTATION_CAPACITY_MW_TECH_01 | DIRECT_CONNECTED_CAPACITY_MW_TECH_01 | TOTAL_CAPACITY_MW_TECH_01 | RESIDENTIAL_CAPACITY_MW_TECH_02 | COMMERCIAL_CAPACITY_MW_TECH_02 | INDUSTRIAL_CAPACITY_MW_TECH_02 | TRANSPORTATION_CAPACITY_MW_TECH_02 | DIRECT_CONNECTED_CAPACITY_MW_TECH_02 | TOTAL_CAPACITY_MW_TECH_02 | RESIDENTIAL_CAPACITY_MW_TECH_03 | COMMERCIAL_CAPACITY_MW_TECH_03 | INDUSTRIAL_CAPACITY_MW_TECH_03 | TRANSPORTATION_CAPACITY_MW_TECH_03 | DIRECT_CONNECTED_CAPACITY_MW_TECH_03 | TOTAL_CAPACITY_MW_TECH_03 | RESIDENTIAL_CAPACITY_MW_TECH_04 | COMMERCIAL_CAPACITY_MW_TECH_04 | INDUSTRIAL_CAPACITY_MW_TECH_04 | TRANSPORTATION_CAPACITY_MW_TECH_04 | DIRECT_CONNECTED_CAPACITY_MW_TECH_04 | TOTAL_CAPACITY_MW_TECH_04 | RESIDENTIAL_CAPACITY_MW_TECH_05 | COMMERCIAL_CAPACITY_MW_TECH_05 | INDUSTRIAL_CAPACITY_MW_TECH_05 | TRANSPORTATION_CAPACITY_MW_TECH_05 | DIRECT_CONNECTED_CAPACITY_MW_TECH_05 | TOTAL_CAPACITY_MW_TECH_05 | RESIDENTIAL_CAPACITY_MW_TECH_06 | COMMERCIAL_CAPACITY_MW_TECH_06 | INDUSTRIAL_CAPACITY_MW_TECH_06 | TRANSPORTATION_CAPACITY_MW_TECH_06 | DIRECT_CONNECTED_CAPACITY_MW_TECH_06 | TOTAL_CAPACITY_MW_TECH_06 | RESIDENTIAL_CAPACITY_MW_TECH_07 | COMMERCIAL_CAPACITY_MW_TECH_07 | INDUSTRIAL_CAPACITY_MW_TECH_07 | TRANSPORTATION_CAPACITY_MW_TECH_07 | DIRECT_CONNECTED_CAPACITY_MW_TECH_07 | TOTAL_CAPACITY_MW_TECH_07 | RESIDENTIAL_CAPACITY_MW_TECH_08 | COMMERCIAL_CAPACITY_MW_TECH_08 | INDUSTRIAL_CAPACITY_MW_TECH_08 | TRANSPORTATION_CAPACITY_MW_TECH_08 | DIRECT_CONNECTED_CAPACITY_MW_TECH_08 | TOTAL_CAPACITY_MW_TECH_08 | RESIDENTIAL_CAPACITY_MW_TECH_09 | COMMERCIAL_CAPACITY_MW_TECH_09 | INDUSTRIAL_CAPACITY_MW_TECH_09 | TRANSPORTATION_CAPACITY_MW_TECH_09 | DIRECT_CONNECTED_CAPACITY_MW_TECH_09 | TOTAL_CAPACITY_MW_TECH_09 | RESIDENTIAL_CAPACITY_MW_TECH_10 | COMMERCIAL_CAPACITY_MW_TECH_10 | INDUSTRIAL_CAPACITY_MW_TECH_10 | TRANSPORTATION_CAPACITY_MW_TECH_10 | DIRECT_CONNECTED_CAPACITY_MW_TECH_10 | TOTAL_CAPACITY_MW_TECH_10 | RESIDENTIAL_CAPACITY_MW_ALL_TECH | COMMERCIAL_CAPACITY_MW_ALL_TECH | INDUSTRIAL_CAPACITY_MW_ALL_TECH | TRANSPORTATION_CAPACITY_MW_ALL_TECH | DIRECT_CONNECTED_CAPACITY_MW_ALL_TECH | TOTAL_CAPACITY_MW_ALL_TECH | _LOADED_AT | _SOURCE_RUN_ID | _SRC_FILE
131574a5e94b862c1279259c0dbd2ed9-1 | 2024 | NC | 8333 | Haywood Electric Member Corp | DUK | 3 | 0.615 | 0.615 | 0.615 |  |  |  |  |  |  | 0.0 |  |  |  |  |  | 0.0 |  |  |  |  |  | 0.0 |  |  |  |  |  | 0.0 |  |  |  |  |  | 0.0 |  |  |  |  |  | 0.0 |  |  |  |  | 0.615 | 0.615 |  |  |  |  |  | 0.0 |  |  |  |  |  | 0.0 |  |  |  |  |  | 0.0 | 0.0 | 0.0 | 0.0 | 0 | 0.615 | 0.615 | 2026-08-05 21:39:28.599333 | 2667b6ca-9c67-4477-bc96-23793248c717 | Non_Net_Metering_Distributed_2024.xlsx
489b6d7e070c77ed577040a64d1e97ac-1 | 2024 | MN | 16181 | Rochester Public Utilities | MISO | 6 | 1.295 | 0.0 | 0.0 | AC |  | 1.295 |  |  |  | 1.295 |  |  |  |  |  | 0.0 |  |  |  |  |  | 0.0 |  |  |  |  |  | 0.0 |  |  |  |  |  | 0.0 |  |  |  |  |  | 0.0 |  |  |  |  |  | 0.0 |  |  |  |  |  | 0.0 |  |  |  |  |  | 0.0 |  |  |  |  |  | 0.0 | 0.0 | 1.295 | 0.0 | 0 | 0.0 | 1.295 | 2026-08-05 21:39:28.599333 | 2667b6ca-9c67-4477-bc96-23793248c717 | Non_Net_Metering_Distributed_2024.xlsx
0ccdd2e398d0d1fe3d1fd9dcea004306-1 | 2024 | CA | 16655 | City of Santa Clara - (CA) | CISO | 3 | 0.294 |  |  |  |  |  |  |  |  | 0.0 |  | 0.28 |  |  |  | 0.28 |  |  |  |  |  | 0.0 |  | 0.014 |  |  |  | 0.014 |  |  |  |  |  | 0.0 |  |  |  |  |  | 0.0 |  |  |  |  |  | 0.0 |  |  |  |  |  | 0.0 |  |  |  |  |  | 0.0 |  |  |  |  |  | 0.0 | 0.0 | 0.294 | 0.0 | 0 | 0.0 | 0.294 | 2026-08-05 21:39:28.599333 | 2667b6ca-9c67-4477-bc96-23793248c717 | Non_Net_Metering_Distributed_2024.xlsx
08020155d81c7e23569aefe0d98ae38a-1 | 2024 | IL | 13032 | Mt Carmel Public Utility Co | MISO | 1 | 0.049 |  |  | AC |  | 0.049 |  |  |  | 0.049 |  |  |  |  |  | 0.0 |  |  |  |  |  | 0.0 |  |  |  |  |  | 0.0 |  |  |  |  |  | 0.0 |  |  |  |  |  | 0.0 |  |  |  |  |  | 0.0 |  |  |  |  |  | 0.0 |  |  |  |  |  | 0.0 |  |  |  |  |  | 0.0 | 0.0 | 0.049 | 0.0 | 0 | 0.0 | 0.049 | 2026-08-05 21:39:28.599333 | 2667b6ca-9c67-4477-bc96-23793248c717 | Non_Net_Metering_Distributed_2024.xlsx
45cc01b820e0bbf0582db7b429e1725b-1 | 2024 | AL | 241 | Albertville Municipal Utilities Board | TVA | 3 | 0.026 | 0.0 | 0.0 | AC | 0.02 | 0.006 | 0.0 | 0 | 0.0 | 0.026 |  |  |  |  |  |  |  |  |  |  |  |  | 0.0 | 0.0 | 0.0 | 0 | 0.0 | 0.0 | 0.0 | 0.0 | 0.0 | 0 | 0.0 | 0.0 | 0.0 | 0.0 | 0.0 | 0 | 0.0 | 0.0 | 0.0 | 0.0 | 0.0 | 0 | 0.0 | 0.0 | 0.0 | 0.0 | 0.0 | 0 | 0.0 | 0.0 | 0 | 0.0 | 0.0 | 0 | 0.0 | 0.0 | 0.0 | 0.0 | 0.0 | 0 | 0.0 | 0.0 | 0.02 | 0.006 | 0.0 | 0 | 0.0 | 0.026 | 2026-08-05 21:39:28.599333 | 2667b6ca-9c67-4477-bc96-23793248c717 | Non_Net_Metering_Distributed_2024.xlsx
613fe2d94d7eb0a4fcb6449e600b7d84-1 | 2024 | AK | 213 | Alaska Electric Light & Power Co. |  | 6 | 0.141 |  |  | DC |  | 0.09 |  |  |  | 0.09 |  |  |  |  |  | 0.0 |  |  |  |  |  | 0.0 |  | 0.002 |  |  |  | 0.002 |  | 0.03 |  |  |  | 0.03 |  |  |  |  |  | 0.0 |  |  |  |  |  | 0.0 |  |  |  |  |  | 0.0 |  |  | 0.019 |  |  | 0.019 |  |  |  |  |  | 0.0 | 0.0 | 0.122 | 0.019 | 0 | 0.0 | 0.141 | 2026-08-05 21:39:28.599333 | 2667b6ca-9c67-4477-bc96-23793248c717 | Non_Net_Metering_Distributed_2024.xlsx
1750250e3c17e3842cf033a6453b903e-1 | 2024 | SC | 16606 | Santee Electric Coop, Inc | SC | 4 | 1.45 |  |  | AC |  | 0.25 |  |  |  | 0.25 |  |  |  |  |  | 0.0 |  |  |  |  |  | 0.0 |  |  |  |  |  | 0.0 |  |  |  |  |  | 0.0 |  |  |  |  |  | 0.0 |  |  |  |  |  | 0.0 |  |  |  |  |  | 0.0 |  |  |  |  |  | 0.0 |  | 1.2 |  |  |  | 1.2 | 0.0 | 1.45 | 0.0 | 0 | 0.0 | 1.45 | 2026-08-05 21:39:28.599333 | 2667b6ca-9c67-4477-bc96-23793248c717 | Non_Net_Metering_Distributed_2024.xlsx
9d149b9139595babc4251c11c07a12b9-1 | 2024 | AL | 1640 | City of Bessemer Utilities | TVA | 1 | 0.011 | 0.0 | 0.0 | AC | 0.011 | 0.0 | 0.0 | 0 | 0.0 | 0.011 |  |  |  |  |  |  |  |  |  |  |  |  | 0.0 | 0.0 | 0.0 | 0 | 0.0 | 0.0 | 0.0 | 0.0 | 0.0 | 0 | 0.0 | 0.0 | 0.0 | 0.0 | 0.0 | 0 | 0.0 | 0.0 | 0.0 | 0.0 | 0.0 | 0 | 0.0 | 0.0 | 0.0 | 0.0 | 0.0 | 0 | 0.0 | 0.0 | 0 | 0.0 | 0.0 | 0 | 0.0 | 0.0 | 0.0 | 0.0 | 0.0 | 0 | 0.0 | 0.0 | 0.011 | 0.0 | 0.0 | 0 | 0.0 | 0.011 | 2026-08-05 21:39:28.599333 | 2667b6ca-9c67-4477-bc96-23793248c717 | Non_Net_Metering_Distributed_2024.xlsx
f1236e5f689836ff4338b2eaae168fee-1 | 2024 | WI | 20847 | Wisconsin Electric Power Co | MISO | 171 | 18.715 |  |  | AC | 0.289 | 4.822 | 8.577 |  |  | 13.688 | 0.076 | 0.153 |  |  |  | 0.229 |  |  |  |  |  | 0.0 | 0.1 | 0.256 | 0.216 |  |  | 0.572 |  | 0.377 | 0.465 |  |  | 0.842 |  | 0.4 |  |  |  | 0.4 |  | 0.174 |  |  |  | 0.174 |  |  |  |  |  | 0.0 |  |  | 0.455 |  |  | 0.455 |  | 1.287 | 1.068 |  |  | 2.355 | 0.465 | 7.469 | 10.781 | 0 | 0.0 | 18.715 | 2026-08-05 21:39:28.599333 | 2667b6ca-9c67-4477-bc96-23793248c717 | Non_Net_Metering_Distributed_2024.xlsx
76b742fe3227f39f1023e74b4e91a5d9-1 | 2024 | MS | 15211 | Pontotoc Electric Power Assn | TVA | 2 | 1.002 | 0.0 | 0.0 | AC | 0.003 | 0.0 | 0.0 | 0 | 0.0 | 0.003 |  |  |  |  |  |  |  |  |  |  |  |  | 0.0 | 0.0 | 0.0 | 0 | 0.0 | 0.0 | 0.0 | 0.0 | 0.0 | 0 | 0.0 | 0.0 | 0.0 | 0.0 | 0.0 | 0 | 0.0 | 0.0 | 0.0 | 0.0 | 0.0 | 0 | 0.0 | 0.0 | 0.0 | 0.0 | 0.0 | 0 | 0.0 | 0.0 | 0 | 0.0 | 0.0 | 0 | 0.0 | 0.0 | 0.0 | 0.999 | 0.0 | 0 | 0.0 | 0.999 | 0.003 | 0.999 | 0.0 | 0 | 0.0 | 1.002 | 2026-08-05 21:39:28.599333 | 2667b6ca-9c67-4477-bc96-23793248c717 | Non_Net_Metering_Distributed_2024.xlsx
e071373388e2322388e0d4549f70e0fd-1 | 2024 | GA | 3108 | City of Cartersville - (GA) | SOCO | 2 | 1.4 |  |  | DC |  |  | 1.4 |  |  | 1.4 |  |  |  |  |  | 0.0 |  |  |  |  |  | 0.0 |  |  |  |  |  | 0.0 |  |  |  |  |  | 0.0 |  |  |  |  |  | 0.0 |  |  |  |  |  | 0.0 |  |  |  |  |  | 0.0 |  |  |  |  |  | 0.0 |  |  |  |  |  | 0.0 | 0.0 | 0.0 | 1.4 | 0 | 0.0 | 1.4 | 2026-08-05 21:39:28.599333 | 2667b6ca-9c67-4477-bc96-23793248c717 | Non_Net_Metering_Distributed_2024.xlsx
81f83d03b7d04153aba8f799aa7d258d-1 | 2024 | NC | 24889 | Brunswick Electric Member Corp | CPLE | 21 | 0.437 |  | 0.023 | AC | 0.104 | 0.163 |  |  |  | 0.267 |  |  |  |  |  | 0.0 |  |  |  |  |  | 0.0 |  |  |  |  |  | 0.0 |  |  |  |  |  | 0.0 |  |  |  |  |  | 0.0 |  |  |  |  |  | 0.0 |  |  |  |  |  | 0.0 |  |  |  |  |  | 0.0 |  | 0.17 |  |  |  | 0.17 | 0.104 | 0.333 | 0.0 | 0 | 0.0 | 0.437 | 2026-08-05 21:39:28.599333 | 2667b6ca-9c67-4477-bc96-23793248c717 | Non_Net_Metering_Distributed_2024.xlsx
5b6f31af94f47aa27caaa2f7bf0a7a27-1 | 2024 | MI | 38084 | Great Lakes Energy Coop | MISO | 4 | 2.15 |  |  | AC |  | 2.15 |  |  |  | 2.15 |  |  |  |  |  | 0.0 |  |  |  |  |  | 0.0 |  |  |  |  |  | 0.0 |  |  |  |  |  | 0.0 |  |  |  |  |  | 0.0 |  |  |  |  |  | 0.0 |  |  |  |  |  | 0.0 |  |  |  |  |  | 0.0 |  |  |  |  |  | 0.0 | 0.0 | 2.15 | 0.0 | 0 | 0.0 | 2.15 | 2026-08-05 21:39:28.599333 | 2667b6ca-9c67-4477-bc96-23793248c717 | Non_Net_Metering_Distributed_2024.xlsx
99065b79a21ae16a7a5de30d1f38d0cf-1 | 2024 | OR | 19325 | Umatilla Electric Coop Assn | BPAT | 2 | 1.057 |  | 1.057 | AC |  |  | 0.999 |  | 0.058 | 1.057 |  |  |  |  |  | 0.0 |  |  |  |  |  | 0.0 |  |  |  |  |  | 0.0 |  |  |  |  |  | 0.0 |  |  |  |  |  | 0.0 |  |  |  |  |  | 0.0 |  |  |  |  |  | 0.0 |  |  |  |  |  | 0.0 |  |  |  |  |  | 0.0 | 0.0 | 0.0 | 0.999 | 0 | 0.058 | 1.057 | 2026-08-05 21:39:28.599333 | 2667b6ca-9c67-4477-bc96-23793248c717 | Non_Net_Metering_Distributed_2024.xlsx
b20c4c63d87bdcae239197541ab983fa-1 | 2024 | MS | 13735 | Northcentral Mississippi E P A | TVA | 8 | 0.088 | 0.0 | 0.0 | AC | 0.082 | 0.006 | 0.0 | 0 | 0.0 | 0.088 |  |  |  |  |  |  |  |  |  |  |  |  | 0.0 | 0.0 | 0.0 | 0 | 0.0 | 0.0 | 0.0 | 0.0 | 0.0 | 0 | 0.0 | 0.0 | 0.0 | 0.0 | 0.0 | 0 | 0.0 | 0.0 | 0.0 | 0.0 | 0.0 | 0 | 0.0 | 0.0 | 0.0 | 0.0 | 0.0 | 0 | 0.0 | 0.0 | 0 | 0.0 | 0.0 | 0 | 0.0 | 0.0 | 0.0 | 0.0 | 0.0 | 0 | 0.0 | 0.0 | 0.082 | 0.006 | 0.0 | 0 | 0.0 | 0.088 | 2026-08-05 21:39:28.599333 | 2667b6ca-9c67-4477-bc96-23793248c717 | Non_Net_Metering_Distributed_2024.xlsx
cc6911643a2bb6d3b42923fcd5def019-1 | 2024 | WA | 3660 | PUD No 1 of Clark County - (WA) | BPAT | 382 | 121.9 | 121.9 | 1.6 |  |  |  |  |  |  | 0.0 |  |  |  |  |  | 0.0 |  |  |  |  |  | 0.0 |  |  |  |  |  | 0.0 |  |  |  |  |  | 0.0 |  |  |  |  |  | 0.0 |  | 62.4 | 59.5 |  |  | 121.9 |  |  |  |  |  | 0.0 |  |  |  |  |  | 0.0 |  |  |  |  |  | 0.0 | 0.0 | 62.4 | 59.5 | 0 | 0.0 | 121.9 | 2026-08-05 21:39:28.599333 | 2667b6ca-9c67-4477-bc96-23793248c717 | Non_Net_Metering_Distributed_2024.xlsx
963fe1a710b94a987dd41717245ea9b7-1 | 2024 | IL | 9750 | Jo-Carroll Energy, Inc | MISO | 15 | 7.8 | 2.4 |  | AC |  |  | 5.4 |  |  | 5.4 |  |  |  |  |  | 0.0 |  |  |  |  |  | 0.0 |  |  |  |  |  | 0.0 |  |  |  |  |  | 0.0 |  |  |  |  |  | 0.0 |  |  | 2.4 |  |  | 2.4 |  |  |  |  |  | 0.0 |  |  |  |  |  | 0.0 |  |  |  |  |  | 0.0 | 0.0 | 0.0 | 7.8 | 0 | 0.0 | 7.8 | 2026-08-05 21:39:28.599333 | 2667b6ca-9c67-4477-bc96-23793248c717 | Non_Net_Metering_Distributed_2024.xlsx
fc5db1200948f0dcb14e0565379101e8-1 | 2024 | TN | 9612 | City of Jackson - (TN) | TVA | 13 | 1.314 | 0.0 | 0.0 | AC | 0.038 | 1.276 | 0.0 | 0 | 0.0 | 1.314 |  |  |  |  |  |  |  |  |  |  |  |  | 0.0 | 0.0 | 0.0 | 0 | 0.0 | 0.0 | 0.0 | 0.0 | 0.0 | 0 | 0.0 | 0.0 | 0.0 | 0.0 | 0.0 | 0 | 0.0 | 0.0 | 0.0 | 0.0 | 0.0 | 0 | 0.0 | 0.0 | 0.0 | 0.0 | 0.0 | 0 | 0.0 | 0.0 | 0 | 0.0 | 0.0 | 0 | 0.0 | 0.0 | 0.0 | 0.0 | 0.0 | 0 | 0.0 | 0.0 | 0.038 | 1.276 | 0.0 | 0 | 0.0 | 1.314 | 2026-08-05 21:39:28.599333 | 2667b6ca-9c67-4477-bc96-23793248c717 | Non_Net_Metering_Distributed_2024.xlsx
20df96218adb5b9b8cf30274ecfcc4a0-1 | 2024 | KY | 22053 | Kentucky Power Co | PJM | 5 | 0.696 |  |  | AC | 0.09 | 0.455 | 0.151 | 0 | 0.0 | 0.696 |  |  |  |  |  | 0.0 |  |  |  |  |  | 0.0 |  |  |  |  |  | 0.0 |  |  |  |  |  | 0.0 |  |  |  |  |  | 0.0 |  |  |  |  |  | 0.0 |  |  |  |  |  | 0.0 |  |  |  |  |  | 0.0 |  |  |  |  |  | 0.0 | 0.09 | 0.455 | 0.151 | 0 | 0.0 | 0.696 | 2026-08-05 21:39:28.599333 | 2667b6ca-9c67-4477-bc96-23793248c717 | Non_Net_Metering_Distributed_2024.xlsx
2366b29787e652e40e5b706f908fb2ec-1 | 2024 | TN | 5961 | Town of Erwin - (TN) | TVA | 4 | 0.033 | 0.0 | 0.0 | AC | 0.033 | 0.0 | 0.0 | 0 | 0.0 | 0.033 |  |  |  |  |  |  |  |  |  |  |  |  | 0.0 | 0.0 | 0.0 | 0 | 0.0 | 0.0 | 0.0 | 0.0 | 0.0 | 0 | 0.0 | 0.0 | 0.0 | 0.0 | 0.0 | 0 | 0.0 | 0.0 | 0.0 | 0.0 | 0.0 | 0 | 0.0 | 0.0 | 0.0 | 0.0 | 0.0 | 0 | 0.0 | 0.0 | 0 | 0.0 | 0.0 | 0 | 0.0 | 0.0 | 0.0 | 0.0 | 0.0 | 0 | 0.0 | 0.0 | 0.033 | 0.0 | 0.0 | 0 | 0.0 | 0.033 | 2026-08-05 21:39:28.599333 | 2667b6ca-9c67-4477-bc96-23793248c717 | Non_Net_Metering_Distributed_2024.xlsx
0275c60aa2a49a8e9d227fc8510015c1-1 | 2024 | SD | 12199 | Montana-Dakota Utilities Co | MISO | 2 | 0.015 |  |  | AC | 0.011 |  |  |  |  | 0.011 |  |  |  |  |  | 0.0 |  |  |  |  |  | 0.0 | 0.004 |  |  |  |  | 0.004 |  |  |  |  |  | 0.0 |  |  |  |  |  | 0.0 |  |  |  |  |  | 0.0 |  |  |  |  |  | 0.0 |  |  |  |  |  | 0.0 |  |  |  |  |  | 0.0 | 0.015 | 0.0 | 0.0 | 0 | 0.0 | 0.015 | 2026-08-05 21:39:28.599333 | 2667b6ca-9c67-4477-bc96-23793248c717 | Non_Net_Metering_Distributed_2024.xlsx
2a98c7848210592d5ba645bc3225672e-1 | 2024 | MN | 14246 | City of Owatonna - (MN) | MISO | 2 | 1.09 | 1.0 | 0.0 |  |  |  |  |  |  | 0.0 |  |  |  |  |  | 0.0 |  |  |  |  |  | 0.0 |  |  | 0.09 |  |  | 0.09 |  |  |  |  |  | 0.0 |  |  |  |  |  | 0.0 |  |  | 1.0 |  |  | 1.0 |  |  |  |  |  | 0.0 |  |  |  |  |  | 0.0 |  |  |  |  |  | 0.0 | 0.0 | 0.0 | 1.09 | 0 | 0.0 | 1.09 | 2026-08-05 21:39:28.599333 | 2667b6ca-9c67-4477-bc96-23793248c717 | Non_Net_Metering_Distributed_2024.xlsx
ed14449d36a3971d8710b91b2f021ed5-1 | 2024 | AL | 750 | Arab Electric Coop Inc | TVA | 12 | 0.297 | 0.0 | 0.0 | AC | 0.077 | 0.22 | 0.0 | 0 | 0.0 | 0.297 |  |  |  |  |  |  |  |  |  |  |  |  | 0.0 | 0.0 | 0.0 | 0 | 0.0 | 0.0 | 0.0 | 0.0 | 0.0 | 0 | 0.0 | 0.0 | 0.0 | 0.0 | 0.0 | 0 | 0.0 | 0.0 | 0.0 | 0.0 | 0.0 | 0 | 0.0 | 0.0 | 0.0 | 0.0 | 0.0 | 0 | 0.0 | 0.0 | 0 | 0.0 | 0.0 | 0 | 0.0 | 0.0 | 0.0 | 0.0 | 0.0 | 0 | 0.0 | 0.0 | 0.077 | 0.22 | 0.0 | 0 | 0.0 | 0.297 | 2026-08-05 21:39:28.599333 | 2667b6ca-9c67-4477-bc96-23793248c717 | Non_Net_Metering_Distributed_2024.xlsx
8e861a02c07951be5177e6c72c45b522-1 | 2024 | CA | 7294 | City of Glendale - (CA) | LDWP | 6 | 1.502 |  |  | AC |  |  |  |  | 0.222 | 0.222 |  |  |  |  |  | 0.0 |  |  |  |  |  | 0.0 |  |  |  |  |  | 0.0 |  | 0.33 |  |  |  | 0.33 |  | 0.95 |  |  |  | 0.95 |  |  |  |  |  | 0.0 |  |  |  |  |  | 0.0 |  |  |  |  |  | 0.0 |  |  |  |  |  | 0.0 | 0.0 | 1.28 | 0.0 | 0 | 0.222 | 1.502 | 2026-08-05 21:39:28.599333 | 2667b6ca-9c67-4477-bc96-23793248c717 | Non_Net_Metering_Distributed_2024.xlsx
c056d998aede79efbf7894a96b83d100-1 | 2024 | IA | 15291 | Prairie Energy Coop | SWPP | 26 | 0.661 |  |  | AC | 0.142 |  | 0.519 |  |  | 0.661 |  |  |  |  |  | 0.0 |  |  |  |  |  | 0.0 |  |  |  |  |  | 0.0 |  |  |  |  |  | 0.0 |  |  |  |  |  | 0.0 |  |  |  |  |  | 0.0 |  |  |  |  |  | 0.0 |  |  |  |  |  | 0.0 |  |  |  |  |  | 0.0 | 0.142 | 0.0 | 0.519 | 0 | 0.0 | 0.661 | 2026-08-05 21:39:28.599333 | 2667b6ca-9c67-4477-bc96-23793248c717 | Non_Net_Metering_Distributed_2024.xlsx
7caa488b73b9d21b37c22375fa48c940-1 | 2024 | WI | 99999 | State Adjustment | MISO |  | 0.745 |  |  |  | 0.745 |  |  |  |  | 0.745 |  |  |  |  |  |  |  |  |  |  |  |  |  |  |  |  |  |  |  |  |  |  |  |  |  |  |  |  |  |  |  |  |  |  |  |  |  |  |  |  |  |  |  |  |  |  |  |  |  |  |  |  |  |  | 0.745 |  |  |  |  | 0.745 | 2026-08-05 21:39:28.599333 | 2667b6ca-9c67-4477-bc96-23793248c717 | Non_Net_Metering_Distributed_2024.xlsx
c82e74d1b1e7a516fbe5fed031f99f9b-1 | 2024 | TX | 99999 | State Adjustment | MISO |  | -0.187 |  |  |  |  | -0.187 |  |  |  | -0.187 |  |  |  |  |  |  |  |  |  |  |  |  |  |  |  |  |  |  |  |  |  |  |  |  |  |  |  |  |  |  |  |  |  |  |  |  |  |  |  |  |  |  |  |  |  |  |  |  |  |  |  |  |  |  |  | -0.187 |  |  |  | -0.187 | 2026-08-05 21:39:28.599333 | 2667b6ca-9c67-4477-bc96-23793248c717 | Non_Net_Metering_Distributed_2024.xlsx
c82e74d1b1e7a516fbe5fed031f99f9b-2 | 2024 | TX | 99999 | State Adjustment | ERCO |  | -8.968 |  |  |  | -8.255 | -0.708 | -0.004 |  |  | -8.968 |  |  |  |  |  |  |  |  |  |  |  |  |  |  |  |  |  |  |  |  |  |  |  |  |  |  |  |  |  |  |  |  |  |  |  |  |  |  |  |  |  |  |  |  |  |  |  |  |  |  |  |  |  |  | -8.255 | -0.708 | -0.004 |  |  | -8.968 | 2026-08-05 21:39:28.599333 | 2667b6ca-9c67-4477-bc96-23793248c717 | Non_Net_Metering_Distributed_2024.xlsx
1bd6008173ab1bac7e089c692a30f517-1 | 2024 | CA | 17609 | Southern California Edison Co | CISO | 1832 | 384.164 | 61.031 | 3.58 | AC | 0.0 | 58.541 | 0.0 | 0 | 20.704 | 79.245 | 0.0 | 171.382 | 0.0 | 0 | 1.63 | 173.012 | 0.0 | 561.26 | 0.0 | 0 | 3.0 | 564.26 | 0.0 | 0.454 | 0.0 | 0 | 0.0 | 0.454 | 0.0 | 0.493 | 0.0 | 0 | 6.246 | 6.739 | 0.0 | 7.399 | 0.0 | 0 | 0.225 | 7.624 | 0.0 | 83.151 | 0.0 | 0 | 0.8 | 83.951 | 0.0 | 31.328 | 0.0 | 0 | 0.0 | 31.328 | 0 | 0.0 | 0.0 | 0 | 0.0 | 0.0 | 0.0 | 1.542 | 0.0 | 0 | 0.269 | 1.811 | 0.0 | 354.29 | 0.0 | 0 | 29.874 | 384.164 | 2026-08-05 21:39:28.599333 | 2667b6ca-9c67-4477-bc96-23793248c717 | Non_Net_Metering_Distributed_2024.xlsx
c588842974e58107798e1ee208a4277b-1 | 2024 | RI | 13214 | The Narragansett Electric Co | ISNE | 7578 | 101.304 |  |  | AC | 43.191 | 53.842 | 0.135 |  |  | 97.168 | 0.48 | 0.47 |  |  |  | 0.95 |  |  |  |  |  | 0.0 |  |  |  |  |  | 0.0 |  | 0.89 |  |  |  | 0.89 |  |  |  |  |  | 0.0 |  | 1.221 | 0.08 |  |  | 1.301 | 0.002 | 0.633 | 0.36 |  |  | 0.995 |  |  |  |  |  | 0.0 |  |  |  |  |  | 0.0 | 43.673 | 57.056 | 0.575 | 0 | 0.0 | 101.304 | 2026-08-05 21:39:28.599333 | 2667b6ca-9c67-4477-bc96-23793248c717 | Non_Net_Metering_Distributed_2024.xlsx
899a3f6e487c865ae19288c199973856-1 | 2024 | MS | 18943 | Tippah Electric Power Assn | TVA | 1 | 0.002 | 0.0 | 0.0 | AC | 0.002 | 0.0 | 0.0 | 0 | 0.0 | 0.002 |  |  |  |  |  |  |  |  |  |  |  |  | 0.0 | 0.0 | 0.0 | 0 | 0.0 | 0.0 | 0.0 | 0.0 | 0.0 | 0 | 0.0 | 0.0 | 0.0 | 0.0 | 0.0 | 0 | 0.0 | 0.0 | 0.0 | 0.0 | 0.0 | 0 | 0.0 | 0.0 | 0.0 | 0.0 | 0.0 | 0 | 0.0 | 0.0 | 0 | 0.0 | 0.0 | 0 | 0.0 | 0.0 | 0.0 | 0.0 | 0.0 | 0 | 0.0 | 0.0 | 0.002 | 0.0 | 0.0 | 0 | 0.0 | 0.002 | 2026-08-05 21:39:28.599333 | 2667b6ca-9c67-4477-bc96-23793248c717 | Non_Net_Metering_Distributed_2024.xlsx
31198705104edf2819dad929a5db127d-1 | 2024 | MS | 12685 | Entergy Mississippi LLC | MISO | 15 | 3.675 |  | 3.675 | DC |  |  |  |  | 1.5 | 1.5 |  |  |  |  |  | 0.0 |  |  |  |  |  | 0.0 |  |  |  |  |  | 0.0 |  |  |  |  |  | 0.0 |  |  |  |  |  | 0.0 |  | 2.175 |  |  |  | 2.175 |  |  |  |  |  | 0.0 |  |  |  |  |  | 0.0 |  |  |  |  |  | 0.0 | 0.0 | 2.175 | 0.0 | 0 | 1.5 | 3.675 | 2026-08-05 21:39:28.599333 | 2667b6ca-9c67-4477-bc96-23793248c717 | Non_Net_Metering_Distributed_2024.xlsx
c848fcaf7fb1edbda62bfba3d165ebfd-1 | 2024 | TN | 13027 | Mountain Electric Coop, Inc | TVA | 16 | 0.126 | 0.0 | 0.0 | AC | 0.079 | 0.044 | 0.0 | 0 | 0.0 | 0.123 |  |  |  |  |  |  |  |  |  |  |  |  | 0.0 | 0.0 | 0.0 | 0 | 0.0 | 0.0 | 0.0 | 0.003 | 0.0 | 0 | 0.0 | 0.003 | 0.0 | 0.0 | 0.0 | 0 | 0.0 | 0.0 | 0.0 | 0.0 | 0.0 | 0 | 0.0 | 0.0 | 0.0 | 0.0 | 0.0 | 0 | 0.0 | 0.0 | 0 | 0.0 | 0.0 | 0 | 0.0 | 0.0 | 0.0 | 0.0 | 0.0 | 0 | 0.0 | 0.0 | 0.079 | 0.047 | 0.0 | 0 | 0.0 | 0.126 | 2026-08-05 21:39:28.599333 | 2667b6ca-9c67-4477-bc96-23793248c717 | Non_Net_Metering_Distributed_2024.xlsx
989fa78d636111d9aa17c2dc47d81164-1 | 2024 | MN | 20996 | Wright-Hennepin Coop Elec Assn | MISO | 15 | 6.529 | 6.05 | 0.0 | AC | 0.229 | 0.25 |  |  |  | 0.479 |  |  |  |  |  | 0.0 |  |  |  |  |  | 0.0 |  |  |  |  |  | 0.0 |  |  |  |  |  | 0.0 |  |  |  |  |  | 0.0 |  | 6.05 |  |  |  | 6.05 |  |  |  |  |  | 0.0 |  |  |  |  |  | 0.0 |  |  |  |  |  | 0.0 | 0.229 | 6.3 | 0.0 | 0 | 0.0 | 6.529 | 2026-08-05 21:39:28.599333 | 2667b6ca-9c67-4477-bc96-23793248c717 | Non_Net_Metering_Distributed_2024.xlsx
e668ad38329388eb9f688022f2d3b4ef-1 | 2024 | AK | 99999 | State Adjustment |  |  | -0.016 |  |  |  |  | -0.016 |  |  |  | -0.016 |  |  |  |  |  |  |  |  |  |  |  |  |  |  |  |  |  |  |  |  |  |  |  |  |  |  |  |  |  |  |  |  |  |  |  |  |  |  |  |  |  |  |  |  |  |  |  |  |  |  |  |  |  |  |  | -0.016 |  |  |  | -0.016 | 2026-08-05 21:39:28.599333 | 2667b6ca-9c67-4477-bc96-23793248c717 | Non_Net_Metering_Distributed_2024.xlsx
4cbfc99b98679f3d6dbaad05c56ea884-1 | 2024 | FL | 6452 | Florida Power & Light Co | FPL | 771 | 213.597 | 207.84 | 8.241 | AC |  | 3.544 |  |  | 2.216 | 5.76 |  | 0.307 |  |  |  | 0.307 |  |  |  |  |  | 0.0 |  |  |  |  |  | 0.0 |  |  |  |  |  | 0.0 |  |  |  |  |  | 0.0 |  | 206.53 | 1.0 |  |  | 207.53 |  |  |  |  |  | 0.0 |  |  |  |  |  | 0.0 |  |  |  |  |  | 0.0 | 0.0 | 210.381 | 1.0 | 0 | 2.216 | 213.597 | 2026-08-05 21:39:28.599333 | 2667b6ca-9c67-4477-bc96-23793248c717 | Non_Net_Metering_Distributed_2024.xlsx
fc7f47ea9486dc32745c68ef7dccca2b-1 | 2024 | GA | 18397 | City of Sylvania - (GA) | SOCO | 1 | 0.005 |  |  | DC | 0.005 |  |  |  |  | 0.005 |  |  |  |  |  | 0.0 |  |  |  |  |  | 0.0 |  |  |  |  |  | 0.0 |  |  |  |  |  | 0.0 |  |  |  |  |  | 0.0 |  |  |  |  |  | 0.0 |  |  |  |  |  | 0.0 |  |  |  |  |  | 0.0 |  |  |  |  |  | 0.0 | 0.005 | 0.0 | 0.0 | 0 | 0.0 | 0.005 | 2026-08-05 21:39:28.599333 | 2667b6ca-9c67-4477-bc96-23793248c717 | Non_Net_Metering_Distributed_2024.xlsx
bd0a5bc95234dafe1a2922b34c512e2e-1 | 2024 | HI | 8287 | Hawaii Electric Light Co Inc |  | 2674 | 60.054 |  | 0.059 | AC | 16.172 | 20.05 |  |  |  | 36.222 | 16.932 | 4.386 |  |  |  | 21.318 | 42.111 | 10.984 |  |  |  | 53.095 |  | 0.662 |  |  |  | 0.662 |  | 0.237 |  |  |  | 0.237 |  |  |  |  |  | 0.0 |  | 1.615 |  |  |  | 1.615 |  |  |  |  |  | 0.0 |  |  |  |  |  | 0.0 |  |  |  |  |  | 0.0 | 33.104 | 26.95 | 0.0 | 0 | 0.0 | 60.054 | 2026-08-05 21:39:28.599333 | 2667b6ca-9c67-4477-bc96-23793248c717 | Non_Net_Metering_Distributed_2024.xlsx
244cb6e35aa860eb6264bec42365df57-1 | 2024 | TN | 6608 | Fort Loudoun Electric Coop | TVA | 49 | 1.586 | 0.0 | 0.0 | AC | 0.36 | 0.227 | 0.0 | 0 | 0.0 | 0.587 |  |  |  |  |  |  |  |  |  |  |  |  | 0.0 | 0.0 | 0.0 | 0 | 0.0 | 0.0 | 0.0 | 0.0 | 0.0 | 0 | 0.0 | 0.0 | 0.0 | 0.0 | 0.0 | 0 | 0.0 | 0.0 | 0.0 | 0.0 | 0.0 | 0 | 0.0 | 0.0 | 0.0 | 0.0 | 0.0 | 0 | 0.0 | 0.0 | 0 | 0.0 | 0.0 | 0 | 0.0 | 0.0 | 0.0 | 0.999 | 0.0 | 0 | 0.0 | 0.999 | 0.36 | 1.226 | 0.0 | 0 | 0.0 | 1.586 | 2026-08-05 21:39:28.599333 | 2667b6ca-9c67-4477-bc96-23793248c717 | Non_Net_Metering_Distributed_2024.xlsx
6a76d44d9e9f1b6c09611b7399445211-1 | 2024 | CA | 11124 | City of Lodi - (CA) | CISO | 1637 | 9.48 |  |  | AC | 7.754 | 1.315 |  |  |  | 9.069 | 0.411 |  |  |  |  | 0.411 |  |  |  |  |  | 0.0 |  |  |  |  |  | 0.0 |  |  |  |  |  | 0.0 |  |  |  |  |  | 0.0 |  |  |  |  |  | 0.0 |  |  |  |  |  | 0.0 |  |  |  |  |  | 0.0 |  |  |  |  |  | 0.0 | 8.165 | 1.315 | 0.0 | 0 | 0.0 | 9.48 | 2026-08-05 21:39:28.599333 | 2667b6ca-9c67-4477-bc96-23793248c717 | Non_Net_Metering_Distributed_2024.xlsx
260fe1e29772aa516ba56fecf66430bf-1 | 2024 | VA | 733 | Appalachian Power Co | PJM | 13 | 1.637 |  | 0.0 | AC | 0.0 | 0.036 | 0.066 | 0 | 0.0 | 0.102 |  |  |  |  |  | 0.0 |  |  |  |  |  | 0.0 | 0.0 | 0.01 | 0.0 | 0 | 0.0 | 0.01 | 0.0 | 0.51 | 0.0 | 0 | 0.0 | 0.51 |  |  |  |  |  | 0.0 | 0.0 | 0.95 | 0.0 | 0 | 0.0 | 0.95 |  |  |  |  |  | 0.0 |  |  |  |  |  | 0.0 | 0.0 | 0.065 | 0.0 | 0 | 0.0 | 0.065 | 0.0 | 1.571 | 0.066 | 0 | 0.0 | 1.637 | 2026-08-05 21:39:28.599333 | 2667b6ca-9c67-4477-bc96-23793248c717 | Non_Net_Metering_Distributed_2024.xlsx
b5f1a31b62601a4d89ab3aa28af728cf-1 | 2024 | KY | 10171 | Kentucky Utilities Co | LGEE | 35 | 6.239 | 0.0 | 0.204 | DC |  | 3.75 | 2.15 |  | 0.204 | 6.104 |  |  | 0.135 |  |  | 0.135 |  |  |  |  |  | 0.0 |  |  |  |  |  | 0.0 |  |  |  |  |  | 0.0 |  |  |  |  |  | 0.0 |  |  |  |  |  | 0.0 |  |  |  |  |  | 0.0 |  |  |  |  |  | 0.0 |  |  |  |  |  | 0.0 | 0.0 | 3.75 | 2.285 | 0 | 0.204 | 6.239 | 2026-08-05 21:39:28.599333 | 2667b6ca-9c67-4477-bc96-23793248c717 | Non_Net_Metering_Distributed_2024.xlsx
dc4ee9c2131efd7a5749b5ead33f39aa-1 | 2024 | HI | 19547 | Hawaiian Electric Co Inc | HECO | 6725 | 229.863 |  | 0.928 | AC | 57.754 | 115.772 | 0.803 |  | 0.125 | 174.454 | 47.507 | 7.777 |  |  |  | 55.284 | 121.194 | 41.992 |  |  |  | 163.186 |  | 0.005 |  |  |  | 0.005 |  |  |  |  |  | 0.0 |  |  |  |  |  | 0.0 |  | 0.12 |  |  |  | 0.12 |  |  |  |  |  | 0.0 |  |  |  |  |  | 0.0 |  |  |  |  |  | 0.0 | 105.261 | 123.674 | 0.803 | 0 | 0.125 | 229.863 | 2026-08-05 21:39:28.599333 | 2667b6ca-9c67-4477-bc96-23793248c717 | Non_Net_Metering_Distributed_2024.xlsx
59cc2e01ad596ec0dd9771d8d14189c9-1 | 2024 | FL | 20885 | Withlacoochee River Elec Coop | SEC | 21 | 11.05 | 11.05 | 11.05 |  |  |  |  |  |  | 0.0 |  |  |  |  |  | 0.0 |  |  |  |  |  | 0.0 |  |  |  |  |  | 0.0 |  |  |  |  |  | 0.0 |  |  |  |  |  | 0.0 |  | 11.05 |  |  |  | 11.05 |  |  |  |  |  | 0.0 |  |  |  |  |  | 0.0 |  |  |  |  |  | 0.0 | 0.0 | 11.05 | 0.0 | 0 | 0.0 | 11.05 | 2026-08-05 21:39:28.599333 | 2667b6ca-9c67-4477-bc96-23793248c717 | Non_Net_Metering_Distributed_2024.xlsx
47c077031d5c23a330fe6efe3794e59c-1 | 2024 | KY | 9697 | City of Jellico | TVA | 18 | 0.088 | 0.0 | 0.0 | AC | 0.088 | 0.0 | 0.0 | 0 | 0.0 | 0.088 |  |  |  |  |  |  |  |  |  |  |  |  | 0.0 | 0.0 | 0.0 | 0 | 0.0 | 0.0 | 0.0 | 0.0 | 0.0 | 0 | 0.0 | 0.0 | 0.0 | 0.0 | 0.0 | 0 | 0.0 | 0.0 | 0.0 | 0.0 | 0.0 | 0 | 0.0 | 0.0 | 0.0 | 0.0 | 0.0 | 0 | 0.0 | 0.0 | 0 | 0.0 | 0.0 | 0 | 0.0 | 0.0 | 0.0 | 0.0 | 0.0 | 0 | 0.0 | 0.0 | 0.088 | 0.0 | 0.0 | 0 | 0.0 | 0.088 | 2026-08-05 21:39:28.599333 | 2667b6ca-9c67-4477-bc96-23793248c717 | Non_Net_Metering_Distributed_2024.xlsx
2616ffd549b8e26e6ffbe89d3ec17ad6-1 | 2024 | TN | 15141 | Plateau Electric Cooperative | TVA | 3 | 0.052 | 0.0 | 0.0 | AC | 0.005 | 0.047 | 0.0 | 0 | 0.0 | 0.052 |  |  |  |  |  |  |  |  |  |  |  |  | 0.0 | 0.0 | 0.0 | 0 | 0.0 | 0.0 | 0.0 | 0.0 | 0.0 | 0 | 0.0 | 0.0 | 0.0 | 0.0 | 0.0 | 0 | 0.0 | 0.0 | 0.0 | 0.0 | 0.0 | 0 | 0.0 | 0.0 | 0.0 | 0.0 | 0.0 | 0 | 0.0 | 0.0 | 0 | 0.0 | 0.0 | 0 | 0.0 | 0.0 | 0.0 | 0.0 | 0.0 | 0 | 0.0 | 0.0 | 0.005 | 0.047 | 0.0 | 0 | 0.0 | 0.052 | 2026-08-05 21:39:28.599333 | 2667b6ca-9c67-4477-bc96-23793248c717 | Non_Net_Metering_Distributed_2024.xlsx
4f705dfa4230e6405d4753764d5ed3df-1 | 2024 | WI | 13815 | Northwestern Wisconsin Elec Co | MISO | 5 | 3.0 | 3.0 |  | AC |  |  |  |  |  | 0.0 |  |  |  |  |  | 0.0 |  |  |  |  |  | 0.0 |  |  |  |  |  | 0.0 |  |  |  |  |  | 0.0 |  |  |  |  |  | 0.0 |  |  | 3.0 |  |  | 3.0 |  |  |  |  |  | 0.0 |  |  |  |  |  | 0.0 |  |  |  |  |  | 0.0 | 0.0 | 0.0 | 3.0 | 0 | 0.0 | 3.0 | 2026-08-05 21:39:28.599333 | 2667b6ca-9c67-4477-bc96-23793248c717 | Non_Net_Metering_Distributed_2024.xlsx
1db7401c9e6f738252b196376a00c0aa-1 | 2024 | MN | 9130 | Hutchinson Utilities Comm | MISO | 1 | 0.625 | 0.0 | 0.625 | DC |  |  |  |  | 0.625 | 0.625 |  |  |  |  |  | 0.0 |  |  |  |  |  | 0.0 |  |  |  |  |  | 0.0 |  |  |  |  |  | 0.0 |  |  |  |  |  | 0.0 |  |  |  |  |  | 0.0 |  |  |  |  |  | 0.0 |  |  |  |  |  | 0.0 |  |  |  |  |  | 0.0 | 0.0 | 0.0 | 0.0 | 0 | 0.625 | 0.625 | 2026-08-05 21:39:28.599333 | 2667b6ca-9c67-4477-bc96-23793248c717 | Non_Net_Metering_Distributed_2024.xlsx
c7eea42a3186ee3862d19b382ab2276c-1 | 2024 | CA | 207 | Alameda Municipal Power | CISO | 663 | 6.159 |  |  | AC | 3.371 | 1.536 |  |  |  | 4.907 | 1.252 |  |  |  |  | 1.252 |  |  |  |  |  | 0.0 |  |  |  |  |  | 0.0 |  |  |  |  |  | 0.0 |  |  |  |  |  | 0.0 |  |  |  |  |  | 0.0 |  |  |  |  |  | 0.0 |  |  |  |  |  | 0.0 |  |  |  |  |  | 0.0 | 4.623 | 1.536 | 0.0 | 0 | 0.0 | 6.159 | 2026-08-05 21:39:28.599333 | 2667b6ca-9c67-4477-bc96-23793248c717 | Non_Net_Metering_Distributed_2024.xlsx
e03e447b7eef58ac18a8e770d2388408-1 | 2024 | NE | 17548 | South Central Public Pwr Dist | SWPP | 3 | 1.05 | 0.0 | 0.0 | AC | 0.0 | 0.0 | 0.0 | 0 | 1.05 | 1.05 | 0.0 | 0.0 | 0.0 | 0 | 0.0 | 0.0 | 0.0 | 0.0 | 0.0 | 0 | 0.0 | 0.0 | 0.0 | 0.0 | 0.0 | 0 | 0.0 | 0.0 | 0.0 | 0.0 | 0.0 | 0 | 0.0 | 0.0 | 0.0 | 0.0 | 0.0 | 0 | 0.0 | 0.0 | 0.0 | 0.0 | 0.0 | 0 | 0.0 | 0.0 | 0.0 | 0.0 | 0.0 | 0 | 0.0 | 0.0 | 0 | 0.0 | 0.0 | 0 | 0.0 | 0.0 | 0.0 | 0.0 | 0.0 | 0 | 0.0 | 0.0 | 0.0 | 0.0 | 0.0 | 0 | 1.05 | 1.05 | 2026-08-05 21:39:28.599333 | 2667b6ca-9c67-4477-bc96-23793248c717 | Non_Net_Metering_Distributed_2024.xlsx
e14e9da35765cabc1a1abb6221e60cec-1 | 2024 | SC | 21002 | York Electric Coop Inc | DUK | 7 | 6.5 |  |  |  |  |  |  |  |  | 0.0 |  |  |  |  |  | 0.0 |  |  |  |  |  | 0.0 |  |  |  |  |  | 0.0 |  |  |  |  |  | 0.0 |  |  |  |  |  | 0.0 | 6.5 |  |  |  |  | 6.5 |  |  |  |  |  | 0.0 |  |  |  |  |  | 0.0 |  |  |  |  |  | 0.0 | 6.5 | 0.0 | 0.0 | 0 | 0.0 | 6.5 | 2026-08-05 21:39:28.599333 | 2667b6ca-9c67-4477-bc96-23793248c717 | Non_Net_Metering_Distributed_2024.xlsx
d1d35b5207966478b836deeaee62b1b2-1 | 2024 | TX | 5078 | Denton County Elec Coop, Inc | ERCO | 21 | 14.9 |  |  | DC |  |  |  |  |  | 0.0 |  |  |  |  |  | 0.0 |  |  |  |  |  | 0.0 |  |  |  |  |  | 0.0 |  |  |  |  |  | 0.0 |  |  |  |  |  | 0.0 |  | 14.9 |  |  |  | 14.9 |  |  |  |  |  | 0.0 |  |  |  |  |  | 0.0 |  |  |  |  |  | 0.0 | 0.0 | 14.9 | 0.0 | 0 | 0.0 | 14.9 | 2026-08-05 21:39:28.599333 | 2667b6ca-9c67-4477-bc96-23793248c717 | Non_Net_Metering_Distributed_2024.xlsx
122f20578581458453ba7b182e40c004-1 | 2024 | MS | 17252 | Singing River Elec Cooperative | MISO | 207 | 1.621 |  |  | AC | 1.505 | 0.106 |  |  |  | 1.611 |  |  |  |  |  | 0.0 |  |  |  |  |  | 0.0 |  |  |  |  |  | 0.0 |  |  |  |  |  | 0.0 |  |  |  |  |  | 0.0 |  | 0.01 |  |  |  | 0.01 |  |  |  |  |  | 0.0 |  |  |  |  |  | 0.0 |  |  |  |  |  | 0.0 | 1.505 | 0.116 | 0.0 | 0 | 0.0 | 1.621 | 2026-08-05 21:39:28.599333 | 2667b6ca-9c67-4477-bc96-23793248c717 | Non_Net_Metering_Distributed_2024.xlsx
08f62c028a6c2d574f7faf0a813296d2-1 | 2024 | CA | 14328 | Pacific Gas & Electric Co. | CISO | 2830 | 166.523 | 1.085 |  | AC | 0.099 | 24.73 | 32.657 | 0 | 12.268 | 69.754 | 5.658 | 13.971 | 15.246 | 0 | 0.089 | 34.964 | 0.0 | 0.0 | 0.0 | 0 | 0.0 | 0.0 | 0.0 | 0.019 | 0.015 | 0 | 0.0 | 0.034 | 0.0 | 6.193 | 0.0 | 0 | 10.83 | 17.023 | 0.117 | 1.332 | 2.685 | 0 | 0.0 | 4.134 | 0.426 | 6.573 | 16.898 | 0 | 1.773 | 25.67 | 0.0 | 0.868 | 9.886 | 0 | 0.0 | 10.754 | 0 | 0.0 | 0.0 | 0 | 1.35 | 1.35 | 0.1 | 2.02 | 0.72 | 0 | 0.0 | 2.84 | 6.4 | 55.706 | 78.107 | 0 | 26.31 | 166.523 | 2026-08-05 21:39:28.599333 | 2667b6ca-9c67-4477-bc96-23793248c717 | Non_Net_Metering_Distributed_2024.xlsx
1d87dd59e0e4661495764c06ac6c7269-1 | 2024 | AL | 3222 | Central Alabama Electric Coop | SOCO | 19 | 0.951 | 0.867 | 0.951 |  |  |  |  |  |  | 0.0 |  |  |  |  |  | 0.0 |  |  |  |  |  | 0.0 |  |  |  |  |  | 0.0 |  |  |  |  |  | 0.0 |  |  |  |  |  | 0.0 | 0.951 |  |  |  |  | 0.951 |  |  |  |  |  | 0.0 |  |  |  |  |  | 0.0 |  |  |  |  |  | 0.0 | 0.951 | 0.0 | 0.0 | 0 | 0.0 | 0.951 | 2026-08-05 21:39:28.599333 | 2667b6ca-9c67-4477-bc96-23793248c717 | Non_Net_Metering_Distributed_2024.xlsx
8c22548d6c9728a1f151f78542dc614d-1 | 2024 | TX | 16900 | City of Seguin - (TX) | ERCO | 111 | 5.832 |  |  | AC | 0.808 | 5.024 |  |  |  | 5.832 |  |  |  |  |  | 0.0 |  |  |  |  |  | 0.0 |  |  |  |  |  | 0.0 |  |  |  |  |  | 0.0 |  |  |  |  |  | 0.0 |  |  |  |  |  | 0.0 |  |  |  |  |  | 0.0 |  |  |  |  |  | 0.0 |  |  |  |  |  | 0.0 | 0.808 | 5.024 | 0.0 | 0 | 0.0 | 5.832 | 2026-08-05 21:39:28.599333 | 2667b6ca-9c67-4477-bc96-23793248c717 | Non_Net_Metering_Distributed_2024.xlsx
1ad49d9e54c58006ae802a9a0277c188-1 | 2024 | CA | 14354 | PacifiCorp | PACW | 2 | 0.111 |  |  |  |  |  |  |  |  | 0.0 |  |  |  |  |  | 0.0 |  |  |  |  |  | 0.0 |  |  |  |  |  | 0.0 |  |  |  |  | 0.036 | 0.036 |  |  |  |  |  | 0.0 |  |  |  |  |  | 0.0 |  |  |  |  |  | 0.0 |  |  |  |  | 0.075 | 0.075 |  |  |  |  |  | 0.0 | 0.0 | 0.0 | 0.0 | 0 | 0.111 | 0.111 | 2026-08-05 21:39:28.599333 | 2667b6ca-9c67-4477-bc96-23793248c717 | Non_Net_Metering_Distributed_2024.xlsx
3519f10b2e44aff6b8665866783746f5-1 | 2024 | TN | 727 | Appalachian Electric Coop | TVA | 30 | 0.391 | 0.0 | 0.0 | AC | 0.202 | 0.189 | 0.0 | 0 | 0.0 | 0.391 |  |  |  |  |  |  |  |  |  |  |  |  | 0.0 | 0.0 | 0.0 | 0 | 0.0 | 0.0 | 0.0 | 0.0 | 0.0 | 0 | 0.0 | 0.0 | 0.0 | 0.0 | 0.0 | 0 | 0.0 | 0.0 | 0.0 | 0.0 | 0.0 | 0 | 0.0 | 0.0 | 0.0 | 0.0 | 0.0 | 0 | 0.0 | 0.0 | 0 | 0.0 | 0.0 | 0 | 0.0 | 0.0 | 0.0 | 0.0 | 0.0 | 0 | 0.0 | 0.0 | 0.202 | 0.189 | 0.0 | 0 | 0.0 | 0.391 | 2026-08-05 21:39:28.599333 | 2667b6ca-9c67-4477-bc96-23793248c717 | Non_Net_Metering_Distributed_2024.xlsx
ae17bcb87b820d5d73bc6f35d7f421a8-1 | 2024 | MI | 4254 | Consumers Energy Co - (MI) | MISO | 462 | 33.907 | 2.6 | 2.76 | AC | 2.119 | 14.706 | 1.672 |  | 4.379 | 22.876 |  | 0.6 | 0.408 |  | 1.0 | 2.008 |  |  |  |  |  | 0.0 | 0.076 | 0.082 |  |  | 0.001 | 0.159 |  | 0.05 |  |  | 4.094 | 4.144 |  |  |  |  |  | 0.0 |  | 1.19 | 0.03 |  | 3.5 | 4.72 |  |  |  |  |  | 0.0 |  |  |  |  |  | 0.0 |  |  |  |  |  | 0.0 | 2.195 | 16.628 | 2.11 | 0 | 12.974 | 33.907 | 2026-08-05 21:39:28.599333 | 2667b6ca-9c67-4477-bc96-23793248c717 | Non_Net_Metering_Distributed_2024.xlsx
232c885f14c4bf8a81b9b0cc8d179da6-1 | 2024 | NY | 4226 | Consolidated Edison Co-NY Inc | NYIS | 394 | 63.881 |  |  | AC |  |  |  |  |  | 0.0 |  | 3.42 |  |  |  | 3.42 |  | 4.394 |  |  |  | 4.394 |  |  |  |  |  | 0.0 |  |  |  |  |  | 0.0 |  |  |  |  |  | 0.0 |  | 45.241 |  |  |  | 45.241 |  | 14.945 |  |  |  | 14.945 |  | 0.275 |  |  |  | 0.275 |  |  |  |  |  | 0.0 | 0.0 | 63.881 | 0.0 | 0 | 0.0 | 63.881 | 2026-08-05 21:39:28.599333 | 2667b6ca-9c67-4477-bc96-23793248c717 | Non_Net_Metering_Distributed_2024.xlsx
(507 rows; csv has all)

