schema,mart_table,column,raw_table,old_verdict,verdict,mart_rows,raw_rows,mart_non_blank,raw_non_blank,raw_top_values
CORPORATE_REGISTRY,CORPORATE_REGISTRY__INTL_ES_BORME,COMPANY_ID,LIBRARY_RAW.LANDING.INTL_ES_BORME,raw_also_empty,raw_also_empty,3,25,0,0,
CORPORATE_REGISTRY,CORPORATE_REGISTRY__INTL_ES_BORME,BORME_ISSUE_NUMBER,LIBRARY_RAW.LANDING.INTL_ES_BORME,raw_also_empty,raw_also_empty,3,25,0,0,
CORPORATE_REGISTRY,CORPORATE_REGISTRY__INTL_ES_BORME,SECTION,LIBRARY_RAW.LANDING.INTL_ES_BORME,raw_also_empty,raw_also_empty,3,25,0,0,
CORPORATE_REGISTRY,CORPORATE_REGISTRY__INTL_ES_BORME,COMPANY_NAME,LIBRARY_RAW.LANDING.INTL_ES_BORME,raw_also_empty,raw_also_empty,3,25,0,0,
CORPORATE_REGISTRY,CORPORATE_REGISTRY__INTL_ES_BORME,PROVINCE,LIBRARY_RAW.LANDING.INTL_ES_BORME,ROW_SUBSET,MODEL_LOST_IT,3,25,0,12,Documento BORME-A-2026-102-18 1 | Documento BORME-A-2026-102-16 1 | Documento BORME-A-2026-102-03 1 | Documento BORME-A-2026-102-08 1 | Documento BORME-A-2026-102-07 1
CORPORATE_REGISTRY,CORPORATE_REGISTRY__INTL_ES_BORME,ACT_TYPE,LIBRARY_RAW.LANDING.INTL_ES_BORME,raw_also_empty,raw_also_empty,3,25,0,0,
CORPORATE_REGISTRY,CORPORATE_REGISTRY__INTL_ES_BORME,ACT_DESCRIPTION,LIBRARY_RAW.LANDING.INTL_ES_BORME,ROW_SUBSET,MODEL_LOST_IT,3,25,0,12,"258991 - EZRIC FREEMAN HOLDING SL. Constitución. Comienzo de operaciones: 27.03.26. Objeto social: a. La adquisición, tenencia, gestión, administración y enajenación de valores mobiliarios y participa"
CORPORATE_REGISTRY,CORPORATE_REGISTRY__INTL_ES_BORME,PDF_URL,LIBRARY_RAW.LANDING.INTL_ES_BORME,ROW_SUBSET,MODEL_LOST_IT,3,25,0,12,https://www.boe.es/borme/dias/2026/06/01/pdfs/BORME-A-2026-102-04.pdf 1 | https://www.boe.es/borme/dias/2026/06/01/pdfs/BORME-A-2026-102-18.pdf 1 | https://www.boe.es/borme/dias/2026/06/01/pdfs/BORME-
ECONOMICS,ECONOMICS__FED_DOL_FORM5500,FORM_YEAR,LIBRARY_RAW.LANDING.FED_DOL_FORM5500,raw_also_empty,raw_also_empty,33484,33484,0,0,
ECONOMICS,ECONOMICS__FED_DOL_FORM5500,PLAN_YEAR_BEGIN_DATE,LIBRARY_RAW.LANDING.FED_DOL_FORM5500,raw_also_empty,raw_also_empty,33484,33484,0,0,
ECONOMICS,ECONOMICS__FED_DOL_FORM5500,PLAN_YEAR_END_DATE,LIBRARY_RAW.LANDING.FED_DOL_FORM5500,raw_also_empty,raw_also_empty,33484,33484,0,0,
ECONOMICS,ECONOMICS__FED_DOL_FORM5500,EIN,LIBRARY_RAW.LANDING.FED_DOL_FORM5500,raw_also_empty,raw_also_empty,33484,33484,0,0,
ECONOMICS,ECONOMICS__FED_DOL_FORM5500,PLAN_NUM,LIBRARY_RAW.LANDING.FED_DOL_FORM5500,raw_also_empty,raw_also_empty,33484,33484,0,0,
ECONOMICS,ECONOMICS__FED_DOL_FORM5500,SPONSOR_DFE_EIN,LIBRARY_RAW.LANDING.FED_DOL_FORM5500,raw_also_empty,raw_also_empty,33484,33484,0,0,
ECONOMICS,ECONOMICS__FED_DOL_FORM5500,NET_ASSETS_EOY_AMT,LIBRARY_RAW.LANDING.FED_DOL_FORM5500,raw_also_empty,raw_also_empty,33484,33484,0,0,
ECONOMICS,ECONOMICS__FED_DOL_FORM5500,TOTAL_ASSETS_BOY_AMT,LIBRARY_RAW.LANDING.FED_DOL_FORM5500,raw_also_empty,raw_also_empty,33484,33484,0,0,
ECONOMICS,ECONOMICS__FED_DOL_FORM5500,TOTAL_ASSETS_EOY_AMT,LIBRARY_RAW.LANDING.FED_DOL_FORM5500,raw_also_empty,raw_also_empty,33484,33484,0,0,
ECONOMICS,ECONOMICS__FED_DOL_FORM5500,BENEFIT_PYMTS_TOTAL_AMT,LIBRARY_RAW.LANDING.FED_DOL_FORM5500,raw_also_empty,raw_also_empty,33484,33484,0,0,
ECONOMICS,ECONOMICS__FED_DOL_FORM5500,ADMIN_EXPENSES_TOTAL_AMT,LIBRARY_RAW.LANDING.FED_DOL_FORM5500,raw_also_empty,raw_also_empty,33484,33484,0,0,
ECONOMICS,ECONOMICS__FED_DOL_FORM5500,PREPARER_EIN,LIBRARY_RAW.LANDING.FED_DOL_FORM5500,raw_also_empty,raw_also_empty,33484,33484,0,0,
ECONOMICS,ECONOMICS__FED_DOL_FORM5500,NUM_SCH_A_ATTACHED_CNT,LIBRARY_RAW.LANDING.FED_DOL_FORM5500,raw_also_empty,raw_also_empty,33484,33484,0,0,
ECONOMICS,ECONOMICS__FED_DOL_FORM5500,ADMIN_ADDRESS_SAME_SPON_IND,LIBRARY_RAW.LANDING.FED_DOL_FORM5500,raw_also_empty,raw_also_empty,33484,33484,0,0,
ECONOMICS,ECONOMICS__FED_DOL_FORM5500,PREPARER_NAME,LIBRARY_RAW.LANDING.FED_DOL_FORM5500,raw_also_empty,raw_also_empty,33484,33484,0,0,
ECONOMICS,ECONOMICS__FED_DOL_FORM5500,PREPARER_FIRM_NAME,LIBRARY_RAW.LANDING.FED_DOL_FORM5500,raw_also_empty,raw_also_empty,33484,33484,0,0,
ECONOMICS,ECONOMICS__FED_DOL_FORM5500,PREPARER_US_ADDRESS1,LIBRARY_RAW.LANDING.FED_DOL_FORM5500,raw_also_empty,raw_also_empty,33484,33484,0,0,
ECONOMICS,ECONOMICS__FED_DOL_FORM5500,PREPARER_US_ADDRESS2,LIBRARY_RAW.LANDING.FED_DOL_FORM5500,raw_also_empty,raw_also_empty,33484,33484,0,0,
ECONOMICS,ECONOMICS__FED_DOL_FORM5500,PREPARER_US_CITY,LIBRARY_RAW.LANDING.FED_DOL_FORM5500,raw_also_empty,raw_also_empty,33484,33484,0,0,
ECONOMICS,ECONOMICS__FED_DOL_FORM5500,PREPARER_US_STATE,LIBRARY_RAW.LANDING.FED_DOL_FORM5500,raw_also_empty,raw_also_empty,33484,33484,0,0,
ECONOMICS,ECONOMICS__FED_DOL_FORM5500,PREPARER_US_ZIP,LIBRARY_RAW.LANDING.FED_DOL_FORM5500,raw_also_empty,raw_also_empty,33484,33484,0,0,
ECONOMICS,ECONOMICS__FED_DOL_FORM5500,PREPARER_FOREIGN_ADDRESS1,LIBRARY_RAW.LANDING.FED_DOL_FORM5500,raw_also_empty,raw_also_empty,33484,33484,0,0,
ECONOMICS,ECONOMICS__FED_DOL_FORM5500,PREPARER_FOREIGN_ADDRESS2,LIBRARY_RAW.LANDING.FED_DOL_FORM5500,raw_also_empty,raw_also_empty,33484,33484,0,0,
ECONOMICS,ECONOMICS__FED_DOL_FORM5500,PREPARER_FOREIGN_CITY,LIBRARY_RAW.LANDING.FED_DOL_FORM5500,raw_also_empty,raw_also_empty,33484,33484,0,0,
ECONOMICS,ECONOMICS__FED_DOL_FORM5500,PREPARER_FOREIGN_PROV_STATE,LIBRARY_RAW.LANDING.FED_DOL_FORM5500,raw_also_empty,raw_also_empty,33484,33484,0,0,
ECONOMICS,ECONOMICS__FED_DOL_FORM5500,PREPARER_FOREIGN_CNTRY,LIBRARY_RAW.LANDING.FED_DOL_FORM5500,raw_also_empty,raw_also_empty,33484,33484,0,0,
ECONOMICS,ECONOMICS__FED_DOL_FORM5500,PREPARER_FOREIGN_POSTAL_CD,LIBRARY_RAW.LANDING.FED_DOL_FORM5500,raw_also_empty,raw_also_empty,33484,33484,0,0,
ECONOMICS,ECONOMICS__FED_DOL_FORM5500,PREPARER_PHONE_NUM,LIBRARY_RAW.LANDING.FED_DOL_FORM5500,raw_also_empty,raw_also_empty,33484,33484,0,0,
ECONOMICS,ECONOMICS__FED_DOL_FORM5500,PREPARER_PHONE_NUM_FOREIGN,LIBRARY_RAW.LANDING.FED_DOL_FORM5500,raw_also_empty,raw_also_empty,33484,33484,0,0,
ECONOMICS,ECONOMICS__FED_DOL_OSHA_INSPECTIONS,STATE_FLAG,LIBRARY_RAW.LANDING.FED_DOL_OSHA_INSPECTIONS,raw_also_empty,raw_also_empty,5196412,5611412,0,0,
ECONOMICS,ECONOMICS__FED_DOL_OSHA_INSPECTIONS,_SRC_SHA256,LIBRARY_RAW.LANDING.FED_DOL_OSHA_INSPECTIONS,raw_also_empty,raw_also_empty,5196412,5611412,0,0,
ECONOMICS,ECONOMICS__FED_FDIC_FAILED_BANKS,_SOURCE_RUN_ID,LIBRARY_RAW.LANDING.FED_FDIC_FAILED_BANKS,ROW_SUBSET,MODEL_LOST_IT,3584,4115,0,4115,64073b09-5702-4fe1-b02a-c359d05236bb 4115
ECONOMICS,ECONOMICS__FED_FOREIGNASSISTANCE,USG_SECTOR,LIBRARY_RAW.LANDING.FED_FOREIGNASSISTANCE,raw_also_empty,raw_also_empty,95658,95658,0,0,
ECONOMICS,ECONOMICS__FED_FOREIGNASSISTANCE,DAC_CATEGORY,LIBRARY_RAW.LANDING.FED_FOREIGNASSISTANCE,raw_also_empty,raw_also_empty,95658,95658,0,0,
ECONOMICS,ECONOMICS__FED_FOREIGNASSISTANCE,OBLIGATION_AMOUNT,LIBRARY_RAW.LANDING.FED_FOREIGNASSISTANCE,raw_also_empty,raw_also_empty,95658,95658,0,0,
ECONOMICS,ECONOMICS__FED_FOREIGNASSISTANCE,DISBURSEMENT_AMOUNT,LIBRARY_RAW.LANDING.FED_FOREIGNASSISTANCE,raw_also_empty,raw_also_empty,95658,95658,0,0,
ECONOMICS,ECONOMICS__FED_FOREIGNASSISTANCE,EIN,LIBRARY_RAW.LANDING.FED_FOREIGNASSISTANCE,raw_also_empty,raw_also_empty,95658,95658,0,0,
ECONOMICS,ECONOMICS__FED_GRANTS_GOV,AGENCY_NAME,LIBRARY_RAW.LANDING.FED_GRANTS_GOV,raw_also_empty,raw_also_empty,100,100,0,0,
ECONOMICS,ECONOMICS__FED_GRANTS_GOV,OPPORTUNITY_STATUS,LIBRARY_RAW.LANDING.FED_GRANTS_GOV,raw_also_empty,raw_also_empty,100,100,0,0,
ECONOMICS,ECONOMICS__FED_GRANTS_GOV,OPPORTUNITY_CATEGORY,LIBRARY_RAW.LANDING.FED_GRANTS_GOV,raw_also_empty,raw_also_empty,100,100,0,0,
ECONOMICS,ECONOMICS__FED_GRANTS_GOV,FUNDING_INSTRUMENT_TYPE,LIBRARY_RAW.LANDING.FED_GRANTS_GOV,raw_also_empty,raw_also_empty,100,100,0,0,
ECONOMICS,ECONOMICS__FED_GRANTS_GOV,CATEGORY_OF_FUNDING_ACTIVITY,LIBRARY_RAW.LANDING.FED_GRANTS_GOV,raw_also_empty,raw_also_empty,100,100,0,0,
ECONOMICS,ECONOMICS__FED_GRANTS_GOV,ELIGIBLE_APPLICANTS,LIBRARY_RAW.LANDING.FED_GRANTS_GOV,raw_also_empty,raw_also_empty,100,100,0,0,
ECONOMICS,ECONOMICS__FED_GRANTS_GOV,AWARD_CEILING,LIBRARY_RAW.LANDING.FED_GRANTS_GOV,raw_also_empty,raw_also_empty,100,100,0,0,
ECONOMICS,ECONOMICS__FED_GRANTS_GOV,AWARD_FLOOR,LIBRARY_RAW.LANDING.FED_GRANTS_GOV,raw_also_empty,raw_also_empty,100,100,0,0,
ECONOMICS,ECONOMICS__FED_GRANTS_GOV,ESTIMATED_TOTAL_PROGRAM_FUNDING,LIBRARY_RAW.LANDING.FED_GRANTS_GOV,raw_also_empty,raw_also_empty,100,100,0,0,
ECONOMICS,ECONOMICS__FED_GRANTS_GOV,EXPECTED_NUMBER_OF_AWARDS,LIBRARY_RAW.LANDING.FED_GRANTS_GOV,raw_also_empty,raw_also_empty,100,100,0,0,
ECONOMICS,ECONOMICS__FED_GRANTS_GOV,LAST_UPDATED_DATE,LIBRARY_RAW.LANDING.FED_GRANTS_GOV,raw_also_empty,raw_also_empty,100,100,0,0,
ECONOMICS,ECONOMICS__FED_GRANTS_GOV,ARCHIVE_DATE,LIBRARY_RAW.LANDING.FED_GRANTS_GOV,raw_also_empty,raw_also_empty,100,100,0,0,
ECONOMICS,ECONOMICS__FED_GRANTS_GOV,SYNOPSIS_DESC,LIBRARY_RAW.LANDING.FED_GRANTS_GOV,raw_also_empty,raw_also_empty,100,100,0,0,
ECONOMICS,ECONOMICS__FED_GRANTS_GOV,GRANTOR_CONTACT_EMAIL,LIBRARY_RAW.LANDING.FED_GRANTS_GOV,raw_also_empty,raw_also_empty,100,100,0,0,
ECONOMICS,ECONOMICS__FED_GRANTS_GOV,GRANTOR_CONTACT_NAME,LIBRARY_RAW.LANDING.FED_GRANTS_GOV,raw_also_empty,raw_also_empty,100,100,0,0,
ECONOMICS,ECONOMICS__FED_GRANTS_GOV,VERSION,LIBRARY_RAW.LANDING.FED_GRANTS_GOV,raw_also_empty,raw_also_empty,100,100,0,0,
ECONOMICS,ECONOMICS__FED_PBGC_DATA,PUBLICATION_DATE,LIBRARY_RAW.LANDING.FED_PBGC_DATA,raw_also_empty,raw_also_empty,134534,140454,0,0,
ECONOMICS,ECONOMICS__FED_PBGC_DATA,PROGRAM_TYPE,LIBRARY_RAW.LANDING.FED_PBGC_DATA,raw_also_empty,raw_also_empty,134534,140454,0,0,
ECONOMICS,ECONOMICS__FED_PBGC_DATA,UNIT,LIBRARY_RAW.LANDING.FED_PBGC_DATA,raw_also_empty,raw_also_empty,134534,140454,0,0,
ECONOMICS,ECONOMICS__FED_PBGC_DATA,NOTES_FLAG,LIBRARY_RAW.LANDING.FED_PBGC_DATA,raw_also_empty,raw_also_empty,134534,140454,0,0,
ECONOMICS,ECONOMICS__FED_TREASURY_DEBT_TO_PENNY,RECORD_FISCAL_YR,LIBRARY_RAW.LANDING.FED_TREASURY_DEBT_TO_PENNY,raw_also_empty,raw_also_empty,8329,8329,0,0,
ECONOMICS,ECONOMICS__FED_TREASURY_DEBT_TO_PENNY,RECORD_FISCAL_QTR,LIBRARY_RAW.LANDING.FED_TREASURY_DEBT_TO_PENNY,raw_also_empty,raw_also_empty,8329,8329,0,0,
ECONOMICS,ECONOMICS__FED_TREASURY_DEBT_TO_PENNY,RECORD_CALENDAR_YR,LIBRARY_RAW.LANDING.FED_TREASURY_DEBT_TO_PENNY,raw_also_empty,raw_also_empty,8329,8329,0,0,
ECONOMICS,ECONOMICS__FED_TREASURY_DEBT_TO_PENNY,RECORD_CALENDAR_QTR,LIBRARY_RAW.LANDING.FED_TREASURY_DEBT_TO_PENNY,raw_also_empty,raw_also_empty,8329,8329,0,0,
ECONOMICS,ECONOMICS__FED_USASPENDING_CONTRACTS,RECIPIENT_DUNS,LIBRARY_RAW.LANDING.FED_USASPENDING_CONTRACTS,raw_also_empty,raw_also_empty,6325622,6325622,0,0,
ECONOMICS,ECONOMICS__FED_US_SEC_EDGAR,ISIN,LIBRARY_RAW.LANDING.FED_US_SEC_EDGAR,raw_also_empty,raw_also_empty,48984,48990,0,0,
ECONOMICS,ECONOMICS__FED_US_USASPENDING_API,GENERATED_UNIQUE_AWARD_ID,LIBRARY_RAW.LANDING.FED_US_USASPENDING_API,raw_also_empty,raw_also_empty,300,300,0,0,
ECONOMICS,ECONOMICS__FED_US_USASPENDING_API,RECIPIENT_UEI,LIBRARY_RAW.LANDING.FED_US_USASPENDING_API,raw_also_empty,raw_also_empty,300,300,0,0,
ECONOMICS,ECONOMICS__FED_US_USASPENDING_API,RECIPIENT_DUNS,LIBRARY_RAW.LANDING.FED_US_USASPENDING_API,raw_also_empty,raw_also_empty,300,300,0,0,
ECONOMICS,ECONOMICS__FED_US_USASPENDING_API,RECIPIENT_EIN,LIBRARY_RAW.LANDING.FED_US_USASPENDING_API,raw_also_empty,raw_also_empty,300,300,0,0,
ECONOMICS,ECONOMICS__FED_US_USASPENDING_API,NAICS_CODE,LIBRARY_RAW.LANDING.FED_US_USASPENDING_API,raw_also_empty,raw_also_empty,300,300,0,0,
ECONOMICS,ECONOMICS__FED_US_USASPENDING_API,TREASURY_ACCOUNT_SYMBOL,LIBRARY_RAW.LANDING.FED_US_USASPENDING_API,raw_also_empty,raw_also_empty,300,300,0,0,
ECONOMICS,ECONOMICS__FED_US_USASPENDING_API,FEDERAL_ACCOUNT_CODE,LIBRARY_RAW.LANDING.FED_US_USASPENDING_API,raw_also_empty,raw_also_empty,300,300,0,0,
ECONOMICS,ECONOMICS__FED_US_USASPENDING_API,PLACE_OF_PERFORMANCE_FIPS,LIBRARY_RAW.LANDING.FED_US_USASPENDING_API,raw_also_empty,raw_also_empty,300,300,0,0,
ECONOMICS,ECONOMICS__FED_US_USASPENDING_API,RECIPIENT_LOCATION_FIPS,LIBRARY_RAW.LANDING.FED_US_USASPENDING_API,raw_also_empty,raw_also_empty,300,300,0,0,
ECONOMICS,ECONOMICS__FED_US_USASPENDING_API,NAICS_DESCRIPTION,LIBRARY_RAW.LANDING.FED_US_USASPENDING_API,raw_also_empty,raw_also_empty,300,300,0,0,
ECONOMICS,ECONOMICS__FED_US_USASPENDING_API,CFDA_TITLE,LIBRARY_RAW.LANDING.FED_US_USASPENDING_API,raw_also_empty,raw_also_empty,300,300,0,0,
ECONOMICS,ECONOMICS__FED_US_USASPENDING_API,DEF_CODE,LIBRARY_RAW.LANDING.FED_US_USASPENDING_API,raw_also_empty,raw_also_empty,300,300,0,0,
ECONOMICS,ECONOMICS__FED_US_USASPENDING_API,FISCAL_YEAR,LIBRARY_RAW.LANDING.FED_US_USASPENDING_API,raw_also_empty,raw_also_empty,300,300,0,0,
ECONOMICS,ECONOMICS__FED_US_USASPENDING_API,PLACE_OF_PERFORMANCE_CITY,LIBRARY_RAW.LANDING.FED_US_USASPENDING_API,raw_also_empty,raw_also_empty,300,300,0,0,
ECONOMICS,ECONOMICS__FED_US_USASPENDING_API,RECIPIENT_LOCATION_STATE,LIBRARY_RAW.LANDING.FED_US_USASPENDING_API,raw_also_empty,raw_also_empty,300,300,0,0,
ECONOMICS,ECONOMICS__FED_US_USASPENDING_API,TOTAL_OBLIGATION,LIBRARY_RAW.LANDING.FED_US_USASPENDING_API,raw_also_empty,raw_also_empty,300,300,0,0,
ECONOMICS,ECONOMICS__FED_US_USASPENDING_API,TOTAL_OUTLAY,LIBRARY_RAW.LANDING.FED_US_USASPENDING_API,raw_also_empty,raw_also_empty,300,300,0,0,
ECONOMICS,ECONOMICS__FED_US_USASPENDING_API,TRANSACTION_COUNT,LIBRARY_RAW.LANDING.FED_US_USASPENDING_API,raw_also_empty,raw_also_empty,300,300,0,0,
ECONOMICS,ECONOMICS__FED_US_USASPENDING_API,SUBAWARD_COUNT,LIBRARY_RAW.LANDING.FED_US_USASPENDING_API,raw_also_empty,raw_also_empty,300,300,0,0,
ECONOMICS,ECONOMICS__INTL_GLEIF_RELATIONSHIPS,RELATIONSHIP_PERIOD_4_STARTDATE,LIBRARY_RAW.LANDING.INTL_GLEIF_RELATIONSHIPS,raw_also_empty,raw_also_empty,485285,485285,0,0,
ECONOMICS,ECONOMICS__INTL_GLEIF_RELATIONSHIPS,RELATIONSHIP_PERIOD_4_ENDDATE,LIBRARY_RAW.LANDING.INTL_GLEIF_RELATIONSHIPS,raw_also_empty,raw_also_empty,485285,485285,0,0,
ECONOMICS,ECONOMICS__INTL_GLEIF_RELATIONSHIPS,RELATIONSHIP_PERIOD_4_PERIODTYPE,LIBRARY_RAW.LANDING.INTL_GLEIF_RELATIONSHIPS,raw_also_empty,raw_also_empty,485285,485285,0,0,
ECONOMICS,ECONOMICS__INTL_GLEIF_RELATIONSHIPS,RELATIONSHIP_PERIOD_5_STARTDATE,LIBRARY_RAW.LANDING.INTL_GLEIF_RELATIONSHIPS,raw_also_empty,raw_also_empty,485285,485285,0,0,
ECONOMICS,ECONOMICS__INTL_GLEIF_RELATIONSHIPS,RELATIONSHIP_PERIOD_5_ENDDATE,LIBRARY_RAW.LANDING.INTL_GLEIF_RELATIONSHIPS,raw_also_empty,raw_also_empty,485285,485285,0,0,
ECONOMICS,ECONOMICS__INTL_GLEIF_RELATIONSHIPS,RELATIONSHIP_PERIOD_5_PERIODTYPE,LIBRARY_RAW.LANDING.INTL_GLEIF_RELATIONSHIPS,raw_also_empty,raw_also_empty,485285,485285,0,0,
ECONOMICS,ECONOMICS__INTL_GLEIF_RELATIONSHIPS,RELATIONSHIP_QUALIFIERS_3_QUALIFIERDIMENSION,LIBRARY_RAW.LANDING.INTL_GLEIF_RELATIONSHIPS,raw_also_empty,raw_also_empty,485285,485285,0,0,
ECONOMICS,ECONOMICS__INTL_GLEIF_RELATIONSHIPS,RELATIONSHIP_QUALIFIERS_3_QUALIFIERCATEGORY,LIBRARY_RAW.LANDING.INTL_GLEIF_RELATIONSHIPS,raw_also_empty,raw_also_empty,485285,485285,0,0,
ECONOMICS,ECONOMICS__INTL_GLEIF_RELATIONSHIPS,RELATIONSHIP_QUALIFIERS_4_QUALIFIERDIMENSION,LIBRARY_RAW.LANDING.INTL_GLEIF_RELATIONSHIPS,raw_also_empty,raw_also_empty,485285,485285,0,0,
ECONOMICS,ECONOMICS__INTL_GLEIF_RELATIONSHIPS,RELATIONSHIP_QUALIFIERS_4_QUALIFIERCATEGORY,LIBRARY_RAW.LANDING.INTL_GLEIF_RELATIONSHIPS,raw_also_empty,raw_also_empty,485285,485285,0,0,
ECONOMICS,ECONOMICS__INTL_GLEIF_RELATIONSHIPS,RELATIONSHIP_QUALIFIERS_5_QUALIFIERDIMENSION,LIBRARY_RAW.LANDING.INTL_GLEIF_RELATIONSHIPS,raw_also_empty,raw_also_empty,485285,485285,0,0,
ECONOMICS,ECONOMICS__INTL_GLEIF_RELATIONSHIPS,RELATIONSHIP_QUALIFIERS_5_QUALIFIERCATEGORY,LIBRARY_RAW.LANDING.INTL_GLEIF_RELATIONSHIPS,raw_also_empty,raw_also_empty,485285,485285,0,0,
ECONOMICS,ECONOMICS__INTL_GLEIF_RELATIONSHIPS,RELATIONSHIP_QUANTIFIERS_2_MEASUREMENTMETHOD,LIBRARY_RAW.LANDING.INTL_GLEIF_RELATIONSHIPS,raw_also_empty,raw_also_empty,485285,485285,0,0,
ECONOMICS,ECONOMICS__INTL_GLEIF_RELATIONSHIPS,RELATIONSHIP_QUANTIFIERS_2_QUANTIFIERAMOUNT,LIBRARY_RAW.LANDING.INTL_GLEIF_RELATIONSHIPS,raw_also_empty,raw_also_empty,485285,485285,0,0,
ECONOMICS,ECONOMICS__INTL_GLEIF_RELATIONSHIPS,RELATIONSHIP_QUANTIFIERS_2_QUANTIFIERUNITS,LIBRARY_RAW.LANDING.INTL_GLEIF_RELATIONSHIPS,raw_also_empty,raw_also_empty,485285,485285,0,0,
ECONOMICS,ECONOMICS__INTL_GLEIF_RELATIONSHIPS,RELATIONSHIP_QUANTIFIERS_3_MEASUREMENTMETHOD,LIBRARY_RAW.LANDING.INTL_GLEIF_RELATIONSHIPS,raw_also_empty,raw_also_empty,485285,485285,0,0,
ECONOMICS,ECONOMICS__INTL_GLEIF_RELATIONSHIPS,RELATIONSHIP_QUANTIFIERS_3_QUANTIFIERAMOUNT,LIBRARY_RAW.LANDING.INTL_GLEIF_RELATIONSHIPS,raw_also_empty,raw_also_empty,485285,485285,0,0,
ECONOMICS,ECONOMICS__INTL_GLEIF_RELATIONSHIPS,RELATIONSHIP_QUANTIFIERS_3_QUANTIFIERUNITS,LIBRARY_RAW.LANDING.INTL_GLEIF_RELATIONSHIPS,raw_also_empty,raw_also_empty,485285,485285,0,0,
ECONOMICS,ECONOMICS__INTL_GLEIF_RELATIONSHIPS,RELATIONSHIP_QUANTIFIERS_4_MEASUREMENTMETHOD,LIBRARY_RAW.LANDING.INTL_GLEIF_RELATIONSHIPS,raw_also_empty,raw_also_empty,485285,485285,0,0,
ECONOMICS,ECONOMICS__INTL_GLEIF_RELATIONSHIPS,RELATIONSHIP_QUANTIFIERS_4_QUANTIFIERAMOUNT,LIBRARY_RAW.LANDING.INTL_GLEIF_RELATIONSHIPS,raw_also_empty,raw_also_empty,485285,485285,0,0,
ECONOMICS,ECONOMICS__INTL_GLEIF_RELATIONSHIPS,RELATIONSHIP_QUANTIFIERS_4_QUANTIFIERUNITS,LIBRARY_RAW.LANDING.INTL_GLEIF_RELATIONSHIPS,raw_also_empty,raw_also_empty,485285,485285,0,0,
ECONOMICS,ECONOMICS__INTL_GLEIF_RELATIONSHIPS,RELATIONSHIP_QUANTIFIERS_5_MEASUREMENTMETHOD,LIBRARY_RAW.LANDING.INTL_GLEIF_RELATIONSHIPS,raw_also_empty,raw_also_empty,485285,485285,0,0,
ECONOMICS,ECONOMICS__INTL_GLEIF_RELATIONSHIPS,RELATIONSHIP_QUANTIFIERS_5_QUANTIFIERAMOUNT,LIBRARY_RAW.LANDING.INTL_GLEIF_RELATIONSHIPS,raw_also_empty,raw_also_empty,485285,485285,0,0,
ECONOMICS,ECONOMICS__INTL_GLEIF_RELATIONSHIPS,RELATIONSHIP_QUANTIFIERS_5_QUANTIFIERUNITS,LIBRARY_RAW.LANDING.INTL_GLEIF_RELATIONSHIPS,raw_also_empty,raw_also_empty,485285,485285,0,0,
ECONOMICS,ECONOMICS__INTL_GLEIF_REPEX,EXCEPTION_REFERENCE_5,LIBRARY_RAW.LANDING.INTL_GLEIF_REPEX,raw_also_empty,raw_also_empty,6313372,6313372,0,0,
ECONOMICS,ECONOMICS__INTL_IT_ISTAT,UNIT_MEASURE,LIBRARY_RAW.LANDING.INTL_IT_ISTAT,raw_also_empty,raw_also_empty,213284,213284,0,0,
ECONOMICS,ECONOMICS__INTL_IT_ISTAT,UNIT_MULT,LIBRARY_RAW.LANDING.INTL_IT_ISTAT,raw_also_empty,raw_also_empty,213284,213284,0,0,
EDUCATION,EDUCATION__FED_GOOGLE_POLADS_ADVERTISER_STATS,ELECTIONS,LIBRARY_RAW.LANDING.FED_GOOGLE_POLADS_ADVERTISER_STATS,raw_also_empty,raw_also_empty,21211,21211,0,0,
EDUCATION,EDUCATION__FED_GOOGLE_POLADS_ADVERTISER_WEEKLY_SPEND,ELECTION_CYCLE,LIBRARY_RAW.LANDING.FED_GOOGLE_POLADS_ADVERTISER_WEEKLY_SPEND,raw_also_empty,raw_also_empty,298884,298884,0,0,
EDUCATION,EDUCATION__FED_GOOGLE_POLADS_CREATIVE_STATS,AD_CAMPAIGNS_LIST,LIBRARY_RAW.LANDING.FED_GOOGLE_POLADS_CREATIVE_STATS,raw_also_empty,raw_also_empty,1562870,1562870,0,0,
EDUCATION,EDUCATION__FED_GOOGLE_POLADS_CREATIVE_STATS,SPEND_USD,LIBRARY_RAW.LANDING.FED_GOOGLE_POLADS_CREATIVE_STATS,raw_also_empty,raw_also_empty,1562870,1562870,0,0,
EDUCATION,EDUCATION__FED_GOOGLE_POLADS_CREATIVE_STATS,UNNAMED_59,LIBRARY_RAW.LANDING.FED_GOOGLE_POLADS_CREATIVE_STATS,raw_also_empty,raw_also_empty,1562870,1562870,0,0,
EDUCATION,EDUCATION__FED_SENATE_LDA_FILINGS,LOBBYIST_NAMES,LIBRARY_RAW.LANDING.FED_SENATE_LDA_FILINGS,raw_also_empty,raw_also_empty,819649,1525273,0,0,
ENERGY,ENERGY__FED_EIA860_3_4_ENERGY_STORAGE,STORAGE_TECHNOLOGY_3,LIBRARY_RAW.LANDING.FED_EIA860_3_4_ENERGY_STORAGE,raw_also_empty,raw_also_empty,786,786,0,0,
ENERGY,ENERGY__FED_EIA860_3_4_ENERGY_STORAGE,STORAGE_TECHNOLOGY_4,LIBRARY_RAW.LANDING.FED_EIA860_3_4_ENERGY_STORAGE,raw_also_empty,raw_also_empty,786,786,0,0,
ENVIRONMENT,ENVIRONMENT__FED_EPA_ENVIROFACTS,STATE_CODE,LIBRARY_RAW.LANDING.FED_EPA_ENVIROFACTS,raw_also_empty,raw_also_empty,5000,5000,0,0,
ENVIRONMENT,ENVIRONMENT__FED_EPA_ENVIROFACTS,FRS_ID,LIBRARY_RAW.LANDING.FED_EPA_ENVIROFACTS,raw_also_empty,raw_also_empty,5000,5000,0,0,
ENVIRONMENT,ENVIRONMENT__FED_EPA_ENVIROFACTS,HANDLER_ID,LIBRARY_RAW.LANDING.FED_EPA_ENVIROFACTS,raw_also_empty,raw_also_empty,5000,5000,0,0,
ENVIRONMENT,ENVIRONMENT__FED_EPA_ENVIROFACTS,SITE_ID,LIBRARY_RAW.LANDING.FED_EPA_ENVIROFACTS,raw_also_empty,raw_also_empty,5000,5000,0,0,
ENVIRONMENT,ENVIRONMENT__FED_EPA_ENVIROFACTS,LATITUDE,LIBRARY_RAW.LANDING.FED_EPA_ENVIROFACTS,raw_also_empty,raw_also_empty,5000,5000,0,0,
ENVIRONMENT,ENVIRONMENT__FED_EPA_ENVIROFACTS,LONGITUDE,LIBRARY_RAW.LANDING.FED_EPA_ENVIROFACTS,raw_also_empty,raw_also_empty,5000,5000,0,0,
ENVIRONMENT,ENVIRONMENT__FED_EPA_ENVIROFACTS,CREATED_DATE,LIBRARY_RAW.LANDING.FED_EPA_ENVIROFACTS,raw_also_empty,raw_also_empty,5000,5000,0,0,
ENVIRONMENT,ENVIRONMENT__FED_EPA_ENVIROFACTS,MEDIA_NAME,LIBRARY_RAW.LANDING.FED_EPA_ENVIROFACTS,raw_also_empty,raw_also_empty,5000,5000,0,0,
ENVIRONMENT,ENVIRONMENT__FED_EPA_GHGRP_FACILITY,ADDRESS2,LIBRARY_RAW.LANDING.FED_EPA_GHGRP_FACILITY,raw_also_empty,raw_also_empty,136005,136005,0,0,
ENVIRONMENT,ENVIRONMENT__FED_EPA_GHGRP_FACILITY,BAMM_USED_DESC,LIBRARY_RAW.LANDING.FED_EPA_GHGRP_FACILITY,raw_also_empty,raw_also_empty,136005,136005,0,0,
ENVIRONMENT,ENVIRONMENT__FED_EPA_GHGRP_FACILITY,BAMM_APPROVED,LIBRARY_RAW.LANDING.FED_EPA_GHGRP_FACILITY,raw_also_empty,raw_also_empty,136005,136005,0,0,
ENVIRONMENT,ENVIRONMENT__FED_EPA_GHGRP_FACILITY,RR_MONITORING_PLAN,LIBRARY_RAW.LANDING.FED_EPA_GHGRP_FACILITY,raw_also_empty,raw_also_empty,136005,136005,0,0,
ENVIRONMENT,ENVIRONMENT__FED_EPA_ICIS_AIR_ICIS_AIR_STACK_TESTS,POLLUTANT_DESCS,LIBRARY_RAW.LANDING.FED_EPA_ICIS_AIR_ICIS_AIR_STACK_TESTS,raw_also_empty,raw_also_empty,620302,620302,0,0,
ENVIRONMENT,ENVIRONMENT__FED_EPA_TRI_BASIC_2023,C_14_HORIZONTAL_DATUM,LIBRARY_RAW.LANDING.FED_EPA_TRI_BASIC_2023,raw_also_empty,raw_also_empty,78647,78647,0,0,
ENVIRONMENT,ENVIRONMENT__FED_EPA_TRI_BASIC_2023,C_24_PRIMARY_SIC,LIBRARY_RAW.LANDING.FED_EPA_TRI_BASIC_2023,raw_also_empty,raw_also_empty,78647,78647,0,0,
ENVIRONMENT,ENVIRONMENT__FED_EPA_TRI_BASIC_2023,C_25_SIC_2,LIBRARY_RAW.LANDING.FED_EPA_TRI_BASIC_2023,raw_also_empty,raw_also_empty,78647,78647,0,0,
ENVIRONMENT,ENVIRONMENT__FED_EPA_TRI_BASIC_2023,C_26_SIC_3,LIBRARY_RAW.LANDING.FED_EPA_TRI_BASIC_2023,raw_also_empty,raw_also_empty,78647,78647,0,0,
ENVIRONMENT,ENVIRONMENT__FED_EPA_TRI_BASIC_2023,C_27_SIC_4,LIBRARY_RAW.LANDING.FED_EPA_TRI_BASIC_2023,raw_also_empty,raw_also_empty,78647,78647,0,0,
ENVIRONMENT,ENVIRONMENT__FED_EPA_TRI_BASIC_2023,C_28_SIC_5,LIBRARY_RAW.LANDING.FED_EPA_TRI_BASIC_2023,raw_also_empty,raw_also_empty,78647,78647,0,0,
ENVIRONMENT,ENVIRONMENT__FED_EPA_TRI_BASIC_2023,C_29_SIC_6,LIBRARY_RAW.LANDING.FED_EPA_TRI_BASIC_2023,raw_also_empty,raw_also_empty,78647,78647,0,0,
ENVIRONMENT,ENVIRONMENT__FED_EPA_TRI_FACILITY,FRS_ID,LIBRARY_RAW.LANDING.FED_EPA_TRI_FACILITY,raw_also_empty,raw_also_empty,64990,64990,0,0,
ENVIRONMENT,ENVIRONMENT__FED_EPA_TRI_FACILITY,ASGN_TECHNICAL_CONTACT,LIBRARY_RAW.LANDING.FED_EPA_TRI_FACILITY,raw_also_empty,raw_also_empty,64990,64990,0,0,
ENVIRONMENT,ENVIRONMENT__FED_EPA_TRI_FACILITY,ASGN_TECHNICAL_PHONE,LIBRARY_RAW.LANDING.FED_EPA_TRI_FACILITY,raw_also_empty,raw_also_empty,64990,64990,0,0,
ENVIRONMENT,ENVIRONMENT__FED_EPA_TRI_FACILITY,ASGN_TECHNICAL_PHONE_EXT,LIBRARY_RAW.LANDING.FED_EPA_TRI_FACILITY,raw_also_empty,raw_also_empty,64990,64990,0,0,
ENVIRONMENT,ENVIRONMENT__FED_EPA_TRI_FACILITY,MAIL,LIBRARY_RAW.LANDING.FED_EPA_TRI_FACILITY,raw_also_empty,raw_also_empty,64990,64990,0,0,
ENVIRONMENT,ENVIRONMENT__FED_EPA_TRI_FACILITY,ASGN_TECHNICAL_CONTACT_EMAIL,LIBRARY_RAW.LANDING.FED_EPA_TRI_FACILITY,raw_also_empty,raw_also_empty,64990,64990,0,0,
ENVIRONMENT,ENVIRONMENT__FED_NOAA_WEATHER_API,STATION_ID,LIBRARY_RAW.LANDING.FED_NOAA_WEATHER_API,raw_also_empty,raw_also_empty,287,287,0,0,
ENVIRONMENT,ENVIRONMENT__FED_NOAA_WEATHER_API,TEMPERATURE,LIBRARY_RAW.LANDING.FED_NOAA_WEATHER_API,raw_also_empty,raw_also_empty,287,287,0,0,
ENVIRONMENT,ENVIRONMENT__FED_NOAA_WEATHER_API,WIND_SPEED,LIBRARY_RAW.LANDING.FED_NOAA_WEATHER_API,raw_also_empty,raw_also_empty,287,287,0,0,
ENVIRONMENT,ENVIRONMENT__FED_NOAA_WEATHER_API,WIND_DIRECTION,LIBRARY_RAW.LANDING.FED_NOAA_WEATHER_API,raw_also_empty,raw_also_empty,287,287,0,0,
ENVIRONMENT,ENVIRONMENT__FED_NOAA_WEATHER_API,TIMESTAMP,LIBRARY_RAW.LANDING.FED_NOAA_WEATHER_API,raw_also_empty,raw_also_empty,287,287,0,0,
ENVIRONMENT,ENVIRONMENT__FED_NOAA_WEATHER_API,FORECAST_OFFICE,LIBRARY_RAW.LANDING.FED_NOAA_WEATHER_API,raw_also_empty,raw_also_empty,287,287,0,0,
ENVIRONMENT,ENVIRONMENT__FED_NOAA_WEATHER_API,GRID_X,LIBRARY_RAW.LANDING.FED_NOAA_WEATHER_API,raw_also_empty,raw_also_empty,287,287,0,0,
ENVIRONMENT,ENVIRONMENT__FED_NOAA_WEATHER_API,GRID_Y,LIBRARY_RAW.LANDING.FED_NOAA_WEATHER_API,raw_also_empty,raw_also_empty,287,287,0,0,
ENVIRONMENT,ENVIRONMENT__FED_NOAA_WEATHER_API,LATITUDE,LIBRARY_RAW.LANDING.FED_NOAA_WEATHER_API,raw_also_empty,raw_also_empty,287,287,0,0,
ENVIRONMENT,ENVIRONMENT__FED_NOAA_WEATHER_API,LONGITUDE,LIBRARY_RAW.LANDING.FED_NOAA_WEATHER_API,raw_also_empty,raw_also_empty,287,287,0,0,
ENVIRONMENT,ENVIRONMENT__FED_NOAA_WEATHER_API,FIPS_CODE,LIBRARY_RAW.LANDING.FED_NOAA_WEATHER_API,raw_also_empty,raw_also_empty,287,287,0,0,
ENVIRONMENT,ENVIRONMENT__FED_NOAA_WEATHER_API,ZIP_CODE,LIBRARY_RAW.LANDING.FED_NOAA_WEATHER_API,raw_also_empty,raw_also_empty,287,287,0,0,
ENVIRONMENT,ENVIRONMENT__FED_USGS_MINERALS,FIPS,LIBRARY_RAW.LANDING.FED_USGS_MINERALS,raw_also_empty,raw_also_empty,304632,304632,0,0,
ENVIRONMENT,ENVIRONMENT__FED_USGS_MINERALS,COMMODITY,LIBRARY_RAW.LANDING.FED_USGS_MINERALS,raw_also_empty,raw_also_empty,304632,304632,0,0,
ENVIRONMENT,ENVIRONMENT__FED_USGS_MINERALS,YEAR,LIBRARY_RAW.LANDING.FED_USGS_MINERALS,raw_also_empty,raw_also_empty,304632,304632,0,0,
ENVIRONMENT,ENVIRONMENT__FED_USGS_MINERALS,PRODUCTION_QUANTITY,LIBRARY_RAW.LANDING.FED_USGS_MINERALS,raw_also_empty,raw_also_empty,304632,304632,0,0,
ENVIRONMENT,ENVIRONMENT__FED_USGS_MINERALS,PRODUCTION_UNIT,LIBRARY_RAW.LANDING.FED_USGS_MINERALS,raw_also_empty,raw_also_empty,304632,304632,0,0,
ENVIRONMENT,ENVIRONMENT__FED_USGS_MINERALS,RESERVES,LIBRARY_RAW.LANDING.FED_USGS_MINERALS,raw_also_empty,raw_also_empty,304632,304632,0,0,
ENVIRONMENT,ENVIRONMENT__FED_USGS_MINERALS,RANK,LIBRARY_RAW.LANDING.FED_USGS_MINERALS,raw_also_empty,raw_also_empty,304632,304632,0,0,
ENVIRONMENT,ENVIRONMENT__FED_USGS_MINERALS,IMPORT_RELIANCE_PCT,LIBRARY_RAW.LANDING.FED_USGS_MINERALS,raw_also_empty,raw_also_empty,304632,304632,0,0,
ENVIRONMENT,ENVIRONMENT__FED_USGS_MINERALS,US_STATE,LIBRARY_RAW.LANDING.FED_USGS_MINERALS,raw_also_empty,raw_also_empty,304632,304632,0,0,
ENVIRONMENT,ENVIRONMENT__FED_USGS_MINERALS,VALUE_USD,LIBRARY_RAW.LANDING.FED_USGS_MINERALS,raw_also_empty,raw_also_empty,304632,304632,0,0,
ENVIRONMENT,ENVIRONMENT__FED_USGS_MINERALS,DATA_SOURCE_NOTES,LIBRARY_RAW.LANDING.FED_USGS_MINERALS,raw_also_empty,raw_also_empty,304632,304632,0,0,
ENVIRONMENT,ENVIRONMENT__INTL_GEM_HAZARD,FIPS,LIBRARY_RAW.LANDING.INTL_GEM_HAZARD,raw_also_empty,raw_also_empty,12,12,0,0,
ENVIRONMENT,ENVIRONMENT__INTL_GEM_HAZARD,LATITUDE,LIBRARY_RAW.LANDING.INTL_GEM_HAZARD,raw_also_empty,raw_also_empty,12,12,0,0,
ENVIRONMENT,ENVIRONMENT__INTL_GEM_HAZARD,LONGITUDE,LIBRARY_RAW.LANDING.INTL_GEM_HAZARD,raw_also_empty,raw_also_empty,12,12,0,0,
ENVIRONMENT,ENVIRONMENT__INTL_GEM_HAZARD,PGA_10PCT_50YR,LIBRARY_RAW.LANDING.INTL_GEM_HAZARD,raw_also_empty,raw_also_empty,12,12,0,0,
ENVIRONMENT,ENVIRONMENT__INTL_GLOBAL_WITNESS_DEFENDERS,DEFENDER_NAME,LIBRARY_RAW.LANDING.INTL_GLOBAL_WITNESS_DEFENDERS,raw_also_empty,raw_also_empty,232,232,0,0,
ENVIRONMENT,ENVIRONMENT__INTL_GLOBAL_WITNESS_DEFENDERS,REGION,LIBRARY_RAW.LANDING.INTL_GLOBAL_WITNESS_DEFENDERS,raw_also_empty,raw_also_empty,232,232,0,0,
ENVIRONMENT,ENVIRONMENT__INTL_GLOBAL_WITNESS_DEFENDERS,GENDER,LIBRARY_RAW.LANDING.INTL_GLOBAL_WITNESS_DEFENDERS,raw_also_empty,raw_also_empty,232,232,0,0,
ENVIRONMENT,ENVIRONMENT__INTL_GLOBAL_WITNESS_DEFENDERS,PERPETRATOR,LIBRARY_RAW.LANDING.INTL_GLOBAL_WITNESS_DEFENDERS,raw_also_empty,raw_also_empty,232,232,0,0,
FINANCE,FINANCE__FED_IRS_SOI,N_CHILD_TAX_CREDIT,LIBRARY_RAW.LANDING.FED_IRS_SOI,raw_also_empty,raw_also_empty,179796,179796,0,0,
FINANCE,FINANCE__FED_PCAOB_FORM_AP_FILINGS,ISSUER_TICKER_NOT_AVAILABLE,LIBRARY_RAW.LANDING.FED_PCAOB_FORM_AP_FILINGS,raw_also_empty,raw_also_empty,155384,155384,0,0,
FINANCE,FINANCE__FED_SEC_INSIDER_DERIV_TRANS,TRANS_ACQUIRED_DISP_CD_FN,LIBRARY_RAW.LANDING.FED_SEC_INSIDER_DERIV_TRANS,raw_also_empty,raw_also_empty,1049121,1049121,0,0,
GOVERNMENT_RECORDS,GOVERNMENT_RECORDS__FED_NARA_AAD,RECORD_ID,LIBRARY_RAW.LANDING.FED_NARA_AAD,raw_also_empty,raw_also_empty,9,554,0,0,
GOVERNMENT_RECORDS,GOVERNMENT_RECORDS__FED_NARA_AAD,PERSON_NAME,LIBRARY_RAW.LANDING.FED_NARA_AAD,raw_also_empty,raw_also_empty,9,554,0,0,
GOVERNMENT_RECORDS,GOVERNMENT_RECORDS__FED_NARA_AAD,GEO_LOCATION,LIBRARY_RAW.LANDING.FED_NARA_AAD,raw_also_empty,raw_also_empty,9,554,0,0,
GOVERNMENT_RECORDS,GOVERNMENT_RECORDS__FED_NARA_AAD,DATASET_NAME,LIBRARY_RAW.LANDING.FED_NARA_AAD,raw_also_empty,raw_also_empty,9,554,0,0,
GOVERNMENT_RECORDS,GOVERNMENT_RECORDS__FED_NARA_AAD,SERIES_TITLE,LIBRARY_RAW.LANDING.FED_NARA_AAD,raw_also_empty,raw_also_empty,9,554,0,0,
HEALTH,HEALTH__FED_CMS_HOME_HEALTH_AGENCY_ENROLLMENTS,LOCATION_OTHER_TYPE_TEXT,LIBRARY_RAW.LANDING.FED_CMS_HOME_HEALTH_AGENCY_ENROLLMENTS,raw_also_empty,raw_also_empty,11508,11508,0,0,
HEALTH,HEALTH__FED_CMS_HOSPICE,ADDRESS_LINE_2,LIBRARY_RAW.LANDING.FED_CMS_HOSPICE,raw_also_empty,raw_also_empty,6852,6852,0,0,
HEALTH,HEALTH__FED_CMS_MAIN,NPI,LIBRARY_RAW.LANDING.FED_CMS_MAIN,raw_also_empty,raw_also_empty,158,158,0,0,
HEALTH,HEALTH__FED_CMS_MAIN,FIPS,LIBRARY_RAW.LANDING.FED_CMS_MAIN,raw_also_empty,raw_also_empty,158,158,0,0,
HEALTH,HEALTH__FED_CMS_MAIN,ZIP,LIBRARY_RAW.LANDING.FED_CMS_MAIN,raw_also_empty,raw_also_empty,158,158,0,0,
HEALTH,HEALTH__FED_CMS_MARKETPLACE_PLAN_ATTRIBUTES_PUF,CHILDONLYPLANID,LIBRARY_RAW.LANDING.FED_CMS_MARKETPLACE_PLAN_ATTRIBUTES_PUF,raw_also_empty,raw_also_empty,22059,22059,0,0,
HEALTH,HEALTH__FED_CMS_MARKETPLACE_PLAN_ATTRIBUTES_PUF,DEHBOUTOFNETINDIVIDUALMOOP,LIBRARY_RAW.LANDING.FED_CMS_MARKETPLACE_PLAN_ATTRIBUTES_PUF,raw_also_empty,raw_also_empty,22059,22059,0,0,
HEALTH,HEALTH__FED_CMS_MARKETPLACE_PLAN_ATTRIBUTES_PUF,DEHBOUTOFNETFAMILYPERPERSONMOOP,LIBRARY_RAW.LANDING.FED_CMS_MARKETPLACE_PLAN_ATTRIBUTES_PUF,raw_also_empty,raw_also_empty,22059,22059,0,0,
HEALTH,HEALTH__FED_CMS_MARKETPLACE_PLAN_ATTRIBUTES_PUF,DEHBOUTOFNETFAMILYPERGROUPMOOP,LIBRARY_RAW.LANDING.FED_CMS_MARKETPLACE_PLAN_ATTRIBUTES_PUF,raw_also_empty,raw_also_empty,22059,22059,0,0,
HEALTH,HEALTH__FED_CMS_MARKETPLACE_PLAN_ATTRIBUTES_PUF,DEHBCOMBINNOONINDIVIDUALMOOP,LIBRARY_RAW.LANDING.FED_CMS_MARKETPLACE_PLAN_ATTRIBUTES_PUF,raw_also_empty,raw_also_empty,22059,22059,0,0,
HEALTH,HEALTH__FED_CMS_MARKETPLACE_PLAN_ATTRIBUTES_PUF,DEHBCOMBINNOONFAMILYPERPERSONMOOP,LIBRARY_RAW.LANDING.FED_CMS_MARKETPLACE_PLAN_ATTRIBUTES_PUF,raw_also_empty,raw_also_empty,22059,22059,0,0,
HEALTH,HEALTH__FED_CMS_MARKETPLACE_PLAN_ATTRIBUTES_PUF,DEHBCOMBINNOONFAMILYPERGROUPMOOP,LIBRARY_RAW.LANDING.FED_CMS_MARKETPLACE_PLAN_ATTRIBUTES_PUF,raw_also_empty,raw_also_empty,22059,22059,0,0,
HEALTH,HEALTH__FED_CMS_MARKETPLACE_PLAN_ATTRIBUTES_PUF,HSAORHRAEMPLOYERCONTRIBUTIONAMOUNT,LIBRARY_RAW.LANDING.FED_CMS_MARKETPLACE_PLAN_ATTRIBUTES_PUF,raw_also_empty,raw_also_empty,22059,22059,0,0,
HEALTH,HEALTH__FED_CMS_NPPES,NPI_DEACTIVATION_REASON_CODE,LIBRARY_RAW.LANDING.FED_CMS_NPPES,raw_also_empty,raw_also_empty,9606683,9606683,0,0,
HEALTH,HEALTH__FED_CMS_NPPES,OTHER_PROVIDER_IDENTIFIER_ISSUER_43,LIBRARY_RAW.LANDING.FED_CMS_NPPES,raw_also_empty,SOURCE_THIN,9606683,9606683,21,21,
HEALTH,HEALTH__FED_CMS_NPPES,OTHER_PROVIDER_IDENTIFIER_ISSUER_44,LIBRARY_RAW.LANDING.FED_CMS_NPPES,raw_also_empty,SOURCE_THIN,9606683,9606683,20,20,
HEALTH,HEALTH__FED_CMS_NPPES,OTHER_PROVIDER_IDENTIFIER_ISSUER_45,LIBRARY_RAW.LANDING.FED_CMS_NPPES,raw_also_empty,SOURCE_THIN,9606683,9606683,21,21,
HEALTH,HEALTH__FED_CMS_NPPES,OTHER_PROVIDER_IDENTIFIER_ISSUER_46,LIBRARY_RAW.LANDING.FED_CMS_NPPES,raw_also_empty,SOURCE_THIN,9606683,9606683,20,20,
HEALTH,HEALTH__FED_CMS_NPPES,OTHER_PROVIDER_IDENTIFIER_ISSUER_47,LIBRARY_RAW.LANDING.FED_CMS_NPPES,raw_also_empty,SOURCE_THIN,9606683,9606683,19,19,
HEALTH,HEALTH__FED_CMS_NPPES,OTHER_PROVIDER_IDENTIFIER_ISSUER_48,LIBRARY_RAW.LANDING.FED_CMS_NPPES,raw_also_empty,SOURCE_THIN,9606683,9606683,16,16,
HEALTH,HEALTH__FED_CMS_NPPES,OTHER_PROVIDER_IDENTIFIER_ISSUER_49,LIBRARY_RAW.LANDING.FED_CMS_NPPES,raw_also_empty,SOURCE_THIN,9606683,9606683,14,14,
HEALTH,HEALTH__FED_CMS_NPPES,OTHER_PROVIDER_IDENTIFIER_50,LIBRARY_RAW.LANDING.FED_CMS_NPPES,raw_also_empty,SOURCE_THIN,9606683,9606683,18,18,
HEALTH,HEALTH__FED_CMS_NPPES,OTHER_PROVIDER_IDENTIFIER_TYPE_CODE_50,LIBRARY_RAW.LANDING.FED_CMS_NPPES,raw_also_empty,SOURCE_THIN,9606683,9606683,18,18,
HEALTH,HEALTH__FED_CMS_NPPES,OTHER_PROVIDER_IDENTIFIER_STATE_50,LIBRARY_RAW.LANDING.FED_CMS_NPPES,raw_also_empty,SOURCE_THIN,9606683,9606683,16,16,
HEALTH,HEALTH__FED_CMS_NPPES,OTHER_PROVIDER_IDENTIFIER_ISSUER_50,LIBRARY_RAW.LANDING.FED_CMS_NPPES,raw_also_empty,SOURCE_THIN,9606683,9606683,13,13,
HEALTH,HEALTH__FED_CMS_NURSING_HOME,PROVIDER_NUMBER,LIBRARY_RAW.LANDING.FED_CMS_NURSING_HOME,raw_also_empty,raw_also_empty,14700,14700,0,0,
HEALTH,HEALTH__FED_CMS_NURSING_HOME,COUNTY_FIPS,LIBRARY_RAW.LANDING.FED_CMS_NURSING_HOME,raw_also_empty,raw_also_empty,14700,14700,0,0,
HEALTH,HEALTH__FED_CMS_NURSING_HOME,DATE_OF_MOST_RECENT_HEALTH_INSPECTION,LIBRARY_RAW.LANDING.FED_CMS_NURSING_HOME,raw_also_empty,raw_also_empty,14700,14700,0,0,
HEALTH,HEALTH__FED_CMS_NURSING_HOME,NUMBER_OF_RESIDENTS_IN_CERTIFIED_BEDS,LIBRARY_RAW.LANDING.FED_CMS_NURSING_HOME,raw_also_empty,raw_also_empty,14700,14700,0,0,
HEALTH,HEALTH__FED_CMS_NURSING_HOME,TOTAL_NUMBER_OF_HEALTH_DEFICIENCIES,LIBRARY_RAW.LANDING.FED_CMS_NURSING_HOME,raw_also_empty,raw_also_empty,14700,14700,0,0,
HEALTH,HEALTH__FED_CMS_NURSING_HOME,TOTAL_NUMBER_OF_FIRE_SAFETY_DEFICIENCIES,LIBRARY_RAW.LANDING.FED_CMS_NURSING_HOME,raw_also_empty,raw_also_empty,14700,14700,0,0,
HEALTH,HEALTH__FED_CMS_POS_OTHER,LAB_SRVC_CD,LIBRARY_RAW.LANDING.FED_CMS_POS_OTHER,raw_also_empty,raw_also_empty,44429,44429,0,0,
HEALTH,HEALTH__FED_CMS_POS_OTHER,RDLGY_SRVC_CD,LIBRARY_RAW.LANDING.FED_CMS_POS_OTHER,raw_also_empty,raw_also_empty,44429,44429,0,0,
HEALTH,HEALTH__FED_CMS_POS_OTHER,ASC_BGN_SRVC_DT,LIBRARY_RAW.LANDING.FED_CMS_POS_OTHER,raw_also_empty,raw_also_empty,44429,44429,0,0,
HEALTH,HEALTH__FED_CMS_POS_OTHER,FREESTNDNG_ASC_SW,LIBRARY_RAW.LANDING.FED_CMS_POS_OTHER,raw_also_empty,raw_also_empty,44429,44429,0,0,
HEALTH,HEALTH__FED_CMS_POS_OTHER,ICFIID_BED_CNT,LIBRARY_RAW.LANDING.FED_CMS_POS_OTHER,raw_also_empty,raw_also_empty,44429,44429,0,0,
HEALTH,HEALTH__FED_CMS_POS_OTHER,MDCD_NF_BED_CNT,LIBRARY_RAW.LANDING.FED_CMS_POS_OTHER,raw_also_empty,raw_also_empty,44429,44429,0,0,
HEALTH,HEALTH__FED_CMS_POS_OTHER,MDCR_SNF_BED_CNT,LIBRARY_RAW.LANDING.FED_CMS_POS_OTHER,raw_also_empty,raw_also_empty,44429,44429,0,0,
HEALTH,HEALTH__FED_CMS_POS_OTHER,MDCR_MDCD_SNF_BED_CNT,LIBRARY_RAW.LANDING.FED_CMS_POS_OTHER,raw_also_empty,raw_also_empty,44429,44429,0,0,
HEALTH,HEALTH__FED_CMS_POS_OTHER,AIDS_BED_CNT,LIBRARY_RAW.LANDING.FED_CMS_POS_OTHER,raw_also_empty,raw_also_empty,44429,44429,0,0,
HEALTH,HEALTH__FED_CMS_POS_OTHER,ALZHMR_BED_CNT,LIBRARY_RAW.LANDING.FED_CMS_POS_OTHER,raw_also_empty,raw_also_empty,44429,44429,0,0,
HEALTH,HEALTH__FED_CMS_POS_OTHER,DLYS_BED_CNT,LIBRARY_RAW.LANDING.FED_CMS_POS_OTHER,raw_also_empty,raw_also_empty,44429,44429,0,0,
HEALTH,HEALTH__FED_CMS_POS_OTHER,DSBL_CHLDRN_BED_CNT,LIBRARY_RAW.LANDING.FED_CMS_POS_OTHER,raw_also_empty,raw_also_empty,44429,44429,0,0,
HEALTH,HEALTH__FED_CMS_POS_OTHER,HEAD_TRMA_BED_CNT,LIBRARY_RAW.LANDING.FED_CMS_POS_OTHER,raw_also_empty,raw_also_empty,44429,44429,0,0,
HEALTH,HEALTH__FED_CMS_POS_OTHER,HOSPC_BED_CNT,LIBRARY_RAW.LANDING.FED_CMS_POS_OTHER,raw_also_empty,raw_also_empty,44429,44429,0,0,
HEALTH,HEALTH__FED_CMS_POS_OTHER,HNTGTN_DEASE_BED_CNT,LIBRARY_RAW.LANDING.FED_CMS_POS_OTHER,raw_also_empty,raw_also_empty,44429,44429,0,0,
HEALTH,HEALTH__FED_CMS_POS_OTHER,REHAB_BED_CNT,LIBRARY_RAW.LANDING.FED_CMS_POS_OTHER,raw_also_empty,raw_also_empty,44429,44429,0,0,
HEALTH,HEALTH__FED_CMS_POS_OTHER,VNTLTR_BED_CNT,LIBRARY_RAW.LANDING.FED_CMS_POS_OTHER,raw_also_empty,raw_also_empty,44429,44429,0,0,
HEALTH,HEALTH__FED_CMS_POS_OTHER,BRNCH_CNT,LIBRARY_RAW.LANDING.FED_CMS_POS_OTHER,raw_also_empty,raw_also_empty,44429,44429,0,0,
HEALTH,HEALTH__FED_CMS_POS_OTHER,BRNCH_OPRTN_SW,LIBRARY_RAW.LANDING.FED_CMS_POS_OTHER,raw_also_empty,raw_also_empty,44429,44429,0,0,
HEALTH,HEALTH__FED_CMS_POS_OTHER,CHOW_SW,LIBRARY_RAW.LANDING.FED_CMS_POS_OTHER,raw_also_empty,raw_also_empty,44429,44429,0,0,
HEALTH,HEALTH__FED_CMS_POS_OTHER,RN_7_DAY_WVR_SW,LIBRARY_RAW.LANDING.FED_CMS_POS_OTHER,raw_also_empty,raw_also_empty,44429,44429,0,0,
HEALTH,HEALTH__FED_CMS_POS_OTHER,BED_PER_ROOM_WVR_SW,LIBRARY_RAW.LANDING.FED_CMS_POS_OTHER,raw_also_empty,raw_also_empty,44429,44429,0,0,
HEALTH,HEALTH__FED_CMS_POS_OTHER,ROOM_SIZE_WVR_SW,LIBRARY_RAW.LANDING.FED_CMS_POS_OTHER,raw_also_empty,raw_also_empty,44429,44429,0,0,
HEALTH,HEALTH__FED_CMS_POS_OTHER,ESRD_NTWRK_NUM,LIBRARY_RAW.LANDING.FED_CMS_POS_OTHER,raw_also_empty,raw_also_empty,44429,44429,0,0,
HEALTH,HEALTH__FED_CMS_POS_OTHER,EXPRMT_RSRCH_CNDCTD_SW,LIBRARY_RAW.LANDING.FED_CMS_POS_OTHER,raw_also_empty,raw_also_empty,44429,44429,0,0,
HEALTH,HEALTH__FED_CMS_POS_OTHER,HHA_QLFYD_OPT_SPCH_SW,LIBRARY_RAW.LANDING.FED_CMS_POS_OTHER,raw_also_empty,raw_also_empty,44429,44429,0,0,
HEALTH,HEALTH__FED_CMS_POS_OTHER,HH_AIDE_TRNG_PGM_CD,LIBRARY_RAW.LANDING.FED_CMS_POS_OTHER,raw_also_empty,raw_also_empty,44429,44429,0,0,
HEALTH,HEALTH__FED_CMS_POS_OTHER,HOME_TRNG_SPRT_ONLY_SRVC_SW,LIBRARY_RAW.LANDING.FED_CMS_POS_OTHER,raw_also_empty,raw_also_empty,44429,44429,0,0,
HEALTH,HEALTH__FED_CMS_POS_OTHER,MDCR_HOSPC_SW,LIBRARY_RAW.LANDING.FED_CMS_POS_OTHER,raw_also_empty,raw_also_empty,44429,44429,0,0,
HEALTH,HEALTH__FED_CMS_POS_OTHER,INCNTR_NCTRNL_SRVC_SW,LIBRARY_RAW.LANDING.FED_CMS_POS_OTHER,raw_also_empty,raw_also_empty,44429,44429,0,0,
HEALTH,HEALTH__FED_CMS_POS_OTHER,LTC_CROSS_REF_PROVIDER_NUMBER,LIBRARY_RAW.LANDING.FED_CMS_POS_OTHER,raw_also_empty,raw_also_empty,44429,44429,0,0,
HEALTH,HEALTH__FED_CMS_POS_OTHER,MEDICARE_HOSPICE_PROVIDER_NUM,LIBRARY_RAW.LANDING.FED_CMS_POS_OTHER,raw_also_empty,raw_also_empty,44429,44429,0,0,
HEALTH,HEALTH__FED_CMS_POS_OTHER,MEDICARE_MEDICAID_PRVDR_NUMBER,LIBRARY_RAW.LANDING.FED_CMS_POS_OTHER,raw_also_empty,raw_also_empty,44429,44429,0,0,
HEALTH,HEALTH__FED_CMS_POS_OTHER,MLT_FAC_ORG_NAME,LIBRARY_RAW.LANDING.FED_CMS_POS_OTHER,raw_also_empty,raw_also_empty,44429,44429,0,0,
HEALTH,HEALTH__FED_CMS_POS_OTHER,MLT_OWND_FAC_ORG_SW,LIBRARY_RAW.LANDING.FED_CMS_POS_OTHER,raw_also_empty,raw_also_empty,44429,44429,0,0,
HEALTH,HEALTH__FED_CMS_POS_OTHER,NCRY_PRVDR_LOST_DT,LIBRARY_RAW.LANDING.FED_CMS_POS_OTHER,raw_also_empty,raw_also_empty,44429,44429,0,0,
HEALTH,HEALTH__FED_CMS_POS_OTHER,ORGNZ_FMLY_MBR_GRP_SW,LIBRARY_RAW.LANDING.FED_CMS_POS_OTHER,raw_also_empty,raw_also_empty,44429,44429,0,0,
HEALTH,HEALTH__FED_CMS_POS_OTHER,ORGNZ_RSDNT_GRP_SW,LIBRARY_RAW.LANDING.FED_CMS_POS_OTHER,raw_also_empty,raw_also_empty,44429,44429,0,0,
HEALTH,HEALTH__FED_CMS_POS_OTHER,MDCR_PRTCPTN_OP_PT_SPCH_SW,LIBRARY_RAW.LANDING.FED_CMS_POS_OTHER,raw_also_empty,raw_also_empty,44429,44429,0,0,
HEALTH,HEALTH__FED_CMS_POS_OTHER,PRVDR_BSD_FAC_SW,LIBRARY_RAW.LANDING.FED_CMS_POS_OTHER,raw_also_empty,raw_also_empty,44429,44429,0,0,
HEALTH,HEALTH__FED_CMS_POS_OTHER,HH_AIDE_SRVC_CD,LIBRARY_RAW.LANDING.FED_CMS_POS_OTHER,raw_also_empty,raw_also_empty,44429,44429,0,0,
HEALTH,HEALTH__FED_CMS_POS_OTHER,APLNC_EQUIP_SRVC_CD,LIBRARY_RAW.LANDING.FED_CMS_POS_OTHER,raw_also_empty,raw_also_empty,44429,44429,0,0,
HEALTH,HEALTH__FED_CMS_POS_OTHER,BLOOD_SRVC_OFSITE_RSDNT_SW,LIBRARY_RAW.LANDING.FED_CMS_POS_OTHER,raw_also_empty,raw_also_empty,44429,44429,0,0,
HEALTH,HEALTH__FED_CMS_POS_OTHER,BLOOD_SRVC_ONST_NRSDNT_SW,LIBRARY_RAW.LANDING.FED_CMS_POS_OTHER,raw_also_empty,raw_also_empty,44429,44429,0,0,
HEALTH,HEALTH__FED_CMS_POS_OTHER,BLOOD_SRVC_ONST_RSDNT_SW,LIBRARY_RAW.LANDING.FED_CMS_POS_OTHER,raw_also_empty,raw_also_empty,44429,44429,0,0,
HEALTH,HEALTH__FED_CMS_POS_OTHER,CL_SRVC_OFSITE_RSDNT_SW,LIBRARY_RAW.LANDING.FED_CMS_POS_OTHER,raw_also_empty,raw_also_empty,44429,44429,0,0,
HEALTH,HEALTH__FED_CMS_POS_OTHER,CL_SRVC_ONST_NRSDNT_SW,LIBRARY_RAW.LANDING.FED_CMS_POS_OTHER,raw_also_empty,raw_also_empty,44429,44429,0,0,
HEALTH,HEALTH__FED_CMS_POS_OTHER,CL_SRVC_ONST_RSDNT_SW,LIBRARY_RAW.LANDING.FED_CMS_POS_OTHER,raw_also_empty,raw_also_empty,44429,44429,0,0,
HEALTH,HEALTH__FED_CMS_POS_OTHER,CNSLNG_SRVC_CD,LIBRARY_RAW.LANDING.FED_CMS_POS_OTHER,raw_also_empty,raw_also_empty,44429,44429,0,0,
HEALTH,HEALTH__FED_CMS_POS_OTHER,DNTL_SRVC_OFSITE_RSDNT_SW,LIBRARY_RAW.LANDING.FED_CMS_POS_OTHER,raw_also_empty,raw_also_empty,44429,44429,0,0,
HEALTH,HEALTH__FED_CMS_POS_OTHER,DNTL_SRVC_ONST_NRSDNT_SW,LIBRARY_RAW.LANDING.FED_CMS_POS_OTHER,raw_also_empty,raw_also_empty,44429,44429,0,0,
HEALTH,HEALTH__FED_CMS_POS_OTHER,DNTL_SRVC_ONST_RSDNT_SW,LIBRARY_RAW.LANDING.FED_CMS_POS_OTHER,raw_also_empty,raw_also_empty,44429,44429,0,0,
HEALTH,HEALTH__FED_CMS_POS_OTHER,DTRY_OFSITE_RSDNT_SW,LIBRARY_RAW.LANDING.FED_CMS_POS_OTHER,raw_also_empty,raw_also_empty,44429,44429,0,0,
HEALTH,HEALTH__FED_CMS_POS_OTHER,DTRY_ONST_NRSDNT_SW,LIBRARY_RAW.LANDING.FED_CMS_POS_OTHER,raw_also_empty,raw_also_empty,44429,44429,0,0,
HEALTH,HEALTH__FED_CMS_POS_OTHER,DTRY_ONST_RSDNT_SW,LIBRARY_RAW.LANDING.FED_CMS_POS_OTHER,raw_also_empty,raw_also_empty,44429,44429,0,0,
HEALTH,HEALTH__FED_CMS_POS_OTHER,SP_HOME_TRNG_SPRT_HD_SW,LIBRARY_RAW.LANDING.FED_CMS_POS_OTHER,raw_also_empty,raw_also_empty,44429,44429,0,0,
HEALTH,HEALTH__FED_CMS_POS_OTHER,HMDLYS_SRVC_SW,LIBRARY_RAW.LANDING.FED_CMS_POS_OTHER,raw_also_empty,raw_also_empty,44429,44429,0,0,
HEALTH,HEALTH__FED_CMS_POS_OTHER,HMMKR_SRVC_CD,LIBRARY_RAW.LANDING.FED_CMS_POS_OTHER,raw_also_empty,raw_also_empty,44429,44429,0,0,
HEALTH,HEALTH__FED_CMS_POS_OTHER,HSEKPNG_SRVC_OFSITE_RSDNT_SW,LIBRARY_RAW.LANDING.FED_CMS_POS_OTHER,raw_also_empty,raw_also_empty,44429,44429,0,0,
HEALTH,HEALTH__FED_CMS_POS_OTHER,HSEKPNG_SRVC_ONST_NRSDNT_SW,LIBRARY_RAW.LANDING.FED_CMS_POS_OTHER,raw_also_empty,raw_also_empty,44429,44429,0,0,
HEALTH,HEALTH__FED_CMS_POS_OTHER,HSEKPNG_SRVC_ONST_RSDNT_SW,LIBRARY_RAW.LANDING.FED_CMS_POS_OTHER,raw_also_empty,raw_also_empty,44429,44429,0,0,
HEALTH,HEALTH__FED_CMS_POS_OTHER,INTRN_RSDNT_SRVC_CD,LIBRARY_RAW.LANDING.FED_CMS_POS_OTHER,raw_also_empty,raw_also_empty,44429,44429,0,0,
HEALTH,HEALTH__FED_CMS_POS_OTHER,MDCL_SCL_SRVC_CD,LIBRARY_RAW.LANDING.FED_CMS_POS_OTHER,raw_also_empty,raw_also_empty,44429,44429,0,0,
HEALTH,HEALTH__FED_CMS_POS_OTHER,MDCL_SUPLY_SRVC_CD,LIBRARY_RAW.LANDING.FED_CMS_POS_OTHER,raw_also_empty,raw_also_empty,44429,44429,0,0,
HEALTH,HEALTH__FED_CMS_POS_OTHER,MENTL_HLTH_OFSITE_RSDNT_SW,LIBRARY_RAW.LANDING.FED_CMS_POS_OTHER,raw_also_empty,raw_also_empty,44429,44429,0,0,
HEALTH,HEALTH__FED_CMS_POS_OTHER,MENTL_HLTH_ONST_NRSDNT_SW,LIBRARY_RAW.LANDING.FED_CMS_POS_OTHER,raw_also_empty,raw_also_empty,44429,44429,0,0,
HEALTH,HEALTH__FED_CMS_POS_OTHER,MENTL_HLTH_ONST_RSDNT_SW,LIBRARY_RAW.LANDING.FED_CMS_POS_OTHER,raw_also_empty,raw_also_empty,44429,44429,0,0,
HEALTH,HEALTH__FED_CMS_POS_OTHER,NRSNG_SRVC_EMPLEE_SW,LIBRARY_RAW.LANDING.FED_CMS_POS_OTHER,raw_also_empty,raw_also_empty,44429,44429,0,0,
HEALTH,HEALTH__FED_CMS_POS_OTHER,NRSNG_SRVC_CNTRCTR_SW,LIBRARY_RAW.LANDING.FED_CMS_POS_OTHER,raw_also_empty,raw_also_empty,44429,44429,0,0,
HEALTH,HEALTH__FED_CMS_POS_OTHER,NRSNG_SRVC_ARNGMT_SW,LIBRARY_RAW.LANDING.FED_CMS_POS_OTHER,raw_also_empty,raw_also_empty,44429,44429,0,0,
HEALTH,HEALTH__FED_CMS_POS_OTHER,NRSNG_SRVC_CD,LIBRARY_RAW.LANDING.FED_CMS_POS_OTHER,raw_also_empty,raw_also_empty,44429,44429,0,0,
HEALTH,HEALTH__FED_CMS_POS_OTHER,NRSNG_SRVC_OFSITE_RSDNT_SW,LIBRARY_RAW.LANDING.FED_CMS_POS_OTHER,raw_also_empty,raw_also_empty,44429,44429,0,0,
HEALTH,HEALTH__FED_CMS_POS_OTHER,NRSNG_SRVC_ONST_NRSDNT_SW,LIBRARY_RAW.LANDING.FED_CMS_POS_OTHER,raw_also_empty,raw_also_empty,44429,44429,0,0,
HEALTH,HEALTH__FED_CMS_POS_OTHER,NRSNG_SRVC_ONST_RSDNT_SW,LIBRARY_RAW.LANDING.FED_CMS_POS_OTHER,raw_also_empty,raw_also_empty,44429,44429,0,0,
HEALTH,HEALTH__FED_CMS_POS_OTHER,NTRTNL_GDNC_SRVC_CD,LIBRARY_RAW.LANDING.FED_CMS_POS_OTHER,raw_also_empty,raw_also_empty,44429,44429,0,0,
HEALTH,HEALTH__FED_CMS_POS_OTHER,ORTHTC_PRSTHTC_EMPLEE_SW,LIBRARY_RAW.LANDING.FED_CMS_POS_OTHER,raw_also_empty,raw_also_empty,44429,44429,0,0,
HEALTH,HEALTH__FED_CMS_POS_OTHER,ORTHTC_PRSTHTC_CNTRCTR_SW,LIBRARY_RAW.LANDING.FED_CMS_POS_OTHER,raw_also_empty,raw_also_empty,44429,44429,0,0,
HEALTH,HEALTH__FED_CMS_POS_OTHER,ORTHTC_PRSTHTC_ARNGMT_SW,LIBRARY_RAW.LANDING.FED_CMS_POS_OTHER,raw_also_empty,raw_also_empty,44429,44429,0,0,
HEALTH,HEALTH__FED_CMS_POS_OTHER,OT_EMPLEE_SW,LIBRARY_RAW.LANDING.FED_CMS_POS_OTHER,raw_also_empty,raw_also_empty,44429,44429,0,0,
HEALTH,HEALTH__FED_CMS_POS_OTHER,OT_CNTRCTR_SW,LIBRARY_RAW.LANDING.FED_CMS_POS_OTHER,raw_also_empty,raw_also_empty,44429,44429,0,0,
HEALTH,HEALTH__FED_CMS_POS_OTHER,OT_ARNGMT_SW,LIBRARY_RAW.LANDING.FED_CMS_POS_OTHER,raw_also_empty,raw_also_empty,44429,44429,0,0,
HEALTH,HEALTH__FED_CMS_POS_OTHER,OT_SRVC_OFSITE_RSDNT_SW,LIBRARY_RAW.LANDING.FED_CMS_POS_OTHER,raw_also_empty,raw_also_empty,44429,44429,0,0,
HEALTH,HEALTH__FED_CMS_POS_OTHER,OT_SRVC_ONST_NRSDNT_SW,LIBRARY_RAW.LANDING.FED_CMS_POS_OTHER,raw_also_empty,raw_also_empty,44429,44429,0,0,
HEALTH,HEALTH__FED_CMS_POS_OTHER,OT_SRVC_ONST_RSDNT_SW,LIBRARY_RAW.LANDING.FED_CMS_POS_OTHER,raw_also_empty,raw_also_empty,44429,44429,0,0,
HEALTH,HEALTH__FED_CMS_POS_OTHER,OTHR_SRVC_CD,LIBRARY_RAW.LANDING.FED_CMS_POS_OTHER,raw_also_empty,raw_also_empty,44429,44429,0,0,
HEALTH,HEALTH__FED_CMS_POS_OTHER,SP_HOME_TRNG_SPRT_PD_SW,LIBRARY_RAW.LANDING.FED_CMS_POS_OTHER,raw_also_empty,raw_also_empty,44429,44429,0,0,
HEALTH,HEALTH__FED_CMS_POS_OTHER,PRTNL_DLYS_SRVC_SW,LIBRARY_RAW.LANDING.FED_CMS_POS_OTHER,raw_also_empty,raw_also_empty,44429,44429,0,0,
HEALTH,HEALTH__FED_CMS_POS_OTHER,PHRMCY_SRVC_OFSITE_RSDNT_SW,LIBRARY_RAW.LANDING.FED_CMS_POS_OTHER,raw_also_empty,raw_also_empty,44429,44429,0,0,
HEALTH,HEALTH__FED_CMS_POS_OTHER,PHRMCY_SRVC_ONST_NRSDNT_SW,LIBRARY_RAW.LANDING.FED_CMS_POS_OTHER,raw_also_empty,raw_also_empty,44429,44429,0,0,
HEALTH,HEALTH__FED_CMS_POS_OTHER,PHRMCY_SRVC_ONST_RSDNT_SW,LIBRARY_RAW.LANDING.FED_CMS_POS_OTHER,raw_also_empty,raw_also_empty,44429,44429,0,0,
HEALTH,HEALTH__FED_CMS_POS_OTHER,PHYSN_EMPLEE_SW,LIBRARY_RAW.LANDING.FED_CMS_POS_OTHER,raw_also_empty,raw_also_empty,44429,44429,0,0,
HEALTH,HEALTH__FED_CMS_POS_OTHER,PHYSN_CNTRCTR_SW,LIBRARY_RAW.LANDING.FED_CMS_POS_OTHER,raw_also_empty,raw_also_empty,44429,44429,0,0,
HEALTH,HEALTH__FED_CMS_POS_OTHER,PHYSN_ARNGMT_SW,LIBRARY_RAW.LANDING.FED_CMS_POS_OTHER,raw_also_empty,raw_also_empty,44429,44429,0,0,
HEALTH,HEALTH__FED_CMS_POS_OTHER,PHYSN_SRVC_CD,LIBRARY_RAW.LANDING.FED_CMS_POS_OTHER,raw_also_empty,raw_also_empty,44429,44429,0,0,
HEALTH,HEALTH__FED_CMS_POS_OTHER,PHYSN_EXT_SRVC_OFSITE_RSDNT_SW,LIBRARY_RAW.LANDING.FED_CMS_POS_OTHER,raw_also_empty,raw_also_empty,44429,44429,0,0,
HEALTH,HEALTH__FED_CMS_POS_OTHER,PHYSN_EXT_SRVC_ONST_NRSDNT_SW,LIBRARY_RAW.LANDING.FED_CMS_POS_OTHER,raw_also_empty,raw_also_empty,44429,44429,0,0,
HEALTH,HEALTH__FED_CMS_POS_OTHER,PHYSN_EXT_SRVC_ONST_RSDNT_SW,LIBRARY_RAW.LANDING.FED_CMS_POS_OTHER,raw_also_empty,raw_also_empty,44429,44429,0,0,
HEALTH,HEALTH__FED_CMS_POS_OTHER,PHYSN_SRVC_OFSITE_RSDNT_SW,LIBRARY_RAW.LANDING.FED_CMS_POS_OTHER,raw_also_empty,raw_also_empty,44429,44429,0,0,
HEALTH,HEALTH__FED_CMS_POS_OTHER,PHYSN_SRVC_ONST_NRSDNT_SW,LIBRARY_RAW.LANDING.FED_CMS_POS_OTHER,raw_also_empty,raw_also_empty,44429,44429,0,0,
HEALTH,HEALTH__FED_CMS_POS_OTHER,PHYSN_SRVC_ONST_RSDNT_SW,LIBRARY_RAW.LANDING.FED_CMS_POS_OTHER,raw_also_empty,raw_also_empty,44429,44429,0,0,
HEALTH,HEALTH__FED_CMS_POS_OTHER,PDTRY_SRVC_OFSITE_RSDNT_SW,LIBRARY_RAW.LANDING.FED_CMS_POS_OTHER,raw_also_empty,raw_also_empty,44429,44429,0,0,
HEALTH,HEALTH__FED_CMS_POS_OTHER,PDTRY_SRVC_ONST_NRSDNT_SW,LIBRARY_RAW.LANDING.FED_CMS_POS_OTHER,raw_also_empty,raw_also_empty,44429,44429,0,0,
HEALTH,HEALTH__FED_CMS_POS_OTHER,PDTRY_SRVC_ONST_RSDNT_SW,LIBRARY_RAW.LANDING.FED_CMS_POS_OTHER,raw_also_empty,raw_also_empty,44429,44429,0,0,
HEALTH,HEALTH__FED_CMS_POS_OTHER,PSYCHLGCL_EMPLEE_SW,LIBRARY_RAW.LANDING.FED_CMS_POS_OTHER,raw_also_empty,raw_also_empty,44429,44429,0,0,
HEALTH,HEALTH__FED_CMS_POS_OTHER,PSYCHLGCL_CNTRCTR_SW,LIBRARY_RAW.LANDING.FED_CMS_POS_OTHER,raw_also_empty,raw_also_empty,44429,44429,0,0,
HEALTH,HEALTH__FED_CMS_POS_OTHER,PSYCHLGCL_ARNGMT_SW,LIBRARY_RAW.LANDING.FED_CMS_POS_OTHER,raw_also_empty,raw_also_empty,44429,44429,0,0,
HEALTH,HEALTH__FED_CMS_POS_OTHER,PT_EMPLEE_SW,LIBRARY_RAW.LANDING.FED_CMS_POS_OTHER,raw_also_empty,raw_also_empty,44429,44429,0,0,
HEALTH,HEALTH__FED_CMS_POS_OTHER,PT_CNTRCTR_SW,LIBRARY_RAW.LANDING.FED_CMS_POS_OTHER,raw_also_empty,raw_also_empty,44429,44429,0,0,
HEALTH,HEALTH__FED_CMS_POS_OTHER,PT_ARNGMT_SW,LIBRARY_RAW.LANDING.FED_CMS_POS_OTHER,raw_also_empty,raw_also_empty,44429,44429,0,0,
HEALTH,HEALTH__FED_CMS_POS_OTHER,PT_OFSITE_RSDNT_SW,LIBRARY_RAW.LANDING.FED_CMS_POS_OTHER,raw_also_empty,raw_also_empty,44429,44429,0,0,
HEALTH,HEALTH__FED_CMS_POS_OTHER,PT_ONST_NRSDNT_SW,LIBRARY_RAW.LANDING.FED_CMS_POS_OTHER,raw_also_empty,raw_also_empty,44429,44429,0,0,
HEALTH,HEALTH__FED_CMS_POS_OTHER,PT_ONST_RSDNT_SW,LIBRARY_RAW.LANDING.FED_CMS_POS_OTHER,raw_also_empty,raw_also_empty,44429,44429,0,0,
HEALTH,HEALTH__FED_CMS_POS_OTHER,RSPRTRY_CARE_EMPLEE_SW,LIBRARY_RAW.LANDING.FED_CMS_POS_OTHER,raw_also_empty,raw_also_empty,44429,44429,0,0,
HEALTH,HEALTH__FED_CMS_POS_OTHER,RSPRTRY_CARE_CNTRCTR_SW,LIBRARY_RAW.LANDING.FED_CMS_POS_OTHER,raw_also_empty,raw_also_empty,44429,44429,0,0,
HEALTH,HEALTH__FED_CMS_POS_OTHER,RSPRTRY_CARE_ARNGMT_SW,LIBRARY_RAW.LANDING.FED_CMS_POS_OTHER,raw_also_empty,raw_also_empty,44429,44429,0,0,
HEALTH,HEALTH__FED_CMS_POS_OTHER,SHRT_TERM_IP_SRVC_CD,LIBRARY_RAW.LANDING.FED_CMS_POS_OTHER,raw_also_empty,raw_also_empty,44429,44429,0,0,
HEALTH,HEALTH__FED_CMS_POS_OTHER,SCL_EMPLEE_SW,LIBRARY_RAW.LANDING.FED_CMS_POS_OTHER,raw_also_empty,raw_also_empty,44429,44429,0,0,
HEALTH,HEALTH__FED_CMS_POS_OTHER,SCL_CNTRCTR_SW,LIBRARY_RAW.LANDING.FED_CMS_POS_OTHER,raw_also_empty,raw_also_empty,44429,44429,0,0,
HEALTH,HEALTH__FED_CMS_POS_OTHER,SCL_ARNGMT_SW,LIBRARY_RAW.LANDING.FED_CMS_POS_OTHER,raw_also_empty,raw_also_empty,44429,44429,0,0,
HEALTH,HEALTH__FED_CMS_POS_OTHER,SCL_WORK_SRVC_OFSITE_RSDNT_SW,LIBRARY_RAW.LANDING.FED_CMS_POS_OTHER,raw_also_empty,raw_also_empty,44429,44429,0,0,
HEALTH,HEALTH__FED_CMS_POS_OTHER,SCL_WORK_SRVC_ONST_NRSDNT_SW,LIBRARY_RAW.LANDING.FED_CMS_POS_OTHER,raw_also_empty,raw_also_empty,44429,44429,0,0,
HEALTH,HEALTH__FED_CMS_POS_OTHER,SCL_WORK_SRVC_ONST_RSDNT_SW,LIBRARY_RAW.LANDING.FED_CMS_POS_OTHER,raw_also_empty,raw_also_empty,44429,44429,0,0,
HEALTH,HEALTH__FED_CMS_POS_OTHER,SPCH_PTHLGY_EMPLEE_SW,LIBRARY_RAW.LANDING.FED_CMS_POS_OTHER,raw_also_empty,raw_also_empty,44429,44429,0,0,
HEALTH,HEALTH__FED_CMS_POS_OTHER,SPCH_PTHLGY_CNTRCTR_SW,LIBRARY_RAW.LANDING.FED_CMS_POS_OTHER,raw_also_empty,raw_also_empty,44429,44429,0,0,
HEALTH,HEALTH__FED_CMS_POS_OTHER,SPCH_PTHLGY_ARNGMT_SW,LIBRARY_RAW.LANDING.FED_CMS_POS_OTHER,raw_also_empty,raw_also_empty,44429,44429,0,0,
HEALTH,HEALTH__FED_CMS_POS_OTHER,SPCH_PTHLGY_OFSITE_RSDNT_SW,LIBRARY_RAW.LANDING.FED_CMS_POS_OTHER,raw_also_empty,raw_also_empty,44429,44429,0,0,
HEALTH,HEALTH__FED_CMS_POS_OTHER,SPCH_PTHLGY_ONST_NRSDNT_SW,LIBRARY_RAW.LANDING.FED_CMS_POS_OTHER,raw_also_empty,raw_also_empty,44429,44429,0,0,
HEALTH,HEALTH__FED_CMS_POS_OTHER,SPCH_PTHLGY_ONST_RSDNT_SW,LIBRARY_RAW.LANDING.FED_CMS_POS_OTHER,raw_also_empty,raw_also_empty,44429,44429,0,0,
HEALTH,HEALTH__FED_CMS_POS_OTHER,SPCH_THRPY_SRVC_CD,LIBRARY_RAW.LANDING.FED_CMS_POS_OTHER,raw_also_empty,raw_also_empty,44429,44429,0,0,
HEALTH,HEALTH__FED_CMS_POS_OTHER,ACTVTY_OTHR_OFSITE_RSDNT_SW,LIBRARY_RAW.LANDING.FED_CMS_POS_OTHER,raw_also_empty,raw_also_empty,44429,44429,0,0,
HEALTH,HEALTH__FED_CMS_POS_OTHER,ACTVTY_OTHR_ONST_NRSDNT_SW,LIBRARY_RAW.LANDING.FED_CMS_POS_OTHER,raw_also_empty,raw_also_empty,44429,44429,0,0,
HEALTH,HEALTH__FED_CMS_POS_OTHER,ACTVTY_OTHR_ONST_RSDNT_SW,LIBRARY_RAW.LANDING.FED_CMS_POS_OTHER,raw_also_empty,raw_also_empty,44429,44429,0,0,
HEALTH,HEALTH__FED_CMS_POS_OTHER,SCL_SRVC_OTHR_OFSITE_RSDNT_SW,LIBRARY_RAW.LANDING.FED_CMS_POS_OTHER,raw_also_empty,raw_also_empty,44429,44429,0,0,
HEALTH,HEALTH__FED_CMS_POS_OTHER,SCL_SRVC_OTHR_ONST_NRSDNT_SW,LIBRARY_RAW.LANDING.FED_CMS_POS_OTHER,raw_also_empty,raw_also_empty,44429,44429,0,0,
HEALTH,HEALTH__FED_CMS_POS_OTHER,SCL_SRVC_OTHR_ONST_RSDNT_SW,LIBRARY_RAW.LANDING.FED_CMS_POS_OTHER,raw_also_empty,raw_also_empty,44429,44429,0,0,
HEALTH,HEALTH__FED_CMS_POS_OTHER,ACTVTY_OFSITE_RSDNT_SW,LIBRARY_RAW.LANDING.FED_CMS_POS_OTHER,raw_also_empty,raw_also_empty,44429,44429,0,0,
HEALTH,HEALTH__FED_CMS_POS_OTHER,ACTVTY_ONST_NRSDNT_SW,LIBRARY_RAW.LANDING.FED_CMS_POS_OTHER,raw_also_empty,raw_also_empty,44429,44429,0,0,
HEALTH,HEALTH__FED_CMS_POS_OTHER,ACTVTY_ONST_RSDNT_SW,LIBRARY_RAW.LANDING.FED_CMS_POS_OTHER,raw_also_empty,raw_also_empty,44429,44429,0,0,
HEALTH,HEALTH__FED_CMS_POS_OTHER,THRPTC_RCRTNL_OFSITE_RSDNT_SW,LIBRARY_RAW.LANDING.FED_CMS_POS_OTHER,raw_also_empty,raw_also_empty,44429,44429,0,0,
HEALTH,HEALTH__FED_CMS_POS_OTHER,THRPTC_RCRTNL_ONST_NRSDNT_SW,LIBRARY_RAW.LANDING.FED_CMS_POS_OTHER,raw_also_empty,raw_also_empty,44429,44429,0,0,
HEALTH,HEALTH__FED_CMS_POS_OTHER,THRPTC_RCRTNL_ONST_RSDNT_SW,LIBRARY_RAW.LANDING.FED_CMS_POS_OTHER,raw_also_empty,raw_also_empty,44429,44429,0,0,
HEALTH,HEALTH__FED_CMS_POS_OTHER,VCTNL_GDNC_SRVC_CD,LIBRARY_RAW.LANDING.FED_CMS_POS_OTHER,raw_also_empty,raw_also_empty,44429,44429,0,0,
HEALTH,HEALTH__FED_CMS_POS_OTHER,VCTNL_SRVC_OFSITE_RSDNT_SW,LIBRARY_RAW.LANDING.FED_CMS_POS_OTHER,raw_also_empty,raw_also_empty,44429,44429,0,0,
HEALTH,HEALTH__FED_CMS_POS_OTHER,VCTNL_SRVC_ONST_NRSDNT_SW,LIBRARY_RAW.LANDING.FED_CMS_POS_OTHER,raw_also_empty,raw_also_empty,44429,44429,0,0,
HEALTH,HEALTH__FED_CMS_POS_OTHER,VCTNL_SRVC_ONST_RSDNT_SW,LIBRARY_RAW.LANDING.FED_CMS_POS_OTHER,raw_also_empty,raw_also_empty,44429,44429,0,0,
HEALTH,HEALTH__FED_CMS_POS_OTHER,DGNSTC_XRAY_OFSITE_RSDNT_SW,LIBRARY_RAW.LANDING.FED_CMS_POS_OTHER,raw_also_empty,raw_also_empty,44429,44429,0,0,
HEALTH,HEALTH__FED_CMS_POS_OTHER,DGNSTC_XRAY_ONST_NRSDNT_SW,LIBRARY_RAW.LANDING.FED_CMS_POS_OTHER,raw_also_empty,raw_also_empty,44429,44429,0,0,
HEALTH,HEALTH__FED_CMS_POS_OTHER,DGNSTC_XRAY_ONST_RSDNT_SW,LIBRARY_RAW.LANDING.FED_CMS_POS_OTHER,raw_also_empty,raw_also_empty,44429,44429,0,0,
HEALTH,HEALTH__FED_CMS_POS_OTHER,ACUTE_RESP_CARE_CD,LIBRARY_RAW.LANDING.FED_CMS_POS_OTHER,raw_also_empty,raw_also_empty,44429,44429,0,0,
HEALTH,HEALTH__FED_CMS_POS_OTHER,PROFNL_ADMIN_CNTRCT_CNT,LIBRARY_RAW.LANDING.FED_CMS_POS_OTHER,raw_also_empty,raw_also_empty,44429,44429,0,0,
HEALTH,HEALTH__FED_CMS_POS_OTHER,PROFNL_ADMIN_FLTM_CNT,LIBRARY_RAW.LANDING.FED_CMS_POS_OTHER,raw_also_empty,raw_also_empty,44429,44429,0,0,
HEALTH,HEALTH__FED_CMS_POS_OTHER,PROFNL_ADMIN_PRTM_CNT,LIBRARY_RAW.LANDING.FED_CMS_POS_OTHER,raw_also_empty,raw_also_empty,44429,44429,0,0,
HEALTH,HEALTH__FED_CMS_POS_OTHER,HH_AIDE_EMPLEE_CNT,LIBRARY_RAW.LANDING.FED_CMS_POS_OTHER,raw_also_empty,raw_also_empty,44429,44429,0,0,
HEALTH,HEALTH__FED_CMS_POS_OTHER,HH_AIDE_VLNTR_CNT,LIBRARY_RAW.LANDING.FED_CMS_POS_OTHER,raw_also_empty,raw_also_empty,44429,44429,0,0,
HEALTH,HEALTH__FED_CMS_POS_OTHER,NRS_AIDE_CNTRCT_CNT,LIBRARY_RAW.LANDING.FED_CMS_POS_OTHER,raw_also_empty,raw_also_empty,44429,44429,0,0,
HEALTH,HEALTH__FED_CMS_POS_OTHER,NRS_AIDE_FLTM_CNT,LIBRARY_RAW.LANDING.FED_CMS_POS_OTHER,raw_also_empty,raw_also_empty,44429,44429,0,0,
HEALTH,HEALTH__FED_CMS_POS_OTHER,NRS_AIDE_PRTM_CNT,LIBRARY_RAW.LANDING.FED_CMS_POS_OTHER,raw_also_empty,raw_also_empty,44429,44429,0,0,
HEALTH,HEALTH__FED_CMS_POS_OTHER,CNSLR_EMPLEE_CNT,LIBRARY_RAW.LANDING.FED_CMS_POS_OTHER,raw_also_empty,raw_also_empty,44429,44429,0,0,
HEALTH,HEALTH__FED_CMS_POS_OTHER,CNSLR_VLNTR_CNT,LIBRARY_RAW.LANDING.FED_CMS_POS_OTHER,raw_also_empty,raw_also_empty,44429,44429,0,0,
HEALTH,HEALTH__FED_CMS_POS_OTHER,DNTST_CNTRCT_CNT,LIBRARY_RAW.LANDING.FED_CMS_POS_OTHER,raw_also_empty,raw_also_empty,44429,44429,0,0,
HEALTH,HEALTH__FED_CMS_POS_OTHER,DNTST_FLTM_CNT,LIBRARY_RAW.LANDING.FED_CMS_POS_OTHER,raw_also_empty,raw_also_empty,44429,44429,0,0,
HEALTH,HEALTH__FED_CMS_POS_OTHER,DNTST_PRTM_CNT,LIBRARY_RAW.LANDING.FED_CMS_POS_OTHER,raw_also_empty,raw_also_empty,44429,44429,0,0,
HEALTH,HEALTH__FED_CMS_POS_OTHER,DIETN_CNTRCT_CNT,LIBRARY_RAW.LANDING.FED_CMS_POS_OTHER,raw_also_empty,raw_also_empty,44429,44429,0,0,
HEALTH,HEALTH__FED_CMS_POS_OTHER,DIETN_FLTM_CNT,LIBRARY_RAW.LANDING.FED_CMS_POS_OTHER,raw_also_empty,raw_also_empty,44429,44429,0,0,
HEALTH,HEALTH__FED_CMS_POS_OTHER,DIETN_PRTM_CNT,LIBRARY_RAW.LANDING.FED_CMS_POS_OTHER,raw_also_empty,raw_also_empty,44429,44429,0,0,
HEALTH,HEALTH__FED_CMS_POS_OTHER,DRCT_CARE_PRSNEL_CNT,LIBRARY_RAW.LANDING.FED_CMS_POS_OTHER,raw_also_empty,raw_also_empty,44429,44429,0,0,
HEALTH,HEALTH__FED_CMS_POS_OTHER,FOOD_SRVC_CNTRCT_CNT,LIBRARY_RAW.LANDING.FED_CMS_POS_OTHER,raw_also_empty,raw_also_empty,44429,44429,0,0,
HEALTH,HEALTH__FED_CMS_POS_OTHER,FOOD_SRVC_FLTM_CNT,LIBRARY_RAW.LANDING.FED_CMS_POS_OTHER,raw_also_empty,raw_also_empty,44429,44429,0,0,
HEALTH,HEALTH__FED_CMS_POS_OTHER,FOOD_SRVC_PRTM_CNT,LIBRARY_RAW.LANDING.FED_CMS_POS_OTHER,raw_also_empty,raw_also_empty,44429,44429,0,0,
HEALTH,HEALTH__FED_CMS_POS_OTHER,HH_AIDE_CNT,LIBRARY_RAW.LANDING.FED_CMS_POS_OTHER,raw_also_empty,raw_also_empty,44429,44429,0,0,
HEALTH,HEALTH__FED_CMS_POS_OTHER,HMMKR_EMPLEE_CNT,LIBRARY_RAW.LANDING.FED_CMS_POS_OTHER,raw_also_empty,raw_also_empty,44429,44429,0,0,
HEALTH,HEALTH__FED_CMS_POS_OTHER,HMMKR_VLNTR_CNT,LIBRARY_RAW.LANDING.FED_CMS_POS_OTHER,raw_also_empty,raw_also_empty,44429,44429,0,0,
HEALTH,HEALTH__FED_CMS_POS_OTHER,HSEKPNG_CNTRCT_CNT,LIBRARY_RAW.LANDING.FED_CMS_POS_OTHER,raw_also_empty,raw_also_empty,44429,44429,0,0,
HEALTH,HEALTH__FED_CMS_POS_OTHER,HSEKPNG_FLTM_CNT,LIBRARY_RAW.LANDING.FED_CMS_POS_OTHER,raw_also_empty,raw_also_empty,44429,44429,0,0,
HEALTH,HEALTH__FED_CMS_POS_OTHER,HSEKPNG_PRTM_CNT,LIBRARY_RAW.LANDING.FED_CMS_POS_OTHER,raw_also_empty,raw_also_empty,44429,44429,0,0,
HEALTH,HEALTH__FED_CMS_POS_OTHER,LPN_CNT,LIBRARY_RAW.LANDING.FED_CMS_POS_OTHER,raw_also_empty,raw_also_empty,44429,44429,0,0,
HEALTH,HEALTH__FED_CMS_POS_OTHER,LPN_LVN_CNTRCT_CNT,LIBRARY_RAW.LANDING.FED_CMS_POS_OTHER,raw_also_empty,raw_also_empty,44429,44429,0,0,
HEALTH,HEALTH__FED_CMS_POS_OTHER,LPN_LVN_FLTM_CNT,LIBRARY_RAW.LANDING.FED_CMS_POS_OTHER,raw_also_empty,raw_also_empty,44429,44429,0,0,
HEALTH,HEALTH__FED_CMS_POS_OTHER,LPN_LVN_PRTM_CNT,LIBRARY_RAW.LANDING.FED_CMS_POS_OTHER,raw_also_empty,raw_also_empty,44429,44429,0,0,
HEALTH,HEALTH__FED_CMS_POS_OTHER,LPN_LVN_VLNTR_CNT,LIBRARY_RAW.LANDING.FED_CMS_POS_OTHER,raw_also_empty,raw_also_empty,44429,44429,0,0,
HEALTH,HEALTH__FED_CMS_POS_OTHER,MDCL_DRCTR_CNTRCT_CNT,LIBRARY_RAW.LANDING.FED_CMS_POS_OTHER,raw_also_empty,raw_also_empty,44429,44429,0,0,
HEALTH,HEALTH__FED_CMS_POS_OTHER,MDCL_DRCTR_FLTM_CNT,LIBRARY_RAW.LANDING.FED_CMS_POS_OTHER,raw_also_empty,raw_also_empty,44429,44429,0,0,
HEALTH,HEALTH__FED_CMS_POS_OTHER,MDCL_DRCTR_PRTM_CNT,LIBRARY_RAW.LANDING.FED_CMS_POS_OTHER,raw_also_empty,raw_also_empty,44429,44429,0,0,
HEALTH,HEALTH__FED_CMS_POS_OTHER,MDCL_SCL_WORKR_VLNTR_CNT,LIBRARY_RAW.LANDING.FED_CMS_POS_OTHER,raw_also_empty,raw_also_empty,44429,44429,0,0,
HEALTH,HEALTH__FED_CMS_POS_OTHER,MDCTN_AIDE_CNTRCT_CNT,LIBRARY_RAW.LANDING.FED_CMS_POS_OTHER,raw_also_empty,raw_also_empty,44429,44429,0,0,
HEALTH,HEALTH__FED_CMS_POS_OTHER,MDCTN_AIDE_FLTM_CNT,LIBRARY_RAW.LANDING.FED_CMS_POS_OTHER,raw_also_empty,raw_also_empty,44429,44429,0,0,
HEALTH,HEALTH__FED_CMS_POS_OTHER,MDCTN_AIDE_PRTM_CNT,LIBRARY_RAW.LANDING.FED_CMS_POS_OTHER,raw_also_empty,raw_also_empty,44429,44429,0,0,
HEALTH,HEALTH__FED_CMS_POS_OTHER,MENTL_HLTH_SRVC_CNTRCT_CNT,LIBRARY_RAW.LANDING.FED_CMS_POS_OTHER,raw_also_empty,raw_also_empty,44429,44429,0,0,
HEALTH,HEALTH__FED_CMS_POS_OTHER,MENTL_HLTH_SRVC_FLTM_CNT,LIBRARY_RAW.LANDING.FED_CMS_POS_OTHER,raw_also_empty,raw_also_empty,44429,44429,0,0,
HEALTH,HEALTH__FED_CMS_POS_OTHER,MENTL_HLTH_SRVC_PRTM_CNT,LIBRARY_RAW.LANDING.FED_CMS_POS_OTHER,raw_also_empty,raw_also_empty,44429,44429,0,0,
HEALTH,HEALTH__FED_CMS_POS_OTHER,NAT_CNTRCT_CNT,LIBRARY_RAW.LANDING.FED_CMS_POS_OTHER,raw_also_empty,raw_also_empty,44429,44429,0,0,
HEALTH,HEALTH__FED_CMS_POS_OTHER,NAT_FLTM_CNT,LIBRARY_RAW.LANDING.FED_CMS_POS_OTHER,raw_also_empty,raw_also_empty,44429,44429,0,0,
HEALTH,HEALTH__FED_CMS_POS_OTHER,NAT_PRTM_CNT,LIBRARY_RAW.LANDING.FED_CMS_POS_OTHER,raw_also_empty,raw_also_empty,44429,44429,0,0,
HEALTH,HEALTH__FED_CMS_POS_OTHER,NRS_ADMINV_CNTRCT_CNT,LIBRARY_RAW.LANDING.FED_CMS_POS_OTHER,raw_also_empty,raw_also_empty,44429,44429,0,0,
HEALTH,HEALTH__FED_CMS_POS_OTHER,NRS_ADMINV_FLTM_CNT,LIBRARY_RAW.LANDING.FED_CMS_POS_OTHER,raw_also_empty,raw_also_empty,44429,44429,0,0,
HEALTH,HEALTH__FED_CMS_POS_OTHER,NRS_ADMINV_PRTM_CNT,LIBRARY_RAW.LANDING.FED_CMS_POS_OTHER,raw_also_empty,raw_also_empty,44429,44429,0,0,
HEALTH,HEALTH__FED_CMS_POS_OTHER,OCPTNL_THRPST_CNTRCT_CNT,LIBRARY_RAW.LANDING.FED_CMS_POS_OTHER,raw_also_empty,raw_also_empty,44429,44429,0,0,
HEALTH,HEALTH__FED_CMS_POS_OTHER,OCPTNL_THRPST_FLTM_CNT,LIBRARY_RAW.LANDING.FED_CMS_POS_OTHER,raw_also_empty,raw_also_empty,44429,44429,0,0,
HEALTH,HEALTH__FED_CMS_POS_OTHER,OCPTNL_THRPST_PRTM_CNT,LIBRARY_RAW.LANDING.FED_CMS_POS_OTHER,raw_also_empty,raw_also_empty,44429,44429,0,0,
HEALTH,HEALTH__FED_CMS_POS_OTHER,OT_AIDE_CNTRCT_CNT,LIBRARY_RAW.LANDING.FED_CMS_POS_OTHER,raw_also_empty,raw_also_empty,44429,44429,0,0,
HEALTH,HEALTH__FED_CMS_POS_OTHER,OT_AIDE_FLTM_CNT,LIBRARY_RAW.LANDING.FED_CMS_POS_OTHER,raw_also_empty,raw_also_empty,44429,44429,0,0,
HEALTH,HEALTH__FED_CMS_POS_OTHER,OT_AIDE_PRTM_CNT,LIBRARY_RAW.LANDING.FED_CMS_POS_OTHER,raw_also_empty,raw_also_empty,44429,44429,0,0,
HEALTH,HEALTH__FED_CMS_POS_OTHER,OT_ASTNT_CNTRCT_CNT,LIBRARY_RAW.LANDING.FED_CMS_POS_OTHER,raw_also_empty,raw_also_empty,44429,44429,0,0,
HEALTH,HEALTH__FED_CMS_POS_OTHER,OT_ASTNT_FLTM_CNT,LIBRARY_RAW.LANDING.FED_CMS_POS_OTHER,raw_also_empty,raw_also_empty,44429,44429,0,0,
HEALTH,HEALTH__FED_CMS_POS_OTHER,OT_ASTNT_PRTM_CNT,LIBRARY_RAW.LANDING.FED_CMS_POS_OTHER,raw_also_empty,raw_also_empty,44429,44429,0,0,
HEALTH,HEALTH__FED_CMS_POS_OTHER,VLNTR_OTHR_CNT,LIBRARY_RAW.LANDING.FED_CMS_POS_OTHER,raw_also_empty,raw_also_empty,44429,44429,0,0,
HEALTH,HEALTH__FED_CMS_POS_OTHER,ACTVTY_STF_OTHR_CNTRCT_CNT,LIBRARY_RAW.LANDING.FED_CMS_POS_OTHER,raw_also_empty,raw_also_empty,44429,44429,0,0,
HEALTH,HEALTH__FED_CMS_POS_OTHER,ACTVTY_STF_OTHR_FLTM_CNT,LIBRARY_RAW.LANDING.FED_CMS_POS_OTHER,raw_also_empty,raw_also_empty,44429,44429,0,0,
HEALTH,HEALTH__FED_CMS_POS_OTHER,ACTVTY_STF_OTHR_PRTM_CNT,LIBRARY_RAW.LANDING.FED_CMS_POS_OTHER,raw_also_empty,raw_also_empty,44429,44429,0,0,
HEALTH,HEALTH__FED_CMS_POS_OTHER,PHYSN_OTHR_CNTRCT_CNT,LIBRARY_RAW.LANDING.FED_CMS_POS_OTHER,raw_also_empty,raw_also_empty,44429,44429,0,0,
HEALTH,HEALTH__FED_CMS_POS_OTHER,PHYSN_OTHR_FLTM_CNT,LIBRARY_RAW.LANDING.FED_CMS_POS_OTHER,raw_also_empty,raw_also_empty,44429,44429,0,0,
HEALTH,HEALTH__FED_CMS_POS_OTHER,PHYSN_OTHR_PRTM_CNT,LIBRARY_RAW.LANDING.FED_CMS_POS_OTHER,raw_also_empty,raw_also_empty,44429,44429,0,0,
HEALTH,HEALTH__FED_CMS_POS_OTHER,SCL_SRVC_OTHR_STF_CNTRCT_CNT,LIBRARY_RAW.LANDING.FED_CMS_POS_OTHER,raw_also_empty,raw_also_empty,44429,44429,0,0,
HEALTH,HEALTH__FED_CMS_POS_OTHER,SCL_SRVC_OTHR_STF_FLTM_CNT,LIBRARY_RAW.LANDING.FED_CMS_POS_OTHER,raw_also_empty,raw_also_empty,44429,44429,0,0,
HEALTH,HEALTH__FED_CMS_POS_OTHER,SCL_SRVC_OTHR_STF_PRTM_CNT,LIBRARY_RAW.LANDING.FED_CMS_POS_OTHER,raw_also_empty,raw_also_empty,44429,44429,0,0,
HEALTH,HEALTH__FED_CMS_POS_OTHER,STF_OTHR_CNTRCT_CNT,LIBRARY_RAW.LANDING.FED_CMS_POS_OTHER,raw_also_empty,raw_also_empty,44429,44429,0,0,
HEALTH,HEALTH__FED_CMS_POS_OTHER,STF_OTHR_FLTM_CNT,LIBRARY_RAW.LANDING.FED_CMS_POS_OTHER,raw_also_empty,raw_also_empty,44429,44429,0,0,
HEALTH,HEALTH__FED_CMS_POS_OTHER,STF_OTHR_PRTM_CNT,LIBRARY_RAW.LANDING.FED_CMS_POS_OTHER,raw_also_empty,raw_also_empty,44429,44429,0,0,
HEALTH,HEALTH__FED_CMS_POS_OTHER,PHRMCST_CNTRCT_CNT,LIBRARY_RAW.LANDING.FED_CMS_POS_OTHER,raw_also_empty,raw_also_empty,44429,44429,0,0,
HEALTH,HEALTH__FED_CMS_POS_OTHER,PHRMCST_FLTM_CNT,LIBRARY_RAW.LANDING.FED_CMS_POS_OTHER,raw_also_empty,raw_also_empty,44429,44429,0,0,
HEALTH,HEALTH__FED_CMS_POS_OTHER,PHRMCST_PRTM_CNT,LIBRARY_RAW.LANDING.FED_CMS_POS_OTHER,raw_also_empty,raw_also_empty,44429,44429,0,0,
HEALTH,HEALTH__FED_CMS_POS_OTHER,PHYS_THRPST_CNTRCT_CNT,LIBRARY_RAW.LANDING.FED_CMS_POS_OTHER,raw_also_empty,raw_also_empty,44429,44429,0,0,
HEALTH,HEALTH__FED_CMS_POS_OTHER,PHYS_THRPST_FLTM_CNT,LIBRARY_RAW.LANDING.FED_CMS_POS_OTHER,raw_also_empty,raw_also_empty,44429,44429,0,0,
HEALTH,HEALTH__FED_CMS_POS_OTHER,PHYS_THRPST_PRTM_CNT,LIBRARY_RAW.LANDING.FED_CMS_POS_OTHER,raw_also_empty,raw_also_empty,44429,44429,0,0,
HEALTH,HEALTH__FED_CMS_POS_OTHER,PHYSN_VLNTR_CNT,LIBRARY_RAW.LANDING.FED_CMS_POS_OTHER,raw_also_empty,raw_also_empty,44429,44429,0,0,
HEALTH,HEALTH__FED_CMS_POS_OTHER,PHYSN_EXT_CNTRCT_CNT,LIBRARY_RAW.LANDING.FED_CMS_POS_OTHER,raw_also_empty,raw_also_empty,44429,44429,0,0,
HEALTH,HEALTH__FED_CMS_POS_OTHER,PHYSN_EXT_FLTM_CNT,LIBRARY_RAW.LANDING.FED_CMS_POS_OTHER,raw_also_empty,raw_also_empty,44429,44429,0,0,
HEALTH,HEALTH__FED_CMS_POS_OTHER,PHYSN_EXT_PRTM_CNT,LIBRARY_RAW.LANDING.FED_CMS_POS_OTHER,raw_also_empty,raw_also_empty,44429,44429,0,0,
HEALTH,HEALTH__FED_CMS_POS_OTHER,PDTRST_CNTRCT_CNT,LIBRARY_RAW.LANDING.FED_CMS_POS_OTHER,raw_also_empty,raw_also_empty,44429,44429,0,0,
HEALTH,HEALTH__FED_CMS_POS_OTHER,PDTRST_FLTM_CNT,LIBRARY_RAW.LANDING.FED_CMS_POS_OTHER,raw_also_empty,raw_also_empty,44429,44429,0,0,
HEALTH,HEALTH__FED_CMS_POS_OTHER,PDTRST_PRTM_CNT,LIBRARY_RAW.LANDING.FED_CMS_POS_OTHER,raw_also_empty,raw_also_empty,44429,44429,0,0,
HEALTH,HEALTH__FED_CMS_POS_OTHER,PHYS_THRPST_STF_CNT,LIBRARY_RAW.LANDING.FED_CMS_POS_OTHER,raw_also_empty,raw_also_empty,44429,44429,0,0,
HEALTH,HEALTH__FED_CMS_POS_OTHER,PHYS_THRPST_ARNGMT_CNT,LIBRARY_RAW.LANDING.FED_CMS_POS_OTHER,raw_also_empty,raw_also_empty,44429,44429,0,0,
HEALTH,HEALTH__FED_CMS_POS_OTHER,PT_AIDE_CNTRCT_CNT,LIBRARY_RAW.LANDING.FED_CMS_POS_OTHER,raw_also_empty,raw_also_empty,44429,44429,0,0,
HEALTH,HEALTH__FED_CMS_POS_OTHER,PT_AIDE_FLTM_CNT,LIBRARY_RAW.LANDING.FED_CMS_POS_OTHER,raw_also_empty,raw_also_empty,44429,44429,0,0,
HEALTH,HEALTH__FED_CMS_POS_OTHER,PT_AIDE_PRTM_CNT,LIBRARY_RAW.LANDING.FED_CMS_POS_OTHER,raw_also_empty,raw_also_empty,44429,44429,0,0,
HEALTH,HEALTH__FED_CMS_POS_OTHER,PT_ASTNT_CNTRCT_CNT,LIBRARY_RAW.LANDING.FED_CMS_POS_OTHER,raw_also_empty,raw_also_empty,44429,44429,0,0,
HEALTH,HEALTH__FED_CMS_POS_OTHER,PT_ASTNT_FLTM_CNT,LIBRARY_RAW.LANDING.FED_CMS_POS_OTHER,raw_also_empty,raw_also_empty,44429,44429,0,0,
HEALTH,HEALTH__FED_CMS_POS_OTHER,PT_ASTNT_PRTM_CNT,LIBRARY_RAW.LANDING.FED_CMS_POS_OTHER,raw_also_empty,raw_also_empty,44429,44429,0,0,
HEALTH,HEALTH__FED_CMS_POS_OTHER,ACTVTY_PROFNL_CNTRCT_CNT,LIBRARY_RAW.LANDING.FED_CMS_POS_OTHER,raw_also_empty,raw_also_empty,44429,44429,0,0,
HEALTH,HEALTH__FED_CMS_POS_OTHER,ACTVTY_PROFNL_FLTM_CNT,LIBRARY_RAW.LANDING.FED_CMS_POS_OTHER,raw_also_empty,raw_also_empty,44429,44429,0,0,
HEALTH,HEALTH__FED_CMS_POS_OTHER,ACTVTY_PROFNL_PRTM_CNT,LIBRARY_RAW.LANDING.FED_CMS_POS_OTHER,raw_also_empty,raw_also_empty,44429,44429,0,0,
HEALTH,HEALTH__FED_CMS_POS_OTHER,RN_CNTRCT_CNT,LIBRARY_RAW.LANDING.FED_CMS_POS_OTHER,raw_also_empty,raw_also_empty,44429,44429,0,0,
HEALTH,HEALTH__FED_CMS_POS_OTHER,RN_FLTM_CNT,LIBRARY_RAW.LANDING.FED_CMS_POS_OTHER,raw_also_empty,raw_also_empty,44429,44429,0,0,
HEALTH,HEALTH__FED_CMS_POS_OTHER,RN_PRTM_CNT,LIBRARY_RAW.LANDING.FED_CMS_POS_OTHER,raw_also_empty,raw_also_empty,44429,44429,0,0,
HEALTH,HEALTH__FED_CMS_POS_OTHER,RN_VLNTR_CNT,LIBRARY_RAW.LANDING.FED_CMS_POS_OTHER,raw_also_empty,raw_also_empty,44429,44429,0,0,
HEALTH,HEALTH__FED_CMS_POS_OTHER,RN_DRCTR_CNTRCT_CNT,LIBRARY_RAW.LANDING.FED_CMS_POS_OTHER,raw_also_empty,raw_also_empty,44429,44429,0,0,
HEALTH,HEALTH__FED_CMS_POS_OTHER,RN_DRCTR_FLTM_CNT,LIBRARY_RAW.LANDING.FED_CMS_POS_OTHER,raw_also_empty,raw_also_empty,44429,44429,0,0,
HEALTH,HEALTH__FED_CMS_POS_OTHER,RN_DRCTR_PRTM_CNT,LIBRARY_RAW.LANDING.FED_CMS_POS_OTHER,raw_also_empty,raw_also_empty,44429,44429,0,0,
HEALTH,HEALTH__FED_CMS_POS_OTHER,SCL_WORKR_CNT,LIBRARY_RAW.LANDING.FED_CMS_POS_OTHER,raw_also_empty,raw_also_empty,44429,44429,0,0,
HEALTH,HEALTH__FED_CMS_POS_OTHER,SCL_WORKR_CNTRCT_CNT,LIBRARY_RAW.LANDING.FED_CMS_POS_OTHER,raw_also_empty,raw_also_empty,44429,44429,0,0,
HEALTH,HEALTH__FED_CMS_POS_OTHER,SCL_WORKR_FLTM_CNT,LIBRARY_RAW.LANDING.FED_CMS_POS_OTHER,raw_also_empty,raw_also_empty,44429,44429,0,0,
HEALTH,HEALTH__FED_CMS_POS_OTHER,SCL_WORKR_PRTM_CNT,LIBRARY_RAW.LANDING.FED_CMS_POS_OTHER,raw_also_empty,raw_also_empty,44429,44429,0,0,
HEALTH,HEALTH__FED_CMS_POS_OTHER,SPCH_PTHLGST_ARNGMT_CNT,LIBRARY_RAW.LANDING.FED_CMS_POS_OTHER,raw_also_empty,raw_also_empty,44429,44429,0,0,
HEALTH,HEALTH__FED_CMS_POS_OTHER,SPCH_PTHLGST_CNTRCT_CNT,LIBRARY_RAW.LANDING.FED_CMS_POS_OTHER,raw_also_empty,raw_also_empty,44429,44429,0,0,
HEALTH,HEALTH__FED_CMS_POS_OTHER,SPCH_PTHLGST_FLTM_CNT,LIBRARY_RAW.LANDING.FED_CMS_POS_OTHER,raw_also_empty,raw_also_empty,44429,44429,0,0,
HEALTH,HEALTH__FED_CMS_POS_OTHER,SPCH_PTHLGST_PRTM_CNT,LIBRARY_RAW.LANDING.FED_CMS_POS_OTHER,raw_also_empty,raw_also_empty,44429,44429,0,0,
HEALTH,HEALTH__FED_CMS_POS_OTHER,SPCH_PTHLGST_CNT,LIBRARY_RAW.LANDING.FED_CMS_POS_OTHER,raw_also_empty,raw_also_empty,44429,44429,0,0,
HEALTH,HEALTH__FED_CMS_POS_OTHER,TCHNCL_STF_NUM,LIBRARY_RAW.LANDING.FED_CMS_POS_OTHER,raw_also_empty,raw_also_empty,44429,44429,0,0,
HEALTH,HEALTH__FED_CMS_POS_OTHER,TCHNCN_CNT,LIBRARY_RAW.LANDING.FED_CMS_POS_OTHER,raw_also_empty,raw_also_empty,44429,44429,0,0,
HEALTH,HEALTH__FED_CMS_POS_OTHER,THRPTC_RCRTNL_CNTRCT_CNT,LIBRARY_RAW.LANDING.FED_CMS_POS_OTHER,raw_also_empty,raw_also_empty,44429,44429,0,0,
HEALTH,HEALTH__FED_CMS_POS_OTHER,THRPTC_RCRTNL_FLTM_CNT,LIBRARY_RAW.LANDING.FED_CMS_POS_OTHER,raw_also_empty,raw_also_empty,44429,44429,0,0,
HEALTH,HEALTH__FED_CMS_POS_OTHER,THRPTC_RCRTNL_PRTM_CNT,LIBRARY_RAW.LANDING.FED_CMS_POS_OTHER,raw_also_empty,raw_also_empty,44429,44429,0,0,
HEALTH,HEALTH__FED_CMS_POS_OTHER,EMPLEE_CNT,LIBRARY_RAW.LANDING.FED_CMS_POS_OTHER,raw_also_empty,raw_also_empty,44429,44429,0,0,
HEALTH,HEALTH__FED_CMS_POS_OTHER,VLNTR_CNT,LIBRARY_RAW.LANDING.FED_CMS_POS_OTHER,raw_also_empty,raw_also_empty,44429,44429,0,0,
HEALTH,HEALTH__FED_CMS_POS_OTHER,SBUNIT_CNT,LIBRARY_RAW.LANDING.FED_CMS_POS_OTHER,raw_also_empty,raw_also_empty,44429,44429,0,0,
HEALTH,HEALTH__FED_CMS_POS_OTHER,SBUNIT_SW,LIBRARY_RAW.LANDING.FED_CMS_POS_OTHER,raw_also_empty,raw_also_empty,44429,44429,0,0,
HEALTH,HEALTH__FED_CMS_POS_OTHER,SBUNIT_OPRTN_SW,LIBRARY_RAW.LANDING.FED_CMS_POS_OTHER,raw_also_empty,raw_also_empty,44429,44429,0,0,
HEALTH,HEALTH__FED_CMS_POS_OTHER,DNTL_SRGRY_SW,LIBRARY_RAW.LANDING.FED_CMS_POS_OTHER,raw_also_empty,raw_also_empty,44429,44429,0,0,
HEALTH,HEALTH__FED_CMS_POS_OTHER,OTLRYNGLGY_SRGRY_SW,LIBRARY_RAW.LANDING.FED_CMS_POS_OTHER,raw_also_empty,raw_also_empty,44429,44429,0,0,
HEALTH,HEALTH__FED_CMS_POS_OTHER,ENDSCPY_SRGRY_SW,LIBRARY_RAW.LANDING.FED_CMS_POS_OTHER,raw_also_empty,raw_also_empty,44429,44429,0,0,
HEALTH,HEALTH__FED_CMS_POS_OTHER,OB_GYN_SRGRY_SW,LIBRARY_RAW.LANDING.FED_CMS_POS_OTHER,raw_also_empty,raw_also_empty,44429,44429,0,0,
HEALTH,HEALTH__FED_CMS_POS_OTHER,OPTHMLGY_SRGRY_SW,LIBRARY_RAW.LANDING.FED_CMS_POS_OTHER,raw_also_empty,raw_also_empty,44429,44429,0,0,
HEALTH,HEALTH__FED_CMS_POS_OTHER,ORTHPDC_SRGRY_SW,LIBRARY_RAW.LANDING.FED_CMS_POS_OTHER,raw_also_empty,raw_also_empty,44429,44429,0,0,
HEALTH,HEALTH__FED_CMS_POS_OTHER,OTHR_SRGRY_SW,LIBRARY_RAW.LANDING.FED_CMS_POS_OTHER,raw_also_empty,raw_also_empty,44429,44429,0,0,
HEALTH,HEALTH__FED_CMS_POS_OTHER,PAIN_SRGRY_SW,LIBRARY_RAW.LANDING.FED_CMS_POS_OTHER,raw_also_empty,raw_also_empty,44429,44429,0,0,
HEALTH,HEALTH__FED_CMS_POS_OTHER,PLSTC_SRGRY_SW,LIBRARY_RAW.LANDING.FED_CMS_POS_OTHER,raw_also_empty,raw_also_empty,44429,44429,0,0,
HEALTH,HEALTH__FED_CMS_POS_OTHER,FT_SRGRY_SW,LIBRARY_RAW.LANDING.FED_CMS_POS_OTHER,raw_also_empty,raw_also_empty,44429,44429,0,0,
HEALTH,HEALTH__FED_CMS_POS_OTHER,TCHNLGST_2_YR_RDLGC_CNT,LIBRARY_RAW.LANDING.FED_CMS_POS_OTHER,raw_also_empty,raw_also_empty,44429,44429,0,0,
HEALTH,HEALTH__FED_CMS_POS_OTHER,TCHNLGST_ASCT_DGR_CNT,LIBRARY_RAW.LANDING.FED_CMS_POS_OTHER,raw_also_empty,raw_also_empty,44429,44429,0,0,
HEALTH,HEALTH__FED_CMS_POS_OTHER,TCHNLGST_BS_BA_DGR_CNT,LIBRARY_RAW.LANDING.FED_CMS_POS_OTHER,raw_also_empty,raw_also_empty,44429,44429,0,0,
HEALTH,HEALTH__FED_CMS_POS_OTHER,DLYS_STN_CNT,LIBRARY_RAW.LANDING.FED_CMS_POS_OTHER,raw_also_empty,raw_also_empty,44429,44429,0,0,
HEALTH,HEALTH__FED_CMS_QUALITY_PAYMENT_PROGRAM_EXPERIENCE,QUALITY_MEASURE_ID_12,LIBRARY_RAW.LANDING.FED_CMS_QUALITY_PAYMENT_PROGRAM_EXPERIENCE,raw_also_empty,raw_also_empty,503917,503917,0,0,
HEALTH,HEALTH__FED_CMS_QUALITY_PAYMENT_PROGRAM_EXPERIENCE,QUALITY_MEASURE_COLLECTION_TYPE_12,LIBRARY_RAW.LANDING.FED_CMS_QUALITY_PAYMENT_PROGRAM_EXPERIENCE,raw_also_empty,raw_also_empty,503917,503917,0,0,
HEALTH,HEALTH__FED_CMS_QUALITY_PAYMENT_PROGRAM_EXPERIENCE,QUALITY_MEASURE_SCORE_12,LIBRARY_RAW.LANDING.FED_CMS_QUALITY_PAYMENT_PROGRAM_EXPERIENCE,raw_also_empty,raw_also_empty,503917,503917,0,0,
HEALTH,HEALTH__FED_CMS_QUALITY_PAYMENT_PROGRAM_EXPERIENCE,PI_MEASURE_ID_21,LIBRARY_RAW.LANDING.FED_CMS_QUALITY_PAYMENT_PROGRAM_EXPERIENCE,raw_also_empty,raw_also_empty,503917,503917,0,0,
HEALTH,HEALTH__FED_CMS_QUALITY_PAYMENT_PROGRAM_EXPERIENCE,PI_MEASURE_TYPE_21,LIBRARY_RAW.LANDING.FED_CMS_QUALITY_PAYMENT_PROGRAM_EXPERIENCE,raw_also_empty,raw_also_empty,503917,503917,0,0,
HEALTH,HEALTH__FED_CMS_QUALITY_PAYMENT_PROGRAM_EXPERIENCE,PI_MEASURE_SCORE_21,LIBRARY_RAW.LANDING.FED_CMS_QUALITY_PAYMENT_PROGRAM_EXPERIENCE,raw_also_empty,raw_also_empty,503917,503917,0,0,
HEALTH,HEALTH__FED_FDA_FAERS_DEMO,DEATH_DT,LIBRARY_RAW.LANDING.FED_FDA_FAERS_DEMO,raw_also_empty,raw_also_empty,5811086,5811086,0,0,
HEALTH,HEALTH__FED_HRSA_SHORTAGE_AREAS,UNNAMED_65,LIBRARY_RAW.LANDING.FED_HRSA_SHORTAGE_AREAS,raw_also_empty,raw_also_empty,165531,165531,0,0,
HEALTH,HEALTH__FED_HRSA_SHORTAGE_AREAS,UNNAMED_64,LIBRARY_RAW.LANDING.FED_HRSA_SHORTAGE_AREAS,raw_also_empty,raw_also_empty,165531,165531,0,0,
HEALTH,HEALTH__FED_VA_SUICIDE_STATE,GENERAL_POPULATION_SUICIDES,LIBRARY_RAW.LANDING.FED_VA_SUICIDE_STATE,ROW_SUBSET,MODEL_LOST_IT,1196,19704,0,6440,<10 159 | 20-29 48 | 10-19 45 | 42 40 | 36 38
HEALTH,HEALTH__ST_OEHHA_PROPOSITION_65_LIST,COL_6,LIBRARY_RAW.LANDING.ST_OEHHA_PROPOSITION_65_LIST,raw_also_empty,raw_also_empty,952,1021,0,0,
HEALTH,HEALTH__ST_OEHHA_PROPOSITION_65_LIST,COL_7,LIBRARY_RAW.LANDING.ST_OEHHA_PROPOSITION_65_LIST,raw_also_empty,raw_also_empty,952,1021,0,0,
HEALTH,HEALTH__ST_OEHHA_PROPOSITION_65_LIST,COL_8,LIBRARY_RAW.LANDING.ST_OEHHA_PROPOSITION_65_LIST,raw_also_empty,raw_also_empty,952,1021,0,0,
HISTORICAL_RECORDS,HISTORICAL_RECORDS__FED_SLAVEVOYAGES_INTRAAMERICAN,DATARR39,LIBRARY_RAW.LANDING.FED_SLAVEVOYAGES_INTRAAMERICAN,raw_also_empty,raw_also_empty,11521,11521,0,0,
HISTORICAL_RECORDS,HISTORICAL_RECORDS__FED_SLAVEVOYAGES_INTRAAMERICAN,DATARR40,LIBRARY_RAW.LANDING.FED_SLAVEVOYAGES_INTRAAMERICAN,raw_also_empty,raw_also_empty,11521,11521,0,0,
HISTORICAL_RECORDS,HISTORICAL_RECORDS__FED_SLAVEVOYAGES_INTRAAMERICAN,DATARR41,LIBRARY_RAW.LANDING.FED_SLAVEVOYAGES_INTRAAMERICAN,raw_also_empty,raw_also_empty,11521,11521,0,0,
HISTORICAL_RECORDS,HISTORICAL_RECORDS__FED_SLAVEVOYAGES_INTRAAMERICAN,DATE_LAND3,LIBRARY_RAW.LANDING.FED_SLAVEVOYAGES_INTRAAMERICAN,raw_also_empty,raw_also_empty,11521,11521,0,0,
HISTORY,HISTORY__FED_DENSHO_DDR,OBJECT_TYPE,LIBRARY_RAW.LANDING.FED_DENSHO_DDR,raw_also_empty,raw_also_empty,25,25,0,0,
HISTORY,HISTORY__FED_DENSHO_DDR,NARRATOR,LIBRARY_RAW.LANDING.FED_DENSHO_DDR,raw_also_empty,raw_also_empty,25,25,0,0,
HISTORY,HISTORY__FED_DENSHO_DDR,FACILITY,LIBRARY_RAW.LANDING.FED_DENSHO_DDR,raw_also_empty,raw_also_empty,25,25,0,0,
HISTORY,HISTORY__FED_DENSHO_DDR,TOPIC,LIBRARY_RAW.LANDING.FED_DENSHO_DDR,raw_also_empty,raw_also_empty,25,25,0,0,
HISTORY,HISTORY__FED_DENSHO_DDR,DATE,LIBRARY_RAW.LANDING.FED_DENSHO_DDR,raw_also_empty,raw_also_empty,25,25,0,0,
HISTORY,HISTORY__FED_DENSHO_DDR,DESCRIPTION,LIBRARY_RAW.LANDING.FED_DENSHO_DDR,raw_also_empty,raw_also_empty,25,25,0,0,
HISTORY,HISTORY__FED_DENSHO_DDR,RIGHTS,LIBRARY_RAW.LANDING.FED_DENSHO_DDR,raw_also_empty,raw_also_empty,25,25,0,0,
HISTORY,HISTORY__FED_DENSHO_DDR,FIPS,LIBRARY_RAW.LANDING.FED_DENSHO_DDR,raw_also_empty,raw_also_empty,25,25,0,0,
HISTORY,HISTORY__FED_DOCSOUTH,PUBLICATION_DATE,LIBRARY_RAW.LANDING.FED_DOCSOUTH,raw_also_empty,raw_also_empty,144,144,0,0,
HISTORY,HISTORY__FED_DOCSOUTH,DOCSOUTH_URL,LIBRARY_RAW.LANDING.FED_DOCSOUTH,raw_also_empty,raw_also_empty,144,144,0,0,
HISTORY,HISTORY__FED_DOCSOUTH,TEXT_URL,LIBRARY_RAW.LANDING.FED_DOCSOUTH,raw_also_empty,raw_also_empty,144,144,0,0,
HISTORY,HISTORY__FED_DOCSOUTH,COLLECTION,LIBRARY_RAW.LANDING.FED_DOCSOUTH,raw_also_empty,raw_also_empty,144,144,0,0,
HISTORY,HISTORY__FED_SLAVEVOYAGES_TRANSATLANTIC,ADULT4,LIBRARY_RAW.LANDING.FED_SLAVEVOYAGES_TRANSATLANTIC,raw_also_empty,raw_also_empty,36108,36108,0,0,
HISTORY,HISTORY__FED_SLAVEVOYAGES_TRANSATLANTIC,ADULT6,LIBRARY_RAW.LANDING.FED_SLAVEVOYAGES_TRANSATLANTIC,raw_also_empty,raw_also_empty,36108,36108,0,0,
HISTORY,HISTORY__FED_SLAVEVOYAGES_TRANSATLANTIC,CHILD5,LIBRARY_RAW.LANDING.FED_SLAVEVOYAGES_TRANSATLANTIC,raw_also_empty,raw_also_empty,36108,36108,0,0,
HISTORY,HISTORY__FED_SLAVEVOYAGES_TRANSATLANTIC,INFANT5,LIBRARY_RAW.LANDING.FED_SLAVEVOYAGES_TRANSATLANTIC,raw_also_empty,raw_also_empty,36108,36108,0,0,
HISTORY,HISTORY__FED_SLAVEVOYAGES_TRANSATLANTIC,INFANT6,LIBRARY_RAW.LANDING.FED_SLAVEVOYAGES_TRANSATLANTIC,raw_also_empty,raw_also_empty,36108,36108,0,0,
HISTORY,HISTORY__FED_SLAVEVOYAGES_TRANSATLANTIC,VOYAGEID2,LIBRARY_RAW.LANDING.FED_SLAVEVOYAGES_TRANSATLANTIC,raw_also_empty,raw_also_empty,36108,36108,0,0,
HISTORY,HISTORY__FED_WPA_SLAVE_NARRATIVES,PERSON_NAME,LIBRARY_RAW.LANDING.FED_WPA_SLAVE_NARRATIVES,raw_also_empty,raw_also_empty,100,100,0,0,
HISTORY,HISTORY__FED_WPA_SLAVE_NARRATIVES,STATE_FIPS,LIBRARY_RAW.LANDING.FED_WPA_SLAVE_NARRATIVES,raw_also_empty,raw_also_empty,100,100,0,0,
HISTORY,HISTORY__FED_WPA_SLAVE_NARRATIVES,INTERVIEWER,LIBRARY_RAW.LANDING.FED_WPA_SLAVE_NARRATIVES,raw_also_empty,raw_also_empty,100,100,0,0,
HOUSING,HOUSING__FED_CFPB_HMDA,CO_APPLICANT_ETHNICITY_4,LIBRARY_RAW.LANDING.FED_CFPB_HMDA,raw_also_empty,raw_also_empty,28301,28301,0,0,
HOUSING,HOUSING__FED_CFPB_HMDA,CO_APPLICANT_ETHNICITY_5,LIBRARY_RAW.LANDING.FED_CFPB_HMDA,raw_also_empty,raw_also_empty,28301,28301,0,0,
HOUSING,HOUSING__FED_CFPB_HMDA,CO_APPLICANT_RACE_5,LIBRARY_RAW.LANDING.FED_CFPB_HMDA,raw_also_empty,raw_also_empty,28301,28301,0,0,
HOUSING,HOUSING__FED_CFPB_HMDA_DC_ONLY,CO_APPLICANT_ETHNICITY_4,LIBRARY_RAW.LANDING.FED_CFPB_HMDA,raw_also_empty,raw_also_empty,28301,28301,0,0,
HOUSING,HOUSING__FED_CFPB_HMDA_DC_ONLY,CO_APPLICANT_ETHNICITY_5,LIBRARY_RAW.LANDING.FED_CFPB_HMDA,raw_also_empty,raw_also_empty,28301,28301,0,0,
HOUSING,HOUSING__FED_CFPB_HMDA_DC_ONLY,CO_APPLICANT_RACE_5,LIBRARY_RAW.LANDING.FED_CFPB_HMDA,raw_also_empty,raw_also_empty,28301,28301,0,0,
HOUSING,HOUSING__FED_CFPB_HMDA_LAR,CO_APPLICANT_ETHNICITY_3,LIBRARY_RAW.LANDING.FED_CFPB_HMDA_LAR,raw_also_empty,raw_also_empty,17474,17474,0,0,
HOUSING,HOUSING__FED_CFPB_HMDA_LAR,CO_APPLICANT_ETHNICITY_4,LIBRARY_RAW.LANDING.FED_CFPB_HMDA_LAR,raw_also_empty,raw_also_empty,17474,17474,0,0,
HOUSING,HOUSING__FED_CFPB_HMDA_LAR,CO_APPLICANT_ETHNICITY_5,LIBRARY_RAW.LANDING.FED_CFPB_HMDA_LAR,raw_also_empty,raw_also_empty,17474,17474,0,0,
HOUSING,HOUSING__FED_FHFA_NMDB,GEO_TYPE,LIBRARY_RAW.LANDING.FED_FHFA_NMDB,raw_also_empty,raw_also_empty,7204,11648,0,0,
HOUSING,HOUSING__FED_FHFA_NMDB,DATASET_FAMILY,LIBRARY_RAW.LANDING.FED_FHFA_NMDB,raw_also_empty,raw_also_empty,7204,11648,0,0,
HOUSING,HOUSING__FED_FHFA_NMDB,STATISTIC_NAME,LIBRARY_RAW.LANDING.FED_FHFA_NMDB,raw_also_empty,raw_also_empty,7204,11648,0,0,
HOUSING,HOUSING__FED_FHFA_NMDB,STATISTIC_VALUE,LIBRARY_RAW.LANDING.FED_FHFA_NMDB,raw_also_empty,raw_also_empty,7204,11648,0,0,
HOUSING,HOUSING__FED_FHFA_NMDB,STATISTIC_UNIT,LIBRARY_RAW.LANDING.FED_FHFA_NMDB,raw_also_empty,raw_also_empty,7204,11648,0,0,
HOUSING,HOUSING__FED_HUD_ASSISTED_HOUSING_PROJECTS,FEDHSE,LIBRARY_RAW.LANDING.FED_HUD_ASSISTED_HOUSING_PROJECTS,raw_also_empty,raw_also_empty,35601,35601,0,0,
HOUSING,HOUSING__FED_HUD_DATA,FIPS,LIBRARY_RAW.LANDING.FED_HUD_DATA,raw_also_empty,raw_also_empty,71,77,0,0,
HOUSING,HOUSING__FED_HUD_DATA,ZIP,LIBRARY_RAW.LANDING.FED_HUD_DATA,raw_also_empty,raw_also_empty,71,77,0,0,
HOUSING,HOUSING__FED_HUD_DATA,EIN,LIBRARY_RAW.LANDING.FED_HUD_DATA,raw_also_empty,raw_also_empty,71,77,0,0,
HOUSING,HOUSING__FED_HUD_DATA,VALUE,LIBRARY_RAW.LANDING.FED_HUD_DATA,ROW_SUBSET,MODEL_LOST_IT,71,77,0,14,https://www.huduser.gov/portal/sites/default/files/zip/HUD_assign_v2.zip 2 | https://www.huduser.govFMR/FMR_2Bed_1983_2026.xlsx; https://www.huduser.govFMR/FMR_2Bed_1983_2026.csv; https://www.huduser.
HOUSING,HOUSING__FED_MAPPING_INEQUALITY,HOLC_ID,LIBRARY_RAW.LANDING.FED_MAPPING_INEQUALITY,raw_also_empty,raw_also_empty,1155,10154,0,0,
HOUSING,HOUSING__FED_MAPPING_INEQUALITY,FIPS,LIBRARY_RAW.LANDING.FED_MAPPING_INEQUALITY,raw_also_empty,raw_also_empty,1155,10154,0,0,
HOUSING,HOUSING__FED_MAPPING_INEQUALITY,HOLC_COLOR,LIBRARY_RAW.LANDING.FED_MAPPING_INEQUALITY,raw_also_empty,raw_also_empty,1155,10154,0,0,
HOUSING,HOUSING__FED_MAPPING_INEQUALITY,RESIDENTIAL_DESCRIPTION,LIBRARY_RAW.LANDING.FED_MAPPING_INEQUALITY,raw_also_empty,raw_also_empty,1155,10154,0,0,
HOUSING,HOUSING__FED_MAPPING_INEQUALITY,YEAR_MAPPED,LIBRARY_RAW.LANDING.FED_MAPPING_INEQUALITY,raw_also_empty,raw_also_empty,1155,10154,0,0,
IMMIGRATION,IMMIGRATION__FED_CBP_ENCOUNTERS,DATA_AS_OF_DATE,LIBRARY_RAW.LANDING.FED_CBP_ENCOUNTERS,raw_also_empty,raw_also_empty,9,9,0,0,
IMMIGRATION,IMMIGRATION__FED_DHS_OHSS,REPORT_MONTH,LIBRARY_RAW.LANDING.FED_DHS_OHSS,raw_also_empty,raw_also_empty,50740,50740,0,0,
IMMIGRATION,IMMIGRATION__FED_DHS_OHSS,TABLE_NAME,LIBRARY_RAW.LANDING.FED_DHS_OHSS,raw_also_empty,raw_also_empty,50740,50740,0,0,
IMMIGRATION,IMMIGRATION__FED_DHS_OHSS,ENCOUNTER_TYPE,LIBRARY_RAW.LANDING.FED_DHS_OHSS,raw_also_empty,raw_also_empty,50740,50740,0,0,
IMMIGRATION,IMMIGRATION__FED_DHS_OHSS,REGION_OR_SECTOR,LIBRARY_RAW.LANDING.FED_DHS_OHSS,raw_also_empty,raw_also_empty,50740,50740,0,0,
IMMIGRATION,IMMIGRATION__FED_DHS_OHSS,CITIZENSHIP,LIBRARY_RAW.LANDING.FED_DHS_OHSS,raw_also_empty,raw_also_empty,50740,50740,0,0,
IMMIGRATION,IMMIGRATION__FED_DHS_OHSS,FAMILY_STATUS,LIBRARY_RAW.LANDING.FED_DHS_OHSS,raw_also_empty,raw_also_empty,50740,50740,0,0,
IMMIGRATION,IMMIGRATION__FED_DHS_OHSS,CRIMINALITY,LIBRARY_RAW.LANDING.FED_DHS_OHSS,raw_also_empty,raw_also_empty,50740,50740,0,0,
IMMIGRATION,IMMIGRATION__FED_DHS_OHSS,INITIAL_ARRESTING_AGENCY,LIBRARY_RAW.LANDING.FED_DHS_OHSS,raw_also_empty,raw_also_empty,50740,50740,0,0,
IMMIGRATION,IMMIGRATION__FED_DHS_OHSS,BOOK_OUT_OUTCOME,LIBRARY_RAW.LANDING.FED_DHS_OHSS,raw_also_empty,raw_also_empty,50740,50740,0,0,
IMMIGRATION,IMMIGRATION__FED_DHS_OHSS,REPATRIATION_TYPE,LIBRARY_RAW.LANDING.FED_DHS_OHSS,raw_also_empty,raw_also_empty,50740,50740,0,0,
IMMIGRATION,IMMIGRATION__FED_DHS_OHSS,CREDIBLE_FEAR_RESULT,LIBRARY_RAW.LANDING.FED_DHS_OHSS,raw_also_empty,raw_also_empty,50740,50740,0,0,
IMMIGRATION,IMMIGRATION__FED_DHS_OHSS,CHNV_PROCESS_TYPE,LIBRARY_RAW.LANDING.FED_DHS_OHSS,raw_also_empty,raw_also_empty,50740,50740,0,0,
IMMIGRATION,IMMIGRATION__FED_DHS_OHSS,CALENDAR_YEAR,LIBRARY_RAW.LANDING.FED_DHS_OHSS,raw_also_empty,raw_also_empty,50740,50740,0,0,
IMMIGRATION,IMMIGRATION__FED_DHS_OHSS,EVENT_COUNT,LIBRARY_RAW.LANDING.FED_DHS_OHSS,raw_also_empty,raw_also_empty,50740,50740,0,0,
IMMIGRATION,IMMIGRATION__FED_DHS_YEARBOOK,COUNTRY_OF_BIRTH,LIBRARY_RAW.LANDING.FED_DHS_YEARBOOK,raw_also_empty,raw_also_empty,27,27,0,0,
IMMIGRATION,IMMIGRATION__FED_DHS_YEARBOOK,COUNTRY_OF_LAST_RESIDENCE,LIBRARY_RAW.LANDING.FED_DHS_YEARBOOK,raw_also_empty,raw_also_empty,27,27,0,0,
IMMIGRATION,IMMIGRATION__FED_DHS_YEARBOOK,CATEGORY,LIBRARY_RAW.LANDING.FED_DHS_YEARBOOK,raw_also_empty,raw_also_empty,27,27,0,0,
IMMIGRATION,IMMIGRATION__FED_DHS_YEARBOOK,STATE,LIBRARY_RAW.LANDING.FED_DHS_YEARBOOK,raw_also_empty,raw_also_empty,27,27,0,0,
IMMIGRATION,IMMIGRATION__FED_DHS_YEARBOOK,COUNT,LIBRARY_RAW.LANDING.FED_DHS_YEARBOOK,raw_also_empty,raw_also_empty,27,27,0,0,
IMMIGRATION,IMMIGRATION__FED_DHS_YEARBOOK,TABLE_NAME,LIBRARY_RAW.LANDING.FED_DHS_YEARBOOK,raw_also_empty,raw_also_empty,27,27,0,0,
IMMIGRATION,IMMIGRATION__FED_DHS_YEARBOOK,ENFORCEMENT_ACTION_TYPE,LIBRARY_RAW.LANDING.FED_DHS_YEARBOOK,raw_also_empty,raw_also_empty,27,27,0,0,
IMMIGRATION,IMMIGRATION__FED_DHS_YEARBOOK,VISA_CLASS,LIBRARY_RAW.LANDING.FED_DHS_YEARBOOK,raw_also_empty,raw_also_empty,27,27,0,0,
IMMIGRATION,IMMIGRATION__FED_DOL_OFLC,WAGE_UNIT_OF_PAY_4,LIBRARY_RAW.LANDING.FED_DOL_OFLC,raw_also_empty,raw_also_empty,664616,664616,0,0,
IMMIGRATION,IMMIGRATION__FED_DOL_OFLC,PW_UNIT_OF_PAY_4,LIBRARY_RAW.LANDING.FED_DOL_OFLC,raw_also_empty,raw_also_empty,664616,664616,0,0,
IMMIGRATION,IMMIGRATION__FED_DOL_OFLC,WAGE_UNIT_OF_PAY_5,LIBRARY_RAW.LANDING.FED_DOL_OFLC,raw_also_empty,raw_also_empty,664616,664616,0,0,
IMMIGRATION,IMMIGRATION__FED_DOL_OFLC,PW_UNIT_OF_PAY_5,LIBRARY_RAW.LANDING.FED_DOL_OFLC,raw_also_empty,raw_also_empty,664616,664616,0,0,
IMMIGRATION,IMMIGRATION__FED_DOL_OFLC,WAGE_UNIT_OF_PAY_7,LIBRARY_RAW.LANDING.FED_DOL_OFLC,raw_also_empty,raw_also_empty,664616,664616,0,0,
IMMIGRATION,IMMIGRATION__FED_DOL_OFLC,PW_UNIT_OF_PAY_7,LIBRARY_RAW.LANDING.FED_DOL_OFLC,raw_also_empty,raw_also_empty,664616,664616,0,0,
IMMIGRATION,IMMIGRATION__FED_DOL_OFLC,WAGE_UNIT_OF_PAY_8,LIBRARY_RAW.LANDING.FED_DOL_OFLC,raw_also_empty,raw_also_empty,664616,664616,0,0,
IMMIGRATION,IMMIGRATION__FED_DOL_OFLC,PW_UNIT_OF_PAY_8,LIBRARY_RAW.LANDING.FED_DOL_OFLC,raw_also_empty,raw_also_empty,664616,664616,0,0,
IMMIGRATION,IMMIGRATION__FED_ICE_STATISTICS,FISCAL_QUARTER,LIBRARY_RAW.LANDING.FED_ICE_STATISTICS,raw_also_empty,raw_also_empty,204,221,0,0,
IMMIGRATION,IMMIGRATION__FED_ICE_STATISTICS,AOR,LIBRARY_RAW.LANDING.FED_ICE_STATISTICS,raw_also_empty,raw_also_empty,204,221,0,0,
IMMIGRATION,IMMIGRATION__FED_ICE_STATISTICS,REMOVAL_AUTHORITY,LIBRARY_RAW.LANDING.FED_ICE_STATISTICS,raw_also_empty,raw_also_empty,204,221,0,0,
IMMIGRATION,IMMIGRATION__FED_ICE_STATISTICS,ATD_MONITORING_TYPE,LIBRARY_RAW.LANDING.FED_ICE_STATISTICS,raw_also_empty,raw_also_empty,204,221,0,0,
IMMIGRATION,IMMIGRATION__FED_USCIS_DATA,FORM_TITLE,LIBRARY_RAW.LANDING.FED_USCIS_DATA,raw_also_empty,raw_also_empty,177,3204,0,0,
IMMIGRATION,IMMIGRATION__FED_USCIS_DATA,FISCAL_YEAR,LIBRARY_RAW.LANDING.FED_USCIS_DATA,ROW_SUBSET,MODEL_LOST_IT,177,3204,0,3146,FY2026 3146
IMMIGRATION,IMMIGRATION__FED_USCIS_DATA,CATEGORY,LIBRARY_RAW.LANDING.FED_USCIS_DATA,raw_also_empty,raw_also_empty,177,3204,0,0,
IMMIGRATION,IMMIGRATION__FED_USCIS_DATA,COUNTRY,LIBRARY_RAW.LANDING.FED_USCIS_DATA,raw_also_empty,raw_also_empty,177,3204,0,0,
IMMIGRATION,IMMIGRATION__FED_USCIS_DATA,USCIS_OFFICE,LIBRARY_RAW.LANDING.FED_USCIS_DATA,raw_also_empty,raw_also_empty,177,3204,0,0,
IMMIGRATION,IMMIGRATION__FED_USCIS_DATA,RECEIPTS,LIBRARY_RAW.LANDING.FED_USCIS_DATA,raw_also_empty,raw_also_empty,177,3204,0,0,
IMMIGRATION,IMMIGRATION__FED_USCIS_DATA,DENIALS,LIBRARY_RAW.LANDING.FED_USCIS_DATA,raw_also_empty,raw_also_empty,177,3204,0,0,
IMMIGRATION,IMMIGRATION__FED_USCIS_DATA,PENDING,LIBRARY_RAW.LANDING.FED_USCIS_DATA,raw_also_empty,raw_also_empty,177,3204,0,0,
IMMIGRATION,IMMIGRATION__FED_USCIS_DATA,AVG_PROCESSING_TIME_DAYS,LIBRARY_RAW.LANDING.FED_USCIS_DATA,raw_also_empty,raw_also_empty,177,3204,0,0,
IMMIGRATION,IMMIGRATION__FED_USCIS_DATA,RFE_COUNT,LIBRARY_RAW.LANDING.FED_USCIS_DATA,raw_also_empty,raw_also_empty,177,3204,0,0,
IMMIGRATION,IMMIGRATION__FED_USCIS_DATA,PUBLICATION_DATE,LIBRARY_RAW.LANDING.FED_USCIS_DATA,raw_also_empty,raw_also_empty,177,3204,0,0,
JUDICIARY,JUDICIARY__FED_OYEZ,DECISION,LIBRARY_RAW.LANDING.FED_OYEZ,raw_also_empty,raw_also_empty,25,25,0,0,
JUDICIARY,JUDICIARY__FED_OYEZ,MAJORITY_AUTHOR,LIBRARY_RAW.LANDING.FED_OYEZ,raw_also_empty,raw_also_empty,25,25,0,0,
JUDICIARY,JUDICIARY__FED_OYEZ,DISPOSITION,LIBRARY_RAW.LANDING.FED_OYEZ,raw_also_empty,raw_also_empty,25,25,0,0,
JUDICIARY,JUDICIARY__FED_OYEZ,CITATION,LIBRARY_RAW.LANDING.FED_OYEZ,raw_also_empty,raw_also_empty,25,25,0,0,
JUSTICE,JUSTICE__FED_COURTLISTENER_COURTHOUSES,ADDRESS2,LIBRARY_RAW.LANDING.FED_COURTLISTENER_COURTHOUSES,raw_also_empty,raw_also_empty,3361,3361,0,0,
JUSTICE,JUSTICE__FED_COURTLISTENER_COURTS,DATE_LAST_PACER_CONTACT,LIBRARY_RAW.LANDING.FED_COURTLISTENER_COURTS,raw_also_empty,raw_also_empty,3361,3361,0,0,
JUSTICE,JUSTICE__FED_COURTLISTENER_FJC_IDB_CL_LINKED,SUBSECTION,LIBRARY_RAW.LANDING.FED_COURTLISTENER_FJC_IDB_CL_LINKED,raw_also_empty,raw_also_empty,10323280,10323280,0,0,
JUSTICE,JUSTICE__FED_COURTLISTENER_FJC_IDB_CL_LINKED,ARBITRATION_AT_TERMINATION,LIBRARY_RAW.LANDING.FED_COURTLISTENER_FJC_IDB_CL_LINKED,raw_also_empty,raw_also_empty,10323280,10323280,0,0,
JUSTICE,JUSTICE__FED_DOJ_FCA_SETTLEMENTS,SETTLEMENT_DATE,LIBRARY_RAW.LANDING.FED_DOJ_FCA_SETTLEMENTS,ROW_SUBSET,MODEL_LOST_IT,12,19,0,12,"September 30, 2025 2 | June 16, 2026 1 | January 15, 2025 1 | January 16, 2026 1 | March 13, 2025 1"
JUSTICE,JUSTICE__FED_DOJ_FCA_SETTLEMENTS,CASE_NUMBER,LIBRARY_RAW.LANDING.FED_DOJ_FCA_SETTLEMENTS,raw_also_empty,raw_also_empty,12,19,0,0,
JUSTICE,JUSTICE__FED_DOJ_FCA_SETTLEMENTS,DISTRICT,LIBRARY_RAW.LANDING.FED_DOJ_FCA_SETTLEMENTS,raw_also_empty,raw_also_empty,12,19,0,0,
JUSTICE,JUSTICE__FED_DOJ_FCA_SETTLEMENTS,RELATOR_NAME,LIBRARY_RAW.LANDING.FED_DOJ_FCA_SETTLEMENTS,raw_also_empty,raw_also_empty,12,19,0,0,
JUSTICE,JUSTICE__FED_DOJ_FCA_SETTLEMENTS,RELATOR_SHARE,LIBRARY_RAW.LANDING.FED_DOJ_FCA_SETTLEMENTS,raw_also_empty,raw_also_empty,12,19,0,0,
JUSTICE,JUSTICE__FED_FJC_ARTICLE_III_JUDGES,REAPPOINTING_PRESIDENT_2,LIBRARY_RAW.LANDING.FED_FJC_ARTICLE_III_JUDGES,raw_also_empty,raw_also_empty,4074,4074,0,0,
JUSTICE,JUSTICE__FED_FJC_ARTICLE_III_JUDGES,PARTY_OF_REAPPOINTING_PRESIDENT_2,LIBRARY_RAW.LANDING.FED_FJC_ARTICLE_III_JUDGES,raw_also_empty,raw_also_empty,4074,4074,0,0,
JUSTICE,JUSTICE__FED_FJC_ARTICLE_III_JUDGES,REAPPOINTING_PRESIDENT_3,LIBRARY_RAW.LANDING.FED_FJC_ARTICLE_III_JUDGES,raw_also_empty,raw_also_empty,4074,4074,0,0,
JUSTICE,JUSTICE__FED_FJC_ARTICLE_III_JUDGES,PARTY_OF_REAPPOINTING_PRESIDENT_3,LIBRARY_RAW.LANDING.FED_FJC_ARTICLE_III_JUDGES,raw_also_empty,raw_also_empty,4074,4074,0,0,
JUSTICE,JUSTICE__FED_FJC_ARTICLE_III_JUDGES,REAPPOINTING_PRESIDENT_4,LIBRARY_RAW.LANDING.FED_FJC_ARTICLE_III_JUDGES,raw_also_empty,raw_also_empty,4074,4074,0,0,
JUSTICE,JUSTICE__FED_FJC_ARTICLE_III_JUDGES,PARTY_OF_REAPPOINTING_PRESIDENT_4,LIBRARY_RAW.LANDING.FED_FJC_ARTICLE_III_JUDGES,raw_also_empty,raw_also_empty,4074,4074,0,0,
JUSTICE,JUSTICE__FED_FJC_ARTICLE_III_JUDGES,REAPPOINTING_PRESIDENT_5,LIBRARY_RAW.LANDING.FED_FJC_ARTICLE_III_JUDGES,raw_also_empty,raw_also_empty,4074,4074,0,0,
JUSTICE,JUSTICE__FED_FJC_ARTICLE_III_JUDGES,PARTY_OF_REAPPOINTING_PRESIDENT_5,LIBRARY_RAW.LANDING.FED_FJC_ARTICLE_III_JUDGES,raw_also_empty,raw_also_empty,4074,4074,0,0,
JUSTICE,JUSTICE__FED_FJC_ARTICLE_III_JUDGES,ABA_RATING_5,LIBRARY_RAW.LANDING.FED_FJC_ARTICLE_III_JUDGES,raw_also_empty,raw_also_empty,4074,4074,0,0,
JUSTICE,JUSTICE__FED_FJC_ARTICLE_III_JUDGES,REAPPOINTING_PRESIDENT_6,LIBRARY_RAW.LANDING.FED_FJC_ARTICLE_III_JUDGES,raw_also_empty,raw_also_empty,4074,4074,0,0,
JUSTICE,JUSTICE__FED_FJC_ARTICLE_III_JUDGES,PARTY_OF_REAPPOINTING_PRESIDENT_6,LIBRARY_RAW.LANDING.FED_FJC_ARTICLE_III_JUDGES,raw_also_empty,raw_also_empty,4074,4074,0,0,
JUSTICE,JUSTICE__FED_FJC_ARTICLE_III_JUDGES,ABA_RATING_6,LIBRARY_RAW.LANDING.FED_FJC_ARTICLE_III_JUDGES,raw_also_empty,raw_also_empty,4074,4074,0,0,
JUSTICE,JUSTICE__FED_FJC_ARTICLE_III_JUDGES,SERVICE_AS_CHIEF_JUDGE_BEGIN_6,LIBRARY_RAW.LANDING.FED_FJC_ARTICLE_III_JUDGES,raw_also_empty,raw_also_empty,4074,4074,0,0,
JUSTICE,JUSTICE__FED_FJC_ARTICLE_III_JUDGES,SERVICE_AS_CHIEF_JUDGE_END_6,LIBRARY_RAW.LANDING.FED_FJC_ARTICLE_III_JUDGES,raw_also_empty,raw_also_empty,4074,4074,0,0,
JUSTICE,JUSTICE__FED_FTC_DATASETS,RESPONDENT,LIBRARY_RAW.LANDING.FED_FTC_DATASETS,raw_also_empty,raw_also_empty,1004,1200,0,0,
JUSTICE,JUSTICE__FED_FTC_DATASETS,CASE_TYPE,LIBRARY_RAW.LANDING.FED_FTC_DATASETS,raw_also_empty,raw_also_empty,1004,1200,0,0,
JUSTICE,JUSTICE__FED_FTC_DATASETS,STATUS,LIBRARY_RAW.LANDING.FED_FTC_DATASETS,raw_also_empty,raw_also_empty,1004,1200,0,0,
JUSTICE,JUSTICE__FED_FTC_DATASETS,TOPIC,LIBRARY_RAW.LANDING.FED_FTC_DATASETS,raw_also_empty,raw_also_empty,1004,1200,0,0,
JUSTICE,JUSTICE__FED_FTC_DATASETS,EIN,LIBRARY_RAW.LANDING.FED_FTC_DATASETS,raw_also_empty,raw_also_empty,1004,1200,0,0,
JUSTICE,JUSTICE__INTL_AUSTLII,C_DATABASE,LIBRARY_RAW.LANDING.INTL_AUSTLII,raw_also_empty,raw_also_empty,1,1,0,0,
JUSTICE,JUSTICE__INTL_AUSTLII,DOCUMENT_TYPE,LIBRARY_RAW.LANDING.INTL_AUSTLII,raw_also_empty,raw_also_empty,1,1,0,0,
JUSTICE,JUSTICE__INTL_AUSTLII,DECISION_DATE,LIBRARY_RAW.LANDING.INTL_AUSTLII,raw_also_empty,raw_also_empty,1,1,0,0,
JUSTICE,JUSTICE__INTL_AUSTLII,PARTIES,LIBRARY_RAW.LANDING.INTL_AUSTLII,raw_also_empty,raw_also_empty,1,1,0,0,
JUSTICE,JUSTICE__INTL_AUSTLII,CITATION,LIBRARY_RAW.LANDING.INTL_AUSTLII,raw_also_empty,raw_also_empty,1,1,0,0,
JUSTICE,JUSTICE__INTL_AUSTLII,FULL_TEXT,LIBRARY_RAW.LANDING.INTL_AUSTLII,raw_also_empty,raw_also_empty,1,1,0,0,
JUSTICE,JUSTICE__INTL_AUSTLII,CATCHWORDS,LIBRARY_RAW.LANDING.INTL_AUSTLII,raw_also_empty,raw_also_empty,1,1,0,0,
JUSTICE,JUSTICE__INTL_EURLEX_CELLAR,ELI_URI,LIBRARY_RAW.LANDING.INTL_EURLEX_CELLAR,raw_also_empty,raw_also_empty,13,53,0,0,
JUSTICE,JUSTICE__INTL_EURLEX_CELLAR,ECLI_ID,LIBRARY_RAW.LANDING.INTL_EURLEX_CELLAR,raw_also_empty,raw_also_empty,13,53,0,0,
JUSTICE,JUSTICE__INTL_EURLEX_CELLAR,TITLE,LIBRARY_RAW.LANDING.INTL_EURLEX_CELLAR,raw_also_empty,raw_also_empty,13,53,0,0,
JUSTICE,JUSTICE__INTL_EURLEX_CELLAR,IN_FORCE,LIBRARY_RAW.LANDING.INTL_EURLEX_CELLAR,raw_also_empty,raw_also_empty,13,53,0,0,
JUSTICE,JUSTICE__INTL_EURLEX_CELLAR,SUBJECT_MATTER,LIBRARY_RAW.LANDING.INTL_EURLEX_CELLAR,raw_also_empty,raw_also_empty,13,53,0,0,
JUSTICE,JUSTICE__INTL_EURLEX_CELLAR,COUNTRY,LIBRARY_RAW.LANDING.INTL_EURLEX_CELLAR,raw_also_empty,raw_also_empty,13,53,0,0,
JUSTICE,JUSTICE__INTL_EURLEX_CELLAR,OJ_SERIES,LIBRARY_RAW.LANDING.INTL_EURLEX_CELLAR,raw_also_empty,raw_also_empty,13,53,0,0,
JUSTICE,JUSTICE__INTL_EURLEX_CELLAR,OJ_NUMBER,LIBRARY_RAW.LANDING.INTL_EURLEX_CELLAR,raw_also_empty,raw_also_empty,13,53,0,0,
JUSTICE,JUSTICE__INTL_EURLEX_CELLAR,CONTENT_URL,LIBRARY_RAW.LANDING.INTL_EURLEX_CELLAR,raw_also_empty,raw_also_empty,13,53,0,0,
JUSTICE,JUSTICE__INTL_EURLEX_CELLAR,FORMAT_AVAILABLE,LIBRARY_RAW.LANDING.INTL_EURLEX_CELLAR,raw_also_empty,raw_also_empty,13,53,0,0,
JUSTICE,JUSTICE__INTL_EU_SANCTIONS,ADDR_NUMBER,LIBRARY_RAW.LANDING.INTL_EU_SANCTIONS,raw_also_empty,raw_also_empty,42347,42347,0,0,
JUSTICE,JUSTICE__INTL_EU_SOCTA_EUROPOL,FILE_SIZE_MB,LIBRARY_RAW.LANDING.INTL_EU_SOCTA_EUROPOL,raw_also_empty,raw_also_empty,26,26,0,0,
JUSTICE,JUSTICE__INTL_UK_SANCTIONS_LIST,HULL_IDENTIFICATION_NUMBER_HIN,LIBRARY_RAW.LANDING.INTL_UK_SANCTIONS_LIST,raw_also_empty,raw_also_empty,58336,58336,0,0,
JUSTICE,JUSTICE__XC_MAPPING_POLICE_VIOLENCE,UNNAMED_52,LIBRARY_RAW.LANDING.XC_MAPPING_POLICE_VIOLENCE,raw_also_empty,raw_also_empty,15476,15476,0,0,
JUSTICE,JUSTICE__XC_UN_CONSOLIDATED_SANCTIONS_LIST,SORT_KEY,LIBRARY_RAW.LANDING.XC_UN_CONSOLIDATED_SANCTIONS_LIST,raw_also_empty,raw_also_empty,1011,1011,0,0,
JUSTICE,JUSTICE__XC_UN_CONSOLIDATED_SANCTIONS_LIST,SORT_KEY_LAST_MOD,LIBRARY_RAW.LANDING.XC_UN_CONSOLIDATED_SANCTIONS_LIST,raw_also_empty,raw_also_empty,1011,1011,0,0,
LABOR,LABOR__FED_DOL_EBSA_FORM5500_SCHEDULE_SB,SB_ACT_NONVSTD_FNDNG_TGT_AMT,LIBRARY_RAW.LANDING.FED_DOL_EBSA_FORM5500_SCHEDULE_SB,raw_also_empty,raw_also_empty,41802,41802,0,0,
LABOR,LABOR__FED_DOL_EBSA_FORM5500_SCHEDULE_SB,SB_EXCES_CONTR_CURR_YR_TOT_AMT,LIBRARY_RAW.LANDING.FED_DOL_EBSA_FORM5500_SCHEDULE_SB,raw_also_empty,raw_also_empty,41802,41802,0,0,
LABOR,LABOR__FED_DOL_EBSA_FORM5500_SCHEDULE_SB,SB_ACCELERATION_ADJ_AMT,LIBRARY_RAW.LANDING.FED_DOL_EBSA_FORM5500_SCHEDULE_SB,raw_also_empty,raw_also_empty,41802,41802,0,0,
LABOR,LABOR__FED_DOL_EBSA_FORM5500_SCHEDULE_SB,SB_ELIGIBLE_PLAN_YEAR_1_IND,LIBRARY_RAW.LANDING.FED_DOL_EBSA_FORM5500_SCHEDULE_SB,raw_also_empty,raw_also_empty,41802,41802,0,0,
LABOR,LABOR__FED_DOL_EBSA_FORM5500_SCHEDULE_SB,SB_ELIGIBLE_PLAN_YEAR_2_IND,LIBRARY_RAW.LANDING.FED_DOL_EBSA_FORM5500_SCHEDULE_SB,raw_also_empty,raw_also_empty,41802,41802,0,0,
LABOR,LABOR__FED_DOL_EBSA_FORM5500_SCHEDULE_SB,SB_ELIGIBLE_PLAN_YEAR_3_IND,LIBRARY_RAW.LANDING.FED_DOL_EBSA_FORM5500_SCHEDULE_SB,raw_also_empty,raw_also_empty,41802,41802,0,0,
LABOR,LABOR__FED_DOL_EBSA_FORM5500_SCHEDULE_SB,SB_ELIGIBLE_PLAN_YEAR_4_IND,LIBRARY_RAW.LANDING.FED_DOL_EBSA_FORM5500_SCHEDULE_SB,raw_also_empty,raw_also_empty,41802,41802,0,0,
LABOR,LABOR__FED_DOL_EBSA_FORM5500_SCHEDULE_SB,SB_EXCESS_INSTALL_ACCELER_AMT,LIBRARY_RAW.LANDING.FED_DOL_EBSA_FORM5500_SCHEDULE_SB,raw_also_empty,raw_also_empty,41802,41802,0,0,
LABOR,LABOR__FED_DOL_EBSA_FORM5500_SCHEDULE_SB,SB_SHOR_AMOR_BASE_SCH_ELEC_IND,LIBRARY_RAW.LANDING.FED_DOL_EBSA_FORM5500_SCHEDULE_SB,raw_also_empty,raw_also_empty,41802,41802,0,0,
LABOR,LABOR__FED_DOL_OLMS,NUM_ATTACHMENTS,LIBRARY_RAW.LANDING.FED_DOL_OLMS,raw_also_empty,raw_also_empty,617710,617710,0,0,
LABOR,LABOR__FED_OSHA_ITA_CASE_DETAIL_2024,DATE_OF_DEATH,LIBRARY_RAW.LANDING.FED_OSHA_ITA_CASE_DETAIL_2024,raw_also_empty,raw_also_empty,688649,688649,0,0,
LEGAL_ENFORCEMENT,LEGAL_ENFORCEMENT__FED_NAAG_MULTISTATE_SETTLEMENTS,PRODUCT_INVOLVED,LIBRARY_RAW.LANDING.FED_NAAG_MULTISTATE_SETTLEMENTS,raw_also_empty,raw_also_empty,882,882,0,0,
LEGAL_ENFORCEMENT,LEGAL_ENFORCEMENT__FED_NAAG_MULTISTATE_SETTLEMENTS,DATE_ENTRY_UPDATED,LIBRARY_RAW.LANDING.FED_NAAG_MULTISTATE_SETTLEMENTS,raw_also_empty,raw_also_empty,882,882,0,0,
LEGAL_ENFORCEMENT,LEGAL_ENFORCEMENT__FED_NAAG_MULTISTATE_SETTLEMENTS,LOCATION_SETTLEMENT_FILED,LIBRARY_RAW.LANDING.FED_NAAG_MULTISTATE_SETTLEMENTS,raw_also_empty,raw_also_empty,882,882,0,0,
LEGAL_ENFORCEMENT,LEGAL_ENFORCEMENT__FED_NAAG_MULTISTATE_SETTLEMENTS,OTHER_SINGLE_STATE_SETTLEMENTS,LIBRARY_RAW.LANDING.FED_NAAG_MULTISTATE_SETTLEMENTS,raw_also_empty,raw_also_empty,882,882,0,0,
LEGAL_ENFORCEMENT,LEGAL_ENFORCEMENT__FED_NAAG_MULTISTATE_SETTLEMENTS,OTHERPARTIESINVOLVED,LIBRARY_RAW.LANDING.FED_NAAG_MULTISTATE_SETTLEMENTS,raw_also_empty,raw_also_empty,882,882,0,0,
OPEN_DATA,OPEN_DATA__INTL_AR_DATOSGOB,SERIE_ID,LIBRARY_RAW.LANDING.INTL_AR_DATOSGOB,raw_also_empty,raw_also_empty,3556,3556,0,0,
OPEN_DATA,OPEN_DATA__INTL_AR_DATOSGOB,SERIE_VALUE,LIBRARY_RAW.LANDING.INTL_AR_DATOSGOB,raw_also_empty,raw_also_empty,3556,3556,0,0,
OPEN_DATA,OPEN_DATA__INTL_AR_DATOSGOB,SERIE_DATE,LIBRARY_RAW.LANDING.INTL_AR_DATOSGOB,raw_also_empty,raw_also_empty,3556,3556,0,0,
OPEN_DATA,OPEN_DATA__INTL_CA_OPEN_CANADA,FREQUENCY,LIBRARY_RAW.LANDING.INTL_CA_OPEN_CANADA,raw_also_empty,raw_also_empty,500,500,0,0,
OPEN_DATA,OPEN_DATA__INTL_ES_DATOSGOB,URI,LIBRARY_RAW.LANDING.INTL_ES_DATOSGOB,raw_also_empty,raw_also_empty,1000,1000,0,0,
OPEN_DATA,OPEN_DATA__INTL_ES_DATOSGOB,TITLE,LIBRARY_RAW.LANDING.INTL_ES_DATOSGOB,raw_also_empty,raw_also_empty,1000,1000,0,0,
OPEN_DATA,OPEN_DATA__INTL_ES_DATOSGOB,DESCRIPTION,LIBRARY_RAW.LANDING.INTL_ES_DATOSGOB,raw_also_empty,raw_also_empty,1000,1000,0,0,
OPEN_DATA,OPEN_DATA__INTL_GE_DATAGOV,DATE_PUBLISHED,LIBRARY_RAW.LANDING.INTL_GE_DATAGOV,raw_also_empty,raw_also_empty,1,1,0,0,
OPEN_DATA,OPEN_DATA__INTL_GE_DATAGOV,DATE_UPDATED,LIBRARY_RAW.LANDING.INTL_GE_DATAGOV,raw_also_empty,raw_also_empty,1,1,0,0,
OPEN_DATA,OPEN_DATA__INTL_GE_DATAGOV,LICENSE,LIBRARY_RAW.LANDING.INTL_GE_DATAGOV,raw_also_empty,raw_also_empty,1,1,0,0,
OPEN_DATA,OPEN_DATA__INTL_GH_DATAGOVGH,CATALOG,LIBRARY_RAW.LANDING.INTL_GH_DATAGOVGH,raw_also_empty,raw_also_empty,10,10,0,0,
OPEN_DATA,OPEN_DATA__INTL_GH_DATAGOVGH,MINISTRY_AGENCY,LIBRARY_RAW.LANDING.INTL_GH_DATAGOVGH,raw_also_empty,raw_also_empty,10,10,0,0,
OPEN_DATA,OPEN_DATA__INTL_GH_DATAGOVGH,DESCRIPTION,LIBRARY_RAW.LANDING.INTL_GH_DATAGOVGH,raw_also_empty,raw_also_empty,10,10,0,0,
OPEN_DATA,OPEN_DATA__INTL_GH_DATAGOVGH,DATE_PUBLISHED,LIBRARY_RAW.LANDING.INTL_GH_DATAGOVGH,raw_also_empty,raw_also_empty,10,10,0,0,
OPEN_DATA,OPEN_DATA__INTL_GH_DATAGOVGH,LICENSE,LIBRARY_RAW.LANDING.INTL_GH_DATAGOVGH,raw_also_empty,raw_also_empty,10,10,0,0,
OPEN_DATA,OPEN_DATA__INTL_GH_DATAGOVGH,VIEWS_COUNT,LIBRARY_RAW.LANDING.INTL_GH_DATAGOVGH,raw_also_empty,raw_also_empty,10,10,0,0,
OPEN_DATA,OPEN_DATA__INTL_GH_DATAGOVGH,DOWNLOADS_COUNT,LIBRARY_RAW.LANDING.INTL_GH_DATAGOVGH,raw_also_empty,raw_also_empty,10,10,0,0,
OPEN_DATA,OPEN_DATA__INTL_GR_DATAGOV,THEMATIC_CATEGORY,LIBRARY_RAW.LANDING.INTL_GR_DATAGOV,raw_also_empty,raw_also_empty,4988,5000,0,0,
OPEN_DATA,OPEN_DATA__INTL_GR_DATAGOV,IS_HVD,LIBRARY_RAW.LANDING.INTL_GR_DATAGOV,raw_also_empty,raw_also_empty,4988,5000,0,0,
POLITICS,POLITICS__CA_LOBBY_CONTRIBUTIONS,CONTRIBUTION_DT,LIBRARY_RAW.LANDING.CA_LOBBY_CONTRIBUTIONS,raw_also_empty,raw_also_empty,6505,6505,0,0,
POLITICS,POLITICS__CA_LOBBY_EMPLOYER_FIRMS,TERMINATION_DT,LIBRARY_RAW.LANDING.CA_LOBBY_EMPLOYER_FIRMS,raw_also_empty,raw_also_empty,524,524,0,0,
POLITICS,POLITICS__CA_LOBBY_FIRM_EMPLOYER,EXT_LBY_ACTVTY,LIBRARY_RAW.LANDING.CA_LOBBY_FIRM_EMPLOYER,raw_also_empty,raw_also_empty,170,170,0,0,
POLITICS,POLITICS__FED_CONGRESS_LEGISLATORS,LEGISLATOR_SET,LIBRARY_RAW.LANDING.FED_CONGRESS_LEGISLATORS,ROW_SUBSET,MODEL_LOST_IT,12767,12847,0,12847,historical 12230 | current 537 | executive 80
POLITICS,POLITICS__FED_FCC_LICENSING,EBF_TRANSACTION_ID,LIBRARY_RAW.LANDING.FED_FCC_LICENSING,raw_also_empty,raw_also_empty,1689338,1689338,0,0,
POLITICS,POLITICS__FED_FCC_LICENSING,ELIGIBILITY_RULE_NUM,LIBRARY_RAW.LANDING.FED_FCC_LICENSING,raw_also_empty,raw_also_empty,1689338,1689338,0,0,
POLITICS,POLITICS__FED_FCC_LICENSING,EIN,LIBRARY_RAW.LANDING.FED_FCC_LICENSING,raw_also_empty,raw_also_empty,1689338,1689338,0,0,
POLITICS,POLITICS__FED_FCC_LICENSING,FAX,LIBRARY_RAW.LANDING.FED_FCC_LICENSING,raw_also_empty,raw_also_empty,1689338,1689338,0,0,
POLITICS,POLITICS__FED_FCC_LICENSING,EMAIL,LIBRARY_RAW.LANDING.FED_FCC_LICENSING,raw_also_empty,raw_also_empty,1689338,1689338,0,0,
POLITICS,POLITICS__FED_FCC_LICENSING,CONTACT_COMPANY,LIBRARY_RAW.LANDING.FED_FCC_LICENSING,raw_also_empty,raw_also_empty,1689338,1689338,0,0,
POLITICS,POLITICS__FED_FCC_LICENSING,FCC_COUNTY_CODE,LIBRARY_RAW.LANDING.FED_FCC_LICENSING,raw_also_empty,raw_also_empty,1689338,1689338,0,0,
POLITICS,POLITICS__FED_FEC_API,PARTY,LIBRARY_RAW.LANDING.FED_FEC_API,raw_also_empty,raw_also_empty,500,500,0,0,
POLITICS,POLITICS__FED_FEC_API,OFFICE,LIBRARY_RAW.LANDING.FED_FEC_API,raw_also_empty,raw_also_empty,500,500,0,0,
POLITICS,POLITICS__FED_FEC_API,ELECTION_YEAR,LIBRARY_RAW.LANDING.FED_FEC_API,raw_also_empty,raw_also_empty,500,500,0,0,
POLITICS,POLITICS__FED_FEC_API,STATE,LIBRARY_RAW.LANDING.FED_FEC_API,raw_also_empty,raw_also_empty,500,500,0,0,
POLITICS,POLITICS__FED_FEC_API,DISTRICT,LIBRARY_RAW.LANDING.FED_FEC_API,raw_also_empty,raw_also_empty,500,500,0,0,
POLITICS,POLITICS__FED_FJC_JUDGES,REAPPOINTING_PRESIDENT_2,LIBRARY_RAW.LANDING.FED_FJC_JUDGES,raw_also_empty,raw_also_empty,4067,4067,0,0,
POLITICS,POLITICS__FED_FJC_JUDGES,PARTY_OF_REAPPOINTING_PRESIDENT_2,LIBRARY_RAW.LANDING.FED_FJC_JUDGES,raw_also_empty,raw_also_empty,4067,4067,0,0,
POLITICS,POLITICS__FED_FJC_JUDGES,C_2ND_SERVICE_AS_CHIEF_JUDGE_BEGIN_2,LIBRARY_RAW.LANDING.FED_FJC_JUDGES,raw_also_empty,raw_also_empty,4067,4067,0,0,
POLITICS,POLITICS__FED_FJC_JUDGES,C_2ND_SERVICE_AS_CHIEF_JUDGE_END_2,LIBRARY_RAW.LANDING.FED_FJC_JUDGES,raw_also_empty,raw_also_empty,4067,4067,0,0,
POLITICS,POLITICS__FED_FJC_JUDGES,REAPPOINTING_PRESIDENT_3,LIBRARY_RAW.LANDING.FED_FJC_JUDGES,raw_also_empty,raw_also_empty,4067,4067,0,0,
POLITICS,POLITICS__FED_FJC_JUDGES,PARTY_OF_REAPPOINTING_PRESIDENT_3,LIBRARY_RAW.LANDING.FED_FJC_JUDGES,raw_also_empty,raw_also_empty,4067,4067,0,0,
POLITICS,POLITICS__FED_FJC_JUDGES,C_2ND_SERVICE_AS_CHIEF_JUDGE_BEGIN_3,LIBRARY_RAW.LANDING.FED_FJC_JUDGES,raw_also_empty,raw_also_empty,4067,4067,0,0,
POLITICS,POLITICS__FED_FJC_JUDGES,C_2ND_SERVICE_AS_CHIEF_JUDGE_END_3,LIBRARY_RAW.LANDING.FED_FJC_JUDGES,raw_also_empty,raw_also_empty,4067,4067,0,0,
POLITICS,POLITICS__FED_FJC_JUDGES,REAPPOINTING_PRESIDENT_4,LIBRARY_RAW.LANDING.FED_FJC_JUDGES,raw_also_empty,raw_also_empty,4067,4067,0,0,
POLITICS,POLITICS__FED_FJC_JUDGES,PARTY_OF_REAPPOINTING_PRESIDENT_4,LIBRARY_RAW.LANDING.FED_FJC_JUDGES,raw_also_empty,raw_also_empty,4067,4067,0,0,
POLITICS,POLITICS__FED_FJC_JUDGES,AYES_NAYS_4,LIBRARY_RAW.LANDING.FED_FJC_JUDGES,raw_also_empty,raw_also_empty,4067,4067,0,0,
POLITICS,POLITICS__FED_FJC_JUDGES,C_2ND_SERVICE_AS_CHIEF_JUDGE_BEGIN_4,LIBRARY_RAW.LANDING.FED_FJC_JUDGES,raw_also_empty,raw_also_empty,4067,4067,0,0,
POLITICS,POLITICS__FED_FJC_JUDGES,C_2ND_SERVICE_AS_CHIEF_JUDGE_END_4,LIBRARY_RAW.LANDING.FED_FJC_JUDGES,raw_also_empty,raw_also_empty,4067,4067,0,0,
POLITICS,POLITICS__FED_FJC_JUDGES,REAPPOINTING_PRESIDENT_5,LIBRARY_RAW.LANDING.FED_FJC_JUDGES,raw_also_empty,raw_also_empty,4067,4067,0,0,
POLITICS,POLITICS__FED_FJC_JUDGES,PARTY_OF_REAPPOINTING_PRESIDENT_5,LIBRARY_RAW.LANDING.FED_FJC_JUDGES,raw_also_empty,raw_also_empty,4067,4067,0,0,
POLITICS,POLITICS__FED_FJC_JUDGES,ABA_RATING_5,LIBRARY_RAW.LANDING.FED_FJC_JUDGES,raw_also_empty,raw_also_empty,4067,4067,0,0,
POLITICS,POLITICS__FED_FJC_JUDGES,STATUTE_AUTHORIZING_NEW_SEAT_5,LIBRARY_RAW.LANDING.FED_FJC_JUDGES,raw_also_empty,raw_also_empty,4067,4067,0,0,
POLITICS,POLITICS__FED_FJC_JUDGES,AYES_NAYS_5,LIBRARY_RAW.LANDING.FED_FJC_JUDGES,raw_also_empty,raw_also_empty,4067,4067,0,0,
POLITICS,POLITICS__FED_FJC_JUDGES,C_2ND_SERVICE_AS_CHIEF_JUDGE_BEGIN_5,LIBRARY_RAW.LANDING.FED_FJC_JUDGES,raw_also_empty,raw_also_empty,4067,4067,0,0,
POLITICS,POLITICS__FED_FJC_JUDGES,C_2ND_SERVICE_AS_CHIEF_JUDGE_END_5,LIBRARY_RAW.LANDING.FED_FJC_JUDGES,raw_also_empty,raw_also_empty,4067,4067,0,0,
POLITICS,POLITICS__FED_FJC_JUDGES,REAPPOINTING_PRESIDENT_6,LIBRARY_RAW.LANDING.FED_FJC_JUDGES,raw_also_empty,raw_also_empty,4067,4067,0,0,
POLITICS,POLITICS__FED_FJC_JUDGES,PARTY_OF_REAPPOINTING_PRESIDENT_6,LIBRARY_RAW.LANDING.FED_FJC_JUDGES,raw_also_empty,raw_also_empty,4067,4067,0,0,
POLITICS,POLITICS__FED_FJC_JUDGES,ABA_RATING_6,LIBRARY_RAW.LANDING.FED_FJC_JUDGES,raw_also_empty,raw_also_empty,4067,4067,0,0,
POLITICS,POLITICS__FED_FJC_JUDGES,STATUTE_AUTHORIZING_NEW_SEAT_6,LIBRARY_RAW.LANDING.FED_FJC_JUDGES,raw_also_empty,raw_also_empty,4067,4067,0,0,
POLITICS,POLITICS__FED_FJC_JUDGES,AYES_NAYS_6,LIBRARY_RAW.LANDING.FED_FJC_JUDGES,raw_also_empty,raw_also_empty,4067,4067,0,0,
POLITICS,POLITICS__FED_FJC_JUDGES,SERVICE_AS_CHIEF_JUDGE_BEGIN_6,LIBRARY_RAW.LANDING.FED_FJC_JUDGES,raw_also_empty,raw_also_empty,4067,4067,0,0,
POLITICS,POLITICS__FED_FJC_JUDGES,SERVICE_AS_CHIEF_JUDGE_END_6,LIBRARY_RAW.LANDING.FED_FJC_JUDGES,raw_also_empty,raw_also_empty,4067,4067,0,0,
POLITICS,POLITICS__FED_FJC_JUDGES,C_2ND_SERVICE_AS_CHIEF_JUDGE_BEGIN_6,LIBRARY_RAW.LANDING.FED_FJC_JUDGES,raw_also_empty,raw_also_empty,4067,4067,0,0,
POLITICS,POLITICS__FED_FJC_JUDGES,C_2ND_SERVICE_AS_CHIEF_JUDGE_END_6,LIBRARY_RAW.LANDING.FED_FJC_JUDGES,raw_also_empty,raw_also_empty,4067,4067,0,0,
POLITICS,POLITICS__FED_VOTEVIEW_MEMBERS,CONDITIONAL,LIBRARY_RAW.LANDING.FED_VOTEVIEW_MEMBERS,raw_also_empty,raw_also_empty,51061,51061,0,0,
POLITICS,POLITICS__ST_CANNABIS_POLICY_BUNDLES,COL_53,LIBRARY_RAW.LANDING.ST_CANNABIS_POLICY_BUNDLES,raw_also_empty,raw_also_empty,1500,1500,0,0,
POLITICS,POLITICS__ST_CANNABIS_POLICY_BUNDLES,COL_78,LIBRARY_RAW.LANDING.ST_CANNABIS_POLICY_BUNDLES,raw_also_empty,raw_also_empty,1500,1500,0,0,
POLITICS,POLITICS__ST_NYC_CFB_CAMPAIGN_2009_CONTRIBUTION,APARTMENT,LIBRARY_RAW.LANDING.ST_NYC_CFB_CAMPAIGN_2009_CONTRIBUTION,raw_also_empty,raw_also_empty,146112,146112,0,0,
POLITICS,POLITICS__ST_NYC_CFB_CAMPAIGN_2013_CONTRIBUTION,APARTMENT,LIBRARY_RAW.LANDING.ST_NYC_CFB_CAMPAIGN_2013_CONTRIBUTION,raw_also_empty,raw_also_empty,197968,197968,0,0,
POLITICS,POLITICS__ST_NYC_CFB_CAMPAIGN_2021_CONTRIBUTIONS,APARTMENT,LIBRARY_RAW.LANDING.ST_NYC_CFB_CAMPAIGN_2021_CONTRIBUTIONS,raw_also_empty,raw_also_empty,457521,457521,0,0,
POLITICS,POLITICS__ST_NYC_CFB_CAMPAIGN_2025_CONTRIBUTIONS,APARTMENT,LIBRARY_RAW.LANDING.ST_NYC_CFB_CAMPAIGN_2025_CONTRIBUTIONS,raw_also_empty,raw_also_empty,259537,259537,0,0,
POLITICS,POLITICS__TX_LOBBY_AWARDS,RECIPIENTNAMEORGANIZATION,LIBRARY_RAW.LANDING.TX_LOBBY_AWARDS,raw_also_empty,raw_also_empty,1589,1589,0,0,
POLITICS,POLITICS__TX_LOBBY_ENTERTAINMENT,RECIPIENTNAMEORGANIZATION,LIBRARY_RAW.LANDING.TX_LOBBY_ENTERTAINMENT,raw_also_empty,raw_also_empty,2836,2836,0,0,
POLITICS,POLITICS__TX_LOBBY_EVENTS,RECIPIENTNAMEORGANIZATION,LIBRARY_RAW.LANDING.TX_LOBBY_EVENTS,raw_also_empty,raw_also_empty,3107,3107,0,0,
POLITICS,POLITICS__TX_LOBBY_EVENTS,BENEFICIARYNAMEORGANIZATION,LIBRARY_RAW.LANDING.TX_LOBBY_EVENTS,raw_also_empty,raw_also_empty,3107,3107,0,0,
POLITICS,POLITICS__TX_LOBBY_FOOD_BEVERAGE,RECIPIENTNAMEORGANIZATION,LIBRARY_RAW.LANDING.TX_LOBBY_FOOD_BEVERAGE,raw_also_empty,raw_also_empty,14452,14452,0,0,
POLITICS,POLITICS__TX_LOBBY_GIFTS,RECIPIENTNAMEORGANIZATION,LIBRARY_RAW.LANDING.TX_LOBBY_GIFTS,raw_also_empty,raw_also_empty,4084,4084,0,0,
POLITICS,POLITICS__TX_LOBBY_INDIVIDUAL_REPORTING,ONBEHALFMAILINGCOUNTYCD,LIBRARY_RAW.LANDING.TX_LOBBY_INDIVIDUAL_REPORTING,raw_also_empty,raw_also_empty,38662,38662,0,0,
POLITICS,POLITICS__TX_LOBBY_INDIVIDUAL_REPORTING,ONBEHALFMAILINGREGION,LIBRARY_RAW.LANDING.TX_LOBBY_INDIVIDUAL_REPORTING,raw_also_empty,raw_also_empty,38662,38662,0,0,
POLITICS,POLITICS__TX_LOBBY_INDIVIDUAL_REPORTING,ONBEHALFPRIMARYPHONEEXT,LIBRARY_RAW.LANDING.TX_LOBBY_INDIVIDUAL_REPORTING,raw_also_empty,raw_also_empty,38662,38662,0,0,
POLITICS,POLITICS__TX_LOBBY_TRANSPORTATION,RECIPIENTNAMEORGANIZATION,LIBRARY_RAW.LANDING.TX_LOBBY_TRANSPORTATION,raw_also_empty,raw_also_empty,3697,3697,0,0,
PROCUREMENT,PROCUREMENT__FED_USASPENDING_BULK,OUTLAYED_AMOUNT_FROM_COVID_19_SUPPLEMENTALS_FOR_OVERALL_AWARD,LIBRARY_RAW.LANDING.FED_USASPENDING_BULK,ROW_SUBSET,PARTIAL_LOSS,49613,50000,166,189,
PROCUREMENT,PROCUREMENT__FED_USASPENDING_BULK,OBLIGATED_AMOUNT_FROM_COVID_19_SUPPLEMENTALS_FOR_OVERALL_AWARD,LIBRARY_RAW.LANDING.FED_USASPENDING_BULK,ROW_SUBSET,PARTIAL_LOSS,49613,50000,179,201,
PROCUREMENT,PROCUREMENT__FED_USASPENDING_BULK,OUTLAYED_AMOUNT_FROM_IIJA_SUPPLEMENTAL_FOR_OVERALL_AWARD,LIBRARY_RAW.LANDING.FED_USASPENDING_BULK,ROW_SUBSET,PARTIAL_LOSS,49613,50000,229,237,
PROCUREMENT,PROCUREMENT__FED_USASPENDING_BULK,OBLIGATED_AMOUNT_FROM_IIJA_SUPPLEMENTAL_FOR_OVERALL_AWARD,LIBRARY_RAW.LANDING.FED_USASPENDING_BULK,ROW_SUBSET,PARTIAL_LOSS,49613,50000,248,256,
PROCUREMENT,PROCUREMENT__FED_USASPENDING_BULK,SAM_EXCEPTION,LIBRARY_RAW.LANDING.FED_USASPENDING_BULK,ROW_SUBSET,PARTIAL_LOSS,49613,50000,15,16,
PROCUREMENT,PROCUREMENT__FED_USASPENDING_BULK,SAM_EXCEPTION_DESCRIPTION,LIBRARY_RAW.LANDING.FED_USASPENDING_BULK,ROW_SUBSET,PARTIAL_LOSS,49613,50000,15,16,
PROCUREMENT,PROCUREMENT__FED_USASPENDING_BULK,RECIPIENT_DUNS,LIBRARY_RAW.LANDING.FED_USASPENDING_BULK,raw_also_empty,raw_also_empty,49613,50000,0,0,
PROCUREMENT,PROCUREMENT__FED_USASPENDING_BULK,RECIPIENT_PARENT_DUNS,LIBRARY_RAW.LANDING.FED_USASPENDING_BULK,raw_also_empty,raw_also_empty,49613,50000,0,0,
PROCUREMENT,PROCUREMENT__FED_USASPENDING_BULK,DOD_CLAIMANT_PROGRAM_CODE,LIBRARY_RAW.LANDING.FED_USASPENDING_BULK,ROW_SUBSET,SOURCE_THIN,49613,50000,4,4,
PROCUREMENT,PROCUREMENT__FED_USASPENDING_BULK,DOD_CLAIMANT_PROGRAM_DESCRIPTION,LIBRARY_RAW.LANDING.FED_USASPENDING_BULK,ROW_SUBSET,SOURCE_THIN,49613,50000,4,4,
PROCUREMENT,PROCUREMENT__FED_USASPENDING_BULK,DOD_ACQUISITION_PROGRAM_CODE,LIBRARY_RAW.LANDING.FED_USASPENDING_BULK,ROW_SUBSET,SOURCE_THIN,49613,50000,20,20,
PROCUREMENT,PROCUREMENT__FED_USASPENDING_BULK,DOD_ACQUISITION_PROGRAM_DESCRIPTION,LIBRARY_RAW.LANDING.FED_USASPENDING_BULK,ROW_SUBSET,SOURCE_THIN,49613,50000,6,6,
PROCUREMENT,PROCUREMENT__FED_USASPENDING_BULK,INFORMATION_TECHNOLOGY_COMMERCIAL_ITEM_CATEGORY_CODE,LIBRARY_RAW.LANDING.FED_USASPENDING_BULK,ROW_SUBSET,PARTIAL_LOSS,49613,50000,471,477,
PROCUREMENT,PROCUREMENT__FED_USASPENDING_BULK,INFORMATION_TECHNOLOGY_COMMERCIAL_ITEM_CATEGORY,LIBRARY_RAW.LANDING.FED_USASPENDING_BULK,ROW_SUBSET,PARTIAL_LOSS,49613,50000,471,477,
PROCUREMENT,PROCUREMENT__FED_USASPENDING_BULK,EVALUATED_PREFERENCE_CODE,LIBRARY_RAW.LANDING.FED_USASPENDING_BULK,ROW_SUBSET,SOURCE_THIN,49613,50000,1,1,
PROCUREMENT,PROCUREMENT__FED_USASPENDING_BULK,RESEARCH_CODE,LIBRARY_RAW.LANDING.FED_USASPENDING_BULK,ROW_SUBSET,SOURCE_THIN,49613,50000,87,87,
PROCUREMENT,PROCUREMENT__FED_USASPENDING_BULK,RESEARCH,LIBRARY_RAW.LANDING.FED_USASPENDING_BULK,ROW_SUBSET,SOURCE_THIN,49613,50000,87,87,
PROCUREMENT,PROCUREMENT__FED_USASPENDING_BULK,PROGRAM_ACRONYM,LIBRARY_RAW.LANDING.FED_USASPENDING_BULK,ROW_SUBSET,PARTIAL_LOSS,49613,50000,344,348,
PROCUREMENT,PROCUREMENT__FED_USASPENDING_BULK,NATIONAL_INTEREST_ACTION_CODE,LIBRARY_RAW.LANDING.FED_USASPENDING_BULK,raw_also_empty,raw_also_empty,49613,50000,0,0,
PROCUREMENT,PROCUREMENT__FED_USASPENDING_BULK,NATIONAL_INTEREST_ACTION,LIBRARY_RAW.LANDING.FED_USASPENDING_BULK,raw_also_empty,raw_also_empty,49613,50000,0,0,
PROCUREMENT,PROCUREMENT__FED_USASPENDING_BULK,SEA_TRANSPORTATION_CODE,LIBRARY_RAW.LANDING.FED_USASPENDING_BULK,ROW_SUBSET,SOURCE_THIN,49613,50000,4,4,
PROCUREMENT,PROCUREMENT__FED_USASPENDING_BULK,SEA_TRANSPORTATION,LIBRARY_RAW.LANDING.FED_USASPENDING_BULK,ROW_SUBSET,SOURCE_THIN,49613,50000,4,4,
REFERENCE,REFERENCE__CENSUS_CB_COUNTY,_SRC_SHA256,LIBRARY_RAW.LANDING.XC_CENSUS_CB_COUNTY,raw_also_empty,raw_also_empty,3235,3235,0,0,
REFERENCE,REFERENCE__CENSUS_CB_STATE,_SRC_SHA256,LIBRARY_RAW.LANDING.XC_CENSUS_CB_STATE,raw_also_empty,raw_also_empty,56,56,0,0,
REFERENCE,REFERENCE__CENSUS_CB_ZCTA,_SRC_SHA256,LIBRARY_RAW.LANDING.XC_CENSUS_CB_ZCTA,raw_also_empty,raw_also_empty,33791,33791,0,0,
REFERENCE,REFERENCE__FED_DHS_HIFLD,NAME,LIBRARY_RAW.LANDING.FED_DHS_HIFLD,raw_also_empty,raw_also_empty,500,500,0,0,
REFERENCE,REFERENCE__FED_DHS_HIFLD,ADDRESS,LIBRARY_RAW.LANDING.FED_DHS_HIFLD,raw_also_empty,raw_also_empty,500,500,0,0,
REFERENCE,REFERENCE__FED_DHS_HIFLD,CITY,LIBRARY_RAW.LANDING.FED_DHS_HIFLD,raw_also_empty,raw_also_empty,500,500,0,0,
REFERENCE,REFERENCE__FED_DHS_HIFLD,STATE,LIBRARY_RAW.LANDING.FED_DHS_HIFLD,raw_also_empty,raw_also_empty,500,500,0,0,
REFERENCE,REFERENCE__FED_DHS_HIFLD,ZIP,LIBRARY_RAW.LANDING.FED_DHS_HIFLD,raw_also_empty,raw_also_empty,500,500,0,0,
REFERENCE,REFERENCE__FED_DHS_HIFLD,COUNTY,LIBRARY_RAW.LANDING.FED_DHS_HIFLD,raw_also_empty,raw_also_empty,500,500,0,0,
REFERENCE,REFERENCE__FED_DHS_HIFLD,FIPS,LIBRARY_RAW.LANDING.FED_DHS_HIFLD,raw_also_empty,raw_also_empty,500,500,0,0,
REFERENCE,REFERENCE__FED_DHS_HIFLD,LATITUDE,LIBRARY_RAW.LANDING.FED_DHS_HIFLD,raw_also_empty,raw_also_empty,500,500,0,0,
REFERENCE,REFERENCE__FED_DHS_HIFLD,LONGITUDE,LIBRARY_RAW.LANDING.FED_DHS_HIFLD,raw_also_empty,raw_also_empty,500,500,0,0,
REFERENCE,REFERENCE__FED_USGS_TOPOVIEW,MPDESC,LIBRARY_RAW.LANDING.FED_USGS_TOPOVIEW,raw_also_empty,raw_also_empty,250,250,0,0,
REFERENCE,REFERENCE__FED_USGS_TOPOVIEW,FILESIZE,LIBRARY_RAW.LANDING.FED_USGS_TOPOVIEW,raw_also_empty,raw_also_empty,250,250,0,0,
REFERENCE,REFERENCE__FED_USGS_TOPOVIEW,FILEFORMAT,LIBRARY_RAW.LANDING.FED_USGS_TOPOVIEW,raw_also_empty,raw_also_empty,250,250,0,0,
REFERENCE,REFERENCE__FED_USGS_TOPOVIEW,DATASETS,LIBRARY_RAW.LANDING.FED_USGS_TOPOVIEW,raw_also_empty,raw_also_empty,250,250,0,0,
REFERENCE,REFERENCE__FED_USGS_TOPOVIEW,FIPS,LIBRARY_RAW.LANDING.FED_USGS_TOPOVIEW,raw_also_empty,raw_also_empty,250,250,0,0,
REFERENCE,REFERENCE__FED_USGS_TOPOVIEW,STATE,LIBRARY_RAW.LANDING.FED_USGS_TOPOVIEW,raw_also_empty,raw_also_empty,250,250,0,0,
REFERENCE,REFERENCE__FED_USGS_TOPOVIEW,COUNTIES,LIBRARY_RAW.LANDING.FED_USGS_TOPOVIEW,raw_also_empty,raw_also_empty,250,250,0,0,
REFERENCE,REFERENCE__FED_USGS_TOPOVIEW,MAPSCALE,LIBRARY_RAW.LANDING.FED_USGS_TOPOVIEW,raw_also_empty,raw_also_empty,250,250,0,0,
REFERENCE,REFERENCE__INTL_EG_CAPMAS,CATEGORY,LIBRARY_RAW.LANDING.INTL_EG_CAPMAS,raw_also_empty,raw_also_empty,52,150,0,0,
REFERENCE,REFERENCE__INTL_EG_CAPMAS,YEAR,LIBRARY_RAW.LANDING.INTL_EG_CAPMAS,raw_also_empty,raw_also_empty,52,150,0,0,
REFERENCE,REFERENCE__INTL_EG_CAPMAS,VALUE,LIBRARY_RAW.LANDING.INTL_EG_CAPMAS,raw_also_empty,raw_also_empty,52,150,0,0,
REFERENCE,REFERENCE__INTL_EG_CAPMAS,UNIT,LIBRARY_RAW.LANDING.INTL_EG_CAPMAS,raw_also_empty,raw_also_empty,52,150,0,0,
REFERENCE,REFERENCE__INTL_EUROSTAT,OBS_STATUS,LIBRARY_RAW.LANDING.INTL_EUROSTAT,raw_also_empty,raw_also_empty,450,450,0,0,
REFERENCE,REFERENCE__INTL_EUROSTAT,INDICATOR,LIBRARY_RAW.LANDING.INTL_EUROSTAT,raw_also_empty,raw_also_empty,450,450,0,0,
REFERENCE,REFERENCE__INTL_GDELT,ACTOR1TYPE1CODE,LIBRARY_RAW.LANDING.INTL_GDELT,raw_also_empty,raw_also_empty,1015,1015,0,0,
REFERENCE,REFERENCE__INTL_GDELT,ACTOR2COUNTRYCODE,LIBRARY_RAW.LANDING.INTL_GDELT,raw_also_empty,raw_also_empty,1015,1015,0,0,
REFERENCE,REFERENCE__INTL_GDELT,EVENTCODE,LIBRARY_RAW.LANDING.INTL_GDELT,raw_also_empty,raw_also_empty,1015,1015,0,0,
REFERENCE,REFERENCE__INTL_GDELT,NUMARTICLES,LIBRARY_RAW.LANDING.INTL_GDELT,raw_also_empty,raw_also_empty,1015,1015,0,0,
REFERENCE,REFERENCE__INTL_GDELT,ACTOR1GEO_FULLNAME,LIBRARY_RAW.LANDING.INTL_GDELT,raw_also_empty,raw_also_empty,1015,1015,0,0,
SCIENCE,SCIENCE__FED_NSF_AWARDS,CO_PI_NAMES,LIBRARY_RAW.LANDING.FED_NSF_AWARDS,raw_also_empty,raw_also_empty,115,125,0,0,
SCIENCE,SCIENCE__FED_NSF_AWARDS,STATUS,LIBRARY_RAW.LANDING.FED_NSF_AWARDS,raw_also_empty,raw_also_empty,115,125,0,0,
SCIENCE,SCIENCE__FED_NSF_AWARDS,EIN,LIBRARY_RAW.LANDING.FED_NSF_AWARDS,raw_also_empty,raw_also_empty,115,125,0,0,
SCIENCE,SCIENCE__INTL_EMBL_ENSEMBL,TAXON_ID,LIBRARY_RAW.LANDING.INTL_EMBL_ENSEMBL,raw_also_empty,raw_also_empty,643,643,0,0,
SCIENCE,SCIENCE__INTL_EMBL_ENSEMBL,CONSEQUENCE_TYPE,LIBRARY_RAW.LANDING.INTL_EMBL_ENSEMBL,raw_also_empty,raw_also_empty,643,643,0,0,
SCIENCE,SCIENCE__INTL_EMBL_ENSEMBL,ALLELE_STRING,LIBRARY_RAW.LANDING.INTL_EMBL_ENSEMBL,raw_also_empty,raw_also_empty,643,643,0,0,
SCIENCE,SCIENCE__INTL_EMBL_ENSEMBL,POPULATION_NAME,LIBRARY_RAW.LANDING.INTL_EMBL_ENSEMBL,raw_also_empty,raw_also_empty,643,643,0,0,
SCIENCE,SCIENCE__INTL_EMBL_ENSEMBL,ONTOLOGY_TERM,LIBRARY_RAW.LANDING.INTL_EMBL_ENSEMBL,raw_also_empty,raw_also_empty,643,643,0,0,
SCIENCE_RESEARCH,SCIENCE_RESEARCH__FED_NIH_REPORTER,ORG_CITY,LIBRARY_RAW.LANDING.FED_NIH_REPORTER,raw_also_empty,raw_also_empty,2122611,2122611,0,0,
SCIENCE_RESEARCH,SCIENCE_RESEARCH__FED_NIH_REPORTER,ORG_STATE,LIBRARY_RAW.LANDING.FED_NIH_REPORTER,raw_also_empty,raw_also_empty,2122611,2122611,0,0,
SCIENCE_RESEARCH,SCIENCE_RESEARCH__FED_NIH_REPORTER,ORG_STATE_NAME,LIBRARY_RAW.LANDING.FED_NIH_REPORTER,raw_also_empty,raw_also_empty,2122611,2122611,0,0,
SCIENCE_RESEARCH,SCIENCE_RESEARCH__FED_NIH_REPORTER,ORG_COUNTRY,LIBRARY_RAW.LANDING.FED_NIH_REPORTER,raw_also_empty,raw_also_empty,2122611,2122611,0,0,
SCIENCE_RESEARCH,SCIENCE_RESEARCH__FED_NIH_REPORTER,ORG_IPF_CODE,LIBRARY_RAW.LANDING.FED_NIH_REPORTER,raw_also_empty,raw_also_empty,2122611,2122611,0,0,
SCIENCE_RESEARCH,SCIENCE_RESEARCH__FED_NIH_REPORTER,ORG_ZIP,LIBRARY_RAW.LANDING.FED_NIH_REPORTER,raw_also_empty,raw_also_empty,2122611,2122611,0,0,
SCIENCE_RESEARCH,SCIENCE_RESEARCH__FED_NIH_REPORTER,ORG_FIPS,LIBRARY_RAW.LANDING.FED_NIH_REPORTER,raw_also_empty,raw_also_empty,2122611,2122611,0,0,
SCIENCE_RESEARCH,SCIENCE_RESEARCH__FED_NIH_REPORTER,ORG_DEPT,LIBRARY_RAW.LANDING.FED_NIH_REPORTER,raw_also_empty,raw_also_empty,2122611,2122611,0,0,
SCIENCE_RESEARCH,SCIENCE_RESEARCH__FED_NIH_REPORTER,STUDY_SECTION,LIBRARY_RAW.LANDING.FED_NIH_REPORTER,raw_also_empty,raw_also_empty,2122611,2122611,0,0,
SCIENCE_RESEARCH,SCIENCE_RESEARCH__FED_NIH_REPORTER,STUDY_SECTION_NAME,LIBRARY_RAW.LANDING.FED_NIH_REPORTER,raw_also_empty,raw_also_empty,2122611,2122611,0,0,
SCIENCE_RESEARCH,SCIENCE_RESEARCH__FED_NIH_REPORTER,SRG_CODE,LIBRARY_RAW.LANDING.FED_NIH_REPORTER,raw_also_empty,raw_also_empty,2122611,2122611,0,0,
SCIENCE_RESEARCH,SCIENCE_RESEARCH__XC_BIORXIV_MEDRXIV,BIORXIV_DOI,LIBRARY_RAW.LANDING.XC_BIORXIV_MEDRXIV,raw_also_empty,raw_also_empty,432,432,0,0,
SCIENCE_RESEARCH,SCIENCE_RESEARCH__XC_BIORXIV_MEDRXIV,JATS_XML_PATH,LIBRARY_RAW.LANDING.XC_BIORXIV_MEDRXIV,raw_also_empty,raw_also_empty,432,432,0,0,
SCIENCE_RESEARCH,SCIENCE_RESEARCH__XC_BIORXIV_MEDRXIV,FUNDING_NAME,LIBRARY_RAW.LANDING.XC_BIORXIV_MEDRXIV,raw_also_empty,raw_also_empty,432,432,0,0,
SCIENCE_RESEARCH,SCIENCE_RESEARCH__XC_BIORXIV_MEDRXIV,FUNDING_ID_TYPE,LIBRARY_RAW.LANDING.XC_BIORXIV_MEDRXIV,raw_also_empty,raw_also_empty,432,432,0,0,
SCIENCE_RESEARCH,SCIENCE_RESEARCH__XC_BIORXIV_MEDRXIV,FUNDING_AWARD,LIBRARY_RAW.LANDING.XC_BIORXIV_MEDRXIV,raw_also_empty,raw_also_empty,432,432,0,0,
SCIENCE_RESEARCH,SCIENCE_RESEARCH__XC_BIORXIV_MEDRXIV,NEW_PAPERS,LIBRARY_RAW.LANDING.XC_BIORXIV_MEDRXIV,raw_also_empty,raw_also_empty,432,432,0,0,
SCIENCE_RESEARCH,SCIENCE_RESEARCH__XC_BIORXIV_MEDRXIV,NEW_PAPERS_CUMULATIVE,LIBRARY_RAW.LANDING.XC_BIORXIV_MEDRXIV,raw_also_empty,raw_also_empty,432,432,0,0,
SCIENCE_RESEARCH,SCIENCE_RESEARCH__XC_BIORXIV_MEDRXIV,REVISED_PAPERS,LIBRARY_RAW.LANDING.XC_BIORXIV_MEDRXIV,raw_also_empty,raw_also_empty,432,432,0,0,
SCIENCE_RESEARCH,SCIENCE_RESEARCH__XC_BIORXIV_MEDRXIV,REVISED_PAPERS_CUMULATIVE,LIBRARY_RAW.LANDING.XC_BIORXIV_MEDRXIV,raw_also_empty,raw_also_empty,432,432,0,0,
SCIENCE_RESEARCH,SCIENCE_RESEARCH__XC_BIORXIV_MEDRXIV,ABSTRACT_VIEWS,LIBRARY_RAW.LANDING.XC_BIORXIV_MEDRXIV,raw_also_empty,raw_also_empty,432,432,0,0,
SCIENCE_RESEARCH,SCIENCE_RESEARCH__XC_BIORXIV_MEDRXIV,FULL_TEXT_VIEWS,LIBRARY_RAW.LANDING.XC_BIORXIV_MEDRXIV,raw_also_empty,raw_also_empty,432,432,0,0,
SCIENCE_RESEARCH,SCIENCE_RESEARCH__XC_BIORXIV_MEDRXIV,PDF_DOWNLOADS,LIBRARY_RAW.LANDING.XC_BIORXIV_MEDRXIV,raw_also_empty,raw_also_empty,432,432,0,0,
SCIENCE_RESEARCH,SCIENCE_RESEARCH__XC_BIORXIV_MEDRXIV,ABSTRACT_CUMULATIVE,LIBRARY_RAW.LANDING.XC_BIORXIV_MEDRXIV,raw_also_empty,raw_also_empty,432,432,0,0,
SCIENCE_RESEARCH,SCIENCE_RESEARCH__XC_BIORXIV_MEDRXIV,FULL_TEXT_CUMULATIVE,LIBRARY_RAW.LANDING.XC_BIORXIV_MEDRXIV,raw_also_empty,raw_also_empty,432,432,0,0,
SCIENCE_RESEARCH,SCIENCE_RESEARCH__XC_BIORXIV_MEDRXIV,PDF_CUMULATIVE,LIBRARY_RAW.LANDING.XC_BIORXIV_MEDRXIV,raw_also_empty,raw_also_empty,432,432,0,0,
TRANSPORT,TRANSPORT__FED_DOT_BTS,MODE,LIBRARY_RAW.LANDING.FED_DOT_BTS,raw_also_empty,raw_also_empty,21,21,0,0,
TRANSPORT,TRANSPORT__FED_DOT_BTS,SUBJECT,LIBRARY_RAW.LANDING.FED_DOT_BTS,raw_also_empty,raw_also_empty,21,21,0,0,
TRANSPORT,TRANSPORT__FED_DOT_BTS,YEAR,LIBRARY_RAW.LANDING.FED_DOT_BTS,raw_also_empty,raw_also_empty,21,21,0,0,
TRANSPORT,TRANSPORT__FED_DOT_BTS,MONTH,LIBRARY_RAW.LANDING.FED_DOT_BTS,raw_also_empty,raw_also_empty,21,21,0,0,
TRANSPORT,TRANSPORT__FED_DOT_BTS,CARRIER_CODE,LIBRARY_RAW.LANDING.FED_DOT_BTS,raw_also_empty,raw_also_empty,21,21,0,0,
TRANSPORT,TRANSPORT__FED_DOT_BTS,ORIGIN,LIBRARY_RAW.LANDING.FED_DOT_BTS,raw_also_empty,raw_also_empty,21,21,0,0,
TRANSPORT,TRANSPORT__FED_DOT_BTS,DEST,LIBRARY_RAW.LANDING.FED_DOT_BTS,raw_also_empty,raw_also_empty,21,21,0,0,
TRANSPORT,TRANSPORT__FED_DOT_BTS,STATE_FIPS,LIBRARY_RAW.LANDING.FED_DOT_BTS,raw_also_empty,raw_also_empty,21,21,0,0,
TRANSPORT,TRANSPORT__FED_DOT_BTS,COUNTY_FIPS,LIBRARY_RAW.LANDING.FED_DOT_BTS,raw_also_empty,raw_also_empty,21,21,0,0,
TRANSPORT,TRANSPORT__FED_FRA_CROSSING_INCIDENTS,CROSSING_WARNING_EXPANDED_CODE_9,LIBRARY_RAW.LANDING.FED_FRA_CROSSING_INCIDENTS,raw_also_empty,raw_also_empty,251149,251149,0,0,
TRANSPORT,TRANSPORT__FED_FRA_CROSSING_INCIDENTS,CROSSING_WARNING_EXPANDED_CODE_10,LIBRARY_RAW.LANDING.FED_FRA_CROSSING_INCIDENTS,raw_also_empty,raw_also_empty,251149,251149,0,0,
TRANSPORT,TRANSPORT__FED_FRA_CROSSING_INCIDENTS,CROSSING_WARNING_EXPANDED_CODE_11,LIBRARY_RAW.LANDING.FED_FRA_CROSSING_INCIDENTS,raw_also_empty,raw_also_empty,251149,251149,0,0,
TRANSPORT,TRANSPORT__FED_FRA_CROSSING_INCIDENTS,CROSSING_WARNING_EXPANDED_CODE_12,LIBRARY_RAW.LANDING.FED_FRA_CROSSING_INCIDENTS,raw_also_empty,raw_also_empty,251149,251149,0,0,
TRANSPORT,TRANSPORT__FED_FRA_CROSSING_INCIDENTS,CROSSING_WARNING_EXPANDED_9,LIBRARY_RAW.LANDING.FED_FRA_CROSSING_INCIDENTS,raw_also_empty,raw_also_empty,251149,251149,0,0,
TRANSPORT,TRANSPORT__FED_FRA_CROSSING_INCIDENTS,CROSSING_WARNING_EXPANDED_10,LIBRARY_RAW.LANDING.FED_FRA_CROSSING_INCIDENTS,raw_also_empty,raw_also_empty,251149,251149,0,0,
TRANSPORT,TRANSPORT__FED_FRA_CROSSING_INCIDENTS,CROSSING_WARNING_EXPANDED_11,LIBRARY_RAW.LANDING.FED_FRA_CROSSING_INCIDENTS,raw_also_empty,raw_also_empty,251149,251149,0,0,
TRANSPORT,TRANSPORT__FED_FRA_CROSSING_INCIDENTS,CROSSING_WARNING_EXPANDED_12,LIBRARY_RAW.LANDING.FED_FRA_CROSSING_INCIDENTS,raw_also_empty,raw_also_empty,251149,251149,0,0,
