model,path,mart_schema,landing_table,landing_cols,mart_cols,col_loss_pct,positional_names,mart_rows_live,mart_object_type,catalog_mart_rows,header_rows,row_disagreement,bad_cast_cols,verdicts
CASE_QUEUE,library-onboarding/ripple_dbt/models/marts/review/case_queue.sql,REVIEW,,0,14,,0,,VIEW,,,,,OK
CIVIL_RIGHTS__FED_NARA_WRA_AAD,library-onboarding/ripple_dbt/models/marts/civil_rights/civil_rights__fed_nara_wra_aad.sql,CIVIL_RIGHTS,FED_NARA_WRA_AAD,12,15,-25.0,0,1,BASE TABLE,38,,catalog=38,,ROW_DISAGREE
COHORT_QUEUE,library-onboarding/ripple_dbt/models/marts/review/cohort_queue.sql,REVIEW,V_LEADS_PUBLISHED,0,25,,0,903,BASE TABLE,,,,,OK
CONSUMER_PROTECTION__FED_CFPB_COMPLAINTS,library-onboarding/ripple_dbt/models/marts/consumer_protection/consumer_protection__fed_cfpb_complaints.sql,CONSUMER_PROTECTION,FED_CFPB_COMPLAINTS,16,22,-37.5,0,17168287,BASE TABLE,34348075,,catalog=34348075,,ROW_DISAGREE
CONSUMER_SAFETY__FED_CPSC_NEISS,library-onboarding/ripple_dbt/models/marts/consumer_safety/consumer_safety__fed_cpsc_neiss.sql,CONSUMER_SAFETY,FED_CPSC_NEISS,27,21,22.2,0,9794971,BASE TABLE,9794971,,,,OK
CONSUMER_SAFETY__FED_NHTSA_COMPLAINTS,library-onboarding/ripple_dbt/models/marts/consumer_safety/consumer_safety__fed_nhtsa_complaints.sql,CONSUMER_SAFETY,FED_NHTSA_COMPLAINTS,51,28,45.1,0,2227941,BASE TABLE,4455882,,catalog=4455882,,ROW_DISAGREE
CONSUMER_SAFETY__FED_NHTSA_INVESTIGATIONS,library-onboarding/ripple_dbt/models/marts/consumer_safety/consumer_safety__fed_nhtsa_investigations.sql,CONSUMER_SAFETY,FED_NHTSA_INVESTIGATIONS,11,14,-27.3,0,154209,BASE TABLE,308418,,catalog=308418,,ROW_DISAGREE
CONSUMER_SAFETY__FED_NHTSA_RECALLS,library-onboarding/ripple_dbt/models/marts/consumer_safety/consumer_safety__fed_nhtsa_recalls.sql,CONSUMER_SAFETY,FED_NHTSA_RECALLS,29,19,34.5,0,242993,BASE TABLE,485986,,catalog=485986,,ROW_DISAGREE
CORPORATE_REGISTRY__FED_ICIJ_OFFSHORELEAKS_ADDRESSES,library-onboarding/ripple_dbt/models/marts/corporate_registry/corporate_registry__fed_icij_offshoreleaks_addresses.sql,CORPORATE_REGISTRY,FED_ICIJ_OFFSHORELEAKS_ADDRESSES,8,8,0.0,0,402246,BASE TABLE,402246,,,COUNTRY_CODES:try_to_number,BAD_CAST(1)
CORPORATE_REGISTRY__FED_ICIJ_OFFSHORELEAKS_ENTITIES,library-onboarding/ripple_dbt/models/marts/corporate_registry/corporate_registry__fed_icij_offshoreleaks_entities.sql,CORPORATE_REGISTRY,FED_ICIJ_OFFSHORELEAKS_ENTITIES,21,21,0.0,0,814344,BASE TABLE,814344,,,INCORPORATION_DATE:try_to_date;COUNTRY_CODES:try_to_number,BAD_CAST(2)
CORPORATE_REGISTRY__FED_ICIJ_OFFSHORELEAKS_INTERMEDIARIES,library-onboarding/ripple_dbt/models/marts/corporate_registry/corporate_registry__fed_icij_offshoreleaks_intermediaries.sql,CORPORATE_REGISTRY,FED_ICIJ_OFFSHORELEAKS_INTERMEDIARIES,10,10,0.0,0,26768,BASE TABLE,26768,,,COUNTRY_CODES:try_to_number,BAD_CAST(1)
CORPORATE_REGISTRY__FED_ICIJ_OFFSHORELEAKS_OFFICERS,library-onboarding/ripple_dbt/models/marts/corporate_registry/corporate_registry__fed_icij_offshoreleaks_officers.sql,CORPORATE_REGISTRY,FED_ICIJ_OFFSHORELEAKS_OFFICERS,7,7,0.0,0,771315,BASE TABLE,771315,,,COUNTRY_CODES:try_to_number,BAD_CAST(1)
CORPORATE_REGISTRY__FED_ICIJ_OFFSHORELEAKS_OTHERS,library-onboarding/ripple_dbt/models/marts/corporate_registry/corporate_registry__fed_icij_offshoreleaks_others.sql,CORPORATE_REGISTRY,FED_ICIJ_OFFSHORELEAKS_OTHERS,13,13,0.0,0,2989,BASE TABLE,2989,,,INCORPORATION_DATE:try_to_date;COUNTRY_CODES:try_to_number,BAD_CAST(2)
CORPORATE_REGISTRY__FED_ICIJ_OFFSHORELEAKS_RELATIONSHIPS,library-onboarding/ripple_dbt/models/marts/corporate_registry/corporate_registry__fed_icij_offshoreleaks_relationships.sql,CORPORATE_REGISTRY,FED_ICIJ_OFFSHORELEAKS_RELATIONSHIPS,8,8,0.0,0,3339267,BASE TABLE,3339267,,,,OK
CORPORATE_REGISTRY__FED_IRS_EO_BMF,library-onboarding/ripple_dbt/models/marts/corporate_registry/corporate_registry__fed_irs_eo_bmf.sql,CORPORATE_REGISTRY,FED_IRS_EO_BMF,28,30,-7.1,0,1983563,BASE TABLE,1983563,,,,OK
CORPORATE_REGISTRY__INTL_ES_BORME,library-onboarding/ripple_dbt/models/marts/corporate_registry/corporate_registry__intl_es_borme.sql,CORPORATE_REGISTRY,INTL_ES_BORME,11,14,-27.3,0,3,BASE TABLE,28,,catalog=28,COUNTRY:try_to_number,"BAD_CAST(1),ROW_DISAGREE"
CORPORATE_REGISTRY__INTL_IE_CRO,library-onboarding/ripple_dbt/models/marts/corporate_registry/corporate_registry__intl_ie_cro.sql,CORPORATE_REGISTRY,INTL_IE_CRO,21,13,38.1,0,818929,BASE TABLE,818930,,,COMPANY_TYPE_EFF_DATE:try_to_date;COMPANY_STATUS_DATE:try_to_date;COMPANY_NAME_EFF_DATE:try_to_date,BAD_CAST(3)
CORPORATE_REGISTRY__INTL_UK_COMPANIES_HOUSE,library-onboarding/ripple_dbt/models/marts/corporate_registry/corporate_registry__intl_uk_companies_house.sql,CORPORATE_REGISTRY,INT_UK_COMPANIES_HOUSE,55,18,67.3,0,5734780,BASE TABLE,5734780,,,INCORPORATIONDATE:try_to_double;REGADDRESS.COUNTRY:try_to_number;REGADDRESS.COUNTY:try_to_number;COUNTRYOFORIGIN:try_to_number,BAD_CAST(4)
CORPORATE_REGISTRY__UK_COMPANIES_HOUSE_PSC,library-onboarding/ripple_dbt/models/marts/corporate_registry/corporate_registry__uk_companies_house_psc.sql,CORPORATE_REGISTRY,UK_COMPANIES_HOUSE_PSC,24,24,0.0,0,7000000,BASE TABLE,7000000,,,ADDRESS_COUNTRY:try_to_number;COUNTRY_REGISTERED:try_to_number;COUNTRY_OF_RESIDENCE:try_to_number,BAD_CAST(3)
CRIMINAL_JUSTICE__FED_BJS_DATA,library-onboarding/ripple_dbt/models/marts/criminal_justice/criminal_justice__fed_bjs_data.sql,CRIMINAL_JUSTICE,FED_BJS_DATA,37,37,0.0,0,1000,BASE TABLE,1000,,,,PAGE_CAP
ECONOMICS__FED_BLS_QCEW,library-onboarding/ripple_dbt/models/marts/economics/economics__fed_bls_qcew.sql,ECONOMICS,FED_BLS_QCEW,38,16,57.9,0,3619437,BASE TABLE,3619437,,,,OK
ECONOMICS__FED_DOL_FORM5500,library-onboarding/ripple_dbt/models/marts/economics/economics__fed_dol_form5500.sql,ECONOMICS,FED_DOL_FORM5500,152,152,0.0,0,33484,BASE TABLE,33484,33484,,,OK
ECONOMICS__FED_FAC_SINGLE_AUDIT,library-onboarding/ripple_dbt/models/marts/economics/economics__fed_fac_single_audit.sql,ECONOMICS,FED_FAC_SINGLE_AUDIT,28,28,0.0,0,411638,BASE TABLE,411638,411638,,,OK
ECONOMICS__FED_FDIC_FAILED_BANKS,library-onboarding/ripple_dbt/models/marts/economics/economics__fed_fdic_failed_banks.sql,ECONOMICS,FED_FDIC_FAILED_BANKS,39,23,41.0,0,3584,BASE TABLE,3584,,,,OK
ECONOMICS__FED_FINCEN_BOI,library-onboarding/ripple_dbt/models/marts/economics/economics__fed_fincen_boi.sql,ECONOMICS,FED_FINCEN_BOI,14,14,0.0,0,1,BASE TABLE,1,1,,US_REGISTRATION_STATE:try_to_double,BAD_CAST(1)
ECONOMICS__FED_FOREIGNASSISTANCE,library-onboarding/ripple_dbt/models/marts/economics/economics__fed_foreignassistance.sql,ECONOMICS,FED_FOREIGNASSISTANCE,10,10,0.0,0,3967456,BASE TABLE,3967456,,,COUNTRY:try_to_number,BAD_CAST(1)
ECONOMICS__FED_GRANTS_GOV,library-onboarding/ripple_dbt/models/marts/economics/economics__fed_grants_gov.sql,ECONOMICS,FED_GRANTS_GOV,23,23,0.0,0,100,BASE TABLE,100,100,,,OK
ECONOMICS__FED_HHS_TAGGS,library-onboarding/ripple_dbt/models/marts/economics/economics__fed_hhs_taggs.sql,ECONOMICS,FED_HHS_TAGGS,19,0,100.0,0,,,1,,,RECIPIENT_COUNTRY:try_to_number,"BAD_CAST(1),NOT_BUILT"
ECONOMICS__FED_IRS_990,library-onboarding/ripple_dbt/models/marts/economics/economics__fed_irs_990.sql,ECONOMICS,FED_IRS_990,18,18,0.0,0,200,BASE TABLE,200,,,,OK
ECONOMICS__FED_IRS_990_EFILE_INDEX,library-onboarding/ripple_dbt/models/marts/economics/economics__fed_irs_990_efile_index.sql,ECONOMICS,FED_IRS_990_EFILE_INDEX,9,9,0.0,0,5544626,BASE TABLE,5544626,5544626,,,OK
ECONOMICS__FED_IRS_AUTO_REVOCATIONS,library-onboarding/ripple_dbt/models/marts/economics/economics__fed_irs_auto_revocations.sql,ECONOMICS,FED_IRS_AUTO_REVOCATIONS,12,12,0.0,0,500000,BASE TABLE,500000,500000,,COUNTRY:try_to_number;REINSTATEMENT_DATE:try_to_date,"BAD_CAST(2),PAGE_CAP"
ECONOMICS__FED_IRS_BMF,library-onboarding/ripple_dbt/models/marts/economics/economics__fed_irs_bmf.sql,ECONOMICS,FED_IRS_BMF,28,25,10.7,0,1974830,BASE TABLE,1974830,,,,OK
ECONOMICS__FED_IRS_EO_PR,library-onboarding/ripple_dbt/models/marts/economics/economics__fed_irs_eo_pr.sql,ECONOMICS,FED_IRS_EO_PR,28,28,0.0,0,2587,BASE TABLE,2587,2587,,,OK
ECONOMICS__FED_IRS_PUB78_ELIGIBLE_DONEES,library-onboarding/ripple_dbt/models/marts/economics/economics__fed_irs_pub78_eligible_donees.sql,ECONOMICS,FED_IRS_PUB78_ELIGIBLE_DONEES,6,6,0.0,0,500000,BASE TABLE,500000,500000,,COUNTRY:try_to_number,"BAD_CAST(1),PAGE_CAP"
ECONOMICS__FED_IRS_REVOCATION,library-onboarding/ripple_dbt/models/marts/economics/economics__fed_irs_revocation.sql,ECONOMICS,FED_IRS_REVOCATION,12,16,-33.3,0,1187367,BASE TABLE,1187367,,,EXEMPTION_REINSTATEMENT_DATE:try_to_date;COUNTRY:try_to_number,BAD_CAST(2)
ECONOMICS__FED_IRS_SOI_CHARITIES,library-onboarding/ripple_dbt/models/marts/economics/economics__fed_irs_soi_charities.sql,ECONOMICS,FED_IRS_SOI_CHARITIES,28,28,0.0,0,2450,BASE TABLE,2450,2450,,,OK
ECONOMICS__FED_PBGC_DATA,library-onboarding/ripple_dbt/models/marts/economics/economics__fed_pbgc_data.sql,ECONOMICS,FED_PBGC_DATA,10,10,0.0,0,149771,BASE TABLE,149771,149771,,,OK
ECONOMICS__FED_SBA_LOANS,library-onboarding/ripple_dbt/models/marts/economics/economics__fed_sba_loans.sql,ECONOMICS,FED_SBA_LOANS,52,30,42.3,0,2174502,BASE TABLE,2174502,,,PROJECTCOUNTY:try_to_number,BAD_CAST(1)
ECONOMICS__FED_SBA_PPP,library-onboarding/ripple_dbt/models/marts/economics/economics__fed_sba_ppp.sql,ECONOMICS,FED_SBA_PPP,53,32,39.6,0,968524,BASE TABLE,968524,,,SBAGUARANTYPERCENTAGE:try_to_double;PROJECTCOUNTYNAME:try_to_number,BAD_CAST(2)
ECONOMICS__FED_SEC_EDGAR,library-onboarding/ripple_dbt/models/marts/economics/economics__fed_sec_edgar.sql,ECONOMICS,FED_SEC_EDGAR,18,18,0.0,0,200,BASE TABLE,200,200,,STATEOFINCORPORATION:try_to_double,BAD_CAST(1)
ECONOMICS__FED_SEC_EDGAR_COMPANY_TICKERS,library-onboarding/ripple_dbt/models/marts/economics/economics__fed_sec_edgar_company_tickers.sql,ECONOMICS,FED_SEC_EDGAR_COMPANY_TICKERS,4,4,0.0,0,10414,BASE TABLE,10414,,,,OK
ECONOMICS__FED_TREASURY_AVG_INTEREST_RATES,library-onboarding/ripple_dbt/models/marts/economics/economics__fed_treasury_avg_interest_rates.sql,ECONOMICS,FED_TREASURY_AVG_INTEREST_RATES,11,13,-18.2,0,4961,BASE TABLE,4961,,,,OK
ECONOMICS__FED_TREASURY_DEBT_OUTSTANDING,library-onboarding/ripple_dbt/models/marts/economics/economics__fed_treasury_debt_outstanding.sql,ECONOMICS,FED_TREASURY_DEBT_OUTSTANDING,9,9,0.0,0,237,BASE TABLE,237,237,,,OK
ECONOMICS__FED_TREASURY_DEBT_TO_PENNY,library-onboarding/ripple_dbt/models/marts/economics/economics__fed_treasury_debt_to_penny.sql,ECONOMICS,FED_TREASURY_DEBT_TO_PENNY,15,13,13.3,0,8329,BASE TABLE,8329,,,,OK
ECONOMICS__FED_TREASURY_DTS_DEPOSITS,library-onboarding/ripple_dbt/models/marts/economics/economics__fed_treasury_dts_deposits.sql,ECONOMICS,FED_TREASURY_DTS_DEPOSITS,17,17,0.0,0,10000,BASE TABLE,10000,10000,,TRANSACTION_TODAY_AMT:try_to_double;TRANSACTION_MTD_AMT:try_to_double;ACCOUNT_TYPE:try_to_number;TRANSACTION_FYTD_AMT:try_to_double,"BAD_CAST(4),PAGE_CAP"
ECONOMICS__FED_TREASURY_MTS_RECEIPTS,library-onboarding/ripple_dbt/models/marts/economics/economics__fed_treasury_mts_receipts.sql,ECONOMICS,FED_TREASURY_MTS_RECEIPTS,27,27,0.0,0,7490,BASE TABLE,7490,7490,,,OK
ECONOMICS__FED_USASPENDING_ASSISTANCE_FULL,library-onboarding/ripple_dbt/models/marts/economics/economics__fed_usaspending_assistance_full.sql,ECONOMICS,FED_USASPENDING_ASSISTANCE_FULL,112,112,0.0,0,19902879,BASE TABLE,19902879,,,ACTION_DATE_FISCAL_YEAR:try_to_date;FEDERAL_ACTION_OBLIGATION:try_to_double;PRIMARY_PLACE_OF_PERFORMANCE_COUNTY_NAME:try_to_number;PRIMARY_PLACE_OF_PERFORMANCE_COUNTRY_NAME:try_to_number;ACTION_DATE:try_to_date;RECIPIENT_COUNTRY_NAME:try_to_number;PRIMARY_PLACE_OF_PERFORMANCE_COUNTRY_CODE:try_to_number;PRIME_AWARD_TRANSACTION_PLACE_OF_PERFORMANCE_COUNTY_FIPS_CODE:try_to_number;RECIPIENT_COUNTY_NAME:try_to_number;PRIME_AWARD_TRANSACTION_RECIPIENT_COUNTY_FIPS_CODE:try_to_number;RECIPIENT_COUNTRY_CODE:try_to_number,BAD_CAST(11)
ECONOMICS__FED_USASPENDING_CONTRACTS,library-onboarding/ripple_dbt/models/marts/economics/economics__fed_usaspending_contracts.sql,ECONOMICS,FED_USASPENDING_CONTRACTS,36,36,0.0,0,6325622,BASE TABLE,6325622,,,FEDERAL_ACTION_OBLIGATION:try_to_double;ACTION_DATE:try_to_date;RECIPIENT_COUNTRY_NAME:try_to_number,BAD_CAST(3)
ECONOMICS__FED_USASPENDING_CONTRACTS_FULL,library-onboarding/ripple_dbt/models/marts/economics/economics__fed_usaspending_contracts_full.sql,ECONOMICS,FED_USASPENDING_CONTRACTS_FULL,297,297,0.0,0,,VIEW,,,,FEDERAL_ACTION_OBLIGATION:try_to_double;COUNTRY_OF_PRODUCT_OR_SERVICE_ORIGIN:try_to_number;ACTION_DATE_FISCAL_YEAR:try_to_date;COUNTRY_OF_PRODUCT_OR_SERVICE_ORIGIN_CODE:try_to_number;PRIMARY_PLACE_OF_PERFORMANCE_COUNTRY_CODE:try_to_number;RECIPIENT_COUNTY_NAME:try_to_number;RECIPIENT_COUNTRY_NAME:try_to_number;RECIPIENT_COUNTRY_CODE:try_to_number;NUMBER_OF_ACTIONS:try_to_number;PRIME_AWARD_TRANSACTION_PLACE_OF_PERFORMANCE_COUNTY_FIPS_CODE:try_to_number;PRIMARY_PLACE_OF_PERFORMANCE_COUNTY_NAME:try_to_number;ACTION_DATE:try_to_date;COUNTY_LOCAL_GOVERNMENT:try_to_number;PRIMARY_PLACE_OF_PERFORMANCE_COUNTRY_NAME:try_to_number;PRIME_AWARD_TRANSACTION_RECIPIENT_COUNTY_FIPS_CODE:try_to_number,BAD_CAST(15)
ECONOMICS__FED_USASPENDING_TOPTIER_AGENCIES,library-onboarding/ripple_dbt/models/marts/economics/economics__fed_usaspending_toptier_agencies.sql,ECONOMICS,FED_USASPENDING_TOPTIER_AGENCIES,13,13,0.0,0,111,BASE TABLE,111,111,,,OK
ECONOMICS__FED_US_SEC_EDGAR,library-onboarding/ripple_dbt/models/marts/economics/economics__fed_us_sec_edgar.sql,ECONOMICS,FED_US_SEC_EDGAR,14,20,-42.9,0,48984,BASE TABLE,48984,,,STATE_OF_INCORPORATION:try_to_double,BAD_CAST(1)
ECONOMICS__FED_US_USASPENDING_API,library-onboarding/ripple_dbt/models/marts/economics/economics__fed_us_usaspending_api.sql,ECONOMICS,FED_US_USASPENDING_API,31,33,-6.5,0,300,BASE TABLE,300,,,TRANSACTION_COUNT:try_to_number,BAD_CAST(1)
ECONOMICS__INTL_CH_ZEFIX,library-onboarding/ripple_dbt/models/marts/economics/economics__intl_ch_zefix.sql,ECONOMICS,INTL_CH_ZEFIX,17,0,100.0,0,,,1,,,COUNTRY:try_to_number,"BAD_CAST(1),NOT_BUILT"
ECONOMICS__INTL_ES_BORME,library-onboarding/ripple_dbt/models/marts/economics/economics__intl_es_borme.sql,ECONOMICS,INTL_ES_BORME,11,0,100.0,0,,,28,25,,COUNTRY:try_to_number,"BAD_CAST(1),NOT_BUILT"
ECONOMICS__INTL_FAO_FAOSTAT,library-onboarding/ripple_dbt/models/marts/economics/economics__intl_fao_faostat.sql,ECONOMICS,INTL_FAO_FAOSTAT,8,8,0.0,0,69,BASE TABLE,69,69,,,OK
ECONOMICS__INTL_FAO_FAOSTAT_FOOD_SECURITY,library-onboarding/ripple_dbt/models/marts/economics/economics__intl_fao_faostat_food_security.sql,ECONOMICS,INTL_FAO_FAOSTAT_FOOD_SECURITY,13,13,0.0,0,279470,BASE TABLE,279470,279470,,,OK
ECONOMICS__INTL_GFI_TRADE,library-onboarding/ripple_dbt/models/marts/economics/economics__intl_gfi_trade.sql,ECONOMICS,INTL_GFI_TRADE,5,5,0.0,0,25,BASE TABLE,25,25,,COUNTRY:try_to_number,BAD_CAST(1)
ECONOMICS__INTL_GLEIF,library-onboarding/ripple_dbt/models/marts/economics/economics__intl_gleif.sql,ECONOMICS,INTL_GLEIF,338,338,0.0,0,3382301,BASE TABLE,3382301,,,ENTITY.TRANSLITERATEDOTHERADDRESSES.TRANSLITERATEDOTHERADDRESS.2.COUNTRY:try_to_number;ENTITY.OTHERADDRESSES.OTHERADDRESS.2.COUNTRY:try_to_number;ENTITY.TRANSLITERATEDOTHERADDRESSES.TRANSLITERATEDOTHERADDRESS.4.COUNTRY:try_to_number;ENTITY.OTHERADDRESSES.OTHERADDRESS.3.COUNTRY:try_to_number;ENTITY.OTHERADDRESSES.OTHERADDRESS.5.COUNTRY:try_to_number;ENTITY.LEGALADDRESS.COUNTRY:try_to_number;ENTITY.TRANSLITERATEDOTHERADDRESSES.TRANSLITERATEDOTHERADDRESS.5.COUNTRY:try_to_number;ENTITY.TRANSLITERATEDOTHERADDRESSES.TRANSLITERATEDOTHERADDRESS.1.COUNTRY:try_to_number;REGISTRATION.REGISTRATIONSTATUS:try_to_double;ENTITY.HEADQUARTERSADDRESS.COUNTRY:try_to_number;ENTITY.OTHERADDRESSES.OTHERADDRESS.4.COUNTRY:try_to_number;ENTITY.OTHERADDRESSES.OTHERADDRESS.1.COUNTRY:try_to_number;ENTITY.TRANSLITERATEDOTHERADDRESSES.TRANSLITERATEDOTHERADDRESS.3.COUNTRY:try_to_number,BAD_CAST(13)
ECONOMICS__INTL_GLEIF_RELATIONSHIPS,library-onboarding/ripple_dbt/models/marts/economics/economics__intl_gleif_relationships.sql,ECONOMICS,INTL_GLEIF_RELATIONSHIPS,54,54,0.0,0,481900,BASE TABLE,481900,481900,,REGISTRATION_REGISTRATIONSTATUS:try_to_double,BAD_CAST(1)
ECONOMICS__INTL_GLEIF_REPEX,library-onboarding/ripple_dbt/models/marts/economics/economics__intl_gleif_repex.sql,ECONOMICS,INTL_GLEIF_REPEX,12,12,0.0,0,6259489,BASE TABLE,6259489,6259489,,,OK
ECONOMICS__INTL_GLEIF_RR,library-onboarding/ripple_dbt/models/marts/economics/economics__intl_gleif_rr.sql,ECONOMICS,INT_GLEIF_RR,54,54,0.0,0,481933,BASE TABLE,963866,,catalog=963866,REGISTRATION.REGISTRATIONSTATUS:try_to_double,"BAD_CAST(1),ROW_DISAGREE"
ECONOMICS__INTL_GR_GEMI,library-onboarding/ripple_dbt/models/marts/economics/economics__intl_gr_gemi.sql,ECONOMICS,INTL_GR_GEMI,14,0,100.0,0,,,1,,,,NOT_BUILT
ECONOMICS__INTL_IPC_FOOD_INSECURITY_GLOBAL,library-onboarding/ripple_dbt/models/marts/economics/economics__intl_ipc_food_insecurity_global.sql,ECONOMICS,INTL_IPC_FOOD_INSECURITY_GLOBAL,9,9,0.0,0,735,BASE TABLE,735,735,,TOTAL_COUNTRY_POPULATION:try_to_number;COUNTRY:try_to_number,BAD_CAST(2)
ECONOMICS__INTL_IT_ISTAT,library-onboarding/ripple_dbt/models/marts/economics/economics__intl_it_istat.sql,ECONOMICS,INTL_IT_ISTAT,10,18,-80.0,0,213284,BASE TABLE,213284,,,,OK
ECONOMICS__INT_GLEIF_RR,library-onboarding/ripple_dbt/models/marts/economics/economics__int_gleif_rr.sql,ECONOMICS,INT_GLEIF_RR,54,54,0.0,0,481933,BASE TABLE,963866,481933,catalog=963866,REGISTRATION.REGISTRATIONSTATUS:try_to_double,"BAD_CAST(1),ROW_DISAGREE"
ECONOMICS__XC_OWID_GINI,library-onboarding/ripple_dbt/models/marts/economics/economics__xc_owid_gini.sql,ECONOMICS,XC_OWID_GINI,5,5,0.0,0,2389,BASE TABLE,2389,2389,,,OK
ECONOMICS__XC_WIKIPEDIA_LARGEST_US_COMPANIES,library-onboarding/ripple_dbt/models/marts/economics/economics__xc_wikipedia_largest_us_companies.sql,ECONOMICS,XC_WIKIPEDIA_LARGEST_US_COMPANIES,7,7,0.0,0,100,BASE TABLE,100,100,,,OK
EDUCATION__FED_CFTC_COT_FINANCIAL,library-onboarding/ripple_dbt/models/marts/education/education__fed_cftc_cot_financial.sql,EDUCATION,FED_CFTC_COT_FINANCIAL,87,87,0.0,0,3163,BASE TABLE,3163,3163,,,OK
EDUCATION__FED_CFTC_COT_FUTURES,library-onboarding/ripple_dbt/models/marts/education/education__fed_cftc_cot_futures.sql,EDUCATION,FED_CFTC_COT_FUTURES,129,129,0.0,0,16764,BASE TABLE,16764,16764,,,OK
EDUCATION__FED_CPSC_NEISS_CODES,library-onboarding/ripple_dbt/models/marts/education/education__fed_cpsc_neiss_codes.sql,EDUCATION,FED_CPSC_NEISS_CODES,4,4,0.0,0,1250,BASE TABLE,1250,1250,,,OK
EDUCATION__FED_ED_COLLEGE_SCORECARD_INSTITUTION,library-onboarding/ripple_dbt/models/marts/education/education__fed_ed_college_scorecard_institution.sql,EDUCATION,FED_ED_COLLEGE_SCORECARD_INSTITUTION,3308,64,98.1,0,6273,BASE TABLE,6273,,,,OK
EDUCATION__FED_ED_EDFACTS,library-onboarding/ripple_dbt/models/marts/education/education__fed_ed_edfacts.sql,EDUCATION,FED_ED_EDFACTS,15,15,0.0,0,33,BASE TABLE,33,33,,,OK
EDUCATION__FED_ED_NCES_CIP_CODES,library-onboarding/ripple_dbt/models/marts/education/education__fed_ed_nces_cip_codes.sql,EDUCATION,FED_ED_NCES_CIP_CODES,8,9,-12.5,0,2318,BASE TABLE,2318,,,,OK
EDUCATION__FED_FRB_H15_SELECTED_RATES,library-onboarding/ripple_dbt/models/marts/education/education__fed_frb_h15_selected_rates.sql,EDUCATION,FED_FRB_H15_SELECTED_RATES,12,12,0.0,0,16848,BASE TABLE,16848,16848,,,OK
EDUCATION__FED_FRB_Z1_CSV,library-onboarding/ripple_dbt/models/marts/education/education__fed_frb_z1_csv.sql,EDUCATION,FED_FRB_Z1_CSV,424,424,0.0,0,304,BASE TABLE,304,304,,,OK
EDUCATION__FED_GOOGLE_POLADS_ADVERTISER_DECLARED_STATS,library-onboarding/ripple_dbt/models/marts/education/education__fed_google_polads_advertiser_declared_stats.sql,EDUCATION,FED_GOOGLE_POLADS_ADVERTISER_DECLARED_STATS,7,7,0.0,0,469,BASE TABLE,469,469,,,OK
EDUCATION__FED_GOOGLE_POLADS_ADVERTISER_GEO_SPEND,library-onboarding/ripple_dbt/models/marts/education/education__fed_google_polads_advertiser_geo_spend.sql,EDUCATION,FED_GOOGLE_POLADS_ADVERTISER_GEO_SPEND,24,24,0.0,0,500000,BASE TABLE,500000,500000,,COUNTRY_SUBDIVISION_PRIMARY:try_to_number;COUNTRY:try_to_number,"BAD_CAST(2),PAGE_CAP"
EDUCATION__FED_GOOGLE_POLADS_ADVERTISER_ID_MAPPING,library-onboarding/ripple_dbt/models/marts/education/education__fed_google_polads_advertiser_id_mapping.sql,EDUCATION,FED_GOOGLE_POLADS_ADVERTISER_ID_MAPPING,2,2,0.0,0,8044,BASE TABLE,8044,8044,,,SHELL_LANDING
EDUCATION__FED_GOOGLE_POLADS_ADVERTISER_STATS,library-onboarding/ripple_dbt/models/marts/education/education__fed_google_polads_advertiser_stats.sql,EDUCATION,FED_GOOGLE_POLADS_ADVERTISER_STATS,26,26,0.0,0,21113,BASE TABLE,21113,21113,,,OK
EDUCATION__FED_GOOGLE_POLADS_ADVERTISER_WEEKLY_SPEND,library-onboarding/ripple_dbt/models/marts/education/education__fed_google_polads_advertiser_weekly_spend.sql,EDUCATION,FED_GOOGLE_POLADS_ADVERTISER_WEEKLY_SPEND,24,24,0.0,0,296452,BASE TABLE,296452,296452,,,OK
EDUCATION__FED_GOOGLE_POLADS_CREATIVE_ID_MAPPING,library-onboarding/ripple_dbt/models/marts/education/education__fed_google_polads_creative_id_mapping.sql,EDUCATION,FED_GOOGLE_POLADS_CREATIVE_ID_MAPPING,2,2,0.0,0,500000,BASE TABLE,500000,500000,,,"SHELL_LANDING,PAGE_CAP"
EDUCATION__FED_GOOGLE_POLADS_CREATIVE_STATS,library-onboarding/ripple_dbt/models/marts/education/education__fed_google_polads_creative_stats.sql,EDUCATION,FED_GOOGLE_POLADS_CREATIVE_STATS,60,60,0.0,0,500000,BASE TABLE,500000,500000,,,PAGE_CAP
EDUCATION__FED_GOOGLE_POLADS_GEO_SPEND,library-onboarding/ripple_dbt/models/marts/education/education__fed_google_polads_geo_spend.sql,EDUCATION,FED_GOOGLE_POLADS_GEO_SPEND,23,23,0.0,0,1289,BASE TABLE,1289,1289,,COUNTRY_SUBDIVISION_SECONDARY:try_to_number;COUNTRY:try_to_number;COUNTRY_SUBDIVISION_PRIMARY:try_to_number,BAD_CAST(3)
EDUCATION__FED_SENATE_LDA_FILINGS,library-onboarding/ripple_dbt/models/marts/education/education__fed_senate_lda_filings.sql,EDUCATION,FED_SENATE_LDA_FILINGS,26,26,0.0,0,174871,BASE TABLE,174871,174871,,REGISTRANT_COUNTRY:try_to_number;CLIENT_COUNTRY:try_to_number,BAD_CAST(2)
ENERGY__FED_EIA860_1_UTILITY,library-onboarding/ripple_dbt/models/marts/energy/energy__fed_eia860_1_utility.sql,ENERGY,FED_EIA860_1_UTILITY,12,13,-8.3,0,6643,BASE TABLE,6643,,,,OK
ENERGY__FED_EIA860_2_PLANT,library-onboarding/ripple_dbt/models/marts/energy/energy__fed_eia860_2_plant.sql,ENERGY,FED_EIA860_2_PLANT,43,44,-2.3,0,16132,BASE TABLE,16132,,,COUNTY:try_to_number;FERC_COGENERATION_STATUS:try_to_double,BAD_CAST(2)
ENERGY__FED_EIA860_3_1_GENERATOR,library-onboarding/ripple_dbt/models/marts/energy/energy__fed_eia860_3_1_generator.sql,ENERGY,FED_EIA860_3_1_GENERATOR,74,75,-1.4,0,26855,BASE TABLE,26855,,,COUNTY:try_to_number,BAD_CAST(1)
ENERGY__FED_EIA860_3_2_WIND,library-onboarding/ripple_dbt/models/marts/energy/energy__fed_eia860_3_2_wind.sql,ENERGY,FED_EIA860_3_2_WIND,24,25,-4.2,0,1563,BASE TABLE,1563,,,COUNTY:try_to_number,BAD_CAST(1)
ENERGY__FED_EIA860_3_3_SOLAR,library-onboarding/ripple_dbt/models/marts/energy/energy__fed_eia860_3_3_solar.sql,ENERGY,FED_EIA860_3_3_SOLAR,42,43,-2.4,0,7154,BASE TABLE,7154,,,COUNTY:try_to_number,BAD_CAST(1)
ENERGY__FED_EIA860_3_4_ENERGY_STORAGE,library-onboarding/ripple_dbt/models/marts/energy/energy__fed_eia860_3_4_energy_storage.sql,ENERGY,FED_EIA860_3_4_ENERGY_STORAGE,50,51,-2.0,0,786,BASE TABLE,786,,,COUNTY:try_to_number,BAD_CAST(1)
ENERGY__FED_EIA860_3_5_MULTIFUEL,library-onboarding/ripple_dbt/models/marts/energy/energy__fed_eia860_3_5_multifuel.sql,ENERGY,FED_EIA860_3_5_MULTIFUEL,40,41,-2.5,0,2893,BASE TABLE,2893,,,COUNTY:try_to_number,BAD_CAST(1)
ENERGY__FED_EIA860_4_OWNER,library-onboarding/ripple_dbt/models/marts/energy/energy__fed_eia860_4_owner.sql,ENERGY,FED_EIA860_4_OWNER,15,16,-6.7,0,5495,BASE TABLE,5495,,,,OK
ENERGY__FED_EIA860_6_1_ENVIROASSOC,library-onboarding/ripple_dbt/models/marts/energy/energy__fed_eia860_6_1_enviroassoc.sql,ENERGY,FED_EIA860_6_1_ENVIROASSOC,8,9,-12.5,0,7020,BASE TABLE,7020,,,,OK
ENERGY__FED_EIA860_6_2_ENVIROEQUIP,library-onboarding/ripple_dbt/models/marts/energy/energy__fed_eia860_6_2_enviroequip.sql,ENERGY,FED_EIA860_6_2_ENVIROEQUIP,50,51,-2.0,0,4428,BASE TABLE,4428,,,,OK
ENERGY__FED_EIA861_ADVANCED_METERS,library-onboarding/ripple_dbt/models/marts/energy/energy__fed_eia861_advanced_meters.sql,ENERGY,FED_EIA861_ADVANCED_METERS,48,50,-4.2,0,2725,BASE TABLE,2725,,,,OK
ENERGY__FED_EIA861_DELIVERY_COMPANIES,library-onboarding/ripple_dbt/models/marts/energy/energy__fed_eia861_delivery_companies.sql,ENERGY,FED_EIA861_DELIVERY_COMPANIES,25,27,-8.0,0,7,BASE TABLE,7,,,,OK
ENERGY__FED_EIA861_DEMAND_RESPONSE,library-onboarding/ripple_dbt/models/marts/energy/energy__fed_eia861_demand_response.sql,ENERGY,FED_EIA861_DEMAND_RESPONSE,37,39,-5.4,0,339,BASE TABLE,339,,,,OK
ENERGY__FED_EIA861_DISTRIBUTION_SYSTEMS,library-onboarding/ripple_dbt/models/marts/energy/energy__fed_eia861_distribution_systems.sql,ENERGY,FED_EIA861_DISTRIBUTION_SYSTEMS,7,9,-28.6,0,1353,BASE TABLE,1353,,,,OK
ENERGY__FED_EIA861_DYNAMIC_PRICING,library-onboarding/ripple_dbt/models/marts/energy/energy__fed_eia861_dynamic_pricing.sql,ENERGY,FED_EIA861_DYNAMIC_PRICING,32,34,-6.2,0,857,BASE TABLE,857,,,,OK
ENERGY__FED_EIA861_ENERGY_EFFICIENCY,library-onboarding/ripple_dbt/models/marts/energy/energy__fed_eia861_energy_efficiency.sql,ENERGY,FED_EIA861_ENERGY_EFFICIENCY,51,53,-3.9,0,458,BASE TABLE,458,,,,OK
ENERGY__FED_EIA861_FRAME,library-onboarding/ripple_dbt/models/marts/energy/energy__fed_eia861_frame.sql,ENERGY,FED_EIA861_FRAME,22,24,-9.1,0,3412,BASE TABLE,3412,,,,OK
ENERGY__FED_EIA861_MERGERS,library-onboarding/ripple_dbt/models/marts/energy/energy__fed_eia861_mergers.sql,ENERGY,FED_EIA861_MERGERS,11,13,-18.2,0,4,BASE TABLE,4,,,,OK
ENERGY__FED_EIA861_NET_METERING,library-onboarding/ripple_dbt/models/marts/energy/energy__fed_eia861_net_metering.sql,ENERGY,FED_EIA861_NET_METERING,117,119,-1.7,0,1004,BASE TABLE,1004,,,,OK
ENERGY__FED_EIA861_NON_NET_METERING_DISTRIBUTED,library-onboarding/ripple_dbt/models/marts/energy/energy__fed_eia861_non_net_metering_distributed.sql,ENERGY,FED_EIA861_NON_NET_METERING_DISTRIBUTED,77,79,-2.6,0,507,BASE TABLE,507,,,,OK
ENERGY__FED_EIA861_OPERATIONAL_DATA,library-onboarding/ripple_dbt/models/marts/energy/energy__fed_eia861_operational_data.sql,ENERGY,FED_EIA861_OPERATIONAL_DATA,33,35,-6.1,0,1711,BASE TABLE,1711,,,,OK
ENERGY__FED_EIA861_RELIABILITY,library-onboarding/ripple_dbt/models/marts/energy/energy__fed_eia861_reliability.sql,ENERGY,FED_EIA861_RELIABILITY,29,31,-6.9,0,971,BASE TABLE,971,,,,OK
ENERGY__FED_EIA861_SALES_ULT_CUST,library-onboarding/ripple_dbt/models/marts/energy/energy__fed_eia861_sales_ult_cust.sql,ENERGY,FED_EIA861_SALES_ULT_CUST,25,27,-8.0,0,2815,BASE TABLE,2815,,,,OK
ENERGY__FED_EIA861_SALES_ULT_CUST_CS,library-onboarding/ripple_dbt/models/marts/energy/energy__fed_eia861_sales_ult_cust_cs.sql,ENERGY,FED_EIA861_SALES_ULT_CUST_CS,23,25,-8.7,0,674,BASE TABLE,674,,,,OK
ENERGY__FED_EIA861_SERVICE_TERRITORY,library-onboarding/ripple_dbt/models/marts/energy/energy__fed_eia861_service_territory.sql,ENERGY,FED_EIA861_SERVICE_TERRITORY,7,9,-28.6,0,11775,BASE TABLE,11775,,,,OK
ENERGY__FED_EIA861_SHORT_FORM,library-onboarding/ripple_dbt/models/marts/energy/energy__fed_eia861_short_form.sql,ENERGY,FED_EIA861_SHORT_FORM,14,16,-14.3,0,1724,BASE TABLE,1724,,,,OK
ENERGY__FED_EIA861_UTILITY_DATA,library-onboarding/ripple_dbt/models/marts/energy/energy__fed_eia861_utility_data.sql,ENERGY,FED_EIA861_UTILITY_DATA,33,35,-6.1,0,1701,BASE TABLE,1701,,,,OK
ENERGY__FED_EIA_861_BALANCING_AUTHORITY,library-onboarding/ripple_dbt/models/marts/energy/energy__fed_eia_861_balancing_authority.sql,ENERGY,FED_EIA_861_BALANCING_AUTHORITY,5,6,-20.0,0,189,BASE TABLE,189,,,,OK
ENERGY__INTL_EMBER_ELEC,library-onboarding/ripple_dbt/models/marts/energy/energy__intl_ember_elec.sql,ENERGY,INTL_EMBER_ELEC,18,19,-5.6,0,369264,BASE TABLE,369264,,,COUNTRY_OR_REGION:try_to_number,BAD_CAST(1)
ENVIRONMENT__EPA_PENALTY_GAP,library-onboarding/ripple_dbt/models/marts/environment/environment__epa_penalty_gap.sql,ENVIRONMENT,,0,28,,0,93808,BASE TABLE,,,,,OK
ENVIRONMENT__FED_EPA_AIR_EMISSIONS_POLL_RPT_COMBINED_EMISSIONS,library-onboarding/ripple_dbt/models/marts/environment/environment__fed_epa_air_emissions_poll_rpt_combined_emissions.sql,ENVIRONMENT,FED_EPA_AIR_EMISSIONS_POLL_RPT_COMBINED_EMISSIONS,9,9,0.0,0,10411826,BASE TABLE,10411826,500000,header=500000,,ROW_DISAGREE
ENVIRONMENT__FED_EPA_AQS_SITES,library-onboarding/ripple_dbt/models/marts/environment/environment__fed_epa_aqs_sites.sql,ENVIRONMENT,FED_EPA_AQS_SITES,28,30,-7.1,0,20994,BASE TABLE,20994,,,COUNTY_NAME:try_to_number;MET_SITE_COUNTY_CODE:try_to_number;COUNTY_CODE:try_to_number;EXTRACTION_DATE:try_to_date,BAD_CAST(4)
ENVIRONMENT__FED_EPA_ECHO,library-onboarding/ripple_dbt/models/marts/environment/environment__fed_epa_echo.sql,ENVIRONMENT,FED_EPA_ECHO,133,41,69.2,0,3135554,BASE TABLE,3135554,,,RCRA_FORMAL_ACTION_COUNT:try_to_number;FAC_FORMAL_ACTION_COUNT:try_to_number;CWA_DATE_LAST_FORMAL_ACTION:try_to_date;CWA_FORMAL_ACTION_COUNT:try_to_number;RCRA_DATE_LAST_FORMAL_ACTION:try_to_date;FAC_DATE_LAST_INSPECTION_STATE:try_to_date;CAA_FORMAL_ACTION_COUNT:try_to_number;CAA_DATE_LAST_FORMAL_ACTION:try_to_date;FAC_DATE_LAST_FORMAL_ACTION:try_to_date;FAC_COUNTY:try_to_number;FAC_DATE_LAST_INFORMAL_ACTION:try_to_date;SDWA_FORMAL_ACTION_COUNT:try_to_number,BAD_CAST(12)
ENVIRONMENT__FED_EPA_EGRID_PLANT_2022,library-onboarding/ripple_dbt/models/marts/environment/environment__fed_epa_egrid_plant_2022.sql,ENVIRONMENT,FED_EPA_EGRID_PLANT_2022,141,141,0.0,0,11974,BASE TABLE,11974,11974,,PLANT_FIPS_COUNTY_CODE:try_to_number;PLANT_COUNTY_NAME:try_to_number,BAD_CAST(2)
ENVIRONMENT__FED_EPA_ENVIROFACTS,library-onboarding/ripple_dbt/models/marts/environment/environment__fed_epa_envirofacts.sql,ENVIRONMENT,FED_EPA_ENVIROFACTS,14,14,0.0,0,5000,BASE TABLE,5000,,,COUNTY_NAME:try_to_number,"BAD_CAST(1),PAGE_CAP"
ENVIRONMENT__FED_EPA_FRS_FACILITIES,library-onboarding/ripple_dbt/models/marts/environment/environment__fed_epa_frs_facilities.sql,ENVIRONMENT,FED_EPA_FRS_FULL,34,25,26.5,0,5300149,BASE TABLE,5300149,,,COUNTY_NAME:try_to_number;COUNTRY_NAME:try_to_number,BAD_CAST(2)
ENVIRONMENT__FED_EPA_FRS_FRS_FACILITIES,library-onboarding/ripple_dbt/models/marts/environment/environment__fed_epa_frs_frs_facilities.sql,ENVIRONMENT,FED_EPA_FRS_FRS_FACILITIES,10,10,0.0,0,3277557,BASE TABLE,3277557,,,FAC_COUNTY:try_to_number,BAD_CAST(1)
ENVIRONMENT__FED_EPA_FRS_FRS_NAICS_CODES,library-onboarding/ripple_dbt/models/marts/environment/environment__fed_epa_frs_frs_naics_codes.sql,ENVIRONMENT,FED_EPA_FRS_FRS_NAICS_CODES,4,4,0.0,0,2179702,BASE TABLE,2179702,500000,header=500000,,ROW_DISAGREE
ENVIRONMENT__FED_EPA_FRS_FRS_PROGRAM_LINKS,library-onboarding/ripple_dbt/models/marts/environment/environment__fed_epa_frs_frs_program_links.sql,ENVIRONMENT,FED_EPA_FRS_FRS_PROGRAM_LINKS,13,13,0.0,0,4406498,BASE TABLE,4406498,500000,header=500000,COUNTY_NAME:try_to_number;COUNTRY_NAME:try_to_number,"BAD_CAST(2),ROW_DISAGREE"
ENVIRONMENT__FED_EPA_FRS_FRS_SIC_CODES,library-onboarding/ripple_dbt/models/marts/environment/environment__fed_epa_frs_frs_sic_codes.sql,ENVIRONMENT,FED_EPA_FRS_FRS_SIC_CODES,4,4,0.0,0,1085211,BASE TABLE,1085211,500000,header=500000,,ROW_DISAGREE
ENVIRONMENT__FED_EPA_GHGRP_EMISSION,library-onboarding/ripple_dbt/models/marts/environment/environment__fed_epa_ghgrp_emission.sql,ENVIRONMENT,FED_EPA_GHGRP_EMISSION,6,7,-16.7,0,346683,BASE TABLE,346683,,,,OK
ENVIRONMENT__FED_EPA_GHGRP_FACILITY,library-onboarding/ripple_dbt/models/marts/environment/environment__fed_epa_ghgrp_facility.sql,ENVIRONMENT,FED_EPA_GHGRP_FACILITY,37,38,-2.7,0,136005,BASE TABLE,136005,,,COUNTY:try_to_number;COUNTY_FIPS:try_to_number,BAD_CAST(2)
ENVIRONMENT__FED_EPA_ICIS_AIR_ICIS_AIR_FACILITIES,library-onboarding/ripple_dbt/models/marts/environment/environment__fed_epa_icis_air_icis_air_facilities.sql,ENVIRONMENT,FED_EPA_ICIS_AIR_ICIS_AIR_FACILITIES,19,19,0.0,0,279728,BASE TABLE,279728,279665,,COUNTY_NAME:try_to_number,BAD_CAST(1)
ENVIRONMENT__FED_EPA_ICIS_AIR_ICIS_AIR_FCES_PCES,library-onboarding/ripple_dbt/models/marts/environment/environment__fed_epa_icis_air_icis_air_fces_pces.sql,ENVIRONMENT,FED_EPA_ICIS_AIR_ICIS_AIR_FCES_PCES,10,10,0.0,0,1779096,BASE TABLE,1779096,500000,header=500000,,ROW_DISAGREE
ENVIRONMENT__FED_EPA_ICIS_AIR_ICIS_AIR_FORMAL_ACTIONS,library-onboarding/ripple_dbt/models/marts/environment/environment__fed_epa_icis_air_icis_air_formal_actions.sql,ENVIRONMENT,FED_EPA_ICIS_AIR_ICIS_AIR_FORMAL_ACTIONS,10,10,0.0,0,106009,BASE TABLE,106009,105946,,,OK
ENVIRONMENT__FED_EPA_ICIS_AIR_ICIS_AIR_INFORMAL_ACTIONS,library-onboarding/ripple_dbt/models/marts/environment/environment__fed_epa_icis_air_icis_air_informal_actions.sql,ENVIRONMENT,FED_EPA_ICIS_AIR_ICIS_AIR_INFORMAL_ACTIONS,10,10,0.0,0,338316,BASE TABLE,338316,338027,,,OK
ENVIRONMENT__FED_EPA_ICIS_AIR_ICIS_AIR_POLLUTANTS,library-onboarding/ripple_dbt/models/marts/environment/environment__fed_epa_icis_air_icis_air_pollutants.sql,ENVIRONMENT,FED_EPA_ICIS_AIR_ICIS_AIR_POLLUTANTS,7,7,0.0,0,978398,BASE TABLE,978398,500000,header=500000,,ROW_DISAGREE
ENVIRONMENT__FED_EPA_ICIS_AIR_ICIS_AIR_PROGRAMS,library-onboarding/ripple_dbt/models/marts/environment/environment__fed_epa_icis_air_icis_air_programs.sql,ENVIRONMENT,FED_EPA_ICIS_AIR_ICIS_AIR_PROGRAMS,7,7,0.0,0,457581,BASE TABLE,457581,457333,,,OK
ENVIRONMENT__FED_EPA_ICIS_AIR_ICIS_AIR_PROGRAM_SUBPARTS,library-onboarding/ripple_dbt/models/marts/environment/environment__fed_epa_icis_air_icis_air_program_subparts.sql,ENVIRONMENT,FED_EPA_ICIS_AIR_ICIS_AIR_PROGRAM_SUBPARTS,5,5,0.0,0,190980,BASE TABLE,190980,191005,,,OK
ENVIRONMENT__FED_EPA_ICIS_AIR_ICIS_AIR_STACK_TESTS,library-onboarding/ripple_dbt/models/marts/environment/environment__fed_epa_icis_air_icis_air_stack_tests.sql,ENVIRONMENT,FED_EPA_ICIS_AIR_ICIS_AIR_STACK_TESTS,10,10,0.0,0,620302,BASE TABLE,620302,500000,header=500000,,ROW_DISAGREE
ENVIRONMENT__FED_EPA_ICIS_AIR_ICIS_AIR_TITLEV_CERTS,library-onboarding/ripple_dbt/models/marts/environment/environment__fed_epa_icis_air_icis_air_titlev_certs.sql,ENVIRONMENT,FED_EPA_ICIS_AIR_ICIS_AIR_TITLEV_CERTS,7,7,0.0,0,2574815,BASE TABLE,2574815,500000,header=500000,,ROW_DISAGREE
ENVIRONMENT__FED_EPA_ICIS_AIR_ICIS_AIR_VIOLATION_HISTORY,library-onboarding/ripple_dbt/models/marts/environment/environment__fed_epa_icis_air_icis_air_violation_history.sql,ENVIRONMENT,FED_EPA_ICIS_AIR_ICIS_AIR_VIOLATION_HISTORY,16,16,0.0,0,102037,BASE TABLE,102037,101920,,,OK
ENVIRONMENT__FED_EPA_NPDES_ICIS_FACILITIES,library-onboarding/ripple_dbt/models/marts/environment/environment__fed_epa_npdes_icis_facilities.sql,ENVIRONMENT,FED_EPA_NPDES_ICIS_FACILITIES,14,14,0.0,0,1213737,BASE TABLE,1213737,500000,header=500000,COUNTY_CODE:try_to_number,"BAD_CAST(1),ROW_DISAGREE"
ENVIRONMENT__FED_EPA_NPDES_NPDES_CS_VIOLATIONS,library-onboarding/ripple_dbt/models/marts/environment/environment__fed_epa_npdes_npdes_cs_violations.sql,ENVIRONMENT,FED_EPA_NPDES_NPDES_CS_VIOLATIONS,18,18,0.0,0,82187,BASE TABLE,82187,82044,,,OK
ENVIRONMENT__FED_EPA_NPDES_NPDES_FORMAL_ENFORCEMENT_ACTIONS,library-onboarding/ripple_dbt/models/marts/environment/environment__fed_epa_npdes_npdes_formal_enforcement_actions.sql,ENVIRONMENT,FED_EPA_NPDES_NPDES_FORMAL_ENFORCEMENT_ACTIONS,10,10,0.0,0,112373,BASE TABLE,112373,112312,,STATE_LOCAL_PENALTY_AMT:try_to_double,BAD_CAST(1)
ENVIRONMENT__FED_EPA_NPDES_NPDES_INFORMAL_ENFORCEMENT_ACTIONS,library-onboarding/ripple_dbt/models/marts/environment/environment__fed_epa_npdes_npdes_informal_enforcement_actions.sql,ENVIRONMENT,FED_EPA_NPDES_NPDES_INFORMAL_ENFORCEMENT_ACTIONS,11,11,0.0,0,826867,BASE TABLE,826867,500000,header=500000,,ROW_DISAGREE
ENVIRONMENT__FED_EPA_NPDES_NPDES_INSPECTIONS,library-onboarding/ripple_dbt/models/marts/environment/environment__fed_epa_npdes_npdes_inspections.sql,ENVIRONMENT,FED_EPA_NPDES_NPDES_INSPECTIONS,11,11,0.0,0,1900067,BASE TABLE,1900067,500000,header=500000,,ROW_DISAGREE
ENVIRONMENT__FED_EPA_NPDES_NPDES_NAICS,library-onboarding/ripple_dbt/models/marts/environment/environment__fed_epa_npdes_npdes_naics.sql,ENVIRONMENT,FED_EPA_NPDES_NPDES_NAICS,4,4,0.0,0,326473,BASE TABLE,326473,326234,,,OK
ENVIRONMENT__FED_EPA_NPDES_NPDES_PS_VIOLATIONS,library-onboarding/ripple_dbt/models/marts/environment/environment__fed_epa_npdes_npdes_ps_violations.sql,ENVIRONMENT,FED_EPA_NPDES_NPDES_PS_VIOLATIONS,17,17,0.0,0,397615,BASE TABLE,397615,396969,,,OK
ENVIRONMENT__FED_EPA_NPDES_NPDES_QNCR_HISTORY,library-onboarding/ripple_dbt/models/marts/environment/environment__fed_epa_npdes_npdes_qncr_history.sql,ENVIRONMENT,FED_EPA_NPDES_NPDES_QNCR_HISTORY,8,8,0.0,0,7951656,BASE TABLE,7951656,500000,header=500000,,ROW_DISAGREE
ENVIRONMENT__FED_EPA_NPDES_NPDES_SE_VIOLATIONS,library-onboarding/ripple_dbt/models/marts/environment/environment__fed_epa_npdes_npdes_se_violations.sql,ENVIRONMENT,FED_EPA_NPDES_NPDES_SE_VIOLATIONS,15,15,0.0,0,305478,BASE TABLE,305478,305092,,,OK
ENVIRONMENT__FED_EPA_NPDES_NPDES_SICS,library-onboarding/ripple_dbt/models/marts/environment/environment__fed_epa_npdes_npdes_sics.sql,ENVIRONMENT,FED_EPA_NPDES_NPDES_SICS,4,4,0.0,0,792807,BASE TABLE,792807,500000,header=500000,,ROW_DISAGREE
ENVIRONMENT__FED_EPA_RCRA_ENFORCEMENTS,library-onboarding/ripple_dbt/models/marts/environment/environment__fed_epa_rcra_enforcements.sql,ENVIRONMENT,FED_EPA_RCRA_ENFORCEMENTS,11,12,-9.1,0,383519,BASE TABLE,383519,,,ENFORCEMENT_ACTION_DATE:try_to_date,BAD_CAST(1)
ENVIRONMENT__FED_EPA_RCRA_EVALUATIONS,library-onboarding/ripple_dbt/models/marts/environment/environment__fed_epa_rcra_evaluations.sql,ENVIRONMENT,FED_EPA_RCRA_EVALUATIONS,8,9,-12.5,0,1166410,BASE TABLE,1166410,,,,OK
ENVIRONMENT__FED_EPA_RCRA_FACILITIES,library-onboarding/ripple_dbt/models/marts/environment/environment__fed_epa_rcra_facilities.sql,ENVIRONMENT,FED_EPA_RCRA_FACILITIES,15,13,13.3,0,1613224,BASE TABLE,1613224,,,,OK
ENVIRONMENT__FED_EPA_RCRA_RCRA_NAICS,library-onboarding/ripple_dbt/models/marts/environment/environment__fed_epa_rcra_rcra_naics.sql,ENVIRONMENT,FED_EPA_RCRA_RCRA_NAICS,3,4,-33.3,0,434734,BASE TABLE,434734,,,,OK
ENVIRONMENT__FED_EPA_RCRA_VIOLATIONS,library-onboarding/ripple_dbt/models/marts/environment/environment__fed_epa_rcra_violations.sql,ENVIRONMENT,FED_EPA_RCRA_VIOLATIONS,8,9,-12.5,0,708114,BASE TABLE,708114,,,,OK
ENVIRONMENT__FED_EPA_RCRA_VIOSNC_HISTORY,library-onboarding/ripple_dbt/models/marts/environment/environment__fed_epa_rcra_viosnc_history.sql,ENVIRONMENT,FED_EPA_RCRA_VIOSNC_HISTORY,5,6,-20.0,0,2675581,BASE TABLE,2675581,,,,OK
ENVIRONMENT__FED_EPA_SDWA_SDWA_EVENTS_MILESTONES,library-onboarding/ripple_dbt/models/marts/environment/environment__fed_epa_sdwa_sdwa_events_milestones.sql,ENVIRONMENT,FED_EPA_SDWA_SDWA_EVENTS_MILESTONES,10,10,0.0,0,394075,BASE TABLE,394075,394075,,,OK
ENVIRONMENT__FED_EPA_SDWA_SDWA_FACILITIES,library-onboarding/ripple_dbt/models/marts/environment/environment__fed_epa_sdwa_sdwa_facilities.sql,ENVIRONMENT,FED_EPA_SDWA_SDWA_FACILITIES,19,19,0.0,0,1554832,BASE TABLE,1554832,500000,header=500000,FILTRATION_STATUS_CODE:try_to_double,"BAD_CAST(1),ROW_DISAGREE"
ENVIRONMENT__FED_EPA_SDWA_SDWA_GEOGRAPHIC_AREAS,library-onboarding/ripple_dbt/models/marts/environment/environment__fed_epa_sdwa_sdwa_geographic_areas.sql,ENVIRONMENT,FED_EPA_SDWA_SDWA_GEOGRAPHIC_AREAS,11,11,0.0,0,578198,BASE TABLE,578198,500000,header=500000,COUNTY_SERVED:try_to_number,"BAD_CAST(1),ROW_DISAGREE"
ENVIRONMENT__FED_EPA_SDWA_SDWA_LCR_SAMPLES,library-onboarding/ripple_dbt/models/marts/environment/environment__fed_epa_sdwa_sdwa_lcr_samples.sql,ENVIRONMENT,FED_EPA_SDWA_SDWA_LCR_SAMPLES,15,15,0.0,0,927415,BASE TABLE,927415,500000,header=500000,,ROW_DISAGREE
ENVIRONMENT__FED_EPA_SDWA_SDWA_PN_VIOLATION_ASSOC,library-onboarding/ripple_dbt/models/marts/environment/environment__fed_epa_sdwa_sdwa_pn_violation_assoc.sql,ENVIRONMENT,FED_EPA_SDWA_SDWA_PN_VIOLATION_ASSOC,12,12,0.0,0,387627,BASE TABLE,387627,387627,,,OK
ENVIRONMENT__FED_EPA_SDWA_SDWA_PUB_WATER_SYSTEMS,library-onboarding/ripple_dbt/models/marts/environment/environment__fed_epa_sdwa_sdwa_pub_water_systems.sql,ENVIRONMENT,FED_EPA_SDWA_SDWA_PUB_WATER_SYSTEMS,51,51,0.0,0,434040,BASE TABLE,434040,434040,,COUNTRY_CODE:try_to_number,BAD_CAST(1)
ENVIRONMENT__FED_EPA_SDWA_SDWA_SITE_VISITS,library-onboarding/ripple_dbt/models/marts/environment/environment__fed_epa_sdwa_sdwa_site_visits.sql,ENVIRONMENT,FED_EPA_SDWA_SDWA_SITE_VISITS,20,20,0.0,0,2495249,BASE TABLE,2495249,500000,header=500000,,ROW_DISAGREE
ENVIRONMENT__FED_EPA_SDWA_SDWA_VIOLATIONS_ENFORCEMENT,library-onboarding/ripple_dbt/models/marts/environment/environment__fed_epa_sdwa_sdwa_violations_enforcement.sql,ENVIRONMENT,FED_EPA_SDWA_SDWA_VIOLATIONS_ENFORCEMENT,38,38,0.0,0,15432737,BASE TABLE,15432737,500000,header=500000,,ROW_DISAGREE
ENVIRONMENT__FED_EPA_SUPERFUND_SITE_BOUNDARIES,library-onboarding/ripple_dbt/models/marts/environment/environment__fed_epa_superfund_site_boundaries.sql,ENVIRONMENT,FED_EPA_SUPERFUND_SITE_BOUNDARIES,32,29,9.4,0,2114,BASE TABLE,2114,,,COUNTY:try_to_number,BAD_CAST(1)
ENVIRONMENT__FED_EPA_TRI_BASIC_2023,library-onboarding/ripple_dbt/models/marts/environment/environment__fed_epa_tri_basic_2023.sql,ENVIRONMENT,FED_EPA_TRI_BASIC_2023,122,122,0.0,0,78647,BASE TABLE,78647,78647,,C_7_COUNTY:try_to_number,BAD_CAST(1)
ENVIRONMENT__FED_EPA_TRI_FACILITY,library-onboarding/ripple_dbt/models/marts/environment/environment__fed_epa_tri_facility.sql,ENVIRONMENT,FED_EPA_TRI_FACILITY,48,49,-2.1,0,64990,BASE TABLE,64990,,,COUNTY_NAME:try_to_number;MAIL_COUNTRY:try_to_number;STATE_COUNTY_FIPS_CODE:try_to_number,BAD_CAST(3)
ENVIRONMENT__FED_FRACFOCUS_DISCLOSURE_LIST,library-onboarding/ripple_dbt/models/marts/environment/environment__fed_fracfocus_disclosure_list.sql,ENVIRONMENT,FED_FRACFOCUS_DISCLOSURE_LIST,18,18,0.0,0,248835,BASE TABLE,248835,,,COUNTYNAME:try_to_number,BAD_CAST(1)
ENVIRONMENT__FED_FRACFOCUS_REGISTRY,library-onboarding/ripple_dbt/models/marts/environment/environment__fed_fracfocus_registry.sql,ENVIRONMENT,FED_FRACFOCUS_REGISTRY,32,33,-3.1,0,7200550,BASE TABLE,7200550,,,COUNTYNAME:try_to_number,BAD_CAST(1)
ENVIRONMENT__FED_FRACFOCUS_WATER_SOURCE,library-onboarding/ripple_dbt/models/marts/environment/environment__fed_fracfocus_water_source.sql,ENVIRONMENT,FED_FRACFOCUS_WATER_SOURCE,10,10,0.0,0,23747,BASE TABLE,23747,,,COUNTYNAME:try_to_number,BAD_CAST(1)
ENVIRONMENT__FED_NID_DAMS,library-onboarding/ripple_dbt/models/marts/environment/environment__fed_nid_dams.sql,ENVIRONMENT,FED_NID_DAMS,84,45,46.4,0,92766,BASE TABLE,92766,,,OPERATIONAL_STATUS:try_to_double;OPERATIONAL_STATUS_DATE:try_to_date;COUNTY:try_to_number,BAD_CAST(3)
ENVIRONMENT__FED_NOAA_STORM_EVENTS,library-onboarding/ripple_dbt/models/marts/environment/environment__fed_noaa_storm_events.sql,ENVIRONMENT,FED_NOAA_STORM_EVENTS,51,51,0.0,0,1780730,BASE TABLE,1780730,69801,header=69801,,ROW_DISAGREE
ENVIRONMENT__FED_NOAA_WEATHER_API,library-onboarding/ripple_dbt/models/marts/environment/environment__fed_noaa_weather_api.sql,ENVIRONMENT,FED_NOAA_WEATHER_API,32,32,0.0,0,287,BASE TABLE,287,287,,,OK
ENVIRONMENT__FED_PHMSA_FLAGGED_INCIDENTS,library-onboarding/ripple_dbt/models/marts/environment/environment__fed_phmsa_flagged_incidents.sql,ENVIRONMENT,FED_PHMSA_FLAGGED_INCIDENTS,624,37,94.1,0,2039,BASE TABLE,2039,,,OFFSHORE_COUNTY_NAME:try_to_number;OPERATION_TYPE:try_to_double;ONSHORE_COUNTY_NAME:try_to_number,BAD_CAST(3)
ENVIRONMENT__FED_USCG_NRC_INCIDENTS,library-onboarding/ripple_dbt/models/marts/environment/environment__fed_uscg_nrc_incidents.sql,ENVIRONMENT,FED_USCG_NRC_INCIDENTS,11,11,0.0,0,1029020,BASE TABLE,1029020,,,,OK
ENVIRONMENT__FED_USCG_NRC_INCIDENT_REPORTS,library-onboarding/ripple_dbt/models/marts/environment/environment__fed_uscg_nrc_incident_reports.sql,ENVIRONMENT,FED_USCG_NRC_INCIDENT_REPORTS,15,15,0.0,0,116662,BASE TABLE,116662,,,,OK
ENVIRONMENT__FED_USGS_MINERALS,library-onboarding/ripple_dbt/models/marts/environment/environment__fed_usgs_minerals.sql,ENVIRONMENT,FED_USGS_MINERALS,57,57,0.0,0,304632,BASE TABLE,304632,304632,,COUNTY:try_to_number;COUNTRY:try_to_number,BAD_CAST(2)
ENVIRONMENT__FED_USGS_ORPHANED_OIL_GAS_WELLS,library-onboarding/ripple_dbt/models/marts/environment/environment__fed_usgs_orphaned_oil_gas_wells.sql,ENVIRONMENT,FED_USGS_ORPHANED_OIL_GAS_WELLS,23,25,-8.7,0,117672,BASE TABLE,117672,,,COUNTY:try_to_number,BAD_CAST(1)
ENVIRONMENT__FED_USGS_WATER,library-onboarding/ripple_dbt/models/marts/environment/environment__fed_usgs_water.sql,ENVIRONMENT,FED_USGS_WATER,15,15,0.0,0,6694816,BASE TABLE,6694816,6694816,,COUNTY_CD:try_to_number,BAD_CAST(1)
ENVIRONMENT__FED_USGS_WBD_HUC8,library-onboarding/ripple_dbt/models/marts/environment/environment__fed_usgs_wbd_huc8.sql,ENVIRONMENT,FED_USGS_WBD_HUC8,16,17,-6.2,0,2456,BASE TABLE,2456,,,,OK
ENVIRONMENT__FED_WQP_MONITORING_STATIONS,library-onboarding/ripple_dbt/models/marts/environment/environment__fed_wqp_monitoring_stations.sql,ENVIRONMENT,FED_WQP_MONITORING_STATIONS,37,38,-2.7,0,5818,BASE TABLE,5818,,,COUNTYCODE:try_to_number;COUNTRYCODE:try_to_number,BAD_CAST(2)
ENVIRONMENT__INTL_GEM_HAZARD,library-onboarding/ripple_dbt/models/marts/environment/environment__intl_gem_hazard.sql,ENVIRONMENT,INTL_GEM_HAZARD,9,9,0.0,0,12,BASE TABLE,12,12,,COUNTRY:try_to_number,BAD_CAST(1)
ENVIRONMENT__INTL_GLOBAL_WITNESS_DEFENDERS,library-onboarding/ripple_dbt/models/marts/environment/environment__intl_global_witness_defenders.sql,ENVIRONMENT,INTL_GLOBAL_WITNESS_DEFENDERS,11,11,0.0,0,232,BASE TABLE,232,232,,COUNTRY:try_to_number,BAD_CAST(1)
ENVIRONMENT__XC_EPA_CORPORATE_CROSSWALK,library-onboarding/ripple_dbt/models/marts/environment/environment__xc_epa_corporate_crosswalk.sql,ENVIRONMENT,XC_EPA_CORPORATE_CROSSWALK,11,11,0.0,0,5300149,BASE TABLE,5300149,5300149,,,OK
ENVIRONMENT__XC_OWID_CO2,library-onboarding/ripple_dbt/models/marts/environment/environment__xc_owid_co2.sql,ENVIRONMENT,XC_OWID_CO2,4,4,0.0,0,29384,BASE TABLE,29384,29384,,,OK
ENVIRONMENT__XC_OWID_FOSSIL_SHARE,library-onboarding/ripple_dbt/models/marts/environment/environment__xc_owid_fossil_share.sql,ENVIRONMENT,XC_OWID_FOSSIL_SHARE,4,4,0.0,0,6379,BASE TABLE,6379,6379,,,OK
ENVIRONMENT__XC_OWID_TEMP_ANOMALY,library-onboarding/ripple_dbt/models/marts/environment/environment__xc_owid_temp_anomaly.sql,ENVIRONMENT,XC_OWID_TEMP_ANOMALY,6,6,0.0,0,531,BASE TABLE,531,531,,,OK
FINANCE__FED_CFPB_COMPLAINTS,library-onboarding/ripple_dbt/models/marts/finance/finance__fed_cfpb_complaints.sql,FINANCE,FED_CFPB_COMPLAINTS,16,0,100.0,0,,,34348075,17179788,,,NOT_BUILT
FINANCE__FED_EPA_ICIS_FEC_CASE_ENFORCEMENT_CONCLUSION_FACILITIES,library-onboarding/ripple_dbt/models/marts/finance/finance__fed_epa_icis_fec_case_enforcement_conclusion_facilities.sql,FINANCE,FED_EPA_ICIS_FEC_CASE_ENFORCEMENT_CONCLUSION_FACILITIES,9,9,0.0,0,150877,BASE TABLE,150877,150877,,,OK
FINANCE__FED_EPA_ICIS_FEC_CASE_FACILITIES,library-onboarding/ripple_dbt/models/marts/finance/finance__fed_epa_icis_fec_case_facilities.sql,FINANCE,FED_EPA_ICIS_FEC_CASE_FACILITIES,10,10,0.0,0,204019,BASE TABLE,204019,204019,,,OK
FINANCE__FED_EPA_ICIS_FEC_EPA_INFORMAL_ENFORCEMENT_ACTIONS,library-onboarding/ripple_dbt/models/marts/finance/finance__fed_epa_icis_fec_epa_informal_enforcement_actions.sql,FINANCE,FED_EPA_ICIS_FEC_EPA_INFORMAL_ENFORCEMENT_ACTIONS,10,10,0.0,0,21930,BASE TABLE,21930,21930,,,OK
FINANCE__FED_EPA_ICIS_FEC_ICIS_FEC_EPA_INSPECTIONS,library-onboarding/ripple_dbt/models/marts/finance/finance__fed_epa_icis_fec_icis_fec_epa_inspections.sql,FINANCE,FED_EPA_ICIS_FEC_ICIS_FEC_EPA_INSPECTIONS,16,16,0.0,0,260556,BASE TABLE,260556,260556,,,OK
FINANCE__FED_FARA,library-onboarding/ripple_dbt/models/marts/finance/finance__fed_fara.sql,FINANCE,FED_FARA,14,14,0.0,0,30,BASE TABLE,30,30,,FOREIGN_PRINCIPAL_COUNTRY:try_to_number,BAD_CAST(1)
FINANCE__FED_FATCA_FFI,library-onboarding/ripple_dbt/models/marts/finance/finance__fed_fatca_ffi.sql,FINANCE,FED_FATCA_FFI,3,3,0.0,0,516298,BASE TABLE,516298,,,COUNTRY_NAME:try_to_number,BAD_CAST(1)
FINANCE__FED_FDIC_BANK_DATA,library-onboarding/ripple_dbt/models/marts/finance/finance__fed_fdic_bank_data.sql,FINANCE,FED_FDIC_BANK_DATA,24,24,0.0,0,10000,BASE TABLE,10000,,,,PAGE_CAP
FINANCE__FED_FDIC_SOD_BRANCH_DEPOSITS,library-onboarding/ripple_dbt/models/marts/finance/finance__fed_fdic_sod_branch_deposits.sql,FINANCE,FED_FDIC_SOD_BRANCH_DEPOSITS,81,82,-1.2,0,2823000,BASE TABLE,2823000,,,,OK
FINANCE__FED_FEC_BULK,library-onboarding/ripple_dbt/models/marts/finance/finance__fed_fec_bulk.sql,FINANCE,FED_FEC_BULK,15,15,0.0,0,20938,BASE TABLE,20938,20938,,,OK
FINANCE__FED_FEC_BULK_CANDIDATES,library-onboarding/ripple_dbt/models/marts/finance/finance__fed_fec_bulk_candidates.sql,FINANCE,FED_FEC_BULK_CANDIDATES,16,0,100.0,0,,,17900,17900,,,NOT_BUILT
FINANCE__FED_FEC_BULK_COMMITTEES,library-onboarding/ripple_dbt/models/marts/finance/finance__fed_fec_bulk_committees.sql,FINANCE,FED_FEC_BULK_COMMITTEES,16,16,0.0,0,20007,BASE TABLE,20007,20007,,,OK
FINANCE__FED_FEC_BULK_LINKAGES,library-onboarding/ripple_dbt/models/marts/finance/finance__fed_fec_bulk_linkages.sql,FINANCE,FED_FEC_BULK_LINKAGES,8,0,100.0,0,,,16327,16327,,,NOT_BUILT
FINANCE__FED_FEC_BULK_SUMMARY,library-onboarding/ripple_dbt/models/marts/finance/finance__fed_fec_bulk_summary.sql,FINANCE,FED_FEC_BULK_SUMMARY,31,0,100.0,0,,,7933,7933,,,NOT_BUILT
FINANCE__FED_FEC_CANDIDATES,library-onboarding/ripple_dbt/models/marts/finance/finance__fed_fec_candidates.sql,FINANCE,FED_FEC_CANDIDATES,15,15,0.0,15,33506,BASE TABLE,33506,33506,,,POSITIONAL_NAMES(15)
FINANCE__FED_FEC_CAND_CMTE_LINKAGE,library-onboarding/ripple_dbt/models/marts/finance/finance__fed_fec_cand_cmte_linkage.sql,FINANCE,FED_FEC_CAND_CMTE_LINKAGE,7,7,0.0,7,30536,BASE TABLE,30536,30536,,,POSITIONAL_NAMES(7)
FINANCE__FED_FEC_COMMITTEES,library-onboarding/ripple_dbt/models/marts/finance/finance__fed_fec_committees.sql,FINANCE,FED_FEC_COMMITTEES,15,15,0.0,15,78039,BASE TABLE,78039,78039,,,POSITIONAL_NAMES(15)
FINANCE__FED_FEC_COMMITTEE_TO_CANDIDATE,library-onboarding/ripple_dbt/models/marts/finance/finance__fed_fec_committee_to_candidate.sql,FINANCE,FED_FEC_COMMITTEE_TO_CANDIDATE,23,23,0.0,0,866730,BASE TABLE,866730,866730,,TRANSACTION_AMT:try_to_double,BAD_CAST(1)
FINANCE__FED_FEC_INDEPENDENT_EXPENDITURES,library-onboarding/ripple_dbt/models/marts/finance/finance__fed_fec_independent_expenditures.sql,FINANCE,FED_FEC_INDEPENDENT_EXPENDITURES,23,23,0.0,0,261033,BASE TABLE,261033,,,,OK
FINANCE__FED_FEC_INDIV_CONTRIBUTIONS,library-onboarding/ripple_dbt/models/marts/finance/finance__fed_fec_indiv_contributions.sql,FINANCE,FED_FEC_INDIV_CONTRIBUTIONS,21,15,28.6,0,84172112,BASE TABLE,84172112,,,TRANSACTION_AMT:try_to_double,BAD_CAST(1)
FINANCE__FED_FEC_LEADERSHIP_PAC,library-onboarding/ripple_dbt/models/marts/finance/finance__fed_fec_leadership_pac.sql,FINANCE,FED_FEC_LEADERSHIP_PAC,7,7,0.0,0,8619,BASE TABLE,17238,,catalog=17238,,ROW_DISAGREE
FINANCE__FED_FEC_PAC_SUMMARY,library-onboarding/ripple_dbt/models/marts/finance/finance__fed_fec_pac_summary.sql,FINANCE,FED_FEC_PAC_SUMMARY,27,0,100.0,0,,,94104,48395,,,NOT_BUILT
FINANCE__FED_FFIEC_CALL_REPORTS,library-onboarding/ripple_dbt/models/marts/finance/finance__fed_ffiec_call_reports.sql,FINANCE,FED_FFIEC_CALL_REPORTS,14,0,100.0,0,,,302,302,,,NOT_BUILT
FINANCE__FED_FHFA_FHLB_MEMBERSHIP,library-onboarding/ripple_dbt/models/marts/finance/finance__fed_fhfa_fhlb_membership.sql,FINANCE,FED_FHFA_FHLB_MEMBERSHIP,14,15,-7.1,0,6327,BASE TABLE,6327,,,,OK
FINANCE__FED_FINRA_MPID_LIST,library-onboarding/ripple_dbt/models/marts/finance/finance__fed_finra_mpid_list.sql,FINANCE,FED_FINRA_MPID_LIST,9,11,-22.2,0,4215,BASE TABLE,4215,,,,OK
FINANCE__FED_IRS_SOI,library-onboarding/ripple_dbt/models/marts/finance/finance__fed_irs_soi.sql,FINANCE,FED_IRS_SOI,150,150,0.0,0,179796,BASE TABLE,179796,179796,,,OK
FINANCE__FED_MSRB_REGISTRANTS,library-onboarding/ripple_dbt/models/marts/finance/finance__fed_msrb_registrants.sql,FINANCE,FED_MSRB_REGISTRANTS,4,6,-50.0,0,925,BASE TABLE,925,,,,OK
FINANCE__FED_NCUA_CALL_REPORTS,library-onboarding/ripple_dbt/models/marts/finance/finance__fed_ncua_call_reports.sql,FINANCE,FED_NCUA_CALL_REPORTS,13,13,0.0,0,121713,BASE TABLE,121713,121713,,,OK
FINANCE__FED_NCUA_CHARTER_MERGER_EVENTS,library-onboarding/ripple_dbt/models/marts/finance/finance__fed_ncua_charter_merger_events.sql,FINANCE,FED_NCUA_CHARTER_MERGER_EVENTS,12,13,-8.3,0,27,BASE TABLE,27,,,,OK
FINANCE__FED_NCUA_FEDERALLY_INSURED_CU_LIST,library-onboarding/ripple_dbt/models/marts/finance/finance__fed_ncua_federally_insured_cu_list.sql,FINANCE,FED_NCUA_FEDERALLY_INSURED_CU_LIST,23,24,-4.3,0,4250,BASE TABLE,4250,,,,OK
FINANCE__FED_OCC_NATIONAL_BANKS,library-onboarding/ripple_dbt/models/marts/finance/finance__fed_occ_national_banks.sql,FINANCE,FED_OCC_NATIONAL_BANKS,7,8,-14.3,0,724,BASE TABLE,724,,,,OK
FINANCE__FED_OCC_THRIFTS,library-onboarding/ripple_dbt/models/marts/finance/finance__fed_occ_thrifts.sql,FINANCE,FED_OCC_THRIFTS,10,8,20.0,0,218,BASE TABLE,218,,,,OK
FINANCE__FED_PCAOB_FORM_AP_FILINGS,library-onboarding/ripple_dbt/models/marts/finance/finance__fed_pcaob_form_ap_filings.sql,FINANCE,FED_PCAOB_FORM_AP_FILINGS,62,62,0.0,0,155384,BASE TABLE,155384,,,FIRM_COUNTRY:try_to_number;FIRM_ISSUING_COUNTRY:try_to_number,BAD_CAST(2)
FINANCE__FED_SEC_13F_FILERS,library-onboarding/ripple_dbt/models/marts/finance/finance__fed_sec_13f_filers.sql,FINANCE,FED_SEC_13F_FILERS,22,22,0.0,0,344109,BASE TABLE,344109,344109,,FILINGMANAGER_STATEORCOUNTRY:try_to_number,BAD_CAST(1)
FINANCE__FED_SEC_13F_HOLDINGS,library-onboarding/ripple_dbt/models/marts/finance/finance__fed_sec_13f_holdings.sql,FINANCE,FED_SEC_13F_HOLDINGS,16,16,0.0,0,,VIEW,,101261252,,SSHPRNAMTTYPE:try_to_double,BAD_CAST(1)
FINANCE__FED_SEC_13F_POSITIONS,library-onboarding/ripple_dbt/models/marts/finance/finance__fed_sec_13f_positions.sql,FINANCE,FED_SEC_13F_POSITIONS,15,15,0.0,0,101261252,BASE TABLE,202522504,,catalog=202522504,SSHPRNAMTTYPE:try_to_double,"BAD_CAST(1),ROW_DISAGREE"
FINANCE__FED_SEC_13F_SUBMISSION,library-onboarding/ripple_dbt/models/marts/finance/finance__fed_sec_13f_submission.sql,FINANCE,FED_SEC_13F_SUBMISSION,15,15,0.0,0,3822885,BASE TABLE,3822885,3822885,,SSHPRNAMTTYPE:try_to_double,BAD_CAST(1)
FINANCE__FED_SEC_13F_SUBMISSIONS,library-onboarding/ripple_dbt/models/marts/finance/finance__fed_sec_13f_submissions.sql,FINANCE,FED_SEC_13F_SUBMISSIONS,6,6,0.0,0,336124,BASE TABLE,336124,,,,OK
FINANCE__FED_SEC_BUSINESS_DEVELOPMENT_COMPANY_REPORT,library-onboarding/ripple_dbt/models/marts/finance/finance__fed_sec_business_development_company_report.sql,FINANCE,FED_SEC_BUSINESS_DEVELOPMENT_COMPANY_REPORT,10,10,0.0,0,212,BASE TABLE,212,212,,,OK
FINANCE__FED_SEC_CLOSED_END_FUND_INFORMATION,library-onboarding/ripple_dbt/models/marts/finance/finance__fed_sec_closed_end_fund_information.sql,FINANCE,FED_SEC_CLOSED_END_FUND_INFORMATION,10,10,0.0,0,973,BASE TABLE,973,973,,,OK
FINANCE__FED_SEC_DERA_SUB_2024Q1,library-onboarding/ripple_dbt/models/marts/finance/finance__fed_sec_dera_sub_2024q1.sql,FINANCE,FED_SEC_DERA_SUB_2024Q1,36,36,0.0,0,6028,BASE TABLE,6028,6028,,COUNTRYBA:try_to_number;COUNTRYMA:try_to_number;COUNTRYINC:try_to_number,BAD_CAST(3)
FINANCE__FED_SEC_DERA_SUB_2024Q2,library-onboarding/ripple_dbt/models/marts/finance/finance__fed_sec_dera_sub_2024q2.sql,FINANCE,FED_SEC_DERA_SUB_2024Q2,36,36,0.0,0,7675,BASE TABLE,7675,7675,,COUNTRYBA:try_to_number;COUNTRYINC:try_to_number;COUNTRYMA:try_to_number,BAD_CAST(3)
FINANCE__FED_SEC_DERA_SUB_2024Q3,library-onboarding/ripple_dbt/models/marts/finance/finance__fed_sec_dera_sub_2024q3.sql,FINANCE,FED_SEC_DERA_SUB_2024Q3,36,36,0.0,0,6699,BASE TABLE,6699,6699,,COUNTRYBA:try_to_number;COUNTRYINC:try_to_number;COUNTRYMA:try_to_number,BAD_CAST(3)
FINANCE__FED_SEC_DERA_SUB_2024Q4,library-onboarding/ripple_dbt/models/marts/finance/finance__fed_sec_dera_sub_2024q4.sql,FINANCE,FED_SEC_DERA_SUB_2024Q4,36,36,0.0,0,6491,BASE TABLE,6491,6491,,COUNTRYMA:try_to_number;COUNTRYINC:try_to_number;COUNTRYBA:try_to_number,BAD_CAST(3)
FINANCE__FED_SEC_DERA_SUB_2025Q1,library-onboarding/ripple_dbt/models/marts/finance/finance__fed_sec_dera_sub_2025q1.sql,FINANCE,FED_SEC_DERA_SUB_2025Q1,36,36,0.0,0,6231,BASE TABLE,6231,6231,,COUNTRYBA:try_to_number;COUNTRYINC:try_to_number;COUNTRYMA:try_to_number,BAD_CAST(3)
FINANCE__FED_SEC_DERA_SUB_2025Q2,library-onboarding/ripple_dbt/models/marts/finance/finance__fed_sec_dera_sub_2025q2.sql,FINANCE,FED_SEC_DERA_SUB_2025Q2,36,36,0.0,0,7009,BASE TABLE,7009,7009,,COUNTRYINC:try_to_number;COUNTRYBA:try_to_number;COUNTRYMA:try_to_number,BAD_CAST(3)
FINANCE__FED_SEC_DERA_SUB_2025Q3,library-onboarding/ripple_dbt/models/marts/finance/finance__fed_sec_dera_sub_2025q3.sql,FINANCE,FED_SEC_DERA_SUB_2025Q3,36,36,0.0,0,6541,BASE TABLE,6541,6541,,COUNTRYMA:try_to_number;COUNTRYINC:try_to_number;COUNTRYBA:try_to_number,BAD_CAST(3)
FINANCE__FED_SEC_DERA_SUB_2025Q4,library-onboarding/ripple_dbt/models/marts/finance/finance__fed_sec_dera_sub_2025q4.sql,FINANCE,FED_SEC_DERA_SUB_2025Q4,36,36,0.0,0,6304,BASE TABLE,6304,6304,,COUNTRYMA:try_to_number;COUNTRYBA:try_to_number;COUNTRYINC:try_to_number,BAD_CAST(3)
FINANCE__FED_SEC_DERA_SUB_2026Q1,library-onboarding/ripple_dbt/models/marts/finance/finance__fed_sec_dera_sub_2026q1.sql,FINANCE,FED_SEC_DERA_SUB_2026Q1,36,36,0.0,0,6169,BASE TABLE,6169,6169,,COUNTRYINC:try_to_number;COUNTRYBA:try_to_number;COUNTRYMA:try_to_number,BAD_CAST(3)
FINANCE__FED_SEC_EDGAR_COMPANY_TICKERS_EXCHANGE,library-onboarding/ripple_dbt/models/marts/finance/finance__fed_sec_edgar_company_tickers_exchange.sql,FINANCE,FED_SEC_EDGAR_COMPANY_TICKERS_EXCHANGE,4,6,-50.0,0,10398,BASE TABLE,10398,,,,OK
FINANCE__FED_SEC_EDGAR_FINANCIALS,library-onboarding/ripple_dbt/models/marts/finance/finance__fed_sec_edgar_financials.sql,FINANCE,FED_SEC_EDGAR_FINANCIALS,37,37,0.0,0,55635,BASE TABLE,55635,6699,header=6699,COUNTRYMA:try_to_number;COUNTRYBA:try_to_number;COUNTRYINC:try_to_number,"BAD_CAST(3),ROW_DISAGREE"
FINANCE__FED_SEC_EDGAR_INSIDERS,library-onboarding/ripple_dbt/models/marts/finance/finance__fed_sec_edgar_insiders.sql,FINANCE,FED_SEC_EDGAR_INSIDERS,14,14,0.0,0,69259,BASE TABLE,69259,69259,,,OK
FINANCE__FED_SEC_INSIDER_DERIV_TRANS,library-onboarding/ripple_dbt/models/marts/finance/finance__fed_sec_insider_deriv_trans.sql,FINANCE,FED_SEC_INSIDER_DERIV_TRANS,42,42,0.0,0,1049121,BASE TABLE,1049121,1049121,,,OK
FINANCE__FED_SEC_INSIDER_NONDERIV_TRANS,library-onboarding/ripple_dbt/models/marts/finance/finance__fed_sec_insider_nonderiv_trans.sql,FINANCE,FED_SEC_INSIDER_NONDERIV_TRANS,28,17,39.3,0,2672841,BASE TABLE,2672841,,,,OK
FINANCE__FED_SEC_INSIDER_REPORTINGOWNER,library-onboarding/ripple_dbt/models/marts/finance/finance__fed_sec_insider_reportingowner.sql,FINANCE,FED_SEC_INSIDER_REPORTINGOWNER,13,10,23.1,0,1934673,BASE TABLE,1934673,,,,OK
FINANCE__FED_SEC_INSIDER_SUBMISSION,library-onboarding/ripple_dbt/models/marts/finance/finance__fed_sec_insider_submission.sql,FINANCE,FED_SEC_INSIDER_SUBMISSION,13,12,7.7,0,1772088,BASE TABLE,1772088,,,,OK
FINANCE__FED_SEC_INVESTMENT_COMPANY_SERIES_CLASS,library-onboarding/ripple_dbt/models/marts/finance/finance__fed_sec_investment_company_series_class.sql,FINANCE,FED_SEC_INVESTMENT_COMPANY_SERIES_CLASS,14,16,-14.3,0,43123,BASE TABLE,43123,,,,OK
FINANCE__FED_SEC_MONEY_MARKET_FUND_INFORMATION,library-onboarding/ripple_dbt/models/marts/finance/finance__fed_sec_money_market_fund_information.sql,FINANCE,FED_SEC_MONEY_MARKET_FUND_INFORMATION,11,11,0.0,0,1206,BASE TABLE,1206,1206,,,OK
FINANCE__INTL_ISO_MIC_REGISTRY,library-onboarding/ripple_dbt/models/marts/finance/finance__intl_iso_mic_registry.sql,FINANCE,INTL_ISO_MIC_REGISTRY,17,18,-5.9,0,2864,BASE TABLE,2864,,,ISO_COUNTRY_CODE_ISO_3166:try_to_number,BAD_CAST(1)
FINANCE__INTL_OSFI_REGULATED_FI,library-onboarding/ripple_dbt/models/marts/finance/finance__intl_osfi_regulated_fi.sql,FINANCE,INTL_OSFI_REGULATED_FI,13,15,-15.4,0,343,BASE TABLE,343,,,,OK
FINANCE__INTL_WB_IDS,library-onboarding/ripple_dbt/models/marts/finance/finance__intl_wb_ids.sql,FINANCE,INTL_WB_IDS,69,69,0.0,0,62983,BASE TABLE,62983,62983,,COUNTRY_NAME:try_to_number;COUNTERPART_AREA_NAME:try_to_number;COUNTRY_CODE:try_to_number,BAD_CAST(3)
FOREIGN_INFLUENCE__FED_FARA_BULK,library-onboarding/ripple_dbt/models/marts/foreign_influence/foreign_influence__fed_fara_bulk.sql,FOREIGN_INFLUENCE,FED_FARA_BULK,28,31,-10.7,0,48104,BASE TABLE,48104,,,COUNTRY_LOCATION_REPRESENTED:try_to_number;FOREIGN_PRINCIPAL_COUNTRY:try_to_number,BAD_CAST(2)
GOVERNANCE__FED_REVOLVINGDOOR_PROJECT,library-onboarding/ripple_dbt/models/marts/governance/governance__fed_revolvingdoor_project.sql,GOVERNANCE,FED_REVOLVINGDOOR_PROJECT,37,44,-18.9,0,406,BASE TABLE,406,,,,OK
GOVERNMENT_RECORDS__FED_NARA_AAD,library-onboarding/ripple_dbt/models/marts/government_records/government_records__fed_nara_aad.sql,GOVERNMENT_RECORDS,FED_NARA_AAD,10,12,-20.0,0,9,BASE TABLE,18,,catalog=18,,ROW_DISAGREE
GOVERNMENT_RECORDS__FED_USASPENDING_TAS_FILTER_TREE,library-onboarding/ripple_dbt/models/marts/government_records/government_records__fed_usaspending_tas_filter_tree.sql,GOVERNMENT_RECORDS,FED_USASPENDING_TAS_FILTER_TREE,5,6,-20.0,0,92,BASE TABLE,92,,,,OK
HEALTH__FED_CDC_ANXIETY_DEPRESSION,library-onboarding/ripple_dbt/models/marts/health/health__fed_cdc_anxiety_depression.sql,HEALTH,FED_CDC_ANXIETY_DEPRESSION,14,14,0.0,0,16794,BASE TABLE,16794,16794,,,OK
HEALTH__FED_CDC_DATA_PORTAL,library-onboarding/ripple_dbt/models/marts/health/health__fed_cdc_data_portal.sql,HEALTH,FED_CDC_DATA_PORTAL,13,13,0.0,0,15000,BASE TABLE,15000,15000,,,OK
HEALTH__FED_CDC_DRUG_POISONING_COUNTY,library-onboarding/ripple_dbt/models/marts/health/health__fed_cdc_drug_poisoning_county.sql,HEALTH,FED_CDC_DRUG_POISONING_COUNTY,8,8,0.0,0,53387,BASE TABLE,53387,53387,,COUNTY:try_to_number,BAD_CAST(1)
HEALTH__FED_CDC_HEALTH_INSURANCE,library-onboarding/ripple_dbt/models/marts/health/health__fed_cdc_health_insurance.sql,HEALTH,FED_CDC_HEALTH_INSURANCE,16,16,0.0,0,16056,BASE TABLE,16056,16056,,,OK
HEALTH__FED_CDC_INJURY_VIOLENCE_COUNTY,library-onboarding/ripple_dbt/models/marts/health/health__fed_cdc_injury_violence_county.sql,HEALTH,FED_CDC_INJURY_VIOLENCE_COUNTY,12,12,0.0,0,132000,BASE TABLE,132000,132000,,,OK
HEALTH__FED_CDC_LEADING_CAUSES_STATE,library-onboarding/ripple_dbt/models/marts/health/health__fed_cdc_leading_causes_state.sql,HEALTH,FED_CDC_LEADING_CAUSES_STATE,6,6,0.0,0,10868,BASE TABLE,10868,,,,OK
HEALTH__FED_CDC_NNDSS_WEEKLY_2024,library-onboarding/ripple_dbt/models/marts/health/health__fed_cdc_nndss_weekly_2024.sql,HEALTH,FED_CDC_NNDSS_WEEKLY_2024,16,16,0.0,0,1932840,BASE TABLE,1932840,500000,header=500000,,ROW_DISAGREE
HEALTH__FED_CDC_OVERDOSE,library-onboarding/ripple_dbt/models/marts/health/health__fed_cdc_overdose.sql,HEALTH,FED_CDC_OVERDOSE,12,12,0.0,0,83790,BASE TABLE,83790,83790,,,OK
HEALTH__FED_CDC_SUICIDE_RATES,library-onboarding/ripple_dbt/models/marts/health/health__fed_cdc_suicide_rates.sql,HEALTH,FED_CDC_SUICIDE_RATES,13,13,0.0,0,6390,BASE TABLE,6390,6390,,,OK
HEALTH__FED_CDC_WONDER,library-onboarding/ripple_dbt/models/marts/health/health__fed_cdc_wonder.sql,HEALTH,FED_CDC_WONDER,6,6,0.0,0,880,BASE TABLE,880,,,,OK
HEALTH__FED_CLINICALTRIALS,library-onboarding/ripple_dbt/models/marts/health/health__fed_clinicaltrials.sql,HEALTH,FED_CLINICALTRIALS,35,42,-20.0,0,500,BASE TABLE,500,,,,OK
HEALTH__FED_CMS_AMBULATORY_SPECIALTY_MODEL_PARTICIPANTS,library-onboarding/ripple_dbt/models/marts/health/health__fed_cms_ambulatory_specialty_model_participants.sql,HEALTH,FED_CMS_AMBULATORY_SPECIALTY_MODEL_PARTICIPANTS,16,16,0.0,0,6637,BASE TABLE,6637,6637,,,OK
HEALTH__FED_CMS_DIALYSIS,library-onboarding/ripple_dbt/models/marts/health/health__fed_cms_dialysis.sql,HEALTH,FED_CMS_DIALYSIS,142,142,0.0,0,7557,BASE TABLE,7557,7557,,COUNTY_PARISH:try_to_number,BAD_CAST(1)
HEALTH__FED_CMS_FACILITY_AFFILIATION,library-onboarding/ripple_dbt/models/marts/health/health__fed_cms_facility_affiliation.sql,HEALTH,FED_CMS_FACILITY_AFFILIATION,9,9,0.0,0,2260193,BASE TABLE,2260193,,,,OK
HEALTH__FED_CMS_FACILITY_LEVEL_MINIMUM_DATA_SET_FREQUENCY,library-onboarding/ripple_dbt/models/marts/health/health__fed_cms_facility_level_minimum_data_set_frequency.sql,HEALTH,FED_CMS_FACILITY_LEVEL_MINIMUM_DATA_SET_FREQUENCY,16,16,0.0,0,31403215,BASE TABLE,31403215,500000,header=500000,COUNTY_NAME:try_to_number;FIPS_COUNTY_CODE:try_to_number,"BAD_CAST(2),ROW_DISAGREE"
HEALTH__FED_CMS_FEDERALLY_QUALIFIED_HEALTH_CENTER_ENROLLMENTS,library-onboarding/ripple_dbt/models/marts/health/health__fed_cms_federally_qualified_health_center_enrollments.sql,HEALTH,FED_CMS_FEDERALLY_QUALIFIED_HEALTH_CENTER_ENROLLMENTS,21,21,0.0,0,11063,BASE TABLE,11063,11063,,INCORPORATION_STATE:try_to_double;INCORPORATION_DATE:try_to_date,BAD_CAST(2)
HEALTH__FED_CMS_FISCAL_INTERMEDIARY_SHARED_SYSTEM_ATTENDING_AND_RENDERING,library-onboarding/ripple_dbt/models/marts/health/health__fed_cms_fiscal_intermediary_shared_system_attending_and_rendering.sql,HEALTH,FED_CMS_FISCAL_INTERMEDIARY_SHARED_SYSTEM_ATTENDING_AND_RENDERING,3,3,0.0,0,2047828,BASE TABLE,2047828,500000,header=500000,,ROW_DISAGREE
HEALTH__FED_CMS_HCRIS,library-onboarding/ripple_dbt/models/marts/health/health__fed_cms_hcris.sql,HEALTH,FED_CMS_HCRIS,117,123,-5.1,0,6103,BASE TABLE,6103,,,LESS__ALLOWANCES_FOR_UNCOLLECTIBLE_NOTES_AND_ACCOUNTS_RECEIVABLE:try_to_number;COUNTY:try_to_number,BAD_CAST(2)
HEALTH__FED_CMS_HOME_HEALTH,library-onboarding/ripple_dbt/models/marts/health/health__fed_cms_home_health.sql,HEALTH,FED_CMS_HOME_HEALTH,96,96,0.0,0,12392,BASE TABLE,12392,12392,,FOOTNOTE_FOR_PERCENT_OF_RESIDENTS_EXPERIENCING_ONE_OR_MORE_FALLS_WITH_MAJOR_INJURY:try_to_double;FOOTNOTE_FOR_DTC_RISK_STANDARDIZED_RATE:try_to_double;FOOTNOTE_FOR_PPH_RISK_STANDARDIZED_RATE:try_to_double;FOOTNOTE_FOR_PPR_RISK_STANDARDIZED_RATE:try_to_double,BAD_CAST(4)
HEALTH__FED_CMS_HOME_HEALTH_AGENCY_ENROLLMENTS,library-onboarding/ripple_dbt/models/marts/health/health__fed_cms_home_health_agency_enrollments.sql,HEALTH,FED_CMS_HOME_HEALTH_AGENCY_ENROLLMENTS,22,22,0.0,0,11508,BASE TABLE,11508,11508,,INCORPORATION_STATE:try_to_double;INCORPORATION_DATE:try_to_date,BAD_CAST(2)
HEALTH__FED_CMS_HOSPICE,library-onboarding/ripple_dbt/models/marts/health/health__fed_cms_hospice.sql,HEALTH,FED_CMS_HOSPICE,12,12,0.0,0,6852,BASE TABLE,6852,6852,,COUNTY_PARISH:try_to_number,BAD_CAST(1)
HEALTH__FED_CMS_HOSPITAL_COMPARE,library-onboarding/ripple_dbt/models/marts/health/health__fed_cms_hospital_compare.sql,HEALTH,FED_CMS_HOSPITAL_COMPARE,38,38,0.0,0,5432,BASE TABLE,5432,5432,,COUNTY_PARISH:try_to_number,BAD_CAST(1)
HEALTH__FED_CMS_HOSPITAL_ENROLLMENTS,library-onboarding/ripple_dbt/models/marts/health/health__fed_cms_hospital_enrollments.sql,HEALTH,FED_CMS_HOSPITAL_ENROLLMENTS,39,39,0.0,0,9175,BASE TABLE,9175,9175,,INCORPORATION_STATE:try_to_double;INCORPORATION_DATE:try_to_date,BAD_CAST(2)
HEALTH__FED_CMS_HOSPITAL_GENERAL,library-onboarding/ripple_dbt/models/marts/health/health__fed_cms_hospital_general.sql,HEALTH,FED_CMS_HOSPITAL_GENERAL,38,38,0.0,0,5432,BASE TABLE,5432,5432,,COUNTY_PARISH:try_to_number,BAD_CAST(1)
HEALTH__FED_CMS_HPT_MRF,library-onboarding/ripple_dbt/models/marts/health/health__fed_cms_hpt_mrf.sql,HEALTH,FED_CMS_HPT_MRF,32,32,0.0,0,1,BASE TABLE,1,1,,,OK
HEALTH__FED_CMS_IRF,library-onboarding/ripple_dbt/models/marts/health/health__fed_cms_irf.sql,HEALTH,FED_CMS_IRF,12,12,0.0,0,1222,BASE TABLE,1222,1222,,COUNTY_PARISH:try_to_number,BAD_CAST(1)
HEALTH__FED_CMS_LTCH,library-onboarding/ripple_dbt/models/marts/health/health__fed_cms_ltch.sql,HEALTH,FED_CMS_LTCH,13,13,0.0,0,311,BASE TABLE,311,311,,COUNTY_PARISH:try_to_number,BAD_CAST(1)
HEALTH__FED_CMS_MAIN,library-onboarding/ripple_dbt/models/marts/health/health__fed_cms_main.sql,HEALTH,FED_CMS_MAIN,10,10,0.0,0,158,BASE TABLE,158,158,,UPDATE_FREQUENCY:try_to_date,BAD_CAST(1)
HEALTH__FED_CMS_MEDICARE_DIABETES_PREVENTION_PROGRAM,library-onboarding/ripple_dbt/models/marts/health/health__fed_cms_medicare_diabetes_prevention_program.sql,HEALTH,FED_CMS_MEDICARE_DIABETES_PREVENTION_PROGRAM,13,13,0.0,0,1037,BASE TABLE,1037,1037,,,OK
HEALTH__FED_CMS_MEDICARE_DIALYSIS_FACILITIES,library-onboarding/ripple_dbt/models/marts/health/health__fed_cms_medicare_dialysis_facilities.sql,HEALTH,FED_CMS_MEDICARE_DIALYSIS_FACILITIES,14,14,0.0,0,12456456,BASE TABLE,12456456,500000,header=500000,,ROW_DISAGREE
HEALTH__FED_CMS_MEDICARE_DURABLE_MEDICAL_EQUIPMENT_DEVICES_SUPPLIES_BY_REFER,library-onboarding/ripple_dbt/models/marts/health/health__fed_cms_medicare_durable_medical_equipment_devices_supplies_by_refer.sql,HEALTH,FED_CMS_MEDICARE_DURABLE_MEDICAL_EQUIPMENT_DEVICES_SUPPLIES_BY_REFER,97,97,0.0,0,381228,BASE TABLE,381228,381228,,,OK
HEALTH__FED_CMS_MEDICARE_DURABLE_MEDICAL_EQUIPMENT_DEVICES_SUPPLIES_BY_SUPPL,library-onboarding/ripple_dbt/models/marts/health/health__fed_cms_medicare_durable_medical_equipment_devices_supplies_by_suppl.sql,HEALTH,FED_CMS_MEDICARE_DURABLE_MEDICAL_EQUIPMENT_DEVICES_SUPPLIES_BY_SUPPL,32,32,0.0,0,440670,BASE TABLE,440670,440670,,,OK
HEALTH__FED_CMS_MEDICARE_INPATIENT_HOSPITALS_BY_PROVIDER,library-onboarding/ripple_dbt/models/marts/health/health__fed_cms_medicare_inpatient_hospitals_by_provider.sql,HEALTH,FED_CMS_MEDICARE_INPATIENT_HOSPITALS_BY_PROVIDER,57,57,0.0,0,3044,BASE TABLE,3044,3044,,,OK
HEALTH__FED_CMS_MEDICARE_INPATIENT_HOSPITALS_BY_PROVIDER_AND_SERVICE,library-onboarding/ripple_dbt/models/marts/health/health__fed_cms_medicare_inpatient_hospitals_by_provider_and_service.sql,HEALTH,FED_CMS_MEDICARE_INPATIENT_HOSPITALS_BY_PROVIDER_AND_SERVICE,15,15,0.0,0,145879,BASE TABLE,145879,145879,,,OK
HEALTH__FED_CMS_MEDICARE_OUTPATIENT_HOSPITALS_BY_PROVIDER_AND_SERVICE,library-onboarding/ripple_dbt/models/marts/health/health__fed_cms_medicare_outpatient_hospitals_by_provider_and_service.sql,HEALTH,FED_CMS_MEDICARE_OUTPATIENT_HOSPITALS_BY_PROVIDER_AND_SERVICE,18,18,0.0,0,116182,BASE TABLE,116182,116182,,,OK
HEALTH__FED_CMS_MEDICARE_PHYSICIAN_OTHER_PRACTITIONERS_BY_PROVIDER,library-onboarding/ripple_dbt/models/marts/health/health__fed_cms_medicare_physician_other_practitioners_by_provider.sql,HEALTH,FED_CMS_MEDICARE_PHYSICIAN_OTHER_PRACTITIONERS_BY_PROVIDER,81,81,0.0,0,1296739,BASE TABLE,1296739,500000,header=500000,,ROW_DISAGREE
HEALTH__FED_CMS_MEDICARE_PHYSICIAN_OTHER_PRACTITIONERS_BY_PROVIDER_AND_SERVI,library-onboarding/ripple_dbt/models/marts/health/health__fed_cms_medicare_physician_other_practitioners_by_provider_and_servi.sql,HEALTH,FED_CMS_MEDICARE_PHYSICIAN_OTHER_PRACTITIONERS_BY_PROVIDER_AND_SERVI,28,28,0.0,0,9781673,BASE TABLE,9781673,500000,header=500000,,ROW_DISAGREE
HEALTH__FED_CMS_MEDICARE_PROVIDER,library-onboarding/ripple_dbt/models/marts/health/health__fed_cms_medicare_provider.sql,HEALTH,FED_CMS_MEDICARE_PROVIDER,81,81,0.0,0,1296739,BASE TABLE,1296739,1296739,,,OK
HEALTH__FED_CMS_NADAC,library-onboarding/ripple_dbt/models/marts/health/health__fed_cms_nadac.sql,HEALTH,FED_CMS_NADAC,12,14,-16.7,0,359514,BASE TABLE,359514,,,,OK
HEALTH__FED_CMS_NPPES,library-onboarding/ripple_dbt/models/marts/health/health__fed_cms_nppes.sql,HEALTH,FED_CMS_NPPES,330,330,0.0,0,9606683,BASE TABLE,9606683,,,PROVIDER_BUSINESS_MAILING_ADDRESS_COUNTRY_CODE_IF_OUTSIDE_U_S:try_to_number;PROVIDER_BUSINESS_PRACTICE_LOCATION_ADDRESS_COUNTRY_CODE_IF_OUTSIDE_U_S:try_to_number,BAD_CAST(2)
HEALTH__FED_CMS_NURSING_HOME,library-onboarding/ripple_dbt/models/marts/health/health__fed_cms_nursing_home.sql,HEALTH,FED_CMS_NURSING_HOME,109,95,12.8,0,14700,BASE TABLE,14700,,,AVERAGE_NUMBER_OF_RESIDENTS_PER_DAY_FOOTNOTE:try_to_number;COUNTY_FIPS:try_to_number;COUNTY_PARISH:try_to_number;PROVIDER_SSA_COUNTY_CODE:try_to_number,BAD_CAST(4)
HEALTH__FED_CMS_NURSING_HOME_DEFICIENCIES,library-onboarding/ripple_dbt/models/marts/health/health__fed_cms_nursing_home_deficiencies.sql,HEALTH,FED_CMS_NURSING_HOME_DEFICIENCIES,23,23,0.0,0,418479,BASE TABLE,418479,418479,,,OK
HEALTH__FED_CMS_NURSING_HOME_FIRE_DEFICIENCIES,library-onboarding/ripple_dbt/models/marts/health/health__fed_cms_nursing_home_fire_deficiencies.sql,HEALTH,FED_CMS_NURSING_HOME_FIRE_DEFICIENCIES,24,24,0.0,0,200030,BASE TABLE,200030,200030,,,OK
HEALTH__FED_CMS_NURSING_HOME_PENALTIES,library-onboarding/ripple_dbt/models/marts/health/health__fed_cms_nursing_home_penalties.sql,HEALTH,FED_CMS_NURSING_HOME_PENALTIES,14,14,0.0,0,16180,BASE TABLE,16180,16180,,,OK
HEALTH__FED_CMS_OPEN_PAYMENTS,library-onboarding/ripple_dbt/models/marts/health/health__fed_cms_open_payments.sql,HEALTH,FED_CMS_OPEN_PAYMENTS,91,22,75.8,0,15385047,BASE TABLE,15385047,,,COUNTRY_OF_TRAVEL:try_to_number;APPLICABLE_MANUFACTURER_OR_APPLICABLE_GPO_MAKING_PAYMENT_COUNTRY:try_to_number;RECIPIENT_COUNTRY:try_to_number,BAD_CAST(3)
HEALTH__FED_CMS_OPEN_PAYMENTS_2022,library-onboarding/ripple_dbt/models/marts/health/health__fed_cms_open_payments_2022.sql,HEALTH,FED_CMS_OPEN_PAYMENTS_2022,91,22,75.8,0,13250000,BASE TABLE,13250000,,,APPLICABLE_MANUFACTURER_OR_APPLICABLE_GPO_MAKING_PAYMENT_COUNTRY:try_to_number;COUNTRY_OF_TRAVEL:try_to_number;RECIPIENT_COUNTRY:try_to_number,BAD_CAST(3)
HEALTH__FED_CMS_OPEN_PAYMENTS_2023,library-onboarding/ripple_dbt/models/marts/health/health__fed_cms_open_payments_2023.sql,HEALTH,FED_CMS_OPEN_PAYMENTS_2023,91,22,75.8,0,14700786,BASE TABLE,14700786,,,RECIPIENT_COUNTRY:try_to_number;APPLICABLE_MANUFACTURER_OR_APPLICABLE_GPO_MAKING_PAYMENT_COUNTRY:try_to_number;COUNTRY_OF_TRAVEL:try_to_number,BAD_CAST(3)
HEALTH__FED_CMS_OPEN_PAYMENTS_PROFILE_SUPPLEMENT,library-onboarding/ripple_dbt/models/marts/health/health__fed_cms_open_payments_profile_supplement.sql,HEALTH,FED_CMS_OPEN_PAYMENTS_PROFILE_SUPPLEMENT,32,32,0.0,0,1697025,BASE TABLE,1697025,,,COVERED_RECIPIENT_PROFILE_COUNTRY_NAME:try_to_number,BAD_CAST(1)
HEALTH__FED_CMS_OPIOID_TREATMENT_PROGRAM_PROVIDERS,library-onboarding/ripple_dbt/models/marts/health/health__fed_cms_opioid_treatment_program_providers.sql,HEALTH,FED_CMS_OPIOID_TREATMENT_PROGRAM_PROVIDERS,9,9,0.0,0,1558,BASE TABLE,1558,1558,,,OK
HEALTH__FED_CMS_OPT_OUT_AFFIDAVITS,library-onboarding/ripple_dbt/models/marts/health/health__fed_cms_opt_out_affidavits.sql,HEALTH,FED_CMS_OPT_OUT_AFFIDAVITS,13,13,0.0,0,57209,BASE TABLE,57209,57209,,,OK
HEALTH__FED_CMS_ORDER_AND_REFERRING,library-onboarding/ripple_dbt/models/marts/health/health__fed_cms_order_and_referring.sql,HEALTH,FED_CMS_ORDER_AND_REFERRING,8,8,0.0,0,2018354,BASE TABLE,2018354,500000,header=500000,,ROW_DISAGREE
HEALTH__FED_CMS_PARTD_PRESCRIBERS,library-onboarding/ripple_dbt/models/marts/health/health__fed_cms_partd_prescribers.sql,HEALTH,FED_CMS_PARTD_PRESCRIBER_DRUG,22,20,9.1,0,25869521,BASE TABLE,25869521,,,,OK
HEALTH__FED_CMS_PARTD_PRESCRIBER_DRUG,library-onboarding/ripple_dbt/models/marts/health/health__fed_cms_partd_prescriber_drug.sql,HEALTH,FED_CMS_PARTD_PRESCRIBER_DRUG,22,0,100.0,0,,,25869521,25869521,,,NOT_BUILT
HEALTH__FED_CMS_PART_D_PRESCRIBERS,library-onboarding/ripple_dbt/models/marts/health/health__fed_cms_part_d_prescribers.sql,HEALTH,FED_CMS_PART_D_PRESCRIBERS,84,84,0.0,0,1416883,BASE TABLE,1416883,,,,OK
HEALTH__FED_CMS_PENDING_INITIAL_LOGGING_AND_TRACKING_NON_PHYSICIANS,library-onboarding/ripple_dbt/models/marts/health/health__fed_cms_pending_initial_logging_and_tracking_non_physicians.sql,HEALTH,FED_CMS_PENDING_INITIAL_LOGGING_AND_TRACKING_NON_PHYSICIANS,3,3,0.0,0,6880,BASE TABLE,6880,6880,,,OK
HEALTH__FED_CMS_PENDING_INITIAL_LOGGING_AND_TRACKING_PHYSICIANS,library-onboarding/ripple_dbt/models/marts/health/health__fed_cms_pending_initial_logging_and_tracking_physicians.sql,HEALTH,FED_CMS_PENDING_INITIAL_LOGGING_AND_TRACKING_PHYSICIANS,3,3,0.0,0,7240,BASE TABLE,7240,7240,,,OK
HEALTH__FED_CMS_POS_OTHER,library-onboarding/ripple_dbt/models/marts/health/health__fed_cms_pos_other.sql,HEALTH,FED_CMS_POS_OTHER,473,473,0.0,0,44429,BASE TABLE,44429,44429,,GNRL_CNTL_TYPE_CD:try_to_number;FIPS_CNTY_CD:try_to_number,BAD_CAST(2)
HEALTH__FED_CMS_QUALITY_PAYMENT_PROGRAM_EXPERIENCE,library-onboarding/ripple_dbt/models/marts/health/health__fed_cms_quality_payment_program_experience.sql,HEALTH,FED_CMS_QUALITY_PAYMENT_PROGRAM_EXPERIENCE,212,212,0.0,0,503917,BASE TABLE,503917,500000,,,OK
HEALTH__FED_CMS_RURAL_HEALTH_CLINIC_ENROLLMENTS,library-onboarding/ripple_dbt/models/marts/health/health__fed_cms_rural_health_clinic_enrollments.sql,HEALTH,FED_CMS_RURAL_HEALTH_CLINIC_ENROLLMENTS,21,21,0.0,0,5530,BASE TABLE,5530,5530,,INCORPORATION_DATE:try_to_date;INCORPORATION_STATE:try_to_double,BAD_CAST(2)
HEALTH__FED_CMS_SKILLED_NURSING_FACILITY_ENROLLMENTS,library-onboarding/ripple_dbt/models/marts/health/health__fed_cms_skilled_nursing_facility_enrollments.sql,HEALTH,FED_CMS_SKILLED_NURSING_FACILITY_ENROLLMENTS,23,23,0.0,0,14425,BASE TABLE,14425,14425,,INCORPORATION_DATE:try_to_date;INCORPORATION_STATE:try_to_double,BAD_CAST(2)
HEALTH__FED_DEA_ARCOS,library-onboarding/ripple_dbt/models/marts/health/health__fed_dea_arcos.sql,HEALTH,FED_DEA_ARCOS_FULL,42,32,23.8,0,178598026,BASE TABLE,178598026,,,TRANSACTION_DATE:try_to_date;BUYER_COUNTY:try_to_number;REPORTER_COUNTY:try_to_number,BAD_CAST(3)
HEALTH__FED_FDA_CAERS,library-onboarding/ripple_dbt/models/marts/health/health__fed_fda_caers.sql,HEALTH,FED_FDA_CAERS,1,14,-1300.0,0,85511,BASE TABLE,85511,,,,SHELL_LANDING
HEALTH__FED_FDA_DEVICE_510K,library-onboarding/ripple_dbt/models/marts/health/health__fed_fda_device_510k.sql,HEALTH,FED_FDA_DEVICE_510K,1,23,-2200.0,0,175686,BASE TABLE,175686,,,,SHELL_LANDING
HEALTH__FED_FDA_DEVICE_CLASSIFICATION,library-onboarding/ripple_dbt/models/marts/health/health__fed_fda_device_classification.sql,HEALTH,FED_FDA_DEVICE_CLASSIFICATION,1,19,-1800.0,0,7085,BASE TABLE,7085,,,,SHELL_LANDING
HEALTH__FED_FDA_DEVICE_ENFORCEMENT,library-onboarding/ripple_dbt/models/marts/health/health__fed_fda_device_enforcement.sql,HEALTH,FED_FDA_DEVICE_ENFORCEMENT,1,29,-2800.0,0,39635,BASE TABLE,39635,,,,SHELL_LANDING
HEALTH__FED_FDA_DEVICE_PMA,library-onboarding/ripple_dbt/models/marts/health/health__fed_fda_device_pma.sql,HEALTH,FED_FDA_DEVICE_PMA,1,23,-2200.0,0,56853,BASE TABLE,56853,,,,SHELL_LANDING
HEALTH__FED_FDA_DRUG_ENFORCEMENT,library-onboarding/ripple_dbt/models/marts/health/health__fed_fda_drug_enforcement.sql,HEALTH,FED_FDA_DRUG_ENFORCEMENT,1,30,-2900.0,0,17816,BASE TABLE,17816,,,,SHELL_LANDING
HEALTH__FED_FDA_DRUG_MASTER_FILES,library-onboarding/ripple_dbt/models/marts/health/health__fed_fda_drug_master_files.sql,HEALTH,FED_FDA_DRUG_MASTER_FILES,6,7,-16.7,0,41253,BASE TABLE,41253,,,,OK
HEALTH__FED_FDA_ESTABLISHMENT_REG,library-onboarding/ripple_dbt/models/marts/health/health__fed_fda_establishment_reg.sql,HEALTH,FED_FDA_ESTABLISHMENT_REG,1,18,-1700.0,0,263374,BASE TABLE,263374,,,,SHELL_LANDING
HEALTH__FED_FDA_FAERS_DEMO,library-onboarding/ripple_dbt/models/marts/health/health__fed_fda_faers_demo.sql,HEALTH,FED_FDA_FAERS_DEMO,30,30,0.0,0,5811086,BASE TABLE,5811086,5811086,,REPORTER_COUNTRY:try_to_number;OCCR_COUNTRY:try_to_number,BAD_CAST(2)
HEALTH__FED_FDA_FAERS_DRUG,library-onboarding/ripple_dbt/models/marts/health/health__fed_fda_faers_drug.sql,HEALTH,FED_FDA_FAERS_DRUG,22,22,0.0,0,,VIEW,,20914284,,,OK
HEALTH__FED_FDA_FAERS_INDI,library-onboarding/ripple_dbt/models/marts/health/health__fed_fda_faers_indi.sql,HEALTH,FED_FDA_FAERS_INDI,7,7,0.0,0,9833260,BASE TABLE,9833260,9833260,,,OK
HEALTH__FED_FDA_FAERS_OUTC,library-onboarding/ripple_dbt/models/marts/health/health__fed_fda_faers_outc.sql,HEALTH,FED_FDA_FAERS_OUTC,6,6,0.0,0,5147466,BASE TABLE,5147466,5147466,,,OK
HEALTH__FED_FDA_FAERS_REAC,library-onboarding/ripple_dbt/models/marts/health/health__fed_fda_faers_reac.sql,HEALTH,FED_FDA_FAERS_REAC,5,5,0.0,0,,VIEW,,20621386,,,OK
HEALTH__FED_FDA_GUDID,library-onboarding/ripple_dbt/models/marts/health/health__fed_fda_gudid.sql,HEALTH,FED_FDA_GUDID,1,17,-1600.0,0,5083948,BASE TABLE,5083948,,,,SHELL_LANDING
HEALTH__FED_FDA_MAUDE,library-onboarding/ripple_dbt/models/marts/health/health__fed_fda_maude.sql,HEALTH,FED_FDA_MAUDE,1,25,-2400.0,0,2743561,BASE TABLE,2743561,,,,SHELL_LANDING
HEALTH__FED_FDA_PURPLE_BOOK,library-onboarding/ripple_dbt/models/marts/health/health__fed_fda_purple_book.sql,HEALTH,FED_FDA_PURPLE_BOOK,28,29,-3.6,0,2228,BASE TABLE,2228,,,,OK
HEALTH__FED_FDA_UNII_GSRS_SUBSTANCES,library-onboarding/ripple_dbt/models/marts/health/health__fed_fda_unii_gsrs_substances.sql,HEALTH,FED_FDA_UNII_GSRS_SUBSTANCES,25,25,0.0,0,168046,BASE TABLE,168046,,,,OK
HEALTH__FED_HHS_OIG_LEIE,library-onboarding/ripple_dbt/models/marts/health/health__fed_hhs_oig_leie.sql,HEALTH,FED_HHS_OIG_LEIE,18,20,-11.1,0,83369,BASE TABLE,83369,,,,OK
HEALTH__FED_HRSA_HPSA_PRIMARY_CARE,library-onboarding/ripple_dbt/models/marts/health/health__fed_hrsa_hpsa_primary_care.sql,HEALTH,FED_HRSA_HPSA_PRIMARY_CARE,66,66,0.0,0,79158,BASE TABLE,79158,,,COUNTY_EQUIVALENT_NAME:try_to_number;COMMON_COUNTY_NAME:try_to_number;DATA_WAREHOUSE_RECORD_CREATE_DATE_TEXT:try_to_date;COUNTY_OR_COUNTY_EQUIVALENT_FEDERAL_INFORMATION_PROCESSING_STANDARD_CODE:try_to_number;U_S_MEXICO_BORDER_COUNTY_INDICATOR:try_to_number;COMMON_STATE_COUNTY_FIPS_CODE:try_to_number;STATE_AND_COUNTY_FEDERAL_INFORMATION_PROCESSING_STANDARD_CODE:try_to_number,BAD_CAST(7)
HEALTH__FED_HRSA_NPDB,library-onboarding/ripple_dbt/models/marts/health/health__fed_hrsa_npdb.sql,HEALTH,FED_HRSA_NPDB,54,54,0.0,0,1911185,BASE TABLE,1911185,1911185,,,OK
HEALTH__FED_HRSA_SHORTAGE_AREAS,library-onboarding/ripple_dbt/models/marts/health/health__fed_hrsa_shortage_areas.sql,HEALTH,FED_HRSA_SHORTAGE_AREAS,67,67,0.0,0,165531,BASE TABLE,165531,165531,,COMMON_COUNTY_NAME:try_to_number;COMMON_STATE_COUNTY_FIPS_CODE:try_to_number;COUNTY_OR_COUNTY_EQUIVALENT_FEDERAL_INFORMATION_PROCESSING_STANDARD_CODE:try_to_number;STATE_AND_COUNTY_FEDERAL_INFORMATION_PROCESSING_STANDARD_CODE:try_to_number;DATA_WAREHOUSE_RECORD_CREATE_DATE_TEXT:try_to_date;U_S_MEXICO_BORDER_COUNTY_INDICATOR:try_to_number;COUNTY_EQUIVALENT_NAME:try_to_number,BAD_CAST(7)
HEALTH__FED_HRSA_UDS_HEALTH_CENTER_INFO,library-onboarding/ripple_dbt/models/marts/health/health__fed_hrsa_uds_health_center_info.sql,HEALTH,FED_HRSA_UDS_HEALTH_CENTER_INFO,19,19,0.0,0,1356,BASE TABLE,1356,,,,OK
HEALTH__FED_HRSA_UDS_SERVICE_DELIVERY_SITES,library-onboarding/ripple_dbt/models/marts/health/health__fed_hrsa_uds_service_delivery_sites.sql,HEALTH,FED_HRSA_UDS_SERVICE_DELIVERY_SITES,56,55,1.8,0,19038,BASE TABLE,19038,,,HEALTH_CENTER_OPERATIONAL_SCHEDULE_DESCRIPTION:try_to_double;COUNTY_DESCRIPTION:try_to_number;U_S_MEXICO_BORDER_COUNTY_INDICATOR:try_to_number;COUNTY_EQUIVALENT_NAME:try_to_number;COMPLETE_COUNTY_NAME:try_to_number;STATE_AND_COUNTY_FEDERAL_INFORMATION_PROCESSING_STANDARD_CODE:try_to_number,BAD_CAST(6)
HEALTH__FED_HRSA_UDS_TABLE3A_PATIENTS,library-onboarding/ripple_dbt/models/marts/health/health__fed_hrsa_uds_table3a_patients.sql,HEALTH,FED_HRSA_UDS_TABLE3A_PATIENTS,80,80,0.0,0,1356,BASE TABLE,1356,,,,OK
HEALTH__FED_IHS_FACILITIES,library-onboarding/ripple_dbt/models/marts/health/health__fed_ihs_facilities.sql,HEALTH,FED_IHS_FACILITIES,29,30,-3.4,0,1006,BASE TABLE,1006,,,,OK
HEALTH__FED_IHS_SCB_FACILITY,library-onboarding/ripple_dbt/models/marts/health/health__fed_ihs_scb_facility.sql,HEALTH,FED_IHS_SCB_FACILITY,10,11,-10.0,0,8733,BASE TABLE,8733,,,,OK
HEALTH__FED_NLM_DAILYMED_SPL_SETID_MAP,library-onboarding/ripple_dbt/models/marts/health/health__fed_nlm_dailymed_spl_setid_map.sql,HEALTH,FED_NLM_DAILYMED_SPL_SETID_MAP,5,5,0.0,0,158452,BASE TABLE,158452,,,,OK
HEALTH__FED_NURSINGHOME411,library-onboarding/ripple_dbt/models/marts/health/health__fed_nursinghome411.sql,HEALTH,FED_NURSINGHOME411,71,71,0.0,0,14713,BASE TABLE,14713,14713,,COUNTY_PARISH:try_to_number,BAD_CAST(1)
HEALTH__FED_VA_ALLCAUSE_MORTALITY,library-onboarding/ripple_dbt/models/marts/health/health__fed_va_allcause_mortality.sql,HEALTH,FED_VA_ALLCAUSE_MORTALITY,12,12,0.0,0,2808,BASE TABLE,2808,,,,OK
HEALTH__FED_VA_SUICIDE_APPENDIX,library-onboarding/ripple_dbt/models/marts/health/health__fed_va_suicide_appendix.sql,HEALTH,FED_VA_SUICIDE_APPENDIX,13,13,0.0,0,144,BASE TABLE,144,144,,,OK
HEALTH__FED_VA_SUICIDE_NATIONAL,library-onboarding/ripple_dbt/models/marts/health/health__fed_va_suicide_national.sql,HEALTH,FED_VA_SUICIDE_NATIONAL,16,15,6.2,0,690,BASE TABLE,690,,,,OK
HEALTH__FED_VA_SUICIDE_STATE,library-onboarding/ripple_dbt/models/marts/health/health__fed_va_suicide_state.sql,HEALTH,FED_VA_SUICIDE_STATE,16,8,50.0,0,1196,BASE TABLE,1196,,,,OK
HEALTH__INTL_HEALTHCANADA_DPD_DRUG,library-onboarding/ripple_dbt/models/marts/health/health__intl_healthcanada_dpd_drug.sql,HEALTH,INTL_HEALTHCANADA_DPD_DRUG,14,14,0.0,0,13383,BASE TABLE,13383,,,,OK
HEALTH__PHARMA_MEAL_CAP_FINGERPRINT,library-onboarding/ripple_dbt/models/marts/health/health__pharma_meal_cap_fingerprint.sql,HEALTH,,0,16,,0,2462,BASE TABLE,,,,,OK
HEALTH__ST_OEHHA_PROPOSITION_65_LIST,library-onboarding/ripple_dbt/models/marts/health/health__st_oehha_proposition_65_list.sql,HEALTH,ST_OEHHA_PROPOSITION_65_LIST,9,10,-11.1,0,952,BASE TABLE,952,,,,OK
HEALTH__XC_GUTTMACHER_MONTHLY_ABORTION,library-onboarding/ripple_dbt/models/marts/health/health__xc_guttmacher_monthly_abortion.sql,HEALTH,XC_GUTTMACHER_MONTHLY_ABORTION,8,8,0.0,0,2040,BASE TABLE,2040,2040,,,OK
HEALTH__XC_OWID_LIFE_EXPECTANCY,library-onboarding/ripple_dbt/models/marts/health/health__xc_owid_life_expectancy.sql,HEALTH,XC_OWID_LIFE_EXPECTANCY,4,4,0.0,0,21565,BASE TABLE,21565,21565,,,OK
HISTORICAL_RECORDS__FED_SLAVEVOYAGES_INTRAAMERICAN,library-onboarding/ripple_dbt/models/marts/historical_records/historical_records__fed_slavevoyages_intraamerican.sql,HISTORICAL_RECORDS,FED_SLAVEVOYAGES_INTRAAMERICAN,169,169,0.0,0,11521,BASE TABLE,11522,,,,OK
HISTORY__FED_DAVID_RUMSEY,library-onboarding/ripple_dbt/models/marts/history/history__fed_david_rumsey.sql,HISTORY,FED_DAVID_RUMSEY,13,13,0.0,0,10,BASE TABLE,10,10,,,OK
HISTORY__FED_DENSHO_DDR,library-onboarding/ripple_dbt/models/marts/history/history__fed_densho_ddr.sql,HISTORY,FED_DENSHO_DDR,12,12,0.0,0,25,BASE TABLE,25,25,,,OK
HISTORY__FED_DOCSOUTH,library-onboarding/ripple_dbt/models/marts/history/history__fed_docsouth.sql,HISTORY,FED_DOCSOUTH,6,6,0.0,0,144,BASE TABLE,144,144,,,OK
HISTORY__FED_NARA_WRA_AAD,library-onboarding/ripple_dbt/models/marts/history/history__fed_nara_wra_aad.sql,HISTORY,FED_NARA_WRA_AAD,12,0,100.0,0,,,38,36,,,NOT_BUILT
HISTORY__FED_SLAVEVOYAGES_TRANSATLANTIC,library-onboarding/ripple_dbt/models/marts/history/history__fed_slavevoyages_transatlantic.sql,HISTORY,FED_SLAVEVOYAGES_TRANSATLANTIC,276,276,0.0,0,36108,BASE TABLE,36108,,,,OK
HISTORY__FED_WPA_SLAVE_NARRATIVES,library-onboarding/ripple_dbt/models/marts/history/history__fed_wpa_slave_narratives.sql,HISTORY,FED_WPA_SLAVE_NARRATIVES,13,17,-30.8,0,100,BASE TABLE,100,,,,OK
HOUSING__FED_CFPB_HMDA,library-onboarding/ripple_dbt/models/marts/housing/housing__fed_cfpb_hmda.sql,HOUSING,FED_CFPB_HMDA,99,99,0.0,0,28301,BASE TABLE,28301,,,COUNTY_CODE:try_to_number,BAD_CAST(1)
HOUSING__FED_CFPB_HMDA_ARID2017_LEI_XREF,library-onboarding/ripple_dbt/models/marts/housing/housing__fed_cfpb_hmda_arid2017_lei_xref.sql,HOUSING,FED_CFPB_HMDA_ARID2017_LEI_XREF,5,5,0.0,0,5399,BASE TABLE,5399,,,,OK
HOUSING__FED_CFPB_HMDA_DC_ONLY,library-onboarding/ripple_dbt/models/marts/housing/housing__fed_cfpb_hmda_dc_only.sql,HOUSING,FED_CFPB_HMDA,99,99,0.0,0,28301,BASE TABLE,28301,28301,,COUNTY_CODE:try_to_number,BAD_CAST(1)
HOUSING__FED_CFPB_HMDA_HISTORIC,library-onboarding/ripple_dbt/models/marts/housing/housing__fed_cfpb_hmda_historic.sql,HOUSING,FED_CFPB_HMDA_HISTORIC,79,80,-1.3,0,19136434,BASE TABLE,19136434,,,COUNTY_NAME:try_to_number;COUNTY_CODE:try_to_number,BAD_CAST(2)
HOUSING__FED_CFPB_HMDA_LAR,library-onboarding/ripple_dbt/models/marts/housing/housing__fed_cfpb_hmda_lar.sql,HOUSING,FED_CFPB_HMDA_LAR,99,100,-1.0,0,17474,BASE TABLE,17474,,,COUNTY_CODE:try_to_number,BAD_CAST(1)
HOUSING__FED_FEMA_IA_HOUSING_REGISTRATIONS,library-onboarding/ripple_dbt/models/marts/housing/housing__fed_fema_ia_housing_registrations.sql,HOUSING,FED_FEMA_IA_HOUSING_REGISTRATIONS,100,100,0.0,0,3080000,BASE TABLE,3080000,,,ONAMEDICALASSISTAMOUNT:try_to_double;COUNTY:try_to_number,BAD_CAST(2)
HOUSING__FED_FEMA_NFIP_COMMUNITY_STATUS_BOOK,library-onboarding/ripple_dbt/models/marts/housing/housing__fed_fema_nfip_community_status_book.sql,HOUSING,FED_FEMA_NFIP_COMMUNITY_STATUS_BOOK,16,17,-6.2,0,25122,BASE TABLE,25122,,,COUNTY:try_to_number,BAD_CAST(1)
HOUSING__FED_FHFA_HPI,library-onboarding/ripple_dbt/models/marts/housing/housing__fed_fhfa_hpi.sql,HOUSING,FED_FHFA_HPI,12,12,0.0,0,184807,BASE TABLE,184807,184807,,,OK
HOUSING__FED_FHFA_NMDB,library-onboarding/ripple_dbt/models/marts/housing/housing__fed_fhfa_nmdb.sql,HOUSING,FED_FHFA_NMDB,10,10,0.0,0,19054246,BASE TABLE,19054246,19054246,,,OK
HOUSING__FED_HUD_ASSISTED_HOUSING_PROJECTS,library-onboarding/ripple_dbt/models/marts/housing/housing__fed_hud_assisted_housing_projects.sql,HOUSING,FED_HUD_ASSISTED_HOUSING_PROJECTS,92,92,0.0,0,35601,BASE TABLE,35601,,,,OK
HOUSING__FED_HUD_DATA,library-onboarding/ripple_dbt/models/marts/housing/housing__fed_hud_data.sql,HOUSING,FED_HUD_DATA,8,8,0.0,0,77,BASE TABLE,77,77,,,OK
HOUSING__FED_HUD_FHA_SF_PORTFOLIO_SNAPSHOT,library-onboarding/ripple_dbt/models/marts/housing/housing__fed_hud_fha_sf_portfolio_snapshot.sql,HOUSING,FED_HUD_FHA_SF_PORTFOLIO_SNAPSHOT,17,18,-5.9,0,61647,BASE TABLE,61647,,,PROPERTY_COUNTY:try_to_number,BAD_CAST(1)
HOUSING__FED_HUD_MF_FIRM_COMMITMENTS,library-onboarding/ripple_dbt/models/marts/housing/housing__fed_hud_mf_firm_commitments.sql,HOUSING,FED_HUD_MF_FIRM_COMMITMENTS,25,26,-4.0,0,25557,BASE TABLE,25557,,,,OK
HOUSING__FED_HUD_MF_SECTION8_CONTRACTS,library-onboarding/ripple_dbt/models/marts/housing/housing__fed_hud_mf_section8_contracts.sql,HOUSING,FED_HUD_MF_SECTION8_CONTRACTS,31,32,-3.2,0,24309,BASE TABLE,24309,,,,OK
HOUSING__FED_HUD_PUBLIC_HOUSING_AUTHORITIES,library-onboarding/ripple_dbt/models/marts/housing/housing__fed_hud_public_housing_authorities.sql,HOUSING,FED_HUD_PUBLIC_HOUSING_AUTHORITIES,106,106,0.0,0,3787,BASE TABLE,3787,,,COUNTY_LEVEL:try_to_number,BAD_CAST(1)
HOUSING__FED_MAPPING_INEQUALITY,library-onboarding/ripple_dbt/models/marts/housing/housing__fed_mapping_inequality.sql,HOUSING,FED_MAPPING_INEQUALITY,12,16,-33.3,0,1155,BASE TABLE,1155,,,,OK
HOUSING__FED_USDA_RD_MFH_ACTIVE_PROJECTS,library-onboarding/ripple_dbt/models/marts/housing/housing__fed_usda_rd_mfh_active_projects.sql,HOUSING,FED_USDA_RD_MFH_ACTIVE_PROJECTS,32,32,0.0,0,13550,BASE TABLE,13550,,,STATE_COUNTY_FIPS_CODE:try_to_number,BAD_CAST(1)
IMMIGRATION__FED_CBP_ENCOUNTERS,library-onboarding/ripple_dbt/models/marts/immigration/immigration__fed_cbp_encounters.sql,IMMIGRATION,FED_CBP_ENCOUNTERS,15,15,0.0,0,9,BASE TABLE,9,9,,,OK
IMMIGRATION__FED_CMS_HOSPICE_ENROLLMENTS,library-onboarding/ripple_dbt/models/marts/immigration/immigration__fed_cms_hospice_enrollments.sql,IMMIGRATION,FED_CMS_HOSPICE_ENROLLMENTS,20,20,0.0,0,6066,BASE TABLE,6066,6066,,INCORPORATION_DATE:try_to_date;INCORPORATION_STATE:try_to_double,BAD_CAST(2)
IMMIGRATION__FED_CMS_MEDICARE_FEE_FOR_SERVICE_PUBLIC_PROVIDER_ENROLLMENT,library-onboarding/ripple_dbt/models/marts/immigration/immigration__fed_cms_medicare_fee_for_service_public_provider_enrollment.sql,IMMIGRATION,FED_CMS_MEDICARE_FEE_FOR_SERVICE_PUBLIC_PROVIDER_ENROLLMENT,11,11,0.0,0,2978925,BASE TABLE,2978925,500000,header=500000,,ROW_DISAGREE
IMMIGRATION__FED_DHS_OHSS,library-onboarding/ripple_dbt/models/marts/immigration/immigration__fed_dhs_ohss.sql,IMMIGRATION,FED_DHS_OHSS,474,28,94.1,0,50740,BASE TABLE,50740,,,CBP_SW_BORDER_ENCOUNTERS_BOOK_OUTS_BY_FAMILY_STATUS__FISCAL_YEARS_2014_TO_2024_YTD__JULY_2024:try_to_number;CBP_SW_BORDER_ENCOUNTERS_BOOK_OUTS_BY_FAMILY_STATUS__FISCAL_YEARS_2014_TO_2024_YTD__MARCH_2024:try_to_number;NATIONWIDE_CBP_ENCOUNTERS_BY_ENCOUNTER_TYPE_AND_REGION__FISCAL_YEARS_2014_TO_2024_YTD__MAY_2024:try_to_number;CBP_SW_BORDER_ENCOUNTERS_BY_AGENCY_AND_FAMILY_STATUS__FISCAL_YEARS_2014_TO_2024_YTD__DECEMBER_2023:try_to_number;CBP_SW_BORDER_ENCOUNTERS_BOOK_OUT_OUTCOMES_BY_FAMILY_STATUS__FISCAL_YEARS_2014_TO_2024_YTD__DECEMBER_2023:try_to_number;CBP_SW_BORDER_ENCOUNTERS_BY_AGENCY_AND_FAMILY_STATUS__FISCAL_YEARS_2014_TO_2024_YTD__AUGUST_2024:try_to_number;CBP_SW_BORDER_ENCOUNTERS_BY_AGENCY_AND_FAMILY_STATUS__FISCAL_YEARS_2014_TO_2024_YTD__JUNE_2024:try_to_number;CBP_SW_BORDER_ENCOUNTERS_BY_AGENCY_AND_FAMILY_STATUS__FISCAL_YEARS_2014_TO_2024_YTD__JULY_2024:try_to_number;NATIONWIDE_CBP_ENCOUNTERS_BY_ENCOUNTER_TYPE_AND_REGION__FISCAL_YEARS_2014_TO_2025_YTD__NOVEMBER_2024:try_to_number;NATIONWIDE_CBP_ENCOUNTERS_BY_ENCOUNTER_TYPE_AND_REGION__FISCAL_YEARS_2014_TO_2023__SEPTEMBER_2023:try_to_number;CBP_SW_BORDER_ENCOUNTERS_BOOK_OUT_OUTCOMES_BY_FAMILY_STATUS__FISCAL_YEARS_2014_TO_2024_YTD__OCTOBER_2023:try_to_number;CBP_SW_BORDER_ENCOUNTERS_BY_AGENCY_AND_FAMILY_STATUS__FISCAL_YEARS_2014_TO_2024_YTD__MAY_2024:try_to_number;CBP_SW_BORDER_ENCOUNTERS_BOOK_OUTS_BY_FAMILY_STATUS__FISCAL_YEARS_2014_TO_2024_YTD__JANUARY_2024:try_to_number;NATIONWIDE_CBP_ENCOUNTERS_BY_ENCOUNTER_TYPE_AND_REGION__FISCAL_YEARS_2014_TO_2024_YTD__JULY_2024:try_to_number;CBP_SW_BORDER_ENCOUNTERS_BY_AGENCY_AND_FAMILY_STATUS__FISCAL_YEARS_2014_TO_2024_YTD__NOVEMBER_2023:try_to_number;CBP_SW_BORDER_ENCOUNTERS_BY_AGENCY_AND_FAMILY_STATUS__FISCAL_YEARS_2014_TO_2024_YTD__APRIL_2024:try_to_number;CBP_SW_BORDER_ENCOUNTERS_BOOK_OUTS_BY_FAMILY_STATUS__FISCAL_YEARS_2014_TO_2024_YTD__AUGUST_2024:try_to_number;CBP_SW_BORDER_ENCOUNTERS_BOOK_OUTS_BY_FAMILY_STATUS__FISCAL_YEARS_2014_TO_2024_YTD__MAY_2024:try_to_number;NATIONWIDE_CBP_ENCOUNTERS_BY_ENCOUNTER_TYPE_AND_REGION__FISCAL_YEARS_2014_TO_2024_YTD__MARCH_2024:try_to_number;CBP_SW_BORDER_ENCOUNTERS_BOOK_OUT_OUTCOMES_BY_FAMILY_STATUS__FISCAL_YEARS_2014_TO_2023__SEPTEMBER_2023:try_to_number;NATIONWIDE_CBP_ENCOUNTERS_BY_ENCOUNTER_TYPE_AND_REGION__FISCAL_YEARS_2014_TO_2024_YTD__AUGUST_2024:try_to_number;NATIONWIDE_CBP_ENCOUNTERS_BY_ENCOUNTER_TYPE_AND_REGION__FISCAL_YEARS_2014_TO_2024_YTD__JUNE_2024:try_to_number;NATIONWIDE_CBP_ENCOUNTERS_BY_ENCOUNTER_TYPE_AND_REGION__FISCAL_YEARS_2014_TO_2024_YTD__APRIL_2024:try_to_number;NATIONWIDE_CBP_ENCOUNTERS_BY_ENCOUNTER_TYPE_AND_REGION__FISCAL_YEARS_2014_TO_2024_YTD__JANUARY_2024:try_to_number;NATIONWIDE_CBP_ENCOUNTERS_BY_ENCOUNTER_TYPE_AND_REGION__FISCAL_YEARS_2014_TO_2024_YTD__DECEMBER_2023:try_to_number;CBP_SW_BORDER_ENCOUNTERS_BOOK_OUTS_BY_FAMILY_STATUS__FISCAL_YEARS_2014_TO_2024_YTD__JUNE_2024:try_to_number;CBP_SW_BORDER_ENCOUNTERS_BY_AGENCY_AND_FAMILY_STATUS__FISCAL_YEARS_2014_TO_2025_YTD__NOVEMBER_2024:try_to_number;NATIONWIDE_CBP_ENCOUNTERS_BY_ENCOUNTER_TYPE_AND_REGION__FISCAL_YEARS_2014_TO_2024_YTD__OCTOBER_2023:try_to_number;NATIONWIDE_CBP_ENCOUNTERS_BY_ENCOUNTER_TYPE_AND_REGION__FISCAL_YEARS_2014_TO_2024_YTD__FEBRUARY_2024:try_to_number;CBP_SW_BORDER_ENCOUNTERS_BOOK_OUTS_BY_FAMILY_STATUS__FISCAL_YEARS_2014_TO_2024_YTD__FEBRUARY_2024:try_to_number;CBP_SW_BORDER_ENCOUNTERS_BOOK_OUT_OUTCOMES_BY_FAMILY_STATUS__FISCAL_YEARS_2014_TO_2024_YTD__NOVEMBER_2023:try_to_number;CBP_SW_BORDER_ENCOUNTERS_BOOK_OUTS_BY_FAMILY_STATUS__FISCAL_YEARS_2014_TO_2025_YTD__NOVEMBER_2024:try_to_number;CBP_SW_BORDER_ENCOUNTERS_BY_AGENCY_AND_FAMILY_STATUS__FISCAL_YEARS_2014_TO_2024_YTD__JANUARY_2024:try_to_number;CBP_SW_BORDER_ENCOUNTERS_BY_AGENCY_AND_FAMILY_STATUS__FISCAL_YEARS_2014_TO_2023__SEPTEMBER_2023:try_to_number;ENCOUNTER_TYPE:try_to_number;CBP_SW_BORDER_ENCOUNTERS_BY_AGENCY_AND_FAMILY_STATUS__FISCAL_YEARS_2014_TO_2024_YTD__MARCH_2024:try_to_number;NATIONWIDE_CBP_ENCOUNTERS_BY_ENCOUNTER_TYPE_AND_REGION:try_to_number;CBP_SW_BORDER_ENCOUNTERS_BY_AGENCY_AND_FAMILY_STATUS__FISCAL_YEARS_2014_TO_2024_YTD__OCTOBER_2023:try_to_number;CBP_SW_BORDER_ENCOUNTERS_BOOK_OUTS_BY_FAMILY_STATUS__FISCAL_YEARS_2014_TO_2024_YTD__APRIL_2024:try_to_number;NATIONWIDE_CBP_ENCOUNTERS_BY_ENCOUNTER_TYPE_AND_REGION__FISCAL_YEARS_2014_TO_2024_YTD__NOVEMBER_2023:try_to_number;CBP_SW_BORDER_ENCOUNTERS_BY_AGENCY_AND_FAMILY_STATUS__FISCAL_YEARS_2014_TO_2024_YTD__FEBRUARY_2024:try_to_number,BAD_CAST(41)
IMMIGRATION__FED_DHS_YEARBOOK,library-onboarding/ripple_dbt/models/marts/immigration/immigration__fed_dhs_yearbook.sql,IMMIGRATION,FED_DHS_YEARBOOK,11,11,0.0,0,27,BASE TABLE,27,27,,COUNTRY_OF_BIRTH:try_to_number;COUNTRY_OF_LAST_RESIDENCE:try_to_number,BAD_CAST(2)
IMMIGRATION__FED_DOL_OFLC,library-onboarding/ripple_dbt/models/marts/immigration/immigration__fed_dol_oflc.sql,IMMIGRATION,FED_DOL_OFLC,260,260,0.0,0,664616,BASE TABLE,664616,664616,,WORKSITE_COUNTY_8:try_to_number;WORKSITE_COUNTY_3:try_to_number;WORKSITE_COUNTY_9:try_to_number;EMPLOYER_COUNTRY:try_to_number;WORKSITE_COUNTY_5:try_to_number;WORKSITE_COUNTY_6:try_to_number;WORKSITE_COUNTY_4:try_to_number;WORKSITE_COUNTY_1:try_to_number;AGENT_ATTORNEY_COUNTRY:try_to_number;WORKSITE_COUNTY_7:try_to_number;WORKSITE_COUNTY_2:try_to_number;WORKSITE_COUNTY_10:try_to_number,BAD_CAST(12)
IMMIGRATION__FED_EOIR_CASE_DATA,library-onboarding/ripple_dbt/models/marts/immigration/immigration__fed_eoir_case_data.sql,IMMIGRATION,FED_EOIR_CASE_DATA,1,1,0.0,0,12631225,BASE TABLE,12631225,12631225,,,SHELL_LANDING
IMMIGRATION__FED_EPA_SDWA_SDWA_SERVICE_AREAS,library-onboarding/ripple_dbt/models/marts/immigration/immigration__fed_epa_sdwa_sdwa_service_areas.sql,IMMIGRATION,FED_EPA_SDWA_SDWA_SERVICE_AREAS,6,6,0.0,0,422464,BASE TABLE,422464,422464,,,OK
IMMIGRATION__FED_ICE_DETAINERS,library-onboarding/ripple_dbt/models/marts/immigration/immigration__fed_ice_detainers.sql,IMMIGRATION,FED_ICE_DETAINERS,64,64,0.0,0,609769,BASE TABLE,609769,,,BIRTH_COUNTRY:try_to_number;DEPARTURE_COUNTRY:try_to_number;CITIZENSHIP_COUNTRY:try_to_number,BAD_CAST(3)
IMMIGRATION__FED_ICE_DETENTION_FACILITY_CODES,library-onboarding/ripple_dbt/models/marts/immigration/immigration__fed_ice_detention_facility_codes.sql,IMMIGRATION,FED_ICE_DETENTION_FACILITY_CODES,12,13,-8.3,0,1490,BASE TABLE,1490,,,COUNTY:try_to_number,BAD_CAST(1)
IMMIGRATION__FED_ICE_DETENTION_FACILITY_LIST,library-onboarding/ripple_dbt/models/marts/immigration/immigration__fed_ice_detention_facility_list.sql,IMMIGRATION,FED_ICE_DETENTION_FACILITY_LIST,5,5,0.0,0,163,BASE TABLE,163,,,,OK
IMMIGRATION__FED_ICE_DETENTION_STINTS,library-onboarding/ripple_dbt/models/marts/immigration/immigration__fed_ice_detention_stints.sql,IMMIGRATION,FED_ICE_DETENTION_STINTS,68,68,0.0,0,2571975,BASE TABLE,2571975,,,COUNTY:try_to_number;DEPARTURE_COUNTRY:try_to_number;BIRTH_COUNTRY:try_to_number;CITIZENSHIP_COUNTRY:try_to_number,BAD_CAST(4)
IMMIGRATION__FED_ICE_STATISTICS,library-onboarding/ripple_dbt/models/marts/immigration/immigration__fed_ice_statistics.sql,IMMIGRATION,FED_ICE_STATISTICS,10,10,0.0,0,221,BASE TABLE,221,221,,COUNTRY_OF_CITIZENSHIP:try_to_number,BAD_CAST(1)
IMMIGRATION__FED_USCIS_DATA,library-onboarding/ripple_dbt/models/marts/immigration/immigration__fed_uscis_data.sql,IMMIGRATION,FED_USCIS_DATA,16,16,0.0,0,3204,BASE TABLE,3204,3204,,COUNTRY:try_to_number,BAD_CAST(1)
IMMIGRATION__XC_OWID_REFUGEES,library-onboarding/ripple_dbt/models/marts/immigration/immigration__xc_owid_refugees.sql,IMMIGRATION,XC_OWID_REFUGEES,5,5,0.0,0,7442,BASE TABLE,7442,7442,,REFUGEES_BY_COUNTRY_OF_ORIGIN:try_to_number,BAD_CAST(1)
INVESTIGATIONS__INTL_LEIDEN_RUSSIAN_OPS_EUROPE,library-onboarding/ripple_dbt/models/marts/investigations/investigations__intl_leiden_russian_ops_europe.sql,INVESTIGATIONS,INTL_LEIDEN_RUSSIAN_OPS_EUROPE,16,16,0.0,0,153,BASE TABLE,153,153,,,OK
INVESTIGATIONS__XC_WAYBACK_REPLAY_DOJ_DEEP_PAGES,library-onboarding/ripple_dbt/models/marts/investigations/investigations__xc_wayback_replay_doj_deep_pages.sql,INVESTIGATIONS,XC_WAYBACK_REPLAY_DOJ_DEEP_PAGES,1,9,-800.0,0,2542,BASE TABLE,2542,,,,SHELL_LANDING
INVESTIGATIONS__XC_WAYBACK_REPLAY_DOJ_LISTING,library-onboarding/ripple_dbt/models/marts/investigations/investigations__xc_wayback_replay_doj_listing.sql,INVESTIGATIONS,XC_WAYBACK_REPLAY_DOJ_LISTING,1,9,-800.0,0,24897,BASE TABLE,24897,,,,SHELL_LANDING
JUDICIARY__FED_OYEZ,library-onboarding/ripple_dbt/models/marts/judiciary/judiciary__fed_oyez.sql,JUDICIARY,FED_OYEZ,19,23,-21.1,0,25,BASE TABLE,25,,,,OK
JUSTICE__COUNTY_DOUBLE_BURDEN,library-onboarding/ripple_dbt/models/marts/justice/justice__county_double_burden.sql,JUSTICE,FED_CDC_DRUG_POISONING_COUNTY,8,16,-100.0,0,3029,BASE TABLE,53387,,catalog=53387,COUNTY:try_to_number,"BAD_CAST(1),ROW_DISAGREE"
JUSTICE__FED_ATF_FFL,library-onboarding/ripple_dbt/models/marts/justice/justice__fed_atf_ffl.sql,JUSTICE,FED_ATF_FFL,90,20,77.8,0,77514,BASE TABLE,77514,77514,,COUNTRY:try_to_number;IN_COUNTRYCODE:try_to_number;CNTRYNAME:try_to_number,BAD_CAST(3)
JUSTICE__FED_BOP_STATISTICS,library-onboarding/ripple_dbt/models/marts/justice/justice__fed_bop_statistics.sql,JUSTICE,FED_BOP_STATISTICS,8,8,0.0,0,50,BASE TABLE,50,50,,,OK
JUSTICE__FED_CISA_KEV,library-onboarding/ripple_dbt/models/marts/justice/justice__fed_cisa_kev.sql,JUSTICE,FED_CISA_KEV,11,11,0.0,0,1631,BASE TABLE,1631,1631,,,OK
JUSTICE__FED_CONSOLIDATED_SCREENING_LIST,library-onboarding/ripple_dbt/models/marts/justice/justice__fed_consolidated_screening_list.sql,JUSTICE,FED_CONSOLIDATED_SCREENING_LIST,29,26,10.3,0,25918,BASE TABLE,25918,,,,OK
JUSTICE__FED_COURTLISTENER_DOCKETS,library-onboarding/ripple_dbt/models/marts/justice/justice__fed_courtlistener_dockets.sql,JUSTICE,FED_COURTLISTENER_DOCKETS,54,54,0.0,0,,VIEW,,71677647,,,OK
JUSTICE__FED_COURTLISTENER_FINANCIAL_DISCLOSURES,library-onboarding/ripple_dbt/models/marts/justice/justice__fed_courtlistener_financial_disclosures.sql,JUSTICE,FED_COURTLISTENER_FINANCIAL_DISCLOSURES,16,16,0.0,0,108770,BASE TABLE,108770,108770,,,OK
JUSTICE__FED_COURTLISTENER_INVESTMENTS,library-onboarding/ripple_dbt/models/marts/justice/justice__fed_courtlistener_investments.sql,JUSTICE,FED_COURTLISTENER_INVESTMENTS,18,18,0.0,0,500000,BASE TABLE,500000,500000,,TRANSACTION_DATE:try_to_date;TRANSACTION_DATE_RAW:try_to_date,"BAD_CAST(2),PAGE_CAP"
JUSTICE__FED_COURTLISTENER_JUDGES,library-onboarding/ripple_dbt/models/marts/justice/justice__fed_courtlistener_judges.sql,JUSTICE,FED_COURTLISTENER_JUDGES,26,26,0.0,0,16191,BASE TABLE,16191,16191,,DOD_COUNTRY:try_to_number;DOB_COUNTRY:try_to_number,BAD_CAST(2)
JUSTICE__FED_COURTLISTENER_POSITIONS,library-onboarding/ripple_dbt/models/marts/justice/justice__fed_courtlistener_positions.sql,JUSTICE,FED_COURTLISTENER_POSITIONS,38,38,0.0,0,51290,BASE TABLE,51290,51290,,DATE_JUDICIAL_COMMITTEE_ACTION:try_to_date,BAD_CAST(1)
JUSTICE__FED_DOJ_CRT_CASES,library-onboarding/ripple_dbt/models/marts/justice/justice__fed_doj_crt_cases.sql,JUSTICE,FED_DOJ_CRT_CASES,10,0,100.0,0,,,1,,,,NOT_BUILT
JUSTICE__FED_DOJ_FCA_SETTLEMENTS,library-onboarding/ripple_dbt/models/marts/justice/justice__fed_doj_fca_settlements.sql,JUSTICE,FED_DOJ_FCA_SETTLEMENTS,15,16,-6.7,0,12,BASE TABLE,12,,,,OK
JUSTICE__FED_FBI_CDE,library-onboarding/ripple_dbt/models/marts/justice/justice__fed_fbi_cde.sql,JUSTICE,FED_FBI_CDE,6,8,-33.3,0,238680,BASE TABLE,238680,,,,OK
JUSTICE__FED_FBI_NICS_CHECKS,library-onboarding/ripple_dbt/models/marts/justice/justice__fed_fbi_nics_checks.sql,JUSTICE,FED_FBI_NICS_CHECKS,27,27,0.0,0,16445,BASE TABLE,16445,16445,,,OK
JUSTICE__FED_FDIC_ENFORCEMENT,library-onboarding/ripple_dbt/models/marts/justice/justice__fed_fdic_enforcement.sql,JUSTICE,FED_FDIC_ENFORCEMENT,2,0,100.0,0,,,15,14,,,"SHELL_LANDING,NOT_BUILT"
JUSTICE__FED_FHFA_SUSPENDED_COUNTERPARTIES,library-onboarding/ripple_dbt/models/marts/justice/justice__fed_fhfa_suspended_counterparties.sql,JUSTICE,FED_FHFA_SUSPENDED_COUNTERPARTY_PROGRAM,8,8,0.0,0,222,BASE TABLE,,,,,OK
JUSTICE__FED_FJC_IDB_APPELLATE,library-onboarding/ripple_dbt/models/marts/justice/justice__fed_fjc_idb_appellate.sql,JUSTICE,FED_FJC_IDB_APPELLATE,54,55,-1.9,0,988183,BASE TABLE,988183,,,,OK
JUSTICE__FED_FJC_IDB_BANKRUPTCY,library-onboarding/ripple_dbt/models/marts/justice/justice__fed_fjc_idb_bankruptcy.sql,JUSTICE,FED_FJC_IDB_BANKRUPTCY,87,88,-1.1,0,6965441,BASE TABLE,6965441,,,,OK
JUSTICE__FED_FJC_IDB_CIVIL,library-onboarding/ripple_dbt/models/marts/justice/justice__fed_fjc_idb_civil.sql,JUSTICE,FED_FJC_IDB_CIVIL,46,47,-2.2,0,10857396,BASE TABLE,10857396,,,COUNTY:try_to_number,BAD_CAST(1)
JUSTICE__FED_FJC_IDB_CRIMINAL,library-onboarding/ripple_dbt/models/marts/justice/justice__fed_fjc_idb_criminal.sql,JUSTICE,FED_FJC_IDB_CRIMINAL,144,145,-0.7,0,6299908,BASE TABLE,6299908,,,COUNTY:try_to_number,BAD_CAST(1)
JUSTICE__FED_FTC_DATASETS,library-onboarding/ripple_dbt/models/marts/justice/justice__fed_ftc_datasets.sql,JUSTICE,FED_FTC_DATASETS,8,8,0.0,0,1200,BASE TABLE,1200,1200,,,OK
JUSTICE__FED_JPML_PENDING_MDLS,library-onboarding/ripple_dbt/models/marts/justice/justice__fed_jpml_pending_mdls.sql,JUSTICE,FED_JPML_PENDING_MDLS,6,6,0.0,0,162,BASE TABLE,162,,,,OK
JUSTICE__FED_MSHA_ACCIDENTS,library-onboarding/ripple_dbt/models/marts/justice/justice__fed_msha_accidents.sql,JUSTICE,FED_MSHA_ACCIDENTS,57,0,100.0,0,,,547246,273623,,,NOT_BUILT
JUSTICE__FED_MSHA_MINES,library-onboarding/ripple_dbt/models/marts/justice/justice__fed_msha_mines.sql,JUSTICE,FED_MSHA_MINES,59,0,100.0,0,,,183812,91906,,FIPS_CNTY_CD:try_to_number;FIPS_CNTY_NM:try_to_number,"BAD_CAST(2),NOT_BUILT"
JUSTICE__FED_MSHA_VIOLATIONS,library-onboarding/ripple_dbt/models/marts/justice/justice__fed_msha_violations.sql,JUSTICE,FED_MSHA_VIOLATIONS,61,0,100.0,0,,,6174531,3087266,,,NOT_BUILT
JUSTICE__FED_OFAC_SDN,library-onboarding/ripple_dbt/models/marts/justice/justice__fed_ofac_sdn.sql,JUSTICE,FED_OFAC_SDN,13,16,-23.1,0,19115,BASE TABLE,19115,,,,OK
JUSTICE__FED_SCDB,library-onboarding/ripple_dbt/models/marts/justice/justice__fed_scdb.sql,JUSTICE,FED_SCDB,61,65,-6.6,0,83644,BASE TABLE,83644,,,,OK
JUSTICE__FED_USCOURTS_STATS,library-onboarding/ripple_dbt/models/marts/justice/justice__fed_uscourts_stats.sql,JUSTICE,FED_USCOURTS_STATS,17,17,0.0,0,50,BASE TABLE,50,50,,COUNTY:try_to_number,BAD_CAST(1)
JUSTICE__INTL_AUSTLII,library-onboarding/ripple_dbt/models/marts/justice/justice__intl_austlii.sql,JUSTICE,INTL_AUSTLII,11,11,0.0,0,1,BASE TABLE,1,1,,,OK
JUSTICE__INTL_EURLEX_CELLAR,library-onboarding/ripple_dbt/models/marts/justice/justice__intl_eurlex_cellar.sql,JUSTICE,INTL_EURLEX_CELLAR,17,17,0.0,0,53,BASE TABLE,53,53,,COUNTRY:try_to_number,BAD_CAST(1)
JUSTICE__INTL_EU_SANCTIONS,library-onboarding/ripple_dbt/models/marts/justice/justice__intl_eu_sanctions.sql,JUSTICE,INTL_EU_SANCTIONS,59,59,0.0,0,42347,BASE TABLE,42347,42347,,BIRT_COUNTRY:try_to_number;IDEN_COUNTRY:try_to_number;ADDR_COUNTRY:try_to_number;CITI_COUNTRY:try_to_number,BAD_CAST(4)
JUSTICE__INTL_EU_SOCTA_EUROPOL,library-onboarding/ripple_dbt/models/marts/justice/justice__intl_eu_socta_europol.sql,JUSTICE,INTL_EU_SOCTA_EUROPOL,16,16,0.0,0,26,BASE TABLE,26,26,,,OK
JUSTICE__INTL_FATF_RATINGS,library-onboarding/ripple_dbt/models/marts/justice/justice__intl_fatf_ratings.sql,JUSTICE,INTL_FATF_RATINGS,7,0,100.0,0,,,200,200,,COUNTRY:try_to_number,"BAD_CAST(1),NOT_BUILT"
JUSTICE__INTL_HUDOC,library-onboarding/ripple_dbt/models/marts/justice/justice__intl_hudoc.sql,JUSTICE,INTL_HUDOC,18,22,-22.2,0,2000,BASE TABLE,2000,,,COUNTRY:try_to_number,"BAD_CAST(1),PAGE_CAP"
JUSTICE__INTL_NTI_CNS_DPRK_MISSILE_TESTS,library-onboarding/ripple_dbt/models/marts/justice/justice__intl_nti_cns_dprk_missile_tests.sql,JUSTICE,INTL_NTI_CNS_DPRK_MISSILE_TESTS,19,19,0.0,0,303,BASE TABLE,303,303,,,OK
JUSTICE__INTL_OPENSANCTIONS,library-onboarding/ripple_dbt/models/marts/justice/justice__intl_opensanctions.sql,JUSTICE,INTL_OPENSANCTIONS,16,16,0.0,0,71011,BASE TABLE,71011,71011,,,OK
JUSTICE__INTL_OPENSANCTIONS_DEFAULT,library-onboarding/ripple_dbt/models/marts/justice/justice__intl_opensanctions_default.sql,JUSTICE,INTL_OPENSANCTIONS_DEFAULT,16,16,0.0,0,1281846,BASE TABLE,1281846,,,,OK
JUSTICE__INTL_UCDP_GED,library-onboarding/ripple_dbt/models/marts/justice/justice__intl_ucdp_ged.sql,JUSTICE,INTL_UCDP_GED,49,49,0.0,0,385918,BASE TABLE,385918,385918,,COUNTRY:try_to_number;COUNTRY_ID:try_to_number,BAD_CAST(2)
JUSTICE__RACIAL_JAIL_DISPARITY,library-onboarding/ripple_dbt/models/marts/justice/justice__racial_jail_disparity.sql,JUSTICE,XC_VERA_INCARCERATION_TRENDS,164,26,84.1,0,128507,BASE TABLE,128507,,,COUNTY_FIPS:try_to_number;COUNTY_NAME:try_to_number;JAIL_RATED_CAPACITY:try_to_double;COUNTY_CODE:try_to_number,BAD_CAST(4)
JUSTICE__STATE_MO_SEX_OFFENDER_REGISTRY,library-onboarding/ripple_dbt/models/marts/justice/justice__state_mo_sex_offender_registry.sql,JUSTICE,STATE_MO_SEX_OFFENDER_REGISTRY,11,11,0.0,0,28185,BASE TABLE,28185,,,COUNTY:try_to_number,BAD_CAST(1)
JUSTICE__XC_MAPPING_POLICE_VIOLENCE,library-onboarding/ripple_dbt/models/marts/justice/justice__xc_mapping_police_violence.sql,JUSTICE,XC_MAPPING_POLICE_VIOLENCE,64,64,0.0,0,15476,BASE TABLE,15476,15476,,ENCOUNTER_TYPE:try_to_number;COUNTY:try_to_number,BAD_CAST(2)
JUSTICE__XC_NAGIX_DPRK_MISSILE_TESTS,library-onboarding/ripple_dbt/models/marts/justice/justice__xc_nagix_dprk_missile_tests.sql,JUSTICE,XC_NAGIX_DPRK_MISSILE_TESTS,12,12,0.0,0,340,BASE TABLE,340,340,,,OK
JUSTICE__XC_OWID_HOMICIDE,library-onboarding/ripple_dbt/models/marts/justice/justice__xc_owid_homicide.sql,JUSTICE,XC_OWID_HOMICIDE,5,5,0.0,0,4912,BASE TABLE,4912,4912,,,OK
JUSTICE__XC_OWID_NUCLEAR_WARHEADS,library-onboarding/ripple_dbt/models/marts/justice/justice__xc_owid_nuclear_warheads.sql,JUSTICE,XC_OWID_NUCLEAR_WARHEADS,4,4,0.0,0,902,BASE TABLE,902,902,,,OK
JUSTICE__XC_OWID_TERRORISM_DEATHS,library-onboarding/ripple_dbt/models/marts/justice/justice__xc_owid_terrorism_deaths.sql,JUSTICE,XC_OWID_TERRORISM_DEATHS,5,5,0.0,0,10481,BASE TABLE,10481,10481,,,OK
JUSTICE__XC_RANSOMWARELIVE_VICTIMS,library-onboarding/ripple_dbt/models/marts/justice/justice__xc_ransomwarelive_victims.sql,JUSTICE,XC_RANSOMWARELIVE_VICTIMS,9,9,0.0,0,29193,BASE TABLE,29193,29193,,COUNTRY:try_to_number,BAD_CAST(1)
JUSTICE__XC_UK_SANCTIONS_LIST,library-onboarding/ripple_dbt/models/marts/justice/justice__xc_uk_sanctions_list.sql,JUSTICE,XC_UK_SANCTIONS_LIST,58,41,29.3,0,57883,BASE TABLE,57883,,,ADDRESS_COUNTRY:try_to_number;COUNTRY_OF_BIRTH:try_to_number,BAD_CAST(2)
JUSTICE__XC_UN_CONSOLIDATED_SANCTIONS_LIST,library-onboarding/ripple_dbt/models/marts/justice/justice__xc_un_consolidated_sanctions_list.sql,JUSTICE,XC_UN_CONSOLIDATED_SANCTIONS_LIST,30,30,0.0,0,1011,BASE TABLE,1011,,,,OK
JUSTICE__XC_VERA_INCARCERATION_TRENDS,library-onboarding/ripple_dbt/models/marts/justice/justice__xc_vera_incarceration_trends.sql,JUSTICE,XC_VERA_INCARCERATION_TRENDS,164,164,0.0,0,128507,BASE TABLE,128507,,,COUNTY_FIPS:try_to_number;COUNTY_NAME:try_to_number;JAIL_RATED_CAPACITY:try_to_double;COUNTY_CODE:try_to_number,BAD_CAST(4)
JUSTICE__XC_WAPO_FATAL_FORCE,library-onboarding/ripple_dbt/models/marts/justice/justice__xc_wapo_fatal_force.sql,JUSTICE,XC_WAPO_FATAL_FORCE,19,18,5.3,0,10430,BASE TABLE,10430,,,COUNTY:try_to_number,BAD_CAST(1)
LABOR__FED_DOL_EBSA_FORM5500_SCHEDULE_SB,library-onboarding/ripple_dbt/models/marts/labor/labor__fed_dol_ebsa_form5500_schedule_sb.sql,LABOR,FED_DOL_EBSA_FORM5500_SCHEDULE_SB,124,125,-0.8,0,41802,BASE TABLE,41802,,,,OK
LABOR__FED_DOL_OLMS,library-onboarding/ripple_dbt/models/marts/labor/labor__fed_dol_olms.sql,LABOR,FED_DOL_OLMS,57,59,-3.5,0,617710,BASE TABLE,617710,,,,OK
LABOR__FED_DOL_OSHA_INSPECTION,library-onboarding/ripple_dbt/models/marts/labor/labor__fed_dol_osha_inspection.sql,LABOR,,0,0,,0,,,,,,,OK
LABOR__FED_MSHA_ACCIDENTS,library-onboarding/ripple_dbt/models/marts/labor/labor__fed_msha_accidents.sql,LABOR,FED_MSHA_ACCIDENTS,57,26,54.4,0,273623,BASE TABLE,547246,,catalog=547246,,ROW_DISAGREE
LABOR__FED_MSHA_MINES,library-onboarding/ripple_dbt/models/marts/labor/labor__fed_msha_mines.sql,LABOR,FED_MSHA_MINES,59,23,61.0,0,91906,BASE TABLE,183812,,catalog=183812,FIPS_CNTY_CD:try_to_number;FIPS_CNTY_NM:try_to_number,"BAD_CAST(2),ROW_DISAGREE"
LABOR__FED_MSHA_VIOLATIONS,library-onboarding/ripple_dbt/models/marts/labor/labor__fed_msha_violations.sql,LABOR,FED_MSHA_VIOLATIONS,61,26,57.4,0,3087265,BASE TABLE,6174531,,catalog=6174531,,ROW_DISAGREE
LABOR__FED_OSHA_ITA_300A_SUMMARY_2023,library-onboarding/ripple_dbt/models/marts/labor/labor__fed_osha_ita_300a_summary_2023.sql,LABOR,FED_OSHA_ITA_300A_SUMMARY_2023,32,32,0.0,0,394234,BASE TABLE,394234,394234,,,OK
LABOR__FED_OSHA_ITA_300A_SUMMARY_2024,library-onboarding/ripple_dbt/models/marts/labor/labor__fed_osha_ita_300a_summary_2024.sql,LABOR,FED_OSHA_ITA_300A_SUMMARY_2024,32,32,0.0,0,398620,BASE TABLE,398620,398620,,,OK
LABOR__FED_OSHA_ITA_300A_SUMMARY_2025,library-onboarding/ripple_dbt/models/marts/labor/labor__fed_osha_ita_300a_summary_2025.sql,LABOR,FED_OSHA_ITA_300A_SUMMARY_2025,32,32,0.0,0,383283,BASE TABLE,383283,383283,,,OK
LABOR__FED_OSHA_ITA_CASE_DETAIL_2023,library-onboarding/ripple_dbt/models/marts/labor/labor__fed_osha_ita_case_detail_2023.sql,LABOR,FED_OSHA_ITA_CASE_DETAIL_2023,49,49,0.0,0,500000,BASE TABLE,500000,500000,,,PAGE_CAP
LABOR__FED_OSHA_ITA_CASE_DETAIL_2024,library-onboarding/ripple_dbt/models/marts/labor/labor__fed_osha_ita_case_detail_2024.sql,LABOR,FED_OSHA_ITA_CASE_DETAIL_2024,49,49,0.0,0,500000,BASE TABLE,500000,500000,,,PAGE_CAP
LABOR__FED_OSHA_ITA_CASE_DETAIL_2025,library-onboarding/ripple_dbt/models/marts/labor/labor__fed_osha_ita_case_detail_2025.sql,LABOR,FED_OSHA_ITA_CASE_DETAIL_2025,39,39,0.0,0,330447,BASE TABLE,330447,330447,,,OK
LABOR__FED_PBGC_TRUSTEED_PLANS,library-onboarding/ripple_dbt/models/marts/labor/labor__fed_pbgc_trusteed_plans.sql,LABOR,FED_PBGC_TRUSTEED_PLANS,10,10,0.0,0,5176,BASE TABLE,5176,,,,OK
LAND_AND_TERRITORY__FED_BIA_TRIBAL_GEO,library-onboarding/ripple_dbt/models/marts/land_and_territory/land_and_territory__fed_bia_tribal_geo.sql,LAND_AND_TERRITORY,FED_BIA_TRIBAL_GEO,9,0,100.0,0,,,102,,,,NOT_BUILT
LEAD_QUEUE,library-onboarding/ripple_dbt/models/marts/review/lead_queue.sql,REVIEW,V_LEADS_PUBLISHED,0,36,,0,17306,BASE TABLE,,,,,OK
LEGAL_ENFORCEMENT__FED_NAAG_MULTISTATE_SETTLEMENTS,library-onboarding/ripple_dbt/models/marts/legal_enforcement/legal_enforcement__fed_naag_multistate_settlements.sql,LEGAL_ENFORCEMENT,FED_NAAG_MULTISTATE_SETTLEMENTS,52,52,0.0,0,882,BASE TABLE,883,,,STATE_COSTS_FEES:try_to_double,BAD_CAST(1)
MARITIME__FED_NOAA_AIS,library-onboarding/ripple_dbt/models/marts/maritime/maritime__fed_noaa_ais.sql,MARITIME,FED_NOAA_AIS,19,25,-31.6,0,58104610,BASE TABLE,58104610,,,,OK
MONEY__DEBT_REPAYMENT_CLIFF,library-onboarding/ripple_dbt/models/marts/money_finance/money__debt_repayment_cliff.sql,MONEY_FINANCE,INTL_WB_IDS,69,17,75.4,0,938,BASE TABLE,62983,,catalog=62983,COUNTRY_NAME:try_to_number;COUNTERPART_AREA_NAME:try_to_number;COUNTRY_CODE:try_to_number,"BAD_CAST(3),ROW_DISAGREE"
OPEN_DATA__INTL_AR_DATOSGOB,library-onboarding/ripple_dbt/models/marts/open_data/open_data__intl_ar_datosgob.sql,OPEN_DATA,INTL_AR_DATOSGOB,15,15,0.0,0,3556,BASE TABLE,3556,3556,,,OK
OPEN_DATA__INTL_BR_DADOS_GOV,library-onboarding/ripple_dbt/models/marts/open_data/open_data__intl_br_dados_gov.sql,OPEN_DATA,INTL_BR_DADOS_GOV,13,13,0.0,0,10,BASE TABLE,10,10,,,OK
OPEN_DATA__INTL_CA_OPEN_CANADA,library-onboarding/ripple_dbt/models/marts/open_data/open_data__intl_ca_open_canada.sql,OPEN_DATA,INTL_CA_OPEN_CANADA,17,19,-11.8,0,500,BASE TABLE,500,,,,OK
OPEN_DATA__INTL_CH_OPENDATASWISS,library-onboarding/ripple_dbt/models/marts/open_data/open_data__intl_ch_opendataswiss.sql,OPEN_DATA,INTL_CH_OPENDATASWISS,24,26,-8.3,0,5000,BASE TABLE,5000,,,,PAGE_CAP
OPEN_DATA__INTL_CL_DATOSGOB,library-onboarding/ripple_dbt/models/marts/open_data/open_data__intl_cl_datosgob.sql,OPEN_DATA,INTL_CL_DATOSGOB,15,17,-13.3,0,1000,BASE TABLE,1000,,,,PAGE_CAP
OPEN_DATA__INTL_DE_GOVDATA,library-onboarding/ripple_dbt/models/marts/open_data/open_data__intl_de_govdata.sql,OPEN_DATA,INTL_DE_GOVDATA,16,18,-12.5,0,5000,BASE TABLE,5000,,,,PAGE_CAP
OPEN_DATA__INTL_ES_DATOSGOB,library-onboarding/ripple_dbt/models/marts/open_data/open_data__intl_es_datosgob.sql,OPEN_DATA,INTL_ES_DATOSGOB,11,13,-18.2,0,1000,BASE TABLE,1000,,,,PAGE_CAP
OPEN_DATA__INTL_FR_DATA_GOUV,library-onboarding/ripple_dbt/models/marts/open_data/open_data__intl_fr_data_gouv.sql,OPEN_DATA,INTL_FR_DATA_GOUV,28,28,0.0,0,2765,BASE TABLE,2765,2765,,,OK
OPEN_DATA__INTL_GE_DATAGOV,library-onboarding/ripple_dbt/models/marts/open_data/open_data__intl_ge_datagov.sql,OPEN_DATA,INTL_GE_DATAGOV,12,12,0.0,0,1,BASE TABLE,1,1,,COUNTRY:try_to_number,BAD_CAST(1)
OPEN_DATA__INTL_GH_DATAGOVGH,library-onboarding/ripple_dbt/models/marts/open_data/open_data__intl_gh_datagovgh.sql,OPEN_DATA,INTL_GH_DATAGOVGH,10,10,0.0,0,10,BASE TABLE,10,10,,,OK
OPEN_DATA__INTL_GR_DATAGOV,library-onboarding/ripple_dbt/models/marts/open_data/open_data__intl_gr_datagov.sql,OPEN_DATA,INTL_GR_DATAGOV,16,18,-12.5,0,4988,BASE TABLE,4988,,,,OK
OPEN_DATA__XC_WAYBACK_DOJ_EPSTEIN,library-onboarding/ripple_dbt/models/marts/open_data/open_data__xc_wayback_doj_epstein.sql,OPEN_DATA,XC_WAYBACK_DOJ_EPSTEIN,1,9,-800.0,0,1537352,BASE TABLE,1537352,,,,SHELL_LANDING
POLITICS__BILLS,library-onboarding/ripple_dbt/models/marts/politics/politics__bills.sql,POLITICS,FED_GOVINFO_BILLSTATUS,14,18,-28.6,0,36465,BASE TABLE,36465,,,LATEST_ACTION_DATE:try_to_date,BAD_CAST(1)
POLITICS__BILL_COSPONSORS,library-onboarding/ripple_dbt/models/marts/politics/politics__bill_cosponsors.sql,POLITICS,FED_GOVINFO_BILL_COSPONSORS,10,11,-10.0,0,367735,BASE TABLE,367742,,,,OK
POLITICS__CA_LOBBY_AMENDMENTS,library-onboarding/ripple_dbt/models/marts/politics_lobbying/politics__ca_lobby_amendments.sql,POLITICS,CA_LOBBY_AMENDMENTS,42,42,0.0,0,25249,BASE TABLE,25249,,,,OK
POLITICS__CA_LOBBY_CHG_LOG,library-onboarding/ripple_dbt/models/marts/politics_lobbying/politics__ca_lobby_chg_log.sql,POLITICS,CA_LOBBY_CHG_LOG,24,24,0.0,0,85765,BASE TABLE,85765,,,,OK
POLITICS__CA_LOBBY_CONTRIBUTIONS,library-onboarding/ripple_dbt/models/marts/politics_lobbying/politics__ca_lobby_contributions.sql,POLITICS,CA_LOBBY_CONTRIBUTIONS,7,7,0.0,0,6505,BASE TABLE,6505,,,,OK
POLITICS__CA_LOBBY_COVER,library-onboarding/ripple_dbt/models/marts/politics_lobbying/politics__ca_lobby_cover.sql,POLITICS,CA_LOBBY_COVER,52,19,63.5,0,524828,BASE TABLE,524828,,,,OK
POLITICS__CA_LOBBY_COVER2,library-onboarding/ripple_dbt/models/marts/politics_lobbying/politics__ca_lobby_cover2.sql,POLITICS,CA_LOBBY_COVER2,13,13,0.0,0,206493,BASE TABLE,206493,,,,OK
POLITICS__CA_LOBBY_EMPLOYER,library-onboarding/ripple_dbt/models/marts/politics_lobbying/politics__ca_lobby_employer.sql,POLITICS,CA_LOBBY_EMPLOYER,20,20,0.0,0,1730,BASE TABLE,1730,,,,OK
POLITICS__CA_LOBBY_EMPLOYER_FIRMS,library-onboarding/ripple_dbt/models/marts/politics_lobbying/politics__ca_lobby_employer_firms.sql,POLITICS,CA_LOBBY_EMPLOYER_FIRMS,5,5,0.0,0,524,BASE TABLE,524,,,,OK
POLITICS__CA_LOBBY_EMP_LOBBYIST,library-onboarding/ripple_dbt/models/marts/politics_lobbying/politics__ca_lobby_emp_lobbyist.sql,POLITICS,CA_LOBBY_EMP_LOBBYIST,6,6,0.0,0,1500,BASE TABLE,1500,,,,OK
POLITICS__CA_LOBBY_FIRM,library-onboarding/ripple_dbt/models/marts/politics_lobbying/politics__ca_lobby_firm.sql,POLITICS,CA_LOBBY_FIRM,18,18,0.0,0,256,BASE TABLE,256,,,,OK
POLITICS__CA_LOBBY_FIRM_EMPLOYER,library-onboarding/ripple_dbt/models/marts/politics_lobbying/politics__ca_lobby_firm_employer.sql,POLITICS,CA_LOBBY_FIRM_EMPLOYER,11,11,0.0,0,170,BASE TABLE,170,,,,OK
POLITICS__CA_LOBBY_FIRM_LOBBYIST,library-onboarding/ripple_dbt/models/marts/politics_lobbying/politics__ca_lobby_firm_lobbyist.sql,POLITICS,CA_LOBBY_FIRM_LOBBYIST,6,6,0.0,0,577,BASE TABLE,577,,,,OK
POLITICS__FEC_CANDIDATE,library-onboarding/ripple_dbt/models/marts/politics/politics__fec_candidate.sql,POLITICS,FED_FEC_BULK_CANDIDATES,16,11,31.2,0,17900,BASE TABLE,17900,,,,OK
POLITICS__FEC_CANDIDATE_SUMMARY,library-onboarding/ripple_dbt/models/marts/politics/politics__fec_candidate_summary.sql,POLITICS,FED_FEC_BULK_SUMMARY,31,15,51.6,0,7933,BASE TABLE,7933,,,,OK
POLITICS__FEC_CAND_CMTE_LINK,library-onboarding/ripple_dbt/models/marts/politics/politics__fec_cand_cmte_link.sql,POLITICS,FED_FEC_BULK_LINKAGES,8,8,0.0,0,16229,BASE TABLE,16327,,,,OK
POLITICS__FED_CONGRESS_COMMITTEE_MEMBERSHIP,library-onboarding/ripple_dbt/models/marts/politics/politics__fed_congress_committee_membership.sql,POLITICS,FED_CONGRESS_COMMITTEE_MEMBERSHIP,8,8,0.0,0,3879,BASE TABLE,3879,3879,,,OK
POLITICS__FED_CONGRESS_LEGISLATORS,library-onboarding/ripple_dbt/models/marts/politics/politics__fed_congress_legislators.sql,POLITICS,FED_CONGRESS_LEGISLATORS,29,29,0.0,0,12847,BASE TABLE,12847,12847,,,OK
POLITICS__FED_DOJ_EPSTEIN_LIBRARY,library-onboarding/ripple_dbt/models/marts/politics/politics__fed_doj_epstein_library.sql,POLITICS,FED_DOJ_EPSTEIN_LIBRARY,1,6,-500.0,0,777,BASE TABLE,777,,,,SHELL_LANDING
POLITICS__FED_EAC_EAVS,library-onboarding/ripple_dbt/models/marts/politics/politics__fed_eac_eavs.sql,POLITICS,FED_EAC_EAVS,428,428,0.0,0,6460,BASE TABLE,6460,6460,,,OK
POLITICS__FED_FCC_LICENSING,library-onboarding/ripple_dbt/models/marts/politics/politics__fed_fcc_licensing.sql,POLITICS,FED_FCC_LICENSING,26,26,0.0,0,1689338,BASE TABLE,1689338,1689338,,FCC_COUNTY_CODE:try_to_number;LAST_ACTION_DATE:try_to_date,BAD_CAST(2)
POLITICS__FED_FEC_API,library-onboarding/ripple_dbt/models/marts/politics_lobbying/politics__fed_fec_api.sql,POLITICS,FED_FEC_API,20,22,-10.0,0,500,BASE TABLE,500,,,,OK
POLITICS__FED_FEC_PAC_SUMMARY,library-onboarding/ripple_dbt/models/marts/politics/politics__fed_fec_pac_summary.sql,POLITICS,FED_FEC_PAC_SUMMARY,27,21,22.2,0,45709,BASE TABLE,94104,,catalog=94104,,ROW_DISAGREE
POLITICS__FED_FJC_JUDGES,library-onboarding/ripple_dbt/models/marts/politics/politics__fed_fjc_judges.sql,POLITICS,FED_FJC_JUDGES,201,201,0.0,0,4067,BASE TABLE,4067,4067,,SENIOR_STATUS_DATE_3:try_to_date;COMMITTEE_ACTION_DATE_3:try_to_date;COMMITTEE_ACTION_DATE_1:try_to_date;COMMITTEE_ACTION_DATE_5:try_to_date;SENIOR_STATUS_DATE_5:try_to_date;COMMITTEE_ACTION_DATE_4:try_to_date;COMMITTEE_ACTION_DATE_6:try_to_date;SENIOR_STATUS_DATE_4:try_to_date;SENIOR_STATUS_DATE_1:try_to_date;SENIOR_STATUS_DATE_2:try_to_date;SENIOR_STATUS_DATE_6:try_to_date;COMMITTEE_ACTION_DATE_2:try_to_date,BAD_CAST(12)
POLITICS__FED_FJC_SERVICE,library-onboarding/ripple_dbt/models/marts/politics/politics__fed_fjc_service.sql,POLITICS,FED_FJC_SERVICE,30,30,0.0,0,4766,BASE TABLE,4766,4766,,COMMITTEE_ACTION_DATE:try_to_date;SENIOR_STATUS_DATE:try_to_date,BAD_CAST(2)
POLITICS__FED_GOVINFO_BILLSTATUS,library-onboarding/ripple_dbt/models/marts/politics/politics__fed_govinfo_billstatus.sql,POLITICS,FED_GOVINFO_BILLSTATUS,14,0,100.0,0,,,36465,36465,,LATEST_ACTION_DATE:try_to_date,"BAD_CAST(1),NOT_BUILT"
POLITICS__FED_GOVINFO_BILL_COSPONSORS,library-onboarding/ripple_dbt/models/marts/politics/politics__fed_govinfo_bill_cosponsors.sql,POLITICS,FED_GOVINFO_BILL_COSPONSORS,10,0,100.0,0,,,367742,367742,,,NOT_BUILT
POLITICS__FED_MEDSL_HOUSE_RETURNS,library-onboarding/ripple_dbt/models/marts/politics/politics__fed_medsl_house_returns.sql,POLITICS,FED_MEDSL_HOUSE_RETURNS,19,17,10.5,0,29636,BASE TABLE,29636,,,,OK
POLITICS__FED_MEDSL_PRESIDENT_RETURNS,library-onboarding/ripple_dbt/models/marts/politics/politics__fed_medsl_president_returns.sql,POLITICS,FED_MEDSL_PRESIDENT_RETURNS,14,11,21.4,0,3740,BASE TABLE,3740,,,,OK
POLITICS__FED_MEDSL_SENATE_RETURNS,library-onboarding/ripple_dbt/models/marts/politics/politics__fed_medsl_senate_returns.sql,POLITICS,FED_MEDSL_SENATE_RETURNS,19,15,21.1,0,3945,BASE TABLE,3945,,,,OK
POLITICS__FED_SENATE_STOCK_WATCHER,library-onboarding/ripple_dbt/models/marts/politics_lobbying/politics__fed_senate_stock_watcher.sql,POLITICS,FED_SENATE_STOCK_WATCHER,10,10,0.0,0,8350,BASE TABLE,8350,,,TRANSACTION_DATE:try_to_date,BAD_CAST(1)
POLITICS__FED_VOTEVIEW_MEMBERS,library-onboarding/ripple_dbt/models/marts/politics/politics__fed_voteview_members.sql,POLITICS,FED_VOTEVIEW_MEMBERS,22,22,0.0,0,51061,BASE TABLE,51061,51061,,,OK
POLITICS__FED_VOTEVIEW_ROLLCALLS,library-onboarding/ripple_dbt/models/marts/politics/politics__fed_voteview_rollcalls.sql,POLITICS,FED_VOTEVIEW_ROLLCALLS,6,0,100.0,0,,,945523,945523,,,NOT_BUILT
POLITICS__FED_VOTEVIEW_ROLLCALL_META,library-onboarding/ripple_dbt/models/marts/politics/politics__fed_voteview_rollcall_meta.sql,POLITICS,FED_VOTEVIEW_ROLLCALL_META,18,0,100.0,0,,,3364,3364,,,NOT_BUILT
POLITICS__INTL_ELECTIONS_CANADA_CONTRIBUTIONS,library-onboarding/ripple_dbt/models/marts/politics_lobbying/politics__intl_elections_canada_contributions.sql,POLITICS,INTL_ELECTIONS_CANADA_CONTRIBUTIONS,27,28,-3.7,0,12646465,BASE TABLE,12646465,,,,OK
POLITICS__INTL_FREEDOMHOUSE,library-onboarding/ripple_dbt/models/marts/politics/politics__intl_freedomhouse.sql,POLITICS,INTL_FREEDOMHOUSE,44,44,0.0,3,2723,BASE TABLE,2723,2723,,COUNTRY_TERRITORY:try_to_number,"POSITIONAL_NAMES(3),BAD_CAST(1)"
POLITICS__INTL_OWID_MILSPEND,library-onboarding/ripple_dbt/models/marts/politics/politics__intl_owid_milspend.sql,POLITICS,INTL_OWID_MILSPEND,5,5,0.0,0,9112,BASE TABLE,9112,9112,,,OK
POLITICS__INTL_VOETEN_UNGA_VOTES,library-onboarding/ripple_dbt/models/marts/politics/politics__intl_voeten_unga_votes.sql,POLITICS,INTL_VOETEN_UNGA_VOTES,11,11,0.0,0,1823352,BASE TABLE,1823352,1823352,,,OK
POLITICS__IRS527_8871_ORGS,library-onboarding/ripple_dbt/models/marts/politics_lobbying/politics__irs527_8871_orgs.sql,POLITICS,IRS527_8871_ORGS,43,20,53.5,0,77591,BASE TABLE,77591,,,,OK
POLITICS__IRS527_8872_REPORTS,library-onboarding/ripple_dbt/models/marts/politics_lobbying/politics__irs527_8872_reports.sql,POLITICS,IRS527_8872_REPORTS,48,48,0.0,0,55579,BASE TABLE,55579,,,,OK
POLITICS__IRS527_DIRECTORS_OFFICERS,library-onboarding/ripple_dbt/models/marts/politics_lobbying/politics__irs527_directors_officers.sql,POLITICS,IRS527_DIRECTORS_OFFICERS,12,12,0.0,0,189593,BASE TABLE,189593,,,,OK
POLITICS__IRS527_EAIN,library-onboarding/ripple_dbt/models/marts/politics_lobbying/politics__irs527_eain.sql,POLITICS,IRS527_EAIN,4,4,0.0,0,17853,BASE TABLE,17853,,,,OK
POLITICS__IRS527_RELATED_ENTITIES,library-onboarding/ripple_dbt/models/marts/politics_lobbying/politics__irs527_related_entities.sql,POLITICS,IRS527_RELATED_ENTITIES,12,12,0.0,0,64835,BASE TABLE,64835,,,,OK
POLITICS__MEMBER_BILL_RECORD,library-onboarding/ripple_dbt/models/marts/politics/politics__member_bill_record.sql,POLITICS,,0,17,,0,1104,BASE TABLE,,,,,OK
POLITICS__MEMBER_CROSSWALK,library-onboarding/ripple_dbt/models/marts/politics/politics__member_crosswalk.sql,POLITICS,FED_CONGRESS_LEGISLATORS,29,30,-3.4,0,12794,BASE TABLE,12847,,,,OK
POLITICS__MEMBER_FEC_ID,library-onboarding/ripple_dbt/models/marts/politics/politics__member_fec_id.sql,POLITICS,,0,7,,0,1715,BASE TABLE,,,,,OK
POLITICS__MEMBER_MONEY_RAISED,library-onboarding/ripple_dbt/models/marts/politics/politics__member_money_raised.sql,POLITICS,,0,12,,0,1050,BASE TABLE,,,,,OK
POLITICS__MEMBER_SPINE,library-onboarding/ripple_dbt/models/marts/politics/politics__member_spine.sql,POLITICS,FED_VOTEVIEW_MEMBERS,22,19,13.6,0,12794,BASE TABLE,51061,,catalog=51061,,ROW_DISAGREE
POLITICS__MEMBER_VOTING_RECORD,library-onboarding/ripple_dbt/models/marts/politics/politics__member_voting_record.sql,POLITICS,FED_VOTEVIEW_MEMBERS,22,15,31.8,0,1105,BASE TABLE,51061,,catalog=51061,,ROW_DISAGREE
POLITICS__ST_CANNABIS_POLICY_BUNDLES,library-onboarding/ripple_dbt/models/marts/politics/politics__st_cannabis_policy_bundles.sql,POLITICS,ST_CANNABIS_POLICY_BUNDLES,103,103,0.0,0,1500,BASE TABLE,1500,1500,,,OK
POLITICS__ST_NYC_CFB_CAMPAIGN_2001_CONTRIBUTION,library-onboarding/ripple_dbt/models/marts/politics_lobbying/politics__st_nyc_cfb_campaign_2001_contribution.sql,POLITICS,ST_NYC_CFB_CAMPAIGN_2001_CONTRIBUTION,54,55,-1.9,0,193741,BASE TABLE,193741,,,,OK
POLITICS__ST_NYC_CFB_CAMPAIGN_2009_CONTRIBUTION,library-onboarding/ripple_dbt/models/marts/politics_lobbying/politics__st_nyc_cfb_campaign_2009_contribution.sql,POLITICS,ST_NYC_CFB_CAMPAIGN_2009_CONTRIBUTION,52,53,-1.9,0,146112,BASE TABLE,146112,,,,OK
POLITICS__ST_NYC_CFB_CAMPAIGN_2013_CONTRIBUTION,library-onboarding/ripple_dbt/models/marts/politics_lobbying/politics__st_nyc_cfb_campaign_2013_contribution.sql,POLITICS,ST_NYC_CFB_CAMPAIGN_2013_CONTRIBUTION,52,53,-1.9,0,197968,BASE TABLE,197968,,,,OK
POLITICS__ST_NYC_CFB_CAMPAIGN_2021_CONTRIBUTIONS,library-onboarding/ripple_dbt/models/marts/politics_lobbying/politics__st_nyc_cfb_campaign_2021_contributions.sql,POLITICS,ST_NYC_CFB_CAMPAIGN_2021_CONTRIBUTIONS,52,53,-1.9,0,457521,BASE TABLE,457521,,,,OK
POLITICS__ST_NYC_CFB_CAMPAIGN_2025_CONTRIBUTIONS,library-onboarding/ripple_dbt/models/marts/politics_lobbying/politics__st_nyc_cfb_campaign_2025_contributions.sql,POLITICS,ST_NYC_CFB_CAMPAIGN_2025_CONTRIBUTIONS,52,53,-1.9,0,259537,BASE TABLE,259537,,,,OK
POLITICS__TX_LOBBY_AWARDS,library-onboarding/ripple_dbt/models/marts/politics_lobbying/politics__tx_lobby_awards.sql,POLITICS,TX_LOBBY_AWARDS,28,28,0.0,0,1589,BASE TABLE,1589,,,,OK
POLITICS__TX_LOBBY_COVER,library-onboarding/ripple_dbt/models/marts/politics_lobbying/politics__tx_lobby_cover.sql,POLITICS,TX_LOBBY_COVER,46,21,54.3,0,283803,BASE TABLE,283803,,,,OK
POLITICS__TX_LOBBY_DOCKETS,library-onboarding/ripple_dbt/models/marts/politics_lobbying/politics__tx_lobby_dockets.sql,POLITICS,TX_LOBBY_DOCKETS,17,17,0.0,0,1207,BASE TABLE,1207,,,,OK
POLITICS__TX_LOBBY_ENTERTAINMENT,library-onboarding/ripple_dbt/models/marts/politics_lobbying/politics__tx_lobby_entertainment.sql,POLITICS,TX_LOBBY_ENTERTAINMENT,35,35,0.0,0,2836,BASE TABLE,2836,,,ENTERTAINMENTSTREETCOUNTRYCD:try_to_number,BAD_CAST(1)
POLITICS__TX_LOBBY_EVENTS,library-onboarding/ripple_dbt/models/marts/politics_lobbying/politics__tx_lobby_events.sql,POLITICS,TX_LOBBY_EVENTS,32,32,0.0,0,3107,BASE TABLE,3107,,,,OK
POLITICS__TX_LOBBY_FOOD_BEVERAGE,library-onboarding/ripple_dbt/models/marts/politics_lobbying/politics__tx_lobby_food_beverage.sql,POLITICS,TX_LOBBY_FOOD_BEVERAGE,33,33,0.0,0,14452,BASE TABLE,14452,,,RESTAURANTSTREETCOUNTRYCD:try_to_number,BAD_CAST(1)
POLITICS__TX_LOBBY_GIFTS,library-onboarding/ripple_dbt/models/marts/politics_lobbying/politics__tx_lobby_gifts.sql,POLITICS,TX_LOBBY_GIFTS,28,28,0.0,0,4084,BASE TABLE,4084,,,,OK
POLITICS__TX_LOBBY_INDIVIDUAL_REPORTING,library-onboarding/ripple_dbt/models/marts/politics_lobbying/politics__tx_lobby_individual_reporting.sql,POLITICS,TX_LOBBY_INDIVIDUAL_REPORTING,26,26,0.0,0,38662,BASE TABLE,38662,,,ONBEHALFMAILINGCOUNTRYCD:try_to_number;ONBEHALFMAILINGCOUNTYCD:try_to_number,BAD_CAST(2)
POLITICS__TX_LOBBY_SUBJECT_MATTER,library-onboarding/ripple_dbt/models/marts/politics_lobbying/politics__tx_lobby_subject_matter.sql,POLITICS,TX_LOBBY_SUBJECT_MATTER,18,18,0.0,0,209957,BASE TABLE,209957,,,,OK
POLITICS__TX_LOBBY_TRANSPORTATION,library-onboarding/ripple_dbt/models/marts/politics_lobbying/politics__tx_lobby_transportation.sql,POLITICS,TX_LOBBY_TRANSPORTATION,41,41,0.0,0,3697,BASE TABLE,3697,,,LODGINGSTREETCOUNTRYCD:try_to_number,BAD_CAST(1)
POLITICS__VOTEVIEW_ROLLCALLS,library-onboarding/ripple_dbt/models/marts/politics/politics__voteview_rollcalls.sql,POLITICS,FED_VOTEVIEW_ROLLCALL_META,18,11,38.9,0,3364,BASE TABLE,3364,,,,OK
POLITICS__VOTEVIEW_VOTES,library-onboarding/ripple_dbt/models/marts/politics/politics__voteview_votes.sql,POLITICS,FED_VOTEVIEW_ROLLCALLS,6,7,-16.7,0,945523,BASE TABLE,945523,,,,OK
POLITICS__XC_JCS_COA,library-onboarding/ripple_dbt/models/marts/politics/politics__xc_jcs_coa.sql,POLITICS,XC_JCS_COA,4,4,0.0,0,705,BASE TABLE,705,705,,,OK
POLITICS__XC_JCS_MEDIANS,library-onboarding/ripple_dbt/models/marts/politics/politics__xc_jcs_medians.sql,POLITICS,XC_JCS_MEDIANS,34,34,0.0,0,102,BASE TABLE,102,102,,,OK
POLITICS__XC_JCS_SCOTUS,library-onboarding/ripple_dbt/models/marts/politics/politics__xc_jcs_scotus.sql,POLITICS,XC_JCS_SCOTUS,4,4,0.0,0,782,BASE TABLE,782,782,,,OK
POLITICS__XC_OWID_CPI,library-onboarding/ripple_dbt/models/marts/politics/politics__xc_owid_cpi.sql,POLITICS,XC_OWID_CPI,5,5,0.0,0,2312,BASE TABLE,2312,2312,,,OK
PROCUREMENT__FED_SAM_EXCLUSIONS,library-onboarding/ripple_dbt/models/marts/procurement/procurement__fed_sam_exclusions.sql,PROCUREMENT,FED_SAM_EXCLUSIONS,21,20,4.8,0,2940,BASE TABLE,2940,,,COUNTRY:try_to_number,BAD_CAST(1)
PROCUREMENT__FED_USASPENDING_BULK,library-onboarding/ripple_dbt/models/marts/procurement/procurement__fed_usaspending_bulk.sql,PROCUREMENT,FED_USASPENDING_BULK,297,299,-0.7,0,49613,BASE TABLE,49613,,,FEDERAL_ACTION_OBLIGATION:try_to_double;PRIMARY_PLACE_OF_PERFORMANCE_COUNTY_NAME:try_to_number;COUNTY_LOCAL_GOVERNMENT:try_to_number;RECIPIENT_COUNTRY_NAME:try_to_number;ACTION_DATE:try_to_date;NUMBER_OF_ACTIONS:try_to_number;PRIMARY_PLACE_OF_PERFORMANCE_COUNTRY_NAME:try_to_number;COUNTRY_OF_PRODUCT_OR_SERVICE_ORIGIN_CODE:try_to_number;RECIPIENT_COUNTRY_CODE:try_to_number;PRIME_AWARD_TRANSACTION_PLACE_OF_PERFORMANCE_COUNTY_FIPS_CODE:try_to_number;PRIME_AWARD_TRANSACTION_RECIPIENT_COUNTY_FIPS_CODE:try_to_number;ACTION_DATE_FISCAL_YEAR:try_to_date;RECIPIENT_COUNTY_NAME:try_to_number;PRIMARY_PLACE_OF_PERFORMANCE_COUNTRY_CODE:try_to_number;COUNTRY_OF_PRODUCT_OR_SERVICE_ORIGIN:try_to_number,BAD_CAST(15)
PROCUREMENT__FED_USASPENDING_SUBAWARDS,library-onboarding/ripple_dbt/models/marts/procurement/procurement__fed_usaspending_subawards.sql,PROCUREMENT,FED_USASPENDING_SUBAWARDS,1,7,-600.0,0,5000,BASE TABLE,5000,,,,"SHELL_LANDING,PAGE_CAP"
PROCUREMENT__INTL_ADB_DATA,library-onboarding/ripple_dbt/models/marts/procurement/procurement__intl_adb_data.sql,PROCUREMENT,INTL_ADB_DATA,10,10,0.0,0,41,BASE TABLE,41,41,,COUNTRY:try_to_number,BAD_CAST(1)
PROCUREMENT__INTL_EC_SERCOP,library-onboarding/ripple_dbt/models/marts/procurement/procurement__intl_ec_sercop.sql,PROCUREMENT,INTL_EC_SERCOP,30,33,-10.0,0,132995,BASE TABLE,132995,,,,OK
REFERENCE__FED_BIA_TRIBAL_GEO,library-onboarding/ripple_dbt/models/marts/reference/reference__fed_bia_tribal_geo.sql,REFERENCE,FED_BIA_TRIBAL_GEO,9,0,100.0,0,,,102,100,,,NOT_BUILT
REFERENCE__FED_DHS_HIFLD,library-onboarding/ripple_dbt/models/marts/reference/reference__fed_dhs_hifld.sql,REFERENCE,FED_DHS_HIFLD,15,15,0.0,0,500,BASE TABLE,500,,,COUNTY:try_to_number,BAD_CAST(1)
REFERENCE__FED_ITIS_COMMENTS,library-onboarding/ripple_dbt/models/marts/reference/reference__fed_itis_comments.sql,REFERENCE,FED_ITIS_COMMENTS,5,6,-20.0,0,70524,BASE TABLE,70524,,,,OK
REFERENCE__FED_ITIS_EXPERTS,library-onboarding/ripple_dbt/models/marts/reference/reference__fed_itis_experts.sql,REFERENCE,FED_ITIS_EXPERTS,5,7,-40.0,0,197,BASE TABLE,197,,,,OK
REFERENCE__FED_ITIS_GEOGRAPHIC_DIV,library-onboarding/ripple_dbt/models/marts/reference/reference__fed_itis_geographic_div.sql,REFERENCE,FED_ITIS_GEOGRAPHIC_DIV,3,5,-66.7,0,480351,BASE TABLE,480351,,,,OK
REFERENCE__FED_ITIS_HIERARCHY,library-onboarding/ripple_dbt/models/marts/reference/reference__fed_itis_hierarchy.sql,REFERENCE,FED_ITIS_HIERARCHY,5,6,-20.0,0,678363,BASE TABLE,678363,,,,OK
REFERENCE__FED_ITIS_JURISDICTION,library-onboarding/ripple_dbt/models/marts/reference/reference__fed_itis_jurisdiction.sql,REFERENCE,FED_ITIS_JURISDICTION,4,6,-50.0,0,161922,BASE TABLE,161922,,,,OK
REFERENCE__FED_ITIS_KINGDOMS,library-onboarding/ripple_dbt/models/marts/reference/reference__fed_itis_kingdoms.sql,REFERENCE,FED_ITIS_KINGDOMS,3,4,-33.3,0,7,BASE TABLE,7,,,,OK
REFERENCE__FED_ITIS_LONGNAMES,library-onboarding/ripple_dbt/models/marts/reference/reference__fed_itis_longnames.sql,REFERENCE,FED_ITIS_LONGNAMES,2,3,-50.0,0,993346,BASE TABLE,993346,,,,SHELL_LANDING
REFERENCE__FED_ITIS_NODC_IDS,library-onboarding/ripple_dbt/models/marts/reference/reference__fed_itis_nodc_ids.sql,REFERENCE,FED_ITIS_NODC_IDS,3,5,-66.7,0,209565,BASE TABLE,209565,,,,OK
REFERENCE__FED_ITIS_OTHER_SOURCES,library-onboarding/ripple_dbt/models/marts/reference/reference__fed_itis_other_sources.sql,REFERENCE,FED_ITIS_OTHER_SOURCES,8,10,-25.0,0,1071,BASE TABLE,1071,,,,OK
REFERENCE__FED_ITIS_PUBLICATIONS,library-onboarding/ripple_dbt/models/marts/reference/reference__fed_itis_publications.sql,REFERENCE,FED_ITIS_PUBLICATIONS,14,16,-14.3,0,30772,BASE TABLE,30772,,,,OK
REFERENCE__FED_ITIS_REFERENCE_LINKS,library-onboarding/ripple_dbt/models/marts/reference/reference__fed_itis_reference_links.sql,REFERENCE,FED_ITIS_REFERENCE_LINKS,8,10,-25.0,0,1970107,BASE TABLE,1970107,,,,OK
REFERENCE__FED_ITIS_STRIPPEDAUTHOR,library-onboarding/ripple_dbt/models/marts/reference/reference__fed_itis_strippedauthor.sql,REFERENCE,FED_ITIS_STRIPPEDAUTHOR,2,3,-50.0,0,214445,BASE TABLE,214445,,,,SHELL_LANDING
REFERENCE__FED_ITIS_SYNONYM_LINKS,library-onboarding/ripple_dbt/models/marts/reference/reference__fed_itis_synonym_links.sql,REFERENCE,FED_ITIS_SYNONYM_LINKS,3,5,-66.7,0,315254,BASE TABLE,315254,,,,OK
REFERENCE__FED_ITIS_TAXONOMIC_UNITS,library-onboarding/ripple_dbt/models/marts/reference/reference__fed_itis_taxonomic_units.sql,REFERENCE,FED_ITIS_TAXONOMIC_UNITS,26,27,-3.8,0,993346,BASE TABLE,993346,,,,OK
REFERENCE__FED_ITIS_TAXON_AUTHORS_LKP,library-onboarding/ripple_dbt/models/marts/reference/reference__fed_itis_taxon_authors_lkp.sql,REFERENCE,FED_ITIS_TAXON_AUTHORS_LKP,5,6,-20.0,0,214445,BASE TABLE,214445,,,,OK
REFERENCE__FED_ITIS_TAXON_UNIT_TYPES,library-onboarding/ripple_dbt/models/marts/reference/reference__fed_itis_taxon_unit_types.sql,REFERENCE,FED_ITIS_TAXON_UNIT_TYPES,6,8,-33.3,0,182,BASE TABLE,182,,,,OK
REFERENCE__FED_ITIS_TU_COMMENTS_LINKS,library-onboarding/ripple_dbt/models/marts/reference/reference__fed_itis_tu_comments_links.sql,REFERENCE,FED_ITIS_TU_COMMENTS_LINKS,3,5,-66.7,0,192851,BASE TABLE,192851,,,,OK
REFERENCE__FED_ITIS_VERNACULARS,library-onboarding/ripple_dbt/models/marts/reference/reference__fed_itis_vernaculars.sql,REFERENCE,FED_ITIS_VERNACULARS,6,8,-33.3,0,166778,BASE TABLE,166778,,,,OK
REFERENCE__FED_ITIS_VERN_REF_LINKS,library-onboarding/ripple_dbt/models/marts/reference/reference__fed_itis_vern_ref_links.sql,REFERENCE,FED_ITIS_VERN_REF_LINKS,5,7,-40.0,0,93078,BASE TABLE,93078,,,,OK
REFERENCE__FED_USGS_GNIS_ALL_NAMES,library-onboarding/ripple_dbt/models/marts/reference/reference__fed_usgs_gnis_all_names.sql,REFERENCE,FED_USGS_GNIS_ALL_NAMES,15,16,-6.7,0,1249624,BASE TABLE,1249624,,,,OK
REFERENCE__FED_USGS_TOPOVIEW,library-onboarding/ripple_dbt/models/marts/reference/reference__fed_usgs_topoview.sql,REFERENCE,FED_USGS_TOPOVIEW,18,18,0.0,0,250,BASE TABLE,250,250,,,OK
REFERENCE__INTL_EG_CAPMAS,library-onboarding/ripple_dbt/models/marts/reference/reference__intl_eg_capmas.sql,REFERENCE,INTL_EG_CAPMAS,7,7,0.0,0,150,BASE TABLE,150,150,,COUNTRY:try_to_number,BAD_CAST(1)
REFERENCE__INTL_EUROSTAT,library-onboarding/ripple_dbt/models/marts/reference/reference__intl_eurostat.sql,REFERENCE,INTL_EUROSTAT,9,9,0.0,0,450,BASE TABLE,450,450,,,OK
REFERENCE__INTL_GDELT,library-onboarding/ripple_dbt/models/marts/reference/reference__intl_gdelt.sql,REFERENCE,INTL_GDELT,61,61,0.0,0,1015,BASE TABLE,1015,1015,,ACTOR2GEO_COUNTRYCODE:try_to_number;ACTOR1COUNTRYCODE:try_to_number;ACTIONGEO_COUNTRYCODE:try_to_number;ACTOR1GEO_COUNTRYCODE:try_to_number;ACTOR2COUNTRYCODE:try_to_number,BAD_CAST(5)
REFERENCE__XC_CROSSREF_FUNDER_REGISTRY,library-onboarding/ripple_dbt/models/marts/reference/reference__xc_crossref_funder_registry.sql,REFERENCE,XC_CROSSREF_FUNDER_REGISTRY,3,4,-33.3,0,45661,BASE TABLE,45661,,,,OK
REFERENCE__XC_OWID_FERTILITY,library-onboarding/ripple_dbt/models/marts/reference/reference__xc_owid_fertility.sql,REFERENCE,XC_OWID_FERTILITY,4,4,0.0,0,19402,BASE TABLE,19402,19402,,,OK
REFERENCE__XC_ROR_RESEARCH_ORGANIZATIONS,library-onboarding/ripple_dbt/models/marts/reference/reference__xc_ror_research_organizations.sql,REFERENCE,XC_ROR_RESEARCH_ORGANIZATIONS,35,36,-2.9,0,135710,BASE TABLE,135710,,,LOCATIONS_GEONAMES_DETAILS_COUNTRY_SUBDIVISION_NAME:try_to_number;LOCATIONS_GEONAMES_DETAILS_COUNTRY_CODE:try_to_number;LOCATIONS_GEONAMES_DETAILS_COUNTRY_NAME:try_to_number;LOCATIONS_GEONAMES_DETAILS_COUNTRY_SUBDIVISION_CODE:try_to_number,BAD_CAST(4)
REF__DIM_GEOGRAPHY,library-onboarding/ripple_dbt/models/marts/reference/ref__dim_geography.sql,REFERENCE,FED_EPA_FRS_FULL,34,10,70.6,0,6988,BASE TABLE,5300149,,catalog=5300149,COUNTY_NAME:try_to_number;COUNTRY_NAME:try_to_number,"BAD_CAST(2),ROW_DISAGREE"
REF__DIM_STATE,library-onboarding/ripple_dbt/models/marts/reference/ref__dim_state.sql,REFERENCE,,0,5,,0,56,BASE TABLE,,,,,OK
REGULATION__FED_FDIC_ENFORCEMENT,library-onboarding/ripple_dbt/models/marts/regulation/regulation__fed_fdic_enforcement.sql,REGULATION,FED_FDIC_ENFORCEMENT,2,0,100.0,0,,,15,,,,"SHELL_LANDING,NOT_BUILT"
REGULATORY__FED_FEDERAL_REGISTER_DOCUMENTS,library-onboarding/ripple_dbt/models/marts/regulatory/regulatory__fed_federal_register_documents.sql,REGULATORY,FED_FEDERAL_REGISTER_DOCUMENTS,29,36,-24.1,0,94731,BASE TABLE,94731,,,,OK
SCIENCE_RESEARCH__FED_NIH_REPORTER,library-onboarding/ripple_dbt/models/marts/science_research/science_research__fed_nih_reporter.sql,SCIENCE_RESEARCH,FED_NIH_REPORTER,46,46,0.0,0,2122611,BASE TABLE,2122611,,,ORG_COUNTRY:try_to_number,BAD_CAST(1)
SCIENCE_RESEARCH__FED_RETRACTION_WATCH,library-onboarding/ripple_dbt/models/marts/science_research/science_research__fed_retraction_watch.sql,SCIENCE_RESEARCH,FED_RETRACTION_WATCH,20,20,0.0,0,71591,BASE TABLE,71591,,,COUNTRY:try_to_number,BAD_CAST(1)
SCIENCE_RESEARCH__FED_SBIR_STTR_AWARDS,library-onboarding/ripple_dbt/models/marts/science_research/science_research__fed_sbir_sttr_awards.sql,SCIENCE_RESEARCH,FED_SBIR_STTR_AWARDS,41,42,-2.4,0,219503,BASE TABLE,219503,,,,OK
SCIENCE_RESEARCH__XC_BIORXIV_MEDRXIV,library-onboarding/ripple_dbt/models/marts/science_research/science_research__xc_biorxiv_medrxiv.sql,SCIENCE_RESEARCH,XC_BIORXIV_MEDRXIV,41,43,-4.9,0,432,BASE TABLE,432,,,,OK
SCIENCE_RESEARCH__XC_OSF_REGISTRATIONS,library-onboarding/ripple_dbt/models/marts/science_research/science_research__xc_osf_registrations.sql,SCIENCE_RESEARCH,XC_OSF_REGISTRATIONS,367,42,88.6,0,10,BASE TABLE,10,,,RELATIONSHIPS_REGISTRATION_SCHEMA_DATA_TYPE:try_to_double,BAD_CAST(1)
SCIENCE_RESEARCH__XC_RETRACTION_WATCH_DATABASE,library-onboarding/ripple_dbt/models/marts/science_research/science_research__xc_retraction_watch_database.sql,SCIENCE_RESEARCH,XC_RETRACTION_WATCH_DATABASE,21,22,-4.8,0,71388,BASE TABLE,71388,,,COUNTRY:try_to_number,BAD_CAST(1)
SCIENCE__FED_NASA_OPEN_DATA,library-onboarding/ripple_dbt/models/marts/science/science__fed_nasa_open_data.sql,SCIENCE,FED_NASA_OPEN_DATA,8,8,0.0,0,54,BASE TABLE,54,54,,,OK
SCIENCE__FED_NSF_AWARDS,library-onboarding/ripple_dbt/models/marts/science/science__fed_nsf_awards.sql,SCIENCE,FED_NSF_AWARDS,20,20,0.0,0,125,BASE TABLE,125,125,,COUNTRY:try_to_number,BAD_CAST(1)
SCIENCE__FED_USGS_EARTHQUAKES,library-onboarding/ripple_dbt/models/marts/science/science__fed_usgs_earthquakes.sql,SCIENCE,FED_USGS_EARTHQUAKES,22,22,0.0,0,443274,BASE TABLE,443274,443274,,,OK
SCIENCE__INTL_EMBL_ENSEMBL,library-onboarding/ripple_dbt/models/marts/science/science__intl_embl_ensembl.sql,SCIENCE,INTL_EMBL_ENSEMBL,20,20,0.0,0,643,BASE TABLE,643,643,,,OK
SCIENCE__XC_OWID_AI_INCIDENTS_ANNUAL,library-onboarding/ripple_dbt/models/marts/science/science__xc_owid_ai_incidents_annual.sql,SCIENCE,XC_OWID_AI_INCIDENTS_ANNUAL,4,4,0.0,0,14,BASE TABLE,14,14,,,OK
TRANSPORT__FED_DOT_BTS,library-onboarding/ripple_dbt/models/marts/transport/transport__fed_dot_bts.sql,TRANSPORT,FED_DOT_BTS,12,12,0.0,0,21,BASE TABLE,21,21,,COUNTY_FIPS:try_to_number,BAD_CAST(1)
TRANSPORT__FED_FAA_AIRCRAFT_REGISTRY,library-onboarding/ripple_dbt/models/marts/transport/transport__fed_faa_aircraft_registry.sql,TRANSPORT,FED_FAA_AIRCRAFT_REGISTRY,35,34,2.9,0,315447,BASE TABLE,315447,,,LAST_ACTION_DATE:try_to_date;COUNTRY:try_to_number;COUNTY:try_to_number,BAD_CAST(3)
TRANSPORT__FED_FAA_DATA_PORTAL,library-onboarding/ripple_dbt/models/marts/transport/transport__fed_faa_data_portal.sql,TRANSPORT,FED_FAA_DATA_PORTAL,15,15,0.0,0,4,BASE TABLE,4,4,,UPDATE_FREQUENCY:try_to_date,BAD_CAST(1)
TRANSPORT__FED_FAA_REGISTRY,library-onboarding/ripple_dbt/models/marts/transport/transport__fed_faa_registry.sql,TRANSPORT,FED_FAA_REGISTRY,34,34,0.0,0,314417,BASE TABLE,314417,314417,,COUNTY:try_to_number;LAST_ACTION_DATE:try_to_date;COUNTRY:try_to_number,BAD_CAST(3)
TRANSPORT__FED_FRA_CASUALTIES,library-onboarding/ripple_dbt/models/marts/transport/transport__fed_fra_casualties.sql,TRANSPORT,FED_FRA_CASUALTIES,70,70,0.0,0,1150788,BASE TABLE,1150788,,,COUNTY_NAME:try_to_number;COUNTY_CODE:try_to_number,BAD_CAST(2)
TRANSPORT__FED_FRA_CROSSING_INCIDENTS,library-onboarding/ripple_dbt/models/marts/transport/transport__fed_fra_crossing_incidents.sql,TRANSPORT,FED_FRA_CROSSING_INCIDENTS,154,154,0.0,0,251149,BASE TABLE,251149,,,COUNTY_CODE:try_to_number;COUNTY_NAME:try_to_number,BAD_CAST(2)
TRANSPORT__FED_FRA_EQUIPMENT_ACCIDENTS,library-onboarding/ripple_dbt/models/marts/transport/transport__fed_fra_equipment_accidents.sql,TRANSPORT,FED_FRA_EQUIPMENT_ACCIDENTS,155,155,0.0,0,224941,BASE TABLE,224941,,,COUNTY_CODE:try_to_number;COUNTY_NAME:try_to_number,BAD_CAST(2)
TRANSPORT__FED_FRA_RAIL_DEATHS_BY_RAILROAD,library-onboarding/ripple_dbt/models/marts/transport/transport__fed_fra_rail_deaths_by_railroad.sql,TRANSPORT,FED_FRA_CASUALTIES,70,8,88.6,0,5152,BASE TABLE,1150788,,catalog=1150788,COUNTY_NAME:try_to_number;COUNTY_CODE:try_to_number,"BAD_CAST(2),ROW_DISAGREE"
TRANSPORT__FED_FRA_SAFETY,library-onboarding/ripple_dbt/models/marts/transport/transport__fed_fra_safety.sql,TRANSPORT,FED_FRA_SAFETY,10,10,0.0,0,1,BASE TABLE,1,1,,COUNTY_FIPS:try_to_number,BAD_CAST(1)
TRANSPORT__FED_NHTSA_COMPLAINTS,library-onboarding/ripple_dbt/models/marts/transport/transport__fed_nhtsa_complaints.sql,TRANSPORT,FED_NHTSA_COMPLAINTS,51,0,100.0,0,,,4455882,2227941,,,NOT_BUILT
TRANSPORT__FED_NHTSA_INVESTIGATIONS,library-onboarding/ripple_dbt/models/marts/transport/transport__fed_nhtsa_investigations.sql,TRANSPORT,FED_NHTSA_INVESTIGATIONS,11,0,100.0,0,,,308418,154209,,,NOT_BUILT
TRANSPORT__FED_NHTSA_RECALLS,library-onboarding/ripple_dbt/models/marts/transport/transport__fed_nhtsa_recalls.sql,TRANSPORT,FED_NHTSA_RECALLS,29,0,100.0,0,,,485986,242993,,,NOT_BUILT
TRANSPORT__FED_NTSB_AVIATION_AIRCRAFT,library-onboarding/ripple_dbt/models/marts/transport/transport__fed_ntsb_aviation_aircraft.sql,TRANSPORT,FED_NTSB_AVIATION_AIRCRAFT,93,93,0.0,0,31503,BASE TABLE,31503,,,OWNER_COUNTRY:try_to_number;DPRT_COUNTRY:try_to_number;OPER_COUNTRY:try_to_number;DEST_COUNTRY:try_to_number,BAD_CAST(4)
TRANSPORT__FED_NTSB_AVIATION_EVENTS,library-onboarding/ripple_dbt/models/marts/transport/transport__fed_ntsb_aviation_events.sql,TRANSPORT,FED_NTSB_AVIATION_EVENTS,73,73,0.0,0,30968,BASE TABLE,30968,,,EV_COUNTRY:try_to_number,BAD_CAST(1)
TRANSPORT__FED_NTSB_AVIATION_INJURY,library-onboarding/ripple_dbt/models/marts/transport/transport__fed_ntsb_aviation_injury.sql,TRANSPORT,FED_NTSB_AVIATION_INJURY,7,8,-14.3,0,179179,BASE TABLE,179179,,,,OK
UNCATEGORIZED__FED_DEA_ARCOS_FULL,library-onboarding/ripple_dbt/models/marts/uncategorized/uncategorized__fed_dea_arcos_full.sql,UNCATEGORIZED,FED_DEA_ARCOS_FULL,42,0,100.0,0,,,178598026,178598026,,TRANSACTION_DATE:try_to_date;BUYER_COUNTY:try_to_number;REPORTER_COUNTY:try_to_number,"BAD_CAST(3),NOT_BUILT"
UNCATEGORIZED__FED_EPA_FRS_FULL,library-onboarding/ripple_dbt/models/marts/uncategorized/uncategorized__fed_epa_frs_full.sql,UNCATEGORIZED,FED_EPA_FRS_FULL,34,0,100.0,0,,,5300149,5300149,,COUNTY_NAME:try_to_number;COUNTRY_NAME:try_to_number,"BAD_CAST(2),NOT_BUILT"
UNCATEGORIZED__FED_FEC_INDEPENDENT_EXPENDITURES,library-onboarding/ripple_dbt/models/marts/uncategorized/uncategorized__fed_fec_independent_expenditures.sql,UNCATEGORIZED,,0,0,,0,,,,,,,OK
UNCATEGORIZED__INTL_GLEIF,library-onboarding/ripple_dbt/models/marts/uncategorized/uncategorized__intl_gleif.sql,UNCATEGORIZED,,0,0,,0,,,,,,,OK
UNCATEGORIZED__INT_GLEIF_RR,library-onboarding/ripple_dbt/models/marts/uncategorized/uncategorized__int_gleif_rr.sql,UNCATEGORIZED,INT_GLEIF_RR,54,0,100.0,0,,,963866,481933,,REGISTRATION.REGISTRATIONSTATUS:try_to_double,"BAD_CAST(1),NOT_BUILT"
UNCATEGORIZED__INT_UK_COMPANIES_HOUSE,library-onboarding/ripple_dbt/models/marts/uncategorized/uncategorized__int_uk_companies_house.sql,UNCATEGORIZED,INT_UK_COMPANIES_HOUSE,55,0,100.0,0,,,5734780,5734780,,INCORPORATIONDATE:try_to_double;REGADDRESS.COUNTRY:try_to_number;REGADDRESS.COUNTY:try_to_number;COUNTRYOFORIGIN:try_to_number,"BAD_CAST(4),NOT_BUILT"
