schema,table,rows,description
HEALTH,HEALTH__ADDICTION_PRESCRIBERS_PAID,44335,"One row per doctor who prescribed addiction/opioid-treatment drugs, showing how many such claims they wrote, how much those drugs cost, and whether drug companies paid that doctor in 2022 (and which company paid the most)."
HEALTH,HEALTH__FED_CDC_ANXIETY_DEPRESSION,16794,"CDC survey estimates of how many people reported anxiety or depression symptoms, broken out by state, demographic subgroup, and time period, with confidence ranges."
HEALTH,HEALTH__FED_CDC_DATA_PORTAL,1471,"A catalog of CDC's public datasets (not the data itself) -- name, description, category, and how often each one has been viewed or downloaded."
HEALTH,HEALTH__FED_CDC_DRUG_POISONING_COUNTY,53387,"County-by-year drug overdose death rates (age-adjusted, given as ranges) and population, for U.S. counties."
HEALTH,HEALTH__FED_CDC_HEALTH_INSURANCE,16056,"CDC survey estimates of health insurance coverage rates, broken out by state, demographic subgroup, and time period, with confidence ranges and suppression flags."
HEALTH,HEALTH__FED_CDC_INJURY_VIOLENCE_COUNTY,132000,"County-level injury and violence death counts and rates (by intent -- homicide, suicide, overdose, etc), tracked over rolling 12-month windows."
HEALTH,HEALTH__FED_CDC_LEADING_CAUSES_STATE,10868,"Leading causes of death by state and year, 1999-2017 -- death counts and age-adjusted death rates, plus a nationwide total row for each year and cause."
HEALTH,HEALTH__FED_CDC_NNDSS_WEEKLY_2024,1932840,"Weekly counts of reportable disease cases (like measles, hepatitis, whooping cough) by U.S. state/area for 2024, showing the current week and year-to-date totals."
HEALTH,HEALTH__FED_CDC_OVERDOSE,83790,"Monthly provisional drug overdose death counts by state, with how complete the reporting is and a model-predicted value to fill in gaps."
HEALTH,HEALTH__FED_CDC_SUICIDE_RATES,6390,"CDC suicide death rate estimates by year and age group, from national health statistics tables."
HEALTH,HEALTH__FED_CDC_WONDER,880,"National death counts by year, cause-of-death category, and sex, with population and death rate -- CDC blanks out any count under 10 people to protect privacy."
HEALTH,HEALTH__FED_CLINICALTRIALS,601694,"Every registered clinical trial from ClinicalTrials.gov -- title, sponsor, phase, status, dates, enrollment size, what condition and treatment it's testing, and where it's being run."
HEALTH,HEALTH__FED_CMS_AMBULATORY_SPECIALTY_MODEL_PARTICIPANTS,6637,"Doctors and practices signed up for CMS's new Ambulatory Specialty Model Medicare payment program, showing which years (2027-2031) they're set to participate and whether they count as a small practice."
HEALTH,HEALTH__FED_CMS_DIALYSIS,7557,"Every Medicare-certified dialysis clinic -- address, ownership, size -- plus its star rating and detailed patient outcome stats (death rate, hospital readmission, infections, transplant waitlist, blood test results)."
HEALTH,HEALTH__FED_CMS_FACILITY_AFFILIATION,2260193,"Links doctors (by their national provider ID number) to the hospitals, nursing homes, and other facilities they're affiliated with."
HEALTH,HEALTH__FED_CMS_FACILITY_LEVEL_MINIMUM_DATA_SET_FREQUENCY,31403215,"For every nursing home, how residents answered each standardized care-assessment question -- what share gave each response, split by short-stay vs long-stay residents."
HEALTH,HEALTH__FED_CMS_FEDERALLY_QUALIFIED_HEALTH_CENTER_ENROLLMENTS,11063,"Medicare enrollment records for Federally Qualified Health Centers (community health clinics) -- organization name, address, incorporation details, and ID numbers."
HEALTH,HEALTH__FED_CMS_FISCAL_INTERMEDIARY_SHARED_SYSTEM_ATTENDING_AND_RENDERING,2047828,A name lookup list -- doctor's national ID number matched to first and last name -- pulled from Medicare's claims-processing system.
HEALTH,HEALTH__FED_CMS_HCRIS,80077,"Hospital financial cost reports filed with Medicare -- beds, patient days, revenue, expenses, assets, charity care, and profit margin, one row per hospital per fiscal year."
HEALTH,HEALTH__FED_CMS_HCRIS__PREV_20260906,6103,"An earlier saved snapshot of the hospital cost report table above (HCRIS), kept from before the newest reload."
HEALTH,HEALTH__FED_CMS_HOME_HEALTH,12392,"Every Medicare-certified home health agency -- address, services offered -- plus its quality star rating and detailed care-outcome measures (how often patients improved at walking, bathing, taking medication correctly, etc)."
HEALTH,HEALTH__FED_CMS_HOME_HEALTH_AGENCY_ENROLLMENTS,11508,"Medicare enrollment records for home health agencies -- organization name, address, incorporation details, and ID numbers."
HEALTH,HEALTH__FED_CMS_HOME_HEALTH_OWNERS,101188,"Who owns each home health agency -- individual or company owners, their address, ownership percentage, and what kind of entity they are (private equity, LLC, nonprofit, REIT, etc)."
HEALTH,HEALTH__FED_CMS_HOSPICE,6852,"Directory of Medicare-certified hospice providers -- name, address, ownership type, and certification date."
HEALTH,HEALTH__FED_CMS_HOSPITAL_COMPARE,5432,"CMS Hospital Compare quality ratings -- one row per hospital with its overall star rating and how it scores on mortality, safety, readmissions, patient experience, and timely/effective care compared to national averages."
HEALTH,HEALTH__FED_CMS_HOSPITAL_ENROLLMENTS,9175,"Medicare enrollment records for hospitals -- organization name, address, what type of hospital it is (acute care, psychiatric, children's, rehab, etc), and whether it converted to a Rural Emergency Hospital."
HEALTH,HEALTH__FED_CMS_HOSPITAL_GENERAL,5432,"Same CMS Hospital Compare quality star ratings as the other hospital-ratings table -- overall rating plus mortality, safety, readmission, and patient-experience scores per hospital."
HEALTH,HEALTH__FED_CMS_IRF,1222,"Directory of Medicare-certified inpatient rehabilitation facilities -- name, address, ownership type, and certification date."
HEALTH,HEALTH__FED_CMS_LTCH,311,"Directory of Medicare-certified long-term care hospitals -- name, address, ownership type, certification date, and bed count."
HEALTH,HEALTH__FED_CMS_MAIN,158,"A catalog of datasets published by CMS (Medicare/Medicaid) -- title, publisher, description, update frequency, and where to download each one."
HEALTH,HEALTH__FED_CMS_MARKETPLACE_PLAN_ATTRIBUTES_PUF,22059,"Detailed benefit design for every ACA health insurance marketplace plan -- deductibles, copays, coinsurance, and out-of-pocket maximums for medical and drug coverage, plus plan type and metal level (bronze/silver/gold)."
HEALTH,HEALTH__FED_CMS_MEDICARE_DIABETES_PREVENTION_PROGRAM,1037,"Organizations approved to run Medicare's Diabetes Prevention Program -- name, location, and category."
HEALTH,HEALTH__FED_CMS_MEDICARE_DIALYSIS_FACILITIES,12456456,"Every dialysis clinic's quality measure scores, one row per clinic per measure per year -- a long, stacked version of the dialysis facility ratings, which is why the row count is so large."
HEALTH,HEALTH__FED_CMS_MEDICARE_DURABLE_MEDICAL_EQUIPMENT_DEVICES_SUPPLIES_BY_REFER,381228,"For each doctor who referred patients for medical equipment (wheelchairs, oxygen, supplies), how many suppliers filled those orders, what Medicare paid, and the referred patients' age/sex/race mix and chronic conditions."
HEALTH,HEALTH__FED_CMS_MEDICARE_DURABLE_MEDICAL_EQUIPMENT_DEVICES_SUPPLIES_BY_SUPPL,440670,"For each medical-equipment supplier and each item or service code they billed, how many patients and claims, and what Medicare was charged versus what it paid."
HEALTH,HEALTH__FED_CMS_MEDICARE_INPATIENT_HOSPITALS_BY_PROVIDER,3044,"Each hospital's total inpatient Medicare business for the year -- patients treated, discharges, what was billed vs. paid, and the patient mix by age, race, sex, and chronic condition."
HEALTH,HEALTH__FED_CMS_MEDICARE_INPATIENT_HOSPITALS_BY_PROVIDER_AND_SERVICE,145879,"Same hospital inpatient Medicare billing as the provider-level table, but broken out by diagnosis category (DRG) -- discharges and average charges/payments per diagnosis, per hospital."
HEALTH,HEALTH__FED_CMS_MEDICARE_OUTPATIENT_HOSPITALS_BY_PROVIDER_AND_SERVICE,116182,"Hospital outpatient Medicare billing broken out by procedure category (APC) -- patient counts, services performed, and average charges/payments, per hospital."
HEALTH,HEALTH__FED_CMS_MEDICARE_PHYSICIAN_OTHER_PRACTITIONERS_BY_PROVIDER,1296739,"Each doctor or other Medicare provider's total yearly Medicare billing -- patients seen, services performed, and what was charged vs. paid, split into drug costs and medical costs, plus the patient mix by age, race, sex, and chronic conditions."
HEALTH,HEALTH__FED_CMS_MEDICARE_PHYSICIAN_OTHER_PRACTITIONERS_BY_PROVIDER_AND_SERVI,9781673,"Same doctor-level Medicare billing as the provider-level table, but broken out by individual procedure/service code -- how many patients and services, and average charge vs. payment, per doctor per code."
HEALTH,HEALTH__FED_CMS_MEDICARE_PROVIDER,1296739,"Same doctor-level total yearly Medicare billing summary as the 'by provider' physician table, keyed by national provider ID."
HEALTH,HEALTH__FED_CMS_NADAC,359514,"Medicaid's benchmark retail drug prices -- what pharmacies pay per unit for each drug, by effective date, including a brand-vs-generic price comparison."
HEALTH,HEALTH__FED_CMS_NPPES,9606683,"The full national registry of every doctor, nurse, clinic, and healthcare organization with a National Provider Identifier (NPI) -- legal name, business and practice addresses, specialty codes, and license numbers."
HEALTH,HEALTH__FED_CMS_NURSING_HOME,14700,"Every Medicare/Medicaid-certified nursing home -- address, ownership, chain -- with its star rating, staffing hours, health inspection results, and fines."
HEALTH,HEALTH__FED_CMS_NURSING_HOME_DEFICIENCIES,418479,"Individual health-inspection citations (deficiencies) issued to nursing homes -- what rule was violated, how severe, and whether it was corrected."
HEALTH,HEALTH__FED_CMS_NURSING_HOME_FIRE_DEFICIENCIES,200030,"Individual fire-safety inspection citations issued to nursing homes -- what rule was violated, how severe, and whether it was corrected."
HEALTH,HEALTH__FED_CMS_NURSING_HOME_PENALTIES,16180,"Financial penalties against nursing homes -- fine amounts and any Medicare payment-denial periods, by date."
HEALTH,HEALTH__FED_CMS_OPEN_PAYMENTS,15385047,"Payments (money, meals, travel, gifts) that drug and device companies reported giving to individual doctors and teaching hospitals -- who paid whom, how much, and why."
HEALTH,HEALTH__FED_CMS_OPEN_PAYMENTS_2022,13306564,"Same drug/device-company payments to doctors and teaching hospitals as the main Open Payments table, filtered to the 2022 program year."
HEALTH,HEALTH__FED_CMS_OPEN_PAYMENTS_2023,14700786,"Same drug/device-company payments to doctors and teaching hospitals as the main Open Payments table, filtered to the 2023 program year."
HEALTH,HEALTH__FED_CMS_OPEN_PAYMENTS_PROFILE_SUPPLEMENT,1697025,"The doctor roster behind Open Payments -- one row per doctor or practitioner profile with name, address, specialty, and license info, matched to their national provider ID so payment records can be tied to a real person."
HEALTH,HEALTH__FED_CMS_OPIOID_TREATMENT_PROGRAM_PROVIDERS,1558,"Directory of Medicare-enrolled opioid treatment programs -- clinic name, address, phone, and when their Medicare enrollment took effect."
HEALTH,HEALTH__FED_CMS_OPT_OUT_AFFIDAVITS,57209,"Doctors who formally opted out of billing Medicare -- name, specialty, address, and the dates their opt-out is in effect."
HEALTH,HEALTH__FED_CMS_ORDER_AND_REFERRING,2018354,"Doctors who are eligible to order or refer Medicare services -- flagged by which service types they can order (Part B, medical equipment, home health, hospice, etc)."
HEALTH,HEALTH__FED_CMS_PARTD_PRESCRIBERS,25869521,"Each doctor's Medicare Part D prescriptions broken out by drug -- how many claims, total cost, and how many patients, split out for patients 65 and older."
HEALTH,HEALTH__FED_CMS_PART_D_PRESCRIBERS,1416883,"Each doctor's total yearly Medicare Part D prescribing -- claims, drug cost, brand vs generic split, opioid and antipsychotic prescribing rates, and the patient mix by age, race, sex, and chronic conditions."
HEALTH,HEALTH__FED_CMS_PECOS_PROVIDER_ENROLLMENT,2978925,"Medicare provider enrollment records from CMS's PECOS system -- each doctor or organization's enrollment ID, provider type, and state."
HEALTH,HEALTH__FED_CMS_PENDING_INITIAL_LOGGING_AND_TRACKING_NON_PHYSICIANS,6880,Non-physician providers (like nurse practitioners) whose Medicare enrollment application is still pending -- just their name and national ID number.
HEALTH,HEALTH__FED_CMS_PENDING_INITIAL_LOGGING_AND_TRACKING_PHYSICIANS,7240,Physicians whose Medicare enrollment application is still pending -- just their name and national ID number.
HEALTH,HEALTH__FED_CMS_POS_OTHER,44429,"CMS's master facility-characteristics file -- for hospitals, nursing homes, and other Medicare-certified facilities: what services they offer, staffing counts, bed counts by type, and certification/ownership-change history."
HEALTH,HEALTH__FED_CMS_QUALITY_PAYMENT_PROGRAM_EXPERIENCE,503917,"Each doctor's Medicare quality-scoring results (MIPS) -- final score, resulting payment adjustment, and detailed scores for quality, cost, technology use, and improvement activities."
HEALTH,HEALTH__FED_CMS_RURAL_HEALTH_CLINIC_ENROLLMENTS,5530,"Medicare enrollment records for rural health clinics -- organization name, address, incorporation details, and ID numbers."
HEALTH,HEALTH__FED_CMS_SKILLED_NURSING_FACILITY_ENROLLMENTS,14425,"Medicare enrollment records for skilled nursing facilities -- organization name, affiliated entity, address, incorporation details, and ID numbers."
HEALTH,HEALTH__FED_DEA_ARCOS,178598026,"Every reported shipment of a controlled substance (like opioids) from a distributor to a buyer -- who sent it, who received it, which drug, how much, and its morphine-equivalent dose. This is the huge DEA pill-tracking dataset."
HEALTH,HEALTH__FED_FDA_CAERS,85511,"FDA reports of adverse reactions to foods, cosmetics, and dietary supplements -- what product, what reaction, and the outcome."
HEALTH,HEALTH__FED_FDA_DEVICE_510K,175686,"FDA clearances for medical devices under the fast-track 510(k) process -- device name, maker, product code, and the clearance decision and date."
HEALTH,HEALTH__FED_FDA_DEVICE_CLASSIFICATION,7087,"FDA's classification list of medical device types -- device name, risk class (I/II/III), medical specialty, and whether it's an implant or life-sustaining device."
HEALTH,HEALTH__FED_FDA_DEVICE_ENFORCEMENT,39635,"Medical device recalls -- which company recalled what, why, how serious the recall was classified, and the recall's status and dates."
HEALTH,HEALTH__FED_FDA_DEVICE_PMA,56853,"FDA's highest-scrutiny medical device approvals (Premarket Approval) and their supplements -- device name, maker, product code, and approval decision and date."
HEALTH,HEALTH__FED_FDA_DRUG_ENFORCEMENT,17876,"Drug recalls -- which company recalled what drug, why, how serious the recall was classified, and the recall's status and dates."
HEALTH,HEALTH__FED_FDA_DRUG_MASTER_FILES,41253,"FDA's registry of Drug Master Files -- confidential technical filings by companies about a drug ingredient or manufacturing process, with holder company, subject, and filing date."
HEALTH,HEALTH__FED_FDA_ESTABLISHMENT_REG,263374,"FDA registrations of medical device manufacturing and distribution facilities -- company name, address, what type of establishment it is, and which devices it's linked to."
HEALTH,HEALTH__FED_FDA_FAERS_DEMO,5811086,"One row per FDA drug side-effect report with the patient's age, sex, country, and report dates -- the demographic backbone of the adverse-event database."
HEALTH,HEALTH__FED_FDA_FAERS_INDI,9833260,"For each FDA drug side-effect report, which medical condition the drug was being taken for."
HEALTH,HEALTH__FED_FDA_FAERS_OUTC,5147466,"For each FDA drug side-effect report, what happened to the patient (outcome -- like hospitalization, disability, or death)."
HEALTH,HEALTH__FED_FDA_GUDID,5083948,"FDA's registry of medical devices with a Unique Device Identifier -- brand name, maker, model/catalog number, description, and whether it's still being sold."
HEALTH,HEALTH__FED_FDA_GUDID__STAGING,1329,"A raw, unprocessed staging copy of incoming FDA device-registry data, not yet cleaned into the device-registry table above."
HEALTH,HEALTH__FED_FDA_MAUDE,2743561,"FDA reports of medical devices linked to injuries, deaths, or malfunctions -- device, maker, and event dates, covering 2020 onward out of the full 1993-2026 history."
HEALTH,HEALTH__FED_FDA_PURPLE_BOOK,2228,"FDA's list of licensed biologic drugs (like vaccines and gene therapies) -- applicant company, product name, approval dates, and exclusivity/patent status, as of the June 2026 monthly update."
HEALTH,HEALTH__FED_FDA_UNII_GSRS_SUBSTANCES,168046,FDA's master list of drug and chemical substance codes with matching ID numbers from other chemical databases -- a lookup table for connecting the same substance across different data sources.
HEALTH,HEALTH__FED_HHS_OIG_LEIE,83747,"People and businesses banned from billing Medicare or Medicaid -- their name, specialty, why they were excluded, the exclusion date, and whether they've since been reinstated."
HEALTH,HEALTH__FED_HRSA_HPSA_PRIMARY_CARE,79158,"Areas officially designated as short on primary-care doctors (Health Professional Shortage Areas) -- location, shortage score, population served, and how badly understaffed it is."
HEALTH,HEALTH__FED_HRSA_NPDB,1911185,"Malpractice payments and license/disciplinary actions reported against healthcare practitioners -- allegation type, outcome, payment amount, and the practitioner's state, age, and specialty. Names are not included; this is the de-identified public file."
HEALTH,HEALTH__FED_HRSA_PROVIDER_RELIEF_FUND,419846,"COVID-era Provider Relief Fund payments -- which healthcare provider got how much money, and where they're located."
HEALTH,HEALTH__FED_HRSA_SHORTAGE_AREAS,165531,"The full list of federally-designated health professional shortage areas (all disciplines -- primary care, dental, mental health) -- location, shortage score, population, and designation status."
HEALTH,HEALTH__FED_HRSA_SHORTAGE_AREAS__PREV_20260907,165531,"An earlier saved snapshot of the health-professional-shortage-area table above, kept from before the newest reload."
HEALTH,HEALTH__FED_HRSA_UDS_HEALTH_CENTER_INFO,1356,"Directory of federally-funded community health centers -- name, address, program director contact info, funding source, and urban/rural status."
HEALTH,HEALTH__FED_HRSA_UDS_SERVICE_DELIVERY_SITES,19038,"Every physical clinic location run by a federally-funded community health center -- address, national provider ID, Medicare billing number, hours, site type, and which parent health center it belongs to."
HEALTH,HEALTH__FED_HRSA_UDS_TABLE3A_PATIENTS,1356,"Patient headcounts by age and sex for each federally-funded community health center, from their annual report."
HEALTH,HEALTH__FED_IHS_FACILITIES,1006,"Indian Health Service, tribal, and urban Indian health facilities -- name, address, services offered (behavioral health, dental, pharmacy), bed count, and who operates and owns it, as of June 2023."
HEALTH,HEALTH__FED_IHS_SCB_FACILITY,8733,"A broader Indian Health Service facility code list -- facility name, area, service unit, type, bed count, and whether it's IHS-run, tribal, or urban."
HEALTH,HEALTH__FED_NLM_DAILYMED_SPL_SETID_MAP,158452,"A lookup table matching each drug label's unique ID (from the National Library of Medicine's DailyMed) to its label file name, upload date, and title."
HEALTH,HEALTH__FED_NURSINGHOME411,14713,"Nursing home directory and star ratings, built separately from CMS's own table -- staffing levels vs. what's expected, complaints, fines, and geographic coordinates."
HEALTH,HEALTH__FED_VA_ALLCAUSE_MORTALITY,2808,"Leading causes of death among U.S. veterans, 2018-2023 -- death counts, rates, and years of life lost, broken out by veteran group and sex."
HEALTH,HEALTH__FED_VA_SUICIDE_APPENDIX,144,"A raw, not-yet-cleaned-up appendix table of veteran suicide death rates by sex, 2001-2023 -- the column headers weren't parsed, so columns are just numbered."
HEALTH,HEALTH__FED_VA_SUICIDE_NATIONAL,690,"National veteran suicide counts and rates per 100,000 people, by year, veteran group, and age group, with separate numbers for men and women."
HEALTH,HEALTH__FED_VA_SUICIDE_STATE,1196,"Veteran suicide counts and rates per 100,000 people by state and year, compared against the general population's suicide rate."
HEALTH,HEALTH__FQHC_SITE_PEOPLE,239265,"Individual doctors and clinicians matched to the community health center site where they work, cross-checked against the Medicare exclusion and opt-out lists to flag anyone banned or opted out."
HEALTH,HEALTH__HOSPITAL_OFFICER_PAY,526374,"Executive and board pay at nonprofit hospitals, pulled from their tax filings (Form 990) -- each named officer or trustee, their title, hours worked, and total compensation, plus the hospital's total assets and revenue."
HEALTH,HEALTH__INTL_HEALTHCANADA_DPD_DRUG,13383,"Health Canada's drug product registry -- one row per approved drug product with its Canadian drug ID number, brand name, and drug class."
HEALTH,HEALTH__NURSING_HOME_RELIEF_BY_CHAIN,617,"COVID relief money matched up to nursing home chains -- how many of each chain's homes were matched, how much relief money they got, and the chain's average quality rating and fines. Built by combining nursing home rosters with the relief-payment table."
HEALTH,HEALTH__PHARMA_MEAL_CAP_FINGERPRINT,2469,A built analysis flagging drug and device companies whose meal payments to doctors cluster suspiciously just under the $125 reporting threshold -- a sign payments may be kept low on purpose to dodge scrutiny.
HEALTH,HEALTH__SAM_EXCLUDED_PROVIDERS,16144,"People and companies barred from federal contracts or grants (the SAM.gov exclusion list), matched where possible to a healthcare provider's national ID number and name."
HEALTH,HEALTH__ST_OEHHA_PROPOSITION_65_LIST,952,"California's official list of chemicals known to cause cancer or reproductive harm (Prop 65) -- chemical name, registry number, type of harm, and the date it was added to the list."
HEALTH,HEALTH__XC_GUTTMACHER_MONTHLY_ABORTION,2040,"Monthly estimated abortion counts by state, with a low-high range, from the Guttmacher Institute's tracking research."
HEALTH,HEALTH__XC_OWID_LIFE_EXPECTANCY,21565,"Life expectancy at birth by country and year, from Our World in Data."
POLITICS,POLITICS__BILLS,36465,"Every bill introduced in Congress -- its sponsor, title, how far it got, whether it became law, and how many members signed on."
POLITICS,POLITICS__BILL_COSPONSORS,367735,"One row per lawmaker who co-sponsored a bill in Congress -- their name, party, state, and when they signed on or withdrew."
POLITICS,POLITICS__CA_LOBBY_AMENDMENTS,25249,"California lobbying registration paperwork amendments -- lobbyists, employers, and firms added or dropped from a filing."
POLITICS,POLITICS__CA_LOBBY_CHG_LOG,85765,"A change log of edits made to California lobbying registration filings -- who or what changed, and when."
POLITICS,POLITICS__CA_LOBBY_CONTRIBUTIONS,6505,"California-registered lobbyists' reported campaign contributions -- who gave, to which candidate, and how much."
POLITICS,POLITICS__CA_LOBBY_COVER,524828,"Cover pages of California lobbying disclosure filings -- who filed, which firm, filing dates, and a summary of the lobbying activity."
POLITICS,POLITICS__CA_LOBBY_COVER2,206493,Line-item people and firms named on California lobbying disclosure cover pages -- one row per entity listed on a filing.
POLITICS,POLITICS__CA_LOBBY_EMPLOYER,1730,"California lobbying-employer spending totals per legislative session -- how much each employer paid for lobbying, quarter by quarter."
POLITICS,POLITICS__CA_LOBBY_EMPLOYER_FIRMS,524,"Which California lobbying firms were hired by which employers, and when that engagement ended."
POLITICS,POLITICS__CA_LOBBY_EMP_LOBBYIST,1500,"Roster of in-house lobbyists employed directly by California companies or organizations, by legislative session."
POLITICS,POLITICS__CA_LOBBY_FIRM,256,"California lobbying-firm spending totals per legislative session -- how much each firm billed, quarter by quarter."
POLITICS,POLITICS__CA_LOBBY_FIRM_EMPLOYER,170,Billing line items from California lobbying firms to the employers (clients) that hired them.
POLITICS,POLITICS__CA_LOBBY_FIRM_LOBBYIST,577,"Roster of lobbyists working for California lobbying firms, by legislative session."
POLITICS,POLITICS__FEC_CANDIDATE,17900,"Federal Election Commission list of candidates for president, Senate, and House -- name, party, office sought, and status, by election cycle."
POLITICS,POLITICS__FEC_CANDIDATE_SUMMARY,7933,"Money totals for federal candidates -- what they raised, spent, and had left in the bank, by election cycle. The only dollar-amount table for candidates in this batch."
POLITICS,POLITICS__FEC_CAND_CMTE_LINK,16229,Links each federal candidate to the campaign committees authorized to raise and spend money on their behalf.
POLITICS,POLITICS__FEC_COMMITTEE,40945,"Federal Election Commission registry of political committees (PACs, campaign committees, parties) -- name, treasurer, address, type, and party affiliation, by election cycle."
POLITICS,POLITICS__FED_CONGRESS_COMMITTEE_MEMBERSHIP,26970,"Which members of Congress sat on which committees and subcommittees, snapshotted over time, with their rank and title on the committee."
POLITICS,POLITICS__FED_CONGRESS_COMMITTEE_MEMBERSHIP__PREV_20260906,3879,"An earlier saved snapshot (Sept 6, 2026) of Congress committee membership -- same information as the current committee-membership table, kept for comparison."
POLITICS,POLITICS__FED_CONGRESS_LEGISLATORS,12767,"Master roster of members of Congress -- name, birthday, party, state, district, and term dates, plus their ID numbers across a dozen other political databases."
POLITICS,POLITICS__FED_DOJ_EPSTEIN_LIBRARY,777,"Links scraped from the Department of Justice's Epstein-files document library web page -- the link text and the file it points to, not the documents themselves."
POLITICS,POLITICS__FED_EAC_EAVS,6460,"Election Assistance Commission's national survey of how each local election jurisdiction runs elections -- voter registration, mail ballots, polling places, and more, one row per county or jurisdiction. Column names are the survey's own lettered question codes, not decoded here."
POLITICS,POLITICS__FED_FCC_LICENSING,1689338,"FCC radio license records -- who holds each license (call sign), what type of radio service, license status and dates, and the licensee's name and address."
POLITICS,POLITICS__FED_FEC_API,500,"A 500-row test sample pulled from the FEC's live contributions website feed -- individual donor names, employer, amount, and date. Not the full data, a sample for checking shape only."
POLITICS,POLITICS__FED_FEC_PAC_SUMMARY,45709,"Money totals for federal PACs and committees -- total raised, spent, individual vs PAC contributions, and cash on hand, by committee."
POLITICS,POLITICS__FED_FJC_JUDGES,4067,"Biographical and career file on every federal judge -- birth/death info, law school, and up to six court appointments each with nomination, confirmation, and Senate-vote dates. From the Federal Judicial Center's judges database."
POLITICS,POLITICS__FED_FJC_SERVICE,4766,"One row per federal judge per court appointment -- nomination date, confirming Senate vote, and term dates on that specific court."
POLITICS,POLITICS__FED_GOVINFO_BILLSTATUS,107150,"Every bill in Congress with its current status -- sponsor, title, whether it became law, and its most recent action, sourced from the government's official bill-status feed."
POLITICS,POLITICS__FED_GOVINFO_BILLSTATUS__PREV_20260907,107150,"An earlier saved snapshot (Sept 7, 2026) of the government bill-status table -- same information as the current table, kept for comparison."
POLITICS,POLITICS__FED_GOVINFO_BILL_COSPONSORS,1268519,"Every lawmaker who co-sponsored a bill in Congress, from the government's official bill feed -- name, party, state, and when they joined or withdrew."
POLITICS,POLITICS__FED_MEDSL_HOUSE_RETURNS,29636,"US House election results by candidate -- votes received, vote share, and whether it was a special or runoff election, from the MIT Election Data and Science Lab."
POLITICS,POLITICS__FED_MEDSL_PRESIDENT_RETURNS,3740,"Presidential election results by candidate and state -- votes received and vote share, from the MIT Election Data and Science Lab."
POLITICS,POLITICS__FED_MEDSL_SENATE_RETURNS,3945,"US Senate election results by candidate -- votes received, vote share, and whether it was a special election, from the MIT Election Data and Science Lab."
POLITICS,POLITICS__FED_SENATE_EFD_FILINGS,799,"Index of financial disclosure reports filed by US Senators -- filer name, report title, filing type, and a link to the filed document."
POLITICS,POLITICS__FED_SENATE_LDA_LOBBYIST_POSITIONS,140463,"Federal lobbying disclosures filed with the Senate -- which lobbyist worked for which client, on what issue, and whether they previously held a covered government position."
POLITICS,POLITICS__FED_VOTEVIEW_MEMBERS,51061,"Every member of Congress in every Congress, with their ideology score -- a statistical left-right rating built from their votes."
POLITICS,POLITICS__FED_VOTEVIEW_ROLLCALL_META,113512,"Metadata on every roll-call vote taken in Congress -- date, yea/nay counts, the bill it was on, and the vote's result and description."
POLITICS,POLITICS__FJC_APPOINTMENT,4766,"One row per federal judge per court appointment -- nominating president, confirmation vote, and whether they served as chief judge. A cleaned-up version of the Federal Judicial Center's service records."
POLITICS,POLITICS__FJC_JUDGE,4067,"Slimmer roster of federal judges -- name, birth/death year, gender, and race or ethnicity. A cleaned-up version of the Federal Judicial Center's judges table."
POLITICS,POLITICS__FJC_SCOTUS_CROSSWALK,40,Matches Supreme Court justices to their Federal Judicial Center judge record -- lets you connect Supreme Court data to the broader federal judges database.
POLITICS,POLITICS__INTL_ELECTIONS_CANADA_CONTRIBUTIONS,12646465,"Every political contribution reported to Elections Canada -- who gave, to which party, candidate, or committee, how much, and when. Over 12.6 million reported contribution lines."
POLITICS,POLITICS__INTL_FREEDOMHOUSE,2723,"Freedom House's annual 'Freedom in the World' scores for every country and territory -- political-rights and civil-liberties ratings, broken into their component sub-scores."
POLITICS,POLITICS__INTL_OWID_MILSPEND,9112,"Military spending by country and year, from Our World in Data."
POLITICS,POLITICS__INTL_VOETEN_UNGA_VOTES,1823352,"How closely pairs of countries voted together in the UN General Assembly each year, plus each country's estimated ideological position from its voting record."
POLITICS,POLITICS__IRS527_8871_ORGS,77591,"IRS registration filings for section 527 political nonprofits (so-called dark-money groups) -- organization name, address, and who runs it."
POLITICS,POLITICS__IRS527_8872_REPORTS,55579,"Periodic contribution and spending reports filed by section 527 political nonprofits -- totals given and spent, by reporting period."
POLITICS,POLITICS__IRS527_DIRECTORS_OFFICERS,189593,Directors and officers listed on section 527 political nonprofit registration filings -- one row per named person per filing.
POLITICS,POLITICS__IRS527_EAIN,17853,"Election-authority ID numbers that section 527 political nonprofits registered with in each state, from their IRS filings."
POLITICS,POLITICS__IRS527_RELATED_ENTITIES,64835,Other organizations that section 527 political nonprofits declared as related entities on their IRS registration filings.
POLITICS,POLITICS__JCS_MEDIANS,102,"The estimated ideological midpoint of the House, Senate, and Supreme Court for each year -- lets you compare how far apart the branches of government sit."
POLITICS,POLITICS__JUDGE_IDEOLOGY_COA,703,"Ideology scores for federal appeals-court (circuit court) judges, one score per judge per circuit."
POLITICS,POLITICS__JUDGE_IDEOLOGY_SCOTUS,782,"Ideology scores for Supreme Court justices, one score per justice per term."
POLITICS,POLITICS__MEMBER_BILL_RECORD,1104,"Each member of Congress's bill-sponsoring track record -- how many bills they sponsored, how many became law, and their advancement and enactment rates."
POLITICS,POLITICS__MEMBER_CROSSWALK,12794,"Master lookup table matching each member of Congress across a dozen different political ID systems, plus their basic bio and term info."
POLITICS,POLITICS__MEMBER_FEC_ID,1715,"Links each member of Congress to their Federal Election Commission candidate ID, so campaign-finance records can be tied to a specific lawmaker."
POLITICS,POLITICS__MEMBER_INDIV_DONATIONS,1057,"Individual campaign donations received by each member of Congress -- itemized totals, how much was routed through a middleman, and self-funding, by election cycle."
POLITICS,POLITICS__MEMBER_MONEY_RAISED,1050,"How much money each member of Congress's campaign raised and had on hand, by election cycle."
POLITICS,POLITICS__MEMBER_PAC_MONEY,1258,"How much PAC money each member of Congress received, plus outside spending for and against them, by election cycle."
POLITICS,POLITICS__MEMBER_SPINE,12794,"The master list of members of Congress used to tie together all the other Congress tables in this warehouse -- one row per member, with their ideology score and party."
POLITICS,POLITICS__MEMBER_VOTING_RECORD,1105,"Each member of Congress's voting attendance and party-loyalty record -- votes cast versus missed, and how often they voted with their own party."
POLITICS,POLITICS__SCOTUS_JUSTICE,40,"Roster of Supreme Court justices -- years on the bench, whether currently serving, and how many votes and cases are on record for them."
POLITICS,POLITICS__SENATE_TRADES,8350,"Stock and asset trades reported by US Senators -- what they bought or sold, the date, and a rough dollar-amount range, matched to the senator's name."
POLITICS,POLITICS__ST_CANNABIS_POLICY_BUNDLES,1500,"State-by-state marijuana policy tracker, year by year -- whether medical or recreational cannabis was approved and implemented, plus dozens of specific rules like growing limits, taxes, and dispensary rules."
POLITICS,POLITICS__ST_NYC_CFB_CAMPAIGN_2001_CONTRIBUTION,193741,"New York City campaign finance contributions for the 2001 election cycle -- one row per reported donation, with donor name, address, employer, and amount."
POLITICS,POLITICS__ST_NYC_CFB_CAMPAIGN_2009_CONTRIBUTION,146112,"New York City campaign finance contributions for the 2009 election cycle -- one row per reported donation, with donor name, address, employer, and amount."
POLITICS,POLITICS__ST_NYC_CFB_CAMPAIGN_2013_CONTRIBUTION,197968,"New York City campaign finance contributions for the 2013 election cycle -- one row per reported donation, with donor name, address, employer, and amount."
POLITICS,POLITICS__ST_NYC_CFB_CAMPAIGN_2021_CONTRIBUTIONS,457521,"New York City campaign finance contributions for the 2021 election cycle -- one row per reported donation, with donor name, address, employer, and amount."
POLITICS,POLITICS__ST_NYC_CFB_CAMPAIGN_2025_CONTRIBUTIONS,259537,"New York City campaign finance contributions for the 2025 election cycle -- one row per reported donation, with donor name, address, employer, and amount."
POLITICS,POLITICS__TX_LOBBY_AWARDS,1589,"Texas lobbyist spending on awards and mementos given to state officials -- who received what, and roughly how much it cost."
POLITICS,POLITICS__TX_LOBBY_COVER,283803,"Cover sheets of Texas lobbyist activity reports -- who filed, the reporting period, and total spending by category (transportation, food, gifts, entertainment, events, media)."
POLITICS,POLITICS__TX_LOBBY_DOCKETS,1207,"Legislative or agency proceedings Texas lobbyists registered an interest in -- which docket, at which agency."
POLITICS,POLITICS__TX_LOBBY_ENTERTAINMENT,2836,"Texas lobbyist spending on entertainment for state officials -- venue, recipient, and roughly how much it cost."
POLITICS,POLITICS__TX_LOBBY_EVENTS,3107,"Texas lobbyist spending on receptions and ceremonies honoring state officials -- who was honored, who benefited, and what kind of event."
POLITICS,POLITICS__TX_LOBBY_FOOD_BEVERAGE,14452,"Texas lobbyist spending on meals for state officials -- restaurant, recipient, and roughly how much it cost."
POLITICS,POLITICS__TX_LOBBY_GIFTS,4084,"Texas lobbyist spending on gifts to state officials -- who received what, and roughly how much it cost."
POLITICS,POLITICS__TX_LOBBY_INDIVIDUAL_REPORTING,38662,Clients that Texas lobbyist spending was made on behalf of -- one row per client named on a lobbyist's expense report.
POLITICS,POLITICS__TX_LOBBY_SUBJECT_MATTER,209957,Subject areas Texas lobbyists reported working on -- one row per topic listed on a lobbying activity report.
POLITICS,POLITICS__TX_LOBBY_TRANSPORTATION,3697,"Texas lobbyist spending on travel and lodging for state officials -- hotel, flights, dates, and destination."
POLITICS,POLITICS__VOTEVIEW_ROLLCALLS,3364,"Metadata on a subset of roll-call votes in Congress -- date, yea/nay counts, result, and the bill involved."
POLITICS,POLITICS__VOTEVIEW_VOTES,945523,"How each member of Congress voted on each roll call -- one row per member per vote, covering the 118th and 119th Congresses."
POLITICS,POLITICS__WHO_WON,10976,"The winner of every tracked federal election -- office, year, state, winning and runner-up candidate, vote totals, and margin of victory."
POLITICS,POLITICS__XC_JCS_COA,705,"Circuit-court judge ideology scores -- an earlier-stage version of the judge-ideology-COA table, before cleanup."
POLITICS,POLITICS__XC_JCS_MEDIANS,102,"Ideological midpoint of the House, Senate, Supreme Court, and each of the federal appeals circuits, by year -- a more detailed version of the branch-median table."
POLITICS,POLITICS__XC_JCS_SCOTUS,782,"Supreme Court justice ideology scores -- an earlier-stage version of the judge-ideology-SCOTUS table, before cleanup."
POLITICS,POLITICS__XC_OWID_CPI,2312,"Corruption Perceptions Index by country and year, from Our World in Data -- a widely used score of perceived public-sector corruption."
ENVIRONMENT,ENVIRONMENT__EPA_PENALTY_GAP,93808,"Facilities that broke environmental rules repeatedly (EPA's own inspection and violation counts) but paid little or no penalty for it, with location, inspection counts, penalty totals, and the nearby population's minority share."
ENVIRONMENT,ENVIRONMENT__FED_EPA_AIR_EMISSIONS_POLL_RPT_COMBINED_EMISSIONS,10411826,"How much of each air pollutant a facility reported releasing in a given year, from EPA's national air-emissions inventory."
ENVIRONMENT,ENVIRONMENT__FED_EPA_AQS_SITES,20994,"Every EPA air-quality monitor location in the country -- one row per monitor, with its address, land use around it, and the dates it opened and closed."
ENVIRONMENT,ENVIRONMENT__FED_EPA_ECHO,3135554,"EPA's master compliance file: one row per facility with its inspections, violations, penalties paid, and which pollution programs (air, water, hazardous waste, drinking water, toxic release, greenhouse gas) it's enrolled in."
ENVIRONMENT,ENVIRONMENT__FED_EPA_EGRID_PLANT_2022,11974,"Every US power plant in 2022 -- its owner, fuel mix, how much electricity it generated, and how much smog-forming, greenhouse-gas, and toxic pollution (NOx, SO2, CO2, mercury, etc.) it put out."
ENVIRONMENT,ENVIRONMENT__FED_EPA_ENVIROFACTS,5000,"A small 5,000-row test sample pulled from EPA's Envirofacts system -- just toxic-release facility names and locations, not the full dataset; other ID fields are blank. For testing only."
ENVIRONMENT,ENVIRONMENT__FED_EPA_FRS_FACILITIES,5300149,"EPA's master list of every facility it tracks anywhere in its programs -- name, address, county, region, tribal land status, and location, one row per facility."
ENVIRONMENT,ENVIRONMENT__FED_EPA_FRS_FRS_FACILITIES,3277557,"A second, slightly different pull of EPA's facility list (name, address, county, region, location) -- most facilities overlap with the other FRS facility table, but about 85,000 IDs only show up here."
ENVIRONMENT,ENVIRONMENT__FED_EPA_FRS_FRS_NAICS_CODES,2179702,Which industry code (the standard government business-type classification) each EPA-registered facility is filed under.
ENVIRONMENT,ENVIRONMENT__FED_EPA_FRS_FRS_PROGRAM_LINKS,4406498,"Which specific EPA pollution programs (like toxic release, hazardous waste, air permits, water discharge) each registered facility shows up in, with the name and address on file in that program."
ENVIRONMENT,ENVIRONMENT__FED_EPA_FRS_FRS_SIC_CODES,1085211,Which old-style industry code (the pre-NAICS government business classification) each EPA-registered facility is filed under.
ENVIRONMENT,ENVIRONMENT__FED_EPA_GHGRP_EMISSION,346683,"How many tons of greenhouse gas (converted to a single CO2-equivalent number) a facility reported for a given year and gas type, from EPA's mandatory greenhouse-gas reporting program, 2010 onward."
ENVIRONMENT,ENVIRONMENT__FED_EPA_GHGRP_FACILITY,136005,"Facilities that report their greenhouse-gas output to EPA each year -- name, address, location, parent company, and industry code, one row per facility per reporting year."
ENVIRONMENT,ENVIRONMENT__FED_EPA_ICIS_AIR_ICIS_AIR_FACILITIES,279728,"Facilities holding a Clean Air Act permit -- name, address, industry codes, and whether it's currently flagged as a high-priority violator."
ENVIRONMENT,ENVIRONMENT__FED_EPA_ICIS_AIR_ICIS_AIR_FCES_PCES,1779096,"Compliance-check visits (full or partial evaluations) EPA or a state ran on air-permitted facilities, with the date and type of check."
ENVIRONMENT,ENVIRONMENT__FED_EPA_ICIS_AIR_ICIS_AIR_FORMAL_ACTIONS,106009,Formal enforcement actions -- the kind with a dollar penalty attached -- taken against air-permitted facilities.
ENVIRONMENT,ENVIRONMENT__FED_EPA_ICIS_AIR_ICIS_AIR_INFORMAL_ACTIONS,175736,"Informal enforcement actions (warnings, no penalty amount recorded) taken against air-permitted facilities."
ENVIRONMENT,ENVIRONMENT__FED_EPA_ICIS_AIR_ICIS_AIR_POLLUTANTS,948342,"A reference list of the pollutants tracked under the Clean Air Act permit program, with each one's chemical registry number."
ENVIRONMENT,ENVIRONMENT__FED_EPA_ICIS_AIR_ICIS_AIR_PROGRAMS,457581,"Which Clean Air Act sub-programs each permitted facility is enrolled in, and whether that enrollment is currently active."
ENVIRONMENT,ENVIRONMENT__FED_EPA_ICIS_AIR_ICIS_AIR_PROGRAM_SUBPARTS,190980,The specific regulatory subparts of each Clean Air Act program that apply to a given facility's enrollment.
ENVIRONMENT,ENVIRONMENT__FED_EPA_ICIS_AIR_ICIS_AIR_STACK_TESTS,620302,Smokestack emissions tests run at air-permitted facilities -- which pollutants were tested and the pass/fail-style status.
ENVIRONMENT,ENVIRONMENT__FED_EPA_ICIS_AIR_ICIS_AIR_TITLEV_CERTS,499113,"Annual compliance certifications that major air-permitted facilities are required to file, flagging whether they admitted any deviation from their permit."
ENVIRONMENT,ENVIRONMENT__FED_EPA_ICIS_AIR_ICIS_AIR_VIOLATION_HISTORY,102037,"Air-pollution violation history per facility -- which pollutants were involved and the dates the violation was found, escalated, and resolved."
ENVIRONMENT,ENVIRONMENT__FED_EPA_NPDES_ICIS_FACILITIES,1213737,"Facilities that hold a permit to discharge wastewater into rivers, lakes, or the ocean -- name, address, location, and whether the water body it discharges into is already listed as impaired."
ENVIRONMENT,ENVIRONMENT__FED_EPA_NPDES_NPDES_CS_VIOLATIONS,82187,"Wastewater-discharge permit holders that missed a scheduled step on their path to compliance, with the missed deadline and when (if ever) it was resolved."
ENVIRONMENT,ENVIRONMENT__FED_EPA_NPDES_NPDES_FORMAL_ENFORCEMENT_ACTIONS,112373,"Formal enforcement actions against wastewater-discharge permit holders, including the federal and state penalty dollar amounts."
ENVIRONMENT,ENVIRONMENT__FED_EPA_NPDES_NPDES_INFORMAL_ENFORCEMENT_ACTIONS,478855,Informal (no-penalty) enforcement actions against wastewater-discharge permit holders.
ENVIRONMENT,ENVIRONMENT__FED_EPA_NPDES_NPDES_INSPECTIONS,1900067,"Inspections carried out at wastewater-discharge permit holders, with the date and outcome."
ENVIRONMENT,ENVIRONMENT__FED_EPA_NPDES_NPDES_NAICS,326473,The industry code on file for each wastewater-discharge permit.
ENVIRONMENT,ENVIRONMENT__FED_EPA_NPDES_NPDES_PS_VIOLATIONS,397615,Wastewater-discharge permit holders that violated the terms or schedule written into their permit.
ENVIRONMENT,ENVIRONMENT__FED_EPA_NPDES_NPDES_QNCR_HISTORY,7951656,A quarter-by-quarter scorecard of noncompliance for every wastewater-discharge permit -- counts of violation types logged each quarter.
ENVIRONMENT,ENVIRONMENT__FED_EPA_NPDES_NPDES_SE_VIOLATIONS,305445,"One-off violation events (like a specific spill or limit exceedance) reported by wastewater-discharge permit holders, with a comment describing what happened."
ENVIRONMENT,ENVIRONMENT__FED_EPA_NPDES_NPDES_SICS,792807,The old-style industry code on file for each wastewater-discharge permit.
ENVIRONMENT,ENVIRONMENT__FED_EPA_RCRA_ENFORCEMENTS,383519,"Enforcement actions against hazardous-waste handlers, with the proposed and final penalty dollar amounts and any cost-recovery or project amounts attached."
ENVIRONMENT,ENVIRONMENT__FED_EPA_RCRA_EVALUATIONS,1166410,"Compliance inspections of hazardous-waste handlers, with the date and whether the inspector found a violation."
ENVIRONMENT,ENVIRONMENT__FED_EPA_RCRA_FACILITIES,1613224,"Every business or site handling hazardous waste that EPA tracks -- name, address, and whether it's a generator, under full enforcement, or in the compliance-report universe."
ENVIRONMENT,ENVIRONMENT__FED_EPA_RCRA_RCRA_ENFORCEMENTS,383519,"Same hazardous-waste enforcement penalty records as the other RCRA enforcement table, stripped down to just the core fields."
ENVIRONMENT,ENVIRONMENT__FED_EPA_RCRA_RCRA_EVALUATIONS,1166410,"Same hazardous-waste inspection records as the other RCRA evaluations table, stripped down to just the core fields."
ENVIRONMENT,ENVIRONMENT__FED_EPA_RCRA_RCRA_FACILITIES,1613224,"Same hazardous-waste handler list as the other RCRA facilities table, plus flags for whether it's a transporter, still active, or an operating treatment/storage/disposal site."
ENVIRONMENT,ENVIRONMENT__FED_EPA_RCRA_RCRA_NAICS,434734,The industry code on file for each hazardous-waste handler location.
ENVIRONMENT,ENVIRONMENT__FED_EPA_RCRA_RCRA_VIOLATIONS,708114,"Same hazardous-waste violation records as the other RCRA violations table, stripped down to just the core fields."
ENVIRONMENT,ENVIRONMENT__FED_EPA_RCRA_RCRA_VIOSNC_HISTORY,2675581,"Same month-by-month hazardous-waste violation/serious-noncompliance status history as the other RCRA history table, stripped down to just the core fields."
ENVIRONMENT,ENVIRONMENT__FED_EPA_RCRA_VIOLATIONS,708114,"Hazardous-waste violations found at handler sites, with the type, the date it was determined, and the date (if any) it was fixed."
ENVIRONMENT,ENVIRONMENT__FED_EPA_RCRA_VIOSNC_HISTORY,2675581,"A month-by-month record of whether each hazardous-waste handler was in violation, or in serious ongoing violation, of the rules."
ENVIRONMENT,ENVIRONMENT__FED_EPA_SDWA_SDWA_EVENTS_MILESTONES,394075,"Scheduled compliance steps and milestones for public drinking-water systems working through a violation, with due dates and actual completion dates."
ENVIRONMENT,ENVIRONMENT__FED_EPA_SDWA_SDWA_FACILITIES,1554832,"The individual wells, treatment plants, and other physical facilities that make up each public drinking-water system, with water source type and filtration status."
ENVIRONMENT,ENVIRONMENT__FED_EPA_SDWA_SDWA_GEOGRAPHIC_AREAS,578198,"The cities, counties, zip codes, and tribal areas each public drinking-water system actually serves."
ENVIRONMENT,ENVIRONMENT__FED_EPA_SDWA_SDWA_LCR_SAMPLES,927415,"Lead and copper test results drawn from public drinking-water systems' taps, with the contaminant, measured level, and sample dates."
ENVIRONMENT,ENVIRONMENT__FED_EPA_SDWA_SDWA_PN_VIOLATION_ASSOC,387627,Links each case where a drinking-water system failed to notify the public of a problem to the underlying violation that triggered the notice requirement.
ENVIRONMENT,ENVIRONMENT__FED_EPA_SDWA_SDWA_PUB_WATER_SYSTEMS,434040,"The master list of public drinking-water systems in the country -- name, location, population served, owner type, and contact info, one row per system."
ENVIRONMENT,ENVIRONMENT__FED_EPA_SDWA_SDWA_SITE_VISITS,2495249,"Inspection visits to public drinking-water systems, rated across categories like source water, security, treatment, distribution, and finances."
ENVIRONMENT,ENVIRONMENT__FED_EPA_SDWA_SDWA_VIOLATIONS_ENFORCEMENT,15432737,"Drinking-water rule violations for public water systems -- the contaminant involved, whether it's a health-based limit, and any enforcement action and penalty that followed."
ENVIRONMENT,ENVIRONMENT__FED_EPA_SUPERFUND_SITE_BOUNDARIES,2114,"Mapped boundary and feature outlines for Superfund toxic-waste sites, with the site's name, National Priorities List status, address, and contact info."
ENVIRONMENT,ENVIRONMENT__FED_EPA_TRI_BASIC_2023,78647,"2023 Toxics Release Inventory data: how much of each specific chemical a facility released or shipped off-site that year, broken down by air, water, land, and disposal method."
ENVIRONMENT,ENVIRONMENT__FED_EPA_TRI_FACILITY,64990,"Every facility required to report toxic chemical releases to EPA -- name, address, parent company (US and foreign), and location, one row per facility."
ENVIRONMENT,ENVIRONMENT__FED_FRACFOCUS_DISCLOSURE_LIST,248835,"One row per oil or gas well hydraulic-fracturing job disclosed to FracFocus -- the operator, well ID, location, job dates, and how much water and other fluid was used."
ENVIRONMENT,ENVIRONMENT__FED_FRACFOCUS_REGISTRY,7200550,"The individual chemical ingredients used in each hydraulic-fracturing job disclosed to FracFocus, with the chemical ID number and how much was used -- though many chemical ID numbers are hidden as trade secrets."
ENVIRONMENT,ENVIRONMENT__FED_FRACFOCUS_WATER_SOURCE,23747,"Where the water for each hydraulic-fracturing job disclosed to FracFocus came from, and what share of the job's total water it supplied."
ENVIRONMENT,ENVIRONMENT__FED_NID_DAMS,92766,"Every dam in the Army Corps of Engineers' national dam inventory -- owner, hazard rating if it failed, condition, last inspection date, height, and how much water it can hold."
ENVIRONMENT,ENVIRONMENT__FED_NOAA_STORM_EVENTS,1780730,"Individual storm and severe-weather events (tornadoes, floods, hail, etc.) logged by the National Weather Service, with location, time, injuries, deaths, and dollar damage to property and crops."
ENVIRONMENT,ENVIRONMENT__FED_NOAA_WEATHER_API,287,"A small snapshot of live weather alerts and station readings (temperature, wind) pulled from the National Weather Service's public feed -- a point-in-time grab, not a running history."
ENVIRONMENT,ENVIRONMENT__FED_PHMSA_FLAGGED_INCIDENTS,2039,"Serious pipeline incidents (gas pipelines only) since 2010 -- the operator, location, what leaked, how much, and any deaths or injuries."
ENVIRONMENT,ENVIRONMENT__FED_USCG_NRC_INCIDENTS,1029020,"Pollution and chemical-spill calls made to the Coast Guard's National Response Center -- who reported it, the type of call, and when it came in and was closed out."
ENVIRONMENT,ENVIRONMENT__FED_USCG_NRC_INCIDENT_REPORTS,116662,"A second, smaller pull of the same Coast Guard pollution-spill call log, with a few unlabeled extra columns the publisher never explained."
ENVIRONMENT,ENVIRONMENT__FED_USGS_MINERALS,304632,"Mineral production and reserve statistics by country and year, combined with individual mine and mineral-deposit site records (location, ore type, geology) from the US Geological Survey."
ENVIRONMENT,ENVIRONMENT__FED_USGS_ORPHANED_OIL_GAS_WELLS,117672,"Old oil and gas wells with no responsible owner left to plug them, tracked by the US Geological Survey -- well ID, state, county, type, status, and location."
ENVIRONMENT,ENVIRONMENT__FED_USGS_WATER,6456952,"Individual water measurements (streamflow, groundwater level, or water-quality readings) from US Geological Survey monitoring sites, with the parameter measured, the value, and when it was taken."
ENVIRONMENT,ENVIRONMENT__FED_USGS_WBD_HUC8,2456,"The US Geological Survey's index of watershed boundaries -- one row per named watershed, with the states it spans and its area. Used to link other environmental data by watershed."
ENVIRONMENT,ENVIRONMENT__FED_WQP_MONITORING_STATIONS,5818,"Surface- and ground-water monitoring stations tracked by the Water Quality Portal -- the organization running it, station type, watershed, location, and well/aquifer details if it's a groundwater well."
ENVIRONMENT,ENVIRONMENT__INTL_GEM_HAZARD,12,"Earthquake shaking-hazard estimates by location, from the Global Earthquake Model -- a handful of summary rows, not a detailed site-by-site catalog."
ENVIRONMENT,ENVIRONMENT__INTL_GLOBAL_WITNESS_DEFENDERS,232,"People killed or attacked worldwide for defending land or the environment, tracked by Global Witness -- name, country, year, what happened, and who was responsible."
ENVIRONMENT,ENVIRONMENT__XC_EPA_CORPORATE_CROSSWALK,5300149,"A built match-up linking EPA-registered facilities to the corporate entity that owns them -- parent company name, corporate ID numbers, and how confident the match is."
ENVIRONMENT,ENVIRONMENT__XC_OWID_CO2,29384,"Yearly carbon dioxide emissions by country, from Our World in Data."
ENVIRONMENT,ENVIRONMENT__XC_OWID_FOSSIL_SHARE,6379,"What share of a country's energy came from fossil fuels each year, from Our World in Data."
ENVIRONMENT,ENVIRONMENT__XC_OWID_TEMP_ANOMALY,531,"How far a country or the globe's average temperature strayed from normal each year, with the estimated error range, from Our World in Data."
JUSTICE,JUSTICE__COUNTY_DOUBLE_BURDEN,3029,"One row per US county comparing its drug overdose death rate to its jail incarceration rate, with a flag for counties that rank in the worst 10% on both at once."
JUSTICE,JUSTICE__FED_ATF_FFL,77514,"Every business licensed by the ATF to sell or manufacture firearms, one row per license, with the business name, owner name, address, phone, and map coordinates."
JUSTICE,JUSTICE__FED_BOP_STATISTICS,50,"Federal Bureau of Prisons population statistics, one row per reported metric (like a facility-type headcount) with its value, unit, and report date."
JUSTICE,JUSTICE__FED_CISA_KEV,1674,"The US government's catalog of software security flaws known to be actively exploited by hackers, with the product affected, when it was added, the fix required, and whether ransomware gangs are using it."
JUSTICE,JUSTICE__FED_CONSOLIDATED_SCREENING_LIST,25988,"The US government's merged blacklist of people, companies, and ships banned from exports or blocked over sanctions, combined from 13 separate federal lists into one row per entry."
JUSTICE,JUSTICE__FED_COURTLISTENER_COURTHOUSES,3361,"Physical addresses of federal courthouse buildings, one row per courthouse, with city, county, state, zip, and which court sits there."
JUSTICE,JUSTICE__FED_COURTLISTENER_COURTS,3361,"The list of federal courts CourtListener tracks, one row per court, with its name, jurisdiction, active dates, and cross-reference IDs to other federal court databases."
JUSTICE,JUSTICE__FED_COURTLISTENER_COURT_APPEALS_TO,8,A tiny lookup table showing which court's rulings get appealed to which higher court.
JUSTICE,JUSTICE__FED_COURTLISTENER_DISCLOSURE_AGREEMENTS,10007,"Business or financial agreements disclosed by federal judges on their required yearly financial disclosure forms, one row per agreement, with the parties and terms (redacted where the judge withheld it)."
JUSTICE,JUSTICE__FED_COURTLISTENER_DISCLOSURE_DEBTS,18775,"Debts owed by federal judges, one row per debt, as reported on their yearly financial disclosure forms, with the creditor's name and a description."
JUSTICE,JUSTICE__FED_COURTLISTENER_DISCLOSURE_GIFTS,2025,"Gifts received by federal judges, one row per gift, as reported on their yearly financial disclosure forms, with who gave it and a description."
JUSTICE,JUSTICE__FED_COURTLISTENER_DISCLOSURE_NON_INVESTMENT_INCOME,15302,"Outside income (not from investments, e.g. speaking fees or royalties) reported by federal judges on their yearly financial disclosure forms, one row per income source."
JUSTICE,JUSTICE__FED_COURTLISTENER_DISCLOSURE_POSITIONS,37050,"Outside jobs, board seats, or positions held by federal judges, one row per position, as reported on their yearly financial disclosure forms."
JUSTICE,JUSTICE__FED_COURTLISTENER_DISCLOSURE_REIMBURSEMENTS,33472,"Travel or expenses paid for federal judges by outside parties, one row per reimbursement, with who paid, where, and for what, from their financial disclosure forms."
JUSTICE,JUSTICE__FED_COURTLISTENER_DISCLOSURE_SPOUSAL_INCOME,20174,"Income earned by a federal judge's spouse, one row per income source, as reported on the judge's yearly financial disclosure form."
JUSTICE,JUSTICE__FED_COURTLISTENER_FINANCIAL_DISCLOSURES,66287,"The federal judges' yearly financial disclosure filings themselves, one row per filing document, with the year, page count, report type, and whether it was later amended."
JUSTICE,JUSTICE__FED_COURTLISTENER_FJC_IDB_CL_LINKED,10323280,"Federal court case records, one row per case filed in a US District Court, with docket number, filing date, plaintiff, defendant, what the case was about, and how it ended."
JUSTICE,JUSTICE__FED_COURTLISTENER_INVESTMENTS,1901599,"Individual stock holdings and trades reported by federal judges on their financial disclosure forms, one row per investment, with a description, value, and any transaction made."
JUSTICE,JUSTICE__FED_COURTLISTENER_JUDGES,16191,"A biographical profile of each federal judge tracked by CourtListener, one row per judge, with birth and death details, gender, and religion where known."
JUSTICE,JUSTICE__FED_COURTLISTENER_JUDGE_EDUCATIONS,12777,"Which school each federal judge attended and what degree they earned there, one row per degree."
JUSTICE,JUSTICE__FED_COURTLISTENER_JUDGE_POLITICAL_AFFILIATIONS,8486,"The political party each federal judge has been affiliated with over time, one row per affiliation period, with start and end dates."
JUSTICE,JUSTICE__FED_COURTLISTENER_JUDGE_RACES,6542,"Links each federal judge to a race or ethnicity code, one row per judge-race link."
JUSTICE,JUSTICE__FED_COURTLISTENER_OPINION_CLUSTERS,10070727,"Federal and state court opinions (written rulings), one row per published decision, with the case name, judges, a summary, disposition, and how many times it's been cited by later cases."
JUSTICE,JUSTICE__FED_COURTLISTENER_ORAL_ARGUMENTS,102649,"Audio recordings of oral arguments heard in federal court cases, one row per recording, with the case name, judges present, an audio file link, and a speech-to-text transcript where available."
JUSTICE,JUSTICE__FED_COURTLISTENER_ORIGINATING_COURT_INFO,973419,"Lower-court details for cases that were appealed, one row per case, showing which judge handled it below and when it was filed, disposed, and judged there."
JUSTICE,JUSTICE__FED_COURTLISTENER_PARENTHETICALS,6408887,"Short summaries courts write when one ruling cites another, one row per citation, with the quoted text and which opinion is describing which."
JUSTICE,JUSTICE__FED_COURTLISTENER_POSITIONS,51290,"Every job or appointment a federal judge has held, one row per position, including the nomination, Senate confirmation vote, and start/end dates for judicial seats."
JUSTICE,JUSTICE__FED_COURTLISTENER_RACE_CODES,8,A tiny lookup table translating a numeric race code into its name.
JUSTICE,JUSTICE__FED_COURTLISTENER_SCHOOLS,6011,"The list of schools and universities that federal judges attended, one row per school."
JUSTICE,JUSTICE__FED_DOJ_FCA_SETTLEMENTS,12,"Department of Justice settlements under the False Claims Act (fraud against the government), one row per settlement, with the company or person, the case, the dollar amount, and whether a whistleblower (qui tam relator) was involved."
JUSTICE,JUSTICE__FED_FBI_CDE,238680,"The FBI's Crime Data Explorer figures: reported crimes and how many got solved, broken down by state, type of offense, and month, going back to 1985, as counts and rates per 100,000 people."
JUSTICE,JUSTICE__FED_FBI_NICS_CHECKS,16445,"FBI background-check counts for gun purchases, one row per state per month, broken out by handgun, long gun, and other categories."
JUSTICE,JUSTICE__FED_FDIC_ENFORCEMENT_ORDERS,10838,"FDIC enforcement actions against banks and bank employees, one row per order, with the bank name, the type of order (fine, cease-and-desist, ban), and the penalty and restitution dollar amounts."
JUSTICE,JUSTICE__FED_FHFA_SUSPENDED_COUNTERPARTIES,222,"People and companies banned from doing business with Fannie Mae, Freddie Mac, and the Federal Home Loan Banks, one row per ban, with when it started and (usually undated) when it ends."
JUSTICE,JUSTICE__FED_FJC_ARTICLE_III_JUDGES,4074,"The Federal Judicial Center's full roster of every lifetime-appointed federal judge, one row per judge, with their entire career history: every court they sat on, every nomination and Senate vote, their schooling, and birth/death details."
JUSTICE,JUSTICE__FED_FJC_IDB_APPELLATE,988183,"The Federal Judicial Center's record of appeals filed in the US Courts of Appeals, one row per appeal case, with the circuit, the parties, the type of appeal, and how it was decided."
JUSTICE,JUSTICE__FED_FJC_IDB_BANKRUPTCY,6965441,"The Federal Judicial Center's record of bankruptcy cases filed in federal court, one row per case, with the filing date, chapter filed under, debtor's location, and estimated assets, liabilities, and debt discharged."
JUSTICE,JUSTICE__FED_FJC_IDB_CIVIL,10857396,"The Federal Judicial Center's record of civil lawsuits filed in US District Courts, one row per case, with the parties, what the suit was about, the amount demanded, and how it ended."
JUSTICE,JUSTICE__FED_FJC_IDB_CRIMINAL,6299908,"The Federal Judicial Center's record of individual defendants prosecuted in US District Courts, one row per defendant, with the charges, the judge, the disposition, prison time, probation, and fines."
JUSTICE,JUSTICE__FED_FTC_DATASETS,1004,"Federal Trade Commission enforcement cases, one row per case, with the company or person named, the topic, filing date, and current status."
JUSTICE,JUSTICE__FED_JPML_PENDING_MDLS,162,"Cases the Judicial Panel on Multidistrict Litigation has grouped into a single pending multidistrict lawsuit, one row per grouped lawsuit, with the district, judge, and how many individual suits are pending versus filed in total."
JUSTICE,JUSTICE__FED_OFAC_SDN,19114,"The US Treasury's Specially Designated Nationals list, one row per person, company, or ship blocked from the US financial system under a sanctions program, with the program name and, for ships, vessel details."
JUSTICE,JUSTICE__FED_SCDB,83644,"The Supreme Court Database: one row per justice's vote in a case, with the case name, citations, decision date, which side won, the legal issue, and how each justice voted."
JUSTICE,JUSTICE__INTL_AUSTLII,1,"Australian legal case documents from the AustLII database, meant to hold case text, parties, and citations; currently just a single row, effectively empty."
JUSTICE,JUSTICE__INTL_EURLEX_CELLAR,13,"European Union legal documents and regulations from the EUR-Lex database, one row per document, with its title, type, author, publication date, and whether it's still in force; only 13 rows loaded so far."
JUSTICE,JUSTICE__INTL_EU_SANCTIONS,42347,"The European Union's financial sanctions list, with the names, addresses, birth details, nationality, and ID numbers of people and organizations sanctioned by the EU, spread across repeated name/address/birth blocks per entity."
JUSTICE,JUSTICE__INTL_EU_SOCTA_EUROPOL,26,"Europol's published threat-assessment reports on organized crime in Europe, one row per report (title, year, publisher, download link) — this holds the report listings, not the crime data inside them."
JUSTICE,JUSTICE__INTL_HUDOC,2000,"European Court of Human Rights case rulings, one row per case, with the country involved, the judgment date, which articles of the human rights convention were at issue, and whether a violation was found."
JUSTICE,JUSTICE__INTL_NTI_CNS_DPRK_MISSILE_TESTS,303,"North Korean missile test records tracked by the Nuclear Threat Initiative, one row per test, with the missile type, launch site, launch agency, and outcome."
JUSTICE,JUSTICE__INTL_OPENSANCTIONS,71011,"Global watchlist entries from OpenSanctions, one row per flagged person or company, with names, aliases, birth date, countries, addresses, and which sanctions program flagged them — drawn from one specific source dataset."
JUSTICE,JUSTICE__INTL_OPENSANCTIONS_DEFAULT,1281846,"OpenSanctions' full worldwide combined watchlist of over a million sanctioned or politically exposed people, companies, ships, planes, and crypto wallets, deduplicated to one row per target."
JUSTICE,JUSTICE__INTL_UCDP_GED,385918,"The Uppsala Conflict Data Program's record of individual violent events in wars and conflicts worldwide, one row per event, with the location, date, who fought, and estimated death toll."
JUSTICE,JUSTICE__INTL_UK_SANCTIONS_LIST,58336,"The UK government's official financial sanctions list, one row per name or entity record, with people, companies, and ships banned from UK financial dealings, their sanctions regime, address, and (for ships) vessel details."
JUSTICE,JUSTICE__RACIAL_JAIL_DISPARITY,128507,"County-by-year comparison of jail incarceration rates between Black, white, and Latino residents, one row per county-year, built to show the size of the racial gap in each county over time."
JUSTICE,JUSTICE__STATE_MO_SEX_OFFENDER_REGISTRY,28167,"Missouri's public sex offender registry, one row per registrant-offense, with name, address, county, offense, compliance status, and registration tier, as published by the Missouri State Highway Patrol."
JUSTICE,JUSTICE__XC_MAPPING_POLICE_VIOLENCE,15476,"A combined tracker of people killed by police in the US, one row per death, with the victim's name, age, race, what happened, whether officers were charged, and neighborhood demographics where it occurred."
JUSTICE,JUSTICE__XC_NAGIX_DPRK_MISSILE_TESTS,340,"Another tracker of North Korean missile tests, one row per launch, with the missile name, launch facility, flight distance, and outcome."
JUSTICE,JUSTICE__XC_OWID_HOMICIDE,4912,"Our World in Data's homicide rate by country and year, one row per country-year."
JUSTICE,JUSTICE__XC_OWID_NUCLEAR_WARHEADS,902,"Our World in Data's count of nuclear warheads held by each country, one row per country-year."
JUSTICE,JUSTICE__XC_OWID_TERRORISM_DEATHS,10481,"Our World in Data's count of deaths from terrorism by country and year, one row per country-year."
JUSTICE,JUSTICE__XC_RANSOMWARELIVE_VICTIMS,30661,"Organizations that ransomware gangs have publicly claimed as victims, one row per claimed victim, tracked from ransomware leak-site posts, with the gang's name, the victim's website, and country."
JUSTICE,JUSTICE__XC_UK_SANCTIONS_LIST,33828,"The UK's consolidated financial sanctions list, one row per name variant, with people, companies, and ships under UK sanctions, their sanctions regime, and designation date."
JUSTICE,JUSTICE__XC_UN_CONSOLIDATED_SANCTIONS_LIST,1011,"The United Nations Security Council's consolidated sanctions list, one row per designated person or organization, with names, nationality, and the date they were listed."
JUSTICE,JUSTICE__XC_VERA_INCARCERATION_TRENDS,128507,"The Vera Institute's county-by-year jail and prison population figures broken down by race and gender, one row per county-year, covering population counts, admissions, discharges, and rates over time."
JUSTICE,JUSTICE__XC_WAPO_FATAL_FORCE,10430,"The Washington Post's database of people fatally shot by police, one row per shooting, with the victim's name, age, race, location, and circumstances like whether they were armed or a body camera was present."
FINANCE,FINANCE__FED_CFTC_COT_FINANCIAL_HIST,4615,"Weekly snapshot of who is betting long or short in financial futures markets (currencies, interest rates, stock indexes) - broken out by dealer banks, asset managers, hedge funds, and other big traders, from the CFTC's Commitment of Traders report."
FINANCE,FINANCE__FED_EPA_ICIS_FEC_CASE_ENFORCEMENT_CONCLUSION_FACILITIES,150866,"EPA enforcement case conclusions matched to the facilities involved - case numbers linked to the plant or site name, city, state, and zip where the violation happened."
FINANCE,FINANCE__FED_EPA_ICIS_FEC_CASE_FACILITIES,204019,"EPA enforcement case records linked to facilities - case number, facility name and street address, plus its industry classification codes."
FINANCE,FINANCE__FED_EPA_ICIS_FEC_EPA_INFORMAL_ENFORCEMENT_ACTIONS,21930,"EPA informal enforcement actions (warnings or notices short of a full legal case) - which agency issued it, the action type, the law violated, and the date it was resolved."
FINANCE,FINANCE__FED_EPA_ICIS_FEC_ICIS_FEC_EPA_INSPECTIONS,260556,"EPA facility inspection records - which site was inspected, under what environmental law, by which agency, and the inspection's start and end dates."
FINANCE,FINANCE__FED_FATCA_FFI,516298,"List of foreign banks, funds, and financial institutions registered with the IRS for FATCA foreign-account tax reporting, with each one's ID number and country."
FINANCE,FINANCE__FED_FDIC_BANK_DATA,27836,"A partial test slice (not the complete list) of FDIC-insured banks and their profile info - name, location, assets, deposits, net income, charter type, and parent holding company."
FINANCE,FINANCE__FED_FDIC_SOD_BRANCH_DEPOSITS,2822977,"Every bank branch in the country by survey year, with its address and how much money was deposited there - plus the parent bank's name, total assets, and total deposits."
FINANCE,FINANCE__FED_FEC_BULK,20938,"Federal Election Commission roster of political committees - PACs, party committees, campaign committees - with name, treasurer, address, party affiliation, and the candidate it's tied to."
FINANCE,FINANCE__FED_FEC_BULK_COMMITTEES,20007,"Same FEC committee roster as the bulk file, but repeated per two-year election cycle - one row per committee per cycle."
FINANCE,FINANCE__FED_FEC_CANDIDATES,27095,"Every candidate registered with the FEC - name, party, the office and state or district they're running for, election year, and current status."
FINANCE,FINANCE__FED_FEC_CAND_CMTE_LINKAGE,30536,Links each FEC candidate to the campaign committee(s) authorized to raise and spend money on their behalf.
FINANCE,FINANCE__FED_FEC_COMMITTEES,60031,"FEC master list of political committees - PACs and party committees - with name, treasurer, address, type, party affiliation, and the candidate they're linked to."
FINANCE,FINANCE__FED_FEC_COMMITTEE_TO_CANDIDATE,866730,"Money that political committees gave to candidates or other committees - one row per transfer, with the amount, date, transaction type, and who received it."
FINANCE,FINANCE__FED_FEC_INDEPENDENT_EXPENDITURES,276183,"Independent expenditures - money spent by outside groups, not the campaigns themselves, to support or oppose a specific candidate - with amount, date, purpose, and who got paid."
FINANCE,FINANCE__FED_FEC_INDEPENDENT_EXPENDITURES__PREV_20260906,261033,"Same independent-expenditure records as above, but the version saved before the September 6, 2026 data reload - a backup snapshot, not the live table."
FINANCE,FINANCE__FED_FEC_INDIV_CONTRIBUTIONS,283771819,"Itemized donations from individual people to political committees - donor name, city and state, employer, occupation, amount, and date of each gift."
FINANCE,FINANCE__FED_FEC_INDIV_CONTRIBUTIONS__PREV_20260906,84172112,"Same individual-donation records as above, but the version saved before the September 6, 2026 data reload - a backup snapshot, not the live table."
FINANCE,FINANCE__FED_FEC_LEADERSHIP_PAC,8619,Links each leadership PAC - a fund a sitting politician controls to help other candidates - to the officeholder or candidate who runs it.
FINANCE,FINANCE__FED_FHFA_FHLB_MEMBERSHIP,6327,"Roster of every bank, credit union, or insurer that belongs to a Federal Home Loan Bank - its district, member type, charter type, and ID numbers with other regulators."
FINANCE,FINANCE__FED_FINRA_MPID_LIST,4215,"List of broker-dealers registered with FINRA to trade on Nasdaq and related exchanges, with their market participant ID and which exchanges they belong to."
FINANCE,FINANCE__FED_IRS527_SCHEDULE_A_CONTRIBUTIONS,9701952,"Donations given to IRS-registered '527' political organizations - donor name, address, employer, occupation, amount, and date, tied to the organization that received it."
FINANCE,FINANCE__FED_IRS527_SCHEDULE_B_EXPENDITURES,8191177,"Money spent by IRS-registered '527' political organizations - who was paid, how much, when, and for what purpose."
FINANCE,FINANCE__FED_IRS_SOI,179796,"IRS tax-return statistics rolled up by zip code and income bracket - counts of returns, total wages, tax paid, and credits claimed for each area and income group."
FINANCE,FINANCE__FED_MSRB_REGISTRANTS,925,"Directory of firms registered with the Municipal Securities Rulemaking Board to deal in or advise on municipal bonds - firm name, state, and registrant type."
FINANCE,FINANCE__FED_NCUA_CALL_REPORTS_FOICU,4336,"Roster of federally insured credit unions as of the 2026 first-quarter reporting cycle - name, address, charter type, region, and key dates for each one."
FINANCE,FINANCE__FED_NCUA_CALL_REPORTS_FS220,4336,"Detailed balance-sheet numbers for every federally insured credit union in the 2026 first-quarter cycle - hundreds of specific financial line items, including total assets, per credit union."
FINANCE,FINANCE__FED_NCUA_CHARTER_MERGER_EVENTS,27,"Record of credit union mergers - which credit union absorbed which, their locations and asset sizes, and the stated reason for the merger."
FINANCE,FINANCE__FED_NCUA_FEDERALLY_INSURED_CU_LIST,4250,"Directory of federally insured credit unions with quarterly financial snapshots - members, assets, loans, deposits, and growth rates for each one."
FINANCE,FINANCE__FED_OCC_NATIONAL_BANKS,724,"List of currently active nationally chartered banks - name, headquarters location, and cross-reference IDs to FDIC and Federal Reserve records."
FINANCE,FINANCE__FED_OCC_THRIFTS,218,"List of currently active federal savings associations (thrifts) - name, headquarters location, and cross-reference IDs to FDIC and Federal Reserve records."
FINANCE,FINANCE__FED_PCAOB_FORM_AP_FILINGS,155384,"Audit disclosure filings naming which accounting firm and which specific partner audited a public company's books, one row per filing."
FINANCE,FINANCE__FED_SEC_13F_FILERS,344109,"SEC Form 13F filer registrations - large investment managers who report their stock holdings - with their name, address, and filing details."
FINANCE,FINANCE__FED_SEC_13F_SUBMISSION,3822885,"The actual stock holdings reported in SEC Form 13F filings - which company's shares, how many shares, their value, and who controls the voting rights, per big investment manager."
FINANCE,FINANCE__FED_SEC_13F_SUBMISSIONS,336124,"Index of SEC Form 13F filing submissions - one row per filing, with the filer's ID, filing date, and the reporting period it covers."
FINANCE,FINANCE__FED_SEC_BUSINESS_DEVELOPMENT_COMPANY_REPORT,212,"Registration info for SEC-registered business development companies (funds that invest in small or growing businesses) - name, address, and filing date."
FINANCE,FINANCE__FED_SEC_CLOSED_END_FUND_INFORMATION,973,"Registration info for SEC-registered closed-end funds (publicly traded investment funds) - name, address, and filing date."
FINANCE,FINANCE__FED_SEC_DERA_SUB_2024Q1,6028,"Index of company financial-statement filings (10-Ks, 10-Qs, and similar) submitted to the SEC in the first quarter of 2024 - company name, address, industry code, and filing dates."
FINANCE,FINANCE__FED_SEC_DERA_SUB_2024Q2,7675,"Index of company financial-statement filings (10-Ks, 10-Qs, and similar) submitted to the SEC in the second quarter of 2024 - company name, address, industry code, and filing dates."
FINANCE,FINANCE__FED_SEC_DERA_SUB_2024Q3,6699,"Index of company financial-statement filings (10-Ks, 10-Qs, and similar) submitted to the SEC in the third quarter of 2024 - company name, address, industry code, and filing dates."
FINANCE,FINANCE__FED_SEC_DERA_SUB_2024Q4,6491,"Index of company financial-statement filings (10-Ks, 10-Qs, and similar) submitted to the SEC in the fourth quarter of 2024 - company name, address, industry code, and filing dates."
FINANCE,FINANCE__FED_SEC_DERA_SUB_2025Q1,6231,"Index of company financial-statement filings (10-Ks, 10-Qs, and similar) submitted to the SEC in the first quarter of 2025 - company name, address, industry code, and filing dates."
FINANCE,FINANCE__FED_SEC_DERA_SUB_2025Q2,7009,"Index of company financial-statement filings (10-Ks, 10-Qs, and similar) submitted to the SEC in the second quarter of 2025 - company name, address, industry code, and filing dates."
FINANCE,FINANCE__FED_SEC_DERA_SUB_2025Q3,6541,"Index of company financial-statement filings (10-Ks, 10-Qs, and similar) submitted to the SEC in the third quarter of 2025 - company name, address, industry code, and filing dates."
FINANCE,FINANCE__FED_SEC_DERA_SUB_2025Q4,6304,"Index of company financial-statement filings (10-Ks, 10-Qs, and similar) submitted to the SEC in the fourth quarter of 2025 - company name, address, industry code, and filing dates."
FINANCE,FINANCE__FED_SEC_DERA_SUB_2026Q1,6169,"Index of company financial-statement filings (10-Ks, 10-Qs, and similar) submitted to the SEC in the first quarter of 2026 - company name, address, industry code, and filing dates."
FINANCE,FINANCE__FED_SEC_EDGAR_COMPANY_TICKERS_EXCHANGE,10398,"Reference list matching each public company's SEC filer ID to its stock ticker symbol, company name, and the exchange it trades on."
FINANCE,FINANCE__FED_SEC_EDGAR_FINANCIALS,55635,"Index of company financial-statement filings submitted to the SEC across quarters - company name, address, industry code, filing type, and filing dates, with the source file it came from."
FINANCE,FINANCE__FED_SEC_EDGAR_INSIDERS,69259,"Index of insider-trading disclosure filings (Forms 3 and 4) - which company's insider filed, when, and whether they reported owning zero securities."
FINANCE,FINANCE__FED_SEC_INSIDER_DERIV_TRANS,1049121,"Corporate insiders' trades in derivative securities like stock options - what was traded, price, date, and how many shares the insider held afterward."
FINANCE,FINANCE__FED_SEC_INSIDER_NONDERIV_TRANS,2672841,"Corporate insiders' trades in plain company stock, not options - shares bought or sold, price, date, and how many shares the insider held afterward."
FINANCE,FINANCE__FED_SEC_INSIDER_REPORTINGOWNER,1934673,"Identifies who each corporate insider is - name, job title, relationship to the company (officer, director, large owner), and address."
FINANCE,FINANCE__FED_SEC_INSIDER_SUBMISSION,1772088,"Header info for each insider-trading disclosure filing - which company, filing and reporting-period dates, document type, and any explanatory remarks."
FINANCE,FINANCE__FED_SEC_INVESTMENT_COMPANY_SERIES_CLASS,43123,"Registry of every mutual fund and investment-company series and share class - fund name, class name, ticker, and the registrant's address."
FINANCE,FINANCE__FED_SEC_MONEY_MARKET_FUND_INFORMATION,1206,"Monthly roster of money market funds - fund name, share class, ticker, and the investment advisor (and sub-advisor) managing it."
FINANCE,FINANCE__FED_SENATE_EFD_PTR,6855,"Senators' official stock-trade disclosures (Periodic Transaction Reports) - which senator, what they bought or sold, the asset, transaction date, and dollar range."
FINANCE,FINANCE__FED_SENATE_STOCK_WATCHER,8350,"Senators' stock trades as tracked by the Senate Stock Watcher project - senator name, asset traded, transaction type, date, and dollar amount range."
FINANCE,FINANCE__INTL_ISO_MIC_REGISTRY,2864,"Worldwide registry of stock exchanges and trading venues - each one's official code, legal operating company, country, and status."
FINANCE,FINANCE__INTL_OSFI_REGULATED_FI,343,"Canada's list of federally regulated financial institutions - banks, insurers, trust and loan companies - with type, group, and head-office address."
FINANCE,FINANCE__INTL_WB_IDS,62983,"World Bank international debt statistics - how much one country owes another country or institution, broken out by year from 1970 through 2032 projections, for each debt measure tracked."
FINANCE,FINANCE__SENATE_TRADES,15205,"Combined senate stock-trade disclosure records merging the official filings and the Stock Watcher tracker, with each senator matched to their official Bioguide ID and a note on how confident that match is."
ECONOMICS,ECONOMICS__FED_BLS_QCEW,3619437,"County-and-industry level job counts and wages by quarter, from employer unemployment-insurance tax records - how many businesses, how many workers, and average pay, broken out by industry and ownership type (private, state, local, federal)."
ECONOMICS,ECONOMICS__FED_DOL_FORM5500,33484,"Yearly filings employers make for their retirement and benefit plans - plan name, sponsor, participant counts, plan assets, benefits paid out, and which schedules were attached."
ECONOMICS,ECONOMICS__FED_DOL_OSHA_INSPECTIONS,5196412,"Workplace safety inspections run by OSHA - the business inspected, its address and industry, inspection type and scope, safety vs. health violations, and open/close dates."
ECONOMICS,ECONOMICS__FED_FAC_SINGLE_AUDIT,411638,"Required audits of organizations that spent federal grant money - auditee and auditor names, total dollars spent, and whether the audit found material weaknesses or noncompliance."
ECONOMICS,ECONOMICS__FED_FDIC_FAILED_BANKS,3584,"Banks that failed and were shut down by regulators - bank name, city/state, failure date, total assets and deposits at failure, estimated loss to the deposit insurance fund, and who acquired it."
ECONOMICS,ECONOMICS__FED_FOREIGNASSISTANCE,95658,"US foreign aid spending - recipient country, the US agency funding and managing it, sector, and dollars obligated and disbursed, by fiscal year."
ECONOMICS,ECONOMICS__FED_GRANTS_GOV,100,"Open federal grant opportunities posted on grants.gov - title, awarding agency, who's eligible to apply, award size range, and application deadlines (this is a small 100-row sample, not the full listing)."
ECONOMICS,ECONOMICS__FED_IRS_527_ORGS,77591,"Political organizations registered with the IRS under tax code section 527 - org name, mailing address, custodian and contact names, stated purpose, and filing date."
ECONOMICS,ECONOMICS__FED_IRS_990,200,"Nonprofit tax-return summaries (Form 990) - organization name and EIN, revenue, expenses, assets, liabilities, and top officer pay, by tax year (only a 200-row sample here)."
ECONOMICS,ECONOMICS__FED_IRS_990_EFILE_INDEX,5544626,"An index of nonprofit tax returns that were e-filed to the IRS - EIN, form type, tax period, submission date, and the IRS document tracking numbers; filing records only, no financial figures."
ECONOMICS,ECONOMICS__FED_IRS_AUTO_REVOCATIONS,1207295,"Nonprofits that automatically lost their tax-exempt status for not filing a return three years running - name, address, revocation date, and reinstatement date if they got it back."
ECONOMICS,ECONOMICS__FED_IRS_BMF,1974830,"The IRS's master list of every tax-exempt organization - name, address, what category of nonprofit it is (NTEE code), assets, income, and revenue."
ECONOMICS,ECONOMICS__FED_IRS_EO_PR,2587,"The IRS's list of tax-exempt organizations based in Puerto Rico - name, address, nonprofit classification codes, and reported assets, income, and revenue."
ECONOMICS,ECONOMICS__FED_IRS_FATCA_FFI_LIST,516298,"Foreign banks and financial institutions registered with the IRS to report American account holders under FATCA - just an ID number, institution name, and country."
ECONOMICS,ECONOMICS__FED_IRS_PUB78_ELIGIBLE_DONEES,1435544,"IRS Publication 78 - the list of organizations donors can give to and still get a tax deduction - name, city, state, country, and what kind of deduction applies."
ECONOMICS,ECONOMICS__FED_IRS_REVOCATION,1187366,"Nonprofits whose tax-exempt status was revoked by the IRS - name, address, revocation and posting dates, and whether they were later reinstated."
ECONOMICS,ECONOMICS__FED_IRS_SOI_CHARITIES,2450,"An IRS statistical sample of charities' finances - name, address, nonprofit classification, and reported assets, income, and revenue (small sample, not the full universe)."
ECONOMICS,ECONOMICS__FED_PBGC_DATA,134534,"Published statistics from the Pension Benefit Guaranty Corporation - a grab-bag of named metrics (metric name and value) by year, program type, and state, pulled from various PBGC published tables."
ECONOMICS,ECONOMICS__FED_PBGC_TRUSTEED_PENSION_PLANS,21596,"Failed pension plans that the Pension Benefit Guaranty Corporation took over - plan name, sponsor, administrator's city/state, and how many participants are covered."
ECONOMICS,ECONOMICS__FED_SBA_LOANS,2174502,"Small Business Administration loans (7(a) and 504 programs) - borrower name and location, lender, loan amount, approval date, status, whether it defaulted, and jobs the loan was supposed to support."
ECONOMICS,ECONOMICS__FED_SBA_PPP,968524,"Paycheck Protection Program loans - the pandemic-era small-business loans - borrower name and location, lender, loan amount, status, jobs reported, and how the money was spent (payroll, rent, utilities, mortgage interest). One row per loan."
ECONOMICS,ECONOMICS__FED_SBA_PPP_LOANS_150K_PLUS,968524,"The same Paycheck Protection Program loan data, but only loans over $150,000 and with more detail - franchise name, borrower race/ethnicity/gender/veteran status, and forgiveness amount and date."
ECONOMICS,ECONOMICS__FED_SEC_EDGAR,200,"SEC filings by public companies - company name, its EDGAR and tax ID numbers, what form was filed and when, industry code, stock tickers, and exchanges. One row per filing."
ECONOMICS,ECONOMICS__FED_SEC_EDGAR_COMPANY_TICKERS,10414,A lookup list matching each public company's SEC filer ID (CIK) to its stock ticker symbol and company name.
ECONOMICS,ECONOMICS__FED_TREASURY_AVG_INTEREST_RATES,4961,"The US Treasury's average interest rate paid on each type of government security, by month/quarter."
ECONOMICS,ECONOMICS__FED_TREASURY_DEBT_OUTSTANDING,237,"The total US national debt outstanding, tracked by date."
ECONOMICS,ECONOMICS__FED_TREASURY_DEBT_TO_PENNY,8329,"The US national debt down to the penny, every day - split into debt held by the public versus debt one government account owes another."
ECONOMICS,ECONOMICS__FED_TREASURY_DTS_DEPOSITS,478149,"The federal government's daily cash ledger - deposits and withdrawals by account and transaction type, day by day, with month-to-date and year-to-date totals."
ECONOMICS,ECONOMICS__FED_TREASURY_MTS_RECEIPTS,7490,"The federal government's monthly tax receipts and refunds by category - gross collected, refunds paid, and net receipts, this month versus the same point last fiscal year."
ECONOMICS,ECONOMICS__FED_USASPENDING_CONTRACTS,6325622,"Federal government contracts - who won the contract, which agency awarded it, dollar amount, what it's for (NAICS industry code), and where the work is being performed. One row per contract action."
ECONOMICS,ECONOMICS__FED_USASPENDING_TOPTIER_AGENCIES,111,"The full list of top-level federal agencies with their budget totals - money spent (outlay), money committed (obligated), and total budget authority."
ECONOMICS,ECONOMICS__FED_US_SEC_EDGAR,48984,"Another cut of SEC company filings - company name, filer ID (CIK), ticker, tax ID, form type, filing date, and flags for whether it's an annual or quarterly report."
ECONOMICS,ECONOMICS__FED_US_USASPENDING_API,300,"Federal spending awards pulled from the USASpending API - recipient, awarding agency, industry code, where the work happened, dollars obligated and paid out, transaction and subaward counts, by fiscal year (small 300-row sample)."
ECONOMICS,ECONOMICS__INTL_FAO_FAOSTAT,69,"Not the actual farm-and-food data - this is a catalog listing which UN food/agriculture (FAOSTAT) datasets exist, their topic, description, and file size."
ECONOMICS,ECONOMICS__INTL_FAO_FAOSTAT_FOOD_SECURITY,279470,"UN food security statistics by country - what's being measured, the year, the value, and the unit it's measured in."
ECONOMICS,ECONOMICS__INTL_GLEIF,3382301,"The global company ID registry (Legal Entity Identifier) - legal name, headquarters and legal addresses, country, legal form, and registration status for companies worldwide. Most of the huge column count is alternate names/addresses in different languages and past name changes."
ECONOMICS,ECONOMICS__INTL_GLEIF_RELATIONSHIPS,485285,"Corporate family-tree links between companies in the global company ID registry - which company is the parent/subsidiary of which, relationship type, and the dates each relationship was in effect."
ECONOMICS,ECONOMICS__INTL_GLEIF_REPEX,6313372,"Companies in the global company ID registry that couldn't report their parent/subsidiary relationships, and the stated reason why."
ECONOMICS,ECONOMICS__INTL_IPC_FOOD_INSECURITY_GLOBAL,735,"Global hunger-crisis severity ratings by country - what share of the population falls into each food-insecurity phase, and over what time window."
ECONOMICS,ECONOMICS__INTL_IT_ISTAT,213284,"Economic and statistical time-series data from Italy's national statistics office (ISTAT) - a value observed on a given date, tagged with what series it belongs to and how often it's measured."
ECONOMICS,ECONOMICS__XC_OWID_GINI,2389,"Income inequality by country and year (the Gini coefficient), from Our World in Data - built by combining multiple underlying sources."
ECONOMICS,ECONOMICS__XC_WIKIPEDIA_LARGEST_US_COMPANIES,100,"Wikipedia's list of the largest US companies by revenue - rank, name, industry, revenue, revenue growth, employee count, and headquarters city."
TIMELINE,RIPPLE_TIME_REGISTRY,644,"Not real-world data - this is Ripple's own internal bookkeeping list of which tables have a usable date column, what that column is called, and how granular it is, used to build the TIMELINE views."
TIMELINE,TIMELINE__CONSUMER_PROTECTION_INDEX,5347,"Not the actual complaint records - a day-by-day count of how many consumer-protection records exist per source table, laid out on the shared timeline to show coverage over time."
TIMELINE,TIMELINE__CONSUMER_SAFETY_INDEX,30990,"Not the actual safety records - a day-by-day count of how many consumer-safety records (recalls, product safety complaints) exist per source table, laid out on the shared timeline."
TIMELINE,TIMELINE__CORPORATE_REGISTRY_INDEX,86061,"Not the actual company records - a day-by-day count of how many corporate-registry records exist per source table, laid out on the shared timeline."
TIMELINE,TIMELINE__CRIMINAL_JUSTICE_INDEX,1,"A day-by-day count meant to track criminal-justice records over time, but it's essentially empty (one row) - unclear if it's wired up yet."
TIMELINE,TIMELINE__ECONOMICS_INDEX,59779,"A day-by-day count of how many rows landed per economic-data source table (jobs, wages, spending, debt, etc.), laid out on the shared timeline to show data coverage over time."
TIMELINE,TIMELINE__EDUCATION_INDEX,11384,"Not the actual school/education records - a day-by-day count of how many education records exist per source table, on the shared timeline."
TIMELINE,TIMELINE__ENERGY_INDEX,392,"Not the actual energy records - a day-by-day count of how many energy-sector records exist per source table, on the shared timeline."
TIMELINE,TIMELINE__ENVIRONMENT_INDEX,274313,"Not the actual environmental records - a day-by-day count of how many environment-related records exist per source table, on the shared timeline."
TIMELINE,TIMELINE__FINANCE_INDEX,49062,"Not the actual finance records - a day-by-day count of how many finance-related records (like Senate stock trades or bank data) exist per source table, on the shared timeline."
TIMELINE,TIMELINE__FINANCE_INDEX__PREV_20260906,37809,"A saved backup copy of the finance timeline count table, snapshotted on 2026-09-06 before it was rebuilt."
TIMELINE,TIMELINE__FINANCE_INDEX__PREV_20260906_221619,37810,"Another saved backup copy of the finance timeline count table, snapshotted later the same day (2026-09-06) before a rebuild."
TIMELINE,TIMELINE__FOREIGN_INFLUENCE_INDEX,5587,"Not the actual records - a day-by-day count of how many foreign-influence/lobbying-related records exist per source table, on the shared timeline."
TIMELINE,TIMELINE__HEALTH_INDEX,139546,"Not the actual health records - a day-by-day count of how many health-related records exist per source table, on the shared timeline."
TIMELINE,TIMELINE__HEALTH_INDEX__PREV_20260906,132735,"A saved backup copy of the health timeline count table, snapshotted on 2026-09-06 before it was rebuilt."
TIMELINE,TIMELINE__HISTORICAL_RECORDS_INDEX,127,"Not the actual records - a day-by-day count of how many historical-record entries exist per source table, on the shared timeline."
TIMELINE,TIMELINE__HISTORY_INDEX,2,"A day-by-day count meant to track history-related records over time, but it's essentially empty (two rows) - unclear if it's wired up yet."
TIMELINE,TIMELINE__HOUSING_INDEX,17654,"Not the actual housing records - a day-by-day count of how many housing-related records exist per source table, on the shared timeline."
TIMELINE,TIMELINE__IMMIGRATION_INDEX,6058,"Not the actual immigration records - a day-by-day count of how many immigration-related records exist per source table, on the shared timeline."
TIMELINE,TIMELINE__INVESTIGATIONS_INDEX,16,"A day-by-day count meant to track investigation-related records over time, but only 16 rows - barely populated."
TIMELINE,TIMELINE__JUDICIARY_INDEX,21,"A day-by-day count meant to track judiciary records over time, but only 21 rows - barely populated."
TIMELINE,TIMELINE__JUSTICE_INDEX,236975,"Not the actual case records - a day-by-day count of how many justice-system records exist per source table, on the shared timeline."
TIMELINE,TIMELINE__LABOR_INDEX,38246,"Not the actual labor records - a day-by-day count of how many labor/employment-related records exist per source table, on the shared timeline."
TIMELINE,TIMELINE__LEGAL_ENFORCEMENT_INDEX,797,"Not the actual enforcement records - a day-by-day count of how many legal-enforcement records exist per source table, on the shared timeline."
TIMELINE,TIMELINE__MARITIME_INDEX,8,"A day-by-day count meant to track maritime records over time, but only 8 rows - barely populated."
TIMELINE,TIMELINE__MONEY_FINANCE_INDEX,7,"A day-by-day count meant to track money/finance records over time, but only 7 rows - looks like a stub, possibly superseded by TIMELINE__FINANCE_INDEX."
TIMELINE,TIMELINE__OPEN_DATA_INDEX,6164,"Not the actual records - a day-by-day count of how many open-data-catalog entries exist per source table, on the shared timeline."
TIMELINE,TIMELINE__POLITICS_INDEX,106452,"Not the actual political records - a day-by-day count of how many politics-related records exist per source table, on the shared timeline."
TIMELINE,TIMELINE__POLITICS_INDEX__PREV_20260906,106445,"A saved backup copy of the politics timeline count table, snapshotted on 2026-09-06 before it was rebuilt."
TIMELINE,TIMELINE__PROCUREMENT_INDEX,8456,"Not the actual contract records - a day-by-day count of how many government-procurement records exist per source table, on the shared timeline."
TIMELINE,TIMELINE__REFERENCE_INDEX,17883,"Not the actual records - a day-by-day count of how many general reference-data records exist per source table, on the shared timeline."
TIMELINE,TIMELINE__REGULATORY_INDEX,861,"Not the actual regulatory records - a day-by-day count of how many regulation-related records exist per source table, on the shared timeline."
TIMELINE,TIMELINE__REVIEW_INDEX,197,"Not the actual records - a day-by-day count of how many review-related records exist per source table, on the shared timeline."
TIMELINE,TIMELINE__SCIENCE_INDEX,6082,"Not the actual records - a day-by-day count of how many science-related records exist per source table, on the shared timeline."
TIMELINE,TIMELINE__SCIENCE_RESEARCH_INDEX,15506,"Not the actual records - a day-by-day count of how many science-research records exist per source table, on the shared timeline (overlaps with TIMELINE__SCIENCE_INDEX)."
TIMELINE,TIMELINE__TRANSPORT_INDEX,61164,"Not the actual transport records - a day-by-day count of how many transportation-related records exist per source table, on the shared timeline."
REFERENCE,REFERENCE__CALENDAR,155593,"A day-by-day calendar lookup table, one row per date, with the week, month, quarter, fiscal year, election year, and Congress session that date falls into -- used to join dates across other tables, not real-world data on its own."
REFERENCE,REFERENCE__CENSUS_CB_COUNTY,3235,"US Census Bureau county boundaries -- one row per county with its name, state, land and water area, and the map shape (geometry) used to draw it."
REFERENCE,REFERENCE__CENSUS_CB_STATE,56,"US Census Bureau state boundaries -- one row per state (all 50 plus territories) with name, land and water area, and the map shape used to draw it."
REFERENCE,REFERENCE__CENSUS_CB_ZCTA,33791,US Census Bureau ZIP-code-area boundaries (the Census Bureau's stand-in for ZIP codes) -- one row per ZIP area with land/water size and the map shape used to draw it.
REFERENCE,REFERENCE__FED_DHS_HIFLD,500,"Sample only, not the full dataset: 500 US infrastructure facilities (power, water, and similar critical sites) from the Department of Homeland Security's facility database, with name, address, owner, and location. For testing the table shape only, not real analysis."
REFERENCE,REFERENCE__FED_ITIS_COMMENTS,70524,"Free-text notes written by taxonomy curators about specific species/classification entries in the federal species-naming registry (ITIS), one row per comment."
REFERENCE,REFERENCE__FED_ITIS_EXPERTS,197,"A list of taxonomy experts cited as sources backing entries in the federal species-naming registry (ITIS), one row per expert."
REFERENCE,REFERENCE__FED_ITIS_GEOGRAPHIC_DIV,480351,"Which broad geographic region (continent, ocean, etc.) each species entry in the federal species-naming registry (ITIS) is found in, one row per species-region pair."
REFERENCE,REFERENCE__FED_ITIS_HIERARCHY,678363,The full family tree of species classification (kingdom down to species) from the federal species-naming registry (ITIS) -- one row per entry showing its place in that tree and how many entries branch below it.
REFERENCE,REFERENCE__FED_ITIS_JURISDICTION,161922,"Which US states/territories or countries each species in the federal species-naming registry (ITIS) is found in, and whether it's native or introduced there -- one row per species-place pair."
REFERENCE,REFERENCE__FED_ITIS_KINGDOMS,7,"The seven top-level kingdoms of life (animals, plants, fungi, etc.) used to classify every species in the federal species-naming registry (ITIS) -- one row per kingdom."
REFERENCE,REFERENCE__FED_ITIS_LONGNAMES,993346,"The full scientific name spelled out for every species entry in the federal species-naming registry (ITIS), one row per entry."
REFERENCE,REFERENCE__FED_ITIS_NODC_IDS,209565,"A crosswalk matching old NOAA ocean-species codes to their modern entry in the federal species-naming registry (ITIS), one row per code pair."
REFERENCE,REFERENCE__FED_ITIS_OTHER_SOURCES,1071,"Databases and websites (not published papers) cited as evidence for species classifications in the federal species-naming registry (ITIS), one row per source."
REFERENCE,REFERENCE__FED_ITIS_PUBLICATIONS,30772,"Bibliographic citations (books, journal articles) used as evidence for species classifications in the federal species-naming registry (ITIS), one row per publication."
REFERENCE,REFERENCE__FED_ITIS_REFERENCE_LINKS,1970107,"Links each species entry in the federal species-naming registry (ITIS) to the publications, experts, or other sources that back it up, one row per species-source link."
REFERENCE,REFERENCE__FED_ITIS_STRIPPEDAUTHOR,214445,"A shortened, cleaned-up version of the naming-authority text (who first described the species) attached to each entry in the federal species-naming registry (ITIS), one row per author record."
REFERENCE,REFERENCE__FED_ITIS_SYNONYM_LINKS,315254,"Maps outdated or rejected species names to the currently accepted name in the federal species-naming registry (ITIS), one row per old-name-to-accepted-name pair."
REFERENCE,REFERENCE__FED_ITIS_TAXONOMIC_UNITS,993346,"The core record for every species and classification level in the federal species-naming registry (ITIS) -- name, rank (kingdom/phylum/species/etc.), whether it's currently accepted, and its parent in the family tree, one row per entry."
REFERENCE,REFERENCE__FED_ITIS_TAXON_AUTHORS_LKP,214445,"The naming-authority citation (who first described it and when) for species entries in the federal species-naming registry (ITIS), one row per author record."
REFERENCE,REFERENCE__FED_ITIS_TAXON_UNIT_TYPES,182,"The rule table defining classification ranks (kingdom, phylum, class, species, etc.) and which rank must sit above which, for the federal species-naming registry (ITIS), one row per kingdom-rank combination."
REFERENCE,REFERENCE__FED_ITIS_TU_COMMENTS_LINKS,192851,"Links each species entry in the federal species-naming registry (ITIS) to the curator comments written about it, one row per species-comment link."
REFERENCE,REFERENCE__FED_ITIS_VERNACULARS,166778,"Common (everyday, non-scientific) names for species in the federal species-naming registry (ITIS), in multiple languages, one row per name."
REFERENCE,REFERENCE__FED_ITIS_VERN_REF_LINKS,93078,"Links each common species name in the federal species-naming registry (ITIS) to the source document that supports it, one row per name-source link."
REFERENCE,REFERENCE__FED_USGS_GNIS_ALL_NAMES,1249624,"Every recorded name (including historical and variant names) for US geographic features -- mountains, streams, towns, etc. -- from the USGS place-names database, one row per name-and-source citation."
REFERENCE,REFERENCE__FED_USGS_TOPOVIEW,250,"A catalog of downloadable USGS topographic map sheets, one row per map, with its title, coverage area, scale, and a link to download it."
REFERENCE,REFERENCE__INTL_EG_CAPMAS,52,"Economic and social statistics for Egypt, from Egypt's national statistics agency (CAPMAS) -- one row per indicator per year, with its value and unit."
REFERENCE,REFERENCE__INTL_EUROSTAT,450,"Official European Union statistics (Eurostat) -- one row per indicator, place, and time period, with its value."
REFERENCE,REFERENCE__INTL_GDELT,1015,"Global news-event records from the GDELT project -- one row per reported event, with the two parties involved, what kind of event it was, where and when it happened, a tone/sentiment score, and how many news articles covered it."
REFERENCE,REFERENCE__XC_CROSSREF_FUNDER_REGISTRY,45661,"A registry of research funders (foundations, agencies, companies) worldwide, built by combining sources -- one row per funder, with its name and a stable ID used to match it across other tables."
REFERENCE,REFERENCE__XC_OWID_FERTILITY,19402,"The average number of children born per woman, by country and year, from Our World in Data -- one row per country-year."
REFERENCE,REFERENCE__XC_ROR_RESEARCH_ORGANIZATIONS,135710,"A global registry of research organizations (universities, labs, hospitals, etc.) built by combining sources -- one row per organization, with its name, location, type, website, and IDs used to match it to other registries."
REFERENCE,REF__DIM_GEOGRAPHY,6988,"A US county lookup table with each county's name, state, EPA region, center-point coordinates, and a count of facilities tied to it -- used to join other tables by county."
REFERENCE,REF__DIM_STATE,56,"A US state lookup table with each state's abbreviation, name, and Census-defined region/division -- used to join other tables by state."
ENERGY,ENERGY__FED_EIA860_1_UTILITY,6643,"US electric utilities from the federal EIA-860 report -- one row per utility, with its address and whether it owns, operates, or manages power plants."
ENERGY,ENERGY__FED_EIA860_2_PLANT,16132,"US power plants from the federal EIA-860 report -- one row per plant, with its location (address and coordinates), owning utility, grid region, and regulatory status."
ENERGY,ENERGY__FED_EIA860_3_1_GENERATOR,26855,"Every individual power generator at US power plants from the federal EIA-860 report -- one row per generator, with its technology type, fuel, capacity, status, and operating or planned retirement dates."
ENERGY,ENERGY__FED_EIA860_3_2_WIND,1563,"Wind-turbine generators at US power plants from the federal EIA-860 report -- one row per generator, with turbine count, manufacturer, hub height, and capacity."
ENERGY,ENERGY__FED_EIA860_3_3_SOLAR,7154,"Solar-panel generators at US power plants from the federal EIA-860 report -- one row per generator, with panel type, tracking system, angle, and capacity."
ENERGY,ENERGY__FED_EIA860_3_4_ENERGY_STORAGE,786,"Battery and other energy-storage units at US power plants from the federal EIA-860 report -- one row per unit, with storage technology, capacity, charge/discharge rates, and what it's used for, like backup power or grid support."
ENERGY,ENERGY__FED_EIA860_3_5_MULTIFUEL,2893,"Power generators that can switch between fuels (like oil and natural gas) from the federal EIA-860 report -- one row per generator, with which fuels it can use and how fast it can switch."
ENERGY,ENERGY__FED_EIA860_4_OWNER,5495,"Who owns each US power generator when ownership is split between multiple parties, from the federal EIA-860 report -- one row per generator-owner, with the owner's name, address, and percent owned."
ENERGY,ENERGY__FED_EIA860_6_1_ENVIROASSOC,7020,"A linking table showing which boiler feeds which generator at US power plants, from the federal EIA-860 report -- one row per boiler-generator pair."
ENERGY,ENERGY__FED_EIA860_6_2_ENVIROEQUIP,4428,"Pollution-control rules and equipment for boilers at US power plants from the federal EIA-860 report -- one row per boiler, with the sulfur, nitrogen, particulate, and mercury emissions standards it must meet and how it complies."
ENERGY,ENERGY__FED_EIA861_ADVANCED_METERS,2725,"Smart-meter counts at US electric utilities from the federal EIA-861 report -- one row per utility per state, with how many old-style and smart (AMI) meters are installed, by customer type, for 2024."
ENERGY,ENERGY__FED_EIA861_DELIVERY_COMPANIES,7,"Revenue, electricity delivered, and customer counts for the small group of US utilities that only deliver power (not generate or sell it), from the federal EIA-861 report, 2024."
ENERGY,ENERGY__FED_EIA861_DEMAND_RESPONSE,339,"US utility programs that pay or incentivize customers to cut electricity use at peak times, from the federal EIA-861 report -- one row per utility per state, with enrolled customers, energy saved, and program costs, 2024."
ENERGY,ENERGY__FED_EIA861_DISTRIBUTION_SYSTEMS,1353,"Count of local power-line circuits, and how many use voltage-saving technology, per US utility, from the federal EIA-861 report, 2024. One record is missing because the loader mistakenly used the first data row as the column header."
ENERGY,ENERGY__FED_EIA861_DYNAMIC_PRICING,857,"Which US utilities offer time-varying electricity pricing programs (time-of-use, real-time, peak pricing) and how many customers are enrolled, from the federal EIA-861 report, 2024."
ENERGY,ENERGY__FED_EIA861_ENERGY_EFFICIENCY,458,"US utility energy-efficiency programs from the federal EIA-861 report -- one row per utility per state, with energy and peak-demand savings, and program costs, 2024."
ENERGY,ENERGY__FED_EIA861_FRAME,3412,"The master list of every entity that filed the federal EIA-861 utility survey for 2024 -- one row per filer, with ownership type and which of the survey's 15 sections it filled out. The section names were lost during loading and are kept only as numbered flags, and one record is missing because the loader mistakenly used the first data row as the column header."
ENERGY,ENERGY__FED_EIA861_MERGERS,4,"US utility mergers and acquisitions from the federal EIA-861 report -- one row per merger, with the effective date and the resulting parent company, 2024. One record is missing because the loader mistakenly used the first data row as the column header."
ENERGY,ENERGY__FED_EIA861_NET_METERING,1004,"Rooftop solar and other customer-owned power systems that sell electricity back to the grid, from the federal EIA-861 report -- one row per utility per state per technology, with installed capacity, number of installations, energy sold back, and paired battery storage, 2024."
ENERGY,ENERGY__FED_EIA861_NON_NET_METERING_DISTRIBUTED,507,"Customer-owned power generators that are not on net-metering billing, from the federal EIA-861 report -- one row per utility per state, with capacity broken out by an unlabeled technology group, 2024."
ENERGY,ENERGY__FED_EIA861_OPERATIONAL_DATA,1711,"Electricity generated, bought, sold, and lost, plus revenue, for each US utility, from the federal EIA-861 report, 2024."
ENERGY,ENERGY__FED_EIA861_RELIABILITY,971,"How often and how long the power goes out for each US utility's customers (outage-frequency and outage-duration statistics), from the federal EIA-861 report, 2024."
ENERGY,ENERGY__FED_EIA861_SALES_ULT_CUST,2815,"Electricity sold directly to homes and businesses by each US utility -- revenue, megawatt-hours sold, and customer counts by sector, from the federal EIA-861 report, 2024."
ENERGY,ENERGY__FED_EIA861_SALES_ULT_CUST_CS,674,"Electricity sold from individual community-solar or shared-facility projects to their subscribers -- revenue, energy sold, and customer counts, from the federal EIA-861 report, 2024."
ENERGY,ENERGY__FED_EIA861_SERVICE_TERRITORY,11775,"Which US counties each electric utility serves, from the federal EIA-861 report, 2024. One record is missing because the loader mistakenly used the first data row as the column header."
ENERGY,ENERGY__FED_EIA861_SHORT_FORM,1724,"Total revenue, electricity sold, and customer counts for smaller US utilities that file the abbreviated 'short form' survey, from the federal EIA-861 report, 2024. The last four columns' original labels were lost during loading, and one record is missing because the loader used the first data row as the header."
ENERGY,ENERGY__FED_EIA861_UTILITY_DATA,1701,"A profile of each US utility -- which grid region it's in, which regional power market it participates in, and what it does (generate, transmit, distribute, or sell power) -- from the federal EIA-861 report, 2024."
ENERGY,ENERGY__FED_EIA_861_BALANCING_AUTHORITY,189,"Which regional grid operators (balancing authorities) operate in which US states, from the federal EIA-861 report -- one row per operator per state."
ENERGY,ENERGY__INTL_EMBER_ELEC,369264,"Global electricity generation and demand statistics by country and year, from the Ember energy think tank -- one row per country, indicator, and time period, with its value and year-over-year change."
HOUSING,HOUSING__FED_CFPB_HMDA,28301,"Sample only, not the full dataset: mortgage applications and loans reported under the federal Home Mortgage Disclosure Act, but just Washington DC's 2023 records (28,301 rows) out of a nationwide, multi-year dataset -- applicant demographics, loan amount, interest rate, and outcome. For testing the table shape only, not real lending-pattern conclusions."
HOUSING,HOUSING__FED_CFPB_HMDA_ARID2017_LEI_XREF,5399,A crosswalk matching each mortgage lender's old-style ID (used through 2017) to the newer ID that same lender used in 2018-2020 -- lets you track one lender across the mortgage-disclosure system's ID change.
HOUSING,HOUSING__FED_CFPB_HMDA_DC_ONLY,28301,"Mortgage applications and loans in Washington DC, reported under the federal Home Mortgage Disclosure Act -- one row per loan or application, with applicant demographics, loan amount, interest rate, and outcome."
HOUSING,HOUSING__FED_CFPB_HMDA_HISTORIC,44992667,"Pre-2018 mortgage applications and loans reported under the federal Home Mortgage Disclosure Act, covering 2015-2017 only despite the 'historic' name -- nearly 45 million rows, every application outcome (not just approved loans), with applicant demographics, loan amount, and an older-style lender ID."
HOUSING,HOUSING__FED_CFPB_HMDA_LAR,17474,"Sample only, not the full dataset: 17,474 mortgage loan/application records reported under the federal Home Mortgage Disclosure Act, out of a multi-million-row nationwide file -- full applicant demographics, loan terms, and outcome. For testing the table shape only, not real lending-pattern conclusions."
HOUSING,HOUSING__FED_FEMA_IA_HOUSING_REGISTRATIONS,26250920,"Partial load, not the full dataset (roughly 12% of the true ~26 million records, cut off mid-load, not a random sample): people who registered for FEMA disaster housing assistance after a declared disaster -- one row per registration, with damage assessed, insurance status, household details, and dollar amounts of aid approved."
HOUSING,HOUSING__FED_FEMA_NFIP_COMMUNITY_STATUS_BOOK,25125,"Which US communities participate in the National Flood Insurance Program, from FEMA -- one row per community, with when its flood maps took effect, whether it's tribal land, and its flood-insurance discount rating."
HOUSING,HOUSING__FED_FHFA_HPI,184807,"Home price index values by place and time period, from the Federal Housing Finance Agency -- one row per place, period, and index variant, tracking how home prices have changed."
HOUSING,HOUSING__FED_FHFA_NMDB,7204,"Mortgage market statistics by geography and time period, from the Federal Housing Finance Agency's National Mortgage Database -- one row per place, time period, and statistic, with its value."
HOUSING,HOUSING__FED_FHFA_SUSPENDED_COUNTERPARTY,241,"People and companies barred by the Federal Housing Finance Agency from doing business with Fannie Mae and Freddie Mac -- one row per suspended person or company, with the suspension's start and end date."
HOUSING,HOUSING__FED_HUD_ASSISTED_HOUSING_PROJECTS,35601,"HUD's snapshot of subsidized housing projects and their tenants -- one row per project/program/place combination, with unit counts, occupancy, rent, and detailed tenant demographics (income, family size, race, disability, age). Negative numbers mean HUD suppressed or didn't have the data, not a real negative value."
HOUSING,HOUSING__FED_HUD_DATA,71,"An index or summary table of HUD datasets -- one row per dataset entry, with its name, description, link, place, and a value, tagged by location and sometimes a nonprofit's tax ID."
HOUSING,HOUSING__FED_HUD_FHA_SF_PORTFOLIO_SNAPSHOT,61647,"Individual FHA-insured home mortgages (single-family) from HUD -- one row per loan, with the lender, property location, interest rate, and original loan amount."
HOUSING,HOUSING__FED_HUD_MF_FIRM_COMMITMENTS,25557,"HUD's FHA multifamily loan commitments, 2001 through mid-2026 -- one row per committed deal, with the apartment project, lender, mortgage amount, total units, and which subsidy programs (like tax credits or HOME funds) are attached."
HOUSING,HOUSING__FED_HUD_MF_SECTION8_CONTRACTS,24309,"HUD's Section 8 rental-assistance contracts with apartment property owners -- one row per contract, with its dates, status, unit counts by bedroom size, and rent compared to the local fair-market rent."
HOUSING,HOUSING__FED_HUD_PUBLIC_HOUSING_AUTHORITIES,3787,"Local public housing authorities that run HUD-funded housing -- one row per authority, with contact info, unit counts, occupancy, funding amounts, tenant demographics (children, elderly, disabled, income), and the authority's geocoded address."
HOUSING,HOUSING__FED_MAPPING_INEQUALITY,1155,"1930s government 'redlining' maps (Home Owners' Loan Corporation) grading neighborhoods for mortgage risk -- one row per graded neighborhood, with its city, state, letter grade, the original written description, the year it was mapped, and its map shape."
HOUSING,HOUSING__FED_USDA_RD_MFH_ACTIVE_PROJECTS,13550,"Active USDA Rural Development multi-family housing projects -- one row per project, with location, management company, unit counts (including vacant and rental-assistance units), and when tax-credit or affordability restrictions expire."
EDUCATION,EDUCATION__FED_CFTC_COT_FINANCIAL,34683,"US Commodity Futures Trading Commission's weekly count of who's holding financial futures contracts (banks, asset managers, hedge funds) -- long and short positions, open interest, and trader counts per market."
EDUCATION,EDUCATION__FED_CFTC_COT_FUTURES,287053,"CFTC's weekly count of who's holding commodity futures contracts (commercial hedgers vs speculators) -- long and short positions, open interest, and trader counts per market."
EDUCATION,EDUCATION__FED_CPSC_NEISS_CODES,1250,"Lookup table translating the numeric codes used in the Consumer Product Safety Commission's injury-surveillance system (NEISS) into plain labels -- a decoder key, not injury records themselves."
EDUCATION,EDUCATION__FED_ED_COLLEGE_SCORECARD_INSTITUTION,6273,"One row per US college or university -- location, admissions rate, test scores, tuition, financial aid, graduation and retention rates, student debt, and post-graduation earnings."
EDUCATION,EDUCATION__FED_ED_NCES_CIP_CODES,2318,Lookup table of the federal codes used to classify college degree programs (like Nursing or Computer Science) with their official titles and definitions.
EDUCATION,EDUCATION__FED_FRB_H15_SELECTED_RATES,16848,"Federal Reserve's daily published interest rates on US Treasury securities, from 1-month to 30-year maturities."
EDUCATION,EDUCATION__FED_FRB_Z1_CSV,304,"Federal Reserve's flow-of-funds financial accounts data (quarterly) -- hundreds of coded economic series columns for assets and liabilities by sector; needs a separate code key to read, not usable as-is."
EDUCATION,EDUCATION__FED_GOOGLE_POLADS_ADVERTISER_DECLARED_STATS,470,"Google's political-ad transparency data: each political advertiser's self-declared name, regulatory ID, and who's promoting or paying for the ads, by region."
EDUCATION,EDUCATION__FED_GOOGLE_POLADS_ADVERTISER_GEO_SPEND,614078,"Google political ad spend by advertiser, broken down by country and region, in local currency."
EDUCATION,EDUCATION__FED_GOOGLE_POLADS_ADVERTISER_ID_MAPPING,8044,"Crosswalk table mapping old Google political-advertiser IDs to their current IDs -- a lookup table, not spend data itself."
EDUCATION,EDUCATION__FED_GOOGLE_POLADS_ADVERTISER_STATS,21211,"Summary totals per Google political advertiser -- total ads run, elections targeted, regions reached, and total spend by currency."
EDUCATION,EDUCATION__FED_GOOGLE_POLADS_ADVERTISER_WEEKLY_SPEND,298884,"Google political ad spend by advertiser, broken down week by week within each election cycle."
EDUCATION,EDUCATION__FED_GOOGLE_POLADS_CREATIVE_ID_MAPPING,971029,Crosswalk table mapping old Google political-ad creative (individual ad) IDs to their current IDs.
EDUCATION,EDUCATION__FED_GOOGLE_POLADS_CREATIVE_STATS,1562870,"One row per individual Google political ad -- who ran it, which campaign, how long it ran, impressions, spend, and who it targeted by age, gender, and location."
EDUCATION,EDUCATION__FED_GOOGLE_POLADS_GEO_SPEND,1289,"Total Google political ad spend by country and region, all advertisers combined."
EDUCATION,EDUCATION__FED_SENATE_LDA_FILINGS,819649,"Federal lobbying disclosure filings -- who's paying to lobby (the client), who's doing the lobbying (the firm and named lobbyists), how much was spent, and what issues and government agencies they lobbied."
IMMIGRATION,IMMIGRATION__FED_CBP_ENCOUNTERS,9,"Monthly total counts of Customs and Border Protection encounters with migrants, one reporting year's worth of months -- a small summary table, not individual encounter records."
IMMIGRATION,IMMIGRATION__FED_CMS_HOSPICE_ENROLLMENTS,6066,"Medicare's enrollment record for hospice care providers -- organization name, business address, incorporation details, and provider ID numbers."
IMMIGRATION,IMMIGRATION__FED_CMS_MEDICARE_FEE_FOR_SERVICE_PUBLIC_PROVIDER_ENROLLMENT,2978925,"Medicare's public list of enrolled fee-for-service providers -- name, provider type, and state, keyed to their national provider ID (NPI)."
IMMIGRATION,IMMIGRATION__FED_DHS_OHSS,50740,"Department of Homeland Security's statistical breakdown of border encounters -- by month, region, nationality, family status, criminal history, and outcome (release, repatriation, credible-fear result)."
IMMIGRATION,IMMIGRATION__FED_DHS_YEARBOOK,27,"DHS's annual published immigration statistics -- counts of immigrants, visas, and enforcement actions broken down by country of origin, state, and category, one fiscal year at a time."
IMMIGRATION,IMMIGRATION__FED_DOL_OFLC,664616,"Labor Department's foreign-worker visa sponsorship cases (H-1B and similar) -- the sponsoring employer, job title and wage offered, worksite location, case status, and the immigration attorney involved."
IMMIGRATION,IMMIGRATION__FED_EOIR_CASES,12631225,"Individual immigration court cases -- nationality, language, custody status, hearing dates and location, and detention facility if held."
IMMIGRATION,IMMIGRATION__FED_EOIR_CASE_DATA,12631225,"Same row count as the immigration court case table above, but landed here with only a single case-type column -- looks like a broken or partial load, not a separate dataset."
IMMIGRATION,IMMIGRATION__FED_EPA_SDWA_SDWA_SERVICE_AREAS,422464,"EPA Safe Drinking Water Act records of which geographic areas each public water system serves, and when that service area was first and last reported."
IMMIGRATION,IMMIGRATION__FED_ICE_DETAINERS,609769,"ICE detainer requests -- holds placed on people in local jail custody -- with anonymized person ID, facility, criminal history and charge details, and dozens of yes/no risk flags like gang membership or prior felony."
IMMIGRATION,IMMIGRATION__FED_ICE_DETENTION_FACILITY_CODES,1490,"Lookup table of ICE detention facility codes -- facility name, address, coordinates, and type, one row per facility code."
IMMIGRATION,IMMIGRATION__FED_ICE_DETENTION_FACILITY_LIST,163,"ICE's published list of detention facilities -- name, city and state, region office, and facility type; a shorter roster than the facility-code lookup table."
IMMIGRATION,IMMIGRATION__FED_ICE_DETENTION_STINTS,2571975,"Individual stays in ICE detention from 2004 to now, one row per stay -- anonymized person ID, facility, demographics, criminal history, bond amount, and how and when they were released."
IMMIGRATION,IMMIGRATION__FED_ICE_STATISTICS,204,"ICE's published quarterly statistics -- counts of enforcement actions like removals and alternatives-to-detention monitoring, broken down by country of citizenship, criminal history, and region."
IMMIGRATION,IMMIGRATION__FED_USCIS_DATA,177,"USCIS's published processing statistics for immigration forms -- how many applications were received, approved, denied, or still pending, by form type, quarter, and office."
IMMIGRATION,IMMIGRATION__XC_OWID_REFUGEES,7442,"Our World in Data's compiled count of refugees by country of origin and year, built by combining other sources."
PUBLIC,CORPORATE_ENTITIES__IRS_BMF_BY_STATE_NTEE_AGG,7677,"State-by-state rollup of IRS-registered nonprofits, grouped by nonprofit category -- count of organizations and their total reported revenue."
PUBLIC,CORPORATE_ENTITIES__IRS_REVOCATION_BY_STATE_YEAR_AGG,1011,"State-by-state count of nonprofits that had their tax-exempt status revoked by the IRS, by year."
PUBLIC,ENERGY_ENVIRONMENT__NOAA_STORMS_BY_STATE_EVENT_AGG,28343,"State-by-state, year-by-year rollup of NOAA storm events by type -- count of storms, deaths, injuries, and dollar damage to property and crops."
PUBLIC,GOVERNMENT_POWER__FCC_LICENSES_BY_STATE_SERVICE_AGG,8765,"State-by-state count of FCC radio licenses, broken down by radio service type, license status, and year granted."
PUBLIC,HEALTH_MEDICINE__MEDICARE_PROVIDER_BY_STATE_TYPE_AGG,4976,"State-by-state rollup of Medicare providers by provider type -- count of providers, total services billed, and total Medicare paid."
PUBLIC,HEALTH_MEDICINE__NPPES_BY_TAXONOMY_STATE_AGG,62927,"State-by-state count of healthcare providers in the national provider registry, grouped by medical specialty and whether they're an individual or an organization."
PUBLIC,HEALTH_MEDICINE__OPEN_PAYMENTS_BY_MFR_NATURE_AGG,19377,"Rollup of drug and device manufacturer payments to doctors, grouped by manufacturer and type of payment (meals, consulting, royalties, etc), with count and total dollar amount per year."
PUBLIC,HEALTH_MEDICINE__OPEN_PAYMENTS_BY_SPECIALTY_STATE_AGG,34993,"State-by-state rollup of drug and device manufacturer payments to doctors, grouped by the doctor's medical specialty -- count of payments and total dollar amount per year."
PUBLIC,HEALTH_MEDICINE__PART_D_BY_STATE_TYPE_AGG,5321,"State-by-state rollup of Medicare Part D prescription drug claims, grouped by prescriber type -- count of prescribers, total claims, and total drug cost."
PUBLIC,MONEY_IN_POLITICS__FEC_INDIV_BY_CMTE_CYCLE_AGG,29858,Rollup of individual campaign contributions by political committee and election cycle -- count of contributions and total dollar amount.
PUBLIC,MONEY_IN_POLITICS__FEC_INDIV_BY_STATE_CYCLE_AGG,400,State-by-state rollup of individual campaign contributions by election cycle -- count of contributions and total dollar amount given by donors in each state.
PUBLIC,SPENDING_BUDGET__SBA_LOANS_BY_STATE_PROGRAM_AGG,3893,State-by-state rollup of Small Business Administration loans by loan program and fiscal year -- count of loans and total dollar amount approved.
PUBLIC,SPENDING_BUDGET__USASPENDING_BY_AGENCY_NAICS_AGG,17490,"Rollup of federal contract spending by awarding agency and industry code, by year -- count of awards and total dollars obligated."
PUBLIC,SPENDING_BUDGET__USASPENDING_BY_AGENCY_STATE_AGG,3925,State-by-state rollup of federal contract spending by awarding agency and year -- count of awards and total dollars obligated to recipients in each state.
LABOR,LABOR__FED_DOL_EBSA_FORM5500_SCHEDULE_SB,41802,"Pension actuarial filings for single-employer defined-benefit plans -- funding targets, plan participant counts, contributions, and the signing actuary, one row per filing."
LABOR,LABOR__FED_DOL_OLMS,617710,"Labor unions' required financial disclosure filings from 2000 to now -- union name, assets, liabilities, receipts, disbursements, and membership count, one row per filing."
LABOR,LABOR__FED_MSHA_ACCIDENTS,273623,"Individual mine accident and injury reports from the Mine Safety and Health Administration -- mine, date, injury severity, body part injured, whether fatal, and a narrative of what happened."
LABOR,LABOR__FED_MSHA_MINES,91906,"Registry of US mines -- operator, current status (active or closed), number of employees, location, and type of mine (coal or metal/nonmetal)."
LABOR,LABOR__FED_MSHA_VIOLATIONS,3087265,"Mine safety violation citations -- which mine, which rule was violated, severity and negligence rating, and the penalty proposed and paid."
LABOR,LABOR__FED_OSHA_ITA_300A_SUMMARY_2023,394234,"OSHA's annual workplace injury and illness summary for 2023 -- one row per employer establishment, with employee count, hours worked, and total injury, illness, and death counts by category."
LABOR,LABOR__FED_OSHA_ITA_300A_SUMMARY_2024,398620,"OSHA's annual workplace injury and illness summary for 2024 -- one row per employer establishment, with employee count, hours worked, and total injury, illness, and death counts by category."
LABOR,LABOR__FED_OSHA_ITA_300A_SUMMARY_2025,383283,"OSHA's annual workplace injury and illness summary for 2025 -- one row per employer establishment, with employee count, hours worked, and total injury, illness, and death counts by category."
LABOR,LABOR__FED_OSHA_ITA_CASE_DETAIL_2023,890934,"OSHA's individual workplace injury case records for 2023 -- one row per reported injury or illness, with the employer, job, date, outcome, and a narrative of what happened."
LABOR,LABOR__FED_OSHA_ITA_CASE_DETAIL_2024,688649,"OSHA's individual workplace injury case records for 2024 -- one row per reported injury or illness, with the employer, job, date, outcome, and a narrative of what happened."
LABOR,LABOR__FED_OSHA_ITA_CASE_DETAIL_2025,330447,"OSHA's individual workplace injury case records for 2025 -- one row per reported injury or illness, with the employer, job, date, outcome, and a narrative of what happened."
LABOR,LABOR__FED_PBGC_TRUSTEED_PLANS,5176,"Failed private pension plans taken over by the federal pension insurer -- sponsor company, plan name, termination and takeover dates, and number of participants affected, one row per case."
CORPORATE_REGISTRY,CORPORATE_REGISTRY__FED_ICIJ_OFFSHORELEAKS_ADDRESSES,402246,"Addresses tied to entities in the ICIJ Offshore Leaks investigation (Panama Papers and related leaks) -- one row per address, linked by an ID to the companies, people, or intermediaries at that address."
CORPORATE_REGISTRY,CORPORATE_REGISTRY__FED_ICIJ_OFFSHORELEAKS_ENTITIES,814344,"Offshore companies and trusts named in the Panama Papers, Paradise Papers, Pandora Papers, and related ICIJ leaks -- name, jurisdiction, status, incorporation dates, and the service provider that set them up."
CORPORATE_REGISTRY,CORPORATE_REGISTRY__FED_ICIJ_OFFSHORELEAKS_INTERMEDIARIES,26768,"The middlemen -- law firms and agents -- who set up the offshore companies named in the ICIJ Offshore Leaks investigation, with their name, status, and country."
CORPORATE_REGISTRY,CORPORATE_REGISTRY__FED_ICIJ_OFFSHORELEAKS_OFFICERS,771315,"Named people and organizations acting as officers, directors, or shareholders of the offshore entities in the ICIJ Offshore Leaks investigation."
CORPORATE_REGISTRY,CORPORATE_REGISTRY__FED_ICIJ_OFFSHORELEAKS_OTHERS,2989,"A catch-all category of entities in the ICIJ Offshore Leaks investigation that don't fit companies, officers, or intermediaries -- name, type, jurisdiction, and dates."
CORPORATE_REGISTRY,CORPORATE_REGISTRY__FED_ICIJ_OFFSHORELEAKS_RELATIONSHIPS,3339267,"The connections between offshore entities, officers, and intermediaries in the ICIJ Offshore Leaks investigation -- who is linked to whom, what kind of relationship, and when it started and ended."
CORPORATE_REGISTRY,CORPORATE_REGISTRY__FED_IRS_EO_BMF,1983563,"Every IRS-recognized tax-exempt organization nationally -- name, address, EIN, category of exemption, nonprofit type classification, and latest reported assets, income, and revenue."
CORPORATE_REGISTRY,CORPORATE_REGISTRY__INTL_ES_BORME,3,"Company registration and legal-act notices published in Spain's official companies gazette -- company name, province, type of act, and a link to the source PDF. Only 3 rows landed so far."
CORPORATE_REGISTRY,CORPORATE_REGISTRY__INTL_IE_CRO,821693,"Irish company registry -- company name, status, type, registered address, and incorporation date."
CORPORATE_REGISTRY,CORPORATE_REGISTRY__INTL_UK_COMPANIES_HOUSE,5734780,"UK company register -- every registered UK company's name, address, category, status, and incorporation or dissolution dates."
CORPORATE_REGISTRY,CORPORATE_REGISTRY__UK_COMPANIES_HOUSE_PSC,15804611,"UK Companies House's list of people with significant control -- the real owners behind a company -- name, nationality, and what kind of control they hold. This is a partial, truncated load of a bigger dataset, so counts are a floor."
OPEN_DATA,OPEN_DATA__INTL_AR_DATOSGOB,3556,"Argentina's national open-data portal catalog -- dataset titles and publishing agency, with some rows carrying an actual data series (a value tied to a date and a province or municipality). Likely thin catalog metadata for most rows."
OPEN_DATA,OPEN_DATA__INTL_CA_OPEN_CANADA,500,"A 500-dataset sample of Canada's national open-data portal catalog -- dataset titles, publishing agency, and topic tags, in English and French; catalog listing only, not the underlying data."
OPEN_DATA,OPEN_DATA__INTL_CH_OPENDATASWISS,5000,"A 5,000-dataset sample of Switzerland's national open-data portal catalog -- dataset titles, publisher, and topic tags; catalog listing only, not the underlying data."
OPEN_DATA,OPEN_DATA__INTL_CL_DATOSGOB,1000,"A 1,000-dataset sample of Chile's national open-data portal catalog -- dataset titles, publishing institution, and topic tags; catalog listing only, not the underlying data."
OPEN_DATA,OPEN_DATA__INTL_DE_GOVDATA,5000,"A 5,000-dataset sample of Germany's national open-data portal catalog -- dataset titles, publisher, and topic tags; catalog listing only, not the underlying data."
OPEN_DATA,OPEN_DATA__INTL_ES_DATOSGOB,1000,"A 1,000-row sample of Spain's national open-data portal catalog -- but the title and description columns are blank due to a loader bug; only publisher, sector, format, and URL are usable."
OPEN_DATA,OPEN_DATA__INTL_FR_DATA_GOUV,130431,"France's national open-data portal catalog -- dataset titles, publishing organization, license, update frequency, view and download counts, and a quality score; catalog metadata about datasets, not the underlying data itself."
OPEN_DATA,OPEN_DATA__INTL_GE_DATAGOV,1,"Georgia's (the country) national open-data portal catalog -- dataset title, publishing institution, and policy area. Only 1 row landed so far."
OPEN_DATA,OPEN_DATA__INTL_GH_DATAGOVGH,10,"Ghana's national open-data portal catalog -- dataset title, publishing ministry or agency, and view/download counts. Only 10 rows landed so far."
OPEN_DATA,OPEN_DATA__INTL_GR_DATAGOV,4988,"A roughly 5,000-dataset sample of Greece's national open-data portal catalog -- dataset titles, publishing organization, and topic tags; catalog listing only, and 12 dataset IDs appear twice."
OPEN_DATA,OPEN_DATA__XC_WAYBACK_DOJ_EPSTEIN,1537348,"Internet Archive Wayback Machine snapshots of Justice Department web pages related to Epstein -- each row is one captured page: original URL, when it was captured, and a content fingerprint to detect changes over time. Built by combining sources."
TRANSPORT,TRANSPORT__FED_DOT_BTS,21,"A federal index of Bureau of Transportation Statistics databases -- one row per BTS dataset with its name, subject, transport mode, and travel year/month, not the underlying trip data itself."
TRANSPORT,TRANSPORT__FED_FAA_ADIP_PRIVATE_AIRPORTS,3589,"The FAA's list of private airports whose information hasn't been updated in the last 3 years; the column headers got mangled when this was loaded, so the data is hard to read directly."
TRANSPORT,TRANSPORT__FED_FAA_AIRCRAFT_REGISTRY,315447,"Every US-registered civil aircraft (2026-08 snapshot) -- tail number, serial number, make/model, who owns it and their address, and its certification and airworthiness dates."
TRANSPORT,TRANSPORT__FED_FRA_CASUALTIES,1150788,"Federal Railroad Administration injury and death reports on the rail system since 1975 -- one row per person hurt or killed, which railroad, what kind of person (worker, passenger, trespasser), and the cause."
TRANSPORT,TRANSPORT__FED_FRA_CROSSING_INCIDENTS,251149,"Federal Railroad Administration reports on accidents at railroad crossings -- vehicles or pedestrians struck by trains, with date, location, weather, whether warning signals were present, and injuries and deaths."
TRANSPORT,TRANSPORT__FED_FRA_EQUIPMENT_ACCIDENTS,224941,"Federal Railroad Administration reports on train accidents like derailments and collisions -- railroad, location, cause, equipment involved, damage cost, and injuries and deaths."
TRANSPORT,TRANSPORT__FED_FRA_RAIL_DEATHS_BY_RAILROAD,5152,"Yearly count of rail deaths by railroad company and type of person killed (worker, passenger, trespasser), rolled up from FRA's casualty reports since 1975, with the parent company noted."
TRANSPORT,TRANSPORT__FED_FRA_SAFETY,1,"A rail safety incident table (railroad, date, location, cause, casualties) that holds only a single row today -- essentially empty."
TRANSPORT,TRANSPORT__FED_NTSB_AVIATION_AIRCRAFT,31503,"NTSB aviation accident database, one row per aircraft involved in a crash or incident -- registration, make/model, who owned and operated it, and its certification."
TRANSPORT,TRANSPORT__FED_NTSB_AVIATION_EVENTS,30968,"NTSB aviation accident database, one row per crash or incident -- where and when it happened, weather conditions, and how many people were hurt or killed."
TRANSPORT,TRANSPORT__FED_NTSB_AVIATION_INJURY,179179,"NTSB aviation accident database, injury counts broken out by crash, aircraft, type of person aboard, and how badly they were hurt."
_RESTORE_20260907,CIVIL_RIGHTS__FED_NARA_WRA_AAD,1,"Looks like a technical backup copy, not original content -- appears to be a backup of National Archives records on people held in WWII Japanese-American internment camps (name, camp, age, citizenship status); only 1 row present."
_RESTORE_20260907,ECONOMICS__FED_FINCEN_BOI,1,"Looks like a technical backup copy, not original content -- appears to be a backup of FinCEN's beneficial-ownership registry (who actually owns and controls US companies, names and ID numbers); only 1 row present."
_RESTORE_20260907,ECONOMICS__INTL_GFI_TRADE,0,"Looks like a technical backup copy, not original content, and currently empty (0 rows) -- appears to be a backup of Global Financial Integrity's estimates of illicit money flows into and out of countries by year."
_RESTORE_20260907,EDUCATION__FED_ED_EDFACTS,33,"Looks like a technical backup copy, not original content -- appears to be a backup of federal EDFacts school data (enrollment, test proficiency, graduation rates, chronic absenteeism by school and district); only 33 rows present."
_RESTORE_20260907,FINANCE__FED_FARA,30,"Looks like a technical backup copy, not original content -- appears to be a backup of Foreign Agents Registration Act filings (who registered as a foreign agent, for which foreign principal and country, money received and spent); only 30 rows, likely superseded by the fuller FARA table under FOREIGN_INFLUENCE."
_RESTORE_20260907,HEALTH__FED_CMS_HPT_MRF,1,"Looks like a technical backup copy, not original content -- appears to be a backup of hospital price-transparency files (what a hospital charges different insurers for a billing code); only 1 row present."
_RESTORE_20260907,HISTORY__FED_DAVID_RUMSEY,10,"Looks like a technical backup copy, not original content -- appears to be a backup of the David Rumsey historical map collection (map title, publisher, date, geographic coverage, image links); only 10 rows present."
_RESTORE_20260907,JUSTICE__FED_USCOURTS_STATS,50,"Looks like a technical backup copy, not original content -- appears to be a backup of federal court caseload statistics (filings, terminations, pending cases by district, circuit, and case type); only 50 rows, and may be an early duplicate of content that belongs under a broader court-data schema."
_RESTORE_20260907,OPEN_DATA__INTL_BR_DADOS_GOV,10,"Looks like a technical backup copy, not original content -- appears to be a backup of Brazil's national open-data portal catalog (dataset titles, publishing agency, topic, download links); only 10 rows present."
_RESTORE_20260907,PROCUREMENT__INTL_ADB_DATA,41,"Looks like a technical backup copy, not original content -- appears to be a backup of Asian Development Bank project and loan data (country, project name, sector, loan amount, status); only 41 rows present."
_RESTORE_20260907,TRANSPORT__FED_FAA_DATA_PORTAL,3,"Looks like a technical backup copy, not original content -- appears to be a backup of the FAA's open-data-portal catalog (dataset names, categories, access links, geographic scope); only 3 rows present."
CORE,DIM_COUNTY,3222,"A reference lookup table, not investigative content -- every US county with its FIPS code, name, state, 2020 population, and map coordinates."
CORE,DIM_DATE,31411,"A reference lookup table, not investigative content -- a calendar of individual dates with year, quarter, month, weekday, and US fiscal-year labels attached, used to line up other tables against real calendar time."
CORE,DIM_STATE,56,"A reference lookup table, not investigative content -- every US state and territory with its FIPS code, postal abbreviation, name, and whether it's a territory."
CORE,DIM_TRACT,85391,"A reference lookup table, not investigative content -- every US census tract with its ID, county, state, 2020 population, and map coordinates."
CORE,DIM_ZIP_POINT,33486,"A reference lookup table, not investigative content -- every US zip code (ZCTA) with its home county, state, and map coordinates."
CORE,XWALK_ZCTA_COUNTY,46960,"A reference lookup table, not investigative content -- a crosswalk matching zip codes to the counties they overlap, since some zip codes span more than one county."
SCIENCE,SCIENCE__FED_NASA_OPEN_DATA,54,"A catalog of items pulled from NASA's open-data APIs -- title, description, media type, and a link to each item, plus the raw API response; not scientific measurements themselves."
SCIENCE,SCIENCE__FED_NSF_AWARDS,115,"National Science Foundation research grants -- who got the money (institution and lead researcher), how much, when, and a summary of what the research is about."
SCIENCE,SCIENCE__FED_USGS_EARTHQUAKES,443274,"US Geological Survey catalog of earthquakes magnitude 2.5 and up -- one row per quake with time, location, depth, and magnitude."
SCIENCE,SCIENCE__INTL_EMBL_ENSEMBL,643,"Genome database records from the European Ensembl project -- gene and genetic-variant information by species, genome location, and type."
SCIENCE,SCIENCE__INTL_EMBL_ENSEMBL__PREV_20260907,643,"A dated snapshot (2026-09-07) of the Ensembl genome table above -- a prior-version copy kept before an update, same content as SCIENCE__INTL_EMBL_ENSEMBL."
SCIENCE,SCIENCE__XC_OWID_AI_INCIDENTS_ANNUAL,14,"Yearly count of reported AI-related incidents and controversies by country, built by combining sources via Our World in Data's tracker."
SCIENCE_RESEARCH,SCIENCE_RESEARCH__FED_NIH_REPORTER,2122611,"Every NIH research grant application from fiscal year 2000 through 2026 -- which organization and researcher got it, how much money, project dates, and which review panel scored it; a full 27-year crawl of NIH's own database."
SCIENCE_RESEARCH,SCIENCE_RESEARCH__FED_RETRACTION_WATCH,71591,"Scholarly papers that got retracted or corrected -- the journal, the authors and their institutions, the paper's ID numbers, and the stated reason it was pulled or fixed."
SCIENCE_RESEARCH,SCIENCE_RESEARCH__FED_SBIR_STTR_AWARDS,219503,"Federal small-business research grants under the SBIR/STTR program -- which agency gave it, what phase and program, how much money, and which company got it."
SCIENCE_RESEARCH,SCIENCE_RESEARCH__XC_BIORXIV_MEDRXIV,432,"Science preprints from bioRxiv/medRxiv -- title, authors, funding source, and whether and when the preprint later got published in a peer-reviewed journal, plus view and download counts."
SCIENCE_RESEARCH,SCIENCE_RESEARCH__XC_OSF_REGISTRATIONS,10,"A tiny 10-row test sample, not the full dataset, of the Open Science Framework's study-registration registry -- pre-registered research plans with their title, category, and status."
SCIENCE_RESEARCH,SCIENCE_RESEARCH__XC_RETRACTION_WATCH_DATABASE,71388,"Retraction Watch's database of retracted or corrected scholarly papers -- journal, authors, institutions, and the reason each paper was pulled or fixed; overlaps with the other Retraction Watch table in this warehouse."
CONSUMER_SAFETY,CONSUMER_SAFETY__FED_CPSC_NEISS,9794971,"Consumer Product Safety Commission emergency-room injury reports -- one row per ER visit tied to a product, with the patient's age, sex, and race, what body part and how they were hurt, and which product was involved."
CONSUMER_SAFETY,CONSUMER_SAFETY__FED_NHTSA_COMPLAINTS,2227941,"Consumer complaints filed with NHTSA about vehicle problems -- make, model, and year, what broke, whether it caused a crash, fire, injury, or death, and the driver's own description."
CONSUMER_SAFETY,CONSUMER_SAFETY__FED_NHTSA_INVESTIGATIONS,154209,"NHTSA's formal investigations into possible vehicle safety defects -- make and model, the component investigated, when it opened and closed, and whether it led to a recall."
CONSUMER_SAFETY,CONSUMER_SAFETY__FED_NHTSA_RECALLS,241861,"Official vehicle recalls from NHTSA -- make, model, and year, what part was defective, what could go wrong, how it was fixed, and how many vehicles were affected."
HISTORY,HISTORY__FED_DENSHO_DDR,25,"Archival items from Densho's collection on Japanese-American incarceration during WWII -- object title, narrator, camp or facility, topic, and a description."
HISTORY,HISTORY__FED_DOCSOUTH,144,"Historical documents from UNC's 'Documenting the American South' archive -- title, author, publication date, and links to the full text."
HISTORY,HISTORY__FED_SLAVEVOYAGES_TRANSATLANTIC,36108,"The SlaveVoyages transatlantic database -- one row per slave-ship voyage, with ship name, captains, departure and arrival ports and dates, and estimated numbers of enslaved men, women, and children carried and how many survived; column names are the original terse research codes (e.g. ADULT1, TONNAGE)."
HISTORY,HISTORY__FED_WPA_SLAVE_NARRATIVES,100,"Depression-era WPA interviews with formerly enslaved people -- interviewee name, interviewer, date and state of the interview, subjects discussed, and the full transcribed text."
PROCUREMENT,PROCUREMENT__FED_SAM_EXCLUSIONS,168328,"The federal government's do-not-do-business list -- companies and individuals barred from federal contracts or grants, why, which agency excluded them, and whether the ban is still active."
PROCUREMENT,PROCUREMENT__FED_USASPENDING_BULK,49613,"A sample only, not the full dataset -- a 50,000-row slice of federal contract spending transactions from USAspending (a corpus of hundreds of millions of rows); shows which company got a contract, from which agency, for how much, and what it was for. Don't use for totals -- a dedicated full loader is still needed."
PROCUREMENT,PROCUREMENT__FED_USASPENDING_SUBAWARDS,5000,"A sample only, not the full dataset -- a 5,000-row slice of USAspending's subaward data (money passed from a prime federal contractor down to a subcontractor), landed as raw JSON blobs. For shape and testing only."
PROCUREMENT,PROCUREMENT__INTL_EC_SERCOP,132995,"Ecuador's public procurement system (SERCOP) -- government tenders, who bid, who won, contract value, and dates, published in the open-contracting data format."
EPSTEIN,FCT_DATASET_SIZE_HISTORY,339,"Looks like a page-monitoring/tracking table, not primary investigative data -- tracks how the file count on a specific web page (a numbered 'dataset' listing) changed each time it was checked, not the files themselves."
EPSTEIN,FCT_LIBRARY_SNAPSHOT,619,"Looks like a page-monitoring/tracking table, not primary investigative data -- a log of individual files seen on a tracked web page, when each was first and last spotted and how many times."
EPSTEIN,FCT_WAYBACK_PAGE_CHANGES,203305,"Looks like a page-monitoring/tracking table, not primary investigative data -- records every time an Internet Archive Wayback Machine snapshot of a tracked web page changed, appeared, or vanished, with before/after status codes and content fingerprints."
INVESTIGATIONS,INVESTIGATIONS__INTL_LEIDEN_RUSSIAN_OPS_EUROPE,150,"A Leiden University research catalog of suspected Russian operations and incidents in Europe -- what happened, where, when, the apparent goal, the type of target, and who was allegedly involved."
INVESTIGATIONS,INVESTIGATIONS__XC_WAYBACK_REPLAY_DOJ_DEEP_PAGES,2542,"Archived web pages, not primary investigative data on its own -- links found on deeper, secondary Department of Justice web pages, captured through the Internet Archive Wayback Machine, with link text and when it was fetched."
INVESTIGATIONS,INVESTIGATIONS__XC_WAYBACK_REPLAY_DOJ_LISTING,24897,"Archived web pages, not primary investigative data on its own -- links found on Department of Justice listing and index pages, captured through the Internet Archive Wayback Machine; the larger sibling of the 'deep pages' table above."
GOVERNMENT_RECORDS,GOVERNMENT_RECORDS__FED_NARA_AAD,9,"A small sample (9 rows) of National Archives records pulled from its Access to Archival Databases system -- person name, location, record group, and a description, with the original raw fields kept as-is."
GOVERNMENT_RECORDS,GOVERNMENT_RECORDS__FED_USASPENDING_TAS_FILTER_TREE,92,"A reference tree of USAspending's Treasury account categories used to filter federal spending by agency -- not spending data itself, just the category structure and how many accounts sit under each branch."
REVIEW,COHORT_QUEUE,903,"An internal triage list, not raw source data -- groups of similar companies (by industry and size) ranked by how suspicious their injury-rate numbers look, with outlier counts and a sample of receipts, meant to queue up leads for a person to review."
REVIEW,LEAD_QUEUE,17596,"An internal leads queue, not raw source data -- individual matches flagged by an automated detector (for example, a provider who shows up on a health-fraud exclusion list), with the two records being compared, dollar amounts involved, and a review status for a person to work through."
CONSUMER_PROTECTION,CONSUMER_PROTECTION__FED_CFPB_COMPLAINTS,17168287,"Consumer Financial Protection Bureau complaints -- one row per complaint about a financial company, the product and issue involved, how the company responded, and the complaint text if the person shared one."
CRIMINAL_JUSTICE,CRIMINAL_JUSTICE__FED_BJS_DATA,1000,"Bureau of Justice Statistics crime-victimization survey data -- a surveyed person's demographics, the type of crime they experienced, whether police were told, the weapon and injury involved, and survey weighting used to scale up to national estimates."
FOREIGN_INFLUENCE,FOREIGN_INFLUENCE__FED_FARA_BULK,48103,"Foreign Agents Registration Act filings -- who registered as a foreign agent, which foreign government or company they represent, registration and termination dates, and links to the filed documents; this is the fuller bulk version (compare the tiny FARA table in the backup schema)."
GOVERNANCE,GOVERNANCE__FED_REVOLVINGDOOR_PROJECT,405,"The Revolving Door Project's tracker of federal government positions -- the agency, the role, and which industries have a financial interest in that role, used to flag potential conflicts of interest."
HISTORICAL_RECORDS,HISTORICAL_RECORDS__FED_SLAVEVOYAGES_INTRAAMERICAN,11521,"The SlaveVoyages intra-American database -- voyages that moved enslaved people between ports within the Americas rather than across the Atlantic, with ship name, captain, ports, dates, and estimated numbers of people carried by age and sex; column names are the original terse research codes."
JUDICIARY,JUDICIARY__FED_OYEZ,25,"Supreme Court case records from the Oyez project -- case name, term, petitioner and respondent, argument and decision dates, the ruling and vote, and links to audio and transcripts of the oral argument. Small at only 25 rows -- may be an early duplicate of case data that belongs under a broader court-data schema."
LAND_AND_TERRITORY,LAND_AND_TERRITORY__FED_BIA_TRIBAL_GEO,335,"Bureau of Indian Affairs map data on tribal land areas -- the area's name, its acreage, and its boundary shape as map geometry."
LEGAL_ENFORCEMENT,LEGAL_ENFORCEMENT__FED_NAAG_MULTISTATE_SETTLEMENTS,882,"Multistate legal settlements tracked by the National Association of Attorneys General -- the case, which company or companies were sued, which states' attorneys general led it, the total settlement amount, and what industry or issue it involved."
MARITIME,MARITIME__FED_NOAA_AIS,58104610,"NOAA's ship-tracking data (AIS) -- a vessel's position, speed, heading, and identifying details (name, call sign, size) captured at a point in time; tens of millions of position pings."
MONEY_FINANCE,MONEY__DEBT_REPAYMENT_CLIFF,938,"A country-by-year look at how much debt a country owes and repays -- total debt payments, how much is principal versus interest, how that changed from the prior year, and whether the year is flagged as a repayment 'cliff' (a sudden spike due) or peak."
REGULATORY,REGULATORY__FED_FEDERAL_REGISTER_DOCUMENTS,94731,"Federal Register filings -- every rule, notice, proposed rule, or executive order published by a federal agency, with its title, summary, publication date, when it takes effect, and links to the full text."
