table_a,table_b,key,tier,col_a,col_b,matched,distinct_a,distinct_b,match_rate
CA_LOBBY_CHG_LOG,FED_CMS_HOSPITAL_GENERAL,NAME@ZIP,CORROBORATED,FILER_FULL_NAME+FILER_ZIP,FACILITY_NAME+ZIP_CODE,5,10498,5427,0.1
CA_LOBBY_CHG_LOG,FED_CMS_MEDICARE_PHYSICIAN_OTHER_PRACTITIONERS_BY_PROVIDER,NAME@ZIP,CORROBORATED,FILER_FULL_NAME+FILER_ZIP,RNDRNG_PRVDR_LAST_ORG_NAME+RNDRNG_PRVDR_ZIP5,34,10498,1204005,0.3
CA_LOBBY_CHG_LOG,FED_CMS_MEDICARE_PHYSICIAN_OTHER_PRACTITIONERS_BY_PROVIDER_AND_SERVI,NAME@ZIP,CORROBORATED,FILER_FULL_NAME+FILER_ZIP,RNDRNG_PRVDR_LAST_ORG_NAME+RNDRNG_PRVDR_ZIP5,34,10498,1125418,0.3
CA_LOBBY_CHG_LOG,FED_CMS_MEDICARE_PROVIDER,NAME@ZIP,CORROBORATED,FILER_FULL_NAME+FILER_ZIP,RNDRNG_PRVDR_LAST_ORG_NAME+RNDRNG_PRVDR_ZIP5,34,10498,1204005,0.3
CA_LOBBY_CHG_LOG,FED_CMS_POS_OTHER,NAME@ZIP,CORROBORATED,FILER_FULL_NAME+FILER_ZIP,FAC_NAME+ZIP_CD,8,10498,40109,0.1
CA_LOBBY_CHG_LOG,FED_DEA_ARCOS_FULL,NAME@ZIP,CORROBORATED,FILER_FULL_NAME+FILER_ZIP,BUYER_NAME+BUYER_ZIP,7,10498,127173,0.1
CA_LOBBY_CHG_LOG,FED_DOL_OFCCP_CSAL,NAME@ZIP,CORROBORATED,FILER_FULL_NAME+FILER_ZIP,ESTABLISHMENT_NAME+ZIP,9,10498,1978,0.5
CA_LOBBY_CHG_LOG,FED_EIA860_1_UTILITY,NAME@ZIP,CORROBORATED,FILER_FULL_NAME+FILER_ZIP,UTILITY_NAME+ZIP,25,10498,5530,0.5
CA_LOBBY_CHG_LOG,FED_EPA_FRS_FRS_FACILITIES,NAME@ZIP,CORROBORATED,FILER_FULL_NAME+FILER_ZIP,FAC_NAME+FAC_ZIP,495,10498,2699357,4.7
CA_LOBBY_CHG_LOG,FED_EPA_FRS_FRS_PROGRAM_LINKS,NAME@ZIP,CORROBORATED,FILER_FULL_NAME+FILER_ZIP,PRIMARY_NAME+POSTAL_CODE,557,10498,3338955,5.3
CA_LOBBY_CHG_LOG,FED_EPA_FRS_FULL,NAME@ZIP,CORROBORATED,FILER_FULL_NAME+FILER_ZIP,PRIMARY_NAME+POSTAL_CODE,558,10498,4325132,5.3
CA_LOBBY_CHG_LOG,FED_EPA_GHGRP_FACILITY,NAME@ZIP,CORROBORATED,FILER_FULL_NAME+FILER_ZIP,FACILITY_NAME+ZIP,14,10498,12485,0.1
CA_LOBBY_CHG_LOG,FED_EPA_ICIS_AIR_ICIS_AIR_FACILITIES,NAME@ZIP,CORROBORATED,FILER_FULL_NAME+FILER_ZIP,FACILITY_NAME+ZIP_CODE,33,10498,270351,0.3
CA_LOBBY_CHG_LOG,FED_EPA_ICIS_FEC_CASE_ENFORCEMENT_CONCLUSION_FACILITIES,NAME@ZIP,CORROBORATED,FILER_FULL_NAME+FILER_ZIP,FACILITY_NAME+FACILITY_ZIP,62,10498,108488,0.6
CA_LOBBY_CHG_LOG,FED_EPA_ICIS_FEC_CASE_FACILITIES,NAME@ZIP,CORROBORATED,FILER_FULL_NAME+FILER_ZIP,FACILITY_NAME+ZIP,62,10498,117594,0.6
CA_LOBBY_CHG_LOG,FED_EPA_NPDES_ICIS_FACILITIES,NAME@ZIP,CORROBORATED,FILER_FULL_NAME+FILER_ZIP,FACILITY_NAME+ZIP,84,10498,1077821,0.8
CA_LOBBY_CHG_LOG,FED_EPA_RCRA_FACILITIES,NAME@ZIP,CORROBORATED,FILER_FULL_NAME+FILER_ZIP,FACILITY_NAME+ZIP_CODE,439,10498,1429903,4.2
CA_LOBBY_CHG_LOG,FED_EPA_RCRA_RCRA_FACILITIES,NAME@ZIP,CORROBORATED,FILER_FULL_NAME+FILER_ZIP,FACILITY_NAME+ZIP_CODE,439,10498,1429903,4.2
CA_LOBBY_CHG_LOG,FED_EPA_SDWA_SDWA_PUB_WATER_SYSTEMS,NAME@ZIP,CORROBORATED,FILER_FULL_NAME+FILER_ZIP,PWS_NAME+ZIP_CODE,52,10498,395686,0.5
CA_LOBBY_CHG_LOG,FED_EPA_TRI_BASIC_2023,NAME@ZIP,CORROBORATED,FILER_FULL_NAME+FILER_ZIP,C_4_FACILITY_NAME+C_9_ZIP,9,10498,21697,0.1
CA_LOBBY_CHG_LOG,FED_EPA_TRI_FACILITY,NAME@ZIP,CORROBORATED,FILER_FULL_NAME+FILER_ZIP,FACILITY_NAME+ZIP_CODE,20,10498,63963,0.2
CA_LOBBY_CHG_LOG,FED_FAA_AIRCRAFT_REGISTRY,NAME@ZIP,CORROBORATED,FILER_FULL_NAME+FILER_ZIP,NAME+ZIP_CODE,32,10498,205605,0.3
CA_LOBBY_CHG_LOG,FED_FAC_SINGLE_AUDIT,NAME@ZIP,CORROBORATED,FILER_FULL_NAME+FILER_ZIP,AUDITEE_NAME+AUDITEE_ZIP,358,10498,103191,3.4
CA_LOBBY_CHG_LOG,FED_FEC_COMMITTEE_TO_CANDIDATE,NAME@ZIP,CORROBORATED,FILER_FULL_NAME+FILER_ZIP,NAME+ZIP_CODE,19,10498,17747,0.2
CA_LOBBY_CHG_LOG,FED_FEC_INDIV_CONTRIBUTIONS,NAME@ZIP,CORROBORATED,FILER_FULL_NAME+FILER_ZIP,NAME+ZIP_CODE,95,10498,5251703,0.9
CA_LOBBY_CHG_LOG,FED_HRSA_HPSA_PRIMARY_CARE,NAME@ZIP,CORROBORATED,FILER_FULL_NAME+FILER_ZIP,HPSA_COMPONENT_NAME+COMMON_POSTAL_CODE,10,10498,6952,0.1
CA_LOBBY_CHG_LOG,FED_HRSA_SHORTAGE_AREAS,NAME@ZIP,CORROBORATED,FILER_FULL_NAME+FILER_ZIP,HPSA_COMPONENT_NAME+COMMON_POSTAL_CODE,11,10498,7829,0.1
CA_LOBBY_CHG_LOG,FED_IRS_AUTO_REVOCATIONS,NAME@ZIP,CORROBORATED,FILER_FULL_NAME+FILER_ZIP,LEGAL_NAME+ZIP_CODE,44,10498,1149844,0.4
CA_LOBBY_CHG_LOG,FED_IRS_BMF,NAME@ZIP,CORROBORATED,FILER_FULL_NAME+FILER_ZIP,NAME+ZIP,245,10498,1868041,2.3
CA_LOBBY_CHG_LOG,FED_IRS_EO_BMF,NAME@ZIP,CORROBORATED,FILER_FULL_NAME+FILER_ZIP,NAME+ZIP,244,10498,1878425,2.3
CA_LOBBY_CHG_LOG,FED_IRS_REVOCATION,NAME@ZIP,CORROBORATED,FILER_FULL_NAME+FILER_ZIP,LEGAL_NAME+ZIP_CODE,44,10498,1149230,0.4
CA_LOBBY_CHG_LOG,FED_OSHA_ITA_300A_SUMMARY_2023,NAME@ZIP,CORROBORATED,FILER_FULL_NAME+FILER_ZIP,ESTABLISHMENT_NAME+ZIP_CODE,93,10498,373106,0.9
CA_LOBBY_CHG_LOG,FED_OSHA_ITA_300A_SUMMARY_2024,NAME@ZIP,CORROBORATED,FILER_FULL_NAME+FILER_ZIP,ESTABLISHMENT_NAME+ZIP_CODE,100,10498,360069,1.0
CA_LOBBY_CHG_LOG,FED_OSHA_ITA_300A_SUMMARY_2025,NAME@ZIP,CORROBORATED,FILER_FULL_NAME+FILER_ZIP,ESTABLISHMENT_NAME+ZIP_CODE,93,10498,375575,0.9
CA_LOBBY_CHG_LOG,FED_OSHA_ITA_CASE_DETAIL_2023,NAME@ZIP,CORROBORATED,FILER_FULL_NAME+FILER_ZIP,ESTABLISHMENT_NAME+ZIP_CODE,26,10498,85607,0.2
CA_LOBBY_CHG_LOG,FED_OSHA_ITA_CASE_DETAIL_2024,NAME@ZIP,CORROBORATED,FILER_FULL_NAME+FILER_ZIP,ESTABLISHMENT_NAME+ZIP_CODE,37,10498,59854,0.4
CA_LOBBY_CHG_LOG,FED_OSHA_ITA_CASE_DETAIL_2025,NAME@ZIP,CORROBORATED,FILER_FULL_NAME+FILER_ZIP,ESTABLISHMENT_NAME+ZIP_CODE,22,10498,33457,0.2
CA_LOBBY_CHG_LOG,FED_SEC_13F_FILERS,NAME@ZIP,CORROBORATED,FILER_FULL_NAME+FILER_ZIP,FILINGMANAGER_NAME+FILINGMANAGER_ZIPCODE,188,10498,18430,1.8
CA_LOBBY_CHG_LOG,FED_USASPENDING_CONTRACTS,NAME@ZIP,CORROBORATED,FILER_FULL_NAME+FILER_ZIP,RECIPIENT_NAME+RECIPIENT_ZIP_4_CODE,131,10498,91616,1.2
CA_LOBBY_CHG_LOG,FED_USCG_NRC_INCIDENTS,NAME@ZIP,CORROBORATED,FILER_FULL_NAME+FILER_ZIP,RESPONSIBLE_COMPANY+RESPONSIBLE_ZIP,73,10498,93650,0.7
CA_LOBBY_CHG_LOG,FED_USCG_NRC_INCIDENT_REPORTS,NAME@ZIP,CORROBORATED,FILER_FULL_NAME+FILER_ZIP,RESPONSIBLE_COMPANY+RESPONSIBLE_ZIP,22,10498,15011,0.2
CA_LOBBY_CHG_LOG,IRS527_DIRECTORS_OFFICERS,NAME@ZIP,CORROBORATED,FILER_FULL_NAME+FILER_ZIP,ENTITY_NAME+ENTITY_ZIP,38,10498,118803,0.4
CA_LOBBY_CHG_LOG,IRS527_RELATED_ENTITIES,NAME@ZIP,CORROBORATED,FILER_FULL_NAME+FILER_ZIP,ENTITY_NAME+ENTITY_ZIP,158,10498,11739,1.5
FED_ATF_FFL,FED_ATF_FFL_LOCATIONS,NAME@ZIP,CORROBORATED,USER_LICENSE_NAME+USER_MAIL_ZIP_CODE,ATTRIBUTES_USER_LICENSE_NAME+ATTRIBUTES_USER_MAIL_ZIP_CODE,16,65102,16,100.0
FED_ATF_FFL,FED_CMS_MEDICARE_DURABLE_MEDICAL_EQUIPMENT_DEVICES_SUPPLIES_BY_SUPPL,NAME@ZIP,CORROBORATED,USER_LICENSE_NAME+USER_MAIL_ZIP_CODE,SUPLR_PRVDR_LAST_NAME_ORG+SUPLR_PRVDR_ZIP5,15,65102,49703,0.0
FED_ATF_FFL,FED_CMS_MEDICARE_PHYSICIAN_OTHER_PRACTITIONERS_BY_PROVIDER,NAME@ZIP,CORROBORATED,USER_LICENSE_NAME+USER_MAIL_ZIP_CODE,RNDRNG_PRVDR_LAST_ORG_NAME+RNDRNG_PRVDR_ZIP5,44,65102,1204005,0.1
FED_ATF_FFL,FED_CMS_MEDICARE_PHYSICIAN_OTHER_PRACTITIONERS_BY_PROVIDER_AND_SERVI,NAME@ZIP,CORROBORATED,USER_LICENSE_NAME+USER_MAIL_ZIP_CODE,RNDRNG_PRVDR_LAST_ORG_NAME+RNDRNG_PRVDR_ZIP5,43,65102,1125418,0.1
FED_ATF_FFL,FED_CMS_MEDICARE_PROVIDER,NAME@ZIP,CORROBORATED,USER_LICENSE_NAME+USER_MAIL_ZIP_CODE,RNDRNG_PRVDR_LAST_ORG_NAME+RNDRNG_PRVDR_ZIP5,44,65102,1204005,0.1
FED_ATF_FFL,FED_CMS_PART_D_PRESCRIBERS,NAME@ZIP,CORROBORATED,USER_LICENSE_NAME+USER_MAIL_ZIP_CODE,PRSCRBR_LAST_ORG_NAME+PRSCRBR_ZIP5,5,65102,1310291,0.0
FED_ATF_FFL,FED_DEA_ARCOS_FULL,NAME@ZIP,CORROBORATED,USER_LICENSE_NAME+USER_MAIL_ZIP_CODE,BUYER_NAME+BUYER_ZIP,32,65102,127173,0.0
FED_ATF_FFL,FED_EPA_FRS_FRS_FACILITIES,NAME@ZIP,CORROBORATED,USER_LICENSE_NAME+USER_MAIL_ZIP_CODE,FAC_NAME+FAC_ZIP,606,65102,2699357,0.9
FED_ATF_FFL,FED_EPA_FRS_FRS_PROGRAM_LINKS,NAME@ZIP,CORROBORATED,USER_LICENSE_NAME+USER_MAIL_ZIP_CODE,PRIMARY_NAME+POSTAL_CODE,708,65102,3338955,1.1
FED_ATF_FFL,FED_EPA_FRS_FULL,NAME@ZIP,CORROBORATED,USER_LICENSE_NAME+USER_MAIL_ZIP_CODE,PRIMARY_NAME+POSTAL_CODE,859,65102,4325132,1.3
FED_ATF_FFL,FED_EPA_ICIS_AIR_ICIS_AIR_FACILITIES,NAME@ZIP,CORROBORATED,USER_LICENSE_NAME+USER_MAIL_ZIP_CODE,FACILITY_NAME+ZIP_CODE,101,65102,270351,0.2
FED_ATF_FFL,FED_EPA_ICIS_FEC_CASE_ENFORCEMENT_CONCLUSION_FACILITIES,NAME@ZIP,CORROBORATED,USER_LICENSE_NAME+USER_MAIL_ZIP_CODE,FACILITY_NAME+FACILITY_ZIP,58,65102,108488,0.1
FED_ATF_FFL,FED_EPA_ICIS_FEC_CASE_FACILITIES,NAME@ZIP,CORROBORATED,USER_LICENSE_NAME+USER_MAIL_ZIP_CODE,FACILITY_NAME+ZIP,60,65102,117594,0.1
FED_ATF_FFL,FED_EPA_NPDES_ICIS_FACILITIES,NAME@ZIP,CORROBORATED,USER_LICENSE_NAME+USER_MAIL_ZIP_CODE,FACILITY_NAME+ZIP,205,65102,1077821,0.3
FED_ATF_FFL,FED_EPA_RCRA_FACILITIES,NAME@ZIP,CORROBORATED,USER_LICENSE_NAME+USER_MAIL_ZIP_CODE,FACILITY_NAME+ZIP_CODE,517,65102,1429903,0.8
FED_ATF_FFL,FED_EPA_RCRA_RCRA_FACILITIES,NAME@ZIP,CORROBORATED,USER_LICENSE_NAME+USER_MAIL_ZIP_CODE,FACILITY_NAME+ZIP_CODE,517,65102,1429903,0.8
FED_ATF_FFL,FED_EPA_SDWA_SDWA_PUB_WATER_SYSTEMS,NAME@ZIP,CORROBORATED,USER_LICENSE_NAME+USER_MAIL_ZIP_CODE,PWS_NAME+ZIP_CODE,92,65102,395686,0.1
FED_ATF_FFL,FED_EPA_TRI_BASIC_2023,NAME@ZIP,CORROBORATED,USER_LICENSE_NAME+USER_MAIL_ZIP_CODE,C_4_FACILITY_NAME+C_9_ZIP,74,65102,21697,0.3
FED_ATF_FFL,FED_EPA_TRI_FACILITY,NAME@ZIP,CORROBORATED,USER_LICENSE_NAME+USER_MAIL_ZIP_CODE,FACILITY_NAME+ZIP_CODE,106,65102,63963,0.2
FED_ATF_FFL,FED_FAA_AIRCRAFT_REGISTRY,NAME@ZIP,CORROBORATED,USER_LICENSE_NAME+USER_MAIL_ZIP_CODE,NAME+ZIP_CODE,163,65102,205605,0.3
FED_ATF_FFL,FED_FAC_SINGLE_AUDIT,NAME@ZIP,CORROBORATED,USER_LICENSE_NAME+USER_MAIL_ZIP_CODE,AUDITEE_NAME+AUDITEE_ZIP,17,65102,103191,0.0
FED_ATF_FFL,FED_FCC_LICENSING,NAME@ZIP,CORROBORATED,USER_LICENSE_NAME+USER_MAIL_ZIP_CODE,ENTITY_NAME+ZIP_CODE,268,65102,1502987,0.4
FED_ATF_FFL,FED_FEC_COMMITTEE_TO_CANDIDATE,NAME@ZIP,CORROBORATED,USER_LICENSE_NAME+USER_MAIL_ZIP_CODE,NAME+ZIP_CODE,6,65102,17747,0.0
FED_ATF_FFL,FED_FEC_INDIV_CONTRIBUTIONS,NAME@ZIP,CORROBORATED,USER_LICENSE_NAME+USER_MAIL_ZIP_CODE,NAME+ZIP_CODE,224,65102,5251703,0.3
FED_ATF_FFL,FED_IRS_AUTO_REVOCATIONS,NAME@ZIP,CORROBORATED,USER_LICENSE_NAME+USER_MAIL_ZIP_CODE,LEGAL_NAME+ZIP_CODE,18,65102,1149844,0.0
FED_ATF_FFL,FED_IRS_BMF,NAME@ZIP,CORROBORATED,USER_LICENSE_NAME+USER_MAIL_ZIP_CODE,NAME+ZIP,83,65102,1868041,0.1
FED_ATF_FFL,FED_IRS_EO_BMF,NAME@ZIP,CORROBORATED,USER_LICENSE_NAME+USER_MAIL_ZIP_CODE,NAME+ZIP,84,65102,1878425,0.1
FED_ATF_FFL,FED_IRS_REVOCATION,NAME@ZIP,CORROBORATED,USER_LICENSE_NAME+USER_MAIL_ZIP_CODE,LEGAL_NAME+ZIP_CODE,18,65102,1149230,0.0
FED_ATF_FFL,FED_NTSB_AVIATION_AIRCRAFT,NAME@ZIP,CORROBORATED,USER_LICENSE_NAME+USER_MAIL_ZIP_CODE,OPER_NAME+OWNER_ZIP,6,65102,14890,0.0
FED_ATF_FFL,FED_OSHA_ITA_300A_SUMMARY_2023,NAME@ZIP,CORROBORATED,USER_LICENSE_NAME+USER_MAIL_ZIP_CODE,ESTABLISHMENT_NAME+ZIP_CODE,277,65102,373106,0.4
FED_ATF_FFL,FED_OSHA_ITA_300A_SUMMARY_2024,NAME@ZIP,CORROBORATED,USER_LICENSE_NAME+USER_MAIL_ZIP_CODE,ESTABLISHMENT_NAME+ZIP_CODE,257,65102,360069,0.4
FED_ATF_FFL,FED_OSHA_ITA_300A_SUMMARY_2025,NAME@ZIP,CORROBORATED,USER_LICENSE_NAME+USER_MAIL_ZIP_CODE,ESTABLISHMENT_NAME+ZIP_CODE,251,65102,375575,0.4
FED_ATF_FFL,FED_OSHA_ITA_CASE_DETAIL_2023,NAME@ZIP,CORROBORATED,USER_LICENSE_NAME+USER_MAIL_ZIP_CODE,ESTABLISHMENT_NAME+ZIP_CODE,79,65102,85607,0.1
FED_ATF_FFL,FED_OSHA_ITA_CASE_DETAIL_2024,NAME@ZIP,CORROBORATED,USER_LICENSE_NAME+USER_MAIL_ZIP_CODE,ESTABLISHMENT_NAME+ZIP_CODE,38,65102,59854,0.1
FED_ATF_FFL,FED_OSHA_ITA_CASE_DETAIL_2025,NAME@ZIP,CORROBORATED,USER_LICENSE_NAME+USER_MAIL_ZIP_CODE,ESTABLISHMENT_NAME+ZIP_CODE,32,65102,33457,0.1
FED_ATF_FFL,FED_USASPENDING_CONTRACTS,NAME@ZIP,CORROBORATED,USER_LICENSE_NAME+USER_MAIL_ZIP_CODE,RECIPIENT_NAME+RECIPIENT_ZIP_4_CODE,544,65102,91616,0.8
FED_ATF_FFL,FED_USCG_NRC_INCIDENTS,NAME@ZIP,CORROBORATED,USER_LICENSE_NAME+USER_MAIL_ZIP_CODE,RESPONSIBLE_COMPANY+RESPONSIBLE_ZIP,43,65102,93650,0.1
FED_ATF_FFL,FED_USCG_NRC_INCIDENT_REPORTS,NAME@ZIP,CORROBORATED,USER_LICENSE_NAME+USER_MAIL_ZIP_CODE,RESPONSIBLE_COMPANY+RESPONSIBLE_ZIP,11,65102,15011,0.1
FED_ATF_FFL,IRS527_DIRECTORS_OFFICERS,NAME@ZIP,CORROBORATED,USER_LICENSE_NAME+USER_MAIL_ZIP_CODE,ENTITY_NAME+ENTITY_ZIP,6,65102,118803,0.0
FED_ATF_FFL_LOCATIONS,FED_USASPENDING_CONTRACTS,NAME@ZIP,CORROBORATED,ATTRIBUTES_USER_LICENSE_NAME+ATTRIBUTES_USER_MAIL_ZIP_CODE,RECIPIENT_NAME+RECIPIENT_ZIP_4_CODE,6,16,91616,37.5
FED_BLS_QCEW,FED_CDC_DRUG_POISONING_COUNTY,FIPS,GEO,AREA_FIPS,FIPS,3133,4429,3141,99.7
FED_BLS_QCEW,FED_CDC_INJURY_VIOLENCE_COUNTY,FIPS,GEO,AREA_FIPS,GEOID,3142,4429,3144,99.9
FED_BLS_QCEW,FED_EPA_ECHO,FIPS,GEO,AREA_FIPS,FAC_FIPS_CODE,3220,4429,3232,99.6
FED_BLS_QCEW,FED_EPA_FRS_FRS_PROGRAM_LINKS,FIPS,GEO,AREA_FIPS,FIPS_CODE,3249,4429,6578,73.4
FED_BLS_QCEW,FED_EPA_FRS_FULL,FIPS,GEO,AREA_FIPS,FIPS_CODE,3241,4429,6780,73.2
FED_BLS_QCEW,FED_EPA_GHGRP_FACILITY,FIPS,GEO,AREA_FIPS,COUNTY_FIPS,2161,4429,2163,99.9
FED_BLS_QCEW,FED_EPA_TRI_FACILITY,FIPS,GEO,AREA_FIPS,STATE_COUNTY_FIPS_CODE,2847,4429,2855,99.7
FED_BLS_QCEW,FED_FEMA_IA_HOUSING_REGISTRATIONS,FIPS,GEO,AREA_FIPS,FIPS,3171,4429,3188,99.5
FED_BLS_QCEW,FED_HRSA_HPSA_PRIMARY_CARE,FIPS,GEO,AREA_FIPS,COMMON_STATE_COUNTY_FIPS_CODE,3161,4429,3234,97.7
FED_BLS_QCEW,FED_HRSA_SHORTAGE_AREAS,FIPS,GEO,AREA_FIPS,COMMON_STATE_COUNTY_FIPS_CODE,3216,4429,3290,97.8
FED_BLS_QCEW,FED_USDA_RD_MFH_ACTIVE_PROJECTS,FIPS,GEO,AREA_FIPS,STATE_COUNTY_FIPS_CODE,2722,4429,2725,99.9
FED_BLS_QCEW,XC_VERA_INCARCERATION_TRENDS,FIPS,GEO,AREA_FIPS,COUNTY_FIPS,3075,4429,3075,100.0
FED_CDC_DRUG_POISONING_COUNTY,FED_CDC_INJURY_VIOLENCE_COUNTY,FIPS,GEO,FIPS,GEOID,3135,3141,3144,99.8
FED_CDC_DRUG_POISONING_COUNTY,FED_EPA_ECHO,FIPS,GEO,FIPS,FAC_FIPS_CODE,3136,3141,3232,99.8
FED_CDC_DRUG_POISONING_COUNTY,FED_EPA_FRS_FRS_PROGRAM_LINKS,FIPS,GEO,FIPS,FIPS_CODE,3140,3141,6578,100.0
FED_CDC_DRUG_POISONING_COUNTY,FED_EPA_FRS_FULL,FIPS,GEO,FIPS,FIPS_CODE,3141,3141,6780,100.0
FED_CDC_DRUG_POISONING_COUNTY,FED_EPA_GHGRP_FACILITY,FIPS,GEO,FIPS,COUNTY_FIPS,2138,3141,2163,98.8
FED_CDC_DRUG_POISONING_COUNTY,FED_EPA_TRI_FACILITY,FIPS,GEO,FIPS,STATE_COUNTY_FIPS_CODE,2778,3141,2855,97.3
FED_CDC_DRUG_POISONING_COUNTY,FED_FEMA_IA_HOUSING_REGISTRATIONS,FIPS,GEO,FIPS,FIPS,3075,3141,3188,97.9
FED_CDC_DRUG_POISONING_COUNTY,FED_HRSA_HPSA_PRIMARY_CARE,FIPS,GEO,FIPS,COMMON_STATE_COUNTY_FIPS_CODE,3074,3141,3234,97.9
FED_CDC_DRUG_POISONING_COUNTY,FED_HRSA_SHORTAGE_AREAS,FIPS,GEO,FIPS,COMMON_STATE_COUNTY_FIPS_CODE,3128,3141,3290,99.6
FED_CDC_DRUG_POISONING_COUNTY,FED_USDA_RD_MFH_ACTIVE_PROJECTS,FIPS,GEO,FIPS,STATE_COUNTY_FIPS_CODE,2713,3141,2725,99.6
FED_CDC_DRUG_POISONING_COUNTY,XC_VERA_INCARCERATION_TRENDS,FIPS,GEO,FIPS,COUNTY_FIPS,3074,3141,3075,100.0
FED_CDC_INJURY_VIOLENCE_COUNTY,FED_EPA_ECHO,FIPS,GEO,GEOID,FAC_FIPS_CODE,3141,3144,3232,99.9
FED_CDC_INJURY_VIOLENCE_COUNTY,FED_EPA_FRS_FRS_PROGRAM_LINKS,FIPS,GEO,GEOID,FIPS_CODE,3143,3144,6578,100.0
FED_CDC_INJURY_VIOLENCE_COUNTY,FED_EPA_FRS_FULL,FIPS,GEO,GEOID,FIPS_CODE,3144,3144,6780,100.0
FED_CDC_INJURY_VIOLENCE_COUNTY,FED_EPA_GHGRP_FACILITY,FIPS,GEO,GEOID,COUNTY_FIPS,2138,3144,2163,98.8
FED_CDC_INJURY_VIOLENCE_COUNTY,FED_EPA_TRI_FACILITY,FIPS,GEO,GEOID,STATE_COUNTY_FIPS_CODE,2778,3144,2855,97.3
FED_CDC_INJURY_VIOLENCE_COUNTY,FED_FEMA_IA_HOUSING_REGISTRATIONS,FIPS,GEO,GEOID,FIPS,3073,3144,3188,97.7
FED_CDC_INJURY_VIOLENCE_COUNTY,FED_HRSA_HPSA_PRIMARY_CARE,FIPS,GEO,GEOID,COMMON_STATE_COUNTY_FIPS_CODE,3083,3144,3234,98.1
FED_CDC_INJURY_VIOLENCE_COUNTY,FED_HRSA_SHORTAGE_AREAS,FIPS,GEO,GEOID,COMMON_STATE_COUNTY_FIPS_CODE,3137,3144,3290,99.8
FED_CDC_INJURY_VIOLENCE_COUNTY,FED_USDA_RD_MFH_ACTIVE_PROJECTS,FIPS,GEO,GEOID,STATE_COUNTY_FIPS_CODE,2714,3144,2725,99.6
FED_CDC_INJURY_VIOLENCE_COUNTY,XC_VERA_INCARCERATION_TRENDS,FIPS,GEO,GEOID,COUNTY_FIPS,3075,3144,3075,100.0
FED_CDC_INJURY_VIOLENCE_COUNTY,XC_VERA_INCARCERATION_TRENDS,NAME@FIPS,CORROBORATED,NAME+GEOID,COUNTY_NAME+COUNTY_FIPS,3075,3144,3075,100.0
FED_CFPB_HMDA,FED_CFPB_HMDA_ARID2017_LEI_XREF,LEI,STEEL,LEI,LEI_2018,462,538,5399,85.9
FED_CFPB_HMDA,FED_CFPB_HMDA_LAR,LEI,STEEL,LEI,LEI,380,538,478,79.5
FED_CFPB_HMDA,INTL_GLEIF,LEI,STEEL,LEI,LEI,538,538,3382301,100.0
FED_CFPB_HMDA,INTL_GLEIF_REPEX,LEI,STEEL,LEI,LEI,436,538,3169671,81.0
FED_CFPB_HMDA,INTL_ISO_MIC_REGISTRY,LEI,STEEL,LEI,LEI,4,538,1060,0.7
FED_CFPB_HMDA,XC_EPA_CORPORATE_CROSSWALK,LEI,STEEL,LEI,MATCHED_LEI,61,538,22743,11.3
FED_CFPB_HMDA_ARID2017_LEI_XREF,FED_CFPB_HMDA_LAR,LEI,STEEL,LEI_2018,LEI,400,5399,478,83.7
FED_CFPB_HMDA_ARID2017_LEI_XREF,INTL_GLEIF,LEI,STEEL,LEI_2018,LEI,5397,5399,3382301,100.0
FED_CFPB_HMDA_ARID2017_LEI_XREF,INTL_GLEIF_REPEX,LEI,STEEL,LEI_2018,LEI,4848,5399,3169671,89.8
FED_CFPB_HMDA_ARID2017_LEI_XREF,INTL_ISO_MIC_REGISTRY,LEI,STEEL,LEI_2018,LEI,5,5399,1060,0.5
FED_CFPB_HMDA_ARID2017_LEI_XREF,XC_EPA_CORPORATE_CROSSWALK,LEI,STEEL,LEI_2018,MATCHED_LEI,762,5399,22743,14.1
FED_CFPB_HMDA_LAR,INTL_GLEIF,LEI,STEEL,LEI,LEI,478,478,3382301,100.0
FED_CFPB_HMDA_LAR,INTL_GLEIF_REPEX,LEI,STEEL,LEI,LEI,389,478,3169671,81.4
FED_CFPB_HMDA_LAR,INTL_ISO_MIC_REGISTRY,LEI,STEEL,LEI,LEI,4,478,1060,0.8
FED_CFPB_HMDA_LAR,XC_EPA_CORPORATE_CROSSWALK,LEI,STEEL,LEI,MATCHED_LEI,49,478,22743,10.3
FED_CMS_AMBULATORY_SPECIALTY_MODEL_PARTICIPANTS,FED_CMS_FACILITY_AFFILIATION,NPI,STEEL,NPI,NPI,5843,6510,940350,89.8
FED_CMS_AMBULATORY_SPECIALTY_MODEL_PARTICIPANTS,FED_CMS_FACILITY_LEVEL_MINIMUM_DATA_SET_FREQUENCY,CCN~NPI,BRIDGE,,,45,6510,14443,0.7
FED_CMS_AMBULATORY_SPECIALTY_MODEL_PARTICIPANTS,FED_CMS_FISCAL_INTERMEDIARY_SHARED_SYSTEM_ATTENDING_AND_RENDERING,NPI,STEEL,NPI,NPI,6420,6510,2047826,98.6
FED_CMS_AMBULATORY_SPECIALTY_MODEL_PARTICIPANTS,FED_CMS_HCRIS,CCN~NPI,BRIDGE,,,192,6510,6040,3.2
FED_CMS_AMBULATORY_SPECIALTY_MODEL_PARTICIPANTS,FED_CMS_HOME_HEALTH,CCN~NPI,BRIDGE,,,445,6510,12392,6.8
FED_CMS_AMBULATORY_SPECIALTY_MODEL_PARTICIPANTS,FED_CMS_HOME_HEALTH_AGENCY_ENROLLMENTS,CCN~NPI,BRIDGE,,,441,6510,11467,6.8
FED_CMS_AMBULATORY_SPECIALTY_MODEL_PARTICIPANTS,FED_CMS_HOSPICE,CCN~NPI,BRIDGE,,,17,6510,5155,0.3
FED_CMS_AMBULATORY_SPECIALTY_MODEL_PARTICIPANTS,FED_CMS_HOSPICE_ENROLLMENTS,CCN~NPI,BRIDGE,,,16,6510,6056,0.3
FED_CMS_AMBULATORY_SPECIALTY_MODEL_PARTICIPANTS,FED_CMS_HOSPITAL_ENROLLMENTS,CCN~NPI,BRIDGE,,,206,6510,8717,3.2
FED_CMS_AMBULATORY_SPECIALTY_MODEL_PARTICIPANTS,FED_CMS_HOSPITAL_GENERAL,CCN~NPI,BRIDGE,,,146,6510,5268,2.8
FED_CMS_AMBULATORY_SPECIALTY_MODEL_PARTICIPANTS,FED_CMS_IRF,CCN~NPI,BRIDGE,,,50,6510,410,12.2
FED_CMS_AMBULATORY_SPECIALTY_MODEL_PARTICIPANTS,FED_CMS_LTCH,CCN~NPI,BRIDGE,,,8,6510,311,2.6
FED_CMS_AMBULATORY_SPECIALTY_MODEL_PARTICIPANTS,FED_CMS_MEDICARE_DURABLE_MEDICAL_EQUIPMENT_DEVICES_SUPPLIES_BY_REFER,NPI,STEEL,NPI,RFRG_NPI,2410,6510,381228,37.0
FED_CMS_AMBULATORY_SPECIALTY_MODEL_PARTICIPANTS,FED_CMS_MEDICARE_DURABLE_MEDICAL_EQUIPMENT_DEVICES_SUPPLIES_BY_SUPPL,NPI,STEEL,NPI,SUPLR_NPI,4,6510,55598,0.1
FED_CMS_AMBULATORY_SPECIALTY_MODEL_PARTICIPANTS,FED_CMS_MEDICARE_FEE_FOR_SERVICE_PUBLIC_PROVIDER_ENROLLMENT,NPI,STEEL,NPI,NPI,6408,6510,2541258,98.4
FED_CMS_AMBULATORY_SPECIALTY_MODEL_PARTICIPANTS,FED_CMS_MEDICARE_INPATIENT_HOSPITALS_BY_PROVIDER,CCN~NPI,BRIDGE,,,19,6510,3044,0.6
FED_CMS_AMBULATORY_SPECIALTY_MODEL_PARTICIPANTS,FED_CMS_MEDICARE_INPATIENT_HOSPITALS_BY_PROVIDER_AND_SERVICE,CCN~NPI,BRIDGE,,,10,6510,2906,0.3
FED_CMS_AMBULATORY_SPECIALTY_MODEL_PARTICIPANTS,FED_CMS_MEDICARE_OUTPATIENT_HOSPITALS_BY_PROVIDER_AND_SERVICE,CCN~NPI,BRIDGE,,,50,6510,3126,1.6
FED_CMS_AMBULATORY_SPECIALTY_MODEL_PARTICIPANTS,FED_CMS_MEDICARE_PHYSICIAN_OTHER_PRACTITIONERS_BY_PROVIDER,NPI,STEEL,NPI,RNDRNG_NPI,6490,6510,1296739,99.7
FED_CMS_AMBULATORY_SPECIALTY_MODEL_PARTICIPANTS,FED_CMS_MEDICARE_PHYSICIAN_OTHER_PRACTITIONERS_BY_PROVIDER_AND_SERVI,NPI,STEEL,NPI,RNDRNG_NPI,6490,6510,1207473,99.7
FED_CMS_AMBULATORY_SPECIALTY_MODEL_PARTICIPANTS,FED_CMS_MEDICARE_PROVIDER,NPI,STEEL,NPI,NPI,6490,6510,1296739,99.7
FED_CMS_AMBULATORY_SPECIALTY_MODEL_PARTICIPANTS,FED_CMS_NPPES,NPI,STEEL,NPI,NPI,6510,6510,9606683,100.0
FED_CMS_AMBULATORY_SPECIALTY_MODEL_PARTICIPANTS,FED_CMS_NURSING_HOME,CCN~NPI,BRIDGE,,,45,6510,14448,0.7
FED_CMS_AMBULATORY_SPECIALTY_MODEL_PARTICIPANTS,FED_CMS_NURSING_HOME_DEFICIENCIES,CCN~NPI,BRIDGE,,,44,6510,14383,0.7
FED_CMS_AMBULATORY_SPECIALTY_MODEL_PARTICIPANTS,FED_CMS_NURSING_HOME_FIRE_DEFICIENCIES,CCN~NPI,BRIDGE,,,43,6510,13686,0.7
FED_CMS_AMBULATORY_SPECIALTY_MODEL_PARTICIPANTS,FED_CMS_NURSING_HOME_PENALTIES,CCN~NPI,BRIDGE,,,25,6510,6771,0.4
FED_CMS_AMBULATORY_SPECIALTY_MODEL_PARTICIPANTS,FED_CMS_OPEN_PAYMENTS,NPI,STEEL,NPI,NPI,5723,6510,979136,87.9
FED_CMS_AMBULATORY_SPECIALTY_MODEL_PARTICIPANTS,FED_CMS_OPEN_PAYMENTS_2022,NPI,STEEL,NPI,NPI,5802,6510,863007,89.1
FED_CMS_AMBULATORY_SPECIALTY_MODEL_PARTICIPANTS,FED_CMS_OPEN_PAYMENTS_2023,NPI,STEEL,NPI,NPI,5757,6510,933619,88.4
FED_CMS_AMBULATORY_SPECIALTY_MODEL_PARTICIPANTS,FED_CMS_OPEN_PAYMENTS_PROFILE_SUPPLEMENT,NPI,STEEL,NPI,COVERED_RECIPIENT_NPI,6406,6510,1681790,98.4
FED_CMS_AMBULATORY_SPECIALTY_MODEL_PARTICIPANTS,FED_CMS_OPT_OUT_AFFIDAVITS,NPI,STEEL,NPI,NPI,13,6510,56455,0.2
FED_CMS_AMBULATORY_SPECIALTY_MODEL_PARTICIPANTS,FED_CMS_ORDER_AND_REFERRING,NPI,STEEL,NPI,NPI,6453,6510,2018350,99.1
FED_CMS_AMBULATORY_SPECIALTY_MODEL_PARTICIPANTS,FED_CMS_PARTD_PRESCRIBER_DRUG,NPI,STEEL,NPI,Prscrbr_NPI,6278,6510,1057566,96.4
FED_CMS_AMBULATORY_SPECIALTY_MODEL_PARTICIPANTS,FED_CMS_PART_D_PRESCRIBERS,NPI,STEEL,NPI,NPI,6469,6510,1416883,99.4
FED_CMS_AMBULATORY_SPECIALTY_MODEL_PARTICIPANTS,FED_CMS_PECOS_PROVIDER_ENROLLMENT,NPI,STEEL,NPI,NPI,6408,6510,2541258,98.4
FED_CMS_AMBULATORY_SPECIALTY_MODEL_PARTICIPANTS,FED_CMS_POS_OTHER,CCN~NPI,BRIDGE,,,208,6510,41262,3.2
FED_CMS_AMBULATORY_SPECIALTY_MODEL_PARTICIPANTS,FED_CMS_QUALITY_PAYMENT_PROGRAM_EXPERIENCE,NPI,STEEL,NPI,NPI,3928,6510,453202,60.3
FED_CMS_AMBULATORY_SPECIALTY_MODEL_PARTICIPANTS,FED_CMS_SKILLED_NURSING_FACILITY_ENROLLMENTS,CCN~NPI,BRIDGE,,,43,6510,14421,0.7
FED_CMS_AMBULATORY_SPECIALTY_MODEL_PARTICIPANTS,FED_HHS_OIG_LEIE,NPI,STEEL,NPI,NPI,3,6510,8660,0.0
FED_CMS_AMBULATORY_SPECIALTY_MODEL_PARTICIPANTS,FED_NURSINGHOME411,CCN~NPI,BRIDGE,,,45,6510,14456,0.7
FED_CMS_DIALYSIS,FED_CMS_FACILITY_AFFILIATION,CCN,STEEL,CCN,CCN,7353,7557,38103,97.3
FED_CMS_DIALYSIS,FED_CMS_FISCAL_INTERMEDIARY_SHARED_SYSTEM_ATTENDING_AND_RENDERING,CCN~NPI,BRIDGE,,,21310,7557,2047826,282.0
FED_CMS_DIALYSIS,FED_CMS_HCRIS,NAME@ZIP,CORROBORATED,FACILITY_NAME+ZIP_CODE,HOSPITAL_NAME+ZIP_CODE,20,7556,6033,0.3
FED_CMS_DIALYSIS,FED_CMS_HOSPITAL_ENROLLMENTS,NAME@ZIP,CORROBORATED,FACILITY_NAME+ZIP_CODE,DOING_BUSINESS_AS_NAME+ZIP_CODE,14,7556,5391,0.3
FED_CMS_DIALYSIS,FED_CMS_HOSPITAL_GENERAL,NAME@ZIP,CORROBORATED,FACILITY_NAME+ZIP_CODE,FACILITY_NAME+ZIP_CODE,24,7556,5427,0.4
FED_CMS_DIALYSIS,FED_CMS_IRF,NAME@ZIP,CORROBORATED,FACILITY_NAME+ZIP_CODE,PROVIDER_NAME+ZIP_CODE,6,7556,1222,0.5
FED_CMS_DIALYSIS,FED_CMS_MEDICARE_DIALYSIS_FACILITIES,CCN,STEEL,CCN,CCN,7487,7557,8241,99.1
FED_CMS_DIALYSIS,FED_CMS_MEDICARE_DURABLE_MEDICAL_EQUIPMENT_DEVICES_SUPPLIES_BY_REFER,CCN~NPI,BRIDGE,,,12416,7557,381228,164.3
FED_CMS_DIALYSIS,FED_CMS_MEDICARE_FEE_FOR_SERVICE_PUBLIC_PROVIDER_ENROLLMENT,CCN~NPI,BRIDGE,,,27907,7557,2541258,369.3
FED_CMS_DIALYSIS,FED_CMS_MEDICARE_INPATIENT_HOSPITALS_BY_PROVIDER,NAME@ZIP,CORROBORATED,FACILITY_NAME+ZIP_CODE,RNDRNG_PRVDR_ORG_NAME+RNDRNG_PRVDR_ZIP5,15,7556,3044,0.5
FED_CMS_DIALYSIS,FED_CMS_MEDICARE_INPATIENT_HOSPITALS_BY_PROVIDER_AND_SERVICE,NAME@ZIP,CORROBORATED,FACILITY_NAME+ZIP_CODE,RNDRNG_PRVDR_ORG_NAME+RNDRNG_PRVDR_ZIP5,15,7556,2906,0.5
FED_CMS_DIALYSIS,FED_CMS_MEDICARE_OUTPATIENT_HOSPITALS_BY_PROVIDER_AND_SERVICE,NAME@ZIP,CORROBORATED,FACILITY_NAME+ZIP_CODE,RNDRNG_PRVDR_ORG_NAME+RNDRNG_PRVDR_ZIP5,20,7556,3121,0.6
FED_CMS_DIALYSIS,FED_CMS_MEDICARE_PHYSICIAN_OTHER_PRACTITIONERS_BY_PROVIDER,CCN~NPI,BRIDGE,,,20976,7557,1296739,277.6
FED_CMS_DIALYSIS,FED_CMS_MEDICARE_PHYSICIAN_OTHER_PRACTITIONERS_BY_PROVIDER_AND_SERVI,CCN~NPI,BRIDGE,,,20832,7557,1207473,275.7
FED_CMS_DIALYSIS,FED_CMS_MEDICARE_PROVIDER,CCN~NPI,BRIDGE,,,20976,7557,1296739,277.6
FED_CMS_DIALYSIS,FED_CMS_NPPES,CCN~NPI,BRIDGE,,,28749,7557,9606683,380.4
FED_CMS_DIALYSIS,FED_CMS_OPEN_PAYMENTS,CCN~NPI,BRIDGE,,,17840,7557,979136,236.1
FED_CMS_DIALYSIS,FED_CMS_OPEN_PAYMENTS_2022,CCN~NPI,BRIDGE,,,16405,7557,863007,217.1
FED_CMS_DIALYSIS,FED_CMS_OPEN_PAYMENTS_2023,CCN~NPI,BRIDGE,,,17468,7557,933619,231.1
FED_CMS_DIALYSIS,FED_CMS_OPEN_PAYMENTS_PROFILE_SUPPLEMENT,CCN~NPI,BRIDGE,,,20749,7557,1681790,274.6
FED_CMS_DIALYSIS,FED_CMS_OPIOID_TREATMENT_PROGRAM_PROVIDERS,CCN~NPI,BRIDGE,,,4,7557,1287,0.3
FED_CMS_DIALYSIS,FED_CMS_ORDER_AND_REFERRING,CCN~NPI,BRIDGE,,,21321,7557,2018350,282.1
FED_CMS_DIALYSIS,FED_CMS_PARTD_PRESCRIBER_DRUG,CCN~NPI,BRIDGE,,,20352,7557,1057566,269.3
FED_CMS_DIALYSIS,FED_CMS_PART_D_PRESCRIBERS,CCN~NPI,BRIDGE,,,21210,7557,1416883,280.7
FED_CMS_DIALYSIS,FED_CMS_PECOS_PROVIDER_ENROLLMENT,CCN~NPI,BRIDGE,,,27907,7557,2541258,369.3
FED_CMS_DIALYSIS,FED_CMS_POS_OTHER,NAME@ZIP,CORROBORATED,FACILITY_NAME+ZIP_CODE,FAC_NAME+ZIP_CD,26,7556,40109,0.3
FED_CMS_DIALYSIS,FED_CMS_QUALITY_PAYMENT_PROGRAM_EXPERIENCE,CCN~NPI,BRIDGE,,,7275,7557,453202,96.3
FED_CMS_DIALYSIS,FED_EPA_FRS_FRS_FACILITIES,NAME@ZIP,CORROBORATED,FACILITY_NAME+ZIP_CODE,FAC_NAME+FAC_ZIP,131,7556,2699357,1.7
FED_CMS_DIALYSIS,FED_EPA_FRS_FRS_PROGRAM_LINKS,NAME@ZIP,CORROBORATED,FACILITY_NAME+ZIP_CODE,PRIMARY_NAME+POSTAL_CODE,138,7556,3338955,1.8
FED_CMS_DIALYSIS,FED_EPA_FRS_FULL,NAME@ZIP,CORROBORATED,FACILITY_NAME+ZIP_CODE,PRIMARY_NAME+POSTAL_CODE,159,7556,4325132,2.1
FED_CMS_DIALYSIS,FED_EPA_ICIS_AIR_ICIS_AIR_FACILITIES,NAME@ZIP,CORROBORATED,FACILITY_NAME+ZIP_CODE,FACILITY_NAME+ZIP_CODE,13,7556,270351,0.2
FED_CMS_DIALYSIS,FED_EPA_ICIS_FEC_CASE_ENFORCEMENT_CONCLUSION_FACILITIES,NAME@ZIP,CORROBORATED,FACILITY_NAME+ZIP_CODE,FACILITY_NAME+FACILITY_ZIP,10,7556,108488,0.1
FED_CMS_DIALYSIS,FED_EPA_ICIS_FEC_CASE_FACILITIES,NAME@ZIP,CORROBORATED,FACILITY_NAME+ZIP_CODE,FACILITY_NAME+ZIP,11,7556,117594,0.1
FED_CMS_DIALYSIS,FED_EPA_NPDES_ICIS_FACILITIES,NAME@ZIP,CORROBORATED,FACILITY_NAME+ZIP_CODE,FACILITY_NAME+ZIP,22,7556,1077821,0.3
FED_CMS_DIALYSIS,FED_EPA_RCRA_FACILITIES,NAME@ZIP,CORROBORATED,FACILITY_NAME+ZIP_CODE,FACILITY_NAME+ZIP_CODE,112,7556,1429903,1.5
FED_CMS_DIALYSIS,FED_EPA_RCRA_RCRA_FACILITIES,NAME@ZIP,CORROBORATED,FACILITY_NAME+ZIP_CODE,FACILITY_NAME+ZIP_CODE,112,7556,1429903,1.5
FED_CMS_DIALYSIS,FED_FAC_SINGLE_AUDIT,NAME@ZIP,CORROBORATED,FACILITY_NAME+ZIP_CODE,AUDITEE_NAME+AUDITEE_ZIP,10,7556,103191,0.1
FED_CMS_DIALYSIS,FED_IRS_BMF,NAME@ZIP,CORROBORATED,FACILITY_NAME+ZIP_CODE,NAME+ZIP,16,7556,1868041,0.2
FED_CMS_DIALYSIS,FED_IRS_EO_BMF,NAME@ZIP,CORROBORATED,FACILITY_NAME+ZIP_CODE,NAME+ZIP,14,7556,1878425,0.2
FED_CMS_DIALYSIS,FED_OSHA_ITA_300A_SUMMARY_2023,NAME@ZIP,CORROBORATED,FACILITY_NAME+ZIP_CODE,ESTABLISHMENT_NAME+ZIP_CODE,20,7556,373106,0.3
FED_CMS_DIALYSIS,FED_OSHA_ITA_300A_SUMMARY_2024,NAME@ZIP,CORROBORATED,FACILITY_NAME+ZIP_CODE,ESTABLISHMENT_NAME+ZIP_CODE,13,7556,360069,0.2
FED_CMS_DIALYSIS,FED_OSHA_ITA_300A_SUMMARY_2025,NAME@ZIP,CORROBORATED,FACILITY_NAME+ZIP_CODE,ESTABLISHMENT_NAME+ZIP_CODE,19,7556,375575,0.3
FED_CMS_DIALYSIS,FED_OSHA_ITA_CASE_DETAIL_2023,NAME@ZIP,CORROBORATED,FACILITY_NAME+ZIP_CODE,ESTABLISHMENT_NAME+ZIP_CODE,10,7556,85607,0.1
FED_CMS_DIALYSIS,FED_OSHA_ITA_CASE_DETAIL_2024,NAME@ZIP,CORROBORATED,FACILITY_NAME+ZIP_CODE,ESTABLISHMENT_NAME+ZIP_CODE,7,7556,59854,0.1
FED_CMS_DIALYSIS,FED_OSHA_ITA_CASE_DETAIL_2025,NAME@ZIP,CORROBORATED,FACILITY_NAME+ZIP_CODE,ESTABLISHMENT_NAME+ZIP_CODE,5,7556,33457,0.1
FED_CMS_DIALYSIS,FED_USCG_NRC_INCIDENTS,NAME@ZIP,CORROBORATED,FACILITY_NAME+ZIP_CODE,RESPONSIBLE_COMPANY+RESPONSIBLE_ZIP,5,7556,93650,0.1
FED_CMS_FACILITY_AFFILIATION,FED_CMS_FACILITY_LEVEL_MINIMUM_DATA_SET_FREQUENCY,CCN,STEEL,CCN,CCN,13102,38103,14443,90.7
FED_CMS_FACILITY_AFFILIATION,FED_CMS_FISCAL_INTERMEDIARY_SHARED_SYSTEM_ATTENDING_AND_RENDERING,NPI,STEEL,NPI,NPI,933394,940350,2047826,99.3
FED_CMS_FACILITY_AFFILIATION,FED_CMS_HCRIS,CCN,STEEL,CCN,PROVIDER_CCN,5148,38103,6040,85.2
FED_CMS_FACILITY_AFFILIATION,FED_CMS_HOME_HEALTH,CCN,STEEL,CCN,CCN,7687,38103,12392,62.0
FED_CMS_FACILITY_AFFILIATION,FED_CMS_HOME_HEALTH_AGENCY_ENROLLMENTS,CCN,STEEL,CCN,CCN,7555,38103,11413,66.2
FED_CMS_FACILITY_AFFILIATION,FED_CMS_HOSPICE,CCN,STEEL,CCN,CCN,4470,38103,5155,86.7
FED_CMS_FACILITY_AFFILIATION,FED_CMS_HOSPICE_ENROLLMENTS,CCN,STEEL,CCN,CCN,4383,38103,4798,91.4
FED_CMS_FACILITY_AFFILIATION,FED_CMS_HOSPITAL_ENROLLMENTS,CCN,STEEL,CCN,CCN,5236,38103,5966,87.8
FED_CMS_FACILITY_AFFILIATION,FED_CMS_HOSPITAL_GENERAL,CCN,STEEL,CCN,CCN,4560,38103,5268,86.6
FED_CMS_FACILITY_AFFILIATION,FED_CMS_IRF,CCN,STEEL,CCN,CCN,403,38103,410,98.3
FED_CMS_FACILITY_AFFILIATION,FED_CMS_LTCH,CCN,STEEL,CCN,CCN,303,38103,311,97.4
FED_CMS_FACILITY_AFFILIATION,FED_CMS_MEDICARE_DIABETES_PREVENTION_PROGRAM,CCN~NPI,BRIDGE,,,46,940350,307,15.0
FED_CMS_FACILITY_AFFILIATION,FED_CMS_MEDICARE_DIALYSIS_FACILITIES,CCN,STEEL,CCN,CCN,7325,38103,8241,88.9
FED_CMS_FACILITY_AFFILIATION,FED_CMS_MEDICARE_DIALYSIS_FACILITIES,NPI,STEEL,NPI,NPI,34,940350,8140,0.4
FED_CMS_FACILITY_AFFILIATION,FED_CMS_MEDICARE_DURABLE_MEDICAL_EQUIPMENT_DEVICES_SUPPLIES_BY_REFER,NPI,STEEL,NPI,RFRG_NPI,308750,940350,381228,81.0
FED_CMS_FACILITY_AFFILIATION,FED_CMS_MEDICARE_DURABLE_MEDICAL_EQUIPMENT_DEVICES_SUPPLIES_BY_SUPPL,NPI,STEEL,NPI,SUPLR_NPI,108,940350,55598,0.2
FED_CMS_FACILITY_AFFILIATION,FED_CMS_MEDICARE_FEE_FOR_SERVICE_PUBLIC_PROVIDER_ENROLLMENT,NPI,STEEL,NPI,NPI,937535,940350,2541258,99.7
FED_CMS_FACILITY_AFFILIATION,FED_CMS_MEDICARE_INPATIENT_HOSPITALS_BY_PROVIDER,CCN,STEEL,CCN,RNDRNG_PRVDR_CCN,2975,38103,3044,97.7
FED_CMS_FACILITY_AFFILIATION,FED_CMS_MEDICARE_INPATIENT_HOSPITALS_BY_PROVIDER_AND_SERVICE,CCN,STEEL,CCN,RNDRNG_PRVDR_CCN,2864,38103,2906,98.6
FED_CMS_FACILITY_AFFILIATION,FED_CMS_MEDICARE_OUTPATIENT_HOSPITALS_BY_PROVIDER_AND_SERVICE,CCN,STEEL,CCN,RNDRNG_PRVDR_CCN,3050,38103,3126,97.6
FED_CMS_FACILITY_AFFILIATION,FED_CMS_MEDICARE_PHYSICIAN_OTHER_PRACTITIONERS_BY_PROVIDER,NPI,STEEL,NPI,RNDRNG_NPI,807649,940350,1296739,85.9
FED_CMS_FACILITY_AFFILIATION,FED_CMS_MEDICARE_PHYSICIAN_OTHER_PRACTITIONERS_BY_PROVIDER_AND_SERVI,NPI,STEEL,NPI,RNDRNG_NPI,751886,940350,1207473,80.0
FED_CMS_FACILITY_AFFILIATION,FED_CMS_MEDICARE_PROVIDER,NPI,STEEL,NPI,NPI,807649,940350,1296739,85.9
FED_CMS_FACILITY_AFFILIATION,FED_CMS_NPPES,NPI,STEEL,NPI,NPI,940350,940350,9606683,100.0
FED_CMS_FACILITY_AFFILIATION,FED_CMS_NURSING_HOME,CCN,STEEL,CCN,CMS_CERTIFICATION_NUMBER__CCN,13104,38103,14448,90.7
FED_CMS_FACILITY_AFFILIATION,FED_CMS_NURSING_HOME_DEFICIENCIES,CCN,STEEL,CCN,CMS_CERTIFICATION_NUMBER_CCN,13049,38103,14383,90.7
FED_CMS_FACILITY_AFFILIATION,FED_CMS_NURSING_HOME_FIRE_DEFICIENCIES,CCN,STEEL,CCN,CMS_CERTIFICATION_NUMBER_CCN,12415,38103,13686,90.7
FED_CMS_FACILITY_AFFILIATION,FED_CMS_NURSING_HOME_PENALTIES,CCN,STEEL,CCN,CMS_CERTIFICATION_NUMBER_CCN,6111,38103,6771,90.3
FED_CMS_FACILITY_AFFILIATION,FED_CMS_OPEN_PAYMENTS,NPI,STEEL,NPI,NPI,500450,940350,979136,53.2
FED_CMS_FACILITY_AFFILIATION,FED_CMS_OPEN_PAYMENTS_2022,NPI,STEEL,NPI,NPI,433406,940350,863007,50.2
FED_CMS_FACILITY_AFFILIATION,FED_CMS_OPEN_PAYMENTS_2023,NPI,STEEL,NPI,NPI,472757,940350,933619,50.6
FED_CMS_FACILITY_AFFILIATION,FED_CMS_OPEN_PAYMENTS_PROFILE_SUPPLEMENT,NPI,STEEL,NPI,COVERED_RECIPIENT_NPI,735300,940350,1681790,78.2
FED_CMS_FACILITY_AFFILIATION,FED_CMS_OPIOID_TREATMENT_PROGRAM_PROVIDERS,CCN~NPI,BRIDGE,,,15,940350,1287,1.2
FED_CMS_FACILITY_AFFILIATION,FED_CMS_OPT_OUT_AFFIDAVITS,NPI,STEEL,NPI,NPI,767,940350,56455,1.4
FED_CMS_FACILITY_AFFILIATION,FED_CMS_ORDER_AND_REFERRING,NPI,STEEL,NPI,NPI,884677,940350,2018350,94.1
FED_CMS_FACILITY_AFFILIATION,FED_CMS_PARTD_PRESCRIBER_DRUG,NPI,STEEL,NPI,Prscrbr_NPI,559980,940350,1057566,59.6
FED_CMS_FACILITY_AFFILIATION,FED_CMS_PART_D_PRESCRIBERS,NPI,STEEL,NPI,NPI,706276,940350,1416883,75.1
FED_CMS_FACILITY_AFFILIATION,FED_CMS_PECOS_PROVIDER_ENROLLMENT,NPI,STEEL,NPI,NPI,937535,940350,2541258,99.7
FED_CMS_FACILITY_AFFILIATION,FED_CMS_PENDING_INITIAL_LOGGING_AND_TRACKING_NON_PHYSICIANS,NPI,STEEL,NPI,NPI,49,940350,6880,0.7
FED_CMS_FACILITY_AFFILIATION,FED_CMS_PENDING_INITIAL_LOGGING_AND_TRACKING_PHYSICIANS,NPI,STEEL,NPI,NPI,103,940350,7239,1.4
FED_CMS_FACILITY_AFFILIATION,FED_CMS_POS_OTHER,CCN,STEEL,CCN,CCN,5308,38103,41262,13.9
FED_CMS_FACILITY_AFFILIATION,FED_CMS_QUALITY_PAYMENT_PROGRAM_EXPERIENCE,NPI,STEEL,NPI,NPI,326347,940350,453202,72.0
FED_CMS_FACILITY_AFFILIATION,FED_CMS_RURAL_HEALTH_CLINIC_ENROLLMENTS,NPI,STEEL,NPI,NPI,17,940350,5320,0.3
FED_CMS_FACILITY_AFFILIATION,FED_CMS_SKILLED_NURSING_FACILITY_ENROLLMENTS,CCN,STEEL,CCN,CCN,12945,38103,14250,90.8
FED_CMS_FACILITY_AFFILIATION,FED_HHS_OIG_LEIE,NPI,STEEL,NPI,NPI,15,940350,8660,0.2
FED_CMS_FACILITY_AFFILIATION,FED_HRSA_UDS_SERVICE_DELIVERY_SITES,CCN~NPI,BRIDGE,,,5,940350,6047,0.1
FED_CMS_FACILITY_AFFILIATION,FED_NURSINGHOME411,CCN,STEEL,CCN,CMS_CERTIFICATION_NUMBER_CCN,13110,38103,14456,90.7
FED_CMS_FACILITY_AFFILIATION,FED_SAM_EXCLUSIONS_FULL_R2,NPI,STEEL,NPI,NPI,6,940350,4866,0.1
FED_CMS_FACILITY_LEVEL_MINIMUM_DATA_SET_FREQUENCY,FED_CMS_FISCAL_INTERMEDIARY_SHARED_SYSTEM_ATTENDING_AND_RENDERING,CCN~NPI,BRIDGE,,,36037,14443,2047826,249.5
FED_CMS_FACILITY_LEVEL_MINIMUM_DATA_SET_FREQUENCY,FED_CMS_HCRIS,NAME@ZIP,CORROBORATED,PROVIDER_NAME+ZIP_CODE,HOSPITAL_NAME+ZIP_CODE,56,14695,6033,0.9
FED_CMS_FACILITY_LEVEL_MINIMUM_DATA_SET_FREQUENCY,FED_CMS_HOME_HEALTH,NAME@ZIP,CORROBORATED,PROVIDER_NAME+ZIP_CODE,PROVIDER_NAME+ZIP_CODE,6,14695,12330,0.0
FED_CMS_FACILITY_LEVEL_MINIMUM_DATA_SET_FREQUENCY,FED_CMS_HOME_HEALTH_AGENCY_ENROLLMENTS,NAME@ZIP,CORROBORATED,PROVIDER_NAME+ZIP_CODE,ORGANIZATION_NAME+ZIP_CODE,26,14695,11478,0.2
FED_CMS_FACILITY_LEVEL_MINIMUM_DATA_SET_FREQUENCY,FED_CMS_HOSPICE_ENROLLMENTS,NAME@ZIP,CORROBORATED,PROVIDER_NAME+ZIP_CODE,ORGANIZATION_NAME+ZIP_CODE,15,14695,6064,0.2
FED_CMS_FACILITY_LEVEL_MINIMUM_DATA_SET_FREQUENCY,FED_CMS_HOSPITAL_ENROLLMENTS,NAME@ZIP,CORROBORATED,PROVIDER_NAME+ZIP_CODE,DOING_BUSINESS_AS_NAME+ZIP_CODE,48,14695,5391,0.9
FED_CMS_FACILITY_LEVEL_MINIMUM_DATA_SET_FREQUENCY,FED_CMS_HOSPITAL_GENERAL,NAME@ZIP,CORROBORATED,PROVIDER_NAME+ZIP_CODE,FACILITY_NAME+ZIP_CODE,69,14695,5427,1.3
FED_CMS_FACILITY_LEVEL_MINIMUM_DATA_SET_FREQUENCY,FED_CMS_IRF,NAME@ZIP,CORROBORATED,PROVIDER_NAME+ZIP_CODE,PROVIDER_NAME+ZIP_CODE,7,14695,1222,0.6
FED_CMS_FACILITY_LEVEL_MINIMUM_DATA_SET_FREQUENCY,FED_CMS_MEDICARE_DIALYSIS_FACILITIES,CCN~NPI,BRIDGE,,,4,14443,8241,0.0
FED_CMS_FACILITY_LEVEL_MINIMUM_DATA_SET_FREQUENCY,FED_CMS_MEDICARE_DURABLE_MEDICAL_EQUIPMENT_DEVICES_SUPPLIES_BY_REFER,CCN~NPI,BRIDGE,,,32658,14443,381228,226.1
FED_CMS_FACILITY_LEVEL_MINIMUM_DATA_SET_FREQUENCY,FED_CMS_MEDICARE_DURABLE_MEDICAL_EQUIPMENT_DEVICES_SUPPLIES_BY_SUPPL,NAME@ZIP,CORROBORATED,PROVIDER_NAME+ZIP_CODE,SUPLR_PRVDR_LAST_NAME_ORG+SUPLR_PRVDR_ZIP5,5,14695,49703,0.0
FED_CMS_FACILITY_LEVEL_MINIMUM_DATA_SET_FREQUENCY,FED_CMS_MEDICARE_FEE_FOR_SERVICE_PUBLIC_PROVIDER_ENROLLMENT,CCN~NPI,BRIDGE,,,50017,14443,2541258,346.3
FED_CMS_FACILITY_LEVEL_MINIMUM_DATA_SET_FREQUENCY,FED_CMS_MEDICARE_INPATIENT_HOSPITALS_BY_PROVIDER,NAME@ZIP,CORROBORATED,PROVIDER_NAME+ZIP_CODE,RNDRNG_PRVDR_ORG_NAME+RNDRNG_PRVDR_ZIP5,22,14695,3044,0.7
FED_CMS_FACILITY_LEVEL_MINIMUM_DATA_SET_FREQUENCY,FED_CMS_MEDICARE_INPATIENT_HOSPITALS_BY_PROVIDER_AND_SERVICE,NAME@ZIP,CORROBORATED,PROVIDER_NAME+ZIP_CODE,RNDRNG_PRVDR_ORG_NAME+RNDRNG_PRVDR_ZIP5,22,14695,2906,0.8
FED_CMS_FACILITY_LEVEL_MINIMUM_DATA_SET_FREQUENCY,FED_CMS_MEDICARE_OUTPATIENT_HOSPITALS_BY_PROVIDER_AND_SERVICE,NAME@ZIP,CORROBORATED,PROVIDER_NAME+ZIP_CODE,RNDRNG_PRVDR_ORG_NAME+RNDRNG_PRVDR_ZIP5,22,14695,3121,0.7
FED_CMS_FACILITY_LEVEL_MINIMUM_DATA_SET_FREQUENCY,FED_CMS_MEDICARE_PHYSICIAN_OTHER_PRACTITIONERS_BY_PROVIDER,CCN~NPI,BRIDGE,,,33958,14443,1296739,235.1
FED_CMS_FACILITY_LEVEL_MINIMUM_DATA_SET_FREQUENCY,FED_CMS_MEDICARE_PHYSICIAN_OTHER_PRACTITIONERS_BY_PROVIDER_AND_SERVI,CCN~NPI,BRIDGE,,,33511,14443,1207473,232.0
FED_CMS_FACILITY_LEVEL_MINIMUM_DATA_SET_FREQUENCY,FED_CMS_MEDICARE_PROVIDER,CCN~NPI,BRIDGE,,,33958,14443,1296739,235.1
FED_CMS_FACILITY_LEVEL_MINIMUM_DATA_SET_FREQUENCY,FED_CMS_NPPES,CCN~NPI,BRIDGE,,,50372,14443,9606683,348.8
FED_CMS_FACILITY_LEVEL_MINIMUM_DATA_SET_FREQUENCY,FED_CMS_NURSING_HOME,CCN,STEEL,CCN,CMS_CERTIFICATION_NUMBER__CCN,14443,14443,14448,100.0
FED_CMS_FACILITY_LEVEL_MINIMUM_DATA_SET_FREQUENCY,FED_CMS_NURSING_HOME,NAME@ZIP,CORROBORATED,PROVIDER_NAME+ZIP_CODE,PROVIDER_NAME+ZIP_CODE,14596,14695,14700,99.3
FED_CMS_FACILITY_LEVEL_MINIMUM_DATA_SET_FREQUENCY,FED_CMS_NURSING_HOME_DEFICIENCIES,CCN,STEEL,CCN,CMS_CERTIFICATION_NUMBER_CCN,14383,14443,14383,100.0
FED_CMS_FACILITY_LEVEL_MINIMUM_DATA_SET_FREQUENCY,FED_CMS_NURSING_HOME_DEFICIENCIES,NAME@ZIP,CORROBORATED,PROVIDER_NAME+ZIP_CODE,PROVIDER_NAME+ZIP_CODE,14632,14695,14632,100.0
FED_CMS_FACILITY_LEVEL_MINIMUM_DATA_SET_FREQUENCY,FED_CMS_NURSING_HOME_FIRE_DEFICIENCIES,CCN,STEEL,CCN,CMS_CERTIFICATION_NUMBER_CCN,13686,14443,13686,100.0
FED_CMS_FACILITY_LEVEL_MINIMUM_DATA_SET_FREQUENCY,FED_CMS_NURSING_HOME_FIRE_DEFICIENCIES,NAME@ZIP,CORROBORATED,PROVIDER_NAME+ZIP_CODE,PROVIDER_NAME+ZIP_CODE,13914,14695,13914,100.0
FED_CMS_FACILITY_LEVEL_MINIMUM_DATA_SET_FREQUENCY,FED_CMS_NURSING_HOME_PENALTIES,CCN,STEEL,CCN,CMS_CERTIFICATION_NUMBER_CCN,6771,14443,6771,100.0
FED_CMS_FACILITY_LEVEL_MINIMUM_DATA_SET_FREQUENCY,FED_CMS_NURSING_HOME_PENALTIES,NAME@ZIP,CORROBORATED,PROVIDER_NAME+ZIP_CODE,PROVIDER_NAME+ZIP_CODE,6831,14695,6831,100.0
FED_CMS_FACILITY_LEVEL_MINIMUM_DATA_SET_FREQUENCY,FED_CMS_OPEN_PAYMENTS,CCN~NPI,BRIDGE,,,21065,14443,979136,145.8
FED_CMS_FACILITY_LEVEL_MINIMUM_DATA_SET_FREQUENCY,FED_CMS_OPEN_PAYMENTS_2022,CCN~NPI,BRIDGE,,,20543,14443,863007,142.2
FED_CMS_FACILITY_LEVEL_MINIMUM_DATA_SET_FREQUENCY,FED_CMS_OPEN_PAYMENTS_2023,CCN~NPI,BRIDGE,,,21250,14443,933619,147.1
FED_CMS_FACILITY_LEVEL_MINIMUM_DATA_SET_FREQUENCY,FED_CMS_OPEN_PAYMENTS_PROFILE_SUPPLEMENT,CCN~NPI,BRIDGE,,,31035,14443,1681790,214.9
FED_CMS_FACILITY_LEVEL_MINIMUM_DATA_SET_FREQUENCY,FED_CMS_OPT_OUT_AFFIDAVITS,CCN~NPI,BRIDGE,,,37,14443,56455,0.3
FED_CMS_FACILITY_LEVEL_MINIMUM_DATA_SET_FREQUENCY,FED_CMS_ORDER_AND_REFERRING,CCN~NPI,BRIDGE,,,36087,14443,2018350,249.9
FED_CMS_FACILITY_LEVEL_MINIMUM_DATA_SET_FREQUENCY,FED_CMS_PARTD_PRESCRIBER_DRUG,CCN~NPI,BRIDGE,,,33623,14443,1057566,232.8
FED_CMS_FACILITY_LEVEL_MINIMUM_DATA_SET_FREQUENCY,FED_CMS_PART_D_PRESCRIBERS,CCN~NPI,BRIDGE,,,35675,14443,1416883,247.0
FED_CMS_FACILITY_LEVEL_MINIMUM_DATA_SET_FREQUENCY,FED_CMS_PECOS_PROVIDER_ENROLLMENT,CCN~NPI,BRIDGE,,,50017,14443,2541258,346.3
FED_CMS_FACILITY_LEVEL_MINIMUM_DATA_SET_FREQUENCY,FED_CMS_PENDING_INITIAL_LOGGING_AND_TRACKING_PHYSICIANS,CCN~NPI,BRIDGE,,,9,14443,7239,0.1
FED_CMS_FACILITY_LEVEL_MINIMUM_DATA_SET_FREQUENCY,FED_CMS_POS_OTHER,NAME@ZIP,CORROBORATED,PROVIDER_NAME+ZIP_CODE,FAC_NAME+ZIP_CD,91,14695,40109,0.6
FED_CMS_FACILITY_LEVEL_MINIMUM_DATA_SET_FREQUENCY,FED_CMS_QUALITY_PAYMENT_PROGRAM_EXPERIENCE,CCN~NPI,BRIDGE,,,11941,14443,453202,82.7
FED_CMS_FACILITY_LEVEL_MINIMUM_DATA_SET_FREQUENCY,FED_CMS_RURAL_HEALTH_CLINIC_ENROLLMENTS,NAME@ZIP,CORROBORATED,PROVIDER_NAME+ZIP_CODE,DOING_BUSINESS_AS_NAME+ZIP_CODE,7,14695,4513,0.2
FED_CMS_FACILITY_LEVEL_MINIMUM_DATA_SET_FREQUENCY,FED_CMS_SKILLED_NURSING_FACILITY_ENROLLMENTS,CCN,STEEL,CCN,CCN,14225,14443,14250,99.8
FED_CMS_FACILITY_LEVEL_MINIMUM_DATA_SET_FREQUENCY,FED_CMS_SKILLED_NURSING_FACILITY_ENROLLMENTS,NAME@ZIP,CORROBORATED,PROVIDER_NAME+ZIP_CODE,NURSING_HOME_PROVIDER_NAME+ZIP_CODE,13541,14695,14044,96.4
FED_CMS_FACILITY_LEVEL_MINIMUM_DATA_SET_FREQUENCY,FED_DEA_ARCOS_FULL,NAME@ZIP,CORROBORATED,PROVIDER_NAME+ZIP_CODE,BUYER_NAME+BUYER_ZIP,5,14695,127173,0.0
FED_CMS_FACILITY_LEVEL_MINIMUM_DATA_SET_FREQUENCY,FED_EPA_FRS_FRS_FACILITIES,NAME@ZIP,CORROBORATED,PROVIDER_NAME+ZIP_CODE,FAC_NAME+FAC_ZIP,854,14695,2699357,5.8
FED_CMS_FACILITY_LEVEL_MINIMUM_DATA_SET_FREQUENCY,FED_EPA_FRS_FRS_PROGRAM_LINKS,NAME@ZIP,CORROBORATED,PROVIDER_NAME+ZIP_CODE,PRIMARY_NAME+POSTAL_CODE,895,14695,3338955,6.1
FED_CMS_FACILITY_LEVEL_MINIMUM_DATA_SET_FREQUENCY,FED_EPA_FRS_FULL,NAME@ZIP,CORROBORATED,PROVIDER_NAME+ZIP_CODE,PRIMARY_NAME+POSTAL_CODE,1166,14695,4325132,7.9
FED_CMS_FACILITY_LEVEL_MINIMUM_DATA_SET_FREQUENCY,FED_EPA_ICIS_AIR_ICIS_AIR_FACILITIES,NAME@ZIP,CORROBORATED,PROVIDER_NAME+ZIP_CODE,FACILITY_NAME+ZIP_CODE,77,14695,270351,0.5
FED_CMS_FACILITY_LEVEL_MINIMUM_DATA_SET_FREQUENCY,FED_EPA_ICIS_FEC_CASE_ENFORCEMENT_CONCLUSION_FACILITIES,NAME@ZIP,CORROBORATED,PROVIDER_NAME+ZIP_CODE,FACILITY_NAME+FACILITY_ZIP,14,14695,108488,0.1
FED_CMS_FACILITY_LEVEL_MINIMUM_DATA_SET_FREQUENCY,FED_EPA_ICIS_FEC_CASE_FACILITIES,NAME@ZIP,CORROBORATED,PROVIDER_NAME+ZIP_CODE,FACILITY_NAME+ZIP,14,14695,117594,0.1
FED_CMS_FACILITY_LEVEL_MINIMUM_DATA_SET_FREQUENCY,FED_EPA_NPDES_ICIS_FACILITIES,NAME@ZIP,CORROBORATED,PROVIDER_NAME+ZIP_CODE,FACILITY_NAME+ZIP,170,14695,1077821,1.2
FED_CMS_FACILITY_LEVEL_MINIMUM_DATA_SET_FREQUENCY,FED_EPA_RCRA_FACILITIES,NAME@ZIP,CORROBORATED,PROVIDER_NAME+ZIP_CODE,FACILITY_NAME+ZIP_CODE,636,14695,1429903,4.3
FED_CMS_FACILITY_LEVEL_MINIMUM_DATA_SET_FREQUENCY,FED_EPA_RCRA_RCRA_FACILITIES,NAME@ZIP,CORROBORATED,PROVIDER_NAME+ZIP_CODE,FACILITY_NAME+ZIP_CODE,636,14695,1429903,4.3
FED_CMS_FACILITY_LEVEL_MINIMUM_DATA_SET_FREQUENCY,FED_EPA_SDWA_SDWA_PUB_WATER_SYSTEMS,NAME@ZIP,CORROBORATED,PROVIDER_NAME+ZIP_CODE,PWS_NAME+ZIP_CODE,95,14695,395686,0.6
FED_CMS_FACILITY_LEVEL_MINIMUM_DATA_SET_FREQUENCY,FED_FAC_SINGLE_AUDIT,NAME@ZIP,CORROBORATED,PROVIDER_NAME+ZIP_CODE,AUDITEE_NAME+AUDITEE_ZIP,199,14695,103191,1.4
FED_CMS_FACILITY_LEVEL_MINIMUM_DATA_SET_FREQUENCY,FED_HHS_OIG_LEIE,CCN~NPI,BRIDGE,,,3,14443,8660,0.0
FED_CMS_FACILITY_LEVEL_MINIMUM_DATA_SET_FREQUENCY,FED_HRSA_UDS_SERVICE_DELIVERY_SITES,NAME@ZIP,CORROBORATED,PROVIDER_NAME+ZIP_CODE,SITE_NAME+SITE_POSTAL_CODE,10,14695,18468,0.1
FED_CMS_FACILITY_LEVEL_MINIMUM_DATA_SET_FREQUENCY,FED_IRS_AUTO_REVOCATIONS,NAME@ZIP,CORROBORATED,PROVIDER_NAME+ZIP_CODE,LEGAL_NAME+ZIP_CODE,12,14695,1149844,0.1
FED_CMS_FACILITY_LEVEL_MINIMUM_DATA_SET_FREQUENCY,FED_IRS_BMF,NAME@ZIP,CORROBORATED,PROVIDER_NAME+ZIP_CODE,NAME+ZIP,549,14695,1868041,3.7
FED_CMS_FACILITY_LEVEL_MINIMUM_DATA_SET_FREQUENCY,FED_IRS_EO_BMF,NAME@ZIP,CORROBORATED,PROVIDER_NAME+ZIP_CODE,NAME+ZIP,547,14695,1878425,3.7
FED_CMS_FACILITY_LEVEL_MINIMUM_DATA_SET_FREQUENCY,FED_IRS_REVOCATION,NAME@ZIP,CORROBORATED,PROVIDER_NAME+ZIP_CODE,LEGAL_NAME+ZIP_CODE,12,14695,1149230,0.1
FED_CMS_FACILITY_LEVEL_MINIMUM_DATA_SET_FREQUENCY,FED_NURSINGHOME411,CCN,STEEL,CCN,CMS_CERTIFICATION_NUMBER_CCN,14426,14443,14456,99.9
FED_CMS_FACILITY_LEVEL_MINIMUM_DATA_SET_FREQUENCY,FED_OSHA_ITA_300A_SUMMARY_2023,NAME@ZIP,CORROBORATED,PROVIDER_NAME+ZIP_CODE,ESTABLISHMENT_NAME+ZIP_CODE,3794,14695,373106,25.8
FED_CMS_FACILITY_LEVEL_MINIMUM_DATA_SET_FREQUENCY,FED_OSHA_ITA_300A_SUMMARY_2024,NAME@ZIP,CORROBORATED,PROVIDER_NAME+ZIP_CODE,ESTABLISHMENT_NAME+ZIP_CODE,3677,14695,360069,25.0
FED_CMS_FACILITY_LEVEL_MINIMUM_DATA_SET_FREQUENCY,FED_OSHA_ITA_300A_SUMMARY_2025,NAME@ZIP,CORROBORATED,PROVIDER_NAME+ZIP_CODE,ESTABLISHMENT_NAME+ZIP_CODE,4103,14695,375575,27.9
FED_CMS_FACILITY_LEVEL_MINIMUM_DATA_SET_FREQUENCY,FED_OSHA_ITA_CASE_DETAIL_2023,NAME@ZIP,CORROBORATED,PROVIDER_NAME+ZIP_CODE,ESTABLISHMENT_NAME+ZIP_CODE,2244,14695,85607,15.3
FED_CMS_FACILITY_LEVEL_MINIMUM_DATA_SET_FREQUENCY,FED_OSHA_ITA_CASE_DETAIL_2024,NAME@ZIP,CORROBORATED,PROVIDER_NAME+ZIP_CODE,ESTABLISHMENT_NAME+ZIP_CODE,1655,14695,59854,11.3
FED_CMS_FACILITY_LEVEL_MINIMUM_DATA_SET_FREQUENCY,FED_OSHA_ITA_CASE_DETAIL_2025,NAME@ZIP,CORROBORATED,PROVIDER_NAME+ZIP_CODE,ESTABLISHMENT_NAME+ZIP_CODE,988,14695,33457,6.7
FED_CMS_FACILITY_LEVEL_MINIMUM_DATA_SET_FREQUENCY,FED_USASPENDING_CONTRACTS,NAME@ZIP,CORROBORATED,PROVIDER_NAME+ZIP_CODE,RECIPIENT_NAME+RECIPIENT_ZIP_4_CODE,171,14695,91616,1.2
FED_CMS_FACILITY_LEVEL_MINIMUM_DATA_SET_FREQUENCY,FED_USCG_NRC_INCIDENTS,NAME@ZIP,CORROBORATED,PROVIDER_NAME+ZIP_CODE,RESPONSIBLE_COMPANY+RESPONSIBLE_ZIP,6,14695,93650,0.0
FED_CMS_FEDERALLY_QUALIFIED_HEALTH_CENTER_ENROLLMENTS,FED_CMS_MEDICARE_DIABETES_PREVENTION_PROGRAM,NPI,STEEL,NPI,NPI,31,10269,307,10.1
FED_CMS_FEDERALLY_QUALIFIED_HEALTH_CENTER_ENROLLMENTS,FED_CMS_MEDICARE_DURABLE_MEDICAL_EQUIPMENT_DEVICES_SUPPLIES_BY_SUPPL,NAME@ZIP,CORROBORATED,DOING_BUSINESS_AS_NAME+ZIP_CODE,SUPLR_PRVDR_LAST_NAME_ORG+SUPLR_PRVDR_ZIP5,5,6425,49703,0.1
FED_CMS_FEDERALLY_QUALIFIED_HEALTH_CENTER_ENROLLMENTS,FED_CMS_MEDICARE_DURABLE_MEDICAL_EQUIPMENT_DEVICES_SUPPLIES_BY_SUPPL,NPI,STEEL,NPI,SUPLR_NPI,6,10269,55598,0.1
FED_CMS_FEDERALLY_QUALIFIED_HEALTH_CENTER_ENROLLMENTS,FED_CMS_MEDICARE_FEE_FOR_SERVICE_PUBLIC_PROVIDER_ENROLLMENT,NPI,STEEL,NPI,NPI,10160,10269,2541258,98.9
FED_CMS_FEDERALLY_QUALIFIED_HEALTH_CENTER_ENROLLMENTS,FED_CMS_MEDICARE_PHYSICIAN_OTHER_PRACTITIONERS_BY_PROVIDER,NAME@ZIP,CORROBORATED,DOING_BUSINESS_AS_NAME+ZIP_CODE,RNDRNG_PRVDR_LAST_ORG_NAME+RNDRNG_PRVDR_ZIP5,10,6425,1204005,0.2
FED_CMS_FEDERALLY_QUALIFIED_HEALTH_CENTER_ENROLLMENTS,FED_CMS_MEDICARE_PHYSICIAN_OTHER_PRACTITIONERS_BY_PROVIDER,NPI,STEEL,NPI,RNDRNG_NPI,9,10269,1296739,0.1
FED_CMS_FEDERALLY_QUALIFIED_HEALTH_CENTER_ENROLLMENTS,FED_CMS_MEDICARE_PHYSICIAN_OTHER_PRACTITIONERS_BY_PROVIDER_AND_SERVI,NAME@ZIP,CORROBORATED,DOING_BUSINESS_AS_NAME+ZIP_CODE,RNDRNG_PRVDR_LAST_ORG_NAME+RNDRNG_PRVDR_ZIP5,10,6425,1125418,0.2
FED_CMS_FEDERALLY_QUALIFIED_HEALTH_CENTER_ENROLLMENTS,FED_CMS_MEDICARE_PHYSICIAN_OTHER_PRACTITIONERS_BY_PROVIDER_AND_SERVI,NPI,STEEL,NPI,RNDRNG_NPI,9,10269,1207473,0.1
FED_CMS_FEDERALLY_QUALIFIED_HEALTH_CENTER_ENROLLMENTS,FED_CMS_MEDICARE_PROVIDER,NAME@ZIP,CORROBORATED,DOING_BUSINESS_AS_NAME+ZIP_CODE,RNDRNG_PRVDR_LAST_ORG_NAME+RNDRNG_PRVDR_ZIP5,10,6425,1204005,0.2
FED_CMS_FEDERALLY_QUALIFIED_HEALTH_CENTER_ENROLLMENTS,FED_CMS_MEDICARE_PROVIDER,NPI,STEEL,NPI,NPI,9,10269,1296739,0.1
FED_CMS_FEDERALLY_QUALIFIED_HEALTH_CENTER_ENROLLMENTS,FED_CMS_NPPES,NPI,STEEL,NPI,NPI,10269,10269,9606683,100.0
FED_CMS_FEDERALLY_QUALIFIED_HEALTH_CENTER_ENROLLMENTS,FED_CMS_OPIOID_TREATMENT_PROGRAM_PROVIDERS,NPI,STEEL,NPI,NPI,7,10269,1287,0.5
FED_CMS_FEDERALLY_QUALIFIED_HEALTH_CENTER_ENROLLMENTS,FED_CMS_PECOS_PROVIDER_ENROLLMENT,NPI,STEEL,NPI,NPI,10160,10269,2541258,98.9
FED_CMS_FEDERALLY_QUALIFIED_HEALTH_CENTER_ENROLLMENTS,FED_CMS_POS_OTHER,CCN,STEEL,CCN,CCN,9805,9954,41262,98.5
FED_CMS_FEDERALLY_QUALIFIED_HEALTH_CENTER_ENROLLMENTS,FED_CMS_POS_OTHER,NAME@ZIP,CORROBORATED,DOING_BUSINESS_AS_NAME+ZIP_CODE,FAC_NAME+ZIP_CD,4131,6425,40109,64.3
FED_CMS_FEDERALLY_QUALIFIED_HEALTH_CENTER_ENROLLMENTS,FED_DEA_ARCOS_FULL,NAME@ZIP,CORROBORATED,DOING_BUSINESS_AS_NAME+ZIP_CODE,BUYER_NAME+BUYER_ZIP,19,6425,127173,0.3
FED_CMS_FEDERALLY_QUALIFIED_HEALTH_CENTER_ENROLLMENTS,FED_EPA_FRS_FRS_FACILITIES,NAME@ZIP,CORROBORATED,DOING_BUSINESS_AS_NAME+ZIP_CODE,FAC_NAME+FAC_ZIP,219,6425,2699357,3.4
FED_CMS_FEDERALLY_QUALIFIED_HEALTH_CENTER_ENROLLMENTS,FED_EPA_FRS_FRS_PROGRAM_LINKS,NAME@ZIP,CORROBORATED,DOING_BUSINESS_AS_NAME+ZIP_CODE,PRIMARY_NAME+POSTAL_CODE,233,6425,3338955,3.6
FED_CMS_FEDERALLY_QUALIFIED_HEALTH_CENTER_ENROLLMENTS,FED_EPA_FRS_FULL,NAME@ZIP,CORROBORATED,DOING_BUSINESS_AS_NAME+ZIP_CODE,PRIMARY_NAME+POSTAL_CODE,276,6425,4325132,4.3
FED_CMS_FEDERALLY_QUALIFIED_HEALTH_CENTER_ENROLLMENTS,FED_EPA_NPDES_ICIS_FACILITIES,NAME@ZIP,CORROBORATED,DOING_BUSINESS_AS_NAME+ZIP_CODE,FACILITY_NAME+ZIP,45,6425,1077821,0.7
FED_CMS_FEDERALLY_QUALIFIED_HEALTH_CENTER_ENROLLMENTS,FED_EPA_RCRA_FACILITIES,NAME@ZIP,CORROBORATED,DOING_BUSINESS_AS_NAME+ZIP_CODE,FACILITY_NAME+ZIP_CODE,177,6425,1429903,2.8
FED_CMS_FEDERALLY_QUALIFIED_HEALTH_CENTER_ENROLLMENTS,FED_EPA_RCRA_RCRA_FACILITIES,NAME@ZIP,CORROBORATED,DOING_BUSINESS_AS_NAME+ZIP_CODE,FACILITY_NAME+ZIP_CODE,177,6425,1429903,2.8
FED_CMS_FEDERALLY_QUALIFIED_HEALTH_CENTER_ENROLLMENTS,FED_EPA_SDWA_SDWA_PUB_WATER_SYSTEMS,NAME@ZIP,CORROBORATED,DOING_BUSINESS_AS_NAME+ZIP_CODE,PWS_NAME+ZIP_CODE,12,6425,395686,0.2
FED_CMS_FEDERALLY_QUALIFIED_HEALTH_CENTER_ENROLLMENTS,FED_FAC_SINGLE_AUDIT,NAME@ZIP,CORROBORATED,DOING_BUSINESS_AS_NAME+ZIP_CODE,AUDITEE_NAME+AUDITEE_ZIP,115,6425,103191,1.8
FED_CMS_FEDERALLY_QUALIFIED_HEALTH_CENTER_ENROLLMENTS,FED_HRSA_HPSA_PRIMARY_CARE,NAME@ZIP,CORROBORATED,DOING_BUSINESS_AS_NAME+ZIP_CODE,HPSA_COMPONENT_NAME+COMMON_POSTAL_CODE,123,6425,6952,1.9
FED_CMS_FEDERALLY_QUALIFIED_HEALTH_CENTER_ENROLLMENTS,FED_HRSA_SHORTAGE_AREAS,NAME@ZIP,CORROBORATED,DOING_BUSINESS_AS_NAME+ZIP_CODE,HPSA_COMPONENT_NAME+COMMON_POSTAL_CODE,128,6425,7829,2.0
FED_CMS_FEDERALLY_QUALIFIED_HEALTH_CENTER_ENROLLMENTS,FED_HRSA_UDS_SERVICE_DELIVERY_SITES,NAME@ZIP,CORROBORATED,DOING_BUSINESS_AS_NAME+ZIP_CODE,SITE_NAME+SITE_POSTAL_CODE,2930,6425,18468,45.6
FED_CMS_FEDERALLY_QUALIFIED_HEALTH_CENTER_ENROLLMENTS,FED_HRSA_UDS_SERVICE_DELIVERY_SITES,NPI,STEEL,NPI,FQHC_SITE_NPI_NUMBER,4672,10269,6047,77.3
FED_CMS_FEDERALLY_QUALIFIED_HEALTH_CENTER_ENROLLMENTS,FED_IRS_AUTO_REVOCATIONS,NAME@ZIP,CORROBORATED,DOING_BUSINESS_AS_NAME+ZIP_CODE,LEGAL_NAME+ZIP_CODE,15,6425,1149844,0.2
FED_CMS_FEDERALLY_QUALIFIED_HEALTH_CENTER_ENROLLMENTS,FED_IRS_BMF,NAME@ZIP,CORROBORATED,DOING_BUSINESS_AS_NAME+ZIP_CODE,NAME+ZIP,100,6425,1868041,1.6
FED_CMS_FEDERALLY_QUALIFIED_HEALTH_CENTER_ENROLLMENTS,FED_IRS_EO_BMF,NAME@ZIP,CORROBORATED,DOING_BUSINESS_AS_NAME+ZIP_CODE,NAME+ZIP,99,6425,1878425,1.5
FED_CMS_FEDERALLY_QUALIFIED_HEALTH_CENTER_ENROLLMENTS,FED_IRS_REVOCATION,NAME@ZIP,CORROBORATED,DOING_BUSINESS_AS_NAME+ZIP_CODE,LEGAL_NAME+ZIP_CODE,14,6425,1149230,0.2
FED_CMS_FEDERALLY_QUALIFIED_HEALTH_CENTER_ENROLLMENTS,FED_OSHA_ITA_300A_SUMMARY_2023,NAME@ZIP,CORROBORATED,DOING_BUSINESS_AS_NAME+ZIP_CODE,ESTABLISHMENT_NAME+ZIP_CODE,82,6425,373106,1.3
FED_CMS_FEDERALLY_QUALIFIED_HEALTH_CENTER_ENROLLMENTS,FED_OSHA_ITA_300A_SUMMARY_2024,NAME@ZIP,CORROBORATED,DOING_BUSINESS_AS_NAME+ZIP_CODE,ESTABLISHMENT_NAME+ZIP_CODE,77,6425,360069,1.2
FED_CMS_FEDERALLY_QUALIFIED_HEALTH_CENTER_ENROLLMENTS,FED_OSHA_ITA_300A_SUMMARY_2025,NAME@ZIP,CORROBORATED,DOING_BUSINESS_AS_NAME+ZIP_CODE,ESTABLISHMENT_NAME+ZIP_CODE,90,6425,375575,1.4
FED_CMS_FEDERALLY_QUALIFIED_HEALTH_CENTER_ENROLLMENTS,FED_USASPENDING_CONTRACTS,NAME@ZIP,CORROBORATED,DOING_BUSINESS_AS_NAME+ZIP_CODE,RECIPIENT_NAME+RECIPIENT_ZIP_4_CODE,7,6425,91616,0.1
FED_CMS_FISCAL_INTERMEDIARY_SHARED_SYSTEM_ATTENDING_AND_RENDERING,FED_CMS_HCRIS,CCN~NPI,BRIDGE,,,15043,2047826,6040,249.1
FED_CMS_FISCAL_INTERMEDIARY_SHARED_SYSTEM_ATTENDING_AND_RENDERING,FED_CMS_HOME_HEALTH,CCN~NPI,BRIDGE,,,60614,2047826,12392,489.1
FED_CMS_FISCAL_INTERMEDIARY_SHARED_SYSTEM_ATTENDING_AND_RENDERING,FED_CMS_HOME_HEALTH_AGENCY_ENROLLMENTS,CCN~NPI,BRIDGE,,,59554,2047826,11467,519.4
FED_CMS_FISCAL_INTERMEDIARY_SHARED_SYSTEM_ATTENDING_AND_RENDERING,FED_CMS_HOSPICE,CCN~NPI,BRIDGE,,,24783,2047826,5155,480.8
FED_CMS_FISCAL_INTERMEDIARY_SHARED_SYSTEM_ATTENDING_AND_RENDERING,FED_CMS_HOSPICE_ENROLLMENTS,CCN~NPI,BRIDGE,,,24450,2047826,6056,403.7
FED_CMS_FISCAL_INTERMEDIARY_SHARED_SYSTEM_ATTENDING_AND_RENDERING,FED_CMS_HOSPITAL_ENROLLMENTS,CCN~NPI,BRIDGE,,,15930,2047826,8717,182.7
FED_CMS_FISCAL_INTERMEDIARY_SHARED_SYSTEM_ATTENDING_AND_RENDERING,FED_CMS_HOSPITAL_GENERAL,CCN~NPI,BRIDGE,,,10786,2047826,5268,204.7
FED_CMS_FISCAL_INTERMEDIARY_SHARED_SYSTEM_ATTENDING_AND_RENDERING,FED_CMS_IRF,CCN~NPI,BRIDGE,,,2604,2047826,410,635.1
FED_CMS_FISCAL_INTERMEDIARY_SHARED_SYSTEM_ATTENDING_AND_RENDERING,FED_CMS_LTCH,CCN~NPI,BRIDGE,,,2653,2047826,311,853.1
FED_CMS_FISCAL_INTERMEDIARY_SHARED_SYSTEM_ATTENDING_AND_RENDERING,FED_CMS_MEDICARE_DIALYSIS_FACILITIES,NPI,STEEL,NPI,NPI,39,2047826,8140,0.5
FED_CMS_FISCAL_INTERMEDIARY_SHARED_SYSTEM_ATTENDING_AND_RENDERING,FED_CMS_MEDICARE_DURABLE_MEDICAL_EQUIPMENT_DEVICES_SUPPLIES_BY_REFER,NPI,STEEL,NPI,RFRG_NPI,373343,2047826,381228,97.9
FED_CMS_FISCAL_INTERMEDIARY_SHARED_SYSTEM_ATTENDING_AND_RENDERING,FED_CMS_MEDICARE_DURABLE_MEDICAL_EQUIPMENT_DEVICES_SUPPLIES_BY_SUPPL,NPI,STEEL,NPI,SUPLR_NPI,244,2047826,55598,0.4
FED_CMS_FISCAL_INTERMEDIARY_SHARED_SYSTEM_ATTENDING_AND_RENDERING,FED_CMS_MEDICARE_FEE_FOR_SERVICE_PUBLIC_PROVIDER_ENROLLMENT,NPI,STEEL,NPI,NPI,1991160,2047826,2541258,97.2
FED_CMS_FISCAL_INTERMEDIARY_SHARED_SYSTEM_ATTENDING_AND_RENDERING,FED_CMS_MEDICARE_INPATIENT_HOSPITALS_BY_PROVIDER,CCN~NPI,BRIDGE,,,1545,2047826,3044,50.8
FED_CMS_FISCAL_INTERMEDIARY_SHARED_SYSTEM_ATTENDING_AND_RENDERING,FED_CMS_MEDICARE_INPATIENT_HOSPITALS_BY_PROVIDER_AND_SERVICE,CCN~NPI,BRIDGE,,,880,2047826,2906,30.3
FED_CMS_FISCAL_INTERMEDIARY_SHARED_SYSTEM_ATTENDING_AND_RENDERING,FED_CMS_MEDICARE_OUTPATIENT_HOSPITALS_BY_PROVIDER_AND_SERVICE,CCN~NPI,BRIDGE,,,2448,2047826,3126,78.3
FED_CMS_FISCAL_INTERMEDIARY_SHARED_SYSTEM_ATTENDING_AND_RENDERING,FED_CMS_MEDICARE_PHYSICIAN_OTHER_PRACTITIONERS_BY_PROVIDER,NPI,STEEL,NPI,RNDRNG_NPI,1113585,2047826,1296739,85.9
FED_CMS_FISCAL_INTERMEDIARY_SHARED_SYSTEM_ATTENDING_AND_RENDERING,FED_CMS_MEDICARE_PHYSICIAN_OTHER_PRACTITIONERS_BY_PROVIDER_AND_SERVI,NPI,STEEL,NPI,RNDRNG_NPI,1030279,2047826,1207473,85.3
FED_CMS_FISCAL_INTERMEDIARY_SHARED_SYSTEM_ATTENDING_AND_RENDERING,FED_CMS_MEDICARE_PROVIDER,NPI,STEEL,NPI,NPI,1113585,2047826,1296739,85.9
FED_CMS_FISCAL_INTERMEDIARY_SHARED_SYSTEM_ATTENDING_AND_RENDERING,FED_CMS_NPPES,NPI,STEEL,NPI,NPI,2046301,2047826,9606683,99.9
FED_CMS_FISCAL_INTERMEDIARY_SHARED_SYSTEM_ATTENDING_AND_RENDERING,FED_CMS_NURSING_HOME,CCN~NPI,BRIDGE,,,36039,2047826,14448,249.4
FED_CMS_FISCAL_INTERMEDIARY_SHARED_SYSTEM_ATTENDING_AND_RENDERING,FED_CMS_NURSING_HOME_DEFICIENCIES,CCN~NPI,BRIDGE,,,35824,2047826,14383,249.1
FED_CMS_FISCAL_INTERMEDIARY_SHARED_SYSTEM_ATTENDING_AND_RENDERING,FED_CMS_NURSING_HOME_FIRE_DEFICIENCIES,CCN~NPI,BRIDGE,,,34175,2047826,13686,249.7
FED_CMS_FISCAL_INTERMEDIARY_SHARED_SYSTEM_ATTENDING_AND_RENDERING,FED_CMS_NURSING_HOME_PENALTIES,CCN~NPI,BRIDGE,,,15987,2047826,6771,236.1
FED_CMS_FISCAL_INTERMEDIARY_SHARED_SYSTEM_ATTENDING_AND_RENDERING,FED_CMS_OPEN_PAYMENTS,NPI,STEEL,NPI,NPI,808033,2047826,979136,82.5
FED_CMS_FISCAL_INTERMEDIARY_SHARED_SYSTEM_ATTENDING_AND_RENDERING,FED_CMS_OPEN_PAYMENTS_2022,NPI,STEEL,NPI,NPI,701939,2047826,863007,81.3
FED_CMS_FISCAL_INTERMEDIARY_SHARED_SYSTEM_ATTENDING_AND_RENDERING,FED_CMS_OPEN_PAYMENTS_2023,NPI,STEEL,NPI,NPI,765353,2047826,933619,82.0
FED_CMS_FISCAL_INTERMEDIARY_SHARED_SYSTEM_ATTENDING_AND_RENDERING,FED_CMS_OPEN_PAYMENTS_PROFILE_SUPPLEMENT,NPI,STEEL,NPI,COVERED_RECIPIENT_NPI,1275134,2047826,1681790,75.8
FED_CMS_FISCAL_INTERMEDIARY_SHARED_SYSTEM_ATTENDING_AND_RENDERING,FED_CMS_OPT_OUT_AFFIDAVITS,NPI,STEEL,NPI,NPI,33162,2047826,56455,58.7
FED_CMS_FISCAL_INTERMEDIARY_SHARED_SYSTEM_ATTENDING_AND_RENDERING,FED_CMS_ORDER_AND_REFERRING,NPI,STEEL,NPI,NPI,1929287,2047826,2018350,95.6
FED_CMS_FISCAL_INTERMEDIARY_SHARED_SYSTEM_ATTENDING_AND_RENDERING,FED_CMS_PARTD_PRESCRIBER_DRUG,NPI,STEEL,NPI,Prscrbr_NPI,890664,2047826,1057566,84.2
FED_CMS_FISCAL_INTERMEDIARY_SHARED_SYSTEM_ATTENDING_AND_RENDERING,FED_CMS_PART_D_PRESCRIBERS,NPI,STEEL,NPI,NPI,1178686,2047826,1416883,83.2
FED_CMS_FISCAL_INTERMEDIARY_SHARED_SYSTEM_ATTENDING_AND_RENDERING,FED_CMS_PECOS_PROVIDER_ENROLLMENT,NPI,STEEL,NPI,NPI,1991160,2047826,2541258,97.2
FED_CMS_FISCAL_INTERMEDIARY_SHARED_SYSTEM_ATTENDING_AND_RENDERING,FED_CMS_PENDING_INITIAL_LOGGING_AND_TRACKING_NON_PHYSICIANS,NPI,STEEL,NPI,NPI,2138,2047826,6880,31.1
FED_CMS_FISCAL_INTERMEDIARY_SHARED_SYSTEM_ATTENDING_AND_RENDERING,FED_CMS_PENDING_INITIAL_LOGGING_AND_TRACKING_PHYSICIANS,NPI,STEEL,NPI,NPI,2978,2047826,7239,41.1
FED_CMS_FISCAL_INTERMEDIARY_SHARED_SYSTEM_ATTENDING_AND_RENDERING,FED_CMS_POS_OTHER,CCN~NPI,BRIDGE,,,16345,2047826,41262,39.6
FED_CMS_FISCAL_INTERMEDIARY_SHARED_SYSTEM_ATTENDING_AND_RENDERING,FED_CMS_QUALITY_PAYMENT_PROGRAM_EXPERIENCE,NPI,STEEL,NPI,NPI,420908,2047826,453202,92.9
FED_CMS_FISCAL_INTERMEDIARY_SHARED_SYSTEM_ATTENDING_AND_RENDERING,FED_CMS_RURAL_HEALTH_CLINIC_ENROLLMENTS,NPI,STEEL,NPI,NPI,22,2047826,5320,0.4
FED_CMS_FISCAL_INTERMEDIARY_SHARED_SYSTEM_ATTENDING_AND_RENDERING,FED_CMS_SKILLED_NURSING_FACILITY_ENROLLMENTS,CCN~NPI,BRIDGE,,,35533,2047826,14421,246.4
FED_CMS_FISCAL_INTERMEDIARY_SHARED_SYSTEM_ATTENDING_AND_RENDERING,FED_HHS_OIG_LEIE,NPI,STEEL,NPI,NPI,29,2047826,8660,0.3
FED_CMS_FISCAL_INTERMEDIARY_SHARED_SYSTEM_ATTENDING_AND_RENDERING,FED_NURSINGHOME411,CCN~NPI,BRIDGE,,,36046,2047826,14456,249.3
FED_CMS_FISCAL_INTERMEDIARY_SHARED_SYSTEM_ATTENDING_AND_RENDERING,FED_SAM_EXCLUSIONS_FULL_R2,NPI,STEEL,NPI,NPI,21,2047826,4866,0.4
FED_CMS_HCRIS,FED_CMS_HOME_HEALTH,NAME@ZIP,CORROBORATED,HOSPITAL_NAME+ZIP_CODE,PROVIDER_NAME+ZIP_CODE,9,6033,12330,0.1
FED_CMS_HCRIS,FED_CMS_HOME_HEALTH_AGENCY_ENROLLMENTS,NAME@ZIP,CORROBORATED,HOSPITAL_NAME+ZIP_CODE,ORGANIZATION_NAME+ZIP_CODE,168,6033,11478,2.8
FED_CMS_HCRIS,FED_CMS_HOSPICE,NAME@ZIP,CORROBORATED,HOSPITAL_NAME+ZIP_CODE,FACILITY_NAME+ZIP_CODE,11,6033,6837,0.2
FED_CMS_HCRIS,FED_CMS_HOSPICE_ENROLLMENTS,NAME@ZIP,CORROBORATED,HOSPITAL_NAME+ZIP_CODE,ORGANIZATION_NAME+ZIP_CODE,108,6033,6064,1.8
FED_CMS_HCRIS,FED_CMS_HOSPITAL_ENROLLMENTS,CCN,STEEL,PROVIDER_CCN,CCN,5738,6040,5966,96.2
FED_CMS_HCRIS,FED_CMS_HOSPITAL_ENROLLMENTS,NAME@ZIP,CORROBORATED,HOSPITAL_NAME+ZIP_CODE,DOING_BUSINESS_AS_NAME+ZIP_CODE,1930,6033,5391,35.8
FED_CMS_HCRIS,FED_CMS_HOSPITAL_GENERAL,CCN,STEEL,PROVIDER_CCN,CCN,5144,6040,5268,97.6
FED_CMS_HCRIS,FED_CMS_HOSPITAL_GENERAL,NAME@ZIP,CORROBORATED,HOSPITAL_NAME+ZIP_CODE,FACILITY_NAME+ZIP_CODE,2543,6033,5427,46.9
FED_CMS_HCRIS,FED_CMS_IRF,CCN,STEEL,PROVIDER_CCN,CCN,370,6040,410,90.2
FED_CMS_HCRIS,FED_CMS_IRF,NAME@ZIP,CORROBORATED,HOSPITAL_NAME+ZIP_CODE,PROVIDER_NAME+ZIP_CODE,290,6033,1222,23.7
FED_CMS_HCRIS,FED_CMS_LTCH,CCN,STEEL,PROVIDER_CCN,CCN,302,6040,311,97.1
FED_CMS_HCRIS,FED_CMS_LTCH,NAME@ZIP,CORROBORATED,HOSPITAL_NAME+ZIP_CODE,PROVIDER_NAME+ZIP_CODE,90,6033,311,28.9
FED_CMS_HCRIS,FED_CMS_MEDICARE_DIABETES_PREVENTION_PROGRAM,NAME@ZIP,CORROBORATED,HOSPITAL_NAME+ZIP_CODE,LOCATION_NAME+ZIP_CODE,29,6033,935,3.1
FED_CMS_HCRIS,FED_CMS_MEDICARE_DIALYSIS_FACILITIES,CCN~NPI,BRIDGE,,,60,6040,8241,1.0
FED_CMS_HCRIS,FED_CMS_MEDICARE_DURABLE_MEDICAL_EQUIPMENT_DEVICES_SUPPLIES_BY_REFER,CCN~NPI,BRIDGE,,,8755,6040,381228,145.0
FED_CMS_HCRIS,FED_CMS_MEDICARE_DURABLE_MEDICAL_EQUIPMENT_DEVICES_SUPPLIES_BY_SUPPL,NAME@ZIP,CORROBORATED,HOSPITAL_NAME+ZIP_CODE,SUPLR_PRVDR_LAST_NAME_ORG+SUPLR_PRVDR_ZIP5,160,6033,49703,2.7
FED_CMS_HCRIS,FED_CMS_MEDICARE_FEE_FOR_SERVICE_PUBLIC_PROVIDER_ENROLLMENT,CCN~NPI,BRIDGE,,,20748,6040,2541258,343.5
FED_CMS_HCRIS,FED_CMS_MEDICARE_INPATIENT_HOSPITALS_BY_PROVIDER,CCN,STEEL,PROVIDER_CCN,RNDRNG_PRVDR_CCN,3029,6040,3044,99.5
FED_CMS_HCRIS,FED_CMS_MEDICARE_INPATIENT_HOSPITALS_BY_PROVIDER,NAME@ZIP,CORROBORATED,HOSPITAL_NAME+ZIP_CODE,RNDRNG_PRVDR_ORG_NAME+RNDRNG_PRVDR_ZIP5,1462,6033,3044,48.0
FED_CMS_HCRIS,FED_CMS_MEDICARE_INPATIENT_HOSPITALS_BY_PROVIDER_AND_SERVICE,CCN,STEEL,PROVIDER_CCN,RNDRNG_PRVDR_CCN,2899,6040,2906,99.8
FED_CMS_HCRIS,FED_CMS_MEDICARE_INPATIENT_HOSPITALS_BY_PROVIDER_AND_SERVICE,NAME@ZIP,CORROBORATED,HOSPITAL_NAME+ZIP_CODE,RNDRNG_PRVDR_ORG_NAME+RNDRNG_PRVDR_ZIP5,1392,6033,2906,47.9
FED_CMS_HCRIS,FED_CMS_MEDICARE_OUTPATIENT_HOSPITALS_BY_PROVIDER_AND_SERVICE,CCN,STEEL,PROVIDER_CCN,RNDRNG_PRVDR_CCN,3089,6040,3126,98.8
FED_CMS_HCRIS,FED_CMS_MEDICARE_OUTPATIENT_HOSPITALS_BY_PROVIDER_AND_SERVICE,NAME@ZIP,CORROBORATED,HOSPITAL_NAME+ZIP_CODE,RNDRNG_PRVDR_ORG_NAME+RNDRNG_PRVDR_ZIP5,1491,6033,3121,47.8
FED_CMS_HCRIS,FED_CMS_MEDICARE_PHYSICIAN_OTHER_PRACTITIONERS_BY_PROVIDER,NAME@ZIP,CORROBORATED,HOSPITAL_NAME+ZIP_CODE,RNDRNG_PRVDR_LAST_ORG_NAME+RNDRNG_PRVDR_ZIP5,107,6033,1204005,1.8
FED_CMS_HCRIS,FED_CMS_MEDICARE_PHYSICIAN_OTHER_PRACTITIONERS_BY_PROVIDER_AND_SERVI,NAME@ZIP,CORROBORATED,HOSPITAL_NAME+ZIP_CODE,RNDRNG_PRVDR_LAST_ORG_NAME+RNDRNG_PRVDR_ZIP5,105,6033,1125418,1.7
FED_CMS_HCRIS,FED_CMS_MEDICARE_PROVIDER,NAME@ZIP,CORROBORATED,HOSPITAL_NAME+ZIP_CODE,RNDRNG_PRVDR_LAST_ORG_NAME+RNDRNG_PRVDR_ZIP5,107,6033,1204005,1.8
FED_CMS_HCRIS,FED_CMS_NPPES,CCN~NPI,BRIDGE,,,20808,6040,9606683,344.5
FED_CMS_HCRIS,FED_CMS_NURSING_HOME,NAME@ZIP,CORROBORATED,HOSPITAL_NAME+ZIP_CODE,PROVIDER_NAME+ZIP_CODE,56,6033,14700,0.9
FED_CMS_HCRIS,FED_CMS_NURSING_HOME_DEFICIENCIES,NAME@ZIP,CORROBORATED,HOSPITAL_NAME+ZIP_CODE,PROVIDER_NAME+ZIP_CODE,54,6033,14632,0.9
FED_CMS_HCRIS,FED_CMS_NURSING_HOME_FIRE_DEFICIENCIES,NAME@ZIP,CORROBORATED,HOSPITAL_NAME+ZIP_CODE,PROVIDER_NAME+ZIP_CODE,51,6033,13914,0.8
FED_CMS_HCRIS,FED_CMS_NURSING_HOME_PENALTIES,NAME@ZIP,CORROBORATED,HOSPITAL_NAME+ZIP_CODE,PROVIDER_NAME+ZIP_CODE,20,6033,6831,0.3
FED_CMS_HCRIS,FED_CMS_OPEN_PAYMENTS,CCN~NPI,BRIDGE,,,8731,6040,979136,144.6
FED_CMS_HCRIS,FED_CMS_OPEN_PAYMENTS_2022,CCN~NPI,BRIDGE,,,8115,6040,863007,134.4
FED_CMS_HCRIS,FED_CMS_OPEN_PAYMENTS_2023,CCN~NPI,BRIDGE,,,8551,6040,933619,141.6
FED_CMS_HCRIS,FED_CMS_OPEN_PAYMENTS_PROFILE_SUPPLEMENT,CCN~NPI,BRIDGE,,,12651,6040,1681790,209.5
FED_CMS_HCRIS,FED_CMS_OPIOID_TREATMENT_PROGRAM_PROVIDERS,NAME@ZIP,CORROBORATED,HOSPITAL_NAME+ZIP_CODE,PROVIDER_NAME+ZIP,12,6033,1541,0.8
FED_CMS_HCRIS,FED_CMS_OPT_OUT_AFFIDAVITS,CCN~NPI,BRIDGE,,,9,6040,56455,0.1
FED_CMS_HCRIS,FED_CMS_ORDER_AND_REFERRING,CCN~NPI,BRIDGE,,,14889,6040,2018350,246.5
FED_CMS_HCRIS,FED_CMS_PARTD_PRESCRIBER_DRUG,CCN~NPI,BRIDGE,,,11350,6040,1057566,187.9
FED_CMS_HCRIS,FED_CMS_PART_D_PRESCRIBERS,CCN~NPI,BRIDGE,,,13404,6040,1416883,221.9
FED_CMS_HCRIS,FED_CMS_PECOS_PROVIDER_ENROLLMENT,CCN~NPI,BRIDGE,,,20748,6040,2541258,343.5
FED_CMS_HCRIS,FED_CMS_POS_OTHER,CCN,STEEL,PROVIDER_CCN,CCN,6037,6040,41262,100.0
FED_CMS_HCRIS,FED_CMS_POS_OTHER,NAME@ZIP,CORROBORATED,HOSPITAL_NAME+ZIP_CODE,FAC_NAME+ZIP_CD,2922,6033,40109,48.4
FED_CMS_HCRIS,FED_CMS_QUALITY_PAYMENT_PROGRAM_EXPERIENCE,CCN~NPI,BRIDGE,,,4823,6040,453202,79.9
FED_CMS_HCRIS,FED_CMS_RURAL_HEALTH_CLINIC_ENROLLMENTS,NAME@ZIP,CORROBORATED,HOSPITAL_NAME+ZIP_CODE,DOING_BUSINESS_AS_NAME+ZIP_CODE,60,6033,4513,1.3
FED_CMS_HCRIS,FED_CMS_SKILLED_NURSING_FACILITY_ENROLLMENTS,NAME@ZIP,CORROBORATED,HOSPITAL_NAME+ZIP_CODE,NURSING_HOME_PROVIDER_NAME+ZIP_CODE,46,6033,14044,0.8
FED_CMS_HCRIS,FED_DEA_ARCOS_FULL,NAME@ZIP,CORROBORATED,HOSPITAL_NAME+ZIP_CODE,BUYER_NAME+BUYER_ZIP,55,6033,127173,0.9
FED_CMS_HCRIS,FED_DOL_FORM5500,NAME@ZIP,CORROBORATED,HOSPITAL_NAME+ZIP_CODE,PLAN_NAME+SPONS_DFE_MAIL_US_ZIP,5,6033,31367,0.1
FED_CMS_HCRIS,FED_EIA860_1_UTILITY,NAME@ZIP,CORROBORATED,HOSPITAL_NAME+ZIP_CODE,UTILITY_NAME+ZIP,21,6033,5530,0.4
FED_CMS_HCRIS,FED_EIA860_2_PLANT,NAME@ZIP,CORROBORATED,HOSPITAL_NAME+ZIP_CODE,PLANT_NAME+ZIP,27,6033,14083,0.4
FED_CMS_HCRIS,FED_EPA_FRS_FRS_FACILITIES,NAME@ZIP,CORROBORATED,HOSPITAL_NAME+ZIP_CODE,FAC_NAME+FAC_ZIP,1545,6033,2699357,25.6
FED_CMS_HCRIS,FED_EPA_FRS_FRS_PROGRAM_LINKS,NAME@ZIP,CORROBORATED,HOSPITAL_NAME+ZIP_CODE,PRIMARY_NAME+POSTAL_CODE,1863,6033,3338955,30.9
FED_CMS_HCRIS,FED_EPA_FRS_FULL,NAME@ZIP,CORROBORATED,HOSPITAL_NAME+ZIP_CODE,PRIMARY_NAME+POSTAL_CODE,1822,6033,4325132,30.2
FED_CMS_HCRIS,FED_EPA_GHGRP_FACILITY,NAME@ZIP,CORROBORATED,HOSPITAL_NAME+ZIP_CODE,FACILITY_NAME+ZIP,14,6033,12485,0.2
FED_CMS_HCRIS,FED_EPA_ICIS_AIR_ICIS_AIR_FACILITIES,NAME@ZIP,CORROBORATED,HOSPITAL_NAME+ZIP_CODE,FACILITY_NAME+ZIP_CODE,588,6033,270351,9.7
FED_CMS_HCRIS,FED_EPA_ICIS_FEC_CASE_ENFORCEMENT_CONCLUSION_FACILITIES,NAME@ZIP,CORROBORATED,HOSPITAL_NAME+ZIP_CODE,FACILITY_NAME+FACILITY_ZIP,119,6033,108488,2.0
FED_CMS_HCRIS,FED_EPA_ICIS_FEC_CASE_FACILITIES,NAME@ZIP,CORROBORATED,HOSPITAL_NAME+ZIP_CODE,FACILITY_NAME+ZIP,126,6033,117594,2.1
FED_CMS_HCRIS,FED_EPA_NPDES_ICIS_FACILITIES,NAME@ZIP,CORROBORATED,HOSPITAL_NAME+ZIP_CODE,FACILITY_NAME+ZIP,263,6033,1077821,4.4
FED_CMS_HCRIS,FED_EPA_RCRA_FACILITIES,NAME@ZIP,CORROBORATED,HOSPITAL_NAME+ZIP_CODE,FACILITY_NAME+ZIP_CODE,1356,6033,1429903,22.5
FED_CMS_HCRIS,FED_EPA_RCRA_RCRA_FACILITIES,NAME@ZIP,CORROBORATED,HOSPITAL_NAME+ZIP_CODE,FACILITY_NAME+ZIP_CODE,1356,6033,1429903,22.5
FED_CMS_HCRIS,FED_EPA_SDWA_SDWA_PUB_WATER_SYSTEMS,NAME@ZIP,CORROBORATED,HOSPITAL_NAME+ZIP_CODE,PWS_NAME+ZIP_CODE,100,6033,395686,1.7
FED_CMS_HCRIS,FED_FAA_AIRCRAFT_REGISTRY,NAME@ZIP,CORROBORATED,HOSPITAL_NAME+ZIP_CODE,NAME+ZIP_CODE,16,6033,205605,0.3
FED_CMS_HCRIS,FED_FAC_SINGLE_AUDIT,NAME@ZIP,CORROBORATED,HOSPITAL_NAME+ZIP_CODE,AUDITEE_NAME+AUDITEE_ZIP,642,6033,103191,10.6
FED_CMS_HCRIS,FED_FCC_LICENSING,NAME@ZIP,CORROBORATED,HOSPITAL_NAME+ZIP_CODE,ENTITY_NAME+ZIP_CODE,10,6033,1502987,0.2
FED_CMS_HCRIS,FED_FEC_INDIV_CONTRIBUTIONS,NAME@ZIP,CORROBORATED,HOSPITAL_NAME+ZIP_CODE,NAME+ZIP_CODE,5,6033,5251703,0.1
FED_CMS_HCRIS,FED_HHS_OIG_LEIE,CCN~NPI,BRIDGE,,,3,6040,8660,0.0
FED_CMS_HCRIS,FED_HRSA_HPSA_PRIMARY_CARE,NAME@ZIP,CORROBORATED,HOSPITAL_NAME+ZIP_CODE,HPSA_COMPONENT_NAME+COMMON_POSTAL_CODE,53,6033,6952,0.9
FED_CMS_HCRIS,FED_HRSA_SHORTAGE_AREAS,NAME@ZIP,CORROBORATED,HOSPITAL_NAME+ZIP_CODE,HPSA_COMPONENT_NAME+COMMON_POSTAL_CODE,71,6033,7829,1.2
FED_CMS_HCRIS,FED_HRSA_UDS_SERVICE_DELIVERY_SITES,NAME@ZIP,CORROBORATED,HOSPITAL_NAME+ZIP_CODE,SITE_NAME+SITE_POSTAL_CODE,7,6033,18468,0.1
FED_CMS_HCRIS,FED_ICE_DETENTION_FACILITY_CODES,NAME@ZIP,CORROBORATED,HOSPITAL_NAME+ZIP_CODE,DETENTION_FACILITY_NAME+ZIP,66,6033,1327,5.0
FED_CMS_HCRIS,FED_IRS_AUTO_REVOCATIONS,NAME@ZIP,CORROBORATED,HOSPITAL_NAME+ZIP_CODE,LEGAL_NAME+ZIP_CODE,86,6033,1149844,1.4
FED_CMS_HCRIS,FED_IRS_BMF,NAME@ZIP,CORROBORATED,HOSPITAL_NAME+ZIP_CODE,NAME+ZIP,893,6033,1868041,14.8
FED_CMS_HCRIS,FED_IRS_EO_BMF,NAME@ZIP,CORROBORATED,HOSPITAL_NAME+ZIP_CODE,NAME+ZIP,886,6033,1878425,14.7
FED_CMS_HCRIS,FED_IRS_REVOCATION,NAME@ZIP,CORROBORATED,HOSPITAL_NAME+ZIP_CODE,LEGAL_NAME+ZIP_CODE,86,6033,1149230,1.4
FED_CMS_HCRIS,FED_NCUA_CALL_REPORTS_FOICU,NAME@ZIP,CORROBORATED,HOSPITAL_NAME+ZIP_CODE,CU_NAME+ZIP_CODE,6,6033,4335,0.1
FED_CMS_HCRIS,FED_NCUA_FEDERALLY_INSURED_CU_LIST,NAME@ZIP,CORROBORATED,HOSPITAL_NAME+ZIP_CODE,CREDIT_UNION_NAME+ZIP_CODE_MAILING_ADDRESS,6,6033,4249,0.1
FED_CMS_HCRIS,FED_OSHA_ITA_300A_SUMMARY_2023,NAME@ZIP,CORROBORATED,HOSPITAL_NAME+ZIP_CODE,ESTABLISHMENT_NAME+ZIP_CODE,1177,6033,373106,19.5
FED_CMS_HCRIS,FED_OSHA_ITA_300A_SUMMARY_2024,NAME@ZIP,CORROBORATED,HOSPITAL_NAME+ZIP_CODE,ESTABLISHMENT_NAME+ZIP_CODE,1165,6033,360069,19.3
FED_CMS_HCRIS,FED_OSHA_ITA_300A_SUMMARY_2025,NAME@ZIP,CORROBORATED,HOSPITAL_NAME+ZIP_CODE,ESTABLISHMENT_NAME+ZIP_CODE,1206,6033,375575,20.0
FED_CMS_HCRIS,FED_OSHA_ITA_CASE_DETAIL_2023,NAME@ZIP,CORROBORATED,HOSPITAL_NAME+ZIP_CODE,ESTABLISHMENT_NAME+ZIP_CODE,837,6033,85607,13.9
FED_CMS_HCRIS,FED_OSHA_ITA_CASE_DETAIL_2024,NAME@ZIP,CORROBORATED,HOSPITAL_NAME+ZIP_CODE,ESTABLISHMENT_NAME+ZIP_CODE,717,6033,59854,11.9
FED_CMS_HCRIS,FED_OSHA_ITA_CASE_DETAIL_2025,NAME@ZIP,CORROBORATED,HOSPITAL_NAME+ZIP_CODE,ESTABLISHMENT_NAME+ZIP_CODE,553,6033,33457,9.2
FED_CMS_HCRIS,FED_USASPENDING_CONTRACTS,NAME@ZIP,CORROBORATED,HOSPITAL_NAME+ZIP_CODE,RECIPIENT_NAME+RECIPIENT_ZIP_4_CODE,95,6033,91616,1.6
FED_CMS_HCRIS,FED_USCG_NRC_INCIDENTS,NAME@ZIP,CORROBORATED,HOSPITAL_NAME+ZIP_CODE,RESPONSIBLE_COMPANY+RESPONSIBLE_ZIP,44,6033,93650,0.7
FED_CMS_HCRIS,FED_USCG_NRC_INCIDENT_REPORTS,NAME@ZIP,CORROBORATED,HOSPITAL_NAME+ZIP_CODE,RESPONSIBLE_COMPANY+RESPONSIBLE_ZIP,6,6033,15011,0.1
FED_CMS_HCRIS,IRS527_RELATED_ENTITIES,NAME@ZIP,CORROBORATED,HOSPITAL_NAME+ZIP_CODE,ENTITY_NAME+ENTITY_ZIP,18,6033,11739,0.3
FED_CMS_HOME_HEALTH,FED_CMS_HOME_HEALTH_AGENCY_ENROLLMENTS,CCN,STEEL,CCN,CCN,11213,12392,11413,98.2
FED_CMS_HOME_HEALTH,FED_CMS_HOME_HEALTH_AGENCY_ENROLLMENTS,NAME@ZIP,CORROBORATED,PROVIDER_NAME+ZIP_CODE,ORGANIZATION_NAME+ZIP_CODE,6102,12330,11478,53.2
FED_CMS_HOME_HEALTH,FED_CMS_HOSPICE,NAME@ZIP,CORROBORATED,PROVIDER_NAME+ZIP_CODE,FACILITY_NAME+ZIP_CODE,315,12330,6837,4.6
FED_CMS_HOME_HEALTH,FED_CMS_HOSPICE_ENROLLMENTS,NAME@ZIP,CORROBORATED,PROVIDER_NAME+ZIP_CODE,ORGANIZATION_NAME+ZIP_CODE,205,12330,6064,3.4
FED_CMS_HOME_HEALTH,FED_CMS_HOSPITAL_ENROLLMENTS,NAME@ZIP,CORROBORATED,PROVIDER_NAME+ZIP_CODE,DOING_BUSINESS_AS_NAME+ZIP_CODE,12,12330,5391,0.2
FED_CMS_HOME_HEALTH,FED_CMS_HOSPITAL_GENERAL,NAME@ZIP,CORROBORATED,PROVIDER_NAME+ZIP_CODE,FACILITY_NAME+ZIP_CODE,14,12330,5427,0.3
FED_CMS_HOME_HEALTH,FED_CMS_MEDICARE_DIALYSIS_FACILITIES,CCN~NPI,BRIDGE,,,7,12392,8241,0.1
FED_CMS_HOME_HEALTH,FED_CMS_MEDICARE_DURABLE_MEDICAL_EQUIPMENT_DEVICES_SUPPLIES_BY_REFER,CCN~NPI,BRIDGE,,,53239,12392,381228,429.6
FED_CMS_HOME_HEALTH,FED_CMS_MEDICARE_DURABLE_MEDICAL_EQUIPMENT_DEVICES_SUPPLIES_BY_SUPPL,NAME@ZIP,CORROBORATED,PROVIDER_NAME+ZIP_CODE,SUPLR_PRVDR_LAST_NAME_ORG+SUPLR_PRVDR_ZIP5,19,12330,49703,0.2
FED_CMS_HOME_HEALTH,FED_CMS_MEDICARE_FEE_FOR_SERVICE_PUBLIC_PROVIDER_ENROLLMENT,CCN~NPI,BRIDGE,,,71534,12392,2541258,577.3
FED_CMS_HOME_HEALTH,FED_CMS_MEDICARE_INPATIENT_HOSPITALS_BY_PROVIDER,NAME@ZIP,CORROBORATED,PROVIDER_NAME+ZIP_CODE,RNDRNG_PRVDR_ORG_NAME+RNDRNG_PRVDR_ZIP5,10,12330,3044,0.3
FED_CMS_HOME_HEALTH,FED_CMS_MEDICARE_INPATIENT_HOSPITALS_BY_PROVIDER_AND_SERVICE,NAME@ZIP,CORROBORATED,PROVIDER_NAME+ZIP_CODE,RNDRNG_PRVDR_ORG_NAME+RNDRNG_PRVDR_ZIP5,9,12330,2906,0.3
FED_CMS_HOME_HEALTH,FED_CMS_MEDICARE_OUTPATIENT_HOSPITALS_BY_PROVIDER_AND_SERVICE,NAME@ZIP,CORROBORATED,PROVIDER_NAME+ZIP_CODE,RNDRNG_PRVDR_ORG_NAME+RNDRNG_PRVDR_ZIP5,9,12330,3121,0.3
FED_CMS_HOME_HEALTH,FED_CMS_MEDICARE_PHYSICIAN_OTHER_PRACTITIONERS_BY_PROVIDER,NAME@ZIP,CORROBORATED,PROVIDER_NAME+ZIP_CODE,RNDRNG_PRVDR_LAST_ORG_NAME+RNDRNG_PRVDR_ZIP5,8,12330,1204005,0.1
FED_CMS_HOME_HEALTH,FED_CMS_MEDICARE_PHYSICIAN_OTHER_PRACTITIONERS_BY_PROVIDER_AND_SERVI,NAME@ZIP,CORROBORATED,PROVIDER_NAME+ZIP_CODE,RNDRNG_PRVDR_LAST_ORG_NAME+RNDRNG_PRVDR_ZIP5,7,12330,1125418,0.1
FED_CMS_HOME_HEALTH,FED_CMS_MEDICARE_PROVIDER,NAME@ZIP,CORROBORATED,PROVIDER_NAME+ZIP_CODE,RNDRNG_PRVDR_LAST_ORG_NAME+RNDRNG_PRVDR_ZIP5,8,12330,1204005,0.1
FED_CMS_HOME_HEALTH,FED_CMS_NPPES,CCN~NPI,BRIDGE,,,72050,12392,9606683,581.4
FED_CMS_HOME_HEALTH,FED_CMS_NURSING_HOME,NAME@ZIP,CORROBORATED,PROVIDER_NAME+ZIP_CODE,PROVIDER_NAME+ZIP_CODE,6,12330,14700,0.0
FED_CMS_HOME_HEALTH,FED_CMS_NURSING_HOME_DEFICIENCIES,NAME@ZIP,CORROBORATED,PROVIDER_NAME+ZIP_CODE,PROVIDER_NAME+ZIP_CODE,6,12330,14632,0.0
FED_CMS_HOME_HEALTH,FED_CMS_NURSING_HOME_FIRE_DEFICIENCIES,NAME@ZIP,CORROBORATED,PROVIDER_NAME+ZIP_CODE,PROVIDER_NAME+ZIP_CODE,6,12330,13914,0.0
FED_CMS_HOME_HEALTH,FED_CMS_OPEN_PAYMENTS,CCN~NPI,BRIDGE,,,41902,12392,979136,338.1
FED_CMS_HOME_HEALTH,FED_CMS_OPEN_PAYMENTS_2022,CCN~NPI,BRIDGE,,,39354,12392,863007,317.6
FED_CMS_HOME_HEALTH,FED_CMS_OPEN_PAYMENTS_2023,CCN~NPI,BRIDGE,,,41147,12392,933619,332.0
FED_CMS_HOME_HEALTH,FED_CMS_OPEN_PAYMENTS_PROFILE_SUPPLEMENT,CCN~NPI,BRIDGE,,,53899,12392,1681790,434.9
FED_CMS_HOME_HEALTH,FED_CMS_OPT_OUT_AFFIDAVITS,CCN~NPI,BRIDGE,,,38,12392,56455,0.3
FED_CMS_HOME_HEALTH,FED_CMS_ORDER_AND_REFERRING,CCN~NPI,BRIDGE,,,60701,12392,2018350,489.8
FED_CMS_HOME_HEALTH,FED_CMS_PARTD_PRESCRIBER_DRUG,CCN~NPI,BRIDGE,,,55134,12392,1057566,444.9
FED_CMS_HOME_HEALTH,FED_CMS_PART_D_PRESCRIBERS,CCN~NPI,BRIDGE,,,59683,12392,1416883,481.6
FED_CMS_HOME_HEALTH,FED_CMS_PECOS_PROVIDER_ENROLLMENT,CCN~NPI,BRIDGE,,,71534,12392,2541258,577.3
FED_CMS_HOME_HEALTH,FED_CMS_PENDING_INITIAL_LOGGING_AND_TRACKING_NON_PHYSICIANS,CCN~NPI,BRIDGE,,,7,12392,6880,0.1
FED_CMS_HOME_HEALTH,FED_CMS_POS_OTHER,NAME@ZIP,CORROBORATED,PROVIDER_NAME+ZIP_CODE,FAC_NAME+ZIP_CD,18,12330,40109,0.1
FED_CMS_HOME_HEALTH,FED_CMS_QUALITY_PAYMENT_PROGRAM_EXPERIENCE,CCN~NPI,BRIDGE,,,20015,12392,453202,161.5
FED_CMS_HOME_HEALTH,FED_CMS_RURAL_HEALTH_CLINIC_ENROLLMENTS,CCN~NPI,BRIDGE,,,14,12392,5320,0.3
FED_CMS_HOME_HEALTH,FED_CMS_SKILLED_NURSING_FACILITY_ENROLLMENTS,NAME@ZIP,CORROBORATED,PROVIDER_NAME+ZIP_CODE,NURSING_HOME_PROVIDER_NAME+ZIP_CODE,6,12330,14044,0.0
FED_CMS_HOME_HEALTH,FED_EPA_FRS_FRS_FACILITIES,NAME@ZIP,CORROBORATED,PROVIDER_NAME+ZIP_CODE,FAC_NAME+FAC_ZIP,17,12330,2699357,0.1
FED_CMS_HOME_HEALTH,FED_EPA_FRS_FRS_PROGRAM_LINKS,NAME@ZIP,CORROBORATED,PROVIDER_NAME+ZIP_CODE,PRIMARY_NAME+POSTAL_CODE,20,12330,3338955,0.2
FED_CMS_HOME_HEALTH,FED_EPA_FRS_FULL,NAME@ZIP,CORROBORATED,PROVIDER_NAME+ZIP_CODE,PRIMARY_NAME+POSTAL_CODE,29,12330,4325132,0.2
FED_CMS_HOME_HEALTH,FED_EPA_NPDES_ICIS_FACILITIES,NAME@ZIP,CORROBORATED,PROVIDER_NAME+ZIP_CODE,FACILITY_NAME+ZIP,7,12330,1077821,0.1
FED_CMS_HOME_HEALTH,FED_EPA_RCRA_FACILITIES,NAME@ZIP,CORROBORATED,PROVIDER_NAME+ZIP_CODE,FACILITY_NAME+ZIP_CODE,13,12330,1429903,0.1
FED_CMS_HOME_HEALTH,FED_EPA_RCRA_RCRA_FACILITIES,NAME@ZIP,CORROBORATED,PROVIDER_NAME+ZIP_CODE,FACILITY_NAME+ZIP_CODE,13,12330,1429903,0.1
FED_CMS_HOME_HEALTH,FED_FAC_SINGLE_AUDIT,NAME@ZIP,CORROBORATED,PROVIDER_NAME+ZIP_CODE,AUDITEE_NAME+AUDITEE_ZIP,32,12330,103191,0.3
FED_CMS_HOME_HEALTH,FED_HHS_OIG_LEIE,CCN~NPI,BRIDGE,,,6,12392,8660,0.1
FED_CMS_HOME_HEALTH,FED_IRS_AUTO_REVOCATIONS,NAME@ZIP,CORROBORATED,PROVIDER_NAME+ZIP_CODE,LEGAL_NAME+ZIP_CODE,8,12330,1149844,0.1
FED_CMS_HOME_HEALTH,FED_IRS_BMF,NAME@ZIP,CORROBORATED,PROVIDER_NAME+ZIP_CODE,NAME+ZIP,119,12330,1868041,1.0
FED_CMS_HOME_HEALTH,FED_IRS_EO_BMF,NAME@ZIP,CORROBORATED,PROVIDER_NAME+ZIP_CODE,NAME+ZIP,118,12330,1878425,1.0
FED_CMS_HOME_HEALTH,FED_IRS_REVOCATION,NAME@ZIP,CORROBORATED,PROVIDER_NAME+ZIP_CODE,LEGAL_NAME+ZIP_CODE,8,12330,1149230,0.1
FED_CMS_HOME_HEALTH,FED_OSHA_ITA_300A_SUMMARY_2023,NAME@ZIP,CORROBORATED,PROVIDER_NAME+ZIP_CODE,ESTABLISHMENT_NAME+ZIP_CODE,134,12330,373106,1.1
FED_CMS_HOME_HEALTH,FED_OSHA_ITA_300A_SUMMARY_2024,NAME@ZIP,CORROBORATED,PROVIDER_NAME+ZIP_CODE,ESTABLISHMENT_NAME+ZIP_CODE,126,12330,360069,1.0
FED_CMS_HOME_HEALTH,FED_OSHA_ITA_300A_SUMMARY_2025,NAME@ZIP,CORROBORATED,PROVIDER_NAME+ZIP_CODE,ESTABLISHMENT_NAME+ZIP_CODE,129,12330,375575,1.0
FED_CMS_HOME_HEALTH,FED_OSHA_ITA_CASE_DETAIL_2023,NAME@ZIP,CORROBORATED,PROVIDER_NAME+ZIP_CODE,ESTABLISHMENT_NAME+ZIP_CODE,15,12330,85607,0.1
FED_CMS_HOME_HEALTH,FED_OSHA_ITA_CASE_DETAIL_2024,NAME@ZIP,CORROBORATED,PROVIDER_NAME+ZIP_CODE,ESTABLISHMENT_NAME+ZIP_CODE,14,12330,59854,0.1
FED_CMS_HOME_HEALTH_AGENCY_ENROLLMENTS,FED_CMS_HOSPICE,NAME@ZIP,CORROBORATED,ORGANIZATION_NAME+ZIP_CODE,FACILITY_NAME+ZIP_CODE,141,11478,6837,2.1
FED_CMS_HOME_HEALTH_AGENCY_ENROLLMENTS,FED_CMS_HOSPICE_ENROLLMENTS,NAME@ZIP,CORROBORATED,ORGANIZATION_NAME+ZIP_CODE,ORGANIZATION_NAME+ZIP_CODE,863,11478,6064,14.2
FED_CMS_HOME_HEALTH_AGENCY_ENROLLMENTS,FED_CMS_HOSPICE_ENROLLMENTS,NPI,STEEL,NPI,NPI,98,11467,6056,1.6
FED_CMS_HOME_HEALTH_AGENCY_ENROLLMENTS,FED_CMS_HOSPITAL_ENROLLMENTS,NAME@ZIP,CORROBORATED,ORGANIZATION_NAME+ZIP_CODE,DOING_BUSINESS_AS_NAME+ZIP_CODE,59,11478,5391,1.1
FED_CMS_HOME_HEALTH_AGENCY_ENROLLMENTS,FED_CMS_HOSPITAL_ENROLLMENTS,NPI,STEEL,NPI,NPI,4,11467,8717,0.0
FED_CMS_HOME_HEALTH_AGENCY_ENROLLMENTS,FED_CMS_HOSPITAL_GENERAL,NAME@ZIP,CORROBORATED,ORGANIZATION_NAME+ZIP_CODE,FACILITY_NAME+ZIP_CODE,153,11478,5427,2.8
FED_CMS_HOME_HEALTH_AGENCY_ENROLLMENTS,FED_CMS_IRF,NAME@ZIP,CORROBORATED,ORGANIZATION_NAME+ZIP_CODE,PROVIDER_NAME+ZIP_CODE,23,11478,1222,1.9
FED_CMS_HOME_HEALTH_AGENCY_ENROLLMENTS,FED_CMS_MEDICARE_DIABETES_PREVENTION_PROGRAM,NAME@ZIP,CORROBORATED,ORGANIZATION_NAME+ZIP_CODE,LOCATION_NAME+ZIP_CODE,19,11478,935,2.0
FED_CMS_HOME_HEALTH_AGENCY_ENROLLMENTS,FED_CMS_MEDICARE_DIALYSIS_FACILITIES,CCN~NPI,BRIDGE,,,6,11467,8241,0.1
FED_CMS_HOME_HEALTH_AGENCY_ENROLLMENTS,FED_CMS_MEDICARE_DURABLE_MEDICAL_EQUIPMENT_DEVICES_SUPPLIES_BY_REFER,CCN~NPI,BRIDGE,,,52277,11467,381228,455.9
FED_CMS_HOME_HEALTH_AGENCY_ENROLLMENTS,FED_CMS_MEDICARE_DURABLE_MEDICAL_EQUIPMENT_DEVICES_SUPPLIES_BY_SUPPL,NAME@ZIP,CORROBORATED,ORGANIZATION_NAME+ZIP_CODE,SUPLR_PRVDR_LAST_NAME_ORG+SUPLR_PRVDR_ZIP5,154,11478,49703,1.3
FED_CMS_HOME_HEALTH_AGENCY_ENROLLMENTS,FED_CMS_MEDICARE_DURABLE_MEDICAL_EQUIPMENT_DEVICES_SUPPLIES_BY_SUPPL,NPI,STEEL,NPI,SUPLR_NPI,3,11467,55598,0.0
FED_CMS_HOME_HEALTH_AGENCY_ENROLLMENTS,FED_CMS_MEDICARE_FEE_FOR_SERVICE_PUBLIC_PROVIDER_ENROLLMENT,NPI,STEEL,NPI,NPI,11196,11467,2541258,97.6
FED_CMS_HOME_HEALTH_AGENCY_ENROLLMENTS,FED_CMS_MEDICARE_INPATIENT_HOSPITALS_BY_PROVIDER,NAME@ZIP,CORROBORATED,ORGANIZATION_NAME+ZIP_CODE,RNDRNG_PRVDR_ORG_NAME+RNDRNG_PRVDR_ZIP5,90,11478,3044,3.0
FED_CMS_HOME_HEALTH_AGENCY_ENROLLMENTS,FED_CMS_MEDICARE_INPATIENT_HOSPITALS_BY_PROVIDER_AND_SERVICE,NAME@ZIP,CORROBORATED,ORGANIZATION_NAME+ZIP_CODE,RNDRNG_PRVDR_ORG_NAME+RNDRNG_PRVDR_ZIP5,87,11478,2906,3.0
FED_CMS_HOME_HEALTH_AGENCY_ENROLLMENTS,FED_CMS_MEDICARE_OUTPATIENT_HOSPITALS_BY_PROVIDER_AND_SERVICE,NAME@ZIP,CORROBORATED,ORGANIZATION_NAME+ZIP_CODE,RNDRNG_PRVDR_ORG_NAME+RNDRNG_PRVDR_ZIP5,89,11478,3121,2.9
FED_CMS_HOME_HEALTH_AGENCY_ENROLLMENTS,FED_CMS_MEDICARE_PHYSICIAN_OTHER_PRACTITIONERS_BY_PROVIDER,NAME@ZIP,CORROBORATED,ORGANIZATION_NAME+ZIP_CODE,RNDRNG_PRVDR_LAST_ORG_NAME+RNDRNG_PRVDR_ZIP5,120,11478,1204005,1.0
FED_CMS_HOME_HEALTH_AGENCY_ENROLLMENTS,FED_CMS_MEDICARE_PHYSICIAN_OTHER_PRACTITIONERS_BY_PROVIDER,NPI,STEEL,NPI,RNDRNG_NPI,17,11467,1296739,0.1
FED_CMS_HOME_HEALTH_AGENCY_ENROLLMENTS,FED_CMS_MEDICARE_PHYSICIAN_OTHER_PRACTITIONERS_BY_PROVIDER_AND_SERVI,NAME@ZIP,CORROBORATED,ORGANIZATION_NAME+ZIP_CODE,RNDRNG_PRVDR_LAST_ORG_NAME+RNDRNG_PRVDR_ZIP5,118,11478,1125418,1.0
FED_CMS_HOME_HEALTH_AGENCY_ENROLLMENTS,FED_CMS_MEDICARE_PHYSICIAN_OTHER_PRACTITIONERS_BY_PROVIDER_AND_SERVI,NPI,STEEL,NPI,RNDRNG_NPI,16,11467,1207473,0.1
FED_CMS_HOME_HEALTH_AGENCY_ENROLLMENTS,FED_CMS_MEDICARE_PROVIDER,NAME@ZIP,CORROBORATED,ORGANIZATION_NAME+ZIP_CODE,RNDRNG_PRVDR_LAST_ORG_NAME+RNDRNG_PRVDR_ZIP5,120,11478,1204005,1.0
FED_CMS_HOME_HEALTH_AGENCY_ENROLLMENTS,FED_CMS_MEDICARE_PROVIDER,NPI,STEEL,NPI,NPI,17,11467,1296739,0.1
FED_CMS_HOME_HEALTH_AGENCY_ENROLLMENTS,FED_CMS_NPPES,NPI,STEEL,NPI,NPI,11467,11467,9606683,100.0
FED_CMS_HOME_HEALTH_AGENCY_ENROLLMENTS,FED_CMS_NURSING_HOME,NAME@ZIP,CORROBORATED,ORGANIZATION_NAME+ZIP_CODE,PROVIDER_NAME+ZIP_CODE,26,11478,14700,0.2
FED_CMS_HOME_HEALTH_AGENCY_ENROLLMENTS,FED_CMS_NURSING_HOME_DEFICIENCIES,NAME@ZIP,CORROBORATED,ORGANIZATION_NAME+ZIP_CODE,PROVIDER_NAME+ZIP_CODE,25,11478,14632,0.2
FED_CMS_HOME_HEALTH_AGENCY_ENROLLMENTS,FED_CMS_NURSING_HOME_FIRE_DEFICIENCIES,NAME@ZIP,CORROBORATED,ORGANIZATION_NAME+ZIP_CODE,PROVIDER_NAME+ZIP_CODE,26,11478,13914,0.2
FED_CMS_HOME_HEALTH_AGENCY_ENROLLMENTS,FED_CMS_NURSING_HOME_PENALTIES,NAME@ZIP,CORROBORATED,ORGANIZATION_NAME+ZIP_CODE,PROVIDER_NAME+ZIP_CODE,9,11478,6831,0.1
FED_CMS_HOME_HEALTH_AGENCY_ENROLLMENTS,FED_CMS_OPEN_PAYMENTS,CCN~NPI,BRIDGE,,,41212,11467,979136,359.4
FED_CMS_HOME_HEALTH_AGENCY_ENROLLMENTS,FED_CMS_OPEN_PAYMENTS_2022,CCN~NPI,BRIDGE,,,38684,11467,863007,337.4
FED_CMS_HOME_HEALTH_AGENCY_ENROLLMENTS,FED_CMS_OPEN_PAYMENTS_2023,CCN~NPI,BRIDGE,,,40450,11467,933619,352.8
FED_CMS_HOME_HEALTH_AGENCY_ENROLLMENTS,FED_CMS_OPEN_PAYMENTS_PROFILE_SUPPLEMENT,CCN~NPI,BRIDGE,,,52976,11467,1681790,462.0
FED_CMS_HOME_HEALTH_AGENCY_ENROLLMENTS,FED_CMS_OPT_OUT_AFFIDAVITS,CCN~NPI,BRIDGE,,,38,11467,56455,0.3
FED_CMS_HOME_HEALTH_AGENCY_ENROLLMENTS,FED_CMS_ORDER_AND_REFERRING,CCN~NPI,BRIDGE,,,59640,11467,2018350,520.1
FED_CMS_HOME_HEALTH_AGENCY_ENROLLMENTS,FED_CMS_PARTD_PRESCRIBER_DRUG,CCN~NPI,BRIDGE,,,54175,11467,1057566,472.4
FED_CMS_HOME_HEALTH_AGENCY_ENROLLMENTS,FED_CMS_PART_D_PRESCRIBERS,CCN~NPI,BRIDGE,,,58641,11467,1416883,511.4
FED_CMS_HOME_HEALTH_AGENCY_ENROLLMENTS,FED_CMS_PECOS_PROVIDER_ENROLLMENT,NPI,STEEL,NPI,NPI,11196,11467,2541258,97.6
FED_CMS_HOME_HEALTH_AGENCY_ENROLLMENTS,FED_CMS_PENDING_INITIAL_LOGGING_AND_TRACKING_NON_PHYSICIANS,CCN~NPI,BRIDGE,,,7,11467,6880,0.1
FED_CMS_HOME_HEALTH_AGENCY_ENROLLMENTS,FED_CMS_POS_OTHER,NAME@ZIP,CORROBORATED,ORGANIZATION_NAME+ZIP_CODE,FAC_NAME+ZIP_CD,170,11478,40109,1.5
FED_CMS_HOME_HEALTH_AGENCY_ENROLLMENTS,FED_CMS_QUALITY_PAYMENT_PROGRAM_EXPERIENCE,CCN~NPI,BRIDGE,,,19659,11467,453202,171.4
FED_CMS_HOME_HEALTH_AGENCY_ENROLLMENTS,FED_CMS_RURAL_HEALTH_CLINIC_ENROLLMENTS,CCN~NPI,BRIDGE,,,13,11467,5320,0.2
FED_CMS_HOME_HEALTH_AGENCY_ENROLLMENTS,FED_CMS_SKILLED_NURSING_FACILITY_ENROLLMENTS,NAME@ZIP,CORROBORATED,ORGANIZATION_NAME+ZIP_CODE,NURSING_HOME_PROVIDER_NAME+ZIP_CODE,25,11478,14044,0.2
FED_CMS_HOME_HEALTH_AGENCY_ENROLLMENTS,FED_CMS_SKILLED_NURSING_FACILITY_ENROLLMENTS,NPI,STEEL,NPI,NPI,4,11467,14421,0.0
FED_CMS_HOME_HEALTH_AGENCY_ENROLLMENTS,FED_DEA_ARCOS_FULL,NAME@ZIP,CORROBORATED,ORGANIZATION_NAME+ZIP_CODE,BUYER_NAME+BUYER_ZIP,17,11478,127173,0.1
FED_CMS_HOME_HEALTH_AGENCY_ENROLLMENTS,FED_EPA_FRS_FRS_FACILITIES,NAME@ZIP,CORROBORATED,ORGANIZATION_NAME+ZIP_CODE,FAC_NAME+FAC_ZIP,134,11478,2699357,1.2
FED_CMS_HOME_HEALTH_AGENCY_ENROLLMENTS,FED_EPA_FRS_FRS_PROGRAM_LINKS,NAME@ZIP,CORROBORATED,ORGANIZATION_NAME+ZIP_CODE,PRIMARY_NAME+POSTAL_CODE,159,11478,3338955,1.4
FED_CMS_HOME_HEALTH_AGENCY_ENROLLMENTS,FED_EPA_FRS_FULL,NAME@ZIP,CORROBORATED,ORGANIZATION_NAME+ZIP_CODE,PRIMARY_NAME+POSTAL_CODE,176,11478,4325132,1.5
FED_CMS_HOME_HEALTH_AGENCY_ENROLLMENTS,FED_EPA_ICIS_AIR_ICIS_AIR_FACILITIES,NAME@ZIP,CORROBORATED,ORGANIZATION_NAME+ZIP_CODE,FACILITY_NAME+ZIP_CODE,56,11478,270351,0.5
FED_CMS_HOME_HEALTH_AGENCY_ENROLLMENTS,FED_EPA_NPDES_ICIS_FACILITIES,NAME@ZIP,CORROBORATED,ORGANIZATION_NAME+ZIP_CODE,FACILITY_NAME+ZIP,28,11478,1077821,0.2
FED_CMS_HOME_HEALTH_AGENCY_ENROLLMENTS,FED_EPA_RCRA_FACILITIES,NAME@ZIP,CORROBORATED,ORGANIZATION_NAME+ZIP_CODE,FACILITY_NAME+ZIP_CODE,114,11478,1429903,1.0
FED_CMS_HOME_HEALTH_AGENCY_ENROLLMENTS,FED_EPA_RCRA_RCRA_FACILITIES,NAME@ZIP,CORROBORATED,ORGANIZATION_NAME+ZIP_CODE,FACILITY_NAME+ZIP_CODE,114,11478,1429903,1.0
FED_CMS_HOME_HEALTH_AGENCY_ENROLLMENTS,FED_EPA_SDWA_SDWA_PUB_WATER_SYSTEMS,NAME@ZIP,CORROBORATED,ORGANIZATION_NAME+ZIP_CODE,PWS_NAME+ZIP_CODE,11,11478,395686,0.1
FED_CMS_HOME_HEALTH_AGENCY_ENROLLMENTS,FED_FAA_AIRCRAFT_REGISTRY,NAME@ZIP,CORROBORATED,ORGANIZATION_NAME+ZIP_CODE,NAME+ZIP_CODE,5,11478,205605,0.0
FED_CMS_HOME_HEALTH_AGENCY_ENROLLMENTS,FED_FAC_SINGLE_AUDIT,NAME@ZIP,CORROBORATED,ORGANIZATION_NAME+ZIP_CODE,AUDITEE_NAME+AUDITEE_ZIP,291,11478,103191,2.5
FED_CMS_HOME_HEALTH_AGENCY_ENROLLMENTS,FED_FEC_INDIV_CONTRIBUTIONS,NAME@ZIP,CORROBORATED,ORGANIZATION_NAME+ZIP_CODE,NAME+ZIP_CODE,5,11478,5251703,0.0
FED_CMS_HOME_HEALTH_AGENCY_ENROLLMENTS,FED_HHS_OIG_LEIE,CCN~NPI,BRIDGE,,,4,11467,8660,0.0
FED_CMS_HOME_HEALTH_AGENCY_ENROLLMENTS,FED_HRSA_HPSA_PRIMARY_CARE,NAME@ZIP,CORROBORATED,ORGANIZATION_NAME+ZIP_CODE,HPSA_COMPONENT_NAME+COMMON_POSTAL_CODE,13,11478,6952,0.2
FED_CMS_HOME_HEALTH_AGENCY_ENROLLMENTS,FED_HRSA_SHORTAGE_AREAS,NAME@ZIP,CORROBORATED,ORGANIZATION_NAME+ZIP_CODE,HPSA_COMPONENT_NAME+COMMON_POSTAL_CODE,13,11478,7829,0.2
FED_CMS_HOME_HEALTH_AGENCY_ENROLLMENTS,FED_IRS_AUTO_REVOCATIONS,NAME@ZIP,CORROBORATED,ORGANIZATION_NAME+ZIP_CODE,LEGAL_NAME+ZIP_CODE,12,11478,1149844,0.1
FED_CMS_HOME_HEALTH_AGENCY_ENROLLMENTS,FED_IRS_BMF,NAME@ZIP,CORROBORATED,ORGANIZATION_NAME+ZIP_CODE,NAME+ZIP,463,11478,1868041,4.0
FED_CMS_HOME_HEALTH_AGENCY_ENROLLMENTS,FED_IRS_EO_BMF,NAME@ZIP,CORROBORATED,ORGANIZATION_NAME+ZIP_CODE,NAME+ZIP,460,11478,1878425,4.0
FED_CMS_HOME_HEALTH_AGENCY_ENROLLMENTS,FED_IRS_REVOCATION,NAME@ZIP,CORROBORATED,ORGANIZATION_NAME+ZIP_CODE,LEGAL_NAME+ZIP_CODE,12,11478,1149230,0.1
FED_CMS_HOME_HEALTH_AGENCY_ENROLLMENTS,FED_NURSINGHOME411,CCN~NPI,BRIDGE,,,4,11467,14456,0.0
FED_CMS_HOME_HEALTH_AGENCY_ENROLLMENTS,FED_OSHA_ITA_300A_SUMMARY_2023,NAME@ZIP,CORROBORATED,ORGANIZATION_NAME+ZIP_CODE,ESTABLISHMENT_NAME+ZIP_CODE,241,11478,373106,2.1
FED_CMS_HOME_HEALTH_AGENCY_ENROLLMENTS,FED_OSHA_ITA_300A_SUMMARY_2024,NAME@ZIP,CORROBORATED,ORGANIZATION_NAME+ZIP_CODE,ESTABLISHMENT_NAME+ZIP_CODE,216,11478,360069,1.9
FED_CMS_HOME_HEALTH_AGENCY_ENROLLMENTS,FED_OSHA_ITA_300A_SUMMARY_2025,NAME@ZIP,CORROBORATED,ORGANIZATION_NAME+ZIP_CODE,ESTABLISHMENT_NAME+ZIP_CODE,224,11478,375575,2.0
FED_CMS_HOME_HEALTH_AGENCY_ENROLLMENTS,FED_OSHA_ITA_CASE_DETAIL_2023,NAME@ZIP,CORROBORATED,ORGANIZATION_NAME+ZIP_CODE,ESTABLISHMENT_NAME+ZIP_CODE,73,11478,85607,0.6
FED_CMS_HOME_HEALTH_AGENCY_ENROLLMENTS,FED_OSHA_ITA_CASE_DETAIL_2024,NAME@ZIP,CORROBORATED,ORGANIZATION_NAME+ZIP_CODE,ESTABLISHMENT_NAME+ZIP_CODE,59,11478,59854,0.5
FED_CMS_HOME_HEALTH_AGENCY_ENROLLMENTS,FED_OSHA_ITA_CASE_DETAIL_2025,NAME@ZIP,CORROBORATED,ORGANIZATION_NAME+ZIP_CODE,ESTABLISHMENT_NAME+ZIP_CODE,43,11478,33457,0.4
FED_CMS_HOME_HEALTH_AGENCY_ENROLLMENTS,FED_USASPENDING_CONTRACTS,NAME@ZIP,CORROBORATED,ORGANIZATION_NAME+ZIP_CODE,RECIPIENT_NAME+RECIPIENT_ZIP_4_CODE,43,11478,91616,0.4
FED_CMS_HOSPICE,FED_CMS_HOSPICE_ENROLLMENTS,CCN,STEEL,CCN,CCN,4755,5155,4798,99.1
FED_CMS_HOSPICE,FED_CMS_HOSPICE_ENROLLMENTS,NAME@ZIP,CORROBORATED,FACILITY_NAME+ZIP_CODE,ORGANIZATION_NAME+ZIP_CODE,2743,6837,6064,45.2
FED_CMS_HOSPICE,FED_CMS_HOSPITAL_ENROLLMENTS,NAME@ZIP,CORROBORATED,FACILITY_NAME+ZIP_CODE,DOING_BUSINESS_AS_NAME+ZIP_CODE,7,6837,5391,0.1
FED_CMS_HOSPICE,FED_CMS_HOSPITAL_GENERAL,NAME@ZIP,CORROBORATED,FACILITY_NAME+ZIP_CODE,FACILITY_NAME+ZIP_CODE,13,6837,5427,0.2
FED_CMS_HOSPICE,FED_CMS_MEDICARE_DURABLE_MEDICAL_EQUIPMENT_DEVICES_SUPPLIES_BY_REFER,CCN~NPI,BRIDGE,,,21625,5155,381228,419.5
FED_CMS_HOSPICE,FED_CMS_MEDICARE_DURABLE_MEDICAL_EQUIPMENT_DEVICES_SUPPLIES_BY_SUPPL,NAME@ZIP,CORROBORATED,FACILITY_NAME+ZIP_CODE,SUPLR_PRVDR_LAST_NAME_ORG+SUPLR_PRVDR_ZIP5,5,6837,49703,0.1
FED_CMS_HOSPICE,FED_CMS_MEDICARE_FEE_FOR_SERVICE_PUBLIC_PROVIDER_ENROLLMENT,CCN~NPI,BRIDGE,,,29377,5155,2541258,569.9
FED_CMS_HOSPICE,FED_CMS_MEDICARE_INPATIENT_HOSPITALS_BY_PROVIDER,NAME@ZIP,CORROBORATED,FACILITY_NAME+ZIP_CODE,RNDRNG_PRVDR_ORG_NAME+RNDRNG_PRVDR_ZIP5,9,6837,3044,0.3
FED_CMS_HOSPICE,FED_CMS_MEDICARE_INPATIENT_HOSPITALS_BY_PROVIDER_AND_SERVICE,NAME@ZIP,CORROBORATED,FACILITY_NAME+ZIP_CODE,RNDRNG_PRVDR_ORG_NAME+RNDRNG_PRVDR_ZIP5,8,6837,2906,0.3
FED_CMS_HOSPICE,FED_CMS_MEDICARE_OUTPATIENT_HOSPITALS_BY_PROVIDER_AND_SERVICE,NAME@ZIP,CORROBORATED,FACILITY_NAME+ZIP_CODE,RNDRNG_PRVDR_ORG_NAME+RNDRNG_PRVDR_ZIP5,8,6837,3121,0.3
FED_CMS_HOSPICE,FED_CMS_MEDICARE_PHYSICIAN_OTHER_PRACTITIONERS_BY_PROVIDER,NAME@ZIP,CORROBORATED,FACILITY_NAME+ZIP_CODE,RNDRNG_PRVDR_LAST_ORG_NAME+RNDRNG_PRVDR_ZIP5,5,6837,1204005,0.1
FED_CMS_HOSPICE,FED_CMS_MEDICARE_PHYSICIAN_OTHER_PRACTITIONERS_BY_PROVIDER_AND_SERVI,NAME@ZIP,CORROBORATED,FACILITY_NAME+ZIP_CODE,RNDRNG_PRVDR_LAST_ORG_NAME+RNDRNG_PRVDR_ZIP5,5,6837,1125418,0.1
FED_CMS_HOSPICE,FED_CMS_MEDICARE_PROVIDER,NAME@ZIP,CORROBORATED,FACILITY_NAME+ZIP_CODE,RNDRNG_PRVDR_LAST_ORG_NAME+RNDRNG_PRVDR_ZIP5,5,6837,1204005,0.1
FED_CMS_HOSPICE,FED_CMS_NPPES,CCN~NPI,BRIDGE,,,29613,5155,9606683,574.5
FED_CMS_HOSPICE,FED_CMS_OPEN_PAYMENTS,CCN~NPI,BRIDGE,,,14150,5155,979136,274.5
FED_CMS_HOSPICE,FED_CMS_OPEN_PAYMENTS_2022,CCN~NPI,BRIDGE,,,13773,5155,863007,267.2
FED_CMS_HOSPICE,FED_CMS_OPEN_PAYMENTS_2023,CCN~NPI,BRIDGE,,,14207,5155,933619,275.6
FED_CMS_HOSPICE,FED_CMS_OPEN_PAYMENTS_PROFILE_SUPPLEMENT,CCN~NPI,BRIDGE,,,20787,5155,1681790,403.2
FED_CMS_HOSPICE,FED_CMS_OPT_OUT_AFFIDAVITS,CCN~NPI,BRIDGE,,,24,5155,56455,0.5
FED_CMS_HOSPICE,FED_CMS_ORDER_AND_REFERRING,CCN~NPI,BRIDGE,,,24801,5155,2018350,481.1
FED_CMS_HOSPICE,FED_CMS_PARTD_PRESCRIBER_DRUG,CCN~NPI,BRIDGE,,,23079,5155,1057566,447.7
FED_CMS_HOSPICE,FED_CMS_PART_D_PRESCRIBERS,CCN~NPI,BRIDGE,,,24492,5155,1416883,475.1
FED_CMS_HOSPICE,FED_CMS_PECOS_PROVIDER_ENROLLMENT,CCN~NPI,BRIDGE,,,29377,5155,2541258,569.9
FED_CMS_HOSPICE,FED_CMS_POS_OTHER,NAME@ZIP,CORROBORATED,FACILITY_NAME+ZIP_CODE,FAC_NAME+ZIP_CD,15,6837,40109,0.2
FED_CMS_HOSPICE,FED_CMS_QUALITY_PAYMENT_PROGRAM_EXPERIENCE,CCN~NPI,BRIDGE,,,7261,5155,453202,140.9
FED_CMS_HOSPICE,FED_CMS_RURAL_HEALTH_CLINIC_ENROLLMENTS,CCN~NPI,BRIDGE,,,7,5155,5320,0.1
FED_CMS_HOSPICE,FED_CMS_SKILLED_NURSING_FACILITY_ENROLLMENTS,CCN~NPI,BRIDGE,,,4,5155,14421,0.1
FED_CMS_HOSPICE,FED_DEA_ARCOS_FULL,NAME@ZIP,CORROBORATED,FACILITY_NAME+ZIP_CODE,BUYER_NAME+BUYER_ZIP,5,6837,127173,0.1
FED_CMS_HOSPICE,FED_EPA_FRS_FRS_FACILITIES,NAME@ZIP,CORROBORATED,FACILITY_NAME+ZIP_CODE,FAC_NAME+FAC_ZIP,41,6837,2699357,0.6
FED_CMS_HOSPICE,FED_EPA_FRS_FRS_PROGRAM_LINKS,NAME@ZIP,CORROBORATED,FACILITY_NAME+ZIP_CODE,PRIMARY_NAME+POSTAL_CODE,42,6837,3338955,0.6
FED_CMS_HOSPICE,FED_EPA_FRS_FULL,NAME@ZIP,CORROBORATED,FACILITY_NAME+ZIP_CODE,PRIMARY_NAME+POSTAL_CODE,58,6837,4325132,0.8
FED_CMS_HOSPICE,FED_EPA_NPDES_ICIS_FACILITIES,NAME@ZIP,CORROBORATED,FACILITY_NAME+ZIP_CODE,FACILITY_NAME+ZIP,9,6837,1077821,0.1
FED_CMS_HOSPICE,FED_EPA_RCRA_FACILITIES,NAME@ZIP,CORROBORATED,FACILITY_NAME+ZIP_CODE,FACILITY_NAME+ZIP_CODE,30,6837,1429903,0.4
FED_CMS_HOSPICE,FED_EPA_RCRA_RCRA_FACILITIES,NAME@ZIP,CORROBORATED,FACILITY_NAME+ZIP_CODE,FACILITY_NAME+ZIP_CODE,30,6837,1429903,0.4
FED_CMS_HOSPICE,FED_EPA_SDWA_SDWA_PUB_WATER_SYSTEMS,NAME@ZIP,CORROBORATED,FACILITY_NAME+ZIP_CODE,PWS_NAME+ZIP_CODE,6,6837,395686,0.1
FED_CMS_HOSPICE,FED_FAC_SINGLE_AUDIT,NAME@ZIP,CORROBORATED,FACILITY_NAME+ZIP_CODE,AUDITEE_NAME+AUDITEE_ZIP,49,6837,103191,0.7
FED_CMS_HOSPICE,FED_HHS_OIG_LEIE,CCN~NPI,BRIDGE,,,3,5155,8660,0.1
FED_CMS_HOSPICE,FED_IRS_BMF,NAME@ZIP,CORROBORATED,FACILITY_NAME+ZIP_CODE,NAME+ZIP,235,6837,1868041,3.4
FED_CMS_HOSPICE,FED_IRS_EO_BMF,NAME@ZIP,CORROBORATED,FACILITY_NAME+ZIP_CODE,NAME+ZIP,234,6837,1878425,3.4
FED_CMS_HOSPICE,FED_OSHA_ITA_300A_SUMMARY_2023,NAME@ZIP,CORROBORATED,FACILITY_NAME+ZIP_CODE,ESTABLISHMENT_NAME+ZIP_CODE,162,6837,373106,2.4
FED_CMS_HOSPICE,FED_OSHA_ITA_300A_SUMMARY_2024,NAME@ZIP,CORROBORATED,FACILITY_NAME+ZIP_CODE,ESTABLISHMENT_NAME+ZIP_CODE,123,6837,360069,1.8
FED_CMS_HOSPICE,FED_OSHA_ITA_300A_SUMMARY_2025,NAME@ZIP,CORROBORATED,FACILITY_NAME+ZIP_CODE,ESTABLISHMENT_NAME+ZIP_CODE,143,6837,375575,2.1
FED_CMS_HOSPICE,FED_OSHA_ITA_CASE_DETAIL_2023,NAME@ZIP,CORROBORATED,FACILITY_NAME+ZIP_CODE,ESTABLISHMENT_NAME+ZIP_CODE,19,6837,85607,0.3
FED_CMS_HOSPICE,FED_OSHA_ITA_CASE_DETAIL_2024,NAME@ZIP,CORROBORATED,FACILITY_NAME+ZIP_CODE,ESTABLISHMENT_NAME+ZIP_CODE,12,6837,59854,0.2
FED_CMS_HOSPICE_ENROLLMENTS,FED_CMS_HOSPITAL_ENROLLMENTS,NAME@ZIP,CORROBORATED,ORGANIZATION_NAME+ZIP_CODE,DOING_BUSINESS_AS_NAME+ZIP_CODE,43,6064,5391,0.8
FED_CMS_HOSPICE_ENROLLMENTS,FED_CMS_HOSPITAL_ENROLLMENTS,NPI,STEEL,NPI,NPI,7,6056,8717,0.1
FED_CMS_HOSPICE_ENROLLMENTS,FED_CMS_HOSPITAL_GENERAL,NAME@ZIP,CORROBORATED,ORGANIZATION_NAME+ZIP_CODE,FACILITY_NAME+ZIP_CODE,103,6064,5427,1.9
FED_CMS_HOSPICE_ENROLLMENTS,FED_CMS_IRF,NAME@ZIP,CORROBORATED,ORGANIZATION_NAME+ZIP_CODE,PROVIDER_NAME+ZIP_CODE,19,6064,1222,1.6
FED_CMS_HOSPICE_ENROLLMENTS,FED_CMS_MEDICARE_DIABETES_PREVENTION_PROGRAM,NAME@ZIP,CORROBORATED,ORGANIZATION_NAME+ZIP_CODE,LOCATION_NAME+ZIP_CODE,17,6064,935,1.8
FED_CMS_HOSPICE_ENROLLMENTS,FED_CMS_MEDICARE_DURABLE_MEDICAL_EQUIPMENT_DEVICES_SUPPLIES_BY_REFER,CCN~NPI,BRIDGE,,,21317,6056,381228,352.0
FED_CMS_HOSPICE_ENROLLMENTS,FED_CMS_MEDICARE_DURABLE_MEDICAL_EQUIPMENT_DEVICES_SUPPLIES_BY_SUPPL,NAME@ZIP,CORROBORATED,ORGANIZATION_NAME+ZIP_CODE,SUPLR_PRVDR_LAST_NAME_ORG+SUPLR_PRVDR_ZIP5,110,6064,49703,1.8
FED_CMS_HOSPICE_ENROLLMENTS,FED_CMS_MEDICARE_FEE_FOR_SERVICE_PUBLIC_PROVIDER_ENROLLMENT,NPI,STEEL,NPI,NPI,5670,6056,2541258,93.6
FED_CMS_HOSPICE_ENROLLMENTS,FED_CMS_MEDICARE_INPATIENT_HOSPITALS_BY_PROVIDER,NAME@ZIP,CORROBORATED,ORGANIZATION_NAME+ZIP_CODE,RNDRNG_PRVDR_ORG_NAME+RNDRNG_PRVDR_ZIP5,62,6064,3044,2.0
FED_CMS_HOSPICE_ENROLLMENTS,FED_CMS_MEDICARE_INPATIENT_HOSPITALS_BY_PROVIDER_AND_SERVICE,NAME@ZIP,CORROBORATED,ORGANIZATION_NAME+ZIP_CODE,RNDRNG_PRVDR_ORG_NAME+RNDRNG_PRVDR_ZIP5,61,6064,2906,2.1
FED_CMS_HOSPICE_ENROLLMENTS,FED_CMS_MEDICARE_OUTPATIENT_HOSPITALS_BY_PROVIDER_AND_SERVICE,NAME@ZIP,CORROBORATED,ORGANIZATION_NAME+ZIP_CODE,RNDRNG_PRVDR_ORG_NAME+RNDRNG_PRVDR_ZIP5,60,6064,3121,1.9
FED_CMS_HOSPICE_ENROLLMENTS,FED_CMS_MEDICARE_PHYSICIAN_OTHER_PRACTITIONERS_BY_PROVIDER,NAME@ZIP,CORROBORATED,ORGANIZATION_NAME+ZIP_CODE,RNDRNG_PRVDR_LAST_ORG_NAME+RNDRNG_PRVDR_ZIP5,61,6064,1204005,1.0
FED_CMS_HOSPICE_ENROLLMENTS,FED_CMS_MEDICARE_PHYSICIAN_OTHER_PRACTITIONERS_BY_PROVIDER_AND_SERVI,NAME@ZIP,CORROBORATED,ORGANIZATION_NAME+ZIP_CODE,RNDRNG_PRVDR_LAST_ORG_NAME+RNDRNG_PRVDR_ZIP5,61,6064,1125418,1.0
FED_CMS_HOSPICE_ENROLLMENTS,FED_CMS_MEDICARE_PROVIDER,NAME@ZIP,CORROBORATED,ORGANIZATION_NAME+ZIP_CODE,RNDRNG_PRVDR_LAST_ORG_NAME+RNDRNG_PRVDR_ZIP5,61,6064,1204005,1.0
FED_CMS_HOSPICE_ENROLLMENTS,FED_CMS_NPPES,NPI,STEEL,NPI,NPI,6056,6056,9606683,100.0
FED_CMS_HOSPICE_ENROLLMENTS,FED_CMS_NURSING_HOME,NAME@ZIP,CORROBORATED,ORGANIZATION_NAME+ZIP_CODE,PROVIDER_NAME+ZIP_CODE,15,6064,14700,0.2
FED_CMS_HOSPICE_ENROLLMENTS,FED_CMS_NURSING_HOME_DEFICIENCIES,NAME@ZIP,CORROBORATED,ORGANIZATION_NAME+ZIP_CODE,PROVIDER_NAME+ZIP_CODE,15,6064,14632,0.2
FED_CMS_HOSPICE_ENROLLMENTS,FED_CMS_NURSING_HOME_FIRE_DEFICIENCIES,NAME@ZIP,CORROBORATED,ORGANIZATION_NAME+ZIP_CODE,PROVIDER_NAME+ZIP_CODE,15,6064,13914,0.2
FED_CMS_HOSPICE_ENROLLMENTS,FED_CMS_NURSING_HOME_PENALTIES,NAME@ZIP,CORROBORATED,ORGANIZATION_NAME+ZIP_CODE,PROVIDER_NAME+ZIP_CODE,5,6064,6831,0.1
FED_CMS_HOSPICE_ENROLLMENTS,FED_CMS_OPEN_PAYMENTS,CCN~NPI,BRIDGE,,,13966,6056,979136,230.6
FED_CMS_HOSPICE_ENROLLMENTS,FED_CMS_OPEN_PAYMENTS_2022,CCN~NPI,BRIDGE,,,13594,6056,863007,224.5
FED_CMS_HOSPICE_ENROLLMENTS,FED_CMS_OPEN_PAYMENTS_2023,CCN~NPI,BRIDGE,,,14038,6056,933619,231.8
FED_CMS_HOSPICE_ENROLLMENTS,FED_CMS_OPEN_PAYMENTS_PROFILE_SUPPLEMENT,CCN~NPI,BRIDGE,,,20492,6056,1681790,338.4
FED_CMS_HOSPICE_ENROLLMENTS,FED_CMS_OPT_OUT_AFFIDAVITS,CCN~NPI,BRIDGE,,,24,6056,56455,0.4
FED_CMS_HOSPICE_ENROLLMENTS,FED_CMS_ORDER_AND_REFERRING,CCN~NPI,BRIDGE,,,24467,6056,2018350,404.0
FED_CMS_HOSPICE_ENROLLMENTS,FED_CMS_PARTD_PRESCRIBER_DRUG,CCN~NPI,BRIDGE,,,22739,6056,1057566,375.5
FED_CMS_HOSPICE_ENROLLMENTS,FED_CMS_PART_D_PRESCRIBERS,CCN~NPI,BRIDGE,,,24144,6056,1416883,398.7
FED_CMS_HOSPICE_ENROLLMENTS,FED_CMS_PECOS_PROVIDER_ENROLLMENT,NPI,STEEL,NPI,NPI,5670,6056,2541258,93.6
FED_CMS_HOSPICE_ENROLLMENTS,FED_CMS_POS_OTHER,NAME@ZIP,CORROBORATED,ORGANIZATION_NAME+ZIP_CODE,FAC_NAME+ZIP_CD,117,6064,40109,1.9
FED_CMS_HOSPICE_ENROLLMENTS,FED_CMS_QUALITY_PAYMENT_PROGRAM_EXPERIENCE,CCN~NPI,BRIDGE,,,7171,6056,453202,118.4
FED_CMS_HOSPICE_ENROLLMENTS,FED_CMS_RURAL_HEALTH_CLINIC_ENROLLMENTS,CCN~NPI,BRIDGE,,,7,6056,5320,0.1
FED_CMS_HOSPICE_ENROLLMENTS,FED_CMS_SKILLED_NURSING_FACILITY_ENROLLMENTS,NAME@ZIP,CORROBORATED,ORGANIZATION_NAME+ZIP_CODE,NURSING_HOME_PROVIDER_NAME+ZIP_CODE,14,6064,14044,0.2
FED_CMS_HOSPICE_ENROLLMENTS,FED_CMS_SKILLED_NURSING_FACILITY_ENROLLMENTS,NPI,STEEL,NPI,NPI,4,6056,14421,0.1
FED_CMS_HOSPICE_ENROLLMENTS,FED_DEA_ARCOS_FULL,NAME@ZIP,CORROBORATED,ORGANIZATION_NAME+ZIP_CODE,BUYER_NAME+BUYER_ZIP,17,6064,127173,0.3
FED_CMS_HOSPICE_ENROLLMENTS,FED_EPA_FRS_FRS_FACILITIES,NAME@ZIP,CORROBORATED,ORGANIZATION_NAME+ZIP_CODE,FAC_NAME+FAC_ZIP,113,6064,2699357,1.9
FED_CMS_HOSPICE_ENROLLMENTS,FED_EPA_FRS_FRS_PROGRAM_LINKS,NAME@ZIP,CORROBORATED,ORGANIZATION_NAME+ZIP_CODE,PRIMARY_NAME+POSTAL_CODE,136,6064,3338955,2.2
FED_CMS_HOSPICE_ENROLLMENTS,FED_EPA_FRS_FULL,NAME@ZIP,CORROBORATED,ORGANIZATION_NAME+ZIP_CODE,PRIMARY_NAME+POSTAL_CODE,148,6064,4325132,2.4
FED_CMS_HOSPICE_ENROLLMENTS,FED_EPA_ICIS_AIR_ICIS_AIR_FACILITIES,NAME@ZIP,CORROBORATED,ORGANIZATION_NAME+ZIP_CODE,FACILITY_NAME+ZIP_CODE,34,6064,270351,0.6
FED_CMS_HOSPICE_ENROLLMENTS,FED_EPA_NPDES_ICIS_FACILITIES,NAME@ZIP,CORROBORATED,ORGANIZATION_NAME+ZIP_CODE,FACILITY_NAME+ZIP,36,6064,1077821,0.6
FED_CMS_HOSPICE_ENROLLMENTS,FED_EPA_RCRA_FACILITIES,NAME@ZIP,CORROBORATED,ORGANIZATION_NAME+ZIP_CODE,FACILITY_NAME+ZIP_CODE,82,6064,1429903,1.4
FED_CMS_HOSPICE_ENROLLMENTS,FED_EPA_RCRA_RCRA_FACILITIES,NAME@ZIP,CORROBORATED,ORGANIZATION_NAME+ZIP_CODE,FACILITY_NAME+ZIP_CODE,82,6064,1429903,1.4
FED_CMS_HOSPICE_ENROLLMENTS,FED_EPA_SDWA_SDWA_PUB_WATER_SYSTEMS,NAME@ZIP,CORROBORATED,ORGANIZATION_NAME+ZIP_CODE,PWS_NAME+ZIP_CODE,10,6064,395686,0.2
FED_CMS_HOSPICE_ENROLLMENTS,FED_FAC_SINGLE_AUDIT,NAME@ZIP,CORROBORATED,ORGANIZATION_NAME+ZIP_CODE,AUDITEE_NAME+AUDITEE_ZIP,222,6064,103191,3.7
FED_CMS_HOSPICE_ENROLLMENTS,FED_HRSA_HPSA_PRIMARY_CARE,NAME@ZIP,CORROBORATED,ORGANIZATION_NAME+ZIP_CODE,HPSA_COMPONENT_NAME+COMMON_POSTAL_CODE,8,6064,6952,0.1
FED_CMS_HOSPICE_ENROLLMENTS,FED_HRSA_SHORTAGE_AREAS,NAME@ZIP,CORROBORATED,ORGANIZATION_NAME+ZIP_CODE,HPSA_COMPONENT_NAME+COMMON_POSTAL_CODE,8,6064,7829,0.1
FED_CMS_HOSPICE_ENROLLMENTS,FED_IRS_AUTO_REVOCATIONS,NAME@ZIP,CORROBORATED,ORGANIZATION_NAME+ZIP_CODE,LEGAL_NAME+ZIP_CODE,11,6064,1149844,0.2
FED_CMS_HOSPICE_ENROLLMENTS,FED_IRS_BMF,NAME@ZIP,CORROBORATED,ORGANIZATION_NAME+ZIP_CODE,NAME+ZIP,571,6064,1868041,9.4
FED_CMS_HOSPICE_ENROLLMENTS,FED_IRS_EO_BMF,NAME@ZIP,CORROBORATED,ORGANIZATION_NAME+ZIP_CODE,NAME+ZIP,572,6064,1878425,9.4
FED_CMS_HOSPICE_ENROLLMENTS,FED_IRS_REVOCATION,NAME@ZIP,CORROBORATED,ORGANIZATION_NAME+ZIP_CODE,LEGAL_NAME+ZIP_CODE,11,6064,1149230,0.2
FED_CMS_HOSPICE_ENROLLMENTS,FED_NURSINGHOME411,CCN~NPI,BRIDGE,,,4,6056,14456,0.1
FED_CMS_HOSPICE_ENROLLMENTS,FED_OSHA_ITA_300A_SUMMARY_2023,NAME@ZIP,CORROBORATED,ORGANIZATION_NAME+ZIP_CODE,ESTABLISHMENT_NAME+ZIP_CODE,212,6064,373106,3.5
FED_CMS_HOSPICE_ENROLLMENTS,FED_OSHA_ITA_300A_SUMMARY_2024,NAME@ZIP,CORROBORATED,ORGANIZATION_NAME+ZIP_CODE,ESTABLISHMENT_NAME+ZIP_CODE,199,6064,360069,3.3
FED_CMS_HOSPICE_ENROLLMENTS,FED_OSHA_ITA_300A_SUMMARY_2025,NAME@ZIP,CORROBORATED,ORGANIZATION_NAME+ZIP_CODE,ESTABLISHMENT_NAME+ZIP_CODE,193,6064,375575,3.2
FED_CMS_HOSPICE_ENROLLMENTS,FED_OSHA_ITA_CASE_DETAIL_2023,NAME@ZIP,CORROBORATED,ORGANIZATION_NAME+ZIP_CODE,ESTABLISHMENT_NAME+ZIP_CODE,57,6064,85607,0.9
FED_CMS_HOSPICE_ENROLLMENTS,FED_OSHA_ITA_CASE_DETAIL_2024,NAME@ZIP,CORROBORATED,ORGANIZATION_NAME+ZIP_CODE,ESTABLISHMENT_NAME+ZIP_CODE,46,6064,59854,0.8
FED_CMS_HOSPICE_ENROLLMENTS,FED_OSHA_ITA_CASE_DETAIL_2025,NAME@ZIP,CORROBORATED,ORGANIZATION_NAME+ZIP_CODE,ESTABLISHMENT_NAME+ZIP_CODE,34,6064,33457,0.6
FED_CMS_HOSPICE_ENROLLMENTS,FED_USASPENDING_CONTRACTS,NAME@ZIP,CORROBORATED,ORGANIZATION_NAME+ZIP_CODE,RECIPIENT_NAME+RECIPIENT_ZIP_4_CODE,35,6064,91616,0.6
FED_CMS_HOSPITAL_ENROLLMENTS,FED_CMS_HOSPITAL_GENERAL,CCN,STEEL,CCN,CCN,5161,5966,5268,98.0
FED_CMS_HOSPITAL_ENROLLMENTS,FED_CMS_HOSPITAL_GENERAL,NAME@ZIP,CORROBORATED,DOING_BUSINESS_AS_NAME+ZIP_CODE,FACILITY_NAME+ZIP_CODE,2860,5391,5427,53.1
FED_CMS_HOSPITAL_ENROLLMENTS,FED_CMS_IRF,CCN,STEEL,CCN,CCN,409,5966,410,99.8
FED_CMS_HOSPITAL_ENROLLMENTS,FED_CMS_IRF,NAME@ZIP,CORROBORATED,DOING_BUSINESS_AS_NAME+ZIP_CODE,PROVIDER_NAME+ZIP_CODE,413,5391,1222,33.8
FED_CMS_HOSPITAL_ENROLLMENTS,FED_CMS_LTCH,CCN,STEEL,CCN,CCN,307,5966,311,98.7
FED_CMS_HOSPITAL_ENROLLMENTS,FED_CMS_LTCH,NAME@ZIP,CORROBORATED,DOING_BUSINESS_AS_NAME+ZIP_CODE,PROVIDER_NAME+ZIP_CODE,203,5391,311,65.3
FED_CMS_HOSPITAL_ENROLLMENTS,FED_CMS_MEDICARE_DIABETES_PREVENTION_PROGRAM,NAME@ZIP,CORROBORATED,DOING_BUSINESS_AS_NAME+ZIP_CODE,LOCATION_NAME+ZIP_CODE,16,5391,935,1.7
FED_CMS_HOSPITAL_ENROLLMENTS,FED_CMS_MEDICARE_DIABETES_PREVENTION_PROGRAM,NPI,STEEL,NPI,NPI,45,8717,307,14.7
FED_CMS_HOSPITAL_ENROLLMENTS,FED_CMS_MEDICARE_DIALYSIS_FACILITIES,NPI,STEEL,NPI,NPI,63,8717,8140,0.8
FED_CMS_HOSPITAL_ENROLLMENTS,FED_CMS_MEDICARE_DURABLE_MEDICAL_EQUIPMENT_DEVICES_SUPPLIES_BY_REFER,CCN~NPI,BRIDGE,,,9277,8717,381228,106.4
FED_CMS_HOSPITAL_ENROLLMENTS,FED_CMS_MEDICARE_DURABLE_MEDICAL_EQUIPMENT_DEVICES_SUPPLIES_BY_SUPPL,NAME@ZIP,CORROBORATED,DOING_BUSINESS_AS_NAME+ZIP_CODE,SUPLR_PRVDR_LAST_NAME_ORG+SUPLR_PRVDR_ZIP5,64,5391,49703,1.2
FED_CMS_HOSPITAL_ENROLLMENTS,FED_CMS_MEDICARE_DURABLE_MEDICAL_EQUIPMENT_DEVICES_SUPPLIES_BY_SUPPL,NPI,STEEL,NPI,SUPLR_NPI,14,8717,55598,0.2
FED_CMS_HOSPITAL_ENROLLMENTS,FED_CMS_MEDICARE_FEE_FOR_SERVICE_PUBLIC_PROVIDER_ENROLLMENT,NPI,STEEL,NPI,NPI,8653,8717,2541258,99.3
FED_CMS_HOSPITAL_ENROLLMENTS,FED_CMS_MEDICARE_INPATIENT_HOSPITALS_BY_PROVIDER,CCN,STEEL,CCN,RNDRNG_PRVDR_CCN,2921,5966,3044,96.0
FED_CMS_HOSPITAL_ENROLLMENTS,FED_CMS_MEDICARE_INPATIENT_HOSPITALS_BY_PROVIDER,NAME@ZIP,CORROBORATED,DOING_BUSINESS_AS_NAME+ZIP_CODE,RNDRNG_PRVDR_ORG_NAME+RNDRNG_PRVDR_ZIP5,1720,5391,3044,56.5
FED_CMS_HOSPITAL_ENROLLMENTS,FED_CMS_MEDICARE_INPATIENT_HOSPITALS_BY_PROVIDER_AND_SERVICE,CCN,STEEL,CCN,RNDRNG_PRVDR_CCN,2820,5966,2906,97.0
FED_CMS_HOSPITAL_ENROLLMENTS,FED_CMS_MEDICARE_INPATIENT_HOSPITALS_BY_PROVIDER_AND_SERVICE,NAME@ZIP,CORROBORATED,DOING_BUSINESS_AS_NAME+ZIP_CODE,RNDRNG_PRVDR_ORG_NAME+RNDRNG_PRVDR_ZIP5,1659,5391,2906,57.1
FED_CMS_HOSPITAL_ENROLLMENTS,FED_CMS_MEDICARE_OUTPATIENT_HOSPITALS_BY_PROVIDER_AND_SERVICE,CCN,STEEL,CCN,RNDRNG_PRVDR_CCN,3004,5966,3126,96.1
FED_CMS_HOSPITAL_ENROLLMENTS,FED_CMS_MEDICARE_OUTPATIENT_HOSPITALS_BY_PROVIDER_AND_SERVICE,NAME@ZIP,CORROBORATED,DOING_BUSINESS_AS_NAME+ZIP_CODE,RNDRNG_PRVDR_ORG_NAME+RNDRNG_PRVDR_ZIP5,1737,5391,3121,55.7
FED_CMS_HOSPITAL_ENROLLMENTS,FED_CMS_MEDICARE_PHYSICIAN_OTHER_PRACTITIONERS_BY_PROVIDER,NAME@ZIP,CORROBORATED,DOING_BUSINESS_AS_NAME+ZIP_CODE,RNDRNG_PRVDR_LAST_ORG_NAME+RNDRNG_PRVDR_ZIP5,51,5391,1204005,0.9
FED_CMS_HOSPITAL_ENROLLMENTS,FED_CMS_MEDICARE_PHYSICIAN_OTHER_PRACTITIONERS_BY_PROVIDER,NPI,STEEL,NPI,RNDRNG_NPI,24,8717,1296739,0.3
FED_CMS_HOSPITAL_ENROLLMENTS,FED_CMS_MEDICARE_PHYSICIAN_OTHER_PRACTITIONERS_BY_PROVIDER_AND_SERVI,NAME@ZIP,CORROBORATED,DOING_BUSINESS_AS_NAME+ZIP_CODE,RNDRNG_PRVDR_LAST_ORG_NAME+RNDRNG_PRVDR_ZIP5,50,5391,1125418,0.9
FED_CMS_HOSPITAL_ENROLLMENTS,FED_CMS_MEDICARE_PHYSICIAN_OTHER_PRACTITIONERS_BY_PROVIDER_AND_SERVI,NPI,STEEL,NPI,RNDRNG_NPI,24,8717,1207473,0.3
FED_CMS_HOSPITAL_ENROLLMENTS,FED_CMS_MEDICARE_PROVIDER,NAME@ZIP,CORROBORATED,DOING_BUSINESS_AS_NAME+ZIP_CODE,RNDRNG_PRVDR_LAST_ORG_NAME+RNDRNG_PRVDR_ZIP5,51,5391,1204005,0.9
FED_CMS_HOSPITAL_ENROLLMENTS,FED_CMS_MEDICARE_PROVIDER,NPI,STEEL,NPI,NPI,24,8717,1296739,0.3
FED_CMS_HOSPITAL_ENROLLMENTS,FED_CMS_NPPES,NPI,STEEL,NPI,NPI,8717,8717,9606683,100.0
FED_CMS_HOSPITAL_ENROLLMENTS,FED_CMS_NURSING_HOME,NAME@ZIP,CORROBORATED,DOING_BUSINESS_AS_NAME+ZIP_CODE,PROVIDER_NAME+ZIP_CODE,49,5391,14700,0.9
FED_CMS_HOSPITAL_ENROLLMENTS,FED_CMS_NURSING_HOME_DEFICIENCIES,NAME@ZIP,CORROBORATED,DOING_BUSINESS_AS_NAME+ZIP_CODE,PROVIDER_NAME+ZIP_CODE,46,5391,14632,0.9
FED_CMS_HOSPITAL_ENROLLMENTS,FED_CMS_NURSING_HOME_FIRE_DEFICIENCIES,NAME@ZIP,CORROBORATED,DOING_BUSINESS_AS_NAME+ZIP_CODE,PROVIDER_NAME+ZIP_CODE,43,5391,13914,0.8
FED_CMS_HOSPITAL_ENROLLMENTS,FED_CMS_NURSING_HOME_PENALTIES,NAME@ZIP,CORROBORATED,DOING_BUSINESS_AS_NAME+ZIP_CODE,PROVIDER_NAME+ZIP_CODE,12,5391,6831,0.2
FED_CMS_HOSPITAL_ENROLLMENTS,FED_CMS_OPEN_PAYMENTS,CCN~NPI,BRIDGE,,,9251,8717,979136,106.1
FED_CMS_HOSPITAL_ENROLLMENTS,FED_CMS_OPEN_PAYMENTS_2022,CCN~NPI,BRIDGE,,,8595,8717,863007,98.6
FED_CMS_HOSPITAL_ENROLLMENTS,FED_CMS_OPEN_PAYMENTS_2023,CCN~NPI,BRIDGE,,,9051,8717,933619,103.8
FED_CMS_HOSPITAL_ENROLLMENTS,FED_CMS_OPEN_PAYMENTS_PROFILE_SUPPLEMENT,CCN~NPI,BRIDGE,,,13419,8717,1681790,153.9
FED_CMS_HOSPITAL_ENROLLMENTS,FED_CMS_OPIOID_TREATMENT_PROGRAM_PROVIDERS,NAME@ZIP,CORROBORATED,DOING_BUSINESS_AS_NAME+ZIP_CODE,PROVIDER_NAME+ZIP,5,5391,1541,0.3
FED_CMS_HOSPITAL_ENROLLMENTS,FED_CMS_OPIOID_TREATMENT_PROGRAM_PROVIDERS,NPI,STEEL,NPI,NPI,16,8717,1287,1.2
FED_CMS_HOSPITAL_ENROLLMENTS,FED_CMS_OPT_OUT_AFFIDAVITS,CCN~NPI,BRIDGE,,,11,8717,56455,0.1
FED_CMS_HOSPITAL_ENROLLMENTS,FED_CMS_ORDER_AND_REFERRING,CCN~NPI,BRIDGE,,,15776,8717,2018350,181.0
FED_CMS_HOSPITAL_ENROLLMENTS,FED_CMS_PARTD_PRESCRIBER_DRUG,CCN~NPI,BRIDGE,,,12074,8717,1057566,138.5
FED_CMS_HOSPITAL_ENROLLMENTS,FED_CMS_PART_D_PRESCRIBERS,CCN~NPI,BRIDGE,,,14237,8717,1416883,163.3
FED_CMS_HOSPITAL_ENROLLMENTS,FED_CMS_PECOS_PROVIDER_ENROLLMENT,NPI,STEEL,NPI,NPI,8653,8717,2541258,99.3
FED_CMS_HOSPITAL_ENROLLMENTS,FED_CMS_POS_OTHER,CCN,STEEL,CCN,CCN,5945,5966,41262,99.6
FED_CMS_HOSPITAL_ENROLLMENTS,FED_CMS_POS_OTHER,NAME@ZIP,CORROBORATED,DOING_BUSINESS_AS_NAME+ZIP_CODE,FAC_NAME+ZIP_CD,3551,5391,40109,65.9
FED_CMS_HOSPITAL_ENROLLMENTS,FED_CMS_QUALITY_PAYMENT_PROGRAM_EXPERIENCE,CCN~NPI,BRIDGE,,,5049,8717,453202,57.9
FED_CMS_HOSPITAL_ENROLLMENTS,FED_CMS_RURAL_HEALTH_CLINIC_ENROLLMENTS,NAME@ZIP,CORROBORATED,DOING_BUSINESS_AS_NAME+ZIP_CODE,DOING_BUSINESS_AS_NAME+ZIP_CODE,108,5391,4513,2.4
FED_CMS_HOSPITAL_ENROLLMENTS,FED_CMS_RURAL_HEALTH_CLINIC_ENROLLMENTS,NPI,STEEL,NPI,NPI,37,8717,5320,0.7
FED_CMS_HOSPITAL_ENROLLMENTS,FED_CMS_SKILLED_NURSING_FACILITY_ENROLLMENTS,NAME@ZIP,CORROBORATED,DOING_BUSINESS_AS_NAME+ZIP_CODE,NURSING_HOME_PROVIDER_NAME+ZIP_CODE,43,5391,14044,0.8
FED_CMS_HOSPITAL_ENROLLMENTS,FED_CMS_SKILLED_NURSING_FACILITY_ENROLLMENTS,NPI,STEEL,NPI,NPI,28,8717,14421,0.3
FED_CMS_HOSPITAL_ENROLLMENTS,FED_DEA_ARCOS_FULL,NAME@ZIP,CORROBORATED,DOING_BUSINESS_AS_NAME+ZIP_CODE,BUYER_NAME+BUYER_ZIP,32,5391,127173,0.6
FED_CMS_HOSPITAL_ENROLLMENTS,FED_EIA860_1_UTILITY,NAME@ZIP,CORROBORATED,DOING_BUSINESS_AS_NAME+ZIP_CODE,UTILITY_NAME+ZIP,10,5391,5530,0.2
FED_CMS_HOSPITAL_ENROLLMENTS,FED_EIA860_2_PLANT,NAME@ZIP,CORROBORATED,DOING_BUSINESS_AS_NAME+ZIP_CODE,PLANT_NAME+ZIP,15,5391,14083,0.3
FED_CMS_HOSPITAL_ENROLLMENTS,FED_EPA_FRS_FRS_FACILITIES,NAME@ZIP,CORROBORATED,DOING_BUSINESS_AS_NAME+ZIP_CODE,FAC_NAME+FAC_ZIP,1253,5391,2699357,23.2
FED_CMS_HOSPITAL_ENROLLMENTS,FED_EPA_FRS_FRS_PROGRAM_LINKS,NAME@ZIP,CORROBORATED,DOING_BUSINESS_AS_NAME+ZIP_CODE,PRIMARY_NAME+POSTAL_CODE,1550,5391,3338955,28.8
FED_CMS_HOSPITAL_ENROLLMENTS,FED_EPA_FRS_FULL,NAME@ZIP,CORROBORATED,DOING_BUSINESS_AS_NAME+ZIP_CODE,PRIMARY_NAME+POSTAL_CODE,1419,5391,4325132,26.3
FED_CMS_HOSPITAL_ENROLLMENTS,FED_EPA_GHGRP_FACILITY,NAME@ZIP,CORROBORATED,DOING_BUSINESS_AS_NAME+ZIP_CODE,FACILITY_NAME+ZIP,10,5391,12485,0.2
FED_CMS_HOSPITAL_ENROLLMENTS,FED_EPA_ICIS_AIR_ICIS_AIR_FACILITIES,NAME@ZIP,CORROBORATED,DOING_BUSINESS_AS_NAME+ZIP_CODE,FACILITY_NAME+ZIP_CODE,379,5391,270351,7.0
FED_CMS_HOSPITAL_ENROLLMENTS,FED_EPA_ICIS_FEC_CASE_ENFORCEMENT_CONCLUSION_FACILITIES,NAME@ZIP,CORROBORATED,DOING_BUSINESS_AS_NAME+ZIP_CODE,FACILITY_NAME+FACILITY_ZIP,77,5391,108488,1.4
FED_CMS_HOSPITAL_ENROLLMENTS,FED_EPA_ICIS_FEC_CASE_FACILITIES,NAME@ZIP,CORROBORATED,DOING_BUSINESS_AS_NAME+ZIP_CODE,FACILITY_NAME+ZIP,80,5391,117594,1.5
FED_CMS_HOSPITAL_ENROLLMENTS,FED_EPA_NPDES_ICIS_FACILITIES,NAME@ZIP,CORROBORATED,DOING_BUSINESS_AS_NAME+ZIP_CODE,FACILITY_NAME+ZIP,210,5391,1077821,3.9
FED_CMS_HOSPITAL_ENROLLMENTS,FED_EPA_RCRA_FACILITIES,NAME@ZIP,CORROBORATED,DOING_BUSINESS_AS_NAME+ZIP_CODE,FACILITY_NAME+ZIP_CODE,1166,5391,1429903,21.6
FED_CMS_HOSPITAL_ENROLLMENTS,FED_EPA_RCRA_RCRA_FACILITIES,NAME@ZIP,CORROBORATED,DOING_BUSINESS_AS_NAME+ZIP_CODE,FACILITY_NAME+ZIP_CODE,1166,5391,1429903,21.6
FED_CMS_HOSPITAL_ENROLLMENTS,FED_EPA_SDWA_SDWA_PUB_WATER_SYSTEMS,NAME@ZIP,CORROBORATED,DOING_BUSINESS_AS_NAME+ZIP_CODE,PWS_NAME+ZIP_CODE,59,5391,395686,1.1
FED_CMS_HOSPITAL_ENROLLMENTS,FED_FAC_SINGLE_AUDIT,NAME@ZIP,CORROBORATED,DOING_BUSINESS_AS_NAME+ZIP_CODE,AUDITEE_NAME+AUDITEE_ZIP,337,5391,103191,6.3
FED_CMS_HOSPITAL_ENROLLMENTS,FED_FCC_LICENSING,NAME@ZIP,CORROBORATED,DOING_BUSINESS_AS_NAME+ZIP_CODE,ENTITY_NAME+ZIP_CODE,8,5391,1502987,0.1
FED_CMS_HOSPITAL_ENROLLMENTS,FED_HHS_OIG_LEIE,CCN~NPI,BRIDGE,,,3,8717,8660,0.0
FED_CMS_HOSPITAL_ENROLLMENTS,FED_HRSA_HPSA_PRIMARY_CARE,NAME@ZIP,CORROBORATED,DOING_BUSINESS_AS_NAME+ZIP_CODE,HPSA_COMPONENT_NAME+COMMON_POSTAL_CODE,39,5391,6952,0.7
FED_CMS_HOSPITAL_ENROLLMENTS,FED_HRSA_SHORTAGE_AREAS,NAME@ZIP,CORROBORATED,DOING_BUSINESS_AS_NAME+ZIP_CODE,HPSA_COMPONENT_NAME+COMMON_POSTAL_CODE,63,5391,7829,1.2
FED_CMS_HOSPITAL_ENROLLMENTS,FED_HRSA_UDS_SERVICE_DELIVERY_SITES,NAME@ZIP,CORROBORATED,DOING_BUSINESS_AS_NAME+ZIP_CODE,SITE_NAME+SITE_POSTAL_CODE,7,5391,18468,0.1
FED_CMS_HOSPITAL_ENROLLMENTS,FED_HRSA_UDS_SERVICE_DELIVERY_SITES,NPI,STEEL,NPI,FQHC_SITE_NPI_NUMBER,4,8717,6047,0.1
FED_CMS_HOSPITAL_ENROLLMENTS,FED_ICE_DETENTION_FACILITY_CODES,NAME@ZIP,CORROBORATED,DOING_BUSINESS_AS_NAME+ZIP_CODE,DETENTION_FACILITY_NAME+ZIP,50,5391,1327,3.8
FED_CMS_HOSPITAL_ENROLLMENTS,FED_IRS_AUTO_REVOCATIONS,NAME@ZIP,CORROBORATED,DOING_BUSINESS_AS_NAME+ZIP_CODE,LEGAL_NAME+ZIP_CODE,49,5391,1149844,0.9
FED_CMS_HOSPITAL_ENROLLMENTS,FED_IRS_BMF,NAME@ZIP,CORROBORATED,DOING_BUSINESS_AS_NAME+ZIP_CODE,NAME+ZIP,297,5391,1868041,5.5
FED_CMS_HOSPITAL_ENROLLMENTS,FED_IRS_EO_BMF,NAME@ZIP,CORROBORATED,DOING_BUSINESS_AS_NAME+ZIP_CODE,NAME+ZIP,291,5391,1878425,5.4
FED_CMS_HOSPITAL_ENROLLMENTS,FED_IRS_REVOCATION,NAME@ZIP,CORROBORATED,DOING_BUSINESS_AS_NAME+ZIP_CODE,LEGAL_NAME+ZIP_CODE,49,5391,1149230,0.9
FED_CMS_HOSPITAL_ENROLLMENTS,FED_NURSINGHOME411,CCN~NPI,BRIDGE,,,27,8717,14456,0.3
FED_CMS_HOSPITAL_ENROLLMENTS,FED_OSHA_ITA_300A_SUMMARY_2023,NAME@ZIP,CORROBORATED,DOING_BUSINESS_AS_NAME+ZIP_CODE,ESTABLISHMENT_NAME+ZIP_CODE,1270,5391,373106,23.6
FED_CMS_HOSPITAL_ENROLLMENTS,FED_OSHA_ITA_300A_SUMMARY_2024,NAME@ZIP,CORROBORATED,DOING_BUSINESS_AS_NAME+ZIP_CODE,ESTABLISHMENT_NAME+ZIP_CODE,1305,5391,360069,24.2
FED_CMS_HOSPITAL_ENROLLMENTS,FED_OSHA_ITA_300A_SUMMARY_2025,NAME@ZIP,CORROBORATED,DOING_BUSINESS_AS_NAME+ZIP_CODE,ESTABLISHMENT_NAME+ZIP_CODE,1306,5391,375575,24.2
FED_CMS_HOSPITAL_ENROLLMENTS,FED_OSHA_ITA_CASE_DETAIL_2023,NAME@ZIP,CORROBORATED,DOING_BUSINESS_AS_NAME+ZIP_CODE,ESTABLISHMENT_NAME+ZIP_CODE,917,5391,85607,17.0
FED_CMS_HOSPITAL_ENROLLMENTS,FED_OSHA_ITA_CASE_DETAIL_2024,NAME@ZIP,CORROBORATED,DOING_BUSINESS_AS_NAME+ZIP_CODE,ESTABLISHMENT_NAME+ZIP_CODE,842,5391,59854,15.6
FED_CMS_HOSPITAL_ENROLLMENTS,FED_OSHA_ITA_CASE_DETAIL_2025,NAME@ZIP,CORROBORATED,DOING_BUSINESS_AS_NAME+ZIP_CODE,ESTABLISHMENT_NAME+ZIP_CODE,554,5391,33457,10.3
FED_CMS_HOSPITAL_ENROLLMENTS,FED_USASPENDING_CONTRACTS,NAME@ZIP,CORROBORATED,DOING_BUSINESS_AS_NAME+ZIP_CODE,RECIPIENT_NAME+RECIPIENT_ZIP_4_CODE,39,5391,91616,0.7
FED_CMS_HOSPITAL_ENROLLMENTS,FED_USCG_NRC_INCIDENTS,NAME@ZIP,CORROBORATED,DOING_BUSINESS_AS_NAME+ZIP_CODE,RESPONSIBLE_COMPANY+RESPONSIBLE_ZIP,30,5391,93650,0.6
FED_CMS_HOSPITAL_ENROLLMENTS,FED_USCG_NRC_INCIDENT_REPORTS,NAME@ZIP,CORROBORATED,DOING_BUSINESS_AS_NAME+ZIP_CODE,RESPONSIBLE_COMPANY+RESPONSIBLE_ZIP,5,5391,15011,0.1
FED_CMS_HOSPITAL_ENROLLMENTS,IRS527_RELATED_ENTITIES,NAME@ZIP,CORROBORATED,DOING_BUSINESS_AS_NAME+ZIP_CODE,ENTITY_NAME+ENTITY_ZIP,12,5391,11739,0.2
FED_CMS_HOSPITAL_GENERAL,FED_CMS_IRF,NAME@ZIP,CORROBORATED,FACILITY_NAME+ZIP_CODE,PROVIDER_NAME+ZIP_CODE,260,5427,1222,21.3
FED_CMS_HOSPITAL_GENERAL,FED_CMS_LTCH,CCN,STEEL,CCN,CCN,5,5268,311,1.6
FED_CMS_HOSPITAL_GENERAL,FED_CMS_LTCH,NAME@ZIP,CORROBORATED,FACILITY_NAME+ZIP_CODE,PROVIDER_NAME+ZIP_CODE,5,5427,311,1.6
FED_CMS_HOSPITAL_GENERAL,FED_CMS_MEDICARE_DIABETES_PREVENTION_PROGRAM,NAME@ZIP,CORROBORATED,FACILITY_NAME+ZIP_CODE,LOCATION_NAME+ZIP_CODE,36,5427,935,3.9
FED_CMS_HOSPITAL_GENERAL,FED_CMS_MEDICARE_DIALYSIS_FACILITIES,CCN~NPI,BRIDGE,,,63,5268,8241,1.2
FED_CMS_HOSPITAL_GENERAL,FED_CMS_MEDICARE_DURABLE_MEDICAL_EQUIPMENT_DEVICES_SUPPLIES_BY_REFER,CCN~NPI,BRIDGE,,,5316,5268,381228,100.9
FED_CMS_HOSPITAL_GENERAL,FED_CMS_MEDICARE_DURABLE_MEDICAL_EQUIPMENT_DEVICES_SUPPLIES_BY_SUPPL,NAME@ZIP,CORROBORATED,FACILITY_NAME+ZIP_CODE,SUPLR_PRVDR_LAST_NAME_ORG+SUPLR_PRVDR_ZIP5,165,5427,49703,3.0
FED_CMS_HOSPITAL_GENERAL,FED_CMS_MEDICARE_FEE_FOR_SERVICE_PUBLIC_PROVIDER_ENROLLMENT,CCN~NPI,BRIDGE,,,15924,5268,2541258,302.3
FED_CMS_HOSPITAL_GENERAL,FED_CMS_MEDICARE_INPATIENT_HOSPITALS_BY_PROVIDER,CCN,STEEL,CCN,RNDRNG_PRVDR_CCN,2991,5268,3044,98.3
FED_CMS_HOSPITAL_GENERAL,FED_CMS_MEDICARE_INPATIENT_HOSPITALS_BY_PROVIDER,NAME@ZIP,CORROBORATED,FACILITY_NAME+ZIP_CODE,RNDRNG_PRVDR_ORG_NAME+RNDRNG_PRVDR_ZIP5,2600,5427,3044,85.4
FED_CMS_HOSPITAL_GENERAL,FED_CMS_MEDICARE_INPATIENT_HOSPITALS_BY_PROVIDER_AND_SERVICE,CCN,STEEL,CCN,RNDRNG_PRVDR_CCN,2875,5268,2906,98.9
FED_CMS_HOSPITAL_GENERAL,FED_CMS_MEDICARE_INPATIENT_HOSPITALS_BY_PROVIDER_AND_SERVICE,NAME@ZIP,CORROBORATED,FACILITY_NAME+ZIP_CODE,RNDRNG_PRVDR_ORG_NAME+RNDRNG_PRVDR_ZIP5,2483,5427,2906,85.4
FED_CMS_HOSPITAL_GENERAL,FED_CMS_MEDICARE_OUTPATIENT_HOSPITALS_BY_PROVIDER_AND_SERVICE,CCN,STEEL,CCN,RNDRNG_PRVDR_CCN,3012,5268,3126,96.4
FED_CMS_HOSPITAL_GENERAL,FED_CMS_MEDICARE_OUTPATIENT_HOSPITALS_BY_PROVIDER_AND_SERVICE,NAME@ZIP,CORROBORATED,FACILITY_NAME+ZIP_CODE,RNDRNG_PRVDR_ORG_NAME+RNDRNG_PRVDR_ZIP5,2616,5427,3121,83.8
FED_CMS_HOSPITAL_GENERAL,FED_CMS_MEDICARE_PHYSICIAN_OTHER_PRACTITIONERS_BY_PROVIDER,NAME@ZIP,CORROBORATED,FACILITY_NAME+ZIP_CODE,RNDRNG_PRVDR_LAST_ORG_NAME+RNDRNG_PRVDR_ZIP5,114,5427,1204005,2.1
FED_CMS_HOSPITAL_GENERAL,FED_CMS_MEDICARE_PHYSICIAN_OTHER_PRACTITIONERS_BY_PROVIDER_AND_SERVI,NAME@ZIP,CORROBORATED,FACILITY_NAME+ZIP_CODE,RNDRNG_PRVDR_LAST_ORG_NAME+RNDRNG_PRVDR_ZIP5,108,5427,1125418,2.0
FED_CMS_HOSPITAL_GENERAL,FED_CMS_MEDICARE_PROVIDER,NAME@ZIP,CORROBORATED,FACILITY_NAME+ZIP_CODE,RNDRNG_PRVDR_LAST_ORG_NAME+RNDRNG_PRVDR_ZIP5,114,5427,1204005,2.1
FED_CMS_HOSPITAL_GENERAL,FED_CMS_NPPES,CCN~NPI,BRIDGE,,,15968,5268,9606683,303.1
FED_CMS_HOSPITAL_GENERAL,FED_CMS_NURSING_HOME,NAME@ZIP,CORROBORATED,FACILITY_NAME+ZIP_CODE,PROVIDER_NAME+ZIP_CODE,69,5427,14700,1.3
FED_CMS_HOSPITAL_GENERAL,FED_CMS_NURSING_HOME_DEFICIENCIES,NAME@ZIP,CORROBORATED,FACILITY_NAME+ZIP_CODE,PROVIDER_NAME+ZIP_CODE,69,5427,14632,1.3
FED_CMS_HOSPITAL_GENERAL,FED_CMS_NURSING_HOME_FIRE_DEFICIENCIES,NAME@ZIP,CORROBORATED,FACILITY_NAME+ZIP_CODE,PROVIDER_NAME+ZIP_CODE,64,5427,13914,1.2
FED_CMS_HOSPITAL_GENERAL,FED_CMS_NURSING_HOME_PENALTIES,NAME@ZIP,CORROBORATED,FACILITY_NAME+ZIP_CODE,PROVIDER_NAME+ZIP_CODE,21,5427,6831,0.4
FED_CMS_HOSPITAL_GENERAL,FED_CMS_OPEN_PAYMENTS,CCN~NPI,BRIDGE,,,6074,5268,979136,115.3
FED_CMS_HOSPITAL_GENERAL,FED_CMS_OPEN_PAYMENTS_2022,CCN~NPI,BRIDGE,,,5573,5268,863007,105.8
FED_CMS_HOSPITAL_GENERAL,FED_CMS_OPEN_PAYMENTS_2023,CCN~NPI,BRIDGE,,,5928,5268,933619,112.5
FED_CMS_HOSPITAL_GENERAL,FED_CMS_OPEN_PAYMENTS_PROFILE_SUPPLEMENT,CCN~NPI,BRIDGE,,,8867,5268,1681790,168.3
FED_CMS_HOSPITAL_GENERAL,FED_CMS_OPIOID_TREATMENT_PROGRAM_PROVIDERS,NAME@ZIP,CORROBORATED,FACILITY_NAME+ZIP_CODE,PROVIDER_NAME+ZIP,13,5427,1541,0.8
FED_CMS_HOSPITAL_GENERAL,FED_CMS_OPT_OUT_AFFIDAVITS,CCN~NPI,BRIDGE,,,8,5268,56455,0.2
FED_CMS_HOSPITAL_GENERAL,FED_CMS_ORDER_AND_REFERRING,CCN~NPI,BRIDGE,,,10627,5268,2018350,201.7
FED_CMS_HOSPITAL_GENERAL,FED_CMS_PARTD_PRESCRIBER_DRUG,CCN~NPI,BRIDGE,,,7852,5268,1057566,149.1
FED_CMS_HOSPITAL_GENERAL,FED_CMS_PART_D_PRESCRIBERS,CCN~NPI,BRIDGE,,,9351,5268,1416883,177.5
FED_CMS_HOSPITAL_GENERAL,FED_CMS_PECOS_PROVIDER_ENROLLMENT,CCN~NPI,BRIDGE,,,15924,5268,2541258,302.3
FED_CMS_HOSPITAL_GENERAL,FED_CMS_POS_OTHER,CCN,STEEL,CCN,CCN,5267,5268,41262,100.0
FED_CMS_HOSPITAL_GENERAL,FED_CMS_POS_OTHER,NAME@ZIP,CORROBORATED,FACILITY_NAME+ZIP_CODE,FAC_NAME+ZIP_CD,4745,5427,40109,87.4
FED_CMS_HOSPITAL_GENERAL,FED_CMS_QUALITY_PAYMENT_PROGRAM_EXPERIENCE,CCN~NPI,BRIDGE,,,2931,5268,453202,55.6
FED_CMS_HOSPITAL_GENERAL,FED_CMS_RURAL_HEALTH_CLINIC_ENROLLMENTS,NAME@ZIP,CORROBORATED,FACILITY_NAME+ZIP_CODE,DOING_BUSINESS_AS_NAME+ZIP_CODE,90,5427,4513,2.0
FED_CMS_HOSPITAL_GENERAL,FED_CMS_SKILLED_NURSING_FACILITY_ENROLLMENTS,NAME@ZIP,CORROBORATED,FACILITY_NAME+ZIP_CODE,NURSING_HOME_PROVIDER_NAME+ZIP_CODE,54,5427,14044,1.0
FED_CMS_HOSPITAL_GENERAL,FED_DEA_ARCOS_FULL,NAME@ZIP,CORROBORATED,FACILITY_NAME+ZIP_CODE,BUYER_NAME+BUYER_ZIP,54,5427,127173,1.0
FED_CMS_HOSPITAL_GENERAL,FED_DOL_FORM5500,NAME@ZIP,CORROBORATED,FACILITY_NAME+ZIP_CODE,PLAN_NAME+SPONS_DFE_MAIL_US_ZIP,7,5427,31367,0.1
FED_CMS_HOSPITAL_GENERAL,FED_EIA860_1_UTILITY,NAME@ZIP,CORROBORATED,FACILITY_NAME+ZIP_CODE,UTILITY_NAME+ZIP,19,5427,5530,0.4
FED_CMS_HOSPITAL_GENERAL,FED_EIA860_2_PLANT,NAME@ZIP,CORROBORATED,FACILITY_NAME+ZIP_CODE,PLANT_NAME+ZIP,22,5427,14083,0.4
FED_CMS_HOSPITAL_GENERAL,FED_EPA_FRS_FRS_FACILITIES,NAME@ZIP,CORROBORATED,FACILITY_NAME+ZIP_CODE,FAC_NAME+FAC_ZIP,1604,5427,2699357,29.6
FED_CMS_HOSPITAL_GENERAL,FED_EPA_FRS_FRS_PROGRAM_LINKS,NAME@ZIP,CORROBORATED,FACILITY_NAME+ZIP_CODE,PRIMARY_NAME+POSTAL_CODE,1994,5427,3338955,36.7
FED_CMS_HOSPITAL_GENERAL,FED_EPA_FRS_FULL,NAME@ZIP,CORROBORATED,FACILITY_NAME+ZIP_CODE,PRIMARY_NAME+POSTAL_CODE,1854,5427,4325132,34.2
FED_CMS_HOSPITAL_GENERAL,FED_EPA_GHGRP_FACILITY,NAME@ZIP,CORROBORATED,FACILITY_NAME+ZIP_CODE,FACILITY_NAME+ZIP,17,5427,12485,0.3
FED_CMS_HOSPITAL_GENERAL,FED_EPA_ICIS_AIR_ICIS_AIR_FACILITIES,NAME@ZIP,CORROBORATED,FACILITY_NAME+ZIP_CODE,FACILITY_NAME+ZIP_CODE,557,5427,270351,10.3
FED_CMS_HOSPITAL_GENERAL,FED_EPA_ICIS_FEC_CASE_ENFORCEMENT_CONCLUSION_FACILITIES,NAME@ZIP,CORROBORATED,FACILITY_NAME+ZIP_CODE,FACILITY_NAME+FACILITY_ZIP,113,5427,108488,2.1
FED_CMS_HOSPITAL_GENERAL,FED_EPA_ICIS_FEC_CASE_FACILITIES,NAME@ZIP,CORROBORATED,FACILITY_NAME+ZIP_CODE,FACILITY_NAME+ZIP,117,5427,117594,2.2
FED_CMS_HOSPITAL_GENERAL,FED_EPA_NPDES_ICIS_FACILITIES,NAME@ZIP,CORROBORATED,FACILITY_NAME+ZIP_CODE,FACILITY_NAME+ZIP,283,5427,1077821,5.2
FED_CMS_HOSPITAL_GENERAL,FED_EPA_RCRA_FACILITIES,NAME@ZIP,CORROBORATED,FACILITY_NAME+ZIP_CODE,FACILITY_NAME+ZIP_CODE,1518,5427,1429903,28.0
FED_CMS_HOSPITAL_GENERAL,FED_EPA_RCRA_RCRA_FACILITIES,NAME@ZIP,CORROBORATED,FACILITY_NAME+ZIP_CODE,FACILITY_NAME+ZIP_CODE,1518,5427,1429903,28.0
FED_CMS_HOSPITAL_GENERAL,FED_EPA_SDWA_SDWA_PUB_WATER_SYSTEMS,NAME@ZIP,CORROBORATED,FACILITY_NAME+ZIP_CODE,PWS_NAME+ZIP_CODE,89,5427,395686,1.6
FED_CMS_HOSPITAL_GENERAL,FED_FAA_AIRCRAFT_REGISTRY,NAME@ZIP,CORROBORATED,FACILITY_NAME+ZIP_CODE,NAME+ZIP_CODE,16,5427,205605,0.3
FED_CMS_HOSPITAL_GENERAL,FED_FAC_SINGLE_AUDIT,NAME@ZIP,CORROBORATED,FACILITY_NAME+ZIP_CODE,AUDITEE_NAME+AUDITEE_ZIP,661,5427,103191,12.2
FED_CMS_HOSPITAL_GENERAL,FED_FCC_LICENSING,NAME@ZIP,CORROBORATED,FACILITY_NAME+ZIP_CODE,ENTITY_NAME+ZIP_CODE,11,5427,1502987,0.2
FED_CMS_HOSPITAL_GENERAL,FED_HHS_OIG_LEIE,CCN~NPI,BRIDGE,,,3,5268,8660,0.1
FED_CMS_HOSPITAL_GENERAL,FED_HRSA_HPSA_PRIMARY_CARE,NAME@ZIP,CORROBORATED,FACILITY_NAME+ZIP_CODE,HPSA_COMPONENT_NAME+COMMON_POSTAL_CODE,64,5427,6952,1.2
FED_CMS_HOSPITAL_GENERAL,FED_HRSA_SHORTAGE_AREAS,NAME@ZIP,CORROBORATED,FACILITY_NAME+ZIP_CODE,HPSA_COMPONENT_NAME+COMMON_POSTAL_CODE,88,5427,7829,1.6
FED_CMS_HOSPITAL_GENERAL,FED_HRSA_UDS_SERVICE_DELIVERY_SITES,NAME@ZIP,CORROBORATED,FACILITY_NAME+ZIP_CODE,SITE_NAME+SITE_POSTAL_CODE,7,5427,18468,0.1
FED_CMS_HOSPITAL_GENERAL,FED_ICE_DETENTION_FACILITY_CODES,NAME@ZIP,CORROBORATED,FACILITY_NAME+ZIP_CODE,DETENTION_FACILITY_NAME+ZIP,71,5427,1327,5.4
FED_CMS_HOSPITAL_GENERAL,FED_IRS_AUTO_REVOCATIONS,NAME@ZIP,CORROBORATED,FACILITY_NAME+ZIP_CODE,LEGAL_NAME+ZIP_CODE,75,5427,1149844,1.4
FED_CMS_HOSPITAL_GENERAL,FED_IRS_BMF,NAME@ZIP,CORROBORATED,FACILITY_NAME+ZIP_CODE,NAME+ZIP,814,5427,1868041,15.0
FED_CMS_HOSPITAL_GENERAL,FED_IRS_EO_BMF,NAME@ZIP,CORROBORATED,FACILITY_NAME+ZIP_CODE,NAME+ZIP,809,5427,1878425,14.9
FED_CMS_HOSPITAL_GENERAL,FED_IRS_REVOCATION,NAME@ZIP,CORROBORATED,FACILITY_NAME+ZIP_CODE,LEGAL_NAME+ZIP_CODE,75,5427,1149230,1.4
FED_CMS_HOSPITAL_GENERAL,FED_NCUA_CALL_REPORTS_FOICU,NAME@ZIP,CORROBORATED,FACILITY_NAME+ZIP_CODE,CU_NAME+ZIP_CODE,7,5427,4335,0.2
FED_CMS_HOSPITAL_GENERAL,FED_NCUA_FEDERALLY_INSURED_CU_LIST,NAME@ZIP,CORROBORATED,FACILITY_NAME+ZIP_CODE,CREDIT_UNION_NAME+ZIP_CODE_MAILING_ADDRESS,7,5427,4249,0.2
FED_CMS_HOSPITAL_GENERAL,FED_OSHA_ITA_300A_SUMMARY_2023,NAME@ZIP,CORROBORATED,FACILITY_NAME+ZIP_CODE,ESTABLISHMENT_NAME+ZIP_CODE,1363,5427,373106,25.1
FED_CMS_HOSPITAL_GENERAL,FED_OSHA_ITA_300A_SUMMARY_2024,NAME@ZIP,CORROBORATED,FACILITY_NAME+ZIP_CODE,ESTABLISHMENT_NAME+ZIP_CODE,1347,5427,360069,24.8
FED_CMS_HOSPITAL_GENERAL,FED_OSHA_ITA_300A_SUMMARY_2025,NAME@ZIP,CORROBORATED,FACILITY_NAME+ZIP_CODE,ESTABLISHMENT_NAME+ZIP_CODE,1356,5427,375575,25.0
FED_CMS_HOSPITAL_GENERAL,FED_OSHA_ITA_CASE_DETAIL_2023,NAME@ZIP,CORROBORATED,FACILITY_NAME+ZIP_CODE,ESTABLISHMENT_NAME+ZIP_CODE,996,5427,85607,18.4
FED_CMS_HOSPITAL_GENERAL,FED_OSHA_ITA_CASE_DETAIL_2024,NAME@ZIP,CORROBORATED,FACILITY_NAME+ZIP_CODE,ESTABLISHMENT_NAME+ZIP_CODE,864,5427,59854,15.9
FED_CMS_HOSPITAL_GENERAL,FED_OSHA_ITA_CASE_DETAIL_2025,NAME@ZIP,CORROBORATED,FACILITY_NAME+ZIP_CODE,ESTABLISHMENT_NAME+ZIP_CODE,605,5427,33457,11.1
FED_CMS_HOSPITAL_GENERAL,FED_USASPENDING_CONTRACTS,NAME@ZIP,CORROBORATED,FACILITY_NAME+ZIP_CODE,RECIPIENT_NAME+RECIPIENT_ZIP_4_CODE,104,5427,91616,1.9
FED_CMS_HOSPITAL_GENERAL,FED_USCG_NRC_INCIDENTS,NAME@ZIP,CORROBORATED,FACILITY_NAME+ZIP_CODE,RESPONSIBLE_COMPANY+RESPONSIBLE_ZIP,41,5427,93650,0.8
FED_CMS_HOSPITAL_GENERAL,FED_USCG_NRC_INCIDENT_REPORTS,NAME@ZIP,CORROBORATED,FACILITY_NAME+ZIP_CODE,RESPONSIBLE_COMPANY+RESPONSIBLE_ZIP,8,5427,15011,0.1
FED_CMS_HOSPITAL_GENERAL,IRS527_RELATED_ENTITIES,NAME@ZIP,CORROBORATED,FACILITY_NAME+ZIP_CODE,ENTITY_NAME+ENTITY_ZIP,15,5427,11739,0.3
FED_CMS_IRF,FED_CMS_LTCH,NAME@ZIP,CORROBORATED,PROVIDER_NAME+ZIP_CODE,PROVIDER_NAME+ZIP_CODE,37,1222,311,11.9
FED_CMS_IRF,FED_CMS_MEDICARE_DIABETES_PREVENTION_PROGRAM,NAME@ZIP,CORROBORATED,PROVIDER_NAME+ZIP_CODE,LOCATION_NAME+ZIP_CODE,10,1222,935,1.1
FED_CMS_IRF,FED_CMS_MEDICARE_DURABLE_MEDICAL_EQUIPMENT_DEVICES_SUPPLIES_BY_REFER,CCN~NPI,BRIDGE,,,2028,410,381228,494.6
FED_CMS_IRF,FED_CMS_MEDICARE_DURABLE_MEDICAL_EQUIPMENT_DEVICES_SUPPLIES_BY_SUPPL,NAME@ZIP,CORROBORATED,PROVIDER_NAME+ZIP_CODE,SUPLR_PRVDR_LAST_NAME_ORG+SUPLR_PRVDR_ZIP5,28,1222,49703,2.3
FED_CMS_IRF,FED_CMS_MEDICARE_FEE_FOR_SERVICE_PUBLIC_PROVIDER_ENROLLMENT,CCN~NPI,BRIDGE,,,3011,410,2541258,734.4
FED_CMS_IRF,FED_CMS_MEDICARE_INPATIENT_HOSPITALS_BY_PROVIDER,NAME@ZIP,CORROBORATED,PROVIDER_NAME+ZIP_CODE,RNDRNG_PRVDR_ORG_NAME+RNDRNG_PRVDR_ZIP5,248,1222,3044,20.3
FED_CMS_IRF,FED_CMS_MEDICARE_INPATIENT_HOSPITALS_BY_PROVIDER_AND_SERVICE,NAME@ZIP,CORROBORATED,PROVIDER_NAME+ZIP_CODE,RNDRNG_PRVDR_ORG_NAME+RNDRNG_PRVDR_ZIP5,246,1222,2906,20.1
FED_CMS_IRF,FED_CMS_MEDICARE_OUTPATIENT_HOSPITALS_BY_PROVIDER_AND_SERVICE,CCN,STEEL,CCN,RNDRNG_PRVDR_CCN,20,410,3126,4.9
FED_CMS_IRF,FED_CMS_MEDICARE_OUTPATIENT_HOSPITALS_BY_PROVIDER_AND_SERVICE,NAME@ZIP,CORROBORATED,PROVIDER_NAME+ZIP_CODE,RNDRNG_PRVDR_ORG_NAME+RNDRNG_PRVDR_ZIP5,272,1222,3121,22.3
FED_CMS_IRF,FED_CMS_MEDICARE_PHYSICIAN_OTHER_PRACTITIONERS_BY_PROVIDER,NAME@ZIP,CORROBORATED,PROVIDER_NAME+ZIP_CODE,RNDRNG_PRVDR_LAST_ORG_NAME+RNDRNG_PRVDR_ZIP5,15,1222,1204005,1.2
FED_CMS_IRF,FED_CMS_MEDICARE_PHYSICIAN_OTHER_PRACTITIONERS_BY_PROVIDER_AND_SERVI,NAME@ZIP,CORROBORATED,PROVIDER_NAME+ZIP_CODE,RNDRNG_PRVDR_LAST_ORG_NAME+RNDRNG_PRVDR_ZIP5,15,1222,1125418,1.2
FED_CMS_IRF,FED_CMS_MEDICARE_PROVIDER,NAME@ZIP,CORROBORATED,PROVIDER_NAME+ZIP_CODE,RNDRNG_PRVDR_LAST_ORG_NAME+RNDRNG_PRVDR_ZIP5,15,1222,1204005,1.2
FED_CMS_IRF,FED_CMS_NPPES,CCN~NPI,BRIDGE,,,3018,410,9606683,736.1
FED_CMS_IRF,FED_CMS_NURSING_HOME,NAME@ZIP,CORROBORATED,PROVIDER_NAME+ZIP_CODE,PROVIDER_NAME+ZIP_CODE,7,1222,14700,0.6
FED_CMS_IRF,FED_CMS_NURSING_HOME_DEFICIENCIES,NAME@ZIP,CORROBORATED,PROVIDER_NAME+ZIP_CODE,PROVIDER_NAME+ZIP_CODE,7,1222,14632,0.6
FED_CMS_IRF,FED_CMS_NURSING_HOME_FIRE_DEFICIENCIES,NAME@ZIP,CORROBORATED,PROVIDER_NAME+ZIP_CODE,PROVIDER_NAME+ZIP_CODE,7,1222,13914,0.6
FED_CMS_IRF,FED_CMS_OPEN_PAYMENTS,CCN~NPI,BRIDGE,,,1482,410,979136,361.5
FED_CMS_IRF,FED_CMS_OPEN_PAYMENTS_2022,CCN~NPI,BRIDGE,,,1424,410,863007,347.3
FED_CMS_IRF,FED_CMS_OPEN_PAYMENTS_2023,CCN~NPI,BRIDGE,,,1478,410,933619,360.5
FED_CMS_IRF,FED_CMS_OPEN_PAYMENTS_PROFILE_SUPPLEMENT,CCN~NPI,BRIDGE,,,2241,410,1681790,546.6
FED_CMS_IRF,FED_CMS_ORDER_AND_REFERRING,CCN~NPI,BRIDGE,,,2608,410,2018350,636.1
FED_CMS_IRF,FED_CMS_PARTD_PRESCRIBER_DRUG,CCN~NPI,BRIDGE,,,2173,410,1057566,530.0
FED_CMS_IRF,FED_CMS_PART_D_PRESCRIBERS,CCN~NPI,BRIDGE,,,2498,410,1416883,609.3
FED_CMS_IRF,FED_CMS_PECOS_PROVIDER_ENROLLMENT,CCN~NPI,BRIDGE,,,3011,410,2541258,734.4
FED_CMS_IRF,FED_CMS_POS_OTHER,CCN,STEEL,CCN,CCN,410,410,41262,100.0
FED_CMS_IRF,FED_CMS_POS_OTHER,NAME@ZIP,CORROBORATED,PROVIDER_NAME+ZIP_CODE,FAC_NAME+ZIP_CD,701,1222,40109,57.4
FED_CMS_IRF,FED_CMS_QUALITY_PAYMENT_PROGRAM_EXPERIENCE,CCN~NPI,BRIDGE,,,1168,410,453202,284.9
FED_CMS_IRF,FED_CMS_SKILLED_NURSING_FACILITY_ENROLLMENTS,NAME@ZIP,CORROBORATED,PROVIDER_NAME+ZIP_CODE,NURSING_HOME_PROVIDER_NAME+ZIP_CODE,8,1222,14044,0.7
FED_CMS_IRF,FED_DEA_ARCOS_FULL,NAME@ZIP,CORROBORATED,PROVIDER_NAME+ZIP_CODE,BUYER_NAME+BUYER_ZIP,10,1222,127173,0.8
FED_CMS_IRF,FED_EIA860_2_PLANT,NAME@ZIP,CORROBORATED,PROVIDER_NAME+ZIP_CODE,PLANT_NAME+ZIP,5,1222,14083,0.4
FED_CMS_IRF,FED_EPA_FRS_FRS_FACILITIES,NAME@ZIP,CORROBORATED,PROVIDER_NAME+ZIP_CODE,FAC_NAME+FAC_ZIP,261,1222,2699357,21.4
FED_CMS_IRF,FED_EPA_FRS_FRS_PROGRAM_LINKS,NAME@ZIP,CORROBORATED,PROVIDER_NAME+ZIP_CODE,PRIMARY_NAME+POSTAL_CODE,332,1222,3338955,27.2
FED_CMS_IRF,FED_EPA_FRS_FULL,NAME@ZIP,CORROBORATED,PROVIDER_NAME+ZIP_CODE,PRIMARY_NAME+POSTAL_CODE,281,1222,4325132,23.0
FED_CMS_IRF,FED_EPA_ICIS_AIR_ICIS_AIR_FACILITIES,NAME@ZIP,CORROBORATED,PROVIDER_NAME+ZIP_CODE,FACILITY_NAME+ZIP_CODE,99,1222,270351,8.1
FED_CMS_IRF,FED_EPA_ICIS_FEC_CASE_ENFORCEMENT_CONCLUSION_FACILITIES,NAME@ZIP,CORROBORATED,PROVIDER_NAME+ZIP_CODE,FACILITY_NAME+FACILITY_ZIP,28,1222,108488,2.3
FED_CMS_IRF,FED_EPA_ICIS_FEC_CASE_FACILITIES,NAME@ZIP,CORROBORATED,PROVIDER_NAME+ZIP_CODE,FACILITY_NAME+ZIP,29,1222,117594,2.4
FED_CMS_IRF,FED_EPA_NPDES_ICIS_FACILITIES,NAME@ZIP,CORROBORATED,PROVIDER_NAME+ZIP_CODE,FACILITY_NAME+ZIP,54,1222,1077821,4.4
FED_CMS_IRF,FED_EPA_RCRA_FACILITIES,NAME@ZIP,CORROBORATED,PROVIDER_NAME+ZIP_CODE,FACILITY_NAME+ZIP_CODE,240,1222,1429903,19.6
FED_CMS_IRF,FED_EPA_RCRA_RCRA_FACILITIES,NAME@ZIP,CORROBORATED,PROVIDER_NAME+ZIP_CODE,FACILITY_NAME+ZIP_CODE,240,1222,1429903,19.6
FED_CMS_IRF,FED_EPA_SDWA_SDWA_PUB_WATER_SYSTEMS,NAME@ZIP,CORROBORATED,PROVIDER_NAME+ZIP_CODE,PWS_NAME+ZIP_CODE,15,1222,395686,1.2
FED_CMS_IRF,FED_FAC_SINGLE_AUDIT,NAME@ZIP,CORROBORATED,PROVIDER_NAME+ZIP_CODE,AUDITEE_NAME+AUDITEE_ZIP,47,1222,103191,3.8
FED_CMS_IRF,FED_ICE_DETENTION_FACILITY_CODES,NAME@ZIP,CORROBORATED,PROVIDER_NAME+ZIP_CODE,DETENTION_FACILITY_NAME+ZIP,13,1222,1327,1.1
FED_CMS_IRF,FED_IRS_AUTO_REVOCATIONS,NAME@ZIP,CORROBORATED,PROVIDER_NAME+ZIP_CODE,LEGAL_NAME+ZIP_CODE,6,1222,1149844,0.5
FED_CMS_IRF,FED_IRS_BMF,NAME@ZIP,CORROBORATED,PROVIDER_NAME+ZIP_CODE,NAME+ZIP,76,1222,1868041,6.2
FED_CMS_IRF,FED_IRS_EO_BMF,NAME@ZIP,CORROBORATED,PROVIDER_NAME+ZIP_CODE,NAME+ZIP,75,1222,1878425,6.1
FED_CMS_IRF,FED_IRS_REVOCATION,NAME@ZIP,CORROBORATED,PROVIDER_NAME+ZIP_CODE,LEGAL_NAME+ZIP_CODE,6,1222,1149230,0.5
FED_CMS_IRF,FED_OSHA_ITA_300A_SUMMARY_2023,NAME@ZIP,CORROBORATED,PROVIDER_NAME+ZIP_CODE,ESTABLISHMENT_NAME+ZIP_CODE,246,1222,373106,20.1
FED_CMS_IRF,FED_OSHA_ITA_300A_SUMMARY_2024,NAME@ZIP,CORROBORATED,PROVIDER_NAME+ZIP_CODE,ESTABLISHMENT_NAME+ZIP_CODE,262,1222,360069,21.4
FED_CMS_IRF,FED_OSHA_ITA_300A_SUMMARY_2025,NAME@ZIP,CORROBORATED,PROVIDER_NAME+ZIP_CODE,ESTABLISHMENT_NAME+ZIP_CODE,273,1222,375575,22.3
FED_CMS_IRF,FED_OSHA_ITA_CASE_DETAIL_2023,NAME@ZIP,CORROBORATED,PROVIDER_NAME+ZIP_CODE,ESTABLISHMENT_NAME+ZIP_CODE,159,1222,85607,13.0
FED_CMS_IRF,FED_OSHA_ITA_CASE_DETAIL_2024,NAME@ZIP,CORROBORATED,PROVIDER_NAME+ZIP_CODE,ESTABLISHMENT_NAME+ZIP_CODE,157,1222,59854,12.8
FED_CMS_IRF,FED_OSHA_ITA_CASE_DETAIL_2025,NAME@ZIP,CORROBORATED,PROVIDER_NAME+ZIP_CODE,ESTABLISHMENT_NAME+ZIP_CODE,113,1222,33457,9.2
FED_CMS_IRF,FED_USASPENDING_CONTRACTS,NAME@ZIP,CORROBORATED,PROVIDER_NAME+ZIP_CODE,RECIPIENT_NAME+RECIPIENT_ZIP_4_CODE,8,1222,91616,0.7
FED_CMS_IRF,FED_USCG_NRC_INCIDENTS,NAME@ZIP,CORROBORATED,PROVIDER_NAME+ZIP_CODE,RESPONSIBLE_COMPANY+RESPONSIBLE_ZIP,6,1222,93650,0.5
FED_CMS_IRF,IRS527_RELATED_ENTITIES,NAME@ZIP,CORROBORATED,PROVIDER_NAME+ZIP_CODE,ENTITY_NAME+ENTITY_ZIP,5,1222,11739,0.4
FED_CMS_LTCH,FED_CMS_MEDICARE_DURABLE_MEDICAL_EQUIPMENT_DEVICES_SUPPLIES_BY_REFER,CCN~NPI,BRIDGE,,,1967,311,381228,632.5
FED_CMS_LTCH,FED_CMS_MEDICARE_FEE_FOR_SERVICE_PUBLIC_PROVIDER_ENROLLMENT,CCN~NPI,BRIDGE,,,2952,311,2541258,949.2
FED_CMS_LTCH,FED_CMS_MEDICARE_OUTPATIENT_HOSPITALS_BY_PROVIDER_AND_SERVICE,CCN,STEEL,CCN,RNDRNG_PRVDR_CCN,21,311,3126,6.8
FED_CMS_LTCH,FED_CMS_MEDICARE_OUTPATIENT_HOSPITALS_BY_PROVIDER_AND_SERVICE,NAME@ZIP,CORROBORATED,PROVIDER_NAME+ZIP_CODE,RNDRNG_PRVDR_ORG_NAME+RNDRNG_PRVDR_ZIP5,17,311,3121,5.5
FED_CMS_LTCH,FED_CMS_MEDICARE_PHYSICIAN_OTHER_PRACTITIONERS_BY_PROVIDER,CCN~NPI,BRIDGE,,,2566,311,1296739,825.1
FED_CMS_LTCH,FED_CMS_MEDICARE_PHYSICIAN_OTHER_PRACTITIONERS_BY_PROVIDER_AND_SERVI,CCN~NPI,BRIDGE,,,2547,311,1207473,819.0
FED_CMS_LTCH,FED_CMS_MEDICARE_PROVIDER,CCN~NPI,BRIDGE,,,2566,311,1296739,825.1
FED_CMS_LTCH,FED_CMS_NPPES,CCN~NPI,BRIDGE,,,2963,311,9606683,952.7
FED_CMS_LTCH,FED_CMS_OPEN_PAYMENTS,CCN~NPI,BRIDGE,,,1699,311,979136,546.3
FED_CMS_LTCH,FED_CMS_OPEN_PAYMENTS_2022,CCN~NPI,BRIDGE,,,1611,311,863007,518.0
FED_CMS_LTCH,FED_CMS_OPEN_PAYMENTS_2023,CCN~NPI,BRIDGE,,,1667,311,933619,536.0
FED_CMS_LTCH,FED_CMS_OPEN_PAYMENTS_PROFILE_SUPPLEMENT,CCN~NPI,BRIDGE,,,2364,311,1681790,760.1
FED_CMS_LTCH,FED_CMS_ORDER_AND_REFERRING,CCN~NPI,BRIDGE,,,2654,311,2018350,853.4
FED_CMS_LTCH,FED_CMS_PARTD_PRESCRIBER_DRUG,CCN~NPI,BRIDGE,,,2116,311,1057566,680.4
FED_CMS_LTCH,FED_CMS_PART_D_PRESCRIBERS,CCN~NPI,BRIDGE,,,2478,311,1416883,796.8
FED_CMS_LTCH,FED_CMS_PECOS_PROVIDER_ENROLLMENT,CCN~NPI,BRIDGE,,,2952,311,2541258,949.2
FED_CMS_LTCH,FED_CMS_POS_OTHER,CCN,STEEL,CCN,CCN,311,311,41262,100.0
FED_CMS_LTCH,FED_CMS_POS_OTHER,NAME@ZIP,CORROBORATED,PROVIDER_NAME+ZIP_CODE,FAC_NAME+ZIP_CD,309,311,40109,99.4
FED_CMS_LTCH,FED_CMS_QUALITY_PAYMENT_PROGRAM_EXPERIENCE,CCN~NPI,BRIDGE,,,999,311,453202,321.2
FED_CMS_LTCH,FED_CMS_SKILLED_NURSING_FACILITY_ENROLLMENTS,NAME@ZIP,CORROBORATED,PROVIDER_NAME+ZIP_CODE,NURSING_HOME_PROVIDER_NAME+ZIP_CODE,5,311,14044,1.6
FED_CMS_LTCH,FED_EPA_FRS_FRS_FACILITIES,NAME@ZIP,CORROBORATED,PROVIDER_NAME+ZIP_CODE,FAC_NAME+FAC_ZIP,38,311,2699357,12.2
FED_CMS_LTCH,FED_EPA_FRS_FRS_PROGRAM_LINKS,NAME@ZIP,CORROBORATED,PROVIDER_NAME+ZIP_CODE,PRIMARY_NAME+POSTAL_CODE,39,311,3338955,12.5
FED_CMS_LTCH,FED_EPA_FRS_FULL,NAME@ZIP,CORROBORATED,PROVIDER_NAME+ZIP_CODE,PRIMARY_NAME+POSTAL_CODE,42,311,4325132,13.5
FED_CMS_LTCH,FED_EPA_ICIS_AIR_ICIS_AIR_FACILITIES,NAME@ZIP,CORROBORATED,PROVIDER_NAME+ZIP_CODE,FACILITY_NAME+ZIP_CODE,6,311,270351,1.9
FED_CMS_LTCH,FED_EPA_RCRA_FACILITIES,NAME@ZIP,CORROBORATED,PROVIDER_NAME+ZIP_CODE,FACILITY_NAME+ZIP_CODE,35,311,1429903,11.3
FED_CMS_LTCH,FED_EPA_RCRA_RCRA_FACILITIES,NAME@ZIP,CORROBORATED,PROVIDER_NAME+ZIP_CODE,FACILITY_NAME+ZIP_CODE,35,311,1429903,11.3
FED_CMS_LTCH,FED_IRS_BMF,NAME@ZIP,CORROBORATED,PROVIDER_NAME+ZIP_CODE,NAME+ZIP,11,311,1868041,3.5
FED_CMS_LTCH,FED_IRS_EO_BMF,NAME@ZIP,CORROBORATED,PROVIDER_NAME+ZIP_CODE,NAME+ZIP,11,311,1878425,3.5
FED_CMS_LTCH,FED_OSHA_ITA_300A_SUMMARY_2023,NAME@ZIP,CORROBORATED,PROVIDER_NAME+ZIP_CODE,ESTABLISHMENT_NAME+ZIP_CODE,78,311,373106,25.1
FED_CMS_LTCH,FED_OSHA_ITA_300A_SUMMARY_2024,NAME@ZIP,CORROBORATED,PROVIDER_NAME+ZIP_CODE,ESTABLISHMENT_NAME+ZIP_CODE,84,311,360069,27.0
FED_CMS_LTCH,FED_OSHA_ITA_300A_SUMMARY_2025,NAME@ZIP,CORROBORATED,PROVIDER_NAME+ZIP_CODE,ESTABLISHMENT_NAME+ZIP_CODE,39,311,375575,12.5
FED_CMS_LTCH,FED_OSHA_ITA_CASE_DETAIL_2023,NAME@ZIP,CORROBORATED,PROVIDER_NAME+ZIP_CODE,ESTABLISHMENT_NAME+ZIP_CODE,63,311,85607,20.3
FED_CMS_LTCH,FED_OSHA_ITA_CASE_DETAIL_2024,NAME@ZIP,CORROBORATED,PROVIDER_NAME+ZIP_CODE,ESTABLISHMENT_NAME+ZIP_CODE,54,311,59854,17.4
FED_CMS_LTCH,FED_OSHA_ITA_CASE_DETAIL_2025,NAME@ZIP,CORROBORATED,PROVIDER_NAME+ZIP_CODE,ESTABLISHMENT_NAME+ZIP_CODE,11,311,33457,3.5
FED_CMS_MEDICARE_DIABETES_PREVENTION_PROGRAM,FED_CMS_MEDICARE_DURABLE_MEDICAL_EQUIPMENT_DEVICES_SUPPLIES_BY_SUPPL,NAME@ZIP,CORROBORATED,LOCATION_NAME+ZIP_CODE,SUPLR_PRVDR_LAST_NAME_ORG+SUPLR_PRVDR_ZIP5,37,935,49703,4.0
FED_CMS_MEDICARE_DIABETES_PREVENTION_PROGRAM,FED_CMS_MEDICARE_DURABLE_MEDICAL_EQUIPMENT_DEVICES_SUPPLIES_BY_SUPPL,NPI,STEEL,NPI,SUPLR_NPI,7,307,55598,2.3
FED_CMS_MEDICARE_DIABETES_PREVENTION_PROGRAM,FED_CMS_MEDICARE_FEE_FOR_SERVICE_PUBLIC_PROVIDER_ENROLLMENT,NPI,STEEL,NPI,NPI,305,307,2541258,99.3
FED_CMS_MEDICARE_DIABETES_PREVENTION_PROGRAM,FED_CMS_MEDICARE_INPATIENT_HOSPITALS_BY_PROVIDER,NAME@ZIP,CORROBORATED,LOCATION_NAME+ZIP_CODE,RNDRNG_PRVDR_ORG_NAME+RNDRNG_PRVDR_ZIP5,25,935,3044,2.7
FED_CMS_MEDICARE_DIABETES_PREVENTION_PROGRAM,FED_CMS_MEDICARE_INPATIENT_HOSPITALS_BY_PROVIDER_AND_SERVICE,NAME@ZIP,CORROBORATED,LOCATION_NAME+ZIP_CODE,RNDRNG_PRVDR_ORG_NAME+RNDRNG_PRVDR_ZIP5,24,935,2906,2.6
FED_CMS_MEDICARE_DIABETES_PREVENTION_PROGRAM,FED_CMS_MEDICARE_OUTPATIENT_HOSPITALS_BY_PROVIDER_AND_SERVICE,NAME@ZIP,CORROBORATED,LOCATION_NAME+ZIP_CODE,RNDRNG_PRVDR_ORG_NAME+RNDRNG_PRVDR_ZIP5,23,935,3121,2.5
FED_CMS_MEDICARE_DIABETES_PREVENTION_PROGRAM,FED_CMS_MEDICARE_PHYSICIAN_OTHER_PRACTITIONERS_BY_PROVIDER,NAME@ZIP,CORROBORATED,LOCATION_NAME+ZIP_CODE,RNDRNG_PRVDR_LAST_ORG_NAME+RNDRNG_PRVDR_ZIP5,72,935,1204005,7.7
FED_CMS_MEDICARE_DIABETES_PREVENTION_PROGRAM,FED_CMS_MEDICARE_PHYSICIAN_OTHER_PRACTITIONERS_BY_PROVIDER,NPI,STEEL,NPI,RNDRNG_NPI,48,307,1296739,15.6
FED_CMS_MEDICARE_DIABETES_PREVENTION_PROGRAM,FED_CMS_MEDICARE_PHYSICIAN_OTHER_PRACTITIONERS_BY_PROVIDER_AND_SERVI,NAME@ZIP,CORROBORATED,LOCATION_NAME+ZIP_CODE,RNDRNG_PRVDR_LAST_ORG_NAME+RNDRNG_PRVDR_ZIP5,68,935,1125418,7.3
FED_CMS_MEDICARE_DIABETES_PREVENTION_PROGRAM,FED_CMS_MEDICARE_PHYSICIAN_OTHER_PRACTITIONERS_BY_PROVIDER_AND_SERVI,NPI,STEEL,NPI,RNDRNG_NPI,46,307,1207473,15.0
FED_CMS_MEDICARE_DIABETES_PREVENTION_PROGRAM,FED_CMS_MEDICARE_PROVIDER,NAME@ZIP,CORROBORATED,LOCATION_NAME+ZIP_CODE,RNDRNG_PRVDR_LAST_ORG_NAME+RNDRNG_PRVDR_ZIP5,72,935,1204005,7.7
FED_CMS_MEDICARE_DIABETES_PREVENTION_PROGRAM,FED_CMS_MEDICARE_PROVIDER,NPI,STEEL,NPI,NPI,48,307,1296739,15.6
FED_CMS_MEDICARE_DIABETES_PREVENTION_PROGRAM,FED_CMS_NPPES,NPI,STEEL,NPI,NPI,307,307,9606683,100.0
FED_CMS_MEDICARE_DIABETES_PREVENTION_PROGRAM,FED_CMS_PECOS_PROVIDER_ENROLLMENT,NPI,STEEL,NPI,NPI,305,307,2541258,99.3
FED_CMS_MEDICARE_DIABETES_PREVENTION_PROGRAM,FED_CMS_POS_OTHER,NAME@ZIP,CORROBORATED,LOCATION_NAME+ZIP_CODE,FAC_NAME+ZIP_CD,66,935,40109,7.1
FED_CMS_MEDICARE_DIABETES_PREVENTION_PROGRAM,FED_DEA_ARCOS_FULL,NAME@ZIP,CORROBORATED,LOCATION_NAME+ZIP_CODE,BUYER_NAME+BUYER_ZIP,17,935,127173,1.8
FED_CMS_MEDICARE_DIABETES_PREVENTION_PROGRAM,FED_EPA_FRS_FRS_FACILITIES,NAME@ZIP,CORROBORATED,LOCATION_NAME+ZIP_CODE,FAC_NAME+FAC_ZIP,40,935,2699357,4.3
FED_CMS_MEDICARE_DIABETES_PREVENTION_PROGRAM,FED_EPA_FRS_FRS_PROGRAM_LINKS,NAME@ZIP,CORROBORATED,LOCATION_NAME+ZIP_CODE,PRIMARY_NAME+POSTAL_CODE,50,935,3338955,5.3
FED_CMS_MEDICARE_DIABETES_PREVENTION_PROGRAM,FED_EPA_FRS_FULL,NAME@ZIP,CORROBORATED,LOCATION_NAME+ZIP_CODE,PRIMARY_NAME+POSTAL_CODE,50,935,4325132,5.3
FED_CMS_MEDICARE_DIABETES_PREVENTION_PROGRAM,FED_EPA_ICIS_AIR_ICIS_AIR_FACILITIES,NAME@ZIP,CORROBORATED,LOCATION_NAME+ZIP_CODE,FACILITY_NAME+ZIP_CODE,8,935,270351,0.9
FED_CMS_MEDICARE_DIABETES_PREVENTION_PROGRAM,FED_EPA_ICIS_FEC_CASE_ENFORCEMENT_CONCLUSION_FACILITIES,NAME@ZIP,CORROBORATED,LOCATION_NAME+ZIP_CODE,FACILITY_NAME+FACILITY_ZIP,6,935,108488,0.6
FED_CMS_MEDICARE_DIABETES_PREVENTION_PROGRAM,FED_EPA_ICIS_FEC_CASE_FACILITIES,NAME@ZIP,CORROBORATED,LOCATION_NAME+ZIP_CODE,FACILITY_NAME+ZIP,6,935,117594,0.6
FED_CMS_MEDICARE_DIABETES_PREVENTION_PROGRAM,FED_EPA_RCRA_FACILITIES,NAME@ZIP,CORROBORATED,LOCATION_NAME+ZIP_CODE,FACILITY_NAME+ZIP_CODE,41,935,1429903,4.4
FED_CMS_MEDICARE_DIABETES_PREVENTION_PROGRAM,FED_EPA_RCRA_RCRA_FACILITIES,NAME@ZIP,CORROBORATED,LOCATION_NAME+ZIP_CODE,FACILITY_NAME+ZIP_CODE,41,935,1429903,4.4
FED_CMS_MEDICARE_DIABETES_PREVENTION_PROGRAM,FED_EPA_SDWA_SDWA_PUB_WATER_SYSTEMS,NAME@ZIP,CORROBORATED,LOCATION_NAME+ZIP_CODE,PWS_NAME+ZIP_CODE,5,935,395686,0.5
FED_CMS_MEDICARE_DIABETES_PREVENTION_PROGRAM,FED_FAC_SINGLE_AUDIT,NAME@ZIP,CORROBORATED,LOCATION_NAME+ZIP_CODE,AUDITEE_NAME+AUDITEE_ZIP,71,935,103191,7.6
FED_CMS_MEDICARE_DIABETES_PREVENTION_PROGRAM,FED_HRSA_HPSA_PRIMARY_CARE,NAME@ZIP,CORROBORATED,LOCATION_NAME+ZIP_CODE,HPSA_COMPONENT_NAME+COMMON_POSTAL_CODE,27,935,6952,2.9
FED_CMS_MEDICARE_DIABETES_PREVENTION_PROGRAM,FED_HRSA_SHORTAGE_AREAS,NAME@ZIP,CORROBORATED,LOCATION_NAME+ZIP_CODE,HPSA_COMPONENT_NAME+COMMON_POSTAL_CODE,27,935,7829,2.9
FED_CMS_MEDICARE_DIABETES_PREVENTION_PROGRAM,FED_HRSA_UDS_SERVICE_DELIVERY_SITES,NAME@ZIP,CORROBORATED,LOCATION_NAME+ZIP_CODE,SITE_NAME+SITE_POSTAL_CODE,11,935,18468,1.2
FED_CMS_MEDICARE_DIABETES_PREVENTION_PROGRAM,FED_HRSA_UDS_SERVICE_DELIVERY_SITES,NPI,STEEL,NPI,FQHC_SITE_NPI_NUMBER,19,307,6047,6.2
FED_CMS_MEDICARE_DIABETES_PREVENTION_PROGRAM,FED_IRS_BMF,NAME@ZIP,CORROBORATED,LOCATION_NAME+ZIP_CODE,NAME+ZIP,91,935,1868041,9.7
FED_CMS_MEDICARE_DIABETES_PREVENTION_PROGRAM,FED_IRS_EO_BMF,NAME@ZIP,CORROBORATED,LOCATION_NAME+ZIP_CODE,NAME+ZIP,90,935,1878425,9.6
FED_CMS_MEDICARE_DIABETES_PREVENTION_PROGRAM,FED_OSHA_ITA_300A_SUMMARY_2023,NAME@ZIP,CORROBORATED,LOCATION_NAME+ZIP_CODE,ESTABLISHMENT_NAME+ZIP_CODE,27,935,373106,2.9
FED_CMS_MEDICARE_DIABETES_PREVENTION_PROGRAM,FED_OSHA_ITA_300A_SUMMARY_2024,NAME@ZIP,CORROBORATED,LOCATION_NAME+ZIP_CODE,ESTABLISHMENT_NAME+ZIP_CODE,26,935,360069,2.8
FED_CMS_MEDICARE_DIABETES_PREVENTION_PROGRAM,FED_OSHA_ITA_300A_SUMMARY_2025,NAME@ZIP,CORROBORATED,LOCATION_NAME+ZIP_CODE,ESTABLISHMENT_NAME+ZIP_CODE,28,935,375575,3.0
FED_CMS_MEDICARE_DIABETES_PREVENTION_PROGRAM,FED_OSHA_ITA_CASE_DETAIL_2023,NAME@ZIP,CORROBORATED,LOCATION_NAME+ZIP_CODE,ESTABLISHMENT_NAME+ZIP_CODE,14,935,85607,1.5
FED_CMS_MEDICARE_DIABETES_PREVENTION_PROGRAM,FED_OSHA_ITA_CASE_DETAIL_2024,NAME@ZIP,CORROBORATED,LOCATION_NAME+ZIP_CODE,ESTABLISHMENT_NAME+ZIP_CODE,14,935,59854,1.5
FED_CMS_MEDICARE_DIABETES_PREVENTION_PROGRAM,FED_OSHA_ITA_CASE_DETAIL_2025,NAME@ZIP,CORROBORATED,LOCATION_NAME+ZIP_CODE,ESTABLISHMENT_NAME+ZIP_CODE,10,935,33457,1.1
FED_CMS_MEDICARE_DIABETES_PREVENTION_PROGRAM,FED_USASPENDING_CONTRACTS,NAME@ZIP,CORROBORATED,LOCATION_NAME+ZIP_CODE,RECIPIENT_NAME+RECIPIENT_ZIP_4_CODE,18,935,91616,1.9
FED_CMS_MEDICARE_DIALYSIS_FACILITIES,FED_CMS_MEDICARE_DURABLE_MEDICAL_EQUIPMENT_DEVICES_SUPPLIES_BY_REFER,NPI,STEEL,NPI,RFRG_NPI,26,8140,381228,0.3
FED_CMS_MEDICARE_DIALYSIS_FACILITIES,FED_CMS_MEDICARE_FEE_FOR_SERVICE_PUBLIC_PROVIDER_ENROLLMENT,NPI,STEEL,NPI,NPI,6615,8140,2541258,81.3
FED_CMS_MEDICARE_DIALYSIS_FACILITIES,FED_CMS_MEDICARE_INPATIENT_HOSPITALS_BY_PROVIDER,CCN~NPI,BRIDGE,,,36,8241,3044,1.2
FED_CMS_MEDICARE_DIALYSIS_FACILITIES,FED_CMS_MEDICARE_INPATIENT_HOSPITALS_BY_PROVIDER_AND_SERVICE,CCN~NPI,BRIDGE,,,36,8241,2906,1.2
FED_CMS_MEDICARE_DIALYSIS_FACILITIES,FED_CMS_MEDICARE_OUTPATIENT_HOSPITALS_BY_PROVIDER_AND_SERVICE,CCN~NPI,BRIDGE,,,48,8241,3126,1.5
FED_CMS_MEDICARE_DIALYSIS_FACILITIES,FED_CMS_MEDICARE_PHYSICIAN_OTHER_PRACTITIONERS_BY_PROVIDER,NPI,STEEL,NPI,RNDRNG_NPI,39,8140,1296739,0.5
FED_CMS_MEDICARE_DIALYSIS_FACILITIES,FED_CMS_MEDICARE_PHYSICIAN_OTHER_PRACTITIONERS_BY_PROVIDER_AND_SERVI,NPI,STEEL,NPI,RNDRNG_NPI,39,8140,1207473,0.5
FED_CMS_MEDICARE_DIALYSIS_FACILITIES,FED_CMS_MEDICARE_PROVIDER,NPI,STEEL,NPI,NPI,39,8140,1296739,0.5
FED_CMS_MEDICARE_DIALYSIS_FACILITIES,FED_CMS_NPPES,NPI,STEEL,NPI,NPI,8133,8140,9606683,99.9
FED_CMS_MEDICARE_DIALYSIS_FACILITIES,FED_CMS_NURSING_HOME,CCN~NPI,BRIDGE,,,4,8241,14448,0.0
FED_CMS_MEDICARE_DIALYSIS_FACILITIES,FED_CMS_NURSING_HOME_DEFICIENCIES,CCN~NPI,BRIDGE,,,4,8241,14383,0.0
FED_CMS_MEDICARE_DIALYSIS_FACILITIES,FED_CMS_NURSING_HOME_FIRE_DEFICIENCIES,CCN~NPI,BRIDGE,,,4,8241,13686,0.0
FED_CMS_MEDICARE_DIALYSIS_FACILITIES,FED_CMS_OPEN_PAYMENTS,NPI,STEEL,NPI,NPI,33,8140,979136,0.4
FED_CMS_MEDICARE_DIALYSIS_FACILITIES,FED_CMS_OPEN_PAYMENTS_2022,NPI,STEEL,NPI,NPI,35,8140,863007,0.4
FED_CMS_MEDICARE_DIALYSIS_FACILITIES,FED_CMS_OPEN_PAYMENTS_2023,NPI,STEEL,NPI,NPI,28,8140,933619,0.3
FED_CMS_MEDICARE_DIALYSIS_FACILITIES,FED_CMS_OPEN_PAYMENTS_PROFILE_SUPPLEMENT,NPI,STEEL,NPI,COVERED_RECIPIENT_NPI,44,8140,1681790,0.5
FED_CMS_MEDICARE_DIALYSIS_FACILITIES,FED_CMS_OPIOID_TREATMENT_PROGRAM_PROVIDERS,NPI,STEEL,NPI,NPI,4,8140,1287,0.3
FED_CMS_MEDICARE_DIALYSIS_FACILITIES,FED_CMS_ORDER_AND_REFERRING,NPI,STEEL,NPI,NPI,40,8140,2018350,0.5
FED_CMS_MEDICARE_DIALYSIS_FACILITIES,FED_CMS_PARTD_PRESCRIBER_DRUG,NPI,STEEL,NPI,Prscrbr_NPI,41,8140,1057566,0.5
FED_CMS_MEDICARE_DIALYSIS_FACILITIES,FED_CMS_PART_D_PRESCRIBERS,NPI,STEEL,NPI,NPI,37,8140,1416883,0.5
FED_CMS_MEDICARE_DIALYSIS_FACILITIES,FED_CMS_PECOS_PROVIDER_ENROLLMENT,NPI,STEEL,NPI,NPI,6615,8140,2541258,81.3
FED_CMS_MEDICARE_DIALYSIS_FACILITIES,FED_CMS_POS_OTHER,CCN~NPI,BRIDGE,,,68,8241,41262,0.8
FED_CMS_MEDICARE_DIALYSIS_FACILITIES,FED_CMS_QUALITY_PAYMENT_PROGRAM_EXPERIENCE,NPI,STEEL,NPI,NPI,16,8140,453202,0.2
FED_CMS_MEDICARE_DIALYSIS_FACILITIES,FED_NURSINGHOME411,CCN~NPI,BRIDGE,,,4,8241,14456,0.0
FED_CMS_MEDICARE_DURABLE_MEDICAL_EQUIPMENT_DEVICES_SUPPLIES_BY_REFER,FED_CMS_MEDICARE_DURABLE_MEDICAL_EQUIPMENT_DEVICES_SUPPLIES_BY_SUPPL,NAME@ZIP,CORROBORATED,RFRG_PRVDR_LAST_NAME_ORG+RFRG_PRVDR_ZIP5,SUPLR_PRVDR_LAST_NAME_ORG+SUPLR_PRVDR_ZIP5,220,369152,49703,0.4
FED_CMS_MEDICARE_DURABLE_MEDICAL_EQUIPMENT_DEVICES_SUPPLIES_BY_REFER,FED_CMS_MEDICARE_DURABLE_MEDICAL_EQUIPMENT_DEVICES_SUPPLIES_BY_SUPPL,NPI,STEEL,RFRG_NPI,SUPLR_NPI,209,381228,55598,0.4
FED_CMS_MEDICARE_DURABLE_MEDICAL_EQUIPMENT_DEVICES_SUPPLIES_BY_REFER,FED_CMS_MEDICARE_FEE_FOR_SERVICE_PUBLIC_PROVIDER_ENROLLMENT,NPI,STEEL,RFRG_NPI,NPI,371231,381228,2541258,97.4
FED_CMS_MEDICARE_DURABLE_MEDICAL_EQUIPMENT_DEVICES_SUPPLIES_BY_REFER,FED_CMS_MEDICARE_INPATIENT_HOSPITALS_BY_PROVIDER,CCN~NPI,BRIDGE,,,600,381228,3044,19.7
FED_CMS_MEDICARE_DURABLE_MEDICAL_EQUIPMENT_DEVICES_SUPPLIES_BY_REFER,FED_CMS_MEDICARE_INPATIENT_HOSPITALS_BY_PROVIDER_AND_SERVICE,CCN~NPI,BRIDGE,,,353,381228,2906,12.1
FED_CMS_MEDICARE_DURABLE_MEDICAL_EQUIPMENT_DEVICES_SUPPLIES_BY_REFER,FED_CMS_MEDICARE_OUTPATIENT_HOSPITALS_BY_PROVIDER_AND_SERVICE,CCN~NPI,BRIDGE,,,1035,381228,3126,33.1
FED_CMS_MEDICARE_DURABLE_MEDICAL_EQUIPMENT_DEVICES_SUPPLIES_BY_REFER,FED_CMS_MEDICARE_PHYSICIAN_OTHER_PRACTITIONERS_BY_PROVIDER,NAME@ZIP,CORROBORATED,RFRG_PRVDR_LAST_NAME_ORG+RFRG_PRVDR_ZIP5,RNDRNG_PRVDR_LAST_ORG_NAME+RNDRNG_PRVDR_ZIP5,328419,369152,1204005,89.0
FED_CMS_MEDICARE_DURABLE_MEDICAL_EQUIPMENT_DEVICES_SUPPLIES_BY_REFER,FED_CMS_MEDICARE_PHYSICIAN_OTHER_PRACTITIONERS_BY_PROVIDER,NPI,STEEL,RFRG_NPI,RNDRNG_NPI,336306,381228,1296739,88.2
FED_CMS_MEDICARE_DURABLE_MEDICAL_EQUIPMENT_DEVICES_SUPPLIES_BY_REFER,FED_CMS_MEDICARE_PHYSICIAN_OTHER_PRACTITIONERS_BY_PROVIDER_AND_SERVI,NAME@ZIP,CORROBORATED,RFRG_PRVDR_LAST_NAME_ORG+RFRG_PRVDR_ZIP5,RNDRNG_PRVDR_LAST_ORG_NAME+RNDRNG_PRVDR_ZIP5,321940,369152,1125418,87.2
FED_CMS_MEDICARE_DURABLE_MEDICAL_EQUIPMENT_DEVICES_SUPPLIES_BY_REFER,FED_CMS_MEDICARE_PHYSICIAN_OTHER_PRACTITIONERS_BY_PROVIDER_AND_SERVI,NPI,STEEL,RFRG_NPI,RNDRNG_NPI,329401,381228,1207473,86.4
FED_CMS_MEDICARE_DURABLE_MEDICAL_EQUIPMENT_DEVICES_SUPPLIES_BY_REFER,FED_CMS_MEDICARE_PROVIDER,NAME@ZIP,CORROBORATED,RFRG_PRVDR_LAST_NAME_ORG+RFRG_PRVDR_ZIP5,RNDRNG_PRVDR_LAST_ORG_NAME+RNDRNG_PRVDR_ZIP5,328419,369152,1204005,89.0
FED_CMS_MEDICARE_DURABLE_MEDICAL_EQUIPMENT_DEVICES_SUPPLIES_BY_REFER,FED_CMS_MEDICARE_PROVIDER,NPI,STEEL,RFRG_NPI,NPI,336306,381228,1296739,88.2
FED_CMS_MEDICARE_DURABLE_MEDICAL_EQUIPMENT_DEVICES_SUPPLIES_BY_REFER,FED_CMS_NPPES,NPI,STEEL,RFRG_NPI,NPI,381227,381228,9606683,100.0
FED_CMS_MEDICARE_DURABLE_MEDICAL_EQUIPMENT_DEVICES_SUPPLIES_BY_REFER,FED_CMS_NURSING_HOME,CCN~NPI,BRIDGE,,,32660,381228,14448,226.1
FED_CMS_MEDICARE_DURABLE_MEDICAL_EQUIPMENT_DEVICES_SUPPLIES_BY_REFER,FED_CMS_NURSING_HOME_DEFICIENCIES,CCN~NPI,BRIDGE,,,32482,381228,14383,225.8
FED_CMS_MEDICARE_DURABLE_MEDICAL_EQUIPMENT_DEVICES_SUPPLIES_BY_REFER,FED_CMS_NURSING_HOME_FIRE_DEFICIENCIES,CCN~NPI,BRIDGE,,,30980,381228,13686,226.4
FED_CMS_MEDICARE_DURABLE_MEDICAL_EQUIPMENT_DEVICES_SUPPLIES_BY_REFER,FED_CMS_NURSING_HOME_PENALTIES,CCN~NPI,BRIDGE,,,14348,381228,6771,211.9
FED_CMS_MEDICARE_DURABLE_MEDICAL_EQUIPMENT_DEVICES_SUPPLIES_BY_REFER,FED_CMS_OPEN_PAYMENTS,NPI,STEEL,RFRG_NPI,NPI,234609,381228,979136,61.5
FED_CMS_MEDICARE_DURABLE_MEDICAL_EQUIPMENT_DEVICES_SUPPLIES_BY_REFER,FED_CMS_OPEN_PAYMENTS_2022,NPI,STEEL,RFRG_NPI,NPI,220867,381228,863007,57.9
FED_CMS_MEDICARE_DURABLE_MEDICAL_EQUIPMENT_DEVICES_SUPPLIES_BY_REFER,FED_CMS_OPEN_PAYMENTS_2023,NPI,STEEL,RFRG_NPI,NPI,234241,381228,933619,61.4
FED_CMS_MEDICARE_DURABLE_MEDICAL_EQUIPMENT_DEVICES_SUPPLIES_BY_REFER,FED_CMS_OPEN_PAYMENTS_PROFILE_SUPPLEMENT,NPI,STEEL,RFRG_NPI,COVERED_RECIPIENT_NPI,324470,381228,1681790,85.1
FED_CMS_MEDICARE_DURABLE_MEDICAL_EQUIPMENT_DEVICES_SUPPLIES_BY_REFER,FED_CMS_OPT_OUT_AFFIDAVITS,NAME@ZIP,CORROBORATED,RFRG_PRVDR_LAST_NAME_ORG+RFRG_PRVDR_ZIP5,LAST_NAME+ZIP_CODE,2430,369152,56028,4.3
FED_CMS_MEDICARE_DURABLE_MEDICAL_EQUIPMENT_DEVICES_SUPPLIES_BY_REFER,FED_CMS_OPT_OUT_AFFIDAVITS,NPI,STEEL,RFRG_NPI,NPI,2365,381228,56455,4.2
FED_CMS_MEDICARE_DURABLE_MEDICAL_EQUIPMENT_DEVICES_SUPPLIES_BY_REFER,FED_CMS_ORDER_AND_REFERRING,NPI,STEEL,RFRG_NPI,NPI,375848,381228,2018350,98.6
FED_CMS_MEDICARE_DURABLE_MEDICAL_EQUIPMENT_DEVICES_SUPPLIES_BY_REFER,FED_CMS_PARTD_PRESCRIBER_DRUG,NPI,STEEL,RFRG_NPI,Prscrbr_NPI,334293,381228,1057566,87.7
FED_CMS_MEDICARE_DURABLE_MEDICAL_EQUIPMENT_DEVICES_SUPPLIES_BY_REFER,FED_CMS_PART_D_PRESCRIBERS,NAME@ZIP,CORROBORATED,RFRG_PRVDR_LAST_NAME_ORG+RFRG_PRVDR_ZIP5,PRSCRBR_LAST_ORG_NAME+PRSCRBR_ZIP5,359809,369152,1310291,97.5
FED_CMS_MEDICARE_DURABLE_MEDICAL_EQUIPMENT_DEVICES_SUPPLIES_BY_REFER,FED_CMS_PART_D_PRESCRIBERS,NPI,STEEL,RFRG_NPI,NPI,370529,381228,1416883,97.2
FED_CMS_MEDICARE_DURABLE_MEDICAL_EQUIPMENT_DEVICES_SUPPLIES_BY_REFER,FED_CMS_PECOS_PROVIDER_ENROLLMENT,NPI,STEEL,RFRG_NPI,NPI,371231,381228,2541258,97.4
FED_CMS_MEDICARE_DURABLE_MEDICAL_EQUIPMENT_DEVICES_SUPPLIES_BY_REFER,FED_CMS_PENDING_INITIAL_LOGGING_AND_TRACKING_NON_PHYSICIANS,NPI,STEEL,RFRG_NPI,NPI,22,381228,6880,0.3
FED_CMS_MEDICARE_DURABLE_MEDICAL_EQUIPMENT_DEVICES_SUPPLIES_BY_REFER,FED_CMS_PENDING_INITIAL_LOGGING_AND_TRACKING_PHYSICIANS,NPI,STEEL,RFRG_NPI,NPI,72,381228,7239,1.0
FED_CMS_MEDICARE_DURABLE_MEDICAL_EQUIPMENT_DEVICES_SUPPLIES_BY_REFER,FED_CMS_POS_OTHER,CCN~NPI,BRIDGE,,,9454,381228,41262,22.9
FED_CMS_MEDICARE_DURABLE_MEDICAL_EQUIPMENT_DEVICES_SUPPLIES_BY_REFER,FED_CMS_QUALITY_PAYMENT_PROGRAM_EXPERIENCE,NPI,STEEL,RFRG_NPI,NPI,126674,381228,453202,33.2
FED_CMS_MEDICARE_DURABLE_MEDICAL_EQUIPMENT_DEVICES_SUPPLIES_BY_REFER,FED_CMS_RURAL_HEALTH_CLINIC_ENROLLMENTS,NPI,STEEL,RFRG_NPI,NPI,22,381228,5320,0.4
FED_CMS_MEDICARE_DURABLE_MEDICAL_EQUIPMENT_DEVICES_SUPPLIES_BY_REFER,FED_CMS_SKILLED_NURSING_FACILITY_ENROLLMENTS,CCN~NPI,BRIDGE,,,32226,381228,14421,223.5
FED_CMS_MEDICARE_DURABLE_MEDICAL_EQUIPMENT_DEVICES_SUPPLIES_BY_REFER,FED_DOL_OLMS,NAME@ZIP,CORROBORATED,RFRG_PRVDR_LAST_NAME_ORG+RFRG_PRVDR_ZIP5,MAIL_LASTNAME+ZIP,1427,369152,129112,1.1
FED_CMS_MEDICARE_DURABLE_MEDICAL_EQUIPMENT_DEVICES_SUPPLIES_BY_REFER,FED_EPA_FRS_FRS_FACILITIES,NAME@ZIP,CORROBORATED,RFRG_PRVDR_LAST_NAME_ORG+RFRG_PRVDR_ZIP5,FAC_NAME+FAC_ZIP,74,369152,2699357,0.0
FED_CMS_MEDICARE_DURABLE_MEDICAL_EQUIPMENT_DEVICES_SUPPLIES_BY_REFER,FED_EPA_FRS_FRS_PROGRAM_LINKS,NAME@ZIP,CORROBORATED,RFRG_PRVDR_LAST_NAME_ORG+RFRG_PRVDR_ZIP5,PRIMARY_NAME+POSTAL_CODE,79,369152,3338955,0.0
FED_CMS_MEDICARE_DURABLE_MEDICAL_EQUIPMENT_DEVICES_SUPPLIES_BY_REFER,FED_EPA_FRS_FULL,NAME@ZIP,CORROBORATED,RFRG_PRVDR_LAST_NAME_ORG+RFRG_PRVDR_ZIP5,PRIMARY_NAME+POSTAL_CODE,117,369152,4325132,0.0
FED_CMS_MEDICARE_DURABLE_MEDICAL_EQUIPMENT_DEVICES_SUPPLIES_BY_REFER,FED_EPA_ICIS_AIR_ICIS_AIR_FACILITIES,NAME@ZIP,CORROBORATED,RFRG_PRVDR_LAST_NAME_ORG+RFRG_PRVDR_ZIP5,FACILITY_NAME+ZIP_CODE,5,369152,270351,0.0
FED_CMS_MEDICARE_DURABLE_MEDICAL_EQUIPMENT_DEVICES_SUPPLIES_BY_REFER,FED_EPA_NPDES_ICIS_FACILITIES,NAME@ZIP,CORROBORATED,RFRG_PRVDR_LAST_NAME_ORG+RFRG_PRVDR_ZIP5,FACILITY_NAME+ZIP,30,369152,1077821,0.0
FED_CMS_MEDICARE_DURABLE_MEDICAL_EQUIPMENT_DEVICES_SUPPLIES_BY_REFER,FED_EPA_RCRA_FACILITIES,NAME@ZIP,CORROBORATED,RFRG_PRVDR_LAST_NAME_ORG+RFRG_PRVDR_ZIP5,FACILITY_NAME+ZIP_CODE,34,369152,1429903,0.0
FED_CMS_MEDICARE_DURABLE_MEDICAL_EQUIPMENT_DEVICES_SUPPLIES_BY_REFER,FED_EPA_RCRA_RCRA_FACILITIES,NAME@ZIP,CORROBORATED,RFRG_PRVDR_LAST_NAME_ORG+RFRG_PRVDR_ZIP5,FACILITY_NAME+ZIP_CODE,34,369152,1429903,0.0
FED_CMS_MEDICARE_DURABLE_MEDICAL_EQUIPMENT_DEVICES_SUPPLIES_BY_REFER,FED_EPA_SDWA_SDWA_PUB_WATER_SYSTEMS,NAME@ZIP,CORROBORATED,RFRG_PRVDR_LAST_NAME_ORG+RFRG_PRVDR_ZIP5,PWS_NAME+ZIP_CODE,5,369152,395686,0.0
FED_CMS_MEDICARE_DURABLE_MEDICAL_EQUIPMENT_DEVICES_SUPPLIES_BY_REFER,FED_EPA_TRI_FACILITY,NAME@ZIP,CORROBORATED,RFRG_PRVDR_LAST_NAME_ORG+RFRG_PRVDR_ZIP5,FACILITY_NAME+ZIP_CODE,5,369152,63963,0.0
FED_CMS_MEDICARE_DURABLE_MEDICAL_EQUIPMENT_DEVICES_SUPPLIES_BY_REFER,FED_FAA_AIRCRAFT_REGISTRY,NAME@ZIP,CORROBORATED,RFRG_PRVDR_LAST_NAME_ORG+RFRG_PRVDR_ZIP5,NAME+ZIP_CODE,5,369152,205605,0.0
FED_CMS_MEDICARE_DURABLE_MEDICAL_EQUIPMENT_DEVICES_SUPPLIES_BY_REFER,FED_FEC_INDIV_CONTRIBUTIONS,NAME@ZIP,CORROBORATED,RFRG_PRVDR_LAST_NAME_ORG+RFRG_PRVDR_ZIP5,NAME+ZIP_CODE,18,369152,5251703,0.0
FED_CMS_MEDICARE_DURABLE_MEDICAL_EQUIPMENT_DEVICES_SUPPLIES_BY_REFER,FED_HHS_OIG_LEIE,NAME@ZIP,CORROBORATED,RFRG_PRVDR_LAST_NAME_ORG+RFRG_PRVDR_ZIP5,LASTNAME+ZIP,1161,369152,78462,1.5
FED_CMS_MEDICARE_DURABLE_MEDICAL_EQUIPMENT_DEVICES_SUPPLIES_BY_REFER,FED_HHS_OIG_LEIE,NPI,STEEL,RFRG_NPI,NPI,91,381228,8660,1.1
FED_CMS_MEDICARE_DURABLE_MEDICAL_EQUIPMENT_DEVICES_SUPPLIES_BY_REFER,FED_NURSINGHOME411,CCN~NPI,BRIDGE,,,32665,381228,14456,226.0
FED_CMS_MEDICARE_DURABLE_MEDICAL_EQUIPMENT_DEVICES_SUPPLIES_BY_REFER,FED_OSHA_ITA_300A_SUMMARY_2023,NAME@ZIP,CORROBORATED,RFRG_PRVDR_LAST_NAME_ORG+RFRG_PRVDR_ZIP5,ESTABLISHMENT_NAME+ZIP_CODE,17,369152,373106,0.0
FED_CMS_MEDICARE_DURABLE_MEDICAL_EQUIPMENT_DEVICES_SUPPLIES_BY_REFER,FED_OSHA_ITA_300A_SUMMARY_2024,NAME@ZIP,CORROBORATED,RFRG_PRVDR_LAST_NAME_ORG+RFRG_PRVDR_ZIP5,ESTABLISHMENT_NAME+ZIP_CODE,19,369152,360069,0.0
FED_CMS_MEDICARE_DURABLE_MEDICAL_EQUIPMENT_DEVICES_SUPPLIES_BY_REFER,FED_OSHA_ITA_300A_SUMMARY_2025,NAME@ZIP,CORROBORATED,RFRG_PRVDR_LAST_NAME_ORG+RFRG_PRVDR_ZIP5,ESTABLISHMENT_NAME+ZIP_CODE,24,369152,375575,0.0
FED_CMS_MEDICARE_DURABLE_MEDICAL_EQUIPMENT_DEVICES_SUPPLIES_BY_REFER,FED_SAM_EXCLUSIONS_FULL_R2,NPI,STEEL,RFRG_NPI,NPI,13,381228,4866,0.3
FED_CMS_MEDICARE_DURABLE_MEDICAL_EQUIPMENT_DEVICES_SUPPLIES_BY_REFER,FED_SBIR_STTR_AWARDS,NAME@ZIP,CORROBORATED,RFRG_PRVDR_LAST_NAME_ORG+RFRG_PRVDR_ZIP5,PI_NAME+ZIP,5,369152,77742,0.0
FED_CMS_MEDICARE_DURABLE_MEDICAL_EQUIPMENT_DEVICES_SUPPLIES_BY_REFER,ST_NYC_CFB_CAMPAIGN_2021_CONTRIBUTIONS,NAME@ZIP,CORROBORATED,RFRG_PRVDR_LAST_NAME_ORG+RFRG_PRVDR_ZIP5,NAME+ZIP,6,369152,236829,0.0
FED_CMS_MEDICARE_DURABLE_MEDICAL_EQUIPMENT_DEVICES_SUPPLIES_BY_SUPPL,FED_CMS_MEDICARE_FEE_FOR_SERVICE_PUBLIC_PROVIDER_ENROLLMENT,NPI,STEEL,SUPLR_NPI,NPI,50681,55598,2541258,91.2
FED_CMS_MEDICARE_DURABLE_MEDICAL_EQUIPMENT_DEVICES_SUPPLIES_BY_SUPPL,FED_CMS_MEDICARE_INPATIENT_HOSPITALS_BY_PROVIDER,NAME@ZIP,CORROBORATED,SUPLR_PRVDR_LAST_NAME_ORG+SUPLR_PRVDR_ZIP5,RNDRNG_PRVDR_ORG_NAME+RNDRNG_PRVDR_ZIP5,119,49703,3044,3.9
FED_CMS_MEDICARE_DURABLE_MEDICAL_EQUIPMENT_DEVICES_SUPPLIES_BY_SUPPL,FED_CMS_MEDICARE_INPATIENT_HOSPITALS_BY_PROVIDER_AND_SERVICE,NAME@ZIP,CORROBORATED,SUPLR_PRVDR_LAST_NAME_ORG+SUPLR_PRVDR_ZIP5,RNDRNG_PRVDR_ORG_NAME+RNDRNG_PRVDR_ZIP5,118,49703,2906,4.1
FED_CMS_MEDICARE_DURABLE_MEDICAL_EQUIPMENT_DEVICES_SUPPLIES_BY_SUPPL,FED_CMS_MEDICARE_OUTPATIENT_HOSPITALS_BY_PROVIDER_AND_SERVICE,NAME@ZIP,CORROBORATED,SUPLR_PRVDR_LAST_NAME_ORG+SUPLR_PRVDR_ZIP5,RNDRNG_PRVDR_ORG_NAME+RNDRNG_PRVDR_ZIP5,115,49703,3121,3.7
FED_CMS_MEDICARE_DURABLE_MEDICAL_EQUIPMENT_DEVICES_SUPPLIES_BY_SUPPL,FED_CMS_MEDICARE_PHYSICIAN_OTHER_PRACTITIONERS_BY_PROVIDER,NAME@ZIP,CORROBORATED,SUPLR_PRVDR_LAST_NAME_ORG+SUPLR_PRVDR_ZIP5,RNDRNG_PRVDR_LAST_ORG_NAME+RNDRNG_PRVDR_ZIP5,27638,49703,1204005,55.6
FED_CMS_MEDICARE_DURABLE_MEDICAL_EQUIPMENT_DEVICES_SUPPLIES_BY_SUPPL,FED_CMS_MEDICARE_PHYSICIAN_OTHER_PRACTITIONERS_BY_PROVIDER,NPI,STEEL,SUPLR_NPI,RNDRNG_NPI,32158,55598,1296739,57.8
FED_CMS_MEDICARE_DURABLE_MEDICAL_EQUIPMENT_DEVICES_SUPPLIES_BY_SUPPL,FED_CMS_MEDICARE_PHYSICIAN_OTHER_PRACTITIONERS_BY_PROVIDER_AND_SERVI,NAME@ZIP,CORROBORATED,SUPLR_PRVDR_LAST_NAME_ORG+SUPLR_PRVDR_ZIP5,RNDRNG_PRVDR_LAST_ORG_NAME+RNDRNG_PRVDR_ZIP5,27384,49703,1125418,55.1
FED_CMS_MEDICARE_DURABLE_MEDICAL_EQUIPMENT_DEVICES_SUPPLIES_BY_SUPPL,FED_CMS_MEDICARE_PHYSICIAN_OTHER_PRACTITIONERS_BY_PROVIDER_AND_SERVI,NPI,STEEL,SUPLR_NPI,RNDRNG_NPI,31852,55598,1207473,57.3
FED_CMS_MEDICARE_DURABLE_MEDICAL_EQUIPMENT_DEVICES_SUPPLIES_BY_SUPPL,FED_CMS_MEDICARE_PROVIDER,NAME@ZIP,CORROBORATED,SUPLR_PRVDR_LAST_NAME_ORG+SUPLR_PRVDR_ZIP5,RNDRNG_PRVDR_LAST_ORG_NAME+RNDRNG_PRVDR_ZIP5,27638,49703,1204005,55.6
FED_CMS_MEDICARE_DURABLE_MEDICAL_EQUIPMENT_DEVICES_SUPPLIES_BY_SUPPL,FED_CMS_MEDICARE_PROVIDER,NPI,STEEL,SUPLR_NPI,NPI,32158,55598,1296739,57.8
FED_CMS_MEDICARE_DURABLE_MEDICAL_EQUIPMENT_DEVICES_SUPPLIES_BY_SUPPL,FED_CMS_NPPES,NPI,STEEL,SUPLR_NPI,NPI,55598,55598,9606683,100.0
FED_CMS_MEDICARE_DURABLE_MEDICAL_EQUIPMENT_DEVICES_SUPPLIES_BY_SUPPL,FED_CMS_NURSING_HOME,NAME@ZIP,CORROBORATED,SUPLR_PRVDR_LAST_NAME_ORG+SUPLR_PRVDR_ZIP5,PROVIDER_NAME+ZIP_CODE,5,49703,14700,0.0
FED_CMS_MEDICARE_DURABLE_MEDICAL_EQUIPMENT_DEVICES_SUPPLIES_BY_SUPPL,FED_CMS_NURSING_HOME_DEFICIENCIES,NAME@ZIP,CORROBORATED,SUPLR_PRVDR_LAST_NAME_ORG+SUPLR_PRVDR_ZIP5,PROVIDER_NAME+ZIP_CODE,5,49703,14632,0.0
FED_CMS_MEDICARE_DURABLE_MEDICAL_EQUIPMENT_DEVICES_SUPPLIES_BY_SUPPL,FED_CMS_NURSING_HOME_FIRE_DEFICIENCIES,CCN~NPI,BRIDGE,,,3,55598,13686,0.0
FED_CMS_MEDICARE_DURABLE_MEDICAL_EQUIPMENT_DEVICES_SUPPLIES_BY_SUPPL,FED_CMS_OPEN_PAYMENTS,NPI,STEEL,SUPLR_NPI,NPI,158,55598,979136,0.3
FED_CMS_MEDICARE_DURABLE_MEDICAL_EQUIPMENT_DEVICES_SUPPLIES_BY_SUPPL,FED_CMS_OPEN_PAYMENTS_2022,NPI,STEEL,SUPLR_NPI,NPI,165,55598,863007,0.3
FED_CMS_MEDICARE_DURABLE_MEDICAL_EQUIPMENT_DEVICES_SUPPLIES_BY_SUPPL,FED_CMS_OPEN_PAYMENTS_2023,NPI,STEEL,SUPLR_NPI,NPI,157,55598,933619,0.3
FED_CMS_MEDICARE_DURABLE_MEDICAL_EQUIPMENT_DEVICES_SUPPLIES_BY_SUPPL,FED_CMS_OPEN_PAYMENTS_PROFILE_SUPPLEMENT,NPI,STEEL,SUPLR_NPI,COVERED_RECIPIENT_NPI,229,55598,1681790,0.4
FED_CMS_MEDICARE_DURABLE_MEDICAL_EQUIPMENT_DEVICES_SUPPLIES_BY_SUPPL,FED_CMS_OPIOID_TREATMENT_PROGRAM_PROVIDERS,NAME@ZIP,CORROBORATED,SUPLR_PRVDR_LAST_NAME_ORG+SUPLR_PRVDR_ZIP5,PROVIDER_NAME+ZIP,9,49703,1541,0.6
FED_CMS_MEDICARE_DURABLE_MEDICAL_EQUIPMENT_DEVICES_SUPPLIES_BY_SUPPL,FED_CMS_ORDER_AND_REFERRING,NPI,STEEL,SUPLR_NPI,NPI,248,55598,2018350,0.4
FED_CMS_MEDICARE_DURABLE_MEDICAL_EQUIPMENT_DEVICES_SUPPLIES_BY_SUPPL,FED_CMS_PARTD_PRESCRIBER_DRUG,NPI,STEEL,SUPLR_NPI,Prscrbr_NPI,233,55598,1057566,0.4
FED_CMS_MEDICARE_DURABLE_MEDICAL_EQUIPMENT_DEVICES_SUPPLIES_BY_SUPPL,FED_CMS_PART_D_PRESCRIBERS,NAME@ZIP,CORROBORATED,SUPLR_PRVDR_LAST_NAME_ORG+SUPLR_PRVDR_ZIP5,PRSCRBR_LAST_ORG_NAME+PRSCRBR_ZIP5,272,49703,1310291,0.5
FED_CMS_MEDICARE_DURABLE_MEDICAL_EQUIPMENT_DEVICES_SUPPLIES_BY_SUPPL,FED_CMS_PART_D_PRESCRIBERS,NPI,STEEL,SUPLR_NPI,NPI,249,55598,1416883,0.4
FED_CMS_MEDICARE_DURABLE_MEDICAL_EQUIPMENT_DEVICES_SUPPLIES_BY_SUPPL,FED_CMS_PECOS_PROVIDER_ENROLLMENT,NPI,STEEL,SUPLR_NPI,NPI,50681,55598,2541258,91.2
FED_CMS_MEDICARE_DURABLE_MEDICAL_EQUIPMENT_DEVICES_SUPPLIES_BY_SUPPL,FED_CMS_POS_OTHER,NAME@ZIP,CORROBORATED,SUPLR_PRVDR_LAST_NAME_ORG+SUPLR_PRVDR_ZIP5,FAC_NAME+ZIP_CD,205,49703,40109,0.5
FED_CMS_MEDICARE_DURABLE_MEDICAL_EQUIPMENT_DEVICES_SUPPLIES_BY_SUPPL,FED_CMS_QUALITY_PAYMENT_PROGRAM_EXPERIENCE,NPI,STEEL,SUPLR_NPI,NPI,150,55598,453202,0.3
FED_CMS_MEDICARE_DURABLE_MEDICAL_EQUIPMENT_DEVICES_SUPPLIES_BY_SUPPL,FED_DEA_ARCOS_FULL,NAME@ZIP,CORROBORATED,SUPLR_PRVDR_LAST_NAME_ORG+SUPLR_PRVDR_ZIP5,BUYER_NAME+BUYER_ZIP,11126,49703,127173,22.4
FED_CMS_MEDICARE_DURABLE_MEDICAL_EQUIPMENT_DEVICES_SUPPLIES_BY_SUPPL,FED_DOL_FORM5500,NAME@ZIP,CORROBORATED,SUPLR_PRVDR_LAST_NAME_ORG+SUPLR_PRVDR_ZIP5,PLAN_NAME+SPONS_DFE_MAIL_US_ZIP,6,49703,31367,0.0
FED_CMS_MEDICARE_DURABLE_MEDICAL_EQUIPMENT_DEVICES_SUPPLIES_BY_SUPPL,FED_EPA_FRS_FRS_FACILITIES,NAME@ZIP,CORROBORATED,SUPLR_PRVDR_LAST_NAME_ORG+SUPLR_PRVDR_ZIP5,FAC_NAME+FAC_ZIP,1054,49703,2699357,2.1
FED_CMS_MEDICARE_DURABLE_MEDICAL_EQUIPMENT_DEVICES_SUPPLIES_BY_SUPPL,FED_EPA_FRS_FRS_PROGRAM_LINKS,NAME@ZIP,CORROBORATED,SUPLR_PRVDR_LAST_NAME_ORG+SUPLR_PRVDR_ZIP5,PRIMARY_NAME+POSTAL_CODE,1163,49703,3338955,2.3
FED_CMS_MEDICARE_DURABLE_MEDICAL_EQUIPMENT_DEVICES_SUPPLIES_BY_SUPPL,FED_EPA_FRS_FULL,NAME@ZIP,CORROBORATED,SUPLR_PRVDR_LAST_NAME_ORG+SUPLR_PRVDR_ZIP5,PRIMARY_NAME+POSTAL_CODE,1338,49703,4325132,2.7
FED_CMS_MEDICARE_DURABLE_MEDICAL_EQUIPMENT_DEVICES_SUPPLIES_BY_SUPPL,FED_EPA_GHGRP_FACILITY,NAME@ZIP,CORROBORATED,SUPLR_PRVDR_LAST_NAME_ORG+SUPLR_PRVDR_ZIP5,FACILITY_NAME+ZIP,11,49703,12485,0.1
FED_CMS_MEDICARE_DURABLE_MEDICAL_EQUIPMENT_DEVICES_SUPPLIES_BY_SUPPL,FED_EPA_ICIS_AIR_ICIS_AIR_FACILITIES,NAME@ZIP,CORROBORATED,SUPLR_PRVDR_LAST_NAME_ORG+SUPLR_PRVDR_ZIP5,FACILITY_NAME+ZIP_CODE,91,49703,270351,0.2
FED_CMS_MEDICARE_DURABLE_MEDICAL_EQUIPMENT_DEVICES_SUPPLIES_BY_SUPPL,FED_EPA_ICIS_FEC_CASE_ENFORCEMENT_CONCLUSION_FACILITIES,NAME@ZIP,CORROBORATED,SUPLR_PRVDR_LAST_NAME_ORG+SUPLR_PRVDR_ZIP5,FACILITY_NAME+FACILITY_ZIP,54,49703,108488,0.1
FED_CMS_MEDICARE_DURABLE_MEDICAL_EQUIPMENT_DEVICES_SUPPLIES_BY_SUPPL,FED_EPA_ICIS_FEC_CASE_FACILITIES,NAME@ZIP,CORROBORATED,SUPLR_PRVDR_LAST_NAME_ORG+SUPLR_PRVDR_ZIP5,FACILITY_NAME+ZIP,56,49703,117594,0.1
FED_CMS_MEDICARE_DURABLE_MEDICAL_EQUIPMENT_DEVICES_SUPPLIES_BY_SUPPL,FED_EPA_NPDES_ICIS_FACILITIES,NAME@ZIP,CORROBORATED,SUPLR_PRVDR_LAST_NAME_ORG+SUPLR_PRVDR_ZIP5,FACILITY_NAME+ZIP,84,49703,1077821,0.2
FED_CMS_MEDICARE_DURABLE_MEDICAL_EQUIPMENT_DEVICES_SUPPLIES_BY_SUPPL,FED_EPA_RCRA_FACILITIES,NAME@ZIP,CORROBORATED,SUPLR_PRVDR_LAST_NAME_ORG+SUPLR_PRVDR_ZIP5,FACILITY_NAME+ZIP_CODE,967,49703,1429903,1.9
FED_CMS_MEDICARE_DURABLE_MEDICAL_EQUIPMENT_DEVICES_SUPPLIES_BY_SUPPL,FED_EPA_RCRA_RCRA_FACILITIES,NAME@ZIP,CORROBORATED,SUPLR_PRVDR_LAST_NAME_ORG+SUPLR_PRVDR_ZIP5,FACILITY_NAME+ZIP_CODE,967,49703,1429903,1.9
FED_CMS_MEDICARE_DURABLE_MEDICAL_EQUIPMENT_DEVICES_SUPPLIES_BY_SUPPL,FED_EPA_SDWA_SDWA_PUB_WATER_SYSTEMS,NAME@ZIP,CORROBORATED,SUPLR_PRVDR_LAST_NAME_ORG+SUPLR_PRVDR_ZIP5,PWS_NAME+ZIP_CODE,23,49703,395686,0.0
FED_CMS_MEDICARE_DURABLE_MEDICAL_EQUIPMENT_DEVICES_SUPPLIES_BY_SUPPL,FED_FAA_AIRCRAFT_REGISTRY,NAME@ZIP,CORROBORATED,SUPLR_PRVDR_LAST_NAME_ORG+SUPLR_PRVDR_ZIP5,NAME+ZIP_CODE,25,49703,205605,0.1
FED_CMS_MEDICARE_DURABLE_MEDICAL_EQUIPMENT_DEVICES_SUPPLIES_BY_SUPPL,FED_FAC_SINGLE_AUDIT,NAME@ZIP,CORROBORATED,SUPLR_PRVDR_LAST_NAME_ORG+SUPLR_PRVDR_ZIP5,AUDITEE_NAME+AUDITEE_ZIP,187,49703,103191,0.4
FED_CMS_MEDICARE_DURABLE_MEDICAL_EQUIPMENT_DEVICES_SUPPLIES_BY_SUPPL,FED_FEC_COMMITTEE_TO_CANDIDATE,NAME@ZIP,CORROBORATED,SUPLR_PRVDR_LAST_NAME_ORG+SUPLR_PRVDR_ZIP5,NAME+ZIP_CODE,5,49703,17747,0.0
FED_CMS_MEDICARE_DURABLE_MEDICAL_EQUIPMENT_DEVICES_SUPPLIES_BY_SUPPL,FED_FEC_INDIV_CONTRIBUTIONS,NAME@ZIP,CORROBORATED,SUPLR_PRVDR_LAST_NAME_ORG+SUPLR_PRVDR_ZIP5,NAME+ZIP_CODE,28,49703,5251703,0.1
FED_CMS_MEDICARE_DURABLE_MEDICAL_EQUIPMENT_DEVICES_SUPPLIES_BY_SUPPL,FED_HHS_OIG_LEIE,NPI,STEEL,SUPLR_NPI,NPI,8,55598,8660,0.1
FED_CMS_MEDICARE_DURABLE_MEDICAL_EQUIPMENT_DEVICES_SUPPLIES_BY_SUPPL,FED_HRSA_HPSA_PRIMARY_CARE,NAME@ZIP,CORROBORATED,SUPLR_PRVDR_LAST_NAME_ORG+SUPLR_PRVDR_ZIP5,HPSA_COMPONENT_NAME+COMMON_POSTAL_CODE,22,49703,6952,0.3
FED_CMS_MEDICARE_DURABLE_MEDICAL_EQUIPMENT_DEVICES_SUPPLIES_BY_SUPPL,FED_HRSA_SHORTAGE_AREAS,NAME@ZIP,CORROBORATED,SUPLR_PRVDR_LAST_NAME_ORG+SUPLR_PRVDR_ZIP5,HPSA_COMPONENT_NAME+COMMON_POSTAL_CODE,22,49703,7829,0.3
FED_CMS_MEDICARE_DURABLE_MEDICAL_EQUIPMENT_DEVICES_SUPPLIES_BY_SUPPL,FED_HRSA_UDS_SERVICE_DELIVERY_SITES,NAME@ZIP,CORROBORATED,SUPLR_PRVDR_LAST_NAME_ORG+SUPLR_PRVDR_ZIP5,SITE_NAME+SITE_POSTAL_CODE,19,49703,18468,0.1
FED_CMS_MEDICARE_DURABLE_MEDICAL_EQUIPMENT_DEVICES_SUPPLIES_BY_SUPPL,FED_HRSA_UDS_SERVICE_DELIVERY_SITES,NPI,STEEL,SUPLR_NPI,FQHC_SITE_NPI_NUMBER,8,55598,6047,0.1
FED_CMS_MEDICARE_DURABLE_MEDICAL_EQUIPMENT_DEVICES_SUPPLIES_BY_SUPPL,FED_ICE_DETENTION_FACILITY_CODES,NAME@ZIP,CORROBORATED,SUPLR_PRVDR_LAST_NAME_ORG+SUPLR_PRVDR_ZIP5,DETENTION_FACILITY_NAME+ZIP,6,49703,1327,0.5
FED_CMS_MEDICARE_DURABLE_MEDICAL_EQUIPMENT_DEVICES_SUPPLIES_BY_SUPPL,FED_IRS_AUTO_REVOCATIONS,NAME@ZIP,CORROBORATED,SUPLR_PRVDR_LAST_NAME_ORG+SUPLR_PRVDR_ZIP5,LEGAL_NAME+ZIP_CODE,10,49703,1149844,0.0
FED_CMS_MEDICARE_DURABLE_MEDICAL_EQUIPMENT_DEVICES_SUPPLIES_BY_SUPPL,FED_IRS_BMF,NAME@ZIP,CORROBORATED,SUPLR_PRVDR_LAST_NAME_ORG+SUPLR_PRVDR_ZIP5,NAME+ZIP,307,49703,1868041,0.6
FED_CMS_MEDICARE_DURABLE_MEDICAL_EQUIPMENT_DEVICES_SUPPLIES_BY_SUPPL,FED_IRS_EO_BMF,NAME@ZIP,CORROBORATED,SUPLR_PRVDR_LAST_NAME_ORG+SUPLR_PRVDR_ZIP5,NAME+ZIP,301,49703,1878425,0.6
FED_CMS_MEDICARE_DURABLE_MEDICAL_EQUIPMENT_DEVICES_SUPPLIES_BY_SUPPL,FED_IRS_REVOCATION,NAME@ZIP,CORROBORATED,SUPLR_PRVDR_LAST_NAME_ORG+SUPLR_PRVDR_ZIP5,LEGAL_NAME+ZIP_CODE,10,49703,1149230,0.0
FED_CMS_MEDICARE_DURABLE_MEDICAL_EQUIPMENT_DEVICES_SUPPLIES_BY_SUPPL,FED_NURSINGHOME411,CCN~NPI,BRIDGE,,,3,55598,14456,0.0
FED_CMS_MEDICARE_DURABLE_MEDICAL_EQUIPMENT_DEVICES_SUPPLIES_BY_SUPPL,FED_OSHA_ITA_300A_SUMMARY_2023,NAME@ZIP,CORROBORATED,SUPLR_PRVDR_LAST_NAME_ORG+SUPLR_PRVDR_ZIP5,ESTABLISHMENT_NAME+ZIP_CODE,170,49703,373106,0.3
FED_CMS_MEDICARE_DURABLE_MEDICAL_EQUIPMENT_DEVICES_SUPPLIES_BY_SUPPL,FED_OSHA_ITA_300A_SUMMARY_2024,NAME@ZIP,CORROBORATED,SUPLR_PRVDR_LAST_NAME_ORG+SUPLR_PRVDR_ZIP5,ESTABLISHMENT_NAME+ZIP_CODE,142,49703,360069,0.3
FED_CMS_MEDICARE_DURABLE_MEDICAL_EQUIPMENT_DEVICES_SUPPLIES_BY_SUPPL,FED_OSHA_ITA_300A_SUMMARY_2025,NAME@ZIP,CORROBORATED,SUPLR_PRVDR_LAST_NAME_ORG+SUPLR_PRVDR_ZIP5,ESTABLISHMENT_NAME+ZIP_CODE,157,49703,375575,0.3
FED_CMS_MEDICARE_DURABLE_MEDICAL_EQUIPMENT_DEVICES_SUPPLIES_BY_SUPPL,FED_OSHA_ITA_CASE_DETAIL_2023,NAME@ZIP,CORROBORATED,SUPLR_PRVDR_LAST_NAME_ORG+SUPLR_PRVDR_ZIP5,ESTABLISHMENT_NAME+ZIP_CODE,61,49703,85607,0.1
FED_CMS_MEDICARE_DURABLE_MEDICAL_EQUIPMENT_DEVICES_SUPPLIES_BY_SUPPL,FED_OSHA_ITA_CASE_DETAIL_2024,NAME@ZIP,CORROBORATED,SUPLR_PRVDR_LAST_NAME_ORG+SUPLR_PRVDR_ZIP5,ESTABLISHMENT_NAME+ZIP_CODE,57,49703,59854,0.1
FED_CMS_MEDICARE_DURABLE_MEDICAL_EQUIPMENT_DEVICES_SUPPLIES_BY_SUPPL,FED_OSHA_ITA_CASE_DETAIL_2025,NAME@ZIP,CORROBORATED,SUPLR_PRVDR_LAST_NAME_ORG+SUPLR_PRVDR_ZIP5,ESTABLISHMENT_NAME+ZIP_CODE,45,49703,33457,0.1
FED_CMS_MEDICARE_DURABLE_MEDICAL_EQUIPMENT_DEVICES_SUPPLIES_BY_SUPPL,FED_USASPENDING_CONTRACTS,NAME@ZIP,CORROBORATED,SUPLR_PRVDR_LAST_NAME_ORG+SUPLR_PRVDR_ZIP5,RECIPIENT_NAME+RECIPIENT_ZIP_4_CODE,784,49703,91616,1.6
FED_CMS_MEDICARE_DURABLE_MEDICAL_EQUIPMENT_DEVICES_SUPPLIES_BY_SUPPL,FED_USCG_NRC_INCIDENTS,NAME@ZIP,CORROBORATED,SUPLR_PRVDR_LAST_NAME_ORG+SUPLR_PRVDR_ZIP5,RESPONSIBLE_COMPANY+RESPONSIBLE_ZIP,61,49703,93650,0.1
FED_CMS_MEDICARE_DURABLE_MEDICAL_EQUIPMENT_DEVICES_SUPPLIES_BY_SUPPL,FED_USCG_NRC_INCIDENT_REPORTS,NAME@ZIP,CORROBORATED,SUPLR_PRVDR_LAST_NAME_ORG+SUPLR_PRVDR_ZIP5,RESPONSIBLE_COMPANY+RESPONSIBLE_ZIP,8,49703,15011,0.1
FED_CMS_MEDICARE_FEE_FOR_SERVICE_PUBLIC_PROVIDER_ENROLLMENT,FED_CMS_MEDICARE_INPATIENT_HOSPITALS_BY_PROVIDER,CCN~NPI,BRIDGE,,,4451,2541258,3044,146.2
FED_CMS_MEDICARE_FEE_FOR_SERVICE_PUBLIC_PROVIDER_ENROLLMENT,FED_CMS_MEDICARE_INPATIENT_HOSPITALS_BY_PROVIDER_AND_SERVICE,CCN~NPI,BRIDGE,,,3686,2541258,2906,126.8
FED_CMS_MEDICARE_FEE_FOR_SERVICE_PUBLIC_PROVIDER_ENROLLMENT,FED_CMS_MEDICARE_OUTPATIENT_HOSPITALS_BY_PROVIDER_AND_SERVICE,CCN~NPI,BRIDGE,,,5435,2541258,3126,173.9
FED_CMS_MEDICARE_FEE_FOR_SERVICE_PUBLIC_PROVIDER_ENROLLMENT,FED_CMS_MEDICARE_PHYSICIAN_OTHER_PRACTITIONERS_BY_PROVIDER,NPI,STEEL,NPI,RNDRNG_NPI,1262885,2541258,1296739,97.4
FED_CMS_MEDICARE_FEE_FOR_SERVICE_PUBLIC_PROVIDER_ENROLLMENT,FED_CMS_MEDICARE_PHYSICIAN_OTHER_PRACTITIONERS_BY_PROVIDER_AND_SERVI,NPI,STEEL,NPI,RNDRNG_NPI,1176695,2541258,1207473,97.5
FED_CMS_MEDICARE_FEE_FOR_SERVICE_PUBLIC_PROVIDER_ENROLLMENT,FED_CMS_MEDICARE_PROVIDER,NPI,STEEL,NPI,NPI,1262885,2541258,1296739,97.4
FED_CMS_MEDICARE_FEE_FOR_SERVICE_PUBLIC_PROVIDER_ENROLLMENT,FED_CMS_NPPES,NPI,STEEL,NPI,NPI,2540936,2541258,9606683,100.0
FED_CMS_MEDICARE_FEE_FOR_SERVICE_PUBLIC_PROVIDER_ENROLLMENT,FED_CMS_NURSING_HOME,CCN~NPI,BRIDGE,,,50019,2541258,14448,346.2
FED_CMS_MEDICARE_FEE_FOR_SERVICE_PUBLIC_PROVIDER_ENROLLMENT,FED_CMS_NURSING_HOME_DEFICIENCIES,CCN~NPI,BRIDGE,,,49749,2541258,14383,345.9
FED_CMS_MEDICARE_FEE_FOR_SERVICE_PUBLIC_PROVIDER_ENROLLMENT,FED_CMS_NURSING_HOME_FIRE_DEFICIENCIES,CCN~NPI,BRIDGE,,,47410,2541258,13686,346.4
FED_CMS_MEDICARE_FEE_FOR_SERVICE_PUBLIC_PROVIDER_ENROLLMENT,FED_CMS_NURSING_HOME_PENALTIES,CCN~NPI,BRIDGE,,,22515,2541258,6771,332.5
FED_CMS_MEDICARE_FEE_FOR_SERVICE_PUBLIC_PROVIDER_ENROLLMENT,FED_CMS_OPEN_PAYMENTS,NPI,STEEL,NPI,NPI,799186,2541258,979136,81.6
FED_CMS_MEDICARE_FEE_FOR_SERVICE_PUBLIC_PROVIDER_ENROLLMENT,FED_CMS_OPEN_PAYMENTS_2022,NPI,STEEL,NPI,NPI,693300,2541258,863007,80.3
FED_CMS_MEDICARE_FEE_FOR_SERVICE_PUBLIC_PROVIDER_ENROLLMENT,FED_CMS_OPEN_PAYMENTS_2023,NPI,STEEL,NPI,NPI,756117,2541258,933619,81.0
FED_CMS_MEDICARE_FEE_FOR_SERVICE_PUBLIC_PROVIDER_ENROLLMENT,FED_CMS_OPEN_PAYMENTS_PROFILE_SUPPLEMENT,NPI,STEEL,NPI,COVERED_RECIPIENT_NPI,1260175,2541258,1681790,74.9
FED_CMS_MEDICARE_FEE_FOR_SERVICE_PUBLIC_PROVIDER_ENROLLMENT,FED_CMS_OPIOID_TREATMENT_PROGRAM_PROVIDERS,NPI,STEEL,NPI,NPI,822,2541258,1287,63.9
FED_CMS_MEDICARE_FEE_FOR_SERVICE_PUBLIC_PROVIDER_ENROLLMENT,FED_CMS_ORDER_AND_REFERRING,NPI,STEEL,NPI,NPI,1880842,2541258,2018350,93.2
FED_CMS_MEDICARE_FEE_FOR_SERVICE_PUBLIC_PROVIDER_ENROLLMENT,FED_CMS_PARTD_PRESCRIBER_DRUG,NPI,STEEL,NPI,Prscrbr_NPI,877005,2541258,1057566,82.9
FED_CMS_MEDICARE_FEE_FOR_SERVICE_PUBLIC_PROVIDER_ENROLLMENT,FED_CMS_PART_D_PRESCRIBERS,NPI,STEEL,NPI,NPI,1160662,2541258,1416883,81.9
FED_CMS_MEDICARE_FEE_FOR_SERVICE_PUBLIC_PROVIDER_ENROLLMENT,FED_CMS_PECOS_PROVIDER_ENROLLMENT,NPI,STEEL,NPI,NPI,2541258,2541258,2541258,100.0
FED_CMS_MEDICARE_FEE_FOR_SERVICE_PUBLIC_PROVIDER_ENROLLMENT,FED_CMS_PENDING_INITIAL_LOGGING_AND_TRACKING_NON_PHYSICIANS,NPI,STEEL,NPI,NPI,169,2541258,6880,2.5
FED_CMS_MEDICARE_FEE_FOR_SERVICE_PUBLIC_PROVIDER_ENROLLMENT,FED_CMS_PENDING_INITIAL_LOGGING_AND_TRACKING_PHYSICIANS,NPI,STEEL,NPI,NPI,666,2541258,7239,9.2
FED_CMS_MEDICARE_FEE_FOR_SERVICE_PUBLIC_PROVIDER_ENROLLMENT,FED_CMS_POS_OTHER,CCN~NPI,BRIDGE,,,37029,2541258,41262,89.7
FED_CMS_MEDICARE_FEE_FOR_SERVICE_PUBLIC_PROVIDER_ENROLLMENT,FED_CMS_QUALITY_PAYMENT_PROGRAM_EXPERIENCE,NPI,STEEL,NPI,NPI,441623,2541258,453202,97.4
FED_CMS_MEDICARE_FEE_FOR_SERVICE_PUBLIC_PROVIDER_ENROLLMENT,FED_CMS_RURAL_HEALTH_CLINIC_ENROLLMENTS,NPI,STEEL,NPI,NPI,5273,2541258,5320,99.1
FED_CMS_MEDICARE_FEE_FOR_SERVICE_PUBLIC_PROVIDER_ENROLLMENT,FED_CMS_SKILLED_NURSING_FACILITY_ENROLLMENTS,NPI,STEEL,NPI,NPI,14208,2541258,14421,98.5
FED_CMS_MEDICARE_FEE_FOR_SERVICE_PUBLIC_PROVIDER_ENROLLMENT,FED_HHS_OIG_LEIE,NPI,STEEL,NPI,NPI,19,2541258,8660,0.2
FED_CMS_MEDICARE_FEE_FOR_SERVICE_PUBLIC_PROVIDER_ENROLLMENT,FED_HRSA_UDS_SERVICE_DELIVERY_SITES,NPI,STEEL,NPI,FQHC_SITE_NPI_NUMBER,4786,2541258,6047,79.1
FED_CMS_MEDICARE_FEE_FOR_SERVICE_PUBLIC_PROVIDER_ENROLLMENT,FED_NURSINGHOME411,CCN~NPI,BRIDGE,,,50015,2541258,14456,346.0
FED_CMS_MEDICARE_FEE_FOR_SERVICE_PUBLIC_PROVIDER_ENROLLMENT,FED_SAM_EXCLUSIONS_FULL_R2,NPI,STEEL,NPI,NPI,15,2541258,4866,0.3
FED_CMS_MEDICARE_INPATIENT_HOSPITALS_BY_PROVIDER,FED_CMS_MEDICARE_INPATIENT_HOSPITALS_BY_PROVIDER_AND_SERVICE,CCN,STEEL,RNDRNG_PRVDR_CCN,RNDRNG_PRVDR_CCN,2906,3044,2906,100.0
FED_CMS_MEDICARE_INPATIENT_HOSPITALS_BY_PROVIDER,FED_CMS_MEDICARE_INPATIENT_HOSPITALS_BY_PROVIDER_AND_SERVICE,NAME@ZIP,CORROBORATED,RNDRNG_PRVDR_ORG_NAME+RNDRNG_PRVDR_ZIP5,RNDRNG_PRVDR_ORG_NAME+RNDRNG_PRVDR_ZIP5,2905,3044,2906,100.0
FED_CMS_MEDICARE_INPATIENT_HOSPITALS_BY_PROVIDER,FED_CMS_MEDICARE_OUTPATIENT_HOSPITALS_BY_PROVIDER_AND_SERVICE,CCN,STEEL,RNDRNG_PRVDR_CCN,RNDRNG_PRVDR_CCN,2954,3044,3126,97.0
FED_CMS_MEDICARE_INPATIENT_HOSPITALS_BY_PROVIDER,FED_CMS_MEDICARE_OUTPATIENT_HOSPITALS_BY_PROVIDER_AND_SERVICE,NAME@ZIP,CORROBORATED,RNDRNG_PRVDR_ORG_NAME+RNDRNG_PRVDR_ZIP5,RNDRNG_PRVDR_ORG_NAME+RNDRNG_PRVDR_ZIP5,2917,3044,3121,95.8
FED_CMS_MEDICARE_INPATIENT_HOSPITALS_BY_PROVIDER,FED_CMS_MEDICARE_PHYSICIAN_OTHER_PRACTITIONERS_BY_PROVIDER,NAME@ZIP,CORROBORATED,RNDRNG_PRVDR_ORG_NAME+RNDRNG_PRVDR_ZIP5,RNDRNG_PRVDR_LAST_ORG_NAME+RNDRNG_PRVDR_ZIP5,66,3044,1204005,2.2
FED_CMS_MEDICARE_INPATIENT_HOSPITALS_BY_PROVIDER,FED_CMS_MEDICARE_PHYSICIAN_OTHER_PRACTITIONERS_BY_PROVIDER_AND_SERVI,NAME@ZIP,CORROBORATED,RNDRNG_PRVDR_ORG_NAME+RNDRNG_PRVDR_ZIP5,RNDRNG_PRVDR_LAST_ORG_NAME+RNDRNG_PRVDR_ZIP5,60,3044,1125418,2.0
FED_CMS_MEDICARE_INPATIENT_HOSPITALS_BY_PROVIDER,FED_CMS_MEDICARE_PROVIDER,NAME@ZIP,CORROBORATED,RNDRNG_PRVDR_ORG_NAME+RNDRNG_PRVDR_ZIP5,RNDRNG_PRVDR_LAST_ORG_NAME+RNDRNG_PRVDR_ZIP5,66,3044,1204005,2.2
FED_CMS_MEDICARE_INPATIENT_HOSPITALS_BY_PROVIDER,FED_CMS_NPPES,CCN~NPI,BRIDGE,,,4470,3044,9606683,146.8
FED_CMS_MEDICARE_INPATIENT_HOSPITALS_BY_PROVIDER,FED_CMS_NURSING_HOME,NAME@ZIP,CORROBORATED,RNDRNG_PRVDR_ORG_NAME+RNDRNG_PRVDR_ZIP5,PROVIDER_NAME+ZIP_CODE,22,3044,14700,0.7
FED_CMS_MEDICARE_INPATIENT_HOSPITALS_BY_PROVIDER,FED_CMS_NURSING_HOME_DEFICIENCIES,NAME@ZIP,CORROBORATED,RNDRNG_PRVDR_ORG_NAME+RNDRNG_PRVDR_ZIP5,PROVIDER_NAME+ZIP_CODE,22,3044,14632,0.7
FED_CMS_MEDICARE_INPATIENT_HOSPITALS_BY_PROVIDER,FED_CMS_NURSING_HOME_FIRE_DEFICIENCIES,NAME@ZIP,CORROBORATED,RNDRNG_PRVDR_ORG_NAME+RNDRNG_PRVDR_ZIP5,PROVIDER_NAME+ZIP_CODE,19,3044,13914,0.6
FED_CMS_MEDICARE_INPATIENT_HOSPITALS_BY_PROVIDER,FED_CMS_NURSING_HOME_PENALTIES,NAME@ZIP,CORROBORATED,RNDRNG_PRVDR_ORG_NAME+RNDRNG_PRVDR_ZIP5,PROVIDER_NAME+ZIP_CODE,6,3044,6831,0.2
FED_CMS_MEDICARE_INPATIENT_HOSPITALS_BY_PROVIDER,FED_CMS_OPEN_PAYMENTS,CCN~NPI,BRIDGE,,,899,3044,979136,29.5
FED_CMS_MEDICARE_INPATIENT_HOSPITALS_BY_PROVIDER,FED_CMS_OPEN_PAYMENTS_2022,CCN~NPI,BRIDGE,,,821,3044,863007,27.0
FED_CMS_MEDICARE_INPATIENT_HOSPITALS_BY_PROVIDER,FED_CMS_OPEN_PAYMENTS_2023,CCN~NPI,BRIDGE,,,880,3044,933619,28.9
FED_CMS_MEDICARE_INPATIENT_HOSPITALS_BY_PROVIDER,FED_CMS_OPEN_PAYMENTS_PROFILE_SUPPLEMENT,CCN~NPI,BRIDGE,,,1292,3044,1681790,42.4
FED_CMS_MEDICARE_INPATIENT_HOSPITALS_BY_PROVIDER,FED_CMS_OPIOID_TREATMENT_PROGRAM_PROVIDERS,NAME@ZIP,CORROBORATED,RNDRNG_PRVDR_ORG_NAME+RNDRNG_PRVDR_ZIP5,PROVIDER_NAME+ZIP,10,3044,1541,0.6
FED_CMS_MEDICARE_INPATIENT_HOSPITALS_BY_PROVIDER,FED_CMS_ORDER_AND_REFERRING,CCN~NPI,BRIDGE,,,1485,3044,2018350,48.8
FED_CMS_MEDICARE_INPATIENT_HOSPITALS_BY_PROVIDER,FED_CMS_PARTD_PRESCRIBER_DRUG,CCN~NPI,BRIDGE,,,1051,3044,1057566,34.5
FED_CMS_MEDICARE_INPATIENT_HOSPITALS_BY_PROVIDER,FED_CMS_PART_D_PRESCRIBERS,CCN~NPI,BRIDGE,,,1279,3044,1416883,42.0
FED_CMS_MEDICARE_INPATIENT_HOSPITALS_BY_PROVIDER,FED_CMS_PECOS_PROVIDER_ENROLLMENT,CCN~NPI,BRIDGE,,,4451,3044,2541258,146.2
FED_CMS_MEDICARE_INPATIENT_HOSPITALS_BY_PROVIDER,FED_CMS_POS_OTHER,CCN,STEEL,RNDRNG_PRVDR_CCN,CCN,3044,3044,41262,100.0
FED_CMS_MEDICARE_INPATIENT_HOSPITALS_BY_PROVIDER,FED_CMS_POS_OTHER,NAME@ZIP,CORROBORATED,RNDRNG_PRVDR_ORG_NAME+RNDRNG_PRVDR_ZIP5,FAC_NAME+ZIP_CD,2948,3044,40109,96.8
FED_CMS_MEDICARE_INPATIENT_HOSPITALS_BY_PROVIDER,FED_CMS_QUALITY_PAYMENT_PROGRAM_EXPERIENCE,CCN~NPI,BRIDGE,,,413,3044,453202,13.6
FED_CMS_MEDICARE_INPATIENT_HOSPITALS_BY_PROVIDER,FED_CMS_RURAL_HEALTH_CLINIC_ENROLLMENTS,NAME@ZIP,CORROBORATED,RNDRNG_PRVDR_ORG_NAME+RNDRNG_PRVDR_ZIP5,DOING_BUSINESS_AS_NAME+ZIP_CODE,19,3044,4513,0.6
FED_CMS_MEDICARE_INPATIENT_HOSPITALS_BY_PROVIDER,FED_CMS_SKILLED_NURSING_FACILITY_ENROLLMENTS,NAME@ZIP,CORROBORATED,RNDRNG_PRVDR_ORG_NAME+RNDRNG_PRVDR_ZIP5,NURSING_HOME_PROVIDER_NAME+ZIP_CODE,21,3044,14044,0.7
FED_CMS_MEDICARE_INPATIENT_HOSPITALS_BY_PROVIDER,FED_DEA_ARCOS_FULL,NAME@ZIP,CORROBORATED,RNDRNG_PRVDR_ORG_NAME+RNDRNG_PRVDR_ZIP5,BUYER_NAME+BUYER_ZIP,44,3044,127173,1.4
FED_CMS_MEDICARE_INPATIENT_HOSPITALS_BY_PROVIDER,FED_EIA860_1_UTILITY,NAME@ZIP,CORROBORATED,RNDRNG_PRVDR_ORG_NAME+RNDRNG_PRVDR_ZIP5,UTILITY_NAME+ZIP,16,3044,5530,0.5
FED_CMS_MEDICARE_INPATIENT_HOSPITALS_BY_PROVIDER,FED_EIA860_2_PLANT,NAME@ZIP,CORROBORATED,RNDRNG_PRVDR_ORG_NAME+RNDRNG_PRVDR_ZIP5,PLANT_NAME+ZIP,20,3044,14083,0.7
FED_CMS_MEDICARE_INPATIENT_HOSPITALS_BY_PROVIDER,FED_EPA_FRS_FRS_FACILITIES,NAME@ZIP,CORROBORATED,RNDRNG_PRVDR_ORG_NAME+RNDRNG_PRVDR_ZIP5,FAC_NAME+FAC_ZIP,1065,3044,2699357,35.0
FED_CMS_MEDICARE_INPATIENT_HOSPITALS_BY_PROVIDER,FED_EPA_FRS_FRS_PROGRAM_LINKS,NAME@ZIP,CORROBORATED,RNDRNG_PRVDR_ORG_NAME+RNDRNG_PRVDR_ZIP5,PRIMARY_NAME+POSTAL_CODE,1378,3044,3338955,45.3
FED_CMS_MEDICARE_INPATIENT_HOSPITALS_BY_PROVIDER,FED_EPA_FRS_FULL,NAME@ZIP,CORROBORATED,RNDRNG_PRVDR_ORG_NAME+RNDRNG_PRVDR_ZIP5,PRIMARY_NAME+POSTAL_CODE,1181,3044,4325132,38.8
FED_CMS_MEDICARE_INPATIENT_HOSPITALS_BY_PROVIDER,FED_EPA_GHGRP_FACILITY,NAME@ZIP,CORROBORATED,RNDRNG_PRVDR_ORG_NAME+RNDRNG_PRVDR_ZIP5,FACILITY_NAME+ZIP,15,3044,12485,0.5
FED_CMS_MEDICARE_INPATIENT_HOSPITALS_BY_PROVIDER,FED_EPA_ICIS_AIR_ICIS_AIR_FACILITIES,NAME@ZIP,CORROBORATED,RNDRNG_PRVDR_ORG_NAME+RNDRNG_PRVDR_ZIP5,FACILITY_NAME+ZIP_CODE,369,3044,270351,12.1
FED_CMS_MEDICARE_INPATIENT_HOSPITALS_BY_PROVIDER,FED_EPA_ICIS_FEC_CASE_ENFORCEMENT_CONCLUSION_FACILITIES,NAME@ZIP,CORROBORATED,RNDRNG_PRVDR_ORG_NAME+RNDRNG_PRVDR_ZIP5,FACILITY_NAME+FACILITY_ZIP,96,3044,108488,3.2
FED_CMS_MEDICARE_INPATIENT_HOSPITALS_BY_PROVIDER,FED_EPA_ICIS_FEC_CASE_FACILITIES,NAME@ZIP,CORROBORATED,RNDRNG_PRVDR_ORG_NAME+RNDRNG_PRVDR_ZIP5,FACILITY_NAME+ZIP,100,3044,117594,3.3
FED_CMS_MEDICARE_INPATIENT_HOSPITALS_BY_PROVIDER,FED_EPA_NPDES_ICIS_FACILITIES,NAME@ZIP,CORROBORATED,RNDRNG_PRVDR_ORG_NAME+RNDRNG_PRVDR_ZIP5,FACILITY_NAME+ZIP,186,3044,1077821,6.1
FED_CMS_MEDICARE_INPATIENT_HOSPITALS_BY_PROVIDER,FED_EPA_RCRA_FACILITIES,NAME@ZIP,CORROBORATED,RNDRNG_PRVDR_ORG_NAME+RNDRNG_PRVDR_ZIP5,FACILITY_NAME+ZIP_CODE,1110,3044,1429903,36.5
FED_CMS_MEDICARE_INPATIENT_HOSPITALS_BY_PROVIDER,FED_EPA_RCRA_RCRA_FACILITIES,NAME@ZIP,CORROBORATED,RNDRNG_PRVDR_ORG_NAME+RNDRNG_PRVDR_ZIP5,FACILITY_NAME+ZIP_CODE,1110,3044,1429903,36.5
FED_CMS_MEDICARE_INPATIENT_HOSPITALS_BY_PROVIDER,FED_EPA_SDWA_SDWA_PUB_WATER_SYSTEMS,NAME@ZIP,CORROBORATED,RNDRNG_PRVDR_ORG_NAME+RNDRNG_PRVDR_ZIP5,PWS_NAME+ZIP_CODE,49,3044,395686,1.6
FED_CMS_MEDICARE_INPATIENT_HOSPITALS_BY_PROVIDER,FED_FAA_AIRCRAFT_REGISTRY,NAME@ZIP,CORROBORATED,RNDRNG_PRVDR_ORG_NAME+RNDRNG_PRVDR_ZIP5,NAME+ZIP_CODE,14,3044,205605,0.5
FED_CMS_MEDICARE_INPATIENT_HOSPITALS_BY_PROVIDER,FED_FAC_SINGLE_AUDIT,NAME@ZIP,CORROBORATED,RNDRNG_PRVDR_ORG_NAME+RNDRNG_PRVDR_ZIP5,AUDITEE_NAME+AUDITEE_ZIP,243,3044,103191,8.0
FED_CMS_MEDICARE_INPATIENT_HOSPITALS_BY_PROVIDER,FED_FCC_LICENSING,NAME@ZIP,CORROBORATED,RNDRNG_PRVDR_ORG_NAME+RNDRNG_PRVDR_ZIP5,ENTITY_NAME+ZIP_CODE,8,3044,1502987,0.3
FED_CMS_MEDICARE_INPATIENT_HOSPITALS_BY_PROVIDER,FED_HRSA_HPSA_PRIMARY_CARE,NAME@ZIP,CORROBORATED,RNDRNG_PRVDR_ORG_NAME+RNDRNG_PRVDR_ZIP5,HPSA_COMPONENT_NAME+COMMON_POSTAL_CODE,24,3044,6952,0.8
FED_CMS_MEDICARE_INPATIENT_HOSPITALS_BY_PROVIDER,FED_HRSA_SHORTAGE_AREAS,NAME@ZIP,CORROBORATED,RNDRNG_PRVDR_ORG_NAME+RNDRNG_PRVDR_ZIP5,HPSA_COMPONENT_NAME+COMMON_POSTAL_CODE,29,3044,7829,1.0
FED_CMS_MEDICARE_INPATIENT_HOSPITALS_BY_PROVIDER,FED_HRSA_UDS_SERVICE_DELIVERY_SITES,NAME@ZIP,CORROBORATED,RNDRNG_PRVDR_ORG_NAME+RNDRNG_PRVDR_ZIP5,SITE_NAME+SITE_POSTAL_CODE,5,3044,18468,0.2
FED_CMS_MEDICARE_INPATIENT_HOSPITALS_BY_PROVIDER,FED_ICE_DETENTION_FACILITY_CODES,NAME@ZIP,CORROBORATED,RNDRNG_PRVDR_ORG_NAME+RNDRNG_PRVDR_ZIP5,DETENTION_FACILITY_NAME+ZIP,58,3044,1327,4.4
FED_CMS_MEDICARE_INPATIENT_HOSPITALS_BY_PROVIDER,FED_IRS_AUTO_REVOCATIONS,NAME@ZIP,CORROBORATED,RNDRNG_PRVDR_ORG_NAME+RNDRNG_PRVDR_ZIP5,LEGAL_NAME+ZIP_CODE,33,3044,1149844,1.1
FED_CMS_MEDICARE_INPATIENT_HOSPITALS_BY_PROVIDER,FED_IRS_BMF,NAME@ZIP,CORROBORATED,RNDRNG_PRVDR_ORG_NAME+RNDRNG_PRVDR_ZIP5,NAME+ZIP,455,3044,1868041,14.9
FED_CMS_MEDICARE_INPATIENT_HOSPITALS_BY_PROVIDER,FED_IRS_EO_BMF,NAME@ZIP,CORROBORATED,RNDRNG_PRVDR_ORG_NAME+RNDRNG_PRVDR_ZIP5,NAME+ZIP,448,3044,1878425,14.7
FED_CMS_MEDICARE_INPATIENT_HOSPITALS_BY_PROVIDER,FED_IRS_REVOCATION,NAME@ZIP,CORROBORATED,RNDRNG_PRVDR_ORG_NAME+RNDRNG_PRVDR_ZIP5,LEGAL_NAME+ZIP_CODE,33,3044,1149230,1.1
FED_CMS_MEDICARE_INPATIENT_HOSPITALS_BY_PROVIDER,FED_OSHA_ITA_300A_SUMMARY_2023,NAME@ZIP,CORROBORATED,RNDRNG_PRVDR_ORG_NAME+RNDRNG_PRVDR_ZIP5,ESTABLISHMENT_NAME+ZIP_CODE,886,3044,373106,29.1
FED_CMS_MEDICARE_INPATIENT_HOSPITALS_BY_PROVIDER,FED_OSHA_ITA_300A_SUMMARY_2024,NAME@ZIP,CORROBORATED,RNDRNG_PRVDR_ORG_NAME+RNDRNG_PRVDR_ZIP5,ESTABLISHMENT_NAME+ZIP_CODE,923,3044,360069,30.3
FED_CMS_MEDICARE_INPATIENT_HOSPITALS_BY_PROVIDER,FED_OSHA_ITA_300A_SUMMARY_2025,NAME@ZIP,CORROBORATED,RNDRNG_PRVDR_ORG_NAME+RNDRNG_PRVDR_ZIP5,ESTABLISHMENT_NAME+ZIP_CODE,937,3044,375575,30.8
FED_CMS_MEDICARE_INPATIENT_HOSPITALS_BY_PROVIDER,FED_OSHA_ITA_CASE_DETAIL_2023,NAME@ZIP,CORROBORATED,RNDRNG_PRVDR_ORG_NAME+RNDRNG_PRVDR_ZIP5,ESTABLISHMENT_NAME+ZIP_CODE,682,3044,85607,22.4
FED_CMS_MEDICARE_INPATIENT_HOSPITALS_BY_PROVIDER,FED_OSHA_ITA_CASE_DETAIL_2024,NAME@ZIP,CORROBORATED,RNDRNG_PRVDR_ORG_NAME+RNDRNG_PRVDR_ZIP5,ESTABLISHMENT_NAME+ZIP_CODE,662,3044,59854,21.7
FED_CMS_MEDICARE_INPATIENT_HOSPITALS_BY_PROVIDER,FED_OSHA_ITA_CASE_DETAIL_2025,NAME@ZIP,CORROBORATED,RNDRNG_PRVDR_ORG_NAME+RNDRNG_PRVDR_ZIP5,ESTABLISHMENT_NAME+ZIP_CODE,440,3044,33457,14.5
FED_CMS_MEDICARE_INPATIENT_HOSPITALS_BY_PROVIDER,FED_USASPENDING_CONTRACTS,NAME@ZIP,CORROBORATED,RNDRNG_PRVDR_ORG_NAME+RNDRNG_PRVDR_ZIP5,RECIPIENT_NAME+RECIPIENT_ZIP_4_CODE,74,3044,91616,2.4
FED_CMS_MEDICARE_INPATIENT_HOSPITALS_BY_PROVIDER,FED_USCG_NRC_INCIDENTS,NAME@ZIP,CORROBORATED,RNDRNG_PRVDR_ORG_NAME+RNDRNG_PRVDR_ZIP5,RESPONSIBLE_COMPANY+RESPONSIBLE_ZIP,40,3044,93650,1.3
FED_CMS_MEDICARE_INPATIENT_HOSPITALS_BY_PROVIDER,FED_USCG_NRC_INCIDENT_REPORTS,NAME@ZIP,CORROBORATED,RNDRNG_PRVDR_ORG_NAME+RNDRNG_PRVDR_ZIP5,RESPONSIBLE_COMPANY+RESPONSIBLE_ZIP,6,3044,15011,0.2
FED_CMS_MEDICARE_INPATIENT_HOSPITALS_BY_PROVIDER,IRS527_RELATED_ENTITIES,NAME@ZIP,CORROBORATED,RNDRNG_PRVDR_ORG_NAME+RNDRNG_PRVDR_ZIP5,ENTITY_NAME+ENTITY_ZIP,14,3044,11739,0.5
FED_CMS_MEDICARE_INPATIENT_HOSPITALS_BY_PROVIDER_AND_SERVICE,FED_CMS_MEDICARE_OUTPATIENT_HOSPITALS_BY_PROVIDER_AND_SERVICE,CCN,STEEL,RNDRNG_PRVDR_CCN,RNDRNG_PRVDR_CCN,2833,2906,3126,97.5
FED_CMS_MEDICARE_INPATIENT_HOSPITALS_BY_PROVIDER_AND_SERVICE,FED_CMS_MEDICARE_OUTPATIENT_HOSPITALS_BY_PROVIDER_AND_SERVICE,NAME@ZIP,CORROBORATED,RNDRNG_PRVDR_ORG_NAME+RNDRNG_PRVDR_ZIP5,RNDRNG_PRVDR_ORG_NAME+RNDRNG_PRVDR_ZIP5,2797,2906,3121,96.2
FED_CMS_MEDICARE_INPATIENT_HOSPITALS_BY_PROVIDER_AND_SERVICE,FED_CMS_MEDICARE_PHYSICIAN_OTHER_PRACTITIONERS_BY_PROVIDER,NAME@ZIP,CORROBORATED,RNDRNG_PRVDR_ORG_NAME+RNDRNG_PRVDR_ZIP5,RNDRNG_PRVDR_LAST_ORG_NAME+RNDRNG_PRVDR_ZIP5,63,2906,1204005,2.2
FED_CMS_MEDICARE_INPATIENT_HOSPITALS_BY_PROVIDER_AND_SERVICE,FED_CMS_MEDICARE_PHYSICIAN_OTHER_PRACTITIONERS_BY_PROVIDER_AND_SERVI,NAME@ZIP,CORROBORATED,RNDRNG_PRVDR_ORG_NAME+RNDRNG_PRVDR_ZIP5,RNDRNG_PRVDR_LAST_ORG_NAME+RNDRNG_PRVDR_ZIP5,59,2906,1125418,2.0
FED_CMS_MEDICARE_INPATIENT_HOSPITALS_BY_PROVIDER_AND_SERVICE,FED_CMS_MEDICARE_PROVIDER,NAME@ZIP,CORROBORATED,RNDRNG_PRVDR_ORG_NAME+RNDRNG_PRVDR_ZIP5,RNDRNG_PRVDR_LAST_ORG_NAME+RNDRNG_PRVDR_ZIP5,63,2906,1204005,2.2
FED_CMS_MEDICARE_INPATIENT_HOSPITALS_BY_PROVIDER_AND_SERVICE,FED_CMS_NPPES,CCN~NPI,BRIDGE,,,3703,2906,9606683,127.4
FED_CMS_MEDICARE_INPATIENT_HOSPITALS_BY_PROVIDER_AND_SERVICE,FED_CMS_NURSING_HOME,NAME@ZIP,CORROBORATED,RNDRNG_PRVDR_ORG_NAME+RNDRNG_PRVDR_ZIP5,PROVIDER_NAME+ZIP_CODE,22,2906,14700,0.8
FED_CMS_MEDICARE_INPATIENT_HOSPITALS_BY_PROVIDER_AND_SERVICE,FED_CMS_NURSING_HOME_DEFICIENCIES,NAME@ZIP,CORROBORATED,RNDRNG_PRVDR_ORG_NAME+RNDRNG_PRVDR_ZIP5,PROVIDER_NAME+ZIP_CODE,22,2906,14632,0.8
FED_CMS_MEDICARE_INPATIENT_HOSPITALS_BY_PROVIDER_AND_SERVICE,FED_CMS_NURSING_HOME_FIRE_DEFICIENCIES,NAME@ZIP,CORROBORATED,RNDRNG_PRVDR_ORG_NAME+RNDRNG_PRVDR_ZIP5,PROVIDER_NAME+ZIP_CODE,19,2906,13914,0.7
FED_CMS_MEDICARE_INPATIENT_HOSPITALS_BY_PROVIDER_AND_SERVICE,FED_CMS_NURSING_HOME_PENALTIES,NAME@ZIP,CORROBORATED,RNDRNG_PRVDR_ORG_NAME+RNDRNG_PRVDR_ZIP5,PROVIDER_NAME+ZIP_CODE,6,2906,6831,0.2
FED_CMS_MEDICARE_INPATIENT_HOSPITALS_BY_PROVIDER_AND_SERVICE,FED_CMS_OPEN_PAYMENTS,CCN~NPI,BRIDGE,,,540,2906,979136,18.6
FED_CMS_MEDICARE_INPATIENT_HOSPITALS_BY_PROVIDER_AND_SERVICE,FED_CMS_OPEN_PAYMENTS_2022,CCN~NPI,BRIDGE,,,504,2906,863007,17.3
FED_CMS_MEDICARE_INPATIENT_HOSPITALS_BY_PROVIDER_AND_SERVICE,FED_CMS_OPEN_PAYMENTS_2023,CCN~NPI,BRIDGE,,,523,2906,933619,18.0
FED_CMS_MEDICARE_INPATIENT_HOSPITALS_BY_PROVIDER_AND_SERVICE,FED_CMS_OPEN_PAYMENTS_PROFILE_SUPPLEMENT,CCN~NPI,BRIDGE,,,760,2906,1681790,26.2
FED_CMS_MEDICARE_INPATIENT_HOSPITALS_BY_PROVIDER_AND_SERVICE,FED_CMS_OPIOID_TREATMENT_PROGRAM_PROVIDERS,NAME@ZIP,CORROBORATED,RNDRNG_PRVDR_ORG_NAME+RNDRNG_PRVDR_ZIP5,PROVIDER_NAME+ZIP,9,2906,1541,0.6
FED_CMS_MEDICARE_INPATIENT_HOSPITALS_BY_PROVIDER_AND_SERVICE,FED_CMS_ORDER_AND_REFERRING,CCN~NPI,BRIDGE,,,835,2906,2018350,28.7
FED_CMS_MEDICARE_INPATIENT_HOSPITALS_BY_PROVIDER_AND_SERVICE,FED_CMS_PARTD_PRESCRIBER_DRUG,CCN~NPI,BRIDGE,,,594,2906,1057566,20.4
FED_CMS_MEDICARE_INPATIENT_HOSPITALS_BY_PROVIDER_AND_SERVICE,FED_CMS_PART_D_PRESCRIBERS,CCN~NPI,BRIDGE,,,726,2906,1416883,25.0
FED_CMS_MEDICARE_INPATIENT_HOSPITALS_BY_PROVIDER_AND_SERVICE,FED_CMS_PECOS_PROVIDER_ENROLLMENT,CCN~NPI,BRIDGE,,,3686,2906,2541258,126.8
FED_CMS_MEDICARE_INPATIENT_HOSPITALS_BY_PROVIDER_AND_SERVICE,FED_CMS_POS_OTHER,CCN,STEEL,RNDRNG_PRVDR_CCN,CCN,2906,2906,41262,100.0
FED_CMS_MEDICARE_INPATIENT_HOSPITALS_BY_PROVIDER_AND_SERVICE,FED_CMS_POS_OTHER,NAME@ZIP,CORROBORATED,RNDRNG_PRVDR_ORG_NAME+RNDRNG_PRVDR_ZIP5,FAC_NAME+ZIP_CD,2812,2906,40109,96.8
FED_CMS_MEDICARE_INPATIENT_HOSPITALS_BY_PROVIDER_AND_SERVICE,FED_CMS_QUALITY_PAYMENT_PROGRAM_EXPERIENCE,CCN~NPI,BRIDGE,,,214,2906,453202,7.4
FED_CMS_MEDICARE_INPATIENT_HOSPITALS_BY_PROVIDER_AND_SERVICE,FED_CMS_RURAL_HEALTH_CLINIC_ENROLLMENTS,NAME@ZIP,CORROBORATED,RNDRNG_PRVDR_ORG_NAME+RNDRNG_PRVDR_ZIP5,DOING_BUSINESS_AS_NAME+ZIP_CODE,17,2906,4513,0.6
FED_CMS_MEDICARE_INPATIENT_HOSPITALS_BY_PROVIDER_AND_SERVICE,FED_CMS_SKILLED_NURSING_FACILITY_ENROLLMENTS,NAME@ZIP,CORROBORATED,RNDRNG_PRVDR_ORG_NAME+RNDRNG_PRVDR_ZIP5,NURSING_HOME_PROVIDER_NAME+ZIP_CODE,21,2906,14044,0.7
FED_CMS_MEDICARE_INPATIENT_HOSPITALS_BY_PROVIDER_AND_SERVICE,FED_DEA_ARCOS_FULL,NAME@ZIP,CORROBORATED,RNDRNG_PRVDR_ORG_NAME+RNDRNG_PRVDR_ZIP5,BUYER_NAME+BUYER_ZIP,44,2906,127173,1.5
FED_CMS_MEDICARE_INPATIENT_HOSPITALS_BY_PROVIDER_AND_SERVICE,FED_EIA860_1_UTILITY,NAME@ZIP,CORROBORATED,RNDRNG_PRVDR_ORG_NAME+RNDRNG_PRVDR_ZIP5,UTILITY_NAME+ZIP,16,2906,5530,0.6
FED_CMS_MEDICARE_INPATIENT_HOSPITALS_BY_PROVIDER_AND_SERVICE,FED_EIA860_2_PLANT,NAME@ZIP,CORROBORATED,RNDRNG_PRVDR_ORG_NAME+RNDRNG_PRVDR_ZIP5,PLANT_NAME+ZIP,20,2906,14083,0.7
FED_CMS_MEDICARE_INPATIENT_HOSPITALS_BY_PROVIDER_AND_SERVICE,FED_EPA_FRS_FRS_FACILITIES,NAME@ZIP,CORROBORATED,RNDRNG_PRVDR_ORG_NAME+RNDRNG_PRVDR_ZIP5,FAC_NAME+FAC_ZIP,1035,2906,2699357,35.6
FED_CMS_MEDICARE_INPATIENT_HOSPITALS_BY_PROVIDER_AND_SERVICE,FED_EPA_FRS_FRS_PROGRAM_LINKS,NAME@ZIP,CORROBORATED,RNDRNG_PRVDR_ORG_NAME+RNDRNG_PRVDR_ZIP5,PRIMARY_NAME+POSTAL_CODE,1345,2906,3338955,46.3
FED_CMS_MEDICARE_INPATIENT_HOSPITALS_BY_PROVIDER_AND_SERVICE,FED_EPA_FRS_FULL,NAME@ZIP,CORROBORATED,RNDRNG_PRVDR_ORG_NAME+RNDRNG_PRVDR_ZIP5,PRIMARY_NAME+POSTAL_CODE,1144,2906,4325132,39.4
FED_CMS_MEDICARE_INPATIENT_HOSPITALS_BY_PROVIDER_AND_SERVICE,FED_EPA_GHGRP_FACILITY,NAME@ZIP,CORROBORATED,RNDRNG_PRVDR_ORG_NAME+RNDRNG_PRVDR_ZIP5,FACILITY_NAME+ZIP,15,2906,12485,0.5
FED_CMS_MEDICARE_INPATIENT_HOSPITALS_BY_PROVIDER_AND_SERVICE,FED_EPA_ICIS_AIR_ICIS_AIR_FACILITIES,NAME@ZIP,CORROBORATED,RNDRNG_PRVDR_ORG_NAME+RNDRNG_PRVDR_ZIP5,FACILITY_NAME+ZIP_CODE,367,2906,270351,12.6
FED_CMS_MEDICARE_INPATIENT_HOSPITALS_BY_PROVIDER_AND_SERVICE,FED_EPA_ICIS_FEC_CASE_ENFORCEMENT_CONCLUSION_FACILITIES,NAME@ZIP,CORROBORATED,RNDRNG_PRVDR_ORG_NAME+RNDRNG_PRVDR_ZIP5,FACILITY_NAME+FACILITY_ZIP,96,2906,108488,3.3
FED_CMS_MEDICARE_INPATIENT_HOSPITALS_BY_PROVIDER_AND_SERVICE,FED_EPA_ICIS_FEC_CASE_FACILITIES,NAME@ZIP,CORROBORATED,RNDRNG_PRVDR_ORG_NAME+RNDRNG_PRVDR_ZIP5,FACILITY_NAME+ZIP,100,2906,117594,3.4
FED_CMS_MEDICARE_INPATIENT_HOSPITALS_BY_PROVIDER_AND_SERVICE,FED_EPA_NPDES_ICIS_FACILITIES,NAME@ZIP,CORROBORATED,RNDRNG_PRVDR_ORG_NAME+RNDRNG_PRVDR_ZIP5,FACILITY_NAME+ZIP,182,2906,1077821,6.3
FED_CMS_MEDICARE_INPATIENT_HOSPITALS_BY_PROVIDER_AND_SERVICE,FED_EPA_RCRA_FACILITIES,NAME@ZIP,CORROBORATED,RNDRNG_PRVDR_ORG_NAME+RNDRNG_PRVDR_ZIP5,FACILITY_NAME+ZIP_CODE,1081,2906,1429903,37.2
FED_CMS_MEDICARE_INPATIENT_HOSPITALS_BY_PROVIDER_AND_SERVICE,FED_EPA_RCRA_RCRA_FACILITIES,NAME@ZIP,CORROBORATED,RNDRNG_PRVDR_ORG_NAME+RNDRNG_PRVDR_ZIP5,FACILITY_NAME+ZIP_CODE,1081,2906,1429903,37.2
FED_CMS_MEDICARE_INPATIENT_HOSPITALS_BY_PROVIDER_AND_SERVICE,FED_EPA_SDWA_SDWA_PUB_WATER_SYSTEMS,NAME@ZIP,CORROBORATED,RNDRNG_PRVDR_ORG_NAME+RNDRNG_PRVDR_ZIP5,PWS_NAME+ZIP_CODE,48,2906,395686,1.7
FED_CMS_MEDICARE_INPATIENT_HOSPITALS_BY_PROVIDER_AND_SERVICE,FED_FAA_AIRCRAFT_REGISTRY,NAME@ZIP,CORROBORATED,RNDRNG_PRVDR_ORG_NAME+RNDRNG_PRVDR_ZIP5,NAME+ZIP_CODE,14,2906,205605,0.5
FED_CMS_MEDICARE_INPATIENT_HOSPITALS_BY_PROVIDER_AND_SERVICE,FED_FAC_SINGLE_AUDIT,NAME@ZIP,CORROBORATED,RNDRNG_PRVDR_ORG_NAME+RNDRNG_PRVDR_ZIP5,AUDITEE_NAME+AUDITEE_ZIP,230,2906,103191,7.9
FED_CMS_MEDICARE_INPATIENT_HOSPITALS_BY_PROVIDER_AND_SERVICE,FED_FCC_LICENSING,NAME@ZIP,CORROBORATED,RNDRNG_PRVDR_ORG_NAME+RNDRNG_PRVDR_ZIP5,ENTITY_NAME+ZIP_CODE,8,2906,1502987,0.3
FED_CMS_MEDICARE_INPATIENT_HOSPITALS_BY_PROVIDER_AND_SERVICE,FED_HRSA_HPSA_PRIMARY_CARE,NAME@ZIP,CORROBORATED,RNDRNG_PRVDR_ORG_NAME+RNDRNG_PRVDR_ZIP5,HPSA_COMPONENT_NAME+COMMON_POSTAL_CODE,19,2906,6952,0.7
FED_CMS_MEDICARE_INPATIENT_HOSPITALS_BY_PROVIDER_AND_SERVICE,FED_HRSA_SHORTAGE_AREAS,NAME@ZIP,CORROBORATED,RNDRNG_PRVDR_ORG_NAME+RNDRNG_PRVDR_ZIP5,HPSA_COMPONENT_NAME+COMMON_POSTAL_CODE,23,2906,7829,0.8
FED_CMS_MEDICARE_INPATIENT_HOSPITALS_BY_PROVIDER_AND_SERVICE,FED_HRSA_UDS_SERVICE_DELIVERY_SITES,NAME@ZIP,CORROBORATED,RNDRNG_PRVDR_ORG_NAME+RNDRNG_PRVDR_ZIP5,SITE_NAME+SITE_POSTAL_CODE,5,2906,18468,0.2
FED_CMS_MEDICARE_INPATIENT_HOSPITALS_BY_PROVIDER_AND_SERVICE,FED_ICE_DETENTION_FACILITY_CODES,NAME@ZIP,CORROBORATED,RNDRNG_PRVDR_ORG_NAME+RNDRNG_PRVDR_ZIP5,DETENTION_FACILITY_NAME+ZIP,57,2906,1327,4.3
FED_CMS_MEDICARE_INPATIENT_HOSPITALS_BY_PROVIDER_AND_SERVICE,FED_IRS_AUTO_REVOCATIONS,NAME@ZIP,CORROBORATED,RNDRNG_PRVDR_ORG_NAME+RNDRNG_PRVDR_ZIP5,LEGAL_NAME+ZIP_CODE,31,2906,1149844,1.1
FED_CMS_MEDICARE_INPATIENT_HOSPITALS_BY_PROVIDER_AND_SERVICE,FED_IRS_BMF,NAME@ZIP,CORROBORATED,RNDRNG_PRVDR_ORG_NAME+RNDRNG_PRVDR_ZIP5,NAME+ZIP,445,2906,1868041,15.3
FED_CMS_MEDICARE_INPATIENT_HOSPITALS_BY_PROVIDER_AND_SERVICE,FED_IRS_EO_BMF,NAME@ZIP,CORROBORATED,RNDRNG_PRVDR_ORG_NAME+RNDRNG_PRVDR_ZIP5,NAME+ZIP,438,2906,1878425,15.1
FED_CMS_MEDICARE_INPATIENT_HOSPITALS_BY_PROVIDER_AND_SERVICE,FED_IRS_REVOCATION,NAME@ZIP,CORROBORATED,RNDRNG_PRVDR_ORG_NAME+RNDRNG_PRVDR_ZIP5,LEGAL_NAME+ZIP_CODE,31,2906,1149230,1.1
FED_CMS_MEDICARE_INPATIENT_HOSPITALS_BY_PROVIDER_AND_SERVICE,FED_OSHA_ITA_300A_SUMMARY_2023,NAME@ZIP,CORROBORATED,RNDRNG_PRVDR_ORG_NAME+RNDRNG_PRVDR_ZIP5,ESTABLISHMENT_NAME+ZIP_CODE,864,2906,373106,29.7
FED_CMS_MEDICARE_INPATIENT_HOSPITALS_BY_PROVIDER_AND_SERVICE,FED_OSHA_ITA_300A_SUMMARY_2024,NAME@ZIP,CORROBORATED,RNDRNG_PRVDR_ORG_NAME+RNDRNG_PRVDR_ZIP5,ESTABLISHMENT_NAME+ZIP_CODE,903,2906,360069,31.1
FED_CMS_MEDICARE_INPATIENT_HOSPITALS_BY_PROVIDER_AND_SERVICE,FED_OSHA_ITA_300A_SUMMARY_2025,NAME@ZIP,CORROBORATED,RNDRNG_PRVDR_ORG_NAME+RNDRNG_PRVDR_ZIP5,ESTABLISHMENT_NAME+ZIP_CODE,920,2906,375575,31.7
FED_CMS_MEDICARE_INPATIENT_HOSPITALS_BY_PROVIDER_AND_SERVICE,FED_OSHA_ITA_CASE_DETAIL_2023,NAME@ZIP,CORROBORATED,RNDRNG_PRVDR_ORG_NAME+RNDRNG_PRVDR_ZIP5,ESTABLISHMENT_NAME+ZIP_CODE,665,2906,85607,22.9
FED_CMS_MEDICARE_INPATIENT_HOSPITALS_BY_PROVIDER_AND_SERVICE,FED_OSHA_ITA_CASE_DETAIL_2024,NAME@ZIP,CORROBORATED,RNDRNG_PRVDR_ORG_NAME+RNDRNG_PRVDR_ZIP5,ESTABLISHMENT_NAME+ZIP_CODE,646,2906,59854,22.2
FED_CMS_MEDICARE_INPATIENT_HOSPITALS_BY_PROVIDER_AND_SERVICE,FED_OSHA_ITA_CASE_DETAIL_2025,NAME@ZIP,CORROBORATED,RNDRNG_PRVDR_ORG_NAME+RNDRNG_PRVDR_ZIP5,ESTABLISHMENT_NAME+ZIP_CODE,433,2906,33457,14.9
FED_CMS_MEDICARE_INPATIENT_HOSPITALS_BY_PROVIDER_AND_SERVICE,FED_USASPENDING_CONTRACTS,NAME@ZIP,CORROBORATED,RNDRNG_PRVDR_ORG_NAME+RNDRNG_PRVDR_ZIP5,RECIPIENT_NAME+RECIPIENT_ZIP_4_CODE,71,2906,91616,2.4
FED_CMS_MEDICARE_INPATIENT_HOSPITALS_BY_PROVIDER_AND_SERVICE,FED_USCG_NRC_INCIDENTS,NAME@ZIP,CORROBORATED,RNDRNG_PRVDR_ORG_NAME+RNDRNG_PRVDR_ZIP5,RESPONSIBLE_COMPANY+RESPONSIBLE_ZIP,39,2906,93650,1.3
FED_CMS_MEDICARE_INPATIENT_HOSPITALS_BY_PROVIDER_AND_SERVICE,FED_USCG_NRC_INCIDENT_REPORTS,NAME@ZIP,CORROBORATED,RNDRNG_PRVDR_ORG_NAME+RNDRNG_PRVDR_ZIP5,RESPONSIBLE_COMPANY+RESPONSIBLE_ZIP,6,2906,15011,0.2
FED_CMS_MEDICARE_INPATIENT_HOSPITALS_BY_PROVIDER_AND_SERVICE,IRS527_RELATED_ENTITIES,NAME@ZIP,CORROBORATED,RNDRNG_PRVDR_ORG_NAME+RNDRNG_PRVDR_ZIP5,ENTITY_NAME+ENTITY_ZIP,14,2906,11739,0.5
FED_CMS_MEDICARE_OUTPATIENT_HOSPITALS_BY_PROVIDER_AND_SERVICE,FED_CMS_MEDICARE_PHYSICIAN_OTHER_PRACTITIONERS_BY_PROVIDER,NAME@ZIP,CORROBORATED,RNDRNG_PRVDR_ORG_NAME+RNDRNG_PRVDR_ZIP5,RNDRNG_PRVDR_LAST_ORG_NAME+RNDRNG_PRVDR_ZIP5,58,3121,1204005,1.9
FED_CMS_MEDICARE_OUTPATIENT_HOSPITALS_BY_PROVIDER_AND_SERVICE,FED_CMS_MEDICARE_PHYSICIAN_OTHER_PRACTITIONERS_BY_PROVIDER_AND_SERVI,NAME@ZIP,CORROBORATED,RNDRNG_PRVDR_ORG_NAME+RNDRNG_PRVDR_ZIP5,RNDRNG_PRVDR_LAST_ORG_NAME+RNDRNG_PRVDR_ZIP5,54,3121,1125418,1.7
FED_CMS_MEDICARE_OUTPATIENT_HOSPITALS_BY_PROVIDER_AND_SERVICE,FED_CMS_MEDICARE_PROVIDER,NAME@ZIP,CORROBORATED,RNDRNG_PRVDR_ORG_NAME+RNDRNG_PRVDR_ZIP5,RNDRNG_PRVDR_LAST_ORG_NAME+RNDRNG_PRVDR_ZIP5,58,3121,1204005,1.9
FED_CMS_MEDICARE_OUTPATIENT_HOSPITALS_BY_PROVIDER_AND_SERVICE,FED_CMS_NPPES,CCN~NPI,BRIDGE,,,5458,3126,9606683,174.6
FED_CMS_MEDICARE_OUTPATIENT_HOSPITALS_BY_PROVIDER_AND_SERVICE,FED_CMS_NURSING_HOME,NAME@ZIP,CORROBORATED,RNDRNG_PRVDR_ORG_NAME+RNDRNG_PRVDR_ZIP5,PROVIDER_NAME+ZIP_CODE,22,3121,14700,0.7
FED_CMS_MEDICARE_OUTPATIENT_HOSPITALS_BY_PROVIDER_AND_SERVICE,FED_CMS_NURSING_HOME_DEFICIENCIES,NAME@ZIP,CORROBORATED,RNDRNG_PRVDR_ORG_NAME+RNDRNG_PRVDR_ZIP5,PROVIDER_NAME+ZIP_CODE,22,3121,14632,0.7
FED_CMS_MEDICARE_OUTPATIENT_HOSPITALS_BY_PROVIDER_AND_SERVICE,FED_CMS_NURSING_HOME_FIRE_DEFICIENCIES,NAME@ZIP,CORROBORATED,RNDRNG_PRVDR_ORG_NAME+RNDRNG_PRVDR_ZIP5,PROVIDER_NAME+ZIP_CODE,19,3121,13914,0.6
FED_CMS_MEDICARE_OUTPATIENT_HOSPITALS_BY_PROVIDER_AND_SERVICE,FED_CMS_NURSING_HOME_PENALTIES,NAME@ZIP,CORROBORATED,RNDRNG_PRVDR_ORG_NAME+RNDRNG_PRVDR_ZIP5,PROVIDER_NAME+ZIP_CODE,6,3121,6831,0.2
FED_CMS_MEDICARE_OUTPATIENT_HOSPITALS_BY_PROVIDER_AND_SERVICE,FED_CMS_OPEN_PAYMENTS,CCN~NPI,BRIDGE,,,1441,3126,979136,46.1
FED_CMS_MEDICARE_OUTPATIENT_HOSPITALS_BY_PROVIDER_AND_SERVICE,FED_CMS_OPEN_PAYMENTS_2022,CCN~NPI,BRIDGE,,,1344,3126,863007,43.0
FED_CMS_MEDICARE_OUTPATIENT_HOSPITALS_BY_PROVIDER_AND_SERVICE,FED_CMS_OPEN_PAYMENTS_2023,CCN~NPI,BRIDGE,,,1418,3126,933619,45.4
FED_CMS_MEDICARE_OUTPATIENT_HOSPITALS_BY_PROVIDER_AND_SERVICE,FED_CMS_OPEN_PAYMENTS_PROFILE_SUPPLEMENT,CCN~NPI,BRIDGE,,,2101,3126,1681790,67.2
FED_CMS_MEDICARE_OUTPATIENT_HOSPITALS_BY_PROVIDER_AND_SERVICE,FED_CMS_OPIOID_TREATMENT_PROGRAM_PROVIDERS,NAME@ZIP,CORROBORATED,RNDRNG_PRVDR_ORG_NAME+RNDRNG_PRVDR_ZIP5,PROVIDER_NAME+ZIP,9,3121,1541,0.6
FED_CMS_MEDICARE_OUTPATIENT_HOSPITALS_BY_PROVIDER_AND_SERVICE,FED_CMS_OPT_OUT_AFFIDAVITS,CCN~NPI,BRIDGE,,,3,3126,56455,0.1
FED_CMS_MEDICARE_OUTPATIENT_HOSPITALS_BY_PROVIDER_AND_SERVICE,FED_CMS_ORDER_AND_REFERRING,CCN~NPI,BRIDGE,,,2375,3126,2018350,76.0
FED_CMS_MEDICARE_OUTPATIENT_HOSPITALS_BY_PROVIDER_AND_SERVICE,FED_CMS_PARTD_PRESCRIBER_DRUG,CCN~NPI,BRIDGE,,,1644,3126,1057566,52.6
FED_CMS_MEDICARE_OUTPATIENT_HOSPITALS_BY_PROVIDER_AND_SERVICE,FED_CMS_PART_D_PRESCRIBERS,CCN~NPI,BRIDGE,,,1976,3126,1416883,63.2
FED_CMS_MEDICARE_OUTPATIENT_HOSPITALS_BY_PROVIDER_AND_SERVICE,FED_CMS_PECOS_PROVIDER_ENROLLMENT,CCN~NPI,BRIDGE,,,5435,3126,2541258,173.9
FED_CMS_MEDICARE_OUTPATIENT_HOSPITALS_BY_PROVIDER_AND_SERVICE,FED_CMS_POS_OTHER,CCN,STEEL,RNDRNG_PRVDR_CCN,CCN,3126,3126,41262,100.0
FED_CMS_MEDICARE_OUTPATIENT_HOSPITALS_BY_PROVIDER_AND_SERVICE,FED_CMS_POS_OTHER,NAME@ZIP,CORROBORATED,RNDRNG_PRVDR_ORG_NAME+RNDRNG_PRVDR_ZIP5,FAC_NAME+ZIP_CD,2984,3121,40109,95.6
FED_CMS_MEDICARE_OUTPATIENT_HOSPITALS_BY_PROVIDER_AND_SERVICE,FED_CMS_QUALITY_PAYMENT_PROGRAM_EXPERIENCE,CCN~NPI,BRIDGE,,,686,3126,453202,21.9
FED_CMS_MEDICARE_OUTPATIENT_HOSPITALS_BY_PROVIDER_AND_SERVICE,FED_CMS_RURAL_HEALTH_CLINIC_ENROLLMENTS,NAME@ZIP,CORROBORATED,RNDRNG_PRVDR_ORG_NAME+RNDRNG_PRVDR_ZIP5,DOING_BUSINESS_AS_NAME+ZIP_CODE,20,3121,4513,0.6
FED_CMS_MEDICARE_OUTPATIENT_HOSPITALS_BY_PROVIDER_AND_SERVICE,FED_CMS_SKILLED_NURSING_FACILITY_ENROLLMENTS,NAME@ZIP,CORROBORATED,RNDRNG_PRVDR_ORG_NAME+RNDRNG_PRVDR_ZIP5,NURSING_HOME_PROVIDER_NAME+ZIP_CODE,22,3121,14044,0.7
FED_CMS_MEDICARE_OUTPATIENT_HOSPITALS_BY_PROVIDER_AND_SERVICE,FED_DEA_ARCOS_FULL,NAME@ZIP,CORROBORATED,RNDRNG_PRVDR_ORG_NAME+RNDRNG_PRVDR_ZIP5,BUYER_NAME+BUYER_ZIP,47,3121,127173,1.5
FED_CMS_MEDICARE_OUTPATIENT_HOSPITALS_BY_PROVIDER_AND_SERVICE,FED_EIA860_1_UTILITY,NAME@ZIP,CORROBORATED,RNDRNG_PRVDR_ORG_NAME+RNDRNG_PRVDR_ZIP5,UTILITY_NAME+ZIP,17,3121,5530,0.5
FED_CMS_MEDICARE_OUTPATIENT_HOSPITALS_BY_PROVIDER_AND_SERVICE,FED_EIA860_2_PLANT,NAME@ZIP,CORROBORATED,RNDRNG_PRVDR_ORG_NAME+RNDRNG_PRVDR_ZIP5,PLANT_NAME+ZIP,21,3121,14083,0.7
FED_CMS_MEDICARE_OUTPATIENT_HOSPITALS_BY_PROVIDER_AND_SERVICE,FED_EPA_FRS_FRS_FACILITIES,NAME@ZIP,CORROBORATED,RNDRNG_PRVDR_ORG_NAME+RNDRNG_PRVDR_ZIP5,FAC_NAME+FAC_ZIP,1097,3121,2699357,35.1
FED_CMS_MEDICARE_OUTPATIENT_HOSPITALS_BY_PROVIDER_AND_SERVICE,FED_EPA_FRS_FRS_PROGRAM_LINKS,NAME@ZIP,CORROBORATED,RNDRNG_PRVDR_ORG_NAME+RNDRNG_PRVDR_ZIP5,PRIMARY_NAME+POSTAL_CODE,1406,3121,3338955,45.0
FED_CMS_MEDICARE_OUTPATIENT_HOSPITALS_BY_PROVIDER_AND_SERVICE,FED_EPA_FRS_FULL,NAME@ZIP,CORROBORATED,RNDRNG_PRVDR_ORG_NAME+RNDRNG_PRVDR_ZIP5,PRIMARY_NAME+POSTAL_CODE,1216,3121,4325132,39.0
FED_CMS_MEDICARE_OUTPATIENT_HOSPITALS_BY_PROVIDER_AND_SERVICE,FED_EPA_GHGRP_FACILITY,NAME@ZIP,CORROBORATED,RNDRNG_PRVDR_ORG_NAME+RNDRNG_PRVDR_ZIP5,FACILITY_NAME+ZIP,15,3121,12485,0.5
FED_CMS_MEDICARE_OUTPATIENT_HOSPITALS_BY_PROVIDER_AND_SERVICE,FED_EPA_ICIS_AIR_ICIS_AIR_FACILITIES,NAME@ZIP,CORROBORATED,RNDRNG_PRVDR_ORG_NAME+RNDRNG_PRVDR_ZIP5,FACILITY_NAME+ZIP_CODE,379,3121,270351,12.1
FED_CMS_MEDICARE_OUTPATIENT_HOSPITALS_BY_PROVIDER_AND_SERVICE,FED_EPA_ICIS_FEC_CASE_ENFORCEMENT_CONCLUSION_FACILITIES,NAME@ZIP,CORROBORATED,RNDRNG_PRVDR_ORG_NAME+RNDRNG_PRVDR_ZIP5,FACILITY_NAME+FACILITY_ZIP,94,3121,108488,3.0
FED_CMS_MEDICARE_OUTPATIENT_HOSPITALS_BY_PROVIDER_AND_SERVICE,FED_EPA_ICIS_FEC_CASE_FACILITIES,NAME@ZIP,CORROBORATED,RNDRNG_PRVDR_ORG_NAME+RNDRNG_PRVDR_ZIP5,FACILITY_NAME+ZIP,97,3121,117594,3.1
FED_CMS_MEDICARE_OUTPATIENT_HOSPITALS_BY_PROVIDER_AND_SERVICE,FED_EPA_NPDES_ICIS_FACILITIES,NAME@ZIP,CORROBORATED,RNDRNG_PRVDR_ORG_NAME+RNDRNG_PRVDR_ZIP5,FACILITY_NAME+ZIP,188,3121,1077821,6.0
FED_CMS_MEDICARE_OUTPATIENT_HOSPITALS_BY_PROVIDER_AND_SERVICE,FED_EPA_RCRA_FACILITIES,NAME@ZIP,CORROBORATED,RNDRNG_PRVDR_ORG_NAME+RNDRNG_PRVDR_ZIP5,FACILITY_NAME+ZIP_CODE,1131,3121,1429903,36.2
FED_CMS_MEDICARE_OUTPATIENT_HOSPITALS_BY_PROVIDER_AND_SERVICE,FED_EPA_RCRA_RCRA_FACILITIES,NAME@ZIP,CORROBORATED,RNDRNG_PRVDR_ORG_NAME+RNDRNG_PRVDR_ZIP5,FACILITY_NAME+ZIP_CODE,1131,3121,1429903,36.2
FED_CMS_MEDICARE_OUTPATIENT_HOSPITALS_BY_PROVIDER_AND_SERVICE,FED_EPA_SDWA_SDWA_PUB_WATER_SYSTEMS,NAME@ZIP,CORROBORATED,RNDRNG_PRVDR_ORG_NAME+RNDRNG_PRVDR_ZIP5,PWS_NAME+ZIP_CODE,46,3121,395686,1.5
FED_CMS_MEDICARE_OUTPATIENT_HOSPITALS_BY_PROVIDER_AND_SERVICE,FED_FAA_AIRCRAFT_REGISTRY,NAME@ZIP,CORROBORATED,RNDRNG_PRVDR_ORG_NAME+RNDRNG_PRVDR_ZIP5,NAME+ZIP_CODE,14,3121,205605,0.4
FED_CMS_MEDICARE_OUTPATIENT_HOSPITALS_BY_PROVIDER_AND_SERVICE,FED_FAC_SINGLE_AUDIT,NAME@ZIP,CORROBORATED,RNDRNG_PRVDR_ORG_NAME+RNDRNG_PRVDR_ZIP5,AUDITEE_NAME+AUDITEE_ZIP,255,3121,103191,8.2
FED_CMS_MEDICARE_OUTPATIENT_HOSPITALS_BY_PROVIDER_AND_SERVICE,FED_FCC_LICENSING,NAME@ZIP,CORROBORATED,RNDRNG_PRVDR_ORG_NAME+RNDRNG_PRVDR_ZIP5,ENTITY_NAME+ZIP_CODE,8,3121,1502987,0.3
FED_CMS_MEDICARE_OUTPATIENT_HOSPITALS_BY_PROVIDER_AND_SERVICE,FED_HRSA_HPSA_PRIMARY_CARE,NAME@ZIP,CORROBORATED,RNDRNG_PRVDR_ORG_NAME+RNDRNG_PRVDR_ZIP5,HPSA_COMPONENT_NAME+COMMON_POSTAL_CODE,13,3121,6952,0.4
FED_CMS_MEDICARE_OUTPATIENT_HOSPITALS_BY_PROVIDER_AND_SERVICE,FED_HRSA_SHORTAGE_AREAS,NAME@ZIP,CORROBORATED,RNDRNG_PRVDR_ORG_NAME+RNDRNG_PRVDR_ZIP5,HPSA_COMPONENT_NAME+COMMON_POSTAL_CODE,18,3121,7829,0.6
FED_CMS_MEDICARE_OUTPATIENT_HOSPITALS_BY_PROVIDER_AND_SERVICE,FED_HRSA_UDS_SERVICE_DELIVERY_SITES,NAME@ZIP,CORROBORATED,RNDRNG_PRVDR_ORG_NAME+RNDRNG_PRVDR_ZIP5,SITE_NAME+SITE_POSTAL_CODE,5,3121,18468,0.2
FED_CMS_MEDICARE_OUTPATIENT_HOSPITALS_BY_PROVIDER_AND_SERVICE,FED_ICE_DETENTION_FACILITY_CODES,NAME@ZIP,CORROBORATED,RNDRNG_PRVDR_ORG_NAME+RNDRNG_PRVDR_ZIP5,DETENTION_FACILITY_NAME+ZIP,59,3121,1327,4.4
FED_CMS_MEDICARE_OUTPATIENT_HOSPITALS_BY_PROVIDER_AND_SERVICE,FED_IRS_AUTO_REVOCATIONS,NAME@ZIP,CORROBORATED,RNDRNG_PRVDR_ORG_NAME+RNDRNG_PRVDR_ZIP5,LEGAL_NAME+ZIP_CODE,37,3121,1149844,1.2
FED_CMS_MEDICARE_OUTPATIENT_HOSPITALS_BY_PROVIDER_AND_SERVICE,FED_IRS_BMF,NAME@ZIP,CORROBORATED,RNDRNG_PRVDR_ORG_NAME+RNDRNG_PRVDR_ZIP5,NAME+ZIP,458,3121,1868041,14.7
FED_CMS_MEDICARE_OUTPATIENT_HOSPITALS_BY_PROVIDER_AND_SERVICE,FED_IRS_EO_BMF,NAME@ZIP,CORROBORATED,RNDRNG_PRVDR_ORG_NAME+RNDRNG_PRVDR_ZIP5,NAME+ZIP,450,3121,1878425,14.4
FED_CMS_MEDICARE_OUTPATIENT_HOSPITALS_BY_PROVIDER_AND_SERVICE,FED_IRS_REVOCATION,NAME@ZIP,CORROBORATED,RNDRNG_PRVDR_ORG_NAME+RNDRNG_PRVDR_ZIP5,LEGAL_NAME+ZIP_CODE,37,3121,1149230,1.2
FED_CMS_MEDICARE_OUTPATIENT_HOSPITALS_BY_PROVIDER_AND_SERVICE,FED_OSHA_ITA_300A_SUMMARY_2023,NAME@ZIP,CORROBORATED,RNDRNG_PRVDR_ORG_NAME+RNDRNG_PRVDR_ZIP5,ESTABLISHMENT_NAME+ZIP_CODE,901,3121,373106,28.9
FED_CMS_MEDICARE_OUTPATIENT_HOSPITALS_BY_PROVIDER_AND_SERVICE,FED_OSHA_ITA_300A_SUMMARY_2024,NAME@ZIP,CORROBORATED,RNDRNG_PRVDR_ORG_NAME+RNDRNG_PRVDR_ZIP5,ESTABLISHMENT_NAME+ZIP_CODE,934,3121,360069,29.9
FED_CMS_MEDICARE_OUTPATIENT_HOSPITALS_BY_PROVIDER_AND_SERVICE,FED_OSHA_ITA_300A_SUMMARY_2025,NAME@ZIP,CORROBORATED,RNDRNG_PRVDR_ORG_NAME+RNDRNG_PRVDR_ZIP5,ESTABLISHMENT_NAME+ZIP_CODE,937,3121,375575,30.0
FED_CMS_MEDICARE_OUTPATIENT_HOSPITALS_BY_PROVIDER_AND_SERVICE,FED_OSHA_ITA_CASE_DETAIL_2023,NAME@ZIP,CORROBORATED,RNDRNG_PRVDR_ORG_NAME+RNDRNG_PRVDR_ZIP5,ESTABLISHMENT_NAME+ZIP_CODE,687,3121,85607,22.0
FED_CMS_MEDICARE_OUTPATIENT_HOSPITALS_BY_PROVIDER_AND_SERVICE,FED_OSHA_ITA_CASE_DETAIL_2024,NAME@ZIP,CORROBORATED,RNDRNG_PRVDR_ORG_NAME+RNDRNG_PRVDR_ZIP5,ESTABLISHMENT_NAME+ZIP_CODE,666,3121,59854,21.3
FED_CMS_MEDICARE_OUTPATIENT_HOSPITALS_BY_PROVIDER_AND_SERVICE,FED_OSHA_ITA_CASE_DETAIL_2025,NAME@ZIP,CORROBORATED,RNDRNG_PRVDR_ORG_NAME+RNDRNG_PRVDR_ZIP5,ESTABLISHMENT_NAME+ZIP_CODE,437,3121,33457,14.0
FED_CMS_MEDICARE_OUTPATIENT_HOSPITALS_BY_PROVIDER_AND_SERVICE,FED_USASPENDING_CONTRACTS,NAME@ZIP,CORROBORATED,RNDRNG_PRVDR_ORG_NAME+RNDRNG_PRVDR_ZIP5,RECIPIENT_NAME+RECIPIENT_ZIP_4_CODE,82,3121,91616,2.6
FED_CMS_MEDICARE_OUTPATIENT_HOSPITALS_BY_PROVIDER_AND_SERVICE,FED_USCG_NRC_INCIDENTS,NAME@ZIP,CORROBORATED,RNDRNG_PRVDR_ORG_NAME+RNDRNG_PRVDR_ZIP5,RESPONSIBLE_COMPANY+RESPONSIBLE_ZIP,39,3121,93650,1.2
FED_CMS_MEDICARE_OUTPATIENT_HOSPITALS_BY_PROVIDER_AND_SERVICE,FED_USCG_NRC_INCIDENT_REPORTS,NAME@ZIP,CORROBORATED,RNDRNG_PRVDR_ORG_NAME+RNDRNG_PRVDR_ZIP5,RESPONSIBLE_COMPANY+RESPONSIBLE_ZIP,6,3121,15011,0.2
FED_CMS_MEDICARE_OUTPATIENT_HOSPITALS_BY_PROVIDER_AND_SERVICE,IRS527_RELATED_ENTITIES,NAME@ZIP,CORROBORATED,RNDRNG_PRVDR_ORG_NAME+RNDRNG_PRVDR_ZIP5,ENTITY_NAME+ENTITY_ZIP,14,3121,11739,0.4
FED_CMS_MEDICARE_PHYSICIAN_OTHER_PRACTITIONERS_BY_PROVIDER,FED_CMS_MEDICARE_PHYSICIAN_OTHER_PRACTITIONERS_BY_PROVIDER_AND_SERVI,NAME@ZIP,CORROBORATED,RNDRNG_PRVDR_LAST_ORG_NAME+RNDRNG_PRVDR_ZIP5,RNDRNG_PRVDR_LAST_ORG_NAME+RNDRNG_PRVDR_ZIP5,1125418,1204005,1125418,100.0
FED_CMS_MEDICARE_PHYSICIAN_OTHER_PRACTITIONERS_BY_PROVIDER,FED_CMS_MEDICARE_PHYSICIAN_OTHER_PRACTITIONERS_BY_PROVIDER_AND_SERVI,NPI,STEEL,RNDRNG_NPI,RNDRNG_NPI,1207473,1296739,1207473,100.0
FED_CMS_MEDICARE_PHYSICIAN_OTHER_PRACTITIONERS_BY_PROVIDER,FED_CMS_MEDICARE_PROVIDER,NAME@ZIP,CORROBORATED,RNDRNG_PRVDR_LAST_ORG_NAME+RNDRNG_PRVDR_ZIP5,RNDRNG_PRVDR_LAST_ORG_NAME+RNDRNG_PRVDR_ZIP5,1204005,1204005,1204005,100.0
FED_CMS_MEDICARE_PHYSICIAN_OTHER_PRACTITIONERS_BY_PROVIDER,FED_CMS_MEDICARE_PROVIDER,NPI,STEEL,RNDRNG_NPI,NPI,1296739,1296739,1296739,100.0
FED_CMS_MEDICARE_PHYSICIAN_OTHER_PRACTITIONERS_BY_PROVIDER,FED_CMS_NPPES,NPI,STEEL,RNDRNG_NPI,NPI,1296736,1296739,9606683,100.0
FED_CMS_MEDICARE_PHYSICIAN_OTHER_PRACTITIONERS_BY_PROVIDER,FED_CMS_NURSING_HOME,CCN~NPI,BRIDGE,,,33960,1296739,14448,235.0
FED_CMS_MEDICARE_PHYSICIAN_OTHER_PRACTITIONERS_BY_PROVIDER,FED_CMS_NURSING_HOME_DEFICIENCIES,CCN~NPI,BRIDGE,,,33772,1296739,14383,234.8
FED_CMS_MEDICARE_PHYSICIAN_OTHER_PRACTITIONERS_BY_PROVIDER,FED_CMS_NURSING_HOME_FIRE_DEFICIENCIES,CCN~NPI,BRIDGE,,,32197,1296739,13686,235.3
FED_CMS_MEDICARE_PHYSICIAN_OTHER_PRACTITIONERS_BY_PROVIDER,FED_CMS_NURSING_HOME_PENALTIES,CCN~NPI,BRIDGE,,,15034,1296739,6771,222.0
FED_CMS_MEDICARE_PHYSICIAN_OTHER_PRACTITIONERS_BY_PROVIDER,FED_CMS_OPEN_PAYMENTS,NPI,STEEL,RNDRNG_NPI,NPI,601867,1296739,979136,61.5
FED_CMS_MEDICARE_PHYSICIAN_OTHER_PRACTITIONERS_BY_PROVIDER,FED_CMS_OPEN_PAYMENTS_2022,NPI,STEEL,RNDRNG_NPI,NPI,532867,1296739,863007,61.7
FED_CMS_MEDICARE_PHYSICIAN_OTHER_PRACTITIONERS_BY_PROVIDER,FED_CMS_OPEN_PAYMENTS_2023,NPI,STEEL,RNDRNG_NPI,NPI,577659,1296739,933619,61.9
FED_CMS_MEDICARE_PHYSICIAN_OTHER_PRACTITIONERS_BY_PROVIDER,FED_CMS_OPEN_PAYMENTS_PROFILE_SUPPLEMENT,NPI,STEEL,RNDRNG_NPI,COVERED_RECIPIENT_NPI,866888,1296739,1681790,66.9
FED_CMS_MEDICARE_PHYSICIAN_OTHER_PRACTITIONERS_BY_PROVIDER,FED_CMS_OPIOID_TREATMENT_PROGRAM_PROVIDERS,NAME@ZIP,CORROBORATED,RNDRNG_PRVDR_LAST_ORG_NAME+RNDRNG_PRVDR_ZIP5,PROVIDER_NAME+ZIP,537,1204005,1541,34.8
FED_CMS_MEDICARE_PHYSICIAN_OTHER_PRACTITIONERS_BY_PROVIDER,FED_CMS_OPIOID_TREATMENT_PROGRAM_PROVIDERS,NPI,STEEL,RNDRNG_NPI,NPI,774,1296739,1287,60.1
FED_CMS_MEDICARE_PHYSICIAN_OTHER_PRACTITIONERS_BY_PROVIDER,FED_CMS_OPT_OUT_AFFIDAVITS,NAME@ZIP,CORROBORATED,RNDRNG_PRVDR_LAST_ORG_NAME+RNDRNG_PRVDR_ZIP5,LAST_NAME+ZIP_CODE,4012,1204005,56028,7.2
FED_CMS_MEDICARE_PHYSICIAN_OTHER_PRACTITIONERS_BY_PROVIDER,FED_CMS_OPT_OUT_AFFIDAVITS,NPI,STEEL,RNDRNG_NPI,NPI,1856,1296739,56455,3.3
FED_CMS_MEDICARE_PHYSICIAN_OTHER_PRACTITIONERS_BY_PROVIDER,FED_CMS_ORDER_AND_REFERRING,NPI,STEEL,RNDRNG_NPI,NPI,1036926,1296739,2018350,80.0
FED_CMS_MEDICARE_PHYSICIAN_OTHER_PRACTITIONERS_BY_PROVIDER,FED_CMS_PARTD_PRESCRIBER_DRUG,NPI,STEEL,RNDRNG_NPI,Prscrbr_NPI,692044,1296739,1057566,65.4
FED_CMS_MEDICARE_PHYSICIAN_OTHER_PRACTITIONERS_BY_PROVIDER,FED_CMS_PART_D_PRESCRIBERS,NAME@ZIP,CORROBORATED,RNDRNG_PRVDR_LAST_ORG_NAME+RNDRNG_PRVDR_ZIP5,PRSCRBR_LAST_ORG_NAME+PRSCRBR_ZIP5,821160,1204005,1310291,68.2
FED_CMS_MEDICARE_PHYSICIAN_OTHER_PRACTITIONERS_BY_PROVIDER,FED_CMS_PART_D_PRESCRIBERS,NPI,STEEL,RNDRNG_NPI,NPI,861300,1296739,1416883,66.4
FED_CMS_MEDICARE_PHYSICIAN_OTHER_PRACTITIONERS_BY_PROVIDER,FED_CMS_PECOS_PROVIDER_ENROLLMENT,NPI,STEEL,RNDRNG_NPI,NPI,1262885,1296739,2541258,97.4
FED_CMS_MEDICARE_PHYSICIAN_OTHER_PRACTITIONERS_BY_PROVIDER,FED_CMS_PENDING_INITIAL_LOGGING_AND_TRACKING_NON_PHYSICIANS,NPI,STEEL,RNDRNG_NPI,NPI,111,1296739,6880,1.6
FED_CMS_MEDICARE_PHYSICIAN_OTHER_PRACTITIONERS_BY_PROVIDER,FED_CMS_PENDING_INITIAL_LOGGING_AND_TRACKING_PHYSICIANS,NPI,STEEL,RNDRNG_NPI,NPI,310,1296739,7239,4.3
FED_CMS_MEDICARE_PHYSICIAN_OTHER_PRACTITIONERS_BY_PROVIDER,FED_CMS_POS_OTHER,NAME@ZIP,CORROBORATED,RNDRNG_PRVDR_LAST_ORG_NAME+RNDRNG_PRVDR_ZIP5,FAC_NAME+ZIP_CD,296,1204005,40109,0.7
FED_CMS_MEDICARE_PHYSICIAN_OTHER_PRACTITIONERS_BY_PROVIDER,FED_CMS_QUALITY_PAYMENT_PROGRAM_EXPERIENCE,NPI,STEEL,RNDRNG_NPI,NPI,412031,1296739,453202,90.9
FED_CMS_MEDICARE_PHYSICIAN_OTHER_PRACTITIONERS_BY_PROVIDER,FED_CMS_RURAL_HEALTH_CLINIC_ENROLLMENTS,NPI,STEEL,RNDRNG_NPI,NPI,18,1296739,5320,0.3
FED_CMS_MEDICARE_PHYSICIAN_OTHER_PRACTITIONERS_BY_PROVIDER,FED_CMS_SKILLED_NURSING_FACILITY_ENROLLMENTS,CCN~NPI,BRIDGE,,,33487,1296739,14421,232.2
FED_CMS_MEDICARE_PHYSICIAN_OTHER_PRACTITIONERS_BY_PROVIDER,FED_DEA_ARCOS_FULL,NAME@ZIP,CORROBORATED,RNDRNG_PRVDR_LAST_ORG_NAME+RNDRNG_PRVDR_ZIP5,BUYER_NAME+BUYER_ZIP,10766,1204005,127173,8.5
FED_CMS_MEDICARE_PHYSICIAN_OTHER_PRACTITIONERS_BY_PROVIDER,FED_DOL_OFCCP_CSAL,NAME@ZIP,CORROBORATED,RNDRNG_PRVDR_LAST_ORG_NAME+RNDRNG_PRVDR_ZIP5,ESTABLISHMENT_NAME+ZIP,7,1204005,1978,0.4
FED_CMS_MEDICARE_PHYSICIAN_OTHER_PRACTITIONERS_BY_PROVIDER,FED_DOL_OLMS,NAME@ZIP,CORROBORATED,RNDRNG_PRVDR_LAST_ORG_NAME+RNDRNG_PRVDR_ZIP5,MAIL_LASTNAME+ZIP,3786,1204005,129112,2.9
FED_CMS_MEDICARE_PHYSICIAN_OTHER_PRACTITIONERS_BY_PROVIDER,FED_EIA860_1_UTILITY,NAME@ZIP,CORROBORATED,RNDRNG_PRVDR_LAST_ORG_NAME+RNDRNG_PRVDR_ZIP5,UTILITY_NAME+ZIP,28,1204005,5530,0.5
FED_CMS_MEDICARE_PHYSICIAN_OTHER_PRACTITIONERS_BY_PROVIDER,FED_EIA860_2_PLANT,NAME@ZIP,CORROBORATED,RNDRNG_PRVDR_LAST_ORG_NAME+RNDRNG_PRVDR_ZIP5,PLANT_NAME+ZIP,13,1204005,14083,0.1
FED_CMS_MEDICARE_PHYSICIAN_OTHER_PRACTITIONERS_BY_PROVIDER,FED_EPA_AQS_SITES,NAME@ZIP,CORROBORATED,RNDRNG_PRVDR_LAST_ORG_NAME+RNDRNG_PRVDR_ZIP5,LOCAL_SITE_NAME+ZIP_CODE,5,1204005,4498,0.1
FED_CMS_MEDICARE_PHYSICIAN_OTHER_PRACTITIONERS_BY_PROVIDER,FED_EPA_FRS_FRS_FACILITIES,NAME@ZIP,CORROBORATED,RNDRNG_PRVDR_LAST_ORG_NAME+RNDRNG_PRVDR_ZIP5,FAC_NAME+FAC_ZIP,3020,1204005,2699357,0.3
FED_CMS_MEDICARE_PHYSICIAN_OTHER_PRACTITIONERS_BY_PROVIDER,FED_EPA_FRS_FRS_PROGRAM_LINKS,NAME@ZIP,CORROBORATED,RNDRNG_PRVDR_LAST_ORG_NAME+RNDRNG_PRVDR_ZIP5,PRIMARY_NAME+POSTAL_CODE,3341,1204005,3338955,0.3
FED_CMS_MEDICARE_PHYSICIAN_OTHER_PRACTITIONERS_BY_PROVIDER,FED_EPA_FRS_FULL,NAME@ZIP,CORROBORATED,RNDRNG_PRVDR_LAST_ORG_NAME+RNDRNG_PRVDR_ZIP5,PRIMARY_NAME+POSTAL_CODE,3739,1204005,4325132,0.3
FED_CMS_MEDICARE_PHYSICIAN_OTHER_PRACTITIONERS_BY_PROVIDER,FED_EPA_GHGRP_FACILITY,NAME@ZIP,CORROBORATED,RNDRNG_PRVDR_LAST_ORG_NAME+RNDRNG_PRVDR_ZIP5,FACILITY_NAME+ZIP,14,1204005,12485,0.1
FED_CMS_MEDICARE_PHYSICIAN_OTHER_PRACTITIONERS_BY_PROVIDER,FED_EPA_ICIS_AIR_ICIS_AIR_FACILITIES,NAME@ZIP,CORROBORATED,RNDRNG_PRVDR_LAST_ORG_NAME+RNDRNG_PRVDR_ZIP5,FACILITY_NAME+ZIP_CODE,173,1204005,270351,0.1
FED_CMS_MEDICARE_PHYSICIAN_OTHER_PRACTITIONERS_BY_PROVIDER,FED_EPA_ICIS_FEC_CASE_ENFORCEMENT_CONCLUSION_FACILITIES,NAME@ZIP,CORROBORATED,RNDRNG_PRVDR_LAST_ORG_NAME+RNDRNG_PRVDR_ZIP5,FACILITY_NAME+FACILITY_ZIP,294,1204005,108488,0.3
FED_CMS_MEDICARE_PHYSICIAN_OTHER_PRACTITIONERS_BY_PROVIDER,FED_EPA_ICIS_FEC_CASE_FACILITIES,NAME@ZIP,CORROBORATED,RNDRNG_PRVDR_LAST_ORG_NAME+RNDRNG_PRVDR_ZIP5,FACILITY_NAME+ZIP,304,1204005,117594,0.3
FED_CMS_MEDICARE_PHYSICIAN_OTHER_PRACTITIONERS_BY_PROVIDER,FED_EPA_NPDES_ICIS_FACILITIES,NAME@ZIP,CORROBORATED,RNDRNG_PRVDR_LAST_ORG_NAME+RNDRNG_PRVDR_ZIP5,FACILITY_NAME+ZIP,1129,1204005,1077821,0.1
FED_CMS_MEDICARE_PHYSICIAN_OTHER_PRACTITIONERS_BY_PROVIDER,FED_EPA_RCRA_FACILITIES,NAME@ZIP,CORROBORATED,RNDRNG_PRVDR_LAST_ORG_NAME+RNDRNG_PRVDR_ZIP5,FACILITY_NAME+ZIP_CODE,2173,1204005,1429903,0.2
FED_CMS_MEDICARE_PHYSICIAN_OTHER_PRACTITIONERS_BY_PROVIDER,FED_EPA_RCRA_RCRA_FACILITIES,NAME@ZIP,CORROBORATED,RNDRNG_PRVDR_LAST_ORG_NAME+RNDRNG_PRVDR_ZIP5,FACILITY_NAME+ZIP_CODE,2173,1204005,1429903,0.2
FED_CMS_MEDICARE_PHYSICIAN_OTHER_PRACTITIONERS_BY_PROVIDER,FED_EPA_SDWA_SDWA_PUB_WATER_SYSTEMS,NAME@ZIP,CORROBORATED,RNDRNG_PRVDR_LAST_ORG_NAME+RNDRNG_PRVDR_ZIP5,PWS_NAME+ZIP_CODE,535,1204005,395686,0.1
FED_CMS_MEDICARE_PHYSICIAN_OTHER_PRACTITIONERS_BY_PROVIDER,FED_EPA_TRI_FACILITY,NAME@ZIP,CORROBORATED,RNDRNG_PRVDR_LAST_ORG_NAME+RNDRNG_PRVDR_ZIP5,FACILITY_NAME+ZIP_CODE,10,1204005,63963,0.0
FED_CMS_MEDICARE_PHYSICIAN_OTHER_PRACTITIONERS_BY_PROVIDER,FED_FAA_AIRCRAFT_REGISTRY,NAME@ZIP,CORROBORATED,RNDRNG_PRVDR_LAST_ORG_NAME+RNDRNG_PRVDR_ZIP5,NAME+ZIP_CODE,82,1204005,205605,0.0
FED_CMS_MEDICARE_PHYSICIAN_OTHER_PRACTITIONERS_BY_PROVIDER,FED_FAC_SINGLE_AUDIT,NAME@ZIP,CORROBORATED,RNDRNG_PRVDR_LAST_ORG_NAME+RNDRNG_PRVDR_ZIP5,AUDITEE_NAME+AUDITEE_ZIP,1995,1204005,103191,1.9
FED_CMS_MEDICARE_PHYSICIAN_OTHER_PRACTITIONERS_BY_PROVIDER,FED_FEC_COMMITTEE_TO_CANDIDATE,NAME@ZIP,CORROBORATED,RNDRNG_PRVDR_LAST_ORG_NAME+RNDRNG_PRVDR_ZIP5,NAME+ZIP_CODE,5,1204005,17747,0.0
FED_CMS_MEDICARE_PHYSICIAN_OTHER_PRACTITIONERS_BY_PROVIDER,FED_FEC_INDIV_CONTRIBUTIONS,NAME@ZIP,CORROBORATED,RNDRNG_PRVDR_LAST_ORG_NAME+RNDRNG_PRVDR_ZIP5,NAME+ZIP_CODE,71,1204005,5251703,0.0
FED_CMS_MEDICARE_PHYSICIAN_OTHER_PRACTITIONERS_BY_PROVIDER,FED_HHS_OIG_LEIE,NAME@ZIP,CORROBORATED,RNDRNG_PRVDR_LAST_ORG_NAME+RNDRNG_PRVDR_ZIP5,LASTNAME+ZIP,2971,1204005,78462,3.8
FED_CMS_MEDICARE_PHYSICIAN_OTHER_PRACTITIONERS_BY_PROVIDER,FED_HHS_OIG_LEIE,NPI,STEEL,RNDRNG_NPI,NPI,149,1296739,8660,1.7
FED_CMS_MEDICARE_PHYSICIAN_OTHER_PRACTITIONERS_BY_PROVIDER,FED_HRSA_HPSA_PRIMARY_CARE,NAME@ZIP,CORROBORATED,RNDRNG_PRVDR_LAST_ORG_NAME+RNDRNG_PRVDR_ZIP5,HPSA_COMPONENT_NAME+COMMON_POSTAL_CODE,76,1204005,6952,1.1
FED_CMS_MEDICARE_PHYSICIAN_OTHER_PRACTITIONERS_BY_PROVIDER,FED_HRSA_SHORTAGE_AREAS,NAME@ZIP,CORROBORATED,RNDRNG_PRVDR_LAST_ORG_NAME+RNDRNG_PRVDR_ZIP5,HPSA_COMPONENT_NAME+COMMON_POSTAL_CODE,76,1204005,7829,1.0
FED_CMS_MEDICARE_PHYSICIAN_OTHER_PRACTITIONERS_BY_PROVIDER,FED_HRSA_UDS_SERVICE_DELIVERY_SITES,NAME@ZIP,CORROBORATED,RNDRNG_PRVDR_LAST_ORG_NAME+RNDRNG_PRVDR_ZIP5,SITE_NAME+SITE_POSTAL_CODE,25,1204005,18468,0.1
FED_CMS_MEDICARE_PHYSICIAN_OTHER_PRACTITIONERS_BY_PROVIDER,FED_HRSA_UDS_SERVICE_DELIVERY_SITES,NPI,STEEL,RNDRNG_NPI,FQHC_SITE_NPI_NUMBER,11,1296739,6047,0.2
FED_CMS_MEDICARE_PHYSICIAN_OTHER_PRACTITIONERS_BY_PROVIDER,FED_HUD_ASSISTED_HOUSING_PROJECTS,NAME@ZIP,CORROBORATED,RNDRNG_PRVDR_LAST_ORG_NAME+RNDRNG_PRVDR_ZIP5,NAME+STD_ZIP5,10,1204005,24871,0.0
FED_CMS_MEDICARE_PHYSICIAN_OTHER_PRACTITIONERS_BY_PROVIDER,FED_HUD_PUBLIC_HOUSING_AUTHORITIES,NAME@ZIP,CORROBORATED,RNDRNG_PRVDR_LAST_ORG_NAME+RNDRNG_PRVDR_ZIP5,FORMAL_PARTICIPANT_NAME+STD_ZIP5,5,1204005,3774,0.1
FED_CMS_MEDICARE_PHYSICIAN_OTHER_PRACTITIONERS_BY_PROVIDER,FED_IRS_AUTO_REVOCATIONS,NAME@ZIP,CORROBORATED,RNDRNG_PRVDR_LAST_ORG_NAME+RNDRNG_PRVDR_ZIP5,LEGAL_NAME+ZIP_CODE,211,1204005,1149844,0.0
FED_CMS_MEDICARE_PHYSICIAN_OTHER_PRACTITIONERS_BY_PROVIDER,FED_IRS_BMF,NAME@ZIP,CORROBORATED,RNDRNG_PRVDR_LAST_ORG_NAME+RNDRNG_PRVDR_ZIP5,NAME+ZIP,1888,1204005,1868041,0.2
FED_CMS_MEDICARE_PHYSICIAN_OTHER_PRACTITIONERS_BY_PROVIDER,FED_IRS_EO_BMF,NAME@ZIP,CORROBORATED,RNDRNG_PRVDR_LAST_ORG_NAME+RNDRNG_PRVDR_ZIP5,NAME+ZIP,1880,1204005,1878425,0.2
FED_CMS_MEDICARE_PHYSICIAN_OTHER_PRACTITIONERS_BY_PROVIDER,FED_IRS_REVOCATION,NAME@ZIP,CORROBORATED,RNDRNG_PRVDR_LAST_ORG_NAME+RNDRNG_PRVDR_ZIP5,LEGAL_NAME+ZIP_CODE,210,1204005,1149230,0.0
FED_CMS_MEDICARE_PHYSICIAN_OTHER_PRACTITIONERS_BY_PROVIDER,FED_NCUA_CALL_REPORTS_FOICU,NAME@ZIP,CORROBORATED,RNDRNG_PRVDR_LAST_ORG_NAME+RNDRNG_PRVDR_ZIP5,CU_NAME+ZIP_CODE,8,1204005,4335,0.2
FED_CMS_MEDICARE_PHYSICIAN_OTHER_PRACTITIONERS_BY_PROVIDER,FED_NCUA_FEDERALLY_INSURED_CU_LIST,NAME@ZIP,CORROBORATED,RNDRNG_PRVDR_LAST_ORG_NAME+RNDRNG_PRVDR_ZIP5,CREDIT_UNION_NAME+ZIP_CODE_MAILING_ADDRESS,8,1204005,4249,0.2
FED_CMS_MEDICARE_PHYSICIAN_OTHER_PRACTITIONERS_BY_PROVIDER,FED_NTSB_AVIATION_AIRCRAFT,NAME@ZIP,CORROBORATED,RNDRNG_PRVDR_LAST_ORG_NAME+RNDRNG_PRVDR_ZIP5,OPER_NAME+OWNER_ZIP,15,1204005,14890,0.1
FED_CMS_MEDICARE_PHYSICIAN_OTHER_PRACTITIONERS_BY_PROVIDER,FED_NTSB_AVIATION_EVENTS,NAME@ZIP,CORROBORATED,RNDRNG_PRVDR_LAST_ORG_NAME+RNDRNG_PRVDR_ZIP5,APT_NAME+EV_SITE_ZIPCODE,36,1204005,15605,0.2
FED_CMS_MEDICARE_PHYSICIAN_OTHER_PRACTITIONERS_BY_PROVIDER,FED_NURSINGHOME411,CCN~NPI,BRIDGE,,,33967,1296739,14456,235.0
FED_CMS_MEDICARE_PHYSICIAN_OTHER_PRACTITIONERS_BY_PROVIDER,FED_OSHA_ITA_300A_SUMMARY_2023,NAME@ZIP,CORROBORATED,RNDRNG_PRVDR_LAST_ORG_NAME+RNDRNG_PRVDR_ZIP5,ESTABLISHMENT_NAME+ZIP_CODE,681,1204005,373106,0.2
FED_CMS_MEDICARE_PHYSICIAN_OTHER_PRACTITIONERS_BY_PROVIDER,FED_OSHA_ITA_300A_SUMMARY_2024,NAME@ZIP,CORROBORATED,RNDRNG_PRVDR_LAST_ORG_NAME+RNDRNG_PRVDR_ZIP5,ESTABLISHMENT_NAME+ZIP_CODE,567,1204005,360069,0.2
FED_CMS_MEDICARE_PHYSICIAN_OTHER_PRACTITIONERS_BY_PROVIDER,FED_OSHA_ITA_300A_SUMMARY_2025,NAME@ZIP,CORROBORATED,RNDRNG_PRVDR_LAST_ORG_NAME+RNDRNG_PRVDR_ZIP5,ESTABLISHMENT_NAME+ZIP_CODE,560,1204005,375575,0.1
FED_CMS_MEDICARE_PHYSICIAN_OTHER_PRACTITIONERS_BY_PROVIDER,FED_OSHA_ITA_CASE_DETAIL_2023,NAME@ZIP,CORROBORATED,RNDRNG_PRVDR_LAST_ORG_NAME+RNDRNG_PRVDR_ZIP5,ESTABLISHMENT_NAME+ZIP_CODE,224,1204005,85607,0.3
FED_CMS_MEDICARE_PHYSICIAN_OTHER_PRACTITIONERS_BY_PROVIDER,FED_OSHA_ITA_CASE_DETAIL_2024,NAME@ZIP,CORROBORATED,RNDRNG_PRVDR_LAST_ORG_NAME+RNDRNG_PRVDR_ZIP5,ESTABLISHMENT_NAME+ZIP_CODE,145,1204005,59854,0.2
FED_CMS_MEDICARE_PHYSICIAN_OTHER_PRACTITIONERS_BY_PROVIDER,FED_OSHA_ITA_CASE_DETAIL_2025,NAME@ZIP,CORROBORATED,RNDRNG_PRVDR_LAST_ORG_NAME+RNDRNG_PRVDR_ZIP5,ESTABLISHMENT_NAME+ZIP_CODE,102,1204005,33457,0.3
FED_CMS_MEDICARE_PHYSICIAN_OTHER_PRACTITIONERS_BY_PROVIDER,FED_SAM_EXCLUSIONS_FULL_R2,NPI,STEEL,RNDRNG_NPI,NPI,40,1296739,4866,0.8
FED_CMS_MEDICARE_PHYSICIAN_OTHER_PRACTITIONERS_BY_PROVIDER,FED_SBIR_STTR_AWARDS,NAME@ZIP,CORROBORATED,RNDRNG_PRVDR_LAST_ORG_NAME+RNDRNG_PRVDR_ZIP5,PI_NAME+ZIP,18,1204005,77742,0.0
FED_CMS_MEDICARE_PHYSICIAN_OTHER_PRACTITIONERS_BY_PROVIDER,FED_SEC_13F_FILERS,NAME@ZIP,CORROBORATED,RNDRNG_PRVDR_LAST_ORG_NAME+RNDRNG_PRVDR_ZIP5,FILINGMANAGER_NAME+FILINGMANAGER_ZIPCODE,10,1204005,18430,0.1
FED_CMS_MEDICARE_PHYSICIAN_OTHER_PRACTITIONERS_BY_PROVIDER,FED_USASPENDING_CONTRACTS,NAME@ZIP,CORROBORATED,RNDRNG_PRVDR_LAST_ORG_NAME+RNDRNG_PRVDR_ZIP5,RECIPIENT_NAME+RECIPIENT_ZIP_4_CODE,475,1204005,91616,0.5
FED_CMS_MEDICARE_PHYSICIAN_OTHER_PRACTITIONERS_BY_PROVIDER,FED_USCG_NRC_INCIDENTS,NAME@ZIP,CORROBORATED,RNDRNG_PRVDR_LAST_ORG_NAME+RNDRNG_PRVDR_ZIP5,RESPONSIBLE_COMPANY+RESPONSIBLE_ZIP,185,1204005,93650,0.2
FED_CMS_MEDICARE_PHYSICIAN_OTHER_PRACTITIONERS_BY_PROVIDER,FED_USCG_NRC_INCIDENT_REPORTS,NAME@ZIP,CORROBORATED,RNDRNG_PRVDR_LAST_ORG_NAME+RNDRNG_PRVDR_ZIP5,RESPONSIBLE_COMPANY+RESPONSIBLE_ZIP,41,1204005,15011,0.3
FED_CMS_MEDICARE_PHYSICIAN_OTHER_PRACTITIONERS_BY_PROVIDER,IRS527_RELATED_ENTITIES,NAME@ZIP,CORROBORATED,RNDRNG_PRVDR_LAST_ORG_NAME+RNDRNG_PRVDR_ZIP5,ENTITY_NAME+ENTITY_ZIP,9,1204005,11739,0.1
FED_CMS_MEDICARE_PHYSICIAN_OTHER_PRACTITIONERS_BY_PROVIDER,ST_NYC_CFB_CAMPAIGN_2021_CONTRIBUTIONS,NAME@ZIP,CORROBORATED,RNDRNG_PRVDR_LAST_ORG_NAME+RNDRNG_PRVDR_ZIP5,NAME+ZIP,10,1204005,236829,0.0
FED_CMS_MEDICARE_PHYSICIAN_OTHER_PRACTITIONERS_BY_PROVIDER,ST_NYC_CFB_CAMPAIGN_2025_CONTRIBUTIONS,NAME@ZIP,CORROBORATED,RNDRNG_PRVDR_LAST_ORG_NAME+RNDRNG_PRVDR_ZIP5,NAME+ZIP,11,1204005,151248,0.0
FED_CMS_MEDICARE_PHYSICIAN_OTHER_PRACTITIONERS_BY_PROVIDER_AND_SERVI,FED_CMS_MEDICARE_PROVIDER,NAME@ZIP,CORROBORATED,RNDRNG_PRVDR_LAST_ORG_NAME+RNDRNG_PRVDR_ZIP5,RNDRNG_PRVDR_LAST_ORG_NAME+RNDRNG_PRVDR_ZIP5,1125418,1125418,1204005,100.0
FED_CMS_MEDICARE_PHYSICIAN_OTHER_PRACTITIONERS_BY_PROVIDER_AND_SERVI,FED_CMS_MEDICARE_PROVIDER,NPI,STEEL,RNDRNG_NPI,NPI,1207473,1207473,1296739,100.0
FED_CMS_MEDICARE_PHYSICIAN_OTHER_PRACTITIONERS_BY_PROVIDER_AND_SERVI,FED_CMS_NPPES,NPI,STEEL,RNDRNG_NPI,NPI,1207471,1207473,9606683,100.0
FED_CMS_MEDICARE_PHYSICIAN_OTHER_PRACTITIONERS_BY_PROVIDER_AND_SERVI,FED_CMS_NURSING_HOME,CCN~NPI,BRIDGE,,,33513,1207473,14448,232.0
FED_CMS_MEDICARE_PHYSICIAN_OTHER_PRACTITIONERS_BY_PROVIDER_AND_SERVI,FED_CMS_NURSING_HOME_DEFICIENCIES,CCN~NPI,BRIDGE,,,33325,1207473,14383,231.7
FED_CMS_MEDICARE_PHYSICIAN_OTHER_PRACTITIONERS_BY_PROVIDER_AND_SERVI,FED_CMS_NURSING_HOME_FIRE_DEFICIENCIES,CCN~NPI,BRIDGE,,,31771,1207473,13686,232.1
FED_CMS_MEDICARE_PHYSICIAN_OTHER_PRACTITIONERS_BY_PROVIDER_AND_SERVI,FED_CMS_NURSING_HOME_PENALTIES,CCN~NPI,BRIDGE,,,14837,1207473,6771,219.1
FED_CMS_MEDICARE_PHYSICIAN_OTHER_PRACTITIONERS_BY_PROVIDER_AND_SERVI,FED_CMS_OPEN_PAYMENTS,NPI,STEEL,RNDRNG_NPI,NPI,565059,1207473,979136,57.7
FED_CMS_MEDICARE_PHYSICIAN_OTHER_PRACTITIONERS_BY_PROVIDER_AND_SERVI,FED_CMS_OPEN_PAYMENTS_2022,NPI,STEEL,RNDRNG_NPI,NPI,503489,1207473,863007,58.3
FED_CMS_MEDICARE_PHYSICIAN_OTHER_PRACTITIONERS_BY_PROVIDER_AND_SERVI,FED_CMS_OPEN_PAYMENTS_2023,NPI,STEEL,RNDRNG_NPI,NPI,544721,1207473,933619,58.3
FED_CMS_MEDICARE_PHYSICIAN_OTHER_PRACTITIONERS_BY_PROVIDER_AND_SERVI,FED_CMS_OPEN_PAYMENTS_PROFILE_SUPPLEMENT,NPI,STEEL,RNDRNG_NPI,COVERED_RECIPIENT_NPI,806912,1207473,1681790,66.8
FED_CMS_MEDICARE_PHYSICIAN_OTHER_PRACTITIONERS_BY_PROVIDER_AND_SERVI,FED_CMS_OPIOID_TREATMENT_PROGRAM_PROVIDERS,NAME@ZIP,CORROBORATED,RNDRNG_PRVDR_LAST_ORG_NAME+RNDRNG_PRVDR_ZIP5,PROVIDER_NAME+ZIP,524,1125418,1541,34.0
FED_CMS_MEDICARE_PHYSICIAN_OTHER_PRACTITIONERS_BY_PROVIDER_AND_SERVI,FED_CMS_OPIOID_TREATMENT_PROGRAM_PROVIDERS,NPI,STEEL,RNDRNG_NPI,NPI,751,1207473,1287,58.4
FED_CMS_MEDICARE_PHYSICIAN_OTHER_PRACTITIONERS_BY_PROVIDER_AND_SERVI,FED_CMS_OPT_OUT_AFFIDAVITS,NAME@ZIP,CORROBORATED,RNDRNG_PRVDR_LAST_ORG_NAME+RNDRNG_PRVDR_ZIP5,LAST_NAME+ZIP_CODE,3776,1125418,56028,6.7
FED_CMS_MEDICARE_PHYSICIAN_OTHER_PRACTITIONERS_BY_PROVIDER_AND_SERVI,FED_CMS_OPT_OUT_AFFIDAVITS,NPI,STEEL,RNDRNG_NPI,NPI,1685,1207473,56455,3.0
FED_CMS_MEDICARE_PHYSICIAN_OTHER_PRACTITIONERS_BY_PROVIDER_AND_SERVI,FED_CMS_ORDER_AND_REFERRING,NPI,STEEL,RNDRNG_NPI,NPI,967679,1207473,2018350,80.1
FED_CMS_MEDICARE_PHYSICIAN_OTHER_PRACTITIONERS_BY_PROVIDER_AND_SERVI,FED_CMS_PARTD_PRESCRIBER_DRUG,NPI,STEEL,RNDRNG_NPI,Prscrbr_NPI,660880,1207473,1057566,62.5
FED_CMS_MEDICARE_PHYSICIAN_OTHER_PRACTITIONERS_BY_PROVIDER_AND_SERVI,FED_CMS_PART_D_PRESCRIBERS,NAME@ZIP,CORROBORATED,RNDRNG_PRVDR_LAST_ORG_NAME+RNDRNG_PRVDR_ZIP5,PRSCRBR_LAST_ORG_NAME+PRSCRBR_ZIP5,776551,1125418,1310291,69.0
FED_CMS_MEDICARE_PHYSICIAN_OTHER_PRACTITIONERS_BY_PROVIDER_AND_SERVI,FED_CMS_PART_D_PRESCRIBERS,NPI,STEEL,RNDRNG_NPI,NPI,812433,1207473,1416883,67.3
FED_CMS_MEDICARE_PHYSICIAN_OTHER_PRACTITIONERS_BY_PROVIDER_AND_SERVI,FED_CMS_PECOS_PROVIDER_ENROLLMENT,NPI,STEEL,RNDRNG_NPI,NPI,1176695,1207473,2541258,97.5
FED_CMS_MEDICARE_PHYSICIAN_OTHER_PRACTITIONERS_BY_PROVIDER_AND_SERVI,FED_CMS_PENDING_INITIAL_LOGGING_AND_TRACKING_NON_PHYSICIANS,NPI,STEEL,RNDRNG_NPI,NPI,96,1207473,6880,1.4
FED_CMS_MEDICARE_PHYSICIAN_OTHER_PRACTITIONERS_BY_PROVIDER_AND_SERVI,FED_CMS_PENDING_INITIAL_LOGGING_AND_TRACKING_PHYSICIANS,NPI,STEEL,RNDRNG_NPI,NPI,293,1207473,7239,4.0
FED_CMS_MEDICARE_PHYSICIAN_OTHER_PRACTITIONERS_BY_PROVIDER_AND_SERVI,FED_CMS_POS_OTHER,NAME@ZIP,CORROBORATED,RNDRNG_PRVDR_LAST_ORG_NAME+RNDRNG_PRVDR_ZIP5,FAC_NAME+ZIP_CD,277,1125418,40109,0.7
FED_CMS_MEDICARE_PHYSICIAN_OTHER_PRACTITIONERS_BY_PROVIDER_AND_SERVI,FED_CMS_QUALITY_PAYMENT_PROGRAM_EXPERIENCE,NPI,STEEL,RNDRNG_NPI,NPI,389544,1207473,453202,86.0
FED_CMS_MEDICARE_PHYSICIAN_OTHER_PRACTITIONERS_BY_PROVIDER_AND_SERVI,FED_CMS_RURAL_HEALTH_CLINIC_ENROLLMENTS,NPI,STEEL,RNDRNG_NPI,NPI,17,1207473,5320,0.3
FED_CMS_MEDICARE_PHYSICIAN_OTHER_PRACTITIONERS_BY_PROVIDER_AND_SERVI,FED_CMS_SKILLED_NURSING_FACILITY_ENROLLMENTS,CCN~NPI,BRIDGE,,,33046,1207473,14421,229.2
FED_CMS_MEDICARE_PHYSICIAN_OTHER_PRACTITIONERS_BY_PROVIDER_AND_SERVI,FED_DEA_ARCOS_FULL,NAME@ZIP,CORROBORATED,RNDRNG_PRVDR_LAST_ORG_NAME+RNDRNG_PRVDR_ZIP5,BUYER_NAME+BUYER_ZIP,10647,1125418,127173,8.4
FED_CMS_MEDICARE_PHYSICIAN_OTHER_PRACTITIONERS_BY_PROVIDER_AND_SERVI,FED_DOL_OFCCP_CSAL,NAME@ZIP,CORROBORATED,RNDRNG_PRVDR_LAST_ORG_NAME+RNDRNG_PRVDR_ZIP5,ESTABLISHMENT_NAME+ZIP,7,1125418,1978,0.4
FED_CMS_MEDICARE_PHYSICIAN_OTHER_PRACTITIONERS_BY_PROVIDER_AND_SERVI,FED_DOL_OLMS,NAME@ZIP,CORROBORATED,RNDRNG_PRVDR_LAST_ORG_NAME+RNDRNG_PRVDR_ZIP5,MAIL_LASTNAME+ZIP,3579,1125418,129112,2.8
FED_CMS_MEDICARE_PHYSICIAN_OTHER_PRACTITIONERS_BY_PROVIDER_AND_SERVI,FED_EIA860_1_UTILITY,NAME@ZIP,CORROBORATED,RNDRNG_PRVDR_LAST_ORG_NAME+RNDRNG_PRVDR_ZIP5,UTILITY_NAME+ZIP,28,1125418,5530,0.5
FED_CMS_MEDICARE_PHYSICIAN_OTHER_PRACTITIONERS_BY_PROVIDER_AND_SERVI,FED_EIA860_2_PLANT,NAME@ZIP,CORROBORATED,RNDRNG_PRVDR_LAST_ORG_NAME+RNDRNG_PRVDR_ZIP5,PLANT_NAME+ZIP,13,1125418,14083,0.1
FED_CMS_MEDICARE_PHYSICIAN_OTHER_PRACTITIONERS_BY_PROVIDER_AND_SERVI,FED_EPA_AQS_SITES,NAME@ZIP,CORROBORATED,RNDRNG_PRVDR_LAST_ORG_NAME+RNDRNG_PRVDR_ZIP5,LOCAL_SITE_NAME+ZIP_CODE,5,1125418,4498,0.1
FED_CMS_MEDICARE_PHYSICIAN_OTHER_PRACTITIONERS_BY_PROVIDER_AND_SERVI,FED_EPA_FRS_FRS_FACILITIES,NAME@ZIP,CORROBORATED,RNDRNG_PRVDR_LAST_ORG_NAME+RNDRNG_PRVDR_ZIP5,FAC_NAME+FAC_ZIP,2974,1125418,2699357,0.3
FED_CMS_MEDICARE_PHYSICIAN_OTHER_PRACTITIONERS_BY_PROVIDER_AND_SERVI,FED_EPA_FRS_FRS_PROGRAM_LINKS,NAME@ZIP,CORROBORATED,RNDRNG_PRVDR_LAST_ORG_NAME+RNDRNG_PRVDR_ZIP5,PRIMARY_NAME+POSTAL_CODE,3290,1125418,3338955,0.3
FED_CMS_MEDICARE_PHYSICIAN_OTHER_PRACTITIONERS_BY_PROVIDER_AND_SERVI,FED_EPA_FRS_FULL,NAME@ZIP,CORROBORATED,RNDRNG_PRVDR_LAST_ORG_NAME+RNDRNG_PRVDR_ZIP5,PRIMARY_NAME+POSTAL_CODE,3676,1125418,4325132,0.3
FED_CMS_MEDICARE_PHYSICIAN_OTHER_PRACTITIONERS_BY_PROVIDER_AND_SERVI,FED_EPA_GHGRP_FACILITY,NAME@ZIP,CORROBORATED,RNDRNG_PRVDR_LAST_ORG_NAME+RNDRNG_PRVDR_ZIP5,FACILITY_NAME+ZIP,14,1125418,12485,0.1
FED_CMS_MEDICARE_PHYSICIAN_OTHER_PRACTITIONERS_BY_PROVIDER_AND_SERVI,FED_EPA_ICIS_AIR_ICIS_AIR_FACILITIES,NAME@ZIP,CORROBORATED,RNDRNG_PRVDR_LAST_ORG_NAME+RNDRNG_PRVDR_ZIP5,FACILITY_NAME+ZIP_CODE,169,1125418,270351,0.1
FED_CMS_MEDICARE_PHYSICIAN_OTHER_PRACTITIONERS_BY_PROVIDER_AND_SERVI,FED_EPA_ICIS_FEC_CASE_ENFORCEMENT_CONCLUSION_FACILITIES,NAME@ZIP,CORROBORATED,RNDRNG_PRVDR_LAST_ORG_NAME+RNDRNG_PRVDR_ZIP5,FACILITY_NAME+FACILITY_ZIP,292,1125418,108488,0.3
FED_CMS_MEDICARE_PHYSICIAN_OTHER_PRACTITIONERS_BY_PROVIDER_AND_SERVI,FED_EPA_ICIS_FEC_CASE_FACILITIES,NAME@ZIP,CORROBORATED,RNDRNG_PRVDR_LAST_ORG_NAME+RNDRNG_PRVDR_ZIP5,FACILITY_NAME+ZIP,301,1125418,117594,0.3
FED_CMS_MEDICARE_PHYSICIAN_OTHER_PRACTITIONERS_BY_PROVIDER_AND_SERVI,FED_EPA_NPDES_ICIS_FACILITIES,NAME@ZIP,CORROBORATED,RNDRNG_PRVDR_LAST_ORG_NAME+RNDRNG_PRVDR_ZIP5,FACILITY_NAME+ZIP,1126,1125418,1077821,0.1
FED_CMS_MEDICARE_PHYSICIAN_OTHER_PRACTITIONERS_BY_PROVIDER_AND_SERVI,FED_EPA_RCRA_FACILITIES,NAME@ZIP,CORROBORATED,RNDRNG_PRVDR_LAST_ORG_NAME+RNDRNG_PRVDR_ZIP5,FACILITY_NAME+ZIP_CODE,2131,1125418,1429903,0.2
FED_CMS_MEDICARE_PHYSICIAN_OTHER_PRACTITIONERS_BY_PROVIDER_AND_SERVI,FED_EPA_RCRA_RCRA_FACILITIES,NAME@ZIP,CORROBORATED,RNDRNG_PRVDR_LAST_ORG_NAME+RNDRNG_PRVDR_ZIP5,FACILITY_NAME+ZIP_CODE,2131,1125418,1429903,0.2
FED_CMS_MEDICARE_PHYSICIAN_OTHER_PRACTITIONERS_BY_PROVIDER_AND_SERVI,FED_EPA_SDWA_SDWA_PUB_WATER_SYSTEMS,NAME@ZIP,CORROBORATED,RNDRNG_PRVDR_LAST_ORG_NAME+RNDRNG_PRVDR_ZIP5,PWS_NAME+ZIP_CODE,533,1125418,395686,0.1
FED_CMS_MEDICARE_PHYSICIAN_OTHER_PRACTITIONERS_BY_PROVIDER_AND_SERVI,FED_EPA_TRI_FACILITY,NAME@ZIP,CORROBORATED,RNDRNG_PRVDR_LAST_ORG_NAME+RNDRNG_PRVDR_ZIP5,FACILITY_NAME+ZIP_CODE,10,1125418,63963,0.0
FED_CMS_MEDICARE_PHYSICIAN_OTHER_PRACTITIONERS_BY_PROVIDER_AND_SERVI,FED_FAA_AIRCRAFT_REGISTRY,NAME@ZIP,CORROBORATED,RNDRNG_PRVDR_LAST_ORG_NAME+RNDRNG_PRVDR_ZIP5,NAME+ZIP_CODE,82,1125418,205605,0.0
FED_CMS_MEDICARE_PHYSICIAN_OTHER_PRACTITIONERS_BY_PROVIDER_AND_SERVI,FED_FAC_SINGLE_AUDIT,NAME@ZIP,CORROBORATED,RNDRNG_PRVDR_LAST_ORG_NAME+RNDRNG_PRVDR_ZIP5,AUDITEE_NAME+AUDITEE_ZIP,1990,1125418,103191,1.9
FED_CMS_MEDICARE_PHYSICIAN_OTHER_PRACTITIONERS_BY_PROVIDER_AND_SERVI,FED_FEC_COMMITTEE_TO_CANDIDATE,NAME@ZIP,CORROBORATED,RNDRNG_PRVDR_LAST_ORG_NAME+RNDRNG_PRVDR_ZIP5,NAME+ZIP_CODE,5,1125418,17747,0.0
FED_CMS_MEDICARE_PHYSICIAN_OTHER_PRACTITIONERS_BY_PROVIDER_AND_SERVI,FED_FEC_INDIV_CONTRIBUTIONS,NAME@ZIP,CORROBORATED,RNDRNG_PRVDR_LAST_ORG_NAME+RNDRNG_PRVDR_ZIP5,NAME+ZIP_CODE,65,1125418,5251703,0.0
FED_CMS_MEDICARE_PHYSICIAN_OTHER_PRACTITIONERS_BY_PROVIDER_AND_SERVI,FED_HHS_OIG_LEIE,NAME@ZIP,CORROBORATED,RNDRNG_PRVDR_LAST_ORG_NAME+RNDRNG_PRVDR_ZIP5,LASTNAME+ZIP,2813,1125418,78462,3.6
FED_CMS_MEDICARE_PHYSICIAN_OTHER_PRACTITIONERS_BY_PROVIDER_AND_SERVI,FED_HHS_OIG_LEIE,NPI,STEEL,RNDRNG_NPI,NPI,139,1207473,8660,1.6
FED_CMS_MEDICARE_PHYSICIAN_OTHER_PRACTITIONERS_BY_PROVIDER_AND_SERVI,FED_HRSA_HPSA_PRIMARY_CARE,NAME@ZIP,CORROBORATED,RNDRNG_PRVDR_LAST_ORG_NAME+RNDRNG_PRVDR_ZIP5,HPSA_COMPONENT_NAME+COMMON_POSTAL_CODE,74,1125418,6952,1.1
FED_CMS_MEDICARE_PHYSICIAN_OTHER_PRACTITIONERS_BY_PROVIDER_AND_SERVI,FED_HRSA_SHORTAGE_AREAS,NAME@ZIP,CORROBORATED,RNDRNG_PRVDR_LAST_ORG_NAME+RNDRNG_PRVDR_ZIP5,HPSA_COMPONENT_NAME+COMMON_POSTAL_CODE,74,1125418,7829,0.9
FED_CMS_MEDICARE_PHYSICIAN_OTHER_PRACTITIONERS_BY_PROVIDER_AND_SERVI,FED_HRSA_UDS_SERVICE_DELIVERY_SITES,NAME@ZIP,CORROBORATED,RNDRNG_PRVDR_LAST_ORG_NAME+RNDRNG_PRVDR_ZIP5,SITE_NAME+SITE_POSTAL_CODE,25,1125418,18468,0.1
FED_CMS_MEDICARE_PHYSICIAN_OTHER_PRACTITIONERS_BY_PROVIDER_AND_SERVI,FED_HRSA_UDS_SERVICE_DELIVERY_SITES,NPI,STEEL,RNDRNG_NPI,FQHC_SITE_NPI_NUMBER,11,1207473,6047,0.2
FED_CMS_MEDICARE_PHYSICIAN_OTHER_PRACTITIONERS_BY_PROVIDER_AND_SERVI,FED_HUD_ASSISTED_HOUSING_PROJECTS,NAME@ZIP,CORROBORATED,RNDRNG_PRVDR_LAST_ORG_NAME+RNDRNG_PRVDR_ZIP5,NAME+STD_ZIP5,10,1125418,24871,0.0
FED_CMS_MEDICARE_PHYSICIAN_OTHER_PRACTITIONERS_BY_PROVIDER_AND_SERVI,FED_HUD_PUBLIC_HOUSING_AUTHORITIES,NAME@ZIP,CORROBORATED,RNDRNG_PRVDR_LAST_ORG_NAME+RNDRNG_PRVDR_ZIP5,FORMAL_PARTICIPANT_NAME+STD_ZIP5,5,1125418,3774,0.1
FED_CMS_MEDICARE_PHYSICIAN_OTHER_PRACTITIONERS_BY_PROVIDER_AND_SERVI,FED_IRS_AUTO_REVOCATIONS,NAME@ZIP,CORROBORATED,RNDRNG_PRVDR_LAST_ORG_NAME+RNDRNG_PRVDR_ZIP5,LEGAL_NAME+ZIP_CODE,210,1125418,1149844,0.0
FED_CMS_MEDICARE_PHYSICIAN_OTHER_PRACTITIONERS_BY_PROVIDER_AND_SERVI,FED_IRS_BMF,NAME@ZIP,CORROBORATED,RNDRNG_PRVDR_LAST_ORG_NAME+RNDRNG_PRVDR_ZIP5,NAME+ZIP,1875,1125418,1868041,0.2
FED_CMS_MEDICARE_PHYSICIAN_OTHER_PRACTITIONERS_BY_PROVIDER_AND_SERVI,FED_IRS_EO_BMF,NAME@ZIP,CORROBORATED,RNDRNG_PRVDR_LAST_ORG_NAME+RNDRNG_PRVDR_ZIP5,NAME+ZIP,1867,1125418,1878425,0.2
FED_CMS_MEDICARE_PHYSICIAN_OTHER_PRACTITIONERS_BY_PROVIDER_AND_SERVI,FED_IRS_REVOCATION,NAME@ZIP,CORROBORATED,RNDRNG_PRVDR_LAST_ORG_NAME+RNDRNG_PRVDR_ZIP5,LEGAL_NAME+ZIP_CODE,209,1125418,1149230,0.0
FED_CMS_MEDICARE_PHYSICIAN_OTHER_PRACTITIONERS_BY_PROVIDER_AND_SERVI,FED_NCUA_CALL_REPORTS_FOICU,NAME@ZIP,CORROBORATED,RNDRNG_PRVDR_LAST_ORG_NAME+RNDRNG_PRVDR_ZIP5,CU_NAME+ZIP_CODE,8,1125418,4335,0.2
FED_CMS_MEDICARE_PHYSICIAN_OTHER_PRACTITIONERS_BY_PROVIDER_AND_SERVI,FED_NCUA_FEDERALLY_INSURED_CU_LIST,NAME@ZIP,CORROBORATED,RNDRNG_PRVDR_LAST_ORG_NAME+RNDRNG_PRVDR_ZIP5,CREDIT_UNION_NAME+ZIP_CODE_MAILING_ADDRESS,8,1125418,4249,0.2
FED_CMS_MEDICARE_PHYSICIAN_OTHER_PRACTITIONERS_BY_PROVIDER_AND_SERVI,FED_NTSB_AVIATION_AIRCRAFT,NAME@ZIP,CORROBORATED,RNDRNG_PRVDR_LAST_ORG_NAME+RNDRNG_PRVDR_ZIP5,OPER_NAME+OWNER_ZIP,15,1125418,14890,0.1
FED_CMS_MEDICARE_PHYSICIAN_OTHER_PRACTITIONERS_BY_PROVIDER_AND_SERVI,FED_NTSB_AVIATION_EVENTS,NAME@ZIP,CORROBORATED,RNDRNG_PRVDR_LAST_ORG_NAME+RNDRNG_PRVDR_ZIP5,APT_NAME+EV_SITE_ZIPCODE,36,1125418,15605,0.2
FED_CMS_MEDICARE_PHYSICIAN_OTHER_PRACTITIONERS_BY_PROVIDER_AND_SERVI,FED_NURSINGHOME411,CCN~NPI,BRIDGE,,,33520,1207473,14456,231.9
FED_CMS_MEDICARE_PHYSICIAN_OTHER_PRACTITIONERS_BY_PROVIDER_AND_SERVI,FED_OSHA_ITA_300A_SUMMARY_2023,NAME@ZIP,CORROBORATED,RNDRNG_PRVDR_LAST_ORG_NAME+RNDRNG_PRVDR_ZIP5,ESTABLISHMENT_NAME+ZIP_CODE,673,1125418,373106,0.2
FED_CMS_MEDICARE_PHYSICIAN_OTHER_PRACTITIONERS_BY_PROVIDER_AND_SERVI,FED_OSHA_ITA_300A_SUMMARY_2024,NAME@ZIP,CORROBORATED,RNDRNG_PRVDR_LAST_ORG_NAME+RNDRNG_PRVDR_ZIP5,ESTABLISHMENT_NAME+ZIP_CODE,559,1125418,360069,0.2
FED_CMS_MEDICARE_PHYSICIAN_OTHER_PRACTITIONERS_BY_PROVIDER_AND_SERVI,FED_OSHA_ITA_300A_SUMMARY_2025,NAME@ZIP,CORROBORATED,RNDRNG_PRVDR_LAST_ORG_NAME+RNDRNG_PRVDR_ZIP5,ESTABLISHMENT_NAME+ZIP_CODE,554,1125418,375575,0.1
FED_CMS_MEDICARE_PHYSICIAN_OTHER_PRACTITIONERS_BY_PROVIDER_AND_SERVI,FED_OSHA_ITA_CASE_DETAIL_2023,NAME@ZIP,CORROBORATED,RNDRNG_PRVDR_LAST_ORG_NAME+RNDRNG_PRVDR_ZIP5,ESTABLISHMENT_NAME+ZIP_CODE,220,1125418,85607,0.3
FED_CMS_MEDICARE_PHYSICIAN_OTHER_PRACTITIONERS_BY_PROVIDER_AND_SERVI,FED_OSHA_ITA_CASE_DETAIL_2024,NAME@ZIP,CORROBORATED,RNDRNG_PRVDR_LAST_ORG_NAME+RNDRNG_PRVDR_ZIP5,ESTABLISHMENT_NAME+ZIP_CODE,141,1125418,59854,0.2
FED_CMS_MEDICARE_PHYSICIAN_OTHER_PRACTITIONERS_BY_PROVIDER_AND_SERVI,FED_OSHA_ITA_CASE_DETAIL_2025,NAME@ZIP,CORROBORATED,RNDRNG_PRVDR_LAST_ORG_NAME+RNDRNG_PRVDR_ZIP5,ESTABLISHMENT_NAME+ZIP_CODE,99,1125418,33457,0.3
FED_CMS_MEDICARE_PHYSICIAN_OTHER_PRACTITIONERS_BY_PROVIDER_AND_SERVI,FED_SAM_EXCLUSIONS_FULL_R2,NPI,STEEL,RNDRNG_NPI,NPI,38,1207473,4866,0.8
FED_CMS_MEDICARE_PHYSICIAN_OTHER_PRACTITIONERS_BY_PROVIDER_AND_SERVI,FED_SBIR_STTR_AWARDS,NAME@ZIP,CORROBORATED,RNDRNG_PRVDR_LAST_ORG_NAME+RNDRNG_PRVDR_ZIP5,PI_NAME+ZIP,16,1125418,77742,0.0
FED_CMS_MEDICARE_PHYSICIAN_OTHER_PRACTITIONERS_BY_PROVIDER_AND_SERVI,FED_SEC_13F_FILERS,NAME@ZIP,CORROBORATED,RNDRNG_PRVDR_LAST_ORG_NAME+RNDRNG_PRVDR_ZIP5,FILINGMANAGER_NAME+FILINGMANAGER_ZIPCODE,10,1125418,18430,0.1
FED_CMS_MEDICARE_PHYSICIAN_OTHER_PRACTITIONERS_BY_PROVIDER_AND_SERVI,FED_USASPENDING_CONTRACTS,NAME@ZIP,CORROBORATED,RNDRNG_PRVDR_LAST_ORG_NAME+RNDRNG_PRVDR_ZIP5,RECIPIENT_NAME+RECIPIENT_ZIP_4_CODE,470,1125418,91616,0.5
FED_CMS_MEDICARE_PHYSICIAN_OTHER_PRACTITIONERS_BY_PROVIDER_AND_SERVI,FED_USCG_NRC_INCIDENTS,NAME@ZIP,CORROBORATED,RNDRNG_PRVDR_LAST_ORG_NAME+RNDRNG_PRVDR_ZIP5,RESPONSIBLE_COMPANY+RESPONSIBLE_ZIP,185,1125418,93650,0.2
FED_CMS_MEDICARE_PHYSICIAN_OTHER_PRACTITIONERS_BY_PROVIDER_AND_SERVI,FED_USCG_NRC_INCIDENT_REPORTS,NAME@ZIP,CORROBORATED,RNDRNG_PRVDR_LAST_ORG_NAME+RNDRNG_PRVDR_ZIP5,RESPONSIBLE_COMPANY+RESPONSIBLE_ZIP,41,1125418,15011,0.3
FED_CMS_MEDICARE_PHYSICIAN_OTHER_PRACTITIONERS_BY_PROVIDER_AND_SERVI,IRS527_RELATED_ENTITIES,NAME@ZIP,CORROBORATED,RNDRNG_PRVDR_LAST_ORG_NAME+RNDRNG_PRVDR_ZIP5,ENTITY_NAME+ENTITY_ZIP,9,1125418,11739,0.1
FED_CMS_MEDICARE_PHYSICIAN_OTHER_PRACTITIONERS_BY_PROVIDER_AND_SERVI,ST_NYC_CFB_CAMPAIGN_2021_CONTRIBUTIONS,NAME@ZIP,CORROBORATED,RNDRNG_PRVDR_LAST_ORG_NAME+RNDRNG_PRVDR_ZIP5,NAME+ZIP,8,1125418,236829,0.0
FED_CMS_MEDICARE_PHYSICIAN_OTHER_PRACTITIONERS_BY_PROVIDER_AND_SERVI,ST_NYC_CFB_CAMPAIGN_2025_CONTRIBUTIONS,NAME@ZIP,CORROBORATED,RNDRNG_PRVDR_LAST_ORG_NAME+RNDRNG_PRVDR_ZIP5,NAME+ZIP,8,1125418,151248,0.0
FED_CMS_MEDICARE_PROVIDER,FED_CMS_NPPES,NPI,STEEL,NPI,NPI,1296736,1296739,9606683,100.0
FED_CMS_MEDICARE_PROVIDER,FED_CMS_NURSING_HOME,CCN~NPI,BRIDGE,,,33960,1296739,14448,235.0
FED_CMS_MEDICARE_PROVIDER,FED_CMS_NURSING_HOME_DEFICIENCIES,CCN~NPI,BRIDGE,,,33772,1296739,14383,234.8
FED_CMS_MEDICARE_PROVIDER,FED_CMS_NURSING_HOME_FIRE_DEFICIENCIES,CCN~NPI,BRIDGE,,,32197,1296739,13686,235.3
FED_CMS_MEDICARE_PROVIDER,FED_CMS_NURSING_HOME_PENALTIES,CCN~NPI,BRIDGE,,,15034,1296739,6771,222.0
FED_CMS_MEDICARE_PROVIDER,FED_CMS_OPEN_PAYMENTS,NPI,STEEL,NPI,NPI,601867,1296739,979136,61.5
FED_CMS_MEDICARE_PROVIDER,FED_CMS_OPEN_PAYMENTS_2022,NPI,STEEL,NPI,NPI,532867,1296739,863007,61.7
FED_CMS_MEDICARE_PROVIDER,FED_CMS_OPEN_PAYMENTS_2023,NPI,STEEL,NPI,NPI,577659,1296739,933619,61.9
FED_CMS_MEDICARE_PROVIDER,FED_CMS_OPEN_PAYMENTS_PROFILE_SUPPLEMENT,NPI,STEEL,NPI,COVERED_RECIPIENT_NPI,866888,1296739,1681790,66.9
FED_CMS_MEDICARE_PROVIDER,FED_CMS_OPIOID_TREATMENT_PROGRAM_PROVIDERS,NAME@ZIP,CORROBORATED,RNDRNG_PRVDR_LAST_ORG_NAME+RNDRNG_PRVDR_ZIP5,PROVIDER_NAME+ZIP,537,1204005,1541,34.8
FED_CMS_MEDICARE_PROVIDER,FED_CMS_OPIOID_TREATMENT_PROGRAM_PROVIDERS,NPI,STEEL,NPI,NPI,774,1296739,1287,60.1
FED_CMS_MEDICARE_PROVIDER,FED_CMS_OPT_OUT_AFFIDAVITS,NAME@ZIP,CORROBORATED,RNDRNG_PRVDR_LAST_ORG_NAME+RNDRNG_PRVDR_ZIP5,LAST_NAME+ZIP_CODE,4012,1204005,56028,7.2
FED_CMS_MEDICARE_PROVIDER,FED_CMS_OPT_OUT_AFFIDAVITS,NPI,STEEL,NPI,NPI,1856,1296739,56455,3.3
FED_CMS_MEDICARE_PROVIDER,FED_CMS_ORDER_AND_REFERRING,NPI,STEEL,NPI,NPI,1036926,1296739,2018350,80.0
FED_CMS_MEDICARE_PROVIDER,FED_CMS_PARTD_PRESCRIBER_DRUG,NPI,STEEL,NPI,Prscrbr_NPI,692044,1296739,1057566,65.4
FED_CMS_MEDICARE_PROVIDER,FED_CMS_PART_D_PRESCRIBERS,NAME@ZIP,CORROBORATED,RNDRNG_PRVDR_LAST_ORG_NAME+RNDRNG_PRVDR_ZIP5,PRSCRBR_LAST_ORG_NAME+PRSCRBR_ZIP5,821160,1204005,1310291,68.2
FED_CMS_MEDICARE_PROVIDER,FED_CMS_PART_D_PRESCRIBERS,NPI,STEEL,NPI,NPI,861300,1296739,1416883,66.4
FED_CMS_MEDICARE_PROVIDER,FED_CMS_PECOS_PROVIDER_ENROLLMENT,NPI,STEEL,NPI,NPI,1262885,1296739,2541258,97.4
FED_CMS_MEDICARE_PROVIDER,FED_CMS_PENDING_INITIAL_LOGGING_AND_TRACKING_NON_PHYSICIANS,NPI,STEEL,NPI,NPI,111,1296739,6880,1.6
FED_CMS_MEDICARE_PROVIDER,FED_CMS_PENDING_INITIAL_LOGGING_AND_TRACKING_PHYSICIANS,NPI,STEEL,NPI,NPI,310,1296739,7239,4.3
FED_CMS_MEDICARE_PROVIDER,FED_CMS_POS_OTHER,NAME@ZIP,CORROBORATED,RNDRNG_PRVDR_LAST_ORG_NAME+RNDRNG_PRVDR_ZIP5,FAC_NAME+ZIP_CD,296,1204005,40109,0.7
FED_CMS_MEDICARE_PROVIDER,FED_CMS_QUALITY_PAYMENT_PROGRAM_EXPERIENCE,NPI,STEEL,NPI,NPI,412031,1296739,453202,90.9
FED_CMS_MEDICARE_PROVIDER,FED_CMS_RURAL_HEALTH_CLINIC_ENROLLMENTS,NPI,STEEL,NPI,NPI,18,1296739,5320,0.3
FED_CMS_MEDICARE_PROVIDER,FED_CMS_SKILLED_NURSING_FACILITY_ENROLLMENTS,CCN~NPI,BRIDGE,,,33487,1296739,14421,232.2
FED_CMS_MEDICARE_PROVIDER,FED_DEA_ARCOS_FULL,NAME@ZIP,CORROBORATED,RNDRNG_PRVDR_LAST_ORG_NAME+RNDRNG_PRVDR_ZIP5,BUYER_NAME+BUYER_ZIP,10766,1204005,127173,8.5
FED_CMS_MEDICARE_PROVIDER,FED_DOL_OFCCP_CSAL,NAME@ZIP,CORROBORATED,RNDRNG_PRVDR_LAST_ORG_NAME+RNDRNG_PRVDR_ZIP5,ESTABLISHMENT_NAME+ZIP,7,1204005,1978,0.4
FED_CMS_MEDICARE_PROVIDER,FED_DOL_OLMS,NAME@ZIP,CORROBORATED,RNDRNG_PRVDR_LAST_ORG_NAME+RNDRNG_PRVDR_ZIP5,MAIL_LASTNAME+ZIP,3786,1204005,129112,2.9
FED_CMS_MEDICARE_PROVIDER,FED_EIA860_1_UTILITY,NAME@ZIP,CORROBORATED,RNDRNG_PRVDR_LAST_ORG_NAME+RNDRNG_PRVDR_ZIP5,UTILITY_NAME+ZIP,28,1204005,5530,0.5
FED_CMS_MEDICARE_PROVIDER,FED_EIA860_2_PLANT,NAME@ZIP,CORROBORATED,RNDRNG_PRVDR_LAST_ORG_NAME+RNDRNG_PRVDR_ZIP5,PLANT_NAME+ZIP,13,1204005,14083,0.1
FED_CMS_MEDICARE_PROVIDER,FED_EPA_AQS_SITES,NAME@ZIP,CORROBORATED,RNDRNG_PRVDR_LAST_ORG_NAME+RNDRNG_PRVDR_ZIP5,LOCAL_SITE_NAME+ZIP_CODE,5,1204005,4498,0.1
FED_CMS_MEDICARE_PROVIDER,FED_EPA_FRS_FRS_FACILITIES,NAME@ZIP,CORROBORATED,RNDRNG_PRVDR_LAST_ORG_NAME+RNDRNG_PRVDR_ZIP5,FAC_NAME+FAC_ZIP,3020,1204005,2699357,0.3
FED_CMS_MEDICARE_PROVIDER,FED_EPA_FRS_FRS_PROGRAM_LINKS,NAME@ZIP,CORROBORATED,RNDRNG_PRVDR_LAST_ORG_NAME+RNDRNG_PRVDR_ZIP5,PRIMARY_NAME+POSTAL_CODE,3341,1204005,3338955,0.3
FED_CMS_MEDICARE_PROVIDER,FED_EPA_FRS_FULL,NAME@ZIP,CORROBORATED,RNDRNG_PRVDR_LAST_ORG_NAME+RNDRNG_PRVDR_ZIP5,PRIMARY_NAME+POSTAL_CODE,3739,1204005,4325132,0.3
FED_CMS_MEDICARE_PROVIDER,FED_EPA_GHGRP_FACILITY,NAME@ZIP,CORROBORATED,RNDRNG_PRVDR_LAST_ORG_NAME+RNDRNG_PRVDR_ZIP5,FACILITY_NAME+ZIP,14,1204005,12485,0.1
FED_CMS_MEDICARE_PROVIDER,FED_EPA_ICIS_AIR_ICIS_AIR_FACILITIES,NAME@ZIP,CORROBORATED,RNDRNG_PRVDR_LAST_ORG_NAME+RNDRNG_PRVDR_ZIP5,FACILITY_NAME+ZIP_CODE,173,1204005,270351,0.1
FED_CMS_MEDICARE_PROVIDER,FED_EPA_ICIS_FEC_CASE_ENFORCEMENT_CONCLUSION_FACILITIES,NAME@ZIP,CORROBORATED,RNDRNG_PRVDR_LAST_ORG_NAME+RNDRNG_PRVDR_ZIP5,FACILITY_NAME+FACILITY_ZIP,294,1204005,108488,0.3
FED_CMS_MEDICARE_PROVIDER,FED_EPA_ICIS_FEC_CASE_FACILITIES,NAME@ZIP,CORROBORATED,RNDRNG_PRVDR_LAST_ORG_NAME+RNDRNG_PRVDR_ZIP5,FACILITY_NAME+ZIP,304,1204005,117594,0.3
FED_CMS_MEDICARE_PROVIDER,FED_EPA_NPDES_ICIS_FACILITIES,NAME@ZIP,CORROBORATED,RNDRNG_PRVDR_LAST_ORG_NAME+RNDRNG_PRVDR_ZIP5,FACILITY_NAME+ZIP,1129,1204005,1077821,0.1
FED_CMS_MEDICARE_PROVIDER,FED_EPA_RCRA_FACILITIES,NAME@ZIP,CORROBORATED,RNDRNG_PRVDR_LAST_ORG_NAME+RNDRNG_PRVDR_ZIP5,FACILITY_NAME+ZIP_CODE,2173,1204005,1429903,0.2
FED_CMS_MEDICARE_PROVIDER,FED_EPA_RCRA_RCRA_FACILITIES,NAME@ZIP,CORROBORATED,RNDRNG_PRVDR_LAST_ORG_NAME+RNDRNG_PRVDR_ZIP5,FACILITY_NAME+ZIP_CODE,2173,1204005,1429903,0.2
FED_CMS_MEDICARE_PROVIDER,FED_EPA_SDWA_SDWA_PUB_WATER_SYSTEMS,NAME@ZIP,CORROBORATED,RNDRNG_PRVDR_LAST_ORG_NAME+RNDRNG_PRVDR_ZIP5,PWS_NAME+ZIP_CODE,535,1204005,395686,0.1
FED_CMS_MEDICARE_PROVIDER,FED_EPA_TRI_FACILITY,NAME@ZIP,CORROBORATED,RNDRNG_PRVDR_LAST_ORG_NAME+RNDRNG_PRVDR_ZIP5,FACILITY_NAME+ZIP_CODE,10,1204005,63963,0.0
FED_CMS_MEDICARE_PROVIDER,FED_FAA_AIRCRAFT_REGISTRY,NAME@ZIP,CORROBORATED,RNDRNG_PRVDR_LAST_ORG_NAME+RNDRNG_PRVDR_ZIP5,NAME+ZIP_CODE,82,1204005,205605,0.0
FED_CMS_MEDICARE_PROVIDER,FED_FAC_SINGLE_AUDIT,NAME@ZIP,CORROBORATED,RNDRNG_PRVDR_LAST_ORG_NAME+RNDRNG_PRVDR_ZIP5,AUDITEE_NAME+AUDITEE_ZIP,1995,1204005,103191,1.9
FED_CMS_MEDICARE_PROVIDER,FED_FEC_COMMITTEE_TO_CANDIDATE,NAME@ZIP,CORROBORATED,RNDRNG_PRVDR_LAST_ORG_NAME+RNDRNG_PRVDR_ZIP5,NAME+ZIP_CODE,5,1204005,17747,0.0
FED_CMS_MEDICARE_PROVIDER,FED_FEC_INDIV_CONTRIBUTIONS,NAME@ZIP,CORROBORATED,RNDRNG_PRVDR_LAST_ORG_NAME+RNDRNG_PRVDR_ZIP5,NAME+ZIP_CODE,71,1204005,5251703,0.0
FED_CMS_MEDICARE_PROVIDER,FED_HHS_OIG_LEIE,NAME@ZIP,CORROBORATED,RNDRNG_PRVDR_LAST_ORG_NAME+RNDRNG_PRVDR_ZIP5,LASTNAME+ZIP,2971,1204005,78462,3.8
FED_CMS_MEDICARE_PROVIDER,FED_HHS_OIG_LEIE,NPI,STEEL,NPI,NPI,149,1296739,8660,1.7
FED_CMS_MEDICARE_PROVIDER,FED_HRSA_HPSA_PRIMARY_CARE,NAME@ZIP,CORROBORATED,RNDRNG_PRVDR_LAST_ORG_NAME+RNDRNG_PRVDR_ZIP5,HPSA_COMPONENT_NAME+COMMON_POSTAL_CODE,76,1204005,6952,1.1
FED_CMS_MEDICARE_PROVIDER,FED_HRSA_SHORTAGE_AREAS,NAME@ZIP,CORROBORATED,RNDRNG_PRVDR_LAST_ORG_NAME+RNDRNG_PRVDR_ZIP5,HPSA_COMPONENT_NAME+COMMON_POSTAL_CODE,76,1204005,7829,1.0
FED_CMS_MEDICARE_PROVIDER,FED_HRSA_UDS_SERVICE_DELIVERY_SITES,NAME@ZIP,CORROBORATED,RNDRNG_PRVDR_LAST_ORG_NAME+RNDRNG_PRVDR_ZIP5,SITE_NAME+SITE_POSTAL_CODE,25,1204005,18468,0.1
FED_CMS_MEDICARE_PROVIDER,FED_HRSA_UDS_SERVICE_DELIVERY_SITES,NPI,STEEL,NPI,FQHC_SITE_NPI_NUMBER,11,1296739,6047,0.2
FED_CMS_MEDICARE_PROVIDER,FED_HUD_ASSISTED_HOUSING_PROJECTS,NAME@ZIP,CORROBORATED,RNDRNG_PRVDR_LAST_ORG_NAME+RNDRNG_PRVDR_ZIP5,NAME+STD_ZIP5,10,1204005,24871,0.0
FED_CMS_MEDICARE_PROVIDER,FED_HUD_PUBLIC_HOUSING_AUTHORITIES,NAME@ZIP,CORROBORATED,RNDRNG_PRVDR_LAST_ORG_NAME+RNDRNG_PRVDR_ZIP5,FORMAL_PARTICIPANT_NAME+STD_ZIP5,5,1204005,3774,0.1
FED_CMS_MEDICARE_PROVIDER,FED_IRS_AUTO_REVOCATIONS,NAME@ZIP,CORROBORATED,RNDRNG_PRVDR_LAST_ORG_NAME+RNDRNG_PRVDR_ZIP5,LEGAL_NAME+ZIP_CODE,211,1204005,1149844,0.0
FED_CMS_MEDICARE_PROVIDER,FED_IRS_BMF,NAME@ZIP,CORROBORATED,RNDRNG_PRVDR_LAST_ORG_NAME+RNDRNG_PRVDR_ZIP5,NAME+ZIP,1888,1204005,1868041,0.2
FED_CMS_MEDICARE_PROVIDER,FED_IRS_EO_BMF,NAME@ZIP,CORROBORATED,RNDRNG_PRVDR_LAST_ORG_NAME+RNDRNG_PRVDR_ZIP5,NAME+ZIP,1880,1204005,1878425,0.2
FED_CMS_MEDICARE_PROVIDER,FED_IRS_REVOCATION,NAME@ZIP,CORROBORATED,RNDRNG_PRVDR_LAST_ORG_NAME+RNDRNG_PRVDR_ZIP5,LEGAL_NAME+ZIP_CODE,210,1204005,1149230,0.0
FED_CMS_MEDICARE_PROVIDER,FED_NCUA_CALL_REPORTS_FOICU,NAME@ZIP,CORROBORATED,RNDRNG_PRVDR_LAST_ORG_NAME+RNDRNG_PRVDR_ZIP5,CU_NAME+ZIP_CODE,8,1204005,4335,0.2
FED_CMS_MEDICARE_PROVIDER,FED_NCUA_FEDERALLY_INSURED_CU_LIST,NAME@ZIP,CORROBORATED,RNDRNG_PRVDR_LAST_ORG_NAME+RNDRNG_PRVDR_ZIP5,CREDIT_UNION_NAME+ZIP_CODE_MAILING_ADDRESS,8,1204005,4249,0.2
FED_CMS_MEDICARE_PROVIDER,FED_NTSB_AVIATION_AIRCRAFT,NAME@ZIP,CORROBORATED,RNDRNG_PRVDR_LAST_ORG_NAME+RNDRNG_PRVDR_ZIP5,OPER_NAME+OWNER_ZIP,15,1204005,14890,0.1
FED_CMS_MEDICARE_PROVIDER,FED_NTSB_AVIATION_EVENTS,NAME@ZIP,CORROBORATED,RNDRNG_PRVDR_LAST_ORG_NAME+RNDRNG_PRVDR_ZIP5,APT_NAME+EV_SITE_ZIPCODE,36,1204005,15605,0.2
FED_CMS_MEDICARE_PROVIDER,FED_NURSINGHOME411,CCN~NPI,BRIDGE,,,33967,1296739,14456,235.0
FED_CMS_MEDICARE_PROVIDER,FED_OSHA_ITA_300A_SUMMARY_2023,NAME@ZIP,CORROBORATED,RNDRNG_PRVDR_LAST_ORG_NAME+RNDRNG_PRVDR_ZIP5,ESTABLISHMENT_NAME+ZIP_CODE,681,1204005,373106,0.2
FED_CMS_MEDICARE_PROVIDER,FED_OSHA_ITA_300A_SUMMARY_2024,NAME@ZIP,CORROBORATED,RNDRNG_PRVDR_LAST_ORG_NAME+RNDRNG_PRVDR_ZIP5,ESTABLISHMENT_NAME+ZIP_CODE,567,1204005,360069,0.2
FED_CMS_MEDICARE_PROVIDER,FED_OSHA_ITA_300A_SUMMARY_2025,NAME@ZIP,CORROBORATED,RNDRNG_PRVDR_LAST_ORG_NAME+RNDRNG_PRVDR_ZIP5,ESTABLISHMENT_NAME+ZIP_CODE,560,1204005,375575,0.1
FED_CMS_MEDICARE_PROVIDER,FED_OSHA_ITA_CASE_DETAIL_2023,NAME@ZIP,CORROBORATED,RNDRNG_PRVDR_LAST_ORG_NAME+RNDRNG_PRVDR_ZIP5,ESTABLISHMENT_NAME+ZIP_CODE,224,1204005,85607,0.3
FED_CMS_MEDICARE_PROVIDER,FED_OSHA_ITA_CASE_DETAIL_2024,NAME@ZIP,CORROBORATED,RNDRNG_PRVDR_LAST_ORG_NAME+RNDRNG_PRVDR_ZIP5,ESTABLISHMENT_NAME+ZIP_CODE,145,1204005,59854,0.2
FED_CMS_MEDICARE_PROVIDER,FED_OSHA_ITA_CASE_DETAIL_2025,NAME@ZIP,CORROBORATED,RNDRNG_PRVDR_LAST_ORG_NAME+RNDRNG_PRVDR_ZIP5,ESTABLISHMENT_NAME+ZIP_CODE,102,1204005,33457,0.3
FED_CMS_MEDICARE_PROVIDER,FED_SAM_EXCLUSIONS_FULL_R2,NPI,STEEL,NPI,NPI,40,1296739,4866,0.8
FED_CMS_MEDICARE_PROVIDER,FED_SBIR_STTR_AWARDS,NAME@ZIP,CORROBORATED,RNDRNG_PRVDR_LAST_ORG_NAME+RNDRNG_PRVDR_ZIP5,PI_NAME+ZIP,18,1204005,77742,0.0
FED_CMS_MEDICARE_PROVIDER,FED_SEC_13F_FILERS,NAME@ZIP,CORROBORATED,RNDRNG_PRVDR_LAST_ORG_NAME+RNDRNG_PRVDR_ZIP5,FILINGMANAGER_NAME+FILINGMANAGER_ZIPCODE,10,1204005,18430,0.1
FED_CMS_MEDICARE_PROVIDER,FED_USASPENDING_CONTRACTS,NAME@ZIP,CORROBORATED,RNDRNG_PRVDR_LAST_ORG_NAME+RNDRNG_PRVDR_ZIP5,RECIPIENT_NAME+RECIPIENT_ZIP_4_CODE,475,1204005,91616,0.5
FED_CMS_MEDICARE_PROVIDER,FED_USCG_NRC_INCIDENTS,NAME@ZIP,CORROBORATED,RNDRNG_PRVDR_LAST_ORG_NAME+RNDRNG_PRVDR_ZIP5,RESPONSIBLE_COMPANY+RESPONSIBLE_ZIP,185,1204005,93650,0.2
FED_CMS_MEDICARE_PROVIDER,FED_USCG_NRC_INCIDENT_REPORTS,NAME@ZIP,CORROBORATED,RNDRNG_PRVDR_LAST_ORG_NAME+RNDRNG_PRVDR_ZIP5,RESPONSIBLE_COMPANY+RESPONSIBLE_ZIP,41,1204005,15011,0.3
FED_CMS_MEDICARE_PROVIDER,IRS527_RELATED_ENTITIES,NAME@ZIP,CORROBORATED,RNDRNG_PRVDR_LAST_ORG_NAME+RNDRNG_PRVDR_ZIP5,ENTITY_NAME+ENTITY_ZIP,9,1204005,11739,0.1
FED_CMS_MEDICARE_PROVIDER,ST_NYC_CFB_CAMPAIGN_2021_CONTRIBUTIONS,NAME@ZIP,CORROBORATED,RNDRNG_PRVDR_LAST_ORG_NAME+RNDRNG_PRVDR_ZIP5,NAME+ZIP,10,1204005,236829,0.0
FED_CMS_MEDICARE_PROVIDER,ST_NYC_CFB_CAMPAIGN_2025_CONTRIBUTIONS,NAME@ZIP,CORROBORATED,RNDRNG_PRVDR_LAST_ORG_NAME+RNDRNG_PRVDR_ZIP5,NAME+ZIP,11,1204005,151248,0.0
FED_CMS_NPPES,FED_CMS_NURSING_HOME,CCN~NPI,BRIDGE,,,50377,9606683,14448,348.7
FED_CMS_NPPES,FED_CMS_NURSING_HOME_DEFICIENCIES,CCN~NPI,BRIDGE,,,50100,9606683,14383,348.3
FED_CMS_NPPES,FED_CMS_NURSING_HOME_FIRE_DEFICIENCIES,CCN~NPI,BRIDGE,,,47759,9606683,13686,349.0
FED_CMS_NPPES,FED_CMS_NURSING_HOME_PENALTIES,CCN~NPI,BRIDGE,,,22698,9606683,6771,335.2
FED_CMS_NPPES,FED_CMS_OPEN_PAYMENTS,NPI,STEEL,NPI,NPI,979132,9606683,979136,100.0
FED_CMS_NPPES,FED_CMS_OPEN_PAYMENTS_2022,NPI,STEEL,NPI,NPI,863003,9606683,863007,100.0
FED_CMS_NPPES,FED_CMS_OPEN_PAYMENTS_2023,NPI,STEEL,NPI,NPI,933611,9606683,933619,100.0
FED_CMS_NPPES,FED_CMS_OPEN_PAYMENTS_PROFILE_SUPPLEMENT,NPI,STEEL,NPI,COVERED_RECIPIENT_NPI,1681778,9606683,1681790,100.0
FED_CMS_NPPES,FED_CMS_OPIOID_TREATMENT_PROGRAM_PROVIDERS,NPI,STEEL,NPI,NPI,1287,9606683,1287,100.0
FED_CMS_NPPES,FED_CMS_OPT_OUT_AFFIDAVITS,NPI,STEEL,NPI,NPI,56436,9606683,56455,100.0
FED_CMS_NPPES,FED_CMS_ORDER_AND_REFERRING,NPI,STEEL,NPI,NPI,2016910,9606683,2018350,99.9
FED_CMS_NPPES,FED_CMS_PARTD_PRESCRIBER_DRUG,NPI,STEEL,NPI,Prscrbr_NPI,1057565,9606683,1057566,100.0
FED_CMS_NPPES,FED_CMS_PART_D_PRESCRIBERS,NPI,STEEL,NPI,NPI,1416881,9606683,1416883,100.0
FED_CMS_NPPES,FED_CMS_PECOS_PROVIDER_ENROLLMENT,NPI,STEEL,NPI,NPI,2540936,9606683,2541258,100.0
FED_CMS_NPPES,FED_CMS_PENDING_INITIAL_LOGGING_AND_TRACKING_NON_PHYSICIANS,NPI,STEEL,NPI,NPI,6427,9606683,6880,93.4
FED_CMS_NPPES,FED_CMS_PENDING_INITIAL_LOGGING_AND_TRACKING_PHYSICIANS,NPI,STEEL,NPI,NPI,6879,9606683,7239,95.0
FED_CMS_NPPES,FED_CMS_POS_OTHER,CCN~NPI,BRIDGE,,,37249,9606683,41262,90.3
FED_CMS_NPPES,FED_CMS_QUALITY_PAYMENT_PROGRAM_EXPERIENCE,NPI,STEEL,NPI,NPI,453201,9606683,453202,100.0
FED_CMS_NPPES,FED_CMS_RURAL_HEALTH_CLINIC_ENROLLMENTS,NPI,STEEL,NPI,NPI,5320,9606683,5320,100.0
FED_CMS_NPPES,FED_CMS_SKILLED_NURSING_FACILITY_ENROLLMENTS,NPI,STEEL,NPI,NPI,14421,9606683,14421,100.0
FED_CMS_NPPES,FED_HHS_OIG_LEIE,NPI,STEEL,NPI,NPI,8660,9606683,8660,100.0
FED_CMS_NPPES,FED_HRSA_UDS_SERVICE_DELIVERY_SITES,NPI,STEEL,NPI,FQHC_SITE_NPI_NUMBER,6003,9606683,6047,99.3
FED_CMS_NPPES,FED_NURSINGHOME411,CCN~NPI,BRIDGE,,,50378,9606683,14456,348.5
FED_CMS_NPPES,FED_SAM_EXCLUSIONS_FULL_R2,NPI,STEEL,NPI,NPI,4854,9606683,4866,99.8
FED_CMS_NURSING_HOME,FED_CMS_NURSING_HOME_DEFICIENCIES,CCN,STEEL,CMS_CERTIFICATION_NUMBER__CCN,CMS_CERTIFICATION_NUMBER_CCN,14383,14448,14383,100.0
FED_CMS_NURSING_HOME,FED_CMS_NURSING_HOME_DEFICIENCIES,NAME@ZIP,CORROBORATED,PROVIDER_NAME+ZIP_CODE,PROVIDER_NAME+ZIP_CODE,14533,14700,14632,99.3
FED_CMS_NURSING_HOME,FED_CMS_NURSING_HOME_FIRE_DEFICIENCIES,CCN,STEEL,CMS_CERTIFICATION_NUMBER__CCN,CMS_CERTIFICATION_NUMBER_CCN,13686,14448,13686,100.0
FED_CMS_NURSING_HOME,FED_CMS_NURSING_HOME_FIRE_DEFICIENCIES,NAME@ZIP,CORROBORATED,PROVIDER_NAME+ZIP_CODE,PROVIDER_NAME+ZIP_CODE,13819,14700,13914,99.3
FED_CMS_NURSING_HOME,FED_CMS_NURSING_HOME_PENALTIES,CCN,STEEL,CMS_CERTIFICATION_NUMBER__CCN,CMS_CERTIFICATION_NUMBER_CCN,6771,14448,6771,100.0
FED_CMS_NURSING_HOME,FED_CMS_NURSING_HOME_PENALTIES,NAME@ZIP,CORROBORATED,PROVIDER_NAME+ZIP_CODE,PROVIDER_NAME+ZIP_CODE,6777,14700,6831,99.2
FED_CMS_NURSING_HOME,FED_CMS_OPEN_PAYMENTS,CCN~NPI,BRIDGE,,,21066,14448,979136,145.8
FED_CMS_NURSING_HOME,FED_CMS_OPEN_PAYMENTS_2022,CCN~NPI,BRIDGE,,,20544,14448,863007,142.2
FED_CMS_NURSING_HOME,FED_CMS_OPEN_PAYMENTS_2023,CCN~NPI,BRIDGE,,,21252,14448,933619,147.1
FED_CMS_NURSING_HOME,FED_CMS_OPEN_PAYMENTS_PROFILE_SUPPLEMENT,CCN~NPI,BRIDGE,,,31037,14448,1681790,214.8
FED_CMS_NURSING_HOME,FED_CMS_OPT_OUT_AFFIDAVITS,CCN~NPI,BRIDGE,,,37,14448,56455,0.3
FED_CMS_NURSING_HOME,FED_CMS_ORDER_AND_REFERRING,CCN~NPI,BRIDGE,,,36089,14448,2018350,249.8
FED_CMS_NURSING_HOME,FED_CMS_PARTD_PRESCRIBER_DRUG,CCN~NPI,BRIDGE,,,33625,14448,1057566,232.7
FED_CMS_NURSING_HOME,FED_CMS_PART_D_PRESCRIBERS,CCN~NPI,BRIDGE,,,35677,14448,1416883,246.9
FED_CMS_NURSING_HOME,FED_CMS_PECOS_PROVIDER_ENROLLMENT,CCN~NPI,BRIDGE,,,50019,14448,2541258,346.2
FED_CMS_NURSING_HOME,FED_CMS_PENDING_INITIAL_LOGGING_AND_TRACKING_PHYSICIANS,CCN~NPI,BRIDGE,,,9,14448,7239,0.1
FED_CMS_NURSING_HOME,FED_CMS_POS_OTHER,NAME@ZIP,CORROBORATED,PROVIDER_NAME+ZIP_CODE,FAC_NAME+ZIP_CD,92,14700,40109,0.6
FED_CMS_NURSING_HOME,FED_CMS_QUALITY_PAYMENT_PROGRAM_EXPERIENCE,CCN~NPI,BRIDGE,,,11941,14448,453202,82.6
FED_CMS_NURSING_HOME,FED_CMS_RURAL_HEALTH_CLINIC_ENROLLMENTS,NAME@ZIP,CORROBORATED,PROVIDER_NAME+ZIP_CODE,DOING_BUSINESS_AS_NAME+ZIP_CODE,7,14700,4513,0.2
FED_CMS_NURSING_HOME,FED_CMS_SKILLED_NURSING_FACILITY_ENROLLMENTS,CCN,STEEL,CMS_CERTIFICATION_NUMBER__CCN,CCN,14228,14448,14250,99.8
FED_CMS_NURSING_HOME,FED_CMS_SKILLED_NURSING_FACILITY_ENROLLMENTS,NAME@ZIP,CORROBORATED,PROVIDER_NAME+ZIP_CODE,NURSING_HOME_PROVIDER_NAME+ZIP_CODE,13623,14700,14044,97.0
FED_CMS_NURSING_HOME,FED_DEA_ARCOS_FULL,NAME@ZIP,CORROBORATED,PROVIDER_NAME+ZIP_CODE,BUYER_NAME+BUYER_ZIP,5,14700,127173,0.0
FED_CMS_NURSING_HOME,FED_EPA_FRS_FRS_FACILITIES,NAME@ZIP,CORROBORATED,PROVIDER_NAME+ZIP_CODE,FAC_NAME+FAC_ZIP,862,14700,2699357,5.9
FED_CMS_NURSING_HOME,FED_EPA_FRS_FRS_PROGRAM_LINKS,NAME@ZIP,CORROBORATED,PROVIDER_NAME+ZIP_CODE,PRIMARY_NAME+POSTAL_CODE,902,14700,3338955,6.1
FED_CMS_NURSING_HOME,FED_EPA_FRS_FULL,NAME@ZIP,CORROBORATED,PROVIDER_NAME+ZIP_CODE,PRIMARY_NAME+POSTAL_CODE,1174,14700,4325132,8.0
FED_CMS_NURSING_HOME,FED_EPA_ICIS_AIR_ICIS_AIR_FACILITIES,NAME@ZIP,CORROBORATED,PROVIDER_NAME+ZIP_CODE,FACILITY_NAME+ZIP_CODE,78,14700,270351,0.5
FED_CMS_NURSING_HOME,FED_EPA_ICIS_FEC_CASE_ENFORCEMENT_CONCLUSION_FACILITIES,NAME@ZIP,CORROBORATED,PROVIDER_NAME+ZIP_CODE,FACILITY_NAME+FACILITY_ZIP,14,14700,108488,0.1
FED_CMS_NURSING_HOME,FED_EPA_ICIS_FEC_CASE_FACILITIES,NAME@ZIP,CORROBORATED,PROVIDER_NAME+ZIP_CODE,FACILITY_NAME+ZIP,14,14700,117594,0.1
FED_CMS_NURSING_HOME,FED_EPA_NPDES_ICIS_FACILITIES,NAME@ZIP,CORROBORATED,PROVIDER_NAME+ZIP_CODE,FACILITY_NAME+ZIP,170,14700,1077821,1.2
FED_CMS_NURSING_HOME,FED_EPA_RCRA_FACILITIES,NAME@ZIP,CORROBORATED,PROVIDER_NAME+ZIP_CODE,FACILITY_NAME+ZIP_CODE,641,14700,1429903,4.4
FED_CMS_NURSING_HOME,FED_EPA_RCRA_RCRA_FACILITIES,NAME@ZIP,CORROBORATED,PROVIDER_NAME+ZIP_CODE,FACILITY_NAME+ZIP_CODE,641,14700,1429903,4.4
FED_CMS_NURSING_HOME,FED_EPA_SDWA_SDWA_PUB_WATER_SYSTEMS,NAME@ZIP,CORROBORATED,PROVIDER_NAME+ZIP_CODE,PWS_NAME+ZIP_CODE,96,14700,395686,0.7
FED_CMS_NURSING_HOME,FED_FAC_SINGLE_AUDIT,NAME@ZIP,CORROBORATED,PROVIDER_NAME+ZIP_CODE,AUDITEE_NAME+AUDITEE_ZIP,198,14700,103191,1.3
FED_CMS_NURSING_HOME,FED_HHS_OIG_LEIE,CCN~NPI,BRIDGE,,,3,14448,8660,0.0
FED_CMS_NURSING_HOME,FED_HRSA_UDS_SERVICE_DELIVERY_SITES,NAME@ZIP,CORROBORATED,PROVIDER_NAME+ZIP_CODE,SITE_NAME+SITE_POSTAL_CODE,10,14700,18468,0.1
FED_CMS_NURSING_HOME,FED_IRS_AUTO_REVOCATIONS,NAME@ZIP,CORROBORATED,PROVIDER_NAME+ZIP_CODE,LEGAL_NAME+ZIP_CODE,12,14700,1149844,0.1
FED_CMS_NURSING_HOME,FED_IRS_BMF,NAME@ZIP,CORROBORATED,PROVIDER_NAME+ZIP_CODE,NAME+ZIP,547,14700,1868041,3.7
FED_CMS_NURSING_HOME,FED_IRS_EO_BMF,NAME@ZIP,CORROBORATED,PROVIDER_NAME+ZIP_CODE,NAME+ZIP,545,14700,1878425,3.7
FED_CMS_NURSING_HOME,FED_IRS_REVOCATION,NAME@ZIP,CORROBORATED,PROVIDER_NAME+ZIP_CODE,LEGAL_NAME+ZIP_CODE,12,14700,1149230,0.1
FED_CMS_NURSING_HOME,FED_MAPPING_INEQUALITY,GEO_IN,GEO,LATITUDE/LONGITUDE,GEOMETRY,1518,14546,10153,10.4
FED_CMS_NURSING_HOME,FED_NOAA_WEATHER_API,GEO_IN,GEO,LATITUDE/LONGITUDE,GEOMETRY,31,14546,31,0.2
FED_CMS_NURSING_HOME,FED_NURSINGHOME411,CCN,STEEL,CMS_CERTIFICATION_NUMBER__CCN,CMS_CERTIFICATION_NUMBER_CCN,14431,14448,14456,99.9
FED_CMS_NURSING_HOME,FED_OSHA_ITA_300A_SUMMARY_2023,NAME@ZIP,CORROBORATED,PROVIDER_NAME+ZIP_CODE,ESTABLISHMENT_NAME+ZIP_CODE,3813,14700,373106,25.9
FED_CMS_NURSING_HOME,FED_OSHA_ITA_300A_SUMMARY_2024,NAME@ZIP,CORROBORATED,PROVIDER_NAME+ZIP_CODE,ESTABLISHMENT_NAME+ZIP_CODE,3695,14700,360069,25.1
FED_CMS_NURSING_HOME,FED_OSHA_ITA_300A_SUMMARY_2025,NAME@ZIP,CORROBORATED,PROVIDER_NAME+ZIP_CODE,ESTABLISHMENT_NAME+ZIP_CODE,4107,14700,375575,27.9
FED_CMS_NURSING_HOME,FED_OSHA_ITA_CASE_DETAIL_2023,NAME@ZIP,CORROBORATED,PROVIDER_NAME+ZIP_CODE,ESTABLISHMENT_NAME+ZIP_CODE,2257,14700,85607,15.4
FED_CMS_NURSING_HOME,FED_OSHA_ITA_CASE_DETAIL_2024,NAME@ZIP,CORROBORATED,PROVIDER_NAME+ZIP_CODE,ESTABLISHMENT_NAME+ZIP_CODE,1657,14700,59854,11.3
FED_CMS_NURSING_HOME,FED_OSHA_ITA_CASE_DETAIL_2025,NAME@ZIP,CORROBORATED,PROVIDER_NAME+ZIP_CODE,ESTABLISHMENT_NAME+ZIP_CODE,986,14700,33457,6.7
FED_CMS_NURSING_HOME,FED_USASPENDING_CONTRACTS,NAME@ZIP,CORROBORATED,PROVIDER_NAME+ZIP_CODE,RECIPIENT_NAME+RECIPIENT_ZIP_4_CODE,170,14700,91616,1.2
FED_CMS_NURSING_HOME,FED_USCG_NRC_INCIDENTS,NAME@ZIP,CORROBORATED,PROVIDER_NAME+ZIP_CODE,RESPONSIBLE_COMPANY+RESPONSIBLE_ZIP,6,14700,93650,0.0
FED_CMS_NURSING_HOME,INTL_FR_DATA_GOUV_FULL,GEO_IN,GEO,LATITUDE/LONGITUDE,SPATIAL_GEOM,14546,14546,48093,100.0
FED_CMS_NURSING_HOME_DEFICIENCIES,FED_CMS_NURSING_HOME_FIRE_DEFICIENCIES,CCN,STEEL,CMS_CERTIFICATION_NUMBER_CCN,CMS_CERTIFICATION_NUMBER_CCN,13650,14383,13686,99.7
FED_CMS_NURSING_HOME_DEFICIENCIES,FED_CMS_NURSING_HOME_FIRE_DEFICIENCIES,NAME@ZIP,CORROBORATED,PROVIDER_NAME+ZIP_CODE,PROVIDER_NAME+ZIP_CODE,13878,14632,13914,99.7
FED_CMS_NURSING_HOME_DEFICIENCIES,FED_CMS_NURSING_HOME_PENALTIES,CCN,STEEL,CMS_CERTIFICATION_NUMBER_CCN,CMS_CERTIFICATION_NUMBER_CCN,6769,14383,6771,100.0
FED_CMS_NURSING_HOME_DEFICIENCIES,FED_CMS_NURSING_HOME_PENALTIES,NAME@ZIP,CORROBORATED,PROVIDER_NAME+ZIP_CODE,PROVIDER_NAME+ZIP_CODE,6829,14632,6831,100.0
FED_CMS_NURSING_HOME_DEFICIENCIES,FED_CMS_OPEN_PAYMENTS,CCN~NPI,BRIDGE,,,20961,14383,979136,145.7
FED_CMS_NURSING_HOME_DEFICIENCIES,FED_CMS_OPEN_PAYMENTS_2022,CCN~NPI,BRIDGE,,,20446,14383,863007,142.2
FED_CMS_NURSING_HOME_DEFICIENCIES,FED_CMS_OPEN_PAYMENTS_2023,CCN~NPI,BRIDGE,,,21146,14383,933619,147.0
FED_CMS_NURSING_HOME_DEFICIENCIES,FED_CMS_OPEN_PAYMENTS_PROFILE_SUPPLEMENT,CCN~NPI,BRIDGE,,,30869,14383,1681790,214.6
FED_CMS_NURSING_HOME_DEFICIENCIES,FED_CMS_OPT_OUT_AFFIDAVITS,CCN~NPI,BRIDGE,,,35,14383,56455,0.2
FED_CMS_NURSING_HOME_DEFICIENCIES,FED_CMS_ORDER_AND_REFERRING,CCN~NPI,BRIDGE,,,35873,14383,2018350,249.4
FED_CMS_NURSING_HOME_DEFICIENCIES,FED_CMS_PARTD_PRESCRIBER_DRUG,CCN~NPI,BRIDGE,,,33433,14383,1057566,232.4
FED_CMS_NURSING_HOME_DEFICIENCIES,FED_CMS_PART_D_PRESCRIBERS,CCN~NPI,BRIDGE,,,35466,14383,1416883,246.6
FED_CMS_NURSING_HOME_DEFICIENCIES,FED_CMS_PECOS_PROVIDER_ENROLLMENT,CCN~NPI,BRIDGE,,,49749,14383,2541258,345.9
FED_CMS_NURSING_HOME_DEFICIENCIES,FED_CMS_PENDING_INITIAL_LOGGING_AND_TRACKING_PHYSICIANS,CCN~NPI,BRIDGE,,,9,14383,7239,0.1
FED_CMS_NURSING_HOME_DEFICIENCIES,FED_CMS_POS_OTHER,NAME@ZIP,CORROBORATED,PROVIDER_NAME+ZIP_CODE,FAC_NAME+ZIP_CD,90,14632,40109,0.6
FED_CMS_NURSING_HOME_DEFICIENCIES,FED_CMS_QUALITY_PAYMENT_PROGRAM_EXPERIENCE,CCN~NPI,BRIDGE,,,11873,14383,453202,82.5
FED_CMS_NURSING_HOME_DEFICIENCIES,FED_CMS_RURAL_HEALTH_CLINIC_ENROLLMENTS,NAME@ZIP,CORROBORATED,PROVIDER_NAME+ZIP_CODE,DOING_BUSINESS_AS_NAME+ZIP_CODE,7,14632,4513,0.2
FED_CMS_NURSING_HOME_DEFICIENCIES,FED_CMS_SKILLED_NURSING_FACILITY_ENROLLMENTS,CCN,STEEL,CMS_CERTIFICATION_NUMBER_CCN,CCN,14167,14383,14250,99.4
FED_CMS_NURSING_HOME_DEFICIENCIES,FED_CMS_SKILLED_NURSING_FACILITY_ENROLLMENTS,NAME@ZIP,CORROBORATED,PROVIDER_NAME+ZIP_CODE,NURSING_HOME_PROVIDER_NAME+ZIP_CODE,13486,14632,14044,96.0
FED_CMS_NURSING_HOME_DEFICIENCIES,FED_DEA_ARCOS_FULL,NAME@ZIP,CORROBORATED,PROVIDER_NAME+ZIP_CODE,BUYER_NAME+BUYER_ZIP,5,14632,127173,0.0
FED_CMS_NURSING_HOME_DEFICIENCIES,FED_EPA_FRS_FRS_FACILITIES,NAME@ZIP,CORROBORATED,PROVIDER_NAME+ZIP_CODE,FAC_NAME+FAC_ZIP,848,14632,2699357,5.8
FED_CMS_NURSING_HOME_DEFICIENCIES,FED_EPA_FRS_FRS_PROGRAM_LINKS,NAME@ZIP,CORROBORATED,PROVIDER_NAME+ZIP_CODE,PRIMARY_NAME+POSTAL_CODE,888,14632,3338955,6.1
FED_CMS_NURSING_HOME_DEFICIENCIES,FED_EPA_FRS_FULL,NAME@ZIP,CORROBORATED,PROVIDER_NAME+ZIP_CODE,PRIMARY_NAME+POSTAL_CODE,1156,14632,4325132,7.9
FED_CMS_NURSING_HOME_DEFICIENCIES,FED_EPA_ICIS_AIR_ICIS_AIR_FACILITIES,NAME@ZIP,CORROBORATED,PROVIDER_NAME+ZIP_CODE,FACILITY_NAME+ZIP_CODE,76,14632,270351,0.5
FED_CMS_NURSING_HOME_DEFICIENCIES,FED_EPA_ICIS_FEC_CASE_ENFORCEMENT_CONCLUSION_FACILITIES,NAME@ZIP,CORROBORATED,PROVIDER_NAME+ZIP_CODE,FACILITY_NAME+FACILITY_ZIP,14,14632,108488,0.1
FED_CMS_NURSING_HOME_DEFICIENCIES,FED_EPA_ICIS_FEC_CASE_FACILITIES,NAME@ZIP,CORROBORATED,PROVIDER_NAME+ZIP_CODE,FACILITY_NAME+ZIP,14,14632,117594,0.1
FED_CMS_NURSING_HOME_DEFICIENCIES,FED_EPA_NPDES_ICIS_FACILITIES,NAME@ZIP,CORROBORATED,PROVIDER_NAME+ZIP_CODE,FACILITY_NAME+ZIP,164,14632,1077821,1.1
FED_CMS_NURSING_HOME_DEFICIENCIES,FED_EPA_RCRA_FACILITIES,NAME@ZIP,CORROBORATED,PROVIDER_NAME+ZIP_CODE,FACILITY_NAME+ZIP_CODE,635,14632,1429903,4.3
FED_CMS_NURSING_HOME_DEFICIENCIES,FED_EPA_RCRA_RCRA_FACILITIES,NAME@ZIP,CORROBORATED,PROVIDER_NAME+ZIP_CODE,FACILITY_NAME+ZIP_CODE,635,14632,1429903,4.3
FED_CMS_NURSING_HOME_DEFICIENCIES,FED_EPA_SDWA_SDWA_PUB_WATER_SYSTEMS,NAME@ZIP,CORROBORATED,PROVIDER_NAME+ZIP_CODE,PWS_NAME+ZIP_CODE,93,14632,395686,0.6
FED_CMS_NURSING_HOME_DEFICIENCIES,FED_FAC_SINGLE_AUDIT,NAME@ZIP,CORROBORATED,PROVIDER_NAME+ZIP_CODE,AUDITEE_NAME+AUDITEE_ZIP,195,14632,103191,1.3
FED_CMS_NURSING_HOME_DEFICIENCIES,FED_HHS_OIG_LEIE,CCN~NPI,BRIDGE,,,3,14383,8660,0.0
FED_CMS_NURSING_HOME_DEFICIENCIES,FED_HRSA_UDS_SERVICE_DELIVERY_SITES,NAME@ZIP,CORROBORATED,PROVIDER_NAME+ZIP_CODE,SITE_NAME+SITE_POSTAL_CODE,10,14632,18468,0.1
FED_CMS_NURSING_HOME_DEFICIENCIES,FED_IRS_AUTO_REVOCATIONS,NAME@ZIP,CORROBORATED,PROVIDER_NAME+ZIP_CODE,LEGAL_NAME+ZIP_CODE,12,14632,1149844,0.1
FED_CMS_NURSING_HOME_DEFICIENCIES,FED_IRS_BMF,NAME@ZIP,CORROBORATED,PROVIDER_NAME+ZIP_CODE,NAME+ZIP,543,14632,1868041,3.7
FED_CMS_NURSING_HOME_DEFICIENCIES,FED_IRS_EO_BMF,NAME@ZIP,CORROBORATED,PROVIDER_NAME+ZIP_CODE,NAME+ZIP,541,14632,1878425,3.7
FED_CMS_NURSING_HOME_DEFICIENCIES,FED_IRS_REVOCATION,NAME@ZIP,CORROBORATED,PROVIDER_NAME+ZIP_CODE,LEGAL_NAME+ZIP_CODE,12,14632,1149230,0.1
FED_CMS_NURSING_HOME_DEFICIENCIES,FED_NURSINGHOME411,CCN,STEEL,CMS_CERTIFICATION_NUMBER_CCN,CMS_CERTIFICATION_NUMBER_CCN,14372,14383,14456,99.9
FED_CMS_NURSING_HOME_DEFICIENCIES,FED_OSHA_ITA_300A_SUMMARY_2023,NAME@ZIP,CORROBORATED,PROVIDER_NAME+ZIP_CODE,ESTABLISHMENT_NAME+ZIP_CODE,3784,14632,373106,25.9
FED_CMS_NURSING_HOME_DEFICIENCIES,FED_OSHA_ITA_300A_SUMMARY_2024,NAME@ZIP,CORROBORATED,PROVIDER_NAME+ZIP_CODE,ESTABLISHMENT_NAME+ZIP_CODE,3667,14632,360069,25.1
FED_CMS_NURSING_HOME_DEFICIENCIES,FED_OSHA_ITA_300A_SUMMARY_2025,NAME@ZIP,CORROBORATED,PROVIDER_NAME+ZIP_CODE,ESTABLISHMENT_NAME+ZIP_CODE,4090,14632,375575,28.0
FED_CMS_NURSING_HOME_DEFICIENCIES,FED_OSHA_ITA_CASE_DETAIL_2023,NAME@ZIP,CORROBORATED,PROVIDER_NAME+ZIP_CODE,ESTABLISHMENT_NAME+ZIP_CODE,2238,14632,85607,15.3
FED_CMS_NURSING_HOME_DEFICIENCIES,FED_OSHA_ITA_CASE_DETAIL_2024,NAME@ZIP,CORROBORATED,PROVIDER_NAME+ZIP_CODE,ESTABLISHMENT_NAME+ZIP_CODE,1650,14632,59854,11.3
FED_CMS_NURSING_HOME_DEFICIENCIES,FED_OSHA_ITA_CASE_DETAIL_2025,NAME@ZIP,CORROBORATED,PROVIDER_NAME+ZIP_CODE,ESTABLISHMENT_NAME+ZIP_CODE,983,14632,33457,6.7
FED_CMS_NURSING_HOME_DEFICIENCIES,FED_USASPENDING_CONTRACTS,NAME@ZIP,CORROBORATED,PROVIDER_NAME+ZIP_CODE,RECIPIENT_NAME+RECIPIENT_ZIP_4_CODE,170,14632,91616,1.2
FED_CMS_NURSING_HOME_DEFICIENCIES,FED_USCG_NRC_INCIDENTS,NAME@ZIP,CORROBORATED,PROVIDER_NAME+ZIP_CODE,RESPONSIBLE_COMPANY+RESPONSIBLE_ZIP,6,14632,93650,0.0
FED_CMS_NURSING_HOME_FIRE_DEFICIENCIES,FED_CMS_NURSING_HOME_PENALTIES,CCN,STEEL,CMS_CERTIFICATION_NUMBER_CCN,CMS_CERTIFICATION_NUMBER_CCN,6446,13686,6771,95.2
FED_CMS_NURSING_HOME_FIRE_DEFICIENCIES,FED_CMS_NURSING_HOME_PENALTIES,NAME@ZIP,CORROBORATED,PROVIDER_NAME+ZIP_CODE,PROVIDER_NAME+ZIP_CODE,6502,13914,6831,95.2
FED_CMS_NURSING_HOME_FIRE_DEFICIENCIES,FED_CMS_OPEN_PAYMENTS,CCN~NPI,BRIDGE,,,19941,13686,979136,145.7
FED_CMS_NURSING_HOME_FIRE_DEFICIENCIES,FED_CMS_OPEN_PAYMENTS_2022,CCN~NPI,BRIDGE,,,19425,13686,863007,141.9
FED_CMS_NURSING_HOME_FIRE_DEFICIENCIES,FED_CMS_OPEN_PAYMENTS_2023,CCN~NPI,BRIDGE,,,20122,13686,933619,147.0
FED_CMS_NURSING_HOME_FIRE_DEFICIENCIES,FED_CMS_OPEN_PAYMENTS_PROFILE_SUPPLEMENT,CCN~NPI,BRIDGE,,,29409,13686,1681790,214.9
FED_CMS_NURSING_HOME_FIRE_DEFICIENCIES,FED_CMS_OPT_OUT_AFFIDAVITS,CCN~NPI,BRIDGE,,,35,13686,56455,0.3
FED_CMS_NURSING_HOME_FIRE_DEFICIENCIES,FED_CMS_ORDER_AND_REFERRING,CCN~NPI,BRIDGE,,,34224,13686,2018350,250.1
FED_CMS_NURSING_HOME_FIRE_DEFICIENCIES,FED_CMS_PARTD_PRESCRIBER_DRUG,CCN~NPI,BRIDGE,,,31889,13686,1057566,233.0
FED_CMS_NURSING_HOME_FIRE_DEFICIENCIES,FED_CMS_PART_D_PRESCRIBERS,CCN~NPI,BRIDGE,,,33836,13686,1416883,247.2
FED_CMS_NURSING_HOME_FIRE_DEFICIENCIES,FED_CMS_PECOS_PROVIDER_ENROLLMENT,CCN~NPI,BRIDGE,,,47410,13686,2541258,346.4
FED_CMS_NURSING_HOME_FIRE_DEFICIENCIES,FED_CMS_PENDING_INITIAL_LOGGING_AND_TRACKING_PHYSICIANS,CCN~NPI,BRIDGE,,,9,13686,7239,0.1
FED_CMS_NURSING_HOME_FIRE_DEFICIENCIES,FED_CMS_POS_OTHER,NAME@ZIP,CORROBORATED,PROVIDER_NAME+ZIP_CODE,FAC_NAME+ZIP_CD,83,13914,40109,0.6
FED_CMS_NURSING_HOME_FIRE_DEFICIENCIES,FED_CMS_QUALITY_PAYMENT_PROGRAM_EXPERIENCE,CCN~NPI,BRIDGE,,,11382,13686,453202,83.2
FED_CMS_NURSING_HOME_FIRE_DEFICIENCIES,FED_CMS_RURAL_HEALTH_CLINIC_ENROLLMENTS,NAME@ZIP,CORROBORATED,PROVIDER_NAME+ZIP_CODE,DOING_BUSINESS_AS_NAME+ZIP_CODE,7,13914,4513,0.2
FED_CMS_NURSING_HOME_FIRE_DEFICIENCIES,FED_CMS_SKILLED_NURSING_FACILITY_ENROLLMENTS,CCN,STEEL,CMS_CERTIFICATION_NUMBER_CCN,CCN,13475,13686,14250,98.5
FED_CMS_NURSING_HOME_FIRE_DEFICIENCIES,FED_CMS_SKILLED_NURSING_FACILITY_ENROLLMENTS,NAME@ZIP,CORROBORATED,PROVIDER_NAME+ZIP_CODE,NURSING_HOME_PROVIDER_NAME+ZIP_CODE,12830,13914,14044,92.2
FED_CMS_NURSING_HOME_FIRE_DEFICIENCIES,FED_EPA_FRS_FRS_FACILITIES,NAME@ZIP,CORROBORATED,PROVIDER_NAME+ZIP_CODE,FAC_NAME+FAC_ZIP,807,13914,2699357,5.8
FED_CMS_NURSING_HOME_FIRE_DEFICIENCIES,FED_EPA_FRS_FRS_PROGRAM_LINKS,NAME@ZIP,CORROBORATED,PROVIDER_NAME+ZIP_CODE,PRIMARY_NAME+POSTAL_CODE,846,13914,3338955,6.1
FED_CMS_NURSING_HOME_FIRE_DEFICIENCIES,FED_EPA_FRS_FULL,NAME@ZIP,CORROBORATED,PROVIDER_NAME+ZIP_CODE,PRIMARY_NAME+POSTAL_CODE,1103,13914,4325132,7.9
FED_CMS_NURSING_HOME_FIRE_DEFICIENCIES,FED_EPA_ICIS_AIR_ICIS_AIR_FACILITIES,NAME@ZIP,CORROBORATED,PROVIDER_NAME+ZIP_CODE,FACILITY_NAME+ZIP_CODE,73,13914,270351,0.5
FED_CMS_NURSING_HOME_FIRE_DEFICIENCIES,FED_EPA_ICIS_FEC_CASE_ENFORCEMENT_CONCLUSION_FACILITIES,NAME@ZIP,CORROBORATED,PROVIDER_NAME+ZIP_CODE,FACILITY_NAME+FACILITY_ZIP,14,13914,108488,0.1
FED_CMS_NURSING_HOME_FIRE_DEFICIENCIES,FED_EPA_ICIS_FEC_CASE_FACILITIES,NAME@ZIP,CORROBORATED,PROVIDER_NAME+ZIP_CODE,FACILITY_NAME+ZIP,14,13914,117594,0.1
FED_CMS_NURSING_HOME_FIRE_DEFICIENCIES,FED_EPA_NPDES_ICIS_FACILITIES,NAME@ZIP,CORROBORATED,PROVIDER_NAME+ZIP_CODE,FACILITY_NAME+ZIP,154,13914,1077821,1.1
FED_CMS_NURSING_HOME_FIRE_DEFICIENCIES,FED_EPA_RCRA_FACILITIES,NAME@ZIP,CORROBORATED,PROVIDER_NAME+ZIP_CODE,FACILITY_NAME+ZIP_CODE,604,13914,1429903,4.3
FED_CMS_NURSING_HOME_FIRE_DEFICIENCIES,FED_EPA_RCRA_RCRA_FACILITIES,NAME@ZIP,CORROBORATED,PROVIDER_NAME+ZIP_CODE,FACILITY_NAME+ZIP_CODE,604,13914,1429903,4.3
FED_CMS_NURSING_HOME_FIRE_DEFICIENCIES,FED_EPA_SDWA_SDWA_PUB_WATER_SYSTEMS,NAME@ZIP,CORROBORATED,PROVIDER_NAME+ZIP_CODE,PWS_NAME+ZIP_CODE,86,13914,395686,0.6
FED_CMS_NURSING_HOME_FIRE_DEFICIENCIES,FED_FAC_SINGLE_AUDIT,NAME@ZIP,CORROBORATED,PROVIDER_NAME+ZIP_CODE,AUDITEE_NAME+AUDITEE_ZIP,184,13914,103191,1.3
FED_CMS_NURSING_HOME_FIRE_DEFICIENCIES,FED_HHS_OIG_LEIE,CCN~NPI,BRIDGE,,,3,13686,8660,0.0
FED_CMS_NURSING_HOME_FIRE_DEFICIENCIES,FED_HRSA_UDS_SERVICE_DELIVERY_SITES,NAME@ZIP,CORROBORATED,PROVIDER_NAME+ZIP_CODE,SITE_NAME+SITE_POSTAL_CODE,10,13914,18468,0.1
FED_CMS_NURSING_HOME_FIRE_DEFICIENCIES,FED_IRS_AUTO_REVOCATIONS,NAME@ZIP,CORROBORATED,PROVIDER_NAME+ZIP_CODE,LEGAL_NAME+ZIP_CODE,10,13914,1149844,0.1
FED_CMS_NURSING_HOME_FIRE_DEFICIENCIES,FED_IRS_BMF,NAME@ZIP,CORROBORATED,PROVIDER_NAME+ZIP_CODE,NAME+ZIP,521,13914,1868041,3.7
FED_CMS_NURSING_HOME_FIRE_DEFICIENCIES,FED_IRS_EO_BMF,NAME@ZIP,CORROBORATED,PROVIDER_NAME+ZIP_CODE,NAME+ZIP,519,13914,1878425,3.7
FED_CMS_NURSING_HOME_FIRE_DEFICIENCIES,FED_IRS_REVOCATION,NAME@ZIP,CORROBORATED,PROVIDER_NAME+ZIP_CODE,LEGAL_NAME+ZIP_CODE,10,13914,1149230,0.1
FED_CMS_NURSING_HOME_FIRE_DEFICIENCIES,FED_NURSINGHOME411,CCN,STEEL,CMS_CERTIFICATION_NUMBER_CCN,CMS_CERTIFICATION_NUMBER_CCN,13676,13686,14456,99.9
FED_CMS_NURSING_HOME_FIRE_DEFICIENCIES,FED_OSHA_ITA_300A_SUMMARY_2023,NAME@ZIP,CORROBORATED,PROVIDER_NAME+ZIP_CODE,ESTABLISHMENT_NAME+ZIP_CODE,3586,13914,373106,25.8
FED_CMS_NURSING_HOME_FIRE_DEFICIENCIES,FED_OSHA_ITA_300A_SUMMARY_2024,NAME@ZIP,CORROBORATED,PROVIDER_NAME+ZIP_CODE,ESTABLISHMENT_NAME+ZIP_CODE,3498,13914,360069,25.1
FED_CMS_NURSING_HOME_FIRE_DEFICIENCIES,FED_OSHA_ITA_300A_SUMMARY_2025,NAME@ZIP,CORROBORATED,PROVIDER_NAME+ZIP_CODE,ESTABLISHMENT_NAME+ZIP_CODE,3884,13914,375575,27.9
FED_CMS_NURSING_HOME_FIRE_DEFICIENCIES,FED_OSHA_ITA_CASE_DETAIL_2023,NAME@ZIP,CORROBORATED,PROVIDER_NAME+ZIP_CODE,ESTABLISHMENT_NAME+ZIP_CODE,2133,13914,85607,15.3
FED_CMS_NURSING_HOME_FIRE_DEFICIENCIES,FED_OSHA_ITA_CASE_DETAIL_2024,NAME@ZIP,CORROBORATED,PROVIDER_NAME+ZIP_CODE,ESTABLISHMENT_NAME+ZIP_CODE,1578,13914,59854,11.3
FED_CMS_NURSING_HOME_FIRE_DEFICIENCIES,FED_OSHA_ITA_CASE_DETAIL_2025,NAME@ZIP,CORROBORATED,PROVIDER_NAME+ZIP_CODE,ESTABLISHMENT_NAME+ZIP_CODE,928,13914,33457,6.7
FED_CMS_NURSING_HOME_FIRE_DEFICIENCIES,FED_USASPENDING_CONTRACTS,NAME@ZIP,CORROBORATED,PROVIDER_NAME+ZIP_CODE,RECIPIENT_NAME+RECIPIENT_ZIP_4_CODE,162,13914,91616,1.2
FED_CMS_NURSING_HOME_FIRE_DEFICIENCIES,FED_USCG_NRC_INCIDENTS,NAME@ZIP,CORROBORATED,PROVIDER_NAME+ZIP_CODE,RESPONSIBLE_COMPANY+RESPONSIBLE_ZIP,6,13914,93650,0.0
FED_CMS_NURSING_HOME_PENALTIES,FED_CMS_OPEN_PAYMENTS,CCN~NPI,BRIDGE,,,9249,6771,979136,136.6
FED_CMS_NURSING_HOME_PENALTIES,FED_CMS_OPEN_PAYMENTS_2022,CCN~NPI,BRIDGE,,,8967,6771,863007,132.4
FED_CMS_NURSING_HOME_PENALTIES,FED_CMS_OPEN_PAYMENTS_2023,CCN~NPI,BRIDGE,,,9326,6771,933619,137.7
FED_CMS_NURSING_HOME_PENALTIES,FED_CMS_OPEN_PAYMENTS_PROFILE_SUPPLEMENT,CCN~NPI,BRIDGE,,,13751,6771,1681790,203.1
FED_CMS_NURSING_HOME_PENALTIES,FED_CMS_OPT_OUT_AFFIDAVITS,CCN~NPI,BRIDGE,,,14,6771,56455,0.2
FED_CMS_NURSING_HOME_PENALTIES,FED_CMS_ORDER_AND_REFERRING,CCN~NPI,BRIDGE,,,16007,6771,2018350,236.4
FED_CMS_NURSING_HOME_PENALTIES,FED_CMS_PARTD_PRESCRIBER_DRUG,CCN~NPI,BRIDGE,,,14792,6771,1057566,218.5
FED_CMS_NURSING_HOME_PENALTIES,FED_CMS_PART_D_PRESCRIBERS,CCN~NPI,BRIDGE,,,15811,6771,1416883,233.5
FED_CMS_NURSING_HOME_PENALTIES,FED_CMS_PECOS_PROVIDER_ENROLLMENT,CCN~NPI,BRIDGE,,,22515,6771,2541258,332.5
FED_CMS_NURSING_HOME_PENALTIES,FED_CMS_POS_OTHER,NAME@ZIP,CORROBORATED,PROVIDER_NAME+ZIP_CODE,FAC_NAME+ZIP_CD,28,6831,40109,0.4
FED_CMS_NURSING_HOME_PENALTIES,FED_CMS_QUALITY_PAYMENT_PROGRAM_EXPERIENCE,CCN~NPI,BRIDGE,,,5279,6771,453202,78.0
FED_CMS_NURSING_HOME_PENALTIES,FED_CMS_RURAL_HEALTH_CLINIC_ENROLLMENTS,CCN~NPI,BRIDGE,,,5,6771,5320,0.1
FED_CMS_NURSING_HOME_PENALTIES,FED_CMS_SKILLED_NURSING_FACILITY_ENROLLMENTS,CCN,STEEL,CMS_CERTIFICATION_NUMBER_CCN,CCN,6660,6771,14250,98.4
FED_CMS_NURSING_HOME_PENALTIES,FED_CMS_SKILLED_NURSING_FACILITY_ENROLLMENTS,NAME@ZIP,CORROBORATED,PROVIDER_NAME+ZIP_CODE,NURSING_HOME_PROVIDER_NAME+ZIP_CODE,6288,6831,14044,92.1
FED_CMS_NURSING_HOME_PENALTIES,FED_EPA_FRS_FRS_FACILITIES,NAME@ZIP,CORROBORATED,PROVIDER_NAME+ZIP_CODE,FAC_NAME+FAC_ZIP,371,6831,2699357,5.4
FED_CMS_NURSING_HOME_PENALTIES,FED_EPA_FRS_FRS_PROGRAM_LINKS,NAME@ZIP,CORROBORATED,PROVIDER_NAME+ZIP_CODE,PRIMARY_NAME+POSTAL_CODE,384,6831,3338955,5.6
FED_CMS_NURSING_HOME_PENALTIES,FED_EPA_FRS_FULL,NAME@ZIP,CORROBORATED,PROVIDER_NAME+ZIP_CODE,PRIMARY_NAME+POSTAL_CODE,506,6831,4325132,7.4
FED_CMS_NURSING_HOME_PENALTIES,FED_EPA_ICIS_AIR_ICIS_AIR_FACILITIES,NAME@ZIP,CORROBORATED,PROVIDER_NAME+ZIP_CODE,FACILITY_NAME+ZIP_CODE,23,6831,270351,0.3
FED_CMS_NURSING_HOME_PENALTIES,FED_EPA_NPDES_ICIS_FACILITIES,NAME@ZIP,CORROBORATED,PROVIDER_NAME+ZIP_CODE,FACILITY_NAME+ZIP,61,6831,1077821,0.9
FED_CMS_NURSING_HOME_PENALTIES,FED_EPA_RCRA_FACILITIES,NAME@ZIP,CORROBORATED,PROVIDER_NAME+ZIP_CODE,FACILITY_NAME+ZIP_CODE,286,6831,1429903,4.2
FED_CMS_NURSING_HOME_PENALTIES,FED_EPA_RCRA_RCRA_FACILITIES,NAME@ZIP,CORROBORATED,PROVIDER_NAME+ZIP_CODE,FACILITY_NAME+ZIP_CODE,286,6831,1429903,4.2
FED_CMS_NURSING_HOME_PENALTIES,FED_EPA_SDWA_SDWA_PUB_WATER_SYSTEMS,NAME@ZIP,CORROBORATED,PROVIDER_NAME+ZIP_CODE,PWS_NAME+ZIP_CODE,39,6831,395686,0.6
FED_CMS_NURSING_HOME_PENALTIES,FED_FAC_SINGLE_AUDIT,NAME@ZIP,CORROBORATED,PROVIDER_NAME+ZIP_CODE,AUDITEE_NAME+AUDITEE_ZIP,65,6831,103191,1.0
FED_CMS_NURSING_HOME_PENALTIES,FED_HRSA_UDS_SERVICE_DELIVERY_SITES,NAME@ZIP,CORROBORATED,PROVIDER_NAME+ZIP_CODE,SITE_NAME+SITE_POSTAL_CODE,7,6831,18468,0.1
FED_CMS_NURSING_HOME_PENALTIES,FED_IRS_BMF,NAME@ZIP,CORROBORATED,PROVIDER_NAME+ZIP_CODE,NAME+ZIP,187,6831,1868041,2.7
FED_CMS_NURSING_HOME_PENALTIES,FED_IRS_EO_BMF,NAME@ZIP,CORROBORATED,PROVIDER_NAME+ZIP_CODE,NAME+ZIP,188,6831,1878425,2.8
FED_CMS_NURSING_HOME_PENALTIES,FED_NURSINGHOME411,CCN,STEEL,CMS_CERTIFICATION_NUMBER_CCN,CMS_CERTIFICATION_NUMBER_CCN,6769,6771,14456,100.0
FED_CMS_NURSING_HOME_PENALTIES,FED_OSHA_ITA_300A_SUMMARY_2023,NAME@ZIP,CORROBORATED,PROVIDER_NAME+ZIP_CODE,ESTABLISHMENT_NAME+ZIP_CODE,1632,6831,373106,23.9
FED_CMS_NURSING_HOME_PENALTIES,FED_OSHA_ITA_300A_SUMMARY_2024,NAME@ZIP,CORROBORATED,PROVIDER_NAME+ZIP_CODE,ESTABLISHMENT_NAME+ZIP_CODE,1580,6831,360069,23.1
FED_CMS_NURSING_HOME_PENALTIES,FED_OSHA_ITA_300A_SUMMARY_2025,NAME@ZIP,CORROBORATED,PROVIDER_NAME+ZIP_CODE,ESTABLISHMENT_NAME+ZIP_CODE,1847,6831,375575,27.0
FED_CMS_NURSING_HOME_PENALTIES,FED_OSHA_ITA_CASE_DETAIL_2023,NAME@ZIP,CORROBORATED,PROVIDER_NAME+ZIP_CODE,ESTABLISHMENT_NAME+ZIP_CODE,925,6831,85607,13.5
FED_CMS_NURSING_HOME_PENALTIES,FED_OSHA_ITA_CASE_DETAIL_2024,NAME@ZIP,CORROBORATED,PROVIDER_NAME+ZIP_CODE,ESTABLISHMENT_NAME+ZIP_CODE,697,6831,59854,10.2
FED_CMS_NURSING_HOME_PENALTIES,FED_OSHA_ITA_CASE_DETAIL_2025,NAME@ZIP,CORROBORATED,PROVIDER_NAME+ZIP_CODE,ESTABLISHMENT_NAME+ZIP_CODE,400,6831,33457,5.9
FED_CMS_NURSING_HOME_PENALTIES,FED_USASPENDING_CONTRACTS,NAME@ZIP,CORROBORATED,PROVIDER_NAME+ZIP_CODE,RECIPIENT_NAME+RECIPIENT_ZIP_4_CODE,85,6831,91616,1.2
FED_CMS_OPEN_PAYMENTS,FED_CMS_OPEN_PAYMENTS_2022,NAME@ZIP,CORROBORATED,COVERED_RECIPIENT_PROFILE_ID+RECIPIENT_ZIP_CODE,COVERED_RECIPIENT_PROFILE_ID+RECIPIENT_ZIP_CODE,672505,1462230,1177496,57.1
FED_CMS_OPEN_PAYMENTS,FED_CMS_OPEN_PAYMENTS_2022,NPI,STEEL,NPI,NPI,632033,979136,863007,73.2
FED_CMS_OPEN_PAYMENTS,FED_CMS_OPEN_PAYMENTS_2023,NAME@ZIP,CORROBORATED,COVERED_RECIPIENT_PROFILE_ID+RECIPIENT_ZIP_CODE,COVERED_RECIPIENT_PROFILE_ID+RECIPIENT_ZIP_CODE,870682,1462230,1385118,62.9
FED_CMS_OPEN_PAYMENTS,FED_CMS_OPEN_PAYMENTS_2023,NPI,STEEL,NPI,NPI,714130,979136,933619,76.5
FED_CMS_OPEN_PAYMENTS,FED_CMS_OPEN_PAYMENTS_PROFILE_SUPPLEMENT,NPI,STEEL,NPI,COVERED_RECIPIENT_NPI,979115,979136,1681790,100.0
FED_CMS_OPEN_PAYMENTS,FED_CMS_OPT_OUT_AFFIDAVITS,NPI,STEEL,NPI,NPI,11370,979136,56455,20.1
FED_CMS_OPEN_PAYMENTS,FED_CMS_ORDER_AND_REFERRING,NPI,STEEL,NPI,NPI,797526,979136,2018350,81.5
FED_CMS_OPEN_PAYMENTS,FED_CMS_PARTD_PRESCRIBER_DRUG,NPI,STEEL,NPI,Prscrbr_NPI,576801,979136,1057566,58.9
FED_CMS_OPEN_PAYMENTS,FED_CMS_PART_D_PRESCRIBERS,NPI,STEEL,NPI,NPI,734802,979136,1416883,75.0
FED_CMS_OPEN_PAYMENTS,FED_CMS_PECOS_PROVIDER_ENROLLMENT,NPI,STEEL,NPI,NPI,799186,979136,2541258,81.6
FED_CMS_OPEN_PAYMENTS,FED_CMS_PENDING_INITIAL_LOGGING_AND_TRACKING_NON_PHYSICIANS,NPI,STEEL,NPI,NPI,354,979136,6880,5.1
FED_CMS_OPEN_PAYMENTS,FED_CMS_PENDING_INITIAL_LOGGING_AND_TRACKING_PHYSICIANS,NPI,STEEL,NPI,NPI,1038,979136,7239,14.3
FED_CMS_OPEN_PAYMENTS,FED_CMS_POS_OTHER,CCN~NPI,BRIDGE,,,9404,979136,41262,22.8
FED_CMS_OPEN_PAYMENTS,FED_CMS_QUALITY_PAYMENT_PROGRAM_EXPERIENCE,NPI,STEEL,NPI,NPI,240329,979136,453202,53.0
FED_CMS_OPEN_PAYMENTS,FED_CMS_RURAL_HEALTH_CLINIC_ENROLLMENTS,NPI,STEEL,NPI,NPI,18,979136,5320,0.3
FED_CMS_OPEN_PAYMENTS,FED_CMS_SKILLED_NURSING_FACILITY_ENROLLMENTS,CCN~NPI,BRIDGE,,,20805,979136,14421,144.3
FED_CMS_OPEN_PAYMENTS,FED_HHS_OIG_LEIE,NPI,STEEL,NPI,NPI,379,979136,8660,4.4
FED_CMS_OPEN_PAYMENTS,FED_NURSINGHOME411,CCN~NPI,BRIDGE,,,21066,979136,14456,145.7
FED_CMS_OPEN_PAYMENTS,FED_SAM_EXCLUSIONS_FULL_R2,NPI,STEEL,NPI,NPI,152,979136,4866,3.1
FED_CMS_OPEN_PAYMENTS_2022,FED_CMS_OPEN_PAYMENTS_2023,NAME@ZIP,CORROBORATED,COVERED_RECIPIENT_PROFILE_ID+RECIPIENT_ZIP_CODE,COVERED_RECIPIENT_PROFILE_ID+RECIPIENT_ZIP_CODE,755199,1177496,1385118,64.1
FED_CMS_OPEN_PAYMENTS_2022,FED_CMS_OPEN_PAYMENTS_2023,NPI,STEEL,NPI,NPI,662679,863007,933619,76.8
FED_CMS_OPEN_PAYMENTS_2022,FED_CMS_OPEN_PAYMENTS_PROFILE_SUPPLEMENT,NPI,STEEL,NPI,COVERED_RECIPIENT_NPI,862997,863007,1681790,100.0
FED_CMS_OPEN_PAYMENTS_2022,FED_CMS_OPT_OUT_AFFIDAVITS,NPI,STEEL,NPI,NPI,11385,863007,56455,20.2
FED_CMS_OPEN_PAYMENTS_2022,FED_CMS_ORDER_AND_REFERRING,NPI,STEEL,NPI,NPI,696338,863007,2018350,80.7
FED_CMS_OPEN_PAYMENTS_2022,FED_CMS_PARTD_PRESCRIBER_DRUG,NPI,STEEL,NPI,Prscrbr_NPI,570577,863007,1057566,66.1
FED_CMS_OPEN_PAYMENTS_2022,FED_CMS_PART_D_PRESCRIBERS,NPI,STEEL,NPI,NPI,645470,863007,1416883,74.8
FED_CMS_OPEN_PAYMENTS_2022,FED_CMS_PECOS_PROVIDER_ENROLLMENT,NPI,STEEL,NPI,NPI,693300,863007,2541258,80.3
FED_CMS_OPEN_PAYMENTS_2022,FED_CMS_PENDING_INITIAL_LOGGING_AND_TRACKING_NON_PHYSICIANS,NPI,STEEL,NPI,NPI,242,863007,6880,3.5
FED_CMS_OPEN_PAYMENTS_2022,FED_CMS_PENDING_INITIAL_LOGGING_AND_TRACKING_PHYSICIANS,NPI,STEEL,NPI,NPI,649,863007,7239,9.0
FED_CMS_OPEN_PAYMENTS_2022,FED_CMS_POS_OTHER,CCN~NPI,BRIDGE,,,8769,863007,41262,21.3
FED_CMS_OPEN_PAYMENTS_2022,FED_CMS_QUALITY_PAYMENT_PROGRAM_EXPERIENCE,NPI,STEEL,NPI,NPI,217924,863007,453202,48.1
FED_CMS_OPEN_PAYMENTS_2022,FED_CMS_RURAL_HEALTH_CLINIC_ENROLLMENTS,NPI,STEEL,NPI,NPI,21,863007,5320,0.4
FED_CMS_OPEN_PAYMENTS_2022,FED_CMS_SKILLED_NURSING_FACILITY_ENROLLMENTS,CCN~NPI,BRIDGE,,,20286,863007,14421,140.7
FED_CMS_OPEN_PAYMENTS_2022,FED_HHS_OIG_LEIE,NPI,STEEL,NPI,NPI,532,863007,8660,6.1
FED_CMS_OPEN_PAYMENTS_2022,FED_NURSINGHOME411,CCN~NPI,BRIDGE,,,20541,863007,14456,142.1
FED_CMS_OPEN_PAYMENTS_2022,FED_SAM_EXCLUSIONS_FULL_R2,NPI,STEEL,NPI,NPI,159,863007,4866,3.3
FED_CMS_OPEN_PAYMENTS_2023,FED_CMS_OPEN_PAYMENTS_PROFILE_SUPPLEMENT,NPI,STEEL,NPI,COVERED_RECIPIENT_NPI,933616,933619,1681790,100.0
FED_CMS_OPEN_PAYMENTS_2023,FED_CMS_OPT_OUT_AFFIDAVITS,NPI,STEEL,NPI,NPI,11779,933619,56455,20.9
FED_CMS_OPEN_PAYMENTS_2023,FED_CMS_ORDER_AND_REFERRING,NPI,STEEL,NPI,NPI,758135,933619,2018350,81.2
FED_CMS_OPEN_PAYMENTS_2023,FED_CMS_PARTD_PRESCRIBER_DRUG,NPI,STEEL,NPI,Prscrbr_NPI,583070,933619,1057566,62.5
FED_CMS_OPEN_PAYMENTS_2023,FED_CMS_PART_D_PRESCRIBERS,NPI,STEEL,NPI,NPI,704161,933619,1416883,75.4
FED_CMS_OPEN_PAYMENTS_2023,FED_CMS_PECOS_PROVIDER_ENROLLMENT,NPI,STEEL,NPI,NPI,756117,933619,2541258,81.0
FED_CMS_OPEN_PAYMENTS_2023,FED_CMS_PENDING_INITIAL_LOGGING_AND_TRACKING_NON_PHYSICIANS,NPI,STEEL,NPI,NPI,278,933619,6880,4.0
FED_CMS_OPEN_PAYMENTS_2023,FED_CMS_PENDING_INITIAL_LOGGING_AND_TRACKING_PHYSICIANS,NPI,STEEL,NPI,NPI,806,933619,7239,11.1
FED_CMS_OPEN_PAYMENTS_2023,FED_CMS_POS_OTHER,CCN~NPI,BRIDGE,,,9224,933619,41262,22.4
FED_CMS_OPEN_PAYMENTS_2023,FED_CMS_QUALITY_PAYMENT_PROGRAM_EXPERIENCE,NPI,STEEL,NPI,NPI,235634,933619,453202,52.0
FED_CMS_OPEN_PAYMENTS_2023,FED_CMS_RURAL_HEALTH_CLINIC_ENROLLMENTS,NPI,STEEL,NPI,NPI,19,933619,5320,0.4
FED_CMS_OPEN_PAYMENTS_2023,FED_CMS_SKILLED_NURSING_FACILITY_ENROLLMENTS,CCN~NPI,BRIDGE,,,21011,933619,14421,145.7
FED_CMS_OPEN_PAYMENTS_2023,FED_HHS_OIG_LEIE,NPI,STEEL,NPI,NPI,471,933619,8660,5.4
FED_CMS_OPEN_PAYMENTS_2023,FED_NURSINGHOME411,CCN~NPI,BRIDGE,,,21253,933619,14456,147.0
FED_CMS_OPEN_PAYMENTS_2023,FED_SAM_EXCLUSIONS_FULL_R2,NPI,STEEL,NPI,NPI,149,933619,4866,3.1
FED_CMS_OPEN_PAYMENTS_PROFILE_SUPPLEMENT,FED_CMS_OPT_OUT_AFFIDAVITS,NPI,STEEL,COVERED_RECIPIENT_NPI,NPI,19840,1681790,56455,35.1
FED_CMS_OPEN_PAYMENTS_PROFILE_SUPPLEMENT,FED_CMS_ORDER_AND_REFERRING,NPI,STEEL,COVERED_RECIPIENT_NPI,NPI,1260874,1681790,2018350,75.0
FED_CMS_OPEN_PAYMENTS_PROFILE_SUPPLEMENT,FED_CMS_PARTD_PRESCRIBER_DRUG,NPI,STEEL,COVERED_RECIPIENT_NPI,Prscrbr_NPI,859344,1681790,1057566,81.3
FED_CMS_OPEN_PAYMENTS_PROFILE_SUPPLEMENT,FED_CMS_PART_D_PRESCRIBERS,NPI,STEEL,COVERED_RECIPIENT_NPI,NPI,1084165,1681790,1416883,76.5
FED_CMS_OPEN_PAYMENTS_PROFILE_SUPPLEMENT,FED_CMS_PECOS_PROVIDER_ENROLLMENT,NPI,STEEL,COVERED_RECIPIENT_NPI,NPI,1260175,1681790,2541258,74.9
FED_CMS_OPEN_PAYMENTS_PROFILE_SUPPLEMENT,FED_CMS_PENDING_INITIAL_LOGGING_AND_TRACKING_NON_PHYSICIANS,NPI,STEEL,COVERED_RECIPIENT_NPI,NPI,763,1681790,6880,11.1
FED_CMS_OPEN_PAYMENTS_PROFILE_SUPPLEMENT,FED_CMS_PENDING_INITIAL_LOGGING_AND_TRACKING_PHYSICIANS,NPI,STEEL,COVERED_RECIPIENT_NPI,NPI,2030,1681790,7239,28.0
FED_CMS_OPEN_PAYMENTS_PROFILE_SUPPLEMENT,FED_CMS_POS_OTHER,CCN~NPI,BRIDGE,,,13721,1681790,41262,33.3
FED_CMS_OPEN_PAYMENTS_PROFILE_SUPPLEMENT,FED_CMS_QUALITY_PAYMENT_PROGRAM_EXPERIENCE,NPI,STEEL,COVERED_RECIPIENT_NPI,NPI,342511,1681790,453202,75.6
FED_CMS_OPEN_PAYMENTS_PROFILE_SUPPLEMENT,FED_CMS_RURAL_HEALTH_CLINIC_ENROLLMENTS,NPI,STEEL,COVERED_RECIPIENT_NPI,NPI,24,1681790,5320,0.5
FED_CMS_OPEN_PAYMENTS_PROFILE_SUPPLEMENT,FED_CMS_SKILLED_NURSING_FACILITY_ENROLLMENTS,CCN~NPI,BRIDGE,,,30658,1681790,14421,212.6
FED_CMS_OPEN_PAYMENTS_PROFILE_SUPPLEMENT,FED_HHS_OIG_LEIE,NPI,STEEL,COVERED_RECIPIENT_NPI,NPI,1551,1681790,8660,17.9
FED_CMS_OPEN_PAYMENTS_PROFILE_SUPPLEMENT,FED_NURSINGHOME411,CCN~NPI,BRIDGE,,,31040,1681790,14456,214.7
FED_CMS_OPEN_PAYMENTS_PROFILE_SUPPLEMENT,FED_SAM_EXCLUSIONS_FULL_R2,NPI,STEEL,COVERED_RECIPIENT_NPI,NPI,575,1681790,4866,11.8
FED_CMS_OPIOID_TREATMENT_PROGRAM_PROVIDERS,FED_CMS_PECOS_PROVIDER_ENROLLMENT,NPI,STEEL,NPI,NPI,822,1287,2541258,63.9
FED_CMS_OPIOID_TREATMENT_PROGRAM_PROVIDERS,FED_CMS_POS_OTHER,NAME@ZIP,CORROBORATED,PROVIDER_NAME+ZIP,FAC_NAME+ZIP_CD,21,1541,40109,1.4
FED_CMS_OPIOID_TREATMENT_PROGRAM_PROVIDERS,FED_EPA_FRS_FRS_FACILITIES,NAME@ZIP,CORROBORATED,PROVIDER_NAME+ZIP,FAC_NAME+FAC_ZIP,20,1541,2699357,1.3
FED_CMS_OPIOID_TREATMENT_PROGRAM_PROVIDERS,FED_EPA_FRS_FRS_PROGRAM_LINKS,NAME@ZIP,CORROBORATED,PROVIDER_NAME+ZIP,PRIMARY_NAME+POSTAL_CODE,24,1541,3338955,1.6
FED_CMS_OPIOID_TREATMENT_PROGRAM_PROVIDERS,FED_EPA_FRS_FULL,NAME@ZIP,CORROBORATED,PROVIDER_NAME+ZIP,PRIMARY_NAME+POSTAL_CODE,29,1541,4325132,1.9
FED_CMS_OPIOID_TREATMENT_PROGRAM_PROVIDERS,FED_EPA_NPDES_ICIS_FACILITIES,NAME@ZIP,CORROBORATED,PROVIDER_NAME+ZIP,FACILITY_NAME+ZIP,7,1541,1077821,0.5
FED_CMS_OPIOID_TREATMENT_PROGRAM_PROVIDERS,FED_EPA_RCRA_FACILITIES,NAME@ZIP,CORROBORATED,PROVIDER_NAME+ZIP,FACILITY_NAME+ZIP_CODE,14,1541,1429903,0.9
FED_CMS_OPIOID_TREATMENT_PROGRAM_PROVIDERS,FED_EPA_RCRA_RCRA_FACILITIES,NAME@ZIP,CORROBORATED,PROVIDER_NAME+ZIP,FACILITY_NAME+ZIP_CODE,14,1541,1429903,0.9
FED_CMS_OPIOID_TREATMENT_PROGRAM_PROVIDERS,FED_FAC_SINGLE_AUDIT,NAME@ZIP,CORROBORATED,PROVIDER_NAME+ZIP,AUDITEE_NAME+AUDITEE_ZIP,43,1541,103191,2.8
FED_CMS_OPIOID_TREATMENT_PROGRAM_PROVIDERS,FED_HRSA_HPSA_PRIMARY_CARE,NAME@ZIP,CORROBORATED,PROVIDER_NAME+ZIP,HPSA_COMPONENT_NAME+COMMON_POSTAL_CODE,7,1541,6952,0.5
FED_CMS_OPIOID_TREATMENT_PROGRAM_PROVIDERS,FED_HRSA_SHORTAGE_AREAS,NAME@ZIP,CORROBORATED,PROVIDER_NAME+ZIP,HPSA_COMPONENT_NAME+COMMON_POSTAL_CODE,9,1541,7829,0.6
FED_CMS_OPIOID_TREATMENT_PROGRAM_PROVIDERS,FED_HRSA_UDS_SERVICE_DELIVERY_SITES,NPI,STEEL,NPI,FQHC_SITE_NPI_NUMBER,4,1287,6047,0.3
FED_CMS_OPIOID_TREATMENT_PROGRAM_PROVIDERS,FED_IRS_BMF,NAME@ZIP,CORROBORATED,PROVIDER_NAME+ZIP,NAME+ZIP,66,1541,1868041,4.3
FED_CMS_OPIOID_TREATMENT_PROGRAM_PROVIDERS,FED_IRS_EO_BMF,NAME@ZIP,CORROBORATED,PROVIDER_NAME+ZIP,NAME+ZIP,66,1541,1878425,4.3
FED_CMS_OPIOID_TREATMENT_PROGRAM_PROVIDERS,FED_OSHA_ITA_300A_SUMMARY_2023,NAME@ZIP,CORROBORATED,PROVIDER_NAME+ZIP,ESTABLISHMENT_NAME+ZIP_CODE,6,1541,373106,0.4
FED_CMS_OPIOID_TREATMENT_PROGRAM_PROVIDERS,FED_OSHA_ITA_300A_SUMMARY_2024,NAME@ZIP,CORROBORATED,PROVIDER_NAME+ZIP,ESTABLISHMENT_NAME+ZIP_CODE,6,1541,360069,0.4
FED_CMS_OPIOID_TREATMENT_PROGRAM_PROVIDERS,FED_OSHA_ITA_300A_SUMMARY_2025,NAME@ZIP,CORROBORATED,PROVIDER_NAME+ZIP,ESTABLISHMENT_NAME+ZIP_CODE,13,1541,375575,0.8
FED_CMS_OPIOID_TREATMENT_PROGRAM_PROVIDERS,FED_USASPENDING_CONTRACTS,NAME@ZIP,CORROBORATED,PROVIDER_NAME+ZIP,RECIPIENT_NAME+RECIPIENT_ZIP_4_CODE,8,1541,91616,0.5
FED_CMS_OPT_OUT_AFFIDAVITS,FED_CMS_ORDER_AND_REFERRING,NPI,STEEL,NPI,NPI,33173,56455,2018350,58.8
FED_CMS_OPT_OUT_AFFIDAVITS,FED_CMS_PARTD_PRESCRIBER_DRUG,NPI,STEEL,NPI,Prscrbr_NPI,16378,56455,1057566,29.0
FED_CMS_OPT_OUT_AFFIDAVITS,FED_CMS_PART_D_PRESCRIBERS,NAME@ZIP,CORROBORATED,LAST_NAME+ZIP_CODE,PRSCRBR_LAST_ORG_NAME+PRSCRBR_ZIP5,13937,56028,1310291,24.9
FED_CMS_OPT_OUT_AFFIDAVITS,FED_CMS_PART_D_PRESCRIBERS,NPI,STEEL,NPI,NPI,19236,56455,1416883,34.1
FED_CMS_OPT_OUT_AFFIDAVITS,FED_CMS_PENDING_INITIAL_LOGGING_AND_TRACKING_NON_PHYSICIANS,NPI,STEEL,NPI,NPI,12,56455,6880,0.2
FED_CMS_OPT_OUT_AFFIDAVITS,FED_CMS_PENDING_INITIAL_LOGGING_AND_TRACKING_PHYSICIANS,NPI,STEEL,NPI,NPI,4,56455,7239,0.1
FED_CMS_OPT_OUT_AFFIDAVITS,FED_CMS_POS_OTHER,CCN~NPI,BRIDGE,,,11,56455,41262,0.0
FED_CMS_OPT_OUT_AFFIDAVITS,FED_CMS_QUALITY_PAYMENT_PROGRAM_EXPERIENCE,NPI,STEEL,NPI,NPI,679,56455,453202,1.2
FED_CMS_OPT_OUT_AFFIDAVITS,FED_CMS_SKILLED_NURSING_FACILITY_ENROLLMENTS,CCN~NPI,BRIDGE,,,37,56455,14421,0.3
FED_CMS_OPT_OUT_AFFIDAVITS,FED_DOL_OLMS,NAME@ZIP,CORROBORATED,LAST_NAME+ZIP_CODE,MAIL_LASTNAME+ZIP,181,56028,129112,0.3
FED_CMS_OPT_OUT_AFFIDAVITS,FED_EPA_FRS_FRS_FACILITIES,NAME@ZIP,CORROBORATED,LAST_NAME+ZIP_CODE,FAC_NAME+FAC_ZIP,16,56028,2699357,0.0
FED_CMS_OPT_OUT_AFFIDAVITS,FED_EPA_FRS_FRS_PROGRAM_LINKS,NAME@ZIP,CORROBORATED,LAST_NAME+ZIP_CODE,PRIMARY_NAME+POSTAL_CODE,17,56028,3338955,0.0
FED_CMS_OPT_OUT_AFFIDAVITS,FED_EPA_FRS_FULL,NAME@ZIP,CORROBORATED,LAST_NAME+ZIP_CODE,PRIMARY_NAME+POSTAL_CODE,21,56028,4325132,0.0
FED_CMS_OPT_OUT_AFFIDAVITS,FED_EPA_NPDES_ICIS_FACILITIES,NAME@ZIP,CORROBORATED,LAST_NAME+ZIP_CODE,FACILITY_NAME+ZIP,6,56028,1077821,0.0
FED_CMS_OPT_OUT_AFFIDAVITS,FED_EPA_RCRA_FACILITIES,NAME@ZIP,CORROBORATED,LAST_NAME+ZIP_CODE,FACILITY_NAME+ZIP_CODE,11,56028,1429903,0.0
FED_CMS_OPT_OUT_AFFIDAVITS,FED_EPA_RCRA_RCRA_FACILITIES,NAME@ZIP,CORROBORATED,LAST_NAME+ZIP_CODE,FACILITY_NAME+ZIP_CODE,11,56028,1429903,0.0
FED_CMS_OPT_OUT_AFFIDAVITS,FED_HHS_OIG_LEIE,NAME@ZIP,CORROBORATED,LAST_NAME+ZIP_CODE,LASTNAME+ZIP,167,56028,78462,0.3
FED_CMS_OPT_OUT_AFFIDAVITS,FED_HHS_OIG_LEIE,NPI,STEEL,NPI,NPI,47,56455,8660,0.5
FED_CMS_OPT_OUT_AFFIDAVITS,FED_NURSINGHOME411,CCN~NPI,BRIDGE,,,37,56455,14456,0.3
FED_CMS_OPT_OUT_AFFIDAVITS,FED_OSHA_ITA_300A_SUMMARY_2023,NAME@ZIP,CORROBORATED,LAST_NAME+ZIP_CODE,ESTABLISHMENT_NAME+ZIP_CODE,5,56028,373106,0.0
FED_CMS_OPT_OUT_AFFIDAVITS,FED_OSHA_ITA_300A_SUMMARY_2024,NAME@ZIP,CORROBORATED,LAST_NAME+ZIP_CODE,ESTABLISHMENT_NAME+ZIP_CODE,6,56028,360069,0.0
FED_CMS_OPT_OUT_AFFIDAVITS,FED_OSHA_ITA_300A_SUMMARY_2025,NAME@ZIP,CORROBORATED,LAST_NAME+ZIP_CODE,ESTABLISHMENT_NAME+ZIP_CODE,8,56028,375575,0.0
FED_CMS_OPT_OUT_AFFIDAVITS,FED_SAM_EXCLUSIONS_FULL_R2,NPI,STEEL,NPI,NPI,9,56455,4866,0.2
FED_CMS_ORDER_AND_REFERRING,FED_CMS_PARTD_PRESCRIBER_DRUG,NPI,STEEL,NPI,Prscrbr_NPI,905296,2018350,1057566,85.6
FED_CMS_ORDER_AND_REFERRING,FED_CMS_PART_D_PRESCRIBERS,NPI,STEEL,NPI,NPI,1200606,2018350,1416883,84.7
FED_CMS_ORDER_AND_REFERRING,FED_CMS_PECOS_PROVIDER_ENROLLMENT,NPI,STEEL,NPI,NPI,1880842,2018350,2541258,93.2
FED_CMS_ORDER_AND_REFERRING,FED_CMS_PENDING_INITIAL_LOGGING_AND_TRACKING_NON_PHYSICIANS,NPI,STEEL,NPI,NPI,2400,2018350,6880,34.9
FED_CMS_ORDER_AND_REFERRING,FED_CMS_PENDING_INITIAL_LOGGING_AND_TRACKING_PHYSICIANS,NPI,STEEL,NPI,NPI,3100,2018350,7239,42.8
FED_CMS_ORDER_AND_REFERRING,FED_CMS_POS_OTHER,CCN~NPI,BRIDGE,,,16185,2018350,41262,39.2
FED_CMS_ORDER_AND_REFERRING,FED_CMS_QUALITY_PAYMENT_PROGRAM_EXPERIENCE,NPI,STEEL,NPI,NPI,408354,2018350,453202,90.1
FED_CMS_ORDER_AND_REFERRING,FED_CMS_RURAL_HEALTH_CLINIC_ENROLLMENTS,NPI,STEEL,NPI,NPI,22,2018350,5320,0.4
FED_CMS_ORDER_AND_REFERRING,FED_CMS_SKILLED_NURSING_FACILITY_ENROLLMENTS,CCN~NPI,BRIDGE,,,35583,2018350,14421,246.7
FED_CMS_ORDER_AND_REFERRING,FED_HHS_OIG_LEIE,NPI,STEEL,NPI,NPI,38,2018350,8660,0.4
FED_CMS_ORDER_AND_REFERRING,FED_NURSINGHOME411,CCN~NPI,BRIDGE,,,36096,2018350,14456,249.7
FED_CMS_ORDER_AND_REFERRING,FED_SAM_EXCLUSIONS_FULL_R2,NPI,STEEL,NPI,NPI,25,2018350,4866,0.5
FED_CMS_PARTD_PRESCRIBER_DRUG,FED_CMS_PART_D_PRESCRIBERS,NPI,STEEL,Prscrbr_NPI,NPI,982455,1057566,1416883,92.9
FED_CMS_PARTD_PRESCRIBER_DRUG,FED_CMS_PECOS_PROVIDER_ENROLLMENT,NPI,STEEL,Prscrbr_NPI,NPI,877005,1057566,2541258,82.9
FED_CMS_PARTD_PRESCRIBER_DRUG,FED_CMS_PENDING_INITIAL_LOGGING_AND_TRACKING_NON_PHYSICIANS,NPI,STEEL,Prscrbr_NPI,NPI,171,1057566,6880,2.5
FED_CMS_PARTD_PRESCRIBER_DRUG,FED_CMS_PENDING_INITIAL_LOGGING_AND_TRACKING_PHYSICIANS,NPI,STEEL,Prscrbr_NPI,NPI,684,1057566,7239,9.4
FED_CMS_PARTD_PRESCRIBER_DRUG,FED_CMS_POS_OTHER,CCN~NPI,BRIDGE,,,12364,1057566,41262,30.0
FED_CMS_PARTD_PRESCRIBER_DRUG,FED_CMS_QUALITY_PAYMENT_PROGRAM_EXPERIENCE,NPI,STEEL,Prscrbr_NPI,NPI,269174,1057566,453202,59.4
FED_CMS_PARTD_PRESCRIBER_DRUG,FED_CMS_RURAL_HEALTH_CLINIC_ENROLLMENTS,NPI,STEEL,Prscrbr_NPI,NPI,22,1057566,5320,0.4
FED_CMS_PARTD_PRESCRIBER_DRUG,FED_CMS_SKILLED_NURSING_FACILITY_ENROLLMENTS,CCN~NPI,BRIDGE,,,33161,1057566,14421,229.9
FED_CMS_PARTD_PRESCRIBER_DRUG,FED_HHS_OIG_LEIE,NPI,STEEL,Prscrbr_NPI,NPI,554,1057566,8660,6.4
FED_CMS_PARTD_PRESCRIBER_DRUG,FED_NURSINGHOME411,CCN~NPI,BRIDGE,,,33629,1057566,14456,232.6
FED_CMS_PARTD_PRESCRIBER_DRUG,FED_SAM_EXCLUSIONS_FULL_R2,NPI,STEEL,Prscrbr_NPI,NPI,65,1057566,4866,1.3
FED_CMS_PART_D_PRESCRIBERS,FED_CMS_PECOS_PROVIDER_ENROLLMENT,NPI,STEEL,NPI,NPI,1160662,1416883,2541258,81.9
FED_CMS_PART_D_PRESCRIBERS,FED_CMS_PENDING_INITIAL_LOGGING_AND_TRACKING_NON_PHYSICIANS,NPI,STEEL,NPI,NPI,344,1416883,6880,5.0
FED_CMS_PART_D_PRESCRIBERS,FED_CMS_PENDING_INITIAL_LOGGING_AND_TRACKING_PHYSICIANS,NPI,STEEL,NPI,NPI,2160,1416883,7239,29.8
FED_CMS_PART_D_PRESCRIBERS,FED_CMS_POS_OTHER,CCN~NPI,BRIDGE,,,14594,1416883,41262,35.4
FED_CMS_PART_D_PRESCRIBERS,FED_CMS_QUALITY_PAYMENT_PROGRAM_EXPERIENCE,NPI,STEEL,NPI,NPI,329813,1416883,453202,72.8
FED_CMS_PART_D_PRESCRIBERS,FED_CMS_RURAL_HEALTH_CLINIC_ENROLLMENTS,NPI,STEEL,NPI,NPI,22,1416883,5320,0.4
FED_CMS_PART_D_PRESCRIBERS,FED_CMS_SKILLED_NURSING_FACILITY_ENROLLMENTS,CCN~NPI,BRIDGE,,,35181,1416883,14421,244.0
FED_CMS_PART_D_PRESCRIBERS,FED_DEA_ARCOS_FULL,NAME@ZIP,CORROBORATED,PRSCRBR_LAST_ORG_NAME+PRSCRBR_ZIP5,BUYER_NAME+BUYER_ZIP,6,1310291,127173,0.0
FED_CMS_PART_D_PRESCRIBERS,FED_DOL_OLMS,NAME@ZIP,CORROBORATED,PRSCRBR_LAST_ORG_NAME+PRSCRBR_ZIP5,MAIL_LASTNAME+ZIP,4340,1310291,129112,3.4
FED_CMS_PART_D_PRESCRIBERS,FED_EIA860_2_PLANT,NAME@ZIP,CORROBORATED,PRSCRBR_LAST_ORG_NAME+PRSCRBR_ZIP5,PLANT_NAME+ZIP,5,1310291,14083,0.0
FED_CMS_PART_D_PRESCRIBERS,FED_EPA_FRS_FRS_FACILITIES,NAME@ZIP,CORROBORATED,PRSCRBR_LAST_ORG_NAME+PRSCRBR_ZIP5,FAC_NAME+FAC_ZIP,262,1310291,2699357,0.0
FED_CMS_PART_D_PRESCRIBERS,FED_EPA_FRS_FRS_PROGRAM_LINKS,NAME@ZIP,CORROBORATED,PRSCRBR_LAST_ORG_NAME+PRSCRBR_ZIP5,PRIMARY_NAME+POSTAL_CODE,291,1310291,3338955,0.0
FED_CMS_PART_D_PRESCRIBERS,FED_EPA_FRS_FULL,NAME@ZIP,CORROBORATED,PRSCRBR_LAST_ORG_NAME+PRSCRBR_ZIP5,PRIMARY_NAME+POSTAL_CODE,424,1310291,4325132,0.0
FED_CMS_PART_D_PRESCRIBERS,FED_EPA_ICIS_AIR_ICIS_AIR_FACILITIES,NAME@ZIP,CORROBORATED,PRSCRBR_LAST_ORG_NAME+PRSCRBR_ZIP5,FACILITY_NAME+ZIP_CODE,26,1310291,270351,0.0
FED_CMS_PART_D_PRESCRIBERS,FED_EPA_ICIS_FEC_CASE_ENFORCEMENT_CONCLUSION_FACILITIES,NAME@ZIP,CORROBORATED,PRSCRBR_LAST_ORG_NAME+PRSCRBR_ZIP5,FACILITY_NAME+FACILITY_ZIP,11,1310291,108488,0.0
FED_CMS_PART_D_PRESCRIBERS,FED_EPA_ICIS_FEC_CASE_FACILITIES,NAME@ZIP,CORROBORATED,PRSCRBR_LAST_ORG_NAME+PRSCRBR_ZIP5,FACILITY_NAME+ZIP,12,1310291,117594,0.0
FED_CMS_PART_D_PRESCRIBERS,FED_EPA_NPDES_ICIS_FACILITIES,NAME@ZIP,CORROBORATED,PRSCRBR_LAST_ORG_NAME+PRSCRBR_ZIP5,FACILITY_NAME+ZIP,109,1310291,1077821,0.0
FED_CMS_PART_D_PRESCRIBERS,FED_EPA_RCRA_FACILITIES,NAME@ZIP,CORROBORATED,PRSCRBR_LAST_ORG_NAME+PRSCRBR_ZIP5,FACILITY_NAME+ZIP_CODE,132,1310291,1429903,0.0
FED_CMS_PART_D_PRESCRIBERS,FED_EPA_RCRA_RCRA_FACILITIES,NAME@ZIP,CORROBORATED,PRSCRBR_LAST_ORG_NAME+PRSCRBR_ZIP5,FACILITY_NAME+ZIP_CODE,132,1310291,1429903,0.0
FED_CMS_PART_D_PRESCRIBERS,FED_EPA_SDWA_SDWA_PUB_WATER_SYSTEMS,NAME@ZIP,CORROBORATED,PRSCRBR_LAST_ORG_NAME+PRSCRBR_ZIP5,PWS_NAME+ZIP_CODE,22,1310291,395686,0.0
FED_CMS_PART_D_PRESCRIBERS,FED_EPA_TRI_FACILITY,NAME@ZIP,CORROBORATED,PRSCRBR_LAST_ORG_NAME+PRSCRBR_ZIP5,FACILITY_NAME+ZIP_CODE,12,1310291,63963,0.0
FED_CMS_PART_D_PRESCRIBERS,FED_FAA_AIRCRAFT_REGISTRY,NAME@ZIP,CORROBORATED,PRSCRBR_LAST_ORG_NAME+PRSCRBR_ZIP5,NAME+ZIP_CODE,9,1310291,205605,0.0
FED_CMS_PART_D_PRESCRIBERS,FED_FEC_INDIV_CONTRIBUTIONS,NAME@ZIP,CORROBORATED,PRSCRBR_LAST_ORG_NAME+PRSCRBR_ZIP5,NAME+ZIP_CODE,49,1310291,5251703,0.0
FED_CMS_PART_D_PRESCRIBERS,FED_HHS_OIG_LEIE,NAME@ZIP,CORROBORATED,PRSCRBR_LAST_ORG_NAME+PRSCRBR_ZIP5,LASTNAME+ZIP,3502,1310291,78462,4.5
FED_CMS_PART_D_PRESCRIBERS,FED_HHS_OIG_LEIE,NPI,STEEL,NPI,NPI,289,1416883,8660,3.3
FED_CMS_PART_D_PRESCRIBERS,FED_IRS_AUTO_REVOCATIONS,NAME@ZIP,CORROBORATED,PRSCRBR_LAST_ORG_NAME+PRSCRBR_ZIP5,LEGAL_NAME+ZIP_CODE,11,1310291,1149844,0.0
FED_CMS_PART_D_PRESCRIBERS,FED_IRS_BMF,NAME@ZIP,CORROBORATED,PRSCRBR_LAST_ORG_NAME+PRSCRBR_ZIP5,NAME+ZIP,14,1310291,1868041,0.0
FED_CMS_PART_D_PRESCRIBERS,FED_IRS_EO_BMF,NAME@ZIP,CORROBORATED,PRSCRBR_LAST_ORG_NAME+PRSCRBR_ZIP5,NAME+ZIP,14,1310291,1878425,0.0
FED_CMS_PART_D_PRESCRIBERS,FED_IRS_REVOCATION,NAME@ZIP,CORROBORATED,PRSCRBR_LAST_ORG_NAME+PRSCRBR_ZIP5,LEGAL_NAME+ZIP_CODE,11,1310291,1149230,0.0
FED_CMS_PART_D_PRESCRIBERS,FED_NTSB_AVIATION_EVENTS,NAME@ZIP,CORROBORATED,PRSCRBR_LAST_ORG_NAME+PRSCRBR_ZIP5,APT_NAME+EV_SITE_ZIPCODE,6,1310291,15605,0.0
FED_CMS_PART_D_PRESCRIBERS,FED_NURSINGHOME411,CCN~NPI,BRIDGE,,,35684,1416883,14456,246.8
FED_CMS_PART_D_PRESCRIBERS,FED_OSHA_ITA_300A_SUMMARY_2023,NAME@ZIP,CORROBORATED,PRSCRBR_LAST_ORG_NAME+PRSCRBR_ZIP5,ESTABLISHMENT_NAME+ZIP_CODE,64,1310291,373106,0.0
FED_CMS_PART_D_PRESCRIBERS,FED_OSHA_ITA_300A_SUMMARY_2024,NAME@ZIP,CORROBORATED,PRSCRBR_LAST_ORG_NAME+PRSCRBR_ZIP5,ESTABLISHMENT_NAME+ZIP_CODE,55,1310291,360069,0.0
FED_CMS_PART_D_PRESCRIBERS,FED_OSHA_ITA_300A_SUMMARY_2025,NAME@ZIP,CORROBORATED,PRSCRBR_LAST_ORG_NAME+PRSCRBR_ZIP5,ESTABLISHMENT_NAME+ZIP_CODE,69,1310291,375575,0.0
FED_CMS_PART_D_PRESCRIBERS,FED_OSHA_ITA_CASE_DETAIL_2023,NAME@ZIP,CORROBORATED,PRSCRBR_LAST_ORG_NAME+PRSCRBR_ZIP5,ESTABLISHMENT_NAME+ZIP_CODE,10,1310291,85607,0.0
FED_CMS_PART_D_PRESCRIBERS,FED_OSHA_ITA_CASE_DETAIL_2024,NAME@ZIP,CORROBORATED,PRSCRBR_LAST_ORG_NAME+PRSCRBR_ZIP5,ESTABLISHMENT_NAME+ZIP_CODE,9,1310291,59854,0.0
FED_CMS_PART_D_PRESCRIBERS,FED_OSHA_ITA_CASE_DETAIL_2025,NAME@ZIP,CORROBORATED,PRSCRBR_LAST_ORG_NAME+PRSCRBR_ZIP5,ESTABLISHMENT_NAME+ZIP_CODE,5,1310291,33457,0.0
FED_CMS_PART_D_PRESCRIBERS,FED_SAM_EXCLUSIONS_FULL_R2,NPI,STEEL,NPI,NPI,57,1416883,4866,1.2
FED_CMS_PART_D_PRESCRIBERS,FED_SBIR_STTR_AWARDS,NAME@ZIP,CORROBORATED,PRSCRBR_LAST_ORG_NAME+PRSCRBR_ZIP5,PI_NAME+ZIP,21,1310291,77742,0.0
FED_CMS_PART_D_PRESCRIBERS,FED_USASPENDING_CONTRACTS,NAME@ZIP,CORROBORATED,PRSCRBR_LAST_ORG_NAME+PRSCRBR_ZIP5,RECIPIENT_NAME+RECIPIENT_ZIP_4_CODE,10,1310291,91616,0.0
FED_CMS_PART_D_PRESCRIBERS,FED_USCG_NRC_INCIDENTS,NAME@ZIP,CORROBORATED,PRSCRBR_LAST_ORG_NAME+PRSCRBR_ZIP5,RESPONSIBLE_COMPANY+RESPONSIBLE_ZIP,10,1310291,93650,0.0
FED_CMS_PART_D_PRESCRIBERS,ST_NYC_CFB_CAMPAIGN_2009_CONTRIBUTION,NAME@ZIP,CORROBORATED,PRSCRBR_LAST_ORG_NAME+PRSCRBR_ZIP5,NAME+ZIP,5,1310291,93773,0.0
FED_CMS_PART_D_PRESCRIBERS,ST_NYC_CFB_CAMPAIGN_2021_CONTRIBUTIONS,NAME@ZIP,CORROBORATED,PRSCRBR_LAST_ORG_NAME+PRSCRBR_ZIP5,NAME+ZIP,19,1310291,236829,0.0
FED_CMS_PART_D_PRESCRIBERS,ST_NYC_CFB_CAMPAIGN_2025_CONTRIBUTIONS,NAME@ZIP,CORROBORATED,PRSCRBR_LAST_ORG_NAME+PRSCRBR_ZIP5,NAME+ZIP,13,1310291,151248,0.0
FED_CMS_PECOS_PROVIDER_ENROLLMENT,FED_CMS_PENDING_INITIAL_LOGGING_AND_TRACKING_NON_PHYSICIANS,NPI,STEEL,NPI,NPI,169,2541258,6880,2.5
FED_CMS_PECOS_PROVIDER_ENROLLMENT,FED_CMS_PENDING_INITIAL_LOGGING_AND_TRACKING_PHYSICIANS,NPI,STEEL,NPI,NPI,666,2541258,7239,9.2
FED_CMS_PECOS_PROVIDER_ENROLLMENT,FED_CMS_POS_OTHER,CCN~NPI,BRIDGE,,,37029,2541258,41262,89.7
FED_CMS_PECOS_PROVIDER_ENROLLMENT,FED_CMS_QUALITY_PAYMENT_PROGRAM_EXPERIENCE,NPI,STEEL,NPI,NPI,441623,2541258,453202,97.4
FED_CMS_PECOS_PROVIDER_ENROLLMENT,FED_CMS_RURAL_HEALTH_CLINIC_ENROLLMENTS,NPI,STEEL,NPI,NPI,5273,2541258,5320,99.1
FED_CMS_PECOS_PROVIDER_ENROLLMENT,FED_CMS_SKILLED_NURSING_FACILITY_ENROLLMENTS,NPI,STEEL,NPI,NPI,14208,2541258,14421,98.5
FED_CMS_PECOS_PROVIDER_ENROLLMENT,FED_HHS_OIG_LEIE,NPI,STEEL,NPI,NPI,19,2541258,8660,0.2
FED_CMS_PECOS_PROVIDER_ENROLLMENT,FED_HRSA_UDS_SERVICE_DELIVERY_SITES,NPI,STEEL,NPI,FQHC_SITE_NPI_NUMBER,4786,2541258,6047,79.1
FED_CMS_PECOS_PROVIDER_ENROLLMENT,FED_NURSINGHOME411,CCN~NPI,BRIDGE,,,50015,2541258,14456,346.0
FED_CMS_PECOS_PROVIDER_ENROLLMENT,FED_SAM_EXCLUSIONS_FULL_R2,NPI,STEEL,NPI,NPI,15,2541258,4866,0.3
FED_CMS_PENDING_INITIAL_LOGGING_AND_TRACKING_NON_PHYSICIANS,FED_CMS_PENDING_INITIAL_LOGGING_AND_TRACKING_PHYSICIANS,NPI,STEEL,NPI,NPI,17,6880,7239,0.2
FED_CMS_PENDING_INITIAL_LOGGING_AND_TRACKING_NON_PHYSICIANS,FED_CMS_QUALITY_PAYMENT_PROGRAM_EXPERIENCE,NPI,STEEL,NPI,NPI,42,6880,453202,0.6
FED_CMS_PENDING_INITIAL_LOGGING_AND_TRACKING_NON_PHYSICIANS,FED_HHS_OIG_LEIE,NPI,STEEL,NPI,NPI,3,6880,8660,0.0
FED_CMS_PENDING_INITIAL_LOGGING_AND_TRACKING_PHYSICIANS,FED_CMS_QUALITY_PAYMENT_PROGRAM_EXPERIENCE,NPI,STEEL,NPI,NPI,82,7239,453202,1.1
FED_CMS_PENDING_INITIAL_LOGGING_AND_TRACKING_PHYSICIANS,FED_CMS_SKILLED_NURSING_FACILITY_ENROLLMENTS,CCN~NPI,BRIDGE,,,9,7239,14421,0.1
FED_CMS_PENDING_INITIAL_LOGGING_AND_TRACKING_PHYSICIANS,FED_HHS_OIG_LEIE,NPI,STEEL,NPI,NPI,7,7239,8660,0.1
FED_CMS_PENDING_INITIAL_LOGGING_AND_TRACKING_PHYSICIANS,FED_NURSINGHOME411,CCN~NPI,BRIDGE,,,9,7239,14456,0.1
FED_CMS_PENDING_INITIAL_LOGGING_AND_TRACKING_PHYSICIANS,FED_SAM_EXCLUSIONS_FULL_R2,NPI,STEEL,NPI,NPI,4,7239,4866,0.1
FED_CMS_POS_OTHER,FED_CMS_QUALITY_PAYMENT_PROGRAM_EXPERIENCE,CCN~NPI,BRIDGE,,,5157,41262,453202,12.5
FED_CMS_POS_OTHER,FED_CMS_RURAL_HEALTH_CLINIC_ENROLLMENTS,CCN,STEEL,CCN,CCN,5266,41262,5313,99.1
FED_CMS_POS_OTHER,FED_CMS_RURAL_HEALTH_CLINIC_ENROLLMENTS,NAME@ZIP,CORROBORATED,FAC_NAME+ZIP_CD,DOING_BUSINESS_AS_NAME+ZIP_CODE,3266,40109,4513,72.4
FED_CMS_POS_OTHER,FED_CMS_SKILLED_NURSING_FACILITY_ENROLLMENTS,NAME@ZIP,CORROBORATED,FAC_NAME+ZIP_CD,NURSING_HOME_PROVIDER_NAME+ZIP_CODE,76,40109,14044,0.5
FED_CMS_POS_OTHER,FED_DEA_ARCOS_FULL,NAME@ZIP,CORROBORATED,FAC_NAME+ZIP_CD,BUYER_NAME+BUYER_ZIP,147,40109,127173,0.4
FED_CMS_POS_OTHER,FED_DOL_FORM5500,NAME@ZIP,CORROBORATED,FAC_NAME+ZIP_CD,PLAN_NAME+SPONS_DFE_MAIL_US_ZIP,8,40109,31367,0.0
FED_CMS_POS_OTHER,FED_EIA860_1_UTILITY,NAME@ZIP,CORROBORATED,FAC_NAME+ZIP_CD,UTILITY_NAME+ZIP,19,40109,5530,0.3
FED_CMS_POS_OTHER,FED_EIA860_2_PLANT,NAME@ZIP,CORROBORATED,FAC_NAME+ZIP_CD,PLANT_NAME+ZIP,24,40109,14083,0.2
FED_CMS_POS_OTHER,FED_EPA_FRS_FRS_FACILITIES,NAME@ZIP,CORROBORATED,FAC_NAME+ZIP_CD,FAC_NAME+FAC_ZIP,2838,40109,2699357,7.1
FED_CMS_POS_OTHER,FED_EPA_FRS_FRS_PROGRAM_LINKS,NAME@ZIP,CORROBORATED,FAC_NAME+ZIP_CD,PRIMARY_NAME+POSTAL_CODE,3355,40109,3338955,8.4
FED_CMS_POS_OTHER,FED_EPA_FRS_FULL,NAME@ZIP,CORROBORATED,FAC_NAME+ZIP_CD,PRIMARY_NAME+POSTAL_CODE,3525,40109,4325132,8.8
FED_CMS_POS_OTHER,FED_EPA_GHGRP_FACILITY,NAME@ZIP,CORROBORATED,FAC_NAME+ZIP_CD,FACILITY_NAME+ZIP,17,40109,12485,0.1
FED_CMS_POS_OTHER,FED_EPA_ICIS_AIR_ICIS_AIR_FACILITIES,NAME@ZIP,CORROBORATED,FAC_NAME+ZIP_CD,FACILITY_NAME+ZIP_CODE,733,40109,270351,1.8
FED_CMS_POS_OTHER,FED_EPA_ICIS_FEC_CASE_ENFORCEMENT_CONCLUSION_FACILITIES,NAME@ZIP,CORROBORATED,FAC_NAME+ZIP_CD,FACILITY_NAME+FACILITY_ZIP,176,40109,108488,0.4
FED_CMS_POS_OTHER,FED_EPA_ICIS_FEC_CASE_FACILITIES,NAME@ZIP,CORROBORATED,FAC_NAME+ZIP_CD,FACILITY_NAME+ZIP,183,40109,117594,0.5
FED_CMS_POS_OTHER,FED_EPA_NPDES_ICIS_FACILITIES,NAME@ZIP,CORROBORATED,FAC_NAME+ZIP_CD,FACILITY_NAME+ZIP,450,40109,1077821,1.1
FED_CMS_POS_OTHER,FED_EPA_RCRA_FACILITIES,NAME@ZIP,CORROBORATED,FAC_NAME+ZIP_CD,FACILITY_NAME+ZIP_CODE,2514,40109,1429903,6.3
FED_CMS_POS_OTHER,FED_EPA_RCRA_RCRA_FACILITIES,NAME@ZIP,CORROBORATED,FAC_NAME+ZIP_CD,FACILITY_NAME+ZIP_CODE,2514,40109,1429903,6.3
FED_CMS_POS_OTHER,FED_EPA_SDWA_SDWA_PUB_WATER_SYSTEMS,NAME@ZIP,CORROBORATED,FAC_NAME+ZIP_CD,PWS_NAME+ZIP_CODE,188,40109,395686,0.5
FED_CMS_POS_OTHER,FED_FAA_AIRCRAFT_REGISTRY,NAME@ZIP,CORROBORATED,FAC_NAME+ZIP_CD,NAME+ZIP_CODE,18,40109,205605,0.0
FED_CMS_POS_OTHER,FED_FAC_SINGLE_AUDIT,NAME@ZIP,CORROBORATED,FAC_NAME+ZIP_CD,AUDITEE_NAME+AUDITEE_ZIP,1604,40109,103191,4.0
FED_CMS_POS_OTHER,FED_FCC_LICENSING,NAME@ZIP,CORROBORATED,FAC_NAME+ZIP_CD,ENTITY_NAME+ZIP_CODE,14,40109,1502987,0.0
FED_CMS_POS_OTHER,FED_FEC_INDIV_CONTRIBUTIONS,NAME@ZIP,CORROBORATED,FAC_NAME+ZIP_CD,NAME+ZIP_CODE,12,40109,5251703,0.0
FED_CMS_POS_OTHER,FED_HHS_OIG_LEIE,CCN~NPI,BRIDGE,,,3,41262,8660,0.0
FED_CMS_POS_OTHER,FED_HRSA_HPSA_PRIMARY_CARE,NAME@ZIP,CORROBORATED,FAC_NAME+ZIP_CD,HPSA_COMPONENT_NAME+COMMON_POSTAL_CODE,3277,40109,6952,47.1
FED_CMS_POS_OTHER,FED_HRSA_SHORTAGE_AREAS,NAME@ZIP,CORROBORATED,FAC_NAME+ZIP_CD,HPSA_COMPONENT_NAME+COMMON_POSTAL_CODE,3331,40109,7829,42.5
FED_CMS_POS_OTHER,FED_HRSA_UDS_SERVICE_DELIVERY_SITES,NAME@ZIP,CORROBORATED,FAC_NAME+ZIP_CD,SITE_NAME+SITE_POSTAL_CODE,3262,40109,18468,17.7
FED_CMS_POS_OTHER,FED_ICE_DETENTION_FACILITY_CODES,NAME@ZIP,CORROBORATED,FAC_NAME+ZIP_CD,DETENTION_FACILITY_NAME+ZIP,86,40109,1327,6.5
FED_CMS_POS_OTHER,FED_IRS_AUTO_REVOCATIONS,NAME@ZIP,CORROBORATED,FAC_NAME+ZIP_CD,LEGAL_NAME+ZIP_CODE,244,40109,1149844,0.6
FED_CMS_POS_OTHER,FED_IRS_BMF,NAME@ZIP,CORROBORATED,FAC_NAME+ZIP_CD,NAME+ZIP,1800,40109,1868041,4.5
FED_CMS_POS_OTHER,FED_IRS_EO_BMF,NAME@ZIP,CORROBORATED,FAC_NAME+ZIP_CD,NAME+ZIP,1788,40109,1878425,4.5
FED_CMS_POS_OTHER,FED_IRS_REVOCATION,NAME@ZIP,CORROBORATED,FAC_NAME+ZIP_CD,LEGAL_NAME+ZIP_CODE,243,40109,1149230,0.6
FED_CMS_POS_OTHER,FED_NCUA_CALL_REPORTS_FOICU,NAME@ZIP,CORROBORATED,FAC_NAME+ZIP_CD,CU_NAME+ZIP_CODE,6,40109,4335,0.1
FED_CMS_POS_OTHER,FED_NCUA_FEDERALLY_INSURED_CU_LIST,NAME@ZIP,CORROBORATED,FAC_NAME+ZIP_CD,CREDIT_UNION_NAME+ZIP_CODE_MAILING_ADDRESS,6,40109,4249,0.1
FED_CMS_POS_OTHER,FED_OSHA_ITA_300A_SUMMARY_2023,NAME@ZIP,CORROBORATED,FAC_NAME+ZIP_CD,ESTABLISHMENT_NAME+ZIP_CODE,1823,40109,373106,4.5
FED_CMS_POS_OTHER,FED_OSHA_ITA_300A_SUMMARY_2024,NAME@ZIP,CORROBORATED,FAC_NAME+ZIP_CD,ESTABLISHMENT_NAME+ZIP_CODE,1795,40109,360069,4.5
FED_CMS_POS_OTHER,FED_OSHA_ITA_300A_SUMMARY_2025,NAME@ZIP,CORROBORATED,FAC_NAME+ZIP_CD,ESTABLISHMENT_NAME+ZIP_CODE,1813,40109,375575,4.5
FED_CMS_POS_OTHER,FED_OSHA_ITA_CASE_DETAIL_2023,NAME@ZIP,CORROBORATED,FAC_NAME+ZIP_CD,ESTABLISHMENT_NAME+ZIP_CODE,1206,40109,85607,3.0
FED_CMS_POS_OTHER,FED_OSHA_ITA_CASE_DETAIL_2024,NAME@ZIP,CORROBORATED,FAC_NAME+ZIP_CD,ESTABLISHMENT_NAME+ZIP_CODE,1040,40109,59854,2.6
FED_CMS_POS_OTHER,FED_OSHA_ITA_CASE_DETAIL_2025,NAME@ZIP,CORROBORATED,FAC_NAME+ZIP_CD,ESTABLISHMENT_NAME+ZIP_CODE,728,40109,33457,2.2
FED_CMS_POS_OTHER,FED_SAM_EXCLUSIONS_FULL_R2,NAME@ZIP,CORROBORATED,FAC_NAME+ZIP_CD,NAME+ZIP_CODE,8,40109,7285,0.1
FED_CMS_POS_OTHER,FED_USASPENDING_CONTRACTS,NAME@ZIP,CORROBORATED,FAC_NAME+ZIP_CD,RECIPIENT_NAME+RECIPIENT_ZIP_4_CODE,170,40109,91616,0.4
FED_CMS_POS_OTHER,FED_USCG_NRC_INCIDENTS,NAME@ZIP,CORROBORATED,FAC_NAME+ZIP_CD,RESPONSIBLE_COMPANY+RESPONSIBLE_ZIP,52,40109,93650,0.1
FED_CMS_POS_OTHER,FED_USCG_NRC_INCIDENT_REPORTS,NAME@ZIP,CORROBORATED,FAC_NAME+ZIP_CD,RESPONSIBLE_COMPANY+RESPONSIBLE_ZIP,8,40109,15011,0.1
FED_CMS_POS_OTHER,IRS527_RELATED_ENTITIES,NAME@ZIP,CORROBORATED,FAC_NAME+ZIP_CD,ENTITY_NAME+ENTITY_ZIP,18,40109,11739,0.2
FED_CMS_QUALITY_PAYMENT_PROGRAM_EXPERIENCE,FED_CMS_RURAL_HEALTH_CLINIC_ENROLLMENTS,NPI,STEEL,NPI,NPI,4,453202,5320,0.1
FED_CMS_QUALITY_PAYMENT_PROGRAM_EXPERIENCE,FED_CMS_SKILLED_NURSING_FACILITY_ENROLLMENTS,CCN~NPI,BRIDGE,,,11804,453202,14421,81.9
FED_CMS_QUALITY_PAYMENT_PROGRAM_EXPERIENCE,FED_HHS_OIG_LEIE,NPI,STEEL,NPI,NPI,42,453202,8660,0.5
FED_CMS_QUALITY_PAYMENT_PROGRAM_EXPERIENCE,FED_NURSINGHOME411,CCN~NPI,BRIDGE,,,11949,453202,14456,82.7
FED_CMS_QUALITY_PAYMENT_PROGRAM_EXPERIENCE,FED_SAM_EXCLUSIONS_FULL_R2,NPI,STEEL,NPI,NPI,13,453202,4866,0.3
FED_CMS_RURAL_HEALTH_CLINIC_ENROLLMENTS,FED_CMS_SKILLED_NURSING_FACILITY_ENROLLMENTS,NAME@ZIP,CORROBORATED,DOING_BUSINESS_AS_NAME+ZIP_CODE,NURSING_HOME_PROVIDER_NAME+ZIP_CODE,5,4513,14044,0.1
FED_CMS_RURAL_HEALTH_CLINIC_ENROLLMENTS,FED_EPA_FRS_FRS_FACILITIES,NAME@ZIP,CORROBORATED,DOING_BUSINESS_AS_NAME+ZIP_CODE,FAC_NAME+FAC_ZIP,110,4513,2699357,2.4
FED_CMS_RURAL_HEALTH_CLINIC_ENROLLMENTS,FED_EPA_FRS_FRS_PROGRAM_LINKS,NAME@ZIP,CORROBORATED,DOING_BUSINESS_AS_NAME+ZIP_CODE,PRIMARY_NAME+POSTAL_CODE,114,4513,3338955,2.5
FED_CMS_RURAL_HEALTH_CLINIC_ENROLLMENTS,FED_EPA_FRS_FULL,NAME@ZIP,CORROBORATED,DOING_BUSINESS_AS_NAME+ZIP_CODE,PRIMARY_NAME+POSTAL_CODE,130,4513,4325132,2.9
FED_CMS_RURAL_HEALTH_CLINIC_ENROLLMENTS,FED_EPA_ICIS_AIR_ICIS_AIR_FACILITIES,NAME@ZIP,CORROBORATED,DOING_BUSINESS_AS_NAME+ZIP_CODE,FACILITY_NAME+ZIP_CODE,11,4513,270351,0.2
FED_CMS_RURAL_HEALTH_CLINIC_ENROLLMENTS,FED_EPA_NPDES_ICIS_FACILITIES,NAME@ZIP,CORROBORATED,DOING_BUSINESS_AS_NAME+ZIP_CODE,FACILITY_NAME+ZIP,16,4513,1077821,0.4
FED_CMS_RURAL_HEALTH_CLINIC_ENROLLMENTS,FED_EPA_RCRA_FACILITIES,NAME@ZIP,CORROBORATED,DOING_BUSINESS_AS_NAME+ZIP_CODE,FACILITY_NAME+ZIP_CODE,91,4513,1429903,2.0
FED_CMS_RURAL_HEALTH_CLINIC_ENROLLMENTS,FED_EPA_RCRA_RCRA_FACILITIES,NAME@ZIP,CORROBORATED,DOING_BUSINESS_AS_NAME+ZIP_CODE,FACILITY_NAME+ZIP_CODE,91,4513,1429903,2.0
FED_CMS_RURAL_HEALTH_CLINIC_ENROLLMENTS,FED_FAC_SINGLE_AUDIT,NAME@ZIP,CORROBORATED,DOING_BUSINESS_AS_NAME+ZIP_CODE,AUDITEE_NAME+AUDITEE_ZIP,29,4513,103191,0.6
FED_CMS_RURAL_HEALTH_CLINIC_ENROLLMENTS,FED_HRSA_HPSA_PRIMARY_CARE,NAME@ZIP,CORROBORATED,DOING_BUSINESS_AS_NAME+ZIP_CODE,HPSA_COMPONENT_NAME+COMMON_POSTAL_CODE,1251,4513,6952,27.7
FED_CMS_RURAL_HEALTH_CLINIC_ENROLLMENTS,FED_HRSA_SHORTAGE_AREAS,NAME@ZIP,CORROBORATED,DOING_BUSINESS_AS_NAME+ZIP_CODE,HPSA_COMPONENT_NAME+COMMON_POSTAL_CODE,1251,4513,7829,27.7
FED_CMS_RURAL_HEALTH_CLINIC_ENROLLMENTS,FED_IRS_BMF,NAME@ZIP,CORROBORATED,DOING_BUSINESS_AS_NAME+ZIP_CODE,NAME+ZIP,14,4513,1868041,0.3
FED_CMS_RURAL_HEALTH_CLINIC_ENROLLMENTS,FED_IRS_EO_BMF,NAME@ZIP,CORROBORATED,DOING_BUSINESS_AS_NAME+ZIP_CODE,NAME+ZIP,14,4513,1878425,0.3
FED_CMS_RURAL_HEALTH_CLINIC_ENROLLMENTS,FED_NURSINGHOME411,CCN~NPI,BRIDGE,,,16,5320,14456,0.3
FED_CMS_RURAL_HEALTH_CLINIC_ENROLLMENTS,FED_OSHA_ITA_300A_SUMMARY_2023,NAME@ZIP,CORROBORATED,DOING_BUSINESS_AS_NAME+ZIP_CODE,ESTABLISHMENT_NAME+ZIP_CODE,67,4513,373106,1.5
FED_CMS_RURAL_HEALTH_CLINIC_ENROLLMENTS,FED_OSHA_ITA_300A_SUMMARY_2024,NAME@ZIP,CORROBORATED,DOING_BUSINESS_AS_NAME+ZIP_CODE,ESTABLISHMENT_NAME+ZIP_CODE,66,4513,360069,1.5
FED_CMS_RURAL_HEALTH_CLINIC_ENROLLMENTS,FED_OSHA_ITA_300A_SUMMARY_2025,NAME@ZIP,CORROBORATED,DOING_BUSINESS_AS_NAME+ZIP_CODE,ESTABLISHMENT_NAME+ZIP_CODE,85,4513,375575,1.9
FED_CMS_RURAL_HEALTH_CLINIC_ENROLLMENTS,FED_OSHA_ITA_CASE_DETAIL_2023,NAME@ZIP,CORROBORATED,DOING_BUSINESS_AS_NAME+ZIP_CODE,ESTABLISHMENT_NAME+ZIP_CODE,23,4513,85607,0.5
FED_CMS_RURAL_HEALTH_CLINIC_ENROLLMENTS,FED_OSHA_ITA_CASE_DETAIL_2024,NAME@ZIP,CORROBORATED,DOING_BUSINESS_AS_NAME+ZIP_CODE,ESTABLISHMENT_NAME+ZIP_CODE,16,4513,59854,0.4
FED_CMS_RURAL_HEALTH_CLINIC_ENROLLMENTS,FED_OSHA_ITA_CASE_DETAIL_2025,NAME@ZIP,CORROBORATED,DOING_BUSINESS_AS_NAME+ZIP_CODE,ESTABLISHMENT_NAME+ZIP_CODE,13,4513,33457,0.3
FED_CMS_SKILLED_NURSING_FACILITY_ENROLLMENTS,FED_DEA_ARCOS_FULL,NAME@ZIP,CORROBORATED,NURSING_HOME_PROVIDER_NAME+ZIP_CODE,BUYER_NAME+BUYER_ZIP,5,14044,127173,0.0
FED_CMS_SKILLED_NURSING_FACILITY_ENROLLMENTS,FED_EPA_FRS_FRS_FACILITIES,NAME@ZIP,CORROBORATED,NURSING_HOME_PROVIDER_NAME+ZIP_CODE,FAC_NAME+FAC_ZIP,815,14044,2699357,5.8
FED_CMS_SKILLED_NURSING_FACILITY_ENROLLMENTS,FED_EPA_FRS_FRS_PROGRAM_LINKS,NAME@ZIP,CORROBORATED,NURSING_HOME_PROVIDER_NAME+ZIP_CODE,PRIMARY_NAME+POSTAL_CODE,852,14044,3338955,6.1
FED_CMS_SKILLED_NURSING_FACILITY_ENROLLMENTS,FED_EPA_FRS_FULL,NAME@ZIP,CORROBORATED,NURSING_HOME_PROVIDER_NAME+ZIP_CODE,PRIMARY_NAME+POSTAL_CODE,1118,14044,4325132,8.0
FED_CMS_SKILLED_NURSING_FACILITY_ENROLLMENTS,FED_EPA_ICIS_AIR_ICIS_AIR_FACILITIES,NAME@ZIP,CORROBORATED,NURSING_HOME_PROVIDER_NAME+ZIP_CODE,FACILITY_NAME+ZIP_CODE,68,14044,270351,0.5
FED_CMS_SKILLED_NURSING_FACILITY_ENROLLMENTS,FED_EPA_ICIS_FEC_CASE_ENFORCEMENT_CONCLUSION_FACILITIES,NAME@ZIP,CORROBORATED,NURSING_HOME_PROVIDER_NAME+ZIP_CODE,FACILITY_NAME+FACILITY_ZIP,13,14044,108488,0.1
FED_CMS_SKILLED_NURSING_FACILITY_ENROLLMENTS,FED_EPA_ICIS_FEC_CASE_FACILITIES,NAME@ZIP,CORROBORATED,NURSING_HOME_PROVIDER_NAME+ZIP_CODE,FACILITY_NAME+ZIP,13,14044,117594,0.1
FED_CMS_SKILLED_NURSING_FACILITY_ENROLLMENTS,FED_EPA_NPDES_ICIS_FACILITIES,NAME@ZIP,CORROBORATED,NURSING_HOME_PROVIDER_NAME+ZIP_CODE,FACILITY_NAME+ZIP,163,14044,1077821,1.2
FED_CMS_SKILLED_NURSING_FACILITY_ENROLLMENTS,FED_EPA_RCRA_FACILITIES,NAME@ZIP,CORROBORATED,NURSING_HOME_PROVIDER_NAME+ZIP_CODE,FACILITY_NAME+ZIP_CODE,611,14044,1429903,4.4
FED_CMS_SKILLED_NURSING_FACILITY_ENROLLMENTS,FED_EPA_RCRA_RCRA_FACILITIES,NAME@ZIP,CORROBORATED,NURSING_HOME_PROVIDER_NAME+ZIP_CODE,FACILITY_NAME+ZIP_CODE,611,14044,1429903,4.4
FED_CMS_SKILLED_NURSING_FACILITY_ENROLLMENTS,FED_EPA_SDWA_SDWA_PUB_WATER_SYSTEMS,NAME@ZIP,CORROBORATED,NURSING_HOME_PROVIDER_NAME+ZIP_CODE,PWS_NAME+ZIP_CODE,92,14044,395686,0.7
FED_CMS_SKILLED_NURSING_FACILITY_ENROLLMENTS,FED_FAC_SINGLE_AUDIT,NAME@ZIP,CORROBORATED,NURSING_HOME_PROVIDER_NAME+ZIP_CODE,AUDITEE_NAME+AUDITEE_ZIP,193,14044,103191,1.4
FED_CMS_SKILLED_NURSING_FACILITY_ENROLLMENTS,FED_HRSA_UDS_SERVICE_DELIVERY_SITES,NAME@ZIP,CORROBORATED,NURSING_HOME_PROVIDER_NAME+ZIP_CODE,SITE_NAME+SITE_POSTAL_CODE,10,14044,18468,0.1
FED_CMS_SKILLED_NURSING_FACILITY_ENROLLMENTS,FED_IRS_AUTO_REVOCATIONS,NAME@ZIP,CORROBORATED,NURSING_HOME_PROVIDER_NAME+ZIP_CODE,LEGAL_NAME+ZIP_CODE,10,14044,1149844,0.1
FED_CMS_SKILLED_NURSING_FACILITY_ENROLLMENTS,FED_IRS_BMF,NAME@ZIP,CORROBORATED,NURSING_HOME_PROVIDER_NAME+ZIP_CODE,NAME+ZIP,529,14044,1868041,3.8
FED_CMS_SKILLED_NURSING_FACILITY_ENROLLMENTS,FED_IRS_EO_BMF,NAME@ZIP,CORROBORATED,NURSING_HOME_PROVIDER_NAME+ZIP_CODE,NAME+ZIP,527,14044,1878425,3.8
FED_CMS_SKILLED_NURSING_FACILITY_ENROLLMENTS,FED_IRS_REVOCATION,NAME@ZIP,CORROBORATED,NURSING_HOME_PROVIDER_NAME+ZIP_CODE,LEGAL_NAME+ZIP_CODE,10,14044,1149230,0.1
FED_CMS_SKILLED_NURSING_FACILITY_ENROLLMENTS,FED_NURSINGHOME411,CCN,STEEL,CCN,CMS_CERTIFICATION_NUMBER_CCN,14222,14250,14456,99.8
FED_CMS_SKILLED_NURSING_FACILITY_ENROLLMENTS,FED_OSHA_ITA_300A_SUMMARY_2023,NAME@ZIP,CORROBORATED,NURSING_HOME_PROVIDER_NAME+ZIP_CODE,ESTABLISHMENT_NAME+ZIP_CODE,3778,14044,373106,26.9
FED_CMS_SKILLED_NURSING_FACILITY_ENROLLMENTS,FED_OSHA_ITA_300A_SUMMARY_2024,NAME@ZIP,CORROBORATED,NURSING_HOME_PROVIDER_NAME+ZIP_CODE,ESTABLISHMENT_NAME+ZIP_CODE,3667,14044,360069,26.1
FED_CMS_SKILLED_NURSING_FACILITY_ENROLLMENTS,FED_OSHA_ITA_300A_SUMMARY_2025,NAME@ZIP,CORROBORATED,NURSING_HOME_PROVIDER_NAME+ZIP_CODE,ESTABLISHMENT_NAME+ZIP_CODE,4037,14044,375575,28.7
FED_CMS_SKILLED_NURSING_FACILITY_ENROLLMENTS,FED_OSHA_ITA_CASE_DETAIL_2023,NAME@ZIP,CORROBORATED,NURSING_HOME_PROVIDER_NAME+ZIP_CODE,ESTABLISHMENT_NAME+ZIP_CODE,2240,14044,85607,15.9
FED_CMS_SKILLED_NURSING_FACILITY_ENROLLMENTS,FED_OSHA_ITA_CASE_DETAIL_2024,NAME@ZIP,CORROBORATED,NURSING_HOME_PROVIDER_NAME+ZIP_CODE,ESTABLISHMENT_NAME+ZIP_CODE,1657,14044,59854,11.8
FED_CMS_SKILLED_NURSING_FACILITY_ENROLLMENTS,FED_OSHA_ITA_CASE_DETAIL_2025,NAME@ZIP,CORROBORATED,NURSING_HOME_PROVIDER_NAME+ZIP_CODE,ESTABLISHMENT_NAME+ZIP_CODE,981,14044,33457,7.0
FED_CMS_SKILLED_NURSING_FACILITY_ENROLLMENTS,FED_USASPENDING_CONTRACTS,NAME@ZIP,CORROBORATED,NURSING_HOME_PROVIDER_NAME+ZIP_CODE,RECIPIENT_NAME+RECIPIENT_ZIP_4_CODE,171,14044,91616,1.2
FED_CMS_SKILLED_NURSING_FACILITY_ENROLLMENTS,FED_USCG_NRC_INCIDENTS,NAME@ZIP,CORROBORATED,NURSING_HOME_PROVIDER_NAME+ZIP_CODE,RESPONSIBLE_COMPANY+RESPONSIBLE_ZIP,6,14044,93650,0.0
FED_CONGRESS_COMMITTEE_MEMBERSHIP,FED_CONGRESS_LEGISLATORS,BIOGUIDE,STEEL,BIOGUIDE,BIOGUIDE,528,528,12781,100.0
FED_CONGRESS_COMMITTEE_MEMBERSHIP,FED_GOVINFO_BILLSTATUS,BIOGUIDE,STEEL,BIOGUIDE,SPONSOR_BIOGUIDE,528,528,632,100.0
FED_CONGRESS_COMMITTEE_MEMBERSHIP,FED_GOVINFO_BILL_COSPONSORS,BIOGUIDE,STEEL,BIOGUIDE,COSPONSOR_BIOGUIDE,528,528,635,100.0
FED_CONGRESS_COMMITTEE_MEMBERSHIP,FED_VOTEVIEW_MEMBERS,BIOGUIDE,STEEL,BIOGUIDE,BIOGUIDE_ID,528,528,12584,100.0
FED_CONGRESS_LEGISLATORS,FED_GOVINFO_BILLSTATUS,BIOGUIDE,STEEL,BIOGUIDE,SPONSOR_BIOGUIDE,632,12781,632,100.0
FED_CONGRESS_LEGISLATORS,FED_GOVINFO_BILL_COSPONSORS,BIOGUIDE,STEEL,BIOGUIDE,COSPONSOR_BIOGUIDE,635,12781,635,100.0
FED_CONGRESS_LEGISLATORS,FED_VOTEVIEW_MEMBERS,BIOGUIDE,STEEL,BIOGUIDE,BIOGUIDE_ID,12584,12781,12584,100.0
FED_CONGRESS_LEGISLATORS,FED_VOTEVIEW_MEMBERS,ICPSR,STEEL,ICPSR,ICPSR,12298,12298,12677,100.0
FED_CONGRESS_LEGISLATORS,FED_VOTEVIEW_ROLLCALLS,ICPSR,STEEL,ICPSR,ICPSR,386,12298,639,60.4
FED_COURTLISTENER_COURTHOUSES,FED_COURTLISTENER_COURTS,CL_COURT_ID,STEEL,COURT_ID,ID,3286,3286,3361,100.0
FED_COURTLISTENER_COURTHOUSES,FED_COURTLISTENER_DOCKETS,CL_COURT_ID,STEEL,COURT_ID,COURT_ID,2134,3286,2199,97.0
FED_COURTLISTENER_COURTHOUSES,FED_COURTLISTENER_POSITIONS,CL_COURT_ID,STEEL,COURT_ID,COURT_ID,1032,3286,1033,99.9
FED_COURTLISTENER_COURTS,FED_COURTLISTENER_DOCKETS,CL_COURT_ID,STEEL,ID,COURT_ID,2199,3361,2199,100.0
FED_COURTLISTENER_COURTS,FED_COURTLISTENER_POSITIONS,CL_COURT_ID,STEEL,ID,COURT_ID,1033,3361,1033,100.0
FED_COURTLISTENER_DOCKETS,FED_COURTLISTENER_FINANCIAL_DISCLOSURES,CL_PERSON_ID,STEEL,ASSIGNED_TO_ID,PERSON_ID,2900,3350,3381,86.6
FED_COURTLISTENER_DOCKETS,FED_COURTLISTENER_JUDGES,CL_PERSON_ID,STEEL,ASSIGNED_TO_ID,ID,3350,3350,16191,100.0
FED_COURTLISTENER_DOCKETS,FED_COURTLISTENER_JUDGE_EDUCATIONS,CL_PERSON_ID,STEEL,ASSIGNED_TO_ID,PERSON_ID,1481,3350,7398,44.2
FED_COURTLISTENER_DOCKETS,FED_COURTLISTENER_JUDGE_POLITICAL_AFFILIATIONS,CL_PERSON_ID,STEEL,ASSIGNED_TO_ID,PERSON_ID,1882,3350,7226,56.2
FED_COURTLISTENER_DOCKETS,FED_COURTLISTENER_JUDGE_RACES,CL_PERSON_ID,STEEL,ASSIGNED_TO_ID,PERSON_ID,1934,3350,6521,57.7
FED_COURTLISTENER_DOCKETS,FED_COURTLISTENER_ORIGINATING_COURT_INFO,CL_PERSON_ID,STEEL,ASSIGNED_TO_ID,ASSIGNED_TO_ID,1360,3350,1520,89.5
FED_COURTLISTENER_DOCKETS,FED_COURTLISTENER_POSITIONS,CL_COURT_ID,STEEL,COURT_ID,COURT_ID,465,2199,1033,45.0
FED_COURTLISTENER_DOCKETS,FED_COURTLISTENER_POSITIONS,CL_PERSON_ID,STEEL,ASSIGNED_TO_ID,PERSON_ID,3350,3350,15613,100.0
FED_COURTLISTENER_FINANCIAL_DISCLOSURES,FED_COURTLISTENER_JUDGES,CL_PERSON_ID,STEEL,PERSON_ID,ID,3340,3381,16191,98.8
FED_COURTLISTENER_FINANCIAL_DISCLOSURES,FED_COURTLISTENER_JUDGE_EDUCATIONS,CL_PERSON_ID,STEEL,PERSON_ID,PERSON_ID,1494,3381,7398,44.2
FED_COURTLISTENER_FINANCIAL_DISCLOSURES,FED_COURTLISTENER_JUDGE_POLITICAL_AFFILIATIONS,CL_PERSON_ID,STEEL,PERSON_ID,PERSON_ID,1823,3381,7226,53.9
FED_COURTLISTENER_FINANCIAL_DISCLOSURES,FED_COURTLISTENER_JUDGE_RACES,CL_PERSON_ID,STEEL,PERSON_ID,PERSON_ID,1841,3381,6521,54.5
FED_COURTLISTENER_FINANCIAL_DISCLOSURES,FED_COURTLISTENER_ORIGINATING_COURT_INFO,CL_PERSON_ID,STEEL,PERSON_ID,ASSIGNED_TO_ID,1301,3381,1520,85.6
FED_COURTLISTENER_FINANCIAL_DISCLOSURES,FED_COURTLISTENER_POSITIONS,CL_PERSON_ID,STEEL,PERSON_ID,PERSON_ID,3338,3381,15613,98.7
FED_COURTLISTENER_JUDGES,FED_COURTLISTENER_JUDGE_EDUCATIONS,CL_PERSON_ID,STEEL,ID,PERSON_ID,7398,16191,7398,100.0
FED_COURTLISTENER_JUDGES,FED_COURTLISTENER_JUDGE_POLITICAL_AFFILIATIONS,CL_PERSON_ID,STEEL,ID,PERSON_ID,7226,16191,7226,100.0
FED_COURTLISTENER_JUDGES,FED_COURTLISTENER_JUDGE_RACES,CL_PERSON_ID,STEEL,ID,PERSON_ID,6521,16191,6521,100.0
FED_COURTLISTENER_JUDGES,FED_COURTLISTENER_ORIGINATING_COURT_INFO,CL_PERSON_ID,STEEL,ID,ASSIGNED_TO_ID,1520,16191,1520,100.0
FED_COURTLISTENER_JUDGES,FED_COURTLISTENER_POSITIONS,CL_PERSON_ID,STEEL,ID,PERSON_ID,15613,16191,15613,100.0
FED_COURTLISTENER_JUDGE_EDUCATIONS,FED_COURTLISTENER_JUDGE_POLITICAL_AFFILIATIONS,CL_PERSON_ID,STEEL,PERSON_ID,PERSON_ID,5353,7398,7226,74.1
FED_COURTLISTENER_JUDGE_EDUCATIONS,FED_COURTLISTENER_JUDGE_RACES,CL_PERSON_ID,STEEL,PERSON_ID,PERSON_ID,4984,7398,6521,76.4
FED_COURTLISTENER_JUDGE_EDUCATIONS,FED_COURTLISTENER_ORIGINATING_COURT_INFO,CL_PERSON_ID,STEEL,PERSON_ID,ASSIGNED_TO_ID,961,7398,1520,63.2
FED_COURTLISTENER_JUDGE_EDUCATIONS,FED_COURTLISTENER_POSITIONS,CL_PERSON_ID,STEEL,PERSON_ID,PERSON_ID,7340,7398,15613,99.2
FED_COURTLISTENER_JUDGE_POLITICAL_AFFILIATIONS,FED_COURTLISTENER_JUDGE_RACES,CL_PERSON_ID,STEEL,PERSON_ID,PERSON_ID,5979,7226,6521,91.7
FED_COURTLISTENER_JUDGE_POLITICAL_AFFILIATIONS,FED_COURTLISTENER_ORIGINATING_COURT_INFO,CL_PERSON_ID,STEEL,PERSON_ID,ASSIGNED_TO_ID,1181,7226,1520,77.7
FED_COURTLISTENER_JUDGE_POLITICAL_AFFILIATIONS,FED_COURTLISTENER_POSITIONS,CL_PERSON_ID,STEEL,PERSON_ID,PERSON_ID,7178,7226,15613,99.3
FED_COURTLISTENER_JUDGE_RACES,FED_COURTLISTENER_ORIGINATING_COURT_INFO,CL_PERSON_ID,STEEL,PERSON_ID,ASSIGNED_TO_ID,1198,6521,1520,78.8
FED_COURTLISTENER_JUDGE_RACES,FED_COURTLISTENER_POSITIONS,CL_PERSON_ID,STEEL,PERSON_ID,PERSON_ID,6491,6521,15613,99.5
FED_COURTLISTENER_ORIGINATING_COURT_INFO,FED_COURTLISTENER_POSITIONS,CL_PERSON_ID,STEEL,ASSIGNED_TO_ID,PERSON_ID,1520,1520,15613,100.0
FED_COURTLISTENER_SCHOOLS,FED_DOL_EBSA_FORM5500_SCHEDULE_SB,EIN,STEEL,EIN,SB_EIN,54,2569,39581,2.1
FED_COURTLISTENER_SCHOOLS,FED_DOL_FORM5500,EIN,STEEL,EIN,SPONS_DFE_EIN,160,2569,29069,6.2
FED_COURTLISTENER_SCHOOLS,FED_FAC_SINGLE_AUDIT,EIN,STEEL,EIN,AUDITEE_EIN,1566,2569,68126,61.0
FED_COURTLISTENER_SCHOOLS,FED_IRS_990_EFILE_INDEX,EIN,STEEL,EIN,EIN,1408,2569,899097,54.8
FED_COURTLISTENER_SCHOOLS,FED_IRS_AUTO_REVOCATIONS,EIN,STEEL,EIN,EIN,49,2569,1187975,1.9
FED_COURTLISTENER_SCHOOLS,FED_IRS_BMF,EIN,STEEL,EIN,EIN,1478,2569,1974830,57.5
FED_COURTLISTENER_SCHOOLS,FED_IRS_EO_BMF,EIN,STEEL,EIN,EIN,1475,2569,1983563,57.4
FED_COURTLISTENER_SCHOOLS,FED_IRS_PUB78_ELIGIBLE_DONEES,EIN,STEEL,EIN,EIN,1280,2569,1435544,49.8
FED_COURTLISTENER_SCHOOLS,FED_IRS_REVOCATION,EIN,STEEL,EIN,EIN,48,2569,1187366,1.9
FED_COURTLISTENER_SCHOOLS,FED_IRS_SOI_CHARITIES,EIN,STEEL,EIN,EIN,3,2569,2450,0.1
FED_COURTLISTENER_SCHOOLS,FED_NIH_REPORTER,EIN~UEI,BRIDGE,,,520,2569,11903,20.2
FED_COURTLISTENER_SCHOOLS,FED_OSHA_ITA_300A_SUMMARY_2023,EIN,STEEL,EIN,EIN,117,2569,123206,4.6
FED_COURTLISTENER_SCHOOLS,FED_OSHA_ITA_300A_SUMMARY_2024,EIN,STEEL,EIN,EIN,111,2569,114603,4.3
FED_COURTLISTENER_SCHOOLS,FED_OSHA_ITA_300A_SUMMARY_2025,EIN,STEEL,EIN,EIN,113,2569,106218,4.4
FED_COURTLISTENER_SCHOOLS,FED_OSHA_ITA_CASE_DETAIL_2023,EIN,STEEL,EIN,EIN,49,2569,33693,1.9
FED_COURTLISTENER_SCHOOLS,FED_OSHA_ITA_CASE_DETAIL_2024,EIN,STEEL,EIN,EIN,36,2569,20523,1.4
FED_COURTLISTENER_SCHOOLS,FED_OSHA_ITA_CASE_DETAIL_2025,EIN,STEEL,EIN,EIN,35,2569,13387,1.4
FED_COURTLISTENER_SCHOOLS,FED_PBGC_TRUSTEED_PENSION_PLANS,EIN,STEEL,EIN,EIN,49,2569,20835,1.9
FED_COURTLISTENER_SCHOOLS,FED_USASPENDING_ASSISTANCE_FULL,EIN~UEI,BRIDGE,,,1467,2569,223721,57.1
FED_COURTLISTENER_SCHOOLS,FED_USASPENDING_CONTRACTS,EIN~UEI,BRIDGE,,,264,2569,92833,10.3
FED_COURTLISTENER_SCHOOLS,IRS527_8871_ORGS,EIN,STEEL,EIN,EIN,5,2569,58915,0.2
FED_COURTLISTENER_SCHOOLS,IRS527_DIRECTORS_OFFICERS,EIN,STEEL,EIN,EIN,5,2569,58881,0.2
FED_DEA_ARCOS_FULL,FED_EIA860_1_UTILITY,NAME@ZIP,CORROBORATED,BUYER_NAME+BUYER_ZIP,UTILITY_NAME+ZIP,9,127173,5530,0.2
FED_DEA_ARCOS_FULL,FED_EPA_FRS_FRS_FACILITIES,NAME@ZIP,CORROBORATED,BUYER_NAME+BUYER_ZIP,FAC_NAME+FAC_ZIP,1492,127173,2699357,1.2
FED_DEA_ARCOS_FULL,FED_EPA_FRS_FRS_PROGRAM_LINKS,NAME@ZIP,CORROBORATED,BUYER_NAME+BUYER_ZIP,PRIMARY_NAME+POSTAL_CODE,1609,127173,3338955,1.3
FED_DEA_ARCOS_FULL,FED_EPA_FRS_FULL,NAME@ZIP,CORROBORATED,BUYER_NAME+BUYER_ZIP,PRIMARY_NAME+POSTAL_CODE,1810,127173,4325132,1.4
FED_DEA_ARCOS_FULL,FED_EPA_GHGRP_FACILITY,NAME@ZIP,CORROBORATED,BUYER_NAME+BUYER_ZIP,FACILITY_NAME+ZIP,11,127173,12485,0.1
FED_DEA_ARCOS_FULL,FED_EPA_ICIS_AIR_ICIS_AIR_FACILITIES,NAME@ZIP,CORROBORATED,BUYER_NAME+BUYER_ZIP,FACILITY_NAME+ZIP_CODE,73,127173,270351,0.1
FED_DEA_ARCOS_FULL,FED_EPA_ICIS_FEC_CASE_ENFORCEMENT_CONCLUSION_FACILITIES,NAME@ZIP,CORROBORATED,BUYER_NAME+BUYER_ZIP,FACILITY_NAME+FACILITY_ZIP,73,127173,108488,0.1
FED_DEA_ARCOS_FULL,FED_EPA_ICIS_FEC_CASE_FACILITIES,NAME@ZIP,CORROBORATED,BUYER_NAME+BUYER_ZIP,FACILITY_NAME+ZIP,75,127173,117594,0.1
FED_DEA_ARCOS_FULL,FED_EPA_NPDES_ICIS_FACILITIES,NAME@ZIP,CORROBORATED,BUYER_NAME+BUYER_ZIP,FACILITY_NAME+ZIP,62,127173,1077821,0.0
FED_DEA_ARCOS_FULL,FED_EPA_RCRA_FACILITIES,NAME@ZIP,CORROBORATED,BUYER_NAME+BUYER_ZIP,FACILITY_NAME+ZIP_CODE,1394,127173,1429903,1.1
FED_DEA_ARCOS_FULL,FED_EPA_RCRA_RCRA_FACILITIES,NAME@ZIP,CORROBORATED,BUYER_NAME+BUYER_ZIP,FACILITY_NAME+ZIP_CODE,1394,127173,1429903,1.1
FED_DEA_ARCOS_FULL,FED_EPA_SDWA_SDWA_PUB_WATER_SYSTEMS,NAME@ZIP,CORROBORATED,BUYER_NAME+BUYER_ZIP,PWS_NAME+ZIP_CODE,17,127173,395686,0.0
FED_DEA_ARCOS_FULL,FED_FAA_AIRCRAFT_REGISTRY,NAME@ZIP,CORROBORATED,BUYER_NAME+BUYER_ZIP,NAME+ZIP_CODE,73,127173,205605,0.1
FED_DEA_ARCOS_FULL,FED_FAC_SINGLE_AUDIT,NAME@ZIP,CORROBORATED,BUYER_NAME+BUYER_ZIP,AUDITEE_NAME+AUDITEE_ZIP,78,127173,103191,0.1
FED_DEA_ARCOS_FULL,FED_FCC_LICENSING,NAME@ZIP,CORROBORATED,BUYER_NAME+BUYER_ZIP,ENTITY_NAME+ZIP_CODE,159,127173,1502987,0.1
FED_DEA_ARCOS_FULL,FED_FEC_INDIV_CONTRIBUTIONS,NAME@ZIP,CORROBORATED,BUYER_NAME+BUYER_ZIP,NAME+ZIP_CODE,624,127173,5251703,0.5
FED_DEA_ARCOS_FULL,FED_HRSA_HPSA_PRIMARY_CARE,NAME@ZIP,CORROBORATED,BUYER_NAME+BUYER_ZIP,HPSA_COMPONENT_NAME+COMMON_POSTAL_CODE,56,127173,6952,0.8
FED_DEA_ARCOS_FULL,FED_HRSA_SHORTAGE_AREAS,NAME@ZIP,CORROBORATED,BUYER_NAME+BUYER_ZIP,HPSA_COMPONENT_NAME+COMMON_POSTAL_CODE,60,127173,7829,0.8
FED_DEA_ARCOS_FULL,FED_HRSA_UDS_SERVICE_DELIVERY_SITES,NAME@ZIP,CORROBORATED,BUYER_NAME+BUYER_ZIP,SITE_NAME+SITE_POSTAL_CODE,40,127173,18468,0.2
FED_DEA_ARCOS_FULL,FED_ICE_DETENTION_FACILITY_CODES,NAME@ZIP,CORROBORATED,BUYER_NAME+BUYER_ZIP,DETENTION_FACILITY_NAME+ZIP,6,127173,1327,0.5
FED_DEA_ARCOS_FULL,FED_IRS_BMF,NAME@ZIP,CORROBORATED,BUYER_NAME+BUYER_ZIP,NAME+ZIP,106,127173,1868041,0.1
FED_DEA_ARCOS_FULL,FED_IRS_EO_BMF,NAME@ZIP,CORROBORATED,BUYER_NAME+BUYER_ZIP,NAME+ZIP,107,127173,1878425,0.1
FED_DEA_ARCOS_FULL,FED_OSHA_ITA_300A_SUMMARY_2023,NAME@ZIP,CORROBORATED,BUYER_NAME+BUYER_ZIP,ESTABLISHMENT_NAME+ZIP_CODE,63,127173,373106,0.0
FED_DEA_ARCOS_FULL,FED_OSHA_ITA_300A_SUMMARY_2024,NAME@ZIP,CORROBORATED,BUYER_NAME+BUYER_ZIP,ESTABLISHMENT_NAME+ZIP_CODE,67,127173,360069,0.1
FED_DEA_ARCOS_FULL,FED_OSHA_ITA_300A_SUMMARY_2025,NAME@ZIP,CORROBORATED,BUYER_NAME+BUYER_ZIP,ESTABLISHMENT_NAME+ZIP_CODE,71,127173,375575,0.1
FED_DEA_ARCOS_FULL,FED_OSHA_ITA_CASE_DETAIL_2023,NAME@ZIP,CORROBORATED,BUYER_NAME+BUYER_ZIP,ESTABLISHMENT_NAME+ZIP_CODE,24,127173,85607,0.0
FED_DEA_ARCOS_FULL,FED_OSHA_ITA_CASE_DETAIL_2024,NAME@ZIP,CORROBORATED,BUYER_NAME+BUYER_ZIP,ESTABLISHMENT_NAME+ZIP_CODE,24,127173,59854,0.0
FED_DEA_ARCOS_FULL,FED_OSHA_ITA_CASE_DETAIL_2025,NAME@ZIP,CORROBORATED,BUYER_NAME+BUYER_ZIP,ESTABLISHMENT_NAME+ZIP_CODE,17,127173,33457,0.1
FED_DEA_ARCOS_FULL,FED_SAM_EXCLUSIONS_FULL_R2,NAME@ZIP,CORROBORATED,BUYER_NAME+BUYER_ZIP,NAME+ZIP_CODE,54,127173,7285,0.7
FED_DEA_ARCOS_FULL,FED_USASPENDING_CONTRACTS,NAME@ZIP,CORROBORATED,BUYER_NAME+BUYER_ZIP,RECIPIENT_NAME+RECIPIENT_ZIP_4_CODE,37,127173,91616,0.0
FED_DEA_ARCOS_FULL,FED_USCG_NRC_INCIDENTS,NAME@ZIP,CORROBORATED,BUYER_NAME+BUYER_ZIP,RESPONSIBLE_COMPANY+RESPONSIBLE_ZIP,65,127173,93650,0.1
FED_DEA_ARCOS_FULL,FED_USCG_NRC_INCIDENT_REPORTS,NAME@ZIP,CORROBORATED,BUYER_NAME+BUYER_ZIP,RESPONSIBLE_COMPANY+RESPONSIBLE_ZIP,13,127173,15011,0.1
FED_DEA_ARCOS_FULL,IRS527_DIRECTORS_OFFICERS,NAME@ZIP,CORROBORATED,BUYER_NAME+BUYER_ZIP,ENTITY_NAME+ENTITY_ZIP,13,127173,118803,0.0
FED_DEA_ARCOS_FULL,IRS527_RELATED_ENTITIES,NAME@ZIP,CORROBORATED,BUYER_NAME+BUYER_ZIP,ENTITY_NAME+ENTITY_ZIP,6,127173,11739,0.1
FED_DEA_ARCOS_FULL,ST_NYC_CFB_CAMPAIGN_2001_CONTRIBUTION,NAME@ZIP,CORROBORATED,BUYER_NAME+BUYER_ZIP,NAME+ZIP,12,127173,120204,0.0
FED_DEA_ARCOS_FULL,ST_NYC_CFB_CAMPAIGN_2009_CONTRIBUTION,NAME@ZIP,CORROBORATED,BUYER_NAME+BUYER_ZIP,NAME+ZIP,6,127173,93773,0.0
FED_DOL_EBSA_FORM5500_SCHEDULE_SB,FED_DOL_FORM5500,EIN,STEEL,SB_EIN,SPONS_DFE_EIN,877,39581,29069,3.0
FED_DOL_EBSA_FORM5500_SCHEDULE_SB,FED_FAC_SINGLE_AUDIT,EIN,STEEL,SB_EIN,AUDITEE_EIN,552,39581,68126,1.4
FED_DOL_EBSA_FORM5500_SCHEDULE_SB,FED_FEC_INDIV_CONTRIBUTIONS,NAME@ZIP,CORROBORATED,SB_ACTUARY_NAME_LINE+SB_ACTUARY_US_ZIP,NAME+ZIP_CODE,24,3534,5251703,0.7
FED_DOL_EBSA_FORM5500_SCHEDULE_SB,FED_IRS_990_EFILE_INDEX,EIN,STEEL,SB_EIN,EIN,1484,39581,899097,3.7
FED_DOL_EBSA_FORM5500_SCHEDULE_SB,FED_IRS_AUTO_REVOCATIONS,EIN,STEEL,SB_EIN,EIN,39,39581,1187975,0.1
FED_DOL_EBSA_FORM5500_SCHEDULE_SB,FED_IRS_BMF,EIN,STEEL,SB_EIN,EIN,1482,39581,1974830,3.7
FED_DOL_EBSA_FORM5500_SCHEDULE_SB,FED_IRS_EO_BMF,EIN,STEEL,SB_EIN,EIN,1480,39581,1983563,3.7
FED_DOL_EBSA_FORM5500_SCHEDULE_SB,FED_IRS_PUB78_ELIGIBLE_DONEES,EIN,STEEL,SB_EIN,EIN,889,39581,1435544,2.2
FED_DOL_EBSA_FORM5500_SCHEDULE_SB,FED_IRS_REVOCATION,EIN,STEEL,SB_EIN,EIN,39,39581,1187366,0.1
FED_DOL_EBSA_FORM5500_SCHEDULE_SB,FED_NIH_REPORTER,EIN~UEI,BRIDGE,,,119,39581,11903,1.0
FED_DOL_EBSA_FORM5500_SCHEDULE_SB,FED_OSHA_ITA_300A_SUMMARY_2023,EIN,STEEL,SB_EIN,EIN,2095,39581,123206,5.3
FED_DOL_EBSA_FORM5500_SCHEDULE_SB,FED_OSHA_ITA_300A_SUMMARY_2024,EIN,STEEL,SB_EIN,EIN,1979,39581,114603,5.0
FED_DOL_EBSA_FORM5500_SCHEDULE_SB,FED_OSHA_ITA_300A_SUMMARY_2025,EIN,STEEL,SB_EIN,EIN,1865,39581,106218,4.7
FED_DOL_EBSA_FORM5500_SCHEDULE_SB,FED_OSHA_ITA_CASE_DETAIL_2023,EIN,STEEL,SB_EIN,EIN,767,39581,33693,2.3
FED_DOL_EBSA_FORM5500_SCHEDULE_SB,FED_OSHA_ITA_CASE_DETAIL_2024,EIN,STEEL,SB_EIN,EIN,603,39581,20523,2.9
FED_DOL_EBSA_FORM5500_SCHEDULE_SB,FED_OSHA_ITA_CASE_DETAIL_2025,EIN,STEEL,SB_EIN,EIN,449,39581,13387,3.4
FED_DOL_EBSA_FORM5500_SCHEDULE_SB,FED_PBGC_TRUSTEED_PENSION_PLANS,EIN,STEEL,SB_EIN,EIN,18989,39581,20835,91.1
FED_DOL_EBSA_FORM5500_SCHEDULE_SB,FED_PBGC_TRUSTEED_PLANS,EIN,STEEL,SB_EIN,EIN,18,39581,4431,0.4
FED_DOL_EBSA_FORM5500_SCHEDULE_SB,FED_PCAOB_FORM_AP_FILINGS,CIK~EIN,BRIDGE,,,392,39581,28773,1.4
FED_DOL_EBSA_FORM5500_SCHEDULE_SB,FED_SEC_13F_SUBMISSIONS,CIK~EIN,BRIDGE,,,54,39581,16273,0.3
FED_DOL_EBSA_FORM5500_SCHEDULE_SB,FED_SEC_DERA_SUB_2024Q1,EIN,STEEL,SB_EIN,EIN,370,39581,4238,8.7
FED_DOL_EBSA_FORM5500_SCHEDULE_SB,FED_SEC_DERA_SUB_2024Q2,EIN,STEEL,SB_EIN,EIN,375,39581,4744,7.9
FED_DOL_EBSA_FORM5500_SCHEDULE_SB,FED_SEC_DERA_SUB_2024Q3,EIN,STEEL,SB_EIN,EIN,370,39581,4686,7.9
FED_DOL_EBSA_FORM5500_SCHEDULE_SB,FED_SEC_DERA_SUB_2024Q4,EIN,STEEL,SB_EIN,EIN,368,39581,4663,7.9
FED_DOL_EBSA_FORM5500_SCHEDULE_SB,FED_SEC_DERA_SUB_2025Q1,EIN,STEEL,SB_EIN,EIN,366,39581,4305,8.5
FED_DOL_EBSA_FORM5500_SCHEDULE_SB,FED_SEC_DERA_SUB_2025Q2,EIN,STEEL,SB_EIN,EIN,366,39581,4508,8.1
FED_DOL_EBSA_FORM5500_SCHEDULE_SB,FED_SEC_DERA_SUB_2025Q3,EIN,STEEL,SB_EIN,EIN,361,39581,4494,8.0
FED_DOL_EBSA_FORM5500_SCHEDULE_SB,FED_SEC_DERA_SUB_2025Q4,EIN,STEEL,SB_EIN,EIN,358,39581,4501,8.0
FED_DOL_EBSA_FORM5500_SCHEDULE_SB,FED_SEC_DERA_SUB_2026Q1,EIN,STEEL,SB_EIN,EIN,354,39581,4236,8.4
FED_DOL_EBSA_FORM5500_SCHEDULE_SB,FED_SEC_EDGAR_COMPANY_TICKERS,CIK~EIN,BRIDGE,,,346,39581,8018,4.3
FED_DOL_EBSA_FORM5500_SCHEDULE_SB,FED_SEC_EDGAR_FINANCIALS,EIN,STEEL,SB_EIN,EIN,387,39581,5771,6.7
FED_DOL_EBSA_FORM5500_SCHEDULE_SB,FED_SEC_EDGAR_INSIDERS,CIK~EIN,BRIDGE,,,345,39581,5306,6.5
FED_DOL_EBSA_FORM5500_SCHEDULE_SB,FED_SEC_INSIDER_REPORTINGOWNER,CIK~EIN,BRIDGE,,,87,39581,138006,0.2
FED_DOL_EBSA_FORM5500_SCHEDULE_SB,FED_USASPENDING_ASSISTANCE_FULL,EIN~UEI,BRIDGE,,,375,39581,223721,0.9
FED_DOL_EBSA_FORM5500_SCHEDULE_SB,FED_USASPENDING_CONTRACTS,EIN~UEI,BRIDGE,,,93,39581,92833,0.2
FED_DOL_FORM5500,FED_EPA_FRS_FRS_FACILITIES,NAME@ZIP,CORROBORATED,PLAN_NAME+SPONS_DFE_MAIL_US_ZIP,FAC_NAME+FAC_ZIP,100,31367,2699357,0.3
FED_DOL_FORM5500,FED_EPA_FRS_FRS_PROGRAM_LINKS,NAME@ZIP,CORROBORATED,PLAN_NAME+SPONS_DFE_MAIL_US_ZIP,PRIMARY_NAME+POSTAL_CODE,118,31367,3338955,0.4
FED_DOL_FORM5500,FED_EPA_FRS_FULL,NAME@ZIP,CORROBORATED,PLAN_NAME+SPONS_DFE_MAIL_US_ZIP,PRIMARY_NAME+POSTAL_CODE,110,31367,4325132,0.4
FED_DOL_FORM5500,FED_EPA_ICIS_AIR_ICIS_AIR_FACILITIES,NAME@ZIP,CORROBORATED,PLAN_NAME+SPONS_DFE_MAIL_US_ZIP,FACILITY_NAME+ZIP_CODE,32,31367,270351,0.1
FED_DOL_FORM5500,FED_EPA_NPDES_ICIS_FACILITIES,NAME@ZIP,CORROBORATED,PLAN_NAME+SPONS_DFE_MAIL_US_ZIP,FACILITY_NAME+ZIP,39,31367,1077821,0.1
FED_DOL_FORM5500,FED_EPA_RCRA_FACILITIES,NAME@ZIP,CORROBORATED,PLAN_NAME+SPONS_DFE_MAIL_US_ZIP,FACILITY_NAME+ZIP_CODE,78,31367,1429903,0.2
FED_DOL_FORM5500,FED_EPA_RCRA_RCRA_FACILITIES,NAME@ZIP,CORROBORATED,PLAN_NAME+SPONS_DFE_MAIL_US_ZIP,FACILITY_NAME+ZIP_CODE,78,31367,1429903,0.2
FED_DOL_FORM5500,FED_EPA_TRI_BASIC_2023,NAME@ZIP,CORROBORATED,PLAN_NAME+SPONS_DFE_MAIL_US_ZIP,C_4_FACILITY_NAME+C_9_ZIP,11,31367,21697,0.1
FED_DOL_FORM5500,FED_EPA_TRI_FACILITY,NAME@ZIP,CORROBORATED,PLAN_NAME+SPONS_DFE_MAIL_US_ZIP,FACILITY_NAME+ZIP_CODE,18,31367,63963,0.1
FED_DOL_FORM5500,FED_FAC_SINGLE_AUDIT,EIN,STEEL,SPONS_DFE_EIN,AUDITEE_EIN,1353,29069,68126,4.7
FED_DOL_FORM5500,FED_FAC_SINGLE_AUDIT,NAME@ZIP,CORROBORATED,PLAN_NAME+SPONS_DFE_MAIL_US_ZIP,AUDITEE_NAME+AUDITEE_ZIP,40,31367,103191,0.1
FED_DOL_FORM5500,FED_FDIC_BANK_DATA,NAME@ZIP,CORROBORATED,PLAN_NAME+SPONS_DFE_MAIL_US_ZIP,NAME+ZIP,9,31367,27620,0.0
FED_DOL_FORM5500,FED_FHFA_FHLB_MEMBERSHIP,NAME@ZIP,CORROBORATED,PLAN_NAME+SPONS_DFE_MAIL_US_ZIP,MEMBER_NAME+ZIP,15,31367,6325,0.2
FED_DOL_FORM5500,FED_IRS_990_EFILE_INDEX,EIN,STEEL,SPONS_DFE_EIN,EIN,2431,29069,899097,8.4
FED_DOL_FORM5500,FED_IRS_AUTO_REVOCATIONS,EIN,STEEL,SPONS_DFE_EIN,EIN,29,29069,1187975,0.1
FED_DOL_FORM5500,FED_IRS_BMF,EIN,STEEL,SPONS_DFE_EIN,EIN,2445,29069,1974830,8.4
FED_DOL_FORM5500,FED_IRS_BMF,NAME@ZIP,CORROBORATED,PLAN_NAME+SPONS_DFE_MAIL_US_ZIP,NAME+ZIP,85,31367,1868041,0.3
FED_DOL_FORM5500,FED_IRS_EO_BMF,EIN,STEEL,SPONS_DFE_EIN,EIN,2441,29069,1983563,8.4
FED_DOL_FORM5500,FED_IRS_EO_BMF,NAME@ZIP,CORROBORATED,PLAN_NAME+SPONS_DFE_MAIL_US_ZIP,NAME+ZIP,87,31367,1878425,0.3
FED_DOL_FORM5500,FED_IRS_PUB78_ELIGIBLE_DONEES,EIN,STEEL,SPONS_DFE_EIN,EIN,1924,29069,1435544,6.6
FED_DOL_FORM5500,FED_IRS_REVOCATION,EIN,STEEL,SPONS_DFE_EIN,EIN,29,29069,1187366,0.1
FED_DOL_FORM5500,FED_NIH_REPORTER,EIN~UEI,BRIDGE,,,211,29069,11903,1.8
FED_DOL_FORM5500,FED_OSHA_ITA_300A_SUMMARY_2023,EIN,STEEL,SPONS_DFE_EIN,EIN,4561,29069,123206,15.7
FED_DOL_FORM5500,FED_OSHA_ITA_300A_SUMMARY_2023,NAME@ZIP,CORROBORATED,PLAN_NAME+SPONS_DFE_MAIL_US_ZIP,ESTABLISHMENT_NAME+ZIP_CODE,84,31367,373106,0.3
FED_DOL_FORM5500,FED_OSHA_ITA_300A_SUMMARY_2024,EIN,STEEL,SPONS_DFE_EIN,EIN,4365,29069,114603,15.0
FED_DOL_FORM5500,FED_OSHA_ITA_300A_SUMMARY_2024,NAME@ZIP,CORROBORATED,PLAN_NAME+SPONS_DFE_MAIL_US_ZIP,ESTABLISHMENT_NAME+ZIP_CODE,85,31367,360069,0.3
FED_DOL_FORM5500,FED_OSHA_ITA_300A_SUMMARY_2025,EIN,STEEL,SPONS_DFE_EIN,EIN,4115,29069,106218,14.2
FED_DOL_FORM5500,FED_OSHA_ITA_300A_SUMMARY_2025,NAME@ZIP,CORROBORATED,PLAN_NAME+SPONS_DFE_MAIL_US_ZIP,ESTABLISHMENT_NAME+ZIP_CODE,87,31367,375575,0.3
FED_DOL_FORM5500,FED_OSHA_ITA_CASE_DETAIL_2023,EIN,STEEL,SPONS_DFE_EIN,EIN,1537,29069,33693,5.3
FED_DOL_FORM5500,FED_OSHA_ITA_CASE_DETAIL_2023,NAME@ZIP,CORROBORATED,PLAN_NAME+SPONS_DFE_MAIL_US_ZIP,ESTABLISHMENT_NAME+ZIP_CODE,27,31367,85607,0.1
FED_DOL_FORM5500,FED_OSHA_ITA_CASE_DETAIL_2024,EIN,STEEL,SPONS_DFE_EIN,EIN,1237,29069,20523,6.0
FED_DOL_FORM5500,FED_OSHA_ITA_CASE_DETAIL_2024,NAME@ZIP,CORROBORATED,PLAN_NAME+SPONS_DFE_MAIL_US_ZIP,ESTABLISHMENT_NAME+ZIP_CODE,25,31367,59854,0.1
FED_DOL_FORM5500,FED_OSHA_ITA_CASE_DETAIL_2025,EIN,STEEL,SPONS_DFE_EIN,EIN,878,29069,13387,6.6
FED_DOL_FORM5500,FED_OSHA_ITA_CASE_DETAIL_2025,NAME@ZIP,CORROBORATED,PLAN_NAME+SPONS_DFE_MAIL_US_ZIP,ESTABLISHMENT_NAME+ZIP_CODE,10,31367,33457,0.0
FED_DOL_FORM5500,FED_PBGC_TRUSTEED_PENSION_PLANS,EIN,STEEL,SPONS_DFE_EIN,EIN,705,29069,20835,3.4
FED_DOL_FORM5500,FED_PBGC_TRUSTEED_PLANS,EIN,STEEL,SPONS_DFE_EIN,EIN,14,29069,4431,0.3
FED_DOL_FORM5500,FED_PCAOB_FORM_AP_FILINGS,CIK~EIN,BRIDGE,,,408,29069,28773,1.4
FED_DOL_FORM5500,FED_SEC_13F_SUBMISSIONS,CIK~EIN,BRIDGE,,,28,29069,16273,0.2
FED_DOL_FORM5500,FED_SEC_DERA_SUB_2024Q1,EIN,STEEL,SPONS_DFE_EIN,EIN,366,29069,4238,8.6
FED_DOL_FORM5500,FED_SEC_DERA_SUB_2024Q2,EIN,STEEL,SPONS_DFE_EIN,EIN,384,29069,4744,8.1
FED_DOL_FORM5500,FED_SEC_DERA_SUB_2024Q3,EIN,STEEL,SPONS_DFE_EIN,EIN,377,29069,4686,8.0
FED_DOL_FORM5500,FED_SEC_DERA_SUB_2024Q4,EIN,STEEL,SPONS_DFE_EIN,EIN,376,29069,4663,8.1
FED_DOL_FORM5500,FED_SEC_DERA_SUB_2025Q1,EIN,STEEL,SPONS_DFE_EIN,EIN,370,29069,4305,8.6
FED_DOL_FORM5500,FED_SEC_DERA_SUB_2025Q2,EIN,STEEL,SPONS_DFE_EIN,EIN,366,29069,4508,8.1
FED_DOL_FORM5500,FED_SEC_DERA_SUB_2025Q3,EIN,STEEL,SPONS_DFE_EIN,EIN,360,29069,4494,8.0
FED_DOL_FORM5500,FED_SEC_DERA_SUB_2025Q4,EIN,STEEL,SPONS_DFE_EIN,EIN,359,29069,4501,8.0
FED_DOL_FORM5500,FED_SEC_DERA_SUB_2026Q1,EIN,STEEL,SPONS_DFE_EIN,EIN,348,29069,4236,8.2
FED_DOL_FORM5500,FED_SEC_EDGAR_COMPANY_TICKERS,CIK~EIN,BRIDGE,,,342,29069,8018,4.3
FED_DOL_FORM5500,FED_SEC_EDGAR_FINANCIALS,EIN,STEEL,SPONS_DFE_EIN,EIN,402,29069,5771,7.0
FED_DOL_FORM5500,FED_SEC_EDGAR_INSIDERS,CIK~EIN,BRIDGE,,,333,29069,5306,6.3
FED_DOL_FORM5500,FED_SEC_INSIDER_REPORTINGOWNER,CIK~EIN,BRIDGE,,,32,29069,138006,0.1
FED_DOL_FORM5500,FED_USASPENDING_ASSISTANCE_FULL,EIN~UEI,BRIDGE,,,959,29069,223721,3.3
FED_DOL_FORM5500,FED_USASPENDING_CONTRACTS,NAME@ZIP,CORROBORATED,PLAN_NAME+SPONS_DFE_MAIL_US_ZIP,RECIPIENT_NAME+RECIPIENT_ZIP_4_CODE,42,31367,91616,0.1
FED_DOL_FORM5500,FED_USCG_NRC_INCIDENTS,NAME@ZIP,CORROBORATED,PLAN_NAME+SPONS_DFE_MAIL_US_ZIP,RESPONSIBLE_COMPANY+RESPONSIBLE_ZIP,10,31367,93650,0.0
FED_DOL_FORM5500,IRS527_RELATED_ENTITIES,EIN,STEEL,SPONS_DFE_EIN,EIN,3,29069,8979,0.0
FED_DOL_OFCCP_CSAL,FED_EIA860_1_UTILITY,NAME@ZIP,CORROBORATED,ESTABLISHMENT_NAME+ZIP,UTILITY_NAME+ZIP,5,1978,5530,0.3
FED_DOL_OFCCP_CSAL,FED_EPA_ENVIROFACTS,NAME@ZIP,CORROBORATED,ESTABLISHMENT_NAME+ZIP,FACILITY_NAME+POSTAL_CODE,8,1978,4909,0.4
FED_DOL_OFCCP_CSAL,FED_EPA_FRS_FRS_FACILITIES,NAME@ZIP,CORROBORATED,ESTABLISHMENT_NAME+ZIP,FAC_NAME+FAC_ZIP,266,1978,2699357,13.4
FED_DOL_OFCCP_CSAL,FED_EPA_FRS_FRS_PROGRAM_LINKS,NAME@ZIP,CORROBORATED,ESTABLISHMENT_NAME+ZIP,PRIMARY_NAME+POSTAL_CODE,367,1978,3338955,18.6
FED_DOL_OFCCP_CSAL,FED_EPA_FRS_FULL,NAME@ZIP,CORROBORATED,ESTABLISHMENT_NAME+ZIP,PRIMARY_NAME+POSTAL_CODE,298,1978,4325132,15.1
FED_DOL_OFCCP_CSAL,FED_EPA_GHGRP_FACILITY,NAME@ZIP,CORROBORATED,ESTABLISHMENT_NAME+ZIP,FACILITY_NAME+ZIP,32,1978,12485,1.6
FED_DOL_OFCCP_CSAL,FED_EPA_ICIS_AIR_ICIS_AIR_FACILITIES,NAME@ZIP,CORROBORATED,ESTABLISHMENT_NAME+ZIP,FACILITY_NAME+ZIP_CODE,100,1978,270351,5.1
FED_DOL_OFCCP_CSAL,FED_EPA_ICIS_FEC_CASE_ENFORCEMENT_CONCLUSION_FACILITIES,NAME@ZIP,CORROBORATED,ESTABLISHMENT_NAME+ZIP,FACILITY_NAME+FACILITY_ZIP,52,1978,108488,2.6
FED_DOL_OFCCP_CSAL,FED_EPA_ICIS_FEC_CASE_FACILITIES,NAME@ZIP,CORROBORATED,ESTABLISHMENT_NAME+ZIP,FACILITY_NAME+ZIP,54,1978,117594,2.7
FED_DOL_OFCCP_CSAL,FED_EPA_NPDES_ICIS_FACILITIES,NAME@ZIP,CORROBORATED,ESTABLISHMENT_NAME+ZIP,FACILITY_NAME+ZIP,141,1978,1077821,7.1
FED_DOL_OFCCP_CSAL,FED_EPA_RCRA_FACILITIES,NAME@ZIP,CORROBORATED,ESTABLISHMENT_NAME+ZIP,FACILITY_NAME+ZIP_CODE,238,1978,1429903,12.0
FED_DOL_OFCCP_CSAL,FED_EPA_RCRA_RCRA_FACILITIES,NAME@ZIP,CORROBORATED,ESTABLISHMENT_NAME+ZIP,FACILITY_NAME+ZIP_CODE,238,1978,1429903,12.0
FED_DOL_OFCCP_CSAL,FED_EPA_SDWA_SDWA_PUB_WATER_SYSTEMS,NAME@ZIP,CORROBORATED,ESTABLISHMENT_NAME+ZIP,PWS_NAME+ZIP_CODE,10,1978,395686,0.5
FED_DOL_OFCCP_CSAL,FED_EPA_TRI_BASIC_2023,NAME@ZIP,CORROBORATED,ESTABLISHMENT_NAME+ZIP,C_4_FACILITY_NAME+C_9_ZIP,88,1978,21697,4.4
FED_DOL_OFCCP_CSAL,FED_EPA_TRI_FACILITY,NAME@ZIP,CORROBORATED,ESTABLISHMENT_NAME+ZIP,FACILITY_NAME+ZIP_CODE,113,1978,63963,5.7
FED_DOL_OFCCP_CSAL,FED_FAA_AIRCRAFT_REGISTRY,NAME@ZIP,CORROBORATED,ESTABLISHMENT_NAME+ZIP,NAME+ZIP_CODE,16,1978,205605,0.8
FED_DOL_OFCCP_CSAL,FED_FAC_SINGLE_AUDIT,NAME@ZIP,CORROBORATED,ESTABLISHMENT_NAME+ZIP,AUDITEE_NAME+AUDITEE_ZIP,15,1978,103191,0.8
FED_DOL_OFCCP_CSAL,FED_FEC_INDIV_CONTRIBUTIONS,NAME@ZIP,CORROBORATED,ESTABLISHMENT_NAME+ZIP,NAME+ZIP_CODE,6,1978,5251703,0.3
FED_DOL_OFCCP_CSAL,FED_IRS_BMF,NAME@ZIP,CORROBORATED,ESTABLISHMENT_NAME+ZIP,NAME+ZIP,19,1978,1868041,1.0
FED_DOL_OFCCP_CSAL,FED_IRS_EO_BMF,NAME@ZIP,CORROBORATED,ESTABLISHMENT_NAME+ZIP,NAME+ZIP,20,1978,1878425,1.0
FED_DOL_OFCCP_CSAL,FED_OSHA_ITA_300A_SUMMARY_2023,NAME@ZIP,CORROBORATED,ESTABLISHMENT_NAME+ZIP,ESTABLISHMENT_NAME+ZIP_CODE,178,1978,373106,9.0
FED_DOL_OFCCP_CSAL,FED_OSHA_ITA_300A_SUMMARY_2024,NAME@ZIP,CORROBORATED,ESTABLISHMENT_NAME+ZIP,ESTABLISHMENT_NAME+ZIP_CODE,154,1978,360069,7.8
FED_DOL_OFCCP_CSAL,FED_OSHA_ITA_300A_SUMMARY_2025,NAME@ZIP,CORROBORATED,ESTABLISHMENT_NAME+ZIP,ESTABLISHMENT_NAME+ZIP_CODE,161,1978,375575,8.1
FED_DOL_OFCCP_CSAL,FED_OSHA_ITA_CASE_DETAIL_2023,NAME@ZIP,CORROBORATED,ESTABLISHMENT_NAME+ZIP,ESTABLISHMENT_NAME+ZIP_CODE,64,1978,85607,3.2
FED_DOL_OFCCP_CSAL,FED_OSHA_ITA_CASE_DETAIL_2024,NAME@ZIP,CORROBORATED,ESTABLISHMENT_NAME+ZIP,ESTABLISHMENT_NAME+ZIP_CODE,53,1978,59854,2.7
FED_DOL_OFCCP_CSAL,FED_OSHA_ITA_CASE_DETAIL_2025,NAME@ZIP,CORROBORATED,ESTABLISHMENT_NAME+ZIP,ESTABLISHMENT_NAME+ZIP_CODE,28,1978,33457,1.4
FED_DOL_OFCCP_CSAL,FED_USASPENDING_CONTRACTS,NAME@ZIP,CORROBORATED,ESTABLISHMENT_NAME+ZIP,RECIPIENT_NAME+RECIPIENT_ZIP_4_CODE,246,1978,91616,12.4
FED_DOL_OFCCP_CSAL,FED_USCG_NRC_INCIDENTS,NAME@ZIP,CORROBORATED,ESTABLISHMENT_NAME+ZIP,RESPONSIBLE_COMPANY+RESPONSIBLE_ZIP,69,1978,93650,3.5
FED_DOL_OFCCP_CSAL,FED_USCG_NRC_INCIDENT_REPORTS,NAME@ZIP,CORROBORATED,ESTABLISHMENT_NAME+ZIP,RESPONSIBLE_COMPANY+RESPONSIBLE_ZIP,36,1978,15011,1.8
FED_DOL_OLMS,FED_EPA_FRS_FRS_FACILITIES,NAME@ZIP,CORROBORATED,MAIL_LASTNAME+ZIP,FAC_NAME+FAC_ZIP,40,129112,2699357,0.0
FED_DOL_OLMS,FED_EPA_FRS_FRS_PROGRAM_LINKS,NAME@ZIP,CORROBORATED,MAIL_LASTNAME+ZIP,PRIMARY_NAME+POSTAL_CODE,47,129112,3338955,0.0
FED_DOL_OLMS,FED_EPA_FRS_FULL,NAME@ZIP,CORROBORATED,MAIL_LASTNAME+ZIP,PRIMARY_NAME+POSTAL_CODE,65,129112,4325132,0.1
FED_DOL_OLMS,FED_EPA_ICIS_AIR_ICIS_AIR_FACILITIES,NAME@ZIP,CORROBORATED,MAIL_LASTNAME+ZIP,FACILITY_NAME+ZIP_CODE,7,129112,270351,0.0
FED_DOL_OLMS,FED_EPA_NPDES_ICIS_FACILITIES,NAME@ZIP,CORROBORATED,MAIL_LASTNAME+ZIP,FACILITY_NAME+ZIP,7,129112,1077821,0.0
FED_DOL_OLMS,FED_EPA_RCRA_FACILITIES,NAME@ZIP,CORROBORATED,MAIL_LASTNAME+ZIP,FACILITY_NAME+ZIP_CODE,22,129112,1429903,0.0
FED_DOL_OLMS,FED_EPA_RCRA_RCRA_FACILITIES,NAME@ZIP,CORROBORATED,MAIL_LASTNAME+ZIP,FACILITY_NAME+ZIP_CODE,22,129112,1429903,0.0
FED_DOL_OLMS,FED_EPA_SDWA_SDWA_PUB_WATER_SYSTEMS,NAME@ZIP,CORROBORATED,MAIL_LASTNAME+ZIP,PWS_NAME+ZIP_CODE,5,129112,395686,0.0
FED_DOL_OLMS,FED_FEC_INDIV_CONTRIBUTIONS,NAME@ZIP,CORROBORATED,MAIL_LASTNAME+ZIP,NAME+ZIP_CODE,5,129112,5251703,0.0
FED_DOL_OLMS,FED_HHS_OIG_LEIE,NAME@ZIP,CORROBORATED,MAIL_LASTNAME+ZIP,LASTNAME+ZIP,518,129112,78462,0.7
FED_DOL_OLMS,FED_IRS_AUTO_REVOCATIONS,NAME@ZIP,CORROBORATED,MAIL_LASTNAME+ZIP,LEGAL_NAME+ZIP_CODE,6,129112,1149844,0.0
FED_DOL_OLMS,FED_IRS_REVOCATION,NAME@ZIP,CORROBORATED,MAIL_LASTNAME+ZIP,LEGAL_NAME+ZIP_CODE,6,129112,1149230,0.0
FED_DOL_OLMS,FED_OSHA_ITA_300A_SUMMARY_2023,NAME@ZIP,CORROBORATED,MAIL_LASTNAME+ZIP,ESTABLISHMENT_NAME+ZIP_CODE,15,129112,373106,0.0
FED_DOL_OLMS,FED_OSHA_ITA_300A_SUMMARY_2024,NAME@ZIP,CORROBORATED,MAIL_LASTNAME+ZIP,ESTABLISHMENT_NAME+ZIP_CODE,10,129112,360069,0.0
FED_DOL_OLMS,FED_OSHA_ITA_300A_SUMMARY_2025,NAME@ZIP,CORROBORATED,MAIL_LASTNAME+ZIP,ESTABLISHMENT_NAME+ZIP_CODE,10,129112,375575,0.0
FED_ED_COLLEGE_SCORECARD_INSTITUTION,FED_MAPPING_INEQUALITY,GEO_IN,GEO,LATITUDE/LONGITUDE,GEOMETRY,975,5689,10153,17.1
FED_ED_COLLEGE_SCORECARD_INSTITUTION,FED_NOAA_WEATHER_API,GEO_IN,GEO,LATITUDE/LONGITUDE,GEOMETRY,9,5689,31,0.2
FED_ED_COLLEGE_SCORECARD_INSTITUTION,FED_NSF_AWARDS,ZIP,GEO,ZIP,ZIP,36,4356,92,39.1
FED_ED_COLLEGE_SCORECARD_INSTITUTION,INTL_FR_DATA_GOUV_FULL,GEO_IN,GEO,LATITUDE/LONGITUDE,SPATIAL_GEOM,5689,5689,48093,100.0
FED_EIA860_1_UTILITY,FED_EIA860_2_PLANT,NAME@ZIP,CORROBORATED,UTILITY_NAME+ZIP,PLANT_NAME+ZIP,434,5530,14083,7.8
FED_EIA860_1_UTILITY,FED_EIA860_4_OWNER,NAME@ZIP,CORROBORATED,UTILITY_NAME+ZIP,PLANT_NAME+OWNER_ZIP,61,5530,2587,2.4
FED_EIA860_1_UTILITY,FED_EIA860_4_OWNER,ZIP,GEO,ZIP,OWNER_ZIP,79,2315,643,12.3
FED_EIA860_1_UTILITY,FED_EPA_FRS_FRS_FACILITIES,NAME@ZIP,CORROBORATED,UTILITY_NAME+ZIP,FAC_NAME+FAC_ZIP,597,5530,2699357,10.8
FED_EIA860_1_UTILITY,FED_EPA_FRS_FRS_PROGRAM_LINKS,NAME@ZIP,CORROBORATED,UTILITY_NAME+ZIP,PRIMARY_NAME+POSTAL_CODE,801,5530,3338955,14.5
FED_EIA860_1_UTILITY,FED_EPA_FRS_FULL,NAME@ZIP,CORROBORATED,UTILITY_NAME+ZIP,PRIMARY_NAME+POSTAL_CODE,715,5530,4325132,12.9
FED_EIA860_1_UTILITY,FED_EPA_GHGRP_FACILITY,NAME@ZIP,CORROBORATED,UTILITY_NAME+ZIP,FACILITY_NAME+ZIP,218,5530,12485,3.9
FED_EIA860_1_UTILITY,FED_EPA_ICIS_AIR_ICIS_AIR_FACILITIES,NAME@ZIP,CORROBORATED,UTILITY_NAME+ZIP,FACILITY_NAME+ZIP_CODE,278,5530,270351,5.0
FED_EIA860_1_UTILITY,FED_EPA_ICIS_FEC_CASE_ENFORCEMENT_CONCLUSION_FACILITIES,NAME@ZIP,CORROBORATED,UTILITY_NAME+ZIP,FACILITY_NAME+FACILITY_ZIP,168,5530,108488,3.0
FED_EIA860_1_UTILITY,FED_EPA_ICIS_FEC_CASE_FACILITIES,NAME@ZIP,CORROBORATED,UTILITY_NAME+ZIP,FACILITY_NAME+ZIP,173,5530,117594,3.1
FED_EIA860_1_UTILITY,FED_EPA_NPDES_ICIS_FACILITIES,NAME@ZIP,CORROBORATED,UTILITY_NAME+ZIP,FACILITY_NAME+ZIP,307,5530,1077821,5.6
FED_EIA860_1_UTILITY,FED_EPA_RCRA_FACILITIES,NAME@ZIP,CORROBORATED,UTILITY_NAME+ZIP,FACILITY_NAME+ZIP_CODE,420,5530,1429903,7.6
FED_EIA860_1_UTILITY,FED_EPA_RCRA_RCRA_FACILITIES,NAME@ZIP,CORROBORATED,UTILITY_NAME+ZIP,FACILITY_NAME+ZIP_CODE,420,5530,1429903,7.6
FED_EIA860_1_UTILITY,FED_EPA_SDWA_SDWA_PUB_WATER_SYSTEMS,NAME@ZIP,CORROBORATED,UTILITY_NAME+ZIP,PWS_NAME+ZIP_CODE,104,5530,395686,1.9
FED_EIA860_1_UTILITY,FED_EPA_TRI_BASIC_2023,NAME@ZIP,CORROBORATED,UTILITY_NAME+ZIP,C_4_FACILITY_NAME+C_9_ZIP,99,5530,21697,1.8
FED_EIA860_1_UTILITY,FED_EPA_TRI_FACILITY,NAME@ZIP,CORROBORATED,UTILITY_NAME+ZIP,FACILITY_NAME+ZIP_CODE,124,5530,63963,2.2
FED_EIA860_1_UTILITY,FED_FAA_AIRCRAFT_REGISTRY,NAME@ZIP,CORROBORATED,UTILITY_NAME+ZIP,NAME+ZIP_CODE,36,5530,205605,0.7
FED_EIA860_1_UTILITY,FED_FAC_SINGLE_AUDIT,NAME@ZIP,CORROBORATED,UTILITY_NAME+ZIP,AUDITEE_NAME+AUDITEE_ZIP,150,5530,103191,2.7
FED_EIA860_1_UTILITY,FED_FEC_COMMITTEE_TO_CANDIDATE,NAME@ZIP,CORROBORATED,UTILITY_NAME+ZIP,NAME+ZIP_CODE,5,5530,17747,0.1
FED_EIA860_1_UTILITY,FED_FEC_INDIV_CONTRIBUTIONS,NAME@ZIP,CORROBORATED,UTILITY_NAME+ZIP,NAME+ZIP_CODE,26,5530,5251703,0.5
FED_EIA860_1_UTILITY,FED_IRS_AUTO_REVOCATIONS,NAME@ZIP,CORROBORATED,UTILITY_NAME+ZIP,LEGAL_NAME+ZIP_CODE,14,5530,1149844,0.3
FED_EIA860_1_UTILITY,FED_IRS_BMF,NAME@ZIP,CORROBORATED,UTILITY_NAME+ZIP,NAME+ZIP,61,5530,1868041,1.1
FED_EIA860_1_UTILITY,FED_IRS_EO_BMF,NAME@ZIP,CORROBORATED,UTILITY_NAME+ZIP,NAME+ZIP,59,5530,1878425,1.1
FED_EIA860_1_UTILITY,FED_IRS_REVOCATION,NAME@ZIP,CORROBORATED,UTILITY_NAME+ZIP,LEGAL_NAME+ZIP_CODE,14,5530,1149230,0.3
FED_EIA860_1_UTILITY,FED_NSF_AWARDS,ZIP,GEO,ZIP,ZIP,16,2315,92,17.4
FED_EIA860_1_UTILITY,FED_OSHA_ITA_300A_SUMMARY_2023,NAME@ZIP,CORROBORATED,UTILITY_NAME+ZIP,ESTABLISHMENT_NAME+ZIP_CODE,208,5530,373106,3.8
FED_EIA860_1_UTILITY,FED_OSHA_ITA_300A_SUMMARY_2024,NAME@ZIP,CORROBORATED,UTILITY_NAME+ZIP,ESTABLISHMENT_NAME+ZIP_CODE,197,5530,360069,3.6
FED_EIA860_1_UTILITY,FED_OSHA_ITA_300A_SUMMARY_2025,NAME@ZIP,CORROBORATED,UTILITY_NAME+ZIP,ESTABLISHMENT_NAME+ZIP_CODE,184,5530,375575,3.3
FED_EIA860_1_UTILITY,FED_OSHA_ITA_CASE_DETAIL_2023,NAME@ZIP,CORROBORATED,UTILITY_NAME+ZIP,ESTABLISHMENT_NAME+ZIP_CODE,46,5530,85607,0.8
FED_EIA860_1_UTILITY,FED_OSHA_ITA_CASE_DETAIL_2024,NAME@ZIP,CORROBORATED,UTILITY_NAME+ZIP,ESTABLISHMENT_NAME+ZIP_CODE,35,5530,59854,0.6
FED_EIA860_1_UTILITY,FED_OSHA_ITA_CASE_DETAIL_2025,NAME@ZIP,CORROBORATED,UTILITY_NAME+ZIP,ESTABLISHMENT_NAME+ZIP_CODE,24,5530,33457,0.4
FED_EIA860_1_UTILITY,FED_USASPENDING_CONTRACTS,NAME@ZIP,CORROBORATED,UTILITY_NAME+ZIP,RECIPIENT_NAME+RECIPIENT_ZIP_4_CODE,132,5530,91616,2.4
FED_EIA860_1_UTILITY,FED_USCG_NRC_INCIDENTS,NAME@ZIP,CORROBORATED,UTILITY_NAME+ZIP,RESPONSIBLE_COMPANY+RESPONSIBLE_ZIP,266,5530,93650,4.8
FED_EIA860_1_UTILITY,FED_USCG_NRC_INCIDENT_REPORTS,NAME@ZIP,CORROBORATED,UTILITY_NAME+ZIP,RESPONSIBLE_COMPANY+RESPONSIBLE_ZIP,104,5530,15011,1.9
FED_EIA860_1_UTILITY,IRS527_RELATED_ENTITIES,NAME@ZIP,CORROBORATED,UTILITY_NAME+ZIP,ENTITY_NAME+ENTITY_ZIP,14,5530,11739,0.3
FED_EIA860_2_PLANT,FED_EIA860_4_OWNER,NAME@ZIP,CORROBORATED,PLANT_NAME+ZIP,PLANT_NAME+OWNER_ZIP,177,14083,2587,6.8
FED_EIA860_2_PLANT,FED_EPA_AQS_SITES,NAME@ZIP,CORROBORATED,PLANT_NAME+ZIP,LOCAL_SITE_NAME+ZIP_CODE,30,14083,4498,0.7
FED_EIA860_2_PLANT,FED_EPA_FRS_FRS_FACILITIES,NAME@ZIP,CORROBORATED,PLANT_NAME+ZIP,FAC_NAME+FAC_ZIP,2215,14083,2699357,15.7
FED_EIA860_2_PLANT,FED_EPA_FRS_FRS_PROGRAM_LINKS,NAME@ZIP,CORROBORATED,PLANT_NAME+ZIP,PRIMARY_NAME+POSTAL_CODE,2097,14083,3338955,14.9
FED_EIA860_2_PLANT,FED_EPA_FRS_FULL,NAME@ZIP,CORROBORATED,PLANT_NAME+ZIP,PRIMARY_NAME+POSTAL_CODE,3963,14083,4325132,28.1
FED_EIA860_2_PLANT,FED_EPA_GHGRP_FACILITY,NAME@ZIP,CORROBORATED,PLANT_NAME+ZIP,FACILITY_NAME+ZIP,777,14083,12485,6.2
FED_EIA860_2_PLANT,FED_EPA_ICIS_AIR_ICIS_AIR_FACILITIES,NAME@ZIP,CORROBORATED,PLANT_NAME+ZIP,FACILITY_NAME+ZIP_CODE,366,14083,270351,2.6
FED_EIA860_2_PLANT,FED_EPA_ICIS_FEC_CASE_ENFORCEMENT_CONCLUSION_FACILITIES,NAME@ZIP,CORROBORATED,PLANT_NAME+ZIP,FACILITY_NAME+FACILITY_ZIP,148,14083,108488,1.1
FED_EIA860_2_PLANT,FED_EPA_ICIS_FEC_CASE_FACILITIES,NAME@ZIP,CORROBORATED,PLANT_NAME+ZIP,FACILITY_NAME+ZIP,155,14083,117594,1.1
FED_EIA860_2_PLANT,FED_EPA_NPDES_ICIS_FACILITIES,NAME@ZIP,CORROBORATED,PLANT_NAME+ZIP,FACILITY_NAME+ZIP,830,14083,1077821,5.9
FED_EIA860_2_PLANT,FED_EPA_RCRA_FACILITIES,NAME@ZIP,CORROBORATED,PLANT_NAME+ZIP,FACILITY_NAME+ZIP_CODE,588,14083,1429903,4.2
FED_EIA860_2_PLANT,FED_EPA_RCRA_RCRA_FACILITIES,NAME@ZIP,CORROBORATED,PLANT_NAME+ZIP,FACILITY_NAME+ZIP_CODE,588,14083,1429903,4.2
FED_EIA860_2_PLANT,FED_EPA_SDWA_SDWA_PUB_WATER_SYSTEMS,NAME@ZIP,CORROBORATED,PLANT_NAME+ZIP,PWS_NAME+ZIP_CODE,188,14083,395686,1.3
FED_EIA860_2_PLANT,FED_EPA_TRI_BASIC_2023,NAME@ZIP,CORROBORATED,PLANT_NAME+ZIP,C_4_FACILITY_NAME+C_9_ZIP,103,14083,21697,0.7
FED_EIA860_2_PLANT,FED_EPA_TRI_FACILITY,NAME@ZIP,CORROBORATED,PLANT_NAME+ZIP,FACILITY_NAME+ZIP_CODE,160,14083,63963,1.1
FED_EIA860_2_PLANT,FED_FAA_AIRCRAFT_REGISTRY,NAME@ZIP,CORROBORATED,PLANT_NAME+ZIP,NAME+ZIP_CODE,6,14083,205605,0.0
FED_EIA860_2_PLANT,FED_FAC_SINGLE_AUDIT,NAME@ZIP,CORROBORATED,PLANT_NAME+ZIP,AUDITEE_NAME+AUDITEE_ZIP,51,14083,103191,0.4
FED_EIA860_2_PLANT,FED_HRSA_SHORTAGE_AREAS,NAME@ZIP,CORROBORATED,PLANT_NAME+ZIP,HPSA_COMPONENT_NAME+COMMON_POSTAL_CODE,7,14083,7829,0.1
FED_EIA860_2_PLANT,FED_HUD_ASSISTED_HOUSING_PROJECTS,NAME@ZIP,CORROBORATED,PLANT_NAME+ZIP,NAME+STD_ZIP5,31,14083,24871,0.2
FED_EIA860_2_PLANT,FED_IRS_AUTO_REVOCATIONS,NAME@ZIP,CORROBORATED,PLANT_NAME+ZIP,LEGAL_NAME+ZIP_CODE,12,14083,1149844,0.1
FED_EIA860_2_PLANT,FED_IRS_BMF,NAME@ZIP,CORROBORATED,PLANT_NAME+ZIP,NAME+ZIP,43,14083,1868041,0.3
FED_EIA860_2_PLANT,FED_IRS_EO_BMF,NAME@ZIP,CORROBORATED,PLANT_NAME+ZIP,NAME+ZIP,42,14083,1878425,0.3
FED_EIA860_2_PLANT,FED_IRS_REVOCATION,NAME@ZIP,CORROBORATED,PLANT_NAME+ZIP,LEGAL_NAME+ZIP_CODE,12,14083,1149230,0.1
FED_EIA860_2_PLANT,FED_MAPPING_INEQUALITY,GEO_IN,GEO,LATITUDE/LONGITUDE,GEOMETRY,424,15794,10153,2.7
FED_EIA860_2_PLANT,FED_NCUA_CALL_REPORTS_FOICU,NAME@ZIP,CORROBORATED,PLANT_NAME+ZIP,CU_NAME+ZIP_CODE,9,14083,4335,0.2
FED_EIA860_2_PLANT,FED_NCUA_FEDERALLY_INSURED_CU_LIST,NAME@ZIP,CORROBORATED,PLANT_NAME+ZIP,CREDIT_UNION_NAME+ZIP_CODE_MAILING_ADDRESS,8,14083,4249,0.2
FED_EIA860_2_PLANT,FED_NOAA_WEATHER_API,GEO_IN,GEO,LATITUDE/LONGITUDE,GEOMETRY,24,15794,31,0.2
FED_EIA860_2_PLANT,FED_NTSB_AVIATION_EVENTS,NAME@ZIP,CORROBORATED,PLANT_NAME+ZIP,APT_NAME+EV_SITE_ZIPCODE,49,14083,15605,0.3
FED_EIA860_2_PLANT,FED_OSHA_ITA_300A_SUMMARY_2023,NAME@ZIP,CORROBORATED,PLANT_NAME+ZIP,ESTABLISHMENT_NAME+ZIP_CODE,535,14083,373106,3.8
FED_EIA860_2_PLANT,FED_OSHA_ITA_300A_SUMMARY_2024,NAME@ZIP,CORROBORATED,PLANT_NAME+ZIP,ESTABLISHMENT_NAME+ZIP_CODE,539,14083,360069,3.8
FED_EIA860_2_PLANT,FED_OSHA_ITA_300A_SUMMARY_2025,NAME@ZIP,CORROBORATED,PLANT_NAME+ZIP,ESTABLISHMENT_NAME+ZIP_CODE,526,14083,375575,3.7
FED_EIA860_2_PLANT,FED_OSHA_ITA_CASE_DETAIL_2023,NAME@ZIP,CORROBORATED,PLANT_NAME+ZIP,ESTABLISHMENT_NAME+ZIP_CODE,100,14083,85607,0.7
FED_EIA860_2_PLANT,FED_OSHA_ITA_CASE_DETAIL_2024,NAME@ZIP,CORROBORATED,PLANT_NAME+ZIP,ESTABLISHMENT_NAME+ZIP_CODE,74,14083,59854,0.5
FED_EIA860_2_PLANT,FED_OSHA_ITA_CASE_DETAIL_2025,NAME@ZIP,CORROBORATED,PLANT_NAME+ZIP,ESTABLISHMENT_NAME+ZIP_CODE,54,14083,33457,0.4
FED_EIA860_2_PLANT,FED_USASPENDING_CONTRACTS,NAME@ZIP,CORROBORATED,PLANT_NAME+ZIP,RECIPIENT_NAME+RECIPIENT_ZIP_4_CODE,25,14083,91616,0.2
FED_EIA860_2_PLANT,FED_USCG_NRC_INCIDENTS,NAME@ZIP,CORROBORATED,PLANT_NAME+ZIP,RESPONSIBLE_COMPANY+RESPONSIBLE_ZIP,133,14083,93650,0.9
FED_EIA860_2_PLANT,FED_USCG_NRC_INCIDENT_REPORTS,NAME@ZIP,CORROBORATED,PLANT_NAME+ZIP,RESPONSIBLE_COMPANY+RESPONSIBLE_ZIP,36,14083,15011,0.3
FED_EIA860_2_PLANT,INTL_FR_DATA_GOUV_FULL,GEO_IN,GEO,LATITUDE/LONGITUDE,SPATIAL_GEOM,15794,15794,48093,100.0
FED_EIA860_4_OWNER,FED_EPA_FRS_FRS_FACILITIES,NAME@ZIP,CORROBORATED,PLANT_NAME+OWNER_ZIP,FAC_NAME+FAC_ZIP,58,2587,2699357,2.2
FED_EIA860_4_OWNER,FED_EPA_FRS_FRS_PROGRAM_LINKS,NAME@ZIP,CORROBORATED,PLANT_NAME+OWNER_ZIP,PRIMARY_NAME+POSTAL_CODE,57,2587,3338955,2.2
FED_EIA860_4_OWNER,FED_EPA_FRS_FULL,NAME@ZIP,CORROBORATED,PLANT_NAME+OWNER_ZIP,PRIMARY_NAME+POSTAL_CODE,89,2587,4325132,3.4
FED_EIA860_4_OWNER,FED_EPA_GHGRP_FACILITY,NAME@ZIP,CORROBORATED,PLANT_NAME+OWNER_ZIP,FACILITY_NAME+ZIP,19,2587,12485,0.7
FED_EIA860_4_OWNER,FED_EPA_ICIS_AIR_ICIS_AIR_FACILITIES,NAME@ZIP,CORROBORATED,PLANT_NAME+OWNER_ZIP,FACILITY_NAME+ZIP_CODE,21,2587,270351,0.8
FED_EIA860_4_OWNER,FED_EPA_ICIS_FEC_CASE_ENFORCEMENT_CONCLUSION_FACILITIES,NAME@ZIP,CORROBORATED,PLANT_NAME+OWNER_ZIP,FACILITY_NAME+FACILITY_ZIP,8,2587,108488,0.3
FED_EIA860_4_OWNER,FED_EPA_ICIS_FEC_CASE_FACILITIES,NAME@ZIP,CORROBORATED,PLANT_NAME+OWNER_ZIP,FACILITY_NAME+ZIP,9,2587,117594,0.3
FED_EIA860_4_OWNER,FED_EPA_NPDES_ICIS_FACILITIES,NAME@ZIP,CORROBORATED,PLANT_NAME+OWNER_ZIP,FACILITY_NAME+ZIP,18,2587,1077821,0.7
FED_EIA860_4_OWNER,FED_EPA_RCRA_FACILITIES,NAME@ZIP,CORROBORATED,PLANT_NAME+OWNER_ZIP,FACILITY_NAME+ZIP_CODE,24,2587,1429903,0.9
FED_EIA860_4_OWNER,FED_EPA_RCRA_RCRA_FACILITIES,NAME@ZIP,CORROBORATED,PLANT_NAME+OWNER_ZIP,FACILITY_NAME+ZIP_CODE,24,2587,1429903,0.9
FED_EIA860_4_OWNER,FED_OSHA_ITA_300A_SUMMARY_2023,NAME@ZIP,CORROBORATED,PLANT_NAME+OWNER_ZIP,ESTABLISHMENT_NAME+ZIP_CODE,10,2587,373106,0.4
FED_EIA860_4_OWNER,FED_OSHA_ITA_300A_SUMMARY_2024,NAME@ZIP,CORROBORATED,PLANT_NAME+OWNER_ZIP,ESTABLISHMENT_NAME+ZIP_CODE,8,2587,360069,0.3
FED_EIA860_4_OWNER,FED_OSHA_ITA_300A_SUMMARY_2025,NAME@ZIP,CORROBORATED,PLANT_NAME+OWNER_ZIP,ESTABLISHMENT_NAME+ZIP_CODE,7,2587,375575,0.3
FED_EIA860_4_OWNER,FED_USCG_NRC_INCIDENTS,NAME@ZIP,CORROBORATED,PLANT_NAME+OWNER_ZIP,RESPONSIBLE_COMPANY+RESPONSIBLE_ZIP,6,2587,93650,0.2
FED_EPA_AIR_EMISSIONS_POLL_RPT_COMBINED_EMISSIONS,FED_EPA_ECHO,FRS_ID,STEEL,REGISTRY_ID,FRS_ID,82413,162513,3135553,50.7
FED_EPA_AIR_EMISSIONS_POLL_RPT_COMBINED_EMISSIONS,FED_EPA_FRS_FRS_FACILITIES,FRS_ID,STEEL,REGISTRY_ID,REGISTRY_ID,162513,162513,3277557,100.0
FED_EPA_AIR_EMISSIONS_POLL_RPT_COMBINED_EMISSIONS,FED_EPA_FRS_FRS_NAICS_CODES,FRS_ID,STEEL,REGISTRY_ID,REGISTRY_ID,162495,162513,1672433,100.0
FED_EPA_AIR_EMISSIONS_POLL_RPT_COMBINED_EMISSIONS,FED_EPA_FRS_FRS_PROGRAM_LINKS,FRS_ID,STEEL,REGISTRY_ID,REGISTRY_ID,162513,162513,3422891,100.0
FED_EPA_AIR_EMISSIONS_POLL_RPT_COMBINED_EMISSIONS,FED_EPA_FRS_FRS_SIC_CODES,FRS_ID,STEEL,REGISTRY_ID,REGISTRY_ID,58321,162513,831499,35.9
FED_EPA_AIR_EMISSIONS_POLL_RPT_COMBINED_EMISSIONS,FED_EPA_FRS_FULL,FRS_ID,STEEL,REGISTRY_ID,REGISTRY_ID,158798,162513,5300149,97.7
FED_EPA_AIR_EMISSIONS_POLL_RPT_COMBINED_EMISSIONS,FED_EPA_GHGRP_FACILITY,FRS_ID,STEEL,REGISTRY_ID,FRS_ID,9684,162513,13221,73.2
FED_EPA_AIR_EMISSIONS_POLL_RPT_COMBINED_EMISSIONS,FED_EPA_ICIS_AIR_ICIS_AIR_FACILITIES,FRS_ID,STEEL,REGISTRY_ID,REGISTRY_ID,51214,162513,266026,31.5
FED_EPA_AIR_EMISSIONS_POLL_RPT_COMBINED_EMISSIONS,FED_EPA_ICIS_FEC_CASE_ENFORCEMENT_CONCLUSION_FACILITIES,FRS_ID,STEEL,REGISTRY_ID,FACILITY_UIN,11916,162513,105113,11.3
FED_EPA_AIR_EMISSIONS_POLL_RPT_COMBINED_EMISSIONS,FED_EPA_ICIS_FEC_CASE_FACILITIES,FRS_ID,STEEL,REGISTRY_ID,REGISTRY_ID,12342,162513,113854,10.8
FED_EPA_AIR_EMISSIONS_POLL_RPT_COMBINED_EMISSIONS,FED_EPA_ICIS_FEC_EPA_INFORMAL_ENFORCEMENT_ACTIONS,FRS_ID,STEEL,REGISTRY_ID,REGISTRY_ID,2094,162513,14606,14.3
FED_EPA_AIR_EMISSIONS_POLL_RPT_COMBINED_EMISSIONS,FED_EPA_ICIS_FEC_ICIS_FEC_EPA_INSPECTIONS,FRS_ID,STEEL,REGISTRY_ID,REGISTRY_ID,15065,162513,156326,9.6
FED_EPA_AIR_EMISSIONS_POLL_RPT_COMBINED_EMISSIONS,FED_EPA_NPDES_NPDES_INFORMAL_ENFORCEMENT_ACTIONS,FRS_ID,STEEL,REGISTRY_ID,REGISTRY_ID,8959,162513,112933,7.9
FED_EPA_AIR_EMISSIONS_POLL_RPT_COMBINED_EMISSIONS,FED_EPA_NPDES_NPDES_INSPECTIONS,FRS_ID,STEEL,REGISTRY_ID,REGISTRY_ID,16962,162513,263075,10.4
FED_EPA_AIR_EMISSIONS_POLL_RPT_COMBINED_EMISSIONS,FED_EPA_TRI_BASIC_2023,FRS_ID,STEEL,REGISTRY_ID,C_3_FRS_ID,21592,162513,21760,99.2
FED_EPA_AIR_EMISSIONS_POLL_RPT_COMBINED_EMISSIONS,XC_EPA_CORPORATE_CROSSWALK,FRS_ID,STEEL,REGISTRY_ID,EPA_REGISTRY_ID,158798,162513,5300149,97.7
FED_EPA_AQS_SITES,FED_EPA_FRS_FRS_FACILITIES,NAME@ZIP,CORROBORATED,LOCAL_SITE_NAME+ZIP_CODE,FAC_NAME+FAC_ZIP,163,4498,2699357,3.6
FED_EPA_AQS_SITES,FED_EPA_FRS_FRS_PROGRAM_LINKS,NAME@ZIP,CORROBORATED,LOCAL_SITE_NAME+ZIP_CODE,PRIMARY_NAME+POSTAL_CODE,193,4498,3338955,4.3
FED_EPA_AQS_SITES,FED_EPA_FRS_FULL,NAME@ZIP,CORROBORATED,LOCAL_SITE_NAME+ZIP_CODE,PRIMARY_NAME+POSTAL_CODE,721,4498,4325132,16.0
FED_EPA_AQS_SITES,FED_EPA_GHGRP_FACILITY,NAME@ZIP,CORROBORATED,LOCAL_SITE_NAME+ZIP_CODE,FACILITY_NAME+ZIP,8,4498,12485,0.2
FED_EPA_AQS_SITES,FED_EPA_ICIS_AIR_ICIS_AIR_FACILITIES,NAME@ZIP,CORROBORATED,LOCAL_SITE_NAME+ZIP_CODE,FACILITY_NAME+ZIP_CODE,21,4498,270351,0.5
FED_EPA_AQS_SITES,FED_EPA_ICIS_FEC_CASE_ENFORCEMENT_CONCLUSION_FACILITIES,NAME@ZIP,CORROBORATED,LOCAL_SITE_NAME+ZIP_CODE,FACILITY_NAME+FACILITY_ZIP,30,4498,108488,0.7
FED_EPA_AQS_SITES,FED_EPA_ICIS_FEC_CASE_FACILITIES,NAME@ZIP,CORROBORATED,LOCAL_SITE_NAME+ZIP_CODE,FACILITY_NAME+ZIP,31,4498,117594,0.7
FED_EPA_AQS_SITES,FED_EPA_NPDES_ICIS_FACILITIES,NAME@ZIP,CORROBORATED,LOCAL_SITE_NAME+ZIP_CODE,FACILITY_NAME+ZIP,74,4498,1077821,1.6
FED_EPA_AQS_SITES,FED_EPA_RCRA_FACILITIES,NAME@ZIP,CORROBORATED,LOCAL_SITE_NAME+ZIP_CODE,FACILITY_NAME+ZIP_CODE,68,4498,1429903,1.5
FED_EPA_AQS_SITES,FED_EPA_RCRA_RCRA_FACILITIES,NAME@ZIP,CORROBORATED,LOCAL_SITE_NAME+ZIP_CODE,FACILITY_NAME+ZIP_CODE,68,4498,1429903,1.5
FED_EPA_AQS_SITES,FED_EPA_SDWA_SDWA_PUB_WATER_SYSTEMS,NAME@ZIP,CORROBORATED,LOCAL_SITE_NAME+ZIP_CODE,PWS_NAME+ZIP_CODE,55,4498,395686,1.2
FED_EPA_AQS_SITES,FED_EPA_TRI_BASIC_2023,NAME@ZIP,CORROBORATED,LOCAL_SITE_NAME+ZIP_CODE,C_4_FACILITY_NAME+C_9_ZIP,6,4498,21697,0.1
FED_EPA_AQS_SITES,FED_EPA_TRI_FACILITY,NAME@ZIP,CORROBORATED,LOCAL_SITE_NAME+ZIP_CODE,FACILITY_NAME+ZIP_CODE,7,4498,63963,0.2
FED_EPA_AQS_SITES,FED_FAC_SINGLE_AUDIT,NAME@ZIP,CORROBORATED,LOCAL_SITE_NAME+ZIP_CODE,AUDITEE_NAME+AUDITEE_ZIP,12,4498,103191,0.3
FED_EPA_AQS_SITES,FED_HUD_ASSISTED_HOUSING_PROJECTS,NAME@ZIP,CORROBORATED,LOCAL_SITE_NAME+ZIP_CODE,NAME+STD_ZIP5,9,4498,24871,0.2
FED_EPA_AQS_SITES,FED_IRS_AUTO_REVOCATIONS,NAME@ZIP,CORROBORATED,LOCAL_SITE_NAME+ZIP_CODE,LEGAL_NAME+ZIP_CODE,11,4498,1149844,0.2
FED_EPA_AQS_SITES,FED_IRS_BMF,NAME@ZIP,CORROBORATED,LOCAL_SITE_NAME+ZIP_CODE,NAME+ZIP,14,4498,1868041,0.3
FED_EPA_AQS_SITES,FED_IRS_EO_BMF,NAME@ZIP,CORROBORATED,LOCAL_SITE_NAME+ZIP_CODE,NAME+ZIP,15,4498,1878425,0.3
FED_EPA_AQS_SITES,FED_IRS_REVOCATION,NAME@ZIP,CORROBORATED,LOCAL_SITE_NAME+ZIP_CODE,LEGAL_NAME+ZIP_CODE,11,4498,1149230,0.2
FED_EPA_AQS_SITES,FED_MAPPING_INEQUALITY,GEO_IN,GEO,LATITUDE/LONGITUDE,GEOMETRY,3077,19751,10153,15.6
FED_EPA_AQS_SITES,FED_NCUA_CALL_REPORTS_FOICU,NAME@ZIP,CORROBORATED,LOCAL_SITE_NAME+ZIP_CODE,CU_NAME+ZIP_CODE,8,4498,4335,0.2
FED_EPA_AQS_SITES,FED_NCUA_FEDERALLY_INSURED_CU_LIST,NAME@ZIP,CORROBORATED,LOCAL_SITE_NAME+ZIP_CODE,CREDIT_UNION_NAME+ZIP_CODE_MAILING_ADDRESS,8,4498,4249,0.2
FED_EPA_AQS_SITES,FED_NOAA_WEATHER_API,GEO_IN,GEO,LATITUDE/LONGITUDE,GEOMETRY,71,19751,31,0.4
FED_EPA_AQS_SITES,FED_NTSB_AVIATION_EVENTS,NAME@ZIP,CORROBORATED,LOCAL_SITE_NAME+ZIP_CODE,APT_NAME+EV_SITE_ZIPCODE,50,4498,15605,1.1
FED_EPA_AQS_SITES,FED_OSHA_ITA_300A_SUMMARY_2023,NAME@ZIP,CORROBORATED,LOCAL_SITE_NAME+ZIP_CODE,ESTABLISHMENT_NAME+ZIP_CODE,251,4498,373106,5.6
FED_EPA_AQS_SITES,FED_OSHA_ITA_300A_SUMMARY_2024,NAME@ZIP,CORROBORATED,LOCAL_SITE_NAME+ZIP_CODE,ESTABLISHMENT_NAME+ZIP_CODE,233,4498,360069,5.2
FED_EPA_AQS_SITES,FED_OSHA_ITA_300A_SUMMARY_2025,NAME@ZIP,CORROBORATED,LOCAL_SITE_NAME+ZIP_CODE,ESTABLISHMENT_NAME+ZIP_CODE,246,4498,375575,5.5
FED_EPA_AQS_SITES,FED_OSHA_ITA_CASE_DETAIL_2023,NAME@ZIP,CORROBORATED,LOCAL_SITE_NAME+ZIP_CODE,ESTABLISHMENT_NAME+ZIP_CODE,70,4498,85607,1.6
FED_EPA_AQS_SITES,FED_OSHA_ITA_CASE_DETAIL_2024,NAME@ZIP,CORROBORATED,LOCAL_SITE_NAME+ZIP_CODE,ESTABLISHMENT_NAME+ZIP_CODE,44,4498,59854,1.0
FED_EPA_AQS_SITES,FED_OSHA_ITA_CASE_DETAIL_2025,NAME@ZIP,CORROBORATED,LOCAL_SITE_NAME+ZIP_CODE,ESTABLISHMENT_NAME+ZIP_CODE,28,4498,33457,0.6
FED_EPA_AQS_SITES,FED_USCG_NRC_INCIDENTS,NAME@ZIP,CORROBORATED,LOCAL_SITE_NAME+ZIP_CODE,RESPONSIBLE_COMPANY+RESPONSIBLE_ZIP,10,4498,93650,0.2
FED_EPA_AQS_SITES,FED_USCG_NRC_INCIDENT_REPORTS,NAME@ZIP,CORROBORATED,LOCAL_SITE_NAME+ZIP_CODE,RESPONSIBLE_COMPANY+RESPONSIBLE_ZIP,5,4498,15011,0.1
FED_EPA_AQS_SITES,INTL_FR_DATA_GOUV_FULL,GEO_IN,GEO,LATITUDE/LONGITUDE,SPATIAL_GEOM,19751,19751,48093,100.0
FED_EPA_ECHO,FED_EPA_FRS_FRS_FACILITIES,FRS_ID,STEEL,FRS_ID,REGISTRY_ID,3077288,3135553,3277557,98.1
FED_EPA_ECHO,FED_EPA_FRS_FRS_NAICS_CODES,FRS_ID,STEEL,FRS_ID,REGISTRY_ID,1523959,3135553,1672433,91.1
FED_EPA_ECHO,FED_EPA_FRS_FRS_PROGRAM_LINKS,FIPS,GEO,FAC_FIPS_CODE,FIPS_CODE,3231,3232,6578,100.0
FED_EPA_ECHO,FED_EPA_FRS_FRS_PROGRAM_LINKS,FRS_ID,STEEL,FRS_ID,REGISTRY_ID,3134321,3135553,3422891,100.0
FED_EPA_ECHO,FED_EPA_FRS_FRS_SIC_CODES,FRS_ID,STEEL,FRS_ID,REGISTRY_ID,828352,3135553,831499,99.6
FED_EPA_ECHO,FED_EPA_FRS_FULL,FIPS,GEO,FAC_FIPS_CODE,FIPS_CODE,3232,3232,6780,100.0
FED_EPA_ECHO,FED_EPA_FRS_FULL,FRS_ID,STEEL,FRS_ID,REGISTRY_ID,3073736,3135553,5300149,98.0
FED_EPA_ECHO,FED_EPA_GHGRP_FACILITY,FIPS,GEO,FAC_FIPS_CODE,COUNTY_FIPS,2163,3232,2163,100.0
FED_EPA_ECHO,FED_EPA_GHGRP_FACILITY,FRS_ID,STEEL,FRS_ID,FRS_ID,10481,3135553,13221,79.3
FED_EPA_ECHO,FED_EPA_ICIS_AIR_ICIS_AIR_FACILITIES,FRS_ID,STEEL,FRS_ID,REGISTRY_ID,265741,3135553,266026,99.9
FED_EPA_ECHO,FED_EPA_ICIS_FEC_CASE_ENFORCEMENT_CONCLUSION_FACILITIES,FRS_ID,STEEL,FRS_ID,FACILITY_UIN,104659,3135553,105113,99.6
FED_EPA_ECHO,FED_EPA_ICIS_FEC_CASE_FACILITIES,FRS_ID,STEEL,FRS_ID,REGISTRY_ID,113680,3135553,113854,99.8
FED_EPA_ECHO,FED_EPA_ICIS_FEC_EPA_INFORMAL_ENFORCEMENT_ACTIONS,FRS_ID,STEEL,FRS_ID,REGISTRY_ID,7033,3135553,14606,48.2
FED_EPA_ECHO,FED_EPA_ICIS_FEC_ICIS_FEC_EPA_INSPECTIONS,FRS_ID,STEEL,FRS_ID,REGISTRY_ID,67920,3135553,156326,43.4
FED_EPA_ECHO,FED_EPA_NPDES_NPDES_INFORMAL_ENFORCEMENT_ACTIONS,FRS_ID,STEEL,FRS_ID,REGISTRY_ID,112862,3135553,112933,99.9
FED_EPA_ECHO,FED_EPA_NPDES_NPDES_INSPECTIONS,FRS_ID,STEEL,FRS_ID,REGISTRY_ID,262862,3135553,263075,99.9
FED_EPA_ECHO,FED_EPA_SDWA_SDWA_EVENTS_MILESTONES,PWSID,STEEL,SDWA_IDS,PWSID,97457,430993,98555,98.9
FED_EPA_ECHO,FED_EPA_SDWA_SDWA_FACILITIES,PWSID,STEEL,SDWA_IDS,PWSID,427903,430993,430916,99.3
FED_EPA_ECHO,FED_EPA_SDWA_SDWA_GEOGRAPHIC_AREAS,PWSID,STEEL,SDWA_IDS,PWSID,410938,430993,413877,99.3
FED_EPA_ECHO,FED_EPA_SDWA_SDWA_LCR_SAMPLES,PWSID,STEEL,SDWA_IDS,PWSID,88562,430993,89800,98.6
FED_EPA_ECHO,FED_EPA_SDWA_SDWA_PN_VIOLATION_ASSOC,PWSID,STEEL,SDWA_IDS,PWSID,41725,430993,42034,99.3
FED_EPA_ECHO,FED_EPA_SDWA_SDWA_PUB_WATER_SYSTEMS,PWSID,STEEL,SDWA_IDS,PWSID,430991,430993,434040,100.0
FED_EPA_ECHO,FED_EPA_SDWA_SDWA_SERVICE_AREAS,PWSID,STEEL,SDWA_IDS,PWSID,375682,430993,378450,99.3
FED_EPA_ECHO,FED_EPA_SDWA_SDWA_SITE_VISITS,PWSID,STEEL,SDWA_IDS,PWSID,265143,430993,267052,99.3
FED_EPA_ECHO,FED_EPA_SDWA_SDWA_VIOLATIONS_ENFORCEMENT,PWSID,STEEL,SDWA_IDS,PWSID,256466,430993,258445,99.2
FED_EPA_ECHO,FED_EPA_TRI_BASIC_2023,FRS_ID,STEEL,FRS_ID,C_3_FRS_ID,21633,3135553,21760,99.4
FED_EPA_ECHO,FED_EPA_TRI_FACILITY,FIPS,GEO,FAC_FIPS_CODE,STATE_COUNTY_FIPS_CODE,2852,3232,2855,99.9
FED_EPA_ECHO,FED_FEMA_IA_HOUSING_REGISTRATIONS,FIPS,GEO,FAC_FIPS_CODE,FIPS,3162,3232,3188,99.2
FED_EPA_ECHO,FED_HRSA_HPSA_PRIMARY_CARE,FIPS,GEO,FAC_FIPS_CODE,COMMON_STATE_COUNTY_FIPS_CODE,3167,3232,3234,98.0
FED_EPA_ECHO,FED_HRSA_SHORTAGE_AREAS,FIPS,GEO,FAC_FIPS_CODE,COMMON_STATE_COUNTY_FIPS_CODE,3222,3232,3290,99.7
FED_EPA_ECHO,FED_USDA_RD_MFH_ACTIVE_PROJECTS,FIPS,GEO,FAC_FIPS_CODE,STATE_COUNTY_FIPS_CODE,2724,3232,2725,100.0
FED_EPA_ECHO,XC_EPA_CORPORATE_CROSSWALK,FRS_ID,STEEL,FRS_ID,EPA_REGISTRY_ID,3073736,3135553,5300149,98.0
FED_EPA_ECHO,XC_VERA_INCARCERATION_TRENDS,FIPS,GEO,FAC_FIPS_CODE,COUNTY_FIPS,3073,3232,3075,99.9
FED_EPA_EGRID_PLANT_2022,FED_MAPPING_INEQUALITY,GEO_IN,GEO,PLANT_LATITUDE/PLANT_LONGITUDE,GEOMETRY,375,11802,10153,3.2
FED_EPA_EGRID_PLANT_2022,FED_NOAA_WEATHER_API,GEO_IN,GEO,PLANT_LATITUDE/PLANT_LONGITUDE,GEOMETRY,20,11802,31,0.2
FED_EPA_EGRID_PLANT_2022,INTL_FR_DATA_GOUV_FULL,GEO_IN,GEO,PLANT_LATITUDE/PLANT_LONGITUDE,SPATIAL_GEOM,11802,11802,48093,100.0
FED_EPA_ENVIROFACTS,FED_EPA_FRS_FRS_FACILITIES,NAME@ZIP,CORROBORATED,FACILITY_NAME+POSTAL_CODE,FAC_NAME+FAC_ZIP,3006,4909,2699357,61.2
FED_EPA_ENVIROFACTS,FED_EPA_FRS_FRS_PROGRAM_LINKS,NAME@ZIP,CORROBORATED,FACILITY_NAME+POSTAL_CODE,PRIMARY_NAME+POSTAL_CODE,4859,4909,3338955,99.0
FED_EPA_ENVIROFACTS,FED_EPA_FRS_FULL,NAME@ZIP,CORROBORATED,FACILITY_NAME+POSTAL_CODE,PRIMARY_NAME+POSTAL_CODE,3098,4909,4325132,63.1
FED_EPA_ENVIROFACTS,FED_EPA_GHGRP_FACILITY,NAME@ZIP,CORROBORATED,FACILITY_NAME+POSTAL_CODE,FACILITY_NAME+ZIP,65,4909,12485,1.3
FED_EPA_ENVIROFACTS,FED_EPA_ICIS_AIR_ICIS_AIR_FACILITIES,NAME@ZIP,CORROBORATED,FACILITY_NAME+POSTAL_CODE,FACILITY_NAME+ZIP_CODE,1245,4909,270351,25.4
FED_EPA_ENVIROFACTS,FED_EPA_ICIS_FEC_CASE_ENFORCEMENT_CONCLUSION_FACILITIES,NAME@ZIP,CORROBORATED,FACILITY_NAME+POSTAL_CODE,FACILITY_NAME+FACILITY_ZIP,681,4909,108488,13.9
FED_EPA_ENVIROFACTS,FED_EPA_ICIS_FEC_CASE_FACILITIES,NAME@ZIP,CORROBORATED,FACILITY_NAME+POSTAL_CODE,FACILITY_NAME+ZIP,703,4909,117594,14.3
FED_EPA_ENVIROFACTS,FED_EPA_NPDES_ICIS_FACILITIES,NAME@ZIP,CORROBORATED,FACILITY_NAME+POSTAL_CODE,FACILITY_NAME+ZIP,1034,4909,1077821,21.1
FED_EPA_ENVIROFACTS,FED_EPA_RCRA_FACILITIES,NAME@ZIP,CORROBORATED,FACILITY_NAME+POSTAL_CODE,FACILITY_NAME+ZIP_CODE,1876,4909,1429903,38.2
FED_EPA_ENVIROFACTS,FED_EPA_RCRA_RCRA_FACILITIES,NAME@ZIP,CORROBORATED,FACILITY_NAME+POSTAL_CODE,FACILITY_NAME+ZIP_CODE,1876,4909,1429903,38.2
FED_EPA_ENVIROFACTS,FED_EPA_SDWA_SDWA_PUB_WATER_SYSTEMS,NAME@ZIP,CORROBORATED,FACILITY_NAME+POSTAL_CODE,PWS_NAME+ZIP_CODE,78,4909,395686,1.6
FED_EPA_ENVIROFACTS,FED_EPA_SUPERFUND_SITE_BOUNDARIES,NAME@ZIP,CORROBORATED,FACILITY_NAME+POSTAL_CODE,SITE_NAME+ZIP_CODE,8,4909,1906,0.4
FED_EPA_ENVIROFACTS,FED_EPA_TRI_BASIC_2023,NAME@ZIP,CORROBORATED,FACILITY_NAME+POSTAL_CODE,C_4_FACILITY_NAME+C_9_ZIP,1154,4909,21697,23.5
FED_EPA_ENVIROFACTS,FED_EPA_TRI_FACILITY,NAME@ZIP,CORROBORATED,FACILITY_NAME+POSTAL_CODE,FACILITY_NAME+ZIP_CODE,4908,4909,63963,100.0
FED_EPA_ENVIROFACTS,FED_OSHA_ITA_300A_SUMMARY_2023,NAME@ZIP,CORROBORATED,FACILITY_NAME+POSTAL_CODE,ESTABLISHMENT_NAME+ZIP_CODE,402,4909,373106,8.2
FED_EPA_ENVIROFACTS,FED_OSHA_ITA_300A_SUMMARY_2025,NAME@ZIP,CORROBORATED,FACILITY_NAME+POSTAL_CODE,ESTABLISHMENT_NAME+ZIP_CODE,361,4909,375575,7.4
FED_EPA_ENVIROFACTS,FED_OSHA_ITA_CASE_DETAIL_2023,NAME@ZIP,CORROBORATED,FACILITY_NAME+POSTAL_CODE,ESTABLISHMENT_NAME+ZIP_CODE,110,4909,85607,2.2
FED_EPA_ENVIROFACTS,FED_USASPENDING_CONTRACTS,NAME@ZIP,CORROBORATED,FACILITY_NAME+POSTAL_CODE,RECIPIENT_NAME+RECIPIENT_ZIP_4_CODE,132,4909,91616,2.7
FED_EPA_ENVIROFACTS,FED_USCG_NRC_INCIDENTS,NAME@ZIP,CORROBORATED,FACILITY_NAME+POSTAL_CODE,RESPONSIBLE_COMPANY+RESPONSIBLE_ZIP,152,4909,93650,3.1
FED_EPA_FRS_FRS_FACILITIES,FED_EPA_FRS_FRS_NAICS_CODES,FRS_ID,STEEL,REGISTRY_ID,REGISTRY_ID,1658588,3277557,1672433,99.2
FED_EPA_FRS_FRS_FACILITIES,FED_EPA_FRS_FRS_PROGRAM_LINKS,FRS_ID,STEEL,REGISTRY_ID,REGISTRY_ID,3277557,3277557,3422891,100.0
FED_EPA_FRS_FRS_FACILITIES,FED_EPA_FRS_FRS_PROGRAM_LINKS,NAME@ZIP,CORROBORATED,FAC_NAME+FAC_ZIP,PRIMARY_NAME+POSTAL_CODE,2519192,2699357,3338955,93.3
FED_EPA_FRS_FRS_FACILITIES,FED_EPA_FRS_FRS_SIC_CODES,FRS_ID,STEEL,REGISTRY_ID,REGISTRY_ID,831499,3277557,831499,100.0
FED_EPA_FRS_FRS_FACILITIES,FED_EPA_FRS_FULL,FRS_ID,STEEL,REGISTRY_ID,REGISTRY_ID,3192631,3277557,5300149,97.4
FED_EPA_FRS_FRS_FACILITIES,FED_EPA_FRS_FULL,NAME@ZIP,CORROBORATED,FAC_NAME+FAC_ZIP,PRIMARY_NAME+POSTAL_CODE,2669615,2699357,4325132,98.9
FED_EPA_FRS_FRS_FACILITIES,FED_EPA_GHGRP_FACILITY,FRS_ID,STEEL,REGISTRY_ID,FRS_ID,10850,3277557,13221,82.1
FED_EPA_FRS_FRS_FACILITIES,FED_EPA_GHGRP_FACILITY,NAME@ZIP,CORROBORATED,FAC_NAME+FAC_ZIP,FACILITY_NAME+ZIP,7998,2699357,12485,64.1
FED_EPA_FRS_FRS_FACILITIES,FED_EPA_ICIS_AIR_ICIS_AIR_FACILITIES,FRS_ID,STEEL,REGISTRY_ID,REGISTRY_ID,266026,3277557,266026,100.0
FED_EPA_FRS_FRS_FACILITIES,FED_EPA_ICIS_AIR_ICIS_AIR_FACILITIES,NAME@ZIP,CORROBORATED,FAC_NAME+FAC_ZIP,FACILITY_NAME+ZIP_CODE,209754,2699357,270351,77.6
FED_EPA_FRS_FRS_FACILITIES,FED_EPA_ICIS_FEC_CASE_ENFORCEMENT_CONCLUSION_FACILITIES,FRS_ID,STEEL,REGISTRY_ID,FACILITY_UIN,51388,3277557,105113,48.9
FED_EPA_FRS_FRS_FACILITIES,FED_EPA_ICIS_FEC_CASE_ENFORCEMENT_CONCLUSION_FACILITIES,NAME@ZIP,CORROBORATED,FAC_NAME+FAC_ZIP,FACILITY_NAME+FACILITY_ZIP,34888,2699357,108488,32.2
FED_EPA_FRS_FRS_FACILITIES,FED_EPA_ICIS_FEC_CASE_FACILITIES,FRS_ID,STEEL,REGISTRY_ID,REGISTRY_ID,55654,3277557,113854,48.9
FED_EPA_FRS_FRS_FACILITIES,FED_EPA_ICIS_FEC_CASE_FACILITIES,NAME@ZIP,CORROBORATED,FAC_NAME+FAC_ZIP,FACILITY_NAME+ZIP,37996,2699357,117594,32.3
FED_EPA_FRS_FRS_FACILITIES,FED_EPA_ICIS_FEC_EPA_INFORMAL_ENFORCEMENT_ACTIONS,FRS_ID,STEEL,REGISTRY_ID,REGISTRY_ID,5781,3277557,14606,39.6
FED_EPA_FRS_FRS_FACILITIES,FED_EPA_ICIS_FEC_ICIS_FEC_EPA_INSPECTIONS,FRS_ID,STEEL,REGISTRY_ID,REGISTRY_ID,56648,3277557,156326,36.2
FED_EPA_FRS_FRS_FACILITIES,FED_EPA_NPDES_ICIS_FACILITIES,NAME@ZIP,CORROBORATED,FAC_NAME+FAC_ZIP,FACILITY_NAME+ZIP,923092,2699357,1077821,85.6
FED_EPA_FRS_FRS_FACILITIES,FED_EPA_NPDES_NPDES_INFORMAL_ENFORCEMENT_ACTIONS,FRS_ID,STEEL,REGISTRY_ID,REGISTRY_ID,112933,3277557,112933,100.0
FED_EPA_FRS_FRS_FACILITIES,FED_EPA_NPDES_NPDES_INSPECTIONS,FRS_ID,STEEL,REGISTRY_ID,REGISTRY_ID,263075,3277557,263075,100.0
FED_EPA_FRS_FRS_FACILITIES,FED_EPA_RCRA_FACILITIES,NAME@ZIP,CORROBORATED,FAC_NAME+FAC_ZIP,FACILITY_NAME+ZIP_CODE,1227146,2699357,1429903,85.8
FED_EPA_FRS_FRS_FACILITIES,FED_EPA_RCRA_RCRA_FACILITIES,NAME@ZIP,CORROBORATED,FAC_NAME+FAC_ZIP,FACILITY_NAME+ZIP_CODE,1227146,2699357,1429903,85.8
FED_EPA_FRS_FRS_FACILITIES,FED_EPA_SDWA_SDWA_PUB_WATER_SYSTEMS,NAME@ZIP,CORROBORATED,FAC_NAME+FAC_ZIP,PWS_NAME+ZIP_CODE,24352,2699357,395686,6.2
FED_EPA_FRS_FRS_FACILITIES,FED_EPA_SUPERFUND_SITE_BOUNDARIES,NAME@ZIP,CORROBORATED,FAC_NAME+FAC_ZIP,SITE_NAME+ZIP_CODE,1628,2699357,1906,85.4
FED_EPA_FRS_FRS_FACILITIES,FED_EPA_TRI_BASIC_2023,FRS_ID,STEEL,REGISTRY_ID,C_3_FRS_ID,21624,3277557,21760,99.4
FED_EPA_FRS_FRS_FACILITIES,FED_EPA_TRI_BASIC_2023,NAME@ZIP,CORROBORATED,FAC_NAME+FAC_ZIP,C_4_FACILITY_NAME+C_9_ZIP,12186,2699357,21697,56.2
FED_EPA_FRS_FRS_FACILITIES,FED_EPA_TRI_FACILITY,NAME@ZIP,CORROBORATED,FAC_NAME+FAC_ZIP,FACILITY_NAME+ZIP_CODE,36988,2699357,63963,57.8
FED_EPA_FRS_FRS_FACILITIES,FED_FAA_AIRCRAFT_REGISTRY,NAME@ZIP,CORROBORATED,FAC_NAME+FAC_ZIP,NAME+ZIP_CODE,1414,2699357,205605,0.7
FED_EPA_FRS_FRS_FACILITIES,FED_FAC_SINGLE_AUDIT,NAME@ZIP,CORROBORATED,FAC_NAME+FAC_ZIP,AUDITEE_NAME+AUDITEE_ZIP,7831,2699357,103191,7.6
FED_EPA_FRS_FRS_FACILITIES,FED_FCC_LICENSING,NAME@ZIP,CORROBORATED,FAC_NAME+FAC_ZIP,ENTITY_NAME+ZIP_CODE,175,2699357,1502987,0.0
FED_EPA_FRS_FRS_FACILITIES,FED_FDIC_BANK_DATA,NAME@ZIP,CORROBORATED,FAC_NAME+FAC_ZIP,NAME+ZIP,168,2699357,27620,0.6
FED_EPA_FRS_FRS_FACILITIES,FED_FEC_COMMITTEE_TO_CANDIDATE,NAME@ZIP,CORROBORATED,FAC_NAME+FAC_ZIP,NAME+ZIP_CODE,126,2699357,17747,0.7
FED_EPA_FRS_FRS_FACILITIES,FED_FEC_INDIV_CONTRIBUTIONS,NAME@ZIP,CORROBORATED,FAC_NAME+FAC_ZIP,NAME+ZIP_CODE,3984,2699357,5251703,0.1
FED_EPA_FRS_FRS_FACILITIES,FED_FHFA_FHLB_MEMBERSHIP,NAME@ZIP,CORROBORATED,FAC_NAME+FAC_ZIP,MEMBER_NAME+ZIP,181,2699357,6325,2.9
FED_EPA_FRS_FRS_FACILITIES,FED_HHS_OIG_LEIE,NAME@ZIP,CORROBORATED,FAC_NAME+FAC_ZIP,LASTNAME+ZIP,31,2699357,78462,0.0
FED_EPA_FRS_FRS_FACILITIES,FED_HRSA_HPSA_PRIMARY_CARE,NAME@ZIP,CORROBORATED,FAC_NAME+FAC_ZIP,HPSA_COMPONENT_NAME+COMMON_POSTAL_CODE,406,2699357,6952,5.8
FED_EPA_FRS_FRS_FACILITIES,FED_HRSA_SHORTAGE_AREAS,NAME@ZIP,CORROBORATED,FAC_NAME+FAC_ZIP,HPSA_COMPONENT_NAME+COMMON_POSTAL_CODE,512,2699357,7829,6.5
FED_EPA_FRS_FRS_FACILITIES,FED_HRSA_UDS_SERVICE_DELIVERY_SITES,NAME@ZIP,CORROBORATED,FAC_NAME+FAC_ZIP,SITE_NAME+SITE_POSTAL_CODE,495,2699357,18468,2.7
FED_EPA_FRS_FRS_FACILITIES,FED_HUD_ASSISTED_HOUSING_PROJECTS,NAME@ZIP,CORROBORATED,FAC_NAME+FAC_ZIP,NAME+STD_ZIP5,352,2699357,24871,1.4
FED_EPA_FRS_FRS_FACILITIES,FED_HUD_PUBLIC_HOUSING_AUTHORITIES,NAME@ZIP,CORROBORATED,FAC_NAME+FAC_ZIP,FORMAL_PARTICIPANT_NAME+STD_ZIP5,182,2699357,3774,4.8
FED_EPA_FRS_FRS_FACILITIES,FED_ICE_DETENTION_FACILITY_CODES,NAME@ZIP,CORROBORATED,FAC_NAME+FAC_ZIP,DETENTION_FACILITY_NAME+ZIP,74,2699357,1327,5.6
FED_EPA_FRS_FRS_FACILITIES,FED_IRS_AUTO_REVOCATIONS,NAME@ZIP,CORROBORATED,FAC_NAME+FAC_ZIP,LEGAL_NAME+ZIP_CODE,774,2699357,1149844,0.1
FED_EPA_FRS_FRS_FACILITIES,FED_IRS_BMF,NAME@ZIP,CORROBORATED,FAC_NAME+FAC_ZIP,NAME+ZIP,7724,2699357,1868041,0.4
FED_EPA_FRS_FRS_FACILITIES,FED_IRS_EO_BMF,NAME@ZIP,CORROBORATED,FAC_NAME+FAC_ZIP,NAME+ZIP,7722,2699357,1878425,0.4
FED_EPA_FRS_FRS_FACILITIES,FED_IRS_REVOCATION,NAME@ZIP,CORROBORATED,FAC_NAME+FAC_ZIP,LEGAL_NAME+ZIP_CODE,774,2699357,1149230,0.1
FED_EPA_FRS_FRS_FACILITIES,FED_NCUA_CALL_REPORTS_FOICU,NAME@ZIP,CORROBORATED,FAC_NAME+FAC_ZIP,CU_NAME+ZIP_CODE,60,2699357,4335,1.4
FED_EPA_FRS_FRS_FACILITIES,FED_NCUA_FEDERALLY_INSURED_CU_LIST,NAME@ZIP,CORROBORATED,FAC_NAME+FAC_ZIP,CREDIT_UNION_NAME+ZIP_CODE_MAILING_ADDRESS,59,2699357,4249,1.4
FED_EPA_FRS_FRS_FACILITIES,FED_NTSB_AVIATION_AIRCRAFT,NAME@ZIP,CORROBORATED,FAC_NAME+FAC_ZIP,OPER_NAME+OWNER_ZIP,270,2699357,14890,1.8
FED_EPA_FRS_FRS_FACILITIES,FED_NTSB_AVIATION_EVENTS,NAME@ZIP,CORROBORATED,FAC_NAME+FAC_ZIP,APT_NAME+EV_SITE_ZIPCODE,989,2699357,15605,6.3
FED_EPA_FRS_FRS_FACILITIES,FED_OSHA_ITA_300A_SUMMARY_2023,NAME@ZIP,CORROBORATED,FAC_NAME+FAC_ZIP,ESTABLISHMENT_NAME+ZIP_CODE,26757,2699357,373106,7.2
FED_EPA_FRS_FRS_FACILITIES,FED_OSHA_ITA_300A_SUMMARY_2024,NAME@ZIP,CORROBORATED,FAC_NAME+FAC_ZIP,ESTABLISHMENT_NAME+ZIP_CODE,23279,2699357,360069,6.5
FED_EPA_FRS_FRS_FACILITIES,FED_OSHA_ITA_300A_SUMMARY_2025,NAME@ZIP,CORROBORATED,FAC_NAME+FAC_ZIP,ESTABLISHMENT_NAME+ZIP_CODE,23720,2699357,375575,6.3
FED_EPA_FRS_FRS_FACILITIES,FED_OSHA_ITA_CASE_DETAIL_2023,NAME@ZIP,CORROBORATED,FAC_NAME+FAC_ZIP,ESTABLISHMENT_NAME+ZIP_CODE,8760,2699357,85607,10.2
FED_EPA_FRS_FRS_FACILITIES,FED_OSHA_ITA_CASE_DETAIL_2024,NAME@ZIP,CORROBORATED,FAC_NAME+FAC_ZIP,ESTABLISHMENT_NAME+ZIP_CODE,5738,2699357,59854,9.6
FED_EPA_FRS_FRS_FACILITIES,FED_OSHA_ITA_CASE_DETAIL_2025,NAME@ZIP,CORROBORATED,FAC_NAME+FAC_ZIP,ESTABLISHMENT_NAME+ZIP_CODE,3512,2699357,33457,10.5
FED_EPA_FRS_FRS_FACILITIES,FED_PHMSA_FLAGGED_INCIDENTS,NAME@ZIP,CORROBORATED,FAC_NAME+FAC_ZIP,SEGMENT_NAME+ONSHORE_POSTAL_CODE,21,2699357,1630,1.3
FED_EPA_FRS_FRS_FACILITIES,FED_SAM_EXCLUSIONS,NAME@ZIP,CORROBORATED,FAC_NAME+FAC_ZIP,ENTITY_NAME+ZIP,27,2699357,8485,0.3
FED_EPA_FRS_FRS_FACILITIES,FED_SAM_EXCLUSIONS_FULL_R2,NAME@ZIP,CORROBORATED,FAC_NAME+FAC_ZIP,NAME+ZIP_CODE,141,2699357,7285,1.9
FED_EPA_FRS_FRS_FACILITIES,FED_SBA_LOANS,NAME@ZIP,CORROBORATED,FAC_NAME+FAC_ZIP,THIRDPARTYLENDER_NAME+CDC_ZIP,22,2699357,14480,0.2
FED_EPA_FRS_FRS_FACILITIES,FED_SBIR_STTR_AWARDS,NAME@ZIP,CORROBORATED,FAC_NAME+FAC_ZIP,PI_NAME+ZIP,25,2699357,77742,0.0
FED_EPA_FRS_FRS_FACILITIES,FED_SEC_13F_FILERS,NAME@ZIP,CORROBORATED,FAC_NAME+FAC_ZIP,FILINGMANAGER_NAME+FILINGMANAGER_ZIPCODE,86,2699357,18430,0.5
FED_EPA_FRS_FRS_FACILITIES,FED_USASPENDING_CONTRACTS,NAME@ZIP,CORROBORATED,FAC_NAME+FAC_ZIP,RECIPIENT_NAME+RECIPIENT_ZIP_4_CODE,7584,2699357,91616,8.3
FED_EPA_FRS_FRS_FACILITIES,FED_USCG_NRC_INCIDENTS,NAME@ZIP,CORROBORATED,FAC_NAME+FAC_ZIP,RESPONSIBLE_COMPANY+RESPONSIBLE_ZIP,9789,2699357,93650,10.5
FED_EPA_FRS_FRS_FACILITIES,FED_USCG_NRC_INCIDENT_REPORTS,NAME@ZIP,CORROBORATED,FAC_NAME+FAC_ZIP,RESPONSIBLE_COMPANY+RESPONSIBLE_ZIP,2129,2699357,15011,14.2
FED_EPA_FRS_FRS_FACILITIES,IRS527_8871_ORGS,NAME@ZIP,CORROBORATED,FAC_NAME+FAC_ZIP,ORGANIZATION_NAME+MAILING_ZIP,24,2699357,62076,0.0
FED_EPA_FRS_FRS_FACILITIES,IRS527_DIRECTORS_OFFICERS,NAME@ZIP,CORROBORATED,FAC_NAME+FAC_ZIP,ENTITY_NAME+ENTITY_ZIP,34,2699357,118803,0.0
FED_EPA_FRS_FRS_FACILITIES,IRS527_RELATED_ENTITIES,NAME@ZIP,CORROBORATED,FAC_NAME+FAC_ZIP,ENTITY_NAME+ENTITY_ZIP,154,2699357,11739,1.3
FED_EPA_FRS_FRS_FACILITIES,ST_NYC_CFB_CAMPAIGN_2001_CONTRIBUTION,NAME@ZIP,CORROBORATED,FAC_NAME+FAC_ZIP,NAME+ZIP,34,2699357,120204,0.0
FED_EPA_FRS_FRS_FACILITIES,ST_NYC_CFB_CAMPAIGN_2009_CONTRIBUTION,NAME@ZIP,CORROBORATED,FAC_NAME+FAC_ZIP,NAME+ZIP,10,2699357,93773,0.0
FED_EPA_FRS_FRS_FACILITIES,ST_NYC_CFB_CAMPAIGN_2013_CONTRIBUTION,NAME@ZIP,CORROBORATED,FAC_NAME+FAC_ZIP,NAME+ZIP,8,2699357,124226,0.0
FED_EPA_FRS_FRS_FACILITIES,ST_NYC_CFB_CAMPAIGN_2021_CONTRIBUTIONS,NAME@ZIP,CORROBORATED,FAC_NAME+FAC_ZIP,NAME+ZIP,24,2699357,236829,0.0
FED_EPA_FRS_FRS_FACILITIES,ST_NYC_CFB_CAMPAIGN_2025_CONTRIBUTIONS,NAME@ZIP,CORROBORATED,FAC_NAME+FAC_ZIP,NAME+ZIP,29,2699357,151248,0.0
FED_EPA_FRS_FRS_FACILITIES,XC_EPA_CORPORATE_CROSSWALK,FRS_ID,STEEL,REGISTRY_ID,EPA_REGISTRY_ID,3192631,3277557,5300149,97.4
FED_EPA_FRS_FRS_NAICS_CODES,FED_EPA_FRS_FRS_PROGRAM_LINKS,FRS_ID,STEEL,REGISTRY_ID,REGISTRY_ID,1658588,1672433,3422891,99.2
FED_EPA_FRS_FRS_NAICS_CODES,FED_EPA_FRS_FRS_SIC_CODES,FRS_ID,STEEL,REGISTRY_ID,REGISTRY_ID,505377,1672433,831499,60.8
FED_EPA_FRS_FRS_NAICS_CODES,FED_EPA_FRS_FULL,FRS_ID,STEEL,REGISTRY_ID,REGISTRY_ID,1647528,1672433,5300149,98.5
FED_EPA_FRS_FRS_NAICS_CODES,FED_EPA_GHGRP_FACILITY,FRS_ID,STEEL,REGISTRY_ID,FRS_ID,10412,1672433,13221,78.8
FED_EPA_FRS_FRS_NAICS_CODES,FED_EPA_ICIS_AIR_ICIS_AIR_FACILITIES,FRS_ID,STEEL,REGISTRY_ID,REGISTRY_ID,266024,1672433,266026,100.0
FED_EPA_FRS_FRS_NAICS_CODES,FED_EPA_ICIS_FEC_CASE_ENFORCEMENT_CONCLUSION_FACILITIES,FRS_ID,STEEL,REGISTRY_ID,FACILITY_UIN,34447,1672433,105113,32.8
FED_EPA_FRS_FRS_NAICS_CODES,FED_EPA_ICIS_FEC_CASE_FACILITIES,FRS_ID,STEEL,REGISTRY_ID,REGISTRY_ID,37556,1672433,113854,33.0
FED_EPA_FRS_FRS_NAICS_CODES,FED_EPA_ICIS_FEC_EPA_INFORMAL_ENFORCEMENT_ACTIONS,FRS_ID,STEEL,REGISTRY_ID,REGISTRY_ID,4171,1672433,14606,28.6
FED_EPA_FRS_FRS_NAICS_CODES,FED_EPA_ICIS_FEC_ICIS_FEC_EPA_INSPECTIONS,FRS_ID,STEEL,REGISTRY_ID,REGISTRY_ID,43592,1672433,156326,27.9
FED_EPA_FRS_FRS_NAICS_CODES,FED_EPA_NPDES_NPDES_INFORMAL_ENFORCEMENT_ACTIONS,FRS_ID,STEEL,REGISTRY_ID,REGISTRY_ID,48247,1672433,112933,42.7
FED_EPA_FRS_FRS_NAICS_CODES,FED_EPA_NPDES_NPDES_INSPECTIONS,FRS_ID,STEEL,REGISTRY_ID,REGISTRY_ID,103018,1672433,263075,39.2
FED_EPA_FRS_FRS_NAICS_CODES,FED_EPA_TRI_BASIC_2023,FRS_ID,STEEL,REGISTRY_ID,C_3_FRS_ID,21624,1672433,21760,99.4
FED_EPA_FRS_FRS_NAICS_CODES,XC_EPA_CORPORATE_CROSSWALK,FRS_ID,STEEL,REGISTRY_ID,EPA_REGISTRY_ID,1647528,1672433,5300149,98.5
FED_EPA_FRS_FRS_PROGRAM_LINKS,FED_EPA_FRS_FRS_SIC_CODES,FRS_ID,STEEL,REGISTRY_ID,REGISTRY_ID,831499,3422891,831499,100.0
FED_EPA_FRS_FRS_PROGRAM_LINKS,FED_EPA_FRS_FULL,FIPS,GEO,FIPS_CODE,FIPS_CODE,6537,6578,6780,99.4
FED_EPA_FRS_FRS_PROGRAM_LINKS,FED_EPA_FRS_FULL,FRS_ID,STEEL,REGISTRY_ID,REGISTRY_ID,3337501,3422891,5300149,97.5
FED_EPA_FRS_FRS_PROGRAM_LINKS,FED_EPA_FRS_FULL,NAME@ZIP,CORROBORATED,PRIMARY_NAME+POSTAL_CODE,PRIMARY_NAME+POSTAL_CODE,2640962,3338955,4325132,79.1
FED_EPA_FRS_FRS_PROGRAM_LINKS,FED_EPA_GHGRP_FACILITY,FIPS,GEO,FIPS_CODE,COUNTY_FIPS,2163,6578,2163,100.0
FED_EPA_FRS_FRS_PROGRAM_LINKS,FED_EPA_GHGRP_FACILITY,FRS_ID,STEEL,REGISTRY_ID,FRS_ID,10889,3422891,13221,82.4
FED_EPA_FRS_FRS_PROGRAM_LINKS,FED_EPA_GHGRP_FACILITY,NAME@ZIP,CORROBORATED,PRIMARY_NAME+POSTAL_CODE,FACILITY_NAME+ZIP,11516,3338955,12485,92.2
FED_EPA_FRS_FRS_PROGRAM_LINKS,FED_EPA_ICIS_AIR_ICIS_AIR_FACILITIES,FRS_ID,STEEL,REGISTRY_ID,REGISTRY_ID,266026,3422891,266026,100.0
FED_EPA_FRS_FRS_PROGRAM_LINKS,FED_EPA_ICIS_AIR_ICIS_AIR_FACILITIES,NAME@ZIP,CORROBORATED,PRIMARY_NAME+POSTAL_CODE,FACILITY_NAME+ZIP_CODE,270060,3338955,270351,99.9
FED_EPA_FRS_FRS_PROGRAM_LINKS,FED_EPA_ICIS_FEC_CASE_ENFORCEMENT_CONCLUSION_FACILITIES,FRS_ID,STEEL,REGISTRY_ID,FACILITY_UIN,103814,3422891,105113,98.8
FED_EPA_FRS_FRS_PROGRAM_LINKS,FED_EPA_ICIS_FEC_CASE_ENFORCEMENT_CONCLUSION_FACILITIES,NAME@ZIP,CORROBORATED,PRIMARY_NAME+POSTAL_CODE,FACILITY_NAME+FACILITY_ZIP,104637,3338955,108488,96.5
FED_EPA_FRS_FRS_PROGRAM_LINKS,FED_EPA_ICIS_FEC_CASE_FACILITIES,FRS_ID,STEEL,REGISTRY_ID,REGISTRY_ID,112823,3422891,113854,99.1
FED_EPA_FRS_FRS_PROGRAM_LINKS,FED_EPA_ICIS_FEC_CASE_FACILITIES,NAME@ZIP,CORROBORATED,PRIMARY_NAME+POSTAL_CODE,FACILITY_NAME+ZIP,113395,3338955,117594,96.4
FED_EPA_FRS_FRS_PROGRAM_LINKS,FED_EPA_ICIS_FEC_EPA_INFORMAL_ENFORCEMENT_ACTIONS,FRS_ID,STEEL,REGISTRY_ID,REGISTRY_ID,14479,3422891,14606,99.1
FED_EPA_FRS_FRS_PROGRAM_LINKS,FED_EPA_ICIS_FEC_ICIS_FEC_EPA_INSPECTIONS,FRS_ID,STEEL,REGISTRY_ID,REGISTRY_ID,153248,3422891,156326,98.0
FED_EPA_FRS_FRS_PROGRAM_LINKS,FED_EPA_NPDES_ICIS_FACILITIES,NAME@ZIP,CORROBORATED,PRIMARY_NAME+POSTAL_CODE,FACILITY_NAME+ZIP,1073944,3338955,1077821,99.6
FED_EPA_FRS_FRS_PROGRAM_LINKS,FED_EPA_NPDES_NPDES_INFORMAL_ENFORCEMENT_ACTIONS,FRS_ID,STEEL,REGISTRY_ID,REGISTRY_ID,112933,3422891,112933,100.0
FED_EPA_FRS_FRS_PROGRAM_LINKS,FED_EPA_NPDES_NPDES_INSPECTIONS,FRS_ID,STEEL,REGISTRY_ID,REGISTRY_ID,263075,3422891,263075,100.0
FED_EPA_FRS_FRS_PROGRAM_LINKS,FED_EPA_RCRA_FACILITIES,NAME@ZIP,CORROBORATED,PRIMARY_NAME+POSTAL_CODE,FACILITY_NAME+ZIP_CODE,1421338,3338955,1429903,99.4
FED_EPA_FRS_FRS_PROGRAM_LINKS,FED_EPA_RCRA_RCRA_FACILITIES,NAME@ZIP,CORROBORATED,PRIMARY_NAME+POSTAL_CODE,FACILITY_NAME+ZIP_CODE,1421338,3338955,1429903,99.4
FED_EPA_FRS_FRS_PROGRAM_LINKS,FED_EPA_SDWA_SDWA_PUB_WATER_SYSTEMS,NAME@ZIP,CORROBORATED,PRIMARY_NAME+POSTAL_CODE,PWS_NAME+ZIP_CODE,14676,3338955,395686,3.7
FED_EPA_FRS_FRS_PROGRAM_LINKS,FED_EPA_SUPERFUND_SITE_BOUNDARIES,NAME@ZIP,CORROBORATED,PRIMARY_NAME+POSTAL_CODE,SITE_NAME+ZIP_CODE,1902,3338955,1906,99.8
FED_EPA_FRS_FRS_PROGRAM_LINKS,FED_EPA_TRI_BASIC_2023,FRS_ID,STEEL,REGISTRY_ID,C_3_FRS_ID,21625,3422891,21760,99.4
FED_EPA_FRS_FRS_PROGRAM_LINKS,FED_EPA_TRI_BASIC_2023,NAME@ZIP,CORROBORATED,PRIMARY_NAME+POSTAL_CODE,C_4_FACILITY_NAME+C_9_ZIP,20911,3338955,21697,96.4
FED_EPA_FRS_FRS_PROGRAM_LINKS,FED_EPA_TRI_FACILITY,FIPS,GEO,FIPS_CODE,STATE_COUNTY_FIPS_CODE,2854,6578,2855,100.0
FED_EPA_FRS_FRS_PROGRAM_LINKS,FED_EPA_TRI_FACILITY,NAME@ZIP,CORROBORATED,PRIMARY_NAME+POSTAL_CODE,FACILITY_NAME+ZIP_CODE,62654,3338955,63963,98.0
FED_EPA_FRS_FRS_PROGRAM_LINKS,FED_FAA_AIRCRAFT_REGISTRY,NAME@ZIP,CORROBORATED,PRIMARY_NAME+POSTAL_CODE,NAME+ZIP_CODE,1727,3338955,205605,0.8
FED_EPA_FRS_FRS_PROGRAM_LINKS,FED_FAC_SINGLE_AUDIT,NAME@ZIP,CORROBORATED,PRIMARY_NAME+POSTAL_CODE,AUDITEE_NAME+AUDITEE_ZIP,9729,3338955,103191,9.4
FED_EPA_FRS_FRS_PROGRAM_LINKS,FED_FCC_LICENSING,NAME@ZIP,CORROBORATED,PRIMARY_NAME+POSTAL_CODE,ENTITY_NAME+ZIP_CODE,196,3338955,1502987,0.0
FED_EPA_FRS_FRS_PROGRAM_LINKS,FED_FDIC_BANK_DATA,NAME@ZIP,CORROBORATED,PRIMARY_NAME+POSTAL_CODE,NAME+ZIP,177,3338955,27620,0.6
FED_EPA_FRS_FRS_PROGRAM_LINKS,FED_FEC_COMMITTEE_TO_CANDIDATE,NAME@ZIP,CORROBORATED,PRIMARY_NAME+POSTAL_CODE,NAME+ZIP_CODE,150,3338955,17747,0.8
FED_EPA_FRS_FRS_PROGRAM_LINKS,FED_FEC_INDIV_CONTRIBUTIONS,NAME@ZIP,CORROBORATED,PRIMARY_NAME+POSTAL_CODE,NAME+ZIP_CODE,4214,3338955,5251703,0.1
FED_EPA_FRS_FRS_PROGRAM_LINKS,FED_FEMA_IA_HOUSING_REGISTRATIONS,FIPS,GEO,FIPS_CODE,FIPS,3176,6578,3188,99.6
FED_EPA_FRS_FRS_PROGRAM_LINKS,FED_FHFA_FHLB_MEMBERSHIP,NAME@ZIP,CORROBORATED,PRIMARY_NAME+POSTAL_CODE,MEMBER_NAME+ZIP,186,3338955,6325,2.9
FED_EPA_FRS_FRS_PROGRAM_LINKS,FED_HHS_OIG_LEIE,NAME@ZIP,CORROBORATED,PRIMARY_NAME+POSTAL_CODE,LASTNAME+ZIP,33,3338955,78462,0.0
FED_EPA_FRS_FRS_PROGRAM_LINKS,FED_HRSA_HPSA_PRIMARY_CARE,FIPS,GEO,FIPS_CODE,COMMON_STATE_COUNTY_FIPS_CODE,3179,6578,3234,98.3
FED_EPA_FRS_FRS_PROGRAM_LINKS,FED_HRSA_HPSA_PRIMARY_CARE,NAME@ZIP,CORROBORATED,PRIMARY_NAME+POSTAL_CODE,HPSA_COMPONENT_NAME+COMMON_POSTAL_CODE,464,3338955,6952,6.7
FED_EPA_FRS_FRS_PROGRAM_LINKS,FED_HRSA_SHORTAGE_AREAS,FIPS,GEO,FIPS_CODE,COMMON_STATE_COUNTY_FIPS_CODE,3234,6578,3290,98.3
FED_EPA_FRS_FRS_PROGRAM_LINKS,FED_HRSA_SHORTAGE_AREAS,NAME@ZIP,CORROBORATED,PRIMARY_NAME+POSTAL_CODE,HPSA_COMPONENT_NAME+COMMON_POSTAL_CODE,593,3338955,7829,7.6
FED_EPA_FRS_FRS_PROGRAM_LINKS,FED_HRSA_UDS_SERVICE_DELIVERY_SITES,NAME@ZIP,CORROBORATED,PRIMARY_NAME+POSTAL_CODE,SITE_NAME+SITE_POSTAL_CODE,579,3338955,18468,3.1
FED_EPA_FRS_FRS_PROGRAM_LINKS,FED_HUD_ASSISTED_HOUSING_PROJECTS,NAME@ZIP,CORROBORATED,PRIMARY_NAME+POSTAL_CODE,NAME+STD_ZIP5,415,3338955,24871,1.7
FED_EPA_FRS_FRS_PROGRAM_LINKS,FED_HUD_PUBLIC_HOUSING_AUTHORITIES,NAME@ZIP,CORROBORATED,PRIMARY_NAME+POSTAL_CODE,FORMAL_PARTICIPANT_NAME+STD_ZIP5,216,3338955,3774,5.7
FED_EPA_FRS_FRS_PROGRAM_LINKS,FED_ICE_DETENTION_FACILITY_CODES,NAME@ZIP,CORROBORATED,PRIMARY_NAME+POSTAL_CODE,DETENTION_FACILITY_NAME+ZIP,96,3338955,1327,7.2
FED_EPA_FRS_FRS_PROGRAM_LINKS,FED_IRS_AUTO_REVOCATIONS,NAME@ZIP,CORROBORATED,PRIMARY_NAME+POSTAL_CODE,LEGAL_NAME+ZIP_CODE,920,3338955,1149844,0.1
FED_EPA_FRS_FRS_PROGRAM_LINKS,FED_IRS_BMF,NAME@ZIP,CORROBORATED,PRIMARY_NAME+POSTAL_CODE,NAME+ZIP,8578,3338955,1868041,0.5
FED_EPA_FRS_FRS_PROGRAM_LINKS,FED_IRS_EO_BMF,NAME@ZIP,CORROBORATED,PRIMARY_NAME+POSTAL_CODE,NAME+ZIP,8569,3338955,1878425,0.5
FED_EPA_FRS_FRS_PROGRAM_LINKS,FED_IRS_REVOCATION,NAME@ZIP,CORROBORATED,PRIMARY_NAME+POSTAL_CODE,LEGAL_NAME+ZIP_CODE,920,3338955,1149230,0.1
FED_EPA_FRS_FRS_PROGRAM_LINKS,FED_NCUA_CALL_REPORTS_FOICU,NAME@ZIP,CORROBORATED,PRIMARY_NAME+POSTAL_CODE,CU_NAME+ZIP_CODE,83,3338955,4335,1.9
FED_EPA_FRS_FRS_PROGRAM_LINKS,FED_NCUA_FEDERALLY_INSURED_CU_LIST,NAME@ZIP,CORROBORATED,PRIMARY_NAME+POSTAL_CODE,CREDIT_UNION_NAME+ZIP_CODE_MAILING_ADDRESS,82,3338955,4249,1.9
FED_EPA_FRS_FRS_PROGRAM_LINKS,FED_NTSB_AVIATION_AIRCRAFT,NAME@ZIP,CORROBORATED,PRIMARY_NAME+POSTAL_CODE,OPER_NAME+OWNER_ZIP,338,3338955,14890,2.3
FED_EPA_FRS_FRS_PROGRAM_LINKS,FED_NTSB_AVIATION_EVENTS,NAME@ZIP,CORROBORATED,PRIMARY_NAME+POSTAL_CODE,APT_NAME+EV_SITE_ZIPCODE,949,3338955,15605,6.1
FED_EPA_FRS_FRS_PROGRAM_LINKS,FED_OSHA_ITA_300A_SUMMARY_2023,NAME@ZIP,CORROBORATED,PRIMARY_NAME+POSTAL_CODE,ESTABLISHMENT_NAME+ZIP_CODE,32318,3338955,373106,8.7
FED_EPA_FRS_FRS_PROGRAM_LINKS,FED_OSHA_ITA_300A_SUMMARY_2024,NAME@ZIP,CORROBORATED,PRIMARY_NAME+POSTAL_CODE,ESTABLISHMENT_NAME+ZIP_CODE,28197,3338955,360069,7.8
FED_EPA_FRS_FRS_PROGRAM_LINKS,FED_OSHA_ITA_300A_SUMMARY_2025,NAME@ZIP,CORROBORATED,PRIMARY_NAME+POSTAL_CODE,ESTABLISHMENT_NAME+ZIP_CODE,28864,3338955,375575,7.7
FED_EPA_FRS_FRS_PROGRAM_LINKS,FED_OSHA_ITA_CASE_DETAIL_2023,NAME@ZIP,CORROBORATED,PRIMARY_NAME+POSTAL_CODE,ESTABLISHMENT_NAME+ZIP_CODE,10702,3338955,85607,12.5
FED_EPA_FRS_FRS_PROGRAM_LINKS,FED_OSHA_ITA_CASE_DETAIL_2024,NAME@ZIP,CORROBORATED,PRIMARY_NAME+POSTAL_CODE,ESTABLISHMENT_NAME+ZIP_CODE,7125,3338955,59854,11.9
FED_EPA_FRS_FRS_PROGRAM_LINKS,FED_OSHA_ITA_CASE_DETAIL_2025,NAME@ZIP,CORROBORATED,PRIMARY_NAME+POSTAL_CODE,ESTABLISHMENT_NAME+ZIP_CODE,4442,3338955,33457,13.3
FED_EPA_FRS_FRS_PROGRAM_LINKS,FED_PHMSA_FLAGGED_INCIDENTS,NAME@ZIP,CORROBORATED,PRIMARY_NAME+POSTAL_CODE,SEGMENT_NAME+ONSHORE_POSTAL_CODE,26,3338955,1630,1.6
FED_EPA_FRS_FRS_PROGRAM_LINKS,FED_SAM_EXCLUSIONS,NAME@ZIP,CORROBORATED,PRIMARY_NAME+POSTAL_CODE,ENTITY_NAME+ZIP,43,3338955,8485,0.5
FED_EPA_FRS_FRS_PROGRAM_LINKS,FED_SAM_EXCLUSIONS_FULL_R2,NAME@ZIP,CORROBORATED,PRIMARY_NAME+POSTAL_CODE,NAME+ZIP_CODE,188,3338955,7285,2.6
FED_EPA_FRS_FRS_PROGRAM_LINKS,FED_SBA_LOANS,NAME@ZIP,CORROBORATED,PRIMARY_NAME+POSTAL_CODE,THIRDPARTYLENDER_NAME+CDC_ZIP,22,3338955,14480,0.2
FED_EPA_FRS_FRS_PROGRAM_LINKS,FED_SBIR_STTR_AWARDS,NAME@ZIP,CORROBORATED,PRIMARY_NAME+POSTAL_CODE,PI_NAME+ZIP,26,3338955,77742,0.0
FED_EPA_FRS_FRS_PROGRAM_LINKS,FED_SEC_13F_FILERS,NAME@ZIP,CORROBORATED,PRIMARY_NAME+POSTAL_CODE,FILINGMANAGER_NAME+FILINGMANAGER_ZIPCODE,107,3338955,18430,0.6
FED_EPA_FRS_FRS_PROGRAM_LINKS,FED_USASPENDING_CONTRACTS,NAME@ZIP,CORROBORATED,PRIMARY_NAME+POSTAL_CODE,RECIPIENT_NAME+RECIPIENT_ZIP_4_CODE,9086,3338955,91616,9.9
FED_EPA_FRS_FRS_PROGRAM_LINKS,FED_USCG_NRC_INCIDENTS,NAME@ZIP,CORROBORATED,PRIMARY_NAME+POSTAL_CODE,RESPONSIBLE_COMPANY+RESPONSIBLE_ZIP,15093,3338955,93650,16.1
FED_EPA_FRS_FRS_PROGRAM_LINKS,FED_USCG_NRC_INCIDENT_REPORTS,NAME@ZIP,CORROBORATED,PRIMARY_NAME+POSTAL_CODE,RESPONSIBLE_COMPANY+RESPONSIBLE_ZIP,3153,3338955,15011,21.0
FED_EPA_FRS_FRS_PROGRAM_LINKS,FED_USDA_RD_MFH_ACTIVE_PROJECTS,FIPS,GEO,FIPS_CODE,STATE_COUNTY_FIPS_CODE,2725,6578,2725,100.0
FED_EPA_FRS_FRS_PROGRAM_LINKS,IRS527_8871_ORGS,NAME@ZIP,CORROBORATED,PRIMARY_NAME+POSTAL_CODE,ORGANIZATION_NAME+MAILING_ZIP,29,3338955,62076,0.0
FED_EPA_FRS_FRS_PROGRAM_LINKS,IRS527_DIRECTORS_OFFICERS,NAME@ZIP,CORROBORATED,PRIMARY_NAME+POSTAL_CODE,ENTITY_NAME+ENTITY_ZIP,38,3338955,118803,0.0
FED_EPA_FRS_FRS_PROGRAM_LINKS,IRS527_RELATED_ENTITIES,NAME@ZIP,CORROBORATED,PRIMARY_NAME+POSTAL_CODE,ENTITY_NAME+ENTITY_ZIP,204,3338955,11739,1.7
FED_EPA_FRS_FRS_PROGRAM_LINKS,ST_NYC_CFB_CAMPAIGN_2001_CONTRIBUTION,NAME@ZIP,CORROBORATED,PRIMARY_NAME+POSTAL_CODE,NAME+ZIP,47,3338955,120204,0.0
FED_EPA_FRS_FRS_PROGRAM_LINKS,ST_NYC_CFB_CAMPAIGN_2009_CONTRIBUTION,NAME@ZIP,CORROBORATED,PRIMARY_NAME+POSTAL_CODE,NAME+ZIP,12,3338955,93773,0.0
FED_EPA_FRS_FRS_PROGRAM_LINKS,ST_NYC_CFB_CAMPAIGN_2013_CONTRIBUTION,NAME@ZIP,CORROBORATED,PRIMARY_NAME+POSTAL_CODE,NAME+ZIP,16,3338955,124226,0.0
FED_EPA_FRS_FRS_PROGRAM_LINKS,ST_NYC_CFB_CAMPAIGN_2021_CONTRIBUTIONS,NAME@ZIP,CORROBORATED,PRIMARY_NAME+POSTAL_CODE,NAME+ZIP,31,3338955,236829,0.0
FED_EPA_FRS_FRS_PROGRAM_LINKS,ST_NYC_CFB_CAMPAIGN_2025_CONTRIBUTIONS,NAME@ZIP,CORROBORATED,PRIMARY_NAME+POSTAL_CODE,NAME+ZIP,36,3338955,151248,0.0
FED_EPA_FRS_FRS_PROGRAM_LINKS,XC_EPA_CORPORATE_CROSSWALK,FRS_ID,STEEL,REGISTRY_ID,EPA_REGISTRY_ID,3337501,3422891,5300149,97.5
FED_EPA_FRS_FRS_PROGRAM_LINKS,XC_VERA_INCARCERATION_TRENDS,FIPS,GEO,FIPS_CODE,COUNTY_FIPS,3074,6578,3075,100.0
FED_EPA_FRS_FRS_SIC_CODES,FED_EPA_FRS_FULL,FRS_ID,STEEL,REGISTRY_ID,REGISTRY_ID,828194,831499,5300149,99.6
FED_EPA_FRS_FRS_SIC_CODES,FED_EPA_GHGRP_FACILITY,FRS_ID,STEEL,REGISTRY_ID,FRS_ID,5970,831499,13221,45.2
FED_EPA_FRS_FRS_SIC_CODES,FED_EPA_ICIS_AIR_ICIS_AIR_FACILITIES,FRS_ID,STEEL,REGISTRY_ID,REGISTRY_ID,224005,831499,266026,84.2
FED_EPA_FRS_FRS_SIC_CODES,FED_EPA_ICIS_FEC_CASE_ENFORCEMENT_CONCLUSION_FACILITIES,FRS_ID,STEEL,REGISTRY_ID,FACILITY_UIN,28903,831499,105113,27.5
FED_EPA_FRS_FRS_SIC_CODES,FED_EPA_ICIS_FEC_CASE_FACILITIES,FRS_ID,STEEL,REGISTRY_ID,REGISTRY_ID,30435,831499,113854,26.7
FED_EPA_FRS_FRS_SIC_CODES,FED_EPA_ICIS_FEC_EPA_INFORMAL_ENFORCEMENT_ACTIONS,FRS_ID,STEEL,REGISTRY_ID,REGISTRY_ID,2938,831499,14606,20.1
FED_EPA_FRS_FRS_SIC_CODES,FED_EPA_ICIS_FEC_ICIS_FEC_EPA_INSPECTIONS,FRS_ID,STEEL,REGISTRY_ID,REGISTRY_ID,29215,831499,156326,18.7
FED_EPA_FRS_FRS_SIC_CODES,FED_EPA_NPDES_NPDES_INFORMAL_ENFORCEMENT_ACTIONS,FRS_ID,STEEL,REGISTRY_ID,REGISTRY_ID,93919,831499,112933,83.2
FED_EPA_FRS_FRS_SIC_CODES,FED_EPA_NPDES_NPDES_INSPECTIONS,FRS_ID,STEEL,REGISTRY_ID,REGISTRY_ID,191772,831499,263075,72.9
FED_EPA_FRS_FRS_SIC_CODES,FED_EPA_TRI_BASIC_2023,FRS_ID,STEEL,REGISTRY_ID,C_3_FRS_ID,17352,831499,21760,79.7
FED_EPA_FRS_FRS_SIC_CODES,XC_EPA_CORPORATE_CROSSWALK,FRS_ID,STEEL,REGISTRY_ID,EPA_REGISTRY_ID,828194,831499,5300149,99.6
FED_EPA_FRS_FULL,FED_EPA_GHGRP_FACILITY,FIPS,GEO,FIPS_CODE,COUNTY_FIPS,2163,6780,2163,100.0
FED_EPA_FRS_FULL,FED_EPA_GHGRP_FACILITY,FRS_ID,STEEL,REGISTRY_ID,FRS_ID,10973,5300149,13221,83.0
FED_EPA_FRS_FULL,FED_EPA_GHGRP_FACILITY,NAME@ZIP,CORROBORATED,PRIMARY_NAME+POSTAL_CODE,FACILITY_NAME+ZIP,8269,4325132,12485,66.2
FED_EPA_FRS_FULL,FED_EPA_ICIS_AIR_ICIS_AIR_FACILITIES,FRS_ID,STEEL,REGISTRY_ID,REGISTRY_ID,265793,5300149,266026,99.9
FED_EPA_FRS_FULL,FED_EPA_ICIS_AIR_ICIS_AIR_FACILITIES,NAME@ZIP,CORROBORATED,PRIMARY_NAME+POSTAL_CODE,FACILITY_NAME+ZIP_CODE,210424,4325132,270351,77.8
FED_EPA_FRS_FULL,FED_EPA_ICIS_FEC_CASE_ENFORCEMENT_CONCLUSION_FACILITIES,FRS_ID,STEEL,REGISTRY_ID,FACILITY_UIN,104470,5300149,105113,99.4
FED_EPA_FRS_FULL,FED_EPA_ICIS_FEC_CASE_ENFORCEMENT_CONCLUSION_FACILITIES,NAME@ZIP,CORROBORATED,PRIMARY_NAME+POSTAL_CODE,FACILITY_NAME+FACILITY_ZIP,82277,4325132,108488,75.8
FED_EPA_FRS_FULL,FED_EPA_ICIS_FEC_CASE_FACILITIES,FRS_ID,STEEL,REGISTRY_ID,REGISTRY_ID,113462,5300149,113854,99.7
FED_EPA_FRS_FULL,FED_EPA_ICIS_FEC_CASE_FACILITIES,NAME@ZIP,CORROBORATED,PRIMARY_NAME+POSTAL_CODE,FACILITY_NAME+ZIP,89496,4325132,117594,76.1
FED_EPA_FRS_FULL,FED_EPA_ICIS_FEC_EPA_INFORMAL_ENFORCEMENT_ACTIONS,FRS_ID,STEEL,REGISTRY_ID,REGISTRY_ID,14546,5300149,14606,99.6
FED_EPA_FRS_FULL,FED_EPA_ICIS_FEC_ICIS_FEC_EPA_INSPECTIONS,FRS_ID,STEEL,REGISTRY_ID,REGISTRY_ID,153573,5300149,156326,98.2
FED_EPA_FRS_FULL,FED_EPA_NPDES_ICIS_FACILITIES,NAME@ZIP,CORROBORATED,PRIMARY_NAME+POSTAL_CODE,FACILITY_NAME+ZIP,911527,4325132,1077821,84.6
FED_EPA_FRS_FULL,FED_EPA_NPDES_NPDES_INFORMAL_ENFORCEMENT_ACTIONS,FRS_ID,STEEL,REGISTRY_ID,REGISTRY_ID,112873,5300149,112933,99.9
FED_EPA_FRS_FULL,FED_EPA_NPDES_NPDES_INSPECTIONS,FRS_ID,STEEL,REGISTRY_ID,REGISTRY_ID,262884,5300149,263075,99.9
FED_EPA_FRS_FULL,FED_EPA_RCRA_FACILITIES,NAME@ZIP,CORROBORATED,PRIMARY_NAME+POSTAL_CODE,FACILITY_NAME+ZIP_CODE,1232788,4325132,1429903,86.2
FED_EPA_FRS_FULL,FED_EPA_RCRA_RCRA_FACILITIES,NAME@ZIP,CORROBORATED,PRIMARY_NAME+POSTAL_CODE,FACILITY_NAME+ZIP_CODE,1232788,4325132,1429903,86.2
FED_EPA_FRS_FULL,FED_EPA_SDWA_SDWA_PUB_WATER_SYSTEMS,NAME@ZIP,CORROBORATED,PRIMARY_NAME+POSTAL_CODE,PWS_NAME+ZIP_CODE,50725,4325132,395686,12.8
FED_EPA_FRS_FULL,FED_EPA_SUPERFUND_SITE_BOUNDARIES,NAME@ZIP,CORROBORATED,PRIMARY_NAME+POSTAL_CODE,SITE_NAME+ZIP_CODE,1638,4325132,1906,85.9
FED_EPA_FRS_FULL,FED_EPA_TRI_BASIC_2023,FRS_ID,STEEL,REGISTRY_ID,C_3_FRS_ID,21629,5300149,21760,99.4
FED_EPA_FRS_FULL,FED_EPA_TRI_BASIC_2023,NAME@ZIP,CORROBORATED,PRIMARY_NAME+POSTAL_CODE,C_4_FACILITY_NAME+C_9_ZIP,12655,4325132,21697,58.3
FED_EPA_FRS_FULL,FED_EPA_TRI_FACILITY,FIPS,GEO,FIPS_CODE,STATE_COUNTY_FIPS_CODE,2855,6780,2855,100.0
FED_EPA_FRS_FULL,FED_EPA_TRI_FACILITY,NAME@ZIP,CORROBORATED,PRIMARY_NAME+POSTAL_CODE,FACILITY_NAME+ZIP_CODE,38208,4325132,63963,59.7
FED_EPA_FRS_FULL,FED_FAA_AIRCRAFT_REGISTRY,NAME@ZIP,CORROBORATED,PRIMARY_NAME+POSTAL_CODE,NAME+ZIP_CODE,2041,4325132,205605,1.0
FED_EPA_FRS_FULL,FED_FAC_SINGLE_AUDIT,NAME@ZIP,CORROBORATED,PRIMARY_NAME+POSTAL_CODE,AUDITEE_NAME+AUDITEE_ZIP,11039,4325132,103191,10.7
FED_EPA_FRS_FULL,FED_FCC_LICENSING,NAME@ZIP,CORROBORATED,PRIMARY_NAME+POSTAL_CODE,ENTITY_NAME+ZIP_CODE,318,4325132,1502987,0.0
FED_EPA_FRS_FULL,FED_FDIC_BANK_DATA,NAME@ZIP,CORROBORATED,PRIMARY_NAME+POSTAL_CODE,NAME+ZIP,342,4325132,27620,1.2
FED_EPA_FRS_FULL,FED_FEC_COMMITTEE_TO_CANDIDATE,NAME@ZIP,CORROBORATED,PRIMARY_NAME+POSTAL_CODE,NAME+ZIP_CODE,157,4325132,17747,0.9
FED_EPA_FRS_FULL,FED_FEC_INDIV_CONTRIBUTIONS,NAME@ZIP,CORROBORATED,PRIMARY_NAME+POSTAL_CODE,NAME+ZIP_CODE,4981,4325132,5251703,0.1
FED_EPA_FRS_FULL,FED_FEMA_IA_HOUSING_REGISTRATIONS,FIPS,GEO,FIPS_CODE,FIPS,3174,6780,3188,99.6
FED_EPA_FRS_FULL,FED_FHFA_FHLB_MEMBERSHIP,NAME@ZIP,CORROBORATED,PRIMARY_NAME+POSTAL_CODE,MEMBER_NAME+ZIP,266,4325132,6325,4.2
FED_EPA_FRS_FULL,FED_HHS_OIG_LEIE,NAME@ZIP,CORROBORATED,PRIMARY_NAME+POSTAL_CODE,LASTNAME+ZIP,46,4325132,78462,0.1
FED_EPA_FRS_FULL,FED_HRSA_HPSA_PRIMARY_CARE,FIPS,GEO,FIPS_CODE,COMMON_STATE_COUNTY_FIPS_CODE,3179,6780,3234,98.3
FED_EPA_FRS_FULL,FED_HRSA_HPSA_PRIMARY_CARE,NAME@ZIP,CORROBORATED,PRIMARY_NAME+POSTAL_CODE,HPSA_COMPONENT_NAME+COMMON_POSTAL_CODE,503,4325132,6952,7.2
FED_EPA_FRS_FULL,FED_HRSA_SHORTAGE_AREAS,FIPS,GEO,FIPS_CODE,COMMON_STATE_COUNTY_FIPS_CODE,3234,6780,3290,98.3
FED_EPA_FRS_FULL,FED_HRSA_SHORTAGE_AREAS,NAME@ZIP,CORROBORATED,PRIMARY_NAME+POSTAL_CODE,HPSA_COMPONENT_NAME+COMMON_POSTAL_CODE,628,4325132,7829,8.0
FED_EPA_FRS_FULL,FED_HRSA_UDS_SERVICE_DELIVERY_SITES,NAME@ZIP,CORROBORATED,PRIMARY_NAME+POSTAL_CODE,SITE_NAME+SITE_POSTAL_CODE,675,4325132,18468,3.7
FED_EPA_FRS_FULL,FED_HUD_ASSISTED_HOUSING_PROJECTS,NAME@ZIP,CORROBORATED,PRIMARY_NAME+POSTAL_CODE,NAME+STD_ZIP5,624,4325132,24871,2.5
FED_EPA_FRS_FULL,FED_HUD_PUBLIC_HOUSING_AUTHORITIES,NAME@ZIP,CORROBORATED,PRIMARY_NAME+POSTAL_CODE,FORMAL_PARTICIPANT_NAME+STD_ZIP5,258,4325132,3774,6.8
FED_EPA_FRS_FULL,FED_ICE_DETENTION_FACILITY_CODES,NAME@ZIP,CORROBORATED,PRIMARY_NAME+POSTAL_CODE,DETENTION_FACILITY_NAME+ZIP,99,4325132,1327,7.5
FED_EPA_FRS_FULL,FED_IRS_AUTO_REVOCATIONS,NAME@ZIP,CORROBORATED,PRIMARY_NAME+POSTAL_CODE,LEGAL_NAME+ZIP_CODE,1491,4325132,1149844,0.1
FED_EPA_FRS_FULL,FED_IRS_BMF,NAME@ZIP,CORROBORATED,PRIMARY_NAME+POSTAL_CODE,NAME+ZIP,12603,4325132,1868041,0.7
FED_EPA_FRS_FULL,FED_IRS_EO_BMF,NAME@ZIP,CORROBORATED,PRIMARY_NAME+POSTAL_CODE,NAME+ZIP,12590,4325132,1878425,0.7
FED_EPA_FRS_FULL,FED_IRS_REVOCATION,NAME@ZIP,CORROBORATED,PRIMARY_NAME+POSTAL_CODE,LEGAL_NAME+ZIP_CODE,1489,4325132,1149230,0.1
FED_EPA_FRS_FULL,FED_NCUA_CALL_REPORTS_FOICU,NAME@ZIP,CORROBORATED,PRIMARY_NAME+POSTAL_CODE,CU_NAME+ZIP_CODE,104,4325132,4335,2.4
FED_EPA_FRS_FULL,FED_NCUA_FEDERALLY_INSURED_CU_LIST,NAME@ZIP,CORROBORATED,PRIMARY_NAME+POSTAL_CODE,CREDIT_UNION_NAME+ZIP_CODE_MAILING_ADDRESS,103,4325132,4249,2.4
FED_EPA_FRS_FULL,FED_NTSB_AVIATION_AIRCRAFT,NAME@ZIP,CORROBORATED,PRIMARY_NAME+POSTAL_CODE,OPER_NAME+OWNER_ZIP,413,4325132,14890,2.8
FED_EPA_FRS_FULL,FED_NTSB_AVIATION_EVENTS,NAME@ZIP,CORROBORATED,PRIMARY_NAME+POSTAL_CODE,APT_NAME+EV_SITE_ZIPCODE,1313,4325132,15605,8.4
FED_EPA_FRS_FULL,FED_OSHA_ITA_300A_SUMMARY_2023,NAME@ZIP,CORROBORATED,PRIMARY_NAME+POSTAL_CODE,ESTABLISHMENT_NAME+ZIP_CODE,33083,4325132,373106,8.9
FED_EPA_FRS_FULL,FED_OSHA_ITA_300A_SUMMARY_2024,NAME@ZIP,CORROBORATED,PRIMARY_NAME+POSTAL_CODE,ESTABLISHMENT_NAME+ZIP_CODE,28632,4325132,360069,8.0
FED_EPA_FRS_FULL,FED_OSHA_ITA_300A_SUMMARY_2025,NAME@ZIP,CORROBORATED,PRIMARY_NAME+POSTAL_CODE,ESTABLISHMENT_NAME+ZIP_CODE,29091,4325132,375575,7.7
FED_EPA_FRS_FULL,FED_OSHA_ITA_CASE_DETAIL_2023,NAME@ZIP,CORROBORATED,PRIMARY_NAME+POSTAL_CODE,ESTABLISHMENT_NAME+ZIP_CODE,10550,4325132,85607,12.3
FED_EPA_FRS_FULL,FED_OSHA_ITA_CASE_DETAIL_2024,NAME@ZIP,CORROBORATED,PRIMARY_NAME+POSTAL_CODE,ESTABLISHMENT_NAME+ZIP_CODE,6710,4325132,59854,11.2
FED_EPA_FRS_FULL,FED_OSHA_ITA_CASE_DETAIL_2025,NAME@ZIP,CORROBORATED,PRIMARY_NAME+POSTAL_CODE,ESTABLISHMENT_NAME+ZIP_CODE,4147,4325132,33457,12.4
FED_EPA_FRS_FULL,FED_PHMSA_FLAGGED_INCIDENTS,NAME@ZIP,CORROBORATED,PRIMARY_NAME+POSTAL_CODE,SEGMENT_NAME+ONSHORE_POSTAL_CODE,26,4325132,1630,1.6
FED_EPA_FRS_FULL,FED_SAM_EXCLUSIONS,NAME@ZIP,CORROBORATED,PRIMARY_NAME+POSTAL_CODE,ENTITY_NAME+ZIP,47,4325132,8485,0.6
FED_EPA_FRS_FULL,FED_SAM_EXCLUSIONS_FULL_R2,NAME@ZIP,CORROBORATED,PRIMARY_NAME+POSTAL_CODE,NAME+ZIP_CODE,199,4325132,7285,2.7
FED_EPA_FRS_FULL,FED_SBA_LOANS,NAME@ZIP,CORROBORATED,PRIMARY_NAME+POSTAL_CODE,THIRDPARTYLENDER_NAME+CDC_ZIP,27,4325132,14480,0.2
FED_EPA_FRS_FULL,FED_SBIR_STTR_AWARDS,NAME@ZIP,CORROBORATED,PRIMARY_NAME+POSTAL_CODE,PI_NAME+ZIP,29,4325132,77742,0.0
FED_EPA_FRS_FULL,FED_SEC_13F_FILERS,NAME@ZIP,CORROBORATED,PRIMARY_NAME+POSTAL_CODE,FILINGMANAGER_NAME+FILINGMANAGER_ZIPCODE,106,4325132,18430,0.6
FED_EPA_FRS_FULL,FED_USASPENDING_CONTRACTS,NAME@ZIP,CORROBORATED,PRIMARY_NAME+POSTAL_CODE,RECIPIENT_NAME+RECIPIENT_ZIP_4_CODE,9283,4325132,91616,10.1
FED_EPA_FRS_FULL,FED_USCG_NRC_INCIDENTS,NAME@ZIP,CORROBORATED,PRIMARY_NAME+POSTAL_CODE,RESPONSIBLE_COMPANY+RESPONSIBLE_ZIP,13078,4325132,93650,14.0
FED_EPA_FRS_FULL,FED_USCG_NRC_INCIDENT_REPORTS,NAME@ZIP,CORROBORATED,PRIMARY_NAME+POSTAL_CODE,RESPONSIBLE_COMPANY+RESPONSIBLE_ZIP,2659,4325132,15011,17.7
FED_EPA_FRS_FULL,FED_USDA_RD_MFH_ACTIVE_PROJECTS,FIPS,GEO,FIPS_CODE,STATE_COUNTY_FIPS_CODE,2725,6780,2725,100.0
FED_EPA_FRS_FULL,IRS527_8871_ORGS,NAME@ZIP,CORROBORATED,PRIMARY_NAME+POSTAL_CODE,ORGANIZATION_NAME+MAILING_ZIP,37,4325132,62076,0.1
FED_EPA_FRS_FULL,IRS527_DIRECTORS_OFFICERS,NAME@ZIP,CORROBORATED,PRIMARY_NAME+POSTAL_CODE,ENTITY_NAME+ENTITY_ZIP,50,4325132,118803,0.0
FED_EPA_FRS_FULL,IRS527_RELATED_ENTITIES,NAME@ZIP,CORROBORATED,PRIMARY_NAME+POSTAL_CODE,ENTITY_NAME+ENTITY_ZIP,203,4325132,11739,1.7
FED_EPA_FRS_FULL,ST_NYC_CFB_CAMPAIGN_2001_CONTRIBUTION,NAME@ZIP,CORROBORATED,PRIMARY_NAME+POSTAL_CODE,NAME+ZIP,47,4325132,120204,0.0
FED_EPA_FRS_FULL,ST_NYC_CFB_CAMPAIGN_2009_CONTRIBUTION,NAME@ZIP,CORROBORATED,PRIMARY_NAME+POSTAL_CODE,NAME+ZIP,15,4325132,93773,0.0
FED_EPA_FRS_FULL,ST_NYC_CFB_CAMPAIGN_2013_CONTRIBUTION,NAME@ZIP,CORROBORATED,PRIMARY_NAME+POSTAL_CODE,NAME+ZIP,13,4325132,124226,0.0
FED_EPA_FRS_FULL,ST_NYC_CFB_CAMPAIGN_2021_CONTRIBUTIONS,NAME@ZIP,CORROBORATED,PRIMARY_NAME+POSTAL_CODE,NAME+ZIP,29,4325132,236829,0.0
FED_EPA_FRS_FULL,ST_NYC_CFB_CAMPAIGN_2025_CONTRIBUTIONS,NAME@ZIP,CORROBORATED,PRIMARY_NAME+POSTAL_CODE,NAME+ZIP,36,4325132,151248,0.0
FED_EPA_FRS_FULL,XC_EPA_CORPORATE_CROSSWALK,FRS_ID,STEEL,REGISTRY_ID,EPA_REGISTRY_ID,5300149,5300149,5300149,100.0
FED_EPA_FRS_FULL,XC_VERA_INCARCERATION_TRENDS,FIPS,GEO,FIPS_CODE,COUNTY_FIPS,3075,6780,3075,100.0
FED_EPA_GHGRP_FACILITY,FED_EPA_ICIS_AIR_ICIS_AIR_FACILITIES,FRS_ID,STEEL,FRS_ID,REGISTRY_ID,5877,13221,266026,44.5
FED_EPA_GHGRP_FACILITY,FED_EPA_ICIS_AIR_ICIS_AIR_FACILITIES,NAME@ZIP,CORROBORATED,FACILITY_NAME+ZIP,FACILITY_NAME+ZIP_CODE,2087,12485,270351,16.7
FED_EPA_GHGRP_FACILITY,FED_EPA_ICIS_FEC_CASE_ENFORCEMENT_CONCLUSION_FACILITIES,FRS_ID,STEEL,FRS_ID,FACILITY_UIN,2655,13221,105113,20.1
FED_EPA_GHGRP_FACILITY,FED_EPA_ICIS_FEC_CASE_ENFORCEMENT_CONCLUSION_FACILITIES,NAME@ZIP,CORROBORATED,FACILITY_NAME+ZIP,FACILITY_NAME+FACILITY_ZIP,1102,12485,108488,8.8
FED_EPA_GHGRP_FACILITY,FED_EPA_ICIS_FEC_CASE_FACILITIES,FRS_ID,STEEL,FRS_ID,REGISTRY_ID,2752,13221,113854,20.8
FED_EPA_GHGRP_FACILITY,FED_EPA_ICIS_FEC_CASE_FACILITIES,NAME@ZIP,CORROBORATED,FACILITY_NAME+ZIP,FACILITY_NAME+ZIP,1127,12485,117594,9.0
FED_EPA_GHGRP_FACILITY,FED_EPA_ICIS_FEC_EPA_INFORMAL_ENFORCEMENT_ACTIONS,FRS_ID,STEEL,FRS_ID,REGISTRY_ID,356,13221,14606,2.7
FED_EPA_GHGRP_FACILITY,FED_EPA_ICIS_FEC_ICIS_FEC_EPA_INSPECTIONS,FRS_ID,STEEL,FRS_ID,REGISTRY_ID,2999,13221,156326,22.7
FED_EPA_GHGRP_FACILITY,FED_EPA_NPDES_ICIS_FACILITIES,NAME@ZIP,CORROBORATED,FACILITY_NAME+ZIP,FACILITY_NAME+ZIP,1990,12485,1077821,15.9
FED_EPA_GHGRP_FACILITY,FED_EPA_NPDES_NPDES_INFORMAL_ENFORCEMENT_ACTIONS,FRS_ID,STEEL,FRS_ID,REGISTRY_ID,2331,13221,112933,17.6
FED_EPA_GHGRP_FACILITY,FED_EPA_NPDES_NPDES_INSPECTIONS,FRS_ID,STEEL,FRS_ID,REGISTRY_ID,3633,13221,263075,27.5
FED_EPA_GHGRP_FACILITY,FED_EPA_RCRA_FACILITIES,NAME@ZIP,CORROBORATED,FACILITY_NAME+ZIP,FACILITY_NAME+ZIP_CODE,1941,12485,1429903,15.5
FED_EPA_GHGRP_FACILITY,FED_EPA_RCRA_RCRA_FACILITIES,NAME@ZIP,CORROBORATED,FACILITY_NAME+ZIP,FACILITY_NAME+ZIP_CODE,1941,12485,1429903,15.5
FED_EPA_GHGRP_FACILITY,FED_EPA_SDWA_SDWA_PUB_WATER_SYSTEMS,NAME@ZIP,CORROBORATED,FACILITY_NAME+ZIP,PWS_NAME+ZIP_CODE,296,12485,395686,2.4
FED_EPA_GHGRP_FACILITY,FED_EPA_SUPERFUND_SITE_BOUNDARIES,NAME@ZIP,CORROBORATED,FACILITY_NAME+ZIP,SITE_NAME+ZIP_CODE,11,12485,1906,0.6
FED_EPA_GHGRP_FACILITY,FED_EPA_TRI_BASIC_2023,FRS_ID,STEEL,FRS_ID,C_3_FRS_ID,2560,13221,21760,19.4
FED_EPA_GHGRP_FACILITY,FED_EPA_TRI_BASIC_2023,NAME@ZIP,CORROBORATED,FACILITY_NAME+ZIP,C_4_FACILITY_NAME+C_9_ZIP,1348,12485,21697,10.8
FED_EPA_GHGRP_FACILITY,FED_EPA_TRI_FACILITY,FIPS,GEO,COUNTY_FIPS,STATE_COUNTY_FIPS_CODE,2088,2163,2855,96.5
FED_EPA_GHGRP_FACILITY,FED_EPA_TRI_FACILITY,NAME@ZIP,CORROBORATED,FACILITY_NAME+ZIP,FACILITY_NAME+ZIP_CODE,1689,12485,63963,13.5
FED_EPA_GHGRP_FACILITY,FED_FAA_AIRCRAFT_REGISTRY,NAME@ZIP,CORROBORATED,FACILITY_NAME+ZIP,NAME+ZIP_CODE,30,12485,205605,0.2
FED_EPA_GHGRP_FACILITY,FED_FAC_SINGLE_AUDIT,NAME@ZIP,CORROBORATED,FACILITY_NAME+ZIP,AUDITEE_NAME+AUDITEE_ZIP,71,12485,103191,0.6
FED_EPA_GHGRP_FACILITY,FED_FEC_INDIV_CONTRIBUTIONS,NAME@ZIP,CORROBORATED,FACILITY_NAME+ZIP,NAME+ZIP_CODE,11,12485,5251703,0.1
FED_EPA_GHGRP_FACILITY,FED_FEMA_IA_HOUSING_REGISTRATIONS,FIPS,GEO,COUNTY_FIPS,FIPS,2152,2163,3188,99.5
FED_EPA_GHGRP_FACILITY,FED_HRSA_HPSA_PRIMARY_CARE,FIPS,GEO,COUNTY_FIPS,COMMON_STATE_COUNTY_FIPS_CODE,2115,2163,3234,97.8
FED_EPA_GHGRP_FACILITY,FED_HRSA_SHORTAGE_AREAS,FIPS,GEO,COUNTY_FIPS,COMMON_STATE_COUNTY_FIPS_CODE,2156,2163,3290,99.7
FED_EPA_GHGRP_FACILITY,FED_IRS_AUTO_REVOCATIONS,NAME@ZIP,CORROBORATED,FACILITY_NAME+ZIP,LEGAL_NAME+ZIP_CODE,13,12485,1149844,0.1
FED_EPA_GHGRP_FACILITY,FED_IRS_BMF,NAME@ZIP,CORROBORATED,FACILITY_NAME+ZIP,NAME+ZIP,44,12485,1868041,0.4
FED_EPA_GHGRP_FACILITY,FED_IRS_EO_BMF,NAME@ZIP,CORROBORATED,FACILITY_NAME+ZIP,NAME+ZIP,41,12485,1878425,0.3
FED_EPA_GHGRP_FACILITY,FED_IRS_REVOCATION,NAME@ZIP,CORROBORATED,FACILITY_NAME+ZIP,LEGAL_NAME+ZIP_CODE,13,12485,1149230,0.1
FED_EPA_GHGRP_FACILITY,FED_NTSB_AVIATION_AIRCRAFT,NAME@ZIP,CORROBORATED,FACILITY_NAME+ZIP,OPER_NAME+OWNER_ZIP,5,12485,14890,0.0
FED_EPA_GHGRP_FACILITY,FED_OSHA_ITA_300A_SUMMARY_2023,NAME@ZIP,CORROBORATED,FACILITY_NAME+ZIP,ESTABLISHMENT_NAME+ZIP_CODE,872,12485,373106,7.0
FED_EPA_GHGRP_FACILITY,FED_OSHA_ITA_300A_SUMMARY_2024,NAME@ZIP,CORROBORATED,FACILITY_NAME+ZIP,ESTABLISHMENT_NAME+ZIP_CODE,795,12485,360069,6.4
FED_EPA_GHGRP_FACILITY,FED_OSHA_ITA_300A_SUMMARY_2025,NAME@ZIP,CORROBORATED,FACILITY_NAME+ZIP,ESTABLISHMENT_NAME+ZIP_CODE,759,12485,375575,6.1
FED_EPA_GHGRP_FACILITY,FED_OSHA_ITA_CASE_DETAIL_2023,NAME@ZIP,CORROBORATED,FACILITY_NAME+ZIP,ESTABLISHMENT_NAME+ZIP_CODE,186,12485,85607,1.5
FED_EPA_GHGRP_FACILITY,FED_OSHA_ITA_CASE_DETAIL_2024,NAME@ZIP,CORROBORATED,FACILITY_NAME+ZIP,ESTABLISHMENT_NAME+ZIP_CODE,155,12485,59854,1.2
FED_EPA_GHGRP_FACILITY,FED_OSHA_ITA_CASE_DETAIL_2025,NAME@ZIP,CORROBORATED,FACILITY_NAME+ZIP,ESTABLISHMENT_NAME+ZIP_CODE,105,12485,33457,0.8
FED_EPA_GHGRP_FACILITY,FED_PHMSA_FLAGGED_INCIDENTS,NAME@ZIP,CORROBORATED,FACILITY_NAME+ZIP,SEGMENT_NAME+ONSHORE_POSTAL_CODE,6,12485,1630,0.4
FED_EPA_GHGRP_FACILITY,FED_SEC_13F_FILERS,NAME@ZIP,CORROBORATED,FACILITY_NAME+ZIP,FILINGMANAGER_NAME+FILINGMANAGER_ZIPCODE,6,12485,18430,0.0
FED_EPA_GHGRP_FACILITY,FED_USASPENDING_CONTRACTS,NAME@ZIP,CORROBORATED,FACILITY_NAME+ZIP,RECIPIENT_NAME+RECIPIENT_ZIP_4_CODE,183,12485,91616,1.5
FED_EPA_GHGRP_FACILITY,FED_USCG_NRC_INCIDENTS,NAME@ZIP,CORROBORATED,FACILITY_NAME+ZIP,RESPONSIBLE_COMPANY+RESPONSIBLE_ZIP,863,12485,93650,6.9
FED_EPA_GHGRP_FACILITY,FED_USCG_NRC_INCIDENT_REPORTS,NAME@ZIP,CORROBORATED,FACILITY_NAME+ZIP,RESPONSIBLE_COMPANY+RESPONSIBLE_ZIP,334,12485,15011,2.7
FED_EPA_GHGRP_FACILITY,FED_USDA_RD_MFH_ACTIVE_PROJECTS,FIPS,GEO,COUNTY_FIPS,STATE_COUNTY_FIPS_CODE,1872,2163,2725,86.5
FED_EPA_GHGRP_FACILITY,IRS527_RELATED_ENTITIES,NAME@ZIP,CORROBORATED,FACILITY_NAME+ZIP,ENTITY_NAME+ENTITY_ZIP,18,12485,11739,0.2
FED_EPA_GHGRP_FACILITY,XC_EPA_CORPORATE_CROSSWALK,FRS_ID,STEEL,FRS_ID,EPA_REGISTRY_ID,10973,13221,5300149,83.0
FED_EPA_GHGRP_FACILITY,XC_VERA_INCARCERATION_TRENDS,FIPS,GEO,COUNTY_FIPS,COUNTY_FIPS,2098,2163,3075,97.0
FED_EPA_ICIS_AIR_ICIS_AIR_FACILITIES,FED_EPA_ICIS_FEC_CASE_ENFORCEMENT_CONCLUSION_FACILITIES,FRS_ID,STEEL,REGISTRY_ID,FACILITY_UIN,17860,266026,105113,17.0
FED_EPA_ICIS_AIR_ICIS_AIR_FACILITIES,FED_EPA_ICIS_FEC_CASE_ENFORCEMENT_CONCLUSION_FACILITIES,NAME@ZIP,CORROBORATED,FACILITY_NAME+ZIP_CODE,FACILITY_NAME+FACILITY_ZIP,9817,270351,108488,9.0
FED_EPA_ICIS_AIR_ICIS_AIR_FACILITIES,FED_EPA_ICIS_FEC_CASE_FACILITIES,FRS_ID,STEEL,REGISTRY_ID,REGISTRY_ID,18732,266026,113854,16.5
FED_EPA_ICIS_AIR_ICIS_AIR_FACILITIES,FED_EPA_ICIS_FEC_CASE_FACILITIES,NAME@ZIP,CORROBORATED,FACILITY_NAME+ZIP_CODE,FACILITY_NAME+ZIP,10288,270351,117594,8.7
FED_EPA_ICIS_AIR_ICIS_AIR_FACILITIES,FED_EPA_ICIS_FEC_EPA_INFORMAL_ENFORCEMENT_ACTIONS,FRS_ID,STEEL,REGISTRY_ID,REGISTRY_ID,2222,266026,14606,15.2
FED_EPA_ICIS_AIR_ICIS_AIR_FACILITIES,FED_EPA_ICIS_FEC_ICIS_FEC_EPA_INSPECTIONS,FRS_ID,STEEL,REGISTRY_ID,REGISTRY_ID,20237,266026,156326,12.9
FED_EPA_ICIS_AIR_ICIS_AIR_FACILITIES,FED_EPA_NPDES_ICIS_FACILITIES,NAME@ZIP,CORROBORATED,FACILITY_NAME+ZIP_CODE,FACILITY_NAME+ZIP,15448,270351,1077821,5.7
FED_EPA_ICIS_AIR_ICIS_AIR_FACILITIES,FED_EPA_NPDES_NPDES_INFORMAL_ENFORCEMENT_ACTIONS,FRS_ID,STEEL,REGISTRY_ID,REGISTRY_ID,10714,266026,112933,9.5
FED_EPA_ICIS_AIR_ICIS_AIR_FACILITIES,FED_EPA_NPDES_NPDES_INSPECTIONS,FRS_ID,STEEL,REGISTRY_ID,REGISTRY_ID,21314,266026,263075,8.1
FED_EPA_ICIS_AIR_ICIS_AIR_FACILITIES,FED_EPA_RCRA_FACILITIES,NAME@ZIP,CORROBORATED,FACILITY_NAME+ZIP_CODE,FACILITY_NAME+ZIP_CODE,30443,270351,1429903,11.3
FED_EPA_ICIS_AIR_ICIS_AIR_FACILITIES,FED_EPA_RCRA_RCRA_FACILITIES,NAME@ZIP,CORROBORATED,FACILITY_NAME+ZIP_CODE,FACILITY_NAME+ZIP_CODE,30443,270351,1429903,11.3
FED_EPA_ICIS_AIR_ICIS_AIR_FACILITIES,FED_EPA_SDWA_SDWA_PUB_WATER_SYSTEMS,NAME@ZIP,CORROBORATED,FACILITY_NAME+ZIP_CODE,PWS_NAME+ZIP_CODE,1754,270351,395686,0.6
FED_EPA_ICIS_AIR_ICIS_AIR_FACILITIES,FED_EPA_SUPERFUND_SITE_BOUNDARIES,NAME@ZIP,CORROBORATED,FACILITY_NAME+ZIP_CODE,SITE_NAME+ZIP_CODE,53,270351,1906,2.8
FED_EPA_ICIS_AIR_ICIS_AIR_FACILITIES,FED_EPA_TRI_BASIC_2023,FRS_ID,STEEL,REGISTRY_ID,C_3_FRS_ID,12093,266026,21760,55.6
FED_EPA_ICIS_AIR_ICIS_AIR_FACILITIES,FED_EPA_TRI_BASIC_2023,NAME@ZIP,CORROBORATED,FACILITY_NAME+ZIP_CODE,C_4_FACILITY_NAME+C_9_ZIP,5331,270351,21697,24.6
FED_EPA_ICIS_AIR_ICIS_AIR_FACILITIES,FED_EPA_TRI_FACILITY,NAME@ZIP,CORROBORATED,FACILITY_NAME+ZIP_CODE,FACILITY_NAME+ZIP_CODE,11059,270351,63963,17.3
FED_EPA_ICIS_AIR_ICIS_AIR_FACILITIES,FED_FAA_AIRCRAFT_REGISTRY,NAME@ZIP,CORROBORATED,FACILITY_NAME+ZIP_CODE,NAME+ZIP_CODE,218,270351,205605,0.1
FED_EPA_ICIS_AIR_ICIS_AIR_FACILITIES,FED_FAC_SINGLE_AUDIT,NAME@ZIP,CORROBORATED,FACILITY_NAME+ZIP_CODE,AUDITEE_NAME+AUDITEE_ZIP,846,270351,103191,0.8
FED_EPA_ICIS_AIR_ICIS_AIR_FACILITIES,FED_FCC_LICENSING,NAME@ZIP,CORROBORATED,FACILITY_NAME+ZIP_CODE,ENTITY_NAME+ZIP_CODE,7,270351,1502987,0.0
FED_EPA_ICIS_AIR_ICIS_AIR_FACILITIES,FED_FDIC_BANK_DATA,NAME@ZIP,CORROBORATED,FACILITY_NAME+ZIP_CODE,NAME+ZIP,25,270351,27620,0.1
FED_EPA_ICIS_AIR_ICIS_AIR_FACILITIES,FED_FEC_COMMITTEE_TO_CANDIDATE,NAME@ZIP,CORROBORATED,FACILITY_NAME+ZIP_CODE,NAME+ZIP_CODE,23,270351,17747,0.1
FED_EPA_ICIS_AIR_ICIS_AIR_FACILITIES,FED_FEC_INDIV_CONTRIBUTIONS,NAME@ZIP,CORROBORATED,FACILITY_NAME+ZIP_CODE,NAME+ZIP_CODE,69,270351,5251703,0.0
FED_EPA_ICIS_AIR_ICIS_AIR_FACILITIES,FED_FHFA_FHLB_MEMBERSHIP,NAME@ZIP,CORROBORATED,FACILITY_NAME+ZIP_CODE,MEMBER_NAME+ZIP,18,270351,6325,0.3
FED_EPA_ICIS_AIR_ICIS_AIR_FACILITIES,FED_HRSA_HPSA_PRIMARY_CARE,NAME@ZIP,CORROBORATED,FACILITY_NAME+ZIP_CODE,HPSA_COMPONENT_NAME+COMMON_POSTAL_CODE,58,270351,6952,0.8
FED_EPA_ICIS_AIR_ICIS_AIR_FACILITIES,FED_HRSA_SHORTAGE_AREAS,NAME@ZIP,CORROBORATED,FACILITY_NAME+ZIP_CODE,HPSA_COMPONENT_NAME+COMMON_POSTAL_CODE,93,270351,7829,1.2
FED_EPA_ICIS_AIR_ICIS_AIR_FACILITIES,FED_HRSA_UDS_SERVICE_DELIVERY_SITES,NAME@ZIP,CORROBORATED,FACILITY_NAME+ZIP_CODE,SITE_NAME+SITE_POSTAL_CODE,33,270351,18468,0.2
FED_EPA_ICIS_AIR_ICIS_AIR_FACILITIES,FED_HUD_ASSISTED_HOUSING_PROJECTS,NAME@ZIP,CORROBORATED,FACILITY_NAME+ZIP_CODE,NAME+STD_ZIP5,14,270351,24871,0.1
FED_EPA_ICIS_AIR_ICIS_AIR_FACILITIES,FED_HUD_PUBLIC_HOUSING_AUTHORITIES,NAME@ZIP,CORROBORATED,FACILITY_NAME+ZIP_CODE,FORMAL_PARTICIPANT_NAME+STD_ZIP5,18,270351,3774,0.5
FED_EPA_ICIS_AIR_ICIS_AIR_FACILITIES,FED_ICE_DETENTION_FACILITY_CODES,NAME@ZIP,CORROBORATED,FACILITY_NAME+ZIP_CODE,DETENTION_FACILITY_NAME+ZIP,17,270351,1327,1.3
FED_EPA_ICIS_AIR_ICIS_AIR_FACILITIES,FED_IRS_AUTO_REVOCATIONS,NAME@ZIP,CORROBORATED,FACILITY_NAME+ZIP_CODE,LEGAL_NAME+ZIP_CODE,117,270351,1149844,0.0
FED_EPA_ICIS_AIR_ICIS_AIR_FACILITIES,FED_IRS_BMF,NAME@ZIP,CORROBORATED,FACILITY_NAME+ZIP_CODE,NAME+ZIP,874,270351,1868041,0.3
FED_EPA_ICIS_AIR_ICIS_AIR_FACILITIES,FED_IRS_EO_BMF,NAME@ZIP,CORROBORATED,FACILITY_NAME+ZIP_CODE,NAME+ZIP,874,270351,1878425,0.3
FED_EPA_ICIS_AIR_ICIS_AIR_FACILITIES,FED_IRS_REVOCATION,NAME@ZIP,CORROBORATED,FACILITY_NAME+ZIP_CODE,LEGAL_NAME+ZIP_CODE,117,270351,1149230,0.0
FED_EPA_ICIS_AIR_ICIS_AIR_FACILITIES,FED_NCUA_CALL_REPORTS_FOICU,NAME@ZIP,CORROBORATED,FACILITY_NAME+ZIP_CODE,CU_NAME+ZIP_CODE,11,270351,4335,0.3
FED_EPA_ICIS_AIR_ICIS_AIR_FACILITIES,FED_NCUA_FEDERALLY_INSURED_CU_LIST,NAME@ZIP,CORROBORATED,FACILITY_NAME+ZIP_CODE,CREDIT_UNION_NAME+ZIP_CODE_MAILING_ADDRESS,11,270351,4249,0.3
FED_EPA_ICIS_AIR_ICIS_AIR_FACILITIES,FED_NTSB_AVIATION_AIRCRAFT,NAME@ZIP,CORROBORATED,FACILITY_NAME+ZIP_CODE,OPER_NAME+OWNER_ZIP,29,270351,14890,0.2
FED_EPA_ICIS_AIR_ICIS_AIR_FACILITIES,FED_NTSB_AVIATION_EVENTS,NAME@ZIP,CORROBORATED,FACILITY_NAME+ZIP_CODE,APT_NAME+EV_SITE_ZIPCODE,28,270351,15605,0.2
FED_EPA_ICIS_AIR_ICIS_AIR_FACILITIES,FED_OSHA_ITA_300A_SUMMARY_2023,NAME@ZIP,CORROBORATED,FACILITY_NAME+ZIP_CODE,ESTABLISHMENT_NAME+ZIP_CODE,6371,270351,373106,2.4
FED_EPA_ICIS_AIR_ICIS_AIR_FACILITIES,FED_OSHA_ITA_300A_SUMMARY_2024,NAME@ZIP,CORROBORATED,FACILITY_NAME+ZIP_CODE,ESTABLISHMENT_NAME+ZIP_CODE,5289,270351,360069,2.0
FED_EPA_ICIS_AIR_ICIS_AIR_FACILITIES,FED_OSHA_ITA_300A_SUMMARY_2025,NAME@ZIP,CORROBORATED,FACILITY_NAME+ZIP_CODE,ESTABLISHMENT_NAME+ZIP_CODE,5611,270351,375575,2.1
FED_EPA_ICIS_AIR_ICIS_AIR_FACILITIES,FED_OSHA_ITA_CASE_DETAIL_2023,NAME@ZIP,CORROBORATED,FACILITY_NAME+ZIP_CODE,ESTABLISHMENT_NAME+ZIP_CODE,2291,270351,85607,2.7
FED_EPA_ICIS_AIR_ICIS_AIR_FACILITIES,FED_OSHA_ITA_CASE_DETAIL_2024,NAME@ZIP,CORROBORATED,FACILITY_NAME+ZIP_CODE,ESTABLISHMENT_NAME+ZIP_CODE,1397,270351,59854,2.3
FED_EPA_ICIS_AIR_ICIS_AIR_FACILITIES,FED_OSHA_ITA_CASE_DETAIL_2025,NAME@ZIP,CORROBORATED,FACILITY_NAME+ZIP_CODE,ESTABLISHMENT_NAME+ZIP_CODE,974,270351,33457,2.9
FED_EPA_ICIS_AIR_ICIS_AIR_FACILITIES,FED_SAM_EXCLUSIONS,NAME@ZIP,CORROBORATED,FACILITY_NAME+ZIP_CODE,ENTITY_NAME+ZIP,10,270351,8485,0.1
FED_EPA_ICIS_AIR_ICIS_AIR_FACILITIES,FED_SAM_EXCLUSIONS_FULL_R2,NAME@ZIP,CORROBORATED,FACILITY_NAME+ZIP_CODE,NAME+ZIP_CODE,41,270351,7285,0.6
FED_EPA_ICIS_AIR_ICIS_AIR_FACILITIES,FED_SEC_13F_FILERS,NAME@ZIP,CORROBORATED,FACILITY_NAME+ZIP_CODE,FILINGMANAGER_NAME+FILINGMANAGER_ZIPCODE,24,270351,18430,0.1
FED_EPA_ICIS_AIR_ICIS_AIR_FACILITIES,FED_USASPENDING_CONTRACTS,NAME@ZIP,CORROBORATED,FACILITY_NAME+ZIP_CODE,RECIPIENT_NAME+RECIPIENT_ZIP_4_CODE,1353,270351,91616,1.5
FED_EPA_ICIS_AIR_ICIS_AIR_FACILITIES,FED_USCG_NRC_INCIDENTS,NAME@ZIP,CORROBORATED,FACILITY_NAME+ZIP_CODE,RESPONSIBLE_COMPANY+RESPONSIBLE_ZIP,2812,270351,93650,3.0
FED_EPA_ICIS_AIR_ICIS_AIR_FACILITIES,FED_USCG_NRC_INCIDENT_REPORTS,NAME@ZIP,CORROBORATED,FACILITY_NAME+ZIP_CODE,RESPONSIBLE_COMPANY+RESPONSIBLE_ZIP,661,270351,15011,4.4
FED_EPA_ICIS_AIR_ICIS_AIR_FACILITIES,IRS527_RELATED_ENTITIES,NAME@ZIP,CORROBORATED,FACILITY_NAME+ZIP_CODE,ENTITY_NAME+ENTITY_ZIP,26,270351,11739,0.2
FED_EPA_ICIS_AIR_ICIS_AIR_FACILITIES,ST_NYC_CFB_CAMPAIGN_2001_CONTRIBUTION,NAME@ZIP,CORROBORATED,FACILITY_NAME+ZIP_CODE,NAME+ZIP,12,270351,120204,0.0
FED_EPA_ICIS_AIR_ICIS_AIR_FACILITIES,XC_EPA_CORPORATE_CROSSWALK,FRS_ID,STEEL,REGISTRY_ID,EPA_REGISTRY_ID,265793,266026,5300149,99.9
FED_EPA_ICIS_FEC_CASE_ENFORCEMENT_CONCLUSION_FACILITIES,FED_EPA_ICIS_FEC_CASE_FACILITIES,FRS_ID,STEEL,FACILITY_UIN,REGISTRY_ID,104698,105113,113854,99.6
FED_EPA_ICIS_FEC_CASE_ENFORCEMENT_CONCLUSION_FACILITIES,FED_EPA_ICIS_FEC_CASE_FACILITIES,NAME@ZIP,CORROBORATED,FACILITY_NAME+FACILITY_ZIP,FACILITY_NAME+ZIP,108485,108488,117594,100.0
FED_EPA_ICIS_FEC_CASE_ENFORCEMENT_CONCLUSION_FACILITIES,FED_EPA_ICIS_FEC_EPA_INFORMAL_ENFORCEMENT_ACTIONS,FRS_ID,STEEL,FACILITY_UIN,REGISTRY_ID,3697,105113,14606,25.3
FED_EPA_ICIS_FEC_CASE_ENFORCEMENT_CONCLUSION_FACILITIES,FED_EPA_ICIS_FEC_ICIS_FEC_EPA_INSPECTIONS,FRS_ID,STEEL,FACILITY_UIN,REGISTRY_ID,31754,105113,156326,30.2
FED_EPA_ICIS_FEC_CASE_ENFORCEMENT_CONCLUSION_FACILITIES,FED_EPA_NPDES_ICIS_FACILITIES,NAME@ZIP,CORROBORATED,FACILITY_NAME+FACILITY_ZIP,FACILITY_NAME+ZIP,14457,108488,1077821,13.3
FED_EPA_ICIS_FEC_CASE_ENFORCEMENT_CONCLUSION_FACILITIES,FED_EPA_NPDES_NPDES_INFORMAL_ENFORCEMENT_ACTIONS,FRS_ID,STEEL,FACILITY_UIN,REGISTRY_ID,8474,105113,112933,8.1
FED_EPA_ICIS_FEC_CASE_ENFORCEMENT_CONCLUSION_FACILITIES,FED_EPA_NPDES_NPDES_INSPECTIONS,FRS_ID,STEEL,FACILITY_UIN,REGISTRY_ID,16102,105113,263075,15.3
FED_EPA_ICIS_FEC_CASE_ENFORCEMENT_CONCLUSION_FACILITIES,FED_EPA_RCRA_FACILITIES,NAME@ZIP,CORROBORATED,FACILITY_NAME+FACILITY_ZIP,FACILITY_NAME+ZIP_CODE,13474,108488,1429903,12.4
FED_EPA_ICIS_FEC_CASE_ENFORCEMENT_CONCLUSION_FACILITIES,FED_EPA_RCRA_RCRA_FACILITIES,NAME@ZIP,CORROBORATED,FACILITY_NAME+FACILITY_ZIP,FACILITY_NAME+ZIP_CODE,13474,108488,1429903,12.4
FED_EPA_ICIS_FEC_CASE_ENFORCEMENT_CONCLUSION_FACILITIES,FED_EPA_SDWA_SDWA_PUB_WATER_SYSTEMS,NAME@ZIP,CORROBORATED,FACILITY_NAME+FACILITY_ZIP,PWS_NAME+ZIP_CODE,3297,108488,395686,3.0
FED_EPA_ICIS_FEC_CASE_ENFORCEMENT_CONCLUSION_FACILITIES,FED_EPA_SUPERFUND_SITE_BOUNDARIES,NAME@ZIP,CORROBORATED,FACILITY_NAME+FACILITY_ZIP,SITE_NAME+ZIP_CODE,925,108488,1906,48.5
FED_EPA_ICIS_FEC_CASE_ENFORCEMENT_CONCLUSION_FACILITIES,FED_EPA_TRI_BASIC_2023,FRS_ID,STEEL,FACILITY_UIN,C_3_FRS_ID,6712,105113,21760,30.8
FED_EPA_ICIS_FEC_CASE_ENFORCEMENT_CONCLUSION_FACILITIES,FED_EPA_TRI_BASIC_2023,NAME@ZIP,CORROBORATED,FACILITY_NAME+FACILITY_ZIP,C_4_FACILITY_NAME+C_9_ZIP,2999,108488,21697,13.8
FED_EPA_ICIS_FEC_CASE_ENFORCEMENT_CONCLUSION_FACILITIES,FED_EPA_TRI_FACILITY,NAME@ZIP,CORROBORATED,FACILITY_NAME+FACILITY_ZIP,FACILITY_NAME+ZIP_CODE,6410,108488,63963,10.0
FED_EPA_ICIS_FEC_CASE_ENFORCEMENT_CONCLUSION_FACILITIES,FED_FAA_AIRCRAFT_REGISTRY,NAME@ZIP,CORROBORATED,FACILITY_NAME+FACILITY_ZIP,NAME+ZIP_CODE,224,108488,205605,0.2
FED_EPA_ICIS_FEC_CASE_ENFORCEMENT_CONCLUSION_FACILITIES,FED_FAC_SINGLE_AUDIT,NAME@ZIP,CORROBORATED,FACILITY_NAME+FACILITY_ZIP,AUDITEE_NAME+AUDITEE_ZIP,1209,108488,103191,1.2
FED_EPA_ICIS_FEC_CASE_ENFORCEMENT_CONCLUSION_FACILITIES,FED_FEC_COMMITTEE_TO_CANDIDATE,NAME@ZIP,CORROBORATED,FACILITY_NAME+FACILITY_ZIP,NAME+ZIP_CODE,21,108488,17747,0.1
FED_EPA_ICIS_FEC_CASE_ENFORCEMENT_CONCLUSION_FACILITIES,FED_FEC_INDIV_CONTRIBUTIONS,NAME@ZIP,CORROBORATED,FACILITY_NAME+FACILITY_ZIP,NAME+ZIP_CODE,81,108488,5251703,0.1
FED_EPA_ICIS_FEC_CASE_ENFORCEMENT_CONCLUSION_FACILITIES,FED_HRSA_HPSA_PRIMARY_CARE,NAME@ZIP,CORROBORATED,FACILITY_NAME+FACILITY_ZIP,HPSA_COMPONENT_NAME+COMMON_POSTAL_CODE,39,108488,6952,0.6
FED_EPA_ICIS_FEC_CASE_ENFORCEMENT_CONCLUSION_FACILITIES,FED_HRSA_SHORTAGE_AREAS,NAME@ZIP,CORROBORATED,FACILITY_NAME+FACILITY_ZIP,HPSA_COMPONENT_NAME+COMMON_POSTAL_CODE,54,108488,7829,0.7
FED_EPA_ICIS_FEC_CASE_ENFORCEMENT_CONCLUSION_FACILITIES,FED_HRSA_UDS_SERVICE_DELIVERY_SITES,NAME@ZIP,CORROBORATED,FACILITY_NAME+FACILITY_ZIP,SITE_NAME+SITE_POSTAL_CODE,16,108488,18468,0.1
FED_EPA_ICIS_FEC_CASE_ENFORCEMENT_CONCLUSION_FACILITIES,FED_HUD_ASSISTED_HOUSING_PROJECTS,NAME@ZIP,CORROBORATED,FACILITY_NAME+FACILITY_ZIP,NAME+STD_ZIP5,10,108488,24871,0.0
FED_EPA_ICIS_FEC_CASE_ENFORCEMENT_CONCLUSION_FACILITIES,FED_HUD_PUBLIC_HOUSING_AUTHORITIES,NAME@ZIP,CORROBORATED,FACILITY_NAME+FACILITY_ZIP,FORMAL_PARTICIPANT_NAME+STD_ZIP5,42,108488,3774,1.1
FED_EPA_ICIS_FEC_CASE_ENFORCEMENT_CONCLUSION_FACILITIES,FED_ICE_DETENTION_FACILITY_CODES,NAME@ZIP,CORROBORATED,FACILITY_NAME+FACILITY_ZIP,DETENTION_FACILITY_NAME+ZIP,8,108488,1327,0.6
FED_EPA_ICIS_FEC_CASE_ENFORCEMENT_CONCLUSION_FACILITIES,FED_IRS_AUTO_REVOCATIONS,NAME@ZIP,CORROBORATED,FACILITY_NAME+FACILITY_ZIP,LEGAL_NAME+ZIP_CODE,84,108488,1149844,0.1
FED_EPA_ICIS_FEC_CASE_ENFORCEMENT_CONCLUSION_FACILITIES,FED_IRS_BMF,NAME@ZIP,CORROBORATED,FACILITY_NAME+FACILITY_ZIP,NAME+ZIP,551,108488,1868041,0.5
FED_EPA_ICIS_FEC_CASE_ENFORCEMENT_CONCLUSION_FACILITIES,FED_IRS_EO_BMF,NAME@ZIP,CORROBORATED,FACILITY_NAME+FACILITY_ZIP,NAME+ZIP,548,108488,1878425,0.5
FED_EPA_ICIS_FEC_CASE_ENFORCEMENT_CONCLUSION_FACILITIES,FED_IRS_REVOCATION,NAME@ZIP,CORROBORATED,FACILITY_NAME+FACILITY_ZIP,LEGAL_NAME+ZIP_CODE,84,108488,1149230,0.1
FED_EPA_ICIS_FEC_CASE_ENFORCEMENT_CONCLUSION_FACILITIES,FED_NCUA_CALL_REPORTS_FOICU,NAME@ZIP,CORROBORATED,FACILITY_NAME+FACILITY_ZIP,CU_NAME+ZIP_CODE,14,108488,4335,0.3
FED_EPA_ICIS_FEC_CASE_ENFORCEMENT_CONCLUSION_FACILITIES,FED_NCUA_FEDERALLY_INSURED_CU_LIST,NAME@ZIP,CORROBORATED,FACILITY_NAME+FACILITY_ZIP,CREDIT_UNION_NAME+ZIP_CODE_MAILING_ADDRESS,14,108488,4249,0.3
FED_EPA_ICIS_FEC_CASE_ENFORCEMENT_CONCLUSION_FACILITIES,FED_NTSB_AVIATION_AIRCRAFT,NAME@ZIP,CORROBORATED,FACILITY_NAME+FACILITY_ZIP,OPER_NAME+OWNER_ZIP,60,108488,14890,0.4
FED_EPA_ICIS_FEC_CASE_ENFORCEMENT_CONCLUSION_FACILITIES,FED_NTSB_AVIATION_EVENTS,NAME@ZIP,CORROBORATED,FACILITY_NAME+FACILITY_ZIP,APT_NAME+EV_SITE_ZIPCODE,49,108488,15605,0.3
FED_EPA_ICIS_FEC_CASE_ENFORCEMENT_CONCLUSION_FACILITIES,FED_OSHA_ITA_300A_SUMMARY_2023,NAME@ZIP,CORROBORATED,FACILITY_NAME+FACILITY_ZIP,ESTABLISHMENT_NAME+ZIP_CODE,2578,108488,373106,2.4
FED_EPA_ICIS_FEC_CASE_ENFORCEMENT_CONCLUSION_FACILITIES,FED_OSHA_ITA_300A_SUMMARY_2024,NAME@ZIP,CORROBORATED,FACILITY_NAME+FACILITY_ZIP,ESTABLISHMENT_NAME+ZIP_CODE,2205,108488,360069,2.0
FED_EPA_ICIS_FEC_CASE_ENFORCEMENT_CONCLUSION_FACILITIES,FED_OSHA_ITA_300A_SUMMARY_2025,NAME@ZIP,CORROBORATED,FACILITY_NAME+FACILITY_ZIP,ESTABLISHMENT_NAME+ZIP_CODE,2292,108488,375575,2.1
FED_EPA_ICIS_FEC_CASE_ENFORCEMENT_CONCLUSION_FACILITIES,FED_OSHA_ITA_CASE_DETAIL_2023,NAME@ZIP,CORROBORATED,FACILITY_NAME+FACILITY_ZIP,ESTABLISHMENT_NAME+ZIP_CODE,821,108488,85607,1.0
FED_EPA_ICIS_FEC_CASE_ENFORCEMENT_CONCLUSION_FACILITIES,FED_OSHA_ITA_CASE_DETAIL_2024,NAME@ZIP,CORROBORATED,FACILITY_NAME+FACILITY_ZIP,ESTABLISHMENT_NAME+ZIP_CODE,539,108488,59854,0.9
FED_EPA_ICIS_FEC_CASE_ENFORCEMENT_CONCLUSION_FACILITIES,FED_OSHA_ITA_CASE_DETAIL_2025,NAME@ZIP,CORROBORATED,FACILITY_NAME+FACILITY_ZIP,ESTABLISHMENT_NAME+ZIP_CODE,349,108488,33457,1.0
FED_EPA_ICIS_FEC_CASE_ENFORCEMENT_CONCLUSION_FACILITIES,FED_SAM_EXCLUSIONS,NAME@ZIP,CORROBORATED,FACILITY_NAME+FACILITY_ZIP,ENTITY_NAME+ZIP,12,108488,8485,0.1
FED_EPA_ICIS_FEC_CASE_ENFORCEMENT_CONCLUSION_FACILITIES,FED_SAM_EXCLUSIONS_FULL_R2,NAME@ZIP,CORROBORATED,FACILITY_NAME+FACILITY_ZIP,NAME+ZIP_CODE,51,108488,7285,0.7
FED_EPA_ICIS_FEC_CASE_ENFORCEMENT_CONCLUSION_FACILITIES,FED_SEC_13F_FILERS,NAME@ZIP,CORROBORATED,FACILITY_NAME+FACILITY_ZIP,FILINGMANAGER_NAME+FILINGMANAGER_ZIPCODE,18,108488,18430,0.1
FED_EPA_ICIS_FEC_CASE_ENFORCEMENT_CONCLUSION_FACILITIES,FED_USASPENDING_CONTRACTS,NAME@ZIP,CORROBORATED,FACILITY_NAME+FACILITY_ZIP,RECIPIENT_NAME+RECIPIENT_ZIP_4_CODE,912,108488,91616,1.0
FED_EPA_ICIS_FEC_CASE_ENFORCEMENT_CONCLUSION_FACILITIES,FED_USCG_NRC_INCIDENTS,NAME@ZIP,CORROBORATED,FACILITY_NAME+FACILITY_ZIP,RESPONSIBLE_COMPANY+RESPONSIBLE_ZIP,3662,108488,93650,3.9
FED_EPA_ICIS_FEC_CASE_ENFORCEMENT_CONCLUSION_FACILITIES,FED_USCG_NRC_INCIDENT_REPORTS,NAME@ZIP,CORROBORATED,FACILITY_NAME+FACILITY_ZIP,RESPONSIBLE_COMPANY+RESPONSIBLE_ZIP,754,108488,15011,5.0
FED_EPA_ICIS_FEC_CASE_ENFORCEMENT_CONCLUSION_FACILITIES,IRS527_RELATED_ENTITIES,NAME@ZIP,CORROBORATED,FACILITY_NAME+FACILITY_ZIP,ENTITY_NAME+ENTITY_ZIP,35,108488,11739,0.3
FED_EPA_ICIS_FEC_CASE_ENFORCEMENT_CONCLUSION_FACILITIES,ST_NYC_CFB_CAMPAIGN_2001_CONTRIBUTION,NAME@ZIP,CORROBORATED,FACILITY_NAME+FACILITY_ZIP,NAME+ZIP,7,108488,120204,0.0
FED_EPA_ICIS_FEC_CASE_ENFORCEMENT_CONCLUSION_FACILITIES,XC_EPA_CORPORATE_CROSSWALK,FRS_ID,STEEL,FACILITY_UIN,EPA_REGISTRY_ID,104470,105113,5300149,99.4
FED_EPA_ICIS_FEC_CASE_FACILITIES,FED_EPA_ICIS_FEC_EPA_INFORMAL_ENFORCEMENT_ACTIONS,FRS_ID,STEEL,REGISTRY_ID,REGISTRY_ID,3809,113854,14606,26.1
FED_EPA_ICIS_FEC_CASE_FACILITIES,FED_EPA_ICIS_FEC_ICIS_FEC_EPA_INSPECTIONS,FRS_ID,STEEL,REGISTRY_ID,REGISTRY_ID,32400,113854,156326,28.5
FED_EPA_ICIS_FEC_CASE_FACILITIES,FED_EPA_NPDES_ICIS_FACILITIES,NAME@ZIP,CORROBORATED,FACILITY_NAME+ZIP,FACILITY_NAME+ZIP,15072,117594,1077821,12.8
FED_EPA_ICIS_FEC_CASE_FACILITIES,FED_EPA_NPDES_NPDES_INFORMAL_ENFORCEMENT_ACTIONS,FRS_ID,STEEL,REGISTRY_ID,REGISTRY_ID,8821,113854,112933,7.8
FED_EPA_ICIS_FEC_CASE_FACILITIES,FED_EPA_NPDES_NPDES_INSPECTIONS,FRS_ID,STEEL,REGISTRY_ID,REGISTRY_ID,16902,113854,263075,14.8
FED_EPA_ICIS_FEC_CASE_FACILITIES,FED_EPA_RCRA_FACILITIES,NAME@ZIP,CORROBORATED,FACILITY_NAME+ZIP,FACILITY_NAME+ZIP_CODE,15438,117594,1429903,13.1
FED_EPA_ICIS_FEC_CASE_FACILITIES,FED_EPA_RCRA_RCRA_FACILITIES,NAME@ZIP,CORROBORATED,FACILITY_NAME+ZIP,FACILITY_NAME+ZIP_CODE,15438,117594,1429903,13.1
FED_EPA_ICIS_FEC_CASE_FACILITIES,FED_EPA_SDWA_SDWA_PUB_WATER_SYSTEMS,NAME@ZIP,CORROBORATED,FACILITY_NAME+ZIP,PWS_NAME+ZIP_CODE,3487,117594,395686,3.0
FED_EPA_ICIS_FEC_CASE_FACILITIES,FED_EPA_SUPERFUND_SITE_BOUNDARIES,NAME@ZIP,CORROBORATED,FACILITY_NAME+ZIP,SITE_NAME+ZIP_CODE,961,117594,1906,50.4
FED_EPA_ICIS_FEC_CASE_FACILITIES,FED_EPA_TRI_BASIC_2023,FRS_ID,STEEL,REGISTRY_ID,C_3_FRS_ID,6875,113854,21760,31.6
FED_EPA_ICIS_FEC_CASE_FACILITIES,FED_EPA_TRI_BASIC_2023,NAME@ZIP,CORROBORATED,FACILITY_NAME+ZIP,C_4_FACILITY_NAME+C_9_ZIP,3049,117594,21697,14.1
FED_EPA_ICIS_FEC_CASE_FACILITIES,FED_EPA_TRI_FACILITY,NAME@ZIP,CORROBORATED,FACILITY_NAME+ZIP,FACILITY_NAME+ZIP_CODE,6644,117594,63963,10.4
FED_EPA_ICIS_FEC_CASE_FACILITIES,FED_FAA_AIRCRAFT_REGISTRY,NAME@ZIP,CORROBORATED,FACILITY_NAME+ZIP,NAME+ZIP_CODE,230,117594,205605,0.2
FED_EPA_ICIS_FEC_CASE_FACILITIES,FED_FAC_SINGLE_AUDIT,NAME@ZIP,CORROBORATED,FACILITY_NAME+ZIP,AUDITEE_NAME+AUDITEE_ZIP,1317,117594,103191,1.3
FED_EPA_ICIS_FEC_CASE_FACILITIES,FED_FEC_COMMITTEE_TO_CANDIDATE,NAME@ZIP,CORROBORATED,FACILITY_NAME+ZIP,NAME+ZIP_CODE,21,117594,17747,0.1
FED_EPA_ICIS_FEC_CASE_FACILITIES,FED_FEC_INDIV_CONTRIBUTIONS,NAME@ZIP,CORROBORATED,FACILITY_NAME+ZIP,NAME+ZIP_CODE,81,117594,5251703,0.1
FED_EPA_ICIS_FEC_CASE_FACILITIES,FED_HRSA_HPSA_PRIMARY_CARE,NAME@ZIP,CORROBORATED,FACILITY_NAME+ZIP,HPSA_COMPONENT_NAME+COMMON_POSTAL_CODE,41,117594,6952,0.6
FED_EPA_ICIS_FEC_CASE_FACILITIES,FED_HRSA_SHORTAGE_AREAS,NAME@ZIP,CORROBORATED,FACILITY_NAME+ZIP,HPSA_COMPONENT_NAME+COMMON_POSTAL_CODE,57,117594,7829,0.7
FED_EPA_ICIS_FEC_CASE_FACILITIES,FED_HRSA_UDS_SERVICE_DELIVERY_SITES,NAME@ZIP,CORROBORATED,FACILITY_NAME+ZIP,SITE_NAME+SITE_POSTAL_CODE,17,117594,18468,0.1
FED_EPA_ICIS_FEC_CASE_FACILITIES,FED_HUD_ASSISTED_HOUSING_PROJECTS,NAME@ZIP,CORROBORATED,FACILITY_NAME+ZIP,NAME+STD_ZIP5,10,117594,24871,0.0
FED_EPA_ICIS_FEC_CASE_FACILITIES,FED_HUD_PUBLIC_HOUSING_AUTHORITIES,NAME@ZIP,CORROBORATED,FACILITY_NAME+ZIP,FORMAL_PARTICIPANT_NAME+STD_ZIP5,43,117594,3774,1.1
FED_EPA_ICIS_FEC_CASE_FACILITIES,FED_ICE_DETENTION_FACILITY_CODES,NAME@ZIP,CORROBORATED,FACILITY_NAME+ZIP,DETENTION_FACILITY_NAME+ZIP,9,117594,1327,0.7
FED_EPA_ICIS_FEC_CASE_FACILITIES,FED_IRS_AUTO_REVOCATIONS,NAME@ZIP,CORROBORATED,FACILITY_NAME+ZIP,LEGAL_NAME+ZIP_CODE,101,117594,1149844,0.1
FED_EPA_ICIS_FEC_CASE_FACILITIES,FED_IRS_BMF,NAME@ZIP,CORROBORATED,FACILITY_NAME+ZIP,NAME+ZIP,618,117594,1868041,0.5
FED_EPA_ICIS_FEC_CASE_FACILITIES,FED_IRS_EO_BMF,NAME@ZIP,CORROBORATED,FACILITY_NAME+ZIP,NAME+ZIP,613,117594,1878425,0.5
FED_EPA_ICIS_FEC_CASE_FACILITIES,FED_IRS_REVOCATION,NAME@ZIP,CORROBORATED,FACILITY_NAME+ZIP,LEGAL_NAME+ZIP_CODE,101,117594,1149230,0.1
FED_EPA_ICIS_FEC_CASE_FACILITIES,FED_NCUA_CALL_REPORTS_FOICU,NAME@ZIP,CORROBORATED,FACILITY_NAME+ZIP,CU_NAME+ZIP_CODE,15,117594,4335,0.3
FED_EPA_ICIS_FEC_CASE_FACILITIES,FED_NCUA_FEDERALLY_INSURED_CU_LIST,NAME@ZIP,CORROBORATED,FACILITY_NAME+ZIP,CREDIT_UNION_NAME+ZIP_CODE_MAILING_ADDRESS,15,117594,4249,0.4
FED_EPA_ICIS_FEC_CASE_FACILITIES,FED_NTSB_AVIATION_AIRCRAFT,NAME@ZIP,CORROBORATED,FACILITY_NAME+ZIP,OPER_NAME+OWNER_ZIP,60,117594,14890,0.4
FED_EPA_ICIS_FEC_CASE_FACILITIES,FED_NTSB_AVIATION_EVENTS,NAME@ZIP,CORROBORATED,FACILITY_NAME+ZIP,APT_NAME+EV_SITE_ZIPCODE,56,117594,15605,0.4
FED_EPA_ICIS_FEC_CASE_FACILITIES,FED_OSHA_ITA_300A_SUMMARY_2023,NAME@ZIP,CORROBORATED,FACILITY_NAME+ZIP,ESTABLISHMENT_NAME+ZIP_CODE,2656,117594,373106,2.3
FED_EPA_ICIS_FEC_CASE_FACILITIES,FED_OSHA_ITA_300A_SUMMARY_2024,NAME@ZIP,CORROBORATED,FACILITY_NAME+ZIP,ESTABLISHMENT_NAME+ZIP_CODE,2302,117594,360069,2.0
FED_EPA_ICIS_FEC_CASE_FACILITIES,FED_OSHA_ITA_300A_SUMMARY_2025,NAME@ZIP,CORROBORATED,FACILITY_NAME+ZIP,ESTABLISHMENT_NAME+ZIP_CODE,2385,117594,375575,2.0
FED_EPA_ICIS_FEC_CASE_FACILITIES,FED_OSHA_ITA_CASE_DETAIL_2023,NAME@ZIP,CORROBORATED,FACILITY_NAME+ZIP,ESTABLISHMENT_NAME+ZIP_CODE,855,117594,85607,1.0
FED_EPA_ICIS_FEC_CASE_FACILITIES,FED_OSHA_ITA_CASE_DETAIL_2024,NAME@ZIP,CORROBORATED,FACILITY_NAME+ZIP,ESTABLISHMENT_NAME+ZIP_CODE,589,117594,59854,1.0
FED_EPA_ICIS_FEC_CASE_FACILITIES,FED_OSHA_ITA_CASE_DETAIL_2025,NAME@ZIP,CORROBORATED,FACILITY_NAME+ZIP,ESTABLISHMENT_NAME+ZIP_CODE,387,117594,33457,1.2
FED_EPA_ICIS_FEC_CASE_FACILITIES,FED_SAM_EXCLUSIONS,NAME@ZIP,CORROBORATED,FACILITY_NAME+ZIP,ENTITY_NAME+ZIP,14,117594,8485,0.2
FED_EPA_ICIS_FEC_CASE_FACILITIES,FED_SAM_EXCLUSIONS_FULL_R2,NAME@ZIP,CORROBORATED,FACILITY_NAME+ZIP,NAME+ZIP_CODE,54,117594,7285,0.7
FED_EPA_ICIS_FEC_CASE_FACILITIES,FED_SEC_13F_FILERS,NAME@ZIP,CORROBORATED,FACILITY_NAME+ZIP,FILINGMANAGER_NAME+FILINGMANAGER_ZIPCODE,18,117594,18430,0.1
FED_EPA_ICIS_FEC_CASE_FACILITIES,FED_USASPENDING_CONTRACTS,NAME@ZIP,CORROBORATED,FACILITY_NAME+ZIP,RECIPIENT_NAME+RECIPIENT_ZIP_4_CODE,930,117594,91616,1.0
FED_EPA_ICIS_FEC_CASE_FACILITIES,FED_USCG_NRC_INCIDENTS,NAME@ZIP,CORROBORATED,FACILITY_NAME+ZIP,RESPONSIBLE_COMPANY+RESPONSIBLE_ZIP,3809,117594,93650,4.1
FED_EPA_ICIS_FEC_CASE_FACILITIES,FED_USCG_NRC_INCIDENT_REPORTS,NAME@ZIP,CORROBORATED,FACILITY_NAME+ZIP,RESPONSIBLE_COMPANY+RESPONSIBLE_ZIP,774,117594,15011,5.2
FED_EPA_ICIS_FEC_CASE_FACILITIES,IRS527_RELATED_ENTITIES,NAME@ZIP,CORROBORATED,FACILITY_NAME+ZIP,ENTITY_NAME+ENTITY_ZIP,37,117594,11739,0.3
FED_EPA_ICIS_FEC_CASE_FACILITIES,ST_NYC_CFB_CAMPAIGN_2001_CONTRIBUTION,NAME@ZIP,CORROBORATED,FACILITY_NAME+ZIP,NAME+ZIP,7,117594,120204,0.0
FED_EPA_ICIS_FEC_CASE_FACILITIES,XC_EPA_CORPORATE_CROSSWALK,FRS_ID,STEEL,REGISTRY_ID,EPA_REGISTRY_ID,113462,113854,5300149,99.7
FED_EPA_ICIS_FEC_EPA_INFORMAL_ENFORCEMENT_ACTIONS,FED_EPA_ICIS_FEC_ICIS_FEC_EPA_INSPECTIONS,FRS_ID,STEEL,REGISTRY_ID,REGISTRY_ID,9670,14606,156326,66.2
FED_EPA_ICIS_FEC_EPA_INFORMAL_ENFORCEMENT_ACTIONS,FED_EPA_NPDES_NPDES_INFORMAL_ENFORCEMENT_ACTIONS,FRS_ID,STEEL,REGISTRY_ID,REGISTRY_ID,635,14606,112933,4.3
FED_EPA_ICIS_FEC_EPA_INFORMAL_ENFORCEMENT_ACTIONS,FED_EPA_NPDES_NPDES_INSPECTIONS,FRS_ID,STEEL,REGISTRY_ID,REGISTRY_ID,1182,14606,263075,8.1
FED_EPA_ICIS_FEC_EPA_INFORMAL_ENFORCEMENT_ACTIONS,FED_EPA_TRI_BASIC_2023,FRS_ID,STEEL,REGISTRY_ID,C_3_FRS_ID,1342,14606,21760,9.2
FED_EPA_ICIS_FEC_EPA_INFORMAL_ENFORCEMENT_ACTIONS,XC_EPA_CORPORATE_CROSSWALK,FRS_ID,STEEL,REGISTRY_ID,EPA_REGISTRY_ID,14546,14606,5300149,99.6
FED_EPA_ICIS_FEC_ICIS_FEC_EPA_INSPECTIONS,FED_EPA_NPDES_NPDES_INFORMAL_ENFORCEMENT_ACTIONS,FRS_ID,STEEL,REGISTRY_ID,REGISTRY_ID,7322,156326,112933,6.5
FED_EPA_ICIS_FEC_ICIS_FEC_EPA_INSPECTIONS,FED_EPA_NPDES_NPDES_INSPECTIONS,FRS_ID,STEEL,REGISTRY_ID,REGISTRY_ID,14427,156326,263075,9.2
FED_EPA_ICIS_FEC_ICIS_FEC_EPA_INSPECTIONS,FED_EPA_TRI_BASIC_2023,FRS_ID,STEEL,REGISTRY_ID,C_3_FRS_ID,8240,156326,21760,37.9
FED_EPA_ICIS_FEC_ICIS_FEC_EPA_INSPECTIONS,XC_EPA_CORPORATE_CROSSWALK,FRS_ID,STEEL,REGISTRY_ID,EPA_REGISTRY_ID,153573,156326,5300149,98.2
FED_EPA_NPDES_ICIS_FACILITIES,FED_EPA_NPDES_NPDES_CS_VIOLATIONS,NPDES_ID,STEEL,NPDES_ID,NPDES_ID,10589,1213737,10589,100.0
FED_EPA_NPDES_ICIS_FACILITIES,FED_EPA_NPDES_NPDES_FORMAL_ENFORCEMENT_ACTIONS,NPDES_ID,STEEL,NPDES_ID,NPDES_ID,49662,1213737,49662,100.0
FED_EPA_NPDES_ICIS_FACILITIES,FED_EPA_NPDES_NPDES_INFORMAL_ENFORCEMENT_ACTIONS,NPDES_ID,STEEL,NPDES_ID,NPDES_ID,119300,1213737,119300,100.0
FED_EPA_NPDES_ICIS_FACILITIES,FED_EPA_NPDES_NPDES_INSPECTIONS,NPDES_ID,STEEL,NPDES_ID,NPDES_ID,286752,1213737,286752,100.0
FED_EPA_NPDES_ICIS_FACILITIES,FED_EPA_NPDES_NPDES_NAICS,NPDES_ID,STEEL,NPDES_ID,NPDES_ID,306831,1213737,306831,100.0
FED_EPA_NPDES_ICIS_FACILITIES,FED_EPA_NPDES_NPDES_PS_VIOLATIONS,NPDES_ID,STEEL,NPDES_ID,NPDES_ID,44872,1213737,44872,100.0
FED_EPA_NPDES_ICIS_FACILITIES,FED_EPA_NPDES_NPDES_QNCR_HISTORY,NPDES_ID,STEEL,NPDES_ID,NPDES_ID,690126,1213737,690126,100.0
FED_EPA_NPDES_ICIS_FACILITIES,FED_EPA_NPDES_NPDES_SE_VIOLATIONS,NPDES_ID,STEEL,NPDES_ID,NPDES_ID,76435,1213737,76438,100.0
FED_EPA_NPDES_ICIS_FACILITIES,FED_EPA_NPDES_NPDES_SICS,NPDES_ID,STEEL,NPDES_ID,NPDES_ID,715074,1213737,715074,100.0
FED_EPA_NPDES_ICIS_FACILITIES,FED_EPA_RCRA_FACILITIES,NAME@ZIP,CORROBORATED,FACILITY_NAME+ZIP,FACILITY_NAME+ZIP_CODE,33976,1077821,1429903,3.2
FED_EPA_NPDES_ICIS_FACILITIES,FED_EPA_RCRA_RCRA_FACILITIES,NAME@ZIP,CORROBORATED,FACILITY_NAME+ZIP,FACILITY_NAME+ZIP_CODE,33976,1077821,1429903,3.2
FED_EPA_NPDES_ICIS_FACILITIES,FED_EPA_SDWA_SDWA_PUB_WATER_SYSTEMS,NAME@ZIP,CORROBORATED,FACILITY_NAME+ZIP,PWS_NAME+ZIP_CODE,5327,1077821,395686,1.3
FED_EPA_NPDES_ICIS_FACILITIES,FED_EPA_SUPERFUND_SITE_BOUNDARIES,NAME@ZIP,CORROBORATED,FACILITY_NAME+ZIP,SITE_NAME+ZIP_CODE,57,1077821,1906,3.0
FED_EPA_NPDES_ICIS_FACILITIES,FED_EPA_TRI_BASIC_2023,NAME@ZIP,CORROBORATED,FACILITY_NAME+ZIP,C_4_FACILITY_NAME+C_9_ZIP,6388,1077821,21697,29.4
FED_EPA_NPDES_ICIS_FACILITIES,FED_EPA_TRI_FACILITY,NAME@ZIP,CORROBORATED,FACILITY_NAME+ZIP,FACILITY_NAME+ZIP_CODE,11081,1077821,63963,17.3
FED_EPA_NPDES_ICIS_FACILITIES,FED_FAA_AIRCRAFT_REGISTRY,NAME@ZIP,CORROBORATED,FACILITY_NAME+ZIP,NAME+ZIP_CODE,465,1077821,205605,0.2
FED_EPA_NPDES_ICIS_FACILITIES,FED_FAC_SINGLE_AUDIT,NAME@ZIP,CORROBORATED,FACILITY_NAME+ZIP,AUDITEE_NAME+AUDITEE_ZIP,3659,1077821,103191,3.5
FED_EPA_NPDES_ICIS_FACILITIES,FED_FCC_LICENSING,NAME@ZIP,CORROBORATED,FACILITY_NAME+ZIP,ENTITY_NAME+ZIP_CODE,35,1077821,1502987,0.0
FED_EPA_NPDES_ICIS_FACILITIES,FED_FDIC_BANK_DATA,NAME@ZIP,CORROBORATED,FACILITY_NAME+ZIP,NAME+ZIP,62,1077821,27620,0.2
FED_EPA_NPDES_ICIS_FACILITIES,FED_FEC_COMMITTEE_TO_CANDIDATE,NAME@ZIP,CORROBORATED,FACILITY_NAME+ZIP,NAME+ZIP_CODE,20,1077821,17747,0.1
FED_EPA_NPDES_ICIS_FACILITIES,FED_FEC_INDIV_CONTRIBUTIONS,NAME@ZIP,CORROBORATED,FACILITY_NAME+ZIP,NAME+ZIP_CODE,230,1077821,5251703,0.0
FED_EPA_NPDES_ICIS_FACILITIES,FED_FHFA_FHLB_MEMBERSHIP,NAME@ZIP,CORROBORATED,FACILITY_NAME+ZIP,MEMBER_NAME+ZIP,78,1077821,6325,1.2
FED_EPA_NPDES_ICIS_FACILITIES,FED_HHS_OIG_LEIE,NAME@ZIP,CORROBORATED,FACILITY_NAME+ZIP,LASTNAME+ZIP,8,1077821,78462,0.0
FED_EPA_NPDES_ICIS_FACILITIES,FED_HRSA_HPSA_PRIMARY_CARE,NAME@ZIP,CORROBORATED,FACILITY_NAME+ZIP,HPSA_COMPONENT_NAME+COMMON_POSTAL_CODE,95,1077821,6952,1.4
FED_EPA_NPDES_ICIS_FACILITIES,FED_HRSA_SHORTAGE_AREAS,NAME@ZIP,CORROBORATED,FACILITY_NAME+ZIP,HPSA_COMPONENT_NAME+COMMON_POSTAL_CODE,115,1077821,7829,1.5
FED_EPA_NPDES_ICIS_FACILITIES,FED_HRSA_UDS_SERVICE_DELIVERY_SITES,NAME@ZIP,CORROBORATED,FACILITY_NAME+ZIP,SITE_NAME+SITE_POSTAL_CODE,97,1077821,18468,0.5
FED_EPA_NPDES_ICIS_FACILITIES,FED_HUD_ASSISTED_HOUSING_PROJECTS,NAME@ZIP,CORROBORATED,FACILITY_NAME+ZIP,NAME+STD_ZIP5,154,1077821,24871,0.6
FED_EPA_NPDES_ICIS_FACILITIES,FED_HUD_PUBLIC_HOUSING_AUTHORITIES,NAME@ZIP,CORROBORATED,FACILITY_NAME+ZIP,FORMAL_PARTICIPANT_NAME+STD_ZIP5,66,1077821,3774,1.7
FED_EPA_NPDES_ICIS_FACILITIES,FED_ICE_DETENTION_FACILITY_CODES,NAME@ZIP,CORROBORATED,FACILITY_NAME+ZIP,DETENTION_FACILITY_NAME+ZIP,21,1077821,1327,1.6
FED_EPA_NPDES_ICIS_FACILITIES,FED_IRS_AUTO_REVOCATIONS,NAME@ZIP,CORROBORATED,FACILITY_NAME+ZIP,LEGAL_NAME+ZIP_CODE,245,1077821,1149844,0.0
FED_EPA_NPDES_ICIS_FACILITIES,FED_IRS_BMF,NAME@ZIP,CORROBORATED,FACILITY_NAME+ZIP,NAME+ZIP,2909,1077821,1868041,0.3
FED_EPA_NPDES_ICIS_FACILITIES,FED_IRS_EO_BMF,NAME@ZIP,CORROBORATED,FACILITY_NAME+ZIP,NAME+ZIP,2912,1077821,1878425,0.3
FED_EPA_NPDES_ICIS_FACILITIES,FED_IRS_REVOCATION,NAME@ZIP,CORROBORATED,FACILITY_NAME+ZIP,LEGAL_NAME+ZIP_CODE,245,1077821,1149230,0.0
FED_EPA_NPDES_ICIS_FACILITIES,FED_NCUA_CALL_REPORTS_FOICU,NAME@ZIP,CORROBORATED,FACILITY_NAME+ZIP,CU_NAME+ZIP_CODE,18,1077821,4335,0.4
FED_EPA_NPDES_ICIS_FACILITIES,FED_NCUA_FEDERALLY_INSURED_CU_LIST,NAME@ZIP,CORROBORATED,FACILITY_NAME+ZIP,CREDIT_UNION_NAME+ZIP_CODE_MAILING_ADDRESS,18,1077821,4249,0.4
FED_EPA_NPDES_ICIS_FACILITIES,FED_NTSB_AVIATION_AIRCRAFT,NAME@ZIP,CORROBORATED,FACILITY_NAME+ZIP,OPER_NAME+OWNER_ZIP,83,1077821,14890,0.6
FED_EPA_NPDES_ICIS_FACILITIES,FED_NTSB_AVIATION_EVENTS,NAME@ZIP,CORROBORATED,FACILITY_NAME+ZIP,APT_NAME+EV_SITE_ZIPCODE,671,1077821,15605,4.3
FED_EPA_NPDES_ICIS_FACILITIES,FED_OSHA_ITA_300A_SUMMARY_2023,NAME@ZIP,CORROBORATED,FACILITY_NAME+ZIP,ESTABLISHMENT_NAME+ZIP_CODE,11341,1077821,373106,3.0
FED_EPA_NPDES_ICIS_FACILITIES,FED_OSHA_ITA_300A_SUMMARY_2024,NAME@ZIP,CORROBORATED,FACILITY_NAME+ZIP,ESTABLISHMENT_NAME+ZIP_CODE,9601,1077821,360069,2.7
FED_EPA_NPDES_ICIS_FACILITIES,FED_OSHA_ITA_300A_SUMMARY_2025,NAME@ZIP,CORROBORATED,FACILITY_NAME+ZIP,ESTABLISHMENT_NAME+ZIP_CODE,10101,1077821,375575,2.7
FED_EPA_NPDES_ICIS_FACILITIES,FED_OSHA_ITA_CASE_DETAIL_2023,NAME@ZIP,CORROBORATED,FACILITY_NAME+ZIP,ESTABLISHMENT_NAME+ZIP_CODE,4056,1077821,85607,4.7
FED_EPA_NPDES_ICIS_FACILITIES,FED_OSHA_ITA_CASE_DETAIL_2024,NAME@ZIP,CORROBORATED,FACILITY_NAME+ZIP,ESTABLISHMENT_NAME+ZIP_CODE,2470,1077821,59854,4.1
FED_EPA_NPDES_ICIS_FACILITIES,FED_OSHA_ITA_CASE_DETAIL_2025,NAME@ZIP,CORROBORATED,FACILITY_NAME+ZIP,ESTABLISHMENT_NAME+ZIP_CODE,1405,1077821,33457,4.2
FED_EPA_NPDES_ICIS_FACILITIES,FED_PHMSA_FLAGGED_INCIDENTS,NAME@ZIP,CORROBORATED,FACILITY_NAME+ZIP,SEGMENT_NAME+ONSHORE_POSTAL_CODE,10,1077821,1630,0.6
FED_EPA_NPDES_ICIS_FACILITIES,FED_SAM_EXCLUSIONS,NAME@ZIP,CORROBORATED,FACILITY_NAME+ZIP,ENTITY_NAME+ZIP,7,1077821,8485,0.1
FED_EPA_NPDES_ICIS_FACILITIES,FED_SAM_EXCLUSIONS_FULL_R2,NAME@ZIP,CORROBORATED,FACILITY_NAME+ZIP,NAME+ZIP_CODE,45,1077821,7285,0.6
FED_EPA_NPDES_ICIS_FACILITIES,FED_SBA_LOANS,NAME@ZIP,CORROBORATED,FACILITY_NAME+ZIP,THIRDPARTYLENDER_NAME+CDC_ZIP,6,1077821,14480,0.0
FED_EPA_NPDES_ICIS_FACILITIES,FED_SEC_13F_FILERS,NAME@ZIP,CORROBORATED,FACILITY_NAME+ZIP,FILINGMANAGER_NAME+FILINGMANAGER_ZIPCODE,18,1077821,18430,0.1
FED_EPA_NPDES_ICIS_FACILITIES,FED_USASPENDING_CONTRACTS,NAME@ZIP,CORROBORATED,FACILITY_NAME+ZIP,RECIPIENT_NAME+RECIPIENT_ZIP_4_CODE,2495,1077821,91616,2.7
FED_EPA_NPDES_ICIS_FACILITIES,FED_USCG_NRC_INCIDENTS,NAME@ZIP,CORROBORATED,FACILITY_NAME+ZIP,RESPONSIBLE_COMPANY+RESPONSIBLE_ZIP,4879,1077821,93650,5.2
FED_EPA_NPDES_ICIS_FACILITIES,FED_USCG_NRC_INCIDENT_REPORTS,NAME@ZIP,CORROBORATED,FACILITY_NAME+ZIP,RESPONSIBLE_COMPANY+RESPONSIBLE_ZIP,1217,1077821,15011,8.1
FED_EPA_NPDES_ICIS_FACILITIES,IRS527_8871_ORGS,NAME@ZIP,CORROBORATED,FACILITY_NAME+ZIP,ORGANIZATION_NAME+MAILING_ZIP,6,1077821,62076,0.0
FED_EPA_NPDES_ICIS_FACILITIES,IRS527_RELATED_ENTITIES,NAME@ZIP,CORROBORATED,FACILITY_NAME+ZIP,ENTITY_NAME+ENTITY_ZIP,42,1077821,11739,0.4
FED_EPA_NPDES_NPDES_CS_VIOLATIONS,FED_EPA_NPDES_NPDES_FORMAL_ENFORCEMENT_ACTIONS,NPDES_ID,STEEL,NPDES_ID,NPDES_ID,10589,10589,49662,100.0
FED_EPA_NPDES_NPDES_CS_VIOLATIONS,FED_EPA_NPDES_NPDES_INFORMAL_ENFORCEMENT_ACTIONS,NPDES_ID,STEEL,NPDES_ID,NPDES_ID,7688,10589,119300,72.6
FED_EPA_NPDES_NPDES_CS_VIOLATIONS,FED_EPA_NPDES_NPDES_INSPECTIONS,NPDES_ID,STEEL,NPDES_ID,NPDES_ID,9530,10589,286752,90.0
FED_EPA_NPDES_NPDES_CS_VIOLATIONS,FED_EPA_NPDES_NPDES_NAICS,NPDES_ID,STEEL,NPDES_ID,NPDES_ID,2785,10589,306831,26.3
FED_EPA_NPDES_NPDES_CS_VIOLATIONS,FED_EPA_NPDES_NPDES_PS_VIOLATIONS,NPDES_ID,STEEL,NPDES_ID,NPDES_ID,3760,10589,44872,35.5
FED_EPA_NPDES_NPDES_CS_VIOLATIONS,FED_EPA_NPDES_NPDES_QNCR_HISTORY,NPDES_ID,STEEL,NPDES_ID,NPDES_ID,10588,10589,690126,100.0
FED_EPA_NPDES_NPDES_CS_VIOLATIONS,FED_EPA_NPDES_NPDES_SE_VIOLATIONS,NPDES_ID,STEEL,NPDES_ID,NPDES_ID,7273,10589,76438,68.7
FED_EPA_NPDES_NPDES_CS_VIOLATIONS,FED_EPA_NPDES_NPDES_SICS,NPDES_ID,STEEL,NPDES_ID,NPDES_ID,9968,10589,715074,94.1
FED_EPA_NPDES_NPDES_FORMAL_ENFORCEMENT_ACTIONS,FED_EPA_NPDES_NPDES_INFORMAL_ENFORCEMENT_ACTIONS,NPDES_ID,STEEL,NPDES_ID,NPDES_ID,27044,49662,119300,54.5
FED_EPA_NPDES_NPDES_FORMAL_ENFORCEMENT_ACTIONS,FED_EPA_NPDES_NPDES_INSPECTIONS,NPDES_ID,STEEL,NPDES_ID,NPDES_ID,36462,49662,286752,73.4
FED_EPA_NPDES_NPDES_FORMAL_ENFORCEMENT_ACTIONS,FED_EPA_NPDES_NPDES_NAICS,NPDES_ID,STEEL,NPDES_ID,NPDES_ID,10184,49662,306831,20.5
FED_EPA_NPDES_NPDES_FORMAL_ENFORCEMENT_ACTIONS,FED_EPA_NPDES_NPDES_PS_VIOLATIONS,NPDES_ID,STEEL,NPDES_ID,NPDES_ID,9993,49662,44872,22.3
FED_EPA_NPDES_NPDES_FORMAL_ENFORCEMENT_ACTIONS,FED_EPA_NPDES_NPDES_QNCR_HISTORY,NPDES_ID,STEEL,NPDES_ID,NPDES_ID,40854,49662,690126,82.3
FED_EPA_NPDES_NPDES_FORMAL_ENFORCEMENT_ACTIONS,FED_EPA_NPDES_NPDES_SE_VIOLATIONS,NPDES_ID,STEEL,NPDES_ID,NPDES_ID,25261,49662,76438,50.9
FED_EPA_NPDES_NPDES_FORMAL_ENFORCEMENT_ACTIONS,FED_EPA_NPDES_NPDES_SICS,NPDES_ID,STEEL,NPDES_ID,NPDES_ID,36656,49662,715074,73.8
FED_EPA_NPDES_NPDES_INFORMAL_ENFORCEMENT_ACTIONS,FED_EPA_NPDES_NPDES_INSPECTIONS,FRS_ID,STEEL,REGISTRY_ID,REGISTRY_ID,94919,112933,263075,84.0
FED_EPA_NPDES_NPDES_INFORMAL_ENFORCEMENT_ACTIONS,FED_EPA_NPDES_NPDES_INSPECTIONS,NPDES_ID,STEEL,NPDES_ID,NPDES_ID,98559,119300,286752,82.6
FED_EPA_NPDES_NPDES_INFORMAL_ENFORCEMENT_ACTIONS,FED_EPA_NPDES_NPDES_NAICS,NPDES_ID,STEEL,NPDES_ID,NPDES_ID,33153,119300,306831,27.8
FED_EPA_NPDES_NPDES_INFORMAL_ENFORCEMENT_ACTIONS,FED_EPA_NPDES_NPDES_PS_VIOLATIONS,NPDES_ID,STEEL,NPDES_ID,NPDES_ID,21641,119300,44872,48.2
FED_EPA_NPDES_NPDES_INFORMAL_ENFORCEMENT_ACTIONS,FED_EPA_NPDES_NPDES_QNCR_HISTORY,NPDES_ID,STEEL,NPDES_ID,NPDES_ID,101103,119300,690126,84.7
FED_EPA_NPDES_NPDES_INFORMAL_ENFORCEMENT_ACTIONS,FED_EPA_NPDES_NPDES_SE_VIOLATIONS,NPDES_ID,STEEL,NPDES_ID,NPDES_ID,52398,119300,76438,68.5
FED_EPA_NPDES_NPDES_INFORMAL_ENFORCEMENT_ACTIONS,FED_EPA_NPDES_NPDES_SICS,NPDES_ID,STEEL,NPDES_ID,NPDES_ID,96168,119300,715074,80.6
FED_EPA_NPDES_NPDES_INFORMAL_ENFORCEMENT_ACTIONS,FED_EPA_TRI_BASIC_2023,FRS_ID,STEEL,REGISTRY_ID,C_3_FRS_ID,4563,112933,21760,21.0
FED_EPA_NPDES_NPDES_INFORMAL_ENFORCEMENT_ACTIONS,XC_EPA_CORPORATE_CROSSWALK,FRS_ID,STEEL,REGISTRY_ID,EPA_REGISTRY_ID,112873,112933,5300149,99.9
FED_EPA_NPDES_NPDES_INSPECTIONS,FED_EPA_NPDES_NPDES_NAICS,NPDES_ID,STEEL,NPDES_ID,NPDES_ID,78714,286752,306831,27.5
FED_EPA_NPDES_NPDES_INSPECTIONS,FED_EPA_NPDES_NPDES_PS_VIOLATIONS,NPDES_ID,STEEL,NPDES_ID,NPDES_ID,30516,286752,44872,68.0
FED_EPA_NPDES_NPDES_INSPECTIONS,FED_EPA_NPDES_NPDES_QNCR_HISTORY,NPDES_ID,STEEL,NPDES_ID,NPDES_ID,203933,286752,690126,71.1
FED_EPA_NPDES_NPDES_INSPECTIONS,FED_EPA_NPDES_NPDES_SE_VIOLATIONS,NPDES_ID,STEEL,NPDES_ID,NPDES_ID,64783,286752,76438,84.8
FED_EPA_NPDES_NPDES_INSPECTIONS,FED_EPA_NPDES_NPDES_SICS,NPDES_ID,STEEL,NPDES_ID,NPDES_ID,202153,286752,715074,70.5
FED_EPA_NPDES_NPDES_INSPECTIONS,FED_EPA_TRI_BASIC_2023,FRS_ID,STEEL,REGISTRY_ID,C_3_FRS_ID,8293,263075,21760,38.1
FED_EPA_NPDES_NPDES_INSPECTIONS,XC_EPA_CORPORATE_CROSSWALK,FRS_ID,STEEL,REGISTRY_ID,EPA_REGISTRY_ID,262884,263075,5300149,99.9
FED_EPA_NPDES_NPDES_NAICS,FED_EPA_NPDES_NPDES_PS_VIOLATIONS,NPDES_ID,STEEL,NPDES_ID,NPDES_ID,10451,306831,44872,23.3
FED_EPA_NPDES_NPDES_NAICS,FED_EPA_NPDES_NPDES_QNCR_HISTORY,NPDES_ID,STEEL,NPDES_ID,NPDES_ID,177288,306831,690126,57.8
FED_EPA_NPDES_NPDES_NAICS,FED_EPA_NPDES_NPDES_SE_VIOLATIONS,NPDES_ID,STEEL,NPDES_ID,NPDES_ID,18161,306831,76438,23.8
FED_EPA_NPDES_NPDES_NAICS,FED_EPA_NPDES_NPDES_SICS,NPDES_ID,STEEL,NPDES_ID,NPDES_ID,291620,306831,715074,95.0
FED_EPA_NPDES_NPDES_PS_VIOLATIONS,FED_EPA_NPDES_NPDES_QNCR_HISTORY,NPDES_ID,STEEL,NPDES_ID,NPDES_ID,44829,44872,690126,99.9
FED_EPA_NPDES_NPDES_PS_VIOLATIONS,FED_EPA_NPDES_NPDES_SE_VIOLATIONS,NPDES_ID,STEEL,NPDES_ID,NPDES_ID,12477,44872,76438,27.8
FED_EPA_NPDES_NPDES_PS_VIOLATIONS,FED_EPA_NPDES_NPDES_SICS,NPDES_ID,STEEL,NPDES_ID,NPDES_ID,38408,44872,715074,85.6
FED_EPA_NPDES_NPDES_QNCR_HISTORY,FED_EPA_NPDES_NPDES_SE_VIOLATIONS,NPDES_ID,STEEL,NPDES_ID,NPDES_ID,72963,690126,76438,95.5
FED_EPA_NPDES_NPDES_QNCR_HISTORY,FED_EPA_NPDES_NPDES_SICS,NPDES_ID,STEEL,NPDES_ID,NPDES_ID,434032,690126,715074,62.9
FED_EPA_NPDES_NPDES_SE_VIOLATIONS,FED_EPA_NPDES_NPDES_SICS,NPDES_ID,STEEL,NPDES_ID,NPDES_ID,57263,76438,715074,74.9
FED_EPA_RCRA_FACILITIES,FED_EPA_RCRA_RCRA_FACILITIES,NAME@ZIP,CORROBORATED,FACILITY_NAME+ZIP_CODE,FACILITY_NAME+ZIP_CODE,1429903,1429903,1429903,100.0
FED_EPA_RCRA_FACILITIES,FED_EPA_SDWA_SDWA_PUB_WATER_SYSTEMS,NAME@ZIP,CORROBORATED,FACILITY_NAME+ZIP_CODE,PWS_NAME+ZIP_CODE,5799,1429903,395686,1.5
FED_EPA_RCRA_FACILITIES,FED_EPA_SUPERFUND_SITE_BOUNDARIES,NAME@ZIP,CORROBORATED,FACILITY_NAME+ZIP_CODE,SITE_NAME+ZIP_CODE,236,1429903,1906,12.4
FED_EPA_RCRA_FACILITIES,FED_EPA_TRI_BASIC_2023,NAME@ZIP,CORROBORATED,FACILITY_NAME+ZIP_CODE,C_4_FACILITY_NAME+C_9_ZIP,8383,1429903,21697,38.6
FED_EPA_RCRA_FACILITIES,FED_EPA_TRI_FACILITY,NAME@ZIP,CORROBORATED,FACILITY_NAME+ZIP_CODE,FACILITY_NAME+ZIP_CODE,19718,1429903,63963,30.8
FED_EPA_RCRA_FACILITIES,FED_FAA_AIRCRAFT_REGISTRY,NAME@ZIP,CORROBORATED,FACILITY_NAME+ZIP_CODE,NAME+ZIP_CODE,1088,1429903,205605,0.5
FED_EPA_RCRA_FACILITIES,FED_FAC_SINGLE_AUDIT,NAME@ZIP,CORROBORATED,FACILITY_NAME+ZIP_CODE,AUDITEE_NAME+AUDITEE_ZIP,5330,1429903,103191,5.2
FED_EPA_RCRA_FACILITIES,FED_FCC_LICENSING,NAME@ZIP,CORROBORATED,FACILITY_NAME+ZIP_CODE,ENTITY_NAME+ZIP_CODE,152,1429903,1502987,0.0
FED_EPA_RCRA_FACILITIES,FED_FDIC_BANK_DATA,NAME@ZIP,CORROBORATED,FACILITY_NAME+ZIP_CODE,NAME+ZIP,83,1429903,27620,0.3
FED_EPA_RCRA_FACILITIES,FED_FEC_COMMITTEE_TO_CANDIDATE,NAME@ZIP,CORROBORATED,FACILITY_NAME+ZIP_CODE,NAME+ZIP_CODE,101,1429903,17747,0.6
FED_EPA_RCRA_FACILITIES,FED_FEC_INDIV_CONTRIBUTIONS,NAME@ZIP,CORROBORATED,FACILITY_NAME+ZIP_CODE,NAME+ZIP_CODE,3843,1429903,5251703,0.3
FED_EPA_RCRA_FACILITIES,FED_FHFA_FHLB_MEMBERSHIP,NAME@ZIP,CORROBORATED,FACILITY_NAME+ZIP_CODE,MEMBER_NAME+ZIP,76,1429903,6325,1.2
FED_EPA_RCRA_FACILITIES,FED_HHS_OIG_LEIE,NAME@ZIP,CORROBORATED,FACILITY_NAME+ZIP_CODE,LASTNAME+ZIP,14,1429903,78462,0.0
FED_EPA_RCRA_FACILITIES,FED_HRSA_HPSA_PRIMARY_CARE,NAME@ZIP,CORROBORATED,FACILITY_NAME+ZIP_CODE,HPSA_COMPONENT_NAME+COMMON_POSTAL_CODE,310,1429903,6952,4.5
FED_EPA_RCRA_FACILITIES,FED_HRSA_SHORTAGE_AREAS,NAME@ZIP,CORROBORATED,FACILITY_NAME+ZIP_CODE,HPSA_COMPONENT_NAME+COMMON_POSTAL_CODE,385,1429903,7829,4.9
FED_EPA_RCRA_FACILITIES,FED_HRSA_UDS_SERVICE_DELIVERY_SITES,NAME@ZIP,CORROBORATED,FACILITY_NAME+ZIP_CODE,SITE_NAME+SITE_POSTAL_CODE,391,1429903,18468,2.1
FED_EPA_RCRA_FACILITIES,FED_HUD_ASSISTED_HOUSING_PROJECTS,NAME@ZIP,CORROBORATED,FACILITY_NAME+ZIP_CODE,NAME+STD_ZIP5,176,1429903,24871,0.7
FED_EPA_RCRA_FACILITIES,FED_HUD_PUBLIC_HOUSING_AUTHORITIES,NAME@ZIP,CORROBORATED,FACILITY_NAME+ZIP_CODE,FORMAL_PARTICIPANT_NAME+STD_ZIP5,117,1429903,3774,3.1
FED_EPA_RCRA_FACILITIES,FED_ICE_DETENTION_FACILITY_CODES,NAME@ZIP,CORROBORATED,FACILITY_NAME+ZIP_CODE,DETENTION_FACILITY_NAME+ZIP,67,1429903,1327,5.0
FED_EPA_RCRA_FACILITIES,FED_IRS_AUTO_REVOCATIONS,NAME@ZIP,CORROBORATED,FACILITY_NAME+ZIP_CODE,LEGAL_NAME+ZIP_CODE,451,1429903,1149844,0.0
FED_EPA_RCRA_FACILITIES,FED_IRS_BMF,NAME@ZIP,CORROBORATED,FACILITY_NAME+ZIP_CODE,NAME+ZIP,4443,1429903,1868041,0.3
FED_EPA_RCRA_FACILITIES,FED_IRS_EO_BMF,NAME@ZIP,CORROBORATED,FACILITY_NAME+ZIP_CODE,NAME+ZIP,4441,1429903,1878425,0.3
FED_EPA_RCRA_FACILITIES,FED_IRS_REVOCATION,NAME@ZIP,CORROBORATED,FACILITY_NAME+ZIP_CODE,LEGAL_NAME+ZIP_CODE,451,1429903,1149230,0.0
FED_EPA_RCRA_FACILITIES,FED_NCUA_CALL_REPORTS_FOICU,NAME@ZIP,CORROBORATED,FACILITY_NAME+ZIP_CODE,CU_NAME+ZIP_CODE,26,1429903,4335,0.6
FED_EPA_RCRA_FACILITIES,FED_NCUA_FEDERALLY_INSURED_CU_LIST,NAME@ZIP,CORROBORATED,FACILITY_NAME+ZIP_CODE,CREDIT_UNION_NAME+ZIP_CODE_MAILING_ADDRESS,26,1429903,4249,0.6
FED_EPA_RCRA_FACILITIES,FED_NTSB_AVIATION_AIRCRAFT,NAME@ZIP,CORROBORATED,FACILITY_NAME+ZIP_CODE,OPER_NAME+OWNER_ZIP,226,1429903,14890,1.5
FED_EPA_RCRA_FACILITIES,FED_NTSB_AVIATION_EVENTS,NAME@ZIP,CORROBORATED,FACILITY_NAME+ZIP_CODE,APT_NAME+EV_SITE_ZIPCODE,211,1429903,15605,1.4
FED_EPA_RCRA_FACILITIES,FED_OSHA_ITA_300A_SUMMARY_2023,NAME@ZIP,CORROBORATED,FACILITY_NAME+ZIP_CODE,ESTABLISHMENT_NAME+ZIP_CODE,20446,1429903,373106,5.5
FED_EPA_RCRA_FACILITIES,FED_OSHA_ITA_300A_SUMMARY_2024,NAME@ZIP,CORROBORATED,FACILITY_NAME+ZIP_CODE,ESTABLISHMENT_NAME+ZIP_CODE,17979,1429903,360069,5.0
FED_EPA_RCRA_FACILITIES,FED_OSHA_ITA_300A_SUMMARY_2025,NAME@ZIP,CORROBORATED,FACILITY_NAME+ZIP_CODE,ESTABLISHMENT_NAME+ZIP_CODE,18399,1429903,375575,4.9
FED_EPA_RCRA_FACILITIES,FED_OSHA_ITA_CASE_DETAIL_2023,NAME@ZIP,CORROBORATED,FACILITY_NAME+ZIP_CODE,ESTABLISHMENT_NAME+ZIP_CODE,6841,1429903,85607,8.0
FED_EPA_RCRA_FACILITIES,FED_OSHA_ITA_CASE_DETAIL_2024,NAME@ZIP,CORROBORATED,FACILITY_NAME+ZIP_CODE,ESTABLISHMENT_NAME+ZIP_CODE,4877,1429903,59854,8.1
FED_EPA_RCRA_FACILITIES,FED_OSHA_ITA_CASE_DETAIL_2025,NAME@ZIP,CORROBORATED,FACILITY_NAME+ZIP_CODE,ESTABLISHMENT_NAME+ZIP_CODE,2949,1429903,33457,8.8
FED_EPA_RCRA_FACILITIES,FED_PHMSA_FLAGGED_INCIDENTS,NAME@ZIP,CORROBORATED,FACILITY_NAME+ZIP_CODE,SEGMENT_NAME+ONSHORE_POSTAL_CODE,5,1429903,1630,0.3
FED_EPA_RCRA_FACILITIES,FED_SAM_EXCLUSIONS,NAME@ZIP,CORROBORATED,FACILITY_NAME+ZIP_CODE,ENTITY_NAME+ZIP,23,1429903,8485,0.3
FED_EPA_RCRA_FACILITIES,FED_SAM_EXCLUSIONS_FULL_R2,NAME@ZIP,CORROBORATED,FACILITY_NAME+ZIP_CODE,NAME+ZIP_CODE,115,1429903,7285,1.6
FED_EPA_RCRA_FACILITIES,FED_SBA_LOANS,NAME@ZIP,CORROBORATED,FACILITY_NAME+ZIP_CODE,THIRDPARTYLENDER_NAME+CDC_ZIP,15,1429903,14480,0.1
FED_EPA_RCRA_FACILITIES,FED_SBIR_STTR_AWARDS,NAME@ZIP,CORROBORATED,FACILITY_NAME+ZIP_CODE,PI_NAME+ZIP,18,1429903,77742,0.0
FED_EPA_RCRA_FACILITIES,FED_SEC_13F_FILERS,NAME@ZIP,CORROBORATED,FACILITY_NAME+ZIP_CODE,FILINGMANAGER_NAME+FILINGMANAGER_ZIPCODE,61,1429903,18430,0.3
FED_EPA_RCRA_FACILITIES,FED_USASPENDING_CONTRACTS,NAME@ZIP,CORROBORATED,FACILITY_NAME+ZIP_CODE,RECIPIENT_NAME+RECIPIENT_ZIP_4_CODE,6577,1429903,91616,7.2
FED_EPA_RCRA_FACILITIES,FED_USCG_NRC_INCIDENTS,NAME@ZIP,CORROBORATED,FACILITY_NAME+ZIP_CODE,RESPONSIBLE_COMPANY+RESPONSIBLE_ZIP,6836,1429903,93650,7.3
FED_EPA_RCRA_FACILITIES,FED_USCG_NRC_INCIDENT_REPORTS,NAME@ZIP,CORROBORATED,FACILITY_NAME+ZIP_CODE,RESPONSIBLE_COMPANY+RESPONSIBLE_ZIP,1489,1429903,15011,9.9
FED_EPA_RCRA_FACILITIES,IRS527_8871_ORGS,NAME@ZIP,CORROBORATED,FACILITY_NAME+ZIP_CODE,ORGANIZATION_NAME+MAILING_ZIP,21,1429903,62076,0.0
FED_EPA_RCRA_FACILITIES,IRS527_DIRECTORS_OFFICERS,NAME@ZIP,CORROBORATED,FACILITY_NAME+ZIP_CODE,ENTITY_NAME+ENTITY_ZIP,30,1429903,118803,0.0
FED_EPA_RCRA_FACILITIES,IRS527_RELATED_ENTITIES,NAME@ZIP,CORROBORATED,FACILITY_NAME+ZIP_CODE,ENTITY_NAME+ENTITY_ZIP,123,1429903,11739,1.0
FED_EPA_RCRA_FACILITIES,ST_NYC_CFB_CAMPAIGN_2001_CONTRIBUTION,NAME@ZIP,CORROBORATED,FACILITY_NAME+ZIP_CODE,NAME+ZIP,27,1429903,120204,0.0
FED_EPA_RCRA_FACILITIES,ST_NYC_CFB_CAMPAIGN_2009_CONTRIBUTION,NAME@ZIP,CORROBORATED,FACILITY_NAME+ZIP_CODE,NAME+ZIP,10,1429903,93773,0.0
FED_EPA_RCRA_FACILITIES,ST_NYC_CFB_CAMPAIGN_2013_CONTRIBUTION,NAME@ZIP,CORROBORATED,FACILITY_NAME+ZIP_CODE,NAME+ZIP,11,1429903,124226,0.0
FED_EPA_RCRA_FACILITIES,ST_NYC_CFB_CAMPAIGN_2021_CONTRIBUTIONS,NAME@ZIP,CORROBORATED,FACILITY_NAME+ZIP_CODE,NAME+ZIP,27,1429903,236829,0.0
FED_EPA_RCRA_FACILITIES,ST_NYC_CFB_CAMPAIGN_2025_CONTRIBUTIONS,NAME@ZIP,CORROBORATED,FACILITY_NAME+ZIP_CODE,NAME+ZIP,31,1429903,151248,0.0
FED_EPA_RCRA_RCRA_FACILITIES,FED_EPA_SDWA_SDWA_PUB_WATER_SYSTEMS,NAME@ZIP,CORROBORATED,FACILITY_NAME+ZIP_CODE,PWS_NAME+ZIP_CODE,5799,1429903,395686,1.5
FED_EPA_RCRA_RCRA_FACILITIES,FED_EPA_SUPERFUND_SITE_BOUNDARIES,NAME@ZIP,CORROBORATED,FACILITY_NAME+ZIP_CODE,SITE_NAME+ZIP_CODE,236,1429903,1906,12.4
FED_EPA_RCRA_RCRA_FACILITIES,FED_EPA_TRI_BASIC_2023,NAME@ZIP,CORROBORATED,FACILITY_NAME+ZIP_CODE,C_4_FACILITY_NAME+C_9_ZIP,8383,1429903,21697,38.6
FED_EPA_RCRA_RCRA_FACILITIES,FED_EPA_TRI_FACILITY,NAME@ZIP,CORROBORATED,FACILITY_NAME+ZIP_CODE,FACILITY_NAME+ZIP_CODE,19718,1429903,63963,30.8
FED_EPA_RCRA_RCRA_FACILITIES,FED_FAA_AIRCRAFT_REGISTRY,NAME@ZIP,CORROBORATED,FACILITY_NAME+ZIP_CODE,NAME+ZIP_CODE,1088,1429903,205605,0.5
FED_EPA_RCRA_RCRA_FACILITIES,FED_FAC_SINGLE_AUDIT,NAME@ZIP,CORROBORATED,FACILITY_NAME+ZIP_CODE,AUDITEE_NAME+AUDITEE_ZIP,5330,1429903,103191,5.2
FED_EPA_RCRA_RCRA_FACILITIES,FED_FCC_LICENSING,NAME@ZIP,CORROBORATED,FACILITY_NAME+ZIP_CODE,ENTITY_NAME+ZIP_CODE,152,1429903,1502987,0.0
FED_EPA_RCRA_RCRA_FACILITIES,FED_FDIC_BANK_DATA,NAME@ZIP,CORROBORATED,FACILITY_NAME+ZIP_CODE,NAME+ZIP,83,1429903,27620,0.3
FED_EPA_RCRA_RCRA_FACILITIES,FED_FEC_COMMITTEE_TO_CANDIDATE,NAME@ZIP,CORROBORATED,FACILITY_NAME+ZIP_CODE,NAME+ZIP_CODE,101,1429903,17747,0.6
FED_EPA_RCRA_RCRA_FACILITIES,FED_FEC_INDIV_CONTRIBUTIONS,NAME@ZIP,CORROBORATED,FACILITY_NAME+ZIP_CODE,NAME+ZIP_CODE,3843,1429903,5251703,0.3
FED_EPA_RCRA_RCRA_FACILITIES,FED_FHFA_FHLB_MEMBERSHIP,NAME@ZIP,CORROBORATED,FACILITY_NAME+ZIP_CODE,MEMBER_NAME+ZIP,76,1429903,6325,1.2
FED_EPA_RCRA_RCRA_FACILITIES,FED_HHS_OIG_LEIE,NAME@ZIP,CORROBORATED,FACILITY_NAME+ZIP_CODE,LASTNAME+ZIP,14,1429903,78462,0.0
FED_EPA_RCRA_RCRA_FACILITIES,FED_HRSA_HPSA_PRIMARY_CARE,NAME@ZIP,CORROBORATED,FACILITY_NAME+ZIP_CODE,HPSA_COMPONENT_NAME+COMMON_POSTAL_CODE,310,1429903,6952,4.5
FED_EPA_RCRA_RCRA_FACILITIES,FED_HRSA_SHORTAGE_AREAS,NAME@ZIP,CORROBORATED,FACILITY_NAME+ZIP_CODE,HPSA_COMPONENT_NAME+COMMON_POSTAL_CODE,385,1429903,7829,4.9
FED_EPA_RCRA_RCRA_FACILITIES,FED_HRSA_UDS_SERVICE_DELIVERY_SITES,NAME@ZIP,CORROBORATED,FACILITY_NAME+ZIP_CODE,SITE_NAME+SITE_POSTAL_CODE,391,1429903,18468,2.1
FED_EPA_RCRA_RCRA_FACILITIES,FED_HUD_ASSISTED_HOUSING_PROJECTS,NAME@ZIP,CORROBORATED,FACILITY_NAME+ZIP_CODE,NAME+STD_ZIP5,176,1429903,24871,0.7
FED_EPA_RCRA_RCRA_FACILITIES,FED_HUD_PUBLIC_HOUSING_AUTHORITIES,NAME@ZIP,CORROBORATED,FACILITY_NAME+ZIP_CODE,FORMAL_PARTICIPANT_NAME+STD_ZIP5,117,1429903,3774,3.1
FED_EPA_RCRA_RCRA_FACILITIES,FED_ICE_DETENTION_FACILITY_CODES,NAME@ZIP,CORROBORATED,FACILITY_NAME+ZIP_CODE,DETENTION_FACILITY_NAME+ZIP,67,1429903,1327,5.0
FED_EPA_RCRA_RCRA_FACILITIES,FED_IRS_AUTO_REVOCATIONS,NAME@ZIP,CORROBORATED,FACILITY_NAME+ZIP_CODE,LEGAL_NAME+ZIP_CODE,451,1429903,1149844,0.0
FED_EPA_RCRA_RCRA_FACILITIES,FED_IRS_BMF,NAME@ZIP,CORROBORATED,FACILITY_NAME+ZIP_CODE,NAME+ZIP,4443,1429903,1868041,0.3
FED_EPA_RCRA_RCRA_FACILITIES,FED_IRS_EO_BMF,NAME@ZIP,CORROBORATED,FACILITY_NAME+ZIP_CODE,NAME+ZIP,4441,1429903,1878425,0.3
FED_EPA_RCRA_RCRA_FACILITIES,FED_IRS_REVOCATION,NAME@ZIP,CORROBORATED,FACILITY_NAME+ZIP_CODE,LEGAL_NAME+ZIP_CODE,451,1429903,1149230,0.0
FED_EPA_RCRA_RCRA_FACILITIES,FED_NCUA_CALL_REPORTS_FOICU,NAME@ZIP,CORROBORATED,FACILITY_NAME+ZIP_CODE,CU_NAME+ZIP_CODE,26,1429903,4335,0.6
FED_EPA_RCRA_RCRA_FACILITIES,FED_NCUA_FEDERALLY_INSURED_CU_LIST,NAME@ZIP,CORROBORATED,FACILITY_NAME+ZIP_CODE,CREDIT_UNION_NAME+ZIP_CODE_MAILING_ADDRESS,26,1429903,4249,0.6
FED_EPA_RCRA_RCRA_FACILITIES,FED_NTSB_AVIATION_AIRCRAFT,NAME@ZIP,CORROBORATED,FACILITY_NAME+ZIP_CODE,OPER_NAME+OWNER_ZIP,226,1429903,14890,1.5
FED_EPA_RCRA_RCRA_FACILITIES,FED_NTSB_AVIATION_EVENTS,NAME@ZIP,CORROBORATED,FACILITY_NAME+ZIP_CODE,APT_NAME+EV_SITE_ZIPCODE,211,1429903,15605,1.4
FED_EPA_RCRA_RCRA_FACILITIES,FED_OSHA_ITA_300A_SUMMARY_2023,NAME@ZIP,CORROBORATED,FACILITY_NAME+ZIP_CODE,ESTABLISHMENT_NAME+ZIP_CODE,20446,1429903,373106,5.5
FED_EPA_RCRA_RCRA_FACILITIES,FED_OSHA_ITA_300A_SUMMARY_2024,NAME@ZIP,CORROBORATED,FACILITY_NAME+ZIP_CODE,ESTABLISHMENT_NAME+ZIP_CODE,17979,1429903,360069,5.0
FED_EPA_RCRA_RCRA_FACILITIES,FED_OSHA_ITA_300A_SUMMARY_2025,NAME@ZIP,CORROBORATED,FACILITY_NAME+ZIP_CODE,ESTABLISHMENT_NAME+ZIP_CODE,18399,1429903,375575,4.9
FED_EPA_RCRA_RCRA_FACILITIES,FED_OSHA_ITA_CASE_DETAIL_2023,NAME@ZIP,CORROBORATED,FACILITY_NAME+ZIP_CODE,ESTABLISHMENT_NAME+ZIP_CODE,6841,1429903,85607,8.0
FED_EPA_RCRA_RCRA_FACILITIES,FED_OSHA_ITA_CASE_DETAIL_2024,NAME@ZIP,CORROBORATED,FACILITY_NAME+ZIP_CODE,ESTABLISHMENT_NAME+ZIP_CODE,4877,1429903,59854,8.1
FED_EPA_RCRA_RCRA_FACILITIES,FED_OSHA_ITA_CASE_DETAIL_2025,NAME@ZIP,CORROBORATED,FACILITY_NAME+ZIP_CODE,ESTABLISHMENT_NAME+ZIP_CODE,2949,1429903,33457,8.8
FED_EPA_RCRA_RCRA_FACILITIES,FED_PHMSA_FLAGGED_INCIDENTS,NAME@ZIP,CORROBORATED,FACILITY_NAME+ZIP_CODE,SEGMENT_NAME+ONSHORE_POSTAL_CODE,5,1429903,1630,0.3
FED_EPA_RCRA_RCRA_FACILITIES,FED_SAM_EXCLUSIONS,NAME@ZIP,CORROBORATED,FACILITY_NAME+ZIP_CODE,ENTITY_NAME+ZIP,23,1429903,8485,0.3
FED_EPA_RCRA_RCRA_FACILITIES,FED_SAM_EXCLUSIONS_FULL_R2,NAME@ZIP,CORROBORATED,FACILITY_NAME+ZIP_CODE,NAME+ZIP_CODE,115,1429903,7285,1.6
FED_EPA_RCRA_RCRA_FACILITIES,FED_SBA_LOANS,NAME@ZIP,CORROBORATED,FACILITY_NAME+ZIP_CODE,THIRDPARTYLENDER_NAME+CDC_ZIP,15,1429903,14480,0.1
FED_EPA_RCRA_RCRA_FACILITIES,FED_SBIR_STTR_AWARDS,NAME@ZIP,CORROBORATED,FACILITY_NAME+ZIP_CODE,PI_NAME+ZIP,18,1429903,77742,0.0
FED_EPA_RCRA_RCRA_FACILITIES,FED_SEC_13F_FILERS,NAME@ZIP,CORROBORATED,FACILITY_NAME+ZIP_CODE,FILINGMANAGER_NAME+FILINGMANAGER_ZIPCODE,61,1429903,18430,0.3
FED_EPA_RCRA_RCRA_FACILITIES,FED_USASPENDING_CONTRACTS,NAME@ZIP,CORROBORATED,FACILITY_NAME+ZIP_CODE,RECIPIENT_NAME+RECIPIENT_ZIP_4_CODE,6577,1429903,91616,7.2
FED_EPA_RCRA_RCRA_FACILITIES,FED_USCG_NRC_INCIDENTS,NAME@ZIP,CORROBORATED,FACILITY_NAME+ZIP_CODE,RESPONSIBLE_COMPANY+RESPONSIBLE_ZIP,6836,1429903,93650,7.3
FED_EPA_RCRA_RCRA_FACILITIES,FED_USCG_NRC_INCIDENT_REPORTS,NAME@ZIP,CORROBORATED,FACILITY_NAME+ZIP_CODE,RESPONSIBLE_COMPANY+RESPONSIBLE_ZIP,1489,1429903,15011,9.9
FED_EPA_RCRA_RCRA_FACILITIES,IRS527_8871_ORGS,NAME@ZIP,CORROBORATED,FACILITY_NAME+ZIP_CODE,ORGANIZATION_NAME+MAILING_ZIP,21,1429903,62076,0.0
FED_EPA_RCRA_RCRA_FACILITIES,IRS527_DIRECTORS_OFFICERS,NAME@ZIP,CORROBORATED,FACILITY_NAME+ZIP_CODE,ENTITY_NAME+ENTITY_ZIP,30,1429903,118803,0.0
FED_EPA_RCRA_RCRA_FACILITIES,IRS527_RELATED_ENTITIES,NAME@ZIP,CORROBORATED,FACILITY_NAME+ZIP_CODE,ENTITY_NAME+ENTITY_ZIP,123,1429903,11739,1.0
FED_EPA_RCRA_RCRA_FACILITIES,ST_NYC_CFB_CAMPAIGN_2001_CONTRIBUTION,NAME@ZIP,CORROBORATED,FACILITY_NAME+ZIP_CODE,NAME+ZIP,27,1429903,120204,0.0
FED_EPA_RCRA_RCRA_FACILITIES,ST_NYC_CFB_CAMPAIGN_2009_CONTRIBUTION,NAME@ZIP,CORROBORATED,FACILITY_NAME+ZIP_CODE,NAME+ZIP,10,1429903,93773,0.0
FED_EPA_RCRA_RCRA_FACILITIES,ST_NYC_CFB_CAMPAIGN_2013_CONTRIBUTION,NAME@ZIP,CORROBORATED,FACILITY_NAME+ZIP_CODE,NAME+ZIP,11,1429903,124226,0.0
FED_EPA_RCRA_RCRA_FACILITIES,ST_NYC_CFB_CAMPAIGN_2021_CONTRIBUTIONS,NAME@ZIP,CORROBORATED,FACILITY_NAME+ZIP_CODE,NAME+ZIP,27,1429903,236829,0.0
FED_EPA_RCRA_RCRA_FACILITIES,ST_NYC_CFB_CAMPAIGN_2025_CONTRIBUTIONS,NAME@ZIP,CORROBORATED,FACILITY_NAME+ZIP_CODE,NAME+ZIP,31,1429903,151248,0.0
FED_EPA_SDWA_SDWA_EVENTS_MILESTONES,FED_EPA_SDWA_SDWA_FACILITIES,PWSID,STEEL,PWSID,PWSID,98531,98555,430916,100.0
FED_EPA_SDWA_SDWA_EVENTS_MILESTONES,FED_EPA_SDWA_SDWA_GEOGRAPHIC_AREAS,PWSID,STEEL,PWSID,PWSID,98517,98555,413877,100.0
FED_EPA_SDWA_SDWA_EVENTS_MILESTONES,FED_EPA_SDWA_SDWA_LCR_SAMPLES,PWSID,STEEL,PWSID,PWSID,68677,98555,89800,76.5
FED_EPA_SDWA_SDWA_EVENTS_MILESTONES,FED_EPA_SDWA_SDWA_PN_VIOLATION_ASSOC,PWSID,STEEL,PWSID,PWSID,27856,98555,42034,66.3
FED_EPA_SDWA_SDWA_EVENTS_MILESTONES,FED_EPA_SDWA_SDWA_PUB_WATER_SYSTEMS,PWSID,STEEL,PWSID,PWSID,98555,98555,434040,100.0
FED_EPA_SDWA_SDWA_EVENTS_MILESTONES,FED_EPA_SDWA_SDWA_SERVICE_AREAS,PWSID,STEEL,PWSID,PWSID,98045,98555,378450,99.5
FED_EPA_SDWA_SDWA_EVENTS_MILESTONES,FED_EPA_SDWA_SDWA_SITE_VISITS,PWSID,STEEL,PWSID,PWSID,97025,98555,267052,98.4
FED_EPA_SDWA_SDWA_EVENTS_MILESTONES,FED_EPA_SDWA_SDWA_VIOLATIONS_ENFORCEMENT,PWSID,STEEL,PWSID,PWSID,92820,98555,258445,94.2
FED_EPA_SDWA_SDWA_FACILITIES,FED_EPA_SDWA_SDWA_GEOGRAPHIC_AREAS,PWSID,STEEL,PWSID,PWSID,413419,430916,413877,99.9
FED_EPA_SDWA_SDWA_FACILITIES,FED_EPA_SDWA_SDWA_LCR_SAMPLES,PWSID,STEEL,PWSID,PWSID,89748,430916,89800,99.9
FED_EPA_SDWA_SDWA_FACILITIES,FED_EPA_SDWA_SDWA_PN_VIOLATION_ASSOC,PWSID,STEEL,PWSID,PWSID,42016,430916,42034,100.0
FED_EPA_SDWA_SDWA_FACILITIES,FED_EPA_SDWA_SDWA_PUB_WATER_SYSTEMS,PWSID,STEEL,PWSID,PWSID,430916,430916,434040,100.0
FED_EPA_SDWA_SDWA_FACILITIES,FED_EPA_SDWA_SDWA_SERVICE_AREAS,PWSID,STEEL,PWSID,PWSID,378061,430916,378450,99.9
FED_EPA_SDWA_SDWA_FACILITIES,FED_EPA_SDWA_SDWA_SITE_VISITS,PWSID,STEEL,PWSID,PWSID,266372,430916,267052,99.7
FED_EPA_SDWA_SDWA_FACILITIES,FED_EPA_SDWA_SDWA_VIOLATIONS_ENFORCEMENT,PWSID,STEEL,PWSID,PWSID,257898,430916,258445,99.8
FED_EPA_SDWA_SDWA_GEOGRAPHIC_AREAS,FED_EPA_SDWA_SDWA_LCR_SAMPLES,PWSID,STEEL,PWSID,PWSID,89325,413877,89800,99.5
FED_EPA_SDWA_SDWA_GEOGRAPHIC_AREAS,FED_EPA_SDWA_SDWA_PN_VIOLATION_ASSOC,PWSID,STEEL,PWSID,PWSID,42003,413877,42034,99.9
FED_EPA_SDWA_SDWA_GEOGRAPHIC_AREAS,FED_EPA_SDWA_SDWA_PUB_WATER_SYSTEMS,PWSID,STEEL,PWSID,PWSID,413877,413877,434040,100.0
FED_EPA_SDWA_SDWA_GEOGRAPHIC_AREAS,FED_EPA_SDWA_SDWA_SERVICE_AREAS,PWSID,STEEL,PWSID,PWSID,366538,413877,378450,96.9
FED_EPA_SDWA_SDWA_GEOGRAPHIC_AREAS,FED_EPA_SDWA_SDWA_SITE_VISITS,PWSID,STEEL,PWSID,PWSID,265060,413877,267052,99.3
FED_EPA_SDWA_SDWA_GEOGRAPHIC_AREAS,FED_EPA_SDWA_SDWA_VIOLATIONS_ENFORCEMENT,PWSID,STEEL,PWSID,PWSID,254793,413877,258445,98.6
FED_EPA_SDWA_SDWA_LCR_SAMPLES,FED_EPA_SDWA_SDWA_PN_VIOLATION_ASSOC,PWSID,STEEL,PWSID,PWSID,19684,89800,42034,46.8
FED_EPA_SDWA_SDWA_LCR_SAMPLES,FED_EPA_SDWA_SDWA_PUB_WATER_SYSTEMS,PWSID,STEEL,PWSID,PWSID,89800,89800,434040,100.0
FED_EPA_SDWA_SDWA_LCR_SAMPLES,FED_EPA_SDWA_SDWA_SERVICE_AREAS,PWSID,STEEL,PWSID,PWSID,88799,89800,378450,98.9
FED_EPA_SDWA_SDWA_LCR_SAMPLES,FED_EPA_SDWA_SDWA_SITE_VISITS,PWSID,STEEL,PWSID,PWSID,86577,89800,267052,96.4
FED_EPA_SDWA_SDWA_LCR_SAMPLES,FED_EPA_SDWA_SDWA_VIOLATIONS_ENFORCEMENT,PWSID,STEEL,PWSID,PWSID,85097,89800,258445,94.8
FED_EPA_SDWA_SDWA_PN_VIOLATION_ASSOC,FED_EPA_SDWA_SDWA_PUB_WATER_SYSTEMS,PWSID,STEEL,PWSID,PWSID,42034,42034,434040,100.0
FED_EPA_SDWA_SDWA_PN_VIOLATION_ASSOC,FED_EPA_SDWA_SDWA_SERVICE_AREAS,PWSID,STEEL,PWSID,PWSID,41916,42034,378450,99.7
FED_EPA_SDWA_SDWA_PN_VIOLATION_ASSOC,FED_EPA_SDWA_SDWA_SITE_VISITS,PWSID,STEEL,PWSID,PWSID,41657,42034,267052,99.1
FED_EPA_SDWA_SDWA_PN_VIOLATION_ASSOC,FED_EPA_SDWA_SDWA_VIOLATIONS_ENFORCEMENT,PWSID,STEEL,PWSID,PWSID,42034,42034,258445,100.0
FED_EPA_SDWA_SDWA_PUB_WATER_SYSTEMS,FED_EPA_SDWA_SDWA_SERVICE_AREAS,PWSID,STEEL,PWSID,PWSID,378450,434040,378450,100.0
FED_EPA_SDWA_SDWA_PUB_WATER_SYSTEMS,FED_EPA_SDWA_SDWA_SITE_VISITS,PWSID,STEEL,PWSID,PWSID,267052,434040,267052,100.0
FED_EPA_SDWA_SDWA_PUB_WATER_SYSTEMS,FED_EPA_SDWA_SDWA_VIOLATIONS_ENFORCEMENT,PWSID,STEEL,PWSID,PWSID,258445,434040,258445,100.0
FED_EPA_SDWA_SDWA_PUB_WATER_SYSTEMS,FED_EPA_SUPERFUND_SITE_BOUNDARIES,NAME@ZIP,CORROBORATED,PWS_NAME+ZIP_CODE,SITE_NAME+ZIP_CODE,38,395686,1906,2.0
FED_EPA_SDWA_SDWA_PUB_WATER_SYSTEMS,FED_EPA_TRI_BASIC_2023,NAME@ZIP,CORROBORATED,PWS_NAME+ZIP_CODE,C_4_FACILITY_NAME+C_9_ZIP,502,395686,21697,2.3
FED_EPA_SDWA_SDWA_PUB_WATER_SYSTEMS,FED_EPA_TRI_FACILITY,NAME@ZIP,CORROBORATED,PWS_NAME+ZIP_CODE,FACILITY_NAME+ZIP_CODE,1037,395686,63963,1.6
FED_EPA_SDWA_SDWA_PUB_WATER_SYSTEMS,FED_FAA_AIRCRAFT_REGISTRY,NAME@ZIP,CORROBORATED,PWS_NAME+ZIP_CODE,NAME+ZIP_CODE,109,395686,205605,0.1
FED_EPA_SDWA_SDWA_PUB_WATER_SYSTEMS,FED_FAC_SINGLE_AUDIT,NAME@ZIP,CORROBORATED,PWS_NAME+ZIP_CODE,AUDITEE_NAME+AUDITEE_ZIP,2299,395686,103191,2.2
FED_EPA_SDWA_SDWA_PUB_WATER_SYSTEMS,FED_FCC_LICENSING,NAME@ZIP,CORROBORATED,PWS_NAME+ZIP_CODE,ENTITY_NAME+ZIP_CODE,8,395686,1502987,0.0
FED_EPA_SDWA_SDWA_PUB_WATER_SYSTEMS,FED_FDIC_BANK_DATA,NAME@ZIP,CORROBORATED,PWS_NAME+ZIP_CODE,NAME+ZIP,57,395686,27620,0.2
FED_EPA_SDWA_SDWA_PUB_WATER_SYSTEMS,FED_FEC_INDIV_CONTRIBUTIONS,NAME@ZIP,CORROBORATED,PWS_NAME+ZIP_CODE,NAME+ZIP_CODE,72,395686,5251703,0.0
FED_EPA_SDWA_SDWA_PUB_WATER_SYSTEMS,FED_FHFA_FHLB_MEMBERSHIP,NAME@ZIP,CORROBORATED,PWS_NAME+ZIP_CODE,MEMBER_NAME+ZIP,31,395686,6325,0.5
FED_EPA_SDWA_SDWA_PUB_WATER_SYSTEMS,FED_HRSA_HPSA_PRIMARY_CARE,NAME@ZIP,CORROBORATED,PWS_NAME+ZIP_CODE,HPSA_COMPONENT_NAME+COMMON_POSTAL_CODE,65,395686,6952,0.9
FED_EPA_SDWA_SDWA_PUB_WATER_SYSTEMS,FED_HRSA_SHORTAGE_AREAS,NAME@ZIP,CORROBORATED,PWS_NAME+ZIP_CODE,HPSA_COMPONENT_NAME+COMMON_POSTAL_CODE,93,395686,7829,1.2
FED_EPA_SDWA_SDWA_PUB_WATER_SYSTEMS,FED_HRSA_UDS_SERVICE_DELIVERY_SITES,NAME@ZIP,CORROBORATED,PWS_NAME+ZIP_CODE,SITE_NAME+SITE_POSTAL_CODE,51,395686,18468,0.3
FED_EPA_SDWA_SDWA_PUB_WATER_SYSTEMS,FED_HUD_ASSISTED_HOUSING_PROJECTS,NAME@ZIP,CORROBORATED,PWS_NAME+ZIP_CODE,NAME+STD_ZIP5,43,395686,24871,0.2
FED_EPA_SDWA_SDWA_PUB_WATER_SYSTEMS,FED_HUD_PUBLIC_HOUSING_AUTHORITIES,NAME@ZIP,CORROBORATED,PWS_NAME+ZIP_CODE,FORMAL_PARTICIPANT_NAME+STD_ZIP5,11,395686,3774,0.3
FED_EPA_SDWA_SDWA_PUB_WATER_SYSTEMS,FED_ICE_DETENTION_FACILITY_CODES,NAME@ZIP,CORROBORATED,PWS_NAME+ZIP_CODE,DETENTION_FACILITY_NAME+ZIP,6,395686,1327,0.5
FED_EPA_SDWA_SDWA_PUB_WATER_SYSTEMS,FED_IRS_AUTO_REVOCATIONS,NAME@ZIP,CORROBORATED,PWS_NAME+ZIP_CODE,LEGAL_NAME+ZIP_CODE,741,395686,1149844,0.2
FED_EPA_SDWA_SDWA_PUB_WATER_SYSTEMS,FED_IRS_BMF,NAME@ZIP,CORROBORATED,PWS_NAME+ZIP_CODE,NAME+ZIP,6208,395686,1868041,1.6
FED_EPA_SDWA_SDWA_PUB_WATER_SYSTEMS,FED_IRS_EO_BMF,NAME@ZIP,CORROBORATED,PWS_NAME+ZIP_CODE,NAME+ZIP,6201,395686,1878425,1.6
FED_EPA_SDWA_SDWA_PUB_WATER_SYSTEMS,FED_IRS_REVOCATION,NAME@ZIP,CORROBORATED,PWS_NAME+ZIP_CODE,LEGAL_NAME+ZIP_CODE,739,395686,1149230,0.2
FED_EPA_SDWA_SDWA_PUB_WATER_SYSTEMS,FED_NCUA_CALL_REPORTS_FOICU,NAME@ZIP,CORROBORATED,PWS_NAME+ZIP_CODE,CU_NAME+ZIP_CODE,11,395686,4335,0.3
FED_EPA_SDWA_SDWA_PUB_WATER_SYSTEMS,FED_NCUA_FEDERALLY_INSURED_CU_LIST,NAME@ZIP,CORROBORATED,PWS_NAME+ZIP_CODE,CREDIT_UNION_NAME+ZIP_CODE_MAILING_ADDRESS,11,395686,4249,0.3
FED_EPA_SDWA_SDWA_PUB_WATER_SYSTEMS,FED_NTSB_AVIATION_AIRCRAFT,NAME@ZIP,CORROBORATED,PWS_NAME+ZIP_CODE,OPER_NAME+OWNER_ZIP,23,395686,14890,0.2
FED_EPA_SDWA_SDWA_PUB_WATER_SYSTEMS,FED_NTSB_AVIATION_EVENTS,NAME@ZIP,CORROBORATED,PWS_NAME+ZIP_CODE,APT_NAME+EV_SITE_ZIPCODE,170,395686,15605,1.1
FED_EPA_SDWA_SDWA_PUB_WATER_SYSTEMS,FED_OSHA_ITA_300A_SUMMARY_2023,NAME@ZIP,CORROBORATED,PWS_NAME+ZIP_CODE,ESTABLISHMENT_NAME+ZIP_CODE,2225,395686,373106,0.6
FED_EPA_SDWA_SDWA_PUB_WATER_SYSTEMS,FED_OSHA_ITA_300A_SUMMARY_2024,NAME@ZIP,CORROBORATED,PWS_NAME+ZIP_CODE,ESTABLISHMENT_NAME+ZIP_CODE,1990,395686,360069,0.6
FED_EPA_SDWA_SDWA_PUB_WATER_SYSTEMS,FED_OSHA_ITA_300A_SUMMARY_2025,NAME@ZIP,CORROBORATED,PWS_NAME+ZIP_CODE,ESTABLISHMENT_NAME+ZIP_CODE,2023,395686,375575,0.5
FED_EPA_SDWA_SDWA_PUB_WATER_SYSTEMS,FED_OSHA_ITA_CASE_DETAIL_2023,NAME@ZIP,CORROBORATED,PWS_NAME+ZIP_CODE,ESTABLISHMENT_NAME+ZIP_CODE,771,395686,85607,0.9
FED_EPA_SDWA_SDWA_PUB_WATER_SYSTEMS,FED_OSHA_ITA_CASE_DETAIL_2024,NAME@ZIP,CORROBORATED,PWS_NAME+ZIP_CODE,ESTABLISHMENT_NAME+ZIP_CODE,497,395686,59854,0.8
FED_EPA_SDWA_SDWA_PUB_WATER_SYSTEMS,FED_OSHA_ITA_CASE_DETAIL_2025,NAME@ZIP,CORROBORATED,PWS_NAME+ZIP_CODE,ESTABLISHMENT_NAME+ZIP_CODE,340,395686,33457,1.0
FED_EPA_SDWA_SDWA_PUB_WATER_SYSTEMS,FED_USASPENDING_CONTRACTS,NAME@ZIP,CORROBORATED,PWS_NAME+ZIP_CODE,RECIPIENT_NAME+RECIPIENT_ZIP_4_CODE,447,395686,91616,0.5
FED_EPA_SDWA_SDWA_PUB_WATER_SYSTEMS,FED_USCG_NRC_INCIDENTS,NAME@ZIP,CORROBORATED,PWS_NAME+ZIP_CODE,RESPONSIBLE_COMPANY+RESPONSIBLE_ZIP,1100,395686,93650,1.2
FED_EPA_SDWA_SDWA_PUB_WATER_SYSTEMS,FED_USCG_NRC_INCIDENT_REPORTS,NAME@ZIP,CORROBORATED,PWS_NAME+ZIP_CODE,RESPONSIBLE_COMPANY+RESPONSIBLE_ZIP,251,395686,15011,1.7
FED_EPA_SDWA_SDWA_PUB_WATER_SYSTEMS,IRS527_8871_ORGS,NAME@ZIP,CORROBORATED,PWS_NAME+ZIP_CODE,ORGANIZATION_NAME+MAILING_ZIP,6,395686,62076,0.0
FED_EPA_SDWA_SDWA_PUB_WATER_SYSTEMS,IRS527_RELATED_ENTITIES,NAME@ZIP,CORROBORATED,PWS_NAME+ZIP_CODE,ENTITY_NAME+ENTITY_ZIP,14,395686,11739,0.1
FED_EPA_SDWA_SDWA_SERVICE_AREAS,FED_EPA_SDWA_SDWA_SITE_VISITS,PWSID,STEEL,PWSID,PWSID,257087,378450,267052,96.3
FED_EPA_SDWA_SDWA_SERVICE_AREAS,FED_EPA_SDWA_SDWA_VIOLATIONS_ENFORCEMENT,PWSID,STEEL,PWSID,PWSID,244061,378450,258445,94.4
FED_EPA_SDWA_SDWA_SITE_VISITS,FED_EPA_SDWA_SDWA_VIOLATIONS_ENFORCEMENT,PWSID,STEEL,PWSID,PWSID,214755,267052,258445,83.1
FED_EPA_SUPERFUND_SITE_BOUNDARIES,FED_EPA_TRI_BASIC_2023,NAME@ZIP,CORROBORATED,SITE_NAME+ZIP_CODE,C_4_FACILITY_NAME+C_9_ZIP,13,1906,21697,0.7
FED_EPA_SUPERFUND_SITE_BOUNDARIES,FED_EPA_TRI_FACILITY,NAME@ZIP,CORROBORATED,SITE_NAME+ZIP_CODE,FACILITY_NAME+ZIP_CODE,64,1906,63963,3.4
FED_EPA_SUPERFUND_SITE_BOUNDARIES,FED_OSHA_ITA_300A_SUMMARY_2023,NAME@ZIP,CORROBORATED,SITE_NAME+ZIP_CODE,ESTABLISHMENT_NAME+ZIP_CODE,12,1906,373106,0.6
FED_EPA_SUPERFUND_SITE_BOUNDARIES,FED_OSHA_ITA_300A_SUMMARY_2024,NAME@ZIP,CORROBORATED,SITE_NAME+ZIP_CODE,ESTABLISHMENT_NAME+ZIP_CODE,13,1906,360069,0.7
FED_EPA_SUPERFUND_SITE_BOUNDARIES,FED_OSHA_ITA_300A_SUMMARY_2025,NAME@ZIP,CORROBORATED,SITE_NAME+ZIP_CODE,ESTABLISHMENT_NAME+ZIP_CODE,8,1906,375575,0.4
FED_EPA_SUPERFUND_SITE_BOUNDARIES,FED_USCG_NRC_INCIDENTS,NAME@ZIP,CORROBORATED,SITE_NAME+ZIP_CODE,RESPONSIBLE_COMPANY+RESPONSIBLE_ZIP,40,1906,93650,2.1
FED_EPA_SUPERFUND_SITE_BOUNDARIES,FED_USCG_NRC_INCIDENT_REPORTS,NAME@ZIP,CORROBORATED,SITE_NAME+ZIP_CODE,RESPONSIBLE_COMPANY+RESPONSIBLE_ZIP,8,1906,15011,0.4
FED_EPA_TRI_BASIC_2023,FED_EPA_TRI_FACILITY,NAME@ZIP,CORROBORATED,C_4_FACILITY_NAME+C_9_ZIP,FACILITY_NAME+ZIP_CODE,21696,21697,63963,100.0
FED_EPA_TRI_BASIC_2023,FED_FAA_AIRCRAFT_REGISTRY,NAME@ZIP,CORROBORATED,C_4_FACILITY_NAME+C_9_ZIP,NAME+ZIP_CODE,58,21697,205605,0.3
FED_EPA_TRI_BASIC_2023,FED_FEC_INDIV_CONTRIBUTIONS,NAME@ZIP,CORROBORATED,C_4_FACILITY_NAME+C_9_ZIP,NAME+ZIP_CODE,7,21697,5251703,0.0
FED_EPA_TRI_BASIC_2023,FED_HRSA_HPSA_PRIMARY_CARE,NAME@ZIP,CORROBORATED,C_4_FACILITY_NAME+C_9_ZIP,HPSA_COMPONENT_NAME+COMMON_POSTAL_CODE,12,21697,6952,0.2
FED_EPA_TRI_BASIC_2023,FED_HRSA_SHORTAGE_AREAS,NAME@ZIP,CORROBORATED,C_4_FACILITY_NAME+C_9_ZIP,HPSA_COMPONENT_NAME+COMMON_POSTAL_CODE,13,21697,7829,0.2
FED_EPA_TRI_BASIC_2023,FED_IRS_BMF,NAME@ZIP,CORROBORATED,C_4_FACILITY_NAME+C_9_ZIP,NAME+ZIP,5,21697,1868041,0.0
FED_EPA_TRI_BASIC_2023,FED_MAPPING_INEQUALITY,GEO_IN,GEO,C_12_LATITUDE/C_13_LONGITUDE,GEOMETRY,1527,21597,10153,7.1
FED_EPA_TRI_BASIC_2023,FED_NOAA_WEATHER_API,GEO_IN,GEO,C_12_LATITUDE/C_13_LONGITUDE,GEOMETRY,53,21597,31,0.2
FED_EPA_TRI_BASIC_2023,FED_OSHA_ITA_300A_SUMMARY_2023,NAME@ZIP,CORROBORATED,C_4_FACILITY_NAME+C_9_ZIP,ESTABLISHMENT_NAME+ZIP_CODE,3988,21697,373106,18.4
FED_EPA_TRI_BASIC_2023,FED_OSHA_ITA_300A_SUMMARY_2024,NAME@ZIP,CORROBORATED,C_4_FACILITY_NAME+C_9_ZIP,ESTABLISHMENT_NAME+ZIP_CODE,3606,21697,360069,16.6
FED_EPA_TRI_BASIC_2023,FED_OSHA_ITA_300A_SUMMARY_2025,NAME@ZIP,CORROBORATED,C_4_FACILITY_NAME+C_9_ZIP,ESTABLISHMENT_NAME+ZIP_CODE,3636,21697,375575,16.8
FED_EPA_TRI_BASIC_2023,FED_OSHA_ITA_CASE_DETAIL_2023,NAME@ZIP,CORROBORATED,C_4_FACILITY_NAME+C_9_ZIP,ESTABLISHMENT_NAME+ZIP_CODE,1392,21697,85607,6.4
FED_EPA_TRI_BASIC_2023,FED_OSHA_ITA_CASE_DETAIL_2024,NAME@ZIP,CORROBORATED,C_4_FACILITY_NAME+C_9_ZIP,ESTABLISHMENT_NAME+ZIP_CODE,975,21697,59854,4.5
FED_EPA_TRI_BASIC_2023,FED_OSHA_ITA_CASE_DETAIL_2025,NAME@ZIP,CORROBORATED,C_4_FACILITY_NAME+C_9_ZIP,ESTABLISHMENT_NAME+ZIP_CODE,660,21697,33457,3.0
FED_EPA_TRI_BASIC_2023,FED_SAM_EXCLUSIONS_FULL_R2,NAME@ZIP,CORROBORATED,C_4_FACILITY_NAME+C_9_ZIP,NAME+ZIP_CODE,8,21697,7285,0.1
FED_EPA_TRI_BASIC_2023,FED_USASPENDING_CONTRACTS,NAME@ZIP,CORROBORATED,C_4_FACILITY_NAME+C_9_ZIP,RECIPIENT_NAME+RECIPIENT_ZIP_4_CODE,640,21697,91616,2.9
FED_EPA_TRI_BASIC_2023,FED_USCG_NRC_INCIDENTS,NAME@ZIP,CORROBORATED,C_4_FACILITY_NAME+C_9_ZIP,RESPONSIBLE_COMPANY+RESPONSIBLE_ZIP,1386,21697,93650,6.4
FED_EPA_TRI_BASIC_2023,FED_USCG_NRC_INCIDENT_REPORTS,NAME@ZIP,CORROBORATED,C_4_FACILITY_NAME+C_9_ZIP,RESPONSIBLE_COMPANY+RESPONSIBLE_ZIP,530,21697,15011,3.5
FED_EPA_TRI_BASIC_2023,INTL_FR_DATA_GOUV_FULL,GEO_IN,GEO,C_12_LATITUDE/C_13_LONGITUDE,SPATIAL_GEOM,21597,21597,48093,100.0
FED_EPA_TRI_BASIC_2023,IRS527_RELATED_ENTITIES,NAME@ZIP,CORROBORATED,C_4_FACILITY_NAME+C_9_ZIP,ENTITY_NAME+ENTITY_ZIP,7,21697,11739,0.1
FED_EPA_TRI_BASIC_2023,XC_EPA_CORPORATE_CROSSWALK,FRS_ID,STEEL,C_3_FRS_ID,EPA_REGISTRY_ID,21629,21760,5300149,99.4
FED_EPA_TRI_FACILITY,FED_FAA_AIRCRAFT_REGISTRY,NAME@ZIP,CORROBORATED,FACILITY_NAME+ZIP_CODE,NAME+ZIP_CODE,98,63963,205605,0.2
FED_EPA_TRI_FACILITY,FED_FAC_SINGLE_AUDIT,NAME@ZIP,CORROBORATED,FACILITY_NAME+ZIP_CODE,AUDITEE_NAME+AUDITEE_ZIP,9,63963,103191,0.0
FED_EPA_TRI_FACILITY,FED_FEC_INDIV_CONTRIBUTIONS,NAME@ZIP,CORROBORATED,FACILITY_NAME+ZIP_CODE,NAME+ZIP_CODE,13,63963,5251703,0.0
FED_EPA_TRI_FACILITY,FED_FEMA_IA_HOUSING_REGISTRATIONS,FIPS,GEO,STATE_COUNTY_FIPS_CODE,FIPS,2830,2855,3188,99.1
FED_EPA_TRI_FACILITY,FED_HRSA_HPSA_PRIMARY_CARE,FIPS,GEO,STATE_COUNTY_FIPS_CODE,COMMON_STATE_COUNTY_FIPS_CODE,2793,2855,3234,97.8
FED_EPA_TRI_FACILITY,FED_HRSA_HPSA_PRIMARY_CARE,NAME@ZIP,CORROBORATED,FACILITY_NAME+ZIP_CODE,HPSA_COMPONENT_NAME+COMMON_POSTAL_CODE,16,63963,6952,0.2
FED_EPA_TRI_FACILITY,FED_HRSA_SHORTAGE_AREAS,FIPS,GEO,STATE_COUNTY_FIPS_CODE,COMMON_STATE_COUNTY_FIPS_CODE,2846,2855,3290,99.7
FED_EPA_TRI_FACILITY,FED_HRSA_SHORTAGE_AREAS,NAME@ZIP,CORROBORATED,FACILITY_NAME+ZIP_CODE,HPSA_COMPONENT_NAME+COMMON_POSTAL_CODE,19,63963,7829,0.2
FED_EPA_TRI_FACILITY,FED_IRS_AUTO_REVOCATIONS,NAME@ZIP,CORROBORATED,FACILITY_NAME+ZIP_CODE,LEGAL_NAME+ZIP_CODE,20,63963,1149844,0.0
FED_EPA_TRI_FACILITY,FED_IRS_BMF,NAME@ZIP,CORROBORATED,FACILITY_NAME+ZIP_CODE,NAME+ZIP,7,63963,1868041,0.0
FED_EPA_TRI_FACILITY,FED_IRS_EO_BMF,NAME@ZIP,CORROBORATED,FACILITY_NAME+ZIP_CODE,NAME+ZIP,6,63963,1878425,0.0
FED_EPA_TRI_FACILITY,FED_IRS_REVOCATION,NAME@ZIP,CORROBORATED,FACILITY_NAME+ZIP_CODE,LEGAL_NAME+ZIP_CODE,20,63963,1149230,0.0
FED_EPA_TRI_FACILITY,FED_NCUA_CALL_REPORTS_FOICU,NAME@ZIP,CORROBORATED,FACILITY_NAME+ZIP_CODE,CU_NAME+ZIP_CODE,6,63963,4335,0.1
FED_EPA_TRI_FACILITY,FED_NCUA_FEDERALLY_INSURED_CU_LIST,NAME@ZIP,CORROBORATED,FACILITY_NAME+ZIP_CODE,CREDIT_UNION_NAME+ZIP_CODE_MAILING_ADDRESS,6,63963,4249,0.1
FED_EPA_TRI_FACILITY,FED_NTSB_AVIATION_AIRCRAFT,NAME@ZIP,CORROBORATED,FACILITY_NAME+ZIP_CODE,OPER_NAME+OWNER_ZIP,9,63963,14890,0.1
FED_EPA_TRI_FACILITY,FED_NTSB_AVIATION_EVENTS,NAME@ZIP,CORROBORATED,FACILITY_NAME+ZIP_CODE,APT_NAME+EV_SITE_ZIPCODE,5,63963,15605,0.0
FED_EPA_TRI_FACILITY,FED_OSHA_ITA_300A_SUMMARY_2023,NAME@ZIP,CORROBORATED,FACILITY_NAME+ZIP_CODE,ESTABLISHMENT_NAME+ZIP_CODE,5461,63963,373106,8.5
FED_EPA_TRI_FACILITY,FED_OSHA_ITA_300A_SUMMARY_2024,NAME@ZIP,CORROBORATED,FACILITY_NAME+ZIP_CODE,ESTABLISHMENT_NAME+ZIP_CODE,4806,63963,360069,7.5
FED_EPA_TRI_FACILITY,FED_OSHA_ITA_300A_SUMMARY_2025,NAME@ZIP,CORROBORATED,FACILITY_NAME+ZIP_CODE,ESTABLISHMENT_NAME+ZIP_CODE,4870,63963,375575,7.6
FED_EPA_TRI_FACILITY,FED_OSHA_ITA_CASE_DETAIL_2023,NAME@ZIP,CORROBORATED,FACILITY_NAME+ZIP_CODE,ESTABLISHMENT_NAME+ZIP_CODE,1880,63963,85607,2.9
FED_EPA_TRI_FACILITY,FED_OSHA_ITA_CASE_DETAIL_2024,NAME@ZIP,CORROBORATED,FACILITY_NAME+ZIP_CODE,ESTABLISHMENT_NAME+ZIP_CODE,1264,63963,59854,2.1
FED_EPA_TRI_FACILITY,FED_OSHA_ITA_CASE_DETAIL_2025,NAME@ZIP,CORROBORATED,FACILITY_NAME+ZIP_CODE,ESTABLISHMENT_NAME+ZIP_CODE,879,63963,33457,2.6
FED_EPA_TRI_FACILITY,FED_SAM_EXCLUSIONS_FULL_R2,NAME@ZIP,CORROBORATED,FACILITY_NAME+ZIP_CODE,NAME+ZIP_CODE,33,63963,7285,0.5
FED_EPA_TRI_FACILITY,FED_USASPENDING_CONTRACTS,NAME@ZIP,CORROBORATED,FACILITY_NAME+ZIP_CODE,RECIPIENT_NAME+RECIPIENT_ZIP_4_CODE,1022,63963,91616,1.6
FED_EPA_TRI_FACILITY,FED_USCG_NRC_INCIDENTS,NAME@ZIP,CORROBORATED,FACILITY_NAME+ZIP_CODE,RESPONSIBLE_COMPANY+RESPONSIBLE_ZIP,2473,63963,93650,3.9
FED_EPA_TRI_FACILITY,FED_USCG_NRC_INCIDENT_REPORTS,NAME@ZIP,CORROBORATED,FACILITY_NAME+ZIP_CODE,RESPONSIBLE_COMPANY+RESPONSIBLE_ZIP,634,63963,15011,4.2
FED_EPA_TRI_FACILITY,FED_USDA_RD_MFH_ACTIVE_PROJECTS,FIPS,GEO,STATE_COUNTY_FIPS_CODE,STATE_COUNTY_FIPS_CODE,2483,2855,2725,91.1
FED_EPA_TRI_FACILITY,IRS527_RELATED_ENTITIES,NAME@ZIP,CORROBORATED,FACILITY_NAME+ZIP_CODE,ENTITY_NAME+ENTITY_ZIP,17,63963,11739,0.1
FED_EPA_TRI_FACILITY,XC_VERA_INCARCERATION_TRENDS,FIPS,GEO,STATE_COUNTY_FIPS_CODE,COUNTY_FIPS,2725,2855,3075,95.4
FED_FAA_AIRCRAFT_REGISTRY,FED_FAC_SINGLE_AUDIT,NAME@ZIP,CORROBORATED,NAME+ZIP_CODE,AUDITEE_NAME+AUDITEE_ZIP,262,205605,103191,0.3
FED_FAA_AIRCRAFT_REGISTRY,FED_FCC_LICENSING,NAME@ZIP,CORROBORATED,NAME+ZIP_CODE,ENTITY_NAME+ZIP_CODE,4509,205605,1502987,2.2
FED_FAA_AIRCRAFT_REGISTRY,FED_FDIC_BANK_DATA,NAME@ZIP,CORROBORATED,NAME+ZIP_CODE,NAME+ZIP,27,205605,27620,0.1
FED_FAA_AIRCRAFT_REGISTRY,FED_FEC_COMMITTEE_TO_CANDIDATE,NAME@ZIP,CORROBORATED,NAME+ZIP_CODE,NAME+ZIP_CODE,14,205605,17747,0.1
FED_FAA_AIRCRAFT_REGISTRY,FED_FEC_INDIV_CONTRIBUTIONS,NAME@ZIP,CORROBORATED,NAME+ZIP_CODE,NAME+ZIP_CODE,2954,205605,5251703,1.4
FED_FAA_AIRCRAFT_REGISTRY,FED_FHFA_FHLB_MEMBERSHIP,NAME@ZIP,CORROBORATED,NAME+ZIP_CODE,MEMBER_NAME+ZIP,31,205605,6325,0.5
FED_FAA_AIRCRAFT_REGISTRY,FED_HRSA_HPSA_PRIMARY_CARE,NAME@ZIP,CORROBORATED,NAME+ZIP_CODE,HPSA_COMPONENT_NAME+COMMON_POSTAL_CODE,7,205605,6952,0.1
FED_FAA_AIRCRAFT_REGISTRY,FED_HRSA_SHORTAGE_AREAS,NAME@ZIP,CORROBORATED,NAME+ZIP_CODE,HPSA_COMPONENT_NAME+COMMON_POSTAL_CODE,7,205605,7829,0.1
FED_FAA_AIRCRAFT_REGISTRY,FED_IRS_AUTO_REVOCATIONS,NAME@ZIP,CORROBORATED,NAME+ZIP_CODE,LEGAL_NAME+ZIP_CODE,121,205605,1149844,0.1
FED_FAA_AIRCRAFT_REGISTRY,FED_IRS_BMF,NAME@ZIP,CORROBORATED,NAME+ZIP_CODE,NAME+ZIP,971,205605,1868041,0.5
FED_FAA_AIRCRAFT_REGISTRY,FED_IRS_EO_BMF,NAME@ZIP,CORROBORATED,NAME+ZIP_CODE,NAME+ZIP,975,205605,1878425,0.5
FED_FAA_AIRCRAFT_REGISTRY,FED_IRS_REVOCATION,NAME@ZIP,CORROBORATED,NAME+ZIP_CODE,LEGAL_NAME+ZIP_CODE,121,205605,1149230,0.1
FED_FAA_AIRCRAFT_REGISTRY,FED_NCUA_CALL_REPORTS_FOICU,NAME@ZIP,CORROBORATED,NAME+ZIP_CODE,CU_NAME+ZIP_CODE,5,205605,4335,0.1
FED_FAA_AIRCRAFT_REGISTRY,FED_NCUA_FEDERALLY_INSURED_CU_LIST,NAME@ZIP,CORROBORATED,NAME+ZIP_CODE,CREDIT_UNION_NAME+ZIP_CODE_MAILING_ADDRESS,5,205605,4249,0.1
FED_FAA_AIRCRAFT_REGISTRY,FED_NTSB_AVIATION_AIRCRAFT,NAME@ZIP,CORROBORATED,NAME+ZIP_CODE,OPER_NAME+OWNER_ZIP,1975,205605,14890,13.3
FED_FAA_AIRCRAFT_REGISTRY,FED_NTSB_AVIATION_EVENTS,NAME@ZIP,CORROBORATED,NAME+ZIP_CODE,APT_NAME+EV_SITE_ZIPCODE,37,205605,15605,0.2
FED_FAA_AIRCRAFT_REGISTRY,FED_OSHA_ITA_300A_SUMMARY_2023,NAME@ZIP,CORROBORATED,NAME+ZIP_CODE,ESTABLISHMENT_NAME+ZIP_CODE,475,205605,373106,0.2
FED_FAA_AIRCRAFT_REGISTRY,FED_OSHA_ITA_300A_SUMMARY_2024,NAME@ZIP,CORROBORATED,NAME+ZIP_CODE,ESTABLISHMENT_NAME+ZIP_CODE,452,205605,360069,0.2
FED_FAA_AIRCRAFT_REGISTRY,FED_OSHA_ITA_300A_SUMMARY_2025,NAME@ZIP,CORROBORATED,NAME+ZIP_CODE,ESTABLISHMENT_NAME+ZIP_CODE,438,205605,375575,0.2
FED_FAA_AIRCRAFT_REGISTRY,FED_OSHA_ITA_CASE_DETAIL_2023,NAME@ZIP,CORROBORATED,NAME+ZIP_CODE,ESTABLISHMENT_NAME+ZIP_CODE,123,205605,85607,0.1
FED_FAA_AIRCRAFT_REGISTRY,FED_OSHA_ITA_CASE_DETAIL_2024,NAME@ZIP,CORROBORATED,NAME+ZIP_CODE,ESTABLISHMENT_NAME+ZIP_CODE,95,205605,59854,0.2
FED_FAA_AIRCRAFT_REGISTRY,FED_OSHA_ITA_CASE_DETAIL_2025,NAME@ZIP,CORROBORATED,NAME+ZIP_CODE,ESTABLISHMENT_NAME+ZIP_CODE,55,205605,33457,0.2
FED_FAA_AIRCRAFT_REGISTRY,FED_SBIR_STTR_AWARDS,NAME@ZIP,CORROBORATED,NAME+ZIP_CODE,PI_NAME+ZIP,23,205605,77742,0.0
FED_FAA_AIRCRAFT_REGISTRY,FED_SEC_13F_FILERS,NAME@ZIP,CORROBORATED,NAME+ZIP_CODE,FILINGMANAGER_NAME+FILINGMANAGER_ZIPCODE,28,205605,18430,0.2
FED_FAA_AIRCRAFT_REGISTRY,FED_USASPENDING_CONTRACTS,NAME@ZIP,CORROBORATED,NAME+ZIP_CODE,RECIPIENT_NAME+RECIPIENT_ZIP_4_CODE,859,205605,91616,0.9
FED_FAA_AIRCRAFT_REGISTRY,FED_USCG_NRC_INCIDENTS,NAME@ZIP,CORROBORATED,NAME+ZIP_CODE,RESPONSIBLE_COMPANY+RESPONSIBLE_ZIP,262,205605,93650,0.3
FED_FAA_AIRCRAFT_REGISTRY,FED_USCG_NRC_INCIDENT_REPORTS,NAME@ZIP,CORROBORATED,NAME+ZIP_CODE,RESPONSIBLE_COMPANY+RESPONSIBLE_ZIP,93,205605,15011,0.6
FED_FAA_AIRCRAFT_REGISTRY,IRS527_DIRECTORS_OFFICERS,NAME@ZIP,CORROBORATED,NAME+ZIP_CODE,ENTITY_NAME+ENTITY_ZIP,29,205605,118803,0.0
FED_FAA_AIRCRAFT_REGISTRY,IRS527_RELATED_ENTITIES,NAME@ZIP,CORROBORATED,NAME+ZIP_CODE,ENTITY_NAME+ENTITY_ZIP,14,205605,11739,0.1
FED_FAA_AIRCRAFT_REGISTRY,ST_NYC_CFB_CAMPAIGN_2001_CONTRIBUTION,NAME@ZIP,CORROBORATED,NAME+ZIP_CODE,NAME+ZIP,6,205605,120204,0.0
FED_FAA_AIRCRAFT_REGISTRY,ST_NYC_CFB_CAMPAIGN_2013_CONTRIBUTION,NAME@ZIP,CORROBORATED,NAME+ZIP_CODE,NAME+ZIP,5,205605,124226,0.0
FED_FAA_AIRCRAFT_REGISTRY,ST_NYC_CFB_CAMPAIGN_2021_CONTRIBUTIONS,NAME@ZIP,CORROBORATED,NAME+ZIP_CODE,NAME+ZIP,17,205605,236829,0.0
FED_FAA_AIRCRAFT_REGISTRY,ST_NYC_CFB_CAMPAIGN_2025_CONTRIBUTIONS,NAME@ZIP,CORROBORATED,NAME+ZIP_CODE,NAME+ZIP,16,205605,151248,0.0
FED_FAC_SINGLE_AUDIT,FED_FCC_LICENSING,NAME@ZIP,CORROBORATED,AUDITEE_NAME+AUDITEE_ZIP,ENTITY_NAME+ZIP_CODE,14,103191,1502987,0.0
FED_FAC_SINGLE_AUDIT,FED_FEC_COMMITTEE_TO_CANDIDATE,NAME@ZIP,CORROBORATED,AUDITEE_NAME+AUDITEE_ZIP,NAME+ZIP_CODE,10,103191,17747,0.1
FED_FAC_SINGLE_AUDIT,FED_FEC_INDIV_CONTRIBUTIONS,NAME@ZIP,CORROBORATED,AUDITEE_NAME+AUDITEE_ZIP,NAME+ZIP_CODE,138,103191,5251703,0.1
FED_FAC_SINGLE_AUDIT,FED_FHFA_FHLB_MEMBERSHIP,NAME@ZIP,CORROBORATED,AUDITEE_NAME+AUDITEE_ZIP,MEMBER_NAME+ZIP,130,103191,6325,2.1
FED_FAC_SINGLE_AUDIT,FED_HRSA_HPSA_PRIMARY_CARE,NAME@ZIP,CORROBORATED,AUDITEE_NAME+AUDITEE_ZIP,HPSA_COMPONENT_NAME+COMMON_POSTAL_CODE,1256,103191,6952,18.1
FED_FAC_SINGLE_AUDIT,FED_HRSA_SHORTAGE_AREAS,NAME@ZIP,CORROBORATED,AUDITEE_NAME+AUDITEE_ZIP,HPSA_COMPONENT_NAME+COMMON_POSTAL_CODE,1274,103191,7829,16.3
FED_FAC_SINGLE_AUDIT,FED_HRSA_UDS_SERVICE_DELIVERY_SITES,NAME@ZIP,CORROBORATED,AUDITEE_NAME+AUDITEE_ZIP,SITE_NAME+SITE_POSTAL_CODE,542,103191,18468,2.9
FED_FAC_SINGLE_AUDIT,FED_HUD_ASSISTED_HOUSING_PROJECTS,NAME@ZIP,CORROBORATED,AUDITEE_NAME+AUDITEE_ZIP,NAME+STD_ZIP5,646,103191,24871,2.6
FED_FAC_SINGLE_AUDIT,FED_HUD_PUBLIC_HOUSING_AUTHORITIES,NAME@ZIP,CORROBORATED,AUDITEE_NAME+AUDITEE_ZIP,FORMAL_PARTICIPANT_NAME+STD_ZIP5,1640,103191,3774,43.5
FED_FAC_SINGLE_AUDIT,FED_ICE_DETENTION_FACILITY_CODES,NAME@ZIP,CORROBORATED,AUDITEE_NAME+AUDITEE_ZIP,DETENTION_FACILITY_NAME+ZIP,15,103191,1327,1.1
FED_FAC_SINGLE_AUDIT,FED_IRS_990,EIN,STEEL,AUDITEE_EIN,EIN,15,68126,200,7.5
FED_FAC_SINGLE_AUDIT,FED_IRS_990_EFILE_INDEX,EIN,STEEL,AUDITEE_EIN,EIN,33683,68126,899097,49.4
FED_FAC_SINGLE_AUDIT,FED_IRS_AUTO_REVOCATIONS,EIN,STEEL,AUDITEE_EIN,EIN,1520,68126,1187975,2.2
FED_FAC_SINGLE_AUDIT,FED_IRS_AUTO_REVOCATIONS,NAME@ZIP,CORROBORATED,AUDITEE_NAME+AUDITEE_ZIP,LEGAL_NAME+ZIP_CODE,845,103191,1149844,0.8
FED_FAC_SINGLE_AUDIT,FED_IRS_BMF,EIN,STEEL,AUDITEE_EIN,EIN,33429,68126,1974830,49.1
FED_FAC_SINGLE_AUDIT,FED_IRS_BMF,NAME@ZIP,CORROBORATED,AUDITEE_NAME+AUDITEE_ZIP,NAME+ZIP,22390,103191,1868041,21.7
FED_FAC_SINGLE_AUDIT,FED_IRS_EO_BMF,EIN,STEEL,AUDITEE_EIN,EIN,33407,68126,1983563,49.0
FED_FAC_SINGLE_AUDIT,FED_IRS_EO_BMF,NAME@ZIP,CORROBORATED,AUDITEE_NAME+AUDITEE_ZIP,NAME+ZIP,22337,103191,1878425,21.6
FED_FAC_SINGLE_AUDIT,FED_IRS_PUB78_ELIGIBLE_DONEES,EIN,STEEL,AUDITEE_EIN,EIN,30159,68126,1435544,44.3
FED_FAC_SINGLE_AUDIT,FED_IRS_REVOCATION,EIN,STEEL,AUDITEE_EIN,EIN,1509,68126,1187366,2.2
FED_FAC_SINGLE_AUDIT,FED_IRS_REVOCATION,NAME@ZIP,CORROBORATED,AUDITEE_NAME+AUDITEE_ZIP,LEGAL_NAME+ZIP_CODE,841,103191,1149230,0.8
FED_FAC_SINGLE_AUDIT,FED_IRS_SOI_CHARITIES,EIN,STEEL,AUDITEE_EIN,EIN,33,68126,2450,1.3
FED_FAC_SINGLE_AUDIT,FED_IRS_SOI_CHARITIES,NAME@ZIP,CORROBORATED,AUDITEE_NAME+AUDITEE_ZIP,NAME+ZIP,22,103191,2391,0.9
FED_FAC_SINGLE_AUDIT,FED_NCUA_CALL_REPORTS_FOICU,NAME@ZIP,CORROBORATED,AUDITEE_NAME+AUDITEE_ZIP,CU_NAME+ZIP_CODE,34,103191,4335,0.8
FED_FAC_SINGLE_AUDIT,FED_NCUA_FEDERALLY_INSURED_CU_LIST,NAME@ZIP,CORROBORATED,AUDITEE_NAME+AUDITEE_ZIP,CREDIT_UNION_NAME+ZIP_CODE_MAILING_ADDRESS,34,103191,4249,0.8
FED_FAC_SINGLE_AUDIT,FED_NIH_REPORTER,UEI,STEEL,AUDITEE_UEI,ORG_UEI,2588,59493,11903,21.7
FED_FAC_SINGLE_AUDIT,FED_NTSB_AVIATION_AIRCRAFT,NAME@ZIP,CORROBORATED,AUDITEE_NAME+AUDITEE_ZIP,OPER_NAME+OWNER_ZIP,32,103191,14890,0.2
FED_FAC_SINGLE_AUDIT,FED_NTSB_AVIATION_EVENTS,NAME@ZIP,CORROBORATED,AUDITEE_NAME+AUDITEE_ZIP,APT_NAME+EV_SITE_ZIPCODE,104,103191,15605,0.7
FED_FAC_SINGLE_AUDIT,FED_OSHA_ITA_300A_SUMMARY_2023,EIN,STEEL,AUDITEE_EIN,EIN,5183,68126,123206,7.6
FED_FAC_SINGLE_AUDIT,FED_OSHA_ITA_300A_SUMMARY_2023,NAME@ZIP,CORROBORATED,AUDITEE_NAME+AUDITEE_ZIP,ESTABLISHMENT_NAME+ZIP_CODE,2420,103191,373106,2.3
FED_FAC_SINGLE_AUDIT,FED_OSHA_ITA_300A_SUMMARY_2024,EIN,STEEL,AUDITEE_EIN,EIN,4904,68126,114603,7.2
FED_FAC_SINGLE_AUDIT,FED_OSHA_ITA_300A_SUMMARY_2024,NAME@ZIP,CORROBORATED,AUDITEE_NAME+AUDITEE_ZIP,ESTABLISHMENT_NAME+ZIP_CODE,2158,103191,360069,2.1
FED_FAC_SINGLE_AUDIT,FED_OSHA_ITA_300A_SUMMARY_2025,EIN,STEEL,AUDITEE_EIN,EIN,4543,68126,106218,6.7
FED_FAC_SINGLE_AUDIT,FED_OSHA_ITA_300A_SUMMARY_2025,NAME@ZIP,CORROBORATED,AUDITEE_NAME+AUDITEE_ZIP,ESTABLISHMENT_NAME+ZIP_CODE,2076,103191,375575,2.0
FED_FAC_SINGLE_AUDIT,FED_OSHA_ITA_CASE_DETAIL_2023,EIN,STEEL,AUDITEE_EIN,EIN,2065,68126,33693,6.1
FED_FAC_SINGLE_AUDIT,FED_OSHA_ITA_CASE_DETAIL_2023,NAME@ZIP,CORROBORATED,AUDITEE_NAME+AUDITEE_ZIP,ESTABLISHMENT_NAME+ZIP_CODE,853,103191,85607,1.0
FED_FAC_SINGLE_AUDIT,FED_OSHA_ITA_CASE_DETAIL_2024,EIN,STEEL,AUDITEE_EIN,EIN,1777,68126,20523,8.7
FED_FAC_SINGLE_AUDIT,FED_OSHA_ITA_CASE_DETAIL_2024,NAME@ZIP,CORROBORATED,AUDITEE_NAME+AUDITEE_ZIP,ESTABLISHMENT_NAME+ZIP_CODE,677,103191,59854,1.1
FED_FAC_SINGLE_AUDIT,FED_OSHA_ITA_CASE_DETAIL_2025,EIN,STEEL,AUDITEE_EIN,EIN,1232,68126,13387,9.2
FED_FAC_SINGLE_AUDIT,FED_OSHA_ITA_CASE_DETAIL_2025,NAME@ZIP,CORROBORATED,AUDITEE_NAME+AUDITEE_ZIP,ESTABLISHMENT_NAME+ZIP_CODE,456,103191,33457,1.4
FED_FAC_SINGLE_AUDIT,FED_PBGC_TRUSTEED_PENSION_PLANS,EIN,STEEL,AUDITEE_EIN,EIN,503,68126,20835,2.4
FED_FAC_SINGLE_AUDIT,FED_PBGC_TRUSTEED_PLANS,EIN,STEEL,AUDITEE_EIN,EIN,51,68126,4431,1.2
FED_FAC_SINGLE_AUDIT,FED_SAM_EXCLUSIONS_FULL_R2,UEI,STEEL,AUDITEE_UEI,UNIQUE_ENTITY_ID,3,59493,38426,0.0
FED_FAC_SINGLE_AUDIT,FED_SBA_LOANS,NAME@ZIP,CORROBORATED,AUDITEE_NAME+AUDITEE_ZIP,THIRDPARTYLENDER_NAME+CDC_ZIP,28,103191,14480,0.2
FED_FAC_SINGLE_AUDIT,FED_SBIR_STTR_AWARDS,UEI,STEEL,AUDITEE_UEI,UEI,20,59493,17160,0.1
FED_FAC_SINGLE_AUDIT,FED_SEC_13F_FILERS,NAME@ZIP,CORROBORATED,AUDITEE_NAME+AUDITEE_ZIP,FILINGMANAGER_NAME+FILINGMANAGER_ZIPCODE,24,103191,18430,0.1
FED_FAC_SINGLE_AUDIT,FED_USASPENDING_ASSISTANCE_FULL,UEI,STEEL,AUDITEE_UEI,recipient_uei,40746,59493,223721,68.5
FED_FAC_SINGLE_AUDIT,FED_USASPENDING_CONTRACTS,NAME@ZIP,CORROBORATED,AUDITEE_NAME+AUDITEE_ZIP,RECIPIENT_NAME+RECIPIENT_ZIP_4_CODE,2034,103191,91616,2.2
FED_FAC_SINGLE_AUDIT,FED_USASPENDING_CONTRACTS,UEI,STEEL,AUDITEE_UEI,RECIPIENT_UEI,2316,59493,92833,3.9
FED_FAC_SINGLE_AUDIT,FED_USCG_NRC_INCIDENTS,NAME@ZIP,CORROBORATED,AUDITEE_NAME+AUDITEE_ZIP,RESPONSIBLE_COMPANY+RESPONSIBLE_ZIP,543,103191,93650,0.6
FED_FAC_SINGLE_AUDIT,FED_USCG_NRC_INCIDENT_REPORTS,NAME@ZIP,CORROBORATED,AUDITEE_NAME+AUDITEE_ZIP,RESPONSIBLE_COMPANY+RESPONSIBLE_ZIP,103,103191,15011,0.7
FED_FAC_SINGLE_AUDIT,IRS527_8871_ORGS,EIN,STEEL,AUDITEE_EIN,EIN,21,68126,58915,0.0
FED_FAC_SINGLE_AUDIT,IRS527_8871_ORGS,NAME@ZIP,CORROBORATED,AUDITEE_NAME+AUDITEE_ZIP,ORGANIZATION_NAME+MAILING_ZIP,8,103191,62076,0.0
FED_FAC_SINGLE_AUDIT,IRS527_DIRECTORS_OFFICERS,EIN,STEEL,AUDITEE_EIN,EIN,21,68126,58881,0.0
FED_FAC_SINGLE_AUDIT,IRS527_RELATED_ENTITIES,EIN,STEEL,AUDITEE_EIN,EIN,4,68126,8979,0.0
FED_FAC_SINGLE_AUDIT,IRS527_RELATED_ENTITIES,NAME@ZIP,CORROBORATED,AUDITEE_NAME+AUDITEE_ZIP,ENTITY_NAME+ENTITY_ZIP,67,103191,11739,0.6
FED_FARA_BULK,FED_SEC_BUSINESS_DEVELOPMENT_COMPANY_REPORT,ZIP,GEO,ZIP,ZIP_CODE,7,1253,89,7.9
FED_FARA_BULK,FED_SEC_CLOSED_END_FUND_INFORMATION,ZIP,GEO,ZIP,ZIP_CODE,15,1253,226,6.6
FED_FCC_LICENSING,FED_FEC_BULK_CANDIDATES,NAME@ZIP,CORROBORATED,ENTITY_NAME+ZIP_CODE,CAND_NAME+CAND_ZIP,19,1502987,12622,0.2
FED_FCC_LICENSING,FED_FEC_INDIV_CONTRIBUTIONS,NAME@ZIP,CORROBORATED,ENTITY_NAME+ZIP_CODE,NAME+ZIP_CODE,8204,1502987,5251703,0.5
FED_FCC_LICENSING,FED_IRS_AUTO_REVOCATIONS,NAME@ZIP,CORROBORATED,ENTITY_NAME+ZIP_CODE,LEGAL_NAME+ZIP_CODE,274,1502987,1149844,0.0
FED_FCC_LICENSING,FED_IRS_BMF,NAME@ZIP,CORROBORATED,ENTITY_NAME+ZIP_CODE,NAME+ZIP,808,1502987,1868041,0.1
FED_FCC_LICENSING,FED_IRS_EO_BMF,NAME@ZIP,CORROBORATED,ENTITY_NAME+ZIP_CODE,NAME+ZIP,811,1502987,1878425,0.1
FED_FCC_LICENSING,FED_IRS_REVOCATION,NAME@ZIP,CORROBORATED,ENTITY_NAME+ZIP_CODE,LEGAL_NAME+ZIP_CODE,274,1502987,1149230,0.0
FED_FCC_LICENSING,FED_NTSB_AVIATION_AIRCRAFT,NAME@ZIP,CORROBORATED,ENTITY_NAME+ZIP_CODE,OPER_NAME+OWNER_ZIP,83,1502987,14890,0.6
FED_FCC_LICENSING,FED_OSHA_ITA_300A_SUMMARY_2025,NAME@ZIP,CORROBORATED,ENTITY_NAME+ZIP_CODE,ESTABLISHMENT_NAME+ZIP_CODE,8,1502987,375575,0.0
FED_FCC_LICENSING,FED_SBIR_STTR_AWARDS,NAME@ZIP,CORROBORATED,ENTITY_NAME+ZIP_CODE,PI_NAME+ZIP,165,1502987,77742,0.2
FED_FCC_LICENSING,FED_USASPENDING_CONTRACTS,NAME@ZIP,CORROBORATED,ENTITY_NAME+ZIP_CODE,RECIPIENT_NAME+RECIPIENT_ZIP_4_CODE,28,1502987,91616,0.0
FED_FCC_LICENSING,FED_USCG_NRC_INCIDENTS,NAME@ZIP,CORROBORATED,ENTITY_NAME+ZIP_CODE,RESPONSIBLE_COMPANY+RESPONSIBLE_ZIP,7,1502987,93650,0.0
FED_FCC_LICENSING,IRS527_8872_REPORTS,NAME@ZIP,CORROBORATED,ENTITY_NAME+ZIP_CODE,CONTACT_NAME+CONTACT_ZIP,12,1502987,5651,0.2
FED_FCC_LICENSING,IRS527_DIRECTORS_OFFICERS,NAME@ZIP,CORROBORATED,ENTITY_NAME+ZIP_CODE,ENTITY_NAME+ENTITY_ZIP,175,1502987,118803,0.1
FED_FCC_LICENSING,STATE_MO_SEX_OFFENDER_REGISTRY,NAME@ZIP,CORROBORATED,ENTITY_NAME+ZIP_CODE,NAME+ZIP,39,1502987,18255,0.2
FED_FCC_LICENSING,ST_NYC_CFB_CAMPAIGN_2001_CONTRIBUTION,NAME@ZIP,CORROBORATED,ENTITY_NAME+ZIP_CODE,NAME+ZIP,91,1502987,120204,0.1
FED_FCC_LICENSING,ST_NYC_CFB_CAMPAIGN_2009_CONTRIBUTION,NAME@ZIP,CORROBORATED,ENTITY_NAME+ZIP_CODE,NAME+ZIP,60,1502987,93773,0.1
FED_FCC_LICENSING,ST_NYC_CFB_CAMPAIGN_2013_CONTRIBUTION,NAME@ZIP,CORROBORATED,ENTITY_NAME+ZIP_CODE,NAME+ZIP,76,1502987,124226,0.1
FED_FCC_LICENSING,ST_NYC_CFB_CAMPAIGN_2021_CONTRIBUTIONS,NAME@ZIP,CORROBORATED,ENTITY_NAME+ZIP_CODE,NAME+ZIP,135,1502987,236829,0.1
FED_FCC_LICENSING,ST_NYC_CFB_CAMPAIGN_2025_CONTRIBUTIONS,NAME@ZIP,CORROBORATED,ENTITY_NAME+ZIP_CODE,NAME+ZIP,94,1502987,151248,0.1
FED_FCC_LICENSING,XC_MAPPING_POLICE_VIOLENCE,NAME@ZIP,CORROBORATED,ENTITY_NAME+ZIP_CODE,VICTIM_S_NAME+ZIPCODE,5,1502987,15269,0.0
FED_FDIC_BANK_DATA,FED_FDIC_SOD_BRANCH_DEPOSITS,DOCKET,STRONG,DOCKET,DOCKET,7905,11818,10798,73.2
FED_FDIC_BANK_DATA,FED_FEC_INDIV_CONTRIBUTIONS,NAME@ZIP,CORROBORATED,NAME+ZIP,NAME+ZIP_CODE,34,27620,5251703,0.1
FED_FDIC_BANK_DATA,FED_FHFA_FHLB_MEMBERSHIP,NAME@ZIP,CORROBORATED,NAME+ZIP,MEMBER_NAME+ZIP,3323,27620,6325,52.5
FED_FDIC_BANK_DATA,FED_IRS_AUTO_REVOCATIONS,NAME@ZIP,CORROBORATED,NAME+ZIP,LEGAL_NAME+ZIP_CODE,7,27620,1149844,0.0
FED_FDIC_BANK_DATA,FED_IRS_REVOCATION,NAME@ZIP,CORROBORATED,NAME+ZIP,LEGAL_NAME+ZIP_CODE,7,27620,1149230,0.0
FED_FDIC_BANK_DATA,FED_MAPPING_INEQUALITY,GEO_IN,GEO,LATITUDE/LONGITUDE,GEOMETRY,4040,23582,10153,17.1
FED_FDIC_BANK_DATA,FED_NOAA_WEATHER_API,GEO_IN,GEO,LATITUDE/LONGITUDE,GEOMETRY,74,23582,31,0.3
FED_FDIC_BANK_DATA,FED_OSHA_ITA_300A_SUMMARY_2023,NAME@ZIP,CORROBORATED,NAME+ZIP,ESTABLISHMENT_NAME+ZIP_CODE,28,27620,373106,0.1
FED_FDIC_BANK_DATA,FED_OSHA_ITA_300A_SUMMARY_2024,NAME@ZIP,CORROBORATED,NAME+ZIP,ESTABLISHMENT_NAME+ZIP_CODE,21,27620,360069,0.1
FED_FDIC_BANK_DATA,FED_OSHA_ITA_300A_SUMMARY_2025,NAME@ZIP,CORROBORATED,NAME+ZIP,ESTABLISHMENT_NAME+ZIP_CODE,22,27620,375575,0.1
FED_FDIC_BANK_DATA,FED_SBA_LOANS,NAME@ZIP,CORROBORATED,NAME+ZIP,THIRDPARTYLENDER_NAME+CDC_ZIP,114,27620,14480,0.8
FED_FDIC_BANK_DATA,FED_SEC_13F_FILERS,NAME@ZIP,CORROBORATED,NAME+ZIP,FILINGMANAGER_NAME+FILINGMANAGER_ZIPCODE,134,27620,18430,0.7
FED_FDIC_BANK_DATA,FED_USASPENDING_CONTRACTS,NAME@ZIP,CORROBORATED,NAME+ZIP,RECIPIENT_NAME+RECIPIENT_ZIP_4_CODE,9,27620,91616,0.0
FED_FDIC_BANK_DATA,INTL_FR_DATA_GOUV_FULL,GEO_IN,GEO,LATITUDE/LONGITUDE,SPATIAL_GEOM,23582,23582,48093,100.0
FED_FDIC_BANK_DATA,IRS527_RELATED_ENTITIES,NAME@ZIP,CORROBORATED,NAME+ZIP,ENTITY_NAME+ENTITY_ZIP,5,27620,11739,0.0
FED_FEC_API,FED_FEC_INDIV_CONTRIBUTIONS,NAME@ZIP,CORROBORATED,CONTRIBUTOR_NAME+CONTRIBUTOR_ZIP,NAME+ZIP_CODE,235,318,5251703,73.9
FED_FEC_API,ST_NYC_CFB_CAMPAIGN_2021_CONTRIBUTIONS,NAME@ZIP,CORROBORATED,CONTRIBUTOR_NAME+CONTRIBUTOR_ZIP,NAME+ZIP,8,318,236829,2.5
FED_FEC_API,ST_NYC_CFB_CAMPAIGN_2025_CONTRIBUTIONS,NAME@ZIP,CORROBORATED,CONTRIBUTOR_NAME+CONTRIBUTOR_ZIP,NAME+ZIP,7,318,151248,2.2
FED_FEC_BULK_CANDIDATES,FED_FEC_BULK_COMMITTEES,FEC_CAND_ID,STEEL,CAND_ID,FEC_CAND_ID,6908,13240,6921,99.8
FED_FEC_BULK_CANDIDATES,FED_FEC_BULK_COMMITTEES,FEC_CMTE_ID,STEEL,CAND_PCC,FEC_CMTE_ID,6825,10630,20007,64.2
FED_FEC_BULK_CANDIDATES,FED_FEC_BULK_LINKAGES,FEC_CAND_ID,STEEL,CAND_ID,CAND_ID,10928,13240,11177,97.8
FED_FEC_BULK_CANDIDATES,FED_FEC_BULK_LINKAGES,FEC_CMTE_ID,STEEL,CAND_PCC,CMTE_ID,10441,10630,11427,98.2
FED_FEC_BULK_CANDIDATES,FED_FEC_BULK_SUMMARY,FEC_CAND_ID,STEEL,CAND_ID,CAND_ID,5746,13240,5754,99.9
FED_FEC_BULK_CANDIDATES,FED_FEC_CANDIDATES,FEC_CAND_ID,STEEL,CAND_ID,C1,9874,13240,19142,74.6
FED_FEC_BULK_CANDIDATES,FED_FEC_CANDIDATES,FEC_CMTE_ID,STEEL,CAND_PCC,C10,7705,10630,14777,72.5
FED_FEC_BULK_CANDIDATES,FED_FEC_CAND_CMTE_LINKAGE,FEC_CAND_ID,STEEL,CAND_ID,C1,8166,13240,15153,61.7
FED_FEC_BULK_CANDIDATES,FED_FEC_CAND_CMTE_LINKAGE,FEC_CMTE_ID,STEEL,CAND_PCC,C4,7655,10630,16251,72.0
FED_FEC_BULK_CANDIDATES,FED_FEC_COMMITTEES,FEC_CAND_ID,STEEL,CAND_ID,C15,7996,13240,14591,60.4
FED_FEC_BULK_CANDIDATES,FED_FEC_COMMITTEES,FEC_CMTE_ID,STEEL,CAND_PCC,C1,7672,10630,38693,72.2
FED_FEC_BULK_CANDIDATES,FED_FEC_COMMITTEE_TO_CANDIDATE,FEC_CAND_ID,STEEL,CAND_ID,CAND_ID,2536,13240,2804,90.4
FED_FEC_BULK_CANDIDATES,FED_FEC_COMMITTEE_TO_CANDIDATE,FEC_CMTE_ID,STEEL,CAND_PCC,CMTE_ID,844,10630,6270,13.5
FED_FEC_BULK_CANDIDATES,FED_FEC_COMMITTEE_TO_CANDIDATE,NAME@ZIP,CORROBORATED,CAND_NAME+CAND_ZIP,NAME+ZIP_CODE,711,12622,17747,5.6
FED_FEC_BULK_CANDIDATES,FED_FEC_INDIV_CONTRIBUTIONS,FEC_CMTE_ID,STEEL,CAND_PCC,CMTE_ID,4155,10630,12291,39.1
FED_FEC_BULK_CANDIDATES,FED_FEC_INDIV_CONTRIBUTIONS,NAME@ZIP,CORROBORATED,CAND_NAME+CAND_ZIP,NAME+ZIP_CODE,2165,12622,5251703,17.2
FED_FEC_BULK_CANDIDATES,FED_FEC_LEADERSHIP_PAC,FEC_CAND_ID,STEEL,CAND_ID,FEC_CANDIDATE_ID,7933,13240,8076,98.2
FED_FEC_BULK_CANDIDATES,FED_FEC_LEADERSHIP_PAC,FEC_CMTE_ID,STEEL,CAND_PCC,FEC_COMMITTEE_ID,7531,10630,8338,90.3
FED_FEC_BULK_CANDIDATES,FED_FEC_PAC_SUMMARY,FEC_CMTE_ID,STEEL,CAND_PCC,C1,118,10630,22899,1.1
FED_FEC_BULK_CANDIDATES,IRS527_8872_REPORTS,NAME@ZIP,CORROBORATED,CAND_NAME+CAND_ZIP,CONTACT_NAME+CONTACT_ZIP,55,12622,5651,1.0
FED_FEC_BULK_CANDIDATES,IRS527_DIRECTORS_OFFICERS,NAME@ZIP,CORROBORATED,CAND_NAME+CAND_ZIP,ENTITY_NAME+ENTITY_ZIP,465,12622,118803,3.7
FED_FEC_BULK_CANDIDATES,ST_NYC_CFB_CAMPAIGN_2001_CONTRIBUTION,NAME@ZIP,CORROBORATED,CAND_NAME+CAND_ZIP,NAME+ZIP,12,12622,120204,0.1
FED_FEC_BULK_CANDIDATES,ST_NYC_CFB_CAMPAIGN_2009_CONTRIBUTION,NAME@ZIP,CORROBORATED,CAND_NAME+CAND_ZIP,NAME+ZIP,17,12622,93773,0.1
FED_FEC_BULK_CANDIDATES,ST_NYC_CFB_CAMPAIGN_2013_CONTRIBUTION,NAME@ZIP,CORROBORATED,CAND_NAME+CAND_ZIP,NAME+ZIP,24,12622,124226,0.2
FED_FEC_BULK_CANDIDATES,ST_NYC_CFB_CAMPAIGN_2021_CONTRIBUTIONS,NAME@ZIP,CORROBORATED,CAND_NAME+CAND_ZIP,NAME+ZIP,63,12622,236829,0.5
FED_FEC_BULK_CANDIDATES,ST_NYC_CFB_CAMPAIGN_2025_CONTRIBUTIONS,NAME@ZIP,CORROBORATED,CAND_NAME+CAND_ZIP,NAME+ZIP,57,12622,151248,0.5
FED_FEC_BULK_COMMITTEES,FED_FEC_BULK_LINKAGES,FEC_CAND_ID,STEEL,FEC_CAND_ID,CAND_ID,6885,6921,11177,99.5
FED_FEC_BULK_COMMITTEES,FED_FEC_BULK_LINKAGES,FEC_CMTE_ID,STEEL,FEC_CMTE_ID,CMTE_ID,7214,20007,11427,63.1
FED_FEC_BULK_COMMITTEES,FED_FEC_BULK_SUMMARY,FEC_CAND_ID,STEEL,FEC_CAND_ID,CAND_ID,4331,6921,5754,75.3
FED_FEC_BULK_COMMITTEES,FED_FEC_CANDIDATES,FEC_CAND_ID,STEEL,FEC_CAND_ID,C1,4086,6921,19142,59.0
FED_FEC_BULK_COMMITTEES,FED_FEC_CANDIDATES,FEC_CMTE_ID,STEEL,FEC_CMTE_ID,C10,3941,20007,14777,26.7
FED_FEC_BULK_COMMITTEES,FED_FEC_CAND_CMTE_LINKAGE,FEC_CAND_ID,STEEL,FEC_CAND_ID,C1,4042,6921,15153,58.4
FED_FEC_BULK_COMMITTEES,FED_FEC_CAND_CMTE_LINKAGE,FEC_CMTE_ID,STEEL,FEC_CMTE_ID,C4,4176,20007,16251,25.7
FED_FEC_BULK_COMMITTEES,FED_FEC_COMMITTEES,FEC_CAND_ID,STEEL,FEC_CAND_ID,C15,4052,6921,14591,58.5
FED_FEC_BULK_COMMITTEES,FED_FEC_COMMITTEES,FEC_CMTE_ID,STEEL,FEC_CMTE_ID,C1,14302,20007,38693,71.5
FED_FEC_BULK_COMMITTEES,FED_FEC_COMMITTEE_TO_CANDIDATE,FEC_CAND_ID,STEEL,FEC_CAND_ID,CAND_ID,2111,6921,2804,75.3
FED_FEC_BULK_COMMITTEES,FED_FEC_COMMITTEE_TO_CANDIDATE,FEC_CMTE_ID,STEEL,FEC_CMTE_ID,CMTE_ID,5939,20007,6270,94.7
FED_FEC_BULK_COMMITTEES,FED_FEC_INDIV_CONTRIBUTIONS,FEC_CMTE_ID,STEEL,FEC_CMTE_ID,CMTE_ID,10899,20007,12291,88.7
FED_FEC_BULK_COMMITTEES,FED_FEC_LEADERSHIP_PAC,FEC_CAND_ID,STEEL,FEC_CAND_ID,FEC_CANDIDATE_ID,3990,6921,8076,57.7
FED_FEC_BULK_COMMITTEES,FED_FEC_LEADERSHIP_PAC,FEC_CMTE_ID,STEEL,FEC_CMTE_ID,FEC_COMMITTEE_ID,4154,20007,8338,49.8
FED_FEC_BULK_COMMITTEES,FED_FEC_PAC_SUMMARY,FEC_CMTE_ID,STEEL,FEC_CMTE_ID,C1,9569,20007,22899,47.8
FED_FEC_BULK_LINKAGES,FED_FEC_BULK_SUMMARY,FEC_CAND_ID,STEEL,CAND_ID,CAND_ID,5649,11177,5754,98.2
FED_FEC_BULK_LINKAGES,FED_FEC_CANDIDATES,FEC_CAND_ID,STEEL,CAND_ID,C1,8035,11177,19142,71.9
FED_FEC_BULK_LINKAGES,FED_FEC_CANDIDATES,FEC_CMTE_ID,STEEL,CMTE_ID,C10,7652,11427,14777,67.0
FED_FEC_BULK_LINKAGES,FED_FEC_CAND_CMTE_LINKAGE,FEC_CAND_ID,STEEL,CAND_ID,C1,8130,11177,15153,72.7
FED_FEC_BULK_LINKAGES,FED_FEC_CAND_CMTE_LINKAGE,FEC_CMTE_ID,STEEL,CMTE_ID,C4,8343,11427,16251,73.0
FED_FEC_BULK_LINKAGES,FED_FEC_COMMITTEES,FEC_CAND_ID,STEEL,CAND_ID,C15,7827,11177,14591,70.0
FED_FEC_BULK_LINKAGES,FED_FEC_COMMITTEES,FEC_CMTE_ID,STEEL,CMTE_ID,C1,8224,11427,38693,72.0
FED_FEC_BULK_LINKAGES,FED_FEC_COMMITTEE_TO_CANDIDATE,FEC_CAND_ID,STEEL,CAND_ID,CAND_ID,2492,11177,2804,88.9
FED_FEC_BULK_LINKAGES,FED_FEC_COMMITTEE_TO_CANDIDATE,FEC_CMTE_ID,STEEL,CMTE_ID,CMTE_ID,887,11427,6270,14.1
FED_FEC_BULK_LINKAGES,FED_FEC_INDIV_CONTRIBUTIONS,FEC_CMTE_ID,STEEL,CMTE_ID,CMTE_ID,4317,11427,12291,37.8
FED_FEC_BULK_LINKAGES,FED_FEC_LEADERSHIP_PAC,FEC_CAND_ID,STEEL,CAND_ID,FEC_CANDIDATE_ID,8076,11177,8076,100.0
FED_FEC_BULK_LINKAGES,FED_FEC_LEADERSHIP_PAC,FEC_CMTE_ID,STEEL,CMTE_ID,FEC_COMMITTEE_ID,8338,11427,8338,100.0
FED_FEC_BULK_LINKAGES,FED_FEC_PAC_SUMMARY,FEC_CMTE_ID,STEEL,CMTE_ID,C1,360,11427,22899,3.2
FED_FEC_BULK_SUMMARY,FED_FEC_CANDIDATES,FEC_CAND_ID,STEEL,CAND_ID,C1,3955,5754,19142,68.7
FED_FEC_BULK_SUMMARY,FED_FEC_CAND_CMTE_LINKAGE,FEC_CAND_ID,STEEL,CAND_ID,C1,3907,5754,15153,67.9
FED_FEC_BULK_SUMMARY,FED_FEC_COMMITTEES,FEC_CAND_ID,STEEL,CAND_ID,C15,3840,5754,14591,66.7
FED_FEC_BULK_SUMMARY,FED_FEC_COMMITTEE_TO_CANDIDATE,FEC_CAND_ID,STEEL,CAND_ID,CAND_ID,2409,5754,2804,85.9
FED_FEC_BULK_SUMMARY,FED_FEC_LEADERSHIP_PAC,FEC_CAND_ID,STEEL,CAND_ID,FEC_CANDIDATE_ID,3820,5754,8076,66.4
FED_FEC_CANDIDATES,FED_FEC_CAND_CMTE_LINKAGE,FEC_CAND_ID,STEEL,C1,C1,14768,19142,15153,97.5
FED_FEC_CANDIDATES,FED_FEC_CAND_CMTE_LINKAGE,FEC_CMTE_ID,STEEL,C10,C4,14591,14777,16251,98.7
FED_FEC_CANDIDATES,FED_FEC_COMMITTEES,FEC_CAND_ID,STEEL,C1,C15,14556,19142,14591,99.8
FED_FEC_CANDIDATES,FED_FEC_COMMITTEES,FEC_CMTE_ID,STEEL,C10,C1,14601,14777,38693,98.8
FED_FEC_CANDIDATES,FED_FEC_COMMITTEE_TO_CANDIDATE,FEC_CAND_ID,STEEL,C1,CAND_ID,1937,19142,2804,69.1
FED_FEC_CANDIDATES,FED_FEC_COMMITTEE_TO_CANDIDATE,FEC_CMTE_ID,STEEL,C10,CMTE_ID,800,14777,6270,12.8
FED_FEC_CANDIDATES,FED_FEC_INDIV_CONTRIBUTIONS,FEC_CMTE_ID,STEEL,C10,CMTE_ID,2509,14777,12291,20.4
FED_FEC_CANDIDATES,FED_FEC_LEADERSHIP_PAC,FEC_CAND_ID,STEEL,C1,FEC_CANDIDATE_ID,7934,19142,8076,98.2
FED_FEC_CANDIDATES,FED_FEC_LEADERSHIP_PAC,FEC_CMTE_ID,STEEL,C10,FEC_COMMITTEE_ID,7645,14777,8338,91.7
FED_FEC_CANDIDATES,FED_FEC_PAC_SUMMARY,FEC_CMTE_ID,STEEL,C10,C1,174,14777,22899,1.2
FED_FEC_CAND_CMTE_LINKAGE,FED_FEC_COMMITTEES,FEC_CAND_ID,STEEL,C1,C15,14553,15153,14591,99.7
FED_FEC_CAND_CMTE_LINKAGE,FED_FEC_COMMITTEES,FEC_CMTE_ID,STEEL,C4,C1,15822,16251,38693,97.4
FED_FEC_CAND_CMTE_LINKAGE,FED_FEC_COMMITTEE_TO_CANDIDATE,FEC_CAND_ID,STEEL,C1,CAND_ID,1908,15153,2804,68.0
FED_FEC_CAND_CMTE_LINKAGE,FED_FEC_COMMITTEE_TO_CANDIDATE,FEC_CMTE_ID,STEEL,C4,CMTE_ID,833,16251,6270,13.3
FED_FEC_CAND_CMTE_LINKAGE,FED_FEC_INDIV_CONTRIBUTIONS,FEC_CMTE_ID,STEEL,C4,CMTE_ID,2630,16251,12291,21.4
FED_FEC_CAND_CMTE_LINKAGE,FED_FEC_LEADERSHIP_PAC,FEC_CAND_ID,STEEL,C1,FEC_CANDIDATE_ID,8076,15153,8076,100.0
FED_FEC_CAND_CMTE_LINKAGE,FED_FEC_LEADERSHIP_PAC,FEC_CMTE_ID,STEEL,C4,FEC_COMMITTEE_ID,8338,16251,8338,100.0
FED_FEC_CAND_CMTE_LINKAGE,FED_FEC_PAC_SUMMARY,FEC_CMTE_ID,STEEL,C4,C1,766,16251,22899,4.7
FED_FEC_COMMITTEES,FED_FEC_COMMITTEE_TO_CANDIDATE,FEC_CAND_ID,STEEL,C15,CAND_ID,1892,14591,2804,67.5
FED_FEC_COMMITTEES,FED_FEC_COMMITTEE_TO_CANDIDATE,FEC_CMTE_ID,STEEL,C1,CMTE_ID,5892,38693,6270,94.0
FED_FEC_COMMITTEES,FED_FEC_INDIV_CONTRIBUTIONS,FEC_CMTE_ID,STEEL,C1,CMTE_ID,9634,38693,12291,78.4
FED_FEC_COMMITTEES,FED_FEC_LEADERSHIP_PAC,FEC_CAND_ID,STEEL,C15,FEC_CANDIDATE_ID,7772,14591,8076,96.2
FED_FEC_COMMITTEES,FED_FEC_LEADERSHIP_PAC,FEC_CMTE_ID,STEEL,C1,FEC_COMMITTEE_ID,8184,38693,8338,98.2
FED_FEC_COMMITTEES,FED_FEC_PAC_SUMMARY,FEC_CMTE_ID,STEEL,C1,C1,22548,38693,22899,98.5
FED_FEC_COMMITTEE_TO_CANDIDATE,FED_FEC_INDIV_CONTRIBUTIONS,FEC_CMTE_ID,STEEL,CMTE_ID,CMTE_ID,5587,6270,12291,89.1
FED_FEC_COMMITTEE_TO_CANDIDATE,FED_FEC_INDIV_CONTRIBUTIONS,NAME@ZIP,CORROBORATED,NAME+ZIP_CODE,NAME+ZIP_CODE,1152,17747,5251703,6.5
FED_FEC_COMMITTEE_TO_CANDIDATE,FED_FEC_LEADERSHIP_PAC,FEC_CAND_ID,STEEL,CAND_ID,FEC_CANDIDATE_ID,1832,2804,8076,65.3
FED_FEC_COMMITTEE_TO_CANDIDATE,FED_FEC_LEADERSHIP_PAC,FEC_CMTE_ID,STEEL,CMTE_ID,FEC_COMMITTEE_ID,831,6270,8338,13.3
FED_FEC_COMMITTEE_TO_CANDIDATE,FED_FEC_PAC_SUMMARY,FEC_CMTE_ID,STEEL,CMTE_ID,C1,5145,6270,22899,82.1
FED_FEC_COMMITTEE_TO_CANDIDATE,FED_IRS_AUTO_REVOCATIONS,NAME@ZIP,CORROBORATED,NAME+ZIP_CODE,LEGAL_NAME+ZIP_CODE,9,17747,1149844,0.1
FED_FEC_COMMITTEE_TO_CANDIDATE,FED_IRS_BMF,NAME@ZIP,CORROBORATED,NAME+ZIP_CODE,NAME+ZIP,100,17747,1868041,0.6
FED_FEC_COMMITTEE_TO_CANDIDATE,FED_IRS_EO_BMF,NAME@ZIP,CORROBORATED,NAME+ZIP_CODE,NAME+ZIP,101,17747,1878425,0.6
FED_FEC_COMMITTEE_TO_CANDIDATE,FED_IRS_REVOCATION,NAME@ZIP,CORROBORATED,NAME+ZIP_CODE,LEGAL_NAME+ZIP_CODE,9,17747,1149230,0.1
FED_FEC_COMMITTEE_TO_CANDIDATE,FED_NTSB_AVIATION_AIRCRAFT,NAME@ZIP,CORROBORATED,NAME+ZIP_CODE,OPER_NAME+OWNER_ZIP,12,17747,14890,0.1
FED_FEC_COMMITTEE_TO_CANDIDATE,FED_OSHA_ITA_300A_SUMMARY_2023,NAME@ZIP,CORROBORATED,NAME+ZIP_CODE,ESTABLISHMENT_NAME+ZIP_CODE,26,17747,373106,0.1
FED_FEC_COMMITTEE_TO_CANDIDATE,FED_OSHA_ITA_300A_SUMMARY_2024,NAME@ZIP,CORROBORATED,NAME+ZIP_CODE,ESTABLISHMENT_NAME+ZIP_CODE,28,17747,360069,0.2
FED_FEC_COMMITTEE_TO_CANDIDATE,FED_OSHA_ITA_300A_SUMMARY_2025,NAME@ZIP,CORROBORATED,NAME+ZIP_CODE,ESTABLISHMENT_NAME+ZIP_CODE,17,17747,375575,0.1
FED_FEC_COMMITTEE_TO_CANDIDATE,FED_SEC_13F_FILERS,NAME@ZIP,CORROBORATED,NAME+ZIP_CODE,FILINGMANAGER_NAME+FILINGMANAGER_ZIPCODE,13,17747,18430,0.1
FED_FEC_COMMITTEE_TO_CANDIDATE,FED_USASPENDING_CONTRACTS,NAME@ZIP,CORROBORATED,NAME+ZIP_CODE,RECIPIENT_NAME+RECIPIENT_ZIP_4_CODE,62,17747,91616,0.3
FED_FEC_COMMITTEE_TO_CANDIDATE,FED_USCG_NRC_INCIDENTS,NAME@ZIP,CORROBORATED,NAME+ZIP_CODE,RESPONSIBLE_COMPANY+RESPONSIBLE_ZIP,31,17747,93650,0.2
FED_FEC_COMMITTEE_TO_CANDIDATE,FED_USCG_NRC_INCIDENT_REPORTS,NAME@ZIP,CORROBORATED,NAME+ZIP_CODE,RESPONSIBLE_COMPANY+RESPONSIBLE_ZIP,14,17747,15011,0.1
FED_FEC_COMMITTEE_TO_CANDIDATE,IRS527_8871_ORGS,NAME@ZIP,CORROBORATED,NAME+ZIP_CODE,ORGANIZATION_NAME+MAILING_ZIP,135,17747,62076,0.8
FED_FEC_COMMITTEE_TO_CANDIDATE,IRS527_DIRECTORS_OFFICERS,NAME@ZIP,CORROBORATED,NAME+ZIP_CODE,ENTITY_NAME+ENTITY_ZIP,47,17747,118803,0.3
FED_FEC_COMMITTEE_TO_CANDIDATE,IRS527_RELATED_ENTITIES,NAME@ZIP,CORROBORATED,NAME+ZIP_CODE,ENTITY_NAME+ENTITY_ZIP,99,17747,11739,0.8
FED_FEC_COMMITTEE_TO_CANDIDATE,ST_NYC_CFB_CAMPAIGN_2001_CONTRIBUTION,NAME@ZIP,CORROBORATED,NAME+ZIP_CODE,NAME+ZIP,10,17747,120204,0.1
FED_FEC_COMMITTEE_TO_CANDIDATE,ST_NYC_CFB_CAMPAIGN_2009_CONTRIBUTION,NAME@ZIP,CORROBORATED,NAME+ZIP_CODE,NAME+ZIP,9,17747,93773,0.1
FED_FEC_COMMITTEE_TO_CANDIDATE,ST_NYC_CFB_CAMPAIGN_2013_CONTRIBUTION,NAME@ZIP,CORROBORATED,NAME+ZIP_CODE,NAME+ZIP,20,17747,124226,0.1
FED_FEC_COMMITTEE_TO_CANDIDATE,ST_NYC_CFB_CAMPAIGN_2021_CONTRIBUTIONS,NAME@ZIP,CORROBORATED,NAME+ZIP_CODE,NAME+ZIP,20,17747,236829,0.1
FED_FEC_COMMITTEE_TO_CANDIDATE,ST_NYC_CFB_CAMPAIGN_2025_CONTRIBUTIONS,NAME@ZIP,CORROBORATED,NAME+ZIP_CODE,NAME+ZIP,29,17747,151248,0.2
FED_FEC_INDIV_CONTRIBUTIONS,FED_FEC_LEADERSHIP_PAC,FEC_CMTE_ID,STEEL,CMTE_ID,FEC_COMMITTEE_ID,2627,12291,8338,31.5
FED_FEC_INDIV_CONTRIBUTIONS,FED_FEC_PAC_SUMMARY,FEC_CMTE_ID,STEEL,CMTE_ID,C1,7129,12291,22899,58.0
FED_FEC_INDIV_CONTRIBUTIONS,FED_FHFA_FHLB_MEMBERSHIP,NAME@ZIP,CORROBORATED,NAME+ZIP_CODE,MEMBER_NAME+ZIP,34,5251703,6325,0.5
FED_FEC_INDIV_CONTRIBUTIONS,FED_HRSA_HPSA_PRIMARY_CARE,NAME@ZIP,CORROBORATED,NAME+ZIP_CODE,HPSA_COMPONENT_NAME+COMMON_POSTAL_CODE,13,5251703,6952,0.2
FED_FEC_INDIV_CONTRIBUTIONS,FED_HRSA_SHORTAGE_AREAS,NAME@ZIP,CORROBORATED,NAME+ZIP_CODE,HPSA_COMPONENT_NAME+COMMON_POSTAL_CODE,15,5251703,7829,0.2
FED_FEC_INDIV_CONTRIBUTIONS,FED_IRS_AUTO_REVOCATIONS,NAME@ZIP,CORROBORATED,NAME+ZIP_CODE,LEGAL_NAME+ZIP_CODE,57,5251703,1149844,0.0
FED_FEC_INDIV_CONTRIBUTIONS,FED_IRS_BMF,NAME@ZIP,CORROBORATED,NAME+ZIP_CODE,NAME+ZIP,466,5251703,1868041,0.0
FED_FEC_INDIV_CONTRIBUTIONS,FED_IRS_EO_BMF,NAME@ZIP,CORROBORATED,NAME+ZIP_CODE,NAME+ZIP,467,5251703,1878425,0.0
FED_FEC_INDIV_CONTRIBUTIONS,FED_IRS_REVOCATION,NAME@ZIP,CORROBORATED,NAME+ZIP_CODE,LEGAL_NAME+ZIP_CODE,57,5251703,1149230,0.0
FED_FEC_INDIV_CONTRIBUTIONS,FED_NCUA_CALL_REPORTS_FOICU,NAME@ZIP,CORROBORATED,NAME+ZIP_CODE,CU_NAME+ZIP_CODE,6,5251703,4335,0.1
FED_FEC_INDIV_CONTRIBUTIONS,FED_NCUA_FEDERALLY_INSURED_CU_LIST,NAME@ZIP,CORROBORATED,NAME+ZIP_CODE,CREDIT_UNION_NAME+ZIP_CODE_MAILING_ADDRESS,6,5251703,4249,0.1
FED_FEC_INDIV_CONTRIBUTIONS,FED_NTSB_AVIATION_AIRCRAFT,NAME@ZIP,CORROBORATED,NAME+ZIP_CODE,OPER_NAME+OWNER_ZIP,71,5251703,14890,0.5
FED_FEC_INDIV_CONTRIBUTIONS,FED_OSHA_ITA_300A_SUMMARY_2023,NAME@ZIP,CORROBORATED,NAME+ZIP_CODE,ESTABLISHMENT_NAME+ZIP_CODE,221,5251703,373106,0.1
FED_FEC_INDIV_CONTRIBUTIONS,FED_OSHA_ITA_300A_SUMMARY_2024,NAME@ZIP,CORROBORATED,NAME+ZIP_CODE,ESTABLISHMENT_NAME+ZIP_CODE,185,5251703,360069,0.1
FED_FEC_INDIV_CONTRIBUTIONS,FED_OSHA_ITA_300A_SUMMARY_2025,NAME@ZIP,CORROBORATED,NAME+ZIP_CODE,ESTABLISHMENT_NAME+ZIP_CODE,192,5251703,375575,0.1
FED_FEC_INDIV_CONTRIBUTIONS,FED_OSHA_ITA_CASE_DETAIL_2023,NAME@ZIP,CORROBORATED,NAME+ZIP_CODE,ESTABLISHMENT_NAME+ZIP_CODE,48,5251703,85607,0.1
FED_FEC_INDIV_CONTRIBUTIONS,FED_OSHA_ITA_CASE_DETAIL_2024,NAME@ZIP,CORROBORATED,NAME+ZIP_CODE,ESTABLISHMENT_NAME+ZIP_CODE,36,5251703,59854,0.1
FED_FEC_INDIV_CONTRIBUTIONS,FED_OSHA_ITA_CASE_DETAIL_2025,NAME@ZIP,CORROBORATED,NAME+ZIP_CODE,ESTABLISHMENT_NAME+ZIP_CODE,17,5251703,33457,0.1
FED_FEC_INDIV_CONTRIBUTIONS,FED_SAM_EXCLUSIONS,NAME@ZIP,CORROBORATED,NAME+ZIP_CODE,ENTITY_NAME+ZIP,12,5251703,8485,0.1
FED_FEC_INDIV_CONTRIBUTIONS,FED_SBIR_STTR_AWARDS,NAME@ZIP,CORROBORATED,NAME+ZIP_CODE,PI_NAME+ZIP,764,5251703,77742,1.0
FED_FEC_INDIV_CONTRIBUTIONS,FED_SEC_13F_FILERS,NAME@ZIP,CORROBORATED,NAME+ZIP_CODE,FILINGMANAGER_NAME+FILINGMANAGER_ZIPCODE,84,5251703,18430,0.5
FED_FEC_INDIV_CONTRIBUTIONS,FED_USASPENDING_CONTRACTS,NAME@ZIP,CORROBORATED,NAME+ZIP_CODE,RECIPIENT_NAME+RECIPIENT_ZIP_4_CODE,306,5251703,91616,0.3
FED_FEC_INDIV_CONTRIBUTIONS,FED_USCG_NRC_INCIDENTS,NAME@ZIP,CORROBORATED,NAME+ZIP_CODE,RESPONSIBLE_COMPANY+RESPONSIBLE_ZIP,83,5251703,93650,0.1
FED_FEC_INDIV_CONTRIBUTIONS,FED_USCG_NRC_INCIDENT_REPORTS,NAME@ZIP,CORROBORATED,NAME+ZIP_CODE,RESPONSIBLE_COMPANY+RESPONSIBLE_ZIP,38,5251703,15011,0.3
FED_FEC_INDIV_CONTRIBUTIONS,IRS527_8871_ORGS,NAME@ZIP,CORROBORATED,NAME+ZIP_CODE,ORGANIZATION_NAME+MAILING_ZIP,321,5251703,62076,0.5
FED_FEC_INDIV_CONTRIBUTIONS,IRS527_8872_REPORTS,NAME@ZIP,CORROBORATED,NAME+ZIP_CODE,CONTACT_NAME+CONTACT_ZIP,409,5251703,5651,7.2
FED_FEC_INDIV_CONTRIBUTIONS,IRS527_DIRECTORS_OFFICERS,NAME@ZIP,CORROBORATED,NAME+ZIP_CODE,ENTITY_NAME+ENTITY_ZIP,7609,5251703,118803,6.4
FED_FEC_INDIV_CONTRIBUTIONS,IRS527_RELATED_ENTITIES,NAME@ZIP,CORROBORATED,NAME+ZIP_CODE,ENTITY_NAME+ENTITY_ZIP,259,5251703,11739,2.2
FED_FEC_INDIV_CONTRIBUTIONS,STATE_MO_SEX_OFFENDER_REGISTRY,NAME@ZIP,CORROBORATED,NAME+ZIP_CODE,NAME+ZIP,13,5251703,18255,0.1
FED_FEC_INDIV_CONTRIBUTIONS,ST_NYC_CFB_CAMPAIGN_2001_CONTRIBUTION,NAME@ZIP,CORROBORATED,NAME+ZIP_CODE,NAME+ZIP,4092,5251703,120204,3.4
FED_FEC_INDIV_CONTRIBUTIONS,ST_NYC_CFB_CAMPAIGN_2009_CONTRIBUTION,NAME@ZIP,CORROBORATED,NAME+ZIP_CODE,NAME+ZIP,5294,5251703,93773,5.6
FED_FEC_INDIV_CONTRIBUTIONS,ST_NYC_CFB_CAMPAIGN_2013_CONTRIBUTION,NAME@ZIP,CORROBORATED,NAME+ZIP_CODE,NAME+ZIP,10397,5251703,124226,8.4
FED_FEC_INDIV_CONTRIBUTIONS,ST_NYC_CFB_CAMPAIGN_2021_CONTRIBUTIONS,NAME@ZIP,CORROBORATED,NAME+ZIP_CODE,NAME+ZIP,31203,5251703,236829,13.2
FED_FEC_INDIV_CONTRIBUTIONS,ST_NYC_CFB_CAMPAIGN_2025_CONTRIBUTIONS,NAME@ZIP,CORROBORATED,NAME+ZIP_CODE,NAME+ZIP,28449,5251703,151248,18.8
FED_FEC_INDIV_CONTRIBUTIONS,XC_MAPPING_POLICE_VIOLENCE,NAME@ZIP,CORROBORATED,NAME+ZIP_CODE,VICTIM_S_NAME+ZIPCODE,7,5251703,15269,0.0
FED_FEC_LEADERSHIP_PAC,FED_FEC_PAC_SUMMARY,FEC_CMTE_ID,STEEL,FEC_COMMITTEE_ID,C1,349,8338,22899,4.2
FED_FEMA_IA_HOUSING_REGISTRATIONS,FED_HRSA_HPSA_PRIMARY_CARE,FIPS,GEO,FIPS,COMMON_STATE_COUNTY_FIPS_CODE,3101,3188,3234,97.3
FED_FEMA_IA_HOUSING_REGISTRATIONS,FED_HRSA_SHORTAGE_AREAS,FIPS,GEO,FIPS,COMMON_STATE_COUNTY_FIPS_CODE,3156,3188,3290,99.0
FED_FEMA_IA_HOUSING_REGISTRATIONS,FED_USDA_RD_MFH_ACTIVE_PROJECTS,FIPS,GEO,FIPS,STATE_COUNTY_FIPS_CODE,2698,3188,2725,99.0
FED_FEMA_IA_HOUSING_REGISTRATIONS,XC_VERA_INCARCERATION_TRENDS,FIPS,GEO,FIPS,COUNTY_FIPS,3016,3188,3075,98.1
FED_FHFA_FHLB_MEMBERSHIP,FED_IRS_AUTO_REVOCATIONS,NAME@ZIP,CORROBORATED,MEMBER_NAME+ZIP,LEGAL_NAME+ZIP_CODE,24,6325,1149844,0.4
FED_FHFA_FHLB_MEMBERSHIP,FED_IRS_BMF,NAME@ZIP,CORROBORATED,MEMBER_NAME+ZIP,NAME+ZIP,405,6325,1868041,6.4
FED_FHFA_FHLB_MEMBERSHIP,FED_IRS_EO_BMF,NAME@ZIP,CORROBORATED,MEMBER_NAME+ZIP,NAME+ZIP,404,6325,1878425,6.4
FED_FHFA_FHLB_MEMBERSHIP,FED_IRS_REVOCATION,NAME@ZIP,CORROBORATED,MEMBER_NAME+ZIP,LEGAL_NAME+ZIP_CODE,24,6325,1149230,0.4
FED_FHFA_FHLB_MEMBERSHIP,FED_NCUA_CALL_REPORTS_FOICU,NAME@ZIP,CORROBORATED,MEMBER_NAME+ZIP,CU_NAME+ZIP_CODE,46,6325,4335,1.1
FED_FHFA_FHLB_MEMBERSHIP,FED_NCUA_FEDERALLY_INSURED_CU_LIST,NAME@ZIP,CORROBORATED,MEMBER_NAME+ZIP,CREDIT_UNION_NAME+ZIP_CODE_MAILING_ADDRESS,41,6325,4249,1.0
FED_FHFA_FHLB_MEMBERSHIP,FED_OSHA_ITA_300A_SUMMARY_2023,NAME@ZIP,CORROBORATED,MEMBER_NAME+ZIP,ESTABLISHMENT_NAME+ZIP_CODE,34,6325,373106,0.5
FED_FHFA_FHLB_MEMBERSHIP,FED_OSHA_ITA_300A_SUMMARY_2024,NAME@ZIP,CORROBORATED,MEMBER_NAME+ZIP,ESTABLISHMENT_NAME+ZIP_CODE,30,6325,360069,0.5
FED_FHFA_FHLB_MEMBERSHIP,FED_OSHA_ITA_300A_SUMMARY_2025,NAME@ZIP,CORROBORATED,MEMBER_NAME+ZIP,ESTABLISHMENT_NAME+ZIP_CODE,29,6325,375575,0.5
FED_FHFA_FHLB_MEMBERSHIP,FED_SBA_LOANS,NAME@ZIP,CORROBORATED,MEMBER_NAME+ZIP,THIRDPARTYLENDER_NAME+CDC_ZIP,75,6325,14480,1.2
FED_FHFA_FHLB_MEMBERSHIP,FED_SEC_13F_FILERS,NAME@ZIP,CORROBORATED,MEMBER_NAME+ZIP,FILINGMANAGER_NAME+FILINGMANAGER_ZIPCODE,114,6325,18430,1.8
FED_FHFA_FHLB_MEMBERSHIP,FED_USASPENDING_CONTRACTS,NAME@ZIP,CORROBORATED,MEMBER_NAME+ZIP,RECIPIENT_NAME+RECIPIENT_ZIP_4_CODE,13,6325,91616,0.2
FED_FHFA_FHLB_MEMBERSHIP,IRS527_RELATED_ENTITIES,NAME@ZIP,CORROBORATED,MEMBER_NAME+ZIP,ENTITY_NAME+ENTITY_ZIP,12,6325,11739,0.2
FED_GOVINFO_BILLSTATUS,FED_GOVINFO_BILL_COSPONSORS,BIOGUIDE,STEEL,SPONSOR_BIOGUIDE,COSPONSOR_BIOGUIDE,632,632,635,100.0
FED_GOVINFO_BILLSTATUS,FED_VOTEVIEW_MEMBERS,BIOGUIDE,STEEL,SPONSOR_BIOGUIDE,BIOGUIDE_ID,632,632,12584,100.0
FED_GOVINFO_BILL_COSPONSORS,FED_VOTEVIEW_MEMBERS,BIOGUIDE,STEEL,COSPONSOR_BIOGUIDE,BIOGUIDE_ID,635,635,12584,100.0
FED_HHS_OIG_LEIE,FED_NURSINGHOME411,CCN~NPI,BRIDGE,,,3,8660,14456,0.0
FED_HHS_OIG_LEIE,FED_OSHA_ITA_300A_SUMMARY_2023,NAME@ZIP,CORROBORATED,LASTNAME+ZIP,ESTABLISHMENT_NAME+ZIP_CODE,6,78462,373106,0.0
FED_HHS_OIG_LEIE,FED_OSHA_ITA_300A_SUMMARY_2024,NAME@ZIP,CORROBORATED,LASTNAME+ZIP,ESTABLISHMENT_NAME+ZIP_CODE,6,78462,360069,0.0
FED_HHS_OIG_LEIE,FED_OSHA_ITA_300A_SUMMARY_2025,NAME@ZIP,CORROBORATED,LASTNAME+ZIP,ESTABLISHMENT_NAME+ZIP_CODE,7,78462,375575,0.0
FED_HHS_OIG_LEIE,FED_SAM_EXCLUSIONS_FULL_R2,NPI,STEEL,NPI,NPI,4687,8660,4866,96.3
FED_HRSA_HPSA_PRIMARY_CARE,FED_HRSA_SHORTAGE_AREAS,FIPS,GEO,COMMON_STATE_COUNTY_FIPS_CODE,COMMON_STATE_COUNTY_FIPS_CODE,3234,3234,3290,100.0
FED_HRSA_HPSA_PRIMARY_CARE,FED_HRSA_SHORTAGE_AREAS,NAME@ZIP,CORROBORATED,HPSA_COMPONENT_NAME+COMMON_POSTAL_CODE,HPSA_COMPONENT_NAME+COMMON_POSTAL_CODE,6952,6952,7829,100.0
FED_HRSA_HPSA_PRIMARY_CARE,FED_HRSA_SHORTAGE_AREAS,ZIP,GEO,COMMON_POSTAL_CODE,COMMON_POSTAL_CODE,1455,4752,4969,30.6
FED_HRSA_HPSA_PRIMARY_CARE,FED_HRSA_UDS_SERVICE_DELIVERY_SITES,NAME@ZIP,CORROBORATED,HPSA_COMPONENT_NAME+COMMON_POSTAL_CODE,SITE_NAME+SITE_POSTAL_CODE,543,6952,18468,7.8
FED_HRSA_HPSA_PRIMARY_CARE,FED_ICE_DETENTION_FACILITY_CODES,NAME@ZIP,CORROBORATED,HPSA_COMPONENT_NAME+COMMON_POSTAL_CODE,DETENTION_FACILITY_NAME+ZIP,11,6952,1327,0.8
FED_HRSA_HPSA_PRIMARY_CARE,FED_IRS_AUTO_REVOCATIONS,NAME@ZIP,CORROBORATED,HPSA_COMPONENT_NAME+COMMON_POSTAL_CODE,LEGAL_NAME+ZIP_CODE,63,6952,1149844,0.9
FED_HRSA_HPSA_PRIMARY_CARE,FED_IRS_BMF,NAME@ZIP,CORROBORATED,HPSA_COMPONENT_NAME+COMMON_POSTAL_CODE,NAME+ZIP,1209,6952,1868041,17.4
FED_HRSA_HPSA_PRIMARY_CARE,FED_IRS_EO_BMF,NAME@ZIP,CORROBORATED,HPSA_COMPONENT_NAME+COMMON_POSTAL_CODE,NAME+ZIP,1205,6952,1878425,17.3
FED_HRSA_HPSA_PRIMARY_CARE,FED_IRS_REVOCATION,NAME@ZIP,CORROBORATED,HPSA_COMPONENT_NAME+COMMON_POSTAL_CODE,LEGAL_NAME+ZIP_CODE,62,6952,1149230,0.9
FED_HRSA_HPSA_PRIMARY_CARE,FED_MAPPING_INEQUALITY,GEO_IN,GEO,LATITUDE/LONGITUDE,GEOMETRY,683,7266,10153,9.4
FED_HRSA_HPSA_PRIMARY_CARE,FED_NOAA_WEATHER_API,GEO_IN,GEO,LATITUDE/LONGITUDE,GEOMETRY,9,7266,31,0.1
FED_HRSA_HPSA_PRIMARY_CARE,FED_OSHA_ITA_300A_SUMMARY_2023,NAME@ZIP,CORROBORATED,HPSA_COMPONENT_NAME+COMMON_POSTAL_CODE,ESTABLISHMENT_NAME+ZIP_CODE,154,6952,373106,2.2
FED_HRSA_HPSA_PRIMARY_CARE,FED_OSHA_ITA_300A_SUMMARY_2024,NAME@ZIP,CORROBORATED,HPSA_COMPONENT_NAME+COMMON_POSTAL_CODE,ESTABLISHMENT_NAME+ZIP_CODE,122,6952,360069,1.8
FED_HRSA_HPSA_PRIMARY_CARE,FED_OSHA_ITA_300A_SUMMARY_2025,NAME@ZIP,CORROBORATED,HPSA_COMPONENT_NAME+COMMON_POSTAL_CODE,ESTABLISHMENT_NAME+ZIP_CODE,131,6952,375575,1.9
FED_HRSA_HPSA_PRIMARY_CARE,FED_OSHA_ITA_CASE_DETAIL_2023,NAME@ZIP,CORROBORATED,HPSA_COMPONENT_NAME+COMMON_POSTAL_CODE,ESTABLISHMENT_NAME+ZIP_CODE,34,6952,85607,0.5
FED_HRSA_HPSA_PRIMARY_CARE,FED_OSHA_ITA_CASE_DETAIL_2024,NAME@ZIP,CORROBORATED,HPSA_COMPONENT_NAME+COMMON_POSTAL_CODE,ESTABLISHMENT_NAME+ZIP_CODE,23,6952,59854,0.3
FED_HRSA_HPSA_PRIMARY_CARE,FED_OSHA_ITA_CASE_DETAIL_2025,NAME@ZIP,CORROBORATED,HPSA_COMPONENT_NAME+COMMON_POSTAL_CODE,ESTABLISHMENT_NAME+ZIP_CODE,18,6952,33457,0.3
FED_HRSA_HPSA_PRIMARY_CARE,FED_USASPENDING_CONTRACTS,NAME@ZIP,CORROBORATED,HPSA_COMPONENT_NAME+COMMON_POSTAL_CODE,RECIPIENT_NAME+RECIPIENT_ZIP_4_CODE,115,6952,91616,1.7
FED_HRSA_HPSA_PRIMARY_CARE,FED_USCG_NRC_INCIDENTS,NAME@ZIP,CORROBORATED,HPSA_COMPONENT_NAME+COMMON_POSTAL_CODE,RESPONSIBLE_COMPANY+RESPONSIBLE_ZIP,14,6952,93650,0.2
FED_HRSA_HPSA_PRIMARY_CARE,FED_USDA_RD_MFH_ACTIVE_PROJECTS,FIPS,GEO,COMMON_STATE_COUNTY_FIPS_CODE,STATE_COUNTY_FIPS_CODE,2682,3234,2725,98.4
FED_HRSA_HPSA_PRIMARY_CARE,INTL_FR_DATA_GOUV_FULL,GEO_IN,GEO,LATITUDE/LONGITUDE,SPATIAL_GEOM,7266,7266,48093,100.0
FED_HRSA_HPSA_PRIMARY_CARE,XC_VERA_INCARCERATION_TRENDS,FIPS,GEO,COMMON_STATE_COUNTY_FIPS_CODE,COUNTY_FIPS,3015,3234,3075,98.0
FED_HRSA_SHORTAGE_AREAS,FED_HRSA_UDS_SERVICE_DELIVERY_SITES,NAME@ZIP,CORROBORATED,HPSA_COMPONENT_NAME+COMMON_POSTAL_CODE,SITE_NAME+SITE_POSTAL_CODE,549,7829,18468,7.0
FED_HRSA_SHORTAGE_AREAS,FED_ICE_DETENTION_FACILITY_CODES,NAME@ZIP,CORROBORATED,HPSA_COMPONENT_NAME+COMMON_POSTAL_CODE,DETENTION_FACILITY_NAME+ZIP,12,7829,1327,0.9
FED_HRSA_SHORTAGE_AREAS,FED_IRS_AUTO_REVOCATIONS,NAME@ZIP,CORROBORATED,HPSA_COMPONENT_NAME+COMMON_POSTAL_CODE,LEGAL_NAME+ZIP_CODE,67,7829,1149844,0.9
FED_HRSA_SHORTAGE_AREAS,FED_IRS_BMF,NAME@ZIP,CORROBORATED,HPSA_COMPONENT_NAME+COMMON_POSTAL_CODE,NAME+ZIP,1225,7829,1868041,15.6
FED_HRSA_SHORTAGE_AREAS,FED_IRS_EO_BMF,NAME@ZIP,CORROBORATED,HPSA_COMPONENT_NAME+COMMON_POSTAL_CODE,NAME+ZIP,1221,7829,1878425,15.6
FED_HRSA_SHORTAGE_AREAS,FED_IRS_REVOCATION,NAME@ZIP,CORROBORATED,HPSA_COMPONENT_NAME+COMMON_POSTAL_CODE,LEGAL_NAME+ZIP_CODE,66,7829,1149230,0.8
FED_HRSA_SHORTAGE_AREAS,FED_OSHA_ITA_300A_SUMMARY_2023,NAME@ZIP,CORROBORATED,HPSA_COMPONENT_NAME+COMMON_POSTAL_CODE,ESTABLISHMENT_NAME+ZIP_CODE,186,7829,373106,2.4
FED_HRSA_SHORTAGE_AREAS,FED_OSHA_ITA_300A_SUMMARY_2024,NAME@ZIP,CORROBORATED,HPSA_COMPONENT_NAME+COMMON_POSTAL_CODE,ESTABLISHMENT_NAME+ZIP_CODE,152,7829,360069,1.9
FED_HRSA_SHORTAGE_AREAS,FED_OSHA_ITA_300A_SUMMARY_2025,NAME@ZIP,CORROBORATED,HPSA_COMPONENT_NAME+COMMON_POSTAL_CODE,ESTABLISHMENT_NAME+ZIP_CODE,166,7829,375575,2.1
FED_HRSA_SHORTAGE_AREAS,FED_OSHA_ITA_CASE_DETAIL_2023,NAME@ZIP,CORROBORATED,HPSA_COMPONENT_NAME+COMMON_POSTAL_CODE,ESTABLISHMENT_NAME+ZIP_CODE,40,7829,85607,0.5
FED_HRSA_SHORTAGE_AREAS,FED_OSHA_ITA_CASE_DETAIL_2024,NAME@ZIP,CORROBORATED,HPSA_COMPONENT_NAME+COMMON_POSTAL_CODE,ESTABLISHMENT_NAME+ZIP_CODE,36,7829,59854,0.5
FED_HRSA_SHORTAGE_AREAS,FED_OSHA_ITA_CASE_DETAIL_2025,NAME@ZIP,CORROBORATED,HPSA_COMPONENT_NAME+COMMON_POSTAL_CODE,ESTABLISHMENT_NAME+ZIP_CODE,24,7829,33457,0.3
FED_HRSA_SHORTAGE_AREAS,FED_USASPENDING_CONTRACTS,NAME@ZIP,CORROBORATED,HPSA_COMPONENT_NAME+COMMON_POSTAL_CODE,RECIPIENT_NAME+RECIPIENT_ZIP_4_CODE,120,7829,91616,1.5
FED_HRSA_SHORTAGE_AREAS,FED_USCG_NRC_INCIDENTS,NAME@ZIP,CORROBORATED,HPSA_COMPONENT_NAME+COMMON_POSTAL_CODE,RESPONSIBLE_COMPANY+RESPONSIBLE_ZIP,21,7829,93650,0.3
FED_HRSA_SHORTAGE_AREAS,FED_USDA_RD_MFH_ACTIVE_PROJECTS,FIPS,GEO,COMMON_STATE_COUNTY_FIPS_CODE,STATE_COUNTY_FIPS_CODE,2719,3290,2725,99.8
FED_HRSA_SHORTAGE_AREAS,XC_VERA_INCARCERATION_TRENDS,FIPS,GEO,COMMON_STATE_COUNTY_FIPS_CODE,COUNTY_FIPS,3068,3290,3075,99.8
FED_HRSA_UDS_SERVICE_DELIVERY_SITES,FED_IRS_AUTO_REVOCATIONS,NAME@ZIP,CORROBORATED,SITE_NAME+SITE_POSTAL_CODE,LEGAL_NAME+ZIP_CODE,32,18468,1149844,0.2
FED_HRSA_UDS_SERVICE_DELIVERY_SITES,FED_IRS_BMF,NAME@ZIP,CORROBORATED,SITE_NAME+SITE_POSTAL_CODE,NAME+ZIP,530,18468,1868041,2.9
FED_HRSA_UDS_SERVICE_DELIVERY_SITES,FED_IRS_EO_BMF,NAME@ZIP,CORROBORATED,SITE_NAME+SITE_POSTAL_CODE,NAME+ZIP,528,18468,1878425,2.9
FED_HRSA_UDS_SERVICE_DELIVERY_SITES,FED_IRS_REVOCATION,NAME@ZIP,CORROBORATED,SITE_NAME+SITE_POSTAL_CODE,LEGAL_NAME+ZIP_CODE,31,18468,1149230,0.2
FED_HRSA_UDS_SERVICE_DELIVERY_SITES,FED_OSHA_ITA_300A_SUMMARY_2023,NAME@ZIP,CORROBORATED,SITE_NAME+SITE_POSTAL_CODE,ESTABLISHMENT_NAME+ZIP_CODE,192,18468,373106,1.0
FED_HRSA_UDS_SERVICE_DELIVERY_SITES,FED_OSHA_ITA_300A_SUMMARY_2024,NAME@ZIP,CORROBORATED,SITE_NAME+SITE_POSTAL_CODE,ESTABLISHMENT_NAME+ZIP_CODE,160,18468,360069,0.9
FED_HRSA_UDS_SERVICE_DELIVERY_SITES,FED_OSHA_ITA_300A_SUMMARY_2025,NAME@ZIP,CORROBORATED,SITE_NAME+SITE_POSTAL_CODE,ESTABLISHMENT_NAME+ZIP_CODE,205,18468,375575,1.1
FED_HRSA_UDS_SERVICE_DELIVERY_SITES,FED_OSHA_ITA_CASE_DETAIL_2023,NAME@ZIP,CORROBORATED,SITE_NAME+SITE_POSTAL_CODE,ESTABLISHMENT_NAME+ZIP_CODE,11,18468,85607,0.1
FED_HRSA_UDS_SERVICE_DELIVERY_SITES,FED_OSHA_ITA_CASE_DETAIL_2024,NAME@ZIP,CORROBORATED,SITE_NAME+SITE_POSTAL_CODE,ESTABLISHMENT_NAME+ZIP_CODE,15,18468,59854,0.1
FED_HRSA_UDS_SERVICE_DELIVERY_SITES,FED_OSHA_ITA_CASE_DETAIL_2025,NAME@ZIP,CORROBORATED,SITE_NAME+SITE_POSTAL_CODE,ESTABLISHMENT_NAME+ZIP_CODE,7,18468,33457,0.0
FED_HRSA_UDS_SERVICE_DELIVERY_SITES,FED_USASPENDING_CONTRACTS,NAME@ZIP,CORROBORATED,SITE_NAME+SITE_POSTAL_CODE,RECIPIENT_NAME+RECIPIENT_ZIP_4_CODE,25,18468,91616,0.1
FED_HUD_ASSISTED_HOUSING_PROJECTS,FED_HUD_PUBLIC_HOUSING_AUTHORITIES,NAME@ZIP,CORROBORATED,NAME+STD_ZIP5,FORMAL_PARTICIPANT_NAME+STD_ZIP5,71,24871,3774,1.9
FED_HUD_ASSISTED_HOUSING_PROJECTS,FED_IRS_AUTO_REVOCATIONS,NAME@ZIP,CORROBORATED,NAME+STD_ZIP5,LEGAL_NAME+ZIP_CODE,77,24871,1149844,0.3
FED_HUD_ASSISTED_HOUSING_PROJECTS,FED_IRS_BMF,NAME@ZIP,CORROBORATED,NAME+STD_ZIP5,NAME+ZIP,777,24871,1868041,3.1
FED_HUD_ASSISTED_HOUSING_PROJECTS,FED_IRS_EO_BMF,NAME@ZIP,CORROBORATED,NAME+STD_ZIP5,NAME+ZIP,780,24871,1878425,3.1
FED_HUD_ASSISTED_HOUSING_PROJECTS,FED_IRS_REVOCATION,NAME@ZIP,CORROBORATED,NAME+STD_ZIP5,LEGAL_NAME+ZIP_CODE,77,24871,1149230,0.3
FED_HUD_ASSISTED_HOUSING_PROJECTS,FED_MAPPING_INEQUALITY,GEO_IN,GEO,LATITUDE/LONGITUDE,GEOMETRY,7279,28274,10153,25.7
FED_HUD_ASSISTED_HOUSING_PROJECTS,FED_NOAA_WEATHER_API,GEO_IN,GEO,LATITUDE/LONGITUDE,GEOMETRY,68,28274,31,0.2
FED_HUD_ASSISTED_HOUSING_PROJECTS,FED_NTSB_AVIATION_EVENTS,NAME@ZIP,CORROBORATED,NAME+STD_ZIP5,APT_NAME+EV_SITE_ZIPCODE,16,24871,15605,0.1
FED_HUD_ASSISTED_HOUSING_PROJECTS,FED_OSHA_ITA_300A_SUMMARY_2023,NAME@ZIP,CORROBORATED,NAME+STD_ZIP5,ESTABLISHMENT_NAME+ZIP_CODE,195,24871,373106,0.8
FED_HUD_ASSISTED_HOUSING_PROJECTS,FED_OSHA_ITA_300A_SUMMARY_2024,NAME@ZIP,CORROBORATED,NAME+STD_ZIP5,ESTABLISHMENT_NAME+ZIP_CODE,233,24871,360069,0.9
FED_HUD_ASSISTED_HOUSING_PROJECTS,FED_OSHA_ITA_300A_SUMMARY_2025,NAME@ZIP,CORROBORATED,NAME+STD_ZIP5,ESTABLISHMENT_NAME+ZIP_CODE,270,24871,375575,1.1
FED_HUD_ASSISTED_HOUSING_PROJECTS,FED_OSHA_ITA_CASE_DETAIL_2023,NAME@ZIP,CORROBORATED,NAME+STD_ZIP5,ESTABLISHMENT_NAME+ZIP_CODE,21,24871,85607,0.1
FED_HUD_ASSISTED_HOUSING_PROJECTS,FED_OSHA_ITA_CASE_DETAIL_2024,NAME@ZIP,CORROBORATED,NAME+STD_ZIP5,ESTABLISHMENT_NAME+ZIP_CODE,20,24871,59854,0.1
FED_HUD_ASSISTED_HOUSING_PROJECTS,FED_OSHA_ITA_CASE_DETAIL_2025,NAME@ZIP,CORROBORATED,NAME+STD_ZIP5,ESTABLISHMENT_NAME+ZIP_CODE,6,24871,33457,0.0
FED_HUD_ASSISTED_HOUSING_PROJECTS,FED_USCG_NRC_INCIDENTS,NAME@ZIP,CORROBORATED,NAME+STD_ZIP5,RESPONSIBLE_COMPANY+RESPONSIBLE_ZIP,8,24871,93650,0.0
FED_HUD_ASSISTED_HOUSING_PROJECTS,INTL_FR_DATA_GOUV_FULL,GEO_IN,GEO,LATITUDE/LONGITUDE,SPATIAL_GEOM,28274,28274,48093,100.0
FED_HUD_PUBLIC_HOUSING_AUTHORITIES,FED_IRS_AUTO_REVOCATIONS,NAME@ZIP,CORROBORATED,FORMAL_PARTICIPANT_NAME+STD_ZIP5,LEGAL_NAME+ZIP_CODE,19,3774,1149844,0.5
FED_HUD_PUBLIC_HOUSING_AUTHORITIES,FED_IRS_BMF,NAME@ZIP,CORROBORATED,FORMAL_PARTICIPANT_NAME+STD_ZIP5,NAME+ZIP,50,3774,1868041,1.3
FED_HUD_PUBLIC_HOUSING_AUTHORITIES,FED_IRS_EO_BMF,NAME@ZIP,CORROBORATED,FORMAL_PARTICIPANT_NAME+STD_ZIP5,NAME+ZIP,49,3774,1878425,1.3
FED_HUD_PUBLIC_HOUSING_AUTHORITIES,FED_IRS_REVOCATION,NAME@ZIP,CORROBORATED,FORMAL_PARTICIPANT_NAME+STD_ZIP5,LEGAL_NAME+ZIP_CODE,19,3774,1149230,0.5
FED_HUD_PUBLIC_HOUSING_AUTHORITIES,FED_MAPPING_INEQUALITY,GEO_IN,GEO,LAT/LON,GEOMETRY,385,3661,10153,10.5
FED_HUD_PUBLIC_HOUSING_AUTHORITIES,FED_NOAA_WEATHER_API,GEO_IN,GEO,LAT/LON,GEOMETRY,11,3661,31,0.3
FED_HUD_PUBLIC_HOUSING_AUTHORITIES,FED_OSHA_ITA_300A_SUMMARY_2023,NAME@ZIP,CORROBORATED,FORMAL_PARTICIPANT_NAME+STD_ZIP5,ESTABLISHMENT_NAME+ZIP_CODE,21,3774,373106,0.6
FED_HUD_PUBLIC_HOUSING_AUTHORITIES,FED_OSHA_ITA_300A_SUMMARY_2024,NAME@ZIP,CORROBORATED,FORMAL_PARTICIPANT_NAME+STD_ZIP5,ESTABLISHMENT_NAME+ZIP_CODE,11,3774,360069,0.3
FED_HUD_PUBLIC_HOUSING_AUTHORITIES,FED_OSHA_ITA_300A_SUMMARY_2025,NAME@ZIP,CORROBORATED,FORMAL_PARTICIPANT_NAME+STD_ZIP5,ESTABLISHMENT_NAME+ZIP_CODE,12,3774,375575,0.3
FED_HUD_PUBLIC_HOUSING_AUTHORITIES,FED_OSHA_ITA_CASE_DETAIL_2023,NAME@ZIP,CORROBORATED,FORMAL_PARTICIPANT_NAME+STD_ZIP5,ESTABLISHMENT_NAME+ZIP_CODE,9,3774,85607,0.2
FED_HUD_PUBLIC_HOUSING_AUTHORITIES,FED_USASPENDING_CONTRACTS,NAME@ZIP,CORROBORATED,FORMAL_PARTICIPANT_NAME+STD_ZIP5,RECIPIENT_NAME+RECIPIENT_ZIP_4_CODE,6,3774,91616,0.2
FED_HUD_PUBLIC_HOUSING_AUTHORITIES,FED_USCG_NRC_INCIDENTS,NAME@ZIP,CORROBORATED,FORMAL_PARTICIPANT_NAME+STD_ZIP5,RESPONSIBLE_COMPANY+RESPONSIBLE_ZIP,6,3774,93650,0.2
FED_HUD_PUBLIC_HOUSING_AUTHORITIES,INTL_FR_DATA_GOUV_FULL,GEO_IN,GEO,LAT/LON,SPATIAL_GEOM,3661,3661,48093,100.0
FED_ICE_DETAINERS,FED_ICE_DETENTION_FACILITY_CODES,ICE_FACILITY,STEEL,DETENTION_FACILITY_CODE,DETENTION_FACILITY_CODE,967,5305,1490,64.9
FED_ICE_DETAINERS,FED_ICE_DETENTION_STINTS,ICE_FACILITY,STEEL,DETENTION_FACILITY_CODE,DETENTION_FACILITY_CODE,593,5305,707,83.9
FED_ICE_DETENTION_FACILITY_CODES,FED_ICE_DETENTION_STINTS,ICE_FACILITY,STEEL,DETENTION_FACILITY_CODE,DETENTION_FACILITY_CODE,705,1490,707,99.7
FED_ICE_DETENTION_FACILITY_CODES,FED_IRS_BMF,NAME@ZIP,CORROBORATED,DETENTION_FACILITY_NAME+ZIP,NAME+ZIP,20,1327,1868041,1.5
FED_ICE_DETENTION_FACILITY_CODES,FED_IRS_EO_BMF,NAME@ZIP,CORROBORATED,DETENTION_FACILITY_NAME+ZIP,NAME+ZIP,20,1327,1878425,1.5
FED_ICE_DETENTION_FACILITY_CODES,FED_MAPPING_INEQUALITY,GEO_IN,GEO,LATITUDE/LONGITUDE,GEOMETRY,221,1417,10153,15.6
FED_ICE_DETENTION_FACILITY_CODES,FED_OSHA_ITA_300A_SUMMARY_2023,NAME@ZIP,CORROBORATED,DETENTION_FACILITY_NAME+ZIP,ESTABLISHMENT_NAME+ZIP_CODE,52,1327,373106,3.9
FED_ICE_DETENTION_FACILITY_CODES,FED_OSHA_ITA_300A_SUMMARY_2024,NAME@ZIP,CORROBORATED,DETENTION_FACILITY_NAME+ZIP,ESTABLISHMENT_NAME+ZIP_CODE,49,1327,360069,3.7
FED_ICE_DETENTION_FACILITY_CODES,FED_OSHA_ITA_300A_SUMMARY_2025,NAME@ZIP,CORROBORATED,DETENTION_FACILITY_NAME+ZIP,ESTABLISHMENT_NAME+ZIP_CODE,46,1327,375575,3.5
FED_ICE_DETENTION_FACILITY_CODES,FED_OSHA_ITA_CASE_DETAIL_2023,NAME@ZIP,CORROBORATED,DETENTION_FACILITY_NAME+ZIP,ESTABLISHMENT_NAME+ZIP_CODE,25,1327,85607,1.9
FED_ICE_DETENTION_FACILITY_CODES,FED_OSHA_ITA_CASE_DETAIL_2024,NAME@ZIP,CORROBORATED,DETENTION_FACILITY_NAME+ZIP,ESTABLISHMENT_NAME+ZIP_CODE,28,1327,59854,2.1
FED_ICE_DETENTION_FACILITY_CODES,FED_OSHA_ITA_CASE_DETAIL_2025,NAME@ZIP,CORROBORATED,DETENTION_FACILITY_NAME+ZIP,ESTABLISHMENT_NAME+ZIP_CODE,25,1327,33457,1.9
FED_ICE_DETENTION_FACILITY_CODES,FED_USASPENDING_CONTRACTS,NAME@ZIP,CORROBORATED,DETENTION_FACILITY_NAME+ZIP,RECIPIENT_NAME+RECIPIENT_ZIP_4_CODE,7,1327,91616,0.5
FED_ICE_DETENTION_FACILITY_CODES,INTL_FR_DATA_GOUV_FULL,GEO_IN,GEO,LATITUDE/LONGITUDE,SPATIAL_GEOM,1417,1417,48093,100.0
FED_IRS_990,FED_IRS_990_EFILE_INDEX,EIN,STEEL,EIN,EIN,200,200,899097,100.0
FED_IRS_990,FED_IRS_AUTO_REVOCATIONS,EIN,STEEL,EIN,EIN,15,200,1187975,7.5
FED_IRS_990,FED_IRS_BMF,EIN,STEEL,EIN,EIN,192,200,1974830,96.0
FED_IRS_990,FED_IRS_EO_BMF,EIN,STEEL,EIN,EIN,191,200,1983563,95.5
FED_IRS_990,FED_IRS_PUB78_ELIGIBLE_DONEES,EIN,STEEL,EIN,EIN,151,200,1435544,75.5
FED_IRS_990,FED_IRS_REVOCATION,EIN,STEEL,EIN,EIN,15,200,1187366,7.5
FED_IRS_990,FED_USASPENDING_ASSISTANCE_FULL,EIN~UEI,BRIDGE,,,8,200,223721,4.0
FED_IRS_990_EFILE_INDEX,FED_IRS_AUTO_REVOCATIONS,EIN,STEEL,EIN,EIN,97154,899097,1187975,10.8
FED_IRS_990_EFILE_INDEX,FED_IRS_BMF,EIN,STEEL,EIN,EIN,777829,899097,1974830,86.5
FED_IRS_990_EFILE_INDEX,FED_IRS_EO_BMF,EIN,STEEL,EIN,EIN,776349,899097,1983563,86.3
FED_IRS_990_EFILE_INDEX,FED_IRS_PUB78_ELIGIBLE_DONEES,EIN,STEEL,EIN,EIN,620404,899097,1435544,69.0
FED_IRS_990_EFILE_INDEX,FED_IRS_REVOCATION,EIN,STEEL,EIN,EIN,96977,899097,1187366,10.8
FED_IRS_990_EFILE_INDEX,FED_IRS_SOI_CHARITIES,EIN,STEEL,EIN,EIN,948,899097,2450,38.7
FED_IRS_990_EFILE_INDEX,FED_NIH_REPORTER,EIN~UEI,BRIDGE,,,1923,899097,11903,16.2
FED_IRS_990_EFILE_INDEX,FED_OSHA_ITA_300A_SUMMARY_2023,EIN,STEEL,EIN,EIN,7193,899097,123206,5.8
FED_IRS_990_EFILE_INDEX,FED_OSHA_ITA_300A_SUMMARY_2024,EIN,STEEL,EIN,EIN,6596,899097,114603,5.8
FED_IRS_990_EFILE_INDEX,FED_OSHA_ITA_300A_SUMMARY_2025,EIN,STEEL,EIN,EIN,6199,899097,106218,5.8
FED_IRS_990_EFILE_INDEX,FED_OSHA_ITA_CASE_DETAIL_2023,EIN,STEEL,EIN,EIN,2987,899097,33693,8.9
FED_IRS_990_EFILE_INDEX,FED_OSHA_ITA_CASE_DETAIL_2024,EIN,STEEL,EIN,EIN,2346,899097,20523,11.4
FED_IRS_990_EFILE_INDEX,FED_OSHA_ITA_CASE_DETAIL_2025,EIN,STEEL,EIN,EIN,1569,899097,13387,11.7
FED_IRS_990_EFILE_INDEX,FED_PBGC_TRUSTEED_PENSION_PLANS,EIN,STEEL,EIN,EIN,1398,899097,20835,6.7
FED_IRS_990_EFILE_INDEX,FED_PBGC_TRUSTEED_PLANS,EIN,STEEL,EIN,EIN,137,899097,4431,3.1
FED_IRS_990_EFILE_INDEX,FED_SAM_EXCLUSIONS_FULL_R2,EIN~UEI,BRIDGE,,,3,899097,38426,0.0
FED_IRS_990_EFILE_INDEX,FED_SBIR_STTR_AWARDS,EIN~UEI,BRIDGE,,,4,899097,17160,0.0
FED_IRS_990_EFILE_INDEX,FED_USASPENDING_ASSISTANCE_FULL,EIN~UEI,BRIDGE,,,20030,899097,223721,9.0
FED_IRS_990_EFILE_INDEX,FED_USASPENDING_CONTRACTS,EIN~UEI,BRIDGE,,,1218,899097,92833,1.3
FED_IRS_990_EFILE_INDEX,IRS527_8871_ORGS,EIN,STEEL,EIN,EIN,213,899097,58915,0.4
FED_IRS_990_EFILE_INDEX,IRS527_DIRECTORS_OFFICERS,EIN,STEEL,EIN,EIN,213,899097,58881,0.4
FED_IRS_990_EFILE_INDEX,IRS527_RELATED_ENTITIES,EIN,STEEL,EIN,EIN,69,899097,8979,0.8
FED_IRS_AUTO_REVOCATIONS,FED_IRS_BMF,EIN,STEEL,EIN,EIN,160497,1187975,1974830,13.5
FED_IRS_AUTO_REVOCATIONS,FED_IRS_BMF,NAME@ZIP,CORROBORATED,LEGAL_NAME+ZIP_CODE,NAME+ZIP,91339,1149844,1868041,7.9
FED_IRS_AUTO_REVOCATIONS,FED_IRS_EO_BMF,EIN,STEEL,EIN,EIN,161014,1187975,1983563,13.6
FED_IRS_AUTO_REVOCATIONS,FED_IRS_EO_BMF,NAME@ZIP,CORROBORATED,LEGAL_NAME+ZIP_CODE,NAME+ZIP,90942,1149844,1878425,7.9
FED_IRS_AUTO_REVOCATIONS,FED_IRS_PUB78_ELIGIBLE_DONEES,EIN,STEEL,EIN,EIN,125660,1187975,1435544,10.6
FED_IRS_AUTO_REVOCATIONS,FED_IRS_REVOCATION,EIN,STEEL,EIN,EIN,1187317,1187975,1187366,100.0
FED_IRS_AUTO_REVOCATIONS,FED_IRS_REVOCATION,NAME@ZIP,CORROBORATED,LEGAL_NAME+ZIP_CODE,LEGAL_NAME+ZIP_CODE,1149183,1149844,1149230,100.0
FED_IRS_AUTO_REVOCATIONS,FED_IRS_SOI_CHARITIES,EIN,STEEL,EIN,EIN,309,1187975,2450,12.6
FED_IRS_AUTO_REVOCATIONS,FED_IRS_SOI_CHARITIES,NAME@ZIP,CORROBORATED,LEGAL_NAME+ZIP_CODE,NAME+ZIP,115,1149844,2391,4.8
FED_IRS_AUTO_REVOCATIONS,FED_NCUA_CALL_REPORTS_FOICU,NAME@ZIP,CORROBORATED,LEGAL_NAME+ZIP_CODE,CU_NAME+ZIP_CODE,12,1149844,4335,0.3
FED_IRS_AUTO_REVOCATIONS,FED_NCUA_FEDERALLY_INSURED_CU_LIST,NAME@ZIP,CORROBORATED,LEGAL_NAME+ZIP_CODE,CREDIT_UNION_NAME+ZIP_CODE_MAILING_ADDRESS,12,1149844,4249,0.3
FED_IRS_AUTO_REVOCATIONS,FED_NIH_REPORTER,EIN~UEI,BRIDGE,,,24,1187975,11903,0.2
FED_IRS_AUTO_REVOCATIONS,FED_NTSB_AVIATION_AIRCRAFT,NAME@ZIP,CORROBORATED,LEGAL_NAME+ZIP_CODE,OPER_NAME+OWNER_ZIP,22,1149844,14890,0.1
FED_IRS_AUTO_REVOCATIONS,FED_NTSB_AVIATION_EVENTS,NAME@ZIP,CORROBORATED,LEGAL_NAME+ZIP_CODE,APT_NAME+EV_SITE_ZIPCODE,11,1149844,15605,0.1
FED_IRS_AUTO_REVOCATIONS,FED_OSHA_ITA_300A_SUMMARY_2023,EIN,STEEL,EIN,EIN,131,1187975,123206,0.1
FED_IRS_AUTO_REVOCATIONS,FED_OSHA_ITA_300A_SUMMARY_2023,NAME@ZIP,CORROBORATED,LEGAL_NAME+ZIP_CODE,ESTABLISHMENT_NAME+ZIP_CODE,172,1149844,373106,0.0
FED_IRS_AUTO_REVOCATIONS,FED_OSHA_ITA_300A_SUMMARY_2024,EIN,STEEL,EIN,EIN,110,1187975,114603,0.1
FED_IRS_AUTO_REVOCATIONS,FED_OSHA_ITA_300A_SUMMARY_2024,NAME@ZIP,CORROBORATED,LEGAL_NAME+ZIP_CODE,ESTABLISHMENT_NAME+ZIP_CODE,143,1149844,360069,0.0
FED_IRS_AUTO_REVOCATIONS,FED_OSHA_ITA_300A_SUMMARY_2025,EIN,STEEL,EIN,EIN,103,1187975,106218,0.1
FED_IRS_AUTO_REVOCATIONS,FED_OSHA_ITA_300A_SUMMARY_2025,NAME@ZIP,CORROBORATED,LEGAL_NAME+ZIP_CODE,ESTABLISHMENT_NAME+ZIP_CODE,155,1149844,375575,0.0
FED_IRS_AUTO_REVOCATIONS,FED_OSHA_ITA_CASE_DETAIL_2023,EIN,STEEL,EIN,EIN,46,1187975,33693,0.1
FED_IRS_AUTO_REVOCATIONS,FED_OSHA_ITA_CASE_DETAIL_2023,NAME@ZIP,CORROBORATED,LEGAL_NAME+ZIP_CODE,ESTABLISHMENT_NAME+ZIP_CODE,57,1149844,85607,0.1
FED_IRS_AUTO_REVOCATIONS,FED_OSHA_ITA_CASE_DETAIL_2024,EIN,STEEL,EIN,EIN,37,1187975,20523,0.2
FED_IRS_AUTO_REVOCATIONS,FED_OSHA_ITA_CASE_DETAIL_2024,NAME@ZIP,CORROBORATED,LEGAL_NAME+ZIP_CODE,ESTABLISHMENT_NAME+ZIP_CODE,33,1149844,59854,0.1
FED_IRS_AUTO_REVOCATIONS,FED_OSHA_ITA_CASE_DETAIL_2025,EIN,STEEL,EIN,EIN,25,1187975,13387,0.2
FED_IRS_AUTO_REVOCATIONS,FED_OSHA_ITA_CASE_DETAIL_2025,NAME@ZIP,CORROBORATED,LEGAL_NAME+ZIP_CODE,ESTABLISHMENT_NAME+ZIP_CODE,24,1149844,33457,0.1
FED_IRS_AUTO_REVOCATIONS,FED_PBGC_TRUSTEED_PENSION_PLANS,EIN,STEEL,EIN,EIN,32,1187975,20835,0.2
FED_IRS_AUTO_REVOCATIONS,FED_PBGC_TRUSTEED_PLANS,EIN,STEEL,EIN,EIN,76,1187975,4431,1.7
FED_IRS_AUTO_REVOCATIONS,FED_PCAOB_FORM_AP_FILINGS,CIK~EIN,BRIDGE,,,4,1187975,28773,0.0
FED_IRS_AUTO_REVOCATIONS,FED_SAM_EXCLUSIONS,NAME@ZIP,CORROBORATED,LEGAL_NAME+ZIP_CODE,ENTITY_NAME+ZIP,6,1149844,8485,0.1
FED_IRS_AUTO_REVOCATIONS,FED_SAM_EXCLUSIONS_FULL_R2,NAME@ZIP,CORROBORATED,LEGAL_NAME+ZIP_CODE,NAME+ZIP_CODE,21,1149844,7285,0.3
FED_IRS_AUTO_REVOCATIONS,FED_SEC_13F_FILERS,NAME@ZIP,CORROBORATED,LEGAL_NAME+ZIP_CODE,FILINGMANAGER_NAME+FILINGMANAGER_ZIPCODE,6,1149844,18430,0.0
FED_IRS_AUTO_REVOCATIONS,FED_SEC_DERA_SUB_2025Q2,CIK~EIN,BRIDGE,,,3,1187975,6081,0.0
FED_IRS_AUTO_REVOCATIONS,FED_SEC_DERA_SUB_2025Q3,CIK~EIN,BRIDGE,,,3,1187975,5909,0.1
FED_IRS_AUTO_REVOCATIONS,FED_SEC_DERA_SUB_2026Q1,CIK~EIN,BRIDGE,,,3,1187975,5750,0.1
FED_IRS_AUTO_REVOCATIONS,FED_SEC_EDGAR_COMPANY_TICKERS,CIK~EIN,BRIDGE,,,3,1187975,8018,0.0
FED_IRS_AUTO_REVOCATIONS,FED_SEC_EDGAR_INSIDERS,CIK~EIN,BRIDGE,,,3,1187975,5306,0.1
FED_IRS_AUTO_REVOCATIONS,FED_USASPENDING_ASSISTANCE_FULL,EIN~UEI,BRIDGE,,,649,1187975,223721,0.3
FED_IRS_AUTO_REVOCATIONS,FED_USASPENDING_CONTRACTS,NAME@ZIP,CORROBORATED,LEGAL_NAME+ZIP_CODE,RECIPIENT_NAME+RECIPIENT_ZIP_4_CODE,111,1149844,91616,0.1
FED_IRS_AUTO_REVOCATIONS,FED_USCG_NRC_INCIDENTS,NAME@ZIP,CORROBORATED,LEGAL_NAME+ZIP_CODE,RESPONSIBLE_COMPANY+RESPONSIBLE_ZIP,46,1149844,93650,0.0
FED_IRS_AUTO_REVOCATIONS,FED_USCG_NRC_INCIDENT_REPORTS,NAME@ZIP,CORROBORATED,LEGAL_NAME+ZIP_CODE,RESPONSIBLE_COMPANY+RESPONSIBLE_ZIP,9,1149844,15011,0.1
FED_IRS_AUTO_REVOCATIONS,IRS527_8871_ORGS,EIN,STEEL,EIN,EIN,128,1187975,58915,0.2
FED_IRS_AUTO_REVOCATIONS,IRS527_8871_ORGS,NAME@ZIP,CORROBORATED,LEGAL_NAME+ZIP_CODE,ORGANIZATION_NAME+MAILING_ZIP,79,1149844,62076,0.1
FED_IRS_AUTO_REVOCATIONS,IRS527_DIRECTORS_OFFICERS,EIN,STEEL,EIN,EIN,128,1187975,58881,0.2
FED_IRS_AUTO_REVOCATIONS,IRS527_RELATED_ENTITIES,NAME@ZIP,CORROBORATED,LEGAL_NAME+ZIP_CODE,ENTITY_NAME+ENTITY_ZIP,134,1149844,11739,1.1
FED_IRS_AUTO_REVOCATIONS,ST_NYC_CFB_CAMPAIGN_2001_CONTRIBUTION,NAME@ZIP,CORROBORATED,LEGAL_NAME+ZIP_CODE,NAME+ZIP,5,1149844,120204,0.0
FED_IRS_AUTO_REVOCATIONS,ST_NYC_CFB_CAMPAIGN_2009_CONTRIBUTION,NAME@ZIP,CORROBORATED,LEGAL_NAME+ZIP_CODE,NAME+ZIP,7,1149844,93773,0.0
FED_IRS_AUTO_REVOCATIONS,ST_NYC_CFB_CAMPAIGN_2021_CONTRIBUTIONS,NAME@ZIP,CORROBORATED,LEGAL_NAME+ZIP_CODE,NAME+ZIP,5,1149844,236829,0.0
FED_IRS_BMF,FED_IRS_EO_BMF,EIN,STEEL,EIN,EIN,1968201,1974830,1983563,99.7
FED_IRS_BMF,FED_IRS_EO_BMF,NAME@ZIP,CORROBORATED,NAME+ZIP,NAME+ZIP,1850395,1868041,1878425,99.1
FED_IRS_BMF,FED_IRS_PUB78_ELIGIBLE_DONEES,EIN,STEEL,EIN,EIN,1420646,1974830,1435544,99.0
FED_IRS_BMF,FED_IRS_REVOCATION,EIN,STEEL,EIN,EIN,159938,1974830,1187366,13.5
FED_IRS_BMF,FED_IRS_REVOCATION,NAME@ZIP,CORROBORATED,NAME+ZIP,LEGAL_NAME+ZIP_CODE,90799,1868041,1149230,7.9
FED_IRS_BMF,FED_IRS_SOI_CHARITIES,EIN,STEEL,EIN,EIN,2428,1974830,2450,99.1
FED_IRS_BMF,FED_IRS_SOI_CHARITIES,NAME@ZIP,CORROBORATED,NAME+ZIP,NAME+ZIP,2335,1868041,2391,97.7
FED_IRS_BMF,FED_NCUA_CALL_REPORTS_FOICU,NAME@ZIP,CORROBORATED,NAME+ZIP,CU_NAME+ZIP_CODE,47,1868041,4335,1.1
FED_IRS_BMF,FED_NCUA_FEDERALLY_INSURED_CU_LIST,NAME@ZIP,CORROBORATED,NAME+ZIP,CREDIT_UNION_NAME+ZIP_CODE_MAILING_ADDRESS,46,1868041,4249,1.1
FED_IRS_BMF,FED_NIH_REPORTER,EIN~UEI,BRIDGE,,,1946,1974830,11903,16.3
FED_IRS_BMF,FED_NTSB_AVIATION_AIRCRAFT,NAME@ZIP,CORROBORATED,NAME+ZIP,OPER_NAME+OWNER_ZIP,99,1868041,14890,0.7
FED_IRS_BMF,FED_NTSB_AVIATION_EVENTS,NAME@ZIP,CORROBORATED,NAME+ZIP,APT_NAME+EV_SITE_ZIPCODE,23,1868041,15605,0.1
FED_IRS_BMF,FED_OSHA_ITA_300A_SUMMARY_2023,EIN,STEEL,EIN,EIN,7446,1974830,123206,6.0
FED_IRS_BMF,FED_OSHA_ITA_300A_SUMMARY_2023,NAME@ZIP,CORROBORATED,NAME+ZIP,ESTABLISHMENT_NAME+ZIP_CODE,3166,1868041,373106,0.8
FED_IRS_BMF,FED_OSHA_ITA_300A_SUMMARY_2024,EIN,STEEL,EIN,EIN,6857,1974830,114603,6.0
FED_IRS_BMF,FED_OSHA_ITA_300A_SUMMARY_2024,NAME@ZIP,CORROBORATED,NAME+ZIP,ESTABLISHMENT_NAME+ZIP_CODE,2692,1868041,360069,0.7
FED_IRS_BMF,FED_OSHA_ITA_300A_SUMMARY_2025,EIN,STEEL,EIN,EIN,6455,1974830,106218,6.1
FED_IRS_BMF,FED_OSHA_ITA_300A_SUMMARY_2025,NAME@ZIP,CORROBORATED,NAME+ZIP,ESTABLISHMENT_NAME+ZIP_CODE,2722,1868041,375575,0.7
FED_IRS_BMF,FED_OSHA_ITA_CASE_DETAIL_2023,EIN,STEEL,EIN,EIN,3126,1974830,33693,9.3
FED_IRS_BMF,FED_OSHA_ITA_CASE_DETAIL_2023,NAME@ZIP,CORROBORATED,NAME+ZIP,ESTABLISHMENT_NAME+ZIP_CODE,1113,1868041,85607,1.3
FED_IRS_BMF,FED_OSHA_ITA_CASE_DETAIL_2024,EIN,STEEL,EIN,EIN,2460,1974830,20523,12.0
FED_IRS_BMF,FED_OSHA_ITA_CASE_DETAIL_2024,NAME@ZIP,CORROBORATED,NAME+ZIP,ESTABLISHMENT_NAME+ZIP_CODE,764,1868041,59854,1.3
FED_IRS_BMF,FED_OSHA_ITA_CASE_DETAIL_2025,EIN,STEEL,EIN,EIN,1651,1974830,13387,12.3
FED_IRS_BMF,FED_OSHA_ITA_CASE_DETAIL_2025,NAME@ZIP,CORROBORATED,NAME+ZIP,ESTABLISHMENT_NAME+ZIP_CODE,485,1868041,33457,1.4
FED_IRS_BMF,FED_PBGC_TRUSTEED_PENSION_PLANS,EIN,STEEL,EIN,EIN,1401,1974830,20835,6.7
FED_IRS_BMF,FED_PBGC_TRUSTEED_PLANS,EIN,STEEL,EIN,EIN,107,1974830,4431,2.4
FED_IRS_BMF,FED_SAM_EXCLUSIONS_FULL_R2,NAME@ZIP,CORROBORATED,NAME+ZIP,NAME+ZIP_CODE,8,1868041,7285,0.1
FED_IRS_BMF,FED_SBA_LOANS,NAME@ZIP,CORROBORATED,NAME+ZIP,THIRDPARTYLENDER_NAME+CDC_ZIP,99,1868041,14480,0.7
FED_IRS_BMF,FED_SBIR_STTR_AWARDS,EIN~UEI,BRIDGE,,,4,1974830,17160,0.0
FED_IRS_BMF,FED_SEC_13F_FILERS,NAME@ZIP,CORROBORATED,NAME+ZIP,FILINGMANAGER_NAME+FILINGMANAGER_ZIPCODE,69,1868041,18430,0.4
FED_IRS_BMF,FED_SEC_DERA_SUB_2024Q1,CIK~EIN,BRIDGE,,,3,1974830,5506,0.1
FED_IRS_BMF,FED_SEC_DERA_SUB_2024Q2,CIK~EIN,BRIDGE,,,3,1974830,6250,0.0
FED_IRS_BMF,FED_SEC_DERA_SUB_2024Q3,CIK~EIN,BRIDGE,,,3,1974830,6008,0.0
FED_IRS_BMF,FED_SEC_DERA_SUB_2024Q4,CIK~EIN,BRIDGE,,,3,1974830,5833,0.1
FED_IRS_BMF,FED_SEC_DERA_SUB_2025Q1,CIK~EIN,BRIDGE,,,3,1974830,5672,0.1
FED_IRS_BMF,FED_SEC_DERA_SUB_2025Q2,CIK~EIN,BRIDGE,,,3,1974830,6081,0.0
FED_IRS_BMF,FED_SEC_DERA_SUB_2025Q3,CIK~EIN,BRIDGE,,,3,1974830,5909,0.1
FED_IRS_BMF,FED_SEC_DERA_SUB_2025Q4,CIK~EIN,BRIDGE,,,3,1974830,5786,0.1
FED_IRS_BMF,FED_SEC_DERA_SUB_2026Q1,CIK~EIN,BRIDGE,,,3,1974830,5750,0.1
FED_IRS_BMF,FED_SEC_EDGAR_FINANCIALS,CIK~EIN,BRIDGE,,,3,1974830,8112,0.0
FED_IRS_BMF,FED_USASPENDING_ASSISTANCE_FULL,EIN~UEI,BRIDGE,,,20403,1974830,223721,9.1
FED_IRS_BMF,FED_USASPENDING_CONTRACTS,NAME@ZIP,CORROBORATED,NAME+ZIP,RECIPIENT_NAME+RECIPIENT_ZIP_4_CODE,2323,1868041,91616,2.5
FED_IRS_BMF,FED_USCG_NRC_INCIDENTS,NAME@ZIP,CORROBORATED,NAME+ZIP,RESPONSIBLE_COMPANY+RESPONSIBLE_ZIP,172,1868041,93650,0.2
FED_IRS_BMF,FED_USCG_NRC_INCIDENT_REPORTS,NAME@ZIP,CORROBORATED,NAME+ZIP,RESPONSIBLE_COMPANY+RESPONSIBLE_ZIP,40,1868041,15011,0.3
FED_IRS_BMF,IRS527_8871_ORGS,EIN,STEEL,EIN,EIN,260,1974830,58915,0.4
FED_IRS_BMF,IRS527_8871_ORGS,NAME@ZIP,CORROBORATED,NAME+ZIP,ORGANIZATION_NAME+MAILING_ZIP,121,1868041,62076,0.2
FED_IRS_BMF,IRS527_DIRECTORS_OFFICERS,EIN,STEEL,EIN,EIN,260,1974830,58881,0.4
FED_IRS_BMF,IRS527_RELATED_ENTITIES,EIN,STEEL,EIN,EIN,72,1974830,8979,0.8
FED_IRS_BMF,IRS527_RELATED_ENTITIES,NAME@ZIP,CORROBORATED,NAME+ZIP,ENTITY_NAME+ENTITY_ZIP,949,1868041,11739,8.1
FED_IRS_BMF,ST_NYC_CFB_CAMPAIGN_2001_CONTRIBUTION,NAME@ZIP,CORROBORATED,NAME+ZIP,NAME+ZIP,10,1868041,120204,0.0
FED_IRS_BMF,ST_NYC_CFB_CAMPAIGN_2013_CONTRIBUTION,NAME@ZIP,CORROBORATED,NAME+ZIP,NAME+ZIP,11,1868041,124226,0.0
FED_IRS_BMF,ST_NYC_CFB_CAMPAIGN_2021_CONTRIBUTIONS,NAME@ZIP,CORROBORATED,NAME+ZIP,NAME+ZIP,6,1868041,236829,0.0
FED_IRS_BMF,ST_NYC_CFB_CAMPAIGN_2025_CONTRIBUTIONS,NAME@ZIP,CORROBORATED,NAME+ZIP,NAME+ZIP,14,1868041,151248,0.0
FED_IRS_EO_BMF,FED_IRS_PUB78_ELIGIBLE_DONEES,EIN,STEEL,EIN,EIN,1434549,1983563,1435544,99.9
FED_IRS_EO_BMF,FED_IRS_REVOCATION,EIN,STEEL,EIN,EIN,161046,1983563,1187366,13.6
FED_IRS_EO_BMF,FED_IRS_REVOCATION,NAME@ZIP,CORROBORATED,NAME+ZIP,LEGAL_NAME+ZIP_CODE,90962,1878425,1149230,7.9
FED_IRS_EO_BMF,FED_IRS_SOI_CHARITIES,EIN,STEEL,EIN,EIN,2450,1983563,2450,100.0
FED_IRS_EO_BMF,FED_IRS_SOI_CHARITIES,NAME@ZIP,CORROBORATED,NAME+ZIP,NAME+ZIP,2391,1878425,2391,100.0
FED_IRS_EO_BMF,FED_NCUA_CALL_REPORTS_FOICU,NAME@ZIP,CORROBORATED,NAME+ZIP,CU_NAME+ZIP_CODE,47,1878425,4335,1.1
FED_IRS_EO_BMF,FED_NCUA_FEDERALLY_INSURED_CU_LIST,NAME@ZIP,CORROBORATED,NAME+ZIP,CREDIT_UNION_NAME+ZIP_CODE_MAILING_ADDRESS,46,1878425,4249,1.1
FED_IRS_EO_BMF,FED_NIH_REPORTER,EIN~UEI,BRIDGE,,,1947,1983563,11903,16.4
FED_IRS_EO_BMF,FED_NTSB_AVIATION_AIRCRAFT,NAME@ZIP,CORROBORATED,NAME+ZIP,OPER_NAME+OWNER_ZIP,99,1878425,14890,0.7
FED_IRS_EO_BMF,FED_NTSB_AVIATION_EVENTS,NAME@ZIP,CORROBORATED,NAME+ZIP,APT_NAME+EV_SITE_ZIPCODE,23,1878425,15605,0.1
FED_IRS_EO_BMF,FED_OSHA_ITA_300A_SUMMARY_2023,EIN,STEEL,EIN,EIN,7444,1983563,123206,6.0
FED_IRS_EO_BMF,FED_OSHA_ITA_300A_SUMMARY_2023,NAME@ZIP,CORROBORATED,NAME+ZIP,ESTABLISHMENT_NAME+ZIP_CODE,3160,1878425,373106,0.8
FED_IRS_EO_BMF,FED_OSHA_ITA_300A_SUMMARY_2024,EIN,STEEL,EIN,EIN,6857,1983563,114603,6.0
FED_IRS_EO_BMF,FED_OSHA_ITA_300A_SUMMARY_2024,NAME@ZIP,CORROBORATED,NAME+ZIP,ESTABLISHMENT_NAME+ZIP_CODE,2692,1878425,360069,0.7
FED_IRS_EO_BMF,FED_OSHA_ITA_300A_SUMMARY_2025,EIN,STEEL,EIN,EIN,6457,1983563,106218,6.1
FED_IRS_EO_BMF,FED_OSHA_ITA_300A_SUMMARY_2025,NAME@ZIP,CORROBORATED,NAME+ZIP,ESTABLISHMENT_NAME+ZIP_CODE,2717,1878425,375575,0.7
FED_IRS_EO_BMF,FED_OSHA_ITA_CASE_DETAIL_2023,EIN,STEEL,EIN,EIN,3125,1983563,33693,9.3
FED_IRS_EO_BMF,FED_OSHA_ITA_CASE_DETAIL_2023,NAME@ZIP,CORROBORATED,NAME+ZIP,ESTABLISHMENT_NAME+ZIP_CODE,1111,1878425,85607,1.3
FED_IRS_EO_BMF,FED_OSHA_ITA_CASE_DETAIL_2024,EIN,STEEL,EIN,EIN,2460,1983563,20523,12.0
FED_IRS_EO_BMF,FED_OSHA_ITA_CASE_DETAIL_2024,NAME@ZIP,CORROBORATED,NAME+ZIP,ESTABLISHMENT_NAME+ZIP_CODE,760,1878425,59854,1.3
FED_IRS_EO_BMF,FED_OSHA_ITA_CASE_DETAIL_2025,EIN,STEEL,EIN,EIN,1652,1983563,13387,12.3
FED_IRS_EO_BMF,FED_OSHA_ITA_CASE_DETAIL_2025,NAME@ZIP,CORROBORATED,NAME+ZIP,ESTABLISHMENT_NAME+ZIP_CODE,483,1878425,33457,1.4
FED_IRS_EO_BMF,FED_PBGC_TRUSTEED_PENSION_PLANS,EIN,STEEL,EIN,EIN,1400,1983563,20835,6.7
FED_IRS_EO_BMF,FED_PBGC_TRUSTEED_PLANS,EIN,STEEL,EIN,EIN,108,1983563,4431,2.4
FED_IRS_EO_BMF,FED_SAM_EXCLUSIONS_FULL_R2,NAME@ZIP,CORROBORATED,NAME+ZIP,NAME+ZIP_CODE,8,1878425,7285,0.1
FED_IRS_EO_BMF,FED_SBA_LOANS,NAME@ZIP,CORROBORATED,NAME+ZIP,THIRDPARTYLENDER_NAME+CDC_ZIP,99,1878425,14480,0.7
FED_IRS_EO_BMF,FED_SBIR_STTR_AWARDS,EIN~UEI,BRIDGE,,,4,1983563,17160,0.0
FED_IRS_EO_BMF,FED_SEC_13F_FILERS,NAME@ZIP,CORROBORATED,NAME+ZIP,FILINGMANAGER_NAME+FILINGMANAGER_ZIPCODE,68,1878425,18430,0.4
FED_IRS_EO_BMF,FED_SEC_DERA_SUB_2024Q1,CIK~EIN,BRIDGE,,,3,1983563,5506,0.1
FED_IRS_EO_BMF,FED_SEC_DERA_SUB_2024Q2,CIK~EIN,BRIDGE,,,3,1983563,6250,0.0
FED_IRS_EO_BMF,FED_SEC_DERA_SUB_2024Q3,CIK~EIN,BRIDGE,,,3,1983563,6008,0.0
FED_IRS_EO_BMF,FED_SEC_DERA_SUB_2024Q4,CIK~EIN,BRIDGE,,,3,1983563,5833,0.1
FED_IRS_EO_BMF,FED_SEC_DERA_SUB_2025Q1,CIK~EIN,BRIDGE,,,3,1983563,5672,0.1
FED_IRS_EO_BMF,FED_SEC_DERA_SUB_2025Q2,CIK~EIN,BRIDGE,,,3,1983563,6081,0.0
FED_IRS_EO_BMF,FED_SEC_DERA_SUB_2025Q3,CIK~EIN,BRIDGE,,,3,1983563,5909,0.1
FED_IRS_EO_BMF,FED_SEC_DERA_SUB_2025Q4,CIK~EIN,BRIDGE,,,3,1983563,5786,0.1
FED_IRS_EO_BMF,FED_SEC_DERA_SUB_2026Q1,CIK~EIN,BRIDGE,,,3,1983563,5750,0.1
FED_IRS_EO_BMF,FED_SEC_EDGAR_FINANCIALS,CIK~EIN,BRIDGE,,,3,1983563,8112,0.0
FED_IRS_EO_BMF,FED_USASPENDING_ASSISTANCE_FULL,EIN~UEI,BRIDGE,,,20390,1983563,223721,9.1
FED_IRS_EO_BMF,FED_USASPENDING_CONTRACTS,NAME@ZIP,CORROBORATED,NAME+ZIP,RECIPIENT_NAME+RECIPIENT_ZIP_4_CODE,2317,1878425,91616,2.5
FED_IRS_EO_BMF,FED_USCG_NRC_INCIDENTS,NAME@ZIP,CORROBORATED,NAME+ZIP,RESPONSIBLE_COMPANY+RESPONSIBLE_ZIP,171,1878425,93650,0.2
FED_IRS_EO_BMF,FED_USCG_NRC_INCIDENT_REPORTS,NAME@ZIP,CORROBORATED,NAME+ZIP,RESPONSIBLE_COMPANY+RESPONSIBLE_ZIP,40,1878425,15011,0.3
FED_IRS_EO_BMF,IRS527_8871_ORGS,EIN,STEEL,EIN,EIN,260,1983563,58915,0.4
FED_IRS_EO_BMF,IRS527_8871_ORGS,NAME@ZIP,CORROBORATED,NAME+ZIP,ORGANIZATION_NAME+MAILING_ZIP,123,1878425,62076,0.2
FED_IRS_EO_BMF,IRS527_DIRECTORS_OFFICERS,EIN,STEEL,EIN,EIN,260,1983563,58881,0.4
FED_IRS_EO_BMF,IRS527_RELATED_ENTITIES,EIN,STEEL,EIN,EIN,72,1983563,8979,0.8
FED_IRS_EO_BMF,IRS527_RELATED_ENTITIES,NAME@ZIP,CORROBORATED,NAME+ZIP,ENTITY_NAME+ENTITY_ZIP,938,1878425,11739,8.0
FED_IRS_EO_BMF,ST_NYC_CFB_CAMPAIGN_2001_CONTRIBUTION,NAME@ZIP,CORROBORATED,NAME+ZIP,NAME+ZIP,10,1878425,120204,0.0
FED_IRS_EO_BMF,ST_NYC_CFB_CAMPAIGN_2013_CONTRIBUTION,NAME@ZIP,CORROBORATED,NAME+ZIP,NAME+ZIP,11,1878425,124226,0.0
FED_IRS_EO_BMF,ST_NYC_CFB_CAMPAIGN_2021_CONTRIBUTIONS,NAME@ZIP,CORROBORATED,NAME+ZIP,NAME+ZIP,6,1878425,236829,0.0
FED_IRS_EO_BMF,ST_NYC_CFB_CAMPAIGN_2025_CONTRIBUTIONS,NAME@ZIP,CORROBORATED,NAME+ZIP,NAME+ZIP,14,1878425,151248,0.0
FED_IRS_PUB78_ELIGIBLE_DONEES,FED_IRS_REVOCATION,EIN,STEEL,EIN,EIN,125692,1435544,1187366,10.6
FED_IRS_PUB78_ELIGIBLE_DONEES,FED_IRS_SOI_CHARITIES,EIN,STEEL,EIN,EIN,1756,1435544,2450,71.7
FED_IRS_PUB78_ELIGIBLE_DONEES,FED_NIH_REPORTER,EIN~UEI,BRIDGE,,,1851,1435544,11903,15.6
FED_IRS_PUB78_ELIGIBLE_DONEES,FED_OSHA_ITA_300A_SUMMARY_2023,EIN,STEEL,EIN,EIN,5828,1435544,123206,4.7
FED_IRS_PUB78_ELIGIBLE_DONEES,FED_OSHA_ITA_300A_SUMMARY_2024,EIN,STEEL,EIN,EIN,5330,1435544,114603,4.7
FED_IRS_PUB78_ELIGIBLE_DONEES,FED_OSHA_ITA_300A_SUMMARY_2025,EIN,STEEL,EIN,EIN,5011,1435544,106218,4.7
FED_IRS_PUB78_ELIGIBLE_DONEES,FED_OSHA_ITA_CASE_DETAIL_2023,EIN,STEEL,EIN,EIN,2533,1435544,33693,7.5
FED_IRS_PUB78_ELIGIBLE_DONEES,FED_OSHA_ITA_CASE_DETAIL_2024,EIN,STEEL,EIN,EIN,1941,1435544,20523,9.5
FED_IRS_PUB78_ELIGIBLE_DONEES,FED_OSHA_ITA_CASE_DETAIL_2025,EIN,STEEL,EIN,EIN,1299,1435544,13387,9.7
FED_IRS_PUB78_ELIGIBLE_DONEES,FED_PBGC_TRUSTEED_PENSION_PLANS,EIN,STEEL,EIN,EIN,813,1435544,20835,3.9
FED_IRS_PUB78_ELIGIBLE_DONEES,FED_PBGC_TRUSTEED_PLANS,EIN,STEEL,EIN,EIN,95,1435544,4431,2.1
FED_IRS_PUB78_ELIGIBLE_DONEES,FED_SBIR_STTR_AWARDS,EIN~UEI,BRIDGE,,,4,1435544,17160,0.0
FED_IRS_PUB78_ELIGIBLE_DONEES,FED_USASPENDING_ASSISTANCE_FULL,EIN~UEI,BRIDGE,,,18567,1435544,223721,8.3
FED_IRS_PUB78_ELIGIBLE_DONEES,FED_USASPENDING_CONTRACTS,EIN~UEI,BRIDGE,,,1114,1435544,92833,1.2
FED_IRS_PUB78_ELIGIBLE_DONEES,IRS527_8871_ORGS,EIN,STEEL,EIN,EIN,113,1435544,58915,0.2
FED_IRS_PUB78_ELIGIBLE_DONEES,IRS527_DIRECTORS_OFFICERS,EIN,STEEL,EIN,EIN,113,1435544,58881,0.2
FED_IRS_REVOCATION,FED_IRS_SOI_CHARITIES,EIN,STEEL,EIN,EIN,311,1187366,2450,12.7
FED_IRS_REVOCATION,FED_IRS_SOI_CHARITIES,NAME@ZIP,CORROBORATED,LEGAL_NAME+ZIP_CODE,NAME+ZIP,116,1149230,2391,4.9
FED_IRS_REVOCATION,FED_NCUA_CALL_REPORTS_FOICU,NAME@ZIP,CORROBORATED,LEGAL_NAME+ZIP_CODE,CU_NAME+ZIP_CODE,12,1149230,4335,0.3
FED_IRS_REVOCATION,FED_NCUA_FEDERALLY_INSURED_CU_LIST,NAME@ZIP,CORROBORATED,LEGAL_NAME+ZIP_CODE,CREDIT_UNION_NAME+ZIP_CODE_MAILING_ADDRESS,12,1149230,4249,0.3
FED_IRS_REVOCATION,FED_NIH_REPORTER,EIN~UEI,BRIDGE,,,24,1187366,11903,0.2
FED_IRS_REVOCATION,FED_NTSB_AVIATION_AIRCRAFT,NAME@ZIP,CORROBORATED,LEGAL_NAME+ZIP_CODE,OPER_NAME+OWNER_ZIP,22,1149230,14890,0.1
FED_IRS_REVOCATION,FED_NTSB_AVIATION_EVENTS,NAME@ZIP,CORROBORATED,LEGAL_NAME+ZIP_CODE,APT_NAME+EV_SITE_ZIPCODE,11,1149230,15605,0.1
FED_IRS_REVOCATION,FED_OSHA_ITA_300A_SUMMARY_2023,EIN,STEEL,EIN,EIN,129,1187366,123206,0.1
FED_IRS_REVOCATION,FED_OSHA_ITA_300A_SUMMARY_2023,NAME@ZIP,CORROBORATED,LEGAL_NAME+ZIP_CODE,ESTABLISHMENT_NAME+ZIP_CODE,171,1149230,373106,0.0
FED_IRS_REVOCATION,FED_OSHA_ITA_300A_SUMMARY_2024,EIN,STEEL,EIN,EIN,110,1187366,114603,0.1
FED_IRS_REVOCATION,FED_OSHA_ITA_300A_SUMMARY_2024,NAME@ZIP,CORROBORATED,LEGAL_NAME+ZIP_CODE,ESTABLISHMENT_NAME+ZIP_CODE,143,1149230,360069,0.0
FED_IRS_REVOCATION,FED_OSHA_ITA_300A_SUMMARY_2025,EIN,STEEL,EIN,EIN,103,1187366,106218,0.1
FED_IRS_REVOCATION,FED_OSHA_ITA_300A_SUMMARY_2025,NAME@ZIP,CORROBORATED,LEGAL_NAME+ZIP_CODE,ESTABLISHMENT_NAME+ZIP_CODE,155,1149230,375575,0.0
FED_IRS_REVOCATION,FED_OSHA_ITA_CASE_DETAIL_2023,EIN,STEEL,EIN,EIN,45,1187366,33693,0.1
FED_IRS_REVOCATION,FED_OSHA_ITA_CASE_DETAIL_2023,NAME@ZIP,CORROBORATED,LEGAL_NAME+ZIP_CODE,ESTABLISHMENT_NAME+ZIP_CODE,57,1149230,85607,0.1
FED_IRS_REVOCATION,FED_OSHA_ITA_CASE_DETAIL_2024,EIN,STEEL,EIN,EIN,37,1187366,20523,0.2
FED_IRS_REVOCATION,FED_OSHA_ITA_CASE_DETAIL_2024,NAME@ZIP,CORROBORATED,LEGAL_NAME+ZIP_CODE,ESTABLISHMENT_NAME+ZIP_CODE,33,1149230,59854,0.1
FED_IRS_REVOCATION,FED_OSHA_ITA_CASE_DETAIL_2025,EIN,STEEL,EIN,EIN,25,1187366,13387,0.2
FED_IRS_REVOCATION,FED_OSHA_ITA_CASE_DETAIL_2025,NAME@ZIP,CORROBORATED,LEGAL_NAME+ZIP_CODE,ESTABLISHMENT_NAME+ZIP_CODE,24,1149230,33457,0.1
FED_IRS_REVOCATION,FED_PBGC_TRUSTEED_PENSION_PLANS,EIN,STEEL,EIN,EIN,32,1187366,20835,0.2
FED_IRS_REVOCATION,FED_PBGC_TRUSTEED_PLANS,EIN,STEEL,EIN,EIN,76,1187366,4431,1.7
FED_IRS_REVOCATION,FED_PCAOB_FORM_AP_FILINGS,CIK~EIN,BRIDGE,,,4,1187366,28773,0.0
FED_IRS_REVOCATION,FED_SAM_EXCLUSIONS,NAME@ZIP,CORROBORATED,LEGAL_NAME+ZIP_CODE,ENTITY_NAME+ZIP,6,1149230,8485,0.1
FED_IRS_REVOCATION,FED_SAM_EXCLUSIONS_FULL_R2,NAME@ZIP,CORROBORATED,LEGAL_NAME+ZIP_CODE,NAME+ZIP_CODE,21,1149230,7285,0.3
FED_IRS_REVOCATION,FED_SEC_13F_FILERS,NAME@ZIP,CORROBORATED,LEGAL_NAME+ZIP_CODE,FILINGMANAGER_NAME+FILINGMANAGER_ZIPCODE,6,1149230,18430,0.0
FED_IRS_REVOCATION,FED_SEC_DERA_SUB_2025Q2,CIK~EIN,BRIDGE,,,3,1187366,6081,0.0
FED_IRS_REVOCATION,FED_SEC_DERA_SUB_2025Q3,CIK~EIN,BRIDGE,,,3,1187366,5909,0.1
FED_IRS_REVOCATION,FED_SEC_DERA_SUB_2026Q1,CIK~EIN,BRIDGE,,,3,1187366,5750,0.1
FED_IRS_REVOCATION,FED_SEC_EDGAR_COMPANY_TICKERS,CIK~EIN,BRIDGE,,,3,1187366,8018,0.0
FED_IRS_REVOCATION,FED_SEC_EDGAR_INSIDERS,CIK~EIN,BRIDGE,,,3,1187366,5306,0.1
FED_IRS_REVOCATION,FED_USASPENDING_ASSISTANCE_FULL,EIN~UEI,BRIDGE,,,642,1187366,223721,0.3
FED_IRS_REVOCATION,FED_USASPENDING_CONTRACTS,NAME@ZIP,CORROBORATED,LEGAL_NAME+ZIP_CODE,RECIPIENT_NAME+RECIPIENT_ZIP_4_CODE,111,1149230,91616,0.1
FED_IRS_REVOCATION,FED_USCG_NRC_INCIDENTS,NAME@ZIP,CORROBORATED,LEGAL_NAME+ZIP_CODE,RESPONSIBLE_COMPANY+RESPONSIBLE_ZIP,46,1149230,93650,0.0
FED_IRS_REVOCATION,FED_USCG_NRC_INCIDENT_REPORTS,NAME@ZIP,CORROBORATED,LEGAL_NAME+ZIP_CODE,RESPONSIBLE_COMPANY+RESPONSIBLE_ZIP,9,1149230,15011,0.1
FED_IRS_REVOCATION,IRS527_8871_ORGS,EIN,STEEL,EIN,EIN,128,1187366,58915,0.2
FED_IRS_REVOCATION,IRS527_8871_ORGS,NAME@ZIP,CORROBORATED,LEGAL_NAME+ZIP_CODE,ORGANIZATION_NAME+MAILING_ZIP,79,1149230,62076,0.1
FED_IRS_REVOCATION,IRS527_DIRECTORS_OFFICERS,EIN,STEEL,EIN,EIN,128,1187366,58881,0.2
FED_IRS_REVOCATION,IRS527_RELATED_ENTITIES,NAME@ZIP,CORROBORATED,LEGAL_NAME+ZIP_CODE,ENTITY_NAME+ENTITY_ZIP,134,1149230,11739,1.1
FED_IRS_REVOCATION,ST_NYC_CFB_CAMPAIGN_2001_CONTRIBUTION,NAME@ZIP,CORROBORATED,LEGAL_NAME+ZIP_CODE,NAME+ZIP,5,1149230,120204,0.0
FED_IRS_REVOCATION,ST_NYC_CFB_CAMPAIGN_2009_CONTRIBUTION,NAME@ZIP,CORROBORATED,LEGAL_NAME+ZIP_CODE,NAME+ZIP,7,1149230,93773,0.0
FED_IRS_REVOCATION,ST_NYC_CFB_CAMPAIGN_2021_CONTRIBUTIONS,NAME@ZIP,CORROBORATED,LEGAL_NAME+ZIP_CODE,NAME+ZIP,5,1149230,236829,0.0
FED_IRS_SOI_CHARITIES,FED_NIH_REPORTER,EIN~UEI,BRIDGE,,,6,2450,11903,0.2
FED_IRS_SOI_CHARITIES,FED_USASPENDING_ASSISTANCE_FULL,EIN~UEI,BRIDGE,,,30,2450,223721,1.2
FED_MAPPING_INEQUALITY,FED_NOAA_WEATHER_API,GEO_IN,GEO,LAT/LON,GEOMETRY,27,10154,31,0.3
FED_MAPPING_INEQUALITY,INTL_FR_DATA_GOUV_FULL,GEO_IN,GEO,LAT/LON,SPATIAL_GEOM,10154,10154,48093,100.0
FED_MSHA_ACCIDENTS,FED_MSHA_MINES,MINE_ID,STEEL,MINE_ID,MINE_ID,13489,13489,91906,100.0
FED_MSHA_ACCIDENTS,FED_MSHA_VIOLATIONS,MINE_ID,STEEL,MINE_ID,MINE_ID,13338,13489,31277,98.9
FED_MSHA_MINES,FED_MSHA_VIOLATIONS,MINE_ID,STEEL,MINE_ID,MINE_ID,31277,91906,31277,100.0
FED_NCUA_CALL_REPORTS_FOICU,FED_NCUA_CALL_REPORTS_FS220,NCUA_CHARTER,STEEL,CU_NUMBER,CU_NUMBER,4336,4336,4336,100.0
FED_NCUA_CALL_REPORTS_FOICU,FED_NCUA_CHARTER_MERGER_EVENTS,NCUA_CHARTER,STEEL,CU_NUMBER,MERGING_CREDIT_UNION_CHARTER,24,4336,27,88.9
FED_NCUA_CALL_REPORTS_FOICU,FED_NCUA_FEDERALLY_INSURED_CU_LIST,NAME@ZIP,CORROBORATED,CU_NAME+ZIP_CODE,CREDIT_UNION_NAME+ZIP_CODE_MAILING_ADDRESS,4249,4335,4249,100.0
FED_NCUA_CALL_REPORTS_FOICU,FED_NCUA_FEDERALLY_INSURED_CU_LIST,NCUA_CHARTER,STEEL,CU_NUMBER,CHARTER_NUMBER,4250,4336,4250,100.0
FED_NCUA_CALL_REPORTS_FOICU,FED_NCUA_FEDERALLY_INSURED_CU_LIST,ZIP,GEO,ZIP_CODE,ZIP_CODE_MAILING_ADDRESS,827,3375,3319,24.9
FED_NCUA_CALL_REPORTS_FOICU,FED_NTSB_AVIATION_EVENTS,NAME@ZIP,CORROBORATED,CU_NAME+ZIP_CODE,APT_NAME+EV_SITE_ZIPCODE,16,4335,15605,0.4
FED_NCUA_CALL_REPORTS_FOICU,FED_OSHA_ITA_300A_SUMMARY_2023,NAME@ZIP,CORROBORATED,CU_NAME+ZIP_CODE,ESTABLISHMENT_NAME+ZIP_CODE,69,4335,373106,1.6
FED_NCUA_CALL_REPORTS_FOICU,FED_OSHA_ITA_300A_SUMMARY_2024,NAME@ZIP,CORROBORATED,CU_NAME+ZIP_CODE,ESTABLISHMENT_NAME+ZIP_CODE,53,4335,360069,1.2
FED_NCUA_CALL_REPORTS_FOICU,FED_OSHA_ITA_300A_SUMMARY_2025,NAME@ZIP,CORROBORATED,CU_NAME+ZIP_CODE,ESTABLISHMENT_NAME+ZIP_CODE,65,4335,375575,1.5
FED_NCUA_CALL_REPORTS_FOICU,FED_OSHA_ITA_CASE_DETAIL_2023,NAME@ZIP,CORROBORATED,CU_NAME+ZIP_CODE,ESTABLISHMENT_NAME+ZIP_CODE,21,4335,85607,0.5
FED_NCUA_CALL_REPORTS_FOICU,FED_OSHA_ITA_CASE_DETAIL_2024,NAME@ZIP,CORROBORATED,CU_NAME+ZIP_CODE,ESTABLISHMENT_NAME+ZIP_CODE,17,4335,59854,0.4
FED_NCUA_CALL_REPORTS_FOICU,FED_OSHA_ITA_CASE_DETAIL_2025,NAME@ZIP,CORROBORATED,CU_NAME+ZIP_CODE,ESTABLISHMENT_NAME+ZIP_CODE,10,4335,33457,0.2
FED_NCUA_CALL_REPORTS_FOICU,FED_USASPENDING_CONTRACTS,NAME@ZIP,CORROBORATED,CU_NAME+ZIP_CODE,RECIPIENT_NAME+RECIPIENT_ZIP_4_CODE,18,4335,91616,0.4
FED_NCUA_CALL_REPORTS_FOICU,FED_USCG_NRC_INCIDENTS,NAME@ZIP,CORROBORATED,CU_NAME+ZIP_CODE,RESPONSIBLE_COMPANY+RESPONSIBLE_ZIP,19,4335,93650,0.4
FED_NCUA_CALL_REPORTS_FOICU,FED_USCG_NRC_INCIDENT_REPORTS,NAME@ZIP,CORROBORATED,CU_NAME+ZIP_CODE,RESPONSIBLE_COMPANY+RESPONSIBLE_ZIP,5,4335,15011,0.1
FED_NCUA_CALL_REPORTS_FS220,FED_NCUA_CHARTER_MERGER_EVENTS,NCUA_CHARTER,STEEL,CU_NUMBER,MERGING_CREDIT_UNION_CHARTER,24,4336,27,88.9
FED_NCUA_CALL_REPORTS_FS220,FED_NCUA_FEDERALLY_INSURED_CU_LIST,NCUA_CHARTER,STEEL,CU_NUMBER,CHARTER_NUMBER,4250,4336,4250,100.0
FED_NCUA_CHARTER_MERGER_EVENTS,FED_NCUA_FEDERALLY_INSURED_CU_LIST,NCUA_CHARTER,STEEL,MERGING_CREDIT_UNION_CHARTER,CHARTER_NUMBER,24,27,4250,88.9
FED_NCUA_FEDERALLY_INSURED_CU_LIST,FED_NTSB_AVIATION_EVENTS,NAME@ZIP,CORROBORATED,CREDIT_UNION_NAME+ZIP_CODE_MAILING_ADDRESS,APT_NAME+EV_SITE_ZIPCODE,16,4249,15605,0.4
FED_NCUA_FEDERALLY_INSURED_CU_LIST,FED_OSHA_ITA_300A_SUMMARY_2023,NAME@ZIP,CORROBORATED,CREDIT_UNION_NAME+ZIP_CODE_MAILING_ADDRESS,ESTABLISHMENT_NAME+ZIP_CODE,69,4249,373106,1.6
FED_NCUA_FEDERALLY_INSURED_CU_LIST,FED_OSHA_ITA_300A_SUMMARY_2024,NAME@ZIP,CORROBORATED,CREDIT_UNION_NAME+ZIP_CODE_MAILING_ADDRESS,ESTABLISHMENT_NAME+ZIP_CODE,53,4249,360069,1.2
FED_NCUA_FEDERALLY_INSURED_CU_LIST,FED_OSHA_ITA_300A_SUMMARY_2025,NAME@ZIP,CORROBORATED,CREDIT_UNION_NAME+ZIP_CODE_MAILING_ADDRESS,ESTABLISHMENT_NAME+ZIP_CODE,65,4249,375575,1.5
FED_NCUA_FEDERALLY_INSURED_CU_LIST,FED_OSHA_ITA_CASE_DETAIL_2023,NAME@ZIP,CORROBORATED,CREDIT_UNION_NAME+ZIP_CODE_MAILING_ADDRESS,ESTABLISHMENT_NAME+ZIP_CODE,21,4249,85607,0.5
FED_NCUA_FEDERALLY_INSURED_CU_LIST,FED_OSHA_ITA_CASE_DETAIL_2024,NAME@ZIP,CORROBORATED,CREDIT_UNION_NAME+ZIP_CODE_MAILING_ADDRESS,ESTABLISHMENT_NAME+ZIP_CODE,17,4249,59854,0.4
FED_NCUA_FEDERALLY_INSURED_CU_LIST,FED_OSHA_ITA_CASE_DETAIL_2025,NAME@ZIP,CORROBORATED,CREDIT_UNION_NAME+ZIP_CODE_MAILING_ADDRESS,ESTABLISHMENT_NAME+ZIP_CODE,10,4249,33457,0.2
FED_NCUA_FEDERALLY_INSURED_CU_LIST,FED_USASPENDING_CONTRACTS,NAME@ZIP,CORROBORATED,CREDIT_UNION_NAME+ZIP_CODE_MAILING_ADDRESS,RECIPIENT_NAME+RECIPIENT_ZIP_4_CODE,18,4249,91616,0.4
FED_NCUA_FEDERALLY_INSURED_CU_LIST,FED_USCG_NRC_INCIDENTS,NAME@ZIP,CORROBORATED,CREDIT_UNION_NAME+ZIP_CODE_MAILING_ADDRESS,RESPONSIBLE_COMPANY+RESPONSIBLE_ZIP,19,4249,93650,0.4
FED_NCUA_FEDERALLY_INSURED_CU_LIST,FED_USCG_NRC_INCIDENT_REPORTS,NAME@ZIP,CORROBORATED,CREDIT_UNION_NAME+ZIP_CODE_MAILING_ADDRESS,RESPONSIBLE_COMPANY+RESPONSIBLE_ZIP,5,4249,15011,0.1
FED_NID_DAMS,FED_MAPPING_INEQUALITY,GEO_IN,GEO,LATITUDE/LONGITUDE,GEOMETRY,267,92179,10153,0.3
FED_NID_DAMS,FED_NOAA_WEATHER_API,GEO_IN,GEO,LATITUDE/LONGITUDE,GEOMETRY,147,92179,31,0.2
FED_NID_DAMS,INTL_FR_DATA_GOUV_FULL,GEO_IN,GEO,LATITUDE/LONGITUDE,SPATIAL_GEOM,92179,92179,48093,100.0
FED_NIH_REPORTER,FED_OSHA_ITA_300A_SUMMARY_2023,EIN~UEI,BRIDGE,,,318,11903,123206,2.7
FED_NIH_REPORTER,FED_OSHA_ITA_300A_SUMMARY_2024,EIN~UEI,BRIDGE,,,295,11903,114603,2.5
FED_NIH_REPORTER,FED_OSHA_ITA_300A_SUMMARY_2025,EIN~UEI,BRIDGE,,,287,11903,106218,2.4
FED_NIH_REPORTER,FED_OSHA_ITA_CASE_DETAIL_2023,EIN~UEI,BRIDGE,,,127,11903,33693,1.1
FED_NIH_REPORTER,FED_OSHA_ITA_CASE_DETAIL_2024,EIN~UEI,BRIDGE,,,108,11903,20523,0.9
FED_NIH_REPORTER,FED_OSHA_ITA_CASE_DETAIL_2025,EIN~UEI,BRIDGE,,,73,11903,13387,0.6
FED_NIH_REPORTER,FED_PBGC_TRUSTEED_PENSION_PLANS,EIN~UEI,BRIDGE,,,121,11903,20835,1.0
FED_NIH_REPORTER,FED_SAM_EXCLUSIONS,DUNS~UEI,BRIDGE,,,3,14919,3210,0.1
FED_NIH_REPORTER,FED_SAM_EXCLUSIONS_FULL_R2,DUNS~UEI,BRIDGE,,,3,14919,38426,0.0
FED_NIH_REPORTER,FED_SBIR_STTR_AWARDS,DUNS,STEEL,ORG_DUNS,DUNS,6849,14919,21594,45.9
FED_NIH_REPORTER,FED_SBIR_STTR_AWARDS,UEI,STEEL,ORG_UEI,UEI,5421,11903,17160,45.5
FED_NIH_REPORTER,FED_USASPENDING_ASSISTANCE_FULL,DUNS,STEEL,ORG_DUNS,recipient_duns,9748,14919,478231,65.3
FED_NIH_REPORTER,FED_USASPENDING_ASSISTANCE_FULL,UEI,STEEL,ORG_UEI,recipient_uei,9454,11903,223721,79.4
FED_NIH_REPORTER,FED_USASPENDING_CONTRACTS,UEI,STEEL,ORG_UEI,RECIPIENT_UEI,2308,11903,92833,19.4
FED_NIH_REPORTER,IRS527_8871_ORGS,EIN~UEI,BRIDGE,,,3,11903,58915,0.0
FED_NIH_REPORTER,IRS527_DIRECTORS_OFFICERS,EIN~UEI,BRIDGE,,,3,11903,58881,0.0
FED_NTSB_AVIATION_AIRCRAFT,FED_NTSB_AVIATION_EVENTS,NAME@ZIP,CORROBORATED,OPER_NAME+OWNER_ZIP,APT_NAME+EV_SITE_ZIPCODE,1626,14890,15605,10.9
FED_NTSB_AVIATION_AIRCRAFT,FED_OSHA_ITA_300A_SUMMARY_2023,NAME@ZIP,CORROBORATED,OPER_NAME+OWNER_ZIP,ESTABLISHMENT_NAME+ZIP_CODE,44,14890,373106,0.3
FED_NTSB_AVIATION_AIRCRAFT,FED_OSHA_ITA_300A_SUMMARY_2024,NAME@ZIP,CORROBORATED,OPER_NAME+OWNER_ZIP,ESTABLISHMENT_NAME+ZIP_CODE,43,14890,360069,0.3
FED_NTSB_AVIATION_AIRCRAFT,FED_OSHA_ITA_300A_SUMMARY_2025,NAME@ZIP,CORROBORATED,OPER_NAME+OWNER_ZIP,ESTABLISHMENT_NAME+ZIP_CODE,35,14890,375575,0.2
FED_NTSB_AVIATION_AIRCRAFT,FED_OSHA_ITA_CASE_DETAIL_2023,NAME@ZIP,CORROBORATED,OPER_NAME+OWNER_ZIP,ESTABLISHMENT_NAME+ZIP_CODE,11,14890,85607,0.1
FED_NTSB_AVIATION_AIRCRAFT,FED_OSHA_ITA_CASE_DETAIL_2024,NAME@ZIP,CORROBORATED,OPER_NAME+OWNER_ZIP,ESTABLISHMENT_NAME+ZIP_CODE,10,14890,59854,0.1
FED_NTSB_AVIATION_AIRCRAFT,FED_OSHA_ITA_CASE_DETAIL_2025,NAME@ZIP,CORROBORATED,OPER_NAME+OWNER_ZIP,ESTABLISHMENT_NAME+ZIP_CODE,6,14890,33457,0.0
FED_NTSB_AVIATION_AIRCRAFT,FED_USASPENDING_CONTRACTS,NAME@ZIP,CORROBORATED,OPER_NAME+OWNER_ZIP,RECIPIENT_NAME+RECIPIENT_ZIP_4_CODE,155,14890,91616,1.0
FED_NTSB_AVIATION_AIRCRAFT,FED_USCG_NRC_INCIDENTS,NAME@ZIP,CORROBORATED,OPER_NAME+OWNER_ZIP,RESPONSIBLE_COMPANY+RESPONSIBLE_ZIP,77,14890,93650,0.5
FED_NTSB_AVIATION_AIRCRAFT,FED_USCG_NRC_INCIDENT_REPORTS,NAME@ZIP,CORROBORATED,OPER_NAME+OWNER_ZIP,RESPONSIBLE_COMPANY+RESPONSIBLE_ZIP,24,14890,15011,0.2
FED_NTSB_AVIATION_EVENTS,FED_OSHA_ITA_300A_SUMMARY_2023,NAME@ZIP,CORROBORATED,APT_NAME+EV_SITE_ZIPCODE,ESTABLISHMENT_NAME+ZIP_CODE,273,15605,373106,1.7
FED_NTSB_AVIATION_EVENTS,FED_OSHA_ITA_300A_SUMMARY_2024,NAME@ZIP,CORROBORATED,APT_NAME+EV_SITE_ZIPCODE,ESTABLISHMENT_NAME+ZIP_CODE,253,15605,360069,1.6
FED_NTSB_AVIATION_EVENTS,FED_OSHA_ITA_300A_SUMMARY_2025,NAME@ZIP,CORROBORATED,APT_NAME+EV_SITE_ZIPCODE,ESTABLISHMENT_NAME+ZIP_CODE,253,15605,375575,1.6
FED_NTSB_AVIATION_EVENTS,FED_OSHA_ITA_CASE_DETAIL_2023,NAME@ZIP,CORROBORATED,APT_NAME+EV_SITE_ZIPCODE,ESTABLISHMENT_NAME+ZIP_CODE,88,15605,85607,0.6
FED_NTSB_AVIATION_EVENTS,FED_OSHA_ITA_CASE_DETAIL_2024,NAME@ZIP,CORROBORATED,APT_NAME+EV_SITE_ZIPCODE,ESTABLISHMENT_NAME+ZIP_CODE,64,15605,59854,0.4
FED_NTSB_AVIATION_EVENTS,FED_OSHA_ITA_CASE_DETAIL_2025,NAME@ZIP,CORROBORATED,APT_NAME+EV_SITE_ZIPCODE,ESTABLISHMENT_NAME+ZIP_CODE,44,15605,33457,0.3
FED_NTSB_AVIATION_EVENTS,FED_USASPENDING_CONTRACTS,NAME@ZIP,CORROBORATED,APT_NAME+EV_SITE_ZIPCODE,RECIPIENT_NAME+RECIPIENT_ZIP_4_CODE,25,15605,91616,0.2
FED_NTSB_AVIATION_EVENTS,FED_USCG_NRC_INCIDENTS,NAME@ZIP,CORROBORATED,APT_NAME+EV_SITE_ZIPCODE,RESPONSIBLE_COMPANY+RESPONSIBLE_ZIP,33,15605,93650,0.2
FED_NTSB_AVIATION_EVENTS,FED_USCG_NRC_INCIDENT_REPORTS,NAME@ZIP,CORROBORATED,APT_NAME+EV_SITE_ZIPCODE,RESPONSIBLE_COMPANY+RESPONSIBLE_ZIP,6,15605,15011,0.0
FED_NURSINGHOME411,FED_MAPPING_INEQUALITY,GEO_IN,GEO,LATITUDE/LONGITUDE,GEOMETRY,1526,14566,10153,10.5
FED_NURSINGHOME411,FED_NOAA_WEATHER_API,GEO_IN,GEO,LATITUDE/LONGITUDE,GEOMETRY,31,14566,31,0.2
FED_NURSINGHOME411,INTL_FR_DATA_GOUV_FULL,GEO_IN,GEO,LATITUDE/LONGITUDE,SPATIAL_GEOM,14566,14566,48093,100.0
FED_OSHA_ITA_300A_SUMMARY_2023,FED_OSHA_ITA_300A_SUMMARY_2024,EIN,STEEL,EIN,EIN,88518,123206,114603,77.2
FED_OSHA_ITA_300A_SUMMARY_2023,FED_OSHA_ITA_300A_SUMMARY_2024,NAME@ZIP,CORROBORATED,ESTABLISHMENT_NAME+ZIP_CODE,ESTABLISHMENT_NAME+ZIP_CODE,223922,373106,360069,62.2
FED_OSHA_ITA_300A_SUMMARY_2023,FED_OSHA_ITA_300A_SUMMARY_2025,EIN,STEEL,EIN,EIN,74724,123206,106218,70.3
FED_OSHA_ITA_300A_SUMMARY_2023,FED_OSHA_ITA_300A_SUMMARY_2025,NAME@ZIP,CORROBORATED,ESTABLISHMENT_NAME+ZIP_CODE,ESTABLISHMENT_NAME+ZIP_CODE,198316,373106,375575,53.2
FED_OSHA_ITA_300A_SUMMARY_2023,FED_OSHA_ITA_CASE_DETAIL_2023,EIN,STEEL,EIN,EIN,33693,123206,33693,100.0
FED_OSHA_ITA_300A_SUMMARY_2023,FED_OSHA_ITA_CASE_DETAIL_2023,NAME@ZIP,CORROBORATED,ESTABLISHMENT_NAME+ZIP_CODE,ESTABLISHMENT_NAME+ZIP_CODE,84782,373106,85607,99.0
FED_OSHA_ITA_300A_SUMMARY_2023,FED_OSHA_ITA_CASE_DETAIL_2024,EIN,STEEL,EIN,EIN,17255,123206,20523,84.1
FED_OSHA_ITA_300A_SUMMARY_2023,FED_OSHA_ITA_CASE_DETAIL_2024,NAME@ZIP,CORROBORATED,ESTABLISHMENT_NAME+ZIP_CODE,ESTABLISHMENT_NAME+ZIP_CODE,43926,373106,59854,73.4
FED_OSHA_ITA_300A_SUMMARY_2023,FED_OSHA_ITA_CASE_DETAIL_2025,EIN,STEEL,EIN,EIN,10808,123206,13387,80.7
FED_OSHA_ITA_300A_SUMMARY_2023,FED_OSHA_ITA_CASE_DETAIL_2025,NAME@ZIP,CORROBORATED,ESTABLISHMENT_NAME+ZIP_CODE,ESTABLISHMENT_NAME+ZIP_CODE,20976,373106,33457,62.7
FED_OSHA_ITA_300A_SUMMARY_2023,FED_PBGC_TRUSTEED_PENSION_PLANS,EIN,STEEL,EIN,EIN,1950,123206,20835,9.4
FED_OSHA_ITA_300A_SUMMARY_2023,FED_PBGC_TRUSTEED_PLANS,EIN,STEEL,EIN,EIN,58,123206,4431,1.3
FED_OSHA_ITA_300A_SUMMARY_2023,FED_PCAOB_FORM_AP_FILINGS,CIK~EIN,BRIDGE,,,689,123206,28773,2.4
FED_OSHA_ITA_300A_SUMMARY_2023,FED_SAM_EXCLUSIONS,NAME@ZIP,CORROBORATED,ESTABLISHMENT_NAME+ZIP_CODE,ENTITY_NAME+ZIP,7,373106,8485,0.1
FED_OSHA_ITA_300A_SUMMARY_2023,FED_SAM_EXCLUSIONS_FULL_R2,NAME@ZIP,CORROBORATED,ESTABLISHMENT_NAME+ZIP_CODE,NAME+ZIP_CODE,15,373106,7285,0.2
FED_OSHA_ITA_300A_SUMMARY_2023,FED_SEC_13F_FILERS,NAME@ZIP,CORROBORATED,ESTABLISHMENT_NAME+ZIP_CODE,FILINGMANAGER_NAME+FILINGMANAGER_ZIPCODE,23,373106,18430,0.1
FED_OSHA_ITA_300A_SUMMARY_2023,FED_SEC_13F_SUBMISSIONS,CIK~EIN,BRIDGE,,,17,123206,16273,0.1
FED_OSHA_ITA_300A_SUMMARY_2023,FED_SEC_DERA_SUB_2024Q1,EIN,STEEL,EIN,EIN,631,123206,4238,14.9
FED_OSHA_ITA_300A_SUMMARY_2023,FED_SEC_DERA_SUB_2024Q2,EIN,STEEL,EIN,EIN,641,123206,4744,13.5
FED_OSHA_ITA_300A_SUMMARY_2023,FED_SEC_DERA_SUB_2024Q3,EIN,STEEL,EIN,EIN,633,123206,4686,13.5
FED_OSHA_ITA_300A_SUMMARY_2023,FED_SEC_DERA_SUB_2024Q4,EIN,STEEL,EIN,EIN,632,123206,4663,13.6
FED_OSHA_ITA_300A_SUMMARY_2023,FED_SEC_DERA_SUB_2025Q1,EIN,STEEL,EIN,EIN,611,123206,4305,14.2
FED_OSHA_ITA_300A_SUMMARY_2023,FED_SEC_DERA_SUB_2025Q2,EIN,STEEL,EIN,EIN,611,123206,4508,13.6
FED_OSHA_ITA_300A_SUMMARY_2023,FED_SEC_DERA_SUB_2025Q3,EIN,STEEL,EIN,EIN,614,123206,4494,13.7
FED_OSHA_ITA_300A_SUMMARY_2023,FED_SEC_DERA_SUB_2025Q4,EIN,STEEL,EIN,EIN,612,123206,4501,13.6
FED_OSHA_ITA_300A_SUMMARY_2023,FED_SEC_DERA_SUB_2026Q1,EIN,STEEL,EIN,EIN,595,123206,4236,14.0
FED_OSHA_ITA_300A_SUMMARY_2023,FED_SEC_EDGAR_COMPANY_TICKERS,CIK~EIN,BRIDGE,,,581,123206,8018,7.2
FED_OSHA_ITA_300A_SUMMARY_2023,FED_SEC_EDGAR_FINANCIALS,EIN,STEEL,EIN,EIN,680,123206,5771,11.8
FED_OSHA_ITA_300A_SUMMARY_2023,FED_SEC_EDGAR_INSIDERS,CIK~EIN,BRIDGE,,,571,123206,5306,10.8
FED_OSHA_ITA_300A_SUMMARY_2023,FED_SEC_INSIDER_REPORTINGOWNER,CIK~EIN,BRIDGE,,,97,123206,138006,0.1
FED_OSHA_ITA_300A_SUMMARY_2023,FED_USASPENDING_ASSISTANCE_FULL,EIN~UEI,BRIDGE,,,3144,123206,223721,2.6
FED_OSHA_ITA_300A_SUMMARY_2023,FED_USASPENDING_CONTRACTS,NAME@ZIP,CORROBORATED,ESTABLISHMENT_NAME+ZIP_CODE,RECIPIENT_NAME+RECIPIENT_ZIP_4_CODE,4257,373106,91616,4.6
FED_OSHA_ITA_300A_SUMMARY_2023,FED_USCG_NRC_INCIDENTS,NAME@ZIP,CORROBORATED,ESTABLISHMENT_NAME+ZIP_CODE,RESPONSIBLE_COMPANY+RESPONSIBLE_ZIP,1901,373106,93650,2.0
FED_OSHA_ITA_300A_SUMMARY_2023,FED_USCG_NRC_INCIDENT_REPORTS,NAME@ZIP,CORROBORATED,ESTABLISHMENT_NAME+ZIP_CODE,RESPONSIBLE_COMPANY+RESPONSIBLE_ZIP,637,373106,15011,4.2
FED_OSHA_ITA_300A_SUMMARY_2023,IRS527_8871_ORGS,EIN,STEEL,EIN,EIN,34,123206,58915,0.1
FED_OSHA_ITA_300A_SUMMARY_2023,IRS527_8871_ORGS,NAME@ZIP,CORROBORATED,ESTABLISHMENT_NAME+ZIP_CODE,ORGANIZATION_NAME+MAILING_ZIP,9,373106,62076,0.0
FED_OSHA_ITA_300A_SUMMARY_2023,IRS527_DIRECTORS_OFFICERS,EIN,STEEL,EIN,EIN,34,123206,58881,0.1
FED_OSHA_ITA_300A_SUMMARY_2023,IRS527_RELATED_ENTITIES,NAME@ZIP,CORROBORATED,ESTABLISHMENT_NAME+ZIP_CODE,ENTITY_NAME+ENTITY_ZIP,41,373106,11739,0.3
FED_OSHA_ITA_300A_SUMMARY_2023,ST_NYC_CFB_CAMPAIGN_2001_CONTRIBUTION,NAME@ZIP,CORROBORATED,ESTABLISHMENT_NAME+ZIP_CODE,NAME+ZIP,7,373106,120204,0.0
FED_OSHA_ITA_300A_SUMMARY_2023,ST_NYC_CFB_CAMPAIGN_2013_CONTRIBUTION,NAME@ZIP,CORROBORATED,ESTABLISHMENT_NAME+ZIP_CODE,NAME+ZIP,6,373106,124226,0.0
FED_OSHA_ITA_300A_SUMMARY_2024,FED_OSHA_ITA_300A_SUMMARY_2025,EIN,STEEL,EIN,EIN,82237,114603,106218,77.4
FED_OSHA_ITA_300A_SUMMARY_2024,FED_OSHA_ITA_300A_SUMMARY_2025,NAME@ZIP,CORROBORATED,ESTABLISHMENT_NAME+ZIP_CODE,ESTABLISHMENT_NAME+ZIP_CODE,231726,360069,375575,64.4
FED_OSHA_ITA_300A_SUMMARY_2024,FED_OSHA_ITA_CASE_DETAIL_2023,EIN,STEEL,EIN,EIN,26835,114603,33693,79.6
FED_OSHA_ITA_300A_SUMMARY_2024,FED_OSHA_ITA_CASE_DETAIL_2023,NAME@ZIP,CORROBORATED,ESTABLISHMENT_NAME+ZIP_CODE,ESTABLISHMENT_NAME+ZIP_CODE,61052,360069,85607,71.3
FED_OSHA_ITA_300A_SUMMARY_2024,FED_OSHA_ITA_CASE_DETAIL_2024,EIN,STEEL,EIN,EIN,20523,114603,20523,100.0
FED_OSHA_ITA_300A_SUMMARY_2024,FED_OSHA_ITA_CASE_DETAIL_2024,NAME@ZIP,CORROBORATED,ESTABLISHMENT_NAME+ZIP_CODE,ESTABLISHMENT_NAME+ZIP_CODE,59854,360069,59854,100.0
FED_OSHA_ITA_300A_SUMMARY_2024,FED_OSHA_ITA_CASE_DETAIL_2025,EIN,STEEL,EIN,EIN,11741,114603,13387,87.7
FED_OSHA_ITA_300A_SUMMARY_2024,FED_OSHA_ITA_CASE_DETAIL_2025,NAME@ZIP,CORROBORATED,ESTABLISHMENT_NAME+ZIP_CODE,ESTABLISHMENT_NAME+ZIP_CODE,27916,360069,33457,83.4
FED_OSHA_ITA_300A_SUMMARY_2024,FED_PBGC_TRUSTEED_PENSION_PLANS,EIN,STEEL,EIN,EIN,1856,114603,20835,8.9
FED_OSHA_ITA_300A_SUMMARY_2024,FED_PBGC_TRUSTEED_PLANS,EIN,STEEL,EIN,EIN,48,114603,4431,1.1
FED_OSHA_ITA_300A_SUMMARY_2024,FED_PCAOB_FORM_AP_FILINGS,CIK~EIN,BRIDGE,,,654,114603,28773,2.3
FED_OSHA_ITA_300A_SUMMARY_2024,FED_SAM_EXCLUSIONS,NAME@ZIP,CORROBORATED,ESTABLISHMENT_NAME+ZIP_CODE,ENTITY_NAME+ZIP,7,360069,8485,0.1
FED_OSHA_ITA_300A_SUMMARY_2024,FED_SAM_EXCLUSIONS_FULL_R2,NAME@ZIP,CORROBORATED,ESTABLISHMENT_NAME+ZIP_CODE,NAME+ZIP_CODE,18,360069,7285,0.2
FED_OSHA_ITA_300A_SUMMARY_2024,FED_SEC_13F_FILERS,NAME@ZIP,CORROBORATED,ESTABLISHMENT_NAME+ZIP_CODE,FILINGMANAGER_NAME+FILINGMANAGER_ZIPCODE,17,360069,18430,0.1
FED_OSHA_ITA_300A_SUMMARY_2024,FED_SEC_13F_SUBMISSIONS,CIK~EIN,BRIDGE,,,15,114603,16273,0.1
FED_OSHA_ITA_300A_SUMMARY_2024,FED_SEC_DERA_SUB_2024Q1,EIN,STEEL,EIN,EIN,607,114603,4238,14.3
FED_OSHA_ITA_300A_SUMMARY_2024,FED_SEC_DERA_SUB_2024Q2,EIN,STEEL,EIN,EIN,619,114603,4744,13.0
FED_OSHA_ITA_300A_SUMMARY_2024,FED_SEC_DERA_SUB_2024Q3,EIN,STEEL,EIN,EIN,607,114603,4686,13.0
FED_OSHA_ITA_300A_SUMMARY_2024,FED_SEC_DERA_SUB_2024Q4,EIN,STEEL,EIN,EIN,607,114603,4663,13.0
FED_OSHA_ITA_300A_SUMMARY_2024,FED_SEC_DERA_SUB_2025Q1,EIN,STEEL,EIN,EIN,592,114603,4305,13.8
FED_OSHA_ITA_300A_SUMMARY_2024,FED_SEC_DERA_SUB_2025Q2,EIN,STEEL,EIN,EIN,594,114603,4508,13.2
FED_OSHA_ITA_300A_SUMMARY_2024,FED_SEC_DERA_SUB_2025Q3,EIN,STEEL,EIN,EIN,591,114603,4494,13.2
FED_OSHA_ITA_300A_SUMMARY_2024,FED_SEC_DERA_SUB_2025Q4,EIN,STEEL,EIN,EIN,592,114603,4501,13.2
FED_OSHA_ITA_300A_SUMMARY_2024,FED_SEC_DERA_SUB_2026Q1,EIN,STEEL,EIN,EIN,577,114603,4236,13.6
FED_OSHA_ITA_300A_SUMMARY_2024,FED_SEC_EDGAR_COMPANY_TICKERS,CIK~EIN,BRIDGE,,,567,114603,8018,7.1
FED_OSHA_ITA_300A_SUMMARY_2024,FED_SEC_EDGAR_FINANCIALS,EIN,STEEL,EIN,EIN,647,114603,5771,11.2
FED_OSHA_ITA_300A_SUMMARY_2024,FED_SEC_EDGAR_INSIDERS,CIK~EIN,BRIDGE,,,553,114603,5306,10.4
FED_OSHA_ITA_300A_SUMMARY_2024,FED_SEC_INSIDER_REPORTINGOWNER,CIK~EIN,BRIDGE,,,95,114603,138006,0.1
FED_OSHA_ITA_300A_SUMMARY_2024,FED_USASPENDING_ASSISTANCE_FULL,EIN~UEI,BRIDGE,,,3007,114603,223721,2.6
FED_OSHA_ITA_300A_SUMMARY_2024,FED_USASPENDING_CONTRACTS,NAME@ZIP,CORROBORATED,ESTABLISHMENT_NAME+ZIP_CODE,RECIPIENT_NAME+RECIPIENT_ZIP_4_CODE,3695,360069,91616,4.0
FED_OSHA_ITA_300A_SUMMARY_2024,FED_USCG_NRC_INCIDENTS,NAME@ZIP,CORROBORATED,ESTABLISHMENT_NAME+ZIP_CODE,RESPONSIBLE_COMPANY+RESPONSIBLE_ZIP,1720,360069,93650,1.8
FED_OSHA_ITA_300A_SUMMARY_2024,FED_USCG_NRC_INCIDENT_REPORTS,NAME@ZIP,CORROBORATED,ESTABLISHMENT_NAME+ZIP_CODE,RESPONSIBLE_COMPANY+RESPONSIBLE_ZIP,616,360069,15011,4.1
FED_OSHA_ITA_300A_SUMMARY_2024,IRS527_8871_ORGS,EIN,STEEL,EIN,EIN,30,114603,58915,0.1
FED_OSHA_ITA_300A_SUMMARY_2024,IRS527_8871_ORGS,NAME@ZIP,CORROBORATED,ESTABLISHMENT_NAME+ZIP_CODE,ORGANIZATION_NAME+MAILING_ZIP,9,360069,62076,0.0
FED_OSHA_ITA_300A_SUMMARY_2024,IRS527_DIRECTORS_OFFICERS,EIN,STEEL,EIN,EIN,30,114603,58881,0.1
FED_OSHA_ITA_300A_SUMMARY_2024,IRS527_RELATED_ENTITIES,NAME@ZIP,CORROBORATED,ESTABLISHMENT_NAME+ZIP_CODE,ENTITY_NAME+ENTITY_ZIP,37,360069,11739,0.3
FED_OSHA_ITA_300A_SUMMARY_2024,ST_NYC_CFB_CAMPAIGN_2001_CONTRIBUTION,NAME@ZIP,CORROBORATED,ESTABLISHMENT_NAME+ZIP_CODE,NAME+ZIP,5,360069,120204,0.0
FED_OSHA_ITA_300A_SUMMARY_2024,ST_NYC_CFB_CAMPAIGN_2009_CONTRIBUTION,NAME@ZIP,CORROBORATED,ESTABLISHMENT_NAME+ZIP_CODE,NAME+ZIP,5,360069,93773,0.0
FED_OSHA_ITA_300A_SUMMARY_2025,FED_OSHA_ITA_CASE_DETAIL_2023,EIN,STEEL,EIN,EIN,23314,106218,33693,69.2
FED_OSHA_ITA_300A_SUMMARY_2025,FED_OSHA_ITA_CASE_DETAIL_2023,NAME@ZIP,CORROBORATED,ESTABLISHMENT_NAME+ZIP_CODE,ESTABLISHMENT_NAME+ZIP_CODE,56933,375575,85607,66.5
FED_OSHA_ITA_300A_SUMMARY_2025,FED_OSHA_ITA_CASE_DETAIL_2024,EIN,STEEL,EIN,EIN,16839,106218,20523,82.0
FED_OSHA_ITA_300A_SUMMARY_2025,FED_OSHA_ITA_CASE_DETAIL_2024,NAME@ZIP,CORROBORATED,ESTABLISHMENT_NAME+ZIP_CODE,ESTABLISHMENT_NAME+ZIP_CODE,48213,375575,59854,80.6
FED_OSHA_ITA_300A_SUMMARY_2025,FED_OSHA_ITA_CASE_DETAIL_2025,EIN,STEEL,EIN,EIN,13387,106218,13387,100.0
FED_OSHA_ITA_300A_SUMMARY_2025,FED_OSHA_ITA_CASE_DETAIL_2025,NAME@ZIP,CORROBORATED,ESTABLISHMENT_NAME+ZIP_CODE,ESTABLISHMENT_NAME+ZIP_CODE,33457,375575,33457,100.0
FED_OSHA_ITA_300A_SUMMARY_2025,FED_PBGC_TRUSTEED_PENSION_PLANS,EIN,STEEL,EIN,EIN,1764,106218,20835,8.5
FED_OSHA_ITA_300A_SUMMARY_2025,FED_PBGC_TRUSTEED_PLANS,EIN,STEEL,EIN,EIN,41,106218,4431,0.9
FED_OSHA_ITA_300A_SUMMARY_2025,FED_PCAOB_FORM_AP_FILINGS,CIK~EIN,BRIDGE,,,641,106218,28773,2.2
FED_OSHA_ITA_300A_SUMMARY_2025,FED_SAM_EXCLUSIONS,NAME@ZIP,CORROBORATED,ESTABLISHMENT_NAME+ZIP_CODE,ENTITY_NAME+ZIP,5,375575,8485,0.1
FED_OSHA_ITA_300A_SUMMARY_2025,FED_SAM_EXCLUSIONS_FULL_R2,NAME@ZIP,CORROBORATED,ESTABLISHMENT_NAME+ZIP_CODE,NAME+ZIP_CODE,15,375575,7285,0.2
FED_OSHA_ITA_300A_SUMMARY_2025,FED_SEC_13F_FILERS,NAME@ZIP,CORROBORATED,ESTABLISHMENT_NAME+ZIP_CODE,FILINGMANAGER_NAME+FILINGMANAGER_ZIPCODE,17,375575,18430,0.1
FED_OSHA_ITA_300A_SUMMARY_2025,FED_SEC_13F_SUBMISSIONS,CIK~EIN,BRIDGE,,,17,106218,16273,0.1
FED_OSHA_ITA_300A_SUMMARY_2025,FED_SEC_DERA_SUB_2024Q1,EIN,STEEL,EIN,EIN,594,106218,4238,14.0
FED_OSHA_ITA_300A_SUMMARY_2025,FED_SEC_DERA_SUB_2024Q2,EIN,STEEL,EIN,EIN,599,106218,4744,12.6
FED_OSHA_ITA_300A_SUMMARY_2025,FED_SEC_DERA_SUB_2024Q3,EIN,STEEL,EIN,EIN,589,106218,4686,12.6
FED_OSHA_ITA_300A_SUMMARY_2025,FED_SEC_DERA_SUB_2024Q4,EIN,STEEL,EIN,EIN,592,106218,4663,12.7
FED_OSHA_ITA_300A_SUMMARY_2025,FED_SEC_DERA_SUB_2025Q1,EIN,STEEL,EIN,EIN,577,106218,4305,13.4
FED_OSHA_ITA_300A_SUMMARY_2025,FED_SEC_DERA_SUB_2025Q2,EIN,STEEL,EIN,EIN,578,106218,4508,12.8
FED_OSHA_ITA_300A_SUMMARY_2025,FED_SEC_DERA_SUB_2025Q3,EIN,STEEL,EIN,EIN,578,106218,4494,12.9
FED_OSHA_ITA_300A_SUMMARY_2025,FED_SEC_DERA_SUB_2025Q4,EIN,STEEL,EIN,EIN,580,106218,4501,12.9
FED_OSHA_ITA_300A_SUMMARY_2025,FED_SEC_DERA_SUB_2026Q1,EIN,STEEL,EIN,EIN,566,106218,4236,13.4
FED_OSHA_ITA_300A_SUMMARY_2025,FED_SEC_EDGAR_COMPANY_TICKERS,CIK~EIN,BRIDGE,,,548,106218,8018,6.8
FED_OSHA_ITA_300A_SUMMARY_2025,FED_SEC_EDGAR_FINANCIALS,EIN,STEEL,EIN,EIN,633,106218,5771,11.0
FED_OSHA_ITA_300A_SUMMARY_2025,FED_SEC_EDGAR_INSIDERS,CIK~EIN,BRIDGE,,,539,106218,5306,10.2
FED_OSHA_ITA_300A_SUMMARY_2025,FED_SEC_INSIDER_REPORTINGOWNER,CIK~EIN,BRIDGE,,,96,106218,138006,0.1
FED_OSHA_ITA_300A_SUMMARY_2025,FED_USASPENDING_ASSISTANCE_FULL,EIN~UEI,BRIDGE,,,2805,106218,223721,2.6
FED_OSHA_ITA_300A_SUMMARY_2025,FED_USASPENDING_CONTRACTS,NAME@ZIP,CORROBORATED,ESTABLISHMENT_NAME+ZIP_CODE,RECIPIENT_NAME+RECIPIENT_ZIP_4_CODE,3689,375575,91616,4.0
FED_OSHA_ITA_300A_SUMMARY_2025,FED_USCG_NRC_INCIDENTS,NAME@ZIP,CORROBORATED,ESTABLISHMENT_NAME+ZIP_CODE,RESPONSIBLE_COMPANY+RESPONSIBLE_ZIP,1642,375575,93650,1.8
FED_OSHA_ITA_300A_SUMMARY_2025,FED_USCG_NRC_INCIDENT_REPORTS,NAME@ZIP,CORROBORATED,ESTABLISHMENT_NAME+ZIP_CODE,RESPONSIBLE_COMPANY+RESPONSIBLE_ZIP,570,375575,15011,3.8
FED_OSHA_ITA_300A_SUMMARY_2025,IRS527_8871_ORGS,EIN,STEEL,EIN,EIN,27,106218,58915,0.0
FED_OSHA_ITA_300A_SUMMARY_2025,IRS527_8871_ORGS,NAME@ZIP,CORROBORATED,ESTABLISHMENT_NAME+ZIP_CODE,ORGANIZATION_NAME+MAILING_ZIP,7,375575,62076,0.0
FED_OSHA_ITA_300A_SUMMARY_2025,IRS527_DIRECTORS_OFFICERS,EIN,STEEL,EIN,EIN,27,106218,58881,0.0
FED_OSHA_ITA_300A_SUMMARY_2025,IRS527_RELATED_ENTITIES,EIN,STEEL,EIN,EIN,5,106218,8979,0.1
FED_OSHA_ITA_300A_SUMMARY_2025,IRS527_RELATED_ENTITIES,NAME@ZIP,CORROBORATED,ESTABLISHMENT_NAME+ZIP_CODE,ENTITY_NAME+ENTITY_ZIP,41,375575,11739,0.3
FED_OSHA_ITA_CASE_DETAIL_2023,FED_OSHA_ITA_CASE_DETAIL_2024,EIN,STEEL,EIN,EIN,13675,33693,20523,66.6
FED_OSHA_ITA_CASE_DETAIL_2023,FED_OSHA_ITA_CASE_DETAIL_2024,NAME@ZIP,CORROBORATED,ESTABLISHMENT_NAME+ZIP_CODE,ESTABLISHMENT_NAME+ZIP_CODE,35682,85607,59854,59.6
FED_OSHA_ITA_CASE_DETAIL_2023,FED_OSHA_ITA_CASE_DETAIL_2025,EIN,STEEL,EIN,EIN,8415,33693,13387,62.9
FED_OSHA_ITA_CASE_DETAIL_2023,FED_OSHA_ITA_CASE_DETAIL_2025,NAME@ZIP,CORROBORATED,ESTABLISHMENT_NAME+ZIP_CODE,ESTABLISHMENT_NAME+ZIP_CODE,15992,85607,33457,47.8
FED_OSHA_ITA_CASE_DETAIL_2023,FED_PBGC_TRUSTEED_PENSION_PLANS,EIN,STEEL,EIN,EIN,718,33693,20835,3.4
FED_OSHA_ITA_CASE_DETAIL_2023,FED_PBGC_TRUSTEED_PLANS,EIN,STEEL,EIN,EIN,23,33693,4431,0.5
FED_OSHA_ITA_CASE_DETAIL_2023,FED_PCAOB_FORM_AP_FILINGS,CIK~EIN,BRIDGE,,,216,33693,28773,0.8
FED_OSHA_ITA_CASE_DETAIL_2023,FED_SEC_13F_SUBMISSIONS,CIK~EIN,BRIDGE,,,6,33693,16273,0.0
FED_OSHA_ITA_CASE_DETAIL_2023,FED_SEC_DERA_SUB_2024Q1,EIN,STEEL,EIN,EIN,204,33693,4238,4.8
FED_OSHA_ITA_CASE_DETAIL_2023,FED_SEC_DERA_SUB_2024Q2,EIN,STEEL,EIN,EIN,209,33693,4744,4.4
FED_OSHA_ITA_CASE_DETAIL_2023,FED_SEC_DERA_SUB_2024Q3,EIN,STEEL,EIN,EIN,200,33693,4686,4.3
FED_OSHA_ITA_CASE_DETAIL_2023,FED_SEC_DERA_SUB_2024Q4,EIN,STEEL,EIN,EIN,204,33693,4663,4.4
FED_OSHA_ITA_CASE_DETAIL_2023,FED_SEC_DERA_SUB_2025Q1,EIN,STEEL,EIN,EIN,197,33693,4305,4.6
FED_OSHA_ITA_CASE_DETAIL_2023,FED_SEC_DERA_SUB_2025Q2,EIN,STEEL,EIN,EIN,201,33693,4508,4.5
FED_OSHA_ITA_CASE_DETAIL_2023,FED_SEC_DERA_SUB_2025Q3,EIN,STEEL,EIN,EIN,198,33693,4494,4.4
FED_OSHA_ITA_CASE_DETAIL_2023,FED_SEC_DERA_SUB_2025Q4,EIN,STEEL,EIN,EIN,198,33693,4501,4.4
FED_OSHA_ITA_CASE_DETAIL_2023,FED_SEC_DERA_SUB_2026Q1,EIN,STEEL,EIN,EIN,190,33693,4236,4.5
FED_OSHA_ITA_CASE_DETAIL_2023,FED_SEC_EDGAR_COMPANY_TICKERS,CIK~EIN,BRIDGE,,,191,33693,8018,2.4
FED_OSHA_ITA_CASE_DETAIL_2023,FED_SEC_EDGAR_FINANCIALS,EIN,STEEL,EIN,EIN,215,33693,5771,3.7
FED_OSHA_ITA_CASE_DETAIL_2023,FED_SEC_EDGAR_INSIDERS,CIK~EIN,BRIDGE,,,192,33693,5306,3.6
FED_OSHA_ITA_CASE_DETAIL_2023,FED_SEC_INSIDER_REPORTINGOWNER,CIK~EIN,BRIDGE,,,39,33693,138006,0.1
FED_OSHA_ITA_CASE_DETAIL_2023,FED_USASPENDING_ASSISTANCE_FULL,EIN~UEI,BRIDGE,,,1151,33693,223721,3.4
FED_OSHA_ITA_CASE_DETAIL_2023,FED_USASPENDING_CONTRACTS,NAME@ZIP,CORROBORATED,ESTABLISHMENT_NAME+ZIP_CODE,RECIPIENT_NAME+RECIPIENT_ZIP_4_CODE,787,85607,91616,0.9
FED_OSHA_ITA_CASE_DETAIL_2023,FED_USCG_NRC_INCIDENTS,NAME@ZIP,CORROBORATED,ESTABLISHMENT_NAME+ZIP_CODE,RESPONSIBLE_COMPANY+RESPONSIBLE_ZIP,625,85607,93650,0.7
FED_OSHA_ITA_CASE_DETAIL_2023,FED_USCG_NRC_INCIDENT_REPORTS,NAME@ZIP,CORROBORATED,ESTABLISHMENT_NAME+ZIP_CODE,RESPONSIBLE_COMPANY+RESPONSIBLE_ZIP,207,85607,15011,1.4
FED_OSHA_ITA_CASE_DETAIL_2023,IRS527_8871_ORGS,EIN,STEEL,EIN,EIN,13,33693,58915,0.0
FED_OSHA_ITA_CASE_DETAIL_2023,IRS527_DIRECTORS_OFFICERS,EIN,STEEL,EIN,EIN,13,33693,58881,0.0
FED_OSHA_ITA_CASE_DETAIL_2023,IRS527_RELATED_ENTITIES,NAME@ZIP,CORROBORATED,ESTABLISHMENT_NAME+ZIP_CODE,ENTITY_NAME+ENTITY_ZIP,16,85607,11739,0.1
FED_OSHA_ITA_CASE_DETAIL_2024,FED_OSHA_ITA_CASE_DETAIL_2025,EIN,STEEL,EIN,EIN,9123,20523,13387,68.1
FED_OSHA_ITA_CASE_DETAIL_2024,FED_OSHA_ITA_CASE_DETAIL_2025,NAME@ZIP,CORROBORATED,ESTABLISHMENT_NAME+ZIP_CODE,ESTABLISHMENT_NAME+ZIP_CODE,20415,59854,33457,61.0
FED_OSHA_ITA_CASE_DETAIL_2024,FED_PBGC_TRUSTEED_PENSION_PLANS,EIN,STEEL,EIN,EIN,569,20523,20835,2.8
FED_OSHA_ITA_CASE_DETAIL_2024,FED_PBGC_TRUSTEED_PLANS,EIN,STEEL,EIN,EIN,19,20523,4431,0.4
FED_OSHA_ITA_CASE_DETAIL_2024,FED_PCAOB_FORM_AP_FILINGS,CIK~EIN,BRIDGE,,,190,20523,28773,0.9
FED_OSHA_ITA_CASE_DETAIL_2024,FED_SEC_13F_SUBMISSIONS,CIK~EIN,BRIDGE,,,5,20523,16273,0.0
FED_OSHA_ITA_CASE_DETAIL_2024,FED_SEC_DERA_SUB_2024Q1,EIN,STEEL,EIN,EIN,181,20523,4238,4.3
FED_OSHA_ITA_CASE_DETAIL_2024,FED_SEC_DERA_SUB_2024Q2,EIN,STEEL,EIN,EIN,187,20523,4744,3.9
FED_OSHA_ITA_CASE_DETAIL_2024,FED_SEC_DERA_SUB_2024Q3,EIN,STEEL,EIN,EIN,179,20523,4686,3.8
FED_OSHA_ITA_CASE_DETAIL_2024,FED_SEC_DERA_SUB_2024Q4,EIN,STEEL,EIN,EIN,184,20523,4663,3.9
FED_OSHA_ITA_CASE_DETAIL_2024,FED_SEC_DERA_SUB_2025Q1,EIN,STEEL,EIN,EIN,175,20523,4305,4.1
FED_OSHA_ITA_CASE_DETAIL_2024,FED_SEC_DERA_SUB_2025Q2,EIN,STEEL,EIN,EIN,181,20523,4508,4.0
FED_OSHA_ITA_CASE_DETAIL_2024,FED_SEC_DERA_SUB_2025Q3,EIN,STEEL,EIN,EIN,176,20523,4494,3.9
FED_OSHA_ITA_CASE_DETAIL_2024,FED_SEC_DERA_SUB_2025Q4,EIN,STEEL,EIN,EIN,178,20523,4501,4.0
FED_OSHA_ITA_CASE_DETAIL_2024,FED_SEC_DERA_SUB_2026Q1,EIN,STEEL,EIN,EIN,171,20523,4236,4.0
FED_OSHA_ITA_CASE_DETAIL_2024,FED_SEC_EDGAR_COMPANY_TICKERS,CIK~EIN,BRIDGE,,,174,20523,8018,2.2
FED_OSHA_ITA_CASE_DETAIL_2024,FED_SEC_EDGAR_FINANCIALS,EIN,STEEL,EIN,EIN,190,20523,5771,3.3
FED_OSHA_ITA_CASE_DETAIL_2024,FED_SEC_EDGAR_INSIDERS,CIK~EIN,BRIDGE,,,174,20523,5306,3.3
FED_OSHA_ITA_CASE_DETAIL_2024,FED_SEC_INSIDER_REPORTINGOWNER,CIK~EIN,BRIDGE,,,32,20523,138006,0.2
FED_OSHA_ITA_CASE_DETAIL_2024,FED_USASPENDING_ASSISTANCE_FULL,EIN~UEI,BRIDGE,,,1020,20523,223721,5.0
FED_OSHA_ITA_CASE_DETAIL_2024,FED_USASPENDING_CONTRACTS,NAME@ZIP,CORROBORATED,ESTABLISHMENT_NAME+ZIP_CODE,RECIPIENT_NAME+RECIPIENT_ZIP_4_CODE,515,59854,91616,0.9
FED_OSHA_ITA_CASE_DETAIL_2024,FED_USCG_NRC_INCIDENTS,NAME@ZIP,CORROBORATED,ESTABLISHMENT_NAME+ZIP_CODE,RESPONSIBLE_COMPANY+RESPONSIBLE_ZIP,490,59854,93650,0.8
FED_OSHA_ITA_CASE_DETAIL_2024,FED_USCG_NRC_INCIDENT_REPORTS,NAME@ZIP,CORROBORATED,ESTABLISHMENT_NAME+ZIP_CODE,RESPONSIBLE_COMPANY+RESPONSIBLE_ZIP,172,59854,15011,1.1
FED_OSHA_ITA_CASE_DETAIL_2024,IRS527_RELATED_ENTITIES,NAME@ZIP,CORROBORATED,ESTABLISHMENT_NAME+ZIP_CODE,ENTITY_NAME+ENTITY_ZIP,14,59854,11739,0.1
FED_OSHA_ITA_CASE_DETAIL_2025,FED_PBGC_TRUSTEED_PENSION_PLANS,EIN,STEEL,EIN,EIN,435,13387,20835,3.2
FED_OSHA_ITA_CASE_DETAIL_2025,FED_PBGC_TRUSTEED_PLANS,EIN,STEEL,EIN,EIN,13,13387,4431,0.3
FED_OSHA_ITA_CASE_DETAIL_2025,FED_PCAOB_FORM_AP_FILINGS,CIK~EIN,BRIDGE,,,135,13387,28773,1.0
FED_OSHA_ITA_CASE_DETAIL_2025,FED_SEC_13F_SUBMISSIONS,CIK~EIN,BRIDGE,,,5,13387,16273,0.0
FED_OSHA_ITA_CASE_DETAIL_2025,FED_SEC_DERA_SUB_2024Q1,EIN,STEEL,EIN,EIN,132,13387,4238,3.1
FED_OSHA_ITA_CASE_DETAIL_2025,FED_SEC_DERA_SUB_2024Q2,EIN,STEEL,EIN,EIN,133,13387,4744,2.8
FED_OSHA_ITA_CASE_DETAIL_2025,FED_SEC_DERA_SUB_2024Q3,EIN,STEEL,EIN,EIN,130,13387,4686,2.8
FED_OSHA_ITA_CASE_DETAIL_2025,FED_SEC_DERA_SUB_2024Q4,EIN,STEEL,EIN,EIN,133,13387,4663,2.9
FED_OSHA_ITA_CASE_DETAIL_2025,FED_SEC_DERA_SUB_2025Q1,EIN,STEEL,EIN,EIN,131,13387,4305,3.0
FED_OSHA_ITA_CASE_DETAIL_2025,FED_SEC_DERA_SUB_2025Q2,EIN,STEEL,EIN,EIN,133,13387,4508,3.0
FED_OSHA_ITA_CASE_DETAIL_2025,FED_SEC_DERA_SUB_2025Q3,EIN,STEEL,EIN,EIN,131,13387,4494,2.9
FED_OSHA_ITA_CASE_DETAIL_2025,FED_SEC_DERA_SUB_2025Q4,EIN,STEEL,EIN,EIN,132,13387,4501,2.9
FED_OSHA_ITA_CASE_DETAIL_2025,FED_SEC_DERA_SUB_2026Q1,EIN,STEEL,EIN,EIN,127,13387,4236,3.0
FED_OSHA_ITA_CASE_DETAIL_2025,FED_SEC_EDGAR_COMPANY_TICKERS,CIK~EIN,BRIDGE,,,128,13387,8018,1.6
FED_OSHA_ITA_CASE_DETAIL_2025,FED_SEC_EDGAR_FINANCIALS,EIN,STEEL,EIN,EIN,135,13387,5771,2.3
FED_OSHA_ITA_CASE_DETAIL_2025,FED_SEC_EDGAR_INSIDERS,CIK~EIN,BRIDGE,,,129,13387,5306,2.4
FED_OSHA_ITA_CASE_DETAIL_2025,FED_SEC_INSIDER_REPORTINGOWNER,CIK~EIN,BRIDGE,,,23,13387,138006,0.2
FED_OSHA_ITA_CASE_DETAIL_2025,FED_USASPENDING_ASSISTANCE_FULL,EIN~UEI,BRIDGE,,,734,13387,223721,5.5
FED_OSHA_ITA_CASE_DETAIL_2025,FED_USASPENDING_CONTRACTS,NAME@ZIP,CORROBORATED,ESTABLISHMENT_NAME+ZIP_CODE,RECIPIENT_NAME+RECIPIENT_ZIP_4_CODE,319,33457,91616,1.0
FED_OSHA_ITA_CASE_DETAIL_2025,FED_USCG_NRC_INCIDENTS,NAME@ZIP,CORROBORATED,ESTABLISHMENT_NAME+ZIP_CODE,RESPONSIBLE_COMPANY+RESPONSIBLE_ZIP,307,33457,93650,0.9
FED_OSHA_ITA_CASE_DETAIL_2025,FED_USCG_NRC_INCIDENT_REPORTS,NAME@ZIP,CORROBORATED,ESTABLISHMENT_NAME+ZIP_CODE,RESPONSIBLE_COMPANY+RESPONSIBLE_ZIP,117,33457,15011,0.8
FED_OSHA_ITA_CASE_DETAIL_2025,IRS527_8871_ORGS,EIN,STEEL,EIN,EIN,6,13387,58915,0.0
FED_OSHA_ITA_CASE_DETAIL_2025,IRS527_DIRECTORS_OFFICERS,EIN,STEEL,EIN,EIN,6,13387,58881,0.0
FED_OSHA_ITA_CASE_DETAIL_2025,IRS527_RELATED_ENTITIES,NAME@ZIP,CORROBORATED,ESTABLISHMENT_NAME+ZIP_CODE,ENTITY_NAME+ENTITY_ZIP,11,33457,11739,0.1
FED_OYEZ,FED_SCDB,DOCKET,STRONG,DOCKET,DOCKET,22,25,6877,88.0
FED_PBGC_TRUSTEED_PENSION_PLANS,FED_PBGC_TRUSTEED_PLANS,EIN,STEEL,EIN,EIN,9,20835,4431,0.2
FED_PBGC_TRUSTEED_PENSION_PLANS,FED_PCAOB_FORM_AP_FILINGS,CIK~EIN,BRIDGE,,,386,20835,28773,1.9
FED_PBGC_TRUSTEED_PENSION_PLANS,FED_SEC_13F_SUBMISSIONS,CIK~EIN,BRIDGE,,,52,20835,16273,0.3
FED_PBGC_TRUSTEED_PENSION_PLANS,FED_SEC_DERA_SUB_2024Q1,EIN,STEEL,EIN,EIN,364,20835,4238,8.6
FED_PBGC_TRUSTEED_PENSION_PLANS,FED_SEC_DERA_SUB_2024Q2,EIN,STEEL,EIN,EIN,371,20835,4744,7.8
FED_PBGC_TRUSTEED_PENSION_PLANS,FED_SEC_DERA_SUB_2024Q3,EIN,STEEL,EIN,EIN,363,20835,4686,7.7
FED_PBGC_TRUSTEED_PENSION_PLANS,FED_SEC_DERA_SUB_2024Q4,EIN,STEEL,EIN,EIN,362,20835,4663,7.8
FED_PBGC_TRUSTEED_PENSION_PLANS,FED_SEC_DERA_SUB_2025Q1,EIN,STEEL,EIN,EIN,360,20835,4305,8.4
FED_PBGC_TRUSTEED_PENSION_PLANS,FED_SEC_DERA_SUB_2025Q2,EIN,STEEL,EIN,EIN,362,20835,4508,8.0
FED_PBGC_TRUSTEED_PENSION_PLANS,FED_SEC_DERA_SUB_2025Q3,EIN,STEEL,EIN,EIN,356,20835,4494,7.9
FED_PBGC_TRUSTEED_PENSION_PLANS,FED_SEC_DERA_SUB_2025Q4,EIN,STEEL,EIN,EIN,354,20835,4501,7.9
FED_PBGC_TRUSTEED_PENSION_PLANS,FED_SEC_DERA_SUB_2026Q1,EIN,STEEL,EIN,EIN,348,20835,4236,8.2
FED_PBGC_TRUSTEED_PENSION_PLANS,FED_SEC_EDGAR_COMPANY_TICKERS,CIK~EIN,BRIDGE,,,340,20835,8018,4.2
FED_PBGC_TRUSTEED_PENSION_PLANS,FED_SEC_EDGAR_FINANCIALS,EIN,STEEL,EIN,EIN,381,20835,5771,6.6
FED_PBGC_TRUSTEED_PENSION_PLANS,FED_SEC_EDGAR_INSIDERS,CIK~EIN,BRIDGE,,,340,20835,5306,6.4
FED_PBGC_TRUSTEED_PENSION_PLANS,FED_SEC_INSIDER_REPORTINGOWNER,CIK~EIN,BRIDGE,,,86,20835,138006,0.4
FED_PBGC_TRUSTEED_PENSION_PLANS,FED_USASPENDING_ASSISTANCE_FULL,EIN~UEI,BRIDGE,,,364,20835,223721,1.7
FED_PBGC_TRUSTEED_PENSION_PLANS,FED_USASPENDING_CONTRACTS,EIN~UEI,BRIDGE,,,90,20835,92833,0.4
FED_PBGC_TRUSTEED_PLANS,FED_PCAOB_FORM_AP_FILINGS,CIK~EIN,BRIDGE,,,8,4431,28773,0.2
FED_PBGC_TRUSTEED_PLANS,FED_SEC_DERA_SUB_2024Q1,EIN,STEEL,EIN,EIN,4,4431,4238,0.1
FED_PBGC_TRUSTEED_PLANS,FED_SEC_DERA_SUB_2024Q3,EIN,STEEL,EIN,EIN,3,4431,4686,0.1
FED_PBGC_TRUSTEED_PLANS,FED_SEC_DERA_SUB_2025Q1,EIN,STEEL,EIN,EIN,3,4431,4305,0.1
FED_PBGC_TRUSTEED_PLANS,FED_SEC_DERA_SUB_2025Q4,EIN,STEEL,EIN,EIN,3,4431,4501,0.1
FED_PBGC_TRUSTEED_PLANS,FED_SEC_DERA_SUB_2026Q1,EIN,STEEL,EIN,EIN,4,4431,4236,0.1
FED_PBGC_TRUSTEED_PLANS,FED_SEC_EDGAR_COMPANY_TICKERS,CIK~EIN,BRIDGE,,,3,4431,8018,0.1
FED_PBGC_TRUSTEED_PLANS,FED_SEC_EDGAR_FINANCIALS,EIN,STEEL,EIN,EIN,8,4431,5771,0.2
FED_PBGC_TRUSTEED_PLANS,FED_USASPENDING_ASSISTANCE_FULL,EIN~UEI,BRIDGE,,,27,4431,223721,0.6
FED_PCAOB_FORM_AP_FILINGS,FED_SEC_13F_SUBMISSIONS,CIK,STEEL,ISSUER_CIK,CIK,302,28773,16273,1.9
FED_PCAOB_FORM_AP_FILINGS,FED_SEC_BUSINESS_DEVELOPMENT_COMPANY_REPORT,CIK,STEEL,ISSUER_CIK,CIK,162,28773,212,76.4
FED_PCAOB_FORM_AP_FILINGS,FED_SEC_CLOSED_END_FUND_INFORMATION,CIK,STEEL,ISSUER_CIK,CIK,721,28773,973,74.1
FED_PCAOB_FORM_AP_FILINGS,FED_SEC_DERA_SUB_2024Q1,CIK,STEEL,ISSUER_CIK,CIK,5497,28773,5506,99.8
FED_PCAOB_FORM_AP_FILINGS,FED_SEC_DERA_SUB_2024Q2,CIK,STEEL,ISSUER_CIK,CIK,6237,28773,6250,99.8
FED_PCAOB_FORM_AP_FILINGS,FED_SEC_DERA_SUB_2024Q3,CIK,STEEL,ISSUER_CIK,CIK,6000,28773,6008,99.9
FED_PCAOB_FORM_AP_FILINGS,FED_SEC_DERA_SUB_2024Q4,CIK,STEEL,ISSUER_CIK,CIK,5823,28773,5833,99.8
FED_PCAOB_FORM_AP_FILINGS,FED_SEC_DERA_SUB_2025Q1,CIK,STEEL,ISSUER_CIK,CIK,5666,28773,5672,99.9
FED_PCAOB_FORM_AP_FILINGS,FED_SEC_DERA_SUB_2025Q2,CIK,STEEL,ISSUER_CIK,CIK,6073,28773,6081,99.9
FED_PCAOB_FORM_AP_FILINGS,FED_SEC_DERA_SUB_2025Q3,CIK,STEEL,ISSUER_CIK,CIK,5902,28773,5909,99.9
FED_PCAOB_FORM_AP_FILINGS,FED_SEC_DERA_SUB_2025Q4,CIK,STEEL,ISSUER_CIK,CIK,5774,28773,5786,99.8
FED_PCAOB_FORM_AP_FILINGS,FED_SEC_DERA_SUB_2026Q1,CIK,STEEL,ISSUER_CIK,CIK,5740,28773,5750,99.8
FED_PCAOB_FORM_AP_FILINGS,FED_SEC_EDGAR_COMPANY_TICKERS,CIK,STEEL,ISSUER_CIK,CIK_STR,7206,28773,8018,89.9
FED_PCAOB_FORM_AP_FILINGS,FED_SEC_EDGAR_FINANCIALS,CIK,STEEL,ISSUER_CIK,CIK,8082,28773,8112,99.6
FED_PCAOB_FORM_AP_FILINGS,FED_SEC_EDGAR_INSIDERS,CIK,STEEL,ISSUER_CIK,CIK,5285,28773,5306,99.6
FED_PCAOB_FORM_AP_FILINGS,FED_SEC_INSIDER_REPORTINGOWNER,CIK,STEEL,ISSUER_CIK,RPTOWNERCIK,806,28773,138006,2.8
FED_PCAOB_FORM_AP_FILINGS,FED_SEC_INVESTMENT_COMPANY_SERIES_CLASS,CIK,STEEL,ISSUER_CIK,CIK_NUMBER,2013,28773,2046,98.4
FED_PCAOB_FORM_AP_FILINGS,FED_SEC_MONEY_MARKET_FUND_INFORMATION,CIK,STEEL,ISSUER_CIK,REGISTRANT_CIK,176,28773,176,100.0
FED_PCAOB_FORM_AP_FILINGS,IRS527_8871_ORGS,CIK~EIN,BRIDGE,,,5,28773,58915,0.0
FED_PCAOB_FORM_AP_FILINGS,IRS527_DIRECTORS_OFFICERS,CIK~EIN,BRIDGE,,,5,28773,58881,0.0
FED_PHMSA_FLAGGED_INCIDENTS,FED_MAPPING_INEQUALITY,GEO_IN,GEO,LOCATION_LATITUDE/LOCATION_LONGITUDE,GEOMETRY,17,1983,10153,0.9
FED_PHMSA_FLAGGED_INCIDENTS,INTL_FR_DATA_GOUV_FULL,GEO_IN,GEO,LOCATION_LATITUDE/LOCATION_LONGITUDE,SPATIAL_GEOM,1983,1983,48093,100.0
FED_SAM_EXCLUSIONS,FED_SAM_EXCLUSIONS_FULL_R2,NAME@ZIP,CORROBORATED,ENTITY_NAME+ZIP,NAME+ZIP_CODE,1991,8485,7285,27.3
FED_SAM_EXCLUSIONS,FED_SAM_EXCLUSIONS_FULL_R2,UEI,STEEL,UEI,UNIQUE_ENTITY_ID,3209,3210,38426,100.0
FED_SAM_EXCLUSIONS,FED_SBIR_STTR_AWARDS,UEI,STEEL,UEI,UEI,7,3210,17160,0.2
FED_SAM_EXCLUSIONS,FED_USASPENDING_ASSISTANCE_FULL,UEI,STEEL,UEI,recipient_uei,30,3210,223721,0.9
FED_SAM_EXCLUSIONS,FED_USASPENDING_CONTRACTS,NAME@ZIP,CORROBORATED,ENTITY_NAME+ZIP,RECIPIENT_NAME+RECIPIENT_ZIP_4_CODE,42,8485,91616,0.5
FED_SAM_EXCLUSIONS,FED_USASPENDING_CONTRACTS,UEI,STEEL,UEI,RECIPIENT_UEI,57,3210,92833,1.8
FED_SAM_EXCLUSIONS_FULL_R2,FED_SBIR_STTR_AWARDS,UEI,STEEL,UNIQUE_ENTITY_ID,UEI,14,38426,17160,0.1
FED_SAM_EXCLUSIONS_FULL_R2,FED_USASPENDING_ASSISTANCE_FULL,UEI,STEEL,UNIQUE_ENTITY_ID,recipient_uei,53,38426,223721,0.1
FED_SAM_EXCLUSIONS_FULL_R2,FED_USASPENDING_CONTRACTS,NAME@ZIP,CORROBORATED,NAME+ZIP_CODE,RECIPIENT_NAME+RECIPIENT_ZIP_4_CODE,78,7285,91616,1.1
FED_SAM_EXCLUSIONS_FULL_R2,FED_USASPENDING_CONTRACTS,UEI,STEEL,UNIQUE_ENTITY_ID,RECIPIENT_UEI,104,38426,92833,0.3
FED_SAM_EXCLUSIONS_FULL_R2,FED_USCG_NRC_INCIDENTS,NAME@ZIP,CORROBORATED,NAME+ZIP_CODE,RESPONSIBLE_COMPANY+RESPONSIBLE_ZIP,34,7285,93650,0.5
FED_SAM_EXCLUSIONS_FULL_R2,FED_USCG_NRC_INCIDENT_REPORTS,NAME@ZIP,CORROBORATED,NAME+ZIP_CODE,RESPONSIBLE_COMPANY+RESPONSIBLE_ZIP,5,7285,15011,0.1
FED_SBA_LOANS,FED_SEC_13F_FILERS,NAME@ZIP,CORROBORATED,THIRDPARTYLENDER_NAME+CDC_ZIP,FILINGMANAGER_NAME+FILINGMANAGER_ZIPCODE,14,14480,18430,0.1
FED_SBIR_STTR_AWARDS,FED_USASPENDING_ASSISTANCE_FULL,DUNS,STEEL,DUNS,recipient_duns,7227,21594,478231,33.5
FED_SBIR_STTR_AWARDS,FED_USASPENDING_ASSISTANCE_FULL,UEI,STEEL,UEI,recipient_uei,7217,17160,223721,42.1
FED_SBIR_STTR_AWARDS,FED_USASPENDING_CONTRACTS,NAME@ZIP,CORROBORATED,PI_NAME+ZIP,RECIPIENT_NAME+RECIPIENT_ZIP_4_CODE,9,77742,91616,0.0
FED_SBIR_STTR_AWARDS,FED_USASPENDING_CONTRACTS,UEI,STEEL,UEI,RECIPIENT_UEI,4836,17160,92833,28.2
FED_SBIR_STTR_AWARDS,IRS527_DIRECTORS_OFFICERS,NAME@ZIP,CORROBORATED,PI_NAME+ZIP,ENTITY_NAME+ENTITY_ZIP,11,77742,118803,0.0
FED_SBIR_STTR_AWARDS,ST_NYC_CFB_CAMPAIGN_2013_CONTRIBUTION,NAME@ZIP,CORROBORATED,PI_NAME+ZIP,NAME+ZIP,5,77742,124226,0.0
FED_SBIR_STTR_AWARDS,ST_NYC_CFB_CAMPAIGN_2021_CONTRIBUTIONS,NAME@ZIP,CORROBORATED,PI_NAME+ZIP,NAME+ZIP,16,77742,236829,0.0
FED_SBIR_STTR_AWARDS,ST_NYC_CFB_CAMPAIGN_2025_CONTRIBUTIONS,NAME@ZIP,CORROBORATED,PI_NAME+ZIP,NAME+ZIP,8,77742,151248,0.0
FED_SEC_13F_FILERS,FED_SEC_CLOSED_END_FUND_INFORMATION,NAME@ZIP,CORROBORATED,FILINGMANAGER_NAME+FILINGMANAGER_ZIPCODE,REGISTRANT_NAME+ZIP_CODE,6,18430,932,0.6
FED_SEC_13F_FILERS,FED_SEC_INVESTMENT_COMPANY_SERIES_CLASS,NAME@ZIP,CORROBORATED,FILINGMANAGER_NAME+FILINGMANAGER_ZIPCODE,SERIES_NAME+ZIP_CODE,5,18430,18361,0.0
FED_SEC_13F_FILERS,FED_USASPENDING_CONTRACTS,NAME@ZIP,CORROBORATED,FILINGMANAGER_NAME+FILINGMANAGER_ZIPCODE,RECIPIENT_NAME+RECIPIENT_ZIP_4_CODE,73,18430,91616,0.4
FED_SEC_13F_FILERS,FED_USCG_NRC_INCIDENTS,NAME@ZIP,CORROBORATED,FILINGMANAGER_NAME+FILINGMANAGER_ZIPCODE,RESPONSIBLE_COMPANY+RESPONSIBLE_ZIP,19,18430,93650,0.1
FED_SEC_13F_FILERS,FED_USCG_NRC_INCIDENT_REPORTS,NAME@ZIP,CORROBORATED,FILINGMANAGER_NAME+FILINGMANAGER_ZIPCODE,RESPONSIBLE_COMPANY+RESPONSIBLE_ZIP,6,18430,15011,0.0
FED_SEC_13F_FILERS,IRS527_RELATED_ENTITIES,NAME@ZIP,CORROBORATED,FILINGMANAGER_NAME+FILINGMANAGER_ZIPCODE,ENTITY_NAME+ENTITY_ZIP,22,18430,11739,0.2
FED_SEC_13F_FILERS,ST_NYC_CFB_CAMPAIGN_2001_CONTRIBUTION,NAME@ZIP,CORROBORATED,FILINGMANAGER_NAME+FILINGMANAGER_ZIPCODE,NAME+ZIP,9,18430,120204,0.0
FED_SEC_13F_FILERS,ST_NYC_CFB_CAMPAIGN_2013_CONTRIBUTION,NAME@ZIP,CORROBORATED,FILINGMANAGER_NAME+FILINGMANAGER_ZIPCODE,NAME+ZIP,5,18430,124226,0.0
FED_SEC_13F_FILERS,ST_NYC_CFB_CAMPAIGN_2021_CONTRIBUTIONS,NAME@ZIP,CORROBORATED,FILINGMANAGER_NAME+FILINGMANAGER_ZIPCODE,NAME+ZIP,6,18430,236829,0.0
FED_SEC_13F_FILERS,ST_NYC_CFB_CAMPAIGN_2025_CONTRIBUTIONS,NAME@ZIP,CORROBORATED,FILINGMANAGER_NAME+FILINGMANAGER_ZIPCODE,NAME+ZIP,5,18430,151248,0.0
FED_SEC_13F_SUBMISSIONS,FED_SEC_DERA_SUB_2024Q1,CIK,STEEL,CIK,CIK,222,16273,5506,4.0
FED_SEC_13F_SUBMISSIONS,FED_SEC_DERA_SUB_2024Q2,CIK,STEEL,CIK,CIK,214,16273,6250,3.4
FED_SEC_13F_SUBMISSIONS,FED_SEC_DERA_SUB_2024Q3,CIK,STEEL,CIK,CIK,213,16273,6008,3.5
FED_SEC_13F_SUBMISSIONS,FED_SEC_DERA_SUB_2024Q4,CIK,STEEL,CIK,CIK,207,16273,5833,3.5
FED_SEC_13F_SUBMISSIONS,FED_SEC_DERA_SUB_2025Q1,CIK,STEEL,CIK,CIK,219,16273,5672,3.9
FED_SEC_13F_SUBMISSIONS,FED_SEC_DERA_SUB_2025Q2,CIK,STEEL,CIK,CIK,206,16273,6081,3.4
FED_SEC_13F_SUBMISSIONS,FED_SEC_DERA_SUB_2025Q3,CIK,STEEL,CIK,CIK,207,16273,5909,3.5
FED_SEC_13F_SUBMISSIONS,FED_SEC_DERA_SUB_2025Q4,CIK,STEEL,CIK,CIK,200,16273,5786,3.5
FED_SEC_13F_SUBMISSIONS,FED_SEC_DERA_SUB_2026Q1,CIK,STEEL,CIK,CIK,212,16273,5750,3.7
FED_SEC_13F_SUBMISSIONS,FED_SEC_EDGAR_COMPANY_TICKERS,CIK,STEEL,CIK,CIK_STR,231,16273,8018,2.9
FED_SEC_13F_SUBMISSIONS,FED_SEC_EDGAR_FINANCIALS,CIK,STEEL,CIK,CIK,239,16273,8112,2.9
FED_SEC_13F_SUBMISSIONS,FED_SEC_EDGAR_INSIDERS,CIK,STEEL,CIK,CIK,204,16273,5306,3.8
FED_SEC_13F_SUBMISSIONS,FED_SEC_INSIDER_REPORTINGOWNER,CIK,STEEL,CIK,RPTOWNERCIK,1983,16273,138006,12.2
FED_SEC_BUSINESS_DEVELOPMENT_COMPANY_REPORT,FED_SEC_CLOSED_END_FUND_INFORMATION,ZIP,GEO,ZIP_CODE,ZIP_CODE,7,89,226,7.9
FED_SEC_BUSINESS_DEVELOPMENT_COMPANY_REPORT,FED_SEC_DERA_SUB_2024Q1,CIK,STEEL,CIK,CIK,120,212,5506,56.6
FED_SEC_BUSINESS_DEVELOPMENT_COMPANY_REPORT,FED_SEC_DERA_SUB_2024Q2,CIK,STEEL,CIK,CIK,130,212,6250,61.3
FED_SEC_BUSINESS_DEVELOPMENT_COMPANY_REPORT,FED_SEC_DERA_SUB_2024Q3,CIK,STEEL,CIK,CIK,136,212,6008,64.2
FED_SEC_BUSINESS_DEVELOPMENT_COMPANY_REPORT,FED_SEC_DERA_SUB_2024Q4,CIK,STEEL,CIK,CIK,138,212,5833,65.1
FED_SEC_BUSINESS_DEVELOPMENT_COMPANY_REPORT,FED_SEC_DERA_SUB_2025Q1,CIK,STEEL,CIK,CIK,143,212,5672,67.5
FED_SEC_BUSINESS_DEVELOPMENT_COMPANY_REPORT,FED_SEC_DERA_SUB_2025Q2,CIK,STEEL,CIK,CIK,145,212,6081,68.4
FED_SEC_BUSINESS_DEVELOPMENT_COMPANY_REPORT,FED_SEC_DERA_SUB_2025Q3,CIK,STEEL,CIK,CIK,147,212,5909,69.3
FED_SEC_BUSINESS_DEVELOPMENT_COMPANY_REPORT,FED_SEC_DERA_SUB_2025Q4,CIK,STEEL,CIK,CIK,154,212,5786,72.6
FED_SEC_BUSINESS_DEVELOPMENT_COMPANY_REPORT,FED_SEC_DERA_SUB_2026Q1,CIK,STEEL,CIK,CIK,154,212,5750,72.6
FED_SEC_BUSINESS_DEVELOPMENT_COMPANY_REPORT,FED_SEC_EDGAR_COMPANY_TICKERS,CIK,STEEL,CIK,CIK_STR,49,212,8018,23.1
FED_SEC_BUSINESS_DEVELOPMENT_COMPANY_REPORT,FED_SEC_EDGAR_FINANCIALS,CIK,STEEL,CIK,CIK,139,212,8112,65.6
FED_SEC_BUSINESS_DEVELOPMENT_COMPANY_REPORT,FED_SEC_EDGAR_INSIDERS,CIK,STEEL,CIK,CIK,84,212,5306,39.6
FED_SEC_BUSINESS_DEVELOPMENT_COMPANY_REPORT,FED_SEC_INSIDER_REPORTINGOWNER,CIK,STEEL,CIK,RPTOWNERCIK,12,212,138006,5.7
FED_SEC_BUSINESS_DEVELOPMENT_COMPANY_REPORT,FED_SEC_INVESTMENT_COMPANY_SERIES_CLASS,ZIP,GEO,ZIP_CODE,ZIP_CODE,5,89,354,5.6
FED_SEC_CLOSED_END_FUND_INFORMATION,FED_SEC_DERA_SUB_2025Q1,CIK,STEEL,CIK,CIK,3,973,5672,0.3
FED_SEC_CLOSED_END_FUND_INFORMATION,FED_SEC_EDGAR_COMPANY_TICKERS,CIK,STEEL,CIK,CIK_STR,310,973,8018,31.9
FED_SEC_CLOSED_END_FUND_INFORMATION,FED_SEC_EDGAR_FINANCIALS,CIK,STEEL,CIK,CIK,4,973,8112,0.4
FED_SEC_CLOSED_END_FUND_INFORMATION,FED_SEC_EDGAR_INSIDERS,CIK,STEEL,CIK,CIK,288,973,5306,29.6
FED_SEC_CLOSED_END_FUND_INFORMATION,FED_SEC_INSIDER_REPORTINGOWNER,CIK,STEEL,CIK,RPTOWNERCIK,19,973,138006,2.0
FED_SEC_CLOSED_END_FUND_INFORMATION,FED_SEC_INVESTMENT_COMPANY_SERIES_CLASS,NAME@ZIP,CORROBORATED,REGISTRANT_NAME+ZIP_CODE,SERIES_NAME+ZIP_CODE,10,932,18361,1.1
FED_SEC_CLOSED_END_FUND_INFORMATION,FED_SEC_INVESTMENT_COMPANY_SERIES_CLASS,ZIP,GEO,ZIP_CODE,ZIP_CODE,18,226,354,8.0
FED_SEC_DERA_SUB_2024Q1,FED_SEC_DERA_SUB_2024Q2,CIK,STEEL,CIK,CIK,4866,5506,6250,88.4
FED_SEC_DERA_SUB_2024Q1,FED_SEC_DERA_SUB_2024Q2,EIN,STEEL,EIN,EIN,4009,4238,4744,94.6
FED_SEC_DERA_SUB_2024Q1,FED_SEC_DERA_SUB_2024Q3,CIK,STEEL,CIK,CIK,4934,5506,6008,89.6
FED_SEC_DERA_SUB_2024Q1,FED_SEC_DERA_SUB_2024Q3,EIN,STEEL,EIN,EIN,3960,4238,4686,93.4
FED_SEC_DERA_SUB_2024Q1,FED_SEC_DERA_SUB_2024Q4,CIK,STEEL,CIK,CIK,4739,5506,5833,86.1
FED_SEC_DERA_SUB_2024Q1,FED_SEC_DERA_SUB_2024Q4,EIN,STEEL,EIN,EIN,3906,4238,4663,92.2
FED_SEC_DERA_SUB_2024Q1,FED_SEC_DERA_SUB_2025Q1,CIK,STEEL,CIK,CIK,4872,5506,5672,88.5
FED_SEC_DERA_SUB_2024Q1,FED_SEC_DERA_SUB_2025Q1,EIN,STEEL,EIN,EIN,3798,4238,4305,89.6
FED_SEC_DERA_SUB_2024Q1,FED_SEC_DERA_SUB_2025Q2,CIK,STEEL,CIK,CIK,4548,5506,6081,82.6
FED_SEC_DERA_SUB_2024Q1,FED_SEC_DERA_SUB_2025Q2,EIN,STEEL,EIN,EIN,3732,4238,4508,88.1
FED_SEC_DERA_SUB_2024Q1,FED_SEC_DERA_SUB_2025Q3,CIK,STEEL,CIK,CIK,4581,5506,5909,83.2
FED_SEC_DERA_SUB_2024Q1,FED_SEC_DERA_SUB_2025Q3,EIN,STEEL,EIN,EIN,3686,4238,4494,87.0
FED_SEC_DERA_SUB_2024Q1,FED_SEC_DERA_SUB_2025Q4,CIK,STEEL,CIK,CIK,4394,5506,5786,79.8
FED_SEC_DERA_SUB_2024Q1,FED_SEC_DERA_SUB_2025Q4,EIN,STEEL,EIN,EIN,3632,4238,4501,85.7
FED_SEC_DERA_SUB_2024Q1,FED_SEC_DERA_SUB_2026Q1,CIK,STEEL,CIK,CIK,4495,5506,5750,81.6
FED_SEC_DERA_SUB_2024Q1,FED_SEC_DERA_SUB_2026Q1,EIN,STEEL,EIN,EIN,3515,4238,4236,83.0
FED_SEC_DERA_SUB_2024Q1,FED_SEC_EDGAR_COMPANY_TICKERS,CIK,STEEL,CIK,CIK_STR,4438,5506,8018,80.6
FED_SEC_DERA_SUB_2024Q1,FED_SEC_EDGAR_FINANCIALS,CIK,STEEL,CIK,CIK,5506,5506,8112,100.0
FED_SEC_DERA_SUB_2024Q1,FED_SEC_EDGAR_FINANCIALS,EIN,STEEL,EIN,EIN,4238,4238,5771,100.0
FED_SEC_DERA_SUB_2024Q1,FED_SEC_EDGAR_INSIDERS,CIK,STEEL,CIK,CIK,3697,5506,5306,69.7
FED_SEC_DERA_SUB_2024Q1,FED_SEC_INSIDER_REPORTINGOWNER,CIK,STEEL,CIK,RPTOWNERCIK,535,5506,138006,9.7
FED_SEC_DERA_SUB_2024Q1,IRS527_8871_ORGS,EIN,STEEL,EIN,EIN,5,4238,58915,0.1
FED_SEC_DERA_SUB_2024Q1,IRS527_DIRECTORS_OFFICERS,EIN,STEEL,EIN,EIN,5,4238,58881,0.1
FED_SEC_DERA_SUB_2024Q2,FED_SEC_DERA_SUB_2024Q3,CIK,STEEL,CIK,CIK,5522,6250,6008,91.9
FED_SEC_DERA_SUB_2024Q2,FED_SEC_DERA_SUB_2024Q3,EIN,STEEL,EIN,EIN,4480,4744,4686,95.6
FED_SEC_DERA_SUB_2024Q2,FED_SEC_DERA_SUB_2024Q4,CIK,STEEL,CIK,CIK,5415,6250,5833,92.8
FED_SEC_DERA_SUB_2024Q2,FED_SEC_DERA_SUB_2024Q4,EIN,STEEL,EIN,EIN,4424,4744,4663,94.9
FED_SEC_DERA_SUB_2024Q2,FED_SEC_DERA_SUB_2025Q1,CIK,STEEL,CIK,CIK,4934,6250,5672,87.0
FED_SEC_DERA_SUB_2024Q2,FED_SEC_DERA_SUB_2025Q1,EIN,STEEL,EIN,EIN,4029,4744,4305,93.6
FED_SEC_DERA_SUB_2024Q2,FED_SEC_DERA_SUB_2025Q2,CIK,STEEL,CIK,CIK,5488,6250,6081,90.2
FED_SEC_DERA_SUB_2024Q2,FED_SEC_DERA_SUB_2025Q2,EIN,STEEL,EIN,EIN,4241,4744,4508,94.1
FED_SEC_DERA_SUB_2024Q2,FED_SEC_DERA_SUB_2025Q3,CIK,STEEL,CIK,CIK,5052,6250,5909,85.5
FED_SEC_DERA_SUB_2024Q2,FED_SEC_DERA_SUB_2025Q3,EIN,STEEL,EIN,EIN,4109,4744,4494,91.4
FED_SEC_DERA_SUB_2024Q2,FED_SEC_DERA_SUB_2025Q4,CIK,STEEL,CIK,CIK,4930,6250,5786,85.2
FED_SEC_DERA_SUB_2024Q2,FED_SEC_DERA_SUB_2025Q4,EIN,STEEL,EIN,EIN,4054,4744,4501,90.1
FED_SEC_DERA_SUB_2024Q2,FED_SEC_DERA_SUB_2026Q1,CIK,STEEL,CIK,CIK,4561,6250,5750,79.3
FED_SEC_DERA_SUB_2024Q2,FED_SEC_DERA_SUB_2026Q1,EIN,STEEL,EIN,EIN,3740,4744,4236,88.3
FED_SEC_DERA_SUB_2024Q2,FED_SEC_EDGAR_COMPANY_TICKERS,CIK,STEEL,CIK,CIK_STR,4985,6250,8018,79.8
FED_SEC_DERA_SUB_2024Q2,FED_SEC_EDGAR_FINANCIALS,CIK,STEEL,CIK,CIK,6250,6250,8112,100.0
FED_SEC_DERA_SUB_2024Q2,FED_SEC_EDGAR_FINANCIALS,EIN,STEEL,EIN,EIN,4744,4744,5771,100.0
FED_SEC_DERA_SUB_2024Q2,FED_SEC_EDGAR_INSIDERS,CIK,STEEL,CIK,CIK,4089,6250,5306,77.1
FED_SEC_DERA_SUB_2024Q2,FED_SEC_INSIDER_REPORTINGOWNER,CIK,STEEL,CIK,RPTOWNERCIK,544,6250,138006,8.7
FED_SEC_DERA_SUB_2024Q2,IRS527_8871_ORGS,EIN,STEEL,EIN,EIN,5,4744,58915,0.1
FED_SEC_DERA_SUB_2024Q2,IRS527_DIRECTORS_OFFICERS,EIN,STEEL,EIN,EIN,5,4744,58881,0.1
FED_SEC_DERA_SUB_2024Q3,FED_SEC_DERA_SUB_2024Q4,CIK,STEEL,CIK,CIK,5457,6008,5833,93.6
FED_SEC_DERA_SUB_2024Q3,FED_SEC_DERA_SUB_2024Q4,EIN,STEEL,EIN,EIN,4471,4686,4663,95.9
FED_SEC_DERA_SUB_2024Q3,FED_SEC_DERA_SUB_2025Q1,CIK,STEEL,CIK,CIK,5099,6008,5672,89.9
FED_SEC_DERA_SUB_2024Q3,FED_SEC_DERA_SUB_2025Q1,EIN,STEEL,EIN,EIN,4072,4686,4305,94.6
FED_SEC_DERA_SUB_2024Q3,FED_SEC_DERA_SUB_2025Q2,CIK,STEEL,CIK,CIK,5233,6008,6081,87.1
FED_SEC_DERA_SUB_2024Q3,FED_SEC_DERA_SUB_2025Q2,EIN,STEEL,EIN,EIN,4226,4686,4508,93.7
FED_SEC_DERA_SUB_2024Q3,FED_SEC_DERA_SUB_2025Q3,CIK,STEEL,CIK,CIK,5322,6008,5909,90.1
FED_SEC_DERA_SUB_2024Q3,FED_SEC_DERA_SUB_2025Q3,EIN,STEEL,EIN,EIN,4211,4686,4494,93.7
FED_SEC_DERA_SUB_2024Q3,FED_SEC_DERA_SUB_2025Q4,CIK,STEEL,CIK,CIK,4984,6008,5786,86.1
FED_SEC_DERA_SUB_2024Q3,FED_SEC_DERA_SUB_2025Q4,EIN,STEEL,EIN,EIN,4102,4686,4501,91.1
FED_SEC_DERA_SUB_2024Q3,FED_SEC_DERA_SUB_2026Q1,CIK,STEEL,CIK,CIK,4717,6008,5750,82.0
FED_SEC_DERA_SUB_2024Q3,FED_SEC_DERA_SUB_2026Q1,EIN,STEEL,EIN,EIN,3781,4686,4236,89.3
FED_SEC_DERA_SUB_2024Q3,FED_SEC_EDGAR_COMPANY_TICKERS,CIK,STEEL,CIK,CIK_STR,4883,6008,8018,81.3
FED_SEC_DERA_SUB_2024Q3,FED_SEC_EDGAR_FINANCIALS,CIK,STEEL,CIK,CIK,6008,6008,8112,100.0
FED_SEC_DERA_SUB_2024Q3,FED_SEC_EDGAR_FINANCIALS,EIN,STEEL,EIN,EIN,4686,4686,5771,100.0
FED_SEC_DERA_SUB_2024Q3,FED_SEC_EDGAR_INSIDERS,CIK,STEEL,CIK,CIK,3985,6008,5306,75.1
FED_SEC_DERA_SUB_2024Q3,FED_SEC_INSIDER_REPORTINGOWNER,CIK,STEEL,CIK,RPTOWNERCIK,546,6008,138006,9.1
FED_SEC_DERA_SUB_2024Q3,IRS527_8871_ORGS,EIN,STEEL,EIN,EIN,5,4686,58915,0.1
FED_SEC_DERA_SUB_2024Q3,IRS527_DIRECTORS_OFFICERS,EIN,STEEL,EIN,EIN,5,4686,58881,0.1
FED_SEC_DERA_SUB_2024Q4,FED_SEC_DERA_SUB_2025Q1,CIK,STEEL,CIK,CIK,5046,5833,5672,89.0
FED_SEC_DERA_SUB_2024Q4,FED_SEC_DERA_SUB_2025Q1,EIN,STEEL,EIN,EIN,4133,4663,4305,96.0
FED_SEC_DERA_SUB_2024Q4,FED_SEC_DERA_SUB_2025Q2,CIK,STEEL,CIK,CIK,5324,5833,6081,91.3
FED_SEC_DERA_SUB_2024Q4,FED_SEC_DERA_SUB_2025Q2,EIN,STEEL,EIN,EIN,4309,4663,4508,95.6
FED_SEC_DERA_SUB_2024Q4,FED_SEC_DERA_SUB_2025Q3,CIK,STEEL,CIK,CIK,5168,5833,5909,88.6
FED_SEC_DERA_SUB_2024Q4,FED_SEC_DERA_SUB_2025Q3,EIN,STEEL,EIN,EIN,4234,4663,4494,94.2
FED_SEC_DERA_SUB_2024Q4,FED_SEC_DERA_SUB_2025Q4,CIK,STEEL,CIK,CIK,5173,5833,5786,89.4
FED_SEC_DERA_SUB_2024Q4,FED_SEC_DERA_SUB_2025Q4,EIN,STEEL,EIN,EIN,4206,4663,4501,93.4
FED_SEC_DERA_SUB_2024Q4,FED_SEC_DERA_SUB_2026Q1,CIK,STEEL,CIK,CIK,4649,5833,5750,80.9
FED_SEC_DERA_SUB_2024Q4,FED_SEC_DERA_SUB_2026Q1,EIN,STEEL,EIN,EIN,3831,4663,4236,90.4
FED_SEC_DERA_SUB_2024Q4,FED_SEC_EDGAR_COMPANY_TICKERS,CIK,STEEL,CIK,CIK_STR,4822,5833,8018,82.7
FED_SEC_DERA_SUB_2024Q4,FED_SEC_EDGAR_FINANCIALS,CIK,STEEL,CIK,CIK,5833,5833,8112,100.0
FED_SEC_DERA_SUB_2024Q4,FED_SEC_EDGAR_FINANCIALS,EIN,STEEL,EIN,EIN,4663,4663,5771,100.0
FED_SEC_DERA_SUB_2024Q4,FED_SEC_EDGAR_INSIDERS,CIK,STEEL,CIK,CIK,3935,5833,5306,74.2
FED_SEC_DERA_SUB_2024Q4,FED_SEC_INSIDER_REPORTINGOWNER,CIK,STEEL,CIK,RPTOWNERCIK,526,5833,138006,9.0
FED_SEC_DERA_SUB_2024Q4,IRS527_8871_ORGS,EIN,STEEL,EIN,EIN,5,4663,58915,0.1
FED_SEC_DERA_SUB_2024Q4,IRS527_DIRECTORS_OFFICERS,EIN,STEEL,EIN,EIN,5,4663,58881,0.1
FED_SEC_DERA_SUB_2025Q1,FED_SEC_DERA_SUB_2025Q2,CIK,STEEL,CIK,CIK,5039,5672,6081,88.8
FED_SEC_DERA_SUB_2025Q1,FED_SEC_DERA_SUB_2025Q2,EIN,STEEL,EIN,EIN,4097,4305,4508,95.2
FED_SEC_DERA_SUB_2025Q1,FED_SEC_DERA_SUB_2025Q3,CIK,STEEL,CIK,CIK,5084,5672,5909,89.6
FED_SEC_DERA_SUB_2025Q1,FED_SEC_DERA_SUB_2025Q3,EIN,STEEL,EIN,EIN,4035,4305,4494,93.7
FED_SEC_DERA_SUB_2025Q1,FED_SEC_DERA_SUB_2025Q4,CIK,STEEL,CIK,CIK,4867,5672,5786,85.8
FED_SEC_DERA_SUB_2025Q1,FED_SEC_DERA_SUB_2025Q4,EIN,STEEL,EIN,EIN,3970,4305,4501,92.2
FED_SEC_DERA_SUB_2025Q1,FED_SEC_DERA_SUB_2026Q1,CIK,STEEL,CIK,CIK,4958,5672,5750,87.4
FED_SEC_DERA_SUB_2025Q1,FED_SEC_DERA_SUB_2026Q1,EIN,STEEL,EIN,EIN,3815,4305,4236,90.1
FED_SEC_DERA_SUB_2025Q1,FED_SEC_EDGAR_COMPANY_TICKERS,CIK,STEEL,CIK,CIK_STR,4887,5672,8018,86.2
FED_SEC_DERA_SUB_2025Q1,FED_SEC_EDGAR_FINANCIALS,CIK,STEEL,CIK,CIK,5581,5672,8112,98.4
FED_SEC_DERA_SUB_2025Q1,FED_SEC_EDGAR_FINANCIALS,EIN,STEEL,EIN,EIN,4268,4305,5771,99.1
FED_SEC_DERA_SUB_2025Q1,FED_SEC_EDGAR_INSIDERS,CIK,STEEL,CIK,CIK,3996,5672,5306,75.3
FED_SEC_DERA_SUB_2025Q1,FED_SEC_INSIDER_REPORTINGOWNER,CIK,STEEL,CIK,RPTOWNERCIK,527,5672,138006,9.3
FED_SEC_DERA_SUB_2025Q1,IRS527_8871_ORGS,EIN,STEEL,EIN,EIN,5,4305,58915,0.1
FED_SEC_DERA_SUB_2025Q1,IRS527_DIRECTORS_OFFICERS,EIN,STEEL,EIN,EIN,5,4305,58881,0.1
FED_SEC_DERA_SUB_2025Q2,FED_SEC_DERA_SUB_2025Q3,CIK,STEEL,CIK,CIK,5399,6081,5909,91.4
FED_SEC_DERA_SUB_2025Q2,FED_SEC_DERA_SUB_2025Q3,EIN,STEEL,EIN,EIN,4305,4508,4494,95.8
FED_SEC_DERA_SUB_2025Q2,FED_SEC_DERA_SUB_2025Q4,CIK,STEEL,CIK,CIK,5310,6081,5786,91.8
FED_SEC_DERA_SUB_2025Q2,FED_SEC_DERA_SUB_2025Q4,EIN,STEEL,EIN,EIN,4243,4508,4501,94.3
FED_SEC_DERA_SUB_2025Q2,FED_SEC_DERA_SUB_2026Q1,CIK,STEEL,CIK,CIK,4833,6081,5750,84.1
FED_SEC_DERA_SUB_2025Q2,FED_SEC_DERA_SUB_2026Q1,EIN,STEEL,EIN,EIN,3883,4508,4236,91.7
FED_SEC_DERA_SUB_2025Q2,FED_SEC_EDGAR_COMPANY_TICKERS,CIK,STEEL,CIK,CIK_STR,5297,6081,8018,87.1
FED_SEC_DERA_SUB_2025Q2,FED_SEC_EDGAR_FINANCIALS,CIK,STEEL,CIK,CIK,5841,6081,8112,96.1
FED_SEC_DERA_SUB_2025Q2,FED_SEC_EDGAR_FINANCIALS,EIN,STEEL,EIN,EIN,4416,4508,5771,98.0
FED_SEC_DERA_SUB_2025Q2,FED_SEC_EDGAR_INSIDERS,CIK,STEEL,CIK,CIK,4305,6081,5306,81.1
FED_SEC_DERA_SUB_2025Q2,FED_SEC_INSIDER_REPORTINGOWNER,CIK,STEEL,CIK,RPTOWNERCIK,521,6081,138006,8.6
FED_SEC_DERA_SUB_2025Q2,IRS527_8871_ORGS,EIN,STEEL,EIN,EIN,5,4508,58915,0.1
FED_SEC_DERA_SUB_2025Q2,IRS527_DIRECTORS_OFFICERS,EIN,STEEL,EIN,EIN,5,4508,58881,0.1
FED_SEC_DERA_SUB_2025Q3,FED_SEC_DERA_SUB_2025Q4,CIK,STEEL,CIK,CIK,5350,5909,5786,92.5
FED_SEC_DERA_SUB_2025Q3,FED_SEC_DERA_SUB_2025Q4,EIN,STEEL,EIN,EIN,4320,4494,4501,96.1
FED_SEC_DERA_SUB_2025Q3,FED_SEC_DERA_SUB_2026Q1,CIK,STEEL,CIK,CIK,5066,5909,5750,88.1
FED_SEC_DERA_SUB_2025Q3,FED_SEC_DERA_SUB_2026Q1,EIN,STEEL,EIN,EIN,3967,4494,4236,93.6
FED_SEC_DERA_SUB_2025Q3,FED_SEC_EDGAR_COMPANY_TICKERS,CIK,STEEL,CIK,CIK_STR,5230,5909,8018,88.5
FED_SEC_DERA_SUB_2025Q3,FED_SEC_EDGAR_FINANCIALS,CIK,STEEL,CIK,CIK,5571,5909,8112,94.3
FED_SEC_DERA_SUB_2025Q3,FED_SEC_EDGAR_FINANCIALS,EIN,STEEL,EIN,EIN,4346,4494,5771,96.7
FED_SEC_DERA_SUB_2025Q3,FED_SEC_EDGAR_INSIDERS,CIK,STEEL,CIK,CIK,4205,5909,5306,79.2
FED_SEC_DERA_SUB_2025Q3,FED_SEC_INSIDER_REPORTINGOWNER,CIK,STEEL,CIK,RPTOWNERCIK,518,5909,138006,8.8
FED_SEC_DERA_SUB_2025Q3,IRS527_8871_ORGS,EIN,STEEL,EIN,EIN,5,4494,58915,0.1
FED_SEC_DERA_SUB_2025Q3,IRS527_DIRECTORS_OFFICERS,EIN,STEEL,EIN,EIN,5,4494,58881,0.1
FED_SEC_DERA_SUB_2025Q4,FED_SEC_DERA_SUB_2026Q1,CIK,STEEL,CIK,CIK,5050,5786,5750,87.8
FED_SEC_DERA_SUB_2025Q4,FED_SEC_DERA_SUB_2026Q1,EIN,STEEL,EIN,EIN,4049,4501,4236,95.6
FED_SEC_DERA_SUB_2025Q4,FED_SEC_EDGAR_COMPANY_TICKERS,CIK,STEEL,CIK,CIK_STR,5188,5786,8018,89.7
FED_SEC_DERA_SUB_2025Q4,FED_SEC_EDGAR_FINANCIALS,CIK,STEEL,CIK,CIK,5318,5786,8112,91.9
FED_SEC_DERA_SUB_2025Q4,FED_SEC_EDGAR_FINANCIALS,EIN,STEEL,EIN,EIN,4270,4501,5771,94.9
FED_SEC_DERA_SUB_2025Q4,FED_SEC_EDGAR_INSIDERS,CIK,STEEL,CIK,CIK,4158,5786,5306,78.4
FED_SEC_DERA_SUB_2025Q4,FED_SEC_INSIDER_REPORTINGOWNER,CIK,STEEL,CIK,RPTOWNERCIK,498,5786,138006,8.6
FED_SEC_DERA_SUB_2025Q4,IRS527_8871_ORGS,EIN,STEEL,EIN,EIN,5,4501,58915,0.1
FED_SEC_DERA_SUB_2025Q4,IRS527_DIRECTORS_OFFICERS,EIN,STEEL,EIN,EIN,5,4501,58881,0.1
FED_SEC_DERA_SUB_2026Q1,FED_SEC_EDGAR_COMPANY_TICKERS,CIK,STEEL,CIK,CIK_STR,5274,5750,8018,91.7
FED_SEC_DERA_SUB_2026Q1,FED_SEC_EDGAR_FINANCIALS,CIK,STEEL,CIK,CIK,5158,5750,8112,89.7
FED_SEC_DERA_SUB_2026Q1,FED_SEC_EDGAR_FINANCIALS,EIN,STEEL,EIN,EIN,3953,4236,5771,93.3
FED_SEC_DERA_SUB_2026Q1,FED_SEC_EDGAR_INSIDERS,CIK,STEEL,CIK,CIK,4217,5750,5306,79.5
FED_SEC_DERA_SUB_2026Q1,FED_SEC_INSIDER_REPORTINGOWNER,CIK,STEEL,CIK,RPTOWNERCIK,507,5750,138006,8.8
FED_SEC_DERA_SUB_2026Q1,IRS527_8871_ORGS,EIN,STEEL,EIN,EIN,5,4236,58915,0.1
FED_SEC_DERA_SUB_2026Q1,IRS527_DIRECTORS_OFFICERS,EIN,STEEL,EIN,EIN,5,4236,58881,0.1
FED_SEC_EDGAR_COMPANY_TICKERS,FED_SEC_EDGAR_FINANCIALS,CIK,STEEL,CIK_STR,CIK,5779,8018,8112,72.1
FED_SEC_EDGAR_COMPANY_TICKERS,FED_SEC_EDGAR_INSIDERS,CIK,STEEL,CIK_STR,CIK,4915,8018,5306,92.6
FED_SEC_EDGAR_COMPANY_TICKERS,FED_SEC_INSIDER_REPORTINGOWNER,CIK,STEEL,CIK_STR,RPTOWNERCIK,550,8018,138006,6.9
FED_SEC_EDGAR_COMPANY_TICKERS,IRS527_8871_ORGS,CIK~EIN,BRIDGE,,,5,8018,58915,0.1
FED_SEC_EDGAR_COMPANY_TICKERS,IRS527_DIRECTORS_OFFICERS,CIK~EIN,BRIDGE,,,5,8018,58881,0.1
FED_SEC_EDGAR_FINANCIALS,FED_SEC_EDGAR_INSIDERS,CIK,STEEL,CIK,CIK,4478,8112,5306,84.4
FED_SEC_EDGAR_FINANCIALS,FED_SEC_INSIDER_REPORTINGOWNER,CIK,STEEL,CIK,RPTOWNERCIK,626,8112,138006,7.7
FED_SEC_EDGAR_FINANCIALS,IRS527_8871_ORGS,EIN,STEEL,EIN,EIN,5,5771,58915,0.1
FED_SEC_EDGAR_FINANCIALS,IRS527_DIRECTORS_OFFICERS,EIN,STEEL,EIN,EIN,5,5771,58881,0.1
FED_SEC_EDGAR_INSIDERS,FED_SEC_INSIDER_REPORTINGOWNER,CIK,STEEL,CIK,RPTOWNERCIK,463,5306,138006,8.7
FED_SEC_EDGAR_INSIDERS,IRS527_8871_ORGS,CIK~EIN,BRIDGE,,,4,5306,58915,0.1
FED_SEC_EDGAR_INSIDERS,IRS527_DIRECTORS_OFFICERS,CIK~EIN,BRIDGE,,,4,5306,58881,0.1
FED_SEC_INVESTMENT_COMPANY_SERIES_CLASS,FED_SEC_MONEY_MARKET_FUND_INFORMATION,CIK,STEEL,CIK_NUMBER,REGISTRANT_CIK,175,2046,176,99.4
FED_USASPENDING_ASSISTANCE_FULL,FED_USASPENDING_CONTRACTS,UEI,STEEL,recipient_uei,RECIPIENT_UEI,9313,223721,92833,10.0
FED_USASPENDING_ASSISTANCE_FULL,IRS527_8871_ORGS,EIN~UEI,BRIDGE,,,27,223721,58915,0.0
FED_USASPENDING_ASSISTANCE_FULL,IRS527_DIRECTORS_OFFICERS,EIN~UEI,BRIDGE,,,27,223721,58881,0.0
FED_USASPENDING_ASSISTANCE_FULL,IRS527_RELATED_ENTITIES,EIN~UEI,BRIDGE,,,3,223721,8979,0.0
FED_USASPENDING_CONTRACTS,FED_USCG_NRC_INCIDENTS,NAME@ZIP,CORROBORATED,RECIPIENT_NAME+RECIPIENT_ZIP_4_CODE,RESPONSIBLE_COMPANY+RESPONSIBLE_ZIP,969,91616,93650,1.1
FED_USASPENDING_CONTRACTS,FED_USCG_NRC_INCIDENT_REPORTS,NAME@ZIP,CORROBORATED,RECIPIENT_NAME+RECIPIENT_ZIP_4_CODE,RESPONSIBLE_COMPANY+RESPONSIBLE_ZIP,358,91616,15011,2.4
FED_USASPENDING_CONTRACTS,IRS527_8871_ORGS,NAME@ZIP,CORROBORATED,RECIPIENT_NAME+RECIPIENT_ZIP_4_CODE,ORGANIZATION_NAME+MAILING_ZIP,21,91616,62076,0.0
FED_USASPENDING_CONTRACTS,IRS527_DIRECTORS_OFFICERS,EIN~UEI,BRIDGE,,,4,92833,58881,0.0
FED_USASPENDING_CONTRACTS,IRS527_RELATED_ENTITIES,NAME@ZIP,CORROBORATED,RECIPIENT_NAME+RECIPIENT_ZIP_4_CODE,ENTITY_NAME+ENTITY_ZIP,94,91616,11739,0.8
FED_USASPENDING_CONTRACTS,ST_NYC_CFB_CAMPAIGN_2001_CONTRIBUTION,NAME@ZIP,CORROBORATED,RECIPIENT_NAME+RECIPIENT_ZIP_4_CODE,NAME+ZIP,8,91616,120204,0.0
FED_USASPENDING_CONTRACTS,ST_NYC_CFB_CAMPAIGN_2013_CONTRIBUTION,NAME@ZIP,CORROBORATED,RECIPIENT_NAME+RECIPIENT_ZIP_4_CODE,NAME+ZIP,7,91616,124226,0.0
FED_USASPENDING_CONTRACTS,ST_NYC_CFB_CAMPAIGN_2021_CONTRIBUTIONS,NAME@ZIP,CORROBORATED,RECIPIENT_NAME+RECIPIENT_ZIP_4_CODE,NAME+ZIP,5,91616,236829,0.0
FED_USASPENDING_CONTRACTS,ST_NYC_CFB_CAMPAIGN_2025_CONTRIBUTIONS,NAME@ZIP,CORROBORATED,RECIPIENT_NAME+RECIPIENT_ZIP_4_CODE,NAME+ZIP,9,91616,151248,0.0
FED_USCG_NRC_INCIDENTS,FED_USCG_NRC_INCIDENT_REPORTS,NAME@ZIP,CORROBORATED,RESPONSIBLE_COMPANY+RESPONSIBLE_ZIP,RESPONSIBLE_COMPANY+RESPONSIBLE_ZIP,15007,93650,15011,100.0
FED_USCG_NRC_INCIDENTS,IRS527_RELATED_ENTITIES,NAME@ZIP,CORROBORATED,RESPONSIBLE_COMPANY+RESPONSIBLE_ZIP,ENTITY_NAME+ENTITY_ZIP,80,93650,11739,0.7
FED_USCG_NRC_INCIDENTS,ST_NYC_CFB_CAMPAIGN_2001_CONTRIBUTION,NAME@ZIP,CORROBORATED,RESPONSIBLE_COMPANY+RESPONSIBLE_ZIP,NAME+ZIP,5,93650,120204,0.0
FED_USCG_NRC_INCIDENT_REPORTS,IRS527_RELATED_ENTITIES,NAME@ZIP,CORROBORATED,RESPONSIBLE_COMPANY+RESPONSIBLE_ZIP,ENTITY_NAME+ENTITY_ZIP,36,15011,11739,0.3
FED_USDA_RD_MFH_ACTIVE_PROJECTS,FED_MAPPING_INEQUALITY,GEO_IN,GEO,LATITUDE/LONGITUDE,GEOMETRY,46,12965,10153,0.4
FED_USDA_RD_MFH_ACTIVE_PROJECTS,FED_NOAA_WEATHER_API,GEO_IN,GEO,LATITUDE/LONGITUDE,GEOMETRY,32,12965,31,0.2
FED_USDA_RD_MFH_ACTIVE_PROJECTS,INTL_FR_DATA_GOUV_FULL,GEO_IN,GEO,LATITUDE/LONGITUDE,SPATIAL_GEOM,12965,12965,48093,100.0
FED_USDA_RD_MFH_ACTIVE_PROJECTS,XC_VERA_INCARCERATION_TRENDS,FIPS,GEO,STATE_COUNTY_FIPS_CODE,COUNTY_FIPS,2666,2725,3075,97.8
FED_VOTEVIEW_MEMBERS,FED_VOTEVIEW_ROLLCALLS,ICPSR,STEEL,ICPSR,ICPSR,639,12677,639,100.0
INTL_GLEIF,INTL_GLEIF_REPEX,LEI,STEEL,LEI,LEI,3142422,3382301,3169671,99.1
INTL_GLEIF,INTL_ISO_MIC_REGISTRY,LEI,STEEL,LEI,LEI,1059,3382301,1060,99.9
INTL_GLEIF,XC_EPA_CORPORATE_CROSSWALK,LEI,STEEL,LEI,MATCHED_LEI,22743,3382301,22743,100.0
INTL_GLEIF_REPEX,INTL_ISO_MIC_REGISTRY,LEI,STEEL,LEI,LEI,609,3169671,1060,57.5
INTL_GLEIF_REPEX,XC_EPA_CORPORATE_CROSSWALK,LEI,STEEL,LEI,MATCHED_LEI,17861,3169671,22743,78.5
INTL_ISO_MIC_REGISTRY,XC_EPA_CORPORATE_CROSSWALK,LEI,STEEL,LEI,MATCHED_LEI,6,1060,22743,0.6
INTL_NTI_CNS_DPRK_MISSILE_TESTS,INTL_FR_DATA_GOUV_FULL,GEO_IN,GEO,FACILITY_LATITUDE/FACILITY_LONGITUDE,SPATIAL_GEOM,47,47,48093,100.0
INT_UK_COMPANIES_HOUSE,UK_COMPANIES_HOUSE_PSC,COMPANY_NO,STEEL,CompanyNumber,COMPANY_NUMBER,5582726,5734779,10825858,97.3
IRS527_8871_ORGS,IRS527_8872_REPORTS,EIN,STEEL,EIN,EIN,3940,58915,4150,94.9
IRS527_8871_ORGS,IRS527_8872_REPORTS,NAME@ZIP,CORROBORATED,ORGANIZATION_NAME+MAILING_ZIP,CONTACT_NAME+CONTACT_ZIP,5,62076,5651,0.1
IRS527_8871_ORGS,IRS527_DIRECTORS_OFFICERS,EIN,STEEL,EIN,EIN,58881,58915,58881,100.0
IRS527_8871_ORGS,IRS527_DIRECTORS_OFFICERS,NAME@ZIP,CORROBORATED,ORGANIZATION_NAME+MAILING_ZIP,ENTITY_NAME+ENTITY_ZIP,320,62076,118803,0.5
IRS527_8871_ORGS,IRS527_RELATED_ENTITIES,EIN,STEEL,EIN,EIN,8979,58915,8979,100.0
IRS527_8871_ORGS,IRS527_RELATED_ENTITIES,NAME@ZIP,CORROBORATED,ORGANIZATION_NAME+MAILING_ZIP,ENTITY_NAME+ENTITY_ZIP,1200,62076,11739,10.2
IRS527_8871_ORGS,ST_NYC_CFB_CAMPAIGN_2001_CONTRIBUTION,NAME@ZIP,CORROBORATED,ORGANIZATION_NAME+MAILING_ZIP,NAME+ZIP,26,62076,120204,0.0
IRS527_8871_ORGS,ST_NYC_CFB_CAMPAIGN_2009_CONTRIBUTION,NAME@ZIP,CORROBORATED,ORGANIZATION_NAME+MAILING_ZIP,NAME+ZIP,25,62076,93773,0.0
IRS527_8871_ORGS,ST_NYC_CFB_CAMPAIGN_2013_CONTRIBUTION,NAME@ZIP,CORROBORATED,ORGANIZATION_NAME+MAILING_ZIP,NAME+ZIP,33,62076,124226,0.1
IRS527_8871_ORGS,ST_NYC_CFB_CAMPAIGN_2021_CONTRIBUTIONS,NAME@ZIP,CORROBORATED,ORGANIZATION_NAME+MAILING_ZIP,NAME+ZIP,21,62076,236829,0.0
IRS527_8871_ORGS,ST_NYC_CFB_CAMPAIGN_2025_CONTRIBUTIONS,NAME@ZIP,CORROBORATED,ORGANIZATION_NAME+MAILING_ZIP,NAME+ZIP,25,62076,151248,0.0
IRS527_8872_REPORTS,IRS527_DIRECTORS_OFFICERS,EIN,STEEL,EIN,EIN,3939,4150,58881,94.9
IRS527_8872_REPORTS,IRS527_DIRECTORS_OFFICERS,NAME@ZIP,CORROBORATED,CONTACT_NAME+CONTACT_ZIP,ENTITY_NAME+ENTITY_ZIP,3163,5651,118803,56.0
IRS527_8872_REPORTS,IRS527_RELATED_ENTITIES,EIN,STEEL,EIN,EIN,1009,4150,8979,24.3
IRS527_8872_REPORTS,ST_NYC_CFB_CAMPAIGN_2001_CONTRIBUTION,NAME@ZIP,CORROBORATED,CONTACT_NAME+CONTACT_ZIP,NAME+ZIP,7,5651,120204,0.1
IRS527_8872_REPORTS,ST_NYC_CFB_CAMPAIGN_2009_CONTRIBUTION,NAME@ZIP,CORROBORATED,CONTACT_NAME+CONTACT_ZIP,NAME+ZIP,7,5651,93773,0.1
IRS527_8872_REPORTS,ST_NYC_CFB_CAMPAIGN_2013_CONTRIBUTION,NAME@ZIP,CORROBORATED,CONTACT_NAME+CONTACT_ZIP,NAME+ZIP,15,5651,124226,0.3
IRS527_8872_REPORTS,ST_NYC_CFB_CAMPAIGN_2021_CONTRIBUTIONS,NAME@ZIP,CORROBORATED,CONTACT_NAME+CONTACT_ZIP,NAME+ZIP,26,5651,236829,0.5
IRS527_8872_REPORTS,ST_NYC_CFB_CAMPAIGN_2025_CONTRIBUTIONS,NAME@ZIP,CORROBORATED,CONTACT_NAME+CONTACT_ZIP,NAME+ZIP,14,5651,151248,0.2
IRS527_DIRECTORS_OFFICERS,IRS527_RELATED_ENTITIES,EIN,STEEL,EIN,EIN,8977,58881,8979,100.0
IRS527_DIRECTORS_OFFICERS,IRS527_RELATED_ENTITIES,NAME@ZIP,CORROBORATED,ENTITY_NAME+ENTITY_ZIP,ENTITY_NAME+ENTITY_ZIP,197,118803,11739,1.7
IRS527_DIRECTORS_OFFICERS,ST_NYC_CFB_CAMPAIGN_2001_CONTRIBUTION,NAME@ZIP,CORROBORATED,ENTITY_NAME+ENTITY_ZIP,NAME+ZIP,168,118803,120204,0.1
IRS527_DIRECTORS_OFFICERS,ST_NYC_CFB_CAMPAIGN_2009_CONTRIBUTION,NAME@ZIP,CORROBORATED,ENTITY_NAME+ENTITY_ZIP,NAME+ZIP,175,118803,93773,0.2
IRS527_DIRECTORS_OFFICERS,ST_NYC_CFB_CAMPAIGN_2013_CONTRIBUTION,NAME@ZIP,CORROBORATED,ENTITY_NAME+ENTITY_ZIP,NAME+ZIP,244,118803,124226,0.2
IRS527_DIRECTORS_OFFICERS,ST_NYC_CFB_CAMPAIGN_2021_CONTRIBUTIONS,NAME@ZIP,CORROBORATED,ENTITY_NAME+ENTITY_ZIP,NAME+ZIP,387,118803,236829,0.3
IRS527_DIRECTORS_OFFICERS,ST_NYC_CFB_CAMPAIGN_2025_CONTRIBUTIONS,NAME@ZIP,CORROBORATED,ENTITY_NAME+ENTITY_ZIP,NAME+ZIP,285,118803,151248,0.2
IRS527_RELATED_ENTITIES,ST_NYC_CFB_CAMPAIGN_2001_CONTRIBUTION,NAME@ZIP,CORROBORATED,ENTITY_NAME+ENTITY_ZIP,NAME+ZIP,24,11739,120204,0.2
IRS527_RELATED_ENTITIES,ST_NYC_CFB_CAMPAIGN_2009_CONTRIBUTION,NAME@ZIP,CORROBORATED,ENTITY_NAME+ENTITY_ZIP,NAME+ZIP,27,11739,93773,0.2
IRS527_RELATED_ENTITIES,ST_NYC_CFB_CAMPAIGN_2013_CONTRIBUTION,NAME@ZIP,CORROBORATED,ENTITY_NAME+ENTITY_ZIP,NAME+ZIP,33,11739,124226,0.3
IRS527_RELATED_ENTITIES,ST_NYC_CFB_CAMPAIGN_2021_CONTRIBUTIONS,NAME@ZIP,CORROBORATED,ENTITY_NAME+ENTITY_ZIP,NAME+ZIP,13,11739,236829,0.1
IRS527_RELATED_ENTITIES,ST_NYC_CFB_CAMPAIGN_2025_CONTRIBUTIONS,NAME@ZIP,CORROBORATED,ENTITY_NAME+ENTITY_ZIP,NAME+ZIP,20,11739,151248,0.2
ST_NYC_CFB_CAMPAIGN_2001_CONTRIBUTION,ST_NYC_CFB_CAMPAIGN_2009_CONTRIBUTION,NAME@ZIP,CORROBORATED,NAME+ZIP,NAME+ZIP,10435,120204,93773,11.1
ST_NYC_CFB_CAMPAIGN_2001_CONTRIBUTION,ST_NYC_CFB_CAMPAIGN_2013_CONTRIBUTION,NAME@ZIP,CORROBORATED,NAME+ZIP,NAME+ZIP,9422,120204,124226,7.8
ST_NYC_CFB_CAMPAIGN_2001_CONTRIBUTION,ST_NYC_CFB_CAMPAIGN_2021_CONTRIBUTIONS,NAME@ZIP,CORROBORATED,NAME+ZIP,NAME+ZIP,5199,120204,236829,4.3
ST_NYC_CFB_CAMPAIGN_2001_CONTRIBUTION,ST_NYC_CFB_CAMPAIGN_2025_CONTRIBUTIONS,NAME@ZIP,CORROBORATED,NAME+ZIP,NAME+ZIP,2938,120204,151248,2.4
ST_NYC_CFB_CAMPAIGN_2009_CONTRIBUTION,ST_NYC_CFB_CAMPAIGN_2013_CONTRIBUTION,NAME@ZIP,CORROBORATED,NAME+ZIP,NAME+ZIP,16254,93773,124226,17.3
ST_NYC_CFB_CAMPAIGN_2009_CONTRIBUTION,ST_NYC_CFB_CAMPAIGN_2021_CONTRIBUTIONS,NAME@ZIP,CORROBORATED,NAME+ZIP,NAME+ZIP,8256,93773,236829,8.8
ST_NYC_CFB_CAMPAIGN_2009_CONTRIBUTION,ST_NYC_CFB_CAMPAIGN_2025_CONTRIBUTIONS,NAME@ZIP,CORROBORATED,NAME+ZIP,NAME+ZIP,4461,93773,151248,4.8
ST_NYC_CFB_CAMPAIGN_2013_CONTRIBUTION,ST_NYC_CFB_CAMPAIGN_2021_CONTRIBUTIONS,NAME@ZIP,CORROBORATED,NAME+ZIP,NAME+ZIP,15421,124226,236829,12.4
ST_NYC_CFB_CAMPAIGN_2013_CONTRIBUTION,ST_NYC_CFB_CAMPAIGN_2025_CONTRIBUTIONS,NAME@ZIP,CORROBORATED,NAME+ZIP,NAME+ZIP,8123,124226,151248,6.5
ST_NYC_CFB_CAMPAIGN_2021_CONTRIBUTIONS,ST_NYC_CFB_CAMPAIGN_2025_CONTRIBUTIONS,NAME@ZIP,CORROBORATED,NAME+ZIP,NAME+ZIP,28365,236829,151248,18.8
XC_MAPPING_POLICE_VIOLENCE,FED_MAPPING_INEQUALITY,GEO_IN,GEO,LATITUDE/LONGITUDE,GEOMETRY,2370,14101,10153,16.8
XC_MAPPING_POLICE_VIOLENCE,FED_NOAA_WEATHER_API,GEO_IN,GEO,LATITUDE/LONGITUDE,GEOMETRY,19,14101,31,0.1
XC_MAPPING_POLICE_VIOLENCE,INTL_FR_DATA_GOUV_FULL,GEO_IN,GEO,LATITUDE/LONGITUDE,SPATIAL_GEOM,14101,14101,48093,100.0
XC_WAPO_FATAL_FORCE,FED_MAPPING_INEQUALITY,GEO_IN,GEO,LATITUDE/LONGITUDE,GEOMETRY,1513,9226,10153,16.4
XC_WAPO_FATAL_FORCE,FED_NOAA_WEATHER_API,GEO_IN,GEO,LATITUDE/LONGITUDE,GEOMETRY,11,9226,31,0.1
XC_WAPO_FATAL_FORCE,INTL_FR_DATA_GOUV_FULL,GEO_IN,GEO,LATITUDE/LONGITUDE,SPATIAL_GEOM,9226,9226,48093,100.0
