database,schema,table,column,ordinal,data_type,is_nullable,key_label,tier,spine_wired,has_norm_rule,spine_entity_grain,total_rows,nonnull_after_norm,distinct_after_norm,sample_values,spine_wired_2026_08_24_late,wired_via
LIBRARY_RAW,LANDING,PORTAL_ARC_HARRIS_COUNTY_OP_6133483DE0,USER_USER_ZIP_C,106,TEXT,YES,ZIP,GEO,False,True,place,67,0,0,[''],False,
LIBRARY_RAW,LANDING,PORTAL_SOC_COLORADO_INFORMA_E80CA7800E,HUD_ZIPCODE,16,TEXT,YES,ZIP,GEO,False,True,place,2000,481,277,"['8640', '6811', '2122', '61554', '85086']",False,
LIBRARY_RAW,LANDING,FED_CMS_MEDICARE_PROVIDER,RNDRNG_PRVDR_ZIP5,12,TEXT,YES,ZIP,GEO,False,True,place,1296739,1296712,20947,"['43623', '20817', '44060', '75010', '34996']",True,landing
LIBRARY_RAW,LANDING,PORTAL_SOC_OREGON_OPEN_DATA_072D0C4A94,EMPLOYER_ZIP_CODE,31,TEXT,YES,ZIP,GEO,False,True,place,2000,1596,106,"['97844', '97867', 'Redacted', '97060', '97843']",False,
LIBRARY_RAW,LANDING,XC_UK_SANCTIONS_LIST,ADDRESS_COUNTRY,30,TEXT,YES,COUNTRY,GEO,False,True,place,57883,45698,106,"['Afghanistan', 'United Arab Emirates', 'Pakistan', 'Iran', '']",False,
LIBRARY_RAW,LANDING,FED_HRSA_SHORTAGE_AREAS,COMMON_POSTAL_CODE,26,TEXT,YES,ZIP,GEO,False,True,place,165531,22007,4969,"['96944', '96943', '', '96913', '96799']",False,
LIBRARY_RAW,LANDING,PORTAL_ARC_OPEN_DATA_DC_D359158BC8,PRIMARY_ZIP_CODE,5,TEXT,YES,ZIP,GEO,False,True,place,733,733,30,"['20016', '20005', '20010', '20037', '20011']",False,
LIBRARY_RAW,LANDING,PORTAL_ARC_TUCSON_OPEN_DATA_B64E31A541,ZIP,40,TEXT,YES,ZIP,GEO,False,True,place,798,798,94,"['85701', '85716', '85702', '27617', '85714']",False,
LIBRARY_RAW,LANDING,PORTAL_ARC_LA_COUNTY_OPEN_D_1EDD056661,CCN,8,TEXT,YES,CCN,STEEL,False,True,facility,2000,614,559,"['552614', '05C0002112', '551534', '050376', '551518']",True,sample
LIBRARY_RAW,LANDING,PORTAL_CKA_WPRDC_ALLEGHENY_DA448E7083,FACILITY_POSTAL_CODE,10,TEXT,YES,ZIP,GEO,False,True,place,1000,998,74,"['15108', '15017', '15051', '15136', '15120']",False,
LIBRARY_RAW,LANDING,FED_USASPENDING_BULK,RECIPIENT_COUNTRY_CODE,59,TEXT,YES,COUNTRY,GEO,False,True,place,50000,50000,88,"['FRA', 'USA', 'NLD', 'TZA', 'BEL']",True,landing
LIBRARY_RAW,LANDING,FED_CMS_OPEN_PAYMENTS_2023,APPLICABLE_MANUFACTURER_OR_APPLICABLE_GPO_MAKING_PAYMENT_COUNTRY,41,TEXT,YES,COUNTRY,GEO,False,True,place,14700786,14700786,34,"['Japan', 'Switzerland', 'Korea (Republic of)', 'United States', 'Canada']",True,landing
LIBRARY_RAW,LANDING,FED_USASPENDING_CONTRACTS_FULL,primary_place_of_performance_country_name,75,TEXT,YES,COUNTRY,GEO,False,True,place,20000000,19083244,262,"['JAPAN', 'UNITED KINGDOM', 'UNITED STATES', 'UNITED STATES OF AMERICA', 'GERMANY']",True,landing
LIBRARY_RAW,LANDING,PORTAL_ARC_TUCSON_OPEN_DATA_90CC86DC8C,DOCKET,36,TEXT,YES,DOCKET,STRONG,False,True,case,2000,2000,748,"['8015', '12167', '12857', '13461', '12201']",False,
LIBRARY_RAW,LANDING,FED_COURTLISTENER_JUDGES,DOB_COUNTRY,17,TEXT,YES,COUNTRY,GEO,False,True,place,16191,16185,63,"['Laos', 'Taiwan', 'Japan', 'Germany', 'Argentina']",True,landing
LIBRARY_RAW,LANDING,PORTAL_ARC_TUCSON_OPEN_DATA_0F83B7C628,COUNTRY,50,TEXT,YES,COUNTRY,GEO,False,True,place,142,0,0,[''],False,
LIBRARY_RAW,LANDING,UK_COMPANIES_HOUSE_PSC,COUNTRY_OF_RESIDENCE,9,TEXT,YES,COUNTRY,GEO,False,True,place,15804612,13756692,4300,"['Scotland', 'Italy', 'United Kingdom', 'England', 'Spain']",True,landing
LIBRARY_RAW,LANDING,FED_CMS_PART_D_PRESCRIBERS,NPI,1,TEXT,YES,NPI,STEEL,True,True,provider,1416883,1416883,1416883,"['1003000423', '1003009986', '1003003609', '1003007345', '1003012022']",True,landing
LIBRARY_RAW,LANDING,PORTAL_SOC_CONNECTICUT_OPEN_88B075D7AF,COUNTRY_FORMATION,16,TEXT,YES,COUNTRY,GEO,False,True,place,2000,2000,7,"['USA', 'SPAIN', 'DE', 'nan', 'United States']",False,
LIBRARY_RAW,LANDING,PORTAL_CKA_INDIANA_DATA_HUB_BA1B037C9E,LOCATION_ZIP,2,TEXT,YES,ZIP,GEO,False,True,place,26,26,26,"['46808', '46952', '46402', '47025', '46805']",False,
LIBRARY_RAW,LANDING,PORTAL_CKA_WESTERN_PENNSYLV_0AF7431C6C,ZIP_CODE,9,TEXT,YES,ZIP,GEO,False,True,place,10000,10000,62,"['15204', '15233', '15025', '15139', '15104']",True,sample
LIBRARY_RAW,LANDING,PORTAL_CKA_VIRGINIA_OPEN_DA_5AB7CD31BF,FIPS,5,TEXT,YES,FIPS,GEO,False,True,place,3934,3934,134,"['51730', '51750', 'NA', '51760', '51720']",False,
LIBRARY_RAW,LANDING,PORTAL_ARC_ATLANTA_DATAATLA_5ADD5EAF6A,ZIP,7,TEXT,YES,ZIP,GEO,False,True,place,454,454,28,"['30312', '30317', '30313', '30309', '30315']",False,
LIBRARY_RAW,LANDING,INTL_EURLEX_CELLAR,COUNTRY,11,TEXT,YES,COUNTRY,GEO,False,True,place,53,0,0,[''],False,
LIBRARY_RAW,LANDING,PORTAL_ARC_TUCSON_OPEN_DATA_9E24E86B9A,POSTAL_CODE,51,TEXT,YES,ZIP,GEO,False,True,place,2,1,1,"['nan', '85726-7210']",False,
LIBRARY_RAW,LANDING,PORTAL_ARC_TUCSON_OPEN_DATA_F919285F50,COUNTRY,50,TEXT,YES,COUNTRY,GEO,False,True,place,12,0,0,[''],False,
LIBRARY_RAW,LANDING,PORTAL_ARC_WISCONSIN_OPEN_D_717F8037EB,COUNTY_FIPS,17,TEXT,YES,FIPS,GEO,False,True,place,9,9,8,"['141', '35', '73', '63', '9']",False,
LIBRARY_RAW,LANDING,FED_EPA_NPDES_ICIS_FACILITIES,NPDES_ID,2,TEXT,YES,NPDES_ID,STEEL,True,True,facility,1213737,1213737,1213737,"['KYR10I122', 'NMR05A085', 'LAL036412', 'NMR05A982', 'MDG913256']",True,landing
LIBRARY_RAW,LANDING,FED_FDIC_BANK_DATA,DOCKET,46,TEXT,YES,DOCKET,STRONG,False,True,case,27836,27836,11818,"['11045', '1861', '1862', '15425', '2123']",False,
LIBRARY_RAW,LANDING,FED_NOAA_WEATHER_API,ZIP_CODE,32,TEXT,YES,ZIP,GEO,False,True,place,287,0,0,[''],False,
LIBRARY_RAW,LANDING,PORTAL_CKA_OPEN_DATA_SA_D4BC1D6201,ZIPCODE,1,TEXT,YES,ZIP,GEO,False,True,place,101,101,101,"['78237', '78215', '78269', '78295', '78246']",False,
LIBRARY_RAW,LANDING,PORTAL_ARC_HARRIS_COUNTY_OP_32D5FF05CA,COUNTRY,48,TEXT,YES,COUNTRY,GEO,False,True,place,100,100,1,['USA'],False,
LIBRARY_RAW,LANDING,PORTAL_CKA_WPRDC_ALLEGHENY_B78655DE4F,ZIP_CODE,7,TEXT,YES,ZIP,GEO,False,True,place,70,70,48,"['15212', '15127', '15207', '15147', '15239']",False,
LIBRARY_RAW,LANDING,PORTAL_ARC_WISCONSIN_OPEN_D_601E691159,STATE_FIPS,15,TEXT,YES,FIPS,GEO,False,True,place,1,1,1,['55'],False,
LIBRARY_RAW,LANDING,FED_DOL_OFLC,WORKSITE_POSTAL_CODE_1,53,TEXT,YES,ZIP,GEO,False,True,place,664616,594032,11755,"['95054', '8933', '94080', '97062', '94043']",False,
LIBRARY_RAW,LANDING,PORTAL_CKA_ANALYZE_BOSTON_F1B3F76830,VIOLATION_ZIP,14,TEXT,YES,ZIP,GEO,False,True,place,9999,9990,30,"['02118', '02116', '02128', '02132', '02126']",False,
LIBRARY_RAW,LANDING,PORTAL_CKA_INDIANA_DATA_HUB_FE00D42ACC,FIPS,4,TEXT,YES,FIPS,GEO,False,True,place,10000,10000,94,"['18011', '18003', '18173', '18145', '18041']",False,
LIBRARY_RAW,LANDING,PORTAL_ARC_LA_COUNTY_OPEN_D_6DF63A4983,NPI,1,TEXT,YES,NPI,STEEL,False,True,provider,187,187,185,"['1114109337', '1275605180', '1396764353', '1508908591', '1396778197']",True,sample
LIBRARY_RAW,LANDING,FED_CMS_NURSING_HOME_DEFICIENCIES,CMS_CERTIFICATION_NUMBER_CCN,1,TEXT,YES,CCN,STEEL,True,True,facility,418479,413329,14383,"['015014', '015015', '015009', '015010', '015012']",True,landing
LIBRARY_RAW,LANDING,PORTAL_SOC_UTAH_OPEN_DATA_P_5822AAEE01,PATENT_NR,4,TEXT,YES,PATENT,STEEL,False,True,asset,2000,2000,519,"['1152722', 'SX 5', '1197044', '1110812', '1051639']",False,
LIBRARY_RAW,LANDING,FED_SEC_EDGAR,EIN,3,TEXT,YES,EIN,STEEL,False,True,organization,200,190,19,"['352617337', '911144442', '943177549', '611767919', '942404110']",False,
LIBRARY_RAW,LANDING,PORTAL_ARC_HARRIS_COUNTY_OP_FE2134F2C8,IN_COUNTRYCODE,69,TEXT,YES,COUNTRY,GEO,False,True,place,526,0,0,[''],True,sample
LIBRARY_RAW,LANDING,PORTAL_ARC_TUCSON_OPEN_DATA_81EB8BA37C,DOCKET,57,TEXT,YES,DOCKET,STRONG,False,True,case,2000,1994,575,"['8447', '0', '11820', '', '13432']",False,
LIBRARY_RAW,LANDING,PORTAL_ARC_TUCSON_OPEN_DATA_E794DDDF28,ZIP,7,TEXT,YES,ZIP,GEO,False,True,place,276,276,44,"['85704', '85705', '85637', '85714', '85741']",False,
LIBRARY_RAW,LANDING,FED_FHFA_FHLB_MEMBERSHIP,ZIP,6,TEXT,YES,ZIP,GEO,False,True,place,6327,6325,4739,"['27103', '61443', '45318', '37902', '43015']",False,
LIBRARY_RAW,LANDING,FED_HRSA_SHORTAGE_AREAS,PRIMARY_STATE_FIPS_CODE,54,TEXT,YES,FIPS,GEO,False,True,place,165531,165531,60,"['68', '56', '66', '60', '64']",False,
LIBRARY_RAW,LANDING,FED_EPA_GHGRP_FACILITY,FRS_ID,19,TEXT,YES,FRS_ID,STEEL,True,True,facility,136005,126584,13221,"['110000490166', '110041175000', '110000482022', '110001482887', '110000833518']",True,landing
LIBRARY_RAW,LANDING,PORTAL_ARC_TUCSON_OPEN_DATA_EA7ADF4848,ZIP,7,TEXT,YES,ZIP,GEO,False,True,place,23,23,17,"['85638', '85704', '85645', '85750', '85622']",False,
LIBRARY_RAW,LANDING,ST_CANNABIS_POLICY_BUNDLES,FIPS,3,TEXT,YES,FIPS,GEO,False,True,place,1500,1500,50,"['4', '6', '9', '1', '2']",False,
LIBRARY_RAW,LANDING,PORTAL_ARC_TUCSON_OPEN_DATA_A94D7DFBCF,POSTAL_CODE,51,TEXT,YES,ZIP,GEO,False,True,place,2000,1998,327,"['85704-3786', '85732-4198', '85705-3702', '85714-1912', '85745-9445']",False,
LIBRARY_RAW,LANDING,FED_FEC_COMMITTEE_TO_CANDIDATE,CAND_ID,17,TEXT,YES,FEC_CAND_ID,STEEL,False,True,person,866730,864457,2804,"['H8IL14174', 'H2TX03126', 'H0SC03077', 'H2TX31044', 'H6CA22125']",True,landing
LIBRARY_RAW,LANDING,FED_CMS_FEDERALLY_QUALIFIED_HEALTH_CENTER_ENROLLMENTS,NPI,5,TEXT,YES,NPI,STEEL,True,True,provider,11063,11063,10269,"['1619969458', '1033229059', '1962663153', '1417149766', '1447332994']",True,landing
LIBRARY_RAW,LANDING,PORTAL_ARC_WISCONSIN_OPEN_D_B2EFA24715,ZIP_4,10,TEXT,YES,ZIP,GEO,False,True,place,14,0,0,[''],False,
LIBRARY_RAW,LANDING,PORTAL_ARC_OPEN_DATA_RALEIG_8EE851C810,SECONDARY_ZIP_CODE,30,TEXT,YES,ZIP,GEO,False,True,place,2000,2000,5,"['27513', '27529', '27519', '27511', '27601']",False,
LIBRARY_RAW,LANDING,IRS527_8871_ORGS,BUSINESS_ZIP,34,TEXT,YES,ZIP,GEO,False,True,place,77591,77581,14763,"['91729', '20003', '10009', '98579', '11375']",False,
LIBRARY_RAW,LANDING,PORTAL_ARC_OPEN_DATA_DC_D359158BC8,TERTIARY_ZIP_CODE,146,TEXT,YES,ZIP,GEO,False,True,place,733,44,16,"['nan', '20007', '20037', '20036', '20015']",False,
LIBRARY_RAW,LANDING,FED_CMS_HOSPITAL_ENROLLMENTS,ZIP_CODE,20,TEXT,YES,ZIP,GEO,False,True,place,9175,9175,4941,"['651099508', '239011199', '584211217', '325507228', '026015230']",True,landing
LIBRARY_RAW,LANDING,PORTAL_ARC_TUCSON_OPEN_DATA_EAB8D87A4D,SITE_ZIP,54,TEXT,YES,ZIP,GEO,False,True,place,2000,1590,3,"['85719', '', '85705', '85701']",False,
LIBRARY_RAW,LANDING,PORTAL_CKA_WPRDC_ALLEGHENY_49ED6437BF,ZIP_CODE,7,TEXT,YES,ZIP,GEO,False,True,place,10000,9980,106,"['15071', '15202', '15238', '15221', '15210']",False,
LIBRARY_RAW,LANDING,PORTAL_CKA_ANALYZE_BOSTON_A6C2B4684A,FIPS_STCO,5,TEXT,YES,FIPS,GEO,False,True,place,18,17,1,"['', '25025']",False,
LIBRARY_RAW,LANDING,PORTAL_ARC_HARRIS_COUNTY_OP_D248A81CD8,USER_ZIP_C,71,TEXT,YES,ZIP,GEO,False,True,place,2000,0,0,"['77092.0', '77074.0', '77082.0', '77063.0', '77081.0']",False,
LIBRARY_RAW,LANDING,PORTAL_ARC_HARRIS_COUNTY_OP_4F19F66C45,COUNTRY,47,TEXT,YES,COUNTRY,GEO,False,True,place,56,56,1,['USA'],False,
LIBRARY_RAW,LANDING,PORTAL_ARC_TUCSON_OPEN_DATA_664D252729,POSTAL_CODE,52,TEXT,YES,ZIP,GEO,False,True,place,2000,1995,260,"['85718-3394', '85719-4802', '85739-2024', '60641-3510', '85750-2466']",False,
LIBRARY_RAW,LANDING,INTL_GDELT,ACTOR1COUNTRYCODE,8,TEXT,YES,COUNTRY,GEO,False,True,place,1015,557,40,"['', 'USA', 'FRA', 'GBR', 'AUS']",False,
LIBRARY_RAW,LANDING,PORTAL_ARC_HARRIS_COUNTY_OP_52229E2E24,USER_USER_ZIP_C,153,TEXT,YES,ZIP,GEO,False,True,place,488,234,7,"['77092', '77063', '77036', '<Null>', '77074']",False,
LIBRARY_RAW,LANDING,PORTAL_ARC_HARRIS_COUNTY_OP_510B4A2AB2,ZIP,7,TEXT,YES,ZIP,GEO,False,True,place,924,924,123,"['77587', '77091', '77406', '77043', '77011']",False,
LIBRARY_RAW,LANDING,FED_CMS_HOSPITAL_ENROLLMENTS,NPI,5,TEXT,YES,NPI,STEEL,True,True,provider,9175,9175,8717,"['1467408781', '1114984671', '1205807013', '1831151455', '1538245634']",True,landing
LIBRARY_RAW,LANDING,PORTAL_CKA_CALIFORNIA_OPEN_5DD35F95D8,FIPS_COUNTY_CODE,53,TEXT,YES,FIPS,GEO,False,True,place,5000,5000,57,"['6015', '6045', '6097', '6055', '6023']",True,sample
LIBRARY_RAW,LANDING,PORTAL_CKA_WPRDC_ALLEGHENY_A515B81DDF,L_ZIP,20,TEXT,YES,ZIP,GEO,False,True,place,10000,10000,107,"['15065', '15120', '15084', '15014', '15219']",False,
LIBRARY_RAW,LANDING,FED_COURTLISTENER_ORIGINATING_COURT_INFO,DOCKET_NUMBER_RAW,16,TEXT,YES,DOCKET,STRONG,False,True,case,973419,902366,736247,"['(108986)', 'FMC-13-02', '(906, September Term, 2005)', '(10-17119)', '2:14-cv-15413']",True,landing
LIBRARY_RAW,LANDING,FED_CMS_HOSPICE_ENROLLMENTS,MULTIPLE_NPI_FLAG,6,TEXT,YES,NPI,STEEL,False,True,provider,6066,0,0,"['N', 'Y']",True,landing
LIBRARY_RAW,LANDING,PORTAL_CKA_VIRGINIA_OPEN_DA_6973FD2BA7,ZIP_CODE,4,TEXT,YES,ZIP,GEO,False,True,place,6,6,6,"['24503', '23601', '23230', '23507', '23502']",False,
LIBRARY_RAW,LANDING,PORTAL_CKA_WPRDC_ALLEGHENY_1C103EE2CD,ZIP_CODE,3,TEXT,YES,ZIP,GEO,False,True,place,3420,3420,24,"['15221', '15205', '15210', '15219', '15207']",False,
LIBRARY_RAW,LANDING,PORTAL_ARC_HARRIS_COUNTY_OP_374D2E791F,MAILING_ZIP,87,TEXT,YES,ZIP,GEO,False,True,place,77,77,35,"['77030', '77072', '77015', '77389', '77004']",False,
LIBRARY_RAW,LANDING,FED_CMS_PARTD_PRESCRIBER_DRUG,Prscrbr_NPI,1,TEXT,YES,NPI,STEEL,True,True,provider,25869521,25869521,1057566,"['1003801937', '1003801895', '1003801978', '1003802109', '1003802034']",True,landing
LIBRARY_RAW,LANDING,FED_EPA_FRS_FRS_PROGRAM_LINKS,POSTAL_CODE,13,TEXT,YES,ZIP,GEO,False,True,place,4406498,3947139,47002,"['17013', '48026', '63303-4165', '13685', '48175']",True,landing
LIBRARY_RAW,LANDING,PORTAL_ARC_TUCSON_OPEN_DATA_B64E31A541,COUNTRY,50,TEXT,YES,COUNTRY,GEO,False,True,place,798,0,0,[''],False,
LIBRARY_RAW,LANDING,PORTAL_ARC_HARRIS_COUNTY_OP_52229E2E24,COUNTRY,53,TEXT,YES,COUNTRY,GEO,False,True,place,488,488,1,['USA'],False,
LIBRARY_RAW,LANDING,FED_USASPENDING_BULK,PRIME_AWARD_TRANSACTION_PLACE_OF_PERFORMANCE_STATE_FIPS_CODE,79,TEXT,YES,FIPS,GEO,False,True,place,50000,44227,56,"['48', '51', '', '06', '12']",True,landing
LIBRARY_RAW,LANDING,PORTAL_ARC_HARRIS_COUNTY_OP_2A7A02B1E2,IN_COUNTRY,70,TEXT,YES,COUNTRY,GEO,False,True,place,14,0,0,[' '],False,
LIBRARY_RAW,LANDING,FED_NCUA_CALL_REPORTS_FOICU,CU_NUMBER,1,TEXT,YES,NCUA_CHARTER,STEEL,True,True,organization,4336,4336,4336,"['1', '6', '888', '16', '162']",True,landing
LIBRARY_RAW,LANDING,PORTAL_ARC_HARRIS_COUNTY_OP_619A8F0A78,COUNTRY,47,TEXT,YES,COUNTRY,GEO,False,True,place,642,642,1,['USA'],False,
LIBRARY_RAW,LANDING,FED_ICIJ_OFFSHORELEAKS_ENTITIES,COUNTRY_CODES,17,TEXT,YES,COUNTRY,GEO,False,True,place,814344,504991,1101,"['CHN', 'GBR', 'SGP', 'HKG', 'TWN']",False,
LIBRARY_RAW,LANDING,PORTAL_SOC_MARYLAND_OPEN_DA_786470E96F,FDMS_DOCKET_ID,16,TEXT,YES,DOCKET,STRONG,False,True,case,194,194,7,"['{""url"": ""https://www.regulations.gov/docket/EPA-R03-OAR-2017-0396""}', 'nan', '{""url"": ""https://www.regulations.gov/docket/EPA-R03-OAR-2019-0036""}', '{""url"": ""https://www.regulations.gov/docket/EPA-R03-OAR-2021-0872""}', '{""url"": ""https://www.regulations.gov/docket/EPA-R03-OAR-2017-0637""}']",False,
LIBRARY_RAW,LANDING,PORTAL_ARC_WISCONSIN_OPEN_D_717F8037EB,ZIP_4,10,TEXT,YES,ZIP,GEO,False,True,place,9,0,0,[''],False,
LIBRARY_RAW,LANDING,FED_SENATE_LDA_FILINGS,CLIENT_COUNTRY,20,TEXT,YES,COUNTRY,GEO,False,True,place,273821,271818,110,"['IL', 'CA', 'GB', 'US', 'NL']",False,
LIBRARY_RAW,LANDING,FED_VOTEVIEW_ROLLCALLS,ICPSR,4,TEXT,YES,ICPSR,STEEL,True,True,person,945523,945523,639,"['14873', '15029', '21178', '21740', '20538']",True,landing
LIBRARY_RAW,LANDING,FED_CMS_MEDICARE_PHYSICIAN_OTHER_PRACTITIONERS_BY_PROVIDER,RNDRNG_NPI,1,TEXT,YES,NPI,STEEL,True,True,provider,1296739,1296739,1296739,"['1013484864', '1013508589', '1013585397', '1013643048', '1013483049']",True,landing
LIBRARY_RAW,LANDING,PORTAL_CKA_WESTERN_PENNSYLV_2CFAAEA4FD,GEOID10,12,TEXT,YES,FIPS,GEO,False,True,place,138,138,138,"['420030809002', '420032614002', '420039803001', '420030405001', '420030402002']",False,
LIBRARY_RAW,LANDING,PORTAL_SOC_UTAH_OPEN_DATA_P_AA0AB39DEE,PATENT_NBR,14,TEXT,YES,PATENT,STEEL,False,True,asset,2000,2000,1235,"['nan', 'P-19709-1-608', 'P-20391-65-B207', 'P-19440-1-623', 'P-20391-84-D137']",False,
LIBRARY_RAW,LANDING,FED_CMS_NURSING_HOME_PENALTIES,CMS_CERTIFICATION_NUMBER_CCN,1,TEXT,YES,CCN,STEEL,True,True,facility,16180,16032,6771,"['025036', '025038', '015060', '015175', '015369']",True,landing
LIBRARY_RAW,LANDING,PORTAL_ARC_ATLANTA_DATAATLA_3E6E5804C7,ZIP,9,TEXT,YES,ZIP,GEO,False,True,place,5000,5000,13,"['30327', '30305', '39901', '30326', '30342']",False,
LIBRARY_RAW,LANDING,FED_DOL_OFLC,AGENT_ATTORNEY_COUNTRY,39,TEXT,YES,COUNTRY,GEO,False,True,place,664616,444042,9,"['UNITED STATES OF AMERICA', 'CANADA', 'AUSTRALIA', '', 'CHILE']",False,
LIBRARY_RAW,LANDING,FED_ICE_DETAINERS,DEPARTURE_COUNTRY,5,TEXT,YES,COUNTRY,GEO,False,True,place,609769,188160,195,"['SPAIN', 'HONDURAS', 'DOMINICAN REPUBLIC', 'GUATEMALA', 'MEXICO']",True,landing
LIBRARY_RAW,LANDING,PORTAL_ARC_LOUISVILLE_OPEN_F2B7CA4B76,DOCKET,10,TEXT,YES,DOCKET,STRONG,False,True,case,2000,2000,181,"['V23-023070', 'P193945', 'V23-023172', 'P360441', '4817647']",False,
LIBRARY_RAW,LANDING,PORTAL_ARC_HARRIS_COUNTY_OP_3E1A188E92,COUNTRY,48,TEXT,YES,COUNTRY,GEO,False,True,place,642,640,1,"['USA', '']",False,
LIBRARY_RAW,LANDING,FED_SEC_DERA_SUB_2024Q3,CIK,2,TEXT,YES,CIK,STEEL,True,True,organization,6699,6699,6008,"['2488', '2969', '8858', '14272', '46250']",True,landing
LIBRARY_RAW,LANDING,FED_EPA_RCRA_RCRA_FACILITIES,ZIP_CODE,9,TEXT,YES,ZIP,GEO,False,True,place,1613224,1612104,36494,"['92119', '95823', '91773', '88072', '49068']",False,
LIBRARY_RAW,LANDING,PORTAL_ARC_HARRIS_COUNTY_OP_78806A4CF7,ZIP,7,TEXT,YES,ZIP,GEO,False,True,place,35,35,21,"['77062', '77059', '77546', '77034', '77598']",False,
LIBRARY_RAW,LANDING,FED_HRSA_HPSA_PRIMARY_CARE,PRIMARY_STATE_FIPS_CODE,54,TEXT,YES,FIPS,GEO,False,True,place,79158,79158,60,"['64', '68', '66', '56', '60']",False,
LIBRARY_RAW,LANDING,PORTAL_ARC_TUCSON_OPEN_DATA_EE2E5DB309,ZIP,40,TEXT,YES,ZIP,GEO,False,True,place,2000,1995,315,"['33480', '27617', '85745', '85260', '92652']",False,
LIBRARY_RAW,LANDING,PORTAL_ARC_TUCSON_OPEN_DATA_95246841CB,DOCKET,36,TEXT,YES,DOCKET,STRONG,False,True,case,189,189,65,"['13241', '13918', '13704', '11576', '12256']",False,
LIBRARY_RAW,LANDING,PORTAL_ARC_ATLANTA_DATAATLA_5D9B9C30A9,ZIP,7,TEXT,YES,ZIP,GEO,False,True,place,14,14,7,"['30322', '30303', '30329', '30331', '30324']",False,
LIBRARY_RAW,LANDING,PORTAL_ARC_TUCSON_OPEN_DATA_0697237A35,SITE_ZIP,53,TEXT,YES,ZIP,GEO,False,True,place,1958,1772,4,"['85719', '85705', '', '85713', '85745']",False,
LIBRARY_RAW,LANDING,PORTAL_CKA_ANALYZE_BOSTON_7D75FD803F,ZIPCODE,5,TEXT,YES,ZIP,GEO,False,True,place,134,134,23,"['02128', '02116', '02129', '02126', '02113']",False,
LIBRARY_RAW,LANDING,PORTAL_SOC_OREGON_OPEN_DATA_DC4AEE7DB0,PPB_ZIP_4,13,TEXT,YES,ZIP,GEO,False,True,place,2000,0,0,"['1658', '1595', '6558', '4106', '5274']",False,
LIBRARY_RAW,LANDING,PORTAL_ARC_TUCSON_OPEN_DATA_11050C025B,ZIP,40,TEXT,YES,ZIP,GEO,False,True,place,8,8,3,"['85280', '85704', '85748']",False,
LIBRARY_RAW,LANDING,PORTAL_ARC_TUCSON_OPEN_DATA_B44EAD49D6,COUNTRY,50,TEXT,YES,COUNTRY,GEO,False,True,place,66,0,0,[''],False,
LIBRARY_RAW,LANDING,PORTAL_ARC_TUCSON_OPEN_DATA_F5DCF594AF,COUNTRY,52,TEXT,YES,COUNTRY,GEO,False,True,place,2000,2000,2,"['CANADA', 'nan']",False,
LIBRARY_RAW,LANDING,FED_DOL_OFLC,WORKSITE_POSTAL_CODE_3,95,TEXT,YES,ZIP,GEO,False,True,place,664616,12285,3171,"['61244', '43240', '84116', '53051', '8540']",False,
LIBRARY_RAW,LANDING,XC_CENSUS_CB_COUNTY,STATEFP,1,TEXT,YES,FIPS,GEO,False,True,place,3235,3235,56,"['06', '10', '46', '08', '05']",False,
LIBRARY_RAW,LANDING,PORTAL_ARC_OPEN_DATA_DC_B1DAECCB1B,OPERATOR_ZIPCODE,16,TEXT,YES,ZIP,GEO,False,True,place,83,75,20,"['20008', '20785', '20018', '37922', '19355']",True,sample
LIBRARY_RAW,LANDING,PORTAL_ARC_HARRIS_COUNTY_OP_4E0F396A33,ZIP,81,TEXT,YES,ZIP,GEO,False,True,place,755,0,0,"['78006.0', '78363.0', 'nan', '79119.0', '76013.0']",False,
LIBRARY_RAW,LANDING,FED_OSHA_ITA_CASE_DETAIL_2025,ZIP_CODE,9,TEXT,YES,ZIP,GEO,False,True,place,330447,304862,10602,"['62025', '24149', '32124', '63104', '63701']",True,landing
LIBRARY_RAW,LANDING,INTL_GLEIF,Entity.TransliteratedOtherAddresses.TransliteratedOtherAddress.3.Country,160,TEXT,YES,COUNTRY,GEO,False,True,place,3382301,0,0,[''],True,landing
LIBRARY_RAW,LANDING,FED_HRSA_HPSA_PRIMARY_CARE,COMMON_POSTAL_CODE,26,TEXT,YES,ZIP,GEO,False,True,place,79158,7523,4752,"['96944', '96943', '96799', '96913', '96910']",False,
LIBRARY_RAW,LANDING,PORTAL_ARC_OPEN_DATA_DC_56C4F04CF0,CCN,3,TEXT,YES,CCN,STEEL,False,True,facility,9,0,0,"['20116457', '20002554', '20052220', '21015268', '20121331']",False,
LIBRARY_RAW,LANDING,FED_CMS_MEDICARE_DURABLE_MEDICAL_EQUIPMENT_DEVICES_SUPPLIES_BY_SUPPL,SUPLR_NPI,1,TEXT,YES,NPI,STEEL,True,True,provider,440670,440670,55598,"['1003007386', '1003000399', '1003002254', '1003004904', '1003004938']",True,landing
LIBRARY_RAW,LANDING,FED_EPA_SDWA_SDWA_GEOGRAPHIC_AREAS,PWSID,2,TEXT,YES,PWSID,STEEL,True,True,facility,578198,578198,413877,"['NH0238010', 'MI2068347', 'MI2044254', 'MI2101541', 'IL0065748']",True,landing
LIBRARY_RAW,LANDING,PORTAL_CKA_WESTERN_PENNSYLV_5C8BBA2D74,COUNTYFP,9,TEXT,YES,FIPS,GEO,False,True,place,10000,10000,67,"['015', '029', '101', '069', '043']",False,
LIBRARY_RAW,LANDING,PORTAL_ARC_TUCSON_OPEN_DATA_89DF24D316,STATEFP,71,TEXT,YES,FIPS,GEO,False,True,place,2000,2000,1,['04'],False,
LIBRARY_RAW,LANDING,FED_CMS_ORDER_AND_REFERRING,NPI,1,TEXT,YES,NPI,STEEL,True,True,provider,2018354,2018354,2018350,"['1417353046', '1902167737', '1538107701', '1184815656', '1205914744']",True,landing
LIBRARY_RAW,LANDING,FED_CMS_HOSPITAL_GENERAL,CCN,1,TEXT,YES,CCN,STEEL,True,True,facility,5432,5268,5268,"['010051', '010087', '020012', '030108', '021302']",True,landing
LIBRARY_RAW,LANDING,FED_USASPENDING_ASSISTANCE_FULL,prime_award_transaction_recipient_county_fips_code,57,TEXT,YES,FIPS,GEO,False,True,place,19902879,19692887,7085,"['19103.0', '37001', '06075', '51510.0', '05115']",True,landing
LIBRARY_RAW,LANDING,PORTAL_ARC_HARRIS_COUNTY_OP_1A53499962,ZIP,8,TEXT,YES,ZIP,GEO,False,True,place,372,372,60,"['77058', '77573', '77546', '77505', '77087']",False,
LIBRARY_RAW,LANDING,PORTAL_CKA_CALIFORNIA_OPEN_D33A75D890,ZIP_CODE,2,TEXT,YES,ZIP,GEO,False,True,place,10000,10000,1680,"['95694', '91770', '93727', '95355', '90503']",False,
LIBRARY_RAW,LANDING,FED_DOL_FORM5500,PREPARER_EIN,21,TEXT,YES,EIN,STEEL,False,True,organization,33484,0,0,[''],True,landing
LIBRARY_RAW,LANDING,FED_WPA_SLAVE_NARRATIVES,STATE_FIPS,6,TEXT,YES,FIPS,GEO,False,True,place,100,0,0,[''],False,
LIBRARY_RAW,LANDING,FED_COURTLISTENER_JUDGE_POLITICAL_AFFILIATIONS,PERSON_ID,10,TEXT,YES,CL_PERSON_ID,STEEL,True,True,person,8486,8486,7226,"['5', '19', '109', '216', '119']",True,landing
LIBRARY_RAW,LANDING,FED_FRA_SAFETY,STATE_FIPS,4,TEXT,YES,FIPS,GEO,False,True,place,1,1,1,['N/A'],False,
LIBRARY_RAW,LANDING,PORTAL_ARC_TUCSON_OPEN_DATA_9E24E86B9A,SITE_ZIP,53,TEXT,YES,ZIP,GEO,False,True,place,2,2,1,['85745'],False,
LIBRARY_RAW,LANDING,PORTAL_ARC_WISCONSIN_OPEN_D_07CF3C3824,ZIP_4,10,TEXT,YES,ZIP,GEO,False,True,place,2,0,0,[''],False,
LIBRARY_RAW,LANDING,PORTAL_SOC_TEXAS_OPEN_DATA_6F798A64FA,ZIP,10,TEXT,YES,ZIP,GEO,False,True,place,2000,2000,102,"['79765', '34217', '19406', '207041840', '070681786']",True,sample
LIBRARY_RAW,LANDING,FED_USASPENDING_CONTRACTS_FULL,prime_award_transaction_recipient_state_fips_code,66,TEXT,YES,FIPS,GEO,False,True,place,20000000,19431773,56,"['08', '12', '42', '39', '20']",True,landing
LIBRARY_RAW,LANDING,FED_EPA_NPDES_NPDES_SICS,NPDES_ID,1,TEXT,YES,NPDES_ID,STEEL,False,True,facility,792807,792807,715074,"['AK0000167', 'AK0000272', 'AK0044784', 'AK0000361', 'AK0001058']",True,landing
LIBRARY_RAW,LANDING,PORTAL_ARC_TUCSON_OPEN_DATA_0F83B7C628,DOCKET,36,TEXT,YES,DOCKET,STRONG,False,True,case,142,142,41,"['11879', '5945', '7039', '0', '12892']",False,
LIBRARY_RAW,LANDING,PORTAL_ARC_TUCSON_OPEN_DATA_7F7E374C68,POSTAL_CODE,51,TEXT,YES,ZIP,GEO,False,True,place,1844,1837,243,"['85705-7688', '85704-7317', '98584-8564', '85743-1220', '85701-2867']",False,
LIBRARY_RAW,LANDING,PORTAL_CKA_VIRGINIA_OPEN_DA_77706D86DA,SWC_OPE_ZIP_EXT,30,TEXT,YES,ZIP,GEO,False,True,place,10000,0,0,"['775', '2450', '6932', '2306', '']",False,
LIBRARY_RAW,LANDING,PORTAL_SOC_UTAH_OPEN_DATA_P_D5F7CA2621,C_3_FRS_ID,97,TEXT,YES,FRS_ID,STEEL,False,True,facility,2000,1995,203,"['nan', '110000469145', '110000607200', '110042338832', '110011782133']",True,sample
LIBRARY_RAW,LANDING,PORTAL_ARC_OPEN_DATA_DC_E28C8C471A,OPERATOR_ZIPCODE,16,TEXT,YES,ZIP,GEO,False,True,place,83,75,20,"['60606', '20018', '20024', '20009', '20003']",True,sample
LIBRARY_RAW,LANDING,PORTAL_SOC_UTAH_OPEN_DATA_P_267ABEE380,ZIP,11,TEXT,YES,ZIP,GEO,False,True,place,1139,1139,101,"['84101', '84009', '84081', '84404', '84070']",False,
LIBRARY_RAW,LANDING,FED_CMS_FACILITY_LEVEL_MINIMUM_DATA_SET_FREQUENCY,FIPS_COUNTY_CODE,6,TEXT,YES,FIPS,GEO,False,True,place,31403215,31403215,296,"['097', '073', '047', '035', '031']",True,landing
LIBRARY_RAW,LANDING,FED_CMS_POS_OTHER,FIPS_STATE_CD,31,TEXT,YES,FIPS,GEO,False,True,place,44429,44113,55,"['01', '04', '05', '', '02']",True,landing
LIBRARY_RAW,LANDING,PORTAL_ARC_TUCSON_OPEN_DATA_E9360F6C40,DOCKET,36,TEXT,YES,DOCKET,STRONG,False,True,case,833,833,279,"['13132', '8331', '12836', '259', '11139']",False,
LIBRARY_RAW,LANDING,PORTAL_SOC_TEXAS_OPEN_DATA_D1849939BC,DOCKET_NUMBER,6,TEXT,YES,DOCKET,STRONG,False,True,case,1572,1572,1371,"['362-09-2912', 'nan', '362-18-4350', '362-11-1673', '2017-1080']",False,
LIBRARY_RAW,LANDING,FED_FCC_LICENSING,ZIP_CODE,17,TEXT,YES,ZIP,GEO,False,True,place,1689338,1667737,37500,"['986836425', '85719', '85028', '98642', '22066']",False,
LIBRARY_RAW,LANDING,FED_USASPENDING_BULK,PRIME_AWARD_TRANSACTION_RECIPIENT_STATE_FIPS_CODE,66,TEXT,YES,FIPS,GEO,False,True,place,50000,49649,56,"['48', '55', '08', '51', '17']",True,landing
LIBRARY_RAW,LANDING,PORTAL_CKA_WESTERN_PENNSYLV_4D90100824,GEOID,6,TEXT,YES,FIPS,GEO,False,True,place,1114,1114,1114,"['420031016001', '420034012001', '420034040001', '420034035004', '420031406002']",False,
LIBRARY_RAW,LANDING,PORTAL_ARC_HARRIS_COUNTY_OP_E68ADDC07C,COUNTRY,48,TEXT,YES,COUNTRY,GEO,False,True,place,33,33,1,['USA'],False,
LIBRARY_RAW,LANDING,FED_CMS_FEDERALLY_QUALIFIED_HEALTH_CENTER_ENROLLMENTS,ZIP_CODE,20,TEXT,YES,ZIP,GEO,False,True,place,11063,11063,6302,"['462053754', '727402740', '100033105', '785508911', '635563040']",True,landing
LIBRARY_RAW,LANDING,PORTAL_ARC_HARRIS_COUNTY_OP_FE2134F2C8,USER_CCN,73,TEXT,YES,CCN,STEEL,False,True,facility,526,14,14,"['45C0001349', 'nan', '45C0001242', '45C0001323', '45C0001302']",True,sample
LIBRARY_RAW,LANDING,PORTAL_ARC_LA_COUNTY_OPEN_D_108A1E6982,ZIP,8,TEXT,YES,ZIP,GEO,False,True,place,365,365,210,"['90503', '90660', '90020', '90022', '90023']",False,
LIBRARY_RAW,LANDING,PORTAL_ARC_TUCSON_OPEN_DATA_7E21327FCB,POSTAL_CODE,51,TEXT,YES,ZIP,GEO,False,True,place,294,294,35,"['85730-3335', '85704-1719', '85701-0000', '85743-7490', '85750-6028']",False,
LIBRARY_RAW,LANDING,PORTAL_ARC_TUCSON_OPEN_DATA_6A79648A77,COUNTRY,50,TEXT,YES,COUNTRY,GEO,False,True,place,2000,2000,2,"['nan', 'CANADA']",False,
LIBRARY_RAW,LANDING,PORTAL_ARC_HARRIS_COUNTY_OP_183E778C9D,USER_ZIP_C,65,TEXT,YES,ZIP,GEO,False,True,place,292,0,0,"['77074.0', 'nan', '77081.0', '77082.0', '77036.0']",False,
LIBRARY_RAW,LANDING,FED_COURTLISTENER_FINANCIAL_DISCLOSURES,PERSON_ID,16,TEXT,YES,CL_PERSON_ID,STEEL,True,True,person,70776,29092,3381,"['3138', '3385', '10060', '8725', '696']",True,landing
LIBRARY_RAW,LANDING,PORTAL_ARC_ORANGE_COUNTY_OP_6BAA47A46B,ZIP,7,TEXT,YES,ZIP,GEO,False,True,place,33,0,0,[''],False,
LIBRARY_RAW,LANDING,PORTAL_ARC_OPEN_DATA_RALEIG_8EE851C810,TERTIARY_ZIP_CODE,151,TEXT,YES,ZIP,GEO,False,True,place,2000,536,4,"['27609', '27513', '27511', '27601', 'nan']",False,
LIBRARY_RAW,LANDING,PORTAL_ARC_TUCSON_OPEN_DATA_A94D7DFBCF,DOCKET,36,TEXT,YES,DOCKET,STRONG,False,True,case,2000,2000,675,"['10420', '12022', '11209', '8643', '8579']",False,
LIBRARY_RAW,LANDING,INTL_EU_SANCTIONS,ADDR_ZIPCODE,31,TEXT,YES,ZIP,GEO,False,True,place,42347,82,72,"['60455', 'WC2A 1QU', '', 'D-21073', 'PO Box 1406 - 60455']",False,
LIBRARY_RAW,LANDING,PORTAL_SOC_UTAH_OPEN_DATA_P_5EF68422FF,RECIPIENT_ZIP_4_CODE,30,TEXT,YES,ZIP,GEO,False,True,place,2000,1969,423,"['802021595', '940101805', '834023573', '841162925', '946123069']",True,sample
LIBRARY_RAW,LANDING,PORTAL_CKA_ISRAEL_NATIONAL_03D9D0D534,ZIPCODE,7,TEXT,YES,ZIP,GEO,False,True,place,1439,8,5,"['6701203', '4421451', '9761191', '52520', '5339108']",False,
LIBRARY_RAW,LANDING,PORTAL_SOC_CONNECTICUT_OPEN_BD88772B17,HOST_ZIP,6,TEXT,YES,ZIP,GEO,False,True,place,1367,1364,233,"['06450', '06831', '06107', '06249', '06410']",False,
LIBRARY_RAW,LANDING,PORTAL_CKA_WPRDC_ALLEGHENY_2D99F866D7,ZIP_CODE,5,TEXT,YES,ZIP,GEO,False,True,place,602,600,147,"['16210', '15001', '16201', '15611', '15206']",False,
LIBRARY_RAW,LANDING,PORTAL_CKA_VIRGINIA_OPEN_DA_8A70DE2FB1,CITY_STATE_ZIP,3,TEXT,YES,ZIP,GEO,False,True,place,10000,0,0,"['ASHEVILLE NC  ', ' ', 'ONANCOCK VA  ', 'VIRGINIA BEACH VA  ', 'CHESAPEAKE VA  ']",False,
LIBRARY_RAW,LANDING,INTL_UN_SC_CONSOLIDATED_SANCTIONS,ENTITY_ADDRESS_COUNTRY,58,TEXT,YES,COUNTRY,GEO,False,True,place,1011,177,67,"['Iran (Islamic Republic of); Iran (Islamic Republic of)', ""Democratic People's Republic of Korea"", 'Switzerland', 'Iran (Islamic Republic of); Iran (Islamic Republic of); Iran (Islamic Republic of); Iran (Islamic Republic of)', 'Iran (Islamic Republic of); Iran (Islamic Republic of); Iran (Islamic Republic of); Iran (Islamic Republic of); Iran (Islamic Republic of)']",False,
LIBRARY_RAW,LANDING,PORTAL_ARC_TUCSON_OPEN_DATA_664D252729,SITE_ZIP,54,TEXT,YES,ZIP,GEO,False,True,place,2000,1589,3,"['85701', '85705', '85719', '']",False,
LIBRARY_RAW,LANDING,IRS527_8872_REPORTS,BUSINESS_ZIP,37,TEXT,YES,ZIP,GEO,False,True,place,55579,55576,2873,"['17105', '66611', '33843', '48933', '32301']",True,landing
LIBRARY_RAW,LANDING,PORTAL_ARC_HARRIS_COUNTY_OP_BEF7C03176,COUNTRY,47,TEXT,YES,COUNTRY,GEO,False,True,place,755,746,1,"['USA', ' ']",False,
LIBRARY_RAW,LANDING,PORTAL_ARC_TUCSON_OPEN_DATA_EAB8D87A4D,ZIP,41,TEXT,YES,ZIP,GEO,False,True,place,2000,1995,262,"['85719', '90065', '92128', '85257', '85044']",False,
LIBRARY_RAW,LANDING,PORTAL_ARC_HARRIS_COUNTY_OP_28CF881303,ZIP,7,TEXT,YES,ZIP,GEO,False,True,place,13,13,12,"['77204', '77520', '77022', '77058', '77505']",False,
LIBRARY_RAW,LANDING,PORTAL_ARC_WISCONSIN_OPEN_D_717F8037EB,NPI_ID,27,TEXT,YES,NPI,STEEL,False,True,provider,9,0,0,"['nan', '<Null>']",False,
LIBRARY_RAW,LANDING,FED_HHS_OIG_LEIE,NPI,8,TEXT,YES,NPI,STEEL,True,True,provider,83464,8684,8503,"['1104947944', '1922348218', '1689095580', '1215968847', '1609376698']",True,landing
LIBRARY_RAW,LANDING,PORTAL_ARC_TUCSON_OPEN_DATA_4FB5EA68FC,COUNTRY,50,TEXT,YES,COUNTRY,GEO,False,True,place,2000,2000,3,"['nan', 'ISRAEL', 'CANADA']",False,
LIBRARY_RAW,LANDING,FED_EPA_NPDES_NPDES_FORMAL_ENFORCEMENT_ACTIONS,NPDES_ID,1,TEXT,YES,NPDES_ID,STEEL,True,True,facility,112373,112373,49662,"['TX0096172', 'AR0022021', 'NH0100200', 'AR0020087', 'AL0055875']",True,landing
LIBRARY_RAW,LANDING,PORTAL_CKA_WPRDC_ALLEGHENY_EEF5B53BC5,PWS_ID,11,TEXT,YES,PWSID,STEEL,False,True,facility,1792,0,0,"['7010036', '7280017', '4340009', '7010003', '7360138']",False,
LIBRARY_RAW,LANDING,PORTAL_ARC_HARRIS_COUNTY_OP_3E1426DF10,ZIP,8,TEXT,YES,ZIP,GEO,False,True,place,372,372,60,"['77062', '77598', '77547', '77058', '77581']",False,
LIBRARY_RAW,LANDING,PORTAL_ARC_HARRIS_COUNTY_OP_2718B3279A,IN_COUNTRYCODE,69,TEXT,YES,COUNTRY,GEO,False,True,place,77,0,0,[''],False,
LIBRARY_RAW,LANDING,PORTAL_ARC_OPEN_DATA_DC_5CB81ACBDD,POSTAL_CODE,21,TEXT,YES,ZIP,GEO,False,True,place,8,8,7,"['20009', '20020', '20032', '20024', '20017']",False,
LIBRARY_RAW,LANDING,PORTAL_SOC_TEXAS_OPEN_DATA_91F1C8D27D,LICENSEE_EIN,7,TEXT,YES,EIN,STEEL,False,True,organization,2000,237,112,"['273288866', '833920915', 'nan', '844548624', '760129573']",True,sample
LIBRARY_RAW,LANDING,XC_RANSOMWARELIVE_VICTIMS,COUNTRY,6,TEXT,YES,COUNTRY,GEO,False,True,place,31089,23022,185,"['CH', 'NO', 'US', 'IL', 'AU']",False,
LIBRARY_RAW,LANDING,STATE_MO_SEX_OFFENDER_REGISTRY,ZIP,5,TEXT,YES,ZIP,GEO,False,True,place,28167,23687,1037,"['64637', '65806', '63111', '65536', '63133']",False,
LIBRARY_RAW,LANDING,PORTAL_ARC_TUCSON_OPEN_DATA_A0293B412C,SITE_ZIP,53,TEXT,YES,ZIP,GEO,False,True,place,144,92,1,"['', '85705']",False,
LIBRARY_RAW,LANDING,PORTAL_ARC_TUCSON_OPEN_DATA_A40FB2876B,POSTAL_CODE,51,TEXT,YES,ZIP,GEO,False,True,place,2000,1998,318,"['85726-7210', '85705-2473', '85746-6038', '85215-2341', '85701-1019']",False,
LIBRARY_RAW,LANDING,PORTAL_ARC_HARRIS_COUNTY_OP_D354D2D6E2,COUNTRY,66,TEXT,YES,COUNTRY,GEO,False,True,place,257,257,3,"['nan', '<Null>', 'USA']",False,
LIBRARY_RAW,LANDING,PORTAL_ARC_HARRIS_COUNTY_OP_3E1A188E92,CCN,73,TEXT,YES,CCN,STEEL,False,True,facility,642,0,0,"['670082.0', '450072.0', '451322.0', '451366.0', '451319.0']",False,
LIBRARY_RAW,LANDING,FED_SEC_DERA_SUB_2025Q2,CIK,2,TEXT,YES,CIK,STEEL,True,True,organization,7009,7009,6081,"['709005', '1621221', '705432', '1325670', '909832']",True,landing
LIBRARY_RAW,LANDING,PORTAL_ARC_ATLANTA_DATAATLA_E2C03512E7,ZIP,7,TEXT,YES,ZIP,GEO,False,True,place,42,42,7,"['30308', '30322', '30303', '30329', '30306']",False,
LIBRARY_RAW,LANDING,PORTAL_ARC_TN_DATA_TENNESSE_6321C469FE,ZIPCODE,28,TEXT,YES,ZIP,GEO,False,True,place,2000,0,0,"['37745.0', '37601.0', '37825.0', '37616.0', '38473.0']",False,
LIBRARY_RAW,LANDING,PORTAL_SOC_NEW_YORK_STATE_O_EFF72C4402,POSTAL_CODE,44,TEXT,YES,ZIP,GEO,False,True,place,2000,14,13,"['14214', '14580', 'nan', '14850', '10128']",False,
LIBRARY_RAW,LANDING,PORTAL_ARC_OPEN_DATA_DC_B1DAECCB1B,FACILITY_ZIPCODE,32,TEXT,YES,ZIP,GEO,False,True,place,83,76,15,"['20024', '20032', '20018', '20003', '20001']",True,sample
LIBRARY_RAW,LANDING,PORTAL_ARC_HARRIS_COUNTY_OP_F9118D0DEE,IN_COUNTRY,70,TEXT,YES,COUNTRY,GEO,False,True,place,1164,0,0,[' '],False,
LIBRARY_RAW,LANDING,PORTAL_ARC_OPEN_DATA_MINNEA_4C5820FD0A,CCN,3,TEXT,YES,CCN,STEEL,False,True,facility,2000,0,0,"['MP 2011 387930', 'MP 2012 000273', 'MP 2012 000986', 'MP 2012 003135', 'MP 2012 000145']",False,
LIBRARY_RAW,LANDING,FED_SEC_EDGAR_FINANCIALS,CIK,2,TEXT,YES,CIK,STEEL,True,True,organization,55635,55635,8112,"['1720116', '1537054', '1772704', '2002473', '1724965']",True,landing
LIBRARY_RAW,LANDING,PORTAL_ARC_HARRIS_COUNTY_OP_2A7A02B1E2,COUNTRY,48,TEXT,YES,COUNTRY,GEO,False,True,place,14,14,1,['USA'],False,
LIBRARY_RAW,LANDING,PORTAL_ARC_TUCSON_OPEN_DATA_6A79648A77,ZIP,40,TEXT,YES,ZIP,GEO,False,True,place,2000,1996,192,"['85712', '85702', '85740', '85726', '85705']",False,
LIBRARY_RAW,LANDING,PORTAL_CKA_WPRDC_ALLEGHENY_0CD6A9957C,ZIP,10,TEXT,YES,ZIP,GEO,False,True,place,412,230,26,"['15212', '', '15220', '15208', '15232']",False,
LIBRARY_RAW,LANDING,PORTAL_CKA_HOUSTON_OPEN_DAT_932DB3FB0B,ZIP,7,TEXT,YES,ZIP,GEO,False,True,place,174,174,101,"['77099', '77068', '77003', '77004', '77477']",False,
LIBRARY_RAW,LANDING,PORTAL_ARC_TUCSON_OPEN_DATA_90CC86DC8C,ZIP,40,TEXT,YES,ZIP,GEO,False,True,place,2000,1994,270,"['90049', '85705', '85741', '85038', '85381']",False,
LIBRARY_RAW,LANDING,FED_EPA_ENVIROFACTS,FRS_ID,7,TEXT,YES,FRS_ID,STEEL,False,True,facility,5000,0,0,[''],False,
LIBRARY_RAW,LANDING,PORTAL_CKA_WPRDC_ALLEGHENY_B9904B63C2,ZIP_CODE,12,TEXT,YES,ZIP,GEO,False,True,place,10000,8265,373,"['15084-2020', '15235-3652', '15218-2358', '15136-3666', '15211-2059']",False,
LIBRARY_RAW,LANDING,PORTAL_ARC_LOUISVILLE_OPEN_B5DAB97E2B,ZIP_CODE,7,TEXT,YES,ZIP,GEO,False,True,place,2000,2000,32,"['40222', '40212', '40118', '40219', '40299']",False,
LIBRARY_RAW,LANDING,PORTAL_ARC_OPEN_DATA_DC_32AD83D2EC,CCN,4,TEXT,YES,CCN,STEEL,False,True,facility,2000,0,0,"['18167180', '18164943', '18166442', '18165118', '18166938']",False,
LIBRARY_RAW,LANDING,PORTAL_ARC_LA_COUNTY_OPEN_D_464355F6D4,ZIP,8,TEXT,YES,ZIP,GEO,False,True,place,6,6,6,"['90001', '90044', '90037', '90021', '90007']",False,
LIBRARY_RAW,LANDING,INTL_GLEIF,Entity.TransliteratedOtherAddresses.TransliteratedOtherAddress.4.Country,173,TEXT,YES,COUNTRY,GEO,False,True,place,3382301,0,0,[''],True,landing
LIBRARY_RAW,LANDING,FED_ATF_FFL_LOCATIONS,ATTRIBUTES_USER_MAIL_ZIP_CODE,89,NUMBER,YES,ZIP,GEO,False,True,place,2000,60,16,"['685', '662', '1949', '3053', '3301']",False,
LIBRARY_RAW,LANDING,PORTAL_ARC_HARRIS_COUNTY_OP_D53D8CC5D8,ZIP,7,TEXT,YES,ZIP,GEO,False,True,place,924,924,123,"['77587', '77095', '77011', '77099', '77018']",False,
LIBRARY_RAW,LANDING,FED_ATF_FFL_LOCATIONS,ATTRIBUTES_COUNTRY,48,TEXT,YES,COUNTRY,GEO,False,True,place,2000,1972,3,"['USA', '', 'PRI', 'VIR']",False,
LIBRARY_RAW,LANDING,PORTAL_ARC_ATLANTA_DATAATLA_E3F1BF2204,ZIP,13,TEXT,YES,ZIP,GEO,False,True,place,536,532,25,"['30315', '30316', '30331', '30311', '30318']",False,
LIBRARY_RAW,LANDING,FED_EPA_TRI_BASIC_2023,C_9_ZIP,9,TEXT,YES,ZIP,GEO,False,True,place,78647,78647,8803,"['44087', '77983', '45241', '98626', '91342']",True,landing
LIBRARY_RAW,LANDING,FED_CMS_MEDICARE_PHYSICIAN_OTHER_PRACTITIONERS_BY_PROVIDER_AND_SERVI,RNDRNG_PRVDR_ZIP5,12,TEXT,YES,ZIP,GEO,False,True,place,9781673,9781536,20723,"['58201', '21239', '83709', '77845', '39216']",True,landing
LIBRARY_RAW,LANDING,FED_CMS_HOSPITAL_GENERAL,ZIP_CODE,6,TEXT,YES,ZIP,GEO,False,True,place,5432,5432,4724,"['35235', '35660', '35565', '86326', '85147']",True,landing
LIBRARY_RAW,LANDING,FED_FARA_BULK,FOREIGN_PRINCIPAL_COUNTRY,18,TEXT,YES,COUNTRY,GEO,False,True,place,221900,37460,253,"['SYRIA', 'COLOMBIA', 'HAITI', 'RUSSIA', 'GERMANY']",False,
LIBRARY_RAW,LANDING,ST_NYC_CFB_CAMPAIGN_2009_CONTRIBUTION,ZIP,22,TEXT,YES,ZIP,GEO,False,True,place,146112,138671,2763,"['11226', '11229', '10037', '10029', '11214']",False,
LIBRARY_RAW,LANDING,PORTAL_ARC_WISCONSIN_OPEN_D_B2EFA24715,STATE_FIPS,15,TEXT,YES,FIPS,GEO,False,True,place,14,14,1,['55'],False,
LIBRARY_RAW,LANDING,FED_US_USASPENDING_API,RECIPIENT_DUNS,5,TEXT,YES,DUNS,STEEL,False,True,organization,300,0,0,[''],False,
LIBRARY_RAW,LANDING,PORTAL_ARC_LA_COUNTY_OPEN_D_0A94DB308E,NPI,14,TEXT,YES,NPI,STEEL,False,True,provider,93,84,79,"['1336156363', '1093728743', '1114547114', '1487865184', '1114367497']",True,sample
LIBRARY_RAW,LANDING,PORTAL_ARC_HARRIS_COUNTY_OP_6133483DE0,COUNTRY,31,TEXT,YES,COUNTRY,GEO,False,True,place,67,6,1,"['USA', '']",False,
LIBRARY_RAW,LANDING,PORTAL_ARC_TUCSON_OPEN_DATA_F9376D5072,DOCKET,36,TEXT,YES,DOCKET,STRONG,False,True,case,2000,1996,951,"['12507', '10071', '13852', '0', '11074']",False,
LIBRARY_RAW,LANDING,PORTAL_ARC_TUCSON_OPEN_DATA_F919285F50,POSTAL_CODE,51,TEXT,YES,ZIP,GEO,False,True,place,12,12,2,"['85701-1317', '00000-0000', '85701-1340']",False,
LIBRARY_RAW,LANDING,PORTAL_CKA_HOUSTON_OPEN_DAT_F10142914F,ZIP,7,TEXT,YES,ZIP,GEO,False,True,place,9999,9983,122,"['77063', '77002', '77061', '77010', '77030']",False,
LIBRARY_RAW,LANDING,IRS527_DIRECTORS_OFFICERS,ENTITY_ZIP,11,TEXT,YES,ZIP,GEO,False,True,place,189593,189586,17016,"['98579', '10038', '48082', '84010', '32204']",True,landing
LIBRARY_RAW,LANDING,FED_DOL_OFLC,AGENT_ATTORNEY_POSTAL_CODE,38,TEXT,YES,ZIP,GEO,False,True,place,664616,367875,1847,"['20814', '77057', '30308', '60606', '2110']",False,
LIBRARY_RAW,LANDING,PORTAL_ARC_HARRIS_COUNTY_OP_7BD125DFB0,ZIP,6,TEXT,YES,ZIP,GEO,False,True,place,359,359,48,"['77546', '77058', '77586', '77062', '77568']",False,
LIBRARY_RAW,LANDING,FED_CONGRESS_LEGISLATORS,ICPSR,2,TEXT,YES,ICPSR,STEEL,False,True,person,12847,12349,12298,"['39310', '20146', '21746', '40707', '29147']",True,landing
LIBRARY_RAW,LANDING,FED_CMS_OPT_OUT_AFFIDAVITS,ZIP_CODE,11,TEXT,YES,ZIP,GEO,False,True,place,57209,57209,8383,"['07626', '797658533', '805015585', '76054', '220035605']",True,landing
LIBRARY_RAW,LANDING,PORTAL_SOC_MARYLAND_OPEN_DA_D9D09EF11B,FDMS_DOCKET_ID,15,TEXT,YES,DOCKET,STRONG,False,True,case,814,814,10,"['{""url"": ""https://www.regulations.gov/docket/EPA-R03-OAR-2017-0396""}', '{""url"": ""https://www.regulations.gov/docket/EPA_R03-OAR-2017-0149""}', '{""url"": ""https://www.regulations.gov/docket/EPA-R03-OAR-2021-0872""}', '{""url"": ""https://www.regulations.gov/docket/""}', 'nan']",False,
LIBRARY_RAW,LANDING,PORTAL_ARC_HARRIS_COUNTY_OP_360277F8CB,COUNTRY,15,TEXT,YES,COUNTRY,GEO,False,True,place,2,2,2,"['nan', 'USA']",False,
LIBRARY_RAW,LANDING,PORTAL_CKA_WESTERN_PENNSYLV_2AA69E6971,ZIPCODE,10,TEXT,YES,ZIP,GEO,False,True,place,253,253,91,"['15223', '15210', '15211', '15116', '15076']",False,
LIBRARY_RAW,LANDING,PORTAL_ARC_TUCSON_OPEN_DATA_89DF24D316,COUNTRY,51,TEXT,YES,COUNTRY,GEO,False,True,place,2000,0,0,[''],False,
LIBRARY_RAW,LANDING,PORTAL_ARC_TUCSON_OPEN_DATA_A0293B412C,COUNTRY,50,TEXT,YES,COUNTRY,GEO,False,True,place,144,0,0,[''],False,
LIBRARY_RAW,LANDING,FED_DOL_OSHA_INSPECTIONS,MAIL_ZIP,29,TEXT,YES,ZIP,GEO,False,True,place,4110000,4109566,42032,"['79721', '35217', '36102', '00000', '35215']",False,
LIBRARY_RAW,LANDING,FED_CMS_PECOS_PROVIDER_ENROLLMENT,MULTIPLE_NPI_FLAG,2,TEXT,YES,NPI,STEEL,False,True,provider,2978925,0,0,"['N', 'Y']",True,landing
LIBRARY_RAW,LANDING,XC_UK_SANCTIONS_LIST,IMO_NUMBER,49,TEXT,YES,IMO,STEEL,False,True,vessel,57883,882,657,"['7389704', '9191773', '8408595', '8937675', '8898740']",False,
LIBRARY_RAW,LANDING,PORTAL_ARC_TUCSON_OPEN_DATA_726A6C58E2,COUNTRY,52,TEXT,YES,COUNTRY,GEO,False,True,place,2000,2000,2,"['nan', 'CANADA']",False,
LIBRARY_RAW,LANDING,PORTAL_ARC_OPEN_DATA_MINNEA_6CDCE692AA,CCN,3,TEXT,YES,CCN,STEEL,False,True,facility,2000,0,0,"['MP 2010 003192', 'MP 2010 005230', 'MP 2010 001994', 'MP 2010 005097', 'MP 2010 999923']",False,
LIBRARY_RAW,LANDING,PORTAL_ARC_TUCSON_OPEN_DATA_A94D7DFBCF,ZIP,40,TEXT,YES,ZIP,GEO,False,True,place,2000,1999,327,"['85701', '21030', '92692', '85713', '85741']",False,
LIBRARY_RAW,LANDING,PORTAL_ARC_TUCSON_OPEN_DATA_57DF097E01,ZIP,40,TEXT,YES,ZIP,GEO,False,True,place,74,74,3,"['85705', '85726', '00000']",False,
LIBRARY_RAW,LANDING,FED_NOAA_AIS,IMO,9,TEXT,YES,IMO,STEEL,True,True,vessel,58106517,24362209,6630,"['IMO9859117', 'IMO1007275', 'IMO1000000000', 'IMO1316833', 'IMO8976487']",True,landing
LIBRARY_RAW,LANDING,PORTAL_ARC_HARRIS_COUNTY_OP_52229E2E24,USER_COUNTRY,148,TEXT,YES,COUNTRY,GEO,False,True,place,488,488,2,"['USA', '<Null>']",False,
LIBRARY_RAW,LANDING,PORTAL_ARC_MEMPHIS_OPEN_DAT_9F6F4B2736,DOCKET,5,TEXT,YES,DOCKET,STRONG,False,True,case,2000,2000,2000,"['BOA 2011-09', 'BOA 1956-107-CI', 'BOA 1988-075', 'BOA 2007-017', 'BOA 1988-163']",False,
LIBRARY_RAW,LANDING,PORTAL_CKA_ANALYZE_BOSTON_80FF6D8E34,ZIP,15,TEXT,YES,ZIP,GEO,False,True,place,1240,1240,30,"['02116', '02111', '02126', '02128', '02215']",False,
LIBRARY_RAW,LANDING,FED_PCAOB_FORM_AP_FILINGS,FIRM_ISSUING_COUNTRY,32,TEXT,YES,COUNTRY,GEO,False,True,place,155384,155384,63,"['Brazil', 'Denmark', 'United States', 'Canada', 'Bermuda']",True,landing
LIBRARY_RAW,LANDING,FED_HRSA_UDS_SERVICE_DELIVERY_SITES,SITE_POSTAL_CODE,9,TEXT,YES,ZIP,GEO,False,True,place,19038,18904,7455,"['02127-2249', '07501-2002', '49319-9599', '53015-1517', '30655-2080']",True,landing
LIBRARY_RAW,LANDING,PORTAL_CKA_WPRDC_ALLEGHENY_7B65AE0CFF,ZIP_CODE,12,TEXT,YES,ZIP,GEO,False,True,place,8629,8572,136,"['15101', '15203', '15104', '15212', '15017']",False,
LIBRARY_RAW,LANDING,PORTAL_SOC_CONNECTICUT_OPEN_6BE2302812,ZIP_CODE,7,TEXT,YES,ZIP,GEO,False,True,place,5000,5000,324,"['06078-1415', '06360-7319', '06881-0403', '06460-6464', '06033-2489']",True,sample
LIBRARY_RAW,LANDING,XC_ROR_RESEARCH_ORGANIZATIONS,LOCATIONS_GEONAMES_DETAILS_COUNTRY_SUBDIVISION_CODE,23,TEXT,YES,COUNTRY,GEO,False,True,place,135710,101280,653,"['NSW', '6', 'UK', 'MA', 'I']",False,
LIBRARY_RAW,LANDING,FED_IRS_AUTO_REVOCATIONS,EIN,1,TEXT,YES,EIN,STEEL,True,True,organization,1207295,1207294,1187975,"['000107893', '002346638', '010247043', '010211671', '010253901']",True,landing
LIBRARY_RAW,LANDING,INTL_FREEDOMHOUSE,COUNTRY_TERRITORY,1,TEXT,YES,COUNTRY,GEO,False,True,place,2723,2723,212,"['Andorra', 'Argentina', 'Azerbaijan', 'Abkhazia', 'Afghanistan']",False,
LIBRARY_RAW,LANDING,PORTAL_SOC_OPEN_DATA_BR_6083BC2934,ZIP,9,TEXT,YES,ZIP,GEO,False,True,place,2000,2000,25,"['70791', '70814', '70815', '70714', '70810']",False,
LIBRARY_RAW,LANDING,PORTAL_ARC_HARRIS_COUNTY_OP_B86519B42D,ZIP,7,TEXT,YES,ZIP,GEO,False,True,place,2000,2000,171,"['77375', '77077', '77833', '77022', '77068']",False,
LIBRARY_RAW,LANDING,FED_USASPENDING_CONTRACTS_FULL,prime_award_transaction_recipient_county_fips_code,64,TEXT,YES,FIPS,GEO,False,True,place,20000000,14712502,3184,"['35001', '51510', '34029', '06085', '12086']",True,landing
LIBRARY_RAW,LANDING,PORTAL_ARC_WISCONSIN_OPEN_D_4EBC995C5D,ZIP_4,10,TEXT,YES,ZIP,GEO,False,True,place,56,0,0,[''],False,
LIBRARY_RAW,LANDING,FED_DOL_EBSA_FORM5500_SCHEDULE_SB,SB_ACTUARY_FOREIGN_CNTRY,38,TEXT,YES,COUNTRY,GEO,False,True,place,41802,1,1,['US'],True,landing
LIBRARY_RAW,LANDING,FED_CMS_FEDERALLY_QUALIFIED_HEALTH_CENTER_ENROLLMENTS,MULTIPLE_NPI_FLAG,6,TEXT,YES,NPI,STEEL,False,True,provider,11063,0,0,"['Y', 'N']",True,landing
LIBRARY_RAW,LANDING,FED_CMS_MEDICARE_PHYSICIAN_OTHER_PRACTITIONERS_BY_PROVIDER,RNDRNG_PRVDR_ZIP5,12,TEXT,YES,ZIP,GEO,False,True,place,1296739,1296712,20947,"['05602', '77304', '89014', '74136', '02879']",True,landing
LIBRARY_RAW,LANDING,PORTAL_ARC_HARRIS_COUNTY_OP_52229E2E24,USER_ZIP_CODE_1,165,TEXT,YES,ZIP,GEO,False,True,place,488,0,0,[''],False,
LIBRARY_RAW,LANDING,INTL_EU_SANCTIONS,CITI_COUNTRY,58,TEXT,YES,COUNTRY,GEO,False,True,place,42347,2702,84,"['', 'SAU', 'USA', 'EGY', 'AFG']",False,
LIBRARY_RAW,LANDING,FED_SEC_13F_SUBMISSIONS,CIK,4,TEXT,YES,CIK,STEEL,True,True,organization,336124,336124,16273,"['0001471474', '0001108965', '0001425949', '0001595853', '0001774343']",True,landing
LIBRARY_RAW,LANDING,PORTAL_CKA_WESTERN_PENNSYLV_321A6575F3,ZIP,7,TEXT,YES,ZIP,GEO,False,True,place,10,10,10,"['15065', '15101', '15205', '15037', '15071']",False,
LIBRARY_RAW,LANDING,PORTAL_ARC_HARRIS_COUNTY_OP_374D2E791F,ARC_COUNTRYCODE,69,TEXT,YES,COUNTRY,GEO,False,True,place,77,76,1,"['nan', '']",False,
LIBRARY_RAW,LANDING,PORTAL_ARC_ORANGE_COUNTY_OP_2F4310B675,ZIP,7,TEXT,YES,ZIP,GEO,False,True,place,31,31,12,"['92655', '92869', '92627', '90720', '92862']",False,
LIBRARY_RAW,LANDING,PORTAL_SOC_OREGON_OPEN_DATA_E338C547C2,ZIP_CODE,7,TEXT,YES,ZIP,GEO,False,True,place,2000,2000,158,"['97048', '97441', '97396', '97016', '97734']",True,sample
LIBRARY_RAW,LANDING,PORTAL_ARC_TUCSON_OPEN_DATA_AD408FDF6D,POSTAL_CODE,51,TEXT,YES,ZIP,GEO,False,True,place,2000,1998,318,"['85741-3272', '85745-7051', '85745-6652', '85716-5309', '85746-6016']",False,
LIBRARY_RAW,LANDING,FED_DOT_BTS,COUNTY_FIPS,12,TEXT,YES,FIPS,GEO,False,True,place,21,0,0,[''],False,
LIBRARY_RAW,LANDING,PORTAL_ARC_MARICOPA_COUNTY_55B91E4BD1,ACC_DOCKET,3,TEXT,YES,DOCKET,STRONG,False,True,case,821,812,279,"['W-3211', 'W20543', 'W-1961', 'W-1578', ' ']",False,
LIBRARY_RAW,LANDING,PORTAL_ARC_TUCSON_OPEN_DATA_080C2334EE,COUNTRY,50,TEXT,YES,COUNTRY,GEO,False,True,place,17,0,0,[''],False,
LIBRARY_RAW,LANDING,FED_CMS_SKILLED_NURSING_FACILITY_ENROLLMENTS,MULTIPLE_NPI_FLAG,6,TEXT,YES,NPI,STEEL,False,True,provider,14425,0,0,"['N', 'Y']",True,landing
LIBRARY_RAW,LANDING,PORTAL_ARC_OPEN_DATA_DC_E28C8C471A,OWNER_ZIPCODE,24,TEXT,YES,ZIP,GEO,False,True,place,83,0,0,"['20718.0', 'nan', '100652.0', '22078.0']",True,sample
LIBRARY_RAW,LANDING,PORTAL_ARC_TUCSON_OPEN_DATA_8AAD75BF85,POSTAL_CODE,51,TEXT,YES,ZIP,GEO,False,True,place,119,71,3,"['85711-2698', 'nan', '85726-7210', '85701-8206']",False,
LIBRARY_RAW,LANDING,FED_CMS_MEDICARE_DURABLE_MEDICAL_EQUIPMENT_DEVICES_SUPPLIES_BY_SUPPL,SUPLR_PRVDR_ZIP5,12,TEXT,YES,ZIP,GEO,False,True,place,440670,440670,12383,"['08857', '35802', '06239', '37615', '11747']",True,landing
LIBRARY_RAW,LANDING,FED_CMS_MEDICARE_DIABETES_PREVENTION_PROGRAM,NPI,11,TEXT,YES,NPI,STEEL,True,True,provider,1037,1037,307,"['1427103910', '1790798387', '1477539492', '1669929089', '1356333579']",True,landing
LIBRARY_RAW,LANDING,PORTAL_ARC_TUCSON_OPEN_DATA_1073539FE2,COUNTRY,50,TEXT,YES,COUNTRY,GEO,False,True,place,41,0,0,[''],False,
LIBRARY_RAW,LANDING,PORTAL_ARC_OPEN_DATA_MINNEA_7EFDCA0423,CCN,3,TEXT,YES,CCN,STEEL,False,True,facility,2000,0,0,"['MP 2017 295574', 'MP 2017 294006', 'MP 2017 119160', 'MP 2017 297066', 'MP 2017 392127']",False,
LIBRARY_RAW,LANDING,PORTAL_SOC_TEXAS_OPEN_DATA_A124DC2A11,SCHOOL_ZIP,30,TEXT,YES,ZIP,GEO,False,True,place,2000,2000,345,"['75832-0427', '78621-0351', '79412', '75801-7627', '75969-9710']",False,
LIBRARY_RAW,LANDING,PORTAL_ARC_TUCSON_OPEN_DATA_82607FBFC9,ZIP,39,TEXT,YES,ZIP,GEO,False,True,place,2000,1996,101,"['75240', '85715', '85704', '85718', '85741']",False,
LIBRARY_RAW,LANDING,PORTAL_CKA_WESTERN_PENNSYLV_57184A8FE4,STATEFP,13,TEXT,YES,FIPS,GEO,False,True,place,394,394,1,['42'],False,
LIBRARY_RAW,LANDING,PORTAL_ARC_ATLANTA_DATAATLA_D70207FA18,DOCKET_NO,4,TEXT,YES,DOCKET,STRONG,False,True,case,2000,2000,1375,"['Z-06-033', 'Z-08-024', 'Z-07-109', 'Z-08-003', 'Z-07-082']",False,
LIBRARY_RAW,LANDING,FED_CMS_OPEN_PAYMENTS_2022,NPI,7,TEXT,YES,NPI,STEEL,True,True,provider,13306564,13254980,863007,"['1649594219', '1902244817', '1164415691', '1861665291', '1083684567']",True,landing
LIBRARY_RAW,LANDING,PORTAL_ARC_ORANGE_COUNTY_OP_572F3C6271,ZIP,7,TEXT,YES,ZIP,GEO,False,True,place,10,0,0,"['92627.0', '92865.0', '92602.0', '92823.0', '92676.0']",False,
LIBRARY_RAW,LANDING,PORTAL_ARC_ATLANTA_DATAATLA_3F5DA71919,ZIP,7,TEXT,YES,ZIP,GEO,False,True,place,58,58,31,"['30030', '30079', '30306', '30311', '30281']",False,
LIBRARY_RAW,LANDING,PORTAL_ARC_HARRIS_COUNTY_OP_CB850CC4B0,IN_COUNTRY,114,TEXT,YES,COUNTRY,GEO,False,True,place,356,115,1,"['nan', ' ']",False,
LIBRARY_RAW,LANDING,FED_FARA,FOREIGN_PRINCIPAL_COUNTRY,4,TEXT,YES,COUNTRY,GEO,False,True,place,30,0,0,[''],False,
LIBRARY_RAW,LANDING,PORTAL_CKA_ISRAEL_NATIONAL_511B70EB2B,PRODUCTION_COUNTRY,10,TEXT,YES,COUNTRY,GEO,False,True,place,10000,0,0,"['ספרד', 'סין', 'שבדיה', 'פולין', 'גרמניה']",False,
LIBRARY_RAW,LANDING,PORTAL_ARC_TUCSON_OPEN_DATA_95246841CB,SITE_ZIP,53,TEXT,YES,ZIP,GEO,False,True,place,189,184,5,"['85719', '85701', '85705', '', '85713']",False,
LIBRARY_RAW,LANDING,PORTAL_SOC_UTAH_OPEN_DATA_P_103F7D641F,RECIPIENT_PARENT_DUNS,20,TEXT,YES,DUNS,STEEL,False,True,organization,2000,1900,25,"['nan', '69816163', '9094301', '73076952', '9095365']",True,sample
LIBRARY_RAW,LANDING,PORTAL_SOC_OREGON_OPEN_DATA_DC4AEE7DB0,PPB_ZIP,12,TEXT,YES,ZIP,GEO,False,True,place,2000,1999,263,"['99999', '97055', '97048', '97035', '97230']",False,
LIBRARY_RAW,LANDING,PORTAL_ARC_HARRIS_COUNTY_OP_F22D53C24D,ZIP,81,TEXT,YES,ZIP,GEO,False,True,place,56,56,49,"['77081', '77450', '79602', '79072', '78745']",False,
LIBRARY_RAW,LANDING,PORTAL_CKA_WPRDC_ALLEGHENY_CC3BD4AFC2,GEOID20,7,TEXT,YES,FIPS,GEO,False,True,place,10000,10000,10000,"['420032413001000', '420035200022003', '420035213023009', '420035238003010', '420032413001002']",False,
LIBRARY_RAW,LANDING,PORTAL_ARC_TUCSON_OPEN_DATA_FA71372C44,DOCKET,36,TEXT,YES,DOCKET,STRONG,False,True,case,2000,2000,752,"['8067', '5858', '6940', '12583', '12270']",False,
LIBRARY_RAW,LANDING,FED_FARA_BULK,COUNTRY_LOCATION_REPRESENTED,27,TEXT,YES,COUNTRY,GEO,False,True,place,221900,17664,265,"['ITALY', 'MOZAMBIQUE', 'HAITI', 'NIGERIA', 'VIETNAM']",False,
LIBRARY_RAW,LANDING,FED_USASPENDING_CONTRACTS,RECIPIENT_ZIP_4_CODE,21,TEXT,YES,ZIP,GEO,False,True,place,6325622,6218423,16734,"['688457825', '291723167', '210171546', '325397019', '402232185']",True,landing
LIBRARY_RAW,LANDING,IRS527_8872_REPORTS,MAILING_ZIP,15,TEXT,YES,ZIP,GEO,False,True,place,55579,55579,2815,"['39047', '95815', '88005', '95833', '21401']",True,landing
LIBRARY_RAW,LANDING,PORTAL_SOC_DELAWARE_OPEN_DA_9E200409C5,FAC_ZIP,8,TEXT,YES,ZIP,GEO,False,True,place,1858,1858,29,"['199403492', '19706', '19713', '19902', '19709']",False,
LIBRARY_RAW,LANDING,XC_ICIJ_OFFSHORE_NODES_ENTITIES,COUNTRY_CODES,17,TEXT,YES,COUNTRY,GEO,False,True,place,814344,504991,1101,"['BRA', 'SGP', 'GIB', 'GBR', 'TWN']",False,
LIBRARY_RAW,LANDING,PORTAL_CKA_WPRDC_ALLEGHENY_694F40A849,ZIP,7,TEXT,YES,ZIP,GEO,False,True,place,10,10,10,"['15065', '15071', '15037', '15205', '15101']",False,
LIBRARY_RAW,LANDING,PORTAL_ARC_HARRIS_COUNTY_OP_619A8F0A78,USER_MAILING_ZIP,87,TEXT,YES,ZIP,GEO,False,True,place,642,642,378,"['77304', '75146', '79408', '75093', '77015']",False,
LIBRARY_RAW,LANDING,FED_IRS_527_ORGS,EIN,7,TEXT,YES,EIN,STEEL,True,True,organization,77591,77590,58915,"['133909308', '954868594', '912121950', '912082049', '954869080']",True,landing
LIBRARY_RAW,LANDING,PORTAL_ARC_TUCSON_OPEN_DATA_78A99CB261,ZIP,48,TEXT,YES,ZIP,GEO,False,True,place,2000,1996,95,"['85741', '85705', '85711', '00000', '60015']",False,
LIBRARY_RAW,LANDING,PORTAL_SOC_TEXAS_OPEN_DATA_354E3ABF4F,SITE_COUNTRY_NAME,12,TEXT,YES,COUNTRY,GEO,False,True,place,2000,2000,2,"['UNITED STATES', 'nan']",False,
LIBRARY_RAW,LANDING,FED_CMS_RURAL_HEALTH_CLINIC_ENROLLMENTS,ZIP_CODE,20,TEXT,YES,ZIP,GEO,False,True,place,5530,5530,3654,"['586234507', '510287725', '882101166', '564732507', '564668210']",True,landing
LIBRARY_RAW,LANDING,PORTAL_ARC_HARRIS_COUNTY_OP_FCFE62D3BE,GEOID20,3,TEXT,YES,FIPS,GEO,False,True,place,18,18,9,"['4841100', '4819650', '4828740', '4842960', '4823640']",False,
LIBRARY_RAW,LANDING,FED_ATF_FFL_LOCATIONS,ATTRIBUTES_IN_COUNTRYCODE,73,NUMBER,YES,COUNTRY,GEO,False,True,place,2000,0,0,[],False,
LIBRARY_RAW,LANDING,PORTAL_SOC_UTAH_OPEN_DATA_P_62BB6C079E,REFERRING_PROVIDER_COUNTRY,12,TEXT,YES,COUNTRY,GEO,False,True,place,2000,2000,1,['US'],True,sample
LIBRARY_RAW,LANDING,PORTAL_ARC_TUCSON_OPEN_DATA_8896D12631,COUNTRY,42,TEXT,YES,COUNTRY,GEO,False,True,place,2000,0,0,[''],False,
LIBRARY_RAW,LANDING,FED_NTSB_AVIATION_AIRCRAFT,OWNER_ZIP,39,TEXT,YES,ZIP,GEO,False,True,place,31503,24827,9856,"['None', '95472', '95666', '82082', '32127']",False,
LIBRARY_RAW,LANDING,PORTAL_ARC_TUCSON_OPEN_DATA_0F83B7C628,POSTAL_CODE,51,TEXT,YES,ZIP,GEO,False,True,place,142,75,27,"['nan', '85701-8203', '85629-8759', '97703-6948', '85745-3240']",False,
LIBRARY_RAW,LANDING,FED_OSHA_ITA_300A_SUMMARY_2024,ZIP_CODE,9,TEXT,YES,ZIP,GEO,False,True,place,398620,368738,22776,"['61377', '96792', '60420', '39046', '52402']",True,landing
LIBRARY_RAW,LANDING,PORTAL_ARC_TUCSON_OPEN_DATA_81514E21D3,COUNTRY,50,TEXT,YES,COUNTRY,GEO,False,True,place,2000,2000,2,"['CANADA', 'nan']",False,
LIBRARY_RAW,LANDING,PORTAL_SOC_CHICAGO_DATA_POR_1CA267A903,ZIP,10,TEXT,YES,ZIP,GEO,False,True,place,2000,1971,250,"['nan', '60804-1483', '60628-4909', '56258-0025', '80155-6623']",False,
LIBRARY_RAW,LANDING,PORTAL_ARC_TUCSON_OPEN_DATA_726A6C58E2,POSTAL_CODE,53,TEXT,YES,ZIP,GEO,False,True,place,2000,1995,274,"['85705-3307', '85741-3264', '85705-3343', '00000-0000', '85741-3269']",False,
LIBRARY_RAW,LANDING,FED_EPA_ECHO,FAC_DERIVED_ZIP,25,TEXT,YES,ZIP,GEO,False,True,place,3157891,2538882,30851,"['38012', '90043', '19103', '33823', '94610']",True,landing
LIBRARY_RAW,LANDING,PORTAL_ARC_HARRIS_COUNTY_OP_F22D53C24D,MAILING_ZIP,87,TEXT,YES,ZIP,GEO,False,True,place,56,56,46,"['79072', '77505', '77402', '76901', '78745']",False,
LIBRARY_RAW,LANDING,PORTAL_CKA_VIRGINIA_OPEN_DA_651C0C423A,ZIP_CODE,7,TEXT,YES,ZIP,GEO,False,True,place,449,433,115,"['20115', '', '23959', '22656', '24590']",False,
LIBRARY_RAW,LANDING,FED_USASPENDING_BULK,RECIPIENT_PARENT_UEI,55,TEXT,YES,UEI,STEEL,False,True,organization,50000,49997,9807,"['VEK9L8TJ5HL7', 'DN4PXT2WN1N4', 'P3LNRFU5L122', 'HCNVCMEG9NL6', 'R36GQ3N4XT63']",True,landing
LIBRARY_RAW,LANDING,PORTAL_CKA_VIRGINIA_OPEN_DA_E4498C978C,PRP_SITE_ZIP_CODE,16,TEXT,YES,ZIP,GEO,False,True,place,1500,1063,407,"['24381', '23936', '23833', '24539', '23093']",False,
LIBRARY_RAW,LANDING,FED_USASPENDING_ASSISTANCE_FULL,recipient_uei,43,TEXT,YES,UEI,STEEL,True,True,organization,19902879,7788545,223721,"['C26FCTUN91C7', 'FU6NTS4DMG93', 'JXJJHFBDBLD5', 'W3NJNTKTT6S3', 'DVHKP4N619V9']",True,landing
LIBRARY_RAW,LANDING,FED_CMS_OPT_OUT_AFFIDAVITS,NPI,3,TEXT,YES,NPI,STEEL,True,True,provider,57209,57209,56455,"['1750340147', '1215901004', '1124133061', '1407897523', '1679607444']",True,landing
LIBRARY_RAW,LANDING,PORTAL_ARC_TUCSON_OPEN_DATA_57DF097E01,COUNTRY,50,TEXT,YES,COUNTRY,GEO,False,True,place,74,0,0,[''],False,
LIBRARY_RAW,LANDING,FED_MSHA_VIOLATIONS,DOCKET_NO,56,TEXT,YES,DOCKET,STRONG,False,True,case,3087266,192231,37534,"['""SE 2007-242M""', '""SE 2007-308M""', '""SE 2006-155M""', '""SE 2009-357M""', '']",True,landing
LIBRARY_RAW,LANDING,PORTAL_ARC_LA_COUNTY_OPEN_D_E034245E05,NPI,5,TEXT,YES,NPI,STEEL,False,True,provider,8,6,6,"['1003133695', '0', '1265700942', '1336173269', '1760783344']",False,
LIBRARY_RAW,LANDING,PORTAL_ARC_ORANGE_COUNTY_OP_BFABCC10A2,ZIP,7,TEXT,YES,ZIP,GEO,False,True,place,72,72,8,"['92679', '92678', '92694', '92651', '92649']",False,
LIBRARY_RAW,LANDING,PORTAL_SOC_UTAH_OPEN_DATA_P_1614522F52,NPDES_ID,3,TEXT,YES,NPDES_ID,STEEL,False,True,facility,575,575,574,"['UT0025283', 'UTG170003', 'UTG071110', 'UTG790078', 'UTG070979']",True,sample
LIBRARY_RAW,LANDING,PORTAL_ARC_HARRIS_COUNTY_OP_4F19F66C45,IN_COUNTRYCODE,69,TEXT,YES,COUNTRY,GEO,False,True,place,56,0,0,[''],False,
LIBRARY_RAW,LANDING,IRS527_8871_ORGS,MAILING_ZIP,12,TEXT,YES,ZIP,GEO,False,True,place,77591,77591,14798,"['75313', '93403', '48243', '91722', '92014']",False,
LIBRARY_RAW,LANDING,PORTAL_ARC_ATLANTA_DATAATLA_17C43E4BA3,SUP_DOCKET,12,TEXT,YES,DOCKET,STRONG,False,True,case,594,592,552,"['U-18-008', 'U-13-009', 'U-10-038', 'U-16-006', 'U-04-004']",False,
LIBRARY_RAW,LANDING,PORTAL_SOC_UTAH_OPEN_DATA_P_D4ACA49A9B,PROVIDER_NPI,3,TEXT,YES,NPI,STEEL,False,True,provider,1997,1997,531,"['1689709875', '1730892274', '1376810176', '1215010327', '1831454446']",True,sample
LIBRARY_RAW,LANDING,PORTAL_CKA_CALIFORNIA_OPEN_C19A7C8625,COUNTRY,11,TEXT,YES,COUNTRY,GEO,False,True,place,4858,4821,42,"['USA', 'United States', 'US', 'Amador', 'us']",True,sample
LIBRARY_RAW,LANDING,PORTAL_SOC_COLORADO_INFORMA_E80CA7800E,APPR_COUNTY_FIPS,2,TEXT,YES,FIPS,GEO,False,True,place,2000,2000,245,"['4013', 'nan', '34005', '9001', '48037']",False,
LIBRARY_RAW,LANDING,PORTAL_ARC_TUCSON_OPEN_DATA_D4FFB81E01,POSTAL_CODE,51,TEXT,YES,ZIP,GEO,False,True,place,361,361,91,"['85718-3236', '08540-6531', '81611-2000', '85740-5250', '85755-1963']",False,
LIBRARY_RAW,LANDING,FED_ICE_STATISTICS,COUNTRY_OF_CITIZENSHIP,4,TEXT,YES,COUNTRY,GEO,False,True,place,221,197,197,"['Mexico', 'Philippines', 'Ethiopia', 'Grenada', 'Bulgaria']",False,
LIBRARY_RAW,LANDING,PORTAL_ARC_TUCSON_OPEN_DATA_080C2334EE,SITE_ZIP,53,TEXT,YES,ZIP,GEO,False,True,place,17,7,3,"['85705', '85719', '85701', '']",False,
LIBRARY_RAW,LANDING,PORTAL_SOC_UTAH_OPEN_DATA_P_C68BC3F05C,ALTERNATE_CCN_1,39,TEXT,YES,CCN,STEEL,False,True,facility,37,8,8,"['460001', '462319', 'nan', '460019', '462307']",False,
LIBRARY_RAW,LANDING,PORTAL_ARC_HARRIS_COUNTY_OP_4E0F396A33,MAILING_ZIP,87,TEXT,YES,ZIP,GEO,False,True,place,755,3,3,"['78253.0', '77511.0', '76901.0', '78613.0', '37027.0']",False,
LIBRARY_RAW,LANDING,PORTAL_CKA_ANALYZE_BOSTON_9C8338C5C2,ZIP,22,TEXT,YES,ZIP,GEO,False,True,place,1528,1528,31,"['02116', '02136', '02119', '02115', '02127']",False,
LIBRARY_RAW,LANDING,PORTAL_ARC_TUCSON_OPEN_DATA_5B985CBFB5,DOCKET,36,TEXT,YES,DOCKET,STRONG,False,True,case,2000,2000,675,"['12609', '12024', '13753', 'nan', '5532']",False,
LIBRARY_RAW,LANDING,PORTAL_ARC_ATLANTA_DATAATLA_32BD015354,DOCKET_NO,4,TEXT,YES,DOCKET,STRONG,False,True,case,2000,2000,1375,"['Z-06-031', 'Z-06-083', 'Z-07-021a', 'Z-06-006', 'Z-07-025']",False,
LIBRARY_RAW,LANDING,PORTAL_CKA_ISRAEL_NATIONAL_87E3C2014F,ZIP_CODE,7,TEXT,YES,ZIP,GEO,False,True,place,1393,3,3,"['9446759', '6701201', '8602527', '5112001', '7010000']",False,
LIBRARY_RAW,LANDING,XC_EPA_CORPORATE_CROSSWALK,PARENT_UEI,10,TEXT,YES,UEI,STEEL,False,True,organization,5300149,37934,31685,"['NJN3MXD1DJT7', 'TFKWJH1PWUB5', 'JJGPEXQLMDA7', '', 'TJ7EYJNYG2J3']",False,
LIBRARY_RAW,LANDING,PORTAL_ARC_WISCONSIN_OPEN_D_022EFD1AE5,NPI_ID,27,TEXT,YES,NPI,STEEL,False,True,provider,2,0,0,[''],False,
LIBRARY_RAW,LANDING,PORTAL_ARC_LA_COUNTY_OPEN_D_E6A4C1D69B,ZIP,8,TEXT,YES,ZIP,GEO,False,True,place,2000,2000,310,"['90620', '90810', '91790', '91324', '90031']",False,
LIBRARY_RAW,LANDING,FED_DOL_FORM5500,LAST_RPT_SPONS_EIN,79,TEXT,YES,EIN,STEEL,False,True,organization,33484,804,715,"['741695800', '630696876', '911982875', '', '043028678']",True,landing
LIBRARY_RAW,LANDING,PORTAL_ARC_TUCSON_OPEN_DATA_11050C025B,POSTAL_CODE,51,TEXT,YES,ZIP,GEO,False,True,place,8,8,3,"['85748-7998', '85280-0000', '85748-6413', '85704-4282', '85748-7895']",False,
LIBRARY_RAW,LANDING,PORTAL_ARC_OPEN_DATA_MINNEA_7C8C54BD8C,CCN,3,TEXT,YES,CCN,STEEL,False,True,facility,2000,0,0,"['MP 2015 470887', 'MP 2016 002078', 'MP 2016 002375', 'MP 2016 000520', 'MP 2016 001134']",False,
LIBRARY_RAW,LANDING,PORTAL_SOC_MARYLAND_OPEN_DA_7CE817C5CE,CCN,13,TEXT,YES,CCN,STEEL,False,True,facility,64,60,60,"['210033', '210060', '210038', '214012', '210017']",True,sample
LIBRARY_RAW,LANDING,PORTAL_ARC_HARRIS_COUNTY_OP_2D6F9D0DA7,ZIP_CODE,8,TEXT,YES,ZIP,GEO,False,True,place,2000,2000,44,"['77036', '77083', '77063', '77077', '77072']",False,
LIBRARY_RAW,LANDING,FED_IRS_527_ORGS,CONTACT_ZIP,29,TEXT,YES,ZIP,GEO,False,True,place,77591,77591,14573,"['98579', '91722', '10306', '11417', '21401']",True,landing
LIBRARY_RAW,LANDING,PORTAL_ARC_HARRIS_COUNTY_OP_F9118D0DEE,COUNTRY,48,TEXT,YES,COUNTRY,GEO,False,True,place,1164,1164,1,['USA'],False,
LIBRARY_RAW,LANDING,PORTAL_ARC_TUCSON_OPEN_DATA_8E55E53D8D,COUNTRY,74,TEXT,YES,COUNTRY,GEO,False,True,place,2000,2000,3,"['MEXICO', 'nan', 'UNITED KINGDOM']",False,
LIBRARY_RAW,LANDING,FED_EPA_NPDES_NPDES_CS_VIOLATIONS,NPDES_ID,1,TEXT,YES,NPDES_ID,STEEL,True,True,facility,82187,82187,10589,"['AR0020231', 'AR0022012', 'AK0021377', 'AL0053694', 'AL0021407']",True,landing
LIBRARY_RAW,LANDING,PORTAL_ARC_TUCSON_OPEN_DATA_5D84AF2604,ZIP,40,TEXT,YES,ZIP,GEO,False,True,place,190,190,62,"['85701', '85743', '85258', '96816', '90293']",False,
LIBRARY_RAW,LANDING,FED_GOOGLE_POLADS_GEO_SPEND,COUNTRY_SUBDIVISION_SECONDARY,3,TEXT,YES,COUNTRY,GEO,False,True,place,1289,1289,228,"['TX-3 (2026 redistricting)', 'Ladakh', 'SC-2 (2012 redistricting)', 'IL-11 (2022 redistricting)', 'CA-1 (2012 redistricting)']",False,
LIBRARY_RAW,LANDING,FED_EPA_SDWA_SDWA_PUB_WATER_SYSTEMS,ZIP_CODE,39,TEXT,YES,ZIP,GEO,False,True,place,434040,409495,35144,"['65616-0000', '55358', '98801', '56550-0100', '49078']",True,landing
LIBRARY_RAW,LANDING,PORTAL_SOC_UTAH_OPEN_DATA_P_7186EDB84B,ZIP_CODE,6,TEXT,YES,ZIP,GEO,False,True,place,67,67,11,"['84097-7707', '85604', '84097', '84653', '84663']",True,sample
LIBRARY_RAW,LANDING,PORTAL_CKA_CALIFORNIA_OPEN_1424436F0D,ZIP_CODE,10,TEXT,YES,ZIP,GEO,False,True,place,10000,10000,183,"['95521', '94501-4477', '94612-2800', '96120', '93420']",False,
LIBRARY_RAW,LANDING,FED_CMS_MEDICARE_OUTPATIENT_HOSPITALS_BY_PROVIDER_AND_SERVICE,RNDRNG_PRVDR_STATE_FIPS,6,TEXT,YES,FIPS,GEO,False,True,place,116182,116182,50,"['01', '02', '04', '05', '06']",True,landing
LIBRARY_RAW,LANDING,PORTAL_ARC_HARRIS_COUNTY_OP_3E1A188E92,ZIP,81,TEXT,YES,ZIP,GEO,False,True,place,642,642,400,"['76549', '76550', '78648', '78666', '76365']",False,
LIBRARY_RAW,LANDING,FED_NARA_WRA_AAD,FIPS,4,TEXT,YES,FIPS,GEO,False,True,place,36,0,0,[''],False,
LIBRARY_RAW,LANDING,PORTAL_ARC_TUCSON_OPEN_DATA_65984ADFBA,ZIP,49,TEXT,YES,ZIP,GEO,False,True,place,2000,1996,95,"['00000', '92074', '60015', '85741', '85705']",False,
LIBRARY_RAW,LANDING,FED_SEC_EDGAR_COMPANY_TICKERS_EXCHANGE,CIK,1,TEXT,YES,CIK,STEEL,True,True,organization,10398,10398,7998,"['789019', '1018724', '909832', '713676', '1035002']",True,landing
LIBRARY_RAW,LANDING,PORTAL_ARC_WISCONSIN_OPEN_D_D05399642C,ZIP,9,TEXT,YES,ZIP,GEO,False,True,place,8,8,7,"['53821', '53818', '53530', '53533', '53813']",False,
LIBRARY_RAW,LANDING,FED_CMS_MEDICARE_PROVIDER,NPI,1,TEXT,YES,NPI,STEEL,True,True,provider,1296739,1296739,1296739,"['1154488740', '1154493070', '1154488708', '1467424291', '1467426916']",True,landing
LIBRARY_RAW,LANDING,PORTAL_SOC_SF_OPENDATA_DATA_C19EE9EB44,NPI,3,TEXT,YES,NPI,STEEL,False,True,provider,157,99,85,"['1750441721', '1619007986', '1720385032', '1396896122', '1417093105']",True,sample
LIBRARY_RAW,LANDING,PORTAL_ARC_HARRIS_COUNTY_OP_183E778C9D,ZIP,11,TEXT,YES,ZIP,GEO,False,True,place,292,290,72,"['77036', '77063', '77074', ' ', '77026']",False,
LIBRARY_RAW,LANDING,PORTAL_SOC_UTAH_OPEN_DATA_P_FB07CFAF59,ZIP_CODE,4,TEXT,YES,ZIP,GEO,False,True,place,37,37,30,"['84101', '84132', '84604', '84010', '84112']",False,
LIBRARY_RAW,LANDING,PORTAL_ARC_TUCSON_OPEN_DATA_65984ADFBA,POSTAL_CODE,42,TEXT,YES,ZIP,GEO,False,True,place,2000,1996,95,"['92074-0979', '85741-2642', '85741-3117', '85741-3139', '85741-2602']",False,
LIBRARY_RAW,LANDING,PORTAL_CKA_WESTERN_PENNSYLV_0AF7431C6C,EPA_REGISTRY_ID,17,TEXT,YES,FRS_ID,STEEL,False,True,facility,10000,10000,200,"['110000329617', '110001214365', '110000329396', '110000328841', '110001051904']",True,sample
LIBRARY_RAW,LANDING,PORTAL_CKA_WPRDC_ALLEGHENY_886BD5E998,COUNTYFP,9,TEXT,YES,FIPS,GEO,False,True,place,10000,10000,67,"['015', '133', '023', '027', '055']",False,
LIBRARY_RAW,LANDING,PORTAL_SOC_UTAH_OPEN_DATA_P_81A81B1650,ZIP,24,TEXT,YES,ZIP,GEO,False,True,place,5000,4969,3478,"['37321', '56260', '72132', '24315', '85364']",False,
LIBRARY_RAW,LANDING,PORTAL_CKA_WPRDC_ALLEGHENY_5163016C30,LOCATION_ZIP_CODE,10,TEXT,YES,ZIP,GEO,False,True,place,306,306,63,"['15224', '15017', '15233', '15206', '15220']",False,
LIBRARY_RAW,LANDING,PORTAL_ARC_TUCSON_OPEN_DATA_57DF097E01,POSTAL_CODE,51,TEXT,YES,ZIP,GEO,False,True,place,74,26,2,"['nan', '85705-3120', '85726-7210']",False,
LIBRARY_RAW,LANDING,FED_NIH_REPORTER,ORG_DUNS,11,TEXT,YES,DUNS,STEEL,True,True,organization,2122611,1989465,14919,"['605799469', '800771594', '555917996', '076580745', '193247145']",True,landing
LIBRARY_RAW,LANDING,PORTAL_SOC_CONNECTICUT_OPEN_FF2B86A533,ZIP_CODE,7,TEXT,YES,ZIP,GEO,False,True,place,2000,1996,269,"['06029', '06902', '06285', '06084', '06830']",False,
LIBRARY_RAW,LANDING,FED_SEC_EDGAR_FINANCIALS,EIN,20,TEXT,YES,EIN,STEEL,False,True,organization,55635,43144,5771,"['202222203', '871375590', '000000000', '271467257', '592459427']",True,landing
LIBRARY_RAW,LANDING,PORTAL_ARC_TUCSON_OPEN_DATA_289E71C579,POSTAL_CODE,42,TEXT,YES,ZIP,GEO,False,True,place,2000,1996,95,"['85741-2467', '85755-7192', '85741-3061', '85741-2948', '85741-2456']",False,
LIBRARY_RAW,LANDING,FED_CMS_OPEN_PAYMENTS_2023,CCN,3,TEXT,YES,CCN,STEEL,False,True,facility,14700786,31400,1207,"['100240', '160058', '260141', '330285', '410007']",True,landing
LIBRARY_RAW,LANDING,PORTAL_ARC_WISCONSIN_OPEN_D_07CF3C3824,STATE_FIPS,15,TEXT,YES,FIPS,GEO,False,True,place,2,2,1,['55'],False,
LIBRARY_RAW,LANDING,PORTAL_ARC_LA_COUNTY_OPEN_D_1A6706943D,ZIP,11,TEXT,YES,ZIP,GEO,False,True,place,2000,2000,240,"['91335', '90650', '91205', '91206', '91605']",True,sample
LIBRARY_RAW,LANDING,PORTAL_CKA_SAN_JOSE_OPEN_DA_9A45EF98EE,ZIPCODE,10,TEXT,YES,ZIP,GEO,False,True,place,7,7,5,"['95128', '95113', '95124', '95116', '95119']",False,
LIBRARY_RAW,LANDING,FED_USASPENDING_CONTRACTS_FULL,recipient_uei,49,TEXT,YES,UEI,STEEL,True,True,organization,20000000,19999806,420990,"['WWFNFCV65M13', 'NNXRU5BHVUP7', 'D6MTSKS115L9', 'JFAHZHQ9UHJ6', 'CBCQG2JL2WD1']",True,landing
LIBRARY_RAW,LANDING,PORTAL_ARC_HARRIS_COUNTY_OP_D248A81CD8,ZIP_4_EXTENSION,18,TEXT,YES,ZIP,GEO,False,True,place,2000,0,0,"['7650', '4183', '4844', '2194', '4965']",False,
LIBRARY_RAW,LANDING,PORTAL_ARC_WISCONSIN_OPEN_D_601E691159,ZIP_4,10,TEXT,YES,ZIP,GEO,False,True,place,1,0,0,[''],False,
LIBRARY_RAW,LANDING,PORTAL_CKA_ANALYZE_BOSTON_5FC2A4D010,DISSOLVED_OS_ZIP_CODE,27,TEXT,YES,ZIP,GEO,False,True,place,295,282,28,"['02132, 02467', '02136', '02135', '02131', '02128']",False,
LIBRARY_RAW,LANDING,PORTAL_SOC_UTAH_OPEN_DATA_P_6DEEE0BF03,AGENT_ATTORNEY_POSTAL_CODE,47,TEXT,YES,ZIP,GEO,False,True,place,2018,1618,136,"['94133', '55102', '78701', '94104', '10018']",False,
LIBRARY_RAW,LANDING,PORTAL_ARC_HARRIS_COUNTY_OP_FA9969D82E,ZIP,9,TEXT,YES,ZIP,GEO,False,True,place,1128,1128,125,"['77003', '77004', '77068', '77005', '770580000']",True,sample
LIBRARY_RAW,LANDING,FED_SEC_DERA_SUB_2025Q1,EIN,20,TEXT,YES,EIN,STEEL,True,True,organization,6231,4704,4305,"['310411980', '980355078', '410222640', '710225165', '131024020']",True,landing
LIBRARY_RAW,LANDING,PORTAL_ARC_HARRIS_COUNTY_OP_3304C540B7,USER_ZIP_C,71,TEXT,YES,ZIP,GEO,False,True,place,645,0,0,"['77082.0', '77036.0', '77074.0', '77063.0', '77081.0']",False,
LIBRARY_RAW,LANDING,PORTAL_ARC_TN_DATA_TENNESSE_B3E1127384,ZIP_4,18,TEXT,YES,ZIP,GEO,False,True,place,2000,0,0,"['1507', '2-98', '7923', '4313', '0369']",False,
LIBRARY_RAW,LANDING,FED_CMS_OPEN_PAYMENTS,RECIPIENT_ZIP_CODE,16,TEXT,YES,ZIP,GEO,False,True,place,15385047,15384583,21377,"['95204', '02138', '23450', '71101', '26501']",True,landing
LIBRARY_RAW,LANDING,PORTAL_ARC_TUCSON_OPEN_DATA_1073539FE2,ZIP,40,TEXT,YES,ZIP,GEO,False,True,place,41,41,2,"['00000', '85726']",False,
LIBRARY_RAW,LANDING,PORTAL_ARC_ATLANTA_DATAATLA_FD3576897B,ZIP,7,TEXT,YES,ZIP,GEO,False,True,place,15,15,8,"['30324', '30009', '30311', '30022', '30331']",False,
LIBRARY_RAW,LANDING,PORTAL_ARC_TUCSON_OPEN_DATA_B64E31A541,POSTAL_CODE,51,TEXT,YES,ZIP,GEO,False,True,place,798,798,94,"['85726-7210', '85749-8362', '85701-0000', '85745-9796', '00000-0000']",False,
LIBRARY_RAW,RETIRED,FED_IRS_EO_BMF,ZIP,7,TEXT,YES,ZIP,GEO,False,True,place,3949660,3949660,37033,"['35611-2481', '36101-0082', '36203-1437', '35238-0124', '36691-1773']",False,
LIBRARY_RAW,LANDING,PORTAL_ARC_ATLANTA_DATAATLA_BAA69E0D06,ZIP,7,TEXT,YES,ZIP,GEO,False,True,place,51,51,23,"['30097', '30354', '30004', '30308', '30336']",False,
LIBRARY_RAW,LANDING,PORTAL_ARC_TUCSON_OPEN_DATA_726A6C58E2,ZIPCODE,177,TEXT,YES,ZIP,GEO,False,True,place,2000,0,0,[''],False,
LIBRARY_RAW,LANDING,PORTAL_ARC_TUCSON_OPEN_DATA_78A99CB261,COUNTRY,42,TEXT,YES,COUNTRY,GEO,False,True,place,2000,0,0,[''],False,
LIBRARY_RAW,LANDING,FED_CMS_MAIN,FIPS,9,TEXT,YES,FIPS,GEO,False,True,place,158,0,0,[''],False,
LIBRARY_RAW,LANDING,PORTAL_ARC_TUCSON_OPEN_DATA_328AF9F277,DOCKET,36,TEXT,YES,DOCKET,STRONG,False,True,case,6,6,3,"['10533', '11090', '0']",False,
LIBRARY_RAW,LANDING,IRS527_RELATED_ENTITIES,EIN,4,TEXT,YES,EIN,STEEL,True,True,organization,64835,64835,8979,"['522316964', '352144027', '943393989', '364384035', '593723584']",True,landing
LIBRARY_RAW,LANDING,PORTAL_ARC_HARRIS_COUNTY_OP_167EC31B95,USER_MAILING_ZIP,86,TEXT,YES,ZIP,GEO,False,True,place,96,95,52,"['77034', '77018', '77375', 'nan', '75001-6491']",False,
LIBRARY_RAW,LANDING,PORTAL_ARC_CLEVELAND_OPEN_D_590209B88B,NPI_SII,14,TEXT,YES,NPI,STEEL,False,True,provider,34,0,0,"['Buckeye Area/Famicos', 'Fairfax Renaissance', 'Tremont West', ' ', 'Famicos']",False,
LIBRARY_RAW,LANDING,PORTAL_ARC_NEW_HAMPSHIRE_GE_6731F28D87,DOCKET,28,TEXT,YES,DOCKET,STRONG,False,True,case,2000,1819,1695,"['1304120', '1110427', '1112205', '1110397', '1110004']",False,
LIBRARY_RAW,LANDING,PORTAL_SOC_UTAH_OPEN_DATA_P_A9B7E273C8,ZIP_CODE,7,TEXT,YES,ZIP,GEO,False,True,place,61,61,50,"['84041-3692', '84403', '84143', '84648', '84113-']",True,sample
LIBRARY_RAW,LANDING,FED_COURTLISTENER_DOCKETS,COURT_ID,43,TEXT,YES,CL_COURT_ID,STEEL,True,True,organization,71677647,71677647,2199,"['ilnb', 'ohsb', 'wiwb', 'dcb', 'hib']",True,landing
LIBRARY_RAW,LANDING,PORTAL_ARC_ATLANTA_DATAATLA_3E1237B0E9,SUP_DOCKET,12,TEXT,YES,DOCKET,STRONG,False,True,case,128,126,91,"['PC-96-15', 'U-23-028', 'U-25-041', 'U-22-033', 'U-23-014']",False,
LIBRARY_RAW,LANDING,PORTAL_ARC_TUCSON_OPEN_DATA_F9376D5072,COUNTRY,50,TEXT,YES,COUNTRY,GEO,False,True,place,2000,0,0,[''],False,
LIBRARY_RAW,LANDING,FED_EPA_TRI_FACILITY,EPA_REGISTRY_ID,40,TEXT,YES,FRS_ID,STEEL,False,True,facility,64990,64990,64728,"['110007807622', '110007811261', '110000580639', '110041992635', '110008053328']",True,landing
LIBRARY_RAW,LANDING,FED_EPA_NPDES_NPDES_NAICS,NPDES_ID,1,TEXT,YES,NPDES_ID,STEEL,False,True,facility,326473,326473,306831,"['AK0021431', 'AK0053376', 'AK0040649', 'AK0000507', 'AK0021385']",True,landing
LIBRARY_RAW,LANDING,FED_OSHA_ITA_CASE_DETAIL_2025,EIN,4,TEXT,YES,EIN,STEEL,True,True,organization,330447,293328,13387,"['591506958', '570783532', '411236458', '361178800', '881100586']",True,landing
LIBRARY_RAW,LANDING,PORTAL_CKA_HOUSTON_OPEN_DAT_4581DA6829,ZIPCODE,5,TEXT,YES,ZIP,GEO,False,True,place,447,438,10,"['77091', '77088', '77020', '77026', '77018']",False,
LIBRARY_RAW,LANDING,PORTAL_SOC_TEXAS_OPEN_DATA_A415622C5D,TP_ZIP,6,TEXT,YES,ZIP,GEO,False,True,place,2000,1999,972,"['75137', '75218', '78363', '75093', '78739']",False,
LIBRARY_RAW,LANDING,PORTAL_ARC_TUCSON_OPEN_DATA_FA71372C44,POSTAL_CODE,51,TEXT,YES,ZIP,GEO,False,True,place,2000,1996,240,"['85719-1925', '85742-9640', '85713-1627', '85713-2602', '85713-3126']",False,
LIBRARY_RAW,LANDING,PORTAL_CKA_HOUSTON_OPEN_DAT_AB35BB6552,ZIP,14,TEXT,YES,ZIP,GEO,False,True,place,9997,9841,66,"['85', '0', '', '`77093', '77']",False,
LIBRARY_RAW,LANDING,FED_ICE_DETENTION_FACILITY_CODES,DETENTION_FACILITY_CODE,1,TEXT,YES,ICE_FACILITY,STEEL,True,True,facility,1490,1490,1490,"['ABRMCTX', 'ADAMSCO', 'CAMENCE', 'BESECPA', 'BOPDAL']",True,landing
LIBRARY_RAW,LANDING,FED_PCAOB_FORM_AP_FILINGS,FIRM_COUNTRY,6,TEXT,YES,COUNTRY,GEO,False,True,place,155384,155384,55,"['United States', 'Brazil', 'Canada', 'Denmark', 'Bermuda']",True,landing
LIBRARY_RAW,LANDING,PORTAL_ARC_HARRIS_COUNTY_OP_E87E81379A,COUNTRY,15,TEXT,YES,COUNTRY,GEO,False,True,place,34,34,1,['USA'],False,
LIBRARY_RAW,LANDING,ICIJ_OFFSHORE_LEAKS_ENTITIES,COUNTRY_CODES,17,TEXT,YES,COUNTRY,GEO,False,True,place,814344,504991,1101,"['TWN', 'CHE', 'HKG', 'CHN', 'BRA']",False,
LIBRARY_RAW,LANDING,PORTAL_ARC_WISCONSIN_OPEN_D_D05399642C,STATE_FIPS,15,TEXT,YES,FIPS,GEO,False,True,place,8,8,1,['55'],False,
LIBRARY_RAW,LANDING,PORTAL_ARC_WISCONSIN_OPEN_D_D05399642C,COUNTY_FIPS,17,TEXT,YES,FIPS,GEO,False,True,place,8,8,5,"['23', '103', '43', '65', '49']",False,
LIBRARY_RAW,LANDING,FED_CONSOLIDATED_SCREENING_LIST,COUNTRY,26,TEXT,YES,COUNTRY,GEO,False,True,place,25988,161,25,"['RU', '', 'PL', 'CH', 'IL']",False,
LIBRARY_RAW,LANDING,PORTAL_ARC_HARRIS_COUNTY_OP_167EC31B95,USER_ZIP,80,TEXT,YES,ZIP,GEO,False,True,place,96,96,49,"['77389', '77018', '77433', '77094', '77024']",False,
LIBRARY_RAW,LANDING,PORTAL_ARC_TUCSON_OPEN_DATA_7B6232F22D,POSTAL_CODE,42,TEXT,YES,ZIP,GEO,False,True,place,2000,1994,187,"['85701-1317', '00000-0000', '85742-8336', '85702-0711', '85745-1232']",False,
LIBRARY_RAW,LANDING,FED_EPA_EGRID_PLANT_2022,PLANT_FIPS_COUNTY_CODE,18,TEXT,YES,FIPS,GEO,False,True,place,11974,11939,255,"['105', '111', '016', 'FIPSCNTY', '122']",False,
LIBRARY_RAW,LANDING,PORTAL_SOC_COLORADO_INFORMA_F78543C045,EIN,4,TEXT,YES,EIN,STEEL,False,True,organization,249,249,159,"['330589065', '237042291', '841375379', '840425368', '841303335']",True,sample
LIBRARY_RAW,LANDING,PORTAL_ARC_TUCSON_OPEN_DATA_80B28FB6D7,POSTAL_CODE,51,TEXT,YES,ZIP,GEO,False,True,place,21,0,0,[''],False,
LIBRARY_RAW,LANDING,FED_CDC_INJURY_VIOLENCE_COUNTY,ST_GEOID,3,TEXT,YES,FIPS,GEO,False,True,place,132000,132000,51,"['56', '23', '55', '12', '48']",False,
LIBRARY_RAW,LANDING,PORTAL_ARC_TUCSON_OPEN_DATA_3D7C82E432,POSTAL_CODE,51,TEXT,YES,ZIP,GEO,False,True,place,2000,1998,352,"['85749-7806', '85710-4734', '85710-8590', '89012-4984', '85713-2009']",False,
LIBRARY_RAW,LANDING,FED_NSF_AWARDS,ZIP,16,TEXT,YES,ZIP,GEO,False,True,place,125,125,92,"['947201509', '386779704', '871310001', '602080001', '953435001']",False,
LIBRARY_RAW,LANDING,PORTAL_ARC_ORANGE_COUNTY_OP_3A2A7267D1,ZIP,7,TEXT,YES,ZIP,GEO,False,True,place,33,0,0,"['92679.0', '92688.0', '92694.0', 'nan']",False,
LIBRARY_RAW,LANDING,PORTAL_SOC_COLORADO_INFORMA_A50DA9B699,EIN,4,TEXT,YES,EIN,STEEL,False,True,organization,2000,2000,1238,"['742498589', '841079882', '840643721', '846029989', '474648581']",True,sample
LIBRARY_RAW,LANDING,FED_CMS_PART_D_PRESCRIBERS,PRSCRBR_ZIP5,12,TEXT,YES,ZIP,GEO,False,True,place,1416883,1416829,20586,"['93721', '10003', '78734', '87121', '25962']",True,landing
LIBRARY_RAW,LANDING,PORTAL_SOC_COLORADO_INFORMA_46101BE391,EIN,3,TEXT,YES,EIN,STEEL,False,True,organization,2000,2000,1345,"['460471316', '742471052', '840915012', '840518917', '810613961']",True,sample
LIBRARY_RAW,LANDING,PORTAL_SOC_PA_OPEN_DATA_POR_84400DC75D,COUNTY_FIPS,4,TEXT,YES,FIPS,GEO,False,True,place,2000,2000,68,"['009', '003', '005', '007', '013']",False,
LIBRARY_RAW,LANDING,FED_HRSA_HPSA_PRIMARY_CARE,COMMON_STATE_FIPS_CODE,30,TEXT,YES,FIPS,GEO,False,True,place,79158,79158,60,"['64', '56', '60', '68', '66']",False,
LIBRARY_RAW,LANDING,PORTAL_SOC_UTAH_OPEN_DATA_P_6DEEE0BF03,EMPLOYER_COUNTRY,26,TEXT,YES,COUNTRY,GEO,False,True,place,2018,2018,2,"['UNITED STATES OF AMERICA', 'CANADA']",False,
LIBRARY_RAW,LANDING,FED_FDIC_BANK_DATA,ZIP,155,TEXT,YES,ZIP,GEO,False,True,place,27836,27836,12557,"['60030', '62806', '62896', '38024', '13021']",False,
LIBRARY_RAW,LANDING,PORTAL_SOC_CONNECTICUT_OPEN_9A34CD28AE,FIPS_CODE,10,TEXT,YES,FIPS,GEO,False,True,place,2000,2000,8,"['09009', '09003', '09013', '09011', '09001']",True,sample
LIBRARY_RAW,LANDING,FED_COURTLISTENER_POSITIONS,COURT_ID,34,TEXT,YES,CL_COURT_ID,STEEL,True,True,organization,51290,22183,1033,"['ca5', 'ca9', 'almd', 'cand', 'tnwd']",True,landing
LIBRARY_RAW,LANDING,PORTAL_CKA_VIRGINIA_OPEN_DA_AC3869EE0E,P_ZIP,32,TEXT,YES,ZIP,GEO,False,True,place,10000,10000,1,['24401'],False,
LIBRARY_RAW,LANDING,PORTAL_CKA_VIRGINIA_OPEN_DA_D5D649203D,ZIPCODE,25,TEXT,YES,ZIP,GEO,False,True,place,10000,10000,16,"['23832', '23235', '23234', '23236', '23112']",False,
LIBRARY_RAW,LANDING,FED_FOREIGNASSISTANCE,EIN,9,TEXT,YES,EIN,STEEL,False,True,organization,95658,0,0,[''],False,
LIBRARY_RAW,LANDING,PORTAL_ARC_OPEN_DATA_DC_8C6EF16235,SUM_CCN,18,TEXT,YES,CCN,STEEL,False,True,facility,204,0,0,"['48089158.0', '75286877.0', '24093624.0', '48008669.0', '50091385.0']",False,
LIBRARY_RAW,LANDING,PORTAL_ARC_TUCSON_OPEN_DATA_F919285F50,ZIP,40,TEXT,YES,ZIP,GEO,False,True,place,12,12,2,"['85701', '00000']",False,
LIBRARY_RAW,LANDING,PORTAL_ARC_OPEN_DATA_MINNEA_0426858DFE,CCN,6,TEXT,YES,CCN,STEEL,False,True,facility,110,0,0,"['MP 2018 165697', 'MP 2018 169471', 'MP 2018 165962', 'MP 2018 176650', 'MP 2018 165623']",False,
LIBRARY_RAW,LANDING,PORTAL_ARC_TUCSON_OPEN_DATA_1073539FE2,DOCKET,36,TEXT,YES,DOCKET,STRONG,False,True,case,41,41,29,"['10610', 'nan', '9638', '10861', '184']",False,
LIBRARY_RAW,LANDING,PORTAL_ARC_WISCONSIN_OPEN_D_601E691159,NPI_ID,27,TEXT,YES,NPI,STEEL,False,True,provider,1,0,0,[''],False,
LIBRARY_RAW,LANDING,FED_USASPENDING_CONTRACTS,RECIPIENT_PARENT_UEI,17,TEXT,YES,UEI,STEEL,False,True,organization,6325622,6325036,88915,"['MKRZB4TDPWQ8', 'DKD2LKQEM168', 'HKK3H54PK7C3', 'R3SPNGD188J3', 'KHERZNYCF815']",True,landing
LIBRARY_RAW,LANDING,PORTAL_ARC_HARRIS_COUNTY_OP_6133483DE0,USER_ZIP_CODE_1,118,TEXT,YES,ZIP,GEO,False,True,place,67,0,0,[''],False,
LIBRARY_RAW,LANDING,PORTAL_ARC_TUCSON_OPEN_DATA_7B93FAAC46,ZIP,7,TEXT,YES,ZIP,GEO,False,True,place,354,350,12,"['85701', '85716', '85723', '85717', '85705']",False,
LIBRARY_RAW,LANDING,PORTAL_CKA_ANALYZE_BOSTON_134A12A020,FACILITY_ZIP_CODE,12,TEXT,YES,ZIP,GEO,False,True,place,235,235,27,"['02119', '02121', '02136', '02118', '02126']",False,
LIBRARY_RAW,LANDING,FED_SEC_DERA_SUB_2024Q2,EIN,20,TEXT,YES,EIN,STEEL,True,True,organization,7675,5820,4744,"['941692300', '111890605', '130872805', '590739250', '160959303']",True,landing
LIBRARY_RAW,LANDING,INTL_ELECTIONS_CANADA_CONTRIBUTIONS,CONTRIBUTOR_POSTAL_CODE,22,TEXT,YES,ZIP,GEO,False,True,place,12646465,1408,317,"['L8E 5C1', 'N3A3J7', 'L3Y 2R4', 'C1A 7L9', 'N2M2K1']",False,
LIBRARY_RAW,LANDING,PORTAL_ARC_ATLANTA_DATAATLA_1A7F4ADC21,ZIP,7,TEXT,YES,ZIP,GEO,False,True,place,144,144,11,"['30311', '30318', '30331', '30310', '30303']",False,
LIBRARY_RAW,LANDING,PORTAL_CKA_ANALYZE_BOSTON_A6C2B4684A,FIPS_COUNT,17,TEXT,YES,FIPS,GEO,False,True,place,18,17,1,"['', '25']",False,
LIBRARY_RAW,LANDING,PORTAL_ARC_TUCSON_OPEN_DATA_7044E0923D,POSTAL_CODE,51,TEXT,YES,ZIP,GEO,False,True,place,13,4,1,"['85726-7210', 'nan']",False,
LIBRARY_RAW,LANDING,PORTAL_SOC_UTAH_OPEN_DATA_P_7186EDB84B,PROVIDER_CCN,10,TEXT,YES,CCN,STEEL,False,True,facility,67,67,15,"['465189', '465181', '465130', '465170', '465090']",True,sample
LIBRARY_RAW,LANDING,INTL_UN_SC_CONSOLIDATED_SANCTIONS,INDIVIDUAL_ADDRESS_COUNTRY,30,TEXT,YES,COUNTRY,GEO,False,True,place,1011,360,100,"['Italy', 'Afghanistan', 'Indonesia', 'Pakistan', 'Qatar']",False,
LIBRARY_RAW,LANDING,PORTAL_SOC_UTAH_OPEN_DATA_P_8DE28DA9D9,ZIP,24,TEXT,YES,ZIP,GEO,False,True,place,1421,884,169,"['84119', '84037', '84104', '84604', '84118']",False,
LIBRARY_RAW,LANDING,FED_FDIC_BANK_DATA,LEI,77,TEXT,YES,LEI,STEEL,False,True,organization,27836,0,0,"['549300OPKCV6BLMD', '5493006MCOP60BBI', '549300M63SGBHKKB', '549300VGFKRRH43Z', '254900X7FWYBI1T5']",False,
LIBRARY_RAW,LANDING,PORTAL_ARC_WISCONSIN_OPEN_D_D05399642C,NPI_ID,27,TEXT,YES,NPI,STEEL,False,True,provider,8,0,0,"['<Null>', 'nan']",False,
LIBRARY_RAW,LANDING,FED_CMS_IRF,ZIP_CODE,7,TEXT,YES,ZIP,GEO,False,True,place,1222,1222,1127,"['35209', '35811', '36301', '85295', '91405']",True,landing
LIBRARY_RAW,LANDING,INTL_OSFI_REGULATED_FI,POSTAL_ZIP_CODE,12,TEXT,YES,ZIP,GEO,False,True,place,343,1,1,"['M5J 2M2', 'M6K 1V2', 'N1C 0A4', 'M5J 2T8', 'H3H 2T8']",False,
LIBRARY_RAW,LANDING,PORTAL_ARC_TUCSON_OPEN_DATA_90CC86DC8C,SITE_ZIP,53,TEXT,YES,ZIP,GEO,False,True,place,2000,1602,16,"['85730', '', '85705', '85719', '85701']",False,
LIBRARY_RAW,LANDING,PORTAL_ARC_LOUISVILLE_OPEN_4654B3D9BA,ZIP_CODE,7,TEXT,YES,ZIP,GEO,False,True,place,2000,0,0,"['40202.0', '40221.0', '40299.0', '40210.0', '40292.0']",False,
LIBRARY_RAW,LANDING,FED_SEC_DERA_SUB_2024Q2,CIK,2,TEXT,YES,CIK,STEEL,True,True,organization,7675,7675,6250,"['19617', '88121', '78814', '92122', '47111']",True,landing
LIBRARY_RAW,LANDING,FED_COURTLISTENER_OPINION_CLUSTERS,DOCKET_ID,34,TEXT,YES,DOCKET,STRONG,False,True,case,10070727,10070727,9765364,"['64286773', '64286938', '64286625', '70691249', '73096421']",False,
LIBRARY_RAW,LANDING,INTL_IPC_FOOD_INSECURITY_GLOBAL,TOTAL_COUNTRY_POPULATION,3,TEXT,YES,COUNTRY,GEO,False,True,place,735,0,0,"['48595631', '13097396', '13224860', '22969083', '32097671']",False,
LIBRARY_RAW,LANDING,PORTAL_CKA_INDIANA_DATA_HUB_66A945CF17,PROVIDER_NPI,2,TEXT,YES,NPI,STEEL,False,True,provider,5000,5000,840,"['1063896637', '1861543464', '1699854745', '1942220785', '1366620247']",True,sample
LIBRARY_RAW,LANDING,FED_USASPENDING_BULK,COUNTRY_OF_PRODUCT_OR_SERVICE_ORIGIN_CODE,122,TEXT,YES,COUNTRY,GEO,False,True,place,50000,45224,119,"['ESP', '', 'FRA', 'KHM', 'USA']",True,landing
LIBRARY_RAW,LANDING,PORTAL_CKA_WESTERN_PENNSYLV_B26184ED51,ZIP_CODE,5,TEXT,YES,ZIP,GEO,False,True,place,602,600,147,"['', '15611', '15610', '15112', '15205']",False,
LIBRARY_RAW,LANDING,PORTAL_ARC_HARRIS_COUNTY_OP_3E1426DF10,COUNTRY,16,TEXT,YES,COUNTRY,GEO,False,True,place,372,372,1,['USA'],False,
LIBRARY_RAW,LANDING,FED_CMS_POS_OTHER,CCN,18,TEXT,YES,CCN,STEEL,True,True,facility,44429,41262,41262,"['010001', '010005', '010004', '010012', '010073']",True,landing
LIBRARY_RAW,LANDING,FED_DOL_EBSA_FORM5500_SCHEDULE_SB,SB_ACTUARY_US_ZIP,33,TEXT,YES,ZIP,GEO,False,True,place,41802,41787,745,"['16507', '061091732', '902671421', '11791', '085406455']",True,landing
LIBRARY_RAW,LANDING,FED_DOL_OFLC,WORKSITE_POSTAL_CODE_5,137,TEXT,YES,ZIP,GEO,False,True,place,664616,1864,1024,"['48093', '92614', '', '17011', '47711']",False,
LIBRARY_RAW,LANDING,PORTAL_ARC_TUCSON_OPEN_DATA_C1ADDCDDD2,DOCKET_PAGE,4,TEXT,YES,DOCKET,STRONG,False,True,case,2000,2000,699,"['12655-3497', '13965-5728', '13637-3758', '13410-1807_1811', '13592-3968']",False,
LIBRARY_RAW,LANDING,FED_EPA_FRS_FRS_PROGRAM_LINKS,COUNTRY_NAME,12,TEXT,YES,COUNTRY,GEO,False,True,place,4406498,2898695,122,"['CA', 'IN', 'BE', 'KS', 'USA']",True,landing
LIBRARY_RAW,LANDING,PORTAL_ARC_LA_COUNTY_OPEN_D_18EE361084,ZIP,8,TEXT,YES,ZIP,GEO,False,True,place,126,126,13,"['90007', '90015', '90011', '90001', '90003']",False,
LIBRARY_RAW,LANDING,PORTAL_ARC_TUCSON_OPEN_DATA_F970BAADB3,COUNTRY,49,TEXT,YES,COUNTRY,GEO,False,True,place,2000,0,0,[''],False,
LIBRARY_RAW,LANDING,PORTAL_SOC_DELAWARE_OPEN_DA_98A9EE0BC7,PRIMARY_CONTACT_ZIP,9,TEXT,YES,ZIP,GEO,False,True,place,1025,764,505,"['95635', '20003', '85266', '80525', '19801']",False,
LIBRARY_RAW,LANDING,PORTAL_ARC_TUCSON_OPEN_DATA_BADE778B92,COUNTRY,50,TEXT,YES,COUNTRY,GEO,False,True,place,2000,2000,2,"['nan', 'CANADA']",False,
LIBRARY_RAW,LANDING,PORTAL_ARC_TUCSON_OPEN_DATA_6E966EDC1B,POSTAL_CODE,51,TEXT,YES,ZIP,GEO,False,True,place,176,176,47,"['20534-0002', '85008-3455', '85712-2805', '85701-1317', '85747-0000']",False,
LIBRARY_RAW,LANDING,FED_US_USASPENDING_API,PLACE_OF_PERFORMANCE_FIPS,23,TEXT,YES,FIPS,GEO,False,True,place,300,0,0,[''],False,
LIBRARY_RAW,LANDING,PORTAL_ARC_TUCSON_OPEN_DATA_7468CF46DB,POSTAL_CODE,51,TEXT,YES,ZIP,GEO,False,True,place,6,0,0,[''],False,
LIBRARY_RAW,LANDING,PORTAL_ARC_HARRIS_COUNTY_OP_6CDCF96CA7,ZIP,8,TEXT,YES,ZIP,GEO,False,True,place,34,34,18,"['77089', '77505', '77058', '77598', '77521']",False,
LIBRARY_RAW,LANDING,FED_EPA_AQS_SITES,ZIP_CODE,22,TEXT,YES,ZIP,GEO,False,True,place,20994,10953,5820,"['35034', '35986', '35971', '35660', '36092']",False,
LIBRARY_RAW,LANDING,PORTAL_ARC_HARRIS_COUNTY_OP_4E0F396A33,ARC_COUNTRYCODE,69,TEXT,YES,COUNTRY,GEO,False,True,place,755,743,1,"['', 'nan']",False,
LIBRARY_RAW,LANDING,FED_DEA_ARCOS_FULL,BUYER_ZIP,19,TEXT,YES,ZIP,GEO,False,True,place,178598026,167154878,15823,"['20603', '21093', '17402', '22401', '22192']",True,landing
LIBRARY_RAW,LANDING,FED_GOOGLE_POLADS_ADVERTISER_GEO_SPEND,COUNTRY,3,TEXT,YES,COUNTRY,GEO,False,True,place,614078,614078,2,"['US', 'GB']",False,
LIBRARY_RAW,LANDING,FED_NCUA_FEDERALLY_INSURED_CU_LIST,CHARTER_NUMBER,1,TEXT,YES,NCUA_CHARTER,STEEL,True,True,organization,4250,4250,4250,"['818', '1493', '42', '841', '484']",True,landing
LIBRARY_RAW,LANDING,FED_ATF_FFL,COUNTRY,48,TEXT,YES,COUNTRY,GEO,False,True,place,77514,77481,5,"['', 'GUM', 'VIR', 'MNP', 'USA']",False,
LIBRARY_RAW,LANDING,PORTAL_ARC_HARRIS_COUNTY_OP_EDE1E11F9D,COUNTRY,16,TEXT,YES,COUNTRY,GEO,False,True,place,386,386,1,['USA'],False,
LIBRARY_RAW,LANDING,FED_ICE_DETAINERS,BIRTH_COUNTRY,15,TEXT,YES,COUNTRY,GEO,False,True,place,609769,609769,230,"['SENEGAL', 'UNKNOWN', 'BULGARIA', 'ERITREA', 'VENEZUELA']",True,landing
LIBRARY_RAW,LANDING,PORTAL_ARC_ORANGE_COUNTY_OP_EA54EC8366,ZIP,7,TEXT,YES,ZIP,GEO,False,True,place,72,72,8,"['92679', '92694', '92676', '92651', '92675']",False,
LIBRARY_RAW,LANDING,PORTAL_SOC_UTAH_OPEN_DATA_P_ACB06F036D,PATENT_DT,16,TEXT,YES,PATENT,STEEL,False,True,asset,2000,2000,468,"['nan', '2001-04-12T00:00:00.000Z', '2021-12-17T12:00:00.000Z', '1996-01-10T00:00:00.000Z', '2020-01-16T00:00:00.000Z']",False,
LIBRARY_RAW,LANDING,FED_EPA_FRS_FULL,FIPS_CODE,8,TEXT,YES,FIPS,GEO,False,True,place,5300149,4233650,7542,"['34001', '34011', '34027', '34029', '34003']",True,landing
LIBRARY_RAW,LANDING,PORTAL_ARC_TUCSON_OPEN_DATA_A937D836B3,DOCKET,36,TEXT,YES,DOCKET,STRONG,False,True,case,2000,1990,744,"['7538', '11910', '4650', '13963', '0']",False,
LIBRARY_RAW,LANDING,PORTAL_SOC_UTAH_OPEN_DATA_P_52003D36F8,NPI,1,TEXT,YES,NPI,STEEL,False,True,provider,2000,2000,374,"['1003001553', '1003210808', '1003255464', '1053441238', '1003202730']",True,sample
LIBRARY_RAW,LANDING,FED_FEC_BULK,FEC_CMTE_ID,1,TEXT,YES,FEC_CMTE_ID,STEEL,True,True,organization,20938,20938,20938,"['C00005249', 'C00009282', 'C00010561', 'C00025668', 'C00035451']",True,landing
LIBRARY_RAW,LANDING,PORTAL_ARC_TUCSON_OPEN_DATA_4B31591F91,COUNTRY,52,TEXT,YES,COUNTRY,GEO,False,True,place,2000,0,0,[''],False,
LIBRARY_RAW,LANDING,PORTAL_ARC_WISCONSIN_OPEN_D_4EBC995C5D,COUNTY_FIPS,17,TEXT,YES,FIPS,GEO,False,True,place,56,56,38,"['5', '17', '13', '23', '109']",False,
LIBRARY_RAW,LANDING,PORTAL_ARC_TUCSON_OPEN_DATA_AD408FDF6D,COUNTRY,50,TEXT,YES,COUNTRY,GEO,False,True,place,2000,2000,3,"['GERMANY', 'nan', 'CANADA']",False,
LIBRARY_RAW,LANDING,PORTAL_ARC_HARRIS_COUNTY_OP_167EC31B95,IN_COUNTRYCODE,69,TEXT,YES,COUNTRY,GEO,False,True,place,96,0,0,[''],False,
LIBRARY_RAW,LANDING,PORTAL_ARC_LA_COUNTY_OPEN_D_90F6889981,ZIP,6,TEXT,YES,ZIP,GEO,False,True,place,212,212,116,"['91304', '93536', '91321', '91107', '90013']",False,
LIBRARY_RAW,LANDING,PORTAL_ARC_TUCSON_OPEN_DATA_8896D12631,DOCKET,10,TEXT,YES,DOCKET,STRONG,False,True,case,2000,0,0,[''],False,
LIBRARY_RAW,LANDING,PORTAL_SOC_CHICAGO_DATA_POR_26DE83BAF4,DOCKET_NUMBER,2,TEXT,YES,DOCKET,STRONG,False,True,case,2000,2000,599,"['26DT10137M', '24BT02364A', '25BT01755A', '26DT11942M', '22BT02901A']",False,
LIBRARY_RAW,LANDING,PORTAL_ARC_TUCSON_OPEN_DATA_7672DB717A,COUNTRY,51,TEXT,YES,COUNTRY,GEO,False,True,place,2000,0,0,[''],False,
LIBRARY_RAW,LANDING,PORTAL_SOC_CAMBRIDGE_OPEN_D_FB7C7229D0,EIN,1,TEXT,YES,EIN,STEEL,False,True,organization,1259,1259,1259,"['821541201', '042430287', '046116286', '043286660', '133668961']",True,sample
LIBRARY_RAW,LANDING,PORTAL_ARC_HARRIS_COUNTY_OP_4F19F66C45,USER_MAILING_ZIP,87,TEXT,YES,ZIP,GEO,False,True,place,56,56,46,"['77573', '78745', '78731', '77384', '75010']",False,
LIBRARY_RAW,LANDING,PORTAL_ARC_TUCSON_OPEN_DATA_7F7E374C68,DOCKET,36,TEXT,YES,DOCKET,STRONG,False,True,case,1844,1844,721,"['13046', '13911', '13385', '11705', '7760']",False,
LIBRARY_RAW,LANDING,FED_CMS_RURAL_HEALTH_CLINIC_ENROLLMENTS,CCN,7,TEXT,YES,CCN,STEEL,True,True,facility,5530,5313,5313,"['143859', '053996', '063980', '173495', '273405']",True,landing
LIBRARY_RAW,LANDING,FED_USASPENDING_CONTRACTS_FULL,recipient_country_code,59,TEXT,YES,COUNTRY,GEO,False,True,place,20000000,19994805,365,"['USA', 'CAN', 'GERMANY', 'NAN', 'GBR']",True,landing
LIBRARY_RAW,LANDING,PORTAL_ARC_ATLANTA_DATAATLA_7B1D4C8E25,ZIP,7,TEXT,YES,ZIP,GEO,False,True,place,92,92,18,"['30329', '30306', '30322', '30303', '30308']",False,
LIBRARY_RAW,LANDING,PORTAL_ARC_HARRIS_COUNTY_OP_3CFE4113ED,ZIP,7,TEXT,YES,ZIP,GEO,False,True,place,2,2,1,['77015'],False,
LIBRARY_RAW,LANDING,PORTAL_ARC_TUCSON_OPEN_DATA_8AAD75BF85,ZIP,40,TEXT,YES,ZIP,GEO,False,True,place,119,23,2,"['00000', '85726', 'nan']",False,
LIBRARY_RAW,LANDING,FED_ED_COLLEGE_SCORECARD_INSTITUTION,ZIP,7,TEXT,YES,ZIP,GEO,False,True,place,6273,6273,4356,"['85745-2974', '85301-3579', '94501', '35899', '94102-4978']",False,
LIBRARY_RAW,LANDING,PORTAL_SOC_CHICAGO_DATA_POR_FC19B9A2BE,ZIP,11,TEXT,YES,ZIP,GEO,False,True,place,672,671,52,"['60642', '60647', '60656', '60644', '60621']",False,
LIBRARY_RAW,LANDING,FED_USASPENDING_CONTRACTS_FULL_R2,RECIPIENT_DUNS,13,TEXT,YES,DUNS,STEEL,False,True,organization,63729002,57419884,507273,"['030764260', '807927397', '556298193', '031505027', '018039524']",True,landing
LIBRARY_RAW,LANDING,PORTAL_SOC_UTAH_OPEN_DATA_P_5EF68422FF,RECIPIENT_PARENT_DUNS,23,TEXT,YES,DUNS,STEEL,False,True,organization,2000,2000,624,"['9095365', '75429501', '16535861', '76630334', '166609664']",True,sample
LIBRARY_RAW,LANDING,PORTAL_CKA_WPRDC_ALLEGHENY_886BD5E998,STATEFP,5,TEXT,YES,FIPS,GEO,False,True,place,10000,10000,1,['42'],False,
LIBRARY_RAW,LANDING,FED_COURTLISTENER_DOCKETS,DOCKET_NUMBER_CORE,23,TEXT,YES,DOCKET,STRONG,False,True,case,71677647,59050896,6648335,"['08012904', '9512878', '02013901', '1202106', '18018565']",True,landing
LIBRARY_RAW,LANDING,FED_FEC_BULK_LINKAGES,CAND_ID,1,TEXT,YES,FEC_CAND_ID,STEEL,False,True,person,16327,16327,11177,"['H0AL02160', 'H0AZ07108', 'H0CA15247', 'H0FL10097', 'H0AL01055']",True,landing
LIBRARY_RAW,LANDING,FED_NCUA_FEDERALLY_INSURED_CU_LIST,ZIP_CODE_MAILING_ADDRESS,7,TEXT,YES,ZIP,GEO,False,True,place,4250,4250,3319,"['15220', '70004', '20038', '47807', '43016']",True,landing
LIBRARY_RAW,LANDING,FED_FJC_IDB_BANKRUPTCY,DOCKET,9,TEXT,YES,DOCKET,STRONG,False,True,case,6965441,6965441,674677,"['2111494', '2111632', '2110419', '1830169', '2150410']",False,
LIBRARY_RAW,LANDING,FED_GOVINFO_BILLSTATUS,SPONSOR_BIOGUIDE,6,TEXT,YES,BIOGUIDE,STEEL,True,True,person,36465,36465,632,"['B001291', 'U000040', 'P000620', 'M000871', 'B001260']",True,landing
LIBRARY_RAW,LANDING,PORTAL_ARC_TUCSON_OPEN_DATA_A94D7DFBCF,COUNTRY,50,TEXT,YES,COUNTRY,GEO,False,True,place,2000,2000,3,"['nan', 'GERMANY', 'CANADA']",False,
LIBRARY_RAW,LANDING,PORTAL_CKA_ANALYZE_BOSTON_A6C2B4684A,FIPS_PLACE,7,TEXT,YES,FIPS,GEO,False,True,place,18,17,1,"['', '07000']",False,
LIBRARY_RAW,LANDING,PORTAL_ARC_TUCSON_OPEN_DATA_688A84DDBF,ZIP_CODE,18,TEXT,YES,ZIP,GEO,False,True,place,2000,1,1,"['85711.0', '85741.0', '85706.0', '85721.0', 'nan']",False,
LIBRARY_RAW,LANDING,PORTAL_ARC_HARRIS_COUNTY_OP_A35053AC76,COUNTRY,48,TEXT,YES,COUNTRY,GEO,False,True,place,38,38,1,['USA'],False,
LIBRARY_RAW,LANDING,FED_FOREIGNASSISTANCE,COUNTRY,1,TEXT,YES,COUNTRY,GEO,False,True,place,95658,0,0,"['1005', '31', '1029', '24', '398']",False,
LIBRARY_RAW,LANDING,XC_ROR_RESEARCH_ORGANIZATIONS,LOCATIONS_GEONAMES_DETAILS_COUNTRY_CODE,21,TEXT,YES,COUNTRY,GEO,False,True,place,135710,135677,232,"['TW', 'AU', 'KR', 'US', 'NO']",False,
LIBRARY_RAW,LANDING,PORTAL_CKA_ANALYZE_BOSTON_9FE0838E9F,ZIPCODE,11,TEXT,YES,ZIP,GEO,False,True,place,968,942,318,"['02149', '10007', '02143', '02131', '02119']",False,
LIBRARY_RAW,LANDING,FED_HHS_TAGGS,RECIPIENT_EIN,4,TEXT,YES,EIN,STEEL,False,True,organization,45,0,0,[''],False,
LIBRARY_RAW,LANDING,FED_US_USASPENDING_API,RECIPIENT_EIN,6,TEXT,YES,EIN,STEEL,False,True,organization,300,0,0,[''],False,
LIBRARY_RAW,LANDING,FED_CMS_OPEN_PAYMENTS_PROFILE_SUPPLEMENT,COVERED_RECIPIENT_NPI,5,TEXT,YES,NPI,STEEL,True,True,provider,1697025,1681790,1681790,"['1174623243', '1184808461', '1215009741', '1205181997', '1174507578']",True,landing
LIBRARY_RAW,LANDING,PORTAL_ARC_WISCONSIN_OPEN_D_CB1509F410,STATE_FIPS,15,TEXT,YES,FIPS,GEO,False,True,place,42,42,1,['55'],False,
LIBRARY_RAW,LANDING,PORTAL_ARC_TUCSON_OPEN_DATA_0697237A35,POSTAL_CODE,51,TEXT,YES,ZIP,GEO,False,True,place,1958,1956,173,"['85705-4139', '85757-9118', '85713-1774', '85754-6532', '85745-1635']",False,
LIBRARY_RAW,LANDING,FED_DOL_OFLC,WORKSITE_POSTAL_CODE_9,221,TEXT,YES,ZIP,GEO,False,True,place,664616,382,236,"['', '47274', '94118', '30303', '78701']",False,
LIBRARY_RAW,LANDING,FED_IRS_REVOCATION,COUNTRY,8,TEXT,YES,COUNTRY,GEO,False,True,place,1206628,1206628,150,"['US', 'UK', 'CJ', 'WA', 'CA']",True,landing
LIBRARY_RAW,LANDING,PORTAL_SOC_UTAH_OPEN_DATA_P_17CB6B615F,EIN,1,TEXT,YES,EIN,STEEL,False,True,organization,5000,5000,5000,"['10584107', '113696026', '10627411', '10941857', '61750692']",True,sample
LIBRARY_RAW,LANDING,PORTAL_ARC_HARRIS_COUNTY_OP_167EC31B95,USER_CCN,73,TEXT,YES,CCN,STEEL,False,True,facility,96,1,1,"['45C0001599', '45C0001061', '45C0001194', '45C0001453', '45C0001012']",False,
LIBRARY_RAW,LANDING,PORTAL_ARC_TUCSON_OPEN_DATA_40615E7B14,DOCKET,70,TEXT,YES,DOCKET,STRONG,False,True,case,3152,2774,1504,"['6938', '6047', '7256', '1895', '5380']",False,
LIBRARY_RAW,LANDING,PORTAL_ARC_TUCSON_OPEN_DATA_7E21327FCB,COUNTRY,50,TEXT,YES,COUNTRY,GEO,False,True,place,294,0,0,[''],False,
LIBRARY_RAW,LANDING,FED_CMS_MEDICARE_INPATIENT_HOSPITALS_BY_PROVIDER,RNDRNG_PRVDR_ZIP5,5,TEXT,YES,ZIP,GEO,False,True,place,3044,3044,2790,"['35630', '36854', '85295', '36049', '35042']",True,landing
LIBRARY_RAW,LANDING,PORTAL_ARC_TUCSON_OPEN_DATA_65984ADFBA,SITE_ZIP,46,TEXT,YES,ZIP,GEO,False,True,place,2000,1956,1,"['', '85741']",False,
LIBRARY_RAW,LANDING,PORTAL_ARC_LA_COUNTY_OPEN_D_F6444997FA,ZIP,10,TEXT,YES,ZIP,GEO,False,True,place,111,111,98,"['91744', '90025', '91321', '90501', '90640']",False,
LIBRARY_RAW,LANDING,INTL_UCDP_GED,COUNTRY_ID,35,TEXT,YES,COUNTRY,GEO,False,True,place,385918,0,0,"['615', '371', '900', '373', '339']",False,
LIBRARY_RAW,LANDING,FED_FEC_BULK,CMTE_ZIP,8,TEXT,YES,ZIP,GEO,False,True,place,20938,20924,7809,"['20001', '208523004', '29250', '91105', '75217']",True,landing
LIBRARY_RAW,LANDING,PORTAL_ARC_TUCSON_OPEN_DATA_6A79648A77,DOCKET,36,TEXT,YES,DOCKET,STRONG,False,True,case,2000,1987,749,"['4349', '0', '11763', '8387', '10493']",False,
LIBRARY_RAW,LANDING,PORTAL_SOC_COLORADO_INFORMA_4BAD70F01F,EIN,1,TEXT,YES,EIN,STEEL,False,True,organization,2456,2456,2456,"['61773245', '208613113', '237252248', '203132668', '264219405']",True,sample
LIBRARY_RAW,LANDING,IRS527_8872_REPORTS,CONTACT_ZIP_EXT,32,TEXT,YES,ZIP,GEO,False,True,place,55579,0,0,"['8102', '3331', '', '1013', '1529']",True,landing
LIBRARY_RAW,LANDING,PORTAL_ARC_OPEN_DATA_DC_D359158BC8,SECONDARY_ZIP_CODE,28,TEXT,YES,ZIP,GEO,False,True,place,733,733,30,"['20016', '20004', '20009', '20018', '20032']",False,
LIBRARY_RAW,LANDING,FED_SCDB,DOCKET,14,TEXT,YES,DOCKET,STRONG,False,True,case,83644,83572,6877,"['51', '12', '24', '50', '25']",False,
LIBRARY_RAW,LANDING,FED_CMS_MEDICARE_INPATIENT_HOSPITALS_BY_PROVIDER,RNDRNG_PRVDR_CCN,1,TEXT,YES,CCN,STEEL,False,True,facility,3044,3044,3044,"['010007', '030024', '030065', '050089', '030016']",True,landing
LIBRARY_RAW,LANDING,FED_EPA_FRS_FRS_SIC_CODES,REGISTRY_ID,4,TEXT,YES,FRS_ID,STEEL,True,True,facility,1085211,1082848,831499,"['110000307766', '110000308248', '110000308364', '110000307695', '110000307668']",True,landing
LIBRARY_RAW,LANDING,PORTAL_ARC_HARRIS_COUNTY_OP_52229E2E24,USER_ZIP_4_EXTENSION,100,TEXT,YES,ZIP,GEO,False,True,place,488,0,0,"['5190', '3319', '8002', '6349', '2527']",False,
LIBRARY_RAW,LANDING,PORTAL_SOC_UTAH_OPEN_DATA_P_DCD75231F6,CCN_FACILITY_TYPE,10,TEXT,YES,CCN,STEEL,False,True,facility,61,0,0,"['LTCH', 'PH', 'RH', 'CAH', 'CH']",True,sample
LIBRARY_RAW,LANDING,PORTAL_CKA_WESTERN_PENNSYLV_2DEAA849E4,L_ZIP,20,TEXT,YES,ZIP,GEO,False,True,place,10000,10000,107,"['15014', '15065', '15229', '15222', '15120']",False,
LIBRARY_RAW,LANDING,PORTAL_SOC_UTAH_OPEN_DATA_P_A5AE4FD7A4,PROVIDER_CCN,2,TEXT,YES,CCN,STEEL,False,True,facility,94,94,92,"['465066', '465189', '465159', '465130', '465186']",True,sample
LIBRARY_RAW,LANDING,PORTAL_ARC_HARRIS_COUNTY_OP_619A8F0A78,USER_ZIP,81,TEXT,YES,ZIP,GEO,False,True,place,642,642,400,"['77521', '76661', '77082', '75093', '78957']",False,
LIBRARY_RAW,LANDING,FED_PBGC_TRUSTEED_PLANS,EIN,4,TEXT,YES,EIN,STEEL,True,True,organization,5176,5176,4431,"['770278075', '650117058', '344424181', '341110136', '362689361']",True,landing
LIBRARY_RAW,LANDING,PORTAL_ARC_MEMPHIS_OPEN_DAT_3057D84002,DOCKET,5,TEXT,YES,DOCKET,STRONG,False,True,case,1537,1536,1505,"['PD 2000-309', 'PD 2005-372cc', 'PD 1998-365cc', 'PD 1994-316cc', 'PD 1995-315']",False,
LIBRARY_RAW,LANDING,FED_SEC_EDGAR_COMPANY_TICKERS,CIK_STR,2,TEXT,YES,CIK,STEEL,True,True,organization,10414,10414,8018,"['2070829', '319201', '936468', '1075531', '1018724']",True,landing
LIBRARY_RAW,LANDING,PORTAL_ARC_TUCSON_OPEN_DATA_A54A25CA53,ZIP,40,TEXT,YES,ZIP,GEO,False,True,place,2000,1999,311,"['00000', '85295', '75201', '85715', '08540']",False,
LIBRARY_RAW,LANDING,PORTAL_SOC_NEW_YORK_STATE_O_49CD8C5B65,PATENT_NUMBER,1,TEXT,YES,PATENT,STEEL,False,True,asset,161,161,160,"['7,083,919', '8,562,944', '11,467,152', '5,314,905', '1,189,122']",False,
LIBRARY_RAW,LANDING,PORTAL_SOC_UTAH_OPEN_DATA_P_6DEEE0BF03,EMPLOYER_POC_COUNTRY,37,TEXT,YES,COUNTRY,GEO,False,True,place,2018,2018,3,"['UNITED STATES OF AMERICA', 'AUSTRALIA', 'CANADA']",False,
LIBRARY_RAW,LANDING,PORTAL_ARC_TUCSON_OPEN_DATA_89DF24D316,GEOID,74,TEXT,YES,FIPS,GEO,False,True,place,2000,2000,8,"['04019002602', '04019001304', '04019004510', '04019004505', '04019004513']",False,
LIBRARY_RAW,LANDING,PORTAL_ARC_TUCSON_OPEN_DATA_A40FB2876B,COUNTRY,50,TEXT,YES,COUNTRY,GEO,False,True,place,2000,2000,3,"['GERMANY', 'nan', 'CANADA']",False,
LIBRARY_RAW,LANDING,FED_CMS_OPEN_PAYMENTS,RECIPIENT_COUNTRY,17,TEXT,YES,COUNTRY,GEO,False,True,place,15385047,15385047,33,"['Taiwan', 'Germany', 'United States', 'Argentina', 'Japan']",True,landing
LIBRARY_RAW,LANDING,FED_CMS_NPPES,PROVIDER_BUSINESS_MAILING_ADDRESS_COUNTRY_CODE_IF_OUTSIDE_U_S,26,TEXT,YES,COUNTRY,GEO,False,True,place,9606683,9260501,138,"['CC', '', 'US', 'DE', 'PA']",True,landing
LIBRARY_RAW,LANDING,PORTAL_ARC_TUCSON_OPEN_DATA_90C091B01B,COUNTRY,50,TEXT,YES,COUNTRY,GEO,False,True,place,2000,0,0,[' '],False,
LIBRARY_RAW,LANDING,PORTAL_ARC_TUCSON_OPEN_DATA_7672DB717A,STATEFP,71,TEXT,YES,FIPS,GEO,False,True,place,2000,2000,1,['04'],False,
LIBRARY_RAW,LANDING,FED_FAC_SINGLE_AUDIT,AUDITOR_EIN,10,TEXT,YES,EIN,STEEL,False,True,organization,411638,411372,8360,"['741699466', '382706146', '821349697', '640897081', '620713250']",True,landing
LIBRARY_RAW,LANDING,PORTAL_ARC_TUCSON_OPEN_DATA_F0203665DD,ZIP,7,TEXT,YES,ZIP,GEO,False,True,place,2,2,1,['85745'],False,
LIBRARY_RAW,LANDING,IRS527_8872_REPORTS,CUSTODIAN_ZIP,24,TEXT,YES,ZIP,GEO,False,True,place,55579,55500,2861,"['88001', '75206', '40202', '63146', '32301']",True,landing
LIBRARY_RAW,LANDING,FED_COURTLISTENER_DOCKETS,DOCKET_NUMBER_SOURCE,54,TEXT,YES,DOCKET,STRONG,False,True,case,71677647,71677647,1,['0'],True,landing
LIBRARY_RAW,LANDING,PORTAL_SOC_CHICAGO_DATA_POR_51304D7360,DOCKET_NUMBER,1,TEXT,YES,DOCKET,STRONG,False,True,case,2000,2000,1849,"['11CP026554', '11CP079197', '12CP083419', '15CP023162', '11CP015666']",False,
LIBRARY_RAW,LANDING,FED_USASPENDING_CONTRACTS_FULL,country_of_product_or_service_origin,123,TEXT,YES,COUNTRY,GEO,False,True,place,20000000,13573535,251,"['AFGHANISTAN', 'UNITED STATES', '', 'UNITED KINGDOM', 'CANADA']",True,landing
LIBRARY_RAW,LANDING,PORTAL_ARC_TUCSON_OPEN_DATA_726A6C58E2,SITE_ZIP,55,TEXT,YES,ZIP,GEO,False,True,place,2000,1678,12,"['85745', '', '85741', '85704', '85705']",False,
LIBRARY_RAW,LANDING,PORTAL_ARC_TUCSON_OPEN_DATA_7672DB717A,COUNTYFP,72,TEXT,YES,FIPS,GEO,False,True,place,2000,2000,1,['019'],False,
LIBRARY_RAW,LANDING,PORTAL_ARC_OPEN_DATA_MINNEA_5605A903BD,ZIP,8,TEXT,YES,ZIP,GEO,False,True,place,39,38,15,"['55407', 'nan', '55414', '55417', '55409']",False,
LIBRARY_RAW,LANDING,PORTAL_CKA_ANALYZE_BOSTON_C1B203DC0A,ZIP,24,TEXT,YES,ZIP,GEO,False,True,place,3631,3631,31,"['02111', '02124', '02121', '02116', '02125']",False,
LIBRARY_RAW,LANDING,PORTAL_SOC_UTAH_OPEN_DATA_P_6862B465D5,SUBAWARDEE_COUNTRY_CODE,28,TEXT,YES,COUNTRY,GEO,False,True,place,1883,1883,3,"['USA', 'nan', 'CA']",True,sample
LIBRARY_RAW,LANDING,FED_CONGRESS_COMMITTEE_MEMBERSHIP,BIOGUIDE,4,TEXT,YES,BIOGUIDE,STEEL,True,True,person,3879,3879,528,"['S001208', 'P000595', 'E000295', 'H001061', 'M000355']",True,landing
LIBRARY_RAW,LANDING,PORTAL_ARC_LA_COUNTY_OPEN_D_58A85AED74,NPI,10,TEXT,YES,NPI,STEEL,False,True,provider,2,2,2,"['1760783344', '1336173269']",False,
LIBRARY_RAW,LANDING,PORTAL_ARC_HARRIS_COUNTY_OP_6133483DE0,USER_ZIP_CODE,52,TEXT,YES,ZIP,GEO,False,True,place,67,0,0,[''],False,
LIBRARY_RAW,LANDING,PORTAL_CKA_WPRDC_ALLEGHENY_EA2EE5F5AD,ZIPCODE,17,TEXT,YES,ZIP,GEO,False,True,place,32,32,20,"['15212', '15211', '15207', '15221', '15214']",False,
LIBRARY_RAW,LANDING,PORTAL_SOC_UTAH_OPEN_DATA_P_18582DDC54,PATENT_NBR,15,TEXT,YES,PATENT,STEEL,False,True,asset,2000,2000,1233,"['P-20361-117-554', 'P-20391-142-642', 'P-19335-1-386', 'P-20361-61-506', 'nan']",False,
LIBRARY_RAW,LANDING,PORTAL_ARC_TUCSON_OPEN_DATA_5B985CBFB5,SITE_ZIP,53,TEXT,YES,ZIP,GEO,False,True,place,2000,1667,11,"['85704', '', '85741', '85745', '85705']",False,
LIBRARY_RAW,LANDING,PORTAL_ARC_TUCSON_OPEN_DATA_E9360F6C40,SITE_ZIP,53,TEXT,YES,ZIP,GEO,False,True,place,833,609,3,"['85719', '85716', '85705', '']",False,
LIBRARY_RAW,LANDING,PORTAL_CKA_WESTERN_PENNSYLV_23B8B5B7D2,ZIP_CODE,3,TEXT,YES,ZIP,GEO,False,True,place,3420,3420,24,"['15210', '15219', '15221', '15214', '15207']",False,
LIBRARY_RAW,LANDING,PORTAL_SOC_NEW_YORK_STATE_O_153DF2DB81,FACILITY_ZIP,50,TEXT,YES,ZIP,GEO,False,True,place,1996,1952,736,"['13676', '14063', '12075', '10038', '14559']",False,
LIBRARY_RAW,LANDING,PORTAL_ARC_NEW_MEXICO_OPEN_1B6C7F7FBD,ZIP,8,TEXT,YES,ZIP,GEO,False,True,place,32,9,9,"['87544', '87740', 'NOT AVAILABLE', '86504', '87102']",False,
LIBRARY_RAW,LANDING,PORTAL_ARC_TUCSON_OPEN_DATA_7E21327FCB,ZIP,40,TEXT,YES,ZIP,GEO,False,True,place,294,294,35,"['85704', '85726', '85701', '85713', '85706']",False,
LIBRARY_RAW,LANDING,PORTAL_SOC_UTAH_OPEN_DATA_P_D5F7CA2621,C_9_ZIP,8,TEXT,YES,ZIP,GEO,False,True,place,2000,2000,76,"['84128', '84087', '84118', '84029', '84042']",True,sample
LIBRARY_RAW,LANDING,FED_FAC_SINGLE_AUDIT,AUDITEE_UEI,3,TEXT,YES,UEI,STEEL,True,True,organization,411638,411638,59493,"['Q4G9GXG77NG8', 'FBK2S3QCE1F7', 'X6UNF61USJB1', 'R8VWF8BT4LN6', 'ZD5ZBMA99Z25']",True,landing
LIBRARY_RAW,LANDING,PORTAL_ARC_TUCSON_OPEN_DATA_F9376D5072,SITE_ZIP,53,TEXT,YES,ZIP,GEO,False,True,place,2000,1766,1,"['', '85705']",False,
LIBRARY_RAW,LANDING,PORTAL_ARC_TUCSON_OPEN_DATA_944B32BC37,ZIP,8,TEXT,YES,ZIP,GEO,False,True,place,502,502,27,"['85705', '85711', '85701', '85713', '85714']",False,
LIBRARY_RAW,LANDING,FED_CMS_NURSING_HOME_PENALTIES,ZIP_CODE,6,TEXT,YES,ZIP,GEO,False,True,place,16180,16180,5101,"['85206', '71901', '85375', '36025', '35622']",True,landing
LIBRARY_RAW,LANDING,FED_NTSB_AVIATION_AIRCRAFT,OPER_ZIP,49,TEXT,YES,ZIP,GEO,False,True,place,31503,23379,9644,"['94949', '33543', 'None', '07035', '84720']",False,
LIBRARY_RAW,LANDING,FED_RETRACTION_WATCH,COUNTRY,7,TEXT,YES,COUNTRY,GEO,False,True,place,71591,71377,3594,"['Turkey;United States', 'China;Turkey', 'Iran', 'Denmark;Hong Kong;Macau', 'China;Iran;South Korea;Vietnam']",False,
LIBRARY_RAW,LANDING,PORTAL_SOC_COLORADO_INFORMA_DE6C8A6901,APPR_COUNTY_FIPS,2,TEXT,YES,FIPS,GEO,False,True,place,2000,2000,346,"['17005', 'nan', '5123', '16001', '37147']",False,
LIBRARY_RAW,LANDING,PORTAL_ARC_TUCSON_OPEN_DATA_F970BAADB3,POSTAL_CODE,50,TEXT,YES,ZIP,GEO,False,True,place,2000,1764,197,"['85719-2534', '85705-6635', '08854-5723', '85716-0000', '85743-9440']",False,
LIBRARY_RAW,LANDING,PORTAL_ARC_TUCSON_OPEN_DATA_8E55E53D8D,DOCKET,35,TEXT,YES,DOCKET,STRONG,False,True,case,2000,0,0,[''],False,
LIBRARY_RAW,LANDING,FED_IRS_527_ORGS,BUS_ZIP,35,TEXT,YES,ZIP,GEO,False,True,place,77591,77581,14763,"['98579', '65804', '11375', '93101', '11530']",True,landing
LIBRARY_RAW,LANDING,FED_HRSA_SHORTAGE_AREAS,HPSA_POSTAL_CODE,47,TEXT,YES,ZIP,GEO,False,True,place,165531,22007,4969,"['96944', '96943', '82609-3345', '96910', '82443-2410']",False,
LIBRARY_RAW,LANDING,PORTAL_ARC_LA_COUNTY_OPEN_D_D75E8EA051,ZIP_CODE,8,TEXT,YES,ZIP,GEO,False,True,place,385,385,97,"['90021', '90221', '90601', '90805', '90058']",False,
LIBRARY_RAW,LANDING,CA_LOBBY_CHG_LOG,FILER_ZIP,14,TEXT,YES,ZIP,GEO,False,True,place,85765,19636,1660,"['90017    ', '20036    ', '90012    ', '95814    ', '']",False,
LIBRARY_RAW,LANDING,PORTAL_SOC_TEXAS_OPEN_DATA_D83872D208,DISTRICT_COURT_DOCKET_NO,3,TEXT,YES,DOCKET,STRONG,False,True,case,239,239,231,"['D-1-GN-19-008039', 'D-1-GV-13-000630', 'D-1-GN-15-004130', 'D-1-GN-21-007088', 'D-1-GN-22-001595']",False,
LIBRARY_RAW,LANDING,PORTAL_ARC_KENTUCKY_OPEN_GI_100DA931EB,ZIP,7,TEXT,YES,ZIP,GEO,False,True,place,1971,1881,216,"['42240-6800', '40299-6319', '40391-9680', '40165', '42101']",False,
LIBRARY_RAW,LANDING,FED_USASPENDING_ASSISTANCE_FULL,primary_place_of_performance_zip_4,78,TEXT,YES,ZIP,GEO,False,True,place,19902879,12753109,38523,"['299024601', '132022960', '744642301', '596013910', '010636318']",True,landing
LIBRARY_RAW,LANDING,PORTAL_ARC_HARRIS_COUNTY_OP_F3D3A3AB57,ZIP,7,TEXT,YES,ZIP,GEO,False,True,place,125,125,40,"['77089', '77546', '77049', '77598', '77581']",False,
LIBRARY_RAW,LANDING,PORTAL_SOC_CONNECTICUT_OPEN_9A34CD28AE,ZIP,8,TEXT,YES,ZIP,GEO,False,True,place,2000,2000,29,"['06904', '06105', '06706', '06492', '06606']",True,sample
LIBRARY_RAW,LANDING,PORTAL_SOC_UTAH_OPEN_DATA_P_289C31329B,ZIP_CODE,4,TEXT,YES,ZIP,GEO,False,True,place,2402,2401,200,"['84120', '84047', '84104', '84779', '84050']",False,
LIBRARY_RAW,LANDING,PORTAL_ARC_LA_COUNTY_OPEN_D_3D07EB80AC,ZIP,10,TEXT,YES,ZIP,GEO,False,True,place,1355,1355,259,"['90071', '90274', '91744', '91776', '90638']",False,
LIBRARY_RAW,LANDING,PORTAL_ARC_TUCSON_OPEN_DATA_95246841CB,ZIP,40,TEXT,YES,ZIP,GEO,False,True,place,189,189,60,"['94107', '85751', '85254', '10464', '85718']",False,
LIBRARY_RAW,LANDING,ICIJ_OFFSHORE_LEAKS_OFFICERS,COUNTRY_CODES,4,TEXT,YES,COUNTRY,GEO,False,True,place,771315,470258,4767,"['VNM', 'CHN', 'JPN', 'KOR', 'AUS']",False,
LIBRARY_RAW,LANDING,FED_EPA_FRS_FRS_PROGRAM_LINKS,REGISTRY_ID,3,TEXT,YES,FRS_ID,STEEL,True,True,facility,4406498,4406498,3422891,"['110072072703', '110015818720', '110000587776', '110006569524', '110015586034']",True,landing
LIBRARY_RAW,LANDING,PORTAL_ARC_WISCONSIN_OPEN_D_07CF3C3824,NPI_ID,27,TEXT,YES,NPI,STEEL,False,True,provider,2,0,0,"['<Null>', 'nan']",False,
LIBRARY_RAW,LANDING,FED_SEC_DERA_SUB_2025Q4,EIN,20,TEXT,YES,EIN,STEEL,True,True,organization,6304,4870,4501,"['350257090', '430259330', '341531521', '840608431', '580831862']",True,landing
LIBRARY_RAW,LANDING,PORTAL_ARC_TUCSON_OPEN_DATA_F91596293E,ZIP,7,TEXT,YES,ZIP,GEO,False,True,place,36,34,7,"['85716', '85719', '85713', '85745', '85711']",False,
LIBRARY_RAW,LANDING,PORTAL_ARC_HARRIS_COUNTY_OP_D044517CB3,ZIP_CODE_1,83,TEXT,YES,ZIP,GEO,False,True,place,712,0,0,"['<Null>', 'nan']",False,
LIBRARY_RAW,LANDING,FED_DOL_FORM5500,SPONS_DFE_MAIL_FOREIGN_CNTRY,48,TEXT,YES,COUNTRY,GEO,False,True,place,33484,122,6,"['', 'CA', 'IN', 'KY', 'US']",True,landing
LIBRARY_RAW,LANDING,PORTAL_ARC_TUCSON_OPEN_DATA_057C5355E3,SITE_ZIP,56,TEXT,YES,ZIP,GEO,False,True,place,2000,1619,21,"['85718', '85705', '85712', 'nan', '85747']",False,
LIBRARY_RAW,LANDING,XC_EPA_CORPORATE_CROSSWALK,ULTIMATE_PARENT_LEI,7,TEXT,YES,LEI,STEEL,False,True,organization,5300149,37640,1174,"['549300V9QSIG4WX4GJ96', 'IM7X0T3ECJW4C1T7ON55', '21380068P1DRHMJ8KU70', '213800LH1BZH3DI6G760', 'J3WHBG0MTS7O8ZVMDC91']",False,
LIBRARY_RAW,LANDING,PORTAL_ARC_TUCSON_OPEN_DATA_1073539FE2,SITE_ZIP,53,TEXT,YES,ZIP,GEO,False,True,place,41,8,4,"['', '85701', '85713', '85705', '85706']",False,
LIBRARY_RAW,LANDING,FED_MSHA_VIOLATIONS,MINE_ID,10,TEXT,YES,MINE_ID,STEEL,True,True,facility,3087266,3087266,31277,"['""0101565""', '""0101832""', '""0101401""', '""0101883""', '""0102014""']",True,landing
LIBRARY_RAW,LANDING,FED_CMS_HOSPICE,CCN,1,TEXT,YES,CCN,STEEL,True,True,facility,6852,5155,5155,"['001505', '011680', '001575', '011638', '001508']",True,landing
LIBRARY_RAW,LANDING,PORTAL_ARC_TUCSON_OPEN_DATA_563E6E04A6,ZIP,7,TEXT,YES,ZIP,GEO,False,True,place,339,335,12,"['85716', '85719', '85701', '85705', '85723']",False,
LIBRARY_RAW,LANDING,PORTAL_ARC_TUCSON_OPEN_DATA_8AB8EAF3DF,DOCKET,11,TEXT,YES,DOCKET,STRONG,False,True,case,2000,2000,846,"['12598', '9801', '7303', '983', '11238']",False,
LIBRARY_RAW,LANDING,FED_NIH_REPORTER,ORG_FIPS,15,TEXT,YES,FIPS,GEO,False,True,place,2122611,0,0,[],True,landing
LIBRARY_RAW,LANDING,FED_USASPENDING_ASSISTANCE_FULL,primary_place_of_performance_country_name,71,TEXT,YES,COUNTRY,GEO,False,True,place,19902879,17914579,239,"['', 'RWANDA', 'TANZANIA', 'MOROCCO', 'PANAMA']",True,landing
LIBRARY_RAW,LANDING,FED_IRS_SOI_CHARITIES,ZIP,7,TEXT,YES,ZIP,GEO,False,True,place,2450,2450,113,"['96799-1715', '00823-6193', '00804-0370', '00850-9924', '00000-0000']",True,landing
LIBRARY_RAW,LANDING,FED_CMS_FACILITY_AFFILIATION,CCN,8,TEXT,YES,CCN,STEEL,False,True,facility,2260193,2249998,38103,"['180001', '450165', '227551', '235407', '040036']",True,landing
LIBRARY_RAW,LANDING,PORTAL_ARC_TUCSON_OPEN_DATA_DB600D27AE,COUNTRY,50,TEXT,YES,COUNTRY,GEO,False,True,place,2000,2000,3,"['CANADA', 'nan', 'GERMANY']",False,
LIBRARY_RAW,LANDING,PORTAL_ARC_HARRIS_COUNTY_OP_3304C540B7,COUNTRY,66,TEXT,YES,COUNTRY,GEO,False,True,place,645,645,3,"['<Null>', 'nan', 'USA']",False,
LIBRARY_RAW,LANDING,PORTAL_SOC_UTAH_OPEN_DATA_P_7105312F13,PATENT_NBR,10,TEXT,YES,PATENT,STEEL,False,True,asset,2000,2000,1027,"['P-19335-1-216', 'P-20361-96-00', 'P-18918', 'P-19808-4-46', 'P-20361']",False,
LIBRARY_RAW,LANDING,FED_EPA_SDWA_SDWA_VIOLATIONS_ENFORCEMENT,PWSID,2,TEXT,YES,PWSID,STEEL,True,True,facility,15432737,15432737,258445,"['090600121', '090600133', '090600122', '090600125', '090600126']",True,landing
LIBRARY_RAW,LANDING,FED_DHS_HIFLD,FIPS,8,TEXT,YES,FIPS,GEO,False,True,place,500,0,0,[''],False,
LIBRARY_RAW,LANDING,PORTAL_CKA_ANALYZE_BOSTON_5EDCDE6490,ZIPCODE,5,TEXT,YES,ZIP,GEO,False,True,place,28,28,14,"['02130', '02132', '02120', '02115', '02119']",False,
LIBRARY_RAW,LANDING,PORTAL_ARC_TUCSON_OPEN_DATA_95246841CB,POSTAL_CODE,51,TEXT,YES,ZIP,GEO,False,True,place,189,189,60,"['85742-8460', '85705-3807', '85719-6146', '85701-2410', '10464-0216']",False,
LIBRARY_RAW,LANDING,PORTAL_ARC_HARRIS_COUNTY_OP_795533139C,IN_COUNTRY,69,TEXT,YES,COUNTRY,GEO,False,True,place,100,0,0,[' '],False,
LIBRARY_RAW,LANDING,PORTAL_ARC_TUCSON_OPEN_DATA_289E71C579,COUNTRY,41,TEXT,YES,COUNTRY,GEO,False,True,place,2000,0,0,[''],False,
LIBRARY_RAW,LANDING,INTL_GDELT,ACTOR1GEO_COUNTRYCODE,26,TEXT,YES,COUNTRY,GEO,False,True,place,1015,0,0,"['1', '0']",False,
LIBRARY_RAW,LANDING,PORTAL_ARC_HARRIS_COUNTY_OP_A2C8055EFB,ZIP,7,TEXT,YES,ZIP,GEO,False,True,place,2000,2000,171,"['77048', '77084', '77056', '77091', '78602']",False,
LIBRARY_RAW,LANDING,PORTAL_CKA_INDIANA_DATA_HUB_FC0ABC5EDF,OFFENSE_STATE_FIPS,9,TEXT,YES,FIPS,GEO,False,True,place,10000,10000,1,['18'],False,
LIBRARY_RAW,LANDING,FED_CMS_NPPES,EMPLOYER_IDENTIFICATION_NUMBER_EIN,4,TEXT,YES,EIN,STEEL,False,True,organization,9606683,0,0,"['<UNAVAIL>', '']",True,landing
LIBRARY_RAW,LANDING,INTL_GLEIF,Entity.SuccessorEntity.1.SuccessorLEI,204,TEXT,YES,LEI,STEEL,False,True,organization,3382301,34181,27279,"['213800YNTSXMYCYJW933', '213800KT8MEUJEJ2KW41', '213800H9LHBD1TGZHG80', '213800FUMMFTQI38ZQ10', '']",True,landing
LIBRARY_RAW,LANDING,INTL_FATF_RATINGS,COUNTRY,1,TEXT,YES,COUNTRY,GEO,False,True,place,200,200,150,"['Consolidated assessment ratings', 'Australia', 'Jurisdictions under Increased Monitoring - 19 June 2026', 'application/pdf', 'English']",False,
LIBRARY_RAW,LANDING,IRS527_8871_ORGS,CONTACT_ZIP,28,TEXT,YES,ZIP,GEO,False,True,place,77591,77591,14573,"['91722', '96813', '11010', '08534', '27288']",False,
LIBRARY_RAW,LANDING,FED_US_SEC_EDGAR,EIN,14,TEXT,YES,EIN,STEEL,False,True,organization,48990,48400,24,"['201665019', '911646860', '942404110', '912197729', '943177549']",False,
LIBRARY_RAW,LANDING,PORTAL_ARC_TUCSON_OPEN_DATA_57DF097E01,DOCKET,36,TEXT,YES,DOCKET,STRONG,False,True,case,74,74,39,"['5722', '2399', '4998', '6940', '11183']",False,
LIBRARY_RAW,LANDING,FED_USASPENDING_CONTRACTS_FULL,prime_award_transaction_place_of_performance_county_fips_code,77,TEXT,YES,FIPS,GEO,False,True,place,20000000,18077747,3263,"['38017', '24035', '29189', '25017', '24027']",True,landing
LIBRARY_RAW,LANDING,PORTAL_ARC_LA_COUNTY_OPEN_D_E034245E05,ZIP_CODE,12,TEXT,YES,ZIP,GEO,False,True,place,8,7,5,"['91505-4809', '0', '92354-1727', '92868-3201', '95405-9405']",False,
LIBRARY_RAW,LANDING,PORTAL_SOC_TEXAS_OPEN_DATA_DA657010B1,LOC_ZIP,8,TEXT,YES,ZIP,GEO,False,True,place,2000,2000,612,"['78572', '75214', '79606', '76504', '75201']",False,
LIBRARY_RAW,LANDING,FED_DOL_FORM5500,PREPARER_FOREIGN_CNTRY,133,TEXT,YES,COUNTRY,GEO,False,True,place,33484,0,0,[''],True,landing
LIBRARY_RAW,LANDING,PORTAL_ARC_TUCSON_OPEN_DATA_44F7648869,POSTAL_CODE,51,TEXT,YES,ZIP,GEO,False,True,place,2000,1993,191,"['68179-1640', '85741-3271', '85741-3200', '85701-1317', '85742-8654']",False,
LIBRARY_RAW,LANDING,PORTAL_ARC_TUCSON_OPEN_DATA_B64E31A541,SITE_ZIP,53,TEXT,YES,ZIP,GEO,False,True,place,798,457,24,"['85715', '', '85704', '85741', '85705']",False,
LIBRARY_RAW,LANDING,FED_CMS_MEDICARE_PHYSICIAN_OTHER_PRACTITIONERS_BY_PROVIDER,RNDRNG_PRVDR_CNTRY,15,TEXT,YES,COUNTRY,GEO,False,True,place,1296739,1296739,25,"['PK', 'NZ', 'IN', 'US', 'SA']",True,landing
LIBRARY_RAW,LANDING,FED_IRS_EO_BMF,ZIP,7,TEXT,YES,ZIP,GEO,False,True,place,1983563,1983563,37060,"['11223-1201', '11428-2121', '11729-4213', '11234-4333', '11226-7818']",True,landing
LIBRARY_RAW,LANDING,PORTAL_ARC_TUCSON_OPEN_DATA_0F83B7C628,SITE_ZIP,53,TEXT,YES,ZIP,GEO,False,True,place,142,116,2,"['85701', '', '85745']",False,
LIBRARY_RAW,LANDING,PORTAL_ARC_HARRIS_COUNTY_OP_D048520A99,IN_COUNTRY,69,TEXT,YES,COUNTRY,GEO,False,True,place,254,0,0,[' '],False,
LIBRARY_RAW,LANDING,PORTAL_ARC_WISCONSIN_OPEN_D_5206358BDD,ZIP,9,TEXT,YES,ZIP,GEO,False,True,place,604,604,553,"['55103', '55051', '56359', '56573', '49783']",False,
LIBRARY_RAW,LANDING,PORTAL_CKA_ANALYZE_BOSTON_5DD692715C,ZIP,6,TEXT,YES,ZIP,GEO,False,True,place,3302,3298,32,"['02129', '02120', '02135', '02130', '02125']",False,
LIBRARY_RAW,LANDING,FED_SEC_13F_FILERS,FILINGMANAGER_ZIPCODE,15,TEXT,YES,ZIP,GEO,False,True,place,344109,298529,3638,"['33420', 'R3C3R8', '15215', 'F3 00000', '52556']",False,
LIBRARY_RAW,LANDING,FED_FDA_FAERS_DEMO,OCCR_COUNTRY,33,TEXT,YES,COUNTRY,GEO,False,True,place,5811086,1362553,186,"['ES', 'JP', 'DE', 'RU', 'TR']",False,
LIBRARY_RAW,LANDING,FED_NCUA_CALL_REPORTS_FS220,CU_NUMBER,1,TEXT,YES,NCUA_CHARTER,STEEL,True,True,organization,4336,4336,4336,"['319', '690', '1263', '303', '1397']",True,landing
LIBRARY_RAW,LANDING,PORTAL_ARC_OPEN_DATA_RALEIG_EFBB617010,TERTIARY_ZIP_CODE,151,TEXT,YES,ZIP,GEO,False,True,place,2000,394,3,"['27612', '27513', '27511', 'nan']",False,
LIBRARY_RAW,LANDING,PORTAL_CKA_CALIFORNIA_OPEN_C19A7C8625,PWS_ID_OR_OTHER_ID,18,TEXT,YES,PWSID,STEEL,False,True,facility,4858,4842,603,"['CA0310012', 'CA0110001', 'CA0510004', 'CA0110003', 'CA0110008']",True,sample
LIBRARY_RAW,LANDING,FED_USASPENDING_CONTRACTS,RECIPIENT_DUNS,13,TEXT,YES,DUNS,STEEL,False,True,organization,6325622,0,0,[''],True,landing
LIBRARY_RAW,LANDING,FED_CONGRESS_LEGISLATORS,BIOGUIDE,1,TEXT,YES,BIOGUIDE,STEEL,True,True,person,12847,12834,12781,"['W000802', 'J000298', 'W000800', 'H001067', 'S000033']",True,landing
LIBRARY_RAW,LANDING,PORTAL_ARC_HARRIS_COUNTY_OP_795533139C,COUNTRY,48,TEXT,YES,COUNTRY,GEO,False,True,place,100,100,1,['USA'],False,
LIBRARY_RAW,LANDING,FED_DOL_OFLC,WORKSITE_POSTAL_CODE_4,116,TEXT,YES,ZIP,GEO,False,True,place,664616,3611,1591,"['94107', '75201', '73114', '', '94158']",False,
LIBRARY_RAW,LANDING,PORTAL_CKA_ISRAEL_NATIONAL_B0A05D8626,COUNTRY,1,TEXT,YES,COUNTRY,GEO,False,True,place,145,0,0,"['טונגה', 'דנמרק', 'ונואטו', 'גרמניה', 'חוף השנהב (קוט דיוואר)']",False,
LIBRARY_RAW,LANDING,FED_EPA_TRI_BASIC_2023,C_3_FRS_ID,3,TEXT,YES,FRS_ID,STEEL,True,True,facility,78647,78505,21760,"['110041626103', '110000355516', '110024891027', '110000572782', '110055607259']",True,landing
LIBRARY_RAW,LANDING,FED_SEC_DERA_SUB_2024Q4,CIK,2,TEXT,YES,CIK,STEEL,True,True,organization,6491,6491,5833,"['1800637', '1320695', '1794276', '1828377', '1693256']",True,landing
LIBRARY_RAW,LANDING,PORTAL_ARC_TUCSON_OPEN_DATA_C92A89BB0D,POSTAL_CODE,51,TEXT,YES,ZIP,GEO,False,True,place,2000,1990,300,"['80303-1639', '85712-2805', '85715-4919', '85281-5540', '85713-6025']",False,
LIBRARY_RAW,LANDING,PORTAL_CKA_WESTERN_PENNSYLV_4E9F15E555,FIPS,5,TEXT,YES,FIPS,GEO,False,True,place,130,130,129,"['82848', '69376', '36808', '21024', '32624']",False,
LIBRARY_RAW,LANDING,FED_FCC_LICENSING,EIN,13,TEXT,YES,EIN,STEEL,False,True,organization,1689338,0,0,[''],False,
LIBRARY_RAW,LANDING,PORTAL_SOC_NJ_OPEN_DATA_CEN_A0D94510CA,NPI_NUMBER,2,TEXT,YES,NPI,STEEL,False,True,provider,2000,587,487,"['1629383278', '1255656153', '1235230665', 'nan', '1194807255']",True,sample
LIBRARY_RAW,LANDING,FED_NOAA_STORM_EVENTS,TOR_OTHER_CZ_FIPS,37,TEXT,YES,FIPS,GEO,False,True,place,1780730,3737,205,"['041', '027', '085', '055', '031']",False,
LIBRARY_RAW,LANDING,PORTAL_ARC_TUCSON_OPEN_DATA_E9360F6C40,POSTAL_CODE,51,TEXT,YES,ZIP,GEO,False,True,place,833,831,137,"['85712-5322', '90212-2937', '85719-0000', '80104-2284', '85234-6229']",False,
LIBRARY_RAW,LANDING,PORTAL_ARC_WISCONSIN_OPEN_D_4EBC995C5D,STATE_FIPS,15,TEXT,YES,FIPS,GEO,False,True,place,56,56,1,['55'],False,
LIBRARY_RAW,LANDING,PORTAL_ARC_HARRIS_COUNTY_OP_8CE538DBE3,IN_COUNTRY,66,TEXT,YES,COUNTRY,GEO,False,True,place,2000,0,0,[' '],False,
LIBRARY_RAW,LANDING,FED_EPA_SDWA_SDWA_FACILITIES,PWSID,2,TEXT,YES,PWSID,STEEL,True,True,facility,1554832,1554832,430916,"['010106001', '010109001', '010502002', '010109005', '041200001']",True,landing
LIBRARY_RAW,LANDING,FED_SEC_MONEY_MARKET_FUND_INFORMATION,REGISTRANT_CIK,2,TEXT,YES,CIK,STEEL,False,True,organization,1206,1206,176,"['0000353560', '0000205007', '0000766351', '0000740766', '0000742212']",True,landing
LIBRARY_RAW,LANDING,PORTAL_CKA_WESTERN_PENNSYLV_C0A2A6745A,DOCKET_TYPE,7,TEXT,YES,DOCKET,STRONG,False,True,case,10000,10000,114,"['Sheriff Return', 'Certificate-Recorder of Deeds', 'Discontinued without Prejudice', 'Praecipe to Substitute', 'Default Judgment']",False,
LIBRARY_RAW,LANDING,FED_FEC_API,CONTRIBUTOR_ZIP,7,TEXT,YES,ZIP,GEO,False,True,place,500,471,303,"['945192243', '945027009', '328398717', '787574367', '200063807']",False,
LIBRARY_RAW,LANDING,FED_NIH_REPORTER,ORG_COUNTRY,10,TEXT,YES,COUNTRY,GEO,False,True,place,2122611,0,0,[],True,landing
LIBRARY_RAW,LANDING,PORTAL_ARC_TUCSON_OPEN_DATA_726A6C58E2,ZIP,42,TEXT,YES,ZIP,GEO,False,True,place,2000,1997,274,"['85741', '85712', '00000', '85745', '92704']",False,
LIBRARY_RAW,LANDING,FED_CMS_OPEN_PAYMENTS_2023,RECIPIENT_ZIP_CODE,16,TEXT,YES,ZIP,GEO,False,True,place,14700786,14700169,21484,"['78640-2656', '63122-6056', '94598-3011', '94115-2373', '32610-3003']",True,landing
LIBRARY_RAW,LANDING,PORTAL_ARC_HARRIS_COUNTY_OP_D1EB790FBD,COUNTRY,15,TEXT,YES,COUNTRY,GEO,False,True,place,363,363,1,['USA'],False,
LIBRARY_RAW,LANDING,PORTAL_ARC_HARRIS_COUNTY_OP_CAF5C156E3,COUNTRY,47,TEXT,YES,COUNTRY,GEO,False,True,place,526,523,1,"[' ', 'USA']",True,sample
LIBRARY_RAW,LANDING,PORTAL_SOC_UTAH_OPEN_DATA_P_589CC47A29,NPDES_ID,4,TEXT,YES,NPDES_ID,STEEL,False,True,facility,4432,4432,4432,"['UTR390823', 'UTR394281', 'UTR000330', 'UTR000129', 'UTR000453']",True,sample
LIBRARY_RAW,LANDING,PORTAL_ARC_TUCSON_OPEN_DATA_89DF24D316,COUNTYFP,72,TEXT,YES,FIPS,GEO,False,True,place,2000,2000,1,['019'],False,
LIBRARY_RAW,LANDING,PORTAL_CKA_INDIANA_DATA_HUB_78F3E49D13,SCHOOL_ZIP,6,TEXT,YES,ZIP,GEO,False,True,place,4730,4542,522,"['46711-0000', '46733-2740', '46816-0000', '46815-5499', '47246-0093']",False,
LIBRARY_RAW,LANDING,FED_FINCEN_BOI,EIN,6,TEXT,YES,EIN,STEEL,False,True,organization,1,0,0,[''],False,
LIBRARY_RAW,LANDING,FED_USGS_TOPOVIEW,FIPS,13,TEXT,YES,FIPS,GEO,False,True,place,250,0,0,[''],False,
LIBRARY_RAW,LANDING,FED_DOL_EBSA_FORM5500_SCHEDULE_SB,SB_EIN,5,TEXT,YES,EIN,STEEL,True,True,organization,41802,41802,39581,"['474146896', '800628396', '226096615', '453543824', '993893275']",True,landing
LIBRARY_RAW,LANDING,FED_CFPB_COMPLAINTS,ZIP code,10,TEXT,YES,ZIP,GEO,False,True,place,17179788,15901791,35605,"['44130', '70805', '75068', '071XX', '90220']",False,
LIBRARY_RAW,LANDING,CA_LOBBY_CHG_LOG,ENTITY_ZIP,20,TEXT,YES,ZIP,GEO,False,True,place,85765,1846,448,"['90017    ', '95814    ', '', '95240    ', '90012    ']",False,
LIBRARY_RAW,LANDING,PORTAL_ARC_OPEN_DATA_DC_008BA480F6,CCN,3,TEXT,YES,CCN,STEEL,False,True,facility,1915,0,0,"['20095043', '21108240', '21108428', '21145694', '19155262']",False,
LIBRARY_RAW,LANDING,PORTAL_ARC_HARRIS_COUNTY_OP_78806A4CF7,COUNTRY,15,TEXT,YES,COUNTRY,GEO,False,True,place,35,35,1,['USA'],False,
LIBRARY_RAW,LANDING,PORTAL_ARC_LA_COUNTY_OPEN_D_E549C7C921,ZIP_CODE,8,TEXT,YES,ZIP,GEO,False,True,place,76,76,48,"['90001', '90040', '90023', '90061', '90063']",False,
LIBRARY_RAW,LANDING,PORTAL_ARC_TUCSON_OPEN_DATA_3D7C82E432,DOCKET,36,TEXT,YES,DOCKET,STRONG,False,True,case,2000,2000,746,"['12172', '12182', '11881', '13090', '13116']",False,
LIBRARY_RAW,LANDING,PORTAL_ARC_HARRIS_COUNTY_OP_41FBA6BF22,COUNTRY,48,TEXT,YES,COUNTRY,GEO,False,True,place,15,15,1,['USA'],False,
LIBRARY_RAW,LANDING,PORTAL_SOC_CONNECTICUT_OPEN_88B075D7AF,BUSINESS_NAME_IN_STATE_COUNTRY,32,TEXT,YES,COUNTRY,GEO,False,True,place,2000,2000,23,"['TPINE LEASING CAPITAL L.P.', 'EvolveHR I, Inc.', 'PORSCHE FINANCIAL AUTO SECURITIZATION TRUST 2023-2', 'ACCIONA AGUA SA', 'MOBILITYONE LEASE TRUST (STATUTORY TRUST)']",False,
LIBRARY_RAW,LANDING,XC_ICIJ_OFFSHORE_NODES_INTERMEDIARIES,COUNTRY_CODES,7,TEXT,YES,COUNTRY,GEO,False,True,place,26768,23152,285,"['MCO', 'LBN', 'MEX', 'BEL', 'ARG']",False,
LIBRARY_RAW,LANDING,PORTAL_ARC_TUCSON_OPEN_DATA_CDFFE1002A,ZIP,40,TEXT,YES,ZIP,GEO,False,True,place,43,43,2,"['00000', '85726']",False,
LIBRARY_RAW,LANDING,FED_MSHA_MINES,FIPS_CNTY_NM,14,TEXT,YES,FIPS,GEO,False,True,place,91906,91906,1784,"['""Bibb""', '""Lee""', '""Henry""', '""Franklin""', '""Jefferson""']",True,landing
LIBRARY_RAW,LANDING,PORTAL_SOC_MARYLAND_OPEN_DA_8EED7B8121,FDMS_DOCKET_ID,15,TEXT,YES,DOCKET,STRONG,False,True,case,661,661,10,"['{""url"": ""https://www.regulations.gov/docket/EPAR03OAR20200325""}', 'nan', '{""url"": ""https://www.regulations.gov/docket/EPAR03OAR20170396""}', '{""url"": ""https://www.regulations.gov/docket/EPA_R03OAR20170149""}', '{""url"": ""https://www.regulations.gov/docket/EPAR03OAR20170637""}']",False,
LIBRARY_RAW,LANDING,PORTAL_ARC_OPEN_BALTIMORE_751D91C991,FACILITY_ZIP,6,TEXT,YES,ZIP,GEO,False,True,place,62,62,52,"['21061', '21224', '21502', '21401', '21287']",False,
LIBRARY_RAW,LANDING,PORTAL_ARC_OPEN_DATA_DC_582A28D212,ISO_COUNTRY_CODE,19,TEXT,YES,COUNTRY,GEO,False,True,place,46,46,2,"['US', 'nan']",False,
LIBRARY_RAW,LANDING,FED_MSHA_MINES,FIPS_CNTY_CD,13,TEXT,YES,FIPS,GEO,False,True,place,91906,91906,296,"['""059""', '""001""', '""073""', '""007""', '""099""']",True,landing
LIBRARY_RAW,LANDING,PORTAL_ARC_TUCSON_OPEN_DATA_7044E0923D,SITE_ZIP,53,TEXT,YES,ZIP,GEO,False,True,place,13,3,3,"['85706', '85713', '85705', '']",False,
LIBRARY_RAW,LANDING,PORTAL_ARC_TUCSON_OPEN_DATA_FA71372C44,COUNTRY,50,TEXT,YES,COUNTRY,GEO,False,True,place,2000,2000,2,"['nan', 'CANADA']",False,
LIBRARY_RAW,LANDING,FED_FEMA_IA_HOUSING_REGISTRATIONS,FIPS,17,TEXT,YES,FIPS,GEO,False,True,place,23970000,17422012,3324,"['12099', '12057', '12097', '37035', '12105']",False,
LIBRARY_RAW,LANDING,PORTAL_ARC_TUCSON_OPEN_DATA_AD408FDF6D,DOCKET,36,TEXT,YES,DOCKET,STRONG,False,True,case,2000,2000,669,"['9922', '9308', '0', '12022', '12024']",False,
LIBRARY_RAW,LANDING,PORTAL_SOC_UTAH_OPEN_DATA_P_F10F70DE47,BILLING_PROVIDER_NPI,2,TEXT,YES,NPI,STEEL,False,True,provider,2000,2000,144,"['1003078403', '1003014648', '1003001553', '1003088402', '1003030602']",True,sample
LIBRARY_RAW,LANDING,FED_EPA_ICIS_FEC_CASE_FACILITIES,ZIP,8,TEXT,YES,ZIP,GEO,False,True,place,204019,201084,23705,"['13461', '65401', '99519', '00802', '17065']",True,landing
LIBRARY_RAW,LANDING,PORTAL_SOC_UTAH_OPEN_DATA_P_F8CDD62630,PROVIDER_NPI,3,TEXT,YES,NPI,STEEL,False,True,provider,1968,1968,499,"['1124762281', '1740324581', '1962547695', '1538267828', '1225411473']",True,sample
LIBRARY_RAW,LANDING,PORTAL_SOC_TEXAS_OPEN_DATA_28E2F49084,NPN_EIN,5,TEXT,YES,EIN,STEEL,False,True,organization,2000,2000,274,"['21640334', '20807682', '7922996', '21675942', '16185407']",False,
LIBRARY_RAW,LANDING,PORTAL_ARC_ORANGE_COUNTY_OP_43A1FE3FBE,ZIP,11,TEXT,YES,ZIP,GEO,False,True,place,161,161,22,"['92865', '92627', '92655', '92821', '92823']",False,
LIBRARY_RAW,LANDING,FED_FEC_BULK_COMMITTEES,FEC_CAND_ID,15,TEXT,YES,FEC_CAND_ID,STEEL,False,True,person,20007,7223,6921,"['H6CA24048', 'H6NY36015', 'H6WA05023', '', 'S4AK00214']",True,landing
LIBRARY_RAW,LANDING,PORTAL_CKA_WESTERN_PENNSYLV_57184A8FE4,COUNTYFP,3,TEXT,YES,FIPS,GEO,False,True,place,394,394,1,['003'],False,
LIBRARY_RAW,LANDING,PORTAL_ARC_HARRIS_COUNTY_OP_12691A85A0,COUNTRY,15,TEXT,YES,COUNTRY,GEO,False,True,place,38,38,1,['USA'],False,
LIBRARY_RAW,LANDING,PORTAL_ARC_TUCSON_OPEN_DATA_E9360F6C40,COUNTRY,50,TEXT,YES,COUNTRY,GEO,False,True,place,833,0,0,[''],False,
LIBRARY_RAW,LANDING,PORTAL_CKA_WESTERN_PENNSYLV_2350D74335,ZIP,9,TEXT,YES,ZIP,GEO,False,True,place,46,46,42,"['15014', '15210', '15229', '15136', '15102']",False,
LIBRARY_RAW,LANDING,FED_EPA_EGRID_PLANT_2022,PLANT_FIPS_STATE_CODE,17,TEXT,YES,FIPS,GEO,False,True,place,11974,11974,53,"['05', '06', '04', 'FIPSST', '02']",False,
LIBRARY_RAW,LANDING,FED_IRS_990_EFILE_INDEX,EIN,3,TEXT,YES,EIN,STEEL,True,True,organization,5544626,5544626,899097,"['943387553', '680372037', '453501370', '311148772', '470688742']",True,landing
LIBRARY_RAW,LANDING,PORTAL_ARC_OPEN_DATA_MINNEA_D808F6BF62,CCN,6,TEXT,YES,CCN,STEEL,False,True,facility,25,0,0,"['MP 2018 175100', 'MP 2018 175377', 'MP 2018 175434', 'MP 2018 176039', 'MP 2018 175215']",False,
LIBRARY_RAW,LANDING,PORTAL_ARC_TUCSON_OPEN_DATA_7672DB717A,POSTAL_CODE,52,TEXT,YES,ZIP,GEO,False,True,place,2000,1996,147,"['85711-2607', '85705-4616', '85705-6215', '85705-3853', '85705-4566']",False,
LIBRARY_RAW,LANDING,PORTAL_SOC_UTAH_OPEN_DATA_P_103F7D641F,RECIPIENT_COUNTRY_NAME,23,TEXT,YES,COUNTRY,GEO,False,True,place,2000,2000,2,"['UNITED STATES', 'nan']",True,sample
LIBRARY_RAW,LANDING,PORTAL_ARC_HARRIS_COUNTY_OP_A5E2395522,COUNTRY,15,TEXT,YES,COUNTRY,GEO,False,True,place,13,13,1,['USA'],False,
LIBRARY_RAW,RETIRED,FED_CMS_OPEN_PAYMENTS_GNRL,Recipient_Zip_Code,16,TEXT,YES,ZIP,GEO,False,True,place,15397627,15397162,21378,"['48081', '33805', '38104-5536', '03756', '62220-1902']",False,
LIBRARY_RAW,LANDING,PORTAL_ARC_HARRIS_COUNTY_OP_33A3918C80,ZIP,7,TEXT,YES,ZIP,GEO,False,True,place,363,363,48,"['77062', '77562', '77598', '77058', '77546']",False,
LIBRARY_RAW,LANDING,PORTAL_ARC_TUCSON_OPEN_DATA_F970BAADB3,DOCKET,35,TEXT,YES,DOCKET,STRONG,False,True,case,2000,1991,615,"['12797', '12980', '11823', '0', '12836']",False,
LIBRARY_RAW,LANDING,PORTAL_ARC_TUCSON_OPEN_DATA_821C8A43B1,DOCKET,27,TEXT,YES,DOCKET,STRONG,False,True,case,2000,1998,1118,"['11935', '12115', '11812', '12798', '12243']",False,
LIBRARY_RAW,LANDING,FED_DOL_FORM5500,SPONSOR_DFE_EIN,9,TEXT,YES,EIN,STEEL,False,True,organization,33484,0,0,[''],True,landing
LIBRARY_RAW,LANDING,FED_CMS_PENDING_INITIAL_LOGGING_AND_TRACKING_NON_PHYSICIANS,NPI,1,TEXT,YES,NPI,STEEL,True,True,provider,6880,6880,6880,"['1497619175', '1033346416', '1174928477', '1245159342', '1205499472']",True,landing
LIBRARY_RAW,LANDING,FED_EPA_FRS_FRS_FACILITIES,REGISTRY_ID,6,TEXT,YES,FRS_ID,STEEL,True,True,facility,3277557,3277557,3277557,"['110011175780', '110012231316', '110008998380', '110012231290', '110002339381']",True,landing
LIBRARY_RAW,LANDING,FED_MEDSL_HOUSE_RETURNS,STATE_FIPS,4,TEXT,YES,FIPS,GEO,False,True,place,29636,29636,50,"['6', '1', '16', '4', '5']",False,
LIBRARY_RAW,LANDING,PORTAL_CKA_WPRDC_ALLEGHENY_20BC27569A,GEOID10,23,TEXT,YES,FIPS,GEO,False,True,place,361,360,359,"['420030802002', '420031404002', '420030103001', '420032503001', '420035624001']",False,
LIBRARY_RAW,LANDING,FED_BLS_QCEW,AREA_FIPS,1,TEXT,YES,FIPS,GEO,False,True,place,3619437,3619437,4429,"['01083', '01077', '01081', '01079', '01075']",False,
LIBRARY_RAW,LANDING,FED_EPA_TRI_FACILITY,ZIP_CODE,8,TEXT,YES,ZIP,GEO,False,True,place,64990,64989,14617,"['00613', '009617499', '006530786', '006944058', '00603']",True,landing
LIBRARY_RAW,LANDING,PORTAL_CKA_WESTERN_PENNSYLV_203EC904CD,ZIPCODE,17,TEXT,YES,ZIP,GEO,False,True,place,32,32,20,"['15216', '15220', '15233', '15214', '15212']",False,
LIBRARY_RAW,LANDING,PORTAL_SOC_UTAH_OPEN_DATA_P_0844D0BD12,ZIP,7,TEXT,YES,ZIP,GEO,False,True,place,2000,2000,155,"['84121', '84302', '84088', '84087', '84333']",False,
LIBRARY_RAW,LANDING,FED_FAC_SINGLE_AUDIT,AUDITEE_EIN,4,TEXT,YES,EIN,STEEL,True,True,organization,411638,411636,68126,"['561652319', '561042439', '386001476', '450493130', '431262774']",True,landing
LIBRARY_RAW,LANDING,PORTAL_ARC_HARRIS_COUNTY_OP_360277F8CB,ZIP,7,TEXT,YES,ZIP,GEO,False,True,place,2,1,1,"['nan', '77015']",False,
LIBRARY_RAW,LANDING,PORTAL_SOC_SF_OPENDATA_DATA_8DCCC91916,NPI,3,TEXT,YES,NPI,STEEL,False,True,provider,1560,1560,1265,"['1255561098', '1245695923', '1932612041', '1801044243', '1811061310']",True,sample
LIBRARY_RAW,LANDING,PORTAL_ARC_TUCSON_OPEN_DATA_F970BAADB3,SITE_ZIP,52,TEXT,YES,ZIP,GEO,False,True,place,2000,1403,6,"['', '85745', '85705', '85701', '85709']",False,
LIBRARY_RAW,LANDING,PORTAL_CKA_WESTERN_PENNSYLV_5C8BBA2D74,GEOID,4,TEXT,YES,FIPS,GEO,False,True,place,10000,10000,10000,"['420550108002', '420691025003', '421039507022', '421010252007', '421330238214']",False,
LIBRARY_RAW,LANDING,PORTAL_ARC_HARRIS_COUNTY_OP_28CF881303,COUNTRY,15,TEXT,YES,COUNTRY,GEO,False,True,place,13,13,1,['USA'],False,
LIBRARY_RAW,LANDING,FED_COURTLISTENER_JUDGES,DOD_COUNTRY,20,TEXT,YES,COUNTRY,GEO,False,True,place,16191,16184,2,"['Vietnam', 'United States']",True,landing
LIBRARY_RAW,LANDING,FED_CMS_MEDICARE_PROVIDER,RNDRNG_PRVDR_STATE_FIPS,11,TEXT,YES,FIPS,GEO,False,True,place,1296739,1296738,61,"['24', '35', '09', '50', '39']",True,landing
LIBRARY_RAW,LANDING,PORTAL_SOC_UTAH_OPEN_DATA_P_103F7D641F,RECIPIENT_ZIP_CODE,31,TEXT,YES,ZIP,GEO,False,True,place,2000,1996,52,"['84321', '84058', '80309', '84114', '84116']",True,sample
LIBRARY_RAW,LANDING,PORTAL_ARC_TUCSON_OPEN_DATA_F919285F50,DOCKET,36,TEXT,YES,DOCKET,STRONG,False,True,case,12,12,6,"['4941', '0', '6561', '5342', '11588']",False,
LIBRARY_RAW,LANDING,INTL_GLEIF,Entity.LegalAddress.Country,44,TEXT,YES,COUNTRY,GEO,False,True,place,3382301,3382301,236,"['IM', 'CY', 'JE', 'GG', 'GB']",True,landing
LIBRARY_RAW,LANDING,FED_CMS_MEDICARE_DIALYSIS_FACILITIES,CCN,2,TEXT,YES,CCN,STEEL,True,True,facility,12456456,12456456,8241,"['012565', '012561', '012566', '012562', '012563']",True,landing
LIBRARY_RAW,LANDING,PORTAL_ARC_ATLANTA_DATAATLA_FB2953F9B7,ZIP,9,TEXT,YES,ZIP,GEO,False,True,place,2000,2000,10,"['30339', '39901', '30324', '30319', '30342']",False,
LIBRARY_RAW,LANDING,PORTAL_ARC_OPEN_DATA_RALEIG_DF19DCBB03,PRIMARY_ZIP_CODE,7,TEXT,YES,ZIP,GEO,False,True,place,2000,2000,33,"['27626', '27518', '27512', '27519', '27511']",False,
LIBRARY_RAW,LANDING,FED_SAM_EXCLUSIONS_FULL_R2,COUNTRY,14,TEXT,YES,COUNTRY,GEO,False,True,place,168328,167697,187,"['RUS', 'USA', 'XUN', 'IRN', 'SOM']",True,landing
LIBRARY_RAW,LANDING,PORTAL_ARC_WAKE_COUNTY_OPEN_4B425FD089,EIN_FIXED,97,TEXT,YES,EIN,STEEL,False,True,organization,2000,2000,2000,"['566533546', '825354727', '262746640', '883955150', '262507896']",True,sample
LIBRARY_RAW,LANDING,PORTAL_ARC_TUCSON_OPEN_DATA_97B5E23500,POSTAL_CODE,54,TEXT,YES,ZIP,GEO,False,True,place,2000,1986,240,"['68179-1640', '85742-0000', '85704-4383', '85718-4320', '85716-3210']",False,
LIBRARY_RAW,LANDING,FED_FJC_IDB_BANKRUPTCY,D1ZIP,24,TEXT,YES,ZIP,GEO,False,True,place,6965441,6962855,37163,"['539500000', '076430000', '713600000', '329400000', '217420000']",False,
LIBRARY_RAW,LANDING,PORTAL_ARC_ATLANTA_DATAATLA_898CD032B3,ZIP,7,TEXT,YES,ZIP,GEO,False,True,place,109,109,5,"['30310', '30315', '30311', '30344', '30331']",False,
LIBRARY_RAW,LANDING,PORTAL_SOC_MARYLAND_OPEN_DA_BAA13FC4EC,ZIP,15,TEXT,YES,ZIP,GEO,False,True,place,1997,1231,204,"['20853', '21704', '21701', '21045', '21090']",False,
LIBRARY_RAW,LANDING,FED_NURSINGHOME411,CMS_CERTIFICATION_NUMBER_CCN,1,TEXT,YES,CCN,STEEL,True,True,facility,14713,14456,14456,"['025028', '025010', '015402', '015049', '015024']",True,landing
LIBRARY_RAW,LANDING,FED_CMS_FACILITY_LEVEL_MINIMUM_DATA_SET_FREQUENCY,CCN,1,TEXT,YES,CCN,STEEL,True,True,facility,31403215,30864691,14443,"['015091', '015083', '015084', '015076', '015089']",True,landing
LIBRARY_RAW,LANDING,PORTAL_SOC_COLORADO_INFORMA_DE6C8A6901,COUNTY_FIPS,7,TEXT,YES,FIPS,GEO,False,True,place,2000,2000,270,"['48031', '17005', '6013', '5123', '27161']",False,
LIBRARY_RAW,LANDING,PORTAL_ARC_OPEN_DATA_DC_582A28D212,POSTAL_CODE,18,TEXT,YES,ZIP,GEO,False,True,place,46,44,20,"['20016', '20010', '20017', '20024', '20008']",False,
LIBRARY_RAW,LANDING,FED_CMS_MEDICARE_DURABLE_MEDICAL_EQUIPMENT_DEVICES_SUPPLIES_BY_REFER,RFRG_PRVDR_CNTRY,15,TEXT,YES,COUNTRY,GEO,False,True,place,381228,381228,12,"['UY', 'MX', 'JP', 'CN', 'CA']",True,landing
LIBRARY_RAW,LANDING,PORTAL_CKA_WESTERN_PENNSYLV_7880B791DF,GEOID20,7,TEXT,YES,FIPS,GEO,False,True,place,10000,10000,10000,"['420032413001024', '420034220003006', '420032413001003', '420034141014007', '420032413001002']",False,
LIBRARY_RAW,LANDING,FED_MSHA_MINES,MINE_ID,1,TEXT,YES,MINE_ID,STEEL,True,True,facility,91906,91906,91906,"['""0100008""', '""0100678""', '""0100003""', '""0100004""', '""0100198""']",True,landing
LIBRARY_RAW,LANDING,PORTAL_SOC_UTAH_OPEN_DATA_P_C357F1F9E1,ADMIN_ZIP_CODE,4,TEXT,YES,ZIP,GEO,False,True,place,28,28,25,"['84074-5100', '84060- ', '84003-3377', '84014- ', '84003- ']",True,sample
LIBRARY_RAW,LANDING,FED_JPML_PENDING_MDL,MASTER_DOCKET,5,TEXT,YES,DOCKET,STRONG,False,True,case,161,161,161,"['1:05-md-1720', '1:17-md-2804', '2:23-md-3080', '1:03-md-1570', '1:00-cv-1898']",False,
LIBRARY_RAW,LANDING,PORTAL_CKA_CALIFORNIA_OPEN_3501B678FA,PWSID,2,TEXT,YES,PWSID,STEEL,False,True,facility,572,572,533,"['CA3610001', 'CA4010002', 'CA4110021', 'CA3610003', 'CA1510032']",True,sample
LIBRARY_RAW,LANDING,PORTAL_CKA_WPRDC_ALLEGHENY_A515B81DDF,R_ZIP,29,TEXT,YES,ZIP,GEO,False,True,place,10000,10000,106,"['15229', '15084', '15120', '15014', '15065']",False,
LIBRARY_RAW,LANDING,FED_EPA_SDWA_SDWA_GEOGRAPHIC_AREAS,ZIP_CODE_SERVED,8,TEXT,YES,ZIP,GEO,False,True,place,578198,7155,1669,"['57532', '21797', '57026', '21874', '20695']",True,landing
LIBRARY_RAW,LANDING,FED_CMS_MEDICARE_INPATIENT_HOSPITALS_BY_PROVIDER_AND_SERVICE,RNDRNG_PRVDR_STATE_FIPS,5,TEXT,YES,FIPS,GEO,False,True,place,145879,145879,51,"['05', '06', '02', '04', '01']",True,landing
LIBRARY_RAW,LANDING,PORTAL_ARC_HARRIS_COUNTY_OP_A5E2395522,ZIP,7,TEXT,YES,ZIP,GEO,False,True,place,13,13,12,"['77505', '77022', '77520', '77058', '77204']",False,
LIBRARY_RAW,LANDING,PORTAL_SOC_COLORADO_INFORMA_F0E162D7A8,EIN,4,TEXT,YES,EIN,STEEL,False,True,organization,2000,2000,1024,"['741884595', '841462925', '261382809', '870752876', '364522156']",True,sample
LIBRARY_RAW,LANDING,FED_CMS_PART_D_PRESCRIBERS,PRSCRBR_CNTRY,15,TEXT,YES,COUNTRY,GEO,False,True,place,1416883,1416883,36,"['US', 'DE', 'GB', 'QA', 'SA']",True,landing
LIBRARY_RAW,LANDING,FED_USGS_MINERALS,FIPS,2,TEXT,YES,FIPS,GEO,False,True,place,304632,0,0,[''],False,
LIBRARY_RAW,LANDING,ICIJ_OFFSHORE_LEAKS_ADDRESSES,COUNTRY_CODES,5,TEXT,YES,COUNTRY,GEO,False,True,place,402246,277110,227,"['BHS', 'SGP', 'GBR', 'MCO', 'HKG']",False,
LIBRARY_RAW,LANDING,PORTAL_SOC_NEW_YORK_STATE_O_0C94DD2B8A,NPDES_ID,3,TEXT,YES,NPDES_ID,STEEL,False,True,facility,1999,1999,1973,"['NYR00G808', 'NYR00G932', 'NYR00F631', 'NYR00G613', 'NYR00F342']",True,sample
LIBRARY_RAW,LANDING,FED_CMS_MEDICARE_DURABLE_MEDICAL_EQUIPMENT_DEVICES_SUPPLIES_BY_REFER,RFRG_PRVDR_STATE_FIPS,11,TEXT,YES,FIPS,GEO,False,True,place,381228,381228,60,"['54', '21', '42', '06', '13']",True,landing
LIBRARY_RAW,LANDING,PORTAL_CKA_WESTERN_PENNSYLV_F9C1429AB4,LOCATION_ZIP_CODE,10,TEXT,YES,ZIP,GEO,False,True,place,306,306,63,"['15236', '15233', '15205', '15017', '15206']",False,
LIBRARY_RAW,LANDING,FED_CFPB_HMDA,LEI,2,TEXT,YES,LEI,STEEL,True,True,organization,28301,28301,538,"['549300GCUYVW860UOZ07', '254900791X4X11AYVA11', '549300KBWX4NV5Q1E376', '549300QKL5FUBZ8LSF50', '549300S5YL3OH0IVCS62']",True,landing
LIBRARY_RAW,LANDING,PORTAL_ARC_OPEN_DATA_MINNEA_BD6A1CACBB,CCN,3,TEXT,YES,CCN,STEEL,False,True,facility,2000,0,0,"['MP 2014 457317', 'MP 2015 999935', 'MP 2015 001738', 'MP 2015 001777', 'MP 2015 002874']",False,
LIBRARY_RAW,LANDING,ST_NYC_CFB_CAMPAIGN_2001_CONTRIBUTION,ZIP,24,TEXT,YES,ZIP,GEO,False,True,place,193741,182153,2514,"['10034', '11427', '11101', '10026', '20005']",False,
LIBRARY_RAW,LANDING,PORTAL_ARC_TUCSON_OPEN_DATA_80B28FB6D7,ZIP,40,TEXT,YES,ZIP,GEO,False,True,place,21,21,1,['00000'],False,
LIBRARY_RAW,LANDING,PORTAL_ARC_OPEN_DATA_MINNEA_5605A903BD,COUNTRY,16,TEXT,YES,COUNTRY,GEO,False,True,place,39,39,2,"['USA', 'nan']",False,
LIBRARY_RAW,LANDING,PORTAL_SOC_CONNECTICUT_OPEN_1CD7311280,DOCKET_OR_PETITION_NUM,10,TEXT,YES,DOCKET,STRONG,False,True,case,1606,1606,130,"['Petition No. 665', 'Docket No. 242', 'Petititon No. 1532', 'Docket No. 387', 'nan']",False,
LIBRARY_RAW,LANDING,PORTAL_ARC_ATLANTA_DATAATLA_79E3C7BD36,ZIP,8,TEXT,YES,ZIP,GEO,False,True,place,209,209,20,"['30315', '30318', '30314', '30354', '30307']",False,
LIBRARY_RAW,LANDING,FED_OSHA_ITA_CASE_DETAIL_2024,EIN,4,TEXT,YES,EIN,STEEL,True,True,organization,688649,628248,20523,"['742737164', '521711175', '410956618', '560578072', '430726776']",True,landing
LIBRARY_RAW,LANDING,PORTAL_SOC_CONNECTICUT_OPEN_AEB46F6C94,C_9_ZIP,9,TEXT,YES,ZIP,GEO,False,True,place,2000,1986,115,"['06405', '06615', '06037', '06483', '06468']",True,sample
LIBRARY_RAW,LANDING,FED_CMS_MEDICARE_FEE_FOR_SERVICE_PUBLIC_PROVIDER_ENROLLMENT,MULTIPLE_NPI_FLAG,2,TEXT,YES,NPI,STEEL,False,True,provider,2978925,0,0,"['N', 'Y']",True,landing
LIBRARY_RAW,LANDING,PORTAL_ARC_TUCSON_OPEN_DATA_78A99CB261,POSTAL_CODE,43,TEXT,YES,ZIP,GEO,False,True,place,2000,1996,95,"['85741-2654', '85741-3117', '85741-3134', '85741-2618', '60015-6002']",False,
LIBRARY_RAW,LANDING,PORTAL_ARC_TUCSON_OPEN_DATA_5D84AF2604,DOCKET,36,TEXT,YES,DOCKET,STRONG,False,True,case,190,190,65,"['7153', '12377', '11544', '9807', '13202']",False,
LIBRARY_RAW,LANDING,FED_CDC_DRUG_POISONING_COUNTY,FIPS,1,TEXT,YES,FIPS,GEO,False,True,place,53387,53387,3141,"['45003', '41039', '49007', '08025', '26143']",False,
LIBRARY_RAW,LANDING,PORTAL_ARC_TUCSON_OPEN_DATA_6E966EDC1B,DOCKET,36,TEXT,YES,DOCKET,STRONG,False,True,case,176,176,53,"['7053', '10480', '0', '130', '12723']",False,
LIBRARY_RAW,LANDING,PORTAL_CKA_WESTERN_PENNSYLV_2DEAA849E4,R_ZIP,29,TEXT,YES,ZIP,GEO,False,True,place,10000,10000,106,"['15229', '15216', '15120', '15014', '15084']",False,
LIBRARY_RAW,LANDING,FED_MSHA_ACCIDENTS,FIPS_STATE_CD,18,TEXT,YES,FIPS,GEO,False,True,place,273623,273623,54,"['""18""', '""53""', '""06""', '""20""', '""21""']",True,landing
LIBRARY_RAW,LANDING,PORTAL_CKA_ANALYZE_BOSTON_B6C7223760,ZIPCODE,20,TEXT,YES,ZIP,GEO,False,True,place,576,504,29,"['02136', '02203', '02114', '02108', '02135']",False,
LIBRARY_RAW,LANDING,PORTAL_ARC_LA_COUNTY_OPEN_D_0A94DB308E,ZIP,3,TEXT,YES,ZIP,GEO,False,True,place,93,93,73,"['90502', '90602', '90242', '90059', '90033']",True,sample
LIBRARY_RAW,LANDING,PORTAL_CKA_SAN_JOSE_OPEN_DA_30D54CBFB9,ZIPCODE,9,TEXT,YES,ZIP,GEO,False,True,place,344,344,33,"['95110', '95118', '95138', '95123', '95139']",False,
LIBRARY_RAW,LANDING,PORTAL_ARC_TUCSON_OPEN_DATA_664D252729,DOCKET,37,TEXT,YES,DOCKET,STRONG,False,True,case,2000,2000,736,"['7562', '222', '9820', '12593', '12971']",False,
LIBRARY_RAW,LANDING,PORTAL_SOC_TEXAS_OPEN_DATA_B4FDC1DC58,CCN_NO,1,TEXT,YES,CCN,STEEL,False,True,facility,2000,1,1,"['S0003', 'S0128', 'S0284', 'S0001', 'S0148']",False,
LIBRARY_RAW,LANDING,FED_CMS_OPEN_PAYMENTS,APPLICABLE_MANUFACTURER_OR_APPLICABLE_GPO_MAKING_PAYMENT_COUNTRY,41,TEXT,YES,COUNTRY,GEO,False,True,place,15385047,15385047,33,"['Finland', 'United States', 'Germany', 'Switzerland', 'Israel']",True,landing
LIBRARY_RAW,LANDING,PORTAL_SOC_UTAH_OPEN_DATA_P_6862B465D5,SUBAWARDEE_PARENT_DUNS,21,TEXT,YES,DUNS,STEEL,False,True,organization,1883,1446,117,"['93115772', '9095365', '97758627', '16976649', '100673086']",True,sample
LIBRARY_RAW,LANDING,PORTAL_SOC_UTAH_OPEN_DATA_P_C68BC3F05C,ZIP_CODE,3,TEXT,YES,ZIP,GEO,False,True,place,37,37,30,"['84070', '84501', '84790', '84107', '84604']",False,
LIBRARY_RAW,LANDING,FED_HRSA_SHORTAGE_AREAS,COMMON_STATE_FIPS_CODE,30,TEXT,YES,FIPS,GEO,False,True,place,165531,165531,60,"['60', '56', '66', '68', '64']",False,
LIBRARY_RAW,LANDING,PORTAL_ARC_HARRIS_COUNTY_OP_19FE875D1D,COUNTRY,15,TEXT,YES,COUNTRY,GEO,False,True,place,35,35,1,['USA'],False,
LIBRARY_RAW,LANDING,PORTAL_ARC_OPEN_DATA_DC_ADF4F0E413,POSTAL_CODE,11,TEXT,YES,ZIP,GEO,False,True,place,2000,2000,71,"['20010', '20002', '20019', '20018', '20009']",False,
LIBRARY_RAW,LANDING,PORTAL_ARC_TUCSON_OPEN_DATA_7672DB717A,DOCKET,37,TEXT,YES,DOCKET,STRONG,False,True,case,2000,1999,1002,"['13300', '13218', '8763', '10094', '8659']",False,
LIBRARY_RAW,LANDING,XC_ROR_RESEARCH_ORGANIZATIONS,LOCATIONS_GEONAMES_DETAILS_COUNTRY_SUBDIVISION_NAME,24,TEXT,YES,COUNTRY,GEO,False,True,place,135710,135177,2274,"['Quebec', 'Hauts-de-France', 'Aragon', 'Victoria', 'St.-Petersburg']",False,
LIBRARY_RAW,LANDING,FED_CMS_PECOS_PROVIDER_ENROLLMENT,NPI,1,TEXT,YES,NPI,STEEL,True,True,provider,2978925,2978925,2541258,"['1730873340', '1871374330', '1912403221', '1568416147', '1972389559']",True,landing
LIBRARY_RAW,LANDING,FED_CMS_OPEN_PAYMENTS,NPI,7,TEXT,YES,NPI,STEEL,True,True,provider,15385047,15336988,979136,"['1164098216', '1164958013', '1861791238', '1033123195', '1134171887']",True,landing
LIBRARY_RAW,LANDING,PORTAL_SOC_MARYLAND_OPEN_DA_1B2CC0ADB9,CCN,13,TEXT,YES,CCN,STEEL,False,True,facility,64,60,60,"['210057', '210023', '210060', 'nan', '210032']",True,sample
LIBRARY_RAW,LANDING,PORTAL_CKA_WESTERN_PENNSYLV_EF682F7E59,ZIP_CODE,17,TEXT,YES,ZIP,GEO,False,True,place,10000,10000,28,"['15206', '15210', '15219', '15205', '15218']",False,
LIBRARY_RAW,LANDING,PORTAL_ARC_HARRIS_COUNTY_OP_6133483DE0,USER_ZIP_4_EXTENSION,53,TEXT,YES,ZIP,GEO,False,True,place,67,0,0,[''],False,
LIBRARY_RAW,LANDING,PORTAL_ARC_WAKE_COUNTY_OPEN_4B425FD089,USER_EIN,81,TEXT,YES,EIN,STEEL,False,True,organization,2000,2000,2000,"['561096751', '800874625', '861405392', '834260812', '880971592']",True,sample
LIBRARY_RAW,LANDING,PORTAL_SOC_OREGON_OPEN_DATA_DC4AEE7DB0,MAIL_ZIP,26,TEXT,YES,ZIP,GEO,False,True,place,2000,1998,727,"['97225', '60661', '64501', '97141', '97838']",False,
LIBRARY_RAW,LANDING,PORTAL_SOC_UTAH_OPEN_DATA_P_5EF68422FF,RECIPIENT_COUNTRY_CODE,24,TEXT,YES,COUNTRY,GEO,False,True,place,2000,2000,7,"['NAN', 'DENMARK', 'GBR', 'USA', 'UNITED STATES']",True,sample
LIBRARY_RAW,LANDING,PORTAL_SOC_NEW_YORK_STATE_O_49CD8C5B65,COUNTRY,4,TEXT,YES,COUNTRY,GEO,False,True,place,161,161,2,"['Unitd States', 'United States']",False,
LIBRARY_RAW,LANDING,FED_CMS_MEDICARE_DURABLE_MEDICAL_EQUIPMENT_DEVICES_SUPPLIES_BY_REFER,RFRG_NPI,1,TEXT,YES,NPI,STEEL,True,True,provider,381228,381228,381228,"['1053758201', '1053453142', '1053686394', '1053419192', '1053660316']",True,landing
LIBRARY_RAW,LANDING,PORTAL_ARC_TUCSON_OPEN_DATA_44F7648869,ZIP,40,TEXT,YES,ZIP,GEO,False,True,place,2000,1995,191,"['85702', '00000', '87048', '85701', '68179']",False,
LIBRARY_RAW,LANDING,FED_USASPENDING_ASSISTANCE_FULL,prime_award_transaction_place_of_performance_county_fips_code,74,TEXT,YES,FIPS,GEO,False,True,place,19902879,18347399,3738,"['12057', '55079', '10003', '39151', '47099']",True,landing
LIBRARY_RAW,LANDING,PORTAL_ARC_HARRIS_COUNTY_OP_D354D2D6E2,ZIP_4_EXTENSION,18,TEXT,YES,ZIP,GEO,False,True,place,257,0,0,"['4879', '3989', '1589', '2527', '6943']",False,
LIBRARY_RAW,LANDING,FED_EPA_FRS_FRS_FACILITIES,FAC_ZIP,5,TEXT,YES,ZIP,GEO,False,True,place,3277557,2897241,43006,"['31794', '30314', '34689', '30906', '35611']",True,landing
LIBRARY_RAW,LANDING,PORTAL_ARC_WISCONSIN_OPEN_D_B2EFA24715,ZIP,9,TEXT,YES,ZIP,GEO,False,True,place,14,14,14,"['54871', '54843', '54002', '54880', '54806']",False,
LIBRARY_RAW,LANDING,INTL_UN_SC_CONSOLIDATED_SANCTIONS,INDIVIDUAL_DOCUMENT_ISSUING_COUNTRY,43,TEXT,YES,COUNTRY,GEO,False,True,place,1011,174,77,"['Morocco; Morocco', 'India; India; India; India; India; India; India; Pakistan', 'Afghanistan; Afghanistan', 'Yemen', 'Afghanistan']",False,
LIBRARY_RAW,LANDING,PORTAL_ARC_TUCSON_OPEN_DATA_8AB8EAF3DF,ZIP,49,TEXT,YES,ZIP,GEO,False,True,place,2000,2000,137,"['85740', '85728', '85751', '85705', '85756']",False,
LIBRARY_RAW,LANDING,PORTAL_ARC_OPEN_DATA_DC_59913164D2,BSTP_PDP_HAS_CCN,31,TEXT,YES,CCN,STEEL,False,True,facility,2000,0,0,"['Y', 'N', 'U', 'E']",False,
LIBRARY_RAW,LANDING,PORTAL_SOC_UTAH_OPEN_DATA_P_F1292B8D2F,ESTABLISHMENT_ZIP_CODE,6,TEXT,YES,ZIP,GEO,False,True,place,249,249,87,"['841160000', '84070', '840490000', '843020707', '84044']",True,sample
LIBRARY_RAW,LANDING,INTL_GDELT,ACTOR2COUNTRYCODE,12,TEXT,YES,COUNTRY,GEO,False,True,place,1015,0,0,[''],False,
LIBRARY_RAW,LANDING,PORTAL_ARC_OPEN_DATA_MINNEA_F87FF14B56,ZIP,57,TEXT,YES,ZIP,GEO,False,True,place,1340,1339,138,"['55044', '55426', '55110', '55391', '55349']",False,
LIBRARY_RAW,LANDING,PORTAL_ARC_TN_DATA_TENNESSE_A88FF7D84F,ZIPCODE,28,TEXT,YES,ZIP,GEO,False,True,place,2000,0,0,"['37687.0', '37643.0', '37658.0', '38329.0', '38504.0']",False,
LIBRARY_RAW,LANDING,XC_CENSUS_CB_COUNTY,GEOID,5,TEXT,YES,FIPS,GEO,False,True,place,3235,3235,3235,"['01005', '01069', '01119', '12123', '25021']",False,
LIBRARY_RAW,LANDING,PORTAL_ARC_OPEN_DATA_RALEIG_DF19DCBB03,TERTIARY_ZIP_CODE,151,TEXT,YES,ZIP,GEO,False,True,place,2000,536,4,"['27511', '27513', '27601', 'nan', '27609']",False,
LIBRARY_RAW,LANDING,FED_IRS_EO_PR,EIN,1,TEXT,YES,EIN,STEEL,True,True,organization,2587,2587,2587,"['061782395', '660237982', '660259904', '043700254', '660234751']",True,landing
LIBRARY_RAW,LANDING,PORTAL_ARC_TUCSON_OPEN_DATA_69487E016F,ZIP,40,TEXT,YES,ZIP,GEO,False,True,place,1031,1030,174,"['85754', '85702', '85749', '85741', '85719']",False,
LIBRARY_RAW,LANDING,PORTAL_ARC_TN_DATA_TENNESSE_A88FF7D84F,ZIP_4,29,TEXT,YES,ZIP,GEO,False,True,place,2000,0,0,[''],False,
LIBRARY_RAW,LANDING,PORTAL_ARC_TUCSON_OPEN_DATA_04EE75BE01,DOCKET,69,TEXT,YES,DOCKET,STRONG,False,True,case,5000,2838,1580,"['11351', '10580', '10709', '6047', '7599']",False,
LIBRARY_RAW,LANDING,INTL_ES_BORME,COUNTRY,9,TEXT,YES,COUNTRY,GEO,False,True,place,25,25,1,['Spain'],False,
LIBRARY_RAW,LANDING,FED_GOOGLE_POLADS_ADVERTISER_GEO_SPEND,COUNTRY_SUBDIVISION_PRIMARY,4,TEXT,YES,COUNTRY,GEO,False,True,place,614078,602777,56,"['MI', 'WY', 'MD', 'OH', 'CO']",False,
LIBRARY_RAW,LANDING,PORTAL_ARC_TUCSON_OPEN_DATA_6A79648A77,POSTAL_CODE,51,TEXT,YES,ZIP,GEO,False,True,place,2000,1881,191,"['68179-1640', '85713-5402', '92652-4980', '85701-1317', '85652-0745']",False,
LIBRARY_RAW,LANDING,FED_CMS_PENDING_INITIAL_LOGGING_AND_TRACKING_PHYSICIANS,NPI,1,TEXT,YES,NPI,STEEL,True,True,provider,7240,7239,7239,"['1124713771', '1215687991', '1225007875', '1760537559', '1568302065']",True,landing
LIBRARY_RAW,LANDING,PORTAL_ARC_TUCSON_OPEN_DATA_28F95EBB76,ZIP,40,TEXT,YES,ZIP,GEO,False,True,place,23,23,2,"['00000', '85726']",False,
LIBRARY_RAW,LANDING,PORTAL_ARC_TUCSON_OPEN_DATA_D4FFB81E01,DOCKET,36,TEXT,YES,DOCKET,STRONG,False,True,case,361,361,144,"['7950', '11374', '7942', '11868', '11934']",False,
LIBRARY_RAW,LANDING,FED_NOAA_AIS,MMSI,1,TEXT,YES,MMSI,STEEL,False,True,vessel,58106517,58086688,22749,"['316001556', '367602890', '366889830', '368212490', '366395000']",True,landing
LIBRARY_RAW,LANDING,PORTAL_ARC_TUCSON_OPEN_DATA_11050C025B,DOCKET,36,TEXT,YES,DOCKET,STRONG,False,True,case,8,8,8,"['10244', '11969', '10338', '12509', '10290']",False,
LIBRARY_RAW,LANDING,FED_EPA_SDWA_SDWA_SERVICE_AREAS,PWSID,2,TEXT,YES,PWSID,STEEL,True,True,facility,422464,422464,378450,"['010109005', '010502002', '043740014', '020000004', '020000015']",True,landing
LIBRARY_RAW,LANDING,INTL_HUDOC,COUNTRY,5,TEXT,YES,COUNTRY,GEO,False,True,place,2000,2000,48,"['TUR', 'SRB', 'HUN', 'ESP', 'NOR']",False,
LIBRARY_RAW,LANDING,FED_DOL_OFCCP_CSAL,ZIP,6,TEXT,YES,ZIP,GEO,False,True,place,2000,2000,1442,"['33122', '76107', '21093', '01608', '49203']",False,
LIBRARY_RAW,LANDING,FED_USASPENDING_CONTRACTS_FULL,country_of_product_or_service_origin_code,122,TEXT,YES,COUNTRY,GEO,False,True,place,20000000,19174895,266,"['USA', 'NAN', 'KWT', 'DEU', 'NGA']",True,landing
LIBRARY_RAW,LANDING,FED_DOL_OFLC,WORKSITE_POSTAL_CODE_8,200,TEXT,YES,ZIP,GEO,False,True,place,664616,534,323,"['20164-3567', '78240', '23227-3337', '30328', '47401']",False,
LIBRARY_RAW,LANDING,PORTAL_ARC_HARRIS_COUNTY_OP_CB850CC4B0,COUNTRY_1,92,TEXT,YES,COUNTRY,GEO,False,True,place,356,355,2,"[' ', 'USA', 'nan']",False,
LIBRARY_RAW,LANDING,PORTAL_CKA_INDIANA_DATA_HUB_90819D705E,ZIP_CD,1,TEXT,YES,ZIP,GEO,False,True,place,770,769,769,"['46998', '46379', '47339', '46968', '47385']",False,
LIBRARY_RAW,LANDING,PORTAL_CKA_ANALYZE_BOSTON_B4C5E99B0A,ZIP_CODE,10,TEXT,YES,ZIP,GEO,False,True,place,10000,9999,2,"['02115', '', '02128']",False,
LIBRARY_RAW,LANDING,PORTAL_ARC_TUCSON_OPEN_DATA_6E966EDC1B,ZIP,40,TEXT,YES,ZIP,GEO,False,True,place,176,176,47,"['85726', '90038', '85701', '00000', '85719']",False,
LIBRARY_RAW,LANDING,XC_CENSUS_CB_STATE,STATEFP,1,TEXT,YES,FIPS,GEO,False,True,place,56,56,56,"['35', '18', '01', '50', '06']",False,
LIBRARY_RAW,LANDING,FED_HRSA_UDS_SERVICE_DELIVERY_SITES,HEALTH_CENTER_ORGANIZATION_ZIP_CODE,34,TEXT,YES,ZIP,GEO,False,True,place,19038,19029,1392,"['68701-5248', '60461-1021', '90022-2621', '49503-4526', '19465-7438']",True,landing
LIBRARY_RAW,LANDING,PORTAL_SOC_OPEN_DATA_BR_B141E1C0F8,ZIP,5,TEXT,YES,ZIP,GEO,False,True,place,1999,1999,3,"['70817', '70791', '70807']",False,
LIBRARY_RAW,LANDING,FED_CMS_MEDICARE_PHYSICIAN_OTHER_PRACTITIONERS_BY_PROVIDER,RNDRNG_PRVDR_STATE_FIPS,11,TEXT,YES,FIPS,GEO,False,True,place,1296739,1296738,61,"['28', '17', '34', '35', '31']",True,landing
LIBRARY_RAW,LANDING,FED_ICE_DETENTION_FACILITY_CODES,ZIP,7,TEXT,YES,ZIP,GEO,False,True,place,1490,1332,1050,"['99501', '19543', '49017', '49037', '14813']",True,landing
LIBRARY_RAW,LANDING,PORTAL_ARC_TUCSON_OPEN_DATA_F9376D5072,ZIP,40,TEXT,YES,ZIP,GEO,False,True,place,2000,2000,241,"['85705', '44053', '92865', '77056', '85713']",False,
LIBRARY_RAW,LANDING,FED_FRA_SAFETY,COUNTY_FIPS,5,TEXT,YES,FIPS,GEO,False,True,place,1,1,1,['N/A'],False,
LIBRARY_RAW,LANDING,FED_FARA_BULK,ZIP,10,TEXT,YES,ZIP,GEO,False,True,place,221900,47291,1305,"['48154', '08046', '40356', '10010', '77204-606']",False,
LIBRARY_RAW,LANDING,FED_SEC_CLOSED_END_FUND_INFORMATION,ZIP_CODE,8,TEXT,YES,ZIP,GEO,False,True,place,973,955,226,"['10111', '53212', '30309', '21202', '10036']",True,landing
LIBRARY_RAW,LANDING,PORTAL_ARC_TUCSON_OPEN_DATA_57DF097E01,SITE_ZIP,53,TEXT,YES,ZIP,GEO,False,True,place,74,35,7,"['85716', '', '85705', '85713', '85712']",False,
LIBRARY_RAW,LANDING,PORTAL_ARC_HARRIS_COUNTY_OP_D8CF46061B,GEOID20,3,TEXT,YES,FIPS,GEO,False,True,place,1017,1017,1017,"['4845420', '4839600', '4846350', '4813680', '4828680']",False,
LIBRARY_RAW,LANDING,FED_FDIC_SOD_BRANCH_DEPOSITS,ZIP,80,TEXT,YES,ZIP,GEO,False,True,place,2822977,2822977,10548,"['30217', '36830', '52069', '42025', '02108']",False,
LIBRARY_RAW,LANDING,PORTAL_ARC_OPEN_DATA_DC_8C6EF16235,FIPS,7,TEXT,YES,FIPS,GEO,False,True,place,204,204,204,"['11001001702', '11001000501', '11001007407', '11001010602', '11001003702']",False,
LIBRARY_RAW,LANDING,FED_CMS_MEDICARE_PHYSICIAN_OTHER_PRACTITIONERS_BY_PROVIDER_AND_SERVI,RNDRNG_PRVDR_STATE_FIPS,11,TEXT,YES,FIPS,GEO,False,True,place,9781673,9781668,61,"['06', '28', '48', '55', '25']",True,landing
LIBRARY_RAW,LANDING,PORTAL_ARC_HARRIS_COUNTY_OP_3CFE4113ED,COUNTRY,15,TEXT,YES,COUNTRY,GEO,False,True,place,2,2,1,['USA'],False,
LIBRARY_RAW,LANDING,PORTAL_SOC_TEXAS_OPEN_DATA_91F1C8D27D,ASSOCIATED_LICENSEE_EIN,3,TEXT,YES,EIN,STEEL,False,True,organization,2000,1111,877,"['922881640', '934176981', '453755346', '844536061', '231745172']",True,sample
LIBRARY_RAW,LANDING,PORTAL_ARC_OPEN_DATA_DC_E1DD5D3551,COUNTRY,8,TEXT,YES,COUNTRY,GEO,False,True,place,11,11,1,['United States'],False,
LIBRARY_RAW,LANDING,PORTAL_ARC_HARRIS_COUNTY_OP_CAF5C156E3,USER_ZIP,80,TEXT,YES,ZIP,GEO,False,True,place,526,526,238,"['76092', '78704', '77505', '77024', '79124']",True,sample
LIBRARY_RAW,LANDING,FED_ICE_DETENTION_STINTS,CITIZENSHIP_COUNTRY,14,TEXT,YES,COUNTRY,GEO,False,True,place,2617844,2617835,207,"['GUATEMALA', 'MEXICO', 'SAUDI ARABIA', 'ECUADOR', 'COLOMBIA']",True,landing
LIBRARY_RAW,LANDING,PORTAL_ARC_TUCSON_OPEN_DATA_B64E31A541,DOCKET,36,TEXT,YES,DOCKET,STRONG,False,True,case,798,798,375,"['8536', '12669', '7628', '0', '104']",False,
LIBRARY_RAW,LANDING,FED_CMS_MEDICARE_INPATIENT_HOSPITALS_BY_PROVIDER,RNDRNG_PRVDR_STATE_FIPS,7,TEXT,YES,FIPS,GEO,False,True,place,3044,3044,51,"['02', '04', '01', '05', '06']",True,landing
LIBRARY_RAW,LANDING,INTL_GLEIF,LEI,1,TEXT,YES,LEI,STEEL,True,True,organization,3382301,3382301,3382301,"['2138001BB6WD5MI1QD94', '2138001B2FUUYMIJGF61', '2138001EHSMQV87EXT20', '2138001F7K1HOS44QF22', '2138001A2EGSB8SBI156']",True,landing
LIBRARY_RAW,LANDING,FED_OYEZ,DOCKET,2,TEXT,YES,DOCKET,STRONG,False,True,case,25,25,25,"['510', '70-79', '70-5082', '1043', '373']",False,
LIBRARY_RAW,LANDING,INTL_GLEIF,Entity.OtherAddresses.OtherAddress.2.Country,82,TEXT,YES,COUNTRY,GEO,False,True,place,3382301,43842,80,"['BG', 'SG', 'RU', 'AE', '']",True,landing
LIBRARY_RAW,LANDING,PORTAL_ARC_HARRIS_COUNTY_OP_1F4D98F329,USER_ZIP_C,71,TEXT,YES,ZIP,GEO,False,True,place,1143,555,7,"['77063', '77081', '77074', '77092', '77036']",False,
LIBRARY_RAW,LANDING,PORTAL_CKA_WPRDC_ALLEGHENY_31D26600C9,DOCKET_TYPE,7,TEXT,YES,DOCKET,STRONG,False,True,case,10000,10000,114,"['Sheriff Return', 'Discontinued without Prejudice', 'Motion & Order', 'Certificate-Recorder of Deeds', 'Praecipe to Substitute']",False,
LIBRARY_RAW,LANDING,PORTAL_ARC_ATLANTA_DATAATLA_1A7F4ADC21,COUNTRY,15,TEXT,YES,COUNTRY,GEO,False,True,place,144,144,1,['USA'],False,
LIBRARY_RAW,LANDING,PORTAL_CKA_WESTERN_PENNSYLV_D654695651,ZIP_CODE,6,TEXT,YES,ZIP,GEO,False,True,place,6630,6285,97,"['15214', '15206', '15222', '15024', '15221']",False,
LIBRARY_RAW,LANDING,FED_ICE_DETENTION_STINTS,BIRTH_COUNTRY,13,TEXT,YES,COUNTRY,GEO,False,True,place,2617844,2617844,220,"['MEXICO', 'UZBEKISTAN', 'CUBA', 'EL SALVADOR', 'COLOMBIA']",True,landing
LIBRARY_RAW,LANDING,PORTAL_ARC_TUCSON_OPEN_DATA_E9360F6C40,ZIP,40,TEXT,YES,ZIP,GEO,False,True,place,833,833,137,"['94539', '85145', '90503', '85757', '85712']",False,
LIBRARY_RAW,LANDING,PORTAL_CKA_WPRDC_ALLEGHENY_886BD5E998,GEOID,4,TEXT,YES,FIPS,GEO,False,True,place,10000,10000,10000,"['420550108002', '421010382001', '420850326024', '421330238214', '421010330002']",False,
LIBRARY_RAW,LANDING,FED_VOTEVIEW_MEMBERS,BIOGUIDE_ID,11,TEXT,YES,BIOGUIDE,STEEL,True,True,person,51061,50993,12584,"['S001047', 'W000783', 'L000067', 'H000618', 'G000442']",True,landing
LIBRARY_RAW,LANDING,PORTAL_ARC_ATLANTA_DATAATLA_4AB9F9E31E,COUNTRY,16,TEXT,YES,COUNTRY,GEO,False,True,place,681,681,1,['USA'],False,
LIBRARY_RAW,LANDING,PORTAL_ARC_TUCSON_OPEN_DATA_4FB5EA68FC,DOCKET,36,TEXT,YES,DOCKET,STRONG,False,True,case,2000,2000,617,"['0', '8099', '7895', '13163', '7648']",False,
LIBRARY_RAW,LANDING,PORTAL_ARC_TUCSON_OPEN_DATA_BDA54FB1D9,DOCKET,27,TEXT,YES,DOCKET,STRONG,False,True,case,2000,1858,841,"['11802', '12539', '12525', '10082', '8480']",False,
LIBRARY_RAW,LANDING,PORTAL_ARC_TUCSON_OPEN_DATA_EE2E5DB309,SITE_ZIP,53,TEXT,YES,ZIP,GEO,False,True,place,2000,1696,20,"['85719', '85745', '', '85713', '85714']",False,
LIBRARY_RAW,LANDING,PORTAL_ARC_HARRIS_COUNTY_OP_87F4853C1A,COUNTRY,16,TEXT,YES,COUNTRY,GEO,False,True,place,30,30,1,['USA'],False,
LIBRARY_RAW,LANDING,PORTAL_ARC_LA_COUNTY_OPEN_D_1EDD056661,ZIP,27,TEXT,YES,ZIP,GEO,False,True,place,2000,2000,246,"['90242', '91780', '90004', '90042', '90301']",True,sample
LIBRARY_RAW,LANDING,FED_OSHA_ITA_300A_SUMMARY_2025,EIN,4,TEXT,YES,EIN,STEEL,True,True,organization,383283,339960,106218,"['481107191', '341891118', '473264467', '626050684', '363581634']",True,landing
LIBRARY_RAW,LANDING,PORTAL_SOC_UTAH_OPEN_DATA_P_AA0AB39DEE,PATENT_DT,20,TEXT,YES,PATENT,STEEL,False,True,asset,2000,2000,470,"['2011-05-25T00:00:00.000Z', '2001-05-22T00:00:00.000Z', '2022-03-30T12:00:00.000Z', '2004-08-18T00:00:00.000Z', '2022-12-01T12:00:00.000Z']",False,
LIBRARY_RAW,LANDING,PORTAL_CKA_SAN_JOSE_OPEN_DA_5120C908CA,ZIPCODE,6,TEXT,YES,ZIP,GEO,False,True,place,3,0,0,[''],False,
LIBRARY_RAW,LANDING,FED_OSHA_ITA_CASE_DETAIL_2024,ZIP_CODE,9,TEXT,YES,ZIP,GEO,False,True,place,688649,630939,12823,"['10003', '33186', '93940', '54703', '1730']",True,landing
LIBRARY_RAW,LANDING,PORTAL_CKA_ANALYZE_BOSTON_A9B7E5C08A,ZIP,16,TEXT,YES,ZIP,GEO,False,True,place,10000,10000,29,"['02210', '02130', '02108', '02125', '02136']",False,
LIBRARY_RAW,LANDING,PORTAL_ARC_TUCSON_OPEN_DATA_328AF9F277,SITE_ZIP,53,TEXT,YES,ZIP,GEO,False,True,place,6,5,1,"['', '85705']",False,
LIBRARY_RAW,LANDING,FED_CFPB_HMDA_LAR,LEI,2,TEXT,YES,LEI,STEEL,False,True,organization,17474,17474,478,"['549300TQWW6MLVH6KY61', 'RVDPPPGHCGZ40J4VQ731', 'KB1H1DSPRFMYMCUFXT09', '549300VZVN841I2ILS84', '549300Y5Y88FQLI7VE83']",True,landing
LIBRARY_RAW,LANDING,FED_CMS_HOME_HEALTH,ZIP_CODE,6,TEXT,YES,ZIP,GEO,False,True,place,12392,12392,4665,"['99508', '99654', '35960', '72653', '72542']",True,landing
LIBRARY_RAW,LANDING,FED_COURTLISTENER_JUDGE_EDUCATIONS,PERSON_ID,7,TEXT,YES,CL_PERSON_ID,STEEL,True,True,person,12777,12746,7398,"['66', '206', '210', '44', '121']",True,landing
LIBRARY_RAW,LANDING,FED_DOL_OFLC,WORKSITE_POSTAL_CODE_7,179,TEXT,YES,ZIP,GEO,False,True,place,664616,783,456,"['97204', '77389', '', '77072', '43215']",False,
LIBRARY_RAW,LANDING,FED_SEC_DERA_SUB_2025Q2,EIN,20,TEXT,YES,EIN,STEEL,True,True,organization,7009,5179,4508,"['232588479', '474488552', '863519415', '851710962', '160977505']",True,landing
LIBRARY_RAW,LANDING,PORTAL_ARC_HARRIS_COUNTY_OP_A35053AC76,IN_COUNTRY,69,TEXT,YES,COUNTRY,GEO,False,True,place,38,0,0,[' '],False,
LIBRARY_RAW,LANDING,PORTAL_CKA_ANALYZE_BOSTON_D5A9AD584E,ZIP_CODE,60,TEXT,YES,ZIP,GEO,False,True,place,10000,10000,31,"['02130', '02129', '02131', '02132', '02136']",False,
LIBRARY_RAW,LANDING,PORTAL_CKA_WPRDC_ALLEGHENY_DE448D04D4,EPA_REGISTRY_ID,17,TEXT,YES,FRS_ID,STEEL,False,True,facility,10000,10000,200,"['110000328841', '110001214365', '110000329724', '110000329528', '110000329396']",True,sample
LIBRARY_RAW,LANDING,PORTAL_SOC_PA_OPEN_DATA_POR_5A9F04BB9C,CONTACT_COUNTRY,32,TEXT,YES,COUNTRY,GEO,False,True,place,1712,1712,1,['US'],False,
LIBRARY_RAW,LANDING,FED_EPA_RCRA_FACILITIES,ZIP_CODE,9,TEXT,YES,ZIP,GEO,False,True,place,1613224,1612104,36494,"['07657-2300', '76240', '10523', '07480', '07093']",False,
LIBRARY_RAW,LANDING,FED_MEDSL_SENATE_RETURNS,STATE_FIPS,4,TEXT,YES,FIPS,GEO,False,True,place,3945,3945,50,"['20', '9', '10', '6', '49']",False,
LIBRARY_RAW,LANDING,FED_HHS_TAGGS,RECIPIENT_COUNTRY,16,TEXT,YES,COUNTRY,GEO,False,True,place,45,0,0,[''],False,
LIBRARY_RAW,LANDING,FED_CMS_FACILITY_AFFILIATION,NPI,1,TEXT,YES,NPI,STEEL,True,True,provider,2260193,2260193,940350,"['1003006651', '1447265228', '1669441788', '1114026911', '1558350272']",True,landing
LIBRARY_RAW,LANDING,FED_CMS_HOSPITAL_ENROLLMENTS,MULTIPLE_NPI_FLAG,6,TEXT,YES,NPI,STEEL,False,True,provider,9175,0,0,"['N', 'Y']",True,landing
LIBRARY_RAW,LANDING,FED_USASPENDING_CONTRACTS,RECIPIENT_UEI,12,TEXT,YES,UEI,STEEL,True,True,organization,6325622,6325622,92833,"['ZZRPFWN91KD1', 'QDDVJ38LUKJ4', 'E89AF6FBPU56', 'CNFUN4EL7MV7', 'D435BRAUWAK7']",True,landing
LIBRARY_RAW,LANDING,PORTAL_SOC_UTAH_OPEN_DATA_P_C3B6301825,PATENT_NBR,15,TEXT,YES,PATENT,STEEL,False,True,asset,2000,2000,1269,"['P-20391-122-419', 'P-20026', 'P-20361-43-138', 'P-20391-129-237', 'P-20014']",False,
LIBRARY_RAW,LANDING,FED_CMS_OPEN_PAYMENTS_PROFILE_SUPPLEMENT,COVERED_RECIPIENT_PROFILE_COUNTRY_NAME,19,TEXT,YES,COUNTRY,GEO,False,True,place,1697025,1697025,45,"['GREAT BRITAIN (UK)', 'UNITED STATES', 'CANADA', 'MEXICO', 'UNITED STATES MINOR OUTLYING ISLANDS']",True,landing
LIBRARY_RAW,LANDING,PORTAL_ARC_WISCONSIN_OPEN_D_022EFD1AE5,ZIP_4,10,TEXT,YES,ZIP,GEO,False,True,place,2,0,0,[''],False,
LIBRARY_RAW,LANDING,FED_USCG_NRC_INCIDENT_REPORTS,RESPONSIBLE_ZIP,9,TEXT,YES,ZIP,GEO,False,True,place,116662,36730,8468,"['98106', '65672', '77002', '43616', '77571']",False,
LIBRARY_RAW,LANDING,PORTAL_ARC_HARRIS_COUNTY_OP_FA9969D82E,NPI,4,TEXT,YES,NPI,STEEL,False,True,provider,1128,1128,1128,"['1508966847', '1518037514', '1912503194', '1740801091', '1982262598']",True,sample
LIBRARY_RAW,LANDING,PORTAL_SOC_UTAH_OPEN_DATA_P_F7CB1E8C0D,BILLING_PROVIDER_NPI,2,TEXT,YES,NPI,STEEL,False,True,provider,2000,2000,135,"['1003086901', '1003088402', '1073919148', '1003078403', '1003001553']",True,sample
LIBRARY_RAW,LANDING,FED_CMS_MEDICARE_DIABETES_PREVENTION_PROGRAM,ZIP_CODE,9,TEXT,YES,ZIP,GEO,False,True,place,1037,1037,870,"['58701', '98402', '48306', '19380', '30165']",True,landing
LIBRARY_RAW,LANDING,PORTAL_ARC_TUCSON_OPEN_DATA_89DF24D316,ZIP,41,TEXT,YES,ZIP,GEO,False,True,place,2000,1998,148,"['75075', '85705', '85739', '85750', '85254']",False,
LIBRARY_RAW,LANDING,PORTAL_ARC_HARRIS_COUNTY_OP_D354D2D6E2,ZIP_CODE,17,TEXT,YES,ZIP,GEO,False,True,place,257,255,65,"['77074', '77036', '77005', '77063', '77018']",False,
LIBRARY_RAW,LANDING,FED_HRSA_UDS_SERVICE_DELIVERY_SITES,STATE_FIPS_CODE,46,TEXT,YES,FIPS,GEO,False,True,place,19038,19038,60,"['37', '25', '34', '26', '13']",True,landing
LIBRARY_RAW,LANDING,PORTAL_ARC_TUCSON_OPEN_DATA_3A7E0821D1,DOCKET,36,TEXT,YES,DOCKET,STRONG,False,True,case,61,61,46,"['248', '1606', '4879', '184', '6760']",False,
LIBRARY_RAW,LANDING,PORTAL_ARC_TUCSON_OPEN_DATA_664D252729,ZIP,41,TEXT,YES,ZIP,GEO,False,True,place,2000,1995,260,"['85718', '93463', '85249', '85711', '85750']",False,
LIBRARY_RAW,LANDING,INTL_IPC_FOOD_INSECURITY_GLOBAL,COUNTRY,2,TEXT,YES,COUNTRY,GEO,False,True,place,735,735,50,"['AFG', 'AGO', 'BDI', 'BFA', 'BEN']",False,
LIBRARY_RAW,LANDING,PORTAL_ARC_TUCSON_OPEN_DATA_82607FBFC9,SITE_ZIP,52,TEXT,YES,ZIP,GEO,False,True,place,2000,1961,1,"['', '85741']",False,
LIBRARY_RAW,LANDING,PORTAL_ARC_ATLANTA_DATAATLA_A59DB2E766,COUNTRY,16,TEXT,YES,COUNTRY,GEO,False,True,place,322,322,1,['USA'],False,
LIBRARY_RAW,LANDING,PORTAL_ARC_TUCSON_OPEN_DATA_F919285F50,SITE_ZIP,53,TEXT,YES,ZIP,GEO,False,True,place,12,3,3,"['85743', '85713', '', '85745']",False,
LIBRARY_RAW,LANDING,PORTAL_CKA_WESTERN_PENNSYLV_AAD84A1F6E,ZIP,10,TEXT,YES,ZIP,GEO,False,True,place,412,230,26,"['15211', '15219', '15203', '15212', '']",False,
LIBRARY_RAW,LANDING,PORTAL_ARC_HARRIS_COUNTY_OP_87F4853C1A,ST_FIPS,28,TEXT,YES,FIPS,GEO,False,True,place,30,30,1,['48'],False,
LIBRARY_RAW,LANDING,PORTAL_ARC_HARRIS_COUNTY_OP_CB850CC4B0,ZIP,19,TEXT,YES,ZIP,GEO,False,True,place,356,356,42,"['77484', '77082', '77080', '77083', '77099']",False,
LIBRARY_RAW,LANDING,PORTAL_SOC_SF_OPENDATA_DATA_79618299A6,BUSINESS_ZIP,19,TEXT,YES,ZIP,GEO,False,True,place,2000,1964,417,"['94126', '94966', '91040', 'nan', '94607']",False,
LIBRARY_RAW,LANDING,FED_EPA_NPDES_NPDES_INSPECTIONS,REGISTRY_ID,1,TEXT,YES,FRS_ID,STEEL,False,True,facility,1900067,1899932,263075,"['110013696018', '110008004168', '110041255012', '110040004802', '110013683503']",True,landing
LIBRARY_RAW,LANDING,PORTAL_ARC_OPEN_DATA_MINNEA_BE5550EBF6,CCN,3,TEXT,YES,CCN,STEEL,False,True,facility,2000,0,0,"['MP 2014 000103', 'MP 2014 000771', 'MP 2014 999929', 'MP 2014 000378', 'MP 2014 000537']",False,
LIBRARY_RAW,LANDING,PORTAL_ARC_HARRIS_COUNTY_OP_CBD49C80E4,CCN,13,TEXT,YES,CCN,STEEL,False,True,facility,513,208,62,"['450774', 'nan', '454083', '454108', '454026']",True,sample
LIBRARY_RAW,LANDING,INTL_GDELT,ACTIONGEO_COUNTRYCODE,36,TEXT,YES,COUNTRY,GEO,False,True,place,1015,0,0,"['4', '2', '0', '1', '3']",False,
LIBRARY_RAW,LANDING,PORTAL_ARC_ATLANTA_DATAATLA_F07E02DA21,ZIP,7,TEXT,YES,ZIP,GEO,False,True,place,73,73,13,"['30342', '30303', '30097', '30306', '30354']",False,
LIBRARY_RAW,LANDING,FED_DOL_OFLC,EMPLOYER_COUNTRY,27,TEXT,YES,COUNTRY,GEO,False,True,place,664616,636472,8,"['INDIA', 'TURKEY', 'CANADA', 'GUATEMALA', 'UNITED STATES OF AMERICA']",False,
LIBRARY_RAW,LANDING,XC_EPA_CORPORATE_CROSSWALK,PARENT_CIK,9,TEXT,YES,CIK,STEEL,False,True,organization,5300149,119382,704,"['72741', '200406', '52827', '1090727', '1376986']",False,
LIBRARY_RAW,LANDING,INTL_ADB_DATA,COUNTRY,1,TEXT,YES,COUNTRY,GEO,False,True,place,41,0,0,[''],False,
LIBRARY_RAW,LANDING,PORTAL_CKA_WPRDC_ALLEGHENY_9BB7597D03,GEOID,1,TEXT,YES,FIPS,GEO,False,True,place,2103,2103,2103,"['420031014004', '420031018001', '420030103001', '420030201001', '420030201004']",False,
LIBRARY_RAW,LANDING,PORTAL_CKA_CALIFORNIA_OPEN_A8C3CED685,ZIP,5,TEXT,YES,ZIP,GEO,False,True,place,3500,3484,1058,"['95765', '95928', '92395', '95762', '95123']",False,
LIBRARY_RAW,LANDING,PORTAL_ARC_TUCSON_OPEN_DATA_CF1942A6CE,ZIP,43,TEXT,YES,ZIP,GEO,False,True,place,2000,2000,241,"['77056', '80014', '85713', '85268', '85614']",False,
LIBRARY_RAW,LANDING,PORTAL_SOC_UTAH_OPEN_DATA_P_327D0E821D,ZIP,4,TEXT,YES,ZIP,GEO,False,True,place,2000,1999,82,"['841112169', '84116', '84102', '84070', '84109']",False,
LIBRARY_RAW,LANDING,FED_IRS_BMF,EIN,1,TEXT,YES,EIN,STEEL,True,True,organization,1974830,1974830,1974830,"['111687471', '112445998', '112474281', '111684083', '111735960']",True,landing
LIBRARY_RAW,LANDING,PORTAL_ARC_TUCSON_OPEN_DATA_63C0193FF1,POSTAL_CODE,51,TEXT,YES,ZIP,GEO,False,True,place,18,7,1,"['nan', '85726-7210']",False,
LIBRARY_RAW,LANDING,PORTAL_SOC_CONNECTICUT_OPEN_6BE2302812,EIN,1,TEXT,YES,EIN,STEEL,False,True,organization,5000,5000,5000,"['036090117', '010966513', '010959193', '020645191', '042681223']",True,sample
LIBRARY_RAW,LANDING,PORTAL_ARC_TUCSON_OPEN_DATA_5B985CBFB5,COUNTRY,50,TEXT,YES,COUNTRY,GEO,False,True,place,2000,2000,3,"['CANADA', 'nan', 'GERMANY']",False,
LIBRARY_RAW,LANDING,PORTAL_ARC_TUCSON_OPEN_DATA_7468CF46DB,DOCKET,36,TEXT,YES,DOCKET,STRONG,False,True,case,6,6,3,"['8060', '7794', '3055']",False,
LIBRARY_RAW,LANDING,PORTAL_SOC_UTAH_OPEN_DATA_P_589CC47A29,STATE_ZIP,14,TEXT,YES,ZIP,GEO,False,True,place,4432,4363,216,"['UT 84120', 'UT 84059', 'UT 84653', 'UT 84104', '']",True,sample
LIBRARY_RAW,LANDING,PORTAL_SOC_UTAH_OPEN_DATA_P_6319D859B5,FAC_ZIP,13,TEXT,YES,ZIP,GEO,False,True,place,83,83,13,"['84737', '84774', '84782', '84722', '84770']",False,
LIBRARY_RAW,LANDING,PORTAL_ARC_TUCSON_OPEN_DATA_0697237A35,COUNTRY,50,TEXT,YES,COUNTRY,GEO,False,True,place,1958,1958,2,"['AUSTRALIA', 'nan']",False,
LIBRARY_RAW,LANDING,FED_IRS_REVOCATION,ZIP_CODE,7,TEXT,YES,ZIP,GEO,False,True,place,1206628,1203569,36646,"['90209-5459', '90007-2664', '92402-0341', '92270-5210', '92627-0000']",True,landing
LIBRARY_RAW,LANDING,UK_COMPANIES_HOUSE_PSC,COUNTRY_REGISTERED,19,TEXT,YES,COUNTRY,GEO,False,True,place,15804612,985028,2897,"['England And Wales', 'Northern Ireland', 'England & Wales', 'Uk', 'Austria']",True,landing
LIBRARY_RAW,LANDING,XC_ICIJ_OFFSHORE_NODES_ADDRESSES,COUNTRY_CODES,5,TEXT,YES,COUNTRY,GEO,False,True,place,402246,277110,227,"['CHN', 'KAZ', 'GGY', 'HKG', 'SGP']",False,
LIBRARY_RAW,LANDING,XC_MAPPING_POLICE_VIOLENCE,GEOGRAPHY_VIA_TRULIA_METHODOLOGY_BASED_ON_ZIPCODE_POPULATION_DENSITY_HTTP_JEDKOLKO_COM_WP_CONTENT_UPLOADS_2015_05_FULL_ZCTA_URBAN_SUBURBAN_RURAL_CLASSIFICATION_XLSX,28,TEXT,YES,ZIP,GEO,False,True,place,15476,0,0,"['Urban', 'Rural', 'Suburban']",False,
LIBRARY_RAW,LANDING,PORTAL_ARC_HARRIS_COUNTY_OP_FB6331E67A,ZIP,7,TEXT,YES,ZIP,GEO,False,True,place,805,805,37,"['77036', '77084', '77077', '77433', '77079']",False,
LIBRARY_RAW,LANDING,PORTAL_ARC_TUCSON_OPEN_DATA_EAB8D87A4D,DOCKET,37,TEXT,YES,DOCKET,STRONG,False,True,case,2000,2000,742,"['3354', '12593', '8275', '6098', '8924']",False,
LIBRARY_RAW,LANDING,PORTAL_ARC_HARRIS_COUNTY_OP_2718B3279A,COUNTRY,47,TEXT,YES,COUNTRY,GEO,False,True,place,77,77,1,['USA'],False,
LIBRARY_RAW,LANDING,FED_PCAOB_FORM_AP_FILINGS,ISSUER_CIK_NONE,22,TEXT,YES,CIK,STEEL,False,True,organization,155384,0,0,"['false', 'true']",True,landing
LIBRARY_RAW,LANDING,FED_SEC_CLOSED_END_FUND_INFORMATION,CIK,2,TEXT,YES,CIK,STEEL,True,True,organization,973,973,973,"['0000040417', '0000005094', '0000275694', '0000847411', '0000874304']",True,landing
LIBRARY_RAW,LANDING,PORTAL_SOC_NEW_YORK_STATE_O_49CD8C5B65,PATENT_ASSIGNEE_OWNER,6,TEXT,YES,PATENT,STEEL,False,True,asset,161,161,14,"['The Research Foundation for the State University of New York; Health Research, Inc, for Roswell Park Comprehensive Cancer Center', 'Health Research, Inc, for Roswell Park Comprehensive Cancer Center and University of California', 'Health Research, Inc.', 'Health Research, Inc, for Roswell Park Comprehensive Cancer Center, Pancela Labs, Inc. and Cleveland BioLabs, Inc.', 'Health Research, Inc, for Roswell Park Comprehensive Cancer Center']",False,
LIBRARY_RAW,LANDING,XC_ICIJ_OFFSHORE_NODES_OFFICERS,COUNTRY_CODES,4,TEXT,YES,COUNTRY,GEO,False,True,place,771315,470258,4767,"['KOR', 'CHN', 'IRL', 'AUS', 'JPN']",False,
LIBRARY_RAW,LANDING,FED_BIA_TRIBAL_GEO,FIPS,4,TEXT,YES,FIPS,GEO,False,True,place,100,0,0,[''],False,
LIBRARY_RAW,LANDING,PORTAL_ARC_OPEN_BALTIMORE_6C2257F1C4,ARC_ZIP,15,TEXT,YES,ZIP,GEO,False,True,place,21,21,17,"['21224', '21239', '21237', '21223', '21287']",True,sample
LIBRARY_RAW,LANDING,FED_FJC_IDB_CRIMINAL,DOCKET,5,TEXT,YES,DOCKET,STRONG,False,True,case,6299908,6299908,264765,"['9500380', '9400773', '9200016', '9200134', '9401041']",False,
LIBRARY_RAW,LANDING,FED_HHS_TAGGS,RECIPIENT_FIPS,15,TEXT,YES,FIPS,GEO,False,True,place,45,0,0,[''],False,
LIBRARY_RAW,LANDING,PORTAL_ARC_TUCSON_OPEN_DATA_8896D12631,SITE_ZIP,45,TEXT,YES,ZIP,GEO,False,True,place,2000,1956,1,"['85741', '']",False,
LIBRARY_RAW,LANDING,PORTAL_ARC_OPEN_DATA_MINNEA_5AC94C44DA,CCN,3,TEXT,YES,CCN,STEEL,False,True,facility,2000,0,0,"['MP 2011 000449', 'MP 2011 000989', 'MP 2011 002045', 'MP 2011 000054', 'MP 2011 002808']",False,
LIBRARY_RAW,LANDING,FED_CMS_SKILLED_NURSING_FACILITY_ENROLLMENTS,ZIP_CODE,23,TEXT,YES,ZIP,GEO,False,True,place,14425,14425,8745,"['364671630', '485322609', '380063654', '567324018', '523531126']",True,landing
LIBRARY_RAW,LANDING,FED_CMS_MEDICARE_FEE_FOR_SERVICE_PUBLIC_PROVIDER_ENROLLMENT,NPI,1,TEXT,YES,NPI,STEEL,True,True,provider,2978925,2978925,2541258,"['1497799480', '1376527598', '1588260392', '1770563694', '1851394274']",True,landing
LIBRARY_RAW,LANDING,PORTAL_CKA_ANALYZE_BOSTON_9EE23F0172,ZIP,7,TEXT,YES,ZIP,GEO,False,True,place,18,0,0,"['2118', '2128', '2127', '2126', '2111']",False,
LIBRARY_RAW,LANDING,PORTAL_ARC_HARRIS_COUNTY_OP_D9A3089ED0,COUNTRY,15,TEXT,YES,COUNTRY,GEO,False,True,place,125,125,2,"['US', 'USA']",False,
LIBRARY_RAW,LANDING,PORTAL_ARC_HARRIS_COUNTY_OP_7BD125DFB0,COUNTRY,14,TEXT,YES,COUNTRY,GEO,False,True,place,359,359,2,"['USA', 'United States']",False,
LIBRARY_RAW,LANDING,PORTAL_ARC_LA_COUNTY_OPEN_D_75836D970C,ZIPCODE,7,TEXT,YES,ZIP,GEO,False,True,place,2000,2000,182,"['91748', '91702', '90601', '91750', '90061']",False,
LIBRARY_RAW,LANDING,PORTAL_SOC_UTAH_OPEN_DATA_P_B21F81E6F9,PATENT_NR,7,TEXT,YES,PATENT,STEEL,False,True,asset,2000,2000,502,"['RECON', '639430', 'IL 253', 'IL 311', '1201741']",False,
LIBRARY_RAW,LANDING,PORTAL_SOC_SF_OPENDATA_DATA_C19EE9EB44,ZIP,17,TEXT,YES,ZIP,GEO,False,True,place,157,157,23,"['94117', '94124', '94109', '94102', '94103']",True,sample
LIBRARY_RAW,LANDING,PORTAL_ARC_ORANGE_COUNTY_OP_0DEA033879,ZIP,9,TEXT,YES,ZIP,GEO,False,True,place,54,54,9,"['92676', '92675', '92688', '92679', '92678']",False,
LIBRARY_RAW,LANDING,PORTAL_ARC_TUCSON_OPEN_DATA_8E55E53D8D,SITE_ZIP,77,TEXT,YES,ZIP,GEO,False,True,place,2000,1756,8,"['85705', 'nan', '85745', '85704', '85741']",False,
LIBRARY_RAW,LANDING,FED_CMS_MEDICARE_INPATIENT_HOSPITALS_BY_PROVIDER_AND_SERVICE,RNDRNG_PRVDR_ZIP5,6,TEXT,YES,ZIP,GEO,False,True,place,145879,145879,2687,"['35957', '35630', '36301', '36467', '36049']",True,landing
LIBRARY_RAW,LANDING,FED_COURTLISTENER_FJC_IDB_CL_LINKED,DOCKET_NUMBER,6,TEXT,YES,DOCKET,STRONG,False,True,case,10323280,10323280,1162192,"['9500348', '9501243', '9302943', '9501513', '9303362']",False,
LIBRARY_RAW,LANDING,FED_CMS_OPEN_PAYMENTS_PROFILE_SUPPLEMENT,COVERED_RECIPIENT_PROFILE_ZIPCODE,18,TEXT,YES,ZIP,GEO,False,True,place,1697025,1696872,21924,"['22701-3942', '77505-3139', '93401-4100', '95966-6131', '27614-6629']",True,landing
LIBRARY_RAW,LANDING,PORTAL_ARC_HARRIS_COUNTY_OP_87F4853C1A,ZIP,8,TEXT,YES,ZIP,GEO,False,True,place,30,30,15,"['77089', '77059', '77598', '77058', '77505']",False,
LIBRARY_RAW,LANDING,FED_EPA_SUPERFUND_SITE_BOUNDARIES,ZIP_CODE,20,TEXT,YES,ZIP,GEO,False,True,place,2114,2112,1572,"['05849', '03458', '10990', '12803', '05156']",False,
LIBRARY_RAW,LANDING,PORTAL_SOC_PA_OPEN_DATA_POR_5A9F04BB9C,LOCATION_COUNTRY,15,TEXT,YES,COUNTRY,GEO,False,True,place,1712,1712,1,['US'],False,
LIBRARY_RAW,LANDING,PORTAL_ARC_WISCONSIN_OPEN_D_5206358BDD,COUNTY_FIPS,17,TEXT,YES,FIPS,GEO,False,True,place,604,604,103,"['123', '117', '25', '3', '173']",False,
LIBRARY_RAW,LANDING,PORTAL_ARC_TUCSON_OPEN_DATA_B44EAD49D6,SITE_ZIP,53,TEXT,YES,ZIP,GEO,False,True,place,66,28,6,"['85712', '85716', '85745', '', '85701']",False,
LIBRARY_RAW,LANDING,INTL_GLEIF,Entity.SuccessorEntity.3.SuccessorLEI,210,TEXT,YES,LEI,STEEL,False,True,organization,3382301,27,27,"['875500SS4H9L5E785997', '7437009MNH8MOHHQNR28', '984500AD7HASCC671D54', '5493000EA6JEO6WRV980', '74370084KBJUEHMRK082']",True,landing
LIBRARY_RAW,LANDING,PORTAL_ARC_HARRIS_COUNTY_OP_3E1A188E92,MAILING_ZIP,87,TEXT,YES,ZIP,GEO,False,True,place,642,0,0,"['79606.0', '76549.0', '75071.0', '78207.0', '76448.0']",False,
LIBRARY_RAW,LANDING,PORTAL_SOC_TEXAS_OPEN_DATA_4D3A5EED0F,LOC_ZIP,8,TEXT,YES,ZIP,GEO,False,True,place,2000,2000,285,"['77037', '79360', '77076', '77046', '75237']",False,
LIBRARY_RAW,LANDING,FED_GOOGLE_POLADS_GEO_SPEND,COUNTRY_SUBDIVISION_PRIMARY,2,TEXT,YES,COUNTRY,GEO,False,True,place,1289,1271,202,"['US-CA', 'US-TX', 'US-AR', 'BR-TO', 'US-NY']",False,
LIBRARY_RAW,LANDING,PORTAL_CKA_CALIFORNIA_OPEN_5DD35F95D8,NPI,11,TEXT,YES,NPI,STEEL,False,True,provider,5000,3781,3505,"['1811049026', '1962951715', '1174705891', '1568676393', '1770740623']",True,sample
LIBRARY_RAW,LANDING,PORTAL_ARC_OPEN_DATA_MINNEA_1AD7E106E4,CCN,3,TEXT,YES,CCN,STEEL,False,True,facility,2000,0,0,"['MP 2013 999992', 'MP 2013 002620', 'MP 2013 000895', 'MP 2013 999957', 'MP 2013 002761']",False,
LIBRARY_RAW,LANDING,PORTAL_CKA_OKLAHOMA_OPEN_DA_A90B591B09,COUNTRY,15,TEXT,YES,COUNTRY,GEO,False,True,place,1652,1652,2,"['GERMANY', 'UNITED STATES OF AMERICA']",False,
LIBRARY_RAW,LANDING,PORTAL_SOC_UTAH_OPEN_DATA_P_4EBA247771,PROVIDER_POSTAL_CODE,7,TEXT,YES,ZIP,GEO,False,True,place,2000,2000,90,"['84095-0970', '84141-0001', '84078-0189', '84107-7361', '84761-1330']",True,sample
LIBRARY_RAW,LANDING,PORTAL_ARC_TUCSON_OPEN_DATA_CF1942A6CE,COUNTRY,53,TEXT,YES,COUNTRY,GEO,False,True,place,2000,0,0,[''],False,
LIBRARY_RAW,LANDING,PORTAL_ARC_OPEN_DATA_DC_5CB81ACBDD,ISO_COUNTRY_CODE,22,TEXT,YES,COUNTRY,GEO,False,True,place,8,8,1,['US'],False,
LIBRARY_RAW,LANDING,PORTAL_ARC_OPEN_DATA_MINNEA_D808F6BF62,ZIPCODE,20,TEXT,YES,ZIP,GEO,False,True,place,25,24,11,"['55404', '55414', '55413', '55418', '55407']",False,
LIBRARY_RAW,LANDING,PORTAL_ARC_TUCSON_OPEN_DATA_080C2334EE,ZIP,40,TEXT,YES,ZIP,GEO,False,True,place,17,17,2,"['85726', '00000']",False,
LIBRARY_RAW,LANDING,FED_FEC_COMMITTEE_TO_CANDIDATE,ZIP_CODE,11,TEXT,YES,ZIP,GEO,False,True,place,866730,865278,5748,"['78665', '20003', '70150', '64079', '91436']",True,landing
LIBRARY_RAW,LANDING,PORTAL_SOC_NEW_YORK_STATE_O_EFF72C4402,EIN_OF_THE_RECIPIENT,42,TEXT,YES,EIN,STEEL,False,True,organization,2000,2,2,"['16-6002235', '83-2658006', 'nan']",False,
LIBRARY_RAW,LANDING,PORTAL_ARC_HARRIS_COUNTY_OP_1F4D98F329,ZIP_CODE_1,83,TEXT,YES,ZIP,GEO,False,True,place,1143,0,0,['<Null>'],False,
LIBRARY_RAW,LANDING,PORTAL_SOC_PA_OPEN_DATA_POR_5A9F04BB9C,CONTACT_ZIP,33,TEXT,YES,ZIP,GEO,False,True,place,1712,1712,13,"['17402', '18018', '16946', '16046', '16066']",False,
LIBRARY_RAW,LANDING,PORTAL_CKA_INDIANA_DATA_HUB_90C2A3CA78,ZCTA,2,TEXT,YES,ZIP,GEO,False,True,place,784,784,775,"['46237', '47118', '46786', '46125', '47853']",False,
LIBRARY_RAW,LANDING,PORTAL_SOC_TEXAS_OPEN_DATA_5410A1009F,TAXPAYER_ZIP_CODE,6,TEXT,YES,ZIP,GEO,False,True,place,2000,1999,958,"['76249', '77269', '76856', '78550', '76044']",False,
LIBRARY_RAW,LANDING,PORTAL_SOC_UTAH_OPEN_DATA_P_A9B7E273C8,CCN_FACILITY_TYPE,11,TEXT,YES,CCN,STEEL,False,True,facility,61,0,0,"['CAH', 'LTCH', 'CH', 'PH', 'RH']",True,sample
LIBRARY_RAW,LANDING,PORTAL_ARC_HARRIS_COUNTY_OP_BEF7C03176,IN_COUNTRYCODE,69,TEXT,YES,COUNTRY,GEO,False,True,place,755,0,0,[''],False,
LIBRARY_RAW,LANDING,PORTAL_ARC_HARRIS_COUNTY_OP_5AB72D4A23,ARC_COUNTRYCODE,69,TEXT,YES,COUNTRY,GEO,False,True,place,526,521,1,"['', 'nan']",True,sample
LIBRARY_RAW,LANDING,PORTAL_SOC_MARYLAND_OPEN_DA_1B2CC0ADB9,FACILITY_ZIP,8,TEXT,YES,ZIP,GEO,False,True,place,64,64,53,"['21401', '21921', '21550', '20903', '20850']",True,sample
LIBRARY_RAW,LANDING,PORTAL_SOC_CONNECTICUT_OPEN_AEB46F6C94,C_3_FRS_ID,3,TEXT,YES,FRS_ID,STEEL,False,True,facility,2000,2000,300,"['110057207678', '110024421570', '110001407905', '110000747470', '110043644385']",True,sample
LIBRARY_RAW,LANDING,FED_DOL_OLMS,ZIP,51,TEXT,YES,ZIP,GEO,False,True,place,617710,616777,20536,"['146233146', '475239775', '296171504', '574021994', '75418']",False,
LIBRARY_RAW,LANDING,PORTAL_CKA_VIRGINIA_OPEN_DA_1598EAD304,COUNTY_FIPS,6,TEXT,YES,FIPS,GEO,False,True,place,10000,0,0,[''],False,
LIBRARY_RAW,LANDING,PORTAL_CKA_ANALYZE_BOSTON_DF0A6DE397,ZIP,21,TEXT,YES,ZIP,GEO,False,True,place,9998,9623,32,"[' ', '02122', '02132', '02116', '02111']",False,
LIBRARY_RAW,LANDING,PORTAL_SOC_UTAH_OPEN_DATA_P_AC08D0651F,BILLING_PROVIDER_NPI,2,TEXT,YES,NPI,STEEL,False,True,provider,2000,2000,97,"['1003030602', '1003001553', '1003143413', '1003006313', '1003006180']",True,sample
LIBRARY_RAW,LANDING,IRS527_8872_REPORTS,BUSINESS_ZIP_EXT,38,TEXT,YES,ZIP,GEO,False,True,place,55579,0,0,"['2923', '2716', '', '1640', '4803']",True,landing
LIBRARY_RAW,LANDING,PORTAL_ARC_HARRIS_COUNTY_OP_3E3BFD2059,COUNTRY,48,TEXT,YES,COUNTRY,GEO,False,True,place,254,254,1,['USA'],False,
LIBRARY_RAW,LANDING,FED_SAM_EXCLUSIONS_FULL_R2,ZIP_CODE,15,TEXT,YES,ZIP,GEO,False,True,place,168328,126286,18524,"['18976', '30080', '45217', '73044', '32516']",True,landing
LIBRARY_RAW,LANDING,PORTAL_ARC_HARRIS_COUNTY_OP_CB850CC4B0,IN_ZIP,38,TEXT,YES,ZIP,GEO,False,True,place,356,356,42,"['77072', '77036', '77083', '77056', '77441']",False,
LIBRARY_RAW,LANDING,INTL_GFI_TRADE,COUNTRY,1,TEXT,YES,COUNTRY,GEO,False,True,place,25,0,0,[''],False,
LIBRARY_RAW,LANDING,PORTAL_ARC_HARRIS_COUNTY_OP_D1EB790FBD,ZIP,7,TEXT,YES,ZIP,GEO,False,True,place,363,363,48,"['77011', '77062', '77015', '77546', '75208']",False,
LIBRARY_RAW,LANDING,PORTAL_ARC_ATLANTA_DATAATLA_5A321B0C21,SUP_DOCKET,12,TEXT,YES,DOCKET,STRONG,False,True,case,118,116,81,"['U-11-037', 'U-04-006', 'U-05-034', ' ', 'U-10-030']",False,
LIBRARY_RAW,LANDING,PORTAL_ARC_ORANGE_COUNTY_OP_A69A248695,ZIP,7,TEXT,YES,ZIP,GEO,False,True,place,10,0,0,[''],False,
LIBRARY_RAW,LANDING,PORTAL_ARC_TUCSON_OPEN_DATA_70CEDCB206,ZIP,40,TEXT,YES,ZIP,GEO,False,True,place,2000,2000,345,"['85750', '85749', '85719', '72712', '85258']",False,
LIBRARY_RAW,LANDING,PORTAL_CKA_VIRGINIA_OPEN_DA_039AACD655,POSTALCODE,37,TEXT,YES,ZIP,GEO,False,True,place,10000,10000,1,['24401'],False,
LIBRARY_RAW,LANDING,PORTAL_ARC_LA_COUNTY_OPEN_D_6DF63A4983,ZIP_CODE,10,TEXT,YES,ZIP,GEO,False,True,place,187,187,164,"['91356-3501', '94602-1018', '93514-2599', '93901-4098', '92705-3502']",True,sample
LIBRARY_RAW,LANDING,PORTAL_ARC_LOUISVILLE_OPEN_E92145C6D2,ZIP_CODE,5,TEXT,YES,ZIP,GEO,False,True,place,18,18,10,"['40208', '40210', '40206', '40245', '40216']",False,
LIBRARY_RAW,LANDING,PORTAL_SOC_UTAH_OPEN_DATA_P_8A9374EA5D,EIN,1,TEXT,YES,EIN,STEEL,False,True,organization,5000,5000,5000,"['208938972', '262900444', '10660932', '237173619', '237231864']",True,sample
LIBRARY_RAW,LANDING,FED_CMS_NURSING_HOME,NPI,109,TEXT,YES,NPI,STEEL,False,True,provider,14700,0,0,[''],True,landing
LIBRARY_RAW,LANDING,FED_DENSHO_DDR,FIPS,12,TEXT,YES,FIPS,GEO,False,True,place,25,0,0,[''],False,
LIBRARY_RAW,LANDING,PORTAL_ARC_WISCONSIN_OPEN_D_07CF3C3824,ZIP,9,TEXT,YES,ZIP,GEO,False,True,place,2,2,2,"['53226', '53792']",False,
LIBRARY_RAW,LANDING,PORTAL_ARC_TUCSON_OPEN_DATA_DB600D27AE,ZIP,40,TEXT,YES,ZIP,GEO,False,True,place,2000,1998,303,"['96061', '90740', '85321', '85304', '00000']",False,
LIBRARY_RAW,LANDING,IRS527_DIRECTORS_OFFICERS,ENTITY_ZIP_EXT,12,TEXT,YES,ZIP,GEO,False,True,place,189593,0,0,"['1175', '0246', '0806', '0601', '5457']",True,landing
LIBRARY_RAW,LANDING,PORTAL_ARC_TUCSON_OPEN_DATA_B44EAD49D6,ZIP,40,TEXT,YES,ZIP,GEO,False,True,place,66,66,3,"['85701', '00000', '85726']",False,
LIBRARY_RAW,LANDING,PORTAL_ARC_TUCSON_OPEN_DATA_3D7C82E432,SITE_ZIP,53,TEXT,YES,ZIP,GEO,False,True,place,2000,1669,20,"['85711', '85716', '85746', '85749', '85715']",False,
LIBRARY_RAW,LANDING,PORTAL_ARC_TUCSON_OPEN_DATA_A0293B412C,POSTAL_CODE,51,TEXT,YES,ZIP,GEO,False,True,place,144,144,35,"['85705-3705', '85703-7025', '85705-8443', '85705-4033', '85705-4319']",False,
LIBRARY_RAW,LANDING,PORTAL_ARC_TUCSON_OPEN_DATA_F970BAADB3,ZIP,39,TEXT,YES,ZIP,GEO,False,True,place,2000,2000,199,"['85719', '59759', '85282', '85716', '85705']",False,
LIBRARY_RAW,LANDING,PORTAL_SOC_UTAH_OPEN_DATA_P_59E244E1CC,ZIP,5,TEXT,YES,ZIP,GEO,False,True,place,4998,4291,199,"['84790', '840983940', '84098', '846015648', '840985516']",False,
LIBRARY_RAW,LANDING,PORTAL_ARC_OPEN_DATA_RALEIG_8EE851C810,PRIMARY_ZIP_CODE,7,TEXT,YES,ZIP,GEO,False,True,place,2000,2000,33,"['27518', '27511', '27519', '27512', '27626']",False,
LIBRARY_RAW,LANDING,PORTAL_ARC_OPEN_DATA_DC_454981B380,CCN,9,TEXT,YES,CCN,STEEL,False,True,facility,2,0,0,"['23095454', '23085872']",False,
LIBRARY_RAW,LANDING,PORTAL_ARC_TUCSON_OPEN_DATA_8AB8EAF3DF,COUNTRY,43,TEXT,YES,COUNTRY,GEO,False,True,place,2000,0,0,[''],False,
LIBRARY_RAW,LANDING,FED_USASPENDING_ASSISTANCE_FULL,recipient_duns,44,TEXT,YES,DUNS,STEEL,False,True,organization,19902879,7239046,478231,"['075491431', '006471700', '074615550', '832957752', '847205572']",True,landing
LIBRARY_RAW,LANDING,PORTAL_ARC_WAKE_COUNTY_OPEN_4B425FD089,USER_EIN__NOT_USED,72,TEXT,YES,EIN,STEEL,False,True,organization,2000,2000,2000,"['331720901', '844342636', '452400421', '853828753', '834260812']",True,sample
LIBRARY_RAW,LANDING,PORTAL_SOC_CAMBRIDGE_OPEN_D_FB7C7229D0,ZIP_CODE,4,TEXT,YES,ZIP,GEO,False,True,place,1259,1259,6,"['02140-3101', '02138-4614', '02139-4846', '02138-0000', '02139-0011']",True,sample
LIBRARY_RAW,LANDING,PORTAL_ARC_TUCSON_OPEN_DATA_CF31C19A20,DOCKET,70,TEXT,YES,DOCKET,STRONG,False,True,case,2230,503,289,"['149', '5343', '13301', '6342', '']",False,
LIBRARY_RAW,LANDING,FED_SAM_EXCLUSIONS,ZIP,20,TEXT,YES,ZIP,GEO,False,True,place,10000,9308,3166,"['75482', '38732', '33407', '44147', '33952']",False,
LIBRARY_RAW,LANDING,FED_IRS_SOI_CHARITIES,EIN,1,TEXT,YES,EIN,STEEL,True,True,organization,2450,2450,2450,"['061807560', '200443640', '237128118', '237167109', '010880225']",True,landing
LIBRARY_RAW,LANDING,FED_DOL_FORM5500,SPONS_DFE_LOC_FOREIGN_CNTRY,59,TEXT,YES,COUNTRY,GEO,False,True,place,33484,5,2,"['', 'IN', 'US']",True,landing
LIBRARY_RAW,LANDING,PORTAL_CKA_ANALYZE_BOSTON_0CCFFFCC26,ZIP,15,TEXT,YES,ZIP,GEO,False,True,place,9951,9951,30,"['02125', '02127', '02119', '02135', '02128']",False,
LIBRARY_RAW,LANDING,PORTAL_ARC_HARRIS_COUNTY_OP_619A8F0A78,USER_CCN,73,TEXT,YES,CCN,STEEL,False,True,facility,642,0,0,"['451323.0', '451374.0', '670108.0', '453316.0', '450597.0']",False,
LIBRARY_RAW,LANDING,PORTAL_CKA_ANALYZE_BOSTON_4EDDC3919B,ZIP_CODE,11,TEXT,YES,ZIP,GEO,False,True,place,8250,8111,30,"['02163', '02120', ' ', '02114', '02124']",False,
LIBRARY_RAW,LANDING,PORTAL_ARC_HARRIS_COUNTY_OP_8549EC1226,COUNTRY,15,TEXT,YES,COUNTRY,GEO,False,True,place,1464,1464,1,['USA'],False,
LIBRARY_RAW,LANDING,PORTAL_ARC_TUCSON_OPEN_DATA_6E966EDC1B,SITE_ZIP,53,TEXT,YES,ZIP,GEO,False,True,place,176,90,12,"['', '85745', '85705', '85743', '85713']",False,
LIBRARY_RAW,LANDING,PORTAL_ARC_TUCSON_OPEN_DATA_7F7E374C68,ZIP,40,TEXT,YES,ZIP,GEO,False,True,place,1844,1838,243,"['85701', '60634', '85745', '85716', '85711']",False,
LIBRARY_RAW,LANDING,PORTAL_CKA_VIRGINIA_OPEN_DA_77706D86DA,SWC_LOC_ZIP_EXT,40,TEXT,YES,ZIP,GEO,False,True,place,10000,0,0,"['0157', '2116', '', '2199', '5000']",False,
LIBRARY_RAW,LANDING,PORTAL_ARC_TUCSON_OPEN_DATA_CDD4037DF8,ZIP,41,TEXT,YES,ZIP,GEO,False,True,place,2000,1995,193,"['85701', '85712', '85726', '89106', '21702']",False,
LIBRARY_RAW,LANDING,PORTAL_ARC_TUCSON_OPEN_DATA_A40FB2876B,ZIP,40,TEXT,YES,ZIP,GEO,False,True,place,2000,1999,318,"['85716', '85701', '85740', '85712', '85715']",False,
LIBRARY_RAW,LANDING,PORTAL_CKA_WPRDC_ALLEGHENY_982637B35D,GEOID10,28,TEXT,YES,FIPS,GEO,False,True,place,90,89,89,"['420030103002', '420035617002', '420031401003', '420032904003', '420032412002']",False,
LIBRARY_RAW,LANDING,PORTAL_SOC_CONNECTICUT_OPEN_95AC60CEE1,PATENT_NO,2,TEXT,YES,PATENT,STEEL,False,True,asset,1999,1999,1658,"['X008100', 'X007275', 'X007926', 'X006441', 'X006022']",False,
LIBRARY_RAW,LANDING,PORTAL_ARC_HARRIS_COUNTY_OP_8549EC1226,ZIP,7,TEXT,YES,ZIP,GEO,False,True,place,1464,1464,134,"['77373', '77088', '77067', '77532', '77546']",False,
LIBRARY_RAW,LANDING,FED_USASPENDING_BULK,RECIPIENT_DUNS,50,TEXT,YES,DUNS,STEEL,False,True,organization,50000,0,0,[''],True,landing
LIBRARY_RAW,LANDING,FED_ICE_DETAINERS,CITIZENSHIP_COUNTRY,14,TEXT,YES,COUNTRY,GEO,False,True,place,609769,609769,209,"['SPAIN', 'CHINA, PEOPLES REPUBLIC OF', 'VENEZUELA', 'SUDAN', 'LAOS']",True,landing
LIBRARY_RAW,LANDING,PORTAL_CKA_VIRGINIA_OPEN_DA_77706D86DA,SWC_TERM_FAC_ZIP,91,TEXT,YES,ZIP,GEO,False,True,place,10000,74,52,"['22960', '20187', '24592', '24502', '23322']",False,
LIBRARY_RAW,LANDING,FED_USCIS_DATA,COUNTRY,6,TEXT,YES,COUNTRY,GEO,False,True,place,3204,0,0,[''],False,
LIBRARY_RAW,LANDING,FED_HRSA_UDS_SERVICE_DELIVERY_SITES,STATE_FIPS_AND_CONGRESSIONAL_DISTRICT_NUMBER_CODE,48,TEXT,YES,FIPS,GEO,False,True,place,19038,19038,443,"['3915', '3101', '2907', '0628', '0607']",True,landing
LIBRARY_RAW,LANDING,FED_USASPENDING_CONTRACTS_FULL_R2,RECIPIENT_UEI,12,TEXT,YES,UEI,STEEL,False,True,organization,63729002,63727770,537328,"['S1BJAD1N39E5', 'NETMWHYVECE7', 'D6JCTEWTMF46', 'RDN5HNBNV2D4', 'YNK3ZNW12319']",True,landing
LIBRARY_RAW,LANDING,PORTAL_ARC_TUCSON_OPEN_DATA_328AF9F277,POSTAL_CODE,51,TEXT,YES,ZIP,GEO,False,True,place,6,3,1,"['85726-7210', 'nan']",False,
LIBRARY_RAW,LANDING,PORTAL_CKA_WESTERN_PENNSYLV_DDB61776D0,ZIP_CODE,7,TEXT,YES,ZIP,GEO,False,True,place,10000,9980,106,"['15071', '15206', '15090', '15221', '15223']",False,
LIBRARY_RAW,LANDING,PORTAL_ARC_TUCSON_OPEN_DATA_86A898EF77,POSTAL_CODE,51,TEXT,YES,ZIP,GEO,False,True,place,1532,1529,237,"['68179-1001', '60181-4477', '85701-1317', '00000-0000', '85743-8416']",False,
LIBRARY_RAW,LANDING,FED_EPA_GHGRP_FACILITY,COUNTY_FIPS,7,TEXT,YES,FIPS,GEO,False,True,place,136005,125377,2163,"['18075', '37181', '06039', '42083', '17107']",True,landing
LIBRARY_RAW,LANDING,PORTAL_ARC_TN_DATA_TENNESSE_655F6BCC6D,TERTIARY_ZIP_CODE,126,TEXT,YES,ZIP,GEO,False,True,place,500,0,0,"['37205.0', '37201.0', '37207.0', 'nan', '37232.0']",False,
LIBRARY_RAW,LANDING,PORTAL_ARC_OPEN_DATA_DC_8C6EF16235,TRACT_FIPS,6,TEXT,YES,FIPS,GEO,False,True,place,204,204,204,"['007707', '001702', '007100', '005601', '010201']",False,
LIBRARY_RAW,LANDING,FED_NTSB_AVIATION_EVENTS,EV_COUNTRY,10,TEXT,YES,COUNTRY,GEO,False,True,place,30968,30968,186,"['USA', 'FR', 'NA', 'TH', 'IT']",False,
LIBRARY_RAW,LANDING,PORTAL_ARC_TUCSON_OPEN_DATA_D4FFB81E01,ZIP,40,TEXT,YES,ZIP,GEO,False,True,place,361,361,91,"['85718', '92618', '92653', '85715', '85740']",False,
LIBRARY_RAW,LANDING,PORTAL_ARC_TUCSON_OPEN_DATA_78DF4DC45F,ZIP,8,TEXT,YES,ZIP,GEO,False,True,place,1024,1022,24,"['85719', '85715', '85716', '85711', '85705']",False,
LIBRARY_RAW,LANDING,PORTAL_SOC_UTAH_OPEN_DATA_P_701571FD92,NPI,12,TEXT,YES,NPI,STEEL,False,True,provider,231,231,231,"['1831213180', '1689754475', '1003001553', '1790816973', '1891975595']",True,sample
LIBRARY_RAW,LANDING,PORTAL_ARC_TUCSON_OPEN_DATA_11050C025B,SITE_ZIP,53,TEXT,YES,ZIP,GEO,False,True,place,8,7,2,"['', '85748', '85719']",False,
LIBRARY_RAW,LANDING,PORTAL_ARC_TUCSON_OPEN_DATA_44F7648869,DOCKET,36,TEXT,YES,DOCKET,STRONG,False,True,case,2000,0,0,[''],False,
LIBRARY_RAW,LANDING,PORTAL_ARC_TUCSON_OPEN_DATA_575B865A46,DOCKET,36,TEXT,YES,DOCKET,STRONG,False,True,case,53,53,27,"['11183', '268', '6940', '0', '4998']",False,
LIBRARY_RAW,LANDING,FED_EPA_FRS_FULL,REGISTRY_ID,2,TEXT,YES,FRS_ID,STEEL,True,True,facility,5300149,5300149,5300149,"['110006103812', '110006098347', '110006099042', '110006539996', '110006550133']",True,landing
LIBRARY_RAW,LANDING,FED_USASPENDING_CONTRACTS_FULL,recipient_zip_4_code,69,TEXT,YES,ZIP,GEO,False,True,place,20000000,19596456,29335,"['633045685', '826041954', '600710528', '752022732', '440354190']",True,landing
LIBRARY_RAW,LANDING,FED_HRSA_UDS_SERVICE_DELIVERY_SITES,FQHC_SITE_NPI_NUMBER,18,TEXT,YES,NPI,STEEL,True,True,provider,19038,6089,6047,"['1184808008', '1285281709', '1114751112', '1669663415', '1386492171']",True,landing
LIBRARY_RAW,LANDING,PORTAL_CKA_WPRDC_ALLEGHENY_A2738D79AF,GEOID,6,TEXT,YES,FIPS,GEO,False,True,place,1114,1114,1114,"['420031017002', '420031113003', '420031203001', '420032022002', '420032507001']",False,
LIBRARY_RAW,LANDING,FED_DOL_FORM5500,ADMIN_EIN,76,TEXT,YES,EIN,STEEL,False,True,organization,33484,1162,694,"['232030028', '721372758', '043682361', '640606241', '']",True,landing
LIBRARY_RAW,LANDING,IRS527_RELATED_ENTITIES,ENTITY_ZIP,11,TEXT,YES,ZIP,GEO,False,True,place,64835,64833,4234,"['11530', '92014', '20044', '27203', '24060']",True,landing
LIBRARY_RAW,LANDING,PORTAL_ARC_ATLANTA_DATAATLA_7E542E6BFA,ZIP,7,TEXT,YES,ZIP,GEO,False,True,place,20,20,13,"['30354', '30307', '30331', '30305', '30308']",False,
LIBRARY_RAW,LANDING,PORTAL_SOC_DATALA_LOS_ANGEL_DC3670AFE1,MAILING_ZIP_CODE,19,TEXT,YES,ZIP,GEO,False,True,place,2000,1096,322,"['90008-1106', '90033-3667', 'nan', '91106-2606', '91101-1567']",False,
LIBRARY_RAW,LANDING,PORTAL_CKA_ISRAEL_NATIONAL_E5BC15077D,ZIP,6,TEXT,YES,ZIP,GEO,False,True,place,123,1,1,"['7130903', '2701401', '7847569', '5545173', '5542337']",False,
LIBRARY_RAW,LANDING,PORTAL_SOC_UTAH_OPEN_DATA_P_124AD2A7E9,ZIP,5,TEXT,YES,ZIP,GEO,False,True,place,4995,3512,107,"['84070', '84106', '840952439', '840961856', '840205101']",False,
LIBRARY_RAW,LANDING,PORTAL_ARC_HARRIS_COUNTY_OP_33A3918C80,COUNTRY,15,TEXT,YES,COUNTRY,GEO,False,True,place,363,363,1,['USA'],False,
LIBRARY_RAW,PUBLIC,FOREIGN_AGENT_REGISTRATIONS,COUNTRY_LOCATION_REPRESENTED,26,TEXT,YES,COUNTRY,GEO,False,True,place,48104,8278,249,"['MACEDONIA', '', 'INDONESIA', 'UKRAINE', 'BOPHUTHATSWANA']",False,
LIBRARY_RAW,LANDING,PORTAL_ARC_TUCSON_OPEN_DATA_575B865A46,SITE_ZIP,53,TEXT,YES,ZIP,GEO,False,True,place,53,25,7,"['', '85712', '85705', '85716', '85713']",False,
LIBRARY_RAW,LANDING,PORTAL_ARC_TN_DATA_TENNESSE_6321C469FE,ZIP_4,29,TEXT,YES,ZIP,GEO,False,True,place,2000,0,0,"['0.0', 'nan']",False,
LIBRARY_RAW,LANDING,PORTAL_ARC_MEMPHIS_OPEN_DAT_C9E8070496,DOCKET,5,TEXT,YES,DOCKET,STRONG,False,True,case,1049,1049,1008,"['Z 2020-004', 'Z 2019-003', 'Z 1986-122cc', 'Z2744SP', 'River Zoning 1']",False,
LIBRARY_RAW,LANDING,FED_MSHA_MINES,PORTABLE_FIPS_ST_CD,37,TEXT,YES,FIPS,GEO,False,True,place,91906,14738,54,"['""01""', '""04""', '', '""17""', '""54""']",True,landing
LIBRARY_RAW,LANDING,PORTAL_SOC_UTAH_OPEN_DATA_P_6E687D44E0,PATENT_NBR,15,TEXT,YES,PATENT,STEEL,False,True,asset,2000,2000,1020,"['P-20391-79-32', 'P-20391-55-B166', 'P-20361-99-00', 'P-19674-1-415', 'P-20391-102-C412']",False,
LIBRARY_RAW,LANDING,PORTAL_ARC_HARRIS_COUNTY_OP_D248A81CD8,ZIP_CODE,17,TEXT,YES,ZIP,GEO,False,True,place,2000,0,0,"['77063.0', 'nan', '77074.0', '77027.0', '77036.0']",False,
LIBRARY_RAW,LANDING,FED_SEC_EDGAR,CIK,1,TEXT,YES,CIK,STEEL,False,True,organization,200,200,20,"['0000320193', '0001018724', '0000059478', '0000789019', '0001045810']",False,
LIBRARY_RAW,LANDING,PORTAL_CKA_CALIFORNIA_OPEN_B100823F62,FACILITY_ZIP,13,TEXT,YES,ZIP,GEO,False,True,place,2285,2285,734,"['94541', '95966', '94595', '95249', '94545']",False,
LIBRARY_RAW,LANDING,FED_NIH_REPORTER,ORG_UEI,12,TEXT,YES,UEI,STEEL,True,True,organization,2122611,1890827,11903,"['LL8GLEVH6MG3', 'PHMKYKKJLQS1', 'KABJZBBJ4B54', 'GYLUH9UXHDX5', 'F4N1QNPB95M4']",True,landing
LIBRARY_RAW,LANDING,PORTAL_SOC_TEXAS_OPEN_DATA_A7AB49CB1A,NPI,4,TEXT,YES,NPI,STEEL,False,True,provider,447,447,279,"['1639156029', '1457366304', '1235285289', '1184643330', '1598789208']",True,sample
LIBRARY_RAW,LANDING,FED_USASPENDING_CONTRACTS_FULL,primary_place_of_performance_country_code,74,TEXT,YES,COUNTRY,GEO,False,True,place,20000000,19083252,242,"['CHN', 'IRQ', 'JPN', 'USA', 'GBR']",True,landing
LIBRARY_RAW,LANDING,PORTAL_SOC_SEATTLE_OPEN_DAT_C8F2072189,ZIP,10,TEXT,YES,ZIP,GEO,False,True,place,2000,1998,270,"['98101', 'V8V 2B5', '98104', '99201', '98103']",False,
LIBRARY_RAW,LANDING,PORTAL_ARC_TUCSON_OPEN_DATA_5D84AF2604,COUNTRY,50,TEXT,YES,COUNTRY,GEO,False,True,place,190,0,0,[''],False,
LIBRARY_RAW,LANDING,FED_IRS_AUTO_REVOCATIONS,COUNTRY,8,TEXT,YES,COUNTRY,GEO,False,True,place,1207295,1207295,150,"['SZ', 'US', 'UK', 'FI', 'CA']",True,landing
LIBRARY_RAW,LANDING,FED_CMS_LTCH,ZIP_CODE,7,TEXT,YES,ZIP,GEO,False,True,place,311,311,307,"['35205', '50314', '40504', '49080', '30606']",True,landing
LIBRARY_RAW,LANDING,PORTAL_ARC_LA_COUNTY_OPEN_D_92CD102DA7,ZIP_CODE,12,TEXT,YES,ZIP,GEO,False,True,place,777,777,192,"['92868-4203', '93901-3916', '92262-4872', '91204-2508', '95825-2115']",False,
LIBRARY_RAW,LANDING,PORTAL_ARC_HARRIS_COUNTY_OP_1966AC023B,COUNTRY,15,TEXT,YES,COUNTRY,GEO,False,True,place,55,55,2,"['US', 'USA']",False,
LIBRARY_RAW,LANDING,PORTAL_SOC_OREGON_OPEN_DATA_E338C547C2,GASO_NPI,4,TEXT,YES,NPI,STEEL,False,True,provider,2000,1750,24,"['1154535946', '1528116175', '1528195054', '1457374878', '1942273818']",True,sample
LIBRARY_RAW,LANDING,FED_EPA_GHGRP_FACILITY,ZIP,6,TEXT,YES,ZIP,GEO,False,True,place,136005,135993,6075,"['01757', '71275', '27537', '93637', '47336']",True,landing
LIBRARY_RAW,LANDING,FED_EPA_ICIS_FEC_CASE_FACILITIES,REGISTRY_ID,3,TEXT,YES,FRS_ID,STEEL,True,True,facility,204019,203232,113854,"['110008515286', '110016740437', '110015768551', '110041962873', '110010603132']",True,landing
LIBRARY_RAW,LANDING,PORTAL_ARC_TUCSON_OPEN_DATA_7672DB717A,SITE_ZIP,54,TEXT,YES,ZIP,GEO,False,True,place,2000,1993,1,"['', '85705']",False,
LIBRARY_RAW,LANDING,FED_USASPENDING_ASSISTANCE_FULL,recipient_parent_uei,47,TEXT,YES,UEI,STEEL,False,True,organization,19902879,4275263,53380,"['K2E1CFMQNJ78', '', 'GMQLHKD9TQR7', 'SF12UJ8EW6M9', 'CBQ1T88L7TC6']",True,landing
LIBRARY_RAW,LANDING,PORTAL_CKA_OKLAHOMA_OPEN_DA_C96BA4E090,COUNTRY,18,TEXT,YES,COUNTRY,GEO,False,True,place,1178,1178,2,"['UNITED STATES OF AMERICA', 'GERMANY']",False,
LIBRARY_RAW,LANDING,PORTAL_ARC_HARRIS_COUNTY_OP_D044517CB3,ZIP_4_EXTENSION,18,TEXT,YES,ZIP,GEO,False,True,place,712,0,0,"['4600', '4965', '3989', '5019', '7650']",False,
LIBRARY_RAW,LANDING,PORTAL_ARC_TUCSON_OPEN_DATA_EE2E5DB309,COUNTRY,50,TEXT,YES,COUNTRY,GEO,False,True,place,2000,2000,3,"['CANADA', 'MEXICO', 'nan']",False,
LIBRARY_RAW,LANDING,FED_FDA_FAERS_DEMO,REPORTER_COUNTRY,27,TEXT,YES,COUNTRY,GEO,False,True,place,5811086,5325922,397,"['DE', 'JP', 'RU', 'US', 'IL']",False,
LIBRARY_RAW,LANDING,FED_USASPENDING_CONTRACTS_FULL,recipient_parent_uei,55,TEXT,YES,UEI,STEEL,False,True,organization,20000000,19987758,405720,"['HK9AHV94GM67', 'MKNPPKVK8NK6', 'DLC2UC2M7VS7', 'U4CGHHHKG2R5', 'G3ENMS4J7SM1']",True,landing
LIBRARY_RAW,LANDING,PORTAL_ARC_LA_COUNTY_OPEN_D_5AB83C24A0,ZIP_CODE,8,TEXT,YES,ZIP,GEO,False,True,place,225,225,56,"['90027-6062', '91010-3012', '90502-2004', '90033-2481', '90048-1804']",False,
LIBRARY_RAW,LANDING,PORTAL_ARC_COLUMBUS_GIS_OPE_8259461C2A,EIN,2,TEXT,YES,EIN,STEEL,False,True,organization,2000,2000,2000,"['31-4379518', '76-0738033', '26-2332568', '31-1755057', '31-1344581']",True,sample
LIBRARY_RAW,LANDING,FED_COURTLISTENER_COURTHOUSES,COUNTRY_CODE,10,TEXT,YES,COUNTRY,GEO,False,True,place,3361,3361,2,"['US', 'GB']",True,landing
LIBRARY_RAW,LANDING,FED_CMS_OPEN_PAYMENTS,COUNTRY_OF_TRAVEL,49,TEXT,YES,COUNTRY,GEO,False,True,place,15385047,588784,97,"['Brazil', 'Canada', 'China', 'France', 'Switzerland']",True,landing
LIBRARY_RAW,LANDING,PORTAL_ARC_TUCSON_OPEN_DATA_328AF9F277,ZIP,40,TEXT,YES,ZIP,GEO,False,True,place,6,6,2,"['85726', '00000']",False,
LIBRARY_RAW,LANDING,PORTAL_CKA_ANALYZE_BOSTON_F1B3F76830,CONTACT_ZIP,20,TEXT,YES,ZIP,GEO,False,True,place,9999,9976,491,"['08640', '02116', '02132', '01776', '07306']",False,
LIBRARY_RAW,LANDING,FED_VOTEVIEW_MEMBERS,ICPSR,3,TEXT,YES,ICPSR,STEEL,True,True,person,51061,51061,12677,"['9706', '8511', '9062', '3430', '2576']",True,landing
LIBRARY_RAW,LANDING,FED_CMS_POS_OTHER,ZIP_CD,30,TEXT,YES,ZIP,GEO,False,True,place,44429,44159,13577,"['36604', '36033', '36617', '36451', '36274']",True,landing
LIBRARY_RAW,LANDING,PORTAL_CKA_WPRDC_ALLEGHENY_5B37A5568E,ZIP_CODE,17,TEXT,YES,ZIP,GEO,False,True,place,10000,10000,28,"['15218', '15207', '15215', '15217', '15203']",False,
LIBRARY_RAW,LANDING,INTL_UN_SC_CONSOLIDATED_SANCTIONS,INDIVIDUAL_DOCUMENT_COUNTRY_OF_ISSUE,23,TEXT,YES,COUNTRY,GEO,False,True,place,1011,77,30,"['Iran (Islamic Republic of); Iran (Islamic Republic of)', 'Iran (Islamic Republic of)', 'Afghanistan', 'Morocco', 'Yemen']",False,
LIBRARY_RAW,LANDING,PORTAL_ARC_TUCSON_OPEN_DATA_81514E21D3,SITE_ZIP,53,TEXT,YES,ZIP,GEO,False,True,place,2000,1842,4,"['85741', '85743', '85745', '85705', '']",False,
LIBRARY_RAW,LANDING,FED_FEC_BULK_SUMMARY,CAND_ID,1,TEXT,YES,FEC_CAND_ID,STEEL,True,True,person,7933,7933,5754,"['H0AL02202', 'H2AL05102', 'H4AZ08157', 'H4AZ01202', 'H0CA11352']",True,landing
LIBRARY_RAW,LANDING,FED_COURTLISTENER_FJC_IDB_CL_LINKED,MULTIDISTRICT_LITIGATION_DOCKET_NUMBER,20,TEXT,YES,DOCKET,STRONG,False,True,case,10323280,695326,932,"['3L17', '3L23', '0761', '712', '685']",False,
LIBRARY_RAW,LANDING,PORTAL_ARC_TUCSON_OPEN_DATA_CDFFE1002A,SITE_ZIP,53,TEXT,YES,ZIP,GEO,False,True,place,43,7,5,"['85705', '85706', '', '85714', '85730']",False,
LIBRARY_RAW,LANDING,PORTAL_ARC_ORANGE_COUNTY_OP_27452024DB,ZIP,7,TEXT,YES,ZIP,GEO,False,True,place,59,0,0,"['Y (WQ11-0016 Maintenance Facility)', 'nan', 'N (WQ12-0011 Archery range)', 'N']",False,
LIBRARY_RAW,LANDING,PORTAL_ARC_OPEN_DATA_RALEIG_F18F09F22F,SHIPPING_ZIP_POSTAL_CODE,9,TEXT,YES,ZIP,GEO,False,True,place,2,0,0,[''],False,
LIBRARY_RAW,LANDING,PORTAL_SOC_DATALA_LOS_ANGEL_DC3670AFE1,ZIP_CODE,5,TEXT,YES,ZIP,GEO,False,True,place,2000,2000,295,"['91201-2349', '90013-1207', '90017-2394', '90033-4025', '90003-4805']",False,
LIBRARY_RAW,LANDING,FED_NOAA_WEATHER_API,FIPS_CODE,31,TEXT,YES,FIPS,GEO,False,True,place,287,0,0,[''],False,
LIBRARY_RAW,LANDING,FED_NSF_AWARDS,EIN,15,TEXT,YES,EIN,STEEL,False,True,organization,125,0,0,[''],False,
LIBRARY_RAW,LANDING,PORTAL_SOC_UTAH_OPEN_DATA_P_6862B465D5,SUBAWARDEE_ZIP_4,26,TEXT,YES,ZIP,GEO,False,True,place,1883,1864,122,"['841129023', '922117261', '845012909', '845113600', '303224250']",True,sample
LIBRARY_RAW,LANDING,FED_CMS_DIALYSIS,CCN,1,TEXT,YES,CCN,STEEL,True,True,facility,7557,7557,7557,"['012520', '012706', '012500', '012526', '012543']",True,landing
LIBRARY_RAW,LANDING,FED_EPA_ECHO,FAC_FIPS_CODE,8,TEXT,YES,FIPS,GEO,False,True,place,3157891,2841963,3232,"['13105', '20011', '39151', '13311', '54039']",True,landing
LIBRARY_RAW,LANDING,FED_SAM_EXCLUSIONS_FULL_R2,NPI,30,TEXT,YES,NPI,STEEL,False,True,provider,168328,7211,4866,"['1588603021', '1942370085', '0000000000', '1831370162', '1841517737']",True,landing
LIBRARY_RAW,LANDING,PORTAL_ARC_ATLANTA_DATAATLA_610443017C,ZIP,7,TEXT,YES,ZIP,GEO,False,True,place,780,780,31,"['30305', '30318', '30331', '30309', '30317']",False,
LIBRARY_RAW,LANDING,XC_ROR_RESEARCH_ORGANIZATIONS,LOCATIONS_GEONAMES_DETAILS_COUNTRY_NAME,22,TEXT,YES,COUNTRY,GEO,False,True,place,135710,135710,233,"['Australia', 'United Kingdom', 'Greece', 'Canada', 'United States']",False,
LIBRARY_RAW,LANDING,UK_COMPANIES_HOUSE_PSC,COMPANY_NUMBER,1,TEXT,YES,COMPANY_NO,STEEL,True,True,organization,15804612,15804611,10825858,"['14499630', '12189385', '11376000', '14365316', '14496751']",True,landing
LIBRARY_RAW,LANDING,PORTAL_SOC_TEXAS_OPEN_DATA_0F8F4663C8,ZIP,6,TEXT,YES,ZIP,GEO,False,True,place,1009,1008,394,"['77002-2931', '45840-3229', '44012-1145', '73102-5010', '77010-3095']",False,
LIBRARY_RAW,LANDING,FED_SBIR_STTR_AWARDS,UEI,19,TEXT,YES,UEI,STEEL,True,True,organization,219503,152799,17160,"['L2LVK2JHL226', 'M8KCZYW54M17', 'USHDGMWRA8Y5', 'YSC7Q9EN6JD5', 'NNYJCB59JDB9']",True,landing
LIBRARY_RAW,LANDING,PORTAL_SOC_CONNECTICUT_OPEN_DEA6C4224A,ZIP_CODE,8,TEXT,YES,ZIP,GEO,False,True,place,4,4,4,"['06851', '06489', '06615', '06790']",False,
LIBRARY_RAW,LANDING,PORTAL_CKA_ANALYZE_BOSTON_7F82F529E8,ZIPCODE,9,TEXT,YES,ZIP,GEO,False,True,place,60,32,31,"['149016', '70077', '217791', '8520', '365190']",False,
LIBRARY_RAW,LANDING,INTL_EU_SANCTIONS,ADDR_COUNTRY,33,TEXT,YES,COUNTRY,GEO,False,True,place,42347,2359,89,"['AFG', 'PHL', 'PAK', '', 'LBN']",False,
LIBRARY_RAW,LANDING,FED_EPA_ICIS_AIR_ICIS_AIR_FACILITIES,REGISTRY_ID,2,TEXT,YES,FRS_ID,STEEL,True,True,facility,279728,279541,266026,"['110060764837', '110043289759', '110012589154', '110045443132', '110023074867']",True,landing
LIBRARY_RAW,LANDING,PORTAL_ARC_TUCSON_OPEN_DATA_C92A89BB0D,DOCKET,36,TEXT,YES,DOCKET,STRONG,False,True,case,2000,2000,748,"['0', '13814', '12640', '12465', '9828']",False,
LIBRARY_RAW,LANDING,PORTAL_ARC_HARRIS_COUNTY_OP_C23DC4BAF8,IN_COUNTRY,70,TEXT,YES,COUNTRY,GEO,False,True,place,782,0,0,[' '],False,
LIBRARY_RAW,LANDING,FED_CMS_NPPES,PROVIDER_BUSINESS_PRACTICE_LOCATION_ADDRESS_COUNTRY_CODE_IF_OUTSIDE_U_S,34,TEXT,YES,COUNTRY,GEO,False,True,place,9606683,9260504,142,"['IT', 'ES', '', 'JP', 'US']",True,landing
LIBRARY_RAW,LANDING,FED_CMS_PARTD_PRESCRIBER_DRUG,Prscrbr_State_FIPS,6,TEXT,YES,FIPS,GEO,False,True,place,25869521,25869521,61,"['01', '13', '51', '17', '47']",True,landing
LIBRARY_RAW,LANDING,PORTAL_ARC_HARRIS_COUNTY_OP_FE2134F2C8,USER_MAILING_ZIP,86,TEXT,YES,ZIP,GEO,False,True,place,526,524,251,"['37215', '79604', '75035', '75082', '79124']",True,sample
LIBRARY_RAW,LANDING,PORTAL_CKA_WESTERN_PENNSYLV_4FC22C2C30,ZIP_CODE,5,TEXT,YES,ZIP,GEO,False,True,place,427,427,78,"['15035', '15212', '15234', '15222', '15015']",False,
LIBRARY_RAW,LANDING,PORTAL_ARC_TUCSON_OPEN_DATA_B77E902275,DOCKET,36,TEXT,YES,DOCKET,STRONG,False,True,case,2000,2000,868,"['8731', '11303', '0', '13215', '12948']",False,
LIBRARY_RAW,LANDING,FED_EIA860_2_PLANT,FERC_COGENERATION_DOCKET_NUMBER,21,TEXT,YES,DOCKET,STRONG,False,True,case,16132,447,438,"['91-119-000', '82-218-000', '88-127-000', '82-204-000; 90-90-000', '93-36-000']",False,
LIBRARY_RAW,LANDING,PORTAL_ARC_TUCSON_OPEN_DATA_81514E21D3,ZIP,40,TEXT,YES,ZIP,GEO,False,True,place,2000,1995,191,"['68179', ' ', '85719', '85702', '89106']",False,
LIBRARY_RAW,LANDING,PORTAL_CKA_WESTERN_PENNSYLV_7BFB1A4C7D,ZIP_CODE,7,TEXT,YES,ZIP,GEO,False,True,place,70,70,48,"['15218', '15228', '15025', '15212', '15239']",False,
LIBRARY_RAW,LANDING,PORTAL_ARC_HARRIS_COUNTY_OP_F22D53C24D,ARC_COUNTRYCODE,69,TEXT,YES,COUNTRY,GEO,False,True,place,56,55,1,"['nan', '']",False,
LIBRARY_RAW,LANDING,FED_NTSB_AVIATION_AIRCRAFT,OWNER_COUNTRY,38,TEXT,YES,COUNTRY,GEO,False,True,place,31503,31503,148,"['AU', 'None', 'BO', 'SE', 'CA ']",False,
LIBRARY_RAW,LANDING,PORTAL_ARC_TUCSON_OPEN_DATA_F5DCF594AF,ZIP,42,TEXT,YES,ZIP,GEO,False,True,place,2000,2000,261,"['86303', '85713', '00000', '85749', '91302']",False,
LIBRARY_RAW,LANDING,IRS527_8871_ORGS,CUSTODIAN_ZIP,21,TEXT,YES,ZIP,GEO,False,True,place,77591,77590,14529,"['02188', '11530', '11375', '87103', '95928']",False,
LIBRARY_RAW,LANDING,PORTAL_ARC_TUCSON_OPEN_DATA_78A99CB261,SITE_ZIP,45,TEXT,YES,ZIP,GEO,False,True,place,2000,1956,1,"['', '85741']",False,
LIBRARY_RAW,LANDING,FED_CMS_HOME_HEALTH,CCN,2,TEXT,YES,CCN,STEEL,True,True,facility,12392,12392,12392,"['017112', '027001', '017147', '017149', '017327']",True,landing
LIBRARY_RAW,LANDING,PORTAL_ARC_OPEN_DATA_DC_01F2D9886C,CCN,3,TEXT,YES,CCN,STEEL,False,True,facility,437,0,0,"['21113812', '21139146', '20182833', '21112261', '20059763']",False,
LIBRARY_RAW,LANDING,PORTAL_ARC_HARRIS_COUNTY_OP_BEF7C03176,USER_MAILING_ZIP,87,TEXT,YES,ZIP,GEO,False,True,place,755,755,263,"['77498', '78852', '78207', '77021', '76013']",False,
LIBRARY_RAW,LANDING,PORTAL_ARC_OPEN_DATA_MINNEA_5381AC03F1,COUNTRY,31,TEXT,YES,COUNTRY,GEO,False,True,place,2000,2000,2,"['ITA', 'USA']",False,
LIBRARY_RAW,LANDING,PORTAL_ARC_HARRIS_COUNTY_OP_86AE12CFC0,ZIP,9,TEXT,YES,ZIP,GEO,False,True,place,1128,1128,125,"['77003', '77005', '770120000', '77065', '77019']",True,sample
LIBRARY_RAW,LANDING,PORTAL_ARC_TUCSON_OPEN_DATA_8896D12631,ZIP,48,TEXT,YES,ZIP,GEO,False,True,place,2000,1996,95,"['92074', '85741', '00000', '85705', '60015']",False,
LIBRARY_RAW,LANDING,PORTAL_CKA_WESTERN_PENNSYLV_B25E480DFC,ZIP_CODE,12,TEXT,YES,ZIP,GEO,False,True,place,10000,8265,373,"['15057', '18201', '15104', '15090-8708', '15218-2358']",False,
LIBRARY_RAW,LANDING,PORTAL_ARC_TUCSON_OPEN_DATA_8896D12631,POSTAL_CODE,43,TEXT,YES,ZIP,GEO,False,True,place,2000,1996,95,"['60015-6002', '85741-2619', '85741-3108', '85713-6624', '85741-3134']",False,
LIBRARY_RAW,LANDING,FED_ATF_FFL,USER_MAIL_ZIP_CODE,89,TEXT,YES,ZIP,GEO,False,True,place,77514,74225,18242,"['612', '966', '1342', '1020', '602']",False,
LIBRARY_RAW,LANDING,INTL_EMBER_ELEC,COUNTRY_OR_REGION,1,TEXT,YES,COUNTRY,GEO,False,True,place,369264,369264,226,"['Angola', 'Africa', 'Algeria', 'Afghanistan', 'American Samoa']",False,
LIBRARY_RAW,LANDING,FED_ED_FSA_DATACENTER,EIN,8,TEXT,YES,EIN,STEEL,False,True,organization,1,0,0,[''],False,
LIBRARY_RAW,LANDING,INTL_EU_SANCTIONS,IDEN_COUNTRY,51,TEXT,YES,COUNTRY,GEO,False,True,place,42347,1437,69,"['', 'IRQ', 'AFG', 'LBY', 'YEM']",False,
LIBRARY_RAW,LANDING,FED_DOL_OSHA_INSPECTIONS,SITE_ZIP,8,TEXT,YES,ZIP,GEO,False,True,place,4110000,4109994,47456,"['83706', '83647', '17402', '83703', '83704']",False,
LIBRARY_RAW,LANDING,INTL_GLEIF,Entity.SuccessorEntity.5.SuccessorLEI,216,TEXT,YES,LEI,STEEL,False,True,organization,3382301,5,5,"['984500C2E43D0D89C188', '875500VBVVVZB89X1S19', '8945005KMCY4XTVKI288', '984500U94FAA50C04051', '']",True,landing
LIBRARY_RAW,LANDING,PORTAL_ARC_HARRIS_COUNTY_OP_D248A81CD8,COUNTRY,66,TEXT,YES,COUNTRY,GEO,False,True,place,2000,2000,3,"['nan', 'USA', '<Null>']",False,
LIBRARY_RAW,LANDING,FED_CMS_NURSING_HOME,ZIP_CODE,6,TEXT,YES,ZIP,GEO,False,True,place,14700,14700,8927,"['36305', '35582', '35806', '36251', '36703']",True,landing
LIBRARY_RAW,LANDING,PORTAL_ARC_HARRIS_COUNTY_OP_183E778C9D,ZIP_CODE,77,TEXT,YES,ZIP,GEO,False,True,place,292,0,0,[''],False,
LIBRARY_RAW,LANDING,PORTAL_ARC_HARRIS_COUNTY_OP_619A8F0A78,IN_COUNTRYCODE,69,TEXT,YES,COUNTRY,GEO,False,True,place,642,0,0,[''],False,
LIBRARY_RAW,LANDING,FED_FEC_INDIV_CONTRIBUTIONS,ZIP_CODE,11,TEXT,YES,ZIP,GEO,False,True,place,84172112,84109522,43626,"['940222403', '021432389', '95383', '113692596', '017733308']",True,landing
LIBRARY_RAW,LANDING,PORTAL_ARC_OPEN_DATA_RALEIG_EFBB617010,SECONDARY_ZIP_CODE,30,TEXT,YES,ZIP,GEO,False,True,place,2000,2000,5,"['27502', '27512', '27511', '27612', '27513']",False,
LIBRARY_RAW,LANDING,PORTAL_CKA_WPRDC_ALLEGHENY_12918A9A0A,COUNTYFP,3,TEXT,YES,FIPS,GEO,False,True,place,394,394,1,['003'],False,
LIBRARY_RAW,LANDING,PORTAL_ARC_TUCSON_OPEN_DATA_44F7648869,SITE_ZIP,53,TEXT,YES,ZIP,GEO,False,True,place,2000,1831,4,"['', '85745', '85741', '85743', '85705']",False,
LIBRARY_RAW,LANDING,PORTAL_CKA_INDIANA_DATA_HUB_66A945CF17,PROVIDER_ADDRESS_ZIP_CODE,8,TEXT,YES,ZIP,GEO,False,True,place,5000,4998,283,"['47240', '46016', '45030', '46514', '47802']",True,sample
LIBRARY_RAW,LANDING,FED_FEC_BULK_COMMITTEES,CMTE_ZIP,8,TEXT,YES,ZIP,GEO,False,True,place,20007,19995,7401,"['20002', '223142885', '20007', '22980', '73107']",True,landing
LIBRARY_RAW,LANDING,PORTAL_ARC_TUCSON_OPEN_DATA_7F7E374C68,SITE_ZIP,53,TEXT,YES,ZIP,GEO,False,True,place,1844,1508,5,"['85705', '85745', '85719', '85701', '']",False,
LIBRARY_RAW,LANDING,PORTAL_ARC_WISCONSIN_OPEN_D_CB1509F410,NPI_ID,27,TEXT,YES,NPI,STEEL,False,True,provider,42,0,0,"['nan', '<Null>']",False,
LIBRARY_RAW,LANDING,FED_CMS_HCRIS,ZIP_CODE,7,TEXT,YES,ZIP,GEO,False,True,place,6103,6103,4928,"['78404', '74113', '74631', '30722', '37766']",True,landing
LIBRARY_RAW,LANDING,PORTAL_ARC_TUCSON_OPEN_DATA_69487E016F,POSTAL_CODE,51,TEXT,YES,ZIP,GEO,False,True,place,1031,1030,174,"['85702-1015', '85705-5660', '85756-5059', '85254-5441', '85711-2513']",False,
LIBRARY_RAW,LANDING,PORTAL_ARC_OPEN_DATA_RALEIG_DF19DCBB03,SECONDARY_ZIP_CODE,30,TEXT,YES,ZIP,GEO,False,True,place,2000,2000,5,"['27511', '27519', '27601', '27513', '27529']",False,
LIBRARY_RAW,LANDING,PORTAL_ARC_TUCSON_OPEN_DATA_575B865A46,COUNTRY,50,TEXT,YES,COUNTRY,GEO,False,True,place,53,0,0,[''],False,
LIBRARY_RAW,LANDING,PORTAL_ARC_TUCSON_OPEN_DATA_080C2334EE,POSTAL_CODE,51,TEXT,YES,ZIP,GEO,False,True,place,17,5,1,"['85726-7210', 'nan']",False,
LIBRARY_RAW,LANDING,PORTAL_ARC_HARRIS_COUNTY_OP_41FBA6BF22,IN_COUNTRY,70,TEXT,YES,COUNTRY,GEO,False,True,place,15,0,0,[' '],False,
LIBRARY_RAW,LANDING,PORTAL_ARC_TUCSON_OPEN_DATA_D4FFB81E01,COUNTRY,50,TEXT,YES,COUNTRY,GEO,False,True,place,361,0,0,[''],False,
LIBRARY_RAW,LANDING,PORTAL_ARC_TUCSON_OPEN_DATA_726A6C58E2,DOCKET,38,TEXT,YES,DOCKET,STRONG,False,True,case,2000,2000,765,"['7553', '9857', '10658', '0', '13379']",False,
LIBRARY_RAW,LANDING,FED_USASPENDING_BULK,COUNTRY_OF_PRODUCT_OR_SERVICE_ORIGIN,123,TEXT,YES,COUNTRY,GEO,False,True,place,50000,45224,119,"['SPAIN', 'CAMBODIA', '', 'UNITED STATES', 'FRANCE']",True,landing
LIBRARY_RAW,LANDING,PORTAL_ARC_HARRIS_COUNTY_OP_6133483DE0,USER_COUNTRY,101,TEXT,YES,COUNTRY,GEO,False,True,place,67,0,0,[''],False,
LIBRARY_RAW,LANDING,PORTAL_SOC_TEXAS_OPEN_DATA_A415622C5D,LOC_ZIP,18,TEXT,YES,ZIP,GEO,False,True,place,2000,2000,843,"['76239', '75701', '79360', '75229', '79761']",False,
LIBRARY_RAW,LANDING,FED_OSHA_ITA_300A_SUMMARY_2023,EIN,4,TEXT,YES,EIN,STEEL,True,True,organization,394234,353299,123206,"['920829708', '251720620', '275108332', '680295058', '830606041']",True,landing
LIBRARY_RAW,LANDING,FED_DOT_BTS,STATE_FIPS,11,TEXT,YES,FIPS,GEO,False,True,place,21,0,0,[''],False,
LIBRARY_RAW,LANDING,FED_SEC_EDGAR_INSIDERS,CIK,10,TEXT,YES,CIK,STEEL,True,True,organization,69259,69259,5306,"['0001825079', '0002074123', '0001654795', '0001273813', '0001426800']",True,landing
LIBRARY_RAW,LANDING,PORTAL_ARC_WISCONSIN_OPEN_D_5206358BDD,ZIP_4,10,TEXT,YES,ZIP,GEO,False,True,place,604,0,0,[''],False,
LIBRARY_RAW,LANDING,PORTAL_SOC_UTAH_OPEN_DATA_P_6F5FCC229F,FRS_ID,3,TEXT,YES,FRS_ID,STEEL,False,True,facility,842,842,178,"['110002136965', '110000469840', '110064119555', '110020516119', '110000469671']",True,sample
LIBRARY_RAW,LANDING,PORTAL_CKA_ANALYZE_BOSTON_DD269D0A1D,ZIP_R,34,TEXT,YES,ZIP,GEO,False,True,place,10000,15,2,"['', '02126', '02118']",False,
LIBRARY_RAW,LANDING,PORTAL_ARC_TUCSON_OPEN_DATA_A937D836B3,POSTAL_CODE,51,TEXT,YES,ZIP,GEO,False,True,place,2000,1894,174,"['85701-1317', 'nan', '85726-7210', '85745-8901', '85740-7020']",False,
LIBRARY_RAW,LANDING,FED_CMS_NURSING_HOME_FIRE_DEFICIENCIES,ZIP_CODE,6,TEXT,YES,ZIP,GEO,False,True,place,200030,200030,8619,"['35150', '35206', '35611', '35653', '35127']",True,landing
LIBRARY_RAW,LANDING,IRS527_8872_REPORTS,MAILING_ZIP_EXT,16,TEXT,YES,ZIP,GEO,False,True,place,55579,0,0,"['3401', '1788', '', '1522', '1123']",True,landing
LIBRARY_RAW,LANDING,INTL_UK_SANCTIONS_LIST,IMO_NUMBER,49,TEXT,YES,IMO,STEEL,True,True,vessel,58336,888,663,"['8660313', '', '8628597', '8518780', '9191773']",True,landing
LIBRARY_RAW,LANDING,PORTAL_ARC_TUCSON_OPEN_DATA_057C5355E3,ZIP,44,TEXT,YES,ZIP,GEO,False,True,place,2000,1999,366,"['85701', '85260', '85719', '85718', '85710']",False,
LIBRARY_RAW,LANDING,PORTAL_ARC_TUCSON_OPEN_DATA_8AAD75BF85,SITE_ZIP,53,TEXT,YES,ZIP,GEO,False,True,place,119,62,8,"['85701', 'nan', '85706', '85705', '']",False,
LIBRARY_RAW,LANDING,FED_FAA_AIRCRAFT_REGISTRY,ZIP_CODE,12,TEXT,YES,ZIP,GEO,False,True,place,315447,310441,25109,"['756820288 ', '870439426 ', '380172598 ', '730441309 ', '27249     ']",False,
LIBRARY_RAW,LANDING,PORTAL_SOC_UTAH_OPEN_DATA_P_C3B6301825,PATENT_DT,16,TEXT,YES,PATENT,STEEL,False,True,asset,2000,2000,468,"['2021-09-08T00:00:00.000Z', '2020-04-24T12:00:00.000Z', '2002-06-03T00:00:00.000Z', '2022-05-19T12:00:00.000Z', '1996-01-10T00:00:00.000Z']",False,
LIBRARY_RAW,LANDING,FED_ICIJ_OFFSHORELEAKS_ADDRESSES,COUNTRY_CODES,5,TEXT,YES,COUNTRY,GEO,False,True,place,402246,277110,227,"['ARE', 'BHS', 'KAZ', 'MYS', 'CHN']",False,
LIBRARY_RAW,LANDING,PORTAL_ARC_ORANGE_COUNTY_OP_62E4574F5E,ZIP,7,TEXT,YES,ZIP,GEO,False,True,place,9,9,4,"['92650', '92677', '92675', '92629']",False,
LIBRARY_RAW,LANDING,PORTAL_ARC_ATLANTA_DATAATLA_C1DA9CD6A0,ZIP,7,TEXT,YES,ZIP,GEO,False,True,place,30,30,14,"['30312', '30305', '30316', '30354', '30324']",False,
LIBRARY_RAW,LANDING,PORTAL_ARC_HARRIS_COUNTY_OP_183E778C9D,COUNTRY,60,TEXT,YES,COUNTRY,GEO,False,True,place,292,219,2,"['USA', 'nan', ' ']",False,
LIBRARY_RAW,LANDING,FED_CMS_OPEN_PAYMENTS_2023,NPI,7,TEXT,YES,NPI,STEEL,True,True,provider,14700786,14656553,933619,"['1881757078', '1942867981', '1194760843', '1407236151', '1942260153']",True,landing
LIBRARY_RAW,LANDING,PORTAL_ARC_ATLANTA_DATAATLA_A6A6A74172,SUP_DOCKET,12,TEXT,YES,DOCKET,STRONG,False,True,case,118,116,81,"['U-09-008', 'U-14-015', 'U-08-028', 'U-92-023', 'U-09-016']",False,
LIBRARY_RAW,LANDING,PORTAL_CKA_ANALYZE_BOSTON_A6C2B4684A,FIPS_MCD,16,TEXT,YES,FIPS,GEO,False,True,place,18,17,1,"['25025440', '']",False,
LIBRARY_RAW,LANDING,PORTAL_ARC_HARRIS_COUNTY_OP_CAF5C156E3,USER_MAILING_ZIP,86,TEXT,YES,ZIP,GEO,False,True,place,526,524,251,"['37215', '76092', '78041-2882', '77058', '78229']",True,sample
LIBRARY_RAW,LANDING,PORTAL_ARC_TUCSON_OPEN_DATA_B44EAD49D6,POSTAL_CODE,51,TEXT,YES,ZIP,GEO,False,True,place,66,42,2,"['nan', '85701-2318', '85726-7210']",False,
LIBRARY_RAW,LANDING,PORTAL_CKA_WPRDC_ALLEGHENY_29D102482D,USER_ZIPCODE,12,TEXT,YES,ZIP,GEO,False,True,place,1327,1306,97,"['15227', '15030', '15235', '15215', '15202']",False,
LIBRARY_RAW,LANDING,FED_CMS_MEDICARE_OUTPATIENT_HOSPITALS_BY_PROVIDER_AND_SERVICE,RNDRNG_PRVDR_CCN,1,TEXT,YES,CCN,STEEL,True,True,facility,116182,116182,3126,"['010008', '010006', '010007', '010001', '010011']",True,landing
LIBRARY_RAW,LANDING,INTL_GLEIF,Entity.OtherAddresses.OtherAddress.4.Country,108,TEXT,YES,COUNTRY,GEO,False,True,place,3382301,0,0,[''],True,landing
LIBRARY_RAW,LANDING,PORTAL_ARC_WISCONSIN_OPEN_D_D05399642C,ZIP_4,10,TEXT,YES,ZIP,GEO,False,True,place,8,0,0,[''],False,
LIBRARY_RAW,LANDING,FED_SEC_INVESTMENT_COMPANY_SERIES_CLASS,CIK_NUMBER,2,TEXT,YES,CIK,STEEL,True,True,organization,43123,43121,2046,"['0002039145', '0002032538', '0000051931', '0002040519', '0002038891']",True,landing
LIBRARY_RAW,LANDING,PORTAL_ARC_TUCSON_OPEN_DATA_63C0193FF1,ZIP,40,TEXT,YES,ZIP,GEO,False,True,place,18,18,2,"['85726', '00000']",False,
LIBRARY_RAW,LANDING,PORTAL_ARC_TUCSON_OPEN_DATA_E0EDEA39BE,ZIP,7,TEXT,YES,ZIP,GEO,False,True,place,2,2,1,['85745'],False,
LIBRARY_RAW,LANDING,FED_EIA860_1_UTILITY,ZIP,6,TEXT,YES,ZIP,GEO,False,True,place,6643,5620,2315,"['23441', '87105', '99801', '11691', '62420']",False,
LIBRARY_RAW,LANDING,FED_HRSA_HPSA_PRIMARY_CARE,COMMON_STATE_COUNTY_FIPS_CODE,29,TEXT,YES,FIPS,GEO,False,True,place,79158,79158,3234,"['68320', '56009', 'XXXXX', '68150', '64060']",False,
LIBRARY_RAW,LANDING,PORTAL_SOC_UTAH_OPEN_DATA_P_A5AE4FD7A4,ZIP_CODE,7,TEXT,YES,ZIP,GEO,False,True,place,94,94,55,"['84057', '84653', '84107', '84405', '84121']",True,sample
LIBRARY_RAW,LANDING,PORTAL_ARC_HARRIS_COUNTY_OP_1A53499962,COUNTRY,16,TEXT,YES,COUNTRY,GEO,False,True,place,372,372,1,['USA'],False,
LIBRARY_RAW,LANDING,PORTAL_CKA_VIRGINIA_OPEN_DA_68AFE3AE03,FIPS,2,TEXT,YES,FIPS,GEO,False,True,place,7759,7759,135,"['51017', '51007', '51019', '51003', '51005']",False,
LIBRARY_RAW,LANDING,PORTAL_SOC_UTAH_OPEN_DATA_P_103F7D641F,RECIPIENT_DUNS,19,TEXT,YES,DUNS,STEEL,False,True,organization,2000,1944,77,"['nan', '959347972', '948991666', '73076952', '29999372']",True,sample
LIBRARY_RAW,LANDING,FED_CMS_OPIOID_TREATMENT_PROGRAM_PROVIDERS,NPI,1,TEXT,YES,NPI,STEEL,True,True,provider,1558,1502,1287,"['1053474213', '1134559917', '1003008301', '1003081399 1013055110', '1083081616']",True,landing
LIBRARY_RAW,LANDING,FED_SEC_BUSINESS_DEVELOPMENT_COMPANY_REPORT,ZIP_CODE,8,TEXT,YES,ZIP,GEO,False,True,place,212,209,89,"['75225', '77002', '10016', '83702', '77024']",True,landing
LIBRARY_RAW,LANDING,PORTAL_CKA_WPRDC_ALLEGHENY_508C030BD9,ZIP,9,TEXT,YES,ZIP,GEO,False,True,place,1194,1194,26,"['15214', '15206', '15233', '15213', '15219']",False,
LIBRARY_RAW,LANDING,FED_EIA860_2_PLANT,FERC_SMALL_POWER_PRODUCER_DOCKET_NUMBER,23,TEXT,YES,DOCKET,STRONG,False,True,case,16132,4734,4542,"['98-95-000', '06-263-000', '98-53-000', '98-52-000', '14-162-000']",False,
LIBRARY_RAW,LANDING,PORTAL_ARC_WAKE_COUNTY_OPEN_4B425FD089,COUNTRY,48,TEXT,YES,COUNTRY,GEO,False,True,place,2000,0,0,[''],True,sample
LIBRARY_RAW,LANDING,PORTAL_CKA_VIRGINIA_OPEN_DA_3E67A117FB,FIPS,2,TEXT,YES,FIPS,GEO,False,True,place,9507,9507,133,"['51059', '51173', '51147', '51550', '51590']",False,
LIBRARY_RAW,LANDING,FED_USASPENDING_CONTRACTS_FULL_R2,RECIPIENT_PARENT_UEI,17,TEXT,YES,UEI,STEEL,False,True,organization,63729002,63679373,499643,"['RSKLEFCZ6127', 'K6ZKDLMPN4V5', 'WLMXKPM8RBQ1', 'JNKQYNBQMVJ5', 'U6FSBSF6ASL5']",True,landing
LIBRARY_RAW,LANDING,IRS527_8871_ORGS,EIN,6,TEXT,YES,EIN,STEEL,False,True,organization,77591,77590,58915,"['954857244', '113601603', '593709415', '364445302', '912130434']",False,
LIBRARY_RAW,LANDING,PORTAL_CKA_OPEN_DATA_SA_A33086054B,ZIP,13,TEXT,YES,ZIP,GEO,False,True,place,1455,1407,168,"['78212-0568', '78207-0622', '78212-4905', '22102-5119', '78212-0505']",False,
LIBRARY_RAW,LANDING,PORTAL_ARC_TUCSON_OPEN_DATA_BADE778B92,DOCKET,36,TEXT,YES,DOCKET,STRONG,False,True,case,2000,2000,720,"['10521', '1912', '13078', '13397', '10218']",False,
LIBRARY_RAW,LANDING,PORTAL_ARC_TUCSON_OPEN_DATA_BADE778B92,POSTAL_CODE,51,TEXT,YES,ZIP,GEO,False,True,place,2000,1991,309,"['85743-8416', '85725-7821', '85712-3074', '85705-1547', '85704-1624']",False,
LIBRARY_RAW,LANDING,FED_CMS_NURSING_HOME_DEFICIENCIES,ZIP_CODE,6,TEXT,YES,ZIP,GEO,False,True,place,418479,418479,8899,"['35957', '35111', '35631', '35150', '35768']",True,landing
LIBRARY_RAW,LANDING,PORTAL_CKA_WPRDC_ALLEGHENY_9CCBEFBACC,GEOID,1,TEXT,YES,FIPS,GEO,False,True,place,10000,10000,3445,"['42043025000', '42107000700', '42091201502', '42007605001', '42031160201']",False,
LIBRARY_RAW,LANDING,PORTAL_ARC_HARRIS_COUNTY_OP_52229E2E24,IN_COUNTRYCODE,80,TEXT,YES,COUNTRY,GEO,False,True,place,488,488,2,"['<Null>', 'USA']",False,
LIBRARY_RAW,LANDING,PORTAL_CKA_INDIANA_DATA_HUB_78F3E49D13,COUNTY_FIPS,3,TEXT,YES,FIPS,GEO,False,True,place,4730,4730,92,"['18001', '18003', '18005', '18097', '18007']",False,
LIBRARY_RAW,LANDING,PORTAL_ARC_TUCSON_OPEN_DATA_28F95EBB76,COUNTRY,50,TEXT,YES,COUNTRY,GEO,False,True,place,23,0,0,[''],False,
LIBRARY_RAW,LANDING,FED_EPA_TRI_FACILITY,MAIL_COUNTRY,16,TEXT,YES,COUNTRY,GEO,False,True,place,64990,742,2,"['UNITED STATES', 'CANADA']",True,landing
LIBRARY_RAW,LANDING,PORTAL_SOC_UTAH_OPEN_DATA_P_81A81B1650,COUNTRY,2,TEXT,YES,COUNTRY,GEO,False,True,place,5000,5000,1,['USA'],False,
LIBRARY_RAW,LANDING,FED_CMS_NURSING_HOME,COUNTY_FIPS,103,TEXT,YES,FIPS,GEO,False,True,place,14700,0,0,[''],True,landing
LIBRARY_RAW,LANDING,FED_USASPENDING_ASSISTANCE_FULL,primary_place_of_performance_country_code,70,TEXT,YES,COUNTRY,GEO,False,True,place,19902879,17914804,241,"['USA', 'MAR', '', 'COM', 'RWA']",True,landing
LIBRARY_RAW,LANDING,FED_FAA_AIRCRAFT_REGISTRY,COUNTRY,15,TEXT,YES,COUNTRY,GEO,False,True,place,315447,310778,53,"['DE', 'FR', 'CH', 'GB', 'RQ']",False,
LIBRARY_RAW,LANDING,PORTAL_SOC_TEXAS_OPEN_DATA_6F798A64FA,EIN,6,TEXT,YES,EIN,STEEL,False,True,organization,2000,2000,133,"['261759221', '271869321', '204398179', '413016274', '520800754']",True,sample
LIBRARY_RAW,LANDING,FED_USASPENDING_ASSISTANCE_FULL,prime_award_transaction_place_of_performance_state_fips_code,76,TEXT,YES,FIPS,GEO,False,True,place,19902879,19161530,56,"['37', '54', '48', '30', '12']",True,landing
LIBRARY_RAW,LANDING,FED_USDA_RD_MFH_ACTIVE_PROJECTS,ZIP_CODE,13,TEXT,YES,ZIP,GEO,False,True,place,13550,13536,7290,"['04693', '48658', '50450', '33598', '49274']",False,
LIBRARY_RAW,LANDING,PORTAL_ARC_OPEN_DATA_DC_98319AB13D,CCN,9,TEXT,YES,CCN,STEEL,False,True,facility,2,0,0,"['23095454', '23085872']",False,
LIBRARY_RAW,LANDING,FED_USASPENDING_CONTRACTS_FULL,recipient_duns,50,TEXT,YES,DUNS,STEEL,False,True,organization,20000000,13331663,357865,"['066037409', '062722038', '026157235', '624462131', '014798433']",True,landing
LIBRARY_RAW,LANDING,PORTAL_SOC_UTAH_OPEN_DATA_P_5EF68422FF,RECIPIENT_COUNTRY_NAME,25,TEXT,YES,COUNTRY,GEO,False,True,place,2000,2000,5,"['UNITED STATES OF AMERICA', 'CANADA', 'nan', 'UNITED KINGDOM', 'UNITED STATES']",True,sample
LIBRARY_RAW,LANDING,PORTAL_ARC_TUCSON_OPEN_DATA_CDFFE1002A,POSTAL_CODE,51,TEXT,YES,ZIP,GEO,False,True,place,43,11,1,"['85726-7210', 'nan']",False,
LIBRARY_RAW,LANDING,FED_CMS_HPT_MRF,NPI,5,TEXT,YES,NPI,STEEL,False,True,provider,1,0,0,[''],False,
LIBRARY_RAW,LANDING,FED_HUD_DATA,FIPS,4,TEXT,YES,FIPS,GEO,False,True,place,77,0,0,[''],False,
LIBRARY_RAW,LANDING,PORTAL_SOC_PA_OPEN_DATA_POR_CD66682741,FIPS_CODE,10,TEXT,YES,FIPS,GEO,False,True,place,2000,2000,60,"['42119', '42027', '42045', '42075', '42069']",True,sample
LIBRARY_RAW,LANDING,FED_NIH_REPORTER,ORG_ZIP,14,TEXT,YES,ZIP,GEO,False,True,place,2122611,0,0,[],True,landing
LIBRARY_RAW,LANDING,PORTAL_CKA_WESTERN_PENNSYLV_D179E603D1,GEOID10,28,TEXT,YES,FIPS,GEO,False,True,place,90,89,89,"['420035623002', '420030201004', '420032412002', '420035630001', '420030501003']",False,
LIBRARY_RAW,LANDING,PORTAL_ARC_LA_COUNTY_OPEN_D_1A6706943D,NPI,3,TEXT,YES,NPI,STEEL,False,True,provider,2000,968,955,"['1538521547', '1063992204', ' ', '1811255458', '1124448857']",True,sample
LIBRARY_RAW,LANDING,PORTAL_SOC_UTAH_OPEN_DATA_P_F87FB2BFB7,EIN,2,TEXT,YES,EIN,STEEL,False,True,organization,25,25,25,"['13-3804503', '87-0441589', '87-0234702', '87-0495960', '87-0526068']",True,sample
LIBRARY_RAW,LANDING,PORTAL_ARC_OPEN_DATA_DC_43DCBD8BE3,ZIPCODE,61,TEXT,YES,ZIP,GEO,False,True,place,2000,2000,24,"['20001', '20019', '20011', '20024', '20002']",False,
LIBRARY_RAW,LANDING,FED_SEC_BUSINESS_DEVELOPMENT_COMPANY_REPORT,CIK,2,TEXT,YES,CIK,STEEL,True,True,organization,212,212,212,"['0001404641', '0001286685', '0001655050', '0000878932', '0001047557']",True,landing
LIBRARY_RAW,LANDING,PORTAL_ARC_WAKE_COUNTY_OPEN_4B425FD089,EIN_INT,96,TEXT,YES,EIN,STEEL,False,True,organization,2000,2000,2000,"['202063625', '452460138', '825482280', '474543960', '993057934']",True,sample
LIBRARY_RAW,LANDING,PORTAL_ARC_TUCSON_OPEN_DATA_7B6232F22D,DOCKET,9,TEXT,YES,DOCKET,STRONG,False,True,case,2000,2000,578,"['3808', '10247', '11250', '11437', '10932']",False,
LIBRARY_RAW,LANDING,PORTAL_ARC_OPEN_DATA_DC_43DCBD8BE3,CCN,5,TEXT,YES,CCN,STEEL,False,True,facility,2000,0,0,"['17100153', '17205492', '20120055', '17159167', '17014096']",False,
LIBRARY_RAW,LANDING,PORTAL_ARC_OPEN_DATA_DC_74D9616143,BSTP_PDP_HAS_CCN,29,TEXT,YES,CCN,STEEL,False,True,facility,2000,0,0,"['N', 'E', 'Y', 'U']",False,
LIBRARY_RAW,LANDING,ST_NYC_CFB_CAMPAIGN_2021_CONTRIBUTIONS,ZIP,22,TEXT,YES,ZIP,GEO,False,True,place,457521,433883,9019,"['11363', '19041', '11201', '11418', '10804']",False,
LIBRARY_RAW,LANDING,XC_MAPPING_POLICE_VIOLENCE,ZIPCODE,10,TEXT,YES,ZIP,GEO,False,True,place,15476,15327,7879,"['74820', '83553', '97071', '97601', '99723']",False,
LIBRARY_RAW,LANDING,PORTAL_ARC_TUCSON_OPEN_DATA_97B5E23500,DOCKET,39,TEXT,YES,DOCKET,STRONG,False,True,case,2000,1996,950,"['11931', '12242', '6063', '13537', ' ']",False,
LIBRARY_RAW,LANDING,INTL_GLOBAL_WITNESS_DEFENDERS,COUNTRY,2,TEXT,YES,COUNTRY,GEO,False,True,place,232,50,6,"['Honduras', 'Brazil', 'Guatemala', 'DRC', 'Peru']",False,
LIBRARY_RAW,LANDING,PORTAL_CKA_WPRDC_ALLEGHENY_12918A9A0A,STATEFP,13,TEXT,YES,FIPS,GEO,False,True,place,394,394,1,['42'],False,
LIBRARY_RAW,LANDING,FED_USASPENDING_CONTRACTS_FULL_R2,RECIPIENT_ZIP_4_CODE,21,TEXT,YES,ZIP,GEO,False,True,place,63729002,62362670,31895,"['01810', '22311', '330255397', '336371014', '22102']",True,landing
LIBRARY_RAW,LANDING,FED_CMS_OPIOID_TREATMENT_PROGRAM_PROVIDERS,ZIP,7,TEXT,YES,ZIP,GEO,False,True,place,1558,1558,1359,"['14760-3646', '75074-5391', '02780-2777', '31204-1441', '48227-3131']",True,landing
LIBRARY_RAW,LANDING,PORTAL_SOC_TEXAS_OPEN_DATA_5410A1009F,OUTLET_ZIP_CODE,14,TEXT,YES,ZIP,GEO,False,True,place,2000,2000,840,"['77706', '75661', '76015', '75063', '77521']",False,
LIBRARY_RAW,LANDING,PORTAL_ARC_ATLANTA_DATAATLA_A29D594B47,ZIP,7,TEXT,YES,ZIP,GEO,False,True,place,7,7,5,"['30310', '30315', '30318', '30331', '30311']",False,
LIBRARY_RAW,LANDING,PORTAL_ARC_TUCSON_OPEN_DATA_7E21327FCB,SITE_ZIP,53,TEXT,YES,ZIP,GEO,False,True,place,294,89,19,"['85704', '85741', '85745', '85705', '85710']",False,
LIBRARY_RAW,LANDING,FED_EPA_SDWA_SDWA_EVENTS_MILESTONES,PWSID,2,TEXT,YES,PWSID,STEEL,True,True,facility,394075,394075,98555,"['MO6036128', 'MO6036219', 'IL1170200', 'MO6036257', 'SC1070143']",True,landing
LIBRARY_RAW,LANDING,PORTAL_ARC_TUCSON_OPEN_DATA_B15AE2B075,DOCKET,70,TEXT,YES,DOCKET,STRONG,False,True,case,3076,2688,1452,"['10553', '5482', '7942', '7485', '9551']",False,
LIBRARY_RAW,LANDING,PORTAL_CKA_CALIFORNIA_OPEN_5DD35F95D8,ZIP,26,TEXT,YES,ZIP,GEO,False,True,place,5000,5000,1005,"['95667', '94954', '94607', '95838', '95503']",True,sample
LIBRARY_RAW,LANDING,PORTAL_ARC_TUCSON_OPEN_DATA_0697237A35,ZIP,40,TEXT,YES,ZIP,GEO,False,True,place,1958,1956,173,"['85705', '85757', '85715', '11023', '85756']",False,
LIBRARY_RAW,LANDING,FED_CMS_HOSPICE_ENROLLMENTS,ZIP_CODE,20,TEXT,YES,ZIP,GEO,False,True,place,6066,6066,3144,"['674101804', '088543999', '117972946', '636451143', '358056411']",True,landing
LIBRARY_RAW,LANDING,PORTAL_ARC_TUCSON_OPEN_DATA_90CC86DC8C,COUNTRY,50,TEXT,YES,COUNTRY,GEO,False,True,place,2000,0,0,[''],False,
LIBRARY_RAW,LANDING,PORTAL_SOC_UTAH_OPEN_DATA_P_3967E73A16,PATENT_NBR,15,TEXT,YES,PATENT,STEEL,False,True,asset,2000,2000,1236,"['P-19698-1-5', 'P-20361-34-22', 'P-19929-9-12', 'P-20391-80-C117', 'P-19709-1-569']",False,
LIBRARY_RAW,LANDING,FED_SAM_EXCLUSIONS,UEI,1,TEXT,YES,UEI,STEEL,False,True,organization,10000,3482,3210,"['UXPKQKPUVG22', 'HB7BUNN6QD71', 'T1N3GNE9GBM3', 'P31WGT8JG2J1', 'GRX8CJ2ZCNL5']",False,
LIBRARY_RAW,LANDING,PORTAL_SOC_COLORADO_INFORMA_D017CFCF7F,EIN,4,TEXT,YES,EIN,STEEL,False,True,organization,327,327,189,"['330589065', '680534523', '231352630', '840838406', '840745911']",True,sample
LIBRARY_RAW,LANDING,PORTAL_SOC_PA_OPEN_DATA_POR_7D4F8FCE94,COUNTY_FIPS,4,TEXT,YES,FIPS,GEO,False,True,place,1428,1428,68,"['059', '097', '005', '123', '073']",False,
LIBRARY_RAW,LANDING,FED_FAC_SINGLE_AUDIT,AUDITEE_ZIP,8,TEXT,YES,ZIP,GEO,False,True,place,411638,411638,20450,"['74006', '06106', '49002', '71221', '78064']",True,landing
LIBRARY_RAW,LANDING,PORTAL_ARC_HARRIS_COUNTY_OP_5AB72D4A23,CCN,73,TEXT,YES,CCN,STEEL,False,True,facility,526,14,14,"['45C0001257', '45C0001465', '451192', '45C0001572', '45C0001493']",True,sample
LIBRARY_RAW,LANDING,PORTAL_SOC_PA_OPEN_DATA_POR_5A9F04BB9C,LOCATION_ZIP,16,TEXT,YES,ZIP,GEO,False,True,place,1712,1712,13,"['16242', '17402-2235', '16046-0827', '15201', '18018']",False,
LIBRARY_RAW,LANDING,PORTAL_ARC_TUCSON_OPEN_DATA_B8BE43CF1C,DOCKET,36,TEXT,YES,DOCKET,STRONG,False,True,case,2000,2000,738,"['0', 'nan', '11727', '11074', '12279']",False,
LIBRARY_RAW,LANDING,FED_USASPENDING_BULK,PRIMARY_PLACE_OF_PERFORMANCE_ZIP_4,82,TEXT,YES,ZIP,GEO,False,True,place,50000,44756,4184,"['750528927', '752205220', '151082783', '995035863', '']",True,landing
LIBRARY_RAW,LANDING,PORTAL_CKA_CALIFORNIA_OPEN_E87D6ED57D,PL_ADDRESS_ZIP_CODE,13,TEXT,YES,ZIP,GEO,False,True,place,3200,3200,1094,"['94577-6058', '93727', '93625', '94552', '93662']",False,
LIBRARY_RAW,LANDING,PORTAL_ARC_TUCSON_OPEN_DATA_AC3B9C03A4,ZIP,9,TEXT,YES,ZIP,GEO,False,True,place,2000,1997,19,"['85614', '85746', '85629', '85706', '85735']",False,
LIBRARY_RAW,LANDING,PORTAL_ARC_TUCSON_OPEN_DATA_CF1942A6CE,DOCKET,39,TEXT,YES,DOCKET,STRONG,False,True,case,2000,1996,950,"['11931', '8201', '9144', '9525', ' ']",False,
LIBRARY_RAW,LANDING,FED_COURTLISTENER_JUDGE_RACES,PERSON_ID,2,TEXT,YES,CL_PERSON_ID,STEEL,True,True,person,6542,6542,6521,"['11', '101', '109', '159', '4']",True,landing
LIBRARY_RAW,LANDING,FED_COURTLISTENER_ORAL_ARGUMENTS,DOCKET_ID,22,TEXT,YES,DOCKET,STRONG,False,True,case,102649,102649,102372,"['7978807', '2606025', '3054520', '3083752', '2600410']",False,
LIBRARY_RAW,LANDING,FED_CMS_MEDICARE_DURABLE_MEDICAL_EQUIPMENT_DEVICES_SUPPLIES_BY_SUPPL,SUPLR_PRVDR_STATE_FIPS,11,TEXT,YES,FIPS,GEO,False,True,place,440670,440670,55,"['34', '42', '47', '23', '18']",True,landing
LIBRARY_RAW,LANDING,PORTAL_ARC_HARRIS_COUNTY_OP_D044517CB3,USER_ZIP_C,71,TEXT,YES,ZIP,GEO,False,True,place,712,0,0,"['77074.0', '77036.0', '77063.0', '77082.0', '77081.0']",False,
LIBRARY_RAW,LANDING,PORTAL_ARC_TUCSON_OPEN_DATA_70CEDCB206,SITE_ZIP,53,TEXT,YES,ZIP,GEO,False,True,place,2000,1671,21,"['85748', '', '85716', '85749', '85711']",False,
LIBRARY_RAW,LANDING,FED_FEC_BULK,FEC_CAND_ID,15,TEXT,YES,FEC_CAND_ID,STEEL,False,True,person,20938,8221,7746,"['', 'H6NY36015', 'H6WA05023', 'H6AK00045', 'H6CA24048']",True,landing
LIBRARY_RAW,LANDING,FED_CMS_MEDICARE_PROVIDER,RNDRNG_PRVDR_CNTRY,15,TEXT,YES,COUNTRY,GEO,False,True,place,1296739,1296739,25,"['GB', 'SA', 'MX', 'US', 'DE']",True,landing
LIBRARY_RAW,LANDING,PORTAL_ARC_HARRIS_COUNTY_OP_C23DC4BAF8,COUNTRY,48,TEXT,YES,COUNTRY,GEO,False,True,place,782,782,1,['USA'],False,
LIBRARY_RAW,LANDING,PORTAL_CKA_WPRDC_ALLEGHENY_16A0BB67B4,ZIP,8,TEXT,YES,ZIP,GEO,False,True,place,672,671,90,"['15211', '15137', '15214', '15106', '15143']",False,
LIBRARY_RAW,LANDING,PORTAL_SOC_UTAH_OPEN_DATA_P_103F7D641F,RECIPIENT_ZIP_LAST_4_CODE,32,TEXT,YES,ZIP,GEO,False,True,place,2000,0,0,"['3231', '5999', '4200', '9023', '2388']",True,sample
LIBRARY_RAW,LANDING,FED_FJC_IDB_BANKRUPTCY,D2ZIP,29,TEXT,YES,ZIP,GEO,False,True,place,6965441,1423797,29362,"['989080000', '953070000', '450110000', '631220000', '']",False,
LIBRARY_RAW,LANDING,PORTAL_ARC_TUCSON_OPEN_DATA_69487E016F,DOCKET,36,TEXT,YES,DOCKET,STRONG,False,True,case,1031,1031,399,"['7731', '10107', '13414', '11105', '5592']",False,
LIBRARY_RAW,LANDING,PORTAL_SOC_UTAH_OPEN_DATA_P_6862B465D5,PRIME_AWARDEE_DUNS,17,TEXT,YES,DUNS,STEEL,False,True,organization,1883,1879,207,"['64367329', '959347972', '37936759', '61364808', '124726725']",True,sample
LIBRARY_RAW,LANDING,PORTAL_ARC_OPEN_DATA_DC_E1DD5D3551,ZIP_CODE,7,TEXT,YES,ZIP,GEO,False,True,place,11,11,9,"['20005', '20032', '20001', '20019', '20017']",False,
LIBRARY_RAW,LANDING,PORTAL_ARC_TUCSON_OPEN_DATA_70CEDCB206,DOCKET,36,TEXT,YES,DOCKET,STRONG,False,True,case,2000,2000,745,"['0', '13090', '6156', '11547', '12595']",False,
LIBRARY_RAW,LANDING,PORTAL_ARC_TUCSON_OPEN_DATA_A40FB2876B,DOCKET,36,TEXT,YES,DOCKET,STRONG,False,True,case,2000,2000,669,"['12024', '8545', '0', '10420', '12022']",False,
LIBRARY_RAW,LANDING,FED_EPA_NPDES_NPDES_INFORMAL_ENFORCEMENT_ACTIONS,NPDES_ID,1,TEXT,YES,NPDES_ID,STEEL,True,True,facility,478855,478855,119300,"['WA0038407', 'OR0029645', 'WAR307324', 'WAR011893', 'IN0020354']",True,landing
LIBRARY_RAW,LANDING,PORTAL_ARC_LA_COUNTY_OPEN_D_E59BD7CF06,ZIP,8,TEXT,YES,ZIP,GEO,False,True,place,659,659,119,"['90255', '90010', '91502', '91202', '90001']",False,
LIBRARY_RAW,LANDING,FED_EPA_FRS_FULL,POSTAL_CODE,12,TEXT,YES,ZIP,GEO,False,True,place,5300149,4839655,47616,"['35810', '35010', '35016', '36375', '36524']",True,landing
LIBRARY_RAW,LANDING,FED_HHS_OIG_LEIE,ZIP,13,TEXT,YES,ZIP,GEO,False,True,place,83464,83464,17903,"['33125', '07666', '33257', '33138', '91406']",True,landing
LIBRARY_RAW,LANDING,FED_EPA_TRI_FACILITY,STATE_COUNTY_FIPS_CODE,6,TEXT,YES,FIPS,GEO,False,True,place,64990,64990,2855,"['72103', '72005', '72009', '72007', '72021']",True,landing
LIBRARY_RAW,LANDING,PORTAL_ARC_WISCONSIN_OPEN_D_022EFD1AE5,COUNTY_FIPS,17,TEXT,YES,FIPS,GEO,False,True,place,2,2,2,"['25', '79']",False,
LIBRARY_RAW,LANDING,PORTAL_SOC_UTAH_OPEN_DATA_P_1614522F52,ZIPCODE,12,TEXT,YES,ZIP,GEO,False,True,place,575,575,156,"['84037', '84660', '84128', '84056', '84085']",True,sample
LIBRARY_RAW,LANDING,FED_SEC_DERA_SUB_2025Q3,CIK,2,TEXT,YES,CIK,STEEL,True,True,organization,6541,6541,5909,"['8947', '14693', '104169', '25232', '56679']",True,landing
LIBRARY_RAW,LANDING,PORTAL_ARC_HARRIS_COUNTY_OP_BEF7C03176,USER_ZIP,81,TEXT,YES,ZIP,GEO,False,True,place,755,755,433,"['75204', '75460-2134', '75002', '76013', '75208']",False,
LIBRARY_RAW,LANDING,FED_USDA_RD_MFH_ACTIVE_PROJECTS,STATE_COUNTY_FIPS_CODE,6,TEXT,YES,FIPS,GEO,False,True,place,13550,13550,2725,"['19105', '36053', '38023', '28141', '26159']",False,
LIBRARY_RAW,LANDING,PORTAL_ARC_TUCSON_OPEN_DATA_DB600D27AE,DOCKET,36,TEXT,YES,DOCKET,STRONG,False,True,case,2000,2000,556,"['12293', 'nan', '10911', '201', '9554']",False,
LIBRARY_RAW,LANDING,FED_HRSA_HPSA_PRIMARY_CARE,HPSA_POSTAL_CODE,47,TEXT,YES,ZIP,GEO,False,True,place,79158,7523,4752,"['96799', '82510-9144', '96913', '96910', '96943']",False,
LIBRARY_RAW,LANDING,PORTAL_ARC_TUCSON_OPEN_DATA_CDD4037DF8,DOCKET,37,TEXT,YES,DOCKET,STRONG,False,True,case,2000,2000,662,"['0', '10932', '7873', '10619', '7942']",False,
LIBRARY_RAW,LANDING,PORTAL_CKA_INDIANA_DATA_HUB_D4DAE8D984,ZIPCODE,1,TEXT,YES,ZIP,GEO,False,True,place,10000,9997,444,"['46130', '46143', '47018', '47374', '46701']",False,
LIBRARY_RAW,LANDING,FED_SBIR_STTR_AWARDS,DUNS,20,TEXT,YES,DUNS,STEEL,True,True,organization,219503,178853,21594,"['080736386', '072021041', '116921678', '116937846', '084802683']",True,landing
LIBRARY_RAW,LANDING,PORTAL_ARC_TUCSON_OPEN_DATA_5B985CBFB5,POSTAL_CODE,51,TEXT,YES,ZIP,GEO,False,True,place,2000,1998,327,"['85713-1602', '85710-3179', '85705-2473', '85750-2227', '89511-4012']",False,
LIBRARY_RAW,LANDING,FED_COURTLISTENER_COURTHOUSES,COURT_ID,11,TEXT,YES,CL_COURT_ID,STEEL,False,True,organization,3361,3361,3286,"['ca1', 'ca2', 'ca4', 'innd', 'orld']",True,landing
LIBRARY_RAW,LANDING,INTL_GLEIF,Entity.SuccessorEntity.4.SuccessorLEI,213,TEXT,YES,LEI,STEEL,False,True,organization,3382301,8,8,"['9845006C96BE1C077743', '743700RAK1DERL20Q947', '8945009L728HFVSEWI54', '', '8755006595KVWNR7IS53']",True,landing
LIBRARY_RAW,LANDING,PORTAL_CKA_WESTERN_PENNSYLV_F6A018A1CB,ZIP_CODE,12,TEXT,YES,ZIP,GEO,False,True,place,8629,8572,136,"['15226', '15104', '15025', '15213', '15209']",False,
LIBRARY_RAW,LANDING,PORTAL_ARC_TUCSON_OPEN_DATA_A2044BD114,ZIP,8,TEXT,YES,ZIP,GEO,False,True,place,1889,1888,27,"['85745', '85711', '85718', '85716', '85705']",False,
LIBRARY_RAW,LANDING,PORTAL_CKA_OKLAHOMA_OPEN_DA_4DA0B9CF8C,COUNTRY,16,TEXT,YES,COUNTRY,GEO,False,True,place,189,189,1,['US'],False,
LIBRARY_RAW,LANDING,PORTAL_ARC_TUCSON_OPEN_DATA_EC706EAD4C,POSTAL_CODE,51,TEXT,YES,ZIP,GEO,False,True,place,437,437,53,"['85701-1332', '85726-7210', '85745-9385', '85085-7091', '85715-3031']",False,
LIBRARY_RAW,LANDING,PORTAL_ARC_OPEN_DATA_HARTFO_8A24EA33E4,SECONDARY_ZIP_CODE,6,TEXT,YES,ZIP,GEO,False,True,place,2000,2000,33,"['06120', '06112', '06102', '06114', '06106']",False,
LIBRARY_RAW,LANDING,FED_GOVINFO_BILL_COSPONSORS,COSPONSOR_BIOGUIDE,4,TEXT,YES,BIOGUIDE,STEEL,True,True,person,367742,367742,635,"['M001194', 'S001207', 'C001063', 'L000569', 'W000804']",True,landing
LIBRARY_RAW,LANDING,FED_CDC_DRUG_POISONING_COUNTY,FIPS_STATE,5,TEXT,YES,FIPS,GEO,False,True,place,53387,53387,51,"['8', '48', '36', '21', '9']",False,
LIBRARY_RAW,LANDING,FED_CMS_HCRIS,PROVIDER_CCN,2,TEXT,YES,CCN,STEEL,True,True,facility,6103,6103,6040,"['111331', '010062', '144042', '144043', '454155']",True,landing
LIBRARY_RAW,LANDING,FED_EPA_ICIS_AIR_ICIS_AIR_FACILITIES,ZIP_CODE,8,TEXT,YES,ZIP,GEO,False,True,place,279728,279538,25711,"['074073203', '07650', '01749', '07663', '07601']",True,landing
LIBRARY_RAW,LANDING,PORTAL_ARC_ATLANTA_DATAATLA_A0F4032894,ZIP,7,TEXT,YES,ZIP,GEO,False,True,place,109,109,5,"['30331', '30315', '30344', '30311', '30310']",False,
LIBRARY_RAW,LANDING,PORTAL_ARC_ATLANTA_DATAATLA_05328F7540,DOCKET_NO,4,TEXT,YES,DOCKET,STRONG,False,True,case,2000,2000,1375,"['Z-08-003', 'Z-05-140', 'Z-07-114', 'Z-07-016', 'Z-07-035']",False,
LIBRARY_RAW,LANDING,PORTAL_ARC_TUCSON_OPEN_DATA_1073539FE2,POSTAL_CODE,51,TEXT,YES,ZIP,GEO,False,True,place,41,12,1,"['85726-7210', 'nan']",False,
LIBRARY_RAW,LANDING,FED_USASPENDING_BULK,RECIPIENT_ZIP_4_CODE,69,TEXT,YES,ZIP,GEO,False,True,place,50000,49701,4953,"['201763373', '600041429', '813015110', '544812824', '750528927']",True,landing
LIBRARY_RAW,LANDING,FED_EPA_FRS_FRS_NAICS_CODES,REGISTRY_ID,4,TEXT,YES,FRS_ID,STEEL,True,True,facility,2179702,2178276,1672433,"['110000381970', '110070789160', '110000463775', '110000446713', '110000440504']",True,landing
LIBRARY_RAW,LANDING,FED_SEC_INVESTMENT_COMPANY_SERIES_CLASS,ZIP_CODE,14,TEXT,YES,ZIP,GEO,False,True,place,43123,42073,354,"['06102', '10105', '92618', '85012', '55101-2098']",True,landing
LIBRARY_RAW,LANDING,PORTAL_ARC_TUCSON_OPEN_DATA_575B865A46,POSTAL_CODE,51,TEXT,YES,ZIP,GEO,False,True,place,53,26,2,"['85705-3120', '85726-7210', 'nan']",False,
LIBRARY_RAW,LANDING,PORTAL_SOC_OPEN_DATA_BR_FC0D2DAA2B,ZIP,3,TEXT,YES,ZIP,GEO,False,True,place,1999,1999,23,"['70817', '70811', '70809', '70791', '70807']",False,
LIBRARY_RAW,LANDING,PORTAL_ARC_TUCSON_OPEN_DATA_EAB8D87A4D,COUNTRY,51,TEXT,YES,COUNTRY,GEO,False,True,place,2000,2000,3,"['nan', 'KUWAIT', 'PUERTO RICO']",False,
LIBRARY_RAW,LANDING,PORTAL_ARC_TUCSON_OPEN_DATA_82607FBFC9,COUNTRY,49,TEXT,YES,COUNTRY,GEO,False,True,place,2000,0,0,[''],False,
LIBRARY_RAW,LANDING,FED_EPA_ICIS_FEC_EPA_INFORMAL_ENFORCEMENT_ACTIONS,REGISTRY_ID,3,TEXT,YES,FRS_ID,STEEL,True,True,facility,21930,21930,14606,"['110000308569', '110000387242', '110000308257', '110000311948', '110000319129']",True,landing
LIBRARY_RAW,LANDING,PORTAL_ARC_HARRIS_COUNTY_OP_1F4D98F329,COUNTRY,66,TEXT,YES,COUNTRY,GEO,False,True,place,1143,1143,3,"['USA', 'nan', '<Null>']",False,
LIBRARY_RAW,LANDING,FED_EPA_TRI_FACILITY,MAIL_ZIP_CODE,17,TEXT,YES,ZIP,GEO,False,True,place,64990,63837,14371,"['00605', '00605-3918', '00660-0262', '00602-0580', '00614-0429']",True,landing
LIBRARY_RAW,RETIRED,FED_IRS_EO_BMF,EIN,1,TEXT,YES,EIN,STEEL,True,True,organization,3949660,3949660,1974830,"['471507140', '470379836', '461856094', '455494445', '472675456']",False,
LIBRARY_RAW,LANDING,PORTAL_SOC_UTAH_OPEN_DATA_P_3967E73A16,PATENT_DT,16,TEXT,YES,PATENT,STEEL,False,True,asset,2000,2000,475,"['2017-05-22T12:00:00.000Z', '2005-04-15T00:00:00.000Z', '2019-12-18T00:00:00.000Z', '2020-10-01T13:00:00.000Z', '2021-02-03T12:00:00.000Z']",False,
LIBRARY_RAW,LANDING,FED_CMS_IRF,CCN,1,TEXT,YES,CCN,STEEL,True,True,facility,1222,410,410,"['013029', '05T180', '063036', '013028', '05T380']",True,landing
LIBRARY_RAW,LANDING,IRS527_8872_REPORTS,EIN,10,TEXT,YES,EIN,STEEL,True,True,organization,55579,55579,4150,"['382232417', '760503379', '382179658', '850230780', '161583020']",True,landing
LIBRARY_RAW,LANDING,FED_FARA,EIN,5,TEXT,YES,EIN,STEEL,False,True,organization,30,0,0,[''],False,
LIBRARY_RAW,LANDING,FED_NTSB_AVIATION_AIRCRAFT,DEST_COUNTRY,71,TEXT,YES,COUNTRY,GEO,False,True,place,31503,31503,151,"['None', 'PE ', 'USA', 'CA ', 'NA']",False,
LIBRARY_RAW,LANDING,FED_IRS_AUTO_REVOCATIONS,ZIP_CODE,7,TEXT,YES,ZIP,GEO,False,True,place,1207295,1204236,36652,"['44889-8602', '04901-9459', '70374-4284', '04105-2201', '40522-7255']",True,landing
LIBRARY_RAW,LANDING,FED_EPA_TRI_FACILITY,FRS_ID,20,NUMBER,YES,FRS_ID,STEEL,False,True,facility,64990,0,0,[],True,landing
LIBRARY_RAW,LANDING,FED_USASPENDING_ASSISTANCE_FULL,recipient_parent_duns,48,TEXT,YES,DUNS,STEEL,False,True,organization,19902879,3643999,36215,"['076438621', '041544081', '053078127', '072042443', '054672480']",True,landing
LIBRARY_RAW,LANDING,IRS527_8872_REPORTS,CUSTODIAN_ZIP_EXT,25,TEXT,YES,ZIP,GEO,False,True,place,55579,0,0,"['1529', '4368', '2098', '4487', '2415']",True,landing
LIBRARY_RAW,LANDING,PORTAL_ARC_TUCSON_OPEN_DATA_F5DCF594AF,DOCKET,38,TEXT,YES,DOCKET,STRONG,False,True,case,2000,2000,697,"['0', '13942', '13785', '12553', '13299']",False,
LIBRARY_RAW,LANDING,PORTAL_ARC_TUCSON_OPEN_DATA_F9376D5072,POSTAL_CODE,51,TEXT,YES,ZIP,GEO,False,True,place,2000,1986,240,"['85705-0000', '85739-9641', '77056-4128', '92865-2705', '60606-0101']",False,
LIBRARY_RAW,LANDING,PORTAL_ARC_TUCSON_OPEN_DATA_70CEDCB206,POSTAL_CODE,51,TEXT,YES,ZIP,GEO,False,True,place,2000,1999,345,"['90049-3467', '85749-7806', '85710-4734', '85251-7620', '11753-2122']",False,
LIBRARY_RAW,LANDING,PORTAL_SOC_PA_OPEN_DATA_POR_84400DC75D,STATE_FIPS,3,TEXT,YES,FIPS,GEO,False,True,place,2000,2000,1,['42'],False,
LIBRARY_RAW,LANDING,FED_FDIC_SOD_BRANCH_DEPOSITS,DOCKET,33,TEXT,YES,DOCKET,STRONG,False,True,case,2822977,2811322,10798,"['9177', '10300', '9781', '11796', '11119']",False,
LIBRARY_RAW,LANDING,PORTAL_SOC_UTAH_OPEN_DATA_P_18582DDC54,PATENT_DT,16,TEXT,YES,PATENT,STEEL,False,True,asset,2000,2000,476,"['nan', '2022-03-30T12:00:00.000Z', '2021-05-07T00:00:00.000Z', '2023-06-28T12:00:00.000Z', '2019-02-13T00:00:00.000Z']",False,
LIBRARY_RAW,LANDING,INTL_WB_IDS,COUNTRY_NAME,1,TEXT,YES,COUNTRY,GEO,False,True,place,62983,62980,136,"['Albania', 'Bangladesh', 'Angola', 'Azerbaijan', 'Afghanistan']",False,
LIBRARY_RAW,LANDING,FED_EPA_NPDES_NPDES_SE_VIOLATIONS,NPDES_ID,1,TEXT,YES,NPDES_ID,STEEL,True,True,facility,305478,305478,76438,"['AK0000272', 'AK0000396', 'AK0038661', 'AK0021393', 'AK0029840']",True,landing
LIBRARY_RAW,LANDING,PORTAL_ARC_TUCSON_OPEN_DATA_7F7E374C68,COUNTRY,50,TEXT,YES,COUNTRY,GEO,False,True,place,1844,1844,3,"['nan', 'GERMANY', 'UNITED KINGDOM']",False,
LIBRARY_RAW,LANDING,PORTAL_ARC_TUCSON_OPEN_DATA_86A898EF77,COUNTRY,50,TEXT,YES,COUNTRY,GEO,False,True,place,1532,1532,2,"['MEXICO', 'nan']",False,
LIBRARY_RAW,LANDING,FED_CMS_HCRIS,CCN_FACILITY_TYPE,11,TEXT,YES,CCN,STEEL,False,True,facility,6103,0,0,"['LTCH', 'STH', 'CAH', 'PH', 'RH']",True,landing
LIBRARY_RAW,LANDING,PORTAL_ARC_OPEN_BALTIMORE_751D91C991,CCN,10,TEXT,YES,CCN,STEEL,False,True,facility,62,0,0,"['210023.0', '213029.0', '210043.0', '210001.0', '210013.0']",False,
LIBRARY_RAW,LANDING,PORTAL_ARC_LOUISVILLE_OPEN_0574425F4F,ZIP_CODE,5,TEXT,YES,ZIP,GEO,False,True,place,17,17,10,"['40210', '40206', '40216', '40245', '40223']",False,
LIBRARY_RAW,LANDING,FED_EPA_NPDES_ICIS_FACILITIES,ZIP,11,TEXT,YES,ZIP,GEO,False,True,place,1213737,1203473,36369,"['19460', '01520', '83714', '04927', '68788']",True,landing
LIBRARY_RAW,LANDING,FED_USASPENDING_ASSISTANCE_FULL,recipient_country_name,52,TEXT,YES,COUNTRY,GEO,False,True,place,19902879,17362383,233,"['SWITZERLAND', 'MOROCCO', 'RWANDA', '', 'CANADA']",True,landing
LIBRARY_RAW,LANDING,PORTAL_ARC_TUCSON_OPEN_DATA_C92A89BB0D,ZIP,40,TEXT,YES,ZIP,GEO,False,True,place,2000,1993,300,"['77056', '90213', '85281', '11370', '56560']",False,
LIBRARY_RAW,LANDING,XC_CENSUS_CB_COUNTY,COUNTYFP,2,TEXT,YES,FIPS,GEO,False,True,place,3235,3235,333,"['069', '075', '215', '037', '051']",False,
LIBRARY_RAW,LANDING,XC_VERA_INCARCERATION_TRENDS,STATE_FIPS,5,TEXT,YES,FIPS,GEO,False,True,place,128507,128507,45,"['01', '11', '12', '06', '04']",False,
LIBRARY_RAW,LANDING,FED_CMS_FEDERALLY_QUALIFIED_HEALTH_CENTER_ENROLLMENTS,CCN,7,TEXT,YES,CCN,STEEL,True,True,facility,11063,9954,9954,"['101891', '331916', '141927', '251901', '251903']",True,landing
LIBRARY_RAW,LANDING,INTL_GR_GEMI,POSTAL_CODE,14,TEXT,YES,ZIP,GEO,False,True,place,40,0,0,[''],False,
LIBRARY_RAW,LANDING,FED_HUD_DATA,EIN,6,TEXT,YES,EIN,STEEL,False,True,organization,77,0,0,[''],False,
LIBRARY_RAW,LANDING,FED_PCAOB_FORM_AP_FILINGS,ISSUER_CIK,20,TEXT,YES,CIK,STEEL,True,True,organization,155384,154460,28773,"['0001600931', '1686655', '0000810958', '0001676020', '1685692']",True,landing
LIBRARY_RAW,LANDING,PORTAL_SOC_UTAH_OPEN_DATA_P_6DEEE0BF03,WORKSITE_POSTAL_CODE,60,TEXT,YES,ZIP,GEO,False,True,place,2018,2018,292,"['84121', '84095', '84043', '98104', '98121']",False,
LIBRARY_RAW,LANDING,FED_DOL_OFLC,WORKSITE_POSTAL_CODE_2,74,TEXT,YES,ZIP,GEO,False,True,place,664616,50204,5563,"['2116', '76262', '', '48226', '94111']",False,
LIBRARY_RAW,LANDING,FED_CMS_OPEN_PAYMENTS_2022,RECIPIENT_COUNTRY,17,TEXT,YES,COUNTRY,GEO,False,True,place,13306564,13306564,26,"['United States Minor Outlying Islands', 'Turkey', 'Thailand', 'Dominican Republic', 'Germany']",True,landing
LIBRARY_RAW,LANDING,PORTAL_CKA_ANALYZE_BOSTON_F267F0B038,BUSINESS_ZIPCODE,4,TEXT,YES,ZIP,GEO,False,True,place,346,345,55,"['02184', '02155', '02176', '02114', '02122']",False,
LIBRARY_RAW,LANDING,PORTAL_SOC_UTAH_OPEN_DATA_P_862BA39EB7,FAC_ZIP,12,TEXT,YES,ZIP,GEO,False,True,place,17,17,6,"['84737', '84780', '84790', '84770', '84784']",False,
LIBRARY_RAW,LANDING,PORTAL_ARC_TUCSON_OPEN_DATA_EC706EAD4C,SITE_ZIP,53,TEXT,YES,ZIP,GEO,False,True,place,437,142,20,"['', '85745', '85705', '85704', '85741']",False,
LIBRARY_RAW,LANDING,PORTAL_CKA_WESTERN_PENNSYLV_070A16004D,ZIPCODE,10,TEXT,YES,ZIP,GEO,False,True,place,410,410,77,"['15025', '15234', '15139', '15024', '15101']",False,
LIBRARY_RAW,LANDING,FED_FEC_COMMITTEE_TO_CANDIDATE,CMTE_ID,1,TEXT,YES,FEC_CMTE_ID,STEEL,True,True,organization,866730,866730,6270,"['C00333104', 'C00325324', 'C00550392', 'C00382150', 'C00005157']",True,landing
LIBRARY_RAW,LANDING,FED_ICE_DETENTION_STINTS,DETENTION_FACILITY_CODE,39,TEXT,YES,ICE_FACILITY,STEEL,True,True,facility,2617844,2617844,707,"['LAWINCI', 'CSCNWWA', 'PINEPLA', 'JCRLYTX', 'GEAUGOH']",True,landing
LIBRARY_RAW,LANDING,PORTAL_ARC_WISCONSIN_OPEN_D_CB1509F410,ZIP_4,10,TEXT,YES,ZIP,GEO,False,True,place,42,0,0,[''],False,
LIBRARY_RAW,LANDING,PORTAL_ARC_LA_COUNTY_OPEN_D_86C98732BB,ZIP,6,TEXT,YES,ZIP,GEO,False,True,place,146,146,119,"['90006', '91765', '90035', '90744', '90291']",False,
LIBRARY_RAW,LANDING,INTL_GEM_HAZARD,FIPS,3,TEXT,YES,FIPS,GEO,False,True,place,12,0,0,[''],False,
LIBRARY_RAW,LANDING,PORTAL_ARC_LA_COUNTY_OPEN_D_5AB83C24A0,NPI,10,TEXT,YES,NPI,STEEL,False,True,provider,225,0,0,"['1750305785.0', '1114109337.0', '1902803315.0', '1811919558.0', '1518327733.0']",False,
LIBRARY_RAW,LANDING,PORTAL_CKA_SAN_JOSE_OPEN_DA_D4BF270A36,ZIPCODE,15,TEXT,YES,ZIP,GEO,False,True,place,92,92,18,"['95112', '95122', '95110', '95111', '95002']",False,
LIBRARY_RAW,LANDING,FED_COURTLISTENER_DOCKETS,DOCKET_NUMBER,22,TEXT,YES,DOCKET,STRONG,False,True,case,71677647,68649620,20369252,"['02-42283', '1:93-cv-00785', '02-62279', '04-15872', '5:96-mj-00145']",True,landing
LIBRARY_RAW,LANDING,PORTAL_ARC_TUCSON_OPEN_DATA_7468CF46DB,SITE_ZIP,53,TEXT,YES,ZIP,GEO,False,True,place,6,2,1,"['', '85701']",False,
LIBRARY_RAW,LANDING,PORTAL_CKA_VIRGINIA_OPEN_DA_77706D86DA,SWC_LOC_ZIP,39,TEXT,YES,ZIP,GEO,False,True,place,10000,9273,753,"['23502', '24382', '22408', '23837', '23237']",False,
LIBRARY_RAW,LANDING,FED_CMS_MEDICARE_DURABLE_MEDICAL_EQUIPMENT_DEVICES_SUPPLIES_BY_REFER,RFRG_PRVDR_ZIP5,12,TEXT,YES,ZIP,GEO,False,True,place,381228,381224,16594,"['40212', '02914', '60077', '48312', '02649']",True,landing
LIBRARY_RAW,LANDING,PORTAL_ARC_OPEN_DATA_DC_E28C8C471A,NPDES_ID,5,TEXT,YES,NPDES_ID,STEEL,False,True,facility,83,83,66,"['DCR053018', 'DCR050001', 'DCR05J011', 'DCR053020', 'DCR053010']",True,sample
LIBRARY_RAW,LANDING,PORTAL_SOC_CONNECTICUT_OPEN_9A34CD28AE,CCN,4,TEXT,YES,CCN,STEEL,False,True,facility,2000,2000,30,"['073300', '070016', '070028', '072003', '070002']",True,sample
LIBRARY_RAW,LANDING,PORTAL_SOC_TEXAS_OPEN_DATA_EADC02D661,INSURED_EMPLOYER_ZIP,6,TEXT,YES,ZIP,GEO,False,True,place,1990,1989,605,"['79721', '79423', '77477', '77904', '75156']",False,
LIBRARY_RAW,LANDING,FED_USASPENDING_BULK,PRIME_AWARD_TRANSACTION_PLACE_OF_PERFORMANCE_COUNTY_FIPS_CODE,77,TEXT,YES,FIPS,GEO,False,True,place,50000,44227,1274,"['06079', '24005', '48439', '53059', '04009']",True,landing
LIBRARY_RAW,LANDING,FED_EPA_ECHO,FAC_ZIP,6,TEXT,YES,ZIP,GEO,False,True,place,3157891,2784386,42913,"['84107', '45201', '10016', '90301', '70403']",True,landing
LIBRARY_RAW,LANDING,PORTAL_ARC_TUCSON_OPEN_DATA_7044E0923D,ZIP,40,TEXT,YES,ZIP,GEO,False,True,place,13,13,2,"['85726', '00000']",False,
LIBRARY_RAW,LANDING,PORTAL_ARC_HARRIS_COUNTY_OP_32D5FF05CA,IN_COUNTRY,69,TEXT,YES,COUNTRY,GEO,False,True,place,100,0,0,[' '],False,
LIBRARY_RAW,LANDING,PORTAL_ARC_KENTUCKY_OPEN_GI_2A1893FE0B,COUNTY_FIPS,18,TEXT,YES,FIPS,GEO,False,True,place,2000,2000,116,"['081', '015', '203', '061', '167']",False,
LIBRARY_RAW,LANDING,PORTAL_SOC_NEW_YORK_STATE_O_0C94DD2B8A,ZIP_OF_FACILITY,7,TEXT,YES,ZIP,GEO,False,True,place,1999,1999,710,"['11706', '12814', '10309', '12827', '12068']",True,sample
LIBRARY_RAW,LANDING,PORTAL_ARC_LA_COUNTY_OPEN_D_58A85AED74,ZIP_CODE,8,TEXT,YES,ZIP,GEO,False,True,place,2,1,1,"['91505-4809', '0']",False,
LIBRARY_RAW,LANDING,PORTAL_ARC_TUCSON_OPEN_DATA_AD408FDF6D,ZIP,40,TEXT,YES,ZIP,GEO,False,True,place,2000,1999,318,"['92647', '85713', '85740', '85741', '85701']",False,
LIBRARY_RAW,LANDING,FED_CDC_INJURY_VIOLENCE_COUNTY,GEOID,1,TEXT,YES,FIPS,GEO,False,True,place,132000,132000,3144,"['27141', '19141', '25021', '21151', '56039']",False,
LIBRARY_RAW,LANDING,PORTAL_SOC_OPEN_DATA_BR_21BB19A94A,ZIP,4,TEXT,YES,ZIP,GEO,False,True,place,2000,2000,24,"['70808', '70805', '70815', '70811', '70806']",False,
LIBRARY_RAW,LANDING,PORTAL_ARC_TUCSON_OPEN_DATA_DB600D27AE,SITE_ZIP,53,TEXT,YES,ZIP,GEO,False,True,place,2000,1438,9,"['', '85637', '85653', '85641', '85629']",False,
LIBRARY_RAW,LANDING,FED_CMS_RURAL_HEALTH_CLINIC_ENROLLMENTS,NPI,5,TEXT,YES,NPI,STEEL,True,True,provider,5530,5530,5320,"['1396773180', '1336187277', '1528072527', '1700856630', '1720186265']",True,landing
LIBRARY_RAW,LANDING,PORTAL_ARC_ORANGE_COUNTY_OP_41E4E2185F,ZIP,10,TEXT,YES,ZIP,GEO,False,True,place,66,66,16,"['92887', '92804', '92821', '92708', '92880']",False,
LIBRARY_RAW,LANDING,FED_USASPENDING_BULK,RECIPIENT_UEI,49,TEXT,YES,UEI,STEEL,False,True,organization,50000,50000,10216,"['UZMNKG2APNV2', 'MD59JF9UJM48', 'KFMJVLKNLZ75', 'PGCEFT5KLJG9', 'R5KXGA7V9AL8']",True,landing
LIBRARY_RAW,LANDING,PORTAL_ARC_HARRIS_COUNTY_OP_CB850CC4B0,COUNTRY,31,TEXT,YES,COUNTRY,GEO,False,True,place,356,65,1,"['USA', '', ' ']",False,
LIBRARY_RAW,LANDING,PORTAL_ARC_TUCSON_OPEN_DATA_BADE778B92,SITE_ZIP,53,TEXT,YES,ZIP,GEO,False,True,place,2000,1610,20,"['85701', '85711', '85719', '', '85713']",False,
LIBRARY_RAW,LANDING,PORTAL_ARC_ATLANTA_DATAATLA_CC5FA4CA01,ZIP,7,TEXT,YES,ZIP,GEO,False,True,place,390,390,16,"['30331', '39901', '30303', '30318', '30311']",False,
LIBRARY_RAW,LANDING,PORTAL_SOC_UTAH_OPEN_DATA_P_17CB6B615F,ZIP,6,TEXT,YES,ZIP,GEO,False,True,place,5000,5000,240,"['84115-4451', '84107-3080', '84757-0621', '84511-3743', '84107-6076']",True,sample
LIBRARY_RAW,LANDING,PORTAL_ARC_ATLANTA_DATAATLA_D8DF9588A6,DOCKET_NO,4,TEXT,YES,DOCKET,STRONG,False,True,case,15,15,15,"['Z-07-016', 'Z-09-031', 'Z-06-012', 'Z-17-083', 'Z-18-034']",False,
LIBRARY_RAW,LANDING,FED_USASPENDING_CONTRACTS_FULL,recipient_parent_duns,56,TEXT,YES,DUNS,STEEL,False,True,organization,20000000,13331066,332662,"['964409007', '024234004', '099561557', '071050330', '690550868']",True,landing
LIBRARY_RAW,LANDING,PORTAL_ARC_TUCSON_OPEN_DATA_95246841CB,COUNTRY,50,TEXT,YES,COUNTRY,GEO,False,True,place,189,0,0,[''],False,
LIBRARY_RAW,LANDING,FED_EPA_SDWA_SDWA_PUB_WATER_SYSTEMS,COUNTRY_CODE,40,TEXT,YES,COUNTRY,GEO,False,True,place,434040,424726,3,"['CA', 'US', 'SW']",True,landing
LIBRARY_RAW,LANDING,FED_CMS_AMBULATORY_SPECIALTY_MODEL_PARTICIPANTS,NPI,1,TEXT,YES,NPI,STEEL,True,True,provider,6637,6637,6510,"['1043244122', '1053305573', '1043638794', '1093093429', '1003839093']",True,landing
LIBRARY_RAW,LANDING,FED_HHS_TAGGS,RECIPIENT_ZIP,14,TEXT,YES,ZIP,GEO,False,True,place,45,0,0,[''],False,
LIBRARY_RAW,LANDING,PORTAL_ARC_TUCSON_OPEN_DATA_5B985CBFB5,ZIP,40,TEXT,YES,ZIP,GEO,False,True,place,2000,1999,327,"['95687', '06106', '21030', '85714', '85203']",False,
LIBRARY_RAW,LANDING,PORTAL_ARC_ORANGE_COUNTY_OP_DD64A3F2B8,ZIP,7,TEXT,YES,ZIP,GEO,False,True,place,31,31,12,"['92627', '92655', '92661', '92862', '90720']",False,
LIBRARY_RAW,LANDING,FED_ATF_FFL,USER_PREMISE_ZIP_CODE,85,TEXT,YES,ZIP,GEO,False,True,place,77514,74181,17774,"['10119683', '986', '1360', '602', '603']",False,
LIBRARY_RAW,LANDING,FED_USASPENDING_ASSISTANCE_FULL,prime_award_transaction_recipient_state_fips_code,59,TEXT,YES,FIPS,GEO,False,True,place,19902879,19794014,56,"['39', '78', '15', '46', '51']",True,landing
LIBRARY_RAW,LANDING,PORTAL_ARC_OPEN_DATA_DC_59913164D2,BSTP_SWK_HAS_CCN,35,TEXT,YES,CCN,STEEL,False,True,facility,2000,0,0,"['N', 'U', 'Y', 'E']",False,
LIBRARY_RAW,RETIRED,FED_IRS_990_EFILER_INDEX_2023,EIN,3,TEXT,YES,EIN,STEEL,False,True,organization,500000,500000,463122,"['882481093', '301232511', '621696730', '061319840', '942833431']",False,
LIBRARY_RAW,LANDING,PORTAL_SOC_NEW_YORK_STATE_O_49CD8C5B65,PATENT_TITLE,5,TEXT,YES,PATENT,STEEL,False,True,asset,161,161,135,"['Purified Human Prostate Antigen', 'A Method for Inducing Apoptosis of Primary Central Nervous System B Cell Lymphomas', 'Method for Prophylaxis and/or Treatment  of ErbB2 Positive Cancers', 'Survivin Peptides as Cancer Vaccines', 'Compositions and Methods for Inhibiting Hypoxia Induced Damage']",False,
LIBRARY_RAW,LANDING,PORTAL_ARC_WISCONSIN_OPEN_D_5206358BDD,STATE_FIPS,15,TEXT,YES,FIPS,GEO,False,True,place,604,604,4,"['17', '19', '27', '26']",False,
LIBRARY_RAW,LANDING,PORTAL_ARC_TUCSON_OPEN_DATA_28F95EBB76,POSTAL_CODE,51,TEXT,YES,ZIP,GEO,False,True,place,23,8,1,"['nan', '85726-7210']",False,
LIBRARY_RAW,LANDING,PORTAL_ARC_HARRIS_COUNTY_OP_EDE1E11F9D,ZIP,8,TEXT,YES,ZIP,GEO,False,True,place,386,386,38,"['77090', '77449', '77056', '77079', '77036']",False,
LIBRARY_RAW,LANDING,PORTAL_CKA_HOUSTON_OPEN_DAT_5B1522DD22,PAYEE_ZIP,6,TEXT,YES,ZIP,GEO,False,True,place,10000,9996,552,"['77042', '77035', '77072', '77058', '77074']",False,
LIBRARY_RAW,LANDING,PORTAL_ARC_NEW_MEXICO_OPEN_7DE8F482F1,ZIP,19,TEXT,YES,ZIP,GEO,False,True,place,1062,314,6,"['nan', '79171', '87102', 'NOT AVAILABLE', '86504']",False,
LIBRARY_RAW,LANDING,PORTAL_SOC_COLORADO_INFORMA_239FBA8B76,EIN,4,TEXT,YES,EIN,STEEL,False,True,organization,2000,2000,1161,"['742385850', '540907624', '840523558', '710971044', '841227157']",True,sample
LIBRARY_RAW,LANDING,PORTAL_ARC_ATLANTA_DATAATLA_7D3C4A9739,ZIP,7,TEXT,YES,ZIP,GEO,False,True,place,57,57,27,"['30004', '30337', '30331', '30324', '30305']",False,
LIBRARY_RAW,LANDING,PORTAL_ARC_TUCSON_OPEN_DATA_7468CF46DB,COUNTRY,50,TEXT,YES,COUNTRY,GEO,False,True,place,6,0,0,[''],False,
LIBRARY_RAW,LANDING,FED_USASPENDING_BULK,RECIPIENT_PARENT_DUNS,56,TEXT,YES,DUNS,STEEL,False,True,organization,50000,0,0,[''],True,landing
LIBRARY_RAW,LANDING,INTL_UN_SC_CONSOLIDATED_SANCTIONS,ENTITY_ADDRESS_ZIP_CODE,59,TEXT,YES,ZIP,GEO,False,True,place,1011,3,3,"['Chaman, Baluchistan Province', '60455; 60455', '11191', '96960', '25300']",False,
LIBRARY_RAW,LANDING,PORTAL_CKA_WPRDC_ALLEGHENY_C12AC76E17,ZIP,9,TEXT,YES,ZIP,GEO,False,True,place,54,54,39,"['15208', '15101', '15136', '15215', '15104']",False,
LIBRARY_RAW,LANDING,PORTAL_ARC_TUCSON_OPEN_DATA_DB600D27AE,POSTAL_CODE,51,TEXT,YES,ZIP,GEO,False,True,place,2000,1998,303,"['85321-2230', '85321-1714', '85321-2227', '85321-9656', '00000-0000']",False,
LIBRARY_RAW,PUBLIC,FOREIGN_AGENT_REGISTRATIONS,ZIP,15,TEXT,YES,ZIP,GEO,False,True,place,48104,10821,1298,"['10018', '', '20007-3841', '20001', '20006']",False,
LIBRARY_RAW,LANDING,PORTAL_SOC_UTAH_OPEN_DATA_P_F87FB2BFB7,PLAN_ADMIN_ZIP_CODE,8,TEXT,YES,ZIP,GEO,False,True,place,25,23,22,"['84116-3725', '84075-9013', '84102-1021', '84720-2639', '84010- ']",True,sample
LIBRARY_RAW,LANDING,PORTAL_ARC_TUCSON_OPEN_DATA_28F95EBB76,DOCKET,36,TEXT,YES,DOCKET,STRONG,False,True,case,23,23,16,"['7836', '9005', '11342', '3586', '2683']",False,
LIBRARY_RAW,LANDING,FED_EIA860_2_PLANT,FERC_EXEMPT_WHOLESALE_GENERATOR_DOCKET_NUMBER,25,TEXT,YES,DOCKET,STRONG,False,True,case,16132,1520,1193,"['99-109-000', '98-93-000, 07-23-000', '98-69-000', '98-4301-000', '99-224-000']",False,
LIBRARY_RAW,LANDING,PORTAL_ARC_TUCSON_OPEN_DATA_CDFFE1002A,COUNTRY,50,TEXT,YES,COUNTRY,GEO,False,True,place,43,0,0,[''],False,
LIBRARY_RAW,LANDING,FED_NTSB_AVIATION_AIRCRAFT,OPER_COUNTRY,48,TEXT,YES,COUNTRY,GEO,False,True,place,31503,31503,149,"['MA', 'CA ', 'USA', 'DE', 'BR ']",False,
LIBRARY_RAW,LANDING,XC_VERA_INCARCERATION_TRENDS,COUNTY_FIPS,2,TEXT,YES,FIPS,GEO,False,True,place,128507,128507,3075,"['01011', '01005', '01051', '01097', '01127']",False,
LIBRARY_RAW,LANDING,FED_CMS_NPPES,NPI_DEACTIVATION_REASON_CODE,39,TEXT,YES,NPI,STEEL,False,True,provider,9606683,0,0,[''],True,landing
LIBRARY_RAW,RETIRED,FED_CMS_OPEN_PAYMENTS_GNRL,Teaching_Hospital_CCN,3,TEXT,YES,CCN,STEEL,False,True,facility,15397627,34374,1251,"['140186', '', '050454', '454076', '170182']",False,
LIBRARY_RAW,LANDING,PORTAL_CKA_VIRGINIA_OPEN_DA_CBC7FE8B75,INCIDENT_FIPS,3,TEXT,YES,FIPS,GEO,False,True,place,10000,10000,134,"['51179', '51093', '51003', '51185', '51520']",False,
LIBRARY_RAW,LANDING,PORTAL_ARC_LA_COUNTY_OPEN_D_6F0FCB8A75,ZIP,8,TEXT,YES,ZIP,GEO,False,True,place,411,411,218,"['90731', '90277', '91342', '90049', '91766']",False,
LIBRARY_RAW,LANDING,PORTAL_ARC_HARRIS_COUNTY_OP_3304C540B7,ZIP_CODE_1,83,TEXT,YES,ZIP,GEO,False,True,place,645,0,0,['<Null>'],False,
LIBRARY_RAW,LANDING,PORTAL_ARC_HARRIS_COUNTY_OP_CBD49C80E4,ZIP,9,TEXT,YES,ZIP,GEO,False,True,place,513,0,0,"['77521.0', '77006.0', '77088.0', '77433.0', '77089.0']",True,sample
LIBRARY_RAW,LANDING,FED_EPA_ECHO,FAC_INDIAN_CNTRY_FLG,10,TEXT,YES,COUNTRY,GEO,False,True,place,3157891,3157891,2,"['N', 'Y']",True,landing
LIBRARY_RAW,LANDING,FED_CMS_HOSPITAL_ENROLLMENTS,CCN,7,TEXT,YES,CCN,STEEL,True,True,facility,9175,5966,5966,"['160124', '510001', '470003', '230105', '452038']",True,landing
LIBRARY_RAW,LANDING,PORTAL_ARC_TUCSON_OPEN_DATA_A937D836B3,ZIP,40,TEXT,YES,ZIP,GEO,False,True,place,2000,1996,175,"['85712', '85745', '85741', '85726', '92652']",False,
LIBRARY_RAW,LANDING,FED_CMS_OPEN_PAYMENTS,CCN,3,TEXT,YES,CCN,STEEL,False,True,facility,15385047,34391,1251,"['100080', '070025', '050390', '100017', '']",True,landing
LIBRARY_RAW,LANDING,PORTAL_ARC_HARRIS_COUNTY_OP_D044517CB3,COUNTRY,66,TEXT,YES,COUNTRY,GEO,False,True,place,712,651,3,"['nan', 'USA', '<Null>', '']",False,
LIBRARY_RAW,LANDING,FED_CMS_LTCH,CCN,1,TEXT,YES,CCN,STEEL,True,True,facility,311,311,311,"['012012', '102010', '292009', '342018', '252006']",True,landing
LIBRARY_RAW,LANDING,FED_DHS_YEARBOOK,COUNTRY_OF_BIRTH,2,TEXT,YES,COUNTRY,GEO,False,True,place,27,0,0,[''],False,
LIBRARY_RAW,LANDING,FED_HUD_DATA,ZIP,5,TEXT,YES,ZIP,GEO,False,True,place,77,0,0,[''],False,
LIBRARY_RAW,LANDING,PORTAL_ARC_ATLANTA_DATAATLA_A9FA6B1C3C,ZIP,7,TEXT,YES,ZIP,GEO,False,True,place,35,35,8,"['30318', '30310', '30315', '30311', '30303']",False,
LIBRARY_RAW,LANDING,PORTAL_ARC_TUCSON_OPEN_DATA_B8BE43CF1C,SITE_ZIP,53,TEXT,YES,ZIP,GEO,False,True,place,2000,1775,1,"['', '85705']",False,
LIBRARY_RAW,LANDING,FED_PHMSA_FLAGGED_INCIDENTS,OPERATOR_POSTAL_CODE,11,TEXT,YES,ZIP,GEO,False,True,place,2039,2036,125,"['77046', '15317', '90013', '49201', '77380']",False,
LIBRARY_RAW,LANDING,PORTAL_ARC_TUCSON_OPEN_DATA_289E71C579,SITE_ZIP,44,TEXT,YES,ZIP,GEO,False,True,place,2000,1956,1,"['', '85741']",False,
LIBRARY_RAW,LANDING,PORTAL_SOC_OREGON_OPEN_DATA_DC4AEE7DB0,MAIL_ZIP_4,27,TEXT,YES,ZIP,GEO,False,True,place,2000,0,0,"['1690', '2301', '1071', '3998', '9328']",False,
LIBRARY_RAW,LANDING,FED_SEC_DERA_SUB_2026Q1,CIK,2,TEXT,YES,CIK,STEEL,True,True,organization,6169,6169,5750,"['701719', '1405513', '1845097', '14693', '19871']",True,landing
LIBRARY_RAW,LANDING,PORTAL_ARC_TUCSON_OPEN_DATA_4FB5EA68FC,ZIP,40,TEXT,YES,ZIP,GEO,False,True,place,2000,2000,136,"['85701', '85704', '85742', '85743', '85621']",False,
LIBRARY_RAW,LANDING,PORTAL_SOC_PA_OPEN_DATA_POR_5A9F04BB9C,COUNTRY,112,TEXT,YES,COUNTRY,GEO,False,True,place,1712,1712,2,"['US', 'nan']",False,
LIBRARY_RAW,LANDING,PORTAL_ARC_TUCSON_OPEN_DATA_1E628CD572,ZIP,7,TEXT,YES,ZIP,GEO,False,True,place,71,69,8,"['85716', '85714', '85713', '85711', '85719']",False,
LIBRARY_RAW,LANDING,PORTAL_SOC_TEXAS_OPEN_DATA_354E3ABF4F,SITE_ZIP_CD,11,TEXT,YES,ZIP,GEO,False,True,place,2000,1956,737,"['75062', '78666', '75042', '75074', '78380']",False,
LIBRARY_RAW,LANDING,PORTAL_ARC_HARRIS_COUNTY_OP_D044517CB3,ZIP_CODE,17,TEXT,YES,ZIP,GEO,False,True,place,712,0,0,"['77036.0', '77063.0', '77027.0', '77074.0', 'nan']",False,
LIBRARY_RAW,LANDING,FED_IRS_PUB78_ELIGIBLE_DONEES,COUNTRY,5,TEXT,YES,COUNTRY,GEO,False,True,place,1435544,1435544,105,"['CANADA', 'ROMANIA', 'JAPAN', 'United States', 'SOUTH AFRICA']",True,landing
LIBRARY_RAW,LANDING,PORTAL_ARC_ATLANTA_DATAATLA_79E3C7BD36,COUNTRY,16,TEXT,YES,COUNTRY,GEO,False,True,place,209,209,1,['USA'],False,
LIBRARY_RAW,LANDING,PORTAL_ARC_LA_COUNTY_OPEN_D_2E79EB67C8,GEOID,24,TEXT,YES,FIPS,GEO,False,True,place,2000,2000,407,"['06037540901', '06037602506', '06037603101', '06037603600', '06037237101']",False,
LIBRARY_RAW,LANDING,FED_EPA_ECHO,FAC_DERIVED_STCTY_FIPS,24,TEXT,YES,FIPS,GEO,False,True,place,3157891,2539755,3229,"['24033', '54069', '06019', '37035', '06085']",True,landing
LIBRARY_RAW,LANDING,PORTAL_ARC_TUCSON_OPEN_DATA_63C0193FF1,DOCKET,36,TEXT,YES,DOCKET,STRONG,False,True,case,18,18,13,"['311', '3921', '11001', '6760', '5773']",False,
LIBRARY_RAW,LANDING,FED_COURTLISTENER_DOCKETS,PARENT_DOCKET_ID,52,TEXT,YES,DOCKET,STRONG,False,True,case,71677647,0,0,[],True,landing
LIBRARY_RAW,LANDING,INTL_GLEIF_REPEX,LEI,1,TEXT,YES,LEI,STEEL,True,True,organization,6313372,6313372,3169671,"['254900V8LWU0YQACF324', '254900V7QEEFH97R2988', '254900V89CIFZH5QEF04', '254900V8OO3NPSOV2T84', '254900V87S3XJKEJUX10']",True,landing
LIBRARY_RAW,LANDING,PORTAL_ARC_HARRIS_COUNTY_OP_5AB72D4A23,CCN_Y,75,TEXT,YES,CCN,STEEL,False,True,facility,526,0,0,"['9.939136587761925e+19', '3.450924439141028e+18', '6.926782827969358e+18', '3.139683343124396e+19', 'nan']",True,sample
LIBRARY_RAW,LANDING,FED_IRS_990,EIN,1,TEXT,YES,EIN,STEEL,True,True,organization,200,200,200,"['751607070', '841352694', '852049371', '363309888', '770297144']",True,landing
LIBRARY_RAW,LANDING,FED_NOAA_STORM_EVENTS,STATE_FIPS,10,TEXT,YES,FIPS,GEO,False,True,place,1780730,1780729,69,"['6', '17', '13', '38', '48']",False,
LIBRARY_RAW,LANDING,PORTAL_SOC_UTAH_OPEN_DATA_P_5EF68422FF,COUNTRY_OF_PRODUCT_OR_SERVICE_1,219,TEXT,YES,COUNTRY,GEO,False,True,place,2000,2000,4,"['nan', 'CANADA', 'AUSTRALIA', 'UNITED STATES']",True,sample
LIBRARY_RAW,LANDING,PORTAL_CKA_VIRGINIA_OPEN_DA_039AACD655,COUNTRY,15,TEXT,YES,COUNTRY,GEO,False,True,place,10000,10000,1,['US'],False,
LIBRARY_RAW,LANDING,FED_CMS_MAIN,NPI,8,TEXT,YES,NPI,STEEL,False,True,provider,158,0,0,[''],False,
LIBRARY_RAW,LANDING,PORTAL_CKA_WESTERN_PENNSYLV_11AEBE4994,GEOID,1,TEXT,YES,FIPS,GEO,False,True,place,2103,2103,2103,"['420030103003', '420030903001', '420032022002', '420030103001', '420030103004']",False,
LIBRARY_RAW,LANDING,PORTAL_ARC_HARRIS_COUNTY_OP_4E0F396A33,CCN,73,TEXT,YES,CCN,STEEL,False,True,facility,755,0,0,"['452709.0', '452537.0', '452772.0', '452862.0', '672756.0']",False,
LIBRARY_RAW,LANDING,PORTAL_SOC_DELAWARE_OPEN_DA_98A9EE0BC7,DUNS_NUM,11,TEXT,YES,DUNS,STEEL,False,True,organization,1025,508,391,"['125108732', 'nan', '117282340', '79823797', '78704916']",False,
LIBRARY_RAW,LANDING,PORTAL_ARC_TUCSON_OPEN_DATA_289E71C579,DOCKET,9,TEXT,YES,DOCKET,STRONG,False,True,case,2000,0,0,[''],False,
LIBRARY_RAW,LANDING,FED_EPA_NPDES_NPDES_INSPECTIONS,NPDES_ID,2,TEXT,YES,NPDES_ID,STEEL,True,True,facility,1900067,1900067,286752,"['ND0022519', 'NC0044725', 'PAD210017', 'COR03S428', 'KYR10L826']",True,landing
LIBRARY_RAW,LANDING,PORTAL_ARC_LA_COUNTY_OPEN_D_92CD102DA7,NPI,5,TEXT,YES,NPI,STEEL,False,True,provider,777,0,0,"['1144375056.0', '1790796944.0', '1811080526.0', '1932273810.0', '1841207750.0']",False,
LIBRARY_RAW,LANDING,PORTAL_ARC_OPEN_DATA_DC_D8E55D5B7F,CCN_REV,2,TEXT,YES,CCN,STEEL,False,True,facility,133,0,0,"['12109182', '14007358', '13035501', '13065228', '15165072']",False,
LIBRARY_RAW,LANDING,PORTAL_ARC_HARRIS_COUNTY_OP_D354D2D6E2,ZIP_CODE_1,83,TEXT,YES,ZIP,GEO,False,True,place,257,0,0,['<Null>'],False,
LIBRARY_RAW,LANDING,FED_CMS_OPEN_PAYMENTS_2022,RECIPIENT_ZIP_CODE,16,TEXT,YES,ZIP,GEO,False,True,place,13306564,13306035,20956,"['27511-5562', '77094-1385', '07050-3609', '21204-2065', '07083-5613']",True,landing
LIBRARY_RAW,LANDING,PORTAL_ARC_HARRIS_COUNTY_OP_2718B3279A,USER_ZIP,81,TEXT,YES,ZIP,GEO,False,True,place,77,77,35,"['77015', '77375', '77072', '77389', '77030']",False,
LIBRARY_RAW,LANDING,FED_MAPPING_INEQUALITY,FIPS,4,TEXT,YES,FIPS,GEO,False,True,place,10154,0,0,[''],False,
LIBRARY_RAW,LANDING,PORTAL_CKA_ISRAEL_NATIONAL_8649911221,ZIP,7,TEXT,YES,ZIP,GEO,False,True,place,7181,2252,1118,"['37920', '4423142', '47231', '4502004', '7684200']",False,
LIBRARY_RAW,LANDING,PORTAL_ARC_OPEN_DATA_MINNEA_5381AC03F1,ZIP,57,TEXT,YES,ZIP,GEO,False,True,place,2000,1964,380,"['55401', '55044', '55408', '55432', '33054']",False,
LIBRARY_RAW,LANDING,FED_HRSA_SHORTAGE_AREAS,STATE_FIPS_CODE,60,TEXT,YES,FIPS,GEO,False,True,place,165531,165531,60,"['55', '66', '60', '64', '68']",False,
LIBRARY_RAW,LANDING,PORTAL_SOC_COLORADO_INFORMA_6367A44C92,EIN,4,TEXT,YES,EIN,STEEL,False,True,organization,1989,1989,1075,"['742321009', '841305294', '251298611', '841141786', '841433591']",True,sample
LIBRARY_RAW,LANDING,ST_NYC_CFB_CAMPAIGN_2013_CONTRIBUTION,ZIP,22,TEXT,YES,ZIP,GEO,False,True,place,197968,187664,3831,"['10065', '10019', '10458', '11746', '10023']",False,
LIBRARY_RAW,LANDING,FED_DEA_ARCOS_FULL,REPORTER_ZIP,9,TEXT,YES,ZIP,GEO,False,True,place,178598026,166040919,449,"['726', '44256', '90670', '20785', '60527']",True,landing
LIBRARY_RAW,LANDING,PORTAL_CKA_WESTERN_PENNSYLV_2DFC1ADDEA,INCIDENT_ZIP,17,TEXT,YES,ZIP,GEO,False,True,place,7723,7479,390,"['15227', '15213', '15024', '15239', '15222']",False,
LIBRARY_RAW,LANDING,PORTAL_ARC_TUCSON_OPEN_DATA_8E55E53D8D,POSTAL_CODE,75,TEXT,YES,ZIP,GEO,False,True,place,2000,1999,210,"['85745-7011', '85745-8900', '95501-0305', '85745-9794', '85745-7003']",False,
LIBRARY_RAW,LANDING,PORTAL_ARC_TUCSON_OPEN_DATA_89DF24D316,POSTAL_CODE,52,TEXT,YES,ZIP,GEO,False,True,place,2000,1996,147,"['85705-4616', '85716-5016', '85705-4639', '85705-0000', '85705-4545']",False,
LIBRARY_RAW,LANDING,PORTAL_ARC_HARRIS_COUNTY_OP_D9A3089ED0,ZIP,7,TEXT,YES,ZIP,GEO,False,True,place,125,125,40,"['77058', '77062', '77581', '77546', '77022']",False,
LIBRARY_RAW,LANDING,FED_FEC_BULK_COMMITTEES,FEC_CMTE_ID,1,TEXT,YES,FEC_CMTE_ID,STEEL,True,True,organization,20007,20007,20007,"['C00004036', 'C00004275', 'C00022988', 'C00008078', 'C00013748']",True,landing
LIBRARY_RAW,LANDING,PORTAL_SOC_SANTA_CLARA_COUN_487FCD1FAB,DOCKET,3,TEXT,YES,DOCKET,STRONG,False,True,case,8,8,8,"['C2500183', 'C2400832', 'C2515372', '213515', 'C2205609']",False,
LIBRARY_RAW,LANDING,XC_RETRACTION_WATCH_DATABASE,COUNTRY,7,TEXT,YES,COUNTRY,GEO,False,True,place,71608,71388,3594,"['India', 'Pakistan;United States', 'China;United States', 'China;Malaysia', 'China']",False,
LIBRARY_RAW,LANDING,PORTAL_SOC_UTAH_OPEN_DATA_P_103F7D641F,RECIPIENT_COUNTRY_CODE,22,TEXT,YES,COUNTRY,GEO,False,True,place,2000,2000,2,"['USA', 'nan']",True,sample
LIBRARY_RAW,LANDING,PORTAL_ARC_TUCSON_OPEN_DATA_A0293B412C,DOCKET,36,TEXT,YES,DOCKET,STRONG,False,True,case,144,144,52,"['0', '5313', '1156', '11907', '9848']",False,
LIBRARY_RAW,LANDING,FED_COURTLISTENER_POSITIONS,PERSON_ID,35,TEXT,YES,CL_PERSON_ID,STEEL,True,True,person,51290,51290,15613,"['81', '64', '99', '66', '65']",True,landing
LIBRARY_RAW,LANDING,IRS527_DIRECTORS_OFFICERS,EIN,4,TEXT,YES,EIN,STEEL,True,True,organization,189593,189592,58881,"['912121950', '113601603', '621854046', '954857244', '912082049']",True,landing
LIBRARY_RAW,LANDING,FED_CMS_NPPES,NPI_REACTIVATION_DATE,41,TEXT,YES,NPI,STEEL,False,True,provider,9606683,18426,3060,"['04/06/2006', '05/24/2005', '04/03/2006', '11/07/2019', '04/05/2006']",True,landing
LIBRARY_RAW,LANDING,PORTAL_SOC_MARYLAND_OPEN_DA_7CE817C5CE,FACILITY_ZIP,8,TEXT,YES,ZIP,GEO,False,True,place,64,64,53,"['21401', '20706', '21014', '20912', '20744']",True,sample
LIBRARY_RAW,LANDING,PORTAL_SOC_TEXAS_OPEN_DATA_B4FDC1DC58,ZIP_CODE,7,TEXT,YES,ZIP,GEO,False,True,place,2000,1996,555,"['78724', '77840', '75062', '75028', '75067']",False,
LIBRARY_RAW,LANDING,FED_EPA_NPDES_NPDES_PS_VIOLATIONS,NPDES_ID,1,TEXT,YES,NPDES_ID,STEEL,True,True,facility,397615,397615,44872,"['IN0000035', 'IN0025232', 'AKG371057', 'IN0042196', 'MA0100978']",True,landing
LIBRARY_RAW,LANDING,PORTAL_ARC_TUCSON_OPEN_DATA_44F7648869,COUNTRY,50,TEXT,YES,COUNTRY,GEO,False,True,place,2000,2000,2,"['CANADA', 'nan']",False,
LIBRARY_RAW,LANDING,PORTAL_ARC_HARRIS_COUNTY_OP_4E0F396A33,COUNTRY,48,TEXT,YES,COUNTRY,GEO,False,True,place,755,753,1,"['', 'USA']",False,
LIBRARY_RAW,LANDING,FED_CMS_MEDICARE_OUTPATIENT_HOSPITALS_BY_PROVIDER_AND_SERVICE,RNDRNG_PRVDR_ZIP5,7,TEXT,YES,ZIP,GEO,False,True,place,116182,116182,2811,"['35957', '36301', '36049', '35630', '36467']",True,landing
LIBRARY_RAW,LANDING,PORTAL_SOC_UTAH_OPEN_DATA_P_62BB6C079E,REFERRING_PROVIDER_ZIP,11,TEXT,YES,ZIP,GEO,False,True,place,2000,2000,94,"['843218504', '847011857', '846488900', '846043380', '841078100']",True,sample
LIBRARY_RAW,LANDING,PORTAL_ARC_LA_COUNTY_OPEN_D_E68DDAB268,ZIP,8,TEXT,YES,ZIP,GEO,False,True,place,167,167,21,"['90021', '90022', '90011', '90731', '90002']",False,
LIBRARY_RAW,LANDING,PORTAL_ARC_TUCSON_OPEN_DATA_D4FFB81E01,SITE_ZIP,53,TEXT,YES,ZIP,GEO,False,True,place,361,304,13,"['85705', '85716', '85719', '85712', '']",False,
LIBRARY_RAW,LANDING,FED_ICIJ_OFFSHORELEAKS_OTHERS,COUNTRY_CODES,10,TEXT,YES,COUNTRY,GEO,False,True,place,2989,386,63,"['IMN;GBR', '', 'BMU;IMN', 'CYM', 'IMN']",False,
LIBRARY_RAW,LANDING,PORTAL_ARC_HARRIS_COUNTY_OP_672C54ADB5,ZIP,7,TEXT,YES,ZIP,GEO,False,True,place,1574,1574,185,"['78954', '77338', '77079', '77590', '77379']",False,
LIBRARY_RAW,LANDING,PORTAL_ARC_TUCSON_OPEN_DATA_057C5355E3,COUNTRY,53,TEXT,YES,COUNTRY,GEO,False,True,place,2000,0,0,[''],False,
LIBRARY_RAW,LANDING,FED_COURTLISTENER_FJC_IDB_CL_LINKED,TRANSFER_DOCKET_NUMBER,25,TEXT,YES,DOCKET,STRONG,False,True,case,10323280,109021,84010,"['9400946', '9000239', '9301068', '9402194', '9402009']",False,
LIBRARY_RAW,LANDING,FED_FEC_INDIV_CONTRIBUTIONS,CMTE_ID,1,TEXT,YES,FEC_CMTE_ID,STEEL,True,True,organization,84172112,84172112,12291,"['C00839662', 'C00878454', 'C00813295', 'C00703975', 'C00843763']",True,landing
LIBRARY_RAW,LANDING,PORTAL_ARC_TUCSON_OPEN_DATA_65984ADFBA,COUNTRY,41,TEXT,YES,COUNTRY,GEO,False,True,place,2000,0,0,[''],False,
LIBRARY_RAW,LANDING,PORTAL_ARC_TUCSON_OPEN_DATA_0F83B7C628,ZIP,40,TEXT,YES,ZIP,GEO,False,True,place,142,142,33,"['85703', '85629', '00000', '85735', '98245']",False,
LIBRARY_RAW,LANDING,PORTAL_ARC_TUCSON_OPEN_DATA_80B28FB6D7,SITE_ZIP,53,TEXT,YES,ZIP,GEO,False,True,place,21,10,1,"['85706', '']",False,
LIBRARY_RAW,LANDING,PORTAL_SOC_NEW_YORK_STATE_O_7DD1C9CB24,DUNS_NUMBER,2,TEXT,YES,DUNS,STEEL,False,True,organization,743,733,461,"['07-108-8738', '10-132-2881', '94-777-1135', 'CDDRC: \n07-914-7587 LIHP: \n80-742-1701', '02-861-9588']",True,sample
LIBRARY_RAW,LANDING,PORTAL_CKA_ISRAEL_NATIONAL_C05E5881A0,ZIP_CODE,9,TEXT,YES,ZIP,GEO,False,True,place,25,2,1,"['1917000', '6091000', '5650035', '99708', '']",False,
LIBRARY_RAW,LANDING,PORTAL_ARC_NEW_MEXICO_OPEN_1B6C7F7FBD,COUNTRY,11,TEXT,YES,COUNTRY,GEO,False,True,place,32,32,1,['USA'],False,
LIBRARY_RAW,LANDING,FED_USASPENDING_ASSISTANCE_FULL,recipient_country_code,51,TEXT,YES,COUNTRY,GEO,False,True,place,19902879,17362521,240,"['RWA', 'MAR', 'CHE', 'CAN', 'USA']",True,landing
LIBRARY_RAW,RETIRED,FED_IRS_990_EFILER_INDEX_2022,EIN,3,TEXT,YES,EIN,STEEL,False,True,organization,500000,500000,461993,"['262729390', '815201389', '231872983', '680127450', '391807356']",False,
LIBRARY_RAW,LANDING,PORTAL_ARC_TN_DATA_TENNESSE_32A03713CF,ZIP_4,33,TEXT,YES,ZIP,GEO,False,True,place,2000,0,0,"['0.0', 'nan']",False,
LIBRARY_RAW,LANDING,FED_OSHA_ITA_300A_SUMMARY_2025,ZIP_CODE,9,TEXT,YES,ZIP,GEO,False,True,place,383283,383277,24638,"['41501', '12524', '49037', '39054', '77523']",True,landing
LIBRARY_RAW,LANDING,PORTAL_ARC_TUCSON_OPEN_DATA_32A72D9D1D,ZIP,7,TEXT,YES,ZIP,GEO,False,True,place,5,5,1,['85745'],False,
LIBRARY_RAW,LANDING,IRS527_8872_REPORTS,CONTACT_ZIP,31,TEXT,YES,ZIP,GEO,False,True,place,55579,55579,2865,"['77005', '88005', '23238', '94545', '20036']",True,landing
LIBRARY_RAW,LANDING,PORTAL_ARC_TUCSON_OPEN_DATA_7468CF46DB,ZIP,40,TEXT,YES,ZIP,GEO,False,True,place,6,6,1,['00000'],False,
LIBRARY_RAW,LANDING,PORTAL_CKA_WESTERN_PENNSYLV_645F59A90F,GEOID10,23,TEXT,YES,FIPS,GEO,False,True,place,361,360,359,"['420035627001', '420035620001', '420031403003', '420031916003', '420031408003']",False,
LIBRARY_RAW,LANDING,PORTAL_ARC_MEMPHIS_OPEN_DAT_D0AE25BC24,DOCKET,5,TEXT,YES,DOCKET,STRONG,False,True,case,1848,1848,1586,"['SUP 2002-212cc', 'SUP 2001-201cc', 'SUP 2016-023', 'SUP 2004-208', 'SUP 2010-213']",False,
LIBRARY_RAW,LANDING,PORTAL_CKA_OPEN_DATA_SA_6B3408D74F,ZIP_CODE,8,TEXT,YES,ZIP,GEO,False,True,place,9460,9460,2,"['78201', '78202']",False,
LIBRARY_RAW,LANDING,FED_SEC_DERA_SUB_2024Q3,EIN,20,TEXT,YES,EIN,STEEL,True,True,organization,6699,5188,4686,"['741753147', '220790350', '530257888', '610143150', '410417775']",True,landing
LIBRARY_RAW,LANDING,FED_SEC_DERA_SUB_2025Q3,EIN,20,TEXT,YES,EIN,STEEL,True,True,organization,6541,4938,4494,"['580869052', '820109423', '580401110', '941697231', '366169860']",True,landing
LIBRARY_RAW,LANDING,FED_IRS_EO_PR,ZIP,7,TEXT,YES,ZIP,GEO,False,True,place,2587,2587,165,"['00927-0000', '00650-9506', '00984-3869', '00936-4189', '00936-3631']",True,landing
LIBRARY_RAW,LANDING,FED_CMS_HOME_HEALTH_AGENCY_ENROLLMENTS,ZIP_CODE,20,TEXT,YES,ZIP,GEO,False,True,place,11508,11508,4489,"['067704111', '246149611', '755033596', '917894558', '844054103']",True,landing
LIBRARY_RAW,LANDING,PORTAL_ARC_TUCSON_OPEN_DATA_3A7E0821D1,ZIP,40,TEXT,YES,ZIP,GEO,False,True,place,61,61,2,"['00000', '85726']",False,
LIBRARY_RAW,LANDING,PORTAL_SOC_OPEN_DATA_BR_C110D5CF59,ZIP,4,TEXT,YES,ZIP,GEO,False,True,place,1468,1468,24,"['70816', '70801', '70802', '70814', '70808']",False,
LIBRARY_RAW,LANDING,PORTAL_ARC_ATLANTA_DATAATLA_E1F71F6EE6,ZIP,13,TEXT,YES,ZIP,GEO,False,True,place,544,540,25,"['30315', '30316', '30318', '30327', '30331']",False,
LIBRARY_RAW,LANDING,PORTAL_ARC_HARRIS_COUNTY_OP_1F4D98F329,ZIP_4_EXTENSION,18,TEXT,YES,ZIP,GEO,False,True,place,1143,0,0,"['nan', '3989', '5019', '3872', '0029']",False,
LIBRARY_RAW,LANDING,PORTAL_ARC_TUCSON_OPEN_DATA_7044E0923D,DOCKET,36,TEXT,YES,DOCKET,STRONG,False,True,case,13,13,9,"['4958', '107', '11090', 'nan', '10861']",False,
LIBRARY_RAW,LANDING,PORTAL_CKA_WPRDC_ALLEGHENY_12918A9A0A,GEOID,6,TEXT,YES,FIPS,GEO,False,True,place,394,394,394,"['42003110600', '42003446000', '42003457200', '42003480300', '42003458001']",False,
LIBRARY_RAW,LANDING,FED_COURTLISTENER_ORIGINATING_COURT_INFO,DOCKET_NUMBER,4,TEXT,YES,DOCKET,STRONG,False,True,case,973419,902366,736212,"['2:14-cv-15413', '108986', '10-17119', 'FMC-13-02', '906, September Term, 2005']",True,landing
LIBRARY_RAW,LANDING,PORTAL_ARC_HARRIS_COUNTY_OP_A2DAE85C30,COUNTRY,15,TEXT,YES,COUNTRY,GEO,False,True,place,38,38,1,['USA'],False,
LIBRARY_RAW,LANDING,UK_COMPANIES_HOUSE_PSC,ADDRESS_COUNTRY,16,TEXT,YES,COUNTRY,GEO,False,True,place,15804612,13356433,1099,"['Spain', 'Japan', 'Scotland', 'England', 'Wales']",True,landing
LIBRARY_RAW,LANDING,PORTAL_SOC_TEXAS_OPEN_DATA_A124DC2A11,DISTRICT_ZIP,13,TEXT,YES,ZIP,GEO,False,True,place,2000,2000,217,"['75839-9701', '76351-0926', '75801', '75832-0427', '75763-0428']",False,
LIBRARY_RAW,LANDING,FED_MEDSL_PRESIDENT_RETURNS,STATE_FIPS,4,TEXT,YES,FIPS,GEO,False,True,place,3740,3740,51,"['2', '4', '5', '6', '1']",False,
LIBRARY_RAW,LANDING,PORTAL_SOC_UTAH_OPEN_DATA_P_2F94947455,PATENT_NR,4,TEXT,YES,PATENT,STEEL,False,True,asset,2000,2000,519,"['1049055', 'ACQ 1/2 MIN', 'IL 111', '1197044', '1152722']",False,
LIBRARY_RAW,LANDING,PORTAL_ARC_WISCONSIN_OPEN_D_B2EFA24715,NPI_ID,27,TEXT,YES,NPI,STEEL,False,True,provider,14,0,0,"['nan', '<Null>']",False,
LIBRARY_RAW,LANDING,PORTAL_SOC_UTAH_OPEN_DATA_P_DCD75231F6,PROVIDER_CCN,1,TEXT,YES,CCN,STEEL,False,True,facility,61,61,60,"['462003', '464013', '461300', '464015', '464007']",True,sample
LIBRARY_RAW,LANDING,PORTAL_ARC_HARRIS_COUNTY_OP_F3D3A3AB57,COUNTRY,15,TEXT,YES,COUNTRY,GEO,False,True,place,125,125,2,"['US', 'USA']",False,
LIBRARY_RAW,LANDING,PORTAL_ARC_OPEN_DATA_DC_B1DAECCB1B,NPDES_ID,5,TEXT,YES,NPDES_ID,STEEL,False,True,facility,83,83,66,"['DC0000248', 'DCR05J00Y', 'DCR053042', 'DCR053010', 'DCR053035']",True,sample
LIBRARY_RAW,LANDING,FED_CMS_NPPES,NPI,1,TEXT,YES,NPI,STEEL,True,True,provider,9606683,9606683,9606683,"['1437152485', '1023011079', '1407859440', '1588667638', '1992708945']",True,landing
LIBRARY_RAW,LANDING,PORTAL_ARC_HARRIS_COUNTY_OP_6529979A2A,ZIP,7,TEXT,YES,ZIP,GEO,False,True,place,214,214,72,"['77498', '77514', '77058', '77090', '77072']",False,
LIBRARY_RAW,LANDING,PORTAL_ARC_HARRIS_COUNTY_OP_4F19F66C45,USER_ZIP,81,TEXT,YES,ZIP,GEO,False,True,place,56,56,49,"['79423', '78731', '77080', '77059', '76022']",False,
LIBRARY_RAW,LANDING,PORTAL_ARC_TUCSON_OPEN_DATA_080C2334EE,DOCKET,36,TEXT,YES,DOCKET,STRONG,False,True,case,17,17,13,"['11342', '9005', '7836', '3586', '2683']",False,
LIBRARY_RAW,LANDING,PORTAL_SOC_UTAH_OPEN_DATA_P_4AD0B626C8,ZIP,5,TEXT,YES,ZIP,GEO,False,True,place,5000,5000,199,"['84319', '84032', '84098', '847908562', '844019507']",False,
LIBRARY_RAW,LANDING,PORTAL_SOC_UTAH_OPEN_DATA_P_DCD75231F6,ZIP_CODE,6,TEXT,YES,ZIP,GEO,False,True,place,61,61,51,"['84087', '84103', '84751', '84047', '84631']",True,sample
LIBRARY_RAW,LANDING,PORTAL_ARC_WISCONSIN_OPEN_D_5206358BDD,NPI_ID,27,TEXT,YES,NPI,STEEL,False,True,provider,604,0,0,[''],False,
LIBRARY_RAW,LANDING,INTL_GLEIF,Entity.TransliteratedOtherAddresses.TransliteratedOtherAddress.5.Country,186,TEXT,YES,COUNTRY,GEO,False,True,place,3382301,0,0,[''],True,landing
LIBRARY_RAW,LANDING,PORTAL_ARC_TUCSON_OPEN_DATA_AD6F34F882,DOCKET,69,TEXT,YES,DOCKET,STRONG,False,True,case,5000,2838,1580,"['6047', '10063', '7755', '11351', '12397']",False,
LIBRARY_RAW,LANDING,PORTAL_ARC_TN_DATA_TENNESSE_32A03713CF,ZIPCODE,32,TEXT,YES,ZIP,GEO,False,True,place,2000,1543,94,"['37407', '37412', '37380', '37302', '0']",False,
LIBRARY_RAW,LANDING,INTL_GLEIF,Entity.OtherAddresses.OtherAddress.1.Country,69,TEXT,YES,COUNTRY,GEO,False,True,place,3382301,45782,101,"['AE', 'BG', '', 'CY', 'RU']",True,landing
LIBRARY_RAW,LANDING,FED_CFPB_HMDA_ARID2017_LEI_XREF,LEI_2020,5,TEXT,YES,LEI,STEEL,False,True,organization,5399,4130,4130,"['5493003EW6T31TGECO83', '549300XOTES5TCS8T794', '5493002GOGIUXB84JB89', '549300OULGV8ZW0JV320', 'RA4FKR1AA05ZK88M8034']",True,landing
LIBRARY_RAW,LANDING,FED_DOL_FORM5500,SPONS_DFE_EIN,61,TEXT,YES,EIN,STEEL,True,True,organization,33484,33484,29069,"['870520406', '880386170', '710564091', '841233353', '462100850']",True,landing
LIBRARY_RAW,LANDING,PORTAL_ARC_OPEN_DATA_MINNEA_0426858DFE,ZIPCODE,20,TEXT,YES,ZIP,GEO,False,True,place,110,110,18,"['55406', '55411', '55414', '55408', '55412']",False,
LIBRARY_RAW,LANDING,FED_SAM_EXCLUSIONS,NPI,3,TEXT,YES,NPI,STEEL,False,True,provider,10000,30,30,"['', '1962546176', '0000000000', '1508863531', '1801909338']",False,
LIBRARY_RAW,LANDING,FED_USASPENDING_BULK,PRIMARY_PLACE_OF_PERFORMANCE_COUNTRY_NAME,75,TEXT,YES,COUNTRY,GEO,False,True,place,50000,45226,133,"['UNITED STATES', 'CAMBODIA', 'MEXICO', 'MALAYSIA', 'NETHERLANDS']",True,landing
LIBRARY_RAW,LANDING,PORTAL_SOC_CHICAGO_DATA_POR_1719DAE821,DOCKET_NO,24,TEXT,YES,DOCKET,STRONG,False,True,case,2000,2000,999,"['26DE000169', '26DE000078', '26DE000164', '26DE000098', 'nan']",False,
LIBRARY_RAW,LANDING,PORTAL_SOC_UTAH_OPEN_DATA_P_6DEEE0BF03,AGENT_ATTORNEY_COUNTRY,48,TEXT,YES,COUNTRY,GEO,False,True,place,2018,1619,2,"['UNITED STATES OF AMERICA', 'CANADA', '']",False,
LIBRARY_RAW,LANDING,IRS527_8871_ORGS,CONTACT_ZIP_EXT,29,TEXT,YES,ZIP,GEO,False,True,place,77591,0,0,"['5457', '0741', '1063', '1845', '0601']",False,
LIBRARY_RAW,LANDING,ICIJ_OFFSHORE_LEAKS_INTERMEDIARIES,COUNTRY_CODES,7,TEXT,YES,COUNTRY,GEO,False,True,place,26768,23152,285,"['LBN', 'GGY;GBR', 'ZAF', 'ISR', 'LIE']",False,
LIBRARY_RAW,LANDING,PORTAL_ARC_TUCSON_OPEN_DATA_C92A89BB0D,COUNTRY,50,TEXT,YES,COUNTRY,GEO,False,True,place,2000,2000,3,"['CANADA', 'MEXICO', 'nan']",False,
LIBRARY_RAW,LANDING,FED_DHS_HIFLD,ZIP,6,TEXT,YES,ZIP,GEO,False,True,place,500,0,0,[''],False,
LIBRARY_RAW,LANDING,PORTAL_ARC_TUCSON_OPEN_DATA_F23F6E5C44,ZIP,8,TEXT,YES,ZIP,GEO,False,True,place,645,645,26,"['85724', '85709', '85756', '85706', '85705']",False,
LIBRARY_RAW,LANDING,PORTAL_ARC_TUCSON_OPEN_DATA_90C091B01B,SITE_ZIP,53,TEXT,YES,ZIP,GEO,False,True,place,2000,1127,18,"[' ', '85749', '85705', '85745', '85719']",False,
LIBRARY_RAW,LANDING,PORTAL_ARC_TUCSON_OPEN_DATA_8AB8EAF3DF,SITE_ZIP,46,TEXT,YES,ZIP,GEO,False,True,place,2000,1993,3,"['', '85713', '85712', '85714']",False,
LIBRARY_RAW,LANDING,PORTAL_ARC_HARRIS_COUNTY_OP_5AB72D4A23,COUNTRY,48,TEXT,YES,COUNTRY,GEO,False,True,place,526,524,1,"['USA', '']",True,sample
LIBRARY_RAW,LANDING,PORTAL_ARC_HARRIS_COUNTY_OP_CB850CC4B0,USER_ZIP_CODE,44,TEXT,YES,ZIP,GEO,False,True,place,356,356,42,"['77099', '77098', '77072', '77036', '77082']",False,
LIBRARY_RAW,LANDING,PORTAL_ARC_TUCSON_OPEN_DATA_97B5E23500,SITE_ZIP,56,TEXT,YES,ZIP,GEO,False,True,place,2000,1765,1,"['', '85705']",False,
LIBRARY_RAW,LANDING,PORTAL_SOC_COLORADO_INFORMA_9A760AEFAA,ZIP,9,TEXT,YES,ZIP,GEO,False,True,place,732,732,91,"['80011', '80634', '80019', '81007', '80002']",False,
LIBRARY_RAW,LANDING,PORTAL_ARC_WISCONSIN_OPEN_D_717F8037EB,ZIP,9,TEXT,YES,ZIP,GEO,False,True,place,9,9,9,"['54449', '54301', '54703', '54401', '54311']",False,
LIBRARY_RAW,LANDING,PORTAL_ARC_TUCSON_OPEN_DATA_3D7C82E432,ZIP,40,TEXT,YES,ZIP,GEO,False,True,place,2000,2000,352,"['92649', '85719', '85750', '85749', '85715']",False,
LIBRARY_RAW,LANDING,PORTAL_CKA_WPRDC_ALLEGHENY_BB0184F847,ZIP_CODE,5,TEXT,YES,ZIP,GEO,False,True,place,427,427,78,"['15143', '15120', '15234', '15015', '15237']",False,
LIBRARY_RAW,LANDING,PORTAL_CKA_ANALYZE_BOSTON_11B21C9100,ZIP,18,TEXT,YES,ZIP,GEO,False,True,place,41,41,23,"['02121', '02132', '02124', '02119', '02122']",False,
LIBRARY_RAW,LANDING,FED_CMS_OPEN_PAYMENTS_2023,COUNTRY_OF_TRAVEL,49,TEXT,YES,COUNTRY,GEO,False,True,place,14700786,552442,98,"['', 'United States', 'China', 'Israel', 'Liechtenstein']",True,landing
LIBRARY_RAW,LANDING,PORTAL_ARC_TUCSON_OPEN_DATA_0697237A35,DOCKET,36,TEXT,YES,DOCKET,STRONG,False,True,case,1958,1958,832,"['2607', '10616', 'nan', '10450', '7923']",False,
LIBRARY_RAW,LANDING,FED_CMS_HOSPICE_ENROLLMENTS,CCN,7,TEXT,YES,CCN,STEEL,True,True,facility,6066,4798,4798,"['391518', '391551', '031500', '381546', '391597']",True,landing
LIBRARY_RAW,LANDING,PORTAL_ARC_TUCSON_OPEN_DATA_A937D836B3,COUNTRY,50,TEXT,YES,COUNTRY,GEO,False,True,place,2000,2000,2,"['CANADA', 'nan']",False,
LIBRARY_RAW,LANDING,PORTAL_ARC_OPEN_DATA_RALEIG_67EFBAC9DD,SHIPPING_ZIP_POSTAL_CODE,9,TEXT,YES,ZIP,GEO,False,True,place,88,88,15,"['27603', '27601', '27608', '27609', '27604']",False,
LIBRARY_RAW,LANDING,PORTAL_ARC_ORANGE_COUNTY_OP_1A50E60D53,ZIP,7,TEXT,YES,ZIP,GEO,False,True,place,13,0,0,[''],False,
LIBRARY_RAW,LANDING,FED_USASPENDING_CONTRACTS_FULL,recipient_country_name,60,TEXT,YES,COUNTRY,GEO,False,True,place,20000000,19878399,212,"['', 'UNITED STATES', 'CANADA', 'UNITED STATES OF AMERICA', 'BAHRAIN']",True,landing
LIBRARY_RAW,LANDING,FED_DOL_FORM5500,SPONS_DFE_MAIL_US_ZIP,43,TEXT,YES,ZIP,GEO,False,True,place,33484,33344,10054,"['84115', '98607', '71611', '18902', '30274']",True,landing
LIBRARY_RAW,LANDING,FED_HRSA_SHORTAGE_AREAS,COMMON_STATE_COUNTY_FIPS_CODE,29,TEXT,YES,FIPS,GEO,False,True,place,165531,165531,3290,"['64060', '68050', '68350', '68060', '68385']",False,
LIBRARY_RAW,LANDING,PORTAL_ARC_LA_COUNTY_OPEN_D_83F0BA30FB,NPI,1,TEXT,YES,NPI,STEEL,False,True,provider,5,5,5,"['1003133695', '1689732885', '1356339543', '1457321317', '1194876821']",False,
LIBRARY_RAW,LANDING,PORTAL_ARC_TUCSON_OPEN_DATA_BADE778B92,ZIP,40,TEXT,YES,ZIP,GEO,False,True,place,2000,1996,309,"['85715', '85743', '00000', '85711', '85712']",False,
LIBRARY_RAW,LANDING,PORTAL_ARC_TUCSON_OPEN_DATA_CF1942A6CE,SITE_ZIP,56,TEXT,YES,ZIP,GEO,False,True,place,2000,1765,1,"['85705', '']",False,
LIBRARY_RAW,RETIRED,FED_CMS_OPEN_PAYMENTS_GNRL,Applicable_Manufacturer_or_Applicable_GPO_Making_Payment_Country,41,TEXT,YES,COUNTRY,GEO,False,True,place,15397627,15397626,33,"['Great Britain (UK)', 'Israel', 'Japan', 'Switzerland', 'United States']",False,
LIBRARY_RAW,LANDING,PORTAL_ARC_TUCSON_OPEN_DATA_EAB8D87A4D,POSTAL_CODE,52,TEXT,YES,ZIP,GEO,False,True,place,2000,1995,262,"['85721-0186', '85705-7620', '85260-2376', '85044-6405', '85712-1309']",False,
LIBRARY_RAW,LANDING,PORTAL_ARC_TUCSON_OPEN_DATA_65984ADFBA,DOCKET,9,TEXT,YES,DOCKET,STRONG,False,True,case,2000,2000,958,"['4513', '6030', '8094', '9575', '0']",False,
LIBRARY_RAW,LANDING,PORTAL_ARC_TUCSON_OPEN_DATA_4B31591F91,POSTAL_CODE,53,TEXT,YES,ZIP,GEO,False,True,place,2000,1996,189,"['85749-8418', '85710-0010', '85713-4217', '85747-5805', '85749-8402']",False,
LIBRARY_RAW,LANDING,FED_CMS_MEDICARE_PHYSICIAN_OTHER_PRACTITIONERS_BY_PROVIDER_AND_SERVI,RNDRNG_NPI,1,TEXT,YES,NPI,STEEL,True,True,provider,9781673,9781673,1207473,"['1003401936', '1003378415', '1003395872', '1003396086', '1003376955']",True,landing
LIBRARY_RAW,LANDING,INTL_WB_IDS,COUNTRY_CODE,2,TEXT,YES,COUNTRY,GEO,False,True,place,62983,62978,134,"['ALB       ', 'ARG       ', 'AFG       ', 'AZE       ', 'BGD       ']",False,
LIBRARY_RAW,LANDING,FED_ICIJ_OFFSHORELEAKS_INTERMEDIARIES,COUNTRY_CODES,7,TEXT,YES,COUNTRY,GEO,False,True,place,26768,23152,285,"['BEL', 'LBN', 'TUR', 'ZAF', 'LIE']",False,
LIBRARY_RAW,LANDING,FED_DOL_FORM5500,ADMIN_US_ZIP,69,TEXT,YES,ZIP,GEO,False,True,place,33484,1168,599,"['342012251', '', '17754', '829302025', '90245']",True,landing
LIBRARY_RAW,LANDING,PORTAL_ARC_HARRIS_COUNTY_OP_1966AC023B,ZIP,7,TEXT,YES,ZIP,GEO,False,True,place,55,55,33,"['77058', '77598', '77546', '77547', '77089']",False,
LIBRARY_RAW,LANDING,PORTAL_CKA_WPRDC_ALLEGHENY_98B94025AC,ZIP_CODE,6,TEXT,YES,ZIP,GEO,False,True,place,6630,6285,97,"['15112', '15211', '15219', '15045', '15212']",False,
LIBRARY_RAW,LANDING,PORTAL_ARC_ATLANTA_DATAATLA_BAAC9A60C4,SUP_DOCKET,12,TEXT,YES,DOCKET,STRONG,False,True,case,127,125,90,"['U-92-023', ' ', 'U-09-002', 'U-09-016', 'U-09-007']",False,
LIBRARY_RAW,LANDING,PORTAL_ARC_MEMPHIS_OPEN_DAT_47C4A90FEA,DOCKET,5,TEXT,YES,DOCKET,STRONG,False,True,case,196,196,188,"['UV01-04', 'UV05-07', 'UV08-02cc', 'UV10-04', 'UV_2004-007']",False,
LIBRARY_RAW,LANDING,INTL_GLEIF,Entity.HeadquartersAddress.Country,56,TEXT,YES,COUNTRY,GEO,False,True,place,3382301,3382301,237,"['DK', 'GI', 'LU', 'CY', 'IE']",True,landing
LIBRARY_RAW,LANDING,PORTAL_ARC_TUCSON_OPEN_DATA_8AB8EAF3DF,POSTAL_CODE,44,TEXT,YES,ZIP,GEO,False,True,place,2000,2000,137,"['85712-1201', '85756-9511', '85712-1064', '85712-1631', '76137-4462']",False,
LIBRARY_RAW,LANDING,FED_CMS_PART_D_PRESCRIBERS,PRSCRBR_STATE_FIPS,11,TEXT,YES,FIPS,GEO,False,True,place,1416883,1415649,55,"['04', '46', '36', '29', '42']",True,landing
LIBRARY_RAW,LANDING,FED_FATCA_FFI,COUNTRY_NAME,3,TEXT,YES,COUNTRY,GEO,False,True,place,516298,516298,228,"['CANADA', 'BRAZIL', 'UNITED KINGDOM', 'CAMBODIA', 'CAYMAN ISLANDS']",False,
LIBRARY_RAW,LANDING,FED_CMS_OPEN_PAYMENTS_2022,APPLICABLE_MANUFACTURER_OR_APPLICABLE_GPO_MAKING_PAYMENT_COUNTRY,41,TEXT,YES,COUNTRY,GEO,False,True,place,13306564,13306564,32,"['Finland', 'Japan', 'France', 'Sweden', 'United States']",True,landing
LIBRARY_RAW,LANDING,PORTAL_ARC_TUCSON_OPEN_DATA_B77E902275,SITE_ZIP,53,TEXT,YES,ZIP,GEO,False,True,place,2000,1792,5,"['', '85705', '85713', '85701', '85719']",False,
LIBRARY_RAW,LANDING,INTL_UN_SC_CONSOLIDATED_SANCTIONS,INDIVIDUAL_ALIAS_COUNTRY_OF_BIRTH,46,TEXT,YES,COUNTRY,GEO,False,True,place,1011,20,16,"['Afghanistan', 'Morocco; Libya; Libya; Libya; Libya', 'Algeria', 'Saudi Arabia; Saudi Arabia; Saudi Arabia', 'Indonesia; Indonesia']",False,
LIBRARY_RAW,LANDING,PORTAL_ARC_HARRIS_COUNTY_OP_F22D53C24D,COUNTRY,48,TEXT,YES,COUNTRY,GEO,False,True,place,56,56,1,['USA'],False,
LIBRARY_RAW,LANDING,PORTAL_ARC_HARRIS_COUNTY_OP_D248A81CD8,ZIP_CODE_1,83,TEXT,YES,ZIP,GEO,False,True,place,2000,0,0,['<Null>'],False,
LIBRARY_RAW,LANDING,PORTAL_ARC_TUCSON_OPEN_DATA_7044E0923D,COUNTRY,50,TEXT,YES,COUNTRY,GEO,False,True,place,13,0,0,[''],False,
LIBRARY_RAW,LANDING,PORTAL_ARC_TUCSON_OPEN_DATA_EC706EAD4C,ZIP,40,TEXT,YES,ZIP,GEO,False,True,place,437,437,53,"['85704', '85718', '85284', '85719', '85751']",False,
LIBRARY_RAW,LANDING,FED_DEA_ARCOS_FULL,REPORTER_DEA_NO,1,TEXT,YES,DEA_NO,STEEL,True,True,organization,178598026,178598026,656,"['PD0058063', 'PF0000012', 'PD0203377', 'PD0029567', 'PD0044709']",True,landing
LIBRARY_RAW,LANDING,PORTAL_CKA_VIRGINIA_OPEN_DA_1D39BDEC50,FAC_ZIP5,20,TEXT,YES,ZIP,GEO,False,True,place,10000,9979,907,"['24531', '24083', '24085', '24171', '24090']",False,
LIBRARY_RAW,LANDING,FED_IRS_SOI,STATE_FIPS,1,TEXT,YES,FIPS,GEO,False,True,place,179796,179796,51,"['5', '1', '6', '2', '4']",False,
LIBRARY_RAW,LANDING,PORTAL_ARC_TUCSON_OPEN_DATA_6A79648A77,SITE_ZIP,53,TEXT,YES,ZIP,GEO,False,True,place,2000,1835,4,"['85741', '', '85705', '85743', '85745']",False,
LIBRARY_RAW,LANDING,FED_IRS_SOI,ZIP_CODE,3,TEXT,YES,ZIP,GEO,False,True,place,179796,165548,27549,"['35007', '35006', '35005', '35044', '35078']",False,
LIBRARY_RAW,LANDING,FED_CMS_HOSPICE_ENROLLMENTS,NPI,5,TEXT,YES,NPI,STEEL,True,True,provider,6066,6066,6056,"['1144260498', '1386667277', '1497758593', '1194755595', '1215084876']",True,landing
LIBRARY_RAW,LANDING,PORTAL_ARC_HARRIS_COUNTY_OP_3304C540B7,ZIP_CODE,17,TEXT,YES,ZIP,GEO,False,True,place,645,0,0,"['77063.0', '77027.0', '77074.0', '77081.0', 'nan']",False,
LIBRARY_RAW,LANDING,PORTAL_ARC_OPEN_DATA_RALEIG_EFBB617010,PRIMARY_ZIP_CODE,7,TEXT,YES,ZIP,GEO,False,True,place,2000,2000,29,"['27502', '27511', '27512', '27612', '27606']",False,
LIBRARY_RAW,LANDING,PORTAL_ARC_TUCSON_OPEN_DATA_3A7E0821D1,POSTAL_CODE,51,TEXT,YES,ZIP,GEO,False,True,place,61,17,1,"['nan', '85726-7210']",False,
LIBRARY_RAW,LANDING,FED_USITC_DATAWEB,COUNTRY_CODE,4,TEXT,YES,COUNTRY,GEO,False,True,place,7,0,0,[''],False,
LIBRARY_RAW,LANDING,XC_EPA_CORPORATE_CROSSWALK,MATCHED_LEI,3,TEXT,YES,LEI,STEEL,False,True,organization,5300149,279621,22743,"['549300730ABX6AHRUJ54', '549300P8CLZY4HOZ8C54', '254900PJLVVNI5BGJL03', '254900E9QYJ6OX8QXL76', '54930038VE7FWMWUWM45']",False,
LIBRARY_RAW,LANDING,FED_SEC_DERA_SUB_2024Q4,EIN,20,TEXT,YES,EIN,STEEL,True,True,organization,6491,5126,4663,"['753056237', '221441806', '264753208', '473828760', '592459427']",True,landing
LIBRARY_RAW,LANDING,FED_MSHA_ACCIDENTS,MINE_ID,1,TEXT,YES,MINE_ID,STEEL,True,True,facility,273623,273623,13489,"['""2301628""', '""2401490""', '""0800115""', '""4608890""', '""3608683""']",True,landing
LIBRARY_RAW,LANDING,PORTAL_SOC_PA_OPEN_DATA_POR_CD66682741,CCN,4,TEXT,YES,CCN,STEEL,False,True,facility,2000,1991,183,"['390066', '390268', '390278', '390063', '390009']",True,sample
LIBRARY_RAW,LANDING,FED_DEA_ARCOS_FULL,BUYER_DEA_NO,11,TEXT,YES,DEA_NO,STEEL,True,True,organization,178598026,178598026,148588,"['BT4837158', 'BT4927503', 'BT6282672', 'BT4328767', 'BT5063273']",True,landing
LIBRARY_RAW,LANDING,FED_USASPENDING_CONTRACTS_FULL,prime_award_transaction_place_of_performance_state_fips_code,79,TEXT,YES,FIPS,GEO,False,True,place,20000000,18090919,56,"['49', '48', '46', '15', '36']",True,landing
LIBRARY_RAW,LANDING,FED_OSHA_ITA_300A_SUMMARY_2024,EIN,4,TEXT,YES,EIN,STEEL,True,True,organization,398620,355334,114603,"['410919123', '376001397', '341092625', '823106264', '930956952']",True,landing
LIBRARY_RAW,LANDING,PORTAL_ARC_TUCSON_OPEN_DATA_289E71C579,ZIP,47,TEXT,YES,ZIP,GEO,False,True,place,2000,1996,95,"['85741', '85705', '28752', '85754', '85755']",False,
LIBRARY_RAW,LANDING,PORTAL_SOC_DATALA_LOS_ANGEL_361B8161B7,MAILING_ZIP_CODE,21,TEXT,YES,ZIP,GEO,False,True,place,2000,584,273,"['93727', '91411-2503', 'nan', '91331-5608', '91303-3048']",False,
LIBRARY_RAW,LANDING,FED_OSHA_ITA_CASE_DETAIL_2023,EIN,4,TEXT,YES,EIN,STEEL,True,True,organization,890934,814066,33693,"['230846955', '61450777', '752726680', '941524779', '50258954']",True,landing
LIBRARY_RAW,LANDING,PORTAL_SOC_TEXAS_OPEN_DATA_EADC02D661,INSURED_EMPLOYER_ZIP_EXTENTION,7,TEXT,YES,ZIP,GEO,False,True,place,1990,0,0,"['2229', '9390', '3417', '2010', '1406']",False,
LIBRARY_RAW,LANDING,PORTAL_SOC_TEXAS_OPEN_DATA_B8DDC96BFF,UEI,80,TEXT,YES,UEI,STEEL,False,True,organization,2000,1959,1187,"['G8GKZJLJGME7', 'RYMTG3AJ47K1', 'LPMDH1N244C3', 'EDUJZELNL9A4', 'CLAMNM1X2J63']",True,sample
LIBRARY_RAW,LANDING,FED_FTC_DATASETS,EIN,8,TEXT,YES,EIN,STEEL,False,True,organization,1200,0,0,[''],False,
LIBRARY_RAW,LANDING,PORTAL_ARC_LA_COUNTY_OPEN_D_1632A8E413,ZIP,8,TEXT,YES,ZIP,GEO,False,True,place,12,12,9,"['90089', '90008', '90044', '90037', '90011']",False,
LIBRARY_RAW,LANDING,INTL_CH_ZEFIX,ADDRESS_ZIP,9,TEXT,YES,ZIP,GEO,False,True,place,18,0,0,[''],False,
LIBRARY_RAW,LANDING,FED_USITC_DATAWEB,COUNTRY_NAME,5,TEXT,YES,COUNTRY,GEO,False,True,place,7,0,0,[''],False,
LIBRARY_RAW,LANDING,PORTAL_CKA_VIRGINIA_OPEN_DA_77706D86DA,SWC_OPE_ZIP,29,TEXT,YES,ZIP,GEO,False,True,place,10000,9951,1290,"['22314', '22801', '28623', '22203', '10022']",False,
LIBRARY_RAW,LANDING,PORTAL_CKA_WESTERN_PENNSYLV_2DFC1ADDEA,DECEDENT_ZIP,18,TEXT,YES,ZIP,GEO,False,True,place,7723,0,0,[''],False,
LIBRARY_RAW,LANDING,PORTAL_ARC_HARRIS_COUNTY_OP_BEF7C03176,USER_CCN,73,TEXT,YES,CCN,STEEL,False,True,facility,755,0,0,"['452537.0', '452772.0', '452866.0', '672561.0', 'nan']",False,
LIBRARY_RAW,LANDING,INTL_EU_SANCTIONS,BIRT_COUNTRY,43,TEXT,YES,COUNTRY,GEO,False,True,place,42347,2612,81,"['', 'PAK', 'LBN', 'IRQ', 'SAU']",False,
LIBRARY_RAW,LANDING,FED_FEC_INDEPENDENT_EXPENDITURES,CAND_ID,1,TEXT,YES,FEC_CAND_ID,STEEL,False,True,person,87541,76639,1184,"['S4MD00327', 'P80000722', 'H8NY22177', 'H4AZ01194', 'H4AL02220']",True,landing
LIBRARY_RAW,LANDING,PORTAL_CKA_ANALYZE_BOSTON_C0890B412F,ZIP,7,TEXT,YES,ZIP,GEO,False,True,place,35,0,0,"['2129.000000000000000', '2111.000000000000000', '2127.000000000000000', '2128.000000000000000', '2113.000000000000000']",False,
LIBRARY_RAW,LANDING,PORTAL_ARC_TUCSON_OPEN_DATA_A54A25CA53,COUNTRY,50,TEXT,YES,COUNTRY,GEO,False,True,place,2000,2000,4,"['PHILLIPINES', 'CANADA', 'MEXICO', 'nan']",False,
LIBRARY_RAW,LANDING,FED_USASPENDING_ASSISTANCE_FULL,recipient_zip_code,62,TEXT,YES,ZIP,GEO,False,True,place,19902879,15425649,39105,"['23219', '22314', '10029', '38105', '58505']",True,landing
LIBRARY_RAW,LANDING,IRS527_RELATED_ENTITIES,ENTITY_ZIP_EXT,12,TEXT,YES,ZIP,GEO,False,True,place,64835,0,0,"['', '1633', '1432', '1120', '0601']",True,landing
LIBRARY_RAW,LANDING,PORTAL_SOC_UTAH_OPEN_DATA_P_589CC47A29,ZIPCODE,13,TEXT,YES,ZIP,GEO,False,True,place,4432,4366,216,"['84059', '84653', '0', '84107', '84009']",True,sample
LIBRARY_RAW,LANDING,PORTAL_CKA_WESTERN_PENNSYLV_ED65B530A3,GEOID,1,TEXT,YES,FIPS,GEO,False,True,place,10000,10000,3445,"['42003401200', '42017101401', '42101006600', '42027011001', '42125722700']",False,
LIBRARY_RAW,LANDING,PORTAL_CKA_WESTERN_PENNSYLV_0AF7431C6C,STATE_COUNTY_FIPS_CODE,7,TEXT,YES,FIPS,GEO,False,True,place,10000,10000,1,['42003'],True,sample
LIBRARY_RAW,LANDING,PORTAL_ARC_TUCSON_OPEN_DATA_97B5E23500,ZIP,43,TEXT,YES,ZIP,GEO,False,True,place,2000,2000,241,"['85284', '77056', '85749', '68179', '92865']",False,
LIBRARY_RAW,LANDING,FED_HUD_PUBLIC_HOUSING_AUTHORITIES,ZIP_CLASS,77,TEXT,YES,ZIP,GEO,False,True,place,3787,0,0,"['P', 'U']",False,
LIBRARY_RAW,LANDING,INTL_GEM_HAZARD,COUNTRY,2,TEXT,YES,COUNTRY,GEO,False,True,place,12,12,12,"['Europe', 'United States', 'Australia', 'Canada', 'South America']",False,
LIBRARY_RAW,LANDING,ST_NYC_CFB_CAMPAIGN_2025_CONTRIBUTIONS,ZIP,22,TEXT,YES,ZIP,GEO,False,True,place,259537,243879,8104,"['10460', '10018', '10310', '11150', '10028']",False,
LIBRARY_RAW,LANDING,PORTAL_ARC_WISCONSIN_OPEN_D_601E691159,COUNTY_FIPS,17,TEXT,YES,FIPS,GEO,False,True,place,1,1,1,['141'],False,
LIBRARY_RAW,LANDING,PORTAL_CKA_WESTERN_PENNSYLV_FBECF42E16,ARC_ZIP,4,TEXT,YES,ZIP,GEO,False,True,place,91,91,49,"['15108', '15065', '15102', '15221', '15147']",False,
LIBRARY_RAW,LANDING,FED_ATF_FFL_LOCATIONS,ATTRIBUTES_USER_PREMISE_ZIP_CODE,85,NUMBER,YES,ZIP,GEO,False,True,place,2000,0,0,"['662', '10070000', '1826', '28520000', '3860']",False,
LIBRARY_RAW,LANDING,FED_FDIC_FAILED_BANKS,CERT_FIPS,36,TEXT,YES,FIPS,GEO,False,True,place,4115,0,0,[''],False,
LIBRARY_RAW,LANDING,PORTAL_ARC_OPEN_DATA_DC_E28C8C471A,FACILITY_ZIPCODE,32,TEXT,YES,ZIP,GEO,False,True,place,83,76,15,"['20017', '20024', '20001', '20018', '20003']",True,sample
LIBRARY_RAW,LANDING,FED_CMS_HOSPICE,ZIP_CODE,7,TEXT,YES,ZIP,GEO,False,True,place,6852,6852,3216,"['85020', '35071', '85743', '35758', '85258']",True,landing
LIBRARY_RAW,LANDING,INTL_CH_ZEFIX,COUNTRY,17,TEXT,YES,COUNTRY,GEO,False,True,place,18,18,1,['CH'],False,
LIBRARY_RAW,LANDING,PORTAL_ARC_HARRIS_COUNTY_OP_5AB72D4A23,ZIP,82,TEXT,YES,ZIP,GEO,False,True,place,526,0,0,"['79925.0', '77522.0', '76502.0', '78215.0', '78759.0']",True,sample
LIBRARY_RAW,LANDING,FED_CMS_FACILITY_LEVEL_MINIMUM_DATA_SET_FREQUENCY,ZIP_CODE,5,TEXT,YES,ZIP,GEO,False,True,place,31403215,31403215,8924,"['36701', '36603', '36401', '35205', '35210']",True,landing
LIBRARY_RAW,LANDING,PORTAL_CKA_ANALYZE_BOSTON_DF52D983A2,GEOID20,2,TEXT,YES,FIPS,GEO,False,True,place,208,207,207,"['25025981300', '25025082100', '25025030302', '25025140202', '25025050400']",False,
LIBRARY_RAW,LANDING,PORTAL_ARC_TUCSON_OPEN_DATA_EE2E5DB309,POSTAL_CODE,51,TEXT,YES,ZIP,GEO,False,True,place,2000,1994,315,"['85712-6303', '85260-1423', '85747-5336', '85718-6201', '28232-2547']",False,
LIBRARY_RAW,LANDING,PORTAL_SOC_PA_OPEN_DATA_POR_CD66682741,ZIP,8,TEXT,YES,ZIP,GEO,False,True,place,2000,2000,161,"['19026', '16803', '16146', '18510', '15801']",True,sample
LIBRARY_RAW,LANDING,PORTAL_ARC_TUCSON_OPEN_DATA_80B28FB6D7,DOCKET,36,TEXT,YES,DOCKET,STRONG,False,True,case,21,21,12,"['4964', '5559', '5353', '5010', '4953']",False,
LIBRARY_RAW,LANDING,PORTAL_CKA_OPEN_DATA_SA_E846782F2C,ZIP_CODE,19,TEXT,YES,ZIP,GEO,False,True,place,133,106,44,"['78221', '78214', '78215', '', '78218']",False,
LIBRARY_RAW,LANDING,PORTAL_CKA_VIRGINIA_OPEN_DA_77706D86DA,SWC_TERM_FAC_ZIP_EXT,92,TEXT,YES,ZIP,GEO,False,True,place,10000,0,0,[''],False,
LIBRARY_RAW,LANDING,FED_EPA_ECHO,FRS_ID,1,TEXT,YES,FRS_ID,STEEL,True,True,facility,3157891,3135553,3135553,"['110054965695', '110049286223', '110070109240', '110072181207', '110070531776']",True,landing
LIBRARY_RAW,LANDING,FED_EPA_NPDES_NPDES_INFORMAL_ENFORCEMENT_ACTIONS,REGISTRY_ID,2,TEXT,YES,FRS_ID,STEEL,False,True,facility,478855,478836,112933,"['110063921993', '110031471271', '110015471256', '110006708241', '110069342688']",True,landing
LIBRARY_RAW,LANDING,FED_CMS_HOME_HEALTH_AGENCY_ENROLLMENTS,CCN,7,TEXT,YES,CCN,STEEL,True,True,facility,11508,11413,11413,"['679301', '497264', '177179', '058135', '077229']",True,landing
LIBRARY_RAW,LANDING,PORTAL_ARC_OPEN_DATA_MINNEA_09E3680FD2,CCN,3,TEXT,YES,CCN,STEEL,False,True,facility,2000,0,0,"['MP 2018 039920', 'MP 2018 061820', 'MP 2018 062395', 'MP 2018 017013', 'MP 2018 068876']",False,
LIBRARY_RAW,LANDING,PORTAL_ARC_TUCSON_OPEN_DATA_057C5355E3,DOCKET,42,TEXT,YES,DOCKET,STRONG,False,True,case,2000,0,0,[''],False,
LIBRARY_RAW,LANDING,PORTAL_ARC_ATLANTA_DATAATLA_03DC194F2A,ZIP,7,TEXT,YES,ZIP,GEO,False,True,place,130,130,11,"['30311', '30301', '30314', '30303', '30318']",False,
LIBRARY_RAW,LANDING,FED_HRSA_HPSA_PRIMARY_CARE,STATE_FIPS_CODE,60,TEXT,YES,FIPS,GEO,False,True,place,79158,79158,60,"['68', '66', '64', '60', '56']",False,
LIBRARY_RAW,LANDING,PORTAL_ARC_TUCSON_OPEN_DATA_A54A25CA53,POSTAL_CODE,51,TEXT,YES,ZIP,GEO,False,True,place,2000,1999,311,"['85718-5615', '85745-8725', '85743-8416', '85719-3825', '85716-5309']",False,
LIBRARY_RAW,LANDING,PORTAL_ARC_TUCSON_OPEN_DATA_9E24E86B9A,DOCKET,36,TEXT,YES,DOCKET,STRONG,False,True,case,2,2,2,"['nan', '6342']",False,
LIBRARY_RAW,LANDING,PORTAL_CKA_HOUSTON_OPEN_DAT_702315B033,ZIPCODE,9,TEXT,YES,ZIP,GEO,False,True,place,1056,1003,133,"['77025', '77057', '77026', '77099', '77007']",False,
LIBRARY_RAW,LANDING,PORTAL_ARC_TUCSON_OPEN_DATA_8AAD75BF85,DOCKET,36,TEXT,YES,DOCKET,STRONG,False,True,case,119,119,23,"['248', '0', '9638', '11090', '9081']",False,
LIBRARY_RAW,LANDING,PORTAL_ARC_LA_COUNTY_OPEN_D_7528D085CE,ZIP,10,TEXT,YES,ZIP,GEO,False,True,place,329,329,188,"['91770', '90274', '90016', '90044', '91344']",False,
LIBRARY_RAW,LANDING,FED_ATF_FFL,IN_COUNTRYCODE,73,TEXT,YES,COUNTRY,GEO,False,True,place,77514,77514,1,['None'],False,
LIBRARY_RAW,LANDING,PORTAL_SOC_WASHINGTON_STATE_1A95FB1665,UBI_EIN,7,TEXT,YES,EIN,STEEL,False,True,organization,112,79,36,"['604292732', 'nan', '3050', '3000', '1630']",False,
LIBRARY_RAW,LANDING,PORTAL_ARC_LA_COUNTY_OPEN_D_501C20229C,USER_ZIP_CODE,8,TEXT,YES,ZIP,GEO,False,True,place,1247,1246,64,"['90047-2209', '90005-2435', '90034-2713', '90011-1430', '90071-3049']",False,
LIBRARY_RAW,LANDING,PORTAL_ARC_TUCSON_OPEN_DATA_C92A89BB0D,SITE_ZIP,53,TEXT,YES,ZIP,GEO,False,True,place,2000,1649,20,"['85712', '85713', '85716', '85745', '']",False,
LIBRARY_RAW,LANDING,FED_CMS_NURSING_HOME_FIRE_DEFICIENCIES,CMS_CERTIFICATION_NUMBER_CCN,1,TEXT,YES,CCN,STEEL,True,True,facility,200030,197001,13686,"['015010', '015015', '015048', '015024', '015009']",True,landing
LIBRARY_RAW,LANDING,IRS527_8871_ORGS,BUSINESS_ZIP_EXT,35,TEXT,YES,ZIP,GEO,False,True,place,77591,0,0,"['', '3227', '0806', '4572', '5442']",False,
LIBRARY_RAW,LANDING,INTL_UK_SANCTIONS_LIST,ADDRESS_COUNTRY,30,TEXT,YES,COUNTRY,GEO,False,True,place,58336,46073,106,"['Pakistan', '', 'Afghanistan', 'Iran', 'United Arab Emirates']",True,landing
LIBRARY_RAW,LANDING,FED_FEC_BULK_CANDIDATES,CAND_ZIP,15,TEXT,YES,ZIP,GEO,False,True,place,17900,17771,7625,"['36685', '36602', '85298', '92046', '90063']",True,landing
LIBRARY_RAW,LANDING,FED_PHMSA_FLAGGED_INCIDENTS,ONSHORE_POSTAL_CODE,66,TEXT,YES,ZIP,GEO,False,True,place,2039,1809,1297,"['08085', '93239', '26801', '92583', '15345']",False,
LIBRARY_RAW,LANDING,FED_USCG_NRC_INCIDENTS,RESPONSIBLE_ZIP,9,TEXT,YES,ZIP,GEO,False,True,place,1029020,324422,23141,"['45241', '18974', '16365', '46076', '26135']",False,
LIBRARY_RAW,LANDING,FED_ICIJ_OFFSHORELEAKS_OFFICERS,COUNTRY_CODES,4,TEXT,YES,COUNTRY,GEO,False,True,place,771315,470258,4767,"['AUS', 'JPN', 'CHN', 'SGP', 'KOR']",False,
LIBRARY_RAW,LANDING,PORTAL_CKA_WESTERN_PENNSYLV_6A4C3E0E78,FACILITY_POSTAL_CODE,10,TEXT,YES,ZIP,GEO,False,True,place,1000,998,74,"['15206', '15017', '15090', '15108', '15216']",False,
LIBRARY_RAW,LANDING,PORTAL_ARC_TUCSON_OPEN_DATA_86A898EF77,DOCKET,36,TEXT,YES,DOCKET,STRONG,False,True,case,1532,1532,652,"['nan', '10570', '10383', '6685', '8584']",False,
LIBRARY_RAW,LANDING,INTL_GLEIF,Entity.OtherAddresses.OtherAddress.5.Country,121,TEXT,YES,COUNTRY,GEO,False,True,place,3382301,0,0,[''],True,landing
LIBRARY_RAW,LANDING,PORTAL_SOC_WASHINGTON_STATE_914CF85743,GASO_NPI,3,TEXT,YES,NPI,STEEL,False,True,provider,494,462,196,"['1720004112', '1720600406', '1306292560', '1053800417', '1093113300']",True,sample
LIBRARY_RAW,LANDING,PORTAL_ARC_TUCSON_OPEN_DATA_B44EAD49D6,DOCKET,36,TEXT,YES,DOCKET,STRONG,False,True,case,66,66,30,"['0', '12183', '2817', '2930', '4771']",False,
LIBRARY_RAW,LANDING,PORTAL_ARC_TUCSON_OPEN_DATA_A94D7DFBCF,SITE_ZIP,53,TEXT,YES,ZIP,GEO,False,True,place,2000,1667,11,"['85704', '85745', '85705', '85718', '85741']",False,
LIBRARY_RAW,LANDING,PORTAL_CKA_WPRDC_ALLEGHENY_2C7518708C,GEOID10,12,TEXT,YES,FIPS,GEO,False,True,place,138,138,138,"['420030402002', '420030802002', '420033001005', '420030405001', '420035627001']",False,
LIBRARY_RAW,LANDING,XC_OWID_REFUGEES,REFUGEES_BY_COUNTRY_OF_ORIGIN,4,TEXT,YES,COUNTRY,GEO,False,True,place,7442,0,0,"['4488214', '12024', '5717', '4712735', '435415']",False,
LIBRARY_RAW,LANDING,PORTAL_SOC_COLORADO_INFORMA_4844CA967D,ZIP,6,TEXT,YES,ZIP,GEO,False,True,place,36,36,8,"['81501', '81521', '81505', '81504', '81520']",False,
LIBRARY_RAW,LANDING,FED_FEDERAL_REGISTER_DOCUMENTS,DOCKET_IDS,18,TEXT,YES,DOCKET,STRONG,False,True,case,94731,63069,50133,"['[""Docket No. ER23-884-000""]', '[""Docket No. FHWA-2022-0032""]', '[""Docket No. 50-263"",""NRC-2023-0031""]', '[""Internal Agency Docket No. FEMA-4684-DR"",""Docket ID FEMA-2023-0001""]', '[""Docket No. FDA-2022-D-2658""]']",False,
LIBRARY_RAW,LANDING,PORTAL_ARC_ORANGE_COUNTY_OP_5E4098F260,ZIP,10,TEXT,YES,ZIP,GEO,False,True,place,63,63,1,['92629'],False,
LIBRARY_RAW,LANDING,FED_FEC_BULK_CANDIDATES,CAND_ID,1,TEXT,YES,FEC_CAND_ID,STEEL,True,True,person,17900,17900,13240,"['H0CA42225', 'H0CA28141', 'H0CA48230', 'H0CA13127', 'H0FL03175']",True,landing
LIBRARY_RAW,LANDING,PORTAL_ARC_ORANGE_COUNTY_OP_8C9550F9C6,ZIP,7,TEXT,YES,ZIP,GEO,False,True,place,13,0,0,"['92651.0', '92688.0', '92676.0', '92630.0', '92679.0']",False,
LIBRARY_RAW,LANDING,PORTAL_ARC_TUCSON_OPEN_DATA_3A7E0821D1,COUNTRY,50,TEXT,YES,COUNTRY,GEO,False,True,place,61,0,0,[''],False,
LIBRARY_RAW,LANDING,PORTAL_ARC_TUCSON_OPEN_DATA_81514E21D3,POSTAL_CODE,51,TEXT,YES,ZIP,GEO,False,True,place,2000,1880,190,"['85702-0711', '91741-4603', 'nan', '85705-1011', '87048-8581']",False,
LIBRARY_RAW,LANDING,INTL_GLEIF,Entity.AssociatedEntity.AssociatedLEI,197,TEXT,YES,LEI,STEEL,False,True,organization,3382301,0,0,[''],True,landing
LIBRARY_RAW,LANDING,PORTAL_ARC_TUCSON_OPEN_DATA_B77E902275,POSTAL_CODE,51,TEXT,YES,ZIP,GEO,False,True,place,2000,1997,229,"['85705-4623', '85703-0432', '85705-0000', '85746-3215', '85705-4120']",False,
LIBRARY_RAW,LANDING,FED_EPA_ICIS_FEC_CASE_ENFORCEMENT_CONCLUSION_FACILITIES,FACILITY_ZIP,9,TEXT,YES,ZIP,GEO,False,True,place,150877,148149,23104,"['60084', '08857', '291157297', '10538', '07109']",True,landing
LIBRARY_RAW,LANDING,XC_EPA_CORPORATE_CROSSWALK,EPA_REGISTRY_ID,1,TEXT,YES,FRS_ID,STEEL,False,True,facility,5300149,5300149,5300149,"['110017602879', '110003220693', '110001787291', '110070794527', '110051795401']",False,
LIBRARY_RAW,LANDING,PORTAL_SOC_UTAH_OPEN_DATA_P_8DE28DA9D9,COUNTRY,2,TEXT,YES,COUNTRY,GEO,False,True,place,1421,1421,1,['USA'],False,
LIBRARY_RAW,LANDING,PORTAL_ARC_ATLANTA_DATAATLA_A59DB2E766,ZIP,8,TEXT,YES,ZIP,GEO,False,True,place,322,322,24,"['30318', '30331', '30310', '30303', '30309']",False,
LIBRARY_RAW,LANDING,PORTAL_ARC_WISCONSIN_OPEN_D_022EFD1AE5,STATE_FIPS,15,TEXT,YES,FIPS,GEO,False,True,place,2,2,1,['55'],False,
LIBRARY_RAW,LANDING,PORTAL_CKA_HOUSTON_OPEN_DAT_A4490182BA,ZIPCODE,42,TEXT,YES,ZIP,GEO,False,True,place,10000,9881,108,"['77045', '77072', '77081', '77053', '77004']",False,
LIBRARY_RAW,LANDING,PORTAL_ARC_NEW_MEXICO_OPEN_7DE8F482F1,COUNTRY,22,TEXT,YES,COUNTRY,GEO,False,True,place,1062,1062,2,"['nan', 'USA']",False,
LIBRARY_RAW,LANDING,INTL_GLEIF,Entity.TransliteratedOtherAddresses.TransliteratedOtherAddress.1.Country,134,TEXT,YES,COUNTRY,GEO,False,True,place,3382301,78393,60,"['LT', 'DK', 'SE', 'NO', 'GR']",True,landing
LIBRARY_RAW,LANDING,PORTAL_ARC_ATLANTA_DATAATLA_0F1C49C840,SUP_DOCKET,12,TEXT,YES,DOCKET,STRONG,False,True,case,598,596,556,"['U-08-022', 'U-14-009', 'U-04-019', 'U-13-006', 'U-16-028']",False,
LIBRARY_RAW,LANDING,PORTAL_ARC_ATLANTA_DATAATLA_A6D51869AF,SUP_DOCKET,12,TEXT,YES,DOCKET,STRONG,False,True,case,128,126,91,"['U-08-028', 'U-92-023', 'PC-96-15', 'PC-02-01', 'U-91-38']",False,
LIBRARY_RAW,LANDING,FED_SEC_DERA_SUB_2024Q1,CIK,2,TEXT,YES,CIK,STEEL,True,True,organization,6028,6028,5506,"['1438901', '1059556', '1206264', '58361', '1792941']",True,landing
LIBRARY_RAW,LANDING,FED_NTSB_AVIATION_EVENTS,NTSB_DOCKET,63,TEXT,YES,DOCKET,STRONG,False,True,case,30968,30968,1,['None'],False,
LIBRARY_RAW,LANDING,PORTAL_CKA_WESTERN_PENNSYLV_A58CF00A10,ZIP,9,TEXT,YES,ZIP,GEO,False,True,place,54,54,39,"['15215', '15208', '15104', '15136', '15065']",False,
LIBRARY_RAW,LANDING,INTL_GLEIF,Entity.TransliteratedOtherAddresses.TransliteratedOtherAddress.2.Country,147,TEXT,YES,COUNTRY,GEO,False,True,place,3382301,76323,46,"['GR', '', 'CY', 'DK', 'LU']",True,landing
LIBRARY_RAW,LANDING,FED_HUD_ASSISTED_HOUSING_PROJECTS,STD_ZIP5,91,TEXT,YES,ZIP,GEO,False,True,place,35601,30629,9169,"['99678', '35206', '35405', '99502', '36608']",False,
LIBRARY_RAW,LANDING,PORTAL_CKA_WPRDC_ALLEGHENY_12C9244C06,ZIPCODE,10,TEXT,YES,ZIP,GEO,False,True,place,410,410,77,"['15024', '15025', '15209', '15132', '15236']",False,
LIBRARY_RAW,LANDING,PORTAL_ARC_HARRIS_COUNTY_OP_19FE875D1D,ZIP,7,TEXT,YES,ZIP,GEO,False,True,place,35,35,21,"['77598', '77058', '77034', '77546', '77062']",False,
LIBRARY_RAW,LANDING,PORTAL_ARC_OPEN_DATA_DC_ADF4F0E413,ISO_COUNTRY_CODE,12,TEXT,YES,COUNTRY,GEO,False,True,place,2000,2000,1,['US'],False,
LIBRARY_RAW,LANDING,FED_CFPB_HMDA_ARID2017_LEI_XREF,LEI_2019,4,TEXT,YES,LEI,STEEL,False,True,organization,5399,5070,5070,"['549300XOTES5TCS8T794', '549300O5WDIJU8S7OI05', '254900FP6SX9QWAB1J85', '5493003EW6T31TGECO83', '549300HVUN4WJ2BRSZ39']",True,landing
LIBRARY_RAW,LANDING,PORTAL_ARC_TUCSON_OPEN_DATA_81514E21D3,DOCKET,36,TEXT,YES,DOCKET,STRONG,False,True,case,2000,1986,755,"['0', '10247', '10701', '10735', '12751']",False,
LIBRARY_RAW,LANDING,XC_CENSUS_CB_ZCTA,ZCTA5CE20,1,TEXT,YES,ZIP,GEO,False,True,place,33791,33791,33791,"['25514', '78076', '31519', '97479', '24483']",False,
LIBRARY_RAW,LANDING,FED_NSF_AWARDS,COUNTRY,19,TEXT,YES,COUNTRY,GEO,False,True,place,125,125,1,['US'],False,
LIBRARY_RAW,LANDING,PORTAL_ARC_ORANGE_COUNTY_OP_05390F8D55,ZIP,9,TEXT,YES,ZIP,GEO,False,True,place,184,0,0,"['92678.0', '92630.0', '92675.0', '92676.0', '92694.0']",False,
LIBRARY_RAW,LANDING,PORTAL_ARC_TUCSON_OPEN_DATA_9E24E86B9A,COUNTRY,50,TEXT,YES,COUNTRY,GEO,False,True,place,2,0,0,[''],False,
LIBRARY_RAW,LANDING,PORTAL_ARC_TUCSON_OPEN_DATA_F5DCF594AF,SITE_ZIP,55,TEXT,YES,ZIP,GEO,False,True,place,2000,1776,22,"['85713', '85719', '85705', '85741', '85749']",False,
LIBRARY_RAW,LANDING,FED_USGS_MINERALS,COUNTRY,1,TEXT,YES,COUNTRY,GEO,False,True,place,304632,304617,165,"['Argentina', 'Australia', 'United States', 'Russia', 'Mexico']",False,
LIBRARY_RAW,LANDING,FED_SEC_DERA_SUB_2025Q1,CIK,2,TEXT,YES,CIK,STEEL,True,True,organization,6231,6231,5672,"['16868', '46250', '105634', '71829', '16058']",True,landing
LIBRARY_RAW,LANDING,PORTAL_ARC_WAKE_COUNTY_OPEN_4B425FD089,USER_ZIP_CODE,87,TEXT,YES,ZIP,GEO,False,True,place,2000,2000,42,"['27610', '27676', '27518', '27609', '27603']",True,sample
LIBRARY_RAW,LANDING,PORTAL_SOC_UTAH_OPEN_DATA_P_1614522F52,STATE_ZIP,13,TEXT,YES,ZIP,GEO,False,True,place,575,575,156,"['UT 84660', 'UT 84049', 'UT 84121', 'UT 84053', 'UT 84050']",True,sample
LIBRARY_RAW,LANDING,FED_IRS_527_ORGS,CUSTODIAN_ZIP,22,TEXT,YES,ZIP,GEO,False,True,place,77591,77590,14529,"['90017', '65808', '67206', '55416', '64055']",True,landing
LIBRARY_RAW,LANDING,FED_NCUA_CALL_REPORTS_FOICU,ZIP_CODE,11,TEXT,YES,ZIP,GEO,False,True,place,4336,4336,3375,"['71291-7511', '06114', '75501', '70009', '22314-1691']",True,landing
LIBRARY_RAW,LANDING,PORTAL_ARC_HARRIS_COUNTY_OP_FE2134F2C8,COUNTRY,47,TEXT,YES,COUNTRY,GEO,False,True,place,526,523,1,"[' ', 'USA']",True,sample
LIBRARY_RAW,LANDING,PORTAL_CKA_WPRDC_ALLEGHENY_B20A13551F,ARC_ZIP,4,TEXT,YES,ZIP,GEO,False,True,place,91,91,49,"['15065', '15147', '15221', '15120', '15232']",False,
LIBRARY_RAW,LANDING,PORTAL_CKA_WPRDC_ALLEGHENY_A4E9CE945B,INCIDENT_ZIP,17,TEXT,YES,ZIP,GEO,False,True,place,7723,7479,390,"['15213', '01220', '15025', '15146', '15239']",False,
LIBRARY_RAW,LANDING,PORTAL_ARC_TUCSON_OPEN_DATA_CF1942A6CE,POSTAL_CODE,54,TEXT,YES,ZIP,GEO,False,True,place,2000,1986,240,"['85705-4118', '85705-4039', '85719-4830', '85705-1566', '85268-5638']",False,
LIBRARY_RAW,LANDING,PORTAL_ARC_TUCSON_OPEN_DATA_3A7E0821D1,SITE_ZIP,53,TEXT,YES,ZIP,GEO,False,True,place,61,11,4,"['85701', '85713', '85706', '85705', '']",False,
LIBRARY_RAW,LANDING,PORTAL_ARC_TUCSON_OPEN_DATA_69487E016F,SITE_ZIP,53,TEXT,YES,ZIP,GEO,False,True,place,1031,1022,5,"['85745', '85705', '85713', '85719', '85701']",False,
LIBRARY_RAW,LANDING,INTL_UN_SC_CONSOLIDATED_SANCTIONS,INDIVIDUAL_PLACE_OF_BIRTH_COUNTRY,19,TEXT,YES,COUNTRY,GEO,False,True,place,1011,539,81,"['Saudi Arabia', 'Indonesia; Indonesia', 'Iran (Islamic Republic of)', 'Iraq; Iran (Islamic Republic of)', 'Afghanistan; Afghanistan; Afghanistan; Afghanistan; Afghanistan']",False,
LIBRARY_RAW,LANDING,PORTAL_ARC_TUCSON_OPEN_DATA_90C091B01B,DOCKET,36,TEXT,YES,DOCKET,STRONG,False,True,case,2000,1902,977,"['8969', '5620', '12669', '6767', '8317']",False,
LIBRARY_RAW,LANDING,PORTAL_CKA_WESTERN_PENNSYLV_5C8BBA2D74,STATEFP,5,TEXT,YES,FIPS,GEO,False,True,place,10000,10000,1,['42'],False,
LIBRARY_RAW,LANDING,PORTAL_ARC_HARRIS_COUNTY_OP_6CDCF96CA7,COUNTRY,15,TEXT,YES,COUNTRY,GEO,False,True,place,34,34,1,['USA'],False,
LIBRARY_RAW,LANDING,PORTAL_SOC_COLORADO_INFORMA_4BAD70F01F,ZIP,7,TEXT,YES,ZIP,GEO,False,True,place,2456,2456,378,"['81615-6272', '81050-2552', '80916-1661', '80501-2078', '81212-3409']",True,sample
LIBRARY_RAW,LANDING,PORTAL_ARC_HARRIS_COUNTY_OP_5AB72D4A23,CCN_X,74,TEXT,YES,CCN,STEEL,False,True,facility,526,0,0,"['35.40533528', '73.7138773', '-131.85427983', '6.95594261', '163.82182854']",True,sample
LIBRARY_RAW,LANDING,INTL_GLEIF,Entity.OtherAddresses.OtherAddress.3.Country,95,TEXT,YES,COUNTRY,GEO,False,True,place,3382301,0,0,[''],True,landing
LIBRARY_RAW,LANDING,FED_COURTLISTENER_DOCKETS,ASSIGNED_TO_ID,42,TEXT,YES,CL_PERSON_ID,STEEL,True,True,person,71677647,32425784,3350,"['10149', '10232', '10197', '10227', '8748']",True,landing
LIBRARY_RAW,LANDING,PORTAL_CKA_CALIFORNIA_OPEN_5DD35F95D8,CCN,7,TEXT,YES,CCN,STEEL,False,True,facility,5000,2929,2777,"['055715', '057427', '056483', '555268', '056296']",True,sample
LIBRARY_RAW,LANDING,FED_US_SEC_EDGAR,CIK,2,TEXT,YES,CIK,STEEL,False,True,organization,48990,48990,25,"['0000320193', '0001018724', '0000789019', '0001318605', '0001326801']",False,
LIBRARY_RAW,LANDING,PORTAL_ARC_TUCSON_OPEN_DATA_5D84AF2604,POSTAL_CODE,51,TEXT,YES,ZIP,GEO,False,True,place,190,190,62,"['85745-2402', '85705-7458', '85719-5743', '85705-8512', '90291-3503']",False,
LIBRARY_RAW,LANDING,PORTAL_SOC_COLORADO_INFORMA_E80CA7800E,COUNTY_FIPS,7,TEXT,YES,FIPS,GEO,False,True,place,2000,2000,188,"['25017', '34005', '9001', '6083', '6073']",False,
LIBRARY_RAW,LANDING,INT_UK_COMPANIES_HOUSE,CountryOfOrigin,13,TEXT,YES,COUNTRY,GEO,False,True,place,5734780,5734496,215,"['VIRGIN ISLANDS, BRITISH', 'CAYMAN ISLANDS', 'SOUTH AFRICA', 'LUXEMBOURG', 'United Kingdom']",True,landing
LIBRARY_RAW,LANDING,PORTAL_ARC_HARRIS_COUNTY_OP_A2DAE85C30,ZIP,7,TEXT,YES,ZIP,GEO,False,True,place,38,38,22,"['77598', '77586', '77573', '77058', '77565']",False,
LIBRARY_RAW,LANDING,PORTAL_ARC_TUCSON_OPEN_DATA_328AF9F277,COUNTRY,50,TEXT,YES,COUNTRY,GEO,False,True,place,6,0,0,[''],False,
LIBRARY_RAW,LANDING,FED_IRS_527_ORGS,MAIL_ZIP,13,TEXT,YES,ZIP,GEO,False,True,place,77591,77591,14798,"['98579', '91722', '18640', '11375', '78767']",True,landing
LIBRARY_RAW,LANDING,FED_IRS_PUB78_ELIGIBLE_DONEES,EIN,1,TEXT,YES,EIN,STEEL,True,True,organization,1435544,1435544,1435544,"['010196359', '010211784', '000852649', '010211526', '010211570']",True,landing
LIBRARY_RAW,LANDING,PORTAL_ARC_TUCSON_OPEN_DATA_B77E902275,ZIP,40,TEXT,YES,ZIP,GEO,False,True,place,2000,1998,229,"['85743', '85034', '85622', '85755', '85704']",False,
LIBRARY_RAW,LANDING,PORTAL_SOC_UTAH_OPEN_DATA_P_D4ACA49A9B,PROVIDER_POSTAL_CODE,7,TEXT,YES,ZIP,GEO,False,True,place,1997,1997,106,"['84127-0128', '84065-7080', '84713-1690', '84337-0278', '84725-0370']",True,sample
LIBRARY_RAW,LANDING,FED_CMS_MEDICARE_INPATIENT_HOSPITALS_BY_PROVIDER_AND_SERVICE,RNDRNG_PRVDR_CCN,1,TEXT,YES,CCN,STEEL,True,True,facility,145879,145879,2906,"['010008', '010001', '010006', '010007', '010011']",True,landing
LIBRARY_RAW,LANDING,PORTAL_ARC_HARRIS_COUNTY_OP_374D2E791F,CCN,73,TEXT,YES,CCN,STEEL,False,True,facility,77,0,0,"['670109.0', '453312.0', '450193.0', '452055.0', '450862.0']",False,
LIBRARY_RAW,LANDING,PORTAL_CKA_WESTERN_PENNSYLV_152133D5ED,PWS_ID,11,TEXT,YES,PWSID,STEEL,False,True,facility,1792,0,0,"['5100093', '4180066', '4340016', '4180059', '7360138']",False,
LIBRARY_RAW,LANDING,FED_DOL_OFLC,WORKSITE_POSTAL_CODE_6,158,TEXT,YES,ZIP,GEO,False,True,place,664616,1107,664,"['43215', '77389', '95113', '98104', '']",False,
LIBRARY_RAW,LANDING,PORTAL_CKA_ANALYZE_BOSTON_99D95F2DF0,GEOID20,4,TEXT,YES,FIPS,GEO,False,True,place,207,207,207,"['25025140202', '25025140400', '25025120301', '25025030200', '25025020101']",False,
LIBRARY_RAW,LANDING,PORTAL_SOC_UTAH_OPEN_DATA_P_6F316DE0B0,BILLING_NPI,10,TEXT,YES,NPI,STEEL,False,True,provider,1392,1392,197,"['1043340359', '1295865517', '1194863589', '1477678589', '1922119528']",True,sample
LIBRARY_RAW,LANDING,FED_CMS_MEDICARE_PHYSICIAN_OTHER_PRACTITIONERS_BY_PROVIDER_AND_SERVI,RNDRNG_PRVDR_CNTRY,15,TEXT,YES,COUNTRY,GEO,False,True,place,9781673,9781673,25,"['CN', 'DE', 'CA', 'US', 'SA']",True,landing
LIBRARY_RAW,LANDING,PORTAL_SOC_CAMBRIDGE_OPEN_D_8A1152140C,DOCKET_NUMBER,147,TEXT,YES,DOCKET,STRONG,False,True,case,749,749,5,"['No docket number on appeal (see attached)', 'nan', '22 MISC 000220 (DRR)', 'Middlesex Superior Court C.A. No. 2281CV04245', '24 MISC 00528']",False,
LIBRARY_RAW,LANDING,PORTAL_SOC_UTAH_OPEN_DATA_P_1A3EDE9CAD,NPI,1,TEXT,YES,NPI,STEEL,False,True,provider,643,643,52,"['1124090659', '1154551919', '1043220650', '1114025491', '1033159603']",True,sample
LIBRARY_RAW,LANDING,PORTAL_ARC_LA_COUNTY_OPEN_D_1EDD056661,FIPS_COUNTY_CODE,53,TEXT,YES,FIPS,GEO,False,True,place,2000,2000,1,['6037'],True,sample
LIBRARY_RAW,LANDING,PORTAL_ARC_TUCSON_OPEN_DATA_EC706EAD4C,COUNTRY,50,TEXT,YES,COUNTRY,GEO,False,True,place,437,437,2,"['nan', 'MEXICO']",False,
LIBRARY_RAW,LANDING,PORTAL_ARC_TUCSON_OPEN_DATA_A40FB2876B,SITE_ZIP,53,TEXT,YES,ZIP,GEO,False,True,place,2000,1687,12,"['85745', '', '85741', '85705', '85704']",False,
LIBRARY_RAW,LANDING,PORTAL_ARC_TUCSON_OPEN_DATA_B8BE43CF1C,COUNTRY,50,TEXT,YES,COUNTRY,GEO,False,True,place,2000,0,0,[''],False,
LIBRARY_RAW,LANDING,FED_NCUA_CHARTER_MERGER_EVENTS,CONTINUING_CREDIT_UNION_CHARTER,2,TEXT,YES,NCUA_CHARTER,STEEL,True,True,organization,27,27,26,"['24560', '68727', '10671', '10184', '66157']",True,landing
LIBRARY_RAW,LANDING,PORTAL_ARC_TUCSON_OPEN_DATA_97B5E23500,COUNTRY,53,TEXT,YES,COUNTRY,GEO,False,True,place,2000,0,0,[''],False,
LIBRARY_RAW,LANDING,FED_CMS_NURSING_HOME,CMS_CERTIFICATION_NUMBER__CCN,1,TEXT,YES,CCN,STEEL,True,True,facility,14700,14448,14448,"['015009', '015015', '025028', '015028', '015178']",True,landing
LIBRARY_RAW,LANDING,FED_FAC_SINGLE_AUDIT,AUDITOR_ZIP,14,TEXT,YES,ZIP,GEO,False,True,place,411638,411602,5859,"['06473', '98563', '55792', '17601', '52722']",True,landing
LIBRARY_RAW,LANDING,FED_HUD_FHA_SF_PORTFOLIO_SNAPSHOT,PROPERTY_ZIP,4,TEXT,YES,ZIP,GEO,False,True,place,61647,61647,12914,"['99737', '99502', '99507', '35121', '99504']",False,
LIBRARY_RAW,LANDING,PORTAL_ARC_WISCONSIN_OPEN_D_4EBC995C5D,ZIP,9,TEXT,YES,ZIP,GEO,False,True,place,56,56,56,"['54487', '54829', '54751', '54020', '53223']",False,
LIBRARY_RAW,PUBLIC,FOREIGN_AGENT_REGISTRATIONS,FOREIGN_PRINCIPAL_COUNTRY,23,TEXT,YES,COUNTRY,GEO,False,True,place,48104,12232,253,"['UNITED KINGDOM', '', 'QATAR', 'CANADA', 'NIGERIA']",False,
LIBRARY_RAW,LANDING,FED_CMS_MEDICARE_DURABLE_MEDICAL_EQUIPMENT_DEVICES_SUPPLIES_BY_SUPPL,SUPLR_PRVDR_CNTRY,16,TEXT,YES,COUNTRY,GEO,False,True,place,440670,440670,1,['US'],True,landing
LIBRARY_RAW,LANDING,PORTAL_ARC_LA_COUNTY_OPEN_D_83F0BA30FB,ZIP_CODE,10,TEXT,YES,ZIP,GEO,False,True,place,5,5,5,"['95966-6118', '92354-1727', '95490-5769', '92025-4159', '94115']",False,
LIBRARY_RAW,LANDING,INTL_UK_SANCTIONS_LIST,COUNTRY_OF_BIRTH,44,TEXT,YES,COUNTRY,GEO,False,True,place,58336,22259,128,"['', 'Saudi Arabia', 'Pakistan', 'Yemen', 'Afghanistan']",True,landing
LIBRARY_RAW,LANDING,PORTAL_SOC_NJ_OPEN_DATA_CEN_A0D94510CA,ZIP,6,TEXT,YES,ZIP,GEO,False,True,place,2000,1993,724,"['08361', '33473', '17866', '08640', '07508']",True,sample
LIBRARY_RAW,LANDING,PORTAL_ARC_TUCSON_OPEN_DATA_11050C025B,COUNTRY,50,TEXT,YES,COUNTRY,GEO,False,True,place,8,0,0,[''],False,
LIBRARY_RAW,LANDING,PORTAL_ARC_HARRIS_COUNTY_OP_3E1A188E92,ARC_COUNTRYCODE,69,TEXT,YES,COUNTRY,GEO,False,True,place,642,628,1,"['nan', '']",False,
LIBRARY_RAW,LANDING,PORTAL_ARC_WAKE_COUNTY_OPEN_4B425FD089,USER_ZIP_CODE__NOT_USED,78,TEXT,YES,ZIP,GEO,False,True,place,2000,2000,51,"['27601', '27615', '27518', '27545', '27511']",True,sample
LIBRARY_RAW,LANDING,PORTAL_ARC_TUCSON_OPEN_DATA_6720A5FF25,ZIP,7,TEXT,YES,ZIP,GEO,False,True,place,5,5,1,['85745'],False,
LIBRARY_RAW,LANDING,FED_SEC_DERA_SUB_2025Q4,CIK,2,TEXT,YES,CIK,STEEL,True,True,organization,6304,6304,5786,"['3570', '67716', '40545', '42888', '49196']",True,landing
LIBRARY_RAW,LANDING,PORTAL_CKA_WESTERN_PENNSYLV_FD81B4FB82,ZIP,9,TEXT,YES,ZIP,GEO,False,True,place,1194,1194,26,"['15233', '15219', '15224', '15203', '15214']",False,
LIBRARY_RAW,LANDING,PORTAL_ARC_TUCSON_OPEN_DATA_3D7C82E432,COUNTRY,50,TEXT,YES,COUNTRY,GEO,False,True,place,2000,2000,2,"['nan', 'CANADA']",False,
LIBRARY_RAW,LANDING,FED_USASPENDING_CONTRACTS_FULL_R2,RECIPIENT_COUNTRY_NAME,22,TEXT,YES,COUNTRY,GEO,False,True,place,63729002,63290546,219,"['UNITED KINGDOM', '', 'UNITED STATES', 'PORTUGAL', 'UNITED STATES OF AMERICA']",True,landing
LIBRARY_RAW,LANDING,PORTAL_ARC_TUCSON_OPEN_DATA_8E55E53D8D,ZIP,37,TEXT,YES,ZIP,GEO,False,True,place,2000,1999,210,"['33301', '59718', '85745', '85752', '92652']",False,
LIBRARY_RAW,LANDING,PORTAL_CKA_ISRAEL_NATIONAL_535B8902A2,COUNTRY,2,TEXT,YES,COUNTRY,GEO,False,True,place,454,0,0,"[""אלג'יריה"", 'טנזניה', 'האיים המלדיביים', 'בריטניה', 'הולנד']",False,
LIBRARY_RAW,LANDING,PORTAL_SOC_SF_OPENDATA_DATA_79618299A6,MAIL_ZIPCODE,13,TEXT,YES,ZIP,GEO,False,True,place,2000,645,232,"['94134', '94607', '95054', '94966', 'nan']",False,
LIBRARY_RAW,LANDING,PORTAL_ARC_HARRIS_COUNTY_OP_2D6F9D0DA7,ZIP_4_EXTENSION,9,TEXT,YES,ZIP,GEO,False,True,place,2000,1913,1292,"['2308.0', '3891.0', '6573.0', '3007.0', '2153.0']",False,
LIBRARY_RAW,LANDING,FED_USASPENDING_BULK,PRIME_AWARD_TRANSACTION_RECIPIENT_COUNTY_FIPS_CODE,64,TEXT,YES,FIPS,GEO,False,True,place,50000,49642,1295,"['25025', '31157', '51179', '06085', '53021']",True,landing
LIBRARY_RAW,LANDING,PORTAL_ARC_OPEN_DATA_DC_B1DAECCB1B,OWNER_ZIPCODE,24,TEXT,YES,ZIP,GEO,False,True,place,83,0,0,"['20718.0', 'nan', '100652.0', '22078.0']",True,sample
LIBRARY_RAW,LANDING,PORTAL_ARC_TUCSON_OPEN_DATA_057C5355E3,POSTAL_CODE,54,TEXT,YES,ZIP,GEO,False,True,place,2000,1998,365,"['85719-5451', '85756-3082', '85718-5500', '85718-6526', '85641-9707']",False,
LIBRARY_RAW,LANDING,FED_PBGC_TRUSTEED_PENSION_PLANS,EIN,8,TEXT,YES,EIN,STEEL,True,True,organization,21596,21596,20835,"['651035474', '621627736', '823285832', '752608565', '222150404']",True,landing
LIBRARY_RAW,LANDING,FED_NTSB_AVIATION_AIRCRAFT,DPRT_COUNTRY,64,TEXT,YES,COUNTRY,GEO,False,True,place,31503,31503,144,"['MA', 'CA ', 'None', 'USA', 'BS']",False,
LIBRARY_RAW,LANDING,PORTAL_ARC_TUCSON_OPEN_DATA_CDFFE1002A,DOCKET,36,TEXT,YES,DOCKET,STRONG,False,True,case,43,43,27,"['4129', '0', '5130', '5773', '11001']",False,
LIBRARY_RAW,LANDING,FED_SBA_LOANS,CDC_ZIP,13,TEXT,YES,ZIP,GEO,False,True,place,2174502,207548,211,"['66049', '28208', '84109', '17837', '30503']",False,
LIBRARY_RAW,LANDING,PORTAL_CKA_INDIANA_DATA_HUB_FC0ABC5EDF,OFFENSE_COUNTY_FIPS,7,TEXT,YES,FIPS,GEO,False,True,place,10000,10000,53,"['123', '0', '95', '179', '73']",False,
LIBRARY_RAW,RETIRED,FED_CMS_OPEN_PAYMENTS_GNRL,Covered_Recipient_NPI,7,TEXT,YES,NPI,STEEL,False,True,provider,15397627,15349548,979314,"['1043506066', '1093716458', '1043500937', '1407451271', '1720079270']",False,
LIBRARY_RAW,LANDING,PORTAL_ARC_HARRIS_COUNTY_OP_52229E2E24,USER_ZIP_CODE,99,TEXT,YES,ZIP,GEO,False,True,place,488,0,0,"['77459.0', '77339.0', '77346.0', '77546.0', '77450.0']",False,
LIBRARY_RAW,LANDING,PORTAL_ARC_OPEN_DATA_MINNEA_F87FF14B56,COUNTRY,31,TEXT,YES,COUNTRY,GEO,False,True,place,1340,1340,1,['USA'],False,
LIBRARY_RAW,LANDING,PORTAL_CKA_WPRDC_ALLEGHENY_DE448D04D4,STATE_COUNTY_FIPS_CODE,7,TEXT,YES,FIPS,GEO,False,True,place,10000,10000,1,['42003'],True,sample
LIBRARY_RAW,LANDING,PORTAL_CKA_CALIFORNIA_OPEN_22F6B7DB0F,RES_ZIP_CODE,13,TEXT,YES,ZIP,GEO,False,True,place,1500,1500,144,"['95472', '96032', '95401', '95406', '95448']",False,
LIBRARY_RAW,LANDING,PORTAL_ARC_TUCSON_OPEN_DATA_726A6C58E2,COUNTRY_1,181,TEXT,YES,COUNTRY,GEO,False,True,place,2000,0,0,[''],False,
LIBRARY_RAW,LANDING,FED_COURTLISTENER_SCHOOLS,EIN,5,TEXT,YES,EIN,STEEL,True,True,organization,6011,3526,2569,"['460280847', '160743900', '973806000', '586050244', '750855633']",True,landing
LIBRARY_RAW,LANDING,FED_FJC_IDB_APPELLATE,DOCKET,2,TEXT,YES,DOCKET,STRONG,False,True,case,988183,988183,514613,"['1040758', '1040933', '1040956', '1040768', '1040923']",False,
LIBRARY_RAW,LANDING,PORTAL_ARC_TUCSON_OPEN_DATA_4B31591F91,ZIP,42,TEXT,YES,ZIP,GEO,False,True,place,2000,1996,189,"['30349', '85749', '85009', '32837', '85713']",False,
LIBRARY_RAW,LANDING,PORTAL_ARC_HARRIS_COUNTY_OP_374D2E791F,ZIP,81,TEXT,YES,ZIP,GEO,False,True,place,77,77,35,"['77521', '77030', '77389', '77072', '77015']",False,
LIBRARY_RAW,LANDING,PORTAL_ARC_HARRIS_COUNTY_OP_4F19F66C45,USER_CCN,73,TEXT,YES,CCN,STEEL,False,True,facility,56,0,0,"['454093.0', '454069.0', '454121.0', '454119.0', '454029.0']",False,
LIBRARY_RAW,LANDING,FED_CDC_DATA_PORTAL,ZIP_CODE,6,TEXT,YES,ZIP,GEO,False,True,place,15000,0,0,[''],False,
LIBRARY_RAW,LANDING,FED_ICE_DETAINERS,DETENTION_FACILITY_CODE,10,TEXT,YES,ICE_FACILITY,STEEL,False,True,facility,609769,609744,5305,"['HRLGNTX', 'MASPMID', 'FLAVONC', 'ROGEROK', 'RWLTTTX']",True,landing
LIBRARY_RAW,LANDING,PORTAL_CKA_OPEN_DATA_SA_F128E26A15,ZIPCODE,4,TEXT,YES,ZIP,GEO,False,True,place,32,28,22,"['78258', '78227', '78220', '78207', '']",False,
LIBRARY_RAW,LANDING,PORTAL_CKA_ANALYZE_BOSTON_0CED34C7C1,ZIP,9,TEXT,YES,ZIP,GEO,False,True,place,13,13,13,"['02128', '02122', '02127', '02129', '02132']",False,
LIBRARY_RAW,LANDING,PORTAL_ARC_TUCSON_OPEN_DATA_B8BE43CF1C,ZIP,40,TEXT,YES,ZIP,GEO,False,True,place,2000,1999,247,"['77056', '85705', '60015', '80112', '68179']",False,
LIBRARY_RAW,LANDING,INTL_GLEIF,Entity.SuccessorEntity.2.SuccessorLEI,207,TEXT,YES,LEI,STEEL,False,True,organization,3382301,199,186,"['254900SGVT6X5YLR3E43', '984500C53CE42HKF9A82', '743700C603YM5QZH4S23', '8945004H7G91ES0PKI13', '5493000ENOEV0I10AV76']",True,landing
LIBRARY_RAW,LANDING,PORTAL_ARC_OPEN_DATA_DC_8C6EF16235,TRACT_FIPS_1,15,TEXT,YES,FIPS,GEO,False,True,place,204,204,204,"['000903', '003702', '009811', '007202', '002001']",False,
LIBRARY_RAW,LANDING,XC_CENSUS_CB_STATE,GEOID,4,TEXT,YES,FIPS,GEO,False,True,place,56,56,56,"['46', '01', '51', '35', '02']",False,
LIBRARY_RAW,LANDING,PORTAL_SOC_COLORADO_INFORMA_F9498D9B7F,EIN,4,TEXT,YES,EIN,STEEL,False,True,organization,2000,2000,1113,"['753004503', '742501953', '742321009', '841339020', '741900412']",True,sample
LIBRARY_RAW,LANDING,PORTAL_ARC_HARRIS_COUNTY_OP_D354D2D6E2,USER_ZIP_C,71,TEXT,YES,ZIP,GEO,False,True,place,257,83,7,"['77036', '77063', '77074', '77081', '77082']",False,
LIBRARY_RAW,LANDING,PORTAL_ARC_HARRIS_COUNTY_OP_86AE12CFC0,NPI,4,TEXT,YES,NPI,STEEL,False,True,provider,1128,1128,1128,"['1003164450', '1770094013', '1053078055', '1912930736', '1639468036']",True,sample
LIBRARY_RAW,LANDING,FED_OSHA_ITA_300A_SUMMARY_2023,ZIP_CODE,9,TEXT,YES,ZIP,GEO,False,True,place,394234,379816,25150,"['20814', '90810', '27828', '68803', '29732']",True,landing
LIBRARY_RAW,RETIRED,FED_CMS_OPEN_PAYMENTS_GNRL,Recipient_Country,17,TEXT,YES,COUNTRY,GEO,False,True,place,15397627,15397626,33,"['Afghanistan', 'Pakistan', 'United Arab Emirates', 'Canada', 'United States']",False,
LIBRARY_RAW,LANDING,FED_DHS_YEARBOOK,COUNTRY_OF_LAST_RESIDENCE,3,TEXT,YES,COUNTRY,GEO,False,True,place,27,0,0,[''],False,
LIBRARY_RAW,LANDING,FED_FAA_DATA_PORTAL,FIPS,11,TEXT,YES,FIPS,GEO,False,True,place,4,0,0,[''],False,
LIBRARY_RAW,LANDING,PORTAL_ARC_HARRIS_COUNTY_OP_EA34BDDB5D,ZIP,7,TEXT,YES,ZIP,GEO,False,True,place,13,13,12,"['77204', '77058', '77505', '77022', '77520']",False,
LIBRARY_RAW,LANDING,PORTAL_ARC_TUCSON_OPEN_DATA_7B6232F22D,ZIP,47,TEXT,YES,ZIP,GEO,False,True,place,2000,1996,187,"['85702', '68179', '85726', '85714', '00000']",False,
LIBRARY_RAW,LANDING,PORTAL_ARC_TUCSON_OPEN_DATA_86A898EF77,ZIP,40,TEXT,YES,ZIP,GEO,False,True,place,1532,1529,237,"['00000', '85711', '85701', '68179', '85726']",False,
LIBRARY_RAW,LANDING,PORTAL_ARC_ATLANTA_DATAATLA_4AB9F9E31E,ZIP,8,TEXT,YES,ZIP,GEO,False,True,place,681,681,30,"['30310', '30309', '30313', '30312', '30307']",False,
LIBRARY_RAW,LANDING,FED_FJC_IDB_CIVIL,DOCKET,4,TEXT,YES,DOCKET,STRONG,False,True,case,10857396,10857396,1332996,"['8001844', '8202401', '8402591', '8403406', '8202659']",False,
LIBRARY_RAW,LANDING,PORTAL_ARC_WISCONSIN_OPEN_D_022EFD1AE5,ZIP,9,TEXT,YES,ZIP,GEO,False,True,place,2,2,2,"['53792', '53226']",False,
LIBRARY_RAW,LANDING,PORTAL_ARC_LA_COUNTY_OPEN_D_1EDD056661,NPI,12,TEXT,YES,NPI,STEEL,False,True,provider,2000,759,708,"['nan', '1114367497', '1558407254', '1487865184', '1134535743']",True,sample
LIBRARY_RAW,LANDING,FED_OSHA_ITA_CASE_DETAIL_2023,ZIP_CODE,9,TEXT,YES,ZIP,GEO,False,True,place,890934,849023,16219,"['605E6', '22973', '75006', '18104', '52405']",True,landing
LIBRARY_RAW,LANDING,FED_NTSB_AVIATION_EVENTS,EV_SITE_ZIPCODE,11,TEXT,YES,ZIP,GEO,False,True,place,30968,24238,8871,"['95476', '20724', '92507', '34239', '94551']",False,
LIBRARY_RAW,LANDING,PORTAL_SOC_COLORADO_INFORMA_46101BE391,POSTAL_CODE,7,TEXT,YES,ZIP,GEO,False,True,place,2000,1992,364,"['81501', '80933', '80209', '800125324', '800214028']",True,sample
LIBRARY_RAW,LANDING,XC_UK_SANCTIONS_LIST,COUNTRY_OF_BIRTH,44,TEXT,YES,COUNTRY,GEO,False,True,place,57883,22022,128,"['Yemen', 'Russia', 'Pakistan', 'Saudi Arabia', '']",False,
LIBRARY_RAW,LANDING,PORTAL_CKA_HOUSTON_OPEN_DAT_1612361F51,ZIP,3,TEXT,YES,ZIP,GEO,False,True,place,37,34,12,"['77010', '77057', '77019', '', '77006']",False,
LIBRARY_RAW,LANDING,PORTAL_ARC_TUCSON_OPEN_DATA_A54A25CA53,SITE_ZIP,53,TEXT,YES,ZIP,GEO,False,True,place,2000,1654,6,"['85719', '85745', '', '85705', '85704']",False,
LIBRARY_RAW,LANDING,PORTAL_SOC_PA_OPEN_DATA_POR_5A9F04BB9C,ZIP,113,TEXT,YES,ZIP,GEO,False,True,place,1712,1308,16,"['16046-0827', '10577', '16046', '15237', '54981']",False,
LIBRARY_RAW,LANDING,PORTAL_ARC_WISCONSIN_OPEN_D_717F8037EB,STATE_FIPS,15,TEXT,YES,FIPS,GEO,False,True,place,9,9,1,['55'],False,
LIBRARY_RAW,LANDING,PORTAL_CKA_WPRDC_ALLEGHENY_F38F393B45,FIPS,8,TEXT,YES,FIPS,GEO,False,True,place,161,161,129,"['19856', '53136', '21024', '24160', '83512']",False,
LIBRARY_RAW,LANDING,PORTAL_SOC_UTAH_OPEN_DATA_P_55EF6EF0C6,NPI,1,TEXT,YES,NPI,STEEL,False,True,provider,2000,2000,766,"['1003080409', '1003808940', '1013412063', '1013985522', '1013317361']",True,sample
LIBRARY_RAW,LANDING,PORTAL_ARC_HARRIS_COUNTY_OP_CAF5C156E3,USER_CCN,73,TEXT,YES,CCN,STEEL,False,True,facility,526,14,14,"['45C0001567', '45C0001085', '45C0001376', '45C0001017', '45C0001493']",True,sample
LIBRARY_RAW,LANDING,PORTAL_ARC_TUCSON_OPEN_DATA_82607FBFC9,DOCKET,35,TEXT,YES,DOCKET,STRONG,False,True,case,2000,1983,1070,"['0', '12082', '7592', '6638', '11038']",False,
LIBRARY_RAW,LANDING,FED_CMS_SKILLED_NURSING_FACILITY_ENROLLMENTS,NPI,5,TEXT,YES,NPI,STEEL,True,True,provider,14425,14425,14421,"['1912906694', '1760477558', '1972584290', '1528051901', '1346210291']",True,landing
LIBRARY_RAW,LANDING,XC_RANSOMWARELIVE_VICTIMS_FULL_R2,COUNTRY,6,TEXT,YES,COUNTRY,GEO,False,True,place,30661,22620,184,"['NL', 'US', 'RO', 'TW', 'CH']",False,
LIBRARY_RAW,LANDING,FED_CMS_OPEN_PAYMENTS_2022,CCN,3,TEXT,YES,CCN,STEEL,False,True,facility,13306564,39020,1217,"['', '180088', '420004', '110064', '210008']",True,landing
LIBRARY_RAW,LANDING,PORTAL_ARC_TUCSON_OPEN_DATA_664D252729,COUNTRY,51,TEXT,YES,COUNTRY,GEO,False,True,place,2000,2000,3,"['PUERTO RICO', 'nan', 'KUWAIT']",False,
LIBRARY_RAW,LANDING,PORTAL_ARC_TUCSON_OPEN_DATA_B8BE43CF1C,POSTAL_CODE,51,TEXT,YES,ZIP,GEO,False,True,place,2000,1998,247,"['60661-7752', '85705-4114', '92020-1119', '89108-6836', '85754-6182']",False,
LIBRARY_RAW,LANDING,PORTAL_ARC_TUCSON_OPEN_DATA_90CC86DC8C,POSTAL_CODE,51,TEXT,YES,ZIP,GEO,False,True,place,2000,1994,270,"['92708-6445', '85705-3705', '77092-8420', '85746-3352', '85741-0000']",False,
LIBRARY_RAW,LANDING,PORTAL_ARC_TUCSON_OPEN_DATA_82607FBFC9,POSTAL_CODE,50,TEXT,YES,ZIP,GEO,False,True,place,2000,1977,100,"['85741-2610', '85741-3136', '85741-3141', '85711-3780', '85741-2613']",False,
LIBRARY_RAW,LANDING,FED_CMS_SKILLED_NURSING_FACILITY_ENROLLMENTS,CCN,7,TEXT,YES,CCN,STEEL,True,True,facility,14425,14250,14250,"['445463', '366050', '265361', '105770', '345501']",True,landing
LIBRARY_RAW,LANDING,PORTAL_ARC_LA_COUNTY_OPEN_D_0A94DB308E,FIPS_COUNTY_CODE,54,TEXT,YES,FIPS,GEO,False,True,place,93,93,1,['6037'],True,sample
LIBRARY_RAW,LANDING,PORTAL_SOC_AUSTIN_OPEN_DATA_0B4C639A1C,COUNT_DISTINCT_EIN,6,TEXT,YES,EIN,STEEL,False,True,organization,526,526,1,['1'],False,
LIBRARY_RAW,LANDING,PORTAL_ARC_LA_COUNTY_OPEN_D_A77E98386F,ZIP,8,TEXT,YES,ZIP,GEO,False,True,place,2000,2000,265,"['93243', '93536', '93543', '90011', '90057']",False,
LIBRARY_RAW,LANDING,PORTAL_ARC_ATLANTA_DATAATLA_93AA493487,ZIP,7,TEXT,YES,ZIP,GEO,False,True,place,280,280,12,"['30315', '30308', '30331', '30303', '30318']",False,
LIBRARY_RAW,LANDING,PORTAL_ARC_TUCSON_OPEN_DATA_A0293B412C,ZIP,40,TEXT,YES,ZIP,GEO,False,True,place,144,144,35,"['85705', '85703', '85621', '85233', '85749']",False,
LIBRARY_RAW,LANDING,INTL_GE_DATAGOV,COUNTRY,11,TEXT,YES,COUNTRY,GEO,False,True,place,1,1,1,['Georgia'],False,
LIBRARY_RAW,LANDING,PORTAL_CKA_WPRDC_ALLEGHENY_680EA60076,FIPS,5,TEXT,YES,FIPS,GEO,False,True,place,130,130,129,"['13392', '22576', '8008', '3932', '69400']",False,
LIBRARY_RAW,LANDING,PORTAL_ARC_TUCSON_OPEN_DATA_7672DB717A,ZIP,41,TEXT,YES,ZIP,GEO,False,True,place,2000,1998,148,"['85705', '75075', '85712', '85929', '85745']",False,
LIBRARY_RAW,LANDING,PORTAL_SOC_UTAH_OPEN_DATA_P_62BB6C079E,REFERRING_NPI,1,TEXT,YES,NPI,STEEL,False,True,provider,2000,2000,397,"['1518069020', '1427037738', '1427020221', '1417974098', '1558394692']",True,sample
LIBRARY_RAW,LANDING,PORTAL_ARC_LA_COUNTY_OPEN_D_1A6706943D,FIPS_COUNT,36,TEXT,YES,FIPS,GEO,False,True,place,2000,2000,1,['06037'],True,sample
LIBRARY_RAW,LANDING,PORTAL_ARC_TUCSON_OPEN_DATA_4B31591F91,SITE_ZIP,55,TEXT,YES,ZIP,GEO,False,True,place,2000,1997,21,"['85749', '85711', '85715', '85747', '85705']",False,
LIBRARY_RAW,LANDING,PORTAL_ARC_HARRIS_COUNTY_OP_12691A85A0,ZIP,7,TEXT,YES,ZIP,GEO,False,True,place,38,38,22,"['77573', '77058', '77565', '77598', '77586']",False,
LIBRARY_RAW,LANDING,PORTAL_ARC_TUCSON_OPEN_DATA_7B6232F22D,COUNTRY,41,TEXT,YES,COUNTRY,GEO,False,True,place,2000,2000,2,"['nan', 'CANADA']",False,
LIBRARY_RAW,LANDING,FED_SEC_DERA_SUB_2026Q1,EIN,20,TEXT,YES,EIN,STEEL,True,True,organization,6169,4530,4236,"['420935283', '061241288', '752847135', '453051284', '981032170']",True,landing
LIBRARY_RAW,LANDING,FED_SBIR_STTR_AWARDS,ZIP,30,TEXT,YES,ZIP,GEO,False,True,place,219503,210917,7495,"['01760-1023', '19146-2701', '94588-8599', '92130', '07024-6007']",True,landing
LIBRARY_RAW,LANDING,PORTAL_ARC_HARRIS_COUNTY_OP_2718B3279A,USER_CCN,73,TEXT,YES,CCN,STEEL,False,True,facility,77,0,0,"['670102.0', '450847.0', '670109.0', '450193.0', '450644.0']",False,
LIBRARY_RAW,LANDING,PORTAL_ARC_TUCSON_OPEN_DATA_9B42294E74,DOCKET,10,TEXT,YES,DOCKET,STRONG,False,True,case,38,38,9,"['10878', '00776', '11176', '08554', '12218']",False,
LIBRARY_RAW,LANDING,PORTAL_ARC_WISCONSIN_OPEN_D_B2EFA24715,COUNTY_FIPS,17,TEXT,YES,FIPS,GEO,False,True,place,14,14,14,"['109', '129', '113', '31', '3']",False,
LIBRARY_RAW,LANDING,PORTAL_ARC_TUCSON_OPEN_DATA_65A6CDEF8F,ZIP,7,TEXT,YES,ZIP,GEO,False,True,place,76,75,9,"['85745', 'nan', '85724', '85719', '85705']",False,
LIBRARY_RAW,PUBLIC,IRELAND_COMPANIES,COUNTRY,3,TEXT,YES,COUNTRY,GEO,False,True,place,821693,821693,1,['IE'],False,
LIBRARY_RAW,LANDING,PORTAL_ARC_OPEN_DATA_DC_8C6EF16235,STATE_FIPS,3,TEXT,YES,FIPS,GEO,False,True,place,204,204,1,['11'],False,
LIBRARY_RAW,LANDING,PORTAL_CKA_WPRDC_ALLEGHENY_A4E9CE945B,DECEDENT_ZIP,18,TEXT,YES,ZIP,GEO,False,True,place,7723,0,0,[''],False,
LIBRARY_RAW,LANDING,PORTAL_ARC_TUCSON_OPEN_DATA_7672DB717A,GEOID,74,TEXT,YES,FIPS,GEO,False,True,place,2000,2000,8,"['04019004511', '04019004505', '04019004513', '04019002602', '04019001304']",False,
LIBRARY_RAW,LANDING,FED_USASPENDING_CONTRACTS_FULL,primary_place_of_performance_zip_4,82,TEXT,YES,ZIP,GEO,False,True,place,20000000,18172811,30209,"['152061297', '174065602', '802152838', '554172309', '232490001']",True,landing
LIBRARY_RAW,LANDING,PORTAL_ARC_HARRIS_COUNTY_OP_2718B3279A,USER_MAILING_ZIP,87,TEXT,YES,ZIP,GEO,False,True,place,77,77,35,"['77072', '77030', '77389', '77401', '77015']",False,
LIBRARY_RAW,LANDING,PORTAL_ARC_HARRIS_COUNTY_OP_CAF5C156E3,IN_COUNTRYCODE,69,TEXT,YES,COUNTRY,GEO,False,True,place,526,0,0,[''],True,sample
LIBRARY_RAW,LANDING,FED_EPA_ICIS_FEC_ICIS_FEC_EPA_INSPECTIONS,REGISTRY_ID,1,TEXT,YES,FRS_ID,STEEL,True,True,facility,260556,259137,156326,"['110030541199', '110028064555', '110055212871', '110055212899', '110014082651']",True,landing
LIBRARY_RAW,LANDING,PORTAL_ARC_OPEN_DATA_DC_74D9616143,BSTP_SWK_HAS_CCN,33,TEXT,YES,CCN,STEEL,False,True,facility,2000,0,0,"['Y', 'U', 'N', 'E']",False,
LIBRARY_RAW,LANDING,PORTAL_ARC_LA_COUNTY_OPEN_D_92EFBD96E7,ZIP,10,TEXT,YES,ZIP,GEO,False,True,place,126,126,117,"['91780', '90028', '90022', '90001', '90029']",False,
LIBRARY_RAW,LANDING,FED_CMS_FISCAL_INTERMEDIARY_SHARED_SYSTEM_ATTENDING_AND_RENDERING,NPI,1,TEXT,YES,NPI,STEEL,True,True,provider,2047828,2047828,2047826,"['1588775548', '1295293009', '1508151663', '1972040137', '1003514944']",True,landing
LIBRARY_RAW,LANDING,PORTAL_ARC_HARRIS_COUNTY_OP_EA34BDDB5D,COUNTRY,15,TEXT,YES,COUNTRY,GEO,False,True,place,13,13,1,['USA'],False,
LIBRARY_RAW,LANDING,FED_EPA_SDWA_SDWA_PUB_WATER_SYSTEMS,PWSID,2,TEXT,YES,PWSID,STEEL,True,True,facility,434040,434040,434040,"['MN5181096', 'OH7657612', 'CT0340141', 'CA3600149', 'WY5600632']",True,landing
LIBRARY_RAW,LANDING,PORTAL_ARC_HARRIS_COUNTY_OP_374D2E791F,COUNTRY,48,TEXT,YES,COUNTRY,GEO,False,True,place,77,77,1,['USA'],False,
LIBRARY_RAW,LANDING,FED_EPA_FRS_FRS_PROGRAM_LINKS,FIPS_CODE,9,TEXT,YES,FIPS,GEO,False,True,place,4406498,2918970,6672,"['RI007', '26031', '53067', '08123', 'IL021']",True,landing
LIBRARY_RAW,LANDING,PORTAL_ARC_WISCONSIN_OPEN_D_4EBC995C5D,NPI_ID,27,TEXT,YES,NPI,STEEL,False,True,provider,56,0,0,"['nan', '<Null>']",False,
LIBRARY_RAW,LANDING,PORTAL_ARC_TUCSON_OPEN_DATA_AD408FDF6D,SITE_ZIP,53,TEXT,YES,ZIP,GEO,False,True,place,2000,1687,12,"['', '85745', '85741', '85718', '85704']",False,
LIBRARY_RAW,LANDING,FED_IRS_EO_BMF,EIN,1,TEXT,YES,EIN,STEEL,True,True,organization,1983563,1983563,1983563,"['010211536', '010207850', '000765634', '010211484', '000587764']",True,landing
LIBRARY_RAW,LANDING,FED_DOL_FORM5500,PREPARER_US_ZIP,128,TEXT,YES,ZIP,GEO,False,True,place,33484,0,0,[''],True,landing
LIBRARY_RAW,LANDING,PORTAL_ARC_TUCSON_OPEN_DATA_4B31591F91,DOCKET,38,TEXT,YES,DOCKET,STRONG,False,True,case,2000,2000,50,"['12586', '0', '11453', '12892', '11927']",False,
LIBRARY_RAW,LANDING,FED_ICE_DETENTION_STINTS,DEPARTURE_COUNTRY,36,TEXT,YES,COUNTRY,GEO,False,True,place,2617844,1860844,216,"['GUATEMALA', 'ECUADOR', 'COLOMBIA', 'MEXICO', 'CANADA']",True,landing
LIBRARY_RAW,LANDING,PORTAL_ARC_TUCSON_OPEN_DATA_CDD4037DF8,SITE_ZIP,54,TEXT,YES,ZIP,GEO,False,True,place,2000,1788,4,"['85705', '85743', '85745', '', '85741']",False,
LIBRARY_RAW,LANDING,FED_IRS_REVOCATION,EIN,1,TEXT,YES,EIN,STEEL,True,True,organization,1206628,1206627,1187366,"['956076073', '956091709', '956087533', '956076368', '956081080']",True,landing
LIBRARY_RAW,LANDING,PORTAL_ARC_TUCSON_OPEN_DATA_63C0193FF1,SITE_ZIP,53,TEXT,YES,ZIP,GEO,False,True,place,18,4,3,"['85705', '85746', '', '85706']",False,
LIBRARY_RAW,LANDING,INTL_ISO_MIC_REGISTRY,ISO_COUNTRY_CODE_ISO_3166,9,TEXT,YES,COUNTRY,GEO,False,True,place,2864,2863,148,"['GB', 'NO', 'ES', 'CA', 'US']",True,landing
LIBRARY_RAW,LANDING,PORTAL_ARC_ATLANTA_DATAATLA_B9DC3DFA97,SUP_DOCKET,12,TEXT,YES,DOCKET,STRONG,False,True,case,598,596,556,"['U-18-008', 'U-12-001', 'U-16-035', 'U-09-019', 'U-06-012']",False,
LIBRARY_RAW,LANDING,PORTAL_ARC_TUCSON_OPEN_DATA_F5DCF594AF,POSTAL_CODE,53,TEXT,YES,ZIP,GEO,False,True,place,2000,1994,261,"['00000-0000', '85711-1102', '85718-8104', '21030-7610', '85756-5278']",False,
LIBRARY_RAW,LANDING,FED_EPA_NPDES_NPDES_QNCR_HISTORY,NPDES_ID,1,TEXT,YES,NPDES_ID,STEEL,True,True,facility,7951656,7951656,690126,"['AK0000396', 'AK0000507', 'AK0000426', 'AK0000434', 'AK0000493']",True,landing
LIBRARY_RAW,LANDING,PORTAL_ARC_TUCSON_OPEN_DATA_A937D836B3,SITE_ZIP,53,TEXT,YES,ZIP,GEO,False,True,place,2000,1893,3,"['85705', '85741', '85745', '']",False,
LIBRARY_RAW,LANDING,PORTAL_SOC_COLORADO_INFORMA_1D5CFAD830,HUD_ZIPCODE,15,TEXT,YES,ZIP,GEO,False,True,place,2000,842,475,"['77459', '92123', '56093', '62246', '74014']",False,
LIBRARY_RAW,LANDING,FED_CMS_RURAL_HEALTH_CLINIC_ENROLLMENTS,MULTIPLE_NPI_FLAG,6,TEXT,YES,NPI,STEEL,False,True,provider,5530,0,0,"['N', 'Y']",True,landing
LIBRARY_RAW,LANDING,FED_SAM_EXCLUSIONS,COUNTRY,21,TEXT,YES,COUNTRY,GEO,False,True,place,10000,9993,79,"['USA', 'MEX', 'KOR', 'QAT', 'XGZ']",False,
LIBRARY_RAW,LANDING,PORTAL_ARC_ATLANTA_DATAATLA_D6C1E3B844,ZIP,93,TEXT,YES,ZIP,GEO,False,True,place,395,395,1,['30314'],False,
LIBRARY_RAW,LANDING,FED_EPA_ENVIROFACTS,POSTAL_CODE,5,TEXT,YES,ZIP,GEO,False,True,place,5000,5000,1109,"['007391558', '00602', '006050434', '006600262', '007362860']",False,
LIBRARY_RAW,LANDING,FED_IRS_BMF,ZIP,7,TEXT,YES,ZIP,GEO,False,True,place,1974830,1974830,37033,"['11570-4607', '11530-4620', '11565-1438', '11733-3742', '11213-5211']",True,landing
LIBRARY_RAW,LANDING,PORTAL_SOC_UTAH_OPEN_DATA_P_A9B7E273C8,PROVIDER_CCN,2,TEXT,YES,CCN,STEEL,False,True,facility,61,61,59,"['463025', '460014', '462003', '463301', '461302']",True,sample
LIBRARY_RAW,LANDING,PORTAL_ARC_OPEN_DATA_DC_F37F5DDC3D,POSTAL_CODE,23,TEXT,YES,ZIP,GEO,False,True,place,40,40,20,"['20037', '20009', '20004', '20010', '20008']",False,
LIBRARY_RAW,LANDING,FED_CMS_MEDICARE_DIALYSIS_FACILITIES,NPI,7,TEXT,YES,NPI,STEEL,False,True,provider,12456456,12411454,8140,"['1205938404', '1881627263', '1063445443', '1558473397', '1720043714']",True,landing
LIBRARY_RAW,LANDING,PORTAL_ARC_OPEN_DATA_DC_F37F5DDC3D,ISO_COUNTRY_CODE,24,TEXT,YES,COUNTRY,GEO,False,True,place,40,40,1,['US'],False,
LIBRARY_RAW,LANDING,FED_SEC_DERA_SUB_2024Q1,EIN,20,TEXT,YES,EIN,STEEL,True,True,organization,6028,4632,4238,"['901494749', '371858472', '330728374', '882870106', '770523891']",True,landing
LIBRARY_RAW,LANDING,PORTAL_CKA_ISRAEL_NATIONAL_6272F09A75,ZIP_CODE,8,TEXT,YES,ZIP,GEO,False,True,place,17,6,6,"['6688314', '', '6688310', '7574602', '9446759']",False,
LIBRARY_RAW,LANDING,PORTAL_SOC_DATALA_LOS_ANGEL_361B8161B7,ZIP_CODE,5,TEXT,YES,ZIP,GEO,False,True,place,2000,1998,327,"['90015-4412', '90063-4144', '92627-4381', '90012-1866', '90019-1806']",False,
LIBRARY_RAW,LANDING,PORTAL_ARC_TUCSON_OPEN_DATA_14C7AA5CCF,ZIP,7,TEXT,YES,ZIP,GEO,False,True,place,19,19,6,"['85745', '85711', '85713', '85716', '85719']",False,
LIBRARY_RAW,LANDING,PORTAL_SOC_UTAH_OPEN_DATA_P_6862B465D5,SUBAWARDEE_DUNS,18,TEXT,YES,DUNS,STEEL,False,True,organization,1883,1879,239,"['9095365', '72983406', '93115772', '73008047', '100673086']",True,sample
LIBRARY_RAW,RETIRED,FED_CMS_OPEN_PAYMENTS_GNRL,Country_of_Travel,49,TEXT,YES,COUNTRY,GEO,False,True,place,15397627,589765,98,"['Colombia', 'Korea (Republic of)', 'Australia', 'United States', 'China']",False,
LIBRARY_RAW,LANDING,FED_CMS_POS_OTHER,FIPS_CNTY_CD,32,TEXT,YES,FIPS,GEO,False,True,place,44429,44113,321,"['069', '095', '039', '029', '071']",True,landing
LIBRARY_RAW,LANDING,FED_EPA_AIR_EMISSIONS_POLL_RPT_COMBINED_EMISSIONS,REGISTRY_ID,2,TEXT,YES,FRS_ID,STEEL,True,True,facility,10411826,10411826,162513,"['110014262715', '110058289784', '110000410868', '110018887953', '110001916393']",True,landing
LIBRARY_RAW,LANDING,FED_DOL_OFLC,WORKSITE_POSTAL_CODE_10,242,TEXT,YES,ZIP,GEO,False,True,place,664616,275,172,"['63121', '94117', '43212', '94066', '']",False,
LIBRARY_RAW,LANDING,PORTAL_CKA_ANALYZE_BOSTON_DD269D0A1D,ZIP_L,33,TEXT,YES,ZIP,GEO,False,True,place,10000,15,2,"['', '02118', '02124']",False,
LIBRARY_RAW,LANDING,PORTAL_CKA_WPRDC_ALLEGHENY_8DDE33B4BE,ZIPCODE,10,TEXT,YES,ZIP,GEO,False,True,place,253,253,91,"['15210', '15220', '15219', '15116', '15211']",False,
LIBRARY_RAW,LANDING,PORTAL_ARC_TUCSON_OPEN_DATA_CDD4037DF8,COUNTRY,51,TEXT,YES,COUNTRY,GEO,False,True,place,2000,0,0,[''],False,
LIBRARY_RAW,LANDING,PORTAL_ARC_WISCONSIN_OPEN_D_601E691159,ZIP,9,TEXT,YES,ZIP,GEO,False,True,place,1,1,1,['54449'],False,
LIBRARY_RAW,LANDING,PORTAL_ARC_LA_COUNTY_OPEN_D_AD0B3DB8CD,ZIP,8,TEXT,YES,ZIP,GEO,False,True,place,22,22,14,"['90006', '90047', '90010', '90044', '90017']",False,
LIBRARY_RAW,LANDING,PORTAL_ARC_HARRIS_COUNTY_OP_5AB72D4A23,MAILING_ZIP,88,TEXT,YES,ZIP,GEO,False,True,place,526,0,0,"['77701.0', '79925.0', '77342.0', '78041.0', '79604.0']",True,sample
LIBRARY_RAW,LANDING,PORTAL_CKA_ANALYZE_BOSTON_F5E467A238,ZIP,8,TEXT,YES,ZIP,GEO,False,True,place,87,87,22,"['02121', '02130', '02215', '02122', '02136']",False,
LIBRARY_RAW,LANDING,PORTAL_SOC_UTAH_OPEN_DATA_P_5EF25AF42C,IMPUTED_PROVIDER_NPI,3,TEXT,YES,NPI,STEEL,False,True,provider,2000,1304,222,"['1093816282', '1497284681', '1609046853', '1407116742', '1073611364;1952505117']",True,sample
LIBRARY_RAW,LANDING,PORTAL_CKA_CALIFORNIA_OPEN_A6FC6EE30B,ZIP,12,TEXT,YES,ZIP,GEO,False,True,place,3040,1679,334,"['93726', '91764', '95640', '93550', '95448']",False,
LIBRARY_RAW,LANDING,PORTAL_ARC_TUCSON_OPEN_DATA_575B865A46,ZIP,40,TEXT,YES,ZIP,GEO,False,True,place,53,53,3,"['85705', '85726', '00000']",False,
LIBRARY_RAW,LANDING,PORTAL_ARC_HARRIS_COUNTY_OP_3E3BFD2059,IN_COUNTRY,69,TEXT,YES,COUNTRY,GEO,False,True,place,254,0,0,[' '],False,
LIBRARY_RAW,LANDING,PORTAL_CKA_WESTERN_PENNSYLV_20E1A330CE,ZIP,8,TEXT,YES,ZIP,GEO,False,True,place,672,671,90,"['15217', '15215', '15143', '15137', '15218']",False,
LIBRARY_RAW,LANDING,PORTAL_ARC_TUCSON_OPEN_DATA_EE2E5DB309,DOCKET,36,TEXT,YES,DOCKET,STRONG,False,True,case,2000,2000,733,"['10166', '13546', '13701', '10169', '12548']",False,
LIBRARY_RAW,LANDING,PORTAL_CKA_VIRGINIA_OPEN_DA_AC3869EE0E,ZIP,18,TEXT,YES,ZIP,GEO,False,True,place,10000,9984,447,"['23059', '26294', '24402-2833', '24402', '81101']",False,
LIBRARY_RAW,LANDING,PORTAL_ARC_TUCSON_OPEN_DATA_78A99CB261,DOCKET,10,TEXT,YES,DOCKET,STRONG,False,True,case,2000,2000,958,"['12705', '6672', '11393', '6470', '6762']",False,
LIBRARY_RAW,LANDING,PORTAL_ARC_OPEN_BALTIMORE_6C2257F1C4,CCN,26,TEXT,YES,CCN,STEEL,False,True,facility,21,21,21,"['210024', '213300', '210040', '210009', '210038']",True,sample
LIBRARY_RAW,LANDING,PORTAL_SOC_DELAWARE_OPEN_DA_EB5F15ED0E,DOCKET_NO,7,TEXT,YES,DOCKET,STRONG,False,True,case,67,67,59,"['25-0455', '25-0490', '25-0491', '25-0598', '22-0855']",False,
LIBRARY_RAW,LANDING,PORTAL_ARC_TUCSON_OPEN_DATA_63C0193FF1,COUNTRY,50,TEXT,YES,COUNTRY,GEO,False,True,place,18,0,0,[''],False,
LIBRARY_RAW,LANDING,FED_EPA_SDWA_SDWA_LCR_SAMPLES,PWSID,2,TEXT,YES,PWSID,STEEL,True,True,facility,927415,927415,89800,"['010307001', '010502002', '010502003', '010106001', '010109005']",True,landing
LIBRARY_RAW,LANDING,PORTAL_ARC_ATLANTA_DATAATLA_AAF9599F45,SUP_DOCKET,12,TEXT,YES,DOCKET,STRONG,False,True,case,118,116,81,"['U-09-008', 'U-03-006', 'U-95-045', 'U-92-023', 'U-07-042']",False,
LIBRARY_RAW,LANDING,FED_OFAC_SDN,IMO,13,TEXT,YES,IMO,STEEL,True,True,vessel,19115,2032,2030,"['9187629', '9187655', '9187643', '8412467', '9357389']",True,landing
LIBRARY_RAW,LANDING,IRS527_8871_ORGS,CUSTODIAN_ZIP_EXT,22,TEXT,YES,ZIP,GEO,False,True,place,77591,0,0,"['0806', '3099', '0601', '0202', '']",False,
LIBRARY_RAW,LANDING,FED_USCOURTS_STATS,FIPS_CODE,10,TEXT,YES,FIPS,GEO,False,True,place,50,0,0,[''],False,
LIBRARY_RAW,LANDING,FED_COURTLISTENER_ORIGINATING_COURT_INFO,ASSIGNED_TO_ID,14,TEXT,YES,CL_PERSON_ID,STEEL,True,True,person,973419,32857,1520,"['736', '3362', '794', '2955', '2080']",True,landing
LIBRARY_RAW,LANDING,PORTAL_ARC_TUCSON_OPEN_DATA_86A898EF77,SITE_ZIP,53,TEXT,YES,ZIP,GEO,False,True,place,1532,1016,25,"['85704', '85741', '85705', '', '85745']",False,
LIBRARY_RAW,LANDING,PORTAL_ARC_HARRIS_COUNTY_OP_3304C540B7,ZIP_4_EXTENSION,18,TEXT,YES,ZIP,GEO,False,True,place,645,0,0,"['3989', '5532', '3823', 'nan', '5019']",False,
LIBRARY_RAW,LANDING,PORTAL_ARC_TUCSON_OPEN_DATA_5D84AF2604,SITE_ZIP,53,TEXT,YES,ZIP,GEO,False,True,place,190,185,5,"['', '85719', '85713', '85701', '85745']",False,
LIBRARY_RAW,LANDING,PORTAL_SOC_UTAH_OPEN_DATA_P_6862B465D5,SUBAWARDEE_COUNTRY_NAME,29,TEXT,YES,COUNTRY,GEO,False,True,place,1883,1883,2,"['UNITED STATES', 'nan']",True,sample
LIBRARY_RAW,LANDING,FED_US_USASPENDING_API,RECIPIENT_LOCATION_FIPS,26,TEXT,YES,FIPS,GEO,False,True,place,300,0,0,[''],False,
LIBRARY_RAW,LANDING,PORTAL_ARC_TUCSON_OPEN_DATA_A54A25CA53,DOCKET,36,TEXT,YES,DOCKET,STRONG,False,True,case,2000,2000,650,"['13848', '7053', '11787', '12249', '12708']",False,
LIBRARY_RAW,LANDING,PORTAL_ARC_TUCSON_OPEN_DATA_FA71372C44,SITE_ZIP,53,TEXT,YES,ZIP,GEO,False,True,place,2000,1585,5,"['85713', '85701', '85719', '85705', '85745']",False,
LIBRARY_RAW,LANDING,PORTAL_ARC_TUCSON_OPEN_DATA_89DF24D316,DOCKET,37,TEXT,YES,DOCKET,STRONG,False,True,case,2000,1999,1002,"['0', '3700', '11114', '5330', '7611']",False,
LIBRARY_RAW,LANDING,FED_USASPENDING_BULK,RECIPIENT_COUNTRY_NAME,60,TEXT,YES,COUNTRY,GEO,False,True,place,50000,50000,88,"['UNITED STATES', 'KENYA', 'NETHERLANDS', 'TANZANIA', 'VIETNAM']",True,landing
LIBRARY_RAW,LANDING,PORTAL_ARC_WISCONSIN_OPEN_D_07CF3C3824,COUNTY_FIPS,17,TEXT,YES,FIPS,GEO,False,True,place,2,2,2,"['25', '79']",False,
LIBRARY_RAW,LANDING,INTL_UN_SC_CONSOLIDATED_SANCTIONS,INDIVIDUAL_ADDRESS_ZIP_CODE,51,TEXT,YES,ZIP,GEO,False,True,place,1011,6,6,"['53229', '53129', '21073', '0578', '65127']",False,
LIBRARY_RAW,LANDING,FED_COURTLISTENER_DOCKETS,DOCKET_NUMBER_RAW,53,TEXT,YES,DOCKET,STRONG,False,True,case,71677647,68649620,20369250,"['3:95-cr-00092', '2:98-bk-20913', '93-40625', '5:02-cv-04198', '03-80926']",True,landing
LIBRARY_RAW,LANDING,PORTAL_ARC_LA_COUNTY_OPEN_D_2E79EB67C8,POSTAL_CODE,7,TEXT,YES,ZIP,GEO,False,True,place,2000,2000,71,"['90044', '90020', '90304', '90005', '90061']",False,
LIBRARY_RAW,LANDING,PORTAL_ARC_TUCSON_OPEN_DATA_28F95EBB76,SITE_ZIP,53,TEXT,YES,ZIP,GEO,False,True,place,23,12,3,"['85705', '85701', '', '85719']",False,
LIBRARY_RAW,LANDING,PORTAL_SOC_UTAH_OPEN_DATA_P_E801B0732D,PATENT_NR,7,TEXT,YES,PATENT,STEEL,False,True,asset,2000,2000,503,"['1055879', '967610', 'ACQ 1/2 Mim', 'Federal', 'RECON']",False,
LIBRARY_RAW,LANDING,FED_HUD_PUBLIC_HOUSING_AUTHORITIES,STD_ZIP5,75,TEXT,YES,ZIP,GEO,False,True,place,3787,3785,3480,"['00659', '00773', '00641', '01060', '00784']",False,
LIBRARY_RAW,LANDING,PORTAL_SOC_COLORADO_INFORMA_B4DD509314,EIN,4,TEXT,YES,EIN,STEEL,False,True,organization,2000,2000,1230,"['260505334', '264028327', '201419753', '841342438', '840685056']",True,sample
LIBRARY_RAW,LANDING,PORTAL_CKA_ANALYZE_BOSTON_941E6C1D15,ZIPCODE,6,TEXT,YES,ZIP,GEO,False,True,place,26,26,20,"['02136', '02130', '02124', '02129', '02119']",False,
LIBRARY_RAW,LANDING,PORTAL_CKA_ANALYZE_BOSTON_824B1B659E,PROJECT_ZIP_CODE,7,TEXT,YES,ZIP,GEO,False,True,place,988,912,40,"['02118', '02127', '02123', '02119', '02116']",False,
LIBRARY_RAW,LANDING,INTL_GDELT,ACTOR2GEO_COUNTRYCODE,31,TEXT,YES,COUNTRY,GEO,False,True,place,1015,0,0,"['6.0', '3.0', '3.8', '2.8', '1.9']",False,
LIBRARY_RAW,LANDING,PORTAL_SOC_UTAH_OPEN_DATA_P_F8CDD62630,PROVIDER_POSTAL_CODE,7,TEXT,YES,ZIP,GEO,False,True,place,1968,1968,100,"['84066-2203', '84765-0697', '84098-1630', '84321-8504', '84004-1679']",True,sample
LIBRARY_RAW,LANDING,PORTAL_ARC_LA_COUNTY_OPEN_D_73B029DCD6,ZIP,7,TEXT,YES,ZIP,GEO,False,True,place,1801,1801,249,"['91361', '90275', '90265', '90277', '90254']",False,
LIBRARY_RAW,LANDING,PORTAL_CKA_ANALYZE_BOSTON_B4C5E99B0A,MAIL_ZIP_CODE,23,TEXT,YES,ZIP,GEO,False,True,place,10000,9994,406,"['02128', '02458', '02111', '02131', '01845']",False,
LIBRARY_RAW,LANDING,PORTAL_ARC_TUCSON_OPEN_DATA_7B6232F22D,SITE_ZIP,44,TEXT,YES,ZIP,GEO,False,True,place,2000,1834,4,"['85705', '85745', '', '85741', '85743']",False,
LIBRARY_RAW,LANDING,PORTAL_ARC_LA_COUNTY_OPEN_D_E85041E063,ZIP,8,TEXT,YES,ZIP,GEO,False,True,place,1818,1818,256,"['90024', '90221', '90025', '90013', '90650']",False,
LIBRARY_RAW,LANDING,PORTAL_SOC_UTAH_OPEN_DATA_P_F1292B8D2F,PARENT_COMPANY_ZIP_CODE,12,TEXT,YES,ZIP,GEO,False,True,place,249,160,110,"['370670000', '553440000', '140520000', '222090000', '712030000']",True,sample
LIBRARY_RAW,LANDING,PORTAL_ARC_TUCSON_OPEN_DATA_4FB5EA68FC,SITE_ZIP,53,TEXT,YES,ZIP,GEO,False,True,place,2000,1027,14,"['85745', '', '85743', '85705', '85741']",False,
LIBRARY_RAW,LANDING,FED_NOAA_STORM_EVENTS,CZ_FIPS,15,TEXT,YES,FIPS,GEO,False,True,place,1780730,1780730,681,"['506', '27', '12', '504', '97']",False,
LIBRARY_RAW,LANDING,PORTAL_SOC_UTAH_OPEN_DATA_P_4EBA247771,PROVIDER_NPI,3,TEXT,YES,NPI,STEEL,False,True,provider,2000,2000,420,"['1659630457', '1659622033', '1578763702', '1275669970', '1679956445']",True,sample
LIBRARY_RAW,LANDING,FED_SEC_INSIDER_REPORTINGOWNER,RPTOWNER_ZIPCODE,11,TEXT,YES,ZIP,GEO,False,True,place,1934673,1867552,7189,"['96813', '95110', '62301', '75201', '77340']",True,landing
LIBRARY_RAW,LANDING,FED_ED_EDFACTS,STATE_FIPS,2,TEXT,YES,FIPS,GEO,False,True,place,33,0,0,[''],False,
LIBRARY_RAW,LANDING,FED_CMS_NPPES,NPI_DEACTIVATION_DATE,40,TEXT,YES,NPI,STEEL,False,True,provider,9606683,364602,6084,"['03/06/2024', '', '12/31/2008', '07/21/2020', '06/16/2022']",True,landing
LIBRARY_RAW,LANDING,PORTAL_ARC_MARICOPA_COUNTY_91150B6A88,ACC_DOCKET,3,TEXT,YES,DOCKET,STRONG,False,True,case,195,184,52,"['WS2043', 'WS1775', 'SW4265', 'SW3709', 'SW4026']",False,
LIBRARY_RAW,LANDING,PORTAL_SOC_COLORADO_INFORMA_DE6C8A6901,HUD_ZIPCODE,15,TEXT,YES,ZIP,GEO,False,True,place,2000,774,429,"['77803', '56093', '75501', '62246', '37243']",False,
LIBRARY_RAW,LANDING,FED_CMS_HOSPITAL_COMPARE,ZIP_CODE,6,TEXT,YES,ZIP,GEO,False,True,place,5432,5432,4724,"['36467', '35233', '36617', '85704', '36067']",False,
LIBRARY_RAW,LANDING,PORTAL_ARC_ATLANTA_DATAATLA_4C51545609,ZIP,7,TEXT,YES,ZIP,GEO,False,True,place,106,106,20,"['30306', '30342', '30322', '30308', '30329']",False,
LIBRARY_RAW,LANDING,PORTAL_ARC_OPEN_DATA_DC_9A20CE1FC5,CCN_ANONYMIZED,2,TEXT,YES,CCN,STEEL,False,True,facility,2000,0,0,"['0x6EB39A9A205A611FB6F5532EDD97D4E9784D422BE09547AFC5859F76528072D7', '0xE92EA1790161FDF1FABEE2E56AAE77AFD6C11426B5B18B3FA03BD053C82B4F74', '0x6C9441E39529EDEA3C2DB4DE93414BF9267F6330E038363EBE12829B0A8C13D2', '0x499FC180175001E75C85D034CB17B89AB24FACD6BAEB55ECDBC18E412301D15D', '0x6F142DA5A8926150D4651B11E39ACFB209418BD6BE6B201E8F1168FA398D83FA']",False,
LIBRARY_RAW,LANDING,FED_ED_COLLEGE_SCORECARD_INSTITUTION,ST_FIPS,18,TEXT,YES,FIPS,GEO,False,True,place,6273,6273,59,"['4', '2', '35', '1', '5']",False,
LIBRARY_RAW,LANDING,PORTAL_SOC_UTAH_OPEN_DATA_P_5EF68422FF,RECIPIENT_DUNS,22,TEXT,YES,DUNS,STEEL,False,True,organization,2000,2000,695,"['961604365', '197863947', '161289558', '877041632', '8983355']",True,sample
LIBRARY_RAW,LANDING,PORTAL_CKA_ANALYZE_BOSTON_E4C004D662,ZIP_CODE,17,TEXT,YES,ZIP,GEO,False,True,place,10000,9923,33,"['02128', '02130', '02121', '02118', '02119']",False,
LIBRARY_RAW,LANDING,PORTAL_ARC_TUCSON_OPEN_DATA_55D5164315,SCHOOLS_ZIP,14,TEXT,YES,ZIP,GEO,False,True,place,60,60,22,"['85716', '85710', '85711', '85741', '85719']",False,
LIBRARY_RAW,LANDING,FED_EIA860_2_PLANT,ZIP,8,TEXT,YES,ZIP,GEO,False,True,place,16132,14199,7183,"['35476', '93602', '95666', '99661', '99664']",False,
LIBRARY_RAW,LANDING,PORTAL_CKA_WPRDC_ALLEGHENY_DE448D04D4,ZIP_CODE,9,TEXT,YES,ZIP,GEO,False,True,place,10000,10000,62,"['15104', '15025', '15139', '15017', '15225']",True,sample
LIBRARY_RAW,LANDING,XC_CENSUS_CB_ZCTA,GEOID20,3,TEXT,YES,FIPS,GEO,False,True,place,33791,33791,33791,"['92040', '25045', '19383', '75941', '11970']",False,
LIBRARY_RAW,LANDING,FED_CMS_NPPES,REPLACEMENT_NPI,3,TEXT,YES,NPI,STEEL,False,True,provider,9606683,82,82,"['1215254800', '1841596053', '1891011672', '1659695955', '1932103280']",True,landing
LIBRARY_RAW,LANDING,PORTAL_CKA_SAN_JOSE_OPEN_DA_EF31016039,ZIPCODE,6,TEXT,YES,ZIP,GEO,False,True,place,25,25,22,"['95125', '95118', '95117', '95112', '95120']",False,
LIBRARY_RAW,LANDING,FED_CMS_MAIN,ZIP,10,TEXT,YES,ZIP,GEO,False,True,place,158,0,0,[''],False,
LIBRARY_RAW,LANDING,PORTAL_SOC_UTAH_OPEN_DATA_P_C357F1F9E1,PLAN_EIN,5,TEXT,YES,EIN,STEEL,False,True,organization,28,28,28,"['87-0495960', '71-1009611', '38-3023403', '87-0643818', '87-0536150']",True,sample
LIBRARY_RAW,LANDING,FED_BOP_STATISTICS,STATE_FIPS,7,TEXT,YES,FIPS,GEO,False,True,place,50,0,0,[''],False,
LIBRARY_RAW,LANDING,PORTAL_CKA_CALIFORNIA_OPEN_9C50AEF41D,ZIP_CODE,2,TEXT,YES,ZIP,GEO,False,True,place,1721,1721,1721,"['90023', '90810', '91208', '00012', '00016']",False,
LIBRARY_RAW,LANDING,PORTAL_ARC_TUCSON_OPEN_DATA_FA71372C44,ZIP,40,TEXT,YES,ZIP,GEO,False,True,place,2000,1997,240,"['85210', '85719', '85705', '83617', '85704']",False,
LIBRARY_RAW,LANDING,FED_USASPENDING_ASSISTANCE_FULL,recipient_zip_last_4_code,63,TEXT,YES,ZIP,GEO,False,True,place,19902879,0,0,"['4166', '7096', '4107', '3846', '1827']",True,landing
LIBRARY_RAW,LANDING,PORTAL_ARC_TUCSON_OPEN_DATA_70CEDCB206,COUNTRY,50,TEXT,YES,COUNTRY,GEO,False,True,place,2000,2000,2,"['CANADA', 'nan']",False,
LIBRARY_RAW,LANDING,INTL_UCDP_GED,COUNTRY,34,TEXT,YES,COUNTRY,GEO,False,True,place,385918,385918,124,"['United States of America', 'United Arab Emirates', 'Uzbekistan', 'Ukraine', 'Venezuela']",False,
LIBRARY_RAW,LANDING,PORTAL_CKA_WESTERN_PENNSYLV_D078E6F18C,USER_ZIPCODE,12,TEXT,YES,ZIP,GEO,False,True,place,1327,1306,97,"['15143', '15234', '15202', '15227', '15215']",False,
LIBRARY_RAW,LANDING,PORTAL_ARC_LA_COUNTY_OPEN_D_0A94DB308E,CCN,10,TEXT,YES,CCN,STEEL,False,True,facility,93,90,85,"['050717', '050056', '050158', '050677', '050040']",True,sample
LIBRARY_RAW,LANDING,FED_NLM_DAILYMED_SPL_SETID_MAP,ZIP_FILE_NAME,2,TEXT,YES,ZIP,GEO,False,True,place,158452,0,0,"['20240131_94d13f48-fbca-67b4-e053-2995a90a791b.zip', '20200419_a338f711-734c-07d3-e053-2a95a90aed79.zip', '20200419_a39f4d92-398f-59cd-e053-2995a90a4f49.zip', '20250110_999b1c7b-3495-926a-e053-2a95a90ab206.zip', '20221203_bcd6b09f-d296-4eef-a6d0-34f32e8f48b4.zip']",False,
LIBRARY_RAW,LANDING,FED_EPA_SDWA_SDWA_PN_VIOLATION_ASSOC,PWSID,2,TEXT,YES,PWSID,STEEL,True,True,facility,387627,387627,42034,"['050595303', '010502002', '055294503', '010106001', '055295706']",True,landing
LIBRARY_RAW,LANDING,PORTAL_SOC_TEXAS_OPEN_DATA_F525266F32,ZIP_CODE,8,TEXT,YES,ZIP,GEO,False,True,place,474,473,278,"['77663', '77358', '77833', '78676', '76825']",False,
LIBRARY_RAW,LANDING,PORTAL_ARC_LA_COUNTY_OPEN_D_501C20229C,USER_MAILING_ZIP_CODE,12,TEXT,YES,ZIP,GEO,False,True,place,1247,603,146,"['90701-2629', '90723-3907', '90003-3319', '90051-0377', '90062-1642']",False,
LIBRARY_RAW,LANDING,PORTAL_CKA_INDIANA_DATA_HUB_BD531B17F6,FIPS,2,TEXT,YES,FIPS,GEO,False,True,place,92,92,92,"['18141', '18159', '18001', '18009', '18083']",False,
LIBRARY_RAW,LANDING,PORTAL_ARC_TUCSON_OPEN_DATA_688A84DDBF,DOCKET_PAGE,59,TEXT,YES,DOCKET,STRONG,False,True,case,2000,2000,338,"['9925/1511', '9350/931', '10108/2019', '10779/1286', '9756/1212']",False,
LIBRARY_RAW,LANDING,PORTAL_ARC_WISCONSIN_OPEN_D_CB1509F410,ZIP,9,TEXT,YES,ZIP,GEO,False,True,place,42,42,40,"['54495', '54451', '54476', '53405', '54701']",False,
LIBRARY_RAW,LANDING,PORTAL_ARC_TUCSON_OPEN_DATA_B77E902275,COUNTRY,50,TEXT,YES,COUNTRY,GEO,False,True,place,2000,2000,2,"['ISRAEL', 'nan']",False,
LIBRARY_RAW,LANDING,PORTAL_CKA_WESTERN_PENNSYLV_DCE73F8EFA,FIPS,8,TEXT,YES,FIPS,GEO,False,True,place,161,161,129,"['49920', '21024', '52330', '66320', '19856']",False,
LIBRARY_RAW,LANDING,PORTAL_SOC_TEXAS_OPEN_DATA_F525266F32,CCN_NO,1,TEXT,YES,CCN,STEEL,False,True,facility,474,465,463,"['10107', '12631', '11930', '12086', '11603']",False,
LIBRARY_RAW,LANDING,PORTAL_SOC_UTAH_OPEN_DATA_P_5EF68422FF,COUNTRY_OF_PRODUCT_OR_SERVICE,61,TEXT,YES,COUNTRY,GEO,False,True,place,2000,2000,4,"['NAN', 'USA', 'AUS', 'nan', 'CAN']",True,sample
LIBRARY_RAW,LANDING,FED_EPA_SDWA_SDWA_SITE_VISITS,PWSID,2,TEXT,YES,PWSID,STEEL,True,True,facility,2495249,2495249,267052,"['AL0001164', 'AL0001163', 'AL0001241', 'AL0001165', 'AL0001167']",True,landing
LIBRARY_RAW,LANDING,FED_DOL_FORM5500,ADMIN_FOREIGN_CNTRY,74,TEXT,YES,COUNTRY,GEO,False,True,place,33484,1,1,"['', 'IN']",True,landing
LIBRARY_RAW,LANDING,FED_FEC_BULK_LINKAGES,CMTE_ID,4,TEXT,YES,FEC_CMTE_ID,STEEL,True,True,organization,16327,16327,11427,"['C00714337', 'C00737429', 'C00697540', 'C00749440', 'C00714592']",True,landing
LIBRARY_RAW,LANDING,PORTAL_ARC_HARRIS_COUNTY_OP_167EC31B95,COUNTRY,47,TEXT,YES,COUNTRY,GEO,False,True,place,96,95,1,"['USA', ' ']",False,
LIBRARY_RAW,LANDING,PORTAL_ARC_HARRIS_COUNTY_OP_D048520A99,COUNTRY,48,TEXT,YES,COUNTRY,GEO,False,True,place,254,254,1,['USA'],False,
LIBRARY_RAW,LANDING,PORTAL_ARC_HARRIS_COUNTY_OP_F22D53C24D,CCN,73,TEXT,YES,CCN,STEEL,False,True,facility,56,0,0,"['454101.0', '454069.0', '454139.0', '454127.0', '454029.0']",False,
LIBRARY_RAW,LANDING,PORTAL_ARC_HARRIS_COUNTY_OP_FE2134F2C8,USER_ZIP,80,TEXT,YES,ZIP,GEO,False,True,place,526,526,238,"['79606', '79604', '77054', '79416', '75001']",True,sample
LIBRARY_RAW,LANDING,PORTAL_ARC_TUCSON_OPEN_DATA_7E21327FCB,DOCKET,36,TEXT,YES,DOCKET,STRONG,False,True,case,294,294,94,"['362', '5578', '6061', '7071', '0']",False,
LIBRARY_RAW,LANDING,INT_UK_COMPANIES_HOUSE,RegAddress.Country,9,TEXT,YES,COUNTRY,GEO,False,True,place,5734780,4813556,206,"['SCOTLAND', 'ENGLAND', '', 'WALES', 'UNITED KINGDOM']",True,landing
LIBRARY_RAW,LANDING,PORTAL_ARC_TUCSON_OPEN_DATA_CDD4037DF8,POSTAL_CODE,52,TEXT,YES,ZIP,GEO,False,True,place,2000,0,0,[''],False,
LIBRARY_RAW,LANDING,PORTAL_SOC_UTAH_OPEN_DATA_P_F1292B8D2F,DUNS_NO,31,TEXT,YES,DUNS,STEEL,False,True,organization,249,216,185,"['6748251', '24251254', '832386429', '5006861', '609795757']",True,sample
LIBRARY_RAW,LANDING,PORTAL_ARC_HARRIS_COUNTY_OP_E87E81379A,ZIP,8,TEXT,YES,ZIP,GEO,False,True,place,34,34,18,"['77573', '77089', '77059', '77058', '77504']",False,
LIBRARY_RAW,LANDING,FED_CMS_HOME_HEALTH_AGENCY_ENROLLMENTS,NPI,5,TEXT,YES,NPI,STEEL,True,True,provider,11508,11508,11467,"['1568444933', '1548393978', '1639373715', '1205835873', '1457434003']",True,landing
LIBRARY_RAW,LANDING,PORTAL_ARC_TUCSON_OPEN_DATA_80B28FB6D7,COUNTRY,50,TEXT,YES,COUNTRY,GEO,False,True,place,21,0,0,[''],False,
LIBRARY_RAW,LANDING,PORTAL_ARC_ORANGE_COUNTY_OP_644FB9535B,ZIP,7,TEXT,YES,ZIP,GEO,False,True,place,9,0,0,[''],False,
LIBRARY_RAW,LANDING,FED_CMS_OPEN_PAYMENTS_2023,RECIPIENT_COUNTRY,17,TEXT,YES,COUNTRY,GEO,False,True,place,14700786,14700786,33,"['India', 'Argentina', 'United States', 'Canada', 'United States Minor Outlying Islands']",True,landing
LIBRARY_RAW,LANDING,FED_DOL_FORM5500,SPONS_DFE_LOC_US_ZIP,54,TEXT,YES,ZIP,GEO,False,True,place,33484,2827,1891,"['', '241213227', '303395995', '800305210', '297157707']",True,landing
LIBRARY_RAW,LANDING,PORTAL_ARC_TUCSON_OPEN_DATA_69487E016F,COUNTRY,50,TEXT,YES,COUNTRY,GEO,False,True,place,1031,1031,3,"['CANADA', 'nan', 'GERMANY']",False,
LIBRARY_RAW,LANDING,PORTAL_SOC_UTAH_OPEN_DATA_P_4C3C656C61,PATENT_NBR,15,TEXT,YES,PATENT,STEEL,False,True,asset,2000,2000,1026,"['P-19674-1-415', 'P-19709-1-518', 'P-20361-118-19', 'P-19708-1-478', 'P-19674-1-421']",False,
LIBRARY_RAW,LANDING,FED_EPA_SDWA_SDWA_FACILITIES,SELLER_PWSID,14,TEXT,YES,PWSID,STEEL,False,True,facility,1554832,49222,12907,"['MI0005880', 'NY0000001', 'AL0000561', 'NC0187020', 'CT1040011']",True,landing
LIBRARY_RAW,LANDING,PORTAL_SOC_PA_OPEN_DATA_POR_5A9F04BB9C,MAIL_COUNTRY,20,TEXT,YES,COUNTRY,GEO,False,True,place,1712,1712,1,['US'],False,
LIBRARY_RAW,LANDING,FED_SENATE_LDA_FILINGS,REGISTRANT_COUNTRY,15,TEXT,YES,COUNTRY,GEO,False,True,place,273821,273821,18,"['GB', 'CN', 'BE', 'DE', 'CA']",False,
LIBRARY_RAW,LANDING,FED_USASPENDING_BULK,PRIMARY_PLACE_OF_PERFORMANCE_COUNTRY_CODE,74,TEXT,YES,COUNTRY,GEO,False,True,place,50000,45226,133,"['USA', 'KHM', 'MEX', '', 'MYS']",True,landing
LIBRARY_RAW,LANDING,PORTAL_ARC_ATLANTA_DATAATLA_DDCDF8F47F,ZIP,7,TEXT,YES,ZIP,GEO,False,True,place,2000,1997,7,"['30311', '30315', '30344', '30331', '30310']",False,
LIBRARY_RAW,LANDING,IRS527_8871_ORGS,MAILING_ZIP_EXT,13,TEXT,YES,ZIP,GEO,False,True,place,77591,0,0,"['0601', '3099', '4572', '0806', '']",False,
LIBRARY_RAW,LANDING,FED_DOL_FORM5500,EIN,5,TEXT,YES,EIN,STEEL,False,True,organization,33484,0,0,[''],True,landing
LIBRARY_RAW,LANDING,PORTAL_ARC_TUCSON_OPEN_DATA_4FB5EA68FC,POSTAL_CODE,51,TEXT,YES,ZIP,GEO,False,True,place,2000,2000,136,"['85726-7210', '85701-1332', '85701-1207', '85704-1045', '00000-0000']",False,
LIBRARY_RAW,LANDING,FED_CMS_QUALITY_PAYMENT_PROGRAM_EXPERIENCE,NPI,7,TEXT,YES,NPI,STEEL,True,True,provider,503917,503917,453202,"['1881741213', '1295221695', '1750838280', '1093110520', '1992216121']",True,landing
LIBRARY_RAW,LANDING,INTL_ISO_MIC_REGISTRY,LEI,6,TEXT,YES,LEI,STEEL,True,True,organization,2864,2231,1060,"['959800UP9ANDBHTKJ408', '89450009PB956K9AQ693', '5493006GZOHISU7JTC27', '549300PSF3R0OJC39C84', '529900ATC8BZSUEI4F96']",True,landing
LIBRARY_RAW,LANDING,PORTAL_CKA_CALIFORNIA_OPEN_CC3CA4C413,OFFSITE_ZIP,13,TEXT,YES,ZIP,GEO,False,True,place,9788,1994,440,"['95757', '95823', '95632', '95816-0000', '95642']",False,
LIBRARY_RAW,LANDING,PORTAL_ARC_TUCSON_OPEN_DATA_90C091B01B,ZIP,40,TEXT,YES,ZIP,GEO,False,True,place,2000,2000,15,"['85726', '85701', '85705', '85702', '85719']",False,
LIBRARY_RAW,LANDING,PORTAL_ARC_TUCSON_OPEN_DATA_172A59FDF6,ZIP,7,TEXT,YES,ZIP,GEO,False,True,place,4,4,1,['85745'],False,
LIBRARY_RAW,LANDING,FED_CDC_DATA_PORTAL,FIPS,5,TEXT,YES,FIPS,GEO,False,True,place,15000,0,0,[''],False,
LIBRARY_RAW,LANDING,PORTAL_ARC_HARRIS_COUNTY_OP_8CE538DBE3,COUNTRY,50,TEXT,YES,COUNTRY,GEO,False,True,place,2000,1931,1,"['USA', ' ']",False,
LIBRARY_RAW,LANDING,PORTAL_ARC_HARRIS_COUNTY_OP_1F4D98F329,ZIP_CODE,17,TEXT,YES,ZIP,GEO,False,True,place,1143,1123,65,"['77081', '77063', 'nan', '77036', '77074']",False,
LIBRARY_RAW,LANDING,PORTAL_ARC_WISCONSIN_OPEN_D_CB1509F410,COUNTY_FIPS,17,TEXT,YES,FIPS,GEO,False,True,place,42,42,27,"['141', '35', '89', '111', '17']",False,
LIBRARY_RAW,LANDING,PORTAL_CKA_WPRDC_ALLEGHENY_1D9621E88D,ZIP,9,TEXT,YES,ZIP,GEO,False,True,place,46,46,42,"['15106', '15024', '15102', '15014', '15017']",False,
LIBRARY_RAW,LANDING,PORTAL_ARC_TN_DATA_TENNESSE_B3E1127384,ZIPCODE,17,TEXT,YES,ZIP,GEO,False,True,place,2000,0,0,"['37331.0', '38261.0', '37040.0', '37650.0', '37055.0']",False,
LIBRARY_RAW,LANDING,FED_GOOGLE_POLADS_GEO_SPEND,COUNTRY,1,TEXT,YES,COUNTRY,GEO,False,True,place,1289,1289,12,"['CL', 'AR', 'GB', 'MX', 'IN']",False,
LIBRARY_RAW,LANDING,FED_EIA860_4_OWNER,OWNER_ZIP,12,TEXT,YES,ZIP,GEO,False,True,place,5496,4662,643,"['71361', '33102', '75604', '74119', '5446']",False,
LIBRARY_RAW,LANDING,PORTAL_SOC_PA_OPEN_DATA_POR_5A9F04BB9C,MAIL_ZIP,21,TEXT,YES,ZIP,GEO,False,True,place,1712,1712,13,"['16046', '16066', '17402', '18018', '16946']",False,
LIBRARY_RAW,LANDING,FED_CMS_DIALYSIS,ZIP_CODE,11,TEXT,YES,ZIP,GEO,False,True,place,7557,7557,5202,"['35401', '86442', '36037', '85120', '85714']",True,landing
LIBRARY_RAW,LANDING,PORTAL_ARC_OPEN_DATA_DC_5B867C795C,CCN_REV,2,TEXT,YES,CCN,STEEL,False,True,facility,133,0,0,"['16045956', '12044929', '16105271', '11004219', '11018971']",False,
LIBRARY_RAW,LANDING,PORTAL_CKA_WESTERN_PENNSYLV_57184A8FE4,GEOID,6,TEXT,YES,FIPS,GEO,False,True,place,394,394,394,"['42003565300', '42003426800', '42003447000', '42003474201', '42003488300']",False,
LIBRARY_RAW,LANDING,FED_USASPENDING_CONTRACTS,RECIPIENT_COUNTRY_NAME,22,TEXT,YES,COUNTRY,GEO,False,True,place,6325622,6325525,181,"['UNITED KINGDOM', 'UNITED STATES', 'UNITED ARAB EMIRATES', 'ROMANIA', 'BULGARIA']",True,landing
LIBRARY_RAW,LANDING,INT_UK_COMPANIES_HOUSE,CompanyNumber,2,TEXT,YES,COMPANY_NO,STEEL,True,True,organization,5734780,5734779,5734779,"['14521467', '15318977', '17130105', '17116536', '16276595']",True,landing
LIBRARY_RAW,LANDING,PORTAL_ARC_TUCSON_OPEN_DATA_6E966EDC1B,COUNTRY,50,TEXT,YES,COUNTRY,GEO,False,True,place,176,0,0,[''],False,
LIBRARY_RAW,LANDING,PORTAL_SOC_UTAH_OPEN_DATA_P_ACB06F036D,PATENT_NBR,15,TEXT,YES,PATENT,STEEL,False,True,asset,2000,2000,1269,"['P-20391-102-C420', 'P-20361-32-123', 'P-19440-1-605', 'P-20361-37-22', 'P-20391-120-D254']",False,
LIBRARY_RAW,LANDING,PORTAL_CKA_SAN_JOSE_OPEN_DA_B701CDA393,ZIP,10,TEXT,YES,ZIP,GEO,False,True,place,42,42,24,"['95110', '95125', '95126', '95111', '95112']",False,
LIBRARY_RAW,LANDING,FED_US_USASPENDING_API,RECIPIENT_UEI,4,TEXT,YES,UEI,STEEL,False,True,organization,300,0,0,[''],False,
LIBRARY_RAW,LANDING,PORTAL_SOC_UTAH_OPEN_DATA_P_FB07CFAF59,ALTERNATE_CCN_1,3,TEXT,YES,CCN,STEEL,False,True,facility,37,8,8,"['460010', '462300', '460001', '462319', 'nan']",False,
LIBRARY_RAW,LANDING,PORTAL_ARC_TUCSON_OPEN_DATA_9E24E86B9A,ZIP,40,TEXT,YES,ZIP,GEO,False,True,place,2,2,2,"['00000', '85726']",False,
LIBRARY_RAW,LANDING,PORTAL_SOC_COLORADO_INFORMA_1D5CFAD830,APPR_COUNTY_FIPS,2,TEXT,YES,FIPS,GEO,False,True,place,2000,2000,369,"['48039', '17005', '39001', '48037', '5123']",False,
LIBRARY_RAW,LANDING,PORTAL_ARC_WAKE_COUNTY_OPEN_4B425FD089,IN_COUNTRYCODE,70,TEXT,YES,COUNTRY,GEO,False,True,place,2000,0,0,[''],True,sample
LIBRARY_RAW,LANDING,FED_MSHA_VIOLATIONS,DOCKET_STATUS_CD,57,TEXT,YES,DOCKET,STRONG,False,True,case,3087266,192916,2,"['""Accepted""', '""Proposed""', '']",True,landing
LIBRARY_RAW,LANDING,FED_CMS_HOSPITAL_ENROLLMENTS,CAH_OR_HOSPITAL_CCN,39,TEXT,YES,CCN,STEEL,False,True,facility,9175,27,27,"['450078', '170150', '041314', '451345|45Z345', '450348']",True,landing
LIBRARY_RAW,LANDING,FED_WQP_MONITORING_STATIONS,COUNTRYCODE,25,TEXT,YES,COUNTRY,GEO,False,True,place,5818,5818,1,['US'],False,
LIBRARY_RAW,LANDING,PORTAL_ARC_HARRIS_COUNTY_OP_6133483DE0,ZIP,19,TEXT,YES,ZIP,GEO,False,True,place,67,62,10,"['77091', '77044', '77503', '77074', '77505']",False,
LIBRARY_RAW,LANDING,FED_EPA_FRS_FULL,COUNTRY_NAME,11,TEXT,YES,COUNTRY,GEO,False,True,place,5300149,4184400,82,"['', 'UNITED STATES', 'NEW JERSEY', 'UNITED STATES OF AMERICA', 'USA']",True,landing
LIBRARY_RAW,LANDING,FED_CMS_HOME_HEALTH_AGENCY_ENROLLMENTS,MULTIPLE_NPI_FLAG,6,TEXT,YES,NPI,STEEL,False,True,provider,11508,0,0,"['N', 'Y']",True,landing
LIBRARY_RAW,LANDING,PORTAL_ARC_HARRIS_COUNTY_OP_E68ADDC07C,IN_COUNTRY,69,TEXT,YES,COUNTRY,GEO,False,True,place,33,0,0,[' '],False,
LIBRARY_RAW,LANDING,PORTAL_ARC_TUCSON_OPEN_DATA_EC706EAD4C,DOCKET,36,TEXT,YES,DOCKET,STRONG,False,True,case,437,437,128,"['8536', '9740', '10183', '0', '12589']",False,
LIBRARY_RAW,LANDING,PORTAL_CKA_OPEN_DATA_SA_5B3CE659E5,ZIP,7,TEXT,YES,ZIP,GEO,False,True,place,108,108,43,"['78219', '78240', '78238', '78214', '78247']",False,
LIBRARY_RAW,LANDING,FED_CFPB_HMDA_ARID2017_LEI_XREF,LEI_2018,3,TEXT,YES,LEI,STEEL,False,True,organization,5399,5399,5399,"['RA4FKR1AA05ZK88M8034', '549300OQ3UC55Y6EPP22', '549300X0240UXBEJNV56', '549300B4NFKK32EM2C60', '549300KR4ZW8KJC82O47']",True,landing
LIBRARY_RAW,LANDING,FED_COURTLISTENER_COURTHOUSES,ZIP_CODE,9,TEXT,YES,ZIP,GEO,False,True,place,3361,4,2,"['22314', '33801']",True,landing
LIBRARY_RAW,LANDING,PORTAL_SOC_UTAH_OPEN_DATA_P_990C78C284,BILLING_PROVIDER_NPI,2,TEXT,YES,NPI,STEEL,False,True,provider,2000,2000,108,"['1003000969', '1003014648', '1003001553', '1003006180', '1003078403']",True,sample
LIBRARY_RAW,LANDING,FED_CMS_OPEN_PAYMENTS_2022,COUNTRY_OF_TRAVEL,49,TEXT,YES,COUNTRY,GEO,False,True,place,13306564,474042,86,"['', 'Italy', 'Austria', 'Denmark', 'United States']",True,landing
LIBRARY_RAW,LANDING,PORTAL_SOC_PA_OPEN_DATA_POR_7D4F8FCE94,STATE_FIPS,3,TEXT,YES,FIPS,GEO,False,True,place,1428,1428,1,['42'],False,
LIBRARY_RAW,LANDING,PORTAL_ARC_TUCSON_OPEN_DATA_8AAD75BF85,COUNTRY,50,TEXT,YES,COUNTRY,GEO,False,True,place,119,0,0,[''],False,
LIBRARY_RAW,LANDING,INTL_EG_CAPMAS,COUNTRY,7,TEXT,YES,COUNTRY,GEO,False,True,place,150,150,1,['Egypt'],False,
LIBRARY_RAW,LANDING,PORTAL_ARC_ORANGE_COUNTY_OP_75EFFF54D5,ZIP,7,TEXT,YES,ZIP,GEO,False,True,place,59,14,6,"['92706', 'Commercial', 'nan', '92880', '92655']",False,
LIBRARY_RAW,LANDING,PORTAL_ARC_TUCSON_OPEN_DATA_89DF24D316,SITE_ZIP,54,TEXT,YES,ZIP,GEO,False,True,place,2000,1993,1,"['', '85705']",False,
LIBRARY_RAW,LANDING,PORTAL_ARC_OPEN_DATA_DC_8C6EF16235,COUNTY_FIPS,4,TEXT,YES,FIPS,GEO,False,True,place,204,204,1,['001'],False,
LIBRARY_RAW,LANDING,PORTAL_SOC_COLORADO_INFORMA_1D5CFAD830,COUNTY_FIPS,7,TEXT,YES,FIPS,GEO,False,True,place,2000,2000,300,"['21161', '48041', '5123', '27161', '17005']",False,
LIBRARY_MARTS,TIMELINE,HEALTH__FED_HRSA_HPSA_PRIMARY_CARE,STATE_COUNTY_FIPS_CODE,68,TEXT,YES,FIPS,GEO,False,True,place,79158,79158,3235,"['34007', '08001', '48303', '06033', '30061']",False,
LIBRARY_MARTS,TIMELINE,FINANCE__FED_SEC_DERA_SUB_2026Q1,EIN,24,TEXT,YES,EIN,STEEL,False,True,organization,6169,4530,4236,"['210419870', '350472300', '992913448', '870500306', '520880974']",True,mirror_of_wired_landing
LIBRARY_MARTS,PROCUREMENT,PROCUREMENT__FED_USASPENDING_BULK,RECIPIENT_PARENT_UEI,55,TEXT,YES,UEI,STEEL,False,True,organization,49613,49610,9807,"['KA5HQCLKUVW1', 'UHQXMN6SPBS8', 'MSBTMNAYAW55', 'SD6KWN6SUPC1', 'NK98HN55TJ65']",True,mirror_of_wired_landing
LIBRARY_MARTS,ENVIRONMENT,ENVIRONMENT__XC_EPA_CORPORATE_CROSSWALK,MATCHED_LEI,3,TEXT,YES,LEI,STEEL,False,True,organization,5300149,279621,22743,"['549300FT4SKNW686A554', '5493008YBXJ9UD1ZZX78', '2549009BZT3EAIT6YG56', '9C1X8XOOTYY2FNYTVH06', '254900SWFR3KS9HI2W07']",False,
LIBRARY_MARTS,POLITICS,POLITICS__ST_NYC_CFB_CAMPAIGN_2021_CONTRIBUTIONS,ZIP,23,TEXT,YES,ZIP,GEO,False,True,place,457521,433883,9019,"['19041', '10804', '11422', '90068', '11418']",False,
LIBRARY_MARTS,IMMIGRATION,IMMIGRATION__FED_ICE_DETAINERS,CITIZENSHIP_COUNTRY,12,TEXT,YES,COUNTRY,GEO,False,True,place,609769,609769,209,"['LAOS', 'KOSOVO', 'ITALY', 'CUBA', 'UNKNOWN']",True,mirror_of_wired_landing
LIBRARY_MARTS,POLITICS,POLITICS__ST_NYC_CFB_CAMPAIGN_2013_CONTRIBUTION,ZIP,23,TEXT,YES,ZIP,GEO,False,True,place,197968,187664,3831,"['7030', '10023', '11377', '11410', '10065']",False,
LIBRARY_MARTS,REFERENCE,REFERENCE__CENSUS_CB_COUNTY,STATEFP,1,TEXT,YES,FIPS,GEO,False,True,place,3235,3235,56,"['39', '72', '55', '17', '13']",False,
LIBRARY_MARTS,ECONOMICS,ECONOMICS__INTL_GLEIF,ENTITY_OTHERADDRESSES_OTHERADDRESS_2_POSTALCODE,83,TEXT,YES,ZIP,GEO,False,True,place,3382301,8162,2477,"['', '266001', '999077', '341700', '201203']",True,mirror_of_wired_landing
LIBRARY_MARTS,TIMELINE,JUSTICE__FED_COURTLISTENER_DOCKETS,COURT_ID,47,TEXT,YES,CL_COURT_ID,STEEL,False,True,organization,71677647,71677647,2199,"['ctb', 'azd', 'tnmb', 'wawd', 'hid']",True,mirror_of_wired_landing
LIBRARY_MARTS,IMMIGRATION,IMMIGRATION__FED_DOL_OFLC,WORKSITE_POSTAL_CODE_8,200,TEXT,YES,ZIP,GEO,False,True,place,664616,534,323,"['', '30303', '61244', '45011', '7002']",False,
LIBRARY_MARTS,FINANCE,FINANCE__FED_FDIC_SOD_BRANCH_DEPOSITS,INSTITUTION_COUNTRY,50,TEXT,YES,COUNTRY,GEO,False,True,place,2823000,2784162,36,"['American Samoa', 'Federated States Of Micronesia', 'United States', 'France (Other)', 'England']",False,
LIBRARY_MARTS,POLITICS,POLITICS__ST_NYC_CFB_CAMPAIGN_2025_CONTRIBUTIONS,INTERMEDIARY_ZIP,41,TEXT,YES,ZIP,GEO,False,True,place,259537,7940,150,"['11217', '30024', '11366', '11010', '10075']",False,
LIBRARY_MARTS,IMMIGRATION,IMMIGRATION__FED_ICE_DETAINERS,DEPARTURE_COUNTRY,56,TEXT,YES,COUNTRY,GEO,False,True,place,609769,188160,195,"['GUATEMALA', 'ECUADOR', 'SPAIN', 'MEXICO', 'PERU']",True,mirror_of_wired_landing
LIBRARY_MARTS,ENVIRONMENT,ENVIRONMENT__FED_EPA_NPDES_NPDES_QNCR_HISTORY,NPDES_ID,1,TEXT,YES,NPDES_ID,STEEL,False,True,facility,7951656,7951656,690126,"['INRA13076', 'INRA13453', 'INRA13078', 'TN0076015', 'INRA13454']",True,mirror_of_wired_landing
LIBRARY_MARTS,POLITICS,POLITICS__IRS527_RELATED_ENTITIES,ENTITY_ZIP_EXT,12,TEXT,YES,ZIP,GEO,False,True,place,64835,0,0,"['3727', '1120', '3526', '0601', '2343']",True,mirror_of_wired_landing
LIBRARY_MARTS,TIMELINE,HEALTH__FED_CMS_OPEN_PAYMENTS_2022,CCN,26,TEXT,YES,CCN,STEEL,False,True,facility,13306564,39020,1217,"['223302', '220110', '220071', '220031', '']",True,mirror_of_wired_landing
LIBRARY_MARTS,HEALTH,HEALTH__FED_CMS_HOSPITAL_ENROLLMENTS,CCN,7,TEXT,YES,CCN,STEEL,False,True,facility,9175,5966,5966,"['440058', '450865', '360118', '520051', '200024']",True,mirror_of_wired_landing
LIBRARY_MARTS,JUSTICE,JUSTICE__FED_COURTLISTENER_DOCKETS,DOCKET_NUMBER_SOURCE,54,TEXT,YES,DOCKET,STRONG,False,True,case,71677647,71677647,1,['0'],True,mirror_of_wired_landing
LIBRARY_MARTS,TIMELINE,FINANCE__FED_NCUA_CALL_REPORTS_FOICU,CU_NUMBER,5,TEXT,YES,NCUA_CHARTER,STEEL,False,True,organization,4336,4336,4336,"['11548', '10481', '11658', '1157', '11685']",True,mirror_of_wired_landing
LIBRARY_MARTS,TIMELINE,CORPORATE_REGISTRY__INTL_IE_CRO,COUNTRY,7,TEXT,YES,COUNTRY,GEO,False,True,place,821693,821693,1,['IE'],False,
LIBRARY_MARTS,_RESTORE_20260731,JUSTICE__FED_MSHA_VIOLATIONS,DOCKET_STATUS_CD,57,TEXT,YES,DOCKET,STRONG,False,True,case,3087266,192916,2,"['""Proposed""', '', '""Accepted""']",True,mirror_of_wired_landing
LIBRARY_MARTS,FINDINGS,OPIOID_PRESCRIBER_PAID_HIGH_RX,NPI,1,TEXT,YES,NPI,STEEL,False,True,provider,6020,6020,6020,"['1942689286', '1760531180', '1366200883', '1619065141', '1700856770']",False,
LIBRARY_MARTS,HEALTH,HEALTH__FED_CLINICALTRIALS,NPI,4,TEXT,YES,NPI,STEEL,False,True,provider,500,0,0,[],False,
LIBRARY_MARTS,ECONOMICS,ECONOMICS__FED_US_USASPENDING_API,PLACE_OF_PERFORMANCE_FIPS,11,TEXT,YES,FIPS,GEO,False,True,place,300,0,0,[''],False,
LIBRARY_MARTS,TIMELINE,REFERENCE__XC_ROR_RESEARCH_ORGANIZATIONS,COUNTRY_CODE,28,TEXT,YES,COUNTRY,GEO,False,True,place,135710,135677,232,"['GB', 'AU', 'EC', 'LK', 'FR']",False,
LIBRARY_MARTS,IMMIGRATION,IMMIGRATION__FED_DOL_OFLC,WORKSITE_POSTAL_CODE_6,158,TEXT,YES,ZIP,GEO,False,True,place,664616,1107,664,"['55446', '95826', '85251', '43215', '89511']",False,
LIBRARY_MARTS,TIMELINE,POLITICS__IRS527_8872_REPORTS,MAILING_ZIP_EXT,20,TEXT,YES,ZIP,GEO,False,True,place,55579,0,0,"['1788', '5425', '3841', '4103', '1636']",True,mirror_of_wired_landing
LIBRARY_MARTS,_RESTORE_20260731,JUSTICE__INTL_FATF_RATINGS,COUNTRY,1,NUMBER,YES,COUNTRY,GEO,False,True,place,200,0,0,[],False,
LIBRARY_MARTS,HEALTH,HEALTH__FED_FDA_FAERS_DEMO,REPORTER_COUNTRY,24,TEXT,YES,COUNTRY,GEO,False,True,place,5811086,5325922,397,"['UNITED KINGDOM', 'TUNISIA', 'IRELAND', 'BELGIUM', 'ITALY']",False,
LIBRARY_MARTS,TIMELINE,FINANCE__FED_NCUA_CALL_REPORTS_FS220,CU_NUMBER,5,TEXT,YES,NCUA_CHARTER,STEEL,False,True,organization,4336,4336,4336,"['10023', '10973', '1134', '1157', '10164']",True,mirror_of_wired_landing
LIBRARY_MARTS,TIMELINE,FINANCE__FED_FEC_BULK_COMMITTEES,CMTE_ZIP,12,TEXT,YES,ZIP,GEO,False,True,place,20007,19995,7401,"['20002', '200017400', '981043120', '435512999', '97301']",True,mirror_of_wired_landing
LIBRARY_MARTS,TRANSPORT,TRANSPORT__FED_NTSB_AVIATION_EVENTS,EV_SITE_ZIPCODE,11,TEXT,YES,ZIP,GEO,False,True,place,30968,24238,8871,"['None', '73008', '84761', '95376', '84087']",False,
LIBRARY_MARTS,TIMELINE,TRANSPORT__FED_NTSB_AVIATION_AIRCRAFT,DPRT_COUNTRY,68,TEXT,YES,COUNTRY,GEO,False,True,place,31503,31503,144,"['BS', 'MA', 'VE', 'None', 'USA']",False,
LIBRARY_MARTS,TIMELINE,HEALTH__FED_CMS_FEDERALLY_QUALIFIED_HEALTH_CENTER_ENROLLMENTS,MULTIPLE_NPI_FLAG,10,TEXT,YES,NPI,STEEL,False,True,provider,11063,0,0,"['N', 'Y']",True,mirror_of_wired_landing
LIBRARY_MARTS,ECONOMICS,ECONOMICS__FED_USASPENDING_ASSISTANCE_FULL,PRIME_AWARD_TRANSACTION_PLACE_OF_PERFORMANCE_COUNTY_FIPS_CODE,74,TEXT,YES,FIPS,GEO,False,True,place,19902879,18347399,3738,"['55141', '26115', '19163', '40017', '12127']",True,mirror_of_wired_landing
LIBRARY_MARTS,POLITICS,POLITICS__IRS527_8872_REPORTS,CONTACT_ZIP,31,TEXT,YES,ZIP,GEO,False,True,place,55579,55579,2865,"['73112', '48933', '87109', '29211', '23060']",True,mirror_of_wired_landing
LIBRARY_MARTS,HEALTH,HEALTH__FED_CMS_FEDERALLY_QUALIFIED_HEALTH_CENTER_ENROLLMENTS,CCN,7,TEXT,YES,CCN,STEEL,False,True,facility,11063,9954,9954,"['551918', '211828', '101937', '511807', '191817']",True,mirror_of_wired_landing
LIBRARY_MARTS,HEALTH,HEALTH__FED_CMS_MEDICARE_PHYSICIAN_OTHER_PRACTITIONERS_BY_PROVIDER,RNDRNG_NPI,1,TEXT,YES,NPI,STEEL,False,True,provider,1296739,1296739,1296739,"['1811190713', '1811126998', '1811191497', '1811160823', '1811177629']",True,mirror_of_wired_landing
LIBRARY_MARTS,TIMELINE,SCIENCE_RESEARCH__FED_SBIR_STTR_AWARDS,UEI,12,TEXT,YES,UEI,STEEL,False,True,organization,219503,152799,17160,"['U7UADUHSWAB6', 'KZULLBP75H77', 'DXWTFKPENS61', 'Y7ETNZCNSLM5', 'F391LAAT74P4']",True,mirror_of_wired_landing
LIBRARY_MARTS,HEALTH,HEALTH__FED_CMS_MEDICARE_INPATIENT_HOSPITALS_BY_PROVIDER,RNDRNG_PRVDR_CCN,1,TEXT,YES,CCN,STEEL,False,True,facility,3044,3044,3044,"['030108', '050024', '010005', '040007', '010069']",True,mirror_of_wired_landing
LIBRARY_MARTS,CORPORATE_REGISTRY,CORPORATE_REGISTRY__FED_ICIJ_OFFSHORELEAKS_OFFICERS,COUNTRY_CODES,4,TEXT,YES,COUNTRY,GEO,False,True,place,771315,470258,4767,"['GBR;IRL', 'GBR;MCO', 'CAN;HKG', 'CYP;ROU', 'FRA;GBR']",False,
LIBRARY_MARTS,TIMELINE,ECONOMICS__INTL_IT_ISTAT,COUNTRY,6,TEXT,YES,COUNTRY,GEO,False,True,place,213284,213284,1,['IT'],False,
LIBRARY_MARTS,HEALTH,HEALTH__FED_CMS_NURSING_HOME_DEFICIENCIES,CMS_CERTIFICATION_NUMBER_CCN,1,TEXT,YES,CCN,STEEL,False,True,facility,418479,413329,14383,"['015009', '015015', '015040', '015019', '015014']",True,mirror_of_wired_landing
LIBRARY_MARTS,JUSTICE,JUSTICE__INTL_UCDP_GED,COUNTRY,34,TEXT,YES,COUNTRY,GEO,False,True,place,385918,385918,124,"['Albania', 'Argentina', 'Azerbaijan', 'Armenia', 'Australia']",False,
LIBRARY_MARTS,TIMELINE,FINANCE__FED_SEC_DERA_SUB_2024Q3,CIK,6,TEXT,YES,CIK,STEEL,False,True,organization,6699,6699,6008,"['3545', '29644', '2178', '36104', '103379']",True,mirror_of_wired_landing
LIBRARY_MARTS,FINDINGS,EXCLUDED_PROVIDER_PAID_AFTER_EXCLUSION_IN_SHORTAGE,COUNTY_FIPS,13,TEXT,YES,FIPS,GEO,False,True,place,287,262,175,"['55077', '17167', '36055', '34003', '06071']",False,
LIBRARY_MARTS,TIMELINE,ECONOMICS__FED_IRS_990_EFILE_INDEX,EIN,7,TEXT,YES,EIN,STEEL,False,True,organization,5544626,5544626,899097,"['472578358', '222224738', '208500735', '480874854', '134089796']",True,mirror_of_wired_landing
LIBRARY_MARTS,TIMELINE,JUSTICE__INTL_EU_SANCTIONS,ADDR_COUNTRY,37,TEXT,YES,COUNTRY,GEO,False,True,place,42347,2359,89,"['LBN', 'AFG', '', 'PHL', 'PAK']",False,
LIBRARY_MARTS,CORE,DIM_STATE,STATE_FIPS,1,TEXT,YES,FIPS,GEO,False,True,place,56,56,56,"['06', '05', '04', '72', '17']",False,
LIBRARY_MARTS,TIMELINE,JUSTICE__XC_UK_SANCTIONS_LIST,COUNTRY_OF_BIRTH,37,TEXT,YES,COUNTRY,GEO,False,True,place,33828,20438,128,"['Central African Republic', 'Former USSR Currently Ukraine', 'India', 'China', 'Mali']",False,
LIBRARY_MARTS,_RESTORE_20260731,JUSTICE__FED_MSHA_VIOLATIONS,DOCKET_NO,56,TEXT,YES,DOCKET,STRONG,False,True,case,3087266,192231,37534,"['""SE 2003-200""', '', '""SE-2004-19""', '""SE 2003-201""', '""SE  20030084""']",True,mirror_of_wired_landing
LIBRARY_MARTS,HEALTH,HEALTH__FED_CMS_OPEN_PAYMENTS_PROFILE_SUPPLEMENT,COUNTRY_NAME,19,TEXT,YES,COUNTRY,GEO,False,True,place,1697025,1697025,45,"['UNITED STATES', 'CANADA', 'SPAIN', 'ITALY', 'MEXICO']",True,mirror_of_wired_landing
LIBRARY_MARTS,TIMELINE,PROCUREMENT__FED_SAM_EXCLUSIONS,NPI,8,TEXT,YES,NPI,STEEL,False,True,provider,167928,7113,4770,"['0000000000', '1780785907', '1487872032', '1184803165', '1669403457']",False,
LIBRARY_MARTS,TIMELINE,FINANCE__FED_FEC_CAND_CMTE_LINKAGE,CAND_ID,5,TEXT,YES,FEC_CAND_ID,STEEL,False,True,person,30536,30536,15153,"['H0AL05163', 'H0HI02130', 'H0CT05127', 'H0GA08057', 'H0GA07133']",True,mirror_of_wired_landing
LIBRARY_MARTS,FINANCE,FINANCE__FED_PCAOB_FORM_AP_FILINGS,FIRM_COUNTRY,8,TEXT,YES,COUNTRY,GEO,False,True,place,155384,155384,55,"['United States', 'South Korea', 'Denmark', 'Ireland', 'France']",True,mirror_of_wired_landing
LIBRARY_MARTS,ECONOMICS,ECONOMICS__FED_USASPENDING_CONTRACTS,RECIPIENT_UEI,12,TEXT,YES,UEI,STEEL,False,True,organization,6325622,6325622,92833,"['MNNWZA2WZ2D3', 'RTJMLRDU3KK8', 'ECXNZADEFUG8', 'ZZRPFWN91KD1', 'XX2WFHJEFB45']",True,mirror_of_wired_landing
LIBRARY_MARTS,TIMELINE,HEALTH__FED_FDA_DEVICE_510K,COUNTRY_CODE,26,TEXT,YES,COUNTRY,GEO,False,True,place,175686,175686,93,"['US', 'CN', 'GB', 'NL', 'KR']",False,
LIBRARY_MARTS,HEALTH,HEALTH__FED_CMS_HCRIS,PROVIDER_CCN,1,TEXT,YES,CCN,STEEL,False,True,facility,6103,6103,6040,"['141324', '331318', '450876', '244002', '450292']",True,mirror_of_wired_landing
LIBRARY_MARTS,REFERENCE,REFERENCE__CENSUS_CB_ZCTA,GEOID20,3,TEXT,YES,FIPS,GEO,False,True,place,33791,33791,33791,"['38454', '62367', '54813', '38547', '68464']",False,
LIBRARY_MARTS,TRANSPORT,TRANSPORT__FED_NTSB_AVIATION_EVENTS,EV_COUNTRY,10,TEXT,YES,COUNTRY,GEO,False,True,place,30968,30968,186,"['USA', 'TH', 'FR', 'DE', 'CA']",False,
LIBRARY_MARTS,FINANCE,FINANCE__FED_SEC_DERA_SUB_2024Q1,EIN,20,TEXT,YES,EIN,STEEL,False,True,organization,6028,4632,4238,"['883703651', '300774039', '721571637', '133998945', '841573084']",True,mirror_of_wired_landing
LIBRARY_MARTS,JUSTICE,JUSTICE__INTL_EU_SANCTIONS,IDEN_COUNTRY,51,TEXT,YES,COUNTRY,GEO,False,True,place,42347,1437,69,"['YEM', 'AFG', 'USA', '', 'LBY']",False,
LIBRARY_MARTS,TIMELINE,ENVIRONMENT__FED_EPA_AIR_EMISSIONS_POLL_RPT_COMBINED_EMISSIONS,REGISTRY_ID,6,TEXT,YES,FRS_ID,STEEL,False,True,facility,10411826,10411826,162513,"['110071869584', '110041437219', '110071869630', '110041556090', '110034785524']",True,mirror_of_wired_landing
LIBRARY_MARTS,FINANCE,FINANCE__FED_SEC_DERA_SUB_2025Q2,EIN,20,TEXT,YES,EIN,STEEL,False,True,organization,7009,5179,4508,"['000000000', '611797411', '204118216', '474219082', '812974255']",True,mirror_of_wired_landing
LIBRARY_MARTS,HEALTH,HEALTH__FED_CMS_HOME_HEALTH,CCN,2,TEXT,YES,CCN,STEEL,False,True,facility,12392,12392,12392,"['027001', '017879', '017096', '047032', '047096']",True,mirror_of_wired_landing
LIBRARY_MARTS,TIMELINE,FINANCE__FED_FEC_COMMITTEE_TO_CANDIDATE,ZIP_CODE,15,TEXT,YES,ZIP,GEO,False,True,place,866730,865278,5748,"['59937', '21666', '30066', '28580', '80614']",True,mirror_of_wired_landing
LIBRARY_MARTS,HEALTH,HEALTH__FED_CMS_MEDICARE_PROVIDER,RNDRNG_PRVDR_ZIP5,12,TEXT,YES,ZIP,GEO,False,True,place,1296739,1296712,20947,"['14757', '62948', '95035', '12401', '80045']",True,mirror_of_wired_landing
LIBRARY_MARTS,JUSTICE,JUSTICE__FED_FJC_IDB_APPELLATE,CONSOLIDATED_DOCKET,36,TEXT,YES,DOCKET,STRONG,False,True,case,988183,988183,28771,"['0814043', '0814115', '-8', '0814069', '0811554']",False,
LIBRARY_MARTS,ECONOMICS,ECONOMICS__INTL_GLEIF,ENTITY_OTHERADDRESSES_OTHERADDRESS_4_POSTALCODE,109,TEXT,YES,ZIP,GEO,False,True,place,3382301,0,0,[''],True,mirror_of_wired_landing
LIBRARY_MARTS,TIMELINE,HEALTH__FED_HRSA_UDS_SERVICE_DELIVERY_SITES,STATE_FIPS_CONGRESSIONAL_DISTRICT_CODE,52,TEXT,YES,FIPS,GEO,False,True,place,19038,19038,443,"['5507', '3701', '5307', '2508', '3409']",True,mirror_of_wired_landing
LIBRARY_MARTS,PROCUREMENT,PROCUREMENT__FED_USASPENDING_BULK,COUNTRY_OF_PRODUCT_OR_SERVICE_ORIGIN,123,TEXT,YES,COUNTRY,GEO,False,True,place,49613,45072,119,"['POLAND', '', 'SWEDEN', 'NIGER', 'PORTUGAL']",True,mirror_of_wired_landing
LIBRARY_MARTS,ENERGY,ENERGY__FED_EIA860_1_UTILITY,ZIP,6,TEXT,YES,ZIP,GEO,False,True,place,6643,5620,2315,"['99901', '77046', '99503', '27048', '52553']",False,
LIBRARY_MARTS,TIMELINE,REFERENCE__INTL_GDELT,ACTOR2GEO_COUNTRYCODE,35,TEXT,YES,COUNTRY,GEO,False,True,place,1015,0,0,"['6.0', '-10.0', '2.8', '1.9', '3.0']",False,
LIBRARY_MARTS,HEALTH,HEALTH__FED_FDA_DEVICE_510K,POSTAL_CODE,20,TEXT,YES,ZIP,GEO,False,True,place,175686,155952,8537,"['94043', 'L5C 4K3', '32176', '27709', '02462']",False,
LIBRARY_MARTS,TIMELINE,FINANCE__FED_SEC_13F_FILERS,FILINGMANAGER_ZIPCODE,19,TEXT,YES,ZIP,GEO,False,True,place,344109,298529,3638,"['94954', '33131', '84107', 'G6V5C1', '20852']",False,
LIBRARY_MARTS,REFERENCE,REFERENCE__INTL_GDELT,ACTOR1COUNTRYCODE,8,TEXT,YES,COUNTRY,GEO,False,True,place,1015,557,40,"['AUS', 'AFR', 'CAN', 'GBR', '']",False,
LIBRARY_MARTS,TIMELINE,IMMIGRATION__FED_CMS_HOSPICE_ENROLLMENTS,CCN,11,TEXT,YES,CCN,STEEL,False,True,facility,6066,4798,4798,"['171523', '391518', '261503', '191563', '381546']",True,mirror_of_wired_landing
LIBRARY_MARTS,JUSTICE,JUSTICE__FED_FJC_IDB_BANKRUPTCY,DOCKET_GENERATION,11,TEXT,YES,DOCKET,STRONG,False,True,case,6965441,6965441,2,"['r', '0']",False,
LIBRARY_MARTS,TIMELINE,ECONOMICS__FED_USASPENDING_ASSISTANCE_FULL,RECIPIENT_COUNTRY_CODE,55,TEXT,YES,COUNTRY,GEO,False,True,place,19902879,17362521,240,"['USA', 'CHE', 'MAR', 'TZA', '']",True,mirror_of_wired_landing
LIBRARY_MARTS,TIMELINE,JUSTICE__FED_FTC_DATASETS,EIN,12,TEXT,YES,EIN,STEEL,False,True,organization,1004,0,0,[''],False,
LIBRARY_MARTS,ENVIRONMENT,ENVIRONMENT__FED_EPA_NPDES_NPDES_NAICS,NPDES_ID,1,TEXT,YES,NPDES_ID,STEEL,False,True,facility,326473,326473,306831,"['AK0000370', 'AK0021440', 'AK0053708', 'AKG002173', 'AKG130025']",True,mirror_of_wired_landing
LIBRARY_MARTS,HEALTH,HEALTH__FED_CMS_MEDICARE_PHYSICIAN_OTHER_PRACTITIONERS_BY_PROVIDER_AND_SERVI,RNDRNG_PRVDR_CNTRY,15,NUMBER,YES,COUNTRY,GEO,False,True,place,9781673,0,0,[],True,mirror_of_wired_landing
LIBRARY_MARTS,HOUSING,HOUSING__FED_HUD_PUBLIC_HOUSING_AUTHORITIES,PLACE_FIPS,55,TEXT,YES,FIPS,GEO,False,True,place,3787,3763,2925,"['61670', '07000', '46970', '47690', '82992']",False,
LIBRARY_MARTS,TRANSPORT,TRANSPORT__FED_DOT_BTS,COUNTY_FIPS,12,TEXT,YES,FIPS,GEO,False,True,place,21,0,0,[''],False,
LIBRARY_MARTS,TIMELINE,JUSTICE__FED_SCDB,DOCKET,9,TEXT,YES,DOCKET,STRONG,False,True,case,83644,83572,6877,"['83-240', '87-6', '95-1723', '81-1271', '79-700']",False,
LIBRARY_MARTS,PROCUREMENT,PROCUREMENT__FED_SAM_EXCLUSIONS,UEI,2,TEXT,YES,UEI,STEEL,False,True,organization,167928,47683,38424,"['KL4GBKAF5AS7', 'LL7GZCAQT1L5', 'TADTMMR6JWB3', 'TUFWNTM1RBQ5', 'YLWYSTEQVWS4']",False,
LIBRARY_MARTS,TIMELINE,HEALTH__FED_CMS_HOSPICE,ZIP_CODE,11,TEXT,YES,ZIP,GEO,False,True,place,6852,6852,3216,"['36602', '35470', '99801', '85209', '36854']",True,mirror_of_wired_landing
LIBRARY_MARTS,ECONOMICS,ECONOMICS__INTL_GLEIF,ENTITY_TRANSLITERATEDOTHERADDRESSES_TRANSLITERATEDOTHERADDRESS_4_POSTALCODE,174,TEXT,YES,ZIP,GEO,False,True,place,3382301,0,0,[''],True,mirror_of_wired_landing
LIBRARY_MARTS,JUSTICE,JUSTICE__INTL_EU_SANCTIONS,ADDR_ZIPCODE,31,TEXT,YES,ZIP,GEO,False,True,place,42347,82,72,"['60453', 'D-21073', '60455', '', '1090']",False,
LIBRARY_MARTS,JUSTICE,JUSTICE__FED_COURTLISTENER_DOCKETS,COURT_ID,43,TEXT,YES,CL_COURT_ID,STEEL,False,True,organization,71677647,71677647,2199,"['scd', 'wawb', 'flmb', 'vtb', 'insb']",True,mirror_of_wired_landing
LIBRARY_MARTS,TIMELINE,JUSTICE__XC_VERA_INCARCERATION_TRENDS,STATE_FIPS,9,TEXT,YES,FIPS,GEO,False,True,place,128507,128507,45,"['11', '01', '05', '08', '06']",False,
LIBRARY_MARTS,ECONOMICS,ECONOMICS__FED_USASPENDING_CONTRACTS_FULL,PRIMARY_PLACE_OF_PERFORMANCE_ZIP_4,82,TEXT,YES,ZIP,GEO,False,True,place,20000000,18172811,30209,"['201705225', '322145000', '018802999', '159407006', '860340158']",True,mirror_of_wired_landing
LIBRARY_MARTS,ECONOMICS,ECONOMICS__INTL_GLEIF,ENTITY_TRANSLITERATEDOTHERADDRESSES_TRANSLITERATEDOTHERADDRESS_1_POSTALCODE,135,TEXT,YES,ZIP,GEO,False,True,place,3382301,42474,10985,"['2860', '50672', '34206', '0191', '703 84']",True,mirror_of_wired_landing
LIBRARY_MARTS,JUSTICE,JUSTICE__FED_BOP_STATISTICS,STATE_FIPS,7,TEXT,YES,FIPS,GEO,False,True,place,50,0,0,[''],False,
LIBRARY_MARTS,JUSTICE,JUSTICE__FED_FJC_IDB_APPELLATE,DOCKET,3,TEXT,YES,DOCKET,STRONG,False,True,case,988183,988183,514613,"['2402261', '2402191', '2401852', '2402287', '2402199']",False,
LIBRARY_MARTS,POLITICS,POLITICS__MEMBER_INDIV_DONATIONS,BIOGUIDE,1,TEXT,YES,BIOGUIDE,STEEL,False,True,person,1057,1057,533,"['S001229', 'N000147', 'B001292', 'M000355', 'N000015']",False,
LIBRARY_MARTS,FINANCE,FINANCE__FED_FEC_INDIV_CONTRIBUTIONS,CMTE_ID,2,TEXT,YES,FEC_CMTE_ID,STEEL,False,True,organization,84172112,84172112,12291,"['C00634774', 'C00027466', 'C00663781', 'C00010603', 'C00873893']",True,mirror_of_wired_landing
LIBRARY_MARTS,PROCUREMENT,PROCUREMENT__INTL_ADB_DATA,COUNTRY,1,NUMBER,YES,COUNTRY,GEO,False,True,place,41,0,0,[],False,
LIBRARY_MARTS,TIMELINE,PROCUREMENT__FED_USASPENDING_BULK,PRIME_AWARD_TRANSACTION_RECIPIENT_COUNTY_FIPS_CODE,68,TEXT,YES,FIPS,GEO,False,True,place,49613,49258,1295,"['37063', '25017', '17097', '08041', '31055']",True,mirror_of_wired_landing
LIBRARY_MARTS,HEALTH,HEALTH__FED_CMS_FEDERALLY_QUALIFIED_HEALTH_CENTER_ENROLLMENTS,NPI,5,TEXT,YES,NPI,STEEL,False,True,provider,11063,11063,10269,"['1437215134', '1770699621', '1255347704', '1710971486', '1700888542']",True,mirror_of_wired_landing
LIBRARY_MARTS,HEALTH,HEALTH__FED_CMS_AMBULATORY_SPECIALTY_MODEL_PARTICIPANTS,NPI,1,TEXT,YES,NPI,STEEL,False,True,provider,6637,6637,6510,"['1003083031', '1033110200', '1063685865', '1003093600', '1033112313']",True,mirror_of_wired_landing
LIBRARY_MARTS,TIMELINE,FINANCE__FED_FDIC_SOD_BRANCH_DEPOSITS,BRANCH_STATE_FIPS,21,TEXT,YES,FIPS,GEO,False,True,place,2823000,2823000,59,"['48', '6', '46', '12', '37']",False,
LIBRARY_MARTS,ECONOMICS,ECONOMICS__FED_USASPENDING_CONTRACTS_FULL,RECIPIENT_PARENT_UEI,55,TEXT,YES,UEI,STEEL,False,True,organization,20000000,19987758,405720,"['CBCQG2JL2WD1', 'JKWWHMLK9AM6', 'U6BSGWL2KLT6', 'Y24MVM9LJRH5', 'QJFJBF8ZBUM8']",True,mirror_of_wired_landing
LIBRARY_MARTS,HEALTH,HEALTH__FED_CDC_INJURY_VIOLENCE_COUNTY,GEOID,1,TEXT,YES,FIPS,GEO,False,True,place,132000,132000,3144,"['37177', '53001', '48151', '38031', '28095']",False,
LIBRARY_MARTS,TIMELINE,HEALTH__FED_CMS_SKILLED_NURSING_FACILITY_ENROLLMENTS,CCN,11,TEXT,YES,CCN,STEEL,False,True,facility,14425,14250,14250,"['345500', '115382', '165472', '375144', '146049']",True,mirror_of_wired_landing
LIBRARY_MARTS,TIMELINE,FINANCE__FED_FEC_INDEPENDENT_EXPENDITURES,CAND_ID,5,TEXT,YES,FEC_CAND_ID,STEEL,False,True,person,261033,228643,2014,"['H8TX10110', '', 'H4CO08034', 'S4MD00327', 'H0VA05145']",True,mirror_of_wired_landing
LIBRARY_MARTS,HEALTH,HEALTH__FED_CMS_MEDICARE_INPATIENT_HOSPITALS_BY_PROVIDER,RNDRNG_PRVDR_STATE_FIPS,7,TEXT,YES,FIPS,GEO,False,True,place,3044,3044,51,"['02', '01', '06', '04', '05']",True,mirror_of_wired_landing
LIBRARY_MARTS,ECONOMICS,ECONOMICS__FED_DOL_FORM5500,LAST_RPT_SPONS_EIN,79,TEXT,YES,EIN,STEEL,False,True,organization,33484,804,715,"['', '911982875', '741695800', '043028678', '630696876']",True,mirror_of_wired_landing
LIBRARY_MARTS,TRANSPORT,TRANSPORT__FED_NTSB_AVIATION_EVENTS,NTSB_DOCKET,63,TEXT,YES,DOCKET,STRONG,False,True,case,30968,30968,1,['None'],False,
LIBRARY_MARTS,HEALTH,HEALTH__FED_CMS_NURSING_HOME_PENALTIES,ZIP_CODE,6,TEXT,YES,ZIP,GEO,False,True,place,16180,16180,5101,"['86001', '85015', '35020', '36025', '35622']",True,mirror_of_wired_landing
LIBRARY_MARTS,IMMIGRATION,IMMIGRATION__XC_OWID_REFUGEES,REFUGEES_BY_COUNTRY_OF_ORIGIN,4,NUMBER,YES,COUNTRY,GEO,False,True,place,7442,0,0,"['19847', '4712735', '3509', '8388', '2664423']",False,
LIBRARY_MARTS,FINANCE,FINANCE__FED_NCUA_CALL_REPORTS_FOICU,ZIP_CODE,11,TEXT,YES,ZIP,GEO,False,True,place,4336,4336,3375,"['70427-3810', '06082-4454', '06114', '10017-3815', '24153']",True,mirror_of_wired_landing
LIBRARY_MARTS,HOUSING,HOUSING__FED_HUD_PUBLIC_HOUSING_AUTHORITIES,ZIP_CLASS,77,TEXT,YES,ZIP,GEO,False,True,place,3787,0,0,"['U', 'P']",False,
LIBRARY_MARTS,HEALTH,HEALTH__FED_CMS_NPPES,NPI,1,TEXT,YES,NPI,STEEL,False,True,provider,9606683,9606683,9606683,"['1922209162', '1396342259', '1861143117', '1548845589', '1083472856']",True,mirror_of_wired_landing
LIBRARY_MARTS,TIMELINE,ECONOMICS__FED_USASPENDING_CONTRACTS_FULL,RECIPIENT_PARENT_DUNS,60,TEXT,YES,DUNS,STEEL,False,True,organization,20000000,13331066,332662,"['007242498', '071549000', '082930884', '281938431', '622789923']",True,mirror_of_wired_landing
LIBRARY_MARTS,TIMELINE,HEALTH__FED_CMS_OPEN_PAYMENTS_2022,RECIPIENT_ZIP_CODE,13,TEXT,YES,ZIP,GEO,False,True,place,13306564,13306035,20956,"['96001-2433', '95350-1439', '95355-2707', '90262-2646', '95355-4201']",True,mirror_of_wired_landing
LIBRARY_MARTS,TIMELINE,FOREIGN_INFLUENCE__FED_FARA_BULK,FOREIGN_PRINCIPAL_COUNTRY,27,TEXT,YES,COUNTRY,GEO,False,True,place,48104,12232,253,"['JAPAN', 'UNITED ARAB EMIRATES', 'QATAR', '', 'CANADA']",False,
LIBRARY_MARTS,_RESTORE_20260731,FINANCE__FED_CFPB_COMPLAINTS,ZIP_CODE,10,TEXT,YES,ZIP,GEO,False,True,place,17179788,15901791,35605,"['29016', '70128', '30294', '75071', '33328']",False,
LIBRARY_MARTS,TIMELINE,POLITICS__FED_CONGRESS_LEGISLATORS,BIOGUIDE,5,TEXT,YES,BIOGUIDE,STEEL,False,True,person,12847,12834,12781,"['C001087', 'Q000023', 'S001194', 'P000608', 'M001176']",True,mirror_of_wired_landing
LIBRARY_MARTS,TIMELINE,POLITICS__ST_NYC_CFB_CAMPAIGN_2009_CONTRIBUTION,ZIP,27,TEXT,YES,ZIP,GEO,False,True,place,146112,138671,2763,"['10037', '11530', '11226', '10029', '10024']",False,
LIBRARY_MARTS,FINANCE,FINANCE__FED_FEC_COMMITTEES,CMTE_ID,1,TEXT,YES,FEC_CMTE_ID,STEEL,False,True,organization,60031,60031,38693,"['C00682963', 'C00690073', 'C00616227', 'C00748699', 'C00837476']",True,mirror_of_wired_landing
LIBRARY_MARTS,TIMELINE,POLITICS__IRS527_8871_ORGS,MAILING_ZIP,15,TEXT,YES,ZIP,GEO,False,True,place,77591,77591,14798,"['84107', '48911', '73069', '28173', '94402']",False,
LIBRARY_MARTS,FINDINGS,OPIOID_PRESCRIBER_PAID_HIGH_RX,COUNTY_FIPS_2015,14,TEXT,YES,FIPS,GEO,False,True,place,6020,5993,1093,"['42075', '46099', '47179', '39095', '01059']",False,
LIBRARY_MARTS,POLITICS,POLITICS__FED_VOTEVIEW_MEMBERS,ICPSR,3,TEXT,YES,ICPSR,STEEL,False,True,person,51061,51061,12677,"['3857', '6932', '8150', '9062', '5270']",True,mirror_of_wired_landing
LIBRARY_MARTS,HEALTH,HEALTH__FED_HRSA_HPSA_PRIMARY_CARE,HPSA_POSTAL_CODE,46,TEXT,YES,ZIP,GEO,False,True,place,79158,7523,4752,"['89427', '85941', '65706-1532', '50853-1016', '93609-9476']",False,
LIBRARY_MARTS,TIMELINE,FINANCE__FED_SEC_13F_SUBMISSIONS,CIK,8,TEXT,YES,CIK,STEEL,False,True,organization,336124,336124,16273,"['0001897144', '0001513227', '0001053292', '0001965150', '0001749744']",True,mirror_of_wired_landing
LIBRARY_MARTS,TIMELINE,HEALTH__FED_CMS_DIALYSIS,CCN,5,TEXT,YES,CCN,STEEL,False,True,facility,7557,7557,7557,"['012500', '012502', '012599', '032525', '032556']",True,mirror_of_wired_landing
LIBRARY_MARTS,HEALTH,HEALTH__FED_FDA_FAERS_DEMO,OCCR_COUNTRY,30,TEXT,YES,COUNTRY,GEO,False,True,place,5811086,1362553,186,"['JP', 'CL', 'US', 'IT', 'GB']",False,
LIBRARY_MARTS,TIMELINE,LABOR__FED_DOL_OLMS,ZIP,59,TEXT,YES,ZIP,GEO,False,True,place,617710,616777,20536,"['443111582', '150339998', '14701', '25545', '383430029']",False,
LIBRARY_MARTS,TIMELINE,PROCUREMENT__FED_USASPENDING_BULK,RECIPIENT_PARENT_DUNS,60,TEXT,YES,DUNS,STEEL,False,True,organization,49613,0,0,[''],True,mirror_of_wired_landing
LIBRARY_MARTS,TIMELINE,HEALTH__FED_HRSA_UDS_SERVICE_DELIVERY_SITES,FQHC_SITE_NPI_NUMBER,9,TEXT,YES,NPI,STEEL,False,True,provider,19038,6089,6047,"['1417986340', '1346218294', '1669663415', '1467201251', '1003908930']",True,mirror_of_wired_landing
LIBRARY_MARTS,TIMELINE,ENVIRONMENT__FED_PHMSA_FLAGGED_INCIDENTS,OPERATOR_POSTAL_CODE,18,TEXT,YES,ZIP,GEO,False,True,place,2039,2036,125,"['77002', '58701', '74103', '77380', '60601']",False,
LIBRARY_MARTS,TIMELINE,PROCUREMENT__FED_USASPENDING_BULK,PRIME_AWARD_TRANSACTION_PLACE_OF_PERFORMANCE_STATE_FIPS_CODE,83,TEXT,YES,FIPS,GEO,False,True,place,49613,44077,56,"['01', '53', '47', '48', '18']",True,mirror_of_wired_landing
LIBRARY_MARTS,ENVIRONMENT,ENVIRONMENT__FED_EPA_TRI_FACILITY,EPA_REGISTRY_ID,40,TEXT,YES,FRS_ID,STEEL,False,True,facility,64990,64990,64728,"['110002346809', '110008053328', '110000307766', '110008471956', '110002085207']",True,mirror_of_wired_landing
LIBRARY_MARTS,JUSTICE,JUSTICE__RACIAL_JAIL_DISPARITY,FIPS,2,TEXT,YES,FIPS,GEO,False,True,place,128507,128507,3075,"['01013', '01083', '01087', '01127', '04027']",False,
LIBRARY_MARTS,ECONOMICS,ECONOMICS__INTL_GLEIF,ENTITY_LEGALADDRESS_POSTALCODE,45,TEXT,YES,ZIP,GEO,False,True,place,3382301,1651939,53409,"['19807', '756 45', '08724', '66502', '2775-381']",True,mirror_of_wired_landing
LIBRARY_MARTS,TIMELINE,FOREIGN_INFLUENCE__FED_FARA_BULK,COUNTRY_LOCATION_REPRESENTED,30,TEXT,YES,COUNTRY,GEO,False,True,place,48104,8278,249,"['', 'TURKEY', 'JAPAN', 'CUBA', 'MOROCCO']",False,
LIBRARY_MARTS,HEALTH,HEALTH__FED_CMS_MEDICARE_PHYSICIAN_OTHER_PRACTITIONERS_BY_PROVIDER_AND_SERVI,RNDRNG_PRVDR_ZIP5,12,TEXT,YES,ZIP,GEO,False,True,place,9781673,9781536,20723,"['33027', '28025', '95403', '53018', '46202']",True,mirror_of_wired_landing
LIBRARY_MARTS,TIMELINE,JUSTICE__INTL_EU_SANCTIONS,BIRT_COUNTRY,47,TEXT,YES,COUNTRY,GEO,False,True,place,42347,2612,81,"['', 'IRQ', 'PAK', 'SAU', 'LBN']",False,
LIBRARY_MARTS,HEALTH,HEALTH__FED_CMS_HPT_MRF,NPI,5,TEXT,YES,NPI,STEEL,False,True,provider,1,0,0,[''],False,
LIBRARY_MARTS,_RESTORE_20260731,FINANCE__FED_FEC_BULK_SUMMARY,CAND_ID,1,TEXT,YES,FEC_CAND_ID,STEEL,False,True,person,7933,7933,5754,"['H4AL03095', 'H2AZ08201', 'H2AK01158', 'H4AK00156', 'H2CA12257']",True,mirror_of_wired_landing
LIBRARY_MARTS,TIMELINE,HEALTH__FED_CMS_HCRIS,PROVIDER_CCN,5,TEXT,YES,CCN,STEEL,False,True,facility,6103,6103,6040,"['222002', '261328', '141320', '070005', '290032']",True,mirror_of_wired_landing
LIBRARY_MARTS,TIMELINE,IMMIGRATION__FED_ICE_DETENTION_STINTS,DETENTION_FACILITY_CODE,14,TEXT,YES,ICE_FACILITY,STEEL,False,True,facility,2571975,2571975,707,"['MAHONOH', 'MTGHOLD', 'SMAHOLD', 'LAWINCI', 'EROFCB']",True,mirror_of_wired_landing
LIBRARY_MARTS,TIMELINE,POLITICS__FED_FEC_PAC_SUMMARY,CMTE_ID,5,TEXT,YES,FEC_CMTE_ID,STEEL,False,True,organization,45709,45709,22899,"['C00000059', 'C00000489', 'C00003632', 'C00002766', 'C00001776']",True,mirror_of_wired_landing
LIBRARY_MARTS,ENVIRONMENT,ENVIRONMENT__FED_EPA_EGRID_PLANT_2022,PLANT_FIPS_STATE_CODE,17,TEXT,YES,FIPS,GEO,False,True,place,11974,11974,53,"['05', '06', '01', 'FIPSST', '02']",False,
LIBRARY_MARTS,SCIENCE_RESEARCH,SCIENCE_RESEARCH__FED_NIH_REPORTER,ORG_ZIP,14,TEXT,YES,ZIP,GEO,False,True,place,2122611,0,0,[],True,mirror_of_wired_landing
LIBRARY_MARTS,_RESTORE_20260731,HISTORY__FED_NARA_WRA_AAD,FIPS,4,TEXT,YES,FIPS,GEO,False,True,place,36,0,0,[''],False,
LIBRARY_MARTS,TIMELINE,HEALTH__FED_CMS_FEDERALLY_QUALIFIED_HEALTH_CENTER_ENROLLMENTS,CCN,11,TEXT,YES,CCN,STEEL,False,True,facility,11063,9954,9954,"['331916', '361824', '341851', '261807', '141927']",True,mirror_of_wired_landing
LIBRARY_MARTS,HEALTH,HEALTH__FED_CMS_NPPES,PROVIDER_BUSINESS_PRACTICE_LOCATION_ADDRESS_COUNTRY_CODE_IF_OUTSIDE_U_S,34,TEXT,YES,COUNTRY,GEO,False,True,place,9606683,9260504,142,"['IT', 'KR', 'US', 'CA', 'JO']",True,mirror_of_wired_landing
LIBRARY_MARTS,POLITICS,POLITICS__ST_NYC_CFB_CAMPAIGN_2001_CONTRIBUTION,INTERMEDIARY_ZIP,43,TEXT,YES,ZIP,GEO,False,True,place,193741,13596,274,"['11563', '7670', '10021', '10158', '11375']",False,
LIBRARY_MARTS,HEALTH,HEALTH__FED_CMS_MEDICARE_PROVIDER,NPI,1,TEXT,YES,NPI,STEEL,False,True,provider,1296739,1296739,1296739,"['1154498681', '1154496669', '1154503456', '1154491819', '1154503506']",True,mirror_of_wired_landing
LIBRARY_MARTS,ENVIRONMENT,ENVIRONMENT__FED_EPA_SDWA_SDWA_PUB_WATER_SYSTEMS,ZIP_CODE,39,TEXT,YES,ZIP,GEO,False,True,place,434040,409495,35144,"['57401', '38556', '57370', '37854', '57709']",True,mirror_of_wired_landing
LIBRARY_MARTS,TIMELINE,ENVIRONMENT__FED_NOAA_STORM_EVENTS,TOR_OTHER_CZ_FIPS,41,TEXT,YES,FIPS,GEO,False,True,place,1780730,3737,205,"['037', '041', '025', '', '029']",False,
LIBRARY_MARTS,ECONOMICS,ECONOMICS__FED_USASPENDING_ASSISTANCE_FULL,RECIPIENT_COUNTRY_NAME,52,TEXT,YES,COUNTRY,GEO,False,True,place,19902879,17362383,233,"['UNITED STATES', 'CANADA', '', 'SWITZERLAND', 'MOROCCO']",True,mirror_of_wired_landing
LIBRARY_MARTS,REFERENCE,REFERENCE__CENSUS_CB_COUNTY,GEOID,5,TEXT,YES,FIPS,GEO,False,True,place,3235,3235,3235,"['17157', '48473', '18081', '20175', '39099']",False,
LIBRARY_MARTS,HEALTH,HEALTH__FED_CMS_FACILITY_LEVEL_MINIMUM_DATA_SET_FREQUENCY,FIPS_COUNTY_CODE,6,TEXT,YES,FIPS,GEO,False,True,place,31403215,31403215,296,"['049', '073', '077', '033', '031']",True,mirror_of_wired_landing
LIBRARY_MARTS,JUSTICE,JUSTICE__FED_COURTLISTENER_DOCKETS,DOCKET_NUMBER,22,TEXT,YES,DOCKET,STRONG,False,True,case,71677647,68649620,20369252,"['1:91-jb-00506', '9:92-bk-70145', '93-01141', '8:05-bk-15679', '3:89-cv-00647']",True,mirror_of_wired_landing
LIBRARY_MARTS,HEALTH,HEALTH__FED_FDA_DEVICE_PMA,ZIP_EXT,22,TEXT,YES,ZIP,GEO,False,True,place,56853,0,0,[''],False,
LIBRARY_MARTS,TIMELINE,FINANCE__FED_EPA_ICIS_FEC_EPA_INFORMAL_ENFORCEMENT_ACTIONS,REGISTRY_ID,7,TEXT,YES,FRS_ID,STEEL,False,True,facility,21930,21930,14606,"['110000314954', '110000384593', '110000311948', '110000342193', '110000381630']",True,mirror_of_wired_landing
LIBRARY_MARTS,JUSTICE,JUSTICE__XC_MAPPING_POLICE_VIOLENCE,GEOGRAPHY_VIA_TRULIA_METHODOLOGY_BASED_ON_ZIPCODE_POPULATION_DENSITY_HTTP_JEDKOLKO_COM_WP_CONTENT_UPLOADS_2015_05_FULL_ZCTA_URBAN_SUBURBAN_RURAL_CLASSIFICATION_XLSX,28,TEXT,YES,ZIP,GEO,False,True,place,15476,0,0,"['Urban', 'Suburban', 'Rural']",False,
LIBRARY_MARTS,TIMELINE,HEALTH__FED_HRSA_SHORTAGE_AREAS,COMMON_STATE_COUNTY_FIPS_CODE,33,TEXT,YES,FIPS,GEO,False,True,place,165531,165531,3290,"['68030', '68385', '68060', '68007', '68120']",False,
LIBRARY_MARTS,HEALTH,HEALTH__FED_HRSA_HPSA_PRIMARY_CARE,COMMON_POSTAL_CODE,60,TEXT,YES,ZIP,GEO,False,True,place,79158,7523,4752,"['85746', '70117', '70633', '97467', '69043']",False,
LIBRARY_MARTS,TIMELINE,MONEY__DEBT_REPAYMENT_CLIFF,COUNTRY_YEAR_ID,5,TEXT,YES,COUNTRY,GEO,False,True,place,938,938,134,"['MNG_2028', 'TCD_2026', 'SLB_2029', 'ZAF_2032', 'BFA_2031']",False,
LIBRARY_MARTS,JUSTICE,JUSTICE__INTL_EU_SANCTIONS,BIRT_COUNTRY,43,TEXT,YES,COUNTRY,GEO,False,True,place,42347,2612,81,"['IRQ', 'LBN', 'SAU', '', 'PAK']",False,
LIBRARY_MARTS,TIMELINE,LABOR__FED_OSHA_ITA_300A_SUMMARY_2024,EIN,8,TEXT,YES,EIN,STEEL,False,True,organization,398620,355334,114603,"['844054522', '200773281', '472066712', '640948401', '232460079']",True,mirror_of_wired_landing
LIBRARY_MARTS,TIMELINE,JUSTICE__FED_SCDB,DOCKET_ID,7,TEXT,YES,DOCKET,STRONG,False,True,case,83644,83644,9341,"['1963-070-01', '1978-063-01', '1989-004-01', '1957-065-01', '1990-012-01']",False,
LIBRARY_MARTS,TIMELINE,HEALTH__FED_CMS_DIALYSIS,ZIP_CODE,15,TEXT,YES,ZIP,GEO,False,True,place,7557,7557,5202,"['35901', '36106', '86047', '36104', '35401']",True,mirror_of_wired_landing
LIBRARY_MARTS,CORPORATE_REGISTRY,CORPORATE_REGISTRY__FED_IRS_EO_BMF,ZIP,7,TEXT,YES,ZIP,GEO,False,True,place,1983563,1983563,37060,"['95609-1006', '30214-5358', '79705-1806', '38501-2615', '78154-1361']",True,mirror_of_wired_landing
LIBRARY_MARTS,LABOR,LABOR__FED_OSHA_ITA_CASE_DETAIL_2023,ZIP_CODE,9,TEXT,YES,ZIP,GEO,False,True,place,890934,849023,16219,"['02852', '14471', '60148', '01002', '30904']",True,mirror_of_wired_landing
LIBRARY_MARTS,POLITICS,POLITICS__INTL_FREEDOMHOUSE,COUNTRY_TERRITORY,1,TEXT,YES,COUNTRY,GEO,False,True,place,2723,2723,212,"['Abkhazia', 'Honduras', 'West Bank', 'Algeria', 'Tunisia']",False,
LIBRARY_MARTS,TIMELINE,ECONOMICS__FED_DOL_FORM5500,SPONS_DFE_EIN,65,TEXT,YES,EIN,STEEL,False,True,organization,33484,33484,29069,"['870520406', '820827441', '942169389', '862959092', '043088565']",True,mirror_of_wired_landing
LIBRARY_MARTS,ECONOMICS,ECONOMICS__INTL_GLEIF,ENTITY_OTHERADDRESSES_OTHERADDRESS_5_COUNTRY,121,TEXT,YES,COUNTRY,GEO,False,True,place,3382301,0,0,[''],True,mirror_of_wired_landing
LIBRARY_MARTS,HEALTH,HEALTH__FED_CMS_FACILITY_LEVEL_MINIMUM_DATA_SET_FREQUENCY,CCN,1,TEXT,YES,CCN,STEEL,False,True,facility,31403215,30864691,14443,"['505349', '505355', '505351', '505362', '505367']",True,mirror_of_wired_landing
LIBRARY_MARTS,TIMELINE,JUSTICE__FED_FJC_IDB_CIVIL,MDL_DOCKET,27,TEXT,YES,DOCKET,STRONG,False,True,case,10857396,10857386,1058,"['-8', '2327', '2740', '2885', '2606']",False,
LIBRARY_MARTS,ECONOMICS,ECONOMICS__INTL_GLEIF,ENTITY_OTHERADDRESSES_OTHERADDRESS_3_COUNTRY,95,TEXT,YES,COUNTRY,GEO,False,True,place,3382301,0,0,[''],True,mirror_of_wired_landing
LIBRARY_MARTS,_RESTORE_20260731,UNCATEGORIZED__FED_DEA_ARCOS_FULL,BUYER_DEA_NO,11,TEXT,YES,DEA_NO,STEEL,False,True,organization,178598026,178598026,148588,"['AK5866578', 'AK4171500', 'AR1178436', 'AK5706215', 'AK8555952']",True,mirror_of_wired_landing
LIBRARY_MARTS,ENVIRONMENT,ENVIRONMENT__FED_EPA_SDWA_SDWA_EVENTS_MILESTONES,PWSID,2,TEXT,YES,PWSID,STEEL,False,True,facility,394075,394075,98555,"['IN2300090', 'IN2300851', 'KS2007903', 'MT0004698', 'CA1000005']",True,mirror_of_wired_landing
LIBRARY_MARTS,LABOR,LABOR__FED_MSHA_MINES,FIPS_CNTY_NM,13,TEXT,YES,FIPS,GEO,False,True,place,91906,91906,1784,"['Jefferson', 'Shelby', 'Winston', 'Bibb', 'Lee']",True,mirror_of_wired_landing
LIBRARY_MARTS,JUSTICE,JUSTICE__INTL_UCDP_GED,COUNTRY_ID,35,TEXT,YES,COUNTRY,GEO,False,True,place,385918,0,0,"['230', '645', '666', '560', '780']",False,
LIBRARY_MARTS,TIMELINE,HEALTH__FED_CMS_HOME_HEALTH_AGENCY_ENROLLMENTS,CCN,11,TEXT,YES,CCN,STEEL,False,True,facility,11508,11413,11413,"['497020', '058167', '058236', '337061', '077229']",True,mirror_of_wired_landing
LIBRARY_MARTS,JUSTICE,JUSTICE__FED_FJC_IDB_CIVIL,TRANSFER_DOCKET,28,TEXT,YES,DOCKET,STRONG,False,True,case,10857396,10857396,106990,"['8774211', '1500222', '2200753', '1901860', '-8']",False,
LIBRARY_MARTS,ECONOMICS,ECONOMICS__FED_USASPENDING_ASSISTANCE_FULL,PRIME_AWARD_TRANSACTION_RECIPIENT_COUNTY_FIPS_CODE,57,TEXT,YES,FIPS,GEO,False,True,place,19902879,19692887,7085,"['24510.0', '4243.0', '4551.0', '45045', '37067']",True,mirror_of_wired_landing
LIBRARY_MARTS,HOUSING,HOUSING__FED_CFPB_HMDA_LAR,LEI,3,TEXT,YES,LEI,STEEL,False,True,organization,17474,17474,478,"['2549005Q4HZ55QX7YC64', '54930048P8RWCQHQM310', '549300W45D2J6BT4LX65', '254900MCB5QTUWUWQ396', '549300AENO88GEUWCZ39']",True,mirror_of_wired_landing
LIBRARY_MARTS,HEALTH,HEALTH__FED_CMS_MAIN,NPI,8,TEXT,YES,NPI,STEEL,False,True,provider,158,0,0,[''],False,
LIBRARY_MARTS,_RESTORE_20260701,REGULATION__FED_FDIC_ENFORCEMENT,DOCKET_NUMBER,4,TEXT,YES,DOCKET,STRONG,False,True,case,1,0,0,[],False,
LIBRARY_MARTS,TIMELINE,ECONOMICS__FED_USASPENDING_CONTRACTS,RECIPIENT_COUNTRY_NAME,26,TEXT,YES,COUNTRY,GEO,False,True,place,6325622,6325525,181,"['SWITZERLAND', 'KUWAIT', 'UNITED STATES', 'IRAQ', 'JAPAN']",True,mirror_of_wired_landing
LIBRARY_MARTS,REFERENCE,REFERENCE__INTL_EG_CAPMAS,COUNTRY,7,TEXT,YES,COUNTRY,GEO,False,True,place,52,52,1,['Egypt'],False,
LIBRARY_MARTS,ENVIRONMENT,ENVIRONMENT__FED_EPA_NPDES_NPDES_CS_VIOLATIONS,NPDES_ID,1,TEXT,YES,NPDES_ID,STEEL,False,True,facility,82187,82187,10589,"['AK0000833', 'AK0021377', 'AK0021440', 'AK0021458', 'AL0024376']",True,mirror_of_wired_landing
LIBRARY_MARTS,HEALTH,HEALTH__FED_CMS_HOME_HEALTH_AGENCY_ENROLLMENTS,MULTIPLE_NPI_FLAG,6,TEXT,YES,NPI,STEEL,False,True,provider,11508,0,0,"['Y', 'N']",True,mirror_of_wired_landing
LIBRARY_MARTS,TIMELINE,LABOR__FED_OSHA_ITA_300A_SUMMARY_2023,EIN,8,TEXT,YES,EIN,STEEL,False,True,organization,394234,353299,123206,"['231491334', '830468996', '741552397', '222430859', '362693681']",True,mirror_of_wired_landing
LIBRARY_MARTS,ECONOMICS,ECONOMICS__FED_USASPENDING_ASSISTANCE_FULL,RECIPIENT_UEI,43,TEXT,YES,UEI,STEEL,False,True,organization,19902879,7788545,223721,"['U8YAW7Y3CGG3', 'KH1MAXJJ68L7', 'ZUFBNVZ587D4', 'D9KPSNLHD9J5', 'K2E1CFMQNJ78']",True,mirror_of_wired_landing
LIBRARY_MARTS,TIMELINE,ECONOMICS__FED_IRS_AUTO_REVOCATIONS,COUNTRY,12,TEXT,YES,COUNTRY,GEO,False,True,place,1207295,1207295,150,"['UK', 'CA', 'SF', 'GM', 'JA']",True,mirror_of_wired_landing
LIBRARY_MARTS,TIMELINE,POLITICS__IRS527_8872_REPORTS,CUSTODIAN_ZIP,28,TEXT,YES,ZIP,GEO,False,True,place,55579,55500,2861,"['48933', '75206', '62704', '88001', '12207']",True,mirror_of_wired_landing
LIBRARY_MARTS,ECONOMICS,ECONOMICS__FED_US_SEC_EDGAR,CIK,2,TEXT,YES,CIK,STEEL,False,True,organization,48984,48984,25,"['0000789019', '0001652044', '0001326801', '0000723125', '0000019617']",False,
LIBRARY_MARTS,TIMELINE,REFERENCE__FED_DHS_HIFLD,FIPS,12,TEXT,YES,FIPS,GEO,False,True,place,500,0,0,[],False,
LIBRARY_MARTS,TIMELINE,HEALTH__FED_CMS_HOSPITAL_ENROLLMENTS,NPI,9,TEXT,YES,NPI,STEEL,False,True,provider,9175,9175,8717,"['1316947930', '1215961248', '1275578064', '1205893450', '1720088412']",True,mirror_of_wired_landing
LIBRARY_MARTS,IMMIGRATION,IMMIGRATION__FED_ICE_DETENTION_STINTS,CITIZENSHIP_COUNTRY,25,TEXT,YES,COUNTRY,GEO,False,True,place,2571975,2571966,207,"['BAHAMAS', 'CUBA', 'NICARAGUA', 'GUATEMALA', 'SPAIN']",True,mirror_of_wired_landing
LIBRARY_MARTS,TIMELINE,ENVIRONMENT__FED_EPA_ECHO,ZIP,10,TEXT,YES,ZIP,GEO,False,True,place,3135554,2762068,42864,"['77474', '43023', '02885', '93427', '27502']",True,mirror_of_wired_landing
LIBRARY_MARTS,CORE,DIM_TRACT,COUNTY_FIPS,2,TEXT,YES,FIPS,GEO,False,True,place,85391,85391,3222,"['47173', '47157', '47163', '47161', '47159']",False,
LIBRARY_MARTS,HEALTH,HEALTH__FED_CMS_OPEN_PAYMENTS,RECIPIENT_ZIP_CODE,9,TEXT,YES,ZIP,GEO,False,True,place,15385047,15384583,21377,"['08527-2524', '60586-2606', '75081-5850', '73112-4462', '21136-3023']",True,mirror_of_wired_landing
LIBRARY_MARTS,TIMELINE,HEALTH__FED_CMS_HOME_HEALTH_AGENCY_ENROLLMENTS,NPI,9,TEXT,YES,NPI,STEEL,False,True,provider,11508,11508,11467,"['1710919071', '1457434003', '1437180767', '1386645323', '1750346342']",True,mirror_of_wired_landing
LIBRARY_MARTS,FINANCE,FINANCE__FED_SEC_INVESTMENT_COMPANY_SERIES_CLASS,ZIP_CODE,15,TEXT,YES,ZIP,GEO,False,True,place,43123,42073,354,"['07302', '02110', '94105', '77046', '10017']",True,mirror_of_wired_landing
LIBRARY_MARTS,FINANCE,FINANCE__FED_SEC_DERA_SUB_2025Q4,CIK,2,TEXT,YES,CIK,STEEL,False,True,organization,6304,6304,5786,"['3570', '12659', '65984', '36966', '92230']",True,mirror_of_wired_landing
LIBRARY_MARTS,TIMELINE,FINANCE__FED_SEC_DERA_SUB_2025Q1,EIN,24,TEXT,YES,EIN,STEEL,False,True,organization,6231,4704,4305,"['980355078', '570426694', '160716709', '131673581', '952211612']",True,mirror_of_wired_landing
LIBRARY_MARTS,_RESTORE_20260731,UNCATEGORIZED__FED_DEA_ARCOS_FULL,REPORTER_DEA_NO,1,TEXT,YES,DEA_NO,STEEL,False,True,organization,178598026,178598026,656,"['RH0272930', 'RH0236667', 'RH0272928', 'RH0277067', 'RH0231124']",True,mirror_of_wired_landing
LIBRARY_MARTS,ENVIRONMENT,ENVIRONMENT__FED_EPA_SDWA_SDWA_PUB_WATER_SYSTEMS,PWSID,2,TEXT,YES,PWSID,STEEL,False,True,facility,434040,434040,434040,"['SD4600788', 'SD4600791', 'SC0870235', 'SD4600790', 'TN0002061']",True,mirror_of_wired_landing
LIBRARY_MARTS,ECONOMICS,ECONOMICS__INTL_GLEIF,ENTITY_TRANSLITERATEDOTHERADDRESSES_TRANSLITERATEDOTHERADDRESS_2_POSTALCODE,148,TEXT,YES,ZIP,GEO,False,True,place,3382301,41685,10903,"['', '182 33', '2100', '9028', '116 45']",True,mirror_of_wired_landing
LIBRARY_MARTS,TIMELINE,ECONOMICS__FED_USASPENDING_CONTRACTS_FULL,PRIMARY_PLACE_OF_PERFORMANCE_COUNTRY_CODE,78,TEXT,YES,COUNTRY,GEO,False,True,place,20000000,19083252,242,"['DEU', 'GTM', 'AFG', 'USA', 'GBR']",True,mirror_of_wired_landing
LIBRARY_MARTS,ENVIRONMENT,ENVIRONMENT__FED_USGS_MINERALS,FIPS,2,TEXT,YES,FIPS,GEO,False,True,place,304632,0,0,[''],False,
LIBRARY_MARTS,TIMELINE,HEALTH__FED_CDC_DRUG_POISONING_COUNTY,FIPS,5,TEXT,YES,FIPS,GEO,False,True,place,53387,53387,3141,"['08014', '13295', '08091', '27033', '55133']",False,
LIBRARY_MARTS,ECONOMICS,ECONOMICS__INTL_IPC_FOOD_INSECURITY_GLOBAL,TOTAL_COUNTRY_POPULATION,3,FLOAT,YES,COUNTRY,GEO,False,True,place,735,0,0,"['32097671', '5625874', '13097396', '34378759', '11254209']",False,
LIBRARY_MARTS,TIMELINE,CORPORATE_REGISTRY__UK_COMPANIES_HOUSE_PSC,COMPANY_NUMBER,6,TEXT,YES,COMPANY_NO,STEEL,False,True,organization,15804611,15804611,10825858,"['15430043', '15429956', '15429968', '15430018', '15429901']",True,mirror_of_wired_landing
LIBRARY_MARTS,TIMELINE,HEALTH__FED_CDC_INJURY_VIOLENCE_COUNTY,ST_GEOID,7,TEXT,YES,FIPS,GEO,False,True,place,132000,132000,51,"['04', '48', '37', '56', '23']",False,
LIBRARY_MARTS,_RESTORE_20260701,JUSTICE__FED_FJC_IDB,DOCKET,9,TEXT,YES,DOCKET,STRONG,False,True,case,1,0,0,[''],False,
LIBRARY_MARTS,TIMELINE,LABOR__FED_DOL_EBSA_FORM5500_SCHEDULE_SB,SB_ACTUARY_US_ZIP,37,TEXT,YES,ZIP,GEO,False,True,place,41802,41787,745,"['02205', '14228', '85728', '16580', '33022']",True,mirror_of_wired_landing
LIBRARY_MARTS,HEALTH,HEALTH__FED_CDC_DRUG_POISONING_COUNTY,FIPS,1,TEXT,YES,FIPS,GEO,False,True,place,53387,53387,3141,"['41069', '35049', '51173', '34027', '48263']",False,
LIBRARY_MARTS,JUSTICE,JUSTICE__FED_COURTLISTENER_FINANCIAL_DISCLOSURES,PERSON_ID,16,TEXT,YES,CL_PERSON_ID,STEEL,False,True,person,66287,29033,3380,"['9379', '801', '1178', '9273', '8747']",True,mirror_of_wired_landing
LIBRARY_MARTS,ENVIRONMENT,ENVIRONMENT__FED_EPA_FRS_FACILITIES,REGISTRY_ID,1,TEXT,YES,FRS_ID,STEEL,False,True,facility,5300149,5300149,5300149,"['110063925427', '110070044510', '110016629629', '110066765325', '110005162803']",False,
LIBRARY_MARTS,ENVIRONMENT,ENVIRONMENT__FED_EPA_ECHO,FRS_ID,1,TEXT,YES,FRS_ID,STEEL,False,True,facility,3135554,3135553,3135553,"['110003169865', '110051026064', '110043732501', '110072083313', '110071383078']",True,mirror_of_wired_landing
LIBRARY_MARTS,ENVIRONMENT,ENVIRONMENT__FED_EPA_TRI_FACILITY,MAIL_ZIP_CODE,17,TEXT,YES,ZIP,GEO,False,True,place,64990,63837,14371,"['00603', '00692', '08543', '00602', '00605']",True,mirror_of_wired_landing
LIBRARY_MARTS,HEALTH,HEALTH__FED_DEA_ARCOS,BUYER_DEA_NO,11,TEXT,YES,DEA_NO,STEEL,False,True,organization,178598026,178598026,148588,"['BW6113827', 'BW5940514', 'BW6008800', 'BW6120656', 'BW6071308']",False,
LIBRARY_MARTS,TIMELINE,POLITICS__FED_FCC_LICENSING,EIN,17,TEXT,YES,EIN,STEEL,False,True,organization,1689338,0,0,[''],False,
LIBRARY_MARTS,HEALTH,HEALTH__FED_HRSA_HPSA_PRIMARY_CARE,COMMON_STATE_FIPS_CODE,57,TEXT,YES,FIPS,GEO,False,True,place,79158,79158,60,"['31', '36', '42', '19', '17']",False,
LIBRARY_MARTS,TIMELINE,HEALTH__FED_FDA_GUDID,LABELER_DUNS_NUMBER,10,TEXT,YES,DUNS,STEEL,False,True,organization,5083948,5083948,11918,"['131747628', '058311945', '688207479', '111267330', '003688421']",False,
LIBRARY_MARTS,ENVIRONMENT,ENVIRONMENT__INTL_GEM_HAZARD,COUNTRY,2,TEXT,YES,COUNTRY,GEO,False,True,place,12,12,12,"['Europe', 'Australia', 'South America', 'Canada', 'United States']",False,
LIBRARY_MARTS,TIMELINE,ECONOMICS__FED_DOL_FORM5500,LAST_RPT_SPONS_EIN,83,TEXT,YES,EIN,STEEL,False,True,organization,33484,804,715,"['', '131939857', '630696876', '043682361', '911982875']",True,mirror_of_wired_landing
LIBRARY_MARTS,TRANSPORT,TRANSPORT__FED_NTSB_AVIATION_AIRCRAFT,OPER_COUNTRY,48,TEXT,YES,COUNTRY,GEO,False,True,place,31503,31503,149,"['CA', 'DE', 'None', 'USA', 'MA']",False,
LIBRARY_MARTS,ECONOMICS,ECONOMICS__INTL_GLEIF,ENTITY_LEGALADDRESS_COUNTRY,44,TEXT,YES,COUNTRY,GEO,False,True,place,3382301,3382301,236,"['CL', 'AD', 'PT', 'CO', 'ES']",True,mirror_of_wired_landing
LIBRARY_MARTS,FINANCE,FINANCE__FED_FHFA_FHLB_MEMBERSHIP,ZIP,6,TEXT,YES,ZIP,GEO,False,True,place,6327,6325,4739,"['27103', '54880', '53188', '15701', '98362']",False,
LIBRARY_MARTS,ENVIRONMENT,ENVIRONMENT__FED_EPA_RCRA_FACILITIES,ZIP_CODE,10,TEXT,YES,ZIP,GEO,False,True,place,1613224,1612104,36494,"['03061', '49512', '67152', '07304', '03024']",False,
LIBRARY_MARTS,ENVIRONMENT,ENVIRONMENT__XC_EPA_CORPORATE_CROSSWALK,PARENT_CIK,9,TEXT,YES,CIK,STEEL,False,True,organization,5300149,119382,704,"['1393311', '92380', '821189', '16160', '823768']",False,
LIBRARY_MARTS,ECONOMICS,ECONOMICS__FED_IRS_990,ZIP_CODE,14,TEXT,YES,ZIP,GEO,False,True,place,200,0,0,[''],True,mirror_of_wired_landing
LIBRARY_MARTS,HEALTH,HEALTH__FED_CMS_FEDERALLY_QUALIFIED_HEALTH_CENTER_ENROLLMENTS,ZIP_CODE,20,TEXT,YES,ZIP,GEO,False,True,place,11063,11063,6302,"['38761', '39194', '198025145', '388557632', '359585240']",True,mirror_of_wired_landing
LIBRARY_MARTS,TIMELINE,FINANCE__FED_SEC_MONEY_MARKET_FUND_INFORMATION,REGISTRANT_CIK,6,TEXT,YES,CIK,STEEL,False,True,organization,1206,1206,176,"['0000813383', '0001272950', '0000796251', '0000843781', '0000353560']",True,mirror_of_wired_landing
LIBRARY_MARTS,HEALTH,HEALTH__FED_CMS_NURSING_HOME_PENALTIES,CMS_CERTIFICATION_NUMBER_CCN,1,TEXT,YES,CCN,STEEL,False,True,facility,16180,16032,6771,"['035244', '035242', '015060', '015075', '015048']",True,mirror_of_wired_landing
LIBRARY_MARTS,ENVIRONMENT,ENVIRONMENT__FED_EPA_SDWA_SDWA_VIOLATIONS_ENFORCEMENT,PWSID,2,TEXT,YES,PWSID,STEEL,False,True,facility,15432737,15432737,258445,"['IN2160018', 'IL3147728', 'IL3117085', 'IL3157594', 'IL3137448']",True,mirror_of_wired_landing
LIBRARY_MARTS,TIMELINE,HEALTH__FED_CMS_RURAL_HEALTH_CLINIC_ENROLLMENTS,NPI,9,TEXT,YES,NPI,STEEL,False,True,provider,5530,5530,5320,"['1801987904', '1336284264', '1740358803', '1457328841', '1457399982']",True,mirror_of_wired_landing
LIBRARY_MARTS,_RESTORE_20260701,HISTORICAL_RECORDS__FED_SLAVEVOYAGES_INTRAAMERICAN,FIPS_CODE,18,TEXT,YES,FIPS,GEO,False,True,place,1,0,0,[],False,
LIBRARY_MARTS,FINANCE,FINANCE__FED_SEC_CLOSED_END_FUND_INFORMATION,ZIP_CODE,8,TEXT,YES,ZIP,GEO,False,True,place,973,955,226,"['10111', '28202', '10036', '21202', '53212']",True,mirror_of_wired_landing
LIBRARY_MARTS,ECONOMICS,ECONOMICS__FED_IRS_BMF,ZIP,8,TEXT,YES,ZIP,GEO,False,True,place,1974830,1974830,37033,"['21401-7427', '44120-3456', '68801-5938', '59715-0000', '82414-0751']",True,mirror_of_wired_landing
LIBRARY_MARTS,ECONOMICS,ECONOMICS__INTL_GLEIF,ENTITY_TRANSLITERATEDOTHERADDRESSES_TRANSLITERATEDOTHERADDRESS_3_COUNTRY,160,TEXT,YES,COUNTRY,GEO,False,True,place,3382301,0,0,[''],True,mirror_of_wired_landing
LIBRARY_MARTS,TIMELINE,HEALTH__FED_CMS_NURSING_HOME_DEFICIENCIES,CMS_CERTIFICATION_NUMBER_CCN,5,TEXT,YES,CCN,STEEL,False,True,facility,418479,413329,14383,"['015009', '015010', '015012', '015014', '015015']",True,mirror_of_wired_landing
LIBRARY_MARTS,ENVIRONMENT,ENVIRONMENT__FED_EPA_FRS_FRS_SIC_CODES,REGISTRY_ID,4,TEXT,YES,FRS_ID,STEEL,False,True,facility,1085211,1082848,831499,"['110000307739', '110000308220', '110000308471', '110000307668', '110000307695']",True,mirror_of_wired_landing
LIBRARY_MARTS,FINANCE,FINANCE__FED_SEC_INSIDER_REPORTINGOWNER,ZIP_CODE,9,TEXT,YES,ZIP,GEO,False,True,place,1934673,1867552,7189,"['01532', '77386', '94304-1038', 'L3R 4G8', '28704']",True,mirror_of_wired_landing
LIBRARY_MARTS,LABOR,LABOR__FED_MSHA_VIOLATIONS,DOCKET_NO,3,TEXT,YES,DOCKET,STRONG,False,True,case,3087265,192230,37534,"['KENT 2009-980', 'KENT 2009-1114', 'KENT 2009-978', 'KENT 2009-1256', 'KENT 2009-1035']",True,mirror_of_wired_landing
LIBRARY_MARTS,HEALTH,HEALTH__FED_HRSA_HPSA_PRIMARY_CARE,STATE_FIPS_CODE,54,TEXT,YES,FIPS,GEO,False,True,place,79158,79158,60,"['04', '22', '51', '45', '42']",False,
LIBRARY_MARTS,TIMELINE,HEALTH__FED_CMS_HCRIS,CCN_FACILITY_TYPE,16,TEXT,YES,CCN,STEEL,False,True,facility,6103,0,0,"['CAH', 'RH', 'STH', 'LTCH', 'PH']",True,mirror_of_wired_landing
LIBRARY_MARTS,ECONOMICS,ECONOMICS__FED_FAC_SINGLE_AUDIT,AUDITEE_ZIP,8,TEXT,YES,ZIP,GEO,False,True,place,411638,411638,20450,"['42241', '92028', '25570', '77489', '28387']",True,mirror_of_wired_landing
LIBRARY_MARTS,_RESTORE_20260731,LAND_AND_TERRITORY__FED_BIA_TRIBAL_GEO,FIPS,1,TEXT,YES,FIPS,GEO,False,True,place,1,0,0,[''],False,
LIBRARY_MARTS,HEALTH,HEALTH__FED_HRSA_SHORTAGE_AREAS,PRIMARY_STATE_FIPS_CODE,54,TEXT,YES,FIPS,GEO,False,True,place,165531,165531,60,"['64', '56', '60', '68', '66']",False,
LIBRARY_MARTS,TIMELINE,IMMIGRATION__FED_CMS_HOSPICE_ENROLLMENTS,NPI,9,TEXT,YES,NPI,STEEL,False,True,provider,6066,6066,6056,"['1477631745', '1609924638', '1053393447', '1285673111', '1235179060']",True,mirror_of_wired_landing
LIBRARY_MARTS,TIMELINE,HEALTH__FED_CMS_OPEN_PAYMENTS_2022,NPI,6,TEXT,YES,NPI,STEEL,False,True,provider,13306564,13254980,863007,"['1093874729', '1154711109', '1689291411', '1619454154', '1922345537']",True,mirror_of_wired_landing
LIBRARY_MARTS,ENVIRONMENT,ENVIRONMENT__FED_EPA_ICIS_AIR_ICIS_AIR_FACILITIES,ZIP_CODE,8,TEXT,YES,ZIP,GEO,False,True,place,279728,279538,25711,"['07446', '08046', '08215', '074073203', '07601']",True,mirror_of_wired_landing
LIBRARY_MARTS,ECONOMICS,ECONOMICS__INTL_GLEIF,ENTITY_HEADQUARTERSADDRESS_POSTALCODE,57,TEXT,YES,ZIP,GEO,False,True,place,3382301,1652436,54067,"['322000', '363107', '350800', '533000', '277000']",True,mirror_of_wired_landing
LIBRARY_MARTS,IMMIGRATION,IMMIGRATION__FED_ICE_DETAINERS,BIRTH_COUNTRY,11,TEXT,YES,COUNTRY,GEO,False,True,place,609769,609769,230,"['VENEZUELA', 'GUATEMALA', 'HONDURAS', 'RUSSIA', 'UZBEKISTAN']",True,mirror_of_wired_landing
LIBRARY_MARTS,TIMELINE,FINANCE__FED_FEC_BULK_COMMITTEES,FEC_CAND_ID,19,TEXT,YES,FEC_CAND_ID,STEEL,False,True,person,20007,7223,6921,"['S4AK00214', '', 'H6WA05023', 'H6CA24048', 'H6NY36015']",True,mirror_of_wired_landing
LIBRARY_MARTS,CORPORATE_REGISTRY,CORPORATE_REGISTRY__INTL_UK_COMPANIES_HOUSE,COUNTRY,7,TEXT,YES,COUNTRY,GEO,False,True,place,5734780,4813556,206,"['ENGLAND', '', 'UNITED KINGDOM', 'SCOTLAND', 'ISLE OF MAN']",False,
LIBRARY_MARTS,CORE,XWALK_ZCTA_COUNTY,ZCTA5,1,TEXT,YES,ZIP,GEO,False,True,place,46960,46960,33791,"['00610', '00771', '00907', '00602', '00794']",False,
LIBRARY_MARTS,TIMELINE,ENVIRONMENT__FED_EPA_NPDES_NPDES_FORMAL_ENFORCEMENT_ACTIONS,NPDES_ID,5,TEXT,YES,NPDES_ID,STEEL,False,True,facility,112373,112373,49662,"['NY0022446', 'PR0022438', 'PRU080460', 'KY0022420', 'OKG010270']",True,mirror_of_wired_landing
LIBRARY_MARTS,PROCUREMENT,PROCUREMENT__FED_USASPENDING_BULK,PRIMARY_PLACE_OF_PERFORMANCE_COUNTRY_NAME,75,TEXT,YES,COUNTRY,GEO,False,True,place,49613,45074,133,"['PAPUA NEW GUINEA', '', 'GERMANY', 'UNITED STATES', 'CANADA']",True,mirror_of_wired_landing
LIBRARY_MARTS,HEALTH,HEALTH__FED_CMS_OPEN_PAYMENTS_PROFILE_SUPPLEMENT,ZIPCODE,18,TEXT,YES,ZIP,GEO,False,True,place,1697025,1696872,21924,"['29631-1114', '61201', '74008-2030', '10466', '98632-2509']",True,mirror_of_wired_landing
LIBRARY_MARTS,TIMELINE,HOUSING__FED_HUD_DATA,ZIP,9,TEXT,YES,ZIP,GEO,False,True,place,71,0,0,[''],False,
LIBRARY_MARTS,_RESTORE_20260701,ECONOMICS__INTL_GR_GEMI,POSTAL_CODE,17,TEXT,YES,ZIP,GEO,False,True,place,1,0,0,[''],False,
LIBRARY_MARTS,TIMELINE,HEALTH__FED_CMS_HOSPITAL_ENROLLMENTS,CCN,11,TEXT,YES,CCN,STEEL,False,True,facility,9175,5966,5966,"['030089', '380007', '450617', '051320', '440058']",True,mirror_of_wired_landing
LIBRARY_MARTS,HEALTH,HEALTH__FED_HRSA_UDS_SERVICE_DELIVERY_SITES,FQHC_SITE_NPI_NUMBER,5,TEXT,YES,NPI,STEEL,False,True,provider,19038,6089,6047,"['1861867590', '1346218294', '1285281709', '1184808008', '1093908246']",True,mirror_of_wired_landing
LIBRARY_MARTS,TIMELINE,POLITICS__ST_NYC_CFB_CAMPAIGN_2021_CONTRIBUTIONS,ZIP,27,TEXT,YES,ZIP,GEO,False,True,place,457521,433883,9019,"['11418', '11757', '10804', '10036', '19041']",False,
LIBRARY_MARTS,POLITICS,POLITICS__FED_MEDSL_HOUSE_RETURNS,STATE_FIPS,4,TEXT,YES,FIPS,GEO,False,True,place,29636,29636,50,"['4', '1', '2', '5', '6']",False,
LIBRARY_MARTS,IMMIGRATION,IMMIGRATION__FED_DOL_OFLC,EMPLOYER_COUNTRY,27,TEXT,YES,COUNTRY,GEO,False,True,place,664616,636472,8,"['CANADA', '', 'ALBANIA', 'UNITED STATES OF AMERICA', 'AFGHANISTAN']",False,
LIBRARY_MARTS,JUSTICE,JUSTICE__FED_COURTLISTENER_JUDGE_POLITICAL_AFFILIATIONS,PERSON_ID,10,TEXT,YES,CL_PERSON_ID,STEEL,False,True,person,8486,8486,7226,"['212', '250', '244', '214', '2']",True,mirror_of_wired_landing
LIBRARY_MARTS,IMMIGRATION,IMMIGRATION__FED_DOL_OFLC,AGENT_ATTORNEY_COUNTRY,39,TEXT,YES,COUNTRY,GEO,False,True,place,664616,444042,9,"['AUSTRALIA', '', 'CANADA', 'ISRAEL', 'UNITED STATES OF AMERICA']",False,
LIBRARY_MARTS,TIMELINE,ECONOMICS__FED_USASPENDING_ASSISTANCE_FULL,PRIMARY_PLACE_OF_PERFORMANCE_COUNTRY_CODE,74,TEXT,YES,COUNTRY,GEO,False,True,place,19902879,17914804,241,"['COM', 'PAN', 'USA', '', 'TZA']",True,mirror_of_wired_landing
LIBRARY_MARTS,HEALTH,HEALTH__FED_CMS_OPIOID_TREATMENT_PROGRAM_PROVIDERS,NPI,1,TEXT,YES,NPI,STEEL,False,True,provider,1558,1502,1287,"['1003008301', '1003081399', '1003081399 1013055110', '1023175072', '1063632982']",True,mirror_of_wired_landing
LIBRARY_MARTS,TIMELINE,FINANCE__FED_SEC_DERA_SUB_2025Q1,CIK,6,TEXT,YES,CIK,STEEL,False,True,organization,6231,6231,5672,"['72971', '16058', '35527', '99780', '98362']",True,mirror_of_wired_landing
LIBRARY_MARTS,HEALTH,HEALTH__FED_CMS_NURSING_HOME,COUNTY_FIPS,3,TEXT,YES,FIPS,GEO,False,True,place,14700,0,0,[''],True,mirror_of_wired_landing
LIBRARY_MARTS,TIMELINE,FINANCE__FED_FDIC_SOD_BRANCH_DEPOSITS,BRANCH_STATE_COUNTY_FIPS,24,TEXT,YES,FIPS,GEO,False,True,place,2823000,2823000,3237,"['31067', '22045', '11001', '22017', '51071']",False,
LIBRARY_MARTS,FINANCE,FINANCE__FED_SEC_DERA_SUB_2025Q4,EIN,20,TEXT,YES,EIN,STEEL,False,True,organization,6304,4870,4501,"['941692300', '954352386', '410417775', '380572512', '340538550']",True,mirror_of_wired_landing
LIBRARY_MARTS,ENERGY,ENERGY__FED_EIA860_2_PLANT,FERC_SMALL_POWER_PRODUCER_DOCKET_NUMBER,23,TEXT,YES,DOCKET,STRONG,False,True,case,16132,4734,4542,"['98-53-000', '06-263-000', '98-95-000', '14-162-000', '98-52-000']",False,
LIBRARY_MARTS,HEALTH,HEALTH__FED_CMS_NURSING_HOME_FIRE_DEFICIENCIES,ZIP_CODE,6,TEXT,YES,ZIP,GEO,False,True,place,200030,200030,8619,"['35653', '35206', '35111', '35150', '35768']",True,mirror_of_wired_landing
LIBRARY_MARTS,TIMELINE,JUDICIARY__FED_OYEZ,DOCKET,6,TEXT,YES,DOCKET,STRONG,False,True,case,25,25,25,"['70-5004', '70-5082', '70-5014', '70-161', '70-5055']",False,
LIBRARY_MARTS,TIMELINE,POLITICS__ST_NYC_CFB_CAMPAIGN_2021_CONTRIBUTIONS,INTERMEDIARY_ZIP,45,TEXT,YES,ZIP,GEO,False,True,place,457521,8266,165,"['11207', '11215', '11218', '11106', '11220']",False,
LIBRARY_MARTS,TIMELINE,ECONOMICS__FED_DOL_FORM5500,SPONS_DFE_MAIL_FOREIGN_CNTRY,52,NUMBER,YES,COUNTRY,GEO,False,True,place,33484,0,0,[],True,mirror_of_wired_landing
LIBRARY_MARTS,LABOR,LABOR__FED_DOL_EBSA_FORM5500_SCHEDULE_SB,SB_ACTUARY_US_ZIP,33,TEXT,YES,ZIP,GEO,False,True,place,41802,41787,745,"['139030000', '44321', '87106', '02207', '68022']",True,mirror_of_wired_landing
LIBRARY_MARTS,TIMELINE,ENVIRONMENT__FED_EPA_NPDES_NPDES_INSPECTIONS,NPDES_ID,6,TEXT,YES,NPDES_ID,STEEL,False,True,facility,1900067,1900067,286752,"['MN0023108', 'FL0039951', 'PA0007919', 'MO0055387', 'OK0000388']",True,mirror_of_wired_landing
LIBRARY_MARTS,TIMELINE,TRANSPORT__FED_NTSB_AVIATION_EVENTS,EV_COUNTRY,14,TEXT,YES,COUNTRY,GEO,False,True,place,30968,30968,186,"['DE', 'FR', 'TH', 'CA', 'USA']",False,
LIBRARY_MARTS,_RESTORE_20260701,ECONOMICS__FED_HHS_TAGGS,ZIP_CODE,5,TEXT,YES,ZIP,GEO,False,True,place,1,0,0,[''],False,
LIBRARY_MARTS,TIMELINE,HEALTH__FED_HRSA_NPDB,HOME_COUNTRY,12,NUMBER,YES,COUNTRY,GEO,False,True,place,1911185,0,0,[],False,
LIBRARY_MARTS,TIMELINE,POLITICS__ST_NYC_CFB_CAMPAIGN_2025_CONTRIBUTIONS,ZIP,27,TEXT,YES,ZIP,GEO,False,True,place,259537,243879,8104,"['11150', '10014', '11101', '10018', '10108']",False,
LIBRARY_MARTS,ECONOMICS,ECONOMICS__FED_USASPENDING_CONTRACTS_FULL,COUNTRY_OF_PRODUCT_OR_SERVICE_ORIGIN_CODE,122,TEXT,YES,COUNTRY,GEO,False,True,place,20000000,19174895,266,"['', 'USA', 'JPN', 'POL', 'NAN']",True,mirror_of_wired_landing
LIBRARY_MARTS,_RESTORE_20260701,GOVERNMENT_RECORDS__FED_NARA_AAD,FIPS_GEO,7,TEXT,YES,FIPS,GEO,False,True,place,9,0,0,[],False,
LIBRARY_MARTS,JUSTICE,JUSTICE__FED_USCOURTS_STATS,FIPS_CODE,10,TEXT,YES,FIPS,GEO,False,True,place,50,0,0,[''],False,
LIBRARY_MARTS,POLITICS,POLITICS__FED_CONGRESS_COMMITTEE_MEMBERSHIP,BIOGUIDE,4,TEXT,YES,BIOGUIDE,STEEL,False,True,person,3879,3879,528,"['H001061', 'B001236', 'E000295', 'F000463', 'M000355']",True,mirror_of_wired_landing
LIBRARY_MARTS,ENVIRONMENT,ENVIRONMENT__FED_EPA_AIR_EMISSIONS_POLL_RPT_COMBINED_EMISSIONS,REGISTRY_ID,2,TEXT,YES,FRS_ID,STEEL,False,True,facility,10411826,10411826,162513,"['110041587841', '110016798893', '110000603179', '110002428837', '110037972414']",True,mirror_of_wired_landing
LIBRARY_MARTS,JUSTICE,JUSTICE__FED_FTC_DATASETS,EIN,8,TEXT,YES,EIN,STEEL,False,True,organization,1004,0,0,[''],False,
LIBRARY_MARTS,TIMELINE,HEALTH__FED_CMS_IRF,CCN,5,TEXT,YES,CCN,STEEL,False,True,facility,1222,410,410,"['013028', '103046', '013030', '02T017', '04R334']",True,mirror_of_wired_landing
LIBRARY_MARTS,TIMELINE,CORPORATE_REGISTRY__FED_ICIJ_OFFSHORELEAKS_ENTITIES,COUNTRY_CODES,21,TEXT,YES,COUNTRY,GEO,False,True,place,814344,504991,1101,"['TWN', 'HKG', 'CHE', 'SGP', 'JEY']",False,
LIBRARY_MARTS,ECONOMICS,ECONOMICS__FED_USASPENDING_CONTRACTS,RECIPIENT_ZIP_4_CODE,21,TEXT,YES,ZIP,GEO,False,True,place,6325622,6218423,16734,"['770235813', '210171546', '902454501', '305046001', '402232185']",True,mirror_of_wired_landing
LIBRARY_MARTS,HEALTH,HEALTH__FED_CMS_RURAL_HEALTH_CLINIC_ENROLLMENTS,NPI,5,TEXT,YES,NPI,STEEL,False,True,provider,5530,5530,5320,"['1336257518', '1952366593', '1801987904', '1902897077', '1558389338']",True,mirror_of_wired_landing
LIBRARY_MARTS,TIMELINE,ECONOMICS__FED_FAC_SINGLE_AUDIT,AUDITEE_UEI,7,TEXT,YES,UEI,STEEL,False,True,organization,411638,411638,59493,"['KWN8N51CZ569', 'PM2BWC5886J7', 'LN8DJNLQ4KC5', 'J4LZPRJGU3L4', 'CG4WNMD3V6L5']",True,mirror_of_wired_landing
LIBRARY_MARTS,JUSTICE,JUSTICE__FED_COURTLISTENER_COURTHOUSES,COURT_ID,11,TEXT,YES,CL_COURT_ID,STEEL,False,True,organization,3361,3361,3286,"['msnb', 'ca1', 'ctd', 'meb', 'hib']",True,mirror_of_wired_landing
LIBRARY_MARTS,TIMELINE,HEALTH__FED_FDA_DEVICE_ENFORCEMENT,POSTAL_CODE,16,TEXT,YES,ZIP,GEO,False,True,place,39635,35946,1273,"['08540-6607', '02141-2296', '01752-1234', '18109-9577', '14626-5101']",False,
LIBRARY_MARTS,ENVIRONMENT,ENVIRONMENT__FED_EPA_SDWA_SDWA_FACILITIES,PWSID,2,TEXT,YES,PWSID,STEEL,False,True,facility,1554832,1554832,430916,"['WI7640670', 'WI7640750', 'WI7640671', 'WI7640734', 'WI7640722']",True,mirror_of_wired_landing
LIBRARY_MARTS,_RESTORE_20260731,UNCATEGORIZED__FED_EPA_FRS_FULL,COUNTRY_NAME,11,NUMBER,YES,COUNTRY,GEO,False,True,place,5300149,0,0,[],True,mirror_of_wired_landing
LIBRARY_MARTS,ECONOMICS,ECONOMICS__FED_US_USASPENDING_API,RECIPIENT_EIN,5,TEXT,YES,EIN,STEEL,False,True,organization,300,0,0,[''],False,
LIBRARY_MARTS,TIMELINE,HEALTH__FED_HRSA_SHORTAGE_AREAS,STATE_FIPS_CODE,64,TEXT,YES,FIPS,GEO,False,True,place,165531,165531,60,"['68', '64', '56', '66', '60']",False,
LIBRARY_MARTS,HEALTH,HEALTH__FED_HRSA_HPSA_PRIMARY_CARE,COUNTY_FIPS_CODE,63,TEXT,YES,FIPS,GEO,False,True,place,79158,79158,345,"['025', '119', '145', '053', '073']",False,
LIBRARY_MARTS,HEALTH,HEALTH__FED_CMS_MEDICARE_PHYSICIAN_OTHER_PRACTITIONERS_BY_PROVIDER_AND_SERVI,RNDRNG_NPI,1,TEXT,YES,NPI,STEEL,False,True,provider,9781673,9781673,1207473,"['1336149905', '1336152842', '1336151604', '1336149582', '1336149632']",True,mirror_of_wired_landing
LIBRARY_MARTS,TIMELINE,JUSTICE__FED_FJC_IDB_BANKRUPTCY,DEBTOR2_ZIP,34,TEXT,YES,ZIP,GEO,False,True,place,6965441,1423797,29362,"['327630000', '', '631390000', '006020000', '700650000']",False,
LIBRARY_MARTS,TIMELINE,HEALTH__FED_CMS_OPT_OUT_AFFIDAVITS,NPI,7,TEXT,YES,NPI,STEEL,False,True,provider,57209,57209,56455,"['1811981905', '1598803199', '1124133061', '1396738092', '1548271240']",True,mirror_of_wired_landing
LIBRARY_MARTS,FINANCE,FINANCE__FED_SEC_DERA_SUB_2024Q3,EIN,20,TEXT,YES,EIN,STEEL,False,True,organization,6699,5188,4686,"['510100517', '750225040', '941692300', '590906081', '132592361']",True,mirror_of_wired_landing
LIBRARY_MARTS,ECONOMICS,ECONOMICS__INTL_GLEIF,ENTITY_HEADQUARTERSADDRESS_COUNTRY,56,TEXT,YES,COUNTRY,GEO,False,True,place,3382301,3382301,237,"['GR', 'DK', 'GB', 'FR', 'AU']",True,mirror_of_wired_landing
LIBRARY_MARTS,CORE,DIM_ZIP_POINT,PRIMARY_COUNTY_FIPS,2,TEXT,YES,FIPS,GEO,False,True,place,33486,33486,3066,"['42051', '25027', '23013', '12073', '04013']",False,
LIBRARY_MARTS,TIMELINE,HOUSING__FED_FEMA_IA_HOUSING_REGISTRATIONS,FIPS,15,TEXT,YES,FIPS,GEO,False,True,place,3080000,3080000,2989,"['48291', '48245', '48373', '48407', '48339']",False,
LIBRARY_MARTS,PROCUREMENT,PROCUREMENT__FED_SAM_EXCLUSIONS,COUNTRY,19,TEXT,YES,COUNTRY,GEO,False,True,place,167928,167297,187,"['RUS', 'XUN', 'COL', 'BLR', 'IRN']",False,
LIBRARY_MARTS,HEALTH,HEALTH__FED_CMS_OPEN_PAYMENTS_2022,NPI,2,TEXT,YES,NPI,STEEL,False,True,provider,13306564,13254980,863007,"['1487196002', '1952801201', '1073955795', '1508131905', '1700280146']",True,mirror_of_wired_landing
LIBRARY_MARTS,FINANCE,FINANCE__FED_FDIC_SOD_BRANCH_DEPOSITS,BRANCH_COUNTY_FIPS,18,TEXT,YES,FIPS,GEO,False,True,place,2823000,2823000,333,"['81', '47', '85', '37', '19']",False,
LIBRARY_MARTS,PROCUREMENT,PROCUREMENT__FED_USASPENDING_BULK,RECIPIENT_PARENT_DUNS,56,TEXT,YES,DUNS,STEEL,False,True,organization,49613,0,0,[''],True,mirror_of_wired_landing
LIBRARY_MARTS,FINANCE,FINANCE__FED_SEC_MONEY_MARKET_FUND_INFORMATION,REGISTRANT_CIK,2,TEXT,YES,CIK,STEEL,False,True,organization,1206,1206,176,"['0000796251', '0000843781', '0000353560', '0000740766', '0000742212']",True,mirror_of_wired_landing
LIBRARY_MARTS,TIMELINE,ECONOMICS__FED_USASPENDING_ASSISTANCE_FULL,RECIPIENT_COUNTRY_NAME,56,TEXT,YES,COUNTRY,GEO,False,True,place,19902879,17362383,233,"['CANADA', 'TANZANIA', '', 'ITALY', 'UNITED STATES']",True,mirror_of_wired_landing
LIBRARY_MARTS,TIMELINE,FINANCE__FED_FEC_COMMITTEE_TO_CANDIDATE,CAND_ID,21,TEXT,YES,FEC_CAND_ID,STEEL,False,True,person,866730,864457,2804,"['H4NC13116', 'H0PA03271', 'H4NC01137', 'S6FL00640', 'H8PA05071']",True,mirror_of_wired_landing
LIBRARY_MARTS,_RESTORE_20260731,POLITICS__FED_VOTEVIEW_ROLLCALLS,ICPSR,4,TEXT,YES,ICPSR,STEEL,False,True,person,945523,945523,639,"['14873', '21307', '21554', '21551', '21367']",True,mirror_of_wired_landing
LIBRARY_MARTS,ENVIRONMENT,ENVIRONMENT__XC_EPA_CORPORATE_CROSSWALK,EPA_REGISTRY_ID,1,TEXT,YES,FRS_ID,STEEL,False,True,facility,5300149,5300149,5300149,"['110015623814', '110015337116', '110014394191', '110013374874', '110013746820']",False,
LIBRARY_MARTS,TIMELINE,LABOR__FED_OSHA_ITA_300A_SUMMARY_2025,EIN,8,TEXT,YES,EIN,STEEL,False,True,organization,383283,339960,106218,"['061179653', '721548826', '931553362', '474703045', '541595717']",True,mirror_of_wired_landing
LIBRARY_MARTS,EDUCATION,EDUCATION__FED_ED_EDFACTS,STATE_FIPS,2,TEXT,YES,FIPS,GEO,False,True,place,33,0,0,[''],False,
LIBRARY_MARTS,TIMELINE,ECONOMICS__FED_DOL_FORM5500,PREPARER_FOREIGN_CNTRY,137,NUMBER,YES,COUNTRY,GEO,False,True,place,33484,0,0,[],True,mirror_of_wired_landing
LIBRARY_MARTS,TIMELINE,HOUSING__FED_FEMA_IA_HOUSING_REGISTRATIONS,RENTAL_RESOURCE_ZIP_CODE,80,TEXT,YES,ZIP,GEO,False,True,place,3080000,10859,3777,"['77090', '08087', '08723', '08872', '07660']",False,
LIBRARY_MARTS,ECONOMICS,ECONOMICS__INTL_GLEIF,LEI,1,TEXT,YES,LEI,STEEL,False,True,organization,3382301,3382301,3382301,"['2138001ERTHN2EVW3L89', '2138001HCRN162F5ZE45', '2138001FPB5QLLXEHV73', '2138001BUQGMVRND6Z31', '2138001A2EGSB8SBI156']",True,mirror_of_wired_landing
LIBRARY_MARTS,FINANCE,FINANCE__FED_SEC_INSIDER_SUBMISSION,ISSUER_CIK,6,TEXT,YES,CIK,STEEL,False,True,organization,1772088,1772088,10401,"['0001125259', '0001022408', '0000704440', '0001514281', '0000353569']",False,
LIBRARY_MARTS,ECONOMICS,ECONOMICS__FED_IRS_BMF,EIN,1,TEXT,YES,EIN,STEEL,False,True,organization,1974830,1974830,1974830,"['237586142', '237985997', '464955187', '333406126', '371949139']",True,mirror_of_wired_landing
LIBRARY_MARTS,TIMELINE,CONSUMER_PROTECTION__FED_CFPB_COMPLAINTS,ZIP_CODE,7,TEXT,YES,ZIP,GEO,False,True,place,17168287,15892345,35605,"['19120', '10805', '60637', '63376', '77657']",False,
LIBRARY_MARTS,ECONOMICS,ECONOMICS__FED_US_USASPENDING_API,RECIPIENT_DUNS,4,TEXT,YES,DUNS,STEEL,False,True,organization,300,0,0,[''],False,
LIBRARY_MARTS,JUSTICE,JUSTICE__COUNTY_DOUBLE_BURDEN,FIPS,1,TEXT,YES,FIPS,GEO,False,True,place,3029,3029,3029,"['13053', '27137', '27031', '40143', '36079']",False,
LIBRARY_MARTS,HOUSING,HOUSING__FED_CFPB_HMDA_ARID2017_LEI_XREF,LEI_2018,3,TEXT,YES,LEI,STEEL,False,True,organization,5399,5399,5399,"['5493003XLOX5FDT9R120', '549300U5SDGYPSPXZU37', '5493006P0JVBBAHVXV08', '254900XJUBW1WCO2J645', '549300G6F5FVAHSGKU13']",True,mirror_of_wired_landing
LIBRARY_MARTS,JUSTICE,JUSTICE__FED_COURTLISTENER_OPINION_CLUSTERS,DOCKET_ID,34,TEXT,YES,DOCKET,STRONG,False,True,case,10070727,10070727,9765364,"['68019884', '64147110', '65545161', '64369337', '68022230']",False,
LIBRARY_MARTS,TIMELINE,ECONOMICS__FED_SEC_EDGAR,EIN,7,TEXT,YES,EIN,STEEL,False,True,organization,200,190,19,"['943177549', '942404110', '911646860', '911144442', '611767919']",False,
LIBRARY_MARTS,TIMELINE,ECONOMICS__FED_US_USASPENDING_API,RECIPIENT_EIN,9,TEXT,YES,EIN,STEEL,False,True,organization,300,0,0,[''],False,
LIBRARY_MARTS,TIMELINE,FINANCE__FED_SEC_EDGAR_FINANCIALS,EIN,24,TEXT,YES,EIN,STEEL,False,True,organization,55635,43144,5771,"['952636730', '541701843', '510100517', '954352386', '042302115']",True,mirror_of_wired_landing
LIBRARY_MARTS,POLITICS,POLITICS__IRS527_DIRECTORS_OFFICERS,ENTITY_ZIP,11,TEXT,YES,ZIP,GEO,False,True,place,189593,189586,17016,"['90640', '10038', '60118', '92260', '98579']",True,mirror_of_wired_landing
LIBRARY_MARTS,TIMELINE,FINANCE__FED_FDIC_BANK_DATA,DOCKET,29,TEXT,YES,DOCKET,STRONG,False,True,case,27836,27836,11818,"['2365', '1935', '11755', '2253', '2407']",False,
LIBRARY_MARTS,TIMELINE,ENVIRONMENT__FED_EPA_NPDES_NPDES_PS_VIOLATIONS,NPDES_ID,5,TEXT,YES,NPDES_ID,STEEL,False,True,facility,397615,397615,44872,"['MA0100447', 'IN0043281', 'NH0020338', 'RIR800046', 'IN0057029']",True,mirror_of_wired_landing
LIBRARY_MARTS,TIMELINE,SCIENCE_RESEARCH__FED_NIH_REPORTER,ORG_UEI,16,TEXT,YES,UEI,STEEL,False,True,organization,2122611,1890827,11903,"['XNY5ULPU8EN6', 'LMCJKRFW5R81', 'S47QLSY37VS1', 'L6NFUM28LQM5', 'KG76WYENL5K1']",True,mirror_of_wired_landing
LIBRARY_MARTS,HEALTH,HEALTH__FED_HRSA_SHORTAGE_AREAS,COMMON_POSTAL_CODE,26,TEXT,YES,ZIP,GEO,False,True,place,165531,22007,4969,"['96944', '', '96943', '96913', '96910']",False,
LIBRARY_MARTS,TIMELINE,LABOR__FED_OSHA_ITA_CASE_DETAIL_2023,ZIP_CODE,13,TEXT,YES,ZIP,GEO,False,True,place,890934,849023,16219,"['35160', '01002', '79065', '80220', '46032']",True,mirror_of_wired_landing
LIBRARY_MARTS,JUSTICE,JUSTICE__FED_COURTLISTENER_JUDGES,DOB_COUNTRY,17,TEXT,YES,COUNTRY,GEO,False,True,place,16191,16185,63,"['Argentina', 'Lebanon', 'Germany', 'Taiwan', 'Japan']",True,mirror_of_wired_landing
LIBRARY_MARTS,TIMELINE,FINANCE__FED_FDIC_SOD_BRANCH_DEPOSITS,BRANCH_ZIP,20,TEXT,YES,ZIP,GEO,False,True,place,2823000,2822997,24311,"['81620', '68110', '70560', '27615', '80237']",False,
LIBRARY_MARTS,FINANCE,FINANCE__FED_NCUA_CALL_REPORTS_FOICU,CU_NUMBER,1,TEXT,YES,NCUA_CHARTER,STEEL,False,True,organization,4336,4336,4336,"['1', '119', '11374', '10015', '10754']",True,mirror_of_wired_landing
LIBRARY_MARTS,JUSTICE,JUSTICE__INTL_EU_SANCTIONS,ADDR_COUNTRY,33,TEXT,YES,COUNTRY,GEO,False,True,place,42347,2359,89,"['LBN', '', 'PAK', 'AFG', 'PHL']",False,
LIBRARY_MARTS,TRANSPORT,TRANSPORT__FED_FRA_SAFETY,STATE_FIPS,4,TEXT,YES,FIPS,GEO,False,True,place,1,1,1,['N/A'],False,
LIBRARY_MARTS,TIMELINE,HEALTH__FED_FDA_ESTABLISHMENT_REG,POSTAL_CODE,13,TEXT,YES,ZIP,GEO,False,True,place,263374,52815,3381,"['215100', '40400', '51372', '110030', '15012']",False,
LIBRARY_MARTS,TIMELINE,EDUCATION__FED_SENATE_LDA_FILINGS,REGISTRANT_COUNTRY,19,TEXT,YES,COUNTRY,GEO,False,True,place,174871,174871,14,"['DE', 'GB', 'BE', 'CA', 'US']",False,
LIBRARY_MARTS,HEALTH,HEALTH__FED_CMS_OPEN_PAYMENTS_2022,CCN,22,TEXT,YES,CCN,STEEL,False,True,facility,13306564,39020,1217,"['140114', '420007', '180044', '', '453025']",True,mirror_of_wired_landing
LIBRARY_MARTS,TIMELINE,IMMIGRATION__FED_DOL_OFLC,EMPLOYER_COUNTRY,31,TEXT,YES,COUNTRY,GEO,False,True,place,664616,636472,8,"['AUSTRALIA', '', 'CANADA', 'UNITED STATES OF AMERICA', 'INDIA']",False,
LIBRARY_MARTS,HEALTH,HEALTH__FED_CMS_MEDICARE_DURABLE_MEDICAL_EQUIPMENT_DEVICES_SUPPLIES_BY_REFER,RFRG_PRVDR_CNTRY,15,NUMBER,YES,COUNTRY,GEO,False,True,place,381228,0,0,[],True,mirror_of_wired_landing
LIBRARY_MARTS,ENVIRONMENT,ENVIRONMENT__FED_EPA_TRI_BASIC_2023,C_3_FRS_ID,3,TEXT,YES,FRS_ID,STEEL,False,True,facility,78647,78505,21760,"['110000427191', '110000437885', '110000540308', '110000448837', '110034591779']",True,mirror_of_wired_landing
LIBRARY_MARTS,TIMELINE,HEALTH__FED_DEA_ARCOS,BUYER_DEA_NO,15,TEXT,YES,DEA_NO,STEEL,False,True,organization,178598026,178598026,148588,"['BN4325266', 'BP9746807', 'BN0762941', 'BN4931110', 'BN0799392']",False,
LIBRARY_MARTS,TIMELINE,POLITICS__IRS527_8872_REPORTS,MAILING_ZIP,19,TEXT,YES,ZIP,GEO,False,True,place,55579,55579,2815,"['49441', '75206', '48933', '19520', '32301']",True,mirror_of_wired_landing
LIBRARY_MARTS,ENVIRONMENT,ENVIRONMENT__FED_EPA_NPDES_NPDES_SE_VIOLATIONS,NPDES_ID,1,TEXT,YES,NPDES_ID,STEEL,False,True,facility,305478,305478,76438,"['MN0031178', 'MN0030848', 'MN0049328', 'MN0040631', 'MN0051284']",True,mirror_of_wired_landing
LIBRARY_MARTS,FINDINGS,MEMBER_MONEY_VS_OUTPUT,BIOGUIDE,1,TEXT,YES,BIOGUIDE,STEEL,False,True,person,635,635,635,"['S001172', 'L000603', 'A000370', 'E000301', 'B001295']",False,
LIBRARY_MARTS,HEALTH,HEALTH__FED_CMS_HOSPITAL_GENERAL,CCN,1,TEXT,YES,CCN,STEEL,False,True,facility,5432,5268,5268,"['014018', '030154', '010118', '040020', '030153']",True,mirror_of_wired_landing
LIBRARY_MARTS,TIMELINE,POLITICS__CA_LOBBY_CHG_LOG,FILER_ZIP,18,TEXT,YES,ZIP,GEO,False,True,place,85765,19636,1660,"['20036', '95814', '90017', '90012', '07666']",False,
LIBRARY_MARTS,TIMELINE,REFERENCE__INTL_GDELT,ACTOR1COUNTRYCODE,12,TEXT,YES,COUNTRY,GEO,False,True,place,1015,557,40,"['USA', 'FRA', 'GBR', '', 'AUS']",False,
LIBRARY_MARTS,TIMELINE,POLITICS__MEMBER_SPINE,BIOGUIDE,6,TEXT,YES,BIOGUIDE,STEEL,False,True,person,12794,12781,12781,"['A000001', 'A000024', 'A000171', 'A000169', 'A000115']",False,
LIBRARY_MARTS,HEALTH,HEALTH__FED_CMS_PARTD_PRESCRIBERS,PRESCRIBER_STATE_FIPS,6,TEXT,YES,FIPS,GEO,False,True,place,25869521,25869521,61,"['36', '29', '12', '30', '06']",False,
LIBRARY_MARTS,ECONOMICS,ECONOMICS__FED_IRS_PUB78_ELIGIBLE_DONEES,COUNTRY,5,TEXT,YES,COUNTRY,GEO,False,True,place,1435544,1435544,105,"['THE BAHAMAS', 'AFGHANISTAN', 'CAMEROON', 'CANADA', 'LAOS']",True,mirror_of_wired_landing
LIBRARY_MARTS,TIMELINE,ECONOMICS__FED_USASPENDING_ASSISTANCE_FULL,PRIMARY_PLACE_OF_PERFORMANCE_COUNTRY_NAME,75,TEXT,YES,COUNTRY,GEO,False,True,place,19902879,17914579,239,"['TANZANIA', 'PANAMA', 'RWANDA', 'COMOROS', '']",True,mirror_of_wired_landing
LIBRARY_MARTS,_RESTORE_20260731,HEALTH__FED_CMS_PARTD_PRESCRIBER_DRUG,PRSCRBR_STATE_FIPS,6,TEXT,YES,FIPS,GEO,False,True,place,25869521,25869521,61,"['17', '48', '47', '51', '13']",True,mirror_of_wired_landing
LIBRARY_MARTS,TIMELINE,POLITICS__FEC_CAND_CMTE_LINK,CAND_ID,5,TEXT,YES,FEC_CAND_ID,STEEL,False,True,person,16229,16229,11177,"['H0AK00105', 'H0AL01097', 'H0CA47174', 'H0CA07145', 'H0CA28190']",False,
LIBRARY_MARTS,TIMELINE,PROCUREMENT__FED_SAM_EXCLUSIONS,COUNTRY,23,TEXT,YES,COUNTRY,GEO,False,True,place,167928,167297,187,"['RUS', 'UGA', 'TUR', 'USA', 'XUN']",False,
LIBRARY_MARTS,FINANCE,FINANCE__FED_NCUA_FEDERALLY_INSURED_CU_LIST,CHARTER_NUMBER,1,TEXT,YES,NCUA_CHARTER,STEEL,False,True,organization,4250,4250,4250,"['11067', '1040', '10580', '11670', '12067']",True,mirror_of_wired_landing
LIBRARY_MARTS,ECONOMICS,ECONOMICS__FED_FDIC_FAILED_BANKS,FIPS,2,TEXT,YES,FIPS,GEO,False,True,place,3584,0,0,[''],False,
LIBRARY_MARTS,_RESTORE_20260731,UNCATEGORIZED__FED_DEA_ARCOS_FULL,REPORTER_ZIP,9,TEXT,YES,ZIP,GEO,False,True,place,178598026,166040919,449,"['17517', '43615', '78218', '35406', '76051']",True,mirror_of_wired_landing
LIBRARY_MARTS,POLITICS,POLITICS__FED_CONGRESS_LEGISLATORS,ICPSR,2,TEXT,YES,ICPSR,STEEL,False,True,person,12847,12349,12298,"['20955', '20356', '21728', '40707', '20919']",True,mirror_of_wired_landing
LIBRARY_MARTS,TIMELINE,ECONOMICS__FED_USASPENDING_CONTRACTS_FULL,PRIME_AWARD_TRANSACTION_PLACE_OF_PERFORMANCE_STATE_FIPS_CODE,83,TEXT,YES,FIPS,GEO,False,True,place,20000000,18090919,56,"['38', '29', '66', '25', '39']",True,mirror_of_wired_landing
LIBRARY_MARTS,TIMELINE,ECONOMICS__FED_USASPENDING_CONTRACTS_FULL,PRIME_AWARD_TRANSACTION_RECIPIENT_COUNTY_FIPS_CODE,68,TEXT,YES,FIPS,GEO,False,True,place,20000000,14712502,3184,"['55135', '25021', '34037', '51153', '51107']",True,mirror_of_wired_landing
LIBRARY_MARTS,TIMELINE,HEALTH__FED_CLINICALTRIALS,NPI,8,TEXT,YES,NPI,STEEL,False,True,provider,500,0,0,[],False,
LIBRARY_MARTS,ECONOMICS,ECONOMICS__FED_DOL_FORM5500,SPONS_DFE_EIN,61,TEXT,YES,EIN,STEEL,False,True,organization,33484,33484,29069,"['261640968', '541553276', '811085578', '880386170', '473425348']",True,mirror_of_wired_landing
LIBRARY_MARTS,ENVIRONMENT,ENVIRONMENT__FED_EPA_NPDES_NPDES_INSPECTIONS,NPDES_ID,2,TEXT,YES,NPDES_ID,STEEL,False,True,facility,1900067,1900067,286752,"['PA0043435', 'FLR04E140', 'ILG580141', 'FL0002631', 'UTR368859']",True,mirror_of_wired_landing
LIBRARY_MARTS,HEALTH,HEALTH__FED_CMS_HCRIS,CCN_FACILITY_TYPE,12,TEXT,YES,CCN,STEEL,False,True,facility,6103,0,0,"['STH', 'CH', 'LTCH', 'PH', 'RH']",True,mirror_of_wired_landing
LIBRARY_MARTS,TIMELINE,HEALTH__FED_CMS_OPEN_PAYMENTS,NPI,6,TEXT,YES,NPI,STEEL,False,True,provider,15385047,15336988,979136,"['1992813257', '1700236882', '1902867955', '1306836168', '1033191721']",True,mirror_of_wired_landing
LIBRARY_MARTS,FINANCE,FINANCE__FED_EPA_ICIS_FEC_CASE_FACILITIES,REGISTRY_ID,3,TEXT,YES,FRS_ID,STEEL,False,True,facility,204019,203232,113854,"['110019131170', '110010660427', '110002321023', '110001905118', '110000318193']",True,mirror_of_wired_landing
LIBRARY_MARTS,POLITICS,POLITICS__FEC_CAND_CMTE_LINK,CAND_ID,1,TEXT,YES,FEC_CAND_ID,STEEL,False,True,person,16229,16229,11177,"['H0AL01055', 'H0CA15239', 'H0CA53222', 'H0CO05137', 'H0AL07086']",False,
LIBRARY_MARTS,TIMELINE,LABOR__FED_PBGC_TRUSTEED_PLANS,EIN,8,TEXT,YES,EIN,STEEL,False,True,organization,5176,5176,4431,"['630916533', '160843745', '60621747', '250661650', '310195590']",True,mirror_of_wired_landing
LIBRARY_MARTS,TIMELINE,HEALTH__FED_CMS_OPEN_PAYMENTS_2023,RECIPIENT_ZIP_CODE,13,TEXT,YES,ZIP,GEO,False,True,place,14700786,14700169,21484,"['98122-5395', '32940-8563', '65803-1666', '85375-5288', '21702-1639']",True,mirror_of_wired_landing
LIBRARY_MARTS,TIMELINE,IMMIGRATION__FED_CMS_HOSPICE_ENROLLMENTS,MULTIPLE_NPI_FLAG,10,TEXT,YES,NPI,STEEL,False,True,provider,6066,0,0,"['Y', 'N']",True,mirror_of_wired_landing
LIBRARY_MARTS,JUSTICE,JUSTICE__FED_COURTLISTENER_POSITIONS,PERSON_ID,35,TEXT,YES,CL_PERSON_ID,STEEL,False,True,person,51290,51290,15613,"['68', '64', '66', '67', '65']",True,mirror_of_wired_landing
LIBRARY_MARTS,TIMELINE,HISTORY__FED_WPA_SLAVE_NARRATIVES,STATE_FIPS,8,TEXT,YES,FIPS,GEO,False,True,place,100,0,0,[''],False,
LIBRARY_MARTS,HEALTH,HEALTH__FED_CMS_PART_D_PRESCRIBERS,PRSCRBR_ZIP5,12,TEXT,YES,ZIP,GEO,False,True,place,1416883,1416829,20586,"['06850', '30308', '44067', '95608', '11214']",True,mirror_of_wired_landing
LIBRARY_MARTS,HEALTH,HEALTH__FED_CMS_ORDER_AND_REFERRING,NPI,1,TEXT,YES,NPI,STEEL,False,True,provider,2018354,2018354,2018350,"['1538107701', '1902885957', '1407488331', '1104881036', '1902167737']",True,mirror_of_wired_landing
LIBRARY_MARTS,TIMELINE,PROCUREMENT__FED_USASPENDING_BULK,PRIME_AWARD_TRANSACTION_RECIPIENT_STATE_FIPS_CODE,70,TEXT,YES,FIPS,GEO,False,True,place,49613,49265,56,"['11', '17', '31', '38', '37']",True,mirror_of_wired_landing
LIBRARY_MARTS,HEALTH,HEALTH__FED_CMS_PART_D_PRESCRIBERS,PRSCRBR_STATE_FIPS,11,TEXT,YES,FIPS,GEO,False,True,place,1416883,1415649,55,"['37', '01', '12', '06', '13']",True,mirror_of_wired_landing
LIBRARY_MARTS,POLITICS,POLITICS__FED_MEDSL_PRESIDENT_RETURNS,STATE_FIPS,4,TEXT,YES,FIPS,GEO,False,True,place,3740,3740,51,"['4', '5', '32', '1', '2']",False,
LIBRARY_MARTS,TIMELINE,ECONOMICS__FED_SEC_EDGAR,CIK,5,TEXT,YES,CIK,STEEL,False,True,organization,200,200,20,"['0001652044', '0000059478', '0001045810', '0000320193', '0000789019']",False,
LIBRARY_MARTS,TIMELINE,HEALTH__FED_CMS_NURSING_HOME_PENALTIES,ZIP_CODE,10,TEXT,YES,ZIP,GEO,False,True,place,16180,16180,5101,"['36535', '72501', '86314', '36025', '85302']",True,mirror_of_wired_landing
LIBRARY_MARTS,FOREIGN_INFLUENCE,FOREIGN_INFLUENCE__FED_FARA_BULK,COUNTRY_LOCATION_REPRESENTED,26,TEXT,YES,COUNTRY,GEO,False,True,place,48104,8278,249,"['ITALY', 'TURKEY', 'UKRAINE', 'SWEDEN', 'GREAT BRITAIN']",False,
LIBRARY_MARTS,POLITICS,POLITICS__IRS527_DIRECTORS_OFFICERS,EIN,4,TEXT,YES,EIN,STEEL,False,True,organization,189593,189592,58881,"['912082049', '912121950', '542040553', '113601603', '954857244']",True,mirror_of_wired_landing
LIBRARY_MARTS,TIMELINE,IMMIGRATION__FED_CMS_HOSPICE_ENROLLMENTS,ZIP_CODE,24,TEXT,YES,ZIP,GEO,False,True,place,6066,6066,3144,"['978365001', '860014855', '217019435', '674101804', '834047579']",True,mirror_of_wired_landing
LIBRARY_MARTS,ECONOMICS,ECONOMICS__INTL_GLEIF,ENTITY_TRANSLITERATEDOTHERADDRESSES_TRANSLITERATEDOTHERADDRESS_1_COUNTRY,134,TEXT,YES,COUNTRY,GEO,False,True,place,3382301,78393,60,"['LV', 'MX', 'DE', 'DK', 'NO']",True,mirror_of_wired_landing
LIBRARY_MARTS,HEALTH,HEALTH__FED_CDC_DRUG_POISONING_COUNTY,FIPS_STATE,5,TEXT,YES,FIPS,GEO,False,True,place,53387,53387,51,"['49', '36', '48', '9', '8']",False,
LIBRARY_MARTS,JUSTICE,JUSTICE__FED_FJC_IDB_CRIMINAL,TRANSFER_DOCKET,58,TEXT,YES,DOCKET,STRONG,False,True,case,6299908,6299908,4636,"['9800476', '0100034', '-8', '9370019', '2300040']",False,
LIBRARY_MARTS,ECONOMICS,ECONOMICS__FED_DOL_FORM5500,PREPARER_EIN,21,TEXT,YES,EIN,STEEL,False,True,organization,33484,0,0,[''],True,mirror_of_wired_landing
LIBRARY_MARTS,TRANSPORT,TRANSPORT__FED_NTSB_AVIATION_AIRCRAFT,DEST_COUNTRY,71,TEXT,YES,COUNTRY,GEO,False,True,place,31503,31503,151,"['CA', 'NA', 'USA', 'None', 'FR']",False,
LIBRARY_MARTS,HEALTH,HEALTH__FED_CMS_LTCH,ZIP_CODE,7,TEXT,YES,ZIP,GEO,False,True,place,311,311,307,"['36607', '35209', '46312', '48532', '92821']",True,mirror_of_wired_landing
LIBRARY_MARTS,TIMELINE,HEALTH__FED_CMS_HOSPICE,CCN,5,TEXT,YES,CCN,STEEL,False,True,facility,6852,5155,5155,"['001500', '001504', '001557', '011680', '031515']",True,mirror_of_wired_landing
LIBRARY_MARTS,JUSTICE,JUSTICE__XC_UK_SANCTIONS_LIST,ADDRESS_COUNTRY,22,TEXT,YES,COUNTRY,GEO,False,True,place,33828,22287,106,"['Turkey', 'Sudan', 'Iran', 'United Arab Emirates', 'Central African Republic']",False,
LIBRARY_MARTS,HEALTH,HEALTH__FED_FDA_ESTABLISHMENT_REG,POSTAL_CODE,9,TEXT,YES,ZIP,GEO,False,True,place,263374,52815,3381,"['V5G 4X7', '1612102', '15847', '110030', '40400']",False,
LIBRARY_MARTS,POLITICS,POLITICS__IRS527_RELATED_ENTITIES,ENTITY_ZIP,11,TEXT,YES,ZIP,GEO,False,True,place,64835,64833,4234,"['24333', '20044', '95814', '92589', '27104']",True,mirror_of_wired_landing
LIBRARY_MARTS,TIMELINE,ENVIRONMENT__FED_EPA_NPDES_NPDES_INFORMAL_ENFORCEMENT_ACTIONS,REGISTRY_ID,6,TEXT,YES,FRS_ID,STEEL,False,True,facility,478855,478836,112933,"['110070020331', '110071951215', '110062664059', '110070012847', '110000843482']",True,mirror_of_wired_landing
LIBRARY_MARTS,TIMELINE,FINANCE__FED_SEC_DERA_SUB_2025Q4,CIK,6,TEXT,YES,CIK,STEEL,False,True,organization,6304,6304,5786,"['3570', '4962', '30625', '3545', '28917']",True,mirror_of_wired_landing
LIBRARY_MARTS,FINANCE,FINANCE__FED_SEC_BUSINESS_DEVELOPMENT_COMPANY_REPORT,CIK,2,TEXT,YES,CIK,STEEL,False,True,organization,212,212,212,"['0001115583', '0001979306', '0000869682', '0001719606', '0001572694']",True,mirror_of_wired_landing
LIBRARY_MARTS,TIMELINE,FINANCE__FED_FDIC_SOD_BRANCH_DEPOSITS,OTS_DOCKET,13,TEXT,YES,DOCKET,STRONG,False,True,case,2823000,2811345,10798,"['9688', '11780', '10112', '11176', '9866']",False,
LIBRARY_MARTS,HOUSING,HOUSING__FED_MAPPING_INEQUALITY,FIPS,3,TEXT,YES,FIPS,GEO,False,True,place,1155,0,0,[''],False,
LIBRARY_MARTS,TIMELINE,FINANCE__FED_SEC_DERA_SUB_2024Q2,EIN,24,TEXT,YES,EIN,STEEL,False,True,organization,7675,5820,4744,"['954352386', '230993790', '410417775', '741488375', '610156015']",True,mirror_of_wired_landing
LIBRARY_MARTS,ENVIRONMENT,ENVIRONMENT__EPA_PENALTY_GAP,FIPS_CODE,6,TEXT,YES,FIPS,GEO,False,True,place,93808,87311,3160,"['54099', '39135', '16059', '18155', '13103']",False,
LIBRARY_MARTS,TIMELINE,ECONOMICS__FED_USASPENDING_CONTRACTS_FULL,PRIMARY_PLACE_OF_PERFORMANCE_ZIP_4,86,TEXT,YES,ZIP,GEO,False,True,place,20000000,18172811,30209,"['946011000', '081021568', '900123405', '456018608', '326081197']",True,mirror_of_wired_landing
LIBRARY_MARTS,ECONOMICS,ECONOMICS__FED_IRS_990_EFILE_INDEX,EIN,3,TEXT,YES,EIN,STEEL,False,True,organization,5544626,5544626,899097,"['311334721', '271420872', '270169289', '742204392', '272550862']",True,mirror_of_wired_landing
LIBRARY_MARTS,EDUCATION,EDUCATION__FED_SENATE_LDA_FILINGS,CLIENT_COUNTRY,20,TEXT,YES,COUNTRY,GEO,False,True,place,174871,172919,89,"['NL', 'FR', 'US', 'DE', 'CA']",False,
LIBRARY_MARTS,HEALTH,HEALTH__FED_CMS_OPEN_PAYMENTS_2023,NPI,2,TEXT,YES,NPI,STEEL,False,True,provider,14700786,14656553,933619,"['1053314286', '1144422726', '1760693873', '1033512421', '1003010794']",True,mirror_of_wired_landing
LIBRARY_MARTS,TIMELINE,ECONOMICS__FED_USASPENDING_CONTRACTS_FULL,PRIME_AWARD_TRANSACTION_RECIPIENT_STATE_FIPS_CODE,70,TEXT,YES,FIPS,GEO,False,True,place,20000000,19431773,56,"['36', '24', '47', '26', '04']",True,mirror_of_wired_landing
LIBRARY_MARTS,TIMELINE,TRANSPORT__FED_FAA_AIRCRAFT_REGISTRY,ZIP_CODE,16,TEXT,YES,ZIP,GEO,False,True,place,315447,310441,25109,"['088482004', '591027420', '431649606', '506168880', '891212257']",False,
LIBRARY_MARTS,ECONOMICS,ECONOMICS__FED_USASPENDING_ASSISTANCE_FULL,PRIME_AWARD_TRANSACTION_RECIPIENT_STATE_FIPS_CODE,59,TEXT,YES,FIPS,GEO,False,True,place,19902879,19794014,56,"['31', '04', '42', '49', '34']",True,mirror_of_wired_landing
LIBRARY_MARTS,ECONOMICS,ECONOMICS__FED_USASPENDING_CONTRACTS_FULL,RECIPIENT_UEI,49,TEXT,YES,UEI,STEEL,False,True,organization,20000000,19999806,420990,"['CK77N4SCAJD3', 'KABZK8W6PQT3', 'LAD2HL1R71Z3', 'GLGWMH9BMP76', 'QQM4F6NQ8NG3']",True,mirror_of_wired_landing
LIBRARY_MARTS,TIMELINE,HEALTH__FED_FDA_MAUDE,MANUFACTURER_COUNTRY,18,TEXT,YES,COUNTRY,GEO,False,True,place,2743561,0,0,[''],False,
LIBRARY_MARTS,TIMELINE,TRANSPORT__FED_NTSB_AVIATION_AIRCRAFT,OWNER_COUNTRY,42,TEXT,YES,COUNTRY,GEO,False,True,place,31503,31503,148,"['PE', 'None', 'USA', 'CA', 'BO']",False,
LIBRARY_MARTS,HEALTH,HEALTH__FED_CMS_NPPES,REPLACEMENT_NPI,3,TEXT,YES,NPI,STEEL,False,True,provider,9606683,82,82,"['1932103280', '1346039104', '1174839047', '1891011672', '1932430865']",True,mirror_of_wired_landing
LIBRARY_MARTS,HEALTH,HEALTH__FED_CMS_HOME_HEALTH_AGENCY_ENROLLMENTS,NPI,5,TEXT,YES,NPI,STEEL,False,True,provider,11508,11508,11467,"['1417934654', '1841297140', '1891853305', '1710919071', '1093747347']",True,mirror_of_wired_landing
LIBRARY_MARTS,MONEY_FINANCE,MONEY__DEBT_REPAYMENT_CLIFF,COUNTRY_YEAR_ID,1,TEXT,YES,COUNTRY,GEO,False,True,place,938,938,134,"['WSM_2030', 'LBN_2030', 'SDN_2028', 'MEX_2028', 'LBR_2032']",False,
LIBRARY_MARTS,HEALTH,HEALTH__FED_FDA_DEVICE_510K,COUNTRY_CODE,22,TEXT,YES,COUNTRY,GEO,False,True,place,175686,175686,93,"['FI', 'US', 'DE', 'GB', 'CN']",False,
LIBRARY_MARTS,_RESTORE_20260701,HISTORICAL_RECORDS__FED_SLAVEVOYAGES_INTRAAMERICAN,COUNTRY_OF_ARRIVAL,7,TEXT,YES,COUNTRY,GEO,False,True,place,1,0,0,[''],False,
LIBRARY_MARTS,PROCUREMENT,PROCUREMENT__FED_USASPENDING_BULK,RECIPIENT_DUNS,50,TEXT,YES,DUNS,STEEL,False,True,organization,49613,0,0,[''],True,mirror_of_wired_landing
LIBRARY_MARTS,ECONOMICS,ECONOMICS__FED_FOREIGNASSISTANCE,COUNTRY,1,TEXT,YES,COUNTRY,GEO,False,True,place,95658,0,0,"['50', '604', '156', '218', '188']",False,
LIBRARY_MARTS,TIMELINE,HEALTH__FED_CMS_SKILLED_NURSING_FACILITY_ENROLLMENTS,NPI,9,TEXT,YES,NPI,STEEL,False,True,provider,14425,14425,14421,"['1477576346', '1851362511', '1629075023', '1912906694', '1245228279']",True,mirror_of_wired_landing
LIBRARY_MARTS,TIMELINE,SCIENCE_RESEARCH__FED_SBIR_STTR_AWARDS,ZIP,35,TEXT,YES,ZIP,GEO,False,True,place,219503,210917,7495,"['94085-4018', '08536', '91016-4244', '12183', '44115-2634']",True,mirror_of_wired_landing
LIBRARY_MARTS,TIMELINE,ENVIRONMENT__FED_NOAA_STORM_EVENTS,STATE_FIPS,14,TEXT,YES,FIPS,GEO,False,True,place,1780730,1780729,69,"['17', '19', '33', '12', '20']",False,
LIBRARY_MARTS,TIMELINE,HEALTH__FED_CMS_NURSING_HOME_FIRE_DEFICIENCIES,ZIP_CODE,10,TEXT,YES,ZIP,GEO,False,True,place,200030,200030,8619,"['35206', '35045', '35611', '36025', '35111']",True,mirror_of_wired_landing
LIBRARY_MARTS,TIMELINE,LABOR__FED_DOL_EBSA_FORM5500_SCHEDULE_SB,SB_ACTUARY_FOREIGN_CNTRY,42,TEXT,YES,COUNTRY,GEO,False,True,place,41802,1,1,['US'],True,mirror_of_wired_landing
LIBRARY_MARTS,FINANCE,FINANCE__INTL_ISO_MIC_REGISTRY,LEI,6,TEXT,YES,LEI,STEEL,False,True,organization,2864,2231,1060,"['98450054E61056C8FF16', '213800YXBUZH7G3NDC51', '213800PZWYFKIOAGQY35', '5493004Z6DAT13X5DK60', '549300E7XSMTIA5ORC60']",True,mirror_of_wired_landing
LIBRARY_MARTS,HEALTH,HEALTH__FED_CMS_FACILITY_AFFILIATION,CCN,8,TEXT,YES,CCN,STEEL,False,True,facility,2260193,2249998,38103,"['100046', '340075', '520138', '100285', '217101']",True,mirror_of_wired_landing
LIBRARY_MARTS,JUSTICE,JUSTICE__XC_UK_SANCTIONS_LIST,IMO_NUMBER,38,TEXT,YES,IMO,STEEL,False,True,vessel,33828,805,657,"['IMO9258026', 'IMO9292204', '8106496', 'IMO9247431', 'IMO9378632']",False,
LIBRARY_MARTS,ENERGY,ENERGY__FED_EIA861_MERGERS,ZIP_CODE,11,TEXT,YES,ZIP,GEO,False,True,place,4,4,4,"['75208', '75039', '44320', '77073']",False,
LIBRARY_MARTS,TIMELINE,POLITICS__BILL_COSPONSORS,COSPONSOR_BIOGUIDE,8,TEXT,YES,BIOGUIDE,STEEL,False,True,person,367735,367735,635,"['G000555', 'J000302', 'M001218', 'M001236', 'S000344']",False,
LIBRARY_MARTS,PUBLIC,MONEY_IN_POLITICS__FEC_INDIV_BY_CMTE_CYCLE_AGG,CMTE_ID,1,TEXT,YES,FEC_CMTE_ID,STEEL,False,True,organization,29858,29858,12277,"['C00558320', 'C00299396', 'C00765099', 'C00868976', 'C00326363']",False,
LIBRARY_MARTS,TIMELINE,FINANCE__FED_SEC_DERA_SUB_2024Q1,CIK,6,TEXT,YES,CIK,STEEL,False,True,organization,6028,6028,5506,"['1206264', '1383414', '315189', '1781730', '860730']",True,mirror_of_wired_landing
LIBRARY_MARTS,TIMELINE,JUSTICE__FED_COURTLISTENER_JUDGE_POLITICAL_AFFILIATIONS,PERSON_ID,14,TEXT,YES,CL_PERSON_ID,STEEL,False,True,person,8486,8486,7226,"['5', '155', '235', '3', '108']",True,mirror_of_wired_landing
LIBRARY_MARTS,TIMELINE,ECONOMICS__FED_FAC_SINGLE_AUDIT,AUDITOR_EIN,14,TEXT,YES,EIN,STEEL,False,True,organization,411638,411372,8360,"['640669040', '135565207', '221427684', '464115333', '232746883']",True,mirror_of_wired_landing
LIBRARY_MARTS,IMMIGRATION,IMMIGRATION__FED_ICE_DETENTION_STINTS,BIRTH_COUNTRY,24,TEXT,YES,COUNTRY,GEO,False,True,place,2571975,2571975,220,"['CHINA, PEOPLES REPUBLIC OF', 'COLOMBIA', 'CUBA', 'MEXICO', 'ECUADOR']",True,mirror_of_wired_landing
LIBRARY_MARTS,TIMELINE,HEALTH__FED_HRSA_NPDB,WORK_COUNTRY,10,NUMBER,YES,COUNTRY,GEO,False,True,place,1911185,0,0,[],False,
LIBRARY_MARTS,ECONOMICS,ECONOMICS__FED_USASPENDING_ASSISTANCE_FULL,PRIME_AWARD_TRANSACTION_PLACE_OF_PERFORMANCE_STATE_FIPS_CODE,76,TEXT,YES,FIPS,GEO,False,True,place,19902879,19161530,56,"['06', '22', '17', '36', '39']",True,mirror_of_wired_landing
LIBRARY_MARTS,TIMELINE,FINANCE__FED_PCAOB_FORM_AP_FILINGS,FIRM_ISSUING_COUNTRY,13,TEXT,YES,COUNTRY,GEO,False,True,place,155384,155384,63,"['United States', 'South Korea', 'Ireland', 'Denmark', 'France']",True,mirror_of_wired_landing
LIBRARY_MARTS,HEALTH,HEALTH__FED_CMS_MEDICARE_PHYSICIAN_OTHER_PRACTITIONERS_BY_PROVIDER_AND_SERVI,RNDRNG_PRVDR_STATE_FIPS,11,TEXT,YES,FIPS,GEO,False,True,place,9781673,9781668,61,"['48', '06', '47', '24', '11']",True,mirror_of_wired_landing
LIBRARY_MARTS,TIMELINE,LABOR__FED_MSHA_MINES,FIPS_CNTY_NM,17,TEXT,YES,FIPS,GEO,False,True,place,91906,91906,1784,"['Bibb', 'Jefferson', 'Lee', 'Tuscaloosa', 'Franklin']",True,mirror_of_wired_landing
LIBRARY_MARTS,TIMELINE,TRANSPORT__FED_FAA_AIRCRAFT_REGISTRY,COUNTRY_CODE,19,TEXT,YES,COUNTRY,GEO,False,True,place,315447,310778,53,"['US', 'DE', 'GB', 'AT', 'CA']",False,
LIBRARY_MARTS,HEALTH,HEALTH__FED_CMS_PENDING_INITIAL_LOGGING_AND_TRACKING_NON_PHYSICIANS,NPI,1,TEXT,YES,NPI,STEEL,False,True,provider,6880,6880,6880,"['1851724439', '1578392783', '1972855500', '1205499472', '1487191136']",True,mirror_of_wired_landing
LIBRARY_MARTS,TIMELINE,FINANCE__FED_FDIC_SOD_BRANCH_DEPOSITS,INSTITUTION_ZIP,52,TEXT,YES,ZIP,GEO,False,True,place,2823000,2823000,10548,"['59901', '24963', '54217', '43240', '28072']",False,
LIBRARY_MARTS,TIMELINE,REFERENCE__FED_USGS_TOPOVIEW,FIPS,17,TEXT,YES,FIPS,GEO,False,True,place,250,0,0,[''],False,
LIBRARY_MARTS,PROCUREMENT,PROCUREMENT__FED_SAM_EXCLUSIONS,NPI,4,TEXT,YES,NPI,STEEL,False,True,provider,167928,7113,4770,"['1902903149', '1184691461', '1134146012', '1851567168', '1275834152']",False,
LIBRARY_MARTS,HEALTH,HEALTH__FED_CMS_MEDICARE_DURABLE_MEDICAL_EQUIPMENT_DEVICES_SUPPLIES_BY_SUPPL,SUPLR_PRVDR_STATE_FIPS,11,TEXT,YES,FIPS,GEO,False,True,place,440670,440670,55,"['48', '39', '27', '18', '42']",True,mirror_of_wired_landing
LIBRARY_MARTS,TIMELINE,ECONOMICS__FED_USASPENDING_CONTRACTS_FULL,COUNTRY_OF_PRODUCT_OR_SERVICE_ORIGIN,127,TEXT,YES,COUNTRY,GEO,False,True,place,20000000,13573535,251,"['UNITED KINGDOM', 'AFGHANISTAN', 'UNITED STATES', 'CANADA', '']",True,mirror_of_wired_landing
LIBRARY_MARTS,TIMELINE,FINANCE__FED_FEC_INDIV_CONTRIBUTIONS,CMTE_ID,6,TEXT,YES,FEC_CMTE_ID,STEEL,False,True,organization,84172112,84172112,12291,"['C00873893', 'C00752576', 'C00703975', 'C00837484', 'C00420935']",True,mirror_of_wired_landing
LIBRARY_MARTS,ECONOMICS,ECONOMICS__INTL_GLEIF,ENTITY_OTHERADDRESSES_OTHERADDRESS_4_COUNTRY,108,TEXT,YES,COUNTRY,GEO,False,True,place,3382301,0,0,[''],True,mirror_of_wired_landing
LIBRARY_MARTS,TIMELINE,JUSTICE__FED_FJC_IDB_BANKRUPTCY,DEBTOR1_ZIP,29,TEXT,YES,ZIP,GEO,False,True,place,6965441,6962855,37163,"['535110000', '902740000', '019050000', '535780000', '629170000']",False,
LIBRARY_MARTS,ENVIRONMENT,ENVIRONMENT__FED_EPA_NPDES_NPDES_INFORMAL_ENFORCEMENT_ACTIONS,NPDES_ID,1,TEXT,YES,NPDES_ID,STEEL,False,True,facility,478855,478855,119300,"['ILG640203', 'IA0067385', 'WAR002293', 'OH0059919', 'MT0022713']",True,mirror_of_wired_landing
LIBRARY_MARTS,TIMELINE,PROCUREMENT__FED_SAM_EXCLUSIONS,UEI,6,TEXT,YES,UEI,STEEL,False,True,organization,167928,47683,38424,"['ML69TCRLA871', 'W5ATNLMNBAS5', 'CPHFHWGAMA73', 'N4W9BA27L1V5', 'N598PHQKF228']",False,
LIBRARY_MARTS,TIMELINE,HEALTH__FED_CMS_OPEN_PAYMENTS,RECIPIENT_ZIP_CODE,13,TEXT,YES,ZIP,GEO,False,True,place,15385047,15384583,21377,"['60586-2606', '21136-3023', '36830-5729', '24112-3714', '08534-2521']",True,mirror_of_wired_landing
LIBRARY_MARTS,TIMELINE,PROCUREMENT__FED_USASPENDING_BULK,RECIPIENT_PARENT_UEI,59,TEXT,YES,UEI,STEEL,False,True,organization,49613,49610,9807,"['MGBSXPDGWJJ4', 'R98MW4ZKUUK3', 'WMG1PZNR26H3', 'D6HRHTVCSZ59', 'E8QNBC287DY4']",True,mirror_of_wired_landing
LIBRARY_MARTS,LABOR,LABOR__FED_OSHA_ITA_CASE_DETAIL_2025,EIN,4,TEXT,YES,EIN,STEEL,False,True,organization,330447,293328,13387,"['854395010', '390807236', '936000912', '432028826', '943356888']",True,mirror_of_wired_landing
LIBRARY_MARTS,TIMELINE,HEALTH__FED_HRSA_UDS_SERVICE_DELIVERY_SITES,SITE_POSTAL_CODE,14,TEXT,YES,ZIP,GEO,False,True,place,19038,18904,7455,"['46404-3439', '02127-2249', '52577-4280', '47807-1061', '93668-7205']",True,mirror_of_wired_landing
LIBRARY_MARTS,IMMIGRATION,IMMIGRATION__FED_ICE_DETENTION_FACILITY_CODES,ZIP,7,TEXT,YES,ZIP,GEO,False,True,place,1490,1332,1050,"['92158', '37203', '75246', '49037', '77009']",True,mirror_of_wired_landing
LIBRARY_MARTS,TIMELINE,HEALTH__FED_DEA_ARCOS,REPORTER_ZIP,13,TEXT,YES,ZIP,GEO,False,True,place,178598026,166040919,449,"['43551', '75167', '40067', '72756', '76262']",False,
LIBRARY_MARTS,TIMELINE,ENVIRONMENT__INTL_GLOBAL_WITNESS_DEFENDERS,COUNTRY,6,TEXT,YES,COUNTRY,GEO,False,True,place,232,50,6,"['Honduras', 'DRC', 'Brazil', '', 'Ecuador']",False,
LIBRARY_MARTS,TIMELINE,LABOR__FED_MSHA_ACCIDENTS,MINE_ID,6,TEXT,YES,MINE_ID,STEEL,False,True,facility,273623,273623,13489,"['1300097', '4608559', '4801355', '1103054', '1800017']",True,mirror_of_wired_landing
LIBRARY_MARTS,TIMELINE,PROCUREMENT__FED_USASPENDING_BULK,PRIMARY_PLACE_OF_PERFORMANCE_ZIP_4,86,TEXT,YES,ZIP,GEO,False,True,place,49613,44606,4184,"['212271418', '611011199', '895011090', '277038420', '471021741']",True,mirror_of_wired_landing
LIBRARY_MARTS,TIMELINE,POLITICS__FEC_CAND_CMTE_LINK,CMTE_ID,6,TEXT,YES,FEC_CMTE_ID,STEEL,False,True,organization,16229,16229,11427,"['C00778159', 'C00723478', 'C00697789', 'C00700450', 'C00706713']",False,
LIBRARY_MARTS,ECONOMICS,ECONOMICS__FED_DOL_FORM5500,PREPARER_US_ZIP,128,TEXT,YES,ZIP,GEO,False,True,place,33484,0,0,[''],True,mirror_of_wired_landing
LIBRARY_MARTS,POLITICS,POLITICS__MEMBER_CROSSWALK,ICPSR,3,NUMBER,YES,ICPSR,STEEL,False,True,person,12794,12298,12298,"['9', '140', '2', '5', '3']",False,
LIBRARY_MARTS,TIMELINE,ECONOMICS__FED_FAC_SINGLE_AUDIT,AUDITOR_ZIP,18,TEXT,YES,ZIP,GEO,False,True,place,411638,411602,5859,"['17055', '50208', '27379', '06074', '55355']",True,mirror_of_wired_landing
LIBRARY_MARTS,FINANCE,FINANCE__FED_SEC_BUSINESS_DEVELOPMENT_COMPANY_REPORT,ZIP_CODE,8,TEXT,YES,ZIP,GEO,False,True,place,212,209,89,"['90071', '66205', '32751', '78701', '07102-2905']",True,mirror_of_wired_landing
LIBRARY_MARTS,ECONOMICS,ECONOMICS__INTL_GLEIF,ENTITY_TRANSLITERATEDOTHERADDRESSES_TRANSLITERATEDOTHERADDRESS_4_COUNTRY,173,TEXT,YES,COUNTRY,GEO,False,True,place,3382301,0,0,[''],True,mirror_of_wired_landing
LIBRARY_MARTS,ENVIRONMENT,ENVIRONMENT__FED_EPA_GHGRP_FACILITY,COUNTY_FIPS,25,TEXT,YES,FIPS,GEO,False,True,place,136005,125377,2163,"['42003', '20189', '13087', '40139', '42015']",True,mirror_of_wired_landing
LIBRARY_MARTS,TIMELINE,JUSTICE__FED_FJC_IDB_CIVIL,TRANSFER_DOCKET,32,TEXT,YES,DOCKET,STRONG,False,True,case,10857396,10857396,106990,"['1500232', '9703111', '0180026', '2308518', '9330485']",False,
LIBRARY_MARTS,HEALTH,HEALTH__FED_CMS_HOSPITAL_COMPARE,ZIP_CODE,6,TEXT,YES,ZIP,GEO,False,True,place,5432,5432,4724,"['36301', '35957', '36460', '35022', '85755']",False,
LIBRARY_MARTS,TIMELINE,MARITIME__FED_NOAA_AIS,IMO_NORMALIZED,8,TEXT,YES,IMO,STEEL,False,True,vessel,58104610,24361306,6630,"['0000007', '2345678', '9748485', '9687502', '0000001']",True,mirror_of_wired_landing
LIBRARY_MARTS,TIMELINE,HEALTH__FED_CMS_NURSING_HOME_DEFICIENCIES,ZIP_CODE,10,TEXT,YES,ZIP,GEO,False,True,place,418479,418479,8899,"['35150', '35631', '35473', '35653', '35111']",True,mirror_of_wired_landing
LIBRARY_MARTS,HEALTH,HEALTH__FED_CMS_MEDICARE_OUTPATIENT_HOSPITALS_BY_PROVIDER_AND_SERVICE,RNDRNG_PRVDR_STATE_FIPS,6,TEXT,YES,FIPS,GEO,False,True,place,116182,116182,50,"['04', '02', '01', '06', '05']",True,mirror_of_wired_landing
LIBRARY_MARTS,POLITICS,POLITICS__MEMBER_MONEY_RAISED,BIOGUIDE,1,TEXT,YES,BIOGUIDE,STEEL,False,True,person,1050,1050,533,"['S001176', 'M001234', 'M000871', 'L000606', 'J000309']",False,
LIBRARY_MARTS,ENVIRONMENT,ENVIRONMENT__FED_EPA_SDWA_SDWA_LCR_SAMPLES,PWSID,2,TEXT,YES,PWSID,STEEL,False,True,facility,927415,927415,89800,"['020000005', '010109005', '010502002', '010307001', '010106001']",True,mirror_of_wired_landing
LIBRARY_MARTS,REFERENCE,REFERENCE__CENSUS_CB_ZCTA,ZCTA5CE20,1,TEXT,YES,ZIP,GEO,False,True,place,33791,33791,33791,"['97380', '77316', '38501', '30427', '15601']",False,
LIBRARY_MARTS,TIMELINE,HEALTH__FED_CMS_RURAL_HEALTH_CLINIC_ENROLLMENTS,ZIP_CODE,24,TEXT,YES,ZIP,GEO,False,True,place,5530,5530,3654,"['586477017', '583561903', '923151649', '324246012', '58653']",True,mirror_of_wired_landing
LIBRARY_MARTS,TIMELINE,HEALTH__FED_HHS_OIG_LEIE,NPI,12,TEXT,YES,NPI,STEEL,False,True,provider,83369,8682,8503,"['1053515684', '1720178148', '1770844698', '1144221383', '1285717397']",True,mirror_of_wired_landing
LIBRARY_MARTS,TIMELINE,JUSTICE__STATE_MO_SEX_OFFENDER_REGISTRY,ZIP,9,TEXT,YES,ZIP,GEO,False,True,place,28185,23731,1034,"['65040', '63830', '64129', '65325', '63379']",False,
LIBRARY_MARTS,FINANCE,FINANCE__FED_EPA_ICIS_FEC_EPA_INFORMAL_ENFORCEMENT_ACTIONS,REGISTRY_ID,3,TEXT,YES,FRS_ID,STEEL,False,True,facility,21930,21930,14606,"['110000308569', '110000310299', '110000312180', '110000340890', '110000386911']",True,mirror_of_wired_landing
LIBRARY_MARTS,ENERGY,ENERGY__FED_EIA860_2_PLANT,FERC_EXEMPT_WHOLESALE_GENERATOR_DOCKET_NUMBER,25,TEXT,YES,DOCKET,STRONG,False,True,case,16132,1520,1193,"['98-69-000', '98-4301-000', '99-109-000', '98-93-000, 07-23-000', '99-224-000']",False,
LIBRARY_MARTS,TIMELINE,ECONOMICS__FED_IRS_990,ZIP_CODE,18,TEXT,YES,ZIP,GEO,False,True,place,200,0,0,[''],True,mirror_of_wired_landing
LIBRARY_MARTS,JUSTICE,JUSTICE__FED_COURTLISTENER_COURTHOUSES,ZIP_CODE,9,TEXT,YES,ZIP,GEO,False,True,place,3361,4,2,"['22314', '33801']",True,mirror_of_wired_landing
LIBRARY_MARTS,ENVIRONMENT,ENVIRONMENT__FED_EPA_SDWA_SDWA_SITE_VISITS,PWSID,2,TEXT,YES,PWSID,STEEL,False,True,facility,2495249,2495249,267052,"['AL0001165', 'AL0001211', 'AL0001195', 'AL0001163', 'AL0001167']",True,mirror_of_wired_landing
LIBRARY_MARTS,HEALTH,HEALTH__FED_CMS_MAIN,FIPS,9,TEXT,YES,FIPS,GEO,False,True,place,158,0,0,[''],False,
LIBRARY_MARTS,_RESTORE_20260731,JUSTICE__FED_MSHA_VIOLATIONS,MINE_ID,10,TEXT,YES,MINE_ID,STEEL,False,True,facility,3087266,3087266,31277,"['""4609267""', '""4609261""', '""4609266""', '""4609269""', '""4609262""']",True,mirror_of_wired_landing
LIBRARY_MARTS,HEALTH,HEALTH__FED_CMS_QUALITY_PAYMENT_PROGRAM_EXPERIENCE,NPI,7,TEXT,YES,NPI,STEEL,False,True,provider,503917,503917,453202,"['1740505858', '1285704551', '1386618593', '1760700348', '1649924002']",True,mirror_of_wired_landing
LIBRARY_MARTS,POLITICS,POLITICS__IRS527_8872_REPORTS,EIN,10,TEXT,YES,EIN,STEEL,False,True,organization,55579,55579,4150,"['382232417', '752831922', '593671613', '363418974', '930947586']",True,mirror_of_wired_landing
LIBRARY_MARTS,TIMELINE,HEALTH__FED_CMS_OPIOID_TREATMENT_PROGRAM_PROVIDERS,ZIP,11,TEXT,YES,ZIP,GEO,False,True,place,1558,1558,1359,"['23462-3222', '75034-9197', '93301-1263', '01841-4731', '01905-3050']",True,mirror_of_wired_landing
LIBRARY_MARTS,JUSTICE,JUSTICE__FED_COURTLISTENER_FJC_IDB_CL_LINKED,DOCKET_NUMBER,6,TEXT,YES,DOCKET,STRONG,False,True,case,10323280,10323280,1162192,"['9600583', '9700031', '9600231', '9600076', '9707304']",False,
LIBRARY_MARTS,TIMELINE,SCIENCE__FED_NSF_AWARDS,COUNTRY,23,TEXT,YES,COUNTRY,GEO,False,True,place,115,115,1,['US'],False,
LIBRARY_MARTS,TIMELINE,HEALTH__FED_CMS_HOME_HEALTH,ZIP_CODE,10,TEXT,YES,ZIP,GEO,False,True,place,12392,12392,4665,"['36606', '72576', '35653', '99503', '35401']",True,mirror_of_wired_landing
LIBRARY_MARTS,TIMELINE,JUSTICE__FED_COURTLISTENER_ORIGINATING_COURT_INFO,DOCKET_NUMBER,8,TEXT,YES,DOCKET,STRONG,False,True,case,973419,902366,736212,"['11-03-00175-CV', '02-01-00298-CV', '02-01-00405-CV', '06-02-00177-CV', '05-03-01111-CV']",True,mirror_of_wired_landing
LIBRARY_MARTS,ECONOMICS,ECONOMICS__FED_IRS_PUB78_ELIGIBLE_DONEES,EIN,1,TEXT,YES,EIN,STEEL,False,True,organization,1435544,1435544,1435544,"['393039781', '393034948', '393046936', '393031112', '393043975']",True,mirror_of_wired_landing
LIBRARY_MARTS,TIMELINE,HEALTH__FED_CMS_HOSPITAL_ENROLLMENTS,ZIP_CODE,24,TEXT,YES,ZIP,GEO,False,True,place,9175,9175,4941,"['532114508', '497702212', '286029617', '542413900', '722113715']",True,mirror_of_wired_landing
LIBRARY_MARTS,POLITICS,POLITICS__CA_LOBBY_CHG_LOG,FILER_ZIP,14,TEXT,YES,ZIP,GEO,False,True,place,85765,19636,1660,"['90017', '95814', '07666', '20036', '95630']",False,
LIBRARY_MARTS,TIMELINE,PROCUREMENT__FED_USASPENDING_BULK,RECIPIENT_DUNS,54,TEXT,YES,DUNS,STEEL,False,True,organization,49613,0,0,[''],True,mirror_of_wired_landing
LIBRARY_MARTS,TIMELINE,POLITICS__FEC_CANDIDATE,PRINCIPAL_CMTE_ID,14,TEXT,YES,FEC_CMTE_ID,STEEL,False,True,organization,17900,15290,10630,"['C00728873', 'C00897389', 'C00697789', 'C00473272', 'C00714337']",False,
LIBRARY_MARTS,TIMELINE,ECONOMICS__FED_DOL_FORM5500,EIN,9,TEXT,YES,EIN,STEEL,False,True,organization,33484,0,0,[''],True,mirror_of_wired_landing
LIBRARY_MARTS,TIMELINE,HEALTH__FED_CMS_IRF,ZIP_CODE,11,TEXT,YES,ZIP,GEO,False,True,place,1222,1222,1127,"['72901', '72117', '33548', '33021', '80113']",True,mirror_of_wired_landing
LIBRARY_MARTS,TIMELINE,POLITICS__ST_CANNABIS_POLICY_BUNDLES,FIPS,7,TEXT,YES,FIPS,GEO,False,True,place,1500,1500,50,"['2', '5', '6', '1', '4']",False,
LIBRARY_MARTS,ECONOMICS,ECONOMICS__FED_USASPENDING_CONTRACTS,RECIPIENT_COUNTRY_NAME,22,TEXT,YES,COUNTRY,GEO,False,True,place,6325622,6325525,181,"['UNITED ARAB EMIRATES', 'BAHRAIN', 'ITALY', 'UNITED STATES', 'JAPAN']",True,mirror_of_wired_landing
LIBRARY_MARTS,_RESTORE_20260701,ECONOMICS__FED_HHS_TAGGS,EIN,2,TEXT,YES,EIN,STEEL,False,True,organization,1,0,0,[''],False,
LIBRARY_MARTS,HEALTH,HEALTH__FED_HRSA_NPDB,HOME_COUNTRY,8,NUMBER,YES,COUNTRY,GEO,False,True,place,1911185,0,0,[],False,
LIBRARY_MARTS,TIMELINE,IMMIGRATION__FED_DOL_OFLC,WORKSITE_POSTAL_CODE_3,99,TEXT,YES,ZIP,GEO,False,True,place,664616,12285,3171,"['', '63043', '29201', '98052', '75062']",False,
LIBRARY_MARTS,ECONOMICS,ECONOMICS__FED_USASPENDING_ASSISTANCE_FULL,RECIPIENT_COUNTRY_CODE,51,TEXT,YES,COUNTRY,GEO,False,True,place,19902879,17362521,240,"['MAR', 'CHE', 'USA', 'RWA', '']",True,mirror_of_wired_landing
LIBRARY_MARTS,TIMELINE,POLITICS__IRS527_8872_REPORTS,BUSINESS_ZIP,41,TEXT,YES,ZIP,GEO,False,True,place,55579,55576,2873,"['35205', '88005', '77005', '75206', '97208']",True,mirror_of_wired_landing
LIBRARY_MARTS,POLITICS,POLITICS__FEC_COMMITTEE,CAND_ID,14,TEXT,YES,FEC_CAND_ID,STEEL,False,True,person,40945,15444,10662,"['S4AK00214', 'S4VT00017', 'H6CA24048', 'H6NY36015', 'H6WA05023']",False,
LIBRARY_MARTS,POLITICS,POLITICS__IRS527_8872_REPORTS,CONTACT_ZIP_EXT,32,TEXT,YES,ZIP,GEO,False,True,place,55579,0,0,"['1013', '1320', '8102', '4307', '0977']",True,mirror_of_wired_landing
LIBRARY_MARTS,TIMELINE,HOUSING__FED_FEMA_IA_HOUSING_REGISTRATIONS,CENSUS_GEOID,16,TEXT,YES,FIPS,GEO,False,True,place,3080000,2980273,150675,"['340130231002', '340130186003', '340130022021', '340130137004', '340350537042']",False,
LIBRARY_MARTS,HEALTH,HEALTH__FED_FDA_MAUDE,MANUFACTURER_COUNTRY,14,TEXT,YES,COUNTRY,GEO,False,True,place,2743561,0,0,[''],False,
LIBRARY_MARTS,JUSTICE,JUSTICE__FED_FJC_IDB_BANKRUPTCY,DEBTOR1_ZIP,25,TEXT,YES,ZIP,GEO,False,True,place,6965441,6962855,37163,"['662030000', '140940000', '364670000', '894600000', '339760000']",False,
LIBRARY_MARTS,TIMELINE,IMMIGRATION__FED_DOL_OFLC,WORKSITE_POSTAL_CODE_1,57,TEXT,YES,ZIP,GEO,False,True,place,664616,594032,11755,"['95060', '20005', '45202', '94608', '20876']",False,
LIBRARY_MARTS,TIMELINE,ENERGY__FED_EIA861_MERGERS,ZIP_CODE,15,TEXT,YES,ZIP,GEO,False,True,place,4,4,4,"['75208', '75039', '44320', '77073']",False,
LIBRARY_MARTS,ECONOMICS,ECONOMICS__FED_BLS_QCEW,STATE_FIPS,2,TEXT,YES,FIPS,GEO,False,True,place,3619437,3619437,59,"['25', 'C1', '37', '04', '40']",False,
LIBRARY_MARTS,SCIENCE_RESEARCH,SCIENCE_RESEARCH__FED_SBIR_STTR_AWARDS,ZIP,31,TEXT,YES,ZIP,GEO,False,True,place,219503,210917,7495,"['02472-4624', '84104-4403', '93117', '44303', '24060']",True,mirror_of_wired_landing
LIBRARY_MARTS,FINANCE,FINANCE__FED_EPA_ICIS_FEC_ICIS_FEC_EPA_INSPECTIONS,REGISTRY_ID,1,TEXT,YES,FRS_ID,STEEL,False,True,facility,260556,259137,156326,"['110055211792', '110028064555', '110056394370', '110058915928', '110019457023']",True,mirror_of_wired_landing
LIBRARY_MARTS,TIMELINE,FINANCE__FED_SEC_DERA_SUB_2024Q4,EIN,24,TEXT,YES,EIN,STEEL,False,True,organization,6491,5126,4663,"['391506125', '811996183', '871375590', '201176000', '840989164']",True,mirror_of_wired_landing
LIBRARY_MARTS,TIMELINE,FINANCE__INTL_ISO_MIC_REGISTRY,ISO_COUNTRY_CODE_ISO_3166,13,TEXT,YES,COUNTRY,GEO,False,True,place,2864,2863,148,"['US', 'JO', 'TH', 'BY', 'GR']",True,mirror_of_wired_landing
LIBRARY_MARTS,TIMELINE,TRANSPORT__FED_NTSB_AVIATION_EVENTS,NTSB_DOCKET,67,TEXT,YES,DOCKET,STRONG,False,True,case,30968,30968,1,['None'],False,
LIBRARY_MARTS,LABOR,LABOR__FED_OSHA_ITA_300A_SUMMARY_2024,ZIP_CODE,9,TEXT,YES,ZIP,GEO,False,True,place,398620,368738,22776,"['28211', '49423', '91910', '28210', '72450']",True,mirror_of_wired_landing
LIBRARY_MARTS,_RESTORE_20260731,POLITICS__FED_GOVINFO_BILL_COSPONSORS,COSPONSOR_BIOGUIDE,4,TEXT,YES,BIOGUIDE,STEEL,False,True,person,367742,367742,635,"['H001091', 'D000629', 'F000454', 'M001226', 'S001212']",True,mirror_of_wired_landing
LIBRARY_MARTS,JUSTICE,JUSTICE__FED_COURTLISTENER_POSITIONS,COURT_ID,34,TEXT,YES,CL_COURT_ID,STEEL,False,True,organization,51290,22183,1033,"['laed', 'ord', 'ca5', 'cand', 'scd']",True,mirror_of_wired_landing
LIBRARY_MARTS,JUSTICE,JUSTICE__FED_FJC_IDB_BANKRUPTCY,DEBTOR2_ZIP,30,TEXT,YES,ZIP,GEO,False,True,place,6965441,1423797,29362,"['370760000', '330090000', '700650000', '629170000', '974200000']",False,
LIBRARY_MARTS,TIMELINE,FINANCE__FED_FDIC_SOD_BRANCH_DEPOSITS,INSTITUTION_COUNTRY,54,TEXT,YES,COUNTRY,GEO,False,True,place,2823000,2784162,36,"['Gibraltar', 'Canada', 'United States', 'Spain', 'Germany']",False,
LIBRARY_MARTS,TIMELINE,ENVIRONMENT__FED_EPA_NPDES_NPDES_INFORMAL_ENFORCEMENT_ACTIONS,NPDES_ID,5,TEXT,YES,NPDES_ID,STEEL,False,True,facility,478855,478855,119300,"['MIG010112', 'AL0055883', 'IA0032697', 'KY0112950', 'ALR16EFM2']",True,mirror_of_wired_landing
LIBRARY_MARTS,TIMELINE,ECONOMICS__FED_DOL_FORM5500,ADMIN_US_ZIP,73,TEXT,YES,ZIP,GEO,False,True,place,33484,1168,599,"['72203', '392321229', '97303', '', '17754']",True,mirror_of_wired_landing
LIBRARY_MARTS,PROCUREMENT,PROCUREMENT__FED_USASPENDING_BULK,PRIME_AWARD_TRANSACTION_PLACE_OF_PERFORMANCE_STATE_FIPS_CODE,79,TEXT,YES,FIPS,GEO,False,True,place,49613,44077,56,"['17', '34', '37', '29', '36']",True,mirror_of_wired_landing
LIBRARY_MARTS,ENVIRONMENT,ENVIRONMENT__FED_EPA_FRS_FRS_PROGRAM_LINKS,REGISTRY_ID,3,TEXT,YES,FRS_ID,STEEL,False,True,facility,4406498,4406498,3422891,"['110051421706', '110054111741', '110052267328', '110006176360', '110004572436']",True,mirror_of_wired_landing
LIBRARY_MARTS,_RESTORE_20260731,UNCATEGORIZED__FED_EPA_FRS_FULL,FIPS_CODE,8,TEXT,YES,FIPS,GEO,False,True,place,5300149,4233650,7542,"['42083', '42097', '42043', '42091', '42029']",True,mirror_of_wired_landing
LIBRARY_MARTS,IMMIGRATION,IMMIGRATION__FED_DOL_OFLC,AGENT_ATTORNEY_POSTAL_CODE,38,TEXT,YES,ZIP,GEO,False,True,place,664616,367875,1847,"['20147', '', '30308-2219', '94111', '48017']",False,
LIBRARY_MARTS,REFERENCE,REFERENCE__FED_DHS_HIFLD,ZIP,6,TEXT,YES,ZIP,GEO,False,True,place,500,0,0,[],False,
LIBRARY_MARTS,TIMELINE,HEALTH__FED_DEA_ARCOS,BUYER_ZIP,20,TEXT,YES,ZIP,GEO,False,True,place,178598026,167154878,15823,"['60106', '60631', '33442', '54138', '60461']",False,
LIBRARY_MARTS,HEALTH,HEALTH__FED_HHS_OIG_LEIE,NPI,8,TEXT,YES,NPI,STEEL,False,True,provider,83369,8682,8503,"['1225347206', '1144221383', '1194318683', '1770844698', '1720178148']",True,mirror_of_wired_landing
LIBRARY_MARTS,LABOR,LABOR__FED_OSHA_ITA_300A_SUMMARY_2023,EIN,4,TEXT,YES,EIN,STEEL,False,True,organization,394234,353299,123206,"['452094762', '380442310', '561099926', '823055296', '391509362']",True,mirror_of_wired_landing
LIBRARY_MARTS,ECONOMICS,ECONOMICS__FED_USASPENDING_CONTRACTS,RECIPIENT_PARENT_UEI,17,TEXT,YES,UEI,STEEL,False,True,organization,6325622,6325036,88915,"['KRGLGTXRYL94', 'YZTLALWM4UC7', 'NU2UC8MX6NK1', 'NSLGV4K4L6F1', 'DMEAS1ZSTVY8']",True,mirror_of_wired_landing
LIBRARY_MARTS,TIMELINE,ENVIRONMENT__FED_EPA_EGRID_PLANT_2022,PLANT_FIPS_STATE_CODE,21,TEXT,YES,FIPS,GEO,False,True,place,11974,11974,53,"['06', 'FIPSST', '05', '04', '01']",False,
LIBRARY_MARTS,ENVIRONMENT,ENVIRONMENT__FED_EPA_SDWA_SDWA_PUB_WATER_SYSTEMS,COUNTRY_CODE,40,TEXT,YES,COUNTRY,GEO,False,True,place,434040,424726,3,"['SW', 'US', 'CA']",True,mirror_of_wired_landing
LIBRARY_MARTS,HEALTH,HEALTH__FED_HRSA_NPDB,WORK_COUNTRY,6,NUMBER,YES,COUNTRY,GEO,False,True,place,1911185,0,0,[],False,
LIBRARY_MARTS,ENVIRONMENT,ENVIRONMENT__FED_USCG_NRC_INCIDENTS,RESPONSIBLE_ZIP,7,TEXT,YES,ZIP,GEO,False,True,place,1029020,324422,23141,"['705939220.0', '77536', '82601.0', '44127.0', '253251273']",False,
LIBRARY_MARTS,HEALTH,HEALTH__FED_CMS_HCRIS,ZIP_CODE,8,TEXT,YES,ZIP,GEO,False,True,place,6103,6103,4928,"['61944-', '80534', '02130', '37849-3568', '32216-']",True,mirror_of_wired_landing
LIBRARY_MARTS,TIMELINE,POLITICS__MEMBER_SPINE,ICPSR,7,NUMBER,YES,ICPSR,STEEL,False,True,person,12794,12298,12298,"['4', '69', '261', '1', '57']",False,
LIBRARY_MARTS,ENVIRONMENT,ENVIRONMENT__FED_EPA_ENVIROFACTS,POSTAL_CODE,5,TEXT,YES,ZIP,GEO,False,True,place,5000,5000,1109,"['006020580', '00723', '00751', '00961', '00638']",False,
LIBRARY_MARTS,_RESTORE_20260701,ECONOMICS__INTL_CH_ZEFIX,ADDRESS_ZIP,11,TEXT,YES,ZIP,GEO,False,True,place,1,0,0,[''],False,
LIBRARY_MARTS,ECONOMICS,ECONOMICS__FED_IRS_AUTO_REVOCATIONS,ZIP_CODE,7,TEXT,YES,ZIP,GEO,False,True,place,1207295,1204236,36652,"['04730-0783', '04002-7524', '23523-2112', '06076-3016', '11550-5120']",True,mirror_of_wired_landing
LIBRARY_MARTS,TIMELINE,HEALTH__FED_CDC_INJURY_VIOLENCE_COUNTY,GEOID,5,TEXT,YES,FIPS,GEO,False,True,place,132000,132000,3144,"['56039', '48419', '02100', '22109', '50001']",False,
LIBRARY_MARTS,TIMELINE,MARITIME__FED_NOAA_AIS,MMSI,6,TEXT,YES,MMSI,STEEL,False,True,vessel,58104610,58084782,22749,"['1054006152', '103669999', '107090131', '1072211352', '0']",True,mirror_of_wired_landing
LIBRARY_MARTS,FOREIGN_INFLUENCE,FOREIGN_INFLUENCE__FED_FARA_BULK,FOREIGN_PRINCIPAL_COUNTRY,23,TEXT,YES,COUNTRY,GEO,False,True,place,48104,12232,253,"['INDIA', '', 'CAYMAN ISLANDS', 'CANADA', 'KAZAKHSTAN']",False,
LIBRARY_MARTS,CORPORATE_REGISTRY,CORPORATE_REGISTRY__FED_ICIJ_OFFSHORELEAKS_OTHERS,COUNTRY_CODES,10,TEXT,YES,COUNTRY,GEO,False,True,place,2989,386,63,"['BMU;IMN', 'IMN;GBR', 'BHR', 'IMN', 'GGY']",False,
LIBRARY_MARTS,TIMELINE,HEALTH__FED_CMS_NURSING_HOME_PENALTIES,CMS_CERTIFICATION_NUMBER_CCN,5,TEXT,YES,CCN,STEEL,False,True,facility,16180,16032,6771,"['015032', '015075', '035091', '015048', '015060']",True,mirror_of_wired_landing
LIBRARY_MARTS,TIMELINE,LABOR__FED_MSHA_ACCIDENTS,FIPS_STATE_CD,16,TEXT,YES,FIPS,GEO,False,True,place,273623,273623,54,"['16', '18', '21', '06', '42']",True,mirror_of_wired_landing
LIBRARY_MARTS,TIMELINE,HEALTH__FED_HRSA_HPSA_PRIMARY_CARE,HPSA_POSTAL_CODE,50,TEXT,YES,ZIP,GEO,False,True,place,79158,7523,4752,"['70117-8208', '44030-8668', '70633-3508', '06108-3013', '85746-7012']",False,
LIBRARY_MARTS,ENERGY,ENERGY__FED_EIA860_2_PLANT,ZIP,8,TEXT,YES,ZIP,GEO,False,True,place,16132,14199,7183,"['72006', '93529', '36512', '74337', '72454']",False,
LIBRARY_MARTS,HEALTH,HEALTH__FED_CMS_MEDICARE_OUTPATIENT_HOSPITALS_BY_PROVIDER_AND_SERVICE,RNDRNG_PRVDR_ZIP5,7,TEXT,YES,ZIP,GEO,False,True,place,116182,116182,2811,"['36301', '36049', '35630', '35957', '36467']",True,mirror_of_wired_landing
LIBRARY_MARTS,_RESTORE_20260731,FINANCE__FED_FEC_BULK_CANDIDATES,CAND_ZIP,15,TEXT,YES,ZIP,GEO,False,True,place,17900,17771,7625,"['85711', '85298', '90020', '92704', '90680']",True,mirror_of_wired_landing
LIBRARY_MARTS,TIMELINE,PROCUREMENT__FED_USASPENDING_BULK,PRIMARY_PLACE_OF_PERFORMANCE_COUNTRY_NAME,79,TEXT,YES,COUNTRY,GEO,False,True,place,49613,45074,133,"['AUSTRALIA', '', 'HONDURAS', 'ARGENTINA', 'CANADA']",True,mirror_of_wired_landing
LIBRARY_MARTS,HEALTH,HEALTH__FED_CMS_HOME_HEALTH_AGENCY_ENROLLMENTS,CCN,7,TEXT,YES,CCN,STEEL,False,True,facility,11508,11413,11413,"['058283', '167043', '058212', '397449', '237495']",True,mirror_of_wired_landing
LIBRARY_MARTS,TIMELINE,JUSTICE__FED_COURTLISTENER_DOCKETS,ASSIGNED_TO_ID,46,TEXT,YES,CL_PERSON_ID,STEEL,False,True,person,71677647,32425784,3350,"['8675', '8870', '8748', '8742', '8843']",True,mirror_of_wired_landing
LIBRARY_MARTS,TIMELINE,JUSTICE__FED_FJC_IDB_APPELLATE,CONSOLIDATED_DOCKET,40,TEXT,YES,DOCKET,STRONG,False,True,case,988183,988183,28771,"['-8', '1302297', '1302008', '1301821', '1302300']",False,
LIBRARY_MARTS,JUSTICE,JUSTICE__FED_COURTLISTENER_JUDGE_RACES,PERSON_ID,2,TEXT,YES,CL_PERSON_ID,STEEL,False,True,person,6542,6542,6521,"['30', '100', '152', '4', '7']",True,mirror_of_wired_landing
LIBRARY_MARTS,TIMELINE,HEALTH__FED_CMS_OPEN_PAYMENTS_2023,CCN,26,TEXT,YES,CCN,STEEL,False,True,facility,14700786,31400,1207,"['250001', '390107', '070010', '260138', '210009']",True,mirror_of_wired_landing
LIBRARY_MARTS,TIMELINE,IMMIGRATION__FED_ICE_DETENTION_STINTS,BIRTH_COUNTRY,28,TEXT,YES,COUNTRY,GEO,False,True,place,2571975,2571975,220,"['ANDORRA', 'ECUADOR', 'EL SALVADOR', 'CUBA', 'MEXICO']",True,mirror_of_wired_landing
LIBRARY_MARTS,FINANCE,FINANCE__FED_FEC_BULK,FEC_CAND_ID,15,TEXT,YES,FEC_CAND_ID,STEEL,False,True,person,20938,8221,7746,"['H6WA05023', 'H6CA24048', '', 'H6AK00045', 'H6NY36015']",True,mirror_of_wired_landing
LIBRARY_MARTS,_RESTORE_20260731,JUSTICE__FED_MSHA_ACCIDENTS,FIPS_STATE_CD,18,TEXT,YES,FIPS,GEO,False,True,place,273623,273623,54,"['""42""', '""46""', '""47""', '""48""', '""45""']",True,mirror_of_wired_landing
LIBRARY_MARTS,LABOR,LABOR__FED_MSHA_VIOLATIONS,MINE_ID,4,TEXT,YES,MINE_ID,STEEL,False,True,facility,3087265,3087265,31277,"['4105519', '4105398', '4105239', '4105370', '4104589']",True,mirror_of_wired_landing
LIBRARY_MARTS,TIMELINE,FOREIGN_INFLUENCE__FED_FARA_BULK,ZIP,19,TEXT,YES,ZIP,GEO,False,True,place,48104,10821,1298,"['20001', '70130', '10016', '20037', '20006']",False,
LIBRARY_MARTS,TIMELINE,HEALTH__FED_FDA_FAERS_DEMO,OCCR_COUNTRY,34,TEXT,YES,COUNTRY,GEO,False,True,place,5811086,1362553,186,"['GB', 'US', 'AU', 'CA', 'IT']",False,
LIBRARY_MARTS,TIMELINE,ECONOMICS__FED_US_USASPENDING_API,PLACE_OF_PERFORMANCE_FIPS,15,TEXT,YES,FIPS,GEO,False,True,place,300,0,0,[''],False,
LIBRARY_MARTS,ENVIRONMENT,ENVIRONMENT__FED_WQP_MONITORING_STATIONS,COUNTRY_CODE,25,TEXT,YES,COUNTRY,GEO,False,True,place,5818,5818,1,['US'],False,
LIBRARY_MARTS,FINANCE,FINANCE__FED_FDIC_SOD_BRANCH_DEPOSITS,BRANCH_ZIP,16,TEXT,YES,ZIP,GEO,False,True,place,2823000,2822997,24311,"['44011', '23185', '15012', '14043', '14202']",False,
LIBRARY_MARTS,TIMELINE,LABOR__FED_OSHA_ITA_300A_SUMMARY_2023,ZIP_CODE,13,TEXT,YES,ZIP,GEO,False,True,place,394234,379816,25150,"['48910', '90048', '48603', '49464', '63136']",True,mirror_of_wired_landing
LIBRARY_MARTS,FINANCE,FINANCE__FED_SEC_DERA_SUB_2024Q4,CIK,2,TEXT,YES,CIK,STEEL,False,True,organization,6491,6491,5833,"['2002473', '1409197', '1623590', '1498828', '1845123']",True,mirror_of_wired_landing
LIBRARY_MARTS,FINANCE,FINANCE__FED_FEC_COMMITTEE_TO_CANDIDATE,CMTE_ID,1,TEXT,YES,FEC_CMTE_ID,STEEL,False,True,organization,866730,866730,6270,"['C00477653', 'C00383661', 'C00411116', 'C00249342', 'C00479899']",True,mirror_of_wired_landing
LIBRARY_MARTS,HOUSING,HOUSING__FED_CFPB_HMDA_DC_ONLY,LEI,2,TEXT,YES,LEI,STEEL,False,True,organization,28301,28301,538,"['549300GCUYVW860UOZ07', '549300KBWX4NV5Q1E376', '549300QKL5FUBZ8LSF50', '549300S5YL3OH0IVCS62', '254900791X4X11AYVA11']",False,
LIBRARY_MARTS,TIMELINE,FINANCE__FED_SEC_DERA_SUB_2024Q4,CIK,6,TEXT,YES,CIK,STEEL,False,True,organization,6491,6491,5833,"['2002473', '1724965', '1692115', '1781162', '60667']",True,mirror_of_wired_landing
LIBRARY_MARTS,ECONOMICS,ECONOMICS__INTL_GLEIF,ENTITY_TRANSLITERATEDOTHERADDRESSES_TRANSLITERATEDOTHERADDRESS_5_COUNTRY,186,TEXT,YES,COUNTRY,GEO,False,True,place,3382301,0,0,[''],True,mirror_of_wired_landing
LIBRARY_MARTS,HEALTH,HEALTH__FED_CMS_NURSING_HOME,ZIP_CODE,6,TEXT,YES,ZIP,GEO,False,True,place,14700,14700,8927,"['46260', '19611', '61341', '53913', '91020']",True,mirror_of_wired_landing
LIBRARY_MARTS,TIMELINE,ENVIRONMENT__FED_EPA_SDWA_SDWA_VIOLATIONS_ENFORCEMENT,PWSID,6,TEXT,YES,PWSID,STEEL,False,True,facility,15432737,15432737,258445,"['IN2200990', 'IN2200949', 'IN2100802', 'IN2020191', 'IL3113837']",True,mirror_of_wired_landing
LIBRARY_MARTS,JUSTICE,JUSTICE__FED_COURTLISTENER_FJC_IDB_CL_LINKED,MULTIDISTRICT_LITIGATION_DOCKET_NUMBER,20,TEXT,YES,DOCKET,STRONG,False,True,case,10323280,695326,932,"['1507', '2325', '2272', '1905', '2122']",False,
LIBRARY_MARTS,HEALTH,HEALTH__FED_CMS_MEDICARE_DIABETES_PREVENTION_PROGRAM,NPI,11,TEXT,YES,NPI,STEEL,False,True,provider,1037,1037,307,"['1427103910', '1477539492', '1770573222', '1548513773', '1003319724']",True,mirror_of_wired_landing
LIBRARY_MARTS,TIMELINE,PROCUREMENT__FED_USASPENDING_BULK,RECIPIENT_COUNTRY_CODE,63,TEXT,YES,COUNTRY,GEO,False,True,place,49613,49613,88,"['CAN', 'GBR', 'ARG', 'SLV', 'BEN']",True,mirror_of_wired_landing
LIBRARY_MARTS,TIMELINE,ECONOMICS__FED_IRS_AUTO_REVOCATIONS,ZIP_CODE,11,TEXT,YES,ZIP,GEO,False,True,place,1207295,1204236,36652,"['22301-1603', '10010-5448', '04268-5664', '14095-0440', '30344-5414']",True,mirror_of_wired_landing
LIBRARY_MARTS,TIMELINE,FINANCE__FED_SEC_INSIDER_SUBMISSION,ISSUER_CIK,10,TEXT,YES,CIK,STEEL,False,True,organization,1772088,1772088,10401,"['0001650132', '0000356590', '0000834365', '0001564902', '0001053507']",False,
LIBRARY_MARTS,TIMELINE,IMMIGRATION__FED_DOL_OFLC,WORKSITE_POSTAL_CODE_4,120,TEXT,YES,ZIP,GEO,False,True,place,664616,3611,1591,"['21090', '7306', '55113', '80112', '']",False,
LIBRARY_MARTS,POLITICS,POLITICS__MEMBER_SPINE,BIOGUIDE,2,TEXT,YES,BIOGUIDE,STEEL,False,True,person,12794,12781,12781,"['A000197', 'A000005', 'A000003', 'A000142', 'A000230']",False,
LIBRARY_MARTS,TIMELINE,ECONOMICS__FED_USASPENDING_ASSISTANCE_FULL,RECIPIENT_PARENT_DUNS,52,TEXT,YES,DUNS,STEEL,False,True,organization,19902879,3643999,36215,"['074446345', '006046700', '003027539', '069942415', '042000273']",True,mirror_of_wired_landing
LIBRARY_MARTS,TIMELINE,ECONOMICS__FED_DOL_FORM5500,PREPARER_US_ZIP,132,TEXT,YES,ZIP,GEO,False,True,place,33484,0,0,[''],True,mirror_of_wired_landing
LIBRARY_MARTS,TIMELINE,ENVIRONMENT__FED_WQP_MONITORING_STATIONS,COUNTRY_CODE,29,TEXT,YES,COUNTRY,GEO,False,True,place,5818,5818,1,['US'],False,
LIBRARY_MARTS,TIMELINE,CORPORATE_REGISTRY__UK_COMPANIES_HOUSE_PSC,COUNTRY_REGISTERED,25,TEXT,YES,COUNTRY,GEO,False,True,place,15804611,985028,2897,"['Wales', 'India', 'England', 'Pakistan', 'England & Wales']",True,mirror_of_wired_landing
LIBRARY_MARTS,JUSTICE,JUSTICE__FED_COURTLISTENER_DOCKETS,PARENT_DOCKET_ID,52,TEXT,YES,DOCKET,STRONG,False,True,case,71677647,0,0,[],True,mirror_of_wired_landing
LIBRARY_MARTS,HEALTH,HEALTH__FED_HRSA_SHORTAGE_AREAS,COMMON_STATE_COUNTY_FIPS_CODE,29,TEXT,YES,FIPS,GEO,False,True,place,165531,165531,3290,"['68007', '68120', '68070', '60050', '68350']",False,
LIBRARY_MARTS,REFERENCE,REF__DIM_STATE,STATE_FIPS,1,TEXT,YES,FIPS,GEO,False,True,place,56,56,56,"['19', '66', '06', '42', '69']",False,
LIBRARY_MARTS,TIMELINE,HEALTH__FED_CMS_OPIOID_TREATMENT_PROGRAM_PROVIDERS,NPI,5,TEXT,YES,NPI,STEEL,False,True,provider,1558,1502,1287,"['1124234653', '1093859878', '1003362484', '1093071920', '1104901941']",True,mirror_of_wired_landing
LIBRARY_MARTS,HEALTH,HEALTH__FED_CMS_OPEN_PAYMENTS,NPI,2,TEXT,YES,NPI,STEEL,False,True,provider,15385047,15336988,979136,"['1609396324', '1528608510', '1912071796', '1295431203', '1245862648']",True,mirror_of_wired_landing
LIBRARY_MARTS,HEALTH,HEALTH__FED_HRSA_SHORTAGE_AREAS,COMMON_STATE_FIPS_CODE,30,TEXT,YES,FIPS,GEO,False,True,place,165531,165531,60,"['66', '68', '64', '60', '56']",False,
LIBRARY_MARTS,HOUSING,HOUSING__FED_FEMA_IA_HOUSING_REGISTRATIONS,FIPS,11,TEXT,YES,FIPS,GEO,False,True,place,3080000,3080000,2989,"['12095', '12097', '12099', '37021', '12057']",False,
LIBRARY_MARTS,REFERENCE,REF__DIM_GEOGRAPHY,FIPS_CODE,1,TEXT,YES,FIPS,GEO,False,True,place,6988,6988,6988,"['21007', '36067', '42019', '36007', '27071']",False,
LIBRARY_MARTS,LABOR,LABOR__FED_DOL_EBSA_FORM5500_SCHEDULE_SB,SB_ACTUARY_FOREIGN_CNTRY,38,TEXT,YES,COUNTRY,GEO,False,True,place,41802,1,1,['US'],True,mirror_of_wired_landing
LIBRARY_MARTS,TIMELINE,HOUSING__FED_HUD_DATA,FIPS,8,TEXT,YES,FIPS,GEO,False,True,place,71,0,0,[''],False,
LIBRARY_MARTS,HEALTH,HEALTH__FED_DEA_ARCOS,REPORTER_DEA_NO,4,TEXT,YES,DEA_NO,STEEL,False,True,organization,178598026,178598026,656,"['RW0231883', 'RW0216449', 'RO0338889', 'RA0326276', 'RP0136704']",False,
LIBRARY_MARTS,FINANCE,FINANCE__FED_FDIC_SOD_BRANCH_DEPOSITS,BRANCH_COUNTRY,21,TEXT,YES,COUNTRY,GEO,False,True,place,2823000,2823000,15,"['Puerto Rico', 'Guam', 'Federated States Of Micronesia', 'United States', 'American Samoa']",False,
LIBRARY_MARTS,FINANCE,FINANCE__FED_SEC_DERA_SUB_2024Q1,CIK,2,TEXT,YES,CIK,STEEL,False,True,organization,6028,6028,5506,"['1438901', '1593222', '315189', '1059556', '1829802']",True,mirror_of_wired_landing
LIBRARY_MARTS,TIMELINE,POLITICS__FED_CONGRESS_LEGISLATORS,ICPSR,6,TEXT,YES,ICPSR,STEEL,False,True,person,12847,12349,12298,"['40700', '20501', '29776', '20729', '29571']",True,mirror_of_wired_landing
LIBRARY_MARTS,ECONOMICS,ECONOMICS__FED_USASPENDING_ASSISTANCE_FULL,PRIMARY_PLACE_OF_PERFORMANCE_ZIP_4,78,TEXT,YES,ZIP,GEO,False,True,place,19902879,12753109,38523,"['802461530', '372036869', '19901', '06601', '95814']",True,mirror_of_wired_landing
LIBRARY_MARTS,REFERENCE,REF__DIM_GEOGRAPHY,COUNTY_FIPS_SUFFIX,3,TEXT,YES,FIPS,GEO,False,True,place,6988,6988,405,"['065', '033', '053', '209', '171']",False,
LIBRARY_MARTS,TIMELINE,IMMIGRATION__FED_ICE_DETAINERS,BIRTH_COUNTRY,15,TEXT,YES,COUNTRY,GEO,False,True,place,609769,609769,230,"['GHANA', 'HAITI', 'MEXICO', 'CUBA', 'SPAIN']",True,mirror_of_wired_landing
LIBRARY_MARTS,TIMELINE,HEALTH__FED_HRSA_HPSA_PRIMARY_CARE,COMMON_STATE_FIPS_CODE,61,TEXT,YES,FIPS,GEO,False,True,place,79158,79158,60,"['22', '42', '06', '04', '08']",False,
LIBRARY_MARTS,CORE,DIM_ZIP_POINT,ZCTA5,1,TEXT,YES,ZIP,GEO,False,True,place,33486,33486,33486,"['04843', '84092', '83811', '02149', '01440']",False,
LIBRARY_MARTS,IMMIGRATION,IMMIGRATION__FED_EPA_SDWA_SDWA_SERVICE_AREAS,PWSID,2,TEXT,YES,PWSID,STEEL,False,True,facility,422464,422464,378450,"['043700005', '010502002', '041210004', '043700026', '043700040']",True,mirror_of_wired_landing
LIBRARY_MARTS,ENVIRONMENT,ENVIRONMENT__FED_EPA_TRI_FACILITY,FRS_ID,20,NUMBER,YES,FRS_ID,STEEL,False,True,facility,64990,0,0,[],True,mirror_of_wired_landing
LIBRARY_MARTS,POLITICS,POLITICS__IRS527_8871_ORGS,MAILING_ZIP,11,TEXT,YES,ZIP,GEO,False,True,place,77591,77591,14798,"['48827', '32669', '50401', '96161', '65781']",False,
LIBRARY_MARTS,TIMELINE,HEALTH__FED_CMS_POS_OTHER,FIPS_STATE_CD,35,TEXT,YES,FIPS,GEO,False,True,place,44429,44113,55,"['05', '02', '', '04', '06']",True,mirror_of_wired_landing
LIBRARY_MARTS,ECONOMICS,ECONOMICS__FED_IRS_REVOCATION,COUNTRY,8,TEXT,YES,COUNTRY,GEO,False,True,place,1187367,1187367,150,"['CH', 'BE', 'GH', 'US', 'PM']",True,mirror_of_wired_landing
LIBRARY_MARTS,TIMELINE,FINANCE__INTL_ISO_MIC_REGISTRY,LEI,10,TEXT,YES,LEI,STEEL,False,True,organization,2864,2231,1060,"['98450009EED4SDC3CA92', '549300USWUR0S7VMM868', '549300OYYE9P450H6O40', '5493008C22FNI0QEEF10', '529900WC0LESEODR7A83']",True,mirror_of_wired_landing
LIBRARY_MARTS,ECONOMICS,ECONOMICS__FED_USASPENDING_ASSISTANCE_FULL,RECIPIENT_PARENT_DUNS,48,TEXT,YES,DUNS,STEEL,False,True,organization,19902879,3643999,36215,"['072400500', '041268673', '877122994', '074615550', '831406798']",True,mirror_of_wired_landing
LIBRARY_MARTS,FINANCE,FINANCE__FED_SEC_DERA_SUB_2024Q2,EIN,20,TEXT,YES,EIN,STEEL,False,True,organization,7675,5820,4744,"['042456637', '231147939', '954352386', '590906081', '160959303']",True,mirror_of_wired_landing
LIBRARY_MARTS,TIMELINE,SCIENCE__FED_NSF_AWARDS,ZIP,20,TEXT,YES,ZIP,GEO,False,True,place,115,115,92,"['276950001', '606375418', '265052742', '602080001', '871310001']",False,
LIBRARY_MARTS,IMMIGRATION,IMMIGRATION__FED_DOL_OFLC,WORKSITE_POSTAL_CODE_4,116,TEXT,YES,ZIP,GEO,False,True,place,664616,3611,1591,"['21090', '', '7306', '55113', '80112']",False,
LIBRARY_MARTS,PROCUREMENT,PROCUREMENT__FED_USASPENDING_BULK,PRIMARY_PLACE_OF_PERFORMANCE_COUNTRY_CODE,74,TEXT,YES,COUNTRY,GEO,False,True,place,49613,45074,133,"['DEU', 'CAN', 'AUS', '', 'USA']",True,mirror_of_wired_landing
LIBRARY_MARTS,_RESTORE_20260731,JUSTICE__FED_FJC_IDB,COURT_ID,4,TEXT,YES,CL_COURT_ID,STEEL,False,True,organization,1,0,0,['-'],False,
LIBRARY_MARTS,HEALTH,HEALTH__FED_CMS_MEDICARE_PHYSICIAN_OTHER_PRACTITIONERS_BY_PROVIDER,RNDRNG_PRVDR_ZIP5,12,TEXT,YES,ZIP,GEO,False,True,place,1296739,1296712,20947,"['86314', '54401', '07755', '92618', '77030']",True,mirror_of_wired_landing
LIBRARY_MARTS,POLITICS,POLITICS__ST_NYC_CFB_CAMPAIGN_2025_CONTRIBUTIONS,ZIP,23,TEXT,YES,ZIP,GEO,False,True,place,259537,243879,8104,"['10026', '11101', '11552', '10018', '10108']",False,
LIBRARY_MARTS,TIMELINE,ECONOMICS__FED_USASPENDING_CONTRACTS_FULL,RECIPIENT_DUNS,54,TEXT,YES,DUNS,STEEL,False,True,organization,20000000,13331663,357865,"['069853752', '004628657', '004321519', '939430740', '969270065']",True,mirror_of_wired_landing
LIBRARY_MARTS,HEALTH,HEALTH__FED_CMS_MAIN,ZIP,10,TEXT,YES,ZIP,GEO,False,True,place,158,0,0,[''],False,
LIBRARY_MARTS,HEALTH,HEALTH__FED_CMS_OPEN_PAYMENTS_2022,RECIPIENT_ZIP_CODE,9,TEXT,YES,ZIP,GEO,False,True,place,13306564,13306035,20956,"['92108-4011', '96001-2433', '95355-4201', '92120-5115', '90262-2646']",True,mirror_of_wired_landing
LIBRARY_MARTS,TIMELINE,JUSTICE__XC_UK_SANCTIONS_LIST,ADDRESS_COUNTRY,26,TEXT,YES,COUNTRY,GEO,False,True,place,33828,22287,106,"['Iran', 'Myanmar', 'Pakistan', 'Ukraine', 'Russia']",False,
LIBRARY_MARTS,ECONOMICS,ECONOMICS__FED_USASPENDING_CONTRACTS_FULL,RECIPIENT_COUNTRY_CODE,59,TEXT,YES,COUNTRY,GEO,False,True,place,20000000,19994805,365,"['GBR', 'CAN', 'USA', 'NAN', 'GERMANY']",True,mirror_of_wired_landing
LIBRARY_MARTS,FINANCE,FINANCE__FED_SEC_DERA_SUB_2024Q2,CIK,2,TEXT,YES,CIK,STEEL,False,True,organization,7675,7675,6250,"['2178', '4977', '68622', '84839', '55529']",True,mirror_of_wired_landing
LIBRARY_MARTS,TIMELINE,TRANSPORT__FED_NTSB_AVIATION_EVENTS,EV_SITE_ZIPCODE,15,TEXT,YES,ZIP,GEO,False,True,place,30968,24238,8871,"['31601', '68524', '34956', 'None', '44114']",False,
LIBRARY_MARTS,TIMELINE,REGULATORY__FED_FEDERAL_REGISTER_DOCUMENTS,DOCKET_IDS,7,TEXT,YES,DOCKET,STRONG,False,True,case,94731,63069,50133,"['[""C-475-841""]', '[""RTID 0648-XD576""]', '[""NPS-WASO-NRNHL-DTS#-36767"",""PPWOCRADI0, PCU00RP14.R50000""]', '[""N6397"",""NPS-WASO-NAGPRA-NPS0040769"",""PPWOCRADN0-PCU00RP14.R50000""]', '[""Docket No. AD26-8-000""]']",False,
LIBRARY_MARTS,FINANCE,FINANCE__FED_FEC_BULK_COMMITTEES,CMTE_ZIP,8,TEXT,YES,ZIP,GEO,False,True,place,20007,19995,7401,"['73107', '21076', '200011530', '493550001', '20003']",True,mirror_of_wired_landing
LIBRARY_MARTS,TIMELINE,ECONOMICS__FED_USASPENDING_ASSISTANCE_FULL,RECIPIENT_ZIP_LAST_4_CODE,67,TEXT,YES,ZIP,GEO,False,True,place,19902879,0,0,"['4204', '', '3336', '0057', '3353']",True,mirror_of_wired_landing
LIBRARY_MARTS,POLITICS,POLITICS__ST_NYC_CFB_CAMPAIGN_2013_CONTRIBUTION,INTERMEDIARY_ZIP,41,TEXT,YES,ZIP,GEO,False,True,place,197968,17406,271,"['10462', '10022', '10304', '10301', '10312']",False,
LIBRARY_MARTS,ECONOMICS,ECONOMICS__FED_SEC_EDGAR_COMPANY_TICKERS,CIK,1,NUMBER,YES,CIK,STEEL,False,True,organization,10414,10414,8018,"['1750', '14693', '26058', '16988', '21535']",True,mirror_of_wired_landing
LIBRARY_MARTS,FINANCE,FINANCE__FED_FARA,EIN,5,TEXT,YES,EIN,STEEL,False,True,organization,30,0,0,[''],False,
LIBRARY_MARTS,TIMELINE,HEALTH__FED_FDA_FAERS_DEMO,REPORTER_COUNTRY,28,TEXT,YES,COUNTRY,GEO,False,True,place,5811086,5325922,397,"['AU', 'KR', 'FR', 'IT', 'GB']",False,
LIBRARY_MARTS,JUSTICE,JUSTICE__FED_FJC_IDB_CRIMINAL,DOCKET,10,TEXT,YES,DOCKET,STRONG,False,True,case,6299908,6299908,264765,"['1614072', '0000049', '0400952', '2200313', '9600029']",False,
LIBRARY_MARTS,TIMELINE,JUSTICE__FED_FJC_IDB_CIVIL,DOCKET,9,TEXT,YES,DOCKET,STRONG,False,True,case,10857396,10857396,1332996,"['9500932', '8840460', '0500140', '0900461', '0200601']",False,
LIBRARY_MARTS,POLITICS,POLITICS__FEC_CANDIDATE,PRINCIPAL_CMTE_ID,10,TEXT,YES,FEC_CMTE_ID,STEEL,False,True,organization,17900,15290,10630,"['C00721423', 'C00607515', 'C00697789', 'C00714337', 'C00709501']",False,
LIBRARY_MARTS,SCIENCE_RESEARCH,SCIENCE_RESEARCH__FED_NIH_REPORTER,ORG_DUNS,11,TEXT,YES,DUNS,STEEL,False,True,organization,2122611,1989465,14919,"['073800062', '078880703', '046514535', '096997515', '161202122']",True,mirror_of_wired_landing
LIBRARY_MARTS,POLITICS,POLITICS__VOTEVIEW_VOTES,ICPSR,4,NUMBER,YES,ICPSR,STEEL,False,True,person,945523,945523,639,"['20733', '20920', '21372', '21544', '21954']",False,
LIBRARY_MARTS,ECONOMICS,ECONOMICS__FED_IRS_EO_PR,EIN,1,TEXT,YES,EIN,STEEL,False,True,organization,2587,2587,2587,"['237282009', '660183310', '660196040', '113579283', '660261701']",True,mirror_of_wired_landing
LIBRARY_MARTS,TIMELINE,JUSTICE__FED_COURTLISTENER_DOCKETS,DOCKET_NUMBER_RAW,57,TEXT,YES,DOCKET,STRONG,False,True,case,71677647,68649620,20369250,"['1:23-cv-11165', '7:98-cv-00062', '10-84981', '02-40446', '10-84933']",True,mirror_of_wired_landing
LIBRARY_MARTS,HOUSING,HOUSING__FED_HUD_DATA,FIPS,4,TEXT,YES,FIPS,GEO,False,True,place,71,0,0,[''],False,
LIBRARY_MARTS,FINANCE,FINANCE__FED_FEC_COMMITTEES,CMTE_ZIP,8,TEXT,YES,ZIP,GEO,False,True,place,60031,59962,11477,"['77449', '95630', '04543', '89113', '28472']",True,mirror_of_wired_landing
LIBRARY_MARTS,TIMELINE,MONEY__DEBT_REPAYMENT_CLIFF,COUNTRY_NAME,7,TEXT,YES,COUNTRY,GEO,False,True,place,938,938,134,"['Cambodia', 'Liberia', 'Bolivia', 'Mongolia', 'Mexico']",False,
LIBRARY_MARTS,IMMIGRATION,IMMIGRATION__FED_CMS_HOSPICE_ENROLLMENTS,CCN,7,TEXT,YES,CCN,STEEL,False,True,facility,6066,4798,4798,"['171523', '381546', '281528A', '211511', '271526']",True,mirror_of_wired_landing
LIBRARY_MARTS,HEALTH,HEALTH__FED_CMS_OPT_OUT_AFFIDAVITS,ZIP_CODE,11,TEXT,YES,ZIP,GEO,False,True,place,57209,57209,8383,"['152012862', '75703', '22101', '220035605', '21044']",True,mirror_of_wired_landing
LIBRARY_MARTS,FINANCE,FINANCE__FED_SEC_EDGAR_FINANCIALS,EIN,20,TEXT,YES,EIN,STEEL,False,True,organization,55635,43144,5771,"['520891669', '231147939', '741677330', '042052042', '954352386']",True,mirror_of_wired_landing
LIBRARY_MARTS,TIMELINE,HEALTH__FED_FDA_DEVICE_ENFORCEMENT,COUNTRY,17,TEXT,YES,COUNTRY,GEO,False,True,place,39635,39630,39,"['Finland', 'Argentina', 'Iceland', 'Italy', 'Norway']",False,
LIBRARY_MARTS,TIMELINE,POLITICS__FED_MEDSL_SENATE_RETURNS,STATE_FIPS,8,TEXT,YES,FIPS,GEO,False,True,place,3945,3945,50,"['10', '12', '4', '6', '9']",False,
LIBRARY_MARTS,ENVIRONMENT,ENVIRONMENT__FED_EPA_NPDES_ICIS_FACILITIES,ZIP,11,TEXT,YES,ZIP,GEO,False,True,place,1213737,1203473,36369,"['95650', '76401', '30103', '37801', '98390']",True,mirror_of_wired_landing
LIBRARY_MARTS,TIMELINE,MARITIME__FED_NOAA_AIS,IMO_NUMBER,7,TEXT,YES,IMO,STEEL,False,True,vessel,58104610,24361306,6630,"['IMO8982577', 'IMO8982591', 'IMO8982553', 'IMO0000000', '']",True,mirror_of_wired_landing
LIBRARY_MARTS,REFERENCE,REFERENCE__XC_ROR_RESEARCH_ORGANIZATIONS,COUNTRY_CODE,24,TEXT,YES,COUNTRY,GEO,False,True,place,135710,135677,232,"['BG', 'FR', 'BR', 'GB', 'DE']",False,
LIBRARY_MARTS,CRIMINAL_JUSTICE,CRIMINAL_JUSTICE__FED_BJS_DATA,PERSON_ID,1,TEXT,YES,CL_PERSON_ID,STEEL,False,True,person,1000,1000,823,"['150536409149999999999922501', '159149432646999999999912601', '159366924009999999999921602', '150490924286999999999922502', '158262231043999999999913603']",False,
LIBRARY_MARTS,TIMELINE,JUSTICE__RACIAL_JAIL_DISPARITY,STATE_FIPS,10,TEXT,YES,FIPS,GEO,False,True,place,128507,128507,45,"['05', '06', '04', '08', '01']",False,
LIBRARY_MARTS,LABOR,LABOR__FED_OSHA_ITA_CASE_DETAIL_2023,EIN,4,TEXT,YES,EIN,STEEL,False,True,organization,890934,814066,33693,"['420838541', '61117657', '822893793', '273247723', '820544687']",True,mirror_of_wired_landing
LIBRARY_MARTS,TIMELINE,HEALTH__FED_CMS_FEDERALLY_QUALIFIED_HEALTH_CENTER_ENROLLMENTS,ZIP_CODE,24,TEXT,YES,ZIP,GEO,False,True,place,11063,11063,6302,"['74728', '597252505', '233362406', '711075899', '263517602']",True,mirror_of_wired_landing
LIBRARY_MARTS,POLITICS,POLITICS__MEMBER_VOTING_RECORD,BIOGUIDE,1,TEXT,YES,BIOGUIDE,STEEL,False,True,person,1105,1105,635,"['B001282', 'N000194', 'E000299', 'M000133', 'S001221']",False,
LIBRARY_MARTS,CORE,DIM_TRACT,TRACT_GEOID,1,TEXT,YES,FIPS,GEO,False,True,place,85391,85391,85391,"['01009050603', '01001020501', '01013953500', '01001020100', '01009050502']",False,
LIBRARY_MARTS,ECONOMICS,ECONOMICS__INTL_GLEIF,ENTITY_OTHERADDRESSES_OTHERADDRESS_2_COUNTRY,82,TEXT,YES,COUNTRY,GEO,False,True,place,3382301,43842,80,"['SG', 'CN', 'MO', '', 'VG']",True,mirror_of_wired_landing
LIBRARY_MARTS,HEALTH,HEALTH__FED_CMS_FACILITY_AFFILIATION,NPI,1,TEXT,YES,NPI,STEEL,False,True,provider,2260193,2260193,940350,"['1881636751', '1881639813', '1881642007', '1881638260', '1881636793']",True,mirror_of_wired_landing
LIBRARY_MARTS,POLITICS,POLITICS__MEMBER_BILL_RECORD,BIOGUIDE,1,TEXT,YES,BIOGUIDE,STEEL,False,True,person,1104,1104,635,"['C000174', 'F000466', 'C001066', 'P000197', 'P000034']",False,
LIBRARY_MARTS,FINANCE,FINANCE__FED_FDIC_BANK_DATA,LEI,24,TEXT,YES,LEI,STEEL,False,True,organization,27836,0,0,"['571474TGEMMWANRL', '254900X7FWYBI1T5', '549300HMUOLWELP0', '549300OPKCV6BLMD', '549300N24HTC7KQ3']",False,
LIBRARY_MARTS,HEALTH,HEALTH__FED_CMS_OPIOID_TREATMENT_PROGRAM_PROVIDERS,ZIP,7,TEXT,YES,ZIP,GEO,False,True,place,1558,1558,1359,"['23462-3222', '98382-3626', '60031-5708', '05602-8498', '76132-3921']",True,mirror_of_wired_landing
LIBRARY_MARTS,TIMELINE,POLITICS__ST_NYC_CFB_CAMPAIGN_2001_CONTRIBUTION,ZIP,29,TEXT,YES,ZIP,GEO,False,True,place,193741,182153,2514,"['10001', '11550', '11040', '10309', '11422']",False,
LIBRARY_MARTS,FINDINGS,OPIOID_PRESCRIBER_PAID_HIGH_RX,ZIP5,6,TEXT,YES,ZIP,GEO,False,True,place,6020,6020,3076,"['42071', '08690', '29412', '31792', '32763']",False,
LIBRARY_MARTS,POLITICS,POLITICS__FEC_COMMITTEE,CMTE_ID,1,TEXT,YES,FEC_CMTE_ID,STEEL,False,True,organization,40945,40945,26655,"['C00000059', 'C00000885', 'C00003855', 'C00003590', 'C00004879']",False,
LIBRARY_MARTS,ECONOMICS,ECONOMICS__FED_USASPENDING_ASSISTANCE_FULL,RECIPIENT_ZIP_LAST_4_CODE,63,TEXT,YES,ZIP,GEO,False,True,place,19902879,0,0,"['2023', '3540', '7000', '4166', '1827']",True,mirror_of_wired_landing
LIBRARY_MARTS,HEALTH,HEALTH__FED_CMS_OPEN_PAYMENTS_2023,CCN,22,TEXT,YES,CCN,STEEL,False,True,facility,14700786,31400,1207,"['210009', '070010', '390107', '260138', '250001']",True,mirror_of_wired_landing
LIBRARY_MARTS,TIMELINE,LABOR__FED_OSHA_ITA_CASE_DETAIL_2024,EIN,8,TEXT,YES,EIN,STEEL,False,True,organization,688649,628248,20523,"['910757099', '200247158', '521711175', '203561128', '362170155']",True,mirror_of_wired_landing
LIBRARY_MARTS,HEALTH,HEALTH__FED_CMS_HOME_HEALTH,ZIP_CODE,6,TEXT,YES,ZIP,GEO,False,True,place,12392,12392,4665,"['99833', '86305', '99508', '99801', '99654']",True,mirror_of_wired_landing
LIBRARY_MARTS,HOUSING,HOUSING__FED_USDA_RD_MFH_ACTIVE_PROJECTS,STATE_COUNTY_FIPS_CODE,6,TEXT,YES,FIPS,GEO,False,True,place,13550,13550,2725,"['39045', '36053', '13205', '47117', '27085']",False,
LIBRARY_MARTS,FINDINGS,PAC_FUNDS_BOTH_SIDES,CMTE_ID,1,TEXT,YES,FEC_CMTE_ID,STEEL,False,True,organization,2680,2680,2680,"['C00002766', 'C00003764', 'C00497917', 'C00455766', 'C00462861']",False,
LIBRARY_MARTS,FINANCE,FINANCE__FED_SEC_DERA_SUB_2024Q3,CIK,2,TEXT,YES,CIK,STEEL,False,True,organization,6699,6699,6008,"['39911', '27996', '70502', '16918', '37785']",True,mirror_of_wired_landing
LIBRARY_MARTS,HOUSING,HOUSING__FED_HUD_PUBLIC_HOUSING_AUTHORITIES,ZCTA,78,TEXT,YES,ZIP,GEO,False,True,place,3787,3763,3460,"['71639', '72433', '36867', '35077', '35952']",False,
LIBRARY_MARTS,ECONOMICS,ECONOMICS__FED_US_USASPENDING_API,RECIPIENT_LOCATION_FIPS,12,TEXT,YES,FIPS,GEO,False,True,place,300,0,0,[''],False,
LIBRARY_MARTS,FINANCE,FINANCE__FED_NCUA_FEDERALLY_INSURED_CU_LIST,ZIP_CODE_MAILING_ADDRESS,7,TEXT,YES,ZIP,GEO,False,True,place,4250,4250,3319,"['89511', '04104', '32412', '70002', '12078']",True,mirror_of_wired_landing
LIBRARY_MARTS,ECONOMICS,ECONOMICS__INTL_IPC_FOOD_INSECURITY_GLOBAL,COUNTRY,2,TEXT,YES,COUNTRY,GEO,False,True,place,735,735,50,"['BFA', 'AGO', 'BDI', 'CIV', 'BEN']",False,
LIBRARY_MARTS,TIMELINE,ENVIRONMENT__FED_EPA_AQS_SITES,ZIP_CODE,27,TEXT,YES,ZIP,GEO,False,True,place,20994,10953,5820,"['35121', '35094', '35650', '36003', '36567']",False,
LIBRARY_MARTS,FINANCE,FINANCE__FED_SEC_INSIDER_REPORTINGOWNER,OWNER_CIK,2,TEXT,YES,CIK,STEEL,False,True,organization,1934673,1934673,138006,"['0001868796', '0001198492', '0001250991', '0001178254', '0001977610']",True,mirror_of_wired_landing
LIBRARY_MARTS,TIMELINE,HEALTH__FED_FDA_DRUG_ENFORCEMENT,POSTAL_CODE,15,TEXT,YES,ZIP,GEO,False,True,place,17816,16747,1021,"['N/A', '34108-2755', '27617-2010', '21202-6174', '00778-2037']",False,
LIBRARY_MARTS,TIMELINE,LABOR__FED_MSHA_MINES,MINE_ID,5,TEXT,YES,MINE_ID,STEEL,False,True,facility,91906,91906,91906,"['0100045', '0100004', '0100005', '0100367', '0100432']",True,mirror_of_wired_landing
LIBRARY_MARTS,TIMELINE,CRIMINAL_JUSTICE__FED_BJS_DATA,PERSON_ID,5,TEXT,YES,CL_PERSON_ID,STEEL,False,True,person,1000,1000,823,"['160627492977999999999911301', '160571975539999999999913402', '160514846539999999999911206', '161154602718999999999912303', '161452316851999999999911102']",False,
LIBRARY_MARTS,TIMELINE,ECONOMICS__FED_US_SEC_EDGAR,EIN,9,TEXT,YES,EIN,STEEL,False,True,organization,48984,48394,24,"['132624428', '134172551', '201665019', '911144442', '941692300']",False,
LIBRARY_MARTS,POLITICS,POLITICS__FEC_CANDIDATE,CAND_ID,1,TEXT,YES,FEC_CAND_ID,STEEL,False,True,person,17900,17900,13240,"['H0CA08176', 'H0CA39114', 'H0AL02160', 'H0AZ03453', 'H0CA26129']",False,
LIBRARY_MARTS,ECONOMICS,ECONOMICS__FED_FAC_SINGLE_AUDIT,AUDITEE_EIN,4,TEXT,YES,EIN,STEEL,False,True,organization,411638,411636,68126,"['330031099', '956001126', '581233448', '202556170', '521822533']",True,mirror_of_wired_landing
LIBRARY_MARTS,POLITICS,POLITICS__IRS527_8872_REPORTS,CUSTODIAN_ZIP_EXT,25,TEXT,YES,ZIP,GEO,False,True,place,55579,0,0,"['1529', '4368', '4307', '1013', '4487']",True,mirror_of_wired_landing
LIBRARY_MARTS,TIMELINE,SCIENCE_RESEARCH__FED_NIH_REPORTER,ORG_COUNTRY,14,TEXT,YES,COUNTRY,GEO,False,True,place,2122611,0,0,[],True,mirror_of_wired_landing
LIBRARY_MARTS,TIMELINE,JUSTICE__FED_FJC_IDB_BANKRUPTCY,DOCKET_SEQUENCE,16,TEXT,YES,DOCKET,STRONG,False,True,case,6965441,6965441,9,"['0', '4', '3', '1', '2']",False,
LIBRARY_MARTS,LABOR,LABOR__FED_MSHA_MINES,FIPS_CNTY_CD,12,TEXT,YES,FIPS,GEO,False,True,place,91906,91906,296,"['117', '007', '033', '073', '081']",True,mirror_of_wired_landing
LIBRARY_MARTS,TIMELINE,HEALTH__FED_CMS_POS_OTHER,CCN,22,TEXT,YES,CCN,STEEL,False,True,facility,44429,41262,41262,"['010001', '010167', '010005', '011065', '011022']",True,mirror_of_wired_landing
LIBRARY_MARTS,HEALTH,HEALTH__FED_HHS_OIG_LEIE,ZIP,16,TEXT,YES,ZIP,GEO,False,True,place,83369,83369,17899,"['55448', '95056', '90024', '67337', '17603']",True,mirror_of_wired_landing
LIBRARY_MARTS,ENVIRONMENT,ENVIRONMENT__INTL_GEM_HAZARD,FIPS,3,TEXT,YES,FIPS,GEO,False,True,place,12,0,0,[''],False,
LIBRARY_MARTS,TIMELINE,POLITICS__ST_NYC_CFB_CAMPAIGN_2009_CONTRIBUTION,INTERMEDIARY_ZIP,45,TEXT,YES,ZIP,GEO,False,True,place,146112,4325,169,"['10016', '11221', '11372', '10023', '10038']",False,
LIBRARY_MARTS,_RESTORE_20260731,UNCATEGORIZED__FED_EPA_FRS_FULL,REGISTRY_ID,2,TEXT,YES,FRS_ID,STEEL,False,True,facility,5300149,5300149,5300149,"['110067766046', '110070262754', '110067772609', '110069292900', '110069065139']",True,mirror_of_wired_landing
LIBRARY_MARTS,REFERENCE,REFERENCE__CENSUS_CB_STATE,STATEFP,1,TEXT,YES,FIPS,GEO,False,True,place,56,56,56,"['35', '21', '47', '48', '46']",False,
LIBRARY_MARTS,GOVERNMENT_RECORDS,GOVERNMENT_RECORDS__FED_NARA_AAD,FIPS_GEO,7,TEXT,YES,FIPS,GEO,False,True,place,9,0,0,[],False,
LIBRARY_MARTS,ECONOMICS,ECONOMICS__FED_USASPENDING_CONTRACTS_FULL,RECIPIENT_COUNTRY_NAME,60,TEXT,YES,COUNTRY,GEO,False,True,place,20000000,19878399,212,"['UNITED STATES OF AMERICA', 'CANADA', '', 'UNITED KINGDOM', 'UNITED STATES']",True,mirror_of_wired_landing
LIBRARY_MARTS,_RESTORE_20260731,FINANCE__FED_FEC_BULK_LINKAGES,CMTE_ID,4,TEXT,YES,FEC_CMTE_ID,STEEL,False,True,organization,16327,16327,11427,"['C00723601', 'C00728998', 'C00717868', 'C00755843', 'C00724161']",True,mirror_of_wired_landing
LIBRARY_MARTS,TIMELINE,ENVIRONMENT__FED_NOAA_WEATHER_API,ZIP_CODE,36,TEXT,YES,ZIP,GEO,False,True,place,287,0,0,[''],False,
LIBRARY_MARTS,FINANCE,FINANCE__FED_FEC_CAND_CMTE_LINKAGE,CAND_ID,1,TEXT,YES,FEC_CAND_ID,STEEL,False,True,person,30536,30536,15153,"['H0AL03192', 'H0AR01109', 'H0FL03084', 'H0AL02087', 'H0AL05163']",True,mirror_of_wired_landing
LIBRARY_MARTS,_RESTORE_20260731,ECONOMICS__INTL_ES_BORME,COUNTRY,9,NUMBER,YES,COUNTRY,GEO,False,True,place,25,0,0,[],False,
LIBRARY_MARTS,TIMELINE,CORPORATE_REGISTRY__INTL_UK_COMPANIES_HOUSE,COUNTRY,11,TEXT,YES,COUNTRY,GEO,False,True,place,5734780,4813556,206,"['WALES', 'ENGLAND', 'UNITED KINGDOM', 'SCOTLAND', '']",False,
LIBRARY_MARTS,IMMIGRATION,IMMIGRATION__FED_DOL_OFLC,WORKSITE_POSTAL_CODE_7,179,TEXT,YES,ZIP,GEO,False,True,place,664616,783,456,"['11747', '90404', '75202', '97205', '']",False,
LIBRARY_MARTS,TIMELINE,HEALTH__FED_HRSA_SHORTAGE_AREAS,PRIMARY_STATE_FIPS_CODE,58,TEXT,YES,FIPS,GEO,False,True,place,165531,165531,60,"['68', '66', '64', '56', '60']",False,
LIBRARY_MARTS,POLITICS,POLITICS__IRS527_RELATED_ENTITIES,EIN,4,TEXT,YES,EIN,STEEL,False,True,organization,64835,64835,8979,"['522316964', '593745297', '621849563', '411979986', '954609929']",True,mirror_of_wired_landing
LIBRARY_MARTS,TIMELINE,LABOR__FED_OSHA_ITA_CASE_DETAIL_2023,EIN,8,TEXT,YES,EIN,STEEL,False,True,organization,890934,814066,33693,"['952090136', '930290630', '231352204', '511236050', '546004979']",True,mirror_of_wired_landing
LIBRARY_MARTS,POLITICS,POLITICS__ST_NYC_CFB_CAMPAIGN_2001_CONTRIBUTION,ZIP,25,TEXT,YES,ZIP,GEO,False,True,place,193741,182153,2514,"['11105', '92117', '11694', '10033', '10039']",False,
LIBRARY_MARTS,ENVIRONMENT,ENVIRONMENT__FED_EPA_NPDES_NPDES_INFORMAL_ENFORCEMENT_ACTIONS,REGISTRY_ID,2,TEXT,YES,FRS_ID,STEEL,False,True,facility,478855,478836,112933,"['110016705760', '110006649920', '110028306544', '110021175011', '110016767845']",True,mirror_of_wired_landing
LIBRARY_MARTS,TIMELINE,JUSTICE__FED_COURTLISTENER_FINANCIAL_DISCLOSURES,PERSON_ID,20,TEXT,YES,CL_PERSON_ID,STEEL,False,True,person,66287,29033,3380,"['1311', '1822', '9724', '1510', '2523']",True,mirror_of_wired_landing
LIBRARY_MARTS,ECONOMICS,ECONOMICS__FED_USASPENDING_CONTRACTS_FULL,PRIME_AWARD_TRANSACTION_PLACE_OF_PERFORMANCE_STATE_FIPS_CODE,79,TEXT,YES,FIPS,GEO,False,True,place,20000000,18090919,56,"['24', '26', '32', '72', '42']",True,mirror_of_wired_landing
LIBRARY_MARTS,FINANCE,FINANCE__FED_SEC_DERA_SUB_2025Q1,CIK,2,TEXT,YES,CIK,STEEL,False,True,organization,6231,6231,5672,"['47217', '14846', '97216', '72903', '99780']",True,mirror_of_wired_landing
LIBRARY_MARTS,HOUSING,HOUSING__FED_HUD_PUBLIC_HOUSING_AUTHORITIES,CURRENT_COUNTY_FIPS,52,TEXT,YES,FIPS,GEO,False,True,place,3787,3785,267,"['113', '020', '073', '097', '015']",False,
LIBRARY_MARTS,SCIENCE_RESEARCH,SCIENCE_RESEARCH__FED_NIH_REPORTER,ORG_COUNTRY,10,TEXT,YES,COUNTRY,GEO,False,True,place,2122611,0,0,[],True,mirror_of_wired_landing
LIBRARY_MARTS,POLITICS,POLITICS__BILLS,SPONSOR_BIOGUIDE,4,TEXT,YES,BIOGUIDE,STEEL,False,True,person,36465,36465,632,"['H001042', 'C001133', 'D000632', 'W000817', 'N000015']",False,
LIBRARY_MARTS,TIMELINE,FINANCE__FED_FDIC_BANK_DATA,LEI,28,TEXT,YES,LEI,STEEL,False,True,organization,27836,0,0,"['549300NWBESFDVWE', '549300FRWQGCSMF2', '5493001ZYMBN3CK8', '549300N24HTC7KQ3', '549300JH5DMYH0O5']",False,
LIBRARY_MARTS,TIMELINE,HEALTH__FED_HRSA_SHORTAGE_AREAS,COMMON_STATE_FIPS_CODE,34,TEXT,YES,FIPS,GEO,False,True,place,165531,165531,60,"['64', '60', '56', '68', '66']",False,
LIBRARY_MARTS,ECONOMICS,ECONOMICS__INTL_GLEIF,ENTITY_TRANSLITERATEDOTHERADDRESSES_TRANSLITERATEDOTHERADDRESS_3_POSTALCODE,161,TEXT,YES,ZIP,GEO,False,True,place,3382301,0,0,[''],True,mirror_of_wired_landing
LIBRARY_MARTS,TIMELINE,POLITICS__IRS527_8872_REPORTS,CUSTODIAN_ZIP_EXT,29,TEXT,YES,ZIP,GEO,False,True,place,55579,0,0,"['4307', '0058', '9656', '0906', '2415']",True,mirror_of_wired_landing
LIBRARY_MARTS,TIMELINE,SCIENCE_RESEARCH__FED_SBIR_STTR_AWARDS,DUNS,13,TEXT,YES,DUNS,STEEL,False,True,organization,219503,178853,21594,"['185169620', '926318908', '062090113', '074689217', '081360630']",True,mirror_of_wired_landing
LIBRARY_MARTS,HEALTH,HEALTH__FED_CMS_RURAL_HEALTH_CLINIC_ENROLLMENTS,ZIP_CODE,20,TEXT,YES,ZIP,GEO,False,True,place,5530,5530,3654,"['58653', '564795280', '988374618', '584211223', '807592641']",True,mirror_of_wired_landing
LIBRARY_MARTS,TIMELINE,POLITICS__CA_LOBBY_CHG_LOG,ENTITY_ZIP,24,TEXT,YES,ZIP,GEO,False,True,place,85765,1846,448,"['95630', '95814', '20036', '90012', '90017']",False,
LIBRARY_MARTS,HEALTH,HEALTH__FED_CMS_MEDICARE_DURABLE_MEDICAL_EQUIPMENT_DEVICES_SUPPLIES_BY_REFER,RFRG_PRVDR_ZIP5,12,TEXT,YES,ZIP,GEO,False,True,place,381228,381224,16594,"['39565', '29646', '10016', '18951', '72523']",True,mirror_of_wired_landing
LIBRARY_MARTS,HEALTH,HEALTH__FED_CMS_MEDICARE_PHYSICIAN_OTHER_PRACTITIONERS_BY_PROVIDER,RNDRNG_PRVDR_STATE_FIPS,11,TEXT,YES,FIPS,GEO,False,True,place,1296739,1296738,61,"['17', '12', '18', '24', '42']",True,mirror_of_wired_landing
LIBRARY_MARTS,ECONOMICS,ECONOMICS__INTL_GLEIF,ENTITY_OTHERADDRESSES_OTHERADDRESS_5_POSTALCODE,122,TEXT,YES,ZIP,GEO,False,True,place,3382301,0,0,[''],True,mirror_of_wired_landing
LIBRARY_MARTS,ECONOMICS,ECONOMICS__FED_USASPENDING_CONTRACTS_FULL,RECIPIENT_ZIP_4_CODE,69,TEXT,YES,ZIP,GEO,False,True,place,20000000,19596456,29335,"['161271638', '453809488', '600604485', '92170', '554224611']",True,mirror_of_wired_landing
LIBRARY_MARTS,HEALTH,HEALTH__FED_CMS_PART_D_PRESCRIBERS,PRSCRBR_CNTRY,15,TEXT,YES,COUNTRY,GEO,False,True,place,1416883,1416883,36,"['US', 'AE', 'SA', 'KR', 'CA']",True,mirror_of_wired_landing
LIBRARY_MARTS,ECONOMICS,ECONOMICS__FED_DOL_FORM5500,SPONS_DFE_LOC_FOREIGN_CNTRY,59,NUMBER,YES,COUNTRY,GEO,False,True,place,33484,0,0,[],True,mirror_of_wired_landing
LIBRARY_MARTS,TIMELINE,JUSTICE__FED_COURTLISTENER_POSITIONS,PERSON_ID,39,TEXT,YES,CL_PERSON_ID,STEEL,False,True,person,51290,51290,15613,"['77', '93', '66', '68', '95']",True,mirror_of_wired_landing
LIBRARY_MARTS,ENERGY,ENERGY__FED_EIA860_4_OWNER,OWNER_ZIP,13,TEXT,YES,ZIP,GEO,False,True,place,5495,4662,643,"['34742', '99344', '68902', '99301', '39501']",False,
LIBRARY_MARTS,ENVIRONMENT,ENVIRONMENT__FED_EPA_AQS_SITES,ZIP_CODE,23,TEXT,YES,ZIP,GEO,False,True,place,20994,10953,5820,"['35055', '35034', '35045', '36567', '35212']",False,
LIBRARY_MARTS,TIMELINE,SCIENCE__FED_NSF_AWARDS,EIN,19,TEXT,YES,EIN,STEEL,False,True,organization,115,0,0,[''],False,
LIBRARY_MARTS,HEALTH,HEALTH__FED_CMS_PENDING_INITIAL_LOGGING_AND_TRACKING_PHYSICIANS,NPI,1,TEXT,YES,NPI,STEEL,False,True,provider,7240,7239,7239,"['1871275941', '1982545075', '1386950806', '1659066264', '1760537559']",True,mirror_of_wired_landing
LIBRARY_MARTS,HEALTH,HEALTH__FED_CMS_MEDICARE_DURABLE_MEDICAL_EQUIPMENT_DEVICES_SUPPLIES_BY_SUPPL,SUPLR_PRVDR_CNTRY,16,NUMBER,YES,COUNTRY,GEO,False,True,place,440670,0,0,[],True,mirror_of_wired_landing
LIBRARY_MARTS,PROCUREMENT,PROCUREMENT__FED_SAM_EXCLUSIONS,ZIP,18,TEXT,YES,ZIP,GEO,False,True,place,167928,125886,18512,"['70128', '75104', '45814', '92845', '37302']",False,
LIBRARY_MARTS,TIMELINE,LABOR__FED_OSHA_ITA_300A_SUMMARY_2025,ZIP_CODE,13,TEXT,YES,ZIP,GEO,False,True,place,383283,383277,24638,"['99701', '06484', '99615', '92618', '93003']",True,mirror_of_wired_landing
LIBRARY_MARTS,HEALTH,HEALTH__FED_CMS_POS_OTHER,CCN,18,TEXT,YES,CCN,STEEL,False,True,facility,44429,41262,41262,"['010001', '010032', '010021', '011045', '011052']",True,mirror_of_wired_landing
LIBRARY_MARTS,TIMELINE,HEALTH__FED_CMS_MEDICARE_DIALYSIS_FACILITIES,CCN,6,TEXT,YES,CCN,STEEL,False,True,facility,12456456,12456456,8241,"['012563', '012561', '012566', '012565', '392517']",True,mirror_of_wired_landing
LIBRARY_MARTS,HEALTH,HEALTH__FED_CMS_MEDICARE_DIALYSIS_FACILITIES,CCN,2,TEXT,YES,CCN,STEEL,False,True,facility,12456456,12456456,8241,"['232552', '232555', '232550', '232551', '232549']",True,mirror_of_wired_landing
LIBRARY_MARTS,TIMELINE,FINANCE__FED_SEC_DERA_SUB_2025Q2,CIK,6,TEXT,YES,CIK,STEEL,False,True,organization,7009,7009,6081,"['816956', '1739174', '1034054', '885508', '21665']",True,mirror_of_wired_landing
LIBRARY_MARTS,TIMELINE,TRANSPORT__FED_NTSB_AVIATION_AIRCRAFT,OPER_ZIP,53,TEXT,YES,ZIP,GEO,False,True,place,31503,23379,9644,"['752235', '77375', '33462', '94949', '23188']",False,
LIBRARY_MARTS,TIMELINE,ENVIRONMENT__FED_EPA_GHGRP_FACILITY,ZIP,27,TEXT,YES,ZIP,GEO,False,True,place,136005,135993,6075,"['18853', '79701', '67951', '39815', '35546']",True,mirror_of_wired_landing
LIBRARY_MARTS,ENVIRONMENT,ENVIRONMENT__FED_EPA_GHGRP_FACILITY,ZIP,23,TEXT,YES,ZIP,GEO,False,True,place,136005,135993,6075,"['67951', '18853', '15379', '79701', '76301']",True,mirror_of_wired_landing
LIBRARY_MARTS,TIMELINE,HEALTH__FED_FDA_DEVICE_PMA,DOCKET_NUMBER,13,TEXT,YES,DOCKET,STRONG,False,True,case,56853,1783,1738,"['', '97M-0274', '06M-0321', '07M-0151', '11M-0323']",False,
LIBRARY_MARTS,TIMELINE,JUSTICE__FED_COURTLISTENER_JUDGES,DOD_COUNTRY,24,TEXT,YES,COUNTRY,GEO,False,True,place,16191,16184,2,"['Vietnam', 'United States']",True,mirror_of_wired_landing
LIBRARY_MARTS,TIMELINE,IMMIGRATION__FED_DOL_OFLC,WORKSITE_POSTAL_CODE_8,204,TEXT,YES,ZIP,GEO,False,True,place,664616,534,323,"['12601', '94105', '77002', '', '7801']",False,
LIBRARY_MARTS,FINANCE,FINANCE__FED_PCAOB_FORM_AP_FILINGS,FIRM_ISSUING_COUNTRY,9,TEXT,YES,COUNTRY,GEO,False,True,place,155384,155384,63,"['South Korea', 'France', 'Ireland', 'Denmark', 'United States']",True,mirror_of_wired_landing
LIBRARY_MARTS,TIMELINE,JUSTICE__FED_FJC_IDB_APPELLATE,DISTRICT_DOCKET_DATE,27,DATE,YES,DOCKET,STRONG,False,True,case,988183,761442,11504,"['2023-10-17', '2022-04-05', '2022-02-10', '2022-10-31', '2021-10-27']",False,
LIBRARY_MARTS,ENVIRONMENT,ENVIRONMENT__FED_EPA_NPDES_NPDES_PS_VIOLATIONS,NPDES_ID,1,TEXT,YES,NPDES_ID,STEEL,False,True,facility,397615,397615,44872,"['IN0022802', 'IN0025232', 'NY0026743', 'AKG371110', 'PR0021326']",True,mirror_of_wired_landing
LIBRARY_MARTS,JUSTICE,JUSTICE__FED_SCDB,DOCKET,5,TEXT,YES,DOCKET,STRONG,False,True,case,83644,83572,6877,"['02-8636', '84-1661', '89-65', '93-5131', '81-731']",False,
LIBRARY_MARTS,FINDINGS,FEDERAL_CONTRACTOR_EPA_VIOLATOR,PARENT_UEI,1,TEXT,YES,UEI,STEEL,False,True,organization,57,57,57,"['YAFMM61KGK56', 'RGKJNHNKVKK7', 'L8K1NR1DFHP8', 'KX87VKR598K3', 'F4W8LKWUTGJ8']",False,
LIBRARY_MARTS,TIMELINE,ENVIRONMENT__FED_EPA_NPDES_NPDES_QNCR_HISTORY,NPDES_ID,5,TEXT,YES,NPDES_ID,STEEL,False,True,facility,7951656,7951656,690126,"['TN0076155', 'TN0078409', 'TN0078387', 'TN0078395', 'TN0076015']",True,mirror_of_wired_landing
LIBRARY_MARTS,TIMELINE,POLITICS__FED_FEC_API,CONTRIBUTOR_ZIP,11,TEXT,YES,ZIP,GEO,False,True,place,500,471,303,"['306563639', '750778436', '786203339', '770404606', '284788784']",False,
LIBRARY_MARTS,ECONOMICS,ECONOMICS__FED_FINCEN_BOI,EIN,6,TEXT,YES,EIN,STEEL,False,True,organization,1,0,0,[''],False,
LIBRARY_MARTS,TIMELINE,HEALTH__FED_HRSA_NPDB,PRIOR_DEA_REPORTS,54,NUMBER,YES,DEA_NO,STEEL,False,True,organization,1911185,1911185,14,"['1', '7', '0', '2', '3']",False,
LIBRARY_MARTS,TIMELINE,JUSTICE__XC_UK_SANCTIONS_LIST,IMO_NUMBER,42,TEXT,YES,IMO,STEEL,False,True,vessel,33828,805,657,"['IMO9247431', 'IMO9292204', 'IMO9258026', 'IMO9378632', '8106496']",False,
LIBRARY_MARTS,HEALTH,HEALTH__FED_HRSA_UDS_SERVICE_DELIVERY_SITES,STATE_COUNTY_FIPS_CODE,40,TEXT,YES,FIPS,GEO,False,True,place,19038,18905,2300,"['33009', '28093', '18089', '26081', '12011']",True,mirror_of_wired_landing
LIBRARY_MARTS,REFERENCE,REFERENCE__INTL_GDELT,ACTOR2COUNTRYCODE,12,TEXT,YES,COUNTRY,GEO,False,True,place,1015,0,0,[''],False,
LIBRARY_MARTS,TIMELINE,FINANCE__FED_SEC_DERA_SUB_2026Q1,CIK,6,TEXT,YES,CIK,STEEL,False,True,organization,6169,6169,5750,"['887343', '703604', '944075', '1048911', '1038509']",True,mirror_of_wired_landing
LIBRARY_MARTS,JUSTICE,JUSTICE__FED_COURTLISTENER_DOCKETS,DOCKET_NUMBER_CORE,23,TEXT,YES,DOCKET,STRONG,False,True,case,71677647,59050896,6648335,"['8914060', '20090667', '0400216', '08079980', '0300056']",True,mirror_of_wired_landing
LIBRARY_MARTS,TIMELINE,IMMIGRATION__FED_DOL_OFLC,WORKSITE_POSTAL_CODE_5,141,TEXT,YES,ZIP,GEO,False,True,place,664616,1864,1024,"['90024', '8807', '63131', '', '33131']",False,
LIBRARY_MARTS,TIMELINE,LABOR__FED_OSHA_ITA_CASE_DETAIL_2025,ZIP_CODE,13,TEXT,YES,ZIP,GEO,False,True,place,330447,304862,10602,"['27013', '67215', '61443', '61554', '89506']",True,mirror_of_wired_landing
LIBRARY_MARTS,ENVIRONMENT,ENVIRONMENT__INTL_GLOBAL_WITNESS_DEFENDERS,COUNTRY,2,TEXT,YES,COUNTRY,GEO,False,True,place,232,50,6,"['Honduras', 'Guatemala', 'DRC', '', 'Ecuador']",False,
LIBRARY_MARTS,TIMELINE,ECONOMICS__FED_USASPENDING_ASSISTANCE_FULL,RECIPIENT_DUNS,48,TEXT,YES,DUNS,STEEL,False,True,organization,19902879,7239046,478231,"['619213940', '071030647', '041096314', '603007902', '073749509']",True,mirror_of_wired_landing
LIBRARY_MARTS,CORPORATE_REGISTRY,CORPORATE_REGISTRY__FED_ICIJ_OFFSHORELEAKS_ENTITIES,COUNTRY_CODES,17,TEXT,YES,COUNTRY,GEO,False,True,place,814344,504991,1101,"['HKG', 'GTM', 'LUX', 'IMN', 'ARE']",False,
LIBRARY_MARTS,HEALTH,HEALTH__FED_CMS_NURSING_HOME_DEFICIENCIES,ZIP_CODE,6,TEXT,YES,ZIP,GEO,False,True,place,418479,418479,8899,"['35111', '35150', '36092', '35957', '35206']",True,mirror_of_wired_landing
LIBRARY_MARTS,TIMELINE,LABOR__FED_MSHA_MINES,FIPS_CNTY_CD,16,TEXT,YES,FIPS,GEO,False,True,place,91906,91906,296,"['073', '081', '045', '117', '007']",True,mirror_of_wired_landing
LIBRARY_MARTS,TIMELINE,LABOR__FED_OSHA_ITA_300A_SUMMARY_2024,ZIP_CODE,13,TEXT,YES,ZIP,GEO,False,True,place,398620,368738,22776,"['37402', '2907', '94085', '28092', '83301']",True,mirror_of_wired_landing
LIBRARY_MARTS,TIMELINE,JUSTICE__FED_FJC_IDB_CRIMINAL,MAGISTRATE_DOCKET,21,TEXT,YES,DOCKET,STRONG,False,True,case,6299908,6299908,211302,"['0000226', '0207032', '2502800', '2200194', '0000068']",False,
LIBRARY_MARTS,LABOR,LABOR__FED_MSHA_ACCIDENTS,FIPS_STATE_CD,12,TEXT,YES,FIPS,GEO,False,True,place,273623,273623,54,"['27', '37', '30', '72', '06']",True,mirror_of_wired_landing
LIBRARY_MARTS,JUSTICE,JUSTICE__FED_COURTLISTENER_SCHOOLS,EIN,5,TEXT,YES,EIN,STEEL,False,True,organization,6011,3526,2569,"['750808791', '346002924', '541881450', '480777079', '141463151']",True,mirror_of_wired_landing
LIBRARY_MARTS,ENVIRONMENT,ENVIRONMENT__FED_PHMSA_FLAGGED_INCIDENTS,OPERATOR_POSTAL_CODE,14,TEXT,YES,ZIP,GEO,False,True,place,2039,2036,125,"['58701', '77046', '77002', '32097', '15317']",False,
LIBRARY_MARTS,CORE,XWALK_ZCTA_COUNTY,COUNTY_FIPS,2,TEXT,YES,FIPS,GEO,False,True,place,46960,46960,3232,"['72001', '72005', '72151', '72011', '72003']",False,
LIBRARY_MARTS,IMMIGRATION,IMMIGRATION__FED_DHS_YEARBOOK,COUNTRY_OF_LAST_RESIDENCE,3,TEXT,YES,COUNTRY,GEO,False,True,place,27,0,0,[''],False,
LIBRARY_MARTS,POLITICS,POLITICS__FEC_CANDIDATE_SUMMARY,CAND_ID,1,TEXT,YES,FEC_CAND_ID,STEEL,False,True,person,7933,7933,5754,"['H0CA27085', 'H0AL01055', 'H0AL02202', 'H0AL07086', 'H0FL21078']",False,
LIBRARY_MARTS,TIMELINE,ECONOMICS__FED_US_USASPENDING_API,RECIPIENT_DUNS,8,TEXT,YES,DUNS,STEEL,False,True,organization,300,0,0,[''],False,
LIBRARY_MARTS,POLITICS,POLITICS__WHO_WON,ICPSR,17,NUMBER,YES,ICPSR,STEEL,False,True,person,10976,9682,2001,"['20122', '20959', '20134', '20936', '20131']",False,
LIBRARY_MARTS,FINANCE,FINANCE__FED_FDIC_BANK_DATA,DOCKET,25,TEXT,YES,DOCKET,STRONG,False,True,case,27836,27836,11818,"['1867', '1954', '1865', '1943', '1925']",False,
LIBRARY_MARTS,HOUSING,HOUSING__FED_CFPB_HMDA_ARID2017_LEI_XREF,LEI_2019,4,TEXT,YES,LEI,STEEL,False,True,organization,5399,5070,5070,"['549300U852CO3ZPGIE54', '254900Y2VQW872IK0096', '549300OCKUW7YV0YNV03', '549300XOTES5TCS8T794', '549300KJZ82173UB3I21']",True,mirror_of_wired_landing
LIBRARY_MARTS,TIMELINE,FINANCE__FED_PCAOB_FORM_AP_FILINGS,ISSUER_CIK_NONE,20,TEXT,YES,CIK,STEEL,False,True,organization,155384,0,0,"['false', 'true']",True,mirror_of_wired_landing
LIBRARY_MARTS,IMMIGRATION,IMMIGRATION__FED_DOL_OFLC,WORKSITE_POSTAL_CODE_9,221,TEXT,YES,ZIP,GEO,False,True,place,664616,382,236,"['45840', '83702', '', '66115', '11205']",False,
LIBRARY_MARTS,IMMIGRATION,IMMIGRATION__FED_USCIS_DATA,COUNTRY,6,TEXT,YES,COUNTRY,GEO,False,True,place,177,0,0,[''],False,
LIBRARY_MARTS,ECONOMICS,ECONOMICS__FED_FAC_SINGLE_AUDIT,AUDITOR_EIN,10,TEXT,YES,EIN,STEEL,False,True,organization,411638,411372,8360,"['521130974', '841509584', '610484308', '550634778', '362886485']",True,mirror_of_wired_landing
LIBRARY_MARTS,HEALTH,HEALTH__FED_FDA_DEVICE_PMA,ZIP,21,TEXT,YES,ZIP,GEO,False,True,place,56853,54874,552,"['SE-431 35', '14603', '92618', '44654', '01752']",False,
LIBRARY_MARTS,TIMELINE,ENVIRONMENT__EPA_PENALTY_GAP,FRS_ID,5,TEXT,YES,FRS_ID,STEEL,False,True,facility,93808,93808,93808,"['110032016752', '110013164681', '110070090938', '110006783098', '110049432146']",False,
LIBRARY_MARTS,HEALTH,HEALTH__FED_CMS_LTCH,CCN,1,TEXT,YES,CCN,STEEL,False,True,facility,311,311,311,"['012006', '012010', '012014', '192029', '192041']",True,mirror_of_wired_landing
LIBRARY_MARTS,_RESTORE_20260731,JUSTICE__FED_MSHA_MINES,MINE_ID,1,TEXT,YES,MINE_ID,STEEL,False,True,facility,91906,91906,91906,"['""3503932""', '""3503933""', '""3503966""', '""3600052""', '""3600182""']",True,mirror_of_wired_landing
LIBRARY_MARTS,TIMELINE,IMMIGRATION__FED_DOL_OFLC,AGENT_ATTORNEY_COUNTRY,43,TEXT,YES,COUNTRY,GEO,False,True,place,664616,444042,9,"['AUSTRALIA', '', 'UNITED STATES OF AMERICA', 'UNITED KINGDOM', 'CANADA']",False,
LIBRARY_MARTS,POLITICS,POLITICS__FED_FEC_API,CONTRIBUTOR_ZIP,7,TEXT,YES,ZIP,GEO,False,True,place,500,471,303,"['960971892', '349512244', '904042208', '974269715', '100234701']",False,
LIBRARY_MARTS,PROCUREMENT,PROCUREMENT__FED_USASPENDING_BULK,PRIME_AWARD_TRANSACTION_RECIPIENT_COUNTY_FIPS_CODE,64,TEXT,YES,FIPS,GEO,False,True,place,49613,49258,1295,"['37063', '25003', '42091', '25025', '11001']",True,mirror_of_wired_landing
LIBRARY_MARTS,ENVIRONMENT,ENVIRONMENT__FED_EPA_FRS_FRS_FACILITIES,REGISTRY_ID,1,TEXT,YES,FRS_ID,STEEL,False,True,facility,3277557,3277557,3277557,"['110000307800', '110000310413', '110000307757', '110000309595', '110000309112']",True,mirror_of_wired_landing
LIBRARY_MARTS,TIMELINE,HOUSING__FED_FEMA_IA_HOUSING_REGISTRATIONS,DAMAGED_ZIP_CODE,14,TEXT,YES,ZIP,GEO,False,True,place,3080000,3079992,24566,"['77351', '77058', '77661', '77365', '77705']",False,
LIBRARY_MARTS,_RESTORE_20260731,JUSTICE__FED_MSHA_MINES,FIPS_CNTY_CD,13,NUMBER,YES,FIPS,GEO,False,True,place,91906,0,0,[],True,mirror_of_wired_landing
LIBRARY_MARTS,TIMELINE,HEALTH__FED_FDA_ESTABLISHMENT_REG,ISO_COUNTRY_CODE,12,TEXT,YES,COUNTRY,GEO,False,True,place,263374,263373,108,"['MX', 'CA', 'US', 'DE', 'FR']",False,
LIBRARY_MARTS,TIMELINE,ECONOMICS__FED_IRS_REVOCATION,COUNTRY,12,TEXT,YES,COUNTRY,GEO,False,True,place,1187367,1187367,150,"['US', 'BE', 'GH', 'CA', 'MX']",True,mirror_of_wired_landing
LIBRARY_MARTS,ECONOMICS,ECONOMICS__INTL_GFI_TRADE,COUNTRY,1,TEXT,YES,COUNTRY,GEO,False,True,place,25,0,0,[''],False,
LIBRARY_MARTS,TIMELINE,JUSTICE__INTL_EU_SANCTIONS,IDEN_COUNTRY,55,TEXT,YES,COUNTRY,GEO,False,True,place,42347,1437,69,"['AFG', 'IRQ', '', 'USA', 'LBY']",False,
LIBRARY_MARTS,TIMELINE,IMMIGRATION__FED_DOL_OFLC,WORKSITE_POSTAL_CODE_7,183,TEXT,YES,ZIP,GEO,False,True,place,664616,783,456,"['75202', '11747', '60611', '', '97205']",False,
LIBRARY_MARTS,EDUCATION,EDUCATION__FED_ED_COLLEGE_SCORECARD_INSTITUTION,ZIP,13,TEXT,YES,ZIP,GEO,False,True,place,6273,6273,4356,"['35811', '35501', '90095-1405', '36104-0271', '36109-3390']",False,
LIBRARY_MARTS,TIMELINE,POLITICS__IRS527_8872_REPORTS,CONTACT_ZIP_EXT,36,TEXT,YES,ZIP,GEO,False,True,place,55579,0,0,"['1013', '3300', '4307', '8102', '1529']",True,mirror_of_wired_landing
LIBRARY_MARTS,TIMELINE,POLITICS__IRS527_8872_REPORTS,BUSINESS_ZIP_EXT,42,TEXT,YES,ZIP,GEO,False,True,place,55579,0,0,"['3293', '1640', '2923', '1062', '2716']",True,mirror_of_wired_landing
LIBRARY_MARTS,HEALTH,HEALTH__FED_HRSA_NPDB,PRIOR_DEA_REPORTS,50,NUMBER,YES,DEA_NO,STEEL,False,True,organization,1911185,1911185,14,"['0', '13', '3', '1', '2']",False,
LIBRARY_MARTS,FINANCE,FINANCE__FED_SEC_DERA_SUB_2025Q3,CIK,2,TEXT,YES,CIK,STEEL,False,True,organization,6541,6541,5909,"['55529', '101984', '20286', '88941', '101199']",True,mirror_of_wired_landing
LIBRARY_MARTS,FINANCE,FINANCE__FED_SEC_EDGAR_FINANCIALS,CIK,2,TEXT,YES,CIK,STEEL,False,True,organization,55635,55635,8112,"['70866', '34563', '55785', '23194', '49938']",True,mirror_of_wired_landing
LIBRARY_MARTS,TIMELINE,TRANSPORT__FED_NTSB_AVIATION_AIRCRAFT,OPER_COUNTRY,52,TEXT,YES,COUNTRY,GEO,False,True,place,31503,31503,149,"['USA', 'None', 'MA', 'DE', 'BR']",False,
LIBRARY_MARTS,HEALTH,HEALTH__FED_CDC_INJURY_VIOLENCE_COUNTY,ST_GEOID,3,TEXT,YES,FIPS,GEO,False,True,place,132000,132000,51,"['23', '30', '37', '56', '48']",False,
LIBRARY_MARTS,FINDINGS,EXCLUDED_PROVIDER_AT_FACILITY,NPI,1,TEXT,YES,NPI,STEEL,False,True,provider,28,28,10,"['1831714906', '1285673012', '1396067682', '1164450573', '1932241007']",False,
LIBRARY_MARTS,IMMIGRATION,IMMIGRATION__FED_DHS_YEARBOOK,COUNTRY_OF_BIRTH,2,TEXT,YES,COUNTRY,GEO,False,True,place,27,0,0,[''],False,
LIBRARY_MARTS,MONEY_FINANCE,MONEY__DEBT_REPAYMENT_CLIFF,COUNTRY_CODE,2,TEXT,YES,COUNTRY,GEO,False,True,place,938,938,134,"['KHM', 'LAC', 'MEX', 'TCD', 'MDG']",False,
LIBRARY_MARTS,TIMELINE,ENVIRONMENT__FED_EPA_SDWA_SDWA_PUB_WATER_SYSTEMS,COUNTRY_CODE,44,TEXT,YES,COUNTRY,GEO,False,True,place,434040,424726,3,"['SW', 'US', 'CA']",True,mirror_of_wired_landing
LIBRARY_MARTS,TIMELINE,ENVIRONMENT__FED_EPA_GHGRP_FACILITY,FRS_ID,8,TEXT,YES,FRS_ID,STEEL,False,True,facility,136005,126584,13221,"['110059673900', '110063744710', '110063745121', '110012695084', '110063744685']",True,mirror_of_wired_landing
LIBRARY_MARTS,OPEN_DATA,OPEN_DATA__INTL_GE_DATAGOV,COUNTRY,11,TEXT,YES,COUNTRY,GEO,False,True,place,1,1,1,['Georgia'],False,
LIBRARY_MARTS,ENVIRONMENT,ENVIRONMENT__FED_EPA_FRS_FRS_NAICS_CODES,REGISTRY_ID,4,TEXT,YES,FRS_ID,STEEL,False,True,facility,2179702,2178276,1672433,"['110002470647', '110002099292', '110000381970', '110002625311', '110002093038']",True,mirror_of_wired_landing
LIBRARY_MARTS,MARITIME,MARITIME__FED_NOAA_AIS,MMSI,2,TEXT,YES,MMSI,STEEL,False,True,vessel,58104610,58084782,22749,"['366837910', '366838630', '366837890', '366839000', '366838990']",True,mirror_of_wired_landing
LIBRARY_MARTS,IMMIGRATION,IMMIGRATION__FED_DOL_OFLC,WORKSITE_POSTAL_CODE_10,242,TEXT,YES,ZIP,GEO,False,True,place,664616,275,172,"['94117', '63121', '', '10007', '20001']",False,
LIBRARY_MARTS,ECONOMICS,ECONOMICS__FED_DOL_FORM5500,ADMIN_US_ZIP,69,TEXT,YES,ZIP,GEO,False,True,place,33484,1168,599,"['', '601741961', '829302025', '392321229', '17754']",True,mirror_of_wired_landing
LIBRARY_MARTS,ECONOMICS,ECONOMICS__FED_IRS_990,EIN,1,TEXT,YES,EIN,STEEL,False,True,organization,200,200,200,"['956205229', '270035391', '731304657', '610529391', '873775057']",True,mirror_of_wired_landing
LIBRARY_MARTS,ECONOMICS,ECONOMICS__FED_USASPENDING_ASSISTANCE_FULL,RECIPIENT_PARENT_UEI,47,TEXT,YES,UEI,STEEL,False,True,organization,19902879,4275263,53380,"['LJEEECK1KYZ6', 'LZFNZUUCC715', 'KXWRKJ5V7AD7', 'MLBQUML9JJT6', 'ED67D3S7GM79']",True,mirror_of_wired_landing
LIBRARY_MARTS,POLITICS,POLITICS__MEMBER_CROSSWALK,BIOGUIDE,2,TEXT,YES,BIOGUIDE,STEEL,False,True,person,12794,12781,12781,"['A000018', 'A000016', 'A000035', 'A000131', 'A000103']",False,
LIBRARY_MARTS,JUSTICE,JUSTICE__FED_FJC_IDB_CRIMINAL,MAGISTRATE_DOCKET,17,TEXT,YES,DOCKET,STRONG,False,True,case,6299908,6299908,211302,"['0703726', '0000010', '-8', '1108423', '1904081']",False,
LIBRARY_MARTS,TIMELINE,JUSTICE__FED_COURTLISTENER_OPINION_CLUSTERS,DOCKET_ID,38,TEXT,YES,DOCKET,STRONG,False,True,case,10070727,10070727,9765364,"['2240203', '68249838', '68290871', '2034883', '68282608']",False,
LIBRARY_MARTS,HEALTH,HEALTH__FED_HRSA_HPSA_PRIMARY_CARE,COMMON_STATE_COUNTY_FIPS_CODE,59,TEXT,YES,FIPS,GEO,False,True,place,79158,79158,3234,"['53053', '50003', '42027', '31075', '37119']",False,
LIBRARY_MARTS,TIMELINE,CORPORATE_REGISTRY__INTL_UK_COMPANIES_HOUSE,COUNTRY_OF_ORIGIN,15,TEXT,YES,COUNTRY,GEO,False,True,place,5734780,5734496,215,"['ISLE OF MAN', 'United Kingdom', 'UNITED KINGDOM', 'PANAMA', 'GUERNSEY']",False,
LIBRARY_MARTS,JUSTICE,JUSTICE__FED_COURTLISTENER_FJC_IDB_CL_LINKED,TRANSFER_DOCKET_NUMBER,25,TEXT,YES,DOCKET,STRONG,False,True,case,10323280,109021,84010,"['1900007', '1500036', '1100169', '1100140', '1200086']",False,
LIBRARY_MARTS,_RESTORE_20260701,ECONOMICS__FED_HHS_TAGGS,RECIPIENT_COUNTRY,12,TEXT,YES,COUNTRY,GEO,False,True,place,1,0,0,[''],False,
LIBRARY_MARTS,TIMELINE,ENVIRONMENT__FED_EPA_NPDES_NPDES_SE_VIOLATIONS,NPDES_ID,5,TEXT,YES,NPDES_ID,STEEL,False,True,facility,305478,305478,76438,"['AK0000272', 'AK0000370', 'AK0000841', 'AK0000396', 'AK0029840']",True,mirror_of_wired_landing
LIBRARY_MARTS,TIMELINE,FINANCE__FED_FEC_CANDIDATES,CAND_ZIP,19,TEXT,YES,ZIP,GEO,False,True,place,27095,26773,9812,"['33141', '91307', '62301', '20877', '60527']",True,mirror_of_wired_landing
LIBRARY_MARTS,HEALTH,HEALTH__FED_FDA_DEVICE_ENFORCEMENT,POSTAL_CODE,12,TEXT,YES,ZIP,GEO,False,True,place,39635,35946,1273,"['18109-9577', '49002-9711', '92673-6212', '91325-1219', '18018-3524']",False,
LIBRARY_MARTS,_RESTORE_20260731,JUSTICE__FED_MSHA_MINES,PORTABLE_FIPS_ST_CD,37,TEXT,YES,FIPS,GEO,False,True,place,91906,14738,54,"['""01""', '""41""', '""24""', '""39""', '""42""']",True,mirror_of_wired_landing
LIBRARY_MARTS,TIMELINE,HEALTH__FED_CMS_FEDERALLY_QUALIFIED_HEALTH_CENTER_ENROLLMENTS,NPI,9,TEXT,YES,NPI,STEEL,False,True,provider,11063,11063,10269,"['1417149766', '1356498505', '1528115607', '1558340968', '1487764759']",True,mirror_of_wired_landing
LIBRARY_MARTS,JUSTICE,JUSTICE__XC_RANSOMWARELIVE_VICTIMS,COUNTRY,6,TEXT,YES,COUNTRY,GEO,False,True,place,30661,22620,184,"['DE', 'NL', 'NG', 'CH', 'BE']",False,
LIBRARY_MARTS,TIMELINE,JUSTICE__FED_FJC_IDB_APPELLATE,DOCKET_DATE,10,DATE,YES,DOCKET,STRONG,False,True,case,988183,988183,6749,"['2024-08-08', '2024-05-16', '2024-05-22', '2024-05-20', '2024-05-17']",False,
LIBRARY_MARTS,TIMELINE,ENVIRONMENT__FED_EPA_NPDES_NPDES_CS_VIOLATIONS,NPDES_ID,5,TEXT,YES,NPDES_ID,STEEL,False,True,facility,82187,82187,10589,"['AK0021385', 'AR0022292', 'AR0022578', 'AK0000833', 'AR0000523']",True,mirror_of_wired_landing
LIBRARY_MARTS,POLITICS,POLITICS__ST_CANNABIS_POLICY_BUNDLES,FIPS,3,TEXT,YES,FIPS,GEO,False,True,place,1500,1500,50,"['1', '4', '2', '6', '5']",False,
LIBRARY_MARTS,CIVIL_RIGHTS,CIVIL_RIGHTS__FED_NARA_WRA_AAD,FIPS,7,TEXT,YES,FIPS,GEO,False,True,place,1,0,0,[''],False,
LIBRARY_MARTS,CORPORATE_REGISTRY,CORPORATE_REGISTRY__UK_COMPANIES_HOUSE_PSC,ADDRESS_COUNTRY,18,TEXT,YES,COUNTRY,GEO,False,True,place,15804611,13356433,1099,"['Romania', 'England', 'Pakistan', 'Spain', 'Wales']",True,mirror_of_wired_landing
LIBRARY_MARTS,TIMELINE,JUSTICE__COUNTY_DOUBLE_BURDEN,FIPS,5,TEXT,YES,FIPS,GEO,False,True,place,3029,3029,3029,"['40143', '19161', '40017', '20165', '27109']",False,
LIBRARY_MARTS,_RESTORE_20260701,HISTORICAL_RECORDS__FED_SLAVEVOYAGES_INTRAAMERICAN,COUNTRY_OF_DEPARTURE,6,TEXT,YES,COUNTRY,GEO,False,True,place,1,0,0,[''],False,
LIBRARY_MARTS,TIMELINE,ECONOMICS__FED_US_SEC_EDGAR,CIK,6,TEXT,YES,CIK,STEEL,False,True,organization,48984,48984,25,"['0000019617', '0000002488', '0001326801', '0000789019', '0001141391']",False,
LIBRARY_MARTS,ECONOMICS,ECONOMICS__FED_USASPENDING_CONTRACTS_FULL,RECIPIENT_PARENT_DUNS,56,TEXT,YES,DUNS,STEEL,False,True,organization,20000000,13331066,332662,"['021717889', '918429585', '161906193', '051099661', '']",True,mirror_of_wired_landing
LIBRARY_MARTS,TIMELINE,ECONOMICS__FED_FAC_SINGLE_AUDIT,AUDITEE_EIN,8,TEXT,YES,EIN,STEEL,False,True,organization,411638,411636,68126,"['556000409', '263082073', '920014579', '636000390', '421358032']",True,mirror_of_wired_landing
LIBRARY_MARTS,FINANCE,FINANCE__FED_IRS_SOI,ZIP_CODE,3,TEXT,YES,ZIP,GEO,False,True,place,179796,165548,27549,"['35007', '35049', '0', '35004', '35005']",False,
LIBRARY_MARTS,TIMELINE,POLITICS__ST_NYC_CFB_CAMPAIGN_2025_CONTRIBUTIONS,INTERMEDIARY_ZIP,45,TEXT,YES,ZIP,GEO,False,True,place,259537,7940,150,"['11217', '10075', '11223', '11010', '11366']",False,
LIBRARY_MARTS,FINANCE,FINANCE__FED_SEC_EDGAR_INSIDERS,CIK,10,TEXT,YES,CIK,STEEL,False,True,organization,69259,69259,5306,"['0000909327', '0001825079', '0000912892', '0000919567', '0001564180']",True,mirror_of_wired_landing
LIBRARY_MARTS,TIMELINE,POLITICS__FEC_CANDIDATE_SUMMARY,CAND_ID,5,TEXT,YES,FEC_CAND_ID,STEEL,False,True,person,7933,7933,5754,"['H0AL01097', 'H0AL02202', 'H0CA17193', 'H0GA06200', 'H0FL23082']",False,
LIBRARY_MARTS,TIMELINE,HEALTH__FED_NLM_DAILYMED_SPL_SETID_MAP,ZIP_FILE_NAME,6,TEXT,YES,ZIP,GEO,False,True,place,158452,0,0,"['20231128_22e0c6f9-8884-4869-b13f-fc4976da58da.zip', '20201124_b4c903ed-42d5-c7a4-e053-2995a90a6e15.zip', '20241122_13fbde45-958c-455f-b766-f6a34342ee95.zip', '20091231_25500fd1-4fee-43db-9c71-45912594fe06.zip', '20091231_7508ce57-40bc-4d50-8025-44d28bfc2ccb.zip']",False,
LIBRARY_MARTS,TIMELINE,IMMIGRATION__FED_DOL_OFLC,WORKSITE_POSTAL_CODE_9,225,TEXT,YES,ZIP,GEO,False,True,place,664616,382,236,"['43212', '80210', '94118', '94086', '']",False,
LIBRARY_MARTS,TIMELINE,JUSTICE__FED_FJC_IDB_APPELLATE,DOCKET,7,TEXT,YES,DOCKET,STRONG,False,True,case,988183,988183,514613,"['1302308', '1304188', '1302297', '1303911', '1304397']",False,
LIBRARY_MARTS,TIMELINE,FINANCE__FED_IRS_SOI,STATE_FIPS,5,TEXT,YES,FIPS,GEO,False,True,place,179796,179796,51,"['6', '5', '1', '2', '4']",False,
LIBRARY_MARTS,POLITICS,POLITICS__FED_VOTEVIEW_MEMBERS,BIOGUIDE_ID,11,TEXT,YES,BIOGUIDE,STEEL,False,True,person,51061,50993,12584,"['L000178', 'P000108', 'M000858', 'L000364', 'S001047']",True,mirror_of_wired_landing
LIBRARY_MARTS,EDUCATION,EDUCATION__FED_SENATE_LDA_FILINGS,REGISTRANT_COUNTRY,15,TEXT,YES,COUNTRY,GEO,False,True,place,174871,174871,14,"['PR', 'GB', 'BE', 'US', 'CA']",False,
LIBRARY_MARTS,ENVIRONMENT,ENVIRONMENT__FED_EPA_TRI_FACILITY,ZIP_CODE,8,TEXT,YES,ZIP,GEO,False,True,place,64990,64989,14617,"['006020580', '00739', '006050434', '00605', '00603']",True,mirror_of_wired_landing
LIBRARY_MARTS,TIMELINE,FINANCE__FED_EPA_ICIS_FEC_ICIS_FEC_EPA_INSPECTIONS,REGISTRY_ID,5,TEXT,YES,FRS_ID,STEEL,False,True,facility,260556,259137,156326,"['110028064555', '110056395967', '110058917409', '110058918729', '110058914448']",True,mirror_of_wired_landing
LIBRARY_MARTS,ECONOMICS,ECONOMICS__FED_US_SEC_EDGAR,EIN,5,TEXT,YES,EIN,STEEL,False,True,organization,48984,48394,24,"['201665019', '132624428', '941692300', '470813844', '911144442']",False,
LIBRARY_MARTS,TIMELINE,CORPORATE_REGISTRY__INTL_UK_COMPANIES_HOUSE,COMPANY_NUMBER,5,TEXT,YES,COMPANY_NO,STEEL,False,True,organization,5734780,5734779,5734779,"['11229047', '06867929', '11860143', '11354017', '06365929']",False,
LIBRARY_MARTS,HISTORY,HISTORY__FED_DENSHO_DDR,FIPS,12,TEXT,YES,FIPS,GEO,False,True,place,25,0,0,[''],False,
LIBRARY_MARTS,ECONOMICS,ECONOMICS__FED_IRS_REVOCATION,EIN,1,TEXT,YES,EIN,STEEL,False,True,organization,1187367,1187366,1187366,"['208063948', '813342620', '237151591', '760692573', '300717482']",True,mirror_of_wired_landing
LIBRARY_MARTS,POLITICS,POLITICS__IRS527_8872_REPORTS,BUSINESS_ZIP,37,TEXT,YES,ZIP,GEO,False,True,place,55579,55576,2873,"['73112', '40202', '48933', '75206', '94545']",True,mirror_of_wired_landing
LIBRARY_MARTS,CORPORATE_REGISTRY,CORPORATE_REGISTRY__FED_ICIJ_OFFSHORELEAKS_ADDRESSES,COUNTRY_CODES,5,TEXT,YES,COUNTRY,GEO,False,True,place,402246,277110,227,"['USA', 'HKG', 'SGP', 'VIR', 'PAN']",False,
LIBRARY_MARTS,JUSTICE,JUSTICE__FED_FJC_IDB_APPELLATE,DISTRICT_DOCKET,20,TEXT,YES,DOCKET,STRONG,False,True,case,988183,988183,176069,"['2100925', '2200382', '2205915', '1110040', '2400014']",False,
LIBRARY_MARTS,SCIENCE_RESEARCH,SCIENCE_RESEARCH__FED_SBIR_STTR_AWARDS,DUNS,9,TEXT,YES,DUNS,STEEL,False,True,organization,219503,178853,21594,"['157649471', '080433742', '175302579', '007086939', '606234730']",True,mirror_of_wired_landing
LIBRARY_MARTS,TIMELINE,ECONOMICS__FED_IRS_SOI_CHARITIES,ZIP,11,TEXT,YES,ZIP,GEO,False,True,place,2450,2450,113,"['00820-4586', '96799-1715', '00804-6132', '00841-1463', '96950-4053']",True,mirror_of_wired_landing
LIBRARY_MARTS,CORPORATE_REGISTRY,CORPORATE_REGISTRY__INTL_UK_COMPANIES_HOUSE,COMPANY_NUMBER,1,TEXT,YES,COMPANY_NO,STEEL,False,True,organization,5734780,5734779,5734779,"['11884082', '17203476', 'CE033746', '15585015', '07682007']",False,
LIBRARY_MARTS,TIMELINE,JUSTICE__FED_COURTLISTENER_JUDGE_EDUCATIONS,PERSON_ID,11,TEXT,YES,CL_PERSON_ID,STEEL,False,True,person,12777,12746,7398,"['206', '313', '44', '45', '53']",True,mirror_of_wired_landing
LIBRARY_MARTS,FINANCE,FINANCE__FED_EPA_ICIS_FEC_CASE_FACILITIES,ZIP,8,TEXT,YES,ZIP,GEO,False,True,place,204019,201084,23705,"['76712', '10038', '017010000', '04652', '07015']",True,mirror_of_wired_landing
LIBRARY_MARTS,TIMELINE,POLITICS__FED_MEDSL_PRESIDENT_RETURNS,STATE_FIPS,8,TEXT,YES,FIPS,GEO,False,True,place,3740,3740,51,"['2', '37', '5', '1', '4']",False,
LIBRARY_MARTS,REFERENCE,REFERENCE__CENSUS_CB_STATE,GEOID,4,TEXT,YES,FIPS,GEO,False,True,place,56,56,56,"['06', '45', '35', '46', '01']",False,
LIBRARY_MARTS,TIMELINE,POLITICS__MEMBER_CROSSWALK,BIOGUIDE,6,TEXT,YES,BIOGUIDE,STEEL,False,True,person,12794,12781,12781,"['A000013', 'A000260', 'A000001', 'A000116', 'A000233']",False,
LIBRARY_MARTS,TIMELINE,JUSTICE__FED_COURTLISTENER_DOCKETS,DOCKET_NUMBER,26,TEXT,YES,DOCKET,STRONG,False,True,case,71677647,68649620,20369252,"['1:91-mc-00451', '2:01-cv-06923', '08-79985', '2:95-mj-00539', '96-32669']",True,mirror_of_wired_landing
LIBRARY_MARTS,ECONOMICS,ECONOMICS__FED_USASPENDING_ASSISTANCE_FULL,PRIMARY_PLACE_OF_PERFORMANCE_COUNTRY_CODE,70,TEXT,YES,COUNTRY,GEO,False,True,place,19902879,17914804,241,"['RWA', 'TZA', 'PAN', 'USA', '']",True,mirror_of_wired_landing
LIBRARY_MARTS,TIMELINE,ECONOMICS__FED_IRS_BMF,ZIP,12,TEXT,YES,ZIP,GEO,False,True,place,1974830,1974830,37033,"['03103-3856', '43017-9535', '33563-6852', '16602-1631', '99521-1955']",True,mirror_of_wired_landing
LIBRARY_MARTS,TIMELINE,JUSTICE__FED_COURTLISTENER_FJC_IDB_CL_LINKED,MULTIDISTRICT_LITIGATION_DOCKET_NUMBER,24,TEXT,YES,DOCKET,STRONG,False,True,case,10323280,695326,932,"['1507', '1565', '2327', '2272', '2050']",False,
LIBRARY_MARTS,TIMELINE,IMMIGRATION__FED_DOL_OFLC,WORKSITE_POSTAL_CODE_10,246,TEXT,YES,ZIP,GEO,False,True,place,664616,275,172,"['20001', '63121', '', '10007', '94117']",False,
LIBRARY_MARTS,FINANCE,FINANCE__FED_FEC_COMMITTEE_TO_CANDIDATE,CAND_ID,17,TEXT,YES,FEC_CAND_ID,STEEL,False,True,person,866730,864457,2804,"['H4OH09169', 'H8FL17053', 'H6NJ05171', 'H8OH12180', 'S2CA00955']",True,mirror_of_wired_landing
LIBRARY_MARTS,HEALTH,HEALTH__FED_CMS_FEDERALLY_QUALIFIED_HEALTH_CENTER_ENROLLMENTS,MULTIPLE_NPI_FLAG,6,TEXT,YES,NPI,STEEL,False,True,provider,11063,0,0,"['N', 'Y']",True,mirror_of_wired_landing
LIBRARY_MARTS,TIMELINE,ECONOMICS__FED_USASPENDING_ASSISTANCE_FULL,PRIME_AWARD_TRANSACTION_PLACE_OF_PERFORMANCE_COUNTY_FIPS_CODE,78,TEXT,YES,FIPS,GEO,False,True,place,19902879,18347399,3738,"['56037', '', '22051', '48439', '12069']",True,mirror_of_wired_landing
LIBRARY_MARTS,FINANCE,FINANCE__FED_SEC_EDGAR_COMPANY_TICKERS_EXCHANGE,CIK_TICKER,3,TEXT,YES,CIK,STEEL,False,True,organization,10398,2,2,"['879764-TTE', '882095-GILD', '1075531-BKNG', '1610520-UBS', '107263-WMB']",True,mirror_of_wired_landing
LIBRARY_MARTS,TIMELINE,IMMIGRATION__FED_ICE_DETAINERS,DEPARTURE_COUNTRY,60,TEXT,YES,COUNTRY,GEO,False,True,place,609769,188160,195,"['GUATEMALA', 'GUADELOUPE', 'MEXICO', 'HONDURAS', 'ECUADOR']",True,mirror_of_wired_landing
LIBRARY_MARTS,TIMELINE,REFERENCE__FED_DHS_HIFLD,ZIP,10,TEXT,YES,ZIP,GEO,False,True,place,500,0,0,[],False,
LIBRARY_MARTS,HEALTH,HEALTH__FED_CMS_PART_D_PRESCRIBERS,NPI,1,TEXT,YES,NPI,STEEL,False,True,provider,1416883,1416883,1416883,"['1053331355', '1053337394', '1053338590', '1053341701', '1053339960']",True,mirror_of_wired_landing
LIBRARY_MARTS,LABOR,LABOR__FED_PBGC_TRUSTEED_PLANS,EIN,4,TEXT,YES,EIN,STEEL,False,True,organization,5176,5176,4431,"['10271127', '363447749', '362432515', '382224981', '111877244']",True,mirror_of_wired_landing
LIBRARY_MARTS,TIMELINE,ECONOMICS__FED_USASPENDING_CONTRACTS_FULL,RECIPIENT_PARENT_UEI,59,TEXT,YES,UEI,STEEL,False,True,organization,20000000,19987758,405720,"['CA6JJF9MCLE8', 'PLQMNSTMH4C5', 'D6J4GCPNQNA7', 'CBCQG2JL2WD1', 'YGMEDHALSJ74']",True,mirror_of_wired_landing
LIBRARY_MARTS,POLITICS,POLITICS__MEMBER_FEC_ID,BIOGUIDE,2,TEXT,YES,BIOGUIDE,STEEL,False,True,person,1715,1714,1530,"['A000069', 'A000109', 'B001265', 'B001233', 'B001299']",False,
LIBRARY_MARTS,ECONOMICS,ECONOMICS__INTL_GLEIF,ENTITY_OTHERADDRESSES_OTHERADDRESS_3_POSTALCODE,96,TEXT,YES,ZIP,GEO,False,True,place,3382301,0,0,[''],True,mirror_of_wired_landing
LIBRARY_MARTS,FINANCE,FINANCE__FED_SEC_13F_FILERS,FILINGMANAGER_ZIPCODE,15,TEXT,YES,ZIP,GEO,False,True,place,344109,298529,3638,"['SE-106 55', '84321', '89135', '33626', '32608']",False,
LIBRARY_MARTS,TIMELINE,JUSTICE__FED_COURTLISTENER_DOCKETS,DOCKET_NUMBER_SOURCE,58,TEXT,YES,DOCKET,STRONG,False,True,case,71677647,71677647,1,['0'],True,mirror_of_wired_landing
LIBRARY_MARTS,PROCUREMENT,PROCUREMENT__FED_USASPENDING_BULK,COUNTRY_OF_PRODUCT_OR_SERVICE_ORIGIN_CODE,122,TEXT,YES,COUNTRY,GEO,False,True,place,49613,45072,119,"['USA', 'KOR', '', 'AUS', 'DEU']",True,mirror_of_wired_landing
LIBRARY_MARTS,ECONOMICS,ECONOMICS__FED_DOL_FORM5500,EIN,5,TEXT,YES,EIN,STEEL,False,True,organization,33484,0,0,[''],True,mirror_of_wired_landing
LIBRARY_MARTS,FINANCE,FINANCE__FED_PCAOB_FORM_AP_FILINGS,ISSUER_CIK_NONE,16,TEXT,YES,CIK,STEEL,False,True,organization,155384,0,0,"['false', 'true']",True,mirror_of_wired_landing
LIBRARY_MARTS,POLITICS,POLITICS__IRS527_8872_REPORTS,BUSINESS_ZIP_EXT,38,TEXT,YES,ZIP,GEO,False,True,place,55579,0,0,"['2716', '1640', '2923', '3293', '0906']",True,mirror_of_wired_landing
LIBRARY_MARTS,ENVIRONMENT,ENVIRONMENT__FED_EPA_FRS_FRS_PROGRAM_LINKS,COUNTRY_NAME,12,TEXT,YES,COUNTRY,GEO,False,True,place,4406498,2898695,122,"['UNITED STATES OF AMERICA', 'United States of America', 'GEORGIA', 'USA', 'BRITISH VIRGIN ISLANDS']",True,mirror_of_wired_landing
LIBRARY_MARTS,TIMELINE,JUSTICE__INTL_EURLEX_CELLAR,COUNTRY,15,TEXT,YES,COUNTRY,GEO,False,True,place,53,0,0,[''],False,
LIBRARY_MARTS,_RESTORE_20260731,UNCATEGORIZED__FED_DEA_ARCOS_FULL,BUYER_ZIP,19,TEXT,YES,ZIP,GEO,False,True,place,178598026,167154878,15823,"['14301', '15146', '14304', '45885', '7055']",True,mirror_of_wired_landing
LIBRARY_MARTS,HEALTH,HEALTH__FED_CMS_POS_OTHER,FIPS_STATE_CD,31,TEXT,YES,FIPS,GEO,False,True,place,44429,44113,55,"['01', '', '04', '06', '02']",True,mirror_of_wired_landing
LIBRARY_MARTS,IMMIGRATION,IMMIGRATION__FED_DOL_OFLC,WORKSITE_POSTAL_CODE_2,74,TEXT,YES,ZIP,GEO,False,True,place,664616,50204,5563,"['60018', '30338', '', '98006', '3054']",False,
LIBRARY_MARTS,TIMELINE,PROCUREMENT__FED_USASPENDING_BULK,RECIPIENT_UEI,53,TEXT,YES,UEI,STEEL,False,True,organization,49613,49613,10216,"['KHK8QYLFGLU1', 'MSBTMNAYAW55', 'T5RKJN9P5WZ4', 'T3DYDNW4KVC7', 'FQV3LSJFJ637']",True,mirror_of_wired_landing
LIBRARY_MARTS,EDUCATION,EDUCATION__FED_GOOGLE_POLADS_GEO_SPEND,COUNTRY,1,TEXT,YES,COUNTRY,GEO,False,True,place,1289,1289,12,"['IN', 'CL', 'GB', 'MX', 'US']",False,
LIBRARY_MARTS,ECONOMICS,ECONOMICS__FED_DOL_FORM5500,SPONS_DFE_MAIL_FOREIGN_CNTRY,48,NUMBER,YES,COUNTRY,GEO,False,True,place,33484,0,0,[],True,mirror_of_wired_landing
LIBRARY_MARTS,POLITICS,POLITICS__IRS527_8872_REPORTS,MAILING_ZIP_EXT,16,TEXT,YES,ZIP,GEO,False,True,place,55579,0,0,"['4701', '0295', '3841', '0496', '5646']",True,mirror_of_wired_landing
LIBRARY_MARTS,TIMELINE,CORPORATE_REGISTRY__INTL_ES_BORME,COUNTRY,6,TEXT,YES,COUNTRY,GEO,False,True,place,3,3,1,['Spain'],False,
LIBRARY_MARTS,ECONOMICS,ECONOMICS__FED_DOL_FORM5500,ADMIN_FOREIGN_CNTRY,74,NUMBER,YES,COUNTRY,GEO,False,True,place,33484,0,0,[],True,mirror_of_wired_landing
LIBRARY_MARTS,SCIENCE_RESEARCH,SCIENCE_RESEARCH__FED_NIH_REPORTER,ORG_UEI,12,TEXT,YES,UEI,STEEL,False,True,organization,2122611,1890827,11903,"['C1F5LNUF7W86', 'YXJGGNC5J269', 'RFRPFMNR8LA5', 'S352L5PJLMP8', 'TNKGNDAWB445']",True,mirror_of_wired_landing
LIBRARY_MARTS,TIMELINE,ECONOMICS__FED_IRS_EO_PR,EIN,5,TEXT,YES,EIN,STEEL,False,True,organization,2587,2587,2587,"['020533102', '237050819', '273792922', '260032593', '660262723']",True,mirror_of_wired_landing
LIBRARY_MARTS,HEALTH,HEALTH__FED_FDA_GUDID,LABELER_DUNS_NUMBER,6,TEXT,YES,DUNS,STEEL,False,True,organization,5083948,5083948,11918,"['482631558', '157412271', '058311945', '600226468', '796416191']",False,
LIBRARY_MARTS,POLITICS,POLITICS__TX_LOBBY_DOCKETS,DOCKET_ID,15,TEXT,YES,DOCKET,STRONG,False,True,case,1207,1207,1207,"['100004454', '100004449', '100004546', '100004447', '100004586']",False,
LIBRARY_MARTS,TIMELINE,ECONOMICS__FED_USASPENDING_ASSISTANCE_FULL,PRIME_AWARD_TRANSACTION_PLACE_OF_PERFORMANCE_STATE_FIPS_CODE,80,TEXT,YES,FIPS,GEO,False,True,place,19902879,19161530,56,"['49', '31', '69', '78', '13']",True,mirror_of_wired_landing
LIBRARY_MARTS,JUSTICE,JUSTICE__FED_COURTLISTENER_ORAL_ARGUMENTS,DOCKET_ID,22,TEXT,YES,DOCKET,STRONG,False,True,case,102649,102649,102372,"['59936846', '4616659', '6085089', '67709859', '7836144']",False,
LIBRARY_MARTS,HEALTH,HEALTH__FED_IHS_FACILITIES,ZIP,11,TEXT,YES,ZIP,GEO,False,True,place,1006,1005,720,"['99701', '73460', '99650', '74465', '99634']",False,
LIBRARY_MARTS,TIMELINE,HEALTH__FED_CMS_LTCH,CCN,5,TEXT,YES,CCN,STEEL,False,True,facility,311,311,311,"['052032', '102009', '362029', '372012', '392045']",True,mirror_of_wired_landing
LIBRARY_MARTS,TIMELINE,HEALTH__FED_CMS_HOSPITAL_ENROLLMENTS,CAH_OR_HOSPITAL_CCN,43,TEXT,YES,CCN,STEEL,False,True,facility,9175,27,27,"['041304|04Z304', '370139', '041316|04Z316', '320067', '451345|45Z345']",True,mirror_of_wired_landing
LIBRARY_MARTS,TIMELINE,HEALTH__FED_CMS_SKILLED_NURSING_FACILITY_ENROLLMENTS,ZIP_CODE,27,TEXT,YES,ZIP,GEO,False,True,place,14425,14425,8745,"['446633842', '461071408', '275263602', '740745151', '370151353']",True,mirror_of_wired_landing
LIBRARY_MARTS,TIMELINE,HEALTH__FED_HRSA_SHORTAGE_AREAS,COMMON_POSTAL_CODE,30,TEXT,YES,ZIP,GEO,False,True,place,165531,22007,4969,"['', '96910', '96944', '96943', '96913']",False,
LIBRARY_MARTS,TIMELINE,HEALTH__FED_FDA_DEVICE_PMA,ZIP_EXT,26,TEXT,YES,ZIP,GEO,False,True,place,56853,0,0,[''],False,
LIBRARY_MARTS,ECONOMICS,ECONOMICS__FED_SBA_LOANS,BORROWER_ZIP,6,TEXT,YES,ZIP,GEO,False,True,place,2174502,1929411,33963,"['48075', '95688', '90039', '92117', '2382']",False,
LIBRARY_MARTS,TIMELINE,POLITICS__TX_LOBBY_DOCKETS,DOCKET_ID,19,TEXT,YES,DOCKET,STRONG,False,True,case,1207,1207,1207,"['100004453', '100004446', '100004601', '100004605', '100004662']",False,
LIBRARY_MARTS,HEALTH,HEALTH__FED_CMS_HOSPITAL_ENROLLMENTS,MULTIPLE_NPI_FLAG,6,TEXT,YES,NPI,STEEL,False,True,provider,9175,0,0,"['Y', 'N']",True,mirror_of_wired_landing
LIBRARY_MARTS,HEALTH,HEALTH__FED_CMS_FISCAL_INTERMEDIARY_SHARED_SYSTEM_ATTENDING_AND_RENDERING,NPI,1,TEXT,YES,NPI,STEEL,False,True,provider,2047828,2047828,2047826,"['1285223032', '1942861596', '1053802561', '1346700671', '1184044380']",True,mirror_of_wired_landing
LIBRARY_MARTS,TIMELINE,IMMIGRATION__FED_ICE_DETAINERS,CITIZENSHIP_COUNTRY,16,TEXT,YES,COUNTRY,GEO,False,True,place,609769,609769,209,"['COLOMBIA', 'ROMANIA', 'PARAGUAY', 'NICARAGUA', 'SPAIN']",True,mirror_of_wired_landing
LIBRARY_MARTS,ECONOMICS,ECONOMICS__FED_USASPENDING_CONTRACTS_FULL,COUNTRY_OF_PRODUCT_OR_SERVICE_ORIGIN,123,TEXT,YES,COUNTRY,GEO,False,True,place,20000000,13573535,251,"['CANADA', '', 'IRAQ', 'UNITED STATES', 'BAHRAIN']",True,mirror_of_wired_landing
LIBRARY_MARTS,TIMELINE,FINANCE__FED_FEC_BULK_COMMITTEES,FEC_CMTE_ID,5,TEXT,YES,FEC_CMTE_ID,STEEL,False,True,organization,20007,20007,20007,"['C00000885', 'C00002766', 'C00013961', 'C00034066', 'C00034355']",True,mirror_of_wired_landing
LIBRARY_MARTS,JUSTICE,JUSTICE__FED_COURTLISTENER_DOCKETS,ASSIGNED_TO_ID,42,TEXT,YES,CL_PERSON_ID,STEEL,False,True,person,71677647,32425784,3350,"['8750', '3074', '8756', '8843', '10227']",True,mirror_of_wired_landing
LIBRARY_MARTS,ENVIRONMENT,ENVIRONMENT__FED_EPA_NPDES_ICIS_FACILITIES,NPDES_ID,2,TEXT,YES,NPDES_ID,STEEL,False,True,facility,1213737,1213737,1213737,"['TXR1563NO', 'LAU005685', 'LAU003946', 'GAIS14219', 'LAU004289']",True,mirror_of_wired_landing
LIBRARY_MARTS,SCIENCE,SCIENCE__FED_NSF_AWARDS,COUNTRY,19,TEXT,YES,COUNTRY,GEO,False,True,place,115,115,1,['US'],False,
LIBRARY_MARTS,TIMELINE,HOUSING__FED_HUD_FHA_SF_PORTFOLIO_SNAPSHOT,PROPERTY_ZIP,12,TEXT,YES,ZIP,GEO,False,True,place,61647,61647,12914,"['37127', '29730', '35463', '22932', '39648']",False,
LIBRARY_MARTS,ECONOMICS,ECONOMICS__FED_USASPENDING_CONTRACTS_FULL,PRIMARY_PLACE_OF_PERFORMANCE_COUNTRY_NAME,75,TEXT,YES,COUNTRY,GEO,False,True,place,20000000,19083244,262,"['UNITED STATES OF AMERICA', 'AFGHANISTAN', 'UNITED STATES', 'JAPAN', 'SERBIA']",True,mirror_of_wired_landing
LIBRARY_MARTS,ECONOMICS,ECONOMICS__FED_DOL_FORM5500,SPONS_DFE_LOC_US_ZIP,54,TEXT,YES,ZIP,GEO,False,True,place,33484,2827,1891,"['241213227', '80015', '070801303', '', '800305210']",True,mirror_of_wired_landing
LIBRARY_MARTS,IMMIGRATION,IMMIGRATION__FED_CMS_HOSPICE_ENROLLMENTS,ZIP_CODE,20,TEXT,YES,ZIP,GEO,False,True,place,6066,6066,3144,"['636451143', '956199512', '721167086', '366062400', '917113583']",True,mirror_of_wired_landing
LIBRARY_MARTS,TIMELINE,ENVIRONMENT__FED_USGS_MINERALS,FIPS,6,TEXT,YES,FIPS,GEO,False,True,place,304632,0,0,[''],False,
LIBRARY_MARTS,TIMELINE,PROCUREMENT__FED_USASPENDING_BULK,COUNTRY_OF_PRODUCT_OR_SERVICE_ORIGIN,127,TEXT,YES,COUNTRY,GEO,False,True,place,49613,45072,119,"['SWEDEN', 'GERMANY', 'HONDURAS', '', 'BELIZE']",True,mirror_of_wired_landing
LIBRARY_MARTS,TIMELINE,ENVIRONMENT__FED_EPA_SDWA_SDWA_LCR_SAMPLES,PWSID,6,TEXT,YES,PWSID,STEEL,False,True,facility,927415,927415,89800,"['010109005', '010502002', '010502003', '010106001', '010307001']",True,mirror_of_wired_landing
LIBRARY_MARTS,JUSTICE,JUSTICE__RACIAL_JAIL_DISPARITY,STATE_FIPS,6,TEXT,YES,FIPS,GEO,False,True,place,128507,128507,45,"['05', '01', '04', '06', '08']",False,
LIBRARY_MARTS,FINANCE,FINANCE__FED_SEC_DERA_SUB_2024Q4,EIN,20,TEXT,YES,EIN,STEEL,False,True,organization,6491,5126,4663,"['000000000', '264753208', '300943453', '232259884', '830500896']",True,mirror_of_wired_landing
LIBRARY_MARTS,HEALTH,HEALTH__FED_CMS_MEDICARE_DURABLE_MEDICAL_EQUIPMENT_DEVICES_SUPPLIES_BY_SUPPL,SUPLR_NPI,1,TEXT,YES,NPI,STEEL,False,True,provider,440670,440670,55598,"['1780625103', '1003002254', '1003000399', '1780624148', '1003004904']",True,mirror_of_wired_landing
LIBRARY_MARTS,ECONOMICS,ECONOMICS__INTL_GLEIF,ENTITY_OTHERADDRESSES_OTHERADDRESS_1_COUNTRY,69,TEXT,YES,COUNTRY,GEO,False,True,place,3382301,45782,101,"['VG', 'CN', 'HK', 'KY', '']",True,mirror_of_wired_landing
LIBRARY_MARTS,SCIENCE_RESEARCH,SCIENCE_RESEARCH__FED_NIH_REPORTER,ORG_FIPS,15,TEXT,YES,FIPS,GEO,False,True,place,2122611,0,0,[],True,mirror_of_wired_landing
LIBRARY_MARTS,TIMELINE,ECONOMICS__FED_IRS_BMF,EIN,5,TEXT,YES,EIN,STEEL,False,True,organization,1974830,1974830,1974830,"['844254258', '921538819', '521306077', '991452080', '941429977']",True,mirror_of_wired_landing
LIBRARY_MARTS,TIMELINE,ECONOMICS__FED_DOL_FORM5500,SPONS_DFE_MAIL_US_ZIP,47,TEXT,YES,ZIP,GEO,False,True,place,33484,33344,10054,"['44308', '67235', '16827', '84115', '60173']",True,mirror_of_wired_landing
LIBRARY_MARTS,POLITICS,POLITICS__FEC_CAND_CMTE_LINK,CMTE_ID,2,TEXT,YES,FEC_CMTE_ID,STEEL,False,True,organization,16229,16229,11427,"['C00728998', 'C00863217', 'C00737130', 'C00480905', 'C00749440']",False,
LIBRARY_MARTS,TIMELINE,FINANCE__FED_PCAOB_FORM_AP_FILINGS,ISSUER_CIK,18,TEXT,YES,CIK,STEEL,False,True,organization,155384,154460,28773,"['0001418121', '878087', '1227862', '36405', '1601830']",True,mirror_of_wired_landing
LIBRARY_MARTS,HEALTH,HEALTH__FED_CMS_SKILLED_NURSING_FACILITY_ENROLLMENTS,NPI,5,TEXT,YES,NPI,STEEL,False,True,provider,14425,14425,14421,"['1912906694', '1427019413', '1790766376', '1366438657', '1831199751']",True,mirror_of_wired_landing
LIBRARY_MARTS,TIMELINE,ECONOMICS__FED_USASPENDING_ASSISTANCE_FULL,RECIPIENT_UEI,47,TEXT,YES,UEI,STEEL,False,True,organization,19902879,7788545,223721,"['GXFMGZLP95D9', '', 'GSKXYGKGX6A4', 'SEYQXMXJLUP5', 'NWFYPKQ39CM1']",True,mirror_of_wired_landing
LIBRARY_MARTS,HOUSING,HOUSING__FED_FEMA_IA_HOUSING_REGISTRATIONS,RENTAL_RESOURCE_ZIP_CODE,76,TEXT,YES,ZIP,GEO,False,True,place,3080000,10859,3777,"['46410', '77036', '98503', '92109', '91963']",False,
LIBRARY_MARTS,ECONOMICS,ECONOMICS__INTL_GLEIF,ENTITY_TRANSLITERATEDOTHERADDRESSES_TRANSLITERATEDOTHERADDRESS_2_COUNTRY,147,TEXT,YES,COUNTRY,GEO,False,True,place,3382301,76323,46,"['IS', 'DK', 'SE', '', 'NO']",True,mirror_of_wired_landing
LIBRARY_MARTS,HOUSING,HOUSING__FED_FEMA_IA_HOUSING_REGISTRATIONS,DAMAGED_ZIP_CODE,10,TEXT,YES,ZIP,GEO,False,True,place,3080000,3079992,24566,"['08844', '07062', '07522', '08751', '07731']",False,
LIBRARY_MARTS,TIMELINE,ECONOMICS__FED_USASPENDING_ASSISTANCE_FULL,PRIMARY_PLACE_OF_PERFORMANCE_ZIP_4,82,TEXT,YES,ZIP,GEO,False,True,place,19902879,12753109,38523,"['952209498', '175511816', '923980847', '435604805', '132022960']",True,mirror_of_wired_landing
LIBRARY_MARTS,TIMELINE,IMMIGRATION__XC_OWID_REFUGEES,REFUGEES_BY_COUNTRY_OF_ORIGIN,8,NUMBER,YES,COUNTRY,GEO,False,True,place,7442,0,0,"['4712735', '4514', '500000', '4488214', '2501447']",False,
LIBRARY_MARTS,TIMELINE,ECONOMICS__FED_FAC_SINGLE_AUDIT,AUDITEE_ZIP,12,TEXT,YES,ZIP,GEO,False,True,place,411638,411638,20450,"['42241', '53202', '45404', '06268', '39209']",True,mirror_of_wired_landing
LIBRARY_MARTS,TIMELINE,HEALTH__FED_HRSA_UDS_SERVICE_DELIVERY_SITES,STATE_COUNTY_FIPS_CODE,44,TEXT,YES,FIPS,GEO,False,True,place,19038,18905,2300,"['25025', '05065', '36061', '47029', '36087']",True,mirror_of_wired_landing
LIBRARY_MARTS,ENVIRONMENT,ENVIRONMENT__FED_EPA_EGRID_PLANT_2022,PLANT_FIPS_COUNTY_CODE,18,TEXT,YES,FIPS,GEO,False,True,place,11974,11939,255,"['185', 'FIPSCNTY', '077', '122', '261']",False,
LIBRARY_MARTS,CORE,DIM_TRACT,STATE_FIPS,3,TEXT,YES,FIPS,GEO,False,True,place,85391,85391,52,"['51', '49', '48', '53', '50']",False,
LIBRARY_MARTS,HEALTH,HEALTH__FED_CMS_MEDICARE_INPATIENT_HOSPITALS_BY_PROVIDER_AND_SERVICE,RNDRNG_PRVDR_CCN,1,TEXT,YES,CCN,STEEL,False,True,facility,145879,145879,2906,"['010005', '010008', '010007', '010001', '010006']",True,mirror_of_wired_landing
LIBRARY_MARTS,FINANCE,FINANCE__FED_FDIC_SOD_BRANCH_DEPOSITS,OTS_DOCKET,9,TEXT,YES,DOCKET,STRONG,False,True,case,2823000,2811345,10798,"['5918', '10327', '10185', '12344', '13030']",False,
LIBRARY_MARTS,TIMELINE,ENERGY__INTL_EMBER_ELEC,COUNTRY,5,TEXT,YES,COUNTRY,GEO,False,True,place,369264,369264,226,"['Macao', 'Lithuania', 'Libya', 'Luxembourg', 'Lesotho']",False,
LIBRARY_MARTS,HEALTH,HEALTH__FED_NURSINGHOME411,CMS_CERTIFICATION_NUMBER_CCN,1,TEXT,YES,CCN,STEEL,False,True,facility,14713,14456,14456,"['015009', '015220', '015414', '025025', '025028']",True,mirror_of_wired_landing
LIBRARY_MARTS,HEALTH,HEALTH__FED_CMS_OPEN_PAYMENTS_PROFILE_SUPPLEMENT,NPI,4,TEXT,YES,NPI,STEEL,False,True,provider,1697025,1681790,1681790,"['1518651058', '1558012500', '1699047480', '1285301143', '1326824731']",True,mirror_of_wired_landing
LIBRARY_MARTS,TIMELINE,LABOR__FED_DOL_EBSA_FORM5500_SCHEDULE_SB,SB_EIN,9,TEXT,YES,EIN,STEEL,False,True,organization,41802,41802,39581,"['042590508', '261175064', '274018194', '050414528', '990178392']",True,mirror_of_wired_landing
LIBRARY_MARTS,HEALTH,HEALTH__FED_CMS_MEDICARE_DURABLE_MEDICAL_EQUIPMENT_DEVICES_SUPPLIES_BY_REFER,RFRG_NPI,1,TEXT,YES,NPI,STEEL,False,True,provider,381228,381228,381228,"['1003044017', '1003012113', '1003020785', '1003043324', '1003040882']",True,mirror_of_wired_landing
LIBRARY_MARTS,HEALTH,HEALTH__FED_CMS_MEDICARE_INPATIENT_HOSPITALS_BY_PROVIDER,RNDRNG_PRVDR_ZIP5,5,TEXT,YES,ZIP,GEO,False,True,place,3044,3044,2790,"['36049', '35211', '95476', '71901', '35630']",True,mirror_of_wired_landing
LIBRARY_MARTS,CORPORATE_REGISTRY,CORPORATE_REGISTRY__FED_ICIJ_OFFSHORELEAKS_INTERMEDIARIES,COUNTRY_CODES,7,TEXT,YES,COUNTRY,GEO,False,True,place,26768,23152,285,"['MCO', 'LBN', 'ZAF', 'BEL', 'SAU']",False,
LIBRARY_MARTS,JUSTICE,JUSTICE__FED_FJC_IDB_BANKRUPTCY,DOCKET,10,TEXT,YES,DOCKET,STRONG,False,True,case,6965441,6965441,674677,"['2027680', '2146196', '1941179', '1824453', '2140223']",False,
LIBRARY_MARTS,FINANCE,FINANCE__FED_FDIC_SOD_BRANCH_DEPOSITS,INSTITUTION_STATE_COUNTY_FIPS,49,TEXT,YES,FIPS,GEO,False,True,place,2823000,2823000,2870,"['12095', '12017', '29195', '1025', '1073']",False,
LIBRARY_MARTS,FINANCE,FINANCE__FED_NCUA_CHARTER_MERGER_EVENTS,CONTINUING_CREDIT_UNION_CHARTER,2,TEXT,YES,NCUA_CHARTER,STEEL,False,True,organization,27,27,26,"['24034', '68545', '68409', '24693', '24560']",True,mirror_of_wired_landing
LIBRARY_MARTS,ENVIRONMENT,ENVIRONMENT__FED_EPA_TRI_FACILITY,MAIL_COUNTRY,16,TEXT,YES,COUNTRY,GEO,False,True,place,64990,742,2,"['UNITED STATES', 'CANADA']",True,mirror_of_wired_landing
LIBRARY_MARTS,TIMELINE,ECONOMICS__FED_IRS_990,EIN,5,TEXT,YES,EIN,STEEL,False,True,organization,200,200,200,"['942279513', '270035391', '263296941', '320218619', '431420255']",True,mirror_of_wired_landing
LIBRARY_MARTS,ECONOMICS,ECONOMICS__FED_SBA_PPP,BORROWER_ZIP,7,TEXT,YES,ZIP,GEO,False,True,place,968524,968469,25926,"['94551-9300', '14456-9106', '43068-7312', '55344-3705', '75654-5604']",False,
LIBRARY_MARTS,SCIENCE,SCIENCE__FED_NSF_AWARDS,ZIP,16,TEXT,YES,ZIP,GEO,False,True,place,115,115,92,"['85721', '28403', '276950001', '06511', '602080001']",False,
LIBRARY_MARTS,FINANCE,FINANCE__FED_IRS_SOI,STATE_FIPS,1,TEXT,YES,FIPS,GEO,False,True,place,179796,179796,51,"['1', '4', '2', '6', '5']",False,
LIBRARY_MARTS,TIMELINE,IMMIGRATION__FED_DOL_OFLC,AGENT_ATTORNEY_POSTAL_CODE,42,TEXT,YES,ZIP,GEO,False,True,place,664616,367875,1847,"['43017', '75082-4354', '27609', '10004-2756', '1801']",False,
LIBRARY_MARTS,IMMIGRATION,IMMIGRATION__FED_CMS_MEDICARE_FEE_FOR_SERVICE_PUBLIC_PROVIDER_ENROLLMENT,NPI,1,TEXT,YES,NPI,STEEL,False,True,provider,2978925,2978925,2541258,"['1548507791', '1497033245', '1063767382', '1861895187', '1730572140']",True,mirror_of_wired_landing
LIBRARY_MARTS,JUSTICE,JUSTICE__FED_FJC_IDB_APPELLATE,DISTRICT_DOCKET_DATE,23,DATE,YES,DOCKET,STRONG,False,True,case,988183,761442,11504,"['2011-03-17', '2012-05-10', '2013-08-27', '2013-09-18', '2011-04-01']",False,
LIBRARY_MARTS,POLITICS,POLITICS__SENATE_TRADES,BIOGUIDE,11,TEXT,YES,BIOGUIDE,STEEL,False,True,person,8350,8350,57,"['T000476', 'C000174', 'M001111', 'W000802', 'W000779']",False,
LIBRARY_MARTS,TIMELINE,FINANCE__FED_SEC_DERA_SUB_2025Q2,EIN,24,TEXT,YES,EIN,STEEL,False,True,organization,7009,5179,4508,"['160977505', '042882273', '611797411', '133275609', '863244927']",True,mirror_of_wired_landing
LIBRARY_MARTS,TIMELINE,ECONOMICS__FED_DOL_FORM5500,ADMIN_EIN,80,TEXT,YES,EIN,STEEL,False,True,organization,33484,1162,694,"['640606241', '', '930977860', '201774669', '823719843']",True,mirror_of_wired_landing
LIBRARY_MARTS,TIMELINE,POLITICS__INTL_ELECTIONS_CANADA_CONTRIBUTIONS,CONTRIBUTOR_POSTAL_CODE,26,TEXT,YES,ZIP,GEO,False,True,place,12646465,1408,317,"['L4T1Z6', 'L1N6K5', 'K0H 1M0', 'N2L2J5', 'S0C1C0']",False,
LIBRARY_MARTS,JUSTICE,JUSTICE__INTL_EU_SANCTIONS,CITI_COUNTRY,58,TEXT,YES,COUNTRY,GEO,False,True,place,42347,2702,84,"['AFG', 'EGY', 'SAU', 'LBN', 'MRT']",False,
LIBRARY_MARTS,ENVIRONMENT,ENVIRONMENT__FED_EPA_ENVIROFACTS,FRS_ID,7,TEXT,YES,FRS_ID,STEEL,False,True,facility,5000,0,0,[],False,
LIBRARY_MARTS,TIMELINE,ECONOMICS__FED_DOL_FORM5500,SPONSOR_DFE_EIN,13,TEXT,YES,EIN,STEEL,False,True,organization,33484,0,0,[''],True,mirror_of_wired_landing
LIBRARY_MARTS,TIMELINE,PROCUREMENT__FED_USASPENDING_BULK,RECIPIENT_ZIP_4_CODE,73,TEXT,YES,ZIP,GEO,False,True,place,49613,49317,4953,"['277038420', '221502321', '204050001', '334627042', '442403590']",True,mirror_of_wired_landing
LIBRARY_MARTS,TIMELINE,ENVIRONMENT__FED_EPA_SUPERFUND_SITE_BOUNDARIES,ZIP_CODE,24,TEXT,YES,ZIP,GEO,False,True,place,2114,2112,1572,"['05401', '03458', '13491', '01721', '13760']",False,
LIBRARY_MARTS,LABOR,LABOR__FED_OSHA_ITA_300A_SUMMARY_2023,ZIP_CODE,9,TEXT,YES,ZIP,GEO,False,True,place,394234,379816,25150,"['77066', '40218', '11229', '04562', '49341']",True,mirror_of_wired_landing
LIBRARY_MARTS,TIMELINE,HEALTH__FED_NURSINGHOME411,CMS_CERTIFICATION_NUMBER_CCN,5,TEXT,YES,CCN,STEEL,False,True,facility,14713,14456,14456,"['025025', '015014', '015398', '015167', '025028']",True,mirror_of_wired_landing
LIBRARY_MARTS,HEALTH,HEALTH__FED_FDA_DRUG_ENFORCEMENT,POSTAL_CODE,11,TEXT,YES,ZIP,GEO,False,True,place,17816,16747,1021,"['N/A', '00778-2037', '60015-4625', '90670-4817', '10988']",False,
LIBRARY_MARTS,SCIENCE,SCIENCE__FED_NSF_AWARDS,EIN,15,TEXT,YES,EIN,STEEL,False,True,organization,115,0,0,[''],False,
LIBRARY_MARTS,TIMELINE,POLITICS__MEMBER_MONEY_RAISED,BIOGUIDE,5,TEXT,YES,BIOGUIDE,STEEL,False,True,person,1050,1050,533,"['F000472', 'S001176', 'M001136', 'C001061', 'Y000064']",False,
LIBRARY_MARTS,FINANCE,FINANCE__FED_FEC_COMMITTEES,CAND_ID,15,TEXT,YES,FEC_CAND_ID,STEEL,False,True,person,60031,23902,14591,"['', 'H2ME01131', 'H6IN08244', 'H2MI01142', 'H6CA18123']",True,mirror_of_wired_landing
LIBRARY_MARTS,POLITICS,POLITICS__INTL_ELECTIONS_CANADA_CONTRIBUTIONS,CONTRIBUTOR_POSTAL_CODE,22,TEXT,YES,ZIP,GEO,False,True,place,12646465,1408,317,"['L5H2X6', 'K1K0H7', 'B0H1N0', 'C1B2K2', 'K0A3M0']",False,
LIBRARY_MARTS,FINANCE,FINANCE__FED_SEC_CLOSED_END_FUND_INFORMATION,CIK,2,TEXT,YES,CIK,STEEL,False,True,organization,973,973,973,"['0000005094', '0000275694', '0000812801', '0000830271', '0000876717']",True,mirror_of_wired_landing
LIBRARY_MARTS,JUSTICE,JUSTICE__STATE_MO_SEX_OFFENDER_REGISTRY,ZIP,5,TEXT,YES,ZIP,GEO,False,True,place,28185,23731,1034,"['63830', '64129', '65040', '64113', '64068']",False,
LIBRARY_MARTS,HOUSING,HOUSING__FED_HUD_FHA_SF_PORTFOLIO_SNAPSHOT,PROPERTY_ZIP,8,TEXT,YES,ZIP,GEO,False,True,place,61647,61647,12914,"['31407', '48195', '60436', '20151', '37127']",False,
LIBRARY_MARTS,TIMELINE,HEALTH__FED_HRSA_HPSA_PRIMARY_CARE,STATE_FIPS_CODE,58,TEXT,YES,FIPS,GEO,False,True,place,79158,79158,60,"['22', '02', '19', '08', '04']",False,
LIBRARY_MARTS,ECONOMICS,ECONOMICS__FED_SEC_EDGAR,CIK,1,TEXT,YES,CIK,STEEL,False,True,organization,200,200,20,"['0001045810', '0001652044', '0000019617', '0000059478', '0000320193']",False,
LIBRARY_MARTS,ECONOMICS,ECONOMICS__FED_DOL_FORM5500,SPONSOR_DFE_EIN,9,TEXT,YES,EIN,STEEL,False,True,organization,33484,0,0,[''],True,mirror_of_wired_landing
LIBRARY_MARTS,TIMELINE,ECONOMICS__FED_DOL_FORM5500,SPONS_DFE_LOC_FOREIGN_CNTRY,63,NUMBER,YES,COUNTRY,GEO,False,True,place,33484,0,0,[],True,mirror_of_wired_landing
LIBRARY_MARTS,TIMELINE,JUSTICE__XC_MAPPING_POLICE_VIOLENCE,ZIPCODE,14,TEXT,YES,ZIP,GEO,False,True,place,15476,15327,7879,"['34473', '12590', '95621', '22204', '89122']",False,
LIBRARY_MARTS,CORPORATE_REGISTRY,CORPORATE_REGISTRY__INTL_IE_CRO,COUNTRY,3,TEXT,YES,COUNTRY,GEO,False,True,place,821693,821693,1,['IE'],False,
LIBRARY_MARTS,TIMELINE,HEALTH__FED_HRSA_UDS_SERVICE_DELIVERY_SITES,HEALTH_CENTER_ZIP_CODE,38,TEXT,YES,ZIP,GEO,False,True,place,19038,19029,1392,"['02127-2249', '49444-2157', '10014-4810', '02171-2122', '85013-3422']",True,mirror_of_wired_landing
LIBRARY_MARTS,FINANCE,FINANCE__INTL_WB_IDS,COUNTRY_CODE,2,TEXT,YES,COUNTRY,GEO,False,True,place,62983,62978,134,"['AGO       ', 'BGD       ', 'BLR       ', 'AZE       ', 'ARM       ']",False,
LIBRARY_MARTS,_RESTORE_20260701,CIVIL_RIGHTS__FED_NARA_WRA_AAD,FIPS,7,TEXT,YES,FIPS,GEO,False,True,place,1,0,0,[''],False,
LIBRARY_MARTS,TIMELINE,HEALTH__FED_CMS_HOSPITAL_ENROLLMENTS,MULTIPLE_NPI_FLAG,10,TEXT,YES,NPI,STEEL,False,True,provider,9175,0,0,"['Y', 'N']",True,mirror_of_wired_landing
LIBRARY_MARTS,TIMELINE,FINANCE__FED_FEC_CANDIDATES,CAND_ID,5,TEXT,YES,FEC_CAND_ID,STEEL,False,True,person,27095,27095,19142,"['H4TX05051', 'P40004327', 'P00005603', 'H0TX11305', 'P00005819']",True,mirror_of_wired_landing
LIBRARY_MARTS,POLITICS,POLITICS__FED_FCC_LICENSING,ZIP_CODE,17,TEXT,YES,ZIP,GEO,False,True,place,1689338,1667737,37500,"['46038', '775238211', '78628', '74127', '98311']",False,
LIBRARY_MARTS,HEALTH,HEALTH__FED_CMS_PARTD_PRESCRIBERS,NPI,1,TEXT,YES,NPI,STEEL,False,True,provider,25869521,25869521,1057566,"['1346751195', '1124027487', '1477505279', '1770507931', '1528069614']",False,
LIBRARY_MARTS,ECONOMICS,ECONOMICS__FED_IRS_AUTO_REVOCATIONS,EIN,1,TEXT,YES,EIN,STEEL,False,True,organization,1207295,1207294,1187975,"['000003154', '010230060', '010219904', '010286563', '000065837']",True,mirror_of_wired_landing
LIBRARY_MARTS,POLITICS,POLITICS__IRS527_DIRECTORS_OFFICERS,ENTITY_ZIP_EXT,12,TEXT,YES,ZIP,GEO,False,True,place,189593,0,0,"['0601', '0806', '1991', '5442', '5457']",True,mirror_of_wired_landing
LIBRARY_MARTS,ECONOMICS,ECONOMICS__INTL_GLEIF,ENTITY_OTHERADDRESSES_OTHERADDRESS_1_POSTALCODE,70,TEXT,YES,ZIP,GEO,False,True,place,3382301,9145,2654,"['108-0075', '51-629', '', '100-0004', '163-0606']",True,mirror_of_wired_landing
LIBRARY_MARTS,ENVIRONMENT,ENVIRONMENT__FED_NOAA_STORM_EVENTS,CZ_FIPS,15,TEXT,YES,FIPS,GEO,False,True,place,1780730,1780730,681,"['165', '119', '27', '22', '12']",False,
LIBRARY_MARTS,TIMELINE,ECONOMICS__FED_IRS_SOI_CHARITIES,EIN,5,TEXT,YES,EIN,STEEL,False,True,organization,2450,2450,2450,"['010728628', '061700976', '263644955', '272951226', '237215274']",True,mirror_of_wired_landing
LIBRARY_MARTS,FINDINGS,EXCLUDED_PROVIDER_PAID_AFTER_EXCLUSION_IN_SHORTAGE,ZIP5,12,TEXT,YES,ZIP,GEO,False,True,place,287,287,255,"['32447', '38237', '33487', '91722', '78852']",False,
LIBRARY_MARTS,TIMELINE,CORPORATE_REGISTRY__FED_ICIJ_OFFSHORELEAKS_OTHERS,COUNTRY_CODES,14,TEXT,YES,COUNTRY,GEO,False,True,place,2989,386,63,"['IMN', 'GGY', 'CYM', 'BHR', 'BMU;IMN']",False,
LIBRARY_MARTS,HEALTH,HEALTH__FED_HRSA_UDS_SERVICE_DELIVERY_SITES,STATE_FIPS_CONGRESSIONAL_DISTRICT_CODE,48,TEXT,YES,FIPS,GEO,False,True,place,19038,19038,443,"['2802', '1222', '4808', '5108', '5000']",True,mirror_of_wired_landing
LIBRARY_MARTS,TIMELINE,JUSTICE__FED_COURTLISTENER_ORIGINATING_COURT_INFO,ASSIGNED_TO_ID,18,TEXT,YES,CL_PERSON_ID,STEEL,False,True,person,973419,32857,1520,"['2955', '3453', '15954', '9305', '16072']",True,mirror_of_wired_landing
LIBRARY_MARTS,ENVIRONMENT,ENVIRONMENT__XC_EPA_CORPORATE_CROSSWALK,PARENT_UEI,10,TEXT,YES,UEI,STEEL,False,True,organization,5300149,37934,31685,"['', 'SV64TX75HDC8', 'LL22RF9LULM7', 'FF4VY3S1T8A3', 'GN8TJEZABDU3']",False,
LIBRARY_MARTS,_RESTORE_20260731,UNCATEGORIZED__INT_UK_COMPANIES_HOUSE,COMPANY_NUMBER,2,TEXT,YES,COMPANY_NO,STEEL,False,True,organization,5734780,5734779,5734779,"['06766402', '17002954', '11119739', '17176704', '14814700']",True,mirror_of_wired_landing
LIBRARY_MARTS,ECONOMICS,ECONOMICS__FED_USASPENDING_ASSISTANCE_FULL,PRIMARY_PLACE_OF_PERFORMANCE_COUNTRY_NAME,71,TEXT,YES,COUNTRY,GEO,False,True,place,19902879,17914579,239,"['COMOROS', 'PANAMA', 'RWANDA', 'MOROCCO', 'UNITED STATES']",True,mirror_of_wired_landing
LIBRARY_MARTS,TIMELINE,IMMIGRATION__FED_ICE_DETENTION_STINTS,DEPARTURE_COUNTRY,57,TEXT,YES,COUNTRY,GEO,False,True,place,2571975,1831797,216,"['NICARAGUA', 'EL SALVADOR', 'MEXICO', 'GUATEMALA', 'CHINA, PEOPLES REPUBLIC OF']",True,mirror_of_wired_landing
LIBRARY_MARTS,TIMELINE,JUSTICE__FED_COURTLISTENER_ORIGINATING_COURT_INFO,DOCKET_NUMBER_RAW,20,TEXT,YES,DOCKET,STRONG,False,True,case,973419,902366,736247,"['1407507', '(906, September Term, 2005)', '1294525', '3:16-cv-00247', '2016-26100']",True,mirror_of_wired_landing
LIBRARY_MARTS,TIMELINE,JUSTICE__FED_COURTLISTENER_DOCKETS,PARENT_DOCKET_ID,56,TEXT,YES,DOCKET,STRONG,False,True,case,71677647,0,0,[],True,mirror_of_wired_landing
LIBRARY_MARTS,TIMELINE,FINANCE__FED_SEC_EDGAR_INSIDERS,CIK,14,TEXT,YES,CIK,STEEL,False,True,organization,69259,69259,5306,"['0001825079', '0001477720', '0001874315', '0001985337', '0001853070']",True,mirror_of_wired_landing
LIBRARY_MARTS,JUSTICE,JUSTICE__FED_COURTLISTENER_ORIGINATING_COURT_INFO,ASSIGNED_TO_ID,14,TEXT,YES,CL_PERSON_ID,STEEL,False,True,person,973419,32857,1520,"['15640', '16121', '15664', '8305', '8316']",True,mirror_of_wired_landing
LIBRARY_MARTS,ECONOMICS,ECONOMICS__FED_DOL_FORM5500,PREPARER_FOREIGN_CNTRY,133,NUMBER,YES,COUNTRY,GEO,False,True,place,33484,0,0,[],True,mirror_of_wired_landing
LIBRARY_MARTS,TIMELINE,FINANCE__FED_NCUA_CALL_REPORTS_FOICU,ZIP_CODE,15,TEXT,YES,ZIP,GEO,False,True,place,4336,4336,3375,"['26757-1638', '23868', '89511', '31598', '99220']",True,mirror_of_wired_landing
LIBRARY_MARTS,JUSTICE,JUSTICE__FED_ATF_FFL,PREMISE_ZIP_CODE,13,TEXT,YES,ZIP,GEO,False,True,place,77514,74181,17774,"['1301', '659', '926', '729', '12220000']",False,
LIBRARY_MARTS,LABOR,LABOR__FED_OSHA_ITA_CASE_DETAIL_2025,ZIP_CODE,9,TEXT,YES,ZIP,GEO,False,True,place,330447,304862,10602,"['61443', '43211', '92253', '54935', '4210']",True,mirror_of_wired_landing
LIBRARY_MARTS,TIMELINE,HEALTH__FED_HHS_OIG_LEIE,NPI_IS_REAL,21,BOOLEAN,YES,NPI,STEEL,False,True,provider,83369,0,0,"['false', 'true']",True,mirror_of_wired_landing
LIBRARY_MARTS,TIMELINE,EDUCATION__FED_SENATE_LDA_FILINGS,CLIENT_COUNTRY,24,TEXT,YES,COUNTRY,GEO,False,True,place,174871,172919,89,"['FR', 'NL', 'CA', 'US', 'DE']",False,
LIBRARY_MARTS,LABOR,LABOR__FED_OSHA_ITA_CASE_DETAIL_2024,ZIP_CODE,9,TEXT,YES,ZIP,GEO,False,True,place,688649,630939,12823,"['64093', '16803', '60450', '98501', '29550']",True,mirror_of_wired_landing
LIBRARY_MARTS,TIMELINE,HEALTH__FED_CMS_HOME_HEALTH,CCN,6,TEXT,YES,CCN,STEEL,False,True,facility,12392,12392,12392,"['017152', '047133', '037213', '027002', '027010']",True,mirror_of_wired_landing
LIBRARY_MARTS,TIMELINE,IMMIGRATION__FED_ICE_DETAINERS,DETENTION_FACILITY_CODE,9,TEXT,YES,ICE_FACILITY,STEEL,False,True,facility,609769,609744,5305,"['USMPHO', 'ORANGFL', 'SBARBCA', 'DVCSDKY', 'PRINCMD']",True,mirror_of_wired_landing
LIBRARY_MARTS,PROCUREMENT,PROCUREMENT__FED_USASPENDING_BULK,RECIPIENT_ZIP_4_CODE,69,TEXT,YES,ZIP,GEO,False,True,place,49613,49317,4953,"['995032747', '914064844', '984241001', '050017177', '223023609']",True,mirror_of_wired_landing
LIBRARY_MARTS,TIMELINE,HEALTH__FED_CDC_DRUG_POISONING_COUNTY,FIPS_STATE,9,TEXT,YES,FIPS,GEO,False,True,place,53387,53387,51,"['48', '40', '41', '9', '39']",False,
LIBRARY_MARTS,FINANCE,FINANCE__FED_FDIC_BANK_DATA,ZIP,6,TEXT,YES,ZIP,GEO,False,True,place,27836,27836,12557,"['79544', '13601', '36360', '91706', '60641']",False,
LIBRARY_MARTS,HEALTH,HEALTH__FED_CMS_RURAL_HEALTH_CLINIC_ENROLLMENTS,MULTIPLE_NPI_FLAG,6,TEXT,YES,NPI,STEEL,False,True,provider,5530,0,0,"['N', 'Y']",True,mirror_of_wired_landing
LIBRARY_MARTS,FINDINGS,HOSPITAL_CLOSURE_RISK,CCN,1,TEXT,YES,CCN,STEEL,False,True,facility,4435,4435,4435,"['404009', '224045', '310011', '212002', '241991']",False,
LIBRARY_MARTS,JUSTICE,JUSTICE__FED_COURTLISTENER_ORIGINATING_COURT_INFO,DOCKET_NUMBER,4,TEXT,YES,DOCKET,STRONG,False,True,case,973419,902366,736212,"['01-00-00575-CV', '01-02-00002-CV', '04-02-00619-CV', '04-03-00603-CV', '14-02-01251-CV']",True,mirror_of_wired_landing
LIBRARY_MARTS,HEALTH,HEALTH__FED_HRSA_UDS_SERVICE_DELIVERY_SITES,STATE_FIPS_CODE,46,TEXT,YES,FIPS,GEO,False,True,place,19038,19038,60,"['39', '18', '26', '25', '34']",True,mirror_of_wired_landing
LIBRARY_MARTS,TIMELINE,FINANCE__FED_SEC_DERA_SUB_2025Q3,CIK,6,TEXT,YES,CIK,STEEL,False,True,organization,6541,6541,5909,"['10048', '11544', '52827', '84748', '9326']",True,mirror_of_wired_landing
LIBRARY_MARTS,TIMELINE,CORPORATE_REGISTRY__FED_IRS_EO_BMF,EIN,5,TEXT,YES,EIN,STEEL,False,True,organization,1983563,1983563,1983563,"['112473120', '112013303', '112411330', '112018102', '112500465']",True,mirror_of_wired_landing
LIBRARY_MARTS,TIMELINE,JUSTICE__FED_COURTLISTENER_POSITIONS,COURT_ID,38,TEXT,YES,CL_COURT_ID,STEEL,False,True,organization,51290,22183,1033,"['cand', 'ca5', 'utd', 'ca9', 'laed']",True,mirror_of_wired_landing
LIBRARY_MARTS,ECONOMICS,ECONOMICS__FED_USASPENDING_CONTRACTS_FULL,PRIME_AWARD_TRANSACTION_RECIPIENT_STATE_FIPS_CODE,66,TEXT,YES,FIPS,GEO,False,True,place,20000000,19431773,56,"['26', '36', '24', '47', '17']",True,mirror_of_wired_landing
LIBRARY_MARTS,PROCUREMENT,PROCUREMENT__FED_USASPENDING_BULK,PRIME_AWARD_TRANSACTION_RECIPIENT_STATE_FIPS_CODE,66,TEXT,YES,FIPS,GEO,False,True,place,49613,49265,56,"['02', '11', '12', '25', '20']",True,mirror_of_wired_landing
LIBRARY_MARTS,REFERENCE,REFERENCE__INTL_GDELT,ACTIONGEO_COUNTRYCODE,36,TEXT,YES,COUNTRY,GEO,False,True,place,1015,0,0,"['1', '0', '3', '2', '4']",False,
LIBRARY_MARTS,TIMELINE,SCIENCE_RESEARCH__FED_NIH_REPORTER,ORG_DUNS,15,TEXT,YES,DUNS,STEEL,False,True,organization,2122611,1989465,14919,"['071037113', '062761671', '004315578', '043207562', '140646345']",True,mirror_of_wired_landing
LIBRARY_MARTS,ECONOMICS,ECONOMICS__FED_USASPENDING_CONTRACTS,RECIPIENT_DUNS,13,TEXT,YES,DUNS,STEEL,False,True,organization,6325622,0,0,[''],True,mirror_of_wired_landing
LIBRARY_MARTS,EDUCATION,EDUCATION__FED_GOOGLE_POLADS_GEO_SPEND,COUNTRY_SUBDIVISION_SECONDARY,3,TEXT,YES,COUNTRY,GEO,False,True,place,1289,1289,228,"['MO-4 (2012 redistricting)', 'TX-3 (2026 redistricting)', 'NY-10 (2022 redistricting)', 'TN-1 (2026 redistricting)', 'TX-14 (2022 redistricting)']",False,
LIBRARY_MARTS,TIMELINE,POLITICS__MEMBER_CROSSWALK,ICPSR,7,NUMBER,YES,ICPSR,STEEL,False,True,person,12794,12298,12298,"['12', '46', '73', '111', '4']",False,
LIBRARY_MARTS,ENVIRONMENT,ENVIRONMENT__FED_EPA_NPDES_NPDES_SICS,NPDES_ID,1,TEXT,YES,NPDES_ID,STEEL,False,True,facility,792807,792807,715074,"['AK0000086', 'AK0020338', 'AK0000272', 'AK0000523', 'AK0000426']",True,mirror_of_wired_landing
LIBRARY_MARTS,TIMELINE,ENVIRONMENT__FED_NOAA_STORM_EVENTS,CZ_FIPS,19,TEXT,YES,FIPS,GEO,False,True,place,1780730,1780730,681,"['33', '3', '17', '8', '35']",False,
LIBRARY_MARTS,ENVIRONMENT,ENVIRONMENT__FED_EPA_FRS_FACILITIES,POSTAL_CODE,10,TEXT,YES,ZIP,GEO,False,True,place,5300149,4839655,47616,"['46845', '76864', '98541', '76711', '73638']",False,
LIBRARY_MARTS,PROCUREMENT,PROCUREMENT__FED_USASPENDING_BULK,RECIPIENT_COUNTRY_NAME,60,TEXT,YES,COUNTRY,GEO,False,True,place,49613,49613,88,"['SPAIN', 'JAPAN', 'POLAND', 'NIGER', 'SWITZERLAND']",True,mirror_of_wired_landing
LIBRARY_MARTS,_RESTORE_20260701,JUSTICE__FED_FJC_IDB,COURT_ID,4,TEXT,YES,CL_COURT_ID,STEEL,False,True,organization,1,0,0,['-'],False,
LIBRARY_MARTS,HOUSING,HOUSING__FED_FEMA_IA_HOUSING_REGISTRATIONS,CENSUS_GEOID,12,TEXT,YES,FIPS,GEO,False,True,place,3080000,2980273,150675,"['170312513001', '171610226001', '171430025004', '170316718001', '170315306002']",False,
LIBRARY_MARTS,TIMELINE,ECONOMICS__FED_USASPENDING_CONTRACTS_FULL,RECIPIENT_COUNTRY_CODE,63,TEXT,YES,COUNTRY,GEO,False,True,place,20000000,19994805,365,"['ESP', 'USA', 'DEU', 'CAN', 'JAPAN']",True,mirror_of_wired_landing
LIBRARY_MARTS,FINANCE,FINANCE__FED_FDIC_SOD_BRANCH_DEPOSITS,INSTITUTION_ZIP,48,TEXT,YES,ZIP,GEO,False,True,place,2823000,2823000,10548,"['90640', '74107', '32501', '74103', '54220']",False,
LIBRARY_MARTS,HEALTH,HEALTH__FED_CMS_SKILLED_NURSING_FACILITY_ENROLLMENTS,CCN,7,TEXT,YES,CCN,STEEL,False,True,facility,14425,14250,14250,"['445316', '225513', '265666', '015186', '245536A']",True,mirror_of_wired_landing
LIBRARY_MARTS,TIMELINE,ENVIRONMENT__FED_EPA_ECHO,FRS_ID,5,TEXT,YES,FRS_ID,STEEL,False,True,facility,3135554,3135553,3135553,"['110051377425', '110000870120', '110006581939', '110054038171', '110051388645']",True,mirror_of_wired_landing
LIBRARY_MARTS,ECONOMICS,ECONOMICS__FED_USASPENDING_CONTRACTS_FULL,PRIMARY_PLACE_OF_PERFORMANCE_COUNTRY_CODE,74,TEXT,YES,COUNTRY,GEO,False,True,place,20000000,19083252,242,"['CUB', '', 'DEU', 'AFG', 'USA']",True,mirror_of_wired_landing
LIBRARY_MARTS,TIMELINE,JUSTICE__FED_COURTLISTENER_JUDGES,DOB_COUNTRY,21,TEXT,YES,COUNTRY,GEO,False,True,place,16191,16185,63,"['United States', 'England', 'Japan', 'Argentina', 'Laos']",True,mirror_of_wired_landing
LIBRARY_MARTS,IMMIGRATION,IMMIGRATION__FED_CMS_MEDICARE_FEE_FOR_SERVICE_PUBLIC_PROVIDER_ENROLLMENT,MULTIPLE_NPI_FLAG,2,TEXT,YES,NPI,STEEL,False,True,provider,2978925,0,0,"['N', 'Y']",True,mirror_of_wired_landing
LIBRARY_MARTS,JUSTICE,JUSTICE__FED_OFAC_SDN,IMO_NUMBER,13,TEXT,YES,IMO,STEEL,False,True,vessel,19115,2032,2030,"['9172040', '9187667', '9187643', '9187629', '9177155']",True,mirror_of_wired_landing
LIBRARY_MARTS,TIMELINE,ENVIRONMENT__FED_EPA_SDWA_SDWA_EVENTS_MILESTONES,PWSID,6,TEXT,YES,PWSID,STEEL,False,True,facility,394075,394075,98555,"['IN2300851', 'IN2500171', 'IN2290029', 'UTAH03012', 'UTAH03021']",True,mirror_of_wired_landing
LIBRARY_MARTS,TIMELINE,ENVIRONMENT__FED_USCG_NRC_INCIDENTS,RESPONSIBLE_ZIP,11,TEXT,YES,ZIP,GEO,False,True,place,1029020,324422,23141,"['33617', '77511', '47303', '18505', '49441']",False,
LIBRARY_MARTS,CORPORATE_REGISTRY,CORPORATE_REGISTRY__UK_COMPANIES_HOUSE_PSC,COUNTRY_OF_RESIDENCE,11,TEXT,YES,COUNTRY,GEO,False,True,place,15804611,13756692,4300,"['Wales', 'Philippines', 'Netherlands', 'Morocco', 'Israel']",True,mirror_of_wired_landing
LIBRARY_MARTS,TIMELINE,HEALTH__FED_FDA_DRUG_ENFORCEMENT,COUNTRY,16,TEXT,YES,COUNTRY,GEO,False,True,place,17816,17815,23,"['India', 'China', 'Canada', 'Japan', 'Taiwan']",False,
LIBRARY_MARTS,TIMELINE,CORPORATE_REGISTRY__UK_COMPANIES_HOUSE_PSC,COUNTRY_OF_RESIDENCE,15,TEXT,YES,COUNTRY,GEO,False,True,place,15804611,13756692,4300,"['Morocco', 'England', 'China', 'Pakistan', 'Netherlands']",True,mirror_of_wired_landing
LIBRARY_MARTS,LABOR,LABOR__FED_MSHA_MINES,MINE_ID,1,TEXT,YES,MINE_ID,STEEL,False,True,facility,91906,91906,91906,"['0100006', '0100017', '0100369', '0100732', '0100335']",True,mirror_of_wired_landing
LIBRARY_MARTS,TIMELINE,HEALTH__FED_CMS_POS_OTHER,ZIP_CD,34,TEXT,YES,ZIP,GEO,False,True,place,44429,44159,13577,"['36330', '36518', '36744', '35740', '36272']",True,mirror_of_wired_landing
LIBRARY_MARTS,HEALTH,HEALTH__FED_FDA_ESTABLISHMENT_REG,ISO_COUNTRY_CODE,8,TEXT,YES,COUNTRY,GEO,False,True,place,263374,263373,108,"['IN', 'CN', 'DE', 'CH', 'GB']",False,
LIBRARY_MARTS,POLITICS,POLITICS__FED_FEC_PAC_SUMMARY,CMTE_ID,1,TEXT,YES,FEC_CMTE_ID,STEEL,False,True,organization,45709,45709,22899,"['C00000489', 'C00000059', 'C00000422', 'C00000018', 'C00000547']",True,mirror_of_wired_landing
LIBRARY_MARTS,TIMELINE,POLITICS__IRS527_8872_REPORTS,EIN,14,TEXT,YES,EIN,STEEL,False,True,organization,55579,55579,4150,"['752831922', '351998087', '383547185', '731285171', '541520753']",True,mirror_of_wired_landing
LIBRARY_MARTS,HEALTH,HEALTH__FED_CMS_NURSING_HOME,CMS_CERTIFICATION_NUMBER_CCN,1,TEXT,YES,CCN,STEEL,False,True,facility,14700,14448,14448,"['555844', '165390', '245620', '056117', '105935']",True,mirror_of_wired_landing
LIBRARY_MARTS,TIMELINE,ECONOMICS__FED_FOREIGNASSISTANCE,EIN,13,TEXT,YES,EIN,STEEL,False,True,organization,95658,0,0,[''],False,
LIBRARY_MARTS,TRANSPORT,TRANSPORT__FED_DOT_BTS,STATE_FIPS,11,TEXT,YES,FIPS,GEO,False,True,place,21,0,0,[''],False,
LIBRARY_MARTS,EDUCATION,EDUCATION__FED_GOOGLE_POLADS_ADVERTISER_GEO_SPEND,COUNTRY_SUBDIVISION_PRIMARY,4,TEXT,YES,COUNTRY,GEO,False,True,place,614078,602777,56,"['MI', 'ME', 'KS', 'MD', 'WY']",False,
LIBRARY_MARTS,JUSTICE,JUSTICE__FED_FJC_IDB_CIVIL,DOCKET,5,TEXT,YES,DOCKET,STRONG,False,True,case,10857396,10857396,1332996,"['1901845', '0603209', '1102653', '9908202', '9300345']",False,
LIBRARY_MARTS,TIMELINE,JUSTICE__XC_MAPPING_POLICE_VIOLENCE,GEOGRAPHY_VIA_TRULIA_METHODOLOGY_BASED_ON_ZIPCODE_POPULATION_DENSITY_HTTP_JEDKOLKO_COM_WP_CONTENT_UPLOADS_2015_05_FULL_ZCTA_URBAN_SUBURBAN_RURAL_CLASSIFICATION_XLSX,32,TEXT,YES,ZIP,GEO,False,True,place,15476,0,0,"['Urban', 'Suburban', 'Rural']",False,
LIBRARY_MARTS,TIMELINE,REFERENCE__INTL_GDELT,ACTOR2COUNTRYCODE,16,TEXT,YES,COUNTRY,GEO,False,True,place,1015,0,0,[''],False,
LIBRARY_MARTS,TIMELINE,POLITICS__FED_MEDSL_HOUSE_RETURNS,STATE_FIPS,8,TEXT,YES,FIPS,GEO,False,True,place,29636,29636,50,"['6', '1', '2', '4', '5']",False,
LIBRARY_MARTS,JUSTICE,JUSTICE__XC_UK_SANCTIONS_LIST,COUNTRY_OF_BIRTH,33,TEXT,YES,COUNTRY,GEO,False,True,place,33828,20438,128,"['Syria', 'Philippines', 'Central African Republic', 'Honduras', 'Malaysia']",False,
LIBRARY_MARTS,HEALTH,HEALTH__FED_CMS_NURSING_HOME_FIRE_DEFICIENCIES,CMS_CERTIFICATION_NUMBER_CCN,1,TEXT,YES,CCN,STEEL,False,True,facility,200030,197001,13686,"['015009', '015010', '015014', '015015', '015012']",True,mirror_of_wired_landing
LIBRARY_MARTS,DBT_CROGERS,LAND_AND_TERRITORY__FED_BIA_TRIBAL_GEO,FIPS,1,TEXT,YES,FIPS,GEO,False,True,place,1,0,0,[''],False,
LIBRARY_MARTS,_RESTORE_20260731,UNCATEGORIZED__FED_EPA_FRS_FULL,POSTAL_CODE,12,TEXT,YES,ZIP,GEO,False,True,place,5300149,4839655,47616,"['33467', '337741815', '32446', '344749535', '328064518']",True,mirror_of_wired_landing
LIBRARY_MARTS,FINDINGS,HOSPITAL_CLOSURE_RISK,ZIP5,4,TEXT,YES,ZIP,GEO,False,True,place,4435,4435,3708,"['48670', '38634', '73162', '90017', '98848']",False,
LIBRARY_MARTS,REFERENCE,REFERENCE__INTL_GDELT,ACTOR2GEO_COUNTRYCODE,31,TEXT,YES,COUNTRY,GEO,False,True,place,1015,0,0,"['-4.0', '-8.0', '6.0', '2.8', '3.0']",False,
LIBRARY_MARTS,TIMELINE,HEALTH__FED_CMS_HOME_HEALTH_AGENCY_ENROLLMENTS,MULTIPLE_NPI_FLAG,10,TEXT,YES,NPI,STEEL,False,True,provider,11508,0,0,"['Y', 'N']",True,mirror_of_wired_landing
LIBRARY_MARTS,HISTORY,HISTORY__FED_WPA_SLAVE_NARRATIVES,STATE_FIPS,4,TEXT,YES,FIPS,GEO,False,True,place,100,0,0,[''],False,
LIBRARY_MARTS,IMMIGRATION,IMMIGRATION__FED_ICE_DETENTION_STINTS,DEPARTURE_COUNTRY,53,TEXT,YES,COUNTRY,GEO,False,True,place,2571975,1831797,216,"['HONDURAS', 'ECUADOR', 'CHINA, PEOPLES REPUBLIC OF', 'GUATEMALA', 'EL SALVADOR']",True,mirror_of_wired_landing
LIBRARY_MARTS,_RESTORE_20260701,ECONOMICS__INTL_CH_ZEFIX,COUNTRY,5,TEXT,YES,COUNTRY,GEO,False,True,place,1,1,1,['CH'],False,
LIBRARY_MARTS,FINANCE,FINANCE__FED_SEC_13F_SUBMISSIONS,CIK,4,TEXT,YES,CIK,STEEL,False,True,organization,336124,336124,16273,"['0001759641', '0001775530', '0001512073', '0001658020', '0001944780']",True,mirror_of_wired_landing
LIBRARY_MARTS,ECONOMICS,ECONOMICS__INTL_IT_ISTAT,COUNTRY,2,TEXT,YES,COUNTRY,GEO,False,True,place,213284,213284,1,['IT'],False,
LIBRARY_MARTS,ENVIRONMENT,ENVIRONMENT__FED_EPA_NPDES_NPDES_FORMAL_ENFORCEMENT_ACTIONS,NPDES_ID,1,TEXT,YES,NPDES_ID,STEEL,False,True,facility,112373,112373,49662,"['TX0026433', 'IN0023884', 'KY0022420', 'NYU900121', 'LAL006289']",True,mirror_of_wired_landing
LIBRARY_MARTS,TIMELINE,PROCUREMENT__FED_USASPENDING_BULK,PRIMARY_PLACE_OF_PERFORMANCE_COUNTRY_CODE,78,TEXT,YES,COUNTRY,GEO,False,True,place,49613,45074,133,"['DEU', '', 'CAN', 'USA', 'MOZ']",True,mirror_of_wired_landing
LIBRARY_MARTS,TIMELINE,IMMIGRATION__FED_DHS_YEARBOOK,COUNTRY_OF_LAST_RESIDENCE,7,TEXT,YES,COUNTRY,GEO,False,True,place,27,0,0,[''],False,
LIBRARY_MARTS,HEALTH,HEALTH__FED_CMS_MEDICARE_OUTPATIENT_HOSPITALS_BY_PROVIDER_AND_SERVICE,RNDRNG_PRVDR_CCN,1,TEXT,YES,CCN,STEEL,False,True,facility,116182,116182,3126,"['010001', '010005', '010007', '010006', '010008']",True,mirror_of_wired_landing
LIBRARY_MARTS,JUSTICE,JUSTICE__XC_VERA_INCARCERATION_TRENDS,COUNTY_FIPS,2,TEXT,YES,FIPS,GEO,False,True,place,128507,128507,3075,"['01083', '01095', '01097', '01005', '01043']",False,
LIBRARY_MARTS,FINANCE,FINANCE__INTL_WB_IDS,COUNTRY_NAME,1,TEXT,YES,COUNTRY,GEO,False,True,place,62983,62980,136,"['Belarus', 'Argentina', 'Azerbaijan', 'Bangladesh', 'Albania']",False,
LIBRARY_MARTS,TIMELINE,JUSTICE__FED_COURTLISTENER_FJC_IDB_CL_LINKED,TRANSFER_DOCKET_NUMBER,29,TEXT,YES,DOCKET,STRONG,False,True,case,10323280,109021,84010,"['1103100', '1003190', '1101294', '0804068', '1001377']",False,
LIBRARY_MARTS,FINANCE,FINANCE__FED_FEC_CANDIDATES,CAND_ZIP,15,TEXT,YES,ZIP,GEO,False,True,place,27095,26773,9812,"['58501', '36303', '44077', '79764', '07544']",True,mirror_of_wired_landing
LIBRARY_MARTS,POLITICS,POLITICS__FEC_COMMITTEE,CMTE_ZIP,7,TEXT,YES,ZIP,GEO,False,True,place,40945,40919,9198,"['200017400', '44303', '62705', '10004', '73107']",False,
LIBRARY_MARTS,TIMELINE,REFERENCE__INTL_GDELT,ACTOR1GEO_COUNTRYCODE,30,TEXT,YES,COUNTRY,GEO,False,True,place,1015,0,0,"['0', '1']",False,
LIBRARY_MARTS,ENVIRONMENT,ENVIRONMENT__FED_EPA_ECHO,FIPS_CODE,8,TEXT,YES,FIPS,GEO,False,True,place,3135554,2841963,3232,"['24021', '18157', '17021', '36079', '48003']",True,mirror_of_wired_landing
LIBRARY_MARTS,HEALTH,HEALTH__FED_CMS_NPPES,NPI_DEACTIVATION_DATE,40,DATE,YES,NPI,STEEL,False,True,provider,9606683,364602,6084,"['2014-02-10', '2026-04-23', '2026-04-30', '2007-08-31', '2022-10-27']",True,mirror_of_wired_landing
LIBRARY_MARTS,TIMELINE,ENVIRONMENT__FED_EPA_GHGRP_FACILITY,COUNTY_FIPS,29,TEXT,YES,FIPS,GEO,False,True,place,136005,125377,2163,"['13087', '42015', '20189', '40139', '42003']",True,mirror_of_wired_landing
LIBRARY_MARTS,EDUCATION,EDUCATION__FED_GOOGLE_POLADS_ADVERTISER_GEO_SPEND,COUNTRY,3,TEXT,YES,COUNTRY,GEO,False,True,place,614078,614078,2,"['US', 'GB']",False,
LIBRARY_MARTS,TIMELINE,REFERENCE__INTL_GDELT,ACTIONGEO_COUNTRYCODE,40,TEXT,YES,COUNTRY,GEO,False,True,place,1015,0,0,"['1', '0', '2', '3', '4']",False,
LIBRARY_MARTS,TIMELINE,HOUSING__FED_HUD_DATA,EIN,10,TEXT,YES,EIN,STEEL,False,True,organization,71,0,0,[''],False,
LIBRARY_MARTS,HEALTH,HEALTH__FED_CMS_MEDICARE_DURABLE_MEDICAL_EQUIPMENT_DEVICES_SUPPLIES_BY_REFER,RFRG_PRVDR_STATE_FIPS,11,TEXT,YES,FIPS,GEO,False,True,place,381228,381228,60,"['24', '50', '40', '42', '21']",True,mirror_of_wired_landing
LIBRARY_MARTS,TIMELINE,POLITICS__ST_NYC_CFB_CAMPAIGN_2001_CONTRIBUTION,INTERMEDIARY_ZIP,47,TEXT,YES,ZIP,GEO,False,True,place,193741,13596,274,"['10024', '10475', '11219', '10021', '11363']",False,
LIBRARY_MARTS,IMMIGRATION,IMMIGRATION__FED_ICE_DETENTION_FACILITY_CODES,DETENTION_FACILITY_CODE,1,TEXT,YES,ICE_FACILITY,STEEL,False,True,facility,1490,1490,1490,"['ABQHOLD', 'BOPCNV', 'BEFAMPA', 'CACFBAK', 'ALAMOTX']",True,mirror_of_wired_landing
LIBRARY_MARTS,ECONOMICS,ECONOMICS__FED_USASPENDING_ASSISTANCE_FULL,RECIPIENT_ZIP_CODE,62,TEXT,YES,ZIP,GEO,False,True,place,19902879,15425649,39105,"['30912', '59901', '94704', '60208', '29169']",True,mirror_of_wired_landing
LIBRARY_MARTS,TIMELINE,LABOR__FED_OSHA_ITA_CASE_DETAIL_2024,ZIP_CODE,13,TEXT,YES,ZIP,GEO,False,True,place,688649,630939,12823,"['47802', '68460', '47304', '92653', '80033']",True,mirror_of_wired_landing
LIBRARY_MARTS,HEALTH,HEALTH__FED_CMS_MEDICARE_DURABLE_MEDICAL_EQUIPMENT_DEVICES_SUPPLIES_BY_SUPPL,SUPLR_PRVDR_ZIP5,12,TEXT,YES,ZIP,GEO,False,True,place,440670,440670,12383,"['18644', '85212', '02072', '23113', '46032']",True,mirror_of_wired_landing
LIBRARY_MARTS,ECONOMICS,ECONOMICS__FED_IRS_SOI_CHARITIES,EIN,1,TEXT,YES,EIN,STEEL,False,True,organization,2450,2450,2450,"['043720924', '205526017', '237069967', '010674736', '030182719']",True,mirror_of_wired_landing
LIBRARY_MARTS,TIMELINE,ENVIRONMENT__FED_EPA_SDWA_SDWA_PUB_WATER_SYSTEMS,ZIP_CODE,43,TEXT,YES,ZIP,GEO,False,True,place,434040,409495,35144,"['57401', '57313', '37385', '37186', '29417']",True,mirror_of_wired_landing
LIBRARY_MARTS,TIMELINE,FINANCE__FED_FDIC_SOD_BRANCH_DEPOSITS,BRANCH_COUNTY_FIPS,22,TEXT,YES,FIPS,GEO,False,True,place,2823000,2823000,333,"['99', '481', '47', '125', '381']",False,
LIBRARY_MARTS,TIMELINE,JUSTICE__FED_COURTLISTENER_FJC_IDB_CL_LINKED,DOCKET_NUMBER,10,TEXT,YES,DOCKET,STRONG,False,True,case,10323280,10323280,1162192,"['1901067', '1902322', '1901949', '1902633', '1901354']",False,
LIBRARY_MARTS,FINANCE,FINANCE__FED_EPA_ICIS_FEC_CASE_ENFORCEMENT_CONCLUSION_FACILITIES,FACILITY_ZIP,9,TEXT,YES,ZIP,GEO,False,True,place,150877,148149,23104,"['21915', '07109', '08817', '17701', '05301']",True,mirror_of_wired_landing
LIBRARY_MARTS,ECONOMICS,ECONOMICS__FED_USASPENDING_CONTRACTS_FULL,PRIME_AWARD_TRANSACTION_RECIPIENT_COUNTY_FIPS_CODE,64,TEXT,YES,FIPS,GEO,False,True,place,20000000,14712502,3184,"['51510', '48029', '12086', '', '47001']",True,mirror_of_wired_landing
LIBRARY_MARTS,PROCUREMENT,PROCUREMENT__FED_USASPENDING_BULK,PRIMARY_PLACE_OF_PERFORMANCE_ZIP_4,82,TEXT,YES,ZIP,GEO,False,True,place,49613,44606,4184,"['940891001', '601417005', '65479', '190066427', '652015275']",True,mirror_of_wired_landing
LIBRARY_MARTS,TIMELINE,LABOR__FED_OSHA_ITA_CASE_DETAIL_2025,EIN,8,TEXT,YES,EIN,STEEL,False,True,organization,330447,293328,13387,"['270013235', '770503359', '820777874', '208229147', '832971776']",True,mirror_of_wired_landing
LIBRARY_MARTS,HOUSING,HOUSING__FED_HUD_PUBLIC_HOUSING_AUTHORITIES,STATE_FIPS,43,TEXT,YES,FIPS,GEO,False,True,place,3787,3787,55,"['04', '08', '11', '05', '01']",False,
LIBRARY_MARTS,TIMELINE,ECONOMICS__FED_US_USASPENDING_API,RECIPIENT_LOCATION_FIPS,16,TEXT,YES,FIPS,GEO,False,True,place,300,0,0,[''],False,
LIBRARY_MARTS,JUSTICE,JUSTICE__FED_FJC_IDB_APPELLATE,DOCKET_DATE,6,DATE,YES,DOCKET,STRONG,False,True,case,988183,988183,6749,"['2024-05-20', '2024-05-21', '2024-07-18', '2024-07-11', '2024-05-29']",False,
LIBRARY_MARTS,HEALTH,HEALTH__FED_CMS_FACILITY_LEVEL_MINIMUM_DATA_SET_FREQUENCY,ZIP_CODE,5,TEXT,YES,ZIP,GEO,False,True,place,31403215,31403215,8924,"['35217', '35205', '36603', '35210', '36323']",True,mirror_of_wired_landing
LIBRARY_MARTS,HOUSING,HOUSING__FED_USDA_RD_MFH_ACTIVE_PROJECTS,ZIP_CODE,13,TEXT,YES,ZIP,GEO,False,True,place,13550,13536,7290,"['55336', '76661', '49779', '43046', '52205']",False,
LIBRARY_MARTS,TIMELINE,ECONOMICS__FED_BLS_QCEW,AREA_FIPS,5,TEXT,YES,FIPS,GEO,False,True,place,3619437,3619437,4429,"['45025', '06013', '08039', '20163', '12023']",False,
LIBRARY_MARTS,LABOR,LABOR__FED_DOL_EBSA_FORM5500_SCHEDULE_SB,SB_EIN,5,TEXT,YES,EIN,STEEL,False,True,organization,41802,41802,39581,"['770649106', '800427881', '330694406', '271915329', '370889695']",True,mirror_of_wired_landing
LIBRARY_MARTS,CORE,DIM_COUNTY,STATE_FIPS,2,TEXT,YES,FIPS,GEO,False,True,place,3222,3222,52,"['01', '02', '05', '04', '06']",False,
LIBRARY_MARTS,REFERENCE,REFERENCE__FED_USGS_TOPOVIEW,FIPS,13,TEXT,YES,FIPS,GEO,False,True,place,250,0,0,[''],False,
LIBRARY_MARTS,JUSTICE,JUSTICE__XC_VERA_INCARCERATION_TRENDS,STATE_FIPS,5,TEXT,YES,FIPS,GEO,False,True,place,128507,128507,45,"['11', '12', '08', '06', '01']",False,
LIBRARY_MARTS,FINDINGS,EXCLUDED_PROVIDER_PAID_AFTER_EXCLUSION,NPI,1,TEXT,YES,NPI,STEEL,False,True,provider,287,287,287,"['1194984237', '1922165083', '1891879003', '1770542151', '1912139957']",False,
LIBRARY_MARTS,FOREIGN_INFLUENCE,FOREIGN_INFLUENCE__FED_FARA_BULK,ZIP,15,TEXT,YES,ZIP,GEO,False,True,place,48104,10821,1298,"['10017', '20006', '10158', '20005', '']",False,
LIBRARY_MARTS,TIMELINE,ENVIRONMENT__FED_EPA_SDWA_SDWA_FACILITIES,SELLER_PWSID,18,TEXT,YES,PWSID,STEEL,False,True,facility,1554832,49222,12907,"['WI8260121', 'WV3300104', 'MI0003420', 'WV3304213', 'WI8660305']",True,mirror_of_wired_landing
LIBRARY_MARTS,TIMELINE,HEALTH__FED_FDA_DEVICE_PMA,ZIP,25,TEXT,YES,ZIP,GEO,False,True,place,56853,54874,552,"['01803', '76134', '08869', '08876', '55411']",False,
LIBRARY_MARTS,TIMELINE,ENVIRONMENT__FED_NOAA_WEATHER_API,FIPS_CODE,35,TEXT,YES,FIPS,GEO,False,True,place,287,0,0,[''],False,
LIBRARY_MARTS,ECONOMICS,ECONOMICS__FED_IRS_REVOCATION,ZIP_CODE,7,TEXT,YES,ZIP,GEO,False,True,place,1187367,1184327,36643,"['42024-0000', '99705-7650', '88311-0014', '28145-0983', '76123-4052']",True,mirror_of_wired_landing
LIBRARY_MARTS,TRANSPORT,TRANSPORT__FED_NTSB_AVIATION_AIRCRAFT,OPER_ZIP,49,TEXT,YES,ZIP,GEO,False,True,place,31503,23379,9644,"['None', '94303', '94949', '32822', '80538']",False,
LIBRARY_MARTS,_RESTORE_20260731,UNCATEGORIZED__INT_UK_COMPANIES_HOUSE,REG_ADDRESS_COUNTRY,9,NUMBER,YES,COUNTRY,GEO,False,True,place,5734780,0,0,[],True,mirror_of_wired_landing
LIBRARY_MARTS,TIMELINE,JUSTICE__FED_FJC_IDB_CRIMINAL,TRANSFER_DOCKET,62,TEXT,YES,DOCKET,STRONG,False,True,case,6299908,6299908,4636,"['-8', '0300494', '1300114', '9900050', '0200552']",False,
LIBRARY_MARTS,ENVIRONMENT,ENVIRONMENT__FED_EPA_ICIS_AIR_ICIS_AIR_FACILITIES,REGISTRY_ID,2,TEXT,YES,FRS_ID,STEEL,False,True,facility,279728,279541,266026,"['110043289759', '110004149234', '110001539247', '110015016294', '110070361941']",True,mirror_of_wired_landing
LIBRARY_MARTS,TIMELINE,FINANCE__FED_IRS_SOI,ZIP_CODE,7,TEXT,YES,ZIP,GEO,False,True,place,179796,165548,27549,"['0', '35044', '35006', '35043', '35005']",False,
LIBRARY_MARTS,TIMELINE,HOUSING__FED_CFPB_HMDA_LAR,LEI,7,TEXT,YES,LEI,STEEL,False,True,organization,17474,17474,478,"['5493006HWKBRUZIDS752', '254900RUCO27MVGTO768', '54930048P8RWCQHQM310', '549300AENO88GEUWCZ39', '549300W45D2J6BT4LX65']",True,mirror_of_wired_landing
LIBRARY_MARTS,HEALTH,HEALTH__FED_FDA_DEVICE_ENFORCEMENT,COUNTRY,13,TEXT,YES,COUNTRY,GEO,False,True,place,39635,39630,39,"['Germany', '', 'United States', 'Iceland', 'Austria']",False,
LIBRARY_MARTS,TIMELINE,ECONOMICS__FED_USASPENDING_CONTRACTS_FULL,COUNTRY_OF_PRODUCT_OR_SERVICE_ORIGIN_CODE,126,TEXT,YES,COUNTRY,GEO,False,True,place,20000000,19174895,266,"['IRQ', 'NAN', 'GBR', '', 'USA']",True,mirror_of_wired_landing
LIBRARY_MARTS,_RESTORE_20260701,HISTORICAL_RECORDS__FED_SLAVEVOYAGES_INTRAAMERICAN,COUNTRY,17,TEXT,YES,COUNTRY,GEO,False,True,place,1,0,0,[''],False,
LIBRARY_MARTS,FINANCE,FINANCE__FED_FEC_BULK_COMMITTEES,FEC_CMTE_ID,1,TEXT,YES,FEC_CMTE_ID,STEEL,False,True,organization,20007,20007,20007,"['C00000422', 'C00004275', 'C00011114', 'C00002469', 'C00014498']",True,mirror_of_wired_landing
LIBRARY_MARTS,ECONOMICS,ECONOMICS__FED_USASPENDING_CONTRACTS_FULL,PRIME_AWARD_TRANSACTION_PLACE_OF_PERFORMANCE_COUNTY_FIPS_CODE,77,TEXT,YES,FIPS,GEO,False,True,place,20000000,18077747,3263,"['12095', '46099', '15003', '56029', '12009']",True,mirror_of_wired_landing
LIBRARY_MARTS,TIMELINE,ECONOMICS__FED_SBA_LOANS,BORROWER_ZIP,10,TEXT,YES,ZIP,GEO,False,True,place,2174502,1929411,33963,"['55369', '32501', '1453', '22903', '96819']",False,
LIBRARY_MARTS,_RESTORE_20260731,FINANCE__FED_FEC_BULK_LINKAGES,CAND_ID,1,TEXT,YES,FEC_CAND_ID,STEEL,False,True,person,16327,16327,11177,"['H0AZ04527', 'H0CA10289', 'H0AK00105', 'H0AZ07082', 'H0CA15148']",True,mirror_of_wired_landing
LIBRARY_MARTS,ENVIRONMENT,ENVIRONMENT__FED_NOAA_WEATHER_API,FIPS_CODE,31,TEXT,YES,FIPS,GEO,False,True,place,287,0,0,[''],False,
LIBRARY_MARTS,TIMELINE,HEALTH__FED_FDA_PURPLE_BOOK,PATENT_LIST_PROVIDED,33,TEXT,YES,PATENT,STEEL,False,True,asset,2228,49,1,['YES'],False,
LIBRARY_MARTS,TIMELINE,IMMIGRATION__FED_DHS_YEARBOOK,COUNTRY_OF_BIRTH,6,TEXT,YES,COUNTRY,GEO,False,True,place,27,0,0,[''],False,
LIBRARY_MARTS,TIMELINE,JUSTICE__INTL_UCDP_GED,COUNTRY,38,TEXT,YES,COUNTRY,GEO,False,True,place,385918,385918,124,"['Tajikistan', 'South Africa', 'South Sudan', 'Trinidad and Tobago', 'Spain']",False,
LIBRARY_MARTS,TIMELINE,IMMIGRATION__FED_EPA_SDWA_SDWA_SERVICE_AREAS,PWSID,6,TEXT,YES,PWSID,STEEL,False,True,facility,422464,422464,378450,"['010502002', '020010464', '050594709', '010106001', '010109001']",True,mirror_of_wired_landing
LIBRARY_MARTS,ENVIRONMENT,ENVIRONMENT__FED_EPA_GHGRP_FACILITY,FRS_ID,4,TEXT,YES,FRS_ID,STEEL,False,True,facility,136005,126584,13221,"['110063745096', '110063745069', '110055951331', '110042146629', '110063744925']",True,mirror_of_wired_landing
LIBRARY_MARTS,TIMELINE,JUSTICE__FED_FJC_IDB_BANKRUPTCY,DOCKET_GENERATION,15,TEXT,YES,DOCKET,STRONG,False,True,case,6965441,6965441,2,"['0', 'r']",False,
LIBRARY_MARTS,LABOR,LABOR__FED_OSHA_ITA_300A_SUMMARY_2024,EIN,4,TEXT,YES,EIN,STEEL,False,True,organization,398620,355334,114603,"['522226315', '731069705', '640948401', '854235957', '200773281']",True,mirror_of_wired_landing
LIBRARY_MARTS,TIMELINE,HEALTH__FED_CMS_OPT_OUT_AFFIDAVITS,ZIP_CODE,15,TEXT,YES,ZIP,GEO,False,True,place,57209,57209,8383,"['631312308', '767124073', '731705848', '341026535', '069061439']",True,mirror_of_wired_landing
LIBRARY_MARTS,TIMELINE,HEALTH__FED_CMS_LTCH,ZIP_CODE,11,TEXT,YES,ZIP,GEO,False,True,place,311,311,307,"['42003', '64506', '73120', '38120', '36302']",True,mirror_of_wired_landing
LIBRARY_MARTS,HEALTH,HEALTH__FED_DEA_ARCOS,REPORTER_ZIP,9,TEXT,YES,ZIP,GEO,False,True,place,178598026,166040919,449,"['95776', '21795', '20785', '35217', '91355']",False,
LIBRARY_MARTS,TIMELINE,ENVIRONMENT__FED_EPA_TRI_BASIC_2023,C_9_ZIP,13,TEXT,YES,ZIP,GEO,False,True,place,78647,78647,8803,"['36303', '92356', '98002', '77536', '61443']",True,mirror_of_wired_landing
LIBRARY_MARTS,HEALTH,HEALTH__FED_CMS_MEDICARE_INPATIENT_HOSPITALS_BY_PROVIDER_AND_SERVICE,RNDRNG_PRVDR_STATE_FIPS,5,TEXT,YES,FIPS,GEO,False,True,place,145879,145879,51,"['02', '05', '04', '06', '01']",True,mirror_of_wired_landing
LIBRARY_MARTS,TIMELINE,HEALTH__FED_CMS_OPEN_PAYMENTS,CCN,26,TEXT,YES,CCN,STEEL,False,True,facility,15385047,34391,1251,"['400114', '220116', '400022', '220075', '']",True,mirror_of_wired_landing
LIBRARY_MARTS,FINANCE,FINANCE__FED_FEC_INDIV_CONTRIBUTIONS,ZIP_CODE,6,TEXT,YES,ZIP,GEO,False,True,place,84172112,84109522,43626,"['489101433', '446449516', '902305419', '920246827', '294130941']",True,mirror_of_wired_landing
LIBRARY_MARTS,ENVIRONMENT,ENVIRONMENT__FED_EPA_SDWA_SDWA_FACILITIES,SELLER_PWSID,14,TEXT,YES,PWSID,STEEL,False,True,facility,1554832,49222,12907,"['WI8660305', 'WV3304213', 'WI8260121', 'MI0003420', 'WV3300104']",True,mirror_of_wired_landing
LIBRARY_MARTS,FINANCE,FINANCE__FED_FEC_BULK,CMTE_ZIP,8,TEXT,YES,ZIP,GEO,False,True,place,20938,20924,7809,"['21076', '68510', '19103', '64108', '92101']",True,mirror_of_wired_landing
LIBRARY_MARTS,TIMELINE,FINANCE__FED_FDIC_BANK_DATA,FIPS,11,TEXT,YES,FIPS,GEO,False,True,place,27836,27836,2977,"['48165', '48027', '53067', '06075', '45059']",False,
LIBRARY_MARTS,HEALTH,HEALTH__FED_CMS_MEDICARE_DIALYSIS_FACILITIES,NPI,7,TEXT,YES,NPI,STEEL,False,True,provider,12456456,12411454,8140,"['1720465016', '1780062802', '1912282005', '1316909526', '1093090177']",True,mirror_of_wired_landing
LIBRARY_MARTS,IMMIGRATION,IMMIGRATION__FED_ICE_STATISTICS,COUNTRY_OF_CITIZENSHIP,4,TEXT,YES,COUNTRY,GEO,False,True,place,204,197,197,"['Algeria', 'Total', 'Nigeria', 'Iceland', 'Morocco']",False,
LIBRARY_MARTS,FINANCE,FINANCE__FED_SEC_INVESTMENT_COMPANY_SERIES_CLASS,CIK_NUMBER,3,TEXT,YES,CIK,STEEL,False,True,organization,43123,43121,2046,"['0001209501', '0000810893', '0001074760', '0001676326', '0000763852']",True,mirror_of_wired_landing
LIBRARY_MARTS,POLITICS,POLITICS__MEMBER_PAC_MONEY,BIOGUIDE,1,TEXT,YES,BIOGUIDE,STEEL,False,True,person,1258,1256,684,"['T000278', 'F000246', 'S001221', 'F000450', 'T000474']",False,
LIBRARY_MARTS,TIMELINE,POLITICS__FEC_CANDIDATE,CAND_ID,5,TEXT,YES,FEC_CAND_ID,STEEL,False,True,person,17900,17900,13240,"['H0AL02137', 'H0AL03192', 'H0CA07145', 'H0CA00082', 'H0AL01055']",False,
LIBRARY_MARTS,TIMELINE,ECONOMICS__FED_USASPENDING_CONTRACTS,RECIPIENT_PARENT_UEI,21,TEXT,YES,UEI,STEEL,False,True,organization,6325622,6325036,88915,"['UC5SPMUJF8V3', 'L5KXYZVZKCL7', 'ZFN2JJXBLZT3', 'GW9FLBWB5625', 'FM1QY7CA5VD5']",True,mirror_of_wired_landing
LIBRARY_MARTS,HEALTH,HEALTH__FED_HRSA_HPSA_PRIMARY_CARE,PRIMARY_STATE_FIPS_CODE,51,TEXT,YES,FIPS,GEO,False,True,place,79158,79158,60,"['38', '55', '27', '29', '42']",False,
LIBRARY_MARTS,JUSTICE,JUSTICE__INTL_HUDOC,COUNTRY,5,TEXT,YES,COUNTRY,GEO,False,True,place,2000,2000,48,"['LVA', 'UKR', 'TUR', 'FRA', 'CZE']",False,
LIBRARY_MARTS,TIMELINE,ECONOMICS__FED_SBA_PPP,BORROWER_ZIP,11,TEXT,YES,ZIP,GEO,False,True,place,968524,968469,25926,"['28025', '95051-1315', '90706-6202', '76010-5305', '93274-9493']",False,
LIBRARY_MARTS,TIMELINE,SCIENCE_RESEARCH__FED_NIH_REPORTER,ORG_FIPS,19,TEXT,YES,FIPS,GEO,False,True,place,2122611,0,0,[],True,mirror_of_wired_landing
LIBRARY_MARTS,ENVIRONMENT,ENVIRONMENT__FED_EPA_FRS_FRS_PROGRAM_LINKS,POSTAL_CODE,13,TEXT,YES,ZIP,GEO,False,True,place,4406498,3947139,47002,"['10014', '13045-2604', '08035', '87401', '10536']",True,mirror_of_wired_landing
LIBRARY_MARTS,REFERENCE,REF__DIM_GEOGRAPHY,STATE_FIPS,2,TEXT,YES,FIPS,GEO,False,True,place,6988,6988,118,"['40', '12', '36', '39', 'OH']",False,
LIBRARY_MARTS,ECONOMICS,ECONOMICS__FED_IRS_AUTO_REVOCATIONS,COUNTRY,8,TEXT,YES,COUNTRY,GEO,False,True,place,1207295,1207295,150,"['IS', 'AF', 'JA', 'UK', 'CS']",True,mirror_of_wired_landing
LIBRARY_MARTS,HEALTH,HEALTH__FED_FDA_DRUG_ENFORCEMENT,COUNTRY,12,TEXT,YES,COUNTRY,GEO,False,True,place,17816,17815,23,"['Croatia', 'United States', 'Taiwan', 'China', 'Japan']",False,
LIBRARY_MARTS,PROCUREMENT,PROCUREMENT__FED_USASPENDING_BULK,RECIPIENT_UEI,49,TEXT,YES,UEI,STEEL,False,True,organization,49613,49613,10216,"['N69MTSWBLK77', 'YLE5AAYNVPK6', 'DBT7XQCQTNE5', 'CLLBL2AMKGQ9', 'ZJMTAL6MZLU4']",True,mirror_of_wired_landing
LIBRARY_MARTS,HEALTH,HEALTH__FED_CMS_HOSPICE,ZIP_CODE,7,TEXT,YES,ZIP,GEO,False,True,place,6852,6852,3216,"['85206', '85282', '85032', '85029', '36535']",True,mirror_of_wired_landing
LIBRARY_MARTS,JUSTICE,JUSTICE__FED_ATF_FFL,MAIL_ZIP_CODE,17,TEXT,YES,ZIP,GEO,False,True,place,77514,74225,18242,"['791', '11080000', '1440', '10770000', '14624']",False,
LIBRARY_MARTS,TIMELINE,ENVIRONMENT__FED_EPA_SDWA_SDWA_GEOGRAPHIC_AREAS,ZIP_CODE_SERVED,12,TEXT,YES,ZIP,GEO,False,True,place,578198,7155,1669,"['20695', '21047', '57709', '57532', '21797']",True,mirror_of_wired_landing
LIBRARY_MARTS,ENVIRONMENT,ENVIRONMENT__FED_EPA_SDWA_SDWA_PN_VIOLATION_ASSOC,PWSID,2,TEXT,YES,PWSID,STEEL,False,True,facility,387627,387627,42034,"['020000004', '020000005', '010307001', '010106001', '010502002']",True,mirror_of_wired_landing
LIBRARY_MARTS,JUDICIARY,JUDICIARY__FED_OYEZ,DOCKET,2,TEXT,YES,DOCKET,STRONG,False,True,case,25,25,25,"['373', '70-5004', '70-5082', '70-5055', '70-5014']",False,
LIBRARY_MARTS,HEALTH,HEALTH__FED_DEA_ARCOS,BUYER_ZIP,16,TEXT,YES,ZIP,GEO,False,True,place,178598026,167154878,15823,"['76133', '78750', '78666', '79416', '2453']",False,
LIBRARY_MARTS,HEALTH,HEALTH__FED_CMS_DIALYSIS,ZIP_CODE,11,TEXT,YES,ZIP,GEO,False,True,place,7557,7557,5202,"['36104', '35222', '36426', '35960', '36532']",True,mirror_of_wired_landing
LIBRARY_MARTS,FINANCE,FINANCE__INTL_ISO_MIC_REGISTRY,ISO_COUNTRY_CODE_ISO_3166,9,TEXT,YES,COUNTRY,GEO,False,True,place,2864,2863,148,"['DE', 'US', 'IT', 'GB', 'BM']",True,mirror_of_wired_landing
LIBRARY_MARTS,FINANCE,FINANCE__FED_FDIC_SOD_BRANCH_DEPOSITS,BRANCH_STATE_FIPS,17,TEXT,YES,FIPS,GEO,False,True,place,2823000,2823000,59,"['22', '37', '56', '42', '8']",False,
LIBRARY_MARTS,POLITICS,POLITICS__IRS527_8872_REPORTS,CUSTODIAN_ZIP,24,TEXT,YES,ZIP,GEO,False,True,place,55579,55500,2861,"['75206', '32301', '73112', '59103', '20705']",True,mirror_of_wired_landing
LIBRARY_MARTS,REFERENCE,REFERENCE__INTL_GDELT,ACTOR1GEO_COUNTRYCODE,26,TEXT,YES,COUNTRY,GEO,False,True,place,1015,0,0,"['1', '0']",False,
LIBRARY_MARTS,IMMIGRATION,IMMIGRATION__FED_CMS_HOSPICE_ENROLLMENTS,NPI,5,TEXT,YES,NPI,STEEL,False,True,provider,6066,6066,6056,"['1942202452', '1477631745', '1225227390', '1215084876', '1548201957']",True,mirror_of_wired_landing
LIBRARY_MARTS,TIMELINE,HEALTH__FED_HRSA_UDS_SERVICE_DELIVERY_SITES,STATE_FIPS_CODE,50,TEXT,YES,FIPS,GEO,False,True,place,19038,19038,60,"['34', '26', '50', '25', '39']",True,mirror_of_wired_landing
LIBRARY_MARTS,HEALTH,HEALTH__FED_HRSA_HPSA_PRIMARY_CARE,STATE_COUNTY_FIPS_CODE,64,TEXT,YES,FIPS,GEO,False,True,place,79158,79158,3235,"['06033', '38005', '06097', '32003', '48091']",False,
LIBRARY_MARTS,TIMELINE,FINANCE__FED_FDIC_SOD_BRANCH_DEPOSITS,BRANCH_COUNTRY,25,TEXT,YES,COUNTRY,GEO,False,True,place,2823000,2823000,15,"['Northern Mariana Islan', 'Puerto Rico', 'Guam', 'Palau', 'United States']",False,
LIBRARY_MARTS,FINANCE,FINANCE__FED_SEC_DERA_SUB_2026Q1,CIK,2,TEXT,YES,CIK,STEEL,False,True,organization,6169,6169,5750,"['799233', '726865', '1828377', '1020859', '2009684']",True,mirror_of_wired_landing
LIBRARY_MARTS,TIMELINE,ECONOMICS__FED_USASPENDING_CONTRACTS,RECIPIENT_UEI,16,TEXT,YES,UEI,STEEL,False,True,organization,6325622,6325622,92833,"['MZZ7JEL1J1K4', 'ZJEUBM5FYLQ2', 'H1C4ZVECADM6', 'QVLFZJZZEXB6', 'FYFKUJKBERN3']",True,mirror_of_wired_landing
LIBRARY_MARTS,TIMELINE,FINANCE__FED_SEC_DERA_SUB_2024Q2,CIK,6,TEXT,YES,CIK,STEEL,False,True,organization,7675,7675,6250,"['3545', '24545', '2969', '34563', '40729']",True,mirror_of_wired_landing
LIBRARY_MARTS,MARITIME,MARITIME__FED_NOAA_AIS,IMO_NORMALIZED,4,TEXT,YES,IMO,STEEL,False,True,vessel,58104610,24361306,6630,"['8734657', '9687502', '0000007', '8765072', '7619953']",True,mirror_of_wired_landing
LIBRARY_MARTS,JUSTICE,JUSTICE__FED_COURTLISTENER_JUDGES,DOD_COUNTRY,20,TEXT,YES,COUNTRY,GEO,False,True,place,16191,16184,2,"['Vietnam', 'United States']",True,mirror_of_wired_landing
LIBRARY_MARTS,TIMELINE,ECONOMICS__FED_USASPENDING_CONTRACTS_FULL,RECIPIENT_COUNTRY_NAME,64,TEXT,YES,COUNTRY,GEO,False,True,place,20000000,19878399,212,"['GERMANY', 'JAPAN', '', 'TURKEY', 'UNITED STATES OF AMERICA']",True,mirror_of_wired_landing
LIBRARY_MARTS,TIMELINE,FINANCE__FED_FEC_CAND_CMTE_LINKAGE,CMTE_ID,8,TEXT,YES,FEC_CMTE_ID,STEEL,False,True,organization,30536,30536,16251,"['C00681452', 'C00482307', 'C00635136', 'C00493783', 'C00459461']",True,mirror_of_wired_landing
LIBRARY_MARTS,HEALTH,HEALTH__FED_CMS_SKILLED_NURSING_FACILITY_ENROLLMENTS,MULTIPLE_NPI_FLAG,6,TEXT,YES,NPI,STEEL,False,True,provider,14425,0,0,"['N', 'Y']",True,mirror_of_wired_landing
LIBRARY_MARTS,_RESTORE_20260731,HEALTH__FED_CMS_PARTD_PRESCRIBER_DRUG,PRSCRBR_NPI,1,TEXT,YES,NPI,STEEL,False,True,provider,25869521,25869521,1057566,"['1003801937', '1003801978', '1003802034', '1003801895', '1003802091']",True,mirror_of_wired_landing
LIBRARY_MARTS,TIMELINE,ENVIRONMENT__FED_EPA_SDWA_SDWA_PUB_WATER_SYSTEMS,PWSID,6,TEXT,YES,PWSID,STEEL,False,True,facility,434040,434040,434040,"['IL3076067', 'IL3120741', 'IL3118422', 'IL3119644', 'IL3076091']",True,mirror_of_wired_landing
LIBRARY_MARTS,HEALTH,HEALTH__FED_CMS_RURAL_HEALTH_CLINIC_ENROLLMENTS,CCN,7,TEXT,YES,CCN,STEEL,False,True,facility,5530,5313,5313,"['433987', '163495', '178966', '063810', '013976']",True,mirror_of_wired_landing
LIBRARY_MARTS,TIMELINE,ECONOMICS__FED_USASPENDING_CONTRACTS_FULL,PRIME_AWARD_TRANSACTION_PLACE_OF_PERFORMANCE_COUNTY_FIPS_CODE,81,TEXT,YES,FIPS,GEO,False,True,place,20000000,18077747,3263,"['18167', '24027', '51013', '47179', '20209']",True,mirror_of_wired_landing
LIBRARY_MARTS,JUSTICE,JUSTICE__FED_FJC_IDB_CIVIL,MDL_DOCKET,23,TEXT,YES,DOCKET,STRONG,False,True,case,10857396,10857386,1058,"['1507', '2885', '-8', '2296', '2325']",False,
LIBRARY_MARTS,TIMELINE,HEALTH__FED_HRSA_HPSA_PRIMARY_CARE,COUNTY_FIPS_CODE,67,TEXT,YES,FIPS,GEO,False,True,place,79158,79158,345,"['137', '005', '033', '710', '151']",False,
LIBRARY_MARTS,PROCUREMENT,PROCUREMENT__FED_USASPENDING_BULK,PRIME_AWARD_TRANSACTION_PLACE_OF_PERFORMANCE_COUNTY_FIPS_CODE,77,TEXT,YES,FIPS,GEO,False,True,place,49613,44077,1274,"['24510', '37063', '17097', '29019', '36055']",True,mirror_of_wired_landing
LIBRARY_MARTS,REFERENCE,REFERENCE__FED_DHS_HIFLD,FIPS,8,TEXT,YES,FIPS,GEO,False,True,place,500,0,0,[],False,
LIBRARY_MARTS,CORE,DIM_COUNTY,COUNTY_FIPS,1,TEXT,YES,FIPS,GEO,False,True,place,3222,3222,3222,"['01003', '06017', '06063', '01021', '01061']",False,
LIBRARY_MARTS,HEALTH,HEALTH__FED_CMS_IRF,CCN,1,TEXT,YES,CCN,STEEL,False,True,facility,1222,410,410,"['013028', '063038', '103063', '013030', '013031']",True,mirror_of_wired_landing
LIBRARY_MARTS,ECONOMICS,ECONOMICS__FED_US_USASPENDING_API,RECIPIENT_UEI,3,TEXT,YES,UEI,STEEL,False,True,organization,300,0,0,[''],False,
LIBRARY_MARTS,ENVIRONMENT,ENVIRONMENT__FED_NOAA_STORM_EVENTS,TOR_OTHER_CZ_FIPS,37,TEXT,YES,FIPS,GEO,False,True,place,1780730,3737,205,"['055', '127', '031', '027', '']",False,
LIBRARY_MARTS,FINANCE,FINANCE__FED_FEC_BULK,FEC_CMTE_ID,1,TEXT,YES,FEC_CMTE_ID,STEEL,False,True,organization,20938,20938,20938,"['C00000422', 'C00001727', 'C00004952', 'C00008078', 'C00010983']",True,mirror_of_wired_landing
LIBRARY_MARTS,POLITICS,POLITICS__ST_NYC_CFB_CAMPAIGN_2009_CONTRIBUTION,INTERMEDIARY_ZIP,41,TEXT,YES,ZIP,GEO,False,True,place,146112,4325,169,"['10023', '11221', '11216', '11372', '10312']",False,
LIBRARY_MARTS,ENVIRONMENT,ENVIRONMENT__FED_EPA_SDWA_SDWA_GEOGRAPHIC_AREAS,PWSID,2,TEXT,YES,PWSID,STEEL,False,True,facility,578198,578198,413877,"['MI2044113', 'NH1773030', 'MI2107679', 'NH1835020', 'NH0247020']",True,mirror_of_wired_landing
LIBRARY_MARTS,TIMELINE,FINANCE__FED_FDIC_SOD_BRANCH_DEPOSITS,INSTITUTION_STATE_COUNTY_FIPS,53,TEXT,YES,FIPS,GEO,False,True,place,2823000,2823000,2870,"['39061', '6081', '37119', '46099', '6077']",False,
LIBRARY_MARTS,TIMELINE,ECONOMICS__FED_FOREIGNASSISTANCE,COUNTRY,5,TEXT,YES,COUNTRY,GEO,False,True,place,95658,0,0,"['1011', '1023', '116', '218', '400']",False,
LIBRARY_MARTS,TIMELINE,MONEY__DEBT_REPAYMENT_CLIFF,COUNTRY_CODE,6,TEXT,YES,COUNTRY,GEO,False,True,place,938,938,134,"['MEX', 'KHM', 'MNG', 'MDG', 'GTM']",False,
LIBRARY_MARTS,FINANCE,FINANCE__FED_PCAOB_FORM_AP_FILINGS,ISSUER_CIK,14,TEXT,YES,CIK,STEEL,False,True,organization,155384,154460,28773,"['0001845942', '0000067088', '0000095603', '1549346', '1237831']",True,mirror_of_wired_landing
LIBRARY_MARTS,TIMELINE,FINANCE__FED_FDIC_BANK_DATA,ZIP,10,TEXT,YES,ZIP,GEO,False,True,place,27836,27836,12557,"['24301', '23847', '74135', '21202', '19064']",False,
LIBRARY_MARTS,HEALTH,HEALTH__FED_FDA_PURPLE_BOOK,PATENT_LIST_PROVIDED,29,TEXT,YES,PATENT,STEEL,False,True,asset,2228,49,1,['YES'],False,
LIBRARY_MARTS,TIMELINE,ENVIRONMENT__FED_EPA_SDWA_SDWA_SITE_VISITS,PWSID,6,TEXT,YES,PWSID,STEEL,False,True,facility,2495249,2495249,267052,"['ME0094316', 'ME0094298', 'ME0094487', 'ME0094410', 'ME0094313']",True,mirror_of_wired_landing
LIBRARY_MARTS,ECONOMICS,ECONOMICS__FED_BLS_QCEW,AREA_FIPS,1,TEXT,YES,FIPS,GEO,False,True,place,3619437,3619437,4429,"['21067', 'C2026', '49023', '54035', '29069']",False,
LIBRARY_MARTS,CONSUMER_PROTECTION,CONSUMER_PROTECTION__FED_CFPB_COMPLAINTS,ZIP_CODE,3,TEXT,YES,ZIP,GEO,False,True,place,17168287,15892345,35605,"['43551', '32303', '33615', '38680', '27863']",False,
LIBRARY_MARTS,POLITICS,POLITICS__BILL_COSPONSORS,COSPONSOR_BIOGUIDE,4,TEXT,YES,BIOGUIDE,STEEL,False,True,person,367735,367735,635,"['S001145', 'V000130', 'B001236', 'M001230', 'B001298']",False,
LIBRARY_MARTS,FINANCE,FINANCE__FED_FEC_BULK_COMMITTEES,FEC_CAND_ID,15,TEXT,YES,FEC_CAND_ID,STEEL,False,True,person,20007,7223,6921,"['H6WA05023', 'H6CA24048', 'H6NY36015', '', 'S4AK00214']",True,mirror_of_wired_landing
LIBRARY_MARTS,JUSTICE,JUSTICE__FED_COURTLISTENER_DOCKETS,DOCKET_NUMBER_RAW,53,TEXT,YES,DOCKET,STRONG,False,True,case,71677647,68649620,20369250,"['5:03-mj-00812', '91-00852', '01-60882', '03-16809', '09-21653']",True,mirror_of_wired_landing
LIBRARY_MARTS,POLITICS,POLITICS__ST_NYC_CFB_CAMPAIGN_2021_CONTRIBUTIONS,INTERMEDIARY_ZIP,41,TEXT,YES,ZIP,GEO,False,True,place,457521,8266,165,"['11218', '11220', '11106', '11433', '11207']",False,
LIBRARY_MARTS,ENVIRONMENT,ENVIRONMENT__FED_EPA_SDWA_SDWA_GEOGRAPHIC_AREAS,ZIP_CODE_SERVED,8,TEXT,YES,ZIP,GEO,False,True,place,578198,7155,1669,"['57026', '57532', '20695', '21874', '21797']",True,mirror_of_wired_landing
LIBRARY_MARTS,TIMELINE,ECONOMICS__FED_USASPENDING_ASSISTANCE_FULL,RECIPIENT_PARENT_UEI,51,TEXT,YES,UEI,STEEL,False,True,organization,19902879,4275263,53380,"['ZUE9HKT2CLC9', 'JKKNZLNYLJ19', 'K2E1CFMQNJ78', 'XD7MLAKQGW59', 'NUDGYLBB4S99']",True,mirror_of_wired_landing
LIBRARY_MARTS,IMMIGRATION,IMMIGRATION__FED_ICE_DETENTION_STINTS,DETENTION_FACILITY_CODE,10,TEXT,YES,ICE_FACILITY,STEEL,False,True,facility,2571975,2571975,707,"['GLDSACA', 'FIPCAGA', 'ATLHOLD', 'EROFCB', 'SNAHOLD']",True,mirror_of_wired_landing
LIBRARY_MARTS,TIMELINE,ECONOMICS__FED_USASPENDING_ASSISTANCE_FULL,RECIPIENT_ZIP_CODE,66,TEXT,YES,ZIP,GEO,False,True,place,19902879,15425649,39105,"['', '62234', '02138', '33781', '20036']",True,mirror_of_wired_landing
LIBRARY_MARTS,FINANCE,FINANCE__FED_FEC_INDEPENDENT_EXPENDITURES,CAND_ID,1,TEXT,YES,FEC_CAND_ID,STEEL,False,True,person,261033,228643,2014,"['H4CO08034', 'S4MD00327', 'H4NY18117', 'H2NY04277', 'H8NY19223']",True,mirror_of_wired_landing
LIBRARY_MARTS,HEALTH,HEALTH__FED_CMS_HOSPITAL_ENROLLMENTS,CAH_OR_HOSPITAL_CCN,39,TEXT,YES,CCN,STEEL,False,True,facility,9175,27,27,"['370139', '450078', '261315', '450348', '451345|45Z345']",True,mirror_of_wired_landing
LIBRARY_MARTS,HOUSING,HOUSING__FED_HUD_ASSISTED_HOUSING_PROJECTS,STD_ZIP5,91,TEXT,YES,ZIP,GEO,False,True,place,35601,30629,9169,"['36869', '99664', '99827', '99577', '99645']",False,
LIBRARY_MARTS,TIMELINE,REFERENCE__XC_ROR_RESEARCH_ORGANIZATIONS,COUNTRY_NAME,29,TEXT,YES,COUNTRY,GEO,False,True,place,135710,135710,233,"['United Kingdom', 'The Netherlands', 'Tunisia', 'Dominican Republic', 'India']",False,
LIBRARY_MARTS,TIMELINE,JUSTICE__INTL_EU_SANCTIONS,CITI_COUNTRY,62,TEXT,YES,COUNTRY,GEO,False,True,place,42347,2702,84,"['SAU', 'LBN', 'EGY', 'PAK', 'IRQ']",False,
LIBRARY_MARTS,JUSTICE,JUSTICE__FED_COURTLISTENER_JUDGE_EDUCATIONS,PERSON_ID,7,TEXT,YES,CL_PERSON_ID,STEEL,False,True,person,12777,12746,7398,"['285', '307', '311', '44', '60']",True,mirror_of_wired_landing
LIBRARY_MARTS,TIMELINE,PROCUREMENT__FED_USASPENDING_BULK,PRIME_AWARD_TRANSACTION_PLACE_OF_PERFORMANCE_COUNTY_FIPS_CODE,81,TEXT,YES,FIPS,GEO,False,True,place,49613,44077,1274,"['53053', '17097', '37077', '11001', '35001']",True,mirror_of_wired_landing
LIBRARY_MARTS,CORPORATE_REGISTRY,CORPORATE_REGISTRY__INTL_UK_COMPANIES_HOUSE,COUNTRY_OF_ORIGIN,11,TEXT,YES,COUNTRY,GEO,False,True,place,5734780,5734496,215,"['United Kingdom', 'CYPRUS', 'JAPAN', 'JERSEY', 'CHANNEL ISLANDS']",False,
LIBRARY_MARTS,TIMELINE,ECONOMICS__FED_USASPENDING_CONTRACTS_FULL,RECIPIENT_ZIP_4_CODE,73,TEXT,YES,ZIP,GEO,False,True,place,20000000,19596456,29335,"['070838517', '028527529', '815032556', '532024103', '542290176']",True,mirror_of_wired_landing
LIBRARY_MARTS,ENVIRONMENT,ENVIRONMENT__FED_EPA_SUPERFUND_SITE_BOUNDARIES,ZIP_CODE,20,TEXT,YES,ZIP,GEO,False,True,place,2114,2112,1572,"['06422', '05401', '03904', '05156', '08010']",False,
LIBRARY_MARTS,TIMELINE,ECONOMICS__FED_IRS_REVOCATION,EIN,5,TEXT,YES,EIN,STEEL,False,True,organization,1187367,1187366,1187366,"['010883680', '941647916', '261302334', '510202525', '341471713']",True,mirror_of_wired_landing
LIBRARY_MARTS,TIMELINE,POLITICS__IRS527_8871_ORGS,EIN,6,TEXT,YES,EIN,STEEL,False,True,organization,77591,77590,58915,"['043670643', '455062827', '203030278', '883117123', '261258231']",False,
LIBRARY_MARTS,ENVIRONMENT,ENVIRONMENT__FED_EPA_TRI_BASIC_2023,C_9_ZIP,9,TEXT,YES,ZIP,GEO,False,True,place,78647,78647,8803,"['67505', '49442', '70665', '75603', '48239']",True,mirror_of_wired_landing
LIBRARY_MARTS,TIMELINE,ECONOMICS__FED_IRS_AUTO_REVOCATIONS,EIN,5,TEXT,YES,EIN,STEEL,False,True,organization,1207295,1207294,1187975,"['002147725', '010153868', '010222737', '010210556', '000262358']",True,mirror_of_wired_landing
LIBRARY_MARTS,TIMELINE,IMMIGRATION__FED_DOL_OFLC,WORKSITE_POSTAL_CODE_6,162,TEXT,YES,ZIP,GEO,False,True,place,664616,1107,664,"['98104', '94086', '', '63114', '44667']",False,
LIBRARY_MARTS,TIMELINE,PROCUREMENT__FED_SAM_EXCLUSIONS,ZIP,22,TEXT,YES,ZIP,GEO,False,True,place,167928,125886,18512,"['93003', '95824', '75773', '07712', '633224']",False,
LIBRARY_MARTS,ECONOMICS,ECONOMICS__INTL_GLEIF,ENTITY_TRANSLITERATEDOTHERADDRESSES_TRANSLITERATEDOTHERADDRESS_5_POSTALCODE,187,TEXT,YES,ZIP,GEO,False,True,place,3382301,0,0,[''],True,mirror_of_wired_landing
LIBRARY_MARTS,TIMELINE,HEALTH__FED_CMS_MEDICARE_DIALYSIS_FACILITIES,NPI,11,TEXT,YES,NPI,STEEL,False,True,provider,12456456,12411454,8140,"['1558473397', '1881627263', '1720043714', '1205938404', '1063445443']",True,mirror_of_wired_landing
LIBRARY_MARTS,IMMIGRATION,IMMIGRATION__FED_DOL_OFLC,WORKSITE_POSTAL_CODE_1,53,TEXT,YES,ZIP,GEO,False,True,place,664616,594032,11755,"['19355', '45202', '7506', '08540-6632', '21090']",False,
LIBRARY_MARTS,TIMELINE,HEALTH__FED_HRSA_HPSA_PRIMARY_CARE,COMMON_POSTAL_CODE,64,TEXT,YES,ZIP,GEO,False,True,place,79158,7523,4752,"['70633', '89427', '69043', '85746', '50853']",False,
LIBRARY_MARTS,TRANSPORT,TRANSPORT__FED_NTSB_AVIATION_AIRCRAFT,OWNER_COUNTRY,38,TEXT,YES,COUNTRY,GEO,False,True,place,31503,31503,148,"['CA', 'BO', 'AU', 'IT', 'PE']",False,
LIBRARY_MARTS,POLITICS,POLITICS__FED_MEDSL_SENATE_RETURNS,STATE_FIPS,4,TEXT,YES,FIPS,GEO,False,True,place,3945,3945,50,"['15', '45', '4', '6', '9']",False,
LIBRARY_MARTS,ENVIRONMENT,ENVIRONMENT__FED_EPA_FRS_FRS_FACILITIES,FAC_ZIP,6,TEXT,YES,ZIP,GEO,False,True,place,3277557,2897241,43006,"['75831', '84665', '75833', '79754', '15851']",True,mirror_of_wired_landing
LIBRARY_MARTS,TIMELINE,ECONOMICS__FED_USASPENDING_CONTRACTS,RECIPIENT_DUNS,17,TEXT,YES,DUNS,STEEL,False,True,organization,6325622,0,0,[''],True,mirror_of_wired_landing
LIBRARY_MARTS,HEALTH,HEALTH__FED_CMS_MEDICARE_INPATIENT_HOSPITALS_BY_PROVIDER_AND_SERVICE,RNDRNG_PRVDR_ZIP5,6,TEXT,YES,ZIP,GEO,False,True,place,145879,145879,2687,"['35630', '36467', '36049', '36301', '35957']",True,mirror_of_wired_landing
LIBRARY_MARTS,CORPORATE_REGISTRY,CORPORATE_REGISTRY__UK_COMPANIES_HOUSE_PSC,COMPANY_NUMBER,2,TEXT,YES,COMPANY_NO,STEEL,False,True,organization,15804611,15804611,10825858,"['13944557', '13944504', '13944514', '13944430', '13944567']",True,mirror_of_wired_landing
LIBRARY_MARTS,TIMELINE,ECONOMICS__FED_USASPENDING_ASSISTANCE_FULL,PRIME_AWARD_TRANSACTION_RECIPIENT_STATE_FIPS_CODE,63,TEXT,YES,FIPS,GEO,False,True,place,19902879,19794014,56,"['17', '38', '33', '34', '42']",True,mirror_of_wired_landing
LIBRARY_MARTS,TIMELINE,HEALTH__FED_CMS_NURSING_HOME_FIRE_DEFICIENCIES,CMS_CERTIFICATION_NUMBER_CCN,5,TEXT,YES,CCN,STEEL,False,True,facility,200030,197001,13686,"['015014', '015032', '015015', '015009', '015012']",True,mirror_of_wired_landing
LIBRARY_MARTS,TRANSPORT,TRANSPORT__FED_NTSB_AVIATION_AIRCRAFT,DPRT_COUNTRY,64,TEXT,YES,COUNTRY,GEO,False,True,place,31503,31503,144,"['GB', 'None', 'BS', 'MA', 'USA']",False,
LIBRARY_MARTS,TIMELINE,FINANCE__FED_SEC_DERA_SUB_2024Q1,EIN,24,TEXT,YES,EIN,STEEL,False,True,organization,6028,4632,4238,"['841573084', '581954497', '412252162', '133951308', '871779429']",True,mirror_of_wired_landing
LIBRARY_MARTS,HEALTH,HEALTH__FED_CMS_MEDICARE_DIABETES_PREVENTION_PROGRAM,ZIP_CODE,9,TEXT,YES,ZIP,GEO,False,True,place,1037,1037,870,"['19958', '50010', '01757', '80503', '80524']",True,mirror_of_wired_landing
LIBRARY_MARTS,TIMELINE,HEALTH__FED_CMS_SKILLED_NURSING_FACILITY_ENROLLMENTS,MULTIPLE_NPI_FLAG,10,TEXT,YES,NPI,STEEL,False,True,provider,14425,0,0,"['N', 'Y']",True,mirror_of_wired_landing
LIBRARY_MARTS,ECONOMICS,ECONOMICS__FED_FAC_SINGLE_AUDIT,AUDITEE_UEI,3,TEXT,YES,UEI,STEEL,False,True,organization,411638,411638,59493,"['W3K5CJAECZB6', 'TQM3D4WU35W9', 'GMFNKSDMBWR9', 'SKM3J22LHML3', 'C4L1HQHL1AN9']",True,mirror_of_wired_landing
LIBRARY_MARTS,TIMELINE,FINANCE__FED_FEC_INDIV_CONTRIBUTIONS,ZIP_CODE,10,TEXT,YES,ZIP,GEO,False,True,place,84172112,84109522,43626,"['967901002', '98604', '76155', '461423722', '20740']",True,mirror_of_wired_landing
LIBRARY_MARTS,FINANCE,FINANCE__INTL_OSFI_REGULATED_FI,POSTAL_ZIP_CODE,13,TEXT,YES,ZIP,GEO,False,True,place,343,1,1,"['M5K 1J3', 'M5H 1T1', 'M5H 1J8', 'T2P 3N9', 'L5R 4B2']",False,
LIBRARY_MARTS,_RESTORE_20260731,FINANCE__FED_FEC_BULK_CANDIDATES,CAND_ID,1,TEXT,YES,FEC_CAND_ID,STEEL,False,True,person,17900,17900,13240,"['H0CA25220', 'H0FL17159', 'H0FL18215', 'H0AL01055', 'H0CA39114']",True,mirror_of_wired_landing
LIBRARY_MARTS,FINANCE,FINANCE__FED_SEC_DERA_SUB_2026Q1,EIN,20,TEXT,YES,EIN,STEEL,False,True,organization,6169,4530,4236,"['351562417', '870267438', '610143150', '232249083', '621765329']",True,mirror_of_wired_landing
LIBRARY_MARTS,ECONOMICS,ECONOMICS__FED_IRS_EO_PR,ZIP,7,TEXT,YES,ZIP,GEO,False,True,place,2587,2587,165,"['00785-2877', '00918-3537', '00936-6086', '00717-1225', '00902-0000']",True,mirror_of_wired_landing
LIBRARY_MARTS,HEALTH,HEALTH__FED_CMS_MEDICARE_PHYSICIAN_OTHER_PRACTITIONERS_BY_PROVIDER,RNDRNG_PRVDR_CNTRY,15,NUMBER,YES,COUNTRY,GEO,False,True,place,1296739,0,0,[],True,mirror_of_wired_landing
LIBRARY_MARTS,ECONOMICS,ECONOMICS__INTL_GLEIF_REPEX,LEI,1,TEXT,YES,LEI,STEEL,False,True,organization,6259489,6259489,3142660,"['743700TRNDZ1IT9N6W23', '743700U1HQ7C86P9JC16', '743700UL1MCCAEEVYN33', '743700V8861UFB995027', '9845005E9R039EBX6632']",True,mirror_of_wired_landing
LIBRARY_MARTS,HEALTH,HEALTH__FED_CMS_IRF,ZIP_CODE,7,TEXT,YES,ZIP,GEO,False,True,place,1222,1222,1127,"['35401', '90732', '91328', '94578', '90813']",True,mirror_of_wired_landing
LIBRARY_MARTS,TIMELINE,HOUSING__FED_CFPB_HMDA,LEI,6,TEXT,YES,LEI,STEEL,False,True,organization,28301,28301,538,"['2549009X2AG1P20YAJ63', '549300QKL5FUBZ8LSF50', '549300S5YL3OH0IVCS62', '549300AT7S7TRS2KSX88', '549300KBWX4NV5Q1E376']",True,mirror_of_wired_landing
LIBRARY_MARTS,ENVIRONMENT,ENVIRONMENT__FED_NOAA_STORM_EVENTS,STATE_FIPS,10,TEXT,YES,FIPS,GEO,False,True,place,1780730,1780729,69,"['12', '17', '37', '33', '19']",False,
LIBRARY_MARTS,MARITIME,MARITIME__FED_NOAA_AIS,IMO_NUMBER,3,TEXT,YES,IMO,STEEL,False,True,vessel,58104610,24361306,6630,"['IMO9517575', 'IMO7612266', 'IMO9866902', 'IMO9463023', 'IMO9627186']",True,mirror_of_wired_landing
LIBRARY_MARTS,TIMELINE,HEALTH__FED_CMS_HCRIS,ZIP_CODE,12,TEXT,YES,ZIP,GEO,False,True,place,6103,6103,4928,"['61944-', '47348', '80534', '36451-', '87305']",True,mirror_of_wired_landing
LIBRARY_MARTS,HEALTH,HEALTH__FED_HHS_OIG_LEIE,NPI_IS_REAL,17,BOOLEAN,YES,NPI,STEEL,False,True,provider,83369,0,0,"['true', 'false']",True,mirror_of_wired_landing
LIBRARY_MARTS,ECONOMICS,ECONOMICS__FED_USASPENDING_ASSISTANCE_FULL,RECIPIENT_DUNS,44,TEXT,YES,DUNS,STEEL,False,True,organization,19902879,7239046,478231,"['824799407', '136730434', '063083794', '046558334', '080951007']",True,mirror_of_wired_landing
LIBRARY_MARTS,TIMELINE,ENVIRONMENT__FED_EPA_TRI_BASIC_2023,C_3_FRS_ID,7,TEXT,YES,FRS_ID,STEEL,False,True,facility,78647,78505,21760,"['110000540308', '110001868024', '110024282186', '110070813941', '110039204740']",True,mirror_of_wired_landing
LIBRARY_MARTS,TIMELINE,ECONOMICS__FED_FDIC_FAILED_BANKS,FIPS,6,TEXT,YES,FIPS,GEO,False,True,place,3584,0,0,[''],False,
LIBRARY_MARTS,TIMELINE,HEALTH__FED_FDA_DEVICE_510K,POSTAL_CODE,24,TEXT,YES,ZIP,GEO,False,True,place,175686,155952,8537,"['92821', '110018', '60089', 'Ch 2400', '2000']",False,
LIBRARY_MARTS,TIMELINE,POLITICS__ST_NYC_CFB_CAMPAIGN_2013_CONTRIBUTION,INTERMEDIARY_ZIP,45,TEXT,YES,ZIP,GEO,False,True,place,197968,17406,271,"['11372', '11216', '10023', '7722', '10304']",False,
LIBRARY_MARTS,TIMELINE,ECONOMICS__FED_DOL_FORM5500,PREPARER_EIN,25,TEXT,YES,EIN,STEEL,False,True,organization,33484,0,0,[''],True,mirror_of_wired_landing
LIBRARY_MARTS,ENVIRONMENT,ENVIRONMENT__FED_EPA_ECHO,ZIP,6,TEXT,YES,ZIP,GEO,False,True,place,3135554,2762068,42864,"['16502', '90740', '40051', '29607', '45251']",True,mirror_of_wired_landing
LIBRARY_MARTS,HEALTH,HEALTH__FED_CMS_NPPES,NPI_REACTIVATION_DATE,41,DATE,YES,NPI,STEEL,False,True,provider,9606683,18426,3060,"['2025-10-06', '2024-12-10', '2007-02-01', '2019-02-18', '2024-12-04']",True,mirror_of_wired_landing
LIBRARY_MARTS,CORPORATE_REGISTRY,CORPORATE_REGISTRY__UK_COMPANIES_HOUSE_PSC,COUNTRY_REGISTERED,21,TEXT,YES,COUNTRY,GEO,False,True,place,15804611,985028,2897,"['England & Wales', 'England', 'United Kingdom', 'Pakistan', 'India']",True,mirror_of_wired_landing
LIBRARY_MARTS,FINDINGS,EXCLUDED_PROVIDER_AT_FACILITY,FACILITY_CCN,6,TEXT,YES,CCN,STEEL,False,True,facility,28,24,24,"['058392', '260048', '297239', '100019', '100204']",False,
LIBRARY_MARTS,TIMELINE,PROCUREMENT__FED_USASPENDING_BULK,RECIPIENT_COUNTRY_NAME,64,TEXT,YES,COUNTRY,GEO,False,True,place,49613,49613,88,"['UNITED KINGDOM', 'CONGO (KINSHASA)', 'JORDAN', 'UNITED STATES', 'AUSTRIA']",True,mirror_of_wired_landing
LIBRARY_MARTS,TIMELINE,SCIENCE_RESEARCH__FED_NIH_REPORTER,ORG_ZIP,18,TEXT,YES,ZIP,GEO,False,True,place,2122611,0,0,[],True,mirror_of_wired_landing
LIBRARY_MARTS,TIMELINE,FINANCE__FED_FEC_COMMITTEE_TO_CANDIDATE,CMTE_ID,5,TEXT,YES,FEC_CMTE_ID,STEEL,False,True,organization,866730,866730,6270,"['C00383661', 'C00835967', 'C00649525', 'C00880765', 'C00806604']",True,mirror_of_wired_landing
LIBRARY_MARTS,ENVIRONMENT,ENVIRONMENT__XC_EPA_CORPORATE_CROSSWALK,ULTIMATE_PARENT_LEI,7,TEXT,YES,LEI,STEEL,False,True,organization,5300149,37640,1174,"['5493003S21INSLK2IP73', 'J3WHBG0MTS7O8ZVMDC91', '549300Y081F8XIKQIO72', '549300J4U55H3WP1XT59', '213800LH1BZH3DI6G760']",False,
LIBRARY_MARTS,REFERENCE,REFERENCE__XC_ROR_RESEARCH_ORGANIZATIONS,COUNTRY_NAME,25,TEXT,YES,COUNTRY,GEO,False,True,place,135710,135710,233,"['Germany', 'Iran', 'South Korea', 'The Netherlands', 'Italy']",False,
LIBRARY_MARTS,TIMELINE,HEALTH__FED_CMS_HOME_HEALTH_AGENCY_ENROLLMENTS,ZIP_CODE,24,TEXT,YES,ZIP,GEO,False,True,place,11508,11508,4489,"['246149611', '182015695', '908073531', '925063260', '900102207']",True,mirror_of_wired_landing
LIBRARY_MARTS,TIMELINE,CORPORATE_REGISTRY__FED_IRS_EO_BMF,ZIP,11,TEXT,YES,ZIP,GEO,False,True,place,1983563,1983563,37060,"['42164-8785', '49506-2025', '46992-0027', '44601-4323', '48236-3716']",True,mirror_of_wired_landing
LIBRARY_MARTS,HEALTH,HEALTH__FED_CMS_HOME_HEALTH_AGENCY_ENROLLMENTS,ZIP_CODE,20,TEXT,YES,ZIP,GEO,False,True,place,11508,11508,4489,"['187081122', '763013105', '891183278', '921234368', '163652111']",True,mirror_of_wired_landing
LIBRARY_MARTS,JUSTICE,JUSTICE__FED_SCDB,DOCKET_ID,3,TEXT,YES,DOCKET,STRONG,False,True,case,83644,83644,9341,"['1960-073-01', '2004-020-01', '1981-070-01', '2017-059-01', '2014-079-01']",False,
LIBRARY_MARTS,JUSTICE,JUSTICE__FED_COURTLISTENER_ORIGINATING_COURT_INFO,DOCKET_NUMBER_RAW,16,TEXT,YES,DOCKET,STRONG,False,True,case,973419,902366,736247,"['14-02-01192-CV', '06-02-00016-CV', '01-00-00575-CV', '12-01-00327-CV', '03-03-00143-CV']",True,mirror_of_wired_landing
LIBRARY_MARTS,LABOR,LABOR__FED_OSHA_ITA_300A_SUMMARY_2025,ZIP_CODE,9,TEXT,YES,ZIP,GEO,False,True,place,383283,383277,24638,"['19034', '97005', '08057', '78628', '90220']",True,mirror_of_wired_landing
LIBRARY_MARTS,TIMELINE,HEALTH__FED_FDA_DEVICE_510K,ZIP_CODE,25,TEXT,YES,ZIP,GEO,False,True,place,175686,155956,8538,"['2000', '92130', 'RG24 8PW', '489-0071', 'G1P 3S5']",False,
LIBRARY_MARTS,ECONOMICS,ECONOMICS__FED_FOREIGNASSISTANCE,EIN,9,TEXT,YES,EIN,STEEL,False,True,organization,95658,0,0,[''],False,
LIBRARY_MARTS,HEALTH,HEALTH__FED_CMS_HOSPITAL_ENROLLMENTS,ZIP_CODE,20,TEXT,YES,ZIP,GEO,False,True,place,9175,9175,4941,"['468044140', '852024707', '501151549', '457012302', '031033502']",True,mirror_of_wired_landing
LIBRARY_MARTS,FINANCE,FINANCE__FED_FEC_CAND_CMTE_LINKAGE,CMTE_ID,4,TEXT,YES,FEC_CMTE_ID,STEEL,False,True,organization,30536,30536,16251,"['C00239038', 'C00464149', 'C00480624', 'C00482901', 'C00469940']",True,mirror_of_wired_landing
LIBRARY_MARTS,HEALTH,HEALTH__FED_CMS_OPEN_PAYMENTS_2023,RECIPIENT_ZIP_CODE,9,TEXT,YES,ZIP,GEO,False,True,place,14700786,14700169,21484,"['32763', '32135', '79101', '33711', '33780']",True,mirror_of_wired_landing
LIBRARY_MARTS,FINANCE,FINANCE__FED_SEC_DERA_SUB_2025Q3,EIN,20,TEXT,YES,EIN,STEEL,False,True,organization,6541,4938,4494,"['132578432', '720496921', '230458500', '330204817', '340183970']",True,mirror_of_wired_landing
LIBRARY_MARTS,TIMELINE,ENVIRONMENT__FED_EPA_SDWA_SDWA_GEOGRAPHIC_AREAS,PWSID,6,TEXT,YES,PWSID,STEEL,False,True,facility,578198,578198,413877,"['MI2293063', 'MI2030218', 'OK2004253', 'MI2044254', 'NH0195050']",True,mirror_of_wired_landing
LIBRARY_MARTS,TRANSPORT,TRANSPORT__FED_FAA_DATA_PORTAL,FIPS,11,TEXT,YES,FIPS,GEO,False,True,place,3,0,0,[''],False,
LIBRARY_MARTS,ENVIRONMENT,ENVIRONMENT__EPA_PENALTY_GAP,FRS_ID,1,TEXT,YES,FRS_ID,STEEL,False,True,facility,93808,93808,93808,"['110053869177', '110070133814', '110070817560', '110013069106', '110049432146']",False,
LIBRARY_MARTS,HEALTH,HEALTH__FED_CMS_HOSPITAL_GENERAL,ZIP_CODE,6,TEXT,YES,ZIP,GEO,False,True,place,5432,5432,4724,"['85037', '86004', '36467', '36693', '85008']",True,mirror_of_wired_landing
LIBRARY_MARTS,TIMELINE,ENVIRONMENT__FED_EPA_EGRID_PLANT_2022,PLANT_FIPS_COUNTY_CODE,22,TEXT,YES,FIPS,GEO,False,True,place,11974,11939,255,"['115', '188', 'FIPSCNTY', '122', '119']",False,
LIBRARY_MARTS,TRANSPORT,TRANSPORT__FED_NTSB_AVIATION_AIRCRAFT,OWNER_ZIP,39,TEXT,YES,ZIP,GEO,False,True,place,31503,24827,9856,"['23602', '75235', '99613', '95472', '95666']",False,
LIBRARY_MARTS,TIMELINE,JUSTICE__FED_FJC_IDB_APPELLATE,DISTRICT_DOCKET,24,TEXT,YES,DOCKET,STRONG,False,True,case,988183,988183,176069,"['0502305', '0800333', '0800311', '9600076', '0700774']",False,
LIBRARY_MARTS,TIMELINE,FINANCE__FED_PCAOB_FORM_AP_FILINGS,FIRM_COUNTRY,12,TEXT,YES,COUNTRY,GEO,False,True,place,155384,155384,55,"['Denmark', 'United States', 'Bermuda', 'Brazil', 'Canada']",True,mirror_of_wired_landing
LIBRARY_MARTS,TIMELINE,FINANCE__FED_SEC_EDGAR_FINANCIALS,CIK,6,TEXT,YES,CIK,STEEL,False,True,organization,55635,55635,8112,"['1956955', '85535', '15847', '1618563', '1846084']",True,mirror_of_wired_landing
LIBRARY_MARTS,TIMELINE,ENVIRONMENT__FED_USCG_NRC_INCIDENT_REPORTS,RESPONSIBLE_ZIP,11,TEXT,YES,ZIP,GEO,False,True,place,116662,36730,8468,"['65803', '65672', '20664', '77571', '77002']",False,
LIBRARY_MARTS,ENVIRONMENT,ENVIRONMENT__FED_USCG_NRC_INCIDENT_REPORTS,RESPONSIBLE_ZIP,7,TEXT,YES,ZIP,GEO,False,True,place,116662,36730,8468,"['96817', '43701', '77571', '97402', '98106']",False,
LIBRARY_MARTS,TIMELINE,JUSTICE__INTL_UCDP_GED,COUNTRY_ID,39,TEXT,YES,COUNTRY,GEO,False,True,place,385918,0,0,"['500', '369', '70', '640', '471']",False,
LIBRARY_MARTS,JUSTICE,JUSTICE__FED_COURTLISTENER_COURTHOUSES,COUNTRY_CODE,10,TEXT,YES,COUNTRY,GEO,False,True,place,3361,3361,2,"['US', 'GB']",True,mirror_of_wired_landing
LIBRARY_MARTS,FINDINGS,REVOKED_BUT_DEDUCTIBLE,EIN,1,TEXT,YES,EIN,STEEL,False,True,organization,22512,22512,22512,"['226035581', '412251959', '132923681', '340065670', '237585937']",False,
LIBRARY_MARTS,SCIENCE_RESEARCH,SCIENCE_RESEARCH__FED_SBIR_STTR_AWARDS,UEI,8,TEXT,YES,UEI,STEEL,False,True,organization,219503,152799,17160,"['KUAKCGBHVRN6', 'Y3XLZBWYMU96', 'HT19FEFNVXC5', 'HMC9E3DLBP75', 'Z3BBX7KX4WU5']",True,mirror_of_wired_landing
LIBRARY_MARTS,TIMELINE,CORPORATE_REGISTRY__UK_COMPANIES_HOUSE_PSC,ADDRESS_COUNTRY,22,TEXT,YES,COUNTRY,GEO,False,True,place,15804611,13356433,1099,"['Wales', 'United States', 'Sweden', 'United Kingdom', 'England']",True,mirror_of_wired_landing
LIBRARY_MARTS,IMMIGRATION,IMMIGRATION__FED_DOL_OFLC,WORKSITE_POSTAL_CODE_5,137,TEXT,YES,ZIP,GEO,False,True,place,664616,1864,1024,"['84116', '63131', '8807', '33131', '90024']",False,
LIBRARY_MARTS,TIMELINE,TRANSPORT__FED_NTSB_AVIATION_AIRCRAFT,OWNER_ZIP,43,TEXT,YES,ZIP,GEO,False,True,place,31503,24827,9856,"['None', '38027', '19958', '73`120', '36305']",False,
LIBRARY_MARTS,TIMELINE,ECONOMICS__FED_IRS_EO_PR,ZIP,11,TEXT,YES,ZIP,GEO,False,True,place,2587,2587,165,"['00740-0564', '00732-7313', '00612-3877', '00919-2017', '00603-0000']",True,mirror_of_wired_landing
LIBRARY_MARTS,TIMELINE,JUSTICE__INTL_EU_SANCTIONS,ADDR_ZIPCODE,35,TEXT,YES,ZIP,GEO,False,True,place,42347,82,72,"['1090', 'D-21073', 'PO Box 1406 - 60455', '', '60453']",False,
LIBRARY_MARTS,TIMELINE,POLITICS__ST_NYC_CFB_CAMPAIGN_2013_CONTRIBUTION,ZIP,27,TEXT,YES,ZIP,GEO,False,True,place,197968,187664,3831,"['7030', '11104', '10458', '7110', '11746']",False,
LIBRARY_MARTS,MONEY_FINANCE,MONEY__DEBT_REPAYMENT_CLIFF,COUNTRY_NAME,3,TEXT,YES,COUNTRY,GEO,False,True,place,938,938,134,"['Mexico', 'Cambodia', 'Mauritius', 'Madagascar', 'Mongolia']",False,
LIBRARY_MARTS,TIMELINE,FINANCE__FED_SEC_DERA_SUB_2024Q3,EIN,24,TEXT,YES,EIN,STEEL,False,True,organization,6699,5188,4686,"['340538550', '410919654', '610156015', '741677284', '560846267']",True,mirror_of_wired_landing
LIBRARY_MARTS,POLITICS,POLITICS__MEMBER_SPINE,ICPSR,3,NUMBER,YES,ICPSR,STEEL,False,True,person,12794,12298,12298,"['2', '4', '130', '186', '18']",False,
LIBRARY_MARTS,TRANSPORT,TRANSPORT__FED_FAA_AIRCRAFT_REGISTRY,ZIP_CODE,12,TEXT,YES,ZIP,GEO,False,True,place,315447,310441,25109,"['560691853', '547255085', '981124611', '639600128', '236029113']",False,
LIBRARY_MARTS,_RESTORE_20260731,JUSTICE__FED_FJC_IDB,DOCKET,9,TEXT,YES,DOCKET,STRONG,False,True,case,1,0,0,[''],False,
LIBRARY_MARTS,TIMELINE,HEALTH__FED_DEA_ARCOS,REPORTER_DEA_NO,8,TEXT,YES,DEA_NO,STEEL,False,True,organization,178598026,178598026,656,"['PD0203377', 'PD0029567', 'PD0044709', 'PD0058063', 'PF0000012']",False,
LIBRARY_MARTS,HEALTH,HEALTH__FED_CMS_HOSPICE,CCN,1,TEXT,YES,CCN,STEEL,False,True,facility,6852,5155,5155,"['001510', '001527', '011524', '001508', '011602']",True,mirror_of_wired_landing
LIBRARY_MARTS,HOUSING,HOUSING__FED_CFPB_HMDA_ARID2017_LEI_XREF,LEI_2020,5,TEXT,YES,LEI,STEEL,False,True,organization,5399,4130,4130,"['549300T1ONVEMLQ4B629', '549300XKEC7P1D7OKJ16', '5493002GOGIUXB84JB89', '549300C690YBM0ROXL93', '549300OULGV8ZW0JV320']",True,mirror_of_wired_landing
LIBRARY_MARTS,ECONOMICS,ECONOMICS__FED_DOL_FORM5500,SPONS_DFE_MAIL_US_ZIP,43,TEXT,YES,ZIP,GEO,False,True,place,33484,33344,10054,"['84115', '80439', '63049', '85704', '95630']",True,mirror_of_wired_landing
LIBRARY_MARTS,FINANCE,FINANCE__FED_FARA,FOREIGN_PRINCIPAL_COUNTRY,4,NUMBER,YES,COUNTRY,GEO,False,True,place,30,0,0,[],False,
LIBRARY_MARTS,FINANCE,FINANCE__FED_FEC_COMMITTEE_TO_CANDIDATE,ZIP_CODE,11,TEXT,YES,ZIP,GEO,False,True,place,866730,865278,5748,"['04240', '29587', '223111013', '223011328', '84603']",True,mirror_of_wired_landing
LIBRARY_MARTS,ECONOMICS,ECONOMICS__FED_SEC_EDGAR,EIN,3,TEXT,YES,EIN,STEEL,False,True,organization,200,190,19,"['942404110', '611767919', '943177549', '911144442', '911646860']",False,
LIBRARY_MARTS,TIMELINE,ECONOMICS__FED_USASPENDING_ASSISTANCE_FULL,PRIME_AWARD_TRANSACTION_RECIPIENT_COUNTY_FIPS_CODE,61,TEXT,YES,FIPS,GEO,False,True,place,19902879,19692887,7085,"['47163.0', '48201.0', '', '41051', '42101.0']",True,mirror_of_wired_landing
LIBRARY_MARTS,ENERGY,ENERGY__FED_EIA860_2_PLANT,FERC_COGENERATION_DOCKET_NUMBER,21,TEXT,YES,DOCKET,STRONG,False,True,case,16132,447,438,"['89-41-000', '84-395-002', '82-065-000', '93-36-000', '90-32-001']",False,
LIBRARY_MARTS,TIMELINE,ENVIRONMENT__FED_EPA_SDWA_SDWA_PN_VIOLATION_ASSOC,PWSID,6,TEXT,YES,PWSID,STEEL,False,True,facility,387627,387627,42034,"['010502002', '020000004', '010106001', '010307001', '055294101']",True,mirror_of_wired_landing
LIBRARY_MARTS,TIMELINE,FINANCE__FED_SEC_DERA_SUB_2025Q4,EIN,24,TEXT,YES,EIN,STEEL,False,True,organization,6304,4870,4501,"['954352386', '132592361', '362668272', '952557091', '941692300']",True,mirror_of_wired_landing
LIBRARY_MARTS,TIMELINE,PROCUREMENT__FED_USASPENDING_BULK,COUNTRY_OF_PRODUCT_OR_SERVICE_ORIGIN_CODE,126,TEXT,YES,COUNTRY,GEO,False,True,place,49613,45072,119,"['', 'DEU', 'HND', 'USA', 'GBR']",True,mirror_of_wired_landing
LIBRARY_MARTS,ENVIRONMENT,ENVIRONMENT__FED_EPA_FRS_FACILITIES,FIPS_CODE,7,TEXT,YES,FIPS,GEO,False,True,place,5300149,4233650,7542,"['37017', 'CO041', '06099', '06081', '27037']",False,
LIBRARY_MARTS,HOUSING,HOUSING__FED_CFPB_HMDA,LEI,2,TEXT,YES,LEI,STEEL,False,True,organization,28301,28301,538,"['254900791X4X11AYVA11', '549300GCUYVW860UOZ07', '549300S5YL3OH0IVCS62', '549300QKL5FUBZ8LSF50', '549300KBWX4NV5Q1E376']",True,mirror_of_wired_landing
LIBRARY_MARTS,TIMELINE,ECONOMICS__FED_BLS_QCEW,STATE_FIPS,6,TEXT,YES,FIPS,GEO,False,True,place,3619437,3619437,59,"['17', '01', '53', '27', '42']",False,
LIBRARY_MARTS,TIMELINE,ENVIRONMENT__EPA_PENALTY_GAP,FIPS_CODE,10,TEXT,YES,FIPS,GEO,False,True,place,93808,87311,3160,"['09015', '54045', '49029', '15001', '06111']",False,
LIBRARY_MARTS,EDUCATION,EDUCATION__FED_ED_COLLEGE_SCORECARD_INSTITUTION,STATE_FIPS,14,TEXT,YES,FIPS,GEO,False,True,place,6273,6273,59,"['13', '1', '4', '11', '2']",False,
LIBRARY_MARTS,HEALTH,HEALTH__FED_CMS_DIALYSIS,CCN,1,TEXT,YES,CCN,STEEL,False,True,facility,7557,7557,7557,"['012526', '012621', '012692', '012500', '012501']",True,mirror_of_wired_landing
LIBRARY_MARTS,POLITICS,POLITICS__ST_NYC_CFB_CAMPAIGN_2009_CONTRIBUTION,ZIP,23,TEXT,YES,ZIP,GEO,False,True,place,146112,138671,2763,"['10304', '11214', '11229', '10029', '10037']",False,
LIBRARY_MARTS,TIMELINE,JUSTICE__FED_FJC_IDB_BANKRUPTCY,DOCKET,14,TEXT,YES,DOCKET,STRONG,False,True,case,6965441,6965441,674677,"['2070009', '1746988', '1632638', '1914395', '2026426']",False,
LIBRARY_MARTS,TIMELINE,ENVIRONMENT__FED_EPA_NPDES_NPDES_INSPECTIONS,REGISTRY_ID,5,TEXT,YES,FRS_ID,STEEL,False,True,facility,1900067,1899932,263075,"['110010921093', '110000732985', '110010843819', '110043272339', '110009787436']",True,mirror_of_wired_landing
LIBRARY_MARTS,TIMELINE,JUSTICE__XC_VERA_INCARCERATION_TRENDS,COUNTY_FIPS,6,TEXT,YES,FIPS,GEO,False,True,place,128507,128507,3075,"['01047', '01127', '01095', '01103', '01005']",False,
LIBRARY_MARTS,ECONOMICS,ECONOMICS__FED_FAC_SINGLE_AUDIT,AUDITOR_ZIP,14,TEXT,YES,ZIP,GEO,False,True,place,411638,411602,5859,"['25703', '38120', '90017', '32308', '42240']",True,mirror_of_wired_landing
LIBRARY_MARTS,ENVIRONMENT,ENVIRONMENT__FED_NOAA_WEATHER_API,ZIP_CODE,32,TEXT,YES,ZIP,GEO,False,True,place,287,0,0,[''],False,
LIBRARY_MARTS,TIMELINE,ECONOMICS__FED_USASPENDING_CONTRACTS,RECIPIENT_ZIP_4_CODE,25,TEXT,YES,ZIP,GEO,False,True,place,6325622,6218423,16734,"['904-0034', '201476105', '152751001', '278349050', '378072961']",True,mirror_of_wired_landing
LIBRARY_MARTS,HOUSING,HOUSING__FED_HUD_PUBLIC_HOUSING_AUTHORITIES,STD_ZIP5,75,TEXT,YES,ZIP,GEO,False,True,place,3787,3785,3480,"['35233', '36863', '35957', '72021', '36602']",False,
LIBRARY_MARTS,FINANCE,FINANCE__FED_FEC_CANDIDATES,CAND_ID,1,TEXT,YES,FEC_CAND_ID,STEEL,False,True,person,27095,27095,19142,"['H4IN08215', 'H4PA09056', 'S4NY00248', 'H2WA03225', 'P40004327']",True,mirror_of_wired_landing
LIBRARY_MARTS,TIMELINE,ECONOMICS__FED_USASPENDING_CONTRACTS_FULL,RECIPIENT_UEI,53,TEXT,YES,UEI,STEEL,False,True,organization,20000000,19999806,420990,"['NN9EZSGTV1N5', 'CK77N4SCAJD3', 'N1C5QLNPJLS4', 'MTQEHWLYFXQ5', 'CH2KGNMYKBZ4']",True,mirror_of_wired_landing
LIBRARY_MARTS,POLITICS,POLITICS__IRS527_8871_ORGS,EIN,2,TEXT,YES,EIN,STEEL,False,True,organization,77591,77590,58915,"['992531123', '932445903', '393465197', '833471140', '251894455']",False,
LIBRARY_MARTS,ENVIRONMENT,ENVIRONMENT__FED_USGS_MINERALS,COUNTRY,1,TEXT,YES,COUNTRY,GEO,False,True,place,304632,304617,165,"['Laos', 'Canada', 'Malaysia', 'Russia', 'Mexico']",False,
LIBRARY_MARTS,HEALTH,HEALTH__FED_FDA_DEVICE_PMA,DOCKET_NUMBER,9,TEXT,YES,DOCKET,STRONG,False,True,case,56853,1783,1738,"['03M-0115', '', '03M-0339', '06M-0009', '03M-0049']",False,
LIBRARY_MARTS,EDUCATION,EDUCATION__FED_GOOGLE_POLADS_GEO_SPEND,COUNTRY_SUBDIVISION_PRIMARY,2,TEXT,YES,COUNTRY,GEO,False,True,place,1289,1271,202,"['US-TX', 'IN-MP', 'US-NY', 'US-OH', 'US-ME']",False,
LIBRARY_MARTS,_RESTORE_20260701,CORPORATE_REGISTRY__INTL_IE_CRO,COUNTRY,3,TEXT,YES,COUNTRY,GEO,False,True,place,1,1,1,['Ireland'],False,
LIBRARY_MARTS,HEALTH,HEALTH__FED_CMS_NPPES,NPI_DEACTIVATION_REASON_CODE,39,TEXT,YES,NPI,STEEL,False,True,provider,9606683,0,0,[''],True,mirror_of_wired_landing
LIBRARY_MARTS,TIMELINE,HEALTH__FED_HHS_OIG_LEIE,ZIP,20,TEXT,YES,ZIP,GEO,False,True,place,83369,83369,17899,"['43338', '13132', '80542', '10314', '55448']",True,mirror_of_wired_landing
LIBRARY_MARTS,IMMIGRATION,IMMIGRATION__FED_ICE_DETAINERS,DETENTION_FACILITY_CODE,5,TEXT,YES,ICE_FACILITY,STEEL,False,True,facility,609769,609744,5305,"['NOWATOK', 'TRAVITX', 'RPDCRCA', 'NYMOHOC', 'BOPSET']",True,mirror_of_wired_landing
LIBRARY_MARTS,TIMELINE,IMMIGRATION__FED_DOL_OFLC,WORKSITE_POSTAL_CODE_2,78,TEXT,YES,ZIP,GEO,False,True,place,664616,50204,5563,"['3054', '98006', '', '30338', '60018']",False,
LIBRARY_MARTS,TIMELINE,HEALTH__FED_CMS_RURAL_HEALTH_CLINIC_ENROLLMENTS,MULTIPLE_NPI_FLAG,10,TEXT,YES,NPI,STEEL,False,True,provider,5530,0,0,"['Y', 'N']",True,mirror_of_wired_landing
LIBRARY_MARTS,FINANCE,FINANCE__FED_SEC_EDGAR_COMPANY_TICKERS_EXCHANGE,CIK,1,NUMBER,YES,CIK,STEEL,False,True,organization,10398,10398,7998,"['1045810', '1437107', '277948', '1018724', '820313']",True,mirror_of_wired_landing
LIBRARY_MARTS,TIMELINE,HEALTH__FED_CMS_POS_OTHER,FIPS_CNTY_CD,36,NUMBER,YES,FIPS,GEO,False,True,place,44429,44113,321,"['71', '95', '77', '39', '69']",True,mirror_of_wired_landing
LIBRARY_MARTS,POLITICS,POLITICS__WHO_WON,BIOGUIDE,15,TEXT,YES,BIOGUIDE,STEEL,False,True,person,10976,9716,2028,"['M000174', 'G000359', 'E000284', 'I000025', 'V000112']",False,
LIBRARY_MARTS,FINANCE,FINANCE__FED_SEC_DERA_SUB_2025Q1,EIN,20,TEXT,YES,EIN,STEEL,False,True,organization,6231,4704,4305,"['410771293', '350827455', '231483991', '860062700', '981050812']",True,mirror_of_wired_landing
LIBRARY_MARTS,ENERGY,ENERGY__INTL_EMBER_ELEC,COUNTRY,1,TEXT,YES,COUNTRY,GEO,False,True,place,369264,369264,226,"['Africa', 'Saint Kitts and Nevis', 'Saint Helena, Ascension and Tristan da Cunha', 'American Samoa', 'Saint Lucia']",False,
LIBRARY_MARTS,JUSTICE,JUSTICE__XC_MAPPING_POLICE_VIOLENCE,ZIPCODE,10,TEXT,YES,ZIP,GEO,False,True,place,15476,15327,7879,"['83301', '44030', '16933', '80538', '61602']",False,
LIBRARY_MARTS,_RESTORE_20260701,ECONOMICS__FED_HHS_TAGGS,FIPS_CODE,6,TEXT,YES,FIPS,GEO,False,True,place,1,0,0,[''],False,
LIBRARY_MARTS,HEALTH,HEALTH__FED_HRSA_UDS_SERVICE_DELIVERY_SITES,HEALTH_CENTER_ZIP_CODE,34,TEXT,YES,ZIP,GEO,False,True,place,19038,19029,1392,"['42301-1952', '70570-5603', '95815-4227', '74849-1415', '77006-2602']",True,mirror_of_wired_landing
LIBRARY_MARTS,TIMELINE,FINANCE__FED_FHFA_FHLB_MEMBERSHIP,ZIP,10,TEXT,YES,ZIP,GEO,False,True,place,6327,6325,4739,"['53188', '53220', '05301', '71105', '75460']",False,
LIBRARY_MARTS,TIMELINE,IMMIGRATION__FED_ICE_DETENTION_STINTS,CITIZENSHIP_COUNTRY,29,TEXT,YES,COUNTRY,GEO,False,True,place,2571975,2571966,207,"['GUATEMALA', 'CUBA', 'NIGERIA', 'ECUADOR', 'NICARAGUA']",True,mirror_of_wired_landing
LIBRARY_MARTS,LABOR,LABOR__FED_OSHA_ITA_CASE_DETAIL_2024,EIN,4,TEXT,YES,EIN,STEEL,False,True,organization,688649,628248,20523,"['910757099', '752905434', '330517668', '203561128', '854271298']",True,mirror_of_wired_landing
LIBRARY_MARTS,TIMELINE,POLITICS__FED_FCC_LICENSING,ZIP_CODE,21,TEXT,YES,ZIP,GEO,False,True,place,1689338,1667737,37500,"['87577', '874018032', '97463', '38829', '75551']",False,
LIBRARY_MARTS,TIMELINE,POLITICS__BILLS,SPONSOR_BIOGUIDE,8,TEXT,YES,BIOGUIDE,STEEL,False,True,person,36465,36465,632,"['B001302', 'P000145', 'S001205', 'B001309', 'G000555']",False,
LIBRARY_MARTS,HEALTH,HEALTH__FED_HRSA_SHORTAGE_AREAS,STATE_FIPS_CODE,60,TEXT,YES,FIPS,GEO,False,True,place,165531,165531,60,"['66', '56', '64', '60', '68']",False,
LIBRARY_MARTS,TIMELINE,HEALTH__FED_CMS_OPEN_PAYMENTS_2023,NPI,6,TEXT,YES,NPI,STEEL,False,True,provider,14700786,14656553,933619,"['1619055985', '1154666592', '1609595107', '1679644553', '1891115325']",True,mirror_of_wired_landing
LIBRARY_MARTS,TIMELINE,JUSTICE__RACIAL_JAIL_DISPARITY,FIPS,6,TEXT,YES,FIPS,GEO,False,True,place,128507,128507,3075,"['05043', '05055', '06001', '01003', '01097']",False,
LIBRARY_MARTS,TIMELINE,JUSTICE__FED_COURTLISTENER_DOCKETS,DOCKET_NUMBER_CORE,27,TEXT,YES,DOCKET,STRONG,False,True,case,71677647,59050896,6648335,"['03005203', '9500092', '9610729', '1234428', '8950189']",True,mirror_of_wired_landing
LIBRARY_MARTS,HEALTH,HEALTH__FED_CMS_POS_OTHER,ZIP_CD,30,TEXT,YES,ZIP,GEO,False,True,place,44429,44159,13577,"['36272', '36401', '35740', '35957', '35976']",True,mirror_of_wired_landing
LIBRARY_MARTS,CORE,DIM_ZIP_POINT,STATE_FIPS,3,TEXT,YES,FIPS,GEO,False,True,place,33486,33486,51,"['25', '12', '35', '46', '04']",False,
LIBRARY_MARTS,HEALTH,HEALTH__FED_FDA_DEVICE_510K,ZIP_CODE,21,TEXT,YES,ZIP,GEO,False,True,place,175686,155956,8538,"['92069', '55082', '37831', '84119', '94025']",False,
LIBRARY_MARTS,ECONOMICS,ECONOMICS__FED_IRS_SOI_CHARITIES,ZIP,7,TEXT,YES,ZIP,GEO,False,True,place,2450,2450,113,"['00000-0000', '00823-6193', '00802-6003', '96799-1715', '00851-4405']",True,mirror_of_wired_landing
LIBRARY_MARTS,JUSTICE,JUSTICE__INTL_EURLEX_CELLAR,COUNTRY,11,TEXT,YES,COUNTRY,GEO,False,True,place,53,0,0,[''],False,
LIBRARY_MARTS,FINANCE,FINANCE__FED_FDIC_BANK_DATA,FIPS,7,TEXT,YES,FIPS,GEO,False,True,place,27836,27836,2977,"['23005', '23031', '21037', '22073', '09003']",False,
LIBRARY_MARTS,TIMELINE,ECONOMICS__FED_USASPENDING_CONTRACTS_FULL,PRIMARY_PLACE_OF_PERFORMANCE_COUNTRY_NAME,79,TEXT,YES,COUNTRY,GEO,False,True,place,20000000,19083244,262,"['CHINA', 'RUSSIA', 'UNITED STATES', '', 'UNITED STATES OF AMERICA']",True,mirror_of_wired_landing
LIBRARY_MARTS,HOUSING,HOUSING__FED_HUD_PUBLIC_HOUSING_AUTHORITIES,COUNTY_FIPS,45,TEXT,YES,FIPS,GEO,False,True,place,3787,3785,259,"['113', '067', '069', '043', '099']",False,
LIBRARY_MARTS,HEALTH,HEALTH__FED_CMS_NPPES,EMPLOYER_IDENTIFICATION_NUMBER_EIN,4,TEXT,YES,EIN,STEEL,False,True,organization,9606683,0,0,[],True,mirror_of_wired_landing
LIBRARY_MARTS,TIMELINE,FINANCE__FED_SEC_DERA_SUB_2025Q3,EIN,24,TEXT,YES,EIN,STEEL,False,True,organization,6541,4938,4494,"['132578432', '220760120', '951492269', '310724920', '340117420']",True,mirror_of_wired_landing
LIBRARY_MARTS,POLITICS,POLITICS__FED_FCC_LICENSING,EIN,13,TEXT,YES,EIN,STEEL,False,True,organization,1689338,0,0,[''],False,
LIBRARY_MARTS,HOUSING,HOUSING__FED_HUD_DATA,EIN,6,TEXT,YES,EIN,STEEL,False,True,organization,71,0,0,[''],False,
LIBRARY_MARTS,FINDINGS,HOSPITAL_CLOSURE_RISK,COUNTY_FIPS,5,TEXT,YES,FIPS,GEO,False,True,place,4435,4211,1729,"['09013', '39069', '36055', '28049', '19191']",False,
LIBRARY_MARTS,TIMELINE,ENVIRONMENT__FED_EPA_SDWA_SDWA_FACILITIES,PWSID,6,TEXT,YES,PWSID,STEEL,False,True,facility,1554832,1554832,430916,"['WI7640745', 'WI7640771', 'WI7640719', 'WI7640674', 'WI7640670']",True,mirror_of_wired_landing
LIBRARY_MARTS,HEALTH,HEALTH__FED_HRSA_UDS_SERVICE_DELIVERY_SITES,SITE_POSTAL_CODE,10,TEXT,YES,ZIP,GEO,False,True,place,19038,18904,7455,"['02127-2249', '53511-3550', '60610-1222', '93428-3325', '90038-1207']",True,mirror_of_wired_landing
LIBRARY_MARTS,HEALTH,HEALTH__FED_CMS_OPEN_PAYMENTS,CCN,22,TEXT,YES,CCN,STEEL,False,True,facility,15385047,34391,1251,"['', '220075', '220116', '400114', '400022']",True,mirror_of_wired_landing
LIBRARY_MARTS,HOUSING,HOUSING__FED_HUD_DATA,ZIP,5,TEXT,YES,ZIP,GEO,False,True,place,71,0,0,[''],False,
LIBRARY_MARTS,TRANSPORT,TRANSPORT__FED_FRA_SAFETY,COUNTY_FIPS,5,TEXT,YES,FIPS,GEO,False,True,place,1,1,1,['N/A'],False,
LIBRARY_MARTS,TIMELINE,ENVIRONMENT__FED_EPA_ECHO,FIPS_CODE,12,TEXT,YES,FIPS,GEO,False,True,place,3135554,2841963,3232,"['18145', '20177', '06073', '54085', '51031']",True,mirror_of_wired_landing
LIBRARY_MARTS,HEALTH,HEALTH__FED_HRSA_SHORTAGE_AREAS,HPSA_POSTAL_CODE,47,TEXT,YES,ZIP,GEO,False,True,place,165531,22007,4969,"['96913', '96944', '', '82514', '96910']",False,
LIBRARY_MARTS,_RESTORE_20260731,JUSTICE__FED_MSHA_ACCIDENTS,MINE_ID,1,TEXT,YES,MINE_ID,STEEL,False,True,facility,273623,273623,13489,"['""2300781""', '""3401308""', '""1202372""', '""1103193""', '""3800305""']",True,mirror_of_wired_landing
LIBRARY_MARTS,_RESTORE_20260731,REFERENCE__FED_BIA_TRIBAL_GEO,FIPS,4,TEXT,YES,FIPS,GEO,False,True,place,100,0,0,[''],False,
LIBRARY_MARTS,REGULATORY,REGULATORY__FED_FEDERAL_REGISTER_DOCUMENTS,DOCKET_IDS,3,TEXT,YES,DOCKET,STRONG,False,True,case,94731,63069,50133,"['[""Docket No. FAA-2024-2636"",""Airspace Docket No. 24-AGL-33""]', '[""Docket No. NHTSA-2025-0034""]', '[""Project No. 6276-042""]', '[""GDO Docket No. EA-385-B""]', '[""EPA-HQ-OPP-2025-0007"",""FRL-12811-01-OCSPP""]']",False,
LIBRARY_MARTS,TIMELINE,TRANSPORT__FED_NTSB_AVIATION_AIRCRAFT,DEST_COUNTRY,75,TEXT,YES,COUNTRY,GEO,False,True,place,31503,31503,151,"['None', 'JM', 'FR', 'NA', 'USA']",False,
LIBRARY_MARTS,PROCUREMENT,PROCUREMENT__FED_USASPENDING_BULK,RECIPIENT_COUNTRY_CODE,59,TEXT,YES,COUNTRY,GEO,False,True,place,49613,49613,88,"['EST', 'CAN', 'HND', 'SLV', 'USA']",True,mirror_of_wired_landing
LIBRARY_MARTS,HEALTH,HEALTH__FED_CMS_SKILLED_NURSING_FACILITY_ENROLLMENTS,ZIP_CODE,23,TEXT,YES,ZIP,GEO,False,True,place,14425,14425,8745,"['015321804', '501122064', '380063654', '379202600', '559543017']",True,mirror_of_wired_landing
LIBRARY_MARTS,FINANCE,FINANCE__FED_FATCA_FFI,COUNTRY_NAME,3,TEXT,YES,COUNTRY,GEO,False,True,place,516298,516298,228,"['UNITED KINGDOM', 'CANADA', 'BRAZIL', 'CAYMAN ISLANDS', 'CAMBODIA']",False,
LIBRARY_MARTS,TRANSPORT,TRANSPORT__FED_FAA_AIRCRAFT_REGISTRY,COUNTRY_CODE,15,TEXT,YES,COUNTRY,GEO,False,True,place,315447,310778,53,"['VI', 'DO', 'US', 'DE', 'SE']",False,
LIBRARY_MARTS,TIMELINE,ENVIRONMENT__FED_USGS_MINERALS,COUNTRY,5,TEXT,YES,COUNTRY,GEO,False,True,place,304632,304617,165,"['China', 'Algeria', 'Kazakhstan', 'Australia', 'Malaysia']",False,
LIBRARY_MARTS,ENVIRONMENT,ENVIRONMENT__FED_EPA_FRS_FRS_PROGRAM_LINKS,FIPS_CODE,9,TEXT,YES,FIPS,GEO,False,True,place,4406498,2918970,6672,"['53053', '45051', '33005', '37021', '08123']",True,mirror_of_wired_landing
LIBRARY_MARTS,CORE,XWALK_ZCTA_COUNTY,STATE_FIPS,3,TEXT,YES,FIPS,GEO,False,True,place,46960,46960,56,"['78', '25', '72', '44', '33']",False,
LIBRARY_MARTS,REFERENCE,REFERENCE__CENSUS_CB_COUNTY,COUNTYFP,2,TEXT,YES,FIPS,GEO,False,True,place,3235,3235,333,"['091', '179', '137', '139', '073']",False,
LIBRARY_MARTS,_RESTORE_20260731,POLITICS__FED_GOVINFO_BILLSTATUS,SPONSOR_BIOGUIDE,6,TEXT,YES,BIOGUIDE,STEEL,False,True,person,36465,36465,632,"['F000466', 'K000385', 'W000808', 'M001195', 'S001218']",True,mirror_of_wired_landing
LIBRARY_MARTS,_RESTORE_20260731,JUSTICE__FED_MSHA_MINES,FIPS_CNTY_NM,14,NUMBER,YES,FIPS,GEO,False,True,place,91906,0,0,[],True,mirror_of_wired_landing
LIBRARY_MARTS,HEALTH,HEALTH__FED_CMS_HOSPITAL_ENROLLMENTS,NPI,5,TEXT,YES,NPI,STEEL,False,True,provider,9175,9175,8717,"['1427007384', '1871884031', '1689653487', '1225033814', '1295789352']",True,mirror_of_wired_landing
LIBRARY_MARTS,IMMIGRATION,IMMIGRATION__FED_CMS_HOSPICE_ENROLLMENTS,MULTIPLE_NPI_FLAG,6,TEXT,YES,NPI,STEEL,False,True,provider,6066,0,0,"['N', 'Y']",True,mirror_of_wired_landing
LIBRARY_MARTS,POLITICS,POLITICS__CA_LOBBY_CHG_LOG,ENTITY_ZIP,20,TEXT,YES,ZIP,GEO,False,True,place,85765,1846,448,"['20036', '95814', '95630', '20005', '90017']",False,
LIBRARY_MARTS,TIMELINE,HEALTH__FED_HRSA_HPSA_PRIMARY_CARE,PRIMARY_STATE_FIPS_CODE,55,TEXT,YES,FIPS,GEO,False,True,place,79158,79158,60,"['39', '04', '08', '42', '31']",False,
LIBRARY_MARTS,CORPORATE_REGISTRY,CORPORATE_REGISTRY__FED_IRS_EO_BMF,EIN,1,TEXT,YES,EIN,STEEL,False,True,organization,1983563,1983563,1983563,"['413118653', '413138756', '413298226', '413362917', '413096277']",True,mirror_of_wired_landing
LIBRARY_MARTS,TIMELINE,ECONOMICS__FED_DOL_FORM5500,ADMIN_FOREIGN_CNTRY,78,NUMBER,YES,COUNTRY,GEO,False,True,place,33484,0,0,[],True,mirror_of_wired_landing
LIBRARY_MARTS,HEALTH,HEALTH__FED_CMS_NPPES,PROVIDER_BUSINESS_MAILING_ADDRESS_COUNTRY_CODE_IF_OUTSIDE_U_S,26,TEXT,YES,COUNTRY,GEO,False,True,place,9606683,9260501,138,"['US', 'JO', '', 'IT', 'CA']",True,mirror_of_wired_landing
LIBRARY_MARTS,ECONOMICS,ECONOMICS__FED_DOL_FORM5500,ADMIN_EIN,76,TEXT,YES,EIN,STEEL,False,True,organization,33484,1162,694,"['640606241', '721372758', '', '201774669', '823719843']",True,mirror_of_wired_landing
LIBRARY_MARTS,HEALTH,HEALTH__FED_CMS_OPT_OUT_AFFIDAVITS,NPI,3,TEXT,YES,NPI,STEEL,False,True,provider,57209,57209,56455,"['1689838914', '1184755480', '1790908341', '1720444581', '1861482408']",True,mirror_of_wired_landing
LIBRARY_MARTS,TIMELINE,HOUSING__FED_CFPB_HMDA_DC_ONLY,LEI,6,TEXT,YES,LEI,STEEL,False,True,organization,28301,28301,538,"['549300S5YL3OH0IVCS62', '549300GCUYVW860UOZ07', '549300QKL5FUBZ8LSF50', '549300KBWX4NV5Q1E376', '254900791X4X11AYVA11']",False,
LIBRARY_MARTS,_RESTORE_20260731,UNCATEGORIZED__INT_UK_COMPANIES_HOUSE,COUNTRY_OF_ORIGIN,13,NUMBER,YES,COUNTRY,GEO,False,True,place,5734780,0,0,[],True,mirror_of_wired_landing
LIBRARY_MARTS,ECONOMICS,ECONOMICS__FED_USASPENDING_CONTRACTS_FULL,RECIPIENT_DUNS,50,TEXT,YES,DUNS,STEEL,False,True,organization,20000000,13331663,357865,"['075949644', '607775848', '051023075', '001181028', '625463146']",True,mirror_of_wired_landing
LIBRARY_MARTS,TIMELINE,HEALTH__FED_HRSA_HPSA_PRIMARY_CARE,COMMON_STATE_COUNTY_FIPS_CODE,63,TEXT,YES,FIPS,GEO,False,True,place,79158,79158,3234,"['36047', '37119', '26163', '20205', '48391']",False,
LIBRARY_MARTS,HEALTH,HEALTH__FED_CMS_MEDICARE_PROVIDER,RNDRNG_PRVDR_CNTRY,15,NUMBER,YES,COUNTRY,GEO,False,True,place,1296739,0,0,[],True,mirror_of_wired_landing
LIBRARY_MARTS,TIMELINE,HEALTH__FED_HRSA_SHORTAGE_AREAS,HPSA_POSTAL_CODE,51,TEXT,YES,ZIP,GEO,False,True,place,165531,22007,4969,"['96910', '96944', '96913', '82637-5079', '']",False,
LIBRARY_MARTS,FINDINGS,EXCLUDED_PROVIDER_PAID_AFTER_EXCLUSION_IN_SHORTAGE,NPI,1,TEXT,YES,NPI,STEEL,False,True,provider,287,287,287,"['1922280254', '1568476968', '1013093178', '1740206358', '1639513773']",False,
LIBRARY_MARTS,HEALTH,HEALTH__FED_NLM_DAILYMED_SPL_SETID_MAP,ZIP_FILE_NAME,2,TEXT,YES,ZIP,GEO,False,True,place,158452,0,0,"['20210627_c59db022-bda8-1732-e053-2a95a90a24f8.zip', '20200703_a97a5200-06de-1fad-e053-2a95a90a996d.zip', '20241103_25e97c3a-c23c-a35f-e063-6394a90a3e9e.zip', '20241123_27777504-1009-4bd1-e063-6394a90acbba.zip', '20141102_7c3915a0-5490-4432-9b9f-5946605d03d1.zip']",False,
LIBRARY_MARTS,FINANCE,FINANCE__FED_SEC_DERA_SUB_2025Q2,CIK,2,TEXT,YES,CIK,STEEL,False,True,organization,7009,7009,6081,"['944745', '1803914', '1912954', '1392380', '1965934']",True,mirror_of_wired_landing
LIBRARY_MARTS,POLITICS,POLITICS__IRS527_8872_REPORTS,MAILING_ZIP,15,TEXT,YES,ZIP,GEO,False,True,place,55579,55579,2815,"['32302', '48933', '95833', '48805', '49503']",True,mirror_of_wired_landing
LIBRARY_MARTS,ENVIRONMENT,ENVIRONMENT__FED_EPA_NPDES_NPDES_INSPECTIONS,REGISTRY_ID,1,TEXT,YES,FRS_ID,STEEL,False,True,facility,1900067,1899932,263075,"['110009153049', '110010970324', '110008495271', '110030992905', '110010223551']",True,mirror_of_wired_landing
LIBRARY_MARTS,LABOR,LABOR__FED_DOL_OLMS,ZIP,55,TEXT,YES,ZIP,GEO,False,True,place,617710,616777,20536,"['19104', '15825', '54632', '070934217', '97459']",False,
LIBRARY_MARTS,LABOR,LABOR__FED_MSHA_ACCIDENTS,MINE_ID,2,TEXT,YES,MINE_ID,STEEL,False,True,facility,273623,273623,13489,"['3608284', '2901267', '2700083', '4103773', '2000044']",True,mirror_of_wired_landing
LIBRARY_MARTS,TIMELINE,POLITICS__IRS527_8872_REPORTS,CONTACT_ZIP,35,TEXT,YES,ZIP,GEO,False,True,place,55579,55579,2865,"['75206', '76503', '60016', '61615', '88005']",True,mirror_of_wired_landing
LIBRARY_MARTS,POLITICS,POLITICS__FED_CONGRESS_LEGISLATORS,BIOGUIDE,1,TEXT,YES,BIOGUIDE,STEEL,False,True,person,12847,12834,12781,"['W000804', 'H000874', 'P000613', 'B001261', 'R000395']",True,mirror_of_wired_landing
LIBRARY_MARTS,TIMELINE,HEALTH__FED_CMS_RURAL_HEALTH_CLINIC_ENROLLMENTS,CCN,11,TEXT,YES,CCN,STEEL,False,True,facility,5530,5313,5313,"['433987', '108947', '063994', '353995', '353997']",True,mirror_of_wired_landing
LIBRARY_MARTS,TIMELINE,JUSTICE__FED_FJC_IDB_CRIMINAL,DOCKET,14,TEXT,YES,DOCKET,STRONG,False,True,case,6299908,6299908,264765,"['1000073', '1700477', '1000321', '1600012', '0206051']",False,
LIBRARY_MARTS,LABOR,LABOR__FED_OSHA_ITA_300A_SUMMARY_2025,EIN,4,TEXT,YES,EIN,STEEL,False,True,organization,383283,339960,106218,"['931553362', '582190981', '842730849', '474703045', '270902501']",True,mirror_of_wired_landing
LIBRARY_MARTS,TIMELINE,ECONOMICS__FED_DOL_FORM5500,SPONS_DFE_LOC_US_ZIP,58,TEXT,YES,ZIP,GEO,False,True,place,33484,2827,1891,"['297157707', '800305210', '', '241213227', '317306448']",True,mirror_of_wired_landing
LIBRARY_MARTS,FINANCE,FINANCE__FED_FDIC_SOD_BRANCH_DEPOSITS,BRANCH_STATE_COUNTY_FIPS,20,TEXT,YES,FIPS,GEO,False,True,place,2823000,2823000,3237,"['56033', '42027', '8031', '25013', '42071']",False,
LIBRARY_MARTS,TIMELINE,ECONOMICS__FED_IRS_REVOCATION,ZIP_CODE,11,TEXT,YES,ZIP,GEO,False,True,place,1187367,1184327,36643,"['44667-1802', '80810-0125', '97601-9803', '11364-1421', '78503-8312']",True,mirror_of_wired_landing
LIBRARY_MARTS,IMMIGRATION,IMMIGRATION__FED_DOL_OFLC,WORKSITE_POSTAL_CODE_3,95,TEXT,YES,ZIP,GEO,False,True,place,664616,12285,3171,"['2906', '2760', '', '85701', '98005']",False,
LIBRARY_MARTS,JUSTICE,JUSTICE__FED_FJC_IDB_BANKRUPTCY,DOCKET_SEQUENCE,12,TEXT,YES,DOCKET,STRONG,False,True,case,6965441,6965441,9,"['2', '0', '3', '4', '1']",False,
LIBRARY_MARTS,CORPORATE_REGISTRY,CORPORATE_REGISTRY__INTL_ES_BORME,COUNTRY,2,TEXT,YES,COUNTRY,GEO,False,True,place,3,3,1,['Spain'],False,
LIBRARY_MARTS,TIMELINE,ECONOMICS__FED_US_USASPENDING_API,RECIPIENT_UEI,7,TEXT,YES,UEI,STEEL,False,True,organization,300,0,0,[''],False,
LIBRARY_MARTS,ENVIRONMENT,ENVIRONMENT__FED_EPA_TRI_FACILITY,STATE_COUNTY_FIPS_CODE,6,TEXT,YES,FIPS,GEO,False,True,place,64990,64990,2855,"['72003', '72005', '72013', '72035', '72073']",True,mirror_of_wired_landing
LIBRARY_MARTS,HEALTH,HEALTH__FED_CMS_POS_OTHER,FIPS_CNTY_CD,32,NUMBER,YES,FIPS,GEO,False,True,place,44429,44113,321,"['95', '73', '71', '121', '65']",True,mirror_of_wired_landing
LIBRARY_MARTS,FINANCE,FINANCE__FED_NCUA_CALL_REPORTS_FS220,CU_NUMBER,1,TEXT,YES,NCUA_CHARTER,STEEL,False,True,organization,4336,4336,4336,"['10011', '10684', '11944', '11718', '1']",True,mirror_of_wired_landing
LIBRARY_MARTS,HEALTH,HEALTH__FED_CMS_MEDICARE_PROVIDER,RNDRNG_PRVDR_STATE_FIPS,11,TEXT,YES,FIPS,GEO,False,True,place,1296739,1296738,61,"['26', '56', '17', '21', '36']",True,mirror_of_wired_landing
LIBRARY_META,CONNECT_PRESPINE_20260730,ENTITY_LINKS,NPI_MATCH,8,BOOLEAN,YES,NPI,STEEL,False,True,provider,2324,0,0,"['false', 'true']",False,
LIBRARY_META,CONNECT_PRESPINE_20260730,GOLD_PAIRS,NPI,1,TEXT,YES,NPI,STEEL,False,True,provider,6538936,2433336,7807,"['1811029127', '1770073512', '1215357835', '1801014238', '1871577213']",False,
LIBRARY_META,CONNECT_BAK_20260730,GOLD_PAIRS,NPI,1,TEXT,YES,NPI,STEEL,False,True,provider,6538936,2433336,7807,"['1457634230', '1861400277', '1861603052', '1679542781', '1477511939']",False,
LIBRARY_META,CONNECT_BAK_20260730,ENTITY_LINKS,NPI_MATCH,8,BOOLEAN,YES,NPI,STEEL,False,True,provider,2324,0,0,"['true', 'false']",False,
LIBRARY_META,CONNECT,ENTITY_LINKS,NPI_MATCH,8,BOOLEAN,YES,NPI,STEEL,False,True,provider,2324,0,0,"['false', 'true']",False,
LIBRARY_META,CONNECT,GOLD_PAIRS,NPI,1,TEXT,YES,NPI,STEEL,False,True,provider,6538936,2433336,7807,"['1376836676', '1134433345', '1093969412', '0000000000', '1679174668']",False,
