db,schema,table,row_count,bytes,n_cols,n_numeric,n_date,signals
LIBRARY_MARTS,HEALTH,HEALTH__FED_DEA_ARCOS,178598026,4220975104,33,6,2,city|count_meas|county|date_col|name_id|origin|seq_order|severity|state|zip
LIBRARY_RAW,LANDING,FED_DEA_ARCOS_FULL,178598026,6215635456,45,0,1,address|city|count_meas|county|date_col|entity_id|flag_bool|name_id|origin|seq_order|severity|state|zip
LIBRARY_MARTS,_RESTORE_20260731,UNCATEGORIZED__FED_DEA_ARCOS_FULL,178598026,5853900288,42,3,1,address|city|count_meas|county|date_col|entity_id|flag_bool|name_id|seq_order|severity|state|zip
LIBRARY_MARTS,FINANCE,FINANCE__FED_FEC_INDIV_CONTRIBUTIONS,84172112,2835296256,15,2,1,amount|city|count_meas|date_col|name_id|severity|state|zip
LIBRARY_RAW,LANDING,FED_FEC_INDIV_CONTRIBUTIONS,84172112,2819981824,24,1,0,amount|city|count_meas|date_col|name_id|origin|severity|state|zip
LIBRARY_RAW,LANDING,FED_CMS_FACILITY_LEVEL_MINIMUM_DATA_SET_FREQUENCY,31403215,820651008,18,0,1,city|count_meas|county|date_col|entity_id|fips|name_id|origin|rate_meas|severity|state|zip
LIBRARY_MARTS,HEALTH,HEALTH__FED_CMS_FACILITY_LEVEL_MINIMUM_DATA_SET_FREQUENCY,31403215,214985216,16,3,1,city|count_meas|county|date_col|entity_id|fips|name_id|rate_meas|severity|state|zip
LIBRARY_RAW,LANDING,FED_USASPENDING_CONTRACTS_FULL,20000000,5998015488,300,0,1,address|amount|city|count_meas|country|county|date_col|dest|entity_id|fips|flag_bool|naics_sic|name_id|origin|outcome|person|rate_meas|seq_order|severity|state|zip
LIBRARY_RAW,LANDING,FED_USASPENDING_ASSISTANCE_FULL,19902879,3716252672,115,0,1,address|amount|city|count_meas|country|county|date_col|dest|entity_id|fips|flag_bool|name_id|origin|person|rate_meas|severity|state|zip
LIBRARY_MARTS,ECONOMICS,ECONOMICS__FED_USASPENDING_ASSISTANCE_FULL,19902879,3755515904,112,0,0,address|amount|city|count_meas|country|county|date_col|dest|entity_id|fips|flag_bool|name_id|origin|person|rate_meas|severity|state|zip
LIBRARY_MARTS,_RESTORE_20260731,FINANCE__FED_CFPB_COMPLAINTS,17179788,1280432128,16,0,0,date_col|dest|outcome|severity|state|zip
LIBRARY_MARTS,CONSUMER_PROTECTION,CONSUMER_PROTECTION__FED_CFPB_COMPLAINTS,17168287,1169836544,24,1,5,date_col|dest|flag_bool|origin|outcome|severity|state|zip
LIBRARY_RAW,RETIRED,FED_CMS_OPEN_PAYMENTS_GNRL,15397627,1029318144,94,0,1,address|amount|city|count_meas|country|date_col|dest|entity_id|flag_bool|naics_sic|name_id|origin|person|severity|state|zip
LIBRARY_MARTS,HEALTH,HEALTH__FED_CMS_OPEN_PAYMENTS,15385047,389764608,22,0,0,amount|city|count_meas|date_col|dest|entity_id|flag_bool|naics_sic|name_id|person|severity|state|zip
LIBRARY_RAW,LANDING,FED_CMS_OPEN_PAYMENTS,15385047,699111936,94,1,0,address|amount|city|count_meas|country|date_col|dest|entity_id|flag_bool|naics_sic|name_id|origin|person|severity|state|zip
LIBRARY_RAW,LANDING,FED_CMS_OPEN_PAYMENTS_2023,14700786,698590208,94,1,0,address|amount|city|count_meas|country|date_col|dest|entity_id|flag_bool|naics_sic|name_id|origin|person|severity|state|zip
LIBRARY_MARTS,HEALTH,HEALTH__FED_CMS_OPEN_PAYMENTS_2023,14700786,386825728,22,0,0,amount|city|count_meas|date_col|dest|entity_id|flag_bool|naics_sic|name_id|person|severity|state|zip
LIBRARY_RAW,LANDING,FED_CMS_OPEN_PAYMENTS_2022,13250000,612150272,94,1,0,address|amount|city|count_meas|country|date_col|dest|entity_id|flag_bool|naics_sic|name_id|origin|person|severity|state|zip
LIBRARY_MARTS,HEALTH,HEALTH__FED_CMS_OPEN_PAYMENTS_2022,13250000,327976448,22,0,0,amount|city|count_meas|date_col|dest|entity_id|flag_bool|naics_sic|name_id|person|severity|state|zip
LIBRARY_RAW,LANDING,INTL_ELECTIONS_CANADA_CONTRIBUTIONS,12646465,362405376,30,1,0,amount|city|date_col|dest|name_id|origin|person|severity|state|zip
LIBRARY_MARTS,POLITICS,POLITICS__INTL_ELECTIONS_CANADA_CONTRIBUTIONS,12646465,621302784,31,2,3,amount|city|date_col|dest|name_id|origin|person|severity|state|zip
LIBRARY_RAW,LANDING,FED_CMS_NPPES,9606683,1332882432,333,1,0,address|city|count_meas|country|date_col|entity_id|flag_bool|name_id|origin|person|rate_meas|severity|state|zip
LIBRARY_MARTS,HEALTH,HEALTH__FED_CMS_NPPES,9606683,1511160320,333,1,5,address|city|count_meas|country|date_col|entity_id|flag_bool|name_id|origin|person|rate_meas|severity|state|zip
LIBRARY_MARTS,CORPORATE_REGISTRY,CORPORATE_REGISTRY__UK_COMPANIES_HOUSE_PSC,7000000,651023360,27,3,2,address|city|count_meas|country|date_col|naics_sic|name_id|origin|rate_meas|severity|zip
LIBRARY_RAW,LANDING,UK_COMPANIES_HOUSE_PSC,7000000,704922624,27,1,0,address|city|count_meas|country|date_col|name_id|origin|rate_meas|severity|zip
LIBRARY_MARTS,JUSTICE,JUSTICE__FED_FJC_IDB_BANKRUPTCY,6965441,636103680,90,13,7,amount|count_meas|county|date_col|dest|entity_id|flag_bool|origin|person|rate_meas|seq_order|severity|zip
LIBRARY_MARTS,ECONOMICS,ECONOMICS__FED_USASPENDING_CONTRACTS,6325622,626324992,36,0,0,amount|city|count_meas|country|date_col|dest|entity_id|fips|naics_sic|name_id|origin|person|severity|state|zip
LIBRARY_RAW,LANDING,FED_USASPENDING_CONTRACTS,6325622,638460416,39,1,0,amount|city|count_meas|country|date_col|dest|entity_id|fips|naics_sic|name_id|origin|person|severity|state|zip
LIBRARY_MARTS,_RESTORE_20260731,UNCATEGORIZED__FED_EPA_FRS_FULL,5300149,329713152,34,5,2,address|city|count_meas|country|county|date_col|entity_id|fips|lat|lon|name_id|origin|seq_order|severity|state|zip
LIBRARY_RAW,LANDING,FED_EPA_FRS_FULL,5300149,342178304,37,0,1,address|city|count_meas|country|county|date_col|entity_id|fips|lat|lon|name_id|origin|seq_order|severity|state|zip
LIBRARY_MARTS,ENVIRONMENT,ENVIRONMENT__FED_EPA_FRS_FACILITIES,5300149,316558848,26,2,3,address|city|count_meas|county|date_col|entity_id|fips|flag_bool|lat|lon|name_id|origin|severity|state|zip
LIBRARY_RAW,RETIRED,FED_IRS_EO_BMF,3949660,204001792,31,1,0,address|amount|city|date_col|entity_id|name_id|origin|severity|state|zip
LIBRARY_MARTS,ECONOMICS,ECONOMICS__INTL_GLEIF,3382301,659164160,338,0,0,address|city|count_meas|country|date_col|entity_id|rate_meas|seq_order|severity|zip
LIBRARY_RAW,LANDING,FED_EPA_ECHO,3157891,429934592,136,1,0,address|amount|city|count_meas|county|date_col|entity_id|fips|flag_bool|lat|lon|naics_sic|name_id|origin|outcome|rate_meas|seq_order|severity|state|zip
LIBRARY_MARTS,ENVIRONMENT,ENVIRONMENT__FED_EPA_ECHO,3135554,172973568,42,15,3,address|amount|city|count_meas|county|date_col|fips|flag_bool|lat|lon|name_id|origin|outcome|rate_meas|severity|state|zip
LIBRARY_MARTS,HOUSING,HOUSING__FED_FEMA_IA_HOUSING_REGISTRATIONS,3080000,179345920,103,31,3,amount|city|count_meas|county|date_col|dest|fips|origin|person|rate_meas|severity|state|zip
LIBRARY_RAW,LANDING,FED_FDIC_SOD_BRANCH_DEPOSITS,2823000,276342784,84,0,0,address|amount|city|date_col|entity_id|fips|lat|lon|origin|severity|zip
LIBRARY_MARTS,FINANCE,FINANCE__FED_FDIC_SOD_BRANCH_DEPOSITS,2823000,274471936,85,10,3,address|amount|city|count_meas|country|county|date_col|entity_id|fips|flag_bool|lat|lon|name_id|origin|severity|state|zip
LIBRARY_MARTS,ECONOMICS,ECONOMICS__FED_SBA_LOANS,2174502,85786112,30,7,4,amount|city|count_meas|county|date_col|fips|flag_bool|naics_sic|name_id|rate_meas|severity|state|zip
LIBRARY_RAW,LANDING,FED_SBA_LOANS,2174502,145664512,55,1,0,address|amount|city|count_meas|date_col|entity_id|naics_sic|name_id|origin|rate_meas|severity|state|zip
LIBRARY_MARTS,SCIENCE_RESEARCH,SCIENCE_RESEARCH__FED_NIH_REPORTER,2122611,3298052096,48,4,7,amount|city|count_meas|country|date_col|entity_id|fips|name_id|origin|severity|state|zip
LIBRARY_RAW,LANDING,FED_NIH_REPORTER,2122611,3305371136,49,0,1,amount|city|count_meas|country|date_col|entity_id|fips|name_id|origin|severity|state|zip
LIBRARY_MARTS,CORPORATE_REGISTRY,CORPORATE_REGISTRY__FED_IRS_EO_BMF,1983563,108626944,32,3,3,address|amount|city|count_meas|date_col|entity_id|name_id|origin|severity|state|zip
LIBRARY_RAW,LANDING,FED_IRS_EO_BMF,1983563,102223872,31,1,0,address|amount|city|date_col|entity_id|name_id|origin|severity|state|zip
LIBRARY_RAW,LANDING,FED_IRS_BMF,1974830,103877632,31,1,0,address|amount|city|date_col|entity_id|name_id|origin|severity|state|zip
LIBRARY_MARTS,ECONOMICS,ECONOMICS__FED_IRS_BMF,1974830,124540416,25,4,0,address|amount|city|date_col|entity_id|name_id|origin|severity|state|zip
LIBRARY_RAW,LANDING,FED_FCC_LICENSING,1689338,84596224,29,1,0,address|city|count_meas|county|date_col|entity_id|name_id|origin|severity|state|zip
LIBRARY_MARTS,POLITICS,POLITICS__FED_FCC_LICENSING,1689338,89560576,26,0,4,address|city|count_meas|county|date_col|entity_id|name_id|severity|state|zip
LIBRARY_MARTS,ECONOMICS,ECONOMICS__FED_IRS_AUTO_REVOCATIONS,1207295,63182336,12,0,3,address|city|count_meas|country|date_col|entity_id|name_id|severity|state|zip
LIBRARY_RAW,LANDING,FED_IRS_AUTO_REVOCATIONS,1207295,43756544,15,1,0,address|city|count_meas|country|date_col|entity_id|name_id|origin|severity|state|zip
LIBRARY_RAW,LANDING,FED_IRS_REVOCATION,1206628,42182656,15,1,0,address|city|count_meas|country|date_col|entity_id|name_id|origin|severity|state|zip
LIBRARY_MARTS,ECONOMICS,ECONOMICS__FED_IRS_REVOCATION,1187367,55050752,16,1,0,address|city|count_meas|country|date_col|entity_id|name_id|origin|severity|state|zip
LIBRARY_MARTS,ENVIRONMENT,ENVIRONMENT__FED_USCG_NRC_INCIDENTS,1029020,22991360,14,0,2,city|date_col|origin|seq_order|severity|state|zip
LIBRARY_RAW,LANDING,FED_USCG_NRC_INCIDENTS,1029020,20225536,14,0,0,city|date_col|origin|seq_order|severity|state|zip
LIBRARY_MARTS,ECONOMICS,ECONOMICS__FED_SBA_PPP,968524,52126208,32,10,2,amount|city|count_meas|county|date_col|fips|flag_bool|naics_sic|name_id|severity|state|zip
LIBRARY_MARTS,LABOR,LABOR__FED_OSHA_ITA_CASE_DETAIL_2023,890934,144099840,49,2,3,address|city|count_meas|date_col|dest|entity_id|naics_sic|name_id|origin|outcome|severity|state|zip
LIBRARY_RAW,LANDING,FED_OSHA_ITA_CASE_DETAIL_2023,890934,146410496,52,1,0,address|city|count_meas|date_col|dest|entity_id|naics_sic|name_id|origin|outcome|severity|state|zip
LIBRARY_MARTS,FINANCE,FINANCE__FED_FEC_COMMITTEE_TO_CANDIDATE,866730,25460736,23,1,0,amount|city|count_meas|date_col|name_id|severity|state|zip
LIBRARY_RAW,LANDING,FED_FEC_COMMITTEE_TO_CANDIDATE,866730,23927808,26,1,0,amount|city|count_meas|date_col|name_id|origin|severity|state|zip
LIBRARY_RAW,LANDING,FED_OSHA_ITA_CASE_DETAIL_2024,688649,112786432,52,2,0,address|city|count_meas|date_col|dest|entity_id|naics_sic|name_id|origin|outcome|severity|state|zip
LIBRARY_MARTS,LABOR,LABOR__FED_OSHA_ITA_CASE_DETAIL_2024,688649,109102592,49,3,2,address|city|count_meas|date_col|dest|entity_id|naics_sic|name_id|origin|outcome|severity|state|zip
LIBRARY_RAW,LANDING,FED_DOL_OFLC,664616,109474304,263,1,0,address|city|count_meas|country|county|date_col|dest|naics_sic|name_id|origin|outcome|rate_meas|severity|state|zip
LIBRARY_MARTS,IMMIGRATION,IMMIGRATION__FED_DOL_OFLC,664616,105060864,260,22,4,address|city|count_meas|country|county|date_col|dest|naics_sic|name_id|origin|outcome|rate_meas|severity|state|zip
LIBRARY_MARTS,LABOR,LABOR__FED_DOL_OLMS,617710,55043584,61,9,8,address|amount|city|count_meas|date_col|dest|flag_bool|name_id|origin|person|seq_order|severity|state|zip
LIBRARY_RAW,LANDING,FED_DOL_OLMS,617710,71259648,60,0,0,address|amount|city|count_meas|date_col|dest|flag_bool|name_id|origin|seq_order|severity|state|zip
LIBRARY_RAW,LANDING,FED_EPA_SDWA_SDWA_GEOGRAPHIC_AREAS,578198,4094976,14,1,0,city|count_meas|county|date_col|origin|severity|state|zip
LIBRARY_MARTS,ENVIRONMENT,ENVIRONMENT__FED_EPA_SDWA_SDWA_GEOGRAPHIC_AREAS,578198,4492800,11,0,1,city|count_meas|county|date_col|severity|state|zip
LIBRARY_RAW,LANDING,CA_LOBBY_COVER,568988,37172736,55,1,0,amount|city|count_meas|date_col|name_id|origin|severity|zip
LIBRARY_MARTS,POLITICS,POLITICS__ST_NYC_CFB_CAMPAIGN_2021_CONTRIBUTIONS,457521,23267840,56,5,3,address|amount|city|count_meas|county|date_col|dest|flag_bool|name_id|origin|person|seq_order|severity|state|zip
LIBRARY_RAW,LANDING,ST_NYC_CFB_CAMPAIGN_2021_CONTRIBUTIONS,457521,15741440,55,9,0,city|date_col|name_id|origin|seq_order|severity|state|zip
LIBRARY_RAW,LANDING,FED_EPA_SDWA_SDWA_PUB_WATER_SYSTEMS,434040,24013312,54,1,0,address|city|count_meas|country|date_col|flag_bool|name_id|origin|severity|state|zip
LIBRARY_MARTS,ENVIRONMENT,ENVIRONMENT__FED_EPA_SDWA_SDWA_PUB_WATER_SYSTEMS,434040,24195072,51,2,9,address|city|count_meas|country|date_col|flag_bool|name_id|origin|severity|state|zip
LIBRARY_MARTS,HEALTH,HEALTH__FED_CMS_NURSING_HOME_DEFICIENCIES,418479,5199360,23,0,3,address|city|date_col|entity_id|name_id|outcome|severity|state|zip
LIBRARY_RAW,LANDING,FED_CMS_NURSING_HOME_DEFICIENCIES,418479,5046784,26,1,0,address|city|date_col|entity_id|name_id|origin|outcome|severity|state|zip
LIBRARY_RAW,LANDING,FED_FAC_SINGLE_AUDIT,411638,31447040,30,1,1,address|amount|city|count_meas|date_col|entity_id|flag_bool|name_id|origin|severity|state|zip
LIBRARY_MARTS,ECONOMICS,ECONOMICS__FED_FAC_SINGLE_AUDIT,411638,22205440,28,1,3,address|amount|city|count_meas|date_col|entity_id|flag_bool|name_id|severity|state|zip
LIBRARY_RAW,LANDING,FED_OSHA_ITA_300A_SUMMARY_2024,398620,21752832,35,1,0,address|city|count_meas|date_col|entity_id|naics_sic|name_id|origin|outcome|seq_order|severity|state|zip
LIBRARY_MARTS,LABOR,LABOR__FED_OSHA_ITA_300A_SUMMARY_2024,398620,23817216,32,1,1,address|city|count_meas|date_col|entity_id|naics_sic|name_id|outcome|seq_order|severity|state|zip
LIBRARY_RAW,LANDING,FED_OSHA_ITA_300A_SUMMARY_2023,394234,21962752,35,1,0,address|city|count_meas|date_col|entity_id|naics_sic|name_id|origin|outcome|seq_order|severity|state|zip
LIBRARY_MARTS,LABOR,LABOR__FED_OSHA_ITA_300A_SUMMARY_2023,394234,23847936,32,1,1,address|city|count_meas|date_col|entity_id|naics_sic|name_id|outcome|seq_order|severity|state|zip
LIBRARY_RAW,LANDING,FED_OSHA_ITA_300A_SUMMARY_2025,383283,21260800,35,1,0,address|city|count_meas|date_col|entity_id|naics_sic|name_id|origin|outcome|seq_order|severity|state|zip
LIBRARY_MARTS,LABOR,LABOR__FED_OSHA_ITA_300A_SUMMARY_2025,383283,27268096,32,1,1,address|city|count_meas|date_col|entity_id|naics_sic|name_id|outcome|seq_order|severity|state|zip
LIBRARY_RAW,LANDING,FED_SEC_13F_FILERS,344109,23230464,25,0,1,address|city|count_meas|date_col|entity_id|name_id|origin|seq_order|severity|zip
LIBRARY_MARTS,FINANCE,FINANCE__FED_SEC_13F_FILERS,344109,21449728,22,0,2,address|city|count_meas|date_col|entity_id|name_id|seq_order|severity|zip
LIBRARY_RAW,LANDING,FED_OSHA_ITA_CASE_DETAIL_2025,330447,80291840,42,1,0,address|city|count_meas|date_col|dest|entity_id|naics_sic|name_id|origin|outcome|severity|state|zip
LIBRARY_MARTS,LABOR,LABOR__FED_OSHA_ITA_CASE_DETAIL_2025,330447,77483520,39,2,3,address|city|count_meas|date_col|dest|entity_id|naics_sic|name_id|outcome|severity|state|zip
LIBRARY_RAW,LANDING,FED_FAA_AIRCRAFT_REGISTRY,315447,18398720,38,1,0,address|city|count_meas|country|county|date_col|name_id|origin|rate_meas|severity|state|zip
LIBRARY_MARTS,TRANSPORT,TRANSPORT__FED_FAA_AIRCRAFT_REGISTRY,315447,16759808,36,1,5,address|city|count_meas|country|county|date_col|name_id|origin|rate_meas|severity|state|zip
LIBRARY_MARTS,TRANSPORT,TRANSPORT__FED_FAA_REGISTRY,314417,15255040,34,0,4,address|city|count_meas|country|county|date_col|name_id|rate_meas|severity|state|zip
LIBRARY_RAW,LANDING,FED_FAA_REGISTRY,314417,17018880,37,1,0,address|city|count_meas|country|county|date_col|name_id|origin|rate_meas|severity|state|zip
LIBRARY_MARTS,HEALTH,HEALTH__FED_FDA_ESTABLISHMENT_REG,263374,30806528,20,0,1,address|city|count_meas|country|date_col|entity_id|name_id|origin|rate_meas|severity|state|zip
LIBRARY_MARTS,POLITICS,POLITICS__ST_NYC_CFB_CAMPAIGN_2025_CONTRIBUTIONS,259537,13537280,56,5,3,address|amount|city|count_meas|county|date_col|dest|flag_bool|name_id|origin|person|seq_order|severity|state|zip
LIBRARY_RAW,LANDING,ST_NYC_CFB_CAMPAIGN_2025_CONTRIBUTIONS,259537,9190400,55,9,0,city|date_col|name_id|origin|seq_order|severity|state|zip
LIBRARY_RAW,LANDING,FED_FARA_BULK,221900,6968320,31,1,0,address|city|count_meas|country|date_col|name_id|origin|person|rate_meas|severity|state|zip
LIBRARY_RAW,LANDING,FED_SBIR_STTR_AWARDS,219503,19618304,44,1,0,address|amount|city|count_meas|date_col|entity_id|fips|name_id|origin|outcome|severity|state|zip
LIBRARY_MARTS,SCIENCE_RESEARCH,SCIENCE_RESEARCH__FED_SBIR_STTR_AWARDS,219503,46063616,44,4,6,address|amount|city|count_meas|date_col|entity_id|fips|name_id|origin|outcome|severity|state|zip
LIBRARY_MARTS,HEALTH,HEALTH__FED_CMS_NURSING_HOME_FIRE_DEFICIENCIES,200030,2847232,24,0,3,address|city|date_col|entity_id|name_id|outcome|seq_order|severity|state|zip
LIBRARY_RAW,LANDING,FED_CMS_NURSING_HOME_FIRE_DEFICIENCIES,200030,2670592,27,1,0,address|city|date_col|entity_id|name_id|origin|outcome|seq_order|severity|state|zip
LIBRARY_RAW,LANDING,ST_NYC_CFB_CAMPAIGN_2013_CONTRIBUTION,197968,6693376,55,9,0,city|date_col|name_id|origin|seq_order|severity|state|zip
LIBRARY_MARTS,POLITICS,POLITICS__ST_NYC_CFB_CAMPAIGN_2013_CONTRIBUTION,197968,10192384,56,5,3,address|amount|city|count_meas|county|date_col|dest|flag_bool|name_id|origin|person|seq_order|severity|state|zip
LIBRARY_MARTS,POLITICS,POLITICS__ST_NYC_CFB_CAMPAIGN_2001_CONTRIBUTION,193741,18660864,58,5,3,address|amount|city|count_meas|county|date_col|flag_bool|name_id|origin|person|seq_order|severity|state|zip
LIBRARY_RAW,LANDING,ST_NYC_CFB_CAMPAIGN_2001_CONTRIBUTION,193741,6643712,57,3,0,city|date_col|name_id|origin|seq_order|severity|state|zip
LIBRARY_MARTS,FINANCE,FINANCE__FED_IRS_SOI,179796,26994688,150,3,0,amount|count_meas|date_col|dest|fips|name_id|severity|state|zip
LIBRARY_RAW,LANDING,FED_IRS_SOI,179796,26713600,153,1,0,amount|count_meas|date_col|dest|fips|name_id|origin|severity|state|zip
LIBRARY_MARTS,HEALTH,HEALTH__FED_FDA_DEVICE_510K,175686,24510976,25,0,3,address|city|count_meas|country|date_col|flag_bool|name_id|origin|severity|state|zip
LIBRARY_MARTS,PROCUREMENT,PROCUREMENT__FED_SAM_EXCLUSIONS,167928,12082688,22,0,3,city|count_meas|country|date_col|entity_id|flag_bool|name_id|outcome|person|severity|state|zip
LIBRARY_RAW,LANDING,FED_SAM_EXCLUSIONS_FULL_R2,167928,12000256,34,0,1,address|city|count_meas|country|date_col|entity_id|flag_bool|name_id|origin|outcome|severity|state|zip
LIBRARY_MARTS,HEALTH,HEALTH__FED_HRSA_SHORTAGE_AREAS,165531,7745024,67,14,5,address|city|count_meas|county|date_col|fips|flag_bool|geom|lat|lon|name_id|origin|rate_meas|seq_order|severity|state|zip
LIBRARY_RAW,LANDING,FED_HRSA_SHORTAGE_AREAS,165531,7729152,70,1,0,address|city|count_meas|county|date_col|fips|flag_bool|geom|lat|lon|name_id|origin|rate_meas|seq_order|severity|state|zip
LIBRARY_MARTS,HEALTH,HEALTH__FED_NLM_DAILYMED_SPL_SETID_MAP,158452,8619520,7,1,2,date_col|name_id|origin|seq_order|zip
LIBRARY_RAW,LANDING,FED_NLM_DAILYMED_SPL_SETID_MAP,158452,8665600,8,1,0,date_col|name_id|origin|seq_order|zip
LIBRARY_RAW,LANDING,ST_NYC_CFB_CAMPAIGN_2009_CONTRIBUTION,146112,4686848,55,9,0,city|date_col|name_id|origin|seq_order|severity|state|zip
LIBRARY_MARTS,POLITICS,POLITICS__ST_NYC_CFB_CAMPAIGN_2009_CONTRIBUTION,146112,7235584,56,5,3,address|amount|city|count_meas|county|date_col|dest|flag_bool|name_id|origin|person|seq_order|severity|state|zip
LIBRARY_MARTS,ENVIRONMENT,ENVIRONMENT__FED_EPA_GHGRP_FACILITY,136005,5929472,40,8,0,address|city|count_meas|county|date_col|entity_id|fips|lat|lon|naics_sic|name_id|origin|severity|state|zip
LIBRARY_RAW,LANDING,FED_EPA_GHGRP_FACILITY,136005,3099136,40,4,0,address|city|count_meas|county|date_col|entity_id|fips|lat|lon|naics_sic|name_id|origin|severity|state|zip
LIBRARY_MARTS,FINANCE,FINANCE__FED_NCUA_CALL_REPORTS,121713,2360832,13,1,1,city|date_col|entity_id|name_id|severity|state|zip
LIBRARY_MARTS,ENVIRONMENT,ENVIRONMENT__FED_USCG_NRC_INCIDENT_REPORTS,116662,4338688,18,6,2,city|date_col|origin|seq_order|severity|state|zip
LIBRARY_RAW,LANDING,FED_USCG_NRC_INCIDENT_REPORTS,116662,3816960,18,6,0,city|date_col|origin|seq_order|severity|state|zip
LIBRARY_MARTS,POLITICS,POLITICS__CA_LOBBY_CHG_LOG,85765,3935232,26,0,4,city|date_col|name_id|origin|person|severity|zip
LIBRARY_RAW,LANDING,CA_LOBBY_CHG_LOG,85765,4879360,27,1,0,city|date_col|name_id|origin|person|severity|zip
LIBRARY_RAW,LANDING,FED_HHS_OIG_LEIE,83464,4819456,21,0,1,address|city|date_col|entity_id|origin|severity|state|zip
LIBRARY_MARTS,HEALTH,HEALTH__FED_HHS_OIG_LEIE,83369,6817280,22,0,1,address|city|date_col|entity_id|flag_bool|name_id|origin|outcome|person|severity|state|zip
LIBRARY_MARTS,HEALTH,HEALTH__FED_HRSA_HPSA_PRIMARY_CARE,79158,12601344,69,12,5,address|city|count_meas|county|date_col|fips|flag_bool|geom|lat|lon|name_id|origin|rate_meas|seq_order|severity|state|zip
LIBRARY_RAW,LANDING,FED_HRSA_HPSA_PRIMARY_CARE,79158,3090432,69,2,0,address|city|count_meas|county|date_col|fips|flag_bool|geom|lat|lon|name_id|origin|rate_meas|seq_order|severity|state|zip
LIBRARY_RAW,LANDING,FED_EPA_TRI_BASIC_2023,78647,8706048,125,8,0,address|city|count_meas|county|date_col|lat|lon|naics_sic|name_id|origin|rate_meas|severity|zip
LIBRARY_MARTS,ENVIRONMENT,ENVIRONMENT__FED_EPA_TRI_BASIC_2023,78647,8647168,122,11,0,address|city|count_meas|county|date_col|lat|lon|naics_sic|name_id|origin|rate_meas|severity|zip
LIBRARY_RAW,LANDING,FED_IRS_527_ORGS,77591,11425792,47,1,0,address|city|date_col|entity_id|flag_bool|name_id|origin|severity|state|zip
LIBRARY_MARTS,POLITICS,POLITICS__IRS527_8871_ORGS,77591,12285440,20,1,2,address|city|date_col|entity_id|name_id|origin|state|zip
LIBRARY_RAW,LANDING,IRS527_8871_ORGS,77591,11488256,46,1,0,address|city|date_col|entity_id|name_id|origin|severity|state|zip
LIBRARY_MARTS,JUSTICE,JUSTICE__FED_ATF_FFL,77514,7076864,20,2,0,address|city|count_meas|county|date_col|entity_id|lat|lon|name_id|rate_meas|seq_order|severity|state|zip
LIBRARY_RAW,LANDING,FED_HUD_FHA_SF_PORTFOLIO_SNAPSHOT,61647,1934336,20,1,0,amount|city|count_meas|county|date_col|name_id|origin|rate_meas|severity|state|zip
LIBRARY_MARTS,HOUSING,HOUSING__FED_HUD_FHA_SF_PORTFOLIO_SNAPSHOT,61647,3759104,21,4,1,amount|city|count_meas|county|date_col|name_id|origin|rate_meas|severity|state|zip
LIBRARY_RAW,LANDING,INTL_UK_SANCTIONS_LIST,57883,3293696,61,1,0,address|city|count_meas|country|date_col|dest|flag_bool|name_id|origin|outcome|rate_meas|severity|zip
LIBRARY_RAW,LANDING,XC_UK_SANCTIONS_LIST,57883,3293696,61,1,0,address|city|count_meas|country|date_col|dest|flag_bool|name_id|origin|outcome|rate_meas|severity|zip
LIBRARY_MARTS,HEALTH,HEALTH__FED_CMS_OPT_OUT_AFFIDAVITS,57209,2834432,13,0,3,address|city|date_col|dest|entity_id|name_id|person|seq_order|severity|state|zip
LIBRARY_RAW,LANDING,FED_CMS_OPT_OUT_AFFIDAVITS,57209,4907008,15,0,1,address|city|date_col|dest|entity_id|name_id|origin|person|seq_order|severity|state|zip
LIBRARY_MARTS,HEALTH,HEALTH__FED_FDA_DEVICE_PMA,56853,9266176,25,0,3,address|city|date_col|entity_id|flag_bool|name_id|origin|severity|state|zip
LIBRARY_RAW,LANDING,IRS527_8872_REPORTS,55579,7334912,51,1,0,address|city|count_meas|date_col|entity_id|flag_bool|name_id|origin|severity|state|zip
LIBRARY_MARTS,POLITICS,POLITICS__IRS527_8872_REPORTS,55579,6962688,50,2,6,address|city|count_meas|date_col|entity_id|flag_bool|name_id|origin|severity|state|zip
LIBRARY_RAW,LANDING,FED_USASPENDING_BULK,50000,13879808,300,1,0,address|amount|city|count_meas|country|county|date_col|dest|entity_id|fips|flag_bool|naics_sic|name_id|origin|outcome|person|rate_meas|seq_order|severity|state|zip
LIBRARY_MARTS,PROCUREMENT,PROCUREMENT__FED_USASPENDING_BULK,49613,27323392,299,1,0,address|amount|city|count_meas|country|county|date_col|dest|entity_id|fips|flag_bool|naics_sic|name_id|origin|outcome|person|rate_meas|seq_order|severity|state|zip
LIBRARY_MARTS,FOREIGN_INFLUENCE,FOREIGN_INFLUENCE__FED_FARA_BULK,48104,5185024,33,0,9,address|city|count_meas|country|date_col|flag_bool|name_id|origin|person|rate_meas|severity|state|zip
LIBRARY_RAW,LANDING,FED_CMS_POS_OTHER,44429,5041152,476,1,0,city|count_meas|date_col|entity_id|fips|name_id|origin|rate_meas|severity|state|zip
LIBRARY_MARTS,HEALTH,HEALTH__FED_CMS_POS_OTHER,44429,4740096,473,204,0,city|count_meas|date_col|entity_id|fips|name_id|origin|rate_meas|severity|state|zip
LIBRARY_MARTS,JUSTICE,JUSTICE__INTL_EU_SANCTIONS,42347,3458048,59,0,8,address|city|count_meas|country|date_col|severity|zip
LIBRARY_RAW,LANDING,INTL_EU_SANCTIONS,42347,3744256,62,1,0,address|city|count_meas|country|date_col|origin|severity|zip
LIBRARY_RAW,LANDING,FED_DOL_EBSA_FORM5500_SCHEDULE_SB,41802,5329920,127,10,0,address|amount|city|count_meas|date_col|entity_id|name_id|origin|rate_meas|severity|state|zip
LIBRARY_MARTS,LABOR,LABOR__FED_DOL_EBSA_FORM5500_SCHEDULE_SB,41802,6173184,127,86,5,address|amount|city|count_meas|date_col|entity_id|name_id|origin|rate_meas|severity|state|zip
LIBRARY_MARTS,HEALTH,HEALTH__FED_FDA_DEVICE_ENFORCEMENT,39635,97010176,29,0,4,address|city|count_meas|country|date_col|entity_id|outcome|rate_meas|severity|state|zip
LIBRARY_MARTS,HOUSING,HOUSING__FED_HUD_ASSISTED_HOUSING_PROJECTS,35601,5479936,94,16,1,address|amount|city|count_meas|date_col|entity_id|fips|lat|lon|name_id|origin|person|rate_meas|severity|state|zip
LIBRARY_RAW,LANDING,FED_HUD_ASSISTED_HOUSING_PROJECTS,35601,6021120,95,1,0,address|amount|city|count_meas|date_col|entity_id|fips|lat|lon|name_id|origin|person|rate_meas|severity|state|zip
LIBRARY_MARTS,JUSTICE,JUSTICE__XC_UK_SANCTIONS_LIST,33828,8053760,43,0,3,address|city|count_meas|country|date_col|dest|flag_bool|name_id|origin|outcome|rate_meas|severity|zip
LIBRARY_MARTS,ECONOMICS,ECONOMICS__FED_DOL_FORM5500,33484,5620736,152,23,11,address|amount|city|count_meas|date_col|entity_id|name_id|severity|state|zip
LIBRARY_RAW,LANDING,FED_DOL_FORM5500,33484,4220928,155,1,0,address|amount|city|count_meas|date_col|entity_id|name_id|origin|severity|state|zip
LIBRARY_MARTS,TRANSPORT,TRANSPORT__FED_NTSB_AVIATION_AIRCRAFT,31503,5067264,95,0,3,address|city|count_meas|country|date_col|dest|entity_id|fips|name_id|origin|person|rate_meas|severity|state|zip
LIBRARY_RAW,LANDING,FED_NTSB_AVIATION_AIRCRAFT,31503,5339136,96,1,0,address|city|count_meas|country|date_col|dest|entity_id|fips|name_id|origin|person|rate_meas|severity|state|zip
LIBRARY_MARTS,TRANSPORT,TRANSPORT__FED_NTSB_AVIATION_EVENTS,30968,3718656,75,10,4,city|count_meas|country|date_col|entity_id|lat|lon|naics_sic|name_id|origin|outcome|severity|state|zip
LIBRARY_RAW,LANDING,FED_NTSB_AVIATION_EVENTS,30968,4059136,76,1,0,city|count_meas|country|date_col|entity_id|lat|lon|naics_sic|name_id|origin|outcome|severity|state|zip
LIBRARY_RAW,LANDING,STATE_MO_SEX_OFFENDER_REGISTRY,28185,1227264,14,1,0,address|city|count_meas|county|date_col|name_id|origin|severity|zip
LIBRARY_MARTS,JUSTICE,JUSTICE__STATE_MO_SEX_OFFENDER_REGISTRY,28185,1043968,13,1,2,address|city|count_meas|county|date_col|flag_bool|name_id|origin|severity|state|zip
LIBRARY_RAW,LANDING,FED_FDIC_BANK_DATA,27836,6981632,164,0,0,address|amount|city|count_meas|county|date_col|entity_id|fips|lat|lon|name_id|origin|severity|zip
LIBRARY_MARTS,FINANCE,FINANCE__FED_FDIC_BANK_DATA,27836,3446784,48,8,7,address|amount|city|count_meas|county|date_col|entity_id|fips|lat|lon|name_id|origin|severity|zip
LIBRARY_RAW,LANDING,FED_EPA_AQS_SITES,20994,1478144,31,1,0,address|city|count_meas|county|date_col|fips|lat|lon|name_id|origin|severity|state|zip
LIBRARY_MARTS,ENVIRONMENT,ENVIRONMENT__FED_EPA_AQS_SITES,20994,1271296,32,6,3,address|city|count_meas|county|date_col|fips|lat|lon|name_id|origin|severity|state|zip
LIBRARY_RAW,LANDING,FED_HRSA_UDS_SERVICE_DELIVERY_SITES,19038,3701248,59,2,0,address|city|count_meas|county|date_col|dest|entity_id|fips|flag_bool|name_id|origin|rate_meas|seq_order|severity|state|zip
LIBRARY_MARTS,HEALTH,HEALTH__FED_HRSA_UDS_SERVICE_DELIVERY_SITES,19038,3472896,58,3,3,address|city|count_meas|county|date_col|dest|entity_id|fips|flag_bool|lat|lon|name_id|origin|rate_meas|seq_order|severity|state|zip
LIBRARY_MARTS,HEALTH,HEALTH__FED_FDA_DRUG_ENFORCEMENT,17816,4670976,30,0,4,address|city|count_meas|country|date_col|entity_id|name_id|outcome|severity|state|zip
LIBRARY_MARTS,HEALTH,HEALTH__FED_CMS_NURSING_HOME_PENALTIES,16180,714240,14,1,3,address|amount|city|date_col|entity_id|name_id|outcome|severity|state|zip
LIBRARY_RAW,LANDING,FED_CMS_NURSING_HOME_PENALTIES,16180,826368,17,1,0,address|amount|city|date_col|entity_id|name_id|origin|outcome|severity|state|zip
LIBRARY_MARTS,JUSTICE,JUSTICE__XC_MAPPING_POLICE_VIOLENCE,15476,6150656,64,12,1,address|amount|city|count_meas|county|date_col|dest|entity_id|fips|geom|lat|lon|name_id|origin|outcome|person|rate_meas|severity|state|zip
LIBRARY_RAW,LANDING,XC_MAPPING_POLICE_VIOLENCE,15476,6522368,67,2,0,address|amount|city|count_meas|county|date_col|dest|entity_id|fips|geom|lat|lon|name_id|origin|outcome|person|rate_meas|severity|state|zip
LIBRARY_RAW,LANDING,FED_CDC_DATA_PORTAL,15000,190464,16,1,0,date_col|fips|flag_bool|origin|severity|state|zip
LIBRARY_RAW,LANDING,FED_CMS_NURSING_HOME,14700,3931648,112,1,0,address|amount|city|count_meas|county|date_col|dest|entity_id|fips|lat|lon|naics_sic|name_id|origin|outcome|rate_meas|severity|state|zip
LIBRARY_MARTS,HEALTH,HEALTH__FED_CMS_NURSING_HOME,14700,4704768,97,61,6,address|amount|city|count_meas|county|date_col|dest|entity_id|fips|flag_bool|lat|lon|naics_sic|name_id|origin|outcome|rate_meas|severity|state|zip
LIBRARY_MARTS,HEALTH,HEALTH__FED_CMS_SKILLED_NURSING_FACILITY_ENROLLMENTS,14425,1452544,23,0,1,address|city|date_col|entity_id|flag_bool|name_id|rate_meas|severity|state|zip
LIBRARY_RAW,LANDING,FED_CMS_SKILLED_NURSING_FACILITY_ENROLLMENTS,14425,1949184,25,0,1,address|city|date_col|entity_id|flag_bool|name_id|origin|rate_meas|severity|state|zip
LIBRARY_MARTS,HOUSING,HOUSING__FED_USDA_RD_MFH_ACTIVE_PROJECTS,13550,1100288,35,12,4,address|city|count_meas|county|date_col|fips|flag_bool|lat|lon|name_id|origin|rate_meas|severity|state|zip
LIBRARY_RAW,LANDING,FED_USDA_RD_MFH_ACTIVE_PROJECTS,13550,1238016,35,1,0,address|city|count_meas|county|date_col|fips|flag_bool|lat|lon|name_id|origin|rate_meas|severity|state|zip
LIBRARY_RAW,LANDING,FED_CMS_HOME_HEALTH,12392,3089408,99,1,0,address|amount|city|date_col|dest|entity_id|naics_sic|name_id|origin|outcome|person|rate_meas|severity|state|zip
LIBRARY_MARTS,HEALTH,HEALTH__FED_CMS_HOME_HEALTH,12392,2903552,96,19,1,address|amount|city|date_col|dest|entity_id|naics_sic|name_id|outcome|person|rate_meas|severity|state|zip
LIBRARY_RAW,LANDING,FED_CMS_HOME_HEALTH_AGENCY_ENROLLMENTS,11508,1268736,24,1,1,address|city|date_col|entity_id|flag_bool|name_id|origin|rate_meas|severity|state|zip
LIBRARY_MARTS,HEALTH,HEALTH__FED_CMS_HOME_HEALTH_AGENCY_ENROLLMENTS,11508,866304,22,1,1,address|city|date_col|entity_id|flag_bool|name_id|rate_meas|severity|state|zip
LIBRARY_RAW,LANDING,FED_CMS_FEDERALLY_QUALIFIED_HEALTH_CENTER_ENROLLMENTS,11063,1280000,23,0,1,address|city|date_col|entity_id|flag_bool|name_id|origin|rate_meas|severity|state|zip
LIBRARY_MARTS,HEALTH,HEALTH__FED_CMS_FEDERALLY_QUALIFIED_HEALTH_CENTER_ENROLLMENTS,11063,892928,21,0,1,address|city|date_col|entity_id|flag_bool|name_id|rate_meas|severity|state|zip
LIBRARY_RAW,LANDING,PORTAL_CKA_INDIANA_DATA_HUB_D4DAE8D984,10000,287232,11,0,0,amount|count_meas|date_col|dest|origin|severity|zip
LIBRARY_RAW,LANDING,PORTAL_CKA_WPRDC_ALLEGHENY_DE448D04D4,10000,526336,44,0,0,address|amount|city|count_meas|county|date_col|entity_id|fips|naics_sic|name_id|origin|severity|state|zip
LIBRARY_RAW,LANDING,PORTAL_CKA_WPRDC_ALLEGHENY_5B37A5568E,10000,1123328,21,0,0,address|count_meas|date_col|entity_id|fips|lat|lon|name_id|origin|severity|zip
LIBRARY_RAW,LANDING,PORTAL_CKA_ANALYZE_BOSTON_D5A9AD584E,10000,1061888,66,0,0,address|amount|city|count_meas|date_col|dest|entity_id|fips|flag_bool|geom|lat|lon|name_id|origin|outcome|rate_meas|severity|zip
LIBRARY_RAW,LANDING,PORTAL_CKA_HOUSTON_OPEN_DAT_A4490182BA,10000,1456128,48,0,0,address|city|count_meas|county|date_col|flag_bool|lat|lon|name_id|origin|seq_order|severity|state|zip
LIBRARY_RAW,LANDING,PORTAL_CKA_VIRGINIA_OPEN_DA_77706D86DA,10000,3121152,111,0,0,address|amount|city|count_meas|county|date_col|dest|entity_id|lat|lon|name_id|origin|severity|state|zip
LIBRARY_RAW,LANDING,PORTAL_CKA_WESTERN_PENNSYLV_EF682F7E59,10000,1123328,21,0,0,address|count_meas|date_col|entity_id|fips|lat|lon|name_id|origin|severity|zip
LIBRARY_RAW,LANDING,PORTAL_CKA_VIRGINIA_OPEN_DA_AC3869EE0E,10000,2089472,40,0,0,address|city|count_meas|date_col|geom|name_id|origin|severity|state|zip
LIBRARY_RAW,LANDING,PORTAL_CKA_WPRDC_ALLEGHENY_B9904B63C2,10000,927744,48,0,0,address|amount|city|count_meas|date_col|dest|lat|lon|name_id|origin|rate_meas|severity|state|zip
LIBRARY_RAW,LANDING,PORTAL_CKA_WESTERN_PENNSYLV_DDB61776D0,10000,351232,23,0,0,address|city|date_col|entity_id|name_id|origin|severity|state|zip
LIBRARY_RAW,LANDING,PORTAL_CKA_VIRGINIA_OPEN_DA_1D39BDEC50,10000,1723392,37,0,0,address|city|date_col|lat|lon|name_id|origin|seq_order|severity|state|zip
LIBRARY_RAW,LANDING,PORTAL_CKA_ANALYZE_BOSTON_E4C004D662,10000,1149440,31,0,0,address|city|date_col|dest|entity_id|lat|lon|name_id|origin|outcome|severity|zip
LIBRARY_RAW,LANDING,PORTAL_CKA_WESTERN_PENNSYLV_B25E480DFC,10000,927744,48,0,0,address|amount|city|count_meas|date_col|dest|lat|lon|name_id|origin|rate_meas|severity|state|zip
LIBRARY_RAW,LANDING,PORTAL_CKA_VIRGINIA_OPEN_DA_039AACD655,10000,988160,64,0,0,address|city|count_meas|country|county|date_col|lat|lon|origin|severity|state|zip
LIBRARY_RAW,LANDING,PORTAL_CKA_WESTERN_PENNSYLV_2DEAA849E4,10000,1505792,42,0,0,address|count_meas|date_col|geom|name_id|origin|severity|zip
LIBRARY_RAW,LANDING,PORTAL_CKA_WPRDC_ALLEGHENY_49ED6437BF,10000,351232,23,0,0,address|city|date_col|entity_id|name_id|origin|severity|state|zip
LIBRARY_RAW,LANDING,PORTAL_CKA_HOUSTON_OPEN_DAT_5B1522DD22,10000,472576,16,0,0,address|amount|count_meas|date_col|dest|entity_id|name_id|origin|zip
LIBRARY_RAW,LANDING,PORTAL_CKA_CALIFORNIA_OPEN_1424436F0D,10000,262656,14,0,0,city|date_col|name_id|origin|severity|state|zip
LIBRARY_RAW,LANDING,PORTAL_CKA_ANALYZE_BOSTON_A9B7E5C08A,10000,1418240,22,0,0,address|city|count_meas|date_col|origin|severity|zip
LIBRARY_RAW,LANDING,PORTAL_CKA_CALIFORNIA_OPEN_D33A75D890,10000,257024,7,0,0,date_col|name_id|origin|rate_meas|severity|zip
LIBRARY_RAW,LANDING,PORTAL_CKA_WESTERN_PENNSYLV_0AF7431C6C,10000,526336,44,0,0,address|amount|city|count_meas|county|date_col|entity_id|fips|naics_sic|name_id|origin|severity|state|zip
LIBRARY_RAW,LANDING,PORTAL_CKA_VIRGINIA_OPEN_DA_8A70DE2FB1,10000,716288,19,0,0,address|amount|city|count_meas|date_col|name_id|origin|outcome|state|zip
LIBRARY_RAW,LANDING,PORTAL_CKA_WPRDC_ALLEGHENY_A515B81DDF,10000,1505792,42,0,0,address|count_meas|date_col|geom|name_id|origin|severity|zip
LIBRARY_RAW,LANDING,PORTAL_CKA_HOUSTON_OPEN_DAT_F10142914F,9999,1221120,33,0,0,address|city|count_meas|date_col|entity_id|name_id|origin|rate_meas|severity|state|zip
LIBRARY_RAW,LANDING,PORTAL_CKA_ANALYZE_BOSTON_DF0A6DE397,9998,627200,26,0,0,address|city|count_meas|date_col|entity_id|name_id|origin|severity|state|zip
LIBRARY_RAW,LANDING,PORTAL_CKA_HOUSTON_OPEN_DAT_AB35BB6552,9997,495616,24,0,0,address|count_meas|date_col|lat|lon|name_id|origin|severity|zip
LIBRARY_RAW,LANDING,PORTAL_CKA_ANALYZE_BOSTON_0CCFFFCC26,9951,968192,20,0,0,address|city|count_meas|date_col|entity_id|name_id|origin|severity|state|zip
LIBRARY_RAW,LANDING,PORTAL_CKA_CALIFORNIA_OPEN_CC3CA4C413,9788,352256,22,0,0,address|city|count_meas|county|date_col|flag_bool|lat|lon|name_id|origin|severity|state|zip
LIBRARY_RAW,LANDING,PORTAL_CKA_OPEN_DATA_SA_6B3408D74F,9460,292352,12,0,0,date_col|origin|person|severity|zip
LIBRARY_MARTS,HEALTH,HEALTH__FED_CMS_HOSPITAL_ENROLLMENTS,9175,786944,39,0,2,address|city|date_col|entity_id|flag_bool|name_id|rate_meas|seq_order|severity|state|zip
LIBRARY_RAW,LANDING,FED_CMS_HOSPITAL_ENROLLMENTS,9175,1106944,41,0,1,address|city|date_col|entity_id|flag_bool|name_id|origin|rate_meas|seq_order|severity|state|zip
LIBRARY_RAW,LANDING,FED_SAM_EXCLUSIONS,9000,464384,24,1,0,city|count_meas|country|date_col|entity_id|name_id|origin|outcome|person|severity|state|zip
LIBRARY_RAW,LANDING,PORTAL_CKA_WESTERN_PENNSYLV_F6A018A1CB,8629,460288,20,0,0,address|city|date_col|entity_id|name_id|origin|severity|state|zip
LIBRARY_RAW,LANDING,PORTAL_CKA_WPRDC_ALLEGHENY_7B65AE0CFF,8629,460288,20,0,0,address|city|date_col|entity_id|name_id|origin|severity|state|zip
LIBRARY_RAW,LANDING,PORTAL_CKA_ANALYZE_BOSTON_4EDDC3919B,8250,733696,16,0,0,address|city|date_col|name_id|origin|severity|zip
LIBRARY_RAW,LANDING,PORTAL_CKA_WESTERN_PENNSYLV_2DFC1ADDEA,7723,237568,22,0,0,date_col|origin|outcome|zip
LIBRARY_RAW,LANDING,PORTAL_CKA_WPRDC_ALLEGHENY_A4E9CE945B,7723,237568,22,0,0,date_col|origin|outcome|zip
LIBRARY_MARTS,HEALTH,HEALTH__FED_CMS_DIALYSIS,7557,1478656,142,67,13,address|amount|city|count_meas|county|date_col|entity_id|name_id|origin|rate_meas|severity|state|zip
LIBRARY_RAW,LANDING,FED_CMS_DIALYSIS,7557,1848320,145,1,0,address|amount|city|count_meas|county|date_col|entity_id|name_id|origin|rate_meas|severity|state|zip
LIBRARY_RAW,LANDING,PORTAL_CKA_ISRAEL_NATIONAL_8649911221,7181,527360,17,0,0,address|amount|date_col|name_id|origin|rate_meas|severity|zip
LIBRARY_MARTS,HEALTH,HEALTH__FED_CMS_HOSPICE,6852,360960,12,0,1,address|city|count_meas|county|date_col|entity_id|name_id|severity|state|zip
LIBRARY_RAW,LANDING,FED_CMS_HOSPICE,6852,409600,15,1,0,address|city|count_meas|county|date_col|entity_id|name_id|origin|severity|state|zip
LIBRARY_RAW,LANDING,PORTAL_CKA_WPRDC_ALLEGHENY_98B94025AC,6630,187392,13,0,0,address|city|count_meas|date_col|origin|severity|zip
LIBRARY_RAW,LANDING,PORTAL_CKA_WESTERN_PENNSYLV_D654695651,6630,187392,13,0,0,address|city|count_meas|date_col|origin|severity|zip
LIBRARY_MARTS,FINANCE,FINANCE__FED_FHFA_FHLB_MEMBERSHIP,6327,303616,17,1,2,city|date_col|name_id|origin|severity|state|zip
LIBRARY_RAW,LANDING,FED_FHFA_FHLB_MEMBERSHIP,6327,314368,17,1,0,city|date_col|name_id|origin|severity|state|zip
LIBRARY_RAW,LANDING,FED_ED_COLLEGE_SCORECARD_INSTITUTION,6273,27774464,3311,90,0,address|amount|city|count_meas|date_col|fips|lat|lon|naics_sic|origin|outcome|rate_meas|severity|state|zip
LIBRARY_MARTS,EDUCATION,EDUCATION__FED_ED_COLLEGE_SCORECARD_INSTITUTION,6273,1031168,66,52,1,amount|city|count_meas|date_col|fips|flag_bool|lat|lon|naics_sic|name_id|origin|rate_meas|severity|state|zip
LIBRARY_RAW,LANDING,FED_CMS_HCRIS,6103,2900992,120,1,0,address|amount|city|count_meas|county|date_col|dest|entity_id|fips|naics_sic|name_id|origin|person|rate_meas|severity|state|zip
LIBRARY_MARTS,HEALTH,HEALTH__FED_CMS_HCRIS,6103,3678208,125,107,3,address|amount|city|count_meas|county|date_col|dest|entity_id|fips|naics_sic|name_id|origin|person|rate_meas|severity|state|zip
LIBRARY_RAW,LANDING,FED_CMS_HOSPICE_ENROLLMENTS,6066,669184,22,0,1,address|city|date_col|entity_id|flag_bool|name_id|origin|rate_meas|severity|state|zip
LIBRARY_MARTS,IMMIGRATION,IMMIGRATION__FED_CMS_HOSPICE_ENROLLMENTS,6066,456192,20,0,1,address|city|date_col|entity_id|flag_bool|name_id|rate_meas|severity|state|zip
LIBRARY_MARTS,HEALTH,HEALTH__FED_CMS_RURAL_HEALTH_CLINIC_ENROLLMENTS,5530,476160,21,0,1,address|city|date_col|entity_id|flag_bool|name_id|rate_meas|severity|state|zip
LIBRARY_RAW,LANDING,FED_CMS_RURAL_HEALTH_CLINIC_ENROLLMENTS,5530,668160,23,0,1,address|city|date_col|entity_id|flag_bool|name_id|origin|rate_meas|severity|state|zip
LIBRARY_RAW,LANDING,PORTAL_CKA_INDIANA_DATA_HUB_66A945CF17,5000,335360,21,0,0,address|amount|city|count_meas|date_col|dest|entity_id|lat|lon|name_id|origin|severity|state|zip
LIBRARY_RAW,LANDING,PORTAL_SOC_CONNECTICUT_OPEN_6BE2302812,5000,574464,32,0,0,address|amount|city|date_col|entity_id|name_id|origin|severity|state|zip
LIBRARY_RAW,LANDING,PORTAL_SOC_UTAH_OPEN_DATA_P_81A81B1650,5000,548352,28,0,0,city|count_meas|country|county|date_col|fips|lat|lon|naics_sic|name_id|origin|severity|state|zip
LIBRARY_RAW,LANDING,FED_EPA_ENVIROFACTS,5000,121856,17,1,0,city|count_meas|county|date_col|lat|lon|name_id|origin|severity|state|zip
LIBRARY_RAW,LANDING,PORTAL_ARC_ATLANTA_DATAATLA_3E6E5804C7,5000,798720,112,0,0,address|city|count_meas|date_col|dest|geom|lat|lon|naics_sic|name_id|origin|severity|state|zip
LIBRARY_RAW,LANDING,PORTAL_SOC_UTAH_OPEN_DATA_P_17CB6B615F,5000,397824,31,0,0,address|amount|city|date_col|entity_id|name_id|origin|severity|state|zip
LIBRARY_MARTS,ENVIRONMENT,ENVIRONMENT__FED_EPA_ENVIROFACTS,5000,106496,16,0,1,city|count_meas|county|date_col|lat|lon|name_id|origin|severity|state|zip
LIBRARY_RAW,LANDING,PORTAL_CKA_CALIFORNIA_OPEN_5DD35F95D8,5000,961536,62,0,0,address|city|count_meas|county|date_col|entity_id|fips|flag_bool|lat|lon|name_id|origin|rate_meas|severity|zip
LIBRARY_RAW,LANDING,PORTAL_CKA_INDIANA_DATA_HUB_78F3E49D13,4730,219136,17,0,0,address|city|count_meas|county|date_col|fips|lat|lon|name_id|origin|severity|zip
LIBRARY_RAW,LANDING,PORTAL_SOC_UTAH_OPEN_DATA_P_589CC47A29,4432,1009152,39,0,0,address|city|count_meas|county|date_col|entity_id|geom|lat|naics_sic|name_id|origin|severity|state|zip
LIBRARY_RAW,LANDING,FED_NCUA_CALL_REPORTS_FOICU,4336,335360,31,1,0,address|city|count_meas|county|date_col|flag_bool|name_id|origin|severity|state|zip
LIBRARY_MARTS,FINANCE,FINANCE__FED_NCUA_CALL_REPORTS_FOICU,4336,310272,31,2,4,address|city|count_meas|county|date_col|flag_bool|name_id|origin|severity|state|zip
LIBRARY_MARTS,FINANCE,FINANCE__FED_NCUA_FEDERALLY_INSURED_CU_LIST,4250,292864,26,14,0,address|amount|city|count_meas|date_col|dest|name_id|origin|rate_meas|severity|state|zip
LIBRARY_RAW,LANDING,FED_NCUA_FEDERALLY_INSURED_CU_LIST,4250,796672,26,1,0,address|amount|city|count_meas|date_col|dest|name_id|origin|rate_meas|severity|state|zip
LIBRARY_MARTS,HOUSING,HOUSING__FED_HUD_PUBLIC_HOUSING_AUTHORITIES,3787,1137152,109,37,2,address|amount|city|count_meas|county|date_col|fips|flag_bool|lat|lon|name_id|origin|rate_meas|severity|state|zip
LIBRARY_RAW,LANDING,FED_HUD_PUBLIC_HOUSING_AUTHORITIES,3787,1329152,109,6,0,address|amount|city|count_meas|county|date_col|fips|lat|lon|name_id|origin|rate_meas|severity|zip
LIBRARY_RAW,LANDING,PORTAL_CKA_ANALYZE_BOSTON_C1B203DC0A,3631,848896,29,0,0,address|city|count_meas|date_col|entity_id|name_id|origin|severity|state|zip
LIBRARY_RAW,LANDING,PORTAL_CKA_WESTERN_PENNSYLV_23B8B5B7D2,3420,217600,18,0,0,address|date_col|lat|lon|name_id|origin|rate_meas|severity|zip
LIBRARY_RAW,LANDING,PORTAL_CKA_WPRDC_ALLEGHENY_1C103EE2CD,3420,217600,18,0,0,address|date_col|lat|lon|name_id|origin|rate_meas|severity|zip
LIBRARY_RAW,LANDING,PORTAL_CKA_ANALYZE_BOSTON_5DD692715C,3302,233984,17,0,0,address|city|date_col|entity_id|lat|lon|origin|severity|state|zip
LIBRARY_RAW,LANDING,PORTAL_CKA_CALIFORNIA_OPEN_E87D6ED57D,3200,883712,143,0,0,address|amount|city|count_meas|county|date_col|flag_bool|lat|lon|name_id|origin|outcome|rate_meas|severity|state|zip
LIBRARY_RAW,LANDING,PORTAL_CKA_CALIFORNIA_OPEN_A6FC6EE30B,3040,262656,22,0,0,address|amount|city|date_col|origin|severity|zip
LIBRARY_MARTS,ECONOMICS,ECONOMICS__FED_IRS_EO_PR,2587,207872,28,3,0,address|amount|city|date_col|entity_id|name_id|severity|state|zip
LIBRARY_RAW,LANDING,FED_IRS_EO_PR,2587,201728,31,0,1,address|amount|city|date_col|entity_id|name_id|origin|severity|state|zip
LIBRARY_RAW,LANDING,PORTAL_SOC_COLORADO_INFORMA_4BAD70F01F,2456,199680,31,0,0,address|amount|city|date_col|entity_id|name_id|origin|severity|state|zip
LIBRARY_RAW,LANDING,FED_IRS_SOI_CHARITIES,2450,199168,31,1,0,address|amount|city|date_col|entity_id|name_id|origin|severity|state|zip
LIBRARY_MARTS,ECONOMICS,ECONOMICS__FED_IRS_SOI_CHARITIES,2450,195072,28,3,0,address|amount|city|date_col|entity_id|name_id|severity|state|zip
LIBRARY_RAW,LANDING,PORTAL_SOC_UTAH_OPEN_DATA_P_289C31329B,2402,381952,116,0,0,amount|count_meas|date_col|entity_id|naics_sic|name_id|origin|outcome|severity|zip
LIBRARY_RAW,LANDING,PORTAL_CKA_CALIFORNIA_OPEN_B100823F62,2285,281088,28,0,0,address|city|count_meas|county|date_col|dest|lat|lon|name_id|origin|rate_meas|severity|state|zip
LIBRARY_RAW,LANDING,FED_EPA_SUPERFUND_SITE_BOUNDARIES,2114,792576,35,1,0,address|city|count_meas|county|date_col|geom|name_id|origin|severity|state|zip
LIBRARY_RAW,LANDING,FED_PHMSA_FLAGGED_INCIDENTS,2039,2582528,627,1,0,address|amount|city|count_meas|county|date_col|dest|fips|flag_bool|geom|lat|lon|name_id|origin|outcome|person|rate_meas|severity|state|zip
LIBRARY_MARTS,ENVIRONMENT,ENVIRONMENT__FED_PHMSA_FLAGGED_INCIDENTS,2039,117760,39,18,2,address|city|count_meas|date_col|fips|lat|lon|name_id|origin|outcome|severity|state|zip
LIBRARY_RAW,LANDING,PORTAL_SOC_UTAH_OPEN_DATA_P_6DEEE0BF03,2018,431616,99,0,0,address|city|count_meas|country|county|date_col|dest|naics_sic|name_id|origin|outcome|person|rate_meas|severity|state|zip
LIBRARY_RAW,LANDING,PORTAL_ARC_TUCSON_OPEN_DATA_EAB8D87A4D,2000,966144,100,0,0,address|city|count_meas|country|date_col|entity_id|fips|geom|lat|lon|origin|seq_order|severity|state|zip
LIBRARY_RAW,LANDING,PORTAL_ARC_OPEN_DATA_RALEIG_EFBB617010,2000,559104,179,0,0,address|amount|city|count_meas|county|date_col|dest|fips|flag_bool|geom|lat|lon|naics_sic|name_id|origin|person|rate_meas|seq_order|severity|state|zip
LIBRARY_RAW,LANDING,PORTAL_ARC_TUCSON_OPEN_DATA_688A84DDBF,2000,363008,85,0,0,address|amount|city|date_col|entity_id|geom|name_id|origin|person|rate_meas|severity|state|zip
LIBRARY_RAW,LANDING,PORTAL_ARC_TUCSON_OPEN_DATA_664D252729,2000,821760,79,0,0,address|city|count_meas|country|date_col|entity_id|fips|geom|lat|lon|origin|seq_order|severity|state|zip
LIBRARY_RAW,LANDING,PORTAL_SOC_TEXAS_OPEN_DATA_5410A1009F,2000,209920,22,0,0,address|city|count_meas|county|date_col|entity_id|flag_bool|naics_sic|name_id|origin|severity|state|zip
LIBRARY_RAW,LANDING,PORTAL_ARC_TUCSON_OPEN_DATA_A40FB2876B,2000,1319424,78,0,0,address|city|count_meas|country|date_col|entity_id|fips|geom|lat|lon|origin|seq_order|severity|state|zip
LIBRARY_RAW,LANDING,PORTAL_ARC_TUCSON_OPEN_DATA_A937D836B3,2000,949248,74,0,0,address|city|count_meas|country|date_col|entity_id|fips|geom|lat|lon|origin|seq_order|severity|state|zip
LIBRARY_RAW,LANDING,PORTAL_SOC_TEXAS_OPEN_DATA_DA657010B1,2000,137216,20,0,0,address|city|count_meas|county|date_col|entity_id|naics_sic|name_id|origin|state|zip
LIBRARY_RAW,LANDING,PORTAL_ARC_TUCSON_OPEN_DATA_65984ADFBA,2000,995840,81,0,0,address|city|count_meas|country|date_col|entity_id|fips|geom|lat|lon|origin|seq_order|severity|state|zip
LIBRARY_RAW,LANDING,PORTAL_ARC_HARRIS_COUNTY_OP_2D6F9D0DA7,2000,285184,40,0,0,address|city|count_meas|date_col|geom|lat|lon|naics_sic|name_id|origin|severity|state|zip
LIBRARY_RAW,LANDING,PORTAL_ARC_TUCSON_OPEN_DATA_81514E21D3,2000,972800,74,0,0,address|city|count_meas|country|date_col|entity_id|fips|geom|lat|lon|origin|seq_order|severity|state|zip
LIBRARY_RAW,LANDING,PORTAL_ARC_TUCSON_OPEN_DATA_F970BAADB3,2000,882688,81,0,0,address|city|count_meas|country|date_col|entity_id|fips|geom|lat|lon|origin|seq_order|severity|state|zip
LIBRARY_RAW,LANDING,PORTAL_ARC_TUCSON_OPEN_DATA_EE2E5DB309,2000,1506304,78,0,0,address|city|count_meas|country|date_col|entity_id|fips|geom|lat|lon|origin|seq_order|severity|state|zip
LIBRARY_RAW,LANDING,PORTAL_SOC_CONNECTICUT_OPEN_FF2B86A533,2000,317440,40,0,0,address|amount|city|count_meas|county|date_col|dest|fips|naics_sic|name_id|origin|outcome|rate_meas|severity|state|zip
LIBRARY_RAW,LANDING,PORTAL_SOC_UTAH_OPEN_DATA_P_0844D0BD12,2000,124928,20,0,0,address|city|date_col|naics_sic|origin|severity|state|zip
LIBRARY_RAW,LANDING,PORTAL_ARC_ATLANTA_DATAATLA_DDCDF8F47F,2000,269312,34,0,0,address|city|date_col|geom|lat|lon|naics_sic|name_id|origin|severity|state|zip
LIBRARY_RAW,LANDING,PORTAL_ARC_TUCSON_OPEN_DATA_7B6232F22D,2000,984064,78,0,0,address|city|count_meas|country|date_col|entity_id|fips|geom|lat|lon|origin|seq_order|severity|state|zip
LIBRARY_RAW,LANDING,PORTAL_SOC_COLORADO_INFORMA_E80CA7800E,2000,184320,77,0,0,count_meas|county|date_col|dest|fips|naics_sic|name_id|origin|person|rate_meas|severity|state|zip
LIBRARY_RAW,LANDING,PORTAL_ARC_TUCSON_OPEN_DATA_8AB8EAF3DF,2000,1264640,127,0,0,address|amount|city|count_meas|country|date_col|dest|entity_id|fips|geom|lat|lon|naics_sic|name_id|origin|person|rate_meas|seq_order|severity|state|zip
LIBRARY_RAW,LANDING,PORTAL_ARC_TUCSON_OPEN_DATA_A94D7DFBCF,2000,1338880,78,0,0,address|city|count_meas|country|date_col|entity_id|fips|geom|lat|lon|origin|seq_order|severity|state|zip
LIBRARY_RAW,LANDING,PORTAL_ARC_TUCSON_OPEN_DATA_F5DCF594AF,2000,1233920,83,0,0,address|city|count_meas|country|date_col|dest|entity_id|fips|geom|lat|lon|origin|seq_order|severity|state|zip
LIBRARY_RAW,LANDING,PORTAL_ARC_TUCSON_OPEN_DATA_4FB5EA68FC,2000,927232,77,0,0,address|city|count_meas|country|date_col|entity_id|fips|geom|lat|lon|origin|seq_order|severity|state|zip
LIBRARY_RAW,LANDING,PORTAL_ARC_TUCSON_OPEN_DATA_CDD4037DF8,2000,980480,101,0,0,address|city|count_meas|country|date_col|entity_id|fips|geom|lat|lon|origin|seq_order|severity|state|zip
LIBRARY_RAW,LANDING,PORTAL_ARC_TUCSON_OPEN_DATA_90CC86DC8C,2000,1405440,78,0,0,address|city|count_meas|country|date_col|entity_id|fips|geom|lat|lon|origin|seq_order|severity|state|zip
LIBRARY_RAW,LANDING,PORTAL_SOC_UTAH_OPEN_DATA_P_103F7D641F,2000,346112,66,0,0,address|amount|city|count_meas|country|county|date_col|dest|entity_id|flag_bool|name_id|origin|severity|state|zip
LIBRARY_RAW,LANDING,PORTAL_ARC_TUCSON_OPEN_DATA_CF1942A6CE,2000,736256,71,0,0,address|city|count_meas|country|date_col|dest|entity_id|fips|geom|lat|lon|name_id|origin|seq_order|severity|state|zip
LIBRARY_RAW,LANDING,PORTAL_ARC_TUCSON_OPEN_DATA_A54A25CA53,2000,1367040,78,0,0,address|city|count_meas|country|date_col|entity_id|fips|geom|lat|lon|origin|seq_order|severity|state|zip
LIBRARY_RAW,LANDING,PORTAL_ARC_TUCSON_OPEN_DATA_8896D12631,2000,914944,79,0,0,address|city|count_meas|country|date_col|entity_id|fips|geom|lat|lon|origin|seq_order|severity|state|zip
LIBRARY_RAW,LANDING,PORTAL_SOC_NEW_YORK_STATE_O_EFF72C4402,2000,248832,49,0,0,address|amount|count_meas|county|date_col|dest|entity_id|flag_bool|naics_sic|name_id|origin|outcome|rate_meas|severity|state|zip
LIBRARY_RAW,LANDING,PORTAL_ARC_TUCSON_OPEN_DATA_5B985CBFB5,2000,1338880,78,0,0,address|city|count_meas|country|date_col|entity_id|fips|geom|lat|lon|origin|seq_order|severity|state|zip
LIBRARY_RAW,LANDING,PORTAL_ARC_TUCSON_OPEN_DATA_AD408FDF6D,2000,1319424,78,0,0,address|city|count_meas|country|date_col|entity_id|fips|geom|lat|lon|origin|seq_order|severity|state|zip
LIBRARY_RAW,LANDING,PORTAL_SOC_TEXAS_OPEN_DATA_4D3A5EED0F,2000,67584,18,0,0,address|city|count_meas|county|date_col|naics_sic|name_id|origin|state|zip
LIBRARY_RAW,LANDING,PORTAL_SOC_DATALA_LOS_ANGEL_361B8161B7,2000,242176,25,0,0,address|city|count_meas|date_col|naics_sic|name_id|origin|severity|zip
LIBRARY_RAW,LANDING,PORTAL_ARC_OPEN_DATA_RALEIG_8EE851C810,2000,763904,225,0,0,address|amount|city|count_meas|county|date_col|dest|fips|flag_bool|lat|lon|naics_sic|name_id|origin|person|rate_meas|seq_order|severity|state|zip
LIBRARY_RAW,LANDING,PORTAL_SOC_TEXAS_OPEN_DATA_A124DC2A11,2000,244736,44,0,0,address|amount|city|count_meas|county|date_col|name_id|origin|severity|state|zip
LIBRARY_RAW,LANDING,PORTAL_SOC_COLORADO_INFORMA_46101BE391,2000,120832,16,0,0,address|city|date_col|entity_id|origin|severity|state|zip
LIBRARY_RAW,LANDING,PORTAL_ARC_TUCSON_OPEN_DATA_FA71372C44,2000,1230336,79,0,0,address|city|count_meas|country|date_col|entity_id|fips|geom|lat|lon|origin|seq_order|severity|state|zip
LIBRARY_RAW,LANDING,PORTAL_ARC_TUCSON_OPEN_DATA_3D7C82E432,2000,1508352,78,0,0,address|city|count_meas|country|date_col|entity_id|fips|geom|lat|lon|origin|seq_order|severity|state|zip
LIBRARY_RAW,LANDING,PORTAL_ARC_OPEN_DATA_RALEIG_DF19DCBB03,2000,566272,190,0,0,address|amount|city|count_meas|county|date_col|dest|fips|flag_bool|geom|lat|lon|naics_sic|name_id|origin|person|rate_meas|seq_order|severity|state|zip
LIBRARY_RAW,LANDING,PORTAL_ARC_TUCSON_OPEN_DATA_97B5E23500,2000,736256,71,0,0,address|city|count_meas|country|date_col|dest|entity_id|fips|geom|lat|lon|name_id|origin|seq_order|severity|state|zip
LIBRARY_RAW,LANDING,PORTAL_SOC_OREGON_OPEN_DATA_DC4AEE7DB0,2000,245760,34,0,0,address|city|count_meas|county|date_col|naics_sic|name_id|origin|severity|state|zip
LIBRARY_RAW,LANDING,PORTAL_SOC_TEXAS_OPEN_DATA_354E3ABF4F,2000,232448,48,0,0,city|count_meas|country|county|date_col|dest|entity_id|naics_sic|name_id|origin|rate_meas|severity|state|zip
LIBRARY_RAW,LANDING,PORTAL_ARC_LA_COUNTY_OPEN_D_2E79EB67C8,2000,291840,32,0,0,address|city|count_meas|date_col|dest|fips|geom|lat|lon|naics_sic|name_id|origin|rate_meas|severity|zip
LIBRARY_RAW,LANDING,PORTAL_SOC_OREGON_OPEN_DATA_072D0C4A94,2000,187904,34,0,0,address|city|count_meas|county|date_col|naics_sic|name_id|origin|outcome|severity|state|zip
LIBRARY_RAW,LANDING,PORTAL_SOC_COLORADO_INFORMA_1D5CFAD830,2000,211968,77,0,0,count_meas|county|date_col|dest|fips|naics_sic|name_id|origin|person|rate_meas|severity|state|zip
LIBRARY_RAW,LANDING,PORTAL_ARC_TUCSON_OPEN_DATA_C92A89BB0D,2000,1598976,78,0,0,address|city|count_meas|country|date_col|entity_id|fips|geom|lat|lon|origin|seq_order|severity|state|zip
LIBRARY_RAW,LANDING,PORTAL_ARC_TUCSON_OPEN_DATA_82607FBFC9,2000,901120,74,0,0,address|city|count_meas|country|date_col|entity_id|fips|geom|lat|lon|origin|seq_order|severity|state|zip
LIBRARY_RAW,LANDING,PORTAL_SOC_COLORADO_INFORMA_DE6C8A6901,2000,203776,77,0,0,count_meas|county|date_col|dest|fips|naics_sic|name_id|origin|person|rate_meas|severity|state|zip
LIBRARY_RAW,LANDING,PORTAL_ARC_LA_COUNTY_OPEN_D_1EDD056661,2000,430592,64,0,0,address|city|count_meas|county|date_col|entity_id|fips|flag_bool|geom|lat|lon|name_id|origin|rate_meas|severity|zip
LIBRARY_RAW,LANDING,PORTAL_SOC_OREGON_OPEN_DATA_E338C547C2,2000,41984,15,0,0,date_col|entity_id|name_id|origin|rate_meas|severity|zip
LIBRARY_RAW,LANDING,PORTAL_ARC_ATLANTA_DATAATLA_FB2953F9B7,2000,333824,112,0,0,address|city|count_meas|date_col|dest|geom|lat|lon|naics_sic|name_id|origin|severity|state|zip
LIBRARY_RAW,LANDING,PORTAL_ARC_HARRIS_COUNTY_OP_D248A81CD8,2000,317952,91,0,0,address|city|count_meas|country|county|date_col|geom|lat|lon|naics_sic|name_id|origin|rate_meas|severity|state|zip
LIBRARY_RAW,LANDING,PORTAL_SOC_UTAH_OPEN_DATA_P_D5F7CA2621,2000,345600,114,0,0,address|city|count_meas|county|date_col|lat|lon|naics_sic|name_id|origin|rate_meas|severity|zip
LIBRARY_RAW,LANDING,PORTAL_SOC_UTAH_OPEN_DATA_P_4EBA247771,2000,136192,23,0,0,address|city|count_meas|date_col|entity_id|name_id|origin|rate_meas|severity|zip
LIBRARY_RAW,LANDING,PORTAL_ARC_TUCSON_OPEN_DATA_DB600D27AE,2000,1055744,77,0,0,address|city|count_meas|country|date_col|entity_id|fips|geom|lat|lon|origin|seq_order|severity|state|zip
LIBRARY_RAW,LANDING,PORTAL_SOC_SEATTLE_OPEN_DAT_C8F2072189,2000,182272,16,0,0,address|city|count_meas|date_col|entity_id|naics_sic|name_id|origin|severity|state|zip
LIBRARY_RAW,LANDING,PORTAL_SOC_CONNECTICUT_OPEN_AEB46F6C94,2000,306688,110,0,0,address|city|count_meas|county|date_col|lat|lon|naics_sic|name_id|origin|rate_meas|severity|zip
LIBRARY_RAW,LANDING,PORTAL_ARC_TUCSON_OPEN_DATA_70CEDCB206,2000,1558016,78,0,0,address|city|count_meas|country|date_col|entity_id|fips|geom|lat|lon|origin|seq_order|severity|state|zip
LIBRARY_RAW,LANDING,PORTAL_ARC_TUCSON_OPEN_DATA_726A6C58E2,2000,1144320,206,0,0,address|city|count_meas|country|county|date_col|dest|entity_id|fips|geom|lat|lon|name_id|origin|rate_meas|seq_order|severity|state|zip
LIBRARY_RAW,LANDING,PORTAL_ARC_HARRIS_COUNTY_OP_B86519B42D,2000,7957504,41,0,0,address|city|date_col|geom|lat|lon|naics_sic|name_id|origin|severity|state|zip
LIBRARY_RAW,LANDING,PORTAL_ARC_TUCSON_OPEN_DATA_89DF24D316,2000,541184,93,0,0,address|city|count_meas|country|date_col|entity_id|fips|geom|lat|lon|name_id|origin|rate_meas|seq_order|severity|state|zip
LIBRARY_RAW,LANDING,PORTAL_ARC_TUCSON_OPEN_DATA_8E55E53D8D,2000,818176,105,0,0,address|amount|city|count_meas|country|date_col|entity_id|geom|origin|seq_order|severity|state|zip
LIBRARY_RAW,LANDING,PORTAL_SOC_UTAH_OPEN_DATA_P_5EF68422FF,2000,895488,252,0,0,address|amount|city|count_meas|country|county|date_col|dest|entity_id|fips|flag_bool|naics_sic|name_id|origin|outcome|person|rate_meas|seq_order|severity|state|zip
LIBRARY_RAW,LANDING,PORTAL_SOC_TEXAS_OPEN_DATA_A415622C5D,2000,240128,36,0,0,address|city|count_meas|county|date_col|entity_id|naics_sic|name_id|origin|severity|state|zip
LIBRARY_RAW,LANDING,PORTAL_ARC_TUCSON_OPEN_DATA_4B31591F91,2000,979968,83,0,0,address|city|count_meas|country|date_col|dest|entity_id|fips|geom|lat|lon|origin|seq_order|severity|state|zip
LIBRARY_RAW,LANDING,PORTAL_SOC_TEXAS_OPEN_DATA_6F798A64FA,2000,64000,13,0,0,city|date_col|entity_id|name_id|origin|severity|state|zip
LIBRARY_RAW,LANDING,PORTAL_ARC_OPEN_DATA_DC_43DCBD8BE3,2000,402432,91,0,0,address|count_meas|date_col|dest|entity_id|flag_bool|geom|lat|lon|name_id|origin|outcome|person|severity|zip
LIBRARY_RAW,LANDING,PORTAL_ARC_TUCSON_OPEN_DATA_90C091B01B,2000,924160,73,0,0,address|city|count_meas|country|date_col|entity_id|fips|geom|lat|lon|origin|seq_order|severity|state|zip
LIBRARY_RAW,LANDING,PORTAL_ARC_TUCSON_OPEN_DATA_057C5355E3,2000,1219584,86,0,0,address|amount|city|count_meas|country|date_col|entity_id|geom|origin|seq_order|severity|state|zip
LIBRARY_RAW,LANDING,PORTAL_ARC_TUCSON_OPEN_DATA_78A99CB261,2000,925696,79,0,0,address|city|count_meas|country|date_col|entity_id|fips|geom|lat|lon|origin|seq_order|severity|state|zip
LIBRARY_RAW,LANDING,PORTAL_ARC_TUCSON_OPEN_DATA_289E71C579,2000,915968,78,0,0,address|city|count_meas|country|date_col|entity_id|fips|geom|lat|lon|origin|seq_order|severity|state|zip
LIBRARY_RAW,LANDING,PORTAL_ARC_TUCSON_OPEN_DATA_B77E902275,2000,1020416,79,0,0,address|city|count_meas|country|date_col|entity_id|fips|geom|lat|lon|origin|seq_order|severity|state|zip
LIBRARY_RAW,LANDING,PORTAL_ARC_TUCSON_OPEN_DATA_6A79648A77,2000,994304,74,0,0,address|city|count_meas|country|date_col|entity_id|fips|geom|lat|lon|origin|seq_order|severity|state|zip
LIBRARY_RAW,LANDING,PORTAL_SOC_NJ_OPEN_DATA_CEN_A0D94510CA,2000,102400,13,0,0,address|city|date_col|entity_id|name_id|origin|rate_meas|state|zip
LIBRARY_RAW,LANDING,PORTAL_ARC_TUCSON_OPEN_DATA_7672DB717A,2000,906752,94,0,0,address|city|count_meas|country|date_col|entity_id|fips|geom|lat|lon|name_id|origin|rate_meas|seq_order|severity|state|zip
LIBRARY_RAW,LANDING,PORTAL_SOC_DATALA_LOS_ANGEL_DC3670AFE1,2000,252416,24,0,0,address|city|count_meas|date_col|naics_sic|name_id|origin|severity|zip
LIBRARY_RAW,LANDING,PORTAL_ARC_TUCSON_OPEN_DATA_44F7648869,2000,1030656,78,0,0,address|city|count_meas|country|date_col|entity_id|fips|geom|lat|lon|origin|seq_order|severity|state|zip
LIBRARY_RAW,LANDING,PORTAL_ARC_TUCSON_OPEN_DATA_BADE778B92,2000,1562112,78,0,0,address|city|count_meas|country|date_col|entity_id|fips|geom|lat|lon|origin|seq_order|severity|state|zip
LIBRARY_RAW,LANDING,PORTAL_ARC_TUCSON_OPEN_DATA_F9376D5072,2000,726016,66,0,0,address|city|count_meas|country|date_col|entity_id|fips|geom|lat|lon|origin|seq_order|severity|state|zip
LIBRARY_RAW,LANDING,PORTAL_SOC_SF_OPENDATA_DATA_79618299A6,2000,290304,41,0,0,address|city|date_col|entity_id|naics_sic|name_id|origin|severity|state|zip
LIBRARY_RAW,LANDING,PORTAL_ARC_HARRIS_COUNTY_OP_A2C8055EFB,2000,269824,37,0,0,address|city|date_col|geom|lat|lon|naics_sic|name_id|origin|severity|state|zip
LIBRARY_RAW,LANDING,PORTAL_ARC_TUCSON_OPEN_DATA_B8BE43CF1C,2000,759808,77,0,0,address|city|count_meas|country|date_col|entity_id|fips|geom|lat|lon|origin|seq_order|severity|state|zip
LIBRARY_RAW,LANDING,PORTAL_SOC_OPEN_DATA_BR_FC0D2DAA2B,1999,149504,34,0,0,address|city|date_col|geom|naics_sic|name_id|origin|severity|zip
LIBRARY_RAW,LANDING,PORTAL_SOC_NEW_YORK_STATE_O_0C94DD2B8A,1999,251904,23,0,0,address|city|count_meas|county|date_col|dest|entity_id|naics_sic|name_id|origin|severity|state|zip
LIBRARY_RAW,LANDING,PORTAL_SOC_MARYLAND_OPEN_DA_BAA13FC4EC,1997,107008,24,0,0,address|amount|city|count_meas|county|date_col|dest|naics_sic|name_id|origin|severity|state|zip
LIBRARY_RAW,LANDING,PORTAL_SOC_UTAH_OPEN_DATA_P_D4ACA49A9B,1997,141312,23,0,0,address|city|count_meas|date_col|entity_id|name_id|origin|rate_meas|severity|zip
LIBRARY_RAW,LANDING,PORTAL_SOC_NEW_YORK_STATE_O_153DF2DB81,1996,297472,76,0,0,address|amount|city|count_meas|date_col|dest|entity_id|fips|naics_sic|name_id|origin|rate_meas|severity|state|zip
LIBRARY_RAW,LANDING,PORTAL_SOC_TEXAS_OPEN_DATA_EADC02D661,1990,82432,22,0,0,address|city|count_meas|date_col|entity_id|naics_sic|name_id|origin|rate_meas|severity|state|zip
LIBRARY_RAW,LANDING,PORTAL_ARC_KENTUCKY_OPEN_GI_100DA931EB,1971,349184,46,0,0,address|city|count_meas|county|date_col|entity_id|geom|naics_sic|name_id|origin|severity|state|zip
LIBRARY_RAW,LANDING,PORTAL_SOC_UTAH_OPEN_DATA_P_F8CDD62630,1968,128512,23,0,0,address|city|count_meas|date_col|entity_id|name_id|origin|rate_meas|severity|zip
LIBRARY_RAW,LANDING,PORTAL_ARC_TUCSON_OPEN_DATA_0697237A35,1958,987648,79,0,0,address|city|count_meas|country|date_col|entity_id|fips|geom|lat|lon|origin|seq_order|severity|state|zip
LIBRARY_RAW,LANDING,PORTAL_SOC_UTAH_OPEN_DATA_P_6862B465D5,1883,729600,55,0,0,address|amount|city|count_meas|country|date_col|entity_id|name_id|origin|person|severity|state|zip
LIBRARY_RAW,LANDING,PORTAL_ARC_TUCSON_OPEN_DATA_7F7E374C68,1844,886784,79,0,0,address|city|count_meas|country|date_col|entity_id|fips|geom|lat|lon|origin|seq_order|severity|state|zip
LIBRARY_RAW,LANDING,PORTAL_CKA_CALIFORNIA_OPEN_9C50AEF41D,1721,125952,16,0,0,date_col|geom|origin|severity|zip
LIBRARY_RAW,LANDING,PORTAL_SOC_PA_OPEN_DATA_POR_5A9F04BB9C,1712,138752,131,0,0,address|amount|city|count_meas|country|county|date_col|dest|naics_sic|name_id|origin|person|seq_order|severity|state|zip
LIBRARY_RAW,LANDING,PORTAL_ARC_HARRIS_COUNTY_OP_672C54ADB5,1574,244736,37,0,0,address|city|date_col|geom|lat|lon|naics_sic|name_id|origin|severity|state|zip
LIBRARY_MARTS,HEALTH,HEALTH__FED_CMS_OPIOID_TREATMENT_PROGRAM_PROVIDERS,1558,90624,9,0,1,address|city|date_col|entity_id|name_id|state|zip
LIBRARY_RAW,LANDING,FED_CMS_OPIOID_TREATMENT_PROGRAM_PROVIDERS,1558,144384,11,0,1,address|city|date_col|entity_id|name_id|origin|state|zip
LIBRARY_RAW,LANDING,PORTAL_ARC_TUCSON_OPEN_DATA_86A898EF77,1532,3298304,78,0,0,address|city|count_meas|country|date_col|entity_id|fips|geom|lat|lon|origin|seq_order|severity|state|zip
LIBRARY_RAW,LANDING,PORTAL_CKA_ANALYZE_BOSTON_9C8338C5C2,1528,320000,27,0,0,address|city|count_meas|date_col|entity_id|name_id|origin|severity|state|zip
LIBRARY_RAW,LANDING,PORTAL_CKA_VIRGINIA_OPEN_DA_E4498C978C,1500,162816,21,0,0,address|city|date_col|name_id|origin|outcome|severity|state|zip
LIBRARY_RAW,LANDING,PORTAL_SOC_OPEN_DATA_BR_C110D5CF59,1468,138240,28,0,0,address|amount|city|count_meas|date_col|geom|naics_sic|name_id|origin|severity|zip
LIBRARY_RAW,LANDING,PORTAL_ARC_HARRIS_COUNTY_OP_8549EC1226,1464,159232,31,0,0,address|city|count_meas|country|county|date_col|fips|geom|lat|lon|naics_sic|name_id|origin|rate_meas|severity|state|zip
LIBRARY_RAW,LANDING,PORTAL_CKA_OPEN_DATA_SA_A33086054B,1455,165888,27,0,0,address|count_meas|date_col|geom|origin|severity|zip
LIBRARY_RAW,LANDING,PORTAL_CKA_ISRAEL_NATIONAL_03D9D0D534,1439,72704,17,0,0,address|city|date_col|name_id|origin|severity|zip
LIBRARY_RAW,LANDING,PORTAL_SOC_UTAH_OPEN_DATA_P_8DE28DA9D9,1421,149504,33,0,0,city|count_meas|country|county|date_col|fips|lat|lon|naics_sic|name_id|origin|severity|state|zip
LIBRARY_RAW,LANDING,PORTAL_CKA_ISRAEL_NATIONAL_87E3C2014F,1393,88576,21,0,0,address|city|date_col|name_id|origin|severity|zip
LIBRARY_RAW,LANDING,PORTAL_SOC_UTAH_OPEN_DATA_P_6F316DE0B0,1392,103424,20,0,0,address|city|date_col|entity_id|name_id|origin|rate_meas|severity|zip
LIBRARY_RAW,LANDING,PORTAL_SOC_CONNECTICUT_OPEN_BD88772B17,1367,328192,111,0,0,amount|city|count_meas|county|date_col|entity_id|fips|flag_bool|lat|lon|naics_sic|name_id|origin|person|rate_meas|seq_order|severity|state|zip
LIBRARY_RAW,LANDING,PORTAL_CKA_ANALYZE_BOSTON_80FF6D8E34,1240,194048,20,0,0,address|city|count_meas|date_col|entity_id|name_id|origin|severity|state|zip
LIBRARY_RAW,LANDING,FED_CMS_IRF,1222,84480,15,1,0,address|city|count_meas|county|date_col|entity_id|name_id|origin|severity|state|zip
LIBRARY_MARTS,HEALTH,HEALTH__FED_CMS_IRF,1222,75776,12,0,1,address|city|count_meas|county|date_col|entity_id|name_id|severity|state|zip
LIBRARY_RAW,LANDING,PORTAL_CKA_WESTERN_PENNSYLV_FD81B4FB82,1194,62464,19,0,0,address|city|date_col|name_id|origin|state|zip
LIBRARY_RAW,LANDING,PORTAL_CKA_WPRDC_ALLEGHENY_508C030BD9,1194,62464,19,0,0,address|city|date_col|name_id|origin|state|zip
LIBRARY_RAW,LANDING,PORTAL_ARC_HARRIS_COUNTY_OP_1F4D98F329,1143,211456,90,0,0,address|city|count_meas|country|county|date_col|geom|lat|lon|naics_sic|name_id|origin|rate_meas|severity|state|zip
LIBRARY_RAW,LANDING,PORTAL_SOC_UTAH_OPEN_DATA_P_267ABEE380,1139,33280,14,0,0,city|count_meas|date_col|naics_sic|name_id|origin|outcome|state|zip
LIBRARY_RAW,LANDING,PORTAL_ARC_HARRIS_COUNTY_OP_FA9969D82E,1128,135168,23,0,0,address|city|count_meas|county|date_col|entity_id|geom|lat|lon|name_id|origin|rate_meas|severity|state|zip
LIBRARY_RAW,LANDING,PORTAL_ARC_HARRIS_COUNTY_OP_86AE12CFC0,1128,135168,23,0,0,address|city|count_meas|county|date_col|entity_id|geom|lat|lon|name_id|origin|rate_meas|severity|state|zip
LIBRARY_RAW,LANDING,PORTAL_ARC_NEW_MEXICO_OPEN_7DE8F482F1,1062,176128,68,0,0,address|amount|city|count_meas|country|date_col|geom|lat|lon|naics_sic|name_id|origin|severity|state|zip
LIBRARY_RAW,LANDING,PORTAL_ARC_TUCSON_OPEN_DATA_69487E016F,1031,472064,79,0,0,address|city|count_meas|country|date_col|entity_id|fips|geom|lat|lon|origin|seq_order|severity|state|zip
LIBRARY_RAW,LANDING,PORTAL_SOC_DELAWARE_OPEN_DA_98A9EE0BC7,1025,342016,81,0,0,address|city|count_meas|date_col|entity_id|fips|name_id|origin|seq_order|severity|state|zip
LIBRARY_RAW,LANDING,INTL_UN_SC_CONSOLIDATED_SANCTIONS,1011,256000,65,1,0,address|city|count_meas|country|date_col|dest|flag_bool|name_id|origin|person|seq_order|severity|state|zip
LIBRARY_RAW,LANDING,PORTAL_SOC_TEXAS_OPEN_DATA_0F8F4663C8,1009,64512,13,0,0,address|city|count_meas|county|date_col|naics_sic|name_id|origin|severity|state|zip
LIBRARY_RAW,LANDING,PORTAL_CKA_WESTERN_PENNSYLV_6A4C3E0E78,1000,90624,39,0,0,address|amount|city|count_meas|county|date_col|entity_id|lat|lon|name_id|origin|outcome|severity|state|zip
LIBRARY_RAW,LANDING,PORTAL_CKA_WPRDC_ALLEGHENY_DA448E7083,1000,90624,39,0,0,address|amount|city|count_meas|county|date_col|entity_id|lat|lon|name_id|origin|outcome|severity|state|zip
LIBRARY_RAW,LANDING,PORTAL_CKA_ANALYZE_BOSTON_824B1B659E,988,317952,28,0,0,address|amount|count_meas|date_col|geom|lat|lon|name_id|origin|severity|zip
LIBRARY_MARTS,FINANCE,FINANCE__FED_SEC_CLOSED_END_FUND_INFORMATION,973,49664,10,0,1,address|city|date_col|entity_id|name_id|severity|state|zip
LIBRARY_RAW,LANDING,FED_SEC_CLOSED_END_FUND_INFORMATION,973,55808,13,1,0,address|city|date_col|entity_id|name_id|origin|severity|state|zip
LIBRARY_RAW,LANDING,PORTAL_CKA_ANALYZE_BOSTON_9FE0838E9F,968,258048,33,0,0,address|city|count_meas|date_col|naics_sic|name_id|origin|severity|state|zip
LIBRARY_RAW,LANDING,PORTAL_ARC_HARRIS_COUNTY_OP_D53D8CC5D8,924,137728,37,0,0,address|city|date_col|geom|lat|lon|naics_sic|name_id|origin|severity|state|zip
LIBRARY_RAW,LANDING,PORTAL_ARC_HARRIS_COUNTY_OP_510B4A2AB2,924,3707904,41,0,0,address|city|date_col|geom|lat|lon|naics_sic|name_id|origin|severity|state|zip
LIBRARY_RAW,LANDING,PORTAL_ARC_TUCSON_OPEN_DATA_E9360F6C40,833,375808,78,0,0,address|city|count_meas|country|date_col|entity_id|fips|geom|lat|lon|origin|seq_order|severity|state|zip
LIBRARY_RAW,LANDING,PORTAL_ARC_HARRIS_COUNTY_OP_FB6331E67A,805,131584,37,0,0,address|city|date_col|geom|lat|lon|naics_sic|name_id|origin|severity|state|zip
LIBRARY_RAW,LANDING,PORTAL_ARC_TUCSON_OPEN_DATA_B64E31A541,798,1559552,78,0,0,address|city|count_meas|country|date_col|entity_id|fips|geom|lat|lon|origin|seq_order|severity|state|zip
LIBRARY_RAW,LANDING,PORTAL_ARC_ATLANTA_DATAATLA_610443017C,780,109568,34,0,0,address|city|date_col|geom|lat|lon|naics_sic|name_id|origin|severity|state|zip
LIBRARY_RAW,LANDING,PORTAL_ARC_HARRIS_COUNTY_OP_BEF7C03176,755,287232,92,0,0,address|city|count_meas|country|county|date_col|entity_id|geom|naics_sic|name_id|origin|rate_meas|seq_order|severity|state|zip
LIBRARY_RAW,LANDING,PORTAL_ARC_HARRIS_COUNTY_OP_4E0F396A33,755,285696,92,0,0,address|city|count_meas|country|county|date_col|entity_id|geom|naics_sic|name_id|origin|rate_meas|seq_order|severity|state|zip
LIBRARY_RAW,LANDING,PORTAL_ARC_OPEN_DATA_DC_D359158BC8,733,226816,184,0,0,address|amount|city|count_meas|county|date_col|dest|fips|flag_bool|geom|lat|lon|naics_sic|name_id|origin|person|rate_meas|seq_order|severity|state|zip
LIBRARY_RAW,LANDING,PORTAL_SOC_COLORADO_INFORMA_9A760AEFAA,732,133120,111,0,0,address|city|count_meas|county|date_col|entity_id|lat|lon|naics_sic|origin|rate_meas|severity|zip
LIBRARY_RAW,LANDING,PORTAL_ARC_HARRIS_COUNTY_OP_D044517CB3,712,154624,91,0,0,address|city|count_meas|country|county|date_col|geom|lat|lon|naics_sic|name_id|origin|rate_meas|severity|state|zip
LIBRARY_RAW,LANDING,PORTAL_ARC_ATLANTA_DATAATLA_4AB9F9E31E,681,70144,30,0,0,address|city|count_meas|country|county|date_col|fips|geom|lat|lon|naics_sic|name_id|origin|severity|state|zip
LIBRARY_RAW,LANDING,PORTAL_CKA_WPRDC_ALLEGHENY_16A0BB67B4,672,43520,15,0,0,address|date_col|lat|lon|name_id|origin|severity|state|zip
LIBRARY_RAW,LANDING,PORTAL_CKA_WESTERN_PENNSYLV_20E1A330CE,672,43520,15,0,0,address|date_col|lat|lon|name_id|origin|severity|state|zip
LIBRARY_RAW,LANDING,PORTAL_ARC_HARRIS_COUNTY_OP_3304C540B7,645,141312,91,0,0,address|city|count_meas|country|county|date_col|geom|lat|lon|naics_sic|name_id|origin|rate_meas|severity|state|zip
LIBRARY_RAW,LANDING,PORTAL_ARC_HARRIS_COUNTY_OP_619A8F0A78,642,256512,106,0,0,address|city|count_meas|country|county|date_col|entity_id|geom|naics_sic|name_id|origin|rate_meas|seq_order|severity|state|zip
LIBRARY_RAW,LANDING,PORTAL_ARC_HARRIS_COUNTY_OP_3E1A188E92,642,253952,106,0,0,address|city|count_meas|country|county|date_col|entity_id|geom|naics_sic|name_id|origin|rate_meas|seq_order|severity|state|zip
LIBRARY_RAW,LANDING,PORTAL_ARC_WISCONSIN_OPEN_D_5206358BDD,604,80896,45,0,0,address|city|count_meas|county|date_col|entity_id|fips|geom|lat|lon|name_id|origin|severity|state|zip
LIBRARY_RAW,LANDING,PORTAL_CKA_ANALYZE_BOSTON_B6C7223760,576,90112,30,0,0,address|date_col|geom|name_id|origin|severity|zip
LIBRARY_RAW,LANDING,PORTAL_SOC_UTAH_OPEN_DATA_P_1614522F52,575,147968,37,0,0,address|city|count_meas|county|date_col|entity_id|geom|lat|naics_sic|name_id|origin|severity|state|zip
LIBRARY_RAW,LANDING,PORTAL_ARC_HARRIS_COUNTY_OP_5AB72D4A23,526,208896,93,0,0,address|city|count_meas|country|county|date_col|entity_id|geom|naics_sic|name_id|origin|rate_meas|seq_order|severity|state|zip
LIBRARY_RAW,LANDING,PORTAL_ARC_HARRIS_COUNTY_OP_FE2134F2C8,526,199168,91,0,0,address|city|count_meas|country|county|date_col|entity_id|geom|naics_sic|name_id|origin|rate_meas|seq_order|severity|state|zip
LIBRARY_RAW,LANDING,PORTAL_ARC_HARRIS_COUNTY_OP_CAF5C156E3,526,199168,91,0,0,address|city|count_meas|country|county|date_col|entity_id|geom|naics_sic|name_id|origin|rate_meas|seq_order|severity|state|zip
LIBRARY_RAW,LANDING,PORTAL_ARC_HARRIS_COUNTY_OP_CBD49C80E4,513,65024,26,0,0,address|city|date_col|entity_id|geom|name_id|origin|severity|state|zip
LIBRARY_RAW,LANDING,FED_FEC_API,500,23040,23,1,0,amount|count_meas|date_col|flag_bool|name_id|origin|person|severity|state|zip
LIBRARY_RAW,LANDING,FED_DHS_HIFLD,500,9728,18,1,0,address|city|count_meas|county|date_col|fips|lat|lon|naics_sic|name_id|origin|severity|state|zip
LIBRARY_RAW,LANDING,PORTAL_ARC_TN_DATA_TENNESSE_655F6BCC6D,500,122880,154,0,0,address|amount|city|count_meas|county|date_col|dest|fips|flag_bool|geom|lat|lon|naics_sic|name_id|origin|person|rate_meas|seq_order|severity|state|zip
LIBRARY_MARTS,POLITICS,POLITICS__FED_FEC_API,500,23552,22,1,0,amount|count_meas|date_col|flag_bool|name_id|origin|person|severity|state|zip
LIBRARY_MARTS,REFERENCE,REFERENCE__FED_DHS_HIFLD,500,7680,17,2,2,address|city|count_meas|county|date_col|fips|lat|lon|naics_sic|name_id|origin|severity|state|zip
LIBRARY_RAW,LANDING,PORTAL_ARC_HARRIS_COUNTY_OP_52229E2E24,488,196096,173,0,0,address|city|count_meas|country|county|date_col|geom|lat|lon|naics_sic|name_id|origin|rate_meas|seq_order|severity|state|zip
LIBRARY_RAW,LANDING,PORTAL_ARC_ATLANTA_DATAATLA_5ADD5EAF6A,454,64000,34,0,0,address|city|date_col|geom|lat|lon|naics_sic|name_id|origin|severity|state|zip
LIBRARY_RAW,LANDING,PORTAL_CKA_VIRGINIA_OPEN_DA_651C0C423A,449,52736,21,0,0,address|city|date_col|origin|rate_meas|severity|state|zip
LIBRARY_RAW,LANDING,PORTAL_ARC_TUCSON_OPEN_DATA_EC706EAD4C,437,546816,78,0,0,address|city|count_meas|country|date_col|entity_id|fips|geom|lat|lon|origin|seq_order|severity|state|zip
LIBRARY_RAW,LANDING,PORTAL_CKA_WPRDC_ALLEGHENY_BB0184F847,427,36864,22,0,0,address|amount|city|date_col|entity_id|fips|flag_bool|lat|lon|name_id|origin|severity|zip
LIBRARY_RAW,LANDING,PORTAL_CKA_WESTERN_PENNSYLV_4FC22C2C30,427,36864,22,0,0,address|amount|city|date_col|entity_id|fips|flag_bool|lat|lon|name_id|origin|severity|zip
LIBRARY_RAW,LANDING,PORTAL_CKA_WPRDC_ALLEGHENY_12C9244C06,410,44544,35,0,0,address|city|date_col|name_id|origin|severity|state|zip
LIBRARY_RAW,LANDING,PORTAL_CKA_WESTERN_PENNSYLV_070A16004D,410,44544,35,0,0,address|city|date_col|name_id|origin|severity|state|zip
LIBRARY_RAW,LANDING,PORTAL_ARC_ATLANTA_DATAATLA_D6C1E3B844,395,73728,102,0,0,address|count_meas|county|date_col|dest|geom|naics_sic|name_id|origin|rate_meas|severity|state|zip
LIBRARY_RAW,LANDING,PORTAL_ARC_ATLANTA_DATAATLA_CC5FA4CA01,390,51200,34,0,0,address|city|date_col|geom|lat|lon|naics_sic|name_id|origin|severity|state|zip
LIBRARY_RAW,LANDING,PORTAL_ARC_HARRIS_COUNTY_OP_EDE1E11F9D,386,46592,30,0,0,address|city|count_meas|country|county|date_col|fips|geom|lat|lon|naics_sic|name_id|origin|severity|state|zip
LIBRARY_RAW,LANDING,PORTAL_ARC_LA_COUNTY_OPEN_D_D75E8EA051,385,79360,40,0,0,address|city|count_meas|date_col|entity_id|geom|lat|lon|naics_sic|name_id|origin|rate_meas|severity|state|zip
LIBRARY_RAW,LANDING,PORTAL_ARC_HARRIS_COUNTY_OP_1A53499962,372,59392,35,0,0,address|city|count_meas|country|county|date_col|fips|geom|lat|lon|naics_sic|name_id|origin|severity|state|zip
LIBRARY_RAW,LANDING,PORTAL_ARC_HARRIS_COUNTY_OP_3E1426DF10,372,59392,35,0,0,address|city|count_meas|country|county|date_col|fips|geom|lat|lon|naics_sic|name_id|origin|severity|state|zip
LIBRARY_RAW,LANDING,PORTAL_ARC_HARRIS_COUNTY_OP_33A3918C80,363,62464,40,0,0,address|city|count_meas|country|county|date_col|fips|geom|lat|lon|naics_sic|name_id|origin|severity|state|zip
LIBRARY_RAW,LANDING,PORTAL_ARC_HARRIS_COUNTY_OP_D1EB790FBD,363,62464,40,0,0,address|city|count_meas|country|county|date_col|fips|geom|lat|lon|naics_sic|name_id|origin|severity|state|zip
LIBRARY_RAW,LANDING,PORTAL_ARC_TUCSON_OPEN_DATA_D4FFB81E01,361,236032,78,0,0,address|city|count_meas|country|date_col|entity_id|fips|geom|lat|lon|origin|seq_order|severity|state|zip
LIBRARY_RAW,LANDING,PORTAL_ARC_HARRIS_COUNTY_OP_7BD125DFB0,359,65024,40,0,0,address|city|count_meas|country|county|date_col|fips|geom|lat|lon|naics_sic|name_id|origin|severity|state|zip
LIBRARY_RAW,LANDING,PORTAL_ARC_TUCSON_OPEN_DATA_7B93FAAC46,354,84480,45,0,0,address|city|date_col|geom|lat|lon|naics_sic|name_id|origin|severity|state|zip
LIBRARY_RAW,LANDING,PORTAL_CKA_SAN_JOSE_OPEN_DA_30D54CBFB9,344,44032,21,0,0,address|date_col|geom|name_id|origin|severity|zip
LIBRARY_RAW,LANDING,PORTAL_ARC_TUCSON_OPEN_DATA_563E6E04A6,339,81408,45,0,0,address|city|date_col|geom|lat|lon|naics_sic|name_id|origin|severity|state|zip
LIBRARY_RAW,LANDING,PORTAL_ARC_ATLANTA_DATAATLA_A59DB2E766,322,36352,30,0,0,address|city|count_meas|country|county|date_col|fips|geom|lat|lon|naics_sic|name_id|origin|severity|state|zip
LIBRARY_RAW,LANDING,FED_CMS_LTCH,311,26112,16,1,0,address|city|count_meas|county|date_col|entity_id|name_id|origin|severity|state|zip
LIBRARY_MARTS,HEALTH,HEALTH__FED_CMS_LTCH,311,23552,13,1,1,address|city|count_meas|county|date_col|entity_id|name_id|severity|state|zip
LIBRARY_RAW,LANDING,PORTAL_ARC_TUCSON_OPEN_DATA_7E21327FCB,294,332288,78,0,0,address|city|count_meas|country|date_col|entity_id|fips|geom|lat|lon|origin|seq_order|severity|state|zip
LIBRARY_MARTS,ENVIRONMENT,ENVIRONMENT__FED_NOAA_WEATHER_API,287,107008,32,3,1,date_col|fips|geom|lat|lon|name_id|origin|severity|zip
LIBRARY_RAW,LANDING,FED_NOAA_WEATHER_API,287,109568,35,1,0,date_col|fips|geom|lat|lon|name_id|origin|severity|zip
LIBRARY_RAW,LANDING,PORTAL_ARC_ATLANTA_DATAATLA_93AA493487,280,39936,34,0,0,address|city|date_col|geom|lat|lon|naics_sic|name_id|origin|severity|state|zip
LIBRARY_RAW,LANDING,PORTAL_ARC_TUCSON_OPEN_DATA_E794DDDF28,276,48640,37,0,0,address|city|date_col|geom|lat|lon|naics_sic|name_id|origin|severity|state|zip
LIBRARY_RAW,LANDING,PORTAL_ARC_HARRIS_COUNTY_OP_D354D2D6E2,257,85504,90,0,0,address|city|count_meas|country|county|date_col|geom|lat|lon|naics_sic|name_id|origin|rate_meas|severity|state|zip
LIBRARY_RAW,LANDING,PORTAL_SOC_UTAH_OPEN_DATA_P_F1292B8D2F,249,29696,34,0,0,address|amount|city|count_meas|date_col|entity_id|fips|naics_sic|name_id|origin|outcome|severity|state|zip
LIBRARY_RAW,LANDING,PORTAL_SOC_UTAH_OPEN_DATA_P_701571FD92,231,25600,22,0,0,address|city|date_col|entity_id|name_id|origin|rate_meas|severity|zip
LIBRARY_RAW,LANDING,PORTAL_ARC_HARRIS_COUNTY_OP_6529979A2A,214,42496,38,0,0,address|city|date_col|geom|lat|lon|naics_sic|name_id|origin|severity|state|zip
LIBRARY_MARTS,FINANCE,FINANCE__FED_SEC_BUSINESS_DEVELOPMENT_COMPANY_REPORT,212,13312,10,0,1,address|city|date_col|entity_id|name_id|severity|state|zip
LIBRARY_RAW,LANDING,FED_SEC_BUSINESS_DEVELOPMENT_COMPANY_REPORT,212,14848,13,1,0,address|city|date_col|entity_id|name_id|origin|severity|state|zip
LIBRARY_RAW,LANDING,PORTAL_ARC_ATLANTA_DATAATLA_79E3C7BD36,209,25600,30,0,0,address|city|count_meas|country|county|date_col|fips|geom|lat|lon|naics_sic|name_id|origin|severity|state|zip
LIBRARY_MARTS,ECONOMICS,ECONOMICS__FED_IRS_990,200,12800,18,8,2,amount|count_meas|date_col|entity_id|name_id|origin|person|severity|state|zip
LIBRARY_RAW,LANDING,FED_IRS_990,200,11776,21,1,0,address|amount|date_col|entity_id|origin|person|severity|zip
LIBRARY_RAW,LANDING,PORTAL_ARC_TUCSON_OPEN_DATA_5D84AF2604,190,100352,79,0,0,address|city|count_meas|country|date_col|entity_id|fips|geom|lat|lon|origin|seq_order|severity|state|zip
LIBRARY_RAW,LANDING,PORTAL_ARC_TUCSON_OPEN_DATA_95246841CB,189,101888,79,0,0,address|city|count_meas|country|date_col|entity_id|fips|geom|lat|lon|origin|seq_order|severity|state|zip
LIBRARY_RAW,LANDING,PORTAL_ARC_ORANGE_COUNTY_OP_05390F8D55,184,35328,36,0,0,address|city|count_meas|date_col|geom|lon|naics_sic|name_id|origin|severity|zip
LIBRARY_RAW,LANDING,PORTAL_ARC_TUCSON_OPEN_DATA_6E966EDC1B,176,219136,78,0,0,address|city|count_meas|country|date_col|entity_id|fips|geom|lat|lon|origin|seq_order|severity|state|zip
LIBRARY_RAW,LANDING,PORTAL_ARC_ORANGE_COUNTY_OP_43A1FE3FBE,161,31744,36,0,0,address|city|count_meas|date_col|geom|lon|naics_sic|name_id|origin|severity|zip
LIBRARY_MARTS,HEALTH,HEALTH__FED_CMS_MAIN,158,297984,10,0,0,count_meas|date_col|entity_id|fips|zip
LIBRARY_RAW,LANDING,FED_CMS_MAIN,158,299008,13,1,0,count_meas|date_col|entity_id|fips|origin|zip
LIBRARY_RAW,LANDING,PORTAL_SOC_SF_OPENDATA_DATA_C19EE9EB44,157,44032,36,0,0,address|city|date_col|dest|entity_id|name_id|origin|person|rate_meas|severity|state|zip
LIBRARY_RAW,LANDING,PORTAL_ARC_ATLANTA_DATAATLA_1A7F4ADC21,144,18944,30,0,0,address|city|count_meas|country|county|date_col|fips|geom|lat|lon|naics_sic|name_id|origin|severity|state|zip
LIBRARY_RAW,LANDING,PORTAL_ARC_TUCSON_OPEN_DATA_A0293B412C,144,71680,77,0,0,address|city|count_meas|country|date_col|entity_id|fips|geom|lat|lon|origin|seq_order|severity|state|zip
LIBRARY_RAW,LANDING,PORTAL_ARC_TUCSON_OPEN_DATA_0F83B7C628,142,69120,89,0,0,address|city|count_meas|country|date_col|entity_id|fips|geom|lat|lon|name_id|origin|seq_order|severity|state|zip
LIBRARY_RAW,LANDING,PORTAL_CKA_OPEN_DATA_SA_E846782F2C,133,37888,39,0,0,address|amount|city|date_col|lat|lon|name_id|origin|severity|state|zip
LIBRARY_RAW,LANDING,PORTAL_ARC_ATLANTA_DATAATLA_03DC194F2A,130,20992,34,0,0,address|city|date_col|geom|lat|lon|naics_sic|name_id|origin|severity|state|zip
LIBRARY_RAW,LANDING,PORTAL_ARC_LA_COUNTY_OPEN_D_18EE361084,126,12800,34,0,0,address|city|date_col|entity_id|geom|naics_sic|name_id|origin|rate_meas|severity|state|zip
LIBRARY_RAW,LANDING,PORTAL_ARC_HARRIS_COUNTY_OP_D9A3089ED0,125,28160,47,0,0,address|city|count_meas|country|county|date_col|fips|geom|lat|lon|naics_sic|name_id|origin|severity|state|zip
LIBRARY_RAW,LANDING,PORTAL_ARC_HARRIS_COUNTY_OP_F3D3A3AB57,125,28160,47,0,0,address|city|count_meas|country|county|date_col|fips|geom|lat|lon|naics_sic|name_id|origin|severity|state|zip
LIBRARY_RAW,LANDING,FED_NSF_AWARDS,125,153088,23,1,0,amount|city|count_meas|country|date_col|entity_id|fips|name_id|origin|person|severity|state|zip
LIBRARY_RAW,LANDING,PORTAL_ARC_TUCSON_OPEN_DATA_8AAD75BF85,119,58368,84,0,0,address|city|count_meas|country|date_col|entity_id|fips|geom|lat|lon|origin|seq_order|severity|state|zip
LIBRARY_MARTS,SCIENCE,SCIENCE__FED_NSF_AWARDS,115,147456,20,1,3,amount|city|count_meas|country|date_col|entity_id|fips|name_id|person|severity|state|zip
LIBRARY_RAW,LANDING,PORTAL_ARC_OPEN_DATA_MINNEA_0426858DFE,110,17408,30,0,0,address|city|date_col|entity_id|geom|lat|lon|origin|severity|state|zip
LIBRARY_RAW,LANDING,PORTAL_ARC_ATLANTA_DATAATLA_4C51545609,106,20992,36,0,0,address|city|date_col|geom|lat|lon|naics_sic|name_id|origin|severity|state|zip
LIBRARY_RAW,LANDING,PORTAL_ARC_HARRIS_COUNTY_OP_167EC31B95,96,41984,91,0,0,address|city|count_meas|country|county|date_col|entity_id|geom|naics_sic|name_id|origin|rate_meas|seq_order|severity|state|zip
LIBRARY_RAW,LANDING,PORTAL_SOC_UTAH_OPEN_DATA_P_A5AE4FD7A4,94,48640,98,0,0,address|amount|city|count_meas|county|date_col|dest|entity_id|fips|name_id|origin|severity|state|zip
LIBRARY_RAW,LANDING,PORTAL_ARC_LA_COUNTY_OPEN_D_0A94DB308E,93,30720,64,0,0,address|city|count_meas|county|date_col|entity_id|fips|flag_bool|geom|lat|lon|name_id|origin|rate_meas|severity|zip
LIBRARY_RAW,LANDING,PORTAL_ARC_ATLANTA_DATAATLA_7B1D4C8E25,92,18944,36,0,0,address|city|date_col|geom|lat|lon|naics_sic|name_id|origin|severity|state|zip
LIBRARY_RAW,LANDING,PORTAL_CKA_SAN_JOSE_OPEN_DA_D4BF270A36,92,14848,24,0,0,address|date_col|name_id|origin|severity|zip
LIBRARY_RAW,LANDING,PORTAL_ARC_OPEN_DATA_RALEIG_67EFBAC9DD,88,17408,23,0,0,address|amount|city|count_meas|date_col|geom|naics_sic|name_id|origin|severity|zip
LIBRARY_RAW,LANDING,PORTAL_ARC_OPEN_DATA_DC_E28C8C471A,83,19968,50,0,0,address|amount|city|date_col|dest|entity_id|geom|lat|lon|naics_sic|name_id|origin|rate_meas|severity|state|zip
LIBRARY_RAW,LANDING,PORTAL_ARC_OPEN_DATA_DC_B1DAECCB1B,83,19968,50,0,0,address|amount|city|date_col|dest|entity_id|geom|lat|lon|naics_sic|name_id|origin|rate_meas|severity|state|zip
LIBRARY_RAW,LANDING,PORTAL_ARC_HARRIS_COUNTY_OP_374D2E791F,77,37376,106,0,0,address|city|count_meas|country|county|date_col|entity_id|geom|naics_sic|name_id|origin|rate_meas|seq_order|severity|state|zip
LIBRARY_RAW,LANDING,FED_HUD_DATA,77,13312,11,1,0,date_col|entity_id|fips|name_id|origin|zip
LIBRARY_RAW,LANDING,PORTAL_ARC_HARRIS_COUNTY_OP_2718B3279A,77,37888,106,0,0,address|city|count_meas|country|county|date_col|entity_id|geom|naics_sic|name_id|origin|rate_meas|seq_order|severity|state|zip
LIBRARY_RAW,LANDING,PORTAL_ARC_LA_COUNTY_OPEN_D_E549C7C921,76,18432,31,0,0,address|city|count_meas|county|date_col|dest|entity_id|fips|geom|lat|lon|naics_sic|name_id|origin|rate_meas|severity|state|zip
LIBRARY_RAW,LANDING,PORTAL_ARC_TUCSON_OPEN_DATA_65A6CDEF8F,76,18944,37,0,0,address|city|date_col|geom|lat|lon|naics_sic|name_id|origin|severity|state|zip
LIBRARY_RAW,LANDING,PORTAL_ARC_TUCSON_OPEN_DATA_57DF097E01,74,50176,78,0,0,address|city|count_meas|country|date_col|entity_id|fips|geom|lat|lon|origin|seq_order|severity|state|zip
LIBRARY_RAW,LANDING,PORTAL_ARC_ATLANTA_DATAATLA_F07E02DA21,73,15872,36,0,0,address|city|date_col|geom|lat|lon|naics_sic|name_id|origin|severity|state|zip
LIBRARY_RAW,LANDING,PORTAL_ARC_ORANGE_COUNTY_OP_EA54EC8366,72,11776,31,0,0,address|city|count_meas|date_col|dest|entity_id|geom|lat|lon|naics_sic|name_id|origin|rate_meas|severity|zip
LIBRARY_RAW,LANDING,PORTAL_ARC_ORANGE_COUNTY_OP_BFABCC10A2,72,10752,30,0,0,address|city|count_meas|date_col|dest|entity_id|lat|lon|naics_sic|name_id|origin|rate_meas|severity|zip
LIBRARY_MARTS,HOUSING,HOUSING__FED_HUD_DATA,71,5120,8,2,0,date_col|entity_id|fips|name_id|zip
LIBRARY_RAW,LANDING,PORTAL_ARC_TUCSON_OPEN_DATA_1E628CD572,71,16384,37,0,0,address|city|date_col|geom|lat|lon|naics_sic|name_id|origin|severity|state|zip
LIBRARY_RAW,LANDING,PORTAL_SOC_UTAH_OPEN_DATA_P_7186EDB84B,67,36864,106,0,0,address|amount|city|count_meas|county|date_col|dest|entity_id|fips|name_id|origin|severity|state|zip
LIBRARY_RAW,LANDING,PORTAL_ARC_HARRIS_COUNTY_OP_6133483DE0,67,11776,126,0,0,address|city|count_meas|country|county|date_col|geom|lat|lon|naics_sic|name_id|origin|rate_meas|severity|state|zip
LIBRARY_RAW,LANDING,PORTAL_ARC_TUCSON_OPEN_DATA_B44EAD49D6,66,39424,78,0,0,address|city|count_meas|country|date_col|entity_id|fips|geom|lat|lon|origin|seq_order|severity|state|zip
LIBRARY_RAW,LANDING,PORTAL_SOC_UTAH_OPEN_DATA_P_DCD75231F6,61,45056,122,0,0,address|amount|city|count_meas|county|date_col|dest|entity_id|fips|name_id|origin|rate_meas|severity|state|zip
LIBRARY_RAW,LANDING,PORTAL_ARC_TUCSON_OPEN_DATA_3A7E0821D1,61,47104,80,0,0,address|city|count_meas|country|date_col|entity_id|fips|geom|lat|lon|origin|seq_order|severity|state|zip
LIBRARY_RAW,LANDING,PORTAL_SOC_UTAH_OPEN_DATA_P_A9B7E273C8,61,50688,121,0,0,address|amount|city|count_meas|county|date_col|dest|entity_id|fips|name_id|origin|rate_meas|severity|state|zip
LIBRARY_RAW,LANDING,PORTAL_ARC_TUCSON_OPEN_DATA_55D5164315,60,19968,36,0,0,address|city|count_meas|county|date_col|fips|geom|lat|lon|naics_sic|name_id|origin|severity|state|zip
LIBRARY_RAW,LANDING,PORTAL_CKA_ANALYZE_BOSTON_7F82F529E8,60,18432,33,0,0,address|amount|city|date_col|geom|lat|lon|name_id|origin|severity|zip
LIBRARY_RAW,LANDING,PORTAL_ARC_ORANGE_COUNTY_OP_27452024DB,59,9216,29,0,0,address|city|count_meas|date_col|dest|entity_id|lat|lon|naics_sic|name_id|origin|rate_meas|severity|zip
LIBRARY_RAW,LANDING,PORTAL_ARC_ORANGE_COUNTY_OP_75EFFF54D5,59,10752,30,0,0,address|city|count_meas|date_col|dest|entity_id|geom|lat|lon|naics_sic|name_id|origin|rate_meas|severity|zip
LIBRARY_RAW,LANDING,PORTAL_ARC_ATLANTA_DATAATLA_3F5DA71919,58,12800,35,0,0,address|city|date_col|geom|lat|lon|naics_sic|name_id|origin|severity|state|zip
LIBRARY_RAW,LANDING,PORTAL_ARC_ATLANTA_DATAATLA_7D3C4A9739,57,13824,36,0,0,address|city|date_col|geom|lat|lon|naics_sic|name_id|origin|severity|state|zip
LIBRARY_RAW,LANDING,PORTAL_ARC_WISCONSIN_OPEN_D_4EBC995C5D,56,18432,45,0,0,address|city|count_meas|county|date_col|entity_id|fips|geom|lat|lon|name_id|origin|severity|state|zip
LIBRARY_RAW,LANDING,PORTAL_ARC_HARRIS_COUNTY_OP_F22D53C24D,56,31744,92,0,0,address|city|count_meas|country|county|date_col|entity_id|geom|naics_sic|name_id|origin|rate_meas|seq_order|severity|state|zip
LIBRARY_RAW,LANDING,PORTAL_ARC_HARRIS_COUNTY_OP_4F19F66C45,56,31744,92,0,0,address|city|count_meas|country|county|date_col|entity_id|geom|naics_sic|name_id|origin|rate_meas|seq_order|severity|state|zip
LIBRARY_RAW,LANDING,PORTAL_ARC_HARRIS_COUNTY_OP_1966AC023B,55,12288,36,0,0,address|city|count_meas|country|county|date_col|fips|geom|lat|lon|naics_sic|name_id|origin|severity|state|zip
LIBRARY_RAW,LANDING,PORTAL_CKA_WPRDC_ALLEGHENY_C12AC76E17,54,7168,14,0,0,address|city|date_col|name_id|origin|state|zip
LIBRARY_RAW,LANDING,PORTAL_CKA_WESTERN_PENNSYLV_A58CF00A10,54,7168,14,0,0,address|city|date_col|name_id|origin|state|zip
LIBRARY_RAW,LANDING,PORTAL_ARC_TUCSON_OPEN_DATA_575B865A46,53,42496,78,0,0,address|city|count_meas|country|date_col|entity_id|fips|geom|lat|lon|origin|seq_order|severity|state|zip
LIBRARY_RAW,LANDING,PORTAL_ARC_ATLANTA_DATAATLA_BAA69E0D06,51,12800,36,0,0,address|city|date_col|geom|lat|lon|naics_sic|name_id|origin|severity|state|zip
LIBRARY_RAW,LANDING,FED_HHS_TAGGS,45,2560,22,1,0,amount|city|count_meas|country|date_col|dest|entity_id|fips|name_id|origin|severity|state|zip
LIBRARY_RAW,LANDING,PORTAL_ARC_TUCSON_OPEN_DATA_CDFFE1002A,43,56832,78,0,0,address|city|count_meas|country|date_col|entity_id|fips|geom|lat|lon|origin|seq_order|severity|state|zip
LIBRARY_RAW,LANDING,PORTAL_ARC_WISCONSIN_OPEN_D_CB1509F410,42,15360,45,0,0,address|city|count_meas|county|date_col|entity_id|fips|geom|lat|lon|name_id|origin|severity|state|zip
LIBRARY_RAW,LANDING,PORTAL_CKA_SAN_JOSE_OPEN_DA_B701CDA393,42,5632,17,0,0,address|city|date_col|origin|state|zip
LIBRARY_RAW,LANDING,PORTAL_ARC_ATLANTA_DATAATLA_E2C03512E7,42,10240,36,0,0,address|city|date_col|geom|lat|lon|naics_sic|name_id|origin|severity|state|zip
LIBRARY_RAW,LANDING,PORTAL_ARC_TUCSON_OPEN_DATA_1073539FE2,41,36352,78,0,0,address|city|count_meas|country|date_col|entity_id|fips|geom|lat|lon|origin|seq_order|severity|state|zip
LIBRARY_RAW,LANDING,PORTAL_CKA_ANALYZE_BOSTON_11B21C9100,41,13312,23,0,0,address|city|count_meas|date_col|entity_id|name_id|origin|severity|state|zip
LIBRARY_RAW,LANDING,INTL_GR_GEMI,40,2560,17,1,0,city|date_col|name_id|origin|outcome|rate_meas|severity|zip
LIBRARY_RAW,LANDING,PORTAL_ARC_OPEN_DATA_MINNEA_5605A903BD,39,11776,37,0,0,address|city|count_meas|country|county|date_col|fips|geom|lat|lon|naics_sic|name_id|origin|severity|state|zip
LIBRARY_RAW,LANDING,PORTAL_ARC_HARRIS_COUNTY_OP_12691A85A0,38,11776,45,0,0,address|city|count_meas|country|county|date_col|fips|geom|lat|lon|naics_sic|name_id|origin|severity|state|zip
LIBRARY_RAW,LANDING,PORTAL_ARC_HARRIS_COUNTY_OP_A2DAE85C30,38,11776,45,0,0,address|city|count_meas|country|county|date_col|fips|geom|lat|lon|naics_sic|name_id|origin|severity|state|zip
LIBRARY_RAW,LANDING,PORTAL_SOC_UTAH_OPEN_DATA_P_C68BC3F05C,37,9728,42,0,0,amount|count_meas|date_col|entity_id|name_id|origin|rate_meas|severity|zip
LIBRARY_RAW,LANDING,PORTAL_ARC_TUCSON_OPEN_DATA_F91596293E,36,11264,37,0,0,address|city|date_col|geom|lat|lon|naics_sic|name_id|origin|severity|state|zip
LIBRARY_RAW,LANDING,PORTAL_ARC_ATLANTA_DATAATLA_A9FA6B1C3C,35,10752,37,0,0,address|city|date_col|geom|lat|lon|naics_sic|name_id|origin|severity|state|zip
LIBRARY_RAW,LANDING,PORTAL_ARC_HARRIS_COUNTY_OP_19FE875D1D,35,9728,39,0,0,address|city|count_meas|country|county|date_col|fips|geom|lat|lon|naics_sic|name_id|origin|severity|state|zip
LIBRARY_RAW,LANDING,PORTAL_ARC_HARRIS_COUNTY_OP_78806A4CF7,35,9728,39,0,0,address|city|count_meas|country|county|date_col|fips|geom|lat|lon|naics_sic|name_id|origin|severity|state|zip
LIBRARY_RAW,LANDING,PORTAL_ARC_HARRIS_COUNTY_OP_6CDCF96CA7,34,12288,44,0,0,address|city|count_meas|country|county|date_col|geom|lat|lon|naics_sic|name_id|origin|severity|state|zip
LIBRARY_RAW,LANDING,PORTAL_ARC_HARRIS_COUNTY_OP_E87E81379A,34,12288,44,0,0,address|city|count_meas|country|county|date_col|geom|lat|lon|naics_sic|name_id|origin|severity|state|zip
LIBRARY_RAW,LANDING,PORTAL_ARC_ORANGE_COUNTY_OP_3A2A7267D1,33,6656,29,0,0,address|city|count_meas|date_col|dest|entity_id|geom|lat|lon|naics_sic|name_id|origin|rate_meas|severity|zip
LIBRARY_RAW,LANDING,PORTAL_ARC_ORANGE_COUNTY_OP_6BAA47A46B,33,5632,28,0,0,address|city|count_meas|date_col|dest|entity_id|lat|lon|naics_sic|name_id|origin|rate_meas|severity|zip
LIBRARY_RAW,LANDING,PORTAL_ARC_NEW_MEXICO_OPEN_1B6C7F7FBD,32,719360,45,0,0,address|amount|city|count_meas|country|date_col|geom|naics_sic|name_id|origin|severity|state|zip
LIBRARY_RAW,LANDING,PORTAL_ARC_ORANGE_COUNTY_OP_2F4310B675,31,7168,29,0,0,address|city|count_meas|date_col|dest|entity_id|geom|lat|lon|naics_sic|name_id|origin|rate_meas|severity|zip
LIBRARY_RAW,LANDING,PORTAL_ARC_ORANGE_COUNTY_OP_DD64A3F2B8,31,6656,28,0,0,address|city|count_meas|date_col|dest|entity_id|lat|lon|naics_sic|name_id|origin|rate_meas|severity|zip
LIBRARY_RAW,LANDING,PORTAL_ARC_ATLANTA_DATAATLA_C1DA9CD6A0,30,8704,36,0,0,address|city|date_col|geom|lat|lon|naics_sic|name_id|origin|severity|state|zip
LIBRARY_RAW,LANDING,PORTAL_ARC_HARRIS_COUNTY_OP_87F4853C1A,30,9728,42,0,0,address|city|count_meas|country|county|date_col|fips|geom|lat|lon|naics_sic|name_id|origin|severity|state|zip
LIBRARY_RAW,LANDING,PORTAL_SOC_UTAH_OPEN_DATA_P_C357F1F9E1,28,4608,14,0,0,amount|date_col|entity_id|name_id|origin|outcome|severity|state|zip
LIBRARY_RAW,LANDING,PORTAL_CKA_SAN_JOSE_OPEN_DA_EF31016039,25,5120,21,0,0,address|date_col|geom|name_id|origin|severity|zip
LIBRARY_RAW,LANDING,PORTAL_SOC_UTAH_OPEN_DATA_P_F87FB2BFB7,25,4608,14,0,0,amount|date_col|entity_id|name_id|origin|outcome|severity|state|zip
LIBRARY_RAW,LANDING,PORTAL_ARC_OPEN_DATA_MINNEA_D808F6BF62,25,6656,30,0,0,address|city|date_col|entity_id|geom|lat|lon|origin|severity|state|zip
LIBRARY_RAW,LANDING,PORTAL_ARC_TUCSON_OPEN_DATA_28F95EBB76,23,17408,78,0,0,address|city|count_meas|country|date_col|entity_id|fips|geom|lat|lon|origin|seq_order|severity|state|zip
LIBRARY_RAW,LANDING,PORTAL_ARC_TUCSON_OPEN_DATA_EA7ADF4848,23,9728,37,0,0,address|city|date_col|geom|lat|lon|naics_sic|name_id|origin|severity|state|zip
LIBRARY_RAW,LANDING,PORTAL_ARC_TUCSON_OPEN_DATA_80B28FB6D7,21,13312,78,0,0,address|city|count_meas|country|date_col|entity_id|fips|geom|lat|lon|origin|seq_order|severity|state|zip
LIBRARY_RAW,LANDING,PORTAL_ARC_ATLANTA_DATAATLA_7E542E6BFA,20,7168,36,0,0,address|city|date_col|geom|lat|lon|naics_sic|name_id|origin|severity|state|zip
LIBRARY_RAW,LANDING,PORTAL_ARC_TUCSON_OPEN_DATA_14C7AA5CCF,19,8704,37,0,0,address|city|date_col|geom|lat|lon|naics_sic|name_id|origin|severity|state|zip
LIBRARY_RAW,LANDING,PORTAL_ARC_TUCSON_OPEN_DATA_63C0193FF1,18,36864,78,0,0,address|city|count_meas|country|date_col|entity_id|fips|geom|lat|lon|origin|seq_order|severity|state|zip
LIBRARY_RAW,LANDING,INTL_CH_ZEFIX,18,2048,20,1,0,address|city|count_meas|country|date_col|name_id|origin|severity|zip
LIBRARY_RAW,LANDING,PORTAL_ARC_TUCSON_OPEN_DATA_080C2334EE,17,14848,78,0,0,address|city|count_meas|country|date_col|entity_id|fips|geom|lat|lon|origin|seq_order|severity|state|zip
LIBRARY_RAW,LANDING,PORTAL_ARC_LOUISVILLE_OPEN_0574425F4F,17,4096,21,0,0,address|city|count_meas|county|date_col|geom|lat|lon|naics_sic|name_id|origin|severity|state|zip
LIBRARY_RAW,LANDING,PORTAL_ARC_ATLANTA_DATAATLA_FD3576897B,15,6656,36,0,0,address|city|date_col|geom|lat|lon|naics_sic|name_id|origin|severity|state|zip
LIBRARY_RAW,LANDING,PORTAL_ARC_ATLANTA_DATAATLA_5D9B9C30A9,14,6144,36,0,0,address|city|date_col|geom|lat|lon|naics_sic|name_id|origin|severity|state|zip
LIBRARY_RAW,LANDING,PORTAL_ARC_WISCONSIN_OPEN_D_B2EFA24715,14,8192,45,0,0,address|city|count_meas|county|date_col|entity_id|fips|geom|lat|lon|name_id|origin|severity|state|zip
LIBRARY_RAW,LANDING,PORTAL_ARC_ORANGE_COUNTY_OP_1A50E60D53,13,4096,28,0,0,address|city|count_meas|date_col|dest|entity_id|lat|lon|naics_sic|name_id|origin|rate_meas|severity|zip
LIBRARY_RAW,LANDING,PORTAL_ARC_HARRIS_COUNTY_OP_28CF881303,13,13312,36,0,0,address|city|count_meas|country|county|date_col|entity_id|fips|geom|naics_sic|name_id|origin|severity|state|zip
LIBRARY_RAW,LANDING,PORTAL_ARC_HARRIS_COUNTY_OP_A5E2395522,13,13312,36,0,0,address|city|count_meas|country|county|date_col|entity_id|fips|geom|naics_sic|name_id|origin|severity|state|zip
LIBRARY_RAW,LANDING,PORTAL_ARC_ORANGE_COUNTY_OP_8C9550F9C6,13,4608,29,0,0,address|city|count_meas|date_col|dest|entity_id|geom|lat|lon|naics_sic|name_id|origin|rate_meas|severity|zip
LIBRARY_RAW,LANDING,PORTAL_ARC_TUCSON_OPEN_DATA_7044E0923D,13,23552,78,0,0,address|city|count_meas|country|date_col|entity_id|fips|geom|lat|lon|origin|seq_order|severity|state|zip
LIBRARY_RAW,LANDING,PORTAL_ARC_HARRIS_COUNTY_OP_EA34BDDB5D,13,13312,36,0,0,address|city|count_meas|country|county|date_col|entity_id|fips|geom|naics_sic|name_id|origin|severity|state|zip
LIBRARY_RAW,LANDING,PORTAL_ARC_TUCSON_OPEN_DATA_F919285F50,12,20992,78,0,0,address|city|count_meas|country|date_col|entity_id|fips|geom|lat|lon|origin|seq_order|severity|state|zip
LIBRARY_RAW,LANDING,PORTAL_ARC_OPEN_DATA_DC_E1DD5D3551,11,4096,31,0,0,city|count_meas|country|date_col|geom|lat|lon|naics_sic|name_id|origin|rate_meas|seq_order|severity|state|zip
LIBRARY_RAW,LANDING,PORTAL_ARC_ORANGE_COUNTY_OP_572F3C6271,10,4608,29,0,0,address|city|count_meas|date_col|dest|entity_id|geom|lat|lon|naics_sic|name_id|origin|rate_meas|severity|zip
LIBRARY_RAW,LANDING,PORTAL_CKA_WPRDC_ALLEGHENY_694F40A849,10,117248,16,0,0,address|city|date_col|geom|name_id|origin|state|zip
LIBRARY_RAW,LANDING,PORTAL_CKA_WESTERN_PENNSYLV_321A6575F3,10,117248,16,0,0,address|city|date_col|geom|name_id|origin|state|zip
LIBRARY_RAW,LANDING,PORTAL_ARC_ORANGE_COUNTY_OP_A69A248695,10,3584,28,0,0,address|city|count_meas|date_col|dest|entity_id|lat|lon|naics_sic|name_id|origin|rate_meas|severity|zip
LIBRARY_RAW,LANDING,PORTAL_ARC_ORANGE_COUNTY_OP_62E4574F5E,9,4096,29,0,0,address|city|count_meas|date_col|dest|entity_id|geom|lat|lon|naics_sic|name_id|origin|rate_meas|severity|zip
LIBRARY_RAW,LANDING,PORTAL_ARC_ORANGE_COUNTY_OP_644FB9535B,9,3584,28,0,0,address|city|count_meas|date_col|dest|entity_id|lat|lon|naics_sic|name_id|origin|rate_meas|severity|zip
LIBRARY_RAW,LANDING,PORTAL_ARC_WISCONSIN_OPEN_D_717F8037EB,9,6656,45,0,0,address|city|count_meas|county|date_col|entity_id|fips|geom|lat|lon|name_id|origin|severity|state|zip
LIBRARY_RAW,LANDING,PORTAL_ARC_TUCSON_OPEN_DATA_11050C025B,8,29184,78,0,0,address|city|count_meas|country|date_col|entity_id|fips|geom|lat|lon|origin|seq_order|severity|state|zip
LIBRARY_RAW,LANDING,PORTAL_ARC_WISCONSIN_OPEN_D_D05399642C,8,6656,48,0,0,address|city|count_meas|county|date_col|entity_id|fips|geom|lat|lon|name_id|origin|severity|state|zip
LIBRARY_RAW,LANDING,PORTAL_CKA_SAN_JOSE_OPEN_DA_9A45EF98EE,7,3072,18,0,0,address|date_col|name_id|origin|severity|zip
LIBRARY_RAW,LANDING,PORTAL_ARC_ATLANTA_DATAATLA_A29D594B47,7,4608,35,0,0,address|city|date_col|geom|lat|lon|naics_sic|name_id|origin|severity|state|zip
LIBRARY_RAW,LANDING,PORTAL_ARC_TUCSON_OPEN_DATA_328AF9F277,6,8704,78,0,0,address|city|count_meas|country|date_col|entity_id|fips|geom|lat|lon|origin|seq_order|severity|state|zip
LIBRARY_RAW,LANDING,PORTAL_ARC_TUCSON_OPEN_DATA_7468CF46DB,6,9728,78,0,0,address|city|count_meas|country|date_col|entity_id|fips|geom|lat|lon|origin|seq_order|severity|state|zip
LIBRARY_RAW,LANDING,PORTAL_ARC_TUCSON_OPEN_DATA_32A72D9D1D,5,4608,37,0,0,address|city|date_col|geom|lat|lon|naics_sic|name_id|origin|severity|state|zip
LIBRARY_RAW,LANDING,PORTAL_ARC_TUCSON_OPEN_DATA_6720A5FF25,5,4608,37,0,0,address|city|date_col|geom|lat|lon|naics_sic|name_id|origin|severity|state|zip
LIBRARY_RAW,LANDING,PORTAL_ARC_TUCSON_OPEN_DATA_172A59FDF6,4,4608,37,0,0,address|city|date_col|geom|lat|lon|naics_sic|name_id|origin|severity|state|zip
LIBRARY_RAW,LANDING,PORTAL_SOC_CONNECTICUT_OPEN_DEA6C4224A,4,3584,26,0,0,address|amount|city|count_meas|county|date_col|fips|naics_sic|name_id|origin|rate_meas|severity|state|zip
LIBRARY_MARTS,ENERGY,ENERGY__FED_EIA861_MERGERS,4,2560,14,2,2,address|city|date_col|dest|name_id|origin|severity|state|zip
LIBRARY_RAW,LANDING,PORTAL_CKA_SAN_JOSE_OPEN_DA_5120C908CA,3,2048,13,0,0,address|date_col|geom|name_id|origin|severity|zip
LIBRARY_RAW,LANDING,PORTAL_ARC_HARRIS_COUNTY_OP_3CFE4113ED,2,3072,30,0,0,address|city|count_meas|country|county|date_col|fips|geom|lat|lon|naics_sic|name_id|origin|severity|state|zip
LIBRARY_RAW,LANDING,PORTAL_ARC_TUCSON_OPEN_DATA_F0203665DD,2,4096,37,0,0,address|city|date_col|geom|lat|lon|naics_sic|name_id|origin|severity|state|zip
LIBRARY_RAW,LANDING,PORTAL_ARC_TUCSON_OPEN_DATA_E0EDEA39BE,2,4096,37,0,0,address|city|date_col|geom|lat|lon|naics_sic|name_id|origin|severity|state|zip
LIBRARY_RAW,LANDING,PORTAL_ARC_OPEN_DATA_RALEIG_F18F09F22F,2,2048,22,0,0,address|amount|city|count_meas|date_col|naics_sic|name_id|origin|severity|zip
LIBRARY_RAW,LANDING,PORTAL_ARC_TUCSON_OPEN_DATA_9E24E86B9A,2,11264,78,0,0,address|city|count_meas|country|date_col|entity_id|fips|geom|lat|lon|origin|seq_order|severity|state|zip
LIBRARY_RAW,LANDING,PORTAL_ARC_HARRIS_COUNTY_OP_360277F8CB,2,4096,35,0,0,address|city|count_meas|country|county|date_col|fips|geom|lat|lon|naics_sic|name_id|origin|severity|state|zip
LIBRARY_RAW,LANDING,PORTAL_ARC_WISCONSIN_OPEN_D_022EFD1AE5,2,4608,45,0,0,address|city|count_meas|county|date_col|entity_id|fips|geom|lat|lon|name_id|origin|severity|state|zip
LIBRARY_RAW,LANDING,PORTAL_ARC_WISCONSIN_OPEN_D_07CF3C3824,2,4608,45,0,0,address|city|count_meas|county|date_col|entity_id|fips|geom|lat|lon|name_id|origin|severity|state|zip
LIBRARY_MARTS,_RESTORE_20260701,ECONOMICS__FED_HHS_TAGGS,1,1536,24,3,3,amount|city|count_meas|country|date_col|dest|entity_id|fips|name_id|origin|severity|state|zip
LIBRARY_RAW,LANDING,PORTAL_ARC_WISCONSIN_OPEN_D_601E691159,1,3072,45,0,0,address|city|count_meas|county|date_col|entity_id|fips|geom|lat|lon|name_id|origin|severity|state|zip
LIBRARY_MARTS,_RESTORE_20260701,ECONOMICS__INTL_CH_ZEFIX,1,1536,20,2,1,address|city|count_meas|country|date_col|name_id|origin|severity|zip
LIBRARY_MARTS,_RESTORE_20260701,ECONOMICS__INTL_GR_GEMI,1,2048,20,1,3,city|date_col|flag_bool|name_id|origin|outcome|rate_meas|severity|zip
LIBRARY_RAW,LANDING,FED_FDA_MAUDE_DEVICE_EVENTS,1,5632,89,1,0,address|city|count_meas|country|date_col|dest|flag_bool|name_id|origin|outcome|severity|state|zip
LIBRARY_STAGING,DBT_CROGERS,STG_PORTAL_ARC_TUCSON_OPEN_DATA_63C0193FF1__RECORDS,,,77,0,0,address|city|count_meas|country|date_col|entity_id|fips|geom|lat|lon|origin|seq_order|severity|state|zip
LIBRARY_STAGING,DBT_CROGERS,STG_FED_FHFA_FHLB_MEMBERSHIP__MEMBERS,,,17,1,2,city|date_col|name_id|origin|severity|state|zip
LIBRARY_STAGING,DBT_CROGERS,STG_FED_FARA_BULK__FARA_REGISTRATIONS,,,31,0,9,address|city|count_meas|country|date_col|name_id|origin|person|rate_meas|severity|state|zip
LIBRARY_STAGING,DBT_CROGERS,STG_PORTAL_CKA_ISRAEL_NATIONAL_03D9D0D534__PLACES,,,16,0,0,address|city|date_col|name_id|origin|severity|zip
LIBRARY_STAGING,DBT_CROGERS,STG_PORTAL_CKA_VIRGINIA_OPEN_DA_77706D86DA__RECORDS,,,110,0,0,address|amount|city|count_meas|county|date_col|dest|entity_id|lat|lon|name_id|origin|severity|state|zip
LIBRARY_STAGING,DBT_CROGERS,STG_PORTAL_CKA_WESTERN_PENNSYLV_6A4C3E0E78__RECORDS,,,38,0,0,address|amount|city|count_meas|county|date_col|entity_id|lat|lon|name_id|origin|outcome|severity|state|zip
LIBRARY_MARTS,TIMELINE,HEALTH__FED_CMS_HOSPITAL_ENROLLMENTS,,,43,0,3,address|city|date_col|entity_id|flag_bool|name_id|rate_meas|seq_order|severity|state|zip
LIBRARY_MARTS,TIMELINE,TRANSPORT__FED_NTSB_AVIATION_AIRCRAFT,,,99,0,4,address|city|count_meas|country|date_col|dest|entity_id|fips|name_id|origin|person|rate_meas|severity|state|zip
LIBRARY_MARTS,TIMELINE,POLITICS__INTL_ELECTIONS_CANADA_CONTRIBUTIONS,,,35,2,4,amount|city|date_col|dest|name_id|origin|person|severity|state|zip
LIBRARY_MARTS,TIMELINE,HEALTH__FED_CMS_OPEN_PAYMENTS_2023,,,26,0,1,amount|city|count_meas|date_col|dest|entity_id|flag_bool|naics_sic|name_id|person|severity|state|zip
LIBRARY_MARTS,TIMELINE,FINANCE__FED_FEC_CANDIDATES,,,19,1,1,city|date_col|name_id|severity|zip
LIBRARY_MARTS,TIMELINE,ENVIRONMENT__FED_NOAA_WEATHER_API,,,36,3,2,date_col|fips|geom|lat|lon|name_id|origin|severity|zip
LIBRARY_MARTS,TIMELINE,ECONOMICS__FED_FAC_SINGLE_AUDIT,,,32,1,4,address|amount|city|count_meas|date_col|entity_id|flag_bool|name_id|severity|state|zip
LIBRARY_STAGING,DBT_CROGERS,STG_PORTAL_SOC_UTAH_OPEN_DATA_P_701571FD92__PROVIDERS,,,22,0,0,address|city|date_col|entity_id|name_id|origin|rate_meas|severity|zip
LIBRARY_STAGING,DBT_CROGERS,STG_PORTAL_SOC_UTAH_OPEN_DATA_P_C357F1F9E1__ORGANIZATIONS,,,14,0,0,amount|date_col|entity_id|name_id|origin|outcome|severity|state|zip
LIBRARY_STAGING,DBT_CROGERS,STG_PORTAL_ARC_OPEN_DATA_MINNEA_D808F6BF62__FACILITIES,,,30,0,0,address|city|date_col|entity_id|geom|lat|lon|origin|severity|state|zip
LIBRARY_STAGING,DBT_CROGERS,STG_PORTAL_ARC_ORANGE_COUNTY_OP_644FB9535B__RECORDS,,,27,0,0,address|city|count_meas|date_col|dest|entity_id|lat|lon|naics_sic|name_id|origin|rate_meas|severity|zip
LIBRARY_STAGING,DBT_CROGERS,STG_PORTAL_ARC_OPEN_DATA_MINNEA_0426858DFE__FACILITIES,,,30,0,0,address|city|date_col|entity_id|geom|lat|lon|origin|severity|state|zip
LIBRARY_STAGING,DBT_CROGERS,STG_FED_SAM_EXCLUSIONS__RECORDS,,,30,0,1,address|city|count_meas|country|date_col|entity_id|flag_bool|name_id|origin|outcome|person|severity|state|zip
LIBRARY_MARTS,TIMELINE,ENVIRONMENT__FED_PHMSA_FLAGGED_INCIDENTS,,,43,18,3,address|city|count_meas|date_col|fips|lat|lon|name_id|origin|outcome|severity|state|zip
LIBRARY_MARTS,TIMELINE,HEALTH__FED_CMS_HOME_HEALTH_AGENCY_ENROLLMENTS,,,26,1,2,address|city|date_col|entity_id|flag_bool|name_id|rate_meas|severity|state|zip
LIBRARY_MARTS,TIMELINE,FINANCE__FED_FEC_BULK_COMMITTEES,,,20,0,1,city|count_meas|date_col|zip
LIBRARY_MARTS,TIMELINE,HEALTH__FED_CMS_HOSPICE,,,16,0,2,address|city|count_meas|county|date_col|entity_id|name_id|severity|state|zip
LIBRARY_STAGING,DBT_CROGERS,STG_FED_FEC_API__RECORDS,,,22,1,0,amount|count_meas|date_col|flag_bool|name_id|origin|person|severity|state|zip
LIBRARY_MARTS,TIMELINE,FINANCE__FED_NCUA_CALL_REPORTS_FOICU,,,35,2,5,address|city|count_meas|county|date_col|flag_bool|name_id|origin|severity|state|zip
LIBRARY_STAGING,DBT_CROGERS,STG_PORTAL_ARC_LA_COUNTY_OPEN_D_D75E8EA051__FACILITIES,,,39,0,0,address|city|count_meas|date_col|entity_id|geom|lat|lon|naics_sic|name_id|origin|rate_meas|severity|state|zip
LIBRARY_MARTS,TIMELINE,HEALTH__FED_NLM_DAILYMED_SPL_SETID_MAP,,,11,1,3,date_col|name_id|origin|seq_order|zip
LIBRARY_STAGING,DBT_CROGERS,STG_PORTAL_CKA_ANALYZE_BOSTON_824B1B659E__RECORDS,,,27,0,0,address|amount|count_meas|date_col|geom|lat|lon|name_id|origin|severity|zip
LIBRARY_STAGING,DBT_CROGERS,STG_PORTAL_SOC_CONNECTICUT_OPEN_FF2B86A533__PLACES,,,39,0,0,address|amount|city|count_meas|county|date_col|dest|fips|naics_sic|name_id|origin|outcome|rate_meas|severity|state|zip
LIBRARY_MARTS,TIMELINE,TRANSPORT__FED_FAA_AIRCRAFT_REGISTRY,,,40,1,6,address|city|count_meas|country|county|date_col|name_id|origin|rate_meas|severity|state|zip
LIBRARY_MARTS,TIMELINE,ENVIRONMENT__FED_EPA_SDWA_SDWA_PUB_WATER_SYSTEMS,,,55,2,10,address|city|count_meas|country|date_col|flag_bool|name_id|origin|severity|state|zip
LIBRARY_STAGING,DBT_CROGERS,STG_PORTAL_ARC_WISCONSIN_OPEN_D_B2EFA24715__RECORDS,,,44,0,0,address|city|count_meas|county|date_col|entity_id|fips|geom|lat|lon|name_id|origin|severity|state|zip
LIBRARY_STAGING,DBT_CROGERS,STG_PORTAL_SOC_DATALA_LOS_ANGEL_361B8161B7__RECORDS,,,24,0,0,address|city|count_meas|date_col|naics_sic|name_id|origin|severity|zip
LIBRARY_MARTS,TIMELINE,HEALTH__FED_CMS_LTCH,,,17,1,2,address|city|count_meas|county|date_col|entity_id|name_id|severity|state|zip
LIBRARY_STAGING,DBT_CROGERS,STG_PORTAL_CKA_WPRDC_ALLEGHENY_16A0BB67B4__RECORDS,,,14,0,0,address|date_col|lat|lon|name_id|origin|severity|state|zip
LIBRARY_STAGING,DBT_CROGERS,STG_FED_FDA_ESTABLISHMENT_REG__ALL,,,20,0,1,address|city|count_meas|country|date_col|entity_id|name_id|origin|rate_meas|severity|state|zip
LIBRARY_STAGING,DBT_CROGERS,STG_PORTAL_ARC_WISCONSIN_OPEN_D_D05399642C__RECORDS,,,47,0,0,address|city|count_meas|county|date_col|entity_id|fips|geom|lat|lon|name_id|origin|severity|state|zip
LIBRARY_STAGING,DBT_CROGERS,STG_PORTAL_SOC_UTAH_OPEN_DATA_P_F1292B8D2F__RECORDS,,,33,0,0,address|amount|city|count_meas|date_col|entity_id|fips|naics_sic|name_id|origin|outcome|severity|state|zip
LIBRARY_MARTS,ECONOMICS,ECONOMICS__FED_USASPENDING_CONTRACTS_FULL,,,297,38,8,address|amount|city|count_meas|country|county|date_col|dest|entity_id|fips|flag_bool|naics_sic|name_id|origin|outcome|person|rate_meas|seq_order|severity|state|zip
LIBRARY_STAGING,DBT_CROGERS,STG_PORTAL_SOC_UTAH_OPEN_DATA_P_F1292B8D2F__ORGANIZATIONS,,,33,0,0,address|amount|city|count_meas|date_col|entity_id|fips|naics_sic|name_id|origin|outcome|severity|state|zip
LIBRARY_STAGING,DBT_CROGERS,STG_PORTAL_CKA_VIRGINIA_OPEN_DA_E4498C978C__PLACES,,,23,0,1,address|city|date_col|name_id|origin|outcome|severity|state|zip
LIBRARY_STAGING,DBT_CROGERS,STG_PORTAL_ARC_TUCSON_OPEN_DATA_14C7AA5CCF__RECORDS,,,36,0,0,address|city|date_col|geom|lat|lon|naics_sic|name_id|origin|severity|state|zip
LIBRARY_STAGING,DBT_CROGERS,STG_PORTAL_ARC_TUCSON_OPEN_DATA_3A7E0821D1__CASES,,,79,0,0,address|city|count_meas|country|date_col|entity_id|fips|geom|lat|lon|origin|seq_order|severity|state|zip
LIBRARY_STAGING,DBT_CROGERS,STG_PORTAL_ARC_TUCSON_OPEN_DATA_F919285F50__RECORDS,,,77,0,0,address|city|count_meas|country|date_col|entity_id|fips|geom|lat|lon|origin|seq_order|severity|state|zip
LIBRARY_STAGING,DBT_CROGERS,STG_PORTAL_ARC_HARRIS_COUNTY_OP_D354D2D6E2__RECORDS,,,89,0,0,address|city|count_meas|country|county|date_col|geom|lat|lon|naics_sic|name_id|origin|rate_meas|severity|state|zip
LIBRARY_MARTS,TIMELINE,JUSTICE__FED_FJC_IDB_BANKRUPTCY,,,94,13,8,amount|count_meas|county|date_col|dest|entity_id|flag_bool|origin|person|rate_meas|seq_order|severity|zip
LIBRARY_STAGING,DBT_CROGERS,STG_FED_NTSB_AVIATION_EVENTS__EVENTS,,,75,10,4,city|count_meas|country|date_col|entity_id|lat|lon|naics_sic|name_id|origin|outcome|severity|state|zip
LIBRARY_STAGING,DBT_CROGERS,STG_PORTAL_CKA_ISRAEL_NATIONAL_03D9D0D534__RECORDS,,,16,0,0,address|city|date_col|name_id|origin|severity|zip
LIBRARY_MARTS,TIMELINE,ECONOMICS__FED_IRS_REVOCATION,,,20,1,1,address|city|count_meas|country|date_col|entity_id|name_id|origin|severity|state|zip
LIBRARY_MARTS,TIMELINE,TRANSPORT__FED_FAA_REGISTRY,,,38,0,5,address|city|count_meas|country|county|date_col|name_id|rate_meas|severity|state|zip
LIBRARY_STAGING,DBT_CROGERS,STG_PORTAL_ARC_TUCSON_OPEN_DATA_7468CF46DB__CASES,,,77,0,0,address|city|count_meas|country|date_col|entity_id|fips|geom|lat|lon|origin|seq_order|severity|state|zip
LIBRARY_STAGING,DBT_CROGERS,STG_PORTAL_ARC_ORANGE_COUNTY_OP_2F4310B675__FACILITIES,,,28,0,0,address|city|count_meas|date_col|dest|entity_id|geom|lat|lon|naics_sic|name_id|origin|rate_meas|severity|zip
LIBRARY_MARTS,TIMELINE,FINANCE__FED_FDIC_SOD_BRANCH_DEPOSITS,,,89,10,4,address|amount|city|count_meas|country|county|date_col|entity_id|fips|flag_bool|lat|lon|name_id|origin|severity|state|zip
LIBRARY_STAGING,DBT_CROGERS,STG_ST_NYC_CFB_CAMPAIGN_2013_CONTRIBUTION__CONTRIBUTIONS,,,56,5,3,address|amount|city|count_meas|county|date_col|dest|flag_bool|name_id|origin|person|seq_order|severity|state|zip
LIBRARY_STAGING,DBT_CROGERS,STG_PORTAL_CKA_WPRDC_ALLEGHENY_49ED6437BF__RECORDS,,,22,0,0,address|city|date_col|entity_id|name_id|origin|severity|state|zip
LIBRARY_MARTS,FINDINGS,EXCLUDED_PROVIDER_PAID_AFTER_EXCLUSION_IN_SHORTAGE,,,17,9,0,amount|count_meas|county|date_col|entity_id|fips|name_id|origin|outcome|person|severity|state|zip
LIBRARY_STAGING,DBT_CROGERS,STG_FED_FAA_AIRCRAFT_REGISTRY__ALL,,,37,1,5,address|city|count_meas|country|county|date_col|name_id|origin|rate_meas|severity|state|zip
LIBRARY_MARTS,TIMELINE,LABOR__FED_DOL_OLMS,,,65,9,9,address|amount|city|count_meas|date_col|dest|flag_bool|name_id|origin|person|seq_order|severity|state|zip
LIBRARY_STAGING,DBT_CROGERS,STG_PORTAL_SOC_UTAH_OPEN_DATA_P_5EF68422FF__ORGANIZATIONS,,,251,0,0,address|amount|city|count_meas|country|county|date_col|dest|entity_id|fips|flag_bool|naics_sic|name_id|origin|outcome|person|rate_meas|seq_order|severity|state|zip
LIBRARY_MARTS,TIMELINE,POLITICS__ST_NYC_CFB_CAMPAIGN_2001_CONTRIBUTION,,,62,5,4,address|amount|city|count_meas|county|date_col|flag_bool|name_id|origin|person|seq_order|severity|state|zip
LIBRARY_STAGING,DBT_CROGERS,STG_PORTAL_SOC_TEXAS_OPEN_DATA_A415622C5D__RECORDS,,,35,0,0,address|city|count_meas|county|date_col|entity_id|naics_sic|name_id|origin|severity|state|zip
LIBRARY_STAGING,DBT_CROGERS,STG_PORTAL_SOC_UTAH_OPEN_DATA_P_17CB6B615F__ORGANIZATIONS,,,31,0,0,address|amount|city|date_col|entity_id|name_id|origin|severity|state|zip
LIBRARY_STAGING,DBT_CROGERS,STG_PORTAL_ARC_WISCONSIN_OPEN_D_022EFD1AE5__RECORDS,,,44,0,0,address|city|count_meas|county|date_col|entity_id|fips|geom|lat|lon|name_id|origin|severity|state|zip
LIBRARY_MARTS,TIMELINE,HEALTH__FED_CMS_OPIOID_TREATMENT_PROGRAM_PROVIDERS,,,13,0,2,address|city|date_col|entity_id|name_id|state|zip
LIBRARY_STAGING,DBT_CROGERS,STG_FED_NIH_REPORTER__RECORDS,,,48,1,0,amount|city|count_meas|country|date_col|entity_id|fips|name_id|origin|severity|state|zip
LIBRARY_STAGING,DBT_CROGERS,STG_PORTAL_ARC_OPEN_DATA_RALEIG_DF19DCBB03__RECORDS,,,189,0,0,address|amount|city|count_meas|county|date_col|dest|fips|flag_bool|geom|lat|lon|naics_sic|name_id|origin|person|rate_meas|seq_order|severity|state|zip
LIBRARY_MARTS,TIMELINE,ECONOMICS__FED_SBA_PPP,,,36,10,3,amount|city|count_meas|county|date_col|fips|flag_bool|naics_sic|name_id|severity|state|zip
LIBRARY_STAGING,DBT_CROGERS,STG_FED_NIH_REPORTER__PROJECTS,,,48,4,7,amount|city|count_meas|country|date_col|entity_id|fips|name_id|origin|severity|state|zip
LIBRARY_STAGING,DBT_CROGERS,STG_FED_HRSA_SHORTAGE_AREAS__RECORDS,,,69,1,0,address|city|count_meas|county|date_col|fips|flag_bool|geom|lat|lon|name_id|origin|rate_meas|seq_order|severity|state|zip
LIBRARY_STAGING,DBT_CROGERS,STG_PORTAL_CKA_HOUSTON_OPEN_DAT_AB35BB6552__PLACES,,,23,0,0,address|count_meas|date_col|lat|lon|name_id|origin|severity|zip
LIBRARY_STAGING,DBT_CROGERS,STG_PORTAL_SOC_UTAH_OPEN_DATA_P_7186EDB84B__PROVIDERS,,,105,0,0,address|amount|city|count_meas|county|date_col|dest|entity_id|fips|name_id|origin|severity|state|zip
LIBRARY_STAGING,DBT_CROGERS,STG_FED_IRS_EO_BMF__ORGS,,,32,3,3,address|amount|city|count_meas|date_col|entity_id|name_id|origin|severity|state|zip
LIBRARY_MARTS,TIMELINE,ENVIRONMENT__FED_EPA_AQS_SITES,,,36,6,4,address|city|count_meas|county|date_col|fips|lat|lon|name_id|origin|severity|state|zip
LIBRARY_STAGING,DBT_CROGERS,STG_PORTAL_CKA_WESTERN_PENNSYLV_DDB61776D0__RECORDS,,,22,0,0,address|city|date_col|entity_id|name_id|origin|severity|state|zip
LIBRARY_MARTS,TIMELINE,HEALTH__FED_HHS_OIG_LEIE,,,26,0,2,address|city|date_col|entity_id|flag_bool|name_id|origin|outcome|person|severity|state|zip
LIBRARY_STAGING,DBT_CROGERS,STG_PORTAL_CKA_HOUSTON_OPEN_DAT_A4490182BA__PLACES,,,47,0,0,address|city|count_meas|county|date_col|flag_bool|lat|lon|name_id|origin|seq_order|severity|state|zip
LIBRARY_STAGING,DBT_CROGERS,STG_PORTAL_CKA_WESTERN_PENNSYLV_23B8B5B7D2__RECORDS,,,17,0,0,address|date_col|lat|lon|name_id|origin|rate_meas|severity|zip
LIBRARY_STAGING,DBT_CROGERS,STG_PORTAL_SOC_SEATTLE_OPEN_DAT_C8F2072189__PLACES,,,15,0,0,address|city|count_meas|date_col|entity_id|naics_sic|name_id|origin|severity|state|zip
LIBRARY_MARTS,TIMELINE,FINANCE__FED_FEC_COMMITTEE_TO_CANDIDATE,,,27,1,1,amount|city|count_meas|date_col|name_id|severity|state|zip
LIBRARY_STAGING,DBT_CROGERS,STG_PORTAL_ARC_ATLANTA_DATAATLA_1A7F4ADC21__RECORDS,,,29,0,0,address|city|count_meas|country|county|date_col|fips|geom|lat|lon|naics_sic|name_id|origin|severity|state|zip
LIBRARY_STAGING,DBT_CROGERS,STG_PORTAL_CKA_WESTERN_PENNSYLV_B25E480DFC__ASSETS,,,47,0,0,address|amount|city|count_meas|date_col|dest|lat|lon|name_id|origin|rate_meas|severity|state|zip
LIBRARY_STAGING,DBT_CROGERS,STG_PORTAL_SOC_DATALA_LOS_ANGEL_DC3670AFE1__RECORDS,,,23,0,0,address|city|count_meas|date_col|naics_sic|name_id|origin|severity|zip
LIBRARY_STAGING,DBT_CROGERS,STG_FED_USCG_NRC_INCIDENTS__INCIDENTS,,,14,0,2,city|date_col|origin|seq_order|severity|state|zip
LIBRARY_STAGING,DBT_CROGERS,STG_PORTAL_ARC_HARRIS_COUNTY_OP_F3D3A3AB57__RECORDS,,,46,0,0,address|city|count_meas|country|county|date_col|fips|geom|lat|lon|naics_sic|name_id|origin|severity|state|zip
LIBRARY_STAGING,DBT_CROGERS,STG_PORTAL_SOC_CONNECTICUT_OPEN_6BE2302812__ORGANIZATIONS,,,32,0,0,address|amount|city|date_col|entity_id|name_id|origin|severity|state|zip
LIBRARY_MARTS,TIMELINE,POLITICS__ST_NYC_CFB_CAMPAIGN_2021_CONTRIBUTIONS,,,60,5,4,address|amount|city|count_meas|county|date_col|dest|flag_bool|name_id|origin|person|seq_order|severity|state|zip
LIBRARY_STAGING,DBT_CROGERS,STG_PORTAL_SOC_CONNECTICUT_OPEN_FF2B86A533__RECORDS,,,39,0,0,address|amount|city|count_meas|county|date_col|dest|fips|naics_sic|name_id|origin|outcome|rate_meas|severity|state|zip
LIBRARY_STAGING,DBT_CROGERS,STG_PORTAL_CKA_WPRDC_ALLEGHENY_5B37A5568E__RECORDS,,,20,0,0,address|count_meas|date_col|entity_id|fips|lat|lon|name_id|origin|severity|zip
LIBRARY_MARTS,TIMELINE,ECONOMICS__FED_IRS_BMF,,,29,4,1,address|amount|city|date_col|entity_id|name_id|origin|severity|state|zip
LIBRARY_STAGING,DBT_CROGERS,STG_INTL_CH_ZEFIX__COMPANIES,,,20,2,1,address|city|count_meas|country|date_col|name_id|origin|severity|zip
LIBRARY_STAGING,DBT_CROGERS,STG_PORTAL_CKA_ANALYZE_BOSTON_4EDDC3919B__PLACES,,,15,0,0,address|city|date_col|name_id|origin|severity|zip
LIBRARY_STAGING,DBT_CROGERS,STG_PORTAL_CKA_VIRGINIA_OPEN_DA_AC3869EE0E__RECORDS,,,39,0,0,address|city|count_meas|date_col|geom|name_id|origin|severity|state|zip
LIBRARY_MARTS,TIMELINE,ECONOMICS__FED_USASPENDING_CONTRACTS,,,40,0,1,amount|city|count_meas|country|date_col|dest|entity_id|fips|naics_sic|name_id|origin|person|severity|state|zip
LIBRARY_MARTS,TIMELINE,HEALTH__FED_CMS_NURSING_HOME_FIRE_DEFICIENCIES,,,28,0,4,address|city|date_col|entity_id|name_id|outcome|seq_order|severity|state|zip
LIBRARY_STAGING,DBT_CROGERS,STG_PORTAL_CKA_WESTERN_PENNSYLV_0AF7431C6C__FACILITIES,,,43,0,0,address|amount|city|count_meas|county|date_col|entity_id|fips|naics_sic|name_id|origin|severity|state|zip
LIBRARY_STAGING,DBT_CROGERS,STG_PORTAL_ARC_TUCSON_OPEN_DATA_CDFFE1002A__RECORDS,,,77,0,0,address|city|count_meas|country|date_col|entity_id|fips|geom|lat|lon|origin|seq_order|severity|state|zip
LIBRARY_STAGING,DBT_CROGERS,STG_PORTAL_SOC_CONNECTICUT_OPEN_DEA6C4224A__PLACES,,,25,0,0,address|amount|city|count_meas|county|date_col|fips|naics_sic|name_id|origin|rate_meas|severity|state|zip
LIBRARY_STAGING,DBT_CROGERS,INT_OPEN_PAYMENTS_ALL_YEARS,,,94,1,0,address|amount|city|count_meas|country|date_col|dest|entity_id|flag_bool|naics_sic|name_id|origin|person|severity|state|zip
LIBRARY_STAGING,DBT_CROGERS,STG_PORTAL_ARC_WISCONSIN_OPEN_D_4EBC995C5D__RECORDS,,,44,0,0,address|city|count_meas|county|date_col|entity_id|fips|geom|lat|lon|name_id|origin|severity|state|zip
LIBRARY_MARTS,TIMELINE,HEALTH__FED_CMS_NURSING_HOME_PENALTIES,,,18,1,4,address|amount|city|date_col|entity_id|name_id|outcome|severity|state|zip
LIBRARY_STAGING,DBT_CROGERS,STG_PORTAL_ARC_HARRIS_COUNTY_OP_E87E81379A__PLACES,,,43,0,0,address|city|count_meas|country|county|date_col|geom|lat|lon|naics_sic|name_id|origin|severity|state|zip
LIBRARY_STAGING,DBT_CROGERS,STG_PORTAL_ARC_OPEN_DATA_RALEIG_F18F09F22F__PLACES,,,21,0,0,address|amount|city|count_meas|date_col|naics_sic|name_id|origin|severity|zip
LIBRARY_STAGING,DBT_CROGERS,STG_XC_UK_SANCTIONS_LIST__DESIGNATIONS,,,43,0,3,address|city|count_meas|country|date_col|dest|flag_bool|name_id|origin|outcome|rate_meas|severity|zip
LIBRARY_STAGING,DBT_CROGERS,STG_PORTAL_SOC_TEXAS_OPEN_DATA_0F8F4663C8__RECORDS,,,12,0,0,address|city|count_meas|county|date_col|naics_sic|name_id|origin|severity|state|zip
LIBRARY_STAGING,DBT_CROGERS,STG_FED_NOAA_WEATHER_API__RECORDS,,,34,1,0,date_col|fips|geom|lat|lon|name_id|origin|severity|zip
LIBRARY_STAGING,DBT_CROGERS,STG_CA_LOBBY__CHG_LOG,,,26,0,4,city|date_col|name_id|origin|person|severity|zip
LIBRARY_STAGING,DBT_CROGERS,STG_FED_CFPB_COMPLAINTS__COMPLAINTS,,,19,0,3,date_col|dest|flag_bool|origin|outcome|severity|state|zip
LIBRARY_STAGING,DBT_CROGERS,STG_PORTAL_ARC_LA_COUNTY_OPEN_D_2E79EB67C8__PLACES,,,31,0,0,address|city|count_meas|date_col|dest|fips|geom|lat|lon|naics_sic|name_id|origin|rate_meas|severity|zip
LIBRARY_STAGING,DBT_CROGERS,STG_FED_FDIC_BANK_DATA__INSTITUTIONS,,,48,8,7,address|amount|city|count_meas|county|date_col|entity_id|fips|lat|lon|name_id|origin|severity|zip
LIBRARY_STAGING,DBT_CROGERS,STG_PORTAL_ARC_TUCSON_OPEN_DATA_F919285F50__CASES,,,77,0,0,address|city|count_meas|country|date_col|entity_id|fips|geom|lat|lon|origin|seq_order|severity|state|zip
LIBRARY_STAGING,DBT_CROGERS,STG_FED_FEMA_IA_HOUSING_REGISTRATIONS__REGISTRATIONS,,,103,31,3,amount|city|count_meas|county|date_col|dest|fips|origin|person|rate_meas|severity|state|zip
LIBRARY_MARTS,TIMELINE,IMMIGRATION__FED_DOL_OFLC,,,264,22,5,address|city|count_meas|country|county|date_col|dest|naics_sic|name_id|origin|outcome|rate_meas|severity|state|zip
LIBRARY_STAGING,DBT_CROGERS,STG_PORTAL_CKA_VIRGINIA_OPEN_DA_E4498C978C__RECORDS,,,20,0,0,address|city|date_col|name_id|origin|outcome|severity|state|zip
LIBRARY_STAGING,DBT_CROGERS,STG_ST_NYC_CFB_CAMPAIGN_2021_CONTRIBUTIONS__CONTRIBUTIONS,,,56,5,3,address|amount|city|count_meas|county|date_col|dest|flag_bool|name_id|origin|person|seq_order|severity|state|zip
LIBRARY_STAGING,DBT_CROGERS,STG_PORTAL_CKA_WESTERN_PENNSYLV_EF682F7E59__RECORDS,,,20,0,0,address|count_meas|date_col|entity_id|fips|lat|lon|name_id|origin|severity|zip
LIBRARY_STAGING,DBT_CROGERS,STG_FED_FDA_DEVICE_510K__ALL,,,25,0,3,address|city|count_meas|country|date_col|flag_bool|name_id|origin|severity|state|zip
LIBRARY_STAGING,DBT_CROGERS,STG_PORTAL_ARC_ATLANTA_DATAATLA_FD3576897B__PLACES,,,35,0,0,address|city|date_col|geom|lat|lon|naics_sic|name_id|origin|severity|state|zip
LIBRARY_STAGING,DBT_CROGERS,STG_FED_PHMSA_FLAGGED_INCIDENTS__INCIDENTS,,,39,18,2,address|city|count_meas|date_col|fips|lat|lon|name_id|origin|outcome|severity|state|zip
LIBRARY_MARTS,TIMELINE,ENERGY__FED_EIA861_MERGERS,,,18,2,3,address|city|date_col|dest|name_id|origin|severity|state|zip
LIBRARY_STAGING,DBT_CROGERS,STG_PORTAL_ARC_ATLANTA_DATAATLA_79E3C7BD36__RECORDS,,,29,0,0,address|city|count_meas|country|county|date_col|fips|geom|lat|lon|naics_sic|name_id|origin|severity|state|zip
LIBRARY_STAGING,DBT_CROGERS,STG_PORTAL_SOC_UTAH_OPEN_DATA_P_A9B7E273C8__PROVIDERS,,,120,0,0,address|amount|city|count_meas|county|date_col|dest|entity_id|fips|name_id|origin|rate_meas|severity|state|zip
LIBRARY_STAGING,DBT_CROGERS,STG_PORTAL_ARC_TUCSON_OPEN_DATA_E0EDEA39BE__PLACES,,,36,0,0,address|city|date_col|geom|lat|lon|naics_sic|name_id|origin|severity|state|zip
LIBRARY_MARTS,TIMELINE,ECONOMICS__FED_IRS_SOI_CHARITIES,,,32,3,1,address|amount|city|date_col|entity_id|name_id|severity|state|zip
LIBRARY_STAGING,DBT_CROGERS,STG_PORTAL_ARC_HARRIS_COUNTY_OP_EDE1E11F9D__RECORDS,,,29,0,0,address|city|count_meas|country|county|date_col|fips|geom|lat|lon|naics_sic|name_id|origin|severity|state|zip
LIBRARY_STAGING,DBT_CROGERS,STG_FED_FAA_AIRCRAFT_REGISTRY__AIRCRAFT,,,36,1,5,address|city|count_meas|country|county|date_col|name_id|origin|rate_meas|severity|state|zip
LIBRARY_STAGING,DBT_CROGERS,STG_FED_EPA_ECHO__RECORDS,,,135,1,0,address|amount|city|count_meas|county|date_col|entity_id|fips|flag_bool|lat|lon|naics_sic|name_id|origin|outcome|rate_meas|seq_order|severity|state|zip
LIBRARY_STAGING,DBT_CROGERS,STG_PORTAL_CKA_WPRDC_ALLEGHENY_BB0184F847__RECORDS,,,21,0,0,address|amount|city|date_col|entity_id|fips|flag_bool|lat|lon|name_id|origin|severity|zip
LIBRARY_MARTS,TIMELINE,LABOR__FED_DOL_EBSA_FORM5500_SCHEDULE_SB,,,131,86,6,address|amount|city|count_meas|date_col|entity_id|name_id|origin|rate_meas|severity|state|zip
LIBRARY_STAGING,DBT_CROGERS,STG_FED_SBA_LOANS__RECORDS,,,54,1,0,address|amount|city|count_meas|date_col|entity_id|naics_sic|name_id|origin|rate_meas|severity|state|zip
LIBRARY_MARTS,TIMELINE,TRANSPORT__FED_NTSB_AVIATION_EVENTS,,,79,10,5,city|count_meas|country|date_col|entity_id|lat|lon|naics_sic|name_id|origin|outcome|severity|state|zip
LIBRARY_STAGING,DBT_CROGERS,STG_PORTAL_SOC_TEXAS_OPEN_DATA_DA657010B1__PLACES,,,19,0,0,address|city|count_meas|county|date_col|entity_id|naics_sic|name_id|origin|state|zip
LIBRARY_STAGING,DBT_CROGERS,STG_PORTAL_ARC_ORANGE_COUNTY_OP_62E4574F5E__FACILITIES,,,28,0,0,address|city|count_meas|date_col|dest|entity_id|geom|lat|lon|naics_sic|name_id|origin|rate_meas|severity|zip
LIBRARY_STAGING,DBT_CROGERS,STG_FED_FJC_IDB_BANKRUPTCY__CASE_SNAPSHOTS,,,90,13,7,amount|count_meas|county|date_col|dest|entity_id|flag_bool|origin|person|rate_meas|seq_order|severity|zip
LIBRARY_STAGING,DBT_CROGERS,STG_ST_NYC_CFB_CAMPAIGN_2001_CONTRIBUTION__CONTRIBUTIONS,,,58,5,3,address|amount|city|count_meas|county|date_col|flag_bool|name_id|origin|person|seq_order|severity|state|zip
LIBRARY_STAGING,DBT_CROGERS,STG_PORTAL_CKA_INDIANA_DATA_HUB_78F3E49D13__PLACES,,,16,0,0,address|city|count_meas|county|date_col|fips|lat|lon|name_id|origin|severity|zip
LIBRARY_MARTS,TIMELINE,POLITICS__ST_NYC_CFB_CAMPAIGN_2013_CONTRIBUTION,,,60,5,4,address|amount|city|count_meas|county|date_col|dest|flag_bool|name_id|origin|person|seq_order|severity|state|zip
LIBRARY_MARTS,TIMELINE,FINANCE__FED_IRS_SOI,,,154,3,1,amount|count_meas|date_col|dest|fips|name_id|severity|state|zip
LIBRARY_STAGING,DBT_CROGERS,STG_PORTAL_CKA_VIRGINIA_OPEN_DA_039AACD655__RECORDS,,,63,0,0,address|city|count_meas|country|county|date_col|lat|lon|origin|severity|state|zip
LIBRARY_STAGING,DBT_CROGERS,STG_PORTAL_CKA_ANALYZE_BOSTON_B6C7223760__RECORDS,,,29,0,0,address|date_col|geom|name_id|origin|severity|zip
LIBRARY_STAGING,DBT_CROGERS,STG_PORTAL_SOC_UTAH_OPEN_DATA_P_1614522F52__RECORDS,,,36,0,0,address|city|count_meas|county|date_col|entity_id|geom|lat|naics_sic|name_id|origin|severity|state|zip
LIBRARY_STAGING,DBT_CROGERS,STG_PORTAL_ARC_HARRIS_COUNTY_OP_2D6F9D0DA7__RECORDS,,,39,0,0,address|city|count_meas|date_col|geom|lat|lon|naics_sic|name_id|origin|severity|state|zip
LIBRARY_MARTS,TIMELINE,ECONOMICS__FED_USASPENDING_CONTRACTS_FULL,,,301,38,9,address|amount|city|count_meas|country|county|date_col|dest|entity_id|fips|flag_bool|naics_sic|name_id|origin|outcome|person|rate_meas|seq_order|severity|state|zip
LIBRARY_STAGING,DBT_CROGERS,STG_PORTAL_ARC_OPEN_DATA_DC_D359158BC8__RECORDS,,,183,0,0,address|amount|city|count_meas|county|date_col|dest|fips|flag_bool|geom|lat|lon|naics_sic|name_id|origin|person|rate_meas|seq_order|severity|state|zip
LIBRARY_STAGING,DBT_CROGERS,STG_FED_IRS_BMF__ORGANIZATIONS,,,31,1,0,address|amount|city|date_col|entity_id|name_id|origin|severity|state|zip
LIBRARY_MARTS,TIMELINE,HEALTH__FED_CMS_SKILLED_NURSING_FACILITY_ENROLLMENTS,,,27,0,2,address|city|date_col|entity_id|flag_bool|name_id|rate_meas|severity|state|zip
LIBRARY_STAGING,DBT_CROGERS,STG_FED_FCC_LICENSING__RECORDS,,,28,1,0,address|city|count_meas|county|date_col|entity_id|name_id|origin|severity|state|zip
LIBRARY_STAGING,DBT_CROGERS,STG_PORTAL_CKA_WPRDC_ALLEGHENY_DE448D04D4__FACILITIES,,,43,0,0,address|amount|city|count_meas|county|date_col|entity_id|fips|naics_sic|name_id|origin|severity|state|zip
LIBRARY_MARTS,TIMELINE,CORPORATE_REGISTRY__FED_IRS_EO_BMF,,,36,3,4,address|amount|city|count_meas|date_col|entity_id|name_id|origin|severity|state|zip
LIBRARY_STAGING,DBT_CROGERS,STG_PORTAL_ARC_OPEN_DATA_RALEIG_EFBB617010__RECORDS,,,178,0,0,address|amount|city|count_meas|county|date_col|dest|fips|flag_bool|geom|lat|lon|naics_sic|name_id|origin|person|rate_meas|seq_order|severity|state|zip
LIBRARY_STAGING,DBT_CROGERS,STG_PORTAL_CKA_WPRDC_ALLEGHENY_16A0BB67B4__PLACES,,,17,0,1,address|date_col|lat|lon|name_id|origin|severity|state|zip
LIBRARY_STAGING,DBT_CROGERS,STG_FED_NTSB_AVIATION_AIRCRAFT__AIRCRAFT,,,95,0,3,address|city|count_meas|country|date_col|dest|entity_id|fips|name_id|origin|person|rate_meas|severity|state|zip
LIBRARY_STAGING,DBT_CROGERS,STG_PORTAL_SOC_UTAH_OPEN_DATA_P_81A81B1650__RECORDS,,,27,0,0,city|count_meas|country|county|date_col|fips|lat|lon|naics_sic|name_id|origin|severity|state|zip
LIBRARY_STAGING,DBT_CROGERS,STG_PORTAL_ARC_TUCSON_OPEN_DATA_63C0193FF1__CASES,,,77,0,0,address|city|count_meas|country|date_col|entity_id|fips|geom|lat|lon|origin|seq_order|severity|state|zip
LIBRARY_MARTS,TIMELINE,CONSUMER_PROTECTION__FED_CFPB_COMPLAINTS,,,28,1,6,date_col|dest|flag_bool|origin|outcome|severity|state|zip
LIBRARY_STAGING,DBT_CROGERS,STG_PORTAL_ARC_TN_DATA_TENNESSE_655F6BCC6D__RECORDS,,,153,0,0,address|amount|city|count_meas|county|date_col|dest|fips|flag_bool|geom|lat|lon|naics_sic|name_id|origin|person|rate_meas|seq_order|severity|state|zip
LIBRARY_STAGING,DBT_CROGERS,STG_PORTAL_ARC_ATLANTA_DATAATLA_A59DB2E766__RECORDS,,,29,0,0,address|city|count_meas|country|county|date_col|fips|geom|lat|lon|naics_sic|name_id|origin|severity|state|zip
LIBRARY_STAGING,DBT_CROGERS,STG_PORTAL_SOC_CONNECTICUT_OPEN_AEB46F6C94__RECORDS,,,109,0,0,address|city|count_meas|county|date_col|lat|lon|naics_sic|name_id|origin|rate_meas|severity|zip
LIBRARY_STAGING,DBT_CROGERS,STG_PORTAL_SOC_DATALA_LOS_ANGEL_361B8161B7__PLACES,,,24,0,0,address|city|count_meas|date_col|naics_sic|name_id|origin|severity|zip
LIBRARY_STAGING,DBT_CROGERS,STG_PORTAL_ARC_ORANGE_COUNTY_OP_DD64A3F2B8__FACILITIES,,,27,0,0,address|city|count_meas|date_col|dest|entity_id|lat|lon|naics_sic|name_id|origin|rate_meas|severity|zip
LIBRARY_MARTS,TIMELINE,JUSTICE__XC_UK_SANCTIONS_LIST,,,47,0,4,address|city|count_meas|country|date_col|dest|flag_bool|name_id|origin|outcome|rate_meas|severity|zip
LIBRARY_STAGING,DBT_CROGERS,STG_PORTAL_CKA_WPRDC_ALLEGHENY_A4E9CE945B__RECORDS,,,21,0,0,date_col|origin|outcome|zip
LIBRARY_MARTS,TIMELINE,POLITICS__ST_NYC_CFB_CAMPAIGN_2009_CONTRIBUTION,,,60,5,4,address|amount|city|count_meas|county|date_col|dest|flag_bool|name_id|origin|person|seq_order|severity|state|zip
LIBRARY_STAGING,DBT_CROGERS,STG_FED_ED_COLLEGE_SCORECARD_INSTITUTION__INSTITUTIONS,,,66,52,1,amount|city|count_meas|date_col|fips|flag_bool|lat|lon|naics_sic|name_id|origin|rate_meas|severity|state|zip
LIBRARY_MARTS,TIMELINE,ECONOMICS__FED_DOL_FORM5500,,,156,23,12,address|amount|city|count_meas|date_col|entity_id|name_id|severity|state|zip
LIBRARY_STAGING,DBT_CROGERS,STG_FED_CMS_NURSING_HOME__NURSING_HOME_FACILITIES,,,110,61,6,address|amount|city|count_meas|county|date_col|dest|entity_id|fips|lat|lon|naics_sic|name_id|origin|outcome|rate_meas|severity|state|zip
LIBRARY_STAGING,DBT_CROGERS,STG_IRS527__8872_REPORTS,,,50,2,6,address|city|count_meas|date_col|entity_id|flag_bool|name_id|origin|severity|state|zip
LIBRARY_MARTS,TIMELINE,HEALTH__FED_FDA_DEVICE_510K,,,29,0,4,address|city|count_meas|country|date_col|flag_bool|name_id|origin|severity|state|zip
LIBRARY_STAGING,DBT_CROGERS,STG_PORTAL_ARC_TUCSON_OPEN_DATA_32A72D9D1D__RECORDS,,,36,0,0,address|city|date_col|geom|lat|lon|naics_sic|name_id|origin|severity|state|zip
LIBRARY_STAGING,DBT_CROGERS,STG_PORTAL_ARC_HARRIS_COUNTY_OP_86AE12CFC0__PROVIDERS,,,23,0,0,address|city|count_meas|county|date_col|entity_id|geom|lat|lon|name_id|origin|rate_meas|severity|state|zip
LIBRARY_STAGING,DBT_CROGERS,STG_PORTAL_ARC_TUCSON_OPEN_DATA_7468CF46DB__RECORDS,,,77,0,0,address|city|count_meas|country|date_col|entity_id|fips|geom|lat|lon|origin|seq_order|severity|state|zip
LIBRARY_STAGING,DBT_CROGERS,STG_PORTAL_ARC_LA_COUNTY_OPEN_D_0A94DB308E__RECORDS,,,63,0,0,address|city|count_meas|county|date_col|entity_id|fips|flag_bool|geom|lat|lon|name_id|origin|rate_meas|severity|zip
LIBRARY_STAGING,DBT_CROGERS,STG_FED_HUD_ASSISTED_HOUSING_PROJECTS__SUMMARIES,,,94,16,1,address|amount|city|count_meas|date_col|entity_id|fips|lat|lon|name_id|origin|person|rate_meas|severity|state|zip
LIBRARY_STAGING,DBT_CROGERS,STG_UK_COMPANIES_HOUSE_PSC__PSC_RECORDS,,,27,3,2,address|city|count_meas|country|date_col|naics_sic|name_id|origin|rate_meas|severity|zip
LIBRARY_MARTS,TIMELINE,HEALTH__FED_CMS_HOME_HEALTH,,,100,19,2,address|amount|city|date_col|dest|entity_id|naics_sic|name_id|outcome|person|rate_meas|severity|state|zip
LIBRARY_STAGING,DBT_CROGERS,STG_FED_HRSA_HPSA_PRIMARY_CARE__DESIGNATIONS,,,69,12,5,address|city|count_meas|county|date_col|fips|flag_bool|geom|lat|lon|name_id|origin|rate_meas|seq_order|severity|state|zip
LIBRARY_STAGING,DBT_CROGERS,STG_PORTAL_SOC_UTAH_OPEN_DATA_P_D4ACA49A9B__PROVIDERS,,,22,0,0,address|city|count_meas|date_col|entity_id|name_id|origin|rate_meas|severity|zip
LIBRARY_MARTS,TIMELINE,POLITICS__IRS527_8872_REPORTS,,,54,2,7,address|city|count_meas|date_col|entity_id|flag_bool|name_id|origin|severity|state|zip
LIBRARY_STAGING,DBT_CROGERS,STG_PORTAL_CKA_WESTERN_PENNSYLV_FD81B4FB82__RECORDS,,,18,0,0,address|city|date_col|name_id|origin|state|zip
LIBRARY_MARTS,TIMELINE,CORPORATE_REGISTRY__UK_COMPANIES_HOUSE_PSC,,,31,3,3,address|city|count_meas|country|date_col|naics_sic|name_id|origin|rate_meas|severity|zip
LIBRARY_STAGING,DBT_CROGERS,STG_FED_FAA_REGISTRY__RECORDS,,,36,1,0,address|city|count_meas|country|county|date_col|name_id|origin|rate_meas|severity|state|zip
LIBRARY_MARTS,TIMELINE,POLITICS__FED_FEC_API,,,26,1,1,amount|count_meas|date_col|flag_bool|name_id|origin|person|severity|state|zip
LIBRARY_MARTS,TIMELINE,HEALTH__FED_FDA_DEVICE_PMA,,,29,0,4,address|city|date_col|entity_id|flag_bool|name_id|origin|severity|state|zip
LIBRARY_MARTS,TIMELINE,HEALTH__FED_FDA_DEVICE_ENFORCEMENT,,,33,0,5,address|city|count_meas|country|date_col|entity_id|outcome|rate_meas|severity|state|zip
LIBRARY_STAGING,DBT_CROGERS,STG_FED_USASPENDING_BULK__RECORDS,,,299,1,0,address|amount|city|count_meas|country|county|date_col|dest|entity_id|fips|flag_bool|naics_sic|name_id|origin|outcome|person|rate_meas|seq_order|severity|state|zip
LIBRARY_MARTS,TIMELINE,SCIENCE_RESEARCH__FED_SBIR_STTR_AWARDS,,,48,4,7,address|amount|city|count_meas|date_col|entity_id|fips|name_id|origin|outcome|severity|state|zip
LIBRARY_STAGING,DBT_CROGERS,STG_PORTAL_ARC_TUCSON_OPEN_DATA_9E24E86B9A__CASES,,,77,0,0,address|city|count_meas|country|date_col|entity_id|fips|geom|lat|lon|origin|seq_order|severity|state|zip
LIBRARY_STAGING,DBT_CROGERS,STG_PORTAL_ARC_TUCSON_OPEN_DATA_32A72D9D1D__PLACES,,,36,0,0,address|city|date_col|geom|lat|lon|naics_sic|name_id|origin|severity|state|zip
LIBRARY_STAGING,DBT_CROGERS,STG_PORTAL_SOC_TEXAS_OPEN_DATA_5410A1009F__RECORDS,,,21,0,0,address|city|count_meas|county|date_col|entity_id|flag_bool|naics_sic|name_id|origin|severity|state|zip
LIBRARY_STAGING,DBT_CROGERS,STG_PORTAL_CKA_HOUSTON_OPEN_DAT_AB35BB6552__RECORDS,,,23,0,0,address|count_meas|date_col|lat|lon|name_id|origin|severity|zip
LIBRARY_MARTS,TIMELINE,SCIENCE__FED_NSF_AWARDS,,,24,1,4,amount|city|count_meas|country|date_col|entity_id|fips|name_id|person|severity|state|zip
LIBRARY_MARTS,TIMELINE,POLITICS__IRS527_8871_ORGS,,,24,1,3,address|city|date_col|entity_id|name_id|origin|state|zip
LIBRARY_MARTS,TIMELINE,FINANCE__FED_FDIC_BANK_DATA,,,52,8,8,address|amount|city|count_meas|county|date_col|entity_id|fips|lat|lon|name_id|origin|severity|zip
LIBRARY_STAGING,DBT_CROGERS,STG_FED_SBIR_STTR_AWARDS__AWARDS,,,44,4,6,address|amount|city|count_meas|date_col|entity_id|fips|name_id|origin|outcome|severity|state|zip
LIBRARY_MARTS,TIMELINE,ENVIRONMENT__FED_USCG_NRC_INCIDENTS,,,18,0,3,city|date_col|origin|seq_order|severity|state|zip
LIBRARY_STAGING,DBT_CROGERS,STG_PORTAL_CKA_ANALYZE_BOSTON_D5A9AD584E__FILINGS,,,65,0,0,address|amount|city|count_meas|date_col|dest|entity_id|fips|flag_bool|geom|lat|lon|name_id|origin|outcome|rate_meas|severity|zip
LIBRARY_MARTS,TIMELINE,ECONOMICS__FED_IRS_990,,,22,8,3,amount|count_meas|date_col|entity_id|name_id|origin|person|severity|state|zip
LIBRARY_STAGING,DBT_CROGERS,STG_PORTAL_ARC_TUCSON_OPEN_DATA_3A7E0821D1__RECORDS,,,79,0,0,address|city|count_meas|country|date_col|entity_id|fips|geom|lat|lon|origin|seq_order|severity|state|zip
LIBRARY_STAGING,DBT_CROGERS,STG_XC_UK_SANCTIONS_LIST__DESIGNATED_PERSON,,,60,4,3,address|city|count_meas|country|date_col|dest|flag_bool|name_id|origin|outcome|rate_meas|severity|zip
LIBRARY_STAGING,DBT_CROGERS,STG_ST_NYC_CFB_CAMPAIGN_2025_CONTRIBUTIONS__CONTRIBUTIONS,,,56,5,3,address|amount|city|count_meas|county|date_col|dest|flag_bool|name_id|origin|person|seq_order|severity|state|zip
LIBRARY_MARTS,TIMELINE,HEALTH__FED_DEA_ARCOS,,,37,6,3,city|count_meas|county|date_col|name_id|origin|seq_order|severity|state|zip
LIBRARY_MARTS,TIMELINE,HEALTH__FED_CMS_POS_OTHER,,,477,204,1,city|count_meas|date_col|entity_id|fips|name_id|origin|rate_meas|severity|state|zip
LIBRARY_STAGING,DBT_CROGERS,STG_FED_DOL_EBSA_FORM5500_SCHEDULE_SB__FILINGS,,,127,86,5,address|amount|city|count_meas|date_col|entity_id|name_id|origin|rate_meas|severity|state|zip
LIBRARY_MARTS,TIMELINE,FINANCE__FED_FHFA_FHLB_MEMBERSHIP,,,21,1,3,city|date_col|name_id|origin|severity|state|zip
LIBRARY_STAGING,DBT_CROGERS,STG_FED_HUD_FHA_SF_PORTFOLIO_SNAPSHOT__LOANS,,,21,4,1,amount|city|count_meas|county|date_col|name_id|origin|rate_meas|severity|state|zip
LIBRARY_STAGING,DBT_CROGERS,STG_PORTAL_ARC_HARRIS_COUNTY_OP_12691A85A0__RECORDS,,,44,0,0,address|city|count_meas|country|county|date_col|fips|geom|lat|lon|naics_sic|name_id|origin|severity|state|zip
LIBRARY_STAGING,DBT_CROGERS,STG_PORTAL_CKA_VIRGINIA_OPEN_DA_651C0C423A__PLACES,,,20,0,0,address|city|date_col|origin|rate_meas|severity|state|zip
LIBRARY_STAGING,DBT_CROGERS,STG_PORTAL_CKA_ANALYZE_BOSTON_9FE0838E9F__PLACES,,,32,0,0,address|city|count_meas|date_col|naics_sic|name_id|origin|severity|state|zip
LIBRARY_STAGING,DBT_CROGERS,STG_PORTAL_CKA_INDIANA_DATA_HUB_D4DAE8D984__RECORDS,,,10,0,0,amount|count_meas|date_col|dest|origin|severity|zip
LIBRARY_STAGING,DBT_CROGERS,STG_PORTAL_ARC_ORANGE_COUNTY_OP_572F3C6271__FACILITIES,,,28,0,0,address|city|count_meas|date_col|dest|entity_id|geom|lat|lon|naics_sic|name_id|origin|rate_meas|severity|zip
LIBRARY_STAGING,DBT_CROGERS,STG_FED_CMS_MAIN__RECORDS,,,12,1,0,count_meas|date_col|entity_id|fips|origin|zip
LIBRARY_MARTS,TIMELINE,ENVIRONMENT__FED_USCG_NRC_INCIDENT_REPORTS,,,22,6,3,city|date_col|origin|seq_order|severity|state|zip
LIBRARY_STAGING,DBT_CROGERS,STG_PORTAL_CKA_ANALYZE_BOSTON_7F82F529E8__RECORDS,,,32,0,0,address|amount|city|date_col|geom|lat|lon|name_id|origin|severity|zip
LIBRARY_STAGING,DBT_CROGERS,STG_PORTAL_ARC_WISCONSIN_OPEN_D_CB1509F410__RECORDS,,,44,0,0,address|city|count_meas|county|date_col|entity_id|fips|geom|lat|lon|name_id|origin|severity|state|zip
LIBRARY_MARTS,TIMELINE,LABOR__FED_OSHA_ITA_300A_SUMMARY_2024,,,36,1,2,address|city|count_meas|date_col|entity_id|naics_sic|name_id|outcome|seq_order|severity|state|zip
LIBRARY_STAGING,DBT_CROGERS,STG_PORTAL_ARC_ORANGE_COUNTY_OP_644FB9535B__PLACES,,,27,0,0,address|city|count_meas|date_col|dest|entity_id|lat|lon|naics_sic|name_id|origin|rate_meas|severity|zip
LIBRARY_STAGING,DBT_CROGERS,STG_FED_FDIC_BANK_DATA__RECORDS,,,26,1,0,amount|city|date_col|fips|lat|lon|name_id|origin|severity|zip
LIBRARY_STAGING,DBT_CROGERS,STG_FED_CMS_DIALYSIS__FACILITIES,,,145,1,0,address|amount|city|count_meas|county|date_col|entity_id|name_id|origin|rate_meas|severity|state|zip
LIBRARY_STAGING,DBT_CROGERS,STG_PORTAL_ARC_OPEN_DATA_RALEIG_8EE851C810__RECORDS,,,224,0,0,address|amount|city|count_meas|county|date_col|dest|fips|flag_bool|lat|lon|naics_sic|name_id|origin|person|rate_meas|seq_order|severity|state|zip
LIBRARY_STAGING,DBT_CROGERS,STG_PORTAL_CKA_WESTERN_PENNSYLV_20E1A330CE__PLACES,,,17,0,1,address|date_col|lat|lon|name_id|origin|severity|state|zip
LIBRARY_STAGING,DBT_CROGERS,STG_PORTAL_ARC_TUCSON_OPEN_DATA_E0EDEA39BE__RECORDS,,,36,0,0,address|city|date_col|geom|lat|lon|naics_sic|name_id|origin|severity|state|zip
LIBRARY_STAGING,DBT_CROGERS,STG_FED_USCG_NRC_INCIDENT_REPORTS__INCIDENT_REPORTS,,,18,6,2,city|date_col|origin|seq_order|severity|state|zip
LIBRARY_STAGING,DBT_CROGERS,STG_FED_USDA_RD_MFH_ACTIVE_PROJECTS__PROJECTS,,,35,12,4,address|city|count_meas|county|date_col|fips|flag_bool|lat|lon|name_id|origin|rate_meas|severity|state|zip
LIBRARY_STAGING,DBT_CROGERS,STG_IRS527_8871_ORGS__REGISTRATIONS,,,20,1,2,address|city|date_col|entity_id|name_id|origin|state|zip
LIBRARY_STAGING,DBT_CROGERS,STG_PORTAL_SOC_CONNECTICUT_OPEN_AEB46F6C94__PLACES,,,109,0,0,address|city|count_meas|county|date_col|lat|lon|naics_sic|name_id|origin|rate_meas|severity|zip
LIBRARY_MARTS,TIMELINE,FOREIGN_INFLUENCE__FED_FARA_BULK,,,37,0,10,address|city|count_meas|country|date_col|flag_bool|name_id|origin|person|rate_meas|severity|state|zip
LIBRARY_MARTS,TIMELINE,FINANCE__FED_FEC_INDIV_CONTRIBUTIONS,,,19,2,2,amount|city|count_meas|date_col|name_id|severity|state|zip
LIBRARY_STAGING,DBT_CROGERS,STG_PORTAL_SOC_OPEN_DATA_BR_C110D5CF59__PLACES,,,27,0,0,address|amount|city|count_meas|date_col|geom|naics_sic|name_id|origin|severity|zip
LIBRARY_STAGING,DBT_CROGERS,STG_FED_EPA_AQS_SITES__SITES,,,32,6,3,address|city|count_meas|county|date_col|fips|lat|lon|name_id|origin|severity|state|zip
LIBRARY_STAGING,DBT_CROGERS,STG_PORTAL_SOC_COLORADO_INFORMA_E80CA7800E__PLACES,,,76,0,0,count_meas|county|date_col|dest|fips|naics_sic|name_id|origin|person|rate_meas|severity|state|zip
LIBRARY_STAGING,DBT_CROGERS,STG_PORTAL_ARC_TUCSON_OPEN_DATA_F0203665DD__RECORDS,,,36,0,0,address|city|date_col|geom|lat|lon|naics_sic|name_id|origin|severity|state|zip
LIBRARY_STAGING,DBT_CROGERS,STG_FED_EPA_ENVIROFACTS__FACILITY_SAMPLE,,,16,0,1,city|count_meas|county|date_col|lat|lon|name_id|origin|severity|state|zip
LIBRARY_STAGING,DBT_CROGERS,STG_PORTAL_CKA_WPRDC_ALLEGHENY_B9904B63C2__ASSETS,,,47,0,0,address|amount|city|count_meas|date_col|dest|lat|lon|name_id|origin|rate_meas|severity|state|zip
LIBRARY_STAGING,DBT_CROGERS,STG_PORTAL_ARC_LA_COUNTY_OPEN_D_E549C7C921__FACILITIES,,,30,0,0,address|city|count_meas|county|date_col|dest|entity_id|fips|geom|lat|lon|naics_sic|name_id|origin|rate_meas|severity|state|zip
LIBRARY_STAGING,DBT_CROGERS,STG_PORTAL_ARC_HARRIS_COUNTY_OP_8549EC1226__RECORDS,,,30,0,0,address|city|count_meas|country|county|date_col|fips|geom|lat|lon|naics_sic|name_id|origin|rate_meas|severity|state|zip
LIBRARY_STAGING,DBT_CROGERS,STG_FED_CMS_HOME_HEALTH__FACILITIES,,,99,1,0,address|amount|city|date_col|dest|entity_id|naics_sic|name_id|origin|outcome|person|rate_meas|severity|state|zip
LIBRARY_STAGING,DBT_CROGERS,STG_PORTAL_SOC_SEATTLE_OPEN_DAT_C8F2072189__RECORDS,,,15,0,0,address|city|count_meas|date_col|entity_id|naics_sic|name_id|origin|severity|state|zip
LIBRARY_STAGING,DBT_CROGERS,STG_PORTAL_ARC_HARRIS_COUNTY_OP_FA9969D82E__PROVIDERS,,,23,0,0,address|city|count_meas|county|date_col|entity_id|geom|lat|lon|name_id|origin|rate_meas|severity|state|zip
LIBRARY_STAGING,DBT_CROGERS,STG_PORTAL_SOC_COLORADO_INFORMA_1D5CFAD830__PLACES,,,76,0,0,count_meas|county|date_col|dest|fips|naics_sic|name_id|origin|person|rate_meas|severity|state|zip
LIBRARY_STAGING,DBT_CROGERS,STG_PORTAL_ARC_OPEN_DATA_RALEIG_F18F09F22F__RECORDS,,,21,0,0,address|amount|city|count_meas|date_col|naics_sic|name_id|origin|severity|zip
LIBRARY_STAGING,DBT_CROGERS,STG_FED_IRS_990__ORGANIZATIONS,,,21,1,0,address|amount|date_col|entity_id|origin|person|severity|zip
LIBRARY_STAGING,DBT_CROGERS,STG_PORTAL_SOC_UTAH_OPEN_DATA_P_289C31329B__CASES,,,115,0,0,amount|count_meas|date_col|entity_id|naics_sic|name_id|origin|outcome|severity|zip
LIBRARY_STAGING,DBT_CROGERS,STG_PORTAL_SOC_TEXAS_OPEN_DATA_6F798A64FA__ORGANIZATIONS,,,12,0,0,city|date_col|entity_id|name_id|origin|severity|state|zip
LIBRARY_STAGING,DBT_CROGERS,STG_PORTAL_ARC_OPEN_DATA_DC_E1DD5D3551__RECORDS,,,30,0,0,city|count_meas|country|date_col|geom|lat|lon|naics_sic|name_id|origin|rate_meas|seq_order|severity|state|zip
LIBRARY_STAGING,DBT_CROGERS,STG_PORTAL_ARC_HARRIS_COUNTY_OP_A2DAE85C30__RECORDS,,,44,0,0,address|city|count_meas|country|county|date_col|fips|geom|lat|lon|naics_sic|name_id|origin|severity|state|zip
LIBRARY_STAGING,DBT_CROGERS,STG_PORTAL_ARC_ORANGE_COUNTY_OP_43A1FE3FBE__RECORDS,,,35,0,0,address|city|count_meas|date_col|geom|lon|naics_sic|name_id|origin|severity|zip
LIBRARY_STAGING,DBT_CROGERS,STG_PORTAL_CKA_WPRDC_ALLEGHENY_7B65AE0CFF__RECORDS,,,19,0,0,address|city|date_col|entity_id|name_id|origin|severity|state|zip
LIBRARY_MARTS,TIMELINE,ECONOMICS__FED_IRS_AUTO_REVOCATIONS,,,16,0,4,address|city|count_meas|country|date_col|entity_id|name_id|severity|state|zip
LIBRARY_STAGING,DBT_CROGERS,STG_FED_FEC_INDIV_CONTRIBUTIONS__RECORDS,,,23,1,0,amount|city|count_meas|date_col|name_id|origin|severity|state|zip
LIBRARY_MARTS,TIMELINE,REFERENCE__FED_DHS_HIFLD,,,21,2,3,address|city|count_meas|county|date_col|fips|lat|lon|naics_sic|name_id|origin|severity|state|zip
LIBRARY_STAGING,DBT_CROGERS,STG_PORTAL_ARC_TUCSON_OPEN_DATA_11050C025B__CASES,,,77,0,0,address|city|count_meas|country|date_col|entity_id|fips|geom|lat|lon|origin|seq_order|severity|state|zip
LIBRARY_STAGING,DBT_CROGERS,STG_PORTAL_CKA_WESTERN_PENNSYLV_4FC22C2C30__RECORDS,,,21,0,0,address|amount|city|date_col|entity_id|fips|flag_bool|lat|lon|name_id|origin|severity|zip
LIBRARY_STAGING,DBT_CROGERS,STG_PORTAL_ARC_TUCSON_OPEN_DATA_14C7AA5CCF__PLACES,,,36,0,0,address|city|date_col|geom|lat|lon|naics_sic|name_id|origin|severity|state|zip
LIBRARY_STAGING,DBT_CROGERS,STG_FED_EPA_ENVIROFACTS__RECORDS,,,16,1,0,city|count_meas|county|date_col|lat|lon|name_id|origin|severity|state|zip
LIBRARY_STAGING,DBT_CROGERS,STG_PORTAL_SOC_UTAH_OPEN_DATA_P_589CC47A29__RECORDS,,,38,0,0,address|city|count_meas|county|date_col|entity_id|geom|lat|naics_sic|name_id|origin|severity|state|zip
LIBRARY_MARTS,TIMELINE,HEALTH__FED_HRSA_SHORTAGE_AREAS,,,71,14,6,address|city|count_meas|county|date_col|fips|flag_bool|geom|lat|lon|name_id|origin|rate_meas|seq_order|severity|state|zip
LIBRARY_MARTS,TIMELINE,PROCUREMENT__FED_USASPENDING_BULK,,,303,1,1,address|amount|city|count_meas|country|county|date_col|dest|entity_id|fips|flag_bool|naics_sic|name_id|origin|outcome|person|rate_meas|seq_order|severity|state|zip
LIBRARY_STAGING,DBT_CROGERS,STG_PORTAL_CKA_WPRDC_ALLEGHENY_1C103EE2CD__PLACES,,,17,0,0,address|date_col|lat|lon|name_id|origin|rate_meas|severity|zip
LIBRARY_STAGING,DBT_CROGERS,STG_INTL_GR_GEMI__GREEK_COMPANIES,,,16,1,3,city|date_col|name_id|origin|outcome|rate_meas|severity|zip
LIBRARY_STAGING,DBT_CROGERS,STG_PORTAL_ARC_HARRIS_COUNTY_OP_3CFE4113ED__RECORDS,,,29,0,0,address|city|count_meas|country|county|date_col|fips|geom|lat|lon|naics_sic|name_id|origin|severity|state|zip
LIBRARY_STAGING,DBT_CROGERS,STG_PORTAL_CKA_WESTERN_PENNSYLV_23B8B5B7D2__PLACES,,,17,0,0,address|date_col|lat|lon|name_id|origin|rate_meas|severity|zip
LIBRARY_STAGING,DBT_CROGERS,STG_PORTAL_SOC_UTAH_OPEN_DATA_P_5EF68422FF__RECORDS,,,251,0,0,address|amount|city|count_meas|country|county|date_col|dest|entity_id|fips|flag_bool|naics_sic|name_id|origin|outcome|person|rate_meas|seq_order|severity|state|zip
LIBRARY_STAGING,DBT_CROGERS,STG_PORTAL_ARC_HARRIS_COUNTY_OP_87F4853C1A__RECORDS,,,41,0,0,address|city|count_meas|country|county|date_col|fips|geom|lat|lon|naics_sic|name_id|origin|severity|state|zip
LIBRARY_STAGING,DBT_CROGERS,STG_PORTAL_SOC_UTAH_OPEN_DATA_P_A5AE4FD7A4__PROVIDERS,,,97,0,0,address|amount|city|count_meas|county|date_col|dest|entity_id|fips|name_id|origin|severity|state|zip
LIBRARY_STAGING,DBT_CROGERS,STG_PORTAL_CKA_WPRDC_ALLEGHENY_12C9244C06__RECORDS,,,34,0,0,address|city|date_col|name_id|origin|severity|state|zip
LIBRARY_STAGING,DBT_CROGERS,STG_FED_DOL_FORM5500__RECORDS,,,154,1,0,address|amount|city|count_meas|date_col|entity_id|name_id|origin|severity|state|zip
LIBRARY_STAGING,DBT_CROGERS,STG_FED_NLM_DAILYMED_SPL_SETID_MAP__SETID_MAP,,,7,1,2,date_col|name_id|origin|seq_order|zip
LIBRARY_STAGING,DBT_CROGERS,STG_PORTAL_SOC_UTAH_OPEN_DATA_P_D5F7CA2621__PLACES,,,113,0,0,address|city|count_meas|county|date_col|lat|lon|naics_sic|name_id|origin|rate_meas|severity|zip
LIBRARY_STAGING,DBT_CROGERS,STG_PORTAL_ARC_HARRIS_COUNTY_OP_6CDCF96CA7__RECORDS,,,43,0,0,address|city|count_meas|country|county|date_col|geom|lat|lon|naics_sic|name_id|origin|severity|state|zip
LIBRARY_STAGING,DBT_CROGERS,STG_FED_DHS_HIFLD__RECORDS,,,17,1,0,address|city|count_meas|county|date_col|fips|lat|lon|naics_sic|name_id|origin|severity|state|zip
LIBRARY_STAGING,DBT_CROGERS,STG_PORTAL_CKA_WPRDC_ALLEGHENY_12C9244C06__PLACES,,,34,0,0,address|city|date_col|name_id|origin|severity|state|zip
LIBRARY_STAGING,DBT_CROGERS,STG_PORTAL_SOC_UTAH_OPEN_DATA_P_A9B7E273C8__FACILITIES,,,123,0,1,address|amount|city|count_meas|county|date_col|dest|entity_id|fips|name_id|origin|rate_meas|severity|state|zip
LIBRARY_MARTS,TIMELINE,HEALTH__FED_CMS_OPT_OUT_AFFIDAVITS,,,17,0,4,address|city|date_col|dest|entity_id|name_id|person|seq_order|severity|state|zip
LIBRARY_MARTS,TIMELINE,IMMIGRATION__FED_CMS_HOSPICE_ENROLLMENTS,,,24,0,2,address|city|date_col|entity_id|flag_bool|name_id|rate_meas|severity|state|zip
LIBRARY_MARTS,TIMELINE,ECONOMICS__FED_SBA_LOANS,,,34,7,5,amount|city|count_meas|county|date_col|fips|flag_bool|naics_sic|name_id|rate_meas|severity|state|zip
LIBRARY_STAGING,DBT_CROGERS,STG_PORTAL_ARC_HARRIS_COUNTY_OP_3E1426DF10__RECORDS,,,34,0,0,address|city|count_meas|country|county|date_col|fips|geom|lat|lon|naics_sic|name_id|origin|severity|state|zip
LIBRARY_MARTS,TIMELINE,JUSTICE__XC_MAPPING_POLICE_VIOLENCE,,,68,12,2,address|amount|city|count_meas|county|date_col|dest|entity_id|fips|geom|lat|lon|name_id|origin|outcome|person|rate_meas|severity|state|zip
LIBRARY_STAGING,DBT_CROGERS,STG_PORTAL_CKA_WPRDC_ALLEGHENY_1C103EE2CD__RECORDS,,,17,0,0,address|date_col|lat|lon|name_id|origin|rate_meas|severity|zip
LIBRARY_STAGING,DBT_CROGERS,STG_PORTAL_ARC_ATLANTA_DATAATLA_FD3576897B__RECORDS,,,35,0,0,address|city|date_col|geom|lat|lon|naics_sic|name_id|origin|severity|state|zip
LIBRARY_STAGING,DBT_CROGERS,STG_FED_HUD_PUBLIC_HOUSING_AUTHORITIES__AUTHORITIES,,,109,37,2,address|amount|city|count_meas|county|date_col|fips|flag_bool|lat|lon|name_id|origin|rate_meas|severity|state|zip
LIBRARY_MARTS,TIMELINE,HEALTH__FED_CMS_IRF,,,16,0,2,address|city|count_meas|county|date_col|entity_id|name_id|severity|state|zip
LIBRARY_MARTS,TIMELINE,HEALTH__FED_FDA_DRUG_ENFORCEMENT,,,34,0,5,address|city|count_meas|country|date_col|entity_id|name_id|outcome|severity|state|zip
LIBRARY_STAGING,DBT_CROGERS,STG_PORTAL_SOC_SF_OPENDATA_DATA_79618299A6__RECORDS,,,40,0,0,address|city|date_col|entity_id|naics_sic|name_id|origin|severity|state|zip
LIBRARY_STAGING,DBT_CROGERS,STG_PORTAL_ARC_HARRIS_COUNTY_OP_D9A3089ED0__RECORDS,,,46,0,0,address|city|count_meas|country|county|date_col|fips|geom|lat|lon|naics_sic|name_id|origin|severity|state|zip
LIBRARY_STAGING,DBT_CROGERS,STG_PORTAL_SOC_SF_OPENDATA_DATA_C19EE9EB44__RECORDS,,,35,0,0,address|city|date_col|dest|entity_id|name_id|origin|person|rate_meas|severity|state|zip
LIBRARY_STAGING,DBT_CROGERS,STG_PORTAL_SOC_COLORADO_INFORMA_4BAD70F01F__ORGANIZATIONS,,,31,0,0,address|amount|city|date_col|entity_id|name_id|origin|severity|state|zip
LIBRARY_STAGING,DBT_CROGERS,STG_PORTAL_SOC_TEXAS_OPEN_DATA_5410A1009F__PLACES,,,21,0,0,address|city|count_meas|county|date_col|entity_id|flag_bool|naics_sic|name_id|origin|severity|state|zip
LIBRARY_STAGING,DBT_CROGERS,STG_FED_FDIC_SOD_BRANCH_DEPOSITS__BRANCHES,,,85,10,3,address|amount|city|count_meas|country|county|date_col|entity_id|fips|flag_bool|lat|lon|name_id|origin|severity|state|zip
LIBRARY_STAGING,DBT_CROGERS,STG_PORTAL_ARC_ATLANTA_DATAATLA_4AB9F9E31E__RECORDS,,,29,0,0,address|city|count_meas|country|county|date_col|fips|geom|lat|lon|naics_sic|name_id|origin|severity|state|zip
LIBRARY_STAGING,DBT_CROGERS,STG_FED_USASPENDING_BULK__ORGANIZATIONS,,,299,1,0,address|amount|city|count_meas|country|county|date_col|dest|entity_id|fips|flag_bool|naics_sic|name_id|origin|outcome|person|rate_meas|seq_order|severity|state|zip
LIBRARY_MARTS,TIMELINE,HEALTH__FED_CMS_FEDERALLY_QUALIFIED_HEALTH_CENTER_ENROLLMENTS,,,25,0,2,address|city|date_col|entity_id|flag_bool|name_id|rate_meas|severity|state|zip
LIBRARY_STAGING,DBT_CROGERS,STG_PORTAL_ARC_HARRIS_COUNTY_OP_1A53499962__RECORDS,,,34,0,0,address|city|count_meas|country|county|date_col|fips|geom|lat|lon|naics_sic|name_id|origin|severity|state|zip
LIBRARY_STAGING,DBT_CROGERS,STG_PORTAL_CKA_OPEN_DATA_SA_E846782F2C__RECORDS,,,38,0,0,address|amount|city|date_col|lat|lon|name_id|origin|severity|state|zip
LIBRARY_STAGING,DBT_CROGERS,STG_PORTAL_ARC_WISCONSIN_OPEN_D_07CF3C3824__PROVIDERS,,,45,0,0,address|city|count_meas|county|date_col|entity_id|fips|geom|lat|lon|name_id|origin|severity|state|zip
LIBRARY_MARTS,TIMELINE,HEALTH__FED_FDA_ESTABLISHMENT_REG,,,24,0,2,address|city|count_meas|country|date_col|entity_id|name_id|origin|rate_meas|severity|state|zip
LIBRARY_MARTS,TIMELINE,HEALTH__FED_HRSA_HPSA_PRIMARY_CARE,,,73,12,6,address|city|count_meas|county|date_col|fips|flag_bool|geom|lat|lon|name_id|origin|rate_meas|seq_order|severity|state|zip
LIBRARY_STAGING,DBT_CROGERS,STG_FED_FDA_DEVICE_PMA__ALL,,,25,0,3,address|city|date_col|entity_id|flag_bool|name_id|origin|severity|state|zip
LIBRARY_STAGING,DBT_CROGERS,STG_PORTAL_SOC_TEXAS_OPEN_DATA_A415622C5D__PLACES,,,35,0,0,address|city|count_meas|county|date_col|entity_id|naics_sic|name_id|origin|severity|state|zip
LIBRARY_STAGING,DBT_CROGERS,STG_PORTAL_ARC_WISCONSIN_OPEN_D_601E691159__PROVIDERS,,,45,0,0,address|city|count_meas|county|date_col|entity_id|fips|geom|lat|lon|name_id|origin|severity|state|zip
LIBRARY_STAGING,DBT_CROGERS,STG_PORTAL_CKA_ANALYZE_BOSTON_4EDDC3919B__RECORDS,,,15,0,0,address|city|date_col|name_id|origin|severity|zip
LIBRARY_STAGING,DBT_CROGERS,STG_PORTAL_SOC_NEW_YORK_STATE_O_0C94DD2B8A__RECORDS,,,22,0,0,address|city|count_meas|county|date_col|dest|entity_id|naics_sic|name_id|origin|severity|state|zip
LIBRARY_MARTS,TIMELINE,LABOR__FED_OSHA_ITA_CASE_DETAIL_2023,,,53,2,4,address|city|count_meas|date_col|dest|entity_id|naics_sic|name_id|origin|outcome|severity|state|zip
LIBRARY_STAGING,DBT_CROGERS,STG_PORTAL_SOC_UTAH_OPEN_DATA_P_103F7D641F__ORGANIZATIONS,,,65,0,0,address|amount|city|count_meas|country|county|date_col|dest|entity_id|flag_bool|name_id|origin|severity|state|zip
LIBRARY_STAGING,DBT_CROGERS,STG_PORTAL_CKA_VIRGINIA_OPEN_DA_1D39BDEC50__RECORDS,,,36,0,0,address|city|date_col|lat|lon|name_id|origin|seq_order|severity|state|zip
LIBRARY_STAGING,DBT_CROGERS,STG_FED_CMS_LTCH__FACILITIES,,,16,1,0,address|city|count_meas|county|date_col|entity_id|name_id|origin|severity|state|zip
LIBRARY_STAGING,DBT_CROGERS,STG_PORTAL_SOC_COLORADO_INFORMA_DE6C8A6901__RECORDS,,,76,0,0,count_meas|county|date_col|dest|fips|naics_sic|name_id|origin|person|rate_meas|severity|state|zip
LIBRARY_STAGING,DBT_CROGERS,STG_PORTAL_SOC_SF_OPENDATA_DATA_C19EE9EB44__PROVIDERS,,,35,0,0,address|city|date_col|dest|entity_id|name_id|origin|person|rate_meas|severity|state|zip
LIBRARY_STAGING,DBT_CROGERS,STG_FED_NHTSA_COMPLAINTS__RECORDS,,,53,6,6,city|count_meas|date_col|name_id|origin|outcome|severity|state|zip
LIBRARY_STAGING,DBT_CROGERS,STG_PORTAL_CKA_WESTERN_PENNSYLV_070A16004D__PLACES,,,34,0,0,address|city|date_col|name_id|origin|severity|state|zip
LIBRARY_STAGING,DBT_CROGERS,STG_PORTAL_CKA_WPRDC_ALLEGHENY_DA448E7083__RECORDS,,,38,0,0,address|amount|city|count_meas|county|date_col|entity_id|lat|lon|name_id|origin|outcome|severity|state|zip
LIBRARY_STAGING,DBT_CROGERS,STG_FED_DOL_OLMS__FILINGS,,,61,9,8,address|amount|city|count_meas|date_col|dest|flag_bool|name_id|origin|person|seq_order|severity|state|zip
LIBRARY_MARTS,TIMELINE,JUSTICE__INTL_EU_SANCTIONS,,,63,0,9,address|city|count_meas|country|date_col|severity|zip
LIBRARY_STAGING,DBT_CROGERS,STG_PORTAL_CKA_VIRGINIA_OPEN_DA_651C0C423A__RECORDS,,,20,0,0,address|city|date_col|origin|rate_meas|severity|state|zip
LIBRARY_STAGING,DBT_CROGERS,STG_PORTAL_CKA_WESTERN_PENNSYLV_4FC22C2C30__PLACES,,,21,0,0,address|amount|city|date_col|entity_id|fips|flag_bool|lat|lon|name_id|origin|severity|zip
LIBRARY_STAGING,DBT_CROGERS,STG_PORTAL_CKA_WPRDC_ALLEGHENY_508C030BD9__RECORDS,,,18,0,0,address|city|date_col|name_id|origin|state|zip
LIBRARY_MARTS,TIMELINE,SCIENCE_RESEARCH__FED_NIH_REPORTER,,,52,4,8,amount|city|count_meas|country|date_col|entity_id|fips|name_id|origin|severity|state|zip
LIBRARY_STAGING,DBT_CROGERS,STG_PORTAL_ARC_ATLANTA_DATAATLA_5D9B9C30A9__RECORDS,,,35,0,0,address|city|date_col|geom|lat|lon|naics_sic|name_id|origin|severity|state|zip
LIBRARY_STAGING,DBT_CROGERS,STG_PORTAL_ARC_HARRIS_COUNTY_OP_E87E81379A__RECORDS,,,43,0,0,address|city|count_meas|country|county|date_col|geom|lat|lon|naics_sic|name_id|origin|severity|state|zip
LIBRARY_STAGING,DBT_CROGERS,STG_PORTAL_CKA_INDIANA_DATA_HUB_78F3E49D13__RECORDS,,,16,0,0,address|city|count_meas|county|date_col|fips|lat|lon|name_id|origin|severity|zip
LIBRARY_MARTS,TIMELINE,FINANCE__FED_SEC_13F_FILERS,,,26,0,3,address|city|count_meas|date_col|entity_id|name_id|seq_order|severity|zip
LIBRARY_MARTS,TIMELINE,HOUSING__FED_HUD_DATA,,,12,2,1,date_col|entity_id|fips|name_id|zip
LIBRARY_STAGING,DBT_CROGERS,STG_FED_CMS_HOSPICE__FACILITIES,,,15,1,0,address|city|count_meas|county|date_col|entity_id|name_id|origin|severity|state|zip
LIBRARY_STAGING,DBT_CROGERS,STG_FED_CMS_IRF__FACILITIES,,,15,1,0,address|city|count_meas|county|date_col|entity_id|name_id|origin|severity|state|zip
LIBRARY_STAGING,DBT_CROGERS,STG_PORTAL_ARC_HARRIS_COUNTY_OP_360277F8CB__PLACES,,,34,0,0,address|city|count_meas|country|county|date_col|fips|geom|lat|lon|naics_sic|name_id|origin|severity|state|zip
LIBRARY_STAGING,DBT_CROGERS,STG_PORTAL_CKA_INDIANA_DATA_HUB_D4DAE8D984__PLACES,,,10,0,0,amount|count_meas|date_col|dest|origin|severity|zip
LIBRARY_MARTS,TIMELINE,ENVIRONMENT__FED_EPA_SUPERFUND_SITE_BOUNDARIES,,,35,2,4,address|city|count_meas|county|date_col|geom|name_id|origin|severity|state|zip
LIBRARY_STAGING,DBT_CROGERS,STG_INTL_EU_SANCTIONS__PLACES,,,61,1,0,address|city|count_meas|country|date_col|origin|severity|zip
LIBRARY_STAGING,DBT_CROGERS,STG_PORTAL_SOC_NEW_YORK_STATE_O_EFF72C4402__RECORDS,,,48,0,0,address|amount|count_meas|county|date_col|dest|entity_id|flag_bool|naics_sic|name_id|origin|outcome|rate_meas|severity|state|zip
LIBRARY_MARTS,TIMELINE,POLITICS__ST_NYC_CFB_CAMPAIGN_2025_CONTRIBUTIONS,,,60,5,4,address|amount|city|count_meas|county|date_col|dest|flag_bool|name_id|origin|person|seq_order|severity|state|zip
LIBRARY_STAGING,DBT_CROGERS,STG_PORTAL_SOC_COLORADO_INFORMA_DE6C8A6901__PLACES,,,76,0,0,count_meas|county|date_col|dest|fips|naics_sic|name_id|origin|person|rate_meas|severity|state|zip
LIBRARY_STAGING,DBT_CROGERS,STG_PORTAL_SOC_COLORADO_INFORMA_E80CA7800E__RECORDS,,,76,0,0,count_meas|county|date_col|dest|fips|naics_sic|name_id|origin|person|rate_meas|severity|state|zip
LIBRARY_MARTS,TIMELINE,HEALTH__FED_CMS_OPEN_PAYMENTS_2022,,,26,0,1,amount|city|count_meas|date_col|dest|entity_id|flag_bool|naics_sic|name_id|person|severity|state|zip
LIBRARY_STAGING,DBT_CROGERS,STG_PORTAL_SOC_TEXAS_OPEN_DATA_6F798A64FA__RECORDS,,,12,0,0,city|date_col|entity_id|name_id|origin|severity|state|zip
LIBRARY_STAGING,DBT_CROGERS,STG_PORTAL_SOC_COLORADO_INFORMA_1D5CFAD830__RECORDS,,,76,0,0,count_meas|county|date_col|dest|fips|naics_sic|name_id|origin|person|rate_meas|severity|state|zip
LIBRARY_STAGING,DBT_CROGERS,STG_ST_NYC_CFB_CAMPAIGN_2009_CONTRIBUTION__CONTRIBUTIONS,,,56,5,3,address|amount|city|count_meas|county|date_col|dest|flag_bool|name_id|origin|person|seq_order|severity|state|zip
LIBRARY_STAGING,DBT_CROGERS,STG_PORTAL_ARC_HARRIS_COUNTY_OP_6CDCF96CA7__PLACES,,,43,0,0,address|city|count_meas|country|county|date_col|geom|lat|lon|naics_sic|name_id|origin|severity|state|zip
LIBRARY_STAGING,DBT_CROGERS,STG_PORTAL_ARC_ORANGE_COUNTY_OP_05390F8D55__RECORDS,,,35,0,0,address|city|count_meas|date_col|geom|lon|naics_sic|name_id|origin|severity|zip
LIBRARY_MARTS,TIMELINE,PROCUREMENT__FED_SAM_EXCLUSIONS,,,26,0,4,city|count_meas|country|date_col|entity_id|flag_bool|name_id|outcome|person|severity|state|zip
LIBRARY_STAGING,DBT_CROGERS,STG_PORTAL_ARC_WISCONSIN_OPEN_D_717F8037EB__RECORDS,,,44,0,0,address|city|count_meas|county|date_col|entity_id|fips|geom|lat|lon|name_id|origin|severity|state|zip
LIBRARY_STAGING,DBT_CROGERS,STG_FED_CMS_NPPES__NPI_PROVIDERS,,,333,1,5,address|city|count_meas|country|date_col|entity_id|flag_bool|name_id|origin|person|rate_meas|severity|state|zip
LIBRARY_MARTS,TIMELINE,HEALTH__FED_HRSA_UDS_SERVICE_DELIVERY_SITES,,,62,3,4,address|city|count_meas|county|date_col|dest|entity_id|fips|flag_bool|lat|lon|name_id|origin|rate_meas|seq_order|severity|state|zip
LIBRARY_RAW,PUBLIC,FOREIGN_AGENT_REGISTRATIONS,,,33,0,9,address|city|count_meas|country|date_col|flag_bool|name_id|origin|person|rate_meas|severity|state|zip
LIBRARY_STAGING,DBT_CROGERS,STG_PORTAL_CKA_WPRDC_ALLEGHENY_BB0184F847__PLACES,,,21,0,0,address|amount|city|date_col|entity_id|fips|flag_bool|lat|lon|name_id|origin|severity|zip
LIBRARY_STAGING,DBT_CROGERS,STG_FED_EPA_GHGRP_FACILITY__FACILITIES,,,40,8,0,address|city|count_meas|county|date_col|entity_id|fips|lat|lon|naics_sic|name_id|origin|severity|state|zip
LIBRARY_MARTS,TIMELINE,ENVIRONMENT__FED_EPA_ECHO,,,46,15,4,address|amount|city|count_meas|county|date_col|fips|flag_bool|lat|lon|name_id|origin|outcome|rate_meas|severity|state|zip
LIBRARY_STAGING,DBT_CROGERS,STG_FED_DOL_OFLC__RECORDS,,,262,1,0,address|city|count_meas|country|county|date_col|dest|naics_sic|name_id|origin|outcome|rate_meas|severity|state|zip
LIBRARY_STAGING,DBT_CROGERS,STG_PORTAL_CKA_WESTERN_PENNSYLV_2DFC1ADDEA__RECORDS,,,21,0,0,date_col|origin|outcome|zip
LIBRARY_STAGING,DBT_CROGERS,STG_PORTAL_CKA_WPRDC_ALLEGHENY_694F40A849__PLACES,,,15,0,0,address|city|date_col|geom|name_id|origin|state|zip
LIBRARY_STAGING,DBT_CROGERS,STG_FED_IRS_SOI__RECORDS,,,152,1,0,amount|count_meas|date_col|dest|fips|name_id|origin|severity|state|zip
LIBRARY_STAGING,DBT_CROGERS,STG_PORTAL_SOC_COLORADO_INFORMA_46101BE391__RECORDS,,,15,0,0,address|city|date_col|entity_id|origin|severity|state|zip
LIBRARY_STAGING,DBT_CROGERS,STG_PORTAL_SOC_UTAH_OPEN_DATA_P_A5AE4FD7A4__FACILITIES,,,100,0,1,address|amount|city|count_meas|county|date_col|dest|entity_id|fips|name_id|origin|severity|state|zip
LIBRARY_MARTS,TIMELINE,LABOR__FED_OSHA_ITA_CASE_DETAIL_2024,,,53,3,3,address|city|count_meas|date_col|dest|entity_id|naics_sic|name_id|origin|outcome|severity|state|zip
LIBRARY_STAGING,DBT_CROGERS,STG_FED_HHS_TAGGS__GRANT_AWARDS,,,21,3,1,amount|city|count_meas|country|date_col|dest|entity_id|fips|name_id|origin|severity|state|zip
LIBRARY_MARTS,TIMELINE,POLITICS__FED_FCC_LICENSING,,,30,0,5,address|city|count_meas|county|date_col|entity_id|name_id|severity|state|zip
LIBRARY_STAGING,DBT_CROGERS,STG_FED_DHS_HIFLD__FACILITIES,,,17,2,2,address|city|count_meas|county|date_col|fips|lat|lon|naics_sic|name_id|origin|severity|state|zip
LIBRARY_STAGING,DBT_CROGERS,STG_PORTAL_CKA_WPRDC_ALLEGHENY_A4E9CE945B__PLACES,,,21,0,0,date_col|origin|outcome|zip
LIBRARY_STAGING,DBT_CROGERS,STG_FED_NCUA_CALL_REPORTS__FOICU,,,31,2,4,address|city|count_meas|county|date_col|flag_bool|name_id|origin|severity|state|zip
LIBRARY_STAGING,DBT_CROGERS,STG_PORTAL_CKA_WESTERN_PENNSYLV_2DFC1ADDEA__PLACES,,,21,0,0,date_col|origin|outcome|zip
LIBRARY_STAGING,DBT_CROGERS,STG_FED_NCUA_CALL_REPORTS__RECORDS,,,15,1,0,city|date_col|entity_id|name_id|origin|severity|state|zip
LIBRARY_STAGING,DBT_CROGERS,STG_PORTAL_ARC_HARRIS_COUNTY_OP_1966AC023B__RECORDS,,,35,0,0,address|city|count_meas|country|county|date_col|fips|geom|lat|lon|naics_sic|name_id|origin|severity|state|zip
LIBRARY_STAGING,DBT_CROGERS,STG_FED_FEC_COMMITTEE_TO_CANDIDATE__RECORDS,,,25,1,0,amount|city|count_meas|date_col|name_id|origin|severity|state|zip
LIBRARY_STAGING,DBT_CROGERS,STG_PORTAL_ARC_TUCSON_OPEN_DATA_CDFFE1002A__CASES,,,77,0,0,address|city|count_meas|country|date_col|entity_id|fips|geom|lat|lon|origin|seq_order|severity|state|zip
LIBRARY_STAGING,DBT_CROGERS,STG_PORTAL_CKA_WESTERN_PENNSYLV_321A6575F3__PLACES,,,15,0,0,address|city|date_col|geom|name_id|origin|state|zip
LIBRARY_STAGING,DBT_CROGERS,STG_STATE_MO_SEX_OFFENDER_REGISTRY__OFFENSES,,,13,1,2,address|city|count_meas|county|date_col|flag_bool|name_id|origin|severity|state|zip
LIBRARY_STAGING,DBT_CROGERS,STG_PORTAL_SOC_DATALA_LOS_ANGEL_DC3670AFE1__PLACES,,,23,0,0,address|city|count_meas|date_col|naics_sic|name_id|origin|severity|zip
LIBRARY_STAGING,DBT_CROGERS,STG_PORTAL_SOC_UTAH_OPEN_DATA_P_DCD75231F6__FACILITIES,,,122,0,0,address|amount|city|count_meas|county|date_col|dest|entity_id|fips|name_id|origin|rate_meas|severity|state|zip
LIBRARY_STAGING,DBT_CROGERS,INT_FED_USASPENDING__AWARDS,,,33,4,5,amount|city|count_meas|country|date_col|dest|entity_id|fips|naics_sic|name_id|origin|severity|state|zip
LIBRARY_STAGING,DBT_CROGERS,STG_FED_EIA861_MERGERS__MERGERS,,,14,2,2,address|city|date_col|dest|name_id|origin|severity|state|zip
LIBRARY_STAGING,DBT_CROGERS,STG_FED_HRSA_UDS_SERVICE_DELIVERY_SITES__SITES,,,58,3,3,address|city|count_meas|county|date_col|dest|entity_id|fips|flag_bool|lat|lon|name_id|origin|rate_meas|seq_order|severity|state|zip
LIBRARY_STAGING,DBT_CROGERS,STG_PORTAL_ARC_LA_COUNTY_OPEN_D_0A94DB308E__PROVIDERS,,,63,0,0,address|city|count_meas|county|date_col|entity_id|fips|flag_bool|geom|lat|lon|name_id|origin|rate_meas|severity|zip
LIBRARY_MARTS,TIMELINE,LABOR__FED_OSHA_ITA_300A_SUMMARY_2023,,,36,1,2,address|city|count_meas|date_col|entity_id|naics_sic|name_id|outcome|seq_order|severity|state|zip
LIBRARY_STAGING,DBT_CROGERS,STG_PORTAL_CKA_WESTERN_PENNSYLV_20E1A330CE__RECORDS,,,14,0,0,address|date_col|lat|lon|name_id|origin|severity|state|zip
LIBRARY_STAGING,DBT_CROGERS,STG_PORTAL_CKA_WESTERN_PENNSYLV_F6A018A1CB__RECORDS,,,19,0,0,address|city|date_col|entity_id|name_id|origin|severity|state|zip
LIBRARY_STAGING,DBT_CROGERS,STG_FED_COLLEGE_SCORECARD_INSTITUTION__RECORDS,,,3313,90,1,address|amount|city|count_meas|date_col|fips|lat|lon|naics_sic|origin|outcome|rate_meas|severity|state|zip
LIBRARY_STAGING,DBT_CROGERS,STG_FED_FDA_DEVICE_ENFORCEMENT__DEVICE_ENFORCEMENT_RECALLS,,,28,0,5,address|city|count_meas|country|date_col|origin|outcome|severity|state|zip
LIBRARY_STAGING,DBT_CROGERS,STG_INTL_EU_SANCTIONS__RECORDS,,,61,1,0,address|city|count_meas|country|date_col|origin|severity|zip
LIBRARY_MARTS,TIMELINE,LABOR__FED_OSHA_ITA_CASE_DETAIL_2025,,,43,2,4,address|city|count_meas|date_col|dest|entity_id|naics_sic|name_id|outcome|severity|state|zip
LIBRARY_STAGING,DBT_CROGERS,STG_FED_HUD_DATA__RECORDS,,,10,1,0,date_col|entity_id|fips|name_id|origin|zip
LIBRARY_MARTS,TIMELINE,LABOR__FED_OSHA_ITA_300A_SUMMARY_2025,,,36,1,2,address|city|count_meas|date_col|entity_id|naics_sic|name_id|outcome|seq_order|severity|state|zip
LIBRARY_STAGING,DBT_CROGERS,STG_FED_HHS_OIG_LEIE__EXCLUSIONS,,,24,0,4,address|city|date_col|entity_id|flag_bool|name_id|origin|outcome|person|severity|state|zip
LIBRARY_MARTS,TIMELINE,HEALTH__FED_CMS_RURAL_HEALTH_CLINIC_ENROLLMENTS,,,25,0,2,address|city|date_col|entity_id|flag_bool|name_id|rate_meas|severity|state|zip
LIBRARY_STAGING,DBT_CROGERS,STG_PORTAL_SOC_UTAH_OPEN_DATA_P_103F7D641F__RECORDS,,,65,0,0,address|amount|city|count_meas|country|county|date_col|dest|entity_id|flag_bool|name_id|origin|severity|state|zip
LIBRARY_MARTS,TIMELINE,HEALTH__FED_CMS_NURSING_HOME_DEFICIENCIES,,,27,0,4,address|city|date_col|entity_id|name_id|outcome|severity|state|zip
LIBRARY_MARTS,TIMELINE,HOUSING__FED_HUD_FHA_SF_PORTFOLIO_SNAPSHOT,,,25,4,2,amount|city|count_meas|county|date_col|name_id|origin|rate_meas|severity|state|zip
LIBRARY_STAGING,DBT_CROGERS,STG_PORTAL_SOC_TEXAS_OPEN_DATA_354E3ABF4F__PLACES,,,47,0,0,city|count_meas|country|county|date_col|dest|entity_id|naics_sic|name_id|origin|rate_meas|severity|state|zip
LIBRARY_STAGING,DBT_CROGERS,STG_FED_NSF_AWARDS__RECORDS,,,22,1,0,amount|city|count_meas|country|date_col|entity_id|fips|name_id|origin|person|severity|state|zip
LIBRARY_MARTS,TIMELINE,ENVIRONMENT__FED_EPA_GHGRP_FACILITY,,,44,8,1,address|city|count_meas|county|date_col|entity_id|fips|lat|lon|naics_sic|name_id|origin|severity|state|zip
LIBRARY_STAGING,DBT_CROGERS,STG_FED_FDA_DRUG_ENFORCEMENT__DRUG_ENFORCEMENT_RECALLS,,,27,0,5,address|city|count_meas|country|date_col|entity_id|origin|outcome|severity|state|zip
LIBRARY_STAGING,DBT_CROGERS,STG_PORTAL_SOC_UTAH_OPEN_DATA_P_8DE28DA9D9__RECORDS,,,32,0,0,city|count_meas|country|county|date_col|fips|lat|lon|naics_sic|name_id|origin|severity|state|zip
LIBRARY_STAGING,DBT_CROGERS,STG_PORTAL_ARC_TUCSON_OPEN_DATA_F0203665DD__PLACES,,,36,0,0,address|city|date_col|geom|lat|lon|naics_sic|name_id|origin|severity|state|zip
LIBRARY_MARTS,TIMELINE,HEALTH__FED_CMS_HCRIS,,,129,107,4,address|amount|city|count_meas|county|date_col|dest|entity_id|fips|naics_sic|name_id|origin|person|rate_meas|severity|state|zip
LIBRARY_MARTS,TIMELINE,ECONOMICS__FED_IRS_EO_PR,,,32,3,1,address|amount|city|date_col|entity_id|name_id|severity|state|zip
LIBRARY_MARTS,TIMELINE,HEALTH__FED_CMS_OPEN_PAYMENTS,,,26,0,1,amount|city|count_meas|date_col|dest|entity_id|flag_bool|naics_sic|name_id|person|severity|state|zip
LIBRARY_MARTS,TIMELINE,HOUSING__FED_FEMA_IA_HOUSING_REGISTRATIONS,,,107,31,4,amount|city|count_meas|county|date_col|dest|fips|origin|person|rate_meas|severity|state|zip
LIBRARY_MARTS,TIMELINE,JUSTICE__STATE_MO_SEX_OFFENDER_REGISTRY,,,17,1,3,address|city|count_meas|county|date_col|flag_bool|name_id|origin|severity|state|zip
LIBRARY_STAGING,DBT_CROGERS,STG_PORTAL_CKA_ANALYZE_BOSTON_9FE0838E9F__RECORDS,,,32,0,0,address|city|count_meas|date_col|naics_sic|name_id|origin|severity|state|zip
LIBRARY_STAGING,DBT_CROGERS,STG_PORTAL_SOC_SF_OPENDATA_DATA_79618299A6__PLACES,,,40,0,0,address|city|date_col|entity_id|naics_sic|name_id|origin|severity|state|zip
LIBRARY_STAGING,DBT_CROGERS,STG_INTL_ELECTIONS_CANADA_CONTRIBUTIONS__CONTRIBUTIONS,,,31,2,3,amount|city|date_col|dest|name_id|origin|person|severity|state|zip
LIBRARY_STAGING,DBT_CROGERS,STG_PORTAL_ARC_WISCONSIN_OPEN_D_5206358BDD__RECORDS,,,44,0,0,address|city|count_meas|county|date_col|entity_id|fips|geom|lat|lon|name_id|origin|severity|state|zip
LIBRARY_STAGING,DBT_CROGERS,STG_PORTAL_CKA_WESTERN_PENNSYLV_070A16004D__RECORDS,,,34,0,0,address|city|date_col|name_id|origin|severity|state|zip
LIBRARY_STAGING,DBT_CROGERS,STG_PORTAL_SOC_UTAH_OPEN_DATA_P_F87FB2BFB7__ORGANIZATIONS,,,14,0,0,amount|date_col|entity_id|name_id|origin|outcome|severity|state|zip
LIBRARY_STAGING,DBT_CROGERS,STG_PORTAL_ARC_ATLANTA_DATAATLA_5D9B9C30A9__PLACES,,,35,0,0,address|city|date_col|geom|lat|lon|naics_sic|name_id|origin|severity|state|zip
LIBRARY_MARTS,TIMELINE,ENVIRONMENT__FED_EPA_TRI_BASIC_2023,,,126,11,1,address|city|count_meas|county|date_col|lat|lon|naics_sic|name_id|origin|rate_meas|severity|zip
LIBRARY_STAGING,DBT_CROGERS,STG_PORTAL_SOC_TEXAS_OPEN_DATA_DA657010B1__RECORDS,,,19,0,0,address|city|count_meas|county|date_col|entity_id|naics_sic|name_id|origin|state|zip
LIBRARY_STAGING,DBT_CROGERS,STG_FED_NCUA_FEDERALLY_INSURED_CU_LIST__CREDIT_UNIONS,,,26,14,0,address|amount|city|count_meas|date_col|dest|name_id|origin|rate_meas|severity|state|zip
LIBRARY_STAGING,DBT_CROGERS,STG_FED_CMS_HCRIS__HOSPITAL_COST_REPORT,,,119,103,2,address|amount|city|count_meas|county|date_col|dest|entity_id|fips|naics_sic|name_id|origin|person|rate_meas|severity|state|zip
LIBRARY_STAGING,DBT_CROGERS,STG_PORTAL_SOC_OPEN_DATA_BR_C110D5CF59__RECORDS,,,27,0,0,address|amount|city|count_meas|date_col|geom|naics_sic|name_id|origin|severity|zip
LIBRARY_STAGING,DBT_CROGERS,STG_PORTAL_SOC_TEXAS_OPEN_DATA_354E3ABF4F__RECORDS,,,47,0,0,city|count_meas|country|county|date_col|dest|entity_id|naics_sic|name_id|origin|rate_meas|severity|state|zip
LIBRARY_STAGING,DBT_CROGERS,STG_PORTAL_CKA_HOUSTON_OPEN_DAT_A4490182BA__RECORDS,,,47,0,0,address|city|count_meas|county|date_col|flag_bool|lat|lon|name_id|origin|seq_order|severity|state|zip
LIBRARY_STAGING,DBT_CROGERS,STG_PORTAL_ARC_NEW_MEXICO_OPEN_1B6C7F7FBD__RECORDS,,,44,0,0,address|amount|city|count_meas|country|date_col|geom|naics_sic|name_id|origin|severity|state|zip
LIBRARY_STAGING,CORE,STG_LEIE__EXCLUSIONS,,,23,0,5,address|city|date_col|entity_id|name_id|origin|outcome|person|severity|state|zip
LIBRARY_MARTS,TIMELINE,ENVIRONMENT__FED_EPA_SDWA_SDWA_GEOGRAPHIC_AREAS,,,15,0,2,city|count_meas|county|date_col|severity|state|zip
LIBRARY_MARTS,TIMELINE,POLITICS__CA_LOBBY_CHG_LOG,,,30,0,5,city|date_col|name_id|origin|person|severity|zip
LIBRARY_STAGING,DBT_CROGERS,STG_PORTAL_ARC_TUCSON_OPEN_DATA_55D5164315__RECORDS,,,35,0,0,address|city|count_meas|county|date_col|fips|geom|lat|lon|naics_sic|name_id|origin|severity|state|zip
LIBRARY_STAGING,DBT_CROGERS,STG_PORTAL_CKA_CALIFORNIA_OPEN_9C50AEF41D__PLACES,,,15,0,0,date_col|geom|origin|severity|zip
LIBRARY_STAGING,DBT_CROGERS,STG_PORTAL_CKA_ANALYZE_BOSTON_E4C004D662__PLACES,,,33,0,1,address|city|date_col|dest|entity_id|lat|lon|name_id|origin|outcome|severity|zip
LIBRARY_STAGING,DBT_CROGERS,STG_FED_IRS_REVOCATION__ORGANIZATIONS,,,15,1,0,address|city|count_meas|country|date_col|entity_id|name_id|origin|severity|state|zip
LIBRARY_STAGING,DBT_CROGERS,STG_PORTAL_CKA_ANALYZE_BOSTON_E4C004D662__CASES,,,30,0,0,address|city|date_col|dest|entity_id|lat|lon|name_id|origin|outcome|severity|zip
LIBRARY_STAGING,DBT_CROGERS,STG_PORTAL_ARC_HARRIS_COUNTY_OP_1966AC023B__PLACES,,,35,0,0,address|city|count_meas|country|county|date_col|fips|geom|lat|lon|naics_sic|name_id|origin|severity|state|zip
LIBRARY_STAGING,DBT_CROGERS,STG_PORTAL_SOC_UTAH_OPEN_DATA_P_D5F7CA2621__RECORDS,,,113,0,0,address|city|count_meas|county|date_col|lat|lon|naics_sic|name_id|origin|rate_meas|severity|zip
LIBRARY_STAGING,DBT_CROGERS,STG_PORTAL_SOC_UTAH_OPEN_DATA_P_F8CDD62630__PROVIDERS,,,22,0,0,address|city|count_meas|date_col|entity_id|name_id|origin|rate_meas|severity|zip
LIBRARY_MARTS,TIMELINE,HEALTH__FED_CMS_DIALYSIS,,,146,67,14,address|amount|city|count_meas|county|date_col|entity_id|name_id|origin|rate_meas|severity|state|zip
LIBRARY_MARTS,TIMELINE,ECONOMICS__FED_USASPENDING_ASSISTANCE_FULL,,,116,0,1,address|amount|city|count_meas|country|county|date_col|dest|entity_id|fips|flag_bool|name_id|origin|person|rate_meas|severity|state|zip
LIBRARY_STAGING,DBT_CROGERS,STG_PORTAL_SOC_UTAH_OPEN_DATA_P_4EBA247771__PROVIDERS,,,22,0,0,address|city|count_meas|date_col|entity_id|name_id|origin|rate_meas|severity|zip
LIBRARY_STAGING,DBT_CROGERS,STG_FED_CMS_POS_OTHER__FACILITIES,,,476,1,0,city|count_meas|date_col|entity_id|fips|name_id|origin|rate_meas|severity|state|zip
