db,schema,table,column,dtype,row_count
LIBRARY_MARTS,CORPORATE_REGISTRY,CORPORATE_REGISTRY__FED_ICIJ_OFFSHORELEAKS_ENTITIES,INCORPORATION_DATE,DATE,814344
LIBRARY_MARTS,CORPORATE_REGISTRY,CORPORATE_REGISTRY__FED_ICIJ_OFFSHORELEAKS_OTHERS,INCORPORATION_DATE,DATE,2989
LIBRARY_MARTS,CORPORATE_REGISTRY,CORPORATE_REGISTRY__INTL_IE_CRO,CORPORATE_REGISTRY_KEY,TEXT,821693
LIBRARY_MARTS,CORPORATE_REGISTRY,CORPORATE_REGISTRY__INTL_IE_CRO,INCORPORATION_DATE,DATE,821693
LIBRARY_MARTS,CORPORATE_REGISTRY,CORPORATE_REGISTRY__INTL_IE_CRO,INCORPORATION_YEAR,NUMBER,821693
LIBRARY_MARTS,CORPORATE_REGISTRY,CORPORATE_REGISTRY__INTL_UK_COMPANIES_HOUSE,INCORPORATION_DATE,DATE,5734780
LIBRARY_MARTS,CORPORATE_REGISTRY,CORPORATE_REGISTRY__UK_COMPANIES_HOUSE_PSC,REGISTRATION_NUMBER,TEXT,7000000
LIBRARY_MARTS,ECONOMICS,ECONOMICS__FED_BLS_QCEW,ANNUAL_AVG_EMPLOYMENT,NUMBER,3619437
LIBRARY_MARTS,ECONOMICS,ECONOMICS__FED_BLS_QCEW,ANNUAL_AVG_ESTABLISHMENTS,NUMBER,3619437
LIBRARY_MARTS,ECONOMICS,ECONOMICS__FED_BLS_QCEW,ANNUAL_AVG_WEEKLY_WAGE,NUMBER,3619437
LIBRARY_MARTS,ECONOMICS,ECONOMICS__FED_BLS_QCEW,AVG_ANNUAL_PAY,NUMBER,3619437
LIBRARY_MARTS,ECONOMICS,ECONOMICS__FED_BLS_QCEW,YOY_EMPLOYMENT_PCT_CHANGE,FLOAT,3619437
LIBRARY_MARTS,ECONOMICS,ECONOMICS__FED_BLS_QCEW,YOY_WAGES_PCT_CHANGE,FLOAT,3619437
LIBRARY_MARTS,ECONOMICS,ECONOMICS__FED_FDIC_FAILED_BANKS,LOSS_TO_ASSETS_RATIO,NUMBER,3584
LIBRARY_MARTS,ECONOMICS,ECONOMICS__FED_FDIC_FAILED_BANKS,LOSS_TO_DEPOSITS_RATIO,NUMBER,3584
LIBRARY_MARTS,ECONOMICS,ECONOMICS__FED_FINCEN_BOI,US_REGISTRATION_DATE,DATE,1
LIBRARY_MARTS,ECONOMICS,ECONOMICS__FED_FINCEN_BOI,US_REGISTRATION_STATE,FLOAT,1
LIBRARY_MARTS,ECONOMICS,ECONOMICS__FED_SBA_LOANS,LOSS_RATE,FLOAT,2174502
LIBRARY_MARTS,ECONOMICS,ECONOMICS__FED_SEC_EDGAR,STATEOFINCORPORATION,TEXT,200
LIBRARY_MARTS,ECONOMICS,ECONOMICS__FED_SEC_EDGAR_COMPANY_TICKERS,INDEX_KEY,NUMBER,10414
LIBRARY_MARTS,ECONOMICS,ECONOMICS__FED_TREASURY_AVG_INTEREST_RATES,AVG_INTEREST_RATE_AMT,FLOAT,4961
LIBRARY_MARTS,ECONOMICS,ECONOMICS__FED_TREASURY_AVG_INTEREST_RATES,AVG_INTEREST_RATE_KEY,TEXT,4961
LIBRARY_MARTS,ECONOMICS,ECONOMICS__FED_TREASURY_DEBT_TO_PENNY,PCT_DEBT_HELD_PUBLIC,FLOAT,8329
LIBRARY_MARTS,ECONOMICS,ECONOMICS__FED_TREASURY_DEBT_TO_PENNY,PCT_INTRAGOV_HOLD,FLOAT,8329
LIBRARY_MARTS,ECONOMICS,ECONOMICS__FED_USASPENDING_ASSISTANCE_FULL,GENERATED_PRAGMATIC_OBLIGATIONS,TEXT,19902879
LIBRARY_MARTS,ECONOMICS,ECONOMICS__FED_USASPENDING_CONTRACTS_FULL,ALASKAN_NATIVE_CORPORATION_OWNED_FIRM,FLOAT,
LIBRARY_MARTS,ECONOMICS,ECONOMICS__FED_USASPENDING_CONTRACTS_FULL,COMMUNITY_DEVELOPED_CORPORATION_OWNED_FIRM,FLOAT,
LIBRARY_MARTS,ECONOMICS,ECONOMICS__FED_USASPENDING_CONTRACTS_FULL,COMMUNITY_DEVELOPMENT_CORPORATION,FLOAT,
LIBRARY_MARTS,ECONOMICS,ECONOMICS__FED_USASPENDING_CONTRACTS_FULL,CONSTRUCTION_WAGE_RATE_REQUIREMENTS,FLOAT,
LIBRARY_MARTS,ECONOMICS,ECONOMICS__FED_USASPENDING_CONTRACTS_FULL,CONSTRUCTION_WAGE_RATE_REQUIREMENTS_CODE,FLOAT,
LIBRARY_MARTS,ECONOMICS,ECONOMICS__FED_USASPENDING_CONTRACTS_FULL,CONTINGENCY_HUMANITARIAN_OR_PEACEKEEPING_OPERATION,FLOAT,
LIBRARY_MARTS,ECONOMICS,ECONOMICS__FED_USASPENDING_CONTRACTS_FULL,CONTINGENCY_HUMANITARIAN_OR_PEACEKEEPING_OPERATION_CODE,FLOAT,
LIBRARY_MARTS,ECONOMICS,ECONOMICS__FED_USASPENDING_CONTRACTS_FULL,CORPORATE_ENTITY_NOT_TAX_EXEMPT,FLOAT,
LIBRARY_MARTS,ECONOMICS,ECONOMICS__FED_USASPENDING_CONTRACTS_FULL,CORPORATE_ENTITY_TAX_EXEMPT,FLOAT,
LIBRARY_MARTS,ECONOMICS,ECONOMICS__FED_USASPENDING_CONTRACTS_FULL,LIMITED_LIABILITY_CORPORATION,FLOAT,
LIBRARY_MARTS,ECONOMICS,ECONOMICS__FED_USASPENDING_CONTRACTS_FULL,PRICE_EVALUATION_ADJUSTMENT_PREFERENCE_PERCENT_DIFFERENCE,FLOAT,
LIBRARY_MARTS,ECONOMICS,ECONOMICS__FED_USASPENDING_CONTRACTS_FULL,SMALL_BUSINESS_COMPETITIVENESS_DEMONSTRATION_PROGRAM,FLOAT,
LIBRARY_MARTS,ECONOMICS,ECONOMICS__FED_USASPENDING_CONTRACTS_FULL,SUBCHAPTER_SCORPORATION,FLOAT,
LIBRARY_MARTS,ECONOMICS,ECONOMICS__FED_USASPENDING_TOPTIER_AGENCIES,PERCENTAGE_OF_TOTAL_BUDGET_AUTHORITY,FLOAT,111
LIBRARY_MARTS,ECONOMICS,ECONOMICS__FED_US_SEC_EDGAR,IS_REGISTRATION_OR_PROSPECTUS,BOOLEAN,48984
LIBRARY_MARTS,ECONOMICS,ECONOMICS__FED_US_SEC_EDGAR,STATE_OF_INCORPORATION,TEXT,48984
LIBRARY_MARTS,ECONOMICS,ECONOMICS__FED_US_USASPENDING_API,AWARD_DURATION_DAYS,NUMBER,300
LIBRARY_MARTS,ECONOMICS,ECONOMICS__FED_US_USASPENDING_API,GENERATED_UNIQUE_AWARD_ID,TEXT,300
LIBRARY_MARTS,ECONOMICS,ECONOMICS__INTL_GLEIF,ENTITY_ENTITYEXPIRATIONDATE,TEXT,3382301
LIBRARY_MARTS,ECONOMICS,ECONOMICS__INTL_GLEIF,ENTITY_ENTITYEXPIRATIONREASON,TEXT,3382301
LIBRARY_MARTS,ECONOMICS,ECONOMICS__INTL_GLEIF,ENTITY_REGISTRATIONAUTHORITY_OTHERREGISTRATIONAUTHORITYID,TEXT,3382301
LIBRARY_MARTS,ECONOMICS,ECONOMICS__INTL_GLEIF,ENTITY_REGISTRATIONAUTHORITY_REGISTRATIONAUTHORITYENTITYID,TEXT,3382301
LIBRARY_MARTS,ECONOMICS,ECONOMICS__INTL_GLEIF,ENTITY_REGISTRATIONAUTHORITY_REGISTRATIONAUTHORITYID,TEXT,3382301
LIBRARY_MARTS,ECONOMICS,ECONOMICS__INTL_GLEIF,ENTITY_TRANSLITERATEDOTHERADDRESSES_TRANSLITERATEDOTHERADDRESS_1_ADDITIONALADDRESSLINE_1,TEXT,3382301
LIBRARY_MARTS,ECONOMICS,ECONOMICS__INTL_GLEIF,ENTITY_TRANSLITERATEDOTHERADDRESSES_TRANSLITERATEDOTHERADDRESS_1_ADDITIONALADDRESSLINE_2,TEXT,3382301
LIBRARY_MARTS,ECONOMICS,ECONOMICS__INTL_GLEIF,ENTITY_TRANSLITERATEDOTHERADDRESSES_TRANSLITERATEDOTHERADDRESS_1_ADDITIONALADDRESSLINE_3,TEXT,3382301
LIBRARY_MARTS,ECONOMICS,ECONOMICS__INTL_GLEIF,ENTITY_TRANSLITERATEDOTHERADDRESSES_TRANSLITERATEDOTHERADDRESS_1_ADDRESSNUMBER,TEXT,3382301
LIBRARY_MARTS,ECONOMICS,ECONOMICS__INTL_GLEIF,ENTITY_TRANSLITERATEDOTHERADDRESSES_TRANSLITERATEDOTHERADDRESS_1_ADDRESSNUMBERWITHINBUILDING,TEXT,3382301
LIBRARY_MARTS,ECONOMICS,ECONOMICS__INTL_GLEIF,ENTITY_TRANSLITERATEDOTHERADDRESSES_TRANSLITERATEDOTHERADDRESS_1_CITY,TEXT,3382301
LIBRARY_MARTS,ECONOMICS,ECONOMICS__INTL_GLEIF,ENTITY_TRANSLITERATEDOTHERADDRESSES_TRANSLITERATEDOTHERADDRESS_1_COUNTRY,TEXT,3382301
LIBRARY_MARTS,ECONOMICS,ECONOMICS__INTL_GLEIF,ENTITY_TRANSLITERATEDOTHERADDRESSES_TRANSLITERATEDOTHERADDRESS_1_FIRSTADDRESSLINE,TEXT,3382301
LIBRARY_MARTS,ECONOMICS,ECONOMICS__INTL_GLEIF,ENTITY_TRANSLITERATEDOTHERADDRESSES_TRANSLITERATEDOTHERADDRESS_1_MAILROUTING,TEXT,3382301
LIBRARY_MARTS,ECONOMICS,ECONOMICS__INTL_GLEIF,ENTITY_TRANSLITERATEDOTHERADDRESSES_TRANSLITERATEDOTHERADDRESS_1_POSTALCODE,TEXT,3382301
LIBRARY_MARTS,ECONOMICS,ECONOMICS__INTL_GLEIF,ENTITY_TRANSLITERATEDOTHERADDRESSES_TRANSLITERATEDOTHERADDRESS_1_REGION,TEXT,3382301
LIBRARY_MARTS,ECONOMICS,ECONOMICS__INTL_GLEIF,ENTITY_TRANSLITERATEDOTHERADDRESSES_TRANSLITERATEDOTHERADDRESS_1_TYPE,TEXT,3382301
LIBRARY_MARTS,ECONOMICS,ECONOMICS__INTL_GLEIF,ENTITY_TRANSLITERATEDOTHERADDRESSES_TRANSLITERATEDOTHERADDRESS_1_XMLLANG,TEXT,3382301
LIBRARY_MARTS,ECONOMICS,ECONOMICS__INTL_GLEIF,ENTITY_TRANSLITERATEDOTHERADDRESSES_TRANSLITERATEDOTHERADDRESS_2_ADDITIONALADDRESSLINE_1,TEXT,3382301
LIBRARY_MARTS,ECONOMICS,ECONOMICS__INTL_GLEIF,ENTITY_TRANSLITERATEDOTHERADDRESSES_TRANSLITERATEDOTHERADDRESS_2_ADDITIONALADDRESSLINE_2,TEXT,3382301
LIBRARY_MARTS,ECONOMICS,ECONOMICS__INTL_GLEIF,ENTITY_TRANSLITERATEDOTHERADDRESSES_TRANSLITERATEDOTHERADDRESS_2_ADDITIONALADDRESSLINE_3,TEXT,3382301
LIBRARY_MARTS,ECONOMICS,ECONOMICS__INTL_GLEIF,ENTITY_TRANSLITERATEDOTHERADDRESSES_TRANSLITERATEDOTHERADDRESS_2_ADDRESSNUMBER,TEXT,3382301
LIBRARY_MARTS,ECONOMICS,ECONOMICS__INTL_GLEIF,ENTITY_TRANSLITERATEDOTHERADDRESSES_TRANSLITERATEDOTHERADDRESS_2_ADDRESSNUMBERWITHINBUILDING,TEXT,3382301
LIBRARY_MARTS,ECONOMICS,ECONOMICS__INTL_GLEIF,ENTITY_TRANSLITERATEDOTHERADDRESSES_TRANSLITERATEDOTHERADDRESS_2_CITY,TEXT,3382301
LIBRARY_MARTS,ECONOMICS,ECONOMICS__INTL_GLEIF,ENTITY_TRANSLITERATEDOTHERADDRESSES_TRANSLITERATEDOTHERADDRESS_2_COUNTRY,TEXT,3382301
LIBRARY_MARTS,ECONOMICS,ECONOMICS__INTL_GLEIF,ENTITY_TRANSLITERATEDOTHERADDRESSES_TRANSLITERATEDOTHERADDRESS_2_FIRSTADDRESSLINE,TEXT,3382301
LIBRARY_MARTS,ECONOMICS,ECONOMICS__INTL_GLEIF,ENTITY_TRANSLITERATEDOTHERADDRESSES_TRANSLITERATEDOTHERADDRESS_2_MAILROUTING,TEXT,3382301
LIBRARY_MARTS,ECONOMICS,ECONOMICS__INTL_GLEIF,ENTITY_TRANSLITERATEDOTHERADDRESSES_TRANSLITERATEDOTHERADDRESS_2_POSTALCODE,TEXT,3382301
LIBRARY_MARTS,ECONOMICS,ECONOMICS__INTL_GLEIF,ENTITY_TRANSLITERATEDOTHERADDRESSES_TRANSLITERATEDOTHERADDRESS_2_REGION,TEXT,3382301
LIBRARY_MARTS,ECONOMICS,ECONOMICS__INTL_GLEIF,ENTITY_TRANSLITERATEDOTHERADDRESSES_TRANSLITERATEDOTHERADDRESS_2_TYPE,TEXT,3382301
LIBRARY_MARTS,ECONOMICS,ECONOMICS__INTL_GLEIF,ENTITY_TRANSLITERATEDOTHERADDRESSES_TRANSLITERATEDOTHERADDRESS_2_XMLLANG,TEXT,3382301
LIBRARY_MARTS,ECONOMICS,ECONOMICS__INTL_GLEIF,ENTITY_TRANSLITERATEDOTHERADDRESSES_TRANSLITERATEDOTHERADDRESS_3_ADDITIONALADDRESSLINE_1,TEXT,3382301
LIBRARY_MARTS,ECONOMICS,ECONOMICS__INTL_GLEIF,ENTITY_TRANSLITERATEDOTHERADDRESSES_TRANSLITERATEDOTHERADDRESS_3_ADDITIONALADDRESSLINE_2,TEXT,3382301
LIBRARY_MARTS,ECONOMICS,ECONOMICS__INTL_GLEIF,ENTITY_TRANSLITERATEDOTHERADDRESSES_TRANSLITERATEDOTHERADDRESS_3_ADDITIONALADDRESSLINE_3,TEXT,3382301
LIBRARY_MARTS,ECONOMICS,ECONOMICS__INTL_GLEIF,ENTITY_TRANSLITERATEDOTHERADDRESSES_TRANSLITERATEDOTHERADDRESS_3_ADDRESSNUMBER,TEXT,3382301
LIBRARY_MARTS,ECONOMICS,ECONOMICS__INTL_GLEIF,ENTITY_TRANSLITERATEDOTHERADDRESSES_TRANSLITERATEDOTHERADDRESS_3_ADDRESSNUMBERWITHINBUILDING,TEXT,3382301
LIBRARY_MARTS,ECONOMICS,ECONOMICS__INTL_GLEIF,ENTITY_TRANSLITERATEDOTHERADDRESSES_TRANSLITERATEDOTHERADDRESS_3_CITY,TEXT,3382301
LIBRARY_MARTS,ECONOMICS,ECONOMICS__INTL_GLEIF,ENTITY_TRANSLITERATEDOTHERADDRESSES_TRANSLITERATEDOTHERADDRESS_3_COUNTRY,TEXT,3382301
LIBRARY_MARTS,ECONOMICS,ECONOMICS__INTL_GLEIF,ENTITY_TRANSLITERATEDOTHERADDRESSES_TRANSLITERATEDOTHERADDRESS_3_FIRSTADDRESSLINE,TEXT,3382301
LIBRARY_MARTS,ECONOMICS,ECONOMICS__INTL_GLEIF,ENTITY_TRANSLITERATEDOTHERADDRESSES_TRANSLITERATEDOTHERADDRESS_3_MAILROUTING,TEXT,3382301
LIBRARY_MARTS,ECONOMICS,ECONOMICS__INTL_GLEIF,ENTITY_TRANSLITERATEDOTHERADDRESSES_TRANSLITERATEDOTHERADDRESS_3_POSTALCODE,TEXT,3382301
LIBRARY_MARTS,ECONOMICS,ECONOMICS__INTL_GLEIF,ENTITY_TRANSLITERATEDOTHERADDRESSES_TRANSLITERATEDOTHERADDRESS_3_REGION,TEXT,3382301
LIBRARY_MARTS,ECONOMICS,ECONOMICS__INTL_GLEIF,ENTITY_TRANSLITERATEDOTHERADDRESSES_TRANSLITERATEDOTHERADDRESS_3_TYPE,TEXT,3382301
LIBRARY_MARTS,ECONOMICS,ECONOMICS__INTL_GLEIF,ENTITY_TRANSLITERATEDOTHERADDRESSES_TRANSLITERATEDOTHERADDRESS_3_XMLLANG,TEXT,3382301
LIBRARY_MARTS,ECONOMICS,ECONOMICS__INTL_GLEIF,ENTITY_TRANSLITERATEDOTHERADDRESSES_TRANSLITERATEDOTHERADDRESS_4_ADDITIONALADDRESSLINE_1,TEXT,3382301
LIBRARY_MARTS,ECONOMICS,ECONOMICS__INTL_GLEIF,ENTITY_TRANSLITERATEDOTHERADDRESSES_TRANSLITERATEDOTHERADDRESS_4_ADDITIONALADDRESSLINE_2,TEXT,3382301
LIBRARY_MARTS,ECONOMICS,ECONOMICS__INTL_GLEIF,ENTITY_TRANSLITERATEDOTHERADDRESSES_TRANSLITERATEDOTHERADDRESS_4_ADDITIONALADDRESSLINE_3,TEXT,3382301
LIBRARY_MARTS,ECONOMICS,ECONOMICS__INTL_GLEIF,ENTITY_TRANSLITERATEDOTHERADDRESSES_TRANSLITERATEDOTHERADDRESS_4_ADDRESSNUMBER,TEXT,3382301
LIBRARY_MARTS,ECONOMICS,ECONOMICS__INTL_GLEIF,ENTITY_TRANSLITERATEDOTHERADDRESSES_TRANSLITERATEDOTHERADDRESS_4_ADDRESSNUMBERWITHINBUILDING,TEXT,3382301
LIBRARY_MARTS,ECONOMICS,ECONOMICS__INTL_GLEIF,ENTITY_TRANSLITERATEDOTHERADDRESSES_TRANSLITERATEDOTHERADDRESS_4_CITY,TEXT,3382301
LIBRARY_MARTS,ECONOMICS,ECONOMICS__INTL_GLEIF,ENTITY_TRANSLITERATEDOTHERADDRESSES_TRANSLITERATEDOTHERADDRESS_4_COUNTRY,TEXT,3382301
LIBRARY_MARTS,ECONOMICS,ECONOMICS__INTL_GLEIF,ENTITY_TRANSLITERATEDOTHERADDRESSES_TRANSLITERATEDOTHERADDRESS_4_FIRSTADDRESSLINE,TEXT,3382301
LIBRARY_MARTS,ECONOMICS,ECONOMICS__INTL_GLEIF,ENTITY_TRANSLITERATEDOTHERADDRESSES_TRANSLITERATEDOTHERADDRESS_4_MAILROUTING,TEXT,3382301
LIBRARY_MARTS,ECONOMICS,ECONOMICS__INTL_GLEIF,ENTITY_TRANSLITERATEDOTHERADDRESSES_TRANSLITERATEDOTHERADDRESS_4_POSTALCODE,TEXT,3382301
LIBRARY_MARTS,ECONOMICS,ECONOMICS__INTL_GLEIF,ENTITY_TRANSLITERATEDOTHERADDRESSES_TRANSLITERATEDOTHERADDRESS_4_REGION,TEXT,3382301
LIBRARY_MARTS,ECONOMICS,ECONOMICS__INTL_GLEIF,ENTITY_TRANSLITERATEDOTHERADDRESSES_TRANSLITERATEDOTHERADDRESS_4_TYPE,TEXT,3382301
LIBRARY_MARTS,ECONOMICS,ECONOMICS__INTL_GLEIF,ENTITY_TRANSLITERATEDOTHERADDRESSES_TRANSLITERATEDOTHERADDRESS_4_XMLLANG,TEXT,3382301
LIBRARY_MARTS,ECONOMICS,ECONOMICS__INTL_GLEIF,ENTITY_TRANSLITERATEDOTHERADDRESSES_TRANSLITERATEDOTHERADDRESS_5_ADDITIONALADDRESSLINE_1,TEXT,3382301
LIBRARY_MARTS,ECONOMICS,ECONOMICS__INTL_GLEIF,ENTITY_TRANSLITERATEDOTHERADDRESSES_TRANSLITERATEDOTHERADDRESS_5_ADDITIONALADDRESSLINE_2,TEXT,3382301
LIBRARY_MARTS,ECONOMICS,ECONOMICS__INTL_GLEIF,ENTITY_TRANSLITERATEDOTHERADDRESSES_TRANSLITERATEDOTHERADDRESS_5_ADDITIONALADDRESSLINE_3,TEXT,3382301
LIBRARY_MARTS,ECONOMICS,ECONOMICS__INTL_GLEIF,ENTITY_TRANSLITERATEDOTHERADDRESSES_TRANSLITERATEDOTHERADDRESS_5_ADDRESSNUMBER,TEXT,3382301
LIBRARY_MARTS,ECONOMICS,ECONOMICS__INTL_GLEIF,ENTITY_TRANSLITERATEDOTHERADDRESSES_TRANSLITERATEDOTHERADDRESS_5_ADDRESSNUMBERWITHINBUILDING,TEXT,3382301
LIBRARY_MARTS,ECONOMICS,ECONOMICS__INTL_GLEIF,ENTITY_TRANSLITERATEDOTHERADDRESSES_TRANSLITERATEDOTHERADDRESS_5_CITY,TEXT,3382301
LIBRARY_MARTS,ECONOMICS,ECONOMICS__INTL_GLEIF,ENTITY_TRANSLITERATEDOTHERADDRESSES_TRANSLITERATEDOTHERADDRESS_5_COUNTRY,TEXT,3382301
LIBRARY_MARTS,ECONOMICS,ECONOMICS__INTL_GLEIF,ENTITY_TRANSLITERATEDOTHERADDRESSES_TRANSLITERATEDOTHERADDRESS_5_FIRSTADDRESSLINE,TEXT,3382301
LIBRARY_MARTS,ECONOMICS,ECONOMICS__INTL_GLEIF,ENTITY_TRANSLITERATEDOTHERADDRESSES_TRANSLITERATEDOTHERADDRESS_5_MAILROUTING,TEXT,3382301
LIBRARY_MARTS,ECONOMICS,ECONOMICS__INTL_GLEIF,ENTITY_TRANSLITERATEDOTHERADDRESSES_TRANSLITERATEDOTHERADDRESS_5_POSTALCODE,TEXT,3382301
LIBRARY_MARTS,ECONOMICS,ECONOMICS__INTL_GLEIF,ENTITY_TRANSLITERATEDOTHERADDRESSES_TRANSLITERATEDOTHERADDRESS_5_REGION,TEXT,3382301
LIBRARY_MARTS,ECONOMICS,ECONOMICS__INTL_GLEIF,ENTITY_TRANSLITERATEDOTHERADDRESSES_TRANSLITERATEDOTHERADDRESS_5_TYPE,TEXT,3382301
LIBRARY_MARTS,ECONOMICS,ECONOMICS__INTL_GLEIF,ENTITY_TRANSLITERATEDOTHERADDRESSES_TRANSLITERATEDOTHERADDRESS_5_XMLLANG,TEXT,3382301
LIBRARY_MARTS,ECONOMICS,ECONOMICS__INTL_GLEIF,ENTITY_TRANSLITERATEDOTHERENTITYNAMES_TRANSLITERATEDOTHERENTITYNAME_1,TEXT,3382301
LIBRARY_MARTS,ECONOMICS,ECONOMICS__INTL_GLEIF,ENTITY_TRANSLITERATEDOTHERENTITYNAMES_TRANSLITERATEDOTHERENTITYNAME_1_TYPE,TEXT,3382301
LIBRARY_MARTS,ECONOMICS,ECONOMICS__INTL_GLEIF,ENTITY_TRANSLITERATEDOTHERENTITYNAMES_TRANSLITERATEDOTHERENTITYNAME_1_XMLLANG,TEXT,3382301
LIBRARY_MARTS,ECONOMICS,ECONOMICS__INTL_GLEIF,ENTITY_TRANSLITERATEDOTHERENTITYNAMES_TRANSLITERATEDOTHERENTITYNAME_2,TEXT,3382301
LIBRARY_MARTS,ECONOMICS,ECONOMICS__INTL_GLEIF,ENTITY_TRANSLITERATEDOTHERENTITYNAMES_TRANSLITERATEDOTHERENTITYNAME_2_TYPE,TEXT,3382301
LIBRARY_MARTS,ECONOMICS,ECONOMICS__INTL_GLEIF,ENTITY_TRANSLITERATEDOTHERENTITYNAMES_TRANSLITERATEDOTHERENTITYNAME_2_XMLLANG,TEXT,3382301
LIBRARY_MARTS,ECONOMICS,ECONOMICS__INTL_GLEIF,ENTITY_TRANSLITERATEDOTHERENTITYNAMES_TRANSLITERATEDOTHERENTITYNAME_3,TEXT,3382301
LIBRARY_MARTS,ECONOMICS,ECONOMICS__INTL_GLEIF,ENTITY_TRANSLITERATEDOTHERENTITYNAMES_TRANSLITERATEDOTHERENTITYNAME_3_TYPE,TEXT,3382301
LIBRARY_MARTS,ECONOMICS,ECONOMICS__INTL_GLEIF,ENTITY_TRANSLITERATEDOTHERENTITYNAMES_TRANSLITERATEDOTHERENTITYNAME_3_XMLLANG,TEXT,3382301
LIBRARY_MARTS,ECONOMICS,ECONOMICS__INTL_GLEIF,ENTITY_TRANSLITERATEDOTHERENTITYNAMES_TRANSLITERATEDOTHERENTITYNAME_4,TEXT,3382301
LIBRARY_MARTS,ECONOMICS,ECONOMICS__INTL_GLEIF,ENTITY_TRANSLITERATEDOTHERENTITYNAMES_TRANSLITERATEDOTHERENTITYNAME_4_TYPE,TEXT,3382301
LIBRARY_MARTS,ECONOMICS,ECONOMICS__INTL_GLEIF,ENTITY_TRANSLITERATEDOTHERENTITYNAMES_TRANSLITERATEDOTHERENTITYNAME_4_XMLLANG,TEXT,3382301
LIBRARY_MARTS,ECONOMICS,ECONOMICS__INTL_GLEIF,ENTITY_TRANSLITERATEDOTHERENTITYNAMES_TRANSLITERATEDOTHERENTITYNAME_5,TEXT,3382301
LIBRARY_MARTS,ECONOMICS,ECONOMICS__INTL_GLEIF,ENTITY_TRANSLITERATEDOTHERENTITYNAMES_TRANSLITERATEDOTHERENTITYNAME_5_TYPE,TEXT,3382301
LIBRARY_MARTS,ECONOMICS,ECONOMICS__INTL_GLEIF,ENTITY_TRANSLITERATEDOTHERENTITYNAMES_TRANSLITERATEDOTHERENTITYNAME_5_XMLLANG,TEXT,3382301
LIBRARY_MARTS,ECONOMICS,ECONOMICS__INTL_GLEIF,REGISTRATION_INITIALREGISTRATIONDATE,TEXT,3382301
LIBRARY_MARTS,ECONOMICS,ECONOMICS__INTL_GLEIF,REGISTRATION_LASTUPDATEDATE,TEXT,3382301
LIBRARY_MARTS,ECONOMICS,ECONOMICS__INTL_GLEIF,REGISTRATION_MANAGINGLOU,TEXT,3382301
LIBRARY_MARTS,ECONOMICS,ECONOMICS__INTL_GLEIF,REGISTRATION_NEXTRENEWALDATE,TEXT,3382301
LIBRARY_MARTS,ECONOMICS,ECONOMICS__INTL_GLEIF,REGISTRATION_OTHERVALIDATIONAUTHORITIES_OTHERVALIDATIONAUTHORITY_1_OTHERVALIDATIONAUTHORITYID,TEXT,3382301
LIBRARY_MARTS,ECONOMICS,ECONOMICS__INTL_GLEIF,REGISTRATION_OTHERVALIDATIONAUTHORITIES_OTHERVALIDATIONAUTHORITY_1_VALIDATIONAUTHORITYENTITYID,TEXT,3382301
LIBRARY_MARTS,ECONOMICS,ECONOMICS__INTL_GLEIF,REGISTRATION_OTHERVALIDATIONAUTHORITIES_OTHERVALIDATIONAUTHORITY_1_VALIDATIONAUTHORITYID,TEXT,3382301
LIBRARY_MARTS,ECONOMICS,ECONOMICS__INTL_GLEIF,REGISTRATION_OTHERVALIDATIONAUTHORITIES_OTHERVALIDATIONAUTHORITY_2_OTHERVALIDATIONAUTHORITYID,TEXT,3382301
LIBRARY_MARTS,ECONOMICS,ECONOMICS__INTL_GLEIF,REGISTRATION_OTHERVALIDATIONAUTHORITIES_OTHERVALIDATIONAUTHORITY_2_VALIDATIONAUTHORITYENTITYID,TEXT,3382301
LIBRARY_MARTS,ECONOMICS,ECONOMICS__INTL_GLEIF,REGISTRATION_OTHERVALIDATIONAUTHORITIES_OTHERVALIDATIONAUTHORITY_2_VALIDATIONAUTHORITYID,TEXT,3382301
LIBRARY_MARTS,ECONOMICS,ECONOMICS__INTL_GLEIF,REGISTRATION_OTHERVALIDATIONAUTHORITIES_OTHERVALIDATIONAUTHORITY_3_OTHERVALIDATIONAUTHORITYID,TEXT,3382301
LIBRARY_MARTS,ECONOMICS,ECONOMICS__INTL_GLEIF,REGISTRATION_OTHERVALIDATIONAUTHORITIES_OTHERVALIDATIONAUTHORITY_3_VALIDATIONAUTHORITYENTITYID,TEXT,3382301
LIBRARY_MARTS,ECONOMICS,ECONOMICS__INTL_GLEIF,REGISTRATION_OTHERVALIDATIONAUTHORITIES_OTHERVALIDATIONAUTHORITY_3_VALIDATIONAUTHORITYID,TEXT,3382301
LIBRARY_MARTS,ECONOMICS,ECONOMICS__INTL_GLEIF,REGISTRATION_OTHERVALIDATIONAUTHORITIES_OTHERVALIDATIONAUTHORITY_4_OTHERVALIDATIONAUTHORITYID,TEXT,3382301
LIBRARY_MARTS,ECONOMICS,ECONOMICS__INTL_GLEIF,REGISTRATION_OTHERVALIDATIONAUTHORITIES_OTHERVALIDATIONAUTHORITY_4_VALIDATIONAUTHORITYENTITYID,TEXT,3382301
LIBRARY_MARTS,ECONOMICS,ECONOMICS__INTL_GLEIF,REGISTRATION_OTHERVALIDATIONAUTHORITIES_OTHERVALIDATIONAUTHORITY_4_VALIDATIONAUTHORITYID,TEXT,3382301
LIBRARY_MARTS,ECONOMICS,ECONOMICS__INTL_GLEIF,REGISTRATION_OTHERVALIDATIONAUTHORITIES_OTHERVALIDATIONAUTHORITY_5_OTHERVALIDATIONAUTHORITYID,TEXT,3382301
LIBRARY_MARTS,ECONOMICS,ECONOMICS__INTL_GLEIF,REGISTRATION_OTHERVALIDATIONAUTHORITIES_OTHERVALIDATIONAUTHORITY_5_VALIDATIONAUTHORITYENTITYID,TEXT,3382301
LIBRARY_MARTS,ECONOMICS,ECONOMICS__INTL_GLEIF,REGISTRATION_OTHERVALIDATIONAUTHORITIES_OTHERVALIDATIONAUTHORITY_5_VALIDATIONAUTHORITYID,TEXT,3382301
LIBRARY_MARTS,ECONOMICS,ECONOMICS__INTL_GLEIF,REGISTRATION_REGISTRATIONSTATUS,TEXT,3382301
LIBRARY_MARTS,ECONOMICS,ECONOMICS__INTL_GLEIF,REGISTRATION_VALIDATIONAUTHORITY_OTHERVALIDATIONAUTHORITYID,TEXT,3382301
LIBRARY_MARTS,ECONOMICS,ECONOMICS__INTL_GLEIF,REGISTRATION_VALIDATIONAUTHORITY_VALIDATIONAUTHORITYENTITYID,TEXT,3382301
LIBRARY_MARTS,ECONOMICS,ECONOMICS__INTL_GLEIF,REGISTRATION_VALIDATIONAUTHORITY_VALIDATIONAUTHORITYID,TEXT,3382301
LIBRARY_MARTS,ECONOMICS,ECONOMICS__INTL_GLEIF,REGISTRATION_VALIDATIONSOURCES,TEXT,3382301
LIBRARY_MARTS,ECONOMICS,ECONOMICS__INTL_GLEIF_RELATIONSHIPS,REGISTRATION_INITIALREGISTRATIONDATE,DATE,484142
LIBRARY_MARTS,ECONOMICS,ECONOMICS__INTL_GLEIF_RELATIONSHIPS,REGISTRATION_LASTUPDATEDATE,DATE,484142
LIBRARY_MARTS,ECONOMICS,ECONOMICS__INTL_GLEIF_RELATIONSHIPS,REGISTRATION_MANAGINGLOU,TEXT,484142
LIBRARY_MARTS,ECONOMICS,ECONOMICS__INTL_GLEIF_RELATIONSHIPS,REGISTRATION_NEXTRENEWALDATE,DATE,484142
LIBRARY_MARTS,ECONOMICS,ECONOMICS__INTL_GLEIF_RELATIONSHIPS,REGISTRATION_REGISTRATIONSTATUS,TEXT,484142
LIBRARY_MARTS,ECONOMICS,ECONOMICS__INTL_GLEIF_RELATIONSHIPS,REGISTRATION_VALIDATIONDOCUMENTS,TEXT,484142
LIBRARY_MARTS,ECONOMICS,ECONOMICS__INTL_GLEIF_RELATIONSHIPS,REGISTRATION_VALIDATIONREFERENCE,TEXT,484142
LIBRARY_MARTS,ECONOMICS,ECONOMICS__INTL_GLEIF_RELATIONSHIPS,REGISTRATION_VALIDATIONSOURCES,TEXT,484142
LIBRARY_MARTS,ECONOMICS,ECONOMICS__INTL_IPC_FOOD_INSECURITY_GLOBAL,PERCENTAGE,FLOAT,735
LIBRARY_MARTS,EDUCATION,EDUCATION__FED_CFTC_COT_FINANCIAL,PCT_OF_OI_ASSET_MGR_LONG_ALL,TEXT,34683
LIBRARY_MARTS,EDUCATION,EDUCATION__FED_CFTC_COT_FINANCIAL,PCT_OF_OI_ASSET_MGR_SHORT_ALL,TEXT,34683
LIBRARY_MARTS,EDUCATION,EDUCATION__FED_CFTC_COT_FINANCIAL,PCT_OF_OI_ASSET_MGR_SPREAD_ALL,TEXT,34683
LIBRARY_MARTS,EDUCATION,EDUCATION__FED_CFTC_COT_FINANCIAL,PCT_OF_OI_DEALER_LONG_ALL,TEXT,34683
LIBRARY_MARTS,EDUCATION,EDUCATION__FED_CFTC_COT_FINANCIAL,PCT_OF_OI_DEALER_SHORT_ALL,TEXT,34683
LIBRARY_MARTS,EDUCATION,EDUCATION__FED_CFTC_COT_FINANCIAL,PCT_OF_OI_DEALER_SPREAD_ALL,TEXT,34683
LIBRARY_MARTS,EDUCATION,EDUCATION__FED_CFTC_COT_FINANCIAL,PCT_OF_OI_LEV_MONEY_LONG_ALL,TEXT,34683
LIBRARY_MARTS,EDUCATION,EDUCATION__FED_CFTC_COT_FINANCIAL,PCT_OF_OI_LEV_MONEY_SHORT_ALL,TEXT,34683
LIBRARY_MARTS,EDUCATION,EDUCATION__FED_CFTC_COT_FINANCIAL,PCT_OF_OI_LEV_MONEY_SPREAD_ALL,TEXT,34683
LIBRARY_MARTS,EDUCATION,EDUCATION__FED_CFTC_COT_FINANCIAL,PCT_OF_OI_NONREPT_LONG_ALL,TEXT,34683
LIBRARY_MARTS,EDUCATION,EDUCATION__FED_CFTC_COT_FINANCIAL,PCT_OF_OI_NONREPT_SHORT_ALL,TEXT,34683
LIBRARY_MARTS,EDUCATION,EDUCATION__FED_CFTC_COT_FINANCIAL,PCT_OF_OI_OTHER_REPT_LONG_ALL,TEXT,34683
LIBRARY_MARTS,EDUCATION,EDUCATION__FED_CFTC_COT_FINANCIAL,PCT_OF_OI_OTHER_REPT_SHORT_ALL,TEXT,34683
LIBRARY_MARTS,EDUCATION,EDUCATION__FED_CFTC_COT_FINANCIAL,PCT_OF_OI_OTHER_REPT_SPREAD_ALL,TEXT,34683
LIBRARY_MARTS,EDUCATION,EDUCATION__FED_CFTC_COT_FINANCIAL,PCT_OF_OI_TOT_REPT_LONG_ALL,TEXT,34683
LIBRARY_MARTS,EDUCATION,EDUCATION__FED_CFTC_COT_FINANCIAL,PCT_OF_OI_TOT_REPT_SHORT_ALL,TEXT,34683
LIBRARY_MARTS,EDUCATION,EDUCATION__FED_CFTC_COT_FINANCIAL,PCT_OF_OPEN_INTEREST_ALL,TEXT,34683
LIBRARY_MARTS,EDUCATION,EDUCATION__FED_CFTC_COT_FUTURES,CONCENTRATION_GROSS_LT_4_TDR_LONG_ALL,FLOAT,287053
LIBRARY_MARTS,EDUCATION,EDUCATION__FED_CFTC_COT_FUTURES,CONCENTRATION_GROSS_LT_4_TDR_LONG_OLD,FLOAT,287053
LIBRARY_MARTS,EDUCATION,EDUCATION__FED_CFTC_COT_FUTURES,CONCENTRATION_GROSS_LT_4_TDR_LONG_OTHER,FLOAT,287053
LIBRARY_MARTS,EDUCATION,EDUCATION__FED_CFTC_COT_FUTURES,CONCENTRATION_GROSS_LT_4_TDR_SHORT_ALL,FLOAT,287053
LIBRARY_MARTS,EDUCATION,EDUCATION__FED_CFTC_COT_FUTURES,CONCENTRATION_GROSS_LT_4_TDR_SHORT_OLD,FLOAT,287053
LIBRARY_MARTS,EDUCATION,EDUCATION__FED_CFTC_COT_FUTURES,CONCENTRATION_GROSS_LT_4_TDR_SHORT_OTHER,FLOAT,287053
LIBRARY_MARTS,EDUCATION,EDUCATION__FED_CFTC_COT_FUTURES,CONCENTRATION_GROSS_LT_8_TDR_LONG_ALL,FLOAT,287053
LIBRARY_MARTS,EDUCATION,EDUCATION__FED_CFTC_COT_FUTURES,CONCENTRATION_GROSS_LT_8_TDR_LONG_OLD,FLOAT,287053
LIBRARY_MARTS,EDUCATION,EDUCATION__FED_CFTC_COT_FUTURES,CONCENTRATION_GROSS_LT_8_TDR_LONG_OTHER,FLOAT,287053
LIBRARY_MARTS,EDUCATION,EDUCATION__FED_CFTC_COT_FUTURES,CONCENTRATION_GROSS_LT_8_TDR_SHORT_ALL,FLOAT,287053
LIBRARY_MARTS,EDUCATION,EDUCATION__FED_CFTC_COT_FUTURES,CONCENTRATION_GROSS_LT_8_TDR_SHORT_OLD,FLOAT,287053
LIBRARY_MARTS,EDUCATION,EDUCATION__FED_CFTC_COT_FUTURES,CONCENTRATION_GROSS_LT_8_TDR_SHORT_OTHER,FLOAT,287053
LIBRARY_MARTS,EDUCATION,EDUCATION__FED_CFTC_COT_FUTURES,CONCENTRATION_NET_LT_4_TDR_LONG_ALL,FLOAT,287053
LIBRARY_MARTS,EDUCATION,EDUCATION__FED_CFTC_COT_FUTURES,CONCENTRATION_NET_LT_4_TDR_LONG_OLD,FLOAT,287053
LIBRARY_MARTS,EDUCATION,EDUCATION__FED_CFTC_COT_FUTURES,CONCENTRATION_NET_LT_4_TDR_LONG_OTHER,FLOAT,287053
LIBRARY_MARTS,EDUCATION,EDUCATION__FED_CFTC_COT_FUTURES,CONCENTRATION_NET_LT_4_TDR_SHORT_ALL,FLOAT,287053
LIBRARY_MARTS,EDUCATION,EDUCATION__FED_CFTC_COT_FUTURES,CONCENTRATION_NET_LT_4_TDR_SHORT_OLD,FLOAT,287053
LIBRARY_MARTS,EDUCATION,EDUCATION__FED_CFTC_COT_FUTURES,CONCENTRATION_NET_LT_4_TDR_SHORT_OTHER,FLOAT,287053
LIBRARY_MARTS,EDUCATION,EDUCATION__FED_CFTC_COT_FUTURES,CONCENTRATION_NET_LT_8_TDR_LONG_ALL,FLOAT,287053
LIBRARY_MARTS,EDUCATION,EDUCATION__FED_CFTC_COT_FUTURES,CONCENTRATION_NET_LT_8_TDR_LONG_OLD,FLOAT,287053
LIBRARY_MARTS,EDUCATION,EDUCATION__FED_CFTC_COT_FUTURES,CONCENTRATION_NET_LT_8_TDR_LONG_OTHER,FLOAT,287053
LIBRARY_MARTS,EDUCATION,EDUCATION__FED_CFTC_COT_FUTURES,CONCENTRATION_NET_LT_8_TDR_SHORT_ALL,FLOAT,287053
LIBRARY_MARTS,EDUCATION,EDUCATION__FED_CFTC_COT_FUTURES,CONCENTRATION_NET_LT_8_TDR_SHORT_OLD,FLOAT,287053
LIBRARY_MARTS,EDUCATION,EDUCATION__FED_CFTC_COT_FUTURES,CONCENTRATION_NET_LT_8_TDR_SHORT_OTHER,FLOAT,287053
LIBRARY_MARTS,EDUCATION,EDUCATION__FED_ED_COLLEGE_SCORECARD_INSTITUTION,ADMISSION_RATE,FLOAT,6273
LIBRARY_MARTS,EDUCATION,EDUCATION__FED_ED_COLLEGE_SCORECARD_INSTITUTION,ADMISSION_RATE_ALL_CAMPUSES,FLOAT,6273
LIBRARY_MARTS,EDUCATION,EDUCATION__FED_ED_COLLEGE_SCORECARD_INSTITUTION,AVG_FACULTY_SALARY_MONTHLY,NUMBER,6273
LIBRARY_MARTS,EDUCATION,EDUCATION__FED_ED_COLLEGE_SCORECARD_INSTITUTION,COMPLETION_RATE_150PCT_4YR,FLOAT,6273
LIBRARY_MARTS,EDUCATION,EDUCATION__FED_ED_COLLEGE_SCORECARD_INSTITUTION,COMPLETION_RATE_150PCT_LT4YR,FLOAT,6273
LIBRARY_MARTS,EDUCATION,EDUCATION__FED_ED_COLLEGE_SCORECARD_INSTITUTION,DEBT_MEDIAN,NUMBER,6273
LIBRARY_MARTS,EDUCATION,EDUCATION__FED_ED_COLLEGE_SCORECARD_INSTITUTION,DEBT_MEDIAN_COMPLETERS,NUMBER,6273
LIBRARY_MARTS,EDUCATION,EDUCATION__FED_ED_COLLEGE_SCORECARD_INSTITUTION,DEBT_MEDIAN_WITHDRAWN,NUMBER,6273
LIBRARY_MARTS,EDUCATION,EDUCATION__FED_ED_COLLEGE_SCORECARD_INSTITUTION,DEFAULT_RATE_2YR,FLOAT,6273
LIBRARY_MARTS,EDUCATION,EDUCATION__FED_ED_COLLEGE_SCORECARD_INSTITUTION,DEFAULT_RATE_3YR,FLOAT,6273
LIBRARY_MARTS,EDUCATION,EDUCATION__FED_ED_COLLEGE_SCORECARD_INSTITUTION,EARNINGS_MEAN_10YR,NUMBER,6273
LIBRARY_MARTS,EDUCATION,EDUCATION__FED_ED_COLLEGE_SCORECARD_INSTITUTION,EARNINGS_MEDIAN_10YR,NUMBER,6273
LIBRARY_MARTS,EDUCATION,EDUCATION__FED_ED_COLLEGE_SCORECARD_INSTITUTION,EARNINGS_MEDIAN_6YR,NUMBER,6273
LIBRARY_MARTS,EDUCATION,EDUCATION__FED_ED_COLLEGE_SCORECARD_INSTITUTION,EARNINGS_MEDIAN_8YR,NUMBER,6273
LIBRARY_MARTS,EDUCATION,EDUCATION__FED_ED_COLLEGE_SCORECARD_INSTITUTION,INSTRUCTIONAL_SPEND_PER_FTE,NUMBER,6273
LIBRARY_MARTS,EDUCATION,EDUCATION__FED_ED_COLLEGE_SCORECARD_INSTITUTION,PCT_FEDERAL_LOAN,FLOAT,6273
LIBRARY_MARTS,EDUCATION,EDUCATION__FED_ED_COLLEGE_SCORECARD_INSTITUTION,PCT_FULL_TIME_FACULTY,FLOAT,6273
LIBRARY_MARTS,EDUCATION,EDUCATION__FED_ED_COLLEGE_SCORECARD_INSTITUTION,PCT_PELL,FLOAT,6273
LIBRARY_MARTS,EDUCATION,EDUCATION__FED_ED_COLLEGE_SCORECARD_INSTITUTION,REPAYMENT_RATE_3YR,FLOAT,6273
LIBRARY_MARTS,EDUCATION,EDUCATION__FED_ED_COLLEGE_SCORECARD_INSTITUTION,SAT_AVG,NUMBER,6273
LIBRARY_MARTS,EDUCATION,EDUCATION__FED_ED_COLLEGE_SCORECARD_INSTITUTION,TUITION_REVENUE_PER_FTE,NUMBER,6273
LIBRARY_MARTS,EDUCATION,EDUCATION__FED_ED_EDFACTS,CHRONIC_ABSENTEEISM_RATE,FLOAT,33
LIBRARY_MARTS,EDUCATION,EDUCATION__FED_ED_EDFACTS,GRADUATION_RATE,FLOAT,33
LIBRARY_MARTS,ENERGY,ENERGY__FED_EIA860_2_PLANT,FERC_COGENERATION_DOCKET_NUMBER,TEXT,16132
LIBRARY_MARTS,ENERGY,ENERGY__FED_EIA860_2_PLANT,FERC_COGENERATION_STATUS,TEXT,16132
LIBRARY_MARTS,ENERGY,ENERGY__FED_EIA860_3_1_GENERATOR,MONTH_UPRATE_OR_DERATE_COMPLETED,NUMBER,26855
LIBRARY_MARTS,ENERGY,ENERGY__FED_EIA860_3_1_GENERATOR,PLANNED_DERATE_MONTH,NUMBER,26855
LIBRARY_MARTS,ENERGY,ENERGY__FED_EIA860_3_1_GENERATOR,PLANNED_DERATE_YEAR,NUMBER,26855
LIBRARY_MARTS,ENERGY,ENERGY__FED_EIA860_3_1_GENERATOR,PLANNED_NET_SUMMER_CAPACITY_DERATE_MW,NUMBER,26855
LIBRARY_MARTS,ENERGY,ENERGY__FED_EIA860_3_1_GENERATOR,PLANNED_NET_SUMMER_CAPACITY_UPRATE_MW,NUMBER,26855
LIBRARY_MARTS,ENERGY,ENERGY__FED_EIA860_3_1_GENERATOR,PLANNED_NET_WINTER_CAPACITY_DERATE_MW,NUMBER,26855
LIBRARY_MARTS,ENERGY,ENERGY__FED_EIA860_3_1_GENERATOR,PLANNED_NET_WINTER_CAPACITY_UPRATE_MW,NUMBER,26855
LIBRARY_MARTS,ENERGY,ENERGY__FED_EIA860_3_1_GENERATOR,PLANNED_UPRATE_MONTH,NUMBER,26855
LIBRARY_MARTS,ENERGY,ENERGY__FED_EIA860_3_1_GENERATOR,PLANNED_UPRATE_YEAR,NUMBER,26855
LIBRARY_MARTS,ENERGY,ENERGY__FED_EIA860_3_1_GENERATOR,UPRATE_OR_DERATE_COMPLETED_DURING_YEAR,TEXT,26855
LIBRARY_MARTS,ENERGY,ENERGY__FED_EIA860_3_1_GENERATOR,YEAR_UPRATE_OR_DERATE_COMPLETED,NUMBER,26855
LIBRARY_MARTS,ENERGY,ENERGY__FED_EIA860_3_4_ENERGY_STORAGE,EXCESS_WIND_AND_SOLAR_GENERATION,TEXT,786
LIBRARY_MARTS,ENERGY,ENERGY__FED_EIA860_3_4_ENERGY_STORAGE,MAXIMUM_CHARGE_RATE_MW,NUMBER,786
LIBRARY_MARTS,ENERGY,ENERGY__FED_EIA860_3_4_ENERGY_STORAGE,MAXIMUM_DISCHARGE_RATE_MW,NUMBER,786
LIBRARY_MARTS,ENERGY,ENERGY__FED_EIA860_4_OWNER,PERCENT_OWNED,NUMBER,5495
LIBRARY_MARTS,ENERGY,ENERGY__FED_EIA860_6_2_ENVIROEQUIP,MERCURY_CONTROL_EXISTING_STRATEGY_1,TEXT,4428
LIBRARY_MARTS,ENERGY,ENERGY__FED_EIA860_6_2_ENVIROEQUIP,MERCURY_CONTROL_EXISTING_STRATEGY_2,TEXT,4428
LIBRARY_MARTS,ENERGY,ENERGY__FED_EIA860_6_2_ENVIROEQUIP,MERCURY_CONTROL_EXISTING_STRATEGY_3,TEXT,4428
LIBRARY_MARTS,ENERGY,ENERGY__FED_EIA860_6_2_ENVIROEQUIP,MERCURY_CONTROL_PROPOSED_STRATEGY_1,TEXT,4428
LIBRARY_MARTS,ENERGY,ENERGY__FED_EIA860_6_2_ENVIROEQUIP,MERCURY_CONTROL_PROPOSED_STRATEGY_2,TEXT,4428
LIBRARY_MARTS,ENERGY,ENERGY__FED_EIA860_6_2_ENVIROEQUIP,MERCURY_CONTROL_PROPOSED_STRATEGY_3,TEXT,4428
LIBRARY_MARTS,ENERGY,ENERGY__FED_EIA860_6_2_ENVIROEQUIP,NITROGEN_OXIDE_CONTROL_EXISTING_STRATEGY_1,TEXT,4428
LIBRARY_MARTS,ENERGY,ENERGY__FED_EIA860_6_2_ENVIROEQUIP,NITROGEN_OXIDE_CONTROL_EXISTING_STRATEGY_2,TEXT,4428
LIBRARY_MARTS,ENERGY,ENERGY__FED_EIA860_6_2_ENVIROEQUIP,NITROGEN_OXIDE_CONTROL_EXISTING_STRATEGY_3,TEXT,4428
LIBRARY_MARTS,ENERGY,ENERGY__FED_EIA860_6_2_ENVIROEQUIP,NITROGEN_OXIDE_CONTROL_PROPOSED_STRATEGY_1,TEXT,4428
LIBRARY_MARTS,ENERGY,ENERGY__FED_EIA860_6_2_ENVIROEQUIP,NITROGEN_OXIDE_CONTROL_PROPOSED_STRATEGY_2,TEXT,4428
LIBRARY_MARTS,ENERGY,ENERGY__FED_EIA860_6_2_ENVIROEQUIP,NITROGEN_OXIDE_CONTROL_PROPOSED_STRATEGY_3,TEXT,4428
LIBRARY_MARTS,ENERGY,ENERGY__FED_EIA860_6_2_ENVIROEQUIP,STANDARD_NITROGEN_RATE,NUMBER,4428
LIBRARY_MARTS,ENERGY,ENERGY__FED_EIA860_6_2_ENVIROEQUIP,STANDARD_PARTICULATE_RATE,NUMBER,4428
LIBRARY_MARTS,ENERGY,ENERGY__FED_EIA860_6_2_ENVIROEQUIP,STANDARD_SULFUR_PERCENT_SCRUBBED,NUMBER,4428
LIBRARY_MARTS,ENERGY,ENERGY__FED_EIA860_6_2_ENVIROEQUIP,STANDARD_SULFUR_RATE,NUMBER,4428
LIBRARY_MARTS,ENERGY,ENERGY__FED_EIA860_6_2_ENVIROEQUIP,SULFUR_DIOXIDE_CONTROL_EXISTING_STRATEGY_1,TEXT,4428
LIBRARY_MARTS,ENERGY,ENERGY__FED_EIA860_6_2_ENVIROEQUIP,SULFUR_DIOXIDE_CONTROL_EXISTING_STRATEGY_2,TEXT,4428
LIBRARY_MARTS,ENERGY,ENERGY__FED_EIA860_6_2_ENVIROEQUIP,SULFUR_DIOXIDE_CONTROL_EXISTING_STRATEGY_3,TEXT,4428
LIBRARY_MARTS,ENERGY,ENERGY__FED_EIA860_6_2_ENVIROEQUIP,SULFUR_DIOXIDE_CONTROL_PROPOSED_STRATEGY_1,TEXT,4428
LIBRARY_MARTS,ENERGY,ENERGY__FED_EIA860_6_2_ENVIROEQUIP,SULFUR_DIOXIDE_CONTROL_PROPOSED_STRATEGY_2,TEXT,4428
LIBRARY_MARTS,ENERGY,ENERGY__FED_EIA860_6_2_ENVIROEQUIP,SULFUR_DIOXIDE_CONTROL_PROPOSED_STRATEGY_3,TEXT,4428
LIBRARY_MARTS,ENERGY,ENERGY__FED_EIA861_OPERATIONAL_DATA,NET_GENERATION_MWH,NUMBER,1711
LIBRARY_MARTS,ENERGY,ENERGY__FED_EIA861_UTILITY_DATA,ACTIVITY_GENERATION,TEXT,1701
LIBRARY_MARTS,ENERGY,ENERGY__INTL_EMBER_ELEC,YOY_PCT_CHANGE,FLOAT,369264
LIBRARY_MARTS,ENVIRONMENT,ENVIRONMENT__EPA_PENALTY_GAP,PCT_MINORITY,FLOAT,93808
LIBRARY_MARTS,ENVIRONMENT,ENVIRONMENT__EPA_PENALTY_GAP,PENALTY_PER_QUARTER_NC,FLOAT,93808
LIBRARY_MARTS,ENVIRONMENT,ENVIRONMENT__EPA_PENALTY_GAP,POPULATION_DENSITY,FLOAT,93808
LIBRARY_MARTS,ENVIRONMENT,ENVIRONMENT__FED_EPA_ECHO,PCT_MINORITY,FLOAT,3135554
LIBRARY_MARTS,ENVIRONMENT,ENVIRONMENT__FED_EPA_ECHO,POPULATION_DENSITY,FLOAT,3135554
LIBRARY_MARTS,ENVIRONMENT,ENVIRONMENT__FED_EPA_EGRID_PLANT_2022,CHP_PLANT_POWER_TO_HEAT_RATIO,FLOAT,11974
LIBRARY_MARTS,ENVIRONMENT,ENVIRONMENT__FED_EPA_EGRID_PLANT_2022,FLAG_INDICATING_IF_THE_PLANT_BURNED_OR_GENERATED_ANY_AMOUNT_OF_COAL,FLOAT,11974
LIBRARY_MARTS,ENVIRONMENT,ENVIRONMENT__FED_EPA_EGRID_PLANT_2022,PLANT_ANNUAL_BIOMASS_NET_GENERATION_MWH,FLOAT,11974
LIBRARY_MARTS,ENVIRONMENT,ENVIRONMENT__FED_EPA_EGRID_PLANT_2022,PLANT_ANNUAL_CH4_COMBUSTION_OUTPUT_EMISSION_RATE_LB_MWH,FLOAT,11974
LIBRARY_MARTS,ENVIRONMENT,ENVIRONMENT__FED_EPA_EGRID_PLANT_2022,PLANT_ANNUAL_CH4_INPUT_EMISSION_RATE_LB_MMBTU,FLOAT,11974
LIBRARY_MARTS,ENVIRONMENT,ENVIRONMENT__FED_EPA_EGRID_PLANT_2022,PLANT_ANNUAL_CH4_TOTAL_OUTPUT_EMISSION_RATE_LB_MWH,FLOAT,11974
LIBRARY_MARTS,ENVIRONMENT,ENVIRONMENT__FED_EPA_EGRID_PLANT_2022,PLANT_ANNUAL_CO2_COMBUSTION_OUTPUT_EMISSION_RATE_LB_MWH,FLOAT,11974
LIBRARY_MARTS,ENVIRONMENT,ENVIRONMENT__FED_EPA_EGRID_PLANT_2022,PLANT_ANNUAL_CO2_EQUIVALENT_COMBUSTION_OUTPUT_EMISSION_RATE_LB_MWH,FLOAT,11974
LIBRARY_MARTS,ENVIRONMENT,ENVIRONMENT__FED_EPA_EGRID_PLANT_2022,PLANT_ANNUAL_CO2_EQUIVALENT_INPUT_EMISSION_RATE_LB_MMBTU,FLOAT,11974
LIBRARY_MARTS,ENVIRONMENT,ENVIRONMENT__FED_EPA_EGRID_PLANT_2022,PLANT_ANNUAL_CO2_EQUIVALENT_TOTAL_OUTPUT_EMISSION_RATE_LB_MWH,FLOAT,11974
LIBRARY_MARTS,ENVIRONMENT,ENVIRONMENT__FED_EPA_EGRID_PLANT_2022,PLANT_ANNUAL_CO2_INPUT_EMISSION_RATE_LB_MMBTU,FLOAT,11974
LIBRARY_MARTS,ENVIRONMENT,ENVIRONMENT__FED_EPA_EGRID_PLANT_2022,PLANT_ANNUAL_CO2_TOTAL_OUTPUT_EMISSION_RATE_LB_MWH,FLOAT,11974
LIBRARY_MARTS,ENVIRONMENT,ENVIRONMENT__FED_EPA_EGRID_PLANT_2022,PLANT_ANNUAL_COAL_NET_GENERATION_MWH,FLOAT,11974
LIBRARY_MARTS,ENVIRONMENT,ENVIRONMENT__FED_EPA_EGRID_PLANT_2022,PLANT_ANNUAL_GAS_NET_GENERATION_MWH,FLOAT,11974
LIBRARY_MARTS,ENVIRONMENT,ENVIRONMENT__FED_EPA_EGRID_PLANT_2022,PLANT_ANNUAL_GEOTHERMAL_NET_GENERATION_MWH,FLOAT,11974
LIBRARY_MARTS,ENVIRONMENT,ENVIRONMENT__FED_EPA_EGRID_PLANT_2022,PLANT_ANNUAL_HG_COMBUSTION_OUTPUT_EMISSION_RATE_LB_MWH,FLOAT,11974
LIBRARY_MARTS,ENVIRONMENT,ENVIRONMENT__FED_EPA_EGRID_PLANT_2022,PLANT_ANNUAL_HG_INPUT_EMISSION_RATE_LB_MMBTU,FLOAT,11974
LIBRARY_MARTS,ENVIRONMENT,ENVIRONMENT__FED_EPA_EGRID_PLANT_2022,PLANT_ANNUAL_HG_TOTAL_OUTPUT_EMISSION_RATE_LB_MWH,FLOAT,11974
LIBRARY_MARTS,ENVIRONMENT,ENVIRONMENT__FED_EPA_EGRID_PLANT_2022,PLANT_ANNUAL_HYDRO_NET_GENERATION_MWH,FLOAT,11974
LIBRARY_MARTS,ENVIRONMENT,ENVIRONMENT__FED_EPA_EGRID_PLANT_2022,PLANT_ANNUAL_N2_O_COMBUSTION_OUTPUT_EMISSION_RATE_LB_MWH,FLOAT,11974
LIBRARY_MARTS,ENVIRONMENT,ENVIRONMENT__FED_EPA_EGRID_PLANT_2022,PLANT_ANNUAL_N2_O_INPUT_EMISSION_RATE_LB_MMBTU,FLOAT,11974
LIBRARY_MARTS,ENVIRONMENT,ENVIRONMENT__FED_EPA_EGRID_PLANT_2022,PLANT_ANNUAL_N2_O_TOTAL_OUTPUT_EMISSION_RATE_LB_MWH,FLOAT,11974
LIBRARY_MARTS,ENVIRONMENT,ENVIRONMENT__FED_EPA_EGRID_PLANT_2022,PLANT_ANNUAL_NET_GENERATION_MWH,FLOAT,11974
LIBRARY_MARTS,ENVIRONMENT,ENVIRONMENT__FED_EPA_EGRID_PLANT_2022,PLANT_ANNUAL_NOX_COMBUSTION_OUTPUT_EMISSION_RATE_LB_MWH,FLOAT,11974
LIBRARY_MARTS,ENVIRONMENT,ENVIRONMENT__FED_EPA_EGRID_PLANT_2022,PLANT_ANNUAL_NOX_INPUT_EMISSION_RATE_LB_MMBTU,FLOAT,11974
LIBRARY_MARTS,ENVIRONMENT,ENVIRONMENT__FED_EPA_EGRID_PLANT_2022,PLANT_ANNUAL_NOX_TOTAL_OUTPUT_EMISSION_RATE_LB_MWH,FLOAT,11974
LIBRARY_MARTS,ENVIRONMENT,ENVIRONMENT__FED_EPA_EGRID_PLANT_2022,PLANT_ANNUAL_NUCLEAR_NET_GENERATION_MWH,FLOAT,11974
LIBRARY_MARTS,ENVIRONMENT,ENVIRONMENT__FED_EPA_EGRID_PLANT_2022,PLANT_ANNUAL_OIL_NET_GENERATION_MWH,FLOAT,11974
LIBRARY_MARTS,ENVIRONMENT,ENVIRONMENT__FED_EPA_EGRID_PLANT_2022,PLANT_ANNUAL_OTHER_FOSSIL_NET_GENERATION_MWH,FLOAT,11974
LIBRARY_MARTS,ENVIRONMENT,ENVIRONMENT__FED_EPA_EGRID_PLANT_2022,PLANT_ANNUAL_OTHER_UNKNOWN_PURCHASED_FUEL_NET_GENERATION_MWH,FLOAT,11974
LIBRARY_MARTS,ENVIRONMENT,ENVIRONMENT__FED_EPA_EGRID_PLANT_2022,PLANT_ANNUAL_SO2_COMBUSTION_OUTPUT_EMISSION_RATE_LB_MWH,FLOAT,11974
LIBRARY_MARTS,ENVIRONMENT,ENVIRONMENT__FED_EPA_EGRID_PLANT_2022,PLANT_ANNUAL_SO2_INPUT_EMISSION_RATE_LB_MMBTU,FLOAT,11974
LIBRARY_MARTS,ENVIRONMENT,ENVIRONMENT__FED_EPA_EGRID_PLANT_2022,PLANT_ANNUAL_SO2_TOTAL_OUTPUT_EMISSION_RATE_LB_MWH,FLOAT,11974
LIBRARY_MARTS,ENVIRONMENT,ENVIRONMENT__FED_EPA_EGRID_PLANT_2022,PLANT_ANNUAL_SOLAR_NET_GENERATION_MWH,FLOAT,11974
LIBRARY_MARTS,ENVIRONMENT,ENVIRONMENT__FED_EPA_EGRID_PLANT_2022,PLANT_ANNUAL_TOTAL_COMBUSTION_NET_GENERATION_MWH,FLOAT,11974
LIBRARY_MARTS,ENVIRONMENT,ENVIRONMENT__FED_EPA_EGRID_PLANT_2022,PLANT_ANNUAL_TOTAL_NONCOMBUSTION_NET_GENERATION_MWH,FLOAT,11974
LIBRARY_MARTS,ENVIRONMENT,ENVIRONMENT__FED_EPA_EGRID_PLANT_2022,PLANT_ANNUAL_TOTAL_NONHYDRO_RENEWABLES_NET_GENERATION_MWH,FLOAT,11974
LIBRARY_MARTS,ENVIRONMENT,ENVIRONMENT__FED_EPA_EGRID_PLANT_2022,PLANT_ANNUAL_TOTAL_NONRENEWABLES_NET_GENERATION_MWH,FLOAT,11974
LIBRARY_MARTS,ENVIRONMENT,ENVIRONMENT__FED_EPA_EGRID_PLANT_2022,PLANT_ANNUAL_TOTAL_RENEWABLES_NET_GENERATION_MWH,FLOAT,11974
LIBRARY_MARTS,ENVIRONMENT,ENVIRONMENT__FED_EPA_EGRID_PLANT_2022,PLANT_ANNUAL_WIND_NET_GENERATION_MWH,FLOAT,11974
LIBRARY_MARTS,ENVIRONMENT,ENVIRONMENT__FED_EPA_EGRID_PLANT_2022,PLANT_BIOMASS_GENERATION_PERCENT_RESOURCE_MIX,FLOAT,11974
LIBRARY_MARTS,ENVIRONMENT,ENVIRONMENT__FED_EPA_EGRID_PLANT_2022,PLANT_COAL_GENERATION_PERCENT_RESOURCE_MIX,FLOAT,11974
LIBRARY_MARTS,ENVIRONMENT,ENVIRONMENT__FED_EPA_EGRID_PLANT_2022,PLANT_GAS_GENERATION_PERCENT_RESOURCE_MIX,FLOAT,11974
LIBRARY_MARTS,ENVIRONMENT,ENVIRONMENT__FED_EPA_EGRID_PLANT_2022,PLANT_GEOTHERMAL_GENERATION_PERCENT_RESOURCE_MIX,FLOAT,11974
LIBRARY_MARTS,ENVIRONMENT,ENVIRONMENT__FED_EPA_EGRID_PLANT_2022,PLANT_HYDRO_GENERATION_PERCENT_RESOURCE_MIX,FLOAT,11974
LIBRARY_MARTS,ENVIRONMENT,ENVIRONMENT__FED_EPA_EGRID_PLANT_2022,PLANT_NOMINAL_HEAT_RATE_BTU_KWH,FLOAT,11974
LIBRARY_MARTS,ENVIRONMENT,ENVIRONMENT__FED_EPA_EGRID_PLANT_2022,PLANT_NUCLEAR_GENERATION_PERCENT_RESOURCE_MIX,FLOAT,11974
LIBRARY_MARTS,ENVIRONMENT,ENVIRONMENT__FED_EPA_EGRID_PLANT_2022,PLANT_OIL_GENERATION_PERCENT_RESOURCE_MIX,FLOAT,11974
LIBRARY_MARTS,ENVIRONMENT,ENVIRONMENT__FED_EPA_EGRID_PLANT_2022,PLANT_OTHER_FOSSIL_GENERATION_PERCENT_RESOURCE_MIX,FLOAT,11974
LIBRARY_MARTS,ENVIRONMENT,ENVIRONMENT__FED_EPA_EGRID_PLANT_2022,PLANT_OTHER_UNKNOWN_PURCHASED_FUEL_GENERATION_PERCENT_RESOURCE_MIX,FLOAT,11974
LIBRARY_MARTS,ENVIRONMENT,ENVIRONMENT__FED_EPA_EGRID_PLANT_2022,PLANT_OZONE_SEASON_NET_GENERATION_MWH,FLOAT,11974
LIBRARY_MARTS,ENVIRONMENT,ENVIRONMENT__FED_EPA_EGRID_PLANT_2022,PLANT_OZONE_SEASON_NOX_COMBUSTION_OUTPUT_EMISSION_RATE_LB_MWH,FLOAT,11974
LIBRARY_MARTS,ENVIRONMENT,ENVIRONMENT__FED_EPA_EGRID_PLANT_2022,PLANT_OZONE_SEASON_NOX_INPUT_EMISSION_RATE_LB_MMBTU,FLOAT,11974
LIBRARY_MARTS,ENVIRONMENT,ENVIRONMENT__FED_EPA_EGRID_PLANT_2022,PLANT_OZONE_SEASON_NOX_TOTAL_OUTPUT_EMISSION_RATE_LB_MWH,FLOAT,11974
LIBRARY_MARTS,ENVIRONMENT,ENVIRONMENT__FED_EPA_EGRID_PLANT_2022,PLANT_SOLAR_GENERATION_PERCENT_RESOURCE_MIX,FLOAT,11974
LIBRARY_MARTS,ENVIRONMENT,ENVIRONMENT__FED_EPA_EGRID_PLANT_2022,PLANT_TOTAL_COMBUSTION_GENERATION_PERCENT_RESOURCE_MIX,FLOAT,11974
LIBRARY_MARTS,ENVIRONMENT,ENVIRONMENT__FED_EPA_EGRID_PLANT_2022,PLANT_TOTAL_NONCOMBUSTION_GENERATION_PERCENT_RESOURCE_MIX,FLOAT,11974
LIBRARY_MARTS,ENVIRONMENT,ENVIRONMENT__FED_EPA_EGRID_PLANT_2022,PLANT_TOTAL_NONHYDRO_RENEWABLES_GENERATION_PERCENT_RESOURCE_MIX,FLOAT,11974
LIBRARY_MARTS,ENVIRONMENT,ENVIRONMENT__FED_EPA_EGRID_PLANT_2022,PLANT_TOTAL_NONRENEWABLES_GENERATION_PERCENT_RESOURCE_MIX,FLOAT,11974
LIBRARY_MARTS,ENVIRONMENT,ENVIRONMENT__FED_EPA_EGRID_PLANT_2022,PLANT_TOTAL_RENEWABLES_GENERATION_PERCENT_RESOURCE_MIX,FLOAT,11974
LIBRARY_MARTS,ENVIRONMENT,ENVIRONMENT__FED_EPA_EGRID_PLANT_2022,PLANT_WIND_GENERATION_PERCENT_RESOURCE_MIX,FLOAT,11974
LIBRARY_MARTS,ENVIRONMENT,ENVIRONMENT__FED_EPA_SDWA_SDWA_FACILITIES,FILTRATION_STATUS_CODE,TEXT,1554832
LIBRARY_MARTS,ENVIRONMENT,ENVIRONMENT__FED_EPA_SDWA_SDWA_PN_VIOLATION_ASSOC,COMPL_PER_BEGIN_DATE,DATE,387627
LIBRARY_MARTS,ENVIRONMENT,ENVIRONMENT__FED_EPA_SDWA_SDWA_PN_VIOLATION_ASSOC,COMPL_PER_END_DATE,DATE,387627
LIBRARY_MARTS,ENVIRONMENT,ENVIRONMENT__FED_EPA_SDWA_SDWA_PN_VIOLATION_ASSOC,NON_COMPL_PER_BEGIN_DATE,DATE,387627
LIBRARY_MARTS,ENVIRONMENT,ENVIRONMENT__FED_EPA_SDWA_SDWA_PN_VIOLATION_ASSOC,NON_COMPL_PER_END_DATE,DATE,387627
LIBRARY_MARTS,ENVIRONMENT,ENVIRONMENT__FED_EPA_SDWA_SDWA_VIOLATIONS_ENFORCEMENT,COMPL_PER_BEGIN_DATE,DATE,15432737
LIBRARY_MARTS,ENVIRONMENT,ENVIRONMENT__FED_EPA_SDWA_SDWA_VIOLATIONS_ENFORCEMENT,COMPL_PER_END_DATE,DATE,15432737
LIBRARY_MARTS,ENVIRONMENT,ENVIRONMENT__FED_EPA_SDWA_SDWA_VIOLATIONS_ENFORCEMENT,NON_COMPL_PER_BEGIN_DATE,DATE,15432737
LIBRARY_MARTS,ENVIRONMENT,ENVIRONMENT__FED_EPA_SDWA_SDWA_VIOLATIONS_ENFORCEMENT,NON_COMPL_PER_END_DATE,DATE,15432737
LIBRARY_MARTS,ENVIRONMENT,ENVIRONMENT__FED_EPA_TRI_BASIC_2023,C_121_PROD_RATIO_OR_ACTIVITY,FLOAT,78647
LIBRARY_MARTS,ENVIRONMENT,ENVIRONMENT__FED_EPA_TRI_BASIC_2023,C_122_8_9_PRODUCTION_RATIO,FLOAT,78647
LIBRARY_MARTS,ENVIRONMENT,ENVIRONMENT__FED_FRACFOCUS_REGISTRY,PERCENT_HF_JOB,NUMBER,7200550
LIBRARY_MARTS,ENVIRONMENT,ENVIRONMENT__FED_FRACFOCUS_REGISTRY,PERCENT_HIGH_ADDITIVE,NUMBER,7200550
LIBRARY_MARTS,ENVIRONMENT,ENVIRONMENT__FED_FRACFOCUS_WATER_SOURCE,PERCENT,NUMBER,23747
LIBRARY_MARTS,ENVIRONMENT,ENVIRONMENT__FED_NID_DAMS,OPERATIONAL_STATUS,TEXT,92766
LIBRARY_MARTS,ENVIRONMENT,ENVIRONMENT__FED_USGS_MINERALS,ALTERATION,FLOAT,304632
LIBRARY_MARTS,ENVIRONMENT,ENVIRONMENT__FED_USGS_MINERALS,IMPORT_RELIANCE_PCT,FLOAT,304632
LIBRARY_MARTS,ENVIRONMENT,ENVIRONMENT__FED_USGS_MINERALS,OPER_TYPE,TEXT,304632
LIBRARY_MARTS,ENVIRONMENT,ENVIRONMENT__FED_USGS_MINERALS,SCORE,FLOAT,304632
LIBRARY_MARTS,ENVIRONMENT,ENVIRONMENT__INTL_GEM_HAZARD,PGA_10PCT_50YR,TEXT,12
LIBRARY_MARTS,ENVIRONMENT,ENVIRONMENT__XC_OWID_TEMP_ANOMALY,UPPER_BOUND,TEXT,531
LIBRARY_MARTS,FINANCE,FINANCE__FED_FARA,REGISTRATION_DATE,DATE,30
LIBRARY_MARTS,FINANCE,FINANCE__FED_FARA,REGISTRATION_NUMBER,FLOAT,30
LIBRARY_MARTS,FINANCE,FINANCE__FED_NCUA_FEDERALLY_INSURED_CU_LIST,LOAN_TO_SHARE_RATIO,NUMBER,4250
LIBRARY_MARTS,FINANCE,FINANCE__FED_NCUA_FEDERALLY_INSURED_CU_LIST,NET_WORTH_RATIO_EXCLUDES_CECL_TRANSITION_PROVISION,NUMBER,4250
LIBRARY_MARTS,FINANCE,FINANCE__FED_PCAOB_FORM_AP_FILINGS,AUDIT_NOT_DIVIDED_PERCENT_INFORMATION,TEXT,155384
LIBRARY_MARTS,FINANCE,FINANCE__FED_PCAOB_FORM_AP_FILINGS,PARTICIPANT_PERCENTAGE,TEXT,155384
LIBRARY_MARTS,FINANCE,FINANCE__FED_SEC_INSIDER_DERIV_TRANS,EXPIRATION_DATE,DATE,1049121
LIBRARY_MARTS,FINANCE,FINANCE__FED_SEC_INSIDER_DERIV_TRANS,EXPIRATION_DATE_FN,DATE,1049121
LIBRARY_MARTS,FINANCE,FINANCE__FED_SEC_INSIDER_NONDERIV_TRANS,PRICE_PER_SHARE,FLOAT,2672841
LIBRARY_MARTS,FINDINGS,HOSPITAL_CLOSURE_RISK,MEDICAID_DEPENDENCE_PCT,FLOAT,
LIBRARY_MARTS,FINDINGS,HOSPITAL_CLOSURE_RISK,OPERATING_MARGIN_PCT,FLOAT,
LIBRARY_MARTS,FINDINGS,MEMBER_MONEY_VS_OUTPUT,ABSENTEE_PCTILE,FLOAT,
LIBRARY_MARTS,FINDINGS,MEMBER_MONEY_VS_OUTPUT,MISSED_VOTE_PCT,NUMBER,
LIBRARY_MARTS,FINDINGS,MEMBER_MONEY_VS_OUTPUT,MONEY_PCTILE,FLOAT,
LIBRARY_MARTS,FINDINGS,MEMBER_MONEY_VS_OUTPUT,PARTY_UNITY_PCT,NUMBER,
LIBRARY_MARTS,FINDINGS,OPIOID_PRESCRIBER_PAID_HIGH_RX,OPIOID_RATE,FLOAT,
LIBRARY_MARTS,FINDINGS,OPIOID_PRESCRIBER_PAID_HIGH_RX,RATE_PCTILE_IN_SPECIALTY,FLOAT,
LIBRARY_MARTS,FINDINGS,OPIOID_PRESCRIBER_PAID_HIGH_RX_BY_STATE,AVG_OPIOID_RATE,FLOAT,
LIBRARY_MARTS,FOREIGN_INFLUENCE,FOREIGN_INFLUENCE__FED_FARA_BULK,FARA_REGISTRATION_KEY,TEXT,48104
LIBRARY_MARTS,FOREIGN_INFLUENCE,FOREIGN_INFLUENCE__FED_FARA_BULK,FOREIGN_PRINCIPAL_REGISTRATION_DATE,DATE,48104
LIBRARY_MARTS,FOREIGN_INFLUENCE,FOREIGN_INFLUENCE__FED_FARA_BULK,IS_ACTIVE_REGISTRATION,BOOLEAN,48104
LIBRARY_MARTS,FOREIGN_INFLUENCE,FOREIGN_INFLUENCE__FED_FARA_BULK,REGISTRATION_NUMBER,TEXT,48104
LIBRARY_MARTS,HEALTH,HEALTH__FED_CDC_DRUG_POISONING_COUNTY,ESTIMATED_AGE_ADJUSTED_DEATH_RATE_11_CATEGORIES_IN_RANGES,FLOAT,53387
LIBRARY_MARTS,HEALTH,HEALTH__FED_CDC_INJURY_VIOLENCE_COUNTY,RATE,FLOAT,132000
LIBRARY_MARTS,HEALTH,HEALTH__FED_CDC_INJURY_VIOLENCE_COUNTY,RATE_M,FLOAT,132000
LIBRARY_MARTS,HEALTH,HEALTH__FED_CDC_INJURY_VIOLENCE_COUNTY,RATE_M_CI,FLOAT,132000
LIBRARY_MARTS,HEALTH,HEALTH__FED_CDC_LEADING_CAUSES_STATE,AGE_ADJUSTED_DEATH_RATE,FLOAT,10868
LIBRARY_MARTS,HEALTH,HEALTH__FED_CDC_OVERDOSE,PERCENT_COMPLETE,FLOAT,83790
LIBRARY_MARTS,HEALTH,HEALTH__FED_CDC_OVERDOSE,PERCENT_PENDING_INVESTIGATION,FLOAT,83790
LIBRARY_MARTS,HEALTH,HEALTH__FED_CDC_WONDER,CRUDE_RATE,FLOAT,880
LIBRARY_MARTS,HEALTH,HEALTH__FED_CLINICALTRIALS,STUDY_DURATION_DAYS,NUMBER,500
LIBRARY_MARTS,HEALTH,HEALTH__FED_CMS_DIALYSIS,C_95_C_I_UPPER_LIMIT_FOR_FYSWR,TEXT,7557
LIBRARY_MARTS,HEALTH,HEALTH__FED_CMS_DIALYSIS,C_95_C_I_UPPER_LIMIT_FOR_PPPW,TEXT,7557
LIBRARY_MARTS,HEALTH,HEALTH__FED_CMS_DIALYSIS,ED30_UPPER_CONFIDENCE_LIMIT_97_5,TEXT,7557
LIBRARY_MARTS,HEALTH,HEALTH__FED_CMS_DIALYSIS,EMERGENCY_DEPARTMENT_ENCOUNTER_RATIO_OCCURRING_WITHIN_30_DAYS_OF_HOSPITAL_DISCHARGE_DATA_AVAILABILITY_CODE,NUMBER,7557
LIBRARY_MARTS,HEALTH,HEALTH__FED_CMS_DIALYSIS,FIRST_YEAR_STANDARDIZED_KIDNEY_TRANSPLANT_WAITLIST_RATIO,FLOAT,7557
LIBRARY_MARTS,HEALTH,HEALTH__FED_CMS_DIALYSIS,FISTULA_RATE_FACILITY,FLOAT,7557
LIBRARY_MARTS,HEALTH,HEALTH__FED_CMS_DIALYSIS,FISTULA_RATE_LOWER_CONFIDENCE_LIMIT_2_5,FLOAT,7557
LIBRARY_MARTS,HEALTH,HEALTH__FED_CMS_DIALYSIS,FISTULA_RATE_UPPER_CONFIDENCE_LIMIT_97_5,FLOAT,7557
LIBRARY_MARTS,HEALTH,HEALTH__FED_CMS_DIALYSIS,HEALTHCARE_WORKER_COVID_19_VACCINATION_ADHERENCE_PERCENTAGE,FLOAT,7557
LIBRARY_MARTS,HEALTH,HEALTH__FED_CMS_DIALYSIS,HOSPITALIZATION_RATE_FACILITY,FLOAT,7557
LIBRARY_MARTS,HEALTH,HEALTH__FED_CMS_DIALYSIS,HOSPITALIZATION_RATE_LOWER_CONFIDENCE_LIMIT_2_5,FLOAT,7557
LIBRARY_MARTS,HEALTH,HEALTH__FED_CMS_DIALYSIS,HOSPITALIZATION_RATE_UPPER_CONFIDENCE_LIMIT_97_5,FLOAT,7557
LIBRARY_MARTS,HEALTH,HEALTH__FED_CMS_DIALYSIS,MORTALITY_RATE_FACILITY,FLOAT,7557
LIBRARY_MARTS,HEALTH,HEALTH__FED_CMS_DIALYSIS,MORTALITY_RATE_LOWER_CONFIDENCE_LIMIT_2_5,FLOAT,7557
LIBRARY_MARTS,HEALTH,HEALTH__FED_CMS_DIALYSIS,MORTALITY_RATE_UPPER_CONFIDENCE_LIMIT_97_5,FLOAT,7557
LIBRARY_MARTS,HEALTH,HEALTH__FED_CMS_DIALYSIS,PERCENTAGE_OF_ADULT_PATIENTS_WITH_HYPERCALCEMIA_SERUM_CALCIUM_GREATER_THAN_10_2_MG_DL,FLOAT,7557
LIBRARY_MARTS,HEALTH,HEALTH__FED_CMS_DIALYSIS,PERCENTAGE_OF_ADULT_PATIENTS_WITH_LONG_TERM_CATHETER_IN_USE,FLOAT,7557
LIBRARY_MARTS,HEALTH,HEALTH__FED_CMS_DIALYSIS,PERCENTAGE_OF_ADULT_PATIENTS_WITH_SERUM_PHOSPHORUS_BETWEEN_3_5_4_5_MG_DL,FLOAT,7557
LIBRARY_MARTS,HEALTH,HEALTH__FED_CMS_DIALYSIS,PERCENTAGE_OF_ADULT_PATIENTS_WITH_SERUM_PHOSPHORUS_BETWEEN_4_6_5_5_MG_DL,FLOAT,7557
LIBRARY_MARTS,HEALTH,HEALTH__FED_CMS_DIALYSIS,PERCENTAGE_OF_ADULT_PATIENTS_WITH_SERUM_PHOSPHORUS_BETWEEN_5_6_7_0_MG_DL,FLOAT,7557
LIBRARY_MARTS,HEALTH,HEALTH__FED_CMS_DIALYSIS,PERCENTAGE_OF_ADULT_PATIENTS_WITH_SERUM_PHOSPHORUS_GREATER_THAN_7_0_MG_DL,FLOAT,7557
LIBRARY_MARTS,HEALTH,HEALTH__FED_CMS_DIALYSIS,PERCENTAGE_OF_ADULT_PATIENTS_WITH_SERUM_PHOSPHORUS_LESS_THAN_3_5_MG_DL,FLOAT,7557
LIBRARY_MARTS,HEALTH,HEALTH__FED_CMS_DIALYSIS,PERCENTAGE_OF_ADULT_PD_PTS_WITH_KT_V_1_7,FLOAT,7557
LIBRARY_MARTS,HEALTH,HEALTH__FED_CMS_DIALYSIS,PERCENTAGE_OF_MEDICARE_PATIENTS_WITH_HGB_10_G_DL,FLOAT,7557
LIBRARY_MARTS,HEALTH,HEALTH__FED_CMS_DIALYSIS,PERCENTAGE_OF_MEDICARE_PATIENTS_WITH_HGB_12_G_DL,FLOAT,7557
LIBRARY_MARTS,HEALTH,HEALTH__FED_CMS_DIALYSIS,PERCENTAGE_OF_PEDIATRIC_HD_PATIENTS_WITH_KT_V_1_2,FLOAT,7557
LIBRARY_MARTS,HEALTH,HEALTH__FED_CMS_DIALYSIS,PERCENTAGE_OF_PEDIATRIC_HD_PATIENTS_WITH_NPCR,FLOAT,7557
LIBRARY_MARTS,HEALTH,HEALTH__FED_CMS_DIALYSIS,PERCENTAGE_OF_PEDIATRIC_PD_PATIENTS_WITH_KT_V_1_8,FLOAT,7557
LIBRARY_MARTS,HEALTH,HEALTH__FED_CMS_DIALYSIS,PERCENTAGE_OF_PREVALENT_PATIENTS_WAITLISTED_FOR_KIDNEY_TRANSPLANT,FLOAT,7557
LIBRARY_MARTS,HEALTH,HEALTH__FED_CMS_DIALYSIS,PERCENT_OF_ADULT_HD_PATIENTS_WITH_KT_V_1_2,FLOAT,7557
LIBRARY_MARTS,HEALTH,HEALTH__FED_CMS_DIALYSIS,READMISSION_RATE_FACILITY,FLOAT,7557
LIBRARY_MARTS,HEALTH,HEALTH__FED_CMS_DIALYSIS,READMISSION_RATE_LOWER_CONFIDENCE_LIMIT_2_5,FLOAT,7557
LIBRARY_MARTS,HEALTH,HEALTH__FED_CMS_DIALYSIS,READMISSION_RATE_UPPER_CONFIDENCE_LIMIT_97_5,FLOAT,7557
LIBRARY_MARTS,HEALTH,HEALTH__FED_CMS_DIALYSIS,SEDR_UPPER_CONFIDENCE_LIMIT_97_5,TEXT,7557
LIBRARY_MARTS,HEALTH,HEALTH__FED_CMS_DIALYSIS,SIR_UPPER_CONFIDENCE_LIMIT_97_5,TEXT,7557
LIBRARY_MARTS,HEALTH,HEALTH__FED_CMS_DIALYSIS,SMOSR_STANDARDIZED_MODALITY_SWITCH_RATIO_FACILITY,FLOAT,7557
LIBRARY_MARTS,HEALTH,HEALTH__FED_CMS_DIALYSIS,SMOSR_UPPER_CONFIDENCE_LIMIT_FACILITY,TEXT,7557
LIBRARY_MARTS,HEALTH,HEALTH__FED_CMS_DIALYSIS,STANDARDIZED_ED_VISITS_RATIO_FACILITY,FLOAT,7557
LIBRARY_MARTS,HEALTH,HEALTH__FED_CMS_DIALYSIS,STANDARDIZED_ED_VISITS_WITHIN_30_DAYS_OF_HOSPITAL_DISCHARGE_RATIO_FACILITY,FLOAT,7557
LIBRARY_MARTS,HEALTH,HEALTH__FED_CMS_DIALYSIS,STANDARD_INFECTION_RATIO,FLOAT,7557
LIBRARY_MARTS,HEALTH,HEALTH__FED_CMS_DIALYSIS,TRANSFUSION_RATE_FACILITY,FLOAT,7557
LIBRARY_MARTS,HEALTH,HEALTH__FED_CMS_DIALYSIS,TRANSFUSION_RATE_LOWER_CONFIDENCE_LIMIT_2_5,FLOAT,7557
LIBRARY_MARTS,HEALTH,HEALTH__FED_CMS_DIALYSIS,TRANSFUSION_RATE_UPPER_CONFIDENCE_LIMIT_97_5,FLOAT,7557
LIBRARY_MARTS,HEALTH,HEALTH__FED_CMS_FACILITY_LEVEL_MINIMUM_DATA_SET_FREQUENCY,LONG_STAY_PERCENT,FLOAT,31403215
LIBRARY_MARTS,HEALTH,HEALTH__FED_CMS_FACILITY_LEVEL_MINIMUM_DATA_SET_FREQUENCY,OVERALL_PERCENT,FLOAT,31403215
LIBRARY_MARTS,HEALTH,HEALTH__FED_CMS_FACILITY_LEVEL_MINIMUM_DATA_SET_FREQUENCY,SHORT_STAY_PERCENT,FLOAT,31403215
LIBRARY_MARTS,HEALTH,HEALTH__FED_CMS_FEDERALLY_QUALIFIED_HEALTH_CENTER_ENROLLMENTS,INCORPORATION_DATE,DATE,11063
LIBRARY_MARTS,HEALTH,HEALTH__FED_CMS_FEDERALLY_QUALIFIED_HEALTH_CENTER_ENROLLMENTS,INCORPORATION_STATE,TEXT,11063
LIBRARY_MARTS,HEALTH,HEALTH__FED_CMS_HCRIS,ALLOWABLE_DSH_PERCENTAGE,FLOAT,6103
LIBRARY_MARTS,HEALTH,HEALTH__FED_CMS_HCRIS,COST_TO_CHARGE_RATIO,FLOAT,6103
LIBRARY_MARTS,HEALTH,HEALTH__FED_CMS_HCRIS,CURRENT_RATIO,FLOAT,6103
LIBRARY_MARTS,HEALTH,HEALTH__FED_CMS_HCRIS,NET_MARGIN_RATIO,FLOAT,6103
LIBRARY_MARTS,HEALTH,HEALTH__FED_CMS_HCRIS,OCCUPANCY_RATE,NUMBER,6103
LIBRARY_MARTS,HEALTH,HEALTH__FED_CMS_HOME_HEALTH,DENOMINATOR_FOR_DISCHARGE_FUNCTION_SCORE,FLOAT,12392
LIBRARY_MARTS,HEALTH,HEALTH__FED_CMS_HOME_HEALTH,DENOMINATOR_FOR_PERCENT_OF_RESIDENTS_EXPERIENCING_ONE_OR_MORE_FALLS_WITH_MAJOR_INJURY,FLOAT,12392
LIBRARY_MARTS,HEALTH,HEALTH__FED_CMS_HOME_HEALTH,DISCHARGE_FUNCTION_SCORE,FLOAT,12392
LIBRARY_MARTS,HEALTH,HEALTH__FED_CMS_HOME_HEALTH,DTC_OBSERVED_RATE,FLOAT,12392
LIBRARY_MARTS,HEALTH,HEALTH__FED_CMS_HOME_HEALTH,DTC_RISK_STANDARDIZED_RATE,FLOAT,12392
LIBRARY_MARTS,HEALTH,HEALTH__FED_CMS_HOME_HEALTH,DTC_RISK_STANDARDIZED_RATE_LOWER_LIMIT,FLOAT,12392
LIBRARY_MARTS,HEALTH,HEALTH__FED_CMS_HOME_HEALTH,DTC_RISK_STANDARDIZED_RATE_UPPER_LIMIT,FLOAT,12392
LIBRARY_MARTS,HEALTH,HEALTH__FED_CMS_HOME_HEALTH,FOOTNOTE_FOR_DISCHARGE_FUNCTION_SCORE,FLOAT,12392
LIBRARY_MARTS,HEALTH,HEALTH__FED_CMS_HOME_HEALTH,FOOTNOTE_FOR_DTC_RISK_STANDARDIZED_RATE,TEXT,12392
LIBRARY_MARTS,HEALTH,HEALTH__FED_CMS_HOME_HEALTH,FOOTNOTE_FOR_PERCENT_OF_RESIDENTS_EXPERIENCING_ONE_OR_MORE_FALLS_WITH_MAJOR_INJURY,TEXT,12392
LIBRARY_MARTS,HEALTH,HEALTH__FED_CMS_HOME_HEALTH,FOOTNOTE_FOR_PPH_RISK_STANDARDIZED_RATE,TEXT,12392
LIBRARY_MARTS,HEALTH,HEALTH__FED_CMS_HOME_HEALTH,FOOTNOTE_FOR_PPR_RISK_STANDARDIZED_RATE,TEXT,12392
LIBRARY_MARTS,HEALTH,HEALTH__FED_CMS_HOME_HEALTH,NO_OF_EPISODES_TO_CALC_HOW_MUCH_MEDICARE_SPENDS_PER_EPISODE_OF_CARE_AT_AGENCY_COMPARED_TO_SPENDING_AT_ALL_AGENCIES_NATIONAL,TEXT,12392
LIBRARY_MARTS,HEALTH,HEALTH__FED_CMS_HOME_HEALTH,NUMERATOR_FOR_DISCHARGE_FUNCTION_SCORE,FLOAT,12392
LIBRARY_MARTS,HEALTH,HEALTH__FED_CMS_HOME_HEALTH,NUMERATOR_FOR_PERCENT_OF_RESIDENTS_EXPERIENCING_ONE_OR_MORE_FALLS_WITH_MAJOR_INJURY,FLOAT,12392
LIBRARY_MARTS,HEALTH,HEALTH__FED_CMS_HOME_HEALTH,PERCENT_OF_RESIDENTS_EXPERIENCING_ONE_OR_MORE_FALLS_WITH_MAJOR_INJURY,FLOAT,12392
LIBRARY_MARTS,HEALTH,HEALTH__FED_CMS_HOME_HEALTH,PPH_OBSERVED_RATE,FLOAT,12392
LIBRARY_MARTS,HEALTH,HEALTH__FED_CMS_HOME_HEALTH,PPH_RISK_STANDARDIZED_RATE,FLOAT,12392
LIBRARY_MARTS,HEALTH,HEALTH__FED_CMS_HOME_HEALTH,PPH_RISK_STANDARDIZED_RATE_LOWER_LIMIT,FLOAT,12392
LIBRARY_MARTS,HEALTH,HEALTH__FED_CMS_HOME_HEALTH,PPH_RISK_STANDARDIZED_RATE_UPPER_LIMIT,FLOAT,12392
LIBRARY_MARTS,HEALTH,HEALTH__FED_CMS_HOME_HEALTH,PPR_OBSERVED_RATE,FLOAT,12392
LIBRARY_MARTS,HEALTH,HEALTH__FED_CMS_HOME_HEALTH,PPR_RISK_STANDARDIZED_RATE,FLOAT,12392
LIBRARY_MARTS,HEALTH,HEALTH__FED_CMS_HOME_HEALTH,PPR_RISK_STANDARDIZED_RATE_LOWER_LIMIT,FLOAT,12392
LIBRARY_MARTS,HEALTH,HEALTH__FED_CMS_HOME_HEALTH,PPR_RISK_STANDARDIZED_RATE_UPPER_LIMIT,FLOAT,12392
LIBRARY_MARTS,HEALTH,HEALTH__FED_CMS_HOME_HEALTH_AGENCY_ENROLLMENTS,INCORPORATION_DATE,DATE,11508
LIBRARY_MARTS,HEALTH,HEALTH__FED_CMS_HOME_HEALTH_AGENCY_ENROLLMENTS,INCORPORATION_STATE,TEXT,11508
LIBRARY_MARTS,HEALTH,HEALTH__FED_CMS_HOSPITAL_ENROLLMENTS,INCORPORATION_DATE,DATE,9175
LIBRARY_MARTS,HEALTH,HEALTH__FED_CMS_HOSPITAL_ENROLLMENTS,INCORPORATION_STATE,TEXT,9175
LIBRARY_MARTS,HEALTH,HEALTH__FED_CMS_HPT_MRF,MEDIAN_ALLOWED_AMOUNT,FLOAT,1
LIBRARY_MARTS,HEALTH,HEALTH__FED_CMS_HPT_MRF,NINETIETH_PERCENTILE_ALLOWED_AMOUNT,FLOAT,1
LIBRARY_MARTS,HEALTH,HEALTH__FED_CMS_HPT_MRF,PAYER_SPECIFIC_NEGOTIATED_CHARGE_PERCENTAGE,FLOAT,1
LIBRARY_MARTS,HEALTH,HEALTH__FED_CMS_HPT_MRF,TENTH_PERCENTILE_ALLOWED_AMOUNT,FLOAT,1
LIBRARY_MARTS,HEALTH,HEALTH__FED_CMS_MEDICARE_DIALYSIS_FACILITIES,MEASURE_SCORE,TEXT,12456456
LIBRARY_MARTS,HEALTH,HEALTH__FED_CMS_MEDICARE_DURABLE_MEDICAL_EQUIPMENT_DEVICES_SUPPLIES_BY_REFER,BENE_AVG_AGE,TEXT,381228
LIBRARY_MARTS,HEALTH,HEALTH__FED_CMS_MEDICARE_DURABLE_MEDICAL_EQUIPMENT_DEVICES_SUPPLIES_BY_REFER,BENE_AVG_RISK_SCRE,TEXT,381228
LIBRARY_MARTS,HEALTH,HEALTH__FED_CMS_MEDICARE_DURABLE_MEDICAL_EQUIPMENT_DEVICES_SUPPLIES_BY_REFER,BENE_CC_BH_ADHD_OTHCD_V1_PCT,FLOAT,381228
LIBRARY_MARTS,HEALTH,HEALTH__FED_CMS_MEDICARE_DURABLE_MEDICAL_EQUIPMENT_DEVICES_SUPPLIES_BY_REFER,BENE_CC_BH_ALCOHOL_DRUG_V1_PCT,FLOAT,381228
LIBRARY_MARTS,HEALTH,HEALTH__FED_CMS_MEDICARE_DURABLE_MEDICAL_EQUIPMENT_DEVICES_SUPPLIES_BY_REFER,BENE_CC_BH_ALZ_NONALZDEM_V2_PCT,FLOAT,381228
LIBRARY_MARTS,HEALTH,HEALTH__FED_CMS_MEDICARE_DURABLE_MEDICAL_EQUIPMENT_DEVICES_SUPPLIES_BY_REFER,BENE_CC_BH_ANXIETY_V1_PCT,FLOAT,381228
LIBRARY_MARTS,HEALTH,HEALTH__FED_CMS_MEDICARE_DURABLE_MEDICAL_EQUIPMENT_DEVICES_SUPPLIES_BY_REFER,BENE_CC_BH_BIPOLAR_V1_PCT,FLOAT,381228
LIBRARY_MARTS,HEALTH,HEALTH__FED_CMS_MEDICARE_DURABLE_MEDICAL_EQUIPMENT_DEVICES_SUPPLIES_BY_REFER,BENE_CC_BH_DEPRESS_V1_PCT,FLOAT,381228
LIBRARY_MARTS,HEALTH,HEALTH__FED_CMS_MEDICARE_DURABLE_MEDICAL_EQUIPMENT_DEVICES_SUPPLIES_BY_REFER,BENE_CC_BH_MOOD_V2_PCT,FLOAT,381228
LIBRARY_MARTS,HEALTH,HEALTH__FED_CMS_MEDICARE_DURABLE_MEDICAL_EQUIPMENT_DEVICES_SUPPLIES_BY_REFER,BENE_CC_BH_PD_V1_PCT,FLOAT,381228
LIBRARY_MARTS,HEALTH,HEALTH__FED_CMS_MEDICARE_DURABLE_MEDICAL_EQUIPMENT_DEVICES_SUPPLIES_BY_REFER,BENE_CC_BH_PTSD_V1_PCT,FLOAT,381228
LIBRARY_MARTS,HEALTH,HEALTH__FED_CMS_MEDICARE_DURABLE_MEDICAL_EQUIPMENT_DEVICES_SUPPLIES_BY_REFER,BENE_CC_BH_SCHIZO_OTHPSY_V1_PCT,FLOAT,381228
LIBRARY_MARTS,HEALTH,HEALTH__FED_CMS_MEDICARE_DURABLE_MEDICAL_EQUIPMENT_DEVICES_SUPPLIES_BY_REFER,BENE_CC_BH_TOBACCO_V1_PCT,FLOAT,381228
LIBRARY_MARTS,HEALTH,HEALTH__FED_CMS_MEDICARE_DURABLE_MEDICAL_EQUIPMENT_DEVICES_SUPPLIES_BY_REFER,BENE_CC_PH_AFIB_V2_PCT,FLOAT,381228
LIBRARY_MARTS,HEALTH,HEALTH__FED_CMS_MEDICARE_DURABLE_MEDICAL_EQUIPMENT_DEVICES_SUPPLIES_BY_REFER,BENE_CC_PH_ARTHRITIS_V2_PCT,FLOAT,381228
LIBRARY_MARTS,HEALTH,HEALTH__FED_CMS_MEDICARE_DURABLE_MEDICAL_EQUIPMENT_DEVICES_SUPPLIES_BY_REFER,BENE_CC_PH_ASTHMA_V2_PCT,FLOAT,381228
LIBRARY_MARTS,HEALTH,HEALTH__FED_CMS_MEDICARE_DURABLE_MEDICAL_EQUIPMENT_DEVICES_SUPPLIES_BY_REFER,BENE_CC_PH_CANCER6_V2_PCT,FLOAT,381228
LIBRARY_MARTS,HEALTH,HEALTH__FED_CMS_MEDICARE_DURABLE_MEDICAL_EQUIPMENT_DEVICES_SUPPLIES_BY_REFER,BENE_CC_PH_CKD_V2_PCT,FLOAT,381228
LIBRARY_MARTS,HEALTH,HEALTH__FED_CMS_MEDICARE_DURABLE_MEDICAL_EQUIPMENT_DEVICES_SUPPLIES_BY_REFER,BENE_CC_PH_COPD_V2_PCT,FLOAT,381228
LIBRARY_MARTS,HEALTH,HEALTH__FED_CMS_MEDICARE_DURABLE_MEDICAL_EQUIPMENT_DEVICES_SUPPLIES_BY_REFER,BENE_CC_PH_DIABETES_V2_PCT,FLOAT,381228
LIBRARY_MARTS,HEALTH,HEALTH__FED_CMS_MEDICARE_DURABLE_MEDICAL_EQUIPMENT_DEVICES_SUPPLIES_BY_REFER,BENE_CC_PH_HF_NONIHD_V2_PCT,FLOAT,381228
LIBRARY_MARTS,HEALTH,HEALTH__FED_CMS_MEDICARE_DURABLE_MEDICAL_EQUIPMENT_DEVICES_SUPPLIES_BY_REFER,BENE_CC_PH_HYPERLIPIDEMIA_V2_PCT,FLOAT,381228
LIBRARY_MARTS,HEALTH,HEALTH__FED_CMS_MEDICARE_DURABLE_MEDICAL_EQUIPMENT_DEVICES_SUPPLIES_BY_REFER,BENE_CC_PH_HYPERTENSION_V2_PCT,FLOAT,381228
LIBRARY_MARTS,HEALTH,HEALTH__FED_CMS_MEDICARE_DURABLE_MEDICAL_EQUIPMENT_DEVICES_SUPPLIES_BY_REFER,BENE_CC_PH_ISCHEMICHEART_V2_PCT,FLOAT,381228
LIBRARY_MARTS,HEALTH,HEALTH__FED_CMS_MEDICARE_DURABLE_MEDICAL_EQUIPMENT_DEVICES_SUPPLIES_BY_REFER,BENE_CC_PH_OSTEOPOROSIS_V2_PCT,FLOAT,381228
LIBRARY_MARTS,HEALTH,HEALTH__FED_CMS_MEDICARE_DURABLE_MEDICAL_EQUIPMENT_DEVICES_SUPPLIES_BY_REFER,BENE_CC_PH_PARKINSON_V2_PCT,FLOAT,381228
LIBRARY_MARTS,HEALTH,HEALTH__FED_CMS_MEDICARE_DURABLE_MEDICAL_EQUIPMENT_DEVICES_SUPPLIES_BY_REFER,BENE_CC_PH_STROKE_TIA_V2_PCT,FLOAT,381228
LIBRARY_MARTS,HEALTH,HEALTH__FED_CMS_MEDICARE_DURABLE_MEDICAL_EQUIPMENT_DEVICES_SUPPLIES_BY_SUPPL,AVG_SUPLR_MDCR_ALOWD_AMT,FLOAT,440670
LIBRARY_MARTS,HEALTH,HEALTH__FED_CMS_MEDICARE_DURABLE_MEDICAL_EQUIPMENT_DEVICES_SUPPLIES_BY_SUPPL,AVG_SUPLR_MDCR_PYMT_AMT,FLOAT,440670
LIBRARY_MARTS,HEALTH,HEALTH__FED_CMS_MEDICARE_DURABLE_MEDICAL_EQUIPMENT_DEVICES_SUPPLIES_BY_SUPPL,AVG_SUPLR_MDCR_STDZD_AMT,FLOAT,440670
LIBRARY_MARTS,HEALTH,HEALTH__FED_CMS_MEDICARE_DURABLE_MEDICAL_EQUIPMENT_DEVICES_SUPPLIES_BY_SUPPL,AVG_SUPLR_SBMTD_CHRG,TEXT,440670
LIBRARY_MARTS,HEALTH,HEALTH__FED_CMS_MEDICARE_INPATIENT_HOSPITALS_BY_PROVIDER,BENE_AVG_AGE,TEXT,3044
LIBRARY_MARTS,HEALTH,HEALTH__FED_CMS_MEDICARE_INPATIENT_HOSPITALS_BY_PROVIDER,BENE_AVG_RISK_SCRE,TEXT,3044
LIBRARY_MARTS,HEALTH,HEALTH__FED_CMS_MEDICARE_INPATIENT_HOSPITALS_BY_PROVIDER,BENE_CC_BH_ADHD_OTHCD_V1_PCT,FLOAT,3044
LIBRARY_MARTS,HEALTH,HEALTH__FED_CMS_MEDICARE_INPATIENT_HOSPITALS_BY_PROVIDER,BENE_CC_BH_ALCOHOL_DRUG_V1_PCT,FLOAT,3044
LIBRARY_MARTS,HEALTH,HEALTH__FED_CMS_MEDICARE_INPATIENT_HOSPITALS_BY_PROVIDER,BENE_CC_BH_ALZ_NONALZDEM_V2_PCT,FLOAT,3044
LIBRARY_MARTS,HEALTH,HEALTH__FED_CMS_MEDICARE_INPATIENT_HOSPITALS_BY_PROVIDER,BENE_CC_BH_ANXIETY_V1_PCT,FLOAT,3044
LIBRARY_MARTS,HEALTH,HEALTH__FED_CMS_MEDICARE_INPATIENT_HOSPITALS_BY_PROVIDER,BENE_CC_BH_BIPOLAR_V1_PCT,FLOAT,3044
LIBRARY_MARTS,HEALTH,HEALTH__FED_CMS_MEDICARE_INPATIENT_HOSPITALS_BY_PROVIDER,BENE_CC_BH_DEPRESS_V1_PCT,FLOAT,3044
LIBRARY_MARTS,HEALTH,HEALTH__FED_CMS_MEDICARE_INPATIENT_HOSPITALS_BY_PROVIDER,BENE_CC_BH_MOOD_V2_PCT,FLOAT,3044
LIBRARY_MARTS,HEALTH,HEALTH__FED_CMS_MEDICARE_INPATIENT_HOSPITALS_BY_PROVIDER,BENE_CC_BH_PD_V1_PCT,FLOAT,3044
LIBRARY_MARTS,HEALTH,HEALTH__FED_CMS_MEDICARE_INPATIENT_HOSPITALS_BY_PROVIDER,BENE_CC_BH_PTSD_V1_PCT,FLOAT,3044
LIBRARY_MARTS,HEALTH,HEALTH__FED_CMS_MEDICARE_INPATIENT_HOSPITALS_BY_PROVIDER,BENE_CC_BH_SCHIZO_OTHPSY_V1_PCT,FLOAT,3044
LIBRARY_MARTS,HEALTH,HEALTH__FED_CMS_MEDICARE_INPATIENT_HOSPITALS_BY_PROVIDER,BENE_CC_BH_TOBACCO_V1_PCT,FLOAT,3044
LIBRARY_MARTS,HEALTH,HEALTH__FED_CMS_MEDICARE_INPATIENT_HOSPITALS_BY_PROVIDER,BENE_CC_PH_AFIB_V2_PCT,FLOAT,3044
LIBRARY_MARTS,HEALTH,HEALTH__FED_CMS_MEDICARE_INPATIENT_HOSPITALS_BY_PROVIDER,BENE_CC_PH_ARTHRITIS_V2_PCT,FLOAT,3044
LIBRARY_MARTS,HEALTH,HEALTH__FED_CMS_MEDICARE_INPATIENT_HOSPITALS_BY_PROVIDER,BENE_CC_PH_ASTHMA_V2_PCT,FLOAT,3044
LIBRARY_MARTS,HEALTH,HEALTH__FED_CMS_MEDICARE_INPATIENT_HOSPITALS_BY_PROVIDER,BENE_CC_PH_CANCER6_V2_PCT,FLOAT,3044
LIBRARY_MARTS,HEALTH,HEALTH__FED_CMS_MEDICARE_INPATIENT_HOSPITALS_BY_PROVIDER,BENE_CC_PH_CKD_V2_PCT,FLOAT,3044
LIBRARY_MARTS,HEALTH,HEALTH__FED_CMS_MEDICARE_INPATIENT_HOSPITALS_BY_PROVIDER,BENE_CC_PH_COPD_V2_PCT,FLOAT,3044
LIBRARY_MARTS,HEALTH,HEALTH__FED_CMS_MEDICARE_INPATIENT_HOSPITALS_BY_PROVIDER,BENE_CC_PH_DIABETES_V2_PCT,FLOAT,3044
LIBRARY_MARTS,HEALTH,HEALTH__FED_CMS_MEDICARE_INPATIENT_HOSPITALS_BY_PROVIDER,BENE_CC_PH_HF_NONIHD_V2_PCT,FLOAT,3044
LIBRARY_MARTS,HEALTH,HEALTH__FED_CMS_MEDICARE_INPATIENT_HOSPITALS_BY_PROVIDER,BENE_CC_PH_HYPERLIPIDEMIA_V2_PCT,FLOAT,3044
LIBRARY_MARTS,HEALTH,HEALTH__FED_CMS_MEDICARE_INPATIENT_HOSPITALS_BY_PROVIDER,BENE_CC_PH_HYPERTENSION_V2_PCT,FLOAT,3044
LIBRARY_MARTS,HEALTH,HEALTH__FED_CMS_MEDICARE_INPATIENT_HOSPITALS_BY_PROVIDER,BENE_CC_PH_ISCHEMICHEART_V2_PCT,FLOAT,3044
LIBRARY_MARTS,HEALTH,HEALTH__FED_CMS_MEDICARE_INPATIENT_HOSPITALS_BY_PROVIDER,BENE_CC_PH_OSTEOPOROSIS_V2_PCT,FLOAT,3044
LIBRARY_MARTS,HEALTH,HEALTH__FED_CMS_MEDICARE_INPATIENT_HOSPITALS_BY_PROVIDER,BENE_CC_PH_PARKINSON_V2_PCT,FLOAT,3044
LIBRARY_MARTS,HEALTH,HEALTH__FED_CMS_MEDICARE_INPATIENT_HOSPITALS_BY_PROVIDER,BENE_CC_PH_STROKE_TIA_V2_PCT,FLOAT,3044
LIBRARY_MARTS,HEALTH,HEALTH__FED_CMS_MEDICARE_INPATIENT_HOSPITALS_BY_PROVIDER_AND_SERVICE,AVG_MDCR_PYMT_AMT,FLOAT,145879
LIBRARY_MARTS,HEALTH,HEALTH__FED_CMS_MEDICARE_INPATIENT_HOSPITALS_BY_PROVIDER_AND_SERVICE,AVG_SUBMTD_CVRD_CHRG,TEXT,145879
LIBRARY_MARTS,HEALTH,HEALTH__FED_CMS_MEDICARE_INPATIENT_HOSPITALS_BY_PROVIDER_AND_SERVICE,AVG_TOT_PYMT_AMT,FLOAT,145879
LIBRARY_MARTS,HEALTH,HEALTH__FED_CMS_MEDICARE_OUTPATIENT_HOSPITALS_BY_PROVIDER_AND_SERVICE,AVG_MDCR_ALOWD_AMT,FLOAT,116182
LIBRARY_MARTS,HEALTH,HEALTH__FED_CMS_MEDICARE_OUTPATIENT_HOSPITALS_BY_PROVIDER_AND_SERVICE,AVG_MDCR_OUTLIER_AMT,FLOAT,116182
LIBRARY_MARTS,HEALTH,HEALTH__FED_CMS_MEDICARE_OUTPATIENT_HOSPITALS_BY_PROVIDER_AND_SERVICE,AVG_MDCR_PYMT_AMT,FLOAT,116182
LIBRARY_MARTS,HEALTH,HEALTH__FED_CMS_MEDICARE_OUTPATIENT_HOSPITALS_BY_PROVIDER_AND_SERVICE,AVG_TOT_SBMTD_CHRGS,TEXT,116182
LIBRARY_MARTS,HEALTH,HEALTH__FED_CMS_MEDICARE_PHYSICIAN_OTHER_PRACTITIONERS_BY_PROVIDER,BENE_AVG_AGE,TEXT,1296739
LIBRARY_MARTS,HEALTH,HEALTH__FED_CMS_MEDICARE_PHYSICIAN_OTHER_PRACTITIONERS_BY_PROVIDER,BENE_AVG_RISK_SCRE,TEXT,1296739
LIBRARY_MARTS,HEALTH,HEALTH__FED_CMS_MEDICARE_PHYSICIAN_OTHER_PRACTITIONERS_BY_PROVIDER,BENE_CC_BH_ADHD_OTHCD_V1_PCT,FLOAT,1296739
LIBRARY_MARTS,HEALTH,HEALTH__FED_CMS_MEDICARE_PHYSICIAN_OTHER_PRACTITIONERS_BY_PROVIDER,BENE_CC_BH_ALCOHOL_DRUG_V1_PCT,FLOAT,1296739
LIBRARY_MARTS,HEALTH,HEALTH__FED_CMS_MEDICARE_PHYSICIAN_OTHER_PRACTITIONERS_BY_PROVIDER,BENE_CC_BH_ALZ_NONALZDEM_V2_PCT,FLOAT,1296739
LIBRARY_MARTS,HEALTH,HEALTH__FED_CMS_MEDICARE_PHYSICIAN_OTHER_PRACTITIONERS_BY_PROVIDER,BENE_CC_BH_ANXIETY_V1_PCT,FLOAT,1296739
LIBRARY_MARTS,HEALTH,HEALTH__FED_CMS_MEDICARE_PHYSICIAN_OTHER_PRACTITIONERS_BY_PROVIDER,BENE_CC_BH_BIPOLAR_V1_PCT,FLOAT,1296739
LIBRARY_MARTS,HEALTH,HEALTH__FED_CMS_MEDICARE_PHYSICIAN_OTHER_PRACTITIONERS_BY_PROVIDER,BENE_CC_BH_DEPRESS_V1_PCT,FLOAT,1296739
LIBRARY_MARTS,HEALTH,HEALTH__FED_CMS_MEDICARE_PHYSICIAN_OTHER_PRACTITIONERS_BY_PROVIDER,BENE_CC_BH_MOOD_V2_PCT,FLOAT,1296739
LIBRARY_MARTS,HEALTH,HEALTH__FED_CMS_MEDICARE_PHYSICIAN_OTHER_PRACTITIONERS_BY_PROVIDER,BENE_CC_BH_PD_V1_PCT,FLOAT,1296739
LIBRARY_MARTS,HEALTH,HEALTH__FED_CMS_MEDICARE_PHYSICIAN_OTHER_PRACTITIONERS_BY_PROVIDER,BENE_CC_BH_PTSD_V1_PCT,FLOAT,1296739
LIBRARY_MARTS,HEALTH,HEALTH__FED_CMS_MEDICARE_PHYSICIAN_OTHER_PRACTITIONERS_BY_PROVIDER,BENE_CC_BH_SCHIZO_OTHPSY_V1_PCT,FLOAT,1296739
LIBRARY_MARTS,HEALTH,HEALTH__FED_CMS_MEDICARE_PHYSICIAN_OTHER_PRACTITIONERS_BY_PROVIDER,BENE_CC_BH_TOBACCO_V1_PCT,FLOAT,1296739
LIBRARY_MARTS,HEALTH,HEALTH__FED_CMS_MEDICARE_PHYSICIAN_OTHER_PRACTITIONERS_BY_PROVIDER,BENE_CC_PH_AFIB_V2_PCT,FLOAT,1296739
LIBRARY_MARTS,HEALTH,HEALTH__FED_CMS_MEDICARE_PHYSICIAN_OTHER_PRACTITIONERS_BY_PROVIDER,BENE_CC_PH_ARTHRITIS_V2_PCT,FLOAT,1296739
LIBRARY_MARTS,HEALTH,HEALTH__FED_CMS_MEDICARE_PHYSICIAN_OTHER_PRACTITIONERS_BY_PROVIDER,BENE_CC_PH_ASTHMA_V2_PCT,FLOAT,1296739
LIBRARY_MARTS,HEALTH,HEALTH__FED_CMS_MEDICARE_PHYSICIAN_OTHER_PRACTITIONERS_BY_PROVIDER,BENE_CC_PH_CANCER6_V2_PCT,FLOAT,1296739
LIBRARY_MARTS,HEALTH,HEALTH__FED_CMS_MEDICARE_PHYSICIAN_OTHER_PRACTITIONERS_BY_PROVIDER,BENE_CC_PH_CKD_V2_PCT,FLOAT,1296739
LIBRARY_MARTS,HEALTH,HEALTH__FED_CMS_MEDICARE_PHYSICIAN_OTHER_PRACTITIONERS_BY_PROVIDER,BENE_CC_PH_COPD_V2_PCT,FLOAT,1296739
LIBRARY_MARTS,HEALTH,HEALTH__FED_CMS_MEDICARE_PHYSICIAN_OTHER_PRACTITIONERS_BY_PROVIDER,BENE_CC_PH_DIABETES_V2_PCT,FLOAT,1296739
LIBRARY_MARTS,HEALTH,HEALTH__FED_CMS_MEDICARE_PHYSICIAN_OTHER_PRACTITIONERS_BY_PROVIDER,BENE_CC_PH_HF_NONIHD_V2_PCT,FLOAT,1296739
LIBRARY_MARTS,HEALTH,HEALTH__FED_CMS_MEDICARE_PHYSICIAN_OTHER_PRACTITIONERS_BY_PROVIDER,BENE_CC_PH_HYPERLIPIDEMIA_V2_PCT,FLOAT,1296739
LIBRARY_MARTS,HEALTH,HEALTH__FED_CMS_MEDICARE_PHYSICIAN_OTHER_PRACTITIONERS_BY_PROVIDER,BENE_CC_PH_HYPERTENSION_V2_PCT,FLOAT,1296739
LIBRARY_MARTS,HEALTH,HEALTH__FED_CMS_MEDICARE_PHYSICIAN_OTHER_PRACTITIONERS_BY_PROVIDER,BENE_CC_PH_ISCHEMICHEART_V2_PCT,FLOAT,1296739
LIBRARY_MARTS,HEALTH,HEALTH__FED_CMS_MEDICARE_PHYSICIAN_OTHER_PRACTITIONERS_BY_PROVIDER,BENE_CC_PH_OSTEOPOROSIS_V2_PCT,FLOAT,1296739
LIBRARY_MARTS,HEALTH,HEALTH__FED_CMS_MEDICARE_PHYSICIAN_OTHER_PRACTITIONERS_BY_PROVIDER,BENE_CC_PH_PARKINSON_V2_PCT,FLOAT,1296739
LIBRARY_MARTS,HEALTH,HEALTH__FED_CMS_MEDICARE_PHYSICIAN_OTHER_PRACTITIONERS_BY_PROVIDER,BENE_CC_PH_STROKE_TIA_V2_PCT,FLOAT,1296739
LIBRARY_MARTS,HEALTH,HEALTH__FED_CMS_MEDICARE_PHYSICIAN_OTHER_PRACTITIONERS_BY_PROVIDER_AND_SERVI,AVG_MDCR_ALOWD_AMT,FLOAT,9781673
LIBRARY_MARTS,HEALTH,HEALTH__FED_CMS_MEDICARE_PHYSICIAN_OTHER_PRACTITIONERS_BY_PROVIDER_AND_SERVI,AVG_MDCR_PYMT_AMT,FLOAT,9781673
LIBRARY_MARTS,HEALTH,HEALTH__FED_CMS_MEDICARE_PHYSICIAN_OTHER_PRACTITIONERS_BY_PROVIDER_AND_SERVI,AVG_MDCR_STDZD_AMT,FLOAT,9781673
LIBRARY_MARTS,HEALTH,HEALTH__FED_CMS_MEDICARE_PHYSICIAN_OTHER_PRACTITIONERS_BY_PROVIDER_AND_SERVI,AVG_SBMTD_CHRG,TEXT,9781673
LIBRARY_MARTS,HEALTH,HEALTH__FED_CMS_MEDICARE_PROVIDER,BENE_AVG_AGE,TEXT,1296739
LIBRARY_MARTS,HEALTH,HEALTH__FED_CMS_MEDICARE_PROVIDER,BENE_AVG_RISK_SCRE,TEXT,1296739
LIBRARY_MARTS,HEALTH,HEALTH__FED_CMS_MEDICARE_PROVIDER,BENE_CC_BH_ADHD_OTHCD_V1_PCT,FLOAT,1296739
LIBRARY_MARTS,HEALTH,HEALTH__FED_CMS_MEDICARE_PROVIDER,BENE_CC_BH_ALCOHOL_DRUG_V1_PCT,FLOAT,1296739
LIBRARY_MARTS,HEALTH,HEALTH__FED_CMS_MEDICARE_PROVIDER,BENE_CC_BH_ALZ_NONALZDEM_V2_PCT,FLOAT,1296739
LIBRARY_MARTS,HEALTH,HEALTH__FED_CMS_MEDICARE_PROVIDER,BENE_CC_BH_ANXIETY_V1_PCT,FLOAT,1296739
LIBRARY_MARTS,HEALTH,HEALTH__FED_CMS_MEDICARE_PROVIDER,BENE_CC_BH_BIPOLAR_V1_PCT,FLOAT,1296739
LIBRARY_MARTS,HEALTH,HEALTH__FED_CMS_MEDICARE_PROVIDER,BENE_CC_BH_DEPRESS_V1_PCT,FLOAT,1296739
LIBRARY_MARTS,HEALTH,HEALTH__FED_CMS_MEDICARE_PROVIDER,BENE_CC_BH_MOOD_V2_PCT,FLOAT,1296739
LIBRARY_MARTS,HEALTH,HEALTH__FED_CMS_MEDICARE_PROVIDER,BENE_CC_BH_PD_V1_PCT,FLOAT,1296739
LIBRARY_MARTS,HEALTH,HEALTH__FED_CMS_MEDICARE_PROVIDER,BENE_CC_BH_PTSD_V1_PCT,FLOAT,1296739
LIBRARY_MARTS,HEALTH,HEALTH__FED_CMS_MEDICARE_PROVIDER,BENE_CC_BH_SCHIZO_OTHPSY_V1_PCT,FLOAT,1296739
LIBRARY_MARTS,HEALTH,HEALTH__FED_CMS_MEDICARE_PROVIDER,BENE_CC_BH_TOBACCO_V1_PCT,FLOAT,1296739
LIBRARY_MARTS,HEALTH,HEALTH__FED_CMS_MEDICARE_PROVIDER,BENE_CC_PH_AFIB_V2_PCT,FLOAT,1296739
LIBRARY_MARTS,HEALTH,HEALTH__FED_CMS_MEDICARE_PROVIDER,BENE_CC_PH_ARTHRITIS_V2_PCT,FLOAT,1296739
LIBRARY_MARTS,HEALTH,HEALTH__FED_CMS_MEDICARE_PROVIDER,BENE_CC_PH_ASTHMA_V2_PCT,FLOAT,1296739
LIBRARY_MARTS,HEALTH,HEALTH__FED_CMS_MEDICARE_PROVIDER,BENE_CC_PH_CANCER6_V2_PCT,FLOAT,1296739
LIBRARY_MARTS,HEALTH,HEALTH__FED_CMS_MEDICARE_PROVIDER,BENE_CC_PH_CKD_V2_PCT,FLOAT,1296739
LIBRARY_MARTS,HEALTH,HEALTH__FED_CMS_MEDICARE_PROVIDER,BENE_CC_PH_COPD_V2_PCT,FLOAT,1296739
LIBRARY_MARTS,HEALTH,HEALTH__FED_CMS_MEDICARE_PROVIDER,BENE_CC_PH_DIABETES_V2_PCT,FLOAT,1296739
LIBRARY_MARTS,HEALTH,HEALTH__FED_CMS_MEDICARE_PROVIDER,BENE_CC_PH_HF_NONIHD_V2_PCT,FLOAT,1296739
LIBRARY_MARTS,HEALTH,HEALTH__FED_CMS_MEDICARE_PROVIDER,BENE_CC_PH_HYPERLIPIDEMIA_V2_PCT,FLOAT,1296739
LIBRARY_MARTS,HEALTH,HEALTH__FED_CMS_MEDICARE_PROVIDER,BENE_CC_PH_HYPERTENSION_V2_PCT,FLOAT,1296739
LIBRARY_MARTS,HEALTH,HEALTH__FED_CMS_MEDICARE_PROVIDER,BENE_CC_PH_ISCHEMICHEART_V2_PCT,FLOAT,1296739
LIBRARY_MARTS,HEALTH,HEALTH__FED_CMS_MEDICARE_PROVIDER,BENE_CC_PH_OSTEOPOROSIS_V2_PCT,FLOAT,1296739
LIBRARY_MARTS,HEALTH,HEALTH__FED_CMS_MEDICARE_PROVIDER,BENE_CC_PH_PARKINSON_V2_PCT,FLOAT,1296739
LIBRARY_MARTS,HEALTH,HEALTH__FED_CMS_MEDICARE_PROVIDER,BENE_CC_PH_STROKE_TIA_V2_PCT,FLOAT,1296739
LIBRARY_MARTS,HEALTH,HEALTH__FED_CMS_NADAC,BRAND_TO_GENERIC_RATIO,FLOAT,359514
LIBRARY_MARTS,HEALTH,HEALTH__FED_CMS_NADAC,GENERIC_NADAC_PER_UNIT,FLOAT,359514
LIBRARY_MARTS,HEALTH,HEALTH__FED_CMS_NADAC,NADAC_PER_UNIT,FLOAT,359514
LIBRARY_MARTS,HEALTH,HEALTH__FED_CMS_NADAC,RATE_CLASSIFICATION,TEXT,359514
LIBRARY_MARTS,HEALTH,HEALTH__FED_CMS_NPPES,PROVIDER_ENUMERATION_DATE,DATE,9606683
LIBRARY_MARTS,HEALTH,HEALTH__FED_CMS_NURSING_HOME,ADJUSTED_LPN_STAFFING_HOURS_PER_RESIDENT_PER_DAY,FLOAT,14700
LIBRARY_MARTS,HEALTH,HEALTH__FED_CMS_NURSING_HOME,ADJUSTED_NURSE_AIDE_STAFFING_HOURS_PER_RESIDENT_PER_DAY,FLOAT,14700
LIBRARY_MARTS,HEALTH,HEALTH__FED_CMS_NURSING_HOME,ADJUSTED_RN_STAFFING_HOURS_PER_RESIDENT_PER_DAY,FLOAT,14700
LIBRARY_MARTS,HEALTH,HEALTH__FED_CMS_NURSING_HOME,ADJUSTED_TOTAL_NURSE_STAFFING_HOURS_PER_RESIDENT_PER_DAY,FLOAT,14700
LIBRARY_MARTS,HEALTH,HEALTH__FED_CMS_NURSING_HOME,ADJUSTED_WEEKEND_TOTAL_NURSE_STAFFING_HOURS_PER_RESIDENT_PER_DAY,FLOAT,14700
LIBRARY_MARTS,HEALTH,HEALTH__FED_CMS_NURSING_HOME,AVERAGE_NUMBER_OF_RESIDENTS_PER_DAY,FLOAT,14700
LIBRARY_MARTS,HEALTH,HEALTH__FED_CMS_NURSING_HOME,CASE_MIX_LPN_STAFFING_HOURS_PER_RESIDENT_PER_DAY,FLOAT,14700
LIBRARY_MARTS,HEALTH,HEALTH__FED_CMS_NURSING_HOME,CASE_MIX_NURSE_AIDE_STAFFING_HOURS_PER_RESIDENT_PER_DAY,FLOAT,14700
LIBRARY_MARTS,HEALTH,HEALTH__FED_CMS_NURSING_HOME,CASE_MIX_RN_STAFFING_HOURS_PER_RESIDENT_PER_DAY,FLOAT,14700
LIBRARY_MARTS,HEALTH,HEALTH__FED_CMS_NURSING_HOME,CASE_MIX_TOTAL_NURSE_STAFFING_HOURS_PER_RESIDENT_PER_DAY,FLOAT,14700
LIBRARY_MARTS,HEALTH,HEALTH__FED_CMS_NURSING_HOME,CASE_MIX_WEEKEND_TOTAL_NURSE_STAFFING_HOURS_PER_RESIDENT_PER_DAY,FLOAT,14700
LIBRARY_MARTS,HEALTH,HEALTH__FED_CMS_NURSING_HOME,NURSING_CASE_MIX_INDEX,FLOAT,14700
LIBRARY_MARTS,HEALTH,HEALTH__FED_CMS_NURSING_HOME,NURSING_CASE_MIX_INDEX_RATIO,FLOAT,14700
LIBRARY_MARTS,HEALTH,HEALTH__FED_CMS_NURSING_HOME,RATING_CYCLE_1_HEALTH_DEFICIENCY_SCORE,FLOAT,14700
LIBRARY_MARTS,HEALTH,HEALTH__FED_CMS_NURSING_HOME,RATING_CYCLE_1_HEALTH_REVISIT_SCORE,FLOAT,14700
LIBRARY_MARTS,HEALTH,HEALTH__FED_CMS_NURSING_HOME,RATING_CYCLE_1_TOTAL_HEALTH_SCORE,FLOAT,14700
LIBRARY_MARTS,HEALTH,HEALTH__FED_CMS_NURSING_HOME,RATING_CYCLE_2_3_HEALTH_DEFICIENCY_SCORE,FLOAT,14700
LIBRARY_MARTS,HEALTH,HEALTH__FED_CMS_NURSING_HOME,RATING_CYCLE_2_3_HEALTH_REVISIT_SCORE,FLOAT,14700
LIBRARY_MARTS,HEALTH,HEALTH__FED_CMS_NURSING_HOME,RATING_CYCLE_2_3_TOTAL_HEALTH_SCORE,FLOAT,14700
LIBRARY_MARTS,HEALTH,HEALTH__FED_CMS_NURSING_HOME,REGISTERED_NURSE_HOURS_PER_RESIDENT_PER_DAY_ON_THE_WEEKEND,FLOAT,14700
LIBRARY_MARTS,HEALTH,HEALTH__FED_CMS_NURSING_HOME,REPORTED_LICENSED_STAFFING_HOURS_PER_RESIDENT_PER_DAY,FLOAT,14700
LIBRARY_MARTS,HEALTH,HEALTH__FED_CMS_NURSING_HOME,REPORTED_LPN_STAFFING_HOURS_PER_RESIDENT_PER_DAY,FLOAT,14700
LIBRARY_MARTS,HEALTH,HEALTH__FED_CMS_NURSING_HOME,REPORTED_NURSE_AIDE_STAFFING_HOURS_PER_RESIDENT_PER_DAY,FLOAT,14700
LIBRARY_MARTS,HEALTH,HEALTH__FED_CMS_NURSING_HOME,REPORTED_PHYSICAL_THERAPIST_STAFFING_HOURS_PER_RESIDENT_PER_DAY,FLOAT,14700
LIBRARY_MARTS,HEALTH,HEALTH__FED_CMS_NURSING_HOME,REPORTED_RN_STAFFING_HOURS_PER_RESIDENT_PER_DAY,FLOAT,14700
LIBRARY_MARTS,HEALTH,HEALTH__FED_CMS_NURSING_HOME,REPORTED_TOTAL_NURSE_STAFFING_HOURS_PER_RESIDENT_PER_DAY,FLOAT,14700
LIBRARY_MARTS,HEALTH,HEALTH__FED_CMS_NURSING_HOME,TOTAL_NUMBER_OF_NURSE_STAFF_HOURS_PER_RESIDENT_PER_DAY_ON_THE_WEEKEND,FLOAT,14700
LIBRARY_MARTS,HEALTH,HEALTH__FED_CMS_NURSING_HOME,TOTAL_WEIGHTED_HEALTH_SURVEY_SCORE,FLOAT,14700
LIBRARY_MARTS,HEALTH,HEALTH__FED_CMS_PARTD_PRESCRIBERS,CLAIMS_PER_BENEFICIARY,NUMBER,25869521
LIBRARY_MARTS,HEALTH,HEALTH__FED_CMS_PARTD_PRESCRIBERS,COST_PER_CLAIM,FLOAT,25869521
LIBRARY_MARTS,HEALTH,HEALTH__FED_CMS_PART_D_PRESCRIBERS,BENE_AVG_AGE,TEXT,1416883
LIBRARY_MARTS,HEALTH,HEALTH__FED_CMS_PART_D_PRESCRIBERS,BENE_AVG_RISK_SCRE,TEXT,1416883
LIBRARY_MARTS,HEALTH,HEALTH__FED_CMS_PART_D_PRESCRIBERS,OPIOID_LA_PRSCRBR_RATE,TEXT,1416883
LIBRARY_MARTS,HEALTH,HEALTH__FED_CMS_PART_D_PRESCRIBERS,OPIOID_PRSCRBR_RATE,TEXT,1416883
LIBRARY_MARTS,HEALTH,HEALTH__FED_CMS_POS_OTHER,BED_PER_ROOM_WVR_SW,TEXT,44429
LIBRARY_MARTS,HEALTH,HEALTH__FED_CMS_QUALITY_PAYMENT_PROGRAM_EXPERIENCE,COST_CATEGORY_SCORE,FLOAT,503917
LIBRARY_MARTS,HEALTH,HEALTH__FED_CMS_QUALITY_PAYMENT_PROGRAM_EXPERIENCE,COST_IMPROVEMENT_SCORE,FLOAT,503917
LIBRARY_MARTS,HEALTH,HEALTH__FED_CMS_QUALITY_PAYMENT_PROGRAM_EXPERIENCE,DUAL_ELIGIBILITY_RATIO,FLOAT,503917
LIBRARY_MARTS,HEALTH,HEALTH__FED_CMS_QUALITY_PAYMENT_PROGRAM_EXPERIENCE,FINAL_SCORE,TEXT,503917
LIBRARY_MARTS,HEALTH,HEALTH__FED_CMS_QUALITY_PAYMENT_PROGRAM_EXPERIENCE,IA_MEASURE_SCORE_1,TEXT,503917
LIBRARY_MARTS,HEALTH,HEALTH__FED_CMS_QUALITY_PAYMENT_PROGRAM_EXPERIENCE,IA_MEASURE_SCORE_2,TEXT,503917
LIBRARY_MARTS,HEALTH,HEALTH__FED_CMS_QUALITY_PAYMENT_PROGRAM_EXPERIENCE,IA_MEASURE_SCORE_3,TEXT,503917
LIBRARY_MARTS,HEALTH,HEALTH__FED_CMS_QUALITY_PAYMENT_PROGRAM_EXPERIENCE,IA_MEASURE_SCORE_4,TEXT,503917
LIBRARY_MARTS,HEALTH,HEALTH__FED_CMS_QUALITY_PAYMENT_PROGRAM_EXPERIENCE,IMPROVEMENT_ACTIVITIES_IA_CATEGORY_SCORE,TEXT,503917
LIBRARY_MARTS,HEALTH,HEALTH__FED_CMS_QUALITY_PAYMENT_PROGRAM_EXPERIENCE,PAYMENT_ADJUSTMENT_PERCENTAGE,FLOAT,503917
LIBRARY_MARTS,HEALTH,HEALTH__FED_CMS_QUALITY_PAYMENT_PROGRAM_EXPERIENCE,PI_MEASURE_SCORE_1,TEXT,503917
LIBRARY_MARTS,HEALTH,HEALTH__FED_CMS_QUALITY_PAYMENT_PROGRAM_EXPERIENCE,PI_MEASURE_SCORE_10,TEXT,503917
LIBRARY_MARTS,HEALTH,HEALTH__FED_CMS_QUALITY_PAYMENT_PROGRAM_EXPERIENCE,PI_MEASURE_SCORE_11,TEXT,503917
LIBRARY_MARTS,HEALTH,HEALTH__FED_CMS_QUALITY_PAYMENT_PROGRAM_EXPERIENCE,PI_MEASURE_SCORE_12,TEXT,503917
LIBRARY_MARTS,HEALTH,HEALTH__FED_CMS_QUALITY_PAYMENT_PROGRAM_EXPERIENCE,PI_MEASURE_SCORE_13,TEXT,503917
LIBRARY_MARTS,HEALTH,HEALTH__FED_CMS_QUALITY_PAYMENT_PROGRAM_EXPERIENCE,PI_MEASURE_SCORE_14,TEXT,503917
LIBRARY_MARTS,HEALTH,HEALTH__FED_CMS_QUALITY_PAYMENT_PROGRAM_EXPERIENCE,PI_MEASURE_SCORE_15,TEXT,503917
LIBRARY_MARTS,HEALTH,HEALTH__FED_CMS_QUALITY_PAYMENT_PROGRAM_EXPERIENCE,PI_MEASURE_SCORE_16,TEXT,503917
LIBRARY_MARTS,HEALTH,HEALTH__FED_CMS_QUALITY_PAYMENT_PROGRAM_EXPERIENCE,PI_MEASURE_SCORE_17,TEXT,503917
LIBRARY_MARTS,HEALTH,HEALTH__FED_CMS_QUALITY_PAYMENT_PROGRAM_EXPERIENCE,PI_MEASURE_SCORE_18,TEXT,503917
LIBRARY_MARTS,HEALTH,HEALTH__FED_CMS_QUALITY_PAYMENT_PROGRAM_EXPERIENCE,PI_MEASURE_SCORE_19,TEXT,503917
LIBRARY_MARTS,HEALTH,HEALTH__FED_CMS_QUALITY_PAYMENT_PROGRAM_EXPERIENCE,PI_MEASURE_SCORE_2,TEXT,503917
LIBRARY_MARTS,HEALTH,HEALTH__FED_CMS_QUALITY_PAYMENT_PROGRAM_EXPERIENCE,PI_MEASURE_SCORE_20,TEXT,503917
LIBRARY_MARTS,HEALTH,HEALTH__FED_CMS_QUALITY_PAYMENT_PROGRAM_EXPERIENCE,PI_MEASURE_SCORE_21,NUMBER,503917
LIBRARY_MARTS,HEALTH,HEALTH__FED_CMS_QUALITY_PAYMENT_PROGRAM_EXPERIENCE,PI_MEASURE_SCORE_3,TEXT,503917
LIBRARY_MARTS,HEALTH,HEALTH__FED_CMS_QUALITY_PAYMENT_PROGRAM_EXPERIENCE,PI_MEASURE_SCORE_4,TEXT,503917
LIBRARY_MARTS,HEALTH,HEALTH__FED_CMS_QUALITY_PAYMENT_PROGRAM_EXPERIENCE,PI_MEASURE_SCORE_5,TEXT,503917
LIBRARY_MARTS,HEALTH,HEALTH__FED_CMS_QUALITY_PAYMENT_PROGRAM_EXPERIENCE,PI_MEASURE_SCORE_6,TEXT,503917
LIBRARY_MARTS,HEALTH,HEALTH__FED_CMS_QUALITY_PAYMENT_PROGRAM_EXPERIENCE,PI_MEASURE_SCORE_7,TEXT,503917
LIBRARY_MARTS,HEALTH,HEALTH__FED_CMS_QUALITY_PAYMENT_PROGRAM_EXPERIENCE,PI_MEASURE_SCORE_8,TEXT,503917
LIBRARY_MARTS,HEALTH,HEALTH__FED_CMS_QUALITY_PAYMENT_PROGRAM_EXPERIENCE,PI_MEASURE_SCORE_9,TEXT,503917
LIBRARY_MARTS,HEALTH,HEALTH__FED_CMS_QUALITY_PAYMENT_PROGRAM_EXPERIENCE,PROMOTING_INTEROPERABILITY_PI_CATEGORY_SCORE,TEXT,503917
LIBRARY_MARTS,HEALTH,HEALTH__FED_CMS_QUALITY_PAYMENT_PROGRAM_EXPERIENCE,QUALITY_CATEGORY_SCORE,TEXT,503917
LIBRARY_MARTS,HEALTH,HEALTH__FED_CMS_QUALITY_PAYMENT_PROGRAM_EXPERIENCE,QUALITY_IMPROVEMENT_SCORE,TEXT,503917
LIBRARY_MARTS,HEALTH,HEALTH__FED_CMS_QUALITY_PAYMENT_PROGRAM_EXPERIENCE,QUALITY_MEASURE_SCORE_1,TEXT,503917
LIBRARY_MARTS,HEALTH,HEALTH__FED_CMS_QUALITY_PAYMENT_PROGRAM_EXPERIENCE,QUALITY_MEASURE_SCORE_10,TEXT,503917
LIBRARY_MARTS,HEALTH,HEALTH__FED_CMS_QUALITY_PAYMENT_PROGRAM_EXPERIENCE,QUALITY_MEASURE_SCORE_11,TEXT,503917
LIBRARY_MARTS,HEALTH,HEALTH__FED_CMS_QUALITY_PAYMENT_PROGRAM_EXPERIENCE,QUALITY_MEASURE_SCORE_12,NUMBER,503917
LIBRARY_MARTS,HEALTH,HEALTH__FED_CMS_QUALITY_PAYMENT_PROGRAM_EXPERIENCE,QUALITY_MEASURE_SCORE_2,TEXT,503917
LIBRARY_MARTS,HEALTH,HEALTH__FED_CMS_QUALITY_PAYMENT_PROGRAM_EXPERIENCE,QUALITY_MEASURE_SCORE_3,TEXT,503917
LIBRARY_MARTS,HEALTH,HEALTH__FED_CMS_QUALITY_PAYMENT_PROGRAM_EXPERIENCE,QUALITY_MEASURE_SCORE_4,TEXT,503917
LIBRARY_MARTS,HEALTH,HEALTH__FED_CMS_QUALITY_PAYMENT_PROGRAM_EXPERIENCE,QUALITY_MEASURE_SCORE_5,TEXT,503917
LIBRARY_MARTS,HEALTH,HEALTH__FED_CMS_QUALITY_PAYMENT_PROGRAM_EXPERIENCE,QUALITY_MEASURE_SCORE_6,TEXT,503917
LIBRARY_MARTS,HEALTH,HEALTH__FED_CMS_QUALITY_PAYMENT_PROGRAM_EXPERIENCE,QUALITY_MEASURE_SCORE_7,TEXT,503917
LIBRARY_MARTS,HEALTH,HEALTH__FED_CMS_QUALITY_PAYMENT_PROGRAM_EXPERIENCE,QUALITY_MEASURE_SCORE_8,TEXT,503917
LIBRARY_MARTS,HEALTH,HEALTH__FED_CMS_QUALITY_PAYMENT_PROGRAM_EXPERIENCE,QUALITY_MEASURE_SCORE_9,TEXT,503917
LIBRARY_MARTS,HEALTH,HEALTH__FED_CMS_QUALITY_PAYMENT_PROGRAM_EXPERIENCE,RECEIVED_FACILITY_SCORE,TEXT,503917
LIBRARY_MARTS,HEALTH,HEALTH__FED_CMS_RURAL_HEALTH_CLINIC_ENROLLMENTS,INCORPORATION_DATE,DATE,5530
LIBRARY_MARTS,HEALTH,HEALTH__FED_CMS_RURAL_HEALTH_CLINIC_ENROLLMENTS,INCORPORATION_STATE,TEXT,5530
LIBRARY_MARTS,HEALTH,HEALTH__FED_CMS_SKILLED_NURSING_FACILITY_ENROLLMENTS,INCORPORATION_DATE,DATE,14425
LIBRARY_MARTS,HEALTH,HEALTH__FED_CMS_SKILLED_NURSING_FACILITY_ENROLLMENTS,INCORPORATION_STATE,TEXT,14425
LIBRARY_MARTS,HEALTH,HEALTH__FED_FDA_DEVICE_CLASSIFICATION,REGISTRATION_NUMBER_LIST,TEXT,7085
LIBRARY_MARTS,HEALTH,HEALTH__FED_FDA_DEVICE_ENFORCEMENT,REGISTRATION_NUMBER_LIST,TEXT,39635
LIBRARY_MARTS,HEALTH,HEALTH__FED_FDA_ESTABLISHMENT_REG,REGISTRATION_NUMBER,TEXT,263374
LIBRARY_MARTS,HEALTH,HEALTH__FED_FDA_PURPLE_BOOK,EXCLUSIVITY_EXPIRATION_DATE,DATE,2228
LIBRARY_MARTS,HEALTH,HEALTH__FED_FDA_PURPLE_BOOK,PROPER_NAME,TEXT,2228
LIBRARY_MARTS,HEALTH,HEALTH__FED_FDA_PURPLE_BOOK,REF_PRODUCT_PROPER_NAME,TEXT,2228
LIBRARY_MARTS,HEALTH,HEALTH__FED_FDA_PURPLE_BOOK,ROUTE_OF_ADMINISTRATION,TEXT,2228
LIBRARY_MARTS,HEALTH,HEALTH__FED_HRSA_HPSA_PRIMARY_CARE,FORMAL_RATIO,TEXT,79158
LIBRARY_MARTS,HEALTH,HEALTH__FED_HRSA_HPSA_PRIMARY_CARE,HPSA_SCORE,NUMBER,79158
LIBRARY_MARTS,HEALTH,HEALTH__FED_HRSA_HPSA_PRIMARY_CARE,PCT_POPULATION_BELOW_POVERTY,NUMBER,79158
LIBRARY_MARTS,HEALTH,HEALTH__FED_HRSA_HPSA_PRIMARY_CARE,PC_MCTA_SCORE,NUMBER,79158
LIBRARY_MARTS,HEALTH,HEALTH__FED_HRSA_HPSA_PRIMARY_CARE,PROVIDER_RATIO_GOAL,TEXT,79158
LIBRARY_MARTS,HEALTH,HEALTH__FED_HRSA_SHORTAGE_AREAS,HPSA_FORMAL_RATIO,FLOAT,165531
LIBRARY_MARTS,HEALTH,HEALTH__FED_HRSA_SHORTAGE_AREAS,HPSA_PROVIDER_RATIO_GOAL,FLOAT,165531
LIBRARY_MARTS,HEALTH,HEALTH__FED_HRSA_SHORTAGE_AREAS,HPSA_SCORE,FLOAT,165531
LIBRARY_MARTS,HEALTH,HEALTH__FED_HRSA_SHORTAGE_AREAS,PC_MCTA_SCORE,FLOAT,165531
LIBRARY_MARTS,HEALTH,HEALTH__FED_HRSA_UDS_SERVICE_DELIVERY_SITES,OPERATING_HOURS_PER_WEEK,NUMBER,19038
LIBRARY_MARTS,HEALTH,HEALTH__FED_IHS_FACILITIES,FACILITY_OPERATED_BY,TEXT,1006
LIBRARY_MARTS,HEALTH,HEALTH__FED_NURSINGHOME411,AVERAGE_NUMBER_OF_RESIDENTS_PER_DAY,NUMBER,14713
LIBRARY_MARTS,HEALTH,HEALTH__FED_NURSINGHOME411,DEVIATION_FROM_EXPECTED_TOTAL_NURSE_HOURS_PER_RESIDENT_PER_DAY,FLOAT,14713
LIBRARY_MARTS,HEALTH,HEALTH__FED_NURSINGHOME411,EXPECTED_NURSE_AIDE_STAFFING_HOURS_PER_RESIDENT_DAY,TEXT,14713
LIBRARY_MARTS,HEALTH,HEALTH__FED_NURSINGHOME411,EXPECTED_RN_STAFFING_HOURS_PER_RESIDENT_PER_DAY,TEXT,14713
LIBRARY_MARTS,HEALTH,HEALTH__FED_NURSINGHOME411,EXPECTED_TOTAL_NURSE_STAFFING_HOURS_PER_RESIDENT_DAY,FLOAT,14713
LIBRARY_MARTS,HEALTH,HEALTH__FED_NURSINGHOME411,NURSING_CASE_MIX_INDEX,FLOAT,14713
LIBRARY_MARTS,HEALTH,HEALTH__FED_NURSINGHOME411,NURSING_CASE_MIX_INDEX_RATIO,FLOAT,14713
LIBRARY_MARTS,HEALTH,HEALTH__FED_NURSINGHOME411,REGISTERED_NURSE_HOURS_PER_RESIDENT_PER_DAY_ON_THE_WEEKEND,TEXT,14713
LIBRARY_MARTS,HEALTH,HEALTH__FED_NURSINGHOME411,REPORTED_LICENSED_STAFFING_HOURS_PER_RESIDENT_PER_DAY,TEXT,14713
LIBRARY_MARTS,HEALTH,HEALTH__FED_NURSINGHOME411,REPORTED_LPN_STAFFING_HOURS_PER_RESIDENT_PER_DAY,TEXT,14713
LIBRARY_MARTS,HEALTH,HEALTH__FED_NURSINGHOME411,REPORTED_NURSE_AIDE_STAFFING_HOURS_PER_RESIDENT_PER_DAY,TEXT,14713
LIBRARY_MARTS,HEALTH,HEALTH__FED_NURSINGHOME411,REPORTED_PHYSICAL_THERAPIST_STAFFING_HOURS_PER_RESIDENT_PER_DAY,TEXT,14713
LIBRARY_MARTS,HEALTH,HEALTH__FED_NURSINGHOME411,REPORTED_RN_STAFFING_HOURS_PER_RESIDENT_PER_DAY,TEXT,14713
LIBRARY_MARTS,HEALTH,HEALTH__FED_NURSINGHOME411,REPORTED_TOTAL_NURSE_STAFFING_HOURS_PER_RESIDENT_PER_DAY,FLOAT,14713
LIBRARY_MARTS,HEALTH,HEALTH__FED_NURSINGHOME411,TOTAL_NUMBER_OF_NURSE_STAFF_HOURS_PER_RESIDENT_PER_DAY_ON_THE_WEEKEND,FLOAT,14713
LIBRARY_MARTS,HEALTH,HEALTH__FED_VA_ALLCAUSE_MORTALITY,AGE_ADJUSTED_RATE,FLOAT,2808
LIBRARY_MARTS,HEALTH,HEALTH__FED_VA_ALLCAUSE_MORTALITY,CRUDE_RATE,FLOAT,2808
LIBRARY_MARTS,HEALTH,HEALTH__FED_VA_ALLCAUSE_MORTALITY,PERCENT_OF_DEATHS,FLOAT,2808
LIBRARY_MARTS,HEALTH,HEALTH__FED_VA_ALLCAUSE_MORTALITY,UNADJUSTED_RATE,FLOAT,2808
LIBRARY_MARTS,HEALTH,HEALTH__FED_VA_ALLCAUSE_MORTALITY,YPLL_PCT,FLOAT,2808
LIBRARY_MARTS,HEALTH,HEALTH__FED_VA_SUICIDE_APPENDIX,VETERAN_DEATHS_BY_SUICIDE_UNADJUSTED_AND_ADJUSTED_RATES_BY_SEX_2001_23,NUMBER,144
LIBRARY_MARTS,HEALTH,HEALTH__FED_VA_SUICIDE_NATIONAL,AGE_ADJUSTED_RATE_PER_100K,FLOAT,690
LIBRARY_MARTS,HEALTH,HEALTH__FED_VA_SUICIDE_NATIONAL,FEMALE_AGE_ADJUSTED_RATE_PER_100K,FLOAT,690
LIBRARY_MARTS,HEALTH,HEALTH__FED_VA_SUICIDE_NATIONAL,FEMALE_UNADJUSTED_RATE_PER_100K,FLOAT,690
LIBRARY_MARTS,HEALTH,HEALTH__FED_VA_SUICIDE_NATIONAL,MALE_AGE_ADJUSTED_RATE_PER_100K,FLOAT,690
LIBRARY_MARTS,HEALTH,HEALTH__FED_VA_SUICIDE_NATIONAL,MALE_UNADJUSTED_RATE_PER_100K,FLOAT,690
LIBRARY_MARTS,HEALTH,HEALTH__FED_VA_SUICIDE_NATIONAL,UNADJUSTED_RATE_PER_100K,FLOAT,690
LIBRARY_MARTS,HEALTH,HEALTH__FED_VA_SUICIDE_STATE,GENERAL_POPULATION_RATE_PER_100K,FLOAT,1196
LIBRARY_MARTS,HEALTH,HEALTH__FED_VA_SUICIDE_STATE,VETERAN_SUICIDE_RATE_PER_100K,FLOAT,1196
LIBRARY_MARTS,HEALTH,HEALTH__PHARMA_MEAL_CAP_FINGERPRINT,AVG_FB_AMOUNT_USD,FLOAT,2462
LIBRARY_MARTS,HEALTH,HEALTH__PHARMA_MEAL_CAP_FINGERPRINT,CLIFF_RATIO,NUMBER,2462
LIBRARY_MARTS,HEALTH,HEALTH__PHARMA_MEAL_CAP_FINGERPRINT,MEDIAN_FB_AMOUNT_USD,FLOAT,2462
LIBRARY_MARTS,HEALTH,HEALTH__XC_GUTTMACHER_MONTHLY_ABORTION,MEDIAN,TEXT,2040
LIBRARY_MARTS,HOUSING,HOUSING__FED_CFPB_HMDA,APPLICANT_CREDIT_SCORE_TYPE,TEXT,28301
LIBRARY_MARTS,HOUSING,HOUSING__FED_CFPB_HMDA,CO_APPLICANT_CREDIT_SCORE_TYPE,TEXT,28301
LIBRARY_MARTS,HOUSING,HOUSING__FED_CFPB_HMDA,DEBT_TO_INCOME_RATIO,TEXT,28301
LIBRARY_MARTS,HOUSING,HOUSING__FED_CFPB_HMDA,FFIEC_MSA_MD_MEDIAN_FAMILY_INCOME,NUMBER,28301
LIBRARY_MARTS,HOUSING,HOUSING__FED_CFPB_HMDA,INTEREST_RATE,TEXT,28301
LIBRARY_MARTS,HOUSING,HOUSING__FED_CFPB_HMDA,INTRO_RATE_PERIOD,TEXT,28301
LIBRARY_MARTS,HOUSING,HOUSING__FED_CFPB_HMDA,LOAN_TO_VALUE_RATIO,TEXT,28301
LIBRARY_MARTS,HOUSING,HOUSING__FED_CFPB_HMDA,RATE_SPREAD,TEXT,28301
LIBRARY_MARTS,HOUSING,HOUSING__FED_CFPB_HMDA,TRACT_MEDIAN_AGE_OF_HOUSING_UNITS,NUMBER,28301
LIBRARY_MARTS,HOUSING,HOUSING__FED_CFPB_HMDA,TRACT_MINORITY_POPULATION_PERCENT,NUMBER,28301
LIBRARY_MARTS,HOUSING,HOUSING__FED_CFPB_HMDA,TRACT_TO_MSA_INCOME_PERCENTAGE,NUMBER,28301
LIBRARY_MARTS,HOUSING,HOUSING__FED_CFPB_HMDA_DC_ONLY,APPLICANT_CREDIT_SCORE_TYPE,FLOAT,28301
LIBRARY_MARTS,HOUSING,HOUSING__FED_CFPB_HMDA_DC_ONLY,CO_APPLICANT_CREDIT_SCORE_TYPE,FLOAT,28301
LIBRARY_MARTS,HOUSING,HOUSING__FED_CFPB_HMDA_DC_ONLY,DEBT_TO_INCOME_RATIO,FLOAT,28301
LIBRARY_MARTS,HOUSING,HOUSING__FED_CFPB_HMDA_DC_ONLY,FFIEC_MSA_MD_MEDIAN_FAMILY_INCOME,TEXT,28301
LIBRARY_MARTS,HOUSING,HOUSING__FED_CFPB_HMDA_DC_ONLY,INTEREST_RATE,FLOAT,28301
LIBRARY_MARTS,HOUSING,HOUSING__FED_CFPB_HMDA_DC_ONLY,INTRO_RATE_PERIOD,FLOAT,28301
LIBRARY_MARTS,HOUSING,HOUSING__FED_CFPB_HMDA_DC_ONLY,LOAN_TO_VALUE_RATIO,FLOAT,28301
LIBRARY_MARTS,HOUSING,HOUSING__FED_CFPB_HMDA_DC_ONLY,RATE_SPREAD,FLOAT,28301
LIBRARY_MARTS,HOUSING,HOUSING__FED_CFPB_HMDA_DC_ONLY,TRACT_MEDIAN_AGE_OF_HOUSING_UNITS,TEXT,28301
LIBRARY_MARTS,HOUSING,HOUSING__FED_CFPB_HMDA_DC_ONLY,TRACT_MINORITY_POPULATION_PERCENT,FLOAT,28301
LIBRARY_MARTS,HOUSING,HOUSING__FED_CFPB_HMDA_DC_ONLY,TRACT_TO_MSA_INCOME_PERCENTAGE,FLOAT,28301
LIBRARY_MARTS,HOUSING,HOUSING__FED_CFPB_HMDA_HISTORIC,HUD_MEDIAN_FAMILY_INCOME,NUMBER,19136434
LIBRARY_MARTS,HOUSING,HOUSING__FED_CFPB_HMDA_HISTORIC,RATE_SPREAD,NUMBER,19136434
LIBRARY_MARTS,HOUSING,HOUSING__FED_CFPB_HMDA_LAR,APPLICANT_CREDIT_SCORE_TYPE,TEXT,17474
LIBRARY_MARTS,HOUSING,HOUSING__FED_CFPB_HMDA_LAR,CO_APPLICANT_CREDIT_SCORE_TYPE,TEXT,17474
LIBRARY_MARTS,HOUSING,HOUSING__FED_CFPB_HMDA_LAR,DEBT_TO_INCOME_RATIO,TEXT,17474
LIBRARY_MARTS,HOUSING,HOUSING__FED_CFPB_HMDA_LAR,FFIEC_MSA_MD_MEDIAN_FAMILY_INCOME,NUMBER,17474
LIBRARY_MARTS,HOUSING,HOUSING__FED_CFPB_HMDA_LAR,INTEREST_RATE,NUMBER,17474
LIBRARY_MARTS,HOUSING,HOUSING__FED_CFPB_HMDA_LAR,INTRO_RATE_PERIOD,NUMBER,17474
LIBRARY_MARTS,HOUSING,HOUSING__FED_CFPB_HMDA_LAR,LOAN_TO_VALUE_RATIO,NUMBER,17474
LIBRARY_MARTS,HOUSING,HOUSING__FED_CFPB_HMDA_LAR,RATE_SPREAD,NUMBER,17474
LIBRARY_MARTS,HOUSING,HOUSING__FED_CFPB_HMDA_LAR,TRACT_MEDIAN_AGE_OF_HOUSING_UNITS,NUMBER,17474
LIBRARY_MARTS,HOUSING,HOUSING__FED_CFPB_HMDA_LAR,TRACT_MINORITY_POPULATION_PERCENT,NUMBER,17474
LIBRARY_MARTS,HOUSING,HOUSING__FED_CFPB_HMDA_LAR,TRACT_TO_MSA_INCOME_PERCENTAGE,NUMBER,17474
LIBRARY_MARTS,HOUSING,HOUSING__FED_FEMA_IA_HOUSING_REGISTRATIONS,DECLARATION_DATE,DATE,3080000
LIBRARY_MARTS,HOUSING,HOUSING__FED_FEMA_IA_HOUSING_REGISTRATIONS,REGISTRATION_ID,TEXT,3080000
LIBRARY_MARTS,HOUSING,HOUSING__FED_FEMA_IA_HOUSING_REGISTRATIONS,REGISTRATION_METHOD,TEXT,3080000
LIBRARY_MARTS,HOUSING,HOUSING__FED_FEMA_NFIP_COMMUNITY_STATUS_BOOK,INITIAL_FLOOD_INSURANCE_RATE_MAP_DATE,DATE,25122
LIBRARY_MARTS,HOUSING,HOUSING__FED_FEMA_NFIP_COMMUNITY_STATUS_BOOK,NON_SFHA_DISCOUNT_PCT,NUMBER,25122
LIBRARY_MARTS,HOUSING,HOUSING__FED_FEMA_NFIP_COMMUNITY_STATUS_BOOK,SFHA_DISCOUNT_PCT,NUMBER,25122
LIBRARY_MARTS,HOUSING,HOUSING__FED_FHFA_HPI,INDEX_NSA,FLOAT,184807
LIBRARY_MARTS,HOUSING,HOUSING__FED_FHFA_HPI,INDEX_SA,FLOAT,184807
LIBRARY_MARTS,HOUSING,HOUSING__FED_HUD_ASSISTED_HOUSING_PROJECTS,PCT_0CHLDRN,TEXT,35601
LIBRARY_MARTS,HOUSING,HOUSING__FED_HUD_ASSISTED_HOUSING_PROJECTS,PCT_10K_LT15K,TEXT,35601
LIBRARY_MARTS,HOUSING,HOUSING__FED_HUD_ASSISTED_HOUSING_PROJECTS,PCT_15K_LT20K,TEXT,35601
LIBRARY_MARTS,HOUSING,HOUSING__FED_HUD_ASSISTED_HOUSING_PROJECTS,PCT_1ADULT,TEXT,35601
LIBRARY_MARTS,HOUSING,HOUSING__FED_HUD_ASSISTED_HOUSING_PROJECTS,PCT_20K_LT25K,TEXT,35601
LIBRARY_MARTS,HOUSING,HOUSING__FED_HUD_ASSISTED_HOUSING_PROJECTS,PCT_25K_LT30K,TEXT,35601
LIBRARY_MARTS,HOUSING,HOUSING__FED_HUD_ASSISTED_HOUSING_PROJECTS,PCT_2ADULTS,TEXT,35601
LIBRARY_MARTS,HOUSING,HOUSING__FED_HUD_ASSISTED_HOUSING_PROJECTS,PCT_30K_LT40K,TEXT,35601
LIBRARY_MARTS,HOUSING,HOUSING__FED_HUD_ASSISTED_HOUSING_PROJECTS,PCT_5K_LT10K,TEXT,35601
LIBRARY_MARTS,HOUSING,HOUSING__FED_HUD_ASSISTED_HOUSING_PROJECTS,PCT_AGE25_50,TEXT,35601
LIBRARY_MARTS,HOUSING,HOUSING__FED_HUD_ASSISTED_HOUSING_PROJECTS,PCT_AGE51_61,TEXT,35601
LIBRARY_MARTS,HOUSING,HOUSING__FED_HUD_ASSISTED_HOUSING_PROJECTS,PCT_AGE62PLUS,TEXT,35601
LIBRARY_MARTS,HOUSING,HOUSING__FED_HUD_ASSISTED_HOUSING_PROJECTS,PCT_AGE85PLUS,TEXT,35601
LIBRARY_MARTS,HOUSING,HOUSING__FED_HUD_ASSISTED_HOUSING_PROJECTS,PCT_ASIAN_PACIFIC_NONHSP,TEXT,35601
LIBRARY_MARTS,HOUSING,HOUSING__FED_HUD_ASSISTED_HOUSING_PROJECTS,PCT_BED1,TEXT,35601
LIBRARY_MARTS,HOUSING,HOUSING__FED_HUD_ASSISTED_HOUSING_PROJECTS,PCT_BED2,TEXT,35601
LIBRARY_MARTS,HOUSING,HOUSING__FED_HUD_ASSISTED_HOUSING_PROJECTS,PCT_BED3,TEXT,35601
LIBRARY_MARTS,HOUSING,HOUSING__FED_HUD_ASSISTED_HOUSING_PROJECTS,PCT_BLACK_HSP,TEXT,35601
LIBRARY_MARTS,HOUSING,HOUSING__FED_HUD_ASSISTED_HOUSING_PROJECTS,PCT_BLACK_NONHSP,TEXT,35601
LIBRARY_MARTS,HOUSING,HOUSING__FED_HUD_ASSISTED_HOUSING_PROJECTS,PCT_CHLDRN0_5,TEXT,35601
LIBRARY_MARTS,HOUSING,HOUSING__FED_HUD_ASSISTED_HOUSING_PROJECTS,PCT_CHLDRN13_17,TEXT,35601
LIBRARY_MARTS,HOUSING,HOUSING__FED_HUD_ASSISTED_HOUSING_PROJECTS,PCT_CHLDRN6_12,TEXT,35601
LIBRARY_MARTS,HOUSING,HOUSING__FED_HUD_ASSISTED_HOUSING_PROJECTS,PCT_DISABLED_ALL,TEXT,35601
LIBRARY_MARTS,HOUSING,HOUSING__FED_HUD_ASSISTED_HOUSING_PROJECTS,PCT_DISABLED_GE62,TEXT,35601
LIBRARY_MARTS,HOUSING,HOUSING__FED_HUD_ASSISTED_HOUSING_PROJECTS,PCT_DISABLED_HEAD,TEXT,35601
LIBRARY_MARTS,HOUSING,HOUSING__FED_HUD_ASSISTED_HOUSING_PROJECTS,PCT_DISABLED_LT62,TEXT,35601
LIBRARY_MARTS,HOUSING,HOUSING__FED_HUD_ASSISTED_HOUSING_PROJECTS,PCT_DISABLED_MBR,TEXT,35601
LIBRARY_MARTS,HOUSING,HOUSING__FED_HUD_ASSISTED_HOUSING_PROJECTS,PCT_FEMALE_HEAD,TEXT,35601
LIBRARY_MARTS,HOUSING,HOUSING__FED_HUD_ASSISTED_HOUSING_PROJECTS,PCT_FEMALE_HEAD_CHILD,TEXT,35601
LIBRARY_MARTS,HOUSING,HOUSING__FED_HUD_ASSISTED_HOUSING_PROJECTS,PCT_FEMALE_HEAD_CHILD0_5,TEXT,35601
LIBRARY_MARTS,HOUSING,HOUSING__FED_HUD_ASSISTED_HOUSING_PROJECTS,PCT_GE40K,TEXT,35601
LIBRARY_MARTS,HOUSING,HOUSING__FED_HUD_ASSISTED_HOUSING_PROJECTS,PCT_HISPANIC,TEXT,35601
LIBRARY_MARTS,HOUSING,HOUSING__FED_HUD_ASSISTED_HOUSING_PROJECTS,PCT_LT24_HEAD,TEXT,35601
LIBRARY_MARTS,HOUSING,HOUSING__FED_HUD_ASSISTED_HOUSING_PROJECTS,PCT_LT30_MEDIAN,TEXT,35601
LIBRARY_MARTS,HOUSING,HOUSING__FED_HUD_ASSISTED_HOUSING_PROJECTS,PCT_LT50_MEDIAN,TEXT,35601
LIBRARY_MARTS,HOUSING,HOUSING__FED_HUD_ASSISTED_HOUSING_PROJECTS,PCT_LT5K,TEXT,35601
LIBRARY_MARTS,HOUSING,HOUSING__FED_HUD_ASSISTED_HOUSING_PROJECTS,PCT_LT62_HEAD,TEXT,35601
LIBRARY_MARTS,HOUSING,HOUSING__FED_HUD_ASSISTED_HOUSING_PROJECTS,PCT_LT80_MEDIAN,TEXT,35601
LIBRARY_MARTS,HOUSING,HOUSING__FED_HUD_ASSISTED_HOUSING_PROJECTS,PCT_MEDIAN,TEXT,35601
LIBRARY_MARTS,HOUSING,HOUSING__FED_HUD_ASSISTED_HOUSING_PROJECTS,PCT_MINORITY,TEXT,35601
LIBRARY_MARTS,HOUSING,HOUSING__FED_HUD_ASSISTED_HOUSING_PROJECTS,PCT_MOVEIN,TEXT,35601
LIBRARY_MARTS,HOUSING,HOUSING__FED_HUD_ASSISTED_HOUSING_PROJECTS,PCT_MULTI,TEXT,35601
LIBRARY_MARTS,HOUSING,HOUSING__FED_HUD_ASSISTED_HOUSING_PROJECTS,PCT_NATIVE_AMERICAN_NONHSP,TEXT,35601
LIBRARY_MARTS,HOUSING,HOUSING__FED_HUD_ASSISTED_HOUSING_PROJECTS,PCT_NOINCOME,TEXT,35601
LIBRARY_MARTS,HOUSING,HOUSING__FED_HUD_ASSISTED_HOUSING_PROJECTS,PCT_OCCUPIED,NUMBER,35601
LIBRARY_MARTS,HOUSING,HOUSING__FED_HUD_ASSISTED_HOUSING_PROJECTS,PCT_OTHER_MAJOR,TEXT,35601
LIBRARY_MARTS,HOUSING,HOUSING__FED_HUD_ASSISTED_HOUSING_PROJECTS,PCT_OTH_HSP,TEXT,35601
LIBRARY_MARTS,HOUSING,HOUSING__FED_HUD_ASSISTED_HOUSING_PROJECTS,PCT_OVERHOUSED,TEXT,35601
LIBRARY_MARTS,HOUSING,HOUSING__FED_HUD_ASSISTED_HOUSING_PROJECTS,PCT_REPORTED,NUMBER,35601
LIBRARY_MARTS,HOUSING,HOUSING__FED_HUD_ASSISTED_HOUSING_PROJECTS,PCT_UTILITY_ALLOW,TEXT,35601
LIBRARY_MARTS,HOUSING,HOUSING__FED_HUD_ASSISTED_HOUSING_PROJECTS,PCT_WAGE_MAJOR,TEXT,35601
LIBRARY_MARTS,HOUSING,HOUSING__FED_HUD_ASSISTED_HOUSING_PROJECTS,PCT_WELFARE_MAJOR,TEXT,35601
LIBRARY_MARTS,HOUSING,HOUSING__FED_HUD_ASSISTED_HOUSING_PROJECTS,PCT_WHITE_NOTHSP,TEXT,35601
LIBRARY_MARTS,HOUSING,HOUSING__FED_HUD_ASSISTED_HOUSING_PROJECTS,PCT_WHT_HSP,TEXT,35601
LIBRARY_MARTS,HOUSING,HOUSING__FED_HUD_ASSISTED_HOUSING_PROJECTS,PEOPLE_PER_UNIT,NUMBER,35601
LIBRARY_MARTS,HOUSING,HOUSING__FED_HUD_ASSISTED_HOUSING_PROJECTS,RENT_PER_MONTH,NUMBER,35601
LIBRARY_MARTS,HOUSING,HOUSING__FED_HUD_ASSISTED_HOUSING_PROJECTS,SPENDING_PER_MONTH,NUMBER,35601
LIBRARY_MARTS,HOUSING,HOUSING__FED_HUD_ASSISTED_HOUSING_PROJECTS,TPCT_OWNSFD,TEXT,35601
LIBRARY_MARTS,HOUSING,HOUSING__FED_HUD_FHA_SF_PORTFOLIO_SNAPSHOT,INTEREST_RATE,NUMBER,61647
LIBRARY_MARTS,HOUSING,HOUSING__FED_HUD_MF_SECTION8_CONTRACTS,RENT_TO_FMR_RATIO,NUMBER,24309
LIBRARY_MARTS,HOUSING,HOUSING__FED_HUD_MF_SECTION8_CONTRACTS,TRACS_CURRENT_EXPIRATION_DATE,DATE,24309
LIBRARY_MARTS,HOUSING,HOUSING__FED_HUD_MF_SECTION8_CONTRACTS,TRACS_OVERALL_EXPIRATION_DATE,DATE,24309
LIBRARY_MARTS,HOUSING,HOUSING__FED_HUD_PUBLIC_HOUSING_AUTHORITIES,ELDERLY_PERCENT,NUMBER,3787
LIBRARY_MARTS,HOUSING,HOUSING__FED_HUD_PUBLIC_HOUSING_AUTHORITIES,MEDIAN_INCOME_AMOUNT,NUMBER,3787
LIBRARY_MARTS,HOUSING,HOUSING__FED_HUD_PUBLIC_HOUSING_AUTHORITIES,PCT_BELOW_80PCT_MEDIAN_INCOME,NUMBER,3787
LIBRARY_MARTS,HOUSING,HOUSING__FED_HUD_PUBLIC_HOUSING_AUTHORITIES,PCT_DISABLED_LT62_ALL,NUMBER,3787
LIBRARY_MARTS,HOUSING,HOUSING__FED_HUD_PUBLIC_HOUSING_AUTHORITIES,PCT_OCCUPIED,NUMBER,3787
LIBRARY_MARTS,HOUSING,HOUSING__FED_HUD_PUBLIC_HOUSING_AUTHORITIES,PCT_REPORTED,NUMBER,3787
LIBRARY_MARTS,HOUSING,HOUSING__FED_HUD_PUBLIC_HOUSING_AUTHORITIES,PLACE_INCORPORATED_FLAG,NUMBER,3787
LIBRARY_MARTS,HOUSING,HOUSING__FED_HUD_PUBLIC_HOUSING_AUTHORITIES,SPENDING_PER_MONTH,NUMBER,3787
LIBRARY_MARTS,HOUSING,HOUSING__FED_HUD_PUBLIC_HOUSING_AUTHORITIES,SPENDING_PER_MONTH_PREV_YR,NUMBER,3787
LIBRARY_MARTS,HOUSING,HOUSING__FED_USDA_RD_MFH_ACTIVE_PROJECTS,DATE_OF_OPERATION,DATE,13550
LIBRARY_MARTS,IMMIGRATION,IMMIGRATION__FED_CMS_HOSPICE_ENROLLMENTS,INCORPORATION_DATE,DATE,6066
LIBRARY_MARTS,IMMIGRATION,IMMIGRATION__FED_CMS_HOSPICE_ENROLLMENTS,INCORPORATION_STATE,TEXT,6066
LIBRARY_MARTS,IMMIGRATION,IMMIGRATION__FED_DOL_OFLC,WAGE_RATE_OF_PAY_FROM_1,FLOAT,664616
LIBRARY_MARTS,IMMIGRATION,IMMIGRATION__FED_DOL_OFLC,WAGE_RATE_OF_PAY_FROM_10,FLOAT,664616
LIBRARY_MARTS,IMMIGRATION,IMMIGRATION__FED_DOL_OFLC,WAGE_RATE_OF_PAY_FROM_2,FLOAT,664616
LIBRARY_MARTS,IMMIGRATION,IMMIGRATION__FED_DOL_OFLC,WAGE_RATE_OF_PAY_FROM_3,FLOAT,664616
LIBRARY_MARTS,IMMIGRATION,IMMIGRATION__FED_DOL_OFLC,WAGE_RATE_OF_PAY_FROM_4,FLOAT,664616
LIBRARY_MARTS,IMMIGRATION,IMMIGRATION__FED_DOL_OFLC,WAGE_RATE_OF_PAY_FROM_5,FLOAT,664616
LIBRARY_MARTS,IMMIGRATION,IMMIGRATION__FED_DOL_OFLC,WAGE_RATE_OF_PAY_FROM_6,FLOAT,664616
LIBRARY_MARTS,IMMIGRATION,IMMIGRATION__FED_DOL_OFLC,WAGE_RATE_OF_PAY_FROM_7,FLOAT,664616
LIBRARY_MARTS,IMMIGRATION,IMMIGRATION__FED_DOL_OFLC,WAGE_RATE_OF_PAY_FROM_8,FLOAT,664616
LIBRARY_MARTS,IMMIGRATION,IMMIGRATION__FED_DOL_OFLC,WAGE_RATE_OF_PAY_FROM_9,FLOAT,664616
LIBRARY_MARTS,IMMIGRATION,IMMIGRATION__FED_DOL_OFLC,WAGE_RATE_OF_PAY_TO_1,FLOAT,664616
LIBRARY_MARTS,IMMIGRATION,IMMIGRATION__FED_DOL_OFLC,WAGE_RATE_OF_PAY_TO_10,FLOAT,664616
LIBRARY_MARTS,IMMIGRATION,IMMIGRATION__FED_DOL_OFLC,WAGE_RATE_OF_PAY_TO_2,FLOAT,664616
LIBRARY_MARTS,IMMIGRATION,IMMIGRATION__FED_DOL_OFLC,WAGE_RATE_OF_PAY_TO_3,FLOAT,664616
LIBRARY_MARTS,IMMIGRATION,IMMIGRATION__FED_DOL_OFLC,WAGE_RATE_OF_PAY_TO_4,FLOAT,664616
LIBRARY_MARTS,IMMIGRATION,IMMIGRATION__FED_DOL_OFLC,WAGE_RATE_OF_PAY_TO_5,FLOAT,664616
LIBRARY_MARTS,IMMIGRATION,IMMIGRATION__FED_DOL_OFLC,WAGE_RATE_OF_PAY_TO_6,FLOAT,664616
LIBRARY_MARTS,IMMIGRATION,IMMIGRATION__FED_DOL_OFLC,WAGE_RATE_OF_PAY_TO_7,FLOAT,664616
LIBRARY_MARTS,IMMIGRATION,IMMIGRATION__FED_DOL_OFLC,WAGE_RATE_OF_PAY_TO_8,FLOAT,664616
LIBRARY_MARTS,IMMIGRATION,IMMIGRATION__FED_DOL_OFLC,WAGE_RATE_OF_PAY_TO_9,FLOAT,664616
LIBRARY_MARTS,IMMIGRATION,IMMIGRATION__FED_ICE_DETAINERS,IMMIGRATION_FRAUD_YES_NO,TEXT,609769
LIBRARY_MARTS,IMMIGRATION,IMMIGRATION__FED_ICE_DETAINERS,VIOLENT_MISDEMEANOR_YES_NO,TEXT,609769
LIBRARY_MARTS,IMMIGRATION,IMMIGRATION__FED_USCIS_DATA,AVG_PROCESSING_TIME_DAYS,TEXT,177
LIBRARY_MARTS,JUSTICE,JUSTICE__COUNTY_DOUBLE_BURDEN,BLACK_JAIL_RATE,FLOAT,3029
LIBRARY_MARTS,JUSTICE,JUSTICE__COUNTY_DOUBLE_BURDEN,JAIL_PCTILE,FLOAT,3029
LIBRARY_MARTS,JUSTICE,JUSTICE__COUNTY_DOUBLE_BURDEN,JAIL_RATE,FLOAT,3029
LIBRARY_MARTS,JUSTICE,JUSTICE__COUNTY_DOUBLE_BURDEN,JAIL_RATE_YEAR,NUMBER,3029
LIBRARY_MARTS,JUSTICE,JUSTICE__COUNTY_DOUBLE_BURDEN,OVERDOSE_PCTILE,FLOAT,3029
LIBRARY_MARTS,JUSTICE,JUSTICE__COUNTY_DOUBLE_BURDEN,OVERDOSE_RATE_BAND,TEXT,3029
LIBRARY_MARTS,JUSTICE,JUSTICE__COUNTY_DOUBLE_BURDEN,WHITE_JAIL_RATE,FLOAT,3029
LIBRARY_MARTS,JUSTICE,JUSTICE__FED_ATF_FFL,LIC_EXPIRATION_CODE,TEXT,77514
LIBRARY_MARTS,JUSTICE,JUSTICE__FED_COURTLISTENER_DOCKETS,DATE_LAST_INDEX,DATE,
LIBRARY_MARTS,JUSTICE,JUSTICE__FED_COURTLISTENER_FJC_IDB_CL_LINKED,ARBITRATION_AT_FILING,FLOAT,10323280
LIBRARY_MARTS,JUSTICE,JUSTICE__FED_COURTLISTENER_FJC_IDB_CL_LINKED,ARBITRATION_AT_TERMINATION,FLOAT,10323280
LIBRARY_MARTS,JUSTICE,JUSTICE__FED_COURTLISTENER_ORAL_ARGUMENTS,DURATION,FLOAT,102649
LIBRARY_MARTS,JUSTICE,JUSTICE__FED_COURTLISTENER_PARENTHETICALS,SCORE,TEXT,6408887
LIBRARY_MARTS,JUSTICE,JUSTICE__FED_COURTLISTENER_POSITIONS,VOTES_NO_PERCENT,FLOAT,51290
LIBRARY_MARTS,JUSTICE,JUSTICE__FED_COURTLISTENER_POSITIONS,VOTES_YES_PERCENT,FLOAT,51290
LIBRARY_MARTS,JUSTICE,JUSTICE__FED_FBI_CDE,CLEARANCE_RATE_PER_100K,FLOAT,238680
LIBRARY_MARTS,JUSTICE,JUSTICE__FED_FBI_CDE,OFFENSE_RATE_PER_100K,FLOAT,238680
LIBRARY_MARTS,JUSTICE,JUSTICE__FED_FJC_IDB_BANKRUPTCY,AVG_MONTHLY_EXPENSES,NUMBER,6965441
LIBRARY_MARTS,JUSTICE,JUSTICE__FED_FJC_IDB_BANKRUPTCY,AVG_MONTHLY_INCOME,NUMBER,6965441
LIBRARY_MARTS,JUSTICE,JUSTICE__FED_FJC_IDB_BANKRUPTCY,DOCKET_GENERATION,TEXT,6965441
LIBRARY_MARTS,JUSTICE,JUSTICE__FED_FJC_IDB_BANKRUPTCY,JOINT_ADMINISTRATION_LEAD,TEXT,6965441
LIBRARY_MARTS,JUSTICE,JUSTICE__FED_FJC_IDB_CIVIL,ARBITRATION,TEXT,10857396
LIBRARY_MARTS,JUSTICE,JUSTICE__FED_FJC_IDB_CIVIL,FILING_MAGISTRATE,TEXT,10857396
LIBRARY_MARTS,JUSTICE,JUSTICE__FED_FJC_IDB_CIVIL,TERM_ARBITRATION,TEXT,10857396
LIBRARY_MARTS,JUSTICE,JUSTICE__FED_FJC_IDB_CIVIL,TERM_MAGISTRATE,TEXT,10857396
LIBRARY_MARTS,JUSTICE,JUSTICE__FED_FJC_IDB_CRIMINAL,MAGISTRATE_DEFENDANT_NUMBER,TEXT,6299908
LIBRARY_MARTS,JUSTICE,JUSTICE__FED_FJC_IDB_CRIMINAL,MAGISTRATE_DOCKET,TEXT,6299908
LIBRARY_MARTS,JUSTICE,JUSTICE__FED_SCDB,DECLARATION_UNCONSTITUTIONAL,NUMBER,83644
LIBRARY_MARTS,JUSTICE,JUSTICE__FED_SCDB,IS_UNCONSTITUTIONAL_DECLARATION,BOOLEAN,83644
LIBRARY_MARTS,JUSTICE,JUSTICE__FED_SCDB,PRECEDENT_ALTERATION,NUMBER,83644
LIBRARY_MARTS,JUSTICE,JUSTICE__RACIAL_JAIL_DISPARITY,BLACK_JAIL_RATE,FLOAT,128507
LIBRARY_MARTS,JUSTICE,JUSTICE__RACIAL_JAIL_DISPARITY,BW_RATE_GAP,FLOAT,128507
LIBRARY_MARTS,JUSTICE,JUSTICE__RACIAL_JAIL_DISPARITY,BW_RATIO,FLOAT,128507
LIBRARY_MARTS,JUSTICE,JUSTICE__RACIAL_JAIL_DISPARITY,IS_BLACK_RATE_HIGHER,BOOLEAN,128507
LIBRARY_MARTS,JUSTICE,JUSTICE__RACIAL_JAIL_DISPARITY,LATINX_JAIL_RATE,FLOAT,128507
LIBRARY_MARTS,JUSTICE,JUSTICE__RACIAL_JAIL_DISPARITY,TOTAL_JAIL_RATE,FLOAT,128507
LIBRARY_MARTS,JUSTICE,JUSTICE__RACIAL_JAIL_DISPARITY,WHITE_JAIL_RATE,FLOAT,128507
LIBRARY_MARTS,JUSTICE,JUSTICE__XC_MAPPING_POLICE_VIOLENCE,ASIAN_PERCENT_OF_THE_POPULATION_ACS,FLOAT,15476
LIBRARY_MARTS,JUSTICE,JUSTICE__XC_MAPPING_POLICE_VIOLENCE,BLACK_NON_HISPANIC_PERCENT_OF_THE_POPULATION_ACS,FLOAT,15476
LIBRARY_MARTS,JUSTICE,JUSTICE__XC_MAPPING_POLICE_VIOLENCE,GEOGRAPHY_VIA_TRULIA_METHODOLOGY_BASED_ON_ZIPCODE_POPULATION_DENSITY_HTTP_JEDKOLKO_COM_WP_CONTENT_UPLOADS_2015_05_FULL_ZCTA_URBAN_SUBURBAN_RURAL_CLASSIFICATION_XLSX,TEXT,15476
LIBRARY_MARTS,JUSTICE,JUSTICE__XC_MAPPING_POLICE_VIOLENCE,HISPANIC_PERCENT_OF_THE_POPULATION_ACS,FLOAT,15476
LIBRARY_MARTS,JUSTICE,JUSTICE__XC_MAPPING_POLICE_VIOLENCE,MEDIAN_HOUSEHOLD_INCOME_ACS_CENSUS_TRACT,TEXT,15476
LIBRARY_MARTS,JUSTICE,JUSTICE__XC_MAPPING_POLICE_VIOLENCE,NATIVE_AMERICAN_PERCENT_OF_THE_POPULATION_ACS,FLOAT,15476
LIBRARY_MARTS,JUSTICE,JUSTICE__XC_MAPPING_POLICE_VIOLENCE,OTHER_TWO_OR_MORE_RACE_PERCENT_OF_THE_POPULATION_ACS,FLOAT,15476
LIBRARY_MARTS,JUSTICE,JUSTICE__XC_MAPPING_POLICE_VIOLENCE,PACIFIC_ISLANDER_PERCENT_OF_THE_POPULATION_ACS,FLOAT,15476
LIBRARY_MARTS,JUSTICE,JUSTICE__XC_MAPPING_POLICE_VIOLENCE,WHITE_NON_HISPANIC_PERCENT_OF_THE_POPULATION_ACS,FLOAT,15476
LIBRARY_MARTS,JUSTICE,JUSTICE__XC_OWID_HOMICIDE,HOMICIDE_RATE_PER_100_000_POPULATION,FLOAT,4912
LIBRARY_MARTS,JUSTICE,JUSTICE__XC_UK_SANCTIONS_LIST,BUSINESS_REGISTRATION_NUMBERS,TEXT,33828
LIBRARY_MARTS,JUSTICE,JUSTICE__XC_VERA_INCARCERATION_TRENDS,AAPI_FEMALE_PRISON_ADMITS_RATE,TEXT,128507
LIBRARY_MARTS,JUSTICE,JUSTICE__XC_VERA_INCARCERATION_TRENDS,AAPI_FEMALE_PRISON_POP_RATE,TEXT,128507
LIBRARY_MARTS,JUSTICE,JUSTICE__XC_VERA_INCARCERATION_TRENDS,AAPI_JAIL_POP_RATE,TEXT,128507
LIBRARY_MARTS,JUSTICE,JUSTICE__XC_VERA_INCARCERATION_TRENDS,AAPI_MALE_PRISON_ADMITS_RATE,TEXT,128507
LIBRARY_MARTS,JUSTICE,JUSTICE__XC_VERA_INCARCERATION_TRENDS,AAPI_MALE_PRISON_POP_RATE,TEXT,128507
LIBRARY_MARTS,JUSTICE,JUSTICE__XC_VERA_INCARCERATION_TRENDS,AAPI_PRISON_ADMITS_RATE,TEXT,128507
LIBRARY_MARTS,JUSTICE,JUSTICE__XC_VERA_INCARCERATION_TRENDS,AAPI_PRISON_POP_RATE,TEXT,128507
LIBRARY_MARTS,JUSTICE,JUSTICE__XC_VERA_INCARCERATION_TRENDS,BLACK_FEMALE_PRISON_ADMITS_RATE,TEXT,128507
LIBRARY_MARTS,JUSTICE,JUSTICE__XC_VERA_INCARCERATION_TRENDS,BLACK_FEMALE_PRISON_POP_RATE,TEXT,128507
LIBRARY_MARTS,JUSTICE,JUSTICE__XC_VERA_INCARCERATION_TRENDS,BLACK_JAIL_POP_RATE,TEXT,128507
LIBRARY_MARTS,JUSTICE,JUSTICE__XC_VERA_INCARCERATION_TRENDS,BLACK_MALE_PRISON_ADMITS_RATE,TEXT,128507
LIBRARY_MARTS,JUSTICE,JUSTICE__XC_VERA_INCARCERATION_TRENDS,BLACK_MALE_PRISON_POP_RATE,TEXT,128507
LIBRARY_MARTS,JUSTICE,JUSTICE__XC_VERA_INCARCERATION_TRENDS,BLACK_PRISON_ADMITS_RATE,TEXT,128507
LIBRARY_MARTS,JUSTICE,JUSTICE__XC_VERA_INCARCERATION_TRENDS,BLACK_PRISON_POP_RATE,TEXT,128507
LIBRARY_MARTS,JUSTICE,JUSTICE__XC_VERA_INCARCERATION_TRENDS,FEMALE_JAIL_ADMITS_RATE,TEXT,128507
LIBRARY_MARTS,JUSTICE,JUSTICE__XC_VERA_INCARCERATION_TRENDS,FEMALE_JAIL_DISCHARGES_RATE,TEXT,128507
LIBRARY_MARTS,JUSTICE,JUSTICE__XC_VERA_INCARCERATION_TRENDS,FEMALE_JAIL_POP_RATE,TEXT,128507
LIBRARY_MARTS,JUSTICE,JUSTICE__XC_VERA_INCARCERATION_TRENDS,FEMALE_PRISON_ADMITS_RATE,TEXT,128507
LIBRARY_MARTS,JUSTICE,JUSTICE__XC_VERA_INCARCERATION_TRENDS,FEMALE_PRISON_POP_RATE,TEXT,128507
LIBRARY_MARTS,JUSTICE,JUSTICE__XC_VERA_INCARCERATION_TRENDS,JAIL_RATED_CAPACITY,TEXT,128507
LIBRARY_MARTS,JUSTICE,JUSTICE__XC_VERA_INCARCERATION_TRENDS,LATINX_FEMALE_PRISON_ADMITS_RATE,TEXT,128507
LIBRARY_MARTS,JUSTICE,JUSTICE__XC_VERA_INCARCERATION_TRENDS,LATINX_FEMALE_PRISON_POP_RATE,TEXT,128507
LIBRARY_MARTS,JUSTICE,JUSTICE__XC_VERA_INCARCERATION_TRENDS,LATINX_JAIL_POP_RATE,TEXT,128507
LIBRARY_MARTS,JUSTICE,JUSTICE__XC_VERA_INCARCERATION_TRENDS,LATINX_MALE_PRISON_ADMITS_RATE,TEXT,128507
LIBRARY_MARTS,JUSTICE,JUSTICE__XC_VERA_INCARCERATION_TRENDS,LATINX_MALE_PRISON_POP_RATE,TEXT,128507
LIBRARY_MARTS,JUSTICE,JUSTICE__XC_VERA_INCARCERATION_TRENDS,LATINX_PRISON_ADMITS_RATE,TEXT,128507
LIBRARY_MARTS,JUSTICE,JUSTICE__XC_VERA_INCARCERATION_TRENDS,LATINX_PRISON_POP_RATE,TEXT,128507
LIBRARY_MARTS,JUSTICE,JUSTICE__XC_VERA_INCARCERATION_TRENDS,MALE_JAIL_ADMITS_RATE,TEXT,128507
LIBRARY_MARTS,JUSTICE,JUSTICE__XC_VERA_INCARCERATION_TRENDS,MALE_JAIL_DISCHARGES_RATE,TEXT,128507
LIBRARY_MARTS,JUSTICE,JUSTICE__XC_VERA_INCARCERATION_TRENDS,MALE_JAIL_POP_RATE,TEXT,128507
LIBRARY_MARTS,JUSTICE,JUSTICE__XC_VERA_INCARCERATION_TRENDS,MALE_PRISON_ADMITS_RATE,TEXT,128507
LIBRARY_MARTS,JUSTICE,JUSTICE__XC_VERA_INCARCERATION_TRENDS,MALE_PRISON_POP_RATE,TEXT,128507
LIBRARY_MARTS,JUSTICE,JUSTICE__XC_VERA_INCARCERATION_TRENDS,NATIVE_FEMALE_PRISON_ADMITS_RATE,TEXT,128507
LIBRARY_MARTS,JUSTICE,JUSTICE__XC_VERA_INCARCERATION_TRENDS,NATIVE_FEMALE_PRISON_POP_RATE,TEXT,128507
LIBRARY_MARTS,JUSTICE,JUSTICE__XC_VERA_INCARCERATION_TRENDS,NATIVE_JAIL_POP_RATE,TEXT,128507
LIBRARY_MARTS,JUSTICE,JUSTICE__XC_VERA_INCARCERATION_TRENDS,NATIVE_MALE_PRISON_ADMITS_RATE,TEXT,128507
LIBRARY_MARTS,JUSTICE,JUSTICE__XC_VERA_INCARCERATION_TRENDS,NATIVE_MALE_PRISON_POP_RATE,TEXT,128507
LIBRARY_MARTS,JUSTICE,JUSTICE__XC_VERA_INCARCERATION_TRENDS,NATIVE_PRISON_ADMITS_RATE,TEXT,128507
LIBRARY_MARTS,JUSTICE,JUSTICE__XC_VERA_INCARCERATION_TRENDS,NATIVE_PRISON_POP_RATE,TEXT,128507
LIBRARY_MARTS,JUSTICE,JUSTICE__XC_VERA_INCARCERATION_TRENDS,TOTAL_INCARCERATION,TEXT,128507
LIBRARY_MARTS,JUSTICE,JUSTICE__XC_VERA_INCARCERATION_TRENDS,TOTAL_INCARCERATION_RATE,TEXT,128507
LIBRARY_MARTS,JUSTICE,JUSTICE__XC_VERA_INCARCERATION_TRENDS,TOTAL_JAIL_ADMITS_RATE,TEXT,128507
LIBRARY_MARTS,JUSTICE,JUSTICE__XC_VERA_INCARCERATION_TRENDS,TOTAL_JAIL_DISCHARGES_RATE,TEXT,128507
LIBRARY_MARTS,JUSTICE,JUSTICE__XC_VERA_INCARCERATION_TRENDS,TOTAL_JAIL_POP_RATE,TEXT,128507
LIBRARY_MARTS,JUSTICE,JUSTICE__XC_VERA_INCARCERATION_TRENDS,TOTAL_PRETRIAL_CUSTODY_RATE,TEXT,128507
LIBRARY_MARTS,JUSTICE,JUSTICE__XC_VERA_INCARCERATION_TRENDS,TOTAL_PRISON_ADMITS_RATE,TEXT,128507
LIBRARY_MARTS,JUSTICE,JUSTICE__XC_VERA_INCARCERATION_TRENDS,TOTAL_PRISON_POP_RATE,TEXT,128507
LIBRARY_MARTS,JUSTICE,JUSTICE__XC_VERA_INCARCERATION_TRENDS,TOTAL_SENTENCED_CUSTODY_RATE,TEXT,128507
LIBRARY_MARTS,JUSTICE,JUSTICE__XC_VERA_INCARCERATION_TRENDS,WHITE_FEMALE_PRISON_ADMITS_RATE,TEXT,128507
LIBRARY_MARTS,JUSTICE,JUSTICE__XC_VERA_INCARCERATION_TRENDS,WHITE_FEMALE_PRISON_POP_RATE,TEXT,128507
LIBRARY_MARTS,JUSTICE,JUSTICE__XC_VERA_INCARCERATION_TRENDS,WHITE_JAIL_POP_RATE,TEXT,128507
LIBRARY_MARTS,JUSTICE,JUSTICE__XC_VERA_INCARCERATION_TRENDS,WHITE_MALE_PRISON_ADMITS_RATE,TEXT,128507
LIBRARY_MARTS,JUSTICE,JUSTICE__XC_VERA_INCARCERATION_TRENDS,WHITE_MALE_PRISON_POP_RATE,TEXT,128507
LIBRARY_MARTS,JUSTICE,JUSTICE__XC_VERA_INCARCERATION_TRENDS,WHITE_PRISON_ADMITS_RATE,TEXT,128507
LIBRARY_MARTS,JUSTICE,JUSTICE__XC_VERA_INCARCERATION_TRENDS,WHITE_PRISON_POP_RATE,TEXT,128507
LIBRARY_MARTS,LABOR,LABOR__FED_DOL_EBSA_FORM5500_SCHEDULE_SB,SB_1ST_SEG_RATE_PRCNT,NUMBER,41802
LIBRARY_MARTS,LABOR,LABOR__FED_DOL_EBSA_FORM5500_SCHEDULE_SB,SB_2ND_SEG_RATE_PRCNT,NUMBER,41802
LIBRARY_MARTS,LABOR,LABOR__FED_DOL_EBSA_FORM5500_SCHEDULE_SB,SB_3RD_SEG_RATE_PRCNT,NUMBER,41802
LIBRARY_MARTS,LABOR,LABOR__FED_DOL_EBSA_FORM5500_SCHEDULE_SB,SB_ACCELERATION_ADJ_AMT,NUMBER,41802
LIBRARY_MARTS,LABOR,LABOR__FED_DOL_EBSA_FORM5500_SCHEDULE_SB,SB_EFF_INT_RATE_PRCNT,NUMBER,41802
LIBRARY_MARTS,LABOR,LABOR__FED_MSHA_MINES,DAYS_PER_WEEK,NUMBER,91906
LIBRARY_MARTS,LABOR,LABOR__FED_MSHA_MINES,HOURS_PER_SHIFT,NUMBER,91906
LIBRARY_MARTS,LEGAL_ENFORCEMENT,LEGAL_ENFORCEMENT__FED_NAAG_MULTISTATE_SETTLEMENTS,CORPORATEHEADQUARTERS,TEXT,882
LIBRARY_MARTS,LEGAL_ENFORCEMENT,LEGAL_ENFORCEMENT__FED_NAAG_MULTISTATE_SETTLEMENTS,CORPORATE_MONITOR_PROVISION,TEXT,882
LIBRARY_MARTS,LEGAL_ENFORCEMENT,LEGAL_ENFORCEMENT__FED_NAAG_MULTISTATE_SETTLEMENTS,PRESIDENTIALADMINISTRATION,TEXT,882
LIBRARY_MARTS,MONEY_FINANCE,MONEY__DEBT_REPAYMENT_CLIFF,YOY_CHANGE_PCT,FLOAT,938
LIBRARY_MARTS,OPEN_DATA,OPEN_DATA__INTL_FR_DATA_GOUV,QUALITY_SCORE,FLOAT,130431
LIBRARY_MARTS,POLITICS,POLITICS__CA_LOBBY_FIRM_EMPLOYER,PER_TOTAL,NUMBER,170
LIBRARY_MARTS,POLITICS,POLITICS__FED_FEC_PAC_SUMMARY,PCT_DISBURSED_TO_OTHERS,FLOAT,45709
LIBRARY_MARTS,POLITICS,POLITICS__FED_FEC_PAC_SUMMARY,PCT_FROM_INDIVIDUALS,FLOAT,45709
LIBRARY_MARTS,POLITICS,POLITICS__FED_VOTEVIEW_MEMBERS,LAST_MEANS,TEXT,51061
LIBRARY_MARTS,POLITICS,POLITICS__FED_VOTEVIEW_MEMBERS,NOMINATE_GEO_MEAN_PROBABILITY,TEXT,51061
LIBRARY_MARTS,POLITICS,POLITICS__JCS_MEDIANS,HOUSE_MEDIAN,FLOAT,102
LIBRARY_MARTS,POLITICS,POLITICS__JCS_MEDIANS,PRESIDENT_SCORE,FLOAT,102
LIBRARY_MARTS,POLITICS,POLITICS__JCS_MEDIANS,SC_MEDIAN,FLOAT,102
LIBRARY_MARTS,POLITICS,POLITICS__JCS_MEDIANS,SENATE_MEDIAN,FLOAT,102
LIBRARY_MARTS,POLITICS,POLITICS__MEMBER_BILL_RECORD,ADVANCED_RATE,NUMBER,1104
LIBRARY_MARTS,POLITICS,POLITICS__MEMBER_BILL_RECORD,ENACTED_RATE,NUMBER,1104
LIBRARY_MARTS,POLITICS,POLITICS__MEMBER_VOTING_RECORD,MISSED_VOTE_PCT,NUMBER,1105
LIBRARY_MARTS,POLITICS,POLITICS__MEMBER_VOTING_RECORD,PARTY_UNITY_PCT,NUMBER,1105
LIBRARY_MARTS,POLITICS,POLITICS__ST_CANNABIS_POLICY_BUNDLES,MML_REGISTRATION_MAND_APP,FLOAT,1500
LIBRARY_MARTS,POLITICS,POLITICS__ST_CANNABIS_POLICY_BUNDLES,MML_REGISTRATION_MAND_IMP,FLOAT,1500
LIBRARY_MARTS,POLITICS,POLITICS__WHO_WON,MARGIN_PCT,NUMBER,10976
LIBRARY_MARTS,POLITICS,POLITICS__XC_JCS_MEDIANS,CIRCUIT_MEDIAN1,TEXT,102
LIBRARY_MARTS,POLITICS,POLITICS__XC_JCS_MEDIANS,CIRCUIT_MEDIAN10,TEXT,102
LIBRARY_MARTS,POLITICS,POLITICS__XC_JCS_MEDIANS,CIRCUIT_MEDIAN11,TEXT,102
LIBRARY_MARTS,POLITICS,POLITICS__XC_JCS_MEDIANS,CIRCUIT_MEDIAN12,TEXT,102
LIBRARY_MARTS,POLITICS,POLITICS__XC_JCS_MEDIANS,CIRCUIT_MEDIAN13,TEXT,102
LIBRARY_MARTS,POLITICS,POLITICS__XC_JCS_MEDIANS,CIRCUIT_MEDIAN2,TEXT,102
LIBRARY_MARTS,POLITICS,POLITICS__XC_JCS_MEDIANS,CIRCUIT_MEDIAN3,TEXT,102
LIBRARY_MARTS,POLITICS,POLITICS__XC_JCS_MEDIANS,CIRCUIT_MEDIAN4,TEXT,102
LIBRARY_MARTS,POLITICS,POLITICS__XC_JCS_MEDIANS,CIRCUIT_MEDIAN5,TEXT,102
LIBRARY_MARTS,POLITICS,POLITICS__XC_JCS_MEDIANS,CIRCUIT_MEDIAN6,TEXT,102
LIBRARY_MARTS,POLITICS,POLITICS__XC_JCS_MEDIANS,CIRCUIT_MEDIAN7,TEXT,102
LIBRARY_MARTS,POLITICS,POLITICS__XC_JCS_MEDIANS,CIRCUIT_MEDIAN8,TEXT,102
LIBRARY_MARTS,POLITICS,POLITICS__XC_JCS_MEDIANS,CIRCUIT_MEDIAN9,TEXT,102
LIBRARY_MARTS,POLITICS,POLITICS__XC_JCS_MEDIANS,HOUSE_MEDIAN,TEXT,102
LIBRARY_MARTS,POLITICS,POLITICS__XC_JCS_MEDIANS,SC_MEDIAN,TEXT,102
LIBRARY_MARTS,POLITICS,POLITICS__XC_JCS_MEDIANS,SENATE_MEDIAN,TEXT,102
LIBRARY_MARTS,POLITICS,POLITICS__XC_OWID_CPI,CORRUPTION_PERCEPTIONS_INDEX,FLOAT,2312
LIBRARY_MARTS,PROCUREMENT,PROCUREMENT__FED_USASPENDING_BULK,ALASKAN_NATIVE_CORPORATION_OWNED_FIRM,TEXT,49613
LIBRARY_MARTS,PROCUREMENT,PROCUREMENT__FED_USASPENDING_BULK,COMMUNITY_DEVELOPED_CORPORATION_OWNED_FIRM,TEXT,49613
LIBRARY_MARTS,PROCUREMENT,PROCUREMENT__FED_USASPENDING_BULK,COMMUNITY_DEVELOPMENT_CORPORATION,TEXT,49613
LIBRARY_MARTS,PROCUREMENT,PROCUREMENT__FED_USASPENDING_BULK,CONSTRUCTION_WAGE_RATE_REQUIREMENTS,TEXT,49613
LIBRARY_MARTS,PROCUREMENT,PROCUREMENT__FED_USASPENDING_BULK,CONSTRUCTION_WAGE_RATE_REQUIREMENTS_CODE,TEXT,49613
LIBRARY_MARTS,PROCUREMENT,PROCUREMENT__FED_USASPENDING_BULK,CONTINGENCY_HUMANITARIAN_OR_PEACEKEEPING_OPERATION,TEXT,49613
LIBRARY_MARTS,PROCUREMENT,PROCUREMENT__FED_USASPENDING_BULK,CONTINGENCY_HUMANITARIAN_OR_PEACEKEEPING_OPERATION_CODE,TEXT,49613
LIBRARY_MARTS,PROCUREMENT,PROCUREMENT__FED_USASPENDING_BULK,CORPORATE_ENTITY_NOT_TAX_EXEMPT,TEXT,49613
LIBRARY_MARTS,PROCUREMENT,PROCUREMENT__FED_USASPENDING_BULK,CORPORATE_ENTITY_TAX_EXEMPT,TEXT,49613
LIBRARY_MARTS,PROCUREMENT,PROCUREMENT__FED_USASPENDING_BULK,LIMITED_LIABILITY_CORPORATION,TEXT,49613
LIBRARY_MARTS,PROCUREMENT,PROCUREMENT__FED_USASPENDING_BULK,PRICE_EVALUATION_ADJUSTMENT_PREFERENCE_PERCENT_DIFFERENCE,TEXT,49613
LIBRARY_MARTS,PROCUREMENT,PROCUREMENT__FED_USASPENDING_BULK,SMALL_BUSINESS_COMPETITIVENESS_DEMONSTRATION_PROGRAM,TEXT,49613
LIBRARY_MARTS,PROCUREMENT,PROCUREMENT__FED_USASPENDING_BULK,SUBCHAPTER_SCORPORATION,TEXT,49613
LIBRARY_MARTS,REFERENCE,REFERENCE__INTL_GDELT,AVGTONE,TEXT,1015
LIBRARY_MARTS,REFERENCE,REFERENCE__XC_OWID_FERTILITY,TOTAL_FERTILITY_RATE,FLOAT,19402
LIBRARY_MARTS,REVIEW,CASE_QUEUE,MAX_PRIORITY_SCORE,FLOAT,
LIBRARY_MARTS,REVIEW,COHORT_QUEUE,MEDIAN_FOLD,FLOAT,903
LIBRARY_MARTS,REVIEW,COHORT_QUEUE,PRIORITY_SCORE,FLOAT,903
LIBRARY_MARTS,REVIEW,LEAD_QUEUE,DETECTOR_SCORE,FLOAT,17306
LIBRARY_MARTS,REVIEW,LEAD_QUEUE,PRIORITY_SCORE,FLOAT,17306
LIBRARY_MARTS,SCIENCE_RESEARCH,SCIENCE_RESEARCH__FED_RETRACTION_WATCH,ORIGINAL_PAPER_DATE,DATE,71591
LIBRARY_MARTS,SCIENCE_RESEARCH,SCIENCE_RESEARCH__FED_RETRACTION_WATCH,ORIGINAL_PAPER_DOI,TEXT,71591
LIBRARY_MARTS,SCIENCE_RESEARCH,SCIENCE_RESEARCH__FED_RETRACTION_WATCH,ORIGINAL_PAPER_PUBMED_ID,TEXT,71591
LIBRARY_MARTS,SCIENCE_RESEARCH,SCIENCE_RESEARCH__XC_OSF_REGISTRATIONS,IS_PENDING_REGISTRATION_APPROVAL,BOOLEAN,10
LIBRARY_MARTS,SCIENCE_RESEARCH,SCIENCE_RESEARCH__XC_OSF_REGISTRATIONS,IS_REGISTRATION,BOOLEAN,10
LIBRARY_MARTS,SCIENCE_RESEARCH,SCIENCE_RESEARCH__XC_OSF_REGISTRATIONS,REGISTRATION_RESPONSES_SUMMARY,TEXT,10
LIBRARY_MARTS,SCIENCE_RESEARCH,SCIENCE_RESEARCH__XC_OSF_REGISTRATIONS,REGISTRATION_RESPONSES_UPLOADER,TEXT,10
LIBRARY_MARTS,SCIENCE_RESEARCH,SCIENCE_RESEARCH__XC_OSF_REGISTRATIONS,REGISTRATION_SCHEMA_ID,TEXT,10
LIBRARY_MARTS,SCIENCE_RESEARCH,SCIENCE_RESEARCH__XC_OSF_REGISTRATIONS,REGISTRATION_SUPPLEMENT,TEXT,10
LIBRARY_MARTS,SCIENCE_RESEARCH,SCIENCE_RESEARCH__XC_RETRACTION_WATCH_DATABASE,ORIGINAL_PAPER_DATE,DATE,71388
LIBRARY_MARTS,SCIENCE_RESEARCH,SCIENCE_RESEARCH__XC_RETRACTION_WATCH_DATABASE,ORIGINAL_PAPER_DOI,TEXT,71388
LIBRARY_MARTS,SCIENCE_RESEARCH,SCIENCE_RESEARCH__XC_RETRACTION_WATCH_DATABASE,ORIGINAL_PAPER_PUBMED_ID,TEXT,71388
LIBRARY_MARTS,TIMELINE,CORPORATE_REGISTRY__FED_ICIJ_OFFSHORELEAKS_ENTITIES,INCORPORATION_DATE,DATE,
LIBRARY_MARTS,TIMELINE,CORPORATE_REGISTRY__FED_ICIJ_OFFSHORELEAKS_OTHERS,INCORPORATION_DATE,DATE,
LIBRARY_MARTS,TIMELINE,CORPORATE_REGISTRY__INTL_IE_CRO,CORPORATE_REGISTRY_KEY,TEXT,
LIBRARY_MARTS,TIMELINE,CORPORATE_REGISTRY__INTL_IE_CRO,INCORPORATION_DATE,DATE,
LIBRARY_MARTS,TIMELINE,CORPORATE_REGISTRY__INTL_IE_CRO,INCORPORATION_YEAR,NUMBER,
LIBRARY_MARTS,TIMELINE,CORPORATE_REGISTRY__INTL_UK_COMPANIES_HOUSE,INCORPORATION_DATE,DATE,
LIBRARY_MARTS,TIMELINE,CORPORATE_REGISTRY__UK_COMPANIES_HOUSE_PSC,REGISTRATION_NUMBER,TEXT,
LIBRARY_MARTS,TIMELINE,ECONOMICS__FED_BLS_QCEW,ANNUAL_AVG_EMPLOYMENT,NUMBER,
LIBRARY_MARTS,TIMELINE,ECONOMICS__FED_BLS_QCEW,ANNUAL_AVG_ESTABLISHMENTS,NUMBER,
LIBRARY_MARTS,TIMELINE,ECONOMICS__FED_BLS_QCEW,ANNUAL_AVG_WEEKLY_WAGE,NUMBER,
LIBRARY_MARTS,TIMELINE,ECONOMICS__FED_BLS_QCEW,AVG_ANNUAL_PAY,NUMBER,
LIBRARY_MARTS,TIMELINE,ECONOMICS__FED_BLS_QCEW,YOY_EMPLOYMENT_PCT_CHANGE,FLOAT,
LIBRARY_MARTS,TIMELINE,ECONOMICS__FED_BLS_QCEW,YOY_WAGES_PCT_CHANGE,FLOAT,
LIBRARY_MARTS,TIMELINE,ECONOMICS__FED_FDIC_FAILED_BANKS,LOSS_TO_ASSETS_RATIO,NUMBER,
LIBRARY_MARTS,TIMELINE,ECONOMICS__FED_FDIC_FAILED_BANKS,LOSS_TO_DEPOSITS_RATIO,NUMBER,
LIBRARY_MARTS,TIMELINE,ECONOMICS__FED_SBA_LOANS,LOSS_RATE,FLOAT,
LIBRARY_MARTS,TIMELINE,ECONOMICS__FED_SEC_EDGAR,STATEOFINCORPORATION,TEXT,
LIBRARY_MARTS,TIMELINE,ECONOMICS__FED_TREASURY_AVG_INTEREST_RATES,AVG_INTEREST_RATE_AMT,FLOAT,
LIBRARY_MARTS,TIMELINE,ECONOMICS__FED_TREASURY_AVG_INTEREST_RATES,AVG_INTEREST_RATE_KEY,TEXT,
LIBRARY_MARTS,TIMELINE,ECONOMICS__FED_TREASURY_DEBT_TO_PENNY,PCT_DEBT_HELD_PUBLIC,FLOAT,
LIBRARY_MARTS,TIMELINE,ECONOMICS__FED_TREASURY_DEBT_TO_PENNY,PCT_INTRAGOV_HOLD,FLOAT,
LIBRARY_MARTS,TIMELINE,ECONOMICS__FED_USASPENDING_ASSISTANCE_FULL,GENERATED_PRAGMATIC_OBLIGATIONS,TEXT,
LIBRARY_MARTS,TIMELINE,ECONOMICS__FED_USASPENDING_CONTRACTS_FULL,ALASKAN_NATIVE_CORPORATION_OWNED_FIRM,FLOAT,
LIBRARY_MARTS,TIMELINE,ECONOMICS__FED_USASPENDING_CONTRACTS_FULL,COMMUNITY_DEVELOPED_CORPORATION_OWNED_FIRM,FLOAT,
LIBRARY_MARTS,TIMELINE,ECONOMICS__FED_USASPENDING_CONTRACTS_FULL,COMMUNITY_DEVELOPMENT_CORPORATION,FLOAT,
LIBRARY_MARTS,TIMELINE,ECONOMICS__FED_USASPENDING_CONTRACTS_FULL,CONSTRUCTION_WAGE_RATE_REQUIREMENTS,FLOAT,
LIBRARY_MARTS,TIMELINE,ECONOMICS__FED_USASPENDING_CONTRACTS_FULL,CONSTRUCTION_WAGE_RATE_REQUIREMENTS_CODE,FLOAT,
LIBRARY_MARTS,TIMELINE,ECONOMICS__FED_USASPENDING_CONTRACTS_FULL,CONTINGENCY_HUMANITARIAN_OR_PEACEKEEPING_OPERATION,FLOAT,
LIBRARY_MARTS,TIMELINE,ECONOMICS__FED_USASPENDING_CONTRACTS_FULL,CONTINGENCY_HUMANITARIAN_OR_PEACEKEEPING_OPERATION_CODE,FLOAT,
LIBRARY_MARTS,TIMELINE,ECONOMICS__FED_USASPENDING_CONTRACTS_FULL,CORPORATE_ENTITY_NOT_TAX_EXEMPT,FLOAT,
LIBRARY_MARTS,TIMELINE,ECONOMICS__FED_USASPENDING_CONTRACTS_FULL,CORPORATE_ENTITY_TAX_EXEMPT,FLOAT,
LIBRARY_MARTS,TIMELINE,ECONOMICS__FED_USASPENDING_CONTRACTS_FULL,LIMITED_LIABILITY_CORPORATION,FLOAT,
LIBRARY_MARTS,TIMELINE,ECONOMICS__FED_USASPENDING_CONTRACTS_FULL,PRICE_EVALUATION_ADJUSTMENT_PREFERENCE_PERCENT_DIFFERENCE,FLOAT,
LIBRARY_MARTS,TIMELINE,ECONOMICS__FED_USASPENDING_CONTRACTS_FULL,SMALL_BUSINESS_COMPETITIVENESS_DEMONSTRATION_PROGRAM,FLOAT,
LIBRARY_MARTS,TIMELINE,ECONOMICS__FED_USASPENDING_CONTRACTS_FULL,SUBCHAPTER_SCORPORATION,FLOAT,
LIBRARY_MARTS,TIMELINE,ECONOMICS__FED_US_SEC_EDGAR,IS_REGISTRATION_OR_PROSPECTUS,BOOLEAN,
LIBRARY_MARTS,TIMELINE,ECONOMICS__FED_US_SEC_EDGAR,STATE_OF_INCORPORATION,TEXT,
LIBRARY_MARTS,TIMELINE,ECONOMICS__FED_US_USASPENDING_API,AWARD_DURATION_DAYS,NUMBER,
LIBRARY_MARTS,TIMELINE,ECONOMICS__FED_US_USASPENDING_API,GENERATED_UNIQUE_AWARD_ID,TEXT,
LIBRARY_MARTS,TIMELINE,ECONOMICS__INTL_GLEIF_RELATIONSHIPS,REGISTRATION_INITIALREGISTRATIONDATE,DATE,
LIBRARY_MARTS,TIMELINE,ECONOMICS__INTL_GLEIF_RELATIONSHIPS,REGISTRATION_LASTUPDATEDATE,DATE,
LIBRARY_MARTS,TIMELINE,ECONOMICS__INTL_GLEIF_RELATIONSHIPS,REGISTRATION_MANAGINGLOU,TEXT,
LIBRARY_MARTS,TIMELINE,ECONOMICS__INTL_GLEIF_RELATIONSHIPS,REGISTRATION_NEXTRENEWALDATE,DATE,
LIBRARY_MARTS,TIMELINE,ECONOMICS__INTL_GLEIF_RELATIONSHIPS,REGISTRATION_REGISTRATIONSTATUS,TEXT,
LIBRARY_MARTS,TIMELINE,ECONOMICS__INTL_GLEIF_RELATIONSHIPS,REGISTRATION_VALIDATIONDOCUMENTS,TEXT,
LIBRARY_MARTS,TIMELINE,ECONOMICS__INTL_GLEIF_RELATIONSHIPS,REGISTRATION_VALIDATIONREFERENCE,TEXT,
LIBRARY_MARTS,TIMELINE,ECONOMICS__INTL_GLEIF_RELATIONSHIPS,REGISTRATION_VALIDATIONSOURCES,TEXT,
LIBRARY_MARTS,TIMELINE,EDUCATION__FED_CFTC_COT_FINANCIAL,PCT_OF_OI_ASSET_MGR_LONG_ALL,TEXT,
LIBRARY_MARTS,TIMELINE,EDUCATION__FED_CFTC_COT_FINANCIAL,PCT_OF_OI_ASSET_MGR_SHORT_ALL,TEXT,
LIBRARY_MARTS,TIMELINE,EDUCATION__FED_CFTC_COT_FINANCIAL,PCT_OF_OI_ASSET_MGR_SPREAD_ALL,TEXT,
LIBRARY_MARTS,TIMELINE,EDUCATION__FED_CFTC_COT_FINANCIAL,PCT_OF_OI_DEALER_LONG_ALL,TEXT,
LIBRARY_MARTS,TIMELINE,EDUCATION__FED_CFTC_COT_FINANCIAL,PCT_OF_OI_DEALER_SHORT_ALL,TEXT,
LIBRARY_MARTS,TIMELINE,EDUCATION__FED_CFTC_COT_FINANCIAL,PCT_OF_OI_DEALER_SPREAD_ALL,TEXT,
LIBRARY_MARTS,TIMELINE,EDUCATION__FED_CFTC_COT_FINANCIAL,PCT_OF_OI_LEV_MONEY_LONG_ALL,TEXT,
LIBRARY_MARTS,TIMELINE,EDUCATION__FED_CFTC_COT_FINANCIAL,PCT_OF_OI_LEV_MONEY_SHORT_ALL,TEXT,
LIBRARY_MARTS,TIMELINE,EDUCATION__FED_CFTC_COT_FINANCIAL,PCT_OF_OI_LEV_MONEY_SPREAD_ALL,TEXT,
LIBRARY_MARTS,TIMELINE,EDUCATION__FED_CFTC_COT_FINANCIAL,PCT_OF_OI_NONREPT_LONG_ALL,TEXT,
LIBRARY_MARTS,TIMELINE,EDUCATION__FED_CFTC_COT_FINANCIAL,PCT_OF_OI_NONREPT_SHORT_ALL,TEXT,
LIBRARY_MARTS,TIMELINE,EDUCATION__FED_CFTC_COT_FINANCIAL,PCT_OF_OI_OTHER_REPT_LONG_ALL,TEXT,
LIBRARY_MARTS,TIMELINE,EDUCATION__FED_CFTC_COT_FINANCIAL,PCT_OF_OI_OTHER_REPT_SHORT_ALL,TEXT,
LIBRARY_MARTS,TIMELINE,EDUCATION__FED_CFTC_COT_FINANCIAL,PCT_OF_OI_OTHER_REPT_SPREAD_ALL,TEXT,
LIBRARY_MARTS,TIMELINE,EDUCATION__FED_CFTC_COT_FINANCIAL,PCT_OF_OI_TOT_REPT_LONG_ALL,TEXT,
LIBRARY_MARTS,TIMELINE,EDUCATION__FED_CFTC_COT_FINANCIAL,PCT_OF_OI_TOT_REPT_SHORT_ALL,TEXT,
LIBRARY_MARTS,TIMELINE,EDUCATION__FED_CFTC_COT_FINANCIAL,PCT_OF_OPEN_INTEREST_ALL,TEXT,
LIBRARY_MARTS,TIMELINE,EDUCATION__FED_CFTC_COT_FUTURES,CONCENTRATION_GROSS_LT_4_TDR_LONG_ALL,FLOAT,
LIBRARY_MARTS,TIMELINE,EDUCATION__FED_CFTC_COT_FUTURES,CONCENTRATION_GROSS_LT_4_TDR_LONG_OLD,FLOAT,
LIBRARY_MARTS,TIMELINE,EDUCATION__FED_CFTC_COT_FUTURES,CONCENTRATION_GROSS_LT_4_TDR_LONG_OTHER,FLOAT,
LIBRARY_MARTS,TIMELINE,EDUCATION__FED_CFTC_COT_FUTURES,CONCENTRATION_GROSS_LT_4_TDR_SHORT_ALL,FLOAT,
LIBRARY_MARTS,TIMELINE,EDUCATION__FED_CFTC_COT_FUTURES,CONCENTRATION_GROSS_LT_4_TDR_SHORT_OLD,FLOAT,
LIBRARY_MARTS,TIMELINE,EDUCATION__FED_CFTC_COT_FUTURES,CONCENTRATION_GROSS_LT_4_TDR_SHORT_OTHER,FLOAT,
LIBRARY_MARTS,TIMELINE,EDUCATION__FED_CFTC_COT_FUTURES,CONCENTRATION_GROSS_LT_8_TDR_LONG_ALL,FLOAT,
LIBRARY_MARTS,TIMELINE,EDUCATION__FED_CFTC_COT_FUTURES,CONCENTRATION_GROSS_LT_8_TDR_LONG_OLD,FLOAT,
LIBRARY_MARTS,TIMELINE,EDUCATION__FED_CFTC_COT_FUTURES,CONCENTRATION_GROSS_LT_8_TDR_LONG_OTHER,FLOAT,
LIBRARY_MARTS,TIMELINE,EDUCATION__FED_CFTC_COT_FUTURES,CONCENTRATION_GROSS_LT_8_TDR_SHORT_ALL,FLOAT,
LIBRARY_MARTS,TIMELINE,EDUCATION__FED_CFTC_COT_FUTURES,CONCENTRATION_GROSS_LT_8_TDR_SHORT_OLD,FLOAT,
LIBRARY_MARTS,TIMELINE,EDUCATION__FED_CFTC_COT_FUTURES,CONCENTRATION_GROSS_LT_8_TDR_SHORT_OTHER,FLOAT,
LIBRARY_MARTS,TIMELINE,EDUCATION__FED_CFTC_COT_FUTURES,CONCENTRATION_NET_LT_4_TDR_LONG_ALL,FLOAT,
LIBRARY_MARTS,TIMELINE,EDUCATION__FED_CFTC_COT_FUTURES,CONCENTRATION_NET_LT_4_TDR_LONG_OLD,FLOAT,
LIBRARY_MARTS,TIMELINE,EDUCATION__FED_CFTC_COT_FUTURES,CONCENTRATION_NET_LT_4_TDR_LONG_OTHER,FLOAT,
LIBRARY_MARTS,TIMELINE,EDUCATION__FED_CFTC_COT_FUTURES,CONCENTRATION_NET_LT_4_TDR_SHORT_ALL,FLOAT,
LIBRARY_MARTS,TIMELINE,EDUCATION__FED_CFTC_COT_FUTURES,CONCENTRATION_NET_LT_4_TDR_SHORT_OLD,FLOAT,
LIBRARY_MARTS,TIMELINE,EDUCATION__FED_CFTC_COT_FUTURES,CONCENTRATION_NET_LT_4_TDR_SHORT_OTHER,FLOAT,
LIBRARY_MARTS,TIMELINE,EDUCATION__FED_CFTC_COT_FUTURES,CONCENTRATION_NET_LT_8_TDR_LONG_ALL,FLOAT,
LIBRARY_MARTS,TIMELINE,EDUCATION__FED_CFTC_COT_FUTURES,CONCENTRATION_NET_LT_8_TDR_LONG_OLD,FLOAT,
LIBRARY_MARTS,TIMELINE,EDUCATION__FED_CFTC_COT_FUTURES,CONCENTRATION_NET_LT_8_TDR_LONG_OTHER,FLOAT,
LIBRARY_MARTS,TIMELINE,EDUCATION__FED_CFTC_COT_FUTURES,CONCENTRATION_NET_LT_8_TDR_SHORT_ALL,FLOAT,
LIBRARY_MARTS,TIMELINE,EDUCATION__FED_CFTC_COT_FUTURES,CONCENTRATION_NET_LT_8_TDR_SHORT_OLD,FLOAT,
LIBRARY_MARTS,TIMELINE,EDUCATION__FED_CFTC_COT_FUTURES,CONCENTRATION_NET_LT_8_TDR_SHORT_OTHER,FLOAT,
LIBRARY_MARTS,TIMELINE,ENERGY__FED_EIA860_3_1_GENERATOR,MONTH_UPRATE_OR_DERATE_COMPLETED,NUMBER,
LIBRARY_MARTS,TIMELINE,ENERGY__FED_EIA860_3_1_GENERATOR,PLANNED_DERATE_MONTH,NUMBER,
LIBRARY_MARTS,TIMELINE,ENERGY__FED_EIA860_3_1_GENERATOR,PLANNED_DERATE_YEAR,NUMBER,
LIBRARY_MARTS,TIMELINE,ENERGY__FED_EIA860_3_1_GENERATOR,PLANNED_NET_SUMMER_CAPACITY_DERATE_MW,NUMBER,
LIBRARY_MARTS,TIMELINE,ENERGY__FED_EIA860_3_1_GENERATOR,PLANNED_NET_SUMMER_CAPACITY_UPRATE_MW,NUMBER,
LIBRARY_MARTS,TIMELINE,ENERGY__FED_EIA860_3_1_GENERATOR,PLANNED_NET_WINTER_CAPACITY_DERATE_MW,NUMBER,
LIBRARY_MARTS,TIMELINE,ENERGY__FED_EIA860_3_1_GENERATOR,PLANNED_NET_WINTER_CAPACITY_UPRATE_MW,NUMBER,
LIBRARY_MARTS,TIMELINE,ENERGY__FED_EIA860_3_1_GENERATOR,PLANNED_UPRATE_MONTH,NUMBER,
LIBRARY_MARTS,TIMELINE,ENERGY__FED_EIA860_3_1_GENERATOR,PLANNED_UPRATE_YEAR,NUMBER,
LIBRARY_MARTS,TIMELINE,ENERGY__FED_EIA860_3_1_GENERATOR,UPRATE_OR_DERATE_COMPLETED_DURING_YEAR,TEXT,
LIBRARY_MARTS,TIMELINE,ENERGY__FED_EIA860_3_1_GENERATOR,YEAR_UPRATE_OR_DERATE_COMPLETED,NUMBER,
LIBRARY_MARTS,TIMELINE,ENERGY__FED_EIA860_3_4_ENERGY_STORAGE,EXCESS_WIND_AND_SOLAR_GENERATION,TEXT,
LIBRARY_MARTS,TIMELINE,ENERGY__FED_EIA860_3_4_ENERGY_STORAGE,MAXIMUM_CHARGE_RATE_MW,NUMBER,
LIBRARY_MARTS,TIMELINE,ENERGY__FED_EIA860_3_4_ENERGY_STORAGE,MAXIMUM_DISCHARGE_RATE_MW,NUMBER,
LIBRARY_MARTS,TIMELINE,ENERGY__FED_EIA860_6_2_ENVIROEQUIP,MERCURY_CONTROL_EXISTING_STRATEGY_1,TEXT,
LIBRARY_MARTS,TIMELINE,ENERGY__FED_EIA860_6_2_ENVIROEQUIP,MERCURY_CONTROL_EXISTING_STRATEGY_2,TEXT,
LIBRARY_MARTS,TIMELINE,ENERGY__FED_EIA860_6_2_ENVIROEQUIP,MERCURY_CONTROL_EXISTING_STRATEGY_3,TEXT,
LIBRARY_MARTS,TIMELINE,ENERGY__FED_EIA860_6_2_ENVIROEQUIP,MERCURY_CONTROL_PROPOSED_STRATEGY_1,TEXT,
LIBRARY_MARTS,TIMELINE,ENERGY__FED_EIA860_6_2_ENVIROEQUIP,MERCURY_CONTROL_PROPOSED_STRATEGY_2,TEXT,
LIBRARY_MARTS,TIMELINE,ENERGY__FED_EIA860_6_2_ENVIROEQUIP,MERCURY_CONTROL_PROPOSED_STRATEGY_3,TEXT,
LIBRARY_MARTS,TIMELINE,ENERGY__FED_EIA860_6_2_ENVIROEQUIP,NITROGEN_OXIDE_CONTROL_EXISTING_STRATEGY_1,TEXT,
LIBRARY_MARTS,TIMELINE,ENERGY__FED_EIA860_6_2_ENVIROEQUIP,NITROGEN_OXIDE_CONTROL_EXISTING_STRATEGY_2,TEXT,
LIBRARY_MARTS,TIMELINE,ENERGY__FED_EIA860_6_2_ENVIROEQUIP,NITROGEN_OXIDE_CONTROL_EXISTING_STRATEGY_3,TEXT,
LIBRARY_MARTS,TIMELINE,ENERGY__FED_EIA860_6_2_ENVIROEQUIP,NITROGEN_OXIDE_CONTROL_PROPOSED_STRATEGY_1,TEXT,
LIBRARY_MARTS,TIMELINE,ENERGY__FED_EIA860_6_2_ENVIROEQUIP,NITROGEN_OXIDE_CONTROL_PROPOSED_STRATEGY_2,TEXT,
LIBRARY_MARTS,TIMELINE,ENERGY__FED_EIA860_6_2_ENVIROEQUIP,NITROGEN_OXIDE_CONTROL_PROPOSED_STRATEGY_3,TEXT,
LIBRARY_MARTS,TIMELINE,ENERGY__FED_EIA860_6_2_ENVIROEQUIP,STANDARD_NITROGEN_RATE,NUMBER,
LIBRARY_MARTS,TIMELINE,ENERGY__FED_EIA860_6_2_ENVIROEQUIP,STANDARD_PARTICULATE_RATE,NUMBER,
LIBRARY_MARTS,TIMELINE,ENERGY__FED_EIA860_6_2_ENVIROEQUIP,STANDARD_SULFUR_PERCENT_SCRUBBED,NUMBER,
LIBRARY_MARTS,TIMELINE,ENERGY__FED_EIA860_6_2_ENVIROEQUIP,STANDARD_SULFUR_RATE,NUMBER,
LIBRARY_MARTS,TIMELINE,ENERGY__FED_EIA860_6_2_ENVIROEQUIP,SULFUR_DIOXIDE_CONTROL_EXISTING_STRATEGY_1,TEXT,
LIBRARY_MARTS,TIMELINE,ENERGY__FED_EIA860_6_2_ENVIROEQUIP,SULFUR_DIOXIDE_CONTROL_EXISTING_STRATEGY_2,TEXT,
LIBRARY_MARTS,TIMELINE,ENERGY__FED_EIA860_6_2_ENVIROEQUIP,SULFUR_DIOXIDE_CONTROL_EXISTING_STRATEGY_3,TEXT,
LIBRARY_MARTS,TIMELINE,ENERGY__FED_EIA860_6_2_ENVIROEQUIP,SULFUR_DIOXIDE_CONTROL_PROPOSED_STRATEGY_1,TEXT,
LIBRARY_MARTS,TIMELINE,ENERGY__FED_EIA860_6_2_ENVIROEQUIP,SULFUR_DIOXIDE_CONTROL_PROPOSED_STRATEGY_2,TEXT,
LIBRARY_MARTS,TIMELINE,ENERGY__FED_EIA860_6_2_ENVIROEQUIP,SULFUR_DIOXIDE_CONTROL_PROPOSED_STRATEGY_3,TEXT,
LIBRARY_MARTS,TIMELINE,ENERGY__FED_EIA861_OPERATIONAL_DATA,NET_GENERATION_MWH,NUMBER,
LIBRARY_MARTS,TIMELINE,ENERGY__FED_EIA861_UTILITY_DATA,ACTIVITY_GENERATION,TEXT,
LIBRARY_MARTS,TIMELINE,ENERGY__INTL_EMBER_ELEC,YOY_PCT_CHANGE,FLOAT,
LIBRARY_MARTS,TIMELINE,ENVIRONMENT__EPA_PENALTY_GAP,PCT_MINORITY,FLOAT,
LIBRARY_MARTS,TIMELINE,ENVIRONMENT__EPA_PENALTY_GAP,PENALTY_PER_QUARTER_NC,FLOAT,
LIBRARY_MARTS,TIMELINE,ENVIRONMENT__EPA_PENALTY_GAP,POPULATION_DENSITY,FLOAT,
LIBRARY_MARTS,TIMELINE,ENVIRONMENT__FED_EPA_ECHO,PCT_MINORITY,FLOAT,
LIBRARY_MARTS,TIMELINE,ENVIRONMENT__FED_EPA_ECHO,POPULATION_DENSITY,FLOAT,
LIBRARY_MARTS,TIMELINE,ENVIRONMENT__FED_EPA_EGRID_PLANT_2022,CHP_PLANT_POWER_TO_HEAT_RATIO,FLOAT,
LIBRARY_MARTS,TIMELINE,ENVIRONMENT__FED_EPA_EGRID_PLANT_2022,FLAG_INDICATING_IF_THE_PLANT_BURNED_OR_GENERATED_ANY_AMOUNT_OF_COAL,FLOAT,
LIBRARY_MARTS,TIMELINE,ENVIRONMENT__FED_EPA_EGRID_PLANT_2022,PLANT_ANNUAL_BIOMASS_NET_GENERATION_MWH,FLOAT,
LIBRARY_MARTS,TIMELINE,ENVIRONMENT__FED_EPA_EGRID_PLANT_2022,PLANT_ANNUAL_CH4_COMBUSTION_OUTPUT_EMISSION_RATE_LB_MWH,FLOAT,
LIBRARY_MARTS,TIMELINE,ENVIRONMENT__FED_EPA_EGRID_PLANT_2022,PLANT_ANNUAL_CH4_INPUT_EMISSION_RATE_LB_MMBTU,FLOAT,
LIBRARY_MARTS,TIMELINE,ENVIRONMENT__FED_EPA_EGRID_PLANT_2022,PLANT_ANNUAL_CH4_TOTAL_OUTPUT_EMISSION_RATE_LB_MWH,FLOAT,
LIBRARY_MARTS,TIMELINE,ENVIRONMENT__FED_EPA_EGRID_PLANT_2022,PLANT_ANNUAL_CO2_COMBUSTION_OUTPUT_EMISSION_RATE_LB_MWH,FLOAT,
LIBRARY_MARTS,TIMELINE,ENVIRONMENT__FED_EPA_EGRID_PLANT_2022,PLANT_ANNUAL_CO2_EQUIVALENT_COMBUSTION_OUTPUT_EMISSION_RATE_LB_MWH,FLOAT,
LIBRARY_MARTS,TIMELINE,ENVIRONMENT__FED_EPA_EGRID_PLANT_2022,PLANT_ANNUAL_CO2_EQUIVALENT_INPUT_EMISSION_RATE_LB_MMBTU,FLOAT,
LIBRARY_MARTS,TIMELINE,ENVIRONMENT__FED_EPA_EGRID_PLANT_2022,PLANT_ANNUAL_CO2_EQUIVALENT_TOTAL_OUTPUT_EMISSION_RATE_LB_MWH,FLOAT,
LIBRARY_MARTS,TIMELINE,ENVIRONMENT__FED_EPA_EGRID_PLANT_2022,PLANT_ANNUAL_CO2_INPUT_EMISSION_RATE_LB_MMBTU,FLOAT,
LIBRARY_MARTS,TIMELINE,ENVIRONMENT__FED_EPA_EGRID_PLANT_2022,PLANT_ANNUAL_CO2_TOTAL_OUTPUT_EMISSION_RATE_LB_MWH,FLOAT,
LIBRARY_MARTS,TIMELINE,ENVIRONMENT__FED_EPA_EGRID_PLANT_2022,PLANT_ANNUAL_COAL_NET_GENERATION_MWH,FLOAT,
LIBRARY_MARTS,TIMELINE,ENVIRONMENT__FED_EPA_EGRID_PLANT_2022,PLANT_ANNUAL_GAS_NET_GENERATION_MWH,FLOAT,
LIBRARY_MARTS,TIMELINE,ENVIRONMENT__FED_EPA_EGRID_PLANT_2022,PLANT_ANNUAL_GEOTHERMAL_NET_GENERATION_MWH,FLOAT,
LIBRARY_MARTS,TIMELINE,ENVIRONMENT__FED_EPA_EGRID_PLANT_2022,PLANT_ANNUAL_HG_COMBUSTION_OUTPUT_EMISSION_RATE_LB_MWH,FLOAT,
LIBRARY_MARTS,TIMELINE,ENVIRONMENT__FED_EPA_EGRID_PLANT_2022,PLANT_ANNUAL_HG_INPUT_EMISSION_RATE_LB_MMBTU,FLOAT,
LIBRARY_MARTS,TIMELINE,ENVIRONMENT__FED_EPA_EGRID_PLANT_2022,PLANT_ANNUAL_HG_TOTAL_OUTPUT_EMISSION_RATE_LB_MWH,FLOAT,
LIBRARY_MARTS,TIMELINE,ENVIRONMENT__FED_EPA_EGRID_PLANT_2022,PLANT_ANNUAL_HYDRO_NET_GENERATION_MWH,FLOAT,
LIBRARY_MARTS,TIMELINE,ENVIRONMENT__FED_EPA_EGRID_PLANT_2022,PLANT_ANNUAL_N2_O_COMBUSTION_OUTPUT_EMISSION_RATE_LB_MWH,FLOAT,
LIBRARY_MARTS,TIMELINE,ENVIRONMENT__FED_EPA_EGRID_PLANT_2022,PLANT_ANNUAL_N2_O_INPUT_EMISSION_RATE_LB_MMBTU,FLOAT,
LIBRARY_MARTS,TIMELINE,ENVIRONMENT__FED_EPA_EGRID_PLANT_2022,PLANT_ANNUAL_N2_O_TOTAL_OUTPUT_EMISSION_RATE_LB_MWH,FLOAT,
LIBRARY_MARTS,TIMELINE,ENVIRONMENT__FED_EPA_EGRID_PLANT_2022,PLANT_ANNUAL_NET_GENERATION_MWH,FLOAT,
LIBRARY_MARTS,TIMELINE,ENVIRONMENT__FED_EPA_EGRID_PLANT_2022,PLANT_ANNUAL_NOX_COMBUSTION_OUTPUT_EMISSION_RATE_LB_MWH,FLOAT,
LIBRARY_MARTS,TIMELINE,ENVIRONMENT__FED_EPA_EGRID_PLANT_2022,PLANT_ANNUAL_NOX_INPUT_EMISSION_RATE_LB_MMBTU,FLOAT,
LIBRARY_MARTS,TIMELINE,ENVIRONMENT__FED_EPA_EGRID_PLANT_2022,PLANT_ANNUAL_NOX_TOTAL_OUTPUT_EMISSION_RATE_LB_MWH,FLOAT,
LIBRARY_MARTS,TIMELINE,ENVIRONMENT__FED_EPA_EGRID_PLANT_2022,PLANT_ANNUAL_NUCLEAR_NET_GENERATION_MWH,FLOAT,
LIBRARY_MARTS,TIMELINE,ENVIRONMENT__FED_EPA_EGRID_PLANT_2022,PLANT_ANNUAL_OIL_NET_GENERATION_MWH,FLOAT,
LIBRARY_MARTS,TIMELINE,ENVIRONMENT__FED_EPA_EGRID_PLANT_2022,PLANT_ANNUAL_OTHER_FOSSIL_NET_GENERATION_MWH,FLOAT,
LIBRARY_MARTS,TIMELINE,ENVIRONMENT__FED_EPA_EGRID_PLANT_2022,PLANT_ANNUAL_OTHER_UNKNOWN_PURCHASED_FUEL_NET_GENERATION_MWH,FLOAT,
LIBRARY_MARTS,TIMELINE,ENVIRONMENT__FED_EPA_EGRID_PLANT_2022,PLANT_ANNUAL_SO2_COMBUSTION_OUTPUT_EMISSION_RATE_LB_MWH,FLOAT,
LIBRARY_MARTS,TIMELINE,ENVIRONMENT__FED_EPA_EGRID_PLANT_2022,PLANT_ANNUAL_SO2_INPUT_EMISSION_RATE_LB_MMBTU,FLOAT,
LIBRARY_MARTS,TIMELINE,ENVIRONMENT__FED_EPA_EGRID_PLANT_2022,PLANT_ANNUAL_SO2_TOTAL_OUTPUT_EMISSION_RATE_LB_MWH,FLOAT,
LIBRARY_MARTS,TIMELINE,ENVIRONMENT__FED_EPA_EGRID_PLANT_2022,PLANT_ANNUAL_SOLAR_NET_GENERATION_MWH,FLOAT,
LIBRARY_MARTS,TIMELINE,ENVIRONMENT__FED_EPA_EGRID_PLANT_2022,PLANT_ANNUAL_TOTAL_COMBUSTION_NET_GENERATION_MWH,FLOAT,
LIBRARY_MARTS,TIMELINE,ENVIRONMENT__FED_EPA_EGRID_PLANT_2022,PLANT_ANNUAL_TOTAL_NONCOMBUSTION_NET_GENERATION_MWH,FLOAT,
LIBRARY_MARTS,TIMELINE,ENVIRONMENT__FED_EPA_EGRID_PLANT_2022,PLANT_ANNUAL_TOTAL_NONHYDRO_RENEWABLES_NET_GENERATION_MWH,FLOAT,
LIBRARY_MARTS,TIMELINE,ENVIRONMENT__FED_EPA_EGRID_PLANT_2022,PLANT_ANNUAL_TOTAL_NONRENEWABLES_NET_GENERATION_MWH,FLOAT,
LIBRARY_MARTS,TIMELINE,ENVIRONMENT__FED_EPA_EGRID_PLANT_2022,PLANT_ANNUAL_TOTAL_RENEWABLES_NET_GENERATION_MWH,FLOAT,
LIBRARY_MARTS,TIMELINE,ENVIRONMENT__FED_EPA_EGRID_PLANT_2022,PLANT_ANNUAL_WIND_NET_GENERATION_MWH,FLOAT,
LIBRARY_MARTS,TIMELINE,ENVIRONMENT__FED_EPA_EGRID_PLANT_2022,PLANT_BIOMASS_GENERATION_PERCENT_RESOURCE_MIX,FLOAT,
LIBRARY_MARTS,TIMELINE,ENVIRONMENT__FED_EPA_EGRID_PLANT_2022,PLANT_COAL_GENERATION_PERCENT_RESOURCE_MIX,FLOAT,
LIBRARY_MARTS,TIMELINE,ENVIRONMENT__FED_EPA_EGRID_PLANT_2022,PLANT_GAS_GENERATION_PERCENT_RESOURCE_MIX,FLOAT,
LIBRARY_MARTS,TIMELINE,ENVIRONMENT__FED_EPA_EGRID_PLANT_2022,PLANT_GEOTHERMAL_GENERATION_PERCENT_RESOURCE_MIX,FLOAT,
LIBRARY_MARTS,TIMELINE,ENVIRONMENT__FED_EPA_EGRID_PLANT_2022,PLANT_HYDRO_GENERATION_PERCENT_RESOURCE_MIX,FLOAT,
LIBRARY_MARTS,TIMELINE,ENVIRONMENT__FED_EPA_EGRID_PLANT_2022,PLANT_NOMINAL_HEAT_RATE_BTU_KWH,FLOAT,
LIBRARY_MARTS,TIMELINE,ENVIRONMENT__FED_EPA_EGRID_PLANT_2022,PLANT_NUCLEAR_GENERATION_PERCENT_RESOURCE_MIX,FLOAT,
LIBRARY_MARTS,TIMELINE,ENVIRONMENT__FED_EPA_EGRID_PLANT_2022,PLANT_OIL_GENERATION_PERCENT_RESOURCE_MIX,FLOAT,
LIBRARY_MARTS,TIMELINE,ENVIRONMENT__FED_EPA_EGRID_PLANT_2022,PLANT_OTHER_FOSSIL_GENERATION_PERCENT_RESOURCE_MIX,FLOAT,
LIBRARY_MARTS,TIMELINE,ENVIRONMENT__FED_EPA_EGRID_PLANT_2022,PLANT_OTHER_UNKNOWN_PURCHASED_FUEL_GENERATION_PERCENT_RESOURCE_MIX,FLOAT,
LIBRARY_MARTS,TIMELINE,ENVIRONMENT__FED_EPA_EGRID_PLANT_2022,PLANT_OZONE_SEASON_NET_GENERATION_MWH,FLOAT,
LIBRARY_MARTS,TIMELINE,ENVIRONMENT__FED_EPA_EGRID_PLANT_2022,PLANT_OZONE_SEASON_NOX_COMBUSTION_OUTPUT_EMISSION_RATE_LB_MWH,FLOAT,
LIBRARY_MARTS,TIMELINE,ENVIRONMENT__FED_EPA_EGRID_PLANT_2022,PLANT_OZONE_SEASON_NOX_INPUT_EMISSION_RATE_LB_MMBTU,FLOAT,
LIBRARY_MARTS,TIMELINE,ENVIRONMENT__FED_EPA_EGRID_PLANT_2022,PLANT_OZONE_SEASON_NOX_TOTAL_OUTPUT_EMISSION_RATE_LB_MWH,FLOAT,
LIBRARY_MARTS,TIMELINE,ENVIRONMENT__FED_EPA_EGRID_PLANT_2022,PLANT_SOLAR_GENERATION_PERCENT_RESOURCE_MIX,FLOAT,
LIBRARY_MARTS,TIMELINE,ENVIRONMENT__FED_EPA_EGRID_PLANT_2022,PLANT_TOTAL_COMBUSTION_GENERATION_PERCENT_RESOURCE_MIX,FLOAT,
LIBRARY_MARTS,TIMELINE,ENVIRONMENT__FED_EPA_EGRID_PLANT_2022,PLANT_TOTAL_NONCOMBUSTION_GENERATION_PERCENT_RESOURCE_MIX,FLOAT,
LIBRARY_MARTS,TIMELINE,ENVIRONMENT__FED_EPA_EGRID_PLANT_2022,PLANT_TOTAL_NONHYDRO_RENEWABLES_GENERATION_PERCENT_RESOURCE_MIX,FLOAT,
LIBRARY_MARTS,TIMELINE,ENVIRONMENT__FED_EPA_EGRID_PLANT_2022,PLANT_TOTAL_NONRENEWABLES_GENERATION_PERCENT_RESOURCE_MIX,FLOAT,
LIBRARY_MARTS,TIMELINE,ENVIRONMENT__FED_EPA_EGRID_PLANT_2022,PLANT_TOTAL_RENEWABLES_GENERATION_PERCENT_RESOURCE_MIX,FLOAT,
LIBRARY_MARTS,TIMELINE,ENVIRONMENT__FED_EPA_EGRID_PLANT_2022,PLANT_WIND_GENERATION_PERCENT_RESOURCE_MIX,FLOAT,
LIBRARY_MARTS,TIMELINE,ENVIRONMENT__FED_EPA_SDWA_SDWA_FACILITIES,FILTRATION_STATUS_CODE,TEXT,
LIBRARY_MARTS,TIMELINE,ENVIRONMENT__FED_EPA_SDWA_SDWA_PN_VIOLATION_ASSOC,COMPL_PER_BEGIN_DATE,DATE,
LIBRARY_MARTS,TIMELINE,ENVIRONMENT__FED_EPA_SDWA_SDWA_PN_VIOLATION_ASSOC,COMPL_PER_END_DATE,DATE,
LIBRARY_MARTS,TIMELINE,ENVIRONMENT__FED_EPA_SDWA_SDWA_PN_VIOLATION_ASSOC,NON_COMPL_PER_BEGIN_DATE,DATE,
LIBRARY_MARTS,TIMELINE,ENVIRONMENT__FED_EPA_SDWA_SDWA_PN_VIOLATION_ASSOC,NON_COMPL_PER_END_DATE,DATE,
LIBRARY_MARTS,TIMELINE,ENVIRONMENT__FED_EPA_SDWA_SDWA_VIOLATIONS_ENFORCEMENT,COMPL_PER_BEGIN_DATE,DATE,
LIBRARY_MARTS,TIMELINE,ENVIRONMENT__FED_EPA_SDWA_SDWA_VIOLATIONS_ENFORCEMENT,COMPL_PER_END_DATE,DATE,
LIBRARY_MARTS,TIMELINE,ENVIRONMENT__FED_EPA_SDWA_SDWA_VIOLATIONS_ENFORCEMENT,NON_COMPL_PER_BEGIN_DATE,DATE,
LIBRARY_MARTS,TIMELINE,ENVIRONMENT__FED_EPA_SDWA_SDWA_VIOLATIONS_ENFORCEMENT,NON_COMPL_PER_END_DATE,DATE,
LIBRARY_MARTS,TIMELINE,ENVIRONMENT__FED_EPA_TRI_BASIC_2023,C_121_PROD_RATIO_OR_ACTIVITY,FLOAT,
LIBRARY_MARTS,TIMELINE,ENVIRONMENT__FED_EPA_TRI_BASIC_2023,C_122_8_9_PRODUCTION_RATIO,FLOAT,
LIBRARY_MARTS,TIMELINE,ENVIRONMENT__FED_NID_DAMS,OPERATIONAL_STATUS,TEXT,
LIBRARY_MARTS,TIMELINE,ENVIRONMENT__FED_USGS_MINERALS,ALTERATION,FLOAT,
LIBRARY_MARTS,TIMELINE,ENVIRONMENT__FED_USGS_MINERALS,IMPORT_RELIANCE_PCT,FLOAT,
LIBRARY_MARTS,TIMELINE,ENVIRONMENT__FED_USGS_MINERALS,OPER_TYPE,TEXT,
LIBRARY_MARTS,TIMELINE,ENVIRONMENT__FED_USGS_MINERALS,SCORE,FLOAT,
LIBRARY_MARTS,TIMELINE,ENVIRONMENT__XC_OWID_TEMP_ANOMALY,UPPER_BOUND,TEXT,
LIBRARY_MARTS,TIMELINE,FINANCE__FED_PCAOB_FORM_AP_FILINGS,AUDIT_NOT_DIVIDED_PERCENT_INFORMATION,TEXT,
LIBRARY_MARTS,TIMELINE,FINANCE__FED_PCAOB_FORM_AP_FILINGS,PARTICIPANT_PERCENTAGE,TEXT,
LIBRARY_MARTS,TIMELINE,FINANCE__FED_SEC_INSIDER_DERIV_TRANS,EXPIRATION_DATE,DATE,
LIBRARY_MARTS,TIMELINE,FINANCE__FED_SEC_INSIDER_DERIV_TRANS,EXPIRATION_DATE_FN,DATE,
LIBRARY_MARTS,TIMELINE,FINANCE__FED_SEC_INSIDER_NONDERIV_TRANS,PRICE_PER_SHARE,FLOAT,
LIBRARY_MARTS,TIMELINE,FOREIGN_INFLUENCE__FED_FARA_BULK,FARA_REGISTRATION_KEY,TEXT,
LIBRARY_MARTS,TIMELINE,FOREIGN_INFLUENCE__FED_FARA_BULK,FOREIGN_PRINCIPAL_REGISTRATION_DATE,DATE,
LIBRARY_MARTS,TIMELINE,FOREIGN_INFLUENCE__FED_FARA_BULK,IS_ACTIVE_REGISTRATION,BOOLEAN,
LIBRARY_MARTS,TIMELINE,FOREIGN_INFLUENCE__FED_FARA_BULK,REGISTRATION_NUMBER,TEXT,
LIBRARY_MARTS,TIMELINE,HEALTH__FED_CDC_DRUG_POISONING_COUNTY,ESTIMATED_AGE_ADJUSTED_DEATH_RATE_11_CATEGORIES_IN_RANGES,FLOAT,
LIBRARY_MARTS,TIMELINE,HEALTH__FED_CDC_INJURY_VIOLENCE_COUNTY,RATE,FLOAT,
LIBRARY_MARTS,TIMELINE,HEALTH__FED_CDC_INJURY_VIOLENCE_COUNTY,RATE_M,FLOAT,
LIBRARY_MARTS,TIMELINE,HEALTH__FED_CDC_INJURY_VIOLENCE_COUNTY,RATE_M_CI,FLOAT,
LIBRARY_MARTS,TIMELINE,HEALTH__FED_CDC_LEADING_CAUSES_STATE,AGE_ADJUSTED_DEATH_RATE,FLOAT,
LIBRARY_MARTS,TIMELINE,HEALTH__FED_CDC_OVERDOSE,PERCENT_COMPLETE,FLOAT,
LIBRARY_MARTS,TIMELINE,HEALTH__FED_CDC_OVERDOSE,PERCENT_PENDING_INVESTIGATION,FLOAT,
LIBRARY_MARTS,TIMELINE,HEALTH__FED_CDC_WONDER,CRUDE_RATE,FLOAT,
LIBRARY_MARTS,TIMELINE,HEALTH__FED_CLINICALTRIALS,STUDY_DURATION_DAYS,NUMBER,
LIBRARY_MARTS,TIMELINE,HEALTH__FED_CMS_DIALYSIS,C_95_C_I_UPPER_LIMIT_FOR_FYSWR,TEXT,
LIBRARY_MARTS,TIMELINE,HEALTH__FED_CMS_DIALYSIS,C_95_C_I_UPPER_LIMIT_FOR_PPPW,TEXT,
LIBRARY_MARTS,TIMELINE,HEALTH__FED_CMS_DIALYSIS,ED30_UPPER_CONFIDENCE_LIMIT_97_5,TEXT,
LIBRARY_MARTS,TIMELINE,HEALTH__FED_CMS_DIALYSIS,EMERGENCY_DEPARTMENT_ENCOUNTER_RATIO_OCCURRING_WITHIN_30_DAYS_OF_HOSPITAL_DISCHARGE_DATA_AVAILABILITY_CODE,NUMBER,
LIBRARY_MARTS,TIMELINE,HEALTH__FED_CMS_DIALYSIS,FIRST_YEAR_STANDARDIZED_KIDNEY_TRANSPLANT_WAITLIST_RATIO,FLOAT,
LIBRARY_MARTS,TIMELINE,HEALTH__FED_CMS_DIALYSIS,FISTULA_RATE_FACILITY,FLOAT,
LIBRARY_MARTS,TIMELINE,HEALTH__FED_CMS_DIALYSIS,FISTULA_RATE_LOWER_CONFIDENCE_LIMIT_2_5,FLOAT,
LIBRARY_MARTS,TIMELINE,HEALTH__FED_CMS_DIALYSIS,FISTULA_RATE_UPPER_CONFIDENCE_LIMIT_97_5,FLOAT,
LIBRARY_MARTS,TIMELINE,HEALTH__FED_CMS_DIALYSIS,HEALTHCARE_WORKER_COVID_19_VACCINATION_ADHERENCE_PERCENTAGE,FLOAT,
LIBRARY_MARTS,TIMELINE,HEALTH__FED_CMS_DIALYSIS,HOSPITALIZATION_RATE_FACILITY,FLOAT,
LIBRARY_MARTS,TIMELINE,HEALTH__FED_CMS_DIALYSIS,HOSPITALIZATION_RATE_LOWER_CONFIDENCE_LIMIT_2_5,FLOAT,
LIBRARY_MARTS,TIMELINE,HEALTH__FED_CMS_DIALYSIS,HOSPITALIZATION_RATE_UPPER_CONFIDENCE_LIMIT_97_5,FLOAT,
LIBRARY_MARTS,TIMELINE,HEALTH__FED_CMS_DIALYSIS,MORTALITY_RATE_FACILITY,FLOAT,
LIBRARY_MARTS,TIMELINE,HEALTH__FED_CMS_DIALYSIS,MORTALITY_RATE_LOWER_CONFIDENCE_LIMIT_2_5,FLOAT,
LIBRARY_MARTS,TIMELINE,HEALTH__FED_CMS_DIALYSIS,MORTALITY_RATE_UPPER_CONFIDENCE_LIMIT_97_5,FLOAT,
LIBRARY_MARTS,TIMELINE,HEALTH__FED_CMS_DIALYSIS,PERCENTAGE_OF_ADULT_PATIENTS_WITH_HYPERCALCEMIA_SERUM_CALCIUM_GREATER_THAN_10_2_MG_DL,FLOAT,
LIBRARY_MARTS,TIMELINE,HEALTH__FED_CMS_DIALYSIS,PERCENTAGE_OF_ADULT_PATIENTS_WITH_LONG_TERM_CATHETER_IN_USE,FLOAT,
LIBRARY_MARTS,TIMELINE,HEALTH__FED_CMS_DIALYSIS,PERCENTAGE_OF_ADULT_PATIENTS_WITH_SERUM_PHOSPHORUS_BETWEEN_3_5_4_5_MG_DL,FLOAT,
LIBRARY_MARTS,TIMELINE,HEALTH__FED_CMS_DIALYSIS,PERCENTAGE_OF_ADULT_PATIENTS_WITH_SERUM_PHOSPHORUS_BETWEEN_4_6_5_5_MG_DL,FLOAT,
LIBRARY_MARTS,TIMELINE,HEALTH__FED_CMS_DIALYSIS,PERCENTAGE_OF_ADULT_PATIENTS_WITH_SERUM_PHOSPHORUS_BETWEEN_5_6_7_0_MG_DL,FLOAT,
LIBRARY_MARTS,TIMELINE,HEALTH__FED_CMS_DIALYSIS,PERCENTAGE_OF_ADULT_PATIENTS_WITH_SERUM_PHOSPHORUS_GREATER_THAN_7_0_MG_DL,FLOAT,
LIBRARY_MARTS,TIMELINE,HEALTH__FED_CMS_DIALYSIS,PERCENTAGE_OF_ADULT_PATIENTS_WITH_SERUM_PHOSPHORUS_LESS_THAN_3_5_MG_DL,FLOAT,
LIBRARY_MARTS,TIMELINE,HEALTH__FED_CMS_DIALYSIS,PERCENTAGE_OF_ADULT_PD_PTS_WITH_KT_V_1_7,FLOAT,
LIBRARY_MARTS,TIMELINE,HEALTH__FED_CMS_DIALYSIS,PERCENTAGE_OF_MEDICARE_PATIENTS_WITH_HGB_10_G_DL,FLOAT,
LIBRARY_MARTS,TIMELINE,HEALTH__FED_CMS_DIALYSIS,PERCENTAGE_OF_MEDICARE_PATIENTS_WITH_HGB_12_G_DL,FLOAT,
LIBRARY_MARTS,TIMELINE,HEALTH__FED_CMS_DIALYSIS,PERCENTAGE_OF_PEDIATRIC_HD_PATIENTS_WITH_KT_V_1_2,FLOAT,
LIBRARY_MARTS,TIMELINE,HEALTH__FED_CMS_DIALYSIS,PERCENTAGE_OF_PEDIATRIC_HD_PATIENTS_WITH_NPCR,FLOAT,
LIBRARY_MARTS,TIMELINE,HEALTH__FED_CMS_DIALYSIS,PERCENTAGE_OF_PEDIATRIC_PD_PATIENTS_WITH_KT_V_1_8,FLOAT,
LIBRARY_MARTS,TIMELINE,HEALTH__FED_CMS_DIALYSIS,PERCENTAGE_OF_PREVALENT_PATIENTS_WAITLISTED_FOR_KIDNEY_TRANSPLANT,FLOAT,
LIBRARY_MARTS,TIMELINE,HEALTH__FED_CMS_DIALYSIS,PERCENT_OF_ADULT_HD_PATIENTS_WITH_KT_V_1_2,FLOAT,
LIBRARY_MARTS,TIMELINE,HEALTH__FED_CMS_DIALYSIS,READMISSION_RATE_FACILITY,FLOAT,
LIBRARY_MARTS,TIMELINE,HEALTH__FED_CMS_DIALYSIS,READMISSION_RATE_LOWER_CONFIDENCE_LIMIT_2_5,FLOAT,
LIBRARY_MARTS,TIMELINE,HEALTH__FED_CMS_DIALYSIS,READMISSION_RATE_UPPER_CONFIDENCE_LIMIT_97_5,FLOAT,
LIBRARY_MARTS,TIMELINE,HEALTH__FED_CMS_DIALYSIS,SEDR_UPPER_CONFIDENCE_LIMIT_97_5,TEXT,
LIBRARY_MARTS,TIMELINE,HEALTH__FED_CMS_DIALYSIS,SIR_UPPER_CONFIDENCE_LIMIT_97_5,TEXT,
LIBRARY_MARTS,TIMELINE,HEALTH__FED_CMS_DIALYSIS,SMOSR_STANDARDIZED_MODALITY_SWITCH_RATIO_FACILITY,FLOAT,
LIBRARY_MARTS,TIMELINE,HEALTH__FED_CMS_DIALYSIS,SMOSR_UPPER_CONFIDENCE_LIMIT_FACILITY,TEXT,
LIBRARY_MARTS,TIMELINE,HEALTH__FED_CMS_DIALYSIS,STANDARDIZED_ED_VISITS_RATIO_FACILITY,FLOAT,
LIBRARY_MARTS,TIMELINE,HEALTH__FED_CMS_DIALYSIS,STANDARDIZED_ED_VISITS_WITHIN_30_DAYS_OF_HOSPITAL_DISCHARGE_RATIO_FACILITY,FLOAT,
LIBRARY_MARTS,TIMELINE,HEALTH__FED_CMS_DIALYSIS,STANDARD_INFECTION_RATIO,FLOAT,
LIBRARY_MARTS,TIMELINE,HEALTH__FED_CMS_DIALYSIS,TRANSFUSION_RATE_FACILITY,FLOAT,
LIBRARY_MARTS,TIMELINE,HEALTH__FED_CMS_DIALYSIS,TRANSFUSION_RATE_LOWER_CONFIDENCE_LIMIT_2_5,FLOAT,
LIBRARY_MARTS,TIMELINE,HEALTH__FED_CMS_DIALYSIS,TRANSFUSION_RATE_UPPER_CONFIDENCE_LIMIT_97_5,FLOAT,
LIBRARY_MARTS,TIMELINE,HEALTH__FED_CMS_FEDERALLY_QUALIFIED_HEALTH_CENTER_ENROLLMENTS,INCORPORATION_DATE,DATE,
LIBRARY_MARTS,TIMELINE,HEALTH__FED_CMS_FEDERALLY_QUALIFIED_HEALTH_CENTER_ENROLLMENTS,INCORPORATION_STATE,TEXT,
LIBRARY_MARTS,TIMELINE,HEALTH__FED_CMS_HCRIS,ALLOWABLE_DSH_PERCENTAGE,FLOAT,
LIBRARY_MARTS,TIMELINE,HEALTH__FED_CMS_HCRIS,COST_TO_CHARGE_RATIO,FLOAT,
LIBRARY_MARTS,TIMELINE,HEALTH__FED_CMS_HCRIS,CURRENT_RATIO,FLOAT,
LIBRARY_MARTS,TIMELINE,HEALTH__FED_CMS_HCRIS,NET_MARGIN_RATIO,FLOAT,
LIBRARY_MARTS,TIMELINE,HEALTH__FED_CMS_HCRIS,OCCUPANCY_RATE,NUMBER,
LIBRARY_MARTS,TIMELINE,HEALTH__FED_CMS_HOME_HEALTH,DENOMINATOR_FOR_DISCHARGE_FUNCTION_SCORE,FLOAT,
LIBRARY_MARTS,TIMELINE,HEALTH__FED_CMS_HOME_HEALTH,DENOMINATOR_FOR_PERCENT_OF_RESIDENTS_EXPERIENCING_ONE_OR_MORE_FALLS_WITH_MAJOR_INJURY,FLOAT,
LIBRARY_MARTS,TIMELINE,HEALTH__FED_CMS_HOME_HEALTH,DISCHARGE_FUNCTION_SCORE,FLOAT,
LIBRARY_MARTS,TIMELINE,HEALTH__FED_CMS_HOME_HEALTH,DTC_OBSERVED_RATE,FLOAT,
LIBRARY_MARTS,TIMELINE,HEALTH__FED_CMS_HOME_HEALTH,DTC_RISK_STANDARDIZED_RATE,FLOAT,
LIBRARY_MARTS,TIMELINE,HEALTH__FED_CMS_HOME_HEALTH,DTC_RISK_STANDARDIZED_RATE_LOWER_LIMIT,FLOAT,
LIBRARY_MARTS,TIMELINE,HEALTH__FED_CMS_HOME_HEALTH,DTC_RISK_STANDARDIZED_RATE_UPPER_LIMIT,FLOAT,
LIBRARY_MARTS,TIMELINE,HEALTH__FED_CMS_HOME_HEALTH,FOOTNOTE_FOR_DISCHARGE_FUNCTION_SCORE,FLOAT,
LIBRARY_MARTS,TIMELINE,HEALTH__FED_CMS_HOME_HEALTH,FOOTNOTE_FOR_DTC_RISK_STANDARDIZED_RATE,TEXT,
LIBRARY_MARTS,TIMELINE,HEALTH__FED_CMS_HOME_HEALTH,FOOTNOTE_FOR_PERCENT_OF_RESIDENTS_EXPERIENCING_ONE_OR_MORE_FALLS_WITH_MAJOR_INJURY,TEXT,
LIBRARY_MARTS,TIMELINE,HEALTH__FED_CMS_HOME_HEALTH,FOOTNOTE_FOR_PPH_RISK_STANDARDIZED_RATE,TEXT,
LIBRARY_MARTS,TIMELINE,HEALTH__FED_CMS_HOME_HEALTH,FOOTNOTE_FOR_PPR_RISK_STANDARDIZED_RATE,TEXT,
LIBRARY_MARTS,TIMELINE,HEALTH__FED_CMS_HOME_HEALTH,NO_OF_EPISODES_TO_CALC_HOW_MUCH_MEDICARE_SPENDS_PER_EPISODE_OF_CARE_AT_AGENCY_COMPARED_TO_SPENDING_AT_ALL_AGENCIES_NATIONAL,TEXT,
LIBRARY_MARTS,TIMELINE,HEALTH__FED_CMS_HOME_HEALTH,NUMERATOR_FOR_DISCHARGE_FUNCTION_SCORE,FLOAT,
LIBRARY_MARTS,TIMELINE,HEALTH__FED_CMS_HOME_HEALTH,NUMERATOR_FOR_PERCENT_OF_RESIDENTS_EXPERIENCING_ONE_OR_MORE_FALLS_WITH_MAJOR_INJURY,FLOAT,
LIBRARY_MARTS,TIMELINE,HEALTH__FED_CMS_HOME_HEALTH,PERCENT_OF_RESIDENTS_EXPERIENCING_ONE_OR_MORE_FALLS_WITH_MAJOR_INJURY,FLOAT,
LIBRARY_MARTS,TIMELINE,HEALTH__FED_CMS_HOME_HEALTH,PPH_OBSERVED_RATE,FLOAT,
LIBRARY_MARTS,TIMELINE,HEALTH__FED_CMS_HOME_HEALTH,PPH_RISK_STANDARDIZED_RATE,FLOAT,
LIBRARY_MARTS,TIMELINE,HEALTH__FED_CMS_HOME_HEALTH,PPH_RISK_STANDARDIZED_RATE_LOWER_LIMIT,FLOAT,
LIBRARY_MARTS,TIMELINE,HEALTH__FED_CMS_HOME_HEALTH,PPH_RISK_STANDARDIZED_RATE_UPPER_LIMIT,FLOAT,
LIBRARY_MARTS,TIMELINE,HEALTH__FED_CMS_HOME_HEALTH,PPR_OBSERVED_RATE,FLOAT,
LIBRARY_MARTS,TIMELINE,HEALTH__FED_CMS_HOME_HEALTH,PPR_RISK_STANDARDIZED_RATE,FLOAT,
LIBRARY_MARTS,TIMELINE,HEALTH__FED_CMS_HOME_HEALTH,PPR_RISK_STANDARDIZED_RATE_LOWER_LIMIT,FLOAT,
LIBRARY_MARTS,TIMELINE,HEALTH__FED_CMS_HOME_HEALTH,PPR_RISK_STANDARDIZED_RATE_UPPER_LIMIT,FLOAT,
LIBRARY_MARTS,TIMELINE,HEALTH__FED_CMS_HOME_HEALTH_AGENCY_ENROLLMENTS,INCORPORATION_DATE,DATE,
LIBRARY_MARTS,TIMELINE,HEALTH__FED_CMS_HOME_HEALTH_AGENCY_ENROLLMENTS,INCORPORATION_STATE,TEXT,
LIBRARY_MARTS,TIMELINE,HEALTH__FED_CMS_HOSPITAL_ENROLLMENTS,INCORPORATION_DATE,DATE,
LIBRARY_MARTS,TIMELINE,HEALTH__FED_CMS_HOSPITAL_ENROLLMENTS,INCORPORATION_STATE,TEXT,
LIBRARY_MARTS,TIMELINE,HEALTH__FED_CMS_MEDICARE_DIALYSIS_FACILITIES,MEASURE_SCORE,TEXT,
LIBRARY_MARTS,TIMELINE,HEALTH__FED_CMS_NADAC,BRAND_TO_GENERIC_RATIO,FLOAT,
LIBRARY_MARTS,TIMELINE,HEALTH__FED_CMS_NADAC,GENERIC_NADAC_PER_UNIT,FLOAT,
LIBRARY_MARTS,TIMELINE,HEALTH__FED_CMS_NADAC,NADAC_PER_UNIT,FLOAT,
LIBRARY_MARTS,TIMELINE,HEALTH__FED_CMS_NADAC,RATE_CLASSIFICATION,TEXT,
LIBRARY_MARTS,TIMELINE,HEALTH__FED_CMS_POS_OTHER,BED_PER_ROOM_WVR_SW,TEXT,
LIBRARY_MARTS,TIMELINE,HEALTH__FED_CMS_RURAL_HEALTH_CLINIC_ENROLLMENTS,INCORPORATION_DATE,DATE,
LIBRARY_MARTS,TIMELINE,HEALTH__FED_CMS_RURAL_HEALTH_CLINIC_ENROLLMENTS,INCORPORATION_STATE,TEXT,
LIBRARY_MARTS,TIMELINE,HEALTH__FED_CMS_SKILLED_NURSING_FACILITY_ENROLLMENTS,INCORPORATION_DATE,DATE,
LIBRARY_MARTS,TIMELINE,HEALTH__FED_CMS_SKILLED_NURSING_FACILITY_ENROLLMENTS,INCORPORATION_STATE,TEXT,
LIBRARY_MARTS,TIMELINE,HEALTH__FED_FDA_DEVICE_ENFORCEMENT,REGISTRATION_NUMBER_LIST,TEXT,
LIBRARY_MARTS,TIMELINE,HEALTH__FED_FDA_ESTABLISHMENT_REG,REGISTRATION_NUMBER,TEXT,
LIBRARY_MARTS,TIMELINE,HEALTH__FED_FDA_PURPLE_BOOK,EXCLUSIVITY_EXPIRATION_DATE,DATE,
LIBRARY_MARTS,TIMELINE,HEALTH__FED_FDA_PURPLE_BOOK,PROPER_NAME,TEXT,
LIBRARY_MARTS,TIMELINE,HEALTH__FED_FDA_PURPLE_BOOK,REF_PRODUCT_PROPER_NAME,TEXT,
LIBRARY_MARTS,TIMELINE,HEALTH__FED_FDA_PURPLE_BOOK,ROUTE_OF_ADMINISTRATION,TEXT,
LIBRARY_MARTS,TIMELINE,HEALTH__FED_HRSA_HPSA_PRIMARY_CARE,FORMAL_RATIO,TEXT,
LIBRARY_MARTS,TIMELINE,HEALTH__FED_HRSA_HPSA_PRIMARY_CARE,HPSA_SCORE,NUMBER,
LIBRARY_MARTS,TIMELINE,HEALTH__FED_HRSA_HPSA_PRIMARY_CARE,PCT_POPULATION_BELOW_POVERTY,NUMBER,
LIBRARY_MARTS,TIMELINE,HEALTH__FED_HRSA_HPSA_PRIMARY_CARE,PC_MCTA_SCORE,NUMBER,
LIBRARY_MARTS,TIMELINE,HEALTH__FED_HRSA_HPSA_PRIMARY_CARE,PROVIDER_RATIO_GOAL,TEXT,
LIBRARY_MARTS,TIMELINE,HEALTH__FED_HRSA_SHORTAGE_AREAS,HPSA_FORMAL_RATIO,FLOAT,
LIBRARY_MARTS,TIMELINE,HEALTH__FED_HRSA_SHORTAGE_AREAS,HPSA_PROVIDER_RATIO_GOAL,FLOAT,
LIBRARY_MARTS,TIMELINE,HEALTH__FED_HRSA_SHORTAGE_AREAS,HPSA_SCORE,FLOAT,
LIBRARY_MARTS,TIMELINE,HEALTH__FED_HRSA_SHORTAGE_AREAS,PC_MCTA_SCORE,FLOAT,
LIBRARY_MARTS,TIMELINE,HEALTH__FED_HRSA_UDS_SERVICE_DELIVERY_SITES,OPERATING_HOURS_PER_WEEK,NUMBER,
LIBRARY_MARTS,TIMELINE,HEALTH__FED_NURSINGHOME411,AVERAGE_NUMBER_OF_RESIDENTS_PER_DAY,NUMBER,
LIBRARY_MARTS,TIMELINE,HEALTH__FED_NURSINGHOME411,DEVIATION_FROM_EXPECTED_TOTAL_NURSE_HOURS_PER_RESIDENT_PER_DAY,FLOAT,
LIBRARY_MARTS,TIMELINE,HEALTH__FED_NURSINGHOME411,EXPECTED_NURSE_AIDE_STAFFING_HOURS_PER_RESIDENT_DAY,TEXT,
LIBRARY_MARTS,TIMELINE,HEALTH__FED_NURSINGHOME411,EXPECTED_RN_STAFFING_HOURS_PER_RESIDENT_PER_DAY,TEXT,
LIBRARY_MARTS,TIMELINE,HEALTH__FED_NURSINGHOME411,EXPECTED_TOTAL_NURSE_STAFFING_HOURS_PER_RESIDENT_DAY,FLOAT,
LIBRARY_MARTS,TIMELINE,HEALTH__FED_NURSINGHOME411,NURSING_CASE_MIX_INDEX,FLOAT,
LIBRARY_MARTS,TIMELINE,HEALTH__FED_NURSINGHOME411,NURSING_CASE_MIX_INDEX_RATIO,FLOAT,
LIBRARY_MARTS,TIMELINE,HEALTH__FED_NURSINGHOME411,REGISTERED_NURSE_HOURS_PER_RESIDENT_PER_DAY_ON_THE_WEEKEND,TEXT,
LIBRARY_MARTS,TIMELINE,HEALTH__FED_NURSINGHOME411,REPORTED_LICENSED_STAFFING_HOURS_PER_RESIDENT_PER_DAY,TEXT,
LIBRARY_MARTS,TIMELINE,HEALTH__FED_NURSINGHOME411,REPORTED_LPN_STAFFING_HOURS_PER_RESIDENT_PER_DAY,TEXT,
LIBRARY_MARTS,TIMELINE,HEALTH__FED_NURSINGHOME411,REPORTED_NURSE_AIDE_STAFFING_HOURS_PER_RESIDENT_PER_DAY,TEXT,
LIBRARY_MARTS,TIMELINE,HEALTH__FED_NURSINGHOME411,REPORTED_PHYSICAL_THERAPIST_STAFFING_HOURS_PER_RESIDENT_PER_DAY,TEXT,
LIBRARY_MARTS,TIMELINE,HEALTH__FED_NURSINGHOME411,REPORTED_RN_STAFFING_HOURS_PER_RESIDENT_PER_DAY,TEXT,
LIBRARY_MARTS,TIMELINE,HEALTH__FED_NURSINGHOME411,REPORTED_TOTAL_NURSE_STAFFING_HOURS_PER_RESIDENT_PER_DAY,FLOAT,
LIBRARY_MARTS,TIMELINE,HEALTH__FED_NURSINGHOME411,TOTAL_NUMBER_OF_NURSE_STAFF_HOURS_PER_RESIDENT_PER_DAY_ON_THE_WEEKEND,FLOAT,
LIBRARY_MARTS,TIMELINE,HEALTH__FED_VA_ALLCAUSE_MORTALITY,AGE_ADJUSTED_RATE,FLOAT,
LIBRARY_MARTS,TIMELINE,HEALTH__FED_VA_ALLCAUSE_MORTALITY,CRUDE_RATE,FLOAT,
LIBRARY_MARTS,TIMELINE,HEALTH__FED_VA_ALLCAUSE_MORTALITY,PERCENT_OF_DEATHS,FLOAT,
LIBRARY_MARTS,TIMELINE,HEALTH__FED_VA_ALLCAUSE_MORTALITY,UNADJUSTED_RATE,FLOAT,
LIBRARY_MARTS,TIMELINE,HEALTH__FED_VA_ALLCAUSE_MORTALITY,YPLL_PCT,FLOAT,
LIBRARY_MARTS,TIMELINE,HEALTH__FED_VA_SUICIDE_NATIONAL,AGE_ADJUSTED_RATE_PER_100K,FLOAT,
LIBRARY_MARTS,TIMELINE,HEALTH__FED_VA_SUICIDE_NATIONAL,FEMALE_AGE_ADJUSTED_RATE_PER_100K,FLOAT,
LIBRARY_MARTS,TIMELINE,HEALTH__FED_VA_SUICIDE_NATIONAL,FEMALE_UNADJUSTED_RATE_PER_100K,FLOAT,
LIBRARY_MARTS,TIMELINE,HEALTH__FED_VA_SUICIDE_NATIONAL,MALE_AGE_ADJUSTED_RATE_PER_100K,FLOAT,
LIBRARY_MARTS,TIMELINE,HEALTH__FED_VA_SUICIDE_NATIONAL,MALE_UNADJUSTED_RATE_PER_100K,FLOAT,
LIBRARY_MARTS,TIMELINE,HEALTH__FED_VA_SUICIDE_NATIONAL,UNADJUSTED_RATE_PER_100K,FLOAT,
LIBRARY_MARTS,TIMELINE,HEALTH__FED_VA_SUICIDE_STATE,GENERAL_POPULATION_RATE_PER_100K,FLOAT,
LIBRARY_MARTS,TIMELINE,HEALTH__FED_VA_SUICIDE_STATE,VETERAN_SUICIDE_RATE_PER_100K,FLOAT,
LIBRARY_MARTS,TIMELINE,HEALTH__PHARMA_MEAL_CAP_FINGERPRINT,AVG_FB_AMOUNT_USD,FLOAT,
LIBRARY_MARTS,TIMELINE,HEALTH__PHARMA_MEAL_CAP_FINGERPRINT,CLIFF_RATIO,NUMBER,
LIBRARY_MARTS,TIMELINE,HEALTH__PHARMA_MEAL_CAP_FINGERPRINT,MEDIAN_FB_AMOUNT_USD,FLOAT,
LIBRARY_MARTS,TIMELINE,HEALTH__XC_GUTTMACHER_MONTHLY_ABORTION,MEDIAN,TEXT,
LIBRARY_MARTS,TIMELINE,HOUSING__FED_CFPB_HMDA,APPLICANT_CREDIT_SCORE_TYPE,TEXT,
LIBRARY_MARTS,TIMELINE,HOUSING__FED_CFPB_HMDA,CO_APPLICANT_CREDIT_SCORE_TYPE,TEXT,
LIBRARY_MARTS,TIMELINE,HOUSING__FED_CFPB_HMDA,DEBT_TO_INCOME_RATIO,TEXT,
LIBRARY_MARTS,TIMELINE,HOUSING__FED_CFPB_HMDA,FFIEC_MSA_MD_MEDIAN_FAMILY_INCOME,NUMBER,
LIBRARY_MARTS,TIMELINE,HOUSING__FED_CFPB_HMDA,INTEREST_RATE,TEXT,
LIBRARY_MARTS,TIMELINE,HOUSING__FED_CFPB_HMDA,INTRO_RATE_PERIOD,TEXT,
LIBRARY_MARTS,TIMELINE,HOUSING__FED_CFPB_HMDA,LOAN_TO_VALUE_RATIO,TEXT,
LIBRARY_MARTS,TIMELINE,HOUSING__FED_CFPB_HMDA,RATE_SPREAD,TEXT,
LIBRARY_MARTS,TIMELINE,HOUSING__FED_CFPB_HMDA,TRACT_MEDIAN_AGE_OF_HOUSING_UNITS,NUMBER,
LIBRARY_MARTS,TIMELINE,HOUSING__FED_CFPB_HMDA,TRACT_MINORITY_POPULATION_PERCENT,NUMBER,
LIBRARY_MARTS,TIMELINE,HOUSING__FED_CFPB_HMDA,TRACT_TO_MSA_INCOME_PERCENTAGE,NUMBER,
LIBRARY_MARTS,TIMELINE,HOUSING__FED_CFPB_HMDA_DC_ONLY,APPLICANT_CREDIT_SCORE_TYPE,FLOAT,
LIBRARY_MARTS,TIMELINE,HOUSING__FED_CFPB_HMDA_DC_ONLY,CO_APPLICANT_CREDIT_SCORE_TYPE,FLOAT,
LIBRARY_MARTS,TIMELINE,HOUSING__FED_CFPB_HMDA_DC_ONLY,DEBT_TO_INCOME_RATIO,FLOAT,
LIBRARY_MARTS,TIMELINE,HOUSING__FED_CFPB_HMDA_DC_ONLY,FFIEC_MSA_MD_MEDIAN_FAMILY_INCOME,TEXT,
LIBRARY_MARTS,TIMELINE,HOUSING__FED_CFPB_HMDA_DC_ONLY,INTEREST_RATE,FLOAT,
LIBRARY_MARTS,TIMELINE,HOUSING__FED_CFPB_HMDA_DC_ONLY,INTRO_RATE_PERIOD,FLOAT,
LIBRARY_MARTS,TIMELINE,HOUSING__FED_CFPB_HMDA_DC_ONLY,LOAN_TO_VALUE_RATIO,FLOAT,
LIBRARY_MARTS,TIMELINE,HOUSING__FED_CFPB_HMDA_DC_ONLY,RATE_SPREAD,FLOAT,
LIBRARY_MARTS,TIMELINE,HOUSING__FED_CFPB_HMDA_DC_ONLY,TRACT_MEDIAN_AGE_OF_HOUSING_UNITS,TEXT,
LIBRARY_MARTS,TIMELINE,HOUSING__FED_CFPB_HMDA_DC_ONLY,TRACT_MINORITY_POPULATION_PERCENT,FLOAT,
LIBRARY_MARTS,TIMELINE,HOUSING__FED_CFPB_HMDA_DC_ONLY,TRACT_TO_MSA_INCOME_PERCENTAGE,FLOAT,
LIBRARY_MARTS,TIMELINE,HOUSING__FED_CFPB_HMDA_HISTORIC,HUD_MEDIAN_FAMILY_INCOME,NUMBER,
LIBRARY_MARTS,TIMELINE,HOUSING__FED_CFPB_HMDA_HISTORIC,RATE_SPREAD,NUMBER,
LIBRARY_MARTS,TIMELINE,HOUSING__FED_CFPB_HMDA_LAR,APPLICANT_CREDIT_SCORE_TYPE,TEXT,
LIBRARY_MARTS,TIMELINE,HOUSING__FED_CFPB_HMDA_LAR,CO_APPLICANT_CREDIT_SCORE_TYPE,TEXT,
LIBRARY_MARTS,TIMELINE,HOUSING__FED_CFPB_HMDA_LAR,DEBT_TO_INCOME_RATIO,TEXT,
LIBRARY_MARTS,TIMELINE,HOUSING__FED_CFPB_HMDA_LAR,FFIEC_MSA_MD_MEDIAN_FAMILY_INCOME,NUMBER,
LIBRARY_MARTS,TIMELINE,HOUSING__FED_CFPB_HMDA_LAR,INTEREST_RATE,NUMBER,
LIBRARY_MARTS,TIMELINE,HOUSING__FED_CFPB_HMDA_LAR,INTRO_RATE_PERIOD,NUMBER,
LIBRARY_MARTS,TIMELINE,HOUSING__FED_CFPB_HMDA_LAR,LOAN_TO_VALUE_RATIO,NUMBER,
LIBRARY_MARTS,TIMELINE,HOUSING__FED_CFPB_HMDA_LAR,RATE_SPREAD,NUMBER,
LIBRARY_MARTS,TIMELINE,HOUSING__FED_CFPB_HMDA_LAR,TRACT_MEDIAN_AGE_OF_HOUSING_UNITS,NUMBER,
LIBRARY_MARTS,TIMELINE,HOUSING__FED_CFPB_HMDA_LAR,TRACT_MINORITY_POPULATION_PERCENT,NUMBER,
LIBRARY_MARTS,TIMELINE,HOUSING__FED_CFPB_HMDA_LAR,TRACT_TO_MSA_INCOME_PERCENTAGE,NUMBER,
LIBRARY_MARTS,TIMELINE,HOUSING__FED_FEMA_IA_HOUSING_REGISTRATIONS,DECLARATION_DATE,DATE,
LIBRARY_MARTS,TIMELINE,HOUSING__FED_FEMA_IA_HOUSING_REGISTRATIONS,REGISTRATION_ID,TEXT,
LIBRARY_MARTS,TIMELINE,HOUSING__FED_FEMA_IA_HOUSING_REGISTRATIONS,REGISTRATION_METHOD,TEXT,
LIBRARY_MARTS,TIMELINE,HOUSING__FED_FHFA_HPI,INDEX_NSA,FLOAT,
LIBRARY_MARTS,TIMELINE,HOUSING__FED_FHFA_HPI,INDEX_SA,FLOAT,
LIBRARY_MARTS,TIMELINE,HOUSING__FED_HUD_FHA_SF_PORTFOLIO_SNAPSHOT,INTEREST_RATE,NUMBER,
LIBRARY_MARTS,TIMELINE,HOUSING__FED_HUD_MF_SECTION8_CONTRACTS,RENT_TO_FMR_RATIO,NUMBER,
LIBRARY_MARTS,TIMELINE,HOUSING__FED_HUD_MF_SECTION8_CONTRACTS,TRACS_CURRENT_EXPIRATION_DATE,DATE,
LIBRARY_MARTS,TIMELINE,HOUSING__FED_HUD_MF_SECTION8_CONTRACTS,TRACS_OVERALL_EXPIRATION_DATE,DATE,
LIBRARY_MARTS,TIMELINE,IMMIGRATION__FED_CMS_HOSPICE_ENROLLMENTS,INCORPORATION_DATE,DATE,
LIBRARY_MARTS,TIMELINE,IMMIGRATION__FED_CMS_HOSPICE_ENROLLMENTS,INCORPORATION_STATE,TEXT,
LIBRARY_MARTS,TIMELINE,IMMIGRATION__FED_DOL_OFLC,WAGE_RATE_OF_PAY_FROM_1,FLOAT,
LIBRARY_MARTS,TIMELINE,IMMIGRATION__FED_DOL_OFLC,WAGE_RATE_OF_PAY_FROM_10,FLOAT,
LIBRARY_MARTS,TIMELINE,IMMIGRATION__FED_DOL_OFLC,WAGE_RATE_OF_PAY_FROM_2,FLOAT,
LIBRARY_MARTS,TIMELINE,IMMIGRATION__FED_DOL_OFLC,WAGE_RATE_OF_PAY_FROM_3,FLOAT,
LIBRARY_MARTS,TIMELINE,IMMIGRATION__FED_DOL_OFLC,WAGE_RATE_OF_PAY_FROM_4,FLOAT,
LIBRARY_MARTS,TIMELINE,IMMIGRATION__FED_DOL_OFLC,WAGE_RATE_OF_PAY_FROM_5,FLOAT,
LIBRARY_MARTS,TIMELINE,IMMIGRATION__FED_DOL_OFLC,WAGE_RATE_OF_PAY_FROM_6,FLOAT,
LIBRARY_MARTS,TIMELINE,IMMIGRATION__FED_DOL_OFLC,WAGE_RATE_OF_PAY_FROM_7,FLOAT,
LIBRARY_MARTS,TIMELINE,IMMIGRATION__FED_DOL_OFLC,WAGE_RATE_OF_PAY_FROM_8,FLOAT,
LIBRARY_MARTS,TIMELINE,IMMIGRATION__FED_DOL_OFLC,WAGE_RATE_OF_PAY_FROM_9,FLOAT,
LIBRARY_MARTS,TIMELINE,IMMIGRATION__FED_DOL_OFLC,WAGE_RATE_OF_PAY_TO_1,FLOAT,
LIBRARY_MARTS,TIMELINE,IMMIGRATION__FED_DOL_OFLC,WAGE_RATE_OF_PAY_TO_10,FLOAT,
LIBRARY_MARTS,TIMELINE,IMMIGRATION__FED_DOL_OFLC,WAGE_RATE_OF_PAY_TO_2,FLOAT,
LIBRARY_MARTS,TIMELINE,IMMIGRATION__FED_DOL_OFLC,WAGE_RATE_OF_PAY_TO_3,FLOAT,
LIBRARY_MARTS,TIMELINE,IMMIGRATION__FED_DOL_OFLC,WAGE_RATE_OF_PAY_TO_4,FLOAT,
LIBRARY_MARTS,TIMELINE,IMMIGRATION__FED_DOL_OFLC,WAGE_RATE_OF_PAY_TO_5,FLOAT,
LIBRARY_MARTS,TIMELINE,IMMIGRATION__FED_DOL_OFLC,WAGE_RATE_OF_PAY_TO_6,FLOAT,
LIBRARY_MARTS,TIMELINE,IMMIGRATION__FED_DOL_OFLC,WAGE_RATE_OF_PAY_TO_7,FLOAT,
LIBRARY_MARTS,TIMELINE,IMMIGRATION__FED_DOL_OFLC,WAGE_RATE_OF_PAY_TO_8,FLOAT,
LIBRARY_MARTS,TIMELINE,IMMIGRATION__FED_DOL_OFLC,WAGE_RATE_OF_PAY_TO_9,FLOAT,
LIBRARY_MARTS,TIMELINE,IMMIGRATION__FED_ICE_DETAINERS,IMMIGRATION_FRAUD_YES_NO,TEXT,
LIBRARY_MARTS,TIMELINE,IMMIGRATION__FED_ICE_DETAINERS,VIOLENT_MISDEMEANOR_YES_NO,TEXT,
LIBRARY_MARTS,TIMELINE,JUSTICE__COUNTY_DOUBLE_BURDEN,BLACK_JAIL_RATE,FLOAT,
LIBRARY_MARTS,TIMELINE,JUSTICE__COUNTY_DOUBLE_BURDEN,JAIL_PCTILE,FLOAT,
LIBRARY_MARTS,TIMELINE,JUSTICE__COUNTY_DOUBLE_BURDEN,JAIL_RATE,FLOAT,
LIBRARY_MARTS,TIMELINE,JUSTICE__COUNTY_DOUBLE_BURDEN,JAIL_RATE_YEAR,NUMBER,
LIBRARY_MARTS,TIMELINE,JUSTICE__COUNTY_DOUBLE_BURDEN,OVERDOSE_PCTILE,FLOAT,
LIBRARY_MARTS,TIMELINE,JUSTICE__COUNTY_DOUBLE_BURDEN,OVERDOSE_RATE_BAND,TEXT,
LIBRARY_MARTS,TIMELINE,JUSTICE__COUNTY_DOUBLE_BURDEN,WHITE_JAIL_RATE,FLOAT,
LIBRARY_MARTS,TIMELINE,JUSTICE__FED_COURTLISTENER_DOCKETS,DATE_LAST_INDEX,DATE,
LIBRARY_MARTS,TIMELINE,JUSTICE__FED_COURTLISTENER_FJC_IDB_CL_LINKED,ARBITRATION_AT_FILING,FLOAT,
LIBRARY_MARTS,TIMELINE,JUSTICE__FED_COURTLISTENER_FJC_IDB_CL_LINKED,ARBITRATION_AT_TERMINATION,FLOAT,
LIBRARY_MARTS,TIMELINE,JUSTICE__FED_COURTLISTENER_POSITIONS,VOTES_NO_PERCENT,FLOAT,
LIBRARY_MARTS,TIMELINE,JUSTICE__FED_COURTLISTENER_POSITIONS,VOTES_YES_PERCENT,FLOAT,
LIBRARY_MARTS,TIMELINE,JUSTICE__FED_FBI_CDE,CLEARANCE_RATE_PER_100K,FLOAT,
LIBRARY_MARTS,TIMELINE,JUSTICE__FED_FBI_CDE,OFFENSE_RATE_PER_100K,FLOAT,
LIBRARY_MARTS,TIMELINE,JUSTICE__FED_FJC_IDB_BANKRUPTCY,AVG_MONTHLY_EXPENSES,NUMBER,
LIBRARY_MARTS,TIMELINE,JUSTICE__FED_FJC_IDB_BANKRUPTCY,AVG_MONTHLY_INCOME,NUMBER,
LIBRARY_MARTS,TIMELINE,JUSTICE__FED_FJC_IDB_BANKRUPTCY,DOCKET_GENERATION,TEXT,
LIBRARY_MARTS,TIMELINE,JUSTICE__FED_FJC_IDB_BANKRUPTCY,JOINT_ADMINISTRATION_LEAD,TEXT,
LIBRARY_MARTS,TIMELINE,JUSTICE__FED_FJC_IDB_CIVIL,ARBITRATION,TEXT,
LIBRARY_MARTS,TIMELINE,JUSTICE__FED_FJC_IDB_CIVIL,FILING_MAGISTRATE,TEXT,
LIBRARY_MARTS,TIMELINE,JUSTICE__FED_FJC_IDB_CIVIL,TERM_ARBITRATION,TEXT,
LIBRARY_MARTS,TIMELINE,JUSTICE__FED_FJC_IDB_CIVIL,TERM_MAGISTRATE,TEXT,
LIBRARY_MARTS,TIMELINE,JUSTICE__FED_FJC_IDB_CRIMINAL,MAGISTRATE_DEFENDANT_NUMBER,TEXT,
LIBRARY_MARTS,TIMELINE,JUSTICE__FED_FJC_IDB_CRIMINAL,MAGISTRATE_DOCKET,TEXT,
LIBRARY_MARTS,TIMELINE,JUSTICE__FED_SCDB,DECLARATION_UNCONSTITUTIONAL,NUMBER,
LIBRARY_MARTS,TIMELINE,JUSTICE__FED_SCDB,IS_UNCONSTITUTIONAL_DECLARATION,BOOLEAN,
LIBRARY_MARTS,TIMELINE,JUSTICE__FED_SCDB,PRECEDENT_ALTERATION,NUMBER,
LIBRARY_MARTS,TIMELINE,JUSTICE__RACIAL_JAIL_DISPARITY,BLACK_JAIL_RATE,FLOAT,
LIBRARY_MARTS,TIMELINE,JUSTICE__RACIAL_JAIL_DISPARITY,BW_RATE_GAP,FLOAT,
LIBRARY_MARTS,TIMELINE,JUSTICE__RACIAL_JAIL_DISPARITY,BW_RATIO,FLOAT,
LIBRARY_MARTS,TIMELINE,JUSTICE__RACIAL_JAIL_DISPARITY,IS_BLACK_RATE_HIGHER,BOOLEAN,
LIBRARY_MARTS,TIMELINE,JUSTICE__RACIAL_JAIL_DISPARITY,LATINX_JAIL_RATE,FLOAT,
LIBRARY_MARTS,TIMELINE,JUSTICE__RACIAL_JAIL_DISPARITY,TOTAL_JAIL_RATE,FLOAT,
LIBRARY_MARTS,TIMELINE,JUSTICE__RACIAL_JAIL_DISPARITY,WHITE_JAIL_RATE,FLOAT,
LIBRARY_MARTS,TIMELINE,JUSTICE__XC_MAPPING_POLICE_VIOLENCE,ASIAN_PERCENT_OF_THE_POPULATION_ACS,FLOAT,
LIBRARY_MARTS,TIMELINE,JUSTICE__XC_MAPPING_POLICE_VIOLENCE,BLACK_NON_HISPANIC_PERCENT_OF_THE_POPULATION_ACS,FLOAT,
LIBRARY_MARTS,TIMELINE,JUSTICE__XC_MAPPING_POLICE_VIOLENCE,GEOGRAPHY_VIA_TRULIA_METHODOLOGY_BASED_ON_ZIPCODE_POPULATION_DENSITY_HTTP_JEDKOLKO_COM_WP_CONTENT_UPLOADS_2015_05_FULL_ZCTA_URBAN_SUBURBAN_RURAL_CLASSIFICATION_XLSX,TEXT,
LIBRARY_MARTS,TIMELINE,JUSTICE__XC_MAPPING_POLICE_VIOLENCE,HISPANIC_PERCENT_OF_THE_POPULATION_ACS,FLOAT,
LIBRARY_MARTS,TIMELINE,JUSTICE__XC_MAPPING_POLICE_VIOLENCE,MEDIAN_HOUSEHOLD_INCOME_ACS_CENSUS_TRACT,TEXT,
LIBRARY_MARTS,TIMELINE,JUSTICE__XC_MAPPING_POLICE_VIOLENCE,NATIVE_AMERICAN_PERCENT_OF_THE_POPULATION_ACS,FLOAT,
LIBRARY_MARTS,TIMELINE,JUSTICE__XC_MAPPING_POLICE_VIOLENCE,OTHER_TWO_OR_MORE_RACE_PERCENT_OF_THE_POPULATION_ACS,FLOAT,
LIBRARY_MARTS,TIMELINE,JUSTICE__XC_MAPPING_POLICE_VIOLENCE,PACIFIC_ISLANDER_PERCENT_OF_THE_POPULATION_ACS,FLOAT,
LIBRARY_MARTS,TIMELINE,JUSTICE__XC_MAPPING_POLICE_VIOLENCE,WHITE_NON_HISPANIC_PERCENT_OF_THE_POPULATION_ACS,FLOAT,
LIBRARY_MARTS,TIMELINE,JUSTICE__XC_OWID_HOMICIDE,HOMICIDE_RATE_PER_100_000_POPULATION,FLOAT,
LIBRARY_MARTS,TIMELINE,JUSTICE__XC_UK_SANCTIONS_LIST,BUSINESS_REGISTRATION_NUMBERS,TEXT,
LIBRARY_MARTS,TIMELINE,JUSTICE__XC_VERA_INCARCERATION_TRENDS,AAPI_FEMALE_PRISON_ADMITS_RATE,TEXT,
LIBRARY_MARTS,TIMELINE,JUSTICE__XC_VERA_INCARCERATION_TRENDS,AAPI_FEMALE_PRISON_POP_RATE,TEXT,
LIBRARY_MARTS,TIMELINE,JUSTICE__XC_VERA_INCARCERATION_TRENDS,AAPI_JAIL_POP_RATE,TEXT,
LIBRARY_MARTS,TIMELINE,JUSTICE__XC_VERA_INCARCERATION_TRENDS,AAPI_MALE_PRISON_ADMITS_RATE,TEXT,
LIBRARY_MARTS,TIMELINE,JUSTICE__XC_VERA_INCARCERATION_TRENDS,AAPI_MALE_PRISON_POP_RATE,TEXT,
LIBRARY_MARTS,TIMELINE,JUSTICE__XC_VERA_INCARCERATION_TRENDS,AAPI_PRISON_ADMITS_RATE,TEXT,
LIBRARY_MARTS,TIMELINE,JUSTICE__XC_VERA_INCARCERATION_TRENDS,AAPI_PRISON_POP_RATE,TEXT,
LIBRARY_MARTS,TIMELINE,JUSTICE__XC_VERA_INCARCERATION_TRENDS,BLACK_FEMALE_PRISON_ADMITS_RATE,TEXT,
LIBRARY_MARTS,TIMELINE,JUSTICE__XC_VERA_INCARCERATION_TRENDS,BLACK_FEMALE_PRISON_POP_RATE,TEXT,
LIBRARY_MARTS,TIMELINE,JUSTICE__XC_VERA_INCARCERATION_TRENDS,BLACK_JAIL_POP_RATE,TEXT,
LIBRARY_MARTS,TIMELINE,JUSTICE__XC_VERA_INCARCERATION_TRENDS,BLACK_MALE_PRISON_ADMITS_RATE,TEXT,
LIBRARY_MARTS,TIMELINE,JUSTICE__XC_VERA_INCARCERATION_TRENDS,BLACK_MALE_PRISON_POP_RATE,TEXT,
LIBRARY_MARTS,TIMELINE,JUSTICE__XC_VERA_INCARCERATION_TRENDS,BLACK_PRISON_ADMITS_RATE,TEXT,
LIBRARY_MARTS,TIMELINE,JUSTICE__XC_VERA_INCARCERATION_TRENDS,BLACK_PRISON_POP_RATE,TEXT,
LIBRARY_MARTS,TIMELINE,JUSTICE__XC_VERA_INCARCERATION_TRENDS,FEMALE_JAIL_ADMITS_RATE,TEXT,
LIBRARY_MARTS,TIMELINE,JUSTICE__XC_VERA_INCARCERATION_TRENDS,FEMALE_JAIL_DISCHARGES_RATE,TEXT,
LIBRARY_MARTS,TIMELINE,JUSTICE__XC_VERA_INCARCERATION_TRENDS,FEMALE_JAIL_POP_RATE,TEXT,
LIBRARY_MARTS,TIMELINE,JUSTICE__XC_VERA_INCARCERATION_TRENDS,FEMALE_PRISON_ADMITS_RATE,TEXT,
LIBRARY_MARTS,TIMELINE,JUSTICE__XC_VERA_INCARCERATION_TRENDS,FEMALE_PRISON_POP_RATE,TEXT,
LIBRARY_MARTS,TIMELINE,JUSTICE__XC_VERA_INCARCERATION_TRENDS,JAIL_RATED_CAPACITY,TEXT,
LIBRARY_MARTS,TIMELINE,JUSTICE__XC_VERA_INCARCERATION_TRENDS,LATINX_FEMALE_PRISON_ADMITS_RATE,TEXT,
LIBRARY_MARTS,TIMELINE,JUSTICE__XC_VERA_INCARCERATION_TRENDS,LATINX_FEMALE_PRISON_POP_RATE,TEXT,
LIBRARY_MARTS,TIMELINE,JUSTICE__XC_VERA_INCARCERATION_TRENDS,LATINX_JAIL_POP_RATE,TEXT,
LIBRARY_MARTS,TIMELINE,JUSTICE__XC_VERA_INCARCERATION_TRENDS,LATINX_MALE_PRISON_ADMITS_RATE,TEXT,
LIBRARY_MARTS,TIMELINE,JUSTICE__XC_VERA_INCARCERATION_TRENDS,LATINX_MALE_PRISON_POP_RATE,TEXT,
LIBRARY_MARTS,TIMELINE,JUSTICE__XC_VERA_INCARCERATION_TRENDS,LATINX_PRISON_ADMITS_RATE,TEXT,
LIBRARY_MARTS,TIMELINE,JUSTICE__XC_VERA_INCARCERATION_TRENDS,LATINX_PRISON_POP_RATE,TEXT,
LIBRARY_MARTS,TIMELINE,JUSTICE__XC_VERA_INCARCERATION_TRENDS,MALE_JAIL_ADMITS_RATE,TEXT,
LIBRARY_MARTS,TIMELINE,JUSTICE__XC_VERA_INCARCERATION_TRENDS,MALE_JAIL_DISCHARGES_RATE,TEXT,
LIBRARY_MARTS,TIMELINE,JUSTICE__XC_VERA_INCARCERATION_TRENDS,MALE_JAIL_POP_RATE,TEXT,
LIBRARY_MARTS,TIMELINE,JUSTICE__XC_VERA_INCARCERATION_TRENDS,MALE_PRISON_ADMITS_RATE,TEXT,
LIBRARY_MARTS,TIMELINE,JUSTICE__XC_VERA_INCARCERATION_TRENDS,MALE_PRISON_POP_RATE,TEXT,
LIBRARY_MARTS,TIMELINE,JUSTICE__XC_VERA_INCARCERATION_TRENDS,NATIVE_FEMALE_PRISON_ADMITS_RATE,TEXT,
LIBRARY_MARTS,TIMELINE,JUSTICE__XC_VERA_INCARCERATION_TRENDS,NATIVE_FEMALE_PRISON_POP_RATE,TEXT,
LIBRARY_MARTS,TIMELINE,JUSTICE__XC_VERA_INCARCERATION_TRENDS,NATIVE_JAIL_POP_RATE,TEXT,
LIBRARY_MARTS,TIMELINE,JUSTICE__XC_VERA_INCARCERATION_TRENDS,NATIVE_MALE_PRISON_ADMITS_RATE,TEXT,
LIBRARY_MARTS,TIMELINE,JUSTICE__XC_VERA_INCARCERATION_TRENDS,NATIVE_MALE_PRISON_POP_RATE,TEXT,
LIBRARY_MARTS,TIMELINE,JUSTICE__XC_VERA_INCARCERATION_TRENDS,NATIVE_PRISON_ADMITS_RATE,TEXT,
LIBRARY_MARTS,TIMELINE,JUSTICE__XC_VERA_INCARCERATION_TRENDS,NATIVE_PRISON_POP_RATE,TEXT,
LIBRARY_MARTS,TIMELINE,JUSTICE__XC_VERA_INCARCERATION_TRENDS,TOTAL_INCARCERATION,TEXT,
LIBRARY_MARTS,TIMELINE,JUSTICE__XC_VERA_INCARCERATION_TRENDS,TOTAL_INCARCERATION_RATE,TEXT,
LIBRARY_MARTS,TIMELINE,JUSTICE__XC_VERA_INCARCERATION_TRENDS,TOTAL_JAIL_ADMITS_RATE,TEXT,
LIBRARY_MARTS,TIMELINE,JUSTICE__XC_VERA_INCARCERATION_TRENDS,TOTAL_JAIL_DISCHARGES_RATE,TEXT,
LIBRARY_MARTS,TIMELINE,JUSTICE__XC_VERA_INCARCERATION_TRENDS,TOTAL_JAIL_POP_RATE,TEXT,
LIBRARY_MARTS,TIMELINE,JUSTICE__XC_VERA_INCARCERATION_TRENDS,TOTAL_PRETRIAL_CUSTODY_RATE,TEXT,
LIBRARY_MARTS,TIMELINE,JUSTICE__XC_VERA_INCARCERATION_TRENDS,TOTAL_PRISON_ADMITS_RATE,TEXT,
LIBRARY_MARTS,TIMELINE,JUSTICE__XC_VERA_INCARCERATION_TRENDS,TOTAL_PRISON_POP_RATE,TEXT,
LIBRARY_MARTS,TIMELINE,JUSTICE__XC_VERA_INCARCERATION_TRENDS,TOTAL_SENTENCED_CUSTODY_RATE,TEXT,
LIBRARY_MARTS,TIMELINE,JUSTICE__XC_VERA_INCARCERATION_TRENDS,WHITE_FEMALE_PRISON_ADMITS_RATE,TEXT,
LIBRARY_MARTS,TIMELINE,JUSTICE__XC_VERA_INCARCERATION_TRENDS,WHITE_FEMALE_PRISON_POP_RATE,TEXT,
LIBRARY_MARTS,TIMELINE,JUSTICE__XC_VERA_INCARCERATION_TRENDS,WHITE_JAIL_POP_RATE,TEXT,
LIBRARY_MARTS,TIMELINE,JUSTICE__XC_VERA_INCARCERATION_TRENDS,WHITE_MALE_PRISON_ADMITS_RATE,TEXT,
LIBRARY_MARTS,TIMELINE,JUSTICE__XC_VERA_INCARCERATION_TRENDS,WHITE_MALE_PRISON_POP_RATE,TEXT,
LIBRARY_MARTS,TIMELINE,JUSTICE__XC_VERA_INCARCERATION_TRENDS,WHITE_PRISON_ADMITS_RATE,TEXT,
LIBRARY_MARTS,TIMELINE,JUSTICE__XC_VERA_INCARCERATION_TRENDS,WHITE_PRISON_POP_RATE,TEXT,
LIBRARY_MARTS,TIMELINE,LABOR__FED_DOL_EBSA_FORM5500_SCHEDULE_SB,SB_1ST_SEG_RATE_PRCNT,NUMBER,
LIBRARY_MARTS,TIMELINE,LABOR__FED_DOL_EBSA_FORM5500_SCHEDULE_SB,SB_2ND_SEG_RATE_PRCNT,NUMBER,
LIBRARY_MARTS,TIMELINE,LABOR__FED_DOL_EBSA_FORM5500_SCHEDULE_SB,SB_3RD_SEG_RATE_PRCNT,NUMBER,
LIBRARY_MARTS,TIMELINE,LABOR__FED_DOL_EBSA_FORM5500_SCHEDULE_SB,SB_ACCELERATION_ADJ_AMT,NUMBER,
LIBRARY_MARTS,TIMELINE,LABOR__FED_DOL_EBSA_FORM5500_SCHEDULE_SB,SB_EFF_INT_RATE_PRCNT,NUMBER,
LIBRARY_MARTS,TIMELINE,LABOR__FED_MSHA_MINES,DAYS_PER_WEEK,NUMBER,
LIBRARY_MARTS,TIMELINE,LABOR__FED_MSHA_MINES,HOURS_PER_SHIFT,NUMBER,
LIBRARY_MARTS,TIMELINE,LEAD_QUEUE,DETECTOR_SCORE,FLOAT,
LIBRARY_MARTS,TIMELINE,LEAD_QUEUE,PRIORITY_SCORE,FLOAT,
LIBRARY_MARTS,TIMELINE,LEGAL_ENFORCEMENT__FED_NAAG_MULTISTATE_SETTLEMENTS,CORPORATEHEADQUARTERS,TEXT,
LIBRARY_MARTS,TIMELINE,LEGAL_ENFORCEMENT__FED_NAAG_MULTISTATE_SETTLEMENTS,CORPORATE_MONITOR_PROVISION,TEXT,
LIBRARY_MARTS,TIMELINE,LEGAL_ENFORCEMENT__FED_NAAG_MULTISTATE_SETTLEMENTS,PRESIDENTIALADMINISTRATION,TEXT,
LIBRARY_MARTS,TIMELINE,MONEY__DEBT_REPAYMENT_CLIFF,YOY_CHANGE_PCT,FLOAT,
LIBRARY_MARTS,TIMELINE,OPEN_DATA__INTL_FR_DATA_GOUV,QUALITY_SCORE,FLOAT,
LIBRARY_MARTS,TIMELINE,POLITICS__CA_LOBBY_FIRM_EMPLOYER,PER_TOTAL,NUMBER,
LIBRARY_MARTS,TIMELINE,POLITICS__FED_FEC_PAC_SUMMARY,PCT_DISBURSED_TO_OTHERS,FLOAT,
LIBRARY_MARTS,TIMELINE,POLITICS__FED_FEC_PAC_SUMMARY,PCT_FROM_INDIVIDUALS,FLOAT,
LIBRARY_MARTS,TIMELINE,POLITICS__ST_CANNABIS_POLICY_BUNDLES,MML_REGISTRATION_MAND_APP,FLOAT,
LIBRARY_MARTS,TIMELINE,POLITICS__ST_CANNABIS_POLICY_BUNDLES,MML_REGISTRATION_MAND_IMP,FLOAT,
LIBRARY_MARTS,TIMELINE,POLITICS__XC_JCS_MEDIANS,CIRCUIT_MEDIAN1,TEXT,
LIBRARY_MARTS,TIMELINE,POLITICS__XC_JCS_MEDIANS,CIRCUIT_MEDIAN10,TEXT,
LIBRARY_MARTS,TIMELINE,POLITICS__XC_JCS_MEDIANS,CIRCUIT_MEDIAN11,TEXT,
LIBRARY_MARTS,TIMELINE,POLITICS__XC_JCS_MEDIANS,CIRCUIT_MEDIAN12,TEXT,
LIBRARY_MARTS,TIMELINE,POLITICS__XC_JCS_MEDIANS,CIRCUIT_MEDIAN13,TEXT,
LIBRARY_MARTS,TIMELINE,POLITICS__XC_JCS_MEDIANS,CIRCUIT_MEDIAN2,TEXT,
LIBRARY_MARTS,TIMELINE,POLITICS__XC_JCS_MEDIANS,CIRCUIT_MEDIAN3,TEXT,
LIBRARY_MARTS,TIMELINE,POLITICS__XC_JCS_MEDIANS,CIRCUIT_MEDIAN4,TEXT,
LIBRARY_MARTS,TIMELINE,POLITICS__XC_JCS_MEDIANS,CIRCUIT_MEDIAN5,TEXT,
LIBRARY_MARTS,TIMELINE,POLITICS__XC_JCS_MEDIANS,CIRCUIT_MEDIAN6,TEXT,
LIBRARY_MARTS,TIMELINE,POLITICS__XC_JCS_MEDIANS,CIRCUIT_MEDIAN7,TEXT,
LIBRARY_MARTS,TIMELINE,POLITICS__XC_JCS_MEDIANS,CIRCUIT_MEDIAN8,TEXT,
LIBRARY_MARTS,TIMELINE,POLITICS__XC_JCS_MEDIANS,CIRCUIT_MEDIAN9,TEXT,
LIBRARY_MARTS,TIMELINE,POLITICS__XC_JCS_MEDIANS,HOUSE_MEDIAN,TEXT,
LIBRARY_MARTS,TIMELINE,POLITICS__XC_JCS_MEDIANS,SC_MEDIAN,TEXT,
LIBRARY_MARTS,TIMELINE,POLITICS__XC_JCS_MEDIANS,SENATE_MEDIAN,TEXT,
LIBRARY_MARTS,TIMELINE,POLITICS__XC_OWID_CPI,CORRUPTION_PERCEPTIONS_INDEX,FLOAT,
LIBRARY_MARTS,TIMELINE,PROCUREMENT__FED_USASPENDING_BULK,ALASKAN_NATIVE_CORPORATION_OWNED_FIRM,TEXT,
LIBRARY_MARTS,TIMELINE,PROCUREMENT__FED_USASPENDING_BULK,COMMUNITY_DEVELOPED_CORPORATION_OWNED_FIRM,TEXT,
LIBRARY_MARTS,TIMELINE,PROCUREMENT__FED_USASPENDING_BULK,COMMUNITY_DEVELOPMENT_CORPORATION,TEXT,
LIBRARY_MARTS,TIMELINE,PROCUREMENT__FED_USASPENDING_BULK,CONSTRUCTION_WAGE_RATE_REQUIREMENTS,TEXT,
LIBRARY_MARTS,TIMELINE,PROCUREMENT__FED_USASPENDING_BULK,CONSTRUCTION_WAGE_RATE_REQUIREMENTS_CODE,TEXT,
LIBRARY_MARTS,TIMELINE,PROCUREMENT__FED_USASPENDING_BULK,CONTINGENCY_HUMANITARIAN_OR_PEACEKEEPING_OPERATION,TEXT,
LIBRARY_MARTS,TIMELINE,PROCUREMENT__FED_USASPENDING_BULK,CONTINGENCY_HUMANITARIAN_OR_PEACEKEEPING_OPERATION_CODE,TEXT,
LIBRARY_MARTS,TIMELINE,PROCUREMENT__FED_USASPENDING_BULK,CORPORATE_ENTITY_NOT_TAX_EXEMPT,TEXT,
LIBRARY_MARTS,TIMELINE,PROCUREMENT__FED_USASPENDING_BULK,CORPORATE_ENTITY_TAX_EXEMPT,TEXT,
LIBRARY_MARTS,TIMELINE,PROCUREMENT__FED_USASPENDING_BULK,LIMITED_LIABILITY_CORPORATION,TEXT,
LIBRARY_MARTS,TIMELINE,PROCUREMENT__FED_USASPENDING_BULK,PRICE_EVALUATION_ADJUSTMENT_PREFERENCE_PERCENT_DIFFERENCE,TEXT,
LIBRARY_MARTS,TIMELINE,PROCUREMENT__FED_USASPENDING_BULK,SMALL_BUSINESS_COMPETITIVENESS_DEMONSTRATION_PROGRAM,TEXT,
LIBRARY_MARTS,TIMELINE,PROCUREMENT__FED_USASPENDING_BULK,SUBCHAPTER_SCORPORATION,TEXT,
LIBRARY_MARTS,TIMELINE,REFERENCE__INTL_GDELT,AVGTONE,TEXT,
LIBRARY_MARTS,TIMELINE,REFERENCE__XC_OWID_FERTILITY,TOTAL_FERTILITY_RATE,FLOAT,
LIBRARY_MARTS,TIMELINE,SCIENCE_RESEARCH__FED_RETRACTION_WATCH,ORIGINAL_PAPER_DATE,DATE,
LIBRARY_MARTS,TIMELINE,SCIENCE_RESEARCH__FED_RETRACTION_WATCH,ORIGINAL_PAPER_DOI,TEXT,
LIBRARY_MARTS,TIMELINE,SCIENCE_RESEARCH__FED_RETRACTION_WATCH,ORIGINAL_PAPER_PUBMED_ID,TEXT,
LIBRARY_MARTS,TIMELINE,SCIENCE_RESEARCH__XC_OSF_REGISTRATIONS,IS_PENDING_REGISTRATION_APPROVAL,BOOLEAN,
LIBRARY_MARTS,TIMELINE,SCIENCE_RESEARCH__XC_OSF_REGISTRATIONS,IS_REGISTRATION,BOOLEAN,
LIBRARY_MARTS,TIMELINE,SCIENCE_RESEARCH__XC_OSF_REGISTRATIONS,REGISTRATION_RESPONSES_SUMMARY,TEXT,
LIBRARY_MARTS,TIMELINE,SCIENCE_RESEARCH__XC_OSF_REGISTRATIONS,REGISTRATION_RESPONSES_UPLOADER,TEXT,
LIBRARY_MARTS,TIMELINE,SCIENCE_RESEARCH__XC_OSF_REGISTRATIONS,REGISTRATION_SCHEMA_ID,TEXT,
LIBRARY_MARTS,TIMELINE,SCIENCE_RESEARCH__XC_OSF_REGISTRATIONS,REGISTRATION_SUPPLEMENT,TEXT,
LIBRARY_MARTS,TIMELINE,SCIENCE_RESEARCH__XC_RETRACTION_WATCH_DATABASE,ORIGINAL_PAPER_DATE,DATE,
LIBRARY_MARTS,TIMELINE,SCIENCE_RESEARCH__XC_RETRACTION_WATCH_DATABASE,ORIGINAL_PAPER_DOI,TEXT,
LIBRARY_MARTS,TIMELINE,SCIENCE_RESEARCH__XC_RETRACTION_WATCH_DATABASE,ORIGINAL_PAPER_PUBMED_ID,TEXT,
LIBRARY_MARTS,TIMELINE,TRANSPORT__FED_FAA_AIRCRAFT_REGISTRY,EXPIRATION_DATE,DATE,
LIBRARY_MARTS,TIMELINE,TRANSPORT__FED_FAA_REGISTRY,EXPIRATION_DATE,DATE,
LIBRARY_MARTS,TIMELINE,TRANSPORT__FED_FRA_EQUIPMENT_ACCIDENTS,METHOD_OF_OPERATION,TEXT,
LIBRARY_MARTS,TIMELINE,TRANSPORT__FED_FRA_EQUIPMENT_ACCIDENTS,METHOD_OF_OPERATION_CODE,TEXT,
LIBRARY_MARTS,TIMELINE,TRANSPORT__FED_FRA_EQUIPMENT_ACCIDENTS,TRACK_DENSITY,TEXT,
LIBRARY_MARTS,TIMELINE,TRANSPORT__FED_NTSB_AVIATION_AIRCRAFT,OPER_ADDR_SAME,TEXT,
LIBRARY_MARTS,TIMELINE,TRANSPORT__FED_NTSB_AVIATION_AIRCRAFT,OPER_CERT,TEXT,
LIBRARY_MARTS,TIMELINE,TRANSPORT__FED_NTSB_AVIATION_AIRCRAFT,OPER_CERT_NUM,TEXT,
LIBRARY_MARTS,TIMELINE,TRANSPORT__FED_NTSB_AVIATION_AIRCRAFT,OPER_CITY,TEXT,
LIBRARY_MARTS,TIMELINE,TRANSPORT__FED_NTSB_AVIATION_AIRCRAFT,OPER_CODE,TEXT,
LIBRARY_MARTS,TIMELINE,TRANSPORT__FED_NTSB_AVIATION_AIRCRAFT,OPER_COUNTRY,TEXT,
LIBRARY_MARTS,TIMELINE,TRANSPORT__FED_NTSB_AVIATION_AIRCRAFT,OPER_DBA,TEXT,
LIBRARY_MARTS,TIMELINE,TRANSPORT__FED_NTSB_AVIATION_AIRCRAFT,OPER_DOM_INT,TEXT,
LIBRARY_MARTS,TIMELINE,TRANSPORT__FED_NTSB_AVIATION_AIRCRAFT,OPER_INDIVIDUAL_NAME,TEXT,
LIBRARY_MARTS,TIMELINE,TRANSPORT__FED_NTSB_AVIATION_AIRCRAFT,OPER_NAME,TEXT,
LIBRARY_MARTS,TIMELINE,TRANSPORT__FED_NTSB_AVIATION_AIRCRAFT,OPER_PAX_CARGO,TEXT,
LIBRARY_MARTS,TIMELINE,TRANSPORT__FED_NTSB_AVIATION_AIRCRAFT,OPER_SAME,TEXT,
LIBRARY_MARTS,TIMELINE,TRANSPORT__FED_NTSB_AVIATION_AIRCRAFT,OPER_SCHED,TEXT,
LIBRARY_MARTS,TIMELINE,TRANSPORT__FED_NTSB_AVIATION_AIRCRAFT,OPER_STATE,TEXT,
LIBRARY_MARTS,TIMELINE,TRANSPORT__FED_NTSB_AVIATION_AIRCRAFT,OPER_STREET,TEXT,
LIBRARY_MARTS,TIMELINE,TRANSPORT__FED_NTSB_AVIATION_AIRCRAFT,OPER_ZIP,TEXT,
LIBRARY_MARTS,TRANSPORT,TRANSPORT__FED_FAA_AIRCRAFT_REGISTRY,EXPIRATION_DATE,DATE,315447
LIBRARY_MARTS,TRANSPORT,TRANSPORT__FED_FAA_REGISTRY,EXPIRATION_DATE,DATE,314417
LIBRARY_MARTS,TRANSPORT,TRANSPORT__FED_FRA_EQUIPMENT_ACCIDENTS,METHOD_OF_OPERATION,TEXT,224941
LIBRARY_MARTS,TRANSPORT,TRANSPORT__FED_FRA_EQUIPMENT_ACCIDENTS,METHOD_OF_OPERATION_CODE,TEXT,224941
LIBRARY_MARTS,TRANSPORT,TRANSPORT__FED_FRA_EQUIPMENT_ACCIDENTS,TRACK_DENSITY,TEXT,224941
LIBRARY_MARTS,TRANSPORT,TRANSPORT__FED_NTSB_AVIATION_AIRCRAFT,OPER_ADDR_SAME,TEXT,31503
LIBRARY_MARTS,TRANSPORT,TRANSPORT__FED_NTSB_AVIATION_AIRCRAFT,OPER_CERT,TEXT,31503
LIBRARY_MARTS,TRANSPORT,TRANSPORT__FED_NTSB_AVIATION_AIRCRAFT,OPER_CERT_NUM,TEXT,31503
LIBRARY_MARTS,TRANSPORT,TRANSPORT__FED_NTSB_AVIATION_AIRCRAFT,OPER_CITY,TEXT,31503
LIBRARY_MARTS,TRANSPORT,TRANSPORT__FED_NTSB_AVIATION_AIRCRAFT,OPER_CODE,TEXT,31503
LIBRARY_MARTS,TRANSPORT,TRANSPORT__FED_NTSB_AVIATION_AIRCRAFT,OPER_COUNTRY,TEXT,31503
LIBRARY_MARTS,TRANSPORT,TRANSPORT__FED_NTSB_AVIATION_AIRCRAFT,OPER_DBA,TEXT,31503
LIBRARY_MARTS,TRANSPORT,TRANSPORT__FED_NTSB_AVIATION_AIRCRAFT,OPER_DOM_INT,TEXT,31503
LIBRARY_MARTS,TRANSPORT,TRANSPORT__FED_NTSB_AVIATION_AIRCRAFT,OPER_INDIVIDUAL_NAME,TEXT,31503
LIBRARY_MARTS,TRANSPORT,TRANSPORT__FED_NTSB_AVIATION_AIRCRAFT,OPER_NAME,TEXT,31503
LIBRARY_MARTS,TRANSPORT,TRANSPORT__FED_NTSB_AVIATION_AIRCRAFT,OPER_PAX_CARGO,TEXT,31503
LIBRARY_MARTS,TRANSPORT,TRANSPORT__FED_NTSB_AVIATION_AIRCRAFT,OPER_SAME,TEXT,31503
LIBRARY_MARTS,TRANSPORT,TRANSPORT__FED_NTSB_AVIATION_AIRCRAFT,OPER_SCHED,TEXT,31503
LIBRARY_MARTS,TRANSPORT,TRANSPORT__FED_NTSB_AVIATION_AIRCRAFT,OPER_STATE,TEXT,31503
LIBRARY_MARTS,TRANSPORT,TRANSPORT__FED_NTSB_AVIATION_AIRCRAFT,OPER_STREET,TEXT,31503
LIBRARY_MARTS,TRANSPORT,TRANSPORT__FED_NTSB_AVIATION_AIRCRAFT,OPER_ZIP,TEXT,31503
LIBRARY_MARTS,_RESTORE_20260701,CORPORATE_REGISTRY__INTL_IE_CRO,CORPORATE_REGISTRY_KEY,TEXT,1
LIBRARY_MARTS,_RESTORE_20260701,CORPORATE_REGISTRY__INTL_IE_CRO,INCORPORATION_DATE,DATE,1
LIBRARY_MARTS,_RESTORE_20260701,CORPORATE_REGISTRY__INTL_IE_CRO,INCORPORATION_YEAR,NUMBER,1
LIBRARY_MARTS,_RESTORE_20260701,ECONOMICS__INTL_GR_GEMI,REGISTRATION_SUSPENSION,TEXT,1
LIBRARY_MARTS,_RESTORE_20260731,JUSTICE__FED_MSHA_MINES,AVG_MINE_HEIGHT,TEXT,91906
LIBRARY_MARTS,_RESTORE_20260731,JUSTICE__FED_MSHA_MINES,DAYS_PER_WEEK,TEXT,91906
LIBRARY_MARTS,_RESTORE_20260731,JUSTICE__FED_MSHA_MINES,HOURS_PER_SHIFT,TEXT,91906
LIBRARY_MARTS,_RESTORE_20260731,JUSTICE__FED_MSHA_MINES,MAINT_SHIFTS_PER_DAY,TEXT,91906
LIBRARY_MARTS,_RESTORE_20260731,JUSTICE__FED_MSHA_MINES,METHANE_LIBERATION,FLOAT,91906
LIBRARY_MARTS,_RESTORE_20260731,JUSTICE__FED_MSHA_MINES,PORTABLE_OPERATION,FLOAT,91906
LIBRARY_MARTS,_RESTORE_20260731,JUSTICE__FED_MSHA_MINES,PROD_SHIFTS_PER_DAY,TEXT,91906
LIBRARY_MARTS,_RESTORE_20260731,JUSTICE__FED_MSHA_VIOLATIONS,ASMT_GENERATED_IND,FLOAT,3087266
LIBRARY_MARTS,_RESTORE_20260731,UNCATEGORIZED__INT_GLEIF_RR,REGISTRATION_INITIAL_REGISTRATION_DATE,FLOAT,481933
LIBRARY_MARTS,_RESTORE_20260731,UNCATEGORIZED__INT_GLEIF_RR,REGISTRATION_LAST_UPDATE_DATE,DATE,481933
LIBRARY_MARTS,_RESTORE_20260731,UNCATEGORIZED__INT_GLEIF_RR,REGISTRATION_MANAGING_LOU,FLOAT,481933
LIBRARY_MARTS,_RESTORE_20260731,UNCATEGORIZED__INT_GLEIF_RR,REGISTRATION_NEXT_RENEWAL_DATE,FLOAT,481933
LIBRARY_MARTS,_RESTORE_20260731,UNCATEGORIZED__INT_GLEIF_RR,REGISTRATION_REGISTRATION_STATUS,FLOAT,481933
LIBRARY_MARTS,_RESTORE_20260731,UNCATEGORIZED__INT_GLEIF_RR,REGISTRATION_VALIDATION_DOCUMENTS,FLOAT,481933
LIBRARY_MARTS,_RESTORE_20260731,UNCATEGORIZED__INT_GLEIF_RR,REGISTRATION_VALIDATION_REFERENCE,FLOAT,481933
LIBRARY_MARTS,_RESTORE_20260731,UNCATEGORIZED__INT_GLEIF_RR,REGISTRATION_VALIDATION_SOURCES,FLOAT,481933
LIBRARY_MARTS,_RESTORE_20260731,UNCATEGORIZED__INT_UK_COMPANIES_HOUSE,INCORPORATION_DATE,FLOAT,5734780
LIBRARY_META,AUDIT,BRIDGE_CANDIDATES,OVERLAP_RATE,FLOAT,74
LIBRARY_META,AUDIT,COLUMN_HEALTH,AVG_LENGTH,FLOAT,8613
LIBRARY_META,AUDIT,COLUMN_HEALTH,DISTINCT_RATIO,FLOAT,8613
LIBRARY_META,AUDIT,COLUMN_HEALTH,EMPTY_PCT,FLOAT,8613
LIBRARY_META,AUDIT,COLUMN_HEALTH,NULL_PCT,FLOAT,8613
LIBRARY_META,AUDIT,COLUMN_HEALTH,PLACEHOLDER_PCT,FLOAT,8613
LIBRARY_META,AUDIT,COLUMN_HEALTH,USABLE_PCT,FLOAT,8613
LIBRARY_META,AUDIT,KEY_VALIDATION,FORMAT_PASS_RATE,FLOAT,115
LIBRARY_META,AUDIT,KEY_VALIDATION,REFERENCE_MATCH_RATE,FLOAT,115
LIBRARY_META,AUDIT,TABLE_VITALS,USABLE_COLUMN_PCT,FLOAT,249
LIBRARY_META,BUILD,POLICY,RATIONALE,TEXT,16
LIBRARY_META,CONNECT,CONNECT_EDGES,MATCH_RATE,FLOAT,4910
LIBRARY_META,CONNECT,CONNECT_EDGES_INC,MATCH_RATE,FLOAT,3182
LIBRARY_META,CONNECT,ENTITY_LINKS,SCORE,FLOAT,2324
LIBRARY_META,CONNECT,GOLD_PAIRS,SCORE,NUMBER,6538936
LIBRARY_META,CONNECT,LEADS,SCORE,FLOAT,17598
LIBRARY_META,CONNECT,V_CONNECTIONS,MATCH_RATE_PCT,FLOAT,
LIBRARY_META,CONNECT,V_CONNECTIONS_CORE,MATCH_RATE_PCT,FLOAT,
LIBRARY_META,CONNECT,V_CONNECTION_SUMMARY,AVG_CONFIDENCE,FLOAT,
LIBRARY_META,CONNECT,V_LEADS_PUBLISHED,SCORE,FLOAT,
LIBRARY_META,CONNECT,ZZ_RETIRED_EDGES_FED_IRS_EO_BMF,MATCH_RATE,FLOAT,140
LIBRARY_META,CONNECT_BAK_20260730,CONNECT_EDGES,MATCH_RATE,FLOAT,610
LIBRARY_META,CONNECT_BAK_20260730,CONNECT_EDGES_INC,MATCH_RATE,FLOAT,1074
LIBRARY_META,CONNECT_BAK_20260730,ENTITY_LINKS,SCORE,FLOAT,2324
LIBRARY_META,CONNECT_BAK_20260730,GOLD_PAIRS,SCORE,NUMBER,6538936
LIBRARY_META,CONNECT_BAK_20260730,LEADS,SCORE,FLOAT,1041
LIBRARY_META,CONNECT_BAK_20260730,V_CONNECTIONS,MATCH_RATE_PCT,FLOAT,
LIBRARY_META,CONNECT_BAK_20260730,V_CONNECTIONS_CORE,MATCH_RATE_PCT,FLOAT,
LIBRARY_META,CONNECT_BAK_20260730,V_CONNECTION_SUMMARY,AVG_CONFIDENCE,FLOAT,
LIBRARY_META,CONNECT_BAK_20260730,V_LEADS_PUBLISHED,SCORE,FLOAT,
LIBRARY_META,CONNECT_BAK_20260730,ZZ_RETIRED_EDGES_FED_IRS_EO_BMF,MATCH_RATE,FLOAT,140
LIBRARY_META,CONNECT_PRESPINE_20260730,CONNECT_EDGES,MATCH_RATE,FLOAT,610
LIBRARY_META,CONNECT_PRESPINE_20260730,CONNECT_EDGES_INC,MATCH_RATE,FLOAT,1074
LIBRARY_META,CONNECT_PRESPINE_20260730,ENTITY_LINKS,SCORE,FLOAT,2324
LIBRARY_META,CONNECT_PRESPINE_20260730,GOLD_PAIRS,SCORE,NUMBER,6538936
LIBRARY_META,CONNECT_PRESPINE_20260730,LEADS,SCORE,FLOAT,1041
LIBRARY_META,CONNECT_PRESPINE_20260730,V_CONNECTIONS,MATCH_RATE_PCT,FLOAT,
LIBRARY_META,CONNECT_PRESPINE_20260730,V_CONNECTIONS_CORE,MATCH_RATE_PCT,FLOAT,
LIBRARY_META,CONNECT_PRESPINE_20260730,V_CONNECTION_SUMMARY,AVG_CONFIDENCE,FLOAT,
LIBRARY_META,CONNECT_PRESPINE_20260730,V_LEADS_PUBLISHED,SCORE,FLOAT,
LIBRARY_META,CONNECT_PRESPINE_20260730,ZZ_RETIRED_EDGES_FED_IRS_EO_BMF,MATCH_RATE,FLOAT,140
LIBRARY_META,REGISTRY,COLUMN_CATALOG,KEY_POPULATED_PCT,FLOAT,751
LIBRARY_META,REGISTRY,COLUMN_CATALOG,NONNULL_PCT,FLOAT,751
LIBRARY_META,REGISTRY,FRIENDLY_LAYER,GENERATED_AT,TIMESTAMP_NTZ,251
LIBRARY_META,REGISTRY,FRIENDLY_LAYER_EXTRAS,GENERATED_AT,TIMESTAMP_NTZ,21
LIBRARY_META,REGISTRY,LANDING_DENSITY_PROBE,NONEMPTY_RATIO,FLOAT,63
LIBRARY_RAW,LANDING,CA_LOBBY_FIRM_EMPLOYER,PER_TOTAL,TEXT,170
LIBRARY_RAW,LANDING,FED_ATF_FFL,SCORE,TEXT,77514
LIBRARY_RAW,LANDING,FED_ATF_FFL_LOCATIONS,ATTRIBUTES_SCORE,FLOAT,2000
LIBRARY_RAW,LANDING,FED_BLS_QCEW,ANNUAL_AVG_EMPLVL,TEXT,3619437
LIBRARY_RAW,LANDING,FED_BLS_QCEW,ANNUAL_AVG_ESTABS,TEXT,3619437
LIBRARY_RAW,LANDING,FED_BLS_QCEW,ANNUAL_AVG_WKLY_WAGE,TEXT,3619437
LIBRARY_RAW,LANDING,FED_BLS_QCEW,AVG_ANNUAL_PAY,TEXT,3619437
LIBRARY_RAW,LANDING,FED_BLS_QCEW,LQ_ANNUAL_AVG_EMPLVL,TEXT,3619437
LIBRARY_RAW,LANDING,FED_BLS_QCEW,LQ_ANNUAL_AVG_ESTABS,TEXT,3619437
LIBRARY_RAW,LANDING,FED_BLS_QCEW,LQ_ANNUAL_AVG_WKLY_WAGE,TEXT,3619437
LIBRARY_RAW,LANDING,FED_BLS_QCEW,LQ_AVG_ANNUAL_PAY,TEXT,3619437
LIBRARY_RAW,LANDING,FED_BLS_QCEW,OTY_ANNUAL_AVG_EMPLVL_CHG,TEXT,3619437
LIBRARY_RAW,LANDING,FED_BLS_QCEW,OTY_ANNUAL_AVG_EMPLVL_PCT_CHG,TEXT,3619437
LIBRARY_RAW,LANDING,FED_BLS_QCEW,OTY_ANNUAL_AVG_ESTABS_CHG,TEXT,3619437
LIBRARY_RAW,LANDING,FED_BLS_QCEW,OTY_ANNUAL_AVG_ESTABS_PCT_CHG,TEXT,3619437
LIBRARY_RAW,LANDING,FED_BLS_QCEW,OTY_ANNUAL_AVG_WKLY_WAGE_CHG,TEXT,3619437
LIBRARY_RAW,LANDING,FED_BLS_QCEW,OTY_ANNUAL_AVG_WKLY_WAGE_PCT_CHG,TEXT,3619437
LIBRARY_RAW,LANDING,FED_BLS_QCEW,OTY_ANNUAL_CONTRIBUTIONS_PCT_CHG,TEXT,3619437
LIBRARY_RAW,LANDING,FED_BLS_QCEW,OTY_AVG_ANNUAL_PAY_CHG,TEXT,3619437
LIBRARY_RAW,LANDING,FED_BLS_QCEW,OTY_AVG_ANNUAL_PAY_PCT_CHG,TEXT,3619437
LIBRARY_RAW,LANDING,FED_BLS_QCEW,OTY_TAXABLE_ANNUAL_WAGES_PCT_CHG,TEXT,3619437
LIBRARY_RAW,LANDING,FED_BLS_QCEW,OTY_TOTAL_ANNUAL_WAGES_PCT_CHG,TEXT,3619437
LIBRARY_RAW,LANDING,FED_CDC_DRUG_POISONING_COUNTY,ESTIMATED_AGE_ADJUSTED_DEATH_RATE_11_CATEGORIES_IN_RANGES,TEXT,53387
LIBRARY_RAW,LANDING,FED_CDC_INJURY_VIOLENCE_COUNTY,RATE,TEXT,132000
LIBRARY_RAW,LANDING,FED_CDC_INJURY_VIOLENCE_COUNTY,RATE_M,TEXT,132000
LIBRARY_RAW,LANDING,FED_CDC_INJURY_VIOLENCE_COUNTY,RATE_M_CI,TEXT,132000
LIBRARY_RAW,LANDING,FED_CDC_LEADING_CAUSES_STATE,AGE_ADJUSTED_DEATH_RATE,TEXT,10868
LIBRARY_RAW,LANDING,FED_CDC_OVERDOSE,PERCENT_COMPLETE,TEXT,83790
LIBRARY_RAW,LANDING,FED_CDC_OVERDOSE,PERCENT_PENDING_INVESTIGATION,TEXT,83790
LIBRARY_RAW,LANDING,FED_CDC_WONDER,CRUDE_RATE,TEXT,880
LIBRARY_RAW,LANDING,FED_CFPB_HMDA,APPLICANT_CREDIT_SCORE_TYPE,TEXT,28301
LIBRARY_RAW,LANDING,FED_CFPB_HMDA,CO_APPLICANT_CREDIT_SCORE_TYPE,TEXT,28301
LIBRARY_RAW,LANDING,FED_CFPB_HMDA,DEBT_TO_INCOME_RATIO,TEXT,28301
LIBRARY_RAW,LANDING,FED_CFPB_HMDA,FFIEC_MSA_MD_MEDIAN_FAMILY_INCOME,TEXT,28301
LIBRARY_RAW,LANDING,FED_CFPB_HMDA,INTEREST_RATE,TEXT,28301
LIBRARY_RAW,LANDING,FED_CFPB_HMDA,INTRO_RATE_PERIOD,TEXT,28301
LIBRARY_RAW,LANDING,FED_CFPB_HMDA,LOAN_TO_VALUE_RATIO,TEXT,28301
LIBRARY_RAW,LANDING,FED_CFPB_HMDA,RATE_SPREAD,TEXT,28301
LIBRARY_RAW,LANDING,FED_CFPB_HMDA,TRACT_MEDIAN_AGE_OF_HOUSING_UNITS,TEXT,28301
LIBRARY_RAW,LANDING,FED_CFPB_HMDA,TRACT_MINORITY_POPULATION_PERCENT,TEXT,28301
LIBRARY_RAW,LANDING,FED_CFPB_HMDA,TRACT_TO_MSA_INCOME_PERCENTAGE,TEXT,28301
LIBRARY_RAW,LANDING,FED_CFPB_HMDA_HISTORIC,HUD_MEDIAN_FAMILY_INCOME,TEXT,19136434
LIBRARY_RAW,LANDING,FED_CFPB_HMDA_HISTORIC,RATE_SPREAD,TEXT,19136434
LIBRARY_RAW,LANDING,FED_CFPB_HMDA_LAR,APPLICANT_CREDIT_SCORE_TYPE,TEXT,17474
LIBRARY_RAW,LANDING,FED_CFPB_HMDA_LAR,CO_APPLICANT_CREDIT_SCORE_TYPE,TEXT,17474
LIBRARY_RAW,LANDING,FED_CFPB_HMDA_LAR,DEBT_TO_INCOME_RATIO,TEXT,17474
LIBRARY_RAW,LANDING,FED_CFPB_HMDA_LAR,FFIEC_MSA_MD_MEDIAN_FAMILY_INCOME,TEXT,17474
LIBRARY_RAW,LANDING,FED_CFPB_HMDA_LAR,INTEREST_RATE,TEXT,17474
LIBRARY_RAW,LANDING,FED_CFPB_HMDA_LAR,INTRO_RATE_PERIOD,TEXT,17474
LIBRARY_RAW,LANDING,FED_CFPB_HMDA_LAR,LOAN_TO_VALUE_RATIO,TEXT,17474
LIBRARY_RAW,LANDING,FED_CFPB_HMDA_LAR,RATE_SPREAD,TEXT,17474
LIBRARY_RAW,LANDING,FED_CFPB_HMDA_LAR,TRACT_MEDIAN_AGE_OF_HOUSING_UNITS,TEXT,17474
LIBRARY_RAW,LANDING,FED_CFPB_HMDA_LAR,TRACT_MINORITY_POPULATION_PERCENT,TEXT,17474
LIBRARY_RAW,LANDING,FED_CFPB_HMDA_LAR,TRACT_TO_MSA_INCOME_PERCENTAGE,TEXT,17474
LIBRARY_RAW,LANDING,FED_CFTC_COT_FINANCIAL,PCT_OF_OI_ASSET_MGR_LONG_ALL,TEXT,42473
LIBRARY_RAW,LANDING,FED_CFTC_COT_FINANCIAL,PCT_OF_OI_ASSET_MGR_SHORT_ALL,TEXT,42473
LIBRARY_RAW,LANDING,FED_CFTC_COT_FINANCIAL,PCT_OF_OI_ASSET_MGR_SPREAD_ALL,TEXT,42473
LIBRARY_RAW,LANDING,FED_CFTC_COT_FINANCIAL,PCT_OF_OI_DEALER_LONG_ALL,TEXT,42473
LIBRARY_RAW,LANDING,FED_CFTC_COT_FINANCIAL,PCT_OF_OI_DEALER_SHORT_ALL,TEXT,42473
LIBRARY_RAW,LANDING,FED_CFTC_COT_FINANCIAL,PCT_OF_OI_DEALER_SPREAD_ALL,TEXT,42473
LIBRARY_RAW,LANDING,FED_CFTC_COT_FINANCIAL,PCT_OF_OI_LEV_MONEY_LONG_ALL,TEXT,42473
LIBRARY_RAW,LANDING,FED_CFTC_COT_FINANCIAL,PCT_OF_OI_LEV_MONEY_SHORT_ALL,TEXT,42473
LIBRARY_RAW,LANDING,FED_CFTC_COT_FINANCIAL,PCT_OF_OI_LEV_MONEY_SPREAD_ALL,TEXT,42473
LIBRARY_RAW,LANDING,FED_CFTC_COT_FINANCIAL,PCT_OF_OI_NONREPT_LONG_ALL,TEXT,42473
LIBRARY_RAW,LANDING,FED_CFTC_COT_FINANCIAL,PCT_OF_OI_NONREPT_SHORT_ALL,TEXT,42473
LIBRARY_RAW,LANDING,FED_CFTC_COT_FINANCIAL,PCT_OF_OI_OTHER_REPT_LONG_ALL,TEXT,42473
LIBRARY_RAW,LANDING,FED_CFTC_COT_FINANCIAL,PCT_OF_OI_OTHER_REPT_SHORT_ALL,TEXT,42473
LIBRARY_RAW,LANDING,FED_CFTC_COT_FINANCIAL,PCT_OF_OI_OTHER_REPT_SPREAD_ALL,TEXT,42473
LIBRARY_RAW,LANDING,FED_CFTC_COT_FINANCIAL,PCT_OF_OI_TOT_REPT_LONG_ALL,TEXT,42473
LIBRARY_RAW,LANDING,FED_CFTC_COT_FINANCIAL,PCT_OF_OI_TOT_REPT_SHORT_ALL,TEXT,42473
LIBRARY_RAW,LANDING,FED_CFTC_COT_FINANCIAL,PCT_OF_OPEN_INTEREST_ALL,TEXT,42473
LIBRARY_RAW,LANDING,FED_CFTC_COT_FINANCIAL_HIST,PCT_OF_OI_ASSET_MGR_LONG_ALL,TEXT,4615
LIBRARY_RAW,LANDING,FED_CFTC_COT_FINANCIAL_HIST,PCT_OF_OI_ASSET_MGR_SHORT_ALL,TEXT,4615
LIBRARY_RAW,LANDING,FED_CFTC_COT_FINANCIAL_HIST,PCT_OF_OI_ASSET_MGR_SPREAD_ALL,TEXT,4615
LIBRARY_RAW,LANDING,FED_CFTC_COT_FINANCIAL_HIST,PCT_OF_OI_DEALER_LONG_ALL,TEXT,4615
LIBRARY_RAW,LANDING,FED_CFTC_COT_FINANCIAL_HIST,PCT_OF_OI_DEALER_SHORT_ALL,TEXT,4615
LIBRARY_RAW,LANDING,FED_CFTC_COT_FINANCIAL_HIST,PCT_OF_OI_DEALER_SPREAD_ALL,TEXT,4615
LIBRARY_RAW,LANDING,FED_CFTC_COT_FINANCIAL_HIST,PCT_OF_OI_LEV_MONEY_LONG_ALL,TEXT,4615
LIBRARY_RAW,LANDING,FED_CFTC_COT_FINANCIAL_HIST,PCT_OF_OI_LEV_MONEY_SHORT_ALL,TEXT,4615
LIBRARY_RAW,LANDING,FED_CFTC_COT_FINANCIAL_HIST,PCT_OF_OI_LEV_MONEY_SPREAD_ALL,TEXT,4615
LIBRARY_RAW,LANDING,FED_CFTC_COT_FINANCIAL_HIST,PCT_OF_OI_NONREPT_LONG_ALL,TEXT,4615
LIBRARY_RAW,LANDING,FED_CFTC_COT_FINANCIAL_HIST,PCT_OF_OI_NONREPT_SHORT_ALL,TEXT,4615
LIBRARY_RAW,LANDING,FED_CFTC_COT_FINANCIAL_HIST,PCT_OF_OI_OTHER_REPT_LONG_ALL,TEXT,4615
LIBRARY_RAW,LANDING,FED_CFTC_COT_FINANCIAL_HIST,PCT_OF_OI_OTHER_REPT_SHORT_ALL,TEXT,4615
LIBRARY_RAW,LANDING,FED_CFTC_COT_FINANCIAL_HIST,PCT_OF_OI_OTHER_REPT_SPREAD_ALL,TEXT,4615
LIBRARY_RAW,LANDING,FED_CFTC_COT_FINANCIAL_HIST,PCT_OF_OI_TOT_REPT_LONG_ALL,TEXT,4615
LIBRARY_RAW,LANDING,FED_CFTC_COT_FINANCIAL_HIST,PCT_OF_OI_TOT_REPT_SHORT_ALL,TEXT,4615
LIBRARY_RAW,LANDING,FED_CFTC_COT_FINANCIAL_HIST,PCT_OF_OPEN_INTEREST_ALL,TEXT,4615
LIBRARY_RAW,LANDING,FED_CFTC_COT_FUTURES,CONCENTRATION_GROSS_LT_4_TDR_LONG_ALL,TEXT,287053
LIBRARY_RAW,LANDING,FED_CFTC_COT_FUTURES,CONCENTRATION_GROSS_LT_4_TDR_LONG_OLD,TEXT,287053
LIBRARY_RAW,LANDING,FED_CFTC_COT_FUTURES,CONCENTRATION_GROSS_LT_4_TDR_LONG_OTHER,TEXT,287053
LIBRARY_RAW,LANDING,FED_CFTC_COT_FUTURES,CONCENTRATION_GROSS_LT_4_TDR_SHORT_ALL,TEXT,287053
LIBRARY_RAW,LANDING,FED_CFTC_COT_FUTURES,CONCENTRATION_GROSS_LT_4_TDR_SHORT_OLD,TEXT,287053
LIBRARY_RAW,LANDING,FED_CFTC_COT_FUTURES,CONCENTRATION_GROSS_LT_4_TDR_SHORT_OTHER,TEXT,287053
LIBRARY_RAW,LANDING,FED_CFTC_COT_FUTURES,CONCENTRATION_GROSS_LT_8_TDR_LONG_ALL,TEXT,287053
LIBRARY_RAW,LANDING,FED_CFTC_COT_FUTURES,CONCENTRATION_GROSS_LT_8_TDR_LONG_OLD,TEXT,287053
LIBRARY_RAW,LANDING,FED_CFTC_COT_FUTURES,CONCENTRATION_GROSS_LT_8_TDR_LONG_OTHER,TEXT,287053
LIBRARY_RAW,LANDING,FED_CFTC_COT_FUTURES,CONCENTRATION_GROSS_LT_8_TDR_SHORT_ALL,TEXT,287053
LIBRARY_RAW,LANDING,FED_CFTC_COT_FUTURES,CONCENTRATION_GROSS_LT_8_TDR_SHORT_OLD,TEXT,287053
LIBRARY_RAW,LANDING,FED_CFTC_COT_FUTURES,CONCENTRATION_GROSS_LT_8_TDR_SHORT_OTHER,TEXT,287053
LIBRARY_RAW,LANDING,FED_CFTC_COT_FUTURES,CONCENTRATION_NET_LT_4_TDR_LONG_ALL,TEXT,287053
LIBRARY_RAW,LANDING,FED_CFTC_COT_FUTURES,CONCENTRATION_NET_LT_4_TDR_LONG_OLD,TEXT,287053
LIBRARY_RAW,LANDING,FED_CFTC_COT_FUTURES,CONCENTRATION_NET_LT_4_TDR_LONG_OTHER,TEXT,287053
LIBRARY_RAW,LANDING,FED_CFTC_COT_FUTURES,CONCENTRATION_NET_LT_4_TDR_SHORT_ALL,TEXT,287053
LIBRARY_RAW,LANDING,FED_CFTC_COT_FUTURES,CONCENTRATION_NET_LT_4_TDR_SHORT_OLD,TEXT,287053
LIBRARY_RAW,LANDING,FED_CFTC_COT_FUTURES,CONCENTRATION_NET_LT_4_TDR_SHORT_OTHER,TEXT,287053
LIBRARY_RAW,LANDING,FED_CFTC_COT_FUTURES,CONCENTRATION_NET_LT_8_TDR_LONG_ALL,TEXT,287053
LIBRARY_RAW,LANDING,FED_CFTC_COT_FUTURES,CONCENTRATION_NET_LT_8_TDR_LONG_OLD,TEXT,287053
LIBRARY_RAW,LANDING,FED_CFTC_COT_FUTURES,CONCENTRATION_NET_LT_8_TDR_LONG_OTHER,TEXT,287053
LIBRARY_RAW,LANDING,FED_CFTC_COT_FUTURES,CONCENTRATION_NET_LT_8_TDR_SHORT_ALL,TEXT,287053
LIBRARY_RAW,LANDING,FED_CFTC_COT_FUTURES,CONCENTRATION_NET_LT_8_TDR_SHORT_OLD,TEXT,287053
LIBRARY_RAW,LANDING,FED_CFTC_COT_FUTURES,CONCENTRATION_NET_LT_8_TDR_SHORT_OTHER,TEXT,287053
LIBRARY_RAW,LANDING,FED_CMS_DIALYSIS,C_95_C_I_UPPER_LIMIT_FOR_FYSWR,TEXT,7557
LIBRARY_RAW,LANDING,FED_CMS_DIALYSIS,C_95_C_I_UPPER_LIMIT_FOR_PPPW,TEXT,7557
LIBRARY_RAW,LANDING,FED_CMS_DIALYSIS,ED30_UPPER_CONFIDENCE_LIMIT_97_5,TEXT,7557
LIBRARY_RAW,LANDING,FED_CMS_DIALYSIS,EMERGENCY_DEPARTMENT_ENCOUNTER_RATIO_OCCURRING_WITHIN_30_DAYS_OF_HOSPITAL_DISCHARGE_DATA_AVAILABILITY_CODE,TEXT,7557
LIBRARY_RAW,LANDING,FED_CMS_DIALYSIS,FIRST_YEAR_STANDARDIZED_KIDNEY_TRANSPLANT_WAITLIST_RATIO,TEXT,7557
LIBRARY_RAW,LANDING,FED_CMS_DIALYSIS,FISTULA_RATE_FACILITY,TEXT,7557
LIBRARY_RAW,LANDING,FED_CMS_DIALYSIS,FISTULA_RATE_LOWER_CONFIDENCE_LIMIT_2_5,TEXT,7557
LIBRARY_RAW,LANDING,FED_CMS_DIALYSIS,FISTULA_RATE_UPPER_CONFIDENCE_LIMIT_97_5,TEXT,7557
LIBRARY_RAW,LANDING,FED_CMS_DIALYSIS,HEALTHCARE_WORKER_COVID_19_VACCINATION_ADHERENCE_PERCENTAGE,TEXT,7557
LIBRARY_RAW,LANDING,FED_CMS_DIALYSIS,HOSPITALIZATION_RATE_FACILITY,TEXT,7557
LIBRARY_RAW,LANDING,FED_CMS_DIALYSIS,HOSPITALIZATION_RATE_LOWER_CONFIDENCE_LIMIT_2_5,TEXT,7557
LIBRARY_RAW,LANDING,FED_CMS_DIALYSIS,HOSPITALIZATION_RATE_UPPER_CONFIDENCE_LIMIT_97_5,TEXT,7557
LIBRARY_RAW,LANDING,FED_CMS_DIALYSIS,MORTALITY_RATE_FACILITY,TEXT,7557
LIBRARY_RAW,LANDING,FED_CMS_DIALYSIS,MORTALITY_RATE_LOWER_CONFIDENCE_LIMIT_2_5,TEXT,7557
LIBRARY_RAW,LANDING,FED_CMS_DIALYSIS,MORTALITY_RATE_UPPER_CONFIDENCE_LIMIT_97_5,TEXT,7557
LIBRARY_RAW,LANDING,FED_CMS_DIALYSIS,PERCENTAGE_OF_ADULT_PATIENTS_WITH_HYPERCALCEMIA_SERUM_CALCIUM_GREATER_THAN_10_2_MG_DL,TEXT,7557
LIBRARY_RAW,LANDING,FED_CMS_DIALYSIS,PERCENTAGE_OF_ADULT_PATIENTS_WITH_LONG_TERM_CATHETER_IN_USE,TEXT,7557
LIBRARY_RAW,LANDING,FED_CMS_DIALYSIS,PERCENTAGE_OF_ADULT_PATIENTS_WITH_SERUM_PHOSPHORUS_BETWEEN_3_5_4_5_MG_DL,TEXT,7557
LIBRARY_RAW,LANDING,FED_CMS_DIALYSIS,PERCENTAGE_OF_ADULT_PATIENTS_WITH_SERUM_PHOSPHORUS_BETWEEN_4_6_5_5_MG_DL,TEXT,7557
LIBRARY_RAW,LANDING,FED_CMS_DIALYSIS,PERCENTAGE_OF_ADULT_PATIENTS_WITH_SERUM_PHOSPHORUS_BETWEEN_5_6_7_0_MG_DL,TEXT,7557
LIBRARY_RAW,LANDING,FED_CMS_DIALYSIS,PERCENTAGE_OF_ADULT_PATIENTS_WITH_SERUM_PHOSPHORUS_GREATER_THAN_7_0_MG_DL,TEXT,7557
LIBRARY_RAW,LANDING,FED_CMS_DIALYSIS,PERCENTAGE_OF_ADULT_PATIENTS_WITH_SERUM_PHOSPHORUS_LESS_THAN_3_5_MG_DL,TEXT,7557
LIBRARY_RAW,LANDING,FED_CMS_DIALYSIS,PERCENTAGE_OF_ADULT_PD_PTS_WITH_KT_V_1_7,TEXT,7557
LIBRARY_RAW,LANDING,FED_CMS_DIALYSIS,PERCENTAGE_OF_MEDICARE_PATIENTS_WITH_HGB_10_G_DL,TEXT,7557
LIBRARY_RAW,LANDING,FED_CMS_DIALYSIS,PERCENTAGE_OF_MEDICARE_PATIENTS_WITH_HGB_12_G_DL,TEXT,7557
LIBRARY_RAW,LANDING,FED_CMS_DIALYSIS,PERCENTAGE_OF_PEDIATRIC_HD_PATIENTS_WITH_KT_V_1_2,TEXT,7557
LIBRARY_RAW,LANDING,FED_CMS_DIALYSIS,PERCENTAGE_OF_PEDIATRIC_HD_PATIENTS_WITH_NPCR,TEXT,7557
LIBRARY_RAW,LANDING,FED_CMS_DIALYSIS,PERCENTAGE_OF_PEDIATRIC_PD_PATIENTS_WITH_KT_V_1_8,TEXT,7557
LIBRARY_RAW,LANDING,FED_CMS_DIALYSIS,PERCENTAGE_OF_PREVALENT_PATIENTS_WAITLISTED_FOR_KIDNEY_TRANSPLANT,TEXT,7557
LIBRARY_RAW,LANDING,FED_CMS_DIALYSIS,PERCENT_OF_ADULT_HD_PATIENTS_WITH_KT_V_1_2,TEXT,7557
LIBRARY_RAW,LANDING,FED_CMS_DIALYSIS,READMISSION_RATE_FACILITY,TEXT,7557
LIBRARY_RAW,LANDING,FED_CMS_DIALYSIS,READMISSION_RATE_LOWER_CONFIDENCE_LIMIT_2_5,TEXT,7557
LIBRARY_RAW,LANDING,FED_CMS_DIALYSIS,READMISSION_RATE_UPPER_CONFIDENCE_LIMIT_97_5,TEXT,7557
LIBRARY_RAW,LANDING,FED_CMS_DIALYSIS,SEDR_UPPER_CONFIDENCE_LIMIT_97_5,TEXT,7557
LIBRARY_RAW,LANDING,FED_CMS_DIALYSIS,SIR_UPPER_CONFIDENCE_LIMIT_97_5,TEXT,7557
LIBRARY_RAW,LANDING,FED_CMS_DIALYSIS,SMOSR_STANDARDIZED_MODALITY_SWITCH_RATIO_FACILITY,TEXT,7557
LIBRARY_RAW,LANDING,FED_CMS_DIALYSIS,SMOSR_UPPER_CONFIDENCE_LIMIT_FACILITY,TEXT,7557
LIBRARY_RAW,LANDING,FED_CMS_DIALYSIS,STANDARDIZED_ED_VISITS_RATIO_FACILITY,TEXT,7557
LIBRARY_RAW,LANDING,FED_CMS_DIALYSIS,STANDARDIZED_ED_VISITS_WITHIN_30_DAYS_OF_HOSPITAL_DISCHARGE_RATIO_FACILITY,TEXT,7557
LIBRARY_RAW,LANDING,FED_CMS_DIALYSIS,STANDARD_INFECTION_RATIO,TEXT,7557
LIBRARY_RAW,LANDING,FED_CMS_DIALYSIS,TRANSFUSION_RATE_FACILITY,TEXT,7557
LIBRARY_RAW,LANDING,FED_CMS_DIALYSIS,TRANSFUSION_RATE_LOWER_CONFIDENCE_LIMIT_2_5,TEXT,7557
LIBRARY_RAW,LANDING,FED_CMS_DIALYSIS,TRANSFUSION_RATE_UPPER_CONFIDENCE_LIMIT_97_5,TEXT,7557
LIBRARY_RAW,LANDING,FED_CMS_FACILITY_LEVEL_MINIMUM_DATA_SET_FREQUENCY,LONG_STAY_PERCENT,TEXT,31403215
LIBRARY_RAW,LANDING,FED_CMS_FACILITY_LEVEL_MINIMUM_DATA_SET_FREQUENCY,OVERALL_PERCENT,TEXT,31403215
LIBRARY_RAW,LANDING,FED_CMS_FACILITY_LEVEL_MINIMUM_DATA_SET_FREQUENCY,SHORT_STAY_PERCENT,TEXT,31403215
LIBRARY_RAW,LANDING,FED_CMS_FEDERALLY_QUALIFIED_HEALTH_CENTER_ENROLLMENTS,INCORPORATION_DATE,TEXT,11063
LIBRARY_RAW,LANDING,FED_CMS_FEDERALLY_QUALIFIED_HEALTH_CENTER_ENROLLMENTS,INCORPORATION_STATE,TEXT,11063
LIBRARY_RAW,LANDING,FED_CMS_HCRIS,ALLOWABLE_DSH_PERCENTAGE,TEXT,6103
LIBRARY_RAW,LANDING,FED_CMS_HCRIS,COST_TO_CHARGE_RATIO,TEXT,6103
LIBRARY_RAW,LANDING,FED_CMS_HOME_HEALTH,DENOMINATOR_FOR_DISCHARGE_FUNCTION_SCORE,TEXT,12392
LIBRARY_RAW,LANDING,FED_CMS_HOME_HEALTH,DENOMINATOR_FOR_PERCENT_OF_RESIDENTS_EXPERIENCING_ONE_OR_MORE_FALLS_WITH_MAJOR_INJURY,TEXT,12392
LIBRARY_RAW,LANDING,FED_CMS_HOME_HEALTH,DISCHARGE_FUNCTION_SCORE,TEXT,12392
LIBRARY_RAW,LANDING,FED_CMS_HOME_HEALTH,DTC_OBSERVED_RATE,TEXT,12392
LIBRARY_RAW,LANDING,FED_CMS_HOME_HEALTH,DTC_RISK_STANDARDIZED_RATE,TEXT,12392
LIBRARY_RAW,LANDING,FED_CMS_HOME_HEALTH,DTC_RISK_STANDARDIZED_RATE_LOWER_LIMIT,TEXT,12392
LIBRARY_RAW,LANDING,FED_CMS_HOME_HEALTH,DTC_RISK_STANDARDIZED_RATE_UPPER_LIMIT,TEXT,12392
LIBRARY_RAW,LANDING,FED_CMS_HOME_HEALTH,FOOTNOTE_FOR_DISCHARGE_FUNCTION_SCORE,TEXT,12392
LIBRARY_RAW,LANDING,FED_CMS_HOME_HEALTH,FOOTNOTE_FOR_DTC_RISK_STANDARDIZED_RATE,TEXT,12392
LIBRARY_RAW,LANDING,FED_CMS_HOME_HEALTH,FOOTNOTE_FOR_PERCENT_OF_RESIDENTS_EXPERIENCING_ONE_OR_MORE_FALLS_WITH_MAJOR_INJURY,TEXT,12392
LIBRARY_RAW,LANDING,FED_CMS_HOME_HEALTH,FOOTNOTE_FOR_PPH_RISK_STANDARDIZED_RATE,TEXT,12392
LIBRARY_RAW,LANDING,FED_CMS_HOME_HEALTH,FOOTNOTE_FOR_PPR_RISK_STANDARDIZED_RATE,TEXT,12392
LIBRARY_RAW,LANDING,FED_CMS_HOME_HEALTH,NO_OF_EPISODES_TO_CALC_HOW_MUCH_MEDICARE_SPENDS_PER_EPISODE_OF_CARE_AT_AGENCY_COMPARED_TO_SPENDING_AT_ALL_AGENCIES_NATIONAL,TEXT,12392
LIBRARY_RAW,LANDING,FED_CMS_HOME_HEALTH,NUMERATOR_FOR_DISCHARGE_FUNCTION_SCORE,TEXT,12392
LIBRARY_RAW,LANDING,FED_CMS_HOME_HEALTH,NUMERATOR_FOR_PERCENT_OF_RESIDENTS_EXPERIENCING_ONE_OR_MORE_FALLS_WITH_MAJOR_INJURY,TEXT,12392
LIBRARY_RAW,LANDING,FED_CMS_HOME_HEALTH,PERCENT_OF_RESIDENTS_EXPERIENCING_ONE_OR_MORE_FALLS_WITH_MAJOR_INJURY,TEXT,12392
LIBRARY_RAW,LANDING,FED_CMS_HOME_HEALTH,PPH_OBSERVED_RATE,TEXT,12392
LIBRARY_RAW,LANDING,FED_CMS_HOME_HEALTH,PPH_RISK_STANDARDIZED_RATE,TEXT,12392
LIBRARY_RAW,LANDING,FED_CMS_HOME_HEALTH,PPH_RISK_STANDARDIZED_RATE_LOWER_LIMIT,TEXT,12392
LIBRARY_RAW,LANDING,FED_CMS_HOME_HEALTH,PPH_RISK_STANDARDIZED_RATE_UPPER_LIMIT,TEXT,12392
LIBRARY_RAW,LANDING,FED_CMS_HOME_HEALTH,PPR_OBSERVED_RATE,TEXT,12392
LIBRARY_RAW,LANDING,FED_CMS_HOME_HEALTH,PPR_RISK_STANDARDIZED_RATE,TEXT,12392
LIBRARY_RAW,LANDING,FED_CMS_HOME_HEALTH,PPR_RISK_STANDARDIZED_RATE_LOWER_LIMIT,TEXT,12392
LIBRARY_RAW,LANDING,FED_CMS_HOME_HEALTH,PPR_RISK_STANDARDIZED_RATE_UPPER_LIMIT,TEXT,12392
LIBRARY_RAW,LANDING,FED_CMS_HOME_HEALTH_AGENCY_ENROLLMENTS,INCORPORATION_DATE,TEXT,11508
LIBRARY_RAW,LANDING,FED_CMS_HOME_HEALTH_AGENCY_ENROLLMENTS,INCORPORATION_STATE,TEXT,11508
LIBRARY_RAW,LANDING,FED_CMS_HOSPICE_ENROLLMENTS,INCORPORATION_DATE,TEXT,6066
LIBRARY_RAW,LANDING,FED_CMS_HOSPICE_ENROLLMENTS,INCORPORATION_STATE,TEXT,6066
LIBRARY_RAW,LANDING,FED_CMS_HOSPITAL_ENROLLMENTS,INCORPORATION_DATE,TEXT,9175
LIBRARY_RAW,LANDING,FED_CMS_HOSPITAL_ENROLLMENTS,INCORPORATION_STATE,TEXT,9175
LIBRARY_RAW,LANDING,FED_CMS_HPT_MRF,MEDIAN_ALLOWED_AMOUNT,TEXT,1
LIBRARY_RAW,LANDING,FED_CMS_HPT_MRF,NINETIETH_PERCENTILE_ALLOWED_AMOUNT,TEXT,1
LIBRARY_RAW,LANDING,FED_CMS_HPT_MRF,PAYER_SPECIFIC_NEGOTIATED_CHARGE_PERCENTAGE,TEXT,1
LIBRARY_RAW,LANDING,FED_CMS_HPT_MRF,TENTH_PERCENTILE_ALLOWED_AMOUNT,TEXT,1
LIBRARY_RAW,LANDING,FED_CMS_MARKETPLACE_PLAN_ATTRIBUTES_PUF,EHBPERCENTTOTALPREMIUM,TEXT,22059
LIBRARY_RAW,LANDING,FED_CMS_MARKETPLACE_PLAN_ATTRIBUTES_PUF,ISGUARANTEEDRATE,TEXT,22059
LIBRARY_RAW,LANDING,FED_CMS_MARKETPLACE_PLAN_ATTRIBUTES_PUF,MEDICALDRUGDEDUCTIBLESINTEGRATED,TEXT,22059
LIBRARY_RAW,LANDING,FED_CMS_MARKETPLACE_PLAN_ATTRIBUTES_PUF,MEDICALDRUGMAXIMUMOUTOFPOCKETINTEGRATED,TEXT,22059
LIBRARY_RAW,LANDING,FED_CMS_MARKETPLACE_PLAN_ATTRIBUTES_PUF,PLANEXPIRATIONDATE,TEXT,22059
LIBRARY_RAW,LANDING,FED_CMS_MEDICARE_DIALYSIS_FACILITIES,MEASURE_SCORE,TEXT,12456456
LIBRARY_RAW,LANDING,FED_CMS_MEDICARE_DURABLE_MEDICAL_EQUIPMENT_DEVICES_SUPPLIES_BY_REFER,BENE_AVG_AGE,TEXT,381228
LIBRARY_RAW,LANDING,FED_CMS_MEDICARE_DURABLE_MEDICAL_EQUIPMENT_DEVICES_SUPPLIES_BY_REFER,BENE_AVG_RISK_SCRE,TEXT,381228
LIBRARY_RAW,LANDING,FED_CMS_MEDICARE_DURABLE_MEDICAL_EQUIPMENT_DEVICES_SUPPLIES_BY_REFER,BENE_CC_BH_ADHD_OTHCD_V1_PCT,TEXT,381228
LIBRARY_RAW,LANDING,FED_CMS_MEDICARE_DURABLE_MEDICAL_EQUIPMENT_DEVICES_SUPPLIES_BY_REFER,BENE_CC_BH_ALCOHOL_DRUG_V1_PCT,TEXT,381228
LIBRARY_RAW,LANDING,FED_CMS_MEDICARE_DURABLE_MEDICAL_EQUIPMENT_DEVICES_SUPPLIES_BY_REFER,BENE_CC_BH_ALZ_NONALZDEM_V2_PCT,TEXT,381228
LIBRARY_RAW,LANDING,FED_CMS_MEDICARE_DURABLE_MEDICAL_EQUIPMENT_DEVICES_SUPPLIES_BY_REFER,BENE_CC_BH_ANXIETY_V1_PCT,TEXT,381228
LIBRARY_RAW,LANDING,FED_CMS_MEDICARE_DURABLE_MEDICAL_EQUIPMENT_DEVICES_SUPPLIES_BY_REFER,BENE_CC_BH_BIPOLAR_V1_PCT,TEXT,381228
LIBRARY_RAW,LANDING,FED_CMS_MEDICARE_DURABLE_MEDICAL_EQUIPMENT_DEVICES_SUPPLIES_BY_REFER,BENE_CC_BH_DEPRESS_V1_PCT,TEXT,381228
LIBRARY_RAW,LANDING,FED_CMS_MEDICARE_DURABLE_MEDICAL_EQUIPMENT_DEVICES_SUPPLIES_BY_REFER,BENE_CC_BH_MOOD_V2_PCT,TEXT,381228
LIBRARY_RAW,LANDING,FED_CMS_MEDICARE_DURABLE_MEDICAL_EQUIPMENT_DEVICES_SUPPLIES_BY_REFER,BENE_CC_BH_PD_V1_PCT,TEXT,381228
LIBRARY_RAW,LANDING,FED_CMS_MEDICARE_DURABLE_MEDICAL_EQUIPMENT_DEVICES_SUPPLIES_BY_REFER,BENE_CC_BH_PTSD_V1_PCT,TEXT,381228
LIBRARY_RAW,LANDING,FED_CMS_MEDICARE_DURABLE_MEDICAL_EQUIPMENT_DEVICES_SUPPLIES_BY_REFER,BENE_CC_BH_SCHIZO_OTHPSY_V1_PCT,TEXT,381228
LIBRARY_RAW,LANDING,FED_CMS_MEDICARE_DURABLE_MEDICAL_EQUIPMENT_DEVICES_SUPPLIES_BY_REFER,BENE_CC_BH_TOBACCO_V1_PCT,TEXT,381228
LIBRARY_RAW,LANDING,FED_CMS_MEDICARE_DURABLE_MEDICAL_EQUIPMENT_DEVICES_SUPPLIES_BY_REFER,BENE_CC_PH_AFIB_V2_PCT,TEXT,381228
LIBRARY_RAW,LANDING,FED_CMS_MEDICARE_DURABLE_MEDICAL_EQUIPMENT_DEVICES_SUPPLIES_BY_REFER,BENE_CC_PH_ARTHRITIS_V2_PCT,TEXT,381228
LIBRARY_RAW,LANDING,FED_CMS_MEDICARE_DURABLE_MEDICAL_EQUIPMENT_DEVICES_SUPPLIES_BY_REFER,BENE_CC_PH_ASTHMA_V2_PCT,TEXT,381228
LIBRARY_RAW,LANDING,FED_CMS_MEDICARE_DURABLE_MEDICAL_EQUIPMENT_DEVICES_SUPPLIES_BY_REFER,BENE_CC_PH_CANCER6_V2_PCT,TEXT,381228
LIBRARY_RAW,LANDING,FED_CMS_MEDICARE_DURABLE_MEDICAL_EQUIPMENT_DEVICES_SUPPLIES_BY_REFER,BENE_CC_PH_CKD_V2_PCT,TEXT,381228
LIBRARY_RAW,LANDING,FED_CMS_MEDICARE_DURABLE_MEDICAL_EQUIPMENT_DEVICES_SUPPLIES_BY_REFER,BENE_CC_PH_COPD_V2_PCT,TEXT,381228
LIBRARY_RAW,LANDING,FED_CMS_MEDICARE_DURABLE_MEDICAL_EQUIPMENT_DEVICES_SUPPLIES_BY_REFER,BENE_CC_PH_DIABETES_V2_PCT,TEXT,381228
LIBRARY_RAW,LANDING,FED_CMS_MEDICARE_DURABLE_MEDICAL_EQUIPMENT_DEVICES_SUPPLIES_BY_REFER,BENE_CC_PH_HF_NONIHD_V2_PCT,TEXT,381228
LIBRARY_RAW,LANDING,FED_CMS_MEDICARE_DURABLE_MEDICAL_EQUIPMENT_DEVICES_SUPPLIES_BY_REFER,BENE_CC_PH_HYPERLIPIDEMIA_V2_PCT,TEXT,381228
LIBRARY_RAW,LANDING,FED_CMS_MEDICARE_DURABLE_MEDICAL_EQUIPMENT_DEVICES_SUPPLIES_BY_REFER,BENE_CC_PH_HYPERTENSION_V2_PCT,TEXT,381228
LIBRARY_RAW,LANDING,FED_CMS_MEDICARE_DURABLE_MEDICAL_EQUIPMENT_DEVICES_SUPPLIES_BY_REFER,BENE_CC_PH_ISCHEMICHEART_V2_PCT,TEXT,381228
LIBRARY_RAW,LANDING,FED_CMS_MEDICARE_DURABLE_MEDICAL_EQUIPMENT_DEVICES_SUPPLIES_BY_REFER,BENE_CC_PH_OSTEOPOROSIS_V2_PCT,TEXT,381228
LIBRARY_RAW,LANDING,FED_CMS_MEDICARE_DURABLE_MEDICAL_EQUIPMENT_DEVICES_SUPPLIES_BY_REFER,BENE_CC_PH_PARKINSON_V2_PCT,TEXT,381228
LIBRARY_RAW,LANDING,FED_CMS_MEDICARE_DURABLE_MEDICAL_EQUIPMENT_DEVICES_SUPPLIES_BY_REFER,BENE_CC_PH_STROKE_TIA_V2_PCT,TEXT,381228
LIBRARY_RAW,LANDING,FED_CMS_MEDICARE_DURABLE_MEDICAL_EQUIPMENT_DEVICES_SUPPLIES_BY_SUPPL,AVG_SUPLR_MDCR_ALOWD_AMT,TEXT,440670
LIBRARY_RAW,LANDING,FED_CMS_MEDICARE_DURABLE_MEDICAL_EQUIPMENT_DEVICES_SUPPLIES_BY_SUPPL,AVG_SUPLR_MDCR_PYMT_AMT,TEXT,440670
LIBRARY_RAW,LANDING,FED_CMS_MEDICARE_DURABLE_MEDICAL_EQUIPMENT_DEVICES_SUPPLIES_BY_SUPPL,AVG_SUPLR_MDCR_STDZD_AMT,TEXT,440670
LIBRARY_RAW,LANDING,FED_CMS_MEDICARE_DURABLE_MEDICAL_EQUIPMENT_DEVICES_SUPPLIES_BY_SUPPL,AVG_SUPLR_SBMTD_CHRG,TEXT,440670
LIBRARY_RAW,LANDING,FED_CMS_MEDICARE_INPATIENT_HOSPITALS_BY_PROVIDER,BENE_AVG_AGE,TEXT,3044
LIBRARY_RAW,LANDING,FED_CMS_MEDICARE_INPATIENT_HOSPITALS_BY_PROVIDER,BENE_AVG_RISK_SCRE,TEXT,3044
LIBRARY_RAW,LANDING,FED_CMS_MEDICARE_INPATIENT_HOSPITALS_BY_PROVIDER,BENE_CC_BH_ADHD_OTHCD_V1_PCT,TEXT,3044
LIBRARY_RAW,LANDING,FED_CMS_MEDICARE_INPATIENT_HOSPITALS_BY_PROVIDER,BENE_CC_BH_ALCOHOL_DRUG_V1_PCT,TEXT,3044
LIBRARY_RAW,LANDING,FED_CMS_MEDICARE_INPATIENT_HOSPITALS_BY_PROVIDER,BENE_CC_BH_ALZ_NONALZDEM_V2_PCT,TEXT,3044
LIBRARY_RAW,LANDING,FED_CMS_MEDICARE_INPATIENT_HOSPITALS_BY_PROVIDER,BENE_CC_BH_ANXIETY_V1_PCT,TEXT,3044
LIBRARY_RAW,LANDING,FED_CMS_MEDICARE_INPATIENT_HOSPITALS_BY_PROVIDER,BENE_CC_BH_BIPOLAR_V1_PCT,TEXT,3044
LIBRARY_RAW,LANDING,FED_CMS_MEDICARE_INPATIENT_HOSPITALS_BY_PROVIDER,BENE_CC_BH_DEPRESS_V1_PCT,TEXT,3044
LIBRARY_RAW,LANDING,FED_CMS_MEDICARE_INPATIENT_HOSPITALS_BY_PROVIDER,BENE_CC_BH_MOOD_V2_PCT,TEXT,3044
LIBRARY_RAW,LANDING,FED_CMS_MEDICARE_INPATIENT_HOSPITALS_BY_PROVIDER,BENE_CC_BH_PD_V1_PCT,TEXT,3044
LIBRARY_RAW,LANDING,FED_CMS_MEDICARE_INPATIENT_HOSPITALS_BY_PROVIDER,BENE_CC_BH_PTSD_V1_PCT,TEXT,3044
LIBRARY_RAW,LANDING,FED_CMS_MEDICARE_INPATIENT_HOSPITALS_BY_PROVIDER,BENE_CC_BH_SCHIZO_OTHPSY_V1_PCT,TEXT,3044
LIBRARY_RAW,LANDING,FED_CMS_MEDICARE_INPATIENT_HOSPITALS_BY_PROVIDER,BENE_CC_BH_TOBACCO_V1_PCT,TEXT,3044
LIBRARY_RAW,LANDING,FED_CMS_MEDICARE_INPATIENT_HOSPITALS_BY_PROVIDER,BENE_CC_PH_AFIB_V2_PCT,TEXT,3044
LIBRARY_RAW,LANDING,FED_CMS_MEDICARE_INPATIENT_HOSPITALS_BY_PROVIDER,BENE_CC_PH_ARTHRITIS_V2_PCT,TEXT,3044
LIBRARY_RAW,LANDING,FED_CMS_MEDICARE_INPATIENT_HOSPITALS_BY_PROVIDER,BENE_CC_PH_ASTHMA_V2_PCT,TEXT,3044
LIBRARY_RAW,LANDING,FED_CMS_MEDICARE_INPATIENT_HOSPITALS_BY_PROVIDER,BENE_CC_PH_CANCER6_V2_PCT,TEXT,3044
LIBRARY_RAW,LANDING,FED_CMS_MEDICARE_INPATIENT_HOSPITALS_BY_PROVIDER,BENE_CC_PH_CKD_V2_PCT,TEXT,3044
LIBRARY_RAW,LANDING,FED_CMS_MEDICARE_INPATIENT_HOSPITALS_BY_PROVIDER,BENE_CC_PH_COPD_V2_PCT,TEXT,3044
LIBRARY_RAW,LANDING,FED_CMS_MEDICARE_INPATIENT_HOSPITALS_BY_PROVIDER,BENE_CC_PH_DIABETES_V2_PCT,TEXT,3044
LIBRARY_RAW,LANDING,FED_CMS_MEDICARE_INPATIENT_HOSPITALS_BY_PROVIDER,BENE_CC_PH_HF_NONIHD_V2_PCT,TEXT,3044
LIBRARY_RAW,LANDING,FED_CMS_MEDICARE_INPATIENT_HOSPITALS_BY_PROVIDER,BENE_CC_PH_HYPERLIPIDEMIA_V2_PCT,TEXT,3044
LIBRARY_RAW,LANDING,FED_CMS_MEDICARE_INPATIENT_HOSPITALS_BY_PROVIDER,BENE_CC_PH_HYPERTENSION_V2_PCT,TEXT,3044
LIBRARY_RAW,LANDING,FED_CMS_MEDICARE_INPATIENT_HOSPITALS_BY_PROVIDER,BENE_CC_PH_ISCHEMICHEART_V2_PCT,TEXT,3044
LIBRARY_RAW,LANDING,FED_CMS_MEDICARE_INPATIENT_HOSPITALS_BY_PROVIDER,BENE_CC_PH_OSTEOPOROSIS_V2_PCT,TEXT,3044
LIBRARY_RAW,LANDING,FED_CMS_MEDICARE_INPATIENT_HOSPITALS_BY_PROVIDER,BENE_CC_PH_PARKINSON_V2_PCT,TEXT,3044
LIBRARY_RAW,LANDING,FED_CMS_MEDICARE_INPATIENT_HOSPITALS_BY_PROVIDER,BENE_CC_PH_STROKE_TIA_V2_PCT,TEXT,3044
LIBRARY_RAW,LANDING,FED_CMS_MEDICARE_INPATIENT_HOSPITALS_BY_PROVIDER_AND_SERVICE,AVG_MDCR_PYMT_AMT,TEXT,145879
LIBRARY_RAW,LANDING,FED_CMS_MEDICARE_INPATIENT_HOSPITALS_BY_PROVIDER_AND_SERVICE,AVG_SUBMTD_CVRD_CHRG,TEXT,145879
LIBRARY_RAW,LANDING,FED_CMS_MEDICARE_INPATIENT_HOSPITALS_BY_PROVIDER_AND_SERVICE,AVG_TOT_PYMT_AMT,TEXT,145879
LIBRARY_RAW,LANDING,FED_CMS_MEDICARE_OUTPATIENT_HOSPITALS_BY_PROVIDER_AND_SERVICE,AVG_MDCR_ALOWD_AMT,TEXT,116182
LIBRARY_RAW,LANDING,FED_CMS_MEDICARE_OUTPATIENT_HOSPITALS_BY_PROVIDER_AND_SERVICE,AVG_MDCR_OUTLIER_AMT,TEXT,116182
LIBRARY_RAW,LANDING,FED_CMS_MEDICARE_OUTPATIENT_HOSPITALS_BY_PROVIDER_AND_SERVICE,AVG_MDCR_PYMT_AMT,TEXT,116182
LIBRARY_RAW,LANDING,FED_CMS_MEDICARE_OUTPATIENT_HOSPITALS_BY_PROVIDER_AND_SERVICE,AVG_TOT_SBMTD_CHRGS,TEXT,116182
LIBRARY_RAW,LANDING,FED_CMS_MEDICARE_PHYSICIAN_OTHER_PRACTITIONERS_BY_PROVIDER,BENE_AVG_AGE,TEXT,1296739
LIBRARY_RAW,LANDING,FED_CMS_MEDICARE_PHYSICIAN_OTHER_PRACTITIONERS_BY_PROVIDER,BENE_AVG_RISK_SCRE,TEXT,1296739
LIBRARY_RAW,LANDING,FED_CMS_MEDICARE_PHYSICIAN_OTHER_PRACTITIONERS_BY_PROVIDER,BENE_CC_BH_ADHD_OTHCD_V1_PCT,TEXT,1296739
LIBRARY_RAW,LANDING,FED_CMS_MEDICARE_PHYSICIAN_OTHER_PRACTITIONERS_BY_PROVIDER,BENE_CC_BH_ALCOHOL_DRUG_V1_PCT,TEXT,1296739
LIBRARY_RAW,LANDING,FED_CMS_MEDICARE_PHYSICIAN_OTHER_PRACTITIONERS_BY_PROVIDER,BENE_CC_BH_ALZ_NONALZDEM_V2_PCT,TEXT,1296739
LIBRARY_RAW,LANDING,FED_CMS_MEDICARE_PHYSICIAN_OTHER_PRACTITIONERS_BY_PROVIDER,BENE_CC_BH_ANXIETY_V1_PCT,TEXT,1296739
LIBRARY_RAW,LANDING,FED_CMS_MEDICARE_PHYSICIAN_OTHER_PRACTITIONERS_BY_PROVIDER,BENE_CC_BH_BIPOLAR_V1_PCT,TEXT,1296739
LIBRARY_RAW,LANDING,FED_CMS_MEDICARE_PHYSICIAN_OTHER_PRACTITIONERS_BY_PROVIDER,BENE_CC_BH_DEPRESS_V1_PCT,TEXT,1296739
LIBRARY_RAW,LANDING,FED_CMS_MEDICARE_PHYSICIAN_OTHER_PRACTITIONERS_BY_PROVIDER,BENE_CC_BH_MOOD_V2_PCT,TEXT,1296739
LIBRARY_RAW,LANDING,FED_CMS_MEDICARE_PHYSICIAN_OTHER_PRACTITIONERS_BY_PROVIDER,BENE_CC_BH_PD_V1_PCT,TEXT,1296739
LIBRARY_RAW,LANDING,FED_CMS_MEDICARE_PHYSICIAN_OTHER_PRACTITIONERS_BY_PROVIDER,BENE_CC_BH_PTSD_V1_PCT,TEXT,1296739
LIBRARY_RAW,LANDING,FED_CMS_MEDICARE_PHYSICIAN_OTHER_PRACTITIONERS_BY_PROVIDER,BENE_CC_BH_SCHIZO_OTHPSY_V1_PCT,TEXT,1296739
LIBRARY_RAW,LANDING,FED_CMS_MEDICARE_PHYSICIAN_OTHER_PRACTITIONERS_BY_PROVIDER,BENE_CC_BH_TOBACCO_V1_PCT,TEXT,1296739
LIBRARY_RAW,LANDING,FED_CMS_MEDICARE_PHYSICIAN_OTHER_PRACTITIONERS_BY_PROVIDER,BENE_CC_PH_AFIB_V2_PCT,TEXT,1296739
LIBRARY_RAW,LANDING,FED_CMS_MEDICARE_PHYSICIAN_OTHER_PRACTITIONERS_BY_PROVIDER,BENE_CC_PH_ARTHRITIS_V2_PCT,TEXT,1296739
LIBRARY_RAW,LANDING,FED_CMS_MEDICARE_PHYSICIAN_OTHER_PRACTITIONERS_BY_PROVIDER,BENE_CC_PH_ASTHMA_V2_PCT,TEXT,1296739
LIBRARY_RAW,LANDING,FED_CMS_MEDICARE_PHYSICIAN_OTHER_PRACTITIONERS_BY_PROVIDER,BENE_CC_PH_CANCER6_V2_PCT,TEXT,1296739
LIBRARY_RAW,LANDING,FED_CMS_MEDICARE_PHYSICIAN_OTHER_PRACTITIONERS_BY_PROVIDER,BENE_CC_PH_CKD_V2_PCT,TEXT,1296739
LIBRARY_RAW,LANDING,FED_CMS_MEDICARE_PHYSICIAN_OTHER_PRACTITIONERS_BY_PROVIDER,BENE_CC_PH_COPD_V2_PCT,TEXT,1296739
LIBRARY_RAW,LANDING,FED_CMS_MEDICARE_PHYSICIAN_OTHER_PRACTITIONERS_BY_PROVIDER,BENE_CC_PH_DIABETES_V2_PCT,TEXT,1296739
LIBRARY_RAW,LANDING,FED_CMS_MEDICARE_PHYSICIAN_OTHER_PRACTITIONERS_BY_PROVIDER,BENE_CC_PH_HF_NONIHD_V2_PCT,TEXT,1296739
LIBRARY_RAW,LANDING,FED_CMS_MEDICARE_PHYSICIAN_OTHER_PRACTITIONERS_BY_PROVIDER,BENE_CC_PH_HYPERLIPIDEMIA_V2_PCT,TEXT,1296739
LIBRARY_RAW,LANDING,FED_CMS_MEDICARE_PHYSICIAN_OTHER_PRACTITIONERS_BY_PROVIDER,BENE_CC_PH_HYPERTENSION_V2_PCT,TEXT,1296739
LIBRARY_RAW,LANDING,FED_CMS_MEDICARE_PHYSICIAN_OTHER_PRACTITIONERS_BY_PROVIDER,BENE_CC_PH_ISCHEMICHEART_V2_PCT,TEXT,1296739
LIBRARY_RAW,LANDING,FED_CMS_MEDICARE_PHYSICIAN_OTHER_PRACTITIONERS_BY_PROVIDER,BENE_CC_PH_OSTEOPOROSIS_V2_PCT,TEXT,1296739
LIBRARY_RAW,LANDING,FED_CMS_MEDICARE_PHYSICIAN_OTHER_PRACTITIONERS_BY_PROVIDER,BENE_CC_PH_PARKINSON_V2_PCT,TEXT,1296739
LIBRARY_RAW,LANDING,FED_CMS_MEDICARE_PHYSICIAN_OTHER_PRACTITIONERS_BY_PROVIDER,BENE_CC_PH_STROKE_TIA_V2_PCT,TEXT,1296739
LIBRARY_RAW,LANDING,FED_CMS_MEDICARE_PHYSICIAN_OTHER_PRACTITIONERS_BY_PROVIDER_AND_SERVI,AVG_MDCR_ALOWD_AMT,TEXT,9781673
LIBRARY_RAW,LANDING,FED_CMS_MEDICARE_PHYSICIAN_OTHER_PRACTITIONERS_BY_PROVIDER_AND_SERVI,AVG_MDCR_PYMT_AMT,TEXT,9781673
LIBRARY_RAW,LANDING,FED_CMS_MEDICARE_PHYSICIAN_OTHER_PRACTITIONERS_BY_PROVIDER_AND_SERVI,AVG_MDCR_STDZD_AMT,TEXT,9781673
LIBRARY_RAW,LANDING,FED_CMS_MEDICARE_PHYSICIAN_OTHER_PRACTITIONERS_BY_PROVIDER_AND_SERVI,AVG_SBMTD_CHRG,TEXT,9781673
LIBRARY_RAW,LANDING,FED_CMS_MEDICARE_PROVIDER,BENE_AVG_AGE,TEXT,1296739
LIBRARY_RAW,LANDING,FED_CMS_MEDICARE_PROVIDER,BENE_AVG_RISK_SCRE,TEXT,1296739
LIBRARY_RAW,LANDING,FED_CMS_MEDICARE_PROVIDER,BENE_CC_BH_ADHD_OTHCD_V1_PCT,TEXT,1296739
LIBRARY_RAW,LANDING,FED_CMS_MEDICARE_PROVIDER,BENE_CC_BH_ALCOHOL_DRUG_V1_PCT,TEXT,1296739
LIBRARY_RAW,LANDING,FED_CMS_MEDICARE_PROVIDER,BENE_CC_BH_ALZ_NONALZDEM_V2_PCT,TEXT,1296739
LIBRARY_RAW,LANDING,FED_CMS_MEDICARE_PROVIDER,BENE_CC_BH_ANXIETY_V1_PCT,TEXT,1296739
LIBRARY_RAW,LANDING,FED_CMS_MEDICARE_PROVIDER,BENE_CC_BH_BIPOLAR_V1_PCT,TEXT,1296739
LIBRARY_RAW,LANDING,FED_CMS_MEDICARE_PROVIDER,BENE_CC_BH_DEPRESS_V1_PCT,TEXT,1296739
LIBRARY_RAW,LANDING,FED_CMS_MEDICARE_PROVIDER,BENE_CC_BH_MOOD_V2_PCT,TEXT,1296739
LIBRARY_RAW,LANDING,FED_CMS_MEDICARE_PROVIDER,BENE_CC_BH_PD_V1_PCT,TEXT,1296739
LIBRARY_RAW,LANDING,FED_CMS_MEDICARE_PROVIDER,BENE_CC_BH_PTSD_V1_PCT,TEXT,1296739
LIBRARY_RAW,LANDING,FED_CMS_MEDICARE_PROVIDER,BENE_CC_BH_SCHIZO_OTHPSY_V1_PCT,TEXT,1296739
LIBRARY_RAW,LANDING,FED_CMS_MEDICARE_PROVIDER,BENE_CC_BH_TOBACCO_V1_PCT,TEXT,1296739
LIBRARY_RAW,LANDING,FED_CMS_MEDICARE_PROVIDER,BENE_CC_PH_AFIB_V2_PCT,TEXT,1296739
LIBRARY_RAW,LANDING,FED_CMS_MEDICARE_PROVIDER,BENE_CC_PH_ARTHRITIS_V2_PCT,TEXT,1296739
LIBRARY_RAW,LANDING,FED_CMS_MEDICARE_PROVIDER,BENE_CC_PH_ASTHMA_V2_PCT,TEXT,1296739
LIBRARY_RAW,LANDING,FED_CMS_MEDICARE_PROVIDER,BENE_CC_PH_CANCER6_V2_PCT,TEXT,1296739
LIBRARY_RAW,LANDING,FED_CMS_MEDICARE_PROVIDER,BENE_CC_PH_CKD_V2_PCT,TEXT,1296739
LIBRARY_RAW,LANDING,FED_CMS_MEDICARE_PROVIDER,BENE_CC_PH_COPD_V2_PCT,TEXT,1296739
LIBRARY_RAW,LANDING,FED_CMS_MEDICARE_PROVIDER,BENE_CC_PH_DIABETES_V2_PCT,TEXT,1296739
LIBRARY_RAW,LANDING,FED_CMS_MEDICARE_PROVIDER,BENE_CC_PH_HF_NONIHD_V2_PCT,TEXT,1296739
LIBRARY_RAW,LANDING,FED_CMS_MEDICARE_PROVIDER,BENE_CC_PH_HYPERLIPIDEMIA_V2_PCT,TEXT,1296739
LIBRARY_RAW,LANDING,FED_CMS_MEDICARE_PROVIDER,BENE_CC_PH_HYPERTENSION_V2_PCT,TEXT,1296739
LIBRARY_RAW,LANDING,FED_CMS_MEDICARE_PROVIDER,BENE_CC_PH_ISCHEMICHEART_V2_PCT,TEXT,1296739
LIBRARY_RAW,LANDING,FED_CMS_MEDICARE_PROVIDER,BENE_CC_PH_OSTEOPOROSIS_V2_PCT,TEXT,1296739
LIBRARY_RAW,LANDING,FED_CMS_MEDICARE_PROVIDER,BENE_CC_PH_PARKINSON_V2_PCT,TEXT,1296739
LIBRARY_RAW,LANDING,FED_CMS_MEDICARE_PROVIDER,BENE_CC_PH_STROKE_TIA_V2_PCT,TEXT,1296739
LIBRARY_RAW,LANDING,FED_CMS_NADAC,CLASSIFICATION_FOR_RATE_SETTING,TEXT,1497925
LIBRARY_RAW,LANDING,FED_CMS_NADAC,CORRESPONDING_GENERIC_DRUG_NADAC_PER_UNIT,TEXT,1497925
LIBRARY_RAW,LANDING,FED_CMS_NADAC,NADAC_PER_UNIT,TEXT,1497925
LIBRARY_RAW,LANDING,FED_CMS_NPPES,PROVIDER_ENUMERATION_DATE,TEXT,9606683
LIBRARY_RAW,LANDING,FED_CMS_NURSING_HOME,ADJUSTED_LPN_STAFFING_HOURS_PER_RESIDENT_PER_DAY,TEXT,14700
LIBRARY_RAW,LANDING,FED_CMS_NURSING_HOME,ADJUSTED_NURSE_AIDE_STAFFING_HOURS_PER_RESIDENT_PER_DAY,TEXT,14700
LIBRARY_RAW,LANDING,FED_CMS_NURSING_HOME,ADJUSTED_RN_STAFFING_HOURS_PER_RESIDENT_PER_DAY,TEXT,14700
LIBRARY_RAW,LANDING,FED_CMS_NURSING_HOME,ADJUSTED_TOTAL_NURSE_STAFFING_HOURS_PER_RESIDENT_PER_DAY,TEXT,14700
LIBRARY_RAW,LANDING,FED_CMS_NURSING_HOME,ADJUSTED_WEEKEND_TOTAL_NURSE_STAFFING_HOURS_PER_RESIDENT_PER_DAY,TEXT,14700
LIBRARY_RAW,LANDING,FED_CMS_NURSING_HOME,AVERAGE_NUMBER_OF_RESIDENTS_PER_DAY,TEXT,14700
LIBRARY_RAW,LANDING,FED_CMS_NURSING_HOME,AVERAGE_NUMBER_OF_RESIDENTS_PER_DAY_FOOTNOTE,TEXT,14700
LIBRARY_RAW,LANDING,FED_CMS_NURSING_HOME,CASE_MIX_LPN_STAFFING_HOURS_PER_RESIDENT_PER_DAY,TEXT,14700
LIBRARY_RAW,LANDING,FED_CMS_NURSING_HOME,CASE_MIX_NURSE_AIDE_STAFFING_HOURS_PER_RESIDENT_PER_DAY,TEXT,14700
LIBRARY_RAW,LANDING,FED_CMS_NURSING_HOME,CASE_MIX_RN_STAFFING_HOURS_PER_RESIDENT_PER_DAY,TEXT,14700
LIBRARY_RAW,LANDING,FED_CMS_NURSING_HOME,CASE_MIX_TOTAL_NURSE_STAFFING_HOURS_PER_RESIDENT_PER_DAY,TEXT,14700
LIBRARY_RAW,LANDING,FED_CMS_NURSING_HOME,CASE_MIX_WEEKEND_TOTAL_NURSE_STAFFING_HOURS_PER_RESIDENT_PER_DAY,TEXT,14700
LIBRARY_RAW,LANDING,FED_CMS_NURSING_HOME,NURSING_CASE_MIX_INDEX,TEXT,14700
LIBRARY_RAW,LANDING,FED_CMS_NURSING_HOME,NURSING_CASE_MIX_INDEX_RATIO,TEXT,14700
LIBRARY_RAW,LANDING,FED_CMS_NURSING_HOME,RATING_CYCLE_1_HEALTH_DEFICIENCY_SCORE,TEXT,14700
LIBRARY_RAW,LANDING,FED_CMS_NURSING_HOME,RATING_CYCLE_1_HEALTH_REVISIT_SCORE,TEXT,14700
LIBRARY_RAW,LANDING,FED_CMS_NURSING_HOME,RATING_CYCLE_1_TOTAL_HEALTH_SCORE,TEXT,14700
LIBRARY_RAW,LANDING,FED_CMS_NURSING_HOME,RATING_CYCLE_2_3_HEALTH_DEFICIENCY_SCORE,TEXT,14700
LIBRARY_RAW,LANDING,FED_CMS_NURSING_HOME,RATING_CYCLE_2_3_HEALTH_REVISIT_SCORE,TEXT,14700
LIBRARY_RAW,LANDING,FED_CMS_NURSING_HOME,RATING_CYCLE_2_3_TOTAL_HEALTH_SCORE,TEXT,14700
LIBRARY_RAW,LANDING,FED_CMS_NURSING_HOME,REGISTERED_NURSE_HOURS_PER_RESIDENT_PER_DAY_ON_THE_WEEKEND,TEXT,14700
LIBRARY_RAW,LANDING,FED_CMS_NURSING_HOME,REPORTED_LICENSED_STAFFING_HOURS_PER_RESIDENT_PER_DAY,TEXT,14700
LIBRARY_RAW,LANDING,FED_CMS_NURSING_HOME,REPORTED_LPN_STAFFING_HOURS_PER_RESIDENT_PER_DAY,TEXT,14700
LIBRARY_RAW,LANDING,FED_CMS_NURSING_HOME,REPORTED_NURSE_AIDE_STAFFING_HOURS_PER_RESIDENT_PER_DAY,TEXT,14700
LIBRARY_RAW,LANDING,FED_CMS_NURSING_HOME,REPORTED_PHYSICAL_THERAPIST_STAFFING_HOURS_PER_RESIDENT_PER_DAY,TEXT,14700
LIBRARY_RAW,LANDING,FED_CMS_NURSING_HOME,REPORTED_RN_STAFFING_HOURS_PER_RESIDENT_PER_DAY,TEXT,14700
LIBRARY_RAW,LANDING,FED_CMS_NURSING_HOME,REPORTED_TOTAL_NURSE_STAFFING_HOURS_PER_RESIDENT_PER_DAY,TEXT,14700
LIBRARY_RAW,LANDING,FED_CMS_NURSING_HOME,TOTAL_NUMBER_OF_NURSE_STAFF_HOURS_PER_RESIDENT_PER_DAY_ON_THE_WEEKEND,TEXT,14700
LIBRARY_RAW,LANDING,FED_CMS_NURSING_HOME,TOTAL_WEIGHTED_HEALTH_SURVEY_SCORE,TEXT,14700
LIBRARY_RAW,LANDING,FED_CMS_PART_D_PRESCRIBERS,BENE_AVG_AGE,TEXT,1416883
LIBRARY_RAW,LANDING,FED_CMS_PART_D_PRESCRIBERS,BENE_AVG_RISK_SCRE,TEXT,1416883
LIBRARY_RAW,LANDING,FED_CMS_PART_D_PRESCRIBERS,OPIOID_LA_PRSCRBR_RATE,TEXT,1416883
LIBRARY_RAW,LANDING,FED_CMS_PART_D_PRESCRIBERS,OPIOID_PRSCRBR_RATE,TEXT,1416883
LIBRARY_RAW,LANDING,FED_CMS_POS_OTHER,BED_PER_ROOM_WVR_SW,TEXT,44429
LIBRARY_RAW,LANDING,FED_CMS_QUALITY_PAYMENT_PROGRAM_EXPERIENCE,COST_CATEGORY_SCORE,TEXT,503917
LIBRARY_RAW,LANDING,FED_CMS_QUALITY_PAYMENT_PROGRAM_EXPERIENCE,COST_IMPROVEMENT_SCORE,TEXT,503917
LIBRARY_RAW,LANDING,FED_CMS_QUALITY_PAYMENT_PROGRAM_EXPERIENCE,DUAL_ELIGIBILITY_RATIO,TEXT,503917
LIBRARY_RAW,LANDING,FED_CMS_QUALITY_PAYMENT_PROGRAM_EXPERIENCE,FINAL_SCORE,TEXT,503917
LIBRARY_RAW,LANDING,FED_CMS_QUALITY_PAYMENT_PROGRAM_EXPERIENCE,IA_MEASURE_SCORE_1,TEXT,503917
LIBRARY_RAW,LANDING,FED_CMS_QUALITY_PAYMENT_PROGRAM_EXPERIENCE,IA_MEASURE_SCORE_2,TEXT,503917
LIBRARY_RAW,LANDING,FED_CMS_QUALITY_PAYMENT_PROGRAM_EXPERIENCE,IA_MEASURE_SCORE_3,TEXT,503917
LIBRARY_RAW,LANDING,FED_CMS_QUALITY_PAYMENT_PROGRAM_EXPERIENCE,IA_MEASURE_SCORE_4,TEXT,503917
LIBRARY_RAW,LANDING,FED_CMS_QUALITY_PAYMENT_PROGRAM_EXPERIENCE,IMPROVEMENT_ACTIVITIES_IA_CATEGORY_SCORE,TEXT,503917
LIBRARY_RAW,LANDING,FED_CMS_QUALITY_PAYMENT_PROGRAM_EXPERIENCE,PAYMENT_ADJUSTMENT_PERCENTAGE,TEXT,503917
LIBRARY_RAW,LANDING,FED_CMS_QUALITY_PAYMENT_PROGRAM_EXPERIENCE,PI_MEASURE_SCORE_1,TEXT,503917
LIBRARY_RAW,LANDING,FED_CMS_QUALITY_PAYMENT_PROGRAM_EXPERIENCE,PI_MEASURE_SCORE_10,TEXT,503917
LIBRARY_RAW,LANDING,FED_CMS_QUALITY_PAYMENT_PROGRAM_EXPERIENCE,PI_MEASURE_SCORE_11,TEXT,503917
LIBRARY_RAW,LANDING,FED_CMS_QUALITY_PAYMENT_PROGRAM_EXPERIENCE,PI_MEASURE_SCORE_12,TEXT,503917
LIBRARY_RAW,LANDING,FED_CMS_QUALITY_PAYMENT_PROGRAM_EXPERIENCE,PI_MEASURE_SCORE_13,TEXT,503917
LIBRARY_RAW,LANDING,FED_CMS_QUALITY_PAYMENT_PROGRAM_EXPERIENCE,PI_MEASURE_SCORE_14,TEXT,503917
LIBRARY_RAW,LANDING,FED_CMS_QUALITY_PAYMENT_PROGRAM_EXPERIENCE,PI_MEASURE_SCORE_15,TEXT,503917
LIBRARY_RAW,LANDING,FED_CMS_QUALITY_PAYMENT_PROGRAM_EXPERIENCE,PI_MEASURE_SCORE_16,TEXT,503917
LIBRARY_RAW,LANDING,FED_CMS_QUALITY_PAYMENT_PROGRAM_EXPERIENCE,PI_MEASURE_SCORE_17,TEXT,503917
LIBRARY_RAW,LANDING,FED_CMS_QUALITY_PAYMENT_PROGRAM_EXPERIENCE,PI_MEASURE_SCORE_18,TEXT,503917
LIBRARY_RAW,LANDING,FED_CMS_QUALITY_PAYMENT_PROGRAM_EXPERIENCE,PI_MEASURE_SCORE_19,TEXT,503917
LIBRARY_RAW,LANDING,FED_CMS_QUALITY_PAYMENT_PROGRAM_EXPERIENCE,PI_MEASURE_SCORE_2,TEXT,503917
LIBRARY_RAW,LANDING,FED_CMS_QUALITY_PAYMENT_PROGRAM_EXPERIENCE,PI_MEASURE_SCORE_20,TEXT,503917
LIBRARY_RAW,LANDING,FED_CMS_QUALITY_PAYMENT_PROGRAM_EXPERIENCE,PI_MEASURE_SCORE_21,NUMBER,503917
LIBRARY_RAW,LANDING,FED_CMS_QUALITY_PAYMENT_PROGRAM_EXPERIENCE,PI_MEASURE_SCORE_3,TEXT,503917
LIBRARY_RAW,LANDING,FED_CMS_QUALITY_PAYMENT_PROGRAM_EXPERIENCE,PI_MEASURE_SCORE_4,TEXT,503917
LIBRARY_RAW,LANDING,FED_CMS_QUALITY_PAYMENT_PROGRAM_EXPERIENCE,PI_MEASURE_SCORE_5,TEXT,503917
LIBRARY_RAW,LANDING,FED_CMS_QUALITY_PAYMENT_PROGRAM_EXPERIENCE,PI_MEASURE_SCORE_6,TEXT,503917
LIBRARY_RAW,LANDING,FED_CMS_QUALITY_PAYMENT_PROGRAM_EXPERIENCE,PI_MEASURE_SCORE_7,TEXT,503917
LIBRARY_RAW,LANDING,FED_CMS_QUALITY_PAYMENT_PROGRAM_EXPERIENCE,PI_MEASURE_SCORE_8,TEXT,503917
LIBRARY_RAW,LANDING,FED_CMS_QUALITY_PAYMENT_PROGRAM_EXPERIENCE,PI_MEASURE_SCORE_9,TEXT,503917
LIBRARY_RAW,LANDING,FED_CMS_QUALITY_PAYMENT_PROGRAM_EXPERIENCE,PROMOTING_INTEROPERABILITY_PI_CATEGORY_SCORE,TEXT,503917
LIBRARY_RAW,LANDING,FED_CMS_QUALITY_PAYMENT_PROGRAM_EXPERIENCE,QUALITY_CATEGORY_SCORE,TEXT,503917
LIBRARY_RAW,LANDING,FED_CMS_QUALITY_PAYMENT_PROGRAM_EXPERIENCE,QUALITY_IMPROVEMENT_SCORE,TEXT,503917
LIBRARY_RAW,LANDING,FED_CMS_QUALITY_PAYMENT_PROGRAM_EXPERIENCE,QUALITY_MEASURE_SCORE_1,TEXT,503917
LIBRARY_RAW,LANDING,FED_CMS_QUALITY_PAYMENT_PROGRAM_EXPERIENCE,QUALITY_MEASURE_SCORE_10,TEXT,503917
LIBRARY_RAW,LANDING,FED_CMS_QUALITY_PAYMENT_PROGRAM_EXPERIENCE,QUALITY_MEASURE_SCORE_11,TEXT,503917
LIBRARY_RAW,LANDING,FED_CMS_QUALITY_PAYMENT_PROGRAM_EXPERIENCE,QUALITY_MEASURE_SCORE_12,NUMBER,503917
LIBRARY_RAW,LANDING,FED_CMS_QUALITY_PAYMENT_PROGRAM_EXPERIENCE,QUALITY_MEASURE_SCORE_2,TEXT,503917
LIBRARY_RAW,LANDING,FED_CMS_QUALITY_PAYMENT_PROGRAM_EXPERIENCE,QUALITY_MEASURE_SCORE_3,TEXT,503917
LIBRARY_RAW,LANDING,FED_CMS_QUALITY_PAYMENT_PROGRAM_EXPERIENCE,QUALITY_MEASURE_SCORE_4,TEXT,503917
LIBRARY_RAW,LANDING,FED_CMS_QUALITY_PAYMENT_PROGRAM_EXPERIENCE,QUALITY_MEASURE_SCORE_5,TEXT,503917
LIBRARY_RAW,LANDING,FED_CMS_QUALITY_PAYMENT_PROGRAM_EXPERIENCE,QUALITY_MEASURE_SCORE_6,TEXT,503917
LIBRARY_RAW,LANDING,FED_CMS_QUALITY_PAYMENT_PROGRAM_EXPERIENCE,QUALITY_MEASURE_SCORE_7,TEXT,503917
LIBRARY_RAW,LANDING,FED_CMS_QUALITY_PAYMENT_PROGRAM_EXPERIENCE,QUALITY_MEASURE_SCORE_8,TEXT,503917
LIBRARY_RAW,LANDING,FED_CMS_QUALITY_PAYMENT_PROGRAM_EXPERIENCE,QUALITY_MEASURE_SCORE_9,TEXT,503917
LIBRARY_RAW,LANDING,FED_CMS_QUALITY_PAYMENT_PROGRAM_EXPERIENCE,RECEIVED_FACILITY_SCORE,TEXT,503917
LIBRARY_RAW,LANDING,FED_CMS_RURAL_HEALTH_CLINIC_ENROLLMENTS,INCORPORATION_DATE,TEXT,5530
LIBRARY_RAW,LANDING,FED_CMS_RURAL_HEALTH_CLINIC_ENROLLMENTS,INCORPORATION_STATE,TEXT,5530
LIBRARY_RAW,LANDING,FED_CMS_SKILLED_NURSING_FACILITY_ENROLLMENTS,INCORPORATION_DATE,TEXT,14425
LIBRARY_RAW,LANDING,FED_CMS_SKILLED_NURSING_FACILITY_ENROLLMENTS,INCORPORATION_STATE,TEXT,14425
LIBRARY_RAW,LANDING,FED_COURTLISTENER_DOCKETS,DATE_LAST_INDEX,TEXT,71677647
LIBRARY_RAW,LANDING,FED_COURTLISTENER_FJC_IDB_CL_LINKED,ARBITRATION_AT_FILING,TEXT,10323280
LIBRARY_RAW,LANDING,FED_COURTLISTENER_FJC_IDB_CL_LINKED,ARBITRATION_AT_TERMINATION,TEXT,10323280
LIBRARY_RAW,LANDING,FED_COURTLISTENER_JUDGE_RETENTION_EVENTS,VOTES_NO_PERCENT,TEXT,0
LIBRARY_RAW,LANDING,FED_COURTLISTENER_JUDGE_RETENTION_EVENTS,VOTES_YES_PERCENT,TEXT,0
LIBRARY_RAW,LANDING,FED_COURTLISTENER_ORAL_ARGUMENTS,DURATION,TEXT,102649
LIBRARY_RAW,LANDING,FED_COURTLISTENER_PARENTHETICALS,SCORE,TEXT,6408887
LIBRARY_RAW,LANDING,FED_COURTLISTENER_POSITIONS,VOTES_NO_PERCENT,TEXT,51290
LIBRARY_RAW,LANDING,FED_COURTLISTENER_POSITIONS,VOTES_YES_PERCENT,TEXT,51290
LIBRARY_RAW,LANDING,FED_DOL_EBSA_FORM5500_SCHEDULE_SB,SB_1ST_SEG_RATE_PRCNT,TEXT,41802
LIBRARY_RAW,LANDING,FED_DOL_EBSA_FORM5500_SCHEDULE_SB,SB_2ND_SEG_RATE_PRCNT,TEXT,41802
LIBRARY_RAW,LANDING,FED_DOL_EBSA_FORM5500_SCHEDULE_SB,SB_3RD_SEG_RATE_PRCNT,TEXT,41802
LIBRARY_RAW,LANDING,FED_DOL_EBSA_FORM5500_SCHEDULE_SB,SB_ACCELERATION_ADJ_AMT,NUMBER,41802
LIBRARY_RAW,LANDING,FED_DOL_EBSA_FORM5500_SCHEDULE_SB,SB_EFF_INT_RATE_PRCNT,TEXT,41802
LIBRARY_RAW,LANDING,FED_DOL_OFLC,WAGE_RATE_OF_PAY_FROM_1,TEXT,664616
LIBRARY_RAW,LANDING,FED_DOL_OFLC,WAGE_RATE_OF_PAY_FROM_10,TEXT,664616
LIBRARY_RAW,LANDING,FED_DOL_OFLC,WAGE_RATE_OF_PAY_FROM_2,TEXT,664616
LIBRARY_RAW,LANDING,FED_DOL_OFLC,WAGE_RATE_OF_PAY_FROM_3,TEXT,664616
LIBRARY_RAW,LANDING,FED_DOL_OFLC,WAGE_RATE_OF_PAY_FROM_4,TEXT,664616
LIBRARY_RAW,LANDING,FED_DOL_OFLC,WAGE_RATE_OF_PAY_FROM_5,TEXT,664616
LIBRARY_RAW,LANDING,FED_DOL_OFLC,WAGE_RATE_OF_PAY_FROM_6,TEXT,664616
LIBRARY_RAW,LANDING,FED_DOL_OFLC,WAGE_RATE_OF_PAY_FROM_7,TEXT,664616
LIBRARY_RAW,LANDING,FED_DOL_OFLC,WAGE_RATE_OF_PAY_FROM_8,TEXT,664616
LIBRARY_RAW,LANDING,FED_DOL_OFLC,WAGE_RATE_OF_PAY_FROM_9,TEXT,664616
LIBRARY_RAW,LANDING,FED_DOL_OFLC,WAGE_RATE_OF_PAY_TO_1,TEXT,664616
LIBRARY_RAW,LANDING,FED_DOL_OFLC,WAGE_RATE_OF_PAY_TO_10,TEXT,664616
LIBRARY_RAW,LANDING,FED_DOL_OFLC,WAGE_RATE_OF_PAY_TO_2,TEXT,664616
LIBRARY_RAW,LANDING,FED_DOL_OFLC,WAGE_RATE_OF_PAY_TO_3,TEXT,664616
LIBRARY_RAW,LANDING,FED_DOL_OFLC,WAGE_RATE_OF_PAY_TO_4,TEXT,664616
LIBRARY_RAW,LANDING,FED_DOL_OFLC,WAGE_RATE_OF_PAY_TO_5,TEXT,664616
LIBRARY_RAW,LANDING,FED_DOL_OFLC,WAGE_RATE_OF_PAY_TO_6,TEXT,664616
LIBRARY_RAW,LANDING,FED_DOL_OFLC,WAGE_RATE_OF_PAY_TO_7,TEXT,664616
LIBRARY_RAW,LANDING,FED_DOL_OFLC,WAGE_RATE_OF_PAY_TO_8,TEXT,664616
LIBRARY_RAW,LANDING,FED_DOL_OFLC,WAGE_RATE_OF_PAY_TO_9,TEXT,664616
LIBRARY_RAW,LANDING,FED_ED_COLLEGE_SCORECARD_INSTITUTION,ADM_RATE,TEXT,6273
LIBRARY_RAW,LANDING,FED_ED_COLLEGE_SCORECARD_INSTITUTION,ADM_RATE_ALL,TEXT,6273
LIBRARY_RAW,LANDING,FED_ED_COLLEGE_SCORECARD_INSTITUTION,ADM_RATE_SUPP,TEXT,6273
LIBRARY_RAW,LANDING,FED_ED_COLLEGE_SCORECARD_INSTITUTION,APPL_SCH_PCT_GE2,TEXT,6273
LIBRARY_RAW,LANDING,FED_ED_COLLEGE_SCORECARD_INSTITUTION,APPL_SCH_PCT_GE3,TEXT,6273
LIBRARY_RAW,LANDING,FED_ED_COLLEGE_SCORECARD_INSTITUTION,APPL_SCH_PCT_GE4,TEXT,6273
LIBRARY_RAW,LANDING,FED_ED_COLLEGE_SCORECARD_INSTITUTION,APPL_SCH_PCT_GE5,TEXT,6273
LIBRARY_RAW,LANDING,FED_ED_COLLEGE_SCORECARD_INSTITUTION,AVGFACSAL,TEXT,6273
LIBRARY_RAW,LANDING,FED_ED_COLLEGE_SCORECARD_INSTITUTION,DEP_INC_AVG,TEXT,6273
LIBRARY_RAW,LANDING,FED_ED_COLLEGE_SCORECARD_INSTITUTION,DEP_INC_PCT_H1,TEXT,6273
LIBRARY_RAW,LANDING,FED_ED_COLLEGE_SCORECARD_INSTITUTION,DEP_INC_PCT_H2,TEXT,6273
LIBRARY_RAW,LANDING,FED_ED_COLLEGE_SCORECARD_INSTITUTION,DEP_INC_PCT_LO,TEXT,6273
LIBRARY_RAW,LANDING,FED_ED_COLLEGE_SCORECARD_INSTITUTION,DEP_INC_PCT_M1,TEXT,6273
LIBRARY_RAW,LANDING,FED_ED_COLLEGE_SCORECARD_INSTITUTION,DEP_INC_PCT_M2,TEXT,6273
LIBRARY_RAW,LANDING,FED_ED_COLLEGE_SCORECARD_INSTITUTION,DEP_STAT_PCT_IND,TEXT,6273
LIBRARY_RAW,LANDING,FED_ED_COLLEGE_SCORECARD_INSTITUTION,D_PCTPELL_PCTFLOAN,TEXT,6273
LIBRARY_RAW,LANDING,FED_ED_COLLEGE_SCORECARD_INSTITUTION,FTFTPCTFLOAN,TEXT,6273
LIBRARY_RAW,LANDING,FED_ED_COLLEGE_SCORECARD_INSTITUTION,FTFTPCTFLOAN_POOLED_SUPP,TEXT,6273
LIBRARY_RAW,LANDING,FED_ED_COLLEGE_SCORECARD_INSTITUTION,FTFTPCTPELL,TEXT,6273
LIBRARY_RAW,LANDING,FED_ED_COLLEGE_SCORECARD_INSTITUTION,FTFTPCTPELL_POOLED_SUPP,TEXT,6273
LIBRARY_RAW,LANDING,FED_ED_COLLEGE_SCORECARD_INSTITUTION,INC_PCT_H1,TEXT,6273
LIBRARY_RAW,LANDING,FED_ED_COLLEGE_SCORECARD_INSTITUTION,INC_PCT_H2,TEXT,6273
LIBRARY_RAW,LANDING,FED_ED_COLLEGE_SCORECARD_INSTITUTION,INC_PCT_LO,TEXT,6273
LIBRARY_RAW,LANDING,FED_ED_COLLEGE_SCORECARD_INSTITUTION,INC_PCT_M1,TEXT,6273
LIBRARY_RAW,LANDING,FED_ED_COLLEGE_SCORECARD_INSTITUTION,INC_PCT_M2,TEXT,6273
LIBRARY_RAW,LANDING,FED_ED_COLLEGE_SCORECARD_INSTITUTION,IND_INC_AVG,TEXT,6273
LIBRARY_RAW,LANDING,FED_ED_COLLEGE_SCORECARD_INSTITUTION,IND_INC_PCT_H1,TEXT,6273
LIBRARY_RAW,LANDING,FED_ED_COLLEGE_SCORECARD_INSTITUTION,IND_INC_PCT_H2,TEXT,6273
LIBRARY_RAW,LANDING,FED_ED_COLLEGE_SCORECARD_INSTITUTION,IND_INC_PCT_LO,TEXT,6273
LIBRARY_RAW,LANDING,FED_ED_COLLEGE_SCORECARD_INSTITUTION,IND_INC_PCT_M1,TEXT,6273
LIBRARY_RAW,LANDING,FED_ED_COLLEGE_SCORECARD_INSTITUTION,IND_INC_PCT_M2,TEXT,6273
LIBRARY_RAW,LANDING,FED_ED_COLLEGE_SCORECARD_INSTITUTION,LN_MEDIAN_HH_INC,TEXT,6273
LIBRARY_RAW,LANDING,FED_ED_COLLEGE_SCORECARD_INSTITUTION,MEDIAN_HH_INC,TEXT,6273
LIBRARY_RAW,LANDING,FED_ED_COLLEGE_SCORECARD_INSTITUTION,PAR_ED_PCT_1STGEN,TEXT,6273
LIBRARY_RAW,LANDING,FED_ED_COLLEGE_SCORECARD_INSTITUTION,PAR_ED_PCT_HS,TEXT,6273
LIBRARY_RAW,LANDING,FED_ED_COLLEGE_SCORECARD_INSTITUTION,PAR_ED_PCT_MS,TEXT,6273
LIBRARY_RAW,LANDING,FED_ED_COLLEGE_SCORECARD_INSTITUTION,PAR_ED_PCT_PS,TEXT,6273
LIBRARY_RAW,LANDING,FED_ED_COLLEGE_SCORECARD_INSTITUTION,PCT10_EARN_WNE_P10,TEXT,6273
LIBRARY_RAW,LANDING,FED_ED_COLLEGE_SCORECARD_INSTITUTION,PCT10_EARN_WNE_P6,TEXT,6273
LIBRARY_RAW,LANDING,FED_ED_COLLEGE_SCORECARD_INSTITUTION,PCT10_EARN_WNE_P8,TEXT,6273
LIBRARY_RAW,LANDING,FED_ED_COLLEGE_SCORECARD_INSTITUTION,PCT25_EARN_WNE_P10,TEXT,6273
LIBRARY_RAW,LANDING,FED_ED_COLLEGE_SCORECARD_INSTITUTION,PCT25_EARN_WNE_P11,TEXT,6273
LIBRARY_RAW,LANDING,FED_ED_COLLEGE_SCORECARD_INSTITUTION,PCT25_EARN_WNE_P6,TEXT,6273
LIBRARY_RAW,LANDING,FED_ED_COLLEGE_SCORECARD_INSTITUTION,PCT25_EARN_WNE_P7,TEXT,6273
LIBRARY_RAW,LANDING,FED_ED_COLLEGE_SCORECARD_INSTITUTION,PCT25_EARN_WNE_P8,TEXT,6273
LIBRARY_RAW,LANDING,FED_ED_COLLEGE_SCORECARD_INSTITUTION,PCT25_EARN_WNE_P9,TEXT,6273
LIBRARY_RAW,LANDING,FED_ED_COLLEGE_SCORECARD_INSTITUTION,PCT75_EARN_WNE_P10,TEXT,6273
LIBRARY_RAW,LANDING,FED_ED_COLLEGE_SCORECARD_INSTITUTION,PCT75_EARN_WNE_P11,TEXT,6273
LIBRARY_RAW,LANDING,FED_ED_COLLEGE_SCORECARD_INSTITUTION,PCT75_EARN_WNE_P6,TEXT,6273
LIBRARY_RAW,LANDING,FED_ED_COLLEGE_SCORECARD_INSTITUTION,PCT75_EARN_WNE_P7,TEXT,6273
LIBRARY_RAW,LANDING,FED_ED_COLLEGE_SCORECARD_INSTITUTION,PCT75_EARN_WNE_P8,TEXT,6273
LIBRARY_RAW,LANDING,FED_ED_COLLEGE_SCORECARD_INSTITUTION,PCT75_EARN_WNE_P9,TEXT,6273
LIBRARY_RAW,LANDING,FED_ED_COLLEGE_SCORECARD_INSTITUTION,PCT90_EARN_WNE_P10,TEXT,6273
LIBRARY_RAW,LANDING,FED_ED_COLLEGE_SCORECARD_INSTITUTION,PCT90_EARN_WNE_P6,TEXT,6273
LIBRARY_RAW,LANDING,FED_ED_COLLEGE_SCORECARD_INSTITUTION,PCT90_EARN_WNE_P8,TEXT,6273
LIBRARY_RAW,LANDING,FED_ED_COLLEGE_SCORECARD_INSTITUTION,PCTFLOAN,TEXT,6273
LIBRARY_RAW,LANDING,FED_ED_COLLEGE_SCORECARD_INSTITUTION,PCTFLOAN_DCS,TEXT,6273
LIBRARY_RAW,LANDING,FED_ED_COLLEGE_SCORECARD_INSTITUTION,PCTFLOAN_DCS_POOLED_SUPP,TEXT,6273
LIBRARY_RAW,LANDING,FED_ED_COLLEGE_SCORECARD_INSTITUTION,PCTPELL,TEXT,6273
LIBRARY_RAW,LANDING,FED_ED_COLLEGE_SCORECARD_INSTITUTION,PCTPELL_DCS,TEXT,6273
LIBRARY_RAW,LANDING,FED_ED_COLLEGE_SCORECARD_INSTITUTION,PCTPELL_DCS_POOLED_SUPP,TEXT,6273
LIBRARY_RAW,LANDING,FED_ED_COLLEGE_SCORECARD_INSTITUTION,PCT_ASIAN,TEXT,6273
LIBRARY_RAW,LANDING,FED_ED_COLLEGE_SCORECARD_INSTITUTION,PCT_BA,TEXT,6273
LIBRARY_RAW,LANDING,FED_ED_COLLEGE_SCORECARD_INSTITUTION,PCT_BLACK,TEXT,6273
LIBRARY_RAW,LANDING,FED_ED_COLLEGE_SCORECARD_INSTITUTION,PCT_BORN_US,TEXT,6273
LIBRARY_RAW,LANDING,FED_ED_COLLEGE_SCORECARD_INSTITUTION,PCT_GRAD_PROF,TEXT,6273
LIBRARY_RAW,LANDING,FED_ED_COLLEGE_SCORECARD_INSTITUTION,PCT_HISPANIC,TEXT,6273
LIBRARY_RAW,LANDING,FED_ED_COLLEGE_SCORECARD_INSTITUTION,PCT_WHITE,TEXT,6273
LIBRARY_RAW,LANDING,FED_ED_COLLEGE_SCORECARD_INSTITUTION,POOLYRS_FTFTAIDPCT,TEXT,6273
LIBRARY_RAW,LANDING,FED_ED_COLLEGE_SCORECARD_INSTITUTION,POOLYRS_PLUSPCT,TEXT,6273
LIBRARY_RAW,LANDING,FED_ED_COLLEGE_SCORECARD_INSTITUTION,POVERTY_RATE,TEXT,6273
LIBRARY_RAW,LANDING,FED_ED_COLLEGE_SCORECARD_INSTITUTION,PPLUS_PCT_HIGH,TEXT,6273
LIBRARY_RAW,LANDING,FED_ED_COLLEGE_SCORECARD_INSTITUTION,PPLUS_PCT_HIGH_POOLED_SUPP,TEXT,6273
LIBRARY_RAW,LANDING,FED_ED_COLLEGE_SCORECARD_INSTITUTION,PPLUS_PCT_LOW,TEXT,6273
LIBRARY_RAW,LANDING,FED_ED_COLLEGE_SCORECARD_INSTITUTION,PPLUS_PCT_LOW_POOLED_SUPP,TEXT,6273
LIBRARY_RAW,LANDING,FED_ED_COLLEGE_SCORECARD_INSTITUTION,SAT_AVG,TEXT,6273
LIBRARY_RAW,LANDING,FED_ED_COLLEGE_SCORECARD_INSTITUTION,SAT_AVG_ALL,TEXT,6273
LIBRARY_RAW,LANDING,FED_ED_COLLEGE_SCORECARD_INSTITUTION,SCORECARD_SECTOR,TEXT,6273
LIBRARY_RAW,LANDING,FED_ED_COLLEGE_SCORECARD_INSTITUTION,UNEMP_RATE,TEXT,6273
LIBRARY_RAW,LANDING,FED_ED_EDFACTS,CHRONIC_ABSENTEEISM_RATE,TEXT,33
LIBRARY_RAW,LANDING,FED_ED_EDFACTS,GRADUATION_RATE,TEXT,33
LIBRARY_RAW,LANDING,FED_ED_FSA_DATACENTER,DEFAULT_RATE,TEXT,1
LIBRARY_RAW,LANDING,FED_EIA860_2_PLANT,FERC_COGENERATION_DOCKET_NUMBER,TEXT,16132
LIBRARY_RAW,LANDING,FED_EIA860_2_PLANT,FERC_COGENERATION_STATUS,TEXT,16132
LIBRARY_RAW,LANDING,FED_EIA860_3_1_GENERATOR,MONTH_UPRATE_OR_DERATE_COMPLETED,TEXT,26856
LIBRARY_RAW,LANDING,FED_EIA860_3_1_GENERATOR,PLANNED_DERATE_MONTH,TEXT,26856
LIBRARY_RAW,LANDING,FED_EIA860_3_1_GENERATOR,PLANNED_DERATE_YEAR,TEXT,26856
LIBRARY_RAW,LANDING,FED_EIA860_3_1_GENERATOR,PLANNED_NET_SUMMER_CAPACITY_DERATE_MW,TEXT,26856
LIBRARY_RAW,LANDING,FED_EIA860_3_1_GENERATOR,PLANNED_NET_SUMMER_CAPACITY_UPRATE_MW,TEXT,26856
LIBRARY_RAW,LANDING,FED_EIA860_3_1_GENERATOR,PLANNED_NET_WINTER_CAPACITY_DERATE_MW,TEXT,26856
LIBRARY_RAW,LANDING,FED_EIA860_3_1_GENERATOR,PLANNED_NET_WINTER_CAPACITY_UPRATE_MW,TEXT,26856
LIBRARY_RAW,LANDING,FED_EIA860_3_1_GENERATOR,PLANNED_UPRATE_MONTH,TEXT,26856
LIBRARY_RAW,LANDING,FED_EIA860_3_1_GENERATOR,PLANNED_UPRATE_YEAR,TEXT,26856
LIBRARY_RAW,LANDING,FED_EIA860_3_1_GENERATOR,UPRATE_OR_DERATE_COMPLETED_DURING_YEAR,TEXT,26856
LIBRARY_RAW,LANDING,FED_EIA860_3_1_GENERATOR,YEAR_UPRATE_OR_DERATE_COMPLETED,TEXT,26856
LIBRARY_RAW,LANDING,FED_EIA860_3_4_ENERGY_STORAGE,EXCESS_WIND_AND_SOLAR_GENERATION,TEXT,786
LIBRARY_RAW,LANDING,FED_EIA860_3_4_ENERGY_STORAGE,MAXIMUM_CHARGE_RATE_MW,TEXT,786
LIBRARY_RAW,LANDING,FED_EIA860_3_4_ENERGY_STORAGE,MAXIMUM_DISCHARGE_RATE_MW,TEXT,786
LIBRARY_RAW,LANDING,FED_EIA860_4_OWNER,PERCENT_OWNED,TEXT,5496
LIBRARY_RAW,LANDING,FED_EIA860_6_2_ENVIROEQUIP,MERCURY_CONTROL_EXISTING_STRATEGY_1,TEXT,4429
LIBRARY_RAW,LANDING,FED_EIA860_6_2_ENVIROEQUIP,MERCURY_CONTROL_EXISTING_STRATEGY_2,TEXT,4429
LIBRARY_RAW,LANDING,FED_EIA860_6_2_ENVIROEQUIP,MERCURY_CONTROL_EXISTING_STRATEGY_3,TEXT,4429
LIBRARY_RAW,LANDING,FED_EIA860_6_2_ENVIROEQUIP,MERCURY_CONTROL_PROPOSED_STRATEGY_1,TEXT,4429
LIBRARY_RAW,LANDING,FED_EIA860_6_2_ENVIROEQUIP,MERCURY_CONTROL_PROPOSED_STRATEGY_2,TEXT,4429
LIBRARY_RAW,LANDING,FED_EIA860_6_2_ENVIROEQUIP,MERCURY_CONTROL_PROPOSED_STRATEGY_3,TEXT,4429
LIBRARY_RAW,LANDING,FED_EIA860_6_2_ENVIROEQUIP,NITROGEN_OXIDE_CONTROL_EXISTING_STRATEGY_1,TEXT,4429
LIBRARY_RAW,LANDING,FED_EIA860_6_2_ENVIROEQUIP,NITROGEN_OXIDE_CONTROL_EXISTING_STRATEGY_2,TEXT,4429
LIBRARY_RAW,LANDING,FED_EIA860_6_2_ENVIROEQUIP,NITROGEN_OXIDE_CONTROL_EXISTING_STRATEGY_3,TEXT,4429
LIBRARY_RAW,LANDING,FED_EIA860_6_2_ENVIROEQUIP,NITROGEN_OXIDE_CONTROL_PROPOSED_STRATEGY_1,TEXT,4429
LIBRARY_RAW,LANDING,FED_EIA860_6_2_ENVIROEQUIP,NITROGEN_OXIDE_CONTROL_PROPOSED_STRATEGY_2,TEXT,4429
LIBRARY_RAW,LANDING,FED_EIA860_6_2_ENVIROEQUIP,NITROGEN_OXIDE_CONTROL_PROPOSED_STRATEGY_3,TEXT,4429
LIBRARY_RAW,LANDING,FED_EIA860_6_2_ENVIROEQUIP,STANDARD_NITROGEN_RATE,TEXT,4429
LIBRARY_RAW,LANDING,FED_EIA860_6_2_ENVIROEQUIP,STANDARD_PARTICULATE_RATE,TEXT,4429
LIBRARY_RAW,LANDING,FED_EIA860_6_2_ENVIROEQUIP,STANDARD_SULFUR_PERCENT_SCRUBBED,TEXT,4429
LIBRARY_RAW,LANDING,FED_EIA860_6_2_ENVIROEQUIP,STANDARD_SULFUR_RATE,TEXT,4429
LIBRARY_RAW,LANDING,FED_EIA860_6_2_ENVIROEQUIP,SULFUR_DIOXIDE_CONTROL_EXISTING_STRATEGY_1,TEXT,4429
LIBRARY_RAW,LANDING,FED_EIA860_6_2_ENVIROEQUIP,SULFUR_DIOXIDE_CONTROL_EXISTING_STRATEGY_2,TEXT,4429
LIBRARY_RAW,LANDING,FED_EIA860_6_2_ENVIROEQUIP,SULFUR_DIOXIDE_CONTROL_EXISTING_STRATEGY_3,TEXT,4429
LIBRARY_RAW,LANDING,FED_EIA860_6_2_ENVIROEQUIP,SULFUR_DIOXIDE_CONTROL_PROPOSED_STRATEGY_1,TEXT,4429
LIBRARY_RAW,LANDING,FED_EIA860_6_2_ENVIROEQUIP,SULFUR_DIOXIDE_CONTROL_PROPOSED_STRATEGY_2,TEXT,4429
LIBRARY_RAW,LANDING,FED_EIA860_6_2_ENVIROEQUIP,SULFUR_DIOXIDE_CONTROL_PROPOSED_STRATEGY_3,TEXT,4429
LIBRARY_RAW,LANDING,FED_EIA861_MERGERS,ENERGY_HARBOR_GENERATION_LLC,TEXT,4
LIBRARY_RAW,LANDING,FED_EIA861_UTILITY_DATA,GENERATION,TEXT,1701
LIBRARY_RAW,LANDING,FED_EPA_ECHO,FAC_PERCENT_MINORITY,TEXT,3157891
LIBRARY_RAW,LANDING,FED_EPA_EGRID_PLANT_2022,CHP_PLANT_POWER_TO_HEAT_RATIO,TEXT,11974
LIBRARY_RAW,LANDING,FED_EPA_EGRID_PLANT_2022,FLAG_INDICATING_IF_THE_PLANT_BURNED_OR_GENERATED_ANY_AMOUNT_OF_COAL,TEXT,11974
LIBRARY_RAW,LANDING,FED_EPA_EGRID_PLANT_2022,PLANT_ANNUAL_BIOMASS_NET_GENERATION_MWH,TEXT,11974
LIBRARY_RAW,LANDING,FED_EPA_EGRID_PLANT_2022,PLANT_ANNUAL_CH4_COMBUSTION_OUTPUT_EMISSION_RATE_LB_MWH,TEXT,11974
LIBRARY_RAW,LANDING,FED_EPA_EGRID_PLANT_2022,PLANT_ANNUAL_CH4_INPUT_EMISSION_RATE_LB_MMBTU,TEXT,11974
LIBRARY_RAW,LANDING,FED_EPA_EGRID_PLANT_2022,PLANT_ANNUAL_CH4_TOTAL_OUTPUT_EMISSION_RATE_LB_MWH,TEXT,11974
LIBRARY_RAW,LANDING,FED_EPA_EGRID_PLANT_2022,PLANT_ANNUAL_CO2_COMBUSTION_OUTPUT_EMISSION_RATE_LB_MWH,TEXT,11974
LIBRARY_RAW,LANDING,FED_EPA_EGRID_PLANT_2022,PLANT_ANNUAL_CO2_EQUIVALENT_COMBUSTION_OUTPUT_EMISSION_RATE_LB_MWH,TEXT,11974
LIBRARY_RAW,LANDING,FED_EPA_EGRID_PLANT_2022,PLANT_ANNUAL_CO2_EQUIVALENT_INPUT_EMISSION_RATE_LB_MMBTU,TEXT,11974
LIBRARY_RAW,LANDING,FED_EPA_EGRID_PLANT_2022,PLANT_ANNUAL_CO2_EQUIVALENT_TOTAL_OUTPUT_EMISSION_RATE_LB_MWH,TEXT,11974
LIBRARY_RAW,LANDING,FED_EPA_EGRID_PLANT_2022,PLANT_ANNUAL_CO2_INPUT_EMISSION_RATE_LB_MMBTU,TEXT,11974
LIBRARY_RAW,LANDING,FED_EPA_EGRID_PLANT_2022,PLANT_ANNUAL_CO2_TOTAL_OUTPUT_EMISSION_RATE_LB_MWH,TEXT,11974
LIBRARY_RAW,LANDING,FED_EPA_EGRID_PLANT_2022,PLANT_ANNUAL_COAL_NET_GENERATION_MWH,TEXT,11974
LIBRARY_RAW,LANDING,FED_EPA_EGRID_PLANT_2022,PLANT_ANNUAL_GAS_NET_GENERATION_MWH,TEXT,11974
LIBRARY_RAW,LANDING,FED_EPA_EGRID_PLANT_2022,PLANT_ANNUAL_GEOTHERMAL_NET_GENERATION_MWH,TEXT,11974
LIBRARY_RAW,LANDING,FED_EPA_EGRID_PLANT_2022,PLANT_ANNUAL_HG_COMBUSTION_OUTPUT_EMISSION_RATE_LB_MWH,TEXT,11974
LIBRARY_RAW,LANDING,FED_EPA_EGRID_PLANT_2022,PLANT_ANNUAL_HG_INPUT_EMISSION_RATE_LB_MMBTU,TEXT,11974
LIBRARY_RAW,LANDING,FED_EPA_EGRID_PLANT_2022,PLANT_ANNUAL_HG_TOTAL_OUTPUT_EMISSION_RATE_LB_MWH,TEXT,11974
LIBRARY_RAW,LANDING,FED_EPA_EGRID_PLANT_2022,PLANT_ANNUAL_HYDRO_NET_GENERATION_MWH,TEXT,11974
LIBRARY_RAW,LANDING,FED_EPA_EGRID_PLANT_2022,PLANT_ANNUAL_N2O_COMBUSTION_OUTPUT_EMISSION_RATE_LB_MWH,TEXT,11974
LIBRARY_RAW,LANDING,FED_EPA_EGRID_PLANT_2022,PLANT_ANNUAL_N2O_INPUT_EMISSION_RATE_LB_MMBTU,TEXT,11974
LIBRARY_RAW,LANDING,FED_EPA_EGRID_PLANT_2022,PLANT_ANNUAL_N2O_TOTAL_OUTPUT_EMISSION_RATE_LB_MWH,TEXT,11974
LIBRARY_RAW,LANDING,FED_EPA_EGRID_PLANT_2022,PLANT_ANNUAL_NET_GENERATION_MWH,TEXT,11974
LIBRARY_RAW,LANDING,FED_EPA_EGRID_PLANT_2022,PLANT_ANNUAL_NOX_COMBUSTION_OUTPUT_EMISSION_RATE_LB_MWH,TEXT,11974
LIBRARY_RAW,LANDING,FED_EPA_EGRID_PLANT_2022,PLANT_ANNUAL_NOX_INPUT_EMISSION_RATE_LB_MMBTU,TEXT,11974
LIBRARY_RAW,LANDING,FED_EPA_EGRID_PLANT_2022,PLANT_ANNUAL_NOX_TOTAL_OUTPUT_EMISSION_RATE_LB_MWH,TEXT,11974
LIBRARY_RAW,LANDING,FED_EPA_EGRID_PLANT_2022,PLANT_ANNUAL_NUCLEAR_NET_GENERATION_MWH,TEXT,11974
LIBRARY_RAW,LANDING,FED_EPA_EGRID_PLANT_2022,PLANT_ANNUAL_OIL_NET_GENERATION_MWH,TEXT,11974
LIBRARY_RAW,LANDING,FED_EPA_EGRID_PLANT_2022,PLANT_ANNUAL_OTHER_FOSSIL_NET_GENERATION_MWH,TEXT,11974
LIBRARY_RAW,LANDING,FED_EPA_EGRID_PLANT_2022,PLANT_ANNUAL_OTHER_UNKNOWN_PURCHASED_FUEL_NET_GENERATION_MWH,TEXT,11974
LIBRARY_RAW,LANDING,FED_EPA_EGRID_PLANT_2022,PLANT_ANNUAL_SO2_COMBUSTION_OUTPUT_EMISSION_RATE_LB_MWH,TEXT,11974
LIBRARY_RAW,LANDING,FED_EPA_EGRID_PLANT_2022,PLANT_ANNUAL_SO2_INPUT_EMISSION_RATE_LB_MMBTU,TEXT,11974
LIBRARY_RAW,LANDING,FED_EPA_EGRID_PLANT_2022,PLANT_ANNUAL_SO2_TOTAL_OUTPUT_EMISSION_RATE_LB_MWH,TEXT,11974
LIBRARY_RAW,LANDING,FED_EPA_EGRID_PLANT_2022,PLANT_ANNUAL_SOLAR_NET_GENERATION_MWH,TEXT,11974
LIBRARY_RAW,LANDING,FED_EPA_EGRID_PLANT_2022,PLANT_ANNUAL_TOTAL_COMBUSTION_NET_GENERATION_MWH,TEXT,11974
LIBRARY_RAW,LANDING,FED_EPA_EGRID_PLANT_2022,PLANT_ANNUAL_TOTAL_NONCOMBUSTION_NET_GENERATION_MWH,TEXT,11974
LIBRARY_RAW,LANDING,FED_EPA_EGRID_PLANT_2022,PLANT_ANNUAL_TOTAL_NONHYDRO_RENEWABLES_NET_GENERATION_MWH,TEXT,11974
LIBRARY_RAW,LANDING,FED_EPA_EGRID_PLANT_2022,PLANT_ANNUAL_TOTAL_NONRENEWABLES_NET_GENERATION_MWH,TEXT,11974
LIBRARY_RAW,LANDING,FED_EPA_EGRID_PLANT_2022,PLANT_ANNUAL_TOTAL_RENEWABLES_NET_GENERATION_MWH,TEXT,11974
LIBRARY_RAW,LANDING,FED_EPA_EGRID_PLANT_2022,PLANT_ANNUAL_WIND_NET_GENERATION_MWH,TEXT,11974
LIBRARY_RAW,LANDING,FED_EPA_EGRID_PLANT_2022,PLANT_BIOMASS_GENERATION_PERCENT_RESOURCE_MIX,TEXT,11974
LIBRARY_RAW,LANDING,FED_EPA_EGRID_PLANT_2022,PLANT_COAL_GENERATION_PERCENT_RESOURCE_MIX,TEXT,11974
LIBRARY_RAW,LANDING,FED_EPA_EGRID_PLANT_2022,PLANT_GAS_GENERATION_PERCENT_RESOURCE_MIX,TEXT,11974
LIBRARY_RAW,LANDING,FED_EPA_EGRID_PLANT_2022,PLANT_GEOTHERMAL_GENERATION_PERCENT_RESOURCE_MIX,TEXT,11974
LIBRARY_RAW,LANDING,FED_EPA_EGRID_PLANT_2022,PLANT_HYDRO_GENERATION_PERCENT_RESOURCE_MIX,TEXT,11974
LIBRARY_RAW,LANDING,FED_EPA_EGRID_PLANT_2022,PLANT_NOMINAL_HEAT_RATE_BTU_KWH,TEXT,11974
LIBRARY_RAW,LANDING,FED_EPA_EGRID_PLANT_2022,PLANT_NUCLEAR_GENERATION_PERCENT_RESOURCE_MIX,TEXT,11974
LIBRARY_RAW,LANDING,FED_EPA_EGRID_PLANT_2022,PLANT_OIL_GENERATION_PERCENT_RESOURCE_MIX,TEXT,11974
LIBRARY_RAW,LANDING,FED_EPA_EGRID_PLANT_2022,PLANT_OTHER_FOSSIL_GENERATION_PERCENT_RESOURCE_MIX,TEXT,11974
LIBRARY_RAW,LANDING,FED_EPA_EGRID_PLANT_2022,PLANT_OTHER_UNKNOWN_PURCHASED_FUEL_GENERATION_PERCENT_RESOURCE_MIX,TEXT,11974
LIBRARY_RAW,LANDING,FED_EPA_EGRID_PLANT_2022,PLANT_OZONE_SEASON_NET_GENERATION_MWH,TEXT,11974
LIBRARY_RAW,LANDING,FED_EPA_EGRID_PLANT_2022,PLANT_OZONE_SEASON_NOX_COMBUSTION_OUTPUT_EMISSION_RATE_LB_MWH,TEXT,11974
LIBRARY_RAW,LANDING,FED_EPA_EGRID_PLANT_2022,PLANT_OZONE_SEASON_NOX_INPUT_EMISSION_RATE_LB_MMBTU,TEXT,11974
LIBRARY_RAW,LANDING,FED_EPA_EGRID_PLANT_2022,PLANT_OZONE_SEASON_NOX_TOTAL_OUTPUT_EMISSION_RATE_LB_MWH,TEXT,11974
LIBRARY_RAW,LANDING,FED_EPA_EGRID_PLANT_2022,PLANT_SOLAR_GENERATION_PERCENT_RESOURCE_MIX,TEXT,11974
LIBRARY_RAW,LANDING,FED_EPA_EGRID_PLANT_2022,PLANT_TOTAL_COMBUSTION_GENERATION_PERCENT_RESOURCE_MIX,TEXT,11974
LIBRARY_RAW,LANDING,FED_EPA_EGRID_PLANT_2022,PLANT_TOTAL_NONCOMBUSTION_GENERATION_PERCENT_RESOURCE_MIX,TEXT,11974
LIBRARY_RAW,LANDING,FED_EPA_EGRID_PLANT_2022,PLANT_TOTAL_NONHYDRO_RENEWABLES_GENERATION_PERCENT_RESOURCE_MIX,TEXT,11974
LIBRARY_RAW,LANDING,FED_EPA_EGRID_PLANT_2022,PLANT_TOTAL_NONRENEWABLES_GENERATION_PERCENT_RESOURCE_MIX,TEXT,11974
LIBRARY_RAW,LANDING,FED_EPA_EGRID_PLANT_2022,PLANT_TOTAL_RENEWABLES_GENERATION_PERCENT_RESOURCE_MIX,TEXT,11974
LIBRARY_RAW,LANDING,FED_EPA_EGRID_PLANT_2022,PLANT_WIND_GENERATION_PERCENT_RESOURCE_MIX,TEXT,11974
LIBRARY_RAW,LANDING,FED_EPA_SDWA_SDWA_FACILITIES,FILTRATION_STATUS_CODE,TEXT,1554832
LIBRARY_RAW,LANDING,FED_EPA_SDWA_SDWA_PN_VIOLATION_ASSOC,COMPL_PER_BEGIN_DATE,TEXT,387627
LIBRARY_RAW,LANDING,FED_EPA_SDWA_SDWA_PN_VIOLATION_ASSOC,COMPL_PER_END_DATE,TEXT,387627
LIBRARY_RAW,LANDING,FED_EPA_SDWA_SDWA_PN_VIOLATION_ASSOC,NON_COMPL_PER_BEGIN_DATE,TEXT,387627
LIBRARY_RAW,LANDING,FED_EPA_SDWA_SDWA_PN_VIOLATION_ASSOC,NON_COMPL_PER_END_DATE,TEXT,387627
LIBRARY_RAW,LANDING,FED_EPA_SDWA_SDWA_VIOLATIONS_ENFORCEMENT,COMPL_PER_BEGIN_DATE,TEXT,15432737
LIBRARY_RAW,LANDING,FED_EPA_SDWA_SDWA_VIOLATIONS_ENFORCEMENT,COMPL_PER_END_DATE,TEXT,15432737
LIBRARY_RAW,LANDING,FED_EPA_SDWA_SDWA_VIOLATIONS_ENFORCEMENT,NON_COMPL_PER_BEGIN_DATE,TEXT,15432737
LIBRARY_RAW,LANDING,FED_EPA_SDWA_SDWA_VIOLATIONS_ENFORCEMENT,NON_COMPL_PER_END_DATE,TEXT,15432737
LIBRARY_RAW,LANDING,FED_EPA_TRI_BASIC_2023,C_121_PROD_RATIO_OR__ACTIVITY,TEXT,78647
LIBRARY_RAW,LANDING,FED_EPA_TRI_BASIC_2023,C_122_8_9_PRODUCTION_RATIO,TEXT,78647
LIBRARY_RAW,LANDING,FED_FAA_AIRCRAFT_REGISTRY,EXPIRATION_DATE,TEXT,315447
LIBRARY_RAW,LANDING,FED_FAA_REGISTRY,EXPIRATION_DATE,TEXT,314417
LIBRARY_RAW,LANDING,FED_FARA,REGISTRATION_DATE,TEXT,30
LIBRARY_RAW,LANDING,FED_FARA,REGISTRATION_NUMBER,TEXT,30
LIBRARY_RAW,LANDING,FED_FARA_BULK,FOREIGN_PRINCIPAL_REGISTRATION_DATE,TEXT,221900
LIBRARY_RAW,LANDING,FED_FARA_BULK,REGISTRATION_DATE,TEXT,221900
LIBRARY_RAW,LANDING,FED_FARA_BULK,REGISTRATION_NUMBER,TEXT,221900
LIBRARY_RAW,LANDING,FED_FBI_CDE,RATE_PER_100K,TEXT,477360
LIBRARY_RAW,LANDING,FED_FEMA_IA_HOUSING_REGISTRATIONS,DECLARATIONDATE,TEXT,21730000
LIBRARY_RAW,LANDING,FED_FEMA_IA_HOUSING_REGISTRATIONS,REGISTRATIONMETHOD,TEXT,21730000
LIBRARY_RAW,LANDING,FED_FEMA_NFIP_COMMUNITY_STATUS_BOOK,INITIALFLOODINSURANCERATEMAP,TEXT,25122
LIBRARY_RAW,LANDING,FED_FEMA_NFIP_COMMUNITY_STATUS_BOOK_FULL_R2,INITIALFLOODINSURANCERATEMAP,TEXT,25125
LIBRARY_RAW,LANDING,FED_FHFA_HPI,INDEX_NSA,TEXT,184807
LIBRARY_RAW,LANDING,FED_FHFA_HPI,INDEX_SA,TEXT,184807
LIBRARY_RAW,LANDING,FED_FINCEN_BOI,US_REGISTRATION_DATE,TEXT,1
LIBRARY_RAW,LANDING,FED_FINCEN_BOI,US_REGISTRATION_STATE,TEXT,1
LIBRARY_RAW,LANDING,FED_FJC_IDB_BANKRUPTCY,AVGMNTHE,TEXT,6965441
LIBRARY_RAW,LANDING,FED_FJC_IDB_BANKRUPTCY,AVGMNTHI,TEXT,6965441
LIBRARY_RAW,LANDING,FED_FRACFOCUS_REGISTRY,PERCENTHFJOB,TEXT,7200550
LIBRARY_RAW,LANDING,FED_FRACFOCUS_REGISTRY,PERCENTHIGHADDITIVE,TEXT,7200550
LIBRARY_RAW,LANDING,FED_FRACFOCUS_WATER_SOURCE,PERCENT,TEXT,23747
LIBRARY_RAW,LANDING,FED_FRA_EQUIPMENT_ACCIDENTS,METHOD_OF_OPERATION,TEXT,224941
LIBRARY_RAW,LANDING,FED_FRA_EQUIPMENT_ACCIDENTS,METHOD_OF_OPERATION_CODE,TEXT,224941
LIBRARY_RAW,LANDING,FED_FRA_EQUIPMENT_ACCIDENTS,TRACK_DENSITY,TEXT,224941
LIBRARY_RAW,LANDING,FED_HRSA_HPSA_PRIMARY_CARE,HPSA_FORMAL_RATIO,TEXT,79158
LIBRARY_RAW,LANDING,FED_HRSA_HPSA_PRIMARY_CARE,HPSA_PROVIDER_RATIO_GOAL,TEXT,79158
LIBRARY_RAW,LANDING,FED_HRSA_HPSA_PRIMARY_CARE,HPSA_SCORE,TEXT,79158
LIBRARY_RAW,LANDING,FED_HRSA_HPSA_PRIMARY_CARE,PC_MCTA_SCORE,TEXT,79158
LIBRARY_RAW,LANDING,FED_HRSA_NPDB,NPCTMRPT,TEXT,1911185
LIBRARY_RAW,LANDING,FED_HRSA_SHORTAGE_AREAS,HPSA_FORMAL_RATIO,TEXT,165531
LIBRARY_RAW,LANDING,FED_HRSA_SHORTAGE_AREAS,HPSA_PROVIDER_RATIO_GOAL,TEXT,165531
LIBRARY_RAW,LANDING,FED_HRSA_SHORTAGE_AREAS,HPSA_SCORE,TEXT,165531
LIBRARY_RAW,LANDING,FED_HRSA_SHORTAGE_AREAS,PC_MCTA_SCORE,TEXT,165531
LIBRARY_RAW,LANDING,FED_HRSA_UDS_SERVICE_DELIVERY_SITES,HEALTH_CENTER_OPERATIONAL_SCHEDULE_DESCRIPTION,TEXT,19038
LIBRARY_RAW,LANDING,FED_HRSA_UDS_SERVICE_DELIVERY_SITES,OPERATING_HOURS_PER_WEEK,TEXT,19038
LIBRARY_RAW,LANDING,FED_HUD_ASSISTED_HOUSING_PROJECTS,PCT_0CHLDRN,TEXT,35601
LIBRARY_RAW,LANDING,FED_HUD_ASSISTED_HOUSING_PROJECTS,PCT_10K_LT15K,TEXT,35601
LIBRARY_RAW,LANDING,FED_HUD_ASSISTED_HOUSING_PROJECTS,PCT_15K_LT20K,TEXT,35601
LIBRARY_RAW,LANDING,FED_HUD_ASSISTED_HOUSING_PROJECTS,PCT_1ADULT,TEXT,35601
LIBRARY_RAW,LANDING,FED_HUD_ASSISTED_HOUSING_PROJECTS,PCT_20K_LT25K,TEXT,35601
LIBRARY_RAW,LANDING,FED_HUD_ASSISTED_HOUSING_PROJECTS,PCT_25K_LT30K,TEXT,35601
LIBRARY_RAW,LANDING,FED_HUD_ASSISTED_HOUSING_PROJECTS,PCT_2ADULTS,TEXT,35601
LIBRARY_RAW,LANDING,FED_HUD_ASSISTED_HOUSING_PROJECTS,PCT_30K_LT40K,TEXT,35601
LIBRARY_RAW,LANDING,FED_HUD_ASSISTED_HOUSING_PROJECTS,PCT_5K_LT10K,TEXT,35601
LIBRARY_RAW,LANDING,FED_HUD_ASSISTED_HOUSING_PROJECTS,PCT_AGE25_50,TEXT,35601
LIBRARY_RAW,LANDING,FED_HUD_ASSISTED_HOUSING_PROJECTS,PCT_AGE51_61,TEXT,35601
LIBRARY_RAW,LANDING,FED_HUD_ASSISTED_HOUSING_PROJECTS,PCT_AGE62PLUS,TEXT,35601
LIBRARY_RAW,LANDING,FED_HUD_ASSISTED_HOUSING_PROJECTS,PCT_AGE85PLUS,TEXT,35601
LIBRARY_RAW,LANDING,FED_HUD_ASSISTED_HOUSING_PROJECTS,PCT_ASIAN_PACIFIC_NONHSP,TEXT,35601
LIBRARY_RAW,LANDING,FED_HUD_ASSISTED_HOUSING_PROJECTS,PCT_BED1,TEXT,35601
LIBRARY_RAW,LANDING,FED_HUD_ASSISTED_HOUSING_PROJECTS,PCT_BED2,TEXT,35601
LIBRARY_RAW,LANDING,FED_HUD_ASSISTED_HOUSING_PROJECTS,PCT_BED3,TEXT,35601
LIBRARY_RAW,LANDING,FED_HUD_ASSISTED_HOUSING_PROJECTS,PCT_BLACK_HSP,TEXT,35601
LIBRARY_RAW,LANDING,FED_HUD_ASSISTED_HOUSING_PROJECTS,PCT_BLACK_NONHSP,TEXT,35601
LIBRARY_RAW,LANDING,FED_HUD_ASSISTED_HOUSING_PROJECTS,PCT_CHLDRN0_5,TEXT,35601
LIBRARY_RAW,LANDING,FED_HUD_ASSISTED_HOUSING_PROJECTS,PCT_CHLDRN13_17,TEXT,35601
LIBRARY_RAW,LANDING,FED_HUD_ASSISTED_HOUSING_PROJECTS,PCT_CHLDRN6_12,TEXT,35601
LIBRARY_RAW,LANDING,FED_HUD_ASSISTED_HOUSING_PROJECTS,PCT_DISABLED_ALL,TEXT,35601
LIBRARY_RAW,LANDING,FED_HUD_ASSISTED_HOUSING_PROJECTS,PCT_DISABLED_GE62,TEXT,35601
LIBRARY_RAW,LANDING,FED_HUD_ASSISTED_HOUSING_PROJECTS,PCT_DISABLED_HEAD,TEXT,35601
LIBRARY_RAW,LANDING,FED_HUD_ASSISTED_HOUSING_PROJECTS,PCT_DISABLED_LT62,TEXT,35601
LIBRARY_RAW,LANDING,FED_HUD_ASSISTED_HOUSING_PROJECTS,PCT_DISABLED_MBR,TEXT,35601
LIBRARY_RAW,LANDING,FED_HUD_ASSISTED_HOUSING_PROJECTS,PCT_FEMALE_HEAD,TEXT,35601
LIBRARY_RAW,LANDING,FED_HUD_ASSISTED_HOUSING_PROJECTS,PCT_FEMALE_HEAD_CHILD,TEXT,35601
LIBRARY_RAW,LANDING,FED_HUD_ASSISTED_HOUSING_PROJECTS,PCT_FEMALE_HEAD_CHILD0_5,TEXT,35601
LIBRARY_RAW,LANDING,FED_HUD_ASSISTED_HOUSING_PROJECTS,PCT_GE40K,TEXT,35601
LIBRARY_RAW,LANDING,FED_HUD_ASSISTED_HOUSING_PROJECTS,PCT_HISPANIC,TEXT,35601
LIBRARY_RAW,LANDING,FED_HUD_ASSISTED_HOUSING_PROJECTS,PCT_LT24_HEAD,TEXT,35601
LIBRARY_RAW,LANDING,FED_HUD_ASSISTED_HOUSING_PROJECTS,PCT_LT30_MEDIAN,TEXT,35601
LIBRARY_RAW,LANDING,FED_HUD_ASSISTED_HOUSING_PROJECTS,PCT_LT50_MEDIAN,TEXT,35601
LIBRARY_RAW,LANDING,FED_HUD_ASSISTED_HOUSING_PROJECTS,PCT_LT5K,TEXT,35601
LIBRARY_RAW,LANDING,FED_HUD_ASSISTED_HOUSING_PROJECTS,PCT_LT62_HEAD,TEXT,35601
LIBRARY_RAW,LANDING,FED_HUD_ASSISTED_HOUSING_PROJECTS,PCT_LT80_MEDIAN,TEXT,35601
LIBRARY_RAW,LANDING,FED_HUD_ASSISTED_HOUSING_PROJECTS,PCT_MEDIAN,TEXT,35601
LIBRARY_RAW,LANDING,FED_HUD_ASSISTED_HOUSING_PROJECTS,PCT_MINORITY,TEXT,35601
LIBRARY_RAW,LANDING,FED_HUD_ASSISTED_HOUSING_PROJECTS,PCT_MOVEIN,TEXT,35601
LIBRARY_RAW,LANDING,FED_HUD_ASSISTED_HOUSING_PROJECTS,PCT_MULTI,TEXT,35601
LIBRARY_RAW,LANDING,FED_HUD_ASSISTED_HOUSING_PROJECTS,PCT_NATIVE_AMERICAN_NONHSP,TEXT,35601
LIBRARY_RAW,LANDING,FED_HUD_ASSISTED_HOUSING_PROJECTS,PCT_NOINCOME,TEXT,35601
LIBRARY_RAW,LANDING,FED_HUD_ASSISTED_HOUSING_PROJECTS,PCT_OCCUPIED,TEXT,35601
LIBRARY_RAW,LANDING,FED_HUD_ASSISTED_HOUSING_PROJECTS,PCT_OTHER_MAJOR,TEXT,35601
LIBRARY_RAW,LANDING,FED_HUD_ASSISTED_HOUSING_PROJECTS,PCT_OTH_HSP,TEXT,35601
LIBRARY_RAW,LANDING,FED_HUD_ASSISTED_HOUSING_PROJECTS,PCT_OVERHOUSED,TEXT,35601
LIBRARY_RAW,LANDING,FED_HUD_ASSISTED_HOUSING_PROJECTS,PCT_REPORTED,TEXT,35601
LIBRARY_RAW,LANDING,FED_HUD_ASSISTED_HOUSING_PROJECTS,PCT_UTILITY_ALLOW,TEXT,35601
LIBRARY_RAW,LANDING,FED_HUD_ASSISTED_HOUSING_PROJECTS,PCT_WAGE_MAJOR,TEXT,35601
LIBRARY_RAW,LANDING,FED_HUD_ASSISTED_HOUSING_PROJECTS,PCT_WELFARE_MAJOR,TEXT,35601
LIBRARY_RAW,LANDING,FED_HUD_ASSISTED_HOUSING_PROJECTS,PCT_WHITE_NOTHSP,TEXT,35601
LIBRARY_RAW,LANDING,FED_HUD_ASSISTED_HOUSING_PROJECTS,PCT_WHT_HSP,TEXT,35601
LIBRARY_RAW,LANDING,FED_HUD_ASSISTED_HOUSING_PROJECTS,PEOPLE_PER_UNIT,TEXT,35601
LIBRARY_RAW,LANDING,FED_HUD_ASSISTED_HOUSING_PROJECTS,RENT_PER_MONTH,TEXT,35601
LIBRARY_RAW,LANDING,FED_HUD_ASSISTED_HOUSING_PROJECTS,SPENDING_PER_MONTH,TEXT,35601
LIBRARY_RAW,LANDING,FED_HUD_ASSISTED_HOUSING_PROJECTS,TPCT_OWNSFD,TEXT,35601
LIBRARY_RAW,LANDING,FED_HUD_FHA_SF_PORTFOLIO_SNAPSHOT,INTEREST_RATE,TEXT,61647
LIBRARY_RAW,LANDING,FED_HUD_MF_SECTION8_CONTRACTS,RENT_TO_FMR_RATIO,TEXT,24309
LIBRARY_RAW,LANDING,FED_HUD_MF_SECTION8_CONTRACTS,TRACS_CURRENT_EXPIRATION_DATE,TEXT,24309
LIBRARY_RAW,LANDING,FED_HUD_MF_SECTION8_CONTRACTS,TRACS_OVERALL_EXPIRATION_DATE,TEXT,24309
LIBRARY_RAW,LANDING,FED_HUD_PUBLIC_HOUSING_AUTHORITIES,MEDIAN_INC_AMNT,TEXT,3787
LIBRARY_RAW,LANDING,FED_HUD_PUBLIC_HOUSING_AUTHORITIES,PCT_DISABLED_LT62_ALL,TEXT,3787
LIBRARY_RAW,LANDING,FED_HUD_PUBLIC_HOUSING_AUTHORITIES,PCT_LT80_MEDIAN,TEXT,3787
LIBRARY_RAW,LANDING,FED_HUD_PUBLIC_HOUSING_AUTHORITIES,PCT_OCCUPIED,TEXT,3787
LIBRARY_RAW,LANDING,FED_HUD_PUBLIC_HOUSING_AUTHORITIES,PCT_REPORTED,TEXT,3787
LIBRARY_RAW,LANDING,FED_HUD_PUBLIC_HOUSING_AUTHORITIES,SPENDING_PER_MONTH,TEXT,3787
LIBRARY_RAW,LANDING,FED_HUD_PUBLIC_HOUSING_AUTHORITIES,SPENDING_PER_MONTH_PREV_YR,TEXT,3787
LIBRARY_RAW,LANDING,FED_ICE_DETAINERS,IMMIGRATION_FRAUD_YES_NO,TEXT,609769
LIBRARY_RAW,LANDING,FED_ICE_DETAINERS,VIOLENT_MISDEMEANOR_YES_NO,TEXT,609769
LIBRARY_RAW,LANDING,FED_ICIJ_OFFSHORELEAKS_ENTITIES,INCORPORATION_DATE,TEXT,814344
LIBRARY_RAW,LANDING,FED_ICIJ_OFFSHORELEAKS_OTHERS,INCORPORATION_DATE,TEXT,2989
LIBRARY_RAW,LANDING,FED_MSHA_MINES,AVG_MINE_HEIGHT,TEXT,91906
LIBRARY_RAW,LANDING,FED_MSHA_MINES,DAYS_PER_WEEK,TEXT,91906
LIBRARY_RAW,LANDING,FED_MSHA_MINES,HOURS_PER_SHIFT,TEXT,91906
LIBRARY_RAW,LANDING,FED_MSHA_MINES,MAINT_SHIFTS_PER_DAY,TEXT,91906
LIBRARY_RAW,LANDING,FED_MSHA_MINES,METHANE_LIBERATION,TEXT,91906
LIBRARY_RAW,LANDING,FED_MSHA_MINES,PORTABLE_OPERATION,TEXT,91906
LIBRARY_RAW,LANDING,FED_MSHA_MINES,PROD_SHIFTS_PER_DAY,TEXT,91906
LIBRARY_RAW,LANDING,FED_MSHA_VIOLATIONS,ASMT_GENERATED_IND,TEXT,3087266
LIBRARY_RAW,LANDING,FED_NAAG_MULTISTATE_SETTLEMENTS,CORPORATEHEADQUARTERS,TEXT,882
LIBRARY_RAW,LANDING,FED_NAAG_MULTISTATE_SETTLEMENTS,CORPORATE_MONITOR_PROVISION,TEXT,882
LIBRARY_RAW,LANDING,FED_NAAG_MULTISTATE_SETTLEMENTS,PRESIDENTIALADMINISTRATION,TEXT,882
LIBRARY_RAW,LANDING,FED_NCUA_FEDERALLY_INSURED_CU_LIST,LOAN_TO_SHARE_RATIO,TEXT,4250
LIBRARY_RAW,LANDING,FED_NCUA_FEDERALLY_INSURED_CU_LIST,NET_WORTH_RATIO_EXCLUDES_CECL_TRANSITION_PROVISION,TEXT,4250
LIBRARY_RAW,LANDING,FED_NID_DAMS,FEDERAL_AGENCY_INVOLVEMENT_OPERATION,TEXT,92766
LIBRARY_RAW,LANDING,FED_NID_DAMS,OPERATIONAL_STATUS,TEXT,92766
LIBRARY_RAW,LANDING,FED_NID_DAMS,OPERATIONAL_STATUS_DATE,TEXT,92766
LIBRARY_RAW,LANDING,FED_NTSB_AVIATION_AIRCRAFT,OPER_ADDR_SAME,TEXT,31503
LIBRARY_RAW,LANDING,FED_NTSB_AVIATION_AIRCRAFT,OPER_CERT,TEXT,31503
LIBRARY_RAW,LANDING,FED_NTSB_AVIATION_AIRCRAFT,OPER_CERT_NUM,TEXT,31503
LIBRARY_RAW,LANDING,FED_NTSB_AVIATION_AIRCRAFT,OPER_CITY,TEXT,31503
LIBRARY_RAW,LANDING,FED_NTSB_AVIATION_AIRCRAFT,OPER_CODE,TEXT,31503
LIBRARY_RAW,LANDING,FED_NTSB_AVIATION_AIRCRAFT,OPER_COUNTRY,TEXT,31503
LIBRARY_RAW,LANDING,FED_NTSB_AVIATION_AIRCRAFT,OPER_DBA,TEXT,31503
LIBRARY_RAW,LANDING,FED_NTSB_AVIATION_AIRCRAFT,OPER_DOM_INT,TEXT,31503
LIBRARY_RAW,LANDING,FED_NTSB_AVIATION_AIRCRAFT,OPER_INDIVIDUAL_NAME,TEXT,31503
LIBRARY_RAW,LANDING,FED_NTSB_AVIATION_AIRCRAFT,OPER_NAME,TEXT,31503
LIBRARY_RAW,LANDING,FED_NTSB_AVIATION_AIRCRAFT,OPER_PAX_CARGO,TEXT,31503
LIBRARY_RAW,LANDING,FED_NTSB_AVIATION_AIRCRAFT,OPER_SAME,TEXT,31503
LIBRARY_RAW,LANDING,FED_NTSB_AVIATION_AIRCRAFT,OPER_SCHED,TEXT,31503
LIBRARY_RAW,LANDING,FED_NTSB_AVIATION_AIRCRAFT,OPER_STATE,TEXT,31503
LIBRARY_RAW,LANDING,FED_NTSB_AVIATION_AIRCRAFT,OPER_STREET,TEXT,31503
LIBRARY_RAW,LANDING,FED_NTSB_AVIATION_AIRCRAFT,OPER_ZIP,TEXT,31503
LIBRARY_RAW,LANDING,FED_NURSINGHOME411,AVERAGE_NUMBER_OF_RESIDENTS_PER_DAY,TEXT,14713
LIBRARY_RAW,LANDING,FED_NURSINGHOME411,DEVIATION_FROM_EXPECTED_TOTAL_NURSE_HOURS_PER_RESIDENT_PER_DAY,TEXT,14713
LIBRARY_RAW,LANDING,FED_NURSINGHOME411,EXPECTED_NURSE_AIDE_STAFFING_HOURS_PER_RESIDENT_DAY,TEXT,14713
LIBRARY_RAW,LANDING,FED_NURSINGHOME411,EXPECTED_RN_STAFFING_HOURS_PER_RESIDENT_PER_DAY,TEXT,14713
LIBRARY_RAW,LANDING,FED_NURSINGHOME411,EXPECTED_TOTAL_NURSE_STAFFING_HOURS_PER_RESIDENT_DAY,TEXT,14713
LIBRARY_RAW,LANDING,FED_NURSINGHOME411,NURSING_CASE_MIX_INDEX,TEXT,14713
LIBRARY_RAW,LANDING,FED_NURSINGHOME411,NURSING_CASE_MIX_INDEX_RATIO,TEXT,14713
LIBRARY_RAW,LANDING,FED_NURSINGHOME411,REGISTERED_NURSE_HOURS_PER_RESIDENT_PER_DAY_ON_THE_WEEKEND,TEXT,14713
LIBRARY_RAW,LANDING,FED_NURSINGHOME411,REPORTED_LICENSED_STAFFING_HOURS_PER_RESIDENT_PER_DAY,TEXT,14713
LIBRARY_RAW,LANDING,FED_NURSINGHOME411,REPORTED_LPN_STAFFING_HOURS_PER_RESIDENT_PER_DAY,TEXT,14713
LIBRARY_RAW,LANDING,FED_NURSINGHOME411,REPORTED_NURSE_AIDE_STAFFING_HOURS_PER_RESIDENT_PER_DAY,TEXT,14713
LIBRARY_RAW,LANDING,FED_NURSINGHOME411,REPORTED_PHYSICAL_THERAPIST_STAFFING_HOURS_PER_RESIDENT_PER_DAY,TEXT,14713
LIBRARY_RAW,LANDING,FED_NURSINGHOME411,REPORTED_RN_STAFFING_HOURS_PER_RESIDENT_PER_DAY,TEXT,14713
LIBRARY_RAW,LANDING,FED_NURSINGHOME411,REPORTED_TOTAL_NURSE_STAFFING_HOURS_PER_RESIDENT_PER_DAY,TEXT,14713
LIBRARY_RAW,LANDING,FED_NURSINGHOME411,TOTAL_NUMBER_OF_NURSE_STAFF_HOURS_PER_RESIDENT_PER_DAY_ON_THE_WEEKEND,TEXT,14713
LIBRARY_RAW,LANDING,FED_PCAOB_FORM_AP_FILINGS,AUDIT_NOT_DIVIDED_PERCENT_INFORMATION,TEXT,155384
LIBRARY_RAW,LANDING,FED_PCAOB_FORM_AP_FILINGS,PARTICIPANT_PERCENTAGE,TEXT,155384
LIBRARY_RAW,LANDING,FED_PHMSA_FLAGGED_INCIDENTS,ADDITIONAL_IMPROPER_MNTNCE_IND,TEXT,2039
LIBRARY_RAW,LANDING,FED_PHMSA_FLAGGED_INCIDENTS,ADDITIONAL_VIBRATION_IND,TEXT,2039
LIBRARY_RAW,LANDING,FED_PHMSA_FLAGGED_INCIDENTS,EST_COST_OPER_PAID,TEXT,2039
LIBRARY_RAW,LANDING,FED_PHMSA_FLAGGED_INCIDENTS,OPERATION_COMPLICATIONS_IND,TEXT,2039
LIBRARY_RAW,LANDING,FED_PHMSA_FLAGGED_INCIDENTS,OPERATION_DETAILS,TEXT,2039
LIBRARY_RAW,LANDING,FED_PHMSA_FLAGGED_INCIDENTS,OPERATION_RELATED_DETAILS,TEXT,2039
LIBRARY_RAW,LANDING,FED_PHMSA_FLAGGED_INCIDENTS,OPERATION_TYPE,TEXT,2039
LIBRARY_RAW,LANDING,FED_SBA_LOANS,INITIALINTERESTRATE,TEXT,2174502
LIBRARY_RAW,LANDING,FED_SBA_PPP,SBAGUARANTYPERCENTAGE,TEXT,968524
LIBRARY_RAW,LANDING,FED_SBA_PPP_LOANS_150K_PLUS,SBAGUARANTYPERCENTAGE,TEXT,968524
LIBRARY_RAW,LANDING,FED_SCDB,DECLARATIONUNCON,TEXT,83644
LIBRARY_RAW,LANDING,FED_SCDB,PRECEDENTALTERATION,TEXT,83644
LIBRARY_RAW,LANDING,FED_SEC_EDGAR,STATEOFINCORPORATION,TEXT,200
LIBRARY_RAW,LANDING,FED_SEC_EDGAR_COMPANY_TICKERS,INDEX_KEY,TEXT,10414
LIBRARY_RAW,LANDING,FED_SEC_INSIDER_DERIV_TRANS,EXPIRATION_DATE,TEXT,1049121
LIBRARY_RAW,LANDING,FED_SEC_INSIDER_DERIV_TRANS,EXPIRATION_DATE_FN,TEXT,1049121
LIBRARY_RAW,LANDING,FED_TREASURY_AVG_INTEREST_RATES,AVG_INTEREST_RATE_AMT,TEXT,4961
LIBRARY_RAW,LANDING,FED_USACE_NID_DAMS,FEDERAL_AGENCY_INVOLVEMENT_OPERATION,TEXT,92766
LIBRARY_RAW,LANDING,FED_USACE_NID_DAMS,OPERATIONAL_STATUS,TEXT,92766
LIBRARY_RAW,LANDING,FED_USACE_NID_DAMS,OPERATIONAL_STATUS_DATE,TEXT,92766
LIBRARY_RAW,LANDING,FED_USASPENDING_ASSISTANCE_FULL,GENERATED_PRAGMATIC_OBLIGATIONS,TEXT,19902879
LIBRARY_RAW,LANDING,FED_USASPENDING_BULK,ALASKAN_NATIVE_CORPORATION_OWNED_FIRM,TEXT,50000
LIBRARY_RAW,LANDING,FED_USASPENDING_BULK,COMMUNITY_DEVELOPED_CORPORATION_OWNED_FIRM,TEXT,50000
LIBRARY_RAW,LANDING,FED_USASPENDING_BULK,COMMUNITY_DEVELOPMENT_CORPORATION,TEXT,50000
LIBRARY_RAW,LANDING,FED_USASPENDING_BULK,CONSTRUCTION_WAGE_RATE_REQUIREMENTS,TEXT,50000
LIBRARY_RAW,LANDING,FED_USASPENDING_BULK,CONSTRUCTION_WAGE_RATE_REQUIREMENTS_CODE,TEXT,50000
LIBRARY_RAW,LANDING,FED_USASPENDING_BULK,CONTINGENCY_HUMANITARIAN_OR_PEACEKEEPING_OPERATION,TEXT,50000
LIBRARY_RAW,LANDING,FED_USASPENDING_BULK,CONTINGENCY_HUMANITARIAN_OR_PEACEKEEPING_OPERATION_CODE,TEXT,50000
LIBRARY_RAW,LANDING,FED_USASPENDING_BULK,CORPORATE_ENTITY_NOT_TAX_EXEMPT,TEXT,50000
LIBRARY_RAW,LANDING,FED_USASPENDING_BULK,CORPORATE_ENTITY_TAX_EXEMPT,TEXT,50000
LIBRARY_RAW,LANDING,FED_USASPENDING_BULK,LIMITED_LIABILITY_CORPORATION,TEXT,50000
LIBRARY_RAW,LANDING,FED_USASPENDING_BULK,PRICE_EVALUATION_ADJUSTMENT_PREFERENCE_PERCENT_DIFFERENCE,TEXT,50000
LIBRARY_RAW,LANDING,FED_USASPENDING_BULK,SMALL_BUSINESS_COMPETITIVENESS_DEMONSTRATION_PROGRAM,TEXT,50000
LIBRARY_RAW,LANDING,FED_USASPENDING_BULK,SUBCHAPTER_SCORPORATION,TEXT,50000
LIBRARY_RAW,LANDING,FED_USASPENDING_CONTRACTS_FULL,ALASKAN_NATIVE_CORPORATION_OWNED_FIRM,TEXT,20000000
LIBRARY_RAW,LANDING,FED_USASPENDING_CONTRACTS_FULL,COMMUNITY_DEVELOPED_CORPORATION_OWNED_FIRM,TEXT,20000000
LIBRARY_RAW,LANDING,FED_USASPENDING_CONTRACTS_FULL,COMMUNITY_DEVELOPMENT_CORPORATION,TEXT,20000000
LIBRARY_RAW,LANDING,FED_USASPENDING_CONTRACTS_FULL,CONSTRUCTION_WAGE_RATE_REQUIREMENTS,TEXT,20000000
LIBRARY_RAW,LANDING,FED_USASPENDING_CONTRACTS_FULL,CONSTRUCTION_WAGE_RATE_REQUIREMENTS_CODE,TEXT,20000000
LIBRARY_RAW,LANDING,FED_USASPENDING_CONTRACTS_FULL,CONTINGENCY_HUMANITARIAN_OR_PEACEKEEPING_OPERATION,TEXT,20000000
LIBRARY_RAW,LANDING,FED_USASPENDING_CONTRACTS_FULL,CONTINGENCY_HUMANITARIAN_OR_PEACEKEEPING_OPERATION_CODE,TEXT,20000000
LIBRARY_RAW,LANDING,FED_USASPENDING_CONTRACTS_FULL,CORPORATE_ENTITY_NOT_TAX_EXEMPT,TEXT,20000000
LIBRARY_RAW,LANDING,FED_USASPENDING_CONTRACTS_FULL,CORPORATE_ENTITY_TAX_EXEMPT,TEXT,20000000
LIBRARY_RAW,LANDING,FED_USASPENDING_CONTRACTS_FULL,LIMITED_LIABILITY_CORPORATION,TEXT,20000000
LIBRARY_RAW,LANDING,FED_USASPENDING_CONTRACTS_FULL,PRICE_EVALUATION_ADJUSTMENT_PREFERENCE_PERCENT_DIFFERENCE,TEXT,20000000
LIBRARY_RAW,LANDING,FED_USASPENDING_CONTRACTS_FULL,SMALL_BUSINESS_COMPETITIVENESS_DEMONSTRATION_PROGRAM,TEXT,20000000
LIBRARY_RAW,LANDING,FED_USASPENDING_CONTRACTS_FULL,SUBCHAPTER_SCORPORATION,TEXT,20000000
LIBRARY_RAW,LANDING,FED_USASPENDING_TOPTIER_AGENCIES,PERCENTAGE_OF_TOTAL_BUDGET_AUTHORITY,TEXT,111
LIBRARY_RAW,LANDING,FED_USCIS_DATA,AVG_PROCESSING_TIME_DAYS,TEXT,3204
LIBRARY_RAW,LANDING,FED_USDA_RD_MFH_ACTIVE_PROJECTS,DATE_OF_OPERATION,TEXT,13550
LIBRARY_RAW,LANDING,FED_USGS_MINERALS,ALTERATION,TEXT,304632
LIBRARY_RAW,LANDING,FED_USGS_MINERALS,IMPORT_RELIANCE_PCT,TEXT,304632
LIBRARY_RAW,LANDING,FED_USGS_MINERALS,OPER_TYPE,TEXT,304632
LIBRARY_RAW,LANDING,FED_USGS_MINERALS,SCORE,TEXT,304632
LIBRARY_RAW,LANDING,FED_USITC_DATAWEB,TARIFF_RATE,TEXT,7
LIBRARY_RAW,LANDING,FED_US_SEC_EDGAR,STATE_OF_INCORPORATION,TEXT,48990
LIBRARY_RAW,LANDING,FED_US_USASPENDING_API,GENERATED_UNIQUE_AWARD_ID,TEXT,300
LIBRARY_RAW,LANDING,FED_VA_ALLCAUSE_MORTALITY,AGE_ADJUSTED_RATE,TEXT,2808
LIBRARY_RAW,LANDING,FED_VA_ALLCAUSE_MORTALITY,CRUDE_RATE,TEXT,2808
LIBRARY_RAW,LANDING,FED_VA_ALLCAUSE_MORTALITY,PERCENT,TEXT,2808
LIBRARY_RAW,LANDING,FED_VA_ALLCAUSE_MORTALITY,UNADJUSTED_RATE,TEXT,2808
LIBRARY_RAW,LANDING,FED_VA_SUICIDE_APPENDIX,VETERAN_DEATHS_BY_SUICIDE_UNADJUSTED_AND_ADJUSTED_RATES_BY_SEX_2001_23,TEXT,144
LIBRARY_RAW,LANDING,FED_VA_SUICIDE_NATIONAL,AGE_ADJUSTED_RATE_PER_100_000,TEXT,690
LIBRARY_RAW,LANDING,FED_VA_SUICIDE_NATIONAL,FEMALE_AGE_ADJUSTED_RATE_PER_100_000,TEXT,690
LIBRARY_RAW,LANDING,FED_VA_SUICIDE_NATIONAL,FEMALE_UNADJUSTED_RATE_PER_100_000,TEXT,690
LIBRARY_RAW,LANDING,FED_VA_SUICIDE_NATIONAL,MALE_AGE_ADJUSTED_RATE_PER_100_000,TEXT,690
LIBRARY_RAW,LANDING,FED_VA_SUICIDE_NATIONAL,MALE_UNADJUSTED_RATE_PER_100_000,TEXT,690
LIBRARY_RAW,LANDING,FED_VA_SUICIDE_NATIONAL,UNADJUSTED_RATE_PER_100_000,TEXT,690
LIBRARY_RAW,LANDING,FED_VA_SUICIDE_STATE,GENERAL_POPULATION_RATE_PER_100_000,TEXT,19704
LIBRARY_RAW,LANDING,FED_VA_SUICIDE_STATE,GROUP_PERCENTAGE,TEXT,19704
LIBRARY_RAW,LANDING,FED_VA_SUICIDE_STATE,VETERAN_SUICIDE_RATE_PER_100_000,TEXT,19704
LIBRARY_RAW,LANDING,FED_VOTEVIEW_MEMBERS,LAST_MEANS,TEXT,51061
LIBRARY_RAW,LANDING,FED_VOTEVIEW_MEMBERS,NOMINATE_GEO_MEAN_PROBABILITY,TEXT,51061
LIBRARY_RAW,LANDING,ICIJ_OFFSHORE_LEAKS_ENTITIES,INCORPORATION_DATE,TEXT,814344
LIBRARY_RAW,LANDING,INTL_FR_DATA_GOUV_FULL,QUALITY_SCORE,TEXT,130431
LIBRARY_RAW,LANDING,INTL_GDELT,AVGTONE,TEXT,1015
LIBRARY_RAW,LANDING,INTL_GEM_HAZARD,PGA_10PCT_50YR,TEXT,12
LIBRARY_RAW,LANDING,INTL_GLEIF,ENTITY.ENTITYEXPIRATIONDATE,TEXT,3382301
LIBRARY_RAW,LANDING,INTL_GLEIF,ENTITY.ENTITYEXPIRATIONREASON,TEXT,3382301
LIBRARY_RAW,LANDING,INTL_GLEIF,ENTITY.REGISTRATIONAUTHORITY.OTHERREGISTRATIONAUTHORITYID,TEXT,3382301
LIBRARY_RAW,LANDING,INTL_GLEIF,ENTITY.REGISTRATIONAUTHORITY.REGISTRATIONAUTHORITYENTITYID,TEXT,3382301
LIBRARY_RAW,LANDING,INTL_GLEIF,ENTITY.REGISTRATIONAUTHORITY.REGISTRATIONAUTHORITYID,TEXT,3382301
LIBRARY_RAW,LANDING,INTL_GLEIF,ENTITY.TRANSLITERATEDOTHERADDRESSES.TRANSLITERATEDOTHERADDRESS.1.ADDITIONALADDRESSLINE.1,TEXT,3382301
LIBRARY_RAW,LANDING,INTL_GLEIF,ENTITY.TRANSLITERATEDOTHERADDRESSES.TRANSLITERATEDOTHERADDRESS.1.ADDITIONALADDRESSLINE.2,TEXT,3382301
LIBRARY_RAW,LANDING,INTL_GLEIF,ENTITY.TRANSLITERATEDOTHERADDRESSES.TRANSLITERATEDOTHERADDRESS.1.ADDITIONALADDRESSLINE.3,TEXT,3382301
LIBRARY_RAW,LANDING,INTL_GLEIF,ENTITY.TRANSLITERATEDOTHERADDRESSES.TRANSLITERATEDOTHERADDRESS.1.ADDRESSNUMBER,TEXT,3382301
LIBRARY_RAW,LANDING,INTL_GLEIF,ENTITY.TRANSLITERATEDOTHERADDRESSES.TRANSLITERATEDOTHERADDRESS.1.ADDRESSNUMBERWITHINBUILDING,TEXT,3382301
LIBRARY_RAW,LANDING,INTL_GLEIF,ENTITY.TRANSLITERATEDOTHERADDRESSES.TRANSLITERATEDOTHERADDRESS.1.CITY,TEXT,3382301
LIBRARY_RAW,LANDING,INTL_GLEIF,ENTITY.TRANSLITERATEDOTHERADDRESSES.TRANSLITERATEDOTHERADDRESS.1.COUNTRY,TEXT,3382301
LIBRARY_RAW,LANDING,INTL_GLEIF,ENTITY.TRANSLITERATEDOTHERADDRESSES.TRANSLITERATEDOTHERADDRESS.1.FIRSTADDRESSLINE,TEXT,3382301
LIBRARY_RAW,LANDING,INTL_GLEIF,ENTITY.TRANSLITERATEDOTHERADDRESSES.TRANSLITERATEDOTHERADDRESS.1.MAILROUTING,TEXT,3382301
LIBRARY_RAW,LANDING,INTL_GLEIF,ENTITY.TRANSLITERATEDOTHERADDRESSES.TRANSLITERATEDOTHERADDRESS.1.POSTALCODE,TEXT,3382301
LIBRARY_RAW,LANDING,INTL_GLEIF,ENTITY.TRANSLITERATEDOTHERADDRESSES.TRANSLITERATEDOTHERADDRESS.1.REGION,TEXT,3382301
LIBRARY_RAW,LANDING,INTL_GLEIF,ENTITY.TRANSLITERATEDOTHERADDRESSES.TRANSLITERATEDOTHERADDRESS.1.TYPE,TEXT,3382301
LIBRARY_RAW,LANDING,INTL_GLEIF,ENTITY.TRANSLITERATEDOTHERADDRESSES.TRANSLITERATEDOTHERADDRESS.1.XMLLANG,TEXT,3382301
LIBRARY_RAW,LANDING,INTL_GLEIF,ENTITY.TRANSLITERATEDOTHERADDRESSES.TRANSLITERATEDOTHERADDRESS.2.ADDITIONALADDRESSLINE.1,TEXT,3382301
LIBRARY_RAW,LANDING,INTL_GLEIF,ENTITY.TRANSLITERATEDOTHERADDRESSES.TRANSLITERATEDOTHERADDRESS.2.ADDITIONALADDRESSLINE.2,TEXT,3382301
LIBRARY_RAW,LANDING,INTL_GLEIF,ENTITY.TRANSLITERATEDOTHERADDRESSES.TRANSLITERATEDOTHERADDRESS.2.ADDITIONALADDRESSLINE.3,TEXT,3382301
LIBRARY_RAW,LANDING,INTL_GLEIF,ENTITY.TRANSLITERATEDOTHERADDRESSES.TRANSLITERATEDOTHERADDRESS.2.ADDRESSNUMBER,TEXT,3382301
LIBRARY_RAW,LANDING,INTL_GLEIF,ENTITY.TRANSLITERATEDOTHERADDRESSES.TRANSLITERATEDOTHERADDRESS.2.ADDRESSNUMBERWITHINBUILDING,TEXT,3382301
LIBRARY_RAW,LANDING,INTL_GLEIF,ENTITY.TRANSLITERATEDOTHERADDRESSES.TRANSLITERATEDOTHERADDRESS.2.CITY,TEXT,3382301
LIBRARY_RAW,LANDING,INTL_GLEIF,ENTITY.TRANSLITERATEDOTHERADDRESSES.TRANSLITERATEDOTHERADDRESS.2.COUNTRY,TEXT,3382301
LIBRARY_RAW,LANDING,INTL_GLEIF,ENTITY.TRANSLITERATEDOTHERADDRESSES.TRANSLITERATEDOTHERADDRESS.2.FIRSTADDRESSLINE,TEXT,3382301
LIBRARY_RAW,LANDING,INTL_GLEIF,ENTITY.TRANSLITERATEDOTHERADDRESSES.TRANSLITERATEDOTHERADDRESS.2.MAILROUTING,TEXT,3382301
LIBRARY_RAW,LANDING,INTL_GLEIF,ENTITY.TRANSLITERATEDOTHERADDRESSES.TRANSLITERATEDOTHERADDRESS.2.POSTALCODE,TEXT,3382301
LIBRARY_RAW,LANDING,INTL_GLEIF,ENTITY.TRANSLITERATEDOTHERADDRESSES.TRANSLITERATEDOTHERADDRESS.2.REGION,TEXT,3382301
LIBRARY_RAW,LANDING,INTL_GLEIF,ENTITY.TRANSLITERATEDOTHERADDRESSES.TRANSLITERATEDOTHERADDRESS.2.TYPE,TEXT,3382301
LIBRARY_RAW,LANDING,INTL_GLEIF,ENTITY.TRANSLITERATEDOTHERADDRESSES.TRANSLITERATEDOTHERADDRESS.2.XMLLANG,TEXT,3382301
LIBRARY_RAW,LANDING,INTL_GLEIF,ENTITY.TRANSLITERATEDOTHERADDRESSES.TRANSLITERATEDOTHERADDRESS.3.ADDITIONALADDRESSLINE.1,TEXT,3382301
LIBRARY_RAW,LANDING,INTL_GLEIF,ENTITY.TRANSLITERATEDOTHERADDRESSES.TRANSLITERATEDOTHERADDRESS.3.ADDITIONALADDRESSLINE.2,TEXT,3382301
LIBRARY_RAW,LANDING,INTL_GLEIF,ENTITY.TRANSLITERATEDOTHERADDRESSES.TRANSLITERATEDOTHERADDRESS.3.ADDITIONALADDRESSLINE.3,TEXT,3382301
LIBRARY_RAW,LANDING,INTL_GLEIF,ENTITY.TRANSLITERATEDOTHERADDRESSES.TRANSLITERATEDOTHERADDRESS.3.ADDRESSNUMBER,TEXT,3382301
LIBRARY_RAW,LANDING,INTL_GLEIF,ENTITY.TRANSLITERATEDOTHERADDRESSES.TRANSLITERATEDOTHERADDRESS.3.ADDRESSNUMBERWITHINBUILDING,TEXT,3382301
LIBRARY_RAW,LANDING,INTL_GLEIF,ENTITY.TRANSLITERATEDOTHERADDRESSES.TRANSLITERATEDOTHERADDRESS.3.CITY,TEXT,3382301
LIBRARY_RAW,LANDING,INTL_GLEIF,ENTITY.TRANSLITERATEDOTHERADDRESSES.TRANSLITERATEDOTHERADDRESS.3.COUNTRY,TEXT,3382301
LIBRARY_RAW,LANDING,INTL_GLEIF,ENTITY.TRANSLITERATEDOTHERADDRESSES.TRANSLITERATEDOTHERADDRESS.3.FIRSTADDRESSLINE,TEXT,3382301
LIBRARY_RAW,LANDING,INTL_GLEIF,ENTITY.TRANSLITERATEDOTHERADDRESSES.TRANSLITERATEDOTHERADDRESS.3.MAILROUTING,TEXT,3382301
LIBRARY_RAW,LANDING,INTL_GLEIF,ENTITY.TRANSLITERATEDOTHERADDRESSES.TRANSLITERATEDOTHERADDRESS.3.POSTALCODE,TEXT,3382301
LIBRARY_RAW,LANDING,INTL_GLEIF,ENTITY.TRANSLITERATEDOTHERADDRESSES.TRANSLITERATEDOTHERADDRESS.3.REGION,TEXT,3382301
LIBRARY_RAW,LANDING,INTL_GLEIF,ENTITY.TRANSLITERATEDOTHERADDRESSES.TRANSLITERATEDOTHERADDRESS.3.TYPE,TEXT,3382301
LIBRARY_RAW,LANDING,INTL_GLEIF,ENTITY.TRANSLITERATEDOTHERADDRESSES.TRANSLITERATEDOTHERADDRESS.3.XMLLANG,TEXT,3382301
LIBRARY_RAW,LANDING,INTL_GLEIF,ENTITY.TRANSLITERATEDOTHERADDRESSES.TRANSLITERATEDOTHERADDRESS.4.ADDITIONALADDRESSLINE.1,TEXT,3382301
LIBRARY_RAW,LANDING,INTL_GLEIF,ENTITY.TRANSLITERATEDOTHERADDRESSES.TRANSLITERATEDOTHERADDRESS.4.ADDITIONALADDRESSLINE.2,TEXT,3382301
LIBRARY_RAW,LANDING,INTL_GLEIF,ENTITY.TRANSLITERATEDOTHERADDRESSES.TRANSLITERATEDOTHERADDRESS.4.ADDITIONALADDRESSLINE.3,TEXT,3382301
LIBRARY_RAW,LANDING,INTL_GLEIF,ENTITY.TRANSLITERATEDOTHERADDRESSES.TRANSLITERATEDOTHERADDRESS.4.ADDRESSNUMBER,TEXT,3382301
LIBRARY_RAW,LANDING,INTL_GLEIF,ENTITY.TRANSLITERATEDOTHERADDRESSES.TRANSLITERATEDOTHERADDRESS.4.ADDRESSNUMBERWITHINBUILDING,TEXT,3382301
LIBRARY_RAW,LANDING,INTL_GLEIF,ENTITY.TRANSLITERATEDOTHERADDRESSES.TRANSLITERATEDOTHERADDRESS.4.CITY,TEXT,3382301
LIBRARY_RAW,LANDING,INTL_GLEIF,ENTITY.TRANSLITERATEDOTHERADDRESSES.TRANSLITERATEDOTHERADDRESS.4.COUNTRY,TEXT,3382301
LIBRARY_RAW,LANDING,INTL_GLEIF,ENTITY.TRANSLITERATEDOTHERADDRESSES.TRANSLITERATEDOTHERADDRESS.4.FIRSTADDRESSLINE,TEXT,3382301
LIBRARY_RAW,LANDING,INTL_GLEIF,ENTITY.TRANSLITERATEDOTHERADDRESSES.TRANSLITERATEDOTHERADDRESS.4.MAILROUTING,TEXT,3382301
LIBRARY_RAW,LANDING,INTL_GLEIF,ENTITY.TRANSLITERATEDOTHERADDRESSES.TRANSLITERATEDOTHERADDRESS.4.POSTALCODE,TEXT,3382301
LIBRARY_RAW,LANDING,INTL_GLEIF,ENTITY.TRANSLITERATEDOTHERADDRESSES.TRANSLITERATEDOTHERADDRESS.4.REGION,TEXT,3382301
LIBRARY_RAW,LANDING,INTL_GLEIF,ENTITY.TRANSLITERATEDOTHERADDRESSES.TRANSLITERATEDOTHERADDRESS.4.TYPE,TEXT,3382301
LIBRARY_RAW,LANDING,INTL_GLEIF,ENTITY.TRANSLITERATEDOTHERADDRESSES.TRANSLITERATEDOTHERADDRESS.4.XMLLANG,TEXT,3382301
LIBRARY_RAW,LANDING,INTL_GLEIF,ENTITY.TRANSLITERATEDOTHERADDRESSES.TRANSLITERATEDOTHERADDRESS.5.ADDITIONALADDRESSLINE.1,TEXT,3382301
LIBRARY_RAW,LANDING,INTL_GLEIF,ENTITY.TRANSLITERATEDOTHERADDRESSES.TRANSLITERATEDOTHERADDRESS.5.ADDITIONALADDRESSLINE.2,TEXT,3382301
LIBRARY_RAW,LANDING,INTL_GLEIF,ENTITY.TRANSLITERATEDOTHERADDRESSES.TRANSLITERATEDOTHERADDRESS.5.ADDITIONALADDRESSLINE.3,TEXT,3382301
LIBRARY_RAW,LANDING,INTL_GLEIF,ENTITY.TRANSLITERATEDOTHERADDRESSES.TRANSLITERATEDOTHERADDRESS.5.ADDRESSNUMBER,TEXT,3382301
LIBRARY_RAW,LANDING,INTL_GLEIF,ENTITY.TRANSLITERATEDOTHERADDRESSES.TRANSLITERATEDOTHERADDRESS.5.ADDRESSNUMBERWITHINBUILDING,TEXT,3382301
LIBRARY_RAW,LANDING,INTL_GLEIF,ENTITY.TRANSLITERATEDOTHERADDRESSES.TRANSLITERATEDOTHERADDRESS.5.CITY,TEXT,3382301
LIBRARY_RAW,LANDING,INTL_GLEIF,ENTITY.TRANSLITERATEDOTHERADDRESSES.TRANSLITERATEDOTHERADDRESS.5.COUNTRY,TEXT,3382301
LIBRARY_RAW,LANDING,INTL_GLEIF,ENTITY.TRANSLITERATEDOTHERADDRESSES.TRANSLITERATEDOTHERADDRESS.5.FIRSTADDRESSLINE,TEXT,3382301
LIBRARY_RAW,LANDING,INTL_GLEIF,ENTITY.TRANSLITERATEDOTHERADDRESSES.TRANSLITERATEDOTHERADDRESS.5.MAILROUTING,TEXT,3382301
LIBRARY_RAW,LANDING,INTL_GLEIF,ENTITY.TRANSLITERATEDOTHERADDRESSES.TRANSLITERATEDOTHERADDRESS.5.POSTALCODE,TEXT,3382301
LIBRARY_RAW,LANDING,INTL_GLEIF,ENTITY.TRANSLITERATEDOTHERADDRESSES.TRANSLITERATEDOTHERADDRESS.5.REGION,TEXT,3382301
LIBRARY_RAW,LANDING,INTL_GLEIF,ENTITY.TRANSLITERATEDOTHERADDRESSES.TRANSLITERATEDOTHERADDRESS.5.TYPE,TEXT,3382301
LIBRARY_RAW,LANDING,INTL_GLEIF,ENTITY.TRANSLITERATEDOTHERADDRESSES.TRANSLITERATEDOTHERADDRESS.5.XMLLANG,TEXT,3382301
LIBRARY_RAW,LANDING,INTL_GLEIF,ENTITY.TRANSLITERATEDOTHERENTITYNAMES.TRANSLITERATEDOTHERENTITYNAME.1,TEXT,3382301
LIBRARY_RAW,LANDING,INTL_GLEIF,ENTITY.TRANSLITERATEDOTHERENTITYNAMES.TRANSLITERATEDOTHERENTITYNAME.1.TYPE,TEXT,3382301
LIBRARY_RAW,LANDING,INTL_GLEIF,ENTITY.TRANSLITERATEDOTHERENTITYNAMES.TRANSLITERATEDOTHERENTITYNAME.1.XMLLANG,TEXT,3382301
LIBRARY_RAW,LANDING,INTL_GLEIF,ENTITY.TRANSLITERATEDOTHERENTITYNAMES.TRANSLITERATEDOTHERENTITYNAME.2,TEXT,3382301
LIBRARY_RAW,LANDING,INTL_GLEIF,ENTITY.TRANSLITERATEDOTHERENTITYNAMES.TRANSLITERATEDOTHERENTITYNAME.2.TYPE,TEXT,3382301
LIBRARY_RAW,LANDING,INTL_GLEIF,ENTITY.TRANSLITERATEDOTHERENTITYNAMES.TRANSLITERATEDOTHERENTITYNAME.2.XMLLANG,TEXT,3382301
LIBRARY_RAW,LANDING,INTL_GLEIF,ENTITY.TRANSLITERATEDOTHERENTITYNAMES.TRANSLITERATEDOTHERENTITYNAME.3,TEXT,3382301
LIBRARY_RAW,LANDING,INTL_GLEIF,ENTITY.TRANSLITERATEDOTHERENTITYNAMES.TRANSLITERATEDOTHERENTITYNAME.3.TYPE,TEXT,3382301
LIBRARY_RAW,LANDING,INTL_GLEIF,ENTITY.TRANSLITERATEDOTHERENTITYNAMES.TRANSLITERATEDOTHERENTITYNAME.3.XMLLANG,TEXT,3382301
LIBRARY_RAW,LANDING,INTL_GLEIF,ENTITY.TRANSLITERATEDOTHERENTITYNAMES.TRANSLITERATEDOTHERENTITYNAME.4,TEXT,3382301
LIBRARY_RAW,LANDING,INTL_GLEIF,ENTITY.TRANSLITERATEDOTHERENTITYNAMES.TRANSLITERATEDOTHERENTITYNAME.4.TYPE,TEXT,3382301
LIBRARY_RAW,LANDING,INTL_GLEIF,ENTITY.TRANSLITERATEDOTHERENTITYNAMES.TRANSLITERATEDOTHERENTITYNAME.4.XMLLANG,TEXT,3382301
LIBRARY_RAW,LANDING,INTL_GLEIF,ENTITY.TRANSLITERATEDOTHERENTITYNAMES.TRANSLITERATEDOTHERENTITYNAME.5,TEXT,3382301
LIBRARY_RAW,LANDING,INTL_GLEIF,ENTITY.TRANSLITERATEDOTHERENTITYNAMES.TRANSLITERATEDOTHERENTITYNAME.5.TYPE,TEXT,3382301
LIBRARY_RAW,LANDING,INTL_GLEIF,ENTITY.TRANSLITERATEDOTHERENTITYNAMES.TRANSLITERATEDOTHERENTITYNAME.5.XMLLANG,TEXT,3382301
LIBRARY_RAW,LANDING,INTL_GLEIF,REGISTRATION.INITIALREGISTRATIONDATE,TEXT,3382301
LIBRARY_RAW,LANDING,INTL_GLEIF,REGISTRATION.LASTUPDATEDATE,TEXT,3382301
LIBRARY_RAW,LANDING,INTL_GLEIF,REGISTRATION.MANAGINGLOU,TEXT,3382301
LIBRARY_RAW,LANDING,INTL_GLEIF,REGISTRATION.NEXTRENEWALDATE,TEXT,3382301
LIBRARY_RAW,LANDING,INTL_GLEIF,REGISTRATION.OTHERVALIDATIONAUTHORITIES.OTHERVALIDATIONAUTHORITY.1.OTHERVALIDATIONAUTHORITYID,TEXT,3382301
LIBRARY_RAW,LANDING,INTL_GLEIF,REGISTRATION.OTHERVALIDATIONAUTHORITIES.OTHERVALIDATIONAUTHORITY.1.VALIDATIONAUTHORITYENTITYID,TEXT,3382301
LIBRARY_RAW,LANDING,INTL_GLEIF,REGISTRATION.OTHERVALIDATIONAUTHORITIES.OTHERVALIDATIONAUTHORITY.1.VALIDATIONAUTHORITYID,TEXT,3382301
LIBRARY_RAW,LANDING,INTL_GLEIF,REGISTRATION.OTHERVALIDATIONAUTHORITIES.OTHERVALIDATIONAUTHORITY.2.OTHERVALIDATIONAUTHORITYID,TEXT,3382301
LIBRARY_RAW,LANDING,INTL_GLEIF,REGISTRATION.OTHERVALIDATIONAUTHORITIES.OTHERVALIDATIONAUTHORITY.2.VALIDATIONAUTHORITYENTITYID,TEXT,3382301
LIBRARY_RAW,LANDING,INTL_GLEIF,REGISTRATION.OTHERVALIDATIONAUTHORITIES.OTHERVALIDATIONAUTHORITY.2.VALIDATIONAUTHORITYID,TEXT,3382301
LIBRARY_RAW,LANDING,INTL_GLEIF,REGISTRATION.OTHERVALIDATIONAUTHORITIES.OTHERVALIDATIONAUTHORITY.3.OTHERVALIDATIONAUTHORITYID,TEXT,3382301
LIBRARY_RAW,LANDING,INTL_GLEIF,REGISTRATION.OTHERVALIDATIONAUTHORITIES.OTHERVALIDATIONAUTHORITY.3.VALIDATIONAUTHORITYENTITYID,TEXT,3382301
LIBRARY_RAW,LANDING,INTL_GLEIF,REGISTRATION.OTHERVALIDATIONAUTHORITIES.OTHERVALIDATIONAUTHORITY.3.VALIDATIONAUTHORITYID,TEXT,3382301
LIBRARY_RAW,LANDING,INTL_GLEIF,REGISTRATION.OTHERVALIDATIONAUTHORITIES.OTHERVALIDATIONAUTHORITY.4.OTHERVALIDATIONAUTHORITYID,TEXT,3382301
LIBRARY_RAW,LANDING,INTL_GLEIF,REGISTRATION.OTHERVALIDATIONAUTHORITIES.OTHERVALIDATIONAUTHORITY.4.VALIDATIONAUTHORITYENTITYID,TEXT,3382301
LIBRARY_RAW,LANDING,INTL_GLEIF,REGISTRATION.OTHERVALIDATIONAUTHORITIES.OTHERVALIDATIONAUTHORITY.4.VALIDATIONAUTHORITYID,TEXT,3382301
LIBRARY_RAW,LANDING,INTL_GLEIF,REGISTRATION.OTHERVALIDATIONAUTHORITIES.OTHERVALIDATIONAUTHORITY.5.OTHERVALIDATIONAUTHORITYID,TEXT,3382301
LIBRARY_RAW,LANDING,INTL_GLEIF,REGISTRATION.OTHERVALIDATIONAUTHORITIES.OTHERVALIDATIONAUTHORITY.5.VALIDATIONAUTHORITYENTITYID,TEXT,3382301
LIBRARY_RAW,LANDING,INTL_GLEIF,REGISTRATION.OTHERVALIDATIONAUTHORITIES.OTHERVALIDATIONAUTHORITY.5.VALIDATIONAUTHORITYID,TEXT,3382301
LIBRARY_RAW,LANDING,INTL_GLEIF,REGISTRATION.REGISTRATIONSTATUS,TEXT,3382301
LIBRARY_RAW,LANDING,INTL_GLEIF,REGISTRATION.VALIDATIONAUTHORITY.OTHERVALIDATIONAUTHORITYID,TEXT,3382301
LIBRARY_RAW,LANDING,INTL_GLEIF,REGISTRATION.VALIDATIONAUTHORITY.VALIDATIONAUTHORITYENTITYID,TEXT,3382301
LIBRARY_RAW,LANDING,INTL_GLEIF,REGISTRATION.VALIDATIONAUTHORITY.VALIDATIONAUTHORITYID,TEXT,3382301
LIBRARY_RAW,LANDING,INTL_GLEIF,REGISTRATION.VALIDATIONSOURCES,TEXT,3382301
LIBRARY_RAW,LANDING,INTL_GLEIF_RELATIONSHIPS,REGISTRATION_INITIALREGISTRATIONDATE,TEXT,484142
LIBRARY_RAW,LANDING,INTL_GLEIF_RELATIONSHIPS,REGISTRATION_LASTUPDATEDATE,TEXT,484142
LIBRARY_RAW,LANDING,INTL_GLEIF_RELATIONSHIPS,REGISTRATION_MANAGINGLOU,TEXT,484142
LIBRARY_RAW,LANDING,INTL_GLEIF_RELATIONSHIPS,REGISTRATION_NEXTRENEWALDATE,TEXT,484142
LIBRARY_RAW,LANDING,INTL_GLEIF_RELATIONSHIPS,REGISTRATION_REGISTRATIONSTATUS,TEXT,484142
LIBRARY_RAW,LANDING,INTL_GLEIF_RELATIONSHIPS,REGISTRATION_VALIDATIONDOCUMENTS,TEXT,484142
LIBRARY_RAW,LANDING,INTL_GLEIF_RELATIONSHIPS,REGISTRATION_VALIDATIONREFERENCE,TEXT,484142
LIBRARY_RAW,LANDING,INTL_GLEIF_RELATIONSHIPS,REGISTRATION_VALIDATIONSOURCES,TEXT,484142
LIBRARY_RAW,LANDING,INTL_GR_GEMI,REGISTRATION_SUSPENSION,TEXT,40
LIBRARY_RAW,LANDING,INTL_IPC_FOOD_INSECURITY_GLOBAL,PERCENTAGE,TEXT,735
LIBRARY_RAW,LANDING,INTL_UK_SANCTIONS_LIST,BUSINESS_REGISTRATION_NUMBER_S,TEXT,57883
LIBRARY_RAW,LANDING,INT_UK_COMPANIES_HOUSE,INCORPORATIONDATE,TEXT,5734780
LIBRARY_RAW,LANDING,PORTAL_ARC_ATLANTA_DATAATLA_51A606F539,SCORE,TEXT,486
LIBRARY_RAW,LANDING,PORTAL_ARC_ATLANTA_DATAATLA_CF92C66AB6,DENSITY,TEXT,515
LIBRARY_RAW,LANDING,PORTAL_ARC_ATLANTA_DATAATLA_D6C1E3B844,SCORE,TEXT,395
LIBRARY_RAW,LANDING,PORTAL_ARC_ATLANTA_DATAATLA_E1F71F6EE6,DENSITY,TEXT,544
LIBRARY_RAW,LANDING,PORTAL_ARC_ATLANTA_DATAATLA_E3F1BF2204,DENSITY,TEXT,536
LIBRARY_RAW,LANDING,PORTAL_ARC_ATLANTA_DATAATLA_EAD25CBDC7,SCORE,TEXT,2000
LIBRARY_RAW,LANDING,PORTAL_ARC_COLUMBUS_GIS_OPE_8259461C2A,PERCENTPROGRAM,TEXT,2000
LIBRARY_RAW,LANDING,PORTAL_ARC_COLUMBUS_GIS_OPE_8259461C2A,REGISTRATION,TEXT,2000
LIBRARY_RAW,LANDING,PORTAL_ARC_HARRIS_COUNTY_OP_0F9C7FCB29,ACCRSCORE,TEXT,12
LIBRARY_RAW,LANDING,PORTAL_ARC_HARRIS_COUNTY_OP_0F9C7FCB29,CRSCORE,TEXT,12
LIBRARY_RAW,LANDING,PORTAL_ARC_HARRIS_COUNTY_OP_0F9C7FCB29,CRSCORECD,TEXT,12
LIBRARY_RAW,LANDING,PORTAL_ARC_HARRIS_COUNTY_OP_0F9C7FCB29,WCPCT,TEXT,12
LIBRARY_RAW,LANDING,PORTAL_ARC_HARRIS_COUNTY_OP_167EC31B95,SCORE,TEXT,96
LIBRARY_RAW,LANDING,PORTAL_ARC_HARRIS_COUNTY_OP_167EC31B95,USER_EXPIRATION,TEXT,96
LIBRARY_RAW,LANDING,PORTAL_ARC_HARRIS_COUNTY_OP_183E778C9D,SCORE,TEXT,292
LIBRARY_RAW,LANDING,PORTAL_ARC_HARRIS_COUNTY_OP_1F4D98F329,CORPORATE_PARENT_NAME,TEXT,1143
LIBRARY_RAW,LANDING,PORTAL_ARC_HARRIS_COUNTY_OP_1F4D98F329,SCORE,TEXT,1143
LIBRARY_RAW,LANDING,PORTAL_ARC_HARRIS_COUNTY_OP_2718B3279A,SCORE,TEXT,77
LIBRARY_RAW,LANDING,PORTAL_ARC_HARRIS_COUNTY_OP_2718B3279A,USER_EXPIRATION,TEXT,77
LIBRARY_RAW,LANDING,PORTAL_ARC_HARRIS_COUNTY_OP_2A7A02B1E2,SCORE,TEXT,14
LIBRARY_RAW,LANDING,PORTAL_ARC_HARRIS_COUNTY_OP_32D5FF05CA,SCORE,TEXT,100
LIBRARY_RAW,LANDING,PORTAL_ARC_HARRIS_COUNTY_OP_3304C540B7,CORPORATE_PARENT_NAME,TEXT,645
LIBRARY_RAW,LANDING,PORTAL_ARC_HARRIS_COUNTY_OP_3304C540B7,SCORE,TEXT,645
LIBRARY_RAW,LANDING,PORTAL_ARC_HARRIS_COUNTY_OP_374D2E791F,EXPIRATION,TEXT,77
LIBRARY_RAW,LANDING,PORTAL_ARC_HARRIS_COUNTY_OP_374D2E791F,SCORE,TEXT,77
LIBRARY_RAW,LANDING,PORTAL_ARC_HARRIS_COUNTY_OP_3E1A188E92,EXPIRATION,TEXT,642
LIBRARY_RAW,LANDING,PORTAL_ARC_HARRIS_COUNTY_OP_3E1A188E92,SCORE,TEXT,642
LIBRARY_RAW,LANDING,PORTAL_ARC_HARRIS_COUNTY_OP_3E3BFD2059,SCORE,TEXT,254
LIBRARY_RAW,LANDING,PORTAL_ARC_HARRIS_COUNTY_OP_41FBA6BF22,SCORE,TEXT,15
LIBRARY_RAW,LANDING,PORTAL_ARC_HARRIS_COUNTY_OP_4E0F396A33,EXPIRATION,TEXT,755
LIBRARY_RAW,LANDING,PORTAL_ARC_HARRIS_COUNTY_OP_4E0F396A33,SCORE,TEXT,755
LIBRARY_RAW,LANDING,PORTAL_ARC_HARRIS_COUNTY_OP_4F19F66C45,SCORE,TEXT,56
LIBRARY_RAW,LANDING,PORTAL_ARC_HARRIS_COUNTY_OP_4F19F66C45,USER_EXPIRATION,TEXT,56
LIBRARY_RAW,LANDING,PORTAL_ARC_HARRIS_COUNTY_OP_52229E2E24,SCORE,TEXT,488
LIBRARY_RAW,LANDING,PORTAL_ARC_HARRIS_COUNTY_OP_52229E2E24,USER_CORPORATE_PARENT_NAME,TEXT,488
LIBRARY_RAW,LANDING,PORTAL_ARC_HARRIS_COUNTY_OP_52229E2E24,USER_SCORE,TEXT,488
LIBRARY_RAW,LANDING,PORTAL_ARC_HARRIS_COUNTY_OP_5AB72D4A23,EXPIRATION,TEXT,526
LIBRARY_RAW,LANDING,PORTAL_ARC_HARRIS_COUNTY_OP_5AB72D4A23,SCORE,TEXT,526
LIBRARY_RAW,LANDING,PORTAL_ARC_HARRIS_COUNTY_OP_6133483DE0,SCORE,TEXT,67
LIBRARY_RAW,LANDING,PORTAL_ARC_HARRIS_COUNTY_OP_6133483DE0,USER_CORPORATE_PARENT_NAME,TEXT,67
LIBRARY_RAW,LANDING,PORTAL_ARC_HARRIS_COUNTY_OP_6133483DE0,USER_SCORE,TEXT,67
LIBRARY_RAW,LANDING,PORTAL_ARC_HARRIS_COUNTY_OP_619A8F0A78,SCORE,TEXT,642
LIBRARY_RAW,LANDING,PORTAL_ARC_HARRIS_COUNTY_OP_619A8F0A78,USER_EXPIRATION,TEXT,642
LIBRARY_RAW,LANDING,PORTAL_ARC_HARRIS_COUNTY_OP_795533139C,SCORE,TEXT,100
LIBRARY_RAW,LANDING,PORTAL_ARC_HARRIS_COUNTY_OP_8549EC1226,PCT,TEXT,1464
LIBRARY_RAW,LANDING,PORTAL_ARC_HARRIS_COUNTY_OP_86AE12CFC0,PCT,TEXT,1128
LIBRARY_RAW,LANDING,PORTAL_ARC_HARRIS_COUNTY_OP_8CE538DBE3,PCT_NO,TEXT,2000
LIBRARY_RAW,LANDING,PORTAL_ARC_HARRIS_COUNTY_OP_8CE538DBE3,SCORE,TEXT,2000
LIBRARY_RAW,LANDING,PORTAL_ARC_HARRIS_COUNTY_OP_A35053AC76,SCORE,TEXT,38
LIBRARY_RAW,LANDING,PORTAL_ARC_HARRIS_COUNTY_OP_BEF7C03176,SCORE,TEXT,755
LIBRARY_RAW,LANDING,PORTAL_ARC_HARRIS_COUNTY_OP_BEF7C03176,USER_EXPIRATION,TEXT,755
LIBRARY_RAW,LANDING,PORTAL_ARC_HARRIS_COUNTY_OP_C23DC4BAF8,PCT,TEXT,782
LIBRARY_RAW,LANDING,PORTAL_ARC_HARRIS_COUNTY_OP_C23DC4BAF8,SCORE,TEXT,782
LIBRARY_RAW,LANDING,PORTAL_ARC_HARRIS_COUNTY_OP_CAF5C156E3,SCORE,TEXT,526
LIBRARY_RAW,LANDING,PORTAL_ARC_HARRIS_COUNTY_OP_CAF5C156E3,USER_EXPIRATION,TEXT,526
LIBRARY_RAW,LANDING,PORTAL_ARC_HARRIS_COUNTY_OP_CB850CC4B0,SCORE,TEXT,356
LIBRARY_RAW,LANDING,PORTAL_ARC_HARRIS_COUNTY_OP_CB850CC4B0,SCORE_1,TEXT,356
LIBRARY_RAW,LANDING,PORTAL_ARC_HARRIS_COUNTY_OP_D044517CB3,CORPORATE_PARENT_NAME,TEXT,712
LIBRARY_RAW,LANDING,PORTAL_ARC_HARRIS_COUNTY_OP_D044517CB3,SCORE,TEXT,712
LIBRARY_RAW,LANDING,PORTAL_ARC_HARRIS_COUNTY_OP_D048520A99,SCORE,TEXT,254
LIBRARY_RAW,LANDING,PORTAL_ARC_HARRIS_COUNTY_OP_D248A81CD8,CORPORATE_PARENT_NAME,TEXT,2000
LIBRARY_RAW,LANDING,PORTAL_ARC_HARRIS_COUNTY_OP_D248A81CD8,SCORE,TEXT,2000
LIBRARY_RAW,LANDING,PORTAL_ARC_HARRIS_COUNTY_OP_D354D2D6E2,CORPORATE_PARENT_NAME,TEXT,257
LIBRARY_RAW,LANDING,PORTAL_ARC_HARRIS_COUNTY_OP_D354D2D6E2,SCORE,TEXT,257
LIBRARY_RAW,LANDING,PORTAL_ARC_HARRIS_COUNTY_OP_E68ADDC07C,SCORE,TEXT,33
LIBRARY_RAW,LANDING,PORTAL_ARC_HARRIS_COUNTY_OP_F22D53C24D,EXPIRATION,TEXT,56
LIBRARY_RAW,LANDING,PORTAL_ARC_HARRIS_COUNTY_OP_F22D53C24D,SCORE,TEXT,56
LIBRARY_RAW,LANDING,PORTAL_ARC_HARRIS_COUNTY_OP_F9118D0DEE,SCORE,TEXT,1164
LIBRARY_RAW,LANDING,PORTAL_ARC_HARRIS_COUNTY_OP_FA9969D82E,PCT,TEXT,1128
LIBRARY_RAW,LANDING,PORTAL_ARC_HARRIS_COUNTY_OP_FE2134F2C8,SCORE,TEXT,526
LIBRARY_RAW,LANDING,PORTAL_ARC_HARRIS_COUNTY_OP_FE2134F2C8,USER_EXPIRATION,TEXT,526
LIBRARY_RAW,LANDING,PORTAL_ARC_KENTUCKY_OPEN_GI_2A1893FE0B,EXPIRATION_DATE,TEXT,2000
LIBRARY_RAW,LANDING,PORTAL_ARC_LA_COUNTY_OPEN_D_0A94DB308E,LICENSE_EXPIRATION_DATE,TEXT,93
LIBRARY_RAW,LANDING,PORTAL_ARC_LA_COUNTY_OPEN_D_108A1E6982,SCORE,TEXT,365
LIBRARY_RAW,LANDING,PORTAL_ARC_LA_COUNTY_OPEN_D_1632A8E413,SCORE,TEXT,12
LIBRARY_RAW,LANDING,PORTAL_ARC_LA_COUNTY_OPEN_D_18EE361084,SCORE,TEXT,126
LIBRARY_RAW,LANDING,PORTAL_ARC_LA_COUNTY_OPEN_D_1EDD056661,LICENSE_EXPIRATION_DATE,TEXT,2000
LIBRARY_RAW,LANDING,PORTAL_ARC_LA_COUNTY_OPEN_D_2E79EB67C8,INDEX_CATEGORY,TEXT,2000
LIBRARY_RAW,LANDING,PORTAL_ARC_LA_COUNTY_OPEN_D_2E79EB67C8,OVERALL_INDEX,TEXT,2000
LIBRARY_RAW,LANDING,PORTAL_ARC_LA_COUNTY_OPEN_D_3D07EB80AC,SCORE,TEXT,1355
LIBRARY_RAW,LANDING,PORTAL_ARC_LA_COUNTY_OPEN_D_464355F6D4,SCORE,TEXT,6
LIBRARY_RAW,LANDING,PORTAL_ARC_LA_COUNTY_OPEN_D_6F0FCB8A75,SCORE,TEXT,411
LIBRARY_RAW,LANDING,PORTAL_ARC_LA_COUNTY_OPEN_D_7528D085CE,SCORE,TEXT,329
LIBRARY_RAW,LANDING,PORTAL_ARC_LA_COUNTY_OPEN_D_92EFBD96E7,SCORE,TEXT,126
LIBRARY_RAW,LANDING,PORTAL_ARC_LA_COUNTY_OPEN_D_A77E98386F,SCORE,TEXT,2000
LIBRARY_RAW,LANDING,PORTAL_ARC_LA_COUNTY_OPEN_D_AD0B3DB8CD,SCORE,TEXT,22
LIBRARY_RAW,LANDING,PORTAL_ARC_LA_COUNTY_OPEN_D_D75E8EA051,TOTAL_FACILITY_RSEI_SCORE,TEXT,385
LIBRARY_RAW,LANDING,PORTAL_ARC_LA_COUNTY_OPEN_D_D75E8EA051,TOTAL_FACILITY_RSEI_SCORE_CANCE,TEXT,385
LIBRARY_RAW,LANDING,PORTAL_ARC_LA_COUNTY_OPEN_D_D75E8EA051,TOTAL_FACILITY_RSEI_SCORE_NONCA,TEXT,385
LIBRARY_RAW,LANDING,PORTAL_ARC_LA_COUNTY_OPEN_D_E549C7C921,CANCER_RSEI_SCORE_FOR_CHROMIUM,TEXT,76
LIBRARY_RAW,LANDING,PORTAL_ARC_LA_COUNTY_OPEN_D_E549C7C921,NON_CANCER_RSEI_SCORE_FOR_CHROM,TEXT,76
LIBRARY_RAW,LANDING,PORTAL_ARC_LA_COUNTY_OPEN_D_E549C7C921,RSEI_SCORE_FOR_CHROMIUM,TEXT,76
LIBRARY_RAW,LANDING,PORTAL_ARC_LA_COUNTY_OPEN_D_E549C7C921,TOTAL_CANCER_RSEI_SCORE_FOR_ALL,TEXT,76
LIBRARY_RAW,LANDING,PORTAL_ARC_LA_COUNTY_OPEN_D_E549C7C921,TOTAL_NON_CANCER_RSEI_SCORE_FOR,TEXT,76
LIBRARY_RAW,LANDING,PORTAL_ARC_LA_COUNTY_OPEN_D_E549C7C921,TOTAL_RSEI_SCORE_FOR_ALL_MEDIA,TEXT,76
LIBRARY_RAW,LANDING,PORTAL_ARC_LA_COUNTY_OPEN_D_E59BD7CF06,SCORE,TEXT,659
LIBRARY_RAW,LANDING,PORTAL_ARC_LA_COUNTY_OPEN_D_E68DDAB268,SCORE,TEXT,167
LIBRARY_RAW,LANDING,PORTAL_ARC_LA_COUNTY_OPEN_D_E6A4C1D69B,SCORE,TEXT,2000
LIBRARY_RAW,LANDING,PORTAL_ARC_LA_COUNTY_OPEN_D_E85041E063,SCORE,TEXT,1818
LIBRARY_RAW,LANDING,PORTAL_ARC_LA_COUNTY_OPEN_D_F6444997FA,SCORE,TEXT,111
LIBRARY_RAW,LANDING,PORTAL_ARC_NEW_HAMPSHIRE_GE_6731F28D87,PERCENTCURRENTUSE,TEXT,2000
LIBRARY_RAW,LANDING,PORTAL_ARC_NEW_HAMPSHIRE_GE_6731F28D87,RATIO,TEXT,2000
LIBRARY_RAW,LANDING,PORTAL_ARC_NEW_MEXICO_OPEN_3382D9F21E,CO_AVERAGE_EMISSION_RATE,TEXT,2000
LIBRARY_RAW,LANDING,PORTAL_ARC_NEW_MEXICO_OPEN_3382D9F21E,CO_AVERAGE_EMISSION_RATE_UOM,TEXT,2000
LIBRARY_RAW,LANDING,PORTAL_ARC_NEW_MEXICO_OPEN_3382D9F21E,CO_DURATION_MINUTES,TEXT,2000
LIBRARY_RAW,LANDING,PORTAL_ARC_NEW_MEXICO_OPEN_3382D9F21E,EVENT_DURATION_DAYS,TEXT,2000
LIBRARY_RAW,LANDING,PORTAL_ARC_NEW_MEXICO_OPEN_3382D9F21E,H2S_AVERAGE_EMISSION_RATE,TEXT,2000
LIBRARY_RAW,LANDING,PORTAL_ARC_NEW_MEXICO_OPEN_3382D9F21E,H2S_AVERAGE_EMISSION_RATE_UOM,TEXT,2000
LIBRARY_RAW,LANDING,PORTAL_ARC_NEW_MEXICO_OPEN_3382D9F21E,H2S_DURATION_MINUTES,TEXT,2000
LIBRARY_RAW,LANDING,PORTAL_ARC_NEW_MEXICO_OPEN_3382D9F21E,NOX_AVERAGE_EMISSION_RATE,TEXT,2000
LIBRARY_RAW,LANDING,PORTAL_ARC_NEW_MEXICO_OPEN_3382D9F21E,NOX_AVERAGE_EMISSION_RATE_UOM,TEXT,2000
LIBRARY_RAW,LANDING,PORTAL_ARC_NEW_MEXICO_OPEN_3382D9F21E,NOX_DURATION_MINUTES,TEXT,2000
LIBRARY_RAW,LANDING,PORTAL_ARC_NEW_MEXICO_OPEN_3382D9F21E,OP_AVERAGE_EMISSION_RATE,TEXT,2000
LIBRARY_RAW,LANDING,PORTAL_ARC_NEW_MEXICO_OPEN_3382D9F21E,OP_AVERAGE_EMISSION_RATE_UOM,TEXT,2000
LIBRARY_RAW,LANDING,PORTAL_ARC_NEW_MEXICO_OPEN_3382D9F21E,OP_DURATION,TEXT,2000
LIBRARY_RAW,LANDING,PORTAL_ARC_NEW_MEXICO_OPEN_3382D9F21E,PM10_AVERAGE_EMISSION_RATE,TEXT,2000
LIBRARY_RAW,LANDING,PORTAL_ARC_NEW_MEXICO_OPEN_3382D9F21E,PM10_AVERAGE_EMISSION_RATE_UOM,TEXT,2000
LIBRARY_RAW,LANDING,PORTAL_ARC_NEW_MEXICO_OPEN_3382D9F21E,PM10_DURATION_MINUTES,TEXT,2000
LIBRARY_RAW,LANDING,PORTAL_ARC_NEW_MEXICO_OPEN_3382D9F21E,PM2_5_AVERAGE_EMISSION_RATE,TEXT,2000
LIBRARY_RAW,LANDING,PORTAL_ARC_NEW_MEXICO_OPEN_3382D9F21E,PM2_5_AVERAGE_EMISSION_RATE_UOM,TEXT,2000
LIBRARY_RAW,LANDING,PORTAL_ARC_NEW_MEXICO_OPEN_3382D9F21E,PM2_5_DURATION_MINUTES,TEXT,2000
LIBRARY_RAW,LANDING,PORTAL_ARC_NEW_MEXICO_OPEN_3382D9F21E,PM_AVERAGE_EMISSION_RATE,TEXT,2000
LIBRARY_RAW,LANDING,PORTAL_ARC_NEW_MEXICO_OPEN_3382D9F21E,PM_AVERAGE_EMISSION_RATE_UOM,TEXT,2000
LIBRARY_RAW,LANDING,PORTAL_ARC_NEW_MEXICO_OPEN_3382D9F21E,PM_DURATION_MINUTES,TEXT,2000
LIBRARY_RAW,LANDING,PORTAL_ARC_NEW_MEXICO_OPEN_3382D9F21E,SO2_AVERAGE_EMISSION_RATE,TEXT,2000
LIBRARY_RAW,LANDING,PORTAL_ARC_NEW_MEXICO_OPEN_3382D9F21E,SO2_AVERAGE_EMISSION_RATE_UOM,TEXT,2000
LIBRARY_RAW,LANDING,PORTAL_ARC_NEW_MEXICO_OPEN_3382D9F21E,SO2_DURATION_MINUTES,TEXT,2000
LIBRARY_RAW,LANDING,PORTAL_ARC_NEW_MEXICO_OPEN_3382D9F21E,VE_AVERAGE_EMISSION_RATE,TEXT,2000
LIBRARY_RAW,LANDING,PORTAL_ARC_NEW_MEXICO_OPEN_3382D9F21E,VE_AVERAGE_EMISSION_RATE_UOM,TEXT,2000
LIBRARY_RAW,LANDING,PORTAL_ARC_NEW_MEXICO_OPEN_3382D9F21E,VE_DURATION,TEXT,2000
LIBRARY_RAW,LANDING,PORTAL_ARC_NEW_MEXICO_OPEN_3382D9F21E,VOC_AVERAGE_EMISSION_RATE,TEXT,2000
LIBRARY_RAW,LANDING,PORTAL_ARC_NEW_MEXICO_OPEN_3382D9F21E,VOC_AVERAGE_EMISSION_RATE_UOM,TEXT,2000
LIBRARY_RAW,LANDING,PORTAL_ARC_NEW_MEXICO_OPEN_3382D9F21E,VOC_DURATION_MINUTES,TEXT,2000
LIBRARY_RAW,LANDING,PORTAL_ARC_NEW_MEXICO_OPEN_6E34862F8D,CO_AVERAGE_EMISSION_RATE,TEXT,2000
LIBRARY_RAW,LANDING,PORTAL_ARC_NEW_MEXICO_OPEN_6E34862F8D,CO_AVERAGE_EMISSION_RATE_UOM,TEXT,2000
LIBRARY_RAW,LANDING,PORTAL_ARC_NEW_MEXICO_OPEN_6E34862F8D,CO_DURATION,TEXT,2000
LIBRARY_RAW,LANDING,PORTAL_ARC_NEW_MEXICO_OPEN_6E34862F8D,EVENT_DURATION_DAYS,TEXT,2000
LIBRARY_RAW,LANDING,PORTAL_ARC_NEW_MEXICO_OPEN_6E34862F8D,H2S_AVERAGE_EMISSION_RATE,TEXT,2000
LIBRARY_RAW,LANDING,PORTAL_ARC_NEW_MEXICO_OPEN_6E34862F8D,H2S_AVERAGE_EMISSION_RATE_UOM,TEXT,2000
LIBRARY_RAW,LANDING,PORTAL_ARC_NEW_MEXICO_OPEN_6E34862F8D,H2S_DURATION,TEXT,2000
LIBRARY_RAW,LANDING,PORTAL_ARC_NEW_MEXICO_OPEN_6E34862F8D,NOX_AVERAGE_EMISSION_RATE,TEXT,2000
LIBRARY_RAW,LANDING,PORTAL_ARC_NEW_MEXICO_OPEN_6E34862F8D,NOX_AVERAGE_EMISSION_RATE_UOM,TEXT,2000
LIBRARY_RAW,LANDING,PORTAL_ARC_NEW_MEXICO_OPEN_6E34862F8D,NOX_DURATION,TEXT,2000
LIBRARY_RAW,LANDING,PORTAL_ARC_NEW_MEXICO_OPEN_6E34862F8D,OP_AVERAGE_EMISSION_RATE,TEXT,2000
LIBRARY_RAW,LANDING,PORTAL_ARC_NEW_MEXICO_OPEN_6E34862F8D,OP_AVERAGE_EMISSION_RATE_UOM,TEXT,2000
LIBRARY_RAW,LANDING,PORTAL_ARC_NEW_MEXICO_OPEN_6E34862F8D,OP_DURATION,TEXT,2000
LIBRARY_RAW,LANDING,PORTAL_ARC_NEW_MEXICO_OPEN_6E34862F8D,PM10_AVERAGE_EMISSION_RATE,TEXT,2000
LIBRARY_RAW,LANDING,PORTAL_ARC_NEW_MEXICO_OPEN_6E34862F8D,PM10_AVERAGE_EMISSION_RATE_UOM,TEXT,2000
LIBRARY_RAW,LANDING,PORTAL_ARC_NEW_MEXICO_OPEN_6E34862F8D,PM10_DURATION,TEXT,2000
LIBRARY_RAW,LANDING,PORTAL_ARC_NEW_MEXICO_OPEN_6E34862F8D,PM25_AVERAGE_EMISSION_RATE,TEXT,2000
LIBRARY_RAW,LANDING,PORTAL_ARC_NEW_MEXICO_OPEN_6E34862F8D,PM25_AVERAGE_EMISSION_RATE_UOM,TEXT,2000
LIBRARY_RAW,LANDING,PORTAL_ARC_NEW_MEXICO_OPEN_6E34862F8D,PM25_DURATION,TEXT,2000
LIBRARY_RAW,LANDING,PORTAL_ARC_NEW_MEXICO_OPEN_6E34862F8D,PM_AVERAGE_EMISSION_RATE,TEXT,2000
LIBRARY_RAW,LANDING,PORTAL_ARC_NEW_MEXICO_OPEN_6E34862F8D,PM_AVERAGE_EMISSION_RATE_UOM,TEXT,2000
LIBRARY_RAW,LANDING,PORTAL_ARC_NEW_MEXICO_OPEN_6E34862F8D,PM_DURATION,TEXT,2000
LIBRARY_RAW,LANDING,PORTAL_ARC_NEW_MEXICO_OPEN_6E34862F8D,SO2_AVERAGE_EMISSION_RATE,TEXT,2000
LIBRARY_RAW,LANDING,PORTAL_ARC_NEW_MEXICO_OPEN_6E34862F8D,SO2_AVERAGE_EMISSION_RATE_UOM,TEXT,2000
LIBRARY_RAW,LANDING,PORTAL_ARC_NEW_MEXICO_OPEN_6E34862F8D,SO2_DURATION,TEXT,2000
LIBRARY_RAW,LANDING,PORTAL_ARC_NEW_MEXICO_OPEN_6E34862F8D,VE_AVERAGE_EMISSION_RATE,TEXT,2000
LIBRARY_RAW,LANDING,PORTAL_ARC_NEW_MEXICO_OPEN_6E34862F8D,VE_AVERAGE_EMISSION_RATE_UOM,TEXT,2000
LIBRARY_RAW,LANDING,PORTAL_ARC_NEW_MEXICO_OPEN_6E34862F8D,VE_DURATION,TEXT,2000
LIBRARY_RAW,LANDING,PORTAL_ARC_NEW_MEXICO_OPEN_6E34862F8D,VOC_AVERAGE_EMISSION_RATE,TEXT,2000
LIBRARY_RAW,LANDING,PORTAL_ARC_NEW_MEXICO_OPEN_6E34862F8D,VOC_AVERAGE_EMISSION_RATE_UOM,TEXT,2000
LIBRARY_RAW,LANDING,PORTAL_ARC_NEW_MEXICO_OPEN_6E34862F8D,VOC_DURATION,TEXT,2000
LIBRARY_RAW,LANDING,PORTAL_ARC_OPEN_BALTIMORE_6C2257F1C4,SCORE,TEXT,21
LIBRARY_RAW,LANDING,PORTAL_ARC_OPEN_DATA_DC_008BA480F6,MAR_SCORE,TEXT,1915
LIBRARY_RAW,LANDING,PORTAL_ARC_OPEN_DATA_DC_01F2D9886C,MAR_SCORE,TEXT,437
LIBRARY_RAW,LANDING,PORTAL_ARC_OPEN_DATA_DC_32AD83D2EC,MAR_SCORE,TEXT,2000
LIBRARY_RAW,LANDING,PORTAL_ARC_OPEN_DATA_DC_56C4F04CF0,MAR_SCORE,TEXT,9
LIBRARY_RAW,LANDING,PORTAL_ARC_OPEN_DATA_DC_8C6EF16235,PCTCHG,TEXT,204
LIBRARY_RAW,LANDING,PORTAL_ARC_OPEN_DATA_DC_9A20CE1FC5,STOP_DURATION_MINUTES,TEXT,2000
LIBRARY_RAW,LANDING,PORTAL_ARC_OPEN_DATA_DC_B1DAECCB1B,COVERAGE_EXPIRATION,TEXT,83
LIBRARY_RAW,LANDING,PORTAL_ARC_OPEN_DATA_DC_D359158BC8,ACTUAL_CORPORATE_SALES_VOLUME,TEXT,733
LIBRARY_RAW,LANDING,PORTAL_ARC_OPEN_DATA_DC_D359158BC8,ACTUAL_CREDIT_SCORE,TEXT,733
LIBRARY_RAW,LANDING,PORTAL_ARC_OPEN_DATA_DC_D359158BC8,CORPORATE_EMPLOYMENT_SIZE_CODE,TEXT,733
LIBRARY_RAW,LANDING,PORTAL_ARC_OPEN_DATA_DC_D359158BC8,CORPORATE_EMPLOYMENT_SIZE_DESC,TEXT,733
LIBRARY_RAW,LANDING,PORTAL_ARC_OPEN_DATA_DC_D359158BC8,CORPORATE_SALES_VOLUME_CODE,TEXT,733
LIBRARY_RAW,LANDING,PORTAL_ARC_OPEN_DATA_DC_D359158BC8,CORPORATE_SALES_VOLUME_DESC,TEXT,733
LIBRARY_RAW,LANDING,PORTAL_ARC_OPEN_DATA_DC_D359158BC8,CREDIT_SCORE_CODE,TEXT,733
LIBRARY_RAW,LANDING,PORTAL_ARC_OPEN_DATA_DC_D359158BC8,CREDIT_SCORE_DESC,TEXT,733
LIBRARY_RAW,LANDING,PORTAL_ARC_OPEN_DATA_DC_D359158BC8,WHITE_COLLAR_PERCENTAGE,TEXT,733
LIBRARY_RAW,LANDING,PORTAL_ARC_OPEN_DATA_DC_E1DD5D3551,AVG_LOAD,TEXT,11
LIBRARY_RAW,LANDING,PORTAL_ARC_OPEN_DATA_DC_E1DD5D3551,AVG_OUTPUT,TEXT,11
LIBRARY_RAW,LANDING,PORTAL_ARC_OPEN_DATA_DC_E28C8C471A,COVERAGE_EXPIRATION,TEXT,83
LIBRARY_RAW,LANDING,PORTAL_ARC_OPEN_DATA_MINNEA_5381AC03F1,SCORE,TEXT,2000
LIBRARY_RAW,LANDING,PORTAL_ARC_OPEN_DATA_MINNEA_F87FF14B56,SCORE,TEXT,1340
LIBRARY_RAW,LANDING,PORTAL_ARC_OPEN_DATA_RALEIG_5E5B26DC88,CORPORATE,TEXT,375
LIBRARY_RAW,LANDING,PORTAL_ARC_OPEN_DATA_RALEIG_5E5B26DC88,CORPORATE1,TEXT,375
LIBRARY_RAW,LANDING,PORTAL_ARC_OPEN_DATA_RALEIG_8EE851C810,ACTUAL_CORPORATE_EMPLOYMENT_SIZ,TEXT,2000
LIBRARY_RAW,LANDING,PORTAL_ARC_OPEN_DATA_RALEIG_8EE851C810,ACTUAL_CORPORATE_SALES_VOLUME,TEXT,2000
LIBRARY_RAW,LANDING,PORTAL_ARC_OPEN_DATA_RALEIG_8EE851C810,ACTUAL_CREDIT_SCORE,TEXT,2000
LIBRARY_RAW,LANDING,PORTAL_ARC_OPEN_DATA_RALEIG_8EE851C810,CORPORATE_EMPLOYMENT_SIZE_CODE,TEXT,2000
LIBRARY_RAW,LANDING,PORTAL_ARC_OPEN_DATA_RALEIG_8EE851C810,CORPORATE_EMPLOYMENT_SIZE_DESC,TEXT,2000
LIBRARY_RAW,LANDING,PORTAL_ARC_OPEN_DATA_RALEIG_8EE851C810,CORPORATE_SALES_VOLUME_CODE,TEXT,2000
LIBRARY_RAW,LANDING,PORTAL_ARC_OPEN_DATA_RALEIG_8EE851C810,CORPORATE_SALES_VOLUME_DESC,TEXT,2000
LIBRARY_RAW,LANDING,PORTAL_ARC_OPEN_DATA_RALEIG_8EE851C810,CREDIT_SCORE_CODE,TEXT,2000
LIBRARY_RAW,LANDING,PORTAL_ARC_OPEN_DATA_RALEIG_8EE851C810,CREDIT_SCORE_DESC,TEXT,2000
LIBRARY_RAW,LANDING,PORTAL_ARC_OPEN_DATA_RALEIG_8EE851C810,WHITE_COLLAR_PERCENTAGE,TEXT,2000
LIBRARY_RAW,LANDING,PORTAL_ARC_OPEN_DATA_RALEIG_DF19DCBB03,ACTUAL_CORPORATE_EMPLOYMENT_SIZ,TEXT,2000
LIBRARY_RAW,LANDING,PORTAL_ARC_OPEN_DATA_RALEIG_DF19DCBB03,ACTUAL_CORPORATE_SALES_VOLUME,TEXT,2000
LIBRARY_RAW,LANDING,PORTAL_ARC_OPEN_DATA_RALEIG_DF19DCBB03,ACTUAL_CREDIT_SCORE,TEXT,2000
LIBRARY_RAW,LANDING,PORTAL_ARC_OPEN_DATA_RALEIG_DF19DCBB03,CORPORATE_EMPLOYMENT_SIZE_CODE,TEXT,2000
LIBRARY_RAW,LANDING,PORTAL_ARC_OPEN_DATA_RALEIG_DF19DCBB03,CORPORATE_EMPLOYMENT_SIZE_DESC,TEXT,2000
LIBRARY_RAW,LANDING,PORTAL_ARC_OPEN_DATA_RALEIG_DF19DCBB03,CORPORATE_SALES_VOLUME_CODE,TEXT,2000
LIBRARY_RAW,LANDING,PORTAL_ARC_OPEN_DATA_RALEIG_DF19DCBB03,CORPORATE_SALES_VOLUME_DESC,TEXT,2000
LIBRARY_RAW,LANDING,PORTAL_ARC_OPEN_DATA_RALEIG_DF19DCBB03,CREDIT_SCORE_CODE,TEXT,2000
LIBRARY_RAW,LANDING,PORTAL_ARC_OPEN_DATA_RALEIG_DF19DCBB03,CREDIT_SCORE_DESC,TEXT,2000
LIBRARY_RAW,LANDING,PORTAL_ARC_OPEN_DATA_RALEIG_DF19DCBB03,WHITE_COLLAR_PERCENTAGE,TEXT,2000
LIBRARY_RAW,LANDING,PORTAL_ARC_OPEN_DATA_RALEIG_EFBB617010,ACTUAL_CORPORATE_EMPLOYMENT_SIZ,TEXT,2000
LIBRARY_RAW,LANDING,PORTAL_ARC_OPEN_DATA_RALEIG_EFBB617010,ACTUAL_CORPORATE_SALES_VOLUME,TEXT,2000
LIBRARY_RAW,LANDING,PORTAL_ARC_OPEN_DATA_RALEIG_EFBB617010,ACTUAL_CREDIT_SCORE,TEXT,2000
LIBRARY_RAW,LANDING,PORTAL_ARC_OPEN_DATA_RALEIG_EFBB617010,CORPORATE_EMPLOYMENT_SIZE_CODE,TEXT,2000
LIBRARY_RAW,LANDING,PORTAL_ARC_OPEN_DATA_RALEIG_EFBB617010,CORPORATE_EMPLOYMENT_SIZE_DESC,TEXT,2000
LIBRARY_RAW,LANDING,PORTAL_ARC_OPEN_DATA_RALEIG_EFBB617010,CORPORATE_SALES_VOLUME_CODE,TEXT,2000
LIBRARY_RAW,LANDING,PORTAL_ARC_OPEN_DATA_RALEIG_EFBB617010,CORPORATE_SALES_VOLUME_DESC,TEXT,2000
LIBRARY_RAW,LANDING,PORTAL_ARC_OPEN_DATA_RALEIG_EFBB617010,CREDIT_SCORE_CODE,TEXT,2000
LIBRARY_RAW,LANDING,PORTAL_ARC_OPEN_DATA_RALEIG_EFBB617010,CREDIT_SCORE_DESC,TEXT,2000
LIBRARY_RAW,LANDING,PORTAL_ARC_OPEN_DATA_RALEIG_EFBB617010,WHITE_COLLAR_PERCENTAGE,TEXT,2000
LIBRARY_RAW,LANDING,PORTAL_ARC_ORANGE_COUNTY_OP_1A50E60D53,OPERATIONAL_STATUS,TEXT,13
LIBRARY_RAW,LANDING,PORTAL_ARC_ORANGE_COUNTY_OP_27452024DB,OPERATIONAL_STATUS,TEXT,59
LIBRARY_RAW,LANDING,PORTAL_ARC_ORANGE_COUNTY_OP_2F4310B675,OPERATIONAL_STATUS,TEXT,31
LIBRARY_RAW,LANDING,PORTAL_ARC_ORANGE_COUNTY_OP_3A2A7267D1,OPERATIONAL_STATUS,TEXT,33
LIBRARY_RAW,LANDING,PORTAL_ARC_ORANGE_COUNTY_OP_572F3C6271,OPERATIONAL_STATUS,TEXT,10
LIBRARY_RAW,LANDING,PORTAL_ARC_ORANGE_COUNTY_OP_62E4574F5E,OPERATIONAL_STATUS,TEXT,9
LIBRARY_RAW,LANDING,PORTAL_ARC_ORANGE_COUNTY_OP_644FB9535B,OPERATIONAL_STATUS,TEXT,9
LIBRARY_RAW,LANDING,PORTAL_ARC_ORANGE_COUNTY_OP_6BAA47A46B,OPERATIONAL_STATUS,TEXT,33
LIBRARY_RAW,LANDING,PORTAL_ARC_ORANGE_COUNTY_OP_75EFFF54D5,OPERATIONAL_STATUS,TEXT,59
LIBRARY_RAW,LANDING,PORTAL_ARC_ORANGE_COUNTY_OP_8C9550F9C6,OPERATIONAL_STATUS,TEXT,13
LIBRARY_RAW,LANDING,PORTAL_ARC_ORANGE_COUNTY_OP_A69A248695,OPERATIONAL_STATUS,TEXT,10
LIBRARY_RAW,LANDING,PORTAL_ARC_ORANGE_COUNTY_OP_BFABCC10A2,OPERATIONAL_STATUS,TEXT,72
LIBRARY_RAW,LANDING,PORTAL_ARC_ORANGE_COUNTY_OP_DD64A3F2B8,OPERATIONAL_STATUS,TEXT,31
LIBRARY_RAW,LANDING,PORTAL_ARC_ORANGE_COUNTY_OP_EA54EC8366,OPERATIONAL_STATUS,TEXT,72
LIBRARY_RAW,LANDING,PORTAL_ARC_TN_DATA_TENNESSE_655F6BCC6D,ACTUAL_CORPORATE_EMPLOYMENT_SIZE,TEXT,500
LIBRARY_RAW,LANDING,PORTAL_ARC_TN_DATA_TENNESSE_655F6BCC6D,ACTUAL_CORPORATE_SALES_VOLUME,TEXT,500
LIBRARY_RAW,LANDING,PORTAL_ARC_TN_DATA_TENNESSE_655F6BCC6D,ACTUAL_CREDIT_SCORE,TEXT,500
LIBRARY_RAW,LANDING,PORTAL_ARC_TN_DATA_TENNESSE_655F6BCC6D,CORPORATE_EMPLOYMENT_SIZE_CODE,TEXT,500
LIBRARY_RAW,LANDING,PORTAL_ARC_TN_DATA_TENNESSE_655F6BCC6D,CORPORATE_EMPLOYMENT_SIZE_DESC,TEXT,500
LIBRARY_RAW,LANDING,PORTAL_ARC_TN_DATA_TENNESSE_655F6BCC6D,CORPORATE_SALES_VOLUME_CODE,TEXT,500
LIBRARY_RAW,LANDING,PORTAL_ARC_TN_DATA_TENNESSE_655F6BCC6D,CORPORATE_SALES_VOLUME_DESC,TEXT,500
LIBRARY_RAW,LANDING,PORTAL_ARC_TN_DATA_TENNESSE_655F6BCC6D,CREDIT_SCORE_CODE,TEXT,500
LIBRARY_RAW,LANDING,PORTAL_ARC_TN_DATA_TENNESSE_655F6BCC6D,CREDIT_SCORE_DESC,TEXT,500
LIBRARY_RAW,LANDING,PORTAL_ARC_TN_DATA_TENNESSE_655F6BCC6D,WHITE_COLLAR_PERCENTAGE,TEXT,500
LIBRARY_RAW,LANDING,PORTAL_ARC_TUCSON_OPEN_DATA_04EE75BE01,APP_INDEX,TEXT,5000
LIBRARY_RAW,LANDING,PORTAL_ARC_TUCSON_OPEN_DATA_40615E7B14,APP_INDEX,TEXT,3152
LIBRARY_RAW,LANDING,PORTAL_ARC_TUCSON_OPEN_DATA_688A84DDBF,RES_APPINDEX,TEXT,2000
LIBRARY_RAW,LANDING,PORTAL_ARC_TUCSON_OPEN_DATA_726A6C58E2,NUM_ADDRESSES_PER_PARCEL,TEXT,2000
LIBRARY_RAW,LANDING,PORTAL_ARC_TUCSON_OPEN_DATA_726A6C58E2,UNITDENSITY,TEXT,2000
LIBRARY_RAW,LANDING,PORTAL_ARC_TUCSON_OPEN_DATA_7672DB717A,AVG_Z,TEXT,2000
LIBRARY_RAW,LANDING,PORTAL_ARC_TUCSON_OPEN_DATA_7672DB717A,FID_L02018_VULNERABILITY_INDEX,TEXT,2000
LIBRARY_RAW,LANDING,PORTAL_ARC_TUCSON_OPEN_DATA_81EB8BA37C,IMPRATIO,TEXT,2000
LIBRARY_RAW,LANDING,PORTAL_ARC_TUCSON_OPEN_DATA_81EB8BA37C,LANDRATIO,TEXT,2000
LIBRARY_RAW,LANDING,PORTAL_ARC_TUCSON_OPEN_DATA_821C8A43B1,IMPRATIO,TEXT,2000
LIBRARY_RAW,LANDING,PORTAL_ARC_TUCSON_OPEN_DATA_821C8A43B1,LANDRATIO,TEXT,2000
LIBRARY_RAW,LANDING,PORTAL_ARC_TUCSON_OPEN_DATA_89DF24D316,AVG_Z,TEXT,2000
LIBRARY_RAW,LANDING,PORTAL_ARC_TUCSON_OPEN_DATA_89DF24D316,FID_L02018_VULNERABILITY_INDEX,TEXT,2000
LIBRARY_RAW,LANDING,PORTAL_ARC_TUCSON_OPEN_DATA_8AB8EAF3DF,AGE_SUBINDEX_PCTL,TEXT,2000
LIBRARY_RAW,LANDING,PORTAL_ARC_TUCSON_OPEN_DATA_8AB8EAF3DF,AGE_SUBINDEX_TXT,TEXT,2000
LIBRARY_RAW,LANDING,PORTAL_ARC_TUCSON_OPEN_DATA_8AB8EAF3DF,CHILDREN_PCTL,TEXT,2000
LIBRARY_RAW,LANDING,PORTAL_ARC_TUCSON_OPEN_DATA_8AB8EAF3DF,COST_BURDENED_OWNERS_PCTL,TEXT,2000
LIBRARY_RAW,LANDING,PORTAL_ARC_TUCSON_OPEN_DATA_8AB8EAF3DF,COST_BURDENED_RENTERS_PCTL,TEXT,2000
LIBRARY_RAW,LANDING,PORTAL_ARC_TUCSON_OPEN_DATA_8AB8EAF3DF,DISABILITY_PCTL,TEXT,2000
LIBRARY_RAW,LANDING,PORTAL_ARC_TUCSON_OPEN_DATA_8AB8EAF3DF,ECONOMIC_CHRCTR_SUBINDEX_PCTL,TEXT,2000
LIBRARY_RAW,LANDING,PORTAL_ARC_TUCSON_OPEN_DATA_8AB8EAF3DF,ECONOMIC_CHRCTR_SUBINDEX_TXT,TEXT,2000
LIBRARY_RAW,LANDING,PORTAL_ARC_TUCSON_OPEN_DATA_8AB8EAF3DF,HIGH_SCHL_OR_LESS_EDU_PCTL,TEXT,2000
LIBRARY_RAW,LANDING,PORTAL_ARC_TUCSON_OPEN_DATA_8AB8EAF3DF,HOUSING_BURDEN_SUBINDEX_PCTL,TEXT,2000
LIBRARY_RAW,LANDING,PORTAL_ARC_TUCSON_OPEN_DATA_8AB8EAF3DF,HOUSING_BURDEN_SUBINDEX_TXT,TEXT,2000
LIBRARY_RAW,LANDING,PORTAL_ARC_TUCSON_OPEN_DATA_8AB8EAF3DF,INCOME_BELOW_POVERTY_PCTL,TEXT,2000
LIBRARY_RAW,LANDING,PORTAL_ARC_TUCSON_OPEN_DATA_8AB8EAF3DF,LEARNED_CHRCTR_SUBINDEX_PCTL,TEXT,2000
LIBRARY_RAW,LANDING,PORTAL_ARC_TUCSON_OPEN_DATA_8AB8EAF3DF,LEARNED_CHRCTR_SUBINDEX_TXT,TEXT,2000
LIBRARY_RAW,LANDING,PORTAL_ARC_TUCSON_OPEN_DATA_8AB8EAF3DF,LIMIT_RESOURCES_SUBINDEX_PCTL,TEXT,2000
LIBRARY_RAW,LANDING,PORTAL_ARC_TUCSON_OPEN_DATA_8AB8EAF3DF,LIMIT_RESOURCES_SUBINDEX_TXT,TEXT,2000
LIBRARY_RAW,LANDING,PORTAL_ARC_TUCSON_OPEN_DATA_8AB8EAF3DF,LOW_ENGLISH_PROFICIENCY_PCTL,TEXT,2000
LIBRARY_RAW,LANDING,PORTAL_ARC_TUCSON_OPEN_DATA_8AB8EAF3DF,LOW_INCOME_SUBINDEX_PCTL,TEXT,2000
LIBRARY_RAW,LANDING,PORTAL_ARC_TUCSON_OPEN_DATA_8AB8EAF3DF,LOW_INCOME_SUBINDEX_TXT,TEXT,2000
LIBRARY_RAW,LANDING,PORTAL_ARC_TUCSON_OPEN_DATA_8AB8EAF3DF,NO_HEALTH_INSURANCE_PCTL,TEXT,2000
LIBRARY_RAW,LANDING,PORTAL_ARC_TUCSON_OPEN_DATA_8AB8EAF3DF,NO_VEHICLE_ACCESS_PCTL,TEXT,2000
LIBRARY_RAW,LANDING,PORTAL_ARC_TUCSON_OPEN_DATA_8AB8EAF3DF,PERSONAL_CHRCTR_SUBINDEX_PCTL,TEXT,2000
LIBRARY_RAW,LANDING,PORTAL_ARC_TUCSON_OPEN_DATA_8AB8EAF3DF,PERSONAL_CHRCTR_SUBINDEX_TXT,TEXT,2000
LIBRARY_RAW,LANDING,PORTAL_ARC_TUCSON_OPEN_DATA_8AB8EAF3DF,PHYSICAL_CHRCTR_SUBINDEX_PCTL,TEXT,2000
LIBRARY_RAW,LANDING,PORTAL_ARC_TUCSON_OPEN_DATA_8AB8EAF3DF,PHYSICAL_CHRCTR_SUBINDEX_TXT,TEXT,2000
LIBRARY_RAW,LANDING,PORTAL_ARC_TUCSON_OPEN_DATA_8AB8EAF3DF,PPL_OF_COLOR_PCTL,TEXT,2000
LIBRARY_RAW,LANDING,PORTAL_ARC_TUCSON_OPEN_DATA_8AB8EAF3DF,SENIORS_PCTL,TEXT,2000
LIBRARY_RAW,LANDING,PORTAL_ARC_TUCSON_OPEN_DATA_8AB8EAF3DF,TEPI_COMPOSITE_INDEX_PCTL,TEXT,2000
LIBRARY_RAW,LANDING,PORTAL_ARC_TUCSON_OPEN_DATA_8AB8EAF3DF,TEPI_COMPOSITE_INDEX_TXT,TEXT,2000
LIBRARY_RAW,LANDING,PORTAL_ARC_TUCSON_OPEN_DATA_8AB8EAF3DF,UNEMPLOYMENT_RATE_PCTL,TEXT,2000
LIBRARY_RAW,LANDING,PORTAL_ARC_TUCSON_OPEN_DATA_AD6F34F882,APP_INDEX,TEXT,5000
LIBRARY_RAW,LANDING,PORTAL_ARC_TUCSON_OPEN_DATA_B15AE2B075,APP_INDEX,TEXT,3076
LIBRARY_RAW,LANDING,PORTAL_ARC_TUCSON_OPEN_DATA_BDA54FB1D9,IMPRATIO,TEXT,2000
LIBRARY_RAW,LANDING,PORTAL_ARC_TUCSON_OPEN_DATA_BDA54FB1D9,LANDRATIO,TEXT,2000
LIBRARY_RAW,LANDING,PORTAL_ARC_TUCSON_OPEN_DATA_CF31C19A20,APP_INDEX,TEXT,2230
LIBRARY_RAW,LANDING,PORTAL_ARC_VERMONT_OPEN_GEO_62F10327D4,CHANGEPERCENT2013_2023,TEXT,424
LIBRARY_RAW,LANDING,PORTAL_ARC_VERMONT_OPEN_GEO_62F10327D4,CONDITION_INDEX_5YEAR,TEXT,424
LIBRARY_RAW,LANDING,PORTAL_ARC_WAKE_COUNTY_OPEN_4B425FD089,SCORE,TEXT,2000
LIBRARY_RAW,LANDING,PORTAL_CKA_ANALYZE_BOSTON_0BDFF0513C,MAX_DWELLING_UNITS_PER_AREA,TEXT,1638
LIBRARY_RAW,LANDING,PORTAL_CKA_ANALYZE_BOSTON_3947F1D3D1,EXPIRATIONDATE,TEXT,664
LIBRARY_RAW,LANDING,PORTAL_CKA_ANALYZE_BOSTON_5544ABA2E2,DAY_SCORE,TEXT,391
LIBRARY_RAW,LANDING,PORTAL_CKA_ANALYZE_BOSTON_5544ABA2E2,LATEST_SCORE_FLAG,TEXT,391
LIBRARY_RAW,LANDING,PORTAL_CKA_ANALYZE_BOSTON_5544ABA2E2,MONTH_SCORE,TEXT,391
LIBRARY_RAW,LANDING,PORTAL_CKA_ANALYZE_BOSTON_5544ABA2E2,QUARTER_SCORE,TEXT,391
LIBRARY_RAW,LANDING,PORTAL_CKA_ANALYZE_BOSTON_5544ABA2E2,SCORE_CALCULATED_TS,TEXT,391
LIBRARY_RAW,LANDING,PORTAL_CKA_ANALYZE_BOSTON_5544ABA2E2,WEEK_SCORE,TEXT,391
LIBRARY_RAW,LANDING,PORTAL_CKA_ANALYZE_BOSTON_5EDCDE6490,DAILYAVG,TEXT,28
LIBRARY_RAW,LANDING,PORTAL_CKA_ANALYZE_BOSTON_992876D5AB,WDPCT,TEXT,275
LIBRARY_RAW,LANDING,PORTAL_CKA_ANALYZE_BOSTON_D5A9AD584E,VIOLATION_FOR_EXCESSIVE_FLOOR_AREA_RATIO,TEXT,10000
LIBRARY_RAW,LANDING,PORTAL_CKA_ANALYZE_BOSTON_F059843BA0,BASE_RATE,TEXT,6954
LIBRARY_RAW,LANDING,PORTAL_CKA_ANALYZE_BOSTON_F059843BA0,PERMIT_RATE,TEXT,6954
LIBRARY_RAW,LANDING,PORTAL_CKA_CALIFORNIA_OPEN_21E0E694B5,PCT_BARE,TEXT,991
LIBRARY_RAW,LANDING,PORTAL_CKA_CALIFORNIA_OPEN_21E0E694B5,PCT_HERB,TEXT,991
LIBRARY_RAW,LANDING,PORTAL_CKA_CALIFORNIA_OPEN_21E0E694B5,PCT_SHRUB,TEXT,991
LIBRARY_RAW,LANDING,PORTAL_CKA_CALIFORNIA_OPEN_21E0E694B5,PCT_TREE,TEXT,991
LIBRARY_RAW,LANDING,PORTAL_CKA_CALIFORNIA_OPEN_35E42B9770,POTABLE_DEMAND_RES_ZSCORE,TEXT,10000
LIBRARY_RAW,LANDING,PORTAL_CKA_CALIFORNIA_OPEN_35E42B9770,POTABLE_SUPPLY_MINUS_SOLD_MINUS_AG_ZSCORE,TEXT,10000
LIBRARY_RAW,LANDING,PORTAL_CKA_CALIFORNIA_OPEN_35E42B9770,POTABLE_SUPPLY_MINUS_SOLD_ZSCORE,TEXT,10000
LIBRARY_RAW,LANDING,PORTAL_CKA_CALIFORNIA_OPEN_35E42B9770,R_GPCD_ZSCORE,TEXT,10000
LIBRARY_RAW,LANDING,PORTAL_CKA_CALIFORNIA_OPEN_490B55C81B,PUMP_RATE_REDUCTION,TEXT,6160
LIBRARY_RAW,LANDING,PORTAL_CKA_CALIFORNIA_OPEN_5DD35F95D8,LICENSE_EXPIRATION_DATE,TEXT,5000
LIBRARY_RAW,LANDING,PORTAL_CKA_CALIFORNIA_OPEN_7F65D27DB7,ESTIMATED_RESTORATION_DATE_TIME,TEXT,71
LIBRARY_RAW,LANDING,PORTAL_CKA_CALIFORNIA_OPEN_823711435D,ADMINISTRATION_REGION,TEXT,27
LIBRARY_RAW,LANDING,PORTAL_CKA_CALIFORNIA_OPEN_B100823F62,LIC_EXPIRATION_DATE,TEXT,2285
LIBRARY_RAW,LANDING,PORTAL_CKA_CALIFORNIA_OPEN_B36AD1F596,MEDIAN_OOP_AMT,TEXT,10000
LIBRARY_RAW,LANDING,PORTAL_CKA_CALIFORNIA_OPEN_B36AD1F596,PERCENT_ZERO_OOP,TEXT,10000
LIBRARY_RAW,LANDING,PORTAL_CKA_CALIFORNIA_OPEN_B7D3E2C140,ESTIMATED_RESTORATION_DATE_TIME,TEXT,41
LIBRARY_RAW,LANDING,PORTAL_CKA_CALIFORNIA_OPEN_C19A7C8625,AC_UNBILL_UNMETER_ERR_PERCENT,TEXT,4858
LIBRARY_RAW,LANDING,PORTAL_CKA_CALIFORNIA_OPEN_C19A7C8625,AUDIT_PREPARATION_DATE,TEXT,4858
LIBRARY_RAW,LANDING,PORTAL_CKA_CALIFORNIA_OPEN_C19A7C8625,PI_APPARENT_LOSS_COST_RATE,TEXT,4858
LIBRARY_RAW,LANDING,PORTAL_CKA_CALIFORNIA_OPEN_C19A7C8625,PI_FI_NON_REV_PERCENT_BY_COST,TEXT,4858
LIBRARY_RAW,LANDING,PORTAL_CKA_CALIFORNIA_OPEN_C19A7C8625,PI_FI_NON_REV_PERCENT_BY_VOL,TEXT,4858
LIBRARY_RAW,LANDING,PORTAL_CKA_CALIFORNIA_OPEN_C19A7C8625,PI_INFRASTRUCT_LEAKAGE_INDEX,TEXT,4858
LIBRARY_RAW,LANDING,PORTAL_CKA_CALIFORNIA_OPEN_C19A7C8625,PI_REAL_LOSS_COST_RATE,TEXT,4858
LIBRARY_RAW,LANDING,PORTAL_CKA_CALIFORNIA_OPEN_C19A7C8625,PI_TOTAL_LOSS_COST_RATE,TEXT,4858
LIBRARY_RAW,LANDING,PORTAL_CKA_CALIFORNIA_OPEN_C19A7C8625,SD_AVG_OPER_PRESSURE_COMMENT,TEXT,4858
LIBRARY_RAW,LANDING,PORTAL_CKA_CALIFORNIA_OPEN_C19A7C8625,SD_AVG_OPER_PRESSURE_PSI,TEXT,4858
LIBRARY_RAW,LANDING,PORTAL_CKA_CALIFORNIA_OPEN_C19A7C8625,SD_SERVICE_CON_DENSITY,TEXT,4858
LIBRARY_RAW,LANDING,PORTAL_CKA_CALIFORNIA_OPEN_C19A7C8625,WATER_AUDIT_VALIDITY_SCORE,TEXT,4858
LIBRARY_RAW,LANDING,PORTAL_CKA_CALIFORNIA_OPEN_C19A7C8625,WL_CUST_MTR_INACC_ERR_PERCENT,TEXT,4858
LIBRARY_RAW,LANDING,PORTAL_CKA_CALIFORNIA_OPEN_C19A7C8625,WL_SYS_DATA_ERR_ERR_PERCENT,TEXT,4858
LIBRARY_RAW,LANDING,PORTAL_CKA_CALIFORNIA_OPEN_C19A7C8625,WL_UNAUTH_CONS_ERR_PERCENT,TEXT,4858
LIBRARY_RAW,LANDING,PORTAL_CKA_CALIFORNIA_OPEN_C19A7C8625,WS_EXPORTED_ERR_PERCENT,TEXT,4858
LIBRARY_RAW,LANDING,PORTAL_CKA_CALIFORNIA_OPEN_C19A7C8625,WS_IMPORTED_ERR_PERCENT,TEXT,4858
LIBRARY_RAW,LANDING,PORTAL_CKA_CALIFORNIA_OPEN_C19A7C8625,WS_OWN_SOURCES_ERR_PERCENT,TEXT,4858
LIBRARY_RAW,LANDING,PORTAL_CKA_CALIFORNIA_OPEN_C86733ED60,DENSITYMIDPT,TEXT,10000
LIBRARY_RAW,LANDING,PORTAL_CKA_CALIFORNIA_OPEN_D33A75D890,EXPIRATION_DATE,TEXT,10000
LIBRARY_RAW,LANDING,PORTAL_CKA_CALIFORNIA_OPEN_E87D6ED57D,ABESENCE_OF_INTERTIES_RAW_SCORE,TEXT,3200
LIBRARY_RAW,LANDING,PORTAL_CKA_CALIFORNIA_OPEN_E87D6ED57D,ABESENCE_OF_INTERTIES_WEIGHTED_SCORE,TEXT,3200
LIBRARY_RAW,LANDING,PORTAL_CKA_CALIFORNIA_OPEN_E87D6ED57D,ACCESSIBILITY_PERCENTAGE_OF_TOTAL_RISK_SCORE,TEXT,3200
LIBRARY_RAW,LANDING,PORTAL_CKA_CALIFORNIA_OPEN_E87D6ED57D,ACCESSIBILITY_SCORE,TEXT,3200
LIBRARY_RAW,LANDING,PORTAL_CKA_CALIFORNIA_OPEN_E87D6ED57D,AFFORDABILITY_PERCENTAGE_OF_TOTAL_RISK_SCORE,TEXT,3200
LIBRARY_RAW,LANDING,PORTAL_CKA_CALIFORNIA_OPEN_E87D6ED57D,AFFORDABILITY_SCORE,TEXT,3200
LIBRARY_RAW,LANDING,PORTAL_CKA_CALIFORNIA_OPEN_E87D6ED57D,BOTTLED_WATER_OR_HAULED_WATER_RELIANCE_RAW_SCORE,TEXT,3200
LIBRARY_RAW,LANDING,PORTAL_CKA_CALIFORNIA_OPEN_E87D6ED57D,BOTTLED_WATER_OR_HAULED_WATER_RELIANCE_WEIGHTED_SCORE,TEXT,3200
LIBRARY_RAW,LANDING,PORTAL_CKA_CALIFORNIA_OPEN_E87D6ED57D,CALENVIRO_SCREEN_SCORE,TEXT,3200
LIBRARY_RAW,LANDING,PORTAL_CKA_CALIFORNIA_OPEN_E87D6ED57D,CONSTITUENTS_OF_EMERGING_CONCERN_RAW_SCORE,TEXT,3200
LIBRARY_RAW,LANDING,PORTAL_CKA_CALIFORNIA_OPEN_E87D6ED57D,CONSTITUENTS_OF_EMERGING_CONCERN_WEIGHTED_SCORE,TEXT,3200
LIBRARY_RAW,LANDING,PORTAL_CKA_CALIFORNIA_OPEN_E87D6ED57D,CRITICALLY_OVERDRAFTED_GROUNDWATER_BASIN_RAW_SCORE,TEXT,3200
LIBRARY_RAW,LANDING,PORTAL_CKA_CALIFORNIA_OPEN_E87D6ED57D,CRITICALLY_OVERDRAFTED_GROUNDWATER_BASIN_WEIGHTED_SCORE,TEXT,3200
LIBRARY_RAW,LANDING,PORTAL_CKA_CALIFORNIA_OPEN_E87D6ED57D,DAYS_CASH_ON_HAND_RAW_SCORE,TEXT,3200
LIBRARY_RAW,LANDING,PORTAL_CKA_CALIFORNIA_OPEN_E87D6ED57D,DAYS_CASH_ON_HAND_WEIGHTED_SCORE,TEXT,3200
LIBRARY_RAW,LANDING,PORTAL_CKA_CALIFORNIA_OPEN_E87D6ED57D,DWR_DROUGHT_AND_WATER_SHORTAGE_RISK_ASSESSMENT_PERCENTILE_RAW_S,TEXT,3200
LIBRARY_RAW,LANDING,PORTAL_CKA_CALIFORNIA_OPEN_E87D6ED57D,DWR_DROUGHT_AND_WATER_SHORTAGE_RISK_ASSESSMENT_PERCENTILE_RISK,TEXT,3200
LIBRARY_RAW,LANDING,PORTAL_CKA_CALIFORNIA_OPEN_E87D6ED57D,DWR_DROUGHT_AND_WATER_SHORTAGE_RISK_ASSESSMENT_PERCENTILE_THRES,TEXT,3200
LIBRARY_RAW,LANDING,PORTAL_CKA_CALIFORNIA_OPEN_E87D6ED57D,DWR_DROUGHT_AND_WATER_SHORTAGE_RISK_ASSESSMENT_PERCENTILE_WEIGH,TEXT,3200
LIBRARY_RAW,LANDING,PORTAL_CKA_CALIFORNIA_OPEN_E87D6ED57D,EXTREME_WATER_BILL_RAW_SCORE,TEXT,3200
LIBRARY_RAW,LANDING,PORTAL_CKA_CALIFORNIA_OPEN_E87D6ED57D,EXTREME_WATER_BILL_WEIGHTED_SCORE,TEXT,3200
LIBRARY_RAW,LANDING,PORTAL_CKA_CALIFORNIA_OPEN_E87D6ED57D,HISTORY_OF_E_COLI_PRESENCE_RAW_SCORE,TEXT,3200
LIBRARY_RAW,LANDING,PORTAL_CKA_CALIFORNIA_OPEN_E87D6ED57D,HISTORY_OF_E_COLI_PRESENCE_WEIGHTED_SCORE,TEXT,3200
LIBRARY_RAW,LANDING,PORTAL_CKA_CALIFORNIA_OPEN_E87D6ED57D,HOUSEHOLD_SOCIOECONOMIC_BURDEN_RAW_SCORE,TEXT,3200
LIBRARY_RAW,LANDING,PORTAL_CKA_CALIFORNIA_OPEN_E87D6ED57D,HOUSEHOLD_SOCIOECONOMIC_BURDEN_WEIGHTED_SCORE,TEXT,3200
LIBRARY_RAW,LANDING,PORTAL_CKA_CALIFORNIA_OPEN_E87D6ED57D,MONITORING_AND_REPORTING_VIOLATIONS_SCORE,TEXT,3200
LIBRARY_RAW,LANDING,PORTAL_CKA_CALIFORNIA_OPEN_E87D6ED57D,MONITORING_AND_REPORTING_VIOLATIONS_WEIGHTED_SCORE,TEXT,3200
LIBRARY_RAW,LANDING,PORTAL_CKA_CALIFORNIA_OPEN_E87D6ED57D,NUMBER_OF_WATER_SOURCES_RAW_SCORE,TEXT,3200
LIBRARY_RAW,LANDING,PORTAL_CKA_CALIFORNIA_OPEN_E87D6ED57D,NUMBER_OF_WATER_SOURCES_WEIGHTED_RAW_SCORE,TEXT,3200
LIBRARY_RAW,LANDING,PORTAL_CKA_CALIFORNIA_OPEN_E87D6ED57D,OPERATING_RATIO_RAW_SCORE,TEXT,3200
LIBRARY_RAW,LANDING,PORTAL_CKA_CALIFORNIA_OPEN_E87D6ED57D,OPERATING_RATIO_RISK_LEVEL,TEXT,3200
LIBRARY_RAW,LANDING,PORTAL_CKA_CALIFORNIA_OPEN_E87D6ED57D,OPERATING_RATIO_THRESHOLD_MET,TEXT,3200
LIBRARY_RAW,LANDING,PORTAL_CKA_CALIFORNIA_OPEN_E87D6ED57D,OPERATING_RATIO_WEIGHTED_SCORE,TEXT,3200
LIBRARY_RAW,LANDING,PORTAL_CKA_CALIFORNIA_OPEN_E87D6ED57D,OPERATOR_CERTIFICATION_VIOLATIONS_RAW_SCORE,TEXT,3200
LIBRARY_RAW,LANDING,PORTAL_CKA_CALIFORNIA_OPEN_E87D6ED57D,OPERATOR_CERTIFICATION_VIOLATIONS_WEIGHTED_SCORE,TEXT,3200
LIBRARY_RAW,LANDING,PORTAL_CKA_CALIFORNIA_OPEN_E87D6ED57D,PAST_PRESENCE_ON_THE_FAILING_LIST_RAW_SCORE,TEXT,3200
LIBRARY_RAW,LANDING,PORTAL_CKA_CALIFORNIA_OPEN_E87D6ED57D,PAST_PRESENCE_ON_THE_FAILING_LIST_WEIGHTED_SCORE,TEXT,3200
LIBRARY_RAW,LANDING,PORTAL_CKA_CALIFORNIA_OPEN_E87D6ED57D,PERCENTAGE_OF_SOURCES_EXCEEDING_AN_MCL_RAW_SCORE,TEXT,3200
LIBRARY_RAW,LANDING,PORTAL_CKA_CALIFORNIA_OPEN_E87D6ED57D,PERCENTAGE_OF_SOURCES_EXCEEDING_AN_MCL_RISK_LEVEL,TEXT,3200
LIBRARY_RAW,LANDING,PORTAL_CKA_CALIFORNIA_OPEN_E87D6ED57D,PERCENTAGE_OF_SOURCES_EXCEEDING_AN_MCL_THRESHOLD_MET,TEXT,3200
LIBRARY_RAW,LANDING,PORTAL_CKA_CALIFORNIA_OPEN_E87D6ED57D,PERCENTAGE_OF_SOURCES_EXCEEDING_AN_MCL_WEIGHTED_SCORE,TEXT,3200
LIBRARY_RAW,LANDING,PORTAL_CKA_CALIFORNIA_OPEN_E87D6ED57D,PERCENT_OF_MEDIAN_HOUSEHOLD_INCOME_MHI_RAW_SCORE,TEXT,3200
LIBRARY_RAW,LANDING,PORTAL_CKA_CALIFORNIA_OPEN_E87D6ED57D,PERCENT_OF_MEDIAN_HOUSEHOLD_INCOME_MHI_RISK_LEVEL,TEXT,3200
LIBRARY_RAW,LANDING,PORTAL_CKA_CALIFORNIA_OPEN_E87D6ED57D,PERCENT_OF_MEDIAN_HOUSEHOLD_INCOME_MHI_THRESHOLD_MET,TEXT,3200
LIBRARY_RAW,LANDING,PORTAL_CKA_CALIFORNIA_OPEN_E87D6ED57D,PERCENT_OF_MEDIAN_HOUSEHOLD_INCOME_MHI_WEIGHTED_SCORE,TEXT,3200
LIBRARY_RAW,LANDING,PORTAL_CKA_CALIFORNIA_OPEN_E87D6ED57D,SIGNIFICANT_DEFICIENCIES_RAW_SCORE,TEXT,3200
LIBRARY_RAW,LANDING,PORTAL_CKA_CALIFORNIA_OPEN_E87D6ED57D,SIGNIFICANT_DEFICIENCIES_WEIGHTED_SCORE,TEXT,3200
LIBRARY_RAW,LANDING,PORTAL_CKA_CALIFORNIA_OPEN_E87D6ED57D,SOURCE_CAPACITY_VIOLATIONS_RAW_SCORE,TEXT,3200
LIBRARY_RAW,LANDING,PORTAL_CKA_CALIFORNIA_OPEN_E87D6ED57D,SOURCE_CAPACITY_VIOLATIONS_WEIGHTED_SCORE,TEXT,3200
LIBRARY_RAW,LANDING,PORTAL_CKA_CALIFORNIA_OPEN_E87D6ED57D,TMF_CAPACITY_PERCENTAGE_OF_TOTAL_RISK_SCORE,TEXT,3200
LIBRARY_RAW,LANDING,PORTAL_CKA_CALIFORNIA_OPEN_E87D6ED57D,TMF_CAPACITY_SCORE,TEXT,3200
LIBRARY_RAW,LANDING,PORTAL_CKA_CALIFORNIA_OPEN_E87D6ED57D,TOTAL_NET_ANNUAL_INCOME_RAW_SCORE,TEXT,3200
LIBRARY_RAW,LANDING,PORTAL_CKA_CALIFORNIA_OPEN_E87D6ED57D,TOTAL_NET_ANNUAL_INCOME_WEIGHTED_SCORE,TEXT,3200
LIBRARY_RAW,LANDING,PORTAL_CKA_CALIFORNIA_OPEN_E87D6ED57D,TOTAL_WEIGHTED_RISK_SCORE_BEFORE_DIVIDING_BY_CATEGORY_COUNT,TEXT,3200
LIBRARY_RAW,LANDING,PORTAL_CKA_CALIFORNIA_OPEN_E87D6ED57D,TREATMENT_TECHNIUQE_VIOLATIONS_RAW_SCORE,TEXT,3200
LIBRARY_RAW,LANDING,PORTAL_CKA_CALIFORNIA_OPEN_E87D6ED57D,TREATMENT_TECHNIUQE_VIOLATIONS_WEIGHTED_SCORE,TEXT,3200
LIBRARY_RAW,LANDING,PORTAL_CKA_CALIFORNIA_OPEN_E87D6ED57D,WATER_QUALITY_PERCENTAGE_OF_TOTAL_RISK_SCORE,TEXT,3200
LIBRARY_RAW,LANDING,PORTAL_CKA_CALIFORNIA_OPEN_E87D6ED57D,WATER_QUALITY_SCORE,TEXT,3200
LIBRARY_RAW,LANDING,PORTAL_CKA_CALIFORNIA_OPEN_E87D6ED57D,WEIGHTED_ACCESSIBILITY_SCORE,TEXT,3200
LIBRARY_RAW,LANDING,PORTAL_CKA_CALIFORNIA_OPEN_E87D6ED57D,WEIGHTED_AFFORDABILITY_SCORE,TEXT,3200
LIBRARY_RAW,LANDING,PORTAL_CKA_CALIFORNIA_OPEN_E87D6ED57D,WEIGHTED_TMF_CAPACITY_SCORE,TEXT,3200
LIBRARY_RAW,LANDING,PORTAL_CKA_CALIFORNIA_OPEN_E87D6ED57D,WEIGHTED_WATER_QUALITY_SCORE,TEXT,3200
LIBRARY_RAW,LANDING,PORTAL_CKA_HOUSTON_OPEN_DAT_07C9C99EB1,SCORE,TEXT,2216
LIBRARY_RAW,LANDING,PORTAL_CKA_HOUSTON_OPEN_DAT_18A3CA22AF,PER_EFFECTIVE_END_DATE,TEXT,28
LIBRARY_RAW,LANDING,PORTAL_CKA_HOUSTON_OPEN_DAT_18A3CA22AF,PER_EFFECTIVE_START_DATE,TEXT,28
LIBRARY_RAW,LANDING,PORTAL_CKA_HOUSTON_OPEN_DAT_18A3CA22AF,PER_NUMBER,TEXT,28
LIBRARY_RAW,LANDING,PORTAL_CKA_HOUSTON_OPEN_DAT_49FFAB9EDC,PER_EFFECTIVE_END_DATE,TEXT,42
LIBRARY_RAW,LANDING,PORTAL_CKA_HOUSTON_OPEN_DAT_49FFAB9EDC,PER_EFFECTIVE_START_DATE,TEXT,42
LIBRARY_RAW,LANDING,PORTAL_CKA_HOUSTON_OPEN_DAT_49FFAB9EDC,PER_NUMBER,TEXT,42
LIBRARY_RAW,LANDING,PORTAL_CKA_HOUSTON_OPEN_DAT_49FFAB9EDC,PER_VL,TEXT,42
LIBRARY_RAW,LANDING,PORTAL_CKA_HOUSTON_OPEN_DAT_49FFAB9EDC,PER_VOH,TEXT,42
LIBRARY_RAW,LANDING,PORTAL_CKA_HOUSTON_OPEN_DAT_49FFAB9EDC,PER_VS,TEXT,42
LIBRARY_RAW,LANDING,PORTAL_CKA_HOUSTON_OPEN_DAT_5848C85560,PERMIT_EXPIRATION_DATE,TEXT,5060
LIBRARY_RAW,LANDING,PORTAL_CKA_HOUSTON_OPEN_DAT_76E445329F,PERMIT_EXPIRATION_DATE,TEXT,4308
LIBRARY_RAW,LANDING,PORTAL_CKA_HOUSTON_OPEN_DAT_824D8A7B02,EXPIRATION_DATE,TEXT,2310
LIBRARY_RAW,LANDING,PORTAL_CKA_HOUSTON_OPEN_DAT_9A02A5CFC0,PER_EFFECTIVE_END_DATE,TEXT,587
LIBRARY_RAW,LANDING,PORTAL_CKA_HOUSTON_OPEN_DAT_9A02A5CFC0,PER_EFFECTIVE_START_DATE,TEXT,587
LIBRARY_RAW,LANDING,PORTAL_CKA_HOUSTON_OPEN_DAT_9A02A5CFC0,PER_NUMBER,TEXT,587
LIBRARY_RAW,LANDING,PORTAL_CKA_HOUSTON_OPEN_DAT_9A02A5CFC0,PER_UID,TEXT,587
LIBRARY_RAW,LANDING,PORTAL_CKA_HOUSTON_OPEN_DAT_C3F216770E,SCORE,TEXT,9996
LIBRARY_RAW,LANDING,PORTAL_CKA_HOUSTON_OPEN_DAT_C5521BDA2A,FACILITYRISKSCORE,TEXT,10000
LIBRARY_RAW,LANDING,PORTAL_CKA_HOUSTON_OPEN_DAT_C5521BDA2A,INSPECTIONSCORE,TEXT,10000
LIBRARY_RAW,LANDING,PORTAL_CKA_HOUSTON_OPEN_DAT_F10142914F,EXPIRATION,TEXT,9999
LIBRARY_RAW,LANDING,PORTAL_CKA_HOUSTON_OPEN_DAT_F10142914F,SCORE,TEXT,9999
LIBRARY_RAW,LANDING,PORTAL_CKA_INDIANA_DATA_HUB_0ED686ABD6,CORPORATION_NAME,TEXT,10000
LIBRARY_RAW,LANDING,PORTAL_CKA_INDIANA_DATA_HUB_0ED686ABD6,CORPORATION_TYPE,TEXT,10000
LIBRARY_RAW,LANDING,PORTAL_CKA_INDIANA_DATA_HUB_0ED686ABD6,MEDIAN_WAGE,TEXT,10000
LIBRARY_RAW,LANDING,PORTAL_CKA_INDIANA_DATA_HUB_4F4EC0066B,COVID_COUNT_PCT,TEXT,306
LIBRARY_RAW,LANDING,PORTAL_CKA_INDIANA_DATA_HUB_4F4EC0066B,COVID_DEATHS_PCT,TEXT,306
LIBRARY_RAW,LANDING,PORTAL_CKA_INDIANA_DATA_HUB_4F4EC0066B,COVID_TEST_PCT,TEXT,306
LIBRARY_RAW,LANDING,PORTAL_CKA_INDIANA_DATA_HUB_56BFD51405,CORPORATION_NAME,TEXT,4175
LIBRARY_RAW,LANDING,PORTAL_CKA_INDIANA_DATA_HUB_56BFD51405,DTAP_RATE,TEXT,4175
LIBRARY_RAW,LANDING,PORTAL_CKA_INDIANA_DATA_HUB_56BFD51405,HEPA_RATE,TEXT,4175
LIBRARY_RAW,LANDING,PORTAL_CKA_INDIANA_DATA_HUB_56BFD51405,HEPB_RATE,TEXT,4175
LIBRARY_RAW,LANDING,PORTAL_CKA_INDIANA_DATA_HUB_56BFD51405,IPV_OPV_RATE,TEXT,4175
LIBRARY_RAW,LANDING,PORTAL_CKA_INDIANA_DATA_HUB_56BFD51405,MCV4_RATE,TEXT,4175
LIBRARY_RAW,LANDING,PORTAL_CKA_INDIANA_DATA_HUB_56BFD51405,MMR_RATE,TEXT,4175
LIBRARY_RAW,LANDING,PORTAL_CKA_INDIANA_DATA_HUB_56BFD51405,TDAP_RATE,TEXT,4175
LIBRARY_RAW,LANDING,PORTAL_CKA_INDIANA_DATA_HUB_56BFD51405,VAR_RATE,TEXT,4175
LIBRARY_RAW,LANDING,PORTAL_CKA_INDIANA_DATA_HUB_83BA6435C2,ALL_TESTS_POSITIVE_TEST_RATE,TEXT,10000
LIBRARY_RAW,LANDING,PORTAL_CKA_INDIANA_DATA_HUB_83BA6435C2,ALL_TESTS_POSITIVE_TEST_RATE_MOVING_AVG,TEXT,10000
LIBRARY_RAW,LANDING,PORTAL_CKA_INDIANA_DATA_HUB_83BA6435C2,COVID_COUNT_MOVING_AVG,TEXT,10000
LIBRARY_RAW,LANDING,PORTAL_CKA_INDIANA_DATA_HUB_83BA6435C2,COVID_DEATHS_MOVING_AVG,TEXT,10000
LIBRARY_RAW,LANDING,PORTAL_CKA_INDIANA_DATA_HUB_83BA6435C2,COVID_TESTS_ADMINISTRATED,TEXT,10000
LIBRARY_RAW,LANDING,PORTAL_CKA_INDIANA_DATA_HUB_83BA6435C2,COVID_TESTS_ADMINISTRATED_MOVING_AVG,TEXT,10000
LIBRARY_RAW,LANDING,PORTAL_CKA_INDIANA_DATA_HUB_83BA6435C2,COVID_TESTS_MOVING_AVG,TEXT,10000
LIBRARY_RAW,LANDING,PORTAL_CKA_INDIANA_DATA_HUB_83BA6435C2,POSITIVE_TEST_RATE,TEXT,10000
LIBRARY_RAW,LANDING,PORTAL_CKA_INDIANA_DATA_HUB_83BA6435C2,POSITIVE_TEST_RATE_MOVING_AVG,TEXT,10000
LIBRARY_RAW,LANDING,PORTAL_CKA_INDIANA_DATA_HUB_90819D705E,PERCENTAGE,TEXT,770
LIBRARY_RAW,LANDING,PORTAL_CKA_INDIANA_DATA_HUB_BD531B17F6,CASE_RATE,TEXT,92
LIBRARY_RAW,LANDING,PORTAL_CKA_INDIANA_DATA_HUB_BD531B17F6,CASE_SCORE,TEXT,92
LIBRARY_RAW,LANDING,PORTAL_CKA_INDIANA_DATA_HUB_BD531B17F6,COUNTY_SCORE,TEXT,92
LIBRARY_RAW,LANDING,PORTAL_CKA_INDIANA_DATA_HUB_BD531B17F6,COUNTY_SCORE_COLOR,TEXT,92
LIBRARY_RAW,LANDING,PORTAL_CKA_INDIANA_DATA_HUB_BD531B17F6,POSITIVITY_RATE,TEXT,92
LIBRARY_RAW,LANDING,PORTAL_CKA_INDIANA_DATA_HUB_BD531B17F6,POSITIVITY_SCORE,TEXT,92
LIBRARY_RAW,LANDING,PORTAL_CKA_ISRAEL_NATIONAL_12FC0D7B44,ACC_INDEX,TEXT,1174
LIBRARY_RAW,LANDING,PORTAL_CKA_ISRAEL_NATIONAL_32CF786F4C,CERTIFICATE_SCORE_A,TEXT,7534
LIBRARY_RAW,LANDING,PORTAL_CKA_ISRAEL_NATIONAL_32CF786F4C,CERTIFICATE_SCORE_B,TEXT,7534
LIBRARY_RAW,LANDING,PORTAL_CKA_ISRAEL_NATIONAL_32CF786F4C,CERTIFICATE_SCORE_PRE,TEXT,7534
LIBRARY_RAW,LANDING,PORTAL_CKA_ISRAEL_NATIONAL_338EF2B642,AVG_ANNUAL_MANAGEMENT_FEE,TEXT,10000
LIBRARY_RAW,LANDING,PORTAL_CKA_ISRAEL_NATIONAL_338EF2B642,AVG_ANNUAL_YIELD_TRAILING_3YRS,TEXT,10000
LIBRARY_RAW,LANDING,PORTAL_CKA_ISRAEL_NATIONAL_338EF2B642,AVG_ANNUAL_YIELD_TRAILING_5YRS,TEXT,10000
LIBRARY_RAW,LANDING,PORTAL_CKA_ISRAEL_NATIONAL_338EF2B642,AVG_DEPOSIT_FEE,TEXT,10000
LIBRARY_RAW,LANDING,PORTAL_CKA_ISRAEL_NATIONAL_338EF2B642,CONTROLLING_CORPORATION,TEXT,10000
LIBRARY_RAW,LANDING,PORTAL_CKA_ISRAEL_NATIONAL_338EF2B642,LIQUID_ASSETS_PERCENT,TEXT,10000
LIBRARY_RAW,LANDING,PORTAL_CKA_ISRAEL_NATIONAL_338EF2B642,MANAGING_CORPORATION,TEXT,10000
LIBRARY_RAW,LANDING,PORTAL_CKA_ISRAEL_NATIONAL_338EF2B642,MANAGING_CORPORATION_LEGAL_ID,TEXT,10000
LIBRARY_RAW,LANDING,PORTAL_CKA_ISRAEL_NATIONAL_338EF2B642,SHARPE_RATIO,TEXT,10000
LIBRARY_RAW,LANDING,PORTAL_CKA_ISRAEL_NATIONAL_36F3314F93,DEDUCTION_RATE,TEXT,340
LIBRARY_RAW,LANDING,PORTAL_CKA_ISRAEL_NATIONAL_6C5E40114C,AVG_ANNUAL_MANAGEMENT_FEE,TEXT,10000
LIBRARY_RAW,LANDING,PORTAL_CKA_ISRAEL_NATIONAL_6C5E40114C,AVG_ANNUAL_YIELD_TRAILING_3YRS,TEXT,10000
LIBRARY_RAW,LANDING,PORTAL_CKA_ISRAEL_NATIONAL_6C5E40114C,AVG_ANNUAL_YIELD_TRAILING_5YRS,TEXT,10000
LIBRARY_RAW,LANDING,PORTAL_CKA_ISRAEL_NATIONAL_6C5E40114C,AVG_DEPOSIT_FEE,TEXT,10000
LIBRARY_RAW,LANDING,PORTAL_CKA_ISRAEL_NATIONAL_6C5E40114C,LIQUID_ASSETS_PERCENT,TEXT,10000
LIBRARY_RAW,LANDING,PORTAL_CKA_ISRAEL_NATIONAL_6C5E40114C,SHARPE_RATIO,TEXT,10000
LIBRARY_RAW,LANDING,PORTAL_CKA_ISRAEL_NATIONAL_6FA4DE9040,ACC_INDEX,TEXT,2637
LIBRARY_RAW,LANDING,PORTAL_CKA_ISRAEL_NATIONAL_8649911221,REGISTRATIONDATE,TEXT,7181
LIBRARY_RAW,LANDING,PORTAL_CKA_ISRAEL_NATIONAL_878A0365B9,INDEX,TEXT,564
LIBRARY_RAW,LANDING,PORTAL_CKA_ISRAEL_NATIONAL_B87C2B5695,LICENSEEXPIRATIONDATE,TEXT,446
LIBRARY_RAW,LANDING,PORTAL_CKA_ISRAEL_NATIONAL_BD42818FC5,PERMITEXPIRATIONDATE,TEXT,2139
LIBRARY_RAW,LANDING,PORTAL_CKA_ISRAEL_NATIONAL_D59087E169,AVG_ANNUAL_MANAGEMENT_FEE,TEXT,10000
LIBRARY_RAW,LANDING,PORTAL_CKA_ISRAEL_NATIONAL_D59087E169,AVG_ANNUAL_YIELD_TRAILING_3YRS,TEXT,10000
LIBRARY_RAW,LANDING,PORTAL_CKA_ISRAEL_NATIONAL_D59087E169,AVG_ANNUAL_YIELD_TRAILING_5YRS,TEXT,10000
LIBRARY_RAW,LANDING,PORTAL_CKA_ISRAEL_NATIONAL_D59087E169,AVG_DEPOSIT_FEE,TEXT,10000
LIBRARY_RAW,LANDING,PORTAL_CKA_ISRAEL_NATIONAL_D59087E169,CONTROLLING_CORPORATION,TEXT,10000
LIBRARY_RAW,LANDING,PORTAL_CKA_ISRAEL_NATIONAL_D59087E169,LIQUID_ASSETS_PERCENT,TEXT,10000
LIBRARY_RAW,LANDING,PORTAL_CKA_ISRAEL_NATIONAL_D59087E169,MANAGING_CORPORATION,TEXT,10000
LIBRARY_RAW,LANDING,PORTAL_CKA_ISRAEL_NATIONAL_D59087E169,MANAGING_CORPORATION_LEGAL_ID,TEXT,10000
LIBRARY_RAW,LANDING,PORTAL_CKA_ISRAEL_NATIONAL_D59087E169,SHARPE_RATIO,TEXT,10000
LIBRARY_RAW,LANDING,PORTAL_CKA_ISRAEL_NATIONAL_DA9560F407,REGISTRATION,TEXT,506
LIBRARY_RAW,LANDING,PORTAL_CKA_ISRAEL_NATIONAL_E9C63EFCDA,AVERAGETRIPDURATION,TEXT,5356
LIBRARY_RAW,LANDING,PORTAL_CKA_ISRAEL_NATIONAL_E9C63EFCDA,AVGCOMMUTERSPERRIDE_WEEKLY,TEXT,5356
LIBRARY_RAW,LANDING,PORTAL_CKA_ISRAEL_NATIONAL_E9C63EFCDA,AVGPASSENGERSPERWEEK,TEXT,5356
LIBRARY_RAW,LANDING,PORTAL_CKA_ISRAEL_NATIONAL_E9C63EFCDA,OPERATIONSINCE,TEXT,5356
LIBRARY_RAW,LANDING,PORTAL_CKA_OKLAHOMA_OPEN_DA_085B547D9C,UPPER_B_DESCR,TEXT,10000
LIBRARY_RAW,LANDING,PORTAL_CKA_OKLAHOMA_OPEN_DA_085B547D9C,UPPER_C_DESCR,TEXT,10000
LIBRARY_RAW,LANDING,PORTAL_CKA_OKLAHOMA_OPEN_DA_4DA0B9CF8C,PERCENT_OF_PROPERTY_BEING_UTILIZED,TEXT,189
LIBRARY_RAW,LANDING,PORTAL_CKA_OKLAHOMA_OPEN_DA_5869531EC6,UPPER_B_DESCR,TEXT,10000
LIBRARY_RAW,LANDING,PORTAL_CKA_OKLAHOMA_OPEN_DA_5869531EC6,UPPER_C_DESCR,TEXT,10000
LIBRARY_RAW,LANDING,PORTAL_CKA_OKLAHOMA_OPEN_DA_70DBFDBA5C,UPPER_B_DESCR,TEXT,10000
LIBRARY_RAW,LANDING,PORTAL_CKA_OKLAHOMA_OPEN_DA_70DBFDBA5C,UPPER_C_DESCR,TEXT,10000
LIBRARY_RAW,LANDING,PORTAL_CKA_OKLAHOMA_OPEN_DA_836C92E47C,UPPER_B_DESCR,TEXT,10000
LIBRARY_RAW,LANDING,PORTAL_CKA_OKLAHOMA_OPEN_DA_836C92E47C,UPPER_C_DESCR,TEXT,10000
LIBRARY_RAW,LANDING,PORTAL_CKA_OKLAHOMA_OPEN_DA_A90B591B09,PERCENT_OF_PROPERTY_BEING_UTILIZED,TEXT,1652
LIBRARY_RAW,LANDING,PORTAL_CKA_OKLAHOMA_OPEN_DA_C96BA4E090,PERCENT_OF_PROPERTY_BEING_UTILIZED,TEXT,1178
LIBRARY_RAW,LANDING,PORTAL_CKA_OPEN_DATA_SA_146EBE0CC0,PERCENT_COMPLETE,TEXT,816
LIBRARY_RAW,LANDING,PORTAL_CKA_OPEN_DATA_SA_146EBE0CC0,SCORE,TEXT,816
LIBRARY_RAW,LANDING,PORTAL_CKA_OPEN_DATA_SA_1C37EE3869,WEIGHTED_PAVEMENT_CONDITION_INDEX,TEXT,8640
LIBRARY_RAW,LANDING,PORTAL_CKA_OPEN_DATA_SA_2C667A6FC6,SIDEWALKSCORE,TEXT,10000
LIBRARY_RAW,LANDING,PORTAL_CKA_OPEN_DATA_SA_529BDBCD10,WEIGHTED_PAVEMENT_CONDITION_INDEX,TEXT,8640
LIBRARY_RAW,LANDING,PORTAL_CKA_OPEN_DATA_SA_6FD1BD1867,CONDITIONSCORE,TEXT,10000
LIBRARY_RAW,LANDING,PORTAL_CKA_OPEN_DATA_SA_9DCA88D285,PERCENT_COMPLETE,TEXT,617
LIBRARY_RAW,LANDING,PORTAL_CKA_OPEN_DATA_SA_9DCA88D285,UPPER_LIMIT,TEXT,617
LIBRARY_RAW,LANDING,PORTAL_CKA_OPEN_DATA_SA_BC29DFFC76,PERCENT_COMPLETE,TEXT,617
LIBRARY_RAW,LANDING,PORTAL_CKA_OPEN_DATA_SA_BC29DFFC76,UPPER_LIMIT,TEXT,617
LIBRARY_RAW,LANDING,PORTAL_CKA_OPEN_DATA_SA_C7CF87B213,CROSSSLOPEINDEX,TEXT,10000
LIBRARY_RAW,LANDING,PORTAL_CKA_OPEN_DATA_SA_C7CF87B213,HORIZONTALDISCONTINUITYINDEX,TEXT,10000
LIBRARY_RAW,LANDING,PORTAL_CKA_OPEN_DATA_SA_C7CF87B213,HORIZONTALOBSTRUCTIONINDEX,TEXT,10000
LIBRARY_RAW,LANDING,PORTAL_CKA_OPEN_DATA_SA_C7CF87B213,SIDEWALKCONDITIONINDEX,TEXT,10000
LIBRARY_RAW,LANDING,PORTAL_CKA_OPEN_DATA_SA_C7CF87B213,SIDEWALKSCORE,TEXT,10000
LIBRARY_RAW,LANDING,PORTAL_CKA_OPEN_DATA_SA_C7CF87B213,SIDEWALKUTILITYINDEX,TEXT,10000
LIBRARY_RAW,LANDING,PORTAL_CKA_OPEN_DATA_SA_C7CF87B213,VERTICALDISPLACEMENTINDEX,TEXT,10000
LIBRARY_RAW,LANDING,PORTAL_CKA_OPEN_DATA_SA_C7CF87B213,VERTICALOBSTRUCTIONINDEX,TEXT,10000
LIBRARY_RAW,LANDING,PORTAL_CKA_OPEN_DATA_SA_E078D81651,EXPIRATIONDATE,TEXT,902
LIBRARY_RAW,LANDING,PORTAL_CKA_OPEN_DATA_SA_E83E833A45,PERCENT_COMPLETE,TEXT,816
LIBRARY_RAW,LANDING,PORTAL_CKA_OPEN_DATA_SA_E83E833A45,SCORE,TEXT,816
LIBRARY_RAW,LANDING,PORTAL_CKA_SAN_JOSE_OPEN_DA_0D51EC3643,INCORPORATED,TEXT,10000
LIBRARY_RAW,LANDING,PORTAL_CKA_SAN_JOSE_OPEN_DA_151F8E4DBB,INCORPORATED,TEXT,10000
LIBRARY_RAW,LANDING,PORTAL_CKA_SAN_JOSE_OPEN_DA_17DD46EA4D,EQUITYSCORE,TEXT,589
LIBRARY_RAW,LANDING,PORTAL_CKA_SAN_JOSE_OPEN_DA_2789EF054E,INCORPORATED,TEXT,6486
LIBRARY_RAW,LANDING,PORTAL_CKA_SAN_JOSE_OPEN_DA_2A3D59095B,INCORPORATED,TEXT,10000
LIBRARY_RAW,LANDING,PORTAL_CKA_SAN_JOSE_OPEN_DA_98849B65EE,BENCHSCORETOTAL,TEXT,1616
LIBRARY_RAW,LANDING,PORTAL_CKA_SAN_JOSE_OPEN_DA_98849B65EE,BIKESCORETOTAL,TEXT,1616
LIBRARY_RAW,LANDING,PORTAL_CKA_SAN_JOSE_OPEN_DA_98849B65EE,COURTSCORETOTAL,TEXT,1616
LIBRARY_RAW,LANDING,PORTAL_CKA_SAN_JOSE_OPEN_DA_98849B65EE,DEVLANDSCORETOTAL,TEXT,1616
LIBRARY_RAW,LANDING,PORTAL_CKA_SAN_JOSE_OPEN_DA_98849B65EE,DOGPARKSCORETOTAL,TEXT,1616
LIBRARY_RAW,LANDING,PORTAL_CKA_SAN_JOSE_OPEN_DA_98849B65EE,DRINKFTNSCORETOTAL,TEXT,1616
LIBRARY_RAW,LANDING,PORTAL_CKA_SAN_JOSE_OPEN_DA_98849B65EE,EXERSTASCORETOTAL,TEXT,1616
LIBRARY_RAW,LANDING,PORTAL_CKA_SAN_JOSE_OPEN_DA_98849B65EE,FIELDSCORETOTAL,TEXT,1616
LIBRARY_RAW,LANDING,PORTAL_CKA_SAN_JOSE_OPEN_DA_98849B65EE,HARDSCAPESCORETOTAL,TEXT,1616
LIBRARY_RAW,LANDING,PORTAL_CKA_SAN_JOSE_OPEN_DA_98849B65EE,HPIPCTILE,TEXT,1616
LIBRARY_RAW,LANDING,PORTAL_CKA_SAN_JOSE_OPEN_DA_98849B65EE,OVERALLSCORE,TEXT,1616
LIBRARY_RAW,LANDING,PORTAL_CKA_SAN_JOSE_OPEN_DA_98849B65EE,PICNICSCORETOTAL,TEXT,1616
LIBRARY_RAW,LANDING,PORTAL_CKA_SAN_JOSE_OPEN_DA_98849B65EE,PKLOTSCORETOTAL,TEXT,1616
LIBRARY_RAW,LANDING,PORTAL_CKA_SAN_JOSE_OPEN_DA_98849B65EE,PLANTSCORETOTAL,TEXT,1616
LIBRARY_RAW,LANDING,PORTAL_CKA_SAN_JOSE_OPEN_DA_98849B65EE,PLAYGROUNDSCORETOTAL,TEXT,1616
LIBRARY_RAW,LANDING,PORTAL_CKA_SAN_JOSE_OPEN_DA_98849B65EE,RESTROOMSCORETOTAL,TEXT,1616
LIBRARY_RAW,LANDING,PORTAL_CKA_SAN_JOSE_OPEN_DA_98849B65EE,SKATEPARKSCORETOTAL,TEXT,1616
LIBRARY_RAW,LANDING,PORTAL_CKA_SAN_JOSE_OPEN_DA_98849B65EE,TREESSCORETOTAL,TEXT,1616
LIBRARY_RAW,LANDING,PORTAL_CKA_SAN_JOSE_OPEN_DA_98849B65EE,TURFSCORETOTAL,TEXT,1616
LIBRARY_RAW,LANDING,PORTAL_CKA_SAN_JOSE_OPEN_DA_98849B65EE,UNDEVLANDSCORETOTAL,TEXT,1616
LIBRARY_RAW,LANDING,PORTAL_CKA_SAN_JOSE_OPEN_DA_98849B65EE,WASTERECSCORETOTAL,TEXT,1616
LIBRARY_RAW,LANDING,PORTAL_CKA_SAN_JOSE_OPEN_DA_98849B65EE,WATERMGMTSCORETOTAL,TEXT,1616
LIBRARY_RAW,LANDING,PORTAL_CKA_SAN_JOSE_OPEN_DA_9BCCE40A0F,EXPIRATION,TEXT,3591
LIBRARY_RAW,LANDING,PORTAL_CKA_SAN_JOSE_OPEN_DA_AD9C79B3A8,INCORPORATED,TEXT,10000
LIBRARY_RAW,LANDING,PORTAL_CKA_SAN_JOSE_OPEN_DA_BBE1045A31,RATEDFLOW,TEXT,56
LIBRARY_RAW,LANDING,PORTAL_CKA_SAN_JOSE_OPEN_DA_BBE1045A31,RATEDPRESS,TEXT,56
LIBRARY_RAW,LANDING,PORTAL_CKA_SAN_JOSE_OPEN_DA_D8576CBEB1,EXPIRATIONDATE,TEXT,786
LIBRARY_RAW,LANDING,PORTAL_CKA_SAN_JOSE_OPEN_DA_F1315A36E0,OVERALLSCORE,TEXT,1086
LIBRARY_RAW,LANDING,PORTAL_CKA_SAN_JOSE_OPEN_DA_F194D54765,MODERATEINJURIES,TEXT,10000
LIBRARY_RAW,LANDING,PORTAL_CKA_SAN_JOSE_OPEN_DA_FAAD5A2133,INCORPORATED,TEXT,3191
LIBRARY_RAW,LANDING,PORTAL_CKA_TAMPA_OPEN_DATA_6C25EA91D4,PERCENTAMOUNT,TEXT,443
LIBRARY_RAW,LANDING,PORTAL_CKA_VIRGINIA_OPEN_DA_1598EAD304,PERCENT_OF_ED_VISITS_COMBINED,TEXT,10000
LIBRARY_RAW,LANDING,PORTAL_CKA_VIRGINIA_OPEN_DA_1598EAD304,PERCENT_OF_ED_VISITS_COVID,TEXT,10000
LIBRARY_RAW,LANDING,PORTAL_CKA_VIRGINIA_OPEN_DA_1598EAD304,PERCENT_OF_ED_VISITS_INFLUENZA,TEXT,10000
LIBRARY_RAW,LANDING,PORTAL_CKA_VIRGINIA_OPEN_DA_1598EAD304,PERCENT_OF_ED_VISITS_RSV,TEXT,10000
LIBRARY_RAW,LANDING,PORTAL_CKA_VIRGINIA_OPEN_DA_39C6E329F1,SUM_OF_PERCENT_VACCINATED,TEXT,136
LIBRARY_RAW,LANDING,PORTAL_CKA_VIRGINIA_OPEN_DA_4E05A500E2,IMMUNIZATION_RATE,TEXT,1882
LIBRARY_RAW,LANDING,PORTAL_CKA_VIRGINIA_OPEN_DA_5AB7CD31BF,INCIDENCE_RATE,TEXT,3934
LIBRARY_RAW,LANDING,PORTAL_CKA_VIRGINIA_OPEN_DA_651C0C423A,EXPIRATION_DATE,TEXT,449
LIBRARY_RAW,LANDING,PORTAL_CKA_VIRGINIA_OPEN_DA_68AFE3AE03,COVID_VACCINE_RATE,TEXT,7759
LIBRARY_RAW,LANDING,PORTAL_CKA_VIRGINIA_OPEN_DA_68AFE3AE03,FLU_VACCINE_RATE,TEXT,7759
LIBRARY_RAW,LANDING,PORTAL_CKA_VIRGINIA_OPEN_DA_9EB4920327,VEHICLES_PER_DAY,TEXT,72
LIBRARY_RAW,LANDING,PORTAL_CKA_VIRGINIA_OPEN_DA_9EB4920327,VEHICLES_PER_HOUR,TEXT,72
LIBRARY_RAW,LANDING,PORTAL_CKA_VIRGINIA_OPEN_DA_A7663008D7,VEHICLES_PER_DAY,TEXT,1945
LIBRARY_RAW,LANDING,PORTAL_CKA_VIRGINIA_OPEN_DA_A7663008D7,VEHICLES_PER_HOUR,TEXT,1945
LIBRARY_RAW,LANDING,PORTAL_CKA_VIRGINIA_OPEN_DA_B3A21C711B,VEHICLES_PER_DAY,TEXT,616
LIBRARY_RAW,LANDING,PORTAL_CKA_VIRGINIA_OPEN_DA_B3A21C711B,VEHICLES_PER_HOUR,TEXT,616
LIBRARY_RAW,LANDING,PORTAL_CKA_VIRGINIA_OPEN_DA_CBC7FE8B75,HRI_INCIDENT_COUNT_MEAN,TEXT,10000
LIBRARY_RAW,LANDING,PORTAL_CKA_VIRGINIA_OPEN_DA_D5D649203D,GAZETTEERXINDEX,TEXT,10000
LIBRARY_RAW,LANDING,PORTAL_CKA_VIRGINIA_OPEN_DA_D5D649203D,GAZETTEERYINDEX,TEXT,10000
LIBRARY_RAW,LANDING,PORTAL_CKA_WESTERN_PENNSYLV_073E47DFBA,PARTICIPANT_AVG_AGE,TEXT,8663
LIBRARY_RAW,LANDING,PORTAL_CKA_WESTERN_PENNSYLV_09335A764B,DURATION,TEXT,9999
LIBRARY_RAW,LANDING,PORTAL_CKA_WESTERN_PENNSYLV_09AB742FE8,OTP_PCT,TEXT,5534
LIBRARY_RAW,LANDING,PORTAL_CKA_WESTERN_PENNSYLV_0DD7796234,MEDIAN_SPEED,TEXT,420
LIBRARY_RAW,LANDING,PORTAL_CKA_WESTERN_PENNSYLV_0DD7796234,PERCENT_OVER_LIMIT,TEXT,420
LIBRARY_RAW,LANDING,PORTAL_CKA_WESTERN_PENNSYLV_0DD7796234,SPEED85_PERCENT,TEXT,420
LIBRARY_RAW,LANDING,PORTAL_CKA_WESTERN_PENNSYLV_0DD7796234,SPEED95_PERCENT,TEXT,420
LIBRARY_RAW,LANDING,PORTAL_CKA_WESTERN_PENNSYLV_11AEBE4994,RATIO,TEXT,2103
LIBRARY_RAW,LANDING,PORTAL_CKA_WESTERN_PENNSYLV_130E50E683,AVG_RIDERS,TEXT,10000
LIBRARY_RAW,LANDING,PORTAL_CKA_WESTERN_PENNSYLV_1A5DDB6EFA,INDEX,TEXT,72
LIBRARY_RAW,LANDING,PORTAL_CKA_WESTERN_PENNSYLV_1A5DDB6EFA,VAR_2013_AGE_PER_1,TEXT,72
LIBRARY_RAW,LANDING,PORTAL_CKA_WESTERN_PENNSYLV_1A5DDB6EFA,VAR_2013_AGE_PER_2,TEXT,72
LIBRARY_RAW,LANDING,PORTAL_CKA_WESTERN_PENNSYLV_1A5DDB6EFA,VAR_2013_AGE_PER_3,TEXT,72
LIBRARY_RAW,LANDING,PORTAL_CKA_WESTERN_PENNSYLV_1A5DDB6EFA,VAR_2013_AGE_PER_4,TEXT,72
LIBRARY_RAW,LANDING,PORTAL_CKA_WESTERN_PENNSYLV_1A5DDB6EFA,VAR_2013_AGE_PER_5,TEXT,72
LIBRARY_RAW,LANDING,PORTAL_CKA_WESTERN_PENNSYLV_1A5DDB6EFA,VAR_2013_COMMUTING_PER_2,TEXT,72
LIBRARY_RAW,LANDING,PORTAL_CKA_WESTERN_PENNSYLV_1A5DDB6EFA,VAR_2013_COMMUTING_PER_3,TEXT,72
LIBRARY_RAW,LANDING,PORTAL_CKA_WESTERN_PENNSYLV_1A5DDB6EFA,VAR_2013_COMMUTING_PER_4,TEXT,72
LIBRARY_RAW,LANDING,PORTAL_CKA_WESTERN_PENNSYLV_1A5DDB6EFA,VAR_2013_COMMUTING_PER_5,TEXT,72
LIBRARY_RAW,LANDING,PORTAL_CKA_WESTERN_PENNSYLV_1A5DDB6EFA,VAR_2013_COMMUTING_PER_6,TEXT,72
LIBRARY_RAW,LANDING,PORTAL_CKA_WESTERN_PENNSYLV_1A5DDB6EFA,VAR_2013_COMMUTING_PER_7,TEXT,72
LIBRARY_RAW,LANDING,PORTAL_CKA_WESTERN_PENNSYLV_1A5DDB6EFA,VAR_2013_EDUC_PER_2,TEXT,72
LIBRARY_RAW,LANDING,PORTAL_CKA_WESTERN_PENNSYLV_1A5DDB6EFA,VAR_2013_EDUC_PER_3,TEXT,72
LIBRARY_RAW,LANDING,PORTAL_CKA_WESTERN_PENNSYLV_1A5DDB6EFA,VAR_2013_EDUC_PER_4,TEXT,72
LIBRARY_RAW,LANDING,PORTAL_CKA_WESTERN_PENNSYLV_1A5DDB6EFA,VAR_2013_EDUC_PER_5,TEXT,72
LIBRARY_RAW,LANDING,PORTAL_CKA_WESTERN_PENNSYLV_1A5DDB6EFA,VAR_2013_HHTYPE_PER_2,TEXT,72
LIBRARY_RAW,LANDING,PORTAL_CKA_WESTERN_PENNSYLV_1A5DDB6EFA,VAR_2013_HHTYPE_PER_3,TEXT,72
LIBRARY_RAW,LANDING,PORTAL_CKA_WESTERN_PENNSYLV_1A5DDB6EFA,VAR_2013_HHTYPE_PER_4,TEXT,72
LIBRARY_RAW,LANDING,PORTAL_CKA_WESTERN_PENNSYLV_1A5DDB6EFA,VAR_2013_HHTYPE_PER_5,TEXT,72
LIBRARY_RAW,LANDING,PORTAL_CKA_WESTERN_PENNSYLV_1A5DDB6EFA,VAR_2013_HHTYPE_PER_6,TEXT,72
LIBRARY_RAW,LANDING,PORTAL_CKA_WESTERN_PENNSYLV_1A5DDB6EFA,VAR_2013_HHTYPE_PER_7,TEXT,72
LIBRARY_RAW,LANDING,PORTAL_CKA_WESTERN_PENNSYLV_1A5DDB6EFA,VAR_2013_HHTYPE_PER_8,TEXT,72
LIBRARY_RAW,LANDING,PORTAL_CKA_WESTERN_PENNSYLV_1A5DDB6EFA,VAR_2013_HHTYPE_PER_9,TEXT,72
LIBRARY_RAW,LANDING,PORTAL_CKA_WESTERN_PENNSYLV_1A5DDB6EFA,VAR_2013_INCOME_PER_2,TEXT,72
LIBRARY_RAW,LANDING,PORTAL_CKA_WESTERN_PENNSYLV_1A5DDB6EFA,VAR_2013_INCOME_PER_3,TEXT,72
LIBRARY_RAW,LANDING,PORTAL_CKA_WESTERN_PENNSYLV_1A5DDB6EFA,VAR_2013_INCOME_PER_4,TEXT,72
LIBRARY_RAW,LANDING,PORTAL_CKA_WESTERN_PENNSYLV_1A5DDB6EFA,VAR_2013_INCOME_PER_5,TEXT,72
LIBRARY_RAW,LANDING,PORTAL_CKA_WESTERN_PENNSYLV_1A5DDB6EFA,VAR_2013_INCOME_PER_6,TEXT,72
LIBRARY_RAW,LANDING,PORTAL_CKA_WESTERN_PENNSYLV_1A5DDB6EFA,VAR_2013_INCOME_PER_7,TEXT,72
LIBRARY_RAW,LANDING,PORTAL_CKA_WESTERN_PENNSYLV_1A5DDB6EFA,VAR_2013_LF_PER_2,TEXT,72
LIBRARY_RAW,LANDING,PORTAL_CKA_WESTERN_PENNSYLV_1A5DDB6EFA,VAR_2013_LF_PER_3,TEXT,72
LIBRARY_RAW,LANDING,PORTAL_CKA_WESTERN_PENNSYLV_1A5DDB6EFA,VAR_2013_LF_PER_4,TEXT,72
LIBRARY_RAW,LANDING,PORTAL_CKA_WESTERN_PENNSYLV_1A5DDB6EFA,VAR_2013_LF_PER_5,TEXT,72
LIBRARY_RAW,LANDING,PORTAL_CKA_WESTERN_PENNSYLV_1A5DDB6EFA,VAR_2013_LF_PER_6,TEXT,72
LIBRARY_RAW,LANDING,PORTAL_CKA_WESTERN_PENNSYLV_1A5DDB6EFA,VAR_2013_LF_PER_7,TEXT,72
LIBRARY_RAW,LANDING,PORTAL_CKA_WESTERN_PENNSYLV_1A5DDB6EFA,VAR_2013_MOBILITY_PER_2,TEXT,72
LIBRARY_RAW,LANDING,PORTAL_CKA_WESTERN_PENNSYLV_1A5DDB6EFA,VAR_2013_MOBILITY_PER_3,TEXT,72
LIBRARY_RAW,LANDING,PORTAL_CKA_WESTERN_PENNSYLV_1A5DDB6EFA,VAR_2013_MOBILITY_PER_4,TEXT,72
LIBRARY_RAW,LANDING,PORTAL_CKA_WESTERN_PENNSYLV_1A5DDB6EFA,VAR_2013_POVERTY_PER_2,TEXT,72
LIBRARY_RAW,LANDING,PORTAL_CKA_WESTERN_PENNSYLV_1A5DDB6EFA,VAR_2013_POVERTY_PER_3,TEXT,72
LIBRARY_RAW,LANDING,PORTAL_CKA_WESTERN_PENNSYLV_1A5DDB6EFA,VAR_2013_RACE_PER_1,TEXT,72
LIBRARY_RAW,LANDING,PORTAL_CKA_WESTERN_PENNSYLV_1A5DDB6EFA,VAR_2013_RACE_PER_2,TEXT,72
LIBRARY_RAW,LANDING,PORTAL_CKA_WESTERN_PENNSYLV_1A5DDB6EFA,VAR_2013_RACE_PER_3,TEXT,72
LIBRARY_RAW,LANDING,PORTAL_CKA_WESTERN_PENNSYLV_1A5DDB6EFA,VAR_2013_RACE_PER_4,TEXT,72
LIBRARY_RAW,LANDING,PORTAL_CKA_WESTERN_PENNSYLV_1A5DDB6EFA,VAR_2013_RACE_PER_5,TEXT,72
LIBRARY_RAW,LANDING,PORTAL_CKA_WESTERN_PENNSYLV_1A5DDB6EFA,VAR_2013_SCHOOL_PER_2,TEXT,72
LIBRARY_RAW,LANDING,PORTAL_CKA_WESTERN_PENNSYLV_1A5DDB6EFA,VAR_2013_SCHOOL_PER_3,TEXT,72
LIBRARY_RAW,LANDING,PORTAL_CKA_WESTERN_PENNSYLV_1A5DDB6EFA,VAR_2013_SCHOOL_PER_4,TEXT,72
LIBRARY_RAW,LANDING,PORTAL_CKA_WESTERN_PENNSYLV_1A5DDB6EFA,VAR_2013_SCHOOL_PER_5,TEXT,72
LIBRARY_RAW,LANDING,PORTAL_CKA_WESTERN_PENNSYLV_1A5DDB6EFA,VAR_2013_TENURE_PER_2,TEXT,72
LIBRARY_RAW,LANDING,PORTAL_CKA_WESTERN_PENNSYLV_1A5DDB6EFA,VAR_2013_TENURE_PER_3,TEXT,72
LIBRARY_RAW,LANDING,PORTAL_CKA_WESTERN_PENNSYLV_1A5DDB6EFA,VAR_2013_VACANCY_PER_2,TEXT,72
LIBRARY_RAW,LANDING,PORTAL_CKA_WESTERN_PENNSYLV_1A5DDB6EFA,VAR_2013_VACANCY_PER_3,TEXT,72
LIBRARY_RAW,LANDING,PORTAL_CKA_WESTERN_PENNSYLV_1A5DDB6EFA,VAR_2013_VET_PER_2,TEXT,72
LIBRARY_RAW,LANDING,PORTAL_CKA_WESTERN_PENNSYLV_1A5DDB6EFA,VAR_2013_VET_PER_3,TEXT,72
LIBRARY_RAW,LANDING,PORTAL_CKA_WESTERN_PENNSYLV_1A5DDB6EFA,VAR_2013_VET_PER_4,TEXT,72
LIBRARY_RAW,LANDING,PORTAL_CKA_WESTERN_PENNSYLV_1A5DDB6EFA,VAR_2013_VET_PER_5,TEXT,72
LIBRARY_RAW,LANDING,PORTAL_CKA_WESTERN_PENNSYLV_1A5DDB6EFA,VAR_2013_VET_PER_6,TEXT,72
LIBRARY_RAW,LANDING,PORTAL_CKA_WESTERN_PENNSYLV_1A5DDB6EFA,VAR_2013_VET_PER_7,TEXT,72
LIBRARY_RAW,LANDING,PORTAL_CKA_WESTERN_PENNSYLV_1A5DDB6EFA,VAR_2023_AGE_PER_1,TEXT,72
LIBRARY_RAW,LANDING,PORTAL_CKA_WESTERN_PENNSYLV_1A5DDB6EFA,VAR_2023_AGE_PER_2,TEXT,72
LIBRARY_RAW,LANDING,PORTAL_CKA_WESTERN_PENNSYLV_1A5DDB6EFA,VAR_2023_AGE_PER_3,TEXT,72
LIBRARY_RAW,LANDING,PORTAL_CKA_WESTERN_PENNSYLV_1A5DDB6EFA,VAR_2023_AGE_PER_4,TEXT,72
LIBRARY_RAW,LANDING,PORTAL_CKA_WESTERN_PENNSYLV_1A5DDB6EFA,VAR_2023_AGE_PER_5,TEXT,72
LIBRARY_RAW,LANDING,PORTAL_CKA_WESTERN_PENNSYLV_1A5DDB6EFA,VAR_2023_COMMUTING_PER_2,TEXT,72
LIBRARY_RAW,LANDING,PORTAL_CKA_WESTERN_PENNSYLV_1A5DDB6EFA,VAR_2023_COMMUTING_PER_3,TEXT,72
LIBRARY_RAW,LANDING,PORTAL_CKA_WESTERN_PENNSYLV_1A5DDB6EFA,VAR_2023_COMMUTING_PER_4,TEXT,72
LIBRARY_RAW,LANDING,PORTAL_CKA_WESTERN_PENNSYLV_1A5DDB6EFA,VAR_2023_COMMUTING_PER_5,TEXT,72
LIBRARY_RAW,LANDING,PORTAL_CKA_WESTERN_PENNSYLV_1A5DDB6EFA,VAR_2023_COMMUTING_PER_6,TEXT,72
LIBRARY_RAW,LANDING,PORTAL_CKA_WESTERN_PENNSYLV_1A5DDB6EFA,VAR_2023_COMMUTING_PER_7,TEXT,72
LIBRARY_RAW,LANDING,PORTAL_CKA_WESTERN_PENNSYLV_1A5DDB6EFA,VAR_2023_EDUC_PER_2,TEXT,72
LIBRARY_RAW,LANDING,PORTAL_CKA_WESTERN_PENNSYLV_1A5DDB6EFA,VAR_2023_EDUC_PER_3,TEXT,72
LIBRARY_RAW,LANDING,PORTAL_CKA_WESTERN_PENNSYLV_1A5DDB6EFA,VAR_2023_EDUC_PER_4,TEXT,72
LIBRARY_RAW,LANDING,PORTAL_CKA_WESTERN_PENNSYLV_1A5DDB6EFA,VAR_2023_EDUC_PER_5,TEXT,72
LIBRARY_RAW,LANDING,PORTAL_CKA_WESTERN_PENNSYLV_1A5DDB6EFA,VAR_2023_HHTYPE_PER_2,TEXT,72
LIBRARY_RAW,LANDING,PORTAL_CKA_WESTERN_PENNSYLV_1A5DDB6EFA,VAR_2023_HHTYPE_PER_3,TEXT,72
LIBRARY_RAW,LANDING,PORTAL_CKA_WESTERN_PENNSYLV_1A5DDB6EFA,VAR_2023_HHTYPE_PER_4,TEXT,72
LIBRARY_RAW,LANDING,PORTAL_CKA_WESTERN_PENNSYLV_1A5DDB6EFA,VAR_2023_HHTYPE_PER_5,TEXT,72
LIBRARY_RAW,LANDING,PORTAL_CKA_WESTERN_PENNSYLV_1A5DDB6EFA,VAR_2023_HHTYPE_PER_6,TEXT,72
LIBRARY_RAW,LANDING,PORTAL_CKA_WESTERN_PENNSYLV_1A5DDB6EFA,VAR_2023_HHTYPE_PER_7,TEXT,72
LIBRARY_RAW,LANDING,PORTAL_CKA_WESTERN_PENNSYLV_1A5DDB6EFA,VAR_2023_HHTYPE_PER_8,TEXT,72
LIBRARY_RAW,LANDING,PORTAL_CKA_WESTERN_PENNSYLV_1A5DDB6EFA,VAR_2023_HHTYPE_PER_9,TEXT,72
LIBRARY_RAW,LANDING,PORTAL_CKA_WESTERN_PENNSYLV_1A5DDB6EFA,VAR_2023_INCOME_PER_2,TEXT,72
LIBRARY_RAW,LANDING,PORTAL_CKA_WESTERN_PENNSYLV_1A5DDB6EFA,VAR_2023_INCOME_PER_3,TEXT,72
LIBRARY_RAW,LANDING,PORTAL_CKA_WESTERN_PENNSYLV_1A5DDB6EFA,VAR_2023_INCOME_PER_4,TEXT,72
LIBRARY_RAW,LANDING,PORTAL_CKA_WESTERN_PENNSYLV_1A5DDB6EFA,VAR_2023_INCOME_PER_5,TEXT,72
LIBRARY_RAW,LANDING,PORTAL_CKA_WESTERN_PENNSYLV_1A5DDB6EFA,VAR_2023_INCOME_PER_6,TEXT,72
LIBRARY_RAW,LANDING,PORTAL_CKA_WESTERN_PENNSYLV_1A5DDB6EFA,VAR_2023_INCOME_PER_7,TEXT,72
LIBRARY_RAW,LANDING,PORTAL_CKA_WESTERN_PENNSYLV_1A5DDB6EFA,VAR_2023_LF_PER_2,TEXT,72
LIBRARY_RAW,LANDING,PORTAL_CKA_WESTERN_PENNSYLV_1A5DDB6EFA,VAR_2023_LF_PER_3,TEXT,72
LIBRARY_RAW,LANDING,PORTAL_CKA_WESTERN_PENNSYLV_1A5DDB6EFA,VAR_2023_LF_PER_4,TEXT,72
LIBRARY_RAW,LANDING,PORTAL_CKA_WESTERN_PENNSYLV_1A5DDB6EFA,VAR_2023_LF_PER_5,TEXT,72
LIBRARY_RAW,LANDING,PORTAL_CKA_WESTERN_PENNSYLV_1A5DDB6EFA,VAR_2023_LF_PER_6,TEXT,72
LIBRARY_RAW,LANDING,PORTAL_CKA_WESTERN_PENNSYLV_1A5DDB6EFA,VAR_2023_LF_PER_7,TEXT,72
LIBRARY_RAW,LANDING,PORTAL_CKA_WESTERN_PENNSYLV_1A5DDB6EFA,VAR_2023_MOBILITY_PER_2,TEXT,72
LIBRARY_RAW,LANDING,PORTAL_CKA_WESTERN_PENNSYLV_1A5DDB6EFA,VAR_2023_MOBILITY_PER_3,TEXT,72
LIBRARY_RAW,LANDING,PORTAL_CKA_WESTERN_PENNSYLV_1A5DDB6EFA,VAR_2023_MOBILITY_PER_4,TEXT,72
LIBRARY_RAW,LANDING,PORTAL_CKA_WESTERN_PENNSYLV_1A5DDB6EFA,VAR_2023_POVERTY_PER_2,TEXT,72
LIBRARY_RAW,LANDING,PORTAL_CKA_WESTERN_PENNSYLV_1A5DDB6EFA,VAR_2023_POVERTY_PER_3,TEXT,72
LIBRARY_RAW,LANDING,PORTAL_CKA_WESTERN_PENNSYLV_1A5DDB6EFA,VAR_2023_RACE_PER_1,TEXT,72
LIBRARY_RAW,LANDING,PORTAL_CKA_WESTERN_PENNSYLV_1A5DDB6EFA,VAR_2023_RACE_PER_2,TEXT,72
LIBRARY_RAW,LANDING,PORTAL_CKA_WESTERN_PENNSYLV_1A5DDB6EFA,VAR_2023_RACE_PER_3,TEXT,72
LIBRARY_RAW,LANDING,PORTAL_CKA_WESTERN_PENNSYLV_1A5DDB6EFA,VAR_2023_RACE_PER_4,TEXT,72
LIBRARY_RAW,LANDING,PORTAL_CKA_WESTERN_PENNSYLV_1A5DDB6EFA,VAR_2023_RACE_PER_5,TEXT,72
LIBRARY_RAW,LANDING,PORTAL_CKA_WESTERN_PENNSYLV_1A5DDB6EFA,VAR_2023_SCHOOL_PER_2,TEXT,72
LIBRARY_RAW,LANDING,PORTAL_CKA_WESTERN_PENNSYLV_1A5DDB6EFA,VAR_2023_SCHOOL_PER_3,TEXT,72
LIBRARY_RAW,LANDING,PORTAL_CKA_WESTERN_PENNSYLV_1A5DDB6EFA,VAR_2023_SCHOOL_PER_4,TEXT,72
LIBRARY_RAW,LANDING,PORTAL_CKA_WESTERN_PENNSYLV_1A5DDB6EFA,VAR_2023_SCHOOL_PER_5,TEXT,72
LIBRARY_RAW,LANDING,PORTAL_CKA_WESTERN_PENNSYLV_1A5DDB6EFA,VAR_2023_TENURE_PER_2,TEXT,72
LIBRARY_RAW,LANDING,PORTAL_CKA_WESTERN_PENNSYLV_1A5DDB6EFA,VAR_2023_TENURE_PER_3,TEXT,72
LIBRARY_RAW,LANDING,PORTAL_CKA_WESTERN_PENNSYLV_1A5DDB6EFA,VAR_2023_VACANCY_PER_2,TEXT,72
LIBRARY_RAW,LANDING,PORTAL_CKA_WESTERN_PENNSYLV_1A5DDB6EFA,VAR_2023_VACANCY_PER_3,TEXT,72
LIBRARY_RAW,LANDING,PORTAL_CKA_WESTERN_PENNSYLV_1A5DDB6EFA,VAR_2023_VET_PER_2,TEXT,72
LIBRARY_RAW,LANDING,PORTAL_CKA_WESTERN_PENNSYLV_1A5DDB6EFA,VAR_2023_VET_PER_3,TEXT,72
LIBRARY_RAW,LANDING,PORTAL_CKA_WESTERN_PENNSYLV_1A5DDB6EFA,VAR_2023_VET_PER_4,TEXT,72
LIBRARY_RAW,LANDING,PORTAL_CKA_WESTERN_PENNSYLV_1A5DDB6EFA,VAR_2023_VET_PER_5,TEXT,72
LIBRARY_RAW,LANDING,PORTAL_CKA_WESTERN_PENNSYLV_1A5DDB6EFA,VAR_2023_VET_PER_6,TEXT,72
LIBRARY_RAW,LANDING,PORTAL_CKA_WESTERN_PENNSYLV_1A5DDB6EFA,VAR_2023_VET_PER_7,TEXT,72
LIBRARY_RAW,LANDING,PORTAL_CKA_WESTERN_PENNSYLV_1A5DDB6EFA,VAR_CHANGEPER_AGE_1,TEXT,72
LIBRARY_RAW,LANDING,PORTAL_CKA_WESTERN_PENNSYLV_1A5DDB6EFA,VAR_CHANGEPER_AGE_2,TEXT,72
LIBRARY_RAW,LANDING,PORTAL_CKA_WESTERN_PENNSYLV_1A5DDB6EFA,VAR_CHANGEPER_AGE_3,TEXT,72
LIBRARY_RAW,LANDING,PORTAL_CKA_WESTERN_PENNSYLV_1A5DDB6EFA,VAR_CHANGEPER_AGE_4,TEXT,72
LIBRARY_RAW,LANDING,PORTAL_CKA_WESTERN_PENNSYLV_1A5DDB6EFA,VAR_CHANGEPER_AGE_5,TEXT,72
LIBRARY_RAW,LANDING,PORTAL_CKA_WESTERN_PENNSYLV_1A5DDB6EFA,VAR_CHANGEPER_GROUPQUARTERS,TEXT,72
LIBRARY_RAW,LANDING,PORTAL_CKA_WESTERN_PENNSYLV_1A5DDB6EFA,VAR_CHANGEPER_HHTYPE_1,TEXT,72
LIBRARY_RAW,LANDING,PORTAL_CKA_WESTERN_PENNSYLV_1A5DDB6EFA,VAR_CHANGEPER_HHTYPE_2,TEXT,72
LIBRARY_RAW,LANDING,PORTAL_CKA_WESTERN_PENNSYLV_1A5DDB6EFA,VAR_CHANGEPER_HHTYPE_3,TEXT,72
LIBRARY_RAW,LANDING,PORTAL_CKA_WESTERN_PENNSYLV_1A5DDB6EFA,VAR_CHANGEPER_HHTYPE_4,TEXT,72
LIBRARY_RAW,LANDING,PORTAL_CKA_WESTERN_PENNSYLV_1A5DDB6EFA,VAR_CHANGEPER_HHTYPE_5,TEXT,72
LIBRARY_RAW,LANDING,PORTAL_CKA_WESTERN_PENNSYLV_1A5DDB6EFA,VAR_CHANGEPER_HHTYPE_6,TEXT,72
LIBRARY_RAW,LANDING,PORTAL_CKA_WESTERN_PENNSYLV_1A5DDB6EFA,VAR_CHANGEPER_HHTYPE_7,TEXT,72
LIBRARY_RAW,LANDING,PORTAL_CKA_WESTERN_PENNSYLV_1A5DDB6EFA,VAR_CHANGEPER_HHTYPE_8,TEXT,72
LIBRARY_RAW,LANDING,PORTAL_CKA_WESTERN_PENNSYLV_1A5DDB6EFA,VAR_CHANGEPER_HHTYPE_9,TEXT,72
LIBRARY_RAW,LANDING,PORTAL_CKA_WESTERN_PENNSYLV_1A5DDB6EFA,VAR_CHANGEPER_HISPANIC,TEXT,72
LIBRARY_RAW,LANDING,PORTAL_CKA_WESTERN_PENNSYLV_1A5DDB6EFA,VAR_CHANGEPER_MOBILITY_1,TEXT,72
LIBRARY_RAW,LANDING,PORTAL_CKA_WESTERN_PENNSYLV_1A5DDB6EFA,VAR_CHANGEPER_MOBILITY_2,TEXT,72
LIBRARY_RAW,LANDING,PORTAL_CKA_WESTERN_PENNSYLV_1A5DDB6EFA,VAR_CHANGEPER_MOBILITY_3,TEXT,72
LIBRARY_RAW,LANDING,PORTAL_CKA_WESTERN_PENNSYLV_1A5DDB6EFA,VAR_CHANGEPER_MOBILITY_4,TEXT,72
LIBRARY_RAW,LANDING,PORTAL_CKA_WESTERN_PENNSYLV_1A5DDB6EFA,VAR_CHANGEPER_RACE_1,TEXT,72
LIBRARY_RAW,LANDING,PORTAL_CKA_WESTERN_PENNSYLV_1A5DDB6EFA,VAR_CHANGEPER_RACE_2,TEXT,72
LIBRARY_RAW,LANDING,PORTAL_CKA_WESTERN_PENNSYLV_1A5DDB6EFA,VAR_CHANGEPER_RACE_3,TEXT,72
LIBRARY_RAW,LANDING,PORTAL_CKA_WESTERN_PENNSYLV_1A5DDB6EFA,VAR_CHANGEPER_RACE_4,TEXT,72
LIBRARY_RAW,LANDING,PORTAL_CKA_WESTERN_PENNSYLV_1A5DDB6EFA,VAR_CHANGEPER_RACE_5,TEXT,72
LIBRARY_RAW,LANDING,PORTAL_CKA_WESTERN_PENNSYLV_1A5DDB6EFA,VAR_CHANGEPER_SCHOOL_1,TEXT,72
LIBRARY_RAW,LANDING,PORTAL_CKA_WESTERN_PENNSYLV_1A5DDB6EFA,VAR_CHANGEPER_SCHOOL_2,TEXT,72
LIBRARY_RAW,LANDING,PORTAL_CKA_WESTERN_PENNSYLV_1A5DDB6EFA,VAR_CHANGEPER_SCHOOL_3,TEXT,72
LIBRARY_RAW,LANDING,PORTAL_CKA_WESTERN_PENNSYLV_1A5DDB6EFA,VAR_CHANGEPER_SCHOOL_4,TEXT,72
LIBRARY_RAW,LANDING,PORTAL_CKA_WESTERN_PENNSYLV_1A5DDB6EFA,VAR_CHANGEPER_SCHOOL_5,TEXT,72
LIBRARY_RAW,LANDING,PORTAL_CKA_WESTERN_PENNSYLV_1A5DDB6EFA,VAR_CHANGEPER_TOTALPOPULATION,TEXT,72
LIBRARY_RAW,LANDING,PORTAL_CKA_WESTERN_PENNSYLV_1A5DDB6EFA,VAR_CHANGE_PER_VET_1,TEXT,72
LIBRARY_RAW,LANDING,PORTAL_CKA_WESTERN_PENNSYLV_1A5DDB6EFA,VAR_CHANGE_PER_VET_2,TEXT,72
LIBRARY_RAW,LANDING,PORTAL_CKA_WESTERN_PENNSYLV_1A5DDB6EFA,VAR_CHANGE_PER_VET_3,TEXT,72
LIBRARY_RAW,LANDING,PORTAL_CKA_WESTERN_PENNSYLV_1A5DDB6EFA,VAR_CHANGE_PER_VET_4,TEXT,72
LIBRARY_RAW,LANDING,PORTAL_CKA_WESTERN_PENNSYLV_1A5DDB6EFA,VAR_CHANGE_PER_VET_5,TEXT,72
LIBRARY_RAW,LANDING,PORTAL_CKA_WESTERN_PENNSYLV_1A5DDB6EFA,VAR_CHANGE_PER_VET_6,TEXT,72
LIBRARY_RAW,LANDING,PORTAL_CKA_WESTERN_PENNSYLV_1A5DDB6EFA,VAR_CHANGE_PER_VET_7,TEXT,72
LIBRARY_RAW,LANDING,PORTAL_CKA_WESTERN_PENNSYLV_1A5DDB6EFA,VAR_COMMUTING_CHANGE_PER_1,TEXT,72
LIBRARY_RAW,LANDING,PORTAL_CKA_WESTERN_PENNSYLV_1A5DDB6EFA,VAR_COMMUTING_CHANGE_PER_2,TEXT,72
LIBRARY_RAW,LANDING,PORTAL_CKA_WESTERN_PENNSYLV_1A5DDB6EFA,VAR_COMMUTING_CHANGE_PER_3,TEXT,72
LIBRARY_RAW,LANDING,PORTAL_CKA_WESTERN_PENNSYLV_1A5DDB6EFA,VAR_COMMUTING_CHANGE_PER_4,TEXT,72
LIBRARY_RAW,LANDING,PORTAL_CKA_WESTERN_PENNSYLV_1A5DDB6EFA,VAR_COMMUTING_CHANGE_PER_5,TEXT,72
LIBRARY_RAW,LANDING,PORTAL_CKA_WESTERN_PENNSYLV_1A5DDB6EFA,VAR_COMMUTING_CHANGE_PER_6,TEXT,72
LIBRARY_RAW,LANDING,PORTAL_CKA_WESTERN_PENNSYLV_1A5DDB6EFA,VAR_COMMUTING_CHANGE_PER_7,TEXT,72
LIBRARY_RAW,LANDING,PORTAL_CKA_WESTERN_PENNSYLV_1A5DDB6EFA,VAR_EDUC_CHANGE_PER_1,TEXT,72
LIBRARY_RAW,LANDING,PORTAL_CKA_WESTERN_PENNSYLV_1A5DDB6EFA,VAR_EDUC_CHANGE_PER_2,TEXT,72
LIBRARY_RAW,LANDING,PORTAL_CKA_WESTERN_PENNSYLV_1A5DDB6EFA,VAR_EDUC_CHANGE_PER_3,TEXT,72
LIBRARY_RAW,LANDING,PORTAL_CKA_WESTERN_PENNSYLV_1A5DDB6EFA,VAR_EDUC_CHANGE_PER_4,TEXT,72
LIBRARY_RAW,LANDING,PORTAL_CKA_WESTERN_PENNSYLV_1A5DDB6EFA,VAR_EDUC_CHANGE_PER_5,TEXT,72
LIBRARY_RAW,LANDING,PORTAL_CKA_WESTERN_PENNSYLV_1A5DDB6EFA,VAR_INCOME_CHANGE_PER_1,TEXT,72
LIBRARY_RAW,LANDING,PORTAL_CKA_WESTERN_PENNSYLV_1A5DDB6EFA,VAR_INCOME_CHANGE_PER_2,TEXT,72
LIBRARY_RAW,LANDING,PORTAL_CKA_WESTERN_PENNSYLV_1A5DDB6EFA,VAR_INCOME_CHANGE_PER_3,TEXT,72
LIBRARY_RAW,LANDING,PORTAL_CKA_WESTERN_PENNSYLV_1A5DDB6EFA,VAR_INCOME_CHANGE_PER_4,TEXT,72
LIBRARY_RAW,LANDING,PORTAL_CKA_WESTERN_PENNSYLV_1A5DDB6EFA,VAR_INCOME_CHANGE_PER_5,TEXT,72
LIBRARY_RAW,LANDING,PORTAL_CKA_WESTERN_PENNSYLV_1A5DDB6EFA,VAR_INCOME_CHANGE_PER_6,TEXT,72
LIBRARY_RAW,LANDING,PORTAL_CKA_WESTERN_PENNSYLV_1A5DDB6EFA,VAR_INCOME_CHANGE_PER_7,TEXT,72
LIBRARY_RAW,LANDING,PORTAL_CKA_WESTERN_PENNSYLV_1A5DDB6EFA,VAR_LF_CHANGEPER_1,TEXT,72
LIBRARY_RAW,LANDING,PORTAL_CKA_WESTERN_PENNSYLV_1A5DDB6EFA,VAR_LF_CHANGEPER_2,TEXT,72
LIBRARY_RAW,LANDING,PORTAL_CKA_WESTERN_PENNSYLV_1A5DDB6EFA,VAR_LF_CHANGEPER_3,TEXT,72
LIBRARY_RAW,LANDING,PORTAL_CKA_WESTERN_PENNSYLV_1A5DDB6EFA,VAR_LF_CHANGEPER_4,TEXT,72
LIBRARY_RAW,LANDING,PORTAL_CKA_WESTERN_PENNSYLV_1A5DDB6EFA,VAR_LF_CHANGEPER_5,TEXT,72
LIBRARY_RAW,LANDING,PORTAL_CKA_WESTERN_PENNSYLV_1A5DDB6EFA,VAR_LF_CHANGEPER_6,TEXT,72
LIBRARY_RAW,LANDING,PORTAL_CKA_WESTERN_PENNSYLV_1A5DDB6EFA,VAR_LF_CHANGEPER_7,TEXT,72
LIBRARY_RAW,LANDING,PORTAL_CKA_WESTERN_PENNSYLV_1A5DDB6EFA,VAR_POVERTY_CHANGEPER_1,TEXT,72
LIBRARY_RAW,LANDING,PORTAL_CKA_WESTERN_PENNSYLV_1A5DDB6EFA,VAR_POVERTY_CHANGEPER_2,TEXT,72
LIBRARY_RAW,LANDING,PORTAL_CKA_WESTERN_PENNSYLV_1A5DDB6EFA,VAR_POVERTY_CHANGEPER_3,TEXT,72
LIBRARY_RAW,LANDING,PORTAL_CKA_WESTERN_PENNSYLV_1A5DDB6EFA,VAR_TENURE_CHANGEPER_1,TEXT,72
LIBRARY_RAW,LANDING,PORTAL_CKA_WESTERN_PENNSYLV_1A5DDB6EFA,VAR_TENURE_CHANGEPER_2,TEXT,72
LIBRARY_RAW,LANDING,PORTAL_CKA_WESTERN_PENNSYLV_1A5DDB6EFA,VAR_TENURE_CHANGEPER_3,TEXT,72
LIBRARY_RAW,LANDING,PORTAL_CKA_WESTERN_PENNSYLV_1A5DDB6EFA,VAR_VACANCY_CHANGEPER_1,TEXT,72
LIBRARY_RAW,LANDING,PORTAL_CKA_WESTERN_PENNSYLV_1A5DDB6EFA,VAR_VACANCY_CHANGEPER_2,TEXT,72
LIBRARY_RAW,LANDING,PORTAL_CKA_WESTERN_PENNSYLV_1A5DDB6EFA,VAR_VACANCY_CHANGEPER_3,TEXT,72
LIBRARY_RAW,LANDING,PORTAL_CKA_WESTERN_PENNSYLV_23B8B5B7D2,LATEST_INSPECTION_SCORE,TEXT,3420
LIBRARY_RAW,LANDING,PORTAL_CKA_WESTERN_PENNSYLV_26625D455C,HOURS_OF_OPERATION,TEXT,49
LIBRARY_RAW,LANDING,PORTAL_CKA_WESTERN_PENNSYLV_2C24D9B40B,EXPIRATION_DATE,TEXT,8402
LIBRARY_RAW,LANDING,PORTAL_CKA_WESTERN_PENNSYLV_2C24D9B40B,INSURANCE_EXPIRATION_DATE,TEXT,8402
LIBRARY_RAW,LANDING,PORTAL_CKA_WESTERN_PENNSYLV_2DCBF2873B,RCO_EXPIRATION_DATE,TEXT,44
LIBRARY_RAW,LANDING,PORTAL_CKA_WESTERN_PENNSYLV_305157E72F,RATE,TEXT,1026
LIBRARY_RAW,LANDING,PORTAL_CKA_WESTERN_PENNSYLV_305157E72F,RATE2,TEXT,1026
LIBRARY_RAW,LANDING,PORTAL_CKA_WESTERN_PENNSYLV_305157E72F,RATETIMEA,TEXT,1026
LIBRARY_RAW,LANDING,PORTAL_CKA_WESTERN_PENNSYLV_305157E72F,RATETIMEB,TEXT,1026
LIBRARY_RAW,LANDING,PORTAL_CKA_WESTERN_PENNSYLV_372D1987DB,EXPIRATION_DATE,TEXT,52
LIBRARY_RAW,LANDING,PORTAL_CKA_WESTERN_PENNSYLV_42719841F1,ARRESTCHARGE_FELONY_MISDEMEANOR_DESCRIPTION,TEXT,9116
LIBRARY_RAW,LANDING,PORTAL_CKA_WESTERN_PENNSYLV_5B3C7AE148,CONFIGURATION,TEXT,585
LIBRARY_RAW,LANDING,PORTAL_CKA_WESTERN_PENNSYLV_645F59A90F,LOWMODPCT2,TEXT,361
LIBRARY_RAW,LANDING,PORTAL_CKA_WESTERN_PENNSYLV_6498507AEF,COMPRESSION_RATIO,TEXT,6
LIBRARY_RAW,LANDING,PORTAL_CKA_WESTERN_PENNSYLV_69C80C6F70,INDEX,TEXT,1361
LIBRARY_RAW,LANDING,PORTAL_CKA_WESTERN_PENNSYLV_69C80C6F70,INDEX_ID,TEXT,1361
LIBRARY_RAW,LANDING,PORTAL_CKA_WESTERN_PENNSYLV_769BEBAE41,TRIPDURATION,TEXT,2897
LIBRARY_RAW,LANDING,PORTAL_CKA_WESTERN_PENNSYLV_8B4D96292C,RATE,TEXT,25
LIBRARY_RAW,LANDING,PORTAL_CKA_WESTERN_PENNSYLV_8B4D96292C,RATES,TEXT,25
LIBRARY_RAW,LANDING,PORTAL_CKA_WESTERN_PENNSYLV_B25E480DFC,HOLIDAY_HOURS_OF_OPERATION,TEXT,10000
LIBRARY_RAW,LANDING,PORTAL_CKA_WESTERN_PENNSYLV_B25E480DFC,HOURS_OF_OPERATION,TEXT,10000
LIBRARY_RAW,LANDING,PORTAL_CKA_WESTERN_PENNSYLV_B26184ED51,REGISTRATION_NUMBER,TEXT,602
LIBRARY_RAW,LANDING,PORTAL_CKA_WESTERN_PENNSYLV_ED65B530A3,AVG_NS_BUS,TEXT,10000
LIBRARY_RAW,LANDING,PORTAL_CKA_WESTERN_PENNSYLV_ED65B530A3,AVG_NS_OTH,TEXT,10000
LIBRARY_RAW,LANDING,PORTAL_CKA_WESTERN_PENNSYLV_ED65B530A3,AVG_NS_RES,TEXT,10000
LIBRARY_RAW,LANDING,PORTAL_CKA_WESTERN_PENNSYLV_ED65B530A3,AVG_VAC_B,TEXT,10000
LIBRARY_RAW,LANDING,PORTAL_CKA_WESTERN_PENNSYLV_ED65B530A3,AVG_VAC_O,TEXT,10000
LIBRARY_RAW,LANDING,PORTAL_CKA_WESTERN_PENNSYLV_ED65B530A3,AVG_VAC_R,TEXT,10000
LIBRARY_RAW,LANDING,PORTAL_CKA_WESTERN_PENNSYLV_ED65B530A3,TOTAL_AVG_VAC,TEXT,10000
LIBRARY_RAW,LANDING,PORTAL_CKA_WESTERN_PENNSYLV_F5FB6CCB69,COMPRESSION_RATIO,TEXT,6
LIBRARY_RAW,LANDING,PORTAL_CKA_WESTERN_PENNSYLV_F810ADDEEC,MEANCURVATURE,TEXT,6461
LIBRARY_RAW,LANDING,PORTAL_CKA_WESTERN_PENNSYLV_F810ADDEEC,MEANGENERALTEMPERATUREOVER30DAYSBEFORELANDSLIDE,TEXT,6461
LIBRARY_RAW,LANDING,PORTAL_CKA_WESTERN_PENNSYLV_F810ADDEEC,MEANGENERALTEMPERATUREOVER365DAYSBEFORELANDSLIDE,TEXT,6461
LIBRARY_RAW,LANDING,PORTAL_CKA_WESTERN_PENNSYLV_F810ADDEEC,MEANGENERALTEMPERATUREOVER7DAYSBEFORELANDSLIDE,TEXT,6461
LIBRARY_RAW,LANDING,PORTAL_CKA_WESTERN_PENNSYLV_F810ADDEEC,MEANLENGTHOFFREEZETHAWCYCLESOVER30DAYSBEFORELANDSLIDE,TEXT,6461
LIBRARY_RAW,LANDING,PORTAL_CKA_WESTERN_PENNSYLV_F810ADDEEC,MEANLENGTHOFFREEZETHAWCYCLESOVER365DAYSBEFORELANDSLIDE,TEXT,6461
LIBRARY_RAW,LANDING,PORTAL_CKA_WESTERN_PENNSYLV_F810ADDEEC,MEANLENGTHOFFREEZETHAWCYCLESOVER7DAYSBEFORELANDSLIDE,TEXT,6461
LIBRARY_RAW,LANDING,PORTAL_CKA_WESTERN_PENNSYLV_F810ADDEEC,MEANPRECIPITATIONATDAYOFLANDSLIDE,TEXT,6461
LIBRARY_RAW,LANDING,PORTAL_CKA_WESTERN_PENNSYLV_F810ADDEEC,MEANPRECIPITATIONOVER180DAYSBEFORELANDSLIDE,TEXT,6461
LIBRARY_RAW,LANDING,PORTAL_CKA_WESTERN_PENNSYLV_F810ADDEEC,MEANPRECIPITATIONOVER2DAYSBEFORELANDSLIDE,TEXT,6461
LIBRARY_RAW,LANDING,PORTAL_CKA_WESTERN_PENNSYLV_F810ADDEEC,MEANPRECIPITATIONOVER30DAYSBEFORELANDSLIDE,TEXT,6461
LIBRARY_RAW,LANDING,PORTAL_CKA_WESTERN_PENNSYLV_F810ADDEEC,MEANPRECIPITATIONOVER7DAYSBEFORELANDSLIDE,TEXT,6461
LIBRARY_RAW,LANDING,PORTAL_CKA_WESTERN_PENNSYLV_F810ADDEEC,MEANPRECIPITATIONOVER90DAYSBEFORELANDSLIDE,TEXT,6461
LIBRARY_RAW,LANDING,PORTAL_CKA_WESTERN_PENNSYLV_F810ADDEEC,MEANTEMPERATUREOFFREEZECYCLESOVER30DAYSBEFORELANDSLIDE,TEXT,6461
LIBRARY_RAW,LANDING,PORTAL_CKA_WESTERN_PENNSYLV_F810ADDEEC,MEANTEMPERATUREOFFREEZECYCLESOVER365DAYSBEFORELANDSLIDE,TEXT,6461
LIBRARY_RAW,LANDING,PORTAL_CKA_WESTERN_PENNSYLV_F810ADDEEC,MEANTEMPERATUREOFFREEZECYCLESOVER7DAYSBEFORELANDSLIDE,TEXT,6461
LIBRARY_RAW,LANDING,PORTAL_CKA_WESTERN_PENNSYLV_F810ADDEEC,MEANTEMPERATUREOFTHAWCYCLESOVER30DAYSBEFORELANDSLIDE,TEXT,6461
LIBRARY_RAW,LANDING,PORTAL_CKA_WESTERN_PENNSYLV_F810ADDEEC,MEANTEMPERATUREOFTHAWCYCLESOVER365DAYSBEFORELANDSLIDE,TEXT,6461
LIBRARY_RAW,LANDING,PORTAL_CKA_WESTERN_PENNSYLV_F810ADDEEC,MEANTEMPERATUREOFTHAWCYCLESOVER7DAYSBEFORELANDSLIDE,TEXT,6461
LIBRARY_RAW,LANDING,PORTAL_CKA_WESTERN_PENNSYLV_F810ADDEEC,NUMBEROFFREEZETHAWALTERATIONSOVER30DAYSBEFORELANDSLIDE,TEXT,6461
LIBRARY_RAW,LANDING,PORTAL_CKA_WESTERN_PENNSYLV_F810ADDEEC,NUMBEROFFREEZETHAWALTERATIONSOVER365DAYSBEFORELANDSLIDE,TEXT,6461
LIBRARY_RAW,LANDING,PORTAL_CKA_WESTERN_PENNSYLV_F810ADDEEC,NUMBEROFFREEZETHAWALTERATIONSOVER7DAYSBEFORELANDSLIDE,TEXT,6461
LIBRARY_RAW,LANDING,PORTAL_CKA_WESTERN_PENNSYLV_F810ADDEEC,SATURATEDHYDRAULICCONDUCTIVITY,TEXT,6461
LIBRARY_RAW,LANDING,PORTAL_CKA_WESTERN_PENNSYLV_F810ADDEEC,WETNESSINDEX,TEXT,6461
LIBRARY_RAW,LANDING,PORTAL_CKA_WESTERN_PENNSYLV_FBECF42E16,SCORE,TEXT,91
LIBRARY_RAW,LANDING,PORTAL_CKA_WPRDC_ALLEGHENY_060112D129,EXPIRATION_DATE,TEXT,8402
LIBRARY_RAW,LANDING,PORTAL_CKA_WPRDC_ALLEGHENY_060112D129,INSURANCE_EXPIRATION_DATE,TEXT,8402
LIBRARY_RAW,LANDING,PORTAL_CKA_WPRDC_ALLEGHENY_1C103EE2CD,LATEST_INSPECTION_SCORE,TEXT,3420
LIBRARY_RAW,LANDING,PORTAL_CKA_WPRDC_ALLEGHENY_1E2C46C189,RATE,TEXT,25
LIBRARY_RAW,LANDING,PORTAL_CKA_WPRDC_ALLEGHENY_1E2C46C189,RATES,TEXT,25
LIBRARY_RAW,LANDING,PORTAL_CKA_WPRDC_ALLEGHENY_20BC27569A,LOWMODPCT2,TEXT,361
LIBRARY_RAW,LANDING,PORTAL_CKA_WPRDC_ALLEGHENY_238D230C29,AVG_RIDERS,TEXT,10000
LIBRARY_RAW,LANDING,PORTAL_CKA_WPRDC_ALLEGHENY_2D99F866D7,REGISTRATION_NUMBER,TEXT,602
LIBRARY_RAW,LANDING,PORTAL_CKA_WPRDC_ALLEGHENY_3B5F278B80,COMPRESSION_RATIO,TEXT,6
LIBRARY_RAW,LANDING,PORTAL_CKA_WPRDC_ALLEGHENY_4597FBDFE3,TRIPDURATION,TEXT,2897
LIBRARY_RAW,LANDING,PORTAL_CKA_WPRDC_ALLEGHENY_5C657EBA17,INDEX,TEXT,1361
LIBRARY_RAW,LANDING,PORTAL_CKA_WPRDC_ALLEGHENY_5C657EBA17,INDEX_ID,TEXT,1361
LIBRARY_RAW,LANDING,PORTAL_CKA_WPRDC_ALLEGHENY_615C42BB56,INDEX,TEXT,72
LIBRARY_RAW,LANDING,PORTAL_CKA_WPRDC_ALLEGHENY_615C42BB56,VAR_2013_AGE_PER_1,TEXT,72
LIBRARY_RAW,LANDING,PORTAL_CKA_WPRDC_ALLEGHENY_615C42BB56,VAR_2013_AGE_PER_2,TEXT,72
LIBRARY_RAW,LANDING,PORTAL_CKA_WPRDC_ALLEGHENY_615C42BB56,VAR_2013_AGE_PER_3,TEXT,72
LIBRARY_RAW,LANDING,PORTAL_CKA_WPRDC_ALLEGHENY_615C42BB56,VAR_2013_AGE_PER_4,TEXT,72
LIBRARY_RAW,LANDING,PORTAL_CKA_WPRDC_ALLEGHENY_615C42BB56,VAR_2013_AGE_PER_5,TEXT,72
LIBRARY_RAW,LANDING,PORTAL_CKA_WPRDC_ALLEGHENY_615C42BB56,VAR_2013_COMMUTING_PER_2,TEXT,72
LIBRARY_RAW,LANDING,PORTAL_CKA_WPRDC_ALLEGHENY_615C42BB56,VAR_2013_COMMUTING_PER_3,TEXT,72
LIBRARY_RAW,LANDING,PORTAL_CKA_WPRDC_ALLEGHENY_615C42BB56,VAR_2013_COMMUTING_PER_4,TEXT,72
LIBRARY_RAW,LANDING,PORTAL_CKA_WPRDC_ALLEGHENY_615C42BB56,VAR_2013_COMMUTING_PER_5,TEXT,72
LIBRARY_RAW,LANDING,PORTAL_CKA_WPRDC_ALLEGHENY_615C42BB56,VAR_2013_COMMUTING_PER_6,TEXT,72
LIBRARY_RAW,LANDING,PORTAL_CKA_WPRDC_ALLEGHENY_615C42BB56,VAR_2013_COMMUTING_PER_7,TEXT,72
LIBRARY_RAW,LANDING,PORTAL_CKA_WPRDC_ALLEGHENY_615C42BB56,VAR_2013_EDUC_PER_2,TEXT,72
LIBRARY_RAW,LANDING,PORTAL_CKA_WPRDC_ALLEGHENY_615C42BB56,VAR_2013_EDUC_PER_3,TEXT,72
LIBRARY_RAW,LANDING,PORTAL_CKA_WPRDC_ALLEGHENY_615C42BB56,VAR_2013_EDUC_PER_4,TEXT,72
LIBRARY_RAW,LANDING,PORTAL_CKA_WPRDC_ALLEGHENY_615C42BB56,VAR_2013_EDUC_PER_5,TEXT,72
LIBRARY_RAW,LANDING,PORTAL_CKA_WPRDC_ALLEGHENY_615C42BB56,VAR_2013_HHTYPE_PER_2,TEXT,72
LIBRARY_RAW,LANDING,PORTAL_CKA_WPRDC_ALLEGHENY_615C42BB56,VAR_2013_HHTYPE_PER_3,TEXT,72
LIBRARY_RAW,LANDING,PORTAL_CKA_WPRDC_ALLEGHENY_615C42BB56,VAR_2013_HHTYPE_PER_4,TEXT,72
LIBRARY_RAW,LANDING,PORTAL_CKA_WPRDC_ALLEGHENY_615C42BB56,VAR_2013_HHTYPE_PER_5,TEXT,72
LIBRARY_RAW,LANDING,PORTAL_CKA_WPRDC_ALLEGHENY_615C42BB56,VAR_2013_HHTYPE_PER_6,TEXT,72
LIBRARY_RAW,LANDING,PORTAL_CKA_WPRDC_ALLEGHENY_615C42BB56,VAR_2013_HHTYPE_PER_7,TEXT,72
LIBRARY_RAW,LANDING,PORTAL_CKA_WPRDC_ALLEGHENY_615C42BB56,VAR_2013_HHTYPE_PER_8,TEXT,72
LIBRARY_RAW,LANDING,PORTAL_CKA_WPRDC_ALLEGHENY_615C42BB56,VAR_2013_HHTYPE_PER_9,TEXT,72
LIBRARY_RAW,LANDING,PORTAL_CKA_WPRDC_ALLEGHENY_615C42BB56,VAR_2013_INCOME_PER_2,TEXT,72
LIBRARY_RAW,LANDING,PORTAL_CKA_WPRDC_ALLEGHENY_615C42BB56,VAR_2013_INCOME_PER_3,TEXT,72
LIBRARY_RAW,LANDING,PORTAL_CKA_WPRDC_ALLEGHENY_615C42BB56,VAR_2013_INCOME_PER_4,TEXT,72
LIBRARY_RAW,LANDING,PORTAL_CKA_WPRDC_ALLEGHENY_615C42BB56,VAR_2013_INCOME_PER_5,TEXT,72
LIBRARY_RAW,LANDING,PORTAL_CKA_WPRDC_ALLEGHENY_615C42BB56,VAR_2013_INCOME_PER_6,TEXT,72
LIBRARY_RAW,LANDING,PORTAL_CKA_WPRDC_ALLEGHENY_615C42BB56,VAR_2013_INCOME_PER_7,TEXT,72
LIBRARY_RAW,LANDING,PORTAL_CKA_WPRDC_ALLEGHENY_615C42BB56,VAR_2013_LF_PER_2,TEXT,72
LIBRARY_RAW,LANDING,PORTAL_CKA_WPRDC_ALLEGHENY_615C42BB56,VAR_2013_LF_PER_3,TEXT,72
LIBRARY_RAW,LANDING,PORTAL_CKA_WPRDC_ALLEGHENY_615C42BB56,VAR_2013_LF_PER_4,TEXT,72
LIBRARY_RAW,LANDING,PORTAL_CKA_WPRDC_ALLEGHENY_615C42BB56,VAR_2013_LF_PER_5,TEXT,72
LIBRARY_RAW,LANDING,PORTAL_CKA_WPRDC_ALLEGHENY_615C42BB56,VAR_2013_LF_PER_6,TEXT,72
LIBRARY_RAW,LANDING,PORTAL_CKA_WPRDC_ALLEGHENY_615C42BB56,VAR_2013_LF_PER_7,TEXT,72
LIBRARY_RAW,LANDING,PORTAL_CKA_WPRDC_ALLEGHENY_615C42BB56,VAR_2013_MOBILITY_PER_2,TEXT,72
LIBRARY_RAW,LANDING,PORTAL_CKA_WPRDC_ALLEGHENY_615C42BB56,VAR_2013_MOBILITY_PER_3,TEXT,72
LIBRARY_RAW,LANDING,PORTAL_CKA_WPRDC_ALLEGHENY_615C42BB56,VAR_2013_MOBILITY_PER_4,TEXT,72
LIBRARY_RAW,LANDING,PORTAL_CKA_WPRDC_ALLEGHENY_615C42BB56,VAR_2013_POVERTY_PER_2,TEXT,72
LIBRARY_RAW,LANDING,PORTAL_CKA_WPRDC_ALLEGHENY_615C42BB56,VAR_2013_POVERTY_PER_3,TEXT,72
LIBRARY_RAW,LANDING,PORTAL_CKA_WPRDC_ALLEGHENY_615C42BB56,VAR_2013_RACE_PER_1,TEXT,72
LIBRARY_RAW,LANDING,PORTAL_CKA_WPRDC_ALLEGHENY_615C42BB56,VAR_2013_RACE_PER_2,TEXT,72
LIBRARY_RAW,LANDING,PORTAL_CKA_WPRDC_ALLEGHENY_615C42BB56,VAR_2013_RACE_PER_3,TEXT,72
LIBRARY_RAW,LANDING,PORTAL_CKA_WPRDC_ALLEGHENY_615C42BB56,VAR_2013_RACE_PER_4,TEXT,72
LIBRARY_RAW,LANDING,PORTAL_CKA_WPRDC_ALLEGHENY_615C42BB56,VAR_2013_RACE_PER_5,TEXT,72
LIBRARY_RAW,LANDING,PORTAL_CKA_WPRDC_ALLEGHENY_615C42BB56,VAR_2013_SCHOOL_PER_2,TEXT,72
LIBRARY_RAW,LANDING,PORTAL_CKA_WPRDC_ALLEGHENY_615C42BB56,VAR_2013_SCHOOL_PER_3,TEXT,72
LIBRARY_RAW,LANDING,PORTAL_CKA_WPRDC_ALLEGHENY_615C42BB56,VAR_2013_SCHOOL_PER_4,TEXT,72
LIBRARY_RAW,LANDING,PORTAL_CKA_WPRDC_ALLEGHENY_615C42BB56,VAR_2013_SCHOOL_PER_5,TEXT,72
LIBRARY_RAW,LANDING,PORTAL_CKA_WPRDC_ALLEGHENY_615C42BB56,VAR_2013_TENURE_PER_2,TEXT,72
LIBRARY_RAW,LANDING,PORTAL_CKA_WPRDC_ALLEGHENY_615C42BB56,VAR_2013_TENURE_PER_3,TEXT,72
LIBRARY_RAW,LANDING,PORTAL_CKA_WPRDC_ALLEGHENY_615C42BB56,VAR_2013_VACANCY_PER_2,TEXT,72
LIBRARY_RAW,LANDING,PORTAL_CKA_WPRDC_ALLEGHENY_615C42BB56,VAR_2013_VACANCY_PER_3,TEXT,72
LIBRARY_RAW,LANDING,PORTAL_CKA_WPRDC_ALLEGHENY_615C42BB56,VAR_2013_VET_PER_2,TEXT,72
LIBRARY_RAW,LANDING,PORTAL_CKA_WPRDC_ALLEGHENY_615C42BB56,VAR_2013_VET_PER_3,TEXT,72
LIBRARY_RAW,LANDING,PORTAL_CKA_WPRDC_ALLEGHENY_615C42BB56,VAR_2013_VET_PER_4,TEXT,72
LIBRARY_RAW,LANDING,PORTAL_CKA_WPRDC_ALLEGHENY_615C42BB56,VAR_2013_VET_PER_5,TEXT,72
LIBRARY_RAW,LANDING,PORTAL_CKA_WPRDC_ALLEGHENY_615C42BB56,VAR_2013_VET_PER_6,TEXT,72
LIBRARY_RAW,LANDING,PORTAL_CKA_WPRDC_ALLEGHENY_615C42BB56,VAR_2013_VET_PER_7,TEXT,72
LIBRARY_RAW,LANDING,PORTAL_CKA_WPRDC_ALLEGHENY_615C42BB56,VAR_2023_AGE_PER_1,TEXT,72
LIBRARY_RAW,LANDING,PORTAL_CKA_WPRDC_ALLEGHENY_615C42BB56,VAR_2023_AGE_PER_2,TEXT,72
LIBRARY_RAW,LANDING,PORTAL_CKA_WPRDC_ALLEGHENY_615C42BB56,VAR_2023_AGE_PER_3,TEXT,72
LIBRARY_RAW,LANDING,PORTAL_CKA_WPRDC_ALLEGHENY_615C42BB56,VAR_2023_AGE_PER_4,TEXT,72
LIBRARY_RAW,LANDING,PORTAL_CKA_WPRDC_ALLEGHENY_615C42BB56,VAR_2023_AGE_PER_5,TEXT,72
LIBRARY_RAW,LANDING,PORTAL_CKA_WPRDC_ALLEGHENY_615C42BB56,VAR_2023_COMMUTING_PER_2,TEXT,72
LIBRARY_RAW,LANDING,PORTAL_CKA_WPRDC_ALLEGHENY_615C42BB56,VAR_2023_COMMUTING_PER_3,TEXT,72
LIBRARY_RAW,LANDING,PORTAL_CKA_WPRDC_ALLEGHENY_615C42BB56,VAR_2023_COMMUTING_PER_4,TEXT,72
LIBRARY_RAW,LANDING,PORTAL_CKA_WPRDC_ALLEGHENY_615C42BB56,VAR_2023_COMMUTING_PER_5,TEXT,72
LIBRARY_RAW,LANDING,PORTAL_CKA_WPRDC_ALLEGHENY_615C42BB56,VAR_2023_COMMUTING_PER_6,TEXT,72
LIBRARY_RAW,LANDING,PORTAL_CKA_WPRDC_ALLEGHENY_615C42BB56,VAR_2023_COMMUTING_PER_7,TEXT,72
LIBRARY_RAW,LANDING,PORTAL_CKA_WPRDC_ALLEGHENY_615C42BB56,VAR_2023_EDUC_PER_2,TEXT,72
LIBRARY_RAW,LANDING,PORTAL_CKA_WPRDC_ALLEGHENY_615C42BB56,VAR_2023_EDUC_PER_3,TEXT,72
LIBRARY_RAW,LANDING,PORTAL_CKA_WPRDC_ALLEGHENY_615C42BB56,VAR_2023_EDUC_PER_4,TEXT,72
LIBRARY_RAW,LANDING,PORTAL_CKA_WPRDC_ALLEGHENY_615C42BB56,VAR_2023_EDUC_PER_5,TEXT,72
LIBRARY_RAW,LANDING,PORTAL_CKA_WPRDC_ALLEGHENY_615C42BB56,VAR_2023_HHTYPE_PER_2,TEXT,72
LIBRARY_RAW,LANDING,PORTAL_CKA_WPRDC_ALLEGHENY_615C42BB56,VAR_2023_HHTYPE_PER_3,TEXT,72
LIBRARY_RAW,LANDING,PORTAL_CKA_WPRDC_ALLEGHENY_615C42BB56,VAR_2023_HHTYPE_PER_4,TEXT,72
LIBRARY_RAW,LANDING,PORTAL_CKA_WPRDC_ALLEGHENY_615C42BB56,VAR_2023_HHTYPE_PER_5,TEXT,72
LIBRARY_RAW,LANDING,PORTAL_CKA_WPRDC_ALLEGHENY_615C42BB56,VAR_2023_HHTYPE_PER_6,TEXT,72
LIBRARY_RAW,LANDING,PORTAL_CKA_WPRDC_ALLEGHENY_615C42BB56,VAR_2023_HHTYPE_PER_7,TEXT,72
LIBRARY_RAW,LANDING,PORTAL_CKA_WPRDC_ALLEGHENY_615C42BB56,VAR_2023_HHTYPE_PER_8,TEXT,72
LIBRARY_RAW,LANDING,PORTAL_CKA_WPRDC_ALLEGHENY_615C42BB56,VAR_2023_HHTYPE_PER_9,TEXT,72
LIBRARY_RAW,LANDING,PORTAL_CKA_WPRDC_ALLEGHENY_615C42BB56,VAR_2023_INCOME_PER_2,TEXT,72
LIBRARY_RAW,LANDING,PORTAL_CKA_WPRDC_ALLEGHENY_615C42BB56,VAR_2023_INCOME_PER_3,TEXT,72
LIBRARY_RAW,LANDING,PORTAL_CKA_WPRDC_ALLEGHENY_615C42BB56,VAR_2023_INCOME_PER_4,TEXT,72
LIBRARY_RAW,LANDING,PORTAL_CKA_WPRDC_ALLEGHENY_615C42BB56,VAR_2023_INCOME_PER_5,TEXT,72
LIBRARY_RAW,LANDING,PORTAL_CKA_WPRDC_ALLEGHENY_615C42BB56,VAR_2023_INCOME_PER_6,TEXT,72
LIBRARY_RAW,LANDING,PORTAL_CKA_WPRDC_ALLEGHENY_615C42BB56,VAR_2023_INCOME_PER_7,TEXT,72
LIBRARY_RAW,LANDING,PORTAL_CKA_WPRDC_ALLEGHENY_615C42BB56,VAR_2023_LF_PER_2,TEXT,72
LIBRARY_RAW,LANDING,PORTAL_CKA_WPRDC_ALLEGHENY_615C42BB56,VAR_2023_LF_PER_3,TEXT,72
LIBRARY_RAW,LANDING,PORTAL_CKA_WPRDC_ALLEGHENY_615C42BB56,VAR_2023_LF_PER_4,TEXT,72
LIBRARY_RAW,LANDING,PORTAL_CKA_WPRDC_ALLEGHENY_615C42BB56,VAR_2023_LF_PER_5,TEXT,72
LIBRARY_RAW,LANDING,PORTAL_CKA_WPRDC_ALLEGHENY_615C42BB56,VAR_2023_LF_PER_6,TEXT,72
LIBRARY_RAW,LANDING,PORTAL_CKA_WPRDC_ALLEGHENY_615C42BB56,VAR_2023_LF_PER_7,TEXT,72
LIBRARY_RAW,LANDING,PORTAL_CKA_WPRDC_ALLEGHENY_615C42BB56,VAR_2023_MOBILITY_PER_2,TEXT,72
LIBRARY_RAW,LANDING,PORTAL_CKA_WPRDC_ALLEGHENY_615C42BB56,VAR_2023_MOBILITY_PER_3,TEXT,72
LIBRARY_RAW,LANDING,PORTAL_CKA_WPRDC_ALLEGHENY_615C42BB56,VAR_2023_MOBILITY_PER_4,TEXT,72
LIBRARY_RAW,LANDING,PORTAL_CKA_WPRDC_ALLEGHENY_615C42BB56,VAR_2023_POVERTY_PER_2,TEXT,72
LIBRARY_RAW,LANDING,PORTAL_CKA_WPRDC_ALLEGHENY_615C42BB56,VAR_2023_POVERTY_PER_3,TEXT,72
LIBRARY_RAW,LANDING,PORTAL_CKA_WPRDC_ALLEGHENY_615C42BB56,VAR_2023_RACE_PER_1,TEXT,72
LIBRARY_RAW,LANDING,PORTAL_CKA_WPRDC_ALLEGHENY_615C42BB56,VAR_2023_RACE_PER_2,TEXT,72
LIBRARY_RAW,LANDING,PORTAL_CKA_WPRDC_ALLEGHENY_615C42BB56,VAR_2023_RACE_PER_3,TEXT,72
LIBRARY_RAW,LANDING,PORTAL_CKA_WPRDC_ALLEGHENY_615C42BB56,VAR_2023_RACE_PER_4,TEXT,72
LIBRARY_RAW,LANDING,PORTAL_CKA_WPRDC_ALLEGHENY_615C42BB56,VAR_2023_RACE_PER_5,TEXT,72
LIBRARY_RAW,LANDING,PORTAL_CKA_WPRDC_ALLEGHENY_615C42BB56,VAR_2023_SCHOOL_PER_2,TEXT,72
LIBRARY_RAW,LANDING,PORTAL_CKA_WPRDC_ALLEGHENY_615C42BB56,VAR_2023_SCHOOL_PER_3,TEXT,72
LIBRARY_RAW,LANDING,PORTAL_CKA_WPRDC_ALLEGHENY_615C42BB56,VAR_2023_SCHOOL_PER_4,TEXT,72
LIBRARY_RAW,LANDING,PORTAL_CKA_WPRDC_ALLEGHENY_615C42BB56,VAR_2023_SCHOOL_PER_5,TEXT,72
LIBRARY_RAW,LANDING,PORTAL_CKA_WPRDC_ALLEGHENY_615C42BB56,VAR_2023_TENURE_PER_2,TEXT,72
LIBRARY_RAW,LANDING,PORTAL_CKA_WPRDC_ALLEGHENY_615C42BB56,VAR_2023_TENURE_PER_3,TEXT,72
LIBRARY_RAW,LANDING,PORTAL_CKA_WPRDC_ALLEGHENY_615C42BB56,VAR_2023_VACANCY_PER_2,TEXT,72
LIBRARY_RAW,LANDING,PORTAL_CKA_WPRDC_ALLEGHENY_615C42BB56,VAR_2023_VACANCY_PER_3,TEXT,72
LIBRARY_RAW,LANDING,PORTAL_CKA_WPRDC_ALLEGHENY_615C42BB56,VAR_2023_VET_PER_2,TEXT,72
LIBRARY_RAW,LANDING,PORTAL_CKA_WPRDC_ALLEGHENY_615C42BB56,VAR_2023_VET_PER_3,TEXT,72
LIBRARY_RAW,LANDING,PORTAL_CKA_WPRDC_ALLEGHENY_615C42BB56,VAR_2023_VET_PER_4,TEXT,72
LIBRARY_RAW,LANDING,PORTAL_CKA_WPRDC_ALLEGHENY_615C42BB56,VAR_2023_VET_PER_5,TEXT,72
LIBRARY_RAW,LANDING,PORTAL_CKA_WPRDC_ALLEGHENY_615C42BB56,VAR_2023_VET_PER_6,TEXT,72
LIBRARY_RAW,LANDING,PORTAL_CKA_WPRDC_ALLEGHENY_615C42BB56,VAR_2023_VET_PER_7,TEXT,72
LIBRARY_RAW,LANDING,PORTAL_CKA_WPRDC_ALLEGHENY_615C42BB56,VAR_CHANGEPER_AGE_1,TEXT,72
LIBRARY_RAW,LANDING,PORTAL_CKA_WPRDC_ALLEGHENY_615C42BB56,VAR_CHANGEPER_AGE_2,TEXT,72
LIBRARY_RAW,LANDING,PORTAL_CKA_WPRDC_ALLEGHENY_615C42BB56,VAR_CHANGEPER_AGE_3,TEXT,72
LIBRARY_RAW,LANDING,PORTAL_CKA_WPRDC_ALLEGHENY_615C42BB56,VAR_CHANGEPER_AGE_4,TEXT,72
LIBRARY_RAW,LANDING,PORTAL_CKA_WPRDC_ALLEGHENY_615C42BB56,VAR_CHANGEPER_AGE_5,TEXT,72
LIBRARY_RAW,LANDING,PORTAL_CKA_WPRDC_ALLEGHENY_615C42BB56,VAR_CHANGEPER_GROUPQUARTERS,TEXT,72
LIBRARY_RAW,LANDING,PORTAL_CKA_WPRDC_ALLEGHENY_615C42BB56,VAR_CHANGEPER_HHTYPE_1,TEXT,72
LIBRARY_RAW,LANDING,PORTAL_CKA_WPRDC_ALLEGHENY_615C42BB56,VAR_CHANGEPER_HHTYPE_2,TEXT,72
LIBRARY_RAW,LANDING,PORTAL_CKA_WPRDC_ALLEGHENY_615C42BB56,VAR_CHANGEPER_HHTYPE_3,TEXT,72
LIBRARY_RAW,LANDING,PORTAL_CKA_WPRDC_ALLEGHENY_615C42BB56,VAR_CHANGEPER_HHTYPE_4,TEXT,72
LIBRARY_RAW,LANDING,PORTAL_CKA_WPRDC_ALLEGHENY_615C42BB56,VAR_CHANGEPER_HHTYPE_5,TEXT,72
LIBRARY_RAW,LANDING,PORTAL_CKA_WPRDC_ALLEGHENY_615C42BB56,VAR_CHANGEPER_HHTYPE_6,TEXT,72
LIBRARY_RAW,LANDING,PORTAL_CKA_WPRDC_ALLEGHENY_615C42BB56,VAR_CHANGEPER_HHTYPE_7,TEXT,72
LIBRARY_RAW,LANDING,PORTAL_CKA_WPRDC_ALLEGHENY_615C42BB56,VAR_CHANGEPER_HHTYPE_8,TEXT,72
LIBRARY_RAW,LANDING,PORTAL_CKA_WPRDC_ALLEGHENY_615C42BB56,VAR_CHANGEPER_HHTYPE_9,TEXT,72
LIBRARY_RAW,LANDING,PORTAL_CKA_WPRDC_ALLEGHENY_615C42BB56,VAR_CHANGEPER_HISPANIC,TEXT,72
LIBRARY_RAW,LANDING,PORTAL_CKA_WPRDC_ALLEGHENY_615C42BB56,VAR_CHANGEPER_MOBILITY_1,TEXT,72
LIBRARY_RAW,LANDING,PORTAL_CKA_WPRDC_ALLEGHENY_615C42BB56,VAR_CHANGEPER_MOBILITY_2,TEXT,72
LIBRARY_RAW,LANDING,PORTAL_CKA_WPRDC_ALLEGHENY_615C42BB56,VAR_CHANGEPER_MOBILITY_3,TEXT,72
LIBRARY_RAW,LANDING,PORTAL_CKA_WPRDC_ALLEGHENY_615C42BB56,VAR_CHANGEPER_MOBILITY_4,TEXT,72
LIBRARY_RAW,LANDING,PORTAL_CKA_WPRDC_ALLEGHENY_615C42BB56,VAR_CHANGEPER_RACE_1,TEXT,72
LIBRARY_RAW,LANDING,PORTAL_CKA_WPRDC_ALLEGHENY_615C42BB56,VAR_CHANGEPER_RACE_2,TEXT,72
LIBRARY_RAW,LANDING,PORTAL_CKA_WPRDC_ALLEGHENY_615C42BB56,VAR_CHANGEPER_RACE_3,TEXT,72
LIBRARY_RAW,LANDING,PORTAL_CKA_WPRDC_ALLEGHENY_615C42BB56,VAR_CHANGEPER_RACE_4,TEXT,72
LIBRARY_RAW,LANDING,PORTAL_CKA_WPRDC_ALLEGHENY_615C42BB56,VAR_CHANGEPER_RACE_5,TEXT,72
LIBRARY_RAW,LANDING,PORTAL_CKA_WPRDC_ALLEGHENY_615C42BB56,VAR_CHANGEPER_SCHOOL_1,TEXT,72
LIBRARY_RAW,LANDING,PORTAL_CKA_WPRDC_ALLEGHENY_615C42BB56,VAR_CHANGEPER_SCHOOL_2,TEXT,72
LIBRARY_RAW,LANDING,PORTAL_CKA_WPRDC_ALLEGHENY_615C42BB56,VAR_CHANGEPER_SCHOOL_3,TEXT,72
LIBRARY_RAW,LANDING,PORTAL_CKA_WPRDC_ALLEGHENY_615C42BB56,VAR_CHANGEPER_SCHOOL_4,TEXT,72
LIBRARY_RAW,LANDING,PORTAL_CKA_WPRDC_ALLEGHENY_615C42BB56,VAR_CHANGEPER_SCHOOL_5,TEXT,72
LIBRARY_RAW,LANDING,PORTAL_CKA_WPRDC_ALLEGHENY_615C42BB56,VAR_CHANGEPER_TOTALPOPULATION,TEXT,72
LIBRARY_RAW,LANDING,PORTAL_CKA_WPRDC_ALLEGHENY_615C42BB56,VAR_CHANGE_PER_VET_1,TEXT,72
LIBRARY_RAW,LANDING,PORTAL_CKA_WPRDC_ALLEGHENY_615C42BB56,VAR_CHANGE_PER_VET_2,TEXT,72
LIBRARY_RAW,LANDING,PORTAL_CKA_WPRDC_ALLEGHENY_615C42BB56,VAR_CHANGE_PER_VET_3,TEXT,72
LIBRARY_RAW,LANDING,PORTAL_CKA_WPRDC_ALLEGHENY_615C42BB56,VAR_CHANGE_PER_VET_4,TEXT,72
LIBRARY_RAW,LANDING,PORTAL_CKA_WPRDC_ALLEGHENY_615C42BB56,VAR_CHANGE_PER_VET_5,TEXT,72
LIBRARY_RAW,LANDING,PORTAL_CKA_WPRDC_ALLEGHENY_615C42BB56,VAR_CHANGE_PER_VET_6,TEXT,72
LIBRARY_RAW,LANDING,PORTAL_CKA_WPRDC_ALLEGHENY_615C42BB56,VAR_CHANGE_PER_VET_7,TEXT,72
LIBRARY_RAW,LANDING,PORTAL_CKA_WPRDC_ALLEGHENY_615C42BB56,VAR_COMMUTING_CHANGE_PER_1,TEXT,72
LIBRARY_RAW,LANDING,PORTAL_CKA_WPRDC_ALLEGHENY_615C42BB56,VAR_COMMUTING_CHANGE_PER_2,TEXT,72
LIBRARY_RAW,LANDING,PORTAL_CKA_WPRDC_ALLEGHENY_615C42BB56,VAR_COMMUTING_CHANGE_PER_3,TEXT,72
LIBRARY_RAW,LANDING,PORTAL_CKA_WPRDC_ALLEGHENY_615C42BB56,VAR_COMMUTING_CHANGE_PER_4,TEXT,72
LIBRARY_RAW,LANDING,PORTAL_CKA_WPRDC_ALLEGHENY_615C42BB56,VAR_COMMUTING_CHANGE_PER_5,TEXT,72
LIBRARY_RAW,LANDING,PORTAL_CKA_WPRDC_ALLEGHENY_615C42BB56,VAR_COMMUTING_CHANGE_PER_6,TEXT,72
LIBRARY_RAW,LANDING,PORTAL_CKA_WPRDC_ALLEGHENY_615C42BB56,VAR_COMMUTING_CHANGE_PER_7,TEXT,72
LIBRARY_RAW,LANDING,PORTAL_CKA_WPRDC_ALLEGHENY_615C42BB56,VAR_EDUC_CHANGE_PER_1,TEXT,72
LIBRARY_RAW,LANDING,PORTAL_CKA_WPRDC_ALLEGHENY_615C42BB56,VAR_EDUC_CHANGE_PER_2,TEXT,72
LIBRARY_RAW,LANDING,PORTAL_CKA_WPRDC_ALLEGHENY_615C42BB56,VAR_EDUC_CHANGE_PER_3,TEXT,72
LIBRARY_RAW,LANDING,PORTAL_CKA_WPRDC_ALLEGHENY_615C42BB56,VAR_EDUC_CHANGE_PER_4,TEXT,72
LIBRARY_RAW,LANDING,PORTAL_CKA_WPRDC_ALLEGHENY_615C42BB56,VAR_EDUC_CHANGE_PER_5,TEXT,72
LIBRARY_RAW,LANDING,PORTAL_CKA_WPRDC_ALLEGHENY_615C42BB56,VAR_INCOME_CHANGE_PER_1,TEXT,72
LIBRARY_RAW,LANDING,PORTAL_CKA_WPRDC_ALLEGHENY_615C42BB56,VAR_INCOME_CHANGE_PER_2,TEXT,72
LIBRARY_RAW,LANDING,PORTAL_CKA_WPRDC_ALLEGHENY_615C42BB56,VAR_INCOME_CHANGE_PER_3,TEXT,72
LIBRARY_RAW,LANDING,PORTAL_CKA_WPRDC_ALLEGHENY_615C42BB56,VAR_INCOME_CHANGE_PER_4,TEXT,72
LIBRARY_RAW,LANDING,PORTAL_CKA_WPRDC_ALLEGHENY_615C42BB56,VAR_INCOME_CHANGE_PER_5,TEXT,72
LIBRARY_RAW,LANDING,PORTAL_CKA_WPRDC_ALLEGHENY_615C42BB56,VAR_INCOME_CHANGE_PER_6,TEXT,72
LIBRARY_RAW,LANDING,PORTAL_CKA_WPRDC_ALLEGHENY_615C42BB56,VAR_INCOME_CHANGE_PER_7,TEXT,72
LIBRARY_RAW,LANDING,PORTAL_CKA_WPRDC_ALLEGHENY_615C42BB56,VAR_LF_CHANGEPER_1,TEXT,72
LIBRARY_RAW,LANDING,PORTAL_CKA_WPRDC_ALLEGHENY_615C42BB56,VAR_LF_CHANGEPER_2,TEXT,72
LIBRARY_RAW,LANDING,PORTAL_CKA_WPRDC_ALLEGHENY_615C42BB56,VAR_LF_CHANGEPER_3,TEXT,72
LIBRARY_RAW,LANDING,PORTAL_CKA_WPRDC_ALLEGHENY_615C42BB56,VAR_LF_CHANGEPER_4,TEXT,72
LIBRARY_RAW,LANDING,PORTAL_CKA_WPRDC_ALLEGHENY_615C42BB56,VAR_LF_CHANGEPER_5,TEXT,72
LIBRARY_RAW,LANDING,PORTAL_CKA_WPRDC_ALLEGHENY_615C42BB56,VAR_LF_CHANGEPER_6,TEXT,72
LIBRARY_RAW,LANDING,PORTAL_CKA_WPRDC_ALLEGHENY_615C42BB56,VAR_LF_CHANGEPER_7,TEXT,72
LIBRARY_RAW,LANDING,PORTAL_CKA_WPRDC_ALLEGHENY_615C42BB56,VAR_POVERTY_CHANGEPER_1,TEXT,72
LIBRARY_RAW,LANDING,PORTAL_CKA_WPRDC_ALLEGHENY_615C42BB56,VAR_POVERTY_CHANGEPER_2,TEXT,72
LIBRARY_RAW,LANDING,PORTAL_CKA_WPRDC_ALLEGHENY_615C42BB56,VAR_POVERTY_CHANGEPER_3,TEXT,72
LIBRARY_RAW,LANDING,PORTAL_CKA_WPRDC_ALLEGHENY_615C42BB56,VAR_TENURE_CHANGEPER_1,TEXT,72
LIBRARY_RAW,LANDING,PORTAL_CKA_WPRDC_ALLEGHENY_615C42BB56,VAR_TENURE_CHANGEPER_2,TEXT,72
LIBRARY_RAW,LANDING,PORTAL_CKA_WPRDC_ALLEGHENY_615C42BB56,VAR_TENURE_CHANGEPER_3,TEXT,72
LIBRARY_RAW,LANDING,PORTAL_CKA_WPRDC_ALLEGHENY_615C42BB56,VAR_VACANCY_CHANGEPER_1,TEXT,72
LIBRARY_RAW,LANDING,PORTAL_CKA_WPRDC_ALLEGHENY_615C42BB56,VAR_VACANCY_CHANGEPER_2,TEXT,72
LIBRARY_RAW,LANDING,PORTAL_CKA_WPRDC_ALLEGHENY_615C42BB56,VAR_VACANCY_CHANGEPER_3,TEXT,72
LIBRARY_RAW,LANDING,PORTAL_CKA_WPRDC_ALLEGHENY_692C217FC7,MEANCURVATURE,TEXT,6461
LIBRARY_RAW,LANDING,PORTAL_CKA_WPRDC_ALLEGHENY_692C217FC7,MEANGENERALTEMPERATUREOVER30DAYSBEFORELANDSLIDE,TEXT,6461
LIBRARY_RAW,LANDING,PORTAL_CKA_WPRDC_ALLEGHENY_692C217FC7,MEANGENERALTEMPERATUREOVER365DAYSBEFORELANDSLIDE,TEXT,6461
LIBRARY_RAW,LANDING,PORTAL_CKA_WPRDC_ALLEGHENY_692C217FC7,MEANGENERALTEMPERATUREOVER7DAYSBEFORELANDSLIDE,TEXT,6461
LIBRARY_RAW,LANDING,PORTAL_CKA_WPRDC_ALLEGHENY_692C217FC7,MEANLENGTHOFFREEZETHAWCYCLESOVER30DAYSBEFORELANDSLIDE,TEXT,6461
LIBRARY_RAW,LANDING,PORTAL_CKA_WPRDC_ALLEGHENY_692C217FC7,MEANLENGTHOFFREEZETHAWCYCLESOVER365DAYSBEFORELANDSLIDE,TEXT,6461
LIBRARY_RAW,LANDING,PORTAL_CKA_WPRDC_ALLEGHENY_692C217FC7,MEANLENGTHOFFREEZETHAWCYCLESOVER7DAYSBEFORELANDSLIDE,TEXT,6461
LIBRARY_RAW,LANDING,PORTAL_CKA_WPRDC_ALLEGHENY_692C217FC7,MEANPRECIPITATIONATDAYOFLANDSLIDE,TEXT,6461
LIBRARY_RAW,LANDING,PORTAL_CKA_WPRDC_ALLEGHENY_692C217FC7,MEANPRECIPITATIONOVER180DAYSBEFORELANDSLIDE,TEXT,6461
LIBRARY_RAW,LANDING,PORTAL_CKA_WPRDC_ALLEGHENY_692C217FC7,MEANPRECIPITATIONOVER2DAYSBEFORELANDSLIDE,TEXT,6461
LIBRARY_RAW,LANDING,PORTAL_CKA_WPRDC_ALLEGHENY_692C217FC7,MEANPRECIPITATIONOVER30DAYSBEFORELANDSLIDE,TEXT,6461
LIBRARY_RAW,LANDING,PORTAL_CKA_WPRDC_ALLEGHENY_692C217FC7,MEANPRECIPITATIONOVER7DAYSBEFORELANDSLIDE,TEXT,6461
LIBRARY_RAW,LANDING,PORTAL_CKA_WPRDC_ALLEGHENY_692C217FC7,MEANPRECIPITATIONOVER90DAYSBEFORELANDSLIDE,TEXT,6461
LIBRARY_RAW,LANDING,PORTAL_CKA_WPRDC_ALLEGHENY_692C217FC7,MEANTEMPERATUREOFFREEZECYCLESOVER30DAYSBEFORELANDSLIDE,TEXT,6461
LIBRARY_RAW,LANDING,PORTAL_CKA_WPRDC_ALLEGHENY_692C217FC7,MEANTEMPERATUREOFFREEZECYCLESOVER365DAYSBEFORELANDSLIDE,TEXT,6461
LIBRARY_RAW,LANDING,PORTAL_CKA_WPRDC_ALLEGHENY_692C217FC7,MEANTEMPERATUREOFFREEZECYCLESOVER7DAYSBEFORELANDSLIDE,TEXT,6461
LIBRARY_RAW,LANDING,PORTAL_CKA_WPRDC_ALLEGHENY_692C217FC7,MEANTEMPERATUREOFTHAWCYCLESOVER30DAYSBEFORELANDSLIDE,TEXT,6461
LIBRARY_RAW,LANDING,PORTAL_CKA_WPRDC_ALLEGHENY_692C217FC7,MEANTEMPERATUREOFTHAWCYCLESOVER365DAYSBEFORELANDSLIDE,TEXT,6461
LIBRARY_RAW,LANDING,PORTAL_CKA_WPRDC_ALLEGHENY_692C217FC7,MEANTEMPERATUREOFTHAWCYCLESOVER7DAYSBEFORELANDSLIDE,TEXT,6461
LIBRARY_RAW,LANDING,PORTAL_CKA_WPRDC_ALLEGHENY_692C217FC7,NUMBEROFFREEZETHAWALTERATIONSOVER30DAYSBEFORELANDSLIDE,TEXT,6461
LIBRARY_RAW,LANDING,PORTAL_CKA_WPRDC_ALLEGHENY_692C217FC7,NUMBEROFFREEZETHAWALTERATIONSOVER365DAYSBEFORELANDSLIDE,TEXT,6461
LIBRARY_RAW,LANDING,PORTAL_CKA_WPRDC_ALLEGHENY_692C217FC7,NUMBEROFFREEZETHAWALTERATIONSOVER7DAYSBEFORELANDSLIDE,TEXT,6461
LIBRARY_RAW,LANDING,PORTAL_CKA_WPRDC_ALLEGHENY_692C217FC7,SATURATEDHYDRAULICCONDUCTIVITY,TEXT,6461
LIBRARY_RAW,LANDING,PORTAL_CKA_WPRDC_ALLEGHENY_692C217FC7,WETNESSINDEX,TEXT,6461
LIBRARY_RAW,LANDING,PORTAL_CKA_WPRDC_ALLEGHENY_6C8F129AE5,RATE,TEXT,1026
LIBRARY_RAW,LANDING,PORTAL_CKA_WPRDC_ALLEGHENY_6C8F129AE5,RATE2,TEXT,1026
LIBRARY_RAW,LANDING,PORTAL_CKA_WPRDC_ALLEGHENY_6C8F129AE5,RATETIMEA,TEXT,1026
LIBRARY_RAW,LANDING,PORTAL_CKA_WPRDC_ALLEGHENY_6C8F129AE5,RATETIMEB,TEXT,1026
LIBRARY_RAW,LANDING,PORTAL_CKA_WPRDC_ALLEGHENY_7AF23ACD2F,DURATION,TEXT,9999
LIBRARY_RAW,LANDING,PORTAL_CKA_WPRDC_ALLEGHENY_8E6BDE379C,MEDIAN_SPEED,TEXT,420
LIBRARY_RAW,LANDING,PORTAL_CKA_WPRDC_ALLEGHENY_8E6BDE379C,PERCENT_OVER_LIMIT,TEXT,420
LIBRARY_RAW,LANDING,PORTAL_CKA_WPRDC_ALLEGHENY_8E6BDE379C,SPEED85_PERCENT,TEXT,420
LIBRARY_RAW,LANDING,PORTAL_CKA_WPRDC_ALLEGHENY_8E6BDE379C,SPEED95_PERCENT,TEXT,420
LIBRARY_RAW,LANDING,PORTAL_CKA_WPRDC_ALLEGHENY_90E172F9B4,ARRESTCHARGE_FELONY_MISDEMEANOR_DESCRIPTION,TEXT,9116
LIBRARY_RAW,LANDING,PORTAL_CKA_WPRDC_ALLEGHENY_916D2D00A4,RCO_EXPIRATION_DATE,TEXT,44
LIBRARY_RAW,LANDING,PORTAL_CKA_WPRDC_ALLEGHENY_9BB7597D03,RATIO,TEXT,2103
LIBRARY_RAW,LANDING,PORTAL_CKA_WPRDC_ALLEGHENY_9CCBEFBACC,AVG_NS_BUS,TEXT,10000
LIBRARY_RAW,LANDING,PORTAL_CKA_WPRDC_ALLEGHENY_9CCBEFBACC,AVG_NS_OTH,TEXT,10000
LIBRARY_RAW,LANDING,PORTAL_CKA_WPRDC_ALLEGHENY_9CCBEFBACC,AVG_NS_RES,TEXT,10000
LIBRARY_RAW,LANDING,PORTAL_CKA_WPRDC_ALLEGHENY_9CCBEFBACC,AVG_VAC_B,TEXT,10000
LIBRARY_RAW,LANDING,PORTAL_CKA_WPRDC_ALLEGHENY_9CCBEFBACC,AVG_VAC_O,TEXT,10000
LIBRARY_RAW,LANDING,PORTAL_CKA_WPRDC_ALLEGHENY_9CCBEFBACC,AVG_VAC_R,TEXT,10000
LIBRARY_RAW,LANDING,PORTAL_CKA_WPRDC_ALLEGHENY_9CCBEFBACC,TOTAL_AVG_VAC,TEXT,10000
LIBRARY_RAW,LANDING,PORTAL_CKA_WPRDC_ALLEGHENY_B10F4B5C32,OTP_PCT,TEXT,5534
LIBRARY_RAW,LANDING,PORTAL_CKA_WPRDC_ALLEGHENY_B20A13551F,SCORE,TEXT,91
LIBRARY_RAW,LANDING,PORTAL_CKA_WPRDC_ALLEGHENY_B497C35747,PARTICIPANT_AVG_AGE,TEXT,8663
LIBRARY_RAW,LANDING,PORTAL_CKA_WPRDC_ALLEGHENY_B62D63F711,CONFIGURATION,TEXT,585
LIBRARY_RAW,LANDING,PORTAL_CKA_WPRDC_ALLEGHENY_B9904B63C2,HOLIDAY_HOURS_OF_OPERATION,TEXT,10000
LIBRARY_RAW,LANDING,PORTAL_CKA_WPRDC_ALLEGHENY_B9904B63C2,HOURS_OF_OPERATION,TEXT,10000
LIBRARY_RAW,LANDING,PORTAL_CKA_WPRDC_ALLEGHENY_C947D54B10,COMPRESSION_RATIO,TEXT,6
LIBRARY_RAW,LANDING,PORTAL_CKA_WPRDC_ALLEGHENY_CC9BA8BED2,HOURS_OF_OPERATION,TEXT,49
LIBRARY_RAW,LANDING,PORTAL_CKA_WPRDC_ALLEGHENY_D35AD4550A,EXPIRATION_DATE,TEXT,52
LIBRARY_RAW,LANDING,PORTAL_SOC_AUSTIN_OPEN_DATA_B5E56C7A67,CHANGE_OF_EARNINGS_PER_JOB,TEXT,51
LIBRARY_RAW,LANDING,PORTAL_SOC_AUSTIN_OPEN_DATA_B5E56C7A67,EARNINGS_PER_JOB_2015,TEXT,51
LIBRARY_RAW,LANDING,PORTAL_SOC_AUSTIN_OPEN_DATA_B5E56C7A67,EARNINGS_PER_JOB_2016,TEXT,51
LIBRARY_RAW,LANDING,PORTAL_SOC_CAMBRIDGE_OPEN_D_8A1152140C,CONTINUED_OPERATION,TEXT,749
LIBRARY_RAW,LANDING,PORTAL_SOC_CAMBRIDGE_OPEN_D_8A1152140C,EXISTING_GROSS_FLOOR_AREA_RATIO,TEXT,749
LIBRARY_RAW,LANDING,PORTAL_SOC_CAMBRIDGE_OPEN_D_8A1152140C,EXISTING_USABLEK_OPEN_SPACE_RATIO,TEXT,749
LIBRARY_RAW,LANDING,PORTAL_SOC_CAMBRIDGE_OPEN_D_8A1152140C,FEE_CALC_PER_SQ_FOOT,TEXT,749
LIBRARY_RAW,LANDING,PORTAL_SOC_CAMBRIDGE_OPEN_D_8A1152140C,ORDINANCE_GROSS_FLOOR_AREA_RATIO,TEXT,749
LIBRARY_RAW,LANDING,PORTAL_SOC_CAMBRIDGE_OPEN_D_8A1152140C,ORDINANCE_USEABLE_OPEN_SPACE_RATIO,TEXT,749
LIBRARY_RAW,LANDING,PORTAL_SOC_CAMBRIDGE_OPEN_D_8A1152140C,REQUESTED_GROSS_FLOOR_AREA_RATIO,TEXT,749
LIBRARY_RAW,LANDING,PORTAL_SOC_CAMBRIDGE_OPEN_D_8A1152140C,REQUESTED_USABLE_OPEN_SPACE_RATIO,TEXT,749
LIBRARY_RAW,LANDING,PORTAL_SOC_COLORADO_INFORMA_1D5CFAD830,AVGWAGE,TEXT,2000
LIBRARY_RAW,LANDING,PORTAL_SOC_COLORADO_INFORMA_1D5CFAD830,MEDIANWAGE,TEXT,2000
LIBRARY_RAW,LANDING,PORTAL_SOC_COLORADO_INFORMA_502999772D,MEANING_OF_EMPLOYMENT_SIZE,TEXT,984
LIBRARY_RAW,LANDING,PORTAL_SOC_COLORADO_INFORMA_502999772D,MEANING_OF_LEGAL_FORM_OF,TEXT,984
LIBRARY_RAW,LANDING,PORTAL_SOC_COLORADO_INFORMA_502999772D,MEANING_OF_NAICS_CODE,TEXT,984
LIBRARY_RAW,LANDING,PORTAL_SOC_COLORADO_INFORMA_9224CC38D4,INDEX_ITEM_DESCRIPTION,TEXT,2000
LIBRARY_RAW,LANDING,PORTAL_SOC_COLORADO_INFORMA_9A760AEFAA,PRODUCTIONRATIO,TEXT,732
LIBRARY_RAW,LANDING,PORTAL_SOC_COLORADO_INFORMA_9A760AEFAA,PROD_RATIO_OR_ACTIVITY,TEXT,732
LIBRARY_RAW,LANDING,PORTAL_SOC_COLORADO_INFORMA_DE6C8A6901,AVGWAGE,TEXT,2000
LIBRARY_RAW,LANDING,PORTAL_SOC_COLORADO_INFORMA_DE6C8A6901,MEDIANWAGE,TEXT,2000
LIBRARY_RAW,LANDING,PORTAL_SOC_COLORADO_INFORMA_E80CA7800E,AVGWAGE,TEXT,2000
LIBRARY_RAW,LANDING,PORTAL_SOC_COLORADO_INFORMA_E80CA7800E,MEDIANWAGE,TEXT,2000
LIBRARY_RAW,LANDING,PORTAL_SOC_COLORADO_INFORMA_F9498D9B7F,FEDERATEDCAMPAIGNSAMT,TEXT,2000
LIBRARY_RAW,LANDING,PORTAL_SOC_CONNECTICUT_OPEN_1CD7311280,BACKUP_POWER_SIZE_DURATION,TEXT,1606
LIBRARY_RAW,LANDING,PORTAL_SOC_CONNECTICUT_OPEN_6CDD9E3A6E,TAX_DUE_AT_6_35_RATE,TEXT,2000
LIBRARY_RAW,LANDING,PORTAL_SOC_CONNECTICUT_OPEN_6CDD9E3A6E,TAX_DUE_AT_7_35_RATE,TEXT,2000
LIBRARY_RAW,LANDING,PORTAL_SOC_CONNECTICUT_OPEN_6CDD9E3A6E,TAX_DUE_AT_7_75_RATE,TEXT,2000
LIBRARY_RAW,LANDING,PORTAL_SOC_CONNECTICUT_OPEN_88B075D7AF,DATE_REGISTRATION,TEXT,2000
LIBRARY_RAW,LANDING,PORTAL_SOC_CONNECTICUT_OPEN_9A34CD28AE,ALL_ADULT_HOSPITAL_BEDS_7_DAY_AVG,TEXT,2000
LIBRARY_RAW,LANDING,PORTAL_SOC_CONNECTICUT_OPEN_9A34CD28AE,ALL_ADULT_HOSPITAL_INPATIENT_BEDS_7_DAY_AVG,TEXT,2000
LIBRARY_RAW,LANDING,PORTAL_SOC_CONNECTICUT_OPEN_9A34CD28AE,ALL_ADULT_HOSPITAL_INPATIENT_BED_OCCUPIED_7_DAY_AVG,TEXT,2000
LIBRARY_RAW,LANDING,PORTAL_SOC_CONNECTICUT_OPEN_9A34CD28AE,ICU_BEDS_USED_7_DAY_AVG,TEXT,2000
LIBRARY_RAW,LANDING,PORTAL_SOC_CONNECTICUT_OPEN_9A34CD28AE,ICU_PATIENTS_CONFIRMED_INFLUENZA_7_DAY_AVG,TEXT,2000
LIBRARY_RAW,LANDING,PORTAL_SOC_CONNECTICUT_OPEN_9A34CD28AE,INPATIENT_BEDS_7_DAY_AVG,TEXT,2000
LIBRARY_RAW,LANDING,PORTAL_SOC_CONNECTICUT_OPEN_9A34CD28AE,INPATIENT_BEDS_USED_7_DAY_AVG,TEXT,2000
LIBRARY_RAW,LANDING,PORTAL_SOC_CONNECTICUT_OPEN_9A34CD28AE,STAFFED_ADULT_ICU_BED_OCCUPANCY_7_DAY_AVG,TEXT,2000
LIBRARY_RAW,LANDING,PORTAL_SOC_CONNECTICUT_OPEN_9A34CD28AE,STAFFED_ICU_ADULT_PATIENTS_CONFIRMED_AND_SUSPECTED_COVID_7_DAY_AVG,TEXT,2000
LIBRARY_RAW,LANDING,PORTAL_SOC_CONNECTICUT_OPEN_9A34CD28AE,STAFFED_ICU_ADULT_PATIENTS_CONFIRMED_COVID_7_DAY_AVG,TEXT,2000
LIBRARY_RAW,LANDING,PORTAL_SOC_CONNECTICUT_OPEN_9A34CD28AE,TOTAL_ADULT_PATIENTS_HOSPITALIZED_CONFIRMED_AND_SUSPECTED_COVID_7_DAY_AVG,TEXT,2000
LIBRARY_RAW,LANDING,PORTAL_SOC_CONNECTICUT_OPEN_9A34CD28AE,TOTAL_ADULT_PATIENTS_HOSPITALIZED_CONFIRMED_COVID_7_DAY_AVG,TEXT,2000
LIBRARY_RAW,LANDING,PORTAL_SOC_CONNECTICUT_OPEN_9A34CD28AE,TOTAL_BEDS_7_DAY_AVG,TEXT,2000
LIBRARY_RAW,LANDING,PORTAL_SOC_CONNECTICUT_OPEN_9A34CD28AE,TOTAL_ICU_BEDS_7_DAY_AVG,TEXT,2000
LIBRARY_RAW,LANDING,PORTAL_SOC_CONNECTICUT_OPEN_9A34CD28AE,TOTAL_PATIENTS_HOSPITALIZED_CONFIRMED_INFLUENZA_7_DAY_AVG,TEXT,2000
LIBRARY_RAW,LANDING,PORTAL_SOC_CONNECTICUT_OPEN_9A34CD28AE,TOTAL_PATIENTS_HOSPITALIZED_CONFIRMED_INFLUENZA_AND_COVID_7_DAY_AVG,TEXT,2000
LIBRARY_RAW,LANDING,PORTAL_SOC_CONNECTICUT_OPEN_9A34CD28AE,TOTAL_PEDIATRIC_PATIENTS_HOSPITALIZED_CONFIRMED_AND_SUSPECTED_COVID_7_DAY_AVG,TEXT,2000
LIBRARY_RAW,LANDING,PORTAL_SOC_CONNECTICUT_OPEN_9A34CD28AE,TOTAL_PEDIATRIC_PATIENTS_HOSPITALIZED_CONFIRMED_COVID_7_DAY_AVG,TEXT,2000
LIBRARY_RAW,LANDING,PORTAL_SOC_CONNECTICUT_OPEN_9A34CD28AE,TOTAL_STAFFED_ADULT_ICU_BEDS_7_DAY_AVG,TEXT,2000
LIBRARY_RAW,LANDING,PORTAL_SOC_CONNECTICUT_OPEN_AEB46F6C94,C_114_PROD_RATIO_OR_ACTIVITY,TEXT,2000
LIBRARY_RAW,LANDING,PORTAL_SOC_CONNECTICUT_OPEN_AEB46F6C94,C_115_8_9_PRODUCTION_RATIO,TEXT,2000
LIBRARY_RAW,LANDING,PORTAL_SOC_CONNECTICUT_OPEN_BD88772B17,CORPORATETAXESGENERATED,TEXT,1367
LIBRARY_RAW,LANDING,PORTAL_SOC_CONNECTICUT_OPEN_BD88772B17,INDIVIDUALINCOMETAXESGENERATED,TEXT,1367
LIBRARY_RAW,LANDING,PORTAL_SOC_CONNECTICUT_OPEN_BD88772B17,SALESTAXESGENERATED,TEXT,1367
LIBRARY_RAW,LANDING,PORTAL_SOC_CONNECTICUT_OPEN_BD88772B17,TOTALTAXREVENUEGENERATED,TEXT,1367
LIBRARY_RAW,LANDING,PORTAL_SOC_CONNECTICUT_OPEN_BD88772B17,UTILITY_RATE_CODE,TEXT,1367
LIBRARY_RAW,LANDING,PORTAL_SOC_CONNECTICUT_OPEN_DEA6C4224A,PER_APPLICATION_EXISTING,TEXT,4
LIBRARY_RAW,LANDING,PORTAL_SOC_CONNECTICUT_OPEN_DEA6C4224A,PER_APPLICATION_EXISTING_1,TEXT,4
LIBRARY_RAW,LANDING,PORTAL_SOC_CONNECTICUT_OPEN_DEA6C4224A,PER_APPLICATION_FULL_TIME,TEXT,4
LIBRARY_RAW,LANDING,PORTAL_SOC_CONNECTICUT_OPEN_DEA6C4224A,PER_APPLICATION_PART_TIME,TEXT,4
LIBRARY_RAW,LANDING,PORTAL_SOC_CONNECTICUT_OPEN_FF2B86A533,PER_APPLICATION_EXISTING_FULL_TIME_JOBS_IN_CT,TEXT,2000
LIBRARY_RAW,LANDING,PORTAL_SOC_CONNECTICUT_OPEN_FF2B86A533,PER_APPLICATION_EXISTING_PART_TIME_JOBS_IN_CT,TEXT,2000
LIBRARY_RAW,LANDING,PORTAL_SOC_CONNECTICUT_OPEN_FF2B86A533,PER_APPLICATION_FULL_TIME_JOBS_TO_BE_CREATED_IN_CT,TEXT,2000
LIBRARY_RAW,LANDING,PORTAL_SOC_CONNECTICUT_OPEN_FF2B86A533,PER_APPLICATION_PART_TIME_JOBS_TO_BE_CREATED_IN_CT,TEXT,2000
LIBRARY_RAW,LANDING,PORTAL_SOC_CONNECTICUT_OPEN_FF2B86A533,PER_CONTRACT_FULL_TIME_CT_JOBS_TO_BE_CREATED,TEXT,2000
LIBRARY_RAW,LANDING,PORTAL_SOC_CONNECTICUT_OPEN_FF2B86A533,PER_CONTRACT_FULL_TIME_CT_JOBS_TO_BE_RETAINED,TEXT,2000
LIBRARY_RAW,LANDING,PORTAL_SOC_CONNECTICUT_OPEN_FF2B86A533,PER_CONTRACT_PART_TIME_CT_JOBS_TO_BE_CREATED,TEXT,2000
LIBRARY_RAW,LANDING,PORTAL_SOC_CONNECTICUT_OPEN_FF2B86A533,PER_CONTRACT_PART_TIME_CT_JOBS_TO_BE_RETAINED,TEXT,2000
LIBRARY_RAW,LANDING,PORTAL_SOC_DELAWARE_OPEN_DA_9E200409C5,P_INDEX,TEXT,1858
LIBRARY_RAW,LANDING,PORTAL_SOC_DELAWARE_OPEN_DA_9E200409C5,RIVERPERCENT1,TEXT,1858
LIBRARY_RAW,LANDING,PORTAL_SOC_DELAWARE_OPEN_DA_9E200409C5,RIVERPERCENT2,TEXT,1858
LIBRARY_RAW,LANDING,PORTAL_SOC_MESA_CITY_DATA_H_1D5C4ED269,YOY_PERCENTAGE_CHANGE,TEXT,598
LIBRARY_RAW,LANDING,PORTAL_SOC_NEW_YORK_STATE_O_153DF2DB81,OUT_OF_STATE_VEHICLES_OPERATED,TEXT,1996
LIBRARY_RAW,LANDING,PORTAL_SOC_NEW_YORK_STATE_O_A677772945,MEAN_AMOUNT_OF_CREDIT,TEXT,2000
LIBRARY_RAW,LANDING,PORTAL_SOC_NEW_YORK_STATE_O_A677772945,MEDIAN_AMOUNT_OF_CREDIT,TEXT,2000
LIBRARY_RAW,LANDING,PORTAL_SOC_NEW_YORK_STATE_O_A677772945,PERCENT_OF_CREDIT,TEXT,2000
LIBRARY_RAW,LANDING,PORTAL_SOC_NEW_YORK_STATE_O_EFF72C4402,CURRENT_MWBE_UTILIZATION_RATE,TEXT,2000
LIBRARY_RAW,LANDING,PORTAL_SOC_NEW_YORK_STATE_O_EFF72C4402,RATIONALE_FOR_TERMINATION,TEXT,2000
LIBRARY_RAW,LANDING,PORTAL_SOC_NJ_OPEN_DATA_CEN_A0D94510CA,EXPIRATION_DATE,TEXT,2000
LIBRARY_RAW,LANDING,PORTAL_SOC_OREGON_OPEN_DATA_E338C547C2,ESTABLISHED_RATE,TEXT,2000
LIBRARY_RAW,LANDING,PORTAL_SOC_OREGON_OPEN_DATA_E338C547C2,RATE_CODE,TEXT,2000
LIBRARY_RAW,LANDING,PORTAL_SOC_OREGON_OPEN_DATA_E338C547C2,RATE_TYPE,TEXT,2000
LIBRARY_RAW,LANDING,PORTAL_SOC_PA_OPEN_DATA_POR_CD66682741,ICU_BEDS_USED_7_DAY_AVG,TEXT,2000
LIBRARY_RAW,LANDING,PORTAL_SOC_PA_OPEN_DATA_POR_CD66682741,INPATIENT_BEDS_7_DAY_AVG,TEXT,2000
LIBRARY_RAW,LANDING,PORTAL_SOC_PA_OPEN_DATA_POR_CD66682741,TOTAL_BEDS_7_DAY_AVG,TEXT,2000
LIBRARY_RAW,LANDING,PORTAL_SOC_PA_OPEN_DATA_POR_CD66682741,TOTAL_ICU_BEDS_7_DAY_AVG,TEXT,2000
LIBRARY_RAW,LANDING,PORTAL_SOC_SF_OPENDATA_DATA_C19EE9EB44,HOURS_OF_OPERATION,TEXT,157
LIBRARY_RAW,LANDING,PORTAL_SOC_TEXAS_OPEN_DATA_354E3ABF4F,NOR_REGISTRATION_DATE,TEXT,2000
LIBRARY_RAW,LANDING,PORTAL_SOC_TEXAS_OPEN_DATA_B8DDC96BFF,OPERATIONENDDATE,TEXT,2000
LIBRARY_RAW,LANDING,PORTAL_SOC_TEXAS_OPEN_DATA_B8DDC96BFF,OPERATIONSTARTDATE,TEXT,2000
LIBRARY_RAW,LANDING,PORTAL_SOC_TEXAS_OPEN_DATA_B8DDC96BFF,SEVERENEEDLUNCHFREEREDCPERCENT,TEXT,2000
LIBRARY_RAW,LANDING,PORTAL_SOC_TEXAS_OPEN_DATA_EADC02D661,POLICY_EXPIRATION_DATE,TEXT,1990
LIBRARY_RAW,LANDING,PORTAL_SOC_UTAH_OPEN_DATA_P_2027B55EDA,C_8_9_PRODUCTION_RATIO,TEXT,525
LIBRARY_RAW,LANDING,PORTAL_SOC_UTAH_OPEN_DATA_P_2065CE1D57,OTHER_SERVICES_EXECPT_PUBLIC_ADMINISTRATION_810000_819999,TEXT,17
LIBRARY_RAW,LANDING,PORTAL_SOC_UTAH_OPEN_DATA_P_2065CE1D57,PUBLIC_ADMINISTRATION_920000_929999,TEXT,17
LIBRARY_RAW,LANDING,PORTAL_SOC_UTAH_OPEN_DATA_P_33421B5A2A,C_8_9_PRODUCTION_RATIO,TEXT,710
LIBRARY_RAW,LANDING,PORTAL_SOC_UTAH_OPEN_DATA_P_3345D79E51,C_8_9_PRODUCTION_RATIO,TEXT,616
LIBRARY_RAW,LANDING,PORTAL_SOC_UTAH_OPEN_DATA_P_37575AD872,C_8_9_PRODUCTION_RATIO,TEXT,559
LIBRARY_RAW,LANDING,PORTAL_SOC_UTAH_OPEN_DATA_P_38579BBDBC,C_8_9_PRODUCTION_RATIO,TEXT,850
LIBRARY_RAW,LANDING,PORTAL_SOC_UTAH_OPEN_DATA_P_3C77C8480B,C_8_9_PRODUCTION_RATIO,TEXT,450
LIBRARY_RAW,LANDING,PORTAL_SOC_UTAH_OPEN_DATA_P_4309355F14,C_8_9_PRODUCTION_RATIO,TEXT,49
LIBRARY_RAW,LANDING,PORTAL_SOC_UTAH_OPEN_DATA_P_4388C129F2,C_8_9_PRODUCTION_RATIO,TEXT,807
LIBRARY_RAW,LANDING,PORTAL_SOC_UTAH_OPEN_DATA_P_4EBA247771,RATE,TEXT,2000
LIBRARY_RAW,LANDING,PORTAL_SOC_UTAH_OPEN_DATA_P_4FE1D49F45,C_8_9_PRODUCTION_RATIO,TEXT,538
LIBRARY_RAW,LANDING,PORTAL_SOC_UTAH_OPEN_DATA_P_598E83DA4D,C_8_9_PRODUCTION_RATIO,TEXT,529
LIBRARY_RAW,LANDING,PORTAL_SOC_UTAH_OPEN_DATA_P_5C3521189E,C_8_9_PRODUCTION_RATIO,TEXT,861
LIBRARY_RAW,LANDING,PORTAL_SOC_UTAH_OPEN_DATA_P_5E73751281,C_8_9_PRODUCTION_RATIO,TEXT,817
LIBRARY_RAW,LANDING,PORTAL_SOC_UTAH_OPEN_DATA_P_5EF25AF42C,RATE,TEXT,2000
LIBRARY_RAW,LANDING,PORTAL_SOC_UTAH_OPEN_DATA_P_5EF68422FF,CONSTRUCTION_WAGE_RATE,TEXT,2000
LIBRARY_RAW,LANDING,PORTAL_SOC_UTAH_OPEN_DATA_P_5EF68422FF,CONSTRUCTION_WAGE_RATE_1,TEXT,2000
LIBRARY_RAW,LANDING,PORTAL_SOC_UTAH_OPEN_DATA_P_5EF68422FF,CORPORATE_ENTITY_NOT_TAX,TEXT,2000
LIBRARY_RAW,LANDING,PORTAL_SOC_UTAH_OPEN_DATA_P_5EF68422FF,CORPORATE_ENTITY_TAX_EXEMPT,TEXT,2000
LIBRARY_RAW,LANDING,PORTAL_SOC_UTAH_OPEN_DATA_P_5EF68422FF,LIMITED_LIABILITY_CORPORATION,TEXT,2000
LIBRARY_RAW,LANDING,PORTAL_SOC_UTAH_OPEN_DATA_P_5EF68422FF,SUBCHAPTER_SCORPORATION,TEXT,2000
LIBRARY_RAW,LANDING,PORTAL_SOC_UTAH_OPEN_DATA_P_636FFFDFA2,C_8_9_PRODUCTION_RATIO,TEXT,865
LIBRARY_RAW,LANDING,PORTAL_SOC_UTAH_OPEN_DATA_P_66C519BCCF,C_8_9_PRODUCTION_RATIO,TEXT,893
LIBRARY_RAW,LANDING,PORTAL_SOC_UTAH_OPEN_DATA_P_6DEEE0BF03,WAGE_RATE_OF_PAY_FROM,TEXT,2018
LIBRARY_RAW,LANDING,PORTAL_SOC_UTAH_OPEN_DATA_P_6DEEE0BF03,WAGE_RATE_OF_PAY_TO,TEXT,2018
LIBRARY_RAW,LANDING,PORTAL_SOC_UTAH_OPEN_DATA_P_6F316DE0B0,RATE,TEXT,1392
LIBRARY_RAW,LANDING,PORTAL_SOC_UTAH_OPEN_DATA_P_6F5FCC229F,C_8_9_PRODUCTION_RATIO,TEXT,842
LIBRARY_RAW,LANDING,PORTAL_SOC_UTAH_OPEN_DATA_P_6F5FCC229F,PROD_RATIO_OR_ACTIVITY,TEXT,842
LIBRARY_RAW,LANDING,PORTAL_SOC_UTAH_OPEN_DATA_P_701571FD92,AAB_RATE_INVERTED,TEXT,231
LIBRARY_RAW,LANDING,PORTAL_SOC_UTAH_OPEN_DATA_P_701571FD92,DIABETES_RATE,TEXT,231
LIBRARY_RAW,LANDING,PORTAL_SOC_UTAH_OPEN_DATA_P_728FDA9FB7,C_8_9_PRODUCTION_RATIO,TEXT,525
LIBRARY_RAW,LANDING,PORTAL_SOC_UTAH_OPEN_DATA_P_7A3C73B2FD,C_8_9_PRODUCTION_RATIO,TEXT,2000
LIBRARY_RAW,LANDING,PORTAL_SOC_UTAH_OPEN_DATA_P_7F45E582F7,C_8_9_PRODUCTION_RATIO,TEXT,851
LIBRARY_RAW,LANDING,PORTAL_SOC_UTAH_OPEN_DATA_P_8D9FB9A1A3,C_8_9_PRODUCTION_RATIO,TEXT,813
LIBRARY_RAW,LANDING,PORTAL_SOC_UTAH_OPEN_DATA_P_944A7B18A7,C_8_9_PRODUCTION_RATIO,TEXT,852
LIBRARY_RAW,LANDING,PORTAL_SOC_UTAH_OPEN_DATA_P_9837982623,PERCENT_CHARGES,TEXT,41
LIBRARY_RAW,LANDING,PORTAL_SOC_UTAH_OPEN_DATA_P_9837982623,PERCENT_COMP_TITLE_I,TEXT,41
LIBRARY_RAW,LANDING,PORTAL_SOC_UTAH_OPEN_DATA_P_9837982623,PERCENT_GEN_FORMULA_ASST,TEXT,41
LIBRARY_RAW,LANDING,PORTAL_SOC_UTAH_OPEN_DATA_P_9837982623,PERCENT_REV_OTHER_LOCAL_GOV,TEXT,41
LIBRARY_RAW,LANDING,PORTAL_SOC_UTAH_OPEN_DATA_P_9837982623,PERCENT_TAXES_PARENT_GOVMNT_CONTR,TEXT,41
LIBRARY_RAW,LANDING,PORTAL_SOC_UTAH_OPEN_DATA_P_9837982623,PERCENT_TOTAL_REV_FED_SRCS,TEXT,41
LIBRARY_RAW,LANDING,PORTAL_SOC_UTAH_OPEN_DATA_P_9837982623,PERCENT_TOTAL_REV_STATE_SRCS,TEXT,41
LIBRARY_RAW,LANDING,PORTAL_SOC_UTAH_OPEN_DATA_P_9837982623,PERCENT_TOT_ELEM_SEC_REV,TEXT,41
LIBRARY_RAW,LANDING,PORTAL_SOC_UTAH_OPEN_DATA_P_9837982623,PER_PUPIL_CUR_SPEND_SUP_SVCS,TEXT,41
LIBRARY_RAW,LANDING,PORTAL_SOC_UTAH_OPEN_DATA_P_9837982623,PER_PUPIL_EMPL_BEN,TEXT,41
LIBRARY_RAW,LANDING,PORTAL_SOC_UTAH_OPEN_DATA_P_9837982623,PER_PUPIL_GEN_ADMIN,TEXT,41
LIBRARY_RAW,LANDING,PORTAL_SOC_UTAH_OPEN_DATA_P_9837982623,PER_PUPIL_INSTRU_STAFF_SUPP,TEXT,41
LIBRARY_RAW,LANDING,PORTAL_SOC_UTAH_OPEN_DATA_P_9837982623,PER_PUPIL_PUPIL_SUPPT,TEXT,41
LIBRARY_RAW,LANDING,PORTAL_SOC_UTAH_OPEN_DATA_P_9837982623,PER_PUPIL_SAL_WAGES,TEXT,41
LIBRARY_RAW,LANDING,PORTAL_SOC_UTAH_OPEN_DATA_P_9837982623,PER_PUPIL_SCHOOL_ADMIN,TEXT,41
LIBRARY_RAW,LANDING,PORTAL_SOC_UTAH_OPEN_DATA_P_9837982623,PER_PUPIL_TOTAL_CUR_SPEDING_ELEM_SEC,TEXT,41
LIBRARY_RAW,LANDING,PORTAL_SOC_UTAH_OPEN_DATA_P_9837982623,PER_PUPIL_TOTAL_CUR_SPEND_INSTR,TEXT,41
LIBRARY_RAW,LANDING,PORTAL_SOC_UTAH_OPEN_DATA_P_9837982623,PER_PUPIL_TOTAL_EMP_BEN,TEXT,41
LIBRARY_RAW,LANDING,PORTAL_SOC_UTAH_OPEN_DATA_P_9837982623,PER_PUPIL_TOTAL_SAL_WAGES,TEXT,41
LIBRARY_RAW,LANDING,PORTAL_SOC_UTAH_OPEN_DATA_P_99D27E2813,C_8_9_PRODUCTION_RATIO,TEXT,528
LIBRARY_RAW,LANDING,PORTAL_SOC_UTAH_OPEN_DATA_P_9CF01A9E6C,C_8_9_PRODUCTION_RATIO,TEXT,557
LIBRARY_RAW,LANDING,PORTAL_SOC_UTAH_OPEN_DATA_P_A3B79359D3,C_8_9_PRODUCTION_RATIO,TEXT,731
LIBRARY_RAW,LANDING,PORTAL_SOC_UTAH_OPEN_DATA_P_A4022A1A2D,C_8_9_PRODUCTION_RATIO,TEXT,468
LIBRARY_RAW,LANDING,PORTAL_SOC_UTAH_OPEN_DATA_P_A45115B872,C_8_9_PRODUCTION_RATIO,TEXT,917
LIBRARY_RAW,LANDING,PORTAL_SOC_UTAH_OPEN_DATA_P_A54AA90538,C_8_9_PRODUCTION_RATIO,TEXT,896
LIBRARY_RAW,LANDING,PORTAL_SOC_UTAH_OPEN_DATA_P_A5715666DA,C_8_9_PRODUCTION_RATIO,TEXT,791
LIBRARY_RAW,LANDING,PORTAL_SOC_UTAH_OPEN_DATA_P_A9B7E273C8,ALLOWABLE_DSH_PERCENTAGE,TEXT,61
LIBRARY_RAW,LANDING,PORTAL_SOC_UTAH_OPEN_DATA_P_A9B7E273C8,COST_TO_CHARGE_RATIO,TEXT,61
LIBRARY_RAW,LANDING,PORTAL_SOC_UTAH_OPEN_DATA_P_B0F7881369,C_8_9_PRODUCTION_RATIO,TEXT,107
LIBRARY_RAW,LANDING,PORTAL_SOC_UTAH_OPEN_DATA_P_B5E39C25F8,C_8_9_PRODUCTION_RATIO,TEXT,835
LIBRARY_RAW,LANDING,PORTAL_SOC_UTAH_OPEN_DATA_P_C3B898941A,CURRENT_OPERATION_EXPENDITURE_ADULT_EDUCATION,TEXT,41
LIBRARY_RAW,LANDING,PORTAL_SOC_UTAH_OPEN_DATA_P_C3B898941A,CURRENT_OPERATION_EXPENDITURE_BUSINESS_CENTRAL_OTHER_SUPPORT_SERVICES,TEXT,41
LIBRARY_RAW,LANDING,PORTAL_SOC_UTAH_OPEN_DATA_P_C3B898941A,CURRENT_OPERATION_EXPENDITURE_COMMUNITY_SERVICES,TEXT,41
LIBRARY_RAW,LANDING,PORTAL_SOC_UTAH_OPEN_DATA_P_C3B898941A,CURRENT_OPERATION_EXPENDITURE_ENTERPRISE_OPERATIONS,TEXT,41
LIBRARY_RAW,LANDING,PORTAL_SOC_UTAH_OPEN_DATA_P_C3B898941A,CURRENT_OPERATION_EXPENDITURE_FOOD_SERVICES,TEXT,41
LIBRARY_RAW,LANDING,PORTAL_SOC_UTAH_OPEN_DATA_P_C3B898941A,CURRENT_OPERATION_EXPENDITURE_GENERAL_ADMINISTRATION,TEXT,41
LIBRARY_RAW,LANDING,PORTAL_SOC_UTAH_OPEN_DATA_P_C3B898941A,CURRENT_OPERATION_EXPENDITURE_INSTRUCTION,TEXT,41
LIBRARY_RAW,LANDING,PORTAL_SOC_UTAH_OPEN_DATA_P_C3B898941A,CURRENT_OPERATION_EXPENDITURE_INSTRUCTIONAL_STAFF_SUPPORT,TEXT,41
LIBRARY_RAW,LANDING,PORTAL_SOC_UTAH_OPEN_DATA_P_C3B898941A,CURRENT_OPERATION_EXPENDITURE_NONSPECIFIED_SUPPORT_SERVICES,TEXT,41
LIBRARY_RAW,LANDING,PORTAL_SOC_UTAH_OPEN_DATA_P_C3B898941A,CURRENT_OPERATION_EXPENDITURE_OPERATION_AND_MAINTENANCE_OF_PLANT,TEXT,41
LIBRARY_RAW,LANDING,PORTAL_SOC_UTAH_OPEN_DATA_P_C3B898941A,CURRENT_OPERATION_EXPENDITURE_OTHER_ELEMENTARY_SECONDARY_PROGRAMS,TEXT,41
LIBRARY_RAW,LANDING,PORTAL_SOC_UTAH_OPEN_DATA_P_C3B898941A,CURRENT_OPERATION_EXPENDITURE_OTHER_NONELEMENTARY_SECONDARY_PROGRAMS,TEXT,41
LIBRARY_RAW,LANDING,PORTAL_SOC_UTAH_OPEN_DATA_P_C3B898941A,CURRENT_OPERATION_EXPENDITURE_PUPIL_SUPPORT,TEXT,41
LIBRARY_RAW,LANDING,PORTAL_SOC_UTAH_OPEN_DATA_P_C3B898941A,CURRENT_OPERATION_EXPENDITURE_SCHOOL_ADMINISTRATION,TEXT,41
LIBRARY_RAW,LANDING,PORTAL_SOC_UTAH_OPEN_DATA_P_C3B898941A,CURRENT_OPERATION_EXPENDITURE_STUDENT_TRANSPORTATION,TEXT,41
LIBRARY_RAW,LANDING,PORTAL_SOC_UTAH_OPEN_DATA_P_C3B898941A,INDIVIDUAL_AND_CORPORATE_INCOME_TAXES,TEXT,41
LIBRARY_RAW,LANDING,PORTAL_SOC_UTAH_OPEN_DATA_P_C3B898941A,STATE_PAYMENTS_ON_BEHALF_GENERAL_ADMINISTRATION_BENEFITS,TEXT,41
LIBRARY_RAW,LANDING,PORTAL_SOC_UTAH_OPEN_DATA_P_C3B898941A,STATE_PAYMENTS_ON_BEHALF_OPERATION_AND_MAINTENANCE_OF_PLANT_BENEFITS,TEXT,41
LIBRARY_RAW,LANDING,PORTAL_SOC_UTAH_OPEN_DATA_P_C3B898941A,STATE_PAYMENTS_ON_BEHALF_SCHOOL_ADMINISTRATION_BENEFITS,TEXT,41
LIBRARY_RAW,LANDING,PORTAL_SOC_UTAH_OPEN_DATA_P_C3B898941A,TOTAL_EMPLOYEE_BENEFIT_PAYMENTS_ENTERPRISE_OPERATIONS,TEXT,41
LIBRARY_RAW,LANDING,PORTAL_SOC_UTAH_OPEN_DATA_P_C3B898941A,TOTAL_EMPLOYEE_BENEFIT_PAYMENTS_GENERAL_ADMINISTRATION,TEXT,41
LIBRARY_RAW,LANDING,PORTAL_SOC_UTAH_OPEN_DATA_P_C3B898941A,TOTAL_EMPLOYEE_BENEFIT_PAYMENTS_OPERATION_AND_MAINTENANCE_OF_PLANT,TEXT,41
LIBRARY_RAW,LANDING,PORTAL_SOC_UTAH_OPEN_DATA_P_C3B898941A,TOTAL_EMPLOYEE_BENEFIT_PAYMENTS_SCHOOL_ADMINISTRATION,TEXT,41
LIBRARY_RAW,LANDING,PORTAL_SOC_UTAH_OPEN_DATA_P_C3B898941A,TOTAL_SALARIES_AND_WAGES_GENERAL_ADMINISTRATION,TEXT,41
LIBRARY_RAW,LANDING,PORTAL_SOC_UTAH_OPEN_DATA_P_C3B898941A,TOTAL_SALARIES_AND_WAGES_OPERATION_AND_MAINTENANCE_OF_PLANT,TEXT,41
LIBRARY_RAW,LANDING,PORTAL_SOC_UTAH_OPEN_DATA_P_C3B898941A,TOTAL_SALARIES_AND_WAGES_SCHOOL_ADMINISTRATION,TEXT,41
LIBRARY_RAW,LANDING,PORTAL_SOC_UTAH_OPEN_DATA_P_C68BC3F05C,CATHETER_BASELINE_PERIOD_RATE,TEXT,37
LIBRARY_RAW,LANDING,PORTAL_SOC_UTAH_OPEN_DATA_P_C68BC3F05C,CATHETER_MEASURE_SCORE,TEXT,37
LIBRARY_RAW,LANDING,PORTAL_SOC_UTAH_OPEN_DATA_P_C68BC3F05C,CATHETER_PERFORMANCE_PERIOD_RATE,TEXT,37
LIBRARY_RAW,LANDING,PORTAL_SOC_UTAH_OPEN_DATA_P_C68BC3F05C,CATHETER_PERFORMANCE_SCORE_APPLIED,TEXT,37
LIBRARY_RAW,LANDING,PORTAL_SOC_UTAH_OPEN_DATA_P_C68BC3F05C,FISTULA_BASELINE_PERIOD_RATE,TEXT,37
LIBRARY_RAW,LANDING,PORTAL_SOC_UTAH_OPEN_DATA_P_C68BC3F05C,FISTULA_MEASURE_SCORE,TEXT,37
LIBRARY_RAW,LANDING,PORTAL_SOC_UTAH_OPEN_DATA_P_C68BC3F05C,FISTULA_PERFORMANCE_PERIOD_RATE,TEXT,37
LIBRARY_RAW,LANDING,PORTAL_SOC_UTAH_OPEN_DATA_P_C68BC3F05C,FISTULA_PERFORMANCE_SCORE_APPLIED,TEXT,37
LIBRARY_RAW,LANDING,PORTAL_SOC_UTAH_OPEN_DATA_P_C68BC3F05C,HEMOGLOBIN_12_G_DL_BASELINE_PERIOD_RATE,TEXT,37
LIBRARY_RAW,LANDING,PORTAL_SOC_UTAH_OPEN_DATA_P_C68BC3F05C,HEMOGLOBIN_12_G_DL_MEASURE_SCORE,TEXT,37
LIBRARY_RAW,LANDING,PORTAL_SOC_UTAH_OPEN_DATA_P_C68BC3F05C,HEMOGLOBIN_12_G_DL_PERFORMANCE_PERIOD_RATE,TEXT,37
LIBRARY_RAW,LANDING,PORTAL_SOC_UTAH_OPEN_DATA_P_C68BC3F05C,HEMOGLOBIN_12_G_DL_PERFORMANCE_SCORE_APPLIED,TEXT,37
LIBRARY_RAW,LANDING,PORTAL_SOC_UTAH_OPEN_DATA_P_C68BC3F05C,ICH_CAHPS_ADMIN_SCORE,TEXT,37
LIBRARY_RAW,LANDING,PORTAL_SOC_UTAH_OPEN_DATA_P_C68BC3F05C,MINERAL_METABOLISM_REPORTING_SCORE,TEXT,37
LIBRARY_RAW,LANDING,PORTAL_SOC_UTAH_OPEN_DATA_P_C68BC3F05C,NHSN_EVENT_REPORTING_SCORE,TEXT,37
LIBRARY_RAW,LANDING,PORTAL_SOC_UTAH_OPEN_DATA_P_C68BC3F05C,PY2014_PAYMENT_REDUCTION_PERCENTAGE,TEXT,37
LIBRARY_RAW,LANDING,PORTAL_SOC_UTAH_OPEN_DATA_P_C68BC3F05C,TOTAL_PERFORMANCE_SCORE,TEXT,37
LIBRARY_RAW,LANDING,PORTAL_SOC_UTAH_OPEN_DATA_P_C68BC3F05C,URR_BASELINE_PERIOD_RATE,TEXT,37
LIBRARY_RAW,LANDING,PORTAL_SOC_UTAH_OPEN_DATA_P_C68BC3F05C,URR_MEASURE_SCORE,TEXT,37
LIBRARY_RAW,LANDING,PORTAL_SOC_UTAH_OPEN_DATA_P_C68BC3F05C,URR_PERFORMANCE_PERIOD_RATE,TEXT,37
LIBRARY_RAW,LANDING,PORTAL_SOC_UTAH_OPEN_DATA_P_C68BC3F05C,URR_PERFORMANCE_SCORE_APPLIED,TEXT,37
LIBRARY_RAW,LANDING,PORTAL_SOC_UTAH_OPEN_DATA_P_C68BC3F05C,VASCULAR_ACCESS_COMBINED_MEASURE_SCORE,TEXT,37
LIBRARY_RAW,LANDING,PORTAL_SOC_UTAH_OPEN_DATA_P_CDBDD459C0,C_8_9_PRODUCTION_RATIO,TEXT,835
LIBRARY_RAW,LANDING,PORTAL_SOC_UTAH_OPEN_DATA_P_D4ACA49A9B,RATE,TEXT,1997
LIBRARY_RAW,LANDING,PORTAL_SOC_UTAH_OPEN_DATA_P_D5F7CA2621,C_114_PROD_RATIO_OR_ACTIVITY,TEXT,2000
LIBRARY_RAW,LANDING,PORTAL_SOC_UTAH_OPEN_DATA_P_D5F7CA2621,C_115_8_9_PRODUCTION_RATIO,TEXT,2000
LIBRARY_RAW,LANDING,PORTAL_SOC_UTAH_OPEN_DATA_P_D769AFDABA,C_8_9_PRODUCTION_RATIO,TEXT,1987
LIBRARY_RAW,LANDING,PORTAL_SOC_UTAH_OPEN_DATA_P_DCD75231F6,ALLOWABLE_DSH_PERCENTAGE,TEXT,61
LIBRARY_RAW,LANDING,PORTAL_SOC_UTAH_OPEN_DATA_P_DCD75231F6,COST_TO_CHARGE_RATIO,TEXT,61
LIBRARY_RAW,LANDING,PORTAL_SOC_UTAH_OPEN_DATA_P_DCD75231F6,DISPROPORATIONATE_SHARE,TEXT,61
LIBRARY_RAW,LANDING,PORTAL_SOC_UTAH_OPEN_DATA_P_F259CD7FC8,C_8_9_PRODUCTION_RATIO,TEXT,1988
LIBRARY_RAW,LANDING,PORTAL_SOC_UTAH_OPEN_DATA_P_F326BAD0FC,C_8_9_PRODUCTION_RATIO,TEXT,713
LIBRARY_RAW,LANDING,PORTAL_SOC_UTAH_OPEN_DATA_P_F8CDD62630,RATE,TEXT,1968
LIBRARY_RAW,LANDING,PORTAL_SOC_UTAH_OPEN_DATA_P_FB07CFAF59,NATIONAL_AVG_TOTAL_PERFORMANCE_SCORE,TEXT,37
LIBRARY_RAW,LANDING,PORTAL_SOC_UTAH_OPEN_DATA_P_FB07CFAF59,TOTAL_PERFORMANCE_SCORE,TEXT,37
LIBRARY_RAW,LANDING,PORTAL_SOC_UTAH_OPEN_DATA_P_FE79F02E34,C_8_9_PRODUCTION_RATIO,TEXT,307
LIBRARY_RAW,LANDING,PORTAL_SOC_WASHINGTON_STATE_914CF85743,RATE_TYPE,TEXT,494
LIBRARY_RAW,LANDING,ST_CANNABIS_POLICY_BUNDLES,MML_REGISTRATION_MAND_APP,TEXT,1500
LIBRARY_RAW,LANDING,ST_CANNABIS_POLICY_BUNDLES,MML_REGISTRATION_MAND_IMP,TEXT,1500
LIBRARY_RAW,LANDING,UK_COMPANIES_HOUSE_PSC,REGISTRATION_NUMBER,TEXT,7000000
LIBRARY_RAW,LANDING,XC_GUTTMACHER_MONTHLY_ABORTION,MEDIAN,TEXT,2040
LIBRARY_RAW,LANDING,XC_ICIJ_OFFSHORE_NODES_ENTITIES,INCORPORATION_DATE,TEXT,814344
LIBRARY_RAW,LANDING,XC_JCS_MEDIANS,CIRCUIT_MEDIAN1,TEXT,102
LIBRARY_RAW,LANDING,XC_JCS_MEDIANS,CIRCUIT_MEDIAN10,TEXT,102
LIBRARY_RAW,LANDING,XC_JCS_MEDIANS,CIRCUIT_MEDIAN11,TEXT,102
LIBRARY_RAW,LANDING,XC_JCS_MEDIANS,CIRCUIT_MEDIAN12,TEXT,102
LIBRARY_RAW,LANDING,XC_JCS_MEDIANS,CIRCUIT_MEDIAN13,TEXT,102
LIBRARY_RAW,LANDING,XC_JCS_MEDIANS,CIRCUIT_MEDIAN2,TEXT,102
LIBRARY_RAW,LANDING,XC_JCS_MEDIANS,CIRCUIT_MEDIAN3,TEXT,102
LIBRARY_RAW,LANDING,XC_JCS_MEDIANS,CIRCUIT_MEDIAN4,TEXT,102
LIBRARY_RAW,LANDING,XC_JCS_MEDIANS,CIRCUIT_MEDIAN5,TEXT,102
LIBRARY_RAW,LANDING,XC_JCS_MEDIANS,CIRCUIT_MEDIAN6,TEXT,102
LIBRARY_RAW,LANDING,XC_JCS_MEDIANS,CIRCUIT_MEDIAN7,TEXT,102
LIBRARY_RAW,LANDING,XC_JCS_MEDIANS,CIRCUIT_MEDIAN8,TEXT,102
LIBRARY_RAW,LANDING,XC_JCS_MEDIANS,CIRCUIT_MEDIAN9,TEXT,102
LIBRARY_RAW,LANDING,XC_JCS_MEDIANS,HOUSE_MEDIAN,TEXT,102
LIBRARY_RAW,LANDING,XC_JCS_MEDIANS,SC_MEDIAN,TEXT,102
LIBRARY_RAW,LANDING,XC_JCS_MEDIANS,SENATE_MEDIAN,TEXT,102
LIBRARY_RAW,LANDING,XC_MAPPING_POLICE_VIOLENCE,ASIAN_PERCENT_OF_THE_POPULATION_ACS,TEXT,15476
LIBRARY_RAW,LANDING,XC_MAPPING_POLICE_VIOLENCE,BLACK_NON_HISPANIC_PERCENT_OF_THE_POPULATION_ACS,TEXT,15476
LIBRARY_RAW,LANDING,XC_MAPPING_POLICE_VIOLENCE,GEOGRAPHY_VIA_TRULIA_METHODOLOGY_BASED_ON_ZIPCODE_POPULATION_DENSITY_HTTP_JEDKOLKO_COM_WP_CONTENT_UPLOADS_2015_05_FULL_ZCTA_URBAN_SUBURBAN_RURAL_CLASSIFICATION_XLSX,TEXT,15476
LIBRARY_RAW,LANDING,XC_MAPPING_POLICE_VIOLENCE,HISPANIC_PERCENT_OF_THE_POPULATION_ACS,TEXT,15476
LIBRARY_RAW,LANDING,XC_MAPPING_POLICE_VIOLENCE,MEDIAN_HOUSEHOLD_INCOME_ACS_CENSUS_TRACT,TEXT,15476
LIBRARY_RAW,LANDING,XC_MAPPING_POLICE_VIOLENCE,NATIVE_AMERICAN_PERCENT_OF_THE_POPULATION_ACS,TEXT,15476
LIBRARY_RAW,LANDING,XC_MAPPING_POLICE_VIOLENCE,OTHER_TWO_OR_MORE_RACE_PERCENT_OF_THE_POPULATION_ACS,TEXT,15476
LIBRARY_RAW,LANDING,XC_MAPPING_POLICE_VIOLENCE,PACIFIC_ISLANDER_PERCENT_OF_THE_POPULATION_ACS,TEXT,15476
LIBRARY_RAW,LANDING,XC_MAPPING_POLICE_VIOLENCE,WHITE_NON_HISPANIC_PERCENT_OF_THE_POPULATION_ACS,TEXT,15476
LIBRARY_RAW,LANDING,XC_OSF_REGISTRATIONS,ATTRIBUTES_PENDING_REGISTRATION_APPROVAL,BOOLEAN,10
LIBRARY_RAW,LANDING,XC_OSF_REGISTRATIONS,ATTRIBUTES_REGISTRATION,BOOLEAN,10
LIBRARY_RAW,LANDING,XC_OSF_REGISTRATIONS,ATTRIBUTES_REGISTRATION_RESPONSES_344_14,TEXT,10
LIBRARY_RAW,LANDING,XC_OSF_REGISTRATIONS,ATTRIBUTES_REGISTRATION_RESPONSES_344_17,TEXT,10
LIBRARY_RAW,LANDING,XC_OSF_REGISTRATIONS,ATTRIBUTES_REGISTRATION_RESPONSES_344_2,TEXT,10
LIBRARY_RAW,LANDING,XC_OSF_REGISTRATIONS,ATTRIBUTES_REGISTRATION_RESPONSES_344_27,TEXT,10
LIBRARY_RAW,LANDING,XC_OSF_REGISTRATIONS,ATTRIBUTES_REGISTRATION_RESPONSES_344_32,TEXT,10
LIBRARY_RAW,LANDING,XC_OSF_REGISTRATIONS,ATTRIBUTES_REGISTRATION_RESPONSES_344_38,TEXT,10
LIBRARY_RAW,LANDING,XC_OSF_REGISTRATIONS,ATTRIBUTES_REGISTRATION_RESPONSES_344_4,TEXT,10
LIBRARY_RAW,LANDING,XC_OSF_REGISTRATIONS,ATTRIBUTES_REGISTRATION_RESPONSES_344_40,TEXT,10
LIBRARY_RAW,LANDING,XC_OSF_REGISTRATIONS,ATTRIBUTES_REGISTRATION_RESPONSES_344_42,TEXT,10
LIBRARY_RAW,LANDING,XC_OSF_REGISTRATIONS,ATTRIBUTES_REGISTRATION_RESPONSES_344_44,TEXT,10
LIBRARY_RAW,LANDING,XC_OSF_REGISTRATIONS,ATTRIBUTES_REGISTRATION_RESPONSES_344_47,TEXT,10
LIBRARY_RAW,LANDING,XC_OSF_REGISTRATIONS,ATTRIBUTES_REGISTRATION_RESPONSES_344_49,TEXT,10
LIBRARY_RAW,LANDING,XC_OSF_REGISTRATIONS,ATTRIBUTES_REGISTRATION_RESPONSES_344_51,TEXT,10
LIBRARY_RAW,LANDING,XC_OSF_REGISTRATIONS,ATTRIBUTES_REGISTRATION_RESPONSES_344_53,TEXT,10
LIBRARY_RAW,LANDING,XC_OSF_REGISTRATIONS,ATTRIBUTES_REGISTRATION_RESPONSES_344_55,TEXT,10
LIBRARY_RAW,LANDING,XC_OSF_REGISTRATIONS,ATTRIBUTES_REGISTRATION_RESPONSES_344_58,TEXT,10
LIBRARY_RAW,LANDING,XC_OSF_REGISTRATIONS,ATTRIBUTES_REGISTRATION_RESPONSES_344_60,TEXT,10
LIBRARY_RAW,LANDING,XC_OSF_REGISTRATIONS,ATTRIBUTES_REGISTRATION_RESPONSES_344_62,TEXT,10
LIBRARY_RAW,LANDING,XC_OSF_REGISTRATIONS,ATTRIBUTES_REGISTRATION_RESPONSES_344_64,TEXT,10
LIBRARY_RAW,LANDING,XC_OSF_REGISTRATIONS,ATTRIBUTES_REGISTRATION_RESPONSES_344_66,TEXT,10
LIBRARY_RAW,LANDING,XC_OSF_REGISTRATIONS,ATTRIBUTES_REGISTRATION_RESPONSES_344_68,TEXT,10
LIBRARY_RAW,LANDING,XC_OSF_REGISTRATIONS,ATTRIBUTES_REGISTRATION_RESPONSES_344_71,TEXT,10
LIBRARY_RAW,LANDING,XC_OSF_REGISTRATIONS,ATTRIBUTES_REGISTRATION_RESPONSES_344_73,TEXT,10
LIBRARY_RAW,LANDING,XC_OSF_REGISTRATIONS,ATTRIBUTES_REGISTRATION_RESPONSES_344_75,TEXT,10
LIBRARY_RAW,LANDING,XC_OSF_REGISTRATIONS,ATTRIBUTES_REGISTRATION_RESPONSES_344_77,TEXT,10
LIBRARY_RAW,LANDING,XC_OSF_REGISTRATIONS,ATTRIBUTES_REGISTRATION_RESPONSES_344_79,TEXT,10
LIBRARY_RAW,LANDING,XC_OSF_REGISTRATIONS,ATTRIBUTES_REGISTRATION_RESPONSES_344_81,TEXT,10
LIBRARY_RAW,LANDING,XC_OSF_REGISTRATIONS,ATTRIBUTES_REGISTRATION_RESPONSES_344_83,TEXT,10
LIBRARY_RAW,LANDING,XC_OSF_REGISTRATIONS,ATTRIBUTES_REGISTRATION_RESPONSES_344_86,TEXT,10
LIBRARY_RAW,LANDING,XC_OSF_REGISTRATIONS,ATTRIBUTES_REGISTRATION_RESPONSES_72_14,TEXT,10
LIBRARY_RAW,LANDING,XC_OSF_REGISTRATIONS,ATTRIBUTES_REGISTRATION_RESPONSES_72_16,TEXT,10
LIBRARY_RAW,LANDING,XC_OSF_REGISTRATIONS,ATTRIBUTES_REGISTRATION_RESPONSES_72_18,TEXT,10
LIBRARY_RAW,LANDING,XC_OSF_REGISTRATIONS,ATTRIBUTES_REGISTRATION_RESPONSES_72_2,TEXT,10
LIBRARY_RAW,LANDING,XC_OSF_REGISTRATIONS,ATTRIBUTES_REGISTRATION_RESPONSES_72_20,TEXT,10
LIBRARY_RAW,LANDING,XC_OSF_REGISTRATIONS,ATTRIBUTES_REGISTRATION_RESPONSES_72_22,TEXT,10
LIBRARY_RAW,LANDING,XC_OSF_REGISTRATIONS,ATTRIBUTES_REGISTRATION_RESPONSES_72_24,TEXT,10
LIBRARY_RAW,LANDING,XC_OSF_REGISTRATIONS,ATTRIBUTES_REGISTRATION_RESPONSES_72_26,TEXT,10
LIBRARY_RAW,LANDING,XC_OSF_REGISTRATIONS,ATTRIBUTES_REGISTRATION_RESPONSES_72_29,TEXT,10
LIBRARY_RAW,LANDING,XC_OSF_REGISTRATIONS,ATTRIBUTES_REGISTRATION_RESPONSES_72_31,TEXT,10
LIBRARY_RAW,LANDING,XC_OSF_REGISTRATIONS,ATTRIBUTES_REGISTRATION_RESPONSES_72_33,TEXT,10
LIBRARY_RAW,LANDING,XC_OSF_REGISTRATIONS,ATTRIBUTES_REGISTRATION_RESPONSES_72_35,TEXT,10
LIBRARY_RAW,LANDING,XC_OSF_REGISTRATIONS,ATTRIBUTES_REGISTRATION_RESPONSES_72_37,TEXT,10
LIBRARY_RAW,LANDING,XC_OSF_REGISTRATIONS,ATTRIBUTES_REGISTRATION_RESPONSES_72_39,TEXT,10
LIBRARY_RAW,LANDING,XC_OSF_REGISTRATIONS,ATTRIBUTES_REGISTRATION_RESPONSES_72_4,TEXT,10
LIBRARY_RAW,LANDING,XC_OSF_REGISTRATIONS,ATTRIBUTES_REGISTRATION_RESPONSES_72_41,TEXT,10
LIBRARY_RAW,LANDING,XC_OSF_REGISTRATIONS,ATTRIBUTES_REGISTRATION_RESPONSES_72_44,TEXT,10
LIBRARY_RAW,LANDING,XC_OSF_REGISTRATIONS,ATTRIBUTES_REGISTRATION_RESPONSES_72_46,TEXT,10
LIBRARY_RAW,LANDING,XC_OSF_REGISTRATIONS,ATTRIBUTES_REGISTRATION_RESPONSES_72_49,TEXT,10
LIBRARY_RAW,LANDING,XC_OSF_REGISTRATIONS,ATTRIBUTES_REGISTRATION_RESPONSES_72_51,TEXT,10
LIBRARY_RAW,LANDING,XC_OSF_REGISTRATIONS,ATTRIBUTES_REGISTRATION_RESPONSES_72_53,TEXT,10
LIBRARY_RAW,LANDING,XC_OSF_REGISTRATIONS,ATTRIBUTES_REGISTRATION_RESPONSES_72_55,TEXT,10
LIBRARY_RAW,LANDING,XC_OSF_REGISTRATIONS,ATTRIBUTES_REGISTRATION_RESPONSES_72_57,TEXT,10
LIBRARY_RAW,LANDING,XC_OSF_REGISTRATIONS,ATTRIBUTES_REGISTRATION_RESPONSES_72_59,TEXT,10
LIBRARY_RAW,LANDING,XC_OSF_REGISTRATIONS,ATTRIBUTES_REGISTRATION_RESPONSES_72_61,TEXT,10
LIBRARY_RAW,LANDING,XC_OSF_REGISTRATIONS,ATTRIBUTES_REGISTRATION_RESPONSES_72_7,TEXT,10
LIBRARY_RAW,LANDING,XC_OSF_REGISTRATIONS,ATTRIBUTES_REGISTRATION_RESPONSES_72_9,TEXT,10
LIBRARY_RAW,LANDING,XC_OSF_REGISTRATIONS,ATTRIBUTES_REGISTRATION_RESPONSES_Q10_QUESTION,TEXT,10
LIBRARY_RAW,LANDING,XC_OSF_REGISTRATIONS,ATTRIBUTES_REGISTRATION_RESPONSES_Q10_UPLOADER,TEXT,10
LIBRARY_RAW,LANDING,XC_OSF_REGISTRATIONS,ATTRIBUTES_REGISTRATION_RESPONSES_Q11,TEXT,10
LIBRARY_RAW,LANDING,XC_OSF_REGISTRATIONS,ATTRIBUTES_REGISTRATION_RESPONSES_Q12,TEXT,10
LIBRARY_RAW,LANDING,XC_OSF_REGISTRATIONS,ATTRIBUTES_REGISTRATION_RESPONSES_Q13,TEXT,10
LIBRARY_RAW,LANDING,XC_OSF_REGISTRATIONS,ATTRIBUTES_REGISTRATION_RESPONSES_Q14_QUESTION,TEXT,10
LIBRARY_RAW,LANDING,XC_OSF_REGISTRATIONS,ATTRIBUTES_REGISTRATION_RESPONSES_Q14_UPLOADER,TEXT,10
LIBRARY_RAW,LANDING,XC_OSF_REGISTRATIONS,ATTRIBUTES_REGISTRATION_RESPONSES_Q15_QUESTION,TEXT,10
LIBRARY_RAW,LANDING,XC_OSF_REGISTRATIONS,ATTRIBUTES_REGISTRATION_RESPONSES_Q15_UPLOADER,TEXT,10
LIBRARY_RAW,LANDING,XC_OSF_REGISTRATIONS,ATTRIBUTES_REGISTRATION_RESPONSES_Q16_QUESTION,TEXT,10
LIBRARY_RAW,LANDING,XC_OSF_REGISTRATIONS,ATTRIBUTES_REGISTRATION_RESPONSES_Q16_UPLOADER,TEXT,10
LIBRARY_RAW,LANDING,XC_OSF_REGISTRATIONS,ATTRIBUTES_REGISTRATION_RESPONSES_Q17_QUESTION,TEXT,10
LIBRARY_RAW,LANDING,XC_OSF_REGISTRATIONS,ATTRIBUTES_REGISTRATION_RESPONSES_Q17_UPLOADER,TEXT,10
LIBRARY_RAW,LANDING,XC_OSF_REGISTRATIONS,ATTRIBUTES_REGISTRATION_RESPONSES_Q18,TEXT,10
LIBRARY_RAW,LANDING,XC_OSF_REGISTRATIONS,ATTRIBUTES_REGISTRATION_RESPONSES_Q19,TEXT,10
LIBRARY_RAW,LANDING,XC_OSF_REGISTRATIONS,ATTRIBUTES_REGISTRATION_RESPONSES_Q2,TEXT,10
LIBRARY_RAW,LANDING,XC_OSF_REGISTRATIONS,ATTRIBUTES_REGISTRATION_RESPONSES_Q20,TEXT,10
LIBRARY_RAW,LANDING,XC_OSF_REGISTRATIONS,ATTRIBUTES_REGISTRATION_RESPONSES_Q21,TEXT,10
LIBRARY_RAW,LANDING,XC_OSF_REGISTRATIONS,ATTRIBUTES_REGISTRATION_RESPONSES_Q22,TEXT,10
LIBRARY_RAW,LANDING,XC_OSF_REGISTRATIONS,ATTRIBUTES_REGISTRATION_RESPONSES_Q23,TEXT,10
LIBRARY_RAW,LANDING,XC_OSF_REGISTRATIONS,ATTRIBUTES_REGISTRATION_RESPONSES_Q3,TEXT,10
LIBRARY_RAW,LANDING,XC_OSF_REGISTRATIONS,ATTRIBUTES_REGISTRATION_RESPONSES_Q4,TEXT,10
LIBRARY_RAW,LANDING,XC_OSF_REGISTRATIONS,ATTRIBUTES_REGISTRATION_RESPONSES_Q5,TEXT,10
LIBRARY_RAW,LANDING,XC_OSF_REGISTRATIONS,ATTRIBUTES_REGISTRATION_RESPONSES_Q6_QUESTION,TEXT,10
LIBRARY_RAW,LANDING,XC_OSF_REGISTRATIONS,ATTRIBUTES_REGISTRATION_RESPONSES_Q6_UPLOADER,TEXT,10
LIBRARY_RAW,LANDING,XC_OSF_REGISTRATIONS,ATTRIBUTES_REGISTRATION_RESPONSES_Q7,TEXT,10
LIBRARY_RAW,LANDING,XC_OSF_REGISTRATIONS,ATTRIBUTES_REGISTRATION_RESPONSES_Q8,TEXT,10
LIBRARY_RAW,LANDING,XC_OSF_REGISTRATIONS,ATTRIBUTES_REGISTRATION_RESPONSES_Q9,TEXT,10
LIBRARY_RAW,LANDING,XC_OSF_REGISTRATIONS,ATTRIBUTES_REGISTRATION_RESPONSES_SUMMARY,TEXT,10
LIBRARY_RAW,LANDING,XC_OSF_REGISTRATIONS,ATTRIBUTES_REGISTRATION_RESPONSES_UPLOADER,TEXT,10
LIBRARY_RAW,LANDING,XC_OSF_REGISTRATIONS,ATTRIBUTES_REGISTRATION_SUPPLEMENT,TEXT,10
LIBRARY_RAW,LANDING,XC_OSF_REGISTRATIONS,RELATIONSHIPS_LINKED_BY_REGISTRATIONS_LINKS_RELATED_HREF,TEXT,10
LIBRARY_RAW,LANDING,XC_OSF_REGISTRATIONS,RELATIONSHIPS_LINKED_REGISTRATIONS_LINKS_RELATED_HREF,TEXT,10
LIBRARY_RAW,LANDING,XC_OSF_REGISTRATIONS,RELATIONSHIPS_LINKED_REGISTRATIONS_LINKS_SELF_HREF,TEXT,10
LIBRARY_RAW,LANDING,XC_OSF_REGISTRATIONS,RELATIONSHIPS_REGISTRATION_SCHEMA_DATA_ID,TEXT,10
LIBRARY_RAW,LANDING,XC_OSF_REGISTRATIONS,RELATIONSHIPS_REGISTRATION_SCHEMA_DATA_TYPE,TEXT,10
LIBRARY_RAW,LANDING,XC_OSF_REGISTRATIONS,RELATIONSHIPS_REGISTRATION_SCHEMA_LINKS_RELATED_HREF,TEXT,10
LIBRARY_RAW,LANDING,XC_OWID_CPI,CORRUPTION_PERCEPTIONS_INDEX,TEXT,2312
LIBRARY_RAW,LANDING,XC_OWID_FERTILITY,TOTAL_FERTILITY_RATE,TEXT,19402
LIBRARY_RAW,LANDING,XC_OWID_HOMICIDE,HOMICIDE_RATE_PER_100_000_POPULATION,TEXT,4912
LIBRARY_RAW,LANDING,XC_OWID_TEMP_ANOMALY,UPPER_BOUND,TEXT,531
LIBRARY_RAW,LANDING,XC_UK_SANCTIONS_LIST,BUSINESS_REGISTRATION_NUMBER_S,TEXT,57883
LIBRARY_RAW,LANDING,XC_VERA_INCARCERATION_TRENDS,AAPI_FEMALE_PRISON_ADMITS_RATE,TEXT,128507
LIBRARY_RAW,LANDING,XC_VERA_INCARCERATION_TRENDS,AAPI_FEMALE_PRISON_POP_RATE,TEXT,128507
LIBRARY_RAW,LANDING,XC_VERA_INCARCERATION_TRENDS,AAPI_JAIL_POP_RATE,TEXT,128507
LIBRARY_RAW,LANDING,XC_VERA_INCARCERATION_TRENDS,AAPI_MALE_PRISON_ADMITS_RATE,TEXT,128507
LIBRARY_RAW,LANDING,XC_VERA_INCARCERATION_TRENDS,AAPI_MALE_PRISON_POP_RATE,TEXT,128507
LIBRARY_RAW,LANDING,XC_VERA_INCARCERATION_TRENDS,AAPI_PRISON_ADMITS_RATE,TEXT,128507
LIBRARY_RAW,LANDING,XC_VERA_INCARCERATION_TRENDS,AAPI_PRISON_POP_RATE,TEXT,128507
LIBRARY_RAW,LANDING,XC_VERA_INCARCERATION_TRENDS,BLACK_FEMALE_PRISON_ADMITS_RATE,TEXT,128507
LIBRARY_RAW,LANDING,XC_VERA_INCARCERATION_TRENDS,BLACK_FEMALE_PRISON_POP_RATE,TEXT,128507
LIBRARY_RAW,LANDING,XC_VERA_INCARCERATION_TRENDS,BLACK_JAIL_POP_RATE,TEXT,128507
LIBRARY_RAW,LANDING,XC_VERA_INCARCERATION_TRENDS,BLACK_MALE_PRISON_ADMITS_RATE,TEXT,128507
LIBRARY_RAW,LANDING,XC_VERA_INCARCERATION_TRENDS,BLACK_MALE_PRISON_POP_RATE,TEXT,128507
LIBRARY_RAW,LANDING,XC_VERA_INCARCERATION_TRENDS,BLACK_PRISON_ADMITS_RATE,TEXT,128507
LIBRARY_RAW,LANDING,XC_VERA_INCARCERATION_TRENDS,BLACK_PRISON_POP_RATE,TEXT,128507
LIBRARY_RAW,LANDING,XC_VERA_INCARCERATION_TRENDS,FEMALE_JAIL_ADMITS_RATE,TEXT,128507
LIBRARY_RAW,LANDING,XC_VERA_INCARCERATION_TRENDS,FEMALE_JAIL_DISCHARGES_RATE,TEXT,128507
LIBRARY_RAW,LANDING,XC_VERA_INCARCERATION_TRENDS,FEMALE_JAIL_POP_RATE,TEXT,128507
LIBRARY_RAW,LANDING,XC_VERA_INCARCERATION_TRENDS,FEMALE_PRISON_ADMITS_RATE,TEXT,128507
LIBRARY_RAW,LANDING,XC_VERA_INCARCERATION_TRENDS,FEMALE_PRISON_POP_RATE,TEXT,128507
LIBRARY_RAW,LANDING,XC_VERA_INCARCERATION_TRENDS,JAIL_RATED_CAPACITY,TEXT,128507
LIBRARY_RAW,LANDING,XC_VERA_INCARCERATION_TRENDS,LATINX_FEMALE_PRISON_ADMITS_RATE,TEXT,128507
LIBRARY_RAW,LANDING,XC_VERA_INCARCERATION_TRENDS,LATINX_FEMALE_PRISON_POP_RATE,TEXT,128507
LIBRARY_RAW,LANDING,XC_VERA_INCARCERATION_TRENDS,LATINX_JAIL_POP_RATE,TEXT,128507
LIBRARY_RAW,LANDING,XC_VERA_INCARCERATION_TRENDS,LATINX_MALE_PRISON_ADMITS_RATE,TEXT,128507
LIBRARY_RAW,LANDING,XC_VERA_INCARCERATION_TRENDS,LATINX_MALE_PRISON_POP_RATE,TEXT,128507
LIBRARY_RAW,LANDING,XC_VERA_INCARCERATION_TRENDS,LATINX_PRISON_ADMITS_RATE,TEXT,128507
LIBRARY_RAW,LANDING,XC_VERA_INCARCERATION_TRENDS,LATINX_PRISON_POP_RATE,TEXT,128507
LIBRARY_RAW,LANDING,XC_VERA_INCARCERATION_TRENDS,MALE_JAIL_ADMITS_RATE,TEXT,128507
LIBRARY_RAW,LANDING,XC_VERA_INCARCERATION_TRENDS,MALE_JAIL_DISCHARGES_RATE,TEXT,128507
LIBRARY_RAW,LANDING,XC_VERA_INCARCERATION_TRENDS,MALE_JAIL_POP_RATE,TEXT,128507
LIBRARY_RAW,LANDING,XC_VERA_INCARCERATION_TRENDS,MALE_PRISON_ADMITS_RATE,TEXT,128507
LIBRARY_RAW,LANDING,XC_VERA_INCARCERATION_TRENDS,MALE_PRISON_POP_RATE,TEXT,128507
LIBRARY_RAW,LANDING,XC_VERA_INCARCERATION_TRENDS,NATIVE_FEMALE_PRISON_ADMITS_RATE,TEXT,128507
LIBRARY_RAW,LANDING,XC_VERA_INCARCERATION_TRENDS,NATIVE_FEMALE_PRISON_POP_RATE,TEXT,128507
LIBRARY_RAW,LANDING,XC_VERA_INCARCERATION_TRENDS,NATIVE_JAIL_POP_RATE,TEXT,128507
LIBRARY_RAW,LANDING,XC_VERA_INCARCERATION_TRENDS,NATIVE_MALE_PRISON_ADMITS_RATE,TEXT,128507
LIBRARY_RAW,LANDING,XC_VERA_INCARCERATION_TRENDS,NATIVE_MALE_PRISON_POP_RATE,TEXT,128507
LIBRARY_RAW,LANDING,XC_VERA_INCARCERATION_TRENDS,NATIVE_PRISON_ADMITS_RATE,TEXT,128507
LIBRARY_RAW,LANDING,XC_VERA_INCARCERATION_TRENDS,NATIVE_PRISON_POP_RATE,TEXT,128507
LIBRARY_RAW,LANDING,XC_VERA_INCARCERATION_TRENDS,TOTAL_INCARCERATION,TEXT,128507
LIBRARY_RAW,LANDING,XC_VERA_INCARCERATION_TRENDS,TOTAL_INCARCERATION_RATE,TEXT,128507
LIBRARY_RAW,LANDING,XC_VERA_INCARCERATION_TRENDS,TOTAL_JAIL_ADMITS_RATE,TEXT,128507
LIBRARY_RAW,LANDING,XC_VERA_INCARCERATION_TRENDS,TOTAL_JAIL_DISCHARGES_RATE,TEXT,128507
LIBRARY_RAW,LANDING,XC_VERA_INCARCERATION_TRENDS,TOTAL_JAIL_POP_RATE,TEXT,128507
LIBRARY_RAW,LANDING,XC_VERA_INCARCERATION_TRENDS,TOTAL_PRETRIAL_CUSTODY_RATE,TEXT,128507
LIBRARY_RAW,LANDING,XC_VERA_INCARCERATION_TRENDS,TOTAL_PRISON_ADMITS_RATE,TEXT,128507
LIBRARY_RAW,LANDING,XC_VERA_INCARCERATION_TRENDS,TOTAL_PRISON_POP_RATE,TEXT,128507
LIBRARY_RAW,LANDING,XC_VERA_INCARCERATION_TRENDS,TOTAL_SENTENCED_CUSTODY_RATE,TEXT,128507
LIBRARY_RAW,LANDING,XC_VERA_INCARCERATION_TRENDS,WHITE_FEMALE_PRISON_ADMITS_RATE,TEXT,128507
LIBRARY_RAW,LANDING,XC_VERA_INCARCERATION_TRENDS,WHITE_FEMALE_PRISON_POP_RATE,TEXT,128507
LIBRARY_RAW,LANDING,XC_VERA_INCARCERATION_TRENDS,WHITE_JAIL_POP_RATE,TEXT,128507
LIBRARY_RAW,LANDING,XC_VERA_INCARCERATION_TRENDS,WHITE_MALE_PRISON_ADMITS_RATE,TEXT,128507
LIBRARY_RAW,LANDING,XC_VERA_INCARCERATION_TRENDS,WHITE_MALE_PRISON_POP_RATE,TEXT,128507
LIBRARY_RAW,LANDING,XC_VERA_INCARCERATION_TRENDS,WHITE_PRISON_ADMITS_RATE,TEXT,128507
LIBRARY_RAW,LANDING,XC_VERA_INCARCERATION_TRENDS,WHITE_PRISON_POP_RATE,TEXT,128507
LIBRARY_RAW,PUBLIC,FOREIGN_AGENT_REGISTRATIONS,FARA_REGISTRATION_KEY,TEXT,
LIBRARY_RAW,PUBLIC,FOREIGN_AGENT_REGISTRATIONS,FOREIGN_PRINCIPAL_REGISTRATION_DATE,DATE,
LIBRARY_RAW,PUBLIC,FOREIGN_AGENT_REGISTRATIONS,IS_ACTIVE_REGISTRATION,BOOLEAN,
LIBRARY_RAW,PUBLIC,FOREIGN_AGENT_REGISTRATIONS,REGISTRATION_NUMBER,TEXT,
LIBRARY_RAW,PUBLIC,IRELAND_COMPANIES,CORPORATE_REGISTRY_KEY,TEXT,
LIBRARY_RAW,PUBLIC,IRELAND_COMPANIES,INCORPORATION_DATE,DATE,
LIBRARY_RAW,PUBLIC,IRELAND_COMPANIES,INCORPORATION_YEAR,NUMBER,
LIBRARY_STAGING,DBT_CROGERS,STG_CA_LOBBY__FIRM_EMPLOYER,PER_TOTAL,NUMBER,
LIBRARY_STAGING,DBT_CROGERS,STG_FED_BLS_QCEW__RECORDS,ANNUAL_AVG_EMPLVL,TEXT,
LIBRARY_STAGING,DBT_CROGERS,STG_FED_BLS_QCEW__RECORDS,ANNUAL_AVG_ESTABS,TEXT,
LIBRARY_STAGING,DBT_CROGERS,STG_FED_BLS_QCEW__RECORDS,ANNUAL_AVG_WKLY_WAGE,TEXT,
LIBRARY_STAGING,DBT_CROGERS,STG_FED_BLS_QCEW__RECORDS,AVG_ANNUAL_PAY,TEXT,
LIBRARY_STAGING,DBT_CROGERS,STG_FED_BLS_QCEW__RECORDS,LQ_ANNUAL_AVG_EMPLVL,TEXT,
LIBRARY_STAGING,DBT_CROGERS,STG_FED_BLS_QCEW__RECORDS,LQ_ANNUAL_AVG_ESTABS,TEXT,
LIBRARY_STAGING,DBT_CROGERS,STG_FED_BLS_QCEW__RECORDS,LQ_ANNUAL_AVG_WKLY_WAGE,TEXT,
LIBRARY_STAGING,DBT_CROGERS,STG_FED_BLS_QCEW__RECORDS,LQ_AVG_ANNUAL_PAY,TEXT,
LIBRARY_STAGING,DBT_CROGERS,STG_FED_BLS_QCEW__RECORDS,OTY_ANNUAL_AVG_EMPLVL_CHG,TEXT,
LIBRARY_STAGING,DBT_CROGERS,STG_FED_BLS_QCEW__RECORDS,OTY_ANNUAL_AVG_EMPLVL_PCT_CHG,TEXT,
LIBRARY_STAGING,DBT_CROGERS,STG_FED_BLS_QCEW__RECORDS,OTY_ANNUAL_AVG_ESTABS_CHG,TEXT,
LIBRARY_STAGING,DBT_CROGERS,STG_FED_BLS_QCEW__RECORDS,OTY_ANNUAL_AVG_ESTABS_PCT_CHG,TEXT,
LIBRARY_STAGING,DBT_CROGERS,STG_FED_BLS_QCEW__RECORDS,OTY_ANNUAL_AVG_WKLY_WAGE_CHG,TEXT,
LIBRARY_STAGING,DBT_CROGERS,STG_FED_BLS_QCEW__RECORDS,OTY_ANNUAL_AVG_WKLY_WAGE_PCT_CHG,TEXT,
LIBRARY_STAGING,DBT_CROGERS,STG_FED_BLS_QCEW__RECORDS,OTY_ANNUAL_CONTRIBUTIONS_PCT_CHG,TEXT,
LIBRARY_STAGING,DBT_CROGERS,STG_FED_BLS_QCEW__RECORDS,OTY_AVG_ANNUAL_PAY_CHG,TEXT,
LIBRARY_STAGING,DBT_CROGERS,STG_FED_BLS_QCEW__RECORDS,OTY_AVG_ANNUAL_PAY_PCT_CHG,TEXT,
LIBRARY_STAGING,DBT_CROGERS,STG_FED_BLS_QCEW__RECORDS,OTY_TAXABLE_ANNUAL_WAGES_PCT_CHG,TEXT,
LIBRARY_STAGING,DBT_CROGERS,STG_FED_BLS_QCEW__RECORDS,OTY_TOTAL_ANNUAL_WAGES_PCT_CHG,TEXT,
LIBRARY_STAGING,DBT_CROGERS,STG_FED_CDC_DRUG_POISONING_COUNTY__RATES,RATE_BAND,TEXT,
LIBRARY_STAGING,DBT_CROGERS,STG_FED_CDC_DRUG_POISONING_COUNTY__RATES,RATE_BAND_ORDINAL,NUMBER,
LIBRARY_STAGING,DBT_CROGERS,STG_FED_CDC_INJURY_VIOLENCE_COUNTY__RATES,RATE,FLOAT,
LIBRARY_STAGING,DBT_CROGERS,STG_FED_CDC_INJURY_VIOLENCE_COUNTY__RATES,RATE_MODELED_CI,TEXT,
LIBRARY_STAGING,DBT_CROGERS,STG_FED_CDC_INJURY_VIOLENCE_COUNTY__RATES,RATE_MODELED_FLAG,FLOAT,
LIBRARY_STAGING,DBT_CROGERS,STG_FED_CDC_LEADING_CAUSES_STATE__ALL,AGE_ADJUSTED_DEATH_RATE,FLOAT,
LIBRARY_STAGING,DBT_CROGERS,STG_FED_CDC_OVERDOSE__RECORDS,PERCENT_COMPLETE,TEXT,
LIBRARY_STAGING,DBT_CROGERS,STG_FED_CDC_OVERDOSE__RECORDS,PERCENT_PENDING_INVESTIGATION,TEXT,
LIBRARY_STAGING,DBT_CROGERS,STG_FED_CDC_WONDER__RECORDS,CRUDE_RATE,FLOAT,
LIBRARY_STAGING,DBT_CROGERS,STG_FED_CFPB_HMDA_HISTORIC__LAR_RECORDS,HUD_MEDIAN_FAMILY_INCOME,NUMBER,
LIBRARY_STAGING,DBT_CROGERS,STG_FED_CFPB_HMDA_HISTORIC__LAR_RECORDS,RATE_SPREAD,NUMBER,
LIBRARY_STAGING,DBT_CROGERS,STG_FED_CFPB_HMDA_LAR__LAR_RECORDS,APPLICANT_CREDIT_SCORE_TYPE,TEXT,
LIBRARY_STAGING,DBT_CROGERS,STG_FED_CFPB_HMDA_LAR__LAR_RECORDS,CO_APPLICANT_CREDIT_SCORE_TYPE,TEXT,
LIBRARY_STAGING,DBT_CROGERS,STG_FED_CFPB_HMDA_LAR__LAR_RECORDS,DEBT_TO_INCOME_RATIO,TEXT,
LIBRARY_STAGING,DBT_CROGERS,STG_FED_CFPB_HMDA_LAR__LAR_RECORDS,FFIEC_MSA_MD_MEDIAN_FAMILY_INCOME,NUMBER,
LIBRARY_STAGING,DBT_CROGERS,STG_FED_CFPB_HMDA_LAR__LAR_RECORDS,INTEREST_RATE,NUMBER,
LIBRARY_STAGING,DBT_CROGERS,STG_FED_CFPB_HMDA_LAR__LAR_RECORDS,INTRO_RATE_PERIOD,NUMBER,
LIBRARY_STAGING,DBT_CROGERS,STG_FED_CFPB_HMDA_LAR__LAR_RECORDS,LOAN_TO_VALUE_RATIO,NUMBER,
LIBRARY_STAGING,DBT_CROGERS,STG_FED_CFPB_HMDA_LAR__LAR_RECORDS,RATE_SPREAD,NUMBER,
LIBRARY_STAGING,DBT_CROGERS,STG_FED_CFPB_HMDA_LAR__LAR_RECORDS,TRACT_MEDIAN_AGE_OF_HOUSING_UNITS,NUMBER,
LIBRARY_STAGING,DBT_CROGERS,STG_FED_CFPB_HMDA_LAR__LAR_RECORDS,TRACT_MINORITY_POPULATION_PERCENT,NUMBER,
LIBRARY_STAGING,DBT_CROGERS,STG_FED_CFPB_HMDA_LAR__LAR_RECORDS,TRACT_TO_MSA_INCOME_PERCENTAGE,NUMBER,
LIBRARY_STAGING,DBT_CROGERS,STG_FED_CFPB_HMDA__LOANS,APPLICANT_CREDIT_SCORE_TYPE,TEXT,
LIBRARY_STAGING,DBT_CROGERS,STG_FED_CFPB_HMDA__LOANS,CO_APPLICANT_CREDIT_SCORE_TYPE,TEXT,
LIBRARY_STAGING,DBT_CROGERS,STG_FED_CFPB_HMDA__LOANS,DEBT_TO_INCOME_RATIO,TEXT,
LIBRARY_STAGING,DBT_CROGERS,STG_FED_CFPB_HMDA__LOANS,FFIEC_MSA_MD_MEDIAN_FAMILY_INCOME,NUMBER,
LIBRARY_STAGING,DBT_CROGERS,STG_FED_CFPB_HMDA__LOANS,INTEREST_RATE,TEXT,
LIBRARY_STAGING,DBT_CROGERS,STG_FED_CFPB_HMDA__LOANS,INTRO_RATE_PERIOD,TEXT,
LIBRARY_STAGING,DBT_CROGERS,STG_FED_CFPB_HMDA__LOANS,LOAN_TO_VALUE_RATIO,TEXT,
LIBRARY_STAGING,DBT_CROGERS,STG_FED_CFPB_HMDA__LOANS,RATE_SPREAD,TEXT,
LIBRARY_STAGING,DBT_CROGERS,STG_FED_CFPB_HMDA__LOANS,TRACT_MEDIAN_AGE_OF_HOUSING_UNITS,NUMBER,
LIBRARY_STAGING,DBT_CROGERS,STG_FED_CFPB_HMDA__LOANS,TRACT_MINORITY_POPULATION_PERCENT,NUMBER,
LIBRARY_STAGING,DBT_CROGERS,STG_FED_CFPB_HMDA__LOANS,TRACT_TO_MSA_INCOME_PERCENTAGE,NUMBER,
LIBRARY_STAGING,DBT_CROGERS,STG_FED_CFPB_HMDA__RECORDS,APPLICANT_CREDIT_SCORE_TYPE,TEXT,
LIBRARY_STAGING,DBT_CROGERS,STG_FED_CFPB_HMDA__RECORDS,CO_APPLICANT_CREDIT_SCORE_TYPE,TEXT,
LIBRARY_STAGING,DBT_CROGERS,STG_FED_CFPB_HMDA__RECORDS,DEBT_TO_INCOME_RATIO,TEXT,
LIBRARY_STAGING,DBT_CROGERS,STG_FED_CFPB_HMDA__RECORDS,FFIEC_MSA_MD_MEDIAN_FAMILY_INCOME,TEXT,
LIBRARY_STAGING,DBT_CROGERS,STG_FED_CFPB_HMDA__RECORDS,INTEREST_RATE,TEXT,
LIBRARY_STAGING,DBT_CROGERS,STG_FED_CFPB_HMDA__RECORDS,INTRO_RATE_PERIOD,TEXT,
LIBRARY_STAGING,DBT_CROGERS,STG_FED_CFPB_HMDA__RECORDS,LOAN_TO_VALUE_RATIO,TEXT,
LIBRARY_STAGING,DBT_CROGERS,STG_FED_CFPB_HMDA__RECORDS,RATE_SPREAD,TEXT,
LIBRARY_STAGING,DBT_CROGERS,STG_FED_CFPB_HMDA__RECORDS,TRACT_MEDIAN_AGE_OF_HOUSING_UNITS,TEXT,
LIBRARY_STAGING,DBT_CROGERS,STG_FED_CFPB_HMDA__RECORDS,TRACT_MINORITY_POPULATION_PERCENT,TEXT,
LIBRARY_STAGING,DBT_CROGERS,STG_FED_CFPB_HMDA__RECORDS,TRACT_TO_MSA_INCOME_PERCENTAGE,TEXT,
LIBRARY_STAGING,DBT_CROGERS,STG_FED_CMS_DIALYSIS__FACILITIES,C_95_C_I_UPPER_LIMIT_FOR_FYSWR,TEXT,
LIBRARY_STAGING,DBT_CROGERS,STG_FED_CMS_DIALYSIS__FACILITIES,C_95_C_I_UPPER_LIMIT_FOR_PPPW,TEXT,
LIBRARY_STAGING,DBT_CROGERS,STG_FED_CMS_DIALYSIS__FACILITIES,ED30_UPPER_CONFIDENCE_LIMIT_97_5,TEXT,
LIBRARY_STAGING,DBT_CROGERS,STG_FED_CMS_DIALYSIS__FACILITIES,EMERGENCY_DEPARTMENT_ENCOUNTER_RATIO_OCCURRING_WITHIN_30_DAYS_OF_HOSPITAL_DISCHARGE_DATA_AVAILABILITY_CODE,TEXT,
LIBRARY_STAGING,DBT_CROGERS,STG_FED_CMS_DIALYSIS__FACILITIES,FIRST_YEAR_STANDARDIZED_KIDNEY_TRANSPLANT_WAITLIST_RATIO,TEXT,
LIBRARY_STAGING,DBT_CROGERS,STG_FED_CMS_DIALYSIS__FACILITIES,FISTULA_RATE_FACILITY,TEXT,
LIBRARY_STAGING,DBT_CROGERS,STG_FED_CMS_DIALYSIS__FACILITIES,FISTULA_RATE_LOWER_CONFIDENCE_LIMIT_2_5,TEXT,
LIBRARY_STAGING,DBT_CROGERS,STG_FED_CMS_DIALYSIS__FACILITIES,FISTULA_RATE_UPPER_CONFIDENCE_LIMIT_97_5,TEXT,
LIBRARY_STAGING,DBT_CROGERS,STG_FED_CMS_DIALYSIS__FACILITIES,HEALTHCARE_WORKER_COVID_19_VACCINATION_ADHERENCE_PERCENTAGE,TEXT,
LIBRARY_STAGING,DBT_CROGERS,STG_FED_CMS_DIALYSIS__FACILITIES,HOSPITALIZATION_RATE_FACILITY,TEXT,
LIBRARY_STAGING,DBT_CROGERS,STG_FED_CMS_DIALYSIS__FACILITIES,HOSPITALIZATION_RATE_LOWER_CONFIDENCE_LIMIT_2_5,TEXT,
LIBRARY_STAGING,DBT_CROGERS,STG_FED_CMS_DIALYSIS__FACILITIES,HOSPITALIZATION_RATE_UPPER_CONFIDENCE_LIMIT_97_5,TEXT,
LIBRARY_STAGING,DBT_CROGERS,STG_FED_CMS_DIALYSIS__FACILITIES,MORTALITY_RATE_FACILITY,TEXT,
LIBRARY_STAGING,DBT_CROGERS,STG_FED_CMS_DIALYSIS__FACILITIES,MORTALITY_RATE_LOWER_CONFIDENCE_LIMIT_2_5,TEXT,
LIBRARY_STAGING,DBT_CROGERS,STG_FED_CMS_DIALYSIS__FACILITIES,MORTALITY_RATE_UPPER_CONFIDENCE_LIMIT_97_5,TEXT,
LIBRARY_STAGING,DBT_CROGERS,STG_FED_CMS_DIALYSIS__FACILITIES,PERCENTAGE_OF_ADULT_PATIENTS_WITH_HYPERCALCEMIA_SERUM_CALCIUM_GREATER_THAN_10_2_MG_DL,TEXT,
LIBRARY_STAGING,DBT_CROGERS,STG_FED_CMS_DIALYSIS__FACILITIES,PERCENTAGE_OF_ADULT_PATIENTS_WITH_LONG_TERM_CATHETER_IN_USE,TEXT,
LIBRARY_STAGING,DBT_CROGERS,STG_FED_CMS_DIALYSIS__FACILITIES,PERCENTAGE_OF_ADULT_PATIENTS_WITH_SERUM_PHOSPHORUS_BETWEEN_3_5_4_5_MG_DL,TEXT,
LIBRARY_STAGING,DBT_CROGERS,STG_FED_CMS_DIALYSIS__FACILITIES,PERCENTAGE_OF_ADULT_PATIENTS_WITH_SERUM_PHOSPHORUS_BETWEEN_4_6_5_5_MG_DL,TEXT,
LIBRARY_STAGING,DBT_CROGERS,STG_FED_CMS_DIALYSIS__FACILITIES,PERCENTAGE_OF_ADULT_PATIENTS_WITH_SERUM_PHOSPHORUS_BETWEEN_5_6_7_0_MG_DL,TEXT,
LIBRARY_STAGING,DBT_CROGERS,STG_FED_CMS_DIALYSIS__FACILITIES,PERCENTAGE_OF_ADULT_PATIENTS_WITH_SERUM_PHOSPHORUS_GREATER_THAN_7_0_MG_DL,TEXT,
LIBRARY_STAGING,DBT_CROGERS,STG_FED_CMS_DIALYSIS__FACILITIES,PERCENTAGE_OF_ADULT_PATIENTS_WITH_SERUM_PHOSPHORUS_LESS_THAN_3_5_MG_DL,TEXT,
LIBRARY_STAGING,DBT_CROGERS,STG_FED_CMS_DIALYSIS__FACILITIES,PERCENTAGE_OF_ADULT_PD_PTS_WITH_KT_V_1_7,TEXT,
LIBRARY_STAGING,DBT_CROGERS,STG_FED_CMS_DIALYSIS__FACILITIES,PERCENTAGE_OF_MEDICARE_PATIENTS_WITH_HGB_10_G_DL,TEXT,
LIBRARY_STAGING,DBT_CROGERS,STG_FED_CMS_DIALYSIS__FACILITIES,PERCENTAGE_OF_MEDICARE_PATIENTS_WITH_HGB_12_G_DL,TEXT,
LIBRARY_STAGING,DBT_CROGERS,STG_FED_CMS_DIALYSIS__FACILITIES,PERCENTAGE_OF_PEDIATRIC_HD_PATIENTS_WITH_KT_V_1_2,TEXT,
LIBRARY_STAGING,DBT_CROGERS,STG_FED_CMS_DIALYSIS__FACILITIES,PERCENTAGE_OF_PEDIATRIC_HD_PATIENTS_WITH_NPCR,TEXT,
LIBRARY_STAGING,DBT_CROGERS,STG_FED_CMS_DIALYSIS__FACILITIES,PERCENTAGE_OF_PEDIATRIC_PD_PATIENTS_WITH_KT_V_1_8,TEXT,
LIBRARY_STAGING,DBT_CROGERS,STG_FED_CMS_DIALYSIS__FACILITIES,PERCENTAGE_OF_PREVALENT_PATIENTS_WAITLISTED_FOR_KIDNEY_TRANSPLANT,TEXT,
LIBRARY_STAGING,DBT_CROGERS,STG_FED_CMS_DIALYSIS__FACILITIES,PERCENT_OF_ADULT_HD_PATIENTS_WITH_KT_V_1_2,TEXT,
LIBRARY_STAGING,DBT_CROGERS,STG_FED_CMS_DIALYSIS__FACILITIES,READMISSION_RATE_FACILITY,TEXT,
LIBRARY_STAGING,DBT_CROGERS,STG_FED_CMS_DIALYSIS__FACILITIES,READMISSION_RATE_LOWER_CONFIDENCE_LIMIT_2_5,TEXT,
LIBRARY_STAGING,DBT_CROGERS,STG_FED_CMS_DIALYSIS__FACILITIES,READMISSION_RATE_UPPER_CONFIDENCE_LIMIT_97_5,TEXT,
LIBRARY_STAGING,DBT_CROGERS,STG_FED_CMS_DIALYSIS__FACILITIES,SEDR_UPPER_CONFIDENCE_LIMIT_97_5,TEXT,
LIBRARY_STAGING,DBT_CROGERS,STG_FED_CMS_DIALYSIS__FACILITIES,SIR_UPPER_CONFIDENCE_LIMIT_97_5,TEXT,
LIBRARY_STAGING,DBT_CROGERS,STG_FED_CMS_DIALYSIS__FACILITIES,SMOSR_STANDARDIZED_MODALITY_SWITCH_RATIO_FACILITY,TEXT,
LIBRARY_STAGING,DBT_CROGERS,STG_FED_CMS_DIALYSIS__FACILITIES,SMOSR_UPPER_CONFIDENCE_LIMIT_FACILITY,TEXT,
LIBRARY_STAGING,DBT_CROGERS,STG_FED_CMS_DIALYSIS__FACILITIES,STANDARDIZED_ED_VISITS_RATIO_FACILITY,TEXT,
LIBRARY_STAGING,DBT_CROGERS,STG_FED_CMS_DIALYSIS__FACILITIES,STANDARDIZED_ED_VISITS_WITHIN_30_DAYS_OF_HOSPITAL_DISCHARGE_RATIO_FACILITY,TEXT,
LIBRARY_STAGING,DBT_CROGERS,STG_FED_CMS_DIALYSIS__FACILITIES,STANDARD_INFECTION_RATIO,TEXT,
LIBRARY_STAGING,DBT_CROGERS,STG_FED_CMS_DIALYSIS__FACILITIES,TRANSFUSION_RATE_FACILITY,TEXT,
LIBRARY_STAGING,DBT_CROGERS,STG_FED_CMS_DIALYSIS__FACILITIES,TRANSFUSION_RATE_LOWER_CONFIDENCE_LIMIT_2_5,TEXT,
LIBRARY_STAGING,DBT_CROGERS,STG_FED_CMS_DIALYSIS__FACILITIES,TRANSFUSION_RATE_UPPER_CONFIDENCE_LIMIT_97_5,TEXT,
LIBRARY_STAGING,DBT_CROGERS,STG_FED_CMS_HCRIS__HOSPITAL_COST_REPORT,ALLOWABLE_DSH_PERCENTAGE,FLOAT,
LIBRARY_STAGING,DBT_CROGERS,STG_FED_CMS_HCRIS__HOSPITAL_COST_REPORT,COST_TO_CHARGE_RATIO,FLOAT,
LIBRARY_STAGING,DBT_CROGERS,STG_FED_CMS_HOME_HEALTH__FACILITIES,DENOMINATOR_FOR_DISCHARGE_FUNCTION_SCORE,TEXT,
LIBRARY_STAGING,DBT_CROGERS,STG_FED_CMS_HOME_HEALTH__FACILITIES,DENOMINATOR_FOR_PERCENT_OF_RESIDENTS_EXPERIENCING_ONE_OR_MORE_FALLS_WITH_MAJOR_INJURY,TEXT,
LIBRARY_STAGING,DBT_CROGERS,STG_FED_CMS_HOME_HEALTH__FACILITIES,DISCHARGE_FUNCTION_SCORE,TEXT,
LIBRARY_STAGING,DBT_CROGERS,STG_FED_CMS_HOME_HEALTH__FACILITIES,DTC_OBSERVED_RATE,TEXT,
LIBRARY_STAGING,DBT_CROGERS,STG_FED_CMS_HOME_HEALTH__FACILITIES,DTC_RISK_STANDARDIZED_RATE,TEXT,
LIBRARY_STAGING,DBT_CROGERS,STG_FED_CMS_HOME_HEALTH__FACILITIES,DTC_RISK_STANDARDIZED_RATE_LOWER_LIMIT,TEXT,
LIBRARY_STAGING,DBT_CROGERS,STG_FED_CMS_HOME_HEALTH__FACILITIES,DTC_RISK_STANDARDIZED_RATE_UPPER_LIMIT,TEXT,
LIBRARY_STAGING,DBT_CROGERS,STG_FED_CMS_HOME_HEALTH__FACILITIES,FOOTNOTE_FOR_DISCHARGE_FUNCTION_SCORE,TEXT,
LIBRARY_STAGING,DBT_CROGERS,STG_FED_CMS_HOME_HEALTH__FACILITIES,FOOTNOTE_FOR_DTC_RISK_STANDARDIZED_RATE,TEXT,
LIBRARY_STAGING,DBT_CROGERS,STG_FED_CMS_HOME_HEALTH__FACILITIES,FOOTNOTE_FOR_PERCENT_OF_RESIDENTS_EXPERIENCING_ONE_OR_MORE_FALLS_WITH_MAJOR_INJURY,TEXT,
LIBRARY_STAGING,DBT_CROGERS,STG_FED_CMS_HOME_HEALTH__FACILITIES,FOOTNOTE_FOR_PPH_RISK_STANDARDIZED_RATE,TEXT,
LIBRARY_STAGING,DBT_CROGERS,STG_FED_CMS_HOME_HEALTH__FACILITIES,FOOTNOTE_FOR_PPR_RISK_STANDARDIZED_RATE,TEXT,
LIBRARY_STAGING,DBT_CROGERS,STG_FED_CMS_HOME_HEALTH__FACILITIES,NO_OF_EPISODES_TO_CALC_HOW_MUCH_MEDICARE_SPENDS_PER_EPISODE_OF_CARE_AT_AGENCY_COMPARED_TO_SPENDING_AT_ALL_AGENCIES_NATIONAL,TEXT,
LIBRARY_STAGING,DBT_CROGERS,STG_FED_CMS_HOME_HEALTH__FACILITIES,NUMERATOR_FOR_DISCHARGE_FUNCTION_SCORE,TEXT,
LIBRARY_STAGING,DBT_CROGERS,STG_FED_CMS_HOME_HEALTH__FACILITIES,NUMERATOR_FOR_PERCENT_OF_RESIDENTS_EXPERIENCING_ONE_OR_MORE_FALLS_WITH_MAJOR_INJURY,TEXT,
LIBRARY_STAGING,DBT_CROGERS,STG_FED_CMS_HOME_HEALTH__FACILITIES,PERCENT_OF_RESIDENTS_EXPERIENCING_ONE_OR_MORE_FALLS_WITH_MAJOR_INJURY,TEXT,
LIBRARY_STAGING,DBT_CROGERS,STG_FED_CMS_HOME_HEALTH__FACILITIES,PPH_OBSERVED_RATE,TEXT,
LIBRARY_STAGING,DBT_CROGERS,STG_FED_CMS_HOME_HEALTH__FACILITIES,PPH_RISK_STANDARDIZED_RATE,TEXT,
LIBRARY_STAGING,DBT_CROGERS,STG_FED_CMS_HOME_HEALTH__FACILITIES,PPH_RISK_STANDARDIZED_RATE_LOWER_LIMIT,TEXT,
LIBRARY_STAGING,DBT_CROGERS,STG_FED_CMS_HOME_HEALTH__FACILITIES,PPH_RISK_STANDARDIZED_RATE_UPPER_LIMIT,TEXT,
LIBRARY_STAGING,DBT_CROGERS,STG_FED_CMS_HOME_HEALTH__FACILITIES,PPR_OBSERVED_RATE,TEXT,
LIBRARY_STAGING,DBT_CROGERS,STG_FED_CMS_HOME_HEALTH__FACILITIES,PPR_RISK_STANDARDIZED_RATE,TEXT,
LIBRARY_STAGING,DBT_CROGERS,STG_FED_CMS_HOME_HEALTH__FACILITIES,PPR_RISK_STANDARDIZED_RATE_LOWER_LIMIT,TEXT,
LIBRARY_STAGING,DBT_CROGERS,STG_FED_CMS_HOME_HEALTH__FACILITIES,PPR_RISK_STANDARDIZED_RATE_UPPER_LIMIT,TEXT,
LIBRARY_STAGING,DBT_CROGERS,STG_FED_CMS_HPT_MRF__PROVIDERS,MEDIAN_ALLOWED_AMOUNT,TEXT,
LIBRARY_STAGING,DBT_CROGERS,STG_FED_CMS_HPT_MRF__PROVIDERS,NINETIETH_PERCENTILE_ALLOWED_AMOUNT,TEXT,
LIBRARY_STAGING,DBT_CROGERS,STG_FED_CMS_HPT_MRF__PROVIDERS,PAYER_SPECIFIC_NEGOTIATED_CHARGE_PERCENTAGE,TEXT,
LIBRARY_STAGING,DBT_CROGERS,STG_FED_CMS_HPT_MRF__PROVIDERS,TENTH_PERCENTILE_ALLOWED_AMOUNT,TEXT,
LIBRARY_STAGING,DBT_CROGERS,STG_FED_CMS_MEDICARE_PROVIDER__PROVIDERS,BENE_AVG_AGE,TEXT,
LIBRARY_STAGING,DBT_CROGERS,STG_FED_CMS_MEDICARE_PROVIDER__PROVIDERS,BENE_AVG_RISK_SCRE,TEXT,
LIBRARY_STAGING,DBT_CROGERS,STG_FED_CMS_MEDICARE_PROVIDER__PROVIDERS,BENE_CC_BH_ADHD_OTHCD_V1_PCT,TEXT,
LIBRARY_STAGING,DBT_CROGERS,STG_FED_CMS_MEDICARE_PROVIDER__PROVIDERS,BENE_CC_BH_ALCOHOL_DRUG_V1_PCT,TEXT,
LIBRARY_STAGING,DBT_CROGERS,STG_FED_CMS_MEDICARE_PROVIDER__PROVIDERS,BENE_CC_BH_ALZ_NONALZDEM_V2_PCT,TEXT,
LIBRARY_STAGING,DBT_CROGERS,STG_FED_CMS_MEDICARE_PROVIDER__PROVIDERS,BENE_CC_BH_ANXIETY_V1_PCT,TEXT,
LIBRARY_STAGING,DBT_CROGERS,STG_FED_CMS_MEDICARE_PROVIDER__PROVIDERS,BENE_CC_BH_BIPOLAR_V1_PCT,TEXT,
LIBRARY_STAGING,DBT_CROGERS,STG_FED_CMS_MEDICARE_PROVIDER__PROVIDERS,BENE_CC_BH_DEPRESS_V1_PCT,TEXT,
LIBRARY_STAGING,DBT_CROGERS,STG_FED_CMS_MEDICARE_PROVIDER__PROVIDERS,BENE_CC_BH_MOOD_V2_PCT,TEXT,
LIBRARY_STAGING,DBT_CROGERS,STG_FED_CMS_MEDICARE_PROVIDER__PROVIDERS,BENE_CC_BH_PD_V1_PCT,TEXT,
LIBRARY_STAGING,DBT_CROGERS,STG_FED_CMS_MEDICARE_PROVIDER__PROVIDERS,BENE_CC_BH_PTSD_V1_PCT,TEXT,
LIBRARY_STAGING,DBT_CROGERS,STG_FED_CMS_MEDICARE_PROVIDER__PROVIDERS,BENE_CC_BH_SCHIZO_OTHPSY_V1_PCT,TEXT,
LIBRARY_STAGING,DBT_CROGERS,STG_FED_CMS_MEDICARE_PROVIDER__PROVIDERS,BENE_CC_BH_TOBACCO_V1_PCT,TEXT,
LIBRARY_STAGING,DBT_CROGERS,STG_FED_CMS_MEDICARE_PROVIDER__PROVIDERS,BENE_CC_PH_AFIB_V2_PCT,TEXT,
LIBRARY_STAGING,DBT_CROGERS,STG_FED_CMS_MEDICARE_PROVIDER__PROVIDERS,BENE_CC_PH_ARTHRITIS_V2_PCT,TEXT,
LIBRARY_STAGING,DBT_CROGERS,STG_FED_CMS_MEDICARE_PROVIDER__PROVIDERS,BENE_CC_PH_ASTHMA_V2_PCT,TEXT,
LIBRARY_STAGING,DBT_CROGERS,STG_FED_CMS_MEDICARE_PROVIDER__PROVIDERS,BENE_CC_PH_CANCER6_V2_PCT,TEXT,
LIBRARY_STAGING,DBT_CROGERS,STG_FED_CMS_MEDICARE_PROVIDER__PROVIDERS,BENE_CC_PH_CKD_V2_PCT,TEXT,
LIBRARY_STAGING,DBT_CROGERS,STG_FED_CMS_MEDICARE_PROVIDER__PROVIDERS,BENE_CC_PH_COPD_V2_PCT,TEXT,
LIBRARY_STAGING,DBT_CROGERS,STG_FED_CMS_MEDICARE_PROVIDER__PROVIDERS,BENE_CC_PH_DIABETES_V2_PCT,TEXT,
LIBRARY_STAGING,DBT_CROGERS,STG_FED_CMS_MEDICARE_PROVIDER__PROVIDERS,BENE_CC_PH_HF_NONIHD_V2_PCT,TEXT,
LIBRARY_STAGING,DBT_CROGERS,STG_FED_CMS_MEDICARE_PROVIDER__PROVIDERS,BENE_CC_PH_HYPERLIPIDEMIA_V2_PCT,TEXT,
LIBRARY_STAGING,DBT_CROGERS,STG_FED_CMS_MEDICARE_PROVIDER__PROVIDERS,BENE_CC_PH_HYPERTENSION_V2_PCT,TEXT,
LIBRARY_STAGING,DBT_CROGERS,STG_FED_CMS_MEDICARE_PROVIDER__PROVIDERS,BENE_CC_PH_ISCHEMICHEART_V2_PCT,TEXT,
LIBRARY_STAGING,DBT_CROGERS,STG_FED_CMS_MEDICARE_PROVIDER__PROVIDERS,BENE_CC_PH_OSTEOPOROSIS_V2_PCT,TEXT,
LIBRARY_STAGING,DBT_CROGERS,STG_FED_CMS_MEDICARE_PROVIDER__PROVIDERS,BENE_CC_PH_PARKINSON_V2_PCT,TEXT,
LIBRARY_STAGING,DBT_CROGERS,STG_FED_CMS_MEDICARE_PROVIDER__PROVIDERS,BENE_CC_PH_STROKE_TIA_V2_PCT,TEXT,
LIBRARY_STAGING,DBT_CROGERS,STG_FED_CMS_NADAC__RECORDS,CLASSIFICATION_FOR_RATE_SETTING,TEXT,
LIBRARY_STAGING,DBT_CROGERS,STG_FED_CMS_NADAC__RECORDS,CORRESPONDING_GENERIC_DRUG_NADAC_PER_UNIT,TEXT,
LIBRARY_STAGING,DBT_CROGERS,STG_FED_CMS_NADAC__RECORDS,NADAC_PER_UNIT,TEXT,
LIBRARY_STAGING,DBT_CROGERS,STG_FED_CMS_NPPES__NPI_PROVIDERS,PROVIDER_ENUMERATION_DATE,DATE,
LIBRARY_STAGING,DBT_CROGERS,STG_FED_CMS_NURSING_HOME__NURSING_HOME_FACILITIES,ADJUSTED_LPN_STAFFING_HOURS_PER_RESIDENT_PER_DAY,FLOAT,
LIBRARY_STAGING,DBT_CROGERS,STG_FED_CMS_NURSING_HOME__NURSING_HOME_FACILITIES,ADJUSTED_NURSE_AIDE_STAFFING_HOURS_PER_RESIDENT_PER_DAY,FLOAT,
LIBRARY_STAGING,DBT_CROGERS,STG_FED_CMS_NURSING_HOME__NURSING_HOME_FACILITIES,ADJUSTED_RN_STAFFING_HOURS_PER_RESIDENT_PER_DAY,FLOAT,
LIBRARY_STAGING,DBT_CROGERS,STG_FED_CMS_NURSING_HOME__NURSING_HOME_FACILITIES,ADJUSTED_TOTAL_NURSE_STAFFING_HOURS_PER_RESIDENT_PER_DAY,FLOAT,
LIBRARY_STAGING,DBT_CROGERS,STG_FED_CMS_NURSING_HOME__NURSING_HOME_FACILITIES,ADJUSTED_WEEKEND_TOTAL_NURSE_STAFFING_HOURS_PER_RESIDENT_PER_DAY,FLOAT,
LIBRARY_STAGING,DBT_CROGERS,STG_FED_CMS_NURSING_HOME__NURSING_HOME_FACILITIES,AVERAGE_NUMBER_OF_RESIDENTS_PER_DAY,FLOAT,
LIBRARY_STAGING,DBT_CROGERS,STG_FED_CMS_NURSING_HOME__NURSING_HOME_FACILITIES,AVERAGE_NUMBER_OF_RESIDENTS_PER_DAY_FOOTNOTE,TEXT,
LIBRARY_STAGING,DBT_CROGERS,STG_FED_CMS_NURSING_HOME__NURSING_HOME_FACILITIES,CASE_MIX_LPN_STAFFING_HOURS_PER_RESIDENT_PER_DAY,FLOAT,
LIBRARY_STAGING,DBT_CROGERS,STG_FED_CMS_NURSING_HOME__NURSING_HOME_FACILITIES,CASE_MIX_NURSE_AIDE_STAFFING_HOURS_PER_RESIDENT_PER_DAY,FLOAT,
LIBRARY_STAGING,DBT_CROGERS,STG_FED_CMS_NURSING_HOME__NURSING_HOME_FACILITIES,CASE_MIX_RN_STAFFING_HOURS_PER_RESIDENT_PER_DAY,FLOAT,
LIBRARY_STAGING,DBT_CROGERS,STG_FED_CMS_NURSING_HOME__NURSING_HOME_FACILITIES,CASE_MIX_TOTAL_NURSE_STAFFING_HOURS_PER_RESIDENT_PER_DAY,FLOAT,
LIBRARY_STAGING,DBT_CROGERS,STG_FED_CMS_NURSING_HOME__NURSING_HOME_FACILITIES,CASE_MIX_WEEKEND_TOTAL_NURSE_STAFFING_HOURS_PER_RESIDENT_PER_DAY,FLOAT,
LIBRARY_STAGING,DBT_CROGERS,STG_FED_CMS_NURSING_HOME__NURSING_HOME_FACILITIES,NURSING_CASE_MIX_INDEX,FLOAT,
LIBRARY_STAGING,DBT_CROGERS,STG_FED_CMS_NURSING_HOME__NURSING_HOME_FACILITIES,NURSING_CASE_MIX_INDEX_RATIO,FLOAT,
LIBRARY_STAGING,DBT_CROGERS,STG_FED_CMS_NURSING_HOME__NURSING_HOME_FACILITIES,RATING_CYCLE_1_HEALTH_DEFICIENCY_SCORE,FLOAT,
LIBRARY_STAGING,DBT_CROGERS,STG_FED_CMS_NURSING_HOME__NURSING_HOME_FACILITIES,RATING_CYCLE_1_HEALTH_REVISIT_SCORE,FLOAT,
LIBRARY_STAGING,DBT_CROGERS,STG_FED_CMS_NURSING_HOME__NURSING_HOME_FACILITIES,RATING_CYCLE_1_TOTAL_HEALTH_SCORE,FLOAT,
LIBRARY_STAGING,DBT_CROGERS,STG_FED_CMS_NURSING_HOME__NURSING_HOME_FACILITIES,RATING_CYCLE_2_3_HEALTH_DEFICIENCY_SCORE,FLOAT,
LIBRARY_STAGING,DBT_CROGERS,STG_FED_CMS_NURSING_HOME__NURSING_HOME_FACILITIES,RATING_CYCLE_2_3_HEALTH_REVISIT_SCORE,FLOAT,
LIBRARY_STAGING,DBT_CROGERS,STG_FED_CMS_NURSING_HOME__NURSING_HOME_FACILITIES,RATING_CYCLE_2_3_TOTAL_HEALTH_SCORE,FLOAT,
LIBRARY_STAGING,DBT_CROGERS,STG_FED_CMS_NURSING_HOME__NURSING_HOME_FACILITIES,REGISTERED_NURSE_HOURS_PER_RESIDENT_PER_DAY_ON_THE_WEEKEND,FLOAT,
LIBRARY_STAGING,DBT_CROGERS,STG_FED_CMS_NURSING_HOME__NURSING_HOME_FACILITIES,REPORTED_LICENSED_STAFFING_HOURS_PER_RESIDENT_PER_DAY,FLOAT,
LIBRARY_STAGING,DBT_CROGERS,STG_FED_CMS_NURSING_HOME__NURSING_HOME_FACILITIES,REPORTED_LPN_STAFFING_HOURS_PER_RESIDENT_PER_DAY,FLOAT,
LIBRARY_STAGING,DBT_CROGERS,STG_FED_CMS_NURSING_HOME__NURSING_HOME_FACILITIES,REPORTED_NURSE_AIDE_STAFFING_HOURS_PER_RESIDENT_PER_DAY,FLOAT,
LIBRARY_STAGING,DBT_CROGERS,STG_FED_CMS_NURSING_HOME__NURSING_HOME_FACILITIES,REPORTED_PHYSICAL_THERAPIST_STAFFING_HOURS_PER_RESIDENT_PER_DAY,FLOAT,
LIBRARY_STAGING,DBT_CROGERS,STG_FED_CMS_NURSING_HOME__NURSING_HOME_FACILITIES,REPORTED_RN_STAFFING_HOURS_PER_RESIDENT_PER_DAY,FLOAT,
LIBRARY_STAGING,DBT_CROGERS,STG_FED_CMS_NURSING_HOME__NURSING_HOME_FACILITIES,REPORTED_TOTAL_NURSE_STAFFING_HOURS_PER_RESIDENT_PER_DAY,FLOAT,
LIBRARY_STAGING,DBT_CROGERS,STG_FED_CMS_NURSING_HOME__NURSING_HOME_FACILITIES,TOTAL_NUMBER_OF_NURSE_STAFF_HOURS_PER_RESIDENT_PER_DAY_ON_THE_WEEKEND,FLOAT,
LIBRARY_STAGING,DBT_CROGERS,STG_FED_CMS_NURSING_HOME__NURSING_HOME_FACILITIES,TOTAL_WEIGHTED_HEALTH_SURVEY_SCORE,FLOAT,
LIBRARY_STAGING,DBT_CROGERS,STG_FED_CMS_PART_D_PRESCRIBERS__PROVIDERS,BENE_AVG_AGE,TEXT,
LIBRARY_STAGING,DBT_CROGERS,STG_FED_CMS_PART_D_PRESCRIBERS__PROVIDERS,BENE_AVG_RISK_SCRE,TEXT,
LIBRARY_STAGING,DBT_CROGERS,STG_FED_CMS_PART_D_PRESCRIBERS__PROVIDERS,OPIOID_LA_PRSCRBR_RATE,TEXT,
LIBRARY_STAGING,DBT_CROGERS,STG_FED_CMS_PART_D_PRESCRIBERS__PROVIDERS,OPIOID_PRSCRBR_RATE,TEXT,
LIBRARY_STAGING,DBT_CROGERS,STG_FED_CMS_POS_OTHER__FACILITIES,BED_PER_ROOM_WVR_SW,TEXT,
LIBRARY_STAGING,DBT_CROGERS,STG_FED_COLLEGE_SCORECARD_INSTITUTION__RECORDS,ADM_RATE,TEXT,
LIBRARY_STAGING,DBT_CROGERS,STG_FED_COLLEGE_SCORECARD_INSTITUTION__RECORDS,ADM_RATE_ALL,TEXT,
LIBRARY_STAGING,DBT_CROGERS,STG_FED_COLLEGE_SCORECARD_INSTITUTION__RECORDS,ADM_RATE_SUPP,TEXT,
LIBRARY_STAGING,DBT_CROGERS,STG_FED_COLLEGE_SCORECARD_INSTITUTION__RECORDS,APPL_SCH_PCT_GE2,TEXT,
LIBRARY_STAGING,DBT_CROGERS,STG_FED_COLLEGE_SCORECARD_INSTITUTION__RECORDS,APPL_SCH_PCT_GE3,TEXT,
LIBRARY_STAGING,DBT_CROGERS,STG_FED_COLLEGE_SCORECARD_INSTITUTION__RECORDS,APPL_SCH_PCT_GE4,TEXT,
LIBRARY_STAGING,DBT_CROGERS,STG_FED_COLLEGE_SCORECARD_INSTITUTION__RECORDS,APPL_SCH_PCT_GE5,TEXT,
LIBRARY_STAGING,DBT_CROGERS,STG_FED_COLLEGE_SCORECARD_INSTITUTION__RECORDS,AVGFACSAL,TEXT,
LIBRARY_STAGING,DBT_CROGERS,STG_FED_COLLEGE_SCORECARD_INSTITUTION__RECORDS,DEP_INC_AVG,TEXT,
LIBRARY_STAGING,DBT_CROGERS,STG_FED_COLLEGE_SCORECARD_INSTITUTION__RECORDS,DEP_INC_PCT_H1,TEXT,
LIBRARY_STAGING,DBT_CROGERS,STG_FED_COLLEGE_SCORECARD_INSTITUTION__RECORDS,DEP_INC_PCT_H2,TEXT,
LIBRARY_STAGING,DBT_CROGERS,STG_FED_COLLEGE_SCORECARD_INSTITUTION__RECORDS,DEP_INC_PCT_LO,TEXT,
LIBRARY_STAGING,DBT_CROGERS,STG_FED_COLLEGE_SCORECARD_INSTITUTION__RECORDS,DEP_INC_PCT_M1,TEXT,
LIBRARY_STAGING,DBT_CROGERS,STG_FED_COLLEGE_SCORECARD_INSTITUTION__RECORDS,DEP_INC_PCT_M2,TEXT,
LIBRARY_STAGING,DBT_CROGERS,STG_FED_COLLEGE_SCORECARD_INSTITUTION__RECORDS,DEP_STAT_PCT_IND,TEXT,
LIBRARY_STAGING,DBT_CROGERS,STG_FED_COLLEGE_SCORECARD_INSTITUTION__RECORDS,D_PCTPELL_PCTFLOAN,TEXT,
LIBRARY_STAGING,DBT_CROGERS,STG_FED_COLLEGE_SCORECARD_INSTITUTION__RECORDS,FTFTPCTFLOAN,TEXT,
LIBRARY_STAGING,DBT_CROGERS,STG_FED_COLLEGE_SCORECARD_INSTITUTION__RECORDS,FTFTPCTFLOAN_POOLED_SUPP,TEXT,
LIBRARY_STAGING,DBT_CROGERS,STG_FED_COLLEGE_SCORECARD_INSTITUTION__RECORDS,FTFTPCTPELL,TEXT,
LIBRARY_STAGING,DBT_CROGERS,STG_FED_COLLEGE_SCORECARD_INSTITUTION__RECORDS,FTFTPCTPELL_POOLED_SUPP,TEXT,
LIBRARY_STAGING,DBT_CROGERS,STG_FED_COLLEGE_SCORECARD_INSTITUTION__RECORDS,INC_PCT_H1,TEXT,
LIBRARY_STAGING,DBT_CROGERS,STG_FED_COLLEGE_SCORECARD_INSTITUTION__RECORDS,INC_PCT_H2,TEXT,
LIBRARY_STAGING,DBT_CROGERS,STG_FED_COLLEGE_SCORECARD_INSTITUTION__RECORDS,INC_PCT_LO,TEXT,
LIBRARY_STAGING,DBT_CROGERS,STG_FED_COLLEGE_SCORECARD_INSTITUTION__RECORDS,INC_PCT_M1,TEXT,
LIBRARY_STAGING,DBT_CROGERS,STG_FED_COLLEGE_SCORECARD_INSTITUTION__RECORDS,INC_PCT_M2,TEXT,
LIBRARY_STAGING,DBT_CROGERS,STG_FED_COLLEGE_SCORECARD_INSTITUTION__RECORDS,IND_INC_AVG,TEXT,
LIBRARY_STAGING,DBT_CROGERS,STG_FED_COLLEGE_SCORECARD_INSTITUTION__RECORDS,IND_INC_PCT_H1,TEXT,
LIBRARY_STAGING,DBT_CROGERS,STG_FED_COLLEGE_SCORECARD_INSTITUTION__RECORDS,IND_INC_PCT_H2,TEXT,
LIBRARY_STAGING,DBT_CROGERS,STG_FED_COLLEGE_SCORECARD_INSTITUTION__RECORDS,IND_INC_PCT_LO,TEXT,
LIBRARY_STAGING,DBT_CROGERS,STG_FED_COLLEGE_SCORECARD_INSTITUTION__RECORDS,IND_INC_PCT_M1,TEXT,
LIBRARY_STAGING,DBT_CROGERS,STG_FED_COLLEGE_SCORECARD_INSTITUTION__RECORDS,IND_INC_PCT_M2,TEXT,
LIBRARY_STAGING,DBT_CROGERS,STG_FED_COLLEGE_SCORECARD_INSTITUTION__RECORDS,LN_MEDIAN_HH_INC,TEXT,
LIBRARY_STAGING,DBT_CROGERS,STG_FED_COLLEGE_SCORECARD_INSTITUTION__RECORDS,MEDIAN_HH_INC,TEXT,
LIBRARY_STAGING,DBT_CROGERS,STG_FED_COLLEGE_SCORECARD_INSTITUTION__RECORDS,PAR_ED_PCT_1STGEN,TEXT,
LIBRARY_STAGING,DBT_CROGERS,STG_FED_COLLEGE_SCORECARD_INSTITUTION__RECORDS,PAR_ED_PCT_HS,TEXT,
LIBRARY_STAGING,DBT_CROGERS,STG_FED_COLLEGE_SCORECARD_INSTITUTION__RECORDS,PAR_ED_PCT_MS,TEXT,
LIBRARY_STAGING,DBT_CROGERS,STG_FED_COLLEGE_SCORECARD_INSTITUTION__RECORDS,PAR_ED_PCT_PS,TEXT,
LIBRARY_STAGING,DBT_CROGERS,STG_FED_COLLEGE_SCORECARD_INSTITUTION__RECORDS,PCT10_EARN_WNE_P10,TEXT,
LIBRARY_STAGING,DBT_CROGERS,STG_FED_COLLEGE_SCORECARD_INSTITUTION__RECORDS,PCT10_EARN_WNE_P6,TEXT,
LIBRARY_STAGING,DBT_CROGERS,STG_FED_COLLEGE_SCORECARD_INSTITUTION__RECORDS,PCT10_EARN_WNE_P8,TEXT,
LIBRARY_STAGING,DBT_CROGERS,STG_FED_COLLEGE_SCORECARD_INSTITUTION__RECORDS,PCT25_EARN_WNE_P10,TEXT,
LIBRARY_STAGING,DBT_CROGERS,STG_FED_COLLEGE_SCORECARD_INSTITUTION__RECORDS,PCT25_EARN_WNE_P11,TEXT,
LIBRARY_STAGING,DBT_CROGERS,STG_FED_COLLEGE_SCORECARD_INSTITUTION__RECORDS,PCT25_EARN_WNE_P6,TEXT,
LIBRARY_STAGING,DBT_CROGERS,STG_FED_COLLEGE_SCORECARD_INSTITUTION__RECORDS,PCT25_EARN_WNE_P7,TEXT,
LIBRARY_STAGING,DBT_CROGERS,STG_FED_COLLEGE_SCORECARD_INSTITUTION__RECORDS,PCT25_EARN_WNE_P8,TEXT,
LIBRARY_STAGING,DBT_CROGERS,STG_FED_COLLEGE_SCORECARD_INSTITUTION__RECORDS,PCT25_EARN_WNE_P9,TEXT,
LIBRARY_STAGING,DBT_CROGERS,STG_FED_COLLEGE_SCORECARD_INSTITUTION__RECORDS,PCT75_EARN_WNE_P10,TEXT,
LIBRARY_STAGING,DBT_CROGERS,STG_FED_COLLEGE_SCORECARD_INSTITUTION__RECORDS,PCT75_EARN_WNE_P11,TEXT,
LIBRARY_STAGING,DBT_CROGERS,STG_FED_COLLEGE_SCORECARD_INSTITUTION__RECORDS,PCT75_EARN_WNE_P6,TEXT,
LIBRARY_STAGING,DBT_CROGERS,STG_FED_COLLEGE_SCORECARD_INSTITUTION__RECORDS,PCT75_EARN_WNE_P7,TEXT,
LIBRARY_STAGING,DBT_CROGERS,STG_FED_COLLEGE_SCORECARD_INSTITUTION__RECORDS,PCT75_EARN_WNE_P8,TEXT,
LIBRARY_STAGING,DBT_CROGERS,STG_FED_COLLEGE_SCORECARD_INSTITUTION__RECORDS,PCT75_EARN_WNE_P9,TEXT,
LIBRARY_STAGING,DBT_CROGERS,STG_FED_COLLEGE_SCORECARD_INSTITUTION__RECORDS,PCT90_EARN_WNE_P10,TEXT,
LIBRARY_STAGING,DBT_CROGERS,STG_FED_COLLEGE_SCORECARD_INSTITUTION__RECORDS,PCT90_EARN_WNE_P6,TEXT,
LIBRARY_STAGING,DBT_CROGERS,STG_FED_COLLEGE_SCORECARD_INSTITUTION__RECORDS,PCT90_EARN_WNE_P8,TEXT,
LIBRARY_STAGING,DBT_CROGERS,STG_FED_COLLEGE_SCORECARD_INSTITUTION__RECORDS,PCTFLOAN,TEXT,
LIBRARY_STAGING,DBT_CROGERS,STG_FED_COLLEGE_SCORECARD_INSTITUTION__RECORDS,PCTFLOAN_DCS,TEXT,
LIBRARY_STAGING,DBT_CROGERS,STG_FED_COLLEGE_SCORECARD_INSTITUTION__RECORDS,PCTFLOAN_DCS_POOLED_SUPP,TEXT,
LIBRARY_STAGING,DBT_CROGERS,STG_FED_COLLEGE_SCORECARD_INSTITUTION__RECORDS,PCTPELL,TEXT,
LIBRARY_STAGING,DBT_CROGERS,STG_FED_COLLEGE_SCORECARD_INSTITUTION__RECORDS,PCTPELL_DCS,TEXT,
LIBRARY_STAGING,DBT_CROGERS,STG_FED_COLLEGE_SCORECARD_INSTITUTION__RECORDS,PCTPELL_DCS_POOLED_SUPP,TEXT,
LIBRARY_STAGING,DBT_CROGERS,STG_FED_COLLEGE_SCORECARD_INSTITUTION__RECORDS,PCT_ASIAN,TEXT,
LIBRARY_STAGING,DBT_CROGERS,STG_FED_COLLEGE_SCORECARD_INSTITUTION__RECORDS,PCT_BA,TEXT,
LIBRARY_STAGING,DBT_CROGERS,STG_FED_COLLEGE_SCORECARD_INSTITUTION__RECORDS,PCT_BLACK,TEXT,
LIBRARY_STAGING,DBT_CROGERS,STG_FED_COLLEGE_SCORECARD_INSTITUTION__RECORDS,PCT_BORN_US,TEXT,
LIBRARY_STAGING,DBT_CROGERS,STG_FED_COLLEGE_SCORECARD_INSTITUTION__RECORDS,PCT_GRAD_PROF,TEXT,
LIBRARY_STAGING,DBT_CROGERS,STG_FED_COLLEGE_SCORECARD_INSTITUTION__RECORDS,PCT_HISPANIC,TEXT,
LIBRARY_STAGING,DBT_CROGERS,STG_FED_COLLEGE_SCORECARD_INSTITUTION__RECORDS,PCT_WHITE,TEXT,
LIBRARY_STAGING,DBT_CROGERS,STG_FED_COLLEGE_SCORECARD_INSTITUTION__RECORDS,POOLYRS_FTFTAIDPCT,TEXT,
LIBRARY_STAGING,DBT_CROGERS,STG_FED_COLLEGE_SCORECARD_INSTITUTION__RECORDS,POOLYRS_PLUSPCT,TEXT,
LIBRARY_STAGING,DBT_CROGERS,STG_FED_COLLEGE_SCORECARD_INSTITUTION__RECORDS,POVERTY_RATE,TEXT,
LIBRARY_STAGING,DBT_CROGERS,STG_FED_COLLEGE_SCORECARD_INSTITUTION__RECORDS,PPLUS_PCT_HIGH,TEXT,
LIBRARY_STAGING,DBT_CROGERS,STG_FED_COLLEGE_SCORECARD_INSTITUTION__RECORDS,PPLUS_PCT_HIGH_POOLED_SUPP,TEXT,
LIBRARY_STAGING,DBT_CROGERS,STG_FED_COLLEGE_SCORECARD_INSTITUTION__RECORDS,PPLUS_PCT_LOW,TEXT,
LIBRARY_STAGING,DBT_CROGERS,STG_FED_COLLEGE_SCORECARD_INSTITUTION__RECORDS,PPLUS_PCT_LOW_POOLED_SUPP,TEXT,
LIBRARY_STAGING,DBT_CROGERS,STG_FED_COLLEGE_SCORECARD_INSTITUTION__RECORDS,SAT_AVG,TEXT,
LIBRARY_STAGING,DBT_CROGERS,STG_FED_COLLEGE_SCORECARD_INSTITUTION__RECORDS,SAT_AVG_ALL,TEXT,
LIBRARY_STAGING,DBT_CROGERS,STG_FED_COLLEGE_SCORECARD_INSTITUTION__RECORDS,SCORECARD_SECTOR,TEXT,
LIBRARY_STAGING,DBT_CROGERS,STG_FED_COLLEGE_SCORECARD_INSTITUTION__RECORDS,UNEMP_RATE,TEXT,
LIBRARY_STAGING,DBT_CROGERS,STG_FED_DOL_EBSA_FORM5500_SCHEDULE_SB__FILINGS,SB_1ST_SEG_RATE_PRCNT,NUMBER,
LIBRARY_STAGING,DBT_CROGERS,STG_FED_DOL_EBSA_FORM5500_SCHEDULE_SB__FILINGS,SB_2ND_SEG_RATE_PRCNT,NUMBER,
LIBRARY_STAGING,DBT_CROGERS,STG_FED_DOL_EBSA_FORM5500_SCHEDULE_SB__FILINGS,SB_3RD_SEG_RATE_PRCNT,NUMBER,
LIBRARY_STAGING,DBT_CROGERS,STG_FED_DOL_EBSA_FORM5500_SCHEDULE_SB__FILINGS,SB_ACCELERATION_ADJ_AMT,NUMBER,
LIBRARY_STAGING,DBT_CROGERS,STG_FED_DOL_EBSA_FORM5500_SCHEDULE_SB__FILINGS,SB_EFF_INT_RATE_PRCNT,NUMBER,
LIBRARY_STAGING,DBT_CROGERS,STG_FED_DOL_OFLC__RECORDS,WAGE_RATE_OF_PAY_FROM_1,TEXT,
LIBRARY_STAGING,DBT_CROGERS,STG_FED_DOL_OFLC__RECORDS,WAGE_RATE_OF_PAY_FROM_10,TEXT,
LIBRARY_STAGING,DBT_CROGERS,STG_FED_DOL_OFLC__RECORDS,WAGE_RATE_OF_PAY_FROM_2,TEXT,
LIBRARY_STAGING,DBT_CROGERS,STG_FED_DOL_OFLC__RECORDS,WAGE_RATE_OF_PAY_FROM_3,TEXT,
LIBRARY_STAGING,DBT_CROGERS,STG_FED_DOL_OFLC__RECORDS,WAGE_RATE_OF_PAY_FROM_4,TEXT,
LIBRARY_STAGING,DBT_CROGERS,STG_FED_DOL_OFLC__RECORDS,WAGE_RATE_OF_PAY_FROM_5,TEXT,
LIBRARY_STAGING,DBT_CROGERS,STG_FED_DOL_OFLC__RECORDS,WAGE_RATE_OF_PAY_FROM_6,TEXT,
LIBRARY_STAGING,DBT_CROGERS,STG_FED_DOL_OFLC__RECORDS,WAGE_RATE_OF_PAY_FROM_7,TEXT,
LIBRARY_STAGING,DBT_CROGERS,STG_FED_DOL_OFLC__RECORDS,WAGE_RATE_OF_PAY_FROM_8,TEXT,
LIBRARY_STAGING,DBT_CROGERS,STG_FED_DOL_OFLC__RECORDS,WAGE_RATE_OF_PAY_FROM_9,TEXT,
LIBRARY_STAGING,DBT_CROGERS,STG_FED_DOL_OFLC__RECORDS,WAGE_RATE_OF_PAY_TO_1,TEXT,
LIBRARY_STAGING,DBT_CROGERS,STG_FED_DOL_OFLC__RECORDS,WAGE_RATE_OF_PAY_TO_10,TEXT,
LIBRARY_STAGING,DBT_CROGERS,STG_FED_DOL_OFLC__RECORDS,WAGE_RATE_OF_PAY_TO_2,TEXT,
LIBRARY_STAGING,DBT_CROGERS,STG_FED_DOL_OFLC__RECORDS,WAGE_RATE_OF_PAY_TO_3,TEXT,
LIBRARY_STAGING,DBT_CROGERS,STG_FED_DOL_OFLC__RECORDS,WAGE_RATE_OF_PAY_TO_4,TEXT,
LIBRARY_STAGING,DBT_CROGERS,STG_FED_DOL_OFLC__RECORDS,WAGE_RATE_OF_PAY_TO_5,TEXT,
LIBRARY_STAGING,DBT_CROGERS,STG_FED_DOL_OFLC__RECORDS,WAGE_RATE_OF_PAY_TO_6,TEXT,
LIBRARY_STAGING,DBT_CROGERS,STG_FED_DOL_OFLC__RECORDS,WAGE_RATE_OF_PAY_TO_7,TEXT,
LIBRARY_STAGING,DBT_CROGERS,STG_FED_DOL_OFLC__RECORDS,WAGE_RATE_OF_PAY_TO_8,TEXT,
LIBRARY_STAGING,DBT_CROGERS,STG_FED_DOL_OFLC__RECORDS,WAGE_RATE_OF_PAY_TO_9,TEXT,
LIBRARY_STAGING,DBT_CROGERS,STG_FED_ED_COLLEGE_SCORECARD_INSTITUTION__INSTITUTIONS,ADMISSION_RATE,FLOAT,
LIBRARY_STAGING,DBT_CROGERS,STG_FED_ED_COLLEGE_SCORECARD_INSTITUTION__INSTITUTIONS,ADMISSION_RATE_ALL_CAMPUSES,FLOAT,
LIBRARY_STAGING,DBT_CROGERS,STG_FED_ED_COLLEGE_SCORECARD_INSTITUTION__INSTITUTIONS,AVG_FACULTY_SALARY_MONTHLY,NUMBER,
LIBRARY_STAGING,DBT_CROGERS,STG_FED_ED_COLLEGE_SCORECARD_INSTITUTION__INSTITUTIONS,COMPLETION_RATE_150PCT_4YR,FLOAT,
LIBRARY_STAGING,DBT_CROGERS,STG_FED_ED_COLLEGE_SCORECARD_INSTITUTION__INSTITUTIONS,COMPLETION_RATE_150PCT_LT4YR,FLOAT,
LIBRARY_STAGING,DBT_CROGERS,STG_FED_ED_COLLEGE_SCORECARD_INSTITUTION__INSTITUTIONS,DEBT_MEDIAN,NUMBER,
LIBRARY_STAGING,DBT_CROGERS,STG_FED_ED_COLLEGE_SCORECARD_INSTITUTION__INSTITUTIONS,DEBT_MEDIAN_COMPLETERS,NUMBER,
LIBRARY_STAGING,DBT_CROGERS,STG_FED_ED_COLLEGE_SCORECARD_INSTITUTION__INSTITUTIONS,DEBT_MEDIAN_WITHDRAWN,NUMBER,
LIBRARY_STAGING,DBT_CROGERS,STG_FED_ED_COLLEGE_SCORECARD_INSTITUTION__INSTITUTIONS,DEFAULT_RATE_2YR,FLOAT,
LIBRARY_STAGING,DBT_CROGERS,STG_FED_ED_COLLEGE_SCORECARD_INSTITUTION__INSTITUTIONS,DEFAULT_RATE_3YR,FLOAT,
LIBRARY_STAGING,DBT_CROGERS,STG_FED_ED_COLLEGE_SCORECARD_INSTITUTION__INSTITUTIONS,EARNINGS_MEAN_10YR,NUMBER,
LIBRARY_STAGING,DBT_CROGERS,STG_FED_ED_COLLEGE_SCORECARD_INSTITUTION__INSTITUTIONS,EARNINGS_MEDIAN_10YR,NUMBER,
LIBRARY_STAGING,DBT_CROGERS,STG_FED_ED_COLLEGE_SCORECARD_INSTITUTION__INSTITUTIONS,EARNINGS_MEDIAN_6YR,NUMBER,
LIBRARY_STAGING,DBT_CROGERS,STG_FED_ED_COLLEGE_SCORECARD_INSTITUTION__INSTITUTIONS,EARNINGS_MEDIAN_8YR,NUMBER,
LIBRARY_STAGING,DBT_CROGERS,STG_FED_ED_COLLEGE_SCORECARD_INSTITUTION__INSTITUTIONS,INSTRUCTIONAL_SPEND_PER_FTE,NUMBER,
LIBRARY_STAGING,DBT_CROGERS,STG_FED_ED_COLLEGE_SCORECARD_INSTITUTION__INSTITUTIONS,PCT_FEDERAL_LOAN,FLOAT,
LIBRARY_STAGING,DBT_CROGERS,STG_FED_ED_COLLEGE_SCORECARD_INSTITUTION__INSTITUTIONS,PCT_FULL_TIME_FACULTY,FLOAT,
LIBRARY_STAGING,DBT_CROGERS,STG_FED_ED_COLLEGE_SCORECARD_INSTITUTION__INSTITUTIONS,PCT_PELL,FLOAT,
LIBRARY_STAGING,DBT_CROGERS,STG_FED_ED_COLLEGE_SCORECARD_INSTITUTION__INSTITUTIONS,REPAYMENT_RATE_3YR,FLOAT,
LIBRARY_STAGING,DBT_CROGERS,STG_FED_ED_COLLEGE_SCORECARD_INSTITUTION__INSTITUTIONS,SAT_AVG,NUMBER,
LIBRARY_STAGING,DBT_CROGERS,STG_FED_ED_COLLEGE_SCORECARD_INSTITUTION__INSTITUTIONS,TUITION_REVENUE_PER_FTE,NUMBER,
LIBRARY_STAGING,DBT_CROGERS,STG_FED_ED_EDFACTS__RECORDS,CHRONIC_ABSENTEEISM_RATE,TEXT,
LIBRARY_STAGING,DBT_CROGERS,STG_FED_ED_EDFACTS__RECORDS,GRADUATION_RATE,TEXT,
LIBRARY_STAGING,DBT_CROGERS,STG_FED_ED_FSA_DATACENTER__RECORDS,DEFAULT_RATE,TEXT,
LIBRARY_STAGING,DBT_CROGERS,STG_FED_EIA860_2_PLANT__ALL,FERC_COGENERATION_DOCKET_NUMBER,TEXT,
LIBRARY_STAGING,DBT_CROGERS,STG_FED_EIA860_2_PLANT__ALL,FERC_COGENERATION_STATUS,TEXT,
LIBRARY_STAGING,DBT_CROGERS,STG_FED_EIA860_3_1_GENERATOR__ALL,MONTH_UPRATE_OR_DERATE_COMPLETED,NUMBER,
LIBRARY_STAGING,DBT_CROGERS,STG_FED_EIA860_3_1_GENERATOR__ALL,PLANNED_DERATE_MONTH,NUMBER,
LIBRARY_STAGING,DBT_CROGERS,STG_FED_EIA860_3_1_GENERATOR__ALL,PLANNED_DERATE_YEAR,NUMBER,
LIBRARY_STAGING,DBT_CROGERS,STG_FED_EIA860_3_1_GENERATOR__ALL,PLANNED_NET_SUMMER_CAPACITY_DERATE_MW,NUMBER,
LIBRARY_STAGING,DBT_CROGERS,STG_FED_EIA860_3_1_GENERATOR__ALL,PLANNED_NET_SUMMER_CAPACITY_UPRATE_MW,NUMBER,
LIBRARY_STAGING,DBT_CROGERS,STG_FED_EIA860_3_1_GENERATOR__ALL,PLANNED_NET_WINTER_CAPACITY_DERATE_MW,NUMBER,
LIBRARY_STAGING,DBT_CROGERS,STG_FED_EIA860_3_1_GENERATOR__ALL,PLANNED_NET_WINTER_CAPACITY_UPRATE_MW,NUMBER,
LIBRARY_STAGING,DBT_CROGERS,STG_FED_EIA860_3_1_GENERATOR__ALL,PLANNED_UPRATE_MONTH,NUMBER,
LIBRARY_STAGING,DBT_CROGERS,STG_FED_EIA860_3_1_GENERATOR__ALL,PLANNED_UPRATE_YEAR,NUMBER,
LIBRARY_STAGING,DBT_CROGERS,STG_FED_EIA860_3_1_GENERATOR__ALL,UPRATE_OR_DERATE_COMPLETED_DURING_YEAR,TEXT,
LIBRARY_STAGING,DBT_CROGERS,STG_FED_EIA860_3_1_GENERATOR__ALL,YEAR_UPRATE_OR_DERATE_COMPLETED,NUMBER,
LIBRARY_STAGING,DBT_CROGERS,STG_FED_EIA860_3_4_ENERGY_STORAGE__ALL,EXCESS_WIND_AND_SOLAR_GENERATION,TEXT,
LIBRARY_STAGING,DBT_CROGERS,STG_FED_EIA860_3_4_ENERGY_STORAGE__ALL,MAXIMUM_CHARGE_RATE_MW,NUMBER,
LIBRARY_STAGING,DBT_CROGERS,STG_FED_EIA860_3_4_ENERGY_STORAGE__ALL,MAXIMUM_DISCHARGE_RATE_MW,NUMBER,
LIBRARY_STAGING,DBT_CROGERS,STG_FED_EIA860_4_OWNER__ALL,PERCENT_OWNED,NUMBER,
LIBRARY_STAGING,DBT_CROGERS,STG_FED_EIA860_6_2_ENVIROEQUIP__ALL,MERCURY_CONTROL_EXISTING_STRATEGY_1,TEXT,
LIBRARY_STAGING,DBT_CROGERS,STG_FED_EIA860_6_2_ENVIROEQUIP__ALL,MERCURY_CONTROL_EXISTING_STRATEGY_2,TEXT,
LIBRARY_STAGING,DBT_CROGERS,STG_FED_EIA860_6_2_ENVIROEQUIP__ALL,MERCURY_CONTROL_EXISTING_STRATEGY_3,TEXT,
LIBRARY_STAGING,DBT_CROGERS,STG_FED_EIA860_6_2_ENVIROEQUIP__ALL,MERCURY_CONTROL_PROPOSED_STRATEGY_1,TEXT,
LIBRARY_STAGING,DBT_CROGERS,STG_FED_EIA860_6_2_ENVIROEQUIP__ALL,MERCURY_CONTROL_PROPOSED_STRATEGY_2,TEXT,
LIBRARY_STAGING,DBT_CROGERS,STG_FED_EIA860_6_2_ENVIROEQUIP__ALL,MERCURY_CONTROL_PROPOSED_STRATEGY_3,TEXT,
LIBRARY_STAGING,DBT_CROGERS,STG_FED_EIA860_6_2_ENVIROEQUIP__ALL,NITROGEN_OXIDE_CONTROL_EXISTING_STRATEGY_1,TEXT,
LIBRARY_STAGING,DBT_CROGERS,STG_FED_EIA860_6_2_ENVIROEQUIP__ALL,NITROGEN_OXIDE_CONTROL_EXISTING_STRATEGY_2,TEXT,
LIBRARY_STAGING,DBT_CROGERS,STG_FED_EIA860_6_2_ENVIROEQUIP__ALL,NITROGEN_OXIDE_CONTROL_EXISTING_STRATEGY_3,TEXT,
LIBRARY_STAGING,DBT_CROGERS,STG_FED_EIA860_6_2_ENVIROEQUIP__ALL,NITROGEN_OXIDE_CONTROL_PROPOSED_STRATEGY_1,TEXT,
LIBRARY_STAGING,DBT_CROGERS,STG_FED_EIA860_6_2_ENVIROEQUIP__ALL,NITROGEN_OXIDE_CONTROL_PROPOSED_STRATEGY_2,TEXT,
LIBRARY_STAGING,DBT_CROGERS,STG_FED_EIA860_6_2_ENVIROEQUIP__ALL,NITROGEN_OXIDE_CONTROL_PROPOSED_STRATEGY_3,TEXT,
LIBRARY_STAGING,DBT_CROGERS,STG_FED_EIA860_6_2_ENVIROEQUIP__ALL,STANDARD_NITROGEN_RATE,NUMBER,
LIBRARY_STAGING,DBT_CROGERS,STG_FED_EIA860_6_2_ENVIROEQUIP__ALL,STANDARD_PARTICULATE_RATE,NUMBER,
LIBRARY_STAGING,DBT_CROGERS,STG_FED_EIA860_6_2_ENVIROEQUIP__ALL,STANDARD_SULFUR_PERCENT_SCRUBBED,NUMBER,
LIBRARY_STAGING,DBT_CROGERS,STG_FED_EIA860_6_2_ENVIROEQUIP__ALL,STANDARD_SULFUR_RATE,NUMBER,
LIBRARY_STAGING,DBT_CROGERS,STG_FED_EIA860_6_2_ENVIROEQUIP__ALL,SULFUR_DIOXIDE_CONTROL_EXISTING_STRATEGY_1,TEXT,
LIBRARY_STAGING,DBT_CROGERS,STG_FED_EIA860_6_2_ENVIROEQUIP__ALL,SULFUR_DIOXIDE_CONTROL_EXISTING_STRATEGY_2,TEXT,
LIBRARY_STAGING,DBT_CROGERS,STG_FED_EIA860_6_2_ENVIROEQUIP__ALL,SULFUR_DIOXIDE_CONTROL_EXISTING_STRATEGY_3,TEXT,
LIBRARY_STAGING,DBT_CROGERS,STG_FED_EIA860_6_2_ENVIROEQUIP__ALL,SULFUR_DIOXIDE_CONTROL_PROPOSED_STRATEGY_1,TEXT,
LIBRARY_STAGING,DBT_CROGERS,STG_FED_EIA860_6_2_ENVIROEQUIP__ALL,SULFUR_DIOXIDE_CONTROL_PROPOSED_STRATEGY_2,TEXT,
LIBRARY_STAGING,DBT_CROGERS,STG_FED_EIA860_6_2_ENVIROEQUIP__ALL,SULFUR_DIOXIDE_CONTROL_PROPOSED_STRATEGY_3,TEXT,
LIBRARY_STAGING,DBT_CROGERS,STG_FED_EIA861_OPERATIONAL_DATA__OPERATIONS,NET_GENERATION_MWH,NUMBER,
LIBRARY_STAGING,DBT_CROGERS,STG_FED_EIA861_UTILITY_DATA__UTILITY_PROFILE,ACTIVITY_GENERATION,TEXT,
LIBRARY_STAGING,DBT_CROGERS,STG_FED_EPA_ECHO__RECORDS,FAC_PERCENT_MINORITY,TEXT,
LIBRARY_STAGING,DBT_CROGERS,STG_FED_FAA_AIRCRAFT_REGISTRY__AIRCRAFT,EXPIRATION_DATE,DATE,
LIBRARY_STAGING,DBT_CROGERS,STG_FED_FAA_AIRCRAFT_REGISTRY__ALL,EXPIRATION_DATE,DATE,
LIBRARY_STAGING,DBT_CROGERS,STG_FED_FAA_REGISTRY__RECORDS,EXPIRATION_DATE,TEXT,
LIBRARY_STAGING,DBT_CROGERS,STG_FED_FARA_BULK__FARA_REGISTRATIONS,FARA_REGISTRATION_KEY,TEXT,
LIBRARY_STAGING,DBT_CROGERS,STG_FED_FARA_BULK__FARA_REGISTRATIONS,FOREIGN_PRINCIPAL_REGISTRATION_DATE,DATE,
LIBRARY_STAGING,DBT_CROGERS,STG_FED_FARA_BULK__FARA_REGISTRATIONS,REGISTRATION_DATE,DATE,
LIBRARY_STAGING,DBT_CROGERS,STG_FED_FARA_BULK__FARA_REGISTRATIONS,REGISTRATION_NUMBER,TEXT,
LIBRARY_STAGING,DBT_CROGERS,STG_FED_FARA__RECORDS,REGISTRATION_DATE,TEXT,
LIBRARY_STAGING,DBT_CROGERS,STG_FED_FARA__RECORDS,REGISTRATION_NUMBER,TEXT,
LIBRARY_STAGING,DBT_CROGERS,STG_FED_FBI_CDE__STATE_MONTH,RATE_PER_100K,FLOAT,
LIBRARY_STAGING,DBT_CROGERS,STG_FED_FDA_ESTABLISHMENT_REG__ALL,REGISTRATION_NUMBER,TEXT,
LIBRARY_STAGING,DBT_CROGERS,STG_FED_FDA_PURPLE_BOOK__LICENSES,EXCLUSIVITY_EXPIRATION_DATE,DATE,
LIBRARY_STAGING,DBT_CROGERS,STG_FED_FDA_PURPLE_BOOK__LICENSES,PROPER_NAME,TEXT,
LIBRARY_STAGING,DBT_CROGERS,STG_FED_FDA_PURPLE_BOOK__LICENSES,REF_PRODUCT_PROPER_NAME,TEXT,
LIBRARY_STAGING,DBT_CROGERS,STG_FED_FDA_PURPLE_BOOK__LICENSES,ROUTE_OF_ADMINISTRATION,TEXT,
LIBRARY_STAGING,DBT_CROGERS,STG_FED_FEMA_IA_HOUSING_REGISTRATIONS__REGISTRATIONS,DECLARATION_DATE,DATE,
LIBRARY_STAGING,DBT_CROGERS,STG_FED_FEMA_IA_HOUSING_REGISTRATIONS__REGISTRATIONS,REGISTRATION_ID,TEXT,
LIBRARY_STAGING,DBT_CROGERS,STG_FED_FEMA_IA_HOUSING_REGISTRATIONS__REGISTRATIONS,REGISTRATION_METHOD,TEXT,
LIBRARY_STAGING,DBT_CROGERS,STG_FED_FEMA_NFIP_COMMUNITY_STATUS_BOOK__COMMUNITIES,INITIAL_FLOOD_INSURANCE_RATE_MAP_DATE,DATE,
LIBRARY_STAGING,DBT_CROGERS,STG_FED_FEMA_NFIP_COMMUNITY_STATUS_BOOK__COMMUNITIES,NON_SFHA_DISCOUNT_PCT,NUMBER,
LIBRARY_STAGING,DBT_CROGERS,STG_FED_FEMA_NFIP_COMMUNITY_STATUS_BOOK__COMMUNITIES,SFHA_DISCOUNT_PCT,NUMBER,
LIBRARY_STAGING,DBT_CROGERS,STG_FED_FHFA_HPI__RECORDS,INDEX_NSA,TEXT,
LIBRARY_STAGING,DBT_CROGERS,STG_FED_FHFA_HPI__RECORDS,INDEX_SA,TEXT,
LIBRARY_STAGING,DBT_CROGERS,STG_FED_FINCEN_BOI__ORGANIZATIONS,US_REGISTRATION_DATE,TEXT,
LIBRARY_STAGING,DBT_CROGERS,STG_FED_FINCEN_BOI__ORGANIZATIONS,US_REGISTRATION_STATE,TEXT,
LIBRARY_STAGING,DBT_CROGERS,STG_FED_FJC_IDB_BANKRUPTCY__CASE_SNAPSHOTS,AVG_MONTHLY_EXPENSES,NUMBER,
LIBRARY_STAGING,DBT_CROGERS,STG_FED_FJC_IDB_BANKRUPTCY__CASE_SNAPSHOTS,AVG_MONTHLY_INCOME,NUMBER,
LIBRARY_STAGING,DBT_CROGERS,STG_FED_FJC_IDB_BANKRUPTCY__CASE_SNAPSHOTS,DOCKET_GENERATION,TEXT,
LIBRARY_STAGING,DBT_CROGERS,STG_FED_FJC_IDB_BANKRUPTCY__CASE_SNAPSHOTS,JOINT_ADMINISTRATION_LEAD,TEXT,
LIBRARY_STAGING,DBT_CROGERS,STG_FED_FJC_IDB_CIVIL__CASE_RECORDS,ARBITRATION,TEXT,
LIBRARY_STAGING,DBT_CROGERS,STG_FED_FJC_IDB_CIVIL__CASE_RECORDS,FILING_MAGISTRATE,TEXT,
LIBRARY_STAGING,DBT_CROGERS,STG_FED_FJC_IDB_CIVIL__CASE_RECORDS,TERM_ARBITRATION,TEXT,
LIBRARY_STAGING,DBT_CROGERS,STG_FED_FJC_IDB_CIVIL__CASE_RECORDS,TERM_MAGISTRATE,TEXT,
LIBRARY_STAGING,DBT_CROGERS,STG_FED_FJC_IDB_CRIMINAL__DEFENDANT_RECORDS,MAGISTRATE_DEFENDANT_NUMBER,TEXT,
LIBRARY_STAGING,DBT_CROGERS,STG_FED_FJC_IDB_CRIMINAL__DEFENDANT_RECORDS,MAGISTRATE_DOCKET,TEXT,
LIBRARY_STAGING,DBT_CROGERS,STG_FED_FRACFOCUS_REGISTRY__INGREDIENTS,PERCENT_HF_JOB,NUMBER,
LIBRARY_STAGING,DBT_CROGERS,STG_FED_FRACFOCUS_REGISTRY__INGREDIENTS,PERCENT_HIGH_ADDITIVE,NUMBER,
LIBRARY_STAGING,DBT_CROGERS,STG_FED_FRACFOCUS_WATER_SOURCE__WATER_SOURCES,PERCENT,NUMBER,
LIBRARY_STAGING,DBT_CROGERS,STG_FED_FRA_EQUIPMENT_ACCIDENTS__ALL,METHOD_OF_OPERATION,TEXT,
LIBRARY_STAGING,DBT_CROGERS,STG_FED_FRA_EQUIPMENT_ACCIDENTS__ALL,METHOD_OF_OPERATION_CODE,TEXT,
LIBRARY_STAGING,DBT_CROGERS,STG_FED_FRA_EQUIPMENT_ACCIDENTS__ALL,TRACK_DENSITY,TEXT,
LIBRARY_STAGING,DBT_CROGERS,STG_FED_HRSA_HPSA_PRIMARY_CARE__DESIGNATIONS,FORMAL_RATIO,TEXT,
LIBRARY_STAGING,DBT_CROGERS,STG_FED_HRSA_HPSA_PRIMARY_CARE__DESIGNATIONS,HPSA_SCORE,NUMBER,
LIBRARY_STAGING,DBT_CROGERS,STG_FED_HRSA_HPSA_PRIMARY_CARE__DESIGNATIONS,PCT_POPULATION_BELOW_POVERTY,NUMBER,
LIBRARY_STAGING,DBT_CROGERS,STG_FED_HRSA_HPSA_PRIMARY_CARE__DESIGNATIONS,PC_MCTA_SCORE,NUMBER,
LIBRARY_STAGING,DBT_CROGERS,STG_FED_HRSA_HPSA_PRIMARY_CARE__DESIGNATIONS,PROVIDER_RATIO_GOAL,TEXT,
LIBRARY_STAGING,DBT_CROGERS,STG_FED_HRSA_SHORTAGE_AREAS__RECORDS,HPSA_FORMAL_RATIO,TEXT,
LIBRARY_STAGING,DBT_CROGERS,STG_FED_HRSA_SHORTAGE_AREAS__RECORDS,HPSA_PROVIDER_RATIO_GOAL,TEXT,
LIBRARY_STAGING,DBT_CROGERS,STG_FED_HRSA_SHORTAGE_AREAS__RECORDS,HPSA_SCORE,TEXT,
LIBRARY_STAGING,DBT_CROGERS,STG_FED_HRSA_SHORTAGE_AREAS__RECORDS,PC_MCTA_SCORE,TEXT,
LIBRARY_STAGING,DBT_CROGERS,STG_FED_HRSA_UDS_SERVICE_DELIVERY_SITES__SITES,OPERATING_HOURS_PER_WEEK,NUMBER,
LIBRARY_STAGING,DBT_CROGERS,STG_FED_HUD_ASSISTED_HOUSING_PROJECTS__SUMMARIES,PCT_0CHLDRN,TEXT,
LIBRARY_STAGING,DBT_CROGERS,STG_FED_HUD_ASSISTED_HOUSING_PROJECTS__SUMMARIES,PCT_10K_LT15K,TEXT,
LIBRARY_STAGING,DBT_CROGERS,STG_FED_HUD_ASSISTED_HOUSING_PROJECTS__SUMMARIES,PCT_15K_LT20K,TEXT,
LIBRARY_STAGING,DBT_CROGERS,STG_FED_HUD_ASSISTED_HOUSING_PROJECTS__SUMMARIES,PCT_1ADULT,TEXT,
LIBRARY_STAGING,DBT_CROGERS,STG_FED_HUD_ASSISTED_HOUSING_PROJECTS__SUMMARIES,PCT_20K_LT25K,TEXT,
LIBRARY_STAGING,DBT_CROGERS,STG_FED_HUD_ASSISTED_HOUSING_PROJECTS__SUMMARIES,PCT_25K_LT30K,TEXT,
LIBRARY_STAGING,DBT_CROGERS,STG_FED_HUD_ASSISTED_HOUSING_PROJECTS__SUMMARIES,PCT_2ADULTS,TEXT,
LIBRARY_STAGING,DBT_CROGERS,STG_FED_HUD_ASSISTED_HOUSING_PROJECTS__SUMMARIES,PCT_30K_LT40K,TEXT,
LIBRARY_STAGING,DBT_CROGERS,STG_FED_HUD_ASSISTED_HOUSING_PROJECTS__SUMMARIES,PCT_5K_LT10K,TEXT,
LIBRARY_STAGING,DBT_CROGERS,STG_FED_HUD_ASSISTED_HOUSING_PROJECTS__SUMMARIES,PCT_AGE25_50,TEXT,
LIBRARY_STAGING,DBT_CROGERS,STG_FED_HUD_ASSISTED_HOUSING_PROJECTS__SUMMARIES,PCT_AGE51_61,TEXT,
LIBRARY_STAGING,DBT_CROGERS,STG_FED_HUD_ASSISTED_HOUSING_PROJECTS__SUMMARIES,PCT_AGE62PLUS,TEXT,
LIBRARY_STAGING,DBT_CROGERS,STG_FED_HUD_ASSISTED_HOUSING_PROJECTS__SUMMARIES,PCT_AGE85PLUS,TEXT,
LIBRARY_STAGING,DBT_CROGERS,STG_FED_HUD_ASSISTED_HOUSING_PROJECTS__SUMMARIES,PCT_ASIAN_PACIFIC_NONHSP,TEXT,
LIBRARY_STAGING,DBT_CROGERS,STG_FED_HUD_ASSISTED_HOUSING_PROJECTS__SUMMARIES,PCT_BED1,TEXT,
LIBRARY_STAGING,DBT_CROGERS,STG_FED_HUD_ASSISTED_HOUSING_PROJECTS__SUMMARIES,PCT_BED2,TEXT,
LIBRARY_STAGING,DBT_CROGERS,STG_FED_HUD_ASSISTED_HOUSING_PROJECTS__SUMMARIES,PCT_BED3,TEXT,
LIBRARY_STAGING,DBT_CROGERS,STG_FED_HUD_ASSISTED_HOUSING_PROJECTS__SUMMARIES,PCT_BLACK_HSP,TEXT,
LIBRARY_STAGING,DBT_CROGERS,STG_FED_HUD_ASSISTED_HOUSING_PROJECTS__SUMMARIES,PCT_BLACK_NONHSP,TEXT,
LIBRARY_STAGING,DBT_CROGERS,STG_FED_HUD_ASSISTED_HOUSING_PROJECTS__SUMMARIES,PCT_CHLDRN0_5,TEXT,
LIBRARY_STAGING,DBT_CROGERS,STG_FED_HUD_ASSISTED_HOUSING_PROJECTS__SUMMARIES,PCT_CHLDRN13_17,TEXT,
LIBRARY_STAGING,DBT_CROGERS,STG_FED_HUD_ASSISTED_HOUSING_PROJECTS__SUMMARIES,PCT_CHLDRN6_12,TEXT,
LIBRARY_STAGING,DBT_CROGERS,STG_FED_HUD_ASSISTED_HOUSING_PROJECTS__SUMMARIES,PCT_DISABLED_ALL,TEXT,
LIBRARY_STAGING,DBT_CROGERS,STG_FED_HUD_ASSISTED_HOUSING_PROJECTS__SUMMARIES,PCT_DISABLED_GE62,TEXT,
LIBRARY_STAGING,DBT_CROGERS,STG_FED_HUD_ASSISTED_HOUSING_PROJECTS__SUMMARIES,PCT_DISABLED_HEAD,TEXT,
LIBRARY_STAGING,DBT_CROGERS,STG_FED_HUD_ASSISTED_HOUSING_PROJECTS__SUMMARIES,PCT_DISABLED_LT62,TEXT,
LIBRARY_STAGING,DBT_CROGERS,STG_FED_HUD_ASSISTED_HOUSING_PROJECTS__SUMMARIES,PCT_DISABLED_MBR,TEXT,
LIBRARY_STAGING,DBT_CROGERS,STG_FED_HUD_ASSISTED_HOUSING_PROJECTS__SUMMARIES,PCT_FEMALE_HEAD,TEXT,
LIBRARY_STAGING,DBT_CROGERS,STG_FED_HUD_ASSISTED_HOUSING_PROJECTS__SUMMARIES,PCT_FEMALE_HEAD_CHILD,TEXT,
LIBRARY_STAGING,DBT_CROGERS,STG_FED_HUD_ASSISTED_HOUSING_PROJECTS__SUMMARIES,PCT_FEMALE_HEAD_CHILD0_5,TEXT,
LIBRARY_STAGING,DBT_CROGERS,STG_FED_HUD_ASSISTED_HOUSING_PROJECTS__SUMMARIES,PCT_GE40K,TEXT,
LIBRARY_STAGING,DBT_CROGERS,STG_FED_HUD_ASSISTED_HOUSING_PROJECTS__SUMMARIES,PCT_HISPANIC,TEXT,
LIBRARY_STAGING,DBT_CROGERS,STG_FED_HUD_ASSISTED_HOUSING_PROJECTS__SUMMARIES,PCT_LT24_HEAD,TEXT,
LIBRARY_STAGING,DBT_CROGERS,STG_FED_HUD_ASSISTED_HOUSING_PROJECTS__SUMMARIES,PCT_LT30_MEDIAN,TEXT,
LIBRARY_STAGING,DBT_CROGERS,STG_FED_HUD_ASSISTED_HOUSING_PROJECTS__SUMMARIES,PCT_LT50_MEDIAN,TEXT,
LIBRARY_STAGING,DBT_CROGERS,STG_FED_HUD_ASSISTED_HOUSING_PROJECTS__SUMMARIES,PCT_LT5K,TEXT,
LIBRARY_STAGING,DBT_CROGERS,STG_FED_HUD_ASSISTED_HOUSING_PROJECTS__SUMMARIES,PCT_LT62_HEAD,TEXT,
LIBRARY_STAGING,DBT_CROGERS,STG_FED_HUD_ASSISTED_HOUSING_PROJECTS__SUMMARIES,PCT_LT80_MEDIAN,TEXT,
LIBRARY_STAGING,DBT_CROGERS,STG_FED_HUD_ASSISTED_HOUSING_PROJECTS__SUMMARIES,PCT_MEDIAN,TEXT,
LIBRARY_STAGING,DBT_CROGERS,STG_FED_HUD_ASSISTED_HOUSING_PROJECTS__SUMMARIES,PCT_MINORITY,TEXT,
LIBRARY_STAGING,DBT_CROGERS,STG_FED_HUD_ASSISTED_HOUSING_PROJECTS__SUMMARIES,PCT_MOVEIN,TEXT,
LIBRARY_STAGING,DBT_CROGERS,STG_FED_HUD_ASSISTED_HOUSING_PROJECTS__SUMMARIES,PCT_MULTI,TEXT,
LIBRARY_STAGING,DBT_CROGERS,STG_FED_HUD_ASSISTED_HOUSING_PROJECTS__SUMMARIES,PCT_NATIVE_AMERICAN_NONHSP,TEXT,
LIBRARY_STAGING,DBT_CROGERS,STG_FED_HUD_ASSISTED_HOUSING_PROJECTS__SUMMARIES,PCT_NOINCOME,TEXT,
LIBRARY_STAGING,DBT_CROGERS,STG_FED_HUD_ASSISTED_HOUSING_PROJECTS__SUMMARIES,PCT_OCCUPIED,NUMBER,
LIBRARY_STAGING,DBT_CROGERS,STG_FED_HUD_ASSISTED_HOUSING_PROJECTS__SUMMARIES,PCT_OTHER_MAJOR,TEXT,
LIBRARY_STAGING,DBT_CROGERS,STG_FED_HUD_ASSISTED_HOUSING_PROJECTS__SUMMARIES,PCT_OTH_HSP,TEXT,
LIBRARY_STAGING,DBT_CROGERS,STG_FED_HUD_ASSISTED_HOUSING_PROJECTS__SUMMARIES,PCT_OVERHOUSED,TEXT,
LIBRARY_STAGING,DBT_CROGERS,STG_FED_HUD_ASSISTED_HOUSING_PROJECTS__SUMMARIES,PCT_REPORTED,NUMBER,
LIBRARY_STAGING,DBT_CROGERS,STG_FED_HUD_ASSISTED_HOUSING_PROJECTS__SUMMARIES,PCT_UTILITY_ALLOW,TEXT,
LIBRARY_STAGING,DBT_CROGERS,STG_FED_HUD_ASSISTED_HOUSING_PROJECTS__SUMMARIES,PCT_WAGE_MAJOR,TEXT,
LIBRARY_STAGING,DBT_CROGERS,STG_FED_HUD_ASSISTED_HOUSING_PROJECTS__SUMMARIES,PCT_WELFARE_MAJOR,TEXT,
LIBRARY_STAGING,DBT_CROGERS,STG_FED_HUD_ASSISTED_HOUSING_PROJECTS__SUMMARIES,PCT_WHITE_NOTHSP,TEXT,
LIBRARY_STAGING,DBT_CROGERS,STG_FED_HUD_ASSISTED_HOUSING_PROJECTS__SUMMARIES,PCT_WHT_HSP,TEXT,
LIBRARY_STAGING,DBT_CROGERS,STG_FED_HUD_ASSISTED_HOUSING_PROJECTS__SUMMARIES,PEOPLE_PER_UNIT,NUMBER,
LIBRARY_STAGING,DBT_CROGERS,STG_FED_HUD_ASSISTED_HOUSING_PROJECTS__SUMMARIES,RENT_PER_MONTH,NUMBER,
LIBRARY_STAGING,DBT_CROGERS,STG_FED_HUD_ASSISTED_HOUSING_PROJECTS__SUMMARIES,SPENDING_PER_MONTH,NUMBER,
LIBRARY_STAGING,DBT_CROGERS,STG_FED_HUD_ASSISTED_HOUSING_PROJECTS__SUMMARIES,TPCT_OWNSFD,TEXT,
LIBRARY_STAGING,DBT_CROGERS,STG_FED_HUD_FHA_SF_PORTFOLIO_SNAPSHOT__LOANS,INTEREST_RATE,NUMBER,
LIBRARY_STAGING,DBT_CROGERS,STG_FED_HUD_MF_SECTION8_CONTRACTS__CONTRACTS,RENT_TO_FMR_RATIO,NUMBER,
LIBRARY_STAGING,DBT_CROGERS,STG_FED_HUD_MF_SECTION8_CONTRACTS__CONTRACTS,TRACS_CURRENT_EXPIRATION_DATE,DATE,
LIBRARY_STAGING,DBT_CROGERS,STG_FED_HUD_MF_SECTION8_CONTRACTS__CONTRACTS,TRACS_OVERALL_EXPIRATION_DATE,DATE,
LIBRARY_STAGING,DBT_CROGERS,STG_FED_HUD_PUBLIC_HOUSING_AUTHORITIES__AUTHORITIES,ELDERLY_PERCENT,NUMBER,
LIBRARY_STAGING,DBT_CROGERS,STG_FED_HUD_PUBLIC_HOUSING_AUTHORITIES__AUTHORITIES,MEDIAN_INCOME_AMOUNT,NUMBER,
LIBRARY_STAGING,DBT_CROGERS,STG_FED_HUD_PUBLIC_HOUSING_AUTHORITIES__AUTHORITIES,PCT_BELOW_80PCT_MEDIAN_INCOME,NUMBER,
LIBRARY_STAGING,DBT_CROGERS,STG_FED_HUD_PUBLIC_HOUSING_AUTHORITIES__AUTHORITIES,PCT_DISABLED_LT62_ALL,NUMBER,
LIBRARY_STAGING,DBT_CROGERS,STG_FED_HUD_PUBLIC_HOUSING_AUTHORITIES__AUTHORITIES,PCT_OCCUPIED,NUMBER,
LIBRARY_STAGING,DBT_CROGERS,STG_FED_HUD_PUBLIC_HOUSING_AUTHORITIES__AUTHORITIES,PCT_REPORTED,NUMBER,
LIBRARY_STAGING,DBT_CROGERS,STG_FED_HUD_PUBLIC_HOUSING_AUTHORITIES__AUTHORITIES,PLACE_INCORPORATED_FLAG,NUMBER,
LIBRARY_STAGING,DBT_CROGERS,STG_FED_HUD_PUBLIC_HOUSING_AUTHORITIES__AUTHORITIES,SPENDING_PER_MONTH,NUMBER,
LIBRARY_STAGING,DBT_CROGERS,STG_FED_HUD_PUBLIC_HOUSING_AUTHORITIES__AUTHORITIES,SPENDING_PER_MONTH_PREV_YR,NUMBER,
LIBRARY_STAGING,DBT_CROGERS,STG_FED_ICE_DETAINERS__ALL,IMMIGRATION_FRAUD_YES_NO,TEXT,
LIBRARY_STAGING,DBT_CROGERS,STG_FED_ICE_DETAINERS__ALL,VIOLENT_MISDEMEANOR_YES_NO,TEXT,
LIBRARY_STAGING,DBT_CROGERS,STG_FED_ICIJ_OFFSHORELEAKS__ENTITIES,INCORPORATION_DATE,DATE,
LIBRARY_STAGING,DBT_CROGERS,STG_FED_ICIJ_OFFSHORELEAKS__OTHERS,INCORPORATION_DATE,DATE,
LIBRARY_STAGING,DBT_CROGERS,STG_FED_IHS_FACILITIES__FACILITIES,FACILITY_OPERATED_BY,TEXT,
LIBRARY_STAGING,DBT_CROGERS,STG_FED_MSHA_MINES__RECORDS,AVG_MINE_HEIGHT,TEXT,
LIBRARY_STAGING,DBT_CROGERS,STG_FED_MSHA_MINES__RECORDS,DAYS_PER_WEEK,TEXT,
LIBRARY_STAGING,DBT_CROGERS,STG_FED_MSHA_MINES__RECORDS,HOURS_PER_SHIFT,TEXT,
LIBRARY_STAGING,DBT_CROGERS,STG_FED_MSHA_MINES__RECORDS,MAINT_SHIFTS_PER_DAY,TEXT,
LIBRARY_STAGING,DBT_CROGERS,STG_FED_MSHA_MINES__RECORDS,METHANE_LIBERATION,TEXT,
LIBRARY_STAGING,DBT_CROGERS,STG_FED_MSHA_MINES__RECORDS,PORTABLE_OPERATION,TEXT,
LIBRARY_STAGING,DBT_CROGERS,STG_FED_MSHA_MINES__RECORDS,PROD_SHIFTS_PER_DAY,TEXT,
LIBRARY_STAGING,DBT_CROGERS,STG_FED_MSHA_VIOLATIONS__RECORDS,ASMT_GENERATED_IND,TEXT,
LIBRARY_STAGING,DBT_CROGERS,STG_FED_NCUA_FEDERALLY_INSURED_CU_LIST__CREDIT_UNIONS,LOAN_TO_SHARE_RATIO,NUMBER,
LIBRARY_STAGING,DBT_CROGERS,STG_FED_NCUA_FEDERALLY_INSURED_CU_LIST__CREDIT_UNIONS,NET_WORTH_RATIO_EXCLUDES_CECL_TRANSITION_PROVISION,NUMBER,
LIBRARY_STAGING,DBT_CROGERS,STG_FED_NID_DAMS__STRUCTURES,OPERATIONAL_STATUS,TEXT,
LIBRARY_STAGING,DBT_CROGERS,STG_FED_NTSB_AVIATION_AIRCRAFT__AIRCRAFT,OPER_ADDR_SAME,TEXT,
LIBRARY_STAGING,DBT_CROGERS,STG_FED_NTSB_AVIATION_AIRCRAFT__AIRCRAFT,OPER_CERT,TEXT,
LIBRARY_STAGING,DBT_CROGERS,STG_FED_NTSB_AVIATION_AIRCRAFT__AIRCRAFT,OPER_CERT_NUM,TEXT,
LIBRARY_STAGING,DBT_CROGERS,STG_FED_NTSB_AVIATION_AIRCRAFT__AIRCRAFT,OPER_CITY,TEXT,
LIBRARY_STAGING,DBT_CROGERS,STG_FED_NTSB_AVIATION_AIRCRAFT__AIRCRAFT,OPER_CODE,TEXT,
LIBRARY_STAGING,DBT_CROGERS,STG_FED_NTSB_AVIATION_AIRCRAFT__AIRCRAFT,OPER_COUNTRY,TEXT,
LIBRARY_STAGING,DBT_CROGERS,STG_FED_NTSB_AVIATION_AIRCRAFT__AIRCRAFT,OPER_DBA,TEXT,
LIBRARY_STAGING,DBT_CROGERS,STG_FED_NTSB_AVIATION_AIRCRAFT__AIRCRAFT,OPER_DOM_INT,TEXT,
LIBRARY_STAGING,DBT_CROGERS,STG_FED_NTSB_AVIATION_AIRCRAFT__AIRCRAFT,OPER_INDIVIDUAL_NAME,TEXT,
LIBRARY_STAGING,DBT_CROGERS,STG_FED_NTSB_AVIATION_AIRCRAFT__AIRCRAFT,OPER_NAME,TEXT,
LIBRARY_STAGING,DBT_CROGERS,STG_FED_NTSB_AVIATION_AIRCRAFT__AIRCRAFT,OPER_PAX_CARGO,TEXT,
LIBRARY_STAGING,DBT_CROGERS,STG_FED_NTSB_AVIATION_AIRCRAFT__AIRCRAFT,OPER_SAME,TEXT,
LIBRARY_STAGING,DBT_CROGERS,STG_FED_NTSB_AVIATION_AIRCRAFT__AIRCRAFT,OPER_SCHED,TEXT,
LIBRARY_STAGING,DBT_CROGERS,STG_FED_NTSB_AVIATION_AIRCRAFT__AIRCRAFT,OPER_STATE,TEXT,
LIBRARY_STAGING,DBT_CROGERS,STG_FED_NTSB_AVIATION_AIRCRAFT__AIRCRAFT,OPER_STREET,TEXT,
LIBRARY_STAGING,DBT_CROGERS,STG_FED_NTSB_AVIATION_AIRCRAFT__AIRCRAFT,OPER_ZIP,TEXT,
LIBRARY_STAGING,DBT_CROGERS,STG_FED_NURSINGHOME411__FACILITIES,AVERAGE_NUMBER_OF_RESIDENTS_PER_DAY,TEXT,
LIBRARY_STAGING,DBT_CROGERS,STG_FED_NURSINGHOME411__FACILITIES,DEVIATION_FROM_EXPECTED_TOTAL_NURSE_HOURS_PER_RESIDENT_PER_DAY,TEXT,
LIBRARY_STAGING,DBT_CROGERS,STG_FED_NURSINGHOME411__FACILITIES,EXPECTED_NURSE_AIDE_STAFFING_HOURS_PER_RESIDENT_DAY,TEXT,
LIBRARY_STAGING,DBT_CROGERS,STG_FED_NURSINGHOME411__FACILITIES,EXPECTED_RN_STAFFING_HOURS_PER_RESIDENT_PER_DAY,TEXT,
LIBRARY_STAGING,DBT_CROGERS,STG_FED_NURSINGHOME411__FACILITIES,EXPECTED_TOTAL_NURSE_STAFFING_HOURS_PER_RESIDENT_DAY,TEXT,
LIBRARY_STAGING,DBT_CROGERS,STG_FED_NURSINGHOME411__FACILITIES,NURSING_CASE_MIX_INDEX,TEXT,
LIBRARY_STAGING,DBT_CROGERS,STG_FED_NURSINGHOME411__FACILITIES,NURSING_CASE_MIX_INDEX_RATIO,TEXT,
LIBRARY_STAGING,DBT_CROGERS,STG_FED_NURSINGHOME411__FACILITIES,REGISTERED_NURSE_HOURS_PER_RESIDENT_PER_DAY_ON_THE_WEEKEND,TEXT,
LIBRARY_STAGING,DBT_CROGERS,STG_FED_NURSINGHOME411__FACILITIES,REPORTED_LICENSED_STAFFING_HOURS_PER_RESIDENT_PER_DAY,TEXT,
LIBRARY_STAGING,DBT_CROGERS,STG_FED_NURSINGHOME411__FACILITIES,REPORTED_LPN_STAFFING_HOURS_PER_RESIDENT_PER_DAY,TEXT,
LIBRARY_STAGING,DBT_CROGERS,STG_FED_NURSINGHOME411__FACILITIES,REPORTED_NURSE_AIDE_STAFFING_HOURS_PER_RESIDENT_PER_DAY,TEXT,
LIBRARY_STAGING,DBT_CROGERS,STG_FED_NURSINGHOME411__FACILITIES,REPORTED_PHYSICAL_THERAPIST_STAFFING_HOURS_PER_RESIDENT_PER_DAY,TEXT,
LIBRARY_STAGING,DBT_CROGERS,STG_FED_NURSINGHOME411__FACILITIES,REPORTED_RN_STAFFING_HOURS_PER_RESIDENT_PER_DAY,TEXT,
LIBRARY_STAGING,DBT_CROGERS,STG_FED_NURSINGHOME411__FACILITIES,REPORTED_TOTAL_NURSE_STAFFING_HOURS_PER_RESIDENT_PER_DAY,TEXT,
LIBRARY_STAGING,DBT_CROGERS,STG_FED_NURSINGHOME411__FACILITIES,TOTAL_NUMBER_OF_NURSE_STAFF_HOURS_PER_RESIDENT_PER_DAY_ON_THE_WEEKEND,TEXT,
LIBRARY_STAGING,DBT_CROGERS,STG_FED_PCAOB_FORM_AP_FILINGS__FILINGS,AUDIT_NOT_DIVIDED_PERCENT_INFORMATION,TEXT,
LIBRARY_STAGING,DBT_CROGERS,STG_FED_PCAOB_FORM_AP_FILINGS__FILINGS,PARTICIPANT_PERCENTAGE,TEXT,
LIBRARY_STAGING,DBT_CROGERS,STG_FED_RETRACTION_WATCH__RETRACTIONS,ORIGINAL_PAPER_DATE,DATE,
LIBRARY_STAGING,DBT_CROGERS,STG_FED_RETRACTION_WATCH__RETRACTIONS,ORIGINAL_PAPER_DOI,TEXT,
LIBRARY_STAGING,DBT_CROGERS,STG_FED_RETRACTION_WATCH__RETRACTIONS,ORIGINAL_PAPER_PUBMED_ID,TEXT,
LIBRARY_STAGING,DBT_CROGERS,STG_FED_SBA_LOANS__RECORDS,INITIALINTERESTRATE,TEXT,
LIBRARY_STAGING,DBT_CROGERS,STG_FED_SBA_PPP__RECORDS,SBAGUARANTYPERCENTAGE,TEXT,
LIBRARY_STAGING,DBT_CROGERS,STG_FED_SCDB__SUPREME_COURT_CASES,DECLARATION_UNCONSTITUTIONAL,NUMBER,
LIBRARY_STAGING,DBT_CROGERS,STG_FED_SCDB__SUPREME_COURT_CASES,PRECEDENT_ALTERATION,NUMBER,
LIBRARY_STAGING,DBT_CROGERS,STG_FED_SEC_EDGAR_COMPANY_TICKERS__COMPANY_TICKERS,INDEX_KEY,NUMBER,
LIBRARY_STAGING,DBT_CROGERS,STG_FED_SEC_EDGAR__RECORDS,STATEOFINCORPORATION,TEXT,
LIBRARY_STAGING,DBT_CROGERS,STG_FED_SEC_INSIDER_DERIV_TRANS__RECORDS,EXPIRATION_DATE,TEXT,
LIBRARY_STAGING,DBT_CROGERS,STG_FED_SEC_INSIDER_DERIV_TRANS__RECORDS,EXPIRATION_DATE_FN,TEXT,
LIBRARY_STAGING,DBT_CROGERS,STG_FED_TREASURY_AVG_INTEREST_RATES__AVG_INTEREST_RATES,AVG_INTEREST_RATE_AMT,FLOAT,
LIBRARY_STAGING,DBT_CROGERS,STG_FED_USASPENDING_BULK__ORGANIZATIONS,ALASKAN_NATIVE_CORPORATION_OWNED_FIRM,TEXT,
LIBRARY_STAGING,DBT_CROGERS,STG_FED_USASPENDING_BULK__ORGANIZATIONS,COMMUNITY_DEVELOPED_CORPORATION_OWNED_FIRM,TEXT,
LIBRARY_STAGING,DBT_CROGERS,STG_FED_USASPENDING_BULK__ORGANIZATIONS,COMMUNITY_DEVELOPMENT_CORPORATION,TEXT,
LIBRARY_STAGING,DBT_CROGERS,STG_FED_USASPENDING_BULK__ORGANIZATIONS,CONSTRUCTION_WAGE_RATE_REQUIREMENTS,TEXT,
LIBRARY_STAGING,DBT_CROGERS,STG_FED_USASPENDING_BULK__ORGANIZATIONS,CONSTRUCTION_WAGE_RATE_REQUIREMENTS_CODE,TEXT,
LIBRARY_STAGING,DBT_CROGERS,STG_FED_USASPENDING_BULK__ORGANIZATIONS,CONTINGENCY_HUMANITARIAN_OR_PEACEKEEPING_OPERATION,TEXT,
LIBRARY_STAGING,DBT_CROGERS,STG_FED_USASPENDING_BULK__ORGANIZATIONS,CONTINGENCY_HUMANITARIAN_OR_PEACEKEEPING_OPERATION_CODE,TEXT,
LIBRARY_STAGING,DBT_CROGERS,STG_FED_USASPENDING_BULK__ORGANIZATIONS,CORPORATE_ENTITY_NOT_TAX_EXEMPT,TEXT,
LIBRARY_STAGING,DBT_CROGERS,STG_FED_USASPENDING_BULK__ORGANIZATIONS,CORPORATE_ENTITY_TAX_EXEMPT,TEXT,
LIBRARY_STAGING,DBT_CROGERS,STG_FED_USASPENDING_BULK__ORGANIZATIONS,LIMITED_LIABILITY_CORPORATION,TEXT,
LIBRARY_STAGING,DBT_CROGERS,STG_FED_USASPENDING_BULK__ORGANIZATIONS,PRICE_EVALUATION_ADJUSTMENT_PREFERENCE_PERCENT_DIFFERENCE,TEXT,
LIBRARY_STAGING,DBT_CROGERS,STG_FED_USASPENDING_BULK__ORGANIZATIONS,SMALL_BUSINESS_COMPETITIVENESS_DEMONSTRATION_PROGRAM,TEXT,
LIBRARY_STAGING,DBT_CROGERS,STG_FED_USASPENDING_BULK__ORGANIZATIONS,SUBCHAPTER_SCORPORATION,TEXT,
LIBRARY_STAGING,DBT_CROGERS,STG_FED_USASPENDING_BULK__RECORDS,ALASKAN_NATIVE_CORPORATION_OWNED_FIRM,TEXT,
LIBRARY_STAGING,DBT_CROGERS,STG_FED_USASPENDING_BULK__RECORDS,COMMUNITY_DEVELOPED_CORPORATION_OWNED_FIRM,TEXT,
LIBRARY_STAGING,DBT_CROGERS,STG_FED_USASPENDING_BULK__RECORDS,COMMUNITY_DEVELOPMENT_CORPORATION,TEXT,
LIBRARY_STAGING,DBT_CROGERS,STG_FED_USASPENDING_BULK__RECORDS,CONSTRUCTION_WAGE_RATE_REQUIREMENTS,TEXT,
LIBRARY_STAGING,DBT_CROGERS,STG_FED_USASPENDING_BULK__RECORDS,CONSTRUCTION_WAGE_RATE_REQUIREMENTS_CODE,TEXT,
LIBRARY_STAGING,DBT_CROGERS,STG_FED_USASPENDING_BULK__RECORDS,CONTINGENCY_HUMANITARIAN_OR_PEACEKEEPING_OPERATION,TEXT,
LIBRARY_STAGING,DBT_CROGERS,STG_FED_USASPENDING_BULK__RECORDS,CONTINGENCY_HUMANITARIAN_OR_PEACEKEEPING_OPERATION_CODE,TEXT,
LIBRARY_STAGING,DBT_CROGERS,STG_FED_USASPENDING_BULK__RECORDS,CORPORATE_ENTITY_NOT_TAX_EXEMPT,TEXT,
LIBRARY_STAGING,DBT_CROGERS,STG_FED_USASPENDING_BULK__RECORDS,CORPORATE_ENTITY_TAX_EXEMPT,TEXT,
LIBRARY_STAGING,DBT_CROGERS,STG_FED_USASPENDING_BULK__RECORDS,LIMITED_LIABILITY_CORPORATION,TEXT,
LIBRARY_STAGING,DBT_CROGERS,STG_FED_USASPENDING_BULK__RECORDS,PRICE_EVALUATION_ADJUSTMENT_PREFERENCE_PERCENT_DIFFERENCE,TEXT,
LIBRARY_STAGING,DBT_CROGERS,STG_FED_USASPENDING_BULK__RECORDS,SMALL_BUSINESS_COMPETITIVENESS_DEMONSTRATION_PROGRAM,TEXT,
LIBRARY_STAGING,DBT_CROGERS,STG_FED_USASPENDING_BULK__RECORDS,SUBCHAPTER_SCORPORATION,TEXT,
LIBRARY_STAGING,DBT_CROGERS,STG_FED_USASPENDING_TOPTIER_AGENCIES__RECORDS,PERCENTAGE_OF_TOTAL_BUDGET_AUTHORITY,TEXT,
LIBRARY_STAGING,DBT_CROGERS,STG_FED_USCIS_DATA__RECORDS,AVG_PROCESSING_TIME_DAYS,TEXT,
LIBRARY_STAGING,DBT_CROGERS,STG_FED_USDA_RD_MFH_ACTIVE_PROJECTS__PROJECTS,DATE_OF_OPERATION,DATE,
LIBRARY_STAGING,DBT_CROGERS,STG_FED_USGS_MINERALS__RECORDS,ALTERATION,TEXT,
LIBRARY_STAGING,DBT_CROGERS,STG_FED_USGS_MINERALS__RECORDS,IMPORT_RELIANCE_PCT,TEXT,
LIBRARY_STAGING,DBT_CROGERS,STG_FED_USGS_MINERALS__RECORDS,OPER_TYPE,TEXT,
LIBRARY_STAGING,DBT_CROGERS,STG_FED_USGS_MINERALS__RECORDS,SCORE,TEXT,
LIBRARY_STAGING,DBT_CROGERS,STG_FED_USITC_DATAWEB__RECORDS,TARIFF_RATE,TEXT,
LIBRARY_STAGING,DBT_CROGERS,STG_FED_US_SEC_EDGAR__EDGAR_FILINGS,STATE_OF_INCORPORATION,TEXT,
LIBRARY_STAGING,DBT_CROGERS,STG_FED_US_USASPENDING_API__FEDERAL_AWARDS,GENERATED_UNIQUE_AWARD_ID,TEXT,
LIBRARY_STAGING,DBT_CROGERS,STG_FED_VA_ALLCAUSE_MORTALITY__ALL,AGE_ADJUSTED_RATE,FLOAT,
LIBRARY_STAGING,DBT_CROGERS,STG_FED_VA_ALLCAUSE_MORTALITY__ALL,CRUDE_RATE,FLOAT,
LIBRARY_STAGING,DBT_CROGERS,STG_FED_VA_ALLCAUSE_MORTALITY__ALL,PERCENT_OF_DEATHS,FLOAT,
LIBRARY_STAGING,DBT_CROGERS,STG_FED_VA_ALLCAUSE_MORTALITY__ALL,UNADJUSTED_RATE,FLOAT,
LIBRARY_STAGING,DBT_CROGERS,STG_FED_VA_ALLCAUSE_MORTALITY__ALL,YPLL_PCT,FLOAT,
LIBRARY_STAGING,DBT_CROGERS,STG_FED_VA_SUICIDE_APPENDIX__RECORDS,VETERAN_DEATHS_BY_SUICIDE_UNADJUSTED_AND_ADJUSTED_RATES_BY_SEX_2001_23,TEXT,
LIBRARY_STAGING,DBT_CROGERS,STG_FED_VA_SUICIDE_NATIONAL__ALL,AGE_ADJUSTED_RATE_PER_100K,FLOAT,
LIBRARY_STAGING,DBT_CROGERS,STG_FED_VA_SUICIDE_NATIONAL__ALL,FEMALE_AGE_ADJUSTED_RATE_PER_100K,FLOAT,
LIBRARY_STAGING,DBT_CROGERS,STG_FED_VA_SUICIDE_NATIONAL__ALL,FEMALE_UNADJUSTED_RATE_PER_100K,FLOAT,
LIBRARY_STAGING,DBT_CROGERS,STG_FED_VA_SUICIDE_NATIONAL__ALL,MALE_AGE_ADJUSTED_RATE_PER_100K,FLOAT,
LIBRARY_STAGING,DBT_CROGERS,STG_FED_VA_SUICIDE_NATIONAL__ALL,MALE_UNADJUSTED_RATE_PER_100K,FLOAT,
LIBRARY_STAGING,DBT_CROGERS,STG_FED_VA_SUICIDE_NATIONAL__ALL,UNADJUSTED_RATE_PER_100K,FLOAT,
LIBRARY_STAGING,DBT_CROGERS,STG_FED_VA_SUICIDE_STATE__ALL,GENERAL_POPULATION_RATE_PER_100K,FLOAT,
LIBRARY_STAGING,DBT_CROGERS,STG_FED_VA_SUICIDE_STATE__ALL,GROUP_PERCENTAGE,FLOAT,
LIBRARY_STAGING,DBT_CROGERS,STG_FED_VA_SUICIDE_STATE__ALL,VETERAN_SUICIDE_RATE_PER_100K,FLOAT,
LIBRARY_STAGING,DBT_CROGERS,STG_FED_VOTEVIEW_MEMBERS__RECORDS,LAST_MEANS,TEXT,
LIBRARY_STAGING,DBT_CROGERS,STG_FED_VOTEVIEW_MEMBERS__RECORDS,NOMINATE_GEO_MEAN_PROBABILITY,TEXT,
LIBRARY_STAGING,DBT_CROGERS,STG_INTL_EMBER_ELEC__YEARLY_ELECTRICITY,YOY_PCT_CHANGE,FLOAT,
LIBRARY_STAGING,DBT_CROGERS,STG_INTL_FR_DATA_GOUV__RECORDS,QUALITY_SCORE,TEXT,
LIBRARY_STAGING,DBT_CROGERS,STG_INTL_GDELT__RECORDS,AVGTONE,TEXT,
LIBRARY_STAGING,DBT_CROGERS,STG_INTL_GEM_HAZARD__RECORDS,PGA_10PCT_50YR,TEXT,
LIBRARY_STAGING,DBT_CROGERS,STG_INTL_GLEIF__ORGANIZATIONS,INITIAL_REGISTRATION_DATE,TEXT,
LIBRARY_STAGING,DBT_CROGERS,STG_INTL_GLEIF__ORGANIZATIONS,REGISTRATION_AUTHORITY_ID,TEXT,
LIBRARY_STAGING,DBT_CROGERS,STG_INTL_GLEIF__ORGANIZATIONS,REGISTRATION_STATUS,TEXT,
LIBRARY_STAGING,DBT_CROGERS,STG_INTL_GR_GEMI__GREEK_COMPANIES,REGISTRATION_SUSPENSION,TEXT,
LIBRARY_STAGING,DBT_CROGERS,STG_INTL_IE_CRO__CRO_COMPANIES,INCORPORATION_DATE,DATE,
LIBRARY_STAGING,DBT_CROGERS,STG_INTL_IPC_FOOD_INSECURITY_GLOBAL__RECORDS,PERCENTAGE,TEXT,
LIBRARY_STAGING,DBT_CROGERS,STG_PORTAL_ARC_ATLANTA_DATAATLA_51A606F539__PLACES,SCORE,TEXT,
LIBRARY_STAGING,DBT_CROGERS,STG_PORTAL_ARC_ATLANTA_DATAATLA_51A606F539__RECORDS,SCORE,TEXT,
LIBRARY_STAGING,DBT_CROGERS,STG_PORTAL_ARC_ATLANTA_DATAATLA_EAD25CBDC7__PLACES,SCORE,TEXT,
LIBRARY_STAGING,DBT_CROGERS,STG_PORTAL_ARC_ATLANTA_DATAATLA_EAD25CBDC7__RECORDS,SCORE,TEXT,
LIBRARY_STAGING,DBT_CROGERS,STG_PORTAL_ARC_COLUMBUS_GIS_OPE_8259461C2A__ORGANIZATIONS,PERCENTPROGRAM,TEXT,
LIBRARY_STAGING,DBT_CROGERS,STG_PORTAL_ARC_COLUMBUS_GIS_OPE_8259461C2A__ORGANIZATIONS,REGISTRATION,TEXT,
LIBRARY_STAGING,DBT_CROGERS,STG_PORTAL_ARC_HARRIS_COUNTY_OP_0F9C7FCB29__PLACES,ACCRSCORE,TEXT,
LIBRARY_STAGING,DBT_CROGERS,STG_PORTAL_ARC_HARRIS_COUNTY_OP_0F9C7FCB29__PLACES,CRSCORE,TEXT,
LIBRARY_STAGING,DBT_CROGERS,STG_PORTAL_ARC_HARRIS_COUNTY_OP_0F9C7FCB29__PLACES,CRSCORECD,TEXT,
LIBRARY_STAGING,DBT_CROGERS,STG_PORTAL_ARC_HARRIS_COUNTY_OP_0F9C7FCB29__PLACES,WCPCT,TEXT,
LIBRARY_STAGING,DBT_CROGERS,STG_PORTAL_ARC_HARRIS_COUNTY_OP_32D5FF05CA__PLACES,SCORE,TEXT,
LIBRARY_STAGING,DBT_CROGERS,STG_PORTAL_ARC_HARRIS_COUNTY_OP_795533139C__PLACES,SCORE,TEXT,
LIBRARY_STAGING,DBT_CROGERS,STG_PORTAL_ARC_HARRIS_COUNTY_OP_8549EC1226__RECORDS,PCT,TEXT,
LIBRARY_STAGING,DBT_CROGERS,STG_PORTAL_ARC_HARRIS_COUNTY_OP_86AE12CFC0__PROVIDERS,PCT,TEXT,
LIBRARY_STAGING,DBT_CROGERS,STG_PORTAL_ARC_HARRIS_COUNTY_OP_D354D2D6E2__RECORDS,CORPORATE_PARENT_NAME,TEXT,
LIBRARY_STAGING,DBT_CROGERS,STG_PORTAL_ARC_HARRIS_COUNTY_OP_D354D2D6E2__RECORDS,SCORE,TEXT,
LIBRARY_STAGING,DBT_CROGERS,STG_PORTAL_ARC_HARRIS_COUNTY_OP_FA9969D82E__PROVIDERS,PCT,TEXT,
LIBRARY_STAGING,DBT_CROGERS,STG_PORTAL_ARC_LA_COUNTY_OPEN_D_0A94DB308E__PROVIDERS,LICENSE_EXPIRATION_DATE,TEXT,
LIBRARY_STAGING,DBT_CROGERS,STG_PORTAL_ARC_LA_COUNTY_OPEN_D_0A94DB308E__RECORDS,LICENSE_EXPIRATION_DATE,TEXT,
LIBRARY_STAGING,DBT_CROGERS,STG_PORTAL_ARC_LA_COUNTY_OPEN_D_2E79EB67C8__PLACES,INDEX_CATEGORY,TEXT,
LIBRARY_STAGING,DBT_CROGERS,STG_PORTAL_ARC_LA_COUNTY_OPEN_D_2E79EB67C8__PLACES,OVERALL_INDEX,TEXT,
LIBRARY_STAGING,DBT_CROGERS,STG_PORTAL_ARC_LA_COUNTY_OPEN_D_464355F6D4__PLACES,SCORE,TEXT,
LIBRARY_STAGING,DBT_CROGERS,STG_PORTAL_ARC_LA_COUNTY_OPEN_D_D75E8EA051__FACILITIES,TOTAL_FACILITY_RSEI_SCORE,TEXT,
LIBRARY_STAGING,DBT_CROGERS,STG_PORTAL_ARC_LA_COUNTY_OPEN_D_D75E8EA051__FACILITIES,TOTAL_FACILITY_RSEI_SCORE_CANCE,TEXT,
LIBRARY_STAGING,DBT_CROGERS,STG_PORTAL_ARC_LA_COUNTY_OPEN_D_D75E8EA051__FACILITIES,TOTAL_FACILITY_RSEI_SCORE_NONCA,TEXT,
LIBRARY_STAGING,DBT_CROGERS,STG_PORTAL_ARC_LA_COUNTY_OPEN_D_E549C7C921__FACILITIES,CANCER_RSEI_SCORE_FOR_CHROMIUM,TEXT,
LIBRARY_STAGING,DBT_CROGERS,STG_PORTAL_ARC_LA_COUNTY_OPEN_D_E549C7C921__FACILITIES,NON_CANCER_RSEI_SCORE_FOR_CHROM,TEXT,
LIBRARY_STAGING,DBT_CROGERS,STG_PORTAL_ARC_LA_COUNTY_OPEN_D_E549C7C921__FACILITIES,RSEI_SCORE_FOR_CHROMIUM,TEXT,
LIBRARY_STAGING,DBT_CROGERS,STG_PORTAL_ARC_LA_COUNTY_OPEN_D_E549C7C921__FACILITIES,TOTAL_CANCER_RSEI_SCORE_FOR_ALL,TEXT,
LIBRARY_STAGING,DBT_CROGERS,STG_PORTAL_ARC_LA_COUNTY_OPEN_D_E549C7C921__FACILITIES,TOTAL_NON_CANCER_RSEI_SCORE_FOR,TEXT,
LIBRARY_STAGING,DBT_CROGERS,STG_PORTAL_ARC_LA_COUNTY_OPEN_D_E549C7C921__FACILITIES,TOTAL_RSEI_SCORE_FOR_ALL_MEDIA,TEXT,
LIBRARY_STAGING,DBT_CROGERS,STG_PORTAL_ARC_OPEN_BALTIMORE_6C2257F1C4__FACILITIES,SCORE,TEXT,
LIBRARY_STAGING,DBT_CROGERS,STG_PORTAL_ARC_OPEN_DATA_DC_008BA480F6__FACILITIES,MAR_SCORE,TEXT,
LIBRARY_STAGING,DBT_CROGERS,STG_PORTAL_ARC_OPEN_DATA_DC_01F2D9886C__FACILITIES,MAR_SCORE,TEXT,
LIBRARY_STAGING,DBT_CROGERS,STG_PORTAL_ARC_OPEN_DATA_DC_32AD83D2EC__FACILITIES,MAR_SCORE,TEXT,
LIBRARY_STAGING,DBT_CROGERS,STG_PORTAL_ARC_OPEN_DATA_DC_56C4F04CF0__FACILITIES,MAR_SCORE,TEXT,
LIBRARY_STAGING,DBT_CROGERS,STG_PORTAL_ARC_OPEN_DATA_DC_D359158BC8__RECORDS,ACTUAL_CORPORATE_SALES_VOLUME,TEXT,
LIBRARY_STAGING,DBT_CROGERS,STG_PORTAL_ARC_OPEN_DATA_DC_D359158BC8__RECORDS,ACTUAL_CREDIT_SCORE,TEXT,
LIBRARY_STAGING,DBT_CROGERS,STG_PORTAL_ARC_OPEN_DATA_DC_D359158BC8__RECORDS,CORPORATE_EMPLOYMENT_SIZE_CODE,TEXT,
LIBRARY_STAGING,DBT_CROGERS,STG_PORTAL_ARC_OPEN_DATA_DC_D359158BC8__RECORDS,CORPORATE_EMPLOYMENT_SIZE_DESC,TEXT,
LIBRARY_STAGING,DBT_CROGERS,STG_PORTAL_ARC_OPEN_DATA_DC_D359158BC8__RECORDS,CORPORATE_SALES_VOLUME_CODE,TEXT,
LIBRARY_STAGING,DBT_CROGERS,STG_PORTAL_ARC_OPEN_DATA_DC_D359158BC8__RECORDS,CORPORATE_SALES_VOLUME_DESC,TEXT,
LIBRARY_STAGING,DBT_CROGERS,STG_PORTAL_ARC_OPEN_DATA_DC_D359158BC8__RECORDS,CREDIT_SCORE_CODE,TEXT,
LIBRARY_STAGING,DBT_CROGERS,STG_PORTAL_ARC_OPEN_DATA_DC_D359158BC8__RECORDS,CREDIT_SCORE_DESC,TEXT,
LIBRARY_STAGING,DBT_CROGERS,STG_PORTAL_ARC_OPEN_DATA_DC_D359158BC8__RECORDS,WHITE_COLLAR_PERCENTAGE,TEXT,
LIBRARY_STAGING,DBT_CROGERS,STG_PORTAL_ARC_OPEN_DATA_DC_E1DD5D3551__RECORDS,AVG_LOAD,TEXT,
LIBRARY_STAGING,DBT_CROGERS,STG_PORTAL_ARC_OPEN_DATA_DC_E1DD5D3551__RECORDS,AVG_OUTPUT,TEXT,
LIBRARY_STAGING,DBT_CROGERS,STG_PORTAL_ARC_OPEN_DATA_RALEIG_5E5B26DC88__PLACES,CORPORATE,TEXT,
LIBRARY_STAGING,DBT_CROGERS,STG_PORTAL_ARC_OPEN_DATA_RALEIG_5E5B26DC88__PLACES,CORPORATE1,TEXT,
LIBRARY_STAGING,DBT_CROGERS,STG_PORTAL_ARC_OPEN_DATA_RALEIG_5E5B26DC88__RECORDS,CORPORATE,TEXT,
LIBRARY_STAGING,DBT_CROGERS,STG_PORTAL_ARC_OPEN_DATA_RALEIG_5E5B26DC88__RECORDS,CORPORATE1,TEXT,
LIBRARY_STAGING,DBT_CROGERS,STG_PORTAL_ARC_OPEN_DATA_RALEIG_8EE851C810__RECORDS,ACTUAL_CORPORATE_EMPLOYMENT_SIZ,TEXT,
LIBRARY_STAGING,DBT_CROGERS,STG_PORTAL_ARC_OPEN_DATA_RALEIG_8EE851C810__RECORDS,ACTUAL_CORPORATE_SALES_VOLUME,TEXT,
LIBRARY_STAGING,DBT_CROGERS,STG_PORTAL_ARC_OPEN_DATA_RALEIG_8EE851C810__RECORDS,ACTUAL_CREDIT_SCORE,TEXT,
LIBRARY_STAGING,DBT_CROGERS,STG_PORTAL_ARC_OPEN_DATA_RALEIG_8EE851C810__RECORDS,CORPORATE_EMPLOYMENT_SIZE_CODE,TEXT,
LIBRARY_STAGING,DBT_CROGERS,STG_PORTAL_ARC_OPEN_DATA_RALEIG_8EE851C810__RECORDS,CORPORATE_EMPLOYMENT_SIZE_DESC,TEXT,
LIBRARY_STAGING,DBT_CROGERS,STG_PORTAL_ARC_OPEN_DATA_RALEIG_8EE851C810__RECORDS,CORPORATE_SALES_VOLUME_CODE,TEXT,
LIBRARY_STAGING,DBT_CROGERS,STG_PORTAL_ARC_OPEN_DATA_RALEIG_8EE851C810__RECORDS,CORPORATE_SALES_VOLUME_DESC,TEXT,
LIBRARY_STAGING,DBT_CROGERS,STG_PORTAL_ARC_OPEN_DATA_RALEIG_8EE851C810__RECORDS,CREDIT_SCORE_CODE,TEXT,
LIBRARY_STAGING,DBT_CROGERS,STG_PORTAL_ARC_OPEN_DATA_RALEIG_8EE851C810__RECORDS,CREDIT_SCORE_DESC,TEXT,
LIBRARY_STAGING,DBT_CROGERS,STG_PORTAL_ARC_OPEN_DATA_RALEIG_8EE851C810__RECORDS,WHITE_COLLAR_PERCENTAGE,TEXT,
LIBRARY_STAGING,DBT_CROGERS,STG_PORTAL_ARC_OPEN_DATA_RALEIG_DF19DCBB03__RECORDS,ACTUAL_CORPORATE_EMPLOYMENT_SIZ,TEXT,
LIBRARY_STAGING,DBT_CROGERS,STG_PORTAL_ARC_OPEN_DATA_RALEIG_DF19DCBB03__RECORDS,ACTUAL_CORPORATE_SALES_VOLUME,TEXT,
LIBRARY_STAGING,DBT_CROGERS,STG_PORTAL_ARC_OPEN_DATA_RALEIG_DF19DCBB03__RECORDS,ACTUAL_CREDIT_SCORE,TEXT,
LIBRARY_STAGING,DBT_CROGERS,STG_PORTAL_ARC_OPEN_DATA_RALEIG_DF19DCBB03__RECORDS,CORPORATE_EMPLOYMENT_SIZE_CODE,TEXT,
LIBRARY_STAGING,DBT_CROGERS,STG_PORTAL_ARC_OPEN_DATA_RALEIG_DF19DCBB03__RECORDS,CORPORATE_EMPLOYMENT_SIZE_DESC,TEXT,
LIBRARY_STAGING,DBT_CROGERS,STG_PORTAL_ARC_OPEN_DATA_RALEIG_DF19DCBB03__RECORDS,CORPORATE_SALES_VOLUME_CODE,TEXT,
LIBRARY_STAGING,DBT_CROGERS,STG_PORTAL_ARC_OPEN_DATA_RALEIG_DF19DCBB03__RECORDS,CORPORATE_SALES_VOLUME_DESC,TEXT,
LIBRARY_STAGING,DBT_CROGERS,STG_PORTAL_ARC_OPEN_DATA_RALEIG_DF19DCBB03__RECORDS,CREDIT_SCORE_CODE,TEXT,
LIBRARY_STAGING,DBT_CROGERS,STG_PORTAL_ARC_OPEN_DATA_RALEIG_DF19DCBB03__RECORDS,CREDIT_SCORE_DESC,TEXT,
LIBRARY_STAGING,DBT_CROGERS,STG_PORTAL_ARC_OPEN_DATA_RALEIG_DF19DCBB03__RECORDS,WHITE_COLLAR_PERCENTAGE,TEXT,
LIBRARY_STAGING,DBT_CROGERS,STG_PORTAL_ARC_OPEN_DATA_RALEIG_EFBB617010__RECORDS,ACTUAL_CORPORATE_EMPLOYMENT_SIZ,TEXT,
LIBRARY_STAGING,DBT_CROGERS,STG_PORTAL_ARC_OPEN_DATA_RALEIG_EFBB617010__RECORDS,ACTUAL_CORPORATE_SALES_VOLUME,TEXT,
LIBRARY_STAGING,DBT_CROGERS,STG_PORTAL_ARC_OPEN_DATA_RALEIG_EFBB617010__RECORDS,ACTUAL_CREDIT_SCORE,TEXT,
LIBRARY_STAGING,DBT_CROGERS,STG_PORTAL_ARC_OPEN_DATA_RALEIG_EFBB617010__RECORDS,CORPORATE_EMPLOYMENT_SIZE_CODE,TEXT,
LIBRARY_STAGING,DBT_CROGERS,STG_PORTAL_ARC_OPEN_DATA_RALEIG_EFBB617010__RECORDS,CORPORATE_EMPLOYMENT_SIZE_DESC,TEXT,
LIBRARY_STAGING,DBT_CROGERS,STG_PORTAL_ARC_OPEN_DATA_RALEIG_EFBB617010__RECORDS,CORPORATE_SALES_VOLUME_CODE,TEXT,
LIBRARY_STAGING,DBT_CROGERS,STG_PORTAL_ARC_OPEN_DATA_RALEIG_EFBB617010__RECORDS,CORPORATE_SALES_VOLUME_DESC,TEXT,
LIBRARY_STAGING,DBT_CROGERS,STG_PORTAL_ARC_OPEN_DATA_RALEIG_EFBB617010__RECORDS,CREDIT_SCORE_CODE,TEXT,
LIBRARY_STAGING,DBT_CROGERS,STG_PORTAL_ARC_OPEN_DATA_RALEIG_EFBB617010__RECORDS,CREDIT_SCORE_DESC,TEXT,
LIBRARY_STAGING,DBT_CROGERS,STG_PORTAL_ARC_OPEN_DATA_RALEIG_EFBB617010__RECORDS,WHITE_COLLAR_PERCENTAGE,TEXT,
LIBRARY_STAGING,DBT_CROGERS,STG_PORTAL_ARC_ORANGE_COUNTY_OP_2F4310B675__FACILITIES,OPERATIONAL_STATUS,TEXT,
LIBRARY_STAGING,DBT_CROGERS,STG_PORTAL_ARC_ORANGE_COUNTY_OP_572F3C6271__FACILITIES,OPERATIONAL_STATUS,TEXT,
LIBRARY_STAGING,DBT_CROGERS,STG_PORTAL_ARC_ORANGE_COUNTY_OP_62E4574F5E__FACILITIES,OPERATIONAL_STATUS,TEXT,
LIBRARY_STAGING,DBT_CROGERS,STG_PORTAL_ARC_ORANGE_COUNTY_OP_644FB9535B__PLACES,OPERATIONAL_STATUS,TEXT,
LIBRARY_STAGING,DBT_CROGERS,STG_PORTAL_ARC_ORANGE_COUNTY_OP_644FB9535B__RECORDS,OPERATIONAL_STATUS,TEXT,
LIBRARY_STAGING,DBT_CROGERS,STG_PORTAL_ARC_ORANGE_COUNTY_OP_DD64A3F2B8__FACILITIES,OPERATIONAL_STATUS,TEXT,
LIBRARY_STAGING,DBT_CROGERS,STG_PORTAL_ARC_TN_DATA_TENNESSE_655F6BCC6D__RECORDS,ACTUAL_CORPORATE_EMPLOYMENT_SIZE,TEXT,
LIBRARY_STAGING,DBT_CROGERS,STG_PORTAL_ARC_TN_DATA_TENNESSE_655F6BCC6D__RECORDS,ACTUAL_CORPORATE_SALES_VOLUME,TEXT,
LIBRARY_STAGING,DBT_CROGERS,STG_PORTAL_ARC_TN_DATA_TENNESSE_655F6BCC6D__RECORDS,ACTUAL_CREDIT_SCORE,TEXT,
LIBRARY_STAGING,DBT_CROGERS,STG_PORTAL_ARC_TN_DATA_TENNESSE_655F6BCC6D__RECORDS,CORPORATE_EMPLOYMENT_SIZE_CODE,TEXT,
LIBRARY_STAGING,DBT_CROGERS,STG_PORTAL_ARC_TN_DATA_TENNESSE_655F6BCC6D__RECORDS,CORPORATE_EMPLOYMENT_SIZE_DESC,TEXT,
LIBRARY_STAGING,DBT_CROGERS,STG_PORTAL_ARC_TN_DATA_TENNESSE_655F6BCC6D__RECORDS,CORPORATE_SALES_VOLUME_CODE,TEXT,
LIBRARY_STAGING,DBT_CROGERS,STG_PORTAL_ARC_TN_DATA_TENNESSE_655F6BCC6D__RECORDS,CORPORATE_SALES_VOLUME_DESC,TEXT,
LIBRARY_STAGING,DBT_CROGERS,STG_PORTAL_ARC_TN_DATA_TENNESSE_655F6BCC6D__RECORDS,CREDIT_SCORE_CODE,TEXT,
LIBRARY_STAGING,DBT_CROGERS,STG_PORTAL_ARC_TN_DATA_TENNESSE_655F6BCC6D__RECORDS,CREDIT_SCORE_DESC,TEXT,
LIBRARY_STAGING,DBT_CROGERS,STG_PORTAL_ARC_TN_DATA_TENNESSE_655F6BCC6D__RECORDS,WHITE_COLLAR_PERCENTAGE,TEXT,
LIBRARY_STAGING,DBT_CROGERS,STG_PORTAL_ARC_VERMONT_OPEN_GEO_62F10327D4__PLACES,CHANGEPERCENT2013_2023,TEXT,
LIBRARY_STAGING,DBT_CROGERS,STG_PORTAL_ARC_VERMONT_OPEN_GEO_62F10327D4__PLACES,CONDITION_INDEX_5YEAR,TEXT,
LIBRARY_STAGING,DBT_CROGERS,STG_PORTAL_ARC_WAKE_COUNTY_OPEN_4B425FD089__ORGANIZATIONS,SCORE,TEXT,
LIBRARY_STAGING,DBT_CROGERS,STG_PORTAL_CKA_ANALYZE_BOSTON_D5A9AD584E__FILINGS,VIOLATION_FOR_EXCESSIVE_FLOOR_AREA_RATIO,TEXT,
LIBRARY_STAGING,DBT_CROGERS,STG_PORTAL_CKA_CALIFORNIA_OPEN_21E0E694B5__PLACES,PCT_BARE,TEXT,
LIBRARY_STAGING,DBT_CROGERS,STG_PORTAL_CKA_CALIFORNIA_OPEN_21E0E694B5__PLACES,PCT_HERB,TEXT,
LIBRARY_STAGING,DBT_CROGERS,STG_PORTAL_CKA_CALIFORNIA_OPEN_21E0E694B5__PLACES,PCT_SHRUB,TEXT,
LIBRARY_STAGING,DBT_CROGERS,STG_PORTAL_CKA_CALIFORNIA_OPEN_21E0E694B5__PLACES,PCT_TREE,TEXT,
LIBRARY_STAGING,DBT_CROGERS,STG_PORTAL_CKA_CALIFORNIA_OPEN_35E42B9770__RECORDS,POTABLE_DEMAND_RES_ZSCORE,TEXT,
LIBRARY_STAGING,DBT_CROGERS,STG_PORTAL_CKA_CALIFORNIA_OPEN_35E42B9770__RECORDS,POTABLE_SUPPLY_MINUS_SOLD_MINUS_AG_ZSCORE,TEXT,
LIBRARY_STAGING,DBT_CROGERS,STG_PORTAL_CKA_CALIFORNIA_OPEN_35E42B9770__RECORDS,POTABLE_SUPPLY_MINUS_SOLD_ZSCORE,TEXT,
LIBRARY_STAGING,DBT_CROGERS,STG_PORTAL_CKA_CALIFORNIA_OPEN_35E42B9770__RECORDS,R_GPCD_ZSCORE,TEXT,
LIBRARY_STAGING,DBT_CROGERS,STG_PORTAL_CKA_CALIFORNIA_OPEN_490B55C81B__PLACES,PUMP_RATE_REDUCTION,TEXT,
LIBRARY_STAGING,DBT_CROGERS,STG_PORTAL_CKA_CALIFORNIA_OPEN_490B55C81B__RECORDS,PUMP_RATE_REDUCTION,TEXT,
LIBRARY_STAGING,DBT_CROGERS,STG_PORTAL_CKA_CALIFORNIA_OPEN_7F65D27DB7__RECORDS,ESTIMATED_RESTORATION_DATE_TIME,TEXT,
LIBRARY_STAGING,DBT_CROGERS,STG_PORTAL_CKA_CALIFORNIA_OPEN_823711435D__PLACES,ADMINISTRATION_REGION,TEXT,
LIBRARY_STAGING,DBT_CROGERS,STG_PORTAL_CKA_CALIFORNIA_OPEN_B7D3E2C140__PLACES,ESTIMATED_RESTORATION_DATE_TIME,TEXT,
LIBRARY_STAGING,DBT_CROGERS,STG_PORTAL_CKA_CALIFORNIA_OPEN_C19A7C8625__PLACES,AC_UNBILL_UNMETER_ERR_PERCENT,TEXT,
LIBRARY_STAGING,DBT_CROGERS,STG_PORTAL_CKA_CALIFORNIA_OPEN_C19A7C8625__PLACES,AUDIT_PREPARATION_DATE,TEXT,
LIBRARY_STAGING,DBT_CROGERS,STG_PORTAL_CKA_CALIFORNIA_OPEN_C19A7C8625__PLACES,PI_APPARENT_LOSS_COST_RATE,TEXT,
LIBRARY_STAGING,DBT_CROGERS,STG_PORTAL_CKA_CALIFORNIA_OPEN_C19A7C8625__PLACES,PI_FI_NON_REV_PERCENT_BY_COST,TEXT,
LIBRARY_STAGING,DBT_CROGERS,STG_PORTAL_CKA_CALIFORNIA_OPEN_C19A7C8625__PLACES,PI_FI_NON_REV_PERCENT_BY_VOL,TEXT,
LIBRARY_STAGING,DBT_CROGERS,STG_PORTAL_CKA_CALIFORNIA_OPEN_C19A7C8625__PLACES,PI_INFRASTRUCT_LEAKAGE_INDEX,TEXT,
LIBRARY_STAGING,DBT_CROGERS,STG_PORTAL_CKA_CALIFORNIA_OPEN_C19A7C8625__PLACES,PI_REAL_LOSS_COST_RATE,TEXT,
LIBRARY_STAGING,DBT_CROGERS,STG_PORTAL_CKA_CALIFORNIA_OPEN_C19A7C8625__PLACES,PI_TOTAL_LOSS_COST_RATE,TEXT,
LIBRARY_STAGING,DBT_CROGERS,STG_PORTAL_CKA_CALIFORNIA_OPEN_C19A7C8625__PLACES,SD_AVG_OPER_PRESSURE_COMMENT,TEXT,
LIBRARY_STAGING,DBT_CROGERS,STG_PORTAL_CKA_CALIFORNIA_OPEN_C19A7C8625__PLACES,SD_AVG_OPER_PRESSURE_PSI,TEXT,
LIBRARY_STAGING,DBT_CROGERS,STG_PORTAL_CKA_CALIFORNIA_OPEN_C19A7C8625__PLACES,SD_SERVICE_CON_DENSITY,TEXT,
LIBRARY_STAGING,DBT_CROGERS,STG_PORTAL_CKA_CALIFORNIA_OPEN_C19A7C8625__PLACES,WATER_AUDIT_VALIDITY_SCORE,TEXT,
LIBRARY_STAGING,DBT_CROGERS,STG_PORTAL_CKA_CALIFORNIA_OPEN_C19A7C8625__PLACES,WL_CUST_MTR_INACC_ERR_PERCENT,TEXT,
LIBRARY_STAGING,DBT_CROGERS,STG_PORTAL_CKA_CALIFORNIA_OPEN_C19A7C8625__PLACES,WL_SYS_DATA_ERR_ERR_PERCENT,TEXT,
LIBRARY_STAGING,DBT_CROGERS,STG_PORTAL_CKA_CALIFORNIA_OPEN_C19A7C8625__PLACES,WL_UNAUTH_CONS_ERR_PERCENT,TEXT,
LIBRARY_STAGING,DBT_CROGERS,STG_PORTAL_CKA_CALIFORNIA_OPEN_C19A7C8625__PLACES,WS_EXPORTED_ERR_PERCENT,TEXT,
LIBRARY_STAGING,DBT_CROGERS,STG_PORTAL_CKA_CALIFORNIA_OPEN_C19A7C8625__PLACES,WS_IMPORTED_ERR_PERCENT,TEXT,
LIBRARY_STAGING,DBT_CROGERS,STG_PORTAL_CKA_CALIFORNIA_OPEN_C19A7C8625__PLACES,WS_OWN_SOURCES_ERR_PERCENT,TEXT,
LIBRARY_STAGING,DBT_CROGERS,STG_PORTAL_CKA_CALIFORNIA_OPEN_C19A7C8625__RECORDS,AC_UNBILL_UNMETER_ERR_PERCENT,TEXT,
LIBRARY_STAGING,DBT_CROGERS,STG_PORTAL_CKA_CALIFORNIA_OPEN_C19A7C8625__RECORDS,AUDIT_PREPARATION_DATE,TEXT,
LIBRARY_STAGING,DBT_CROGERS,STG_PORTAL_CKA_CALIFORNIA_OPEN_C19A7C8625__RECORDS,PI_APPARENT_LOSS_COST_RATE,TEXT,
LIBRARY_STAGING,DBT_CROGERS,STG_PORTAL_CKA_CALIFORNIA_OPEN_C19A7C8625__RECORDS,PI_FI_NON_REV_PERCENT_BY_COST,TEXT,
LIBRARY_STAGING,DBT_CROGERS,STG_PORTAL_CKA_CALIFORNIA_OPEN_C19A7C8625__RECORDS,PI_FI_NON_REV_PERCENT_BY_VOL,TEXT,
LIBRARY_STAGING,DBT_CROGERS,STG_PORTAL_CKA_CALIFORNIA_OPEN_C19A7C8625__RECORDS,PI_INFRASTRUCT_LEAKAGE_INDEX,TEXT,
LIBRARY_STAGING,DBT_CROGERS,STG_PORTAL_CKA_CALIFORNIA_OPEN_C19A7C8625__RECORDS,PI_REAL_LOSS_COST_RATE,TEXT,
LIBRARY_STAGING,DBT_CROGERS,STG_PORTAL_CKA_CALIFORNIA_OPEN_C19A7C8625__RECORDS,PI_TOTAL_LOSS_COST_RATE,TEXT,
LIBRARY_STAGING,DBT_CROGERS,STG_PORTAL_CKA_CALIFORNIA_OPEN_C19A7C8625__RECORDS,SD_AVG_OPER_PRESSURE_COMMENT,TEXT,
LIBRARY_STAGING,DBT_CROGERS,STG_PORTAL_CKA_CALIFORNIA_OPEN_C19A7C8625__RECORDS,SD_AVG_OPER_PRESSURE_PSI,TEXT,
LIBRARY_STAGING,DBT_CROGERS,STG_PORTAL_CKA_CALIFORNIA_OPEN_C19A7C8625__RECORDS,SD_SERVICE_CON_DENSITY,TEXT,
LIBRARY_STAGING,DBT_CROGERS,STG_PORTAL_CKA_CALIFORNIA_OPEN_C19A7C8625__RECORDS,WATER_AUDIT_VALIDITY_SCORE,TEXT,
LIBRARY_STAGING,DBT_CROGERS,STG_PORTAL_CKA_CALIFORNIA_OPEN_C19A7C8625__RECORDS,WL_CUST_MTR_INACC_ERR_PERCENT,TEXT,
LIBRARY_STAGING,DBT_CROGERS,STG_PORTAL_CKA_CALIFORNIA_OPEN_C19A7C8625__RECORDS,WL_SYS_DATA_ERR_ERR_PERCENT,TEXT,
LIBRARY_STAGING,DBT_CROGERS,STG_PORTAL_CKA_CALIFORNIA_OPEN_C19A7C8625__RECORDS,WL_UNAUTH_CONS_ERR_PERCENT,TEXT,
LIBRARY_STAGING,DBT_CROGERS,STG_PORTAL_CKA_CALIFORNIA_OPEN_C19A7C8625__RECORDS,WS_EXPORTED_ERR_PERCENT,TEXT,
LIBRARY_STAGING,DBT_CROGERS,STG_PORTAL_CKA_CALIFORNIA_OPEN_C19A7C8625__RECORDS,WS_IMPORTED_ERR_PERCENT,TEXT,
LIBRARY_STAGING,DBT_CROGERS,STG_PORTAL_CKA_CALIFORNIA_OPEN_C19A7C8625__RECORDS,WS_OWN_SOURCES_ERR_PERCENT,TEXT,
LIBRARY_STAGING,DBT_CROGERS,STG_PORTAL_CKA_CALIFORNIA_OPEN_C86733ED60__PLACES,DENSITYMIDPT,TEXT,
LIBRARY_STAGING,DBT_CROGERS,STG_PORTAL_CKA_HOUSTON_OPEN_DAT_07C9C99EB1__EVENTS,SCORE,TEXT,
LIBRARY_STAGING,DBT_CROGERS,STG_PORTAL_CKA_HOUSTON_OPEN_DAT_18A3CA22AF__RECORDS,PER_EFFECTIVE_END_DATE,TEXT,
LIBRARY_STAGING,DBT_CROGERS,STG_PORTAL_CKA_HOUSTON_OPEN_DAT_18A3CA22AF__RECORDS,PER_EFFECTIVE_START_DATE,TEXT,
LIBRARY_STAGING,DBT_CROGERS,STG_PORTAL_CKA_HOUSTON_OPEN_DAT_18A3CA22AF__RECORDS,PER_NUMBER,TEXT,
LIBRARY_STAGING,DBT_CROGERS,STG_PORTAL_CKA_HOUSTON_OPEN_DAT_5848C85560__RECORDS,PERMIT_EXPIRATION_DATE,TEXT,
LIBRARY_STAGING,DBT_CROGERS,STG_PORTAL_CKA_HOUSTON_OPEN_DAT_76E445329F__RECORDS,PERMIT_EXPIRATION_DATE,TEXT,
LIBRARY_STAGING,DBT_CROGERS,STG_PORTAL_CKA_INDIANA_DATA_HUB_83BA6435C2__PLACES,ALL_TESTS_POSITIVE_TEST_RATE,TEXT,
LIBRARY_STAGING,DBT_CROGERS,STG_PORTAL_CKA_INDIANA_DATA_HUB_83BA6435C2__PLACES,ALL_TESTS_POSITIVE_TEST_RATE_MOVING_AVG,TEXT,
LIBRARY_STAGING,DBT_CROGERS,STG_PORTAL_CKA_INDIANA_DATA_HUB_83BA6435C2__PLACES,COVID_COUNT_MOVING_AVG,TEXT,
LIBRARY_STAGING,DBT_CROGERS,STG_PORTAL_CKA_INDIANA_DATA_HUB_83BA6435C2__PLACES,COVID_DEATHS_MOVING_AVG,TEXT,
LIBRARY_STAGING,DBT_CROGERS,STG_PORTAL_CKA_INDIANA_DATA_HUB_83BA6435C2__PLACES,COVID_TESTS_ADMINISTRATED,TEXT,
LIBRARY_STAGING,DBT_CROGERS,STG_PORTAL_CKA_INDIANA_DATA_HUB_83BA6435C2__PLACES,COVID_TESTS_ADMINISTRATED_MOVING_AVG,TEXT,
LIBRARY_STAGING,DBT_CROGERS,STG_PORTAL_CKA_INDIANA_DATA_HUB_83BA6435C2__PLACES,COVID_TESTS_MOVING_AVG,TEXT,
LIBRARY_STAGING,DBT_CROGERS,STG_PORTAL_CKA_INDIANA_DATA_HUB_83BA6435C2__PLACES,POSITIVE_TEST_RATE,TEXT,
LIBRARY_STAGING,DBT_CROGERS,STG_PORTAL_CKA_INDIANA_DATA_HUB_83BA6435C2__PLACES,POSITIVE_TEST_RATE_MOVING_AVG,TEXT,
LIBRARY_STAGING,DBT_CROGERS,STG_PORTAL_CKA_INDIANA_DATA_HUB_83BA6435C2__RECORDS,ALL_TESTS_POSITIVE_TEST_RATE,TEXT,
LIBRARY_STAGING,DBT_CROGERS,STG_PORTAL_CKA_INDIANA_DATA_HUB_83BA6435C2__RECORDS,ALL_TESTS_POSITIVE_TEST_RATE_MOVING_AVG,TEXT,
LIBRARY_STAGING,DBT_CROGERS,STG_PORTAL_CKA_INDIANA_DATA_HUB_83BA6435C2__RECORDS,COVID_COUNT_MOVING_AVG,TEXT,
LIBRARY_STAGING,DBT_CROGERS,STG_PORTAL_CKA_INDIANA_DATA_HUB_83BA6435C2__RECORDS,COVID_DEATHS_MOVING_AVG,TEXT,
LIBRARY_STAGING,DBT_CROGERS,STG_PORTAL_CKA_INDIANA_DATA_HUB_83BA6435C2__RECORDS,COVID_TESTS_ADMINISTRATED,TEXT,
LIBRARY_STAGING,DBT_CROGERS,STG_PORTAL_CKA_INDIANA_DATA_HUB_83BA6435C2__RECORDS,COVID_TESTS_ADMINISTRATED_MOVING_AVG,TEXT,
LIBRARY_STAGING,DBT_CROGERS,STG_PORTAL_CKA_INDIANA_DATA_HUB_83BA6435C2__RECORDS,COVID_TESTS_MOVING_AVG,TEXT,
LIBRARY_STAGING,DBT_CROGERS,STG_PORTAL_CKA_INDIANA_DATA_HUB_83BA6435C2__RECORDS,POSITIVE_TEST_RATE,TEXT,
LIBRARY_STAGING,DBT_CROGERS,STG_PORTAL_CKA_INDIANA_DATA_HUB_83BA6435C2__RECORDS,POSITIVE_TEST_RATE_MOVING_AVG,TEXT,
LIBRARY_STAGING,DBT_CROGERS,STG_PORTAL_CKA_INDIANA_DATA_HUB_90819D705E__PLACES,PERCENTAGE,TEXT,
LIBRARY_STAGING,DBT_CROGERS,STG_PORTAL_CKA_INDIANA_DATA_HUB_BD531B17F6__PLACES,CASE_RATE,TEXT,
LIBRARY_STAGING,DBT_CROGERS,STG_PORTAL_CKA_INDIANA_DATA_HUB_BD531B17F6__PLACES,CASE_SCORE,TEXT,
LIBRARY_STAGING,DBT_CROGERS,STG_PORTAL_CKA_INDIANA_DATA_HUB_BD531B17F6__PLACES,COUNTY_SCORE,TEXT,
LIBRARY_STAGING,DBT_CROGERS,STG_PORTAL_CKA_INDIANA_DATA_HUB_BD531B17F6__PLACES,COUNTY_SCORE_COLOR,TEXT,
LIBRARY_STAGING,DBT_CROGERS,STG_PORTAL_CKA_INDIANA_DATA_HUB_BD531B17F6__PLACES,POSITIVITY_RATE,TEXT,
LIBRARY_STAGING,DBT_CROGERS,STG_PORTAL_CKA_INDIANA_DATA_HUB_BD531B17F6__PLACES,POSITIVITY_SCORE,TEXT,
LIBRARY_STAGING,DBT_CROGERS,STG_PORTAL_CKA_ISRAEL_NATIONAL_12FC0D7B44__PLACES,ACC_INDEX,TEXT,
LIBRARY_STAGING,DBT_CROGERS,STG_PORTAL_CKA_ISRAEL_NATIONAL_32CF786F4C__RECORDS,CERTIFICATE_SCORE_A,TEXT,
LIBRARY_STAGING,DBT_CROGERS,STG_PORTAL_CKA_ISRAEL_NATIONAL_32CF786F4C__RECORDS,CERTIFICATE_SCORE_B,TEXT,
LIBRARY_STAGING,DBT_CROGERS,STG_PORTAL_CKA_ISRAEL_NATIONAL_32CF786F4C__RECORDS,CERTIFICATE_SCORE_PRE,TEXT,
LIBRARY_STAGING,DBT_CROGERS,STG_PORTAL_CKA_ISRAEL_NATIONAL_338EF2B642__RECORDS,AVG_ANNUAL_MANAGEMENT_FEE,TEXT,
LIBRARY_STAGING,DBT_CROGERS,STG_PORTAL_CKA_ISRAEL_NATIONAL_338EF2B642__RECORDS,AVG_ANNUAL_YIELD_TRAILING_3YRS,TEXT,
LIBRARY_STAGING,DBT_CROGERS,STG_PORTAL_CKA_ISRAEL_NATIONAL_338EF2B642__RECORDS,AVG_ANNUAL_YIELD_TRAILING_5YRS,TEXT,
LIBRARY_STAGING,DBT_CROGERS,STG_PORTAL_CKA_ISRAEL_NATIONAL_338EF2B642__RECORDS,AVG_DEPOSIT_FEE,TEXT,
LIBRARY_STAGING,DBT_CROGERS,STG_PORTAL_CKA_ISRAEL_NATIONAL_338EF2B642__RECORDS,CONTROLLING_CORPORATION,TEXT,
LIBRARY_STAGING,DBT_CROGERS,STG_PORTAL_CKA_ISRAEL_NATIONAL_338EF2B642__RECORDS,LIQUID_ASSETS_PERCENT,TEXT,
LIBRARY_STAGING,DBT_CROGERS,STG_PORTAL_CKA_ISRAEL_NATIONAL_338EF2B642__RECORDS,MANAGING_CORPORATION,TEXT,
LIBRARY_STAGING,DBT_CROGERS,STG_PORTAL_CKA_ISRAEL_NATIONAL_338EF2B642__RECORDS,MANAGING_CORPORATION_LEGAL_ID,TEXT,
LIBRARY_STAGING,DBT_CROGERS,STG_PORTAL_CKA_ISRAEL_NATIONAL_338EF2B642__RECORDS,SHARPE_RATIO,TEXT,
LIBRARY_STAGING,DBT_CROGERS,STG_PORTAL_CKA_ISRAEL_NATIONAL_6C5E40114C__RECORDS,AVG_ANNUAL_MANAGEMENT_FEE,TEXT,
LIBRARY_STAGING,DBT_CROGERS,STG_PORTAL_CKA_ISRAEL_NATIONAL_6C5E40114C__RECORDS,AVG_ANNUAL_YIELD_TRAILING_3YRS,TEXT,
LIBRARY_STAGING,DBT_CROGERS,STG_PORTAL_CKA_ISRAEL_NATIONAL_6C5E40114C__RECORDS,AVG_ANNUAL_YIELD_TRAILING_5YRS,TEXT,
LIBRARY_STAGING,DBT_CROGERS,STG_PORTAL_CKA_ISRAEL_NATIONAL_6C5E40114C__RECORDS,AVG_DEPOSIT_FEE,TEXT,
LIBRARY_STAGING,DBT_CROGERS,STG_PORTAL_CKA_ISRAEL_NATIONAL_6C5E40114C__RECORDS,LIQUID_ASSETS_PERCENT,TEXT,
LIBRARY_STAGING,DBT_CROGERS,STG_PORTAL_CKA_ISRAEL_NATIONAL_6C5E40114C__RECORDS,SHARPE_RATIO,TEXT,
LIBRARY_STAGING,DBT_CROGERS,STG_PORTAL_CKA_ISRAEL_NATIONAL_6FA4DE9040__PLACES,ACC_INDEX,TEXT,
LIBRARY_STAGING,DBT_CROGERS,STG_PORTAL_CKA_ISRAEL_NATIONAL_D59087E169__RECORDS,AVG_ANNUAL_MANAGEMENT_FEE,TEXT,
LIBRARY_STAGING,DBT_CROGERS,STG_PORTAL_CKA_ISRAEL_NATIONAL_D59087E169__RECORDS,AVG_ANNUAL_YIELD_TRAILING_3YRS,TEXT,
LIBRARY_STAGING,DBT_CROGERS,STG_PORTAL_CKA_ISRAEL_NATIONAL_D59087E169__RECORDS,AVG_ANNUAL_YIELD_TRAILING_5YRS,TEXT,
LIBRARY_STAGING,DBT_CROGERS,STG_PORTAL_CKA_ISRAEL_NATIONAL_D59087E169__RECORDS,AVG_DEPOSIT_FEE,TEXT,
LIBRARY_STAGING,DBT_CROGERS,STG_PORTAL_CKA_ISRAEL_NATIONAL_D59087E169__RECORDS,CONTROLLING_CORPORATION,TEXT,
LIBRARY_STAGING,DBT_CROGERS,STG_PORTAL_CKA_ISRAEL_NATIONAL_D59087E169__RECORDS,LIQUID_ASSETS_PERCENT,TEXT,
LIBRARY_STAGING,DBT_CROGERS,STG_PORTAL_CKA_ISRAEL_NATIONAL_D59087E169__RECORDS,MANAGING_CORPORATION,TEXT,
LIBRARY_STAGING,DBT_CROGERS,STG_PORTAL_CKA_ISRAEL_NATIONAL_D59087E169__RECORDS,MANAGING_CORPORATION_LEGAL_ID,TEXT,
LIBRARY_STAGING,DBT_CROGERS,STG_PORTAL_CKA_ISRAEL_NATIONAL_D59087E169__RECORDS,SHARPE_RATIO,TEXT,
LIBRARY_STAGING,DBT_CROGERS,STG_PORTAL_CKA_OPEN_DATA_SA_1C37EE3869__PLACES,WEIGHTED_PAVEMENT_CONDITION_INDEX,TEXT,
LIBRARY_STAGING,DBT_CROGERS,STG_PORTAL_CKA_OPEN_DATA_SA_1C37EE3869__RECORDS,WEIGHTED_PAVEMENT_CONDITION_INDEX,TEXT,
LIBRARY_STAGING,DBT_CROGERS,STG_PORTAL_CKA_OPEN_DATA_SA_2C667A6FC6__PLACES,SIDEWALKSCORE,TEXT,
LIBRARY_STAGING,DBT_CROGERS,STG_PORTAL_CKA_OPEN_DATA_SA_9DCA88D285__PLACES,PERCENT_COMPLETE,TEXT,
LIBRARY_STAGING,DBT_CROGERS,STG_PORTAL_CKA_OPEN_DATA_SA_9DCA88D285__PLACES,UPPER_LIMIT,TEXT,
LIBRARY_STAGING,DBT_CROGERS,STG_PORTAL_CKA_OPEN_DATA_SA_9DCA88D285__RECORDS,PERCENT_COMPLETE,TEXT,
LIBRARY_STAGING,DBT_CROGERS,STG_PORTAL_CKA_OPEN_DATA_SA_9DCA88D285__RECORDS,UPPER_LIMIT,TEXT,
LIBRARY_STAGING,DBT_CROGERS,STG_PORTAL_CKA_OPEN_DATA_SA_C7CF87B213__PLACES,CROSSSLOPEINDEX,TEXT,
LIBRARY_STAGING,DBT_CROGERS,STG_PORTAL_CKA_OPEN_DATA_SA_C7CF87B213__PLACES,HORIZONTALDISCONTINUITYINDEX,TEXT,
LIBRARY_STAGING,DBT_CROGERS,STG_PORTAL_CKA_OPEN_DATA_SA_C7CF87B213__PLACES,HORIZONTALOBSTRUCTIONINDEX,TEXT,
LIBRARY_STAGING,DBT_CROGERS,STG_PORTAL_CKA_OPEN_DATA_SA_C7CF87B213__PLACES,SIDEWALKCONDITIONINDEX,TEXT,
LIBRARY_STAGING,DBT_CROGERS,STG_PORTAL_CKA_OPEN_DATA_SA_C7CF87B213__PLACES,SIDEWALKSCORE,TEXT,
LIBRARY_STAGING,DBT_CROGERS,STG_PORTAL_CKA_OPEN_DATA_SA_C7CF87B213__PLACES,SIDEWALKUTILITYINDEX,TEXT,
LIBRARY_STAGING,DBT_CROGERS,STG_PORTAL_CKA_OPEN_DATA_SA_C7CF87B213__PLACES,VERTICALDISPLACEMENTINDEX,TEXT,
LIBRARY_STAGING,DBT_CROGERS,STG_PORTAL_CKA_OPEN_DATA_SA_C7CF87B213__PLACES,VERTICALOBSTRUCTIONINDEX,TEXT,
LIBRARY_STAGING,DBT_CROGERS,STG_PORTAL_CKA_OPEN_DATA_SA_E078D81651__PLACES,EXPIRATIONDATE,TEXT,
LIBRARY_STAGING,DBT_CROGERS,STG_PORTAL_CKA_OPEN_DATA_SA_E83E833A45__PLACES,PERCENT_COMPLETE,TEXT,
LIBRARY_STAGING,DBT_CROGERS,STG_PORTAL_CKA_OPEN_DATA_SA_E83E833A45__PLACES,SCORE,TEXT,
LIBRARY_STAGING,DBT_CROGERS,STG_PORTAL_CKA_SAN_JOSE_OPEN_DA_0D51EC3643__PLACES,INCORPORATED,TEXT,
LIBRARY_STAGING,DBT_CROGERS,STG_PORTAL_CKA_SAN_JOSE_OPEN_DA_151F8E4DBB__PLACES,INCORPORATED,TEXT,
LIBRARY_STAGING,DBT_CROGERS,STG_PORTAL_CKA_SAN_JOSE_OPEN_DA_17DD46EA4D__PLACES,EQUITYSCORE,TEXT,
LIBRARY_STAGING,DBT_CROGERS,STG_PORTAL_CKA_SAN_JOSE_OPEN_DA_2789EF054E__PLACES,INCORPORATED,TEXT,
LIBRARY_STAGING,DBT_CROGERS,STG_PORTAL_CKA_SAN_JOSE_OPEN_DA_2A3D59095B__PLACES,INCORPORATED,TEXT,
LIBRARY_STAGING,DBT_CROGERS,STG_PORTAL_CKA_SAN_JOSE_OPEN_DA_98849B65EE__PLACES,BENCHSCORETOTAL,TEXT,
LIBRARY_STAGING,DBT_CROGERS,STG_PORTAL_CKA_SAN_JOSE_OPEN_DA_98849B65EE__PLACES,BIKESCORETOTAL,TEXT,
LIBRARY_STAGING,DBT_CROGERS,STG_PORTAL_CKA_SAN_JOSE_OPEN_DA_98849B65EE__PLACES,COURTSCORETOTAL,TEXT,
LIBRARY_STAGING,DBT_CROGERS,STG_PORTAL_CKA_SAN_JOSE_OPEN_DA_98849B65EE__PLACES,DEVLANDSCORETOTAL,TEXT,
LIBRARY_STAGING,DBT_CROGERS,STG_PORTAL_CKA_SAN_JOSE_OPEN_DA_98849B65EE__PLACES,DOGPARKSCORETOTAL,TEXT,
LIBRARY_STAGING,DBT_CROGERS,STG_PORTAL_CKA_SAN_JOSE_OPEN_DA_98849B65EE__PLACES,DRINKFTNSCORETOTAL,TEXT,
LIBRARY_STAGING,DBT_CROGERS,STG_PORTAL_CKA_SAN_JOSE_OPEN_DA_98849B65EE__PLACES,EXERSTASCORETOTAL,TEXT,
LIBRARY_STAGING,DBT_CROGERS,STG_PORTAL_CKA_SAN_JOSE_OPEN_DA_98849B65EE__PLACES,FIELDSCORETOTAL,TEXT,
LIBRARY_STAGING,DBT_CROGERS,STG_PORTAL_CKA_SAN_JOSE_OPEN_DA_98849B65EE__PLACES,HARDSCAPESCORETOTAL,TEXT,
LIBRARY_STAGING,DBT_CROGERS,STG_PORTAL_CKA_SAN_JOSE_OPEN_DA_98849B65EE__PLACES,HPIPCTILE,TEXT,
LIBRARY_STAGING,DBT_CROGERS,STG_PORTAL_CKA_SAN_JOSE_OPEN_DA_98849B65EE__PLACES,OVERALLSCORE,TEXT,
LIBRARY_STAGING,DBT_CROGERS,STG_PORTAL_CKA_SAN_JOSE_OPEN_DA_98849B65EE__PLACES,PICNICSCORETOTAL,TEXT,
LIBRARY_STAGING,DBT_CROGERS,STG_PORTAL_CKA_SAN_JOSE_OPEN_DA_98849B65EE__PLACES,PKLOTSCORETOTAL,TEXT,
LIBRARY_STAGING,DBT_CROGERS,STG_PORTAL_CKA_SAN_JOSE_OPEN_DA_98849B65EE__PLACES,PLANTSCORETOTAL,TEXT,
LIBRARY_STAGING,DBT_CROGERS,STG_PORTAL_CKA_SAN_JOSE_OPEN_DA_98849B65EE__PLACES,PLAYGROUNDSCORETOTAL,TEXT,
LIBRARY_STAGING,DBT_CROGERS,STG_PORTAL_CKA_SAN_JOSE_OPEN_DA_98849B65EE__PLACES,RESTROOMSCORETOTAL,TEXT,
LIBRARY_STAGING,DBT_CROGERS,STG_PORTAL_CKA_SAN_JOSE_OPEN_DA_98849B65EE__PLACES,SKATEPARKSCORETOTAL,TEXT,
LIBRARY_STAGING,DBT_CROGERS,STG_PORTAL_CKA_SAN_JOSE_OPEN_DA_98849B65EE__PLACES,TREESSCORETOTAL,TEXT,
LIBRARY_STAGING,DBT_CROGERS,STG_PORTAL_CKA_SAN_JOSE_OPEN_DA_98849B65EE__PLACES,TURFSCORETOTAL,TEXT,
LIBRARY_STAGING,DBT_CROGERS,STG_PORTAL_CKA_SAN_JOSE_OPEN_DA_98849B65EE__PLACES,UNDEVLANDSCORETOTAL,TEXT,
LIBRARY_STAGING,DBT_CROGERS,STG_PORTAL_CKA_SAN_JOSE_OPEN_DA_98849B65EE__PLACES,WASTERECSCORETOTAL,TEXT,
LIBRARY_STAGING,DBT_CROGERS,STG_PORTAL_CKA_SAN_JOSE_OPEN_DA_98849B65EE__PLACES,WATERMGMTSCORETOTAL,TEXT,
LIBRARY_STAGING,DBT_CROGERS,STG_PORTAL_CKA_SAN_JOSE_OPEN_DA_98849B65EE__RECORDS,BENCHSCORETOTAL,TEXT,
LIBRARY_STAGING,DBT_CROGERS,STG_PORTAL_CKA_SAN_JOSE_OPEN_DA_98849B65EE__RECORDS,BIKESCORETOTAL,TEXT,
LIBRARY_STAGING,DBT_CROGERS,STG_PORTAL_CKA_SAN_JOSE_OPEN_DA_98849B65EE__RECORDS,COURTSCORETOTAL,TEXT,
LIBRARY_STAGING,DBT_CROGERS,STG_PORTAL_CKA_SAN_JOSE_OPEN_DA_98849B65EE__RECORDS,DEVLANDSCORETOTAL,TEXT,
LIBRARY_STAGING,DBT_CROGERS,STG_PORTAL_CKA_SAN_JOSE_OPEN_DA_98849B65EE__RECORDS,DOGPARKSCORETOTAL,TEXT,
LIBRARY_STAGING,DBT_CROGERS,STG_PORTAL_CKA_SAN_JOSE_OPEN_DA_98849B65EE__RECORDS,DRINKFTNSCORETOTAL,TEXT,
LIBRARY_STAGING,DBT_CROGERS,STG_PORTAL_CKA_SAN_JOSE_OPEN_DA_98849B65EE__RECORDS,EXERSTASCORETOTAL,TEXT,
LIBRARY_STAGING,DBT_CROGERS,STG_PORTAL_CKA_SAN_JOSE_OPEN_DA_98849B65EE__RECORDS,FIELDSCORETOTAL,TEXT,
LIBRARY_STAGING,DBT_CROGERS,STG_PORTAL_CKA_SAN_JOSE_OPEN_DA_98849B65EE__RECORDS,HARDSCAPESCORETOTAL,TEXT,
LIBRARY_STAGING,DBT_CROGERS,STG_PORTAL_CKA_SAN_JOSE_OPEN_DA_98849B65EE__RECORDS,HPIPCTILE,TEXT,
LIBRARY_STAGING,DBT_CROGERS,STG_PORTAL_CKA_SAN_JOSE_OPEN_DA_98849B65EE__RECORDS,OVERALLSCORE,TEXT,
LIBRARY_STAGING,DBT_CROGERS,STG_PORTAL_CKA_SAN_JOSE_OPEN_DA_98849B65EE__RECORDS,PICNICSCORETOTAL,TEXT,
LIBRARY_STAGING,DBT_CROGERS,STG_PORTAL_CKA_SAN_JOSE_OPEN_DA_98849B65EE__RECORDS,PKLOTSCORETOTAL,TEXT,
LIBRARY_STAGING,DBT_CROGERS,STG_PORTAL_CKA_SAN_JOSE_OPEN_DA_98849B65EE__RECORDS,PLANTSCORETOTAL,TEXT,
LIBRARY_STAGING,DBT_CROGERS,STG_PORTAL_CKA_SAN_JOSE_OPEN_DA_98849B65EE__RECORDS,PLAYGROUNDSCORETOTAL,TEXT,
LIBRARY_STAGING,DBT_CROGERS,STG_PORTAL_CKA_SAN_JOSE_OPEN_DA_98849B65EE__RECORDS,RESTROOMSCORETOTAL,TEXT,
LIBRARY_STAGING,DBT_CROGERS,STG_PORTAL_CKA_SAN_JOSE_OPEN_DA_98849B65EE__RECORDS,SKATEPARKSCORETOTAL,TEXT,
LIBRARY_STAGING,DBT_CROGERS,STG_PORTAL_CKA_SAN_JOSE_OPEN_DA_98849B65EE__RECORDS,TREESSCORETOTAL,TEXT,
LIBRARY_STAGING,DBT_CROGERS,STG_PORTAL_CKA_SAN_JOSE_OPEN_DA_98849B65EE__RECORDS,TURFSCORETOTAL,TEXT,
LIBRARY_STAGING,DBT_CROGERS,STG_PORTAL_CKA_SAN_JOSE_OPEN_DA_98849B65EE__RECORDS,UNDEVLANDSCORETOTAL,TEXT,
LIBRARY_STAGING,DBT_CROGERS,STG_PORTAL_CKA_SAN_JOSE_OPEN_DA_98849B65EE__RECORDS,WASTERECSCORETOTAL,TEXT,
LIBRARY_STAGING,DBT_CROGERS,STG_PORTAL_CKA_SAN_JOSE_OPEN_DA_98849B65EE__RECORDS,WATERMGMTSCORETOTAL,TEXT,
LIBRARY_STAGING,DBT_CROGERS,STG_PORTAL_CKA_SAN_JOSE_OPEN_DA_9BCCE40A0F__PLACES,EXPIRATION,TEXT,
LIBRARY_STAGING,DBT_CROGERS,STG_PORTAL_CKA_SAN_JOSE_OPEN_DA_AD9C79B3A8__PLACES,INCORPORATED,TEXT,
LIBRARY_STAGING,DBT_CROGERS,STG_PORTAL_CKA_SAN_JOSE_OPEN_DA_D8576CBEB1__PLACES,EXPIRATIONDATE,TEXT,
LIBRARY_STAGING,DBT_CROGERS,STG_PORTAL_CKA_SAN_JOSE_OPEN_DA_FAAD5A2133__PLACES,INCORPORATED,TEXT,
LIBRARY_STAGING,DBT_CROGERS,STG_PORTAL_CKA_TAMPA_OPEN_DATA_6C25EA91D4__RECORDS,PERCENTAMOUNT,TEXT,
LIBRARY_STAGING,DBT_CROGERS,STG_PORTAL_CKA_VIRGINIA_OPEN_DA_651C0C423A__PLACES,EXPIRATION_DATE,TEXT,
LIBRARY_STAGING,DBT_CROGERS,STG_PORTAL_CKA_VIRGINIA_OPEN_DA_651C0C423A__RECORDS,EXPIRATION_DATE,TEXT,
LIBRARY_STAGING,DBT_CROGERS,STG_PORTAL_CKA_VIRGINIA_OPEN_DA_CBC7FE8B75__PLACES,HRI_INCIDENT_COUNT_MEAN,TEXT,
LIBRARY_STAGING,DBT_CROGERS,STG_PORTAL_CKA_VIRGINIA_OPEN_DA_CBC7FE8B75__RECORDS,HRI_INCIDENT_COUNT_MEAN,TEXT,
LIBRARY_STAGING,DBT_CROGERS,STG_PORTAL_CKA_WESTERN_PENNSYLV_09335A764B__RECORDS,DURATION,TEXT,
LIBRARY_STAGING,DBT_CROGERS,STG_PORTAL_CKA_WESTERN_PENNSYLV_0DD7796234__PLACES,MEDIAN_SPEED,TEXT,
LIBRARY_STAGING,DBT_CROGERS,STG_PORTAL_CKA_WESTERN_PENNSYLV_0DD7796234__PLACES,PERCENT_OVER_LIMIT,TEXT,
LIBRARY_STAGING,DBT_CROGERS,STG_PORTAL_CKA_WESTERN_PENNSYLV_0DD7796234__PLACES,SPEED85_PERCENT,TEXT,
LIBRARY_STAGING,DBT_CROGERS,STG_PORTAL_CKA_WESTERN_PENNSYLV_0DD7796234__PLACES,SPEED95_PERCENT,TEXT,
LIBRARY_STAGING,DBT_CROGERS,STG_PORTAL_CKA_WESTERN_PENNSYLV_11AEBE4994__PLACES,RATIO,TEXT,
LIBRARY_STAGING,DBT_CROGERS,STG_PORTAL_CKA_WESTERN_PENNSYLV_23B8B5B7D2__PLACES,LATEST_INSPECTION_SCORE,TEXT,
LIBRARY_STAGING,DBT_CROGERS,STG_PORTAL_CKA_WESTERN_PENNSYLV_23B8B5B7D2__RECORDS,LATEST_INSPECTION_SCORE,TEXT,
LIBRARY_STAGING,DBT_CROGERS,STG_PORTAL_CKA_WESTERN_PENNSYLV_26625D455C__PLACES,HOURS_OF_OPERATION,TEXT,
LIBRARY_STAGING,DBT_CROGERS,STG_PORTAL_CKA_WESTERN_PENNSYLV_2DCBF2873B__PLACES,RCO_EXPIRATION_DATE,TEXT,
LIBRARY_STAGING,DBT_CROGERS,STG_PORTAL_CKA_WESTERN_PENNSYLV_305157E72F__PLACES,RATE,TEXT,
LIBRARY_STAGING,DBT_CROGERS,STG_PORTAL_CKA_WESTERN_PENNSYLV_305157E72F__PLACES,RATE2,TEXT,
LIBRARY_STAGING,DBT_CROGERS,STG_PORTAL_CKA_WESTERN_PENNSYLV_305157E72F__PLACES,RATETIMEA,TEXT,
LIBRARY_STAGING,DBT_CROGERS,STG_PORTAL_CKA_WESTERN_PENNSYLV_305157E72F__PLACES,RATETIMEB,TEXT,
LIBRARY_STAGING,DBT_CROGERS,STG_PORTAL_CKA_WESTERN_PENNSYLV_372D1987DB__PLACES,EXPIRATION_DATE,TEXT,
LIBRARY_STAGING,DBT_CROGERS,STG_PORTAL_CKA_WESTERN_PENNSYLV_5B3C7AE148__PLACES,CONFIGURATION,TEXT,
LIBRARY_STAGING,DBT_CROGERS,STG_PORTAL_CKA_WESTERN_PENNSYLV_645F59A90F__PLACES,LOWMODPCT2,TEXT,
LIBRARY_STAGING,DBT_CROGERS,STG_PORTAL_CKA_WESTERN_PENNSYLV_69C80C6F70__PLACES,INDEX,TEXT,
LIBRARY_STAGING,DBT_CROGERS,STG_PORTAL_CKA_WESTERN_PENNSYLV_69C80C6F70__PLACES,INDEX_ID,TEXT,
LIBRARY_STAGING,DBT_CROGERS,STG_PORTAL_CKA_WESTERN_PENNSYLV_769BEBAE41__RECORDS,TRIPDURATION,TEXT,
LIBRARY_STAGING,DBT_CROGERS,STG_PORTAL_CKA_WESTERN_PENNSYLV_8B4D96292C__PLACES,RATE,TEXT,
LIBRARY_STAGING,DBT_CROGERS,STG_PORTAL_CKA_WESTERN_PENNSYLV_8B4D96292C__PLACES,RATES,TEXT,
LIBRARY_STAGING,DBT_CROGERS,STG_PORTAL_CKA_WESTERN_PENNSYLV_B25E480DFC__ASSETS,HOLIDAY_HOURS_OF_OPERATION,TEXT,
LIBRARY_STAGING,DBT_CROGERS,STG_PORTAL_CKA_WESTERN_PENNSYLV_B25E480DFC__ASSETS,HOURS_OF_OPERATION,TEXT,
LIBRARY_STAGING,DBT_CROGERS,STG_PORTAL_CKA_WESTERN_PENNSYLV_ED65B530A3__PLACES,AVG_NS_BUS,TEXT,
LIBRARY_STAGING,DBT_CROGERS,STG_PORTAL_CKA_WESTERN_PENNSYLV_ED65B530A3__PLACES,AVG_NS_OTH,TEXT,
LIBRARY_STAGING,DBT_CROGERS,STG_PORTAL_CKA_WESTERN_PENNSYLV_ED65B530A3__PLACES,AVG_NS_RES,TEXT,
LIBRARY_STAGING,DBT_CROGERS,STG_PORTAL_CKA_WESTERN_PENNSYLV_ED65B530A3__PLACES,AVG_VAC_B,TEXT,
LIBRARY_STAGING,DBT_CROGERS,STG_PORTAL_CKA_WESTERN_PENNSYLV_ED65B530A3__PLACES,AVG_VAC_O,TEXT,
LIBRARY_STAGING,DBT_CROGERS,STG_PORTAL_CKA_WESTERN_PENNSYLV_ED65B530A3__PLACES,AVG_VAC_R,TEXT,
LIBRARY_STAGING,DBT_CROGERS,STG_PORTAL_CKA_WESTERN_PENNSYLV_ED65B530A3__PLACES,TOTAL_AVG_VAC,TEXT,
LIBRARY_STAGING,DBT_CROGERS,STG_PORTAL_CKA_WESTERN_PENNSYLV_ED65B530A3__RECORDS,AVG_NS_BUS,TEXT,
LIBRARY_STAGING,DBT_CROGERS,STG_PORTAL_CKA_WESTERN_PENNSYLV_ED65B530A3__RECORDS,AVG_NS_OTH,TEXT,
LIBRARY_STAGING,DBT_CROGERS,STG_PORTAL_CKA_WESTERN_PENNSYLV_ED65B530A3__RECORDS,AVG_NS_RES,TEXT,
LIBRARY_STAGING,DBT_CROGERS,STG_PORTAL_CKA_WESTERN_PENNSYLV_ED65B530A3__RECORDS,AVG_VAC_B,TEXT,
LIBRARY_STAGING,DBT_CROGERS,STG_PORTAL_CKA_WESTERN_PENNSYLV_ED65B530A3__RECORDS,AVG_VAC_O,TEXT,
LIBRARY_STAGING,DBT_CROGERS,STG_PORTAL_CKA_WESTERN_PENNSYLV_ED65B530A3__RECORDS,AVG_VAC_R,TEXT,
LIBRARY_STAGING,DBT_CROGERS,STG_PORTAL_CKA_WESTERN_PENNSYLV_ED65B530A3__RECORDS,TOTAL_AVG_VAC,TEXT,
LIBRARY_STAGING,DBT_CROGERS,STG_PORTAL_CKA_WESTERN_PENNSYLV_F810ADDEEC__PLACES,MEANCURVATURE,TEXT,
LIBRARY_STAGING,DBT_CROGERS,STG_PORTAL_CKA_WESTERN_PENNSYLV_F810ADDEEC__PLACES,MEANGENERALTEMPERATUREOVER30DAYSBEFORELANDSLIDE,TEXT,
LIBRARY_STAGING,DBT_CROGERS,STG_PORTAL_CKA_WESTERN_PENNSYLV_F810ADDEEC__PLACES,MEANGENERALTEMPERATUREOVER365DAYSBEFORELANDSLIDE,TEXT,
LIBRARY_STAGING,DBT_CROGERS,STG_PORTAL_CKA_WESTERN_PENNSYLV_F810ADDEEC__PLACES,MEANGENERALTEMPERATUREOVER7DAYSBEFORELANDSLIDE,TEXT,
LIBRARY_STAGING,DBT_CROGERS,STG_PORTAL_CKA_WESTERN_PENNSYLV_F810ADDEEC__PLACES,MEANLENGTHOFFREEZETHAWCYCLESOVER30DAYSBEFORELANDSLIDE,TEXT,
LIBRARY_STAGING,DBT_CROGERS,STG_PORTAL_CKA_WESTERN_PENNSYLV_F810ADDEEC__PLACES,MEANLENGTHOFFREEZETHAWCYCLESOVER365DAYSBEFORELANDSLIDE,TEXT,
LIBRARY_STAGING,DBT_CROGERS,STG_PORTAL_CKA_WESTERN_PENNSYLV_F810ADDEEC__PLACES,MEANLENGTHOFFREEZETHAWCYCLESOVER7DAYSBEFORELANDSLIDE,TEXT,
LIBRARY_STAGING,DBT_CROGERS,STG_PORTAL_CKA_WESTERN_PENNSYLV_F810ADDEEC__PLACES,MEANPRECIPITATIONATDAYOFLANDSLIDE,TEXT,
LIBRARY_STAGING,DBT_CROGERS,STG_PORTAL_CKA_WESTERN_PENNSYLV_F810ADDEEC__PLACES,MEANPRECIPITATIONOVER180DAYSBEFORELANDSLIDE,TEXT,
LIBRARY_STAGING,DBT_CROGERS,STG_PORTAL_CKA_WESTERN_PENNSYLV_F810ADDEEC__PLACES,MEANPRECIPITATIONOVER2DAYSBEFORELANDSLIDE,TEXT,
LIBRARY_STAGING,DBT_CROGERS,STG_PORTAL_CKA_WESTERN_PENNSYLV_F810ADDEEC__PLACES,MEANPRECIPITATIONOVER30DAYSBEFORELANDSLIDE,TEXT,
LIBRARY_STAGING,DBT_CROGERS,STG_PORTAL_CKA_WESTERN_PENNSYLV_F810ADDEEC__PLACES,MEANPRECIPITATIONOVER7DAYSBEFORELANDSLIDE,TEXT,
LIBRARY_STAGING,DBT_CROGERS,STG_PORTAL_CKA_WESTERN_PENNSYLV_F810ADDEEC__PLACES,MEANPRECIPITATIONOVER90DAYSBEFORELANDSLIDE,TEXT,
LIBRARY_STAGING,DBT_CROGERS,STG_PORTAL_CKA_WESTERN_PENNSYLV_F810ADDEEC__PLACES,MEANTEMPERATUREOFFREEZECYCLESOVER30DAYSBEFORELANDSLIDE,TEXT,
LIBRARY_STAGING,DBT_CROGERS,STG_PORTAL_CKA_WESTERN_PENNSYLV_F810ADDEEC__PLACES,MEANTEMPERATUREOFFREEZECYCLESOVER365DAYSBEFORELANDSLIDE,TEXT,
LIBRARY_STAGING,DBT_CROGERS,STG_PORTAL_CKA_WESTERN_PENNSYLV_F810ADDEEC__PLACES,MEANTEMPERATUREOFFREEZECYCLESOVER7DAYSBEFORELANDSLIDE,TEXT,
LIBRARY_STAGING,DBT_CROGERS,STG_PORTAL_CKA_WESTERN_PENNSYLV_F810ADDEEC__PLACES,MEANTEMPERATUREOFTHAWCYCLESOVER30DAYSBEFORELANDSLIDE,TEXT,
LIBRARY_STAGING,DBT_CROGERS,STG_PORTAL_CKA_WESTERN_PENNSYLV_F810ADDEEC__PLACES,MEANTEMPERATUREOFTHAWCYCLESOVER365DAYSBEFORELANDSLIDE,TEXT,
LIBRARY_STAGING,DBT_CROGERS,STG_PORTAL_CKA_WESTERN_PENNSYLV_F810ADDEEC__PLACES,MEANTEMPERATUREOFTHAWCYCLESOVER7DAYSBEFORELANDSLIDE,TEXT,
LIBRARY_STAGING,DBT_CROGERS,STG_PORTAL_CKA_WESTERN_PENNSYLV_F810ADDEEC__PLACES,NUMBEROFFREEZETHAWALTERATIONSOVER30DAYSBEFORELANDSLIDE,TEXT,
LIBRARY_STAGING,DBT_CROGERS,STG_PORTAL_CKA_WESTERN_PENNSYLV_F810ADDEEC__PLACES,NUMBEROFFREEZETHAWALTERATIONSOVER365DAYSBEFORELANDSLIDE,TEXT,
LIBRARY_STAGING,DBT_CROGERS,STG_PORTAL_CKA_WESTERN_PENNSYLV_F810ADDEEC__PLACES,NUMBEROFFREEZETHAWALTERATIONSOVER7DAYSBEFORELANDSLIDE,TEXT,
LIBRARY_STAGING,DBT_CROGERS,STG_PORTAL_CKA_WESTERN_PENNSYLV_F810ADDEEC__PLACES,SATURATEDHYDRAULICCONDUCTIVITY,TEXT,
LIBRARY_STAGING,DBT_CROGERS,STG_PORTAL_CKA_WESTERN_PENNSYLV_F810ADDEEC__PLACES,WETNESSINDEX,TEXT,
LIBRARY_STAGING,DBT_CROGERS,STG_PORTAL_CKA_WESTERN_PENNSYLV_F810ADDEEC__RECORDS,MEANCURVATURE,TEXT,
LIBRARY_STAGING,DBT_CROGERS,STG_PORTAL_CKA_WESTERN_PENNSYLV_F810ADDEEC__RECORDS,MEANGENERALTEMPERATUREOVER30DAYSBEFORELANDSLIDE,TEXT,
LIBRARY_STAGING,DBT_CROGERS,STG_PORTAL_CKA_WESTERN_PENNSYLV_F810ADDEEC__RECORDS,MEANGENERALTEMPERATUREOVER365DAYSBEFORELANDSLIDE,TEXT,
LIBRARY_STAGING,DBT_CROGERS,STG_PORTAL_CKA_WESTERN_PENNSYLV_F810ADDEEC__RECORDS,MEANGENERALTEMPERATUREOVER7DAYSBEFORELANDSLIDE,TEXT,
LIBRARY_STAGING,DBT_CROGERS,STG_PORTAL_CKA_WESTERN_PENNSYLV_F810ADDEEC__RECORDS,MEANLENGTHOFFREEZETHAWCYCLESOVER30DAYSBEFORELANDSLIDE,TEXT,
LIBRARY_STAGING,DBT_CROGERS,STG_PORTAL_CKA_WESTERN_PENNSYLV_F810ADDEEC__RECORDS,MEANLENGTHOFFREEZETHAWCYCLESOVER365DAYSBEFORELANDSLIDE,TEXT,
LIBRARY_STAGING,DBT_CROGERS,STG_PORTAL_CKA_WESTERN_PENNSYLV_F810ADDEEC__RECORDS,MEANLENGTHOFFREEZETHAWCYCLESOVER7DAYSBEFORELANDSLIDE,TEXT,
LIBRARY_STAGING,DBT_CROGERS,STG_PORTAL_CKA_WESTERN_PENNSYLV_F810ADDEEC__RECORDS,MEANPRECIPITATIONATDAYOFLANDSLIDE,TEXT,
LIBRARY_STAGING,DBT_CROGERS,STG_PORTAL_CKA_WESTERN_PENNSYLV_F810ADDEEC__RECORDS,MEANPRECIPITATIONOVER180DAYSBEFORELANDSLIDE,TEXT,
LIBRARY_STAGING,DBT_CROGERS,STG_PORTAL_CKA_WESTERN_PENNSYLV_F810ADDEEC__RECORDS,MEANPRECIPITATIONOVER2DAYSBEFORELANDSLIDE,TEXT,
LIBRARY_STAGING,DBT_CROGERS,STG_PORTAL_CKA_WESTERN_PENNSYLV_F810ADDEEC__RECORDS,MEANPRECIPITATIONOVER30DAYSBEFORELANDSLIDE,TEXT,
LIBRARY_STAGING,DBT_CROGERS,STG_PORTAL_CKA_WESTERN_PENNSYLV_F810ADDEEC__RECORDS,MEANPRECIPITATIONOVER7DAYSBEFORELANDSLIDE,TEXT,
LIBRARY_STAGING,DBT_CROGERS,STG_PORTAL_CKA_WESTERN_PENNSYLV_F810ADDEEC__RECORDS,MEANPRECIPITATIONOVER90DAYSBEFORELANDSLIDE,TEXT,
LIBRARY_STAGING,DBT_CROGERS,STG_PORTAL_CKA_WESTERN_PENNSYLV_F810ADDEEC__RECORDS,MEANTEMPERATUREOFFREEZECYCLESOVER30DAYSBEFORELANDSLIDE,TEXT,
LIBRARY_STAGING,DBT_CROGERS,STG_PORTAL_CKA_WESTERN_PENNSYLV_F810ADDEEC__RECORDS,MEANTEMPERATUREOFFREEZECYCLESOVER365DAYSBEFORELANDSLIDE,TEXT,
LIBRARY_STAGING,DBT_CROGERS,STG_PORTAL_CKA_WESTERN_PENNSYLV_F810ADDEEC__RECORDS,MEANTEMPERATUREOFFREEZECYCLESOVER7DAYSBEFORELANDSLIDE,TEXT,
LIBRARY_STAGING,DBT_CROGERS,STG_PORTAL_CKA_WESTERN_PENNSYLV_F810ADDEEC__RECORDS,MEANTEMPERATUREOFTHAWCYCLESOVER30DAYSBEFORELANDSLIDE,TEXT,
LIBRARY_STAGING,DBT_CROGERS,STG_PORTAL_CKA_WESTERN_PENNSYLV_F810ADDEEC__RECORDS,MEANTEMPERATUREOFTHAWCYCLESOVER365DAYSBEFORELANDSLIDE,TEXT,
LIBRARY_STAGING,DBT_CROGERS,STG_PORTAL_CKA_WESTERN_PENNSYLV_F810ADDEEC__RECORDS,MEANTEMPERATUREOFTHAWCYCLESOVER7DAYSBEFORELANDSLIDE,TEXT,
LIBRARY_STAGING,DBT_CROGERS,STG_PORTAL_CKA_WESTERN_PENNSYLV_F810ADDEEC__RECORDS,NUMBEROFFREEZETHAWALTERATIONSOVER30DAYSBEFORELANDSLIDE,TEXT,
LIBRARY_STAGING,DBT_CROGERS,STG_PORTAL_CKA_WESTERN_PENNSYLV_F810ADDEEC__RECORDS,NUMBEROFFREEZETHAWALTERATIONSOVER365DAYSBEFORELANDSLIDE,TEXT,
LIBRARY_STAGING,DBT_CROGERS,STG_PORTAL_CKA_WESTERN_PENNSYLV_F810ADDEEC__RECORDS,NUMBEROFFREEZETHAWALTERATIONSOVER7DAYSBEFORELANDSLIDE,TEXT,
LIBRARY_STAGING,DBT_CROGERS,STG_PORTAL_CKA_WESTERN_PENNSYLV_F810ADDEEC__RECORDS,SATURATEDHYDRAULICCONDUCTIVITY,TEXT,
LIBRARY_STAGING,DBT_CROGERS,STG_PORTAL_CKA_WESTERN_PENNSYLV_F810ADDEEC__RECORDS,WETNESSINDEX,TEXT,
LIBRARY_STAGING,DBT_CROGERS,STG_PORTAL_CKA_WESTERN_PENNSYLV_FBECF42E16__RECORDS,SCORE,TEXT,
LIBRARY_STAGING,DBT_CROGERS,STG_PORTAL_CKA_WPRDC_ALLEGHENY_1C103EE2CD__PLACES,LATEST_INSPECTION_SCORE,TEXT,
LIBRARY_STAGING,DBT_CROGERS,STG_PORTAL_CKA_WPRDC_ALLEGHENY_1C103EE2CD__RECORDS,LATEST_INSPECTION_SCORE,TEXT,
LIBRARY_STAGING,DBT_CROGERS,STG_PORTAL_CKA_WPRDC_ALLEGHENY_1E2C46C189__PLACES,RATE,TEXT,
LIBRARY_STAGING,DBT_CROGERS,STG_PORTAL_CKA_WPRDC_ALLEGHENY_1E2C46C189__PLACES,RATES,TEXT,
LIBRARY_STAGING,DBT_CROGERS,STG_PORTAL_CKA_WPRDC_ALLEGHENY_20BC27569A__PLACES,LOWMODPCT2,TEXT,
LIBRARY_STAGING,DBT_CROGERS,STG_PORTAL_CKA_WPRDC_ALLEGHENY_4597FBDFE3__RECORDS,TRIPDURATION,TEXT,
LIBRARY_STAGING,DBT_CROGERS,STG_PORTAL_CKA_WPRDC_ALLEGHENY_5C657EBA17__PLACES,INDEX,TEXT,
LIBRARY_STAGING,DBT_CROGERS,STG_PORTAL_CKA_WPRDC_ALLEGHENY_5C657EBA17__PLACES,INDEX_ID,TEXT,
LIBRARY_STAGING,DBT_CROGERS,STG_PORTAL_CKA_WPRDC_ALLEGHENY_692C217FC7__PLACES,MEANCURVATURE,TEXT,
LIBRARY_STAGING,DBT_CROGERS,STG_PORTAL_CKA_WPRDC_ALLEGHENY_692C217FC7__PLACES,MEANGENERALTEMPERATUREOVER30DAYSBEFORELANDSLIDE,TEXT,
LIBRARY_STAGING,DBT_CROGERS,STG_PORTAL_CKA_WPRDC_ALLEGHENY_692C217FC7__PLACES,MEANGENERALTEMPERATUREOVER365DAYSBEFORELANDSLIDE,TEXT,
LIBRARY_STAGING,DBT_CROGERS,STG_PORTAL_CKA_WPRDC_ALLEGHENY_692C217FC7__PLACES,MEANGENERALTEMPERATUREOVER7DAYSBEFORELANDSLIDE,TEXT,
LIBRARY_STAGING,DBT_CROGERS,STG_PORTAL_CKA_WPRDC_ALLEGHENY_692C217FC7__PLACES,MEANLENGTHOFFREEZETHAWCYCLESOVER30DAYSBEFORELANDSLIDE,TEXT,
LIBRARY_STAGING,DBT_CROGERS,STG_PORTAL_CKA_WPRDC_ALLEGHENY_692C217FC7__PLACES,MEANLENGTHOFFREEZETHAWCYCLESOVER365DAYSBEFORELANDSLIDE,TEXT,
LIBRARY_STAGING,DBT_CROGERS,STG_PORTAL_CKA_WPRDC_ALLEGHENY_692C217FC7__PLACES,MEANLENGTHOFFREEZETHAWCYCLESOVER7DAYSBEFORELANDSLIDE,TEXT,
LIBRARY_STAGING,DBT_CROGERS,STG_PORTAL_CKA_WPRDC_ALLEGHENY_692C217FC7__PLACES,MEANPRECIPITATIONATDAYOFLANDSLIDE,TEXT,
LIBRARY_STAGING,DBT_CROGERS,STG_PORTAL_CKA_WPRDC_ALLEGHENY_692C217FC7__PLACES,MEANPRECIPITATIONOVER180DAYSBEFORELANDSLIDE,TEXT,
LIBRARY_STAGING,DBT_CROGERS,STG_PORTAL_CKA_WPRDC_ALLEGHENY_692C217FC7__PLACES,MEANPRECIPITATIONOVER2DAYSBEFORELANDSLIDE,TEXT,
LIBRARY_STAGING,DBT_CROGERS,STG_PORTAL_CKA_WPRDC_ALLEGHENY_692C217FC7__PLACES,MEANPRECIPITATIONOVER30DAYSBEFORELANDSLIDE,TEXT,
LIBRARY_STAGING,DBT_CROGERS,STG_PORTAL_CKA_WPRDC_ALLEGHENY_692C217FC7__PLACES,MEANPRECIPITATIONOVER7DAYSBEFORELANDSLIDE,TEXT,
LIBRARY_STAGING,DBT_CROGERS,STG_PORTAL_CKA_WPRDC_ALLEGHENY_692C217FC7__PLACES,MEANPRECIPITATIONOVER90DAYSBEFORELANDSLIDE,TEXT,
LIBRARY_STAGING,DBT_CROGERS,STG_PORTAL_CKA_WPRDC_ALLEGHENY_692C217FC7__PLACES,MEANTEMPERATUREOFFREEZECYCLESOVER30DAYSBEFORELANDSLIDE,TEXT,
LIBRARY_STAGING,DBT_CROGERS,STG_PORTAL_CKA_WPRDC_ALLEGHENY_692C217FC7__PLACES,MEANTEMPERATUREOFFREEZECYCLESOVER365DAYSBEFORELANDSLIDE,TEXT,
LIBRARY_STAGING,DBT_CROGERS,STG_PORTAL_CKA_WPRDC_ALLEGHENY_692C217FC7__PLACES,MEANTEMPERATUREOFFREEZECYCLESOVER7DAYSBEFORELANDSLIDE,TEXT,
LIBRARY_STAGING,DBT_CROGERS,STG_PORTAL_CKA_WPRDC_ALLEGHENY_692C217FC7__PLACES,MEANTEMPERATUREOFTHAWCYCLESOVER30DAYSBEFORELANDSLIDE,TEXT,
LIBRARY_STAGING,DBT_CROGERS,STG_PORTAL_CKA_WPRDC_ALLEGHENY_692C217FC7__PLACES,MEANTEMPERATUREOFTHAWCYCLESOVER365DAYSBEFORELANDSLIDE,TEXT,
LIBRARY_STAGING,DBT_CROGERS,STG_PORTAL_CKA_WPRDC_ALLEGHENY_692C217FC7__PLACES,MEANTEMPERATUREOFTHAWCYCLESOVER7DAYSBEFORELANDSLIDE,TEXT,
LIBRARY_STAGING,DBT_CROGERS,STG_PORTAL_CKA_WPRDC_ALLEGHENY_692C217FC7__PLACES,NUMBEROFFREEZETHAWALTERATIONSOVER30DAYSBEFORELANDSLIDE,TEXT,
LIBRARY_STAGING,DBT_CROGERS,STG_PORTAL_CKA_WPRDC_ALLEGHENY_692C217FC7__PLACES,NUMBEROFFREEZETHAWALTERATIONSOVER365DAYSBEFORELANDSLIDE,TEXT,
LIBRARY_STAGING,DBT_CROGERS,STG_PORTAL_CKA_WPRDC_ALLEGHENY_692C217FC7__PLACES,NUMBEROFFREEZETHAWALTERATIONSOVER7DAYSBEFORELANDSLIDE,TEXT,
LIBRARY_STAGING,DBT_CROGERS,STG_PORTAL_CKA_WPRDC_ALLEGHENY_692C217FC7__PLACES,SATURATEDHYDRAULICCONDUCTIVITY,TEXT,
LIBRARY_STAGING,DBT_CROGERS,STG_PORTAL_CKA_WPRDC_ALLEGHENY_692C217FC7__PLACES,WETNESSINDEX,TEXT,
LIBRARY_STAGING,DBT_CROGERS,STG_PORTAL_CKA_WPRDC_ALLEGHENY_692C217FC7__RECORDS,MEANCURVATURE,TEXT,
LIBRARY_STAGING,DBT_CROGERS,STG_PORTAL_CKA_WPRDC_ALLEGHENY_692C217FC7__RECORDS,MEANGENERALTEMPERATUREOVER30DAYSBEFORELANDSLIDE,TEXT,
LIBRARY_STAGING,DBT_CROGERS,STG_PORTAL_CKA_WPRDC_ALLEGHENY_692C217FC7__RECORDS,MEANGENERALTEMPERATUREOVER365DAYSBEFORELANDSLIDE,TEXT,
LIBRARY_STAGING,DBT_CROGERS,STG_PORTAL_CKA_WPRDC_ALLEGHENY_692C217FC7__RECORDS,MEANGENERALTEMPERATUREOVER7DAYSBEFORELANDSLIDE,TEXT,
LIBRARY_STAGING,DBT_CROGERS,STG_PORTAL_CKA_WPRDC_ALLEGHENY_692C217FC7__RECORDS,MEANLENGTHOFFREEZETHAWCYCLESOVER30DAYSBEFORELANDSLIDE,TEXT,
LIBRARY_STAGING,DBT_CROGERS,STG_PORTAL_CKA_WPRDC_ALLEGHENY_692C217FC7__RECORDS,MEANLENGTHOFFREEZETHAWCYCLESOVER365DAYSBEFORELANDSLIDE,TEXT,
LIBRARY_STAGING,DBT_CROGERS,STG_PORTAL_CKA_WPRDC_ALLEGHENY_692C217FC7__RECORDS,MEANLENGTHOFFREEZETHAWCYCLESOVER7DAYSBEFORELANDSLIDE,TEXT,
LIBRARY_STAGING,DBT_CROGERS,STG_PORTAL_CKA_WPRDC_ALLEGHENY_692C217FC7__RECORDS,MEANPRECIPITATIONATDAYOFLANDSLIDE,TEXT,
LIBRARY_STAGING,DBT_CROGERS,STG_PORTAL_CKA_WPRDC_ALLEGHENY_692C217FC7__RECORDS,MEANPRECIPITATIONOVER180DAYSBEFORELANDSLIDE,TEXT,
LIBRARY_STAGING,DBT_CROGERS,STG_PORTAL_CKA_WPRDC_ALLEGHENY_692C217FC7__RECORDS,MEANPRECIPITATIONOVER2DAYSBEFORELANDSLIDE,TEXT,
LIBRARY_STAGING,DBT_CROGERS,STG_PORTAL_CKA_WPRDC_ALLEGHENY_692C217FC7__RECORDS,MEANPRECIPITATIONOVER30DAYSBEFORELANDSLIDE,TEXT,
LIBRARY_STAGING,DBT_CROGERS,STG_PORTAL_CKA_WPRDC_ALLEGHENY_692C217FC7__RECORDS,MEANPRECIPITATIONOVER7DAYSBEFORELANDSLIDE,TEXT,
LIBRARY_STAGING,DBT_CROGERS,STG_PORTAL_CKA_WPRDC_ALLEGHENY_692C217FC7__RECORDS,MEANPRECIPITATIONOVER90DAYSBEFORELANDSLIDE,TEXT,
LIBRARY_STAGING,DBT_CROGERS,STG_PORTAL_CKA_WPRDC_ALLEGHENY_692C217FC7__RECORDS,MEANTEMPERATUREOFFREEZECYCLESOVER30DAYSBEFORELANDSLIDE,TEXT,
LIBRARY_STAGING,DBT_CROGERS,STG_PORTAL_CKA_WPRDC_ALLEGHENY_692C217FC7__RECORDS,MEANTEMPERATUREOFFREEZECYCLESOVER365DAYSBEFORELANDSLIDE,TEXT,
LIBRARY_STAGING,DBT_CROGERS,STG_PORTAL_CKA_WPRDC_ALLEGHENY_692C217FC7__RECORDS,MEANTEMPERATUREOFFREEZECYCLESOVER7DAYSBEFORELANDSLIDE,TEXT,
LIBRARY_STAGING,DBT_CROGERS,STG_PORTAL_CKA_WPRDC_ALLEGHENY_692C217FC7__RECORDS,MEANTEMPERATUREOFTHAWCYCLESOVER30DAYSBEFORELANDSLIDE,TEXT,
LIBRARY_STAGING,DBT_CROGERS,STG_PORTAL_CKA_WPRDC_ALLEGHENY_692C217FC7__RECORDS,MEANTEMPERATUREOFTHAWCYCLESOVER365DAYSBEFORELANDSLIDE,TEXT,
LIBRARY_STAGING,DBT_CROGERS,STG_PORTAL_CKA_WPRDC_ALLEGHENY_692C217FC7__RECORDS,MEANTEMPERATUREOFTHAWCYCLESOVER7DAYSBEFORELANDSLIDE,TEXT,
LIBRARY_STAGING,DBT_CROGERS,STG_PORTAL_CKA_WPRDC_ALLEGHENY_692C217FC7__RECORDS,NUMBEROFFREEZETHAWALTERATIONSOVER30DAYSBEFORELANDSLIDE,TEXT,
LIBRARY_STAGING,DBT_CROGERS,STG_PORTAL_CKA_WPRDC_ALLEGHENY_692C217FC7__RECORDS,NUMBEROFFREEZETHAWALTERATIONSOVER365DAYSBEFORELANDSLIDE,TEXT,
LIBRARY_STAGING,DBT_CROGERS,STG_PORTAL_CKA_WPRDC_ALLEGHENY_692C217FC7__RECORDS,NUMBEROFFREEZETHAWALTERATIONSOVER7DAYSBEFORELANDSLIDE,TEXT,
LIBRARY_STAGING,DBT_CROGERS,STG_PORTAL_CKA_WPRDC_ALLEGHENY_692C217FC7__RECORDS,SATURATEDHYDRAULICCONDUCTIVITY,TEXT,
LIBRARY_STAGING,DBT_CROGERS,STG_PORTAL_CKA_WPRDC_ALLEGHENY_692C217FC7__RECORDS,WETNESSINDEX,TEXT,
LIBRARY_STAGING,DBT_CROGERS,STG_PORTAL_CKA_WPRDC_ALLEGHENY_6C8F129AE5__PLACES,RATE,TEXT,
LIBRARY_STAGING,DBT_CROGERS,STG_PORTAL_CKA_WPRDC_ALLEGHENY_6C8F129AE5__PLACES,RATE2,TEXT,
LIBRARY_STAGING,DBT_CROGERS,STG_PORTAL_CKA_WPRDC_ALLEGHENY_6C8F129AE5__PLACES,RATETIMEA,TEXT,
LIBRARY_STAGING,DBT_CROGERS,STG_PORTAL_CKA_WPRDC_ALLEGHENY_6C8F129AE5__PLACES,RATETIMEB,TEXT,
LIBRARY_STAGING,DBT_CROGERS,STG_PORTAL_CKA_WPRDC_ALLEGHENY_7AF23ACD2F__RECORDS,DURATION,TEXT,
LIBRARY_STAGING,DBT_CROGERS,STG_PORTAL_CKA_WPRDC_ALLEGHENY_8E6BDE379C__PLACES,MEDIAN_SPEED,TEXT,
LIBRARY_STAGING,DBT_CROGERS,STG_PORTAL_CKA_WPRDC_ALLEGHENY_8E6BDE379C__PLACES,PERCENT_OVER_LIMIT,TEXT,
LIBRARY_STAGING,DBT_CROGERS,STG_PORTAL_CKA_WPRDC_ALLEGHENY_8E6BDE379C__PLACES,SPEED85_PERCENT,TEXT,
LIBRARY_STAGING,DBT_CROGERS,STG_PORTAL_CKA_WPRDC_ALLEGHENY_8E6BDE379C__PLACES,SPEED95_PERCENT,TEXT,
LIBRARY_STAGING,DBT_CROGERS,STG_PORTAL_CKA_WPRDC_ALLEGHENY_916D2D00A4__PLACES,RCO_EXPIRATION_DATE,TEXT,
LIBRARY_STAGING,DBT_CROGERS,STG_PORTAL_CKA_WPRDC_ALLEGHENY_9BB7597D03__PLACES,RATIO,TEXT,
LIBRARY_STAGING,DBT_CROGERS,STG_PORTAL_CKA_WPRDC_ALLEGHENY_9CCBEFBACC__PLACES,AVG_NS_BUS,TEXT,
LIBRARY_STAGING,DBT_CROGERS,STG_PORTAL_CKA_WPRDC_ALLEGHENY_9CCBEFBACC__PLACES,AVG_NS_OTH,TEXT,
LIBRARY_STAGING,DBT_CROGERS,STG_PORTAL_CKA_WPRDC_ALLEGHENY_9CCBEFBACC__PLACES,AVG_NS_RES,TEXT,
LIBRARY_STAGING,DBT_CROGERS,STG_PORTAL_CKA_WPRDC_ALLEGHENY_9CCBEFBACC__PLACES,AVG_VAC_B,TEXT,
LIBRARY_STAGING,DBT_CROGERS,STG_PORTAL_CKA_WPRDC_ALLEGHENY_9CCBEFBACC__PLACES,AVG_VAC_O,TEXT,
LIBRARY_STAGING,DBT_CROGERS,STG_PORTAL_CKA_WPRDC_ALLEGHENY_9CCBEFBACC__PLACES,AVG_VAC_R,TEXT,
LIBRARY_STAGING,DBT_CROGERS,STG_PORTAL_CKA_WPRDC_ALLEGHENY_9CCBEFBACC__PLACES,TOTAL_AVG_VAC,TEXT,
LIBRARY_STAGING,DBT_CROGERS,STG_PORTAL_CKA_WPRDC_ALLEGHENY_9CCBEFBACC__RECORDS,AVG_NS_BUS,TEXT,
LIBRARY_STAGING,DBT_CROGERS,STG_PORTAL_CKA_WPRDC_ALLEGHENY_9CCBEFBACC__RECORDS,AVG_NS_OTH,TEXT,
LIBRARY_STAGING,DBT_CROGERS,STG_PORTAL_CKA_WPRDC_ALLEGHENY_9CCBEFBACC__RECORDS,AVG_NS_RES,TEXT,
LIBRARY_STAGING,DBT_CROGERS,STG_PORTAL_CKA_WPRDC_ALLEGHENY_9CCBEFBACC__RECORDS,AVG_VAC_B,TEXT,
LIBRARY_STAGING,DBT_CROGERS,STG_PORTAL_CKA_WPRDC_ALLEGHENY_9CCBEFBACC__RECORDS,AVG_VAC_O,TEXT,
LIBRARY_STAGING,DBT_CROGERS,STG_PORTAL_CKA_WPRDC_ALLEGHENY_9CCBEFBACC__RECORDS,AVG_VAC_R,TEXT,
LIBRARY_STAGING,DBT_CROGERS,STG_PORTAL_CKA_WPRDC_ALLEGHENY_9CCBEFBACC__RECORDS,TOTAL_AVG_VAC,TEXT,
LIBRARY_STAGING,DBT_CROGERS,STG_PORTAL_CKA_WPRDC_ALLEGHENY_B20A13551F__RECORDS,SCORE,TEXT,
LIBRARY_STAGING,DBT_CROGERS,STG_PORTAL_CKA_WPRDC_ALLEGHENY_B62D63F711__PLACES,CONFIGURATION,TEXT,
LIBRARY_STAGING,DBT_CROGERS,STG_PORTAL_CKA_WPRDC_ALLEGHENY_B9904B63C2__ASSETS,HOLIDAY_HOURS_OF_OPERATION,TEXT,
LIBRARY_STAGING,DBT_CROGERS,STG_PORTAL_CKA_WPRDC_ALLEGHENY_B9904B63C2__ASSETS,HOURS_OF_OPERATION,TEXT,
LIBRARY_STAGING,DBT_CROGERS,STG_PORTAL_CKA_WPRDC_ALLEGHENY_CC9BA8BED2__PLACES,HOURS_OF_OPERATION,TEXT,
LIBRARY_STAGING,DBT_CROGERS,STG_PORTAL_CKA_WPRDC_ALLEGHENY_D35AD4550A__PLACES,EXPIRATION_DATE,TEXT,
LIBRARY_STAGING,DBT_CROGERS,STG_PORTAL_SOC_AUSTIN_OPEN_DATA_B5E56C7A67__RECORDS,CHANGE_OF_EARNINGS_PER_JOB,TEXT,
LIBRARY_STAGING,DBT_CROGERS,STG_PORTAL_SOC_AUSTIN_OPEN_DATA_B5E56C7A67__RECORDS,EARNINGS_PER_JOB_2015,TEXT,
LIBRARY_STAGING,DBT_CROGERS,STG_PORTAL_SOC_AUSTIN_OPEN_DATA_B5E56C7A67__RECORDS,EARNINGS_PER_JOB_2016,TEXT,
LIBRARY_STAGING,DBT_CROGERS,STG_PORTAL_SOC_CAMBRIDGE_OPEN_D_8A1152140C__RECORDS,CONTINUED_OPERATION,TEXT,
LIBRARY_STAGING,DBT_CROGERS,STG_PORTAL_SOC_CAMBRIDGE_OPEN_D_8A1152140C__RECORDS,EXISTING_GROSS_FLOOR_AREA_RATIO,TEXT,
LIBRARY_STAGING,DBT_CROGERS,STG_PORTAL_SOC_CAMBRIDGE_OPEN_D_8A1152140C__RECORDS,EXISTING_USABLEK_OPEN_SPACE_RATIO,TEXT,
LIBRARY_STAGING,DBT_CROGERS,STG_PORTAL_SOC_CAMBRIDGE_OPEN_D_8A1152140C__RECORDS,FEE_CALC_PER_SQ_FOOT,TEXT,
LIBRARY_STAGING,DBT_CROGERS,STG_PORTAL_SOC_CAMBRIDGE_OPEN_D_8A1152140C__RECORDS,ORDINANCE_GROSS_FLOOR_AREA_RATIO,TEXT,
LIBRARY_STAGING,DBT_CROGERS,STG_PORTAL_SOC_CAMBRIDGE_OPEN_D_8A1152140C__RECORDS,ORDINANCE_USEABLE_OPEN_SPACE_RATIO,TEXT,
LIBRARY_STAGING,DBT_CROGERS,STG_PORTAL_SOC_CAMBRIDGE_OPEN_D_8A1152140C__RECORDS,REQUESTED_GROSS_FLOOR_AREA_RATIO,TEXT,
LIBRARY_STAGING,DBT_CROGERS,STG_PORTAL_SOC_CAMBRIDGE_OPEN_D_8A1152140C__RECORDS,REQUESTED_USABLE_OPEN_SPACE_RATIO,TEXT,
LIBRARY_STAGING,DBT_CROGERS,STG_PORTAL_SOC_COLORADO_INFORMA_1D5CFAD830__PLACES,AVGWAGE,TEXT,
LIBRARY_STAGING,DBT_CROGERS,STG_PORTAL_SOC_COLORADO_INFORMA_1D5CFAD830__PLACES,MEDIANWAGE,TEXT,
LIBRARY_STAGING,DBT_CROGERS,STG_PORTAL_SOC_COLORADO_INFORMA_1D5CFAD830__RECORDS,AVGWAGE,TEXT,
LIBRARY_STAGING,DBT_CROGERS,STG_PORTAL_SOC_COLORADO_INFORMA_1D5CFAD830__RECORDS,MEDIANWAGE,TEXT,
LIBRARY_STAGING,DBT_CROGERS,STG_PORTAL_SOC_COLORADO_INFORMA_502999772D__RECORDS,MEANING_OF_EMPLOYMENT_SIZE,TEXT,
LIBRARY_STAGING,DBT_CROGERS,STG_PORTAL_SOC_COLORADO_INFORMA_502999772D__RECORDS,MEANING_OF_LEGAL_FORM_OF,TEXT,
LIBRARY_STAGING,DBT_CROGERS,STG_PORTAL_SOC_COLORADO_INFORMA_502999772D__RECORDS,MEANING_OF_NAICS_CODE,TEXT,
LIBRARY_STAGING,DBT_CROGERS,STG_PORTAL_SOC_COLORADO_INFORMA_DE6C8A6901__PLACES,AVGWAGE,TEXT,
LIBRARY_STAGING,DBT_CROGERS,STG_PORTAL_SOC_COLORADO_INFORMA_DE6C8A6901__PLACES,MEDIANWAGE,TEXT,
LIBRARY_STAGING,DBT_CROGERS,STG_PORTAL_SOC_COLORADO_INFORMA_DE6C8A6901__RECORDS,AVGWAGE,TEXT,
LIBRARY_STAGING,DBT_CROGERS,STG_PORTAL_SOC_COLORADO_INFORMA_DE6C8A6901__RECORDS,MEDIANWAGE,TEXT,
LIBRARY_STAGING,DBT_CROGERS,STG_PORTAL_SOC_COLORADO_INFORMA_E80CA7800E__PLACES,AVGWAGE,TEXT,
LIBRARY_STAGING,DBT_CROGERS,STG_PORTAL_SOC_COLORADO_INFORMA_E80CA7800E__PLACES,MEDIANWAGE,TEXT,
LIBRARY_STAGING,DBT_CROGERS,STG_PORTAL_SOC_COLORADO_INFORMA_E80CA7800E__RECORDS,AVGWAGE,TEXT,
LIBRARY_STAGING,DBT_CROGERS,STG_PORTAL_SOC_COLORADO_INFORMA_E80CA7800E__RECORDS,MEDIANWAGE,TEXT,
LIBRARY_STAGING,DBT_CROGERS,STG_PORTAL_SOC_COLORADO_INFORMA_F9498D9B7F__RECORDS,FEDERATEDCAMPAIGNSAMT,TEXT,
LIBRARY_STAGING,DBT_CROGERS,STG_PORTAL_SOC_CONNECTICUT_OPEN_88B075D7AF__RECORDS,DATE_REGISTRATION,TEXT,
LIBRARY_STAGING,DBT_CROGERS,STG_PORTAL_SOC_CONNECTICUT_OPEN_AEB46F6C94__PLACES,C_114_PROD_RATIO_OR_ACTIVITY,TEXT,
LIBRARY_STAGING,DBT_CROGERS,STG_PORTAL_SOC_CONNECTICUT_OPEN_AEB46F6C94__PLACES,C_115_8_9_PRODUCTION_RATIO,TEXT,
LIBRARY_STAGING,DBT_CROGERS,STG_PORTAL_SOC_CONNECTICUT_OPEN_AEB46F6C94__RECORDS,C_114_PROD_RATIO_OR_ACTIVITY,TEXT,
LIBRARY_STAGING,DBT_CROGERS,STG_PORTAL_SOC_CONNECTICUT_OPEN_AEB46F6C94__RECORDS,C_115_8_9_PRODUCTION_RATIO,TEXT,
LIBRARY_STAGING,DBT_CROGERS,STG_PORTAL_SOC_CONNECTICUT_OPEN_DEA6C4224A__PLACES,PER_APPLICATION_EXISTING,TEXT,
LIBRARY_STAGING,DBT_CROGERS,STG_PORTAL_SOC_CONNECTICUT_OPEN_DEA6C4224A__PLACES,PER_APPLICATION_EXISTING_1,TEXT,
LIBRARY_STAGING,DBT_CROGERS,STG_PORTAL_SOC_CONNECTICUT_OPEN_DEA6C4224A__PLACES,PER_APPLICATION_FULL_TIME,TEXT,
LIBRARY_STAGING,DBT_CROGERS,STG_PORTAL_SOC_CONNECTICUT_OPEN_DEA6C4224A__PLACES,PER_APPLICATION_PART_TIME,TEXT,
LIBRARY_STAGING,DBT_CROGERS,STG_PORTAL_SOC_CONNECTICUT_OPEN_FF2B86A533__PLACES,PER_APPLICATION_EXISTING_FULL_TIME_JOBS_IN_CT,TEXT,
LIBRARY_STAGING,DBT_CROGERS,STG_PORTAL_SOC_CONNECTICUT_OPEN_FF2B86A533__PLACES,PER_APPLICATION_EXISTING_PART_TIME_JOBS_IN_CT,TEXT,
LIBRARY_STAGING,DBT_CROGERS,STG_PORTAL_SOC_CONNECTICUT_OPEN_FF2B86A533__PLACES,PER_APPLICATION_FULL_TIME_JOBS_TO_BE_CREATED_IN_CT,TEXT,
LIBRARY_STAGING,DBT_CROGERS,STG_PORTAL_SOC_CONNECTICUT_OPEN_FF2B86A533__PLACES,PER_APPLICATION_PART_TIME_JOBS_TO_BE_CREATED_IN_CT,TEXT,
LIBRARY_STAGING,DBT_CROGERS,STG_PORTAL_SOC_CONNECTICUT_OPEN_FF2B86A533__PLACES,PER_CONTRACT_FULL_TIME_CT_JOBS_TO_BE_CREATED,TEXT,
LIBRARY_STAGING,DBT_CROGERS,STG_PORTAL_SOC_CONNECTICUT_OPEN_FF2B86A533__PLACES,PER_CONTRACT_FULL_TIME_CT_JOBS_TO_BE_RETAINED,TEXT,
LIBRARY_STAGING,DBT_CROGERS,STG_PORTAL_SOC_CONNECTICUT_OPEN_FF2B86A533__PLACES,PER_CONTRACT_PART_TIME_CT_JOBS_TO_BE_CREATED,TEXT,
LIBRARY_STAGING,DBT_CROGERS,STG_PORTAL_SOC_CONNECTICUT_OPEN_FF2B86A533__PLACES,PER_CONTRACT_PART_TIME_CT_JOBS_TO_BE_RETAINED,TEXT,
LIBRARY_STAGING,DBT_CROGERS,STG_PORTAL_SOC_CONNECTICUT_OPEN_FF2B86A533__RECORDS,PER_APPLICATION_EXISTING_FULL_TIME_JOBS_IN_CT,TEXT,
LIBRARY_STAGING,DBT_CROGERS,STG_PORTAL_SOC_CONNECTICUT_OPEN_FF2B86A533__RECORDS,PER_APPLICATION_EXISTING_PART_TIME_JOBS_IN_CT,TEXT,
LIBRARY_STAGING,DBT_CROGERS,STG_PORTAL_SOC_CONNECTICUT_OPEN_FF2B86A533__RECORDS,PER_APPLICATION_FULL_TIME_JOBS_TO_BE_CREATED_IN_CT,TEXT,
LIBRARY_STAGING,DBT_CROGERS,STG_PORTAL_SOC_CONNECTICUT_OPEN_FF2B86A533__RECORDS,PER_APPLICATION_PART_TIME_JOBS_TO_BE_CREATED_IN_CT,TEXT,
LIBRARY_STAGING,DBT_CROGERS,STG_PORTAL_SOC_CONNECTICUT_OPEN_FF2B86A533__RECORDS,PER_CONTRACT_FULL_TIME_CT_JOBS_TO_BE_CREATED,TEXT,
LIBRARY_STAGING,DBT_CROGERS,STG_PORTAL_SOC_CONNECTICUT_OPEN_FF2B86A533__RECORDS,PER_CONTRACT_FULL_TIME_CT_JOBS_TO_BE_RETAINED,TEXT,
LIBRARY_STAGING,DBT_CROGERS,STG_PORTAL_SOC_CONNECTICUT_OPEN_FF2B86A533__RECORDS,PER_CONTRACT_PART_TIME_CT_JOBS_TO_BE_CREATED,TEXT,
LIBRARY_STAGING,DBT_CROGERS,STG_PORTAL_SOC_CONNECTICUT_OPEN_FF2B86A533__RECORDS,PER_CONTRACT_PART_TIME_CT_JOBS_TO_BE_RETAINED,TEXT,
LIBRARY_STAGING,DBT_CROGERS,STG_PORTAL_SOC_NEW_YORK_STATE_O_EFF72C4402__RECORDS,CURRENT_MWBE_UTILIZATION_RATE,TEXT,
LIBRARY_STAGING,DBT_CROGERS,STG_PORTAL_SOC_NEW_YORK_STATE_O_EFF72C4402__RECORDS,RATIONALE_FOR_TERMINATION,TEXT,
LIBRARY_STAGING,DBT_CROGERS,STG_PORTAL_SOC_SF_OPENDATA_DATA_C19EE9EB44__PROVIDERS,HOURS_OF_OPERATION,TEXT,
LIBRARY_STAGING,DBT_CROGERS,STG_PORTAL_SOC_SF_OPENDATA_DATA_C19EE9EB44__RECORDS,HOURS_OF_OPERATION,TEXT,
LIBRARY_STAGING,DBT_CROGERS,STG_PORTAL_SOC_TEXAS_OPEN_DATA_354E3ABF4F__PLACES,NOR_REGISTRATION_DATE,TEXT,
LIBRARY_STAGING,DBT_CROGERS,STG_PORTAL_SOC_TEXAS_OPEN_DATA_354E3ABF4F__RECORDS,NOR_REGISTRATION_DATE,TEXT,
LIBRARY_STAGING,DBT_CROGERS,STG_PORTAL_SOC_UTAH_OPEN_DATA_P_2065CE1D57__RECORDS,OTHER_SERVICES_EXECPT_PUBLIC_ADMINISTRATION_810000_819999,TEXT,
LIBRARY_STAGING,DBT_CROGERS,STG_PORTAL_SOC_UTAH_OPEN_DATA_P_2065CE1D57__RECORDS,PUBLIC_ADMINISTRATION_920000_929999,TEXT,
LIBRARY_STAGING,DBT_CROGERS,STG_PORTAL_SOC_UTAH_OPEN_DATA_P_33421B5A2A__FACILITIES,C_8_9_PRODUCTION_RATIO,TEXT,
LIBRARY_STAGING,DBT_CROGERS,STG_PORTAL_SOC_UTAH_OPEN_DATA_P_38579BBDBC__FACILITIES,C_8_9_PRODUCTION_RATIO,TEXT,
LIBRARY_STAGING,DBT_CROGERS,STG_PORTAL_SOC_UTAH_OPEN_DATA_P_3C77C8480B__FACILITIES,C_8_9_PRODUCTION_RATIO,TEXT,
LIBRARY_STAGING,DBT_CROGERS,STG_PORTAL_SOC_UTAH_OPEN_DATA_P_4309355F14__FACILITIES,C_8_9_PRODUCTION_RATIO,TEXT,
LIBRARY_STAGING,DBT_CROGERS,STG_PORTAL_SOC_UTAH_OPEN_DATA_P_4388C129F2__FACILITIES,C_8_9_PRODUCTION_RATIO,TEXT,
LIBRARY_STAGING,DBT_CROGERS,STG_PORTAL_SOC_UTAH_OPEN_DATA_P_4EBA247771__PROVIDERS,RATE,TEXT,
LIBRARY_STAGING,DBT_CROGERS,STG_PORTAL_SOC_UTAH_OPEN_DATA_P_5C3521189E__FACILITIES,C_8_9_PRODUCTION_RATIO,TEXT,
LIBRARY_STAGING,DBT_CROGERS,STG_PORTAL_SOC_UTAH_OPEN_DATA_P_5E73751281__FACILITIES,C_8_9_PRODUCTION_RATIO,TEXT,
LIBRARY_STAGING,DBT_CROGERS,STG_PORTAL_SOC_UTAH_OPEN_DATA_P_5EF68422FF__ORGANIZATIONS,CONSTRUCTION_WAGE_RATE,TEXT,
LIBRARY_STAGING,DBT_CROGERS,STG_PORTAL_SOC_UTAH_OPEN_DATA_P_5EF68422FF__ORGANIZATIONS,CONSTRUCTION_WAGE_RATE_1,TEXT,
LIBRARY_STAGING,DBT_CROGERS,STG_PORTAL_SOC_UTAH_OPEN_DATA_P_5EF68422FF__ORGANIZATIONS,CORPORATE_ENTITY_NOT_TAX,TEXT,
LIBRARY_STAGING,DBT_CROGERS,STG_PORTAL_SOC_UTAH_OPEN_DATA_P_5EF68422FF__ORGANIZATIONS,CORPORATE_ENTITY_TAX_EXEMPT,TEXT,
LIBRARY_STAGING,DBT_CROGERS,STG_PORTAL_SOC_UTAH_OPEN_DATA_P_5EF68422FF__ORGANIZATIONS,LIMITED_LIABILITY_CORPORATION,TEXT,
LIBRARY_STAGING,DBT_CROGERS,STG_PORTAL_SOC_UTAH_OPEN_DATA_P_5EF68422FF__ORGANIZATIONS,SUBCHAPTER_SCORPORATION,TEXT,
LIBRARY_STAGING,DBT_CROGERS,STG_PORTAL_SOC_UTAH_OPEN_DATA_P_5EF68422FF__RECORDS,CONSTRUCTION_WAGE_RATE,TEXT,
LIBRARY_STAGING,DBT_CROGERS,STG_PORTAL_SOC_UTAH_OPEN_DATA_P_5EF68422FF__RECORDS,CONSTRUCTION_WAGE_RATE_1,TEXT,
LIBRARY_STAGING,DBT_CROGERS,STG_PORTAL_SOC_UTAH_OPEN_DATA_P_5EF68422FF__RECORDS,CORPORATE_ENTITY_NOT_TAX,TEXT,
LIBRARY_STAGING,DBT_CROGERS,STG_PORTAL_SOC_UTAH_OPEN_DATA_P_5EF68422FF__RECORDS,CORPORATE_ENTITY_TAX_EXEMPT,TEXT,
LIBRARY_STAGING,DBT_CROGERS,STG_PORTAL_SOC_UTAH_OPEN_DATA_P_5EF68422FF__RECORDS,LIMITED_LIABILITY_CORPORATION,TEXT,
LIBRARY_STAGING,DBT_CROGERS,STG_PORTAL_SOC_UTAH_OPEN_DATA_P_5EF68422FF__RECORDS,SUBCHAPTER_SCORPORATION,TEXT,
LIBRARY_STAGING,DBT_CROGERS,STG_PORTAL_SOC_UTAH_OPEN_DATA_P_636FFFDFA2__FACILITIES,C_8_9_PRODUCTION_RATIO,TEXT,
LIBRARY_STAGING,DBT_CROGERS,STG_PORTAL_SOC_UTAH_OPEN_DATA_P_66C519BCCF__FACILITIES,C_8_9_PRODUCTION_RATIO,TEXT,
LIBRARY_STAGING,DBT_CROGERS,STG_PORTAL_SOC_UTAH_OPEN_DATA_P_6F5FCC229F__FACILITIES,C_8_9_PRODUCTION_RATIO,TEXT,
LIBRARY_STAGING,DBT_CROGERS,STG_PORTAL_SOC_UTAH_OPEN_DATA_P_6F5FCC229F__FACILITIES,PROD_RATIO_OR_ACTIVITY,TEXT,
LIBRARY_STAGING,DBT_CROGERS,STG_PORTAL_SOC_UTAH_OPEN_DATA_P_701571FD92__PROVIDERS,AAB_RATE_INVERTED,TEXT,
LIBRARY_STAGING,DBT_CROGERS,STG_PORTAL_SOC_UTAH_OPEN_DATA_P_701571FD92__PROVIDERS,DIABETES_RATE,TEXT,
LIBRARY_STAGING,DBT_CROGERS,STG_PORTAL_SOC_UTAH_OPEN_DATA_P_7A3C73B2FD__FACILITIES,C_8_9_PRODUCTION_RATIO,TEXT,
LIBRARY_STAGING,DBT_CROGERS,STG_PORTAL_SOC_UTAH_OPEN_DATA_P_7F45E582F7__FACILITIES,C_8_9_PRODUCTION_RATIO,TEXT,
LIBRARY_STAGING,DBT_CROGERS,STG_PORTAL_SOC_UTAH_OPEN_DATA_P_8D9FB9A1A3__FACILITIES,C_8_9_PRODUCTION_RATIO,TEXT,
LIBRARY_STAGING,DBT_CROGERS,STG_PORTAL_SOC_UTAH_OPEN_DATA_P_9837982623__RECORDS,PERCENT_CHARGES,TEXT,
LIBRARY_STAGING,DBT_CROGERS,STG_PORTAL_SOC_UTAH_OPEN_DATA_P_9837982623__RECORDS,PERCENT_COMP_TITLE_I,TEXT,
LIBRARY_STAGING,DBT_CROGERS,STG_PORTAL_SOC_UTAH_OPEN_DATA_P_9837982623__RECORDS,PERCENT_GEN_FORMULA_ASST,TEXT,
LIBRARY_STAGING,DBT_CROGERS,STG_PORTAL_SOC_UTAH_OPEN_DATA_P_9837982623__RECORDS,PERCENT_REV_OTHER_LOCAL_GOV,TEXT,
LIBRARY_STAGING,DBT_CROGERS,STG_PORTAL_SOC_UTAH_OPEN_DATA_P_9837982623__RECORDS,PERCENT_TAXES_PARENT_GOVMNT_CONTR,TEXT,
LIBRARY_STAGING,DBT_CROGERS,STG_PORTAL_SOC_UTAH_OPEN_DATA_P_9837982623__RECORDS,PERCENT_TOTAL_REV_FED_SRCS,TEXT,
LIBRARY_STAGING,DBT_CROGERS,STG_PORTAL_SOC_UTAH_OPEN_DATA_P_9837982623__RECORDS,PERCENT_TOTAL_REV_STATE_SRCS,TEXT,
LIBRARY_STAGING,DBT_CROGERS,STG_PORTAL_SOC_UTAH_OPEN_DATA_P_9837982623__RECORDS,PERCENT_TOT_ELEM_SEC_REV,TEXT,
LIBRARY_STAGING,DBT_CROGERS,STG_PORTAL_SOC_UTAH_OPEN_DATA_P_9837982623__RECORDS,PER_PUPIL_CUR_SPEND_SUP_SVCS,TEXT,
LIBRARY_STAGING,DBT_CROGERS,STG_PORTAL_SOC_UTAH_OPEN_DATA_P_9837982623__RECORDS,PER_PUPIL_EMPL_BEN,TEXT,
LIBRARY_STAGING,DBT_CROGERS,STG_PORTAL_SOC_UTAH_OPEN_DATA_P_9837982623__RECORDS,PER_PUPIL_GEN_ADMIN,TEXT,
LIBRARY_STAGING,DBT_CROGERS,STG_PORTAL_SOC_UTAH_OPEN_DATA_P_9837982623__RECORDS,PER_PUPIL_INSTRU_STAFF_SUPP,TEXT,
LIBRARY_STAGING,DBT_CROGERS,STG_PORTAL_SOC_UTAH_OPEN_DATA_P_9837982623__RECORDS,PER_PUPIL_PUPIL_SUPPT,TEXT,
LIBRARY_STAGING,DBT_CROGERS,STG_PORTAL_SOC_UTAH_OPEN_DATA_P_9837982623__RECORDS,PER_PUPIL_SAL_WAGES,TEXT,
LIBRARY_STAGING,DBT_CROGERS,STG_PORTAL_SOC_UTAH_OPEN_DATA_P_9837982623__RECORDS,PER_PUPIL_SCHOOL_ADMIN,TEXT,
LIBRARY_STAGING,DBT_CROGERS,STG_PORTAL_SOC_UTAH_OPEN_DATA_P_9837982623__RECORDS,PER_PUPIL_TOTAL_CUR_SPEDING_ELEM_SEC,TEXT,
LIBRARY_STAGING,DBT_CROGERS,STG_PORTAL_SOC_UTAH_OPEN_DATA_P_9837982623__RECORDS,PER_PUPIL_TOTAL_CUR_SPEND_INSTR,TEXT,
LIBRARY_STAGING,DBT_CROGERS,STG_PORTAL_SOC_UTAH_OPEN_DATA_P_9837982623__RECORDS,PER_PUPIL_TOTAL_EMP_BEN,TEXT,
LIBRARY_STAGING,DBT_CROGERS,STG_PORTAL_SOC_UTAH_OPEN_DATA_P_9837982623__RECORDS,PER_PUPIL_TOTAL_SAL_WAGES,TEXT,
LIBRARY_STAGING,DBT_CROGERS,STG_PORTAL_SOC_UTAH_OPEN_DATA_P_A3B79359D3__FACILITIES,C_8_9_PRODUCTION_RATIO,TEXT,
LIBRARY_STAGING,DBT_CROGERS,STG_PORTAL_SOC_UTAH_OPEN_DATA_P_A4022A1A2D__FACILITIES,C_8_9_PRODUCTION_RATIO,TEXT,
LIBRARY_STAGING,DBT_CROGERS,STG_PORTAL_SOC_UTAH_OPEN_DATA_P_A45115B872__FACILITIES,C_8_9_PRODUCTION_RATIO,TEXT,
LIBRARY_STAGING,DBT_CROGERS,STG_PORTAL_SOC_UTAH_OPEN_DATA_P_A54AA90538__FACILITIES,C_8_9_PRODUCTION_RATIO,TEXT,
LIBRARY_STAGING,DBT_CROGERS,STG_PORTAL_SOC_UTAH_OPEN_DATA_P_A5715666DA__FACILITIES,C_8_9_PRODUCTION_RATIO,TEXT,
LIBRARY_STAGING,DBT_CROGERS,STG_PORTAL_SOC_UTAH_OPEN_DATA_P_A9B7E273C8__FACILITIES,ALLOWABLE_DSH_PERCENTAGE,TEXT,
LIBRARY_STAGING,DBT_CROGERS,STG_PORTAL_SOC_UTAH_OPEN_DATA_P_A9B7E273C8__FACILITIES,COST_TO_CHARGE_RATIO,TEXT,
LIBRARY_STAGING,DBT_CROGERS,STG_PORTAL_SOC_UTAH_OPEN_DATA_P_A9B7E273C8__PROVIDERS,ALLOWABLE_DSH_PERCENTAGE,TEXT,
LIBRARY_STAGING,DBT_CROGERS,STG_PORTAL_SOC_UTAH_OPEN_DATA_P_A9B7E273C8__PROVIDERS,COST_TO_CHARGE_RATIO,TEXT,
LIBRARY_STAGING,DBT_CROGERS,STG_PORTAL_SOC_UTAH_OPEN_DATA_P_B0F7881369__FACILITIES,C_8_9_PRODUCTION_RATIO,TEXT,
LIBRARY_STAGING,DBT_CROGERS,STG_PORTAL_SOC_UTAH_OPEN_DATA_P_B5E39C25F8__FACILITIES,C_8_9_PRODUCTION_RATIO,TEXT,
LIBRARY_STAGING,DBT_CROGERS,STG_PORTAL_SOC_UTAH_OPEN_DATA_P_CDBDD459C0__FACILITIES,C_8_9_PRODUCTION_RATIO,TEXT,
LIBRARY_STAGING,DBT_CROGERS,STG_PORTAL_SOC_UTAH_OPEN_DATA_P_D4ACA49A9B__PROVIDERS,RATE,TEXT,
LIBRARY_STAGING,DBT_CROGERS,STG_PORTAL_SOC_UTAH_OPEN_DATA_P_D5F7CA2621__PLACES,C_114_PROD_RATIO_OR_ACTIVITY,TEXT,
LIBRARY_STAGING,DBT_CROGERS,STG_PORTAL_SOC_UTAH_OPEN_DATA_P_D5F7CA2621__PLACES,C_115_8_9_PRODUCTION_RATIO,TEXT,
LIBRARY_STAGING,DBT_CROGERS,STG_PORTAL_SOC_UTAH_OPEN_DATA_P_D5F7CA2621__RECORDS,C_114_PROD_RATIO_OR_ACTIVITY,TEXT,
LIBRARY_STAGING,DBT_CROGERS,STG_PORTAL_SOC_UTAH_OPEN_DATA_P_D5F7CA2621__RECORDS,C_115_8_9_PRODUCTION_RATIO,TEXT,
LIBRARY_STAGING,DBT_CROGERS,STG_PORTAL_SOC_UTAH_OPEN_DATA_P_DCD75231F6__FACILITIES,ALLOWABLE_DSH_PERCENTAGE,TEXT,
LIBRARY_STAGING,DBT_CROGERS,STG_PORTAL_SOC_UTAH_OPEN_DATA_P_DCD75231F6__FACILITIES,COST_TO_CHARGE_RATIO,TEXT,
LIBRARY_STAGING,DBT_CROGERS,STG_PORTAL_SOC_UTAH_OPEN_DATA_P_DCD75231F6__FACILITIES,DISPROPORATIONATE_SHARE,TEXT,
LIBRARY_STAGING,DBT_CROGERS,STG_PORTAL_SOC_UTAH_OPEN_DATA_P_F326BAD0FC__FACILITIES,C_8_9_PRODUCTION_RATIO,TEXT,
LIBRARY_STAGING,DBT_CROGERS,STG_PORTAL_SOC_UTAH_OPEN_DATA_P_F8CDD62630__PROVIDERS,RATE,TEXT,
LIBRARY_STAGING,DBT_CROGERS,STG_PORTAL_SOC_UTAH_OPEN_DATA_P_FE79F02E34__FACILITIES,C_8_9_PRODUCTION_RATIO,TEXT,
LIBRARY_STAGING,DBT_CROGERS,STG_ST_CANNABIS_POLICY_BUNDLES__PLACES,MML_REGISTRATION_MAND_APP,TEXT,
LIBRARY_STAGING,DBT_CROGERS,STG_ST_CANNABIS_POLICY_BUNDLES__PLACES,MML_REGISTRATION_MAND_IMP,TEXT,
LIBRARY_STAGING,DBT_CROGERS,STG_ST_CANNABIS_POLICY_BUNDLES__RECORDS,MML_REGISTRATION_MAND_APP,TEXT,
LIBRARY_STAGING,DBT_CROGERS,STG_ST_CANNABIS_POLICY_BUNDLES__RECORDS,MML_REGISTRATION_MAND_IMP,TEXT,
LIBRARY_STAGING,DBT_CROGERS,STG_UK_COMPANIES_HOUSE_PSC__PSC_RECORDS,REGISTRATION_NUMBER,TEXT,
LIBRARY_STAGING,DBT_CROGERS,STG_XC_GUTTMACHER_MONTHLY_ABORTION__RECORDS,MEDIAN,TEXT,
LIBRARY_STAGING,DBT_CROGERS,STG_XC_JCS_MEDIANS__RECORDS,CIRCUIT_MEDIAN1,TEXT,
LIBRARY_STAGING,DBT_CROGERS,STG_XC_JCS_MEDIANS__RECORDS,CIRCUIT_MEDIAN10,TEXT,
LIBRARY_STAGING,DBT_CROGERS,STG_XC_JCS_MEDIANS__RECORDS,CIRCUIT_MEDIAN11,TEXT,
LIBRARY_STAGING,DBT_CROGERS,STG_XC_JCS_MEDIANS__RECORDS,CIRCUIT_MEDIAN12,TEXT,
LIBRARY_STAGING,DBT_CROGERS,STG_XC_JCS_MEDIANS__RECORDS,CIRCUIT_MEDIAN13,TEXT,
LIBRARY_STAGING,DBT_CROGERS,STG_XC_JCS_MEDIANS__RECORDS,CIRCUIT_MEDIAN2,TEXT,
LIBRARY_STAGING,DBT_CROGERS,STG_XC_JCS_MEDIANS__RECORDS,CIRCUIT_MEDIAN3,TEXT,
LIBRARY_STAGING,DBT_CROGERS,STG_XC_JCS_MEDIANS__RECORDS,CIRCUIT_MEDIAN4,TEXT,
LIBRARY_STAGING,DBT_CROGERS,STG_XC_JCS_MEDIANS__RECORDS,CIRCUIT_MEDIAN5,TEXT,
LIBRARY_STAGING,DBT_CROGERS,STG_XC_JCS_MEDIANS__RECORDS,CIRCUIT_MEDIAN6,TEXT,
LIBRARY_STAGING,DBT_CROGERS,STG_XC_JCS_MEDIANS__RECORDS,CIRCUIT_MEDIAN7,TEXT,
LIBRARY_STAGING,DBT_CROGERS,STG_XC_JCS_MEDIANS__RECORDS,CIRCUIT_MEDIAN8,TEXT,
LIBRARY_STAGING,DBT_CROGERS,STG_XC_JCS_MEDIANS__RECORDS,CIRCUIT_MEDIAN9,TEXT,
LIBRARY_STAGING,DBT_CROGERS,STG_XC_JCS_MEDIANS__RECORDS,HOUSE_MEDIAN,TEXT,
LIBRARY_STAGING,DBT_CROGERS,STG_XC_JCS_MEDIANS__RECORDS,SC_MEDIAN,TEXT,
LIBRARY_STAGING,DBT_CROGERS,STG_XC_JCS_MEDIANS__RECORDS,SENATE_MEDIAN,TEXT,
LIBRARY_STAGING,DBT_CROGERS,STG_XC_OSF_REGISTRATIONS__REGISTRATIONS,IS_PENDING_REGISTRATION_APPROVAL,BOOLEAN,
LIBRARY_STAGING,DBT_CROGERS,STG_XC_OSF_REGISTRATIONS__REGISTRATIONS,IS_REGISTRATION,BOOLEAN,
LIBRARY_STAGING,DBT_CROGERS,STG_XC_OSF_REGISTRATIONS__REGISTRATIONS,REGISTRATION_RESPONSES_SUMMARY,TEXT,
LIBRARY_STAGING,DBT_CROGERS,STG_XC_OSF_REGISTRATIONS__REGISTRATIONS,REGISTRATION_RESPONSES_UPLOADER,TEXT,
LIBRARY_STAGING,DBT_CROGERS,STG_XC_OSF_REGISTRATIONS__REGISTRATIONS,REGISTRATION_SCHEMA_ID,TEXT,
LIBRARY_STAGING,DBT_CROGERS,STG_XC_OSF_REGISTRATIONS__REGISTRATIONS,REGISTRATION_SUPPLEMENT,TEXT,
LIBRARY_STAGING,DBT_CROGERS,STG_XC_OWID_CPI__RECORDS,CORRUPTION_PERCEPTIONS_INDEX,TEXT,
LIBRARY_STAGING,DBT_CROGERS,STG_XC_OWID_FERTILITY__RECORDS,TOTAL_FERTILITY_RATE,TEXT,
LIBRARY_STAGING,DBT_CROGERS,STG_XC_OWID_HOMICIDE__RECORDS,HOMICIDE_RATE_PER_100_000_POPULATION,TEXT,
LIBRARY_STAGING,DBT_CROGERS,STG_XC_OWID_TEMP_ANOMALY__RECORDS,UPPER_BOUND,TEXT,
LIBRARY_STAGING,DBT_CROGERS,STG_XC_RETRACTION_WATCH_DATABASE__RETRACTIONS,ORIGINAL_PAPER_DATE,DATE,
LIBRARY_STAGING,DBT_CROGERS,STG_XC_RETRACTION_WATCH_DATABASE__RETRACTIONS,ORIGINAL_PAPER_DOI,TEXT,
LIBRARY_STAGING,DBT_CROGERS,STG_XC_RETRACTION_WATCH_DATABASE__RETRACTIONS,ORIGINAL_PAPER_PUBMED_ID,TEXT,
LIBRARY_STAGING,DBT_CROGERS,STG_XC_UK_SANCTIONS_LIST__DESIGNATED_PERSON,BUSINESS_REGISTRATION_NUMBERS,TEXT,
LIBRARY_STAGING,DBT_CROGERS,STG_XC_UK_SANCTIONS_LIST__DESIGNATIONS,BUSINESS_REGISTRATION_NUMBERS,TEXT,
LIBRARY_STAGING,DBT_CROGERS,STG_XC_VERA_INCARCERATION_TRENDS__COUNTY_YEAR,BLACK_JAIL_POP_RATE,FLOAT,
LIBRARY_STAGING,DBT_CROGERS,STG_XC_VERA_INCARCERATION_TRENDS__COUNTY_YEAR,BLACK_PRISON_POP_RATE,FLOAT,
LIBRARY_STAGING,DBT_CROGERS,STG_XC_VERA_INCARCERATION_TRENDS__COUNTY_YEAR,LATINX_JAIL_POP_RATE,FLOAT,
LIBRARY_STAGING,DBT_CROGERS,STG_XC_VERA_INCARCERATION_TRENDS__COUNTY_YEAR,TOTAL_INCARCERATION,FLOAT,
LIBRARY_STAGING,DBT_CROGERS,STG_XC_VERA_INCARCERATION_TRENDS__COUNTY_YEAR,TOTAL_INCARCERATION_RATE,FLOAT,
LIBRARY_STAGING,DBT_CROGERS,STG_XC_VERA_INCARCERATION_TRENDS__COUNTY_YEAR,TOTAL_JAIL_POP_RATE,FLOAT,
LIBRARY_STAGING,DBT_CROGERS,STG_XC_VERA_INCARCERATION_TRENDS__COUNTY_YEAR,TOTAL_PRISON_POP_RATE,FLOAT,
LIBRARY_STAGING,DBT_CROGERS,STG_XC_VERA_INCARCERATION_TRENDS__COUNTY_YEAR,WHITE_JAIL_POP_RATE,FLOAT,
LIBRARY_STAGING,DBT_CROGERS,STG_XC_VERA_INCARCERATION_TRENDS__COUNTY_YEAR,WHITE_PRISON_POP_RATE,FLOAT,
