db,schema,table,column,dtype,row_count
LIBRARY_MARTS,CONSUMER_SAFETY,CONSUMER_SAFETY__FED_NHTSA_COMPLAINTS,CITY,TEXT,2227941
LIBRARY_MARTS,CORPORATE_REGISTRY,CORPORATE_REGISTRY__FED_IRS_EO_BMF,CITY,TEXT,1983563
LIBRARY_MARTS,CORPORATE_REGISTRY,CORPORATE_REGISTRY__INTL_UK_COMPANIES_HOUSE,POST_TOWN,TEXT,5734780
LIBRARY_MARTS,CORPORATE_REGISTRY,CORPORATE_REGISTRY__UK_COMPANIES_HOUSE_PSC,ADDRESS_LOCALITY,TEXT,7000000
LIBRARY_MARTS,CRIMINAL_JUSTICE,CRIMINAL_JUSTICE__FED_BJS_DATA,LOCALITY,TEXT,1000
LIBRARY_MARTS,ECONOMICS,ECONOMICS__FED_DOL_FORM5500,ADMIN_FOREIGN_CITY,TEXT,33484
LIBRARY_MARTS,ECONOMICS,ECONOMICS__FED_DOL_FORM5500,ADMIN_US_CITY,TEXT,33484
LIBRARY_MARTS,ECONOMICS,ECONOMICS__FED_DOL_FORM5500,PREPARER_FOREIGN_CITY,TEXT,33484
LIBRARY_MARTS,ECONOMICS,ECONOMICS__FED_DOL_FORM5500,PREPARER_US_CITY,TEXT,33484
LIBRARY_MARTS,ECONOMICS,ECONOMICS__FED_DOL_FORM5500,SPONS_DFE_LOC_FOREIGN_CITY,TEXT,33484
LIBRARY_MARTS,ECONOMICS,ECONOMICS__FED_DOL_FORM5500,SPONS_DFE_LOC_US_CITY,TEXT,33484
LIBRARY_MARTS,ECONOMICS,ECONOMICS__FED_DOL_FORM5500,SPONS_DFE_MAIL_FOREIGN_CITY,TEXT,33484
LIBRARY_MARTS,ECONOMICS,ECONOMICS__FED_DOL_FORM5500,SPONS_DFE_MAIL_US_CITY,TEXT,33484
LIBRARY_MARTS,ECONOMICS,ECONOMICS__FED_FAC_SINGLE_AUDIT,AUDITEE_CITY,TEXT,411638
LIBRARY_MARTS,ECONOMICS,ECONOMICS__FED_FAC_SINGLE_AUDIT,AUDITOR_CITY,TEXT,411638
LIBRARY_MARTS,ECONOMICS,ECONOMICS__FED_FDIC_FAILED_BANKS,CITY,TEXT,3584
LIBRARY_MARTS,ECONOMICS,ECONOMICS__FED_FDIC_FAILED_BANKS,CITY_STATE,TEXT,3584
LIBRARY_MARTS,ECONOMICS,ECONOMICS__FED_IRS_AUTO_REVOCATIONS,CITY,TEXT,1207295
LIBRARY_MARTS,ECONOMICS,ECONOMICS__FED_IRS_BMF,CITY,TEXT,1974830
LIBRARY_MARTS,ECONOMICS,ECONOMICS__FED_IRS_EO_PR,CITY,TEXT,2587
LIBRARY_MARTS,ECONOMICS,ECONOMICS__FED_IRS_PUB78_ELIGIBLE_DONEES,CITY,TEXT,1435544
LIBRARY_MARTS,ECONOMICS,ECONOMICS__FED_IRS_REVOCATION,CITY,TEXT,1187367
LIBRARY_MARTS,ECONOMICS,ECONOMICS__FED_IRS_SOI_CHARITIES,CITY,TEXT,2450
LIBRARY_MARTS,ECONOMICS,ECONOMICS__FED_SBA_LOANS,BORROWER_CITY,TEXT,2174502
LIBRARY_MARTS,ECONOMICS,ECONOMICS__FED_SBA_PPP,BORROWER_CITY,TEXT,968524
LIBRARY_MARTS,ECONOMICS,ECONOMICS__FED_USASPENDING_ASSISTANCE_FULL,PRIMARY_PLACE_OF_PERFORMANCE_CITY_NAME,TEXT,19902879
LIBRARY_MARTS,ECONOMICS,ECONOMICS__FED_USASPENDING_ASSISTANCE_FULL,RECIPIENT_CITY_CODE,TEXT,19902879
LIBRARY_MARTS,ECONOMICS,ECONOMICS__FED_USASPENDING_ASSISTANCE_FULL,RECIPIENT_CITY_NAME,TEXT,19902879
LIBRARY_MARTS,ECONOMICS,ECONOMICS__FED_USASPENDING_ASSISTANCE_FULL,RECIPIENT_FOREIGN_CITY_NAME,TEXT,19902879
LIBRARY_MARTS,ECONOMICS,ECONOMICS__FED_USASPENDING_CONTRACTS,PRIMARY_PLACE_OF_PERFORMANCE_CITY_NAME,TEXT,6325622
LIBRARY_MARTS,ECONOMICS,ECONOMICS__FED_USASPENDING_CONTRACTS,RECIPIENT_CITY_NAME,TEXT,6325622
LIBRARY_MARTS,ECONOMICS,ECONOMICS__FED_USASPENDING_CONTRACTS_FULL,CITY_LOCAL_GOVERNMENT,TEXT,
LIBRARY_MARTS,ECONOMICS,ECONOMICS__FED_USASPENDING_CONTRACTS_FULL,MUNICIPALITY_LOCAL_GOVERNMENT,TEXT,
LIBRARY_MARTS,ECONOMICS,ECONOMICS__FED_USASPENDING_CONTRACTS_FULL,PRIMARY_PLACE_OF_PERFORMANCE_CITY_NAME,TEXT,
LIBRARY_MARTS,ECONOMICS,ECONOMICS__FED_USASPENDING_CONTRACTS_FULL,RECIPIENT_CITY_NAME,TEXT,
LIBRARY_MARTS,ECONOMICS,ECONOMICS__FED_US_USASPENDING_API,PLACE_OF_PERFORMANCE_CITY,TEXT,300
LIBRARY_MARTS,ECONOMICS,ECONOMICS__INTL_GLEIF,ENTITY_HEADQUARTERSADDRESS_CITY,TEXT,3382301
LIBRARY_MARTS,ECONOMICS,ECONOMICS__INTL_GLEIF,ENTITY_LEGALADDRESS_CITY,TEXT,3382301
LIBRARY_MARTS,ECONOMICS,ECONOMICS__INTL_GLEIF,ENTITY_OTHERADDRESSES_OTHERADDRESS_1_CITY,TEXT,3382301
LIBRARY_MARTS,ECONOMICS,ECONOMICS__INTL_GLEIF,ENTITY_OTHERADDRESSES_OTHERADDRESS_2_CITY,TEXT,3382301
LIBRARY_MARTS,ECONOMICS,ECONOMICS__INTL_GLEIF,ENTITY_OTHERADDRESSES_OTHERADDRESS_3_CITY,TEXT,3382301
LIBRARY_MARTS,ECONOMICS,ECONOMICS__INTL_GLEIF,ENTITY_OTHERADDRESSES_OTHERADDRESS_4_CITY,TEXT,3382301
LIBRARY_MARTS,ECONOMICS,ECONOMICS__INTL_GLEIF,ENTITY_OTHERADDRESSES_OTHERADDRESS_5_CITY,TEXT,3382301
LIBRARY_MARTS,ECONOMICS,ECONOMICS__INTL_GLEIF,ENTITY_TRANSLITERATEDOTHERADDRESSES_TRANSLITERATEDOTHERADDRESS_1_CITY,TEXT,3382301
LIBRARY_MARTS,ECONOMICS,ECONOMICS__INTL_GLEIF,ENTITY_TRANSLITERATEDOTHERADDRESSES_TRANSLITERATEDOTHERADDRESS_2_CITY,TEXT,3382301
LIBRARY_MARTS,ECONOMICS,ECONOMICS__INTL_GLEIF,ENTITY_TRANSLITERATEDOTHERADDRESSES_TRANSLITERATEDOTHERADDRESS_3_CITY,TEXT,3382301
LIBRARY_MARTS,ECONOMICS,ECONOMICS__INTL_GLEIF,ENTITY_TRANSLITERATEDOTHERADDRESSES_TRANSLITERATEDOTHERADDRESS_4_CITY,TEXT,3382301
LIBRARY_MARTS,ECONOMICS,ECONOMICS__INTL_GLEIF,ENTITY_TRANSLITERATEDOTHERADDRESSES_TRANSLITERATEDOTHERADDRESS_5_CITY,TEXT,3382301
LIBRARY_MARTS,EDUCATION,EDUCATION__FED_ED_COLLEGE_SCORECARD_INSTITUTION,CITY,TEXT,6273
LIBRARY_MARTS,EDUCATION,EDUCATION__FED_SENATE_LDA_FILINGS,REGISTRANT_CITY,TEXT,174871
LIBRARY_MARTS,ENERGY,ENERGY__FED_EIA860_1_UTILITY,CITY,TEXT,6643
LIBRARY_MARTS,ENERGY,ENERGY__FED_EIA860_2_PLANT,CITY,TEXT,16132
LIBRARY_MARTS,ENERGY,ENERGY__FED_EIA860_4_OWNER,OWNER_CITY,TEXT,5495
LIBRARY_MARTS,ENERGY,ENERGY__FED_EIA861_MERGERS,CITY,TEXT,4
LIBRARY_MARTS,ENVIRONMENT,ENVIRONMENT__EPA_PENALTY_GAP,CITY,TEXT,93808
LIBRARY_MARTS,ENVIRONMENT,ENVIRONMENT__FED_EPA_AQS_SITES,CITY_NAME,TEXT,20994
LIBRARY_MARTS,ENVIRONMENT,ENVIRONMENT__FED_EPA_ECHO,CITY,TEXT,3135554
LIBRARY_MARTS,ENVIRONMENT,ENVIRONMENT__FED_EPA_ENVIROFACTS,CITY_NAME,TEXT,5000
LIBRARY_MARTS,ENVIRONMENT,ENVIRONMENT__FED_EPA_FRS_FACILITIES,CITY,TEXT,5300149
LIBRARY_MARTS,ENVIRONMENT,ENVIRONMENT__FED_EPA_FRS_FRS_FACILITIES,FAC_CITY,TEXT,3277557
LIBRARY_MARTS,ENVIRONMENT,ENVIRONMENT__FED_EPA_FRS_FRS_PROGRAM_LINKS,CITY_NAME,TEXT,4406498
LIBRARY_MARTS,ENVIRONMENT,ENVIRONMENT__FED_EPA_GHGRP_FACILITY,CITY,TEXT,136005
LIBRARY_MARTS,ENVIRONMENT,ENVIRONMENT__FED_EPA_ICIS_AIR_ICIS_AIR_FACILITIES,CITY,TEXT,279728
LIBRARY_MARTS,ENVIRONMENT,ENVIRONMENT__FED_EPA_NPDES_ICIS_FACILITIES,CITY,TEXT,1213737
LIBRARY_MARTS,ENVIRONMENT,ENVIRONMENT__FED_EPA_RCRA_FACILITIES,CITY_NAME,TEXT,1613224
LIBRARY_MARTS,ENVIRONMENT,ENVIRONMENT__FED_EPA_SDWA_SDWA_GEOGRAPHIC_AREAS,CITY_SERVED,TEXT,578198
LIBRARY_MARTS,ENVIRONMENT,ENVIRONMENT__FED_EPA_SDWA_SDWA_PUB_WATER_SYSTEMS,CITY_NAME,TEXT,434040
LIBRARY_MARTS,ENVIRONMENT,ENVIRONMENT__FED_EPA_SUPERFUND_SITE_BOUNDARIES,CITY,TEXT,2114
LIBRARY_MARTS,ENVIRONMENT,ENVIRONMENT__FED_EPA_TRI_BASIC_2023,C_6_CITY,TEXT,78647
LIBRARY_MARTS,ENVIRONMENT,ENVIRONMENT__FED_EPA_TRI_FACILITY,CITY_NAME,TEXT,64990
LIBRARY_MARTS,ENVIRONMENT,ENVIRONMENT__FED_EPA_TRI_FACILITY,MAIL_CITY,TEXT,64990
LIBRARY_MARTS,ENVIRONMENT,ENVIRONMENT__FED_NID_DAMS,CITY,TEXT,92766
LIBRARY_MARTS,ENVIRONMENT,ENVIRONMENT__FED_PHMSA_FLAGGED_INCIDENTS,OPERATOR_CITY,TEXT,2039
LIBRARY_MARTS,ENVIRONMENT,ENVIRONMENT__FED_USCG_NRC_INCIDENTS,RESPONSIBLE_CITY,TEXT,1029020
LIBRARY_MARTS,ENVIRONMENT,ENVIRONMENT__FED_USCG_NRC_INCIDENT_REPORTS,RESPONSIBLE_CITY,TEXT,116662
LIBRARY_MARTS,FINANCE,FINANCE__FED_EPA_ICIS_FEC_CASE_ENFORCEMENT_CONCLUSION_FACILITIES,FACILITY_CITY,TEXT,150877
LIBRARY_MARTS,FINANCE,FINANCE__FED_EPA_ICIS_FEC_CASE_FACILITIES,CITY,TEXT,204019
LIBRARY_MARTS,FINANCE,FINANCE__FED_FDIC_BANK_DATA,CITY,TEXT,27836
LIBRARY_MARTS,FINANCE,FINANCE__FED_FDIC_BANK_DATA,HOLDING_COMPANY_CITY,TEXT,27836
LIBRARY_MARTS,FINANCE,FINANCE__FED_FDIC_SOD_BRANCH_DEPOSITS,BRANCH_CITY,TEXT,2823000
LIBRARY_MARTS,FINANCE,FINANCE__FED_FDIC_SOD_BRANCH_DEPOSITS,BRANCH_CITY_ALT,TEXT,2823000
LIBRARY_MARTS,FINANCE,FINANCE__FED_FDIC_SOD_BRANCH_DEPOSITS,HOLDING_COMPANY_CITY,TEXT,2823000
LIBRARY_MARTS,FINANCE,FINANCE__FED_FDIC_SOD_BRANCH_DEPOSITS,INSTITUTION_CITY,TEXT,2823000
LIBRARY_MARTS,FINANCE,FINANCE__FED_FEC_BULK,CMTE_CITY,TEXT,20938
LIBRARY_MARTS,FINANCE,FINANCE__FED_FEC_BULK_COMMITTEES,CMTE_CITY,TEXT,20007
LIBRARY_MARTS,FINANCE,FINANCE__FED_FEC_CANDIDATES,CAND_CITY,TEXT,33506
LIBRARY_MARTS,FINANCE,FINANCE__FED_FEC_COMMITTEES,CMTE_CITY,TEXT,78039
LIBRARY_MARTS,FINANCE,FINANCE__FED_FEC_COMMITTEE_TO_CANDIDATE,CITY,TEXT,866730
LIBRARY_MARTS,FINANCE,FINANCE__FED_FEC_INDIV_CONTRIBUTIONS,CITY,TEXT,84172112
LIBRARY_MARTS,FINANCE,FINANCE__FED_FHFA_FHLB_MEMBERSHIP,CITY,TEXT,6327
LIBRARY_MARTS,FINANCE,FINANCE__FED_NCUA_CALL_REPORTS,CITY,TEXT,121713
LIBRARY_MARTS,FINANCE,FINANCE__FED_NCUA_CALL_REPORTS_FOICU,CITY,TEXT,4336
LIBRARY_MARTS,FINANCE,FINANCE__FED_NCUA_FEDERALLY_INSURED_CU_LIST,CITY_MAILING_ADDRESS,TEXT,4250
LIBRARY_MARTS,FINANCE,FINANCE__FED_OCC_NATIONAL_BANKS,CITY,TEXT,724
LIBRARY_MARTS,FINANCE,FINANCE__FED_OCC_THRIFTS,CITY,TEXT,218
LIBRARY_MARTS,FINANCE,FINANCE__FED_PCAOB_FORM_AP_FILINGS,FIRM_ISSUING_CITY,TEXT,155384
LIBRARY_MARTS,FINANCE,FINANCE__FED_SEC_13F_FILERS,FILINGMANAGER_CITY,TEXT,344109
LIBRARY_MARTS,FINANCE,FINANCE__FED_SEC_BUSINESS_DEVELOPMENT_COMPANY_REPORT,CITY,TEXT,212
LIBRARY_MARTS,FINANCE,FINANCE__FED_SEC_CLOSED_END_FUND_INFORMATION,CITY,TEXT,973
LIBRARY_MARTS,FINANCE,FINANCE__FED_SEC_INSIDER_REPORTINGOWNER,CITY,TEXT,1934673
LIBRARY_MARTS,FINANCE,FINANCE__FED_SEC_INVESTMENT_COMPANY_SERIES_CLASS,CITY,TEXT,43123
LIBRARY_MARTS,FINANCE,FINANCE__INTL_ISO_MIC_REGISTRY,CITY,TEXT,2864
LIBRARY_MARTS,FINANCE,FINANCE__INTL_OSFI_REGULATED_FI,CITY,TEXT,343
LIBRARY_MARTS,FOREIGN_INFLUENCE,FOREIGN_INFLUENCE__FED_FARA_BULK,CITY,TEXT,48104
LIBRARY_MARTS,HEALTH,HEALTH__FED_CMS_DIALYSIS,CITY_TOWN,TEXT,7557
LIBRARY_MARTS,HEALTH,HEALTH__FED_CMS_FACILITY_LEVEL_MINIMUM_DATA_SET_FREQUENCY,CITY,TEXT,31403215
LIBRARY_MARTS,HEALTH,HEALTH__FED_CMS_FEDERALLY_QUALIFIED_HEALTH_CENTER_ENROLLMENTS,CITY,TEXT,11063
LIBRARY_MARTS,HEALTH,HEALTH__FED_CMS_HCRIS,CITY,TEXT,6103
LIBRARY_MARTS,HEALTH,HEALTH__FED_CMS_HOME_HEALTH,CITY_TOWN,TEXT,12392
LIBRARY_MARTS,HEALTH,HEALTH__FED_CMS_HOME_HEALTH_AGENCY_ENROLLMENTS,CITY,TEXT,11508
LIBRARY_MARTS,HEALTH,HEALTH__FED_CMS_HOSPICE,CITY_TOWN,TEXT,6852
LIBRARY_MARTS,HEALTH,HEALTH__FED_CMS_HOSPITAL_COMPARE,CITY_TOWN,TEXT,5432
LIBRARY_MARTS,HEALTH,HEALTH__FED_CMS_HOSPITAL_ENROLLMENTS,CITY,TEXT,9175
LIBRARY_MARTS,HEALTH,HEALTH__FED_CMS_HOSPITAL_GENERAL,CITY_TOWN,TEXT,5432
LIBRARY_MARTS,HEALTH,HEALTH__FED_CMS_IRF,CITY_TOWN,TEXT,1222
LIBRARY_MARTS,HEALTH,HEALTH__FED_CMS_LTCH,CITY_TOWN,TEXT,311
LIBRARY_MARTS,HEALTH,HEALTH__FED_CMS_MEDICARE_DIABETES_PREVENTION_PROGRAM,CITY,TEXT,1037
LIBRARY_MARTS,HEALTH,HEALTH__FED_CMS_MEDICARE_DIALYSIS_FACILITIES,CITY,TEXT,12456456
LIBRARY_MARTS,HEALTH,HEALTH__FED_CMS_MEDICARE_DURABLE_MEDICAL_EQUIPMENT_DEVICES_SUPPLIES_BY_REFER,RFRG_PRVDR_CITY,TEXT,381228
LIBRARY_MARTS,HEALTH,HEALTH__FED_CMS_MEDICARE_DURABLE_MEDICAL_EQUIPMENT_DEVICES_SUPPLIES_BY_SUPPL,SUPLR_PRVDR_CITY,TEXT,440670
LIBRARY_MARTS,HEALTH,HEALTH__FED_CMS_MEDICARE_INPATIENT_HOSPITALS_BY_PROVIDER,RNDRNG_PRVDR_CITY,TEXT,3044
LIBRARY_MARTS,HEALTH,HEALTH__FED_CMS_MEDICARE_INPATIENT_HOSPITALS_BY_PROVIDER_AND_SERVICE,RNDRNG_PRVDR_CITY,TEXT,145879
LIBRARY_MARTS,HEALTH,HEALTH__FED_CMS_MEDICARE_OUTPATIENT_HOSPITALS_BY_PROVIDER_AND_SERVICE,RNDRNG_PRVDR_CITY,TEXT,116182
LIBRARY_MARTS,HEALTH,HEALTH__FED_CMS_MEDICARE_PHYSICIAN_OTHER_PRACTITIONERS_BY_PROVIDER,RNDRNG_PRVDR_CITY,TEXT,1296739
LIBRARY_MARTS,HEALTH,HEALTH__FED_CMS_MEDICARE_PHYSICIAN_OTHER_PRACTITIONERS_BY_PROVIDER_AND_SERVI,RNDRNG_PRVDR_CITY,TEXT,9781673
LIBRARY_MARTS,HEALTH,HEALTH__FED_CMS_MEDICARE_PROVIDER,RNDRNG_PRVDR_CITY,TEXT,1296739
LIBRARY_MARTS,HEALTH,HEALTH__FED_CMS_NPPES,PROVIDER_BUSINESS_MAILING_ADDRESS_CITY_NAME,TEXT,9606683
LIBRARY_MARTS,HEALTH,HEALTH__FED_CMS_NPPES,PROVIDER_BUSINESS_PRACTICE_LOCATION_ADDRESS_CITY_NAME,TEXT,9606683
LIBRARY_MARTS,HEALTH,HEALTH__FED_CMS_NURSING_HOME,CITY,TEXT,14700
LIBRARY_MARTS,HEALTH,HEALTH__FED_CMS_NURSING_HOME_DEFICIENCIES,CITY_TOWN,TEXT,418479
LIBRARY_MARTS,HEALTH,HEALTH__FED_CMS_NURSING_HOME_FIRE_DEFICIENCIES,CITY_TOWN,TEXT,200030
LIBRARY_MARTS,HEALTH,HEALTH__FED_CMS_NURSING_HOME_PENALTIES,CITY_TOWN,TEXT,16180
LIBRARY_MARTS,HEALTH,HEALTH__FED_CMS_OPEN_PAYMENTS,RECIPIENT_CITY,TEXT,15385047
LIBRARY_MARTS,HEALTH,HEALTH__FED_CMS_OPEN_PAYMENTS_2022,RECIPIENT_CITY,TEXT,13250000
LIBRARY_MARTS,HEALTH,HEALTH__FED_CMS_OPEN_PAYMENTS_2023,RECIPIENT_CITY,TEXT,14700786
LIBRARY_MARTS,HEALTH,HEALTH__FED_CMS_OPEN_PAYMENTS_PROFILE_SUPPLEMENT,CITY,TEXT,1697025
LIBRARY_MARTS,HEALTH,HEALTH__FED_CMS_OPIOID_TREATMENT_PROGRAM_PROVIDERS,CITY,TEXT,1558
LIBRARY_MARTS,HEALTH,HEALTH__FED_CMS_OPT_OUT_AFFIDAVITS,CITY_NAME,TEXT,57209
LIBRARY_MARTS,HEALTH,HEALTH__FED_CMS_PARTD_PRESCRIBERS,PRESCRIBER_CITY,TEXT,25869521
LIBRARY_MARTS,HEALTH,HEALTH__FED_CMS_PART_D_PRESCRIBERS,PRSCRBR_CITY,TEXT,1416883
LIBRARY_MARTS,HEALTH,HEALTH__FED_CMS_POS_OTHER,CITY_NAME,TEXT,44429
LIBRARY_MARTS,HEALTH,HEALTH__FED_CMS_RURAL_HEALTH_CLINIC_ENROLLMENTS,CITY,TEXT,5530
LIBRARY_MARTS,HEALTH,HEALTH__FED_CMS_SKILLED_NURSING_FACILITY_ENROLLMENTS,CITY,TEXT,14425
LIBRARY_MARTS,HEALTH,HEALTH__FED_DEA_ARCOS,BUYER_CITY,TEXT,178598026
LIBRARY_MARTS,HEALTH,HEALTH__FED_DEA_ARCOS,REPORTER_CITY,TEXT,178598026
LIBRARY_MARTS,HEALTH,HEALTH__FED_FDA_DEVICE_510K,CITY,TEXT,175686
LIBRARY_MARTS,HEALTH,HEALTH__FED_FDA_DEVICE_ENFORCEMENT,CITY,TEXT,39635
LIBRARY_MARTS,HEALTH,HEALTH__FED_FDA_DEVICE_PMA,CITY,TEXT,56853
LIBRARY_MARTS,HEALTH,HEALTH__FED_FDA_DRUG_ENFORCEMENT,CITY,TEXT,17816
LIBRARY_MARTS,HEALTH,HEALTH__FED_FDA_ESTABLISHMENT_REG,CITY,TEXT,263374
LIBRARY_MARTS,HEALTH,HEALTH__FED_FDA_MAUDE,MANUFACTURER_CITY,TEXT,2743561
LIBRARY_MARTS,HEALTH,HEALTH__FED_HHS_OIG_LEIE,CITY,TEXT,83369
LIBRARY_MARTS,HEALTH,HEALTH__FED_HRSA_HPSA_PRIMARY_CARE,HPSA_CITY,TEXT,79158
LIBRARY_MARTS,HEALTH,HEALTH__FED_HRSA_SHORTAGE_AREAS,HPSA_CITY,TEXT,165531
LIBRARY_MARTS,HEALTH,HEALTH__FED_HRSA_UDS_SERVICE_DELIVERY_SITES,HEALTH_CENTER_CITY,TEXT,19038
LIBRARY_MARTS,HEALTH,HEALTH__FED_HRSA_UDS_SERVICE_DELIVERY_SITES,SITE_CITY,TEXT,19038
LIBRARY_MARTS,HEALTH,HEALTH__FED_IHS_FACILITIES,CITY,TEXT,1006
LIBRARY_MARTS,HEALTH,HEALTH__FED_NURSINGHOME411,CITY_TOWN,TEXT,14713
LIBRARY_MARTS,HOUSING,HOUSING__FED_FEMA_IA_HOUSING_REGISTRATIONS,DAMAGED_CITY,TEXT,3080000
LIBRARY_MARTS,HOUSING,HOUSING__FED_FEMA_IA_HOUSING_REGISTRATIONS,RENTAL_RESOURCE_CITY,TEXT,3080000
LIBRARY_MARTS,HOUSING,HOUSING__FED_FHFA_HPI,PLACE_NAME,TEXT,184807
LIBRARY_MARTS,HOUSING,HOUSING__FED_HUD_ASSISTED_HOUSING_PROJECTS,STD_CITY,TEXT,35601
LIBRARY_MARTS,HOUSING,HOUSING__FED_HUD_FHA_SF_PORTFOLIO_SNAPSHOT,PROPERTY_CITY,TEXT,61647
LIBRARY_MARTS,HOUSING,HOUSING__FED_HUD_MF_FIRM_COMMITMENTS,PROJECT_CITY,TEXT,25557
LIBRARY_MARTS,HOUSING,HOUSING__FED_HUD_PUBLIC_HOUSING_AUTHORITIES,PLACE_NAME,TEXT,3787
LIBRARY_MARTS,HOUSING,HOUSING__FED_HUD_PUBLIC_HOUSING_AUTHORITIES,STD_CITY,TEXT,3787
LIBRARY_MARTS,HOUSING,HOUSING__FED_MAPPING_INEQUALITY,CITY,TEXT,1155
LIBRARY_MARTS,HOUSING,HOUSING__FED_USDA_RD_MFH_ACTIVE_PROJECTS,CITY,TEXT,13550
LIBRARY_MARTS,IMMIGRATION,IMMIGRATION__FED_CMS_HOSPICE_ENROLLMENTS,CITY,TEXT,6066
LIBRARY_MARTS,IMMIGRATION,IMMIGRATION__FED_DOL_OFLC,AGENT_ATTORNEY_CITY,TEXT,664616
LIBRARY_MARTS,IMMIGRATION,IMMIGRATION__FED_DOL_OFLC,EMPLOYER_CITY,TEXT,664616
LIBRARY_MARTS,IMMIGRATION,IMMIGRATION__FED_DOL_OFLC,WORKSITE_CITY_1,TEXT,664616
LIBRARY_MARTS,IMMIGRATION,IMMIGRATION__FED_DOL_OFLC,WORKSITE_CITY_10,TEXT,664616
LIBRARY_MARTS,IMMIGRATION,IMMIGRATION__FED_DOL_OFLC,WORKSITE_CITY_2,TEXT,664616
LIBRARY_MARTS,IMMIGRATION,IMMIGRATION__FED_DOL_OFLC,WORKSITE_CITY_3,TEXT,664616
LIBRARY_MARTS,IMMIGRATION,IMMIGRATION__FED_DOL_OFLC,WORKSITE_CITY_4,TEXT,664616
LIBRARY_MARTS,IMMIGRATION,IMMIGRATION__FED_DOL_OFLC,WORKSITE_CITY_5,TEXT,664616
LIBRARY_MARTS,IMMIGRATION,IMMIGRATION__FED_DOL_OFLC,WORKSITE_CITY_6,TEXT,664616
LIBRARY_MARTS,IMMIGRATION,IMMIGRATION__FED_DOL_OFLC,WORKSITE_CITY_7,TEXT,664616
LIBRARY_MARTS,IMMIGRATION,IMMIGRATION__FED_DOL_OFLC,WORKSITE_CITY_8,TEXT,664616
LIBRARY_MARTS,IMMIGRATION,IMMIGRATION__FED_DOL_OFLC,WORKSITE_CITY_9,TEXT,664616
LIBRARY_MARTS,IMMIGRATION,IMMIGRATION__FED_ICE_DETAINERS,FACILITY_CITY,TEXT,609769
LIBRARY_MARTS,IMMIGRATION,IMMIGRATION__FED_ICE_DETENTION_FACILITY_CODES,CITY,TEXT,1490
LIBRARY_MARTS,IMMIGRATION,IMMIGRATION__FED_ICE_DETENTION_FACILITY_LIST,CITY,TEXT,163
LIBRARY_MARTS,IMMIGRATION,IMMIGRATION__FED_ICE_DETENTION_STINTS,CITY,TEXT,2571975
LIBRARY_MARTS,JUSTICE,JUSTICE__FED_ATF_FFL,MAIL_CITY,TEXT,77514
LIBRARY_MARTS,JUSTICE,JUSTICE__FED_ATF_FFL,PREMISE_CITY,TEXT,77514
LIBRARY_MARTS,JUSTICE,JUSTICE__FED_COURTLISTENER_COURTHOUSES,CITY,TEXT,3361
LIBRARY_MARTS,JUSTICE,JUSTICE__FED_COURTLISTENER_JUDGES,DOB_CITY,TEXT,16191
LIBRARY_MARTS,JUSTICE,JUSTICE__FED_COURTLISTENER_JUDGES,DOD_CITY,TEXT,16191
LIBRARY_MARTS,JUSTICE,JUSTICE__FED_COURTLISTENER_POSITIONS,LOCATION_CITY,TEXT,51290
LIBRARY_MARTS,JUSTICE,JUSTICE__FED_FHFA_SUSPENDED_COUNTERPARTIES,CITY,TEXT,222
LIBRARY_MARTS,JUSTICE,JUSTICE__INTL_EU_SANCTIONS,ADDR_CITY,TEXT,42347
LIBRARY_MARTS,JUSTICE,JUSTICE__STATE_MO_SEX_OFFENDER_REGISTRY,CITY,TEXT,28185
LIBRARY_MARTS,JUSTICE,JUSTICE__XC_MAPPING_POLICE_VIOLENCE,CITY,TEXT,15476
LIBRARY_MARTS,JUSTICE,JUSTICE__XC_UK_SANCTIONS_LIST,TOWN_OF_BIRTH,TEXT,33828
LIBRARY_MARTS,JUSTICE,JUSTICE__XC_WAPO_FATAL_FORCE,CITY,TEXT,10430
LIBRARY_MARTS,LABOR,LABOR__FED_DOL_EBSA_FORM5500_SCHEDULE_SB,SB_ACTUARY_FOREIGN_CITY,TEXT,41802
LIBRARY_MARTS,LABOR,LABOR__FED_DOL_EBSA_FORM5500_SCHEDULE_SB,SB_ACTUARY_US_CITY,TEXT,41802
LIBRARY_MARTS,LABOR,LABOR__FED_DOL_OLMS,CITY,TEXT,617710
LIBRARY_MARTS,LABOR,LABOR__FED_MSHA_MINES,NEAREST_TOWN,TEXT,91906
LIBRARY_MARTS,LABOR,LABOR__FED_OSHA_ITA_300A_SUMMARY_2023,CITY,TEXT,394234
LIBRARY_MARTS,LABOR,LABOR__FED_OSHA_ITA_300A_SUMMARY_2024,CITY,TEXT,398620
LIBRARY_MARTS,LABOR,LABOR__FED_OSHA_ITA_300A_SUMMARY_2025,CITY,TEXT,383283
LIBRARY_MARTS,LABOR,LABOR__FED_OSHA_ITA_CASE_DETAIL_2023,CITY,TEXT,890934
LIBRARY_MARTS,LABOR,LABOR__FED_OSHA_ITA_CASE_DETAIL_2024,CITY,TEXT,688649
LIBRARY_MARTS,LABOR,LABOR__FED_OSHA_ITA_CASE_DETAIL_2025,CITY,TEXT,330447
LIBRARY_MARTS,LABOR,LABOR__FED_PBGC_TRUSTEED_PLANS,CITY,TEXT,5176
LIBRARY_MARTS,POLITICS,POLITICS__CA_LOBBY_CHG_LOG,ENTITY_CITY,TEXT,85765
LIBRARY_MARTS,POLITICS,POLITICS__CA_LOBBY_CHG_LOG,FILER_CITY,TEXT,85765
LIBRARY_MARTS,POLITICS,POLITICS__CA_LOBBY_COVER,FIRM_CITY,TEXT,524828
LIBRARY_MARTS,POLITICS,POLITICS__FEC_COMMITTEE,CMTE_CITY,TEXT,40945
LIBRARY_MARTS,POLITICS,POLITICS__FED_FCC_LICENSING,CITY,TEXT,1689338
LIBRARY_MARTS,POLITICS,POLITICS__FED_FJC_JUDGES,BIRTH_CITY,TEXT,4067
LIBRARY_MARTS,POLITICS,POLITICS__FED_FJC_JUDGES,DEATH_CITY,TEXT,4067
LIBRARY_MARTS,POLITICS,POLITICS__INTL_ELECTIONS_CANADA_CONTRIBUTIONS,CONTRIBUTOR_CITY,TEXT,12646465
LIBRARY_MARTS,POLITICS,POLITICS__IRS527_8871_ORGS,MAILING_CITY,TEXT,77591
LIBRARY_MARTS,POLITICS,POLITICS__IRS527_8872_REPORTS,BUSINESS_CITY,TEXT,55579
LIBRARY_MARTS,POLITICS,POLITICS__IRS527_8872_REPORTS,CONTACT_CITY,TEXT,55579
LIBRARY_MARTS,POLITICS,POLITICS__IRS527_8872_REPORTS,CUSTODIAN_CITY,TEXT,55579
LIBRARY_MARTS,POLITICS,POLITICS__IRS527_8872_REPORTS,MAILING_CITY,TEXT,55579
LIBRARY_MARTS,POLITICS,POLITICS__IRS527_DIRECTORS_OFFICERS,ENTITY_CITY,TEXT,189593
LIBRARY_MARTS,POLITICS,POLITICS__IRS527_RELATED_ENTITIES,ENTITY_CITY,TEXT,64835
LIBRARY_MARTS,POLITICS,POLITICS__ST_NYC_CFB_CAMPAIGN_2001_CONTRIBUTION,CITY,TEXT,193741
LIBRARY_MARTS,POLITICS,POLITICS__ST_NYC_CFB_CAMPAIGN_2001_CONTRIBUTION,EMPLOYER_CITY,TEXT,193741
LIBRARY_MARTS,POLITICS,POLITICS__ST_NYC_CFB_CAMPAIGN_2001_CONTRIBUTION,INTERMEDIARY_CITY,TEXT,193741
LIBRARY_MARTS,POLITICS,POLITICS__ST_NYC_CFB_CAMPAIGN_2001_CONTRIBUTION,INTERMEDIARY_EMPLOYER_CITY,TEXT,193741
LIBRARY_MARTS,POLITICS,POLITICS__ST_NYC_CFB_CAMPAIGN_2009_CONTRIBUTION,CITY,TEXT,146112
LIBRARY_MARTS,POLITICS,POLITICS__ST_NYC_CFB_CAMPAIGN_2009_CONTRIBUTION,EMPLOYER_CITY,TEXT,146112
LIBRARY_MARTS,POLITICS,POLITICS__ST_NYC_CFB_CAMPAIGN_2009_CONTRIBUTION,INTERMEDIARY_CITY,TEXT,146112
LIBRARY_MARTS,POLITICS,POLITICS__ST_NYC_CFB_CAMPAIGN_2009_CONTRIBUTION,INTERMEDIARY_EMPLOYER_CITY,TEXT,146112
LIBRARY_MARTS,POLITICS,POLITICS__ST_NYC_CFB_CAMPAIGN_2013_CONTRIBUTION,CITY,TEXT,197968
LIBRARY_MARTS,POLITICS,POLITICS__ST_NYC_CFB_CAMPAIGN_2013_CONTRIBUTION,EMPLOYER_CITY,TEXT,197968
LIBRARY_MARTS,POLITICS,POLITICS__ST_NYC_CFB_CAMPAIGN_2013_CONTRIBUTION,INTERMEDIARY_CITY,TEXT,197968
LIBRARY_MARTS,POLITICS,POLITICS__ST_NYC_CFB_CAMPAIGN_2013_CONTRIBUTION,INTERMEDIARY_EMPLOYER_CITY,TEXT,197968
LIBRARY_MARTS,POLITICS,POLITICS__ST_NYC_CFB_CAMPAIGN_2021_CONTRIBUTIONS,CITY,TEXT,457521
LIBRARY_MARTS,POLITICS,POLITICS__ST_NYC_CFB_CAMPAIGN_2021_CONTRIBUTIONS,EMPLOYER_CITY,TEXT,457521
LIBRARY_MARTS,POLITICS,POLITICS__ST_NYC_CFB_CAMPAIGN_2021_CONTRIBUTIONS,INTERMEDIARY_CITY,TEXT,457521
LIBRARY_MARTS,POLITICS,POLITICS__ST_NYC_CFB_CAMPAIGN_2021_CONTRIBUTIONS,INTERMEDIARY_EMPLOYER_CITY,TEXT,457521
LIBRARY_MARTS,POLITICS,POLITICS__ST_NYC_CFB_CAMPAIGN_2025_CONTRIBUTIONS,CITY,TEXT,259537
LIBRARY_MARTS,POLITICS,POLITICS__ST_NYC_CFB_CAMPAIGN_2025_CONTRIBUTIONS,EMPLOYER_CITY,TEXT,259537
LIBRARY_MARTS,POLITICS,POLITICS__ST_NYC_CFB_CAMPAIGN_2025_CONTRIBUTIONS,INTERMEDIARY_CITY,TEXT,259537
LIBRARY_MARTS,POLITICS,POLITICS__ST_NYC_CFB_CAMPAIGN_2025_CONTRIBUTIONS,INTERMEDIARY_EMPLOYER_CITY,TEXT,259537
LIBRARY_MARTS,PROCUREMENT,PROCUREMENT__FED_SAM_EXCLUSIONS,CITY,TEXT,167928
LIBRARY_MARTS,PROCUREMENT,PROCUREMENT__FED_USASPENDING_BULK,CITY_LOCAL_GOVERNMENT,TEXT,49613
LIBRARY_MARTS,PROCUREMENT,PROCUREMENT__FED_USASPENDING_BULK,MUNICIPALITY_LOCAL_GOVERNMENT,TEXT,49613
LIBRARY_MARTS,PROCUREMENT,PROCUREMENT__FED_USASPENDING_BULK,PRIMARY_PLACE_OF_PERFORMANCE_CITY_NAME,TEXT,49613
LIBRARY_MARTS,PROCUREMENT,PROCUREMENT__FED_USASPENDING_BULK,RECIPIENT_CITY_NAME,TEXT,49613
LIBRARY_MARTS,REFERENCE,REFERENCE__FED_DHS_HIFLD,CITY,TEXT,500
LIBRARY_MARTS,SCIENCE,SCIENCE__FED_NSF_AWARDS,CITY,TEXT,115
LIBRARY_MARTS,SCIENCE_RESEARCH,SCIENCE_RESEARCH__FED_NIH_REPORTER,ORG_CITY,TEXT,2122611
LIBRARY_MARTS,SCIENCE_RESEARCH,SCIENCE_RESEARCH__FED_SBIR_STTR_AWARDS,CITY,TEXT,219503
LIBRARY_MARTS,TIMELINE,CONSUMER_SAFETY__FED_NHTSA_COMPLAINTS,CITY,TEXT,
LIBRARY_MARTS,TIMELINE,CORPORATE_REGISTRY__FED_IRS_EO_BMF,CITY,TEXT,
LIBRARY_MARTS,TIMELINE,CORPORATE_REGISTRY__INTL_UK_COMPANIES_HOUSE,POST_TOWN,TEXT,
LIBRARY_MARTS,TIMELINE,CORPORATE_REGISTRY__UK_COMPANIES_HOUSE_PSC,ADDRESS_LOCALITY,TEXT,
LIBRARY_MARTS,TIMELINE,CRIMINAL_JUSTICE__FED_BJS_DATA,LOCALITY,TEXT,
LIBRARY_MARTS,TIMELINE,ECONOMICS__FED_DOL_FORM5500,ADMIN_FOREIGN_CITY,TEXT,
LIBRARY_MARTS,TIMELINE,ECONOMICS__FED_DOL_FORM5500,ADMIN_US_CITY,TEXT,
LIBRARY_MARTS,TIMELINE,ECONOMICS__FED_DOL_FORM5500,PREPARER_FOREIGN_CITY,TEXT,
LIBRARY_MARTS,TIMELINE,ECONOMICS__FED_DOL_FORM5500,PREPARER_US_CITY,TEXT,
LIBRARY_MARTS,TIMELINE,ECONOMICS__FED_DOL_FORM5500,SPONS_DFE_LOC_FOREIGN_CITY,TEXT,
LIBRARY_MARTS,TIMELINE,ECONOMICS__FED_DOL_FORM5500,SPONS_DFE_LOC_US_CITY,TEXT,
LIBRARY_MARTS,TIMELINE,ECONOMICS__FED_DOL_FORM5500,SPONS_DFE_MAIL_FOREIGN_CITY,TEXT,
LIBRARY_MARTS,TIMELINE,ECONOMICS__FED_DOL_FORM5500,SPONS_DFE_MAIL_US_CITY,TEXT,
LIBRARY_MARTS,TIMELINE,ECONOMICS__FED_FAC_SINGLE_AUDIT,AUDITEE_CITY,TEXT,
LIBRARY_MARTS,TIMELINE,ECONOMICS__FED_FAC_SINGLE_AUDIT,AUDITOR_CITY,TEXT,
LIBRARY_MARTS,TIMELINE,ECONOMICS__FED_FDIC_FAILED_BANKS,CITY,TEXT,
LIBRARY_MARTS,TIMELINE,ECONOMICS__FED_FDIC_FAILED_BANKS,CITY_STATE,TEXT,
LIBRARY_MARTS,TIMELINE,ECONOMICS__FED_IRS_AUTO_REVOCATIONS,CITY,TEXT,
LIBRARY_MARTS,TIMELINE,ECONOMICS__FED_IRS_BMF,CITY,TEXT,
LIBRARY_MARTS,TIMELINE,ECONOMICS__FED_IRS_EO_PR,CITY,TEXT,
LIBRARY_MARTS,TIMELINE,ECONOMICS__FED_IRS_REVOCATION,CITY,TEXT,
LIBRARY_MARTS,TIMELINE,ECONOMICS__FED_IRS_SOI_CHARITIES,CITY,TEXT,
LIBRARY_MARTS,TIMELINE,ECONOMICS__FED_SBA_LOANS,BORROWER_CITY,TEXT,
LIBRARY_MARTS,TIMELINE,ECONOMICS__FED_SBA_PPP,BORROWER_CITY,TEXT,
LIBRARY_MARTS,TIMELINE,ECONOMICS__FED_USASPENDING_ASSISTANCE_FULL,PRIMARY_PLACE_OF_PERFORMANCE_CITY_NAME,TEXT,
LIBRARY_MARTS,TIMELINE,ECONOMICS__FED_USASPENDING_ASSISTANCE_FULL,RECIPIENT_CITY_CODE,TEXT,
LIBRARY_MARTS,TIMELINE,ECONOMICS__FED_USASPENDING_ASSISTANCE_FULL,RECIPIENT_CITY_NAME,TEXT,
LIBRARY_MARTS,TIMELINE,ECONOMICS__FED_USASPENDING_ASSISTANCE_FULL,RECIPIENT_FOREIGN_CITY_NAME,TEXT,
LIBRARY_MARTS,TIMELINE,ECONOMICS__FED_USASPENDING_CONTRACTS,PRIMARY_PLACE_OF_PERFORMANCE_CITY_NAME,TEXT,
LIBRARY_MARTS,TIMELINE,ECONOMICS__FED_USASPENDING_CONTRACTS,RECIPIENT_CITY_NAME,TEXT,
LIBRARY_MARTS,TIMELINE,ECONOMICS__FED_USASPENDING_CONTRACTS_FULL,CITY_LOCAL_GOVERNMENT,TEXT,
LIBRARY_MARTS,TIMELINE,ECONOMICS__FED_USASPENDING_CONTRACTS_FULL,MUNICIPALITY_LOCAL_GOVERNMENT,TEXT,
LIBRARY_MARTS,TIMELINE,ECONOMICS__FED_USASPENDING_CONTRACTS_FULL,PRIMARY_PLACE_OF_PERFORMANCE_CITY_NAME,TEXT,
LIBRARY_MARTS,TIMELINE,ECONOMICS__FED_USASPENDING_CONTRACTS_FULL,RECIPIENT_CITY_NAME,TEXT,
LIBRARY_MARTS,TIMELINE,ECONOMICS__FED_US_USASPENDING_API,PLACE_OF_PERFORMANCE_CITY,TEXT,
LIBRARY_MARTS,TIMELINE,EDUCATION__FED_SENATE_LDA_FILINGS,REGISTRANT_CITY,TEXT,
LIBRARY_MARTS,TIMELINE,ENERGY__FED_EIA861_MERGERS,CITY,TEXT,
LIBRARY_MARTS,TIMELINE,ENVIRONMENT__EPA_PENALTY_GAP,CITY,TEXT,
LIBRARY_MARTS,TIMELINE,ENVIRONMENT__FED_EPA_AQS_SITES,CITY_NAME,TEXT,
LIBRARY_MARTS,TIMELINE,ENVIRONMENT__FED_EPA_ECHO,CITY,TEXT,
LIBRARY_MARTS,TIMELINE,ENVIRONMENT__FED_EPA_GHGRP_FACILITY,CITY,TEXT,
LIBRARY_MARTS,TIMELINE,ENVIRONMENT__FED_EPA_SDWA_SDWA_GEOGRAPHIC_AREAS,CITY_SERVED,TEXT,
LIBRARY_MARTS,TIMELINE,ENVIRONMENT__FED_EPA_SDWA_SDWA_PUB_WATER_SYSTEMS,CITY_NAME,TEXT,
LIBRARY_MARTS,TIMELINE,ENVIRONMENT__FED_EPA_SUPERFUND_SITE_BOUNDARIES,CITY,TEXT,
LIBRARY_MARTS,TIMELINE,ENVIRONMENT__FED_EPA_TRI_BASIC_2023,C_6_CITY,TEXT,
LIBRARY_MARTS,TIMELINE,ENVIRONMENT__FED_NID_DAMS,CITY,TEXT,
LIBRARY_MARTS,TIMELINE,ENVIRONMENT__FED_PHMSA_FLAGGED_INCIDENTS,OPERATOR_CITY,TEXT,
LIBRARY_MARTS,TIMELINE,ENVIRONMENT__FED_USCG_NRC_INCIDENTS,RESPONSIBLE_CITY,TEXT,
LIBRARY_MARTS,TIMELINE,ENVIRONMENT__FED_USCG_NRC_INCIDENT_REPORTS,RESPONSIBLE_CITY,TEXT,
LIBRARY_MARTS,TIMELINE,FINANCE__FED_FDIC_BANK_DATA,CITY,TEXT,
LIBRARY_MARTS,TIMELINE,FINANCE__FED_FDIC_BANK_DATA,HOLDING_COMPANY_CITY,TEXT,
LIBRARY_MARTS,TIMELINE,FINANCE__FED_FDIC_SOD_BRANCH_DEPOSITS,BRANCH_CITY,TEXT,
LIBRARY_MARTS,TIMELINE,FINANCE__FED_FDIC_SOD_BRANCH_DEPOSITS,BRANCH_CITY_ALT,TEXT,
LIBRARY_MARTS,TIMELINE,FINANCE__FED_FDIC_SOD_BRANCH_DEPOSITS,HOLDING_COMPANY_CITY,TEXT,
LIBRARY_MARTS,TIMELINE,FINANCE__FED_FDIC_SOD_BRANCH_DEPOSITS,INSTITUTION_CITY,TEXT,
LIBRARY_MARTS,TIMELINE,FINANCE__FED_FEC_BULK_COMMITTEES,CMTE_CITY,TEXT,
LIBRARY_MARTS,TIMELINE,FINANCE__FED_FEC_CANDIDATES,CAND_CITY,TEXT,
LIBRARY_MARTS,TIMELINE,FINANCE__FED_FEC_COMMITTEE_TO_CANDIDATE,CITY,TEXT,
LIBRARY_MARTS,TIMELINE,FINANCE__FED_FEC_INDIV_CONTRIBUTIONS,CITY,TEXT,
LIBRARY_MARTS,TIMELINE,FINANCE__FED_FHFA_FHLB_MEMBERSHIP,CITY,TEXT,
LIBRARY_MARTS,TIMELINE,FINANCE__FED_NCUA_CALL_REPORTS_FOICU,CITY,TEXT,
LIBRARY_MARTS,TIMELINE,FINANCE__FED_PCAOB_FORM_AP_FILINGS,FIRM_ISSUING_CITY,TEXT,
LIBRARY_MARTS,TIMELINE,FINANCE__FED_SEC_13F_FILERS,FILINGMANAGER_CITY,TEXT,
LIBRARY_MARTS,TIMELINE,FINANCE__INTL_ISO_MIC_REGISTRY,CITY,TEXT,
LIBRARY_MARTS,TIMELINE,FOREIGN_INFLUENCE__FED_FARA_BULK,CITY,TEXT,
LIBRARY_MARTS,TIMELINE,HEALTH__FED_CMS_DIALYSIS,CITY_TOWN,TEXT,
LIBRARY_MARTS,TIMELINE,HEALTH__FED_CMS_FEDERALLY_QUALIFIED_HEALTH_CENTER_ENROLLMENTS,CITY,TEXT,
LIBRARY_MARTS,TIMELINE,HEALTH__FED_CMS_HCRIS,CITY,TEXT,
LIBRARY_MARTS,TIMELINE,HEALTH__FED_CMS_HOME_HEALTH,CITY_TOWN,TEXT,
LIBRARY_MARTS,TIMELINE,HEALTH__FED_CMS_HOME_HEALTH_AGENCY_ENROLLMENTS,CITY,TEXT,
LIBRARY_MARTS,TIMELINE,HEALTH__FED_CMS_HOSPICE,CITY_TOWN,TEXT,
LIBRARY_MARTS,TIMELINE,HEALTH__FED_CMS_HOSPITAL_ENROLLMENTS,CITY,TEXT,
LIBRARY_MARTS,TIMELINE,HEALTH__FED_CMS_IRF,CITY_TOWN,TEXT,
LIBRARY_MARTS,TIMELINE,HEALTH__FED_CMS_LTCH,CITY_TOWN,TEXT,
LIBRARY_MARTS,TIMELINE,HEALTH__FED_CMS_MEDICARE_DIALYSIS_FACILITIES,CITY,TEXT,
LIBRARY_MARTS,TIMELINE,HEALTH__FED_CMS_NURSING_HOME_DEFICIENCIES,CITY_TOWN,TEXT,
LIBRARY_MARTS,TIMELINE,HEALTH__FED_CMS_NURSING_HOME_FIRE_DEFICIENCIES,CITY_TOWN,TEXT,
LIBRARY_MARTS,TIMELINE,HEALTH__FED_CMS_NURSING_HOME_PENALTIES,CITY_TOWN,TEXT,
LIBRARY_MARTS,TIMELINE,HEALTH__FED_CMS_OPEN_PAYMENTS,RECIPIENT_CITY,TEXT,
LIBRARY_MARTS,TIMELINE,HEALTH__FED_CMS_OPEN_PAYMENTS_2022,RECIPIENT_CITY,TEXT,
LIBRARY_MARTS,TIMELINE,HEALTH__FED_CMS_OPEN_PAYMENTS_2023,RECIPIENT_CITY,TEXT,
LIBRARY_MARTS,TIMELINE,HEALTH__FED_CMS_OPIOID_TREATMENT_PROGRAM_PROVIDERS,CITY,TEXT,
LIBRARY_MARTS,TIMELINE,HEALTH__FED_CMS_OPT_OUT_AFFIDAVITS,CITY_NAME,TEXT,
LIBRARY_MARTS,TIMELINE,HEALTH__FED_CMS_POS_OTHER,CITY_NAME,TEXT,
LIBRARY_MARTS,TIMELINE,HEALTH__FED_CMS_RURAL_HEALTH_CLINIC_ENROLLMENTS,CITY,TEXT,
LIBRARY_MARTS,TIMELINE,HEALTH__FED_CMS_SKILLED_NURSING_FACILITY_ENROLLMENTS,CITY,TEXT,
LIBRARY_MARTS,TIMELINE,HEALTH__FED_DEA_ARCOS,BUYER_CITY,TEXT,
LIBRARY_MARTS,TIMELINE,HEALTH__FED_DEA_ARCOS,REPORTER_CITY,TEXT,
LIBRARY_MARTS,TIMELINE,HEALTH__FED_FDA_DEVICE_510K,CITY,TEXT,
LIBRARY_MARTS,TIMELINE,HEALTH__FED_FDA_DEVICE_ENFORCEMENT,CITY,TEXT,
LIBRARY_MARTS,TIMELINE,HEALTH__FED_FDA_DEVICE_PMA,CITY,TEXT,
LIBRARY_MARTS,TIMELINE,HEALTH__FED_FDA_DRUG_ENFORCEMENT,CITY,TEXT,
LIBRARY_MARTS,TIMELINE,HEALTH__FED_FDA_ESTABLISHMENT_REG,CITY,TEXT,
LIBRARY_MARTS,TIMELINE,HEALTH__FED_FDA_MAUDE,MANUFACTURER_CITY,TEXT,
LIBRARY_MARTS,TIMELINE,HEALTH__FED_HHS_OIG_LEIE,CITY,TEXT,
LIBRARY_MARTS,TIMELINE,HEALTH__FED_HRSA_HPSA_PRIMARY_CARE,HPSA_CITY,TEXT,
LIBRARY_MARTS,TIMELINE,HEALTH__FED_HRSA_SHORTAGE_AREAS,HPSA_CITY,TEXT,
LIBRARY_MARTS,TIMELINE,HEALTH__FED_HRSA_UDS_SERVICE_DELIVERY_SITES,HEALTH_CENTER_CITY,TEXT,
LIBRARY_MARTS,TIMELINE,HEALTH__FED_HRSA_UDS_SERVICE_DELIVERY_SITES,SITE_CITY,TEXT,
LIBRARY_MARTS,TIMELINE,HEALTH__FED_NURSINGHOME411,CITY_TOWN,TEXT,
LIBRARY_MARTS,TIMELINE,HOUSING__FED_FEMA_IA_HOUSING_REGISTRATIONS,DAMAGED_CITY,TEXT,
LIBRARY_MARTS,TIMELINE,HOUSING__FED_FEMA_IA_HOUSING_REGISTRATIONS,RENTAL_RESOURCE_CITY,TEXT,
LIBRARY_MARTS,TIMELINE,HOUSING__FED_FHFA_HPI,PLACE_NAME,TEXT,
LIBRARY_MARTS,TIMELINE,HOUSING__FED_HUD_FHA_SF_PORTFOLIO_SNAPSHOT,PROPERTY_CITY,TEXT,
LIBRARY_MARTS,TIMELINE,HOUSING__FED_HUD_MF_FIRM_COMMITMENTS,PROJECT_CITY,TEXT,
LIBRARY_MARTS,TIMELINE,IMMIGRATION__FED_CMS_HOSPICE_ENROLLMENTS,CITY,TEXT,
LIBRARY_MARTS,TIMELINE,IMMIGRATION__FED_DOL_OFLC,AGENT_ATTORNEY_CITY,TEXT,
LIBRARY_MARTS,TIMELINE,IMMIGRATION__FED_DOL_OFLC,EMPLOYER_CITY,TEXT,
LIBRARY_MARTS,TIMELINE,IMMIGRATION__FED_DOL_OFLC,WORKSITE_CITY_1,TEXT,
LIBRARY_MARTS,TIMELINE,IMMIGRATION__FED_DOL_OFLC,WORKSITE_CITY_10,TEXT,
LIBRARY_MARTS,TIMELINE,IMMIGRATION__FED_DOL_OFLC,WORKSITE_CITY_2,TEXT,
LIBRARY_MARTS,TIMELINE,IMMIGRATION__FED_DOL_OFLC,WORKSITE_CITY_3,TEXT,
LIBRARY_MARTS,TIMELINE,IMMIGRATION__FED_DOL_OFLC,WORKSITE_CITY_4,TEXT,
LIBRARY_MARTS,TIMELINE,IMMIGRATION__FED_DOL_OFLC,WORKSITE_CITY_5,TEXT,
LIBRARY_MARTS,TIMELINE,IMMIGRATION__FED_DOL_OFLC,WORKSITE_CITY_6,TEXT,
LIBRARY_MARTS,TIMELINE,IMMIGRATION__FED_DOL_OFLC,WORKSITE_CITY_7,TEXT,
LIBRARY_MARTS,TIMELINE,IMMIGRATION__FED_DOL_OFLC,WORKSITE_CITY_8,TEXT,
LIBRARY_MARTS,TIMELINE,IMMIGRATION__FED_DOL_OFLC,WORKSITE_CITY_9,TEXT,
LIBRARY_MARTS,TIMELINE,IMMIGRATION__FED_ICE_DETAINERS,FACILITY_CITY,TEXT,
LIBRARY_MARTS,TIMELINE,IMMIGRATION__FED_ICE_DETENTION_STINTS,CITY,TEXT,
LIBRARY_MARTS,TIMELINE,JUSTICE__FED_COURTLISTENER_JUDGES,DOB_CITY,TEXT,
LIBRARY_MARTS,TIMELINE,JUSTICE__FED_COURTLISTENER_JUDGES,DOD_CITY,TEXT,
LIBRARY_MARTS,TIMELINE,JUSTICE__FED_COURTLISTENER_POSITIONS,LOCATION_CITY,TEXT,
LIBRARY_MARTS,TIMELINE,JUSTICE__FED_FHFA_SUSPENDED_COUNTERPARTIES,CITY,TEXT,
LIBRARY_MARTS,TIMELINE,JUSTICE__INTL_EU_SANCTIONS,ADDR_CITY,TEXT,
LIBRARY_MARTS,TIMELINE,JUSTICE__STATE_MO_SEX_OFFENDER_REGISTRY,CITY,TEXT,
LIBRARY_MARTS,TIMELINE,JUSTICE__XC_MAPPING_POLICE_VIOLENCE,CITY,TEXT,
LIBRARY_MARTS,TIMELINE,JUSTICE__XC_UK_SANCTIONS_LIST,TOWN_OF_BIRTH,TEXT,
LIBRARY_MARTS,TIMELINE,JUSTICE__XC_WAPO_FATAL_FORCE,CITY,TEXT,
LIBRARY_MARTS,TIMELINE,LABOR__FED_DOL_EBSA_FORM5500_SCHEDULE_SB,SB_ACTUARY_FOREIGN_CITY,TEXT,
LIBRARY_MARTS,TIMELINE,LABOR__FED_DOL_EBSA_FORM5500_SCHEDULE_SB,SB_ACTUARY_US_CITY,TEXT,
LIBRARY_MARTS,TIMELINE,LABOR__FED_DOL_OLMS,CITY,TEXT,
LIBRARY_MARTS,TIMELINE,LABOR__FED_MSHA_MINES,NEAREST_TOWN,TEXT,
LIBRARY_MARTS,TIMELINE,LABOR__FED_OSHA_ITA_300A_SUMMARY_2023,CITY,TEXT,
LIBRARY_MARTS,TIMELINE,LABOR__FED_OSHA_ITA_300A_SUMMARY_2024,CITY,TEXT,
LIBRARY_MARTS,TIMELINE,LABOR__FED_OSHA_ITA_300A_SUMMARY_2025,CITY,TEXT,
LIBRARY_MARTS,TIMELINE,LABOR__FED_OSHA_ITA_CASE_DETAIL_2023,CITY,TEXT,
LIBRARY_MARTS,TIMELINE,LABOR__FED_OSHA_ITA_CASE_DETAIL_2024,CITY,TEXT,
LIBRARY_MARTS,TIMELINE,LABOR__FED_OSHA_ITA_CASE_DETAIL_2025,CITY,TEXT,
LIBRARY_MARTS,TIMELINE,LABOR__FED_PBGC_TRUSTEED_PLANS,CITY,TEXT,
LIBRARY_MARTS,TIMELINE,POLITICS__CA_LOBBY_CHG_LOG,ENTITY_CITY,TEXT,
LIBRARY_MARTS,TIMELINE,POLITICS__CA_LOBBY_CHG_LOG,FILER_CITY,TEXT,
LIBRARY_MARTS,TIMELINE,POLITICS__CA_LOBBY_COVER,FIRM_CITY,TEXT,
LIBRARY_MARTS,TIMELINE,POLITICS__FED_FCC_LICENSING,CITY,TEXT,
LIBRARY_MARTS,TIMELINE,POLITICS__FED_FJC_JUDGES,BIRTH_CITY,TEXT,
LIBRARY_MARTS,TIMELINE,POLITICS__FED_FJC_JUDGES,DEATH_CITY,TEXT,
LIBRARY_MARTS,TIMELINE,POLITICS__INTL_ELECTIONS_CANADA_CONTRIBUTIONS,CONTRIBUTOR_CITY,TEXT,
LIBRARY_MARTS,TIMELINE,POLITICS__IRS527_8871_ORGS,MAILING_CITY,TEXT,
LIBRARY_MARTS,TIMELINE,POLITICS__IRS527_8872_REPORTS,BUSINESS_CITY,TEXT,
LIBRARY_MARTS,TIMELINE,POLITICS__IRS527_8872_REPORTS,CONTACT_CITY,TEXT,
LIBRARY_MARTS,TIMELINE,POLITICS__IRS527_8872_REPORTS,CUSTODIAN_CITY,TEXT,
LIBRARY_MARTS,TIMELINE,POLITICS__IRS527_8872_REPORTS,MAILING_CITY,TEXT,
LIBRARY_MARTS,TIMELINE,POLITICS__ST_NYC_CFB_CAMPAIGN_2001_CONTRIBUTION,CITY,TEXT,
LIBRARY_MARTS,TIMELINE,POLITICS__ST_NYC_CFB_CAMPAIGN_2001_CONTRIBUTION,EMPLOYER_CITY,TEXT,
LIBRARY_MARTS,TIMELINE,POLITICS__ST_NYC_CFB_CAMPAIGN_2001_CONTRIBUTION,INTERMEDIARY_CITY,TEXT,
LIBRARY_MARTS,TIMELINE,POLITICS__ST_NYC_CFB_CAMPAIGN_2001_CONTRIBUTION,INTERMEDIARY_EMPLOYER_CITY,TEXT,
LIBRARY_MARTS,TIMELINE,POLITICS__ST_NYC_CFB_CAMPAIGN_2009_CONTRIBUTION,CITY,TEXT,
LIBRARY_MARTS,TIMELINE,POLITICS__ST_NYC_CFB_CAMPAIGN_2009_CONTRIBUTION,EMPLOYER_CITY,TEXT,
LIBRARY_MARTS,TIMELINE,POLITICS__ST_NYC_CFB_CAMPAIGN_2009_CONTRIBUTION,INTERMEDIARY_CITY,TEXT,
LIBRARY_MARTS,TIMELINE,POLITICS__ST_NYC_CFB_CAMPAIGN_2009_CONTRIBUTION,INTERMEDIARY_EMPLOYER_CITY,TEXT,
LIBRARY_MARTS,TIMELINE,POLITICS__ST_NYC_CFB_CAMPAIGN_2013_CONTRIBUTION,CITY,TEXT,
LIBRARY_MARTS,TIMELINE,POLITICS__ST_NYC_CFB_CAMPAIGN_2013_CONTRIBUTION,EMPLOYER_CITY,TEXT,
LIBRARY_MARTS,TIMELINE,POLITICS__ST_NYC_CFB_CAMPAIGN_2013_CONTRIBUTION,INTERMEDIARY_CITY,TEXT,
LIBRARY_MARTS,TIMELINE,POLITICS__ST_NYC_CFB_CAMPAIGN_2013_CONTRIBUTION,INTERMEDIARY_EMPLOYER_CITY,TEXT,
LIBRARY_MARTS,TIMELINE,POLITICS__ST_NYC_CFB_CAMPAIGN_2021_CONTRIBUTIONS,CITY,TEXT,
LIBRARY_MARTS,TIMELINE,POLITICS__ST_NYC_CFB_CAMPAIGN_2021_CONTRIBUTIONS,EMPLOYER_CITY,TEXT,
LIBRARY_MARTS,TIMELINE,POLITICS__ST_NYC_CFB_CAMPAIGN_2021_CONTRIBUTIONS,INTERMEDIARY_CITY,TEXT,
LIBRARY_MARTS,TIMELINE,POLITICS__ST_NYC_CFB_CAMPAIGN_2021_CONTRIBUTIONS,INTERMEDIARY_EMPLOYER_CITY,TEXT,
LIBRARY_MARTS,TIMELINE,POLITICS__ST_NYC_CFB_CAMPAIGN_2025_CONTRIBUTIONS,CITY,TEXT,
LIBRARY_MARTS,TIMELINE,POLITICS__ST_NYC_CFB_CAMPAIGN_2025_CONTRIBUTIONS,EMPLOYER_CITY,TEXT,
LIBRARY_MARTS,TIMELINE,POLITICS__ST_NYC_CFB_CAMPAIGN_2025_CONTRIBUTIONS,INTERMEDIARY_CITY,TEXT,
LIBRARY_MARTS,TIMELINE,POLITICS__ST_NYC_CFB_CAMPAIGN_2025_CONTRIBUTIONS,INTERMEDIARY_EMPLOYER_CITY,TEXT,
LIBRARY_MARTS,TIMELINE,PROCUREMENT__FED_SAM_EXCLUSIONS,CITY,TEXT,
LIBRARY_MARTS,TIMELINE,PROCUREMENT__FED_USASPENDING_BULK,CITY_LOCAL_GOVERNMENT,TEXT,
LIBRARY_MARTS,TIMELINE,PROCUREMENT__FED_USASPENDING_BULK,MUNICIPALITY_LOCAL_GOVERNMENT,TEXT,
LIBRARY_MARTS,TIMELINE,PROCUREMENT__FED_USASPENDING_BULK,PRIMARY_PLACE_OF_PERFORMANCE_CITY_NAME,TEXT,
LIBRARY_MARTS,TIMELINE,PROCUREMENT__FED_USASPENDING_BULK,RECIPIENT_CITY_NAME,TEXT,
LIBRARY_MARTS,TIMELINE,REFERENCE__FED_DHS_HIFLD,CITY,TEXT,
LIBRARY_MARTS,TIMELINE,SCIENCE_RESEARCH__FED_NIH_REPORTER,ORG_CITY,TEXT,
LIBRARY_MARTS,TIMELINE,SCIENCE_RESEARCH__FED_SBIR_STTR_AWARDS,CITY,TEXT,
LIBRARY_MARTS,TIMELINE,SCIENCE__FED_NSF_AWARDS,CITY,TEXT,
LIBRARY_MARTS,TIMELINE,TRANSPORT__FED_FAA_AIRCRAFT_REGISTRY,CITY,TEXT,
LIBRARY_MARTS,TIMELINE,TRANSPORT__FED_FAA_REGISTRY,CITY,TEXT,
LIBRARY_MARTS,TIMELINE,TRANSPORT__FED_FRA_CROSSING_INCIDENTS,CITY_NAME,TEXT,
LIBRARY_MARTS,TIMELINE,TRANSPORT__FED_NTSB_AVIATION_AIRCRAFT,DEST_CITY,TEXT,
LIBRARY_MARTS,TIMELINE,TRANSPORT__FED_NTSB_AVIATION_AIRCRAFT,DPRT_CITY,TEXT,
LIBRARY_MARTS,TIMELINE,TRANSPORT__FED_NTSB_AVIATION_AIRCRAFT,OPER_CITY,TEXT,
LIBRARY_MARTS,TIMELINE,TRANSPORT__FED_NTSB_AVIATION_AIRCRAFT,OWNER_CITY,TEXT,
LIBRARY_MARTS,TIMELINE,TRANSPORT__FED_NTSB_AVIATION_EVENTS,EV_CITY,TEXT,
LIBRARY_MARTS,TRANSPORT,TRANSPORT__FED_FAA_AIRCRAFT_REGISTRY,CITY,TEXT,315447
LIBRARY_MARTS,TRANSPORT,TRANSPORT__FED_FAA_REGISTRY,CITY,TEXT,314417
LIBRARY_MARTS,TRANSPORT,TRANSPORT__FED_FRA_CROSSING_INCIDENTS,CITY_NAME,TEXT,251149
LIBRARY_MARTS,TRANSPORT,TRANSPORT__FED_NTSB_AVIATION_AIRCRAFT,DEST_CITY,TEXT,31503
LIBRARY_MARTS,TRANSPORT,TRANSPORT__FED_NTSB_AVIATION_AIRCRAFT,DPRT_CITY,TEXT,31503
LIBRARY_MARTS,TRANSPORT,TRANSPORT__FED_NTSB_AVIATION_AIRCRAFT,OPER_CITY,TEXT,31503
LIBRARY_MARTS,TRANSPORT,TRANSPORT__FED_NTSB_AVIATION_AIRCRAFT,OWNER_CITY,TEXT,31503
LIBRARY_MARTS,TRANSPORT,TRANSPORT__FED_NTSB_AVIATION_EVENTS,EV_CITY,TEXT,30968
LIBRARY_MARTS,_RESTORE_20260701,ECONOMICS__FED_HHS_TAGGS,RECIPIENT_CITY,TEXT,1
LIBRARY_MARTS,_RESTORE_20260701,ECONOMICS__INTL_CH_ZEFIX,ADDRESS_CITY,TEXT,1
LIBRARY_MARTS,_RESTORE_20260701,ECONOMICS__INTL_GR_GEMI,CITY,TEXT,1
LIBRARY_MARTS,_RESTORE_20260701,REGULATION__FED_FDIC_ENFORCEMENT,CITY,TEXT,1
LIBRARY_MARTS,_RESTORE_20260731,FINANCE__FED_FEC_BULK_CANDIDATES,CAND_CITY,TEXT,17900
LIBRARY_MARTS,_RESTORE_20260731,HEALTH__FED_CMS_PARTD_PRESCRIBER_DRUG,PRSCRBR_CITY,TEXT,25869521
LIBRARY_MARTS,_RESTORE_20260731,JUSTICE__FED_MSHA_MINES,NEAREST_TOWN,TEXT,91906
LIBRARY_MARTS,_RESTORE_20260731,UNCATEGORIZED__FED_DEA_ARCOS_FULL,BUYER_CITY,TEXT,178598026
LIBRARY_MARTS,_RESTORE_20260731,UNCATEGORIZED__FED_DEA_ARCOS_FULL,REPORTER_CITY,TEXT,178598026
LIBRARY_MARTS,_RESTORE_20260731,UNCATEGORIZED__FED_EPA_FRS_FULL,CITY_NAME,TEXT,5300149
LIBRARY_MARTS,_RESTORE_20260731,UNCATEGORIZED__INT_UK_COMPANIES_HOUSE,REG_ADDRESS_POST_TOWN,TEXT,5734780
LIBRARY_RAW,LANDING,CA_LOBBY_CHG_LOG,ENTITY_CITY,TEXT,85765
LIBRARY_RAW,LANDING,CA_LOBBY_CHG_LOG,FILER_CITY,TEXT,85765
LIBRARY_RAW,LANDING,CA_LOBBY_COVER,FIRM_CITY,TEXT,568988
LIBRARY_RAW,LANDING,CA_LOBBY_COVER,MAIL_CITY,TEXT,568988
LIBRARY_RAW,LANDING,FED_ATF_FFL,CITY,TEXT,77514
LIBRARY_RAW,LANDING,FED_ATF_FFL,IN_CITY,TEXT,77514
LIBRARY_RAW,LANDING,FED_ATF_FFL,USER_MAIL_CITY,TEXT,77514
LIBRARY_RAW,LANDING,FED_ATF_FFL,USER_PREMISE_CITY,TEXT,77514
LIBRARY_RAW,LANDING,FED_ATF_FFL_LOCATIONS,ATTRIBUTES_CITY,TEXT,2000
LIBRARY_RAW,LANDING,FED_ATF_FFL_LOCATIONS,ATTRIBUTES_IN_CITY,TEXT,2000
LIBRARY_RAW,LANDING,FED_ATF_FFL_LOCATIONS,ATTRIBUTES_USER_MAIL_CITY,TEXT,2000
LIBRARY_RAW,LANDING,FED_ATF_FFL_LOCATIONS,ATTRIBUTES_USER_PREMISE_CITY,TEXT,2000
LIBRARY_RAW,LANDING,FED_BJS_DATA,LOCALITY,TEXT,1000
LIBRARY_RAW,LANDING,FED_CMS_DIALYSIS,CITY_TOWN,TEXT,7557
LIBRARY_RAW,LANDING,FED_CMS_FACILITY_LEVEL_MINIMUM_DATA_SET_FREQUENCY,CITY,TEXT,31403215
LIBRARY_RAW,LANDING,FED_CMS_FEDERALLY_QUALIFIED_HEALTH_CENTER_ENROLLMENTS,CITY,TEXT,11063
LIBRARY_RAW,LANDING,FED_CMS_HCRIS,CITY,TEXT,6103
LIBRARY_RAW,LANDING,FED_CMS_HOME_HEALTH,CITY_TOWN,TEXT,12392
LIBRARY_RAW,LANDING,FED_CMS_HOME_HEALTH_AGENCY_ENROLLMENTS,CITY,TEXT,11508
LIBRARY_RAW,LANDING,FED_CMS_HOSPICE,CITY_TOWN,TEXT,6852
LIBRARY_RAW,LANDING,FED_CMS_HOSPICE_ENROLLMENTS,CITY,TEXT,6066
LIBRARY_RAW,LANDING,FED_CMS_HOSPITAL_COMPARE,CITY_TOWN,TEXT,5432
LIBRARY_RAW,LANDING,FED_CMS_HOSPITAL_ENROLLMENTS,CITY,TEXT,9175
LIBRARY_RAW,LANDING,FED_CMS_HOSPITAL_GENERAL,CITY_TOWN,TEXT,5432
LIBRARY_RAW,LANDING,FED_CMS_IRF,CITY_TOWN,TEXT,1222
LIBRARY_RAW,LANDING,FED_CMS_LTCH,CITY_TOWN,TEXT,311
LIBRARY_RAW,LANDING,FED_CMS_MEDICARE_DIABETES_PREVENTION_PROGRAM,CITY,TEXT,1037
LIBRARY_RAW,LANDING,FED_CMS_MEDICARE_DIALYSIS_FACILITIES,CITY,TEXT,12456456
LIBRARY_RAW,LANDING,FED_CMS_MEDICARE_DURABLE_MEDICAL_EQUIPMENT_DEVICES_SUPPLIES_BY_REFER,RFRG_PRVDR_CITY,TEXT,381228
LIBRARY_RAW,LANDING,FED_CMS_MEDICARE_DURABLE_MEDICAL_EQUIPMENT_DEVICES_SUPPLIES_BY_SUPPL,SUPLR_PRVDR_CITY,TEXT,440670
LIBRARY_RAW,LANDING,FED_CMS_MEDICARE_INPATIENT_HOSPITALS_BY_PROVIDER,RNDRNG_PRVDR_CITY,TEXT,3044
LIBRARY_RAW,LANDING,FED_CMS_MEDICARE_INPATIENT_HOSPITALS_BY_PROVIDER_AND_SERVICE,RNDRNG_PRVDR_CITY,TEXT,145879
LIBRARY_RAW,LANDING,FED_CMS_MEDICARE_OUTPATIENT_HOSPITALS_BY_PROVIDER_AND_SERVICE,RNDRNG_PRVDR_CITY,TEXT,116182
LIBRARY_RAW,LANDING,FED_CMS_MEDICARE_PHYSICIAN_OTHER_PRACTITIONERS_BY_PROVIDER,RNDRNG_PRVDR_CITY,TEXT,1296739
LIBRARY_RAW,LANDING,FED_CMS_MEDICARE_PHYSICIAN_OTHER_PRACTITIONERS_BY_PROVIDER_AND_SERVI,RNDRNG_PRVDR_CITY,TEXT,9781673
LIBRARY_RAW,LANDING,FED_CMS_MEDICARE_PROVIDER,RNDRNG_PRVDR_CITY,TEXT,1296739
LIBRARY_RAW,LANDING,FED_CMS_NPPES,PROVIDER_BUSINESS_MAILING_ADDRESS_CITY_NAME,TEXT,9606683
LIBRARY_RAW,LANDING,FED_CMS_NPPES,PROVIDER_BUSINESS_PRACTICE_LOCATION_ADDRESS_CITY_NAME,TEXT,9606683
LIBRARY_RAW,LANDING,FED_CMS_NURSING_HOME,CITY,TEXT,14700
LIBRARY_RAW,LANDING,FED_CMS_NURSING_HOME,CITY_TOWN,TEXT,14700
LIBRARY_RAW,LANDING,FED_CMS_NURSING_HOME_DEFICIENCIES,CITY_TOWN,TEXT,418479
LIBRARY_RAW,LANDING,FED_CMS_NURSING_HOME_FIRE_DEFICIENCIES,CITY_TOWN,TEXT,200030
LIBRARY_RAW,LANDING,FED_CMS_NURSING_HOME_PENALTIES,CITY_TOWN,TEXT,16180
LIBRARY_RAW,LANDING,FED_CMS_OPEN_PAYMENTS,CITY_OF_TRAVEL,TEXT,15385047
LIBRARY_RAW,LANDING,FED_CMS_OPEN_PAYMENTS,RECIPIENT_CITY,TEXT,15385047
LIBRARY_RAW,LANDING,FED_CMS_OPEN_PAYMENTS_2022,CITY_OF_TRAVEL,TEXT,13250000
LIBRARY_RAW,LANDING,FED_CMS_OPEN_PAYMENTS_2022,RECIPIENT_CITY,TEXT,13250000
LIBRARY_RAW,LANDING,FED_CMS_OPEN_PAYMENTS_2023,CITY_OF_TRAVEL,TEXT,14700786
LIBRARY_RAW,LANDING,FED_CMS_OPEN_PAYMENTS_2023,RECIPIENT_CITY,TEXT,14700786
LIBRARY_RAW,LANDING,FED_CMS_OPEN_PAYMENTS_PROFILE_SUPPLEMENT,COVERED_RECIPIENT_PROFILE_CITY,TEXT,1697025
LIBRARY_RAW,LANDING,FED_CMS_OPIOID_TREATMENT_PROGRAM_PROVIDERS,CITY,TEXT,1558
LIBRARY_RAW,LANDING,FED_CMS_OPT_OUT_AFFIDAVITS,CITY_NAME,TEXT,57209
LIBRARY_RAW,LANDING,FED_CMS_PARTD_PRESCRIBER_DRUG,PRSCRBR_CITY,TEXT,25869521
LIBRARY_RAW,LANDING,FED_CMS_PART_D_PRESCRIBERS,PRSCRBR_CITY,TEXT,1416883
LIBRARY_RAW,LANDING,FED_CMS_POS_OTHER,CITY_NAME,TEXT,44429
LIBRARY_RAW,LANDING,FED_CMS_RURAL_HEALTH_CLINIC_ENROLLMENTS,CITY,TEXT,5530
LIBRARY_RAW,LANDING,FED_CMS_SKILLED_NURSING_FACILITY_ENROLLMENTS,CITY,TEXT,14425
LIBRARY_RAW,LANDING,FED_COURTLISTENER_COURTHOUSES,CITY,TEXT,3361
LIBRARY_RAW,LANDING,FED_COURTLISTENER_JUDGES,DOB_CITY,TEXT,16191
LIBRARY_RAW,LANDING,FED_COURTLISTENER_JUDGES,DOD_CITY,TEXT,16191
LIBRARY_RAW,LANDING,FED_COURTLISTENER_POSITIONS,LOCATION_CITY,TEXT,51290
LIBRARY_RAW,LANDING,FED_DEA_ARCOS_FULL,BUYER_CITY,TEXT,178598026
LIBRARY_RAW,LANDING,FED_DEA_ARCOS_FULL,REPORTER_CITY,TEXT,178598026
LIBRARY_RAW,LANDING,FED_DHS_HIFLD,CITY,TEXT,500
LIBRARY_RAW,LANDING,FED_DOL_EBSA_FORM5500_SCHEDULE_SB,SB_ACTUARY_FOREIGN_CITY,TEXT,41802
LIBRARY_RAW,LANDING,FED_DOL_EBSA_FORM5500_SCHEDULE_SB,SB_ACTUARY_US_CITY,TEXT,41802
LIBRARY_RAW,LANDING,FED_DOL_FORM5500,ADMIN_FOREIGN_CITY,TEXT,33484
LIBRARY_RAW,LANDING,FED_DOL_FORM5500,ADMIN_US_CITY,TEXT,33484
LIBRARY_RAW,LANDING,FED_DOL_FORM5500,PREPARER_FOREIGN_CITY,TEXT,33484
LIBRARY_RAW,LANDING,FED_DOL_FORM5500,PREPARER_US_CITY,TEXT,33484
LIBRARY_RAW,LANDING,FED_DOL_FORM5500,SPONS_DFE_LOC_FOREIGN_CITY,TEXT,33484
LIBRARY_RAW,LANDING,FED_DOL_FORM5500,SPONS_DFE_LOC_US_CITY,TEXT,33484
LIBRARY_RAW,LANDING,FED_DOL_FORM5500,SPONS_DFE_MAIL_FOREIGN_CITY,TEXT,33484
LIBRARY_RAW,LANDING,FED_DOL_FORM5500,SPONS_DFE_MAIL_US_CITY,TEXT,33484
LIBRARY_RAW,LANDING,FED_DOL_OFCCP_CSAL,CITY,TEXT,2000
LIBRARY_RAW,LANDING,FED_DOL_OFLC,AGENT_ATTORNEY_CITY,TEXT,664616
LIBRARY_RAW,LANDING,FED_DOL_OFLC,EMPLOYER_CITY,TEXT,664616
LIBRARY_RAW,LANDING,FED_DOL_OFLC,WORKSITE_CITY_1,TEXT,664616
LIBRARY_RAW,LANDING,FED_DOL_OFLC,WORKSITE_CITY_10,TEXT,664616
LIBRARY_RAW,LANDING,FED_DOL_OFLC,WORKSITE_CITY_2,TEXT,664616
LIBRARY_RAW,LANDING,FED_DOL_OFLC,WORKSITE_CITY_3,TEXT,664616
LIBRARY_RAW,LANDING,FED_DOL_OFLC,WORKSITE_CITY_4,TEXT,664616
LIBRARY_RAW,LANDING,FED_DOL_OFLC,WORKSITE_CITY_5,TEXT,664616
LIBRARY_RAW,LANDING,FED_DOL_OFLC,WORKSITE_CITY_6,TEXT,664616
LIBRARY_RAW,LANDING,FED_DOL_OFLC,WORKSITE_CITY_7,TEXT,664616
LIBRARY_RAW,LANDING,FED_DOL_OFLC,WORKSITE_CITY_8,TEXT,664616
LIBRARY_RAW,LANDING,FED_DOL_OFLC,WORKSITE_CITY_9,TEXT,664616
LIBRARY_RAW,LANDING,FED_DOL_OLMS,CITY,TEXT,617710
LIBRARY_RAW,LANDING,FED_ED_COLLEGE_SCORECARD_INSTITUTION,CITY,TEXT,6273
LIBRARY_RAW,LANDING,FED_EIA860_1_UTILITY,CITY,TEXT,6643
LIBRARY_RAW,LANDING,FED_EIA860_2_PLANT,CITY,TEXT,16132
LIBRARY_RAW,LANDING,FED_EIA860_4_OWNER,OWNER_CITY,TEXT,5496
LIBRARY_RAW,LANDING,FED_EIA861_DISTRIBUTION_SYSTEMS,CITY_OF_ABERDEEN_MS,TEXT,1353
LIBRARY_RAW,LANDING,FED_EIA861_FRAME,CITY_OF_ABBEVILLE_SC,TEXT,3412
LIBRARY_RAW,LANDING,FED_EIA861_SERVICE_TERRITORY,CITY_OF_ABBEVILLE_SC,TEXT,11775
LIBRARY_RAW,LANDING,FED_EPA_AQS_SITES,CITY_NAME,TEXT,20994
LIBRARY_RAW,LANDING,FED_EPA_ECHO,FAC_CITY,TEXT,3157891
LIBRARY_RAW,LANDING,FED_EPA_ENVIROFACTS,CITY_NAME,TEXT,5000
LIBRARY_RAW,LANDING,FED_EPA_FRS_FRS_FACILITIES,FAC_CITY,TEXT,3277557
LIBRARY_RAW,LANDING,FED_EPA_FRS_FRS_PROGRAM_LINKS,CITY_NAME,TEXT,4406498
LIBRARY_RAW,LANDING,FED_EPA_FRS_FULL,CITY_NAME,TEXT,5300149
LIBRARY_RAW,LANDING,FED_EPA_GHGRP_FACILITY,CITY,TEXT,136005
LIBRARY_RAW,LANDING,FED_EPA_ICIS_AIR_ICIS_AIR_FACILITIES,CITY,TEXT,279728
LIBRARY_RAW,LANDING,FED_EPA_ICIS_FEC_CASE_ENFORCEMENT_CONCLUSION_FACILITIES,FACILITY_CITY,TEXT,150877
LIBRARY_RAW,LANDING,FED_EPA_ICIS_FEC_CASE_FACILITIES,CITY,TEXT,204019
LIBRARY_RAW,LANDING,FED_EPA_ICIS_ICIS_AIR_FACILITIES,CITY,TEXT,279728
LIBRARY_RAW,LANDING,FED_EPA_NPDES_ICIS_FACILITIES,CITY,TEXT,1213737
LIBRARY_RAW,LANDING,FED_EPA_RCRA_FACILITIES,CITY_NAME,TEXT,1613224
LIBRARY_RAW,LANDING,FED_EPA_RCRA_RCRA_FACILITIES,CITY_NAME,TEXT,1613224
LIBRARY_RAW,LANDING,FED_EPA_SDWA_SDWA_GEOGRAPHIC_AREAS,CITY_SERVED,TEXT,578198
LIBRARY_RAW,LANDING,FED_EPA_SDWA_SDWA_PUB_WATER_SYSTEMS,CITY_NAME,TEXT,434040
LIBRARY_RAW,LANDING,FED_EPA_SUPERFUND_SITE_BOUNDARIES,CITY_NAME,TEXT,2114
LIBRARY_RAW,LANDING,FED_EPA_TRI_BASIC_2023,C_6_CITY,TEXT,78647
LIBRARY_RAW,LANDING,FED_EPA_TRI_FACILITY,CITY_NAME,TEXT,64990
LIBRARY_RAW,LANDING,FED_EPA_TRI_FACILITY,MAIL_CITY,TEXT,64990
LIBRARY_RAW,LANDING,FED_FAA_AIRCRAFT_REGISTRY,CITY,TEXT,315447
LIBRARY_RAW,LANDING,FED_FAA_REGISTRY,CITY,TEXT,314417
LIBRARY_RAW,LANDING,FED_FAC_SINGLE_AUDIT,AUDITEE_CITY,TEXT,411638
LIBRARY_RAW,LANDING,FED_FAC_SINGLE_AUDIT,AUDITOR_CITY,TEXT,411638
LIBRARY_RAW,LANDING,FED_FARA_BULK,CITY,TEXT,221900
LIBRARY_RAW,LANDING,FED_FCC_LICENSING,CITY,TEXT,1689338
LIBRARY_RAW,LANDING,FED_FDA_MAUDE_DEVICE_EVENTS,DISTRIBUTOR_CITY,TEXT,1
LIBRARY_RAW,LANDING,FED_FDA_MAUDE_DEVICE_EVENTS,MANUFACTURER_CITY,TEXT,1
LIBRARY_RAW,LANDING,FED_FDA_MAUDE_DEVICE_EVENTS,MANUFACTURER_CONTACT_CITY,TEXT,1
LIBRARY_RAW,LANDING,FED_FDA_MAUDE_DEVICE_EVENTS,MANUFACTURER_G1_CITY,TEXT,1
LIBRARY_RAW,LANDING,FED_FDIC_BANK_DATA,CITY,TEXT,27836
LIBRARY_RAW,LANDING,FED_FDIC_FAILED_BANKS,CITY,TEXT,4115
LIBRARY_RAW,LANDING,FED_FDIC_SOD_BRANCH_DEPOSITS,CITY,TEXT,2823000
LIBRARY_RAW,LANDING,FED_FEC_BULK,CMTE_CITY,TEXT,20938
LIBRARY_RAW,LANDING,FED_FEC_BULK_CANDIDATES,CAND_CITY,TEXT,17900
LIBRARY_RAW,LANDING,FED_FEC_BULK_COMMITTEES,CMTE_CITY,TEXT,20007
LIBRARY_RAW,LANDING,FED_FEC_COMMITTEE_TO_CANDIDATE,CITY,TEXT,866730
LIBRARY_RAW,LANDING,FED_FEC_INDIV_CONTRIBUTIONS,CITY,TEXT,84172112
LIBRARY_RAW,LANDING,FED_FHFA_FHLB_MEMBERSHIP,CITY,TEXT,6327
LIBRARY_RAW,LANDING,FED_FHFA_HPI,PLACE_NAME,TEXT,184807
LIBRARY_RAW,LANDING,FED_FHFA_SUSPENDED_COUNTERPARTIES,CITY,TEXT,241
LIBRARY_RAW,LANDING,FED_FHFA_SUSPENDED_COUNTERPARTY,CITY,TEXT,241
LIBRARY_RAW,LANDING,FED_FHFA_SUSPENDED_COUNTERPARTY_PROGRAM,CITY,TEXT,241
LIBRARY_RAW,LANDING,FED_FJC_ARTICLE_III_JUDGES,BIRTH_CITY,TEXT,4074
LIBRARY_RAW,LANDING,FED_FJC_ARTICLE_III_JUDGES,DEATH_CITY,TEXT,4074
LIBRARY_RAW,LANDING,FED_FJC_JUDGES,BIRTH_CITY,TEXT,4067
LIBRARY_RAW,LANDING,FED_FJC_JUDGES,DEATH_CITY,TEXT,4067
LIBRARY_RAW,LANDING,FED_FRA_CROSSING_INCIDENTS,CITY_NAME,TEXT,251149
LIBRARY_RAW,LANDING,FED_HHS_OIG_LEIE,CITY,TEXT,83464
LIBRARY_RAW,LANDING,FED_HHS_TAGGS,RECIPIENT_CITY,TEXT,45
LIBRARY_RAW,LANDING,FED_HRSA_HPSA_PRIMARY_CARE,HPSA_CITY,TEXT,79158
LIBRARY_RAW,LANDING,FED_HRSA_SHORTAGE_AREAS,HPSA_CITY,TEXT,165531
LIBRARY_RAW,LANDING,FED_HRSA_UDS_SERVICE_DELIVERY_SITES,HEALTH_CENTER_ORGANIZATION_CITY,TEXT,19038
LIBRARY_RAW,LANDING,FED_HRSA_UDS_SERVICE_DELIVERY_SITES,SITE_CITY,TEXT,19038
LIBRARY_RAW,LANDING,FED_HUD_ASSISTED_HOUSING_PROJECTS,STD_CITY,TEXT,35601
LIBRARY_RAW,LANDING,FED_HUD_FHA_SF_PORTFOLIO_SNAPSHOT,PROPERTY_CITY,TEXT,61647
LIBRARY_RAW,LANDING,FED_HUD_PUBLIC_HOUSING_AUTHORITIES,STD_CITY,TEXT,3787
LIBRARY_RAW,LANDING,FED_ICE_DETAINERS,FACILITY_CITY,TEXT,609769
LIBRARY_RAW,LANDING,FED_ICE_DETENTION_FACILITY_CODES,CITY,TEXT,1490
LIBRARY_RAW,LANDING,FED_ICE_DETENTION_FACILITY_LIST,CITY,TEXT,165
LIBRARY_RAW,LANDING,FED_ICE_DETENTION_STINTS,CITY,TEXT,2617844
LIBRARY_RAW,LANDING,FED_IRS_527_ORGS,BUS_CITY,TEXT,77591
LIBRARY_RAW,LANDING,FED_IRS_527_ORGS,CONTACT_CITY,TEXT,77591
LIBRARY_RAW,LANDING,FED_IRS_527_ORGS,CUSTODIAN_CITY,TEXT,77591
LIBRARY_RAW,LANDING,FED_IRS_527_ORGS,MAIL_CITY,TEXT,77591
LIBRARY_RAW,LANDING,FED_IRS_AUTO_REVOCATIONS,CITY,TEXT,1207295
LIBRARY_RAW,LANDING,FED_IRS_BMF,CITY,TEXT,1974830
LIBRARY_RAW,LANDING,FED_IRS_EO_BMF,CITY,TEXT,1983563
LIBRARY_RAW,LANDING,FED_IRS_EO_PR,CITY,TEXT,2587
LIBRARY_RAW,LANDING,FED_IRS_PUB78_ELIGIBLE_DONEES,CITY,TEXT,1435544
LIBRARY_RAW,LANDING,FED_IRS_REVOCATION,CITY,TEXT,1206628
LIBRARY_RAW,LANDING,FED_IRS_SOI_CHARITIES,CITY,TEXT,2450
LIBRARY_RAW,LANDING,FED_MAPPING_INEQUALITY,CITY,TEXT,10154
LIBRARY_RAW,LANDING,FED_MSHA_MINES,NEAREST_TOWN,TEXT,91906
LIBRARY_RAW,LANDING,FED_NCUA_CALL_REPORTS_FOICU,CITY,TEXT,4336
LIBRARY_RAW,LANDING,FED_NCUA_FEDERALLY_INSURED_CU_LIST,CITY_MAILING_ADDRESS,TEXT,4250
LIBRARY_RAW,LANDING,FED_NID_DAMS,CITY,TEXT,92766
LIBRARY_RAW,LANDING,FED_NID_DAMS,DISTANCE_TO_NEAREST_CITY_MILES,TEXT,92766
LIBRARY_RAW,LANDING,FED_NIH_REPORTER,ORG_CITY,TEXT,2122611
LIBRARY_RAW,LANDING,FED_NSF_AWARDS,CITY,TEXT,125
LIBRARY_RAW,LANDING,FED_NTSB_AVIATION_AIRCRAFT,DEST_CITY,TEXT,31503
LIBRARY_RAW,LANDING,FED_NTSB_AVIATION_AIRCRAFT,DPRT_CITY,TEXT,31503
LIBRARY_RAW,LANDING,FED_NTSB_AVIATION_AIRCRAFT,OPER_CITY,TEXT,31503
LIBRARY_RAW,LANDING,FED_NTSB_AVIATION_AIRCRAFT,OWNER_CITY,TEXT,31503
LIBRARY_RAW,LANDING,FED_NTSB_AVIATION_EVENTS,EV_CITY,TEXT,30968
LIBRARY_RAW,LANDING,FED_NURSINGHOME411,CITY_TOWN,TEXT,14713
LIBRARY_RAW,LANDING,FED_OCC_NATIONAL_BANKS,CITY,TEXT,724
LIBRARY_RAW,LANDING,FED_OCC_THRIFTS,CITY,TEXT,218
LIBRARY_RAW,LANDING,FED_OSHA_ITA_300A_SUMMARY_2023,CITY,TEXT,394234
LIBRARY_RAW,LANDING,FED_OSHA_ITA_300A_SUMMARY_2024,CITY,TEXT,398620
LIBRARY_RAW,LANDING,FED_OSHA_ITA_300A_SUMMARY_2025,CITY,TEXT,383283
LIBRARY_RAW,LANDING,FED_OSHA_ITA_CASE_DETAIL_2023,CITY,TEXT,890934
LIBRARY_RAW,LANDING,FED_OSHA_ITA_CASE_DETAIL_2024,CITY,TEXT,688649
LIBRARY_RAW,LANDING,FED_OSHA_ITA_CASE_DETAIL_2025,CITY,TEXT,330447
LIBRARY_RAW,LANDING,FED_PBGC_TRUSTEED_PENSION_PLANS,ADMIN_CITY,TEXT,21596
LIBRARY_RAW,LANDING,FED_PBGC_TRUSTEED_PLANS,CITY,TEXT,5176
LIBRARY_RAW,LANDING,FED_PCAOB_FORM_AP_FILINGS,FIRM_ISSUING_CITY,TEXT,155384
LIBRARY_RAW,LANDING,FED_PHMSA_FLAGGED_INCIDENTS,ONSHORE_CITY_NAME,TEXT,2039
LIBRARY_RAW,LANDING,FED_PHMSA_FLAGGED_INCIDENTS,OPERATOR_CITY_NAME,TEXT,2039
LIBRARY_RAW,LANDING,FED_SAM_EXCLUSIONS,CITY,TEXT,9000
LIBRARY_RAW,LANDING,FED_SAM_EXCLUSIONS_FULL_R2,CITY,TEXT,167928
LIBRARY_RAW,LANDING,FED_SBA_LOANS,CDC_CITY,TEXT,2174502
LIBRARY_RAW,LANDING,FED_SBA_LOANS,THIRDPARTYLENDER_CITY,TEXT,2174502
LIBRARY_RAW,LANDING,FED_SBIR_STTR_AWARDS,CITY,TEXT,219503
LIBRARY_RAW,LANDING,FED_SEC_13F_FILERS,FILINGMANAGER_CITY,TEXT,344109
LIBRARY_RAW,LANDING,FED_SEC_BUSINESS_DEVELOPMENT_COMPANY_REPORT,CITY,TEXT,212
LIBRARY_RAW,LANDING,FED_SEC_CLOSED_END_FUND_INFORMATION,CITY,TEXT,973
LIBRARY_RAW,LANDING,FED_SEC_INSIDER_REPORTINGOWNER,RPTOWNER_CITY,TEXT,1934673
LIBRARY_RAW,LANDING,FED_SEC_INVESTMENT_COMPANY_SERIES_CLASS,CITY,TEXT,43123
LIBRARY_RAW,LANDING,FED_SENATE_LDA_FILINGS,REGISTRANT_CITY,TEXT,174871
LIBRARY_RAW,LANDING,FED_USACE_NID_DAMS,CITY,TEXT,92766
LIBRARY_RAW,LANDING,FED_USACE_NID_DAMS,DISTANCE_TO_NEAREST_CITY_MILES,TEXT,92766
LIBRARY_RAW,LANDING,FED_USASPENDING_ASSISTANCE_FULL,PRIMARY_PLACE_OF_PERFORMANCE_CITY_NAME,TEXT,19902879
LIBRARY_RAW,LANDING,FED_USASPENDING_ASSISTANCE_FULL,RECIPIENT_CITY_CODE,TEXT,19902879
LIBRARY_RAW,LANDING,FED_USASPENDING_ASSISTANCE_FULL,RECIPIENT_CITY_NAME,TEXT,19902879
LIBRARY_RAW,LANDING,FED_USASPENDING_ASSISTANCE_FULL,RECIPIENT_FOREIGN_CITY_NAME,TEXT,19902879
LIBRARY_RAW,LANDING,FED_USASPENDING_BULK,CITY_LOCAL_GOVERNMENT,TEXT,50000
LIBRARY_RAW,LANDING,FED_USASPENDING_BULK,MUNICIPALITY_LOCAL_GOVERNMENT,TEXT,50000
LIBRARY_RAW,LANDING,FED_USASPENDING_BULK,PRIMARY_PLACE_OF_PERFORMANCE_CITY_NAME,TEXT,50000
LIBRARY_RAW,LANDING,FED_USASPENDING_BULK,RECIPIENT_CITY_NAME,TEXT,50000
LIBRARY_RAW,LANDING,FED_USASPENDING_CONTRACTS,PRIMARY_PLACE_OF_PERFORMANCE_CITY_NAME,TEXT,6325622
LIBRARY_RAW,LANDING,FED_USASPENDING_CONTRACTS,RECIPIENT_CITY_NAME,TEXT,6325622
LIBRARY_RAW,LANDING,FED_USASPENDING_CONTRACTS_FULL,CITY_LOCAL_GOVERNMENT,TEXT,20000000
LIBRARY_RAW,LANDING,FED_USASPENDING_CONTRACTS_FULL,MUNICIPALITY_LOCAL_GOVERNMENT,TEXT,20000000
LIBRARY_RAW,LANDING,FED_USASPENDING_CONTRACTS_FULL,PRIMARY_PLACE_OF_PERFORMANCE_CITY_NAME,TEXT,20000000
LIBRARY_RAW,LANDING,FED_USASPENDING_CONTRACTS_FULL,RECIPIENT_CITY_NAME,TEXT,20000000
LIBRARY_RAW,LANDING,FED_USCG_NRC_INCIDENTS,RESPONSIBLE_CITY,TEXT,1029020
LIBRARY_RAW,LANDING,FED_USCG_NRC_INCIDENT_REPORTS,RESPONSIBLE_CITY,TEXT,116662
LIBRARY_RAW,LANDING,FED_USDA_RD_MFH_ACTIVE_PROJECTS,CITY,TEXT,13550
LIBRARY_RAW,LANDING,FED_US_USASPENDING_API,PLACE_OF_PERFORMANCE_CITY,TEXT,300
LIBRARY_RAW,LANDING,INTL_CH_ZEFIX,ADDRESS_CITY,TEXT,18
LIBRARY_RAW,LANDING,INTL_ELECTIONS_CANADA_CONTRIBUTIONS,CONTRIBUTOR_CITY,TEXT,12646465
LIBRARY_RAW,LANDING,INTL_EU_SANCTIONS,ADDR_CITY,TEXT,42347
LIBRARY_RAW,LANDING,INTL_GR_GEMI,CITY,TEXT,40
LIBRARY_RAW,LANDING,INTL_ISO_MIC_REGISTRY,CITY,TEXT,2864
LIBRARY_RAW,LANDING,INTL_OSFI_REGULATED_FI,CITY,TEXT,343
LIBRARY_RAW,LANDING,INTL_UK_SANCTIONS_LIST,TOWN_OF_BIRTH,TEXT,57883
LIBRARY_RAW,LANDING,INTL_UN_SC_CONSOLIDATED_SANCTIONS,ENTITY_ADDRESS_CITY,TEXT,1011
LIBRARY_RAW,LANDING,INTL_UN_SC_CONSOLIDATED_SANCTIONS,INDIVIDUAL_ADDRESS_CITY,TEXT,1011
LIBRARY_RAW,LANDING,INTL_UN_SC_CONSOLIDATED_SANCTIONS,INDIVIDUAL_ALIAS_CITY_OF_BIRTH,TEXT,1011
LIBRARY_RAW,LANDING,INTL_UN_SC_CONSOLIDATED_SANCTIONS,INDIVIDUAL_DOCUMENT_CITY_OF_ISSUE,TEXT,1011
LIBRARY_RAW,LANDING,INTL_UN_SC_CONSOLIDATED_SANCTIONS,INDIVIDUAL_PLACE_OF_BIRTH_CITY,TEXT,1011
LIBRARY_RAW,LANDING,IRS527_8871_ORGS,BUSINESS_CITY,TEXT,77591
LIBRARY_RAW,LANDING,IRS527_8871_ORGS,CONTACT_CITY,TEXT,77591
LIBRARY_RAW,LANDING,IRS527_8871_ORGS,CUSTODIAN_CITY,TEXT,77591
LIBRARY_RAW,LANDING,IRS527_8871_ORGS,MAILING_CITY,TEXT,77591
LIBRARY_RAW,LANDING,IRS527_8872_REPORTS,BUSINESS_CITY,TEXT,55579
LIBRARY_RAW,LANDING,IRS527_8872_REPORTS,CONTACT_CITY,TEXT,55579
LIBRARY_RAW,LANDING,IRS527_8872_REPORTS,CUSTODIAN_CITY,TEXT,55579
LIBRARY_RAW,LANDING,IRS527_8872_REPORTS,MAILING_CITY,TEXT,55579
LIBRARY_RAW,LANDING,IRS527_DIRECTORS_OFFICERS,ENTITY_CITY,TEXT,189593
LIBRARY_RAW,LANDING,IRS527_RELATED_ENTITIES,ENTITY_CITY,TEXT,64835
LIBRARY_RAW,LANDING,PORTAL_ARC_ATLANTA_DATAATLA_03DC194F2A,CITY,TEXT,130
LIBRARY_RAW,LANDING,PORTAL_ARC_ATLANTA_DATAATLA_1A7F4ADC21,CITY,TEXT,144
LIBRARY_RAW,LANDING,PORTAL_ARC_ATLANTA_DATAATLA_3E6E5804C7,CITY,TEXT,5000
LIBRARY_RAW,LANDING,PORTAL_ARC_ATLANTA_DATAATLA_3F5DA71919,CITY,TEXT,58
LIBRARY_RAW,LANDING,PORTAL_ARC_ATLANTA_DATAATLA_4AB9F9E31E,CITY,TEXT,681
LIBRARY_RAW,LANDING,PORTAL_ARC_ATLANTA_DATAATLA_4C51545609,CITY,TEXT,106
LIBRARY_RAW,LANDING,PORTAL_ARC_ATLANTA_DATAATLA_5ADD5EAF6A,CITY,TEXT,454
LIBRARY_RAW,LANDING,PORTAL_ARC_ATLANTA_DATAATLA_5D9B9C30A9,CITY,TEXT,14
LIBRARY_RAW,LANDING,PORTAL_ARC_ATLANTA_DATAATLA_610443017C,CITY,TEXT,780
LIBRARY_RAW,LANDING,PORTAL_ARC_ATLANTA_DATAATLA_79E3C7BD36,CITY,TEXT,209
LIBRARY_RAW,LANDING,PORTAL_ARC_ATLANTA_DATAATLA_7B1D4C8E25,CITY,TEXT,92
LIBRARY_RAW,LANDING,PORTAL_ARC_ATLANTA_DATAATLA_7D3C4A9739,CITY,TEXT,57
LIBRARY_RAW,LANDING,PORTAL_ARC_ATLANTA_DATAATLA_7E542E6BFA,CITY,TEXT,20
LIBRARY_RAW,LANDING,PORTAL_ARC_ATLANTA_DATAATLA_898CD032B3,CITY,TEXT,109
LIBRARY_RAW,LANDING,PORTAL_ARC_ATLANTA_DATAATLA_93AA493487,CITY,TEXT,280
LIBRARY_RAW,LANDING,PORTAL_ARC_ATLANTA_DATAATLA_A0F4032894,CITY,TEXT,109
LIBRARY_RAW,LANDING,PORTAL_ARC_ATLANTA_DATAATLA_A29D594B47,CITY,TEXT,7
LIBRARY_RAW,LANDING,PORTAL_ARC_ATLANTA_DATAATLA_A59DB2E766,CITY,TEXT,322
LIBRARY_RAW,LANDING,PORTAL_ARC_ATLANTA_DATAATLA_A9FA6B1C3C,CITY,TEXT,35
LIBRARY_RAW,LANDING,PORTAL_ARC_ATLANTA_DATAATLA_BAA69E0D06,CITY,TEXT,51
LIBRARY_RAW,LANDING,PORTAL_ARC_ATLANTA_DATAATLA_C1DA9CD6A0,CITY,TEXT,30
LIBRARY_RAW,LANDING,PORTAL_ARC_ATLANTA_DATAATLA_CC5FA4CA01,CITY,TEXT,390
LIBRARY_RAW,LANDING,PORTAL_ARC_ATLANTA_DATAATLA_DDCDF8F47F,CITY,TEXT,2000
LIBRARY_RAW,LANDING,PORTAL_ARC_ATLANTA_DATAATLA_E1F71F6EE6,CITY,TEXT,544
LIBRARY_RAW,LANDING,PORTAL_ARC_ATLANTA_DATAATLA_E2C03512E7,CITY,TEXT,42
LIBRARY_RAW,LANDING,PORTAL_ARC_ATLANTA_DATAATLA_E3F1BF2204,CITY,TEXT,536
LIBRARY_RAW,LANDING,PORTAL_ARC_ATLANTA_DATAATLA_F07E02DA21,CITY,TEXT,73
LIBRARY_RAW,LANDING,PORTAL_ARC_ATLANTA_DATAATLA_FB2953F9B7,CITY,TEXT,2000
LIBRARY_RAW,LANDING,PORTAL_ARC_ATLANTA_DATAATLA_FD3576897B,CITY,TEXT,15
LIBRARY_RAW,LANDING,PORTAL_ARC_FORT_WORTH_OPEN_2259070522,CITY,TEXT,19
LIBRARY_RAW,LANDING,PORTAL_ARC_HARRIS_COUNTY_OP_12691A85A0,CITY,TEXT,38
LIBRARY_RAW,LANDING,PORTAL_ARC_HARRIS_COUNTY_OP_167EC31B95,CITY,TEXT,96
LIBRARY_RAW,LANDING,PORTAL_ARC_HARRIS_COUNTY_OP_167EC31B95,IN_CITY,TEXT,96
LIBRARY_RAW,LANDING,PORTAL_ARC_HARRIS_COUNTY_OP_167EC31B95,USER_CITY,TEXT,96
LIBRARY_RAW,LANDING,PORTAL_ARC_HARRIS_COUNTY_OP_167EC31B95,USER_MAILING_CITY,TEXT,96
LIBRARY_RAW,LANDING,PORTAL_ARC_HARRIS_COUNTY_OP_183E778C9D,CITY,TEXT,292
LIBRARY_RAW,LANDING,PORTAL_ARC_HARRIS_COUNTY_OP_1966AC023B,CITY,TEXT,55
LIBRARY_RAW,LANDING,PORTAL_ARC_HARRIS_COUNTY_OP_19FE875D1D,CITY,TEXT,35
LIBRARY_RAW,LANDING,PORTAL_ARC_HARRIS_COUNTY_OP_1A53499962,CITY,TEXT,372
LIBRARY_RAW,LANDING,PORTAL_ARC_HARRIS_COUNTY_OP_1BA6E8027E,CITY,TEXT,27
LIBRARY_RAW,LANDING,PORTAL_ARC_HARRIS_COUNTY_OP_1F4D98F329,CITY,TEXT,1143
LIBRARY_RAW,LANDING,PORTAL_ARC_HARRIS_COUNTY_OP_2718B3279A,CITY,TEXT,77
LIBRARY_RAW,LANDING,PORTAL_ARC_HARRIS_COUNTY_OP_2718B3279A,IN_CITY,TEXT,77
LIBRARY_RAW,LANDING,PORTAL_ARC_HARRIS_COUNTY_OP_2718B3279A,USER_CITY,TEXT,77
LIBRARY_RAW,LANDING,PORTAL_ARC_HARRIS_COUNTY_OP_2718B3279A,USER_MAILING_CITY,TEXT,77
LIBRARY_RAW,LANDING,PORTAL_ARC_HARRIS_COUNTY_OP_28CF881303,CITY,TEXT,13
LIBRARY_RAW,LANDING,PORTAL_ARC_HARRIS_COUNTY_OP_2A7A02B1E2,CITY,TEXT,14
LIBRARY_RAW,LANDING,PORTAL_ARC_HARRIS_COUNTY_OP_2A7A02B1E2,IN_CITY,TEXT,14
LIBRARY_RAW,LANDING,PORTAL_ARC_HARRIS_COUNTY_OP_2D6F9D0DA7,CITY,TEXT,2000
LIBRARY_RAW,LANDING,PORTAL_ARC_HARRIS_COUNTY_OP_32D5FF05CA,CITY,TEXT,100
LIBRARY_RAW,LANDING,PORTAL_ARC_HARRIS_COUNTY_OP_32D5FF05CA,IN_CITY,TEXT,100
LIBRARY_RAW,LANDING,PORTAL_ARC_HARRIS_COUNTY_OP_3304C540B7,CITY,TEXT,645
LIBRARY_RAW,LANDING,PORTAL_ARC_HARRIS_COUNTY_OP_33A3918C80,CITY,TEXT,363
LIBRARY_RAW,LANDING,PORTAL_ARC_HARRIS_COUNTY_OP_360277F8CB,CITY,TEXT,2
LIBRARY_RAW,LANDING,PORTAL_ARC_HARRIS_COUNTY_OP_374D2E791F,ARC_CITY,TEXT,77
LIBRARY_RAW,LANDING,PORTAL_ARC_HARRIS_COUNTY_OP_374D2E791F,CITY,TEXT,77
LIBRARY_RAW,LANDING,PORTAL_ARC_HARRIS_COUNTY_OP_374D2E791F,CITY_1,TEXT,77
LIBRARY_RAW,LANDING,PORTAL_ARC_HARRIS_COUNTY_OP_374D2E791F,MAILING_CITY,TEXT,77
LIBRARY_RAW,LANDING,PORTAL_ARC_HARRIS_COUNTY_OP_3CFE4113ED,CITY,TEXT,2
LIBRARY_RAW,LANDING,PORTAL_ARC_HARRIS_COUNTY_OP_3E1426DF10,CITY,TEXT,372
LIBRARY_RAW,LANDING,PORTAL_ARC_HARRIS_COUNTY_OP_3E1A188E92,ARC_CITY,TEXT,642
LIBRARY_RAW,LANDING,PORTAL_ARC_HARRIS_COUNTY_OP_3E1A188E92,CITY,TEXT,642
LIBRARY_RAW,LANDING,PORTAL_ARC_HARRIS_COUNTY_OP_3E1A188E92,CITY_1,TEXT,642
LIBRARY_RAW,LANDING,PORTAL_ARC_HARRIS_COUNTY_OP_3E1A188E92,MAILING_CITY,TEXT,642
LIBRARY_RAW,LANDING,PORTAL_ARC_HARRIS_COUNTY_OP_3E3BFD2059,CITY,TEXT,254
LIBRARY_RAW,LANDING,PORTAL_ARC_HARRIS_COUNTY_OP_3E3BFD2059,IN_CITY,TEXT,254
LIBRARY_RAW,LANDING,PORTAL_ARC_HARRIS_COUNTY_OP_41FBA6BF22,CITY,TEXT,15
LIBRARY_RAW,LANDING,PORTAL_ARC_HARRIS_COUNTY_OP_41FBA6BF22,IN_CITY,TEXT,15
LIBRARY_RAW,LANDING,PORTAL_ARC_HARRIS_COUNTY_OP_4E0F396A33,ARC_CITY,TEXT,755
LIBRARY_RAW,LANDING,PORTAL_ARC_HARRIS_COUNTY_OP_4E0F396A33,CITY,TEXT,755
LIBRARY_RAW,LANDING,PORTAL_ARC_HARRIS_COUNTY_OP_4E0F396A33,CITY_1,TEXT,755
LIBRARY_RAW,LANDING,PORTAL_ARC_HARRIS_COUNTY_OP_4E0F396A33,MAILING_CITY,TEXT,755
LIBRARY_RAW,LANDING,PORTAL_ARC_HARRIS_COUNTY_OP_4F19F66C45,CITY,TEXT,56
LIBRARY_RAW,LANDING,PORTAL_ARC_HARRIS_COUNTY_OP_4F19F66C45,IN_CITY,TEXT,56
LIBRARY_RAW,LANDING,PORTAL_ARC_HARRIS_COUNTY_OP_4F19F66C45,USER_CITY,TEXT,56
LIBRARY_RAW,LANDING,PORTAL_ARC_HARRIS_COUNTY_OP_4F19F66C45,USER_MAILING_CITY,TEXT,56
LIBRARY_RAW,LANDING,PORTAL_ARC_HARRIS_COUNTY_OP_510B4A2AB2,CITY,TEXT,924
LIBRARY_RAW,LANDING,PORTAL_ARC_HARRIS_COUNTY_OP_52229E2E24,CITY,TEXT,488
LIBRARY_RAW,LANDING,PORTAL_ARC_HARRIS_COUNTY_OP_52229E2E24,IN_CITY,TEXT,488
LIBRARY_RAW,LANDING,PORTAL_ARC_HARRIS_COUNTY_OP_52229E2E24,USER_CITY,TEXT,488
LIBRARY_RAW,LANDING,PORTAL_ARC_HARRIS_COUNTY_OP_5AB72D4A23,ARC_CITY,TEXT,526
LIBRARY_RAW,LANDING,PORTAL_ARC_HARRIS_COUNTY_OP_5AB72D4A23,CITY,TEXT,526
LIBRARY_RAW,LANDING,PORTAL_ARC_HARRIS_COUNTY_OP_5AB72D4A23,CITY_1,TEXT,526
LIBRARY_RAW,LANDING,PORTAL_ARC_HARRIS_COUNTY_OP_5AB72D4A23,MAILING_CITY,TEXT,526
LIBRARY_RAW,LANDING,PORTAL_ARC_HARRIS_COUNTY_OP_6133483DE0,CITY,TEXT,67
LIBRARY_RAW,LANDING,PORTAL_ARC_HARRIS_COUNTY_OP_6133483DE0,USER_CITY,TEXT,67
LIBRARY_RAW,LANDING,PORTAL_ARC_HARRIS_COUNTY_OP_619A8F0A78,CITY,TEXT,642
LIBRARY_RAW,LANDING,PORTAL_ARC_HARRIS_COUNTY_OP_619A8F0A78,IN_CITY,TEXT,642
LIBRARY_RAW,LANDING,PORTAL_ARC_HARRIS_COUNTY_OP_619A8F0A78,USER_CITY,TEXT,642
LIBRARY_RAW,LANDING,PORTAL_ARC_HARRIS_COUNTY_OP_619A8F0A78,USER_MAILING_CITY,TEXT,642
LIBRARY_RAW,LANDING,PORTAL_ARC_HARRIS_COUNTY_OP_6529979A2A,CITY,TEXT,214
LIBRARY_RAW,LANDING,PORTAL_ARC_HARRIS_COUNTY_OP_672C54ADB5,CITY,TEXT,1574
LIBRARY_RAW,LANDING,PORTAL_ARC_HARRIS_COUNTY_OP_6CDCF96CA7,CITY,TEXT,34
LIBRARY_RAW,LANDING,PORTAL_ARC_HARRIS_COUNTY_OP_78806A4CF7,CITY,TEXT,35
LIBRARY_RAW,LANDING,PORTAL_ARC_HARRIS_COUNTY_OP_795533139C,CITY,TEXT,100
LIBRARY_RAW,LANDING,PORTAL_ARC_HARRIS_COUNTY_OP_795533139C,IN_CITY,TEXT,100
LIBRARY_RAW,LANDING,PORTAL_ARC_HARRIS_COUNTY_OP_7BD125DFB0,CITY,TEXT,359
LIBRARY_RAW,LANDING,PORTAL_ARC_HARRIS_COUNTY_OP_8549EC1226,CITY,TEXT,1464
LIBRARY_RAW,LANDING,PORTAL_ARC_HARRIS_COUNTY_OP_86AE12CFC0,CITY,TEXT,1128
LIBRARY_RAW,LANDING,PORTAL_ARC_HARRIS_COUNTY_OP_87F4853C1A,CITY,TEXT,30
LIBRARY_RAW,LANDING,PORTAL_ARC_HARRIS_COUNTY_OP_8CE538DBE3,CITY,TEXT,2000
LIBRARY_RAW,LANDING,PORTAL_ARC_HARRIS_COUNTY_OP_8CE538DBE3,IN_CITY,TEXT,2000
LIBRARY_RAW,LANDING,PORTAL_ARC_HARRIS_COUNTY_OP_A2C8055EFB,CITY,TEXT,2000
LIBRARY_RAW,LANDING,PORTAL_ARC_HARRIS_COUNTY_OP_A2DAE85C30,CITY,TEXT,38
LIBRARY_RAW,LANDING,PORTAL_ARC_HARRIS_COUNTY_OP_A35053AC76,CITY,TEXT,38
LIBRARY_RAW,LANDING,PORTAL_ARC_HARRIS_COUNTY_OP_A35053AC76,IN_CITY,TEXT,38
LIBRARY_RAW,LANDING,PORTAL_ARC_HARRIS_COUNTY_OP_A5E2395522,CITY,TEXT,13
LIBRARY_RAW,LANDING,PORTAL_ARC_HARRIS_COUNTY_OP_B86519B42D,CITY,TEXT,2000
LIBRARY_RAW,LANDING,PORTAL_ARC_HARRIS_COUNTY_OP_BEF7C03176,CITY,TEXT,755
LIBRARY_RAW,LANDING,PORTAL_ARC_HARRIS_COUNTY_OP_BEF7C03176,IN_CITY,TEXT,755
LIBRARY_RAW,LANDING,PORTAL_ARC_HARRIS_COUNTY_OP_BEF7C03176,USER_CITY,TEXT,755
LIBRARY_RAW,LANDING,PORTAL_ARC_HARRIS_COUNTY_OP_BEF7C03176,USER_MAILING_CITY,TEXT,755
LIBRARY_RAW,LANDING,PORTAL_ARC_HARRIS_COUNTY_OP_C23DC4BAF8,CITY,TEXT,782
LIBRARY_RAW,LANDING,PORTAL_ARC_HARRIS_COUNTY_OP_C23DC4BAF8,IN_CITY,TEXT,782
LIBRARY_RAW,LANDING,PORTAL_ARC_HARRIS_COUNTY_OP_CAF5C156E3,CITY,TEXT,526
LIBRARY_RAW,LANDING,PORTAL_ARC_HARRIS_COUNTY_OP_CAF5C156E3,IN_CITY,TEXT,526
LIBRARY_RAW,LANDING,PORTAL_ARC_HARRIS_COUNTY_OP_CAF5C156E3,USER_CITY,TEXT,526
LIBRARY_RAW,LANDING,PORTAL_ARC_HARRIS_COUNTY_OP_CAF5C156E3,USER_MAILING_CITY,TEXT,526
LIBRARY_RAW,LANDING,PORTAL_ARC_HARRIS_COUNTY_OP_CB850CC4B0,CITY,TEXT,356
LIBRARY_RAW,LANDING,PORTAL_ARC_HARRIS_COUNTY_OP_CB850CC4B0,CITY_1,TEXT,356
LIBRARY_RAW,LANDING,PORTAL_ARC_HARRIS_COUNTY_OP_CB850CC4B0,IN_CITY,TEXT,356
LIBRARY_RAW,LANDING,PORTAL_ARC_HARRIS_COUNTY_OP_CB850CC4B0,IN_CITY_1,TEXT,356
LIBRARY_RAW,LANDING,PORTAL_ARC_HARRIS_COUNTY_OP_CB850CC4B0,USER_CITY,TEXT,356
LIBRARY_RAW,LANDING,PORTAL_ARC_HARRIS_COUNTY_OP_CBD49C80E4,CITY,TEXT,513
LIBRARY_RAW,LANDING,PORTAL_ARC_HARRIS_COUNTY_OP_D044517CB3,CITY,TEXT,712
LIBRARY_RAW,LANDING,PORTAL_ARC_HARRIS_COUNTY_OP_D048520A99,CITY,TEXT,254
LIBRARY_RAW,LANDING,PORTAL_ARC_HARRIS_COUNTY_OP_D048520A99,IN_CITY,TEXT,254
LIBRARY_RAW,LANDING,PORTAL_ARC_HARRIS_COUNTY_OP_D1EB790FBD,CITY,TEXT,363
LIBRARY_RAW,LANDING,PORTAL_ARC_HARRIS_COUNTY_OP_D248A81CD8,CITY,TEXT,2000
LIBRARY_RAW,LANDING,PORTAL_ARC_HARRIS_COUNTY_OP_D354D2D6E2,CITY,TEXT,257
LIBRARY_RAW,LANDING,PORTAL_ARC_HARRIS_COUNTY_OP_D53D8CC5D8,CITY,TEXT,924
LIBRARY_RAW,LANDING,PORTAL_ARC_HARRIS_COUNTY_OP_D9A3089ED0,CITY,TEXT,125
LIBRARY_RAW,LANDING,PORTAL_ARC_HARRIS_COUNTY_OP_E68ADDC07C,CITY,TEXT,33
LIBRARY_RAW,LANDING,PORTAL_ARC_HARRIS_COUNTY_OP_E68ADDC07C,IN_CITY,TEXT,33
LIBRARY_RAW,LANDING,PORTAL_ARC_HARRIS_COUNTY_OP_E87E81379A,CITY,TEXT,34
LIBRARY_RAW,LANDING,PORTAL_ARC_HARRIS_COUNTY_OP_EA34BDDB5D,CITY,TEXT,13
LIBRARY_RAW,LANDING,PORTAL_ARC_HARRIS_COUNTY_OP_EDE1E11F9D,CITY,TEXT,386
LIBRARY_RAW,LANDING,PORTAL_ARC_HARRIS_COUNTY_OP_F22D53C24D,ARC_CITY,TEXT,56
LIBRARY_RAW,LANDING,PORTAL_ARC_HARRIS_COUNTY_OP_F22D53C24D,CITY,TEXT,56
LIBRARY_RAW,LANDING,PORTAL_ARC_HARRIS_COUNTY_OP_F22D53C24D,CITY_1,TEXT,56
LIBRARY_RAW,LANDING,PORTAL_ARC_HARRIS_COUNTY_OP_F22D53C24D,MAILING_CITY,TEXT,56
LIBRARY_RAW,LANDING,PORTAL_ARC_HARRIS_COUNTY_OP_F3D3A3AB57,CITY,TEXT,125
LIBRARY_RAW,LANDING,PORTAL_ARC_HARRIS_COUNTY_OP_F9118D0DEE,CITY,TEXT,1164
LIBRARY_RAW,LANDING,PORTAL_ARC_HARRIS_COUNTY_OP_F9118D0DEE,IN_CITY,TEXT,1164
LIBRARY_RAW,LANDING,PORTAL_ARC_HARRIS_COUNTY_OP_FA9969D82E,CITY,TEXT,1128
LIBRARY_RAW,LANDING,PORTAL_ARC_HARRIS_COUNTY_OP_FB6331E67A,CITY,TEXT,805
LIBRARY_RAW,LANDING,PORTAL_ARC_HARRIS_COUNTY_OP_FE2134F2C8,CITY,TEXT,526
LIBRARY_RAW,LANDING,PORTAL_ARC_HARRIS_COUNTY_OP_FE2134F2C8,IN_CITY,TEXT,526
LIBRARY_RAW,LANDING,PORTAL_ARC_HARRIS_COUNTY_OP_FE2134F2C8,USER_CITY,TEXT,526
LIBRARY_RAW,LANDING,PORTAL_ARC_HARRIS_COUNTY_OP_FE2134F2C8,USER_MAILING_CITY,TEXT,526
LIBRARY_RAW,LANDING,PORTAL_ARC_KENTUCKY_OPEN_GI_100DA931EB,CITY_NAME,TEXT,1971
LIBRARY_RAW,LANDING,PORTAL_ARC_LA_COUNTY_OPEN_D_0A94DB308E,CITY,TEXT,93
LIBRARY_RAW,LANDING,PORTAL_ARC_LA_COUNTY_OPEN_D_108A1E6982,CITY,TEXT,365
LIBRARY_RAW,LANDING,PORTAL_ARC_LA_COUNTY_OPEN_D_1632A8E413,CITY,TEXT,12
LIBRARY_RAW,LANDING,PORTAL_ARC_LA_COUNTY_OPEN_D_18EE361084,CITY,TEXT,126
LIBRARY_RAW,LANDING,PORTAL_ARC_LA_COUNTY_OPEN_D_1A6706943D,CITY,TEXT,2000
LIBRARY_RAW,LANDING,PORTAL_ARC_LA_COUNTY_OPEN_D_1EDD056661,CITY,TEXT,2000
LIBRARY_RAW,LANDING,PORTAL_ARC_LA_COUNTY_OPEN_D_2E79EB67C8,CITY,TEXT,2000
LIBRARY_RAW,LANDING,PORTAL_ARC_LA_COUNTY_OPEN_D_3D07EB80AC,CITY,TEXT,1355
LIBRARY_RAW,LANDING,PORTAL_ARC_LA_COUNTY_OPEN_D_464355F6D4,CITY,TEXT,6
LIBRARY_RAW,LANDING,PORTAL_ARC_LA_COUNTY_OPEN_D_501C20229C,USER_CITY,TEXT,1247
LIBRARY_RAW,LANDING,PORTAL_ARC_LA_COUNTY_OPEN_D_501C20229C,USER_MAILING_CITY,TEXT,1247
LIBRARY_RAW,LANDING,PORTAL_ARC_LA_COUNTY_OPEN_D_58A85AED74,CITY,TEXT,2
LIBRARY_RAW,LANDING,PORTAL_ARC_LA_COUNTY_OPEN_D_5AB83C24A0,CITY,TEXT,225
LIBRARY_RAW,LANDING,PORTAL_ARC_LA_COUNTY_OPEN_D_6DF63A4983,CITY,TEXT,187
LIBRARY_RAW,LANDING,PORTAL_ARC_LA_COUNTY_OPEN_D_6F0FCB8A75,CITY,TEXT,411
LIBRARY_RAW,LANDING,PORTAL_ARC_LA_COUNTY_OPEN_D_73B029DCD6,CITY,TEXT,1801
LIBRARY_RAW,LANDING,PORTAL_ARC_LA_COUNTY_OPEN_D_7528D085CE,CITY,TEXT,329
LIBRARY_RAW,LANDING,PORTAL_ARC_LA_COUNTY_OPEN_D_75836D970C,CITY,TEXT,2000
LIBRARY_RAW,LANDING,PORTAL_ARC_LA_COUNTY_OPEN_D_83F0BA30FB,CITY,TEXT,5
LIBRARY_RAW,LANDING,PORTAL_ARC_LA_COUNTY_OPEN_D_86C98732BB,CITY,TEXT,146
LIBRARY_RAW,LANDING,PORTAL_ARC_LA_COUNTY_OPEN_D_90F6889981,CITY,TEXT,212
LIBRARY_RAW,LANDING,PORTAL_ARC_LA_COUNTY_OPEN_D_92CD102DA7,CITY,TEXT,777
LIBRARY_RAW,LANDING,PORTAL_ARC_LA_COUNTY_OPEN_D_92EFBD96E7,CITY,TEXT,126
LIBRARY_RAW,LANDING,PORTAL_ARC_LA_COUNTY_OPEN_D_A77E98386F,CITY,TEXT,2000
LIBRARY_RAW,LANDING,PORTAL_ARC_LA_COUNTY_OPEN_D_AD0B3DB8CD,CITY,TEXT,22
LIBRARY_RAW,LANDING,PORTAL_ARC_LA_COUNTY_OPEN_D_D75E8EA051,CITY,TEXT,385
LIBRARY_RAW,LANDING,PORTAL_ARC_LA_COUNTY_OPEN_D_E034245E05,CITY,TEXT,8
LIBRARY_RAW,LANDING,PORTAL_ARC_LA_COUNTY_OPEN_D_E549C7C921,CITY,TEXT,76
LIBRARY_RAW,LANDING,PORTAL_ARC_LA_COUNTY_OPEN_D_E59BD7CF06,CITY,TEXT,659
LIBRARY_RAW,LANDING,PORTAL_ARC_LA_COUNTY_OPEN_D_E68DDAB268,CITY,TEXT,167
LIBRARY_RAW,LANDING,PORTAL_ARC_LA_COUNTY_OPEN_D_E6A4C1D69B,CITY,TEXT,2000
LIBRARY_RAW,LANDING,PORTAL_ARC_LA_COUNTY_OPEN_D_E85041E063,CITY,TEXT,1818
LIBRARY_RAW,LANDING,PORTAL_ARC_LA_COUNTY_OPEN_D_F6444997FA,CITY,TEXT,111
LIBRARY_RAW,LANDING,PORTAL_ARC_LOUISVILLE_OPEN_0574425F4F,CITY,TEXT,17
LIBRARY_RAW,LANDING,PORTAL_ARC_LOUISVILLE_OPEN_4654B3D9BA,CITY,TEXT,2000
LIBRARY_RAW,LANDING,PORTAL_ARC_LOUISVILLE_OPEN_B5DAB97E2B,CITY,TEXT,2000
LIBRARY_RAW,LANDING,PORTAL_ARC_LOUISVILLE_OPEN_E92145C6D2,CITY,TEXT,18
LIBRARY_RAW,LANDING,PORTAL_ARC_NEW_HAMPSHIRE_GE_6731F28D87,NOTES_TOWN,TEXT,2000
LIBRARY_RAW,LANDING,PORTAL_ARC_NEW_MEXICO_OPEN_1B6C7F7FBD,CITY,TEXT,32
LIBRARY_RAW,LANDING,PORTAL_ARC_NEW_MEXICO_OPEN_7DE8F482F1,CITY,TEXT,1062
LIBRARY_RAW,LANDING,PORTAL_ARC_NEW_MEXICO_OPEN_7DE8F482F1,D_PRIN_CITY_SVD_NM,TEXT,1062
LIBRARY_RAW,LANDING,PORTAL_ARC_OPEN_BALTIMORE_6C2257F1C4,ARC_CITY,TEXT,21
LIBRARY_RAW,LANDING,PORTAL_ARC_OPEN_BALTIMORE_751D91C991,FACILITY_CITY,TEXT,62
LIBRARY_RAW,LANDING,PORTAL_ARC_OPEN_DATA_DC_582A28D212,CITY,TEXT,46
LIBRARY_RAW,LANDING,PORTAL_ARC_OPEN_DATA_DC_59913164D2,CITY_NAME,TEXT,2000
LIBRARY_RAW,LANDING,PORTAL_ARC_OPEN_DATA_DC_59913164D2,STATE_CITY,TEXT,2000
LIBRARY_RAW,LANDING,PORTAL_ARC_OPEN_DATA_DC_5CB81ACBDD,CITY,TEXT,8
LIBRARY_RAW,LANDING,PORTAL_ARC_OPEN_DATA_DC_ADF4F0E413,CITY,TEXT,2000
LIBRARY_RAW,LANDING,PORTAL_ARC_OPEN_DATA_DC_B1DAECCB1B,FACILITY_CITY,TEXT,83
LIBRARY_RAW,LANDING,PORTAL_ARC_OPEN_DATA_DC_B1DAECCB1B,OPERATOR_CITY,TEXT,83
LIBRARY_RAW,LANDING,PORTAL_ARC_OPEN_DATA_DC_B1DAECCB1B,OWNER_CITY,TEXT,83
LIBRARY_RAW,LANDING,PORTAL_ARC_OPEN_DATA_DC_D359158BC8,PRIMARY_CITY,TEXT,733
LIBRARY_RAW,LANDING,PORTAL_ARC_OPEN_DATA_DC_D359158BC8,SECONDARY_CITY,TEXT,733
LIBRARY_RAW,LANDING,PORTAL_ARC_OPEN_DATA_DC_D359158BC8,TERTIARY_CITY,TEXT,733
LIBRARY_RAW,LANDING,PORTAL_ARC_OPEN_DATA_DC_E1DD5D3551,CITY,TEXT,11
LIBRARY_RAW,LANDING,PORTAL_ARC_OPEN_DATA_DC_E28C8C471A,FACILITY_CITY,TEXT,83
LIBRARY_RAW,LANDING,PORTAL_ARC_OPEN_DATA_DC_E28C8C471A,OPERATOR_CITY,TEXT,83
LIBRARY_RAW,LANDING,PORTAL_ARC_OPEN_DATA_DC_E28C8C471A,OWNER_CITY,TEXT,83
LIBRARY_RAW,LANDING,PORTAL_ARC_OPEN_DATA_DC_F37F5DDC3D,CITY,TEXT,40
LIBRARY_RAW,LANDING,PORTAL_ARC_OPEN_DATA_HARTFO_8A24EA33E4,SECONDARY_CITY,TEXT,2000
LIBRARY_RAW,LANDING,PORTAL_ARC_OPEN_DATA_MINNEA_0426858DFE,CITY,TEXT,110
LIBRARY_RAW,LANDING,PORTAL_ARC_OPEN_DATA_MINNEA_5381AC03F1,ARC_CITY,TEXT,2000
LIBRARY_RAW,LANDING,PORTAL_ARC_OPEN_DATA_MINNEA_5381AC03F1,CITY,TEXT,2000
LIBRARY_RAW,LANDING,PORTAL_ARC_OPEN_DATA_MINNEA_5381AC03F1,CITY_1,TEXT,2000
LIBRARY_RAW,LANDING,PORTAL_ARC_OPEN_DATA_MINNEA_5605A903BD,CITY,TEXT,39
LIBRARY_RAW,LANDING,PORTAL_ARC_OPEN_DATA_MINNEA_D808F6BF62,CITY,TEXT,25
LIBRARY_RAW,LANDING,PORTAL_ARC_OPEN_DATA_MINNEA_F87FF14B56,ARC_CITY,TEXT,1340
LIBRARY_RAW,LANDING,PORTAL_ARC_OPEN_DATA_MINNEA_F87FF14B56,CITY,TEXT,1340
LIBRARY_RAW,LANDING,PORTAL_ARC_OPEN_DATA_MINNEA_F87FF14B56,CITY_1,TEXT,1340
LIBRARY_RAW,LANDING,PORTAL_ARC_OPEN_DATA_RALEIG_67EFBAC9DD,SHIPPING_CITY,TEXT,88
LIBRARY_RAW,LANDING,PORTAL_ARC_OPEN_DATA_RALEIG_8EE851C810,CITY_DECODE,TEXT,2000
LIBRARY_RAW,LANDING,PORTAL_ARC_OPEN_DATA_RALEIG_8EE851C810,PRIMARY_CITY,TEXT,2000
LIBRARY_RAW,LANDING,PORTAL_ARC_OPEN_DATA_RALEIG_8EE851C810,SECONDARY_CITY,TEXT,2000
LIBRARY_RAW,LANDING,PORTAL_ARC_OPEN_DATA_RALEIG_8EE851C810,TERTIARY_CITY,TEXT,2000
LIBRARY_RAW,LANDING,PORTAL_ARC_OPEN_DATA_RALEIG_BBF9ABCA0D,CITY,TEXT,1877
LIBRARY_RAW,LANDING,PORTAL_ARC_OPEN_DATA_RALEIG_DF19DCBB03,PRIMARY_CITY,TEXT,2000
LIBRARY_RAW,LANDING,PORTAL_ARC_OPEN_DATA_RALEIG_DF19DCBB03,SECONDARY_CITY,TEXT,2000
LIBRARY_RAW,LANDING,PORTAL_ARC_OPEN_DATA_RALEIG_DF19DCBB03,TERTIARY_CITY,TEXT,2000
LIBRARY_RAW,LANDING,PORTAL_ARC_OPEN_DATA_RALEIG_EFBB617010,PRIMARY_CITY,TEXT,2000
LIBRARY_RAW,LANDING,PORTAL_ARC_OPEN_DATA_RALEIG_EFBB617010,SECONDARY_CITY,TEXT,2000
LIBRARY_RAW,LANDING,PORTAL_ARC_OPEN_DATA_RALEIG_EFBB617010,TERTIARY_CITY,TEXT,2000
LIBRARY_RAW,LANDING,PORTAL_ARC_OPEN_DATA_RALEIG_F18F09F22F,SHIPPING_CITY,TEXT,2
LIBRARY_RAW,LANDING,PORTAL_ARC_ORANGE_COUNTY_OP_05390F8D55,CITY,TEXT,184
LIBRARY_RAW,LANDING,PORTAL_ARC_ORANGE_COUNTY_OP_0DEA033879,CITY,TEXT,54
LIBRARY_RAW,LANDING,PORTAL_ARC_ORANGE_COUNTY_OP_1A50E60D53,CITY,TEXT,13
LIBRARY_RAW,LANDING,PORTAL_ARC_ORANGE_COUNTY_OP_27452024DB,CITY,TEXT,59
LIBRARY_RAW,LANDING,PORTAL_ARC_ORANGE_COUNTY_OP_2F4310B675,CITY,TEXT,31
LIBRARY_RAW,LANDING,PORTAL_ARC_ORANGE_COUNTY_OP_3A2A7267D1,CITY,TEXT,33
LIBRARY_RAW,LANDING,PORTAL_ARC_ORANGE_COUNTY_OP_41E4E2185F,CITY,TEXT,66
LIBRARY_RAW,LANDING,PORTAL_ARC_ORANGE_COUNTY_OP_43A1FE3FBE,CITY,TEXT,161
LIBRARY_RAW,LANDING,PORTAL_ARC_ORANGE_COUNTY_OP_572F3C6271,CITY,TEXT,10
LIBRARY_RAW,LANDING,PORTAL_ARC_ORANGE_COUNTY_OP_5E4098F260,CITY,TEXT,63
LIBRARY_RAW,LANDING,PORTAL_ARC_ORANGE_COUNTY_OP_62E4574F5E,CITY,TEXT,9
LIBRARY_RAW,LANDING,PORTAL_ARC_ORANGE_COUNTY_OP_644FB9535B,CITY,TEXT,9
LIBRARY_RAW,LANDING,PORTAL_ARC_ORANGE_COUNTY_OP_6BAA47A46B,CITY,TEXT,33
LIBRARY_RAW,LANDING,PORTAL_ARC_ORANGE_COUNTY_OP_75EFFF54D5,CITY,TEXT,59
LIBRARY_RAW,LANDING,PORTAL_ARC_ORANGE_COUNTY_OP_8C9550F9C6,CITY,TEXT,13
LIBRARY_RAW,LANDING,PORTAL_ARC_ORANGE_COUNTY_OP_A69A248695,CITY,TEXT,10
LIBRARY_RAW,LANDING,PORTAL_ARC_ORANGE_COUNTY_OP_BFABCC10A2,CITY,TEXT,72
LIBRARY_RAW,LANDING,PORTAL_ARC_ORANGE_COUNTY_OP_DD64A3F2B8,CITY,TEXT,31
LIBRARY_RAW,LANDING,PORTAL_ARC_ORANGE_COUNTY_OP_EA54EC8366,CITY,TEXT,72
LIBRARY_RAW,LANDING,PORTAL_ARC_TN_DATA_TENNESSE_32A03713CF,CITY,TEXT,2000
LIBRARY_RAW,LANDING,PORTAL_ARC_TN_DATA_TENNESSE_6321C469FE,CITY,TEXT,2000
LIBRARY_RAW,LANDING,PORTAL_ARC_TN_DATA_TENNESSE_655F6BCC6D,TERTIARY_CITY,TEXT,500
LIBRARY_RAW,LANDING,PORTAL_ARC_TN_DATA_TENNESSE_A88FF7D84F,CITY,TEXT,2000
LIBRARY_RAW,LANDING,PORTAL_ARC_TN_DATA_TENNESSE_B3E1127384,CITY,TEXT,2000
LIBRARY_RAW,LANDING,PORTAL_ARC_TUCSON_OPEN_DATA_057C5355E3,CITY,TEXT,2000
LIBRARY_RAW,LANDING,PORTAL_ARC_TUCSON_OPEN_DATA_0697237A35,CITY,TEXT,1958
LIBRARY_RAW,LANDING,PORTAL_ARC_TUCSON_OPEN_DATA_080C2334EE,CITY,TEXT,17
LIBRARY_RAW,LANDING,PORTAL_ARC_TUCSON_OPEN_DATA_0F83B7C628,CITY,TEXT,142
LIBRARY_RAW,LANDING,PORTAL_ARC_TUCSON_OPEN_DATA_1073539FE2,CITY,TEXT,41
LIBRARY_RAW,LANDING,PORTAL_ARC_TUCSON_OPEN_DATA_11050C025B,CITY,TEXT,8
LIBRARY_RAW,LANDING,PORTAL_ARC_TUCSON_OPEN_DATA_14C7AA5CCF,CITY,TEXT,19
LIBRARY_RAW,LANDING,PORTAL_ARC_TUCSON_OPEN_DATA_172A59FDF6,CITY,TEXT,4
LIBRARY_RAW,LANDING,PORTAL_ARC_TUCSON_OPEN_DATA_1E628CD572,CITY,TEXT,71
LIBRARY_RAW,LANDING,PORTAL_ARC_TUCSON_OPEN_DATA_289E71C579,CITY,TEXT,2000
LIBRARY_RAW,LANDING,PORTAL_ARC_TUCSON_OPEN_DATA_28F95EBB76,CITY,TEXT,23
LIBRARY_RAW,LANDING,PORTAL_ARC_TUCSON_OPEN_DATA_328AF9F277,CITY,TEXT,6
LIBRARY_RAW,LANDING,PORTAL_ARC_TUCSON_OPEN_DATA_32A72D9D1D,CITY,TEXT,5
LIBRARY_RAW,LANDING,PORTAL_ARC_TUCSON_OPEN_DATA_3A7E0821D1,CITY,TEXT,61
LIBRARY_RAW,LANDING,PORTAL_ARC_TUCSON_OPEN_DATA_3D7C82E432,CITY,TEXT,2000
LIBRARY_RAW,LANDING,PORTAL_ARC_TUCSON_OPEN_DATA_44F7648869,CITY,TEXT,2000
LIBRARY_RAW,LANDING,PORTAL_ARC_TUCSON_OPEN_DATA_4B31591F91,CITY,TEXT,2000
LIBRARY_RAW,LANDING,PORTAL_ARC_TUCSON_OPEN_DATA_4FB5EA68FC,CITY,TEXT,2000
LIBRARY_RAW,LANDING,PORTAL_ARC_TUCSON_OPEN_DATA_55D5164315,SCHOOLS_CITY,TEXT,60
LIBRARY_RAW,LANDING,PORTAL_ARC_TUCSON_OPEN_DATA_563E6E04A6,CITY,TEXT,339
LIBRARY_RAW,LANDING,PORTAL_ARC_TUCSON_OPEN_DATA_575B865A46,CITY,TEXT,53
LIBRARY_RAW,LANDING,PORTAL_ARC_TUCSON_OPEN_DATA_57DF097E01,CITY,TEXT,74
LIBRARY_RAW,LANDING,PORTAL_ARC_TUCSON_OPEN_DATA_5B985CBFB5,CITY,TEXT,2000
LIBRARY_RAW,LANDING,PORTAL_ARC_TUCSON_OPEN_DATA_5D84AF2604,CITY,TEXT,190
LIBRARY_RAW,LANDING,PORTAL_ARC_TUCSON_OPEN_DATA_63C0193FF1,CITY,TEXT,18
LIBRARY_RAW,LANDING,PORTAL_ARC_TUCSON_OPEN_DATA_65984ADFBA,CITY,TEXT,2000
LIBRARY_RAW,LANDING,PORTAL_ARC_TUCSON_OPEN_DATA_65A6CDEF8F,CITY,TEXT,76
LIBRARY_RAW,LANDING,PORTAL_ARC_TUCSON_OPEN_DATA_664D252729,CITY,TEXT,2000
LIBRARY_RAW,LANDING,PORTAL_ARC_TUCSON_OPEN_DATA_6720A5FF25,CITY,TEXT,5
LIBRARY_RAW,LANDING,PORTAL_ARC_TUCSON_OPEN_DATA_688A84DDBF,CITY,TEXT,2000
LIBRARY_RAW,LANDING,PORTAL_ARC_TUCSON_OPEN_DATA_69487E016F,CITY,TEXT,1031
LIBRARY_RAW,LANDING,PORTAL_ARC_TUCSON_OPEN_DATA_6A79648A77,CITY,TEXT,2000
LIBRARY_RAW,LANDING,PORTAL_ARC_TUCSON_OPEN_DATA_6E966EDC1B,CITY,TEXT,176
LIBRARY_RAW,LANDING,PORTAL_ARC_TUCSON_OPEN_DATA_7044E0923D,CITY,TEXT,13
LIBRARY_RAW,LANDING,PORTAL_ARC_TUCSON_OPEN_DATA_70CEDCB206,CITY,TEXT,2000
LIBRARY_RAW,LANDING,PORTAL_ARC_TUCSON_OPEN_DATA_726A6C58E2,CITY,TEXT,2000
LIBRARY_RAW,LANDING,PORTAL_ARC_TUCSON_OPEN_DATA_726A6C58E2,CITY_ID,TEXT,2000
LIBRARY_RAW,LANDING,PORTAL_ARC_TUCSON_OPEN_DATA_7468CF46DB,CITY,TEXT,6
LIBRARY_RAW,LANDING,PORTAL_ARC_TUCSON_OPEN_DATA_7672DB717A,CITY,TEXT,2000
LIBRARY_RAW,LANDING,PORTAL_ARC_TUCSON_OPEN_DATA_78A99CB261,CITY,TEXT,2000
LIBRARY_RAW,LANDING,PORTAL_ARC_TUCSON_OPEN_DATA_78DF4DC45F,CITY,TEXT,1024
LIBRARY_RAW,LANDING,PORTAL_ARC_TUCSON_OPEN_DATA_7B6232F22D,CITY,TEXT,2000
LIBRARY_RAW,LANDING,PORTAL_ARC_TUCSON_OPEN_DATA_7B93FAAC46,CITY,TEXT,354
LIBRARY_RAW,LANDING,PORTAL_ARC_TUCSON_OPEN_DATA_7E21327FCB,CITY,TEXT,294
LIBRARY_RAW,LANDING,PORTAL_ARC_TUCSON_OPEN_DATA_7F7E374C68,CITY,TEXT,1844
LIBRARY_RAW,LANDING,PORTAL_ARC_TUCSON_OPEN_DATA_80B28FB6D7,CITY,TEXT,21
LIBRARY_RAW,LANDING,PORTAL_ARC_TUCSON_OPEN_DATA_81514E21D3,CITY,TEXT,2000
LIBRARY_RAW,LANDING,PORTAL_ARC_TUCSON_OPEN_DATA_81EB8BA37C,FID_NHA_CITY,TEXT,2000
LIBRARY_RAW,LANDING,PORTAL_ARC_TUCSON_OPEN_DATA_82607FBFC9,CITY,TEXT,2000
LIBRARY_RAW,LANDING,PORTAL_ARC_TUCSON_OPEN_DATA_86A898EF77,CITY,TEXT,1532
LIBRARY_RAW,LANDING,PORTAL_ARC_TUCSON_OPEN_DATA_8896D12631,CITY,TEXT,2000
LIBRARY_RAW,LANDING,PORTAL_ARC_TUCSON_OPEN_DATA_89DF24D316,CITY,TEXT,2000
LIBRARY_RAW,LANDING,PORTAL_ARC_TUCSON_OPEN_DATA_8AAD75BF85,CITY,TEXT,119
LIBRARY_RAW,LANDING,PORTAL_ARC_TUCSON_OPEN_DATA_8AB8EAF3DF,CITY,TEXT,2000
LIBRARY_RAW,LANDING,PORTAL_ARC_TUCSON_OPEN_DATA_8E55E53D8D,CITY,TEXT,2000
LIBRARY_RAW,LANDING,PORTAL_ARC_TUCSON_OPEN_DATA_90C091B01B,CITY,TEXT,2000
LIBRARY_RAW,LANDING,PORTAL_ARC_TUCSON_OPEN_DATA_90CC86DC8C,CITY,TEXT,2000
LIBRARY_RAW,LANDING,PORTAL_ARC_TUCSON_OPEN_DATA_944B32BC37,CITY,TEXT,502
LIBRARY_RAW,LANDING,PORTAL_ARC_TUCSON_OPEN_DATA_95246841CB,CITY,TEXT,189
LIBRARY_RAW,LANDING,PORTAL_ARC_TUCSON_OPEN_DATA_97B5E23500,CITY,TEXT,2000
LIBRARY_RAW,LANDING,PORTAL_ARC_TUCSON_OPEN_DATA_9E24E86B9A,CITY,TEXT,2
LIBRARY_RAW,LANDING,PORTAL_ARC_TUCSON_OPEN_DATA_A0293B412C,CITY,TEXT,144
LIBRARY_RAW,LANDING,PORTAL_ARC_TUCSON_OPEN_DATA_A2044BD114,CITY,TEXT,1889
LIBRARY_RAW,LANDING,PORTAL_ARC_TUCSON_OPEN_DATA_A40FB2876B,CITY,TEXT,2000
LIBRARY_RAW,LANDING,PORTAL_ARC_TUCSON_OPEN_DATA_A54A25CA53,CITY,TEXT,2000
LIBRARY_RAW,LANDING,PORTAL_ARC_TUCSON_OPEN_DATA_A937D836B3,CITY,TEXT,2000
LIBRARY_RAW,LANDING,PORTAL_ARC_TUCSON_OPEN_DATA_A94D7DFBCF,CITY,TEXT,2000
LIBRARY_RAW,LANDING,PORTAL_ARC_TUCSON_OPEN_DATA_AC3B9C03A4,CITY,TEXT,2000
LIBRARY_RAW,LANDING,PORTAL_ARC_TUCSON_OPEN_DATA_AD408FDF6D,CITY,TEXT,2000
LIBRARY_RAW,LANDING,PORTAL_ARC_TUCSON_OPEN_DATA_B44EAD49D6,CITY,TEXT,66
LIBRARY_RAW,LANDING,PORTAL_ARC_TUCSON_OPEN_DATA_B64E31A541,CITY,TEXT,798
LIBRARY_RAW,LANDING,PORTAL_ARC_TUCSON_OPEN_DATA_B77E902275,CITY,TEXT,2000
LIBRARY_RAW,LANDING,PORTAL_ARC_TUCSON_OPEN_DATA_B8BE43CF1C,CITY,TEXT,2000
LIBRARY_RAW,LANDING,PORTAL_ARC_TUCSON_OPEN_DATA_BADE778B92,CITY,TEXT,2000
LIBRARY_RAW,LANDING,PORTAL_ARC_TUCSON_OPEN_DATA_C92A89BB0D,CITY,TEXT,2000
LIBRARY_RAW,LANDING,PORTAL_ARC_TUCSON_OPEN_DATA_CDD4037DF8,CITY,TEXT,2000
LIBRARY_RAW,LANDING,PORTAL_ARC_TUCSON_OPEN_DATA_CDFFE1002A,CITY,TEXT,43
LIBRARY_RAW,LANDING,PORTAL_ARC_TUCSON_OPEN_DATA_CF1942A6CE,CITY,TEXT,2000
LIBRARY_RAW,LANDING,PORTAL_ARC_TUCSON_OPEN_DATA_D4FFB81E01,CITY,TEXT,361
LIBRARY_RAW,LANDING,PORTAL_ARC_TUCSON_OPEN_DATA_DB600D27AE,CITY,TEXT,2000
LIBRARY_RAW,LANDING,PORTAL_ARC_TUCSON_OPEN_DATA_E0EDEA39BE,CITY,TEXT,2
LIBRARY_RAW,LANDING,PORTAL_ARC_TUCSON_OPEN_DATA_E794DDDF28,CITY,TEXT,276
LIBRARY_RAW,LANDING,PORTAL_ARC_TUCSON_OPEN_DATA_E9360F6C40,CITY,TEXT,833
LIBRARY_RAW,LANDING,PORTAL_ARC_TUCSON_OPEN_DATA_EA7ADF4848,CITY,TEXT,23
LIBRARY_RAW,LANDING,PORTAL_ARC_TUCSON_OPEN_DATA_EAB8D87A4D,CITY,TEXT,2000
LIBRARY_RAW,LANDING,PORTAL_ARC_TUCSON_OPEN_DATA_EC706EAD4C,CITY,TEXT,437
LIBRARY_RAW,LANDING,PORTAL_ARC_TUCSON_OPEN_DATA_EE2E5DB309,CITY,TEXT,2000
LIBRARY_RAW,LANDING,PORTAL_ARC_TUCSON_OPEN_DATA_F0203665DD,CITY,TEXT,2
LIBRARY_RAW,LANDING,PORTAL_ARC_TUCSON_OPEN_DATA_F23F6E5C44,CITY,TEXT,645
LIBRARY_RAW,LANDING,PORTAL_ARC_TUCSON_OPEN_DATA_F5DCF594AF,CITY,TEXT,2000
LIBRARY_RAW,LANDING,PORTAL_ARC_TUCSON_OPEN_DATA_F91596293E,CITY,TEXT,36
LIBRARY_RAW,LANDING,PORTAL_ARC_TUCSON_OPEN_DATA_F919285F50,CITY,TEXT,12
LIBRARY_RAW,LANDING,PORTAL_ARC_TUCSON_OPEN_DATA_F9376D5072,CITY,TEXT,2000
LIBRARY_RAW,LANDING,PORTAL_ARC_TUCSON_OPEN_DATA_F970BAADB3,CITY,TEXT,2000
LIBRARY_RAW,LANDING,PORTAL_ARC_TUCSON_OPEN_DATA_FA71372C44,CITY,TEXT,2000
LIBRARY_RAW,LANDING,PORTAL_ARC_VERMONT_OPEN_GEO_9E55D67E2C,TOWN,TEXT,286
LIBRARY_RAW,LANDING,PORTAL_ARC_VERMONT_OPEN_GEO_DE261D6F8C,TOWN,TEXT,286
LIBRARY_RAW,LANDING,PORTAL_ARC_WAKE_COUNTY_OPEN_4B425FD089,CITY,TEXT,2000
LIBRARY_RAW,LANDING,PORTAL_ARC_WAKE_COUNTY_OPEN_4B425FD089,IN_CITY,TEXT,2000
LIBRARY_RAW,LANDING,PORTAL_ARC_WAKE_COUNTY_OPEN_4B425FD089,USER_CITY,TEXT,2000
LIBRARY_RAW,LANDING,PORTAL_ARC_WAKE_COUNTY_OPEN_4B425FD089,USER_CITY__NOT_USED,TEXT,2000
LIBRARY_RAW,LANDING,PORTAL_ARC_WISCONSIN_OPEN_D_022EFD1AE5,CITY,TEXT,2
LIBRARY_RAW,LANDING,PORTAL_ARC_WISCONSIN_OPEN_D_07CF3C3824,CITY,TEXT,2
LIBRARY_RAW,LANDING,PORTAL_ARC_WISCONSIN_OPEN_D_4EBC995C5D,CITY,TEXT,56
LIBRARY_RAW,LANDING,PORTAL_ARC_WISCONSIN_OPEN_D_5206358BDD,CITY,TEXT,604
LIBRARY_RAW,LANDING,PORTAL_ARC_WISCONSIN_OPEN_D_601E691159,CITY,TEXT,1
LIBRARY_RAW,LANDING,PORTAL_ARC_WISCONSIN_OPEN_D_717F8037EB,CITY,TEXT,9
LIBRARY_RAW,LANDING,PORTAL_ARC_WISCONSIN_OPEN_D_B2EFA24715,CITY,TEXT,14
LIBRARY_RAW,LANDING,PORTAL_ARC_WISCONSIN_OPEN_D_CB1509F410,CITY,TEXT,42
LIBRARY_RAW,LANDING,PORTAL_ARC_WISCONSIN_OPEN_D_D05399642C,CITY,TEXT,8
LIBRARY_RAW,LANDING,PORTAL_CKA_ANALYZE_BOSTON_0CCFFFCC26,CITY,TEXT,9951
LIBRARY_RAW,LANDING,PORTAL_CKA_ANALYZE_BOSTON_0CED34C7C1,CITY,TEXT,13
LIBRARY_RAW,LANDING,PORTAL_CKA_ANALYZE_BOSTON_11B21C9100,CITY,TEXT,41
LIBRARY_RAW,LANDING,PORTAL_CKA_ANALYZE_BOSTON_45E7E21495,CITY,TEXT,1
LIBRARY_RAW,LANDING,PORTAL_CKA_ANALYZE_BOSTON_4EDDC3919B,CITY,TEXT,8250
LIBRARY_RAW,LANDING,PORTAL_CKA_ANALYZE_BOSTON_5DD692715C,CITY,TEXT,3302
LIBRARY_RAW,LANDING,PORTAL_CKA_ANALYZE_BOSTON_5EDCDE6490,CITY,TEXT,28
LIBRARY_RAW,LANDING,PORTAL_CKA_ANALYZE_BOSTON_691C77C209,CITY,TEXT,1
LIBRARY_RAW,LANDING,PORTAL_CKA_ANALYZE_BOSTON_79B955775B,PLACE_NAME,TEXT,15
LIBRARY_RAW,LANDING,PORTAL_CKA_ANALYZE_BOSTON_7D75FD803F,CITY,TEXT,134
LIBRARY_RAW,LANDING,PORTAL_CKA_ANALYZE_BOSTON_7F82F529E8,CITY,TEXT,60
LIBRARY_RAW,LANDING,PORTAL_CKA_ANALYZE_BOSTON_80FF6D8E34,CITY,TEXT,1240
LIBRARY_RAW,LANDING,PORTAL_CKA_ANALYZE_BOSTON_8A02CA5E02,CITY_REFERENCE,TEXT,1382
LIBRARY_RAW,LANDING,PORTAL_CKA_ANALYZE_BOSTON_9A0FE05B1B,CITY_OR_STATE_MBE_WBE_CERTIFIED,TEXT,10000
LIBRARY_RAW,LANDING,PORTAL_CKA_ANALYZE_BOSTON_9A0FE05B1B,CITY_SLBE_SBE_CERTIFIED,TEXT,10000
LIBRARY_RAW,LANDING,PORTAL_CKA_ANALYZE_BOSTON_9C8338C5C2,CITY,TEXT,1528
LIBRARY_RAW,LANDING,PORTAL_CKA_ANALYZE_BOSTON_9FE0838E9F,CITY,TEXT,968
LIBRARY_RAW,LANDING,PORTAL_CKA_ANALYZE_BOSTON_9FE0838E9F,CITY_REGISTERED,TEXT,968
LIBRARY_RAW,LANDING,PORTAL_CKA_ANALYZE_BOSTON_A6C2B4684A,TOWN,TEXT,18
LIBRARY_RAW,LANDING,PORTAL_CKA_ANALYZE_BOSTON_A6C2B4684A,TOWN_ID,TEXT,18
LIBRARY_RAW,LANDING,PORTAL_CKA_ANALYZE_BOSTON_A9B7E5C08A,CITY,TEXT,10000
LIBRARY_RAW,LANDING,PORTAL_CKA_ANALYZE_BOSTON_B4C5E99B0A,CITY,TEXT,10000
LIBRARY_RAW,LANDING,PORTAL_CKA_ANALYZE_BOSTON_B4C5E99B0A,MAIL_CITY,TEXT,10000
LIBRARY_RAW,LANDING,PORTAL_CKA_ANALYZE_BOSTON_C1B203DC0A,CITY,TEXT,3631
LIBRARY_RAW,LANDING,PORTAL_CKA_ANALYZE_BOSTON_D5A9AD584E,CITY_COUNCIL_DISTRICT,TEXT,10000
LIBRARY_RAW,LANDING,PORTAL_CKA_ANALYZE_BOSTON_DF0A6DE397,CITY,TEXT,9998
LIBRARY_RAW,LANDING,PORTAL_CKA_ANALYZE_BOSTON_E4C004D662,CITY_COUNCIL_DISTRICT,TEXT,10000
LIBRARY_RAW,LANDING,PORTAL_CKA_ANALYZE_BOSTON_F1B3F76830,CONTACT_CITY,TEXT,9999
LIBRARY_RAW,LANDING,PORTAL_CKA_ANALYZE_BOSTON_F1B3F76830,VIOLATION_CITY,TEXT,9999
LIBRARY_RAW,LANDING,PORTAL_CKA_ANALYZE_BOSTON_F5E467A238,TOWN,TEXT,87
LIBRARY_RAW,LANDING,PORTAL_CKA_ANALYZE_BOSTON_F5E467A238,TOWN_MAIL,TEXT,87
LIBRARY_RAW,LANDING,PORTAL_CKA_CALIFORNIA_OPEN_1424436F0D,CITY_STATE,TEXT,10000
LIBRARY_RAW,LANDING,PORTAL_CKA_CALIFORNIA_OPEN_22F6B7DB0F,RES_CITY,TEXT,1500
LIBRARY_RAW,LANDING,PORTAL_CKA_CALIFORNIA_OPEN_3BA640AA6E,CITY,TEXT,8
LIBRARY_RAW,LANDING,PORTAL_CKA_CALIFORNIA_OPEN_490B55C81B,CITY,TEXT,6160
LIBRARY_RAW,LANDING,PORTAL_CKA_CALIFORNIA_OPEN_5DD35F95D8,CITY,TEXT,5000
LIBRARY_RAW,LANDING,PORTAL_CKA_CALIFORNIA_OPEN_A6FC6EE30B,CITY,TEXT,3040
LIBRARY_RAW,LANDING,PORTAL_CKA_CALIFORNIA_OPEN_A8C3CED685,CITY,TEXT,3500
LIBRARY_RAW,LANDING,PORTAL_CKA_CALIFORNIA_OPEN_B100823F62,FACILITY_CITY,TEXT,2285
LIBRARY_RAW,LANDING,PORTAL_CKA_CALIFORNIA_OPEN_C19A7C8625,CITY_TOWN_MUNICIPALITY,TEXT,4858
LIBRARY_RAW,LANDING,PORTAL_CKA_CALIFORNIA_OPEN_CB7C3747FC,CITY,TEXT,1513
LIBRARY_RAW,LANDING,PORTAL_CKA_CALIFORNIA_OPEN_CC3CA4C413,OFFSITE_CITY,TEXT,9788
LIBRARY_RAW,LANDING,PORTAL_CKA_CALIFORNIA_OPEN_E87D6ED57D,PL_ADDRESS_CITY_NAME,TEXT,3200
LIBRARY_RAW,LANDING,PORTAL_CKA_HOUSTON_OPEN_DAT_702315B033,CITY_NAME,TEXT,1056
LIBRARY_RAW,LANDING,PORTAL_CKA_HOUSTON_OPEN_DAT_932DB3FB0B,CITY,TEXT,174
LIBRARY_RAW,LANDING,PORTAL_CKA_HOUSTON_OPEN_DAT_A4490182BA,CITY,TEXT,10000
LIBRARY_RAW,LANDING,PORTAL_CKA_HOUSTON_OPEN_DAT_F10142914F,CITY,TEXT,9999
LIBRARY_RAW,LANDING,PORTAL_CKA_INDIANA_DATA_HUB_66A945CF17,PROVIDER_ADDRESS_CITY,TEXT,5000
LIBRARY_RAW,LANDING,PORTAL_CKA_INDIANA_DATA_HUB_78F3E49D13,SCHOOL_CITY,TEXT,4730
LIBRARY_RAW,LANDING,PORTAL_CKA_INDIANA_DATA_HUB_BA1B037C9E,LOCATION_CITY,TEXT,26
LIBRARY_RAW,LANDING,PORTAL_CKA_ISRAEL_NATIONAL_0010F646F4,CITY,TEXT,596
LIBRARY_RAW,LANDING,PORTAL_CKA_ISRAEL_NATIONAL_03D9D0D534,CITY,TEXT,1439
LIBRARY_RAW,LANDING,PORTAL_CKA_ISRAEL_NATIONAL_12FC0D7B44,CITY,TEXT,1174
LIBRARY_RAW,LANDING,PORTAL_CKA_ISRAEL_NATIONAL_148FDFE63D,CITY,TEXT,45
LIBRARY_RAW,LANDING,PORTAL_CKA_ISRAEL_NATIONAL_148FDFE63D,CITY_CODE,TEXT,45
LIBRARY_RAW,LANDING,PORTAL_CKA_ISRAEL_NATIONAL_32CF786F4C,MUNICIPALITY_ID,TEXT,7534
LIBRARY_RAW,LANDING,PORTAL_CKA_ISRAEL_NATIONAL_32CF786F4C,MUNICIPALITY_NAME,TEXT,7534
LIBRARY_RAW,LANDING,PORTAL_CKA_ISRAEL_NATIONAL_33BAA6B58A,CITY,TEXT,17
LIBRARY_RAW,LANDING,PORTAL_CKA_ISRAEL_NATIONAL_37143E478A,CITY,TEXT,648
LIBRARY_RAW,LANDING,PORTAL_CKA_ISRAEL_NATIONAL_4145FF0883,TOWN,TEXT,7877
LIBRARY_RAW,LANDING,PORTAL_CKA_ISRAEL_NATIONAL_50096DDB0E,CITY_NAME,TEXT,10000
LIBRARY_RAW,LANDING,PORTAL_CKA_ISRAEL_NATIONAL_52AD02EBE0,CITY,TEXT,1
LIBRARY_RAW,LANDING,PORTAL_CKA_ISRAEL_NATIONAL_612D5C06C4,DATASOURCE_CITY_NAME,TEXT,9631
LIBRARY_RAW,LANDING,PORTAL_CKA_ISRAEL_NATIONAL_612D5C06C4,TOWN,TEXT,9631
LIBRARY_RAW,LANDING,PORTAL_CKA_ISRAEL_NATIONAL_6272F09A75,CITY,TEXT,17
LIBRARY_RAW,LANDING,PORTAL_CKA_ISRAEL_NATIONAL_6A3DEC66CA,CITY,TEXT,4812
LIBRARY_RAW,LANDING,PORTAL_CKA_ISRAEL_NATIONAL_6A3DEC66CA,CITY_NUMBER,TEXT,4812
LIBRARY_RAW,LANDING,PORTAL_CKA_ISRAEL_NATIONAL_6FA4DE9040,CITY,TEXT,2637
LIBRARY_RAW,LANDING,PORTAL_CKA_ISRAEL_NATIONAL_87E3C2014F,CITY,TEXT,1393
LIBRARY_RAW,LANDING,PORTAL_CKA_ISRAEL_NATIONAL_936E1A0BA2,CITY,TEXT,223
LIBRARY_RAW,LANDING,PORTAL_CKA_ISRAEL_NATIONAL_936E1A0BA2,CITY_CODE,TEXT,223
LIBRARY_RAW,LANDING,PORTAL_CKA_ISRAEL_NATIONAL_94CE459E75,CITY,TEXT,16
LIBRARY_RAW,LANDING,PORTAL_CKA_ISRAEL_NATIONAL_B37BA647D0,CITY_NAME,TEXT,9000
LIBRARY_RAW,LANDING,PORTAL_CKA_ISRAEL_NATIONAL_C05E5881A0,CITY,TEXT,25
LIBRARY_RAW,LANDING,PORTAL_CKA_ISRAEL_NATIONAL_C596979F55,CITY,TEXT,231
LIBRARY_RAW,LANDING,PORTAL_CKA_ISRAEL_NATIONAL_CB289C316E,CITY_CODE,TEXT,10000
LIBRARY_RAW,LANDING,PORTAL_CKA_ISRAEL_NATIONAL_CB289C316E,CITY_NAME,TEXT,10000
LIBRARY_RAW,LANDING,PORTAL_CKA_ISRAEL_NATIONAL_D4F3080D38,MTA_LAST_CITY,TEXT,316
LIBRARY_RAW,LANDING,PORTAL_CKA_ISRAEL_NATIONAL_DA3CA6DB5D,CITY_NAME,TEXT,10000
LIBRARY_RAW,LANDING,PORTAL_CKA_ISRAEL_NATIONAL_DE246C30F5,CITY,TEXT,52
LIBRARY_RAW,LANDING,PORTAL_CKA_ISRAEL_NATIONAL_E2DD642689,CITY,TEXT,1059
LIBRARY_RAW,LANDING,PORTAL_CKA_ISRAEL_NATIONAL_ED3DF4543B,CITY,TEXT,3019
LIBRARY_RAW,LANDING,PORTAL_CKA_ISRAEL_NATIONAL_F1419D1386,CITY,TEXT,5065
LIBRARY_RAW,LANDING,PORTAL_CKA_ISRAEL_NATIONAL_F758E5D16E,CITY,TEXT,368
LIBRARY_RAW,LANDING,PORTAL_CKA_OKLAHOMA_OPEN_DA_082D7A8847,CITY,TEXT,2220
LIBRARY_RAW,LANDING,PORTAL_CKA_OKLAHOMA_OPEN_DA_4DA0B9CF8C,CITY,TEXT,189
LIBRARY_RAW,LANDING,PORTAL_CKA_OKLAHOMA_OPEN_DA_62289BD012,CITY,TEXT,8580
LIBRARY_RAW,LANDING,PORTAL_CKA_OKLAHOMA_OPEN_DA_7267B4BC2F,CITY,TEXT,7213
LIBRARY_RAW,LANDING,PORTAL_CKA_OKLAHOMA_OPEN_DA_A90B591B09,CITY,TEXT,1652
LIBRARY_RAW,LANDING,PORTAL_CKA_OKLAHOMA_OPEN_DA_B1C8714A03,CITY,TEXT,2901
LIBRARY_RAW,LANDING,PORTAL_CKA_OKLAHOMA_OPEN_DA_C96BA4E090,CITY,TEXT,1178
LIBRARY_RAW,LANDING,PORTAL_CKA_OKLAHOMA_OPEN_DA_DD9095A39B,CITY,TEXT,10000
LIBRARY_RAW,LANDING,PORTAL_CKA_OPEN_DATA_SA_33003C2E61,CITY,TEXT,48
LIBRARY_RAW,LANDING,PORTAL_CKA_OPEN_DATA_SA_5B3CE659E5,CITY,TEXT,108
LIBRARY_RAW,LANDING,PORTAL_CKA_OPEN_DATA_SA_E846782F2C,CITY,TEXT,133
LIBRARY_RAW,LANDING,PORTAL_CKA_OPEN_DATA_SA_E846782F2C,SAN_ANTONIO_CITY_LIMITS,TEXT,133
LIBRARY_RAW,LANDING,PORTAL_CKA_SAN_JOSE_OPEN_DA_395812E4D0,MEDICAL_DENTAL_VISION_CITY_PAID,TEXT,7404
LIBRARY_RAW,LANDING,PORTAL_CKA_SAN_JOSE_OPEN_DA_399CADBC5E,CITY,TEXT,10000
LIBRARY_RAW,LANDING,PORTAL_CKA_SAN_JOSE_OPEN_DA_B701CDA393,CITY,TEXT,42
LIBRARY_RAW,LANDING,PORTAL_CKA_VIRGINIA_OPEN_DA_039AACD655,CITY,TEXT,10000
LIBRARY_RAW,LANDING,PORTAL_CKA_VIRGINIA_OPEN_DA_1D39BDEC50,FAC_CITY,TEXT,10000
LIBRARY_RAW,LANDING,PORTAL_CKA_VIRGINIA_OPEN_DA_3E67A117FB,LOCALITY,TEXT,9507
LIBRARY_RAW,LANDING,PORTAL_CKA_VIRGINIA_OPEN_DA_4E05A500E2,LOCALITY_NAME,TEXT,1882
LIBRARY_RAW,LANDING,PORTAL_CKA_VIRGINIA_OPEN_DA_651C0C423A,CITY,TEXT,449
LIBRARY_RAW,LANDING,PORTAL_CKA_VIRGINIA_OPEN_DA_68AFE3AE03,LOCALITY_NAME,TEXT,7759
LIBRARY_RAW,LANDING,PORTAL_CKA_VIRGINIA_OPEN_DA_6973FD2BA7,CITY,TEXT,6
LIBRARY_RAW,LANDING,PORTAL_CKA_VIRGINIA_OPEN_DA_77706D86DA,SWC_LOC_CITY,TEXT,10000
LIBRARY_RAW,LANDING,PORTAL_CKA_VIRGINIA_OPEN_DA_77706D86DA,SWC_OPE_CITY,TEXT,10000
LIBRARY_RAW,LANDING,PORTAL_CKA_VIRGINIA_OPEN_DA_77706D86DA,SWC_TERM_FAC_CITY,TEXT,10000
LIBRARY_RAW,LANDING,PORTAL_CKA_VIRGINIA_OPEN_DA_8A70DE2FB1,CITY_STATE_ZIP,TEXT,10000
LIBRARY_RAW,LANDING,PORTAL_CKA_VIRGINIA_OPEN_DA_9EB4920327,LOCALITY_APPROVAL_DATE,TEXT,72
LIBRARY_RAW,LANDING,PORTAL_CKA_VIRGINIA_OPEN_DA_A7663008D7,LOCALITY_APPROVAL_DATE,TEXT,1945
LIBRARY_RAW,LANDING,PORTAL_CKA_VIRGINIA_OPEN_DA_AC3869EE0E,CITY,TEXT,10000
LIBRARY_RAW,LANDING,PORTAL_CKA_VIRGINIA_OPEN_DA_AC3869EE0E,P_CITY,TEXT,10000
LIBRARY_RAW,LANDING,PORTAL_CKA_VIRGINIA_OPEN_DA_B3A21C711B,LOCALITY_APPROVAL_DATE,TEXT,616
LIBRARY_RAW,LANDING,PORTAL_CKA_VIRGINIA_OPEN_DA_CBC7FE8B75,INCIDENT_LOCALITY,TEXT,10000
LIBRARY_RAW,LANDING,PORTAL_CKA_VIRGINIA_OPEN_DA_D5D649203D,CITY,TEXT,10000
LIBRARY_RAW,LANDING,PORTAL_CKA_VIRGINIA_OPEN_DA_E4498C978C,PRP_SITE_CITY,TEXT,1500
LIBRARY_RAW,LANDING,PORTAL_CKA_WESTERN_PENNSYLV_00FF03B195,MUNICIPALITY,TEXT,37
LIBRARY_RAW,LANDING,PORTAL_CKA_WESTERN_PENNSYLV_070A16004D,CITY,TEXT,410
LIBRARY_RAW,LANDING,PORTAL_CKA_WESTERN_PENNSYLV_0AF7431C6C,CITY_NAME,TEXT,10000
LIBRARY_RAW,LANDING,PORTAL_CKA_WESTERN_PENNSYLV_2350D74335,CITY,TEXT,46
LIBRARY_RAW,LANDING,PORTAL_CKA_WESTERN_PENNSYLV_26625D455C,CITY,TEXT,49
LIBRARY_RAW,LANDING,PORTAL_CKA_WESTERN_PENNSYLV_26625D455C,MANAGED_BY_CITY,TEXT,49
LIBRARY_RAW,LANDING,PORTAL_CKA_WESTERN_PENNSYLV_2AA69E6971,CITY,TEXT,253
LIBRARY_RAW,LANDING,PORTAL_CKA_WESTERN_PENNSYLV_321A6575F3,CITY,TEXT,10
LIBRARY_RAW,LANDING,PORTAL_CKA_WESTERN_PENNSYLV_4A48DEDEFA,MUNICIPALITY,TEXT,749
LIBRARY_RAW,LANDING,PORTAL_CKA_WESTERN_PENNSYLV_4FC22C2C30,CITY,TEXT,427
LIBRARY_RAW,LANDING,PORTAL_CKA_WESTERN_PENNSYLV_6A4C3E0E78,FACILITY_CITY,TEXT,1000
LIBRARY_RAW,LANDING,PORTAL_CKA_WESTERN_PENNSYLV_6A4C3E0E78,FACILITY_MUNICIPALITY_NAME,TEXT,1000
LIBRARY_RAW,LANDING,PORTAL_CKA_WESTERN_PENNSYLV_6EA0259598,MUNICIPALITY,TEXT,307
LIBRARY_RAW,LANDING,PORTAL_CKA_WESTERN_PENNSYLV_7BFB1A4C7D,CITY,TEXT,70
LIBRARY_RAW,LANDING,PORTAL_CKA_WESTERN_PENNSYLV_A58CF00A10,CITY,TEXT,54
LIBRARY_RAW,LANDING,PORTAL_CKA_WESTERN_PENNSYLV_ABEFC58C3E,MUNICIPALITY,TEXT,563
LIBRARY_RAW,LANDING,PORTAL_CKA_WESTERN_PENNSYLV_AD0D8250DF,BILLING_CITY,TEXT,10000
LIBRARY_RAW,LANDING,PORTAL_CKA_WESTERN_PENNSYLV_B25E480DFC,CITY,TEXT,10000
LIBRARY_RAW,LANDING,PORTAL_CKA_WESTERN_PENNSYLV_B25E480DFC,MUNICIPALITY,TEXT,10000
LIBRARY_RAW,LANDING,PORTAL_CKA_WESTERN_PENNSYLV_B26184ED51,CITY,TEXT,602
LIBRARY_RAW,LANDING,PORTAL_CKA_WESTERN_PENNSYLV_C0A2A6745A,MUNICIPALITY,TEXT,10000
LIBRARY_RAW,LANDING,PORTAL_CKA_WESTERN_PENNSYLV_C458F119B1,CITY_TAX_DUE,TEXT,48
LIBRARY_RAW,LANDING,PORTAL_CKA_WESTERN_PENNSYLV_D078E6F18C,USER_CITY,TEXT,1327
LIBRARY_RAW,LANDING,PORTAL_CKA_WESTERN_PENNSYLV_D078E6F18C,USER_MUNICIPALITY,TEXT,1327
LIBRARY_RAW,LANDING,PORTAL_CKA_WESTERN_PENNSYLV_D654695651,CITY,TEXT,6630
LIBRARY_RAW,LANDING,PORTAL_CKA_WESTERN_PENNSYLV_D7DA51769C,MUNICIPALITY,TEXT,10000
LIBRARY_RAW,LANDING,PORTAL_CKA_WESTERN_PENNSYLV_DDB61776D0,CITY,TEXT,10000
LIBRARY_RAW,LANDING,PORTAL_CKA_WESTERN_PENNSYLV_F6A018A1CB,CITY,TEXT,8629
LIBRARY_RAW,LANDING,PORTAL_CKA_WESTERN_PENNSYLV_F810ADDEEC,MUNICIPALITY,TEXT,6461
LIBRARY_RAW,LANDING,PORTAL_CKA_WESTERN_PENNSYLV_F9C1429AB4,LOCATION_CITY,TEXT,306
LIBRARY_RAW,LANDING,PORTAL_CKA_WESTERN_PENNSYLV_FBECF42E16,ARC_CITY,TEXT,91
LIBRARY_RAW,LANDING,PORTAL_CKA_WESTERN_PENNSYLV_FD81B4FB82,CITY,TEXT,1194
LIBRARY_RAW,LANDING,PORTAL_CKA_WPRDC_ALLEGHENY_12C9244C06,CITY,TEXT,410
LIBRARY_RAW,LANDING,PORTAL_CKA_WPRDC_ALLEGHENY_1D9621E88D,CITY,TEXT,46
LIBRARY_RAW,LANDING,PORTAL_CKA_WPRDC_ALLEGHENY_29D102482D,USER_CITY,TEXT,1327
LIBRARY_RAW,LANDING,PORTAL_CKA_WPRDC_ALLEGHENY_29D102482D,USER_MUNICIPALITY,TEXT,1327
LIBRARY_RAW,LANDING,PORTAL_CKA_WPRDC_ALLEGHENY_2D99F866D7,CITY,TEXT,602
LIBRARY_RAW,LANDING,PORTAL_CKA_WPRDC_ALLEGHENY_31D26600C9,MUNICIPALITY,TEXT,10000
LIBRARY_RAW,LANDING,PORTAL_CKA_WPRDC_ALLEGHENY_3CED3B9382,CITY_TAX_DUE,TEXT,48
LIBRARY_RAW,LANDING,PORTAL_CKA_WPRDC_ALLEGHENY_49ED6437BF,CITY,TEXT,10000
LIBRARY_RAW,LANDING,PORTAL_CKA_WPRDC_ALLEGHENY_508C030BD9,CITY,TEXT,1194
LIBRARY_RAW,LANDING,PORTAL_CKA_WPRDC_ALLEGHENY_5163016C30,LOCATION_CITY,TEXT,306
LIBRARY_RAW,LANDING,PORTAL_CKA_WPRDC_ALLEGHENY_692C217FC7,MUNICIPALITY,TEXT,6461
LIBRARY_RAW,LANDING,PORTAL_CKA_WPRDC_ALLEGHENY_694F40A849,CITY,TEXT,10
LIBRARY_RAW,LANDING,PORTAL_CKA_WPRDC_ALLEGHENY_7583EABD41,MUNICIPALITY,TEXT,749
LIBRARY_RAW,LANDING,PORTAL_CKA_WPRDC_ALLEGHENY_7B65AE0CFF,CITY,TEXT,8629
LIBRARY_RAW,LANDING,PORTAL_CKA_WPRDC_ALLEGHENY_8DDE33B4BE,CITY,TEXT,253
LIBRARY_RAW,LANDING,PORTAL_CKA_WPRDC_ALLEGHENY_98B94025AC,CITY,TEXT,6630
LIBRARY_RAW,LANDING,PORTAL_CKA_WPRDC_ALLEGHENY_A859816F95,MUNICIPALITY,TEXT,307
LIBRARY_RAW,LANDING,PORTAL_CKA_WPRDC_ALLEGHENY_B20A13551F,ARC_CITY,TEXT,91
LIBRARY_RAW,LANDING,PORTAL_CKA_WPRDC_ALLEGHENY_B78655DE4F,CITY,TEXT,70
LIBRARY_RAW,LANDING,PORTAL_CKA_WPRDC_ALLEGHENY_B9904B63C2,CITY,TEXT,10000
LIBRARY_RAW,LANDING,PORTAL_CKA_WPRDC_ALLEGHENY_B9904B63C2,MUNICIPALITY,TEXT,10000
LIBRARY_RAW,LANDING,PORTAL_CKA_WPRDC_ALLEGHENY_BB0184F847,CITY,TEXT,427
LIBRARY_RAW,LANDING,PORTAL_CKA_WPRDC_ALLEGHENY_BB1BD78412,BILLING_CITY,TEXT,10000
LIBRARY_RAW,LANDING,PORTAL_CKA_WPRDC_ALLEGHENY_C12AC76E17,CITY,TEXT,54
LIBRARY_RAW,LANDING,PORTAL_CKA_WPRDC_ALLEGHENY_CC9BA8BED2,CITY,TEXT,49
LIBRARY_RAW,LANDING,PORTAL_CKA_WPRDC_ALLEGHENY_CC9BA8BED2,MANAGED_BY_CITY,TEXT,49
LIBRARY_RAW,LANDING,PORTAL_CKA_WPRDC_ALLEGHENY_CDA9E537DC,MUNICIPALITY,TEXT,10000
LIBRARY_RAW,LANDING,PORTAL_CKA_WPRDC_ALLEGHENY_DA448E7083,FACILITY_CITY,TEXT,1000
LIBRARY_RAW,LANDING,PORTAL_CKA_WPRDC_ALLEGHENY_DA448E7083,FACILITY_MUNICIPALITY_NAME,TEXT,1000
LIBRARY_RAW,LANDING,PORTAL_CKA_WPRDC_ALLEGHENY_DE448D04D4,CITY_NAME,TEXT,10000
LIBRARY_RAW,LANDING,PORTAL_CKA_WPRDC_ALLEGHENY_F727AC582E,MUNICIPALITY,TEXT,563
LIBRARY_RAW,LANDING,PORTAL_CKA_WPRDC_ALLEGHENY_FA5CD1DACF,MUNICIPALITY,TEXT,37
LIBRARY_RAW,LANDING,PORTAL_SOC_CAMBRIDGE_OPEN_D_8A1152140C,APPLICATION_STAMPED_BY_CITY_CLERK,TEXT,749
LIBRARY_RAW,LANDING,PORTAL_SOC_CAMBRIDGE_OPEN_D_8A1152140C,DECISION_STAMPED_BY_CITY_CLERK,TEXT,749
LIBRARY_RAW,LANDING,PORTAL_SOC_CAMBRIDGE_OPEN_D_8A1152140C,PETITIONER_CITY,TEXT,749
LIBRARY_RAW,LANDING,PORTAL_SOC_CHICAGO_DATA_POR_1CA267A903,CITY,TEXT,2000
LIBRARY_RAW,LANDING,PORTAL_SOC_CHICAGO_DATA_POR_FC19B9A2BE,CITY,TEXT,672
LIBRARY_RAW,LANDING,PORTAL_SOC_COLORADO_INFORMA_0637BE3AAC,CITY,TEXT,2000
LIBRARY_RAW,LANDING,PORTAL_SOC_COLORADO_INFORMA_46101BE391,CITY,TEXT,2000
LIBRARY_RAW,LANDING,PORTAL_SOC_COLORADO_INFORMA_4844CA967D,CITY,TEXT,36
LIBRARY_RAW,LANDING,PORTAL_SOC_COLORADO_INFORMA_4BAD70F01F,CITY,TEXT,2456
LIBRARY_RAW,LANDING,PORTAL_SOC_COLORADO_INFORMA_9A760AEFAA,CITY,TEXT,732
LIBRARY_RAW,LANDING,PORTAL_SOC_CONNECTICUT_OPEN_1CD7311280,TOWN,TEXT,1606
LIBRARY_RAW,LANDING,PORTAL_SOC_CONNECTICUT_OPEN_421E7F6A7E,MUNICIPALITY,TEXT,2000
LIBRARY_RAW,LANDING,PORTAL_SOC_CONNECTICUT_OPEN_6BE2302812,CITY,TEXT,5000
LIBRARY_RAW,LANDING,PORTAL_SOC_CONNECTICUT_OPEN_6CDD9E3A6E,MUNICIPALITY,TEXT,2000
LIBRARY_RAW,LANDING,PORTAL_SOC_CONNECTICUT_OPEN_6CDD9E3A6E,TOWN_CODE,TEXT,2000
LIBRARY_RAW,LANDING,PORTAL_SOC_CONNECTICUT_OPEN_95AC60CEE1,TOWN,TEXT,1999
LIBRARY_RAW,LANDING,PORTAL_SOC_CONNECTICUT_OPEN_9A34CD28AE,CITY,TEXT,2000
LIBRARY_RAW,LANDING,PORTAL_SOC_CONNECTICUT_OPEN_AEB46F6C94,C_6_CITY,TEXT,2000
LIBRARY_RAW,LANDING,PORTAL_SOC_CONNECTICUT_OPEN_BD88772B17,HOST_CITY,TEXT,1367
LIBRARY_RAW,LANDING,PORTAL_SOC_CONNECTICUT_OPEN_DEA6C4224A,MUNICIPALITY,TEXT,4
LIBRARY_RAW,LANDING,PORTAL_SOC_CONNECTICUT_OPEN_FF2B86A533,MUNICIPALITY,TEXT,2000
LIBRARY_RAW,LANDING,PORTAL_SOC_DATALA_LOS_ANGEL_361B8161B7,CITY,TEXT,2000
LIBRARY_RAW,LANDING,PORTAL_SOC_DATALA_LOS_ANGEL_361B8161B7,MAILING_CITY,TEXT,2000
LIBRARY_RAW,LANDING,PORTAL_SOC_DATALA_LOS_ANGEL_DC3670AFE1,CITY,TEXT,2000
LIBRARY_RAW,LANDING,PORTAL_SOC_DATALA_LOS_ANGEL_DC3670AFE1,MAILING_CITY,TEXT,2000
LIBRARY_RAW,LANDING,PORTAL_SOC_DELAWARE_OPEN_DA_98A9EE0BC7,PRIMARY_CONTACT_CITY,TEXT,1025
LIBRARY_RAW,LANDING,PORTAL_SOC_DELAWARE_OPEN_DA_9E200409C5,FAC_CITY,TEXT,1858
LIBRARY_RAW,LANDING,PORTAL_SOC_MARYLAND_OPEN_DA_1B2CC0ADB9,FACILITY_CITY,TEXT,64
LIBRARY_RAW,LANDING,PORTAL_SOC_MARYLAND_OPEN_DA_7CE817C5CE,FACILITY_CITY,TEXT,64
LIBRARY_RAW,LANDING,PORTAL_SOC_MARYLAND_OPEN_DA_BAA13FC4EC,CITY,TEXT,1997
LIBRARY_RAW,LANDING,PORTAL_SOC_NEW_YORK_STATE_O_0C94DD2B8A,CITY_OF_FACILITY,TEXT,1999
LIBRARY_RAW,LANDING,PORTAL_SOC_NEW_YORK_STATE_O_153DF2DB81,FACILITY_CITY,TEXT,1996
LIBRARY_RAW,LANDING,PORTAL_SOC_NEW_YORK_STATE_O_C08EFA40C8,MUNICIPALITY,TEXT,2000
LIBRARY_RAW,LANDING,PORTAL_SOC_NJ_OPEN_DATA_CEN_A0D94510CA,CITY,TEXT,2000
LIBRARY_RAW,LANDING,PORTAL_SOC_OPEN_DATA_BR_21BB19A94A,CITY,TEXT,2000
LIBRARY_RAW,LANDING,PORTAL_SOC_OPEN_DATA_BR_6083BC2934,CITY,TEXT,2000
LIBRARY_RAW,LANDING,PORTAL_SOC_OPEN_DATA_BR_B141E1C0F8,CITY,TEXT,1999
LIBRARY_RAW,LANDING,PORTAL_SOC_OPEN_DATA_BR_C110D5CF59,CITY,TEXT,1468
LIBRARY_RAW,LANDING,PORTAL_SOC_OPEN_DATA_BR_C110D5CF59,PLACE_NAME,TEXT,1468
LIBRARY_RAW,LANDING,PORTAL_SOC_OPEN_DATA_BR_FC0D2DAA2B,CITY,TEXT,1999
LIBRARY_RAW,LANDING,PORTAL_SOC_OREGON_OPEN_DATA_072D0C4A94,EMPLOYER_CITY,TEXT,2000
LIBRARY_RAW,LANDING,PORTAL_SOC_OREGON_OPEN_DATA_DC4AEE7DB0,MAIL_CITY,TEXT,2000
LIBRARY_RAW,LANDING,PORTAL_SOC_OREGON_OPEN_DATA_DC4AEE7DB0,PPB_CITY,TEXT,2000
LIBRARY_RAW,LANDING,PORTAL_SOC_PA_OPEN_DATA_POR_5A9F04BB9C,CITY,TEXT,1712
LIBRARY_RAW,LANDING,PORTAL_SOC_PA_OPEN_DATA_POR_5A9F04BB9C,CONTACT_CITY,TEXT,1712
LIBRARY_RAW,LANDING,PORTAL_SOC_PA_OPEN_DATA_POR_5A9F04BB9C,LOCATION_CITY,TEXT,1712
LIBRARY_RAW,LANDING,PORTAL_SOC_PA_OPEN_DATA_POR_5A9F04BB9C,MAIL_CITY,TEXT,1712
LIBRARY_RAW,LANDING,PORTAL_SOC_PA_OPEN_DATA_POR_CD66682741,CITY,TEXT,2000
LIBRARY_RAW,LANDING,PORTAL_SOC_SEATTLE_OPEN_DAT_C8F2072189,CITY,TEXT,2000
LIBRARY_RAW,LANDING,PORTAL_SOC_SEATTLE_OPEN_DAT_C8F2072189,CITY_ACCOUNT_NUMBER,TEXT,2000
LIBRARY_RAW,LANDING,PORTAL_SOC_SF_OPENDATA_DATA_79618299A6,CITY,TEXT,2000
LIBRARY_RAW,LANDING,PORTAL_SOC_SF_OPENDATA_DATA_79618299A6,MAIL_CITY,TEXT,2000
LIBRARY_RAW,LANDING,PORTAL_SOC_SF_OPENDATA_DATA_C19EE9EB44,CITY,TEXT,157
LIBRARY_RAW,LANDING,PORTAL_SOC_TEXAS_OPEN_DATA_0F8F4663C8,CITY,TEXT,1009
LIBRARY_RAW,LANDING,PORTAL_SOC_TEXAS_OPEN_DATA_28E2F49084,CITY,TEXT,2000
LIBRARY_RAW,LANDING,PORTAL_SOC_TEXAS_OPEN_DATA_354E3ABF4F,SITE_CITY_NAME,TEXT,2000
LIBRARY_RAW,LANDING,PORTAL_SOC_TEXAS_OPEN_DATA_4D3A5EED0F,LOC_CITY,TEXT,2000
LIBRARY_RAW,LANDING,PORTAL_SOC_TEXAS_OPEN_DATA_4D3A5EED0F,LOC_CITY_ANNEX,TEXT,2000
LIBRARY_RAW,LANDING,PORTAL_SOC_TEXAS_OPEN_DATA_5410A1009F,OUTLET_CITY,TEXT,2000
LIBRARY_RAW,LANDING,PORTAL_SOC_TEXAS_OPEN_DATA_5410A1009F,OUTLET_INSIDE_OUTSIDE_CITY_LIMITS_INDICATOR,TEXT,2000
LIBRARY_RAW,LANDING,PORTAL_SOC_TEXAS_OPEN_DATA_5410A1009F,TAXPAYER_CITY,TEXT,2000
LIBRARY_RAW,LANDING,PORTAL_SOC_TEXAS_OPEN_DATA_6F798A64FA,CITY,TEXT,2000
LIBRARY_RAW,LANDING,PORTAL_SOC_TEXAS_OPEN_DATA_A124DC2A11,DISTRICT_CITY,TEXT,2000
LIBRARY_RAW,LANDING,PORTAL_SOC_TEXAS_OPEN_DATA_A124DC2A11,SCHOOL_CITY,TEXT,2000
LIBRARY_RAW,LANDING,PORTAL_SOC_TEXAS_OPEN_DATA_A415622C5D,CITY_TAID,TEXT,2000
LIBRARY_RAW,LANDING,PORTAL_SOC_TEXAS_OPEN_DATA_A415622C5D,JURIS_CITY,TEXT,2000
LIBRARY_RAW,LANDING,PORTAL_SOC_TEXAS_OPEN_DATA_A415622C5D,LOC_CITY,TEXT,2000
LIBRARY_RAW,LANDING,PORTAL_SOC_TEXAS_OPEN_DATA_A415622C5D,TP_CITY,TEXT,2000
LIBRARY_RAW,LANDING,PORTAL_SOC_TEXAS_OPEN_DATA_B4FDC1DC58,CITY,TEXT,2000
LIBRARY_RAW,LANDING,PORTAL_SOC_TEXAS_OPEN_DATA_DA657010B1,LOC_CITY,TEXT,2000
LIBRARY_RAW,LANDING,PORTAL_SOC_TEXAS_OPEN_DATA_DA657010B1,LOC_CITY_ANNEX,TEXT,2000
LIBRARY_RAW,LANDING,PORTAL_SOC_TEXAS_OPEN_DATA_EADC02D661,INSURED_EMPLOYER_CITY,TEXT,1990
LIBRARY_RAW,LANDING,PORTAL_SOC_TEXAS_OPEN_DATA_F525266F32,CITY,TEXT,474
LIBRARY_RAW,LANDING,PORTAL_SOC_UTAH_OPEN_DATA_P_0844D0BD12,CITY,TEXT,2000
LIBRARY_RAW,LANDING,PORTAL_SOC_UTAH_OPEN_DATA_P_103F7D641F,RECIPIENT_CITY_CODE,TEXT,2000
LIBRARY_RAW,LANDING,PORTAL_SOC_UTAH_OPEN_DATA_P_103F7D641F,RECIPIENT_CITY_NAME,TEXT,2000
LIBRARY_RAW,LANDING,PORTAL_SOC_UTAH_OPEN_DATA_P_124AD2A7E9,CITY,TEXT,4995
LIBRARY_RAW,LANDING,PORTAL_SOC_UTAH_OPEN_DATA_P_1614522F52,CITY,TEXT,575
LIBRARY_RAW,LANDING,PORTAL_SOC_UTAH_OPEN_DATA_P_17CB6B615F,CITY,TEXT,5000
LIBRARY_RAW,LANDING,PORTAL_SOC_UTAH_OPEN_DATA_P_267ABEE380,CITY,TEXT,1139
LIBRARY_RAW,LANDING,PORTAL_SOC_UTAH_OPEN_DATA_P_327D0E821D,CITY,TEXT,2000
LIBRARY_RAW,LANDING,PORTAL_SOC_UTAH_OPEN_DATA_P_4AD0B626C8,CITY,TEXT,5000
LIBRARY_RAW,LANDING,PORTAL_SOC_UTAH_OPEN_DATA_P_4EBA247771,PROVIDER_CITY_NAME,TEXT,2000
LIBRARY_RAW,LANDING,PORTAL_SOC_UTAH_OPEN_DATA_P_589CC47A29,CITY,TEXT,4432
LIBRARY_RAW,LANDING,PORTAL_SOC_UTAH_OPEN_DATA_P_59E244E1CC,CITY,TEXT,4998
LIBRARY_RAW,LANDING,PORTAL_SOC_UTAH_OPEN_DATA_P_5EF68422FF,CITY_LOCAL_GOVERNMENT,TEXT,2000
LIBRARY_RAW,LANDING,PORTAL_SOC_UTAH_OPEN_DATA_P_5EF68422FF,MUNICIPALITY_LOCAL_GOVERNMENT,TEXT,2000
LIBRARY_RAW,LANDING,PORTAL_SOC_UTAH_OPEN_DATA_P_5EF68422FF,RECIPIENT_CITY_NAME,TEXT,2000
LIBRARY_RAW,LANDING,PORTAL_SOC_UTAH_OPEN_DATA_P_62BB6C079E,REFERRING_PROVIDER_CITY,TEXT,2000
LIBRARY_RAW,LANDING,PORTAL_SOC_UTAH_OPEN_DATA_P_6319D859B5,FAC_CITY,TEXT,83
LIBRARY_RAW,LANDING,PORTAL_SOC_UTAH_OPEN_DATA_P_6862B465D5,SUBAWARDEE_CITY_NAME,TEXT,1883
LIBRARY_RAW,LANDING,PORTAL_SOC_UTAH_OPEN_DATA_P_6DEEE0BF03,AGENT_ATTORNEY_CITY,TEXT,2018
LIBRARY_RAW,LANDING,PORTAL_SOC_UTAH_OPEN_DATA_P_6DEEE0BF03,EMPLOYER_CITY,TEXT,2018
LIBRARY_RAW,LANDING,PORTAL_SOC_UTAH_OPEN_DATA_P_6DEEE0BF03,EMPLOYER_POC_CITY,TEXT,2018
LIBRARY_RAW,LANDING,PORTAL_SOC_UTAH_OPEN_DATA_P_6DEEE0BF03,WORKSITE_CITY,TEXT,2018
LIBRARY_RAW,LANDING,PORTAL_SOC_UTAH_OPEN_DATA_P_6F316DE0B0,PROVIDER_BUSINESS_PRACTICE_LOCATION_ADDRESS_CITY_NAME,TEXT,1392
LIBRARY_RAW,LANDING,PORTAL_SOC_UTAH_OPEN_DATA_P_701571FD92,PROVIDER_BUSINESS_PRACTICE_LOCATION_ADDRESS_CITY_NAME,TEXT,231
LIBRARY_RAW,LANDING,PORTAL_SOC_UTAH_OPEN_DATA_P_7186EDB84B,CITY,TEXT,67
LIBRARY_RAW,LANDING,PORTAL_SOC_UTAH_OPEN_DATA_P_81A81B1650,CITY,TEXT,5000
LIBRARY_RAW,LANDING,PORTAL_SOC_UTAH_OPEN_DATA_P_862BA39EB7,FAC_CITY,TEXT,17
LIBRARY_RAW,LANDING,PORTAL_SOC_UTAH_OPEN_DATA_P_8DE28DA9D9,CITY,TEXT,1421
LIBRARY_RAW,LANDING,PORTAL_SOC_UTAH_OPEN_DATA_P_A5AE4FD7A4,CITY,TEXT,94
LIBRARY_RAW,LANDING,PORTAL_SOC_UTAH_OPEN_DATA_P_A9B7E273C8,CITY,TEXT,61
LIBRARY_RAW,LANDING,PORTAL_SOC_UTAH_OPEN_DATA_P_D4ACA49A9B,PROVIDER_CITY_NAME,TEXT,1997
LIBRARY_RAW,LANDING,PORTAL_SOC_UTAH_OPEN_DATA_P_D5F7CA2621,C_6_CITY,TEXT,2000
LIBRARY_RAW,LANDING,PORTAL_SOC_UTAH_OPEN_DATA_P_DCD75231F6,CITY,TEXT,61
LIBRARY_RAW,LANDING,PORTAL_SOC_UTAH_OPEN_DATA_P_F1292B8D2F,ESTABLISHMENT_CITY,TEXT,249
LIBRARY_RAW,LANDING,PORTAL_SOC_UTAH_OPEN_DATA_P_F1292B8D2F,PARENT_COMPANY_CITY,TEXT,249
LIBRARY_RAW,LANDING,PORTAL_SOC_UTAH_OPEN_DATA_P_F8CDD62630,PROVIDER_CITY_NAME,TEXT,1968
LIBRARY_RAW,LANDING,PORTAL_SOC_WASHINGTON_STATE_0DAE4A9B61,CITY,TEXT,2521
LIBRARY_RAW,LANDING,STATE_MO_SEX_OFFENDER_REGISTRY,CITY,TEXT,28185
LIBRARY_RAW,LANDING,ST_NYC_CFB_CAMPAIGN_2001_CONTRIBUTION,CITY,TEXT,193741
LIBRARY_RAW,LANDING,ST_NYC_CFB_CAMPAIGN_2009_CONTRIBUTION,CITY,TEXT,146112
LIBRARY_RAW,LANDING,ST_NYC_CFB_CAMPAIGN_2013_CONTRIBUTION,CITY,TEXT,197968
LIBRARY_RAW,LANDING,ST_NYC_CFB_CAMPAIGN_2021_CONTRIBUTIONS,CITY,TEXT,457521
LIBRARY_RAW,LANDING,ST_NYC_CFB_CAMPAIGN_2025_CONTRIBUTIONS,CITY,TEXT,259537
LIBRARY_RAW,LANDING,UK_COMPANIES_HOUSE_PSC,ADDRESS_LOCALITY,TEXT,7000000
LIBRARY_RAW,LANDING,XC_MAPPING_POLICE_VIOLENCE,CITY,TEXT,15476
LIBRARY_RAW,LANDING,XC_UK_SANCTIONS_LIST,TOWN_OF_BIRTH,TEXT,57883
LIBRARY_RAW,LANDING,XC_WAPO_FATAL_FORCE,CITY,TEXT,10430
LIBRARY_RAW,PUBLIC,FOREIGN_AGENT_REGISTRATIONS,CITY,TEXT,
LIBRARY_RAW,RETIRED,FED_CMS_OPEN_PAYMENTS_GNRL,CITY_OF_TRAVEL,TEXT,15397627
LIBRARY_RAW,RETIRED,FED_CMS_OPEN_PAYMENTS_GNRL,RECIPIENT_CITY,TEXT,15397627
LIBRARY_RAW,RETIRED,FED_IRS_EO_BMF,CITY,TEXT,3949660
LIBRARY_STAGING,CORE,STG_LEIE__EXCLUSIONS,CITY,TEXT,
LIBRARY_STAGING,DBT_CROGERS,INT_FED_USASPENDING__AWARDS,POP_CITY_NAME,TEXT,
LIBRARY_STAGING,DBT_CROGERS,INT_FED_USASPENDING__AWARDS,RECIPIENT_CITY_NAME,TEXT,
LIBRARY_STAGING,DBT_CROGERS,INT_OPEN_PAYMENTS_ALL_YEARS,CITY_OF_TRAVEL,TEXT,
LIBRARY_STAGING,DBT_CROGERS,INT_OPEN_PAYMENTS_ALL_YEARS,RECIPIENT_CITY,TEXT,
LIBRARY_STAGING,DBT_CROGERS,STG_CA_LOBBY_COVER__FILINGS,FIRM_CITY,TEXT,
LIBRARY_STAGING,DBT_CROGERS,STG_CA_LOBBY__CHG_LOG,ENTITY_CITY,TEXT,
LIBRARY_STAGING,DBT_CROGERS,STG_CA_LOBBY__CHG_LOG,FILER_CITY,TEXT,
LIBRARY_STAGING,DBT_CROGERS,STG_FED_CMS_DIALYSIS__FACILITIES,CITY_TOWN,TEXT,
LIBRARY_STAGING,DBT_CROGERS,STG_FED_CMS_HCRIS__HOSPITAL_COST_REPORT,CITY,TEXT,
LIBRARY_STAGING,DBT_CROGERS,STG_FED_CMS_HOME_HEALTH__FACILITIES,CITY_TOWN,TEXT,
LIBRARY_STAGING,DBT_CROGERS,STG_FED_CMS_HOSPICE__FACILITIES,CITY_TOWN,TEXT,
LIBRARY_STAGING,DBT_CROGERS,STG_FED_CMS_HOSPITAL_COMPARE__FACILITIES,CITY_TOWN,TEXT,
LIBRARY_STAGING,DBT_CROGERS,STG_FED_CMS_HOSPITAL_GENERAL__FACILITIES,CITY_TOWN,TEXT,
LIBRARY_STAGING,DBT_CROGERS,STG_FED_CMS_IRF__FACILITIES,CITY_TOWN,TEXT,
LIBRARY_STAGING,DBT_CROGERS,STG_FED_CMS_LTCH__FACILITIES,CITY_TOWN,TEXT,
LIBRARY_STAGING,DBT_CROGERS,STG_FED_CMS_MEDICARE_PROVIDER__PROVIDERS,RNDRNG_PRVDR_CITY,TEXT,
LIBRARY_STAGING,DBT_CROGERS,STG_FED_CMS_NPPES__NPI_PROVIDERS,PROVIDER_BUSINESS_MAILING_ADDRESS_CITY_NAME,TEXT,
LIBRARY_STAGING,DBT_CROGERS,STG_FED_CMS_NPPES__NPI_PROVIDERS,PROVIDER_BUSINESS_PRACTICE_LOCATION_ADDRESS_CITY_NAME,TEXT,
LIBRARY_STAGING,DBT_CROGERS,STG_FED_CMS_NURSING_HOME__NURSING_HOME_FACILITIES,CITY,TEXT,
LIBRARY_STAGING,DBT_CROGERS,STG_FED_CMS_NURSING_HOME__NURSING_HOME_FACILITIES,CITY_TOWN,TEXT,
LIBRARY_STAGING,DBT_CROGERS,STG_FED_CMS_OPEN_PAYMENTS_PROFILE_SUPPLEMENT__RECIPIENT_PROFILES,CITY,TEXT,
LIBRARY_STAGING,DBT_CROGERS,STG_FED_CMS_PART_D_PRESCRIBERS__PROVIDERS,PRSCRBR_CITY,TEXT,
LIBRARY_STAGING,DBT_CROGERS,STG_FED_CMS_POS_OTHER__FACILITIES,CITY_NAME,TEXT,
LIBRARY_STAGING,DBT_CROGERS,STG_FED_COLLEGE_SCORECARD_INSTITUTION__RECORDS,CITY,TEXT,
LIBRARY_STAGING,DBT_CROGERS,STG_FED_DHS_HIFLD__FACILITIES,CITY,TEXT,
LIBRARY_STAGING,DBT_CROGERS,STG_FED_DHS_HIFLD__RECORDS,CITY,TEXT,
LIBRARY_STAGING,DBT_CROGERS,STG_FED_DOL_EBSA_FORM5500_SCHEDULE_SB__FILINGS,SB_ACTUARY_FOREIGN_CITY,TEXT,
LIBRARY_STAGING,DBT_CROGERS,STG_FED_DOL_EBSA_FORM5500_SCHEDULE_SB__FILINGS,SB_ACTUARY_US_CITY,TEXT,
LIBRARY_STAGING,DBT_CROGERS,STG_FED_DOL_FORM5500__RECORDS,ADMIN_FOREIGN_CITY,TEXT,
LIBRARY_STAGING,DBT_CROGERS,STG_FED_DOL_FORM5500__RECORDS,ADMIN_US_CITY,TEXT,
LIBRARY_STAGING,DBT_CROGERS,STG_FED_DOL_FORM5500__RECORDS,PREPARER_FOREIGN_CITY,TEXT,
LIBRARY_STAGING,DBT_CROGERS,STG_FED_DOL_FORM5500__RECORDS,PREPARER_US_CITY,TEXT,
LIBRARY_STAGING,DBT_CROGERS,STG_FED_DOL_FORM5500__RECORDS,SPONS_DFE_LOC_FOREIGN_CITY,TEXT,
LIBRARY_STAGING,DBT_CROGERS,STG_FED_DOL_FORM5500__RECORDS,SPONS_DFE_LOC_US_CITY,TEXT,
LIBRARY_STAGING,DBT_CROGERS,STG_FED_DOL_FORM5500__RECORDS,SPONS_DFE_MAIL_FOREIGN_CITY,TEXT,
LIBRARY_STAGING,DBT_CROGERS,STG_FED_DOL_FORM5500__RECORDS,SPONS_DFE_MAIL_US_CITY,TEXT,
LIBRARY_STAGING,DBT_CROGERS,STG_FED_DOL_OFLC__RECORDS,AGENT_ATTORNEY_CITY,TEXT,
LIBRARY_STAGING,DBT_CROGERS,STG_FED_DOL_OFLC__RECORDS,EMPLOYER_CITY,TEXT,
LIBRARY_STAGING,DBT_CROGERS,STG_FED_DOL_OFLC__RECORDS,WORKSITE_CITY_1,TEXT,
LIBRARY_STAGING,DBT_CROGERS,STG_FED_DOL_OFLC__RECORDS,WORKSITE_CITY_10,TEXT,
LIBRARY_STAGING,DBT_CROGERS,STG_FED_DOL_OFLC__RECORDS,WORKSITE_CITY_2,TEXT,
LIBRARY_STAGING,DBT_CROGERS,STG_FED_DOL_OFLC__RECORDS,WORKSITE_CITY_3,TEXT,
LIBRARY_STAGING,DBT_CROGERS,STG_FED_DOL_OFLC__RECORDS,WORKSITE_CITY_4,TEXT,
LIBRARY_STAGING,DBT_CROGERS,STG_FED_DOL_OFLC__RECORDS,WORKSITE_CITY_5,TEXT,
LIBRARY_STAGING,DBT_CROGERS,STG_FED_DOL_OFLC__RECORDS,WORKSITE_CITY_6,TEXT,
LIBRARY_STAGING,DBT_CROGERS,STG_FED_DOL_OFLC__RECORDS,WORKSITE_CITY_7,TEXT,
LIBRARY_STAGING,DBT_CROGERS,STG_FED_DOL_OFLC__RECORDS,WORKSITE_CITY_8,TEXT,
LIBRARY_STAGING,DBT_CROGERS,STG_FED_DOL_OFLC__RECORDS,WORKSITE_CITY_9,TEXT,
LIBRARY_STAGING,DBT_CROGERS,STG_FED_DOL_OLMS__FILINGS,CITY,TEXT,
LIBRARY_STAGING,DBT_CROGERS,STG_FED_ED_COLLEGE_SCORECARD_INSTITUTION__INSTITUTIONS,CITY,TEXT,
LIBRARY_STAGING,DBT_CROGERS,STG_FED_EIA860_1_UTILITY__ALL,CITY,TEXT,
LIBRARY_STAGING,DBT_CROGERS,STG_FED_EIA860_2_PLANT__ALL,CITY,TEXT,
LIBRARY_STAGING,DBT_CROGERS,STG_FED_EIA860_4_OWNER__ALL,OWNER_CITY,TEXT,
LIBRARY_STAGING,DBT_CROGERS,STG_FED_EIA861_MERGERS__MERGERS,CITY,TEXT,
LIBRARY_STAGING,DBT_CROGERS,STG_FED_EPA_AQS_SITES__SITES,CITY_NAME,TEXT,
LIBRARY_STAGING,DBT_CROGERS,STG_FED_EPA_ECHO__RECORDS,FAC_CITY,TEXT,
LIBRARY_STAGING,DBT_CROGERS,STG_FED_EPA_ENVIROFACTS__FACILITY_SAMPLE,CITY_NAME,TEXT,
LIBRARY_STAGING,DBT_CROGERS,STG_FED_EPA_ENVIROFACTS__RECORDS,CITY_NAME,TEXT,
LIBRARY_STAGING,DBT_CROGERS,STG_FED_EPA_FRS_FRS_FACILITIES__FACILITIES,FAC_CITY,TEXT,
LIBRARY_STAGING,DBT_CROGERS,STG_FED_EPA_GHGRP_FACILITY__FACILITIES,CITY,TEXT,
LIBRARY_STAGING,DBT_CROGERS,STG_FED_EPA_RCRA_FACILITIES__FACILITIES,CITY_NAME,TEXT,
LIBRARY_STAGING,DBT_CROGERS,STG_FED_EPA_SUPERFUND_SITE_BOUNDARIES__BOUNDARIES,CITY,TEXT,
LIBRARY_STAGING,DBT_CROGERS,STG_FED_EPA_TRI_FACILITY__FACILITIES,CITY_NAME,TEXT,
LIBRARY_STAGING,DBT_CROGERS,STG_FED_EPA_TRI_FACILITY__FACILITIES,MAIL_CITY,TEXT,
LIBRARY_STAGING,DBT_CROGERS,STG_FED_FAA_AIRCRAFT_REGISTRY__AIRCRAFT,CITY,TEXT,
LIBRARY_STAGING,DBT_CROGERS,STG_FED_FAA_AIRCRAFT_REGISTRY__ALL,CITY,TEXT,
LIBRARY_STAGING,DBT_CROGERS,STG_FED_FAA_REGISTRY__RECORDS,CITY,TEXT,
LIBRARY_STAGING,DBT_CROGERS,STG_FED_FARA_BULK__FARA_REGISTRATIONS,CITY,TEXT,
LIBRARY_STAGING,DBT_CROGERS,STG_FED_FCC_LICENSING__RECORDS,CITY,TEXT,
LIBRARY_STAGING,DBT_CROGERS,STG_FED_FDA_DEVICE_510K__ALL,CITY,TEXT,
LIBRARY_STAGING,DBT_CROGERS,STG_FED_FDA_DEVICE_ENFORCEMENT__DEVICE_ENFORCEMENT_RECALLS,CITY,TEXT,
LIBRARY_STAGING,DBT_CROGERS,STG_FED_FDA_DEVICE_PMA__ALL,CITY,TEXT,
LIBRARY_STAGING,DBT_CROGERS,STG_FED_FDA_DRUG_ENFORCEMENT__DRUG_ENFORCEMENT_RECALLS,CITY,TEXT,
LIBRARY_STAGING,DBT_CROGERS,STG_FED_FDA_ESTABLISHMENT_REG__ALL,CITY,TEXT,
LIBRARY_STAGING,DBT_CROGERS,STG_FED_FDA_MAUDE__ALL,MANUFACTURER_CITY,TEXT,
LIBRARY_STAGING,DBT_CROGERS,STG_FED_FDIC_BANK_DATA__INSTITUTIONS,CITY,TEXT,
LIBRARY_STAGING,DBT_CROGERS,STG_FED_FDIC_BANK_DATA__INSTITUTIONS,HOLDING_COMPANY_CITY,TEXT,
LIBRARY_STAGING,DBT_CROGERS,STG_FED_FDIC_BANK_DATA__RECORDS,CITY,TEXT,
LIBRARY_STAGING,DBT_CROGERS,STG_FED_FDIC_ENFORCEMENT__ENFORCEMENT_ORDERS,CITY,TEXT,
LIBRARY_STAGING,DBT_CROGERS,STG_FED_FDIC_FAILED_BANKS__FAILED_BANKS,CITY,TEXT,
LIBRARY_STAGING,DBT_CROGERS,STG_FED_FDIC_FAILED_BANKS__FAILED_BANKS,CITY_STATE,TEXT,
LIBRARY_STAGING,DBT_CROGERS,STG_FED_FDIC_SOD_BRANCH_DEPOSITS__BRANCHES,BRANCH_CITY,TEXT,
LIBRARY_STAGING,DBT_CROGERS,STG_FED_FDIC_SOD_BRANCH_DEPOSITS__BRANCHES,BRANCH_CITY_ALT,TEXT,
LIBRARY_STAGING,DBT_CROGERS,STG_FED_FDIC_SOD_BRANCH_DEPOSITS__BRANCHES,HOLDING_COMPANY_CITY,TEXT,
LIBRARY_STAGING,DBT_CROGERS,STG_FED_FDIC_SOD_BRANCH_DEPOSITS__BRANCHES,INSTITUTION_CITY,TEXT,
LIBRARY_STAGING,DBT_CROGERS,STG_FED_FEC_BULK_COMMITTEES__RECORDS,CMTE_CITY,TEXT,
LIBRARY_STAGING,DBT_CROGERS,STG_FED_FEC_BULK__RECORDS,CMTE_CITY,TEXT,
LIBRARY_STAGING,DBT_CROGERS,STG_FED_FEC_COMMITTEE_TO_CANDIDATE__RECORDS,CITY,TEXT,
LIBRARY_STAGING,DBT_CROGERS,STG_FED_FEC_INDIV_CONTRIBUTIONS__RECORDS,CITY,TEXT,
LIBRARY_STAGING,DBT_CROGERS,STG_FED_FEMA_IA_HOUSING_REGISTRATIONS__REGISTRATIONS,DAMAGED_CITY,TEXT,
LIBRARY_STAGING,DBT_CROGERS,STG_FED_FEMA_IA_HOUSING_REGISTRATIONS__REGISTRATIONS,RENTAL_RESOURCE_CITY,TEXT,
LIBRARY_STAGING,DBT_CROGERS,STG_FED_FHFA_FHLB_MEMBERSHIP__MEMBERS,CITY,TEXT,
LIBRARY_STAGING,DBT_CROGERS,STG_FED_FHFA_HPI__RECORDS,PLACE_NAME,TEXT,
LIBRARY_STAGING,DBT_CROGERS,STG_FED_FHFA_SUSPENDED_COUNTERPARTY_PROGRAM__SUSPENDED_COUNTERPARTY,CITY,TEXT,
LIBRARY_STAGING,DBT_CROGERS,STG_FED_FJC_JUDGES__PEOPLE,BIRTH_CITY,TEXT,
LIBRARY_STAGING,DBT_CROGERS,STG_FED_FJC_JUDGES__PEOPLE,DEATH_CITY,TEXT,
LIBRARY_STAGING,DBT_CROGERS,STG_FED_FRA_CROSSING_INCIDENTS__ALL,CITY_NAME,TEXT,
LIBRARY_STAGING,DBT_CROGERS,STG_FED_HHS_OIG_LEIE__EXCLUSIONS,CITY,TEXT,
LIBRARY_STAGING,DBT_CROGERS,STG_FED_HHS_TAGGS__GRANT_AWARDS,RECIPIENT_CITY,TEXT,
LIBRARY_STAGING,DBT_CROGERS,STG_FED_HRSA_HPSA_PRIMARY_CARE__DESIGNATIONS,HPSA_CITY,TEXT,
LIBRARY_STAGING,DBT_CROGERS,STG_FED_HRSA_SHORTAGE_AREAS__RECORDS,HPSA_CITY,TEXT,
LIBRARY_STAGING,DBT_CROGERS,STG_FED_HRSA_UDS_SERVICE_DELIVERY_SITES__SITES,HEALTH_CENTER_CITY,TEXT,
LIBRARY_STAGING,DBT_CROGERS,STG_FED_HRSA_UDS_SERVICE_DELIVERY_SITES__SITES,SITE_CITY,TEXT,
LIBRARY_STAGING,DBT_CROGERS,STG_FED_HUD_ASSISTED_HOUSING_PROJECTS__SUMMARIES,STD_CITY,TEXT,
LIBRARY_STAGING,DBT_CROGERS,STG_FED_HUD_FHA_SF_PORTFOLIO_SNAPSHOT__LOANS,PROPERTY_CITY,TEXT,
LIBRARY_STAGING,DBT_CROGERS,STG_FED_HUD_MF_FIRM_COMMITMENTS__COMMITMENTS,PROJECT_CITY,TEXT,
LIBRARY_STAGING,DBT_CROGERS,STG_FED_HUD_PUBLIC_HOUSING_AUTHORITIES__AUTHORITIES,PLACE_NAME,TEXT,
LIBRARY_STAGING,DBT_CROGERS,STG_FED_HUD_PUBLIC_HOUSING_AUTHORITIES__AUTHORITIES,STD_CITY,TEXT,
LIBRARY_STAGING,DBT_CROGERS,STG_FED_ICE_DETAINERS__ALL,FACILITY_CITY,TEXT,
LIBRARY_STAGING,DBT_CROGERS,STG_FED_ICE_DETENTION_FACILITY_CODES__FACILITY_CODES,CITY,TEXT,
LIBRARY_STAGING,DBT_CROGERS,STG_FED_ICE_DETENTION_FACILITY_LIST__FACILITY,CITY,TEXT,
LIBRARY_STAGING,DBT_CROGERS,STG_FED_ICE_DETENTION_STINTS__ALL,CITY,TEXT,
LIBRARY_STAGING,DBT_CROGERS,STG_FED_IHS_FACILITIES__FACILITIES,CITY,TEXT,
LIBRARY_STAGING,DBT_CROGERS,STG_FED_IRS_BMF__ORGANIZATIONS,CITY,TEXT,
LIBRARY_STAGING,DBT_CROGERS,STG_FED_IRS_EO_BMF__ORGS,CITY,TEXT,
LIBRARY_STAGING,DBT_CROGERS,STG_FED_IRS_REVOCATION__ORGANIZATIONS,CITY,TEXT,
LIBRARY_STAGING,DBT_CROGERS,STG_FED_MAPPING_INEQUALITY__HOLC_NEIGHBORHOOD_GRADES,CITY,TEXT,
LIBRARY_STAGING,DBT_CROGERS,STG_FED_MSHA_MINES__RECORDS,NEAREST_TOWN,TEXT,
LIBRARY_STAGING,DBT_CROGERS,STG_FED_NCUA_CALL_REPORTS__FOICU,CITY,TEXT,
LIBRARY_STAGING,DBT_CROGERS,STG_FED_NCUA_CALL_REPORTS__RECORDS,CITY,TEXT,
LIBRARY_STAGING,DBT_CROGERS,STG_FED_NCUA_FEDERALLY_INSURED_CU_LIST__CREDIT_UNIONS,CITY_MAILING_ADDRESS,TEXT,
LIBRARY_STAGING,DBT_CROGERS,STG_FED_NHTSA_COMPLAINTS__RECORDS,CITY,TEXT,
LIBRARY_STAGING,DBT_CROGERS,STG_FED_NHTSA_COMPLAINTS__RECORDS,DEALER_CITY,TEXT,
LIBRARY_STAGING,DBT_CROGERS,STG_FED_NID_DAMS__STRUCTURES,CITY,TEXT,
LIBRARY_STAGING,DBT_CROGERS,STG_FED_NIH_REPORTER__PROJECTS,ORG_CITY,TEXT,
LIBRARY_STAGING,DBT_CROGERS,STG_FED_NIH_REPORTER__RECORDS,ORG_CITY,TEXT,
LIBRARY_STAGING,DBT_CROGERS,STG_FED_NSF_AWARDS__RECORDS,CITY,TEXT,
LIBRARY_STAGING,DBT_CROGERS,STG_FED_NTSB_AVIATION_AIRCRAFT__AIRCRAFT,DEST_CITY,TEXT,
LIBRARY_STAGING,DBT_CROGERS,STG_FED_NTSB_AVIATION_AIRCRAFT__AIRCRAFT,DPRT_CITY,TEXT,
LIBRARY_STAGING,DBT_CROGERS,STG_FED_NTSB_AVIATION_AIRCRAFT__AIRCRAFT,OPER_CITY,TEXT,
LIBRARY_STAGING,DBT_CROGERS,STG_FED_NTSB_AVIATION_AIRCRAFT__AIRCRAFT,OWNER_CITY,TEXT,
LIBRARY_STAGING,DBT_CROGERS,STG_FED_NTSB_AVIATION_EVENTS__EVENTS,EV_CITY,TEXT,
LIBRARY_STAGING,DBT_CROGERS,STG_FED_NURSINGHOME411__FACILITIES,CITY_TOWN,TEXT,
LIBRARY_STAGING,DBT_CROGERS,STG_FED_OCC_NATIONAL_BANKS__BANKS,CITY,TEXT,
LIBRARY_STAGING,DBT_CROGERS,STG_FED_OCC_THRIFTS__THRIFTS,CITY,TEXT,
LIBRARY_STAGING,DBT_CROGERS,STG_FED_PBGC_TRUSTEED_PLANS__PLANS,CITY,TEXT,
LIBRARY_STAGING,DBT_CROGERS,STG_FED_PCAOB_FORM_AP_FILINGS__FILINGS,FIRM_ISSUING_CITY,TEXT,
LIBRARY_STAGING,DBT_CROGERS,STG_FED_PHMSA_FLAGGED_INCIDENTS__INCIDENTS,OPERATOR_CITY,TEXT,
LIBRARY_STAGING,DBT_CROGERS,STG_FED_SAM_EXCLUSIONS__RECORDS,CITY,TEXT,
LIBRARY_STAGING,DBT_CROGERS,STG_FED_SBA_LOANS__RECORDS,CDC_CITY,TEXT,
LIBRARY_STAGING,DBT_CROGERS,STG_FED_SBA_LOANS__RECORDS,THIRDPARTYLENDER_CITY,TEXT,
LIBRARY_STAGING,DBT_CROGERS,STG_FED_SBIR_STTR_AWARDS__AWARDS,CITY,TEXT,
LIBRARY_STAGING,DBT_CROGERS,STG_FED_SEC_INSIDER_REPORTINGOWNER__RECORDS,RPTOWNER_CITY,TEXT,
LIBRARY_STAGING,DBT_CROGERS,STG_FED_SEC_INVESTMENT_COMPANY_SERIES_CLASS__SERIES_CLASSES,CITY,TEXT,
LIBRARY_STAGING,DBT_CROGERS,STG_FED_USASPENDING_BULK__ORGANIZATIONS,CITY_LOCAL_GOVERNMENT,TEXT,
LIBRARY_STAGING,DBT_CROGERS,STG_FED_USASPENDING_BULK__ORGANIZATIONS,MUNICIPALITY_LOCAL_GOVERNMENT,TEXT,
LIBRARY_STAGING,DBT_CROGERS,STG_FED_USASPENDING_BULK__ORGANIZATIONS,PRIMARY_PLACE_OF_PERFORMANCE_CITY_NAME,TEXT,
LIBRARY_STAGING,DBT_CROGERS,STG_FED_USASPENDING_BULK__ORGANIZATIONS,RECIPIENT_CITY_NAME,TEXT,
LIBRARY_STAGING,DBT_CROGERS,STG_FED_USASPENDING_BULK__RECORDS,CITY_LOCAL_GOVERNMENT,TEXT,
LIBRARY_STAGING,DBT_CROGERS,STG_FED_USASPENDING_BULK__RECORDS,MUNICIPALITY_LOCAL_GOVERNMENT,TEXT,
LIBRARY_STAGING,DBT_CROGERS,STG_FED_USASPENDING_BULK__RECORDS,PRIMARY_PLACE_OF_PERFORMANCE_CITY_NAME,TEXT,
LIBRARY_STAGING,DBT_CROGERS,STG_FED_USASPENDING_BULK__RECORDS,RECIPIENT_CITY_NAME,TEXT,
LIBRARY_STAGING,DBT_CROGERS,STG_FED_USCG_NRC_INCIDENTS__INCIDENTS,RESPONSIBLE_CITY,TEXT,
LIBRARY_STAGING,DBT_CROGERS,STG_FED_USCG_NRC_INCIDENT_REPORTS__INCIDENT_REPORTS,RESPONSIBLE_CITY,TEXT,
LIBRARY_STAGING,DBT_CROGERS,STG_FED_USDA_RD_MFH_ACTIVE_PROJECTS__PROJECTS,CITY,TEXT,
LIBRARY_STAGING,DBT_CROGERS,STG_FED_US_USASPENDING_API__FEDERAL_AWARDS,PLACE_OF_PERFORMANCE_CITY,TEXT,
LIBRARY_STAGING,DBT_CROGERS,STG_INTL_CH_ZEFIX__COMPANIES,ADDRESS_CITY,TEXT,
LIBRARY_STAGING,DBT_CROGERS,STG_INTL_ELECTIONS_CANADA_CONTRIBUTIONS__CONTRIBUTIONS,CONTRIBUTOR_CITY,TEXT,
LIBRARY_STAGING,DBT_CROGERS,STG_INTL_EU_SANCTIONS__PLACES,ADDR_CITY,TEXT,
LIBRARY_STAGING,DBT_CROGERS,STG_INTL_EU_SANCTIONS__RECORDS,ADDR_CITY,TEXT,
LIBRARY_STAGING,DBT_CROGERS,STG_INTL_GR_GEMI__GREEK_COMPANIES,CITY,TEXT,
LIBRARY_STAGING,DBT_CROGERS,STG_INTL_ISO_MIC_REGISTRY__MARKET_IDENTIFIER_CODES,CITY,TEXT,
LIBRARY_STAGING,DBT_CROGERS,STG_INTL_OSFI_REGULATED_FI__INSTITUTIONS,CITY,TEXT,
LIBRARY_STAGING,DBT_CROGERS,STG_IRS527_8871_ORGS__REGISTRATIONS,MAILING_CITY,TEXT,
LIBRARY_STAGING,DBT_CROGERS,STG_IRS527__8872_REPORTS,BUSINESS_CITY,TEXT,
LIBRARY_STAGING,DBT_CROGERS,STG_IRS527__8872_REPORTS,CONTACT_CITY,TEXT,
LIBRARY_STAGING,DBT_CROGERS,STG_IRS527__8872_REPORTS,CUSTODIAN_CITY,TEXT,
LIBRARY_STAGING,DBT_CROGERS,STG_IRS527__8872_REPORTS,MAILING_CITY,TEXT,
LIBRARY_STAGING,DBT_CROGERS,STG_IRS527__DIRECTORS_OFFICERS,ENTITY_CITY,TEXT,
LIBRARY_STAGING,DBT_CROGERS,STG_IRS527__RELATED_ENTITIES,ENTITY_CITY,TEXT,
LIBRARY_STAGING,DBT_CROGERS,STG_PORTAL_ARC_ATLANTA_DATAATLA_1A7F4ADC21__RECORDS,CITY,TEXT,
LIBRARY_STAGING,DBT_CROGERS,STG_PORTAL_ARC_ATLANTA_DATAATLA_4AB9F9E31E__RECORDS,CITY,TEXT,
LIBRARY_STAGING,DBT_CROGERS,STG_PORTAL_ARC_ATLANTA_DATAATLA_5D9B9C30A9__PLACES,CITY,TEXT,
LIBRARY_STAGING,DBT_CROGERS,STG_PORTAL_ARC_ATLANTA_DATAATLA_5D9B9C30A9__RECORDS,CITY,TEXT,
LIBRARY_STAGING,DBT_CROGERS,STG_PORTAL_ARC_ATLANTA_DATAATLA_79E3C7BD36__RECORDS,CITY,TEXT,
LIBRARY_STAGING,DBT_CROGERS,STG_PORTAL_ARC_ATLANTA_DATAATLA_A59DB2E766__RECORDS,CITY,TEXT,
LIBRARY_STAGING,DBT_CROGERS,STG_PORTAL_ARC_ATLANTA_DATAATLA_FD3576897B__PLACES,CITY,TEXT,
LIBRARY_STAGING,DBT_CROGERS,STG_PORTAL_ARC_ATLANTA_DATAATLA_FD3576897B__RECORDS,CITY,TEXT,
LIBRARY_STAGING,DBT_CROGERS,STG_PORTAL_ARC_FORT_WORTH_OPEN_2259070522__PLACES,CITY,TEXT,
LIBRARY_STAGING,DBT_CROGERS,STG_PORTAL_ARC_HARRIS_COUNTY_OP_12691A85A0__RECORDS,CITY,TEXT,
LIBRARY_STAGING,DBT_CROGERS,STG_PORTAL_ARC_HARRIS_COUNTY_OP_1966AC023B__PLACES,CITY,TEXT,
LIBRARY_STAGING,DBT_CROGERS,STG_PORTAL_ARC_HARRIS_COUNTY_OP_1966AC023B__RECORDS,CITY,TEXT,
LIBRARY_STAGING,DBT_CROGERS,STG_PORTAL_ARC_HARRIS_COUNTY_OP_1A53499962__RECORDS,CITY,TEXT,
LIBRARY_STAGING,DBT_CROGERS,STG_PORTAL_ARC_HARRIS_COUNTY_OP_2D6F9D0DA7__RECORDS,CITY,TEXT,
LIBRARY_STAGING,DBT_CROGERS,STG_PORTAL_ARC_HARRIS_COUNTY_OP_32D5FF05CA__PLACES,CITY,TEXT,
LIBRARY_STAGING,DBT_CROGERS,STG_PORTAL_ARC_HARRIS_COUNTY_OP_32D5FF05CA__PLACES,IN_CITY,TEXT,
LIBRARY_STAGING,DBT_CROGERS,STG_PORTAL_ARC_HARRIS_COUNTY_OP_360277F8CB__PLACES,CITY,TEXT,
LIBRARY_STAGING,DBT_CROGERS,STG_PORTAL_ARC_HARRIS_COUNTY_OP_3CFE4113ED__RECORDS,CITY,TEXT,
LIBRARY_STAGING,DBT_CROGERS,STG_PORTAL_ARC_HARRIS_COUNTY_OP_3E1426DF10__RECORDS,CITY,TEXT,
LIBRARY_STAGING,DBT_CROGERS,STG_PORTAL_ARC_HARRIS_COUNTY_OP_6CDCF96CA7__PLACES,CITY,TEXT,
LIBRARY_STAGING,DBT_CROGERS,STG_PORTAL_ARC_HARRIS_COUNTY_OP_6CDCF96CA7__RECORDS,CITY,TEXT,
LIBRARY_STAGING,DBT_CROGERS,STG_PORTAL_ARC_HARRIS_COUNTY_OP_795533139C__PLACES,CITY,TEXT,
LIBRARY_STAGING,DBT_CROGERS,STG_PORTAL_ARC_HARRIS_COUNTY_OP_795533139C__PLACES,IN_CITY,TEXT,
LIBRARY_STAGING,DBT_CROGERS,STG_PORTAL_ARC_HARRIS_COUNTY_OP_8549EC1226__RECORDS,CITY,TEXT,
LIBRARY_STAGING,DBT_CROGERS,STG_PORTAL_ARC_HARRIS_COUNTY_OP_86AE12CFC0__PROVIDERS,CITY,TEXT,
LIBRARY_STAGING,DBT_CROGERS,STG_PORTAL_ARC_HARRIS_COUNTY_OP_87F4853C1A__RECORDS,CITY,TEXT,
LIBRARY_STAGING,DBT_CROGERS,STG_PORTAL_ARC_HARRIS_COUNTY_OP_A2DAE85C30__RECORDS,CITY,TEXT,
LIBRARY_STAGING,DBT_CROGERS,STG_PORTAL_ARC_HARRIS_COUNTY_OP_D354D2D6E2__RECORDS,CITY,TEXT,
LIBRARY_STAGING,DBT_CROGERS,STG_PORTAL_ARC_HARRIS_COUNTY_OP_D9A3089ED0__RECORDS,CITY,TEXT,
LIBRARY_STAGING,DBT_CROGERS,STG_PORTAL_ARC_HARRIS_COUNTY_OP_E87E81379A__PLACES,CITY,TEXT,
LIBRARY_STAGING,DBT_CROGERS,STG_PORTAL_ARC_HARRIS_COUNTY_OP_E87E81379A__RECORDS,CITY,TEXT,
LIBRARY_STAGING,DBT_CROGERS,STG_PORTAL_ARC_HARRIS_COUNTY_OP_EDE1E11F9D__RECORDS,CITY,TEXT,
LIBRARY_STAGING,DBT_CROGERS,STG_PORTAL_ARC_HARRIS_COUNTY_OP_F3D3A3AB57__RECORDS,CITY,TEXT,
LIBRARY_STAGING,DBT_CROGERS,STG_PORTAL_ARC_HARRIS_COUNTY_OP_FA9969D82E__PROVIDERS,CITY,TEXT,
LIBRARY_STAGING,DBT_CROGERS,STG_PORTAL_ARC_LA_COUNTY_OPEN_D_0A94DB308E__PROVIDERS,CITY,TEXT,
LIBRARY_STAGING,DBT_CROGERS,STG_PORTAL_ARC_LA_COUNTY_OPEN_D_0A94DB308E__RECORDS,CITY,TEXT,
LIBRARY_STAGING,DBT_CROGERS,STG_PORTAL_ARC_LA_COUNTY_OPEN_D_2E79EB67C8__PLACES,CITY,TEXT,
LIBRARY_STAGING,DBT_CROGERS,STG_PORTAL_ARC_LA_COUNTY_OPEN_D_464355F6D4__PLACES,CITY,TEXT,
LIBRARY_STAGING,DBT_CROGERS,STG_PORTAL_ARC_LA_COUNTY_OPEN_D_58A85AED74__PROVIDERS,CITY,TEXT,
LIBRARY_STAGING,DBT_CROGERS,STG_PORTAL_ARC_LA_COUNTY_OPEN_D_6DF63A4983__PROVIDERS,CITY,TEXT,
LIBRARY_STAGING,DBT_CROGERS,STG_PORTAL_ARC_LA_COUNTY_OPEN_D_75836D970C__RECORDS,CITY,TEXT,
LIBRARY_STAGING,DBT_CROGERS,STG_PORTAL_ARC_LA_COUNTY_OPEN_D_83F0BA30FB__PROVIDERS,CITY,TEXT,
LIBRARY_STAGING,DBT_CROGERS,STG_PORTAL_ARC_LA_COUNTY_OPEN_D_D75E8EA051__FACILITIES,CITY,TEXT,
LIBRARY_STAGING,DBT_CROGERS,STG_PORTAL_ARC_LA_COUNTY_OPEN_D_E034245E05__PROVIDERS,CITY,TEXT,
LIBRARY_STAGING,DBT_CROGERS,STG_PORTAL_ARC_LA_COUNTY_OPEN_D_E034245E05__RECORDS,CITY,TEXT,
LIBRARY_STAGING,DBT_CROGERS,STG_PORTAL_ARC_LA_COUNTY_OPEN_D_E549C7C921__FACILITIES,CITY,TEXT,
LIBRARY_STAGING,DBT_CROGERS,STG_PORTAL_ARC_NEW_MEXICO_OPEN_1B6C7F7FBD__RECORDS,CITY,TEXT,
LIBRARY_STAGING,DBT_CROGERS,STG_PORTAL_ARC_OPEN_BALTIMORE_6C2257F1C4__FACILITIES,ARC_CITY,TEXT,
LIBRARY_STAGING,DBT_CROGERS,STG_PORTAL_ARC_OPEN_BALTIMORE_751D91C991__FACILITIES,FACILITY_CITY,TEXT,
LIBRARY_STAGING,DBT_CROGERS,STG_PORTAL_ARC_OPEN_BALTIMORE_751D91C991__RECORDS,FACILITY_CITY,TEXT,
LIBRARY_STAGING,DBT_CROGERS,STG_PORTAL_ARC_OPEN_DATA_DC_582A28D212__RECORDS,CITY,TEXT,
LIBRARY_STAGING,DBT_CROGERS,STG_PORTAL_ARC_OPEN_DATA_DC_59913164D2__RECORDS,CITY_NAME,TEXT,
LIBRARY_STAGING,DBT_CROGERS,STG_PORTAL_ARC_OPEN_DATA_DC_59913164D2__RECORDS,STATE_CITY,TEXT,
LIBRARY_STAGING,DBT_CROGERS,STG_PORTAL_ARC_OPEN_DATA_DC_5CB81ACBDD__PLACES,CITY,TEXT,
LIBRARY_STAGING,DBT_CROGERS,STG_PORTAL_ARC_OPEN_DATA_DC_ADF4F0E413__PLACES,CITY,TEXT,
LIBRARY_STAGING,DBT_CROGERS,STG_PORTAL_ARC_OPEN_DATA_DC_D359158BC8__RECORDS,PRIMARY_CITY,TEXT,
LIBRARY_STAGING,DBT_CROGERS,STG_PORTAL_ARC_OPEN_DATA_DC_D359158BC8__RECORDS,SECONDARY_CITY,TEXT,
LIBRARY_STAGING,DBT_CROGERS,STG_PORTAL_ARC_OPEN_DATA_DC_D359158BC8__RECORDS,TERTIARY_CITY,TEXT,
LIBRARY_STAGING,DBT_CROGERS,STG_PORTAL_ARC_OPEN_DATA_DC_E1DD5D3551__RECORDS,CITY,TEXT,
LIBRARY_STAGING,DBT_CROGERS,STG_PORTAL_ARC_OPEN_DATA_DC_F37F5DDC3D__RECORDS,CITY,TEXT,
LIBRARY_STAGING,DBT_CROGERS,STG_PORTAL_ARC_OPEN_DATA_MINNEA_0426858DFE__FACILITIES,CITY,TEXT,
LIBRARY_STAGING,DBT_CROGERS,STG_PORTAL_ARC_OPEN_DATA_MINNEA_D808F6BF62__FACILITIES,CITY,TEXT,
LIBRARY_STAGING,DBT_CROGERS,STG_PORTAL_ARC_OPEN_DATA_RALEIG_8EE851C810__RECORDS,CITY_DECODE,TEXT,
LIBRARY_STAGING,DBT_CROGERS,STG_PORTAL_ARC_OPEN_DATA_RALEIG_8EE851C810__RECORDS,PRIMARY_CITY,TEXT,
LIBRARY_STAGING,DBT_CROGERS,STG_PORTAL_ARC_OPEN_DATA_RALEIG_8EE851C810__RECORDS,SECONDARY_CITY,TEXT,
LIBRARY_STAGING,DBT_CROGERS,STG_PORTAL_ARC_OPEN_DATA_RALEIG_8EE851C810__RECORDS,TERTIARY_CITY,TEXT,
LIBRARY_STAGING,DBT_CROGERS,STG_PORTAL_ARC_OPEN_DATA_RALEIG_BBF9ABCA0D__RECORDS,CITY,TEXT,
LIBRARY_STAGING,DBT_CROGERS,STG_PORTAL_ARC_OPEN_DATA_RALEIG_DF19DCBB03__RECORDS,PRIMARY_CITY,TEXT,
LIBRARY_STAGING,DBT_CROGERS,STG_PORTAL_ARC_OPEN_DATA_RALEIG_DF19DCBB03__RECORDS,SECONDARY_CITY,TEXT,
LIBRARY_STAGING,DBT_CROGERS,STG_PORTAL_ARC_OPEN_DATA_RALEIG_DF19DCBB03__RECORDS,TERTIARY_CITY,TEXT,
LIBRARY_STAGING,DBT_CROGERS,STG_PORTAL_ARC_OPEN_DATA_RALEIG_EFBB617010__RECORDS,PRIMARY_CITY,TEXT,
LIBRARY_STAGING,DBT_CROGERS,STG_PORTAL_ARC_OPEN_DATA_RALEIG_EFBB617010__RECORDS,SECONDARY_CITY,TEXT,
LIBRARY_STAGING,DBT_CROGERS,STG_PORTAL_ARC_OPEN_DATA_RALEIG_EFBB617010__RECORDS,TERTIARY_CITY,TEXT,
LIBRARY_STAGING,DBT_CROGERS,STG_PORTAL_ARC_OPEN_DATA_RALEIG_F18F09F22F__PLACES,SHIPPING_CITY,TEXT,
LIBRARY_STAGING,DBT_CROGERS,STG_PORTAL_ARC_OPEN_DATA_RALEIG_F18F09F22F__RECORDS,SHIPPING_CITY,TEXT,
LIBRARY_STAGING,DBT_CROGERS,STG_PORTAL_ARC_ORANGE_COUNTY_OP_05390F8D55__RECORDS,CITY,TEXT,
LIBRARY_STAGING,DBT_CROGERS,STG_PORTAL_ARC_ORANGE_COUNTY_OP_0DEA033879__RECORDS,CITY,TEXT,
LIBRARY_STAGING,DBT_CROGERS,STG_PORTAL_ARC_ORANGE_COUNTY_OP_2F4310B675__FACILITIES,CITY,TEXT,
LIBRARY_STAGING,DBT_CROGERS,STG_PORTAL_ARC_ORANGE_COUNTY_OP_41E4E2185F__RECORDS,CITY,TEXT,
LIBRARY_STAGING,DBT_CROGERS,STG_PORTAL_ARC_ORANGE_COUNTY_OP_43A1FE3FBE__RECORDS,CITY,TEXT,
LIBRARY_STAGING,DBT_CROGERS,STG_PORTAL_ARC_ORANGE_COUNTY_OP_572F3C6271__FACILITIES,CITY,TEXT,
LIBRARY_STAGING,DBT_CROGERS,STG_PORTAL_ARC_ORANGE_COUNTY_OP_62E4574F5E__FACILITIES,CITY,TEXT,
LIBRARY_STAGING,DBT_CROGERS,STG_PORTAL_ARC_ORANGE_COUNTY_OP_644FB9535B__PLACES,CITY,TEXT,
LIBRARY_STAGING,DBT_CROGERS,STG_PORTAL_ARC_ORANGE_COUNTY_OP_644FB9535B__RECORDS,CITY,TEXT,
LIBRARY_STAGING,DBT_CROGERS,STG_PORTAL_ARC_ORANGE_COUNTY_OP_DD64A3F2B8__FACILITIES,CITY,TEXT,
LIBRARY_STAGING,DBT_CROGERS,STG_PORTAL_ARC_TN_DATA_TENNESSE_655F6BCC6D__RECORDS,TERTIARY_CITY,TEXT,
LIBRARY_STAGING,DBT_CROGERS,STG_PORTAL_ARC_TUCSON_OPEN_DATA_11050C025B__CASES,CITY,TEXT,
LIBRARY_STAGING,DBT_CROGERS,STG_PORTAL_ARC_TUCSON_OPEN_DATA_14C7AA5CCF__PLACES,CITY,TEXT,
LIBRARY_STAGING,DBT_CROGERS,STG_PORTAL_ARC_TUCSON_OPEN_DATA_14C7AA5CCF__RECORDS,CITY,TEXT,
LIBRARY_STAGING,DBT_CROGERS,STG_PORTAL_ARC_TUCSON_OPEN_DATA_32A72D9D1D__PLACES,CITY,TEXT,
LIBRARY_STAGING,DBT_CROGERS,STG_PORTAL_ARC_TUCSON_OPEN_DATA_32A72D9D1D__RECORDS,CITY,TEXT,
LIBRARY_STAGING,DBT_CROGERS,STG_PORTAL_ARC_TUCSON_OPEN_DATA_3A7E0821D1__CASES,CITY,TEXT,
LIBRARY_STAGING,DBT_CROGERS,STG_PORTAL_ARC_TUCSON_OPEN_DATA_3A7E0821D1__RECORDS,CITY,TEXT,
LIBRARY_STAGING,DBT_CROGERS,STG_PORTAL_ARC_TUCSON_OPEN_DATA_55D5164315__RECORDS,SCHOOLS_CITY,TEXT,
LIBRARY_STAGING,DBT_CROGERS,STG_PORTAL_ARC_TUCSON_OPEN_DATA_63C0193FF1__CASES,CITY,TEXT,
LIBRARY_STAGING,DBT_CROGERS,STG_PORTAL_ARC_TUCSON_OPEN_DATA_63C0193FF1__RECORDS,CITY,TEXT,
LIBRARY_STAGING,DBT_CROGERS,STG_PORTAL_ARC_TUCSON_OPEN_DATA_7468CF46DB__CASES,CITY,TEXT,
LIBRARY_STAGING,DBT_CROGERS,STG_PORTAL_ARC_TUCSON_OPEN_DATA_7468CF46DB__RECORDS,CITY,TEXT,
LIBRARY_STAGING,DBT_CROGERS,STG_PORTAL_ARC_TUCSON_OPEN_DATA_9E24E86B9A__CASES,CITY,TEXT,
LIBRARY_STAGING,DBT_CROGERS,STG_PORTAL_ARC_TUCSON_OPEN_DATA_CDFFE1002A__CASES,CITY,TEXT,
LIBRARY_STAGING,DBT_CROGERS,STG_PORTAL_ARC_TUCSON_OPEN_DATA_CDFFE1002A__RECORDS,CITY,TEXT,
LIBRARY_STAGING,DBT_CROGERS,STG_PORTAL_ARC_TUCSON_OPEN_DATA_E0EDEA39BE__PLACES,CITY,TEXT,
LIBRARY_STAGING,DBT_CROGERS,STG_PORTAL_ARC_TUCSON_OPEN_DATA_E0EDEA39BE__RECORDS,CITY,TEXT,
LIBRARY_STAGING,DBT_CROGERS,STG_PORTAL_ARC_TUCSON_OPEN_DATA_F0203665DD__PLACES,CITY,TEXT,
LIBRARY_STAGING,DBT_CROGERS,STG_PORTAL_ARC_TUCSON_OPEN_DATA_F0203665DD__RECORDS,CITY,TEXT,
LIBRARY_STAGING,DBT_CROGERS,STG_PORTAL_ARC_TUCSON_OPEN_DATA_F919285F50__CASES,CITY,TEXT,
LIBRARY_STAGING,DBT_CROGERS,STG_PORTAL_ARC_TUCSON_OPEN_DATA_F919285F50__RECORDS,CITY,TEXT,
LIBRARY_STAGING,DBT_CROGERS,STG_PORTAL_ARC_VERMONT_OPEN_GEO_9E55D67E2C__PLACES,TOWN,TEXT,
LIBRARY_STAGING,DBT_CROGERS,STG_PORTAL_ARC_VERMONT_OPEN_GEO_DE261D6F8C__PLACES,TOWN,TEXT,
LIBRARY_STAGING,DBT_CROGERS,STG_PORTAL_ARC_WAKE_COUNTY_OPEN_4B425FD089__ORGANIZATIONS,CITY,TEXT,
LIBRARY_STAGING,DBT_CROGERS,STG_PORTAL_ARC_WAKE_COUNTY_OPEN_4B425FD089__ORGANIZATIONS,IN_CITY,TEXT,
LIBRARY_STAGING,DBT_CROGERS,STG_PORTAL_ARC_WAKE_COUNTY_OPEN_4B425FD089__ORGANIZATIONS,USER_CITY,TEXT,
LIBRARY_STAGING,DBT_CROGERS,STG_PORTAL_ARC_WAKE_COUNTY_OPEN_4B425FD089__ORGANIZATIONS,USER_CITY__NOT_USED,TEXT,
LIBRARY_STAGING,DBT_CROGERS,STG_PORTAL_ARC_WISCONSIN_OPEN_D_022EFD1AE5__RECORDS,CITY,TEXT,
LIBRARY_STAGING,DBT_CROGERS,STG_PORTAL_ARC_WISCONSIN_OPEN_D_07CF3C3824__PROVIDERS,CITY,TEXT,
LIBRARY_STAGING,DBT_CROGERS,STG_PORTAL_ARC_WISCONSIN_OPEN_D_4EBC995C5D__RECORDS,CITY,TEXT,
LIBRARY_STAGING,DBT_CROGERS,STG_PORTAL_ARC_WISCONSIN_OPEN_D_5206358BDD__RECORDS,CITY,TEXT,
LIBRARY_STAGING,DBT_CROGERS,STG_PORTAL_ARC_WISCONSIN_OPEN_D_601E691159__PROVIDERS,CITY,TEXT,
LIBRARY_STAGING,DBT_CROGERS,STG_PORTAL_ARC_WISCONSIN_OPEN_D_717F8037EB__RECORDS,CITY,TEXT,
LIBRARY_STAGING,DBT_CROGERS,STG_PORTAL_ARC_WISCONSIN_OPEN_D_B2EFA24715__RECORDS,CITY,TEXT,
LIBRARY_STAGING,DBT_CROGERS,STG_PORTAL_ARC_WISCONSIN_OPEN_D_CB1509F410__RECORDS,CITY,TEXT,
LIBRARY_STAGING,DBT_CROGERS,STG_PORTAL_ARC_WISCONSIN_OPEN_D_D05399642C__RECORDS,CITY,TEXT,
LIBRARY_STAGING,DBT_CROGERS,STG_PORTAL_CKA_ANALYZE_BOSTON_0CED34C7C1__PLACES,CITY,TEXT,
LIBRARY_STAGING,DBT_CROGERS,STG_PORTAL_CKA_ANALYZE_BOSTON_45E7E21495__PLACES,CITY,TEXT,
LIBRARY_STAGING,DBT_CROGERS,STG_PORTAL_CKA_ANALYZE_BOSTON_4EDDC3919B__PLACES,CITY,TEXT,
LIBRARY_STAGING,DBT_CROGERS,STG_PORTAL_CKA_ANALYZE_BOSTON_4EDDC3919B__RECORDS,CITY,TEXT,
LIBRARY_STAGING,DBT_CROGERS,STG_PORTAL_CKA_ANALYZE_BOSTON_691C77C209__PLACES,CITY,TEXT,
LIBRARY_STAGING,DBT_CROGERS,STG_PORTAL_CKA_ANALYZE_BOSTON_7D75FD803F__RECORDS,CITY,TEXT,
LIBRARY_STAGING,DBT_CROGERS,STG_PORTAL_CKA_ANALYZE_BOSTON_7F82F529E8__RECORDS,CITY,TEXT,
LIBRARY_STAGING,DBT_CROGERS,STG_PORTAL_CKA_ANALYZE_BOSTON_8A02CA5E02__PLACES,CITY_REFERENCE,TEXT,
LIBRARY_STAGING,DBT_CROGERS,STG_PORTAL_CKA_ANALYZE_BOSTON_9A0FE05B1B__RECORDS,CITY_OR_STATE_MBE_WBE_CERTIFIED,TEXT,
LIBRARY_STAGING,DBT_CROGERS,STG_PORTAL_CKA_ANALYZE_BOSTON_9A0FE05B1B__RECORDS,CITY_SLBE_SBE_CERTIFIED,TEXT,
LIBRARY_STAGING,DBT_CROGERS,STG_PORTAL_CKA_ANALYZE_BOSTON_9FE0838E9F__PLACES,CITY,TEXT,
LIBRARY_STAGING,DBT_CROGERS,STG_PORTAL_CKA_ANALYZE_BOSTON_9FE0838E9F__PLACES,CITY_REGISTERED,TEXT,
LIBRARY_STAGING,DBT_CROGERS,STG_PORTAL_CKA_ANALYZE_BOSTON_9FE0838E9F__RECORDS,CITY,TEXT,
LIBRARY_STAGING,DBT_CROGERS,STG_PORTAL_CKA_ANALYZE_BOSTON_9FE0838E9F__RECORDS,CITY_REGISTERED,TEXT,
LIBRARY_STAGING,DBT_CROGERS,STG_PORTAL_CKA_ANALYZE_BOSTON_A6C2B4684A__RECORDS,TOWN,TEXT,
LIBRARY_STAGING,DBT_CROGERS,STG_PORTAL_CKA_ANALYZE_BOSTON_A6C2B4684A__RECORDS,TOWN_ID,TEXT,
LIBRARY_STAGING,DBT_CROGERS,STG_PORTAL_CKA_ANALYZE_BOSTON_D5A9AD584E__FILINGS,CITY_COUNCIL_DISTRICT,TEXT,
LIBRARY_STAGING,DBT_CROGERS,STG_PORTAL_CKA_ANALYZE_BOSTON_E4C004D662__CASES,CITY_COUNCIL_DISTRICT,TEXT,
LIBRARY_STAGING,DBT_CROGERS,STG_PORTAL_CKA_ANALYZE_BOSTON_E4C004D662__PLACES,CITY_COUNCIL_DISTRICT,TEXT,
LIBRARY_STAGING,DBT_CROGERS,STG_PORTAL_CKA_ANALYZE_BOSTON_F1B3F76830__PLACES,CONTACT_CITY,TEXT,
LIBRARY_STAGING,DBT_CROGERS,STG_PORTAL_CKA_ANALYZE_BOSTON_F1B3F76830__PLACES,VIOLATION_CITY,TEXT,
LIBRARY_STAGING,DBT_CROGERS,STG_PORTAL_CKA_ANALYZE_BOSTON_F1B3F76830__RECORDS,CONTACT_CITY,TEXT,
LIBRARY_STAGING,DBT_CROGERS,STG_PORTAL_CKA_ANALYZE_BOSTON_F1B3F76830__RECORDS,VIOLATION_CITY,TEXT,
LIBRARY_STAGING,DBT_CROGERS,STG_PORTAL_CKA_CALIFORNIA_OPEN_3BA640AA6E__PLACES,CITY,TEXT,
LIBRARY_STAGING,DBT_CROGERS,STG_PORTAL_CKA_CALIFORNIA_OPEN_490B55C81B__PLACES,CITY,TEXT,
LIBRARY_STAGING,DBT_CROGERS,STG_PORTAL_CKA_CALIFORNIA_OPEN_490B55C81B__RECORDS,CITY,TEXT,
LIBRARY_STAGING,DBT_CROGERS,STG_PORTAL_CKA_CALIFORNIA_OPEN_C19A7C8625__PLACES,CITY_TOWN_MUNICIPALITY,TEXT,
LIBRARY_STAGING,DBT_CROGERS,STG_PORTAL_CKA_CALIFORNIA_OPEN_C19A7C8625__RECORDS,CITY_TOWN_MUNICIPALITY,TEXT,
LIBRARY_STAGING,DBT_CROGERS,STG_PORTAL_CKA_CALIFORNIA_OPEN_CB7C3747FC__PLACES,CITY,TEXT,
LIBRARY_STAGING,DBT_CROGERS,STG_PORTAL_CKA_HOUSTON_OPEN_DAT_702315B033__RECORDS,CITY_NAME,TEXT,
LIBRARY_STAGING,DBT_CROGERS,STG_PORTAL_CKA_HOUSTON_OPEN_DAT_A4490182BA__PLACES,CITY,TEXT,
LIBRARY_STAGING,DBT_CROGERS,STG_PORTAL_CKA_HOUSTON_OPEN_DAT_A4490182BA__RECORDS,CITY,TEXT,
LIBRARY_STAGING,DBT_CROGERS,STG_PORTAL_CKA_INDIANA_DATA_HUB_78F3E49D13__PLACES,SCHOOL_CITY,TEXT,
LIBRARY_STAGING,DBT_CROGERS,STG_PORTAL_CKA_INDIANA_DATA_HUB_78F3E49D13__RECORDS,SCHOOL_CITY,TEXT,
LIBRARY_STAGING,DBT_CROGERS,STG_PORTAL_CKA_INDIANA_DATA_HUB_BA1B037C9E__PLACES,LOCATION_CITY,TEXT,
LIBRARY_STAGING,DBT_CROGERS,STG_PORTAL_CKA_ISRAEL_NATIONAL_03D9D0D534__PLACES,CITY,TEXT,
LIBRARY_STAGING,DBT_CROGERS,STG_PORTAL_CKA_ISRAEL_NATIONAL_03D9D0D534__RECORDS,CITY,TEXT,
LIBRARY_STAGING,DBT_CROGERS,STG_PORTAL_CKA_ISRAEL_NATIONAL_12FC0D7B44__PLACES,CITY,TEXT,
LIBRARY_STAGING,DBT_CROGERS,STG_PORTAL_CKA_ISRAEL_NATIONAL_148FDFE63D__RECORDS,CITY,TEXT,
LIBRARY_STAGING,DBT_CROGERS,STG_PORTAL_CKA_ISRAEL_NATIONAL_148FDFE63D__RECORDS,CITY_CODE,TEXT,
LIBRARY_STAGING,DBT_CROGERS,STG_PORTAL_CKA_ISRAEL_NATIONAL_32CF786F4C__RECORDS,MUNICIPALITY_ID,TEXT,
LIBRARY_STAGING,DBT_CROGERS,STG_PORTAL_CKA_ISRAEL_NATIONAL_32CF786F4C__RECORDS,MUNICIPALITY_NAME,TEXT,
LIBRARY_STAGING,DBT_CROGERS,STG_PORTAL_CKA_ISRAEL_NATIONAL_33BAA6B58A__RECORDS,CITY,TEXT,
LIBRARY_STAGING,DBT_CROGERS,STG_PORTAL_CKA_ISRAEL_NATIONAL_50096DDB0E__RECORDS,CITY_NAME,TEXT,
LIBRARY_STAGING,DBT_CROGERS,STG_PORTAL_CKA_ISRAEL_NATIONAL_52AD02EBE0__RECORDS,CITY,TEXT,
LIBRARY_STAGING,DBT_CROGERS,STG_PORTAL_CKA_ISRAEL_NATIONAL_6272F09A75__PLACES,CITY,TEXT,
LIBRARY_STAGING,DBT_CROGERS,STG_PORTAL_CKA_ISRAEL_NATIONAL_6272F09A75__RECORDS,CITY,TEXT,
LIBRARY_STAGING,DBT_CROGERS,STG_PORTAL_CKA_ISRAEL_NATIONAL_6FA4DE9040__PLACES,CITY,TEXT,
LIBRARY_STAGING,DBT_CROGERS,STG_PORTAL_CKA_ISRAEL_NATIONAL_936E1A0BA2__RECORDS,CITY,TEXT,
LIBRARY_STAGING,DBT_CROGERS,STG_PORTAL_CKA_ISRAEL_NATIONAL_936E1A0BA2__RECORDS,CITY_CODE,TEXT,
LIBRARY_STAGING,DBT_CROGERS,STG_PORTAL_CKA_ISRAEL_NATIONAL_94CE459E75__RECORDS,CITY,TEXT,
LIBRARY_STAGING,DBT_CROGERS,STG_PORTAL_CKA_ISRAEL_NATIONAL_B37BA647D0__RECORDS,CITY_NAME,TEXT,
LIBRARY_STAGING,DBT_CROGERS,STG_PORTAL_CKA_ISRAEL_NATIONAL_C05E5881A0__PLACES,CITY,TEXT,
LIBRARY_STAGING,DBT_CROGERS,STG_PORTAL_CKA_ISRAEL_NATIONAL_C05E5881A0__RECORDS,CITY,TEXT,
LIBRARY_STAGING,DBT_CROGERS,STG_PORTAL_CKA_ISRAEL_NATIONAL_C596979F55__PLACES,CITY,TEXT,
LIBRARY_STAGING,DBT_CROGERS,STG_PORTAL_CKA_ISRAEL_NATIONAL_CB289C316E__RECORDS,CITY_CODE,TEXT,
LIBRARY_STAGING,DBT_CROGERS,STG_PORTAL_CKA_ISRAEL_NATIONAL_CB289C316E__RECORDS,CITY_NAME,TEXT,
LIBRARY_STAGING,DBT_CROGERS,STG_PORTAL_CKA_ISRAEL_NATIONAL_DA3CA6DB5D__RECORDS,CITY_NAME,TEXT,
LIBRARY_STAGING,DBT_CROGERS,STG_PORTAL_CKA_OPEN_DATA_SA_5B3CE659E5__RECORDS,CITY,TEXT,
LIBRARY_STAGING,DBT_CROGERS,STG_PORTAL_CKA_OPEN_DATA_SA_E846782F2C__RECORDS,CITY,TEXT,
LIBRARY_STAGING,DBT_CROGERS,STG_PORTAL_CKA_OPEN_DATA_SA_E846782F2C__RECORDS,SAN_ANTONIO_CITY_LIMITS,TEXT,
LIBRARY_STAGING,DBT_CROGERS,STG_PORTAL_CKA_VIRGINIA_OPEN_DA_039AACD655__RECORDS,CITY,TEXT,
LIBRARY_STAGING,DBT_CROGERS,STG_PORTAL_CKA_VIRGINIA_OPEN_DA_1D39BDEC50__RECORDS,FAC_CITY,TEXT,
LIBRARY_STAGING,DBT_CROGERS,STG_PORTAL_CKA_VIRGINIA_OPEN_DA_3E67A117FB__PLACES,LOCALITY,TEXT,
LIBRARY_STAGING,DBT_CROGERS,STG_PORTAL_CKA_VIRGINIA_OPEN_DA_3E67A117FB__RECORDS,LOCALITY,TEXT,
LIBRARY_STAGING,DBT_CROGERS,STG_PORTAL_CKA_VIRGINIA_OPEN_DA_651C0C423A__PLACES,CITY,TEXT,
LIBRARY_STAGING,DBT_CROGERS,STG_PORTAL_CKA_VIRGINIA_OPEN_DA_651C0C423A__RECORDS,CITY,TEXT,
LIBRARY_STAGING,DBT_CROGERS,STG_PORTAL_CKA_VIRGINIA_OPEN_DA_6973FD2BA7__PLACES,CITY,TEXT,
LIBRARY_STAGING,DBT_CROGERS,STG_PORTAL_CKA_VIRGINIA_OPEN_DA_77706D86DA__RECORDS,SWC_LOC_CITY,TEXT,
LIBRARY_STAGING,DBT_CROGERS,STG_PORTAL_CKA_VIRGINIA_OPEN_DA_77706D86DA__RECORDS,SWC_OPE_CITY,TEXT,
LIBRARY_STAGING,DBT_CROGERS,STG_PORTAL_CKA_VIRGINIA_OPEN_DA_77706D86DA__RECORDS,SWC_TERM_FAC_CITY,TEXT,
LIBRARY_STAGING,DBT_CROGERS,STG_PORTAL_CKA_VIRGINIA_OPEN_DA_AC3869EE0E__RECORDS,CITY,TEXT,
LIBRARY_STAGING,DBT_CROGERS,STG_PORTAL_CKA_VIRGINIA_OPEN_DA_AC3869EE0E__RECORDS,P_CITY,TEXT,
LIBRARY_STAGING,DBT_CROGERS,STG_PORTAL_CKA_VIRGINIA_OPEN_DA_CBC7FE8B75__PLACES,INCIDENT_LOCALITY,TEXT,
LIBRARY_STAGING,DBT_CROGERS,STG_PORTAL_CKA_VIRGINIA_OPEN_DA_CBC7FE8B75__RECORDS,INCIDENT_LOCALITY,TEXT,
LIBRARY_STAGING,DBT_CROGERS,STG_PORTAL_CKA_VIRGINIA_OPEN_DA_E4498C978C__PLACES,PRP_SITE_CITY,TEXT,
LIBRARY_STAGING,DBT_CROGERS,STG_PORTAL_CKA_VIRGINIA_OPEN_DA_E4498C978C__RECORDS,PRP_SITE_CITY,TEXT,
LIBRARY_STAGING,DBT_CROGERS,STG_PORTAL_CKA_WESTERN_PENNSYLV_00FF03B195__PLACES,MUNICIPALITY,TEXT,
LIBRARY_STAGING,DBT_CROGERS,STG_PORTAL_CKA_WESTERN_PENNSYLV_070A16004D__PLACES,CITY,TEXT,
LIBRARY_STAGING,DBT_CROGERS,STG_PORTAL_CKA_WESTERN_PENNSYLV_070A16004D__RECORDS,CITY,TEXT,
LIBRARY_STAGING,DBT_CROGERS,STG_PORTAL_CKA_WESTERN_PENNSYLV_0AF7431C6C__FACILITIES,CITY_NAME,TEXT,
LIBRARY_STAGING,DBT_CROGERS,STG_PORTAL_CKA_WESTERN_PENNSYLV_26625D455C__PLACES,CITY,TEXT,
LIBRARY_STAGING,DBT_CROGERS,STG_PORTAL_CKA_WESTERN_PENNSYLV_26625D455C__PLACES,MANAGED_BY_CITY,TEXT,
LIBRARY_STAGING,DBT_CROGERS,STG_PORTAL_CKA_WESTERN_PENNSYLV_321A6575F3__PLACES,CITY,TEXT,
LIBRARY_STAGING,DBT_CROGERS,STG_PORTAL_CKA_WESTERN_PENNSYLV_4A48DEDEFA__PLACES,MUNICIPALITY,TEXT,
LIBRARY_STAGING,DBT_CROGERS,STG_PORTAL_CKA_WESTERN_PENNSYLV_4FC22C2C30__PLACES,CITY,TEXT,
LIBRARY_STAGING,DBT_CROGERS,STG_PORTAL_CKA_WESTERN_PENNSYLV_4FC22C2C30__RECORDS,CITY,TEXT,
LIBRARY_STAGING,DBT_CROGERS,STG_PORTAL_CKA_WESTERN_PENNSYLV_6A4C3E0E78__RECORDS,FACILITY_CITY,TEXT,
LIBRARY_STAGING,DBT_CROGERS,STG_PORTAL_CKA_WESTERN_PENNSYLV_6A4C3E0E78__RECORDS,FACILITY_MUNICIPALITY_NAME,TEXT,
LIBRARY_STAGING,DBT_CROGERS,STG_PORTAL_CKA_WESTERN_PENNSYLV_6EA0259598__PLACES,MUNICIPALITY,TEXT,
LIBRARY_STAGING,DBT_CROGERS,STG_PORTAL_CKA_WESTERN_PENNSYLV_7BFB1A4C7D__RECORDS,CITY,TEXT,
LIBRARY_STAGING,DBT_CROGERS,STG_PORTAL_CKA_WESTERN_PENNSYLV_AD0D8250DF__PLACES,BILLING_CITY,TEXT,
LIBRARY_STAGING,DBT_CROGERS,STG_PORTAL_CKA_WESTERN_PENNSYLV_B25E480DFC__ASSETS,CITY,TEXT,
LIBRARY_STAGING,DBT_CROGERS,STG_PORTAL_CKA_WESTERN_PENNSYLV_B25E480DFC__ASSETS,MUNICIPALITY,TEXT,
LIBRARY_STAGING,DBT_CROGERS,STG_PORTAL_CKA_WESTERN_PENNSYLV_C458F119B1__PLACES,CITY_TAX_DUE,TEXT,
LIBRARY_STAGING,DBT_CROGERS,STG_PORTAL_CKA_WESTERN_PENNSYLV_D7DA51769C__RECORDS,MUNICIPALITY,TEXT,
LIBRARY_STAGING,DBT_CROGERS,STG_PORTAL_CKA_WESTERN_PENNSYLV_DDB61776D0__RECORDS,CITY,TEXT,
LIBRARY_STAGING,DBT_CROGERS,STG_PORTAL_CKA_WESTERN_PENNSYLV_F6A018A1CB__RECORDS,CITY,TEXT,
LIBRARY_STAGING,DBT_CROGERS,STG_PORTAL_CKA_WESTERN_PENNSYLV_F810ADDEEC__PLACES,MUNICIPALITY,TEXT,
LIBRARY_STAGING,DBT_CROGERS,STG_PORTAL_CKA_WESTERN_PENNSYLV_F810ADDEEC__RECORDS,MUNICIPALITY,TEXT,
LIBRARY_STAGING,DBT_CROGERS,STG_PORTAL_CKA_WESTERN_PENNSYLV_FBECF42E16__RECORDS,ARC_CITY,TEXT,
LIBRARY_STAGING,DBT_CROGERS,STG_PORTAL_CKA_WESTERN_PENNSYLV_FD81B4FB82__RECORDS,CITY,TEXT,
LIBRARY_STAGING,DBT_CROGERS,STG_PORTAL_CKA_WPRDC_ALLEGHENY_12C9244C06__PLACES,CITY,TEXT,
LIBRARY_STAGING,DBT_CROGERS,STG_PORTAL_CKA_WPRDC_ALLEGHENY_12C9244C06__RECORDS,CITY,TEXT,
LIBRARY_STAGING,DBT_CROGERS,STG_PORTAL_CKA_WPRDC_ALLEGHENY_3CED3B9382__PLACES,CITY_TAX_DUE,TEXT,
LIBRARY_STAGING,DBT_CROGERS,STG_PORTAL_CKA_WPRDC_ALLEGHENY_49ED6437BF__RECORDS,CITY,TEXT,
LIBRARY_STAGING,DBT_CROGERS,STG_PORTAL_CKA_WPRDC_ALLEGHENY_508C030BD9__RECORDS,CITY,TEXT,
LIBRARY_STAGING,DBT_CROGERS,STG_PORTAL_CKA_WPRDC_ALLEGHENY_692C217FC7__PLACES,MUNICIPALITY,TEXT,
LIBRARY_STAGING,DBT_CROGERS,STG_PORTAL_CKA_WPRDC_ALLEGHENY_692C217FC7__RECORDS,MUNICIPALITY,TEXT,
LIBRARY_STAGING,DBT_CROGERS,STG_PORTAL_CKA_WPRDC_ALLEGHENY_694F40A849__PLACES,CITY,TEXT,
LIBRARY_STAGING,DBT_CROGERS,STG_PORTAL_CKA_WPRDC_ALLEGHENY_7583EABD41__PLACES,MUNICIPALITY,TEXT,
LIBRARY_STAGING,DBT_CROGERS,STG_PORTAL_CKA_WPRDC_ALLEGHENY_7B65AE0CFF__RECORDS,CITY,TEXT,
LIBRARY_STAGING,DBT_CROGERS,STG_PORTAL_CKA_WPRDC_ALLEGHENY_A859816F95__PLACES,MUNICIPALITY,TEXT,
LIBRARY_STAGING,DBT_CROGERS,STG_PORTAL_CKA_WPRDC_ALLEGHENY_B20A13551F__RECORDS,ARC_CITY,TEXT,
LIBRARY_STAGING,DBT_CROGERS,STG_PORTAL_CKA_WPRDC_ALLEGHENY_B78655DE4F__RECORDS,CITY,TEXT,
LIBRARY_STAGING,DBT_CROGERS,STG_PORTAL_CKA_WPRDC_ALLEGHENY_B9904B63C2__ASSETS,CITY,TEXT,
LIBRARY_STAGING,DBT_CROGERS,STG_PORTAL_CKA_WPRDC_ALLEGHENY_B9904B63C2__ASSETS,MUNICIPALITY,TEXT,
LIBRARY_STAGING,DBT_CROGERS,STG_PORTAL_CKA_WPRDC_ALLEGHENY_BB0184F847__PLACES,CITY,TEXT,
LIBRARY_STAGING,DBT_CROGERS,STG_PORTAL_CKA_WPRDC_ALLEGHENY_BB0184F847__RECORDS,CITY,TEXT,
LIBRARY_STAGING,DBT_CROGERS,STG_PORTAL_CKA_WPRDC_ALLEGHENY_BB1BD78412__PLACES,BILLING_CITY,TEXT,
LIBRARY_STAGING,DBT_CROGERS,STG_PORTAL_CKA_WPRDC_ALLEGHENY_CC9BA8BED2__PLACES,CITY,TEXT,
LIBRARY_STAGING,DBT_CROGERS,STG_PORTAL_CKA_WPRDC_ALLEGHENY_CC9BA8BED2__PLACES,MANAGED_BY_CITY,TEXT,
LIBRARY_STAGING,DBT_CROGERS,STG_PORTAL_CKA_WPRDC_ALLEGHENY_CDA9E537DC__RECORDS,MUNICIPALITY,TEXT,
LIBRARY_STAGING,DBT_CROGERS,STG_PORTAL_CKA_WPRDC_ALLEGHENY_DA448E7083__RECORDS,FACILITY_CITY,TEXT,
LIBRARY_STAGING,DBT_CROGERS,STG_PORTAL_CKA_WPRDC_ALLEGHENY_DA448E7083__RECORDS,FACILITY_MUNICIPALITY_NAME,TEXT,
LIBRARY_STAGING,DBT_CROGERS,STG_PORTAL_CKA_WPRDC_ALLEGHENY_DE448D04D4__FACILITIES,CITY_NAME,TEXT,
LIBRARY_STAGING,DBT_CROGERS,STG_PORTAL_CKA_WPRDC_ALLEGHENY_FA5CD1DACF__PLACES,MUNICIPALITY,TEXT,
LIBRARY_STAGING,DBT_CROGERS,STG_PORTAL_SOC_CAMBRIDGE_OPEN_D_8A1152140C__RECORDS,APPLICATION_STAMPED_BY_CITY_CLERK,TEXT,
LIBRARY_STAGING,DBT_CROGERS,STG_PORTAL_SOC_CAMBRIDGE_OPEN_D_8A1152140C__RECORDS,DECISION_STAMPED_BY_CITY_CLERK,TEXT,
LIBRARY_STAGING,DBT_CROGERS,STG_PORTAL_SOC_CAMBRIDGE_OPEN_D_8A1152140C__RECORDS,PETITIONER_CITY,TEXT,
LIBRARY_STAGING,DBT_CROGERS,STG_PORTAL_SOC_COLORADO_INFORMA_46101BE391__RECORDS,CITY,TEXT,
LIBRARY_STAGING,DBT_CROGERS,STG_PORTAL_SOC_COLORADO_INFORMA_4BAD70F01F__ORGANIZATIONS,CITY,TEXT,
LIBRARY_STAGING,DBT_CROGERS,STG_PORTAL_SOC_CONNECTICUT_OPEN_6BE2302812__ORGANIZATIONS,CITY,TEXT,
LIBRARY_STAGING,DBT_CROGERS,STG_PORTAL_SOC_CONNECTICUT_OPEN_AEB46F6C94__PLACES,C_6_CITY,TEXT,
LIBRARY_STAGING,DBT_CROGERS,STG_PORTAL_SOC_CONNECTICUT_OPEN_AEB46F6C94__RECORDS,C_6_CITY,TEXT,
LIBRARY_STAGING,DBT_CROGERS,STG_PORTAL_SOC_CONNECTICUT_OPEN_DEA6C4224A__PLACES,MUNICIPALITY,TEXT,
LIBRARY_STAGING,DBT_CROGERS,STG_PORTAL_SOC_CONNECTICUT_OPEN_FF2B86A533__PLACES,MUNICIPALITY,TEXT,
LIBRARY_STAGING,DBT_CROGERS,STG_PORTAL_SOC_CONNECTICUT_OPEN_FF2B86A533__RECORDS,MUNICIPALITY,TEXT,
LIBRARY_STAGING,DBT_CROGERS,STG_PORTAL_SOC_DATALA_LOS_ANGEL_361B8161B7__PLACES,CITY,TEXT,
LIBRARY_STAGING,DBT_CROGERS,STG_PORTAL_SOC_DATALA_LOS_ANGEL_361B8161B7__PLACES,MAILING_CITY,TEXT,
LIBRARY_STAGING,DBT_CROGERS,STG_PORTAL_SOC_DATALA_LOS_ANGEL_361B8161B7__RECORDS,CITY,TEXT,
LIBRARY_STAGING,DBT_CROGERS,STG_PORTAL_SOC_DATALA_LOS_ANGEL_361B8161B7__RECORDS,MAILING_CITY,TEXT,
LIBRARY_STAGING,DBT_CROGERS,STG_PORTAL_SOC_DATALA_LOS_ANGEL_DC3670AFE1__PLACES,CITY,TEXT,
LIBRARY_STAGING,DBT_CROGERS,STG_PORTAL_SOC_DATALA_LOS_ANGEL_DC3670AFE1__PLACES,MAILING_CITY,TEXT,
LIBRARY_STAGING,DBT_CROGERS,STG_PORTAL_SOC_DATALA_LOS_ANGEL_DC3670AFE1__RECORDS,CITY,TEXT,
LIBRARY_STAGING,DBT_CROGERS,STG_PORTAL_SOC_DATALA_LOS_ANGEL_DC3670AFE1__RECORDS,MAILING_CITY,TEXT,
LIBRARY_STAGING,DBT_CROGERS,STG_PORTAL_SOC_NEW_YORK_STATE_O_0C94DD2B8A__RECORDS,CITY_OF_FACILITY,TEXT,
LIBRARY_STAGING,DBT_CROGERS,STG_PORTAL_SOC_NEW_YORK_STATE_O_C08EFA40C8__RECORDS,MUNICIPALITY,TEXT,
LIBRARY_STAGING,DBT_CROGERS,STG_PORTAL_SOC_OPEN_DATA_BR_6083BC2934__RECORDS,CITY,TEXT,
LIBRARY_STAGING,DBT_CROGERS,STG_PORTAL_SOC_OPEN_DATA_BR_C110D5CF59__PLACES,CITY,TEXT,
LIBRARY_STAGING,DBT_CROGERS,STG_PORTAL_SOC_OPEN_DATA_BR_C110D5CF59__PLACES,PLACE_NAME,TEXT,
LIBRARY_STAGING,DBT_CROGERS,STG_PORTAL_SOC_OPEN_DATA_BR_C110D5CF59__RECORDS,CITY,TEXT,
LIBRARY_STAGING,DBT_CROGERS,STG_PORTAL_SOC_OPEN_DATA_BR_C110D5CF59__RECORDS,PLACE_NAME,TEXT,
LIBRARY_STAGING,DBT_CROGERS,STG_PORTAL_SOC_SEATTLE_OPEN_DAT_C8F2072189__PLACES,CITY,TEXT,
LIBRARY_STAGING,DBT_CROGERS,STG_PORTAL_SOC_SEATTLE_OPEN_DAT_C8F2072189__PLACES,CITY_ACCOUNT_NUMBER,TEXT,
LIBRARY_STAGING,DBT_CROGERS,STG_PORTAL_SOC_SEATTLE_OPEN_DAT_C8F2072189__RECORDS,CITY,TEXT,
LIBRARY_STAGING,DBT_CROGERS,STG_PORTAL_SOC_SEATTLE_OPEN_DAT_C8F2072189__RECORDS,CITY_ACCOUNT_NUMBER,TEXT,
LIBRARY_STAGING,DBT_CROGERS,STG_PORTAL_SOC_SF_OPENDATA_DATA_79618299A6__PLACES,CITY,TEXT,
LIBRARY_STAGING,DBT_CROGERS,STG_PORTAL_SOC_SF_OPENDATA_DATA_79618299A6__PLACES,MAIL_CITY,TEXT,
LIBRARY_STAGING,DBT_CROGERS,STG_PORTAL_SOC_SF_OPENDATA_DATA_79618299A6__RECORDS,CITY,TEXT,
LIBRARY_STAGING,DBT_CROGERS,STG_PORTAL_SOC_SF_OPENDATA_DATA_79618299A6__RECORDS,MAIL_CITY,TEXT,
LIBRARY_STAGING,DBT_CROGERS,STG_PORTAL_SOC_SF_OPENDATA_DATA_C19EE9EB44__PROVIDERS,CITY,TEXT,
LIBRARY_STAGING,DBT_CROGERS,STG_PORTAL_SOC_SF_OPENDATA_DATA_C19EE9EB44__RECORDS,CITY,TEXT,
LIBRARY_STAGING,DBT_CROGERS,STG_PORTAL_SOC_TEXAS_OPEN_DATA_0F8F4663C8__RECORDS,CITY,TEXT,
LIBRARY_STAGING,DBT_CROGERS,STG_PORTAL_SOC_TEXAS_OPEN_DATA_28E2F49084__ORGANIZATIONS,CITY,TEXT,
LIBRARY_STAGING,DBT_CROGERS,STG_PORTAL_SOC_TEXAS_OPEN_DATA_28E2F49084__RECORDS,CITY,TEXT,
LIBRARY_STAGING,DBT_CROGERS,STG_PORTAL_SOC_TEXAS_OPEN_DATA_354E3ABF4F__PLACES,SITE_CITY_NAME,TEXT,
LIBRARY_STAGING,DBT_CROGERS,STG_PORTAL_SOC_TEXAS_OPEN_DATA_354E3ABF4F__RECORDS,SITE_CITY_NAME,TEXT,
LIBRARY_STAGING,DBT_CROGERS,STG_PORTAL_SOC_TEXAS_OPEN_DATA_5410A1009F__PLACES,OUTLET_CITY,TEXT,
LIBRARY_STAGING,DBT_CROGERS,STG_PORTAL_SOC_TEXAS_OPEN_DATA_5410A1009F__PLACES,OUTLET_INSIDE_OUTSIDE_CITY_LIMITS_INDICATOR,TEXT,
LIBRARY_STAGING,DBT_CROGERS,STG_PORTAL_SOC_TEXAS_OPEN_DATA_5410A1009F__PLACES,TAXPAYER_CITY,TEXT,
LIBRARY_STAGING,DBT_CROGERS,STG_PORTAL_SOC_TEXAS_OPEN_DATA_5410A1009F__RECORDS,OUTLET_CITY,TEXT,
LIBRARY_STAGING,DBT_CROGERS,STG_PORTAL_SOC_TEXAS_OPEN_DATA_5410A1009F__RECORDS,OUTLET_INSIDE_OUTSIDE_CITY_LIMITS_INDICATOR,TEXT,
LIBRARY_STAGING,DBT_CROGERS,STG_PORTAL_SOC_TEXAS_OPEN_DATA_5410A1009F__RECORDS,TAXPAYER_CITY,TEXT,
LIBRARY_STAGING,DBT_CROGERS,STG_PORTAL_SOC_TEXAS_OPEN_DATA_6F798A64FA__ORGANIZATIONS,CITY,TEXT,
LIBRARY_STAGING,DBT_CROGERS,STG_PORTAL_SOC_TEXAS_OPEN_DATA_6F798A64FA__RECORDS,CITY,TEXT,
LIBRARY_STAGING,DBT_CROGERS,STG_PORTAL_SOC_TEXAS_OPEN_DATA_A415622C5D__PLACES,CITY_TAID,TEXT,
LIBRARY_STAGING,DBT_CROGERS,STG_PORTAL_SOC_TEXAS_OPEN_DATA_A415622C5D__PLACES,JURIS_CITY,TEXT,
LIBRARY_STAGING,DBT_CROGERS,STG_PORTAL_SOC_TEXAS_OPEN_DATA_A415622C5D__PLACES,LOC_CITY,TEXT,
LIBRARY_STAGING,DBT_CROGERS,STG_PORTAL_SOC_TEXAS_OPEN_DATA_A415622C5D__PLACES,TP_CITY,TEXT,
LIBRARY_STAGING,DBT_CROGERS,STG_PORTAL_SOC_TEXAS_OPEN_DATA_A415622C5D__RECORDS,CITY_TAID,TEXT,
LIBRARY_STAGING,DBT_CROGERS,STG_PORTAL_SOC_TEXAS_OPEN_DATA_A415622C5D__RECORDS,JURIS_CITY,TEXT,
LIBRARY_STAGING,DBT_CROGERS,STG_PORTAL_SOC_TEXAS_OPEN_DATA_A415622C5D__RECORDS,LOC_CITY,TEXT,
LIBRARY_STAGING,DBT_CROGERS,STG_PORTAL_SOC_TEXAS_OPEN_DATA_A415622C5D__RECORDS,TP_CITY,TEXT,
LIBRARY_STAGING,DBT_CROGERS,STG_PORTAL_SOC_TEXAS_OPEN_DATA_B4FDC1DC58__FACILITIES,CITY,TEXT,
LIBRARY_STAGING,DBT_CROGERS,STG_PORTAL_SOC_TEXAS_OPEN_DATA_DA657010B1__PLACES,LOC_CITY,TEXT,
LIBRARY_STAGING,DBT_CROGERS,STG_PORTAL_SOC_TEXAS_OPEN_DATA_DA657010B1__PLACES,LOC_CITY_ANNEX,TEXT,
LIBRARY_STAGING,DBT_CROGERS,STG_PORTAL_SOC_TEXAS_OPEN_DATA_DA657010B1__RECORDS,LOC_CITY,TEXT,
LIBRARY_STAGING,DBT_CROGERS,STG_PORTAL_SOC_TEXAS_OPEN_DATA_DA657010B1__RECORDS,LOC_CITY_ANNEX,TEXT,
LIBRARY_STAGING,DBT_CROGERS,STG_PORTAL_SOC_TEXAS_OPEN_DATA_F525266F32__FACILITIES,CITY,TEXT,
LIBRARY_STAGING,DBT_CROGERS,STG_PORTAL_SOC_UTAH_OPEN_DATA_P_103F7D641F__ORGANIZATIONS,RECIPIENT_CITY_CODE,TEXT,
LIBRARY_STAGING,DBT_CROGERS,STG_PORTAL_SOC_UTAH_OPEN_DATA_P_103F7D641F__ORGANIZATIONS,RECIPIENT_CITY_NAME,TEXT,
LIBRARY_STAGING,DBT_CROGERS,STG_PORTAL_SOC_UTAH_OPEN_DATA_P_103F7D641F__RECORDS,RECIPIENT_CITY_CODE,TEXT,
LIBRARY_STAGING,DBT_CROGERS,STG_PORTAL_SOC_UTAH_OPEN_DATA_P_103F7D641F__RECORDS,RECIPIENT_CITY_NAME,TEXT,
LIBRARY_STAGING,DBT_CROGERS,STG_PORTAL_SOC_UTAH_OPEN_DATA_P_1614522F52__RECORDS,CITY,TEXT,
LIBRARY_STAGING,DBT_CROGERS,STG_PORTAL_SOC_UTAH_OPEN_DATA_P_17CB6B615F__ORGANIZATIONS,CITY,TEXT,
LIBRARY_STAGING,DBT_CROGERS,STG_PORTAL_SOC_UTAH_OPEN_DATA_P_4EBA247771__PROVIDERS,PROVIDER_CITY_NAME,TEXT,
LIBRARY_STAGING,DBT_CROGERS,STG_PORTAL_SOC_UTAH_OPEN_DATA_P_589CC47A29__RECORDS,CITY,TEXT,
LIBRARY_STAGING,DBT_CROGERS,STG_PORTAL_SOC_UTAH_OPEN_DATA_P_5EF68422FF__ORGANIZATIONS,CITY_LOCAL_GOVERNMENT,TEXT,
LIBRARY_STAGING,DBT_CROGERS,STG_PORTAL_SOC_UTAH_OPEN_DATA_P_5EF68422FF__ORGANIZATIONS,MUNICIPALITY_LOCAL_GOVERNMENT,TEXT,
LIBRARY_STAGING,DBT_CROGERS,STG_PORTAL_SOC_UTAH_OPEN_DATA_P_5EF68422FF__ORGANIZATIONS,RECIPIENT_CITY_NAME,TEXT,
LIBRARY_STAGING,DBT_CROGERS,STG_PORTAL_SOC_UTAH_OPEN_DATA_P_5EF68422FF__RECORDS,CITY_LOCAL_GOVERNMENT,TEXT,
LIBRARY_STAGING,DBT_CROGERS,STG_PORTAL_SOC_UTAH_OPEN_DATA_P_5EF68422FF__RECORDS,MUNICIPALITY_LOCAL_GOVERNMENT,TEXT,
LIBRARY_STAGING,DBT_CROGERS,STG_PORTAL_SOC_UTAH_OPEN_DATA_P_5EF68422FF__RECORDS,RECIPIENT_CITY_NAME,TEXT,
LIBRARY_STAGING,DBT_CROGERS,STG_PORTAL_SOC_UTAH_OPEN_DATA_P_701571FD92__PROVIDERS,PROVIDER_BUSINESS_PRACTICE_LOCATION_ADDRESS_CITY_NAME,TEXT,
LIBRARY_STAGING,DBT_CROGERS,STG_PORTAL_SOC_UTAH_OPEN_DATA_P_7186EDB84B__PROVIDERS,CITY,TEXT,
LIBRARY_STAGING,DBT_CROGERS,STG_PORTAL_SOC_UTAH_OPEN_DATA_P_81A81B1650__RECORDS,CITY,TEXT,
LIBRARY_STAGING,DBT_CROGERS,STG_PORTAL_SOC_UTAH_OPEN_DATA_P_8DE28DA9D9__RECORDS,CITY,TEXT,
LIBRARY_STAGING,DBT_CROGERS,STG_PORTAL_SOC_UTAH_OPEN_DATA_P_A5AE4FD7A4__FACILITIES,CITY,TEXT,
LIBRARY_STAGING,DBT_CROGERS,STG_PORTAL_SOC_UTAH_OPEN_DATA_P_A5AE4FD7A4__PROVIDERS,CITY,TEXT,
LIBRARY_STAGING,DBT_CROGERS,STG_PORTAL_SOC_UTAH_OPEN_DATA_P_A9B7E273C8__FACILITIES,CITY,TEXT,
LIBRARY_STAGING,DBT_CROGERS,STG_PORTAL_SOC_UTAH_OPEN_DATA_P_A9B7E273C8__PROVIDERS,CITY,TEXT,
LIBRARY_STAGING,DBT_CROGERS,STG_PORTAL_SOC_UTAH_OPEN_DATA_P_D4ACA49A9B__PROVIDERS,PROVIDER_CITY_NAME,TEXT,
LIBRARY_STAGING,DBT_CROGERS,STG_PORTAL_SOC_UTAH_OPEN_DATA_P_D5F7CA2621__PLACES,C_6_CITY,TEXT,
LIBRARY_STAGING,DBT_CROGERS,STG_PORTAL_SOC_UTAH_OPEN_DATA_P_D5F7CA2621__RECORDS,C_6_CITY,TEXT,
LIBRARY_STAGING,DBT_CROGERS,STG_PORTAL_SOC_UTAH_OPEN_DATA_P_DCD75231F6__FACILITIES,CITY,TEXT,
LIBRARY_STAGING,DBT_CROGERS,STG_PORTAL_SOC_UTAH_OPEN_DATA_P_F1292B8D2F__ORGANIZATIONS,ESTABLISHMENT_CITY,TEXT,
LIBRARY_STAGING,DBT_CROGERS,STG_PORTAL_SOC_UTAH_OPEN_DATA_P_F1292B8D2F__ORGANIZATIONS,PARENT_COMPANY_CITY,TEXT,
LIBRARY_STAGING,DBT_CROGERS,STG_PORTAL_SOC_UTAH_OPEN_DATA_P_F1292B8D2F__RECORDS,ESTABLISHMENT_CITY,TEXT,
LIBRARY_STAGING,DBT_CROGERS,STG_PORTAL_SOC_UTAH_OPEN_DATA_P_F1292B8D2F__RECORDS,PARENT_COMPANY_CITY,TEXT,
LIBRARY_STAGING,DBT_CROGERS,STG_PORTAL_SOC_UTAH_OPEN_DATA_P_F8CDD62630__PROVIDERS,PROVIDER_CITY_NAME,TEXT,
LIBRARY_STAGING,DBT_CROGERS,STG_STATE_MO_SEX_OFFENDER_REGISTRY__OFFENSES,CITY,TEXT,
LIBRARY_STAGING,DBT_CROGERS,STG_ST_NYC_CFB_CAMPAIGN_2001_CONTRIBUTION__CONTRIBUTIONS,CITY,TEXT,
LIBRARY_STAGING,DBT_CROGERS,STG_ST_NYC_CFB_CAMPAIGN_2001_CONTRIBUTION__CONTRIBUTIONS,EMPLOYER_CITY,TEXT,
LIBRARY_STAGING,DBT_CROGERS,STG_ST_NYC_CFB_CAMPAIGN_2001_CONTRIBUTION__CONTRIBUTIONS,INTERMEDIARY_CITY,TEXT,
LIBRARY_STAGING,DBT_CROGERS,STG_ST_NYC_CFB_CAMPAIGN_2001_CONTRIBUTION__CONTRIBUTIONS,INTERMEDIARY_EMPLOYER_CITY,TEXT,
LIBRARY_STAGING,DBT_CROGERS,STG_ST_NYC_CFB_CAMPAIGN_2009_CONTRIBUTION__CONTRIBUTIONS,CITY,TEXT,
LIBRARY_STAGING,DBT_CROGERS,STG_ST_NYC_CFB_CAMPAIGN_2009_CONTRIBUTION__CONTRIBUTIONS,EMPLOYER_CITY,TEXT,
LIBRARY_STAGING,DBT_CROGERS,STG_ST_NYC_CFB_CAMPAIGN_2009_CONTRIBUTION__CONTRIBUTIONS,INTERMEDIARY_CITY,TEXT,
LIBRARY_STAGING,DBT_CROGERS,STG_ST_NYC_CFB_CAMPAIGN_2009_CONTRIBUTION__CONTRIBUTIONS,INTERMEDIARY_EMPLOYER_CITY,TEXT,
LIBRARY_STAGING,DBT_CROGERS,STG_ST_NYC_CFB_CAMPAIGN_2013_CONTRIBUTION__CONTRIBUTIONS,CITY,TEXT,
LIBRARY_STAGING,DBT_CROGERS,STG_ST_NYC_CFB_CAMPAIGN_2013_CONTRIBUTION__CONTRIBUTIONS,EMPLOYER_CITY,TEXT,
LIBRARY_STAGING,DBT_CROGERS,STG_ST_NYC_CFB_CAMPAIGN_2013_CONTRIBUTION__CONTRIBUTIONS,INTERMEDIARY_CITY,TEXT,
LIBRARY_STAGING,DBT_CROGERS,STG_ST_NYC_CFB_CAMPAIGN_2013_CONTRIBUTION__CONTRIBUTIONS,INTERMEDIARY_EMPLOYER_CITY,TEXT,
LIBRARY_STAGING,DBT_CROGERS,STG_ST_NYC_CFB_CAMPAIGN_2021_CONTRIBUTIONS__CONTRIBUTIONS,CITY,TEXT,
LIBRARY_STAGING,DBT_CROGERS,STG_ST_NYC_CFB_CAMPAIGN_2021_CONTRIBUTIONS__CONTRIBUTIONS,EMPLOYER_CITY,TEXT,
LIBRARY_STAGING,DBT_CROGERS,STG_ST_NYC_CFB_CAMPAIGN_2021_CONTRIBUTIONS__CONTRIBUTIONS,INTERMEDIARY_CITY,TEXT,
LIBRARY_STAGING,DBT_CROGERS,STG_ST_NYC_CFB_CAMPAIGN_2021_CONTRIBUTIONS__CONTRIBUTIONS,INTERMEDIARY_EMPLOYER_CITY,TEXT,
LIBRARY_STAGING,DBT_CROGERS,STG_ST_NYC_CFB_CAMPAIGN_2025_CONTRIBUTIONS__CONTRIBUTIONS,CITY,TEXT,
LIBRARY_STAGING,DBT_CROGERS,STG_ST_NYC_CFB_CAMPAIGN_2025_CONTRIBUTIONS__CONTRIBUTIONS,EMPLOYER_CITY,TEXT,
LIBRARY_STAGING,DBT_CROGERS,STG_ST_NYC_CFB_CAMPAIGN_2025_CONTRIBUTIONS__CONTRIBUTIONS,INTERMEDIARY_CITY,TEXT,
LIBRARY_STAGING,DBT_CROGERS,STG_ST_NYC_CFB_CAMPAIGN_2025_CONTRIBUTIONS__CONTRIBUTIONS,INTERMEDIARY_EMPLOYER_CITY,TEXT,
LIBRARY_STAGING,DBT_CROGERS,STG_UK_COMPANIES_HOUSE_PSC__PSC_RECORDS,ADDRESS_LOCALITY,TEXT,
LIBRARY_STAGING,DBT_CROGERS,STG_XC_UK_SANCTIONS_LIST__DESIGNATED_PERSON,TOWN_OF_BIRTH,TEXT,
LIBRARY_STAGING,DBT_CROGERS,STG_XC_UK_SANCTIONS_LIST__DESIGNATIONS,TOWN_OF_BIRTH,TEXT,
LIBRARY_STAGING,DBT_CROGERS,STG_XC_WAPO_FATAL_FORCE__RECORDS,CITY,TEXT,
