
=== FED_FDA_MAUDE_FULL (openFDA Device Adverse Events (MAUDE, full bulk)) === split-load: 365 source file(s), chunk=2000 records/part
    resuming: 244/365 source file(s) already staged (checkpoint)
    [1/365] already staged, skipping: https://download.open.fda.gov/device/event/2004q3/device-event-0001-of-0001.json.zip
    [2/365] already staged, skipping: https://download.open.fda.gov/device/event/1994q4/device-event-0001-of-0001.json.zip
    [3/365] already staged, skipping: https://download.open.fda.gov/device/event/1997q3/device-event-0001-of-0001.json.zip
    [4/365] already staged, skipping: https://download.open.fda.gov/device/event/2020q3/device-event-0001-of-0005.json.zip
    [5/365] already staged, skipping: https://download.open.fda.gov/device/event/2020q3/device-event-0002-of-0005.json.zip
    [6/365] already staged, skipping: https://download.open.fda.gov/device/event/2020q3/device-event-0003-of-0005.json.zip
    [7/365] already staged, skipping: https://download.open.fda.gov/device/event/2020q3/device-event-0004-of-0005.json.zip
    [8/365] already staged, skipping: https://download.open.fda.gov/device/event/2020q3/device-event-0005-of-0005.json.zip
    [9/365] already staged, skipping: https://download.open.fda.gov/device/event/2010q4/device-event-0001-of-0001.json.zip
    [10/365] already staged, skipping: https://download.open.fda.gov/device/event/2005q2/device-event-0001-of-0001.json.zip
    [11/365] already staged, skipping: https://download.open.fda.gov/device/event/2013q2/device-event-0001-of-0002.json.zip
    [12/365] already staged, skipping: https://download.open.fda.gov/device/event/2013q2/device-event-0002-of-0002.json.zip
    [13/365] already staged, skipping: https://download.open.fda.gov/device/event/2003q1/device-event-0001-of-0001.json.zip
    [14/365] already staged, skipping: https://download.open.fda.gov/device/event/2008q4/device-event-0001-of-0001.json.zip
    [15/365] already staged, skipping: https://download.open.fda.gov/device/event/1999q2/device-event-0001-of-0001.json.zip
    [16/365] already staged, skipping: https://download.open.fda.gov/device/event/1992q2/device-event-0001-of-0001.json.zip
    [17/365] already staged, skipping: https://download.open.fda.gov/device/event/2014q1/device-event-0001-of-0003.json.zip
    [18/365] already staged, skipping: https://download.open.fda.gov/device/event/2014q1/device-event-0002-of-0003.json.zip
    [19/365] already staged, skipping: https://download.open.fda.gov/device/event/2014q1/device-event-0003-of-0003.json.zip
    [20/365] already staged, skipping: https://download.open.fda.gov/device/event/2025q4/device-event-0001-of-0008.json.zip
    [21/365] already staged, skipping: https://download.open.fda.gov/device/event/2025q4/device-event-0002-of-0008.json.zip
    [22/365] already staged, skipping: https://download.open.fda.gov/device/event/2025q4/device-event-0003-of-0008.json.zip
    [23/365] already staged, skipping: https://download.open.fda.gov/device/event/2025q4/device-event-0004-of-0008.json.zip
    [24/365] already staged, skipping: https://download.open.fda.gov/device/event/2025q4/device-event-0005-of-0008.json.zip
    [25/365] already staged, skipping: https://download.open.fda.gov/device/event/2025q4/device-event-0006-of-0008.json.zip
    [26/365] already staged, skipping: https://download.open.fda.gov/device/event/2025q4/device-event-0007-of-0008.json.zip
    [27/365] already staged, skipping: https://download.open.fda.gov/device/event/2025q4/device-event-0008-of-0008.json.zip
    [28/365] already staged, skipping: https://download.open.fda.gov/device/event/2018q4/device-event-0001-of-0003.json.zip
    [29/365] already staged, skipping: https://download.open.fda.gov/device/event/2018q4/device-event-0002-of-0003.json.zip
    [30/365] already staged, skipping: https://download.open.fda.gov/device/event/2018q4/device-event-0003-of-0003.json.zip
    [31/365] already staged, skipping: https://download.open.fda.gov/device/event/2013q1/device-event-0001-of-0002.json.zip
    [32/365] already staged, skipping: https://download.open.fda.gov/device/event/2013q1/device-event-0002-of-0002.json.zip
    [33/365] already staged, skipping: https://download.open.fda.gov/device/event/2009q4/device-event-0001-of-0001.json.zip
    [34/365] already staged, skipping: https://download.open.fda.gov/device/event/2011q3/device-event-0001-of-0002.json.zip
    [35/365] already staged, skipping: https://download.open.fda.gov/device/event/2011q3/device-event-0002-of-0002.json.zip
    [36/365] already staged, skipping: https://download.open.fda.gov/device/event/1995q1/device-event-0001-of-0001.json.zip
    [37/365] already staged, skipping: https://download.open.fda.gov/device/event/2009q2/device-event-0001-of-0001.json.zip
    [38/365] already staged, skipping: https://download.open.fda.gov/device/event/2000q4/device-event-0001-of-0001.json.zip
    [39/365] already staged, skipping: https://download.open.fda.gov/device/event/2023q3/device-event-0001-of-0007.json.zip
    [40/365] already staged, skipping: https://download.open.fda.gov/device/event/2023q3/device-event-0002-of-0007.json.zip
    [41/365] already staged, skipping: https://download.open.fda.gov/device/event/2023q3/device-event-0003-of-0007.json.zip
    [42/365] already staged, skipping: https://download.open.fda.gov/device/event/2023q3/device-event-0004-of-0007.json.zip
    [43/365] already staged, skipping: https://download.open.fda.gov/device/event/2023q3/device-event-0005-of-0007.json.zip
    [44/365] already staged, skipping: https://download.open.fda.gov/device/event/2023q3/device-event-0006-of-0007.json.zip
    [45/365] already staged, skipping: https://download.open.fda.gov/device/event/2023q3/device-event-0007-of-0007.json.zip
    [46/365] already staged, skipping: https://download.open.fda.gov/device/event/2007q1/device-event-0001-of-0001.json.zip
    [47/365] already staged, skipping: https://download.open.fda.gov/device/event/1993q2/device-event-0001-of-0001.json.zip
    [48/365] already staged, skipping: https://download.open.fda.gov/device/event/1997q2/device-event-0001-of-0001.json.zip
    [49/365] already staged, skipping: https://download.open.fda.gov/device/event/1998q3/device-event-0001-of-0001.json.zip
    [50/365] already staged, skipping: https://download.open.fda.gov/device/event/2026q2/device-event-0001-of-0010.json.zip
    [51/365] already staged, skipping: https://download.open.fda.gov/device/event/2026q2/device-event-0002-of-0010.json.zip
    [52/365] already staged, skipping: https://download.open.fda.gov/device/event/2026q2/device-event-0003-of-0010.json.zip
    [53/365] already staged, skipping: https://download.open.fda.gov/device/event/2026q2/device-event-0004-of-0010.json.zip
    [54/365] already staged, skipping: https://download.open.fda.gov/device/event/2026q2/device-event-0005-of-0010.json.zip
    [55/365] already staged, skipping: https://download.open.fda.gov/device/event/2026q2/device-event-0006-of-0010.json.zip
    [56/365] already staged, skipping: https://download.open.fda.gov/device/event/2026q2/device-event-0007-of-0010.json.zip
    [57/365] already staged, skipping: https://download.open.fda.gov/device/event/2026q2/device-event-0008-of-0010.json.zip
    [58/365] already staged, skipping: https://download.open.fda.gov/device/event/2026q2/device-event-0009-of-0010.json.zip
    [59/365] already staged, skipping: https://download.open.fda.gov/device/event/2026q2/device-event-0010-of-0010.json.zip
    [60/365] already staged, skipping: https://download.open.fda.gov/device/event/2020q4/device-event-0001-of-0006.json.zip
    [61/365] already staged, skipping: https://download.open.fda.gov/device/event/2020q4/device-event-0002-of-0006.json.zip
    [62/365] already staged, skipping: https://download.open.fda.gov/device/event/2020q4/device-event-0003-of-0006.json.zip
    [63/365] already staged, skipping: https://download.open.fda.gov/device/event/2020q4/device-event-0004-of-0006.json.zip
    [64/365] already staged, skipping: https://download.open.fda.gov/device/event/2020q4/device-event-0005-of-0006.json.zip
    [65/365] already staged, skipping: https://download.open.fda.gov/device/event/2020q4/device-event-0006-of-0006.json.zip
    [66/365] already staged, skipping: https://download.open.fda.gov/device/event/1996q4/device-event-0001-of-0001.json.zip
    [67/365] already staged, skipping: https://download.open.fda.gov/device/event/2025q3/device-event-0001-of-0009.json.zip
    [68/365] already staged, skipping: https://download.open.fda.gov/device/event/2025q3/device-event-0002-of-0009.json.zip
    [69/365] already staged, skipping: https://download.open.fda.gov/device/event/2025q3/device-event-0003-of-0009.json.zip
    [70/365] already staged, skipping: https://download.open.fda.gov/device/event/2025q3/device-event-0004-of-0009.json.zip
    [71/365] already staged, skipping: https://download.open.fda.gov/device/event/2025q3/device-event-0005-of-0009.json.zip
    [72/365] already staged, skipping: https://download.open.fda.gov/device/event/2025q3/device-event-0006-of-0009.json.zip
    [73/365] already staged, skipping: https://download.open.fda.gov/device/event/2025q3/device-event-0007-of-0009.json.zip
    [74/365] already staged, skipping: https://download.open.fda.gov/device/event/2025q3/device-event-0008-of-0009.json.zip
    [75/365] already staged, skipping: https://download.open.fda.gov/device/event/2025q3/device-event-0009-of-0009.json.zip
    [76/365] already staged, skipping: https://download.open.fda.gov/device/event/2024q2/device-event-0001-of-0007.json.zip
    [77/365] already staged, skipping: https://download.open.fda.gov/device/event/2024q2/device-event-0002-of-0007.json.zip
    [78/365] already staged, skipping: https://download.open.fda.gov/device/event/2024q2/device-event-0003-of-0007.json.zip
    [79/365] already staged, skipping: https://download.open.fda.gov/device/event/2024q2/device-event-0004-of-0007.json.zip
    [80/365] already staged, skipping: https://download.open.fda.gov/device/event/2024q2/device-event-0005-of-0007.json.zip
    [81/365] already staged, skipping: https://download.open.fda.gov/device/event/2024q2/device-event-0006-of-0007.json.zip
    [82/365] already staged, skipping: https://download.open.fda.gov/device/event/2024q2/device-event-0007-of-0007.json.zip
    [83/365] already staged, skipping: https://download.open.fda.gov/device/event/2005q4/device-event-0001-of-0001.json.zip
    [84/365] already staged, skipping: https://download.open.fda.gov/device/event/2011q1/device-event-0001-of-0002.json.zip
    [85/365] already staged, skipping: https://download.open.fda.gov/device/event/2011q1/device-event-0002-of-0002.json.zip
    [86/365] already staged, skipping: https://download.open.fda.gov/device/event/2014q3/device-event-0001-of-0003.json.zip
    [87/365] already staged, skipping: https://download.open.fda.gov/device/event/2014q3/device-event-0002-of-0003.json.zip
    [88/365] already staged, skipping: https://download.open.fda.gov/device/event/2014q3/device-event-0003-of-0003.json.zip
    [89/365] already staged, skipping: https://download.open.fda.gov/device/event/2022q2/device-event-0001-of-0010.json.zip
    [90/365] already staged, skipping: https://download.open.fda.gov/device/event/2022q2/device-event-0002-of-0010.json.zip
    [91/365] already staged, skipping: https://download.open.fda.gov/device/event/2022q2/device-event-0003-of-0010.json.zip
    [92/365] already staged, skipping: https://download.open.fda.gov/device/event/2022q2/device-event-0004-of-0010.json.zip
    [93/365] already staged, skipping: https://download.open.fda.gov/device/event/2022q2/device-event-0005-of-0010.json.zip
    [94/365] already staged, skipping: https://download.open.fda.gov/device/event/2022q2/device-event-0006-of-0010.json.zip
    [95/365] already staged, skipping: https://download.open.fda.gov/device/event/2022q2/device-event-0007-of-0010.json.zip
    [96/365] already staged, skipping: https://download.open.fda.gov/device/event/2022q2/device-event-0008-of-0010.json.zip
    [97/365] already staged, skipping: https://download.open.fda.gov/device/event/2022q2/device-event-0009-of-0010.json.zip
    [98/365] already staged, skipping: https://download.open.fda.gov/device/event/2022q2/device-event-0010-of-0010.json.zip
    [99/365] already staged, skipping: https://download.open.fda.gov/device/event/2012q2/device-event-0001-of-0002.json.zip
    [100/365] already staged, skipping: https://download.open.fda.gov/device/event/2012q2/device-event-0002-of-0002.json.zip
    [101/365] already staged, skipping: https://download.open.fda.gov/device/event/2002q1/device-event-0001-of-0001.json.zip
    [102/365] already staged, skipping: https://download.open.fda.gov/device/event/2021q4/device-event-0001-of-0007.json.zip
    [103/365] already staged, skipping: https://download.open.fda.gov/device/event/2021q4/device-event-0002-of-0007.json.zip
    [104/365] already staged, skipping: https://download.open.fda.gov/device/event/2021q4/device-event-0003-of-0007.json.zip
    [105/365] already staged, skipping: https://download.open.fda.gov/device/event/2021q4/device-event-0004-of-0007.json.zip
    [106/365] already staged, skipping: https://download.open.fda.gov/device/event/2021q4/device-event-0005-of-0007.json.zip
    [107/365] already staged, skipping: https://download.open.fda.gov/device/event/2021q4/device-event-0006-of-0007.json.zip
    [108/365] already staged, skipping: https://download.open.fda.gov/device/event/2021q4/device-event-0007-of-0007.json.zip
    [109/365] already staged, skipping: https://download.open.fda.gov/device/event/1995q2/device-event-0001-of-0001.json.zip
    [110/365] already staged, skipping: https://download.open.fda.gov/device/event/2006q1/device-event-0001-of-0001.json.zip
    [111/365] already staged, skipping: https://download.open.fda.gov/device/event/2020q2/device-event-0001-of-0004.json.zip
    [112/365] already staged, skipping: https://download.open.fda.gov/device/event/2020q2/device-event-0002-of-0004.json.zip
    [113/365] already staged, skipping: https://download.open.fda.gov/device/event/2020q2/device-event-0003-of-0004.json.zip
    [114/365] already staged, skipping: https://download.open.fda.gov/device/event/2020q2/device-event-0004-of-0004.json.zip
    [115/365] already staged, skipping: https://download.open.fda.gov/device/event/2021q3/device-event-0001-of-0005.json.zip
    [116/365] already staged, skipping: https://download.open.fda.gov/device/event/2021q3/device-event-0002-of-0005.json.zip
    [117/365] already staged, skipping: https://download.open.fda.gov/device/event/2021q3/device-event-0003-of-0005.json.zip
    [118/365] already staged, skipping: https://download.open.fda.gov/device/event/2021q3/device-event-0004-of-0005.json.zip
    [119/365] already staged, skipping: https://download.open.fda.gov/device/event/2021q3/device-event-0005-of-0005.json.zip
    [120/365] already staged, skipping: https://download.open.fda.gov/device/event/2024q3/device-event-0001-of-0008.json.zip
    [121/365] already staged, skipping: https://download.open.fda.gov/device/event/2024q3/device-event-0002-of-0008.json.zip
    [122/365] already staged, skipping: https://download.open.fda.gov/device/event/2024q3/device-event-0003-of-0008.json.zip
    [123/365] already staged, skipping: https://download.open.fda.gov/device/event/2024q3/device-event-0004-of-0008.json.zip
    [124/365] already staged, skipping: https://download.open.fda.gov/device/event/2024q3/device-event-0005-of-0008.json.zip
    [125/365] already staged, skipping: https://download.open.fda.gov/device/event/2024q3/device-event-0006-of-0008.json.zip
    [126/365] already staged, skipping: https://download.open.fda.gov/device/event/2024q3/device-event-0007-of-0008.json.zip
    [127/365] already staged, skipping: https://download.open.fda.gov/device/event/2024q3/device-event-0008-of-0008.json.zip
    [128/365] already staged, skipping: https://download.open.fda.gov/device/event/2002q3/device-event-0001-of-0001.json.zip
    [129/365] already staged, skipping: https://download.open.fda.gov/device/event/1995q4/device-event-0001-of-0001.json.zip
    [130/365] already staged, skipping: https://download.open.fda.gov/device/event/2007q4/device-event-0001-of-0001.json.zip
    [131/365] already staged, skipping: https://download.open.fda.gov/device/event/1993q4/device-event-0001-of-0001.json.zip
    [132/365] already staged, skipping: https://download.open.fda.gov/device/event/2006q2/device-event-0001-of-0001.json.zip
    [133/365] already staged, skipping: https://download.open.fda.gov/device/event/2001q4/device-event-0001-of-0001.json.zip
    [134/365] already staged, skipping: https://download.open.fda.gov/device/event/2000q1/device-event-0001-of-0001.json.zip
    [135/365] already staged, skipping: https://download.open.fda.gov/device/event/2023q1/device-event-0001-of-0007.json.zip
    [136/365] already staged, skipping: https://download.open.fda.gov/device/event/2023q1/device-event-0002-of-0007.json.zip
    [137/365] already staged, skipping: https://download.open.fda.gov/device/event/2023q1/device-event-0003-of-0007.json.zip
    [138/365] already staged, skipping: https://download.open.fda.gov/device/event/2023q1/device-event-0004-of-0007.json.zip
    [139/365] already staged, skipping: https://download.open.fda.gov/device/event/2023q1/device-event-0005-of-0007.json.zip
    [140/365] already staged, skipping: https://download.open.fda.gov/device/event/2023q1/device-event-0006-of-0007.json.zip
    [141/365] already staged, skipping: https://download.open.fda.gov/device/event/2023q1/device-event-0007-of-0007.json.zip
    [142/365] already staged, skipping: https://download.open.fda.gov/device/event/1994q3/device-event-0001-of-0001.json.zip
    [143/365] already staged, skipping: https://download.open.fda.gov/device/event/2009q3/device-event-0001-of-0001.json.zip
    [144/365] already staged, skipping: https://download.open.fda.gov/device/event/1997q1/device-event-0001-of-0001.json.zip
    [145/365] already staged, skipping: https://download.open.fda.gov/device/event/2004q2/device-event-0001-of-0001.json.zip
    [146/365] already staged, skipping: https://download.open.fda.gov/device/event/2001q1/device-event-0001-of-0001.json.zip
    [147/365] already staged, skipping: https://download.open.fda.gov/device/event/2003q2/device-event-0001-of-0001.json.zip
    [148/365] already staged, skipping: https://download.open.fda.gov/device/event/1992q1/device-event-0001-of-0001.json.zip
    [149/365] already staged, skipping: https://download.open.fda.gov/device/event/2012q4/device-event-0001-of-0002.json.zip
    [150/365] already staged, skipping: https://download.open.fda.gov/device/event/2012q4/device-event-0002-of-0002.json.zip
    [151/365] already staged, skipping: https://download.open.fda.gov/device/event/2014q4/device-event-0001-of-0003.json.zip
    [152/365] already staged, skipping: https://download.open.fda.gov/device/event/2014q4/device-event-0002-of-0003.json.zip
    [153/365] already staged, skipping: https://download.open.fda.gov/device/event/2014q4/device-event-0003-of-0003.json.zip
    [154/365] already staged, skipping: https://download.open.fda.gov/device/event/2021q2/device-event-0001-of-0006.json.zip
    [155/365] already staged, skipping: https://download.open.fda.gov/device/event/2021q2/device-event-0002-of-0006.json.zip
    [156/365] already staged, skipping: https://download.open.fda.gov/device/event/2021q2/device-event-0003-of-0006.json.zip
    [157/365] already staged, skipping: https://download.open.fda.gov/device/event/2021q2/device-event-0004-of-0006.json.zip
    [158/365] already staged, skipping: https://download.open.fda.gov/device/event/2021q2/device-event-0005-of-0006.json.zip
    [159/365] already staged, skipping: https://download.open.fda.gov/device/event/2021q2/device-event-0006-of-0006.json.zip
    [160/365] already staged, skipping: https://download.open.fda.gov/device/event/2017q4/device-event-0001-of-0003.json.zip
    [161/365] already staged, skipping: https://download.open.fda.gov/device/event/2017q4/device-event-0002-of-0003.json.zip
    [162/365] already staged, skipping: https://download.open.fda.gov/device/event/2017q4/device-event-0003-of-0003.json.zip
    [163/365] already staged, skipping: https://download.open.fda.gov/device/event/2003q4/device-event-0001-of-0001.json.zip
    [164/365] already staged, skipping: https://download.open.fda.gov/device/event/2003q3/device-event-0001-of-0001.json.zip
    [165/365] already staged, skipping: https://download.open.fda.gov/device/event/2000q3/device-event-0001-of-0001.json.zip
    [166/365] already staged, skipping: https://download.open.fda.gov/device/event/1994q1/device-event-0001-of-0001.json.zip
    [167/365] already staged, skipping: https://download.open.fda.gov/device/event/2000q2/device-event-0001-of-0001.json.zip
    [168/365] already staged, skipping: https://download.open.fda.gov/device/event/2007q2/device-event-0001-of-0001.json.zip
    [169/365] already staged, skipping: https://download.open.fda.gov/device/event/2012q1/device-event-0001-of-0002.json.zip
    [170/365] already staged, skipping: https://download.open.fda.gov/device/event/2012q1/device-event-0002-of-0002.json.zip
    [171/365] already staged, skipping: https://download.open.fda.gov/device/event/1996q2/device-event-0001-of-0001.json.zip
    [172/365] already staged, skipping: https://download.open.fda.gov/device/event/2015q3/device-event-0001-of-0003.json.zip
    [173/365] already staged, skipping: https://download.open.fda.gov/device/event/2015q3/device-event-0002-of-0003.json.zip
    [174/365] already staged, skipping: https://download.open.fda.gov/device/event/2015q3/device-event-0003-of-0003.json.zip
    [175/365] already staged, skipping: https://download.open.fda.gov/device/event/2004q1/device-event-0001-of-0001.json.zip
    [176/365] already staged, skipping: https://download.open.fda.gov/device/event/2010q1/device-event-0001-of-0001.json.zip
    [177/365] already staged, skipping: https://download.open.fda.gov/device/event/1999q4/device-event-0001-of-0001.json.zip
    [178/365] already staged, skipping: https://download.open.fda.gov/device/event/2004q4/device-event-0001-of-0001.json.zip
    [179/365] already staged, skipping: https://download.open.fda.gov/device/event/2009q1/device-event-0001-of-0001.json.zip
    [180/365] already staged, skipping: https://download.open.fda.gov/device/event/2014q2/device-event-0001-of-0002.json.zip
    [181/365] already staged, skipping: https://download.open.fda.gov/device/event/2014q2/device-event-0002-of-0002.json.zip
    [182/365] already staged, skipping: https://download.open.fda.gov/device/event/2010q2/device-event-0001-of-0001.json.zip
    [183/365] already staged, skipping: https://download.open.fda.gov/device/event/1996q3/device-event-0001-of-0001.json.zip
    [184/365] already staged, skipping: https://download.open.fda.gov/device/event/2016q4/device-event-0001-of-0003.json.zip
    [185/365] already staged, skipping: https://download.open.fda.gov/device/event/2016q4/device-event-0002-of-0003.json.zip
    [186/365] already staged, skipping: https://download.open.fda.gov/device/event/2016q4/device-event-0003-of-0003.json.zip
    [187/365] already staged, skipping: https://download.open.fda.gov/device/event/2005q1/device-event-0001-of-0001.json.zip
    [188/365] already staged, skipping: https://download.open.fda.gov/device/event/2011q4/device-event-0001-of-0002.json.zip
    [189/365] already staged, skipping: https://download.open.fda.gov/device/event/2011q4/device-event-0002-of-0002.json.zip
    [190/365] already staged, skipping: https://download.open.fda.gov/device/event/2011q2/device-event-0001-of-0002.json.zip
    [191/365] already staged, skipping: https://download.open.fda.gov/device/event/2011q2/device-event-0002-of-0002.json.zip
    [192/365] already staged, skipping: https://download.open.fda.gov/device/event/2007q3/device-event-0001-of-0001.json.zip
    [193/365] already staged, skipping: https://download.open.fda.gov/device/event/2008q2/device-event-0001-of-0001.json.zip
    [194/365] already staged, skipping: https://download.open.fda.gov/device/event/all_other/device-event-0001-of-0004.json.zip
    [195/365] already staged, skipping: https://download.open.fda.gov/device/event/all_other/device-event-0002-of-0004.json.zip
    [196/365] already staged, skipping: https://download.open.fda.gov/device/event/all_other/device-event-0003-of-0004.json.zip
    [197/365] already staged, skipping: https://download.open.fda.gov/device/event/all_other/device-event-0004-of-0004.json.zip
    [198/365] already staged, skipping: https://download.open.fda.gov/device/event/2024q4/device-event-0001-of-0008.json.zip
    [199/365] already staged, skipping: https://download.open.fda.gov/device/event/2024q4/device-event-0002-of-0008.json.zip
    [200/365] already staged, skipping: https://download.open.fda.gov/device/event/2024q4/device-event-0003-of-0008.json.zip
    [201/365] already staged, skipping: https://download.open.fda.gov/device/event/2024q4/device-event-0004-of-0008.json.zip
    [202/365] already staged, skipping: https://download.open.fda.gov/device/event/2024q4/device-event-0005-of-0008.json.zip
    [203/365] already staged, skipping: https://download.open.fda.gov/device/event/2024q4/device-event-0006-of-0008.json.zip
    [204/365] already staged, skipping: https://download.open.fda.gov/device/event/2024q4/device-event-0007-of-0008.json.zip
    [205/365] already staged, skipping: https://download.open.fda.gov/device/event/2024q4/device-event-0008-of-0008.json.zip
    [206/365] already staged, skipping: https://download.open.fda.gov/device/event/2018q3/device-event-0001-of-0003.json.zip
    [207/365] already staged, skipping: https://download.open.fda.gov/device/event/2018q3/device-event-0002-of-0003.json.zip
    [208/365] already staged, skipping: https://download.open.fda.gov/device/event/2018q3/device-event-0003-of-0003.json.zip
    [209/365] already staged, skipping: https://download.open.fda.gov/device/event/2024q1/device-event-0001-of-0007.json.zip
    [210/365] already staged, skipping: https://download.open.fda.gov/device/event/2024q1/device-event-0002-of-0007.json.zip
    [211/365] already staged, skipping: https://download.open.fda.gov/device/event/2024q1/device-event-0003-of-0007.json.zip
    [212/365] already staged, skipping: https://download.open.fda.gov/device/event/2024q1/device-event-0004-of-0007.json.zip
    [213/365] already staged, skipping: https://download.open.fda.gov/device/event/2024q1/device-event-0005-of-0007.json.zip
    [214/365] already staged, skipping: https://download.open.fda.gov/device/event/2024q1/device-event-0006-of-0007.json.zip
    [215/365] already staged, skipping: https://download.open.fda.gov/device/event/2024q1/device-event-0007-of-0007.json.zip
    [216/365] already staged, skipping: https://download.open.fda.gov/device/event/1992q4/device-event-0001-of-0001.json.zip
    [217/365] already staged, skipping: https://download.open.fda.gov/device/event/2008q3/device-event-0001-of-0001.json.zip
    [218/365] already staged, skipping: https://download.open.fda.gov/device/event/2012q3/device-event-0001-of-0002.json.zip
    [219/365] already staged, skipping: https://download.open.fda.gov/device/event/2012q3/device-event-0002-of-0002.json.zip
    [220/365] already staged, skipping: https://download.open.fda.gov/device/event/2016q1/device-event-0001-of-0003.json.zip
    [221/365] already staged, skipping: https://download.open.fda.gov/device/event/2016q1/device-event-0002-of-0003.json.zip
    [222/365] already staged, skipping: https://download.open.fda.gov/device/event/2016q1/device-event-0003-of-0003.json.zip
    [223/365] already staged, skipping: https://download.open.fda.gov/device/event/2022q4/device-event-0001-of-0006.json.zip
    [224/365] already staged, skipping: https://download.open.fda.gov/device/event/2022q4/device-event-0002-of-0006.json.zip
    [225/365] already staged, skipping: https://download.open.fda.gov/device/event/2022q4/device-event-0003-of-0006.json.zip
    [226/365] already staged, skipping: https://download.open.fda.gov/device/event/2022q4/device-event-0004-of-0006.json.zip
    [227/365] already staged, skipping: https://download.open.fda.gov/device/event/2022q4/device-event-0005-of-0006.json.zip
    [228/365] already staged, skipping: https://download.open.fda.gov/device/event/2022q4/device-event-0006-of-0006.json.zip
    [229/365] already staged, skipping: https://download.open.fda.gov/device/event/1993q3/device-event-0001-of-0001.json.zip
    [230/365] already staged, skipping: https://download.open.fda.gov/device/event/2019q1/device-event-0001-of-0003.json.zip
    [231/365] already staged, skipping: https://download.open.fda.gov/device/event/2019q1/device-event-0002-of-0003.json.zip
    [232/365] already staged, skipping: https://download.open.fda.gov/device/event/2019q1/device-event-0003-of-0003.json.zip
    [233/365] already staged, skipping: https://download.open.fda.gov/device/event/1994q2/device-event-0001-of-0001.json.zip
    [234/365] already staged, skipping: https://download.open.fda.gov/device/event/2017q1/device-event-0001-of-0003.json.zip
    [235/365] already staged, skipping: https://download.open.fda.gov/device/event/2017q1/device-event-0002-of-0003.json.zip
    [236/365] already staged, skipping: https://download.open.fda.gov/device/event/2017q1/device-event-0003-of-0003.json.zip
    [237/365] already staged, skipping: https://download.open.fda.gov/device/event/2019q2/device-event-0001-of-0003.json.zip
    [238/365] already staged, skipping: https://download.open.fda.gov/device/event/2019q2/device-event-0002-of-0003.json.zip
    [239/365] already staged, skipping: https://download.open.fda.gov/device/event/2019q2/device-event-0003-of-0003.json.zip
    [240/365] already staged, skipping: https://download.open.fda.gov/device/event/2006q4/device-event-0001-of-0001.json.zip
    [241/365] already staged, skipping: https://download.open.fda.gov/device/event/2025q2/device-event-0001-of-0007.json.zip
    [242/365] already staged, skipping: https://download.open.fda.gov/device/event/2025q2/device-event-0002-of-0007.json.zip
    [243/365] already staged, skipping: https://download.open.fda.gov/device/event/2025q2/device-event-0003-of-0007.json.zip
    [244/365] already staged, skipping: https://download.open.fda.gov/device/event/2025q2/device-event-0004-of-0007.json.zip
    [245/365] downloading https://download.open.fda.gov/device/event/2025q2/device-event-0005-of-0007.json.zip
        -> 48 chunk(s) so far, 95,000 record(s)
    [246/365] downloading https://download.open.fda.gov/device/event/2025q2/device-event-0006-of-0007.json.zip
        -> 96 chunk(s) so far, 190,000 record(s)
    [247/365] downloading https://download.open.fda.gov/device/event/2025q2/device-event-0007-of-0007.json.zip
        -> 128 chunk(s) so far, 252,296 record(s)
    [248/365] downloading https://download.open.fda.gov/device/event/2016q3/device-event-0001-of-0003.json.zip
        -> 176 chunk(s) so far, 347,296 record(s)
    [249/365] downloading https://download.open.fda.gov/device/event/2016q3/device-event-0002-of-0003.json.zip
        -> 224 chunk(s) so far, 442,296 record(s)
    [250/365] downloading https://download.open.fda.gov/device/event/2016q3/device-event-0003-of-0003.json.zip
        -> 242 chunk(s) so far, 477,673 record(s)
    [251/365] downloading https://download.open.fda.gov/device/event/1997q4/device-event-0001-of-0001.json.zip
        -> 251 chunk(s) so far, 494,228 record(s)
    [252/365] downloading https://download.open.fda.gov/device/event/2006q3/device-event-0001-of-0001.json.zip
        -> 267 chunk(s) so far, 525,047 record(s)
    [253/365] downloading https://download.open.fda.gov/device/event/1998q4/device-event-0001-of-0001.json.zip
        -> 275 chunk(s) so far, 539,815 record(s)
    [254/365] downloading https://download.open.fda.gov/device/event/1998q2/device-event-0001-of-0001.json.zip
        -> 283 chunk(s) so far, 554,308 record(s)
    [255/365] downloading https://download.open.fda.gov/device/event/2023q2/device-event-0001-of-0007.json.zip
        -> 331 chunk(s) so far, 649,308 record(s)
    [256/365] downloading https://download.open.fda.gov/device/event/2023q2/device-event-0002-of-0007.json.zip
        -> 379 chunk(s) so far, 744,308 record(s)
    [257/365] downloading https://download.open.fda.gov/device/event/2023q2/device-event-0003-of-0007.json.zip
        -> 427 chunk(s) so far, 839,308 record(s)
    [258/365] downloading https://download.open.fda.gov/device/event/2023q2/device-event-0004-of-0007.json.zip
Traceback (most recent call last):
  File "C:\Code\Ripple_v6\scripts\fda_bulk_split_load.py", line 269, in <module>
    raise SystemExit(main())
                     ~~~~^^
  File "C:\Code\Ripple_v6\scripts\fda_bulk_split_load.py", line 254, in main
    results = [load_source(sid, args.run, args.chunk_records, args.force) for sid in ids]
               ~~~~~~~~~~~^^^^^^^^^^^^^^^^^^^^^^^^^^^^^^^^^^^^^^^^^^^^^^^
  File "C:\Code\Ripple_v6\scripts\fda_bulk_split_load.py", line 197, in load_source
    _put_chunk(conn, chunk, stage_path, tmpdir)
    ~~~~~~~~~~^^^^^^^^^^^^^^^^^^^^^^^^^^^^^^^^^
  File "C:\Code\Ripple_v6\scripts\fda_bulk_split_load.py", line 139, in _put_chunk
    cur.execute(
    ~~~~~~~~~~~^
        f"PUT '{uri}' '@{ssl.STAGE}/{stage_dir}/' AUTO_COMPRESS=FALSE OVERWRITE=TRUE"
        ^^^^^^^^^^^^^^^^^^^^^^^^^^^^^^^^^^^^^^^^^^^^^^^^^^^^^^^^^^^^^^^^^^^^^^^^^^^^^
    )
    ^
  File "C:\Users\wroge\AppData\Roaming\Python\Python314\site-packages\snowflake\connector\cursor.py", line 1134, in execute
    Error.errorhandler_wrapper(self.connection, self, error_class, errvalue)
    ~~~~~~~~~~~~~~~~~~~~~~~~~~^^^^^^^^^^^^^^^^^^^^^^^^^^^^^^^^^^^^^^^^^^^^^^
  File "C:\Users\wroge\AppData\Roaming\Python\Python314\site-packages\snowflake\connector\errors.py", line 286, in errorhandler_wrapper
    handed_over = Error.hand_to_other_handler(
        connection,
    ...<2 lines>...
        error_value,
    )
  File "C:\Users\wroge\AppData\Roaming\Python\Python314\site-packages\snowflake\connector\errors.py", line 341, in hand_to_other_handler
    cursor.errorhandler(connection, cursor, error_class, error_value)
    ~~~~~~~~~~~~~~~~~~~^^^^^^^^^^^^^^^^^^^^^^^^^^^^^^^^^^^^^^^^^^^^^^
  File "C:\Users\wroge\AppData\Roaming\Python\Python314\site-packages\snowflake\connector\errors.py", line 217, in default_errorhandler
    raise error_class(
    ...<10 lines>...
    )
snowflake.connector.errors.ProgrammingError: 000612 (02000): Result not found

=== FED_FDA_MAUDE_FULL (openFDA Device Adverse Events (MAUDE, full bulk)) === split-load: 365 source file(s), chunk=2000 records/part
    resuming: 257/365 source file(s) already staged (checkpoint)
    [1/365] already staged, skipping: https://download.open.fda.gov/device/event/2004q3/device-event-0001-of-0001.json.zip
    [2/365] already staged, skipping: https://download.open.fda.gov/device/event/1994q4/device-event-0001-of-0001.json.zip
    [3/365] already staged, skipping: https://download.open.fda.gov/device/event/1997q3/device-event-0001-of-0001.json.zip
    [4/365] already staged, skipping: https://download.open.fda.gov/device/event/2020q3/device-event-0001-of-0005.json.zip
    [5/365] already staged, skipping: https://download.open.fda.gov/device/event/2020q3/device-event-0002-of-0005.json.zip
    [6/365] already staged, skipping: https://download.open.fda.gov/device/event/2020q3/device-event-0003-of-0005.json.zip
    [7/365] already staged, skipping: https://download.open.fda.gov/device/event/2020q3/device-event-0004-of-0005.json.zip
    [8/365] already staged, skipping: https://download.open.fda.gov/device/event/2020q3/device-event-0005-of-0005.json.zip
    [9/365] already staged, skipping: https://download.open.fda.gov/device/event/2010q4/device-event-0001-of-0001.json.zip
    [10/365] already staged, skipping: https://download.open.fda.gov/device/event/2005q2/device-event-0001-of-0001.json.zip
    [11/365] already staged, skipping: https://download.open.fda.gov/device/event/2013q2/device-event-0001-of-0002.json.zip
    [12/365] already staged, skipping: https://download.open.fda.gov/device/event/2013q2/device-event-0002-of-0002.json.zip
    [13/365] already staged, skipping: https://download.open.fda.gov/device/event/2003q1/device-event-0001-of-0001.json.zip
    [14/365] already staged, skipping: https://download.open.fda.gov/device/event/2008q4/device-event-0001-of-0001.json.zip
    [15/365] already staged, skipping: https://download.open.fda.gov/device/event/1999q2/device-event-0001-of-0001.json.zip
    [16/365] already staged, skipping: https://download.open.fda.gov/device/event/1992q2/device-event-0001-of-0001.json.zip
    [17/365] already staged, skipping: https://download.open.fda.gov/device/event/2014q1/device-event-0001-of-0003.json.zip
    [18/365] already staged, skipping: https://download.open.fda.gov/device/event/2014q1/device-event-0002-of-0003.json.zip
    [19/365] already staged, skipping: https://download.open.fda.gov/device/event/2014q1/device-event-0003-of-0003.json.zip
    [20/365] already staged, skipping: https://download.open.fda.gov/device/event/2025q4/device-event-0001-of-0008.json.zip
    [21/365] already staged, skipping: https://download.open.fda.gov/device/event/2025q4/device-event-0002-of-0008.json.zip
    [22/365] already staged, skipping: https://download.open.fda.gov/device/event/2025q4/device-event-0003-of-0008.json.zip
    [23/365] already staged, skipping: https://download.open.fda.gov/device/event/2025q4/device-event-0004-of-0008.json.zip
    [24/365] already staged, skipping: https://download.open.fda.gov/device/event/2025q4/device-event-0005-of-0008.json.zip
    [25/365] already staged, skipping: https://download.open.fda.gov/device/event/2025q4/device-event-0006-of-0008.json.zip
    [26/365] already staged, skipping: https://download.open.fda.gov/device/event/2025q4/device-event-0007-of-0008.json.zip
    [27/365] already staged, skipping: https://download.open.fda.gov/device/event/2025q4/device-event-0008-of-0008.json.zip
    [28/365] already staged, skipping: https://download.open.fda.gov/device/event/2018q4/device-event-0001-of-0003.json.zip
    [29/365] already staged, skipping: https://download.open.fda.gov/device/event/2018q4/device-event-0002-of-0003.json.zip
    [30/365] already staged, skipping: https://download.open.fda.gov/device/event/2018q4/device-event-0003-of-0003.json.zip
    [31/365] already staged, skipping: https://download.open.fda.gov/device/event/2013q1/device-event-0001-of-0002.json.zip
    [32/365] already staged, skipping: https://download.open.fda.gov/device/event/2013q1/device-event-0002-of-0002.json.zip
    [33/365] already staged, skipping: https://download.open.fda.gov/device/event/2009q4/device-event-0001-of-0001.json.zip
    [34/365] already staged, skipping: https://download.open.fda.gov/device/event/2011q3/device-event-0001-of-0002.json.zip
    [35/365] already staged, skipping: https://download.open.fda.gov/device/event/2011q3/device-event-0002-of-0002.json.zip
    [36/365] already staged, skipping: https://download.open.fda.gov/device/event/1995q1/device-event-0001-of-0001.json.zip
    [37/365] already staged, skipping: https://download.open.fda.gov/device/event/2009q2/device-event-0001-of-0001.json.zip
    [38/365] already staged, skipping: https://download.open.fda.gov/device/event/2000q4/device-event-0001-of-0001.json.zip
    [39/365] already staged, skipping: https://download.open.fda.gov/device/event/2023q3/device-event-0001-of-0007.json.zip
    [40/365] already staged, skipping: https://download.open.fda.gov/device/event/2023q3/device-event-0002-of-0007.json.zip
    [41/365] already staged, skipping: https://download.open.fda.gov/device/event/2023q3/device-event-0003-of-0007.json.zip
    [42/365] already staged, skipping: https://download.open.fda.gov/device/event/2023q3/device-event-0004-of-0007.json.zip
    [43/365] already staged, skipping: https://download.open.fda.gov/device/event/2023q3/device-event-0005-of-0007.json.zip
    [44/365] already staged, skipping: https://download.open.fda.gov/device/event/2023q3/device-event-0006-of-0007.json.zip
    [45/365] already staged, skipping: https://download.open.fda.gov/device/event/2023q3/device-event-0007-of-0007.json.zip
    [46/365] already staged, skipping: https://download.open.fda.gov/device/event/2007q1/device-event-0001-of-0001.json.zip
    [47/365] already staged, skipping: https://download.open.fda.gov/device/event/1993q2/device-event-0001-of-0001.json.zip
    [48/365] already staged, skipping: https://download.open.fda.gov/device/event/1997q2/device-event-0001-of-0001.json.zip
    [49/365] already staged, skipping: https://download.open.fda.gov/device/event/1998q3/device-event-0001-of-0001.json.zip
    [50/365] already staged, skipping: https://download.open.fda.gov/device/event/2026q2/device-event-0001-of-0010.json.zip
    [51/365] already staged, skipping: https://download.open.fda.gov/device/event/2026q2/device-event-0002-of-0010.json.zip
    [52/365] already staged, skipping: https://download.open.fda.gov/device/event/2026q2/device-event-0003-of-0010.json.zip
    [53/365] already staged, skipping: https://download.open.fda.gov/device/event/2026q2/device-event-0004-of-0010.json.zip
    [54/365] already staged, skipping: https://download.open.fda.gov/device/event/2026q2/device-event-0005-of-0010.json.zip
    [55/365] already staged, skipping: https://download.open.fda.gov/device/event/2026q2/device-event-0006-of-0010.json.zip
    [56/365] already staged, skipping: https://download.open.fda.gov/device/event/2026q2/device-event-0007-of-0010.json.zip
    [57/365] already staged, skipping: https://download.open.fda.gov/device/event/2026q2/device-event-0008-of-0010.json.zip
    [58/365] already staged, skipping: https://download.open.fda.gov/device/event/2026q2/device-event-0009-of-0010.json.zip
    [59/365] already staged, skipping: https://download.open.fda.gov/device/event/2026q2/device-event-0010-of-0010.json.zip
    [60/365] already staged, skipping: https://download.open.fda.gov/device/event/2020q4/device-event-0001-of-0006.json.zip
    [61/365] already staged, skipping: https://download.open.fda.gov/device/event/2020q4/device-event-0002-of-0006.json.zip
    [62/365] already staged, skipping: https://download.open.fda.gov/device/event/2020q4/device-event-0003-of-0006.json.zip
    [63/365] already staged, skipping: https://download.open.fda.gov/device/event/2020q4/device-event-0004-of-0006.json.zip
    [64/365] already staged, skipping: https://download.open.fda.gov/device/event/2020q4/device-event-0005-of-0006.json.zip
    [65/365] already staged, skipping: https://download.open.fda.gov/device/event/2020q4/device-event-0006-of-0006.json.zip
    [66/365] already staged, skipping: https://download.open.fda.gov/device/event/1996q4/device-event-0001-of-0001.json.zip
    [67/365] already staged, skipping: https://download.open.fda.gov/device/event/2025q3/device-event-0001-of-0009.json.zip
    [68/365] already staged, skipping: https://download.open.fda.gov/device/event/2025q3/device-event-0002-of-0009.json.zip
    [69/365] already staged, skipping: https://download.open.fda.gov/device/event/2025q3/device-event-0003-of-0009.json.zip
    [70/365] already staged, skipping: https://download.open.fda.gov/device/event/2025q3/device-event-0004-of-0009.json.zip
    [71/365] already staged, skipping: https://download.open.fda.gov/device/event/2025q3/device-event-0005-of-0009.json.zip
    [72/365] already staged, skipping: https://download.open.fda.gov/device/event/2025q3/device-event-0006-of-0009.json.zip
    [73/365] already staged, skipping: https://download.open.fda.gov/device/event/2025q3/device-event-0007-of-0009.json.zip
    [74/365] already staged, skipping: https://download.open.fda.gov/device/event/2025q3/device-event-0008-of-0009.json.zip
    [75/365] already staged, skipping: https://download.open.fda.gov/device/event/2025q3/device-event-0009-of-0009.json.zip
    [76/365] already staged, skipping: https://download.open.fda.gov/device/event/2024q2/device-event-0001-of-0007.json.zip
    [77/365] already staged, skipping: https://download.open.fda.gov/device/event/2024q2/device-event-0002-of-0007.json.zip
    [78/365] already staged, skipping: https://download.open.fda.gov/device/event/2024q2/device-event-0003-of-0007.json.zip
    [79/365] already staged, skipping: https://download.open.fda.gov/device/event/2024q2/device-event-0004-of-0007.json.zip
    [80/365] already staged, skipping: https://download.open.fda.gov/device/event/2024q2/device-event-0005-of-0007.json.zip
    [81/365] already staged, skipping: https://download.open.fda.gov/device/event/2024q2/device-event-0006-of-0007.json.zip
    [82/365] already staged, skipping: https://download.open.fda.gov/device/event/2024q2/device-event-0007-of-0007.json.zip
    [83/365] already staged, skipping: https://download.open.fda.gov/device/event/2005q4/device-event-0001-of-0001.json.zip
    [84/365] already staged, skipping: https://download.open.fda.gov/device/event/2011q1/device-event-0001-of-0002.json.zip
    [85/365] already staged, skipping: https://download.open.fda.gov/device/event/2011q1/device-event-0002-of-0002.json.zip
    [86/365] already staged, skipping: https://download.open.fda.gov/device/event/2014q3/device-event-0001-of-0003.json.zip
    [87/365] already staged, skipping: https://download.open.fda.gov/device/event/2014q3/device-event-0002-of-0003.json.zip
    [88/365] already staged, skipping: https://download.open.fda.gov/device/event/2014q3/device-event-0003-of-0003.json.zip
    [89/365] already staged, skipping: https://download.open.fda.gov/device/event/2022q2/device-event-0001-of-0010.json.zip
    [90/365] already staged, skipping: https://download.open.fda.gov/device/event/2022q2/device-event-0002-of-0010.json.zip
    [91/365] already staged, skipping: https://download.open.fda.gov/device/event/2022q2/device-event-0003-of-0010.json.zip
    [92/365] already staged, skipping: https://download.open.fda.gov/device/event/2022q2/device-event-0004-of-0010.json.zip
    [93/365] already staged, skipping: https://download.open.fda.gov/device/event/2022q2/device-event-0005-of-0010.json.zip
    [94/365] already staged, skipping: https://download.open.fda.gov/device/event/2022q2/device-event-0006-of-0010.json.zip
    [95/365] already staged, skipping: https://download.open.fda.gov/device/event/2022q2/device-event-0007-of-0010.json.zip
    [96/365] already staged, skipping: https://download.open.fda.gov/device/event/2022q2/device-event-0008-of-0010.json.zip
    [97/365] already staged, skipping: https://download.open.fda.gov/device/event/2022q2/device-event-0009-of-0010.json.zip
    [98/365] already staged, skipping: https://download.open.fda.gov/device/event/2022q2/device-event-0010-of-0010.json.zip
    [99/365] already staged, skipping: https://download.open.fda.gov/device/event/2012q2/device-event-0001-of-0002.json.zip
    [100/365] already staged, skipping: https://download.open.fda.gov/device/event/2012q2/device-event-0002-of-0002.json.zip
    [101/365] already staged, skipping: https://download.open.fda.gov/device/event/2002q1/device-event-0001-of-0001.json.zip
    [102/365] already staged, skipping: https://download.open.fda.gov/device/event/2021q4/device-event-0001-of-0007.json.zip
    [103/365] already staged, skipping: https://download.open.fda.gov/device/event/2021q4/device-event-0002-of-0007.json.zip
    [104/365] already staged, skipping: https://download.open.fda.gov/device/event/2021q4/device-event-0003-of-0007.json.zip
    [105/365] already staged, skipping: https://download.open.fda.gov/device/event/2021q4/device-event-0004-of-0007.json.zip
    [106/365] already staged, skipping: https://download.open.fda.gov/device/event/2021q4/device-event-0005-of-0007.json.zip
    [107/365] already staged, skipping: https://download.open.fda.gov/device/event/2021q4/device-event-0006-of-0007.json.zip
    [108/365] already staged, skipping: https://download.open.fda.gov/device/event/2021q4/device-event-0007-of-0007.json.zip
    [109/365] already staged, skipping: https://download.open.fda.gov/device/event/1995q2/device-event-0001-of-0001.json.zip
    [110/365] already staged, skipping: https://download.open.fda.gov/device/event/2006q1/device-event-0001-of-0001.json.zip
    [111/365] already staged, skipping: https://download.open.fda.gov/device/event/2020q2/device-event-0001-of-0004.json.zip
    [112/365] already staged, skipping: https://download.open.fda.gov/device/event/2020q2/device-event-0002-of-0004.json.zip
    [113/365] already staged, skipping: https://download.open.fda.gov/device/event/2020q2/device-event-0003-of-0004.json.zip
    [114/365] already staged, skipping: https://download.open.fda.gov/device/event/2020q2/device-event-0004-of-0004.json.zip
    [115/365] already staged, skipping: https://download.open.fda.gov/device/event/2021q3/device-event-0001-of-0005.json.zip
    [116/365] already staged, skipping: https://download.open.fda.gov/device/event/2021q3/device-event-0002-of-0005.json.zip
    [117/365] already staged, skipping: https://download.open.fda.gov/device/event/2021q3/device-event-0003-of-0005.json.zip
    [118/365] already staged, skipping: https://download.open.fda.gov/device/event/2021q3/device-event-0004-of-0005.json.zip
    [119/365] already staged, skipping: https://download.open.fda.gov/device/event/2021q3/device-event-0005-of-0005.json.zip
    [120/365] already staged, skipping: https://download.open.fda.gov/device/event/2024q3/device-event-0001-of-0008.json.zip
    [121/365] already staged, skipping: https://download.open.fda.gov/device/event/2024q3/device-event-0002-of-0008.json.zip
    [122/365] already staged, skipping: https://download.open.fda.gov/device/event/2024q3/device-event-0003-of-0008.json.zip
    [123/365] already staged, skipping: https://download.open.fda.gov/device/event/2024q3/device-event-0004-of-0008.json.zip
    [124/365] already staged, skipping: https://download.open.fda.gov/device/event/2024q3/device-event-0005-of-0008.json.zip
    [125/365] already staged, skipping: https://download.open.fda.gov/device/event/2024q3/device-event-0006-of-0008.json.zip
    [126/365] already staged, skipping: https://download.open.fda.gov/device/event/2024q3/device-event-0007-of-0008.json.zip
    [127/365] already staged, skipping: https://download.open.fda.gov/device/event/2024q3/device-event-0008-of-0008.json.zip
    [128/365] already staged, skipping: https://download.open.fda.gov/device/event/2002q3/device-event-0001-of-0001.json.zip
    [129/365] already staged, skipping: https://download.open.fda.gov/device/event/1995q4/device-event-0001-of-0001.json.zip
    [130/365] already staged, skipping: https://download.open.fda.gov/device/event/2007q4/device-event-0001-of-0001.json.zip
    [131/365] already staged, skipping: https://download.open.fda.gov/device/event/1993q4/device-event-0001-of-0001.json.zip
    [132/365] already staged, skipping: https://download.open.fda.gov/device/event/2006q2/device-event-0001-of-0001.json.zip
    [133/365] already staged, skipping: https://download.open.fda.gov/device/event/2001q4/device-event-0001-of-0001.json.zip
    [134/365] already staged, skipping: https://download.open.fda.gov/device/event/2000q1/device-event-0001-of-0001.json.zip
    [135/365] already staged, skipping: https://download.open.fda.gov/device/event/2023q1/device-event-0001-of-0007.json.zip
    [136/365] already staged, skipping: https://download.open.fda.gov/device/event/2023q1/device-event-0002-of-0007.json.zip
    [137/365] already staged, skipping: https://download.open.fda.gov/device/event/2023q1/device-event-0003-of-0007.json.zip
    [138/365] already staged, skipping: https://download.open.fda.gov/device/event/2023q1/device-event-0004-of-0007.json.zip
    [139/365] already staged, skipping: https://download.open.fda.gov/device/event/2023q1/device-event-0005-of-0007.json.zip
    [140/365] already staged, skipping: https://download.open.fda.gov/device/event/2023q1/device-event-0006-of-0007.json.zip
    [141/365] already staged, skipping: https://download.open.fda.gov/device/event/2023q1/device-event-0007-of-0007.json.zip
    [142/365] already staged, skipping: https://download.open.fda.gov/device/event/1994q3/device-event-0001-of-0001.json.zip
    [143/365] already staged, skipping: https://download.open.fda.gov/device/event/2009q3/device-event-0001-of-0001.json.zip
    [144/365] already staged, skipping: https://download.open.fda.gov/device/event/1997q1/device-event-0001-of-0001.json.zip
    [145/365] already staged, skipping: https://download.open.fda.gov/device/event/2004q2/device-event-0001-of-0001.json.zip
    [146/365] already staged, skipping: https://download.open.fda.gov/device/event/2001q1/device-event-0001-of-0001.json.zip
    [147/365] already staged, skipping: https://download.open.fda.gov/device/event/2003q2/device-event-0001-of-0001.json.zip
    [148/365] already staged, skipping: https://download.open.fda.gov/device/event/1992q1/device-event-0001-of-0001.json.zip
    [149/365] already staged, skipping: https://download.open.fda.gov/device/event/2012q4/device-event-0001-of-0002.json.zip
    [150/365] already staged, skipping: https://download.open.fda.gov/device/event/2012q4/device-event-0002-of-0002.json.zip
    [151/365] already staged, skipping: https://download.open.fda.gov/device/event/2014q4/device-event-0001-of-0003.json.zip
    [152/365] already staged, skipping: https://download.open.fda.gov/device/event/2014q4/device-event-0002-of-0003.json.zip
    [153/365] already staged, skipping: https://download.open.fda.gov/device/event/2014q4/device-event-0003-of-0003.json.zip
    [154/365] already staged, skipping: https://download.open.fda.gov/device/event/2021q2/device-event-0001-of-0006.json.zip
    [155/365] already staged, skipping: https://download.open.fda.gov/device/event/2021q2/device-event-0002-of-0006.json.zip
    [156/365] already staged, skipping: https://download.open.fda.gov/device/event/2021q2/device-event-0003-of-0006.json.zip
    [157/365] already staged, skipping: https://download.open.fda.gov/device/event/2021q2/device-event-0004-of-0006.json.zip
    [158/365] already staged, skipping: https://download.open.fda.gov/device/event/2021q2/device-event-0005-of-0006.json.zip
    [159/365] already staged, skipping: https://download.open.fda.gov/device/event/2021q2/device-event-0006-of-0006.json.zip
    [160/365] already staged, skipping: https://download.open.fda.gov/device/event/2017q4/device-event-0001-of-0003.json.zip
    [161/365] already staged, skipping: https://download.open.fda.gov/device/event/2017q4/device-event-0002-of-0003.json.zip
    [162/365] already staged, skipping: https://download.open.fda.gov/device/event/2017q4/device-event-0003-of-0003.json.zip
    [163/365] already staged, skipping: https://download.open.fda.gov/device/event/2003q4/device-event-0001-of-0001.json.zip
    [164/365] already staged, skipping: https://download.open.fda.gov/device/event/2003q3/device-event-0001-of-0001.json.zip
    [165/365] already staged, skipping: https://download.open.fda.gov/device/event/2000q3/device-event-0001-of-0001.json.zip
    [166/365] already staged, skipping: https://download.open.fda.gov/device/event/1994q1/device-event-0001-of-0001.json.zip
    [167/365] already staged, skipping: https://download.open.fda.gov/device/event/2000q2/device-event-0001-of-0001.json.zip
    [168/365] already staged, skipping: https://download.open.fda.gov/device/event/2007q2/device-event-0001-of-0001.json.zip
    [169/365] already staged, skipping: https://download.open.fda.gov/device/event/2012q1/device-event-0001-of-0002.json.zip
    [170/365] already staged, skipping: https://download.open.fda.gov/device/event/2012q1/device-event-0002-of-0002.json.zip
    [171/365] already staged, skipping: https://download.open.fda.gov/device/event/1996q2/device-event-0001-of-0001.json.zip
    [172/365] already staged, skipping: https://download.open.fda.gov/device/event/2015q3/device-event-0001-of-0003.json.zip
    [173/365] already staged, skipping: https://download.open.fda.gov/device/event/2015q3/device-event-0002-of-0003.json.zip
    [174/365] already staged, skipping: https://download.open.fda.gov/device/event/2015q3/device-event-0003-of-0003.json.zip
    [175/365] already staged, skipping: https://download.open.fda.gov/device/event/2004q1/device-event-0001-of-0001.json.zip
    [176/365] already staged, skipping: https://download.open.fda.gov/device/event/2010q1/device-event-0001-of-0001.json.zip
    [177/365] already staged, skipping: https://download.open.fda.gov/device/event/1999q4/device-event-0001-of-0001.json.zip
    [178/365] already staged, skipping: https://download.open.fda.gov/device/event/2004q4/device-event-0001-of-0001.json.zip
    [179/365] already staged, skipping: https://download.open.fda.gov/device/event/2009q1/device-event-0001-of-0001.json.zip
    [180/365] already staged, skipping: https://download.open.fda.gov/device/event/2014q2/device-event-0001-of-0002.json.zip
    [181/365] already staged, skipping: https://download.open.fda.gov/device/event/2014q2/device-event-0002-of-0002.json.zip
    [182/365] already staged, skipping: https://download.open.fda.gov/device/event/2010q2/device-event-0001-of-0001.json.zip
    [183/365] already staged, skipping: https://download.open.fda.gov/device/event/1996q3/device-event-0001-of-0001.json.zip
    [184/365] already staged, skipping: https://download.open.fda.gov/device/event/2016q4/device-event-0001-of-0003.json.zip
    [185/365] already staged, skipping: https://download.open.fda.gov/device/event/2016q4/device-event-0002-of-0003.json.zip
    [186/365] already staged, skipping: https://download.open.fda.gov/device/event/2016q4/device-event-0003-of-0003.json.zip
    [187/365] already staged, skipping: https://download.open.fda.gov/device/event/2005q1/device-event-0001-of-0001.json.zip
    [188/365] already staged, skipping: https://download.open.fda.gov/device/event/2011q4/device-event-0001-of-0002.json.zip
    [189/365] already staged, skipping: https://download.open.fda.gov/device/event/2011q4/device-event-0002-of-0002.json.zip
    [190/365] already staged, skipping: https://download.open.fda.gov/device/event/2011q2/device-event-0001-of-0002.json.zip
    [191/365] already staged, skipping: https://download.open.fda.gov/device/event/2011q2/device-event-0002-of-0002.json.zip
    [192/365] already staged, skipping: https://download.open.fda.gov/device/event/2007q3/device-event-0001-of-0001.json.zip
    [193/365] already staged, skipping: https://download.open.fda.gov/device/event/2008q2/device-event-0001-of-0001.json.zip
    [194/365] already staged, skipping: https://download.open.fda.gov/device/event/all_other/device-event-0001-of-0004.json.zip
    [195/365] already staged, skipping: https://download.open.fda.gov/device/event/all_other/device-event-0002-of-0004.json.zip
    [196/365] already staged, skipping: https://download.open.fda.gov/device/event/all_other/device-event-0003-of-0004.json.zip
    [197/365] already staged, skipping: https://download.open.fda.gov/device/event/all_other/device-event-0004-of-0004.json.zip
    [198/365] already staged, skipping: https://download.open.fda.gov/device/event/2024q4/device-event-0001-of-0008.json.zip
    [199/365] already staged, skipping: https://download.open.fda.gov/device/event/2024q4/device-event-0002-of-0008.json.zip
    [200/365] already staged, skipping: https://download.open.fda.gov/device/event/2024q4/device-event-0003-of-0008.json.zip
    [201/365] already staged, skipping: https://download.open.fda.gov/device/event/2024q4/device-event-0004-of-0008.json.zip
    [202/365] already staged, skipping: https://download.open.fda.gov/device/event/2024q4/device-event-0005-of-0008.json.zip
    [203/365] already staged, skipping: https://download.open.fda.gov/device/event/2024q4/device-event-0006-of-0008.json.zip
    [204/365] already staged, skipping: https://download.open.fda.gov/device/event/2024q4/device-event-0007-of-0008.json.zip
    [205/365] already staged, skipping: https://download.open.fda.gov/device/event/2024q4/device-event-0008-of-0008.json.zip
    [206/365] already staged, skipping: https://download.open.fda.gov/device/event/2018q3/device-event-0001-of-0003.json.zip
    [207/365] already staged, skipping: https://download.open.fda.gov/device/event/2018q3/device-event-0002-of-0003.json.zip
    [208/365] already staged, skipping: https://download.open.fda.gov/device/event/2018q3/device-event-0003-of-0003.json.zip
    [209/365] already staged, skipping: https://download.open.fda.gov/device/event/2024q1/device-event-0001-of-0007.json.zip
    [210/365] already staged, skipping: https://download.open.fda.gov/device/event/2024q1/device-event-0002-of-0007.json.zip
    [211/365] already staged, skipping: https://download.open.fda.gov/device/event/2024q1/device-event-0003-of-0007.json.zip
    [212/365] already staged, skipping: https://download.open.fda.gov/device/event/2024q1/device-event-0004-of-0007.json.zip
    [213/365] already staged, skipping: https://download.open.fda.gov/device/event/2024q1/device-event-0005-of-0007.json.zip
    [214/365] already staged, skipping: https://download.open.fda.gov/device/event/2024q1/device-event-0006-of-0007.json.zip
    [215/365] already staged, skipping: https://download.open.fda.gov/device/event/2024q1/device-event-0007-of-0007.json.zip
    [216/365] already staged, skipping: https://download.open.fda.gov/device/event/1992q4/device-event-0001-of-0001.json.zip
    [217/365] already staged, skipping: https://download.open.fda.gov/device/event/2008q3/device-event-0001-of-0001.json.zip
    [218/365] already staged, skipping: https://download.open.fda.gov/device/event/2012q3/device-event-0001-of-0002.json.zip
    [219/365] already staged, skipping: https://download.open.fda.gov/device/event/2012q3/device-event-0002-of-0002.json.zip
    [220/365] already staged, skipping: https://download.open.fda.gov/device/event/2016q1/device-event-0001-of-0003.json.zip
    [221/365] already staged, skipping: https://download.open.fda.gov/device/event/2016q1/device-event-0002-of-0003.json.zip
    [222/365] already staged, skipping: https://download.open.fda.gov/device/event/2016q1/device-event-0003-of-0003.json.zip
    [223/365] already staged, skipping: https://download.open.fda.gov/device/event/2022q4/device-event-0001-of-0006.json.zip
    [224/365] already staged, skipping: https://download.open.fda.gov/device/event/2022q4/device-event-0002-of-0006.json.zip
    [225/365] already staged, skipping: https://download.open.fda.gov/device/event/2022q4/device-event-0003-of-0006.json.zip
    [226/365] already staged, skipping: https://download.open.fda.gov/device/event/2022q4/device-event-0004-of-0006.json.zip
    [227/365] already staged, skipping: https://download.open.fda.gov/device/event/2022q4/device-event-0005-of-0006.json.zip
    [228/365] already staged, skipping: https://download.open.fda.gov/device/event/2022q4/device-event-0006-of-0006.json.zip
    [229/365] already staged, skipping: https://download.open.fda.gov/device/event/1993q3/device-event-0001-of-0001.json.zip
    [230/365] already staged, skipping: https://download.open.fda.gov/device/event/2019q1/device-event-0001-of-0003.json.zip
    [231/365] already staged, skipping: https://download.open.fda.gov/device/event/2019q1/device-event-0002-of-0003.json.zip
    [232/365] already staged, skipping: https://download.open.fda.gov/device/event/2019q1/device-event-0003-of-0003.json.zip
    [233/365] already staged, skipping: https://download.open.fda.gov/device/event/1994q2/device-event-0001-of-0001.json.zip
    [234/365] already staged, skipping: https://download.open.fda.gov/device/event/2017q1/device-event-0001-of-0003.json.zip
    [235/365] already staged, skipping: https://download.open.fda.gov/device/event/2017q1/device-event-0002-of-0003.json.zip
    [236/365] already staged, skipping: https://download.open.fda.gov/device/event/2017q1/device-event-0003-of-0003.json.zip
    [237/365] already staged, skipping: https://download.open.fda.gov/device/event/2019q2/device-event-0001-of-0003.json.zip
    [238/365] already staged, skipping: https://download.open.fda.gov/device/event/2019q2/device-event-0002-of-0003.json.zip
    [239/365] already staged, skipping: https://download.open.fda.gov/device/event/2019q2/device-event-0003-of-0003.json.zip
    [240/365] already staged, skipping: https://download.open.fda.gov/device/event/2006q4/device-event-0001-of-0001.json.zip
    [241/365] already staged, skipping: https://download.open.fda.gov/device/event/2025q2/device-event-0001-of-0007.json.zip
    [242/365] already staged, skipping: https://download.open.fda.gov/device/event/2025q2/device-event-0002-of-0007.json.zip
    [243/365] already staged, skipping: https://download.open.fda.gov/device/event/2025q2/device-event-0003-of-0007.json.zip
    [244/365] already staged, skipping: https://download.open.fda.gov/device/event/2025q2/device-event-0004-of-0007.json.zip
    [245/365] already staged, skipping: https://download.open.fda.gov/device/event/2025q2/device-event-0005-of-0007.json.zip
    [246/365] already staged, skipping: https://download.open.fda.gov/device/event/2025q2/device-event-0006-of-0007.json.zip
    [247/365] already staged, skipping: https://download.open.fda.gov/device/event/2025q2/device-event-0007-of-0007.json.zip
    [248/365] already staged, skipping: https://download.open.fda.gov/device/event/2016q3/device-event-0001-of-0003.json.zip
    [249/365] already staged, skipping: https://download.open.fda.gov/device/event/2016q3/device-event-0002-of-0003.json.zip
    [250/365] already staged, skipping: https://download.open.fda.gov/device/event/2016q3/device-event-0003-of-0003.json.zip
    [251/365] already staged, skipping: https://download.open.fda.gov/device/event/1997q4/device-event-0001-of-0001.json.zip
    [252/365] already staged, skipping: https://download.open.fda.gov/device/event/2006q3/device-event-0001-of-0001.json.zip
    [253/365] already staged, skipping: https://download.open.fda.gov/device/event/1998q4/device-event-0001-of-0001.json.zip
    [254/365] already staged, skipping: https://download.open.fda.gov/device/event/1998q2/device-event-0001-of-0001.json.zip
    [255/365] already staged, skipping: https://download.open.fda.gov/device/event/2023q2/device-event-0001-of-0007.json.zip
    [256/365] already staged, skipping: https://download.open.fda.gov/device/event/2023q2/device-event-0002-of-0007.json.zip
    [257/365] already staged, skipping: https://download.open.fda.gov/device/event/2023q2/device-event-0003-of-0007.json.zip
    [258/365] downloading https://download.open.fda.gov/device/event/2023q2/device-event-0004-of-0007.json.zip
Traceback (most recent call last):
  File "c:\Code\Ripple_v6\scripts\fda_bulk_split_load.py", line 269, in <module>
    raise SystemExit(main())
                     ~~~~^^
  File "c:\Code\Ripple_v6\scripts\fda_bulk_split_load.py", line 254, in main
    results = [load_source(sid, args.run, args.chunk_records, args.force) for sid in ids]
               ~~~~~~~~~~~^^^^^^^^^^^^^^^^^^^^^^^^^^^^^^^^^^^^^^^^^^^^^^^
  File "c:\Code\Ripple_v6\scripts\fda_bulk_split_load.py", line 197, in load_source
    _put_chunk(conn, chunk, stage_path, tmpdir)
    ~~~~~~~~~~^^^^^^^^^^^^^^^^^^^^^^^^^^^^^^^^^
  File "c:\Code\Ripple_v6\scripts\fda_bulk_split_load.py", line 139, in _put_chunk
    cur.execute(
    ~~~~~~~~~~~^
        f"PUT '{uri}' '@{ssl.STAGE}/{stage_dir}/' AUTO_COMPRESS=FALSE OVERWRITE=TRUE"
        ^^^^^^^^^^^^^^^^^^^^^^^^^^^^^^^^^^^^^^^^^^^^^^^^^^^^^^^^^^^^^^^^^^^^^^^^^^^^^
    )
    ^
  File "C:\Users\wroge\AppData\Roaming\Python\Python314\site-packages\snowflake\connector\cursor.py", line 1134, in execute
    Error.errorhandler_wrapper(self.connection, self, error_class, errvalue)
    ~~~~~~~~~~~~~~~~~~~~~~~~~~^^^^^^^^^^^^^^^^^^^^^^^^^^^^^^^^^^^^^^^^^^^^^^
  File "C:\Users\wroge\AppData\Roaming\Python\Python314\site-packages\snowflake\connector\errors.py", line 286, in errorhandler_wrapper
    handed_over = Error.hand_to_other_handler(
        connection,
    ...<2 lines>...
        error_value,
    )
  File "C:\Users\wroge\AppData\Roaming\Python\Python314\site-packages\snowflake\connector\errors.py", line 341, in hand_to_other_handler
    cursor.errorhandler(connection, cursor, error_class, error_value)
    ~~~~~~~~~~~~~~~~~~~^^^^^^^^^^^^^^^^^^^^^^^^^^^^^^^^^^^^^^^^^^^^^^
  File "C:\Users\wroge\AppData\Roaming\Python\Python314\site-packages\snowflake\connector\errors.py", line 217, in default_errorhandler
    raise error_class(
    ...<10 lines>...
    )
snowflake.connector.errors.ProgrammingError: 000612 (02000): Result not found

=== FED_FDA_MAUDE_FULL (openFDA Device Adverse Events (MAUDE, full bulk)) === split-load: 365 source file(s), chunk=2000 records/part
    resuming: 257/365 source file(s) already staged (checkpoint)
    [1/365] already staged, skipping: https://download.open.fda.gov/device/event/2004q3/device-event-0001-of-0001.json.zip
    [2/365] already staged, skipping: https://download.open.fda.gov/device/event/1994q4/device-event-0001-of-0001.json.zip
    [3/365] already staged, skipping: https://download.open.fda.gov/device/event/1997q3/device-event-0001-of-0001.json.zip
    [4/365] already staged, skipping: https://download.open.fda.gov/device/event/2020q3/device-event-0001-of-0005.json.zip
    [5/365] already staged, skipping: https://download.open.fda.gov/device/event/2020q3/device-event-0002-of-0005.json.zip
    [6/365] already staged, skipping: https://download.open.fda.gov/device/event/2020q3/device-event-0003-of-0005.json.zip
    [7/365] already staged, skipping: https://download.open.fda.gov/device/event/2020q3/device-event-0004-of-0005.json.zip
    [8/365] already staged, skipping: https://download.open.fda.gov/device/event/2020q3/device-event-0005-of-0005.json.zip
    [9/365] already staged, skipping: https://download.open.fda.gov/device/event/2010q4/device-event-0001-of-0001.json.zip
    [10/365] already staged, skipping: https://download.open.fda.gov/device/event/2005q2/device-event-0001-of-0001.json.zip
    [11/365] already staged, skipping: https://download.open.fda.gov/device/event/2013q2/device-event-0001-of-0002.json.zip
    [12/365] already staged, skipping: https://download.open.fda.gov/device/event/2013q2/device-event-0002-of-0002.json.zip
    [13/365] already staged, skipping: https://download.open.fda.gov/device/event/2003q1/device-event-0001-of-0001.json.zip
    [14/365] already staged, skipping: https://download.open.fda.gov/device/event/2008q4/device-event-0001-of-0001.json.zip
    [15/365] already staged, skipping: https://download.open.fda.gov/device/event/1999q2/device-event-0001-of-0001.json.zip
    [16/365] already staged, skipping: https://download.open.fda.gov/device/event/1992q2/device-event-0001-of-0001.json.zip
    [17/365] already staged, skipping: https://download.open.fda.gov/device/event/2014q1/device-event-0001-of-0003.json.zip
    [18/365] already staged, skipping: https://download.open.fda.gov/device/event/2014q1/device-event-0002-of-0003.json.zip
    [19/365] already staged, skipping: https://download.open.fda.gov/device/event/2014q1/device-event-0003-of-0003.json.zip
    [20/365] already staged, skipping: https://download.open.fda.gov/device/event/2025q4/device-event-0001-of-0008.json.zip
    [21/365] already staged, skipping: https://download.open.fda.gov/device/event/2025q4/device-event-0002-of-0008.json.zip
    [22/365] already staged, skipping: https://download.open.fda.gov/device/event/2025q4/device-event-0003-of-0008.json.zip
    [23/365] already staged, skipping: https://download.open.fda.gov/device/event/2025q4/device-event-0004-of-0008.json.zip
    [24/365] already staged, skipping: https://download.open.fda.gov/device/event/2025q4/device-event-0005-of-0008.json.zip
    [25/365] already staged, skipping: https://download.open.fda.gov/device/event/2025q4/device-event-0006-of-0008.json.zip
    [26/365] already staged, skipping: https://download.open.fda.gov/device/event/2025q4/device-event-0007-of-0008.json.zip
    [27/365] already staged, skipping: https://download.open.fda.gov/device/event/2025q4/device-event-0008-of-0008.json.zip
    [28/365] already staged, skipping: https://download.open.fda.gov/device/event/2018q4/device-event-0001-of-0003.json.zip
    [29/365] already staged, skipping: https://download.open.fda.gov/device/event/2018q4/device-event-0002-of-0003.json.zip
    [30/365] already staged, skipping: https://download.open.fda.gov/device/event/2018q4/device-event-0003-of-0003.json.zip
    [31/365] already staged, skipping: https://download.open.fda.gov/device/event/2013q1/device-event-0001-of-0002.json.zip
    [32/365] already staged, skipping: https://download.open.fda.gov/device/event/2013q1/device-event-0002-of-0002.json.zip
    [33/365] already staged, skipping: https://download.open.fda.gov/device/event/2009q4/device-event-0001-of-0001.json.zip
    [34/365] already staged, skipping: https://download.open.fda.gov/device/event/2011q3/device-event-0001-of-0002.json.zip
    [35/365] already staged, skipping: https://download.open.fda.gov/device/event/2011q3/device-event-0002-of-0002.json.zip
    [36/365] already staged, skipping: https://download.open.fda.gov/device/event/1995q1/device-event-0001-of-0001.json.zip
    [37/365] already staged, skipping: https://download.open.fda.gov/device/event/2009q2/device-event-0001-of-0001.json.zip
    [38/365] already staged, skipping: https://download.open.fda.gov/device/event/2000q4/device-event-0001-of-0001.json.zip
    [39/365] already staged, skipping: https://download.open.fda.gov/device/event/2023q3/device-event-0001-of-0007.json.zip
    [40/365] already staged, skipping: https://download.open.fda.gov/device/event/2023q3/device-event-0002-of-0007.json.zip
    [41/365] already staged, skipping: https://download.open.fda.gov/device/event/2023q3/device-event-0003-of-0007.json.zip
    [42/365] already staged, skipping: https://download.open.fda.gov/device/event/2023q3/device-event-0004-of-0007.json.zip
    [43/365] already staged, skipping: https://download.open.fda.gov/device/event/2023q3/device-event-0005-of-0007.json.zip
    [44/365] already staged, skipping: https://download.open.fda.gov/device/event/2023q3/device-event-0006-of-0007.json.zip
    [45/365] already staged, skipping: https://download.open.fda.gov/device/event/2023q3/device-event-0007-of-0007.json.zip
    [46/365] already staged, skipping: https://download.open.fda.gov/device/event/2007q1/device-event-0001-of-0001.json.zip
    [47/365] already staged, skipping: https://download.open.fda.gov/device/event/1993q2/device-event-0001-of-0001.json.zip
    [48/365] already staged, skipping: https://download.open.fda.gov/device/event/1997q2/device-event-0001-of-0001.json.zip
    [49/365] already staged, skipping: https://download.open.fda.gov/device/event/1998q3/device-event-0001-of-0001.json.zip
    [50/365] already staged, skipping: https://download.open.fda.gov/device/event/2026q2/device-event-0001-of-0010.json.zip
    [51/365] already staged, skipping: https://download.open.fda.gov/device/event/2026q2/device-event-0002-of-0010.json.zip
    [52/365] already staged, skipping: https://download.open.fda.gov/device/event/2026q2/device-event-0003-of-0010.json.zip
    [53/365] already staged, skipping: https://download.open.fda.gov/device/event/2026q2/device-event-0004-of-0010.json.zip
    [54/365] already staged, skipping: https://download.open.fda.gov/device/event/2026q2/device-event-0005-of-0010.json.zip
    [55/365] already staged, skipping: https://download.open.fda.gov/device/event/2026q2/device-event-0006-of-0010.json.zip
    [56/365] already staged, skipping: https://download.open.fda.gov/device/event/2026q2/device-event-0007-of-0010.json.zip
    [57/365] already staged, skipping: https://download.open.fda.gov/device/event/2026q2/device-event-0008-of-0010.json.zip
    [58/365] already staged, skipping: https://download.open.fda.gov/device/event/2026q2/device-event-0009-of-0010.json.zip
    [59/365] already staged, skipping: https://download.open.fda.gov/device/event/2026q2/device-event-0010-of-0010.json.zip
    [60/365] already staged, skipping: https://download.open.fda.gov/device/event/2020q4/device-event-0001-of-0006.json.zip
    [61/365] already staged, skipping: https://download.open.fda.gov/device/event/2020q4/device-event-0002-of-0006.json.zip
    [62/365] already staged, skipping: https://download.open.fda.gov/device/event/2020q4/device-event-0003-of-0006.json.zip
    [63/365] already staged, skipping: https://download.open.fda.gov/device/event/2020q4/device-event-0004-of-0006.json.zip
    [64/365] already staged, skipping: https://download.open.fda.gov/device/event/2020q4/device-event-0005-of-0006.json.zip
    [65/365] already staged, skipping: https://download.open.fda.gov/device/event/2020q4/device-event-0006-of-0006.json.zip
    [66/365] already staged, skipping: https://download.open.fda.gov/device/event/1996q4/device-event-0001-of-0001.json.zip
    [67/365] already staged, skipping: https://download.open.fda.gov/device/event/2025q3/device-event-0001-of-0009.json.zip
    [68/365] already staged, skipping: https://download.open.fda.gov/device/event/2025q3/device-event-0002-of-0009.json.zip
    [69/365] already staged, skipping: https://download.open.fda.gov/device/event/2025q3/device-event-0003-of-0009.json.zip
    [70/365] already staged, skipping: https://download.open.fda.gov/device/event/2025q3/device-event-0004-of-0009.json.zip
    [71/365] already staged, skipping: https://download.open.fda.gov/device/event/2025q3/device-event-0005-of-0009.json.zip
    [72/365] already staged, skipping: https://download.open.fda.gov/device/event/2025q3/device-event-0006-of-0009.json.zip
    [73/365] already staged, skipping: https://download.open.fda.gov/device/event/2025q3/device-event-0007-of-0009.json.zip
    [74/365] already staged, skipping: https://download.open.fda.gov/device/event/2025q3/device-event-0008-of-0009.json.zip
    [75/365] already staged, skipping: https://download.open.fda.gov/device/event/2025q3/device-event-0009-of-0009.json.zip
    [76/365] already staged, skipping: https://download.open.fda.gov/device/event/2024q2/device-event-0001-of-0007.json.zip
    [77/365] already staged, skipping: https://download.open.fda.gov/device/event/2024q2/device-event-0002-of-0007.json.zip
    [78/365] already staged, skipping: https://download.open.fda.gov/device/event/2024q2/device-event-0003-of-0007.json.zip
    [79/365] already staged, skipping: https://download.open.fda.gov/device/event/2024q2/device-event-0004-of-0007.json.zip
    [80/365] already staged, skipping: https://download.open.fda.gov/device/event/2024q2/device-event-0005-of-0007.json.zip
    [81/365] already staged, skipping: https://download.open.fda.gov/device/event/2024q2/device-event-0006-of-0007.json.zip
    [82/365] already staged, skipping: https://download.open.fda.gov/device/event/2024q2/device-event-0007-of-0007.json.zip
    [83/365] already staged, skipping: https://download.open.fda.gov/device/event/2005q4/device-event-0001-of-0001.json.zip
    [84/365] already staged, skipping: https://download.open.fda.gov/device/event/2011q1/device-event-0001-of-0002.json.zip
    [85/365] already staged, skipping: https://download.open.fda.gov/device/event/2011q1/device-event-0002-of-0002.json.zip
    [86/365] already staged, skipping: https://download.open.fda.gov/device/event/2014q3/device-event-0001-of-0003.json.zip
    [87/365] already staged, skipping: https://download.open.fda.gov/device/event/2014q3/device-event-0002-of-0003.json.zip
    [88/365] already staged, skipping: https://download.open.fda.gov/device/event/2014q3/device-event-0003-of-0003.json.zip
    [89/365] already staged, skipping: https://download.open.fda.gov/device/event/2022q2/device-event-0001-of-0010.json.zip
    [90/365] already staged, skipping: https://download.open.fda.gov/device/event/2022q2/device-event-0002-of-0010.json.zip
    [91/365] already staged, skipping: https://download.open.fda.gov/device/event/2022q2/device-event-0003-of-0010.json.zip
    [92/365] already staged, skipping: https://download.open.fda.gov/device/event/2022q2/device-event-0004-of-0010.json.zip
    [93/365] already staged, skipping: https://download.open.fda.gov/device/event/2022q2/device-event-0005-of-0010.json.zip
    [94/365] already staged, skipping: https://download.open.fda.gov/device/event/2022q2/device-event-0006-of-0010.json.zip
    [95/365] already staged, skipping: https://download.open.fda.gov/device/event/2022q2/device-event-0007-of-0010.json.zip
    [96/365] already staged, skipping: https://download.open.fda.gov/device/event/2022q2/device-event-0008-of-0010.json.zip
    [97/365] already staged, skipping: https://download.open.fda.gov/device/event/2022q2/device-event-0009-of-0010.json.zip
    [98/365] already staged, skipping: https://download.open.fda.gov/device/event/2022q2/device-event-0010-of-0010.json.zip
    [99/365] already staged, skipping: https://download.open.fda.gov/device/event/2012q2/device-event-0001-of-0002.json.zip
    [100/365] already staged, skipping: https://download.open.fda.gov/device/event/2012q2/device-event-0002-of-0002.json.zip
    [101/365] already staged, skipping: https://download.open.fda.gov/device/event/2002q1/device-event-0001-of-0001.json.zip
    [102/365] already staged, skipping: https://download.open.fda.gov/device/event/2021q4/device-event-0001-of-0007.json.zip
    [103/365] already staged, skipping: https://download.open.fda.gov/device/event/2021q4/device-event-0002-of-0007.json.zip
    [104/365] already staged, skipping: https://download.open.fda.gov/device/event/2021q4/device-event-0003-of-0007.json.zip
    [105/365] already staged, skipping: https://download.open.fda.gov/device/event/2021q4/device-event-0004-of-0007.json.zip
    [106/365] already staged, skipping: https://download.open.fda.gov/device/event/2021q4/device-event-0005-of-0007.json.zip
    [107/365] already staged, skipping: https://download.open.fda.gov/device/event/2021q4/device-event-0006-of-0007.json.zip
    [108/365] already staged, skipping: https://download.open.fda.gov/device/event/2021q4/device-event-0007-of-0007.json.zip
    [109/365] already staged, skipping: https://download.open.fda.gov/device/event/1995q2/device-event-0001-of-0001.json.zip
    [110/365] already staged, skipping: https://download.open.fda.gov/device/event/2006q1/device-event-0001-of-0001.json.zip
    [111/365] already staged, skipping: https://download.open.fda.gov/device/event/2020q2/device-event-0001-of-0004.json.zip
    [112/365] already staged, skipping: https://download.open.fda.gov/device/event/2020q2/device-event-0002-of-0004.json.zip
    [113/365] already staged, skipping: https://download.open.fda.gov/device/event/2020q2/device-event-0003-of-0004.json.zip
    [114/365] already staged, skipping: https://download.open.fda.gov/device/event/2020q2/device-event-0004-of-0004.json.zip
    [115/365] already staged, skipping: https://download.open.fda.gov/device/event/2021q3/device-event-0001-of-0005.json.zip
    [116/365] already staged, skipping: https://download.open.fda.gov/device/event/2021q3/device-event-0002-of-0005.json.zip
    [117/365] already staged, skipping: https://download.open.fda.gov/device/event/2021q3/device-event-0003-of-0005.json.zip
    [118/365] already staged, skipping: https://download.open.fda.gov/device/event/2021q3/device-event-0004-of-0005.json.zip
    [119/365] already staged, skipping: https://download.open.fda.gov/device/event/2021q3/device-event-0005-of-0005.json.zip
    [120/365] already staged, skipping: https://download.open.fda.gov/device/event/2024q3/device-event-0001-of-0008.json.zip
    [121/365] already staged, skipping: https://download.open.fda.gov/device/event/2024q3/device-event-0002-of-0008.json.zip
    [122/365] already staged, skipping: https://download.open.fda.gov/device/event/2024q3/device-event-0003-of-0008.json.zip
    [123/365] already staged, skipping: https://download.open.fda.gov/device/event/2024q3/device-event-0004-of-0008.json.zip
    [124/365] already staged, skipping: https://download.open.fda.gov/device/event/2024q3/device-event-0005-of-0008.json.zip
    [125/365] already staged, skipping: https://download.open.fda.gov/device/event/2024q3/device-event-0006-of-0008.json.zip
    [126/365] already staged, skipping: https://download.open.fda.gov/device/event/2024q3/device-event-0007-of-0008.json.zip
    [127/365] already staged, skipping: https://download.open.fda.gov/device/event/2024q3/device-event-0008-of-0008.json.zip
    [128/365] already staged, skipping: https://download.open.fda.gov/device/event/2002q3/device-event-0001-of-0001.json.zip
    [129/365] already staged, skipping: https://download.open.fda.gov/device/event/1995q4/device-event-0001-of-0001.json.zip
    [130/365] already staged, skipping: https://download.open.fda.gov/device/event/2007q4/device-event-0001-of-0001.json.zip
    [131/365] already staged, skipping: https://download.open.fda.gov/device/event/1993q4/device-event-0001-of-0001.json.zip
    [132/365] already staged, skipping: https://download.open.fda.gov/device/event/2006q2/device-event-0001-of-0001.json.zip
    [133/365] already staged, skipping: https://download.open.fda.gov/device/event/2001q4/device-event-0001-of-0001.json.zip
    [134/365] already staged, skipping: https://download.open.fda.gov/device/event/2000q1/device-event-0001-of-0001.json.zip
    [135/365] already staged, skipping: https://download.open.fda.gov/device/event/2023q1/device-event-0001-of-0007.json.zip
    [136/365] already staged, skipping: https://download.open.fda.gov/device/event/2023q1/device-event-0002-of-0007.json.zip
    [137/365] already staged, skipping: https://download.open.fda.gov/device/event/2023q1/device-event-0003-of-0007.json.zip
    [138/365] already staged, skipping: https://download.open.fda.gov/device/event/2023q1/device-event-0004-of-0007.json.zip
    [139/365] already staged, skipping: https://download.open.fda.gov/device/event/2023q1/device-event-0005-of-0007.json.zip
    [140/365] already staged, skipping: https://download.open.fda.gov/device/event/2023q1/device-event-0006-of-0007.json.zip
    [141/365] already staged, skipping: https://download.open.fda.gov/device/event/2023q1/device-event-0007-of-0007.json.zip
    [142/365] already staged, skipping: https://download.open.fda.gov/device/event/1994q3/device-event-0001-of-0001.json.zip
    [143/365] already staged, skipping: https://download.open.fda.gov/device/event/2009q3/device-event-0001-of-0001.json.zip
    [144/365] already staged, skipping: https://download.open.fda.gov/device/event/1997q1/device-event-0001-of-0001.json.zip
    [145/365] already staged, skipping: https://download.open.fda.gov/device/event/2004q2/device-event-0001-of-0001.json.zip
    [146/365] already staged, skipping: https://download.open.fda.gov/device/event/2001q1/device-event-0001-of-0001.json.zip
    [147/365] already staged, skipping: https://download.open.fda.gov/device/event/2003q2/device-event-0001-of-0001.json.zip
    [148/365] already staged, skipping: https://download.open.fda.gov/device/event/1992q1/device-event-0001-of-0001.json.zip
    [149/365] already staged, skipping: https://download.open.fda.gov/device/event/2012q4/device-event-0001-of-0002.json.zip
    [150/365] already staged, skipping: https://download.open.fda.gov/device/event/2012q4/device-event-0002-of-0002.json.zip
    [151/365] already staged, skipping: https://download.open.fda.gov/device/event/2014q4/device-event-0001-of-0003.json.zip
    [152/365] already staged, skipping: https://download.open.fda.gov/device/event/2014q4/device-event-0002-of-0003.json.zip
    [153/365] already staged, skipping: https://download.open.fda.gov/device/event/2014q4/device-event-0003-of-0003.json.zip
    [154/365] already staged, skipping: https://download.open.fda.gov/device/event/2021q2/device-event-0001-of-0006.json.zip
    [155/365] already staged, skipping: https://download.open.fda.gov/device/event/2021q2/device-event-0002-of-0006.json.zip
    [156/365] already staged, skipping: https://download.open.fda.gov/device/event/2021q2/device-event-0003-of-0006.json.zip
    [157/365] already staged, skipping: https://download.open.fda.gov/device/event/2021q2/device-event-0004-of-0006.json.zip
    [158/365] already staged, skipping: https://download.open.fda.gov/device/event/2021q2/device-event-0005-of-0006.json.zip
    [159/365] already staged, skipping: https://download.open.fda.gov/device/event/2021q2/device-event-0006-of-0006.json.zip
    [160/365] already staged, skipping: https://download.open.fda.gov/device/event/2017q4/device-event-0001-of-0003.json.zip
    [161/365] already staged, skipping: https://download.open.fda.gov/device/event/2017q4/device-event-0002-of-0003.json.zip
    [162/365] already staged, skipping: https://download.open.fda.gov/device/event/2017q4/device-event-0003-of-0003.json.zip
    [163/365] already staged, skipping: https://download.open.fda.gov/device/event/2003q4/device-event-0001-of-0001.json.zip
    [164/365] already staged, skipping: https://download.open.fda.gov/device/event/2003q3/device-event-0001-of-0001.json.zip
    [165/365] already staged, skipping: https://download.open.fda.gov/device/event/2000q3/device-event-0001-of-0001.json.zip
    [166/365] already staged, skipping: https://download.open.fda.gov/device/event/1994q1/device-event-0001-of-0001.json.zip
    [167/365] already staged, skipping: https://download.open.fda.gov/device/event/2000q2/device-event-0001-of-0001.json.zip
    [168/365] already staged, skipping: https://download.open.fda.gov/device/event/2007q2/device-event-0001-of-0001.json.zip
    [169/365] already staged, skipping: https://download.open.fda.gov/device/event/2012q1/device-event-0001-of-0002.json.zip
    [170/365] already staged, skipping: https://download.open.fda.gov/device/event/2012q1/device-event-0002-of-0002.json.zip
    [171/365] already staged, skipping: https://download.open.fda.gov/device/event/1996q2/device-event-0001-of-0001.json.zip
    [172/365] already staged, skipping: https://download.open.fda.gov/device/event/2015q3/device-event-0001-of-0003.json.zip
    [173/365] already staged, skipping: https://download.open.fda.gov/device/event/2015q3/device-event-0002-of-0003.json.zip
    [174/365] already staged, skipping: https://download.open.fda.gov/device/event/2015q3/device-event-0003-of-0003.json.zip
    [175/365] already staged, skipping: https://download.open.fda.gov/device/event/2004q1/device-event-0001-of-0001.json.zip
    [176/365] already staged, skipping: https://download.open.fda.gov/device/event/2010q1/device-event-0001-of-0001.json.zip
    [177/365] already staged, skipping: https://download.open.fda.gov/device/event/1999q4/device-event-0001-of-0001.json.zip
    [178/365] already staged, skipping: https://download.open.fda.gov/device/event/2004q4/device-event-0001-of-0001.json.zip
    [179/365] already staged, skipping: https://download.open.fda.gov/device/event/2009q1/device-event-0001-of-0001.json.zip
    [180/365] already staged, skipping: https://download.open.fda.gov/device/event/2014q2/device-event-0001-of-0002.json.zip
    [181/365] already staged, skipping: https://download.open.fda.gov/device/event/2014q2/device-event-0002-of-0002.json.zip
    [182/365] already staged, skipping: https://download.open.fda.gov/device/event/2010q2/device-event-0001-of-0001.json.zip
    [183/365] already staged, skipping: https://download.open.fda.gov/device/event/1996q3/device-event-0001-of-0001.json.zip
    [184/365] already staged, skipping: https://download.open.fda.gov/device/event/2016q4/device-event-0001-of-0003.json.zip
    [185/365] already staged, skipping: https://download.open.fda.gov/device/event/2016q4/device-event-0002-of-0003.json.zip
    [186/365] already staged, skipping: https://download.open.fda.gov/device/event/2016q4/device-event-0003-of-0003.json.zip
    [187/365] already staged, skipping: https://download.open.fda.gov/device/event/2005q1/device-event-0001-of-0001.json.zip
    [188/365] already staged, skipping: https://download.open.fda.gov/device/event/2011q4/device-event-0001-of-0002.json.zip
    [189/365] already staged, skipping: https://download.open.fda.gov/device/event/2011q4/device-event-0002-of-0002.json.zip
    [190/365] already staged, skipping: https://download.open.fda.gov/device/event/2011q2/device-event-0001-of-0002.json.zip
    [191/365] already staged, skipping: https://download.open.fda.gov/device/event/2011q2/device-event-0002-of-0002.json.zip
    [192/365] already staged, skipping: https://download.open.fda.gov/device/event/2007q3/device-event-0001-of-0001.json.zip
    [193/365] already staged, skipping: https://download.open.fda.gov/device/event/2008q2/device-event-0001-of-0001.json.zip
    [194/365] already staged, skipping: https://download.open.fda.gov/device/event/all_other/device-event-0001-of-0004.json.zip
    [195/365] already staged, skipping: https://download.open.fda.gov/device/event/all_other/device-event-0002-of-0004.json.zip
    [196/365] already staged, skipping: https://download.open.fda.gov/device/event/all_other/device-event-0003-of-0004.json.zip
    [197/365] already staged, skipping: https://download.open.fda.gov/device/event/all_other/device-event-0004-of-0004.json.zip
    [198/365] already staged, skipping: https://download.open.fda.gov/device/event/2024q4/device-event-0001-of-0008.json.zip
    [199/365] already staged, skipping: https://download.open.fda.gov/device/event/2024q4/device-event-0002-of-0008.json.zip
    [200/365] already staged, skipping: https://download.open.fda.gov/device/event/2024q4/device-event-0003-of-0008.json.zip
    [201/365] already staged, skipping: https://download.open.fda.gov/device/event/2024q4/device-event-0004-of-0008.json.zip
    [202/365] already staged, skipping: https://download.open.fda.gov/device/event/2024q4/device-event-0005-of-0008.json.zip
    [203/365] already staged, skipping: https://download.open.fda.gov/device/event/2024q4/device-event-0006-of-0008.json.zip
    [204/365] already staged, skipping: https://download.open.fda.gov/device/event/2024q4/device-event-0007-of-0008.json.zip
    [205/365] already staged, skipping: https://download.open.fda.gov/device/event/2024q4/device-event-0008-of-0008.json.zip
    [206/365] already staged, skipping: https://download.open.fda.gov/device/event/2018q3/device-event-0001-of-0003.json.zip
    [207/365] already staged, skipping: https://download.open.fda.gov/device/event/2018q3/device-event-0002-of-0003.json.zip
    [208/365] already staged, skipping: https://download.open.fda.gov/device/event/2018q3/device-event-0003-of-0003.json.zip
    [209/365] already staged, skipping: https://download.open.fda.gov/device/event/2024q1/device-event-0001-of-0007.json.zip
    [210/365] already staged, skipping: https://download.open.fda.gov/device/event/2024q1/device-event-0002-of-0007.json.zip
    [211/365] already staged, skipping: https://download.open.fda.gov/device/event/2024q1/device-event-0003-of-0007.json.zip
    [212/365] already staged, skipping: https://download.open.fda.gov/device/event/2024q1/device-event-0004-of-0007.json.zip
    [213/365] already staged, skipping: https://download.open.fda.gov/device/event/2024q1/device-event-0005-of-0007.json.zip
    [214/365] already staged, skipping: https://download.open.fda.gov/device/event/2024q1/device-event-0006-of-0007.json.zip
    [215/365] already staged, skipping: https://download.open.fda.gov/device/event/2024q1/device-event-0007-of-0007.json.zip
    [216/365] already staged, skipping: https://download.open.fda.gov/device/event/1992q4/device-event-0001-of-0001.json.zip
    [217/365] already staged, skipping: https://download.open.fda.gov/device/event/2008q3/device-event-0001-of-0001.json.zip
    [218/365] already staged, skipping: https://download.open.fda.gov/device/event/2012q3/device-event-0001-of-0002.json.zip
    [219/365] already staged, skipping: https://download.open.fda.gov/device/event/2012q3/device-event-0002-of-0002.json.zip
    [220/365] already staged, skipping: https://download.open.fda.gov/device/event/2016q1/device-event-0001-of-0003.json.zip
    [221/365] already staged, skipping: https://download.open.fda.gov/device/event/2016q1/device-event-0002-of-0003.json.zip
    [222/365] already staged, skipping: https://download.open.fda.gov/device/event/2016q1/device-event-0003-of-0003.json.zip
    [223/365] already staged, skipping: https://download.open.fda.gov/device/event/2022q4/device-event-0001-of-0006.json.zip
    [224/365] already staged, skipping: https://download.open.fda.gov/device/event/2022q4/device-event-0002-of-0006.json.zip
    [225/365] already staged, skipping: https://download.open.fda.gov/device/event/2022q4/device-event-0003-of-0006.json.zip
    [226/365] already staged, skipping: https://download.open.fda.gov/device/event/2022q4/device-event-0004-of-0006.json.zip
    [227/365] already staged, skipping: https://download.open.fda.gov/device/event/2022q4/device-event-0005-of-0006.json.zip
    [228/365] already staged, skipping: https://download.open.fda.gov/device/event/2022q4/device-event-0006-of-0006.json.zip
    [229/365] already staged, skipping: https://download.open.fda.gov/device/event/1993q3/device-event-0001-of-0001.json.zip
    [230/365] already staged, skipping: https://download.open.fda.gov/device/event/2019q1/device-event-0001-of-0003.json.zip
    [231/365] already staged, skipping: https://download.open.fda.gov/device/event/2019q1/device-event-0002-of-0003.json.zip
    [232/365] already staged, skipping: https://download.open.fda.gov/device/event/2019q1/device-event-0003-of-0003.json.zip
    [233/365] already staged, skipping: https://download.open.fda.gov/device/event/1994q2/device-event-0001-of-0001.json.zip
    [234/365] already staged, skipping: https://download.open.fda.gov/device/event/2017q1/device-event-0001-of-0003.json.zip
    [235/365] already staged, skipping: https://download.open.fda.gov/device/event/2017q1/device-event-0002-of-0003.json.zip
    [236/365] already staged, skipping: https://download.open.fda.gov/device/event/2017q1/device-event-0003-of-0003.json.zip
    [237/365] already staged, skipping: https://download.open.fda.gov/device/event/2019q2/device-event-0001-of-0003.json.zip
    [238/365] already staged, skipping: https://download.open.fda.gov/device/event/2019q2/device-event-0002-of-0003.json.zip
    [239/365] already staged, skipping: https://download.open.fda.gov/device/event/2019q2/device-event-0003-of-0003.json.zip
    [240/365] already staged, skipping: https://download.open.fda.gov/device/event/2006q4/device-event-0001-of-0001.json.zip
    [241/365] already staged, skipping: https://download.open.fda.gov/device/event/2025q2/device-event-0001-of-0007.json.zip
    [242/365] already staged, skipping: https://download.open.fda.gov/device/event/2025q2/device-event-0002-of-0007.json.zip
    [243/365] already staged, skipping: https://download.open.fda.gov/device/event/2025q2/device-event-0003-of-0007.json.zip
    [244/365] already staged, skipping: https://download.open.fda.gov/device/event/2025q2/device-event-0004-of-0007.json.zip
    [245/365] already staged, skipping: https://download.open.fda.gov/device/event/2025q2/device-event-0005-of-0007.json.zip
    [246/365] already staged, skipping: https://download.open.fda.gov/device/event/2025q2/device-event-0006-of-0007.json.zip
    [247/365] already staged, skipping: https://download.open.fda.gov/device/event/2025q2/device-event-0007-of-0007.json.zip
    [248/365] already staged, skipping: https://download.open.fda.gov/device/event/2016q3/device-event-0001-of-0003.json.zip
    [249/365] already staged, skipping: https://download.open.fda.gov/device/event/2016q3/device-event-0002-of-0003.json.zip
    [250/365] already staged, skipping: https://download.open.fda.gov/device/event/2016q3/device-event-0003-of-0003.json.zip
    [251/365] already staged, skipping: https://download.open.fda.gov/device/event/1997q4/device-event-0001-of-0001.json.zip
    [252/365] already staged, skipping: https://download.open.fda.gov/device/event/2006q3/device-event-0001-of-0001.json.zip
    [253/365] already staged, skipping: https://download.open.fda.gov/device/event/1998q4/device-event-0001-of-0001.json.zip
    [254/365] already staged, skipping: https://download.open.fda.gov/device/event/1998q2/device-event-0001-of-0001.json.zip
    [255/365] already staged, skipping: https://download.open.fda.gov/device/event/2023q2/device-event-0001-of-0007.json.zip
    [256/365] already staged, skipping: https://download.open.fda.gov/device/event/2023q2/device-event-0002-of-0007.json.zip
    [257/365] already staged, skipping: https://download.open.fda.gov/device/event/2023q2/device-event-0003-of-0007.json.zip
    [258/365] downloading https://download.open.fda.gov/device/event/2023q2/device-event-0004-of-0007.json.zip
        -> 48 chunk(s) so far, 95,000 record(s)
    [259/365] downloading https://download.open.fda.gov/device/event/2023q2/device-event-0005-of-0007.json.zip
        -> 96 chunk(s) so far, 190,000 record(s)
    [260/365] downloading https://download.open.fda.gov/device/event/2023q2/device-event-0006-of-0007.json.zip
        -> 144 chunk(s) so far, 285,000 record(s)
    [261/365] downloading https://download.open.fda.gov/device/event/2023q2/device-event-0007-of-0007.json.zip
        -> 151 chunk(s) so far, 298,295 record(s)
    [262/365] downloading https://download.open.fda.gov/device/event/2022q3/device-event-0001-of-0007.json.zip
        PUT failed (attempt 1/3): 000612 (02000): Result not found -- reconnecting
        -> 199 chunk(s) so far, 393,295 record(s)
    [263/365] downloading https://download.open.fda.gov/device/event/2022q3/device-event-0002-of-0007.json.zip
        -> 247 chunk(s) so far, 488,295 record(s)
    [264/365] downloading https://download.open.fda.gov/device/event/2022q3/device-event-0003-of-0007.json.zip
        -> 295 chunk(s) so far, 583,295 record(s)
    [265/365] downloading https://download.open.fda.gov/device/event/2022q3/device-event-0004-of-0007.json.zip
        -> 343 chunk(s) so far, 678,295 record(s)
    [266/365] downloading https://download.open.fda.gov/device/event/2022q3/device-event-0005-of-0007.json.zip
        -> 391 chunk(s) so far, 773,295 record(s)
    [267/365] downloading https://download.open.fda.gov/device/event/2022q3/device-event-0006-of-0007.json.zip
        -> 439 chunk(s) so far, 868,295 record(s)
    [268/365] downloading https://download.open.fda.gov/device/event/2022q3/device-event-0007-of-0007.json.zip
        -> 475 chunk(s) so far, 938,347 record(s)
    [269/365] downloading https://download.open.fda.gov/device/event/2001q2/device-event-0001-of-0001.json.zip
        -> 483 chunk(s) so far, 953,640 record(s)
    [270/365] downloading https://download.open.fda.gov/device/event/1991q4/device-event-0001-of-0001.json.zip
        -> 484 chunk(s) so far, 953,655 record(s)
    [271/365] downloading https://download.open.fda.gov/device/event/2013q4/device-event-0001-of-0002.json.zip
        -> 532 chunk(s) so far, 1,048,655 record(s)
    [272/365] downloading https://download.open.fda.gov/device/event/2013q4/device-event-0002-of-0002.json.zip
        -> 579 chunk(s) so far, 1,142,307 record(s)
    [273/365] downloading https://download.open.fda.gov/device/event/2026q1/device-event-0001-of-0009.json.zip
        -> 627 chunk(s) so far, 1,237,307 record(s)
    [274/365] downloading https://download.open.fda.gov/device/event/2026q1/device-event-0002-of-0009.json.zip
        -> 675 chunk(s) so far, 1,332,307 record(s)
    [275/365] downloading https://download.open.fda.gov/device/event/2026q1/device-event-0003-of-0009.json.zip
        -> 723 chunk(s) so far, 1,427,307 record(s)
    [276/365] downloading https://download.open.fda.gov/device/event/2026q1/device-event-0004-of-0009.json.zip
        -> 771 chunk(s) so far, 1,522,307 record(s)
    [277/365] downloading https://download.open.fda.gov/device/event/2026q1/device-event-0005-of-0009.json.zip
        -> 819 chunk(s) so far, 1,617,307 record(s)
    [278/365] downloading https://download.open.fda.gov/device/event/2026q1/device-event-0006-of-0009.json.zip
        -> 867 chunk(s) so far, 1,712,307 record(s)
    [279/365] downloading https://download.open.fda.gov/device/event/2026q1/device-event-0007-of-0009.json.zip
        -> 915 chunk(s) so far, 1,807,307 record(s)
    [280/365] downloading https://download.open.fda.gov/device/event/2026q1/device-event-0008-of-0009.json.zip
        -> 963 chunk(s) so far, 1,902,307 record(s)
    [281/365] downloading https://download.open.fda.gov/device/event/2026q1/device-event-0009-of-0009.json.zip
        -> 989 chunk(s) so far, 1,953,925 record(s)
    [282/365] downloading https://download.open.fda.gov/device/event/2021q1/device-event-0001-of-0006.json.zip
        -> 1037 chunk(s) so far, 2,048,925 record(s)
    [283/365] downloading https://download.open.fda.gov/device/event/2021q1/device-event-0002-of-0006.json.zip
        -> 1085 chunk(s) so far, 2,143,925 record(s)
    [284/365] downloading https://download.open.fda.gov/device/event/2021q1/device-event-0003-of-0006.json.zip
        -> 1133 chunk(s) so far, 2,238,925 record(s)
    [285/365] downloading https://download.open.fda.gov/device/event/2021q1/device-event-0004-of-0006.json.zip
        -> 1181 chunk(s) so far, 2,333,925 record(s)
    [286/365] downloading https://download.open.fda.gov/device/event/2021q1/device-event-0005-of-0006.json.zip
        -> 1229 chunk(s) so far, 2,428,925 record(s)
    [287/365] downloading https://download.open.fda.gov/device/event/2021q1/device-event-0006-of-0006.json.zip
        -> 1240 chunk(s) so far, 2,450,844 record(s)
    [288/365] downloading https://download.open.fda.gov/device/event/2018q1/device-event-0001-of-0003.json.zip
        -> 1288 chunk(s) so far, 2,545,844 record(s)
    [289/365] downloading https://download.open.fda.gov/device/event/2018q1/device-event-0002-of-0003.json.zip
        -> 1336 chunk(s) so far, 2,640,844 record(s)
    [290/365] downloading https://download.open.fda.gov/device/event/2018q1/device-event-0003-of-0003.json.zip
        -> 1357 chunk(s) so far, 2,681,396 record(s)
    [291/365] downloading https://download.open.fda.gov/device/event/1999q3/device-event-0001-of-0001.json.zip
        -> 1364 chunk(s) so far, 2,695,090 record(s)
    [292/365] downloading https://download.open.fda.gov/device/event/2013q3/device-event-0001-of-0003.json.zip
        -> 1412 chunk(s) so far, 2,790,090 record(s)
    [293/365] downloading https://download.open.fda.gov/device/event/2013q3/device-event-0002-of-0003.json.zip
        -> 1460 chunk(s) so far, 2,885,090 record(s)
    [294/365] downloading https://download.open.fda.gov/device/event/2013q3/device-event-0003-of-0003.json.zip
        -> 1463 chunk(s) so far, 2,890,442 record(s)
    [295/365] downloading https://download.open.fda.gov/device/event/1995q3/device-event-0001-of-0001.json.zip
        -> 1465 chunk(s) so far, 2,893,506 record(s)
    [296/365] downloading https://download.open.fda.gov/device/event/1992q3/device-event-0001-of-0001.json.zip
        -> 1466 chunk(s) so far, 2,895,277 record(s)
    [297/365] downloading https://download.open.fda.gov/device/event/2005q3/device-event-0001-of-0001.json.zip
        -> 1479 chunk(s) so far, 2,921,019 record(s)
    [298/365] downloading https://download.open.fda.gov/device/event/2023q4/device-event-0001-of-0007.json.zip
        -> 1527 chunk(s) so far, 3,016,019 record(s)
    [299/365] downloading https://download.open.fda.gov/device/event/2023q4/device-event-0002-of-0007.json.zip
        -> 1575 chunk(s) so far, 3,111,019 record(s)
    [300/365] downloading https://download.open.fda.gov/device/event/2023q4/device-event-0003-of-0007.json.zip
        -> 1623 chunk(s) so far, 3,206,019 record(s)
    [301/365] downloading https://download.open.fda.gov/device/event/2023q4/device-event-0004-of-0007.json.zip
        -> 1671 chunk(s) so far, 3,301,019 record(s)
    [302/365] downloading https://download.open.fda.gov/device/event/2023q4/device-event-0005-of-0007.json.zip
        -> 1719 chunk(s) so far, 3,396,019 record(s)
    [303/365] downloading https://download.open.fda.gov/device/event/2023q4/device-event-0006-of-0007.json.zip
        -> 1767 chunk(s) so far, 3,491,019 record(s)
    [304/365] downloading https://download.open.fda.gov/device/event/2023q4/device-event-0007-of-0007.json.zip
        -> 1769 chunk(s) so far, 3,494,638 record(s)
    [305/365] downloading https://download.open.fda.gov/device/event/2002q2/device-event-0001-of-0001.json.zip
        -> 1777 chunk(s) so far, 3,510,619 record(s)
    [306/365] downloading https://download.open.fda.gov/device/event/1998q1/device-event-0001-of-0001.json.zip
        -> 1786 chunk(s) so far, 3,528,425 record(s)
    [307/365] downloading https://download.open.fda.gov/device/event/2015q1/device-event-0001-of-0003.json.zip
        -> 1834 chunk(s) so far, 3,623,425 record(s)
    [308/365] downloading https://download.open.fda.gov/device/event/2015q1/device-event-0002-of-0003.json.zip
        -> 1882 chunk(s) so far, 3,718,425 record(s)
    [309/365] downloading https://download.open.fda.gov/device/event/2015q1/device-event-0003-of-0003.json.zip
        -> 1894 chunk(s) so far, 3,741,387 record(s)
    [310/365] downloading https://download.open.fda.gov/device/event/2016q2/device-event-0001-of-0003.json.zip
        -> 1942 chunk(s) so far, 3,836,387 record(s)
    [311/365] downloading https://download.open.fda.gov/device/event/2016q2/device-event-0002-of-0003.json.zip
        -> 1990 chunk(s) so far, 3,931,387 record(s)
    [312/365] downloading https://download.open.fda.gov/device/event/2016q2/device-event-0003-of-0003.json.zip
        -> 2007 chunk(s) so far, 3,963,879 record(s)
    [313/365] downloading https://download.open.fda.gov/device/event/2018q2/device-event-0001-of-0003.json.zip
        -> 2055 chunk(s) so far, 4,058,879 record(s)
    [314/365] downloading https://download.open.fda.gov/device/event/2018q2/device-event-0002-of-0003.json.zip
        -> 2103 chunk(s) so far, 4,153,879 record(s)
    [315/365] downloading https://download.open.fda.gov/device/event/2018q2/device-event-0003-of-0003.json.zip
        -> 2141 chunk(s) so far, 4,229,568 record(s)
    [316/365] downloading https://download.open.fda.gov/device/event/2017q2/device-event-0001-of-0003.json.zip
        -> 2189 chunk(s) so far, 4,324,568 record(s)
    [317/365] downloading https://download.open.fda.gov/device/event/2017q2/device-event-0002-of-0003.json.zip
        -> 2237 chunk(s) so far, 4,419,568 record(s)
    [318/365] downloading https://download.open.fda.gov/device/event/2017q2/device-event-0003-of-0003.json.zip
        -> 2258 chunk(s) so far, 4,460,172 record(s)
    [319/365] downloading https://download.open.fda.gov/device/event/2017q3/device-event-0001-of-0003.json.zip
        -> 2306 chunk(s) so far, 4,555,172 record(s)
    [320/365] downloading https://download.open.fda.gov/device/event/2017q3/device-event-0002-of-0003.json.zip
        -> 2354 chunk(s) so far, 4,650,172 record(s)
    [321/365] downloading https://download.open.fda.gov/device/event/2017q3/device-event-0003-of-0003.json.zip
        -> 2371 chunk(s) so far, 4,682,889 record(s)
    [322/365] downloading https://download.open.fda.gov/device/event/2008q1/device-event-0001-of-0001.json.zip
        -> 2393 chunk(s) so far, 4,725,315 record(s)
    [323/365] downloading https://download.open.fda.gov/device/event/2001q3/device-event-0001-of-0001.json.zip
        -> 2401 chunk(s) so far, 4,739,512 record(s)
    [324/365] downloading https://download.open.fda.gov/device/event/2025q1/device-event-0001-of-0008.json.zip
        -> 2449 chunk(s) so far, 4,834,512 record(s)
    [325/365] downloading https://download.open.fda.gov/device/event/2025q1/device-event-0002-of-0008.json.zip
        -> 2497 chunk(s) so far, 4,929,512 record(s)
    [326/365] downloading https://download.open.fda.gov/device/event/2025q1/device-event-0003-of-0008.json.zip
        -> 2545 chunk(s) so far, 5,024,512 record(s)
    [327/365] downloading https://download.open.fda.gov/device/event/2025q1/device-event-0004-of-0008.json.zip
        -> 2593 chunk(s) so far, 5,119,512 record(s)
    [328/365] downloading https://download.open.fda.gov/device/event/2025q1/device-event-0005-of-0008.json.zip
        -> 2641 chunk(s) so far, 5,214,512 record(s)
    [329/365] downloading https://download.open.fda.gov/device/event/2025q1/device-event-0006-of-0008.json.zip
        -> 2689 chunk(s) so far, 5,309,512 record(s)
    [330/365] downloading https://download.open.fda.gov/device/event/2025q1/device-event-0007-of-0008.json.zip
        -> 2737 chunk(s) so far, 5,404,512 record(s)
    [331/365] downloading https://download.open.fda.gov/device/event/2025q1/device-event-0008-of-0008.json.zip
        -> 2748 chunk(s) so far, 5,424,763 record(s)
    [332/365] downloading https://download.open.fda.gov/device/event/2020q1/device-event-0001-of-0004.json.zip
        -> 2796 chunk(s) so far, 5,519,763 record(s)
    [333/365] downloading https://download.open.fda.gov/device/event/2020q1/device-event-0002-of-0004.json.zip
        -> 2844 chunk(s) so far, 5,614,763 record(s)
    [334/365] downloading https://download.open.fda.gov/device/event/2020q1/device-event-0003-of-0004.json.zip
        -> 2892 chunk(s) so far, 5,709,763 record(s)
    [335/365] downloading https://download.open.fda.gov/device/event/2020q1/device-event-0004-of-0004.json.zip
        -> 2936 chunk(s) so far, 5,796,393 record(s)
    [336/365] downloading https://download.open.fda.gov/device/event/2015q4/device-event-0001-of-0003.json.zip
        -> 2984 chunk(s) so far, 5,891,393 record(s)
    [337/365] downloading https://download.open.fda.gov/device/event/2015q4/device-event-0002-of-0003.json.zip
        -> 3032 chunk(s) so far, 5,986,393 record(s)
    [338/365] downloading https://download.open.fda.gov/device/event/2015q4/device-event-0003-of-0003.json.zip
        -> 3045 chunk(s) so far, 6,012,038 record(s)
    [339/365] downloading https://download.open.fda.gov/device/event/1999q1/device-event-0001-of-0001.json.zip
        -> 3052 chunk(s) so far, 6,025,142 record(s)
    [340/365] downloading https://download.open.fda.gov/device/event/2015q2/device-event-0001-of-0003.json.zip
        -> 3100 chunk(s) so far, 6,120,142 record(s)
    [341/365] downloading https://download.open.fda.gov/device/event/2015q2/device-event-0002-of-0003.json.zip
        -> 3148 chunk(s) so far, 6,215,142 record(s)
    [342/365] downloading https://download.open.fda.gov/device/event/2015q2/device-event-0003-of-0003.json.zip
        -> 3159 chunk(s) so far, 6,235,678 record(s)
    [343/365] downloading https://download.open.fda.gov/device/event/2022q1/device-event-0001-of-0009.json.zip
        -> 3207 chunk(s) so far, 6,330,678 record(s)
    [344/365] downloading https://download.open.fda.gov/device/event/2022q1/device-event-0002-of-0009.json.zip
        -> 3255 chunk(s) so far, 6,425,678 record(s)
    [345/365] downloading https://download.open.fda.gov/device/event/2022q1/device-event-0003-of-0009.json.zip
        -> 3303 chunk(s) so far, 6,520,678 record(s)
    [346/365] downloading https://download.open.fda.gov/device/event/2022q1/device-event-0004-of-0009.json.zip
        -> 3351 chunk(s) so far, 6,615,678 record(s)
    [347/365] downloading https://download.open.fda.gov/device/event/2022q1/device-event-0005-of-0009.json.zip
        -> 3399 chunk(s) so far, 6,710,678 record(s)
    [348/365] downloading https://download.open.fda.gov/device/event/2022q1/device-event-0006-of-0009.json.zip
        -> 3447 chunk(s) so far, 6,805,678 record(s)
    [349/365] downloading https://download.open.fda.gov/device/event/2022q1/device-event-0007-of-0009.json.zip
        -> 3495 chunk(s) so far, 6,900,678 record(s)
    [350/365] downloading https://download.open.fda.gov/device/event/2022q1/device-event-0008-of-0009.json.zip
        -> 3543 chunk(s) so far, 6,995,678 record(s)
    [351/365] downloading https://download.open.fda.gov/device/event/2022q1/device-event-0009-of-0009.json.zip
        -> 3582 chunk(s) so far, 7,072,855 record(s)
    [352/365] downloading https://download.open.fda.gov/device/event/1996q1/device-event-0001-of-0001.json.zip
        -> 3584 chunk(s) so far, 7,075,512 record(s)
    [353/365] downloading https://download.open.fda.gov/device/event/2002q4/device-event-0001-of-0001.json.zip
        -> 3594 chunk(s) so far, 7,093,823 record(s)
    [354/365] downloading https://download.open.fda.gov/device/event/2019q3/device-event-0001-of-0005.json.zip
        -> 3642 chunk(s) so far, 7,188,823 record(s)
    [355/365] downloading https://download.open.fda.gov/device/event/2019q3/device-event-0002-of-0005.json.zip
        -> 3690 chunk(s) so far, 7,283,823 record(s)
    [356/365] downloading https://download.open.fda.gov/device/event/2019q3/device-event-0003-of-0005.json.zip
        -> 3738 chunk(s) so far, 7,378,823 record(s)
    [357/365] downloading https://download.open.fda.gov/device/event/2019q3/device-event-0004-of-0005.json.zip
        -> 3786 chunk(s) so far, 7,473,823 record(s)
    [358/365] downloading https://download.open.fda.gov/device/event/2019q3/device-event-0005-of-0005.json.zip
        -> 3792 chunk(s) so far, 7,484,212 record(s)
    [359/365] downloading https://download.open.fda.gov/device/event/2019q4/device-event-0001-of-0005.json.zip
        -> 3840 chunk(s) so far, 7,579,212 record(s)
    [360/365] downloading https://download.open.fda.gov/device/event/2019q4/device-event-0002-of-0005.json.zip
        -> 3888 chunk(s) so far, 7,674,212 record(s)
    [361/365] downloading https://download.open.fda.gov/device/event/2019q4/device-event-0003-of-0005.json.zip
        -> 3936 chunk(s) so far, 7,769,212 record(s)
    [362/365] downloading https://download.open.fda.gov/device/event/2019q4/device-event-0004-of-0005.json.zip
        -> 3984 chunk(s) so far, 7,864,212 record(s)
    [363/365] downloading https://download.open.fda.gov/device/event/2019q4/device-event-0005-of-0005.json.zip
        -> 3994 chunk(s) so far, 7,883,272 record(s)
    [364/365] downloading https://download.open.fda.gov/device/event/2010q3/device-event-0001-of-0001.json.zip
        -> 4032 chunk(s) so far, 7,957,900 record(s)
    [365/365] downloading https://download.open.fda.gov/device/event/1993q1/device-event-0001-of-0001.json.zip
        -> 4033 chunk(s) so far, 7,958,989 record(s)
        COPY progress: 20/13042 parts, 20 rows
        COPY progress: 40/13042 parts, 40 rows
        COPY progress: 60/13042 parts, 60 rows
        COPY progress: 80/13042 parts, 80 rows
        COPY progress: 100/13042 parts, 100 rows
        COPY progress: 120/13042 parts, 120 rows
        COPY progress: 140/13042 parts, 140 rows
        COPY progress: 160/13042 parts, 160 rows
        COPY progress: 180/13042 parts, 180 rows
        COPY progress: 200/13042 parts, 200 rows
        COPY progress: 220/13042 parts, 220 rows
        COPY progress: 240/13042 parts, 240 rows
        COPY progress: 260/13042 parts, 260 rows
        COPY progress: 280/13042 parts, 280 rows
        COPY progress: 300/13042 parts, 300 rows
        COPY progress: 320/13042 parts, 320 rows
        COPY progress: 340/13042 parts, 340 rows
        COPY progress: 360/13042 parts, 360 rows
        COPY progress: 380/13042 parts, 380 rows
        COPY progress: 400/13042 parts, 400 rows
        COPY progress: 420/13042 parts, 420 rows
        COPY progress: 440/13042 parts, 440 rows
        COPY progress: 460/13042 parts, 460 rows
        COPY progress: 480/13042 parts, 480 rows
        COPY progress: 500/13042 parts, 500 rows
        COPY progress: 520/13042 parts, 520 rows
        COPY progress: 540/13042 parts, 540 rows
        COPY progress: 560/13042 parts, 560 rows
        COPY progress: 580/13042 parts, 580 rows
        COPY progress: 600/13042 parts, 600 rows
        COPY progress: 620/13042 parts, 620 rows
        COPY progress: 640/13042 parts, 640 rows
        COPY progress: 660/13042 parts, 660 rows
        COPY progress: 680/13042 parts, 680 rows
        COPY progress: 700/13042 parts, 700 rows
        COPY progress: 720/13042 parts, 720 rows
        COPY progress: 740/13042 parts, 740 rows
        COPY progress: 760/13042 parts, 760 rows
        COPY progress: 780/13042 parts, 780 rows
        COPY progress: 800/13042 parts, 800 rows
        COPY progress: 820/13042 parts, 820 rows
        COPY progress: 840/13042 parts, 840 rows
        COPY progress: 860/13042 parts, 860 rows
        COPY progress: 880/13042 parts, 880 rows
        COPY progress: 900/13042 parts, 900 rows
        COPY progress: 920/13042 parts, 920 rows
        COPY progress: 940/13042 parts, 940 rows
        COPY progress: 960/13042 parts, 960 rows
        COPY progress: 980/13042 parts, 980 rows
        COPY progress: 1000/13042 parts, 1,000 rows
        COPY progress: 1020/13042 parts, 1,020 rows
        COPY progress: 1040/13042 parts, 1,040 rows
        COPY progress: 1060/13042 parts, 1,060 rows
        COPY progress: 1080/13042 parts, 1,080 rows
        COPY progress: 1100/13042 parts, 1,100 rows
        COPY progress: 1120/13042 parts, 1,120 rows
        COPY progress: 1140/13042 parts, 1,140 rows
        COPY progress: 1160/13042 parts, 1,160 rows
        COPY progress: 1180/13042 parts, 1,180 rows
        COPY progress: 1200/13042 parts, 1,200 rows
        COPY progress: 1220/13042 parts, 1,220 rows
        COPY progress: 1240/13042 parts, 1,240 rows
        COPY progress: 1260/13042 parts, 1,260 rows
        COPY progress: 1280/13042 parts, 1,280 rows
        COPY progress: 1300/13042 parts, 1,300 rows
        COPY progress: 1320/13042 parts, 1,320 rows
        COPY progress: 1340/13042 parts, 1,340 rows
        COPY progress: 1360/13042 parts, 1,360 rows
        COPY progress: 1380/13042 parts, 1,380 rows
        COPY progress: 1400/13042 parts, 1,400 rows
        COPY progress: 1420/13042 parts, 1,420 rows
        COPY progress: 1440/13042 parts, 1,440 rows
        COPY progress: 1460/13042 parts, 1,460 rows
        COPY progress: 1480/13042 parts, 1,480 rows
        COPY progress: 1500/13042 parts, 1,500 rows
        COPY progress: 1520/13042 parts, 1,520 rows
        COPY progress: 1540/13042 parts, 1,540 rows
        COPY progress: 1560/13042 parts, 1,560 rows
        COPY progress: 1580/13042 parts, 1,580 rows
        COPY progress: 1600/13042 parts, 1,600 rows
        COPY progress: 1620/13042 parts, 1,620 rows
        COPY progress: 1640/13042 parts, 1,640 rows
        COPY progress: 1660/13042 parts, 1,660 rows
        COPY progress: 1680/13042 parts, 1,680 rows
        COPY progress: 1700/13042 parts, 1,700 rows
        COPY progress: 1720/13042 parts, 1,720 rows
        COPY progress: 1740/13042 parts, 1,740 rows
        COPY progress: 1760/13042 parts, 1,760 rows
        COPY progress: 1780/13042 parts, 1,780 rows
        COPY progress: 1800/13042 parts, 1,800 rows
        COPY progress: 1820/13042 parts, 1,820 rows
        COPY progress: 1840/13042 parts, 1,840 rows
        COPY progress: 1860/13042 parts, 1,860 rows
        COPY progress: 1880/13042 parts, 1,880 rows
        COPY progress: 1900/13042 parts, 1,900 rows
        COPY progress: 1920/13042 parts, 1,920 rows
        COPY progress: 1940/13042 parts, 1,940 rows
        COPY progress: 1960/13042 parts, 1,960 rows
        COPY progress: 1980/13042 parts, 1,980 rows
        COPY progress: 2000/13042 parts, 2,000 rows
        COPY progress: 2020/13042 parts, 2,020 rows
        COPY progress: 2040/13042 parts, 2,040 rows
        COPY progress: 2060/13042 parts, 2,060 rows
        COPY progress: 2080/13042 parts, 2,080 rows
        COPY progress: 2100/13042 parts, 2,100 rows
        COPY progress: 2120/13042 parts, 2,120 rows
        COPY progress: 2140/13042 parts, 2,140 rows
        COPY progress: 2160/13042 parts, 2,160 rows
        COPY progress: 2180/13042 parts, 2,180 rows
        COPY progress: 2200/13042 parts, 2,200 rows
        COPY progress: 2220/13042 parts, 2,220 rows
        COPY progress: 2240/13042 parts, 2,240 rows
        COPY progress: 2260/13042 parts, 2,260 rows
        COPY progress: 2280/13042 parts, 2,280 rows
        COPY progress: 2300/13042 parts, 2,300 rows
        COPY progress: 2320/13042 parts, 2,320 rows
        COPY progress: 2340/13042 parts, 2,340 rows
        COPY progress: 2360/13042 parts, 2,360 rows
        COPY progress: 2380/13042 parts, 2,380 rows
        COPY progress: 2400/13042 parts, 2,400 rows
        COPY progress: 2420/13042 parts, 2,420 rows
        COPY progress: 2440/13042 parts, 2,440 rows
        COPY progress: 2460/13042 parts, 2,460 rows
        COPY progress: 2480/13042 parts, 2,480 rows
        COPY progress: 2500/13042 parts, 2,500 rows
        COPY progress: 2520/13042 parts, 2,520 rows
        COPY progress: 2540/13042 parts, 2,540 rows
        COPY progress: 2560/13042 parts, 2,560 rows
        COPY progress: 2580/13042 parts, 2,580 rows
        COPY progress: 2600/13042 parts, 2,600 rows
        COPY progress: 2620/13042 parts, 2,620 rows
        COPY progress: 2640/13042 parts, 2,640 rows
        COPY progress: 2660/13042 parts, 2,660 rows
        COPY progress: 2680/13042 parts, 2,680 rows
        COPY progress: 2700/13042 parts, 2,700 rows
        COPY progress: 2720/13042 parts, 2,720 rows
        COPY progress: 2740/13042 parts, 2,740 rows
        COPY progress: 2760/13042 parts, 2,760 rows
        COPY progress: 2780/13042 parts, 2,780 rows
        COPY progress: 2800/13042 parts, 2,800 rows
        COPY progress: 2820/13042 parts, 2,820 rows
        COPY progress: 2840/13042 parts, 2,840 rows
        COPY progress: 2860/13042 parts, 2,860 rows
        COPY progress: 2880/13042 parts, 2,880 rows
        COPY progress: 2900/13042 parts, 2,900 rows
        COPY progress: 2920/13042 parts, 2,920 rows
        COPY progress: 2940/13042 parts, 2,940 rows
        COPY progress: 2960/13042 parts, 2,960 rows
        COPY progress: 2980/13042 parts, 2,980 rows
        COPY progress: 3000/13042 parts, 3,000 rows
        COPY progress: 3020/13042 parts, 3,020 rows
        COPY progress: 3040/13042 parts, 3,040 rows
        COPY progress: 3060/13042 parts, 3,060 rows
        COPY progress: 3080/13042 parts, 3,080 rows
        COPY progress: 3100/13042 parts, 3,100 rows
        COPY progress: 3120/13042 parts, 3,120 rows
        COPY progress: 3140/13042 parts, 3,140 rows
        COPY progress: 3160/13042 parts, 3,160 rows
        COPY progress: 3180/13042 parts, 3,180 rows
        COPY progress: 3200/13042 parts, 3,200 rows
        COPY progress: 3220/13042 parts, 3,220 rows
        COPY progress: 3240/13042 parts, 3,240 rows
        COPY progress: 3260/13042 parts, 3,260 rows
        COPY progress: 3280/13042 parts, 3,280 rows
        COPY progress: 3300/13042 parts, 3,300 rows
        COPY progress: 3320/13042 parts, 3,320 rows
        COPY progress: 3340/13042 parts, 3,340 rows
        COPY progress: 3360/13042 parts, 3,360 rows
        COPY progress: 3380/13042 parts, 3,380 rows
        COPY progress: 3400/13042 parts, 3,400 rows
        COPY progress: 3420/13042 parts, 3,420 rows
        COPY progress: 3440/13042 parts, 3,440 rows
        COPY progress: 3460/13042 parts, 3,460 rows
        COPY progress: 3480/13042 parts, 3,480 rows
        COPY progress: 3500/13042 parts, 3,500 rows
        COPY progress: 3520/13042 parts, 3,520 rows
        COPY progress: 3540/13042 parts, 3,540 rows
        COPY progress: 3560/13042 parts, 3,560 rows
        COPY progress: 3580/13042 parts, 3,580 rows
        COPY progress: 3600/13042 parts, 3,600 rows
        COPY progress: 3620/13042 parts, 3,620 rows
        COPY progress: 3640/13042 parts, 3,640 rows
        COPY progress: 3660/13042 parts, 3,660 rows
        COPY progress: 3680/13042 parts, 3,680 rows
        COPY progress: 3700/13042 parts, 3,700 rows
        COPY progress: 3720/13042 parts, 3,720 rows
        COPY progress: 3740/13042 parts, 3,740 rows
        COPY progress: 3760/13042 parts, 3,760 rows
        COPY progress: 3780/13042 parts, 3,780 rows
        COPY progress: 3800/13042 parts, 3,800 rows
        COPY progress: 3820/13042 parts, 3,820 rows
        COPY progress: 3840/13042 parts, 3,840 rows
        COPY progress: 3860/13042 parts, 3,860 rows
        COPY progress: 3880/13042 parts, 3,880 rows
        COPY progress: 3900/13042 parts, 3,900 rows
        COPY progress: 3920/13042 parts, 3,920 rows
        COPY progress: 3940/13042 parts, 3,940 rows
        COPY progress: 3960/13042 parts, 3,960 rows
        COPY progress: 3980/13042 parts, 3,980 rows
        COPY progress: 4000/13042 parts, 4,000 rows
        COPY progress: 4020/13042 parts, 4,020 rows
        COPY progress: 4040/13042 parts, 4,040 rows
        COPY progress: 4060/13042 parts, 4,060 rows
        COPY progress: 4080/13042 parts, 4,080 rows
        COPY progress: 4100/13042 parts, 4,100 rows
        COPY progress: 4120/13042 parts, 4,120 rows
        COPY progress: 4140/13042 parts, 4,140 rows
        COPY progress: 4160/13042 parts, 4,160 rows
        COPY progress: 4180/13042 parts, 4,180 rows
        COPY progress: 4200/13042 parts, 4,200 rows
        COPY progress: 4220/13042 parts, 4,220 rows
        COPY progress: 4240/13042 parts, 4,240 rows
        COPY progress: 4260/13042 parts, 4,260 rows
        COPY progress: 4280/13042 parts, 4,280 rows
        COPY progress: 4300/13042 parts, 4,300 rows
        COPY progress: 4320/13042 parts, 4,320 rows
        COPY progress: 4340/13042 parts, 4,340 rows
        COPY progress: 4360/13042 parts, 4,360 rows
        COPY progress: 4380/13042 parts, 4,380 rows
        COPY progress: 4400/13042 parts, 4,400 rows
        COPY progress: 4420/13042 parts, 4,420 rows
        COPY progress: 4440/13042 parts, 4,440 rows
        COPY progress: 4460/13042 parts, 4,460 rows
        COPY progress: 4480/13042 parts, 4,480 rows
        COPY progress: 4500/13042 parts, 4,500 rows
        COPY progress: 4520/13042 parts, 4,520 rows
        COPY progress: 4540/13042 parts, 4,540 rows
        COPY progress: 4560/13042 parts, 4,560 rows
        COPY progress: 4580/13042 parts, 4,580 rows
        COPY progress: 4600/13042 parts, 4,600 rows
        COPY progress: 4620/13042 parts, 4,620 rows
        COPY progress: 4640/13042 parts, 4,640 rows
        COPY progress: 4660/13042 parts, 4,660 rows
        COPY progress: 4680/13042 parts, 4,680 rows
        COPY progress: 4700/13042 parts, 4,700 rows
        COPY progress: 4720/13042 parts, 4,720 rows
        COPY progress: 4740/13042 parts, 4,740 rows
        COPY progress: 4760/13042 parts, 4,760 rows
        COPY progress: 4780/13042 parts, 4,780 rows
        COPY progress: 4800/13042 parts, 4,800 rows
        COPY progress: 4820/13042 parts, 4,820 rows
        COPY progress: 4840/13042 parts, 4,840 rows
        COPY progress: 4860/13042 parts, 4,860 rows
        COPY progress: 4880/13042 parts, 4,880 rows
        COPY progress: 4900/13042 parts, 4,900 rows
        COPY progress: 4920/13042 parts, 4,920 rows
        COPY progress: 4940/13042 parts, 4,940 rows
        COPY progress: 4960/13042 parts, 4,960 rows
        COPY progress: 4980/13042 parts, 4,980 rows
        COPY progress: 5000/13042 parts, 5,000 rows
        COPY progress: 5020/13042 parts, 5,020 rows
        COPY progress: 5040/13042 parts, 5,040 rows
        COPY progress: 5060/13042 parts, 5,060 rows
        COPY progress: 5080/13042 parts, 5,080 rows
        COPY progress: 5100/13042 parts, 5,100 rows
        COPY progress: 5120/13042 parts, 5,120 rows
        COPY progress: 5140/13042 parts, 5,140 rows
        COPY progress: 5160/13042 parts, 5,160 rows
        COPY progress: 5180/13042 parts, 5,180 rows
        COPY progress: 5200/13042 parts, 5,200 rows
        COPY progress: 5220/13042 parts, 5,220 rows
        COPY progress: 5240/13042 parts, 5,240 rows
        COPY progress: 5260/13042 parts, 5,260 rows
        COPY progress: 5280/13042 parts, 5,280 rows
        COPY progress: 5300/13042 parts, 5,300 rows
        COPY progress: 5320/13042 parts, 5,320 rows
        COPY progress: 5340/13042 parts, 5,340 rows
        COPY progress: 5360/13042 parts, 5,360 rows
        COPY progress: 5380/13042 parts, 5,380 rows
        COPY progress: 5400/13042 parts, 5,400 rows
        COPY progress: 5420/13042 parts, 5,420 rows
        COPY progress: 5440/13042 parts, 5,440 rows
        COPY progress: 5460/13042 parts, 5,460 rows
        COPY progress: 5480/13042 parts, 5,480 rows
        COPY progress: 5500/13042 parts, 5,500 rows
        COPY progress: 5520/13042 parts, 5,520 rows
        COPY progress: 5540/13042 parts, 5,540 rows
        COPY progress: 5560/13042 parts, 5,560 rows
        COPY progress: 5580/13042 parts, 5,580 rows
        COPY progress: 5600/13042 parts, 5,600 rows
        COPY progress: 5620/13042 parts, 5,620 rows
        COPY progress: 5640/13042 parts, 5,640 rows
        COPY progress: 5660/13042 parts, 5,660 rows
        COPY progress: 5680/13042 parts, 5,680 rows
        COPY progress: 5700/13042 parts, 5,700 rows
        COPY progress: 5720/13042 parts, 5,720 rows
        COPY progress: 5740/13042 parts, 5,740 rows
        COPY progress: 5760/13042 parts, 5,760 rows
        COPY progress: 5780/13042 parts, 5,780 rows
        COPY progress: 5800/13042 parts, 5,800 rows
        COPY progress: 5820/13042 parts, 5,820 rows
        COPY progress: 5840/13042 parts, 5,840 rows
        COPY progress: 5860/13042 parts, 5,860 rows
        COPY progress: 5880/13042 parts, 5,880 rows
        COPY progress: 5900/13042 parts, 5,900 rows
        COPY progress: 5920/13042 parts, 5,920 rows
        COPY progress: 5940/13042 parts, 5,940 rows
        COPY progress: 5960/13042 parts, 5,960 rows
        COPY progress: 5980/13042 parts, 5,980 rows
        COPY progress: 6000/13042 parts, 6,000 rows
        COPY progress: 6020/13042 parts, 6,020 rows
        COPY progress: 6040/13042 parts, 6,040 rows
        COPY progress: 6060/13042 parts, 6,060 rows
        COPY progress: 6080/13042 parts, 6,080 rows
        COPY progress: 6100/13042 parts, 6,100 rows
        COPY progress: 6120/13042 parts, 6,120 rows
        COPY progress: 6140/13042 parts, 6,140 rows
        COPY progress: 6160/13042 parts, 6,160 rows
        COPY progress: 6180/13042 parts, 6,180 rows
        COPY progress: 6200/13042 parts, 6,200 rows
        COPY progress: 6220/13042 parts, 6,220 rows
        COPY progress: 6240/13042 parts, 6,240 rows
        COPY progress: 6260/13042 parts, 6,260 rows
        COPY progress: 6280/13042 parts, 6,280 rows
        COPY progress: 6300/13042 parts, 6,300 rows
        COPY progress: 6320/13042 parts, 6,320 rows
        COPY progress: 6340/13042 parts, 6,340 rows
        COPY progress: 6360/13042 parts, 6,360 rows
        COPY progress: 6380/13042 parts, 6,380 rows
        COPY progress: 6400/13042 parts, 6,400 rows
        COPY progress: 6420/13042 parts, 6,420 rows
        COPY progress: 6440/13042 parts, 6,440 rows
        COPY progress: 6460/13042 parts, 6,460 rows
        COPY progress: 6480/13042 parts, 6,480 rows
        COPY progress: 6500/13042 parts, 6,500 rows
        COPY progress: 6520/13042 parts, 6,520 rows
        COPY progress: 6540/13042 parts, 6,540 rows
        COPY progress: 6560/13042 parts, 6,560 rows
        COPY progress: 6580/13042 parts, 6,580 rows
        COPY progress: 6600/13042 parts, 6,600 rows
        COPY progress: 6620/13042 parts, 6,620 rows
        COPY progress: 6640/13042 parts, 6,640 rows
        COPY progress: 6660/13042 parts, 6,660 rows
        COPY progress: 6680/13042 parts, 6,680 rows
        COPY progress: 6700/13042 parts, 6,700 rows
        COPY progress: 6720/13042 parts, 6,720 rows
        COPY progress: 6740/13042 parts, 6,740 rows
        COPY progress: 6760/13042 parts, 6,760 rows
        COPY progress: 6780/13042 parts, 6,780 rows
        COPY progress: 6800/13042 parts, 6,800 rows
        COPY progress: 6820/13042 parts, 6,820 rows
        COPY progress: 6840/13042 parts, 6,840 rows
        COPY progress: 6860/13042 parts, 6,860 rows
        COPY progress: 6880/13042 parts, 6,880 rows
        COPY progress: 6900/13042 parts, 6,900 rows
        COPY progress: 6920/13042 parts, 6,920 rows
        COPY progress: 6940/13042 parts, 6,940 rows
        COPY progress: 6960/13042 parts, 6,960 rows
        COPY progress: 6980/13042 parts, 6,980 rows
        COPY progress: 7000/13042 parts, 7,000 rows
        COPY progress: 7020/13042 parts, 7,020 rows
        COPY progress: 7040/13042 parts, 7,040 rows
        COPY progress: 7060/13042 parts, 7,060 rows
        COPY progress: 7080/13042 parts, 7,080 rows
        COPY progress: 7100/13042 parts, 7,100 rows
        COPY progress: 7120/13042 parts, 7,120 rows
        COPY progress: 7140/13042 parts, 7,140 rows
        COPY progress: 7160/13042 parts, 7,160 rows
        COPY progress: 7180/13042 parts, 7,180 rows
        COPY progress: 7200/13042 parts, 7,200 rows
        COPY progress: 7220/13042 parts, 7,220 rows
        COPY progress: 7240/13042 parts, 7,240 rows
        COPY progress: 7260/13042 parts, 7,260 rows
        COPY progress: 7280/13042 parts, 7,280 rows
        COPY progress: 7300/13042 parts, 7,300 rows
        COPY progress: 7320/13042 parts, 7,320 rows
        COPY progress: 7340/13042 parts, 7,340 rows
        COPY progress: 7360/13042 parts, 7,360 rows
        COPY progress: 7380/13042 parts, 7,380 rows
        COPY progress: 7400/13042 parts, 7,400 rows
        COPY progress: 7420/13042 parts, 7,420 rows
        COPY progress: 7440/13042 parts, 7,440 rows
        COPY progress: 7460/13042 parts, 7,460 rows
        COPY progress: 7480/13042 parts, 7,480 rows
        COPY progress: 7500/13042 parts, 7,500 rows
        COPY progress: 7520/13042 parts, 7,520 rows
        COPY progress: 7540/13042 parts, 7,540 rows
        COPY progress: 7560/13042 parts, 7,560 rows
        COPY progress: 7580/13042 parts, 7,580 rows
        COPY progress: 7600/13042 parts, 7,600 rows
        COPY progress: 7620/13042 parts, 7,620 rows
        COPY progress: 7640/13042 parts, 7,640 rows
        COPY progress: 7660/13042 parts, 7,660 rows
        COPY progress: 7680/13042 parts, 7,680 rows
        COPY progress: 7700/13042 parts, 7,700 rows
        COPY progress: 7720/13042 parts, 7,720 rows
        COPY progress: 7740/13042 parts, 7,740 rows
        COPY progress: 7760/13042 parts, 7,760 rows
        COPY progress: 7780/13042 parts, 7,780 rows
        COPY progress: 7800/13042 parts, 7,800 rows
        COPY progress: 7820/13042 parts, 7,820 rows
        COPY progress: 7840/13042 parts, 7,840 rows
        COPY progress: 7860/13042 parts, 7,860 rows
        COPY progress: 7880/13042 parts, 7,880 rows
        COPY progress: 7900/13042 parts, 7,900 rows
        COPY progress: 7920/13042 parts, 7,920 rows
        COPY progress: 7940/13042 parts, 7,940 rows
        COPY progress: 7960/13042 parts, 7,960 rows
        COPY progress: 7980/13042 parts, 7,980 rows
        COPY progress: 8000/13042 parts, 8,000 rows
        COPY progress: 8020/13042 parts, 8,020 rows
        COPY progress: 8040/13042 parts, 8,040 rows
        COPY progress: 8060/13042 parts, 8,060 rows
        COPY progress: 8080/13042 parts, 8,080 rows
        COPY progress: 8100/13042 parts, 8,100 rows
        COPY progress: 8120/13042 parts, 8,120 rows
        COPY progress: 8140/13042 parts, 8,140 rows
        COPY progress: 8160/13042 parts, 8,160 rows
        COPY progress: 8180/13042 parts, 8,180 rows
        COPY progress: 8200/13042 parts, 8,200 rows
        COPY progress: 8220/13042 parts, 8,220 rows
        COPY progress: 8240/13042 parts, 8,240 rows
        COPY progress: 8260/13042 parts, 8,260 rows
        COPY progress: 8280/13042 parts, 8,280 rows
        COPY progress: 8300/13042 parts, 8,300 rows
        COPY progress: 8320/13042 parts, 8,320 rows
        COPY progress: 8340/13042 parts, 8,340 rows
        COPY progress: 8360/13042 parts, 8,360 rows
        COPY progress: 8380/13042 parts, 8,380 rows
        COPY progress: 8400/13042 parts, 8,400 rows
        COPY progress: 8420/13042 parts, 8,420 rows
        COPY progress: 8440/13042 parts, 8,440 rows
        COPY progress: 8460/13042 parts, 8,460 rows
        COPY progress: 8480/13042 parts, 8,480 rows
        COPY progress: 8500/13042 parts, 8,500 rows
        COPY progress: 8520/13042 parts, 8,520 rows
        COPY progress: 8540/13042 parts, 8,540 rows
        COPY progress: 8560/13042 parts, 8,560 rows
        COPY progress: 8580/13042 parts, 8,580 rows
        COPY progress: 8600/13042 parts, 8,600 rows
        COPY progress: 8620/13042 parts, 8,620 rows
        COPY progress: 8640/13042 parts, 8,640 rows
        COPY progress: 8660/13042 parts, 8,660 rows
        COPY progress: 8680/13042 parts, 8,680 rows
        COPY progress: 8700/13042 parts, 8,700 rows
        COPY progress: 8720/13042 parts, 8,720 rows
        COPY progress: 8740/13042 parts, 8,740 rows
        COPY progress: 8760/13042 parts, 8,760 rows
        COPY progress: 8780/13042 parts, 8,780 rows
        COPY progress: 8800/13042 parts, 8,800 rows
        COPY progress: 8820/13042 parts, 8,820 rows
        COPY progress: 8840/13042 parts, 8,840 rows
        COPY progress: 8860/13042 parts, 8,860 rows
        COPY progress: 8880/13042 parts, 8,880 rows
        COPY progress: 8900/13042 parts, 8,900 rows
        COPY progress: 8920/13042 parts, 8,920 rows
        COPY progress: 8940/13042 parts, 8,940 rows
        COPY progress: 8960/13042 parts, 8,960 rows
        COPY progress: 8980/13042 parts, 8,980 rows
        COPY progress: 9000/13042 parts, 9,000 rows
        COPY progress: 9020/13042 parts, 9,020 rows
        COPY progress: 9040/13042 parts, 9,040 rows
        COPY progress: 9060/13042 parts, 9,060 rows
        COPY progress: 9080/13042 parts, 9,080 rows
        COPY progress: 9100/13042 parts, 9,100 rows
        COPY progress: 9120/13042 parts, 9,120 rows
        COPY progress: 9140/13042 parts, 9,140 rows
        COPY progress: 9160/13042 parts, 9,160 rows
        COPY progress: 9180/13042 parts, 9,180 rows
        COPY progress: 9200/13042 parts, 9,200 rows
        COPY progress: 9220/13042 parts, 9,220 rows
        COPY progress: 9240/13042 parts, 9,240 rows
        COPY progress: 9260/13042 parts, 9,260 rows
        COPY progress: 9280/13042 parts, 9,280 rows
        COPY progress: 9300/13042 parts, 9,300 rows
        COPY progress: 9320/13042 parts, 9,320 rows
        COPY progress: 9340/13042 parts, 9,340 rows
        COPY progress: 9360/13042 parts, 9,360 rows
        COPY progress: 9380/13042 parts, 9,380 rows
        COPY progress: 9400/13042 parts, 9,400 rows
        COPY progress: 9420/13042 parts, 9,420 rows
        COPY progress: 9440/13042 parts, 9,440 rows
        COPY progress: 9460/13042 parts, 9,460 rows
        COPY progress: 9480/13042 parts, 9,480 rows
        COPY progress: 9500/13042 parts, 9,500 rows
        COPY progress: 9520/13042 parts, 9,520 rows
        COPY progress: 9540/13042 parts, 9,540 rows
        COPY progress: 9560/13042 parts, 9,560 rows
        COPY progress: 9580/13042 parts, 9,580 rows
        COPY progress: 9600/13042 parts, 9,600 rows
        COPY progress: 9620/13042 parts, 9,620 rows
        COPY progress: 9640/13042 parts, 9,640 rows
        COPY progress: 9660/13042 parts, 9,660 rows
        COPY progress: 9680/13042 parts, 9,680 rows
        COPY progress: 9700/13042 parts, 9,700 rows
        COPY progress: 9720/13042 parts, 9,720 rows
        COPY progress: 9740/13042 parts, 9,740 rows
        COPY progress: 9760/13042 parts, 9,760 rows
        COPY progress: 9780/13042 parts, 9,780 rows
        COPY progress: 9800/13042 parts, 9,800 rows
        COPY progress: 9820/13042 parts, 9,820 rows
        COPY progress: 9840/13042 parts, 9,840 rows
        COPY progress: 9860/13042 parts, 9,860 rows
        COPY progress: 9880/13042 parts, 9,880 rows
        COPY progress: 9900/13042 parts, 9,900 rows
        COPY progress: 9920/13042 parts, 9,920 rows
        COPY progress: 9940/13042 parts, 9,940 rows
        COPY progress: 9960/13042 parts, 9,960 rows
        COPY progress: 9980/13042 parts, 9,980 rows
        COPY progress: 10000/13042 parts, 10,000 rows
        COPY progress: 10020/13042 parts, 10,020 rows
        COPY progress: 10040/13042 parts, 10,040 rows
        COPY progress: 10060/13042 parts, 10,060 rows
        COPY progress: 10080/13042 parts, 10,080 rows
        COPY progress: 10100/13042 parts, 10,100 rows
        COPY progress: 10120/13042 parts, 10,120 rows
        COPY progress: 10140/13042 parts, 10,140 rows
        COPY progress: 10160/13042 parts, 10,160 rows
        COPY progress: 10180/13042 parts, 10,180 rows
        COPY progress: 10200/13042 parts, 10,200 rows
        COPY progress: 10220/13042 parts, 10,220 rows
        COPY progress: 10240/13042 parts, 10,240 rows
        COPY progress: 10260/13042 parts, 10,260 rows
        COPY progress: 10280/13042 parts, 10,280 rows
        COPY progress: 10300/13042 parts, 10,300 rows
        COPY progress: 10320/13042 parts, 10,320 rows
        COPY progress: 10340/13042 parts, 10,340 rows
        COPY progress: 10360/13042 parts, 10,360 rows
        COPY progress: 10380/13042 parts, 10,380 rows
        COPY progress: 10400/13042 parts, 10,400 rows
        COPY progress: 10420/13042 parts, 10,420 rows
        COPY progress: 10440/13042 parts, 10,440 rows
        COPY progress: 10460/13042 parts, 10,460 rows
        COPY progress: 10480/13042 parts, 10,480 rows
        COPY progress: 10500/13042 parts, 10,500 rows
        COPY progress: 10520/13042 parts, 10,520 rows
        COPY progress: 10540/13042 parts, 10,540 rows
        COPY progress: 10560/13042 parts, 10,560 rows
        COPY progress: 10580/13042 parts, 10,580 rows
        COPY progress: 10600/13042 parts, 10,600 rows
        COPY progress: 10620/13042 parts, 10,620 rows
        COPY progress: 10640/13042 parts, 10,640 rows
        COPY progress: 10660/13042 parts, 10,660 rows
        COPY progress: 10680/13042 parts, 10,680 rows
        COPY progress: 10700/13042 parts, 10,700 rows
        COPY progress: 10720/13042 parts, 10,720 rows
        COPY progress: 10740/13042 parts, 10,740 rows
        COPY progress: 10760/13042 parts, 10,760 rows
        COPY progress: 10780/13042 parts, 10,780 rows
        COPY progress: 10800/13042 parts, 10,800 rows
        COPY progress: 10820/13042 parts, 10,820 rows
        COPY progress: 10840/13042 parts, 10,840 rows
        COPY progress: 10860/13042 parts, 10,860 rows
        COPY progress: 10880/13042 parts, 10,880 rows
        COPY progress: 10900/13042 parts, 10,900 rows
        COPY progress: 10920/13042 parts, 10,920 rows
        COPY progress: 10940/13042 parts, 10,940 rows
        COPY progress: 10960/13042 parts, 10,960 rows
        COPY progress: 10980/13042 parts, 10,980 rows
        COPY progress: 11000/13042 parts, 11,000 rows
        COPY progress: 11020/13042 parts, 11,020 rows
        COPY progress: 11040/13042 parts, 11,040 rows
        COPY progress: 11060/13042 parts, 11,060 rows
        COPY progress: 11080/13042 parts, 11,080 rows
        COPY progress: 11100/13042 parts, 11,100 rows
        COPY progress: 11120/13042 parts, 11,120 rows
        COPY progress: 11140/13042 parts, 11,140 rows
        COPY progress: 11160/13042 parts, 11,160 rows
        COPY progress: 11180/13042 parts, 11,180 rows
        COPY progress: 11200/13042 parts, 11,200 rows
        COPY progress: 11220/13042 parts, 11,220 rows
        COPY progress: 11240/13042 parts, 11,240 rows
        COPY progress: 11260/13042 parts, 11,260 rows
        COPY progress: 11280/13042 parts, 11,280 rows
        COPY progress: 11300/13042 parts, 11,300 rows
        COPY progress: 11320/13042 parts, 11,320 rows
        COPY progress: 11340/13042 parts, 11,340 rows
        COPY progress: 11360/13042 parts, 11,360 rows
        COPY progress: 11380/13042 parts, 11,380 rows
        COPY progress: 11400/13042 parts, 11,400 rows
        COPY progress: 11420/13042 parts, 11,420 rows
        COPY progress: 11440/13042 parts, 11,440 rows
        COPY progress: 11460/13042 parts, 11,460 rows
        COPY progress: 11480/13042 parts, 11,480 rows
        COPY progress: 11500/13042 parts, 11,500 rows
        COPY progress: 11520/13042 parts, 11,520 rows
        COPY progress: 11540/13042 parts, 11,540 rows
        COPY progress: 11560/13042 parts, 11,560 rows
        COPY progress: 11580/13042 parts, 11,580 rows
        COPY progress: 11600/13042 parts, 11,600 rows
        COPY progress: 11620/13042 parts, 11,620 rows
        COPY progress: 11640/13042 parts, 11,640 rows
        COPY progress: 11660/13042 parts, 11,660 rows
        COPY progress: 11680/13042 parts, 11,680 rows
        COPY progress: 11700/13042 parts, 11,700 rows
        COPY progress: 11720/13042 parts, 11,720 rows
        COPY progress: 11740/13042 parts, 11,740 rows
        COPY progress: 11760/13042 parts, 11,760 rows
        COPY progress: 11780/13042 parts, 11,780 rows
        COPY progress: 11800/13042 parts, 11,800 rows
        COPY progress: 11820/13042 parts, 11,820 rows
        COPY progress: 11840/13042 parts, 11,840 rows
        COPY progress: 11860/13042 parts, 11,860 rows
        COPY progress: 11880/13042 parts, 11,880 rows
        COPY progress: 11900/13042 parts, 11,900 rows
        COPY progress: 11920/13042 parts, 11,920 rows
        COPY progress: 11940/13042 parts, 11,940 rows
        COPY progress: 11960/13042 parts, 11,960 rows
        COPY progress: 11980/13042 parts, 11,980 rows
        COPY progress: 12000/13042 parts, 12,000 rows
        COPY progress: 12020/13042 parts, 12,020 rows
        COPY progress: 12040/13042 parts, 12,040 rows
        COPY progress: 12060/13042 parts, 12,060 rows
        COPY progress: 12080/13042 parts, 12,080 rows
        COPY progress: 12100/13042 parts, 12,100 rows
        COPY progress: 12120/13042 parts, 12,120 rows
        COPY progress: 12140/13042 parts, 12,140 rows
        COPY progress: 12160/13042 parts, 12,160 rows
        COPY progress: 12180/13042 parts, 12,180 rows
        COPY progress: 12200/13042 parts, 12,200 rows
        COPY progress: 12220/13042 parts, 12,220 rows
        COPY progress: 12240/13042 parts, 12,240 rows
        COPY progress: 12260/13042 parts, 12,260 rows
        COPY progress: 12280/13042 parts, 12,280 rows
        COPY progress: 12300/13042 parts, 12,300 rows
        COPY progress: 12320/13042 parts, 12,320 rows
        COPY progress: 12340/13042 parts, 12,340 rows
        COPY progress: 12360/13042 parts, 12,360 rows
        COPY progress: 12380/13042 parts, 12,380 rows
        COPY progress: 12400/13042 parts, 12,400 rows
        COPY progress: 12420/13042 parts, 12,420 rows
        COPY progress: 12440/13042 parts, 12,440 rows
        COPY progress: 12460/13042 parts, 12,460 rows
        COPY progress: 12480/13042 parts, 12,480 rows
        COPY progress: 12500/13042 parts, 12,500 rows
        COPY progress: 12520/13042 parts, 12,520 rows
        COPY progress: 12540/13042 parts, 12,540 rows
        COPY progress: 12560/13042 parts, 12,560 rows
        COPY progress: 12580/13042 parts, 12,580 rows
        COPY progress: 12600/13042 parts, 12,600 rows
        COPY progress: 12620/13042 parts, 12,620 rows
        COPY progress: 12640/13042 parts, 12,640 rows
        COPY progress: 12660/13042 parts, 12,660 rows
        COPY progress: 12680/13042 parts, 12,680 rows
        COPY progress: 12700/13042 parts, 12,700 rows
        COPY progress: 12720/13042 parts, 12,720 rows
        COPY progress: 12740/13042 parts, 12,740 rows
        COPY progress: 12760/13042 parts, 12,760 rows
        COPY progress: 12780/13042 parts, 12,780 rows
        COPY progress: 12800/13042 parts, 12,800 rows
        COPY progress: 12820/13042 parts, 12,820 rows
        COPY progress: 12840/13042 parts, 12,840 rows
        COPY progress: 12860/13042 parts, 12,860 rows
        COPY progress: 12880/13042 parts, 12,880 rows
        COPY progress: 12900/13042 parts, 12,900 rows
        COPY progress: 12920/13042 parts, 12,920 rows
        COPY progress: 12940/13042 parts, 12,940 rows
        COPY progress: 12960/13042 parts, 12,960 rows
        COPY progress: 12980/13042 parts, 12,980 rows
        COPY progress: 13000/13042 parts, 13,000 rows
        COPY progress: 13020/13042 parts, 13,020 rows
        COPY progress: 13040/13042 parts, 13,040 rows
    COPY -> staging FED_FDA_MAUDE_FULL__STAGING: 13,042 VARIANT row(s) from 13042 part(s)
    LOADED 13,042 rows -> LIBRARY_RAW.LANDING.FED_FDA_MAUDE_FULL; registered
{'source_id': 'FED_FDA_MAUDE_FULL', 'status': 'loaded', 'rows': 13042, 'density': 1.0}
