schema,table,column,state,row_count,lat,lon
CONSUMER_PROTECTION,CONSUMER_PROTECTION__FED_CFPB_COMPLAINTS,STATE,TX,2359446,32.20401620102799,-98.39852868150476
CONSUMER_PROTECTION,CONSUMER_PROTECTION__FED_CFPB_COMPLAINTS,STATE,FL,2354061,28.56408310703427,-83.06745984775496
CONSUMER_PROTECTION,CONSUMER_PROTECTION__FED_CFPB_COMPLAINTS,STATE,CA,1704092,36.001084115724176,-119.24410802392545
CONSUMER_PROTECTION,CONSUMER_PROTECTION__FED_CFPB_COMPLAINTS,STATE,GA,1265642,32.52861021695467,-82.67275422172591
CONSUMER_PROTECTION,CONSUMER_PROTECTION__FED_CFPB_COMPLAINTS,STATE,NY,995459,42.59558489297722,-74.74360845937363
CONSUMER_SAFETY,CONSUMER_SAFETY__FED_NHTSA_COMPLAINTS,STATE,CA,254916,36.654475405612736,-118.85463664714472
CONSUMER_SAFETY,CONSUMER_SAFETY__FED_NHTSA_COMPLAINTS,STATE,TX,160761,32.05157959829284,-99.54078196473715
CONSUMER_SAFETY,CONSUMER_SAFETY__FED_NHTSA_COMPLAINTS,STATE,FL,160327,28.691932526932668,-81.8902551243917
CONSUMER_SAFETY,CONSUMER_SAFETY__FED_NHTSA_COMPLAINTS,STATE,NY,124191,42.16316370183381,-75.34987753660481
CONSUMER_SAFETY,CONSUMER_SAFETY__FED_NHTSA_COMPLAINTS,STATE,PA,97725,41.632297719637535,-78.3565410475722
CORPORATE_REGISTRY,CORPORATE_REGISTRY__FED_IRS_EO_BMF,STATE,CA,204679,37.92807674306715,-119.18006833011877
CORPORATE_REGISTRY,CORPORATE_REGISTRY__FED_IRS_EO_BMF,STATE,TX,155949,32.326277579510794,-99.76037035008771
CORPORATE_REGISTRY,CORPORATE_REGISTRY__FED_IRS_EO_BMF,STATE,NY,125514,41.923523021259435,-74.65920838454481
CORPORATE_REGISTRY,CORPORATE_REGISTRY__FED_IRS_EO_BMF,STATE,FL,115255,29.331475631901384,-82.55340524048404
CORPORATE_REGISTRY,CORPORATE_REGISTRY__FED_IRS_EO_BMF,STATE,PA,82364,39.925072898070255,-78.54794627456299
ECONOMICS,ECONOMICS__FED_FAC_SINGLE_AUDIT,AUDITEE_STATE,CA,37195,37.52380524509688,-120.2846860269223
ECONOMICS,ECONOMICS__FED_FAC_SINGLE_AUDIT,AUDITEE_STATE,NY,25865,43.98329520903259,-75.25200456881718
ECONOMICS,ECONOMICS__FED_FAC_SINGLE_AUDIT,AUDITEE_STATE,TX,23242,30.782098367713168,-98.86486881855508
ECONOMICS,ECONOMICS__FED_FAC_SINGLE_AUDIT,AUDITEE_STATE,OH,21180,40.06491095697943,-81.5883357977001
ECONOMICS,ECONOMICS__FED_FAC_SINGLE_AUDIT,AUDITEE_STATE,PA,20292,41.88282688606482,-77.65897674849278
ECONOMICS,ECONOMICS__FED_IRS_AUTO_REVOCATIONS,STATE,CA,135915,37.54697234576999,-119.14585101232869
ECONOMICS,ECONOMICS__FED_IRS_AUTO_REVOCATIONS,STATE,TX,93338,32.23321181244297,-97.96614998455627
ECONOMICS,ECONOMICS__FED_IRS_AUTO_REVOCATIONS,STATE,NY,72039,41.76821275294086,-75.88814601983347
ECONOMICS,ECONOMICS__FED_IRS_AUTO_REVOCATIONS,STATE,FL,71155,28.844193376833594,-82.94789166300995
ECONOMICS,ECONOMICS__FED_IRS_AUTO_REVOCATIONS,STATE,IL,50752,40.213976176731315,-90.34887510388762
ECONOMICS,ECONOMICS__FED_IRS_BMF,STATE,CA,203528,38.11218922159582,-119.62926308395303
ECONOMICS,ECONOMICS__FED_IRS_BMF,STATE,TX,154768,30.58037854328528,-98.84432472027781
ECONOMICS,ECONOMICS__FED_IRS_BMF,STATE,NY,124992,42.44947358463413,-76.35057242614434
ECONOMICS,ECONOMICS__FED_IRS_BMF,STATE,FL,114435,28.560986272503236,-83.41330447142899
ECONOMICS,ECONOMICS__FED_IRS_BMF,STATE,PA,82089,40.203724661481445,-76.67649024089607
ECONOMICS,ECONOMICS__FED_IRS_PUB78_ELIGIBLE_DONEES,STATE,CA,160252,37.675736985006466,-121.064936443206
ECONOMICS,ECONOMICS__FED_IRS_PUB78_ELIGIBLE_DONEES,STATE,TX,116192,32.16733802263396,-100.65223550040749
ECONOMICS,ECONOMICS__FED_IRS_PUB78_ELIGIBLE_DONEES,STATE,NY,98614,42.49898894830488,-74.3675740131751
ECONOMICS,ECONOMICS__FED_IRS_PUB78_ELIGIBLE_DONEES,STATE,FL,90983,28.888636617993445,-82.94285132699483
ECONOMICS,ECONOMICS__FED_IRS_PUB78_ELIGIBLE_DONEES,STATE,PA,57262,40.60577151526285,-78.0103363692044
ECONOMICS,ECONOMICS__FED_IRS_REVOCATION,STATE,CA,133621,36.3044033410322,-118.30033992999404
ECONOMICS,ECONOMICS__FED_IRS_REVOCATION,STATE,TX,91762,30.429173133111277,-99.51591176343706
ECONOMICS,ECONOMICS__FED_IRS_REVOCATION,STATE,NY,70824,43.4911512851416,-75.78625997104683
ECONOMICS,ECONOMICS__FED_IRS_REVOCATION,STATE,FL,69898,29.754336472295286,-83.1131290804158
ECONOMICS,ECONOMICS__FED_IRS_REVOCATION,STATE,IL,49898,41.150214482946225,-88.10168041520635
ECONOMICS,ECONOMICS__FED_SBA_LOANS,BORROWER_STATE,CA,297581,37.608521065780074,-118.609364860884
ECONOMICS,ECONOMICS__FED_SBA_LOANS,BORROWER_STATE,TX,164895,31.373265995691565,-98.37247336012086
ECONOMICS,ECONOMICS__FED_SBA_LOANS,BORROWER_STATE,NY,136813,43.61063720720656,-75.45327733461575
ECONOMICS,ECONOMICS__FED_SBA_LOANS,BORROWER_STATE,FL,118493,28.530231528940114,-81.82411566163384
ECONOMICS,ECONOMICS__FED_SBA_LOANS,BORROWER_STATE,OH,94758,40.181753032339664,-83.95939354197675
ECONOMICS,ECONOMICS__FED_SBA_PPP,BORROWER_STATE,CA,130611,37.79163813615167,-120.35570479285865
ECONOMICS,ECONOMICS__FED_SBA_PPP,BORROWER_STATE,TX,76193,31.470393593119873,-98.50471803022766
ECONOMICS,ECONOMICS__FED_SBA_PPP,BORROWER_STATE,NY,74107,42.11310744914783,-76.8387545950246
ECONOMICS,ECONOMICS__FED_SBA_PPP,BORROWER_STATE,FL,60030,27.69638874979861,-82.14963642176257
ECONOMICS,ECONOMICS__FED_SBA_PPP,BORROWER_STATE,IL,40814,39.66651789881394,-89.88232581162704
ECONOMICS,ECONOMICS__FED_USASPENDING_CONTRACTS,PRIMARY_PLACE_OF_PERFORMANCE_STATE_CODE,IL,713020,39.88367978923512,-88.00272809380857
ECONOMICS,ECONOMICS__FED_USASPENDING_CONTRACTS,PRIMARY_PLACE_OF_PERFORMANCE_STATE_CODE,PA,697621,40.311432164577745,-77.95039950761644
ECONOMICS,ECONOMICS__FED_USASPENDING_CONTRACTS,PRIMARY_PLACE_OF_PERFORMANCE_STATE_CODE,VA,572036,38.41030526915329,-78.48590395332029
ECONOMICS,ECONOMICS__FED_USASPENDING_CONTRACTS,PRIMARY_PLACE_OF_PERFORMANCE_STATE_CODE,NJ,543719,39.543050001904106,-74.77081500412818
ECONOMICS,ECONOMICS__FED_USASPENDING_CONTRACTS,PRIMARY_PLACE_OF_PERFORMANCE_STATE_CODE,CA,352009,37.14849356696646,-120.70188195690834
ECONOMICS,ECONOMICS__FED_USASPENDING_CONTRACTS_FULL,PRIMARY_PLACE_OF_PERFORMANCE_STATE_CODE,VA,1722740,37.205947467624846,-79.34411411749934
ECONOMICS,ECONOMICS__FED_USASPENDING_CONTRACTS_FULL,PRIMARY_PLACE_OF_PERFORMANCE_STATE_CODE,IL,1501004,40.73137836099734,-89.69450730512935
ECONOMICS,ECONOMICS__FED_USASPENDING_CONTRACTS_FULL,PRIMARY_PLACE_OF_PERFORMANCE_STATE_CODE,PA,1472092,41.28218356662448,-76.381854971076
ECONOMICS,ECONOMICS__FED_USASPENDING_CONTRACTS_FULL,PRIMARY_PLACE_OF_PERFORMANCE_STATE_CODE,CA,1337528,38.21538810645538,-120.04708017152201
ECONOMICS,ECONOMICS__FED_USASPENDING_CONTRACTS_FULL,PRIMARY_PLACE_OF_PERFORMANCE_STATE_CODE,NJ,923232,40.347275410875156,-75.2036835774103
ECONOMICS,ECONOMICS__FED_US_SEC_EDGAR,STATE_OF_INCORPORATION,DE,40403,38.75587577775147,-75.5336035159077
ECONOMICS,ECONOMICS__FED_US_SEC_EDGAR,STATE_OF_INCORPORATION,NJ,2009,40.804253622737896,-73.47748537423065
ECONOMICS,ECONOMICS__FED_US_SEC_EDGAR,STATE_OF_INCORPORATION,WA,1002,46.897895435569154,-121.88266153524373
ECONOMICS,ECONOMICS__FED_US_SEC_EDGAR,STATE_OF_INCORPORATION,TX,1001,31.378457485997487,-100.54010587847814
ECONOMICS,ECONOMICS__FED_US_SEC_EDGAR,STATE_OF_INCORPORATION,IN,1001,38.77227038043669,-85.5339959115136
ECONOMICS,ECONOMICS__FED_US_USASPENDING_API,PLACE_OF_PERFORMANCE_STATE,CA,25,36.26913998154574,-119.08817987264298
ECONOMICS,ECONOMICS__FED_US_USASPENDING_API,PLACE_OF_PERFORMANCE_STATE,TX,23,31.168827187703922,-98.07236671006058
ECONOMICS,ECONOMICS__FED_US_USASPENDING_API,PLACE_OF_PERFORMANCE_STATE,CT,12,42.448379914577295,-73.92563041915025
ECONOMICS,ECONOMICS__FED_US_USASPENDING_API,PLACE_OF_PERFORMANCE_STATE,NY,10,42.16231593765715,-74.2473041001416
ECONOMICS,ECONOMICS__FED_US_USASPENDING_API,PLACE_OF_PERFORMANCE_STATE,WA,9,47.672237849500604,-120.71808750139623
EDUCATION,EDUCATION__FED_ED_COLLEGE_SCORECARD_INSTITUTION,STATE,CA,664,37.87749926090521,-118.82216128506062
EDUCATION,EDUCATION__FED_ED_COLLEGE_SCORECARD_INSTITUTION,STATE,NY,417,42.88006566302453,-75.5870824497209
EDUCATION,EDUCATION__FED_ED_COLLEGE_SCORECARD_INSTITUTION,STATE,TX,411,30.540372050480485,-99.686478389103
EDUCATION,EDUCATION__FED_ED_COLLEGE_SCORECARD_INSTITUTION,STATE,FL,377,27.747900706784332,-82.04833803265238
EDUCATION,EDUCATION__FED_ED_COLLEGE_SCORECARD_INSTITUTION,STATE,PA,317,41.15579239103184,-78.69602640490604
EDUCATION,EDUCATION__FED_SENATE_LDA_FILINGS,CLIENT_STATE,DC,99098,39.20721778276249,-78.12749777436987
EDUCATION,EDUCATION__FED_SENATE_LDA_FILINGS,CLIENT_STATE,CA,34920,36.25303552231667,-119.29240354494712
EDUCATION,EDUCATION__FED_SENATE_LDA_FILINGS,CLIENT_STATE,VA,31253,37.41051191790274,-77.68116086875501
EDUCATION,EDUCATION__FED_SENATE_LDA_FILINGS,CLIENT_STATE,NY,21597,43.210073715999954,-74.93616269272569
EDUCATION,EDUCATION__FED_SENATE_LDA_FILINGS,CLIENT_STATE,TX,17127,30.60481588154943,-98.36854266384458
ENERGY,ENERGY__FED_EIA860_1_UTILITY,STATE,CA,821,36.2005045860003,-119.3692591684513
ENERGY,ENERGY__FED_EIA860_1_UTILITY,STATE,NY,641,43.887356029722426,-74.35835765639285
ENERGY,ENERGY__FED_EIA860_1_UTILITY,STATE,TX,599,32.44390712954305,-99.43444521874831
ENERGY,ENERGY__FED_EIA860_1_UTILITY,STATE,FL,535,29.065120935802753,-81.58426905434685
ENERGY,ENERGY__FED_EIA860_1_UTILITY,STATE,MA,423,41.42897282513825,-70.55847489738
ENERGY,ENERGY__FED_EIA860_2_PLANT,STATE,CA,2171,38.18105839373087,-119.86551740063982
ENERGY,ENERGY__FED_EIA860_2_PLANT,STATE,TX,1368,32.16839524697326,-99.4481797399815
ENERGY,ENERGY__FED_EIA860_2_PLANT,STATE,NY,1215,42.363376959754795,-74.90505930168857
ENERGY,ENERGY__FED_EIA860_2_PLANT,STATE,NC,988,34.55280835923124,-78.55944347667003
ENERGY,ENERGY__FED_EIA860_2_PLANT,STATE,MN,837,47.44738461429077,-94.89900212430658
ENERGY,ENERGY__FED_EIA860_3_1_GENERATOR,STATE,CA,3018,38.25521128238204,-120.8656910761689
ENERGY,ENERGY__FED_EIA860_3_1_GENERATOR,STATE,TX,2221,32.35938908950896,-99.91653782451509
ENERGY,ENERGY__FED_EIA860_3_1_GENERATOR,STATE,NY,1919,44.01892934691489,-75.69404920008888
ENERGY,ENERGY__FED_EIA860_3_1_GENERATOR,STATE,MN,1312,47.31319121190526,-95.6106432587013
ENERGY,ENERGY__FED_EIA860_3_1_GENERATOR,STATE,NC,1224,34.60554422586398,-78.51415947308334
ENERGY,ENERGY__FED_EIA860_3_2_WIND,STATE,TX,238,31.832574341984717,-99.20059686238085
ENERGY,ENERGY__FED_EIA860_3_2_WIND,STATE,IA,158,40.8785105956622,-94.41477917029063
ENERGY,ENERGY__FED_EIA860_3_2_WIND,STATE,MN,144,45.989172781085315,-95.55421556036691
ENERGY,ENERGY__FED_EIA860_3_2_WIND,STATE,CA,128,38.38329630624975,-118.95744633597546
ENERGY,ENERGY__FED_EIA860_3_2_WIND,STATE,OK,72,36.67951267139636,-96.93807889809837
ENERGY,ENERGY__FED_EIA860_3_3_SOLAR,STATE,CA,1048,36.824347470136914,-120.8827345308559
ENERGY,ENERGY__FED_EIA860_3_3_SOLAR,STATE,NC,794,36.155647701188684,-80.48070196271668
ENERGY,ENERGY__FED_EIA860_3_3_SOLAR,STATE,MN,700,46.41310128216193,-94.40065709888593
ENERGY,ENERGY__FED_EIA860_3_3_SOLAR,STATE,NY,632,42.88687378119355,-76.68949173719776
ENERGY,ENERGY__FED_EIA860_3_3_SOLAR,STATE,MA,545,41.27753055722239,-71.74325289473093
ENERGY,ENERGY__FED_EIA860_3_4_ENERGY_STORAGE,STATE,CA,227,36.07314171527051,-119.6288154871565
ENERGY,ENERGY__FED_EIA860_3_4_ENERGY_STORAGE,STATE,TX,136,30.660720977491856,-99.911223044476
ENERGY,ENERGY__FED_EIA860_3_4_ENERGY_STORAGE,STATE,MA,117,41.46240408731676,-71.60837691739057
ENERGY,ENERGY__FED_EIA860_3_4_ENERGY_STORAGE,STATE,NY,48,42.63194213742036,-76.27536971683637
ENERGY,ENERGY__FED_EIA860_3_4_ENERGY_STORAGE,STATE,AZ,35,33.53182990006624,-111.52063990531411
ENERGY,ENERGY__FED_EIA860_3_5_MULTIFUEL,STATE,VA,314,38.48539291845295,-79.02643294681312
ENERGY,ENERGY__FED_EIA860_3_5_MULTIFUEL,STATE,FL,198,27.79164135022088,-82.91380341960796
ENERGY,ENERGY__FED_EIA860_3_5_MULTIFUEL,STATE,KS,175,37.87680056502248,-98.19738287915781
ENERGY,ENERGY__FED_EIA860_3_5_MULTIFUEL,STATE,NY,162,43.58740360388312,-75.30703698484064
ENERGY,ENERGY__FED_EIA860_3_5_MULTIFUEL,STATE,PA,150,40.151550938372104,-78.18926320378607
ENERGY,ENERGY__FED_EIA860_4_OWNER,OWNER_STATE,CA,709,36.91459448086557,-119.86535829881512
ENERGY,ENERGY__FED_EIA860_4_OWNER,OWNER_STATE,TX,407,31.254026910868944,-97.9069425084724
ENERGY,ENERGY__FED_EIA860_4_OWNER,OWNER_STATE,OH,364,40.5225412222749,-82.34618966891219
ENERGY,ENERGY__FED_EIA860_4_OWNER,OWNER_STATE,NY,298,43.419293801194904,-75.09359847662604
ENERGY,ENERGY__FED_EIA860_4_OWNER,OWNER_STATE,MA,279,43.03261881606958,-72.15777266054363
ENERGY,ENERGY__FED_EIA860_6_2_ENVIROEQUIP,STATE,TX,466,31.89974241587787,-97.97676825509706
ENERGY,ENERGY__FED_EIA860_6_2_ENVIROEQUIP,STATE,FL,268,27.793908584539523,-82.04869946259164
ENERGY,ENERGY__FED_EIA860_6_2_ENVIROEQUIP,STATE,CA,224,36.92327699794069,-120.92901173208423
ENERGY,ENERGY__FED_EIA860_6_2_ENVIROEQUIP,STATE,NY,180,41.79569146285424,-74.77489630754414
ENERGY,ENERGY__FED_EIA860_6_2_ENVIROEQUIP,STATE,PA,171,39.97502147527101,-77.10907437270303
ENERGY,ENERGY__FED_EIA861_ADVANCED_METERS,STATE,MN,148,45.34035106313939,-94.67067690441209
ENERGY,ENERGY__FED_EIA861_ADVANCED_METERS,STATE,TX,138,30.37723415601034,-99.18028347023272
ENERGY,ENERGY__FED_EIA861_ADVANCED_METERS,STATE,IA,137,42.68737870586236,-94.26838080482034
ENERGY,ENERGY__FED_EIA861_ADVANCED_METERS,STATE,NE,111,41.65673579015164,-98.6176192383242
ENERGY,ENERGY__FED_EIA861_ADVANCED_METERS,STATE,WI,108,44.10439556406819,-89.98106314378651
ENERGY,ENERGY__FED_EIA861_DELIVERY_COMPANIES,STATE,TX,7,32.03795599174628,-98.28017573531967
ENERGY,ENERGY__FED_EIA861_DEMAND_RESPONSE,STATE,TX,26,30.704668913371766,-98.84819623808399
ENERGY,ENERGY__FED_EIA861_DEMAND_RESPONSE,STATE,NC,20,34.688140147174465,-80.48577383484343
ENERGY,ENERGY__FED_EIA861_DEMAND_RESPONSE,STATE,MN,18,47.4597969623411,-95.55996415380324
ENERGY,ENERGY__FED_EIA861_DEMAND_RESPONSE,STATE,GA,16,33.60752198154428,-82.69968288575008
ENERGY,ENERGY__FED_EIA861_DEMAND_RESPONSE,STATE,SC,14,34.32224848854266,-80.25756775147526
ENERGY,ENERGY__FED_EIA861_DISTRIBUTION_SYSTEMS,STATE,TX,88,31.862315220385593,-99.89632591369799
ENERGY,ENERGY__FED_EIA861_DISTRIBUTION_SYSTEMS,STATE,TN,87,35.764093832348784,-87.23400330033688
ENERGY,ENERGY__FED_EIA861_DISTRIBUTION_SYSTEMS,STATE,WI,67,45.462247794645066,-89.11932925060634
ENERGY,ENERGY__FED_EIA861_DISTRIBUTION_SYSTEMS,STATE,GA,59,33.29010353049134,-84.20091677324558
ENERGY,ENERGY__FED_EIA861_DISTRIBUTION_SYSTEMS,STATE,NC,54,35.82130683087912,-80.08615888449766
ENERGY,ENERGY__FED_EIA861_DYNAMIC_PRICING,STATE,WI,81,45.297284324142446,-89.21463036293751
ENERGY,ENERGY__FED_EIA861_DYNAMIC_PRICING,STATE,TN,73,37.08827161137033,-85.8170556065452
ENERGY,ENERGY__FED_EIA861_DYNAMIC_PRICING,STATE,CA,41,37.64133244748671,-118.92435508781104
ENERGY,ENERGY__FED_EIA861_DYNAMIC_PRICING,STATE,TX,39,30.52482933255812,-99.03297946000757
ENERGY,ENERGY__FED_EIA861_DYNAMIC_PRICING,STATE,MN,37,45.17857884219974,-94.67200668502129
ENERGY,ENERGY__FED_EIA861_ENERGY_EFFICIENCY,STATE,CA,32,36.28108647870276,-118.44427840310355
ENERGY,ENERGY__FED_EIA861_ENERGY_EFFICIENCY,STATE,WA,27,46.26723216820417,-119.32031316803216
ENERGY,ENERGY__FED_EIA861_ENERGY_EFFICIENCY,STATE,FL,25,29.67491981996181,-82.58024205327109
ENERGY,ENERGY__FED_EIA861_ENERGY_EFFICIENCY,STATE,MN,23,47.09791532107344,-95.55509912548048
ENERGY,ENERGY__FED_EIA861_ENERGY_EFFICIENCY,STATE,TX,22,30.634558421916914,-100.6724809218843
ENERGY,ENERGY__FED_EIA861_MERGERS,STATE,TX,3,30.463410588829618,-100.69277506695565
ENERGY,ENERGY__FED_EIA861_MERGERS,STATE,OH,1,41.18799505109245,-83.95494068044492
ENERGY,ENERGY__FED_EIA861_NET_METERING,STATE,TX,65,31.71776348262207,-99.93495814021963
ENERGY,ENERGY__FED_EIA861_NET_METERING,STATE,WI,60,43.71771179066778,-90.12619370871667
ENERGY,ENERGY__FED_EIA861_NET_METERING,STATE,MO,46,37.7364228411251,-91.1638872544751
ENERGY,ENERGY__FED_EIA861_NET_METERING,STATE,FL,46,28.32137008873194,-82.13730624913082
ENERGY,ENERGY__FED_EIA861_NET_METERING,STATE,MN,45,46.45250538917009,-93.94476521666692
ENERGY,ENERGY__FED_EIA861_NON_NET_METERING_DISTRIBUTED,STATE,TN,76,35.85304490796095,-87.04357361563402
ENERGY,ENERGY__FED_EIA861_NON_NET_METERING_DISTRIBUTED,STATE,NC,31,34.728255611045185,-78.31346478393665
ENERGY,ENERGY__FED_EIA861_NON_NET_METERING_DISTRIBUTED,STATE,TX,27,30.76207546159145,-99.44442444821271
ENERGY,ENERGY__FED_EIA861_NON_NET_METERING_DISTRIBUTED,STATE,MS,24,33.44008924083866,-89.4870357401399
ENERGY,ENERGY__FED_EIA861_NON_NET_METERING_DISTRIBUTED,STATE,KY,24,38.5753819572046,-84.43330958182173
ENERGY,ENERGY__FED_EIA861_OPERATIONAL_DATA,STATE,TX,208,31.532563772686714,-100.36424696426415
ENERGY,ENERGY__FED_EIA861_OPERATIONAL_DATA,STATE,CA,85,37.42247170316809,-119.77365273116992
ENERGY,ENERGY__FED_EIA861_OPERATIONAL_DATA,STATE,TN,82,36.76821614270616,-86.31377112456975
ENERGY,ENERGY__FED_EIA861_OPERATIONAL_DATA,STATE,NY,76,43.36622445955547,-74.62747448513588
ENERGY,ENERGY__FED_EIA861_OPERATIONAL_DATA,STATE,WI,70,44.52906945136885,-88.94269355085632
ENERGY,ENERGY__FED_EIA861_RELIABILITY,STATE,TX,72,32.45843845704236,-100.267819677611
ENERGY,ENERGY__FED_EIA861_RELIABILITY,STATE,TN,52,36.90595903023629,-85.36471689828264
ENERGY,ENERGY__FED_EIA861_RELIABILITY,STATE,NC,44,36.45199180264468,-79.85426151477353
ENERGY,ENERGY__FED_EIA861_RELIABILITY,STATE,MN,43,45.70437425946048,-95.32807382047035
ENERGY,ENERGY__FED_EIA861_RELIABILITY,STATE,IN,37,39.59037109473389,-85.30591974034874
ENERGY,ENERGY__FED_EIA861_SALES_ULT_CUST,STATE,TX,183,31.17092131775566,-100.68500297826466
ENERGY,ENERGY__FED_EIA861_SALES_ULT_CUST,STATE,PA,140,40.43181609231199,-78.86891469999092
ENERGY,ENERGY__FED_EIA861_SALES_ULT_CUST,STATE,OH,138,40.6940035573304,-82.04893868380611
ENERGY,ENERGY__FED_EIA861_SALES_ULT_CUST,STATE,CA,125,38.22389412478364,-120.85018770289537
ENERGY,ENERGY__FED_EIA861_SALES_ULT_CUST,STATE,IL,122,39.71296678921886,-90.24759148874382
ENERGY,ENERGY__FED_EIA861_SALES_ULT_CUST_CS,STATE,CA,205,38.18500040018157,-118.75649909665356
ENERGY,ENERGY__FED_EIA861_SALES_ULT_CUST_CS,STATE,NJ,128,40.147532104172384,-73.42868393554562
ENERGY,ENERGY__FED_EIA861_SALES_ULT_CUST_CS,STATE,NY,54,42.94866955026737,-74.72601691549819
ENERGY,ENERGY__FED_EIA861_SALES_ULT_CUST_CS,STATE,MD,52,38.9713324771126,-77.08006573563574
ENERGY,ENERGY__FED_EIA861_SALES_ULT_CUST_CS,STATE,IL,28,41.18659057012843,-88.24323470000398
ENERGY,ENERGY__FED_EIA861_SERVICE_TERRITORY,STATE,TX,978,31.720035989099436,-98.27176626351168
ENERGY,ENERGY__FED_EIA861_SERVICE_TERRITORY,STATE,IA,600,42.358662551589774,-92.66622240612308
ENERGY,ENERGY__FED_EIA861_SERVICE_TERRITORY,STATE,GA,572,31.560135911611965,-84.43179971191739
ENERGY,ENERGY__FED_EIA861_SERVICE_TERRITORY,STATE,MN,505,45.36258040527632,-94.01128124213268
ENERGY,ENERGY__FED_EIA861_SERVICE_TERRITORY,STATE,MO,494,39.02717933039481,-93.4656666942247
ENERGY,ENERGY__FED_EIA861_SHORT_FORM,STATE,IA,156,42.012329337117166,-94.58193041242411
ENERGY,ENERGY__FED_EIA861_SHORT_FORM,STATE,KS,128,38.95016931472059,-97.61872246034852
ENERGY,ENERGY__FED_EIA861_SHORT_FORM,STATE,NE,125,40.50800609743297,-98.45597318461688
ENERGY,ENERGY__FED_EIA861_SHORT_FORM,STATE,MN,124,46.69575219312256,-95.35033995654332
ENERGY,ENERGY__FED_EIA861_SHORT_FORM,STATE,MO,85,38.14249539384275,-93.45690232570468
ENERGY,ENERGY__FED_EIA861_UTILITY_DATA,STATE,TX,207,32.047113308047024,-98.13312202778584
ENERGY,ENERGY__FED_EIA861_UTILITY_DATA,STATE,CA,84,36.42031946119859,-120.58470914191297
ENERGY,ENERGY__FED_EIA861_UTILITY_DATA,STATE,TN,82,36.2093168161899,-85.39339329792999
ENERGY,ENERGY__FED_EIA861_UTILITY_DATA,STATE,NY,72,43.47349483837435,-75.61825190080287
ENERGY,ENERGY__FED_EIA861_UTILITY_DATA,STATE,WI,70,43.66522878515337,-89.58045498741622
ENERGY,ENERGY__FED_EIA_861_BALANCING_AUTHORITY,STATE,NM,11,34.29334206529586,-105.24942683167994
ENERGY,ENERGY__FED_EIA_861_BALANCING_AUTHORITY,STATE,AZ,11,34.372568828542875,-111.04484406407992
ENERGY,ENERGY__FED_EIA_861_BALANCING_AUTHORITY,STATE,FL,10,29.73063523767459,-82.04723411844552
ENERGY,ENERGY__FED_EIA_861_BALANCING_AUTHORITY,STATE,MT,9,47.98801677945161,-110.23291162470272
ENERGY,ENERGY__FED_EIA_861_BALANCING_AUTHORITY,STATE,WA,9,46.203680260082116,-119.42927022701429
ENVIRONMENT,ENVIRONMENT__EPA_PENALTY_GAP,STATE,PA,6295,39.77170200013509,-76.3178199040417
ENVIRONMENT,ENVIRONMENT__EPA_PENALTY_GAP,STATE,CA,4678,37.093787568535156,-120.92840728736219
ENVIRONMENT,ENVIRONMENT__EPA_PENALTY_GAP,STATE,WA,4638,46.8591796140519,-119.8803372838804
ENVIRONMENT,ENVIRONMENT__EPA_PENALTY_GAP,STATE,TX,4624,31.22177086353828,-98.95325855805984
ENVIRONMENT,ENVIRONMENT__EPA_PENALTY_GAP,STATE,LA,4301,30.044632746055957,-91.0601980357983
ENVIRONMENT,ENVIRONMENT__FED_EPA_ECHO,STATE,CA,629728,36.89556674019028,-118.76822726043932
ENVIRONMENT,ENVIRONMENT__FED_EPA_ECHO,STATE,GA,171882,31.753536326355604,-82.93156265219002
ENVIRONMENT,ENVIRONMENT__FED_EPA_ECHO,STATE,TX,167864,31.425634176920017,-99.5676234736661
ENVIRONMENT,ENVIRONMENT__FED_EPA_ECHO,STATE,FL,165320,27.446400963290657,-82.31120712392827
ENVIRONMENT,ENVIRONMENT__FED_EPA_ECHO,STATE,NY,159621,43.71131315501077,-76.60914919704045
ENVIRONMENT,ENVIRONMENT__FED_EPA_EGRID_PLANT_2022,PLANT_STATE_ABBREVIATION,CA,1678,37.0698350138696,-121.0651242665969
ENVIRONMENT,ENVIRONMENT__FED_EPA_EGRID_PLANT_2022,PLANT_STATE_ABBREVIATION,NC,875,36.78587607638546,-78.08537423940717
ENVIRONMENT,ENVIRONMENT__FED_EPA_EGRID_PLANT_2022,PLANT_STATE_ABBREVIATION,NY,821,43.328193686330174,-75.55569686336199
ENVIRONMENT,ENVIRONMENT__FED_EPA_EGRID_PLANT_2022,PLANT_STATE_ABBREVIATION,TX,754,30.468906524387997,-100.36101036133033
ENVIRONMENT,ENVIRONMENT__FED_EPA_EGRID_PLANT_2022,PLANT_STATE_ABBREVIATION,MN,724,46.79200888631149,-93.47539497970601
ENVIRONMENT,ENVIRONMENT__FED_EPA_FRS_FACILITIES,STATE_CODE,CA,925060,38.373795586379735,-118.687167840631
ENVIRONMENT,ENVIRONMENT__FED_EPA_FRS_FACILITIES,STATE_CODE,TX,336668,31.350996410802885,-99.98517781910084
ENVIRONMENT,ENVIRONMENT__FED_EPA_FRS_FACILITIES,STATE_CODE,NJ,333952,40.20041628674235,-75.13146443349109
ENVIRONMENT,ENVIRONMENT__FED_EPA_FRS_FACILITIES,STATE_CODE,NY,295584,43.00752015153281,-74.42461460854675
ENVIRONMENT,ENVIRONMENT__FED_EPA_FRS_FACILITIES,STATE_CODE,MN,249423,46.18708271185893,-92.95260834936649
ENVIRONMENT,ENVIRONMENT__FED_EPA_FRS_FRS_FACILITIES,FAC_STATE,CA,676505,37.72405644839113,-120.97192708997875
ENVIRONMENT,ENVIRONMENT__FED_EPA_FRS_FRS_FACILITIES,FAC_STATE,TX,177477,32.092483757430344,-98.8476868692133
ENVIRONMENT,ENVIRONMENT__FED_EPA_FRS_FRS_FACILITIES,FAC_STATE,GA,172887,32.89289388008957,-84.79079387876774
ENVIRONMENT,ENVIRONMENT__FED_EPA_FRS_FRS_FACILITIES,FAC_STATE,FL,166258,29.50934438379084,-82.41315872997501
ENVIRONMENT,ENVIRONMENT__FED_EPA_FRS_FRS_FACILITIES,FAC_STATE,NY,159410,42.98828203537666,-76.42324691441763
ENVIRONMENT,ENVIRONMENT__FED_EPA_FRS_FRS_PROGRAM_LINKS,STATE_CODE,CA,801799,36.08504496790373,-121.0609940826495
ENVIRONMENT,ENVIRONMENT__FED_EPA_FRS_FRS_PROGRAM_LINKS,STATE_CODE,TX,241874,30.803646550844796,-99.8483719845577
ENVIRONMENT,ENVIRONMENT__FED_EPA_FRS_FRS_PROGRAM_LINKS,STATE_CODE,GA,225895,31.769634299482057,-84.63700406578619
ENVIRONMENT,ENVIRONMENT__FED_EPA_FRS_FRS_PROGRAM_LINKS,STATE_CODE,NY,207197,43.445774053977146,-74.93303558863009
ENVIRONMENT,ENVIRONMENT__FED_EPA_FRS_FRS_PROGRAM_LINKS,STATE_CODE,FL,197592,29.516919363276358,-83.19060978605707
ENVIRONMENT,ENVIRONMENT__FED_EPA_GHGRP_FACILITY,STATE,TX,22034,32.04817423531243,-99.03546234065547
ENVIRONMENT,ENVIRONMENT__FED_EPA_GHGRP_FACILITY,STATE,CA,8308,36.216250613006636,-118.64999695779599
ENVIRONMENT,ENVIRONMENT__FED_EPA_GHGRP_FACILITY,STATE,LA,6613,30.657490680999473,-92.88218112752246
ENVIRONMENT,ENVIRONMENT__FED_EPA_GHGRP_FACILITY,STATE,PA,6081,40.139864781096605,-76.51183275140872
ENVIRONMENT,ENVIRONMENT__FED_EPA_GHGRP_FACILITY,STATE,OK,5303,34.92984414951224,-97.82391241422529
ENVIRONMENT,ENVIRONMENT__FED_EPA_ICIS_AIR_ICIS_AIR_FACILITIES,STATE,CO,32447,39.11277461568629,-105.89438208383278
ENVIRONMENT,ENVIRONMENT__FED_EPA_ICIS_AIR_ICIS_AIR_FACILITIES,STATE,IL,28493,40.37433824062573,-90.35454774558968
ENVIRONMENT,ENVIRONMENT__FED_EPA_ICIS_AIR_ICIS_AIR_FACILITIES,STATE,OK,18383,35.4318388352593,-97.26327153672142
ENVIRONMENT,ENVIRONMENT__FED_EPA_ICIS_AIR_ICIS_AIR_FACILITIES,STATE,LA,13834,31.285518953868074,-91.69491459109297
ENVIRONMENT,ENVIRONMENT__FED_EPA_ICIS_AIR_ICIS_AIR_FACILITIES,STATE,NY,12626,42.346198765377,-75.11315307054589
ENVIRONMENT,ENVIRONMENT__FED_EPA_ICIS_AIR_ICIS_AIR_VIOLATION_HISTORY,STATE_CODE,CA,15103,38.333288277204005,-119.74914394725118
ENVIRONMENT,ENVIRONMENT__FED_EPA_ICIS_AIR_ICIS_AIR_VIOLATION_HISTORY,STATE_CODE,PA,9210,41.245585653252434,-76.75649147424022
ENVIRONMENT,ENVIRONMENT__FED_EPA_ICIS_AIR_ICIS_AIR_VIOLATION_HISTORY,STATE_CODE,TX,5473,30.905616125841533,-99.95622324203558
ENVIRONMENT,ENVIRONMENT__FED_EPA_ICIS_AIR_ICIS_AIR_VIOLATION_HISTORY,STATE_CODE,OK,4714,36.728548479576645,-98.05802191345846
ENVIRONMENT,ENVIRONMENT__FED_EPA_ICIS_AIR_ICIS_AIR_VIOLATION_HISTORY,STATE_CODE,MI,4711,44.1226151421485,-85.76138166290121
ENVIRONMENT,ENVIRONMENT__FED_EPA_NPDES_ICIS_FACILITIES,STATE_CODE,GA,184128,33.7835829633181,-83.27378976375049
ENVIRONMENT,ENVIRONMENT__FED_EPA_NPDES_ICIS_FACILITIES,STATE_CODE,TX,133141,32.45073445992455,-100.2451428784057
ENVIRONMENT,ENVIRONMENT__FED_EPA_NPDES_ICIS_FACILITIES,STATE_CODE,FL,106998,28.066306031841524,-81.98073090157308
ENVIRONMENT,ENVIRONMENT__FED_EPA_NPDES_ICIS_FACILITIES,STATE_CODE,AL,48147,32.36383205921788,-86.3428725693471
ENVIRONMENT,ENVIRONMENT__FED_EPA_NPDES_ICIS_FACILITIES,STATE_CODE,CO,43589,39.01853029234581,-106.68122451408308
ENVIRONMENT,ENVIRONMENT__FED_EPA_RCRA_FACILITIES,STATE_CODE,CA,681231,36.268311257256855,-119.87190383370552
ENVIRONMENT,ENVIRONMENT__FED_EPA_RCRA_FACILITIES,STATE_CODE,NY,126106,42.980674697588455,-76.40560415743934
ENVIRONMENT,ENVIRONMENT__FED_EPA_RCRA_FACILITIES,STATE_CODE,FL,53717,28.031613308518725,-83.79664582478082
ENVIRONMENT,ENVIRONMENT__FED_EPA_RCRA_FACILITIES,STATE_CODE,MI,49826,43.738230253128734,-85.93416275256695
ENVIRONMENT,ENVIRONMENT__FED_EPA_RCRA_FACILITIES,STATE_CODE,MN,48781,46.032042802634784,-94.03901424727817
ENVIRONMENT,ENVIRONMENT__FED_EPA_SDWA_SDWA_GEOGRAPHIC_AREAS,STATE_SERVED,NC,23090,36.44648667274999,-78.79149260060427
ENVIRONMENT,ENVIRONMENT__FED_EPA_SDWA_SDWA_GEOGRAPHIC_AREAS,STATE_SERVED,WI,15106,45.17782975640611,-90.50778974112212
ENVIRONMENT,ENVIRONMENT__FED_EPA_SDWA_SDWA_GEOGRAPHIC_AREAS,STATE_SERVED,NY,15073,42.88936209881624,-74.86489550531077
ENVIRONMENT,ENVIRONMENT__FED_EPA_SDWA_SDWA_GEOGRAPHIC_AREAS,STATE_SERVED,FL,10351,29.545114045920794,-83.1267937381011
ENVIRONMENT,ENVIRONMENT__FED_EPA_SDWA_SDWA_GEOGRAPHIC_AREAS,STATE_SERVED,NJ,9617,38.93612754800337,-75.95753375164888
ENVIRONMENT,ENVIRONMENT__FED_EPA_SDWA_SDWA_PUB_WATER_SYSTEMS,STATE_CODE,MI,26705,44.336880276357576,-84.35773395995888
ENVIRONMENT,ENVIRONMENT__FED_EPA_SDWA_SDWA_PUB_WATER_SYSTEMS,STATE_CODE,IL,25185,39.168072966688456,-88.40539602618671
ENVIRONMENT,ENVIRONMENT__FED_EPA_SDWA_SDWA_PUB_WATER_SYSTEMS,STATE_CODE,NY,24703,43.23863379928275,-74.48127329285819
ENVIRONMENT,ENVIRONMENT__FED_EPA_SDWA_SDWA_PUB_WATER_SYSTEMS,STATE_CODE,NC,23682,36.56252304337478,-80.49948815153616
ENVIRONMENT,ENVIRONMENT__FED_EPA_SDWA_SDWA_PUB_WATER_SYSTEMS,STATE_CODE,PA,22494,41.60489831496982,-78.72113131609451
ENVIRONMENT,ENVIRONMENT__FED_EPA_SUPERFUND_SITE_BOUNDARIES,STATE_CODE,NJ,155,39.18491209204702,-74.98380728721389
ENVIRONMENT,ENVIRONMENT__FED_EPA_SUPERFUND_SITE_BOUNDARIES,STATE_CODE,WA,150,47.373082856165965,-121.7047078606539
ENVIRONMENT,ENVIRONMENT__FED_EPA_SUPERFUND_SITE_BOUNDARIES,STATE_CODE,OR,135,43.46159157927081,-121.50863244762547
ENVIRONMENT,ENVIRONMENT__FED_EPA_SUPERFUND_SITE_BOUNDARIES,STATE_CODE,PA,126,40.02381846583666,-78.82328480785651
ENVIRONMENT,ENVIRONMENT__FED_EPA_SUPERFUND_SITE_BOUNDARIES,STATE_CODE,NY,126,41.75703282582479,-76.29086150477968
ENVIRONMENT,ENVIRONMENT__FED_EPA_TRI_FACILITY,MAIL_PROVINCE,NC,1,35.185474268658005,-79.62438547822521
ENVIRONMENT,ENVIRONMENT__FED_PHMSA_FLAGGED_INCIDENTS,OPERATOR_STATE,TX,1311,31.96666866794951,-98.98644873198398
ENVIRONMENT,ENVIRONMENT__FED_PHMSA_FLAGGED_INCIDENTS,OPERATOR_STATE,OK,174,35.57072764846098,-97.99590948596898
ENVIRONMENT,ENVIRONMENT__FED_PHMSA_FLAGGED_INCIDENTS,OPERATOR_STATE,NE,87,41.77515129066805,-100.65990905879613
ENVIRONMENT,ENVIRONMENT__FED_PHMSA_FLAGGED_INCIDENTS,OPERATOR_STATE,CA,85,36.425614616845756,-120.78366173044667
ENVIRONMENT,ENVIRONMENT__FED_PHMSA_FLAGGED_INCIDENTS,OPERATOR_STATE,MI,80,44.70621152202073,-86.41001778919109
ENVIRONMENT,ENVIRONMENT__FED_USCG_NRC_INCIDENTS,RESPONSIBLE_STATE,TX,115699,30.834833328500803,-99.71560506743259
ENVIRONMENT,ENVIRONMENT__FED_USCG_NRC_INCIDENTS,RESPONSIBLE_STATE,LA,82662,31.153506054339434,-91.58688354217193
ENVIRONMENT,ENVIRONMENT__FED_USCG_NRC_INCIDENTS,RESPONSIBLE_STATE,CA,42913,37.421588477577146,-119.43089721506347
ENVIRONMENT,ENVIRONMENT__FED_USCG_NRC_INCIDENTS,RESPONSIBLE_STATE,FL,31817,27.862321488311945,-81.24458390599267
ENVIRONMENT,ENVIRONMENT__FED_USCG_NRC_INCIDENT_REPORTS,RESPONSIBLE_STATE,TX,10871,32.06903704453261,-99.56073900250105
ENVIRONMENT,ENVIRONMENT__FED_USCG_NRC_INCIDENT_REPORTS,RESPONSIBLE_STATE,LA,5802,30.751729225805253,-91.78435041832728
ENVIRONMENT,ENVIRONMENT__FED_USCG_NRC_INCIDENT_REPORTS,RESPONSIBLE_STATE,CA,4007,36.28676683756564,-119.29631508815262
ENVIRONMENT,ENVIRONMENT__FED_USCG_NRC_INCIDENT_REPORTS,RESPONSIBLE_STATE,FL,3861,29.566977089315934,-82.780948309225
FINANCE,FINANCE__FED_EPA_ICIS_FEC_CASE_ENFORCEMENT_CONCLUSION_FACILITIES,FACILITY_STATE,TX,12830,31.49757018050767,-99.99131288533144
FINANCE,FINANCE__FED_EPA_ICIS_FEC_CASE_ENFORCEMENT_CONCLUSION_FACILITIES,FACILITY_STATE,NY,10568,43.88298615996924,-75.84528945945706
FINANCE,FINANCE__FED_EPA_ICIS_FEC_CASE_ENFORCEMENT_CONCLUSION_FACILITIES,FACILITY_STATE,PA,7639,40.565523931822305,-77.10443745817764
FINANCE,FINANCE__FED_EPA_ICIS_FEC_CASE_ENFORCEMENT_CONCLUSION_FACILITIES,FACILITY_STATE,IL,7600,39.69393065423304,-88.06605450689773
FINANCE,FINANCE__FED_EPA_ICIS_FEC_CASE_ENFORCEMENT_CONCLUSION_FACILITIES,FACILITY_STATE,CA,6306,36.9869881267408,-119.45072338802096
FINANCE,FINANCE__FED_EPA_ICIS_FEC_CASE_FACILITIES,STATE_CODE,TX,15958,31.031791739878354,-99.04966487988304
FINANCE,FINANCE__FED_EPA_ICIS_FEC_CASE_FACILITIES,STATE_CODE,IL,13801,39.93330832553958,-90.30865858427804
FINANCE,FINANCE__FED_EPA_ICIS_FEC_CASE_FACILITIES,STATE_CODE,NY,12397,43.83349025087501,-76.45083811412727
FINANCE,FINANCE__FED_EPA_ICIS_FEC_CASE_FACILITIES,STATE_CODE,PA,12240,41.08184471300801,-77.20395303744684
FINANCE,FINANCE__FED_EPA_ICIS_FEC_CASE_FACILITIES,STATE_CODE,LA,7589,30.924800797712393,-92.48259982913467
FINANCE,FINANCE__FED_FDIC_SOD_BRANCH_DEPOSITS,BRANCH_STATE,CA,212213,37.08876701175304,-118.30127839029566
FINANCE,FINANCE__FED_FDIC_SOD_BRANCH_DEPOSITS,BRANCH_STATE,TX,187975,30.328550968021556,-98.22185372185875
FINANCE,FINANCE__FED_FDIC_SOD_BRANCH_DEPOSITS,BRANCH_STATE,FL,157050,28.857393075193386,-82.45300274777955
FINANCE,FINANCE__FED_FDIC_SOD_BRANCH_DEPOSITS,BRANCH_STATE,NY,155190,43.23076990947968,-75.10874780362393
FINANCE,FINANCE__FED_FDIC_SOD_BRANCH_DEPOSITS,BRANCH_STATE,PA,138987,41.69271413800834,-76.3656921363476
FINANCE,FINANCE__FED_FEC_COMMITTEE_TO_CANDIDATE,STATE,TX,83016,31.53630674828047,-99.71637251380936
FINANCE,FINANCE__FED_FEC_COMMITTEE_TO_CANDIDATE,STATE,CA,82286,36.86987178612804,-118.55027710718602
FINANCE,FINANCE__FED_FEC_COMMITTEE_TO_CANDIDATE,STATE,VA,67086,37.45208583232405,-80.00229547070599
FINANCE,FINANCE__FED_FEC_COMMITTEE_TO_CANDIDATE,STATE,DC,43856,39.107977246038644,-78.0782146179434
FINANCE,FINANCE__FED_FEC_COMMITTEE_TO_CANDIDATE,STATE,PA,40876,40.532213332947684,-77.27776845207723
FINANCE,FINANCE__FED_FEC_INDEPENDENT_EXPENDITURES,CAN_OFFICE_STATE,CA,19368,37.47005420449895,-119.5978362746132
FINANCE,FINANCE__FED_FEC_INDEPENDENT_EXPENDITURES,CAN_OFFICE_STATE,AZ,18559,34.990897534900306,-111.3963993112632
FINANCE,FINANCE__FED_FEC_INDEPENDENT_EXPENDITURES,CAN_OFFICE_STATE,GA,18093,33.72853861823884,-82.52782487433693
FINANCE,FINANCE__FED_FEC_INDEPENDENT_EXPENDITURES,CAN_OFFICE_STATE,PA,14374,40.334092947815144,-76.91175521104513
FINANCE,FINANCE__FED_FEC_INDEPENDENT_EXPENDITURES,CAN_OFFICE_STATE,FL,11522,28.266356063673424,-81.15342451029835
FINANCE,FINANCE__FED_FEC_INDIV_CONTRIBUTIONS,STATE,CA,12283359,37.48605532665351,-119.9292500671771
FINANCE,FINANCE__FED_FEC_INDIV_CONTRIBUTIONS,STATE,TX,7212729,30.720024445543864,-98.3258679792391
FINANCE,FINANCE__FED_FEC_INDIV_CONTRIBUTIONS,STATE,FL,5869991,28.246434713085293,-83.75605804086776
FINANCE,FINANCE__FED_FEC_INDIV_CONTRIBUTIONS,STATE,NY,4905953,43.62762472995403,-76.88172807865234
FINANCE,FINANCE__FED_FEC_INDIV_CONTRIBUTIONS,STATE,PA,2977198,39.80727818289658,-79.01491034231259
FINANCE,FINANCE__FED_FHFA_FHLB_MEMBERSHIP,STATE,TX,448,31.847054513147583,-99.1261267903205
FINANCE,FINANCE__FED_FHFA_FHLB_MEMBERSHIP,STATE,IL,396,39.960379201053826,-87.98201656003624
FINANCE,FINANCE__FED_FHFA_FHLB_MEMBERSHIP,STATE,IA,296,41.929110041898646,-94.32400222534002
FINANCE,FINANCE__FED_FHFA_FHLB_MEMBERSHIP,STATE,OH,290,41.591545018147265,-83.89137212490641
FINANCE,FINANCE__FED_FHFA_FHLB_MEMBERSHIP,STATE,CA,266,36.11913147450796,-120.47621246554999
FINANCE,FINANCE__FED_IRS_SOI,STATE,TX,10563,32.64368792061995,-99.53057357209072
FINANCE,FINANCE__FED_IRS_SOI,STATE,NY,9977,42.5564874614796,-75.865041562764
FINANCE,FINANCE__FED_IRS_SOI,STATE,CA,9724,36.88893509555734,-118.98410949343302
FINANCE,FINANCE__FED_IRS_SOI,STATE,PA,9711,41.231093807067964,-78.31773126457844
FINANCE,FINANCE__FED_IRS_SOI,STATE,IL,7764,39.25694300072375,-88.31484944426988
FINANCE,FINANCE__FED_MSRB_REGISTRANTS,STATE,NY,187,43.0476644227882,-75.4951993602651
FINANCE,FINANCE__FED_MSRB_REGISTRANTS,STATE,CA,70,36.48191743614357,-118.365769864899
FINANCE,FINANCE__FED_MSRB_REGISTRANTS,STATE,FL,68,28.668433289500854,-81.22888553641158
FINANCE,FINANCE__FED_MSRB_REGISTRANTS,STATE,TX,64,31.917352946249306,-98.91124122825386
FINANCE,FINANCE__FED_MSRB_REGISTRANTS,STATE,IL,64,38.85853127099603,-88.04045408188075
FINANCE,FINANCE__FED_NCUA_CALL_REPORTS_FOICU,STATE,TX,380,32.35100460003404,-100.48601085804506
FINANCE,FINANCE__FED_NCUA_CALL_REPORTS_FOICU,STATE,PA,272,39.89593225930047,-77.20944042429917
FINANCE,FINANCE__FED_NCUA_CALL_REPORTS_FOICU,STATE,NY,269,43.3024918161167,-76.3594700320389
FINANCE,FINANCE__FED_NCUA_CALL_REPORTS_FOICU,STATE,CA,242,38.378292717166445,-120.82323176375529
FINANCE,FINANCE__FED_NCUA_CALL_REPORTS_FOICU,STATE,OH,195,40.56537176792325,-82.85054486151196
FINANCE,FINANCE__FED_NCUA_FEDERALLY_INSURED_CU_LIST,STATE_MAILING_ADDRESS,TX,376,31.092465124453387,-98.82709765046158
FINANCE,FINANCE__FED_NCUA_FEDERALLY_INSURED_CU_LIST,STATE_MAILING_ADDRESS,PA,272,40.75815243501404,-76.95188103619488
FINANCE,FINANCE__FED_NCUA_FEDERALLY_INSURED_CU_LIST,STATE_MAILING_ADDRESS,NY,269,43.54971939268358,-76.87384421067634
FINANCE,FINANCE__FED_NCUA_FEDERALLY_INSURED_CU_LIST,STATE_MAILING_ADDRESS,CA,232,36.782918379557984,-119.58126028784751
FINANCE,FINANCE__FED_NCUA_FEDERALLY_INSURED_CU_LIST,STATE_MAILING_ADDRESS,IL,175,39.51132120758664,-88.91949115976789
FINANCE,FINANCE__FED_OCC_NATIONAL_BANKS,STATE,TX,133,30.369922065000328,-100.40569919694956
FINANCE,FINANCE__FED_OCC_NATIONAL_BANKS,STATE,IL,83,40.02864615106856,-89.9979778002046
FINANCE,FINANCE__FED_OCC_NATIONAL_BANKS,STATE,MN,44,45.598470730707085,-94.54357083767934
FINANCE,FINANCE__FED_OCC_NATIONAL_BANKS,STATE,OH,42,40.62633610742804,-82.36837695461595
FINANCE,FINANCE__FED_OCC_NATIONAL_BANKS,STATE,NY,37,43.136548482013396,-75.50504602902255
FINANCE,FINANCE__FED_OCC_THRIFTS,STATE,OH,24,40.24015099764588,-81.76596282374827
FINANCE,FINANCE__FED_OCC_THRIFTS,STATE,IL,16,40.872343859782035,-88.08442333282484
FINANCE,FINANCE__FED_OCC_THRIFTS,STATE,NY,15,43.96349399932641,-75.01911969707592
FINANCE,FINANCE__FED_OCC_THRIFTS,STATE,LA,11,30.278560995410746,-91.43515450673122
FINANCE,FINANCE__FED_OCC_THRIFTS,STATE,PA,10,40.37871467032339,-78.2581083450316
FINANCE,FINANCE__FED_SEC_BUSINESS_DEVELOPMENT_COMPANY_REPORT,STATE,NY,98,42.66158716068503,-76.80836249356746
FINANCE,FINANCE__FED_SEC_BUSINESS_DEVELOPMENT_COMPANY_REPORT,STATE,CA,27,37.05208688762782,-120.550280782332
FINANCE,FINANCE__FED_SEC_BUSINESS_DEVELOPMENT_COMPANY_REPORT,STATE,TX,17,30.858805431208356,-99.49264339941234
FINANCE,FINANCE__FED_SEC_BUSINESS_DEVELOPMENT_COMPANY_REPORT,STATE,IL,11,40.613405645745004,-88.77392958574977
FINANCE,FINANCE__FED_SEC_BUSINESS_DEVELOPMENT_COMPANY_REPORT,STATE,MA,11,41.85579255871696,-71.17552715092152
FINANCE,FINANCE__FED_SEC_CLOSED_END_FUND_INFORMATION,STATE,NY,254,42.67479657110027,-75.89710293201718
FINANCE,FINANCE__FED_SEC_CLOSED_END_FUND_INFORMATION,STATE,IL,114,39.78068014685459,-89.79910590207984
FINANCE,FINANCE__FED_SEC_CLOSED_END_FUND_INFORMATION,STATE,MA,107,41.468554501623395,-70.48938208052071
FINANCE,FINANCE__FED_SEC_CLOSED_END_FUND_INFORMATION,STATE,WI,55,44.830377905207826,-89.46324027066353
FINANCE,FINANCE__FED_SEC_CLOSED_END_FUND_INFORMATION,STATE,CA,51,37.463626732825674,-119.6962563776569
FINANCE,FINANCE__FED_SEC_INSIDER_REPORTINGOWNER,STATE,CA,348454,37.51059623752307,-121.07901140735133
FINANCE,FINANCE__FED_SEC_INSIDER_REPORTINGOWNER,STATE,NY,241808,41.85691304010785,-75.40306857887882
FINANCE,FINANCE__FED_SEC_INSIDER_REPORTINGOWNER,STATE,TX,155607,31.415153085068546,-100.66585811442742
FINANCE,FINANCE__FED_SEC_INSIDER_REPORTINGOWNER,STATE,MA,120721,41.60663449547096,-72.34569612918001
FINANCE,FINANCE__FED_SEC_INSIDER_REPORTINGOWNER,STATE,IL,81436,41.12244460340977,-88.25732180793891
FINANCE,FINANCE__FED_SEC_INVESTMENT_COMPANY_SERIES_CLASS,STATE,MA,7287,41.19604011457828,-72.11163404920443
FINANCE,FINANCE__FED_SEC_INVESTMENT_COMPANY_SERIES_CLASS,STATE,NY,7262,42.54022018297052,-76.51573252951
FINANCE,FINANCE__FED_SEC_INVESTMENT_COMPANY_SERIES_CLASS,STATE,CA,4113,36.69611394773971,-118.3292684643735
FINANCE,FINANCE__FED_SEC_INVESTMENT_COMPANY_SERIES_CLASS,STATE,IL,2581,41.00137458293389,-89.84354287517
FINANCE,FINANCE__FED_SEC_INVESTMENT_COMPANY_SERIES_CLASS,STATE,PA,2388,41.573679474498256,-78.73613788222185
FOREIGN_INFLUENCE,FOREIGN_INFLUENCE__FED_FARA_BULK,STATE,DC,5843,39.21704075910408,-78.15836584508858
FOREIGN_INFLUENCE,FOREIGN_INFLUENCE__FED_FARA_BULK,STATE,NY,3862,43.240107062985444,-75.22520634098846
FOREIGN_INFLUENCE,FOREIGN_INFLUENCE__FED_FARA_BULK,STATE,CA,819,38.38537473893058,-119.4804412655413
FOREIGN_INFLUENCE,FOREIGN_INFLUENCE__FED_FARA_BULK,STATE,VA,814,38.488200116161224,-79.52131508843159
FOREIGN_INFLUENCE,FOREIGN_INFLUENCE__FED_FARA_BULK,STATE,FL,490,28.89895955299312,-83.21571340422321
HEALTH,HEALTH__FED_CDC_OVERDOSE,STATE,WY,1596,41.96574214274993,-106.14841553778861
HEALTH,HEALTH__FED_CDC_OVERDOSE,STATE,WV,1596,37.464994995863144,-81.01101977959385
HEALTH,HEALTH__FED_CDC_OVERDOSE,STATE,WI,1596,44.15927248434392,-90.7358052209862
HEALTH,HEALTH__FED_CDC_OVERDOSE,STATE,WA,1596,48.255496261893924,-119.7886447791539
HEALTH,HEALTH__FED_CMS_AMBULATORY_SPECIALTY_MODEL_PARTICIPANTS,STATE,TX,1121,31.21843394262705,-99.12229650553601
HEALTH,HEALTH__FED_CMS_AMBULATORY_SPECIALTY_MODEL_PARTICIPANTS,STATE,CA,644,37.99149627782731,-120.93467234282447
HEALTH,HEALTH__FED_CMS_AMBULATORY_SPECIALTY_MODEL_PARTICIPANTS,STATE,FL,643,28.97301914501553,-81.41279996063636
HEALTH,HEALTH__FED_CMS_AMBULATORY_SPECIALTY_MODEL_PARTICIPANTS,STATE,GA,349,32.85353506031712,-83.33321033818913
HEALTH,HEALTH__FED_CMS_AMBULATORY_SPECIALTY_MODEL_PARTICIPANTS,STATE,NJ,298,39.49603006765402,-75.62823058130205
HEALTH,HEALTH__FED_CMS_DIALYSIS,STATE,TX,748,30.72390898358691,-99.69912344672017
HEALTH,HEALTH__FED_CMS_DIALYSIS,STATE,CA,737,36.68546661551178,-118.91659732290479
HEALTH,HEALTH__FED_CMS_DIALYSIS,STATE,FL,536,27.784186906899652,-83.44673334949525
HEALTH,HEALTH__FED_CMS_DIALYSIS,STATE,GA,361,33.31531218094482,-83.5327088732002
HEALTH,HEALTH__FED_CMS_DIALYSIS,STATE,NY,347,41.974693556075806,-74.61628354227436
HEALTH,HEALTH__FED_CMS_FACILITY_LEVEL_MINIMUM_DATA_SET_FREQUENCY,STATE,TX,2513112,30.395383507454522,-99.65547262095122
HEALTH,HEALTH__FED_CMS_FACILITY_LEVEL_MINIMUM_DATA_SET_FREQUENCY,STATE,CA,2487468,36.97302622098528,-119.64931916798369
HEALTH,HEALTH__FED_CMS_FACILITY_LEVEL_MINIMUM_DATA_SET_FREQUENCY,STATE,OH,1968177,39.772575260690935,-81.60373084801458
HEALTH,HEALTH__FED_CMS_FACILITY_LEVEL_MINIMUM_DATA_SET_FREQUENCY,STATE,FL,1483078,28.794119449075602,-82.8843047908881
HEALTH,HEALTH__FED_CMS_FACILITY_LEVEL_MINIMUM_DATA_SET_FREQUENCY,STATE,IL,1425379,40.33200566374699,-89.5333949010383
HEALTH,HEALTH__FED_CMS_FEDERALLY_QUALIFIED_HEALTH_CENTER_ENROLLMENTS,ENROLLMENT_STATE,CA,1483,37.34497360359491,-119.42879330034243
HEALTH,HEALTH__FED_CMS_FEDERALLY_QUALIFIED_HEALTH_CENTER_ENROLLMENTS,ENROLLMENT_STATE,TX,598,30.892423422035588,-98.26122257970437
HEALTH,HEALTH__FED_CMS_FEDERALLY_QUALIFIED_HEALTH_CENTER_ENROLLMENTS,ENROLLMENT_STATE,NY,500,41.92412826174438,-74.28652605053841
HEALTH,HEALTH__FED_CMS_FEDERALLY_QUALIFIED_HEALTH_CENTER_ENROLLMENTS,ENROLLMENT_STATE,OH,465,40.21731370082515,-82.77621248144281
HEALTH,HEALTH__FED_CMS_FEDERALLY_QUALIFIED_HEALTH_CENTER_ENROLLMENTS,ENROLLMENT_STATE,FL,438,27.656855498856455,-82.36750556783477
HEALTH,HEALTH__FED_CMS_HCRIS,STATE_CODE,TX,587,31.097137419808348,-98.98531954751247
HEALTH,HEALTH__FED_CMS_HCRIS,STATE_CODE,CA,407,37.64713272165804,-120.81856847720552
HEALTH,HEALTH__FED_CMS_HCRIS,STATE_CODE,FL,264,27.574489321095704,-81.29156741703942
HEALTH,HEALTH__FED_CMS_HCRIS,STATE_CODE,OH,231,39.69302748734113,-82.30153995258073
HEALTH,HEALTH__FED_CMS_HCRIS,STATE_CODE,PA,212,41.4530019803573,-76.91109896365616
HEALTH,HEALTH__FED_CMS_HOME_HEALTH,STATE,CA,3147,36.0132661048986,-119.31264827756281
HEALTH,HEALTH__FED_CMS_HOME_HEALTH,STATE,TX,1850,32.32096515378023,-100.60229502693156
HEALTH,HEALTH__FED_CMS_HOME_HEALTH,STATE,FL,1134,27.417325537493006,-81.32360216946343
HEALTH,HEALTH__FED_CMS_HOME_HEALTH,STATE,OH,841,40.86575130411316,-82.2229926558787
HEALTH,HEALTH__FED_CMS_HOME_HEALTH,STATE,IL,526,40.64497662142311,-88.88941113405619
HEALTH,HEALTH__FED_CMS_HOME_HEALTH_AGENCY_ENROLLMENTS,ENROLLMENT_STATE,CA,2970,36.482103904737905,-120.6532097756062
HEALTH,HEALTH__FED_CMS_HOME_HEALTH_AGENCY_ENROLLMENTS,ENROLLMENT_STATE,TX,1683,30.335905631919086,-98.85377746970777
HEALTH,HEALTH__FED_CMS_HOME_HEALTH_AGENCY_ENROLLMENTS,ENROLLMENT_STATE,FL,1071,28.994175022235805,-81.02354467372146
HEALTH,HEALTH__FED_CMS_HOME_HEALTH_AGENCY_ENROLLMENTS,ENROLLMENT_STATE,OH,708,39.78848892293437,-83.79312696427682
HEALTH,HEALTH__FED_CMS_HOME_HEALTH_AGENCY_ENROLLMENTS,ENROLLMENT_STATE,IL,510,39.70838655974081,-87.9659608754168
HEALTH,HEALTH__FED_CMS_HOSPICE,STATE,CA,2062,36.568581592935914,-118.63416350808681
HEALTH,HEALTH__FED_CMS_HOSPICE,STATE,TX,1086,31.829841546118942,-98.54927834022672
HEALTH,HEALTH__FED_CMS_HOSPICE,STATE,GA,263,31.67699317205023,-82.54759435825424
HEALTH,HEALTH__FED_CMS_HOSPICE,STATE,AZ,242,33.960379233316004,-111.02328162259843
HEALTH,HEALTH__FED_CMS_HOSPICE,STATE,NV,184,38.2154752710383,-117.17160060416286
HEALTH,HEALTH__FED_CMS_HOSPITAL_COMPARE,STATE,TX,468,31.6585132890275,-99.93697630204659
HEALTH,HEALTH__FED_CMS_HOSPITAL_COMPARE,STATE,CA,378,37.29233859895851,-120.80213435896725
HEALTH,HEALTH__FED_CMS_HOSPITAL_COMPARE,STATE,FL,221,28.016628072733113,-82.02447705741622
HEALTH,HEALTH__FED_CMS_HOSPITAL_COMPARE,STATE,OH,196,39.98894084283914,-81.46250235683144
HEALTH,HEALTH__FED_CMS_HOSPITAL_COMPARE,STATE,IL,194,39.67789982903912,-89.74593271636375
HEALTH,HEALTH__FED_CMS_HOSPITAL_ENROLLMENTS,ENROLLMENT_STATE,TX,815,31.262984426596685,-98.91401561680323
HEALTH,HEALTH__FED_CMS_HOSPITAL_ENROLLMENTS,ENROLLMENT_STATE,CA,555,36.756859292654376,-118.35895194280664
HEALTH,HEALTH__FED_CMS_HOSPITAL_ENROLLMENTS,ENROLLMENT_STATE,FL,369,27.880076380677952,-82.15928843645945
HEALTH,HEALTH__FED_CMS_HOSPITAL_ENROLLMENTS,ENROLLMENT_STATE,PA,324,41.792188688701785,-78.34589090772228
HEALTH,HEALTH__FED_CMS_HOSPITAL_ENROLLMENTS,ENROLLMENT_STATE,NY,324,42.25941771893786,-75.46849559006257
HEALTH,HEALTH__FED_CMS_HOSPITAL_GENERAL,STATE,TX,468,32.338081597888575,-98.32258442107826
HEALTH,HEALTH__FED_CMS_HOSPITAL_GENERAL,STATE,CA,378,38.05559994444521,-119.10410412165315
HEALTH,HEALTH__FED_CMS_HOSPITAL_GENERAL,STATE,FL,221,27.58710608585712,-81.22556749344479
HEALTH,HEALTH__FED_CMS_HOSPITAL_GENERAL,STATE,OH,196,39.577343157186725,-84.15859578924842
HEALTH,HEALTH__FED_CMS_HOSPITAL_GENERAL,STATE,IL,194,40.013684833192016,-90.55077953052734
HEALTH,HEALTH__FED_CMS_IRF,STATE,TX,157,30.40409826861575,-100.15987521682271
HEALTH,HEALTH__FED_CMS_IRF,STATE,FL,87,29.758930571972698,-83.02986679912598
HEALTH,HEALTH__FED_CMS_IRF,STATE,CA,83,38.04425099793068,-118.46184678233647
HEALTH,HEALTH__FED_CMS_IRF,STATE,PA,65,40.23372886941524,-78.8069320526333
HEALTH,HEALTH__FED_CMS_IRF,STATE,LA,55,30.319047207070994,-91.61079643644165
HEALTH,HEALTH__FED_CMS_LTCH,STATE,TX,39,31.957195539388202,-99.79283365440651
HEALTH,HEALTH__FED_CMS_LTCH,STATE,FL,22,29.271831692427398,-83.60051677682326
HEALTH,HEALTH__FED_CMS_LTCH,STATE,LA,21,29.858439500179465,-92.38357301993952
HEALTH,HEALTH__FED_CMS_LTCH,STATE,CA,20,37.58186869307386,-118.73081702164727
HEALTH,HEALTH__FED_CMS_LTCH,STATE,OH,15,41.4730394860948,-81.65852349986633
HEALTH,HEALTH__FED_CMS_MEDICARE_DIABETES_PREVENTION_PROGRAM,STATE,CA,122,38.3279278079271,-119.38641568303785
HEALTH,HEALTH__FED_CMS_MEDICARE_DIABETES_PREVENTION_PROGRAM,STATE,OR,71,43.84230787654762,-121.85390756741516
HEALTH,HEALTH__FED_CMS_MEDICARE_DIABETES_PREVENTION_PROGRAM,STATE,FL,67,28.765470827528183,-81.23564284115515
HEALTH,HEALTH__FED_CMS_MEDICARE_DIABETES_PREVENTION_PROGRAM,STATE,NY,59,43.58988500113388,-75.58620034923064
HEALTH,HEALTH__FED_CMS_MEDICARE_DIABETES_PREVENTION_PROGRAM,STATE,MD,51,39.33956152092857,-75.94228368853858
HEALTH,HEALTH__FED_CMS_MEDICARE_DIALYSIS_FACILITIES,STATE,CA,1292435,38.386155810213666,-119.08897592598929
HEALTH,HEALTH__FED_CMS_MEDICARE_DIALYSIS_FACILITIES,STATE,TX,1239457,31.716893123487097,-98.01451797562643
HEALTH,HEALTH__FED_CMS_MEDICARE_DIALYSIS_FACILITIES,STATE,FL,860518,29.725472014660706,-83.79892694815194
HEALTH,HEALTH__FED_CMS_MEDICARE_DIALYSIS_FACILITIES,STATE,NY,590665,44.01434113919495,-76.08074221898437
HEALTH,HEALTH__FED_CMS_MEDICARE_DIALYSIS_FACILITIES,STATE,GA,575970,31.402967707148747,-83.96737075219161
HEALTH,HEALTH__FED_CMS_MEDICARE_DURABLE_MEDICAL_EQUIPMENT_DEVICES_SUPPLIES_BY_REFER,RFRG_PRVDR_STATE_ABRVTN,CA,33437,36.30884389809782,-121.09124309129182
HEALTH,HEALTH__FED_CMS_MEDICARE_DURABLE_MEDICAL_EQUIPMENT_DEVICES_SUPPLIES_BY_REFER,RFRG_PRVDR_STATE_ABRVTN,TX,24188,32.228743327972964,-99.65613562615226
HEALTH,HEALTH__FED_CMS_MEDICARE_DURABLE_MEDICAL_EQUIPMENT_DEVICES_SUPPLIES_BY_REFER,RFRG_PRVDR_STATE_ABRVTN,FL,24034,27.67203481879066,-81.77649502206025
HEALTH,HEALTH__FED_CMS_MEDICARE_DURABLE_MEDICAL_EQUIPMENT_DEVICES_SUPPLIES_BY_REFER,RFRG_PRVDR_STATE_ABRVTN,NY,22469,42.18221214693931,-75.93000657423293
HEALTH,HEALTH__FED_CMS_MEDICARE_DURABLE_MEDICAL_EQUIPMENT_DEVICES_SUPPLIES_BY_REFER,RFRG_PRVDR_STATE_ABRVTN,PA,18353,40.67677445695149,-78.19715417812813
HEALTH,HEALTH__FED_CMS_MEDICARE_DURABLE_MEDICAL_EQUIPMENT_DEVICES_SUPPLIES_BY_SUPPL,SUPLR_PRVDR_STATE_ABRVTN,CA,35728,37.761877461273926,-120.56242706845939
HEALTH,HEALTH__FED_CMS_MEDICARE_DURABLE_MEDICAL_EQUIPMENT_DEVICES_SUPPLIES_BY_SUPPL,SUPLR_PRVDR_STATE_ABRVTN,TX,27615,32.249015631430275,-99.41664676647022
HEALTH,HEALTH__FED_CMS_MEDICARE_DURABLE_MEDICAL_EQUIPMENT_DEVICES_SUPPLIES_BY_SUPPL,SUPLR_PRVDR_STATE_ABRVTN,FL,25471,28.43105711551023,-82.87529940146503
HEALTH,HEALTH__FED_CMS_MEDICARE_DURABLE_MEDICAL_EQUIPMENT_DEVICES_SUPPLIES_BY_SUPPL,SUPLR_PRVDR_STATE_ABRVTN,NY,22117,43.90381101373613,-76.22319040866857
HEALTH,HEALTH__FED_CMS_MEDICARE_DURABLE_MEDICAL_EQUIPMENT_DEVICES_SUPPLIES_BY_SUPPL,SUPLR_PRVDR_STATE_ABRVTN,PA,19975,40.69710254445803,-78.36819049143085
HEALTH,HEALTH__FED_CMS_MEDICARE_INPATIENT_HOSPITALS_BY_PROVIDER,RNDRNG_PRVDR_STATE_ABRVTN,CA,276,36.2936535031625,-121.03940989009725
HEALTH,HEALTH__FED_CMS_MEDICARE_INPATIENT_HOSPITALS_BY_PROVIDER,RNDRNG_PRVDR_STATE_ABRVTN,TX,272,31.93496205236461,-98.42131145570535
HEALTH,HEALTH__FED_CMS_MEDICARE_INPATIENT_HOSPITALS_BY_PROVIDER,RNDRNG_PRVDR_STATE_ABRVTN,FL,168,28.161560429484908,-82.56800555682503
HEALTH,HEALTH__FED_CMS_MEDICARE_INPATIENT_HOSPITALS_BY_PROVIDER,RNDRNG_PRVDR_STATE_ABRVTN,PA,133,41.65969884986879,-78.94867825486375
HEALTH,HEALTH__FED_CMS_MEDICARE_INPATIENT_HOSPITALS_BY_PROVIDER,RNDRNG_PRVDR_STATE_ABRVTN,NY,128,42.35779286521808,-74.84028147732522
HEALTH,HEALTH__FED_CMS_MEDICARE_INPATIENT_HOSPITALS_BY_PROVIDER_AND_SERVICE,RNDRNG_PRVDR_STATE_ABRVTN,CA,13302,36.594336251390054,-120.40223421063465
HEALTH,HEALTH__FED_CMS_MEDICARE_INPATIENT_HOSPITALS_BY_PROVIDER_AND_SERVICE,RNDRNG_PRVDR_STATE_ABRVTN,FL,12045,28.67137217954247,-83.03572430993073
HEALTH,HEALTH__FED_CMS_MEDICARE_INPATIENT_HOSPITALS_BY_PROVIDER_AND_SERVICE,RNDRNG_PRVDR_STATE_ABRVTN,TX,9955,30.67645381058646,-100.55302839163673
HEALTH,HEALTH__FED_CMS_MEDICARE_INPATIENT_HOSPITALS_BY_PROVIDER_AND_SERVICE,RNDRNG_PRVDR_STATE_ABRVTN,NY,8310,44.06082658662866,-74.62977048866094
HEALTH,HEALTH__FED_CMS_MEDICARE_INPATIENT_HOSPITALS_BY_PROVIDER_AND_SERVICE,RNDRNG_PRVDR_STATE_ABRVTN,PA,6904,40.27930268883475,-78.77367669400275
HEALTH,HEALTH__FED_CMS_MEDICARE_OUTPATIENT_HOSPITALS_BY_PROVIDER_AND_SERVICE,RNDRNG_PRVDR_STATE_ABRVTN,CA,10246,37.24876864664027,-119.59421725748554
HEALTH,HEALTH__FED_CMS_MEDICARE_OUTPATIENT_HOSPITALS_BY_PROVIDER_AND_SERVICE,RNDRNG_PRVDR_STATE_ABRVTN,TX,9614,32.54597813460179,-99.6247917851002
HEALTH,HEALTH__FED_CMS_MEDICARE_OUTPATIENT_HOSPITALS_BY_PROVIDER_AND_SERVICE,RNDRNG_PRVDR_STATE_ABRVTN,FL,7165,27.714667848166055,-81.42927467668298
HEALTH,HEALTH__FED_CMS_MEDICARE_OUTPATIENT_HOSPITALS_BY_PROVIDER_AND_SERVICE,RNDRNG_PRVDR_STATE_ABRVTN,PA,5431,40.05538275733739,-78.41542487652255
HEALTH,HEALTH__FED_CMS_MEDICARE_OUTPATIENT_HOSPITALS_BY_PROVIDER_AND_SERVICE,RNDRNG_PRVDR_STATE_ABRVTN,NY,5348,42.227169759096476,-74.46314183704065
HEALTH,HEALTH__FED_CMS_MEDICARE_PHYSICIAN_OTHER_PRACTITIONERS_BY_PROVIDER,RNDRNG_PRVDR_STATE_ABRVTN,CA,105363,38.31485207720392,-120.03312218653811
HEALTH,HEALTH__FED_CMS_MEDICARE_PHYSICIAN_OTHER_PRACTITIONERS_BY_PROVIDER,RNDRNG_PRVDR_STATE_ABRVTN,NY,88642,43.21458460692866,-74.92880768407419
HEALTH,HEALTH__FED_CMS_MEDICARE_PHYSICIAN_OTHER_PRACTITIONERS_BY_PROVIDER,RNDRNG_PRVDR_STATE_ABRVTN,TX,86803,31.388388816332427,-98.43596390844655
HEALTH,HEALTH__FED_CMS_MEDICARE_PHYSICIAN_OTHER_PRACTITIONERS_BY_PROVIDER,RNDRNG_PRVDR_STATE_ABRVTN,FL,85872,28.15633544640459,-81.74353243857807
HEALTH,HEALTH__FED_CMS_MEDICARE_PHYSICIAN_OTHER_PRACTITIONERS_BY_PROVIDER,RNDRNG_PRVDR_STATE_ABRVTN,PA,63361,40.095560753914164,-78.70246238009173
HEALTH,HEALTH__FED_CMS_MEDICARE_PHYSICIAN_OTHER_PRACTITIONERS_BY_PROVIDER_AND_SERVI,RNDRNG_PRVDR_STATE_ABRVTN,CA,832561,36.37379139810881,-120.60147666822033
HEALTH,HEALTH__FED_CMS_MEDICARE_PHYSICIAN_OTHER_PRACTITIONERS_BY_PROVIDER_AND_SERVI,RNDRNG_PRVDR_STATE_ABRVTN,FL,708387,29.710944198053767,-83.11164924835674
HEALTH,HEALTH__FED_CMS_MEDICARE_PHYSICIAN_OTHER_PRACTITIONERS_BY_PROVIDER_AND_SERVI,RNDRNG_PRVDR_STATE_ABRVTN,TX,686647,31.870073720828053,-100.66269635826596
HEALTH,HEALTH__FED_CMS_MEDICARE_PHYSICIAN_OTHER_PRACTITIONERS_BY_PROVIDER_AND_SERVI,RNDRNG_PRVDR_STATE_ABRVTN,NY,621542,43.78569537615664,-74.81246234804074
HEALTH,HEALTH__FED_CMS_MEDICARE_PHYSICIAN_OTHER_PRACTITIONERS_BY_PROVIDER_AND_SERVI,RNDRNG_PRVDR_STATE_ABRVTN,PA,442429,41.30069198352159,-76.3330208887618
HEALTH,HEALTH__FED_CMS_MEDICARE_PROVIDER,RNDRNG_PRVDR_STATE_ABRVTN,CA,105363,36.07772796474172,-118.96792901256401
HEALTH,HEALTH__FED_CMS_MEDICARE_PROVIDER,RNDRNG_PRVDR_STATE_ABRVTN,NY,88642,41.98842753608469,-74.25986112851024
HEALTH,HEALTH__FED_CMS_MEDICARE_PROVIDER,RNDRNG_PRVDR_STATE_ABRVTN,TX,86803,30.320633671560678,-99.8219215779514
HEALTH,HEALTH__FED_CMS_MEDICARE_PROVIDER,RNDRNG_PRVDR_STATE_ABRVTN,FL,85872,28.72148661090035,-82.47894407427692
HEALTH,HEALTH__FED_CMS_MEDICARE_PROVIDER,RNDRNG_PRVDR_STATE_ABRVTN,PA,63361,41.61750584688911,-78.91033547838812
HEALTH,HEALTH__FED_CMS_NPPES,OTHER_PROVIDER_IDENTIFIER_STATE_1,CA,109211,38.13317448015993,-121.05208636438287
HEALTH,HEALTH__FED_CMS_NPPES,OTHER_PROVIDER_IDENTIFIER_STATE_1,FL,104093,29.688845502775337,-81.59831801351855
HEALTH,HEALTH__FED_CMS_NPPES,OTHER_PROVIDER_IDENTIFIER_STATE_1,TX,97857,30.340750219798643,-100.54483550486027
HEALTH,HEALTH__FED_CMS_NPPES,OTHER_PROVIDER_IDENTIFIER_STATE_1,NY,91855,41.98446841512725,-76.64405171724928
HEALTH,HEALTH__FED_CMS_NPPES,OTHER_PROVIDER_IDENTIFIER_STATE_1,OH,79816,39.599749868659245,-83.59602724787025
HEALTH,HEALTH__FED_CMS_NURSING_HOME,STATE,TX,1176,31.55550901641805,-99.31830827461289
HEALTH,HEALTH__FED_CMS_NURSING_HOME,STATE,CA,1164,36.599051965922605,-118.34012274546397
HEALTH,HEALTH__FED_CMS_NURSING_HOME,STATE,OH,921,40.62523558395108,-82.76873817056021
HEALTH,HEALTH__FED_CMS_NURSING_HOME,STATE,FL,694,29.393188456975984,-82.07206342947937
HEALTH,HEALTH__FED_CMS_NURSING_HOME,STATE,IL,667,40.89665678388609,-88.27639646645176
HEALTH,HEALTH__FED_CMS_NURSING_HOME_DEFICIENCIES,STATE,CA,57877,36.86036351542493,-118.64886007678155
HEALTH,HEALTH__FED_CMS_NURSING_HOME_DEFICIENCIES,STATE,TX,31959,31.792761083906807,-100.63943025444712
HEALTH,HEALTH__FED_CMS_NURSING_HOME_DEFICIENCIES,STATE,OH,28409,39.997425954929334,-82.28084198045165
HEALTH,HEALTH__FED_CMS_NURSING_HOME_DEFICIENCIES,STATE,IL,25144,40.47608745429268,-88.63696032532951
HEALTH,HEALTH__FED_CMS_NURSING_HOME_DEFICIENCIES,STATE,PA,20704,41.55452168391369,-77.06591619248043
HEALTH,HEALTH__FED_CMS_NURSING_HOME_FIRE_DEFICIENCIES,STATE,CA,24002,38.17643125314827,-120.38139911230427
HEALTH,HEALTH__FED_CMS_NURSING_HOME_FIRE_DEFICIENCIES,STATE,OH,16503,41.37526800519304,-81.71024058082445
HEALTH,HEALTH__FED_CMS_NURSING_HOME_FIRE_DEFICIENCIES,STATE,IL,11405,40.746283633496944,-89.95869110474035
HEALTH,HEALTH__FED_CMS_NURSING_HOME_FIRE_DEFICIENCIES,STATE,TX,9727,31.74556540601002,-98.29290799712045
HEALTH,HEALTH__FED_CMS_NURSING_HOME_FIRE_DEFICIENCIES,STATE,MO,9612,39.33616700351219,-93.30131186836363
HEALTH,HEALTH__FED_CMS_NURSING_HOME_PENALTIES,STATE,TX,1999,30.398423111507068,-99.1632207738338
HEALTH,HEALTH__FED_CMS_NURSING_HOME_PENALTIES,STATE,IL,1882,38.99615071169945,-89.13677487715417
HEALTH,HEALTH__FED_CMS_NURSING_HOME_PENALTIES,STATE,CA,1429,36.287065679156555,-120.75141781653242
HEALTH,HEALTH__FED_CMS_NURSING_HOME_PENALTIES,STATE,FL,699,29.506633234820992,-82.06154507771737
HEALTH,HEALTH__FED_CMS_NURSING_HOME_PENALTIES,STATE,OH,683,39.35012535574488,-82.69915971780544
HEALTH,HEALTH__FED_CMS_OPEN_PAYMENTS,APPLICABLE_MANUFACTURER_OR_APPLICABLE_GPO_MAKING_PAYMENT_STATE,NJ,3216810,39.6018184718751,-74.8375048862879
HEALTH,HEALTH__FED_CMS_OPEN_PAYMENTS,APPLICABLE_MANUFACTURER_OR_APPLICABLE_GPO_MAKING_PAYMENT_STATE,IL,2382923,40.61138956521286,-88.09365593757988
HEALTH,HEALTH__FED_CMS_OPEN_PAYMENTS,APPLICABLE_MANUFACTURER_OR_APPLICABLE_GPO_MAKING_PAYMENT_STATE,CA,1878488,36.062200610040996,-121.06924591287985
HEALTH,HEALTH__FED_CMS_OPEN_PAYMENTS,APPLICABLE_MANUFACTURER_OR_APPLICABLE_GPO_MAKING_PAYMENT_STATE,MA,1655173,43.30363707145712,-72.81209238305068
HEALTH,HEALTH__FED_CMS_OPEN_PAYMENTS,APPLICABLE_MANUFACTURER_OR_APPLICABLE_GPO_MAKING_PAYMENT_STATE,PA,1047239,41.69363645263533,-77.32494795306457
HEALTH,HEALTH__FED_CMS_OPEN_PAYMENTS_2022,APPLICABLE_MANUFACTURER_OR_APPLICABLE_GPO_MAKING_PAYMENT_STATE,NJ,3351001,40.297345880565764,-74.32662982653842
HEALTH,HEALTH__FED_CMS_OPEN_PAYMENTS_2022,APPLICABLE_MANUFACTURER_OR_APPLICABLE_GPO_MAKING_PAYMENT_STATE,IL,2055712,39.775141747307615,-88.23896291425146
HEALTH,HEALTH__FED_CMS_OPEN_PAYMENTS_2022,APPLICABLE_MANUFACTURER_OR_APPLICABLE_GPO_MAKING_PAYMENT_STATE,CA,1630235,38.302267779261676,-120.31558168881148
HEALTH,HEALTH__FED_CMS_OPEN_PAYMENTS_2022,APPLICABLE_MANUFACTURER_OR_APPLICABLE_GPO_MAKING_PAYMENT_STATE,MA,1263681,41.678191911135464,-72.00848193478849
HEALTH,HEALTH__FED_CMS_OPEN_PAYMENTS_2022,APPLICABLE_MANUFACTURER_OR_APPLICABLE_GPO_MAKING_PAYMENT_STATE,PA,899890,40.59207212716119,-77.55493798302754
HEALTH,HEALTH__FED_CMS_OPEN_PAYMENTS_2023,APPLICABLE_MANUFACTURER_OR_APPLICABLE_GPO_MAKING_PAYMENT_STATE,NJ,3134674,41.153938246974924,-75.19378608931275
HEALTH,HEALTH__FED_CMS_OPEN_PAYMENTS_2023,APPLICABLE_MANUFACTURER_OR_APPLICABLE_GPO_MAKING_PAYMENT_STATE,IL,2403958,41.03618215018819,-89.82927977971765
HEALTH,HEALTH__FED_CMS_OPEN_PAYMENTS_2023,APPLICABLE_MANUFACTURER_OR_APPLICABLE_GPO_MAKING_PAYMENT_STATE,CA,1752818,36.89113635632567,-119.00108114573426
HEALTH,HEALTH__FED_CMS_OPEN_PAYMENTS_2023,APPLICABLE_MANUFACTURER_OR_APPLICABLE_GPO_MAKING_PAYMENT_STATE,MA,1539260,42.728113083270436,-70.668002462655
HEALTH,HEALTH__FED_CMS_OPEN_PAYMENTS_2023,APPLICABLE_MANUFACTURER_OR_APPLICABLE_GPO_MAKING_PAYMENT_STATE,PA,1115079,41.177189045449346,-78.26963918168435
HEALTH,HEALTH__FED_CMS_OPEN_PAYMENTS_PROFILE_SUPPLEMENT,LICENSE_STATE_CODE_1,CA,177553,37.93500628931456,-120.39709571939257
HEALTH,HEALTH__FED_CMS_OPEN_PAYMENTS_PROFILE_SUPPLEMENT,LICENSE_STATE_CODE_1,TX,126147,30.34991650299117,-99.77503203767695
HEALTH,HEALTH__FED_CMS_OPEN_PAYMENTS_PROFILE_SUPPLEMENT,LICENSE_STATE_CODE_1,FL,122033,29.722794442452788,-83.76207280464749
HEALTH,HEALTH__FED_CMS_OPEN_PAYMENTS_PROFILE_SUPPLEMENT,LICENSE_STATE_CODE_1,NY,119308,43.761369024877894,-74.9437038227746
HEALTH,HEALTH__FED_CMS_OPEN_PAYMENTS_PROFILE_SUPPLEMENT,LICENSE_STATE_CODE_1,PA,82729,41.292096844118845,-77.38470170205919
HEALTH,HEALTH__FED_CMS_OPIOID_TREATMENT_PROGRAM_PROVIDERS,STATE,CA,140,36.48180138274973,-119.7565553873663
HEALTH,HEALTH__FED_CMS_OPIOID_TREATMENT_PROGRAM_PROVIDERS,STATE,OH,104,41.59498561079896,-81.86286790901747
HEALTH,HEALTH__FED_CMS_OPIOID_TREATMENT_PROGRAM_PROVIDERS,STATE,NY,95,42.71683844059886,-75.65035680336604
HEALTH,HEALTH__FED_CMS_OPIOID_TREATMENT_PROGRAM_PROVIDERS,STATE,NC,88,35.41726366683081,-79.78056022704008
HEALTH,HEALTH__FED_CMS_OPIOID_TREATMENT_PROGRAM_PROVIDERS,STATE,MD,78,38.690076098420406,-77.51526405068194
HEALTH,HEALTH__FED_CMS_OPT_OUT_AFFIDAVITS,STATE_CODE,CA,10911,38.21014719370555,-121.02514913143902
HEALTH,HEALTH__FED_CMS_OPT_OUT_AFFIDAVITS,STATE_CODE,NY,4895,42.05563353017496,-75.19463209962662
HEALTH,HEALTH__FED_CMS_OPT_OUT_AFFIDAVITS,STATE_CODE,TX,3533,32.33575788363612,-98.78218044196369
HEALTH,HEALTH__FED_CMS_OPT_OUT_AFFIDAVITS,STATE_CODE,WA,2822,46.53748007826715,-120.51946947406964
HEALTH,HEALTH__FED_CMS_OPT_OUT_AFFIDAVITS,STATE_CODE,FL,2767,29.763282853996138,-81.36605401652758
HEALTH,HEALTH__FED_CMS_PARTD_PRESCRIBERS,PRESCRIBER_STATE,CA,2380329,36.556180690675696,-118.35204314871186
HEALTH,HEALTH__FED_CMS_PARTD_PRESCRIBERS,PRESCRIBER_STATE,FL,1865305,29.791198661419337,-83.37116305619975
HEALTH,HEALTH__FED_CMS_PARTD_PRESCRIBERS,PRESCRIBER_STATE,TX,1714636,32.349707312918426,-100.14652185956768
HEALTH,HEALTH__FED_CMS_PARTD_PRESCRIBERS,PRESCRIBER_STATE,NY,1683019,41.80658121031622,-75.76295776014494
HEALTH,HEALTH__FED_CMS_PARTD_PRESCRIBERS,PRESCRIBER_STATE,PA,1255345,42.04792160289045,-77.07738014628184
HEALTH,HEALTH__FED_CMS_PART_D_PRESCRIBERS,PRSCRBR_STATE_ABRVTN,CA,143204,36.43637969976058,-118.7210110162808
HEALTH,HEALTH__FED_CMS_PART_D_PRESCRIBERS,PRSCRBR_STATE_ABRVTN,NY,106124,42.42775309383792,-74.6944517502962
HEALTH,HEALTH__FED_CMS_PART_D_PRESCRIBERS,PRSCRBR_STATE_ABRVTN,FL,97257,28.703104827943577,-81.96357905093774
HEALTH,HEALTH__FED_CMS_PART_D_PRESCRIBERS,PRSCRBR_STATE_ABRVTN,TX,95720,31.49395190400929,-98.90615317560511
HEALTH,HEALTH__FED_CMS_PART_D_PRESCRIBERS,PRSCRBR_STATE_ABRVTN,PA,65806,41.14263074812415,-76.51473018969533
HEALTH,HEALTH__FED_CMS_QUALITY_PAYMENT_PROGRAM_EXPERIENCE,PRACTICE_STATE_OR_US_TERRITORY,CA,47733,37.18953169986916,-118.72962661289864
HEALTH,HEALTH__FED_CMS_QUALITY_PAYMENT_PROGRAM_EXPERIENCE,PRACTICE_STATE_OR_US_TERRITORY,FL,40738,28.632237367034698,-83.55107973118997
HEALTH,HEALTH__FED_CMS_QUALITY_PAYMENT_PROGRAM_EXPERIENCE,PRACTICE_STATE_OR_US_TERRITORY,NY,36403,43.1710163313292,-74.45097081558407
HEALTH,HEALTH__FED_CMS_QUALITY_PAYMENT_PROGRAM_EXPERIENCE,PRACTICE_STATE_OR_US_TERRITORY,TX,33299,31.322953405690726,-99.51142558175296
HEALTH,HEALTH__FED_CMS_QUALITY_PAYMENT_PROGRAM_EXPERIENCE,PRACTICE_STATE_OR_US_TERRITORY,PA,26714,41.20158330322502,-78.37765576891553
HEALTH,HEALTH__FED_CMS_RURAL_HEALTH_CLINIC_ENROLLMENTS,ENROLLMENT_STATE,KY,411,36.836108918069634,-85.29766526686363
HEALTH,HEALTH__FED_CMS_RURAL_HEALTH_CLINIC_ENROLLMENTS,ENROLLMENT_STATE,TX,361,30.553379731460456,-99.40283826384442
HEALTH,HEALTH__FED_CMS_RURAL_HEALTH_CLINIC_ENROLLMENTS,ENROLLMENT_STATE,TN,327,35.76637791218552,-86.48111420392016
HEALTH,HEALTH__FED_CMS_RURAL_HEALTH_CLINIC_ENROLLMENTS,ENROLLMENT_STATE,MO,309,38.38371726244947,-92.33725282455977
HEALTH,HEALTH__FED_CMS_RURAL_HEALTH_CLINIC_ENROLLMENTS,ENROLLMENT_STATE,IL,276,40.66644837747795,-88.13826576201738
HEALTH,HEALTH__FED_CMS_SKILLED_NURSING_FACILITY_ENROLLMENTS,ENROLLMENT_STATE,TX,1191,31.338040572773668,-98.8037180890286
HEALTH,HEALTH__FED_CMS_SKILLED_NURSING_FACILITY_ENROLLMENTS,ENROLLMENT_STATE,CA,1140,36.682622532115516,-120.53143337506718
HEALTH,HEALTH__FED_CMS_SKILLED_NURSING_FACILITY_ENROLLMENTS,ENROLLMENT_STATE,OH,919,40.35377021720376,-83.40299101436669
HEALTH,HEALTH__FED_CMS_SKILLED_NURSING_FACILITY_ENROLLMENTS,ENROLLMENT_STATE,FL,692,28.142957763096746,-81.95839714489523
HEALTH,HEALTH__FED_CMS_SKILLED_NURSING_FACILITY_ENROLLMENTS,ENROLLMENT_STATE,PA,650,41.02164832669909,-78.62317989407639
HEALTH,HEALTH__FED_DEA_ARCOS,BUYER_STATE,CA,13858663,37.41044931965822,-118.31847026539172
HEALTH,HEALTH__FED_DEA_ARCOS,BUYER_STATE,TX,12108468,30.896146832465575,-98.6815973898034
HEALTH,HEALTH__FED_DEA_ARCOS,BUYER_STATE,FL,11947213,28.201333840662507,-81.80335426515992
HEALTH,HEALTH__FED_DEA_ARCOS,BUYER_STATE,NY,8807425,43.91533236571725,-74.15497023478306
HEALTH,HEALTH__FED_DEA_ARCOS,BUYER_STATE,PA,7962011,41.73581331191826,-78.31168715822425
HEALTH,HEALTH__FED_FDA_DEVICE_510K,STATE,CA,27101,38.034914688201646,-120.76637190991389
HEALTH,HEALTH__FED_FDA_DEVICE_510K,STATE,IL,25670,40.7554249657079,-88.72779190701995
HEALTH,HEALTH__FED_FDA_DEVICE_510K,STATE,MA,9256,43.436318094231716,-72.11146277038605
HEALTH,HEALTH__FED_FDA_DEVICE_510K,STATE,NJ,7754,41.03976941169217,-74.75284343662702
HEALTH,HEALTH__FED_FDA_DEVICE_510K,STATE,FL,6822,27.603080321745082,-81.20241981640123
HEALTH,HEALTH__FED_FDA_DEVICE_ENFORCEMENT,STATE,CA,4631,36.38042179546666,-119.29767645009457
HEALTH,HEALTH__FED_FDA_DEVICE_ENFORCEMENT,STATE,MA,3465,42.7480763563741,-71.32310531831727
HEALTH,HEALTH__FED_FDA_DEVICE_ENFORCEMENT,STATE,IL,3231,40.367914140420275,-87.94723348042923
HEALTH,HEALTH__FED_FDA_DEVICE_ENFORCEMENT,STATE,PA,2950,41.33796063176188,-78.94986320222817
HEALTH,HEALTH__FED_FDA_DEVICE_ENFORCEMENT,STATE,IN,2555,40.05709063424153,-85.04921443182883
HEALTH,HEALTH__FED_FDA_DEVICE_PMA,STATE,MN,18490,47.028428690622526,-94.46306372273835
HEALTH,HEALTH__FED_FDA_DEVICE_PMA,STATE,CA,15165,37.290153327618015,-118.99387613529262
HEALTH,HEALTH__FED_FDA_DEVICE_PMA,STATE,MA,2614,42.99087423055988,-73.0750533917964
HEALTH,HEALTH__FED_FDA_DEVICE_PMA,STATE,TX,2310,30.973941005186937,-99.60093520994008
HEALTH,HEALTH__FED_FDA_DEVICE_PMA,STATE,NJ,1659,38.93392407110817,-74.28187821421808
HEALTH,HEALTH__FED_FDA_DRUG_ENFORCEMENT,STATE,NJ,2187,40.37203012514183,-75.32678218141365
HEALTH,HEALTH__FED_FDA_DRUG_ENFORCEMENT,STATE,FL,1534,28.82490386787819,-81.07365843637638
HEALTH,HEALTH__FED_FDA_DRUG_ENFORCEMENT,STATE,IL,1324,39.911993000392854,-90.06060983449382
HEALTH,HEALTH__FED_FDA_DRUG_ENFORCEMENT,STATE,CA,1109,37.09334033364182,-119.20676526180198
HEALTH,HEALTH__FED_FDA_DRUG_ENFORCEMENT,STATE,NY,1018,42.11059695260502,-75.07167063178753
HEALTH,HEALTH__FED_FDA_ESTABLISHMENT_REG,STATE_CODE,CA,20225,37.489216100598355,-121.0754707862038
HEALTH,HEALTH__FED_FDA_ESTABLISHMENT_REG,STATE_CODE,MA,7545,42.29892534881423,-73.1294908299001
HEALTH,HEALTH__FED_FDA_ESTABLISHMENT_REG,STATE_CODE,FL,7328,28.75379088890786,-83.14843617637017
HEALTH,HEALTH__FED_FDA_ESTABLISHMENT_REG,STATE_CODE,IL,6811,39.082254843612056,-89.42454742158232
HEALTH,HEALTH__FED_FDA_ESTABLISHMENT_REG,STATE_CODE,TX,6496,31.852822067398492,-100.57856534116053
HEALTH,HEALTH__FED_HHS_OIG_LEIE,STATE,CA,9668,37.877846739154656,-120.00225280500904
HEALTH,HEALTH__FED_HHS_OIG_LEIE,STATE,FL,9001,28.750847002325234,-82.24781285136093
HEALTH,HEALTH__FED_HHS_OIG_LEIE,STATE,TX,5885,31.475962487433364,-100.40618491401828
HEALTH,HEALTH__FED_HHS_OIG_LEIE,STATE,NY,4410,41.84006413099152,-76.1133231171318
HEALTH,HEALTH__FED_HHS_OIG_LEIE,STATE,OH,3810,41.59001740443387,-82.46018923781253
HEALTH,HEALTH__FED_HRSA_HPSA_PRIMARY_CARE,COMMON_STATE_ABBREVIATION,CA,8246,36.20681785049915,-119.4326663153903
HEALTH,HEALTH__FED_HRSA_HPSA_PRIMARY_CARE,COMMON_STATE_ABBREVIATION,NY,7192,42.93808190162243,-76.25114538476221
HEALTH,HEALTH__FED_HRSA_HPSA_PRIMARY_CARE,COMMON_STATE_ABBREVIATION,TX,3702,31.950698898964454,-98.12765229931368
HEALTH,HEALTH__FED_HRSA_HPSA_PRIMARY_CARE,COMMON_STATE_ABBREVIATION,MN,3639,47.444094661942586,-94.19112192925165
HEALTH,HEALTH__FED_HRSA_HPSA_PRIMARY_CARE,COMMON_STATE_ABBREVIATION,FL,3615,29.511554122683048,-81.2634602792077
HEALTH,HEALTH__FED_HRSA_NPDB,HOME_STATE,TX,130957,31.020450796122603,-99.302648837507
HEALTH,HEALTH__FED_HRSA_NPDB,HOME_STATE,CA,109146,36.46264890013654,-118.9264639143257
HEALTH,HEALTH__FED_HRSA_NPDB,HOME_STATE,FL,80731,29.58251602535641,-81.80540659084949
HEALTH,HEALTH__FED_HRSA_NPDB,HOME_STATE,NY,61420,42.52248851687718,-74.73727201217238
HEALTH,HEALTH__FED_HRSA_NPDB,HOME_STATE,OH,60493,40.14641465233328,-83.68840198019927
HEALTH,HEALTH__FED_HRSA_SHORTAGE_AREAS,COMMON_STATE_ABBREVIATION,CA,16798,37.03340356240283,-120.4018094865641
HEALTH,HEALTH__FED_HRSA_SHORTAGE_AREAS,COMMON_STATE_ABBREVIATION,NY,15478,43.98201976105234,-76.84772680479698
HEALTH,HEALTH__FED_HRSA_SHORTAGE_AREAS,COMMON_STATE_ABBREVIATION,AZ,8759,35.00513997116016,-111.91167157432551
HEALTH,HEALTH__FED_HRSA_SHORTAGE_AREAS,COMMON_STATE_ABBREVIATION,FL,8683,27.44868836023406,-81.44813373259471
HEALTH,HEALTH__FED_HRSA_SHORTAGE_AREAS,COMMON_STATE_ABBREVIATION,TX,7476,31.186196369740202,-100.32679173383745
HEALTH,HEALTH__FED_HRSA_UDS_SERVICE_DELIVERY_SITES,HEALTH_CENTER_STATE,CA,3057,37.580273661311885,-119.76761370579321
HEALTH,HEALTH__FED_HRSA_UDS_SERVICE_DELIVERY_SITES,HEALTH_CENTER_STATE,NY,892,42.777656122736225,-75.95744641675206
HEALTH,HEALTH__FED_HRSA_UDS_SERVICE_DELIVERY_SITES,HEALTH_CENTER_STATE,TX,836,30.707267952789433,-98.21748146546027
HEALTH,HEALTH__FED_HRSA_UDS_SERVICE_DELIVERY_SITES,HEALTH_CENTER_STATE,NC,812,34.65443866720977,-80.59373441207639
HEALTH,HEALTH__FED_HRSA_UDS_SERVICE_DELIVERY_SITES,HEALTH_CENTER_STATE,FL,787,28.52404760941572,-81.86287225394946
HEALTH,HEALTH__FED_IHS_FACILITIES,STATE,AK,298,63.85698033991249,-148.26012367020653
HEALTH,HEALTH__FED_IHS_FACILITIES,STATE,CA,120,38.06952612703534,-119.51565867559526
HEALTH,HEALTH__FED_IHS_FACILITIES,STATE,AZ,82,35.115182493028534,-110.45724478679578
HEALTH,HEALTH__FED_IHS_FACILITIES,STATE,OK,72,34.85584261699905,-98.19140358859823
HEALTH,HEALTH__FED_IHS_FACILITIES,STATE,WA,54,48.461913026141396,-120.95285946136102
HEALTH,HEALTH__FED_NURSINGHOME411,STATE,TX,1176,32.56996614313555,-98.57144692677086
HEALTH,HEALTH__FED_NURSINGHOME411,STATE,CA,1163,37.568161743526815,-119.23963122759822
HEALTH,HEALTH__FED_NURSINGHOME411,STATE,OH,922,40.886230557732816,-81.8366129470228
HEALTH,HEALTH__FED_NURSINGHOME411,STATE,FL,695,28.898557373330203,-83.47542103377775
HEALTH,HEALTH__FED_NURSINGHOME411,STATE,IL,669,38.9455468330936,-90.22569479847958
HEALTH,HEALTH__XC_GUTTMACHER_MONTHLY_ABORTION,STATE,WY,39,43.62379026802448,-108.46732267838776
HEALTH,HEALTH__XC_GUTTMACHER_MONTHLY_ABORTION,STATE,WI,39,43.4273405373253,-90.45318109428887
HEALTH,HEALTH__XC_GUTTMACHER_MONTHLY_ABORTION,STATE,WA,39,46.838245844305796,-119.59949837547146
HEALTH,HEALTH__XC_GUTTMACHER_MONTHLY_ABORTION,STATE,VT,39,44.653539651577184,-74.09526880102628
HEALTH,HEALTH__XC_GUTTMACHER_MONTHLY_ABORTION,STATE,VA,39,37.20723212540363,-78.48302384609337
HOUSING,HOUSING__FED_CFPB_HMDA,STATE_CODE,DC,28301,38.42848625808918,-75.72401810154204
HOUSING,HOUSING__FED_CFPB_HMDA_DC_ONLY,STATE_CODE,DC,28301,39.690431577713866,-78.20213979767352
HOUSING,HOUSING__FED_CFPB_HMDA_HISTORIC,STATE_ABBR,CA,2569481,36.72374788295119,-118.48922945442412
HOUSING,HOUSING__FED_CFPB_HMDA_HISTORIC,STATE_ABBR,TX,1431680,32.65659152415506,-100.29768098906466
HOUSING,HOUSING__FED_CFPB_HMDA_HISTORIC,STATE_ABBR,FL,1159909,27.91579762604473,-81.76139247204138
HOUSING,HOUSING__FED_CFPB_HMDA_HISTORIC,STATE_ABBR,IL,748590,39.789641691583476,-90.0169040193687
HOUSING,HOUSING__FED_CFPB_HMDA_HISTORIC,STATE_ABBR,OH,645307,40.826693535820546,-82.31324383026542
HOUSING,HOUSING__FED_CFPB_HMDA_LAR,STATE_CODE,DC,17474,37.75920987159539,-77.13208809793441
HOUSING,HOUSING__FED_FEMA_IA_HOUSING_REGISTRATIONS,DAMAGED_STATE_ABBREVIATION,FL,6907669,28.71127348288554,-82.94417789503002
HOUSING,HOUSING__FED_FEMA_IA_HOUSING_REGISTRATIONS,DAMAGED_STATE_ABBREVIATION,TX,4697543,30.91721967465419,-98.19154271347603
HOUSING,HOUSING__FED_FEMA_IA_HOUSING_REGISTRATIONS,DAMAGED_STATE_ABBREVIATION,LA,3504118,29.963890162124226,-93.22336944412598
HOUSING,HOUSING__FED_FEMA_IA_HOUSING_REGISTRATIONS,DAMAGED_STATE_ABBREVIATION,MS,836078,32.57992078304035,-90.93439442357055
HOUSING,HOUSING__FED_FEMA_NFIP_COMMUNITY_STATUS_BOOK,STATE,PA,2516,40.07859236505257,-78.01481342576888
HOUSING,HOUSING__FED_FEMA_NFIP_COMMUNITY_STATUS_BOOK,STATE,NY,1519,42.927614840973774,-74.3992648935663
HOUSING,HOUSING__FED_FEMA_NFIP_COMMUNITY_STATUS_BOOK,STATE,TX,1399,30.844521579923416,-100.11525175977549
HOUSING,HOUSING__FED_FEMA_NFIP_COMMUNITY_STATUS_BOOK,STATE,MI,1274,44.45715176690793,-85.58907737980581
HOUSING,HOUSING__FED_FEMA_NFIP_COMMUNITY_STATUS_BOOK,STATE,ME,1020,44.437291353530775,-70.35550174007123
HOUSING,HOUSING__FED_HUD_ASSISTED_HOUSING_PROJECTS,STATE,CA,2075,37.616901316157886,-119.19627182789635
HOUSING,HOUSING__FED_HUD_ASSISTED_HOUSING_PROJECTS,STATE,NY,1925,42.2046631274061,-76.39621881475439
HOUSING,HOUSING__FED_HUD_ASSISTED_HOUSING_PROJECTS,STATE,PA,1888,39.966086230215076,-78.04021084498062
HOUSING,HOUSING__FED_HUD_ASSISTED_HOUSING_PROJECTS,STATE,TX,1865,32.42517771539644,-98.66778461912804
HOUSING,HOUSING__FED_HUD_ASSISTED_HOUSING_PROJECTS,STATE,OH,1800,41.181042708723375,-82.0982539201499
HOUSING,HOUSING__FED_HUD_FHA_SF_PORTFOLIO_SNAPSHOT,PROPERTY_STATE,TX,9892,31.378355077656423,-100.66458106945942
HOUSING,HOUSING__FED_HUD_FHA_SF_PORTFOLIO_SNAPSHOT,PROPERTY_STATE,FL,6506,27.673066714710803,-83.66093946566323
HOUSING,HOUSING__FED_HUD_FHA_SF_PORTFOLIO_SNAPSHOT,PROPERTY_STATE,CA,3767,38.243020856329615,-119.94247602968021
HOUSING,HOUSING__FED_HUD_FHA_SF_PORTFOLIO_SNAPSHOT,PROPERTY_STATE,GA,3010,33.35129412052678,-83.92494956059805
HOUSING,HOUSING__FED_HUD_FHA_SF_PORTFOLIO_SNAPSHOT,PROPERTY_STATE,NC,2250,34.74751360481599,-79.0652845964966
HOUSING,HOUSING__FED_HUD_MF_FIRM_COMMITMENTS,PROJECT_STATE,TX,2494,30.700243463777056,-98.26682462033196
HOUSING,HOUSING__FED_HUD_MF_FIRM_COMMITMENTS,PROJECT_STATE,CA,1500,37.220088961181155,-120.05507041655643
HOUSING,HOUSING__FED_HUD_MF_FIRM_COMMITMENTS,PROJECT_STATE,OH,1339,40.0185184207446,-82.29720577562432
HOUSING,HOUSING__FED_HUD_MF_FIRM_COMMITMENTS,PROJECT_STATE,MA,1179,41.86885672792541,-72.37445634822139
HOUSING,HOUSING__FED_HUD_MF_FIRM_COMMITMENTS,PROJECT_STATE,IN,1162,40.74979241053609,-86.01550499508654
HOUSING,HOUSING__FED_HUD_PUBLIC_HOUSING_AUTHORITIES,STD_STATE,TX,381,30.53114140900236,-98.50336681446785
HOUSING,HOUSING__FED_HUD_PUBLIC_HOUSING_AUTHORITIES,STD_STATE,GA,178,32.45100755612918,-84.15953871696563
HOUSING,HOUSING__FED_HUD_PUBLIC_HOUSING_AUTHORITIES,STD_STATE,NY,159,42.27855156843184,-74.70975537944295
HOUSING,HOUSING__FED_HUD_PUBLIC_HOUSING_AUTHORITIES,STD_STATE,LA,153,30.283375184044154,-91.60055357807157
HOUSING,HOUSING__FED_HUD_PUBLIC_HOUSING_AUTHORITIES,STD_STATE,AL,142,32.013668373318964,-87.10808476608011
HOUSING,HOUSING__FED_MAPPING_INEQUALITY,STATE,MA,145,42.50905826520651,-72.59952460047695
HOUSING,HOUSING__FED_MAPPING_INEQUALITY,STATE,NY,91,41.768599551818575,-75.71302944938637
HOUSING,HOUSING__FED_MAPPING_INEQUALITY,STATE,PA,68,41.21090979739866,-78.93452630042134
HOUSING,HOUSING__FED_MAPPING_INEQUALITY,STATE,OH,64,40.27216891783654,-83.30314509240121
HOUSING,HOUSING__FED_MAPPING_INEQUALITY,STATE,TX,56,31.98127144064754,-100.50519531505545
HOUSING,HOUSING__FED_USDA_RD_MFH_ACTIVE_PROJECTS,STATE_ABBREVIATION,TX,635,30.565713878889184,-100.58958660188388
HOUSING,HOUSING__FED_USDA_RD_MFH_ACTIVE_PROJECTS,STATE_ABBREVIATION,MO,595,39.22454262946378,-92.09175562238269
HOUSING,HOUSING__FED_USDA_RD_MFH_ACTIVE_PROJECTS,STATE_ABBREVIATION,NC,590,36.24328754379401,-78.98796802090186
HOUSING,HOUSING__FED_USDA_RD_MFH_ACTIVE_PROJECTS,STATE_ABBREVIATION,CA,521,38.324026681810516,-120.26848481338014
HOUSING,HOUSING__FED_USDA_RD_MFH_ACTIVE_PROJECTS,STATE_ABBREVIATION,MI,518,43.107048255241324,-84.9691411622901
IMMIGRATION,IMMIGRATION__FED_CMS_HOSPICE_ENROLLMENTS,ENROLLMENT_STATE,CA,1522,36.46547476046556,-120.62217196181842
IMMIGRATION,IMMIGRATION__FED_CMS_HOSPICE_ENROLLMENTS,ENROLLMENT_STATE,TX,977,30.51822094923367,-98.80415769737158
IMMIGRATION,IMMIGRATION__FED_CMS_HOSPICE_ENROLLMENTS,ENROLLMENT_STATE,GA,252,33.43473859548533,-84.34174396544898
IMMIGRATION,IMMIGRATION__FED_CMS_HOSPICE_ENROLLMENTS,ENROLLMENT_STATE,AZ,189,33.80502814149248,-110.50904243899231
IMMIGRATION,IMMIGRATION__FED_CMS_HOSPICE_ENROLLMENTS,ENROLLMENT_STATE,PA,175,41.478927744328594,-76.30572333966055
IMMIGRATION,IMMIGRATION__FED_CMS_MEDICARE_FEE_FOR_SERVICE_PUBLIC_PROVIDER_ENROLLMENT,STATE_CD,CA,260561,36.59340815357668,-119.28016009933329
IMMIGRATION,IMMIGRATION__FED_CMS_MEDICARE_FEE_FOR_SERVICE_PUBLIC_PROVIDER_ENROLLMENT,STATE_CD,TX,208040,30.30848016955829,-99.56537778039934
IMMIGRATION,IMMIGRATION__FED_CMS_MEDICARE_FEE_FOR_SERVICE_PUBLIC_PROVIDER_ENROLLMENT,STATE_CD,NY,196953,42.796453974237096,-76.24227009553972
IMMIGRATION,IMMIGRATION__FED_CMS_MEDICARE_FEE_FOR_SERVICE_PUBLIC_PROVIDER_ENROLLMENT,STATE_CD,FL,186147,28.232251256073397,-83.71980157473408
IMMIGRATION,IMMIGRATION__FED_CMS_MEDICARE_FEE_FOR_SERVICE_PUBLIC_PROVIDER_ENROLLMENT,STATE_CD,PA,126781,41.77161619578866,-78.76008786292914
IMMIGRATION,IMMIGRATION__FED_DOL_OFLC,AGENT_ATTORNEY_PROVINCE,PA,328,40.752864236837176,-78.53965695793497
IMMIGRATION,IMMIGRATION__FED_ICE_DETENTION_FACILITY_CODES,STATE,TX,250,31.515006687051837,-99.6946746622335
IMMIGRATION,IMMIGRATION__FED_ICE_DETENTION_FACILITY_CODES,STATE,CA,124,38.008994574370426,-119.1745963619372
IMMIGRATION,IMMIGRATION__FED_ICE_DETENTION_FACILITY_CODES,STATE,FL,92,29.54507910623208,-82.20243767923247
IMMIGRATION,IMMIGRATION__FED_ICE_DETENTION_FACILITY_CODES,STATE,NY,91,41.76614739817708,-74.6292585632223
IMMIGRATION,IMMIGRATION__FED_ICE_DETENTION_FACILITY_CODES,STATE,AZ,63,33.58175471732655,-110.83384695067197
IMMIGRATION,IMMIGRATION__FED_ICE_DETENTION_FACILITY_LIST,STATE,TX,25,31.931302870357953,-100.03900739042724
IMMIGRATION,IMMIGRATION__FED_ICE_DETENTION_FACILITY_LIST,STATE,LA,10,32.098160012618216,-91.45023680357497
IMMIGRATION,IMMIGRATION__FED_ICE_DETENTION_FACILITY_LIST,STATE,CA,8,37.17574311644065,-120.35496007345486
IMMIGRATION,IMMIGRATION__FED_ICE_DETENTION_FACILITY_LIST,STATE,FL,7,27.870669126911206,-83.60366079378649
IMMIGRATION,IMMIGRATION__FED_ICE_DETENTION_FACILITY_LIST,STATE,PA,6,39.7624373063843,-78.38049699319738
IMMIGRATION,IMMIGRATION__FED_ICE_DETENTION_STINTS,STATE,TX,754351,30.838804968176724,-98.18429029158222
IMMIGRATION,IMMIGRATION__FED_ICE_DETENTION_STINTS,STATE,LA,352221,30.54996308901078,-90.67534524531156
IMMIGRATION,IMMIGRATION__FED_ICE_DETENTION_STINTS,STATE,AZ,284525,34.18342719961207,-112.66287302686811
IMMIGRATION,IMMIGRATION__FED_ICE_DETENTION_STINTS,STATE,FL,211693,27.552587342818875,-81.00991841898704
IMMIGRATION,IMMIGRATION__FED_ICE_DETENTION_STINTS,STATE,CA,156351,36.3311922837712,-119.50692227439444
JUSTICE,JUSTICE__COUNTY_DOUBLE_BURDEN,STATE_ABBR,TX,252,31.880540081855248,-99.75585602943909
JUSTICE,JUSTICE__COUNTY_DOUBLE_BURDEN,STATE_ABBR,GA,157,31.780328002653114,-83.28571572489781
JUSTICE,JUSTICE__COUNTY_DOUBLE_BURDEN,STATE_ABBR,VA,129,37.44825091999921,-78.92182505694913
JUSTICE,JUSTICE__COUNTY_DOUBLE_BURDEN,STATE_ABBR,KY,120,36.68876336145818,-86.29436173144157
JUSTICE,JUSTICE__COUNTY_DOUBLE_BURDEN,STATE_ABBR,MO,113,38.29655799507448,-93.21997231675533
JUSTICE,JUSTICE__FED_ATF_FFL,MAIL_STATE,TX,9115,32.00721217122119,-99.13274971433282
JUSTICE,JUSTICE__FED_ATF_FFL,MAIL_STATE,FL,4360,28.355909019590978,-82.36922604925677
JUSTICE,JUSTICE__FED_ATF_FFL,MAIL_STATE,AR,3192,35.39324369688716,-91.47431480263648
JUSTICE,JUSTICE__FED_ATF_FFL,MAIL_STATE,PA,3123,41.96898259690895,-77.68315970298985
JUSTICE,JUSTICE__FED_ATF_FFL,MAIL_STATE,NC,2891,35.466993521180136,-79.88652580499117
JUSTICE,JUSTICE__FED_COURTLISTENER_COURTHOUSES,STATE,TX,719,31.527487617530333,-99.86480266546941
JUSTICE,JUSTICE__FED_COURTLISTENER_COURTHOUSES,STATE,NY,509,44.07353159689143,-75.14134292081741
JUSTICE,JUSTICE__FED_COURTLISTENER_COURTHOUSES,STATE,OH,492,40.38571892521815,-82.18326001900637
JUSTICE,JUSTICE__FED_COURTLISTENER_COURTHOUSES,STATE,PA,278,41.524607593145724,-78.28496512991462
JUSTICE,JUSTICE__FED_COURTLISTENER_COURTHOUSES,STATE,FL,219,29.0768665460717,-81.67813392709667
JUSTICE,JUSTICE__FED_COURTLISTENER_JUDGES,DOB_STATE,NY,542,42.51289661768915,-75.31476831260396
JUSTICE,JUSTICE__FED_COURTLISTENER_JUDGES,DOB_STATE,CA,340,37.6290095350758,-120.96745833456188
JUSTICE,JUSTICE__FED_COURTLISTENER_JUDGES,DOB_STATE,TX,324,32.050189784166335,-99.6670378766325
JUSTICE,JUSTICE__FED_COURTLISTENER_JUDGES,DOB_STATE,PA,272,40.5520504780574,-76.90896375179999
JUSTICE,JUSTICE__FED_COURTLISTENER_JUDGES,DOB_STATE,IL,173,39.2942920588025,-90.58911317918391
JUSTICE,JUSTICE__FED_COURTLISTENER_POSITIONS,LOCATION_STATE,NY,3260,42.970789386243915,-76.21305431651241
JUSTICE,JUSTICE__FED_COURTLISTENER_POSITIONS,LOCATION_STATE,TX,3186,32.5193343317195,-99.93854603081002
JUSTICE,JUSTICE__FED_COURTLISTENER_POSITIONS,LOCATION_STATE,CA,541,37.983273662842876,-120.01592430414594
JUSTICE,JUSTICE__FED_COURTLISTENER_POSITIONS,LOCATION_STATE,PA,447,41.67659992915443,-76.8917379308583
JUSTICE,JUSTICE__FED_COURTLISTENER_POSITIONS,LOCATION_STATE,IL,365,40.70585057783571,-88.54689278020535
JUSTICE,JUSTICE__FED_FBI_CDE,STATE,WY,4680,44.0027233161004,-106.34449609727092
JUSTICE,JUSTICE__FED_FBI_CDE,STATE,WI,4680,44.921311474078756,-88.76969374039469
JUSTICE,JUSTICE__FED_FBI_CDE,STATE,WV,4680,37.94518778643129,-81.73571517674097
JUSTICE,JUSTICE__FED_FBI_CDE,STATE,WA,4680,48.166351879617736,-120.38774947647993
JUSTICE,JUSTICE__FED_FBI_CDE,STATE,VA,4680,37.82405130384408,-80.16868104887641
JUSTICE,JUSTICE__RACIAL_JAIL_DISPARITY,STATE_ABBR,TX,11755,30.755462773156523,-98.52694828002991
JUSTICE,JUSTICE__RACIAL_JAIL_DISPARITY,STATE_ABBR,GA,9044,31.786409757705695,-82.40856449091734
JUSTICE,JUSTICE__RACIAL_JAIL_DISPARITY,STATE_ABBR,KY,5436,38.536728838248045,-84.59134427059199
JUSTICE,JUSTICE__RACIAL_JAIL_DISPARITY,STATE_ABBR,VA,5381,36.590812467009215,-78.29135936158312
JUSTICE,JUSTICE__RACIAL_JAIL_DISPARITY,STATE_ABBR,MO,4618,39.49895067324144,-93.7793577941071
JUSTICE,JUSTICE__STATE_MO_SEX_OFFENDER_REGISTRY,STATE,MO,27011,38.28140528333147,-93.67925670540933
JUSTICE,JUSTICE__STATE_MO_SEX_OFFENDER_REGISTRY,STATE,KS,316,39.48647709707634,-99.36217379131344
JUSTICE,JUSTICE__STATE_MO_SEX_OFFENDER_REGISTRY,STATE,IL,238,40.829040697920135,-88.41510745694056
JUSTICE,JUSTICE__STATE_MO_SEX_OFFENDER_REGISTRY,STATE,AR,72,35.610135264239986,-91.12288325842461
JUSTICE,JUSTICE__STATE_MO_SEX_OFFENDER_REGISTRY,STATE,IA,53,42.8123360686735,-94.6444383720566
JUSTICE,JUSTICE__XC_MAPPING_POLICE_VIOLENCE,STATE,CA,2111,37.87073687779973,-120.16333706828938
JUSTICE,JUSTICE__XC_MAPPING_POLICE_VIOLENCE,STATE,TX,1516,32.626251701035436,-99.75682456076686
JUSTICE,JUSTICE__XC_MAPPING_POLICE_VIOLENCE,STATE,FL,1084,28.05170113138654,-82.36868957131108
JUSTICE,JUSTICE__XC_MAPPING_POLICE_VIOLENCE,STATE,AZ,676,33.98498651028384,-111.31184225700406
JUSTICE,JUSTICE__XC_MAPPING_POLICE_VIOLENCE,STATE,GA,602,32.46254715531989,-83.60399667318505
JUSTICE,JUSTICE__XC_WAPO_FATAL_FORCE,STATE,CA,1405,37.36101017883832,-118.34565743690614
JUSTICE,JUSTICE__XC_WAPO_FATAL_FORCE,STATE,TX,1010,31.36318772341921,-98.45010466210508
JUSTICE,JUSTICE__XC_WAPO_FATAL_FORCE,STATE,FL,672,29.097584624366885,-82.8693178954868
JUSTICE,JUSTICE__XC_WAPO_FATAL_FORCE,STATE,AZ,461,33.410135274148224,-111.54949060571367
JUSTICE,JUSTICE__XC_WAPO_FATAL_FORCE,STATE,GA,393,32.53165991692043,-83.93970399174604
LABOR,LABOR__FED_DOL_EBSA_FORM5500_SCHEDULE_SB,SB_ACTUARY_FOREIGN_PROV_STATE,CA,1,37.20225114820507,-119.95089820173725
LABOR,LABOR__FED_DOL_OLMS,STATE,PA,38220,40.74935019851938,-77.71109004156189
LABOR,LABOR__FED_DOL_OLMS,STATE,NY,38169,43.90014829871658,-75.02172128162817
LABOR,LABOR__FED_DOL_OLMS,STATE,IL,36648,40.95269890707797,-88.54012704183931
LABOR,LABOR__FED_DOL_OLMS,STATE,OH,36456,40.33244441243811,-83.48623783974635
LABOR,LABOR__FED_DOL_OLMS,STATE,CA,33845,37.66105734548581,-119.24311540401806
LABOR,LABOR__FED_MSHA_MINES,STATE,KY,14081,36.398036524671596,-86.3969506051719
LABOR,LABOR__FED_MSHA_MINES,STATE,WV,7154,39.691056373661105,-81.2158258968547
LABOR,LABOR__FED_MSHA_MINES,STATE,PA,6393,39.70297040886309,-76.6745494166178
LABOR,LABOR__FED_MSHA_MINES,STATE,VA,4607,38.62442853928958,-78.31629022045144
LABOR,LABOR__FED_MSHA_MINES,STATE,TX,3627,32.20254656634777,-99.8350911219264
LABOR,LABOR__FED_OSHA_ITA_300A_SUMMARY_2023,STATE,CA,40903,36.867018665760305,-119.5297592229784
LABOR,LABOR__FED_OSHA_ITA_300A_SUMMARY_2023,STATE,TX,29777,30.52306212040588,-99.83882892773447
LABOR,LABOR__FED_OSHA_ITA_300A_SUMMARY_2023,STATE,FL,21441,28.896200100836467,-82.73889878957365
LABOR,LABOR__FED_OSHA_ITA_300A_SUMMARY_2023,STATE,PA,17109,41.25145357535056,-76.40677737946936
LABOR,LABOR__FED_OSHA_ITA_300A_SUMMARY_2023,STATE,OH,17108,41.58664619489898,-81.48410757270456
LABOR,LABOR__FED_OSHA_ITA_300A_SUMMARY_2024,STATE,CA,40449,36.83064366001223,-119.53749421059474
LABOR,LABOR__FED_OSHA_ITA_300A_SUMMARY_2024,STATE,TX,31106,31.18536701160618,-100.25648032919582
LABOR,LABOR__FED_OSHA_ITA_300A_SUMMARY_2024,STATE,FL,21656,27.43184880741403,-82.77222311107933
LABOR,LABOR__FED_OSHA_ITA_300A_SUMMARY_2024,STATE,PA,17030,41.516352353548676,-78.18736931216192
LABOR,LABOR__FED_OSHA_ITA_300A_SUMMARY_2024,STATE,IL,16829,39.868281229112895,-90.24764803833025
LABOR,LABOR__FED_OSHA_ITA_300A_SUMMARY_2025,STATE,CA,42042,36.602793166042645,-118.60711550342825
LABOR,LABOR__FED_OSHA_ITA_300A_SUMMARY_2025,STATE,TX,30429,32.24750039227785,-98.0034346350433
LABOR,LABOR__FED_OSHA_ITA_300A_SUMMARY_2025,STATE,FL,20355,28.656335904377425,-83.21744372343116
LABOR,LABOR__FED_OSHA_ITA_300A_SUMMARY_2025,STATE,IL,16456,40.192703397686465,-89.94196465324497
LABOR,LABOR__FED_OSHA_ITA_300A_SUMMARY_2025,STATE,OH,16284,39.920256056837985,-83.2894588109876
LABOR,LABOR__FED_OSHA_ITA_CASE_DETAIL_2023,STATE,CA,113400,37.712385536342474,-119.0566238582313
LABOR,LABOR__FED_OSHA_ITA_CASE_DETAIL_2023,STATE,TX,56600,30.937896147957748,-98.34310187642845
LABOR,LABOR__FED_OSHA_ITA_CASE_DETAIL_2023,STATE,FL,48602,29.43105245039168,-83.36167368493003
LABOR,LABOR__FED_OSHA_ITA_CASE_DETAIL_2023,STATE,IL,43090,38.96790479216282,-89.13204897036267
LABOR,LABOR__FED_OSHA_ITA_CASE_DETAIL_2023,STATE,PA,41590,40.14524138952544,-76.30054975601516
LABOR,LABOR__FED_OSHA_ITA_CASE_DETAIL_2024,STATE,CA,82525,36.454248577887974,-119.26276816422953
LABOR,LABOR__FED_OSHA_ITA_CASE_DETAIL_2024,STATE,TX,45329,30.507307254113393,-98.97137165435169
LABOR,LABOR__FED_OSHA_ITA_CASE_DETAIL_2024,STATE,FL,39619,28.13766072198658,-83.10253616416806
LABOR,LABOR__FED_OSHA_ITA_CASE_DETAIL_2024,STATE,PA,33570,40.832041806857575,-78.38524475705343
LABOR,LABOR__FED_OSHA_ITA_CASE_DETAIL_2024,STATE,IL,33543,40.447965611018674,-88.15828163122465
LABOR,LABOR__FED_OSHA_ITA_CASE_DETAIL_2025,STATE,CA,34265,36.65606514534131,-120.0424916341084
LABOR,LABOR__FED_OSHA_ITA_CASE_DETAIL_2025,STATE,TX,21066,31.479371841677295,-98.2129419842988
LABOR,LABOR__FED_OSHA_ITA_CASE_DETAIL_2025,STATE,NY,16686,41.93246853135579,-76.27913530422113
LABOR,LABOR__FED_OSHA_ITA_CASE_DETAIL_2025,STATE,IL,15301,39.21327564392095,-88.06732433320767
LABOR,LABOR__FED_OSHA_ITA_CASE_DETAIL_2025,STATE,PA,15055,40.442345989860705,-76.84934311096318
LABOR,LABOR__FED_PBGC_TRUSTEED_PLANS,STATE,NY,601,43.77693234098816,-74.41217953990906
LABOR,LABOR__FED_PBGC_TRUSTEED_PLANS,STATE,PA,471,40.7619498067521,-78.11568758539893
LABOR,LABOR__FED_PBGC_TRUSTEED_PLANS,STATE,OH,437,39.9306006878418,-82.88118913732752
LABOR,LABOR__FED_PBGC_TRUSTEED_PLANS,STATE,MI,401,45.15744764759441,-86.01022002238902
LABOR,LABOR__FED_PBGC_TRUSTEED_PLANS,STATE,IL,358,41.071412025028444,-88.23800539231598
POLITICS,POLITICS__BILL_COSPONSORS,COSPONSOR_STATE,CA,42027,36.37532787630231,-120.40824330974101
POLITICS,POLITICS__BILL_COSPONSORS,COSPONSOR_STATE,NY,23804,43.29446325752937,-76.38773817215139
POLITICS,POLITICS__BILL_COSPONSORS,COSPONSOR_STATE,TX,22887,30.39428267109481,-99.6974120444148
POLITICS,POLITICS__BILL_COSPONSORS,COSPONSOR_STATE,FL,19322,28.446200362957153,-82.9295043555529
POLITICS,POLITICS__BILL_COSPONSORS,COSPONSOR_STATE,IL,16736,40.23041312803428,-88.67041173547588
POLITICS,POLITICS__FEC_CANDIDATE,OFFICE_STATE,CA,1392,38.21335563639507,-119.25240059032464
POLITICS,POLITICS__FEC_CANDIDATE,OFFICE_STATE,TX,1145,32.18469769551707,-100.54503976666535
POLITICS,POLITICS__FEC_CANDIDATE,OFFICE_STATE,FL,1072,28.998783730219866,-82.4553597843476
POLITICS,POLITICS__FEC_CANDIDATE,OFFICE_STATE,NY,763,42.27226931861437,-76.84988420186775
POLITICS,POLITICS__FED_CONGRESS_LEGISLATORS,STATE,NY,1511,43.996360627902,-76.48308933576172
POLITICS,POLITICS__FED_CONGRESS_LEGISLATORS,STATE,PA,1079,40.01692679597614,-78.3631784053756
POLITICS,POLITICS__FED_CONGRESS_LEGISLATORS,STATE,OH,702,39.640024080842906,-82.5410251966048
POLITICS,POLITICS__FED_CONGRESS_LEGISLATORS,STATE,IL,512,39.962759300609534,-89.92469201949655
POLITICS,POLITICS__FED_CONGRESS_LEGISLATORS,STATE,VA,452,37.46197297871568,-77.90839703262789
POLITICS,POLITICS__FED_EAC_EAVS,STATE_ABBR,WI,1851,44.60371227872085,-88.62789915099808
POLITICS,POLITICS__FED_EAC_EAVS,STATE_ABBR,ME,497,46.018727096523826,-69.87691035727359
POLITICS,POLITICS__FED_EAC_EAVS,STATE_ABBR,MA,351,42.341196483657825,-72.58296928446238
POLITICS,POLITICS__FED_EAC_EAVS,STATE_ABBR,NH,320,42.84228705288664,-72.69658379459148
POLITICS,POLITICS__FED_EAC_EAVS,STATE_ABBR,TX,254,32.12981926375427,-100.10055508457421
POLITICS,POLITICS__FED_FCC_LICENSING,STATE,CA,232694,38.24333840631081,-120.86856348521707
POLITICS,POLITICS__FED_FCC_LICENSING,STATE,TX,118505,31.95786842545031,-99.86844236454371
POLITICS,POLITICS__FED_FCC_LICENSING,STATE,FL,102154,27.744696712136808,-82.11909943866408
POLITICS,POLITICS__FED_FCC_LICENSING,STATE,WA,70783,47.88445884232508,-120.96799252629737
POLITICS,POLITICS__FED_FCC_LICENSING,STATE,NY,61761,42.476169799678615,-76.47185516284705
POLITICS,POLITICS__FED_FEC_API,CONTRIBUTOR_STATE,TX,56,31.850313460441754,-99.51918802188874
POLITICS,POLITICS__FED_FEC_API,CONTRIBUTOR_STATE,FL,51,29.66994753228165,-81.66370049657048
POLITICS,POLITICS__FED_FEC_API,CONTRIBUTOR_STATE,CA,42,37.52578100511532,-118.76275925532747
POLITICS,POLITICS__FED_FEC_API,CONTRIBUTOR_STATE,NY,41,43.9901338705236,-75.54079681282117
POLITICS,POLITICS__FED_FEC_API,CONTRIBUTOR_STATE,MS,25,32.799570770897446,-90.76251963046774
POLITICS,POLITICS__FED_FJC_JUDGES,BIRTH_STATE,NY,449,42.88461345626257,-75.98221407326128
POLITICS,POLITICS__FED_FJC_JUDGES,BIRTH_STATE,PA,278,39.74342264995374,-76.3698874896901
POLITICS,POLITICS__FED_FJC_JUDGES,BIRTH_STATE,CA,188,36.05891970255482,-120.56884311301006
POLITICS,POLITICS__FED_FJC_JUDGES,BIRTH_STATE,IL,174,39.431392769959245,-88.16328166575065
POLITICS,POLITICS__FED_FJC_JUDGES,BIRTH_STATE,TX,174,30.93221656911711,-98.02187013644516
POLITICS,POLITICS__FED_MEDSL_HOUSE_RETURNS,STATE_ABBR,NY,3605,43.20604160642893,-75.7603269444087
POLITICS,POLITICS__FED_MEDSL_HOUSE_RETURNS,STATE_ABBR,CA,3133,36.89033538393794,-119.68914594062728
POLITICS,POLITICS__FED_MEDSL_HOUSE_RETURNS,STATE_ABBR,TX,1798,32.06961358693213,-98.70757014082133
POLITICS,POLITICS__FED_MEDSL_HOUSE_RETURNS,STATE_ABBR,MI,1483,43.42176958104764,-85.49631690755916
POLITICS,POLITICS__FED_MEDSL_HOUSE_RETURNS,STATE_ABBR,NJ,1186,39.03318977173325,-75.85678002216446
POLITICS,POLITICS__FED_MEDSL_PRESIDENT_RETURNS,STATE_ABBR,CO,126,39.36411232749662,-106.36746017405174
POLITICS,POLITICS__FED_MEDSL_PRESIDENT_RETURNS,STATE_ABBR,NY,121,42.37082239555427,-74.24838795558617
POLITICS,POLITICS__FED_MEDSL_PRESIDENT_RETURNS,STATE_ABBR,MN,118,45.30725251332769,-94.78946159405557
POLITICS,POLITICS__FED_MEDSL_PRESIDENT_RETURNS,STATE_ABBR,IA,112,41.59981736616752,-93.2967936692299
POLITICS,POLITICS__FED_MEDSL_PRESIDENT_RETURNS,STATE_ABBR,UT,100,39.89889562589798,-112.21846167194539
POLITICS,POLITICS__FED_MEDSL_SENATE_RETURNS,STATE_ABBR,NY,161,42.37112780440806,-74.53759284787233
POLITICS,POLITICS__FED_MEDSL_SENATE_RETURNS,STATE_ABBR,TN,144,36.11605556605309,-86.12831418190747
POLITICS,POLITICS__FED_MEDSL_SENATE_RETURNS,STATE_ABBR,NJ,129,41.21718579105117,-75.43578232093631
POLITICS,POLITICS__FED_MEDSL_SENATE_RETURNS,STATE_ABBR,MN,120,46.14660789509276,-94.06857689760695
POLITICS,POLITICS__FED_MEDSL_SENATE_RETURNS,STATE_ABBR,VT,119,43.531580645796936,-74.04012296404913
POLITICS,POLITICS__FED_VOTEVIEW_MEMBERS,STATE_ABBREV,NY,4384,42.39103675816352,-75.9349978063096
POLITICS,POLITICS__FED_VOTEVIEW_MEMBERS,STATE_ABBREV,PA,3444,41.3136949213201,-76.49931327669415
POLITICS,POLITICS__FED_VOTEVIEW_MEMBERS,STATE_ABBREV,OH,2430,40.13781992652887,-83.13477471776132
POLITICS,POLITICS__FED_VOTEVIEW_MEMBERS,STATE_ABBREV,CA,2400,37.255120692755895,-118.64422761035343
POLITICS,POLITICS__FED_VOTEVIEW_MEMBERS,STATE_ABBREV,IL,2199,40.58305854851916,-90.33479049552697
POLITICS,POLITICS__IRS527_8871_ORGS,MAILING_STATE,CA,13784,37.8339233764792,-119.74444494162893
POLITICS,POLITICS__IRS527_8871_ORGS,MAILING_STATE,FL,8558,27.68525802786589,-83.1518939590632
POLITICS,POLITICS__IRS527_8871_ORGS,MAILING_STATE,TX,4177,30.416590408544717,-99.88158578901384
POLITICS,POLITICS__IRS527_8871_ORGS,MAILING_STATE,NY,3348,42.46909244996016,-75.04567296863209
POLITICS,POLITICS__IRS527_8871_ORGS,MAILING_STATE,PA,2436,40.1607433563801,-77.38669503094559
POLITICS,POLITICS__IRS527_8872_REPORTS,BUSINESS_STATE,DC,10384,39.10974050180821,-75.79424603612853
POLITICS,POLITICS__IRS527_8872_REPORTS,BUSINESS_STATE,CA,4744,37.445434897470655,-120.13769601122578
POLITICS,POLITICS__IRS527_8872_REPORTS,BUSINESS_STATE,FL,3780,28.700277757475202,-82.07240342012149
POLITICS,POLITICS__IRS527_8872_REPORTS,BUSINESS_STATE,NY,2590,41.76964342305555,-75.74181034293167
POLITICS,POLITICS__IRS527_8872_REPORTS,BUSINESS_STATE,MI,2357,44.66359759891786,-86.76253087795196
POLITICS,POLITICS__IRS527_DIRECTORS_OFFICERS,ENTITY_STATE,CA,46579,36.315953828204925,-120.83079023280555
POLITICS,POLITICS__IRS527_DIRECTORS_OFFICERS,ENTITY_STATE,FL,19368,29.347462791053804,-83.63948351741412
POLITICS,POLITICS__IRS527_DIRECTORS_OFFICERS,ENTITY_STATE,TX,11931,30.967692150234765,-98.07925318099127
POLITICS,POLITICS__IRS527_DIRECTORS_OFFICERS,ENTITY_STATE,PA,8216,41.86852920754154,-77.48255483988677
POLITICS,POLITICS__IRS527_DIRECTORS_OFFICERS,ENTITY_STATE,DC,6558,38.880029500975525,-77.78809372822312
POLITICS,POLITICS__IRS527_EAIN,STATE_ISSUED,CA,6849,37.449717833594235,-120.97597358871654
POLITICS,POLITICS__IRS527_EAIN,STATE_ISSUED,FL,1666,29.53803335034791,-81.96100674341857
POLITICS,POLITICS__IRS527_EAIN,STATE_ISSUED,TX,843,31.76764579641354,-98.01530161305917
POLITICS,POLITICS__IRS527_EAIN,STATE_ISSUED,NY,713,43.12737676563513,-74.83037590744084
POLITICS,POLITICS__IRS527_RELATED_ENTITIES,ENTITY_STATE,OH,40688,39.853197222403566,-82.47173566275468
POLITICS,POLITICS__IRS527_RELATED_ENTITIES,ENTITY_STATE,CA,6058,37.563086276951346,-118.78482937766388
POLITICS,POLITICS__IRS527_RELATED_ENTITIES,ENTITY_STATE,FL,3484,29.73531567513379,-83.11694929169683
POLITICS,POLITICS__IRS527_RELATED_ENTITIES,ENTITY_STATE,DC,1928,37.8746580288208,-76.49911008783616
POLITICS,POLITICS__IRS527_RELATED_ENTITIES,ENTITY_STATE,TX,1239,32.12846748405841,-100.6928161962922
POLITICS,POLITICS__MEMBER_BILL_RECORD,STATE,CA,111,36.77395808333353,-119.19199995264549
POLITICS,POLITICS__MEMBER_BILL_RECORD,STATE,TX,82,32.569612779566235,-100.06248189518718
POLITICS,POLITICS__MEMBER_BILL_RECORD,STATE,FL,61,28.022088314009775,-83.09335710930885
POLITICS,POLITICS__MEMBER_BILL_RECORD,STATE,NY,58,42.362733515474496,-75.21129495468035
POLITICS,POLITICS__MEMBER_BILL_RECORD,STATE,PA,38,41.710044817001446,-77.9168828230784
POLITICS,POLITICS__MEMBER_CROSSWALK,LAST_STATE,NY,1511,42.48874272840882,-75.84501982757263
POLITICS,POLITICS__MEMBER_CROSSWALK,LAST_STATE,PA,1079,40.6629419182972,-78.78114471832463
POLITICS,POLITICS__MEMBER_CROSSWALK,LAST_STATE,OH,702,39.67152751844337,-83.3426076141091
POLITICS,POLITICS__MEMBER_CROSSWALK,LAST_STATE,IL,512,40.692156704372444,-89.87039073437552
POLITICS,POLITICS__MEMBER_CROSSWALK,LAST_STATE,VA,452,38.69145994810665,-79.95136032718564
POLITICS,POLITICS__MEMBER_FEC_ID,STATE,CA,144,36.07952556881867,-120.57490477154937
POLITICS,POLITICS__MEMBER_FEC_ID,STATE,FL,108,29.277339632993808,-83.48018273351856
POLITICS,POLITICS__MEMBER_FEC_ID,STATE,TX,100,30.839937436474415,-98.31705191914625
POLITICS,POLITICS__MEMBER_FEC_ID,STATE,NY,99,42.23344883743127,-74.97512599750843
POLITICS,POLITICS__MEMBER_FEC_ID,STATE,PA,71,40.439023018991925,-76.64956582782649
POLITICS,POLITICS__MEMBER_INDIV_DONATIONS,STATE,CA,105,36.97772403796848,-118.78768652320547
POLITICS,POLITICS__MEMBER_INDIV_DONATIONS,STATE,TX,75,31.610252374351223,-100.3242169994149
POLITICS,POLITICS__MEMBER_INDIV_DONATIONS,STATE,FL,57,28.27605580355449,-82.52278498099038
POLITICS,POLITICS__MEMBER_INDIV_DONATIONS,STATE,NY,54,43.02547588354785,-74.13784213251529
POLITICS,POLITICS__MEMBER_INDIV_DONATIONS,STATE,IL,38,38.85185559565458,-90.37843476161663
POLITICS,POLITICS__MEMBER_MONEY_RAISED,STATE,CA,104,37.27922518171801,-120.47033613685734
POLITICS,POLITICS__MEMBER_MONEY_RAISED,STATE,TX,75,30.898032412769584,-99.53874886704224
POLITICS,POLITICS__MEMBER_MONEY_RAISED,STATE,FL,55,27.747457731959432,-81.49962440301555
POLITICS,POLITICS__MEMBER_MONEY_RAISED,STATE,NY,54,43.651684994944574,-74.1634491968682
POLITICS,POLITICS__MEMBER_MONEY_RAISED,STATE,PA,38,41.60801907902925,-77.00803862289202
POLITICS,POLITICS__MEMBER_SPINE,STATE,NY,1511,41.9548065873229,-75.04002515678575
POLITICS,POLITICS__MEMBER_SPINE,STATE,PA,1079,40.53517897803533,-77.95026512851203
POLITICS,POLITICS__MEMBER_SPINE,STATE,OH,702,41.00292592726167,-83.11756900264105
POLITICS,POLITICS__MEMBER_SPINE,STATE,IL,512,40.31352304166762,-89.91769929230519
POLITICS,POLITICS__MEMBER_SPINE,STATE,VA,452,36.31687478348799,-79.91116794267089
POLITICS,POLITICS__MEMBER_VOTING_RECORD,STATE,CA,111,36.47993097093778,-120.06488460468906
POLITICS,POLITICS__MEMBER_VOTING_RECORD,STATE,TX,82,30.66727817639535,-99.0314150083329
POLITICS,POLITICS__MEMBER_VOTING_RECORD,STATE,FL,62,28.5107267782982,-81.87536704926377
POLITICS,POLITICS__MEMBER_VOTING_RECORD,STATE,NY,58,42.28666861172226,-75.89994185190909
POLITICS,POLITICS__MEMBER_VOTING_RECORD,STATE,PA,38,40.651457358869514,-76.46678668143637
POLITICS,POLITICS__ST_NYC_CFB_CAMPAIGN_2001_CONTRIBUTION,EMPLOYER_STATE,NY,110171,42.65096778621779,-76.42439293282598
POLITICS,POLITICS__ST_NYC_CFB_CAMPAIGN_2001_CONTRIBUTION,EMPLOYER_STATE,NJ,2331,40.714362964687375,-74.40819174217978
POLITICS,POLITICS__ST_NYC_CFB_CAMPAIGN_2001_CONTRIBUTION,EMPLOYER_STATE,CT,433,40.71353759946695,-71.69726711454913
POLITICS,POLITICS__ST_NYC_CFB_CAMPAIGN_2001_CONTRIBUTION,EMPLOYER_STATE,DC,369,38.20614154585664,-76.60492280925735
POLITICS,POLITICS__ST_NYC_CFB_CAMPAIGN_2001_CONTRIBUTION,EMPLOYER_STATE,CA,345,36.166243832231245,-119.79047814910999
POLITICS,POLITICS__ST_NYC_CFB_CAMPAIGN_2009_CONTRIBUTION,EMPLOYER_STATE,NY,87214,42.15686373613586,-75.97196094117345
POLITICS,POLITICS__ST_NYC_CFB_CAMPAIGN_2009_CONTRIBUTION,EMPLOYER_STATE,NJ,2101,39.522184573001525,-76.03894531353038
POLITICS,POLITICS__ST_NYC_CFB_CAMPAIGN_2009_CONTRIBUTION,EMPLOYER_STATE,CA,672,37.37868042523526,-118.7909007261723
POLITICS,POLITICS__ST_NYC_CFB_CAMPAIGN_2009_CONTRIBUTION,EMPLOYER_STATE,DC,416,40.01851620681295,-77.32985459157365
POLITICS,POLITICS__ST_NYC_CFB_CAMPAIGN_2009_CONTRIBUTION,EMPLOYER_STATE,CT,363,40.50388172833947,-72.22849524610203
POLITICS,POLITICS__ST_NYC_CFB_CAMPAIGN_2013_CONTRIBUTION,EMPLOYER_STATE,NY,119550,43.5169549566297,-74.33892331060608
POLITICS,POLITICS__ST_NYC_CFB_CAMPAIGN_2013_CONTRIBUTION,EMPLOYER_STATE,NJ,3548,40.91779457937938,-74.43967209336058
POLITICS,POLITICS__ST_NYC_CFB_CAMPAIGN_2013_CONTRIBUTION,EMPLOYER_STATE,CA,1372,36.438284247989984,-120.49901799958954
POLITICS,POLITICS__ST_NYC_CFB_CAMPAIGN_2013_CONTRIBUTION,EMPLOYER_STATE,DC,1051,39.30994086721434,-78.15168978969773
POLITICS,POLITICS__ST_NYC_CFB_CAMPAIGN_2013_CONTRIBUTION,EMPLOYER_STATE,CT,676,40.81502903729746,-73.77084226188815
POLITICS,POLITICS__ST_NYC_CFB_CAMPAIGN_2021_CONTRIBUTIONS,EMPLOYER_STATE,NY,275301,43.966108872820186,-75.4399106766427
POLITICS,POLITICS__ST_NYC_CFB_CAMPAIGN_2021_CONTRIBUTIONS,EMPLOYER_STATE,CA,12431,36.76823075951581,-119.22269872091316
POLITICS,POLITICS__ST_NYC_CFB_CAMPAIGN_2021_CONTRIBUTIONS,EMPLOYER_STATE,NJ,7591,39.95825458578024,-74.97084794538735
POLITICS,POLITICS__ST_NYC_CFB_CAMPAIGN_2021_CONTRIBUTIONS,EMPLOYER_STATE,MA,3351,42.883403636579985,-71.54496439254065
POLITICS,POLITICS__ST_NYC_CFB_CAMPAIGN_2021_CONTRIBUTIONS,EMPLOYER_STATE,DC,3144,39.128383347128285,-75.79436476559329
POLITICS,POLITICS__ST_NYC_CFB_CAMPAIGN_2025_CONTRIBUTIONS,EMPLOYER_STATE,NY,157568,42.26011534930982,-76.17234827653841
POLITICS,POLITICS__ST_NYC_CFB_CAMPAIGN_2025_CONTRIBUTIONS,EMPLOYER_STATE,CA,5645,36.94141422627522,-120.31305521550314
POLITICS,POLITICS__ST_NYC_CFB_CAMPAIGN_2025_CONTRIBUTIONS,EMPLOYER_STATE,NJ,4143,39.71775585963379,-74.25903773145514
POLITICS,POLITICS__ST_NYC_CFB_CAMPAIGN_2025_CONTRIBUTIONS,EMPLOYER_STATE,MA,1897,41.99658812435319,-70.67175428483588
POLITICS,POLITICS__ST_NYC_CFB_CAMPAIGN_2025_CONTRIBUTIONS,EMPLOYER_STATE,FL,1644,28.01862914141713,-83.42129044402537
POLITICS,POLITICS__WHO_WON,STATE,CA,1122,38.38993358066144,-119.59263859715124
POLITICS,POLITICS__WHO_WON,STATE,NY,724,43.79557020420052,-75.22042176445984
POLITICS,POLITICS__WHO_WON,STATE,TX,675,32.61542193533802,-100.31694535675527
POLITICS,POLITICS__WHO_WON,STATE,FL,516,27.578985247334593,-82.28778746302635
POLITICS,POLITICS__WHO_WON,STATE,PA,490,40.75723256599947,-77.69307602405937
PROCUREMENT,PROCUREMENT__FED_SAM_EXCLUSIONS,STATE,CA,15217,38.12297139847866,-119.3002652475604
PROCUREMENT,PROCUREMENT__FED_SAM_EXCLUSIONS,STATE,FL,13453,27.670386023812057,-83.41026696222806
PROCUREMENT,PROCUREMENT__FED_SAM_EXCLUSIONS,STATE,TX,10519,31.790564034876432,-99.57287824232981
PROCUREMENT,PROCUREMENT__FED_SAM_EXCLUSIONS,STATE,NY,7380,43.00151643467339,-76.32453731539137
PROCUREMENT,PROCUREMENT__FED_SAM_EXCLUSIONS,STATE,PA,4983,42.009867190173665,-77.91045244688759
PROCUREMENT,PROCUREMENT__FED_USASPENDING_BULK,PRIMARY_PLACE_OF_PERFORMANCE_STATE_CODE,NY,5592,42.65971011593267,-75.79048751798298
PROCUREMENT,PROCUREMENT__FED_USASPENDING_BULK,PRIMARY_PLACE_OF_PERFORMANCE_STATE_CODE,VA,5516,36.35307482714341,-77.58573992940566
PROCUREMENT,PROCUREMENT__FED_USASPENDING_BULK,PRIMARY_PLACE_OF_PERFORMANCE_STATE_CODE,IL,5414,39.652466260712,-88.47131080362728
PROCUREMENT,PROCUREMENT__FED_USASPENDING_BULK,PRIMARY_PLACE_OF_PERFORMANCE_STATE_CODE,MO,3009,38.68735662695543,-92.5533220917202
PROCUREMENT,PROCUREMENT__FED_USASPENDING_BULK,PRIMARY_PLACE_OF_PERFORMANCE_STATE_CODE,CA,2380,38.21239218630098,-120.11633956564724
REFERENCE,REF__DIM_GEOGRAPHY,STATE_ABBR,TX,668,31.33168616398411,-100.3690803765791
REFERENCE,REF__DIM_GEOGRAPHY,STATE_ABBR,GA,309,32.80195963168193,-82.57342757429761
REFERENCE,REF__DIM_GEOGRAPHY,STATE_ABBR,VA,271,38.113066112917245,-78.38451828353911
REFERENCE,REF__DIM_GEOGRAPHY,STATE_ABBR,KY,250,37.287489345479386,-85.67771811303791
REFERENCE,REF__DIM_GEOGRAPHY,STATE_ABBR,MO,240,39.22719026012848,-91.15131379525417
SCIENCE,SCIENCE__FED_NSF_AWARDS,STATE,CA,17,36.680378510097796,-120.34876800616816
SCIENCE,SCIENCE__FED_NSF_AWARDS,STATE,NY,10,41.952659355797834,-75.64772054311102
SCIENCE,SCIENCE__FED_NSF_AWARDS,STATE,MO,7,38.69548528502117,-92.27972103032658
SCIENCE,SCIENCE__FED_NSF_AWARDS,STATE,NC,5,35.30096636767224,-80.48521782545113
SCIENCE,SCIENCE__FED_NSF_AWARDS,STATE,TX,5,31.362100128757948,-98.0712636776781
TRANSPORT,TRANSPORT__FED_FAA_AIRCRAFT_REGISTRY,STATE,TX,29628,32.49058762790077,-98.46560472024906
TRANSPORT,TRANSPORT__FED_FAA_AIRCRAFT_REGISTRY,STATE,CA,26976,37.87773283525093,-118.48412083068774
TRANSPORT,TRANSPORT__FED_FAA_AIRCRAFT_REGISTRY,STATE,FL,21603,29.192608993179352,-82.57066427588602
TRANSPORT,TRANSPORT__FED_FAA_AIRCRAFT_REGISTRY,STATE,DE,10941,38.91029128203653,-74.32529900482496
TRANSPORT,TRANSPORT__FED_FAA_AIRCRAFT_REGISTRY,STATE,WA,10360,48.34444436903538,-121.84317995064023
TRANSPORT,TRANSPORT__FED_FRA_EQUIPMENT_ACCIDENTS,STATE_ABBREVIATION,TX,21954,31.302426502482852,-99.63044625066087
TRANSPORT,TRANSPORT__FED_FRA_EQUIPMENT_ACCIDENTS,STATE_ABBREVIATION,IL,21706,40.945395407915555,-90.48290496804151
TRANSPORT,TRANSPORT__FED_FRA_EQUIPMENT_ACCIDENTS,STATE_ABBREVIATION,CA,11495,36.597549333791754,-118.77946207734738
TRANSPORT,TRANSPORT__FED_FRA_EQUIPMENT_ACCIDENTS,STATE_ABBREVIATION,PA,9787,40.55575934596651,-77.17659411420074
TRANSPORT,TRANSPORT__FED_FRA_EQUIPMENT_ACCIDENTS,STATE_ABBREVIATION,OH,9043,40.6644033132076,-83.51331841006632
TRANSPORT,TRANSPORT__FED_NTSB_AVIATION_AIRCRAFT,DEST_STATE,CA,1891,37.19756336409442,-120.67234502462242
TRANSPORT,TRANSPORT__FED_NTSB_AVIATION_AIRCRAFT,DEST_STATE,TX,1733,30.863985847391056,-98.08341758551632
TRANSPORT,TRANSPORT__FED_NTSB_AVIATION_AIRCRAFT,DEST_STATE,FL,1577,29.586398361670412,-81.72728312350002
TRANSPORT,TRANSPORT__FED_NTSB_AVIATION_AIRCRAFT,DEST_STATE,AK,1330,64.80266004770566,-148.4770663710407
TRANSPORT,TRANSPORT__FED_NTSB_AVIATION_EVENTS,EV_STATE,CA,2306,37.32273067607299,-118.31936336456187
TRANSPORT,TRANSPORT__FED_NTSB_AVIATION_EVENTS,EV_STATE,TX,2102,31.94654544604561,-98.59764950754018
TRANSPORT,TRANSPORT__FED_NTSB_AVIATION_EVENTS,EV_STATE,FL,1885,29.511952958526788,-81.61233983299792
TRANSPORT,TRANSPORT__FED_NTSB_AVIATION_EVENTS,EV_STATE,AK,1654,63.22259098185133,-150.75545289738724
