staging_model,source_name,raw_table,raw_exists,raw_row_count,raw_bytes
stg_ca_lobby__amendments,ripple_raw,CA_LOBBY_AMENDMENTS,yes,25249,1454592
stg_ca_lobby__chg_log,ripple_raw,CA_LOBBY_CHG_LOG,yes,85765,4879360
stg_ca_lobby__contributions,ripple_raw,CA_LOBBY_CONTRIBUTIONS,yes,6505,140800
stg_ca_lobby__cover2,ripple_raw,CA_LOBBY_COVER2,yes,206493,2412544
stg_ca_lobby__emp_lobbyist,ripple_raw,CA_LOBBY_EMP_LOBBYIST,yes,1500,40448
stg_ca_lobby__employer,ripple_raw,CA_LOBBY_EMPLOYER,yes,1730,103424
stg_ca_lobby__employer_firms,ripple_raw,CA_LOBBY_EMPLOYER_FIRMS,yes,524,11776
stg_ca_lobby__firm,ripple_raw,CA_LOBBY_FIRM,yes,256,18944
stg_ca_lobby__firm_employer,ripple_raw,CA_LOBBY_FIRM_EMPLOYER,yes,170,14848
stg_ca_lobby__firm_lobbyist,ripple_raw,CA_LOBBY_FIRM_LOBBYIST,yes,577,22528
stg_ca_lobby_cover__filings,ripple_raw,CA_LOBBY_COVER,yes,568988,37172736
stg_fed_bia_tribal_geo__bia_geospatial_features,ripple_raw,FED_BIA_TRIBAL_GEO,yes,100,11264
stg_fed_bjs_data__bjs_data_collections,ripple_raw,FED_BJS_DATA,yes,1000,46592
stg_fed_bls_qcew__records,ripple_raw,FED_BLS_QCEW,yes,3619437,135891456
stg_fed_bop_statistics__records,ripple_raw,FED_BOP_STATISTICS,yes,50,3584
stg_fed_cbp_encounters__records,ripple_raw,FED_CBP_ENCOUNTERS,yes,9,2560
stg_fed_cdc_anxiety_depression__records,ripple_raw,FED_CDC_ANXIETY_DEPRESSION,yes,16794,512512
stg_fed_cdc_data_portal__records,ripple_raw,FED_CDC_DATA_PORTAL_FULL,yes,1471,1773056
stg_fed_cdc_drug_poisoning_county__rates,ripple_raw,FED_CDC_DRUG_POISONING_COUNTY,yes,53387,1548288
stg_fed_cdc_health_insurance__records,ripple_raw,FED_CDC_HEALTH_INSURANCE,yes,16056,501760
stg_fed_cdc_injury_violence_county__rates,ripple_raw,FED_CDC_INJURY_VIOLENCE_COUNTY,yes,132000,3540992
stg_fed_cdc_leading_causes_state__all,ripple_raw,FED_CDC_LEADING_CAUSES_STATE,yes,10868,180736
stg_fed_cdc_overdose__records,ripple_raw,FED_CDC_OVERDOSE,yes,83790,1778688
stg_fed_cdc_suicide_rates__records,ripple_raw,FED_CDC_SUICIDE_RATES,yes,6390,111104
stg_fed_cdc_wonder__records,ripple_raw,FED_CDC_WONDER,yes,880,18944
stg_fed_cfpb_complaints__complaints,ripple_raw,FED_CFPB_COMPLAINTS,yes,17179788,1298101248
stg_fed_cfpb_hmda__loans,ripple_raw,FED_CFPB_HMDA,yes,28301,2366464
stg_fed_cfpb_hmda_arid2017_lei_xref__xref,ripple_raw,FED_CFPB_HMDA_ARID2017_LEI_XREF,yes,5399,342528
stg_fed_cfpb_hmda_historic__lar_records,ripple_raw,FED_CFPB_HMDA_HISTORIC,yes,19136434,1012290048
stg_fed_cfpb_hmda_lar__lar_records,ripple_raw,FED_CFPB_HMDA_LAR,yes,17474,1346560
stg_fed_cisa_kev__records,ripple_raw,FED_CISA_KEV,yes,1631,245760
stg_fed_clinicaltrials__clinical_trials,ripple_raw,FED_CLINICALTRIALS,yes,500,1310720
stg_fed_cms_dialysis__facilities,ripple_raw,FED_CMS_DIALYSIS,yes,7557,1848320
stg_fed_cms_facility_affiliation__providers,ripple_raw,FED_CMS_FACILITY_AFFILIATION,yes,2260193,28841984
stg_fed_cms_hcris__hospital_cost_report,ripple_raw,FED_CMS_HCRIS,yes,6103,2900992
stg_fed_cms_home_health__facilities,ripple_raw,FED_CMS_HOME_HEALTH,yes,12392,3089408
stg_fed_cms_hospice__facilities,ripple_raw,FED_CMS_HOSPICE,yes,6852,409600
stg_fed_cms_hospital_compare__facilities,ripple_raw,FED_CMS_HOSPITAL_COMPARE,yes,5432,468992
stg_fed_cms_hospital_general__facilities,ripple_raw,FED_CMS_HOSPITAL_GENERAL,yes,5432,468992
stg_fed_cms_hpt_mrf__providers,ripple_raw,FED_CMS_HPT_MRF,yes,1,3072
stg_fed_cms_irf__facilities,ripple_raw,FED_CMS_IRF,yes,1222,84480
stg_fed_cms_ltch__facilities,ripple_raw,FED_CMS_LTCH,yes,311,26112
stg_fed_cms_main__records,ripple_raw,FED_CMS_MAIN,yes,158,299008
stg_fed_cms_medicare_provider__providers,ripple_raw,FED_CMS_MEDICARE_PROVIDER,yes,1296739,141097984
stg_fed_cms_nadac__records,ripple_raw,FED_CMS_NADAC,yes,1497925,11106304
stg_fed_cms_nppes__npi_providers,ripple_raw,FED_CMS_NPPES,yes,9606683,1332882432
stg_fed_cms_nursing_home__nursing_home_facilities,ripple_raw,FED_CMS_NURSING_HOME,yes,14700,3931648
stg_fed_cms_open_payments_gnrl__records,ripple_raw,FED_CMS_OPEN_PAYMENTS_GNRL,yes,15397627,1029318144
stg_fed_cms_open_payments_profile_supplement__recipient_profiles,ripple_raw,FED_CMS_OPEN_PAYMENTS_PROFILE_SUPPLEMENT,yes,1697025,71257600
stg_fed_cms_part_d_prescribers__providers,ripple_raw,FED_CMS_PART_D_PRESCRIBERS,yes,1416883,170281472
stg_fed_cms_partd_prescriber_drug__records,ripple_raw,FED_CMS_PARTD_PRESCRIBER_DRUG,yes,25869521,632393728
stg_fed_cms_pos_other__facilities,ripple_raw,FED_CMS_POS_OTHER,yes,44429,5041152
stg_fed_college_scorecard_institution__records,ripple_raw,FED_COLLEGE_SCORECARD_INSTITUTION,MISSING_IN_RAW,,
stg_fed_congress_committee_membership__people,ripple_raw,FED_CONGRESS_COMMITTEE_MEMBERSHIP,yes,3879,86016
stg_fed_consolidated_screening_list__entries,ripple_raw,FED_CONSOLIDATED_SCREENING_LIST,yes,25918,3964928
stg_fed_david_rumsey__records,ripple_raw,FED_DAVID_RUMSEY,yes,10,2048
stg_fed_densho_ddr__records,ripple_raw,FED_DENSHO_DDR,yes,25,3584
stg_fed_dhs_hifld__facilities,ripple_raw,FED_DHS_HIFLD,yes,500,9728
stg_fed_dhs_ohss__records,ripple_raw,FED_DHS_OHSS,yes,50740,9109504
stg_fed_dhs_yearbook__places,ripple_raw,FED_DHS_YEARBOOK,yes,27,2560
stg_fed_docsouth__records,ripple_raw,FED_DOCSOUTH,yes,144,14336
stg_fed_doj_crt_cases__crt_cases,ripple_raw,FED_DOJ_CRT_CASES,yes,1,2048
stg_fed_doj_epstein_library__records,ripple_raw,FED_DOJ_EPSTEIN_LIBRARY,yes,777,28160
stg_fed_doj_fca_settlements__fca_settlements,ripple_raw,FED_DOJ_FCA_SETTLEMENTS,yes,19,3584
stg_fed_dol_ebsa_form5500_schedule_sb__filings,ripple_raw,FED_DOL_EBSA_FORM5500_SCHEDULE_SB,yes,41802,5329920
stg_fed_dol_form5500__records,ripple_raw,FED_DOL_FORM5500,yes,33484,4220928
stg_fed_dol_oflc__records,ripple_raw,FED_DOL_OFLC,yes,664616,109474304
stg_fed_dol_olms__filings,ripple_raw,FED_DOL_OLMS,yes,617710,71259648
stg_fed_dol_osha_inspection__all,ripple_raw,FED_DOL_OSHA_INSPECTION,MISSING_IN_RAW,,
stg_fed_dot_bts__records,ripple_raw,FED_DOT_BTS,yes,21,6144
stg_fed_eac_eavs__records,ripple_raw,FED_EAC_EAVS,yes,6460,2206208
stg_fed_ed_college_scorecard_institution__institutions,ripple_raw,FED_ED_COLLEGE_SCORECARD_INSTITUTION,yes,6273,27774464
stg_fed_ed_edfacts__records,ripple_raw,FED_ED_EDFACTS,yes,33,4096
stg_fed_ed_fsa_datacenter__records,ripple_raw,FED_ED_FSA_DATACENTER,yes,1,1536
stg_fed_ed_nces_cip_codes__cip_codes,ripple_raw,FED_ED_NCES_CIP_CODES,yes,2318,310784
stg_fed_eia860_1_utility__all,ripple_raw,FED_EIA860_1_UTILITY,yes,6643,250880
stg_fed_eia860_2_plant__all,ripple_raw,FED_EIA860_2_PLANT,yes,16132,1571840
stg_fed_eia860_3_1_generator__all,ripple_raw,FED_EIA860_3_1_GENERATOR,yes,26856,1548800
stg_fed_eia860_3_2_wind__all,ripple_raw,FED_EIA860_3_2_WIND,yes,1563,95744
stg_fed_eia860_3_3_solar__all,ripple_raw,FED_EIA860_3_3_SOLAR,yes,7154,380928
stg_fed_eia860_3_4_energy_storage__all,ripple_raw,FED_EIA860_3_4_ENERGY_STORAGE,yes,786,61952
stg_fed_eia860_3_5_multifuel__all,ripple_raw,FED_EIA860_3_5_MULTIFUEL,yes,2893,145408
stg_fed_eia860_4_owner__all,ripple_raw,FED_EIA860_4_OWNER,yes,5496,228864
stg_fed_eia860_6_1_enviroassoc__all,ripple_raw,FED_EIA860_6_1_ENVIROASSOC,yes,7021,132096
stg_fed_eia860_6_2_enviroequip__all,ripple_raw,FED_EIA860_6_2_ENVIROEQUIP,yes,4429,219136
stg_fed_eia861_advanced_meters__meter_counts,ripple_raw,FED_EIA861_ADVANCED_METERS,yes,2725,258048
stg_fed_eia861_balancing_authority__all,ripple_raw,FED_EIA861_BALANCING_AUTHORITY,yes,188,4608
stg_fed_eia861_delivery_companies__sales,ripple_raw,FED_EIA861_DELIVERY_COMPANIES,yes,9,4608
stg_fed_eia861_demand_response__programs,ripple_raw,FED_EIA861_DEMAND_RESPONSE,yes,340,39424
stg_fed_eia861_distribution_systems__circuits,ripple_raw,FED_EIA861_DISTRIBUTION_SYSTEMS,yes,1353,31744
stg_fed_eia861_dynamic_pricing__enrollment,ripple_raw,FED_EIA861_DYNAMIC_PRICING,yes,858,33792
stg_fed_eia861_energy_efficiency__programs,ripple_raw,FED_EIA861_ENERGY_EFFICIENCY,yes,460,94208
stg_fed_eia861_frame__respondents,ripple_raw,FED_EIA861_FRAME,yes,3412,77312
stg_fed_eia861_mergers__mergers,ripple_raw,FED_EIA861_MERGERS,yes,4,2560
stg_fed_eia861_net_metering__capacity,ripple_raw,FED_EIA861_NET_METERING,yes,1006,190976
stg_fed_eia861_non_net_metering_distributed__capacity,ripple_raw,FED_EIA861_NON_NET_METERING_DISTRIBUTED,yes,507,62976
stg_fed_eia861_operational_data__operations,ripple_raw,FED_EIA861_OPERATIONAL_DATA,yes,1712,173568
stg_fed_eia861_reliability__reliability_metrics,ripple_raw,FED_EIA861_RELIABILITY,yes,973,92160
stg_fed_eia861_sales_ult_cust__sales,ripple_raw,FED_EIA861_SALES_ULT_CUST,yes,2817,211456
stg_fed_eia861_sales_ult_cust_cs__facility_sales,ripple_raw,FED_EIA861_SALES_ULT_CUST_CS,yes,676,45056
stg_fed_eia861_service_territory__counties,ripple_raw,FED_EIA861_SERVICE_TERRITORY,yes,11775,155648
stg_fed_eia861_short_form__responses,ripple_raw,FED_EIA861_SHORT_FORM,yes,1724,63488
stg_fed_eia861_utility_data__utility_profile,ripple_raw,FED_EIA861_UTILITY_DATA,yes,1701,52736
stg_fed_eia_861_balancing_authority__all,ripple_raw,FED_EIA_861_BALANCING_AUTHORITY,yes,189,5120
stg_fed_eoir_case_data__records,ripple_raw,FED_EOIR_CASE_DATA,yes,12631225,458483712
stg_fed_epa_aqs_sites__sites,ripple_raw,FED_EPA_AQS_SITES,yes,20994,1478144
stg_fed_epa_echo__records,ripple_raw,FED_EPA_ECHO,yes,3157891,429934592
stg_fed_epa_envirofacts__facility_sample,ripple_raw,FED_EPA_ENVIROFACTS,yes,5000,121856
stg_fed_epa_frs_frs_facilities__facilities,ripple_raw,FED_EPA_FRS_FRS_FACILITIES,yes,3277557,128762880
stg_fed_epa_frs_full__all,ripple_raw,FED_EPA_FRS_FULL,yes,5300149,342178304
stg_fed_epa_ghgrp_emission__emissions,ripple_raw,FED_EPA_GHGRP_EMISSION,yes,346683,1989120
stg_fed_epa_ghgrp_facility__facilities,ripple_raw,FED_EPA_GHGRP_FACILITY,yes,136005,3099136
stg_fed_epa_rcra_enforcements__enforcements,ripple_raw,FED_EPA_RCRA_ENFORCEMENTS,yes,383519,4120064
stg_fed_epa_rcra_evaluations__evaluations,ripple_raw,FED_EPA_RCRA_EVALUATIONS,yes,1166410,9228288
stg_fed_epa_rcra_facilities__facilities,ripple_raw,FED_EPA_RCRA_FACILITIES,yes,1613224,66983424
stg_fed_epa_rcra_rcra_naics__naics_codes,ripple_raw,FED_EPA_RCRA_RCRA_NAICS,yes,434734,2455040
stg_fed_epa_rcra_violations__violations,ripple_raw,FED_EPA_RCRA_VIOLATIONS,yes,708114,8390144
stg_fed_epa_rcra_viosnc_history__monthly_status,ripple_raw,FED_EPA_RCRA_VIOSNC_HISTORY,yes,2675581,4619264
stg_fed_epa_superfund_site_boundaries__boundaries,ripple_raw,FED_EPA_SUPERFUND_SITE_BOUNDARIES,yes,2114,792576
stg_fed_epa_tri_facility__facilities,ripple_raw,FED_EPA_TRI_FACILITY,yes,64990,8884224
stg_fed_faa_aircraft_registry__aircraft,ripple_raw,FED_FAA_AIRCRAFT_REGISTRY,yes,315447,18398720
stg_fed_faa_data_portal__records,ripple_raw,FED_FAA_DATA_PORTAL,yes,4,2048
stg_fed_faa_registry__records,ripple_raw,FED_FAA_REGISTRY,yes,314417,17018880
stg_fed_fara__records,ripple_raw,FED_FARA,yes,30,5632
stg_fed_fara_bulk__fara_registrations,ripple_raw,FED_FARA_BULK,yes,221900,6968320
stg_fed_fatca_ffi__institutions,ripple_raw,FED_FATCA_FFI,yes,516298,11107328
stg_fed_fbi_cde__state_month,ripple_raw,FED_FBI_CDE,yes,477360,2258944
stg_fed_fbi_nics_checks__records,ripple_raw,FED_FBI_NICS_CHECKS,yes,16445,607232
stg_fed_fcc_licensing__records,ripple_raw,FED_FCC_LICENSING,yes,1689338,84596224
stg_fed_fda_caers__all,ripple_raw,FED_FDA_CAERS,yes,43,6424576
stg_fed_fda_device_510k__all,ripple_raw,FED_FDA_DEVICE_510K,yes,88,153731584
stg_fed_fda_device_classification__device_classifications,ripple_raw,FED_FDA_DEVICE_CLASSIFICATION,yes,1,4559872
stg_fed_fda_device_enforcement__device_enforcement_recalls,ripple_raw,FED_FDA_DEVICE_ENFORCEMENT,yes,20,97443328
stg_fed_fda_device_pma__all,ripple_raw,FED_FDA_DEVICE_PMA,yes,29,30618624
stg_fed_fda_drug_enforcement__drug_enforcement_recalls,ripple_raw,FED_FDA_DRUG_ENFORCEMENT,yes,1,6336512
stg_fed_fda_drug_master_files__dmfs,ripple_raw,FED_FDA_DRUG_MASTER_FILES,yes,41253,1573376
stg_fed_fda_establishment_reg__all,ripple_raw,FED_FDA_ESTABLISHMENT_REG,yes,166,74656768
stg_fed_fda_gudid__all,ripple_raw,FED_FDA_GUDID,yes,2542,1533321728
stg_fed_fda_maude__all,ripple_raw,FED_FDA_MAUDE,yes,1386,1483938816
stg_fed_fda_purple_book__licenses,ripple_raw,FED_FDA_PURPLE_BOOK,yes,2233,118784
stg_fed_fda_unii_gsrs_substances__substances,ripple_raw,FED_FDA_UNII_GSRS_SUBSTANCES,yes,168046,13572096
stg_fed_fdic_bank_data__institutions,ripple_raw,FED_FDIC_BANK_DATA,yes,27836,6981632
stg_fed_fdic_enforcement__enforcement_orders,ripple_raw,FED_FDIC_ENFORCEMENT,yes,14,3584
stg_fed_fdic_failed_banks__failed_banks,ripple_raw,FED_FDIC_FAILED_BANKS,yes,4115,363520
stg_fed_fdic_sod_branch_deposits__branches,ripple_raw,FED_FDIC_SOD_BRANCH_DEPOSITS,yes,2823000,276342784
stg_fed_fec_api__records,ripple_raw,FED_FEC_API,yes,500,23040
stg_fed_fec_bulk__records,ripple_raw,FED_FEC_BULK,yes,20938,1396736
stg_fed_fec_bulk_committees__records,ripple_raw,FED_FEC_BULK_COMMITTEES,yes,20007,1331200
stg_fed_fec_cand_cmte_linkage__records,ripple_raw,FED_FEC_CAND_CMTE_LINKAGE,yes,30536,510464
stg_fed_fec_candidates__records,ripple_raw,FED_FEC_CANDIDATES,yes,33506,1692672
stg_fed_fec_committee_to_candidate__records,ripple_raw,FED_FEC_COMMITTEE_TO_CANDIDATE,yes,866730,23927808
stg_fed_fec_committees__records,ripple_raw,FED_FEC_COMMITTEES,yes,78039,5020160
stg_fed_fec_independent_expenditures__records,ripple_raw,FED_FEC_INDEPENDENT_EXPENDITURES,yes,261033,10161152
stg_fed_fec_indiv_contributions__records,ripple_raw,FED_FEC_INDIV_CONTRIBUTIONS,yes,84172112,2819981824
stg_fed_fec_leadership_pac__all,ripple_raw,FED_FEC_LEADERSHIP_PAC,yes,8619,171520
stg_fed_fec_pac_summary__records,ripple_raw,FED_FEC_PAC_SUMMARY,yes,48395,2824704
stg_fed_federal_register_documents__federal_register_documents,ripple_raw,FED_FEDERAL_REGISTER_DOCUMENTS,yes,94731,42133504
stg_fed_fema_ia_housing_registrations__registrations,ripple_raw,FED_FEMA_IA_HOUSING_REGISTRATIONS,yes,21730000,1746891264
stg_fed_fema_nfip_community_status_book__communities,ripple_raw,FED_FEMA_NFIP_COMMUNITY_STATUS_BOOK_FULL_R2,yes,25125,1084416
stg_fed_ffiec_call_reports__records,ripple_raw,FED_FFIEC_CALL_REPORTS,yes,302,16384
stg_fed_fhfa_fhlb_membership__members,ripple_raw,FED_FHFA_FHLB_MEMBERSHIP,yes,6327,314368
stg_fed_fhfa_hpi__records,ripple_raw,FED_FHFA_HPI,yes,184807,1577472
stg_fed_fhfa_nmdb__records,ripple_raw,FED_FHFA_NMDB,yes,19054246,23705088
stg_fed_fhfa_suspended_counterparty_program__suspended_counterparty,ripple_raw,FED_FHFA_SUSPENDED_COUNTERPARTY_PROGRAM,yes,241,14848
stg_fed_fincen_boi__organizations,ripple_raw,FED_FINCEN_BOI,yes,1,2048
stg_fed_finra_mpid_list__market_participants,ripple_raw,FED_FINRA_MPID_LIST,yes,4215,111616
stg_fed_fjc_idb_appellate__appeal_records,ripple_raw,FED_FJC_IDB_APPELLATE,yes,988183,31481856
stg_fed_fjc_idb_bankruptcy__case_snapshots,ripple_raw,FED_FJC_IDB_BANKRUPTCY,yes,6965441,583996928
stg_fed_fjc_idb_civil__case_records,ripple_raw,FED_FJC_IDB_CIVIL,yes,10857396,323442688
stg_fed_fjc_idb_criminal__defendant_records,ripple_raw,FED_FJC_IDB_CRIMINAL,yes,6299908,453715456
stg_fed_fjc_judges__people,ripple_raw,FED_FJC_JUDGES,yes,4067,1409024
stg_fed_fjc_service__people,ripple_raw,FED_FJC_SERVICE,yes,4766,428032
stg_fed_foreignassistance__records,ripple_raw,FED_FOREIGNASSISTANCE,yes,3967456,5643264
stg_fed_fra_casualties__all,ripple_raw,FED_FRA_CASUALTIES,yes,1150788,78520320
stg_fed_fra_crossing_incidents__all,ripple_raw,FED_FRA_CROSSING_INCIDENTS,yes,251149,29287936
stg_fed_fra_equipment_accidents__all,ripple_raw,FED_FRA_EQUIPMENT_ACCIDENTS,yes,224941,40760832
stg_fed_fra_safety__places,ripple_raw,FED_FRA_SAFETY,yes,1,1536
stg_fed_fracfocus_disclosure_list__disclosures,ripple_raw,FED_FRACFOCUS_DISCLOSURE_LIST,yes,248835,15150592
stg_fed_fracfocus_registry__ingredients,ripple_raw,FED_FRACFOCUS_REGISTRY,yes,7200550,350304768
stg_fed_fracfocus_water_source__water_sources,ripple_raw,FED_FRACFOCUS_WATER_SOURCE,yes,23747,2320896
stg_fed_ftc_datasets__records,ripple_raw,FED_FTC_DATASETS,yes,1200,69120
stg_fed_govinfo_bill_cosponsors__records,ripple_raw,FED_GOVINFO_BILL_COSPONSORS,yes,367742,2389504
stg_fed_govinfo_billstatus__records,ripple_raw,FED_GOVINFO_BILLSTATUS,yes,36465,2688000
stg_fed_grants_gov__records,ripple_raw,FED_GRANTS_GOV,yes,100,9216
stg_fed_hhs_oig_leie__exclusions,ripple_raw,FED_HHS_OIG_LEIE,yes,83464,4819456
stg_fed_hhs_taggs__grant_awards,ripple_raw,FED_HHS_TAGGS,yes,45,2560
stg_fed_hrsa_hpsa_primary_care__designations,ripple_raw,FED_HRSA_HPSA_PRIMARY_CARE,yes,79158,3090432
stg_fed_hrsa_shortage_areas__records,ripple_raw,FED_HRSA_SHORTAGE_AREAS,yes,165531,7729152
stg_fed_hrsa_uds_health_center_info__centers,ripple_raw,FED_HRSA_UDS_HEALTH_CENTER_INFO,yes,1356,141312
stg_fed_hrsa_uds_service_delivery_sites__sites,ripple_raw,FED_HRSA_UDS_SERVICE_DELIVERY_SITES,yes,19038,3701248
stg_fed_hrsa_uds_table3a_patients__by_center,ripple_raw,FED_HRSA_UDS_TABLE3A_PATIENTS,yes,1357,340992
stg_fed_hud_assisted_housing_projects__summaries,ripple_raw,FED_HUD_ASSISTED_HOUSING_PROJECTS,yes,35601,6021120
stg_fed_hud_data__records,ripple_raw,FED_HUD_DATA,yes,77,13312
stg_fed_hud_fha_sf_portfolio_snapshot__loans,ripple_raw,FED_HUD_FHA_SF_PORTFOLIO_SNAPSHOT,yes,61647,1934336
stg_fed_hud_mf_firm_commitments__commitments,ripple_raw,FED_HUD_MF_FIRM_COMMITMENTS,yes,25565,1580032
stg_fed_hud_mf_section8_contracts__contracts,ripple_raw,FED_HUD_MF_SECTION8_CONTRACTS,yes,24309,1984000
stg_fed_hud_public_housing_authorities__authorities,ripple_raw,FED_HUD_PUBLIC_HOUSING_AUTHORITIES,yes,3787,1329152
stg_fed_ice_detainers__all,ripple_raw,FED_ICE_DETAINERS,yes,609769,32890880
stg_fed_ice_detention_facility_codes__facility_codes,ripple_raw,FED_ICE_DETENTION_FACILITY_CODES,yes,1490,115712
stg_fed_ice_detention_facility_list__facility,ripple_raw,FED_ICE_DETENTION_FACILITY_LIST,yes,165,7168
stg_fed_ice_detention_stints__all,ripple_raw,FED_ICE_DETENTION_STINTS,yes,2617844,337355264
stg_fed_ice_statistics__records,ripple_raw,FED_ICE_STATISTICS,yes,221,5120
stg_fed_icij_offshoreleaks__addresses,ripple_raw,FED_ICIJ_OFFSHORELEAKS_ADDRESSES,yes,402246,14764032
stg_fed_icij_offshoreleaks__entities,ripple_raw,FED_ICIJ_OFFSHORELEAKS_ENTITIES,yes,814344,25801216
stg_fed_icij_offshoreleaks__intermediaries,ripple_raw,FED_ICIJ_OFFSHORELEAKS_INTERMEDIARIES,yes,26768,1511936
stg_fed_icij_offshoreleaks__officers,ripple_raw,FED_ICIJ_OFFSHORELEAKS_OFFICERS,yes,771315,11492352
stg_fed_icij_offshoreleaks__others,ripple_raw,FED_ICIJ_OFFSHORELEAKS_OTHERS,yes,2989,108544
stg_fed_icij_offshoreleaks__relationships,ripple_raw,FED_ICIJ_OFFSHORELEAKS_RELATIONSHIPS,yes,3339267,22287872
stg_fed_ihs_facilities__facilities,ripple_raw,FED_IHS_FACILITIES,yes,1010,117760
stg_fed_ihs_scb_facility__facilities,ripple_raw,FED_IHS_SCB_FACILITY,yes,8733,199680
stg_fed_irs_527_orgs__records,ripple_raw,FED_IRS_527_ORGS,yes,77591,11425792
stg_fed_irs_990__organizations,ripple_raw,FED_IRS_990,yes,200,11776
stg_fed_irs_990_efile_index__records,ripple_raw,FED_IRS_990_EFILE_INDEX,yes,5544626,169033728
stg_fed_irs_bmf__organizations,ripple_raw,FED_IRS_BMF,yes,1974830,103877632
stg_fed_irs_eo_bmf__orgs,ripple_raw,FED_IRS_EO_BMF,yes,3949660,204001792
stg_fed_irs_eo_pr__records,ripple_raw,FED_IRS_EO_PR,yes,2587,201728
stg_fed_irs_revocation__organizations,ripple_raw,FED_IRS_REVOCATION,yes,1206628,42182656
stg_fed_irs_soi__records,ripple_raw,FED_IRS_SOI,yes,179796,26713600
stg_fed_itis_comments__comments,ripple_raw,FED_ITIS_COMMENTS,yes,70524,3730944
stg_fed_itis_experts__experts,ripple_raw,FED_ITIS_EXPERTS,yes,197,15872
stg_fed_itis_geographic_div__geographic_divisions,ripple_raw,FED_ITIS_GEOGRAPHIC_DIV,yes,480351,1042432
stg_fed_itis_hierarchy__hierarchy,ripple_raw,FED_ITIS_HIERARCHY,yes,678363,6313472
stg_fed_itis_jurisdiction__jurisdictions,ripple_raw,FED_ITIS_JURISDICTION,yes,161922,1828864
stg_fed_itis_kingdoms__kingdoms,ripple_raw,FED_ITIS_KINGDOMS,yes,7,1536
stg_fed_itis_longnames__complete_names,ripple_raw,FED_ITIS_LONGNAMES,yes,993346,9399808
stg_fed_itis_nodc_ids__nodc_ids,ripple_raw,FED_ITIS_NODC_IDS,yes,209565,2651136
stg_fed_itis_other_sources__other_sources,ripple_raw,FED_ITIS_OTHER_SOURCES,yes,1071,81408
stg_fed_itis_publications__publications,ripple_raw,FED_ITIS_PUBLICATIONS,yes,30772,3513856
stg_fed_itis_reference_links__reference_links,ripple_raw,FED_ITIS_REFERENCE_LINKS,yes,1970107,4485632
stg_fed_itis_strippedauthor__stripped_authors,ripple_raw,FED_ITIS_STRIPPEDAUTHOR,yes,214445,3864064
stg_fed_itis_synonym_links__synonyms,ripple_raw,FED_ITIS_SYNONYM_LINKS,yes,315254,1600000
stg_fed_itis_taxon_authors_lkp__authors,ripple_raw,FED_ITIS_TAXON_AUTHORS_LKP,yes,214445,4887040
stg_fed_itis_taxon_unit_types__rank_types,ripple_raw,FED_ITIS_TAXON_UNIT_TYPES,yes,182,3584
stg_fed_itis_taxonomic_units__taxa,ripple_raw,FED_ITIS_TAXONOMIC_UNITS,yes,993346,31604736
stg_fed_itis_tu_comments_links__comment_links,ripple_raw,FED_ITIS_TU_COMMENTS_LINKS,yes,192851,2088960
stg_fed_itis_vern_ref_links__vernacular_ref_links,ripple_raw,FED_ITIS_VERN_REF_LINKS,yes,93078,1205248
stg_fed_itis_vernaculars__vernacular_names,ripple_raw,FED_ITIS_VERNACULARS,yes,166778,3772928
stg_fed_jpml_pending_mdls__mdl_docket,ripple_raw,FED_JPML_PENDING_MDLS,yes,162,11776
stg_fed_mapping_inequality__holc_neighborhood_grades,ripple_raw,FED_MAPPING_INEQUALITY,yes,10154,3175424
stg_fed_medsl_house_returns__records,ripple_raw,FED_MEDSL_HOUSE_RETURNS,yes,29636,844800
stg_fed_medsl_president_returns__records,ripple_raw,FED_MEDSL_PRESIDENT_RETURNS,yes,3740,82944
stg_fed_medsl_senate_returns__records,ripple_raw,FED_MEDSL_SENATE_RETURNS,yes,3945,134656
stg_fed_msha_accidents__records,ripple_raw,FED_MSHA_ACCIDENTS,yes,273623,66702848
stg_fed_msha_mines__records,ripple_raw,FED_MSHA_MINES,yes,91906,7545344
stg_fed_msha_violations__records,ripple_raw,FED_MSHA_VIOLATIONS,yes,3087266,180746752
stg_fed_msrb_registrants__registrants,ripple_raw,FED_MSRB_REGISTRANTS,yes,925,25088
stg_fed_naag_multistate_settlements__multistate_settlements,ripple_raw,FED_NAAG_MULTISTATE_SETTLEMENTS,yes,882,352768
stg_fed_nara_aad__archival_records,ripple_raw,FED_NARA_AAD,yes,554,28160
stg_fed_nara_wra_aad__japanese_american_relocation_records,ripple_raw,FED_NARA_WRA_AAD,yes,36,2560
stg_fed_nasa_open_data__records,ripple_raw,FED_NASA_OPEN_DATA,yes,54,29184
stg_fed_ncua_call_reports__foicu,ripple_raw,FED_NCUA_CALL_REPORTS_FOICU,yes,4336,335360
stg_fed_ncua_call_reports__fs220,ripple_raw,FED_NCUA_CALL_REPORTS_FS220,yes,4336,953856
stg_fed_ncua_charter_merger_events__merger_events,ripple_raw,FED_NCUA_CHARTER_MERGER_EVENTS,yes,27,8704
stg_fed_ncua_federally_insured_cu_list__credit_unions,ripple_raw,FED_NCUA_FEDERALLY_INSURED_CU_LIST,yes,4250,796672
stg_fed_nhtsa_complaints__records,ripple_raw,FED_NHTSA_COMPLAINTS,yes,2227941,493518848
stg_fed_nhtsa_investigations__records,ripple_raw,FED_NHTSA_INVESTIGATIONS,yes,154209,2226176
stg_fed_nhtsa_recalls__records,ripple_raw,FED_NHTSA_RECALLS,yes,242993,9648640
stg_fed_nid_dams__structures,ripple_raw,FED_NID_DAMS,yes,92766,8111616
stg_fed_nih_reporter__projects,ripple_raw,FED_NIH_REPORTER,yes,2122611,3305371136
stg_fed_nlm_dailymed_spl_setid_map__setid_map,ripple_raw,FED_NLM_DAILYMED_SPL_SETID_MAP,yes,158452,8665600
stg_fed_noaa_ais__ais_vessel_positions,ripple_raw,FED_NOAA_AIS,yes,58106517,1510587392
stg_fed_noaa_storm_events__events,ripple_raw,FED_NOAA_STORM_EVENTS,yes,1780730,173822464
stg_fed_noaa_weather_api__records,ripple_raw,FED_NOAA_WEATHER_API,yes,287,109568
stg_fed_nsf_awards__records,ripple_raw,FED_NSF_AWARDS,yes,125,153088
stg_fed_ntsb_aviation_aircraft__aircraft,ripple_raw,FED_NTSB_AVIATION_AIRCRAFT,yes,31503,5339136
stg_fed_ntsb_aviation_events__events,ripple_raw,FED_NTSB_AVIATION_EVENTS,yes,30968,4059136
stg_fed_ntsb_aviation_injury__injuries,ripple_raw,FED_NTSB_AVIATION_INJURY,yes,179179,2018304
stg_fed_nursinghome411__facilities,ripple_raw,FED_NURSINGHOME411,yes,14713,3770880
stg_fed_occ_national_banks__banks,ripple_raw,FED_OCC_NATIONAL_BANKS,yes,724,38912
stg_fed_occ_thrifts__thrifts,ripple_raw,FED_OCC_THRIFTS,yes,218,14336
stg_fed_ofac_sdn__sdn_entities,ripple_raw,FED_OFAC_SDN,yes,19115,1613824
stg_fed_oyez__scotus_cases,ripple_raw,FED_OYEZ,yes,25,27648
stg_fed_pbgc_data__records,ripple_raw,FED_PBGC_DATA,yes,149771,1158144
stg_fed_pbgc_trusteed_plans__plans,ripple_raw,FED_PBGC_TRUSTEED_PLANS,yes,5176,349184
stg_fed_pcaob_form_ap_filings__filings,ripple_raw,FED_PCAOB_FORM_AP_FILINGS,yes,155384,8776704
stg_fed_phmsa_flagged_incidents__incidents,ripple_raw,FED_PHMSA_FLAGGED_INCIDENTS,yes,2039,2582528
stg_fed_retraction_watch__retractions,ripple_raw,FED_RETRACTION_WATCH,yes,71591,12302848
stg_fed_revolvingdoor_project__personnel_positions,ripple_raw,FED_REVOLVINGDOOR_PROJECT,yes,409,98816
stg_fed_sam_exclusions__records,ripple_raw,FED_SAM_EXCLUSIONS_FULL_R2,yes,167928,12000256
stg_fed_sba_loans__records,ripple_raw,FED_SBA_LOANS,yes,2174502,145664512
stg_fed_sba_ppp__records,ripple_raw,FED_SBA_PPP,yes,968524,81584128
stg_fed_sbir_sttr_awards__awards,ripple_raw,FED_SBIR_STTR_AWARDS,yes,219503,19618304
stg_fed_scdb__supreme_court_cases,ripple_raw,FED_SCDB,yes,83644,2353152
stg_fed_sec_13f_positions__all,ripple_raw,FED_SEC_13F_POSITIONS,yes,3822885,77054976
stg_fed_sec_13f_submission__all,ripple_raw,FED_SEC_13F_SUBMISSION,yes,3822885,77030912
stg_fed_sec_edgar__records,ripple_raw,FED_SEC_EDGAR,yes,200,11776
stg_fed_sec_edgar_company_tickers__company_tickers,ripple_raw,FED_SEC_EDGAR_COMPANY_TICKERS,yes,10414,316928
stg_fed_sec_edgar_company_tickers_exchange__tickers,ripple_raw,FED_SEC_EDGAR_COMPANY_TICKERS_EXCHANGE,yes,10398,293888
stg_fed_sec_edgar_financials__records,ripple_raw,FED_SEC_EDGAR_FINANCIALS,yes,55635,7254528
stg_fed_sec_insider_deriv_trans__records,ripple_raw,FED_SEC_INSIDER_DERIV_TRANS,yes,1049121,40538112
stg_fed_sec_insider_nonderiv_trans__records,ripple_raw,FED_SEC_INSIDER_NONDERIV_TRANS,yes,2672841,70072320
stg_fed_sec_insider_reportingowner__records,ripple_raw,FED_SEC_INSIDER_REPORTINGOWNER,yes,1934673,54126080
stg_fed_sec_insider_submission__records,ripple_raw,FED_SEC_INSIDER_SUBMISSION,yes,1772088,28463104
stg_fed_sec_investment_company_series_class__series_classes,ripple_raw,FED_SEC_INVESTMENT_COMPANY_SERIES_CLASS,yes,43123,1727488
stg_fed_senate_stock_watcher__transactions,ripple_raw,FED_SENATE_STOCK_WATCHER,yes,8350,340480
stg_fed_slavevoyages_intraamerican__intra_american_voyages,ripple_raw,FED_SLAVEVOYAGES_INTRAAMERICAN,yes,11521,1534464
stg_fed_slavevoyages_transatlantic__records,ripple_raw,FED_SLAVEVOYAGES_TRANSATLANTIC,yes,36108,5888000
stg_fed_treasury_avg_interest_rates__avg_interest_rates,ripple_raw,FED_TREASURY_AVG_INTEREST_RATES,yes,4961,71680
stg_fed_treasury_debt_to_penny__debt_to_penny,ripple_raw,FED_TREASURY_DEBT_TO_PENNY,yes,8329,324608
stg_fed_us_sec_edgar__edgar_filings,ripple_raw,FED_US_SEC_EDGAR,yes,48990,1983488
stg_fed_us_usaspending_api__federal_awards,ripple_raw,FED_US_USASPENDING_API,yes,300,21504
stg_fed_usaspending_assistance_full__records,ripple_raw,FED_USASPENDING_ASSISTANCE_FULL,yes,19902879,3716252672
stg_fed_usaspending_bulk__organizations,ripple_raw,FED_USASPENDING_BULK,yes,50000,13879808
stg_fed_usaspending_contracts_full__records,ripple_raw,FED_USASPENDING_CONTRACTS_FULL,yes,20000000,5998015488
stg_fed_usaspending_subawards__subawards,ripple_raw,FED_USASPENDING_SUBAWARDS,yes,5000,310272
stg_fed_usaspending_tas_filter_tree__tas_nodes,ripple_raw,FED_USASPENDING_TAS_FILTER_TREE,yes,92,4608
stg_fed_usaspending_toptier_agencies__records,ripple_raw,FED_USASPENDING_TOPTIER_AGENCIES,yes,111,15360
stg_fed_uscg_nrc_incident_reports__incident_reports,ripple_raw,FED_USCG_NRC_INCIDENT_REPORTS,yes,116662,3816960
stg_fed_uscg_nrc_incidents__incidents,ripple_raw,FED_USCG_NRC_INCIDENTS,yes,1029020,20225536
stg_fed_uscis_data__records,ripple_raw,FED_USCIS_DATA,yes,3204,73216
stg_fed_uscourts_stats__records,ripple_raw,FED_USCOURTS_STATS,yes,50,5632
stg_fed_usda_rd_mfh_active_projects__projects,ripple_raw,FED_USDA_RD_MFH_ACTIVE_PROJECTS,yes,13550,1238016
stg_fed_usgs_3dep__places,ripple_raw,FED_USGS_3DEP,yes,5000,6942208
stg_fed_usgs_earthquakes__records,ripple_raw,FED_USGS_EARTHQUAKES,yes,443274,32013824
stg_fed_usgs_gnis_all_names__name_citations,ripple_raw,FED_USGS_GNIS_ALL_NAMES,yes,1249630,14369280
stg_fed_usgs_minerals__records,ripple_raw,FED_USGS_MINERALS,yes,304632,28020224
stg_fed_usgs_orphaned_oil_gas_wells__wells,ripple_raw,FED_USGS_ORPHANED_OIL_GAS_WELLS,yes,117672,2844160
stg_fed_usgs_topoview__records,ripple_raw,FED_USGS_TOPOVIEW,yes,250,26112
stg_fed_usgs_water__records,ripple_raw,FED_USGS_WATER,yes,6694816,29176320
stg_fed_usgs_wbd_huc8__watersheds,ripple_raw,FED_USGS_WBD_HUC8,yes,2456,348160
stg_fed_usitc_dataweb__records,ripple_raw,FED_USITC_DATAWEB,yes,7,1536
stg_fed_va_allcause_mortality__all,ripple_raw,FED_VA_ALLCAUSE_MORTALITY,yes,2808,73216
stg_fed_va_suicide_appendix__records,ripple_raw,FED_VA_SUICIDE_APPENDIX,yes,144,14336
stg_fed_va_suicide_national__all,ripple_raw,FED_VA_SUICIDE_NATIONAL,yes,690,50176
stg_fed_va_suicide_state__all,ripple_raw,FED_VA_SUICIDE_STATE,yes,19704,414208
stg_fed_voteview_members__records,ripple_raw,FED_VOTEVIEW_MEMBERS,yes,51061,2547712
stg_fed_voteview_rollcall_meta__records,ripple_raw,FED_VOTEVIEW_ROLLCALL_META_FULL,yes,113512,7239168
stg_fed_voteview_rollcalls__records,ripple_raw,FED_VOTEVIEW_ROLLCALLS,yes,945523,1932800
stg_fed_wpa_slave_narratives__slave_narratives,ripple_raw,FED_WPA_SLAVE_NARRATIVES,yes,100,10240
stg_fed_wqp_monitoring_stations__stations,ripple_raw,FED_WQP_MONITORING_STATIONS,yes,5818,330240
stg_int_uk_companies_house__all,ripple_raw,INT_UK_COMPANIES_HOUSE,yes,5734780,408474112
stg_intl_adb_data__records,ripple_raw,INTL_ADB_DATA,yes,41,1536
stg_intl_ar_datosgob__records,ripple_raw,INTL_AR_DATOSGOB,yes,3556,337920
stg_intl_austlii__records,ripple_raw,INTL_AUSTLII,yes,1,1536
stg_intl_bd_datagov__records,ripple_raw,INTL_BD_DATAGOV,yes,500,9216
stg_intl_br_dados_gov__records,ripple_raw,INTL_BR_DADOS_GOV,yes,10,4608
stg_intl_ca_open_canada__records,ripple_raw,INTL_CA_OPEN_CANADA,yes,500,1283584
stg_intl_ch_opendataswiss__records,ripple_raw,INTL_CH_OPENDATASWISS,yes,5000,4321280
stg_intl_ch_zefix__companies,ripple_raw,INTL_CH_ZEFIX,yes,18,2048
stg_intl_cl_datosgob__records,ripple_raw,INTL_CL_DATOSGOB,yes,1000,454656
stg_intl_de_govdata__records,ripple_raw,INTL_DE_GOVDATA,yes,5000,4399616
stg_intl_ec_sercop__contracting_process,ripple_raw,INTL_EC_SERCOP,yes,132995,9296896
stg_intl_eg_capmas__records,ripple_raw,INTL_EG_CAPMAS,yes,150,3072
stg_intl_elections_canada_contributions__contributions,ripple_raw,INTL_ELECTIONS_CANADA_CONTRIBUTIONS,yes,12646465,362405376
stg_intl_ember_elec__yearly_electricity,ripple_raw,INTL_EMBER_ELEC,yes,369264,3372032
stg_intl_embl_ensembl__records,ripple_raw,INTL_EMBL_ENSEMBL,yes,643,29696
stg_intl_es_borme__borme_corporate_acts,ripple_raw,INTL_ES_BORME,yes,25,12800
stg_intl_es_datosgob__records,ripple_raw,INTL_ES_DATOSGOB,yes,1000,293376
stg_intl_eu_sanctions__places,ripple_raw,INTL_EU_SANCTIONS,yes,42347,3744256
stg_intl_eu_socta_europol__records,ripple_raw,INTL_EU_SOCTA_EUROPOL,yes,26,4096
stg_intl_eurlex_cellar__records,ripple_raw,INTL_EURLEX_CELLAR,yes,53,3584
stg_intl_eurostat__records,ripple_raw,INTL_EUROSTAT,yes,450,7168
stg_intl_fao_faostat__records,ripple_raw,INTL_FAO_FAOSTAT,yes,69,36864
stg_intl_fao_faostat_food_security__records,ripple_raw,INTL_FAO_FAOSTAT_FOOD_SECURITY,yes,279470,1866240
stg_intl_fatf_ratings__records,ripple_raw,INTL_FATF_RATINGS,yes,200,6144
stg_intl_fr_data_gouv__records,ripple_raw,INTL_FR_DATA_GOUV_FULL,yes,130431,38701056
stg_intl_freedomhouse__records,ripple_raw,INTL_FREEDOMHOUSE,yes,2723,75776
stg_intl_gdelt__records,ripple_raw,INTL_GDELT,yes,1015,132096
stg_intl_ge_datagov__places,ripple_raw,INTL_GE_DATAGOV,yes,1,2048
stg_intl_gem_hazard__records,ripple_raw,INTL_GEM_HAZARD,yes,12,2048
stg_intl_gfi_trade__records,ripple_raw,INTL_GFI_TRADE,yes,25,2560
stg_intl_gh_datagovgh__records,ripple_raw,INTL_GH_DATAGOVGH,yes,10,2560
stg_intl_gleif__organizations,ripple_raw,INTL_GLEIF,yes,3382301,664928256
stg_intl_global_witness_defenders__records,ripple_raw,INTL_GLOBAL_WITNESS_DEFENDERS,yes,232,29696
stg_intl_gr_datagov__records,ripple_raw,INTL_GR_DATAGOV,yes,5000,2245632
stg_intl_gr_gemi__greek_companies,ripple_raw,INTL_GR_GEMI,yes,40,2560
stg_intl_healthcanada_dpd_drug__drugs,ripple_raw,INTL_HEALTHCANADA_DPD_DRUG,yes,13383,467968
stg_intl_hudoc__echr_cases,ripple_raw,INTL_HUDOC,yes,2000,257024
stg_intl_ie_cro__cro_companies,ripple_raw,INTL_IE_CRO,yes,821697,45276672
stg_intl_ipc_food_insecurity_global__records,ripple_raw,INTL_IPC_FOOD_INSECURITY_GLOBAL,yes,735,14848
stg_intl_iso_mic_registry__market_identifier_codes,ripple_raw,INTL_ISO_MIC_REGISTRY,yes,2864,200192
stg_intl_it_istat__istat_sdmx_observations,ripple_raw,INTL_IT_ISTAT,yes,213284,1606656
stg_intl_leiden_russian_ops_europe__records,ripple_raw,INTL_LEIDEN_RUSSIAN_OPS_EUROPE,yes,153,23552
stg_intl_nti_cns_dprk_missile_tests__records,ripple_raw,INTL_NTI_CNS_DPRK_MISSILE_TESTS,yes,303,77824
stg_intl_opensanctions_default__targets,ripple_raw,INTL_OPENSANCTIONS_DEFAULT,yes,1281846,94257664
stg_intl_osfi_regulated_fi__institutions,ripple_raw,INTL_OSFI_REGULATED_FI,yes,343,33792
stg_intl_owid_milspend__military_spending,ripple_raw,INTL_OWID_MILSPEND,yes,9112,139264
stg_intl_ucdp_ged__records,ripple_raw,INTL_UCDP_GED,yes,385918,36304384
stg_intl_voeten_unga_votes__records,ripple_raw,INTL_VOETEN_UNGA_VOTES,yes,1823352,20180480
stg_irs527__8872_reports,ripple_raw,IRS527_8872_REPORTS,yes,55579,7334912
stg_irs527__directors_officers,ripple_raw,IRS527_DIRECTORS_OFFICERS,yes,189593,6233600
stg_irs527__eain,ripple_raw,IRS527_EAIN,yes,17853,331264
stg_irs527__related_entities,ripple_raw,IRS527_RELATED_ENTITIES,yes,64835,2601984
stg_irs527_8871_orgs__registrations,ripple_raw,IRS527_8871_ORGS,yes,77591,11488256
stg_fed_congress_legislators__members,ripple_raw,FED_CONGRESS_LEGISLATORS,yes,12847,999936
stg_fed_fec_bulk_candidates__candidates,ripple_raw,FED_FEC_BULK_CANDIDATES,yes,17900,967680
stg_fed_fec_bulk_linkages__linkages,ripple_raw,FED_FEC_BULK_LINKAGES,yes,16327,329728
stg_fed_fec_bulk_summary__candidate_summary,ripple_raw,FED_FEC_BULK_SUMMARY,yes,7933,543232
stg_fed_govinfo_bill_cosponsors__cosponsors,ripple_raw,FED_GOVINFO_BILL_COSPONSORS,yes,367742,2389504
stg_fed_govinfo_billstatus__bills,ripple_raw,FED_GOVINFO_BILLSTATUS,yes,36465,2688000
stg_fed_voteview_members__ideology,ripple_raw,FED_VOTEVIEW_MEMBERS,yes,51061,2547712
stg_fed_voteview_rollcall_meta__rollcalls,ripple_raw,FED_VOTEVIEW_ROLLCALL_META_FULL,yes,113512,7239168
stg_fed_voteview_rollcalls__votes,ripple_raw,FED_VOTEVIEW_ROLLCALLS,yes,945523,1932800
stg_portal_arc_atlanta_dataatla_1a7f4adc21__records,ripple_raw,PORTAL_ARC_ATLANTA_DATAATLA_1A7F4ADC21,yes,144,18944
stg_portal_arc_atlanta_dataatla_4ab9f9e31e__records,ripple_raw,PORTAL_ARC_ATLANTA_DATAATLA_4AB9F9E31E,yes,681,70144
stg_portal_arc_atlanta_dataatla_51a606f539__places,ripple_raw,PORTAL_ARC_ATLANTA_DATAATLA_51A606F539,yes,486,53248
stg_portal_arc_atlanta_dataatla_5d9b9c30a9__places,ripple_raw,PORTAL_ARC_ATLANTA_DATAATLA_5D9B9C30A9,yes,14,6144
stg_portal_arc_atlanta_dataatla_79e3c7bd36__records,ripple_raw,PORTAL_ARC_ATLANTA_DATAATLA_79E3C7BD36,yes,209,25600
stg_portal_arc_atlanta_dataatla_a59db2e766__records,ripple_raw,PORTAL_ARC_ATLANTA_DATAATLA_A59DB2E766,yes,322,36352
stg_portal_arc_atlanta_dataatla_d8df9588a6__cases,ripple_raw,PORTAL_ARC_ATLANTA_DATAATLA_D8DF9588A6,yes,15,25600
stg_portal_arc_atlanta_dataatla_de1e9d4350__records,ripple_raw,PORTAL_ARC_ATLANTA_DATAATLA_DE1E9D4350,yes,531,46592
stg_portal_arc_atlanta_dataatla_ead25cbdc7__places,ripple_raw,PORTAL_ARC_ATLANTA_DATAATLA_EAD25CBDC7,yes,2000,225792
stg_portal_arc_atlanta_dataatla_fd3576897b__places,ripple_raw,PORTAL_ARC_ATLANTA_DATAATLA_FD3576897B,yes,15,6656
stg_portal_arc_columbus_gis_ope_8259461c2a__organizations,ripple_raw,PORTAL_ARC_COLUMBUS_GIS_OPE_8259461C2A,yes,2000,237568
stg_portal_arc_fort_worth_open_2259070522__places,ripple_raw,PORTAL_ARC_FORT_WORTH_OPEN_2259070522,yes,19,5632
stg_portal_arc_fort_worth_open_9f0879147a__places,ripple_raw,PORTAL_ARC_FORT_WORTH_OPEN_9F0879147A,yes,2000,545280
stg_portal_arc_harris_county_op_0f9c7fcb29__places,ripple_raw,PORTAL_ARC_HARRIS_COUNTY_OP_0F9C7FCB29,yes,12,16384
stg_portal_arc_harris_county_op_119b70555b__places,ripple_raw,PORTAL_ARC_HARRIS_COUNTY_OP_119B70555B,yes,74,18432
stg_portal_arc_harris_county_op_12691a85a0__records,ripple_raw,PORTAL_ARC_HARRIS_COUNTY_OP_12691A85A0,yes,38,11776
stg_portal_arc_harris_county_op_1966ac023b__places,ripple_raw,PORTAL_ARC_HARRIS_COUNTY_OP_1966AC023B,yes,55,12288
stg_portal_arc_harris_county_op_1a53499962__records,ripple_raw,PORTAL_ARC_HARRIS_COUNTY_OP_1A53499962,yes,372,59392
stg_portal_arc_harris_county_op_2d6f9d0da7__records,ripple_raw,PORTAL_ARC_HARRIS_COUNTY_OP_2D6F9D0DA7,yes,2000,285184
stg_portal_arc_harris_county_op_32d5ff05ca__places,ripple_raw,PORTAL_ARC_HARRIS_COUNTY_OP_32D5FF05CA,yes,100,49152
stg_portal_arc_harris_county_op_360277f8cb__places,ripple_raw,PORTAL_ARC_HARRIS_COUNTY_OP_360277F8CB,yes,2,4096
stg_portal_arc_harris_county_op_3cfe4113ed__records,ripple_raw,PORTAL_ARC_HARRIS_COUNTY_OP_3CFE4113ED,yes,2,3072
stg_portal_arc_harris_county_op_3e1426df10__records,ripple_raw,PORTAL_ARC_HARRIS_COUNTY_OP_3E1426DF10,yes,372,59392
stg_portal_arc_harris_county_op_58fab3b4f7__places,ripple_raw,PORTAL_ARC_HARRIS_COUNTY_OP_58FAB3B4F7,yes,1022,20897280
stg_portal_arc_harris_county_op_6cdcf96ca7__places,ripple_raw,PORTAL_ARC_HARRIS_COUNTY_OP_6CDCF96CA7,yes,34,12288
stg_portal_arc_harris_county_op_795533139c__places,ripple_raw,PORTAL_ARC_HARRIS_COUNTY_OP_795533139C,yes,100,49152
stg_portal_arc_harris_county_op_8549ec1226__records,ripple_raw,PORTAL_ARC_HARRIS_COUNTY_OP_8549EC1226,yes,1464,159232
stg_portal_arc_harris_county_op_86ae12cfc0__providers,ripple_raw,PORTAL_ARC_HARRIS_COUNTY_OP_86AE12CFC0,yes,1128,135168
stg_portal_arc_harris_county_op_87f4853c1a__records,ripple_raw,PORTAL_ARC_HARRIS_COUNTY_OP_87F4853C1A,yes,30,9728
stg_portal_arc_harris_county_op_89477f0032__places,ripple_raw,PORTAL_ARC_HARRIS_COUNTY_OP_89477F0032,yes,1022,20896256
stg_portal_arc_harris_county_op_a2dae85c30__records,ripple_raw,PORTAL_ARC_HARRIS_COUNTY_OP_A2DAE85C30,yes,38,11776
stg_portal_arc_harris_county_op_b7635629a1__places,ripple_raw,PORTAL_ARC_HARRIS_COUNTY_OP_B7635629A1,yes,2000,1297408
stg_portal_arc_harris_county_op_d354d2d6e2__records,ripple_raw,PORTAL_ARC_HARRIS_COUNTY_OP_D354D2D6E2,yes,257,85504
stg_portal_arc_harris_county_op_d8cf46061b__places,ripple_raw,PORTAL_ARC_HARRIS_COUNTY_OP_D8CF46061B,yes,1017,20902400
stg_portal_arc_harris_county_op_d9a3089ed0__records,ripple_raw,PORTAL_ARC_HARRIS_COUNTY_OP_D9A3089ED0,yes,125,28160
stg_portal_arc_harris_county_op_e87e81379a__places,ripple_raw,PORTAL_ARC_HARRIS_COUNTY_OP_E87E81379A,yes,34,12288
stg_portal_arc_harris_county_op_ede1e11f9d__records,ripple_raw,PORTAL_ARC_HARRIS_COUNTY_OP_EDE1E11F9D,yes,386,46592
stg_portal_arc_harris_county_op_f3d3a3ab57__records,ripple_raw,PORTAL_ARC_HARRIS_COUNTY_OP_F3D3A3AB57,yes,125,28160
stg_portal_arc_harris_county_op_fa9969d82e__providers,ripple_raw,PORTAL_ARC_HARRIS_COUNTY_OP_FA9969D82E,yes,1128,135168
stg_portal_arc_la_county_open_d_0a94db308e__providers,ripple_raw,PORTAL_ARC_LA_COUNTY_OPEN_D_0A94DB308E,yes,93,30720
stg_portal_arc_la_county_open_d_2e79eb67c8__places,ripple_raw,PORTAL_ARC_LA_COUNTY_OPEN_D_2E79EB67C8,yes,2000,291840
stg_portal_arc_la_county_open_d_464355f6d4__places,ripple_raw,PORTAL_ARC_LA_COUNTY_OPEN_D_464355F6D4,yes,6,3072
stg_portal_arc_la_county_open_d_58a85aed74__providers,ripple_raw,PORTAL_ARC_LA_COUNTY_OPEN_D_58A85AED74,yes,2,2560
stg_portal_arc_la_county_open_d_6df63a4983__providers,ripple_raw,PORTAL_ARC_LA_COUNTY_OPEN_D_6DF63A4983,yes,187,24064
stg_portal_arc_la_county_open_d_75836d970c__records,ripple_raw,PORTAL_ARC_LA_COUNTY_OPEN_D_75836D970C,yes,2000,212992
stg_portal_arc_la_county_open_d_83f0ba30fb__providers,ripple_raw,PORTAL_ARC_LA_COUNTY_OPEN_D_83F0BA30FB,yes,5,2560
stg_portal_arc_la_county_open_d_d75e8ea051__facilities,ripple_raw,PORTAL_ARC_LA_COUNTY_OPEN_D_D75E8EA051,yes,385,79360
stg_portal_arc_la_county_open_d_e034245e05__providers,ripple_raw,PORTAL_ARC_LA_COUNTY_OPEN_D_E034245E05,yes,8,3584
stg_portal_arc_la_county_open_d_e549c7c921__facilities,ripple_raw,PORTAL_ARC_LA_COUNTY_OPEN_D_E549C7C921,yes,76,18432
stg_portal_arc_memphis_open_dat_3057d84002__cases,ripple_raw,PORTAL_ARC_MEMPHIS_OPEN_DAT_3057D84002,yes,1537,4559872
stg_portal_arc_memphis_open_dat_9f6f4b2736__cases,ripple_raw,PORTAL_ARC_MEMPHIS_OPEN_DAT_9F6F4B2736,yes,2000,3675648
stg_portal_arc_new_mexico_open_1b6c7f7fbd__records,ripple_raw,PORTAL_ARC_NEW_MEXICO_OPEN_1B6C7F7FBD,yes,32,719360
stg_portal_arc_open_baltimore_6c2257f1c4__facilities,ripple_raw,PORTAL_ARC_OPEN_BALTIMORE_6C2257F1C4,yes,21,7680
stg_portal_arc_open_baltimore_751d91c991__facilities,ripple_raw,PORTAL_ARC_OPEN_BALTIMORE_751D91C991,yes,62,9216
stg_portal_arc_open_data_dc_008ba480f6__facilities,ripple_raw,PORTAL_ARC_OPEN_DATA_DC_008BA480F6,yes,1915,275456
stg_portal_arc_open_data_dc_01f2d9886c__facilities,ripple_raw,PORTAL_ARC_OPEN_DATA_DC_01F2D9886C,yes,437,67584
stg_portal_arc_open_data_dc_32ad83d2ec__facilities,ripple_raw,PORTAL_ARC_OPEN_DATA_DC_32AD83D2EC,yes,2000,436736
stg_portal_arc_open_data_dc_454981b380__facilities,ripple_raw,PORTAL_ARC_OPEN_DATA_DC_454981B380,yes,2,3584
stg_portal_arc_open_data_dc_56c4f04cf0__facilities,ripple_raw,PORTAL_ARC_OPEN_DATA_DC_56C4F04CF0,yes,9,8704
stg_portal_arc_open_data_dc_582a28d212__records,ripple_raw,PORTAL_ARC_OPEN_DATA_DC_582A28D212,yes,46,771584
stg_portal_arc_open_data_dc_59913164d2__records,ripple_raw,PORTAL_ARC_OPEN_DATA_DC_59913164D2,yes,2000,396800
stg_portal_arc_open_data_dc_5b867c795c__facilities,ripple_raw,PORTAL_ARC_OPEN_DATA_DC_5B867C795C,yes,133,8192
stg_portal_arc_open_data_dc_5cb81acbdd__places,ripple_raw,PORTAL_ARC_OPEN_DATA_DC_5CB81ACBDD,yes,8,456704
stg_portal_arc_open_data_dc_74d9616143__records,ripple_raw,PORTAL_ARC_OPEN_DATA_DC_74D9616143,yes,2000,330240
stg_portal_arc_open_data_dc_98319ab13d__facilities,ripple_raw,PORTAL_ARC_OPEN_DATA_DC_98319AB13D,yes,2,3584
stg_portal_arc_open_data_dc_adf4f0e413__places,ripple_raw,PORTAL_ARC_OPEN_DATA_DC_ADF4F0E413,yes,2000,210432
stg_portal_arc_open_data_dc_d359158bc8__records,ripple_raw,PORTAL_ARC_OPEN_DATA_DC_D359158BC8,yes,733,226816
stg_portal_arc_open_data_dc_d8e55d5b7f__facilities,ripple_raw,PORTAL_ARC_OPEN_DATA_DC_D8E55D5B7F,yes,133,8192
stg_portal_arc_open_data_dc_e1dd5d3551__records,ripple_raw,PORTAL_ARC_OPEN_DATA_DC_E1DD5D3551,yes,11,4096
stg_portal_arc_open_data_dc_f37f5ddc3d__records,ripple_raw,PORTAL_ARC_OPEN_DATA_DC_F37F5DDC3D,yes,40,782848
stg_portal_arc_open_data_minnea_0426858dfe__facilities,ripple_raw,PORTAL_ARC_OPEN_DATA_MINNEA_0426858DFE,yes,110,17408
stg_portal_arc_open_data_minnea_09e3680fd2__facilities,ripple_raw,PORTAL_ARC_OPEN_DATA_MINNEA_09E3680FD2,yes,2000,233984
stg_portal_arc_open_data_minnea_1ad7e106e4__facilities,ripple_raw,PORTAL_ARC_OPEN_DATA_MINNEA_1AD7E106E4,yes,2000,229376
stg_portal_arc_open_data_minnea_4c5820fd0a__facilities,ripple_raw,PORTAL_ARC_OPEN_DATA_MINNEA_4C5820FD0A,yes,2000,229376
stg_portal_arc_open_data_minnea_5ac94c44da__facilities,ripple_raw,PORTAL_ARC_OPEN_DATA_MINNEA_5AC94C44DA,yes,2000,231424
stg_portal_arc_open_data_minnea_6cdce692aa__facilities,ripple_raw,PORTAL_ARC_OPEN_DATA_MINNEA_6CDCE692AA,yes,2000,230912
stg_portal_arc_open_data_minnea_7c8c54bd8c__facilities,ripple_raw,PORTAL_ARC_OPEN_DATA_MINNEA_7C8C54BD8C,yes,2000,230912
stg_portal_arc_open_data_minnea_7efdca0423__facilities,ripple_raw,PORTAL_ARC_OPEN_DATA_MINNEA_7EFDCA0423,yes,2000,236032
stg_portal_arc_open_data_minnea_bd6a1cacbb__facilities,ripple_raw,PORTAL_ARC_OPEN_DATA_MINNEA_BD6A1CACBB,yes,2000,226816
stg_portal_arc_open_data_minnea_be5550ebf6__facilities,ripple_raw,PORTAL_ARC_OPEN_DATA_MINNEA_BE5550EBF6,yes,2000,228864
stg_portal_arc_open_data_minnea_d808f6bf62__facilities,ripple_raw,PORTAL_ARC_OPEN_DATA_MINNEA_D808F6BF62,yes,25,6656
stg_portal_arc_open_data_raleig_5e5b26dc88__records,ripple_raw,PORTAL_ARC_OPEN_DATA_RALEIG_5E5B26DC88,yes,375,111104
stg_portal_arc_open_data_raleig_8ee851c810__records,ripple_raw,PORTAL_ARC_OPEN_DATA_RALEIG_8EE851C810,yes,2000,763904
stg_portal_arc_open_data_raleig_bbf9abca0d__records,ripple_raw,PORTAL_ARC_OPEN_DATA_RALEIG_BBF9ABCA0D,yes,1877,84480
stg_portal_arc_open_data_raleig_df19dcbb03__records,ripple_raw,PORTAL_ARC_OPEN_DATA_RALEIG_DF19DCBB03,yes,2000,566272
stg_portal_arc_open_data_raleig_efbb617010__records,ripple_raw,PORTAL_ARC_OPEN_DATA_RALEIG_EFBB617010,yes,2000,559104
stg_portal_arc_open_data_raleig_f18f09f22f__places,ripple_raw,PORTAL_ARC_OPEN_DATA_RALEIG_F18F09F22F,yes,2,2048
stg_portal_arc_orange_county_op_05390f8d55__records,ripple_raw,PORTAL_ARC_ORANGE_COUNTY_OP_05390F8D55,yes,184,35328
stg_portal_arc_orange_county_op_0dea033879__records,ripple_raw,PORTAL_ARC_ORANGE_COUNTY_OP_0DEA033879,yes,54,8192
stg_portal_arc_orange_county_op_2f4310b675__facilities,ripple_raw,PORTAL_ARC_ORANGE_COUNTY_OP_2F4310B675,yes,31,7168
stg_portal_arc_orange_county_op_41e4e2185f__records,ripple_raw,PORTAL_ARC_ORANGE_COUNTY_OP_41E4E2185F,yes,66,9216
stg_portal_arc_orange_county_op_43a1fe3fbe__records,ripple_raw,PORTAL_ARC_ORANGE_COUNTY_OP_43A1FE3FBE,yes,161,31744
stg_portal_arc_orange_county_op_572f3c6271__facilities,ripple_raw,PORTAL_ARC_ORANGE_COUNTY_OP_572F3C6271,yes,10,4608
stg_portal_arc_orange_county_op_62e4574f5e__facilities,ripple_raw,PORTAL_ARC_ORANGE_COUNTY_OP_62E4574F5E,yes,9,4096
stg_portal_arc_orange_county_op_644fb9535b__places,ripple_raw,PORTAL_ARC_ORANGE_COUNTY_OP_644FB9535B,yes,9,3584
stg_portal_arc_orange_county_op_dd64a3f2b8__facilities,ripple_raw,PORTAL_ARC_ORANGE_COUNTY_OP_DD64A3F2B8,yes,31,6656
stg_portal_arc_tn_data_tennesse_655f6bcc6d__records,ripple_raw,PORTAL_ARC_TN_DATA_TENNESSE_655F6BCC6D,yes,500,122880
stg_portal_arc_tucson_open_data_11050c025b__cases,ripple_raw,PORTAL_ARC_TUCSON_OPEN_DATA_11050C025B,yes,8,29184
stg_portal_arc_tucson_open_data_14c7aa5ccf__places,ripple_raw,PORTAL_ARC_TUCSON_OPEN_DATA_14C7AA5CCF,yes,19,8704
stg_portal_arc_tucson_open_data_32a72d9d1d__places,ripple_raw,PORTAL_ARC_TUCSON_OPEN_DATA_32A72D9D1D,yes,5,4608
stg_portal_arc_tucson_open_data_3a7e0821d1__cases,ripple_raw,PORTAL_ARC_TUCSON_OPEN_DATA_3A7E0821D1,yes,61,47104
stg_portal_arc_tucson_open_data_55d5164315__records,ripple_raw,PORTAL_ARC_TUCSON_OPEN_DATA_55D5164315,yes,60,19968
stg_portal_arc_tucson_open_data_63c0193ff1__cases,ripple_raw,PORTAL_ARC_TUCSON_OPEN_DATA_63C0193FF1,yes,18,36864
stg_portal_arc_tucson_open_data_7468cf46db__cases,ripple_raw,PORTAL_ARC_TUCSON_OPEN_DATA_7468CF46DB,yes,6,9728
stg_portal_arc_tucson_open_data_9e24e86b9a__cases,ripple_raw,PORTAL_ARC_TUCSON_OPEN_DATA_9E24E86B9A,yes,2,11264
stg_portal_arc_tucson_open_data_cdffe1002a__cases,ripple_raw,PORTAL_ARC_TUCSON_OPEN_DATA_CDFFE1002A,yes,43,56832
stg_portal_arc_tucson_open_data_e0edea39be__places,ripple_raw,PORTAL_ARC_TUCSON_OPEN_DATA_E0EDEA39BE,yes,2,4096
stg_portal_arc_tucson_open_data_f0203665dd__places,ripple_raw,PORTAL_ARC_TUCSON_OPEN_DATA_F0203665DD,yes,2,4096
stg_portal_arc_tucson_open_data_f919285f50__cases,ripple_raw,PORTAL_ARC_TUCSON_OPEN_DATA_F919285F50,yes,12,20992
stg_portal_arc_vermont_open_geo_62f10327d4__places,ripple_raw,PORTAL_ARC_VERMONT_OPEN_GEO_62F10327D4,yes,424,72704
stg_portal_arc_vermont_open_geo_9e55d67e2c__places,ripple_raw,PORTAL_ARC_VERMONT_OPEN_GEO_9E55D67E2C,yes,286,60928
stg_portal_arc_vermont_open_geo_de261d6f8c__places,ripple_raw,PORTAL_ARC_VERMONT_OPEN_GEO_DE261D6F8C,yes,286,60928
stg_portal_arc_wake_county_open_4b425fd089__organizations,ripple_raw,PORTAL_ARC_WAKE_COUNTY_OPEN_4B425FD089,yes,2000,677888
stg_portal_arc_wisconsin_open_d_022efd1ae5__records,ripple_raw,PORTAL_ARC_WISCONSIN_OPEN_D_022EFD1AE5,yes,2,4608
stg_portal_arc_wisconsin_open_d_07cf3c3824__providers,ripple_raw,PORTAL_ARC_WISCONSIN_OPEN_D_07CF3C3824,yes,2,4608
stg_portal_arc_wisconsin_open_d_4ebc995c5d__records,ripple_raw,PORTAL_ARC_WISCONSIN_OPEN_D_4EBC995C5D,yes,56,18432
stg_portal_arc_wisconsin_open_d_5206358bdd__records,ripple_raw,PORTAL_ARC_WISCONSIN_OPEN_D_5206358BDD,yes,604,80896
stg_portal_arc_wisconsin_open_d_601e691159__providers,ripple_raw,PORTAL_ARC_WISCONSIN_OPEN_D_601E691159,yes,1,3072
stg_portal_arc_wisconsin_open_d_717f8037eb__records,ripple_raw,PORTAL_ARC_WISCONSIN_OPEN_D_717F8037EB,yes,9,6656
stg_portal_arc_wisconsin_open_d_b2efa24715__records,ripple_raw,PORTAL_ARC_WISCONSIN_OPEN_D_B2EFA24715,yes,14,8192
stg_portal_arc_wisconsin_open_d_cb1509f410__records,ripple_raw,PORTAL_ARC_WISCONSIN_OPEN_D_CB1509F410,yes,42,15360
stg_portal_arc_wisconsin_open_d_d05399642c__records,ripple_raw,PORTAL_ARC_WISCONSIN_OPEN_D_D05399642C,yes,8,6656
stg_portal_cka_analyze_boston_0012b002be__places,ripple_raw,PORTAL_CKA_ANALYZE_BOSTON_0012B002BE,yes,539,148480
stg_portal_cka_analyze_boston_0ced34c7c1__places,ripple_raw,PORTAL_CKA_ANALYZE_BOSTON_0CED34C7C1,yes,13,4096
stg_portal_cka_analyze_boston_0f7b6b1f80__records,ripple_raw,PORTAL_CKA_ANALYZE_BOSTON_0F7B6B1F80,yes,26,3584
stg_portal_cka_analyze_boston_1321cb60b5__places,ripple_raw,PORTAL_CKA_ANALYZE_BOSTON_1321CB60B5,yes,156,15360
stg_portal_cka_analyze_boston_236a5362b9__places,ripple_raw,PORTAL_CKA_ANALYZE_BOSTON_236A5362B9,yes,1,1536
stg_portal_cka_analyze_boston_45e7e21495__places,ripple_raw,PORTAL_CKA_ANALYZE_BOSTON_45E7E21495,yes,1,1536
stg_portal_cka_analyze_boston_4eddc3919b__places,ripple_raw,PORTAL_CKA_ANALYZE_BOSTON_4EDDC3919B,yes,8250,733696
stg_portal_cka_analyze_boston_5288db6955__places,ripple_raw,PORTAL_CKA_ANALYZE_BOSTON_5288DB6955,yes,191,38400
stg_portal_cka_analyze_boston_5ccb249b71__records,ripple_raw,PORTAL_CKA_ANALYZE_BOSTON_5CCB249B71,yes,10000,780800
stg_portal_cka_analyze_boston_5fc2a4d010__records,ripple_raw,PORTAL_CKA_ANALYZE_BOSTON_5FC2A4D010,yes,295,55296
stg_portal_cka_analyze_boston_691c77c209__places,ripple_raw,PORTAL_CKA_ANALYZE_BOSTON_691C77C209,yes,1,14336
stg_portal_cka_analyze_boston_7d75fd803f__records,ripple_raw,PORTAL_CKA_ANALYZE_BOSTON_7D75FD803F,yes,134,17920
stg_portal_cka_analyze_boston_7f82f529e8__records,ripple_raw,PORTAL_CKA_ANALYZE_BOSTON_7F82F529E8,yes,60,18432
stg_portal_cka_analyze_boston_824b1b659e__records,ripple_raw,PORTAL_CKA_ANALYZE_BOSTON_824B1B659E,yes,988,317952
stg_portal_cka_analyze_boston_899bb82358__places,ripple_raw,PORTAL_CKA_ANALYZE_BOSTON_899BB82358,yes,572,51200
stg_portal_cka_analyze_boston_8a02ca5e02__places,ripple_raw,PORTAL_CKA_ANALYZE_BOSTON_8A02CA5E02,yes,1382,141824
stg_portal_cka_analyze_boston_97789ab639__places,ripple_raw,PORTAL_CKA_ANALYZE_BOSTON_97789AB639,yes,52,12288
stg_portal_cka_analyze_boston_99d95f2df0__places,ripple_raw,PORTAL_CKA_ANALYZE_BOSTON_99D95F2DF0,yes,207,16896
stg_portal_cka_analyze_boston_9a0fe05b1b__records,ripple_raw,PORTAL_CKA_ANALYZE_BOSTON_9A0FE05B1B,yes,10000,724992
stg_portal_cka_analyze_boston_9fe0838e9f__places,ripple_raw,PORTAL_CKA_ANALYZE_BOSTON_9FE0838E9F,yes,968,258048
stg_portal_cka_analyze_boston_a4a4828973__places,ripple_raw,PORTAL_CKA_ANALYZE_BOSTON_A4A4828973,yes,10000,1012224
stg_portal_cka_analyze_boston_a6c2b4684a__records,ripple_raw,PORTAL_CKA_ANALYZE_BOSTON_A6C2B4684A,yes,18,4608
stg_portal_cka_analyze_boston_acca0df381__records,ripple_raw,PORTAL_CKA_ANALYZE_BOSTON_ACCA0DF381,yes,3758,186368
stg_portal_cka_analyze_boston_b6c7223760__records,ripple_raw,PORTAL_CKA_ANALYZE_BOSTON_B6C7223760,yes,576,90112
stg_portal_cka_analyze_boston_bbe261accb__places,ripple_raw,PORTAL_CKA_ANALYZE_BOSTON_BBE261ACCB,yes,10000,1076224
stg_portal_cka_analyze_boston_bbe6f0fd04__records,ripple_raw,PORTAL_CKA_ANALYZE_BOSTON_BBE6F0FD04,yes,12,2560
stg_portal_cka_analyze_boston_d5a9ad584e__filings,ripple_raw,PORTAL_CKA_ANALYZE_BOSTON_D5A9AD584E,yes,10000,1061888
stg_portal_cka_analyze_boston_db1aefd5b6__records,ripple_raw,PORTAL_CKA_ANALYZE_BOSTON_DB1AEFD5B6,yes,2634,183808
stg_portal_cka_analyze_boston_db29ec5366__records,ripple_raw,PORTAL_CKA_ANALYZE_BOSTON_DB29EC5366,yes,10000,730624
stg_portal_cka_analyze_boston_dd269d0a1d__places,ripple_raw,PORTAL_CKA_ANALYZE_BOSTON_DD269D0A1D,yes,10000,1135616
stg_portal_cka_analyze_boston_df52d983a2__places,ripple_raw,PORTAL_CKA_ANALYZE_BOSTON_DF52D983A2,yes,208,642560
stg_portal_cka_analyze_boston_e1262d25c2__places,ripple_raw,PORTAL_CKA_ANALYZE_BOSTON_E1262D25C2,yes,35,9216
stg_portal_cka_analyze_boston_e4c004d662__cases,ripple_raw,PORTAL_CKA_ANALYZE_BOSTON_E4C004D662,yes,10000,1149440
stg_portal_cka_analyze_boston_eb235cdc7a__places,ripple_raw,PORTAL_CKA_ANALYZE_BOSTON_EB235CDC7A,yes,1314,90112
stg_portal_cka_analyze_boston_f1b3f76830__places,ripple_raw,PORTAL_CKA_ANALYZE_BOSTON_F1B3F76830,yes,9999,995840
stg_portal_cka_california_open_0ad648012f__records,ripple_raw,PORTAL_CKA_CALIFORNIA_OPEN_0AD648012F,yes,10000,415232
stg_portal_cka_california_open_0bc18bba68__places,ripple_raw,PORTAL_CKA_CALIFORNIA_OPEN_0BC18BBA68,yes,2,2048
stg_portal_cka_california_open_21e0e694b5__places,ripple_raw,PORTAL_CKA_CALIFORNIA_OPEN_21E0E694B5,yes,991,160768
stg_portal_cka_california_open_27dc9c9e51__places,ripple_raw,PORTAL_CKA_CALIFORNIA_OPEN_27DC9C9E51,yes,10000,1147904
stg_portal_cka_california_open_31deeff0a8__places,ripple_raw,PORTAL_CKA_CALIFORNIA_OPEN_31DEEFF0A8,yes,25,4608
stg_portal_cka_california_open_35e42b9770__records,ripple_raw,PORTAL_CKA_CALIFORNIA_OPEN_35E42B9770,yes,10000,1381376
stg_portal_cka_california_open_37c04cba4a__places,ripple_raw,PORTAL_CKA_CALIFORNIA_OPEN_37C04CBA4A,yes,1,1536
stg_portal_cka_california_open_3b70ad4f80__records,ripple_raw,PORTAL_CKA_CALIFORNIA_OPEN_3B70AD4F80,yes,7754,972800
stg_portal_cka_california_open_3ba640aa6e__places,ripple_raw,PORTAL_CKA_CALIFORNIA_OPEN_3BA640AA6E,yes,8,3072
stg_portal_cka_california_open_41b8625438__places,ripple_raw,PORTAL_CKA_CALIFORNIA_OPEN_41B8625438,yes,11,4608
stg_portal_cka_california_open_490b55c81b__records,ripple_raw,PORTAL_CKA_CALIFORNIA_OPEN_490B55C81B,yes,6160,435712
stg_portal_cka_california_open_49d5a45de1__places,ripple_raw,PORTAL_CKA_CALIFORNIA_OPEN_49D5A45DE1,yes,1,1536
stg_portal_cka_california_open_6083f016d2__places,ripple_raw,PORTAL_CKA_CALIFORNIA_OPEN_6083F016D2,yes,1,1536
stg_portal_cka_california_open_6611464444__places,ripple_raw,PORTAL_CKA_CALIFORNIA_OPEN_6611464444,yes,770,69632
stg_portal_cka_california_open_6a4468b24f__places,ripple_raw,PORTAL_CKA_CALIFORNIA_OPEN_6A4468B24F,yes,1,1536
stg_portal_cka_california_open_7f65d27db7__records,ripple_raw,PORTAL_CKA_CALIFORNIA_OPEN_7F65D27DB7,yes,71,10240
stg_portal_cka_california_open_823711435d__places,ripple_raw,PORTAL_CKA_CALIFORNIA_OPEN_823711435D,yes,27,3584
stg_portal_cka_california_open_8c4aa754ce__places,ripple_raw,PORTAL_CKA_CALIFORNIA_OPEN_8C4AA754CE,yes,1,1536
stg_portal_cka_california_open_9c50aef41d__places,ripple_raw,PORTAL_CKA_CALIFORNIA_OPEN_9C50AEF41D,yes,1721,125952
stg_portal_cka_california_open_a5d78a8b63__places,ripple_raw,PORTAL_CKA_CALIFORNIA_OPEN_A5D78A8B63,yes,1326,136192
stg_portal_cka_california_open_ac6c9e2b47__records,ripple_raw,PORTAL_CKA_CALIFORNIA_OPEN_AC6C9E2B47,yes,10000,555008
stg_portal_cka_california_open_b7d3e2c140__places,ripple_raw,PORTAL_CKA_CALIFORNIA_OPEN_B7D3E2C140,yes,41,5120
stg_portal_cka_california_open_c19a7c8625__places,ripple_raw,PORTAL_CKA_CALIFORNIA_OPEN_C19A7C8625,yes,4858,3508224
stg_portal_cka_california_open_c65b641866__records,ripple_raw,PORTAL_CKA_CALIFORNIA_OPEN_C65B641866,yes,10000,584704
stg_portal_cka_california_open_c86733ed60__places,ripple_raw,PORTAL_CKA_CALIFORNIA_OPEN_C86733ED60,yes,10000,1078272
stg_portal_cka_california_open_cb7c3747fc__places,ripple_raw,PORTAL_CKA_CALIFORNIA_OPEN_CB7C3747FC,yes,1513,117760
stg_portal_cka_california_open_e2cdcdbc2c__places,ripple_raw,PORTAL_CKA_CALIFORNIA_OPEN_E2CDCDBC2C,yes,134,11264
stg_portal_cka_california_open_ee216e8506__places,ripple_raw,PORTAL_CKA_CALIFORNIA_OPEN_EE216E8506,yes,4,2048
stg_portal_cka_california_open_f039e82e72__places,ripple_raw,PORTAL_CKA_CALIFORNIA_OPEN_F039E82E72,yes,83,16896
stg_portal_cka_california_open_f406aad424__places,ripple_raw,PORTAL_CKA_CALIFORNIA_OPEN_F406AAD424,yes,10000,814080
stg_portal_cka_california_open_f8f7b5716b__records,ripple_raw,PORTAL_CKA_CALIFORNIA_OPEN_F8F7B5716B,yes,808,18432
stg_portal_cka_houston_open_dat_07c9c99eb1__events,ripple_raw,PORTAL_CKA_HOUSTON_OPEN_DAT_07C9C99EB1,yes,2216,101888
stg_portal_cka_houston_open_dat_092dc52bc1__records,ripple_raw,PORTAL_CKA_HOUSTON_OPEN_DAT_092DC52BC1,yes,3524,344064
stg_portal_cka_houston_open_dat_09fd7e454a__records,ripple_raw,PORTAL_CKA_HOUSTON_OPEN_DAT_09FD7E454A,yes,28,4608
stg_portal_cka_houston_open_dat_0a6665137f__records,ripple_raw,PORTAL_CKA_HOUSTON_OPEN_DAT_0A6665137F,yes,3524,297984
stg_portal_cka_houston_open_dat_1629ef6392__records,ripple_raw,PORTAL_CKA_HOUSTON_OPEN_DAT_1629EF6392,yes,15,4096
stg_portal_cka_houston_open_dat_19cbd263cc__records,ripple_raw,PORTAL_CKA_HOUSTON_OPEN_DAT_19CBD263CC,yes,15,2048
stg_portal_cka_houston_open_dat_2e1926ecb2__records,ripple_raw,PORTAL_CKA_HOUSTON_OPEN_DAT_2E1926ECB2,yes,15,2560
stg_portal_cka_houston_open_dat_399393985d__records,ripple_raw,PORTAL_CKA_HOUSTON_OPEN_DAT_399393985D,yes,15,8704
stg_portal_cka_houston_open_dat_405fbdb44a__records,ripple_raw,PORTAL_CKA_HOUSTON_OPEN_DAT_405FBDB44A,yes,3524,176640
stg_portal_cka_houston_open_dat_442a765041__records,ripple_raw,PORTAL_CKA_HOUSTON_OPEN_DAT_442A765041,yes,3524,62464
stg_portal_cka_houston_open_dat_48b03033d3__records,ripple_raw,PORTAL_CKA_HOUSTON_OPEN_DAT_48B03033D3,yes,31,2560
stg_portal_cka_houston_open_dat_4df426d97d__records,ripple_raw,PORTAL_CKA_HOUSTON_OPEN_DAT_4DF426D97D,yes,3524,139264
stg_portal_cka_houston_open_dat_501ee45dc7__records,ripple_raw,PORTAL_CKA_HOUSTON_OPEN_DAT_501EE45DC7,yes,3524,172544
stg_portal_cka_houston_open_dat_583918009f__records,ripple_raw,PORTAL_CKA_HOUSTON_OPEN_DAT_583918009F,yes,3524,115712
stg_portal_cka_houston_open_dat_5848c85560__records,ripple_raw,PORTAL_CKA_HOUSTON_OPEN_DAT_5848C85560,yes,5060,264192
stg_portal_cka_houston_open_dat_6082321c0c__records,ripple_raw,PORTAL_CKA_HOUSTON_OPEN_DAT_6082321C0C,yes,3524,153088
stg_portal_cka_houston_open_dat_702315b033__records,ripple_raw,PORTAL_CKA_HOUSTON_OPEN_DAT_702315B033,yes,1056,57344
stg_portal_cka_houston_open_dat_76e445329f__records,ripple_raw,PORTAL_CKA_HOUSTON_OPEN_DAT_76E445329F,yes,4308,247296
stg_portal_cka_houston_open_dat_7a8148751c__records,ripple_raw,PORTAL_CKA_HOUSTON_OPEN_DAT_7A8148751C,yes,15,3584
stg_portal_cka_houston_open_dat_95cc6891bd__records,ripple_raw,PORTAL_CKA_HOUSTON_OPEN_DAT_95CC6891BD,yes,3524,98304
stg_portal_cka_houston_open_dat_a4490182ba__places,ripple_raw,PORTAL_CKA_HOUSTON_OPEN_DAT_A4490182BA,yes,10000,1456128
stg_portal_cka_houston_open_dat_aa67e5b416__records,ripple_raw,PORTAL_CKA_HOUSTON_OPEN_DAT_AA67E5B416,yes,15,4608
stg_portal_cka_houston_open_dat_ab35bb6552__places,ripple_raw,PORTAL_CKA_HOUSTON_OPEN_DAT_AB35BB6552,yes,9997,495616
stg_portal_cka_houston_open_dat_aeb065e230__records,ripple_raw,PORTAL_CKA_HOUSTON_OPEN_DAT_AEB065E230,yes,15,4608
stg_portal_cka_houston_open_dat_aefb1b6a56__records,ripple_raw,PORTAL_CKA_HOUSTON_OPEN_DAT_AEFB1B6A56,yes,3524,81408
stg_portal_cka_houston_open_dat_bdf3a70a86__records,ripple_raw,PORTAL_CKA_HOUSTON_OPEN_DAT_BDF3A70A86,yes,15,4096
stg_portal_cka_houston_open_dat_cfdcdf13fd__records,ripple_raw,PORTAL_CKA_HOUSTON_OPEN_DAT_CFDCDF13FD,yes,15,1536
stg_portal_cka_houston_open_dat_ebcdf36b9e__records,ripple_raw,PORTAL_CKA_HOUSTON_OPEN_DAT_EBCDF36B9E,yes,3524,131584
stg_portal_cka_houston_open_dat_f572136326__records,ripple_raw,PORTAL_CKA_HOUSTON_OPEN_DAT_F572136326,yes,15,2048
stg_portal_cka_houston_open_dat_fb1f968c19__records,ripple_raw,PORTAL_CKA_HOUSTON_OPEN_DAT_FB1F968C19,yes,1027,22016
stg_portal_cka_indiana_data_hub_7747efe139__records,ripple_raw,PORTAL_CKA_INDIANA_DATA_HUB_7747EFE139,yes,10000,852480
stg_portal_cka_indiana_data_hub_78f3e49d13__places,ripple_raw,PORTAL_CKA_INDIANA_DATA_HUB_78F3E49D13,yes,4730,219136
stg_portal_cka_indiana_data_hub_83ba6435c2__places,ripple_raw,PORTAL_CKA_INDIANA_DATA_HUB_83BA6435C2,yes,10000,336384
stg_portal_cka_indiana_data_hub_90819d705e__places,ripple_raw,PORTAL_CKA_INDIANA_DATA_HUB_90819D705E,yes,770,16896
stg_portal_cka_indiana_data_hub_90c2a3ca78__places,ripple_raw,PORTAL_CKA_INDIANA_DATA_HUB_90C2A3CA78,yes,784,11776
stg_portal_cka_indiana_data_hub_ba1b037c9e__places,ripple_raw,PORTAL_CKA_INDIANA_DATA_HUB_BA1B037C9E,yes,26,4608
stg_portal_cka_indiana_data_hub_bd531b17f6__places,ripple_raw,PORTAL_CKA_INDIANA_DATA_HUB_BD531B17F6,yes,92,5632
stg_portal_cka_indiana_data_hub_d4dae8d984__places,ripple_raw,PORTAL_CKA_INDIANA_DATA_HUB_D4DAE8D984,yes,10000,287232
stg_portal_cka_indiana_data_hub_fe00d42acc__places,ripple_raw,PORTAL_CKA_INDIANA_DATA_HUB_FE00D42ACC,yes,10000,129024
stg_portal_cka_ireland_national_12f7eae1d9__places,ripple_raw,PORTAL_CKA_IRELAND_NATIONAL_12F7EAE1D9,yes,49,6656
stg_portal_cka_ireland_national_4049d41c91__places,ripple_raw,PORTAL_CKA_IRELAND_NATIONAL_4049D41C91,yes,1,2048
stg_portal_cka_ireland_national_73a82cb256__places,ripple_raw,PORTAL_CKA_IRELAND_NATIONAL_73A82CB256,yes,6,2048
stg_portal_cka_ireland_national_f2efde1a8c__records,ripple_raw,PORTAL_CKA_IRELAND_NATIONAL_F2EFDE1A8C,yes,1206,137728
stg_portal_cka_israel_national_03d9d0d534__places,ripple_raw,PORTAL_CKA_ISRAEL_NATIONAL_03D9D0D534,yes,1439,72704
stg_portal_cka_israel_national_05cd5564c6__records,ripple_raw,PORTAL_CKA_ISRAEL_NATIONAL_05CD5564C6,yes,3810,527872
stg_portal_cka_israel_national_07ec1af377__records,ripple_raw,PORTAL_CKA_ISRAEL_NATIONAL_07EC1AF377,yes,3873,200704
stg_portal_cka_israel_national_12fc0d7b44__places,ripple_raw,PORTAL_CKA_ISRAEL_NATIONAL_12FC0D7B44,yes,1174,119296
stg_portal_cka_israel_national_23ec89fe35__records,ripple_raw,PORTAL_CKA_ISRAEL_NATIONAL_23EC89FE35,yes,364,26624
stg_portal_cka_israel_national_2d69dc52e0__places,ripple_raw,PORTAL_CKA_ISRAEL_NATIONAL_2D69DC52E0,yes,43,7168
stg_portal_cka_israel_national_32cf786f4c__records,ripple_raw,PORTAL_CKA_ISRAEL_NATIONAL_32CF786F4C,yes,7534,771584
stg_portal_cka_israel_national_338ef2b642__records,ripple_raw,PORTAL_CKA_ISRAEL_NATIONAL_338EF2B642,yes,10000,468992
stg_portal_cka_israel_national_44788840fc__records,ripple_raw,PORTAL_CKA_ISRAEL_NATIONAL_44788840FC,yes,2551,96256
stg_portal_cka_israel_national_50096ddb0e__records,ripple_raw,PORTAL_CKA_ISRAEL_NATIONAL_50096DDB0E,yes,10000,705024
stg_portal_cka_israel_national_511b70eb2b__records,ripple_raw,PORTAL_CKA_ISRAEL_NATIONAL_511B70EB2B,yes,10000,269824
stg_portal_cka_israel_national_6272f09a75__places,ripple_raw,PORTAL_CKA_ISRAEL_NATIONAL_6272F09A75,yes,17,3584
stg_portal_cka_israel_national_6c5e40114c__records,ripple_raw,PORTAL_CKA_ISRAEL_NATIONAL_6C5E40114C,yes,10000,444928
stg_portal_cka_israel_national_6fa4de9040__places,ripple_raw,PORTAL_CKA_ISRAEL_NATIONAL_6FA4DE9040,yes,2637,211968
stg_portal_cka_israel_national_7362ebc06f__records,ripple_raw,PORTAL_CKA_ISRAEL_NATIONAL_7362EBC06F,yes,9081,598016
stg_portal_cka_israel_national_964780e58d__records,ripple_raw,PORTAL_CKA_ISRAEL_NATIONAL_964780E58D,yes,17,4608
stg_portal_cka_israel_national_b37ba647d0__records,ripple_raw,PORTAL_CKA_ISRAEL_NATIONAL_B37BA647D0,yes,9000,978944
stg_portal_cka_israel_national_c05e5881a0__places,ripple_raw,PORTAL_CKA_ISRAEL_NATIONAL_C05E5881A0,yes,25,6144
stg_portal_cka_israel_national_c596979f55__places,ripple_raw,PORTAL_CKA_ISRAEL_NATIONAL_C596979F55,yes,231,13824
stg_portal_cka_israel_national_d59087e169__records,ripple_raw,PORTAL_CKA_ISRAEL_NATIONAL_D59087E169,yes,10000,546816
stg_portal_cka_israel_national_da3ca6db5d__records,ripple_raw,PORTAL_CKA_ISRAEL_NATIONAL_DA3CA6DB5D,yes,10000,711680
stg_portal_cka_israel_national_e3d369b05f__places,ripple_raw,PORTAL_CKA_ISRAEL_NATIONAL_E3D369B05F,yes,2297,125952
stg_portal_cka_israel_national_ee52e94997__records,ripple_raw,PORTAL_CKA_ISRAEL_NATIONAL_EE52E94997,yes,864,138240
stg_portal_cka_israel_national_ff540a3c79__places,ripple_raw,PORTAL_CKA_ISRAEL_NATIONAL_FF540A3C79,yes,35,379392
stg_portal_cka_open_data_sa_136d910ad7__places,ripple_raw,PORTAL_CKA_OPEN_DATA_SA_136D910AD7,yes,4,2048
stg_portal_cka_open_data_sa_19461cbd4a__places,ripple_raw,PORTAL_CKA_OPEN_DATA_SA_19461CBD4A,yes,19,2560
stg_portal_cka_open_data_sa_19f13722dd__places,ripple_raw,PORTAL_CKA_OPEN_DATA_SA_19F13722DD,yes,801,29696
stg_portal_cka_open_data_sa_1c37ee3869__places,ripple_raw,PORTAL_CKA_OPEN_DATA_SA_1C37EE3869,yes,8640,864768
stg_portal_cka_open_data_sa_1e2348f9b1__places,ripple_raw,PORTAL_CKA_OPEN_DATA_SA_1E2348F9B1,yes,10000,686080
stg_portal_cka_open_data_sa_1f87a7ae2d__places,ripple_raw,PORTAL_CKA_OPEN_DATA_SA_1F87A7AE2D,yes,8547,568320
stg_portal_cka_open_data_sa_2c667a6fc6__places,ripple_raw,PORTAL_CKA_OPEN_DATA_SA_2C667A6FC6,yes,10000,704512
stg_portal_cka_open_data_sa_2f8287a9cb__places,ripple_raw,PORTAL_CKA_OPEN_DATA_SA_2F8287A9CB,yes,1405,94720
stg_portal_cka_open_data_sa_2fcd3aefd6__places,ripple_raw,PORTAL_CKA_OPEN_DATA_SA_2FCD3AEFD6,yes,1214,80384
stg_portal_cka_open_data_sa_320c4dfdb2__places,ripple_raw,PORTAL_CKA_OPEN_DATA_SA_320C4DFDB2,yes,6,1536
stg_portal_cka_open_data_sa_3769bb8138__places,ripple_raw,PORTAL_CKA_OPEN_DATA_SA_3769BB8138,yes,10,2560
stg_portal_cka_open_data_sa_38df78bd6d__places,ripple_raw,PORTAL_CKA_OPEN_DATA_SA_38DF78BD6D,yes,115,8704
stg_portal_cka_open_data_sa_3b9ccbcfd0__places,ripple_raw,PORTAL_CKA_OPEN_DATA_SA_3B9CCBCFD0,yes,15,2560
stg_portal_cka_open_data_sa_424e5a26f3__places,ripple_raw,PORTAL_CKA_OPEN_DATA_SA_424E5A26F3,yes,3597,162304
stg_portal_cka_open_data_sa_46bf1abbc1__places,ripple_raw,PORTAL_CKA_OPEN_DATA_SA_46BF1ABBC1,yes,1,1536
stg_portal_cka_open_data_sa_581de3800b__places,ripple_raw,PORTAL_CKA_OPEN_DATA_SA_581DE3800B,yes,12,2048
stg_portal_cka_open_data_sa_58b0401c9a__places,ripple_raw,PORTAL_CKA_OPEN_DATA_SA_58B0401C9A,yes,10000,720384
stg_portal_cka_open_data_sa_5b3ce659e5__records,ripple_raw,PORTAL_CKA_OPEN_DATA_SA_5B3CE659E5,yes,108,9728
stg_portal_cka_open_data_sa_61f8b1c981__places,ripple_raw,PORTAL_CKA_OPEN_DATA_SA_61F8B1C981,yes,337,26624
stg_portal_cka_open_data_sa_6891c6fcc4__places,ripple_raw,PORTAL_CKA_OPEN_DATA_SA_6891C6FCC4,yes,12,2560
stg_portal_cka_open_data_sa_68bcb9dda1__places,ripple_raw,PORTAL_CKA_OPEN_DATA_SA_68BCB9DDA1,yes,20,3072
stg_portal_cka_open_data_sa_726064391e__places,ripple_raw,PORTAL_CKA_OPEN_DATA_SA_726064391E,yes,292,35328
stg_portal_cka_open_data_sa_7659b16d25__places,ripple_raw,PORTAL_CKA_OPEN_DATA_SA_7659B16D25,yes,7,2048
stg_portal_cka_open_data_sa_87c271a71e__places,ripple_raw,PORTAL_CKA_OPEN_DATA_SA_87C271A71E,yes,10,2048
stg_portal_cka_open_data_sa_9548772c45__places,ripple_raw,PORTAL_CKA_OPEN_DATA_SA_9548772C45,yes,21,3584
stg_portal_cka_open_data_sa_9770eb9ebd__places,ripple_raw,PORTAL_CKA_OPEN_DATA_SA_9770EB9EBD,yes,14,2560
stg_portal_cka_open_data_sa_98d226a574__places,ripple_raw,PORTAL_CKA_OPEN_DATA_SA_98D226A574,yes,12,2048
stg_portal_cka_open_data_sa_9c302ca0ab__places,ripple_raw,PORTAL_CKA_OPEN_DATA_SA_9C302CA0AB,yes,3,2048
stg_portal_cka_open_data_sa_9dca88d285__places,ripple_raw,PORTAL_CKA_OPEN_DATA_SA_9DCA88D285,yes,617,63488
stg_portal_cka_open_data_sa_a8ef161189__places,ripple_raw,PORTAL_CKA_OPEN_DATA_SA_A8EF161189,yes,6493,486400
stg_portal_cka_open_data_sa_ad9a53047c__places,ripple_raw,PORTAL_CKA_OPEN_DATA_SA_AD9A53047C,yes,8,2048
stg_portal_cka_open_data_sa_afe18e40af__places,ripple_raw,PORTAL_CKA_OPEN_DATA_SA_AFE18E40AF,yes,27,3072
stg_portal_cka_open_data_sa_b9860a2de3__places,ripple_raw,PORTAL_CKA_OPEN_DATA_SA_B9860A2DE3,yes,1,1536
stg_portal_cka_open_data_sa_c12d73f01d__places,ripple_raw,PORTAL_CKA_OPEN_DATA_SA_C12D73F01D,yes,4976,220672
stg_portal_cka_open_data_sa_c589d75d2f__places,ripple_raw,PORTAL_CKA_OPEN_DATA_SA_C589D75D2F,yes,12,2048
stg_portal_cka_open_data_sa_c7cf87b213__places,ripple_raw,PORTAL_CKA_OPEN_DATA_SA_C7CF87B213,yes,10000,929792
stg_portal_cka_open_data_sa_cc35a6d7fa__places,ripple_raw,PORTAL_CKA_OPEN_DATA_SA_CC35A6D7FA,yes,11,2560
stg_portal_cka_open_data_sa_ce75f7fdde__places,ripple_raw,PORTAL_CKA_OPEN_DATA_SA_CE75F7FDDE,yes,7,2048
stg_portal_cka_open_data_sa_ceb607964a__places,ripple_raw,PORTAL_CKA_OPEN_DATA_SA_CEB607964A,yes,1,1536
stg_portal_cka_open_data_sa_d06a042788__places,ripple_raw,PORTAL_CKA_OPEN_DATA_SA_D06A042788,yes,928,66560
stg_portal_cka_open_data_sa_d4bc1d6201__places,ripple_raw,PORTAL_CKA_OPEN_DATA_SA_D4BC1D6201,yes,101,2560
stg_portal_cka_open_data_sa_d770780eeb__places,ripple_raw,PORTAL_CKA_OPEN_DATA_SA_D770780EEB,yes,1,1536
stg_portal_cka_open_data_sa_dc31e10278__places,ripple_raw,PORTAL_CKA_OPEN_DATA_SA_DC31E10278,yes,40,4096
stg_portal_cka_open_data_sa_dd50c64c64__places,ripple_raw,PORTAL_CKA_OPEN_DATA_SA_DD50C64C64,yes,10,2560
stg_portal_cka_open_data_sa_e078d81651__places,ripple_raw,PORTAL_CKA_OPEN_DATA_SA_E078D81651,yes,902,116224
stg_portal_cka_open_data_sa_e2b711db0f__places,ripple_raw,PORTAL_CKA_OPEN_DATA_SA_E2B711DB0F,yes,10000,706048
stg_portal_cka_open_data_sa_e6366cdfc9__places,ripple_raw,PORTAL_CKA_OPEN_DATA_SA_E6366CDFC9,yes,88,7680
stg_portal_cka_open_data_sa_e8025ed747__places,ripple_raw,PORTAL_CKA_OPEN_DATA_SA_E8025ED747,yes,166,10752
stg_portal_cka_open_data_sa_e83e833a45__places,ripple_raw,PORTAL_CKA_OPEN_DATA_SA_E83E833A45,yes,816,95232
stg_portal_cka_open_data_sa_e846782f2c__records,ripple_raw,PORTAL_CKA_OPEN_DATA_SA_E846782F2C,yes,133,37888
stg_portal_cka_open_data_sa_e8bb377538__places,ripple_raw,PORTAL_CKA_OPEN_DATA_SA_E8BB377538,yes,1,1536
stg_portal_cka_open_data_sa_e90902c24c__places,ripple_raw,PORTAL_CKA_OPEN_DATA_SA_E90902C24C,yes,10000,728576
stg_portal_cka_open_data_sa_f38d25f947__places,ripple_raw,PORTAL_CKA_OPEN_DATA_SA_F38D25F947,yes,53,4096
stg_portal_cka_open_data_sa_fa2a7705ec__places,ripple_raw,PORTAL_CKA_OPEN_DATA_SA_FA2A7705EC,yes,3,1536
stg_portal_cka_open_data_sa_fc8f1bae69__places,ripple_raw,PORTAL_CKA_OPEN_DATA_SA_FC8F1BAE69,yes,11,2048
stg_portal_cka_san_jose_open_da_00b8041d47__records,ripple_raw,PORTAL_CKA_SAN_JOSE_OPEN_DA_00B8041D47,yes,10000,355328
stg_portal_cka_san_jose_open_da_03014f9c15__places,ripple_raw,PORTAL_CKA_SAN_JOSE_OPEN_DA_03014F9C15,yes,1246,105984
stg_portal_cka_san_jose_open_da_0d51ec3643__places,ripple_raw,PORTAL_CKA_SAN_JOSE_OPEN_DA_0D51EC3643,yes,10000,848384
stg_portal_cka_san_jose_open_da_0e84d71b5d__places,ripple_raw,PORTAL_CKA_SAN_JOSE_OPEN_DA_0E84D71B5D,yes,112,24576
stg_portal_cka_san_jose_open_da_131db5b4a0__places,ripple_raw,PORTAL_CKA_SAN_JOSE_OPEN_DA_131DB5B4A0,yes,10000,442368
stg_portal_cka_san_jose_open_da_151f8e4dbb__places,ripple_raw,PORTAL_CKA_SAN_JOSE_OPEN_DA_151F8E4DBB,yes,10000,848384
stg_portal_cka_san_jose_open_da_17dd46ea4d__places,ripple_raw,PORTAL_CKA_SAN_JOSE_OPEN_DA_17DD46EA4D,yes,589,47616
stg_portal_cka_san_jose_open_da_1f745f1e15__places,ripple_raw,PORTAL_CKA_SAN_JOSE_OPEN_DA_1F745F1E15,yes,581,27136
stg_portal_cka_san_jose_open_da_2789ef054e__places,ripple_raw,PORTAL_CKA_SAN_JOSE_OPEN_DA_2789EF054E,yes,6486,535040
stg_portal_cka_san_jose_open_da_2a3d59095b__places,ripple_raw,PORTAL_CKA_SAN_JOSE_OPEN_DA_2A3D59095B,yes,10000,1167872
stg_portal_cka_san_jose_open_da_2ed954c361__places,ripple_raw,PORTAL_CKA_SAN_JOSE_OPEN_DA_2ED954C361,yes,297,19968
stg_portal_cka_san_jose_open_da_390a683a1f__places,ripple_raw,PORTAL_CKA_SAN_JOSE_OPEN_DA_390A683A1F,yes,2641,122368
stg_portal_cka_san_jose_open_da_4006091422__places,ripple_raw,PORTAL_CKA_SAN_JOSE_OPEN_DA_4006091422,yes,8,3072
stg_portal_cka_san_jose_open_da_4b62ee3e47__places,ripple_raw,PORTAL_CKA_SAN_JOSE_OPEN_DA_4B62EE3E47,yes,312,11776
stg_portal_cka_san_jose_open_da_5635d41e74__places,ripple_raw,PORTAL_CKA_SAN_JOSE_OPEN_DA_5635D41E74,yes,1411,176640
stg_portal_cka_san_jose_open_da_5a544b8d01__places,ripple_raw,PORTAL_CKA_SAN_JOSE_OPEN_DA_5A544B8D01,yes,1336,86016
stg_portal_cka_san_jose_open_da_5b443a0101__places,ripple_raw,PORTAL_CKA_SAN_JOSE_OPEN_DA_5B443A0101,yes,18,4096
stg_portal_cka_san_jose_open_da_5ed011d868__places,ripple_raw,PORTAL_CKA_SAN_JOSE_OPEN_DA_5ED011D868,yes,60,28160
stg_portal_cka_san_jose_open_da_788cbd21b2__places,ripple_raw,PORTAL_CKA_SAN_JOSE_OPEN_DA_788CBD21B2,yes,1701,74240
stg_portal_cka_san_jose_open_da_794f17ebe2__places,ripple_raw,PORTAL_CKA_SAN_JOSE_OPEN_DA_794F17EBE2,yes,5025,431104
stg_portal_cka_san_jose_open_da_7b1a49b2ac__places,ripple_raw,PORTAL_CKA_SAN_JOSE_OPEN_DA_7B1A49B2AC,yes,2100,117248
stg_portal_cka_san_jose_open_da_804d7561a2__places,ripple_raw,PORTAL_CKA_SAN_JOSE_OPEN_DA_804D7561A2,yes,94,11264
stg_portal_cka_san_jose_open_da_846214a7c0__places,ripple_raw,PORTAL_CKA_SAN_JOSE_OPEN_DA_846214A7C0,yes,993,90112
stg_portal_cka_san_jose_open_da_876760587a__places,ripple_raw,PORTAL_CKA_SAN_JOSE_OPEN_DA_876760587A,yes,8,2560
stg_portal_cka_san_jose_open_da_8ae30c65de__places,ripple_raw,PORTAL_CKA_SAN_JOSE_OPEN_DA_8AE30C65DE,yes,10000,475136
stg_portal_cka_san_jose_open_da_8bc8cd595b__places,ripple_raw,PORTAL_CKA_SAN_JOSE_OPEN_DA_8BC8CD595B,yes,569,66560
stg_portal_cka_san_jose_open_da_98849b65ee__places,ripple_raw,PORTAL_CKA_SAN_JOSE_OPEN_DA_98849B65EE,yes,1616,215552
stg_portal_cka_san_jose_open_da_9bcce40a0f__places,ripple_raw,PORTAL_CKA_SAN_JOSE_OPEN_DA_9BCCE40A0F,yes,3591,192000
stg_portal_cka_san_jose_open_da_9e83620979__places,ripple_raw,PORTAL_CKA_SAN_JOSE_OPEN_DA_9E83620979,yes,62,5632
stg_portal_cka_san_jose_open_da_9eb7d97238__places,ripple_raw,PORTAL_CKA_SAN_JOSE_OPEN_DA_9EB7D97238,yes,58,12288
stg_portal_cka_san_jose_open_da_9f5fd1969e__places,ripple_raw,PORTAL_CKA_SAN_JOSE_OPEN_DA_9F5FD1969E,yes,6,2560
stg_portal_cka_san_jose_open_da_a02c259acb__places,ripple_raw,PORTAL_CKA_SAN_JOSE_OPEN_DA_A02C259ACB,yes,713,54272
stg_portal_cka_san_jose_open_da_a1a1e9ba90__places,ripple_raw,PORTAL_CKA_SAN_JOSE_OPEN_DA_A1A1E9BA90,yes,45,5120
stg_portal_cka_san_jose_open_da_a52d30d858__places,ripple_raw,PORTAL_CKA_SAN_JOSE_OPEN_DA_A52D30D858,yes,1,1536
stg_portal_cka_san_jose_open_da_ad9c79b3a8__places,ripple_raw,PORTAL_CKA_SAN_JOSE_OPEN_DA_AD9C79B3A8,yes,10000,846336
stg_portal_cka_san_jose_open_da_b00393d49e__places,ripple_raw,PORTAL_CKA_SAN_JOSE_OPEN_DA_B00393D49E,yes,15,3584
stg_portal_cka_san_jose_open_da_b374feda3d__places,ripple_raw,PORTAL_CKA_SAN_JOSE_OPEN_DA_B374FEDA3D,yes,24,4608
stg_portal_cka_san_jose_open_da_b5470e08fd__places,ripple_raw,PORTAL_CKA_SAN_JOSE_OPEN_DA_B5470E08FD,yes,3000,265216
stg_portal_cka_san_jose_open_da_b6d7cbc686__places,ripple_raw,PORTAL_CKA_SAN_JOSE_OPEN_DA_B6D7CBC686,yes,10000,1136640
stg_portal_cka_san_jose_open_da_b7879ede0f__places,ripple_raw,PORTAL_CKA_SAN_JOSE_OPEN_DA_B7879EDE0F,yes,882,61952
stg_portal_cka_san_jose_open_da_ba17cfeaef__places,ripple_raw,PORTAL_CKA_SAN_JOSE_OPEN_DA_BA17CFEAEF,yes,2,1536
stg_portal_cka_san_jose_open_da_cc6148cb20__places,ripple_raw,PORTAL_CKA_SAN_JOSE_OPEN_DA_CC6148CB20,yes,5794,385536
stg_portal_cka_san_jose_open_da_cf566b299b__places,ripple_raw,PORTAL_CKA_SAN_JOSE_OPEN_DA_CF566B299B,yes,4190,197120
stg_portal_cka_san_jose_open_da_d8576cbeb1__places,ripple_raw,PORTAL_CKA_SAN_JOSE_OPEN_DA_D8576CBEB1,yes,786,36864
stg_portal_cka_san_jose_open_da_d86291aab8__places,ripple_raw,PORTAL_CKA_SAN_JOSE_OPEN_DA_D86291AAB8,yes,1389,118784
stg_portal_cka_san_jose_open_da_da9d21318d__places,ripple_raw,PORTAL_CKA_SAN_JOSE_OPEN_DA_DA9D21318D,yes,352,61440
stg_portal_cka_san_jose_open_da_e2d21c0535__places,ripple_raw,PORTAL_CKA_SAN_JOSE_OPEN_DA_E2D21C0535,yes,246,38912
stg_portal_cka_san_jose_open_da_e2e136dbe8__places,ripple_raw,PORTAL_CKA_SAN_JOSE_OPEN_DA_E2E136DBE8,yes,789,62464
stg_portal_cka_san_jose_open_da_e55babfe84__places,ripple_raw,PORTAL_CKA_SAN_JOSE_OPEN_DA_E55BABFE84,yes,31,5632
stg_portal_cka_san_jose_open_da_e5e353e19d__places,ripple_raw,PORTAL_CKA_SAN_JOSE_OPEN_DA_E5E353E19D,yes,6,2560
stg_portal_cka_san_jose_open_da_f1d1bdd645__places,ripple_raw,PORTAL_CKA_SAN_JOSE_OPEN_DA_F1D1BDD645,yes,2,2048
stg_portal_cka_san_jose_open_da_f8c410bb6b__places,ripple_raw,PORTAL_CKA_SAN_JOSE_OPEN_DA_F8C410BB6B,yes,1832,137216
stg_portal_cka_san_jose_open_da_faad5a2133__places,ripple_raw,PORTAL_CKA_SAN_JOSE_OPEN_DA_FAAD5A2133,yes,3191,181760
stg_portal_cka_tampa_open_data_044202d137__records,ripple_raw,PORTAL_CKA_TAMPA_OPEN_DATA_044202D137,yes,42,3072
stg_portal_cka_tampa_open_data_06c9cc7276__records,ripple_raw,PORTAL_CKA_TAMPA_OPEN_DATA_06C9CC7276,yes,221,7680
stg_portal_cka_tampa_open_data_18b980d54d__records,ripple_raw,PORTAL_CKA_TAMPA_OPEN_DATA_18B980D54D,yes,952,23552
stg_portal_cka_tampa_open_data_2ff7ba4861__records,ripple_raw,PORTAL_CKA_TAMPA_OPEN_DATA_2FF7BA4861,yes,150,5632
stg_portal_cka_tampa_open_data_31262c6d5a__records,ripple_raw,PORTAL_CKA_TAMPA_OPEN_DATA_31262C6D5A,yes,348,12288
stg_portal_cka_tampa_open_data_33f54db74c__records,ripple_raw,PORTAL_CKA_TAMPA_OPEN_DATA_33F54DB74C,yes,1571,38400
stg_portal_cka_tampa_open_data_35b3415bb7__records,ripple_raw,PORTAL_CKA_TAMPA_OPEN_DATA_35B3415BB7,yes,4767,77824
stg_portal_cka_tampa_open_data_39c5b89d70__records,ripple_raw,PORTAL_CKA_TAMPA_OPEN_DATA_39C5B89D70,yes,29,3072
stg_portal_cka_tampa_open_data_3aa5c05b7d__records,ripple_raw,PORTAL_CKA_TAMPA_OPEN_DATA_3AA5C05B7D,yes,28,3072
stg_portal_cka_tampa_open_data_456ec0addb__records,ripple_raw,PORTAL_CKA_TAMPA_OPEN_DATA_456EC0ADDB,yes,829,22528
stg_portal_cka_tampa_open_data_485b900d71__records,ripple_raw,PORTAL_CKA_TAMPA_OPEN_DATA_485B900D71,yes,604,18944
stg_portal_cka_tampa_open_data_662d0d6bcb__records,ripple_raw,PORTAL_CKA_TAMPA_OPEN_DATA_662D0D6BCB,yes,694,16896
stg_portal_cka_tampa_open_data_6a2b19fd67__records,ripple_raw,PORTAL_CKA_TAMPA_OPEN_DATA_6A2B19FD67,yes,477,14336
stg_portal_cka_tampa_open_data_6c25ea91d4__records,ripple_raw,PORTAL_CKA_TAMPA_OPEN_DATA_6C25EA91D4,yes,443,27136
stg_portal_cka_tampa_open_data_7b31b708c9__records,ripple_raw,PORTAL_CKA_TAMPA_OPEN_DATA_7B31B708C9,yes,104,6656
stg_portal_cka_tampa_open_data_8b7716d270__records,ripple_raw,PORTAL_CKA_TAMPA_OPEN_DATA_8B7716D270,yes,316,8704
stg_portal_cka_tampa_open_data_9909aa9ed8__records,ripple_raw,PORTAL_CKA_TAMPA_OPEN_DATA_9909AA9ED8,yes,2392,59904
stg_portal_cka_tampa_open_data_a61789d619__records,ripple_raw,PORTAL_CKA_TAMPA_OPEN_DATA_A61789D619,yes,106,5120
stg_portal_cka_tampa_open_data_c8043a5df9__records,ripple_raw,PORTAL_CKA_TAMPA_OPEN_DATA_C8043A5DF9,yes,69,4096
stg_portal_cka_tampa_open_data_ddbaf3b966__records,ripple_raw,PORTAL_CKA_TAMPA_OPEN_DATA_DDBAF3B966,yes,88,5120
stg_portal_cka_tampa_open_data_e00e42a7e9__records,ripple_raw,PORTAL_CKA_TAMPA_OPEN_DATA_E00E42A7E9,yes,43,3072
stg_portal_cka_tampa_open_data_e290dd0b04__records,ripple_raw,PORTAL_CKA_TAMPA_OPEN_DATA_E290DD0B04,yes,44,3584
stg_portal_cka_tampa_open_data_e589c6750a__records,ripple_raw,PORTAL_CKA_TAMPA_OPEN_DATA_E589C6750A,yes,218,8704
stg_portal_cka_tampa_open_data_eaee1e870c__records,ripple_raw,PORTAL_CKA_TAMPA_OPEN_DATA_EAEE1E870C,yes,82,6144
stg_portal_cka_virginia_open_da_039aacd655__records,ripple_raw,PORTAL_CKA_VIRGINIA_OPEN_DA_039AACD655,yes,10000,988160
stg_portal_cka_virginia_open_da_11b79485f6__records,ripple_raw,PORTAL_CKA_VIRGINIA_OPEN_DA_11B79485F6,yes,554,57856
stg_portal_cka_virginia_open_da_1d39bdec50__records,ripple_raw,PORTAL_CKA_VIRGINIA_OPEN_DA_1D39BDEC50,yes,10000,1723392
stg_portal_cka_virginia_open_da_3bb10a6097__places,ripple_raw,PORTAL_CKA_VIRGINIA_OPEN_DA_3BB10A6097,yes,263,22528
stg_portal_cka_virginia_open_da_3e67a117fb__places,ripple_raw,PORTAL_CKA_VIRGINIA_OPEN_DA_3E67A117FB,yes,9507,214016
stg_portal_cka_virginia_open_da_58cf45d167__places,ripple_raw,PORTAL_CKA_VIRGINIA_OPEN_DA_58CF45D167,yes,78,7680
stg_portal_cka_virginia_open_da_651c0c423a__places,ripple_raw,PORTAL_CKA_VIRGINIA_OPEN_DA_651C0C423A,yes,449,52736
stg_portal_cka_virginia_open_da_6973fd2ba7__places,ripple_raw,PORTAL_CKA_VIRGINIA_OPEN_DA_6973FD2BA7,yes,6,2048
stg_portal_cka_virginia_open_da_77706d86da__records,ripple_raw,PORTAL_CKA_VIRGINIA_OPEN_DA_77706D86DA,yes,10000,3121152
stg_portal_cka_virginia_open_da_97ad4bc66c__records,ripple_raw,PORTAL_CKA_VIRGINIA_OPEN_DA_97AD4BC66C,yes,4457,535552
stg_portal_cka_virginia_open_da_ac3869ee0e__records,ripple_raw,PORTAL_CKA_VIRGINIA_OPEN_DA_AC3869EE0E,yes,10000,2089472
stg_portal_cka_virginia_open_da_ace8ac0352__records,ripple_raw,PORTAL_CKA_VIRGINIA_OPEN_DA_ACE8AC0352,yes,1045,152064
stg_portal_cka_virginia_open_da_ae7dccb05b__records,ripple_raw,PORTAL_CKA_VIRGINIA_OPEN_DA_AE7DCCB05B,yes,10000,1116672
stg_portal_cka_virginia_open_da_cbc7fe8b75__places,ripple_raw,PORTAL_CKA_VIRGINIA_OPEN_DA_CBC7FE8B75,yes,10000,108544
stg_portal_cka_virginia_open_da_e4498c978c__records,ripple_raw,PORTAL_CKA_VIRGINIA_OPEN_DA_E4498C978C,yes,1500,162816
stg_portal_cka_virginia_open_da_f40c1f2ece__places,ripple_raw,PORTAL_CKA_VIRGINIA_OPEN_DA_F40C1F2ECE,yes,10000,1260032
stg_portal_cka_virginia_open_da_f4fc6168ea__places,ripple_raw,PORTAL_CKA_VIRGINIA_OPEN_DA_F4FC6168EA,yes,356,66560
stg_portal_cka_virginia_open_da_fc2228a15b__places,ripple_raw,PORTAL_CKA_VIRGINIA_OPEN_DA_FC2228A15B,yes,4883,512000
stg_portal_cka_western_pennsylv_00ff03b195__places,ripple_raw,PORTAL_CKA_WESTERN_PENNSYLV_00FF03B195,yes,37,4608
stg_portal_cka_western_pennsylv_010a1b6275__places,ripple_raw,PORTAL_CKA_WESTERN_PENNSYLV_010A1B6275,yes,10000,4870656
stg_portal_cka_western_pennsylv_03ab547adb__places,ripple_raw,PORTAL_CKA_WESTERN_PENNSYLV_03AB547ADB,yes,111,128000
stg_portal_cka_western_pennsylv_0562c5dea2__places,ripple_raw,PORTAL_CKA_WESTERN_PENNSYLV_0562C5DEA2,yes,20,9216
stg_portal_cka_western_pennsylv_070a16004d__places,ripple_raw,PORTAL_CKA_WESTERN_PENNSYLV_070A16004D,yes,410,44544
stg_portal_cka_western_pennsylv_07eaf6e647__places,ripple_raw,PORTAL_CKA_WESTERN_PENNSYLV_07EAF6E647,yes,2,2560
stg_portal_cka_western_pennsylv_092b06e590__places,ripple_raw,PORTAL_CKA_WESTERN_PENNSYLV_092B06E590,yes,1327,308736
stg_portal_cka_western_pennsylv_09335a764b__records,ripple_raw,PORTAL_CKA_WESTERN_PENNSYLV_09335A764B,yes,9999,316928
stg_portal_cka_western_pennsylv_098bd87ff5__places,ripple_raw,PORTAL_CKA_WESTERN_PENNSYLV_098BD87FF5,yes,11,5632
stg_portal_cka_western_pennsylv_0ac79b8eba__places,ripple_raw,PORTAL_CKA_WESTERN_PENNSYLV_0AC79B8EBA,yes,10000,579584
stg_portal_cka_western_pennsylv_0af7431c6c__facilities,ripple_raw,PORTAL_CKA_WESTERN_PENNSYLV_0AF7431C6C,yes,10000,526336
stg_portal_cka_western_pennsylv_0c27c4aa90__places,ripple_raw,PORTAL_CKA_WESTERN_PENNSYLV_0C27C4AA90,yes,4,501760
stg_portal_cka_western_pennsylv_0c63c07381__places,ripple_raw,PORTAL_CKA_WESTERN_PENNSYLV_0C63C07381,yes,574,159744
stg_portal_cka_western_pennsylv_0dd7796234__places,ripple_raw,PORTAL_CKA_WESTERN_PENNSYLV_0DD7796234,yes,420,34816
stg_portal_cka_western_pennsylv_10c3e0c017__places,ripple_raw,PORTAL_CKA_WESTERN_PENNSYLV_10C3E0C017,yes,588,219648
stg_portal_cka_western_pennsylv_11aebe4994__places,ripple_raw,PORTAL_CKA_WESTERN_PENNSYLV_11AEBE4994,yes,2103,55296
stg_portal_cka_western_pennsylv_13793abc24__places,ripple_raw,PORTAL_CKA_WESTERN_PENNSYLV_13793ABC24,yes,7242,14334976
stg_portal_cka_western_pennsylv_1430aba184__places,ripple_raw,PORTAL_CKA_WESTERN_PENNSYLV_1430ABA184,yes,35,11776
stg_portal_cka_western_pennsylv_152133d5ed__records,ripple_raw,PORTAL_CKA_WESTERN_PENNSYLV_152133D5ED,yes,1792,121344
stg_portal_cka_western_pennsylv_1629502c35__places,ripple_raw,PORTAL_CKA_WESTERN_PENNSYLV_1629502C35,yes,24,9728
stg_portal_cka_western_pennsylv_1a89f1526c__places,ripple_raw,PORTAL_CKA_WESTERN_PENNSYLV_1A89F1526C,yes,10000,2476032
stg_portal_cka_western_pennsylv_20c6fc6029__records,ripple_raw,PORTAL_CKA_WESTERN_PENNSYLV_20C6FC6029,yes,1002,67072
stg_portal_cka_western_pennsylv_20e1a330ce__records,ripple_raw,PORTAL_CKA_WESTERN_PENNSYLV_20E1A330CE,yes,672,43520
stg_portal_cka_western_pennsylv_22bdd189f5__places,ripple_raw,PORTAL_CKA_WESTERN_PENNSYLV_22BDD189F5,yes,20,12288
stg_portal_cka_western_pennsylv_23b8b5b7d2__places,ripple_raw,PORTAL_CKA_WESTERN_PENNSYLV_23B8B5B7D2,yes,3420,217600
stg_portal_cka_western_pennsylv_257ffc7619__places,ripple_raw,PORTAL_CKA_WESTERN_PENNSYLV_257FFC7619,yes,9,6144
stg_portal_cka_western_pennsylv_26239ef185__places,ripple_raw,PORTAL_CKA_WESTERN_PENNSYLV_26239EF185,yes,739,62976
stg_portal_cka_western_pennsylv_26625d455c__places,ripple_raw,PORTAL_CKA_WESTERN_PENNSYLV_26625D455C,yes,49,11776
stg_portal_cka_western_pennsylv_2a3b161975__places,ripple_raw,PORTAL_CKA_WESTERN_PENNSYLV_2A3B161975,yes,47,18432
stg_portal_cka_western_pennsylv_2a71c11d68__places,ripple_raw,PORTAL_CKA_WESTERN_PENNSYLV_2A71C11D68,yes,7,3584
stg_portal_cka_western_pennsylv_2c3871611d__places,ripple_raw,PORTAL_CKA_WESTERN_PENNSYLV_2C3871611D,yes,583,25600
stg_portal_cka_western_pennsylv_2cfaaea4fd__places,ripple_raw,PORTAL_CKA_WESTERN_PENNSYLV_2CFAAEA4FD,yes,138,49152
stg_portal_cka_western_pennsylv_2dcbf2873b__places,ripple_raw,PORTAL_CKA_WESTERN_PENNSYLV_2DCBF2873B,yes,44,28160
stg_portal_cka_western_pennsylv_2dfc1addea__places,ripple_raw,PORTAL_CKA_WESTERN_PENNSYLV_2DFC1ADDEA,yes,7723,237568
stg_portal_cka_western_pennsylv_305157e72f__places,ripple_raw,PORTAL_CKA_WESTERN_PENNSYLV_305157E72F,yes,1026,101376
stg_portal_cka_western_pennsylv_321a6575f3__places,ripple_raw,PORTAL_CKA_WESTERN_PENNSYLV_321A6575F3,yes,10,117248
stg_portal_cka_western_pennsylv_36a8032a4c__places,ripple_raw,PORTAL_CKA_WESTERN_PENNSYLV_36A8032A4C,yes,1278,298496
stg_portal_cka_western_pennsylv_372d1987db__places,ripple_raw,PORTAL_CKA_WESTERN_PENNSYLV_372D1987DB,yes,52,25600
stg_portal_cka_western_pennsylv_38abdaec9d__places,ripple_raw,PORTAL_CKA_WESTERN_PENNSYLV_38ABDAEC9D,yes,1714,12667392
stg_portal_cka_western_pennsylv_3986161420__places,ripple_raw,PORTAL_CKA_WESTERN_PENNSYLV_3986161420,yes,368,304128
stg_portal_cka_western_pennsylv_3e5a14a8a0__places,ripple_raw,PORTAL_CKA_WESTERN_PENNSYLV_3E5A14A8A0,yes,138,237056
stg_portal_cka_western_pennsylv_440a699a5b__places,ripple_raw,PORTAL_CKA_WESTERN_PENNSYLV_440A699A5B,yes,10000,4166144
stg_portal_cka_western_pennsylv_49fab204aa__places,ripple_raw,PORTAL_CKA_WESTERN_PENNSYLV_49FAB204AA,yes,10,40448
stg_portal_cka_western_pennsylv_4a48dedefa__places,ripple_raw,PORTAL_CKA_WESTERN_PENNSYLV_4A48DEDEFA,yes,749,876544
stg_portal_cka_western_pennsylv_4c0f4e6c6c__places,ripple_raw,PORTAL_CKA_WESTERN_PENNSYLV_4C0F4E6C6C,yes,1323,90112
stg_portal_cka_western_pennsylv_4d90100824__places,ripple_raw,PORTAL_CKA_WESTERN_PENNSYLV_4D90100824,yes,1114,3477504
stg_portal_cka_western_pennsylv_4e5c66124a__places,ripple_raw,PORTAL_CKA_WESTERN_PENNSYLV_4E5C66124A,yes,10000,2099712
stg_portal_cka_western_pennsylv_4e9f15e555__places,ripple_raw,PORTAL_CKA_WESTERN_PENNSYLV_4E9F15E555,yes,130,1137152
stg_portal_cka_western_pennsylv_4fc22c2c30__places,ripple_raw,PORTAL_CKA_WESTERN_PENNSYLV_4FC22C2C30,yes,427,36864
stg_portal_cka_western_pennsylv_51b8dcf278__places,ripple_raw,PORTAL_CKA_WESTERN_PENNSYLV_51B8DCF278,yes,1975,114688
stg_portal_cka_western_pennsylv_55b456c408__places,ripple_raw,PORTAL_CKA_WESTERN_PENNSYLV_55B456C408,yes,51,14336
stg_portal_cka_western_pennsylv_5a83580b83__places,ripple_raw,PORTAL_CKA_WESTERN_PENNSYLV_5A83580B83,yes,445,29696
stg_portal_cka_western_pennsylv_5b3c7ae148__places,ripple_raw,PORTAL_CKA_WESTERN_PENNSYLV_5B3C7AE148,yes,585,662016
stg_portal_cka_western_pennsylv_5c36bf1b9f__places,ripple_raw,PORTAL_CKA_WESTERN_PENNSYLV_5C36BF1B9F,yes,627,94208
stg_portal_cka_western_pennsylv_6271eb297f__places,ripple_raw,PORTAL_CKA_WESTERN_PENNSYLV_6271EB297F,yes,1305,121344
stg_portal_cka_western_pennsylv_645f59a90f__places,ripple_raw,PORTAL_CKA_WESTERN_PENNSYLV_645F59A90F,yes,361,130560
stg_portal_cka_western_pennsylv_654e0b3182__places,ripple_raw,PORTAL_CKA_WESTERN_PENNSYLV_654E0B3182,yes,1058,500736
stg_portal_cka_western_pennsylv_68a8a0027a__places,ripple_raw,PORTAL_CKA_WESTERN_PENNSYLV_68A8A0027A,yes,10000,6266368
stg_portal_cka_western_pennsylv_69c80c6f70__places,ripple_raw,PORTAL_CKA_WESTERN_PENNSYLV_69C80C6F70,yes,1361,169984
stg_portal_cka_western_pennsylv_6a4c3e0e78__records,ripple_raw,PORTAL_CKA_WESTERN_PENNSYLV_6A4C3E0E78,yes,1000,90624
stg_portal_cka_western_pennsylv_6d76bcb39c__places,ripple_raw,PORTAL_CKA_WESTERN_PENNSYLV_6D76BCB39C,yes,5,5632
stg_portal_cka_western_pennsylv_6dc9e5d03f__places,ripple_raw,PORTAL_CKA_WESTERN_PENNSYLV_6DC9E5D03F,yes,114,121344
stg_portal_cka_western_pennsylv_6ea0259598__places,ripple_raw,PORTAL_CKA_WESTERN_PENNSYLV_6EA0259598,yes,307,87552
stg_portal_cka_western_pennsylv_72f70a0697__places,ripple_raw,PORTAL_CKA_WESTERN_PENNSYLV_72F70A0697,yes,102,30208
stg_portal_cka_western_pennsylv_769bebae41__records,ripple_raw,PORTAL_CKA_WESTERN_PENNSYLV_769BEBAE41,yes,2897,112640
stg_portal_cka_western_pennsylv_7880b791df__places,ripple_raw,PORTAL_CKA_WESTERN_PENNSYLV_7880B791DF,yes,10000,2622976
stg_portal_cka_western_pennsylv_7ac49e7444__places,ripple_raw,PORTAL_CKA_WESTERN_PENNSYLV_7AC49E7444,yes,37,308736
stg_portal_cka_western_pennsylv_7bfb1a4c7d__records,ripple_raw,PORTAL_CKA_WESTERN_PENNSYLV_7BFB1A4C7D,yes,70,7168
stg_portal_cka_western_pennsylv_7d8c19b074__records,ripple_raw,PORTAL_CKA_WESTERN_PENNSYLV_7D8C19B074,yes,523,51712
stg_portal_cka_western_pennsylv_82d49e467f__places,ripple_raw,PORTAL_CKA_WESTERN_PENNSYLV_82D49E467F,yes,645,2004992
stg_portal_cka_western_pennsylv_8863985427__places,ripple_raw,PORTAL_CKA_WESTERN_PENNSYLV_8863985427,yes,277,124416
stg_portal_cka_western_pennsylv_8a08b89d4d__places,ripple_raw,PORTAL_CKA_WESTERN_PENNSYLV_8A08B89D4D,yes,47,13824
stg_portal_cka_western_pennsylv_8b35a60c42__places,ripple_raw,PORTAL_CKA_WESTERN_PENNSYLV_8B35A60C42,yes,692,247808
stg_portal_cka_western_pennsylv_8b4d96292c__places,ripple_raw,PORTAL_CKA_WESTERN_PENNSYLV_8B4D96292C,yes,25,3584
stg_portal_cka_western_pennsylv_90a0a8b740__records,ripple_raw,PORTAL_CKA_WESTERN_PENNSYLV_90A0A8B740,yes,10000,626176
stg_portal_cka_western_pennsylv_90c8ee5e0c__places,ripple_raw,PORTAL_CKA_WESTERN_PENNSYLV_90C8EE5E0C,yes,90,21504
stg_portal_cka_western_pennsylv_93f5df3d76__places,ripple_raw,PORTAL_CKA_WESTERN_PENNSYLV_93F5DF3D76,yes,5108,361984
stg_portal_cka_western_pennsylv_9b3ec4abb9__places,ripple_raw,PORTAL_CKA_WESTERN_PENNSYLV_9B3EC4ABB9,yes,10000,613376
stg_portal_cka_western_pennsylv_9ef4c60f58__records,ripple_raw,PORTAL_CKA_WESTERN_PENNSYLV_9EF4C60F58,yes,2217,211456
stg_portal_cka_western_pennsylv_a28434a3c7__places,ripple_raw,PORTAL_CKA_WESTERN_PENNSYLV_A28434A3C7,yes,13,502272
stg_portal_cka_western_pennsylv_a3608ce8e0__places,ripple_raw,PORTAL_CKA_WESTERN_PENNSYLV_A3608CE8E0,yes,145,51200
stg_portal_cka_western_pennsylv_a3b7349811__records,ripple_raw,PORTAL_CKA_WESTERN_PENNSYLV_A3B7349811,yes,10000,2644480
stg_portal_cka_western_pennsylv_aad84a1f6e__records,ripple_raw,PORTAL_CKA_WESTERN_PENNSYLV_AAD84A1F6E,yes,412,38912
stg_portal_cka_western_pennsylv_ab591e1d68__places,ripple_raw,PORTAL_CKA_WESTERN_PENNSYLV_AB591E1D68,yes,79,7168
stg_portal_cka_western_pennsylv_abe01a0035__places,ripple_raw,PORTAL_CKA_WESTERN_PENNSYLV_ABE01A0035,yes,4,5120
stg_portal_cka_western_pennsylv_acac6b8fec__places,ripple_raw,PORTAL_CKA_WESTERN_PENNSYLV_ACAC6B8FEC,yes,76,4608
stg_portal_cka_western_pennsylv_ad0d8250df__places,ripple_raw,PORTAL_CKA_WESTERN_PENNSYLV_AD0D8250DF,yes,10000,563200
stg_portal_cka_western_pennsylv_b25e480dfc__assets,ripple_raw,PORTAL_CKA_WESTERN_PENNSYLV_B25E480DFC,yes,10000,927744
stg_portal_cka_western_pennsylv_b98322d4cc__places,ripple_raw,PORTAL_CKA_WESTERN_PENNSYLV_B98322D4CC,yes,24,3072
stg_portal_cka_western_pennsylv_bcbe92c64c__places,ripple_raw,PORTAL_CKA_WESTERN_PENNSYLV_BCBE92C64C,yes,12,8192
stg_portal_cka_western_pennsylv_bdeb900523__places,ripple_raw,PORTAL_CKA_WESTERN_PENNSYLV_BDEB900523,yes,46,9728
stg_portal_cka_western_pennsylv_bfee19f210__places,ripple_raw,PORTAL_CKA_WESTERN_PENNSYLV_BFEE19F210,yes,6,4608
stg_portal_cka_western_pennsylv_c458f119b1__places,ripple_raw,PORTAL_CKA_WESTERN_PENNSYLV_C458F119B1,yes,48,8192
stg_portal_cka_western_pennsylv_c7339fba3b__records,ripple_raw,PORTAL_CKA_WESTERN_PENNSYLV_C7339FBA3B,yes,40,9216
stg_portal_cka_western_pennsylv_c87fa1c650__places,ripple_raw,PORTAL_CKA_WESTERN_PENNSYLV_C87FA1C650,yes,2929,326144
stg_portal_cka_western_pennsylv_d179e603d1__places,ripple_raw,PORTAL_CKA_WESTERN_PENNSYLV_D179E603D1,yes,90,479744
stg_portal_cka_western_pennsylv_d7da51769c__records,ripple_raw,PORTAL_CKA_WESTERN_PENNSYLV_D7DA51769C,yes,10000,413696
stg_portal_cka_western_pennsylv_ddb61776d0__records,ripple_raw,PORTAL_CKA_WESTERN_PENNSYLV_DDB61776D0,yes,10000,351232
stg_portal_cka_western_pennsylv_e91e8047aa__places,ripple_raw,PORTAL_CKA_WESTERN_PENNSYLV_E91E8047AA,yes,10000,8944640
stg_portal_cka_western_pennsylv_eac54ade9a__places,ripple_raw,PORTAL_CKA_WESTERN_PENNSYLV_EAC54ADE9A,yes,10000,17739264
stg_portal_cka_western_pennsylv_ed65b530a3__places,ripple_raw,PORTAL_CKA_WESTERN_PENNSYLV_ED65B530A3,yes,10000,668160
stg_portal_cka_western_pennsylv_eed8a7bfa0__places,ripple_raw,PORTAL_CKA_WESTERN_PENNSYLV_EED8A7BFA0,yes,130,16384
stg_portal_cka_western_pennsylv_ef682f7e59__records,ripple_raw,PORTAL_CKA_WESTERN_PENNSYLV_EF682F7E59,yes,10000,1123328
stg_portal_cka_western_pennsylv_f1da76157b__places,ripple_raw,PORTAL_CKA_WESTERN_PENNSYLV_F1DA76157B,yes,45,14848
stg_portal_cka_western_pennsylv_f25943de2b__places,ripple_raw,PORTAL_CKA_WESTERN_PENNSYLV_F25943DE2B,yes,160,1350144
stg_portal_cka_western_pennsylv_f37c7e01bf__places,ripple_raw,PORTAL_CKA_WESTERN_PENNSYLV_F37C7E01BF,yes,215,813056
stg_portal_cka_western_pennsylv_f5e7848c24__places,ripple_raw,PORTAL_CKA_WESTERN_PENNSYLV_F5E7848C24,yes,1,28160
stg_portal_cka_western_pennsylv_f66e0e22da__places,ripple_raw,PORTAL_CKA_WESTERN_PENNSYLV_F66E0E22DA,yes,1431,976384
stg_portal_cka_western_pennsylv_f6a018a1cb__records,ripple_raw,PORTAL_CKA_WESTERN_PENNSYLV_F6A018A1CB,yes,8629,460288
stg_portal_cka_western_pennsylv_f810addeec__records,ripple_raw,PORTAL_CKA_WESTERN_PENNSYLV_F810ADDEEC,yes,6461,954880
stg_portal_cka_western_pennsylv_f82e02e6b2__records,ripple_raw,PORTAL_CKA_WESTERN_PENNSYLV_F82E02E6B2,yes,10000,2869760
stg_portal_cka_western_pennsylv_fbecf42e16__records,ripple_raw,PORTAL_CKA_WESTERN_PENNSYLV_FBECF42E16,yes,91,18432
stg_portal_cka_western_pennsylv_fc5ff8e6dd__places,ripple_raw,PORTAL_CKA_WESTERN_PENNSYLV_FC5FF8E6DD,yes,71,20480
stg_portal_cka_western_pennsylv_fd81b4fb82__records,ripple_raw,PORTAL_CKA_WESTERN_PENNSYLV_FD81B4FB82,yes,1194,62464
stg_portal_cka_western_pennsylv_fde38758c9__places,ripple_raw,PORTAL_CKA_WESTERN_PENNSYLV_FDE38758C9,yes,60,4096
stg_portal_cka_wprdc_allegheny_024b629f91__places,ripple_raw,PORTAL_CKA_WPRDC_ALLEGHENY_024B629F91,yes,9,6144
stg_portal_cka_wprdc_allegheny_0b1ba76ac0__places,ripple_raw,PORTAL_CKA_WPRDC_ALLEGHENY_0B1BA76AC0,yes,7242,14334976
stg_portal_cka_wprdc_allegheny_0cd6a9957c__records,ripple_raw,PORTAL_CKA_WPRDC_ALLEGHENY_0CD6A9957C,yes,412,38912
stg_portal_cka_wprdc_allegheny_12c9244c06__places,ripple_raw,PORTAL_CKA_WPRDC_ALLEGHENY_12C9244C06,yes,410,44544
stg_portal_cka_wprdc_allegheny_16a0bb67b4__records,ripple_raw,PORTAL_CKA_WPRDC_ALLEGHENY_16A0BB67B4,yes,672,43520
stg_portal_cka_wprdc_allegheny_191c75508b__places,ripple_raw,PORTAL_CKA_WPRDC_ALLEGHENY_191C75508B,yes,645,2004992
stg_portal_cka_wprdc_allegheny_1b2d51749e__records,ripple_raw,PORTAL_CKA_WPRDC_ALLEGHENY_1B2D51749E,yes,10000,2644480
stg_portal_cka_wprdc_allegheny_1ba8209338__records,ripple_raw,PORTAL_CKA_WPRDC_ALLEGHENY_1BA8209338,yes,10000,626176
stg_portal_cka_wprdc_allegheny_1c103ee2cd__places,ripple_raw,PORTAL_CKA_WPRDC_ALLEGHENY_1C103EE2CD,yes,3420,217600
stg_portal_cka_wprdc_allegheny_1e2c46c189__places,ripple_raw,PORTAL_CKA_WPRDC_ALLEGHENY_1E2C46C189,yes,25,3584
stg_portal_cka_wprdc_allegheny_1ef371e8e0__places,ripple_raw,PORTAL_CKA_WPRDC_ALLEGHENY_1EF371E8E0,yes,114,121344
stg_portal_cka_wprdc_allegheny_20bc27569a__places,ripple_raw,PORTAL_CKA_WPRDC_ALLEGHENY_20BC27569A,yes,361,130560
stg_portal_cka_wprdc_allegheny_21287d8a95__places,ripple_raw,PORTAL_CKA_WPRDC_ALLEGHENY_21287D8A95,yes,20,12288
stg_portal_cka_wprdc_allegheny_2169858e8a__places,ripple_raw,PORTAL_CKA_WPRDC_ALLEGHENY_2169858E8A,yes,368,304128
stg_portal_cka_wprdc_allegheny_224873a888__places,ripple_raw,PORTAL_CKA_WPRDC_ALLEGHENY_224873A888,yes,739,62976
stg_portal_cka_wprdc_allegheny_2361fe1e6b__places,ripple_raw,PORTAL_CKA_WPRDC_ALLEGHENY_2361FE1E6B,yes,1058,500736
stg_portal_cka_wprdc_allegheny_2525cd1bb1__places,ripple_raw,PORTAL_CKA_WPRDC_ALLEGHENY_2525CD1BB1,yes,583,25600
stg_portal_cka_wprdc_allegheny_2c7518708c__places,ripple_raw,PORTAL_CKA_WPRDC_ALLEGHENY_2C7518708C,yes,138,49152
stg_portal_cka_wprdc_allegheny_2d91e81224__places,ripple_raw,PORTAL_CKA_WPRDC_ALLEGHENY_2D91E81224,yes,6,4608
stg_portal_cka_wprdc_allegheny_2dd6b565a7__places,ripple_raw,PORTAL_CKA_WPRDC_ALLEGHENY_2DD6B565A7,yes,24,9728
stg_portal_cka_wprdc_allegheny_2e4d4f0008__places,ripple_raw,PORTAL_CKA_WPRDC_ALLEGHENY_2E4D4F0008,yes,46,9728
stg_portal_cka_wprdc_allegheny_361ce9a809__places,ripple_raw,PORTAL_CKA_WPRDC_ALLEGHENY_361CE9A809,yes,20,9216
stg_portal_cka_wprdc_allegheny_3719f1842e__places,ripple_raw,PORTAL_CKA_WPRDC_ALLEGHENY_3719F1842E,yes,627,94208
stg_portal_cka_wprdc_allegheny_38dbfe9aed__places,ripple_raw,PORTAL_CKA_WPRDC_ALLEGHENY_38DBFE9AED,yes,5,5632
stg_portal_cka_wprdc_allegheny_39aa454dda__places,ripple_raw,PORTAL_CKA_WPRDC_ALLEGHENY_39AA454DDA,yes,445,29696
stg_portal_cka_wprdc_allegheny_3c29facd4a__places,ripple_raw,PORTAL_CKA_WPRDC_ALLEGHENY_3C29FACD4A,yes,2,2560
stg_portal_cka_wprdc_allegheny_3ced3b9382__places,ripple_raw,PORTAL_CKA_WPRDC_ALLEGHENY_3CED3B9382,yes,48,8192
stg_portal_cka_wprdc_allegheny_415f1fe712__records,ripple_raw,PORTAL_CKA_WPRDC_ALLEGHENY_415F1FE712,yes,523,51712
stg_portal_cka_wprdc_allegheny_4597fbdfe3__records,ripple_raw,PORTAL_CKA_WPRDC_ALLEGHENY_4597FBDFE3,yes,2897,112640
stg_portal_cka_wprdc_allegheny_49ed6437bf__records,ripple_raw,PORTAL_CKA_WPRDC_ALLEGHENY_49ED6437BF,yes,10000,351232
stg_portal_cka_wprdc_allegheny_4a2424ea96__places,ripple_raw,PORTAL_CKA_WPRDC_ALLEGHENY_4A2424EA96,yes,588,219648
stg_portal_cka_wprdc_allegheny_4a80359b95__places,ripple_raw,PORTAL_CKA_WPRDC_ALLEGHENY_4A80359B95,yes,215,813056
stg_portal_cka_wprdc_allegheny_4ce939751e__places,ripple_raw,PORTAL_CKA_WPRDC_ALLEGHENY_4CE939751E,yes,1323,90112
stg_portal_cka_wprdc_allegheny_4d7552bf98__places,ripple_raw,PORTAL_CKA_WPRDC_ALLEGHENY_4D7552BF98,yes,79,7168
stg_portal_cka_wprdc_allegheny_4e7d1f0fea__places,ripple_raw,PORTAL_CKA_WPRDC_ALLEGHENY_4E7D1F0FEA,yes,2929,326144
stg_portal_cka_wprdc_allegheny_4f79fa2e0c__places,ripple_raw,PORTAL_CKA_WPRDC_ALLEGHENY_4F79FA2E0C,yes,71,20480
stg_portal_cka_wprdc_allegheny_4f981d5bb2__places,ripple_raw,PORTAL_CKA_WPRDC_ALLEGHENY_4F981D5BB2,yes,35,11776
stg_portal_cka_wprdc_allegheny_508c030bd9__records,ripple_raw,PORTAL_CKA_WPRDC_ALLEGHENY_508C030BD9,yes,1194,62464
stg_portal_cka_wprdc_allegheny_52325c950c__places,ripple_raw,PORTAL_CKA_WPRDC_ALLEGHENY_52325C950C,yes,47,13824
stg_portal_cka_wprdc_allegheny_54998e6eda__places,ripple_raw,PORTAL_CKA_WPRDC_ALLEGHENY_54998E6EDA,yes,10000,6266368
stg_portal_cka_wprdc_allegheny_5b37a5568e__records,ripple_raw,PORTAL_CKA_WPRDC_ALLEGHENY_5B37A5568E,yes,10000,1123328
stg_portal_cka_wprdc_allegheny_5c657eba17__places,ripple_raw,PORTAL_CKA_WPRDC_ALLEGHENY_5C657EBA17,yes,1361,169984
stg_portal_cka_wprdc_allegheny_5fe14c3854__places,ripple_raw,PORTAL_CKA_WPRDC_ALLEGHENY_5FE14C3854,yes,76,4608
stg_portal_cka_wprdc_allegheny_60987ada0e__places,ripple_raw,PORTAL_CKA_WPRDC_ALLEGHENY_60987ADA0E,yes,574,159744
stg_portal_cka_wprdc_allegheny_60a2a72ffd__places,ripple_raw,PORTAL_CKA_WPRDC_ALLEGHENY_60A2A72FFD,yes,7,3584
stg_portal_cka_wprdc_allegheny_63627b65f8__places,ripple_raw,PORTAL_CKA_WPRDC_ALLEGHENY_63627B65F8,yes,1,28160
stg_portal_cka_wprdc_allegheny_680ea60076__places,ripple_raw,PORTAL_CKA_WPRDC_ALLEGHENY_680EA60076,yes,130,1137152
stg_portal_cka_wprdc_allegheny_692c217fc7__records,ripple_raw,PORTAL_CKA_WPRDC_ALLEGHENY_692C217FC7,yes,6461,954880
stg_portal_cka_wprdc_allegheny_694f40a849__places,ripple_raw,PORTAL_CKA_WPRDC_ALLEGHENY_694F40A849,yes,10,117248
stg_portal_cka_wprdc_allegheny_6ac4cb010c__places,ripple_raw,PORTAL_CKA_WPRDC_ALLEGHENY_6AC4CB010C,yes,45,14848
stg_portal_cka_wprdc_allegheny_6c8f129ae5__places,ripple_raw,PORTAL_CKA_WPRDC_ALLEGHENY_6C8F129AE5,yes,1026,101376
stg_portal_cka_wprdc_allegheny_6f406e40a6__places,ripple_raw,PORTAL_CKA_WPRDC_ALLEGHENY_6F406E40A6,yes,13,502272
stg_portal_cka_wprdc_allegheny_6f76317272__places,ripple_raw,PORTAL_CKA_WPRDC_ALLEGHENY_6F76317272,yes,10000,613376
stg_portal_cka_wprdc_allegheny_7103930983__places,ripple_raw,PORTAL_CKA_WPRDC_ALLEGHENY_7103930983,yes,130,16384
stg_portal_cka_wprdc_allegheny_7431e84319__places,ripple_raw,PORTAL_CKA_WPRDC_ALLEGHENY_7431E84319,yes,10000,8944640
stg_portal_cka_wprdc_allegheny_7583eabd41__places,ripple_raw,PORTAL_CKA_WPRDC_ALLEGHENY_7583EABD41,yes,749,876544
stg_portal_cka_wprdc_allegheny_7af23acd2f__records,ripple_raw,PORTAL_CKA_WPRDC_ALLEGHENY_7AF23ACD2F,yes,9999,316928
stg_portal_cka_wprdc_allegheny_7b65ae0cff__records,ripple_raw,PORTAL_CKA_WPRDC_ALLEGHENY_7B65AE0CFF,yes,8629,460288
stg_portal_cka_wprdc_allegheny_7d1a10da58__places,ripple_raw,PORTAL_CKA_WPRDC_ALLEGHENY_7D1A10DA58,yes,692,247808
stg_portal_cka_wprdc_allegheny_822e5dba4c__records,ripple_raw,PORTAL_CKA_WPRDC_ALLEGHENY_822E5DBA4C,yes,1002,67072
stg_portal_cka_wprdc_allegheny_86091a7f3e__places,ripple_raw,PORTAL_CKA_WPRDC_ALLEGHENY_86091A7F3E,yes,102,30208
stg_portal_cka_wprdc_allegheny_860eca7188__places,ripple_raw,PORTAL_CKA_WPRDC_ALLEGHENY_860ECA7188,yes,60,4096
stg_portal_cka_wprdc_allegheny_8777c10d3a__places,ripple_raw,PORTAL_CKA_WPRDC_ALLEGHENY_8777C10D3A,yes,12,8192
stg_portal_cka_wprdc_allegheny_8afe5e2497__places,ripple_raw,PORTAL_CKA_WPRDC_ALLEGHENY_8AFE5E2497,yes,37,308736
stg_portal_cka_wprdc_allegheny_8e6bde379c__places,ripple_raw,PORTAL_CKA_WPRDC_ALLEGHENY_8E6BDE379C,yes,420,34816
stg_portal_cka_wprdc_allegheny_916d2d00a4__places,ripple_raw,PORTAL_CKA_WPRDC_ALLEGHENY_916D2D00A4,yes,44,28160
stg_portal_cka_wprdc_allegheny_91fae70b2d__places,ripple_raw,PORTAL_CKA_WPRDC_ALLEGHENY_91FAE70B2D,yes,10000,579584
stg_portal_cka_wprdc_allegheny_97a64ba0a6__places,ripple_raw,PORTAL_CKA_WPRDC_ALLEGHENY_97A64BA0A6,yes,160,1350144
stg_portal_cka_wprdc_allegheny_982637b35d__places,ripple_raw,PORTAL_CKA_WPRDC_ALLEGHENY_982637B35D,yes,90,479744
stg_portal_cka_wprdc_allegheny_98a0e89fa3__places,ripple_raw,PORTAL_CKA_WPRDC_ALLEGHENY_98A0E89FA3,yes,10000,2476032
stg_portal_cka_wprdc_allegheny_99dbbb9235__places,ripple_raw,PORTAL_CKA_WPRDC_ALLEGHENY_99DBBB9235,yes,10000,17739264
stg_portal_cka_wprdc_allegheny_9aed398c25__places,ripple_raw,PORTAL_CKA_WPRDC_ALLEGHENY_9AED398C25,yes,4,501760
stg_portal_cka_wprdc_allegheny_9bb7597d03__places,ripple_raw,PORTAL_CKA_WPRDC_ALLEGHENY_9BB7597D03,yes,2103,55296
stg_portal_cka_wprdc_allegheny_9ccbefbacc__places,ripple_raw,PORTAL_CKA_WPRDC_ALLEGHENY_9CCBEFBACC,yes,10000,668160
stg_portal_cka_wprdc_allegheny_a2738d79af__places,ripple_raw,PORTAL_CKA_WPRDC_ALLEGHENY_A2738D79AF,yes,1114,3477504
stg_portal_cka_wprdc_allegheny_a4e9ce945b__places,ripple_raw,PORTAL_CKA_WPRDC_ALLEGHENY_A4E9CE945B,yes,7723,237568
stg_portal_cka_wprdc_allegheny_a859816f95__places,ripple_raw,PORTAL_CKA_WPRDC_ALLEGHENY_A859816F95,yes,307,87552
stg_portal_cka_wprdc_allegheny_ae7030c35b__records,ripple_raw,PORTAL_CKA_WPRDC_ALLEGHENY_AE7030C35B,yes,40,9216
stg_portal_cka_wprdc_allegheny_aec3a74c1a__places,ripple_raw,PORTAL_CKA_WPRDC_ALLEGHENY_AEC3A74C1A,yes,1714,12667392
stg_portal_cka_wprdc_allegheny_b1e95c9745__places,ripple_raw,PORTAL_CKA_WPRDC_ALLEGHENY_B1E95C9745,yes,10000,4166144
stg_portal_cka_wprdc_allegheny_b20a13551f__records,ripple_raw,PORTAL_CKA_WPRDC_ALLEGHENY_B20A13551F,yes,91,18432
stg_portal_cka_wprdc_allegheny_b488bfab9d__places,ripple_raw,PORTAL_CKA_WPRDC_ALLEGHENY_B488BFAB9D,yes,1431,976384
stg_portal_cka_wprdc_allegheny_b542229640__places,ripple_raw,PORTAL_CKA_WPRDC_ALLEGHENY_B542229640,yes,10,40448
stg_portal_cka_wprdc_allegheny_b62c61bbeb__places,ripple_raw,PORTAL_CKA_WPRDC_ALLEGHENY_B62C61BBEB,yes,47,18432
stg_portal_cka_wprdc_allegheny_b62d63f711__places,ripple_raw,PORTAL_CKA_WPRDC_ALLEGHENY_B62D63F711,yes,585,662016
stg_portal_cka_wprdc_allegheny_b78655de4f__records,ripple_raw,PORTAL_CKA_WPRDC_ALLEGHENY_B78655DE4F,yes,70,7168
stg_portal_cka_wprdc_allegheny_b9904b63c2__assets,ripple_raw,PORTAL_CKA_WPRDC_ALLEGHENY_B9904B63C2,yes,10000,927744
stg_portal_cka_wprdc_allegheny_ba28cc40b7__places,ripple_raw,PORTAL_CKA_WPRDC_ALLEGHENY_BA28CC40B7,yes,5108,361984
stg_portal_cka_wprdc_allegheny_bb0184f847__places,ripple_raw,PORTAL_CKA_WPRDC_ALLEGHENY_BB0184F847,yes,427,36864
stg_portal_cka_wprdc_allegheny_bb1bd78412__places,ripple_raw,PORTAL_CKA_WPRDC_ALLEGHENY_BB1BD78412,yes,10000,563200
stg_portal_cka_wprdc_allegheny_bbb8fb534f__places,ripple_raw,PORTAL_CKA_WPRDC_ALLEGHENY_BBB8FB534F,yes,4,5120
stg_portal_cka_wprdc_allegheny_be3c51e436__places,ripple_raw,PORTAL_CKA_WPRDC_ALLEGHENY_BE3C51E436,yes,1305,121344
stg_portal_cka_wprdc_allegheny_c4d59225cb__places,ripple_raw,PORTAL_CKA_WPRDC_ALLEGHENY_C4D59225CB,yes,10000,2099712
stg_portal_cka_wprdc_allegheny_c96164a13d__records,ripple_raw,PORTAL_CKA_WPRDC_ALLEGHENY_C96164A13D,yes,2217,211456
stg_portal_cka_wprdc_allegheny_cc3bd4afc2__places,ripple_raw,PORTAL_CKA_WPRDC_ALLEGHENY_CC3BD4AFC2,yes,10000,2622976
stg_portal_cka_wprdc_allegheny_cc9ba8bed2__places,ripple_raw,PORTAL_CKA_WPRDC_ALLEGHENY_CC9BA8BED2,yes,49,11776
stg_portal_cka_wprdc_allegheny_cda9e537dc__records,ripple_raw,PORTAL_CKA_WPRDC_ALLEGHENY_CDA9E537DC,yes,10000,413696
stg_portal_cka_wprdc_allegheny_ce7a2694fc__places,ripple_raw,PORTAL_CKA_WPRDC_ALLEGHENY_CE7A2694FC,yes,1975,114688
stg_portal_cka_wprdc_allegheny_d35ad4550a__places,ripple_raw,PORTAL_CKA_WPRDC_ALLEGHENY_D35AD4550A,yes,52,25600
stg_portal_cka_wprdc_allegheny_d5f6331dfb__places,ripple_raw,PORTAL_CKA_WPRDC_ALLEGHENY_D5F6331DFB,yes,138,237056
stg_portal_cka_wprdc_allegheny_d6143bdc6c__places,ripple_raw,PORTAL_CKA_WPRDC_ALLEGHENY_D6143BDC6C,yes,145,51200
stg_portal_cka_wprdc_allegheny_da448e7083__records,ripple_raw,PORTAL_CKA_WPRDC_ALLEGHENY_DA448E7083,yes,1000,90624
stg_portal_cka_wprdc_allegheny_ddca0024ec__places,ripple_raw,PORTAL_CKA_WPRDC_ALLEGHENY_DDCA0024EC,yes,24,3072
stg_portal_cka_wprdc_allegheny_de448d04d4__facilities,ripple_raw,PORTAL_CKA_WPRDC_ALLEGHENY_DE448D04D4,yes,10000,526336
stg_portal_cka_wprdc_allegheny_e2d2938646__places,ripple_raw,PORTAL_CKA_WPRDC_ALLEGHENY_E2D2938646,yes,111,128000
stg_portal_cka_wprdc_allegheny_e6260cdfe6__places,ripple_raw,PORTAL_CKA_WPRDC_ALLEGHENY_E6260CDFE6,yes,51,14336
stg_portal_cka_wprdc_allegheny_eef5b53bc5__records,ripple_raw,PORTAL_CKA_WPRDC_ALLEGHENY_EEF5B53BC5,yes,1792,121344
stg_portal_cka_wprdc_allegheny_f05d32c3d6__places,ripple_raw,PORTAL_CKA_WPRDC_ALLEGHENY_F05D32C3D6,yes,1278,298496
stg_portal_cka_wprdc_allegheny_f2cf388e3d__places,ripple_raw,PORTAL_CKA_WPRDC_ALLEGHENY_F2CF388E3D,yes,90,21504
stg_portal_cka_wprdc_allegheny_fa3191e7a1__records,ripple_raw,PORTAL_CKA_WPRDC_ALLEGHENY_FA3191E7A1,yes,10000,2869760
stg_portal_cka_wprdc_allegheny_fa5c68d20d__places,ripple_raw,PORTAL_CKA_WPRDC_ALLEGHENY_FA5C68D20D,yes,10000,4870656
stg_portal_cka_wprdc_allegheny_fa5cd1dacf__places,ripple_raw,PORTAL_CKA_WPRDC_ALLEGHENY_FA5CD1DACF,yes,37,4608
stg_portal_cka_wprdc_allegheny_fb89781122__places,ripple_raw,PORTAL_CKA_WPRDC_ALLEGHENY_FB89781122,yes,11,5632
stg_portal_cka_wprdc_allegheny_fbf4ba8d72__places,ripple_raw,PORTAL_CKA_WPRDC_ALLEGHENY_FBF4BA8D72,yes,277,124416
stg_portal_cka_wprdc_allegheny_fc8733f36b__places,ripple_raw,PORTAL_CKA_WPRDC_ALLEGHENY_FC8733F36B,yes,1327,308736
stg_portal_soc_austin_open_data_0b4c639a1c__records,ripple_raw,PORTAL_SOC_AUSTIN_OPEN_DATA_0B4C639A1C,yes,526,10240
stg_portal_soc_cambridge_open_d_8a1152140c__records,ripple_raw,PORTAL_SOC_CAMBRIDGE_OPEN_D_8A1152140C,yes,749,1074688
stg_portal_soc_cambridge_open_d_fb7c7229d0__organizations,ripple_raw,PORTAL_SOC_CAMBRIDGE_OPEN_D_FB7C7229D0,yes,1259,166400
stg_portal_soc_chicago_data_por_26de83baf4__records,ripple_raw,PORTAL_SOC_CHICAGO_DATA_POR_26DE83BAF4,yes,2000,274432
stg_portal_soc_colorado_informa_1d5cfad830__places,ripple_raw,PORTAL_SOC_COLORADO_INFORMA_1D5CFAD830,yes,2000,211968
stg_portal_soc_colorado_informa_239fba8b76__records,ripple_raw,PORTAL_SOC_COLORADO_INFORMA_239FBA8B76,yes,2000,156160
stg_portal_soc_colorado_informa_46101be391__records,ripple_raw,PORTAL_SOC_COLORADO_INFORMA_46101BE391,yes,2000,120832
stg_portal_soc_colorado_informa_4bad70f01f__organizations,ripple_raw,PORTAL_SOC_COLORADO_INFORMA_4BAD70F01F,yes,2456,199680
stg_portal_soc_colorado_informa_6367a44c92__records,ripple_raw,PORTAL_SOC_COLORADO_INFORMA_6367A44C92,yes,1989,272384
stg_portal_soc_colorado_informa_a50da9b699__records,ripple_raw,PORTAL_SOC_COLORADO_INFORMA_A50DA9B699,yes,2000,266240
stg_portal_soc_colorado_informa_b4dd509314__records,ripple_raw,PORTAL_SOC_COLORADO_INFORMA_B4DD509314,yes,2000,270848
stg_portal_soc_colorado_informa_d017cfcf7f__records,ripple_raw,PORTAL_SOC_COLORADO_INFORMA_D017CFCF7F,yes,327,16896
stg_portal_soc_colorado_informa_de6c8a6901__places,ripple_raw,PORTAL_SOC_COLORADO_INFORMA_DE6C8A6901,yes,2000,203776
stg_portal_soc_colorado_informa_e80ca7800e__places,ripple_raw,PORTAL_SOC_COLORADO_INFORMA_E80CA7800E,yes,2000,184320
stg_portal_soc_colorado_informa_f0e162d7a8__records,ripple_raw,PORTAL_SOC_COLORADO_INFORMA_F0E162D7A8,yes,2000,121856
stg_portal_soc_colorado_informa_f78543c045__records,ripple_raw,PORTAL_SOC_COLORADO_INFORMA_F78543C045,yes,249,14848
stg_portal_soc_colorado_informa_f9498d9b7f__records,ripple_raw,PORTAL_SOC_COLORADO_INFORMA_F9498D9B7F,yes,2000,161280
stg_portal_soc_connecticut_open_6be2302812__organizations,ripple_raw,PORTAL_SOC_CONNECTICUT_OPEN_6BE2302812,yes,5000,574464
stg_portal_soc_connecticut_open_88b075d7af__records,ripple_raw,PORTAL_SOC_CONNECTICUT_OPEN_88B075D7AF,yes,2000,161280
stg_portal_soc_connecticut_open_aeb46f6c94__places,ripple_raw,PORTAL_SOC_CONNECTICUT_OPEN_AEB46F6C94,yes,2000,306688
stg_portal_soc_connecticut_open_dea6c4224a__places,ripple_raw,PORTAL_SOC_CONNECTICUT_OPEN_DEA6C4224A,yes,4,3584
stg_portal_soc_connecticut_open_ff2b86a533__places,ripple_raw,PORTAL_SOC_CONNECTICUT_OPEN_FF2B86A533,yes,2000,317440
stg_portal_soc_datala_los_angel_361b8161b7__places,ripple_raw,PORTAL_SOC_DATALA_LOS_ANGEL_361B8161B7,yes,2000,242176
stg_portal_soc_datala_los_angel_dc3670afe1__places,ripple_raw,PORTAL_SOC_DATALA_LOS_ANGEL_DC3670AFE1,yes,2000,252416
stg_portal_soc_new_york_state_o_0c94dd2b8a__records,ripple_raw,PORTAL_SOC_NEW_YORK_STATE_O_0C94DD2B8A,yes,1999,251904
stg_portal_soc_new_york_state_o_49cd8c5b65__assets,ripple_raw,PORTAL_SOC_NEW_YORK_STATE_O_49CD8C5B65,yes,161,11776
stg_portal_soc_new_york_state_o_c08efa40c8__records,ripple_raw,PORTAL_SOC_NEW_YORK_STATE_O_C08EFA40C8,yes,2000,150016
stg_portal_soc_new_york_state_o_eff72c4402__records,ripple_raw,PORTAL_SOC_NEW_YORK_STATE_O_EFF72C4402,yes,2000,248832
stg_portal_soc_open_data_br_6083bc2934__records,ripple_raw,PORTAL_SOC_OPEN_DATA_BR_6083BC2934,yes,2000,274944
stg_portal_soc_open_data_br_c110d5cf59__places,ripple_raw,PORTAL_SOC_OPEN_DATA_BR_C110D5CF59,yes,1468,138240
stg_portal_soc_santa_clara_coun_487fcd1fab__cases,ripple_raw,PORTAL_SOC_SANTA_CLARA_COUN_487FCD1FAB,yes,8,4608
stg_portal_soc_seattle_open_dat_c8f2072189__places,ripple_raw,PORTAL_SOC_SEATTLE_OPEN_DAT_C8F2072189,yes,2000,182272
stg_portal_soc_sf_opendata_data_79618299a6__places,ripple_raw,PORTAL_SOC_SF_OPENDATA_DATA_79618299A6,yes,2000,290304
stg_portal_soc_sf_opendata_data_8dccc91916__providers,ripple_raw,PORTAL_SOC_SF_OPENDATA_DATA_8DCCC91916,yes,1560,59392
stg_portal_soc_sf_opendata_data_c19ee9eb44__providers,ripple_raw,PORTAL_SOC_SF_OPENDATA_DATA_C19EE9EB44,yes,157,44032
stg_portal_soc_texas_open_data_0f8f4663c8__records,ripple_raw,PORTAL_SOC_TEXAS_OPEN_DATA_0F8F4663C8,yes,1009,64512
stg_portal_soc_texas_open_data_24c81c0c8a__records,ripple_raw,PORTAL_SOC_TEXAS_OPEN_DATA_24C81C0C8A,yes,2000,147968
stg_portal_soc_texas_open_data_28e2f49084__organizations,ripple_raw,PORTAL_SOC_TEXAS_OPEN_DATA_28E2F49084,yes,2000,61952
stg_portal_soc_texas_open_data_354e3abf4f__places,ripple_raw,PORTAL_SOC_TEXAS_OPEN_DATA_354E3ABF4F,yes,2000,232448
stg_portal_soc_texas_open_data_5410a1009f__places,ripple_raw,PORTAL_SOC_TEXAS_OPEN_DATA_5410A1009F,yes,2000,209920
stg_portal_soc_texas_open_data_6f798a64fa__organizations,ripple_raw,PORTAL_SOC_TEXAS_OPEN_DATA_6F798A64FA,yes,2000,64000
stg_portal_soc_texas_open_data_a415622c5d__places,ripple_raw,PORTAL_SOC_TEXAS_OPEN_DATA_A415622C5D,yes,2000,240128
stg_portal_soc_texas_open_data_b4fdc1dc58__facilities,ripple_raw,PORTAL_SOC_TEXAS_OPEN_DATA_B4FDC1DC58,yes,2000,146432
stg_portal_soc_texas_open_data_d83872d208__cases,ripple_raw,PORTAL_SOC_TEXAS_OPEN_DATA_D83872D208,yes,239,17920
stg_portal_soc_texas_open_data_da657010b1__places,ripple_raw,PORTAL_SOC_TEXAS_OPEN_DATA_DA657010B1,yes,2000,137216
stg_portal_soc_texas_open_data_f525266f32__facilities,ripple_raw,PORTAL_SOC_TEXAS_OPEN_DATA_F525266F32,yes,474,39936
stg_portal_soc_utah_open_data_p_103f7d641f__organizations,ripple_raw,PORTAL_SOC_UTAH_OPEN_DATA_P_103F7D641F,yes,2000,346112
stg_portal_soc_utah_open_data_p_1614522f52__records,ripple_raw,PORTAL_SOC_UTAH_OPEN_DATA_P_1614522F52,yes,575,147968
stg_portal_soc_utah_open_data_p_17cb6b615f__organizations,ripple_raw,PORTAL_SOC_UTAH_OPEN_DATA_P_17CB6B615F,yes,5000,397824
stg_portal_soc_utah_open_data_p_289c31329b__cases,ripple_raw,PORTAL_SOC_UTAH_OPEN_DATA_P_289C31329B,yes,2402,381952
stg_portal_soc_utah_open_data_p_33421b5a2a__facilities,ripple_raw,PORTAL_SOC_UTAH_OPEN_DATA_P_33421B5A2A,yes,710,82944
stg_portal_soc_utah_open_data_p_38579bbdbc__facilities,ripple_raw,PORTAL_SOC_UTAH_OPEN_DATA_P_38579BBDBC,yes,850,138752
stg_portal_soc_utah_open_data_p_3c77c8480b__facilities,ripple_raw,PORTAL_SOC_UTAH_OPEN_DATA_P_3C77C8480B,yes,450,45568
stg_portal_soc_utah_open_data_p_4309355f14__facilities,ripple_raw,PORTAL_SOC_UTAH_OPEN_DATA_P_4309355F14,yes,49,9216
stg_portal_soc_utah_open_data_p_4388c129f2__facilities,ripple_raw,PORTAL_SOC_UTAH_OPEN_DATA_P_4388C129F2,yes,807,132096
stg_portal_soc_utah_open_data_p_4eba247771__providers,ripple_raw,PORTAL_SOC_UTAH_OPEN_DATA_P_4EBA247771,yes,2000,136192
stg_portal_soc_utah_open_data_p_55ef6ef0c6__providers,ripple_raw,PORTAL_SOC_UTAH_OPEN_DATA_P_55EF6EF0C6,yes,2000,79872
stg_portal_soc_utah_open_data_p_589cc47a29__records,ripple_raw,PORTAL_SOC_UTAH_OPEN_DATA_P_589CC47A29,yes,4432,1009152
stg_portal_soc_utah_open_data_p_5c3521189e__facilities,ripple_raw,PORTAL_SOC_UTAH_OPEN_DATA_P_5C3521189E,yes,861,140800
stg_portal_soc_utah_open_data_p_5e73751281__facilities,ripple_raw,PORTAL_SOC_UTAH_OPEN_DATA_P_5E73751281,yes,817,133120
stg_portal_soc_utah_open_data_p_5ef68422ff__organizations,ripple_raw,PORTAL_SOC_UTAH_OPEN_DATA_P_5EF68422FF,yes,2000,895488
stg_portal_soc_utah_open_data_p_636fffdfa2__facilities,ripple_raw,PORTAL_SOC_UTAH_OPEN_DATA_P_636FFFDFA2,yes,865,142848
stg_portal_soc_utah_open_data_p_66c519bccf__facilities,ripple_raw,PORTAL_SOC_UTAH_OPEN_DATA_P_66C519BCCF,yes,893,146944
stg_portal_soc_utah_open_data_p_6f5fcc229f__facilities,ripple_raw,PORTAL_SOC_UTAH_OPEN_DATA_P_6F5FCC229F,yes,842,152064
stg_portal_soc_utah_open_data_p_701571fd92__providers,ripple_raw,PORTAL_SOC_UTAH_OPEN_DATA_P_701571FD92,yes,231,25600
stg_portal_soc_utah_open_data_p_7186edb84b__providers,ripple_raw,PORTAL_SOC_UTAH_OPEN_DATA_P_7186EDB84B,yes,67,36864
stg_portal_soc_utah_open_data_p_7a3c73b2fd__facilities,ripple_raw,PORTAL_SOC_UTAH_OPEN_DATA_P_7A3C73B2FD,yes,2000,283648
stg_portal_soc_utah_open_data_p_7f45e582f7__facilities,ripple_raw,PORTAL_SOC_UTAH_OPEN_DATA_P_7F45E582F7,yes,851,139264
stg_portal_soc_utah_open_data_p_81a81b1650__records,ripple_raw,PORTAL_SOC_UTAH_OPEN_DATA_P_81A81B1650,yes,5000,548352
stg_portal_soc_utah_open_data_p_8a9374ea5d__organizations,ripple_raw,PORTAL_SOC_UTAH_OPEN_DATA_P_8A9374EA5D,yes,5000,611328
stg_portal_soc_utah_open_data_p_8d9fb9a1a3__facilities,ripple_raw,PORTAL_SOC_UTAH_OPEN_DATA_P_8D9FB9A1A3,yes,813,130048
stg_portal_soc_utah_open_data_p_8de28da9d9__records,ripple_raw,PORTAL_SOC_UTAH_OPEN_DATA_P_8DE28DA9D9,yes,1421,149504
stg_portal_soc_utah_open_data_p_a3b79359d3__facilities,ripple_raw,PORTAL_SOC_UTAH_OPEN_DATA_P_A3B79359D3,yes,731,105984
stg_portal_soc_utah_open_data_p_a4022a1a2d__facilities,ripple_raw,PORTAL_SOC_UTAH_OPEN_DATA_P_A4022A1A2D,yes,468,49664
stg_portal_soc_utah_open_data_p_a45115b872__facilities,ripple_raw,PORTAL_SOC_UTAH_OPEN_DATA_P_A45115B872,yes,917,144384
stg_portal_soc_utah_open_data_p_a54aa90538__facilities,ripple_raw,PORTAL_SOC_UTAH_OPEN_DATA_P_A54AA90538,yes,896,143360
stg_portal_soc_utah_open_data_p_a5715666da__facilities,ripple_raw,PORTAL_SOC_UTAH_OPEN_DATA_P_A5715666DA,yes,791,119808
stg_portal_soc_utah_open_data_p_a5ae4fd7a4__providers,ripple_raw,PORTAL_SOC_UTAH_OPEN_DATA_P_A5AE4FD7A4,yes,94,48640
stg_portal_soc_utah_open_data_p_a9b7e273c8__providers,ripple_raw,PORTAL_SOC_UTAH_OPEN_DATA_P_A9B7E273C8,yes,61,50688
stg_portal_soc_utah_open_data_p_b0f7881369__facilities,ripple_raw,PORTAL_SOC_UTAH_OPEN_DATA_P_B0F7881369,yes,107,12288
stg_portal_soc_utah_open_data_p_b5e39c25f8__facilities,ripple_raw,PORTAL_SOC_UTAH_OPEN_DATA_P_B5E39C25F8,yes,835,125440
stg_portal_soc_utah_open_data_p_c357f1f9e1__organizations,ripple_raw,PORTAL_SOC_UTAH_OPEN_DATA_P_C357F1F9E1,yes,28,4608
stg_portal_soc_utah_open_data_p_cdbdd459c0__facilities,ripple_raw,PORTAL_SOC_UTAH_OPEN_DATA_P_CDBDD459C0,yes,835,137728
stg_portal_soc_utah_open_data_p_d4aca49a9b__providers,ripple_raw,PORTAL_SOC_UTAH_OPEN_DATA_P_D4ACA49A9B,yes,1997,141312
stg_portal_soc_utah_open_data_p_d5f7ca2621__places,ripple_raw,PORTAL_SOC_UTAH_OPEN_DATA_P_D5F7CA2621,yes,2000,345600
stg_portal_soc_utah_open_data_p_dcd75231f6__facilities,ripple_raw,PORTAL_SOC_UTAH_OPEN_DATA_P_DCD75231F6,yes,61,45056
stg_portal_soc_utah_open_data_p_f1292b8d2f__organizations,ripple_raw,PORTAL_SOC_UTAH_OPEN_DATA_P_F1292B8D2F,yes,249,29696
stg_portal_soc_utah_open_data_p_f326bad0fc__facilities,ripple_raw,PORTAL_SOC_UTAH_OPEN_DATA_P_F326BAD0FC,yes,713,103424
stg_portal_soc_utah_open_data_p_f87fb2bfb7__organizations,ripple_raw,PORTAL_SOC_UTAH_OPEN_DATA_P_F87FB2BFB7,yes,25,4608
stg_portal_soc_utah_open_data_p_f8cdd62630__providers,ripple_raw,PORTAL_SOC_UTAH_OPEN_DATA_P_F8CDD62630,yes,1968,128512
stg_portal_soc_utah_open_data_p_fe79f02e34__facilities,ripple_raw,PORTAL_SOC_UTAH_OPEN_DATA_P_FE79F02E34,yes,307,32768
stg_portal_soc_washington_state_11cd1995b7__records,ripple_raw,PORTAL_SOC_WASHINGTON_STATE_11CD1995B7,yes,5000,272384
stg_portal_soc_washington_state_1a95fb1665__organizations,ripple_raw,PORTAL_SOC_WASHINGTON_STATE_1A95FB1665,yes,112,6144
stg_portal_soc_washington_state_48eeef5dfc__records,ripple_raw,PORTAL_SOC_WASHINGTON_STATE_48EEEF5DFC,yes,5000,246784
stg_st_cannabis_policy_bundles__places,ripple_raw,ST_CANNABIS_POLICY_BUNDLES,yes,1500,56320
stg_st_nyc_cfb_campaign_2001_contribution__contributions,ripple_raw,ST_NYC_CFB_CAMPAIGN_2001_CONTRIBUTION,yes,193741,6643712
stg_st_nyc_cfb_campaign_2009_contribution__contributions,ripple_raw,ST_NYC_CFB_CAMPAIGN_2009_CONTRIBUTION,yes,146112,4686848
stg_st_nyc_cfb_campaign_2013_contribution__contributions,ripple_raw,ST_NYC_CFB_CAMPAIGN_2013_CONTRIBUTION,yes,197968,6693376
stg_st_nyc_cfb_campaign_2021_contributions__contributions,ripple_raw,ST_NYC_CFB_CAMPAIGN_2021_CONTRIBUTIONS,yes,457521,15741440
stg_st_nyc_cfb_campaign_2025_contributions__contributions,ripple_raw,ST_NYC_CFB_CAMPAIGN_2025_CONTRIBUTIONS,yes,259537,9190400
stg_st_oehha_proposition_65_list__chemical,ripple_raw,ST_OEHHA_PROPOSITION_65_LIST,yes,1021,37376
stg_state_mo_sex_offender_registry__offenses,ripple_raw,STATE_MO_SEX_OFFENDER_REGISTRY,yes,28185,1227264
stg_tx_lobby__awards,ripple_raw,TX_LOBBY_AWARDS,yes,1589,92672
stg_tx_lobby__dockets,ripple_raw,TX_LOBBY_DOCKETS,yes,1207,50176
stg_tx_lobby__entertainment,ripple_raw,TX_LOBBY_ENTERTAINMENT,yes,2836,161792
stg_tx_lobby__events,ripple_raw,TX_LOBBY_EVENTS,yes,3107,161792
stg_tx_lobby__food_beverage,ripple_raw,TX_LOBBY_FOOD_BEVERAGE,yes,14452,750592
stg_tx_lobby__gifts,ripple_raw,TX_LOBBY_GIFTS,yes,4084,203776
stg_tx_lobby__individual_reporting,ripple_raw,TX_LOBBY_INDIVIDUAL_REPORTING,yes,38662,1902592
stg_tx_lobby__subject_matter,ripple_raw,TX_LOBBY_SUBJECT_MATTER,yes,209957,2119168
stg_tx_lobby__transportation,ripple_raw,TX_LOBBY_TRANSPORTATION,yes,3697,267776
stg_tx_lobby_cover__reports,ripple_raw,TX_LOBBY_COVER,yes,283803,13342720
stg_uk_companies_house_psc__psc_records,ripple_raw,UK_COMPANIES_HOUSE_PSC,yes,7000000,704922624
stg_xc_biorxiv_medrxiv__preprint_manuscript,ripple_raw,XC_BIORXIV_MEDRXIV,yes,432,542720
stg_xc_crossref_funder_registry__funders,ripple_raw,XC_CROSSREF_FUNDER_REGISTRY,yes,45661,1280000
stg_xc_guttmacher_monthly_abortion__records,ripple_raw,XC_GUTTMACHER_MONTHLY_ABORTION,yes,2040,65024
stg_xc_jcs_coa__records,ripple_raw,XC_JCS_COA,yes,705,21504
stg_xc_jcs_medians__records,ripple_raw,XC_JCS_MEDIANS,yes,102,14336
stg_xc_jcs_scotus__records,ripple_raw,XC_JCS_SCOTUS,yes,782,19968
stg_xc_nagix_dprk_missile_tests__records,ripple_raw,XC_NAGIX_DPRK_MISSILE_TESTS,yes,340,58880
stg_xc_osf_registrations__registrations,ripple_raw,XC_OSF_REGISTRATIONS,yes,10,233472
stg_xc_owid_ai_incidents_annual__records,ripple_raw,XC_OWID_AI_INCIDENTS_ANNUAL,yes,14,1536
stg_xc_owid_co2__records,ripple_raw,XC_OWID_CO2,yes,29384,365056
stg_xc_owid_cpi__records,ripple_raw,XC_OWID_CPI,yes,2312,24576
stg_xc_owid_fertility__records,ripple_raw,XC_OWID_FERTILITY,yes,19402,214016
stg_xc_owid_fossil_share__records,ripple_raw,XC_OWID_FOSSIL_SHARE,yes,6379,84480
stg_xc_owid_gini__records,ripple_raw,XC_OWID_GINI,yes,2389,56832
stg_xc_owid_homicide__records,ripple_raw,XC_OWID_HOMICIDE,yes,4912,78848
stg_xc_owid_life_expectancy__records,ripple_raw,XC_OWID_LIFE_EXPECTANCY,yes,21565,268800
stg_xc_owid_nuclear_warheads__records,ripple_raw,XC_OWID_NUCLEAR_WARHEADS,yes,902,9728
stg_xc_owid_refugees__places,ripple_raw,XC_OWID_REFUGEES,yes,7442,82432
stg_xc_owid_temp_anomaly__records,ripple_raw,XC_OWID_TEMP_ANOMALY,yes,531,19456
stg_xc_owid_terrorism_deaths__records,ripple_raw,XC_OWID_TERRORISM_DEATHS,yes,10481,94720
stg_xc_ransomwarelive_victims__records,ripple_raw,XC_RANSOMWARELIVE_VICTIMS_FULL_R2,yes,30661,6251520
stg_xc_retraction_watch_database__retractions,ripple_raw,XC_RETRACTION_WATCH_DATABASE,yes,71608,12169216
stg_xc_ror_research_organizations__organizations,ripple_raw,XC_ROR_RESEARCH_ORGANIZATIONS,yes,135710,13567488
stg_xc_uk_sanctions_list__designations,ripple_raw,XC_UK_SANCTIONS_LIST,yes,57883,3293696
stg_xc_un_consolidated_sanctions_list__designated_party,ripple_raw,XC_UN_CONSOLIDATED_SANCTIONS_LIST,yes,1011,223232
stg_xc_vera_incarceration_trends__county_year,ripple_raw,XC_VERA_INCARCERATION_TRENDS,yes,128507,21054976
stg_xc_wapo_fatal_force__records,ripple_raw,XC_WAPO_FATAL_FORCE,yes,10430,663552
stg_xc_wayback_doj_epstein__records,ripple_raw,XC_WAYBACK_DOJ_EPSTEIN,yes,1537352,32405504
stg_xc_wayback_replay_doj_deep_pages__records,ripple_raw,XC_WAYBACK_REPLAY_DOJ_DEEP_PAGES,yes,2542,69120
stg_xc_wayback_replay_doj_listing__records,ripple_raw,XC_WAYBACK_REPLAY_DOJ_LISTING,yes,24897,753152
stg_xc_wikipedia_largest_us_companies__records,ripple_raw,XC_WIKIPEDIA_LARGEST_US_COMPANIES,yes,100,6656
