db,schema,table,type,row_count,bytes,created,last_altered,comment
LIBRARY_STAGING,CORE,STG_EPSTEIN__COMPLIANCE_EVENTS,VIEW,,,2026-06-12 13:08:48.870000-07:00,2026-06-12 13:08:49.159000-07:00,
LIBRARY_STAGING,CORE,STG_EPSTEIN__EFTA_OBLIGATIONS,VIEW,,,2026-06-12 13:08:48.893000-07:00,2026-06-12 13:08:49.172000-07:00,
LIBRARY_STAGING,CORE,STG_EPSTEIN__LIBRARY_MANIFEST,VIEW,,,2026-06-12 13:08:41.846000-07:00,2026-06-12 13:08:42.195000-07:00,
LIBRARY_STAGING,CORE,STG_EPSTEIN__REPLAY_LINKS,VIEW,,,2026-06-12 13:08:41.846000-07:00,2026-06-12 13:08:42.795000-07:00,
LIBRARY_STAGING,CORE,STG_EPSTEIN__WAYBACK_CAPTURES,VIEW,,,2026-06-12 13:08:41.849000-07:00,2026-06-12 13:08:42.176000-07:00,
LIBRARY_STAGING,CORE,STG_LEIE__EXCLUSIONS,VIEW,,,2026-06-12 13:08:42.720000-07:00,2026-06-12 13:08:43.033000-07:00,
LIBRARY_STAGING,CORE,STG_META__SOURCE_REGISTRY,VIEW,,,2026-06-12 13:08:42.399000-07:00,2026-06-12 13:08:42.720000-07:00,
LIBRARY_STAGING,CORE,STG_USASPENDING__SUBAWARDS,VIEW,,,2026-06-12 13:08:42.882000-07:00,2026-06-12 13:08:43.199000-07:00,
LIBRARY_STAGING,DBT_CROGERS,FACET_VOCAB_DOMAIN,BASE TABLE,23,1536,2026-07-29 10:40:49.532000-07:00,2026-07-29 10:40:54.218000-07:00,
LIBRARY_STAGING,DBT_CROGERS,FACET_VOCAB_JOINKEY,BASE TABLE,21,1024,2026-07-29 10:40:49.181000-07:00,2026-07-29 10:40:54.057000-07:00,
LIBRARY_STAGING,DBT_CROGERS,FACET_VOCAB_JURISDICTION,BASE TABLE,5,1024,2026-07-29 10:40:50.040000-07:00,2026-07-29 10:40:54.305000-07:00,
LIBRARY_STAGING,DBT_CROGERS,FACET_VOCAB_THEME,BASE TABLE,10,1024,2026-07-29 10:40:49.442000-07:00,2026-07-29 10:40:53.769000-07:00,
LIBRARY_STAGING,DBT_CROGERS,INT_FED_REVOLVINGDOOR_PROJECT__POSITIONS_SECTORS,VIEW,,,2026-07-30 12:10:05.463000-07:00,2026-07-30 12:10:05.966000-07:00,
LIBRARY_STAGING,DBT_CROGERS,INT_FED_USASPENDING__AWARDS,VIEW,,,2026-07-30 11:48:51.354000-07:00,2026-07-30 11:48:51.855000-07:00,
LIBRARY_STAGING,DBT_CROGERS,INT_OPEN_PAYMENTS_ALL_YEARS,VIEW,,,2026-07-30 11:48:52.185000-07:00,2026-07-30 11:48:52.947000-07:00,
LIBRARY_STAGING,DBT_CROGERS,INT_SANCTIONED_VESSELS,VIEW,,,2026-07-30 11:48:54.595000-07:00,2026-07-30 11:48:54.990000-07:00,
LIBRARY_STAGING,DBT_CROGERS,NICKNAME_MAP,BASE TABLE,104,2048,2026-07-29 10:40:49.844000-07:00,2026-07-29 10:40:54.621000-07:00,
LIBRARY_STAGING,DBT_CROGERS,STG_CA_LOBBY_COVER__FILINGS,VIEW,,,2026-08-09 21:28:07.410000-07:00,2026-08-09 21:28:07.764000-07:00,
LIBRARY_STAGING,DBT_CROGERS,STG_CA_LOBBY__AMENDMENTS,VIEW,,,2026-08-09 21:28:08.143000-07:00,2026-08-09 21:28:08.471000-07:00,
LIBRARY_STAGING,DBT_CROGERS,STG_CA_LOBBY__CHG_LOG,VIEW,,,2026-08-09 21:30:16.529000-07:00,2026-08-09 21:30:16.817000-07:00,
LIBRARY_STAGING,DBT_CROGERS,STG_CA_LOBBY__CONTRIBUTIONS,VIEW,,,2026-08-09 21:28:08.148000-07:00,2026-08-09 21:28:08.371000-07:00,
LIBRARY_STAGING,DBT_CROGERS,STG_CA_LOBBY__COVER2,VIEW,,,2026-08-09 21:28:08.177000-07:00,2026-08-09 21:28:08.423000-07:00,
LIBRARY_STAGING,DBT_CROGERS,STG_CA_LOBBY__EMPLOYER,VIEW,,,2026-08-09 21:28:08.142000-07:00,2026-08-09 21:28:08.445000-07:00,
LIBRARY_STAGING,DBT_CROGERS,STG_CA_LOBBY__EMPLOYER_FIRMS,VIEW,,,2026-08-09 21:28:08.169000-07:00,2026-08-09 21:28:08.405000-07:00,
LIBRARY_STAGING,DBT_CROGERS,STG_CA_LOBBY__EMP_LOBBYIST,VIEW,,,2026-08-09 21:28:07.419000-07:00,2026-08-09 21:28:07.751000-07:00,
LIBRARY_STAGING,DBT_CROGERS,STG_CA_LOBBY__FIRM,VIEW,,,2026-08-09 21:28:07.925000-07:00,2026-08-09 21:28:08.169000-07:00,
LIBRARY_STAGING,DBT_CROGERS,STG_CA_LOBBY__FIRM_EMPLOYER,VIEW,,,2026-08-09 21:28:08.031000-07:00,2026-08-09 21:28:08.296000-07:00,
LIBRARY_STAGING,DBT_CROGERS,STG_CA_LOBBY__FIRM_LOBBYIST,VIEW,,,2026-08-09 21:28:08.148000-07:00,2026-08-09 21:28:08.377000-07:00,
LIBRARY_STAGING,DBT_CROGERS,STG_FED_BIA_TRIBAL_GEO__BIA_GEOSPATIAL_FEATURES,VIEW,,,2026-07-30 11:50:59.362000-07:00,2026-07-30 11:50:59.732000-07:00,
LIBRARY_STAGING,DBT_CROGERS,STG_FED_BLS_QCEW__RECORDS,VIEW,,,2026-07-30 11:51:02.830000-07:00,2026-07-30 11:51:03.181000-07:00,
LIBRARY_STAGING,DBT_CROGERS,STG_FED_BOP_STATISTICS__RECORDS,VIEW,,,2026-07-30 11:51:02.943000-07:00,2026-07-30 11:51:03.230000-07:00,
LIBRARY_STAGING,DBT_CROGERS,STG_FED_CBP_ENCOUNTERS__RECORDS,VIEW,,,2026-07-30 11:51:02.949000-07:00,2026-07-30 11:51:03.285000-07:00,
LIBRARY_STAGING,DBT_CROGERS,STG_FED_CDC_ANXIETY_DEPRESSION__RECORDS,VIEW,,,2026-07-30 11:51:04.576000-07:00,2026-07-30 11:51:04.933000-07:00,
LIBRARY_STAGING,DBT_CROGERS,STG_FED_CDC_DATA_PORTAL__RECORDS,VIEW,,,2026-08-11 09:39:34.389000-07:00,2026-08-11 09:39:34.845000-07:00,
LIBRARY_STAGING,DBT_CROGERS,STG_FED_CDC_DRUG_POISONING_COUNTY__RATES,VIEW,,,2026-07-30 11:51:05.814000-07:00,2026-07-30 11:51:06.127000-07:00,
LIBRARY_STAGING,DBT_CROGERS,STG_FED_CDC_HEALTH_INSURANCE__RECORDS,VIEW,,,2026-07-30 11:51:05.865000-07:00,2026-07-30 11:51:06.230000-07:00,
LIBRARY_STAGING,DBT_CROGERS,STG_FED_CDC_INJURY_VIOLENCE_COUNTY__RATES,VIEW,,,2026-07-30 11:51:07.511000-07:00,2026-07-30 11:51:07.894000-07:00,
LIBRARY_STAGING,DBT_CROGERS,STG_FED_CDC_LEADING_CAUSES_STATE__ALL,VIEW,,,2026-08-09 18:35:46.633000-07:00,2026-08-09 18:35:46.877000-07:00,
LIBRARY_STAGING,DBT_CROGERS,STG_FED_CDC_OVERDOSE__RECORDS,VIEW,,,2026-07-30 11:51:08.606000-07:00,2026-07-30 11:51:08.978000-07:00,
LIBRARY_STAGING,DBT_CROGERS,STG_FED_CDC_SUICIDE_RATES__RECORDS,VIEW,,,2026-07-30 11:51:08.805000-07:00,2026-07-30 11:51:09.147000-07:00,
LIBRARY_STAGING,DBT_CROGERS,STG_FED_CDC_WONDER__RECORDS,VIEW,,,2026-08-09 18:35:46.872000-07:00,2026-08-09 18:35:47.128000-07:00,
LIBRARY_STAGING,DBT_CROGERS,STG_FED_CFPB_COMPLAINTS__COMPLAINTS,VIEW,,,2026-07-30 11:51:10.477000-07:00,2026-07-30 11:51:10.894000-07:00,
LIBRARY_STAGING,DBT_CROGERS,STG_FED_CFPB_HMDA_ARID2017_LEI_XREF__XREF,VIEW,,,2026-08-10 10:14:20.313000-07:00,2026-08-10 10:14:20.569000-07:00,
LIBRARY_STAGING,DBT_CROGERS,STG_FED_CFPB_HMDA_HISTORIC__LAR_RECORDS,VIEW,,,2026-08-10 07:05:37.886000-07:00,2026-08-10 07:05:38.415000-07:00,
LIBRARY_STAGING,DBT_CROGERS,STG_FED_CFPB_HMDA_LAR__LAR_RECORDS,VIEW,,,2026-08-10 10:14:19.176000-07:00,2026-08-10 10:14:19.788000-07:00,
LIBRARY_STAGING,DBT_CROGERS,STG_FED_CFPB_HMDA__LOANS,VIEW,,,2026-08-09 22:11:31.488000-07:00,2026-08-09 22:11:31.941000-07:00,
LIBRARY_STAGING,DBT_CROGERS,STG_FED_CFPB_HMDA__RECORDS,VIEW,,,2026-07-30 11:51:11.604000-07:00,2026-07-30 11:51:12.111000-07:00,
LIBRARY_STAGING,DBT_CROGERS,STG_FED_CISA_KEV__RECORDS,VIEW,,,2026-07-30 11:51:11.849000-07:00,2026-07-30 11:51:12.231000-07:00,
LIBRARY_STAGING,DBT_CROGERS,STG_FED_CLINICALTRIALS__CLINICAL_TRIALS,VIEW,,,2026-07-30 11:51:11.848000-07:00,2026-07-30 11:51:12.231000-07:00,
LIBRARY_STAGING,DBT_CROGERS,STG_FED_CMS_DIALYSIS__FACILITIES,VIEW,,,2026-07-30 11:51:13.440000-07:00,2026-07-30 11:51:14.047000-07:00,
LIBRARY_STAGING,DBT_CROGERS,STG_FED_CMS_FACILITY_AFFILIATION__PROVIDERS,VIEW,,,2026-07-30 11:51:14.690000-07:00,2026-07-30 11:51:15.085000-07:00,
LIBRARY_STAGING,DBT_CROGERS,STG_FED_CMS_HCRIS__HOSPITAL_COST_REPORT,VIEW,,,2026-07-30 11:51:14.922000-07:00,2026-07-30 11:51:15.429000-07:00,
LIBRARY_STAGING,DBT_CROGERS,STG_FED_CMS_HOME_HEALTH__FACILITIES,VIEW,,,2026-07-30 11:51:14.884000-07:00,2026-07-30 11:51:15.416000-07:00,
LIBRARY_STAGING,DBT_CROGERS,STG_FED_CMS_HOSPICE__FACILITIES,VIEW,,,2026-07-30 11:51:16.671000-07:00,2026-07-30 11:51:17.039000-07:00,
LIBRARY_STAGING,DBT_CROGERS,STG_FED_CMS_HOSPITAL_COMPARE__FACILITIES,VIEW,,,2026-07-30 11:51:17.655000-07:00,2026-07-30 11:51:18.601000-07:00,
LIBRARY_STAGING,DBT_CROGERS,STG_FED_CMS_HOSPITAL_GENERAL__FACILITIES,VIEW,,,2026-07-30 11:51:18.097000-07:00,2026-07-30 11:51:18.574000-07:00,
LIBRARY_STAGING,DBT_CROGERS,STG_FED_CMS_HPT_MRF__PROVIDERS,VIEW,,,2026-07-30 11:51:18.192000-07:00,2026-07-30 11:51:18.613000-07:00,
LIBRARY_STAGING,DBT_CROGERS,STG_FED_CMS_IRF__FACILITIES,VIEW,,,2026-07-30 11:51:19.654000-07:00,2026-07-30 11:51:20.010000-07:00,
LIBRARY_STAGING,DBT_CROGERS,STG_FED_CMS_LTCH__FACILITIES,VIEW,,,2026-07-30 11:51:21.250000-07:00,2026-07-30 11:51:21.567000-07:00,
LIBRARY_STAGING,DBT_CROGERS,STG_FED_CMS_MAIN__RECORDS,VIEW,,,2026-07-30 11:51:21.250000-07:00,2026-07-30 11:51:21.569000-07:00,
LIBRARY_STAGING,DBT_CROGERS,STG_FED_CMS_MEDICARE_PROVIDER__PROVIDERS,VIEW,,,2026-07-30 11:51:21.243000-07:00,2026-07-30 11:51:21.777000-07:00,
LIBRARY_STAGING,DBT_CROGERS,STG_FED_CMS_NADAC__RECORDS,VIEW,,,2026-07-30 11:51:22.626000-07:00,2026-07-30 11:51:23.012000-07:00,
LIBRARY_STAGING,DBT_CROGERS,STG_FED_CMS_NPPES__NPI_PROVIDERS,VIEW,,,2026-07-30 12:21:08.012000-07:00,2026-07-30 12:21:09.159000-07:00,
LIBRARY_STAGING,DBT_CROGERS,STG_FED_CMS_NURSING_HOME__NURSING_HOME_FACILITIES,VIEW,,,2026-08-08 07:18:11.726000-07:00,2026-08-08 07:18:12.549000-07:00,
LIBRARY_STAGING,DBT_CROGERS,STG_FED_CMS_OPEN_PAYMENTS_PROFILE_SUPPLEMENT__RECIPIENT_PROFILES,VIEW,,,2026-08-10 07:05:38.021000-07:00,2026-08-10 07:05:38.448000-07:00,
LIBRARY_STAGING,DBT_CROGERS,STG_FED_CMS_PART_D_PRESCRIBERS__PROVIDERS,VIEW,,,2026-07-30 11:51:26.223000-07:00,2026-07-30 11:51:26.782000-07:00,
LIBRARY_STAGING,DBT_CROGERS,STG_FED_CMS_POS_OTHER__FACILITIES,VIEW,,,2026-07-30 11:51:27.448000-07:00,2026-07-30 11:51:28.759000-07:00,
LIBRARY_STAGING,DBT_CROGERS,STG_FED_COLLEGE_SCORECARD_INSTITUTION__RECORDS,VIEW,,,2026-08-18 09:11:37.923000-07:00,2026-08-18 09:11:45.087000-07:00,
LIBRARY_STAGING,DBT_CROGERS,STG_FED_CONGRESS_COMMITTEE_MEMBERSHIP__PEOPLE,VIEW,,,2026-07-30 11:51:27.806000-07:00,2026-07-30 11:51:28.486000-07:00,
LIBRARY_STAGING,DBT_CROGERS,STG_FED_CONGRESS_COMMITTEE_MEMBERSHIP__RECORDS,VIEW,,,2026-07-06 07:02:47.553000-07:00,2026-07-06 07:02:47.781000-07:00,
LIBRARY_STAGING,DBT_CROGERS,STG_FED_CONSOLIDATED_SCREENING_LIST__ENTRIES,VIEW,,,2026-08-09 21:06:00.204000-07:00,2026-08-09 21:06:00.510000-07:00,
LIBRARY_STAGING,DBT_CROGERS,STG_FED_CONSOLIDATED_SCREENING_LIST__SCREENED_PARTY,VIEW,,,2026-08-05 15:01:20.932000-07:00,2026-08-05 15:01:21.290000-07:00,
LIBRARY_STAGING,DBT_CROGERS,STG_FED_DAVID_RUMSEY__RECORDS,VIEW,,,2026-07-30 11:51:29.817000-07:00,2026-07-30 11:51:30.147000-07:00,
LIBRARY_STAGING,DBT_CROGERS,STG_FED_DENSHO_DDR__RECORDS,VIEW,,,2026-07-30 11:51:31.093000-07:00,2026-07-30 11:51:31.453000-07:00,
LIBRARY_STAGING,DBT_CROGERS,STG_FED_DHS_HIFLD__FACILITIES,VIEW,,,2026-08-09 22:12:53.742000-07:00,2026-08-09 22:12:54.014000-07:00,
LIBRARY_STAGING,DBT_CROGERS,STG_FED_DHS_HIFLD__RECORDS,VIEW,,,2026-07-30 11:51:31.360000-07:00,2026-07-30 11:51:31.746000-07:00,
LIBRARY_STAGING,DBT_CROGERS,STG_FED_DHS_OHSS__RECORDS,VIEW,,,2026-07-30 11:51:32.406000-07:00,2026-07-30 11:51:33.631000-07:00,
LIBRARY_STAGING,DBT_CROGERS,STG_FED_DHS_YEARBOOK__PLACES,VIEW,,,2026-07-30 11:51:32.703000-07:00,2026-07-30 11:51:33.065000-07:00,
LIBRARY_STAGING,DBT_CROGERS,STG_FED_DHS_YEARBOOK__RECORDS,VIEW,,,2026-07-06 07:02:48.643000-07:00,2026-07-06 07:02:48.866000-07:00,
LIBRARY_STAGING,DBT_CROGERS,STG_FED_DOCSOUTH__RECORDS,VIEW,,,2026-07-30 11:51:34.042000-07:00,2026-07-30 11:51:34.396000-07:00,
LIBRARY_STAGING,DBT_CROGERS,STG_FED_DOJ_CRT_CASES__CRT_CASES,VIEW,,,2026-07-30 11:51:34.336000-07:00,2026-07-30 11:51:34.664000-07:00,
LIBRARY_STAGING,DBT_CROGERS,STG_FED_DOJ_EPSTEIN_LIBRARY__RECORDS,VIEW,,,2026-07-30 11:51:35.703000-07:00,2026-07-30 11:51:36.529000-07:00,
LIBRARY_STAGING,DBT_CROGERS,STG_FED_DOJ_FCA_SETTLEMENTS__FCA_SETTLEMENTS,VIEW,,,2026-07-30 11:51:36.266000-07:00,2026-07-30 11:51:36.585000-07:00,
LIBRARY_STAGING,DBT_CROGERS,STG_FED_DOL_EBSA_FORM5500_SCHEDULE_SB__FILINGS,VIEW,,,2026-08-10 10:14:19.180000-07:00,2026-08-10 10:14:19.714000-07:00,
LIBRARY_STAGING,DBT_CROGERS,STG_FED_DOL_FORM5500__RECORDS,VIEW,,,2026-07-30 11:51:37.002000-07:00,2026-07-30 11:51:37.588000-07:00,
LIBRARY_STAGING,DBT_CROGERS,STG_FED_DOL_OFLC__RECORDS,VIEW,,,2026-07-30 11:51:37.253000-07:00,2026-07-30 11:51:38.104000-07:00,
LIBRARY_STAGING,DBT_CROGERS,STG_FED_DOL_OLMS__FILINGS,VIEW,,,2026-08-18 09:28:13.225000-07:00,2026-08-18 09:28:14.272000-07:00,
LIBRARY_STAGING,DBT_CROGERS,STG_FED_DOT_BTS__RECORDS,VIEW,,,2026-07-30 11:51:39.202000-07:00,2026-07-30 11:51:39.551000-07:00,
LIBRARY_STAGING,DBT_CROGERS,STG_FED_EAC_EAVS__RECORDS,VIEW,,,2026-07-30 11:51:40.115000-07:00,2026-07-30 11:51:41.211000-07:00,
LIBRARY_STAGING,DBT_CROGERS,STG_FED_ED_COLLEGE_SCORECARD_INSTITUTION__INSTITUTIONS,VIEW,,,2026-08-10 10:14:19.134000-07:00,2026-08-10 10:14:20.149000-07:00,
LIBRARY_STAGING,DBT_CROGERS,STG_FED_ED_EDFACTS__RECORDS,VIEW,,,2026-07-30 11:51:40.653000-07:00,2026-07-30 11:51:41.030000-07:00,
LIBRARY_STAGING,DBT_CROGERS,STG_FED_ED_FSA_DATACENTER__RECORDS,VIEW,,,2026-07-30 11:51:41.762000-07:00,2026-07-30 11:51:42.111000-07:00,
LIBRARY_STAGING,DBT_CROGERS,STG_FED_ED_NCES_CIP_CODES__CIP_CODES,VIEW,,,2026-08-10 10:14:19.357000-07:00,2026-08-10 10:14:19.669000-07:00,
LIBRARY_STAGING,DBT_CROGERS,STG_FED_EIA860_1_UTILITY__ALL,VIEW,,,2026-08-10 08:34:15.075000-07:00,2026-08-10 08:34:15.352000-07:00,
LIBRARY_STAGING,DBT_CROGERS,STG_FED_EIA860_2_PLANT__ALL,VIEW,,,2026-08-10 08:34:15.256000-07:00,2026-08-10 08:34:15.990000-07:00,
LIBRARY_STAGING,DBT_CROGERS,STG_FED_EIA860_3_1_GENERATOR__ALL,VIEW,,,2026-08-10 08:34:15.374000-07:00,2026-08-10 08:34:15.770000-07:00,
LIBRARY_STAGING,DBT_CROGERS,STG_FED_EIA860_3_2_WIND__ALL,VIEW,,,2026-08-10 08:34:15.871000-07:00,2026-08-10 08:34:16.156000-07:00,
LIBRARY_STAGING,DBT_CROGERS,STG_FED_EIA860_3_3_SOLAR__ALL,VIEW,,,2026-08-10 08:34:15.210000-07:00,2026-08-10 08:34:15.875000-07:00,
LIBRARY_STAGING,DBT_CROGERS,STG_FED_EIA860_3_4_ENERGY_STORAGE__ALL,VIEW,,,2026-08-10 08:34:14.961000-07:00,2026-08-10 08:34:15.653000-07:00,
LIBRARY_STAGING,DBT_CROGERS,STG_FED_EIA860_3_5_MULTIFUEL__ALL,VIEW,,,2026-08-10 08:34:15.201000-07:00,2026-08-10 08:34:15.691000-07:00,
LIBRARY_STAGING,DBT_CROGERS,STG_FED_EIA860_4_OWNER__ALL,VIEW,,,2026-08-10 08:34:15.904000-07:00,2026-08-10 08:34:16.214000-07:00,
LIBRARY_STAGING,DBT_CROGERS,STG_FED_EIA860_6_1_ENVIROASSOC__ALL,VIEW,,,2026-08-10 08:34:14.997000-07:00,2026-08-10 08:34:15.312000-07:00,
LIBRARY_STAGING,DBT_CROGERS,STG_FED_EIA860_6_2_ENVIROEQUIP__ALL,VIEW,,,2026-08-10 08:34:16.197000-07:00,2026-08-10 08:34:16.531000-07:00,
LIBRARY_STAGING,DBT_CROGERS,STG_FED_EIA861_ADVANCED_METERS__METER_COUNTS,VIEW,,,2026-08-10 08:34:15.341000-07:00,2026-08-10 08:34:15.663000-07:00,
LIBRARY_STAGING,DBT_CROGERS,STG_FED_EIA861_BALANCING_AUTHORITY__ALL,VIEW,,,2026-08-10 08:34:15.358000-07:00,2026-08-10 08:34:15.594000-07:00,
LIBRARY_STAGING,DBT_CROGERS,STG_FED_EIA861_DELIVERY_COMPANIES__SALES,VIEW,,,2026-08-10 08:34:15.353000-07:00,2026-08-10 08:34:15.663000-07:00,
LIBRARY_STAGING,DBT_CROGERS,STG_FED_EIA861_DEMAND_RESPONSE__PROGRAMS,VIEW,,,2026-08-10 08:34:15.076000-07:00,2026-08-10 08:34:15.438000-07:00,
LIBRARY_STAGING,DBT_CROGERS,STG_FED_EIA861_DISTRIBUTION_SYSTEMS__CIRCUITS,VIEW,,,2026-08-10 08:34:15.504000-07:00,2026-08-10 08:34:15.784000-07:00,
LIBRARY_STAGING,DBT_CROGERS,STG_FED_EIA861_DYNAMIC_PRICING__ENROLLMENT,VIEW,,,2026-08-10 08:34:15.545000-07:00,2026-08-10 08:34:15.965000-07:00,
LIBRARY_STAGING,DBT_CROGERS,STG_FED_EIA861_ENERGY_EFFICIENCY__PROGRAMS,VIEW,,,2026-08-10 08:34:15.626000-07:00,2026-08-10 08:34:15.952000-07:00,
LIBRARY_STAGING,DBT_CROGERS,STG_FED_EIA861_FRAME__RESPONDENTS,VIEW,,,2026-08-10 08:34:15.472000-07:00,2026-08-10 08:34:15.774000-07:00,
LIBRARY_STAGING,DBT_CROGERS,STG_FED_EIA861_MERGERS__MERGERS,VIEW,,,2026-08-10 08:34:15.123000-07:00,2026-08-10 08:34:15.581000-07:00,
LIBRARY_STAGING,DBT_CROGERS,STG_FED_EIA861_NET_METERING__CAPACITY,VIEW,,,2026-08-10 08:34:15.480000-07:00,2026-08-10 08:34:16.167000-07:00,
LIBRARY_STAGING,DBT_CROGERS,STG_FED_EIA861_NON_NET_METERING_DISTRIBUTED__CAPACITY,VIEW,,,2026-08-10 08:34:16.257000-07:00,2026-08-10 08:34:16.895000-07:00,
LIBRARY_STAGING,DBT_CROGERS,STG_FED_EIA861_OPERATIONAL_DATA__OPERATIONS,VIEW,,,2026-08-10 08:34:15.377000-07:00,2026-08-10 08:34:15.714000-07:00,
LIBRARY_STAGING,DBT_CROGERS,STG_FED_EIA861_RELIABILITY__RELIABILITY_METRICS,VIEW,,,2026-08-10 08:34:15.403000-07:00,2026-08-10 08:34:16.098000-07:00,
LIBRARY_STAGING,DBT_CROGERS,STG_FED_EIA861_SALES_ULT_CUST_CS__FACILITY_SALES,VIEW,,,2026-08-10 08:34:15.487000-07:00,2026-08-10 08:34:15.845000-07:00,
LIBRARY_STAGING,DBT_CROGERS,STG_FED_EIA861_SALES_ULT_CUST__SALES,VIEW,,,2026-08-10 08:34:15.914000-07:00,2026-08-10 08:34:16.522000-07:00,
LIBRARY_STAGING,DBT_CROGERS,STG_FED_EIA861_SERVICE_TERRITORY__COUNTIES,VIEW,,,2026-08-10 08:34:15.370000-07:00,2026-08-10 08:34:15.632000-07:00,
LIBRARY_STAGING,DBT_CROGERS,STG_FED_EIA861_SHORT_FORM__RESPONSES,VIEW,,,2026-08-10 08:34:15.382000-07:00,2026-08-10 08:34:15.679000-07:00,
LIBRARY_STAGING,DBT_CROGERS,STG_FED_EIA861_UTILITY_DATA__UTILITY_PROFILE,VIEW,,,2026-08-10 08:34:15.173000-07:00,2026-08-10 08:34:15.748000-07:00,
LIBRARY_STAGING,DBT_CROGERS,STG_FED_EIA_861_BALANCING_AUTHORITY__ALL,VIEW,,,2026-08-20 09:32:09.877000-07:00,2026-08-20 09:32:10.279000-07:00,
LIBRARY_STAGING,DBT_CROGERS,STG_FED_EOIR_CASE_DATA__RECORDS,VIEW,,,2026-07-30 11:51:42.091000-07:00,2026-07-30 11:51:42.365000-07:00,
LIBRARY_STAGING,DBT_CROGERS,STG_FED_EPA_AQS_SITES__SITES,VIEW,,,2026-08-10 10:14:19.190000-07:00,2026-08-10 10:14:19.505000-07:00,
LIBRARY_STAGING,DBT_CROGERS,STG_FED_EPA_ECHO__RECORDS,VIEW,,,2026-07-30 11:51:43.663000-07:00,2026-07-30 11:51:44.236000-07:00,
LIBRARY_STAGING,DBT_CROGERS,STG_FED_EPA_ENVIROFACTS__FACILITY_SAMPLE,VIEW,,,2026-08-09 22:11:31.677000-07:00,2026-08-09 22:11:31.957000-07:00,
LIBRARY_STAGING,DBT_CROGERS,STG_FED_EPA_ENVIROFACTS__RECORDS,VIEW,,,2026-07-30 11:51:43.801000-07:00,2026-07-30 11:51:44.156000-07:00,
LIBRARY_STAGING,DBT_CROGERS,STG_FED_EPA_FRS_FRS_FACILITIES__FACILITIES,VIEW,,,2026-08-10 07:05:37.878000-07:00,2026-08-10 07:05:38.145000-07:00,
LIBRARY_STAGING,DBT_CROGERS,STG_FED_EPA_GHGRP_EMISSION__EMISSIONS,VIEW,,,2026-08-10 08:34:14.976000-07:00,2026-08-10 08:34:15.300000-07:00,
LIBRARY_STAGING,DBT_CROGERS,STG_FED_EPA_GHGRP_FACILITY__FACILITIES,VIEW,,,2026-08-10 08:34:15.319000-07:00,2026-08-10 08:34:15.631000-07:00,
LIBRARY_STAGING,DBT_CROGERS,STG_FED_EPA_RCRA_ENFORCEMENTS__ENFORCEMENTS,VIEW,,,2026-08-10 07:05:37.722000-07:00,2026-08-10 07:05:38.425000-07:00,
LIBRARY_STAGING,DBT_CROGERS,STG_FED_EPA_RCRA_EVALUATIONS__EVALUATIONS,VIEW,,,2026-08-10 07:05:37.881000-07:00,2026-08-10 07:05:38.216000-07:00,
LIBRARY_STAGING,DBT_CROGERS,STG_FED_EPA_RCRA_FACILITIES__FACILITIES,VIEW,,,2026-08-10 07:05:37.908000-07:00,2026-08-10 07:05:38.279000-07:00,
LIBRARY_STAGING,DBT_CROGERS,STG_FED_EPA_RCRA_RCRA_NAICS__NAICS_CODES,VIEW,,,2026-08-10 07:05:37.800000-07:00,2026-08-10 07:05:38.104000-07:00,
LIBRARY_STAGING,DBT_CROGERS,STG_FED_EPA_RCRA_VIOLATIONS__VIOLATIONS,VIEW,,,2026-08-10 07:05:38.570000-07:00,2026-08-10 07:05:38.872000-07:00,
LIBRARY_STAGING,DBT_CROGERS,STG_FED_EPA_RCRA_VIOSNC_HISTORY__MONTHLY_STATUS,VIEW,,,2026-08-10 07:05:38.002000-07:00,2026-08-10 07:05:38.380000-07:00,
LIBRARY_STAGING,DBT_CROGERS,STG_FED_EPA_SUPERFUND_SITE_BOUNDARIES__BOUNDARIES,VIEW,,,2026-08-10 16:36:54.334000-07:00,2026-08-10 16:36:54.794000-07:00,
LIBRARY_STAGING,DBT_CROGERS,STG_FED_EPA_TRI_FACILITY__FACILITIES,VIEW,,,2026-08-10 10:14:19.386000-07:00,2026-08-10 10:14:19.726000-07:00,
LIBRARY_STAGING,DBT_CROGERS,STG_FED_FAA_AIRCRAFT_REGISTRY__AIRCRAFT,VIEW,,,2026-08-09 21:06:40.185000-07:00,2026-08-09 21:06:40.484000-07:00,
LIBRARY_STAGING,DBT_CROGERS,STG_FED_FAA_AIRCRAFT_REGISTRY__ALL,VIEW,,,2026-08-09 18:35:46.706000-07:00,2026-08-09 18:35:47.092000-07:00,
LIBRARY_STAGING,DBT_CROGERS,STG_FED_FAA_DATA_PORTAL__RECORDS,VIEW,,,2026-07-30 11:51:44.906000-07:00,2026-07-30 11:51:45.205000-07:00,
LIBRARY_STAGING,DBT_CROGERS,STG_FED_FAA_REGISTRY__RECORDS,VIEW,,,2026-07-30 11:51:46.722000-07:00,2026-07-30 11:51:47.042000-07:00,
LIBRARY_STAGING,DBT_CROGERS,STG_FED_FARA_BULK__FARA_REGISTRATIONS,VIEW,,,2026-07-30 11:51:47.443000-07:00,2026-07-30 11:51:47.801000-07:00,
LIBRARY_STAGING,DBT_CROGERS,STG_FED_FARA__RECORDS,VIEW,,,2026-07-30 11:51:46.805000-07:00,2026-07-30 11:51:47.088000-07:00,
LIBRARY_STAGING,DBT_CROGERS,STG_FED_FATCA_FFI__INSTITUTIONS,VIEW,,,2026-08-09 21:05:59.794000-07:00,2026-08-09 21:06:00.511000-07:00,
LIBRARY_STAGING,DBT_CROGERS,STG_FED_FBI_CDE__PLACES,VIEW,,,2026-07-30 11:51:47.779000-07:00,2026-07-30 11:51:48.111000-07:00,
LIBRARY_STAGING,DBT_CROGERS,STG_FED_FBI_CDE__STATE_MONTH,VIEW,,,2026-08-09 18:35:46.837000-07:00,2026-08-09 18:35:47.148000-07:00,
LIBRARY_STAGING,DBT_CROGERS,STG_FED_FBI_NICS_CHECKS__RECORDS,VIEW,,,2026-07-30 11:51:50.223000-07:00,2026-07-30 11:51:50.560000-07:00,
LIBRARY_STAGING,DBT_CROGERS,STG_FED_FCC_LICENSING__RECORDS,VIEW,,,2026-07-30 11:51:50.207000-07:00,2026-07-30 11:51:50.557000-07:00,
LIBRARY_STAGING,DBT_CROGERS,STG_FED_FDA_CAERS__ALL,VIEW,,,2026-08-05 17:07:04.389000-07:00,2026-08-05 17:07:04.780000-07:00,
LIBRARY_STAGING,DBT_CROGERS,STG_FED_FDA_DEVICE_510K__ALL,VIEW,,,2026-08-05 17:07:06.477000-07:00,2026-08-05 17:07:07.392000-07:00,
LIBRARY_STAGING,DBT_CROGERS,STG_FED_FDA_DEVICE_CLASSIFICATION__DEVICE_CLASSIFICATIONS,VIEW,,,2026-08-10 12:00:56.260000-07:00,2026-08-10 12:00:56.823000-07:00,
LIBRARY_STAGING,DBT_CROGERS,STG_FED_FDA_DEVICE_ENFORCEMENT__DEVICE_ENFORCEMENT_RECALLS,VIEW,,,2026-08-10 12:00:58.012000-07:00,2026-08-10 12:00:58.674000-07:00,
LIBRARY_STAGING,DBT_CROGERS,STG_FED_FDA_DEVICE_PMA__ALL,VIEW,,,2026-08-05 17:07:04.395000-07:00,2026-08-05 17:07:04.875000-07:00,
LIBRARY_STAGING,DBT_CROGERS,STG_FED_FDA_DRUG_ENFORCEMENT__DRUG_ENFORCEMENT_RECALLS,VIEW,,,2026-08-06 14:52:02.572000-07:00,2026-08-06 14:52:02.923000-07:00,
LIBRARY_STAGING,DBT_CROGERS,STG_FED_FDA_DRUG_MASTER_FILES__DMFS,VIEW,,,2026-08-10 10:14:18.896000-07:00,2026-08-10 10:14:19.228000-07:00,
LIBRARY_STAGING,DBT_CROGERS,STG_FED_FDA_ESTABLISHMENT_REG__ALL,VIEW,,,2026-08-05 14:54:38.928000-07:00,2026-08-05 14:54:39.324000-07:00,
LIBRARY_STAGING,DBT_CROGERS,STG_FED_FDA_GUDID__ALL,VIEW,,,2026-08-09 22:12:54.264000-07:00,2026-08-09 22:12:54.527000-07:00,
LIBRARY_STAGING,DBT_CROGERS,STG_FED_FDA_MAUDE__ALL,VIEW,,,2026-08-09 22:12:54.265000-07:00,2026-08-09 22:12:54.535000-07:00,
LIBRARY_STAGING,DBT_CROGERS,STG_FED_FDA_PURPLE_BOOK__LICENSES,VIEW,,,2026-08-11 09:18:49.870000-07:00,2026-08-11 09:18:50.311000-07:00,
LIBRARY_STAGING,DBT_CROGERS,STG_FED_FDA_UNII_GSRS_SUBSTANCES__SUBSTANCES,VIEW,,,2026-08-10 08:34:15.200000-07:00,2026-08-10 08:34:15.888000-07:00,
LIBRARY_STAGING,DBT_CROGERS,STG_FED_FDIC_BANK_DATA__INSTITUTIONS,VIEW,,,2026-08-20 09:42:27.764000-07:00,2026-08-20 09:42:28.942000-07:00,
LIBRARY_STAGING,DBT_CROGERS,STG_FED_FDIC_BANK_DATA__RECORDS,VIEW,,,2026-07-30 11:51:50.658000-07:00,2026-07-30 11:51:51.034000-07:00,
LIBRARY_STAGING,DBT_CROGERS,STG_FED_FDIC_ENFORCEMENT__ENFORCEMENT_ORDERS,VIEW,,,2026-07-30 11:51:53.257000-07:00,2026-07-30 11:51:53.658000-07:00,
LIBRARY_STAGING,DBT_CROGERS,STG_FED_FDIC_FAILED_BANKS__FAILED_BANKS,VIEW,,,2026-07-30 11:51:53.245000-07:00,2026-07-30 11:51:53.602000-07:00,
LIBRARY_STAGING,DBT_CROGERS,STG_FED_FDIC_SOD_BRANCH_DEPOSITS__BRANCHES,VIEW,,,2026-08-11 07:43:32.432000-07:00,2026-08-11 07:43:33.123000-07:00,
LIBRARY_STAGING,DBT_CROGERS,STG_FED_FEC_API__RECORDS,VIEW,,,2026-07-30 11:51:53.262000-07:00,2026-07-30 11:51:53.647000-07:00,
LIBRARY_STAGING,DBT_CROGERS,STG_FED_FEC_BULK_COMMITTEES__RECORDS,VIEW,,,2026-07-30 11:51:56.522000-07:00,2026-07-30 11:51:56.846000-07:00,
LIBRARY_STAGING,DBT_CROGERS,STG_FED_FEC_BULK__RECORDS,VIEW,,,2026-07-30 11:51:53.588000-07:00,2026-07-30 11:51:53.941000-07:00,
LIBRARY_STAGING,DBT_CROGERS,STG_FED_FEC_CANDIDATES__RECORDS,VIEW,,,2026-07-30 11:51:59.573000-07:00,2026-07-30 11:51:59.906000-07:00,
LIBRARY_STAGING,DBT_CROGERS,STG_FED_FEC_CAND_CMTE_LINKAGE__RECORDS,VIEW,,,2026-07-30 11:51:59.573000-07:00,2026-07-30 11:51:59.953000-07:00,
LIBRARY_STAGING,DBT_CROGERS,STG_FED_FEC_COMMITTEES__RECORDS,VIEW,,,2026-07-30 11:51:59.748000-07:00,2026-07-30 11:52:00.073000-07:00,
LIBRARY_STAGING,DBT_CROGERS,STG_FED_FEC_COMMITTEE_TO_CANDIDATE__RECORDS,VIEW,,,2026-07-30 11:51:59.589000-07:00,2026-07-30 11:51:59.996000-07:00,
LIBRARY_STAGING,DBT_CROGERS,STG_FED_FEC_INDIV_CONTRIBUTIONS__RECORDS,VIEW,,,2026-07-30 11:52:02.545000-07:00,2026-07-30 11:52:02.956000-07:00,
LIBRARY_STAGING,DBT_CROGERS,STG_FED_FEC_PAC_SUMMARY__RECORDS,VIEW,,,2026-07-31 16:15:12.901000-07:00,2026-07-31 16:15:13.246000-07:00,
LIBRARY_STAGING,DBT_CROGERS,STG_FED_FEDERAL_REGISTER_DOCUMENTS__FEDERAL_REGISTER_DOCUMENTS,VIEW,,,2026-07-30 11:52:05.253000-07:00,2026-07-30 11:52:05.602000-07:00,
LIBRARY_STAGING,DBT_CROGERS,STG_FED_FEMA_IA_HOUSING_REGISTRATIONS__REGISTRATIONS,VIEW,,,2026-08-10 07:05:37.886000-07:00,2026-08-10 07:05:38.390000-07:00,
LIBRARY_STAGING,DBT_CROGERS,STG_FED_FEMA_NFIP_COMMUNITY_STATUS_BOOK__COMMUNITIES,VIEW,,,2026-08-10 10:14:19.138000-07:00,2026-08-10 10:14:19.701000-07:00,
LIBRARY_STAGING,DBT_CROGERS,STG_FED_FFIEC_CALL_REPORTS__RECORDS,VIEW,,,2026-07-30 11:52:05.307000-07:00,2026-07-30 11:52:05.582000-07:00,
LIBRARY_STAGING,DBT_CROGERS,STG_FED_FHFA_FHLB_MEMBERSHIP__MEMBERS,VIEW,,,2026-08-10 10:14:18.931000-07:00,2026-08-10 10:14:19.242000-07:00,
LIBRARY_STAGING,DBT_CROGERS,STG_FED_FHFA_HPI__RECORDS,VIEW,,,2026-07-30 11:52:05.488000-07:00,2026-07-30 11:52:05.760000-07:00,
LIBRARY_STAGING,DBT_CROGERS,STG_FED_FHFA_NMDB__RECORDS,VIEW,,,2026-08-11 09:18:49.517000-07:00,2026-08-11 09:18:49.923000-07:00,
LIBRARY_STAGING,DBT_CROGERS,STG_FED_FHFA_SUSPENDED_COUNTERPARTY_PROGRAM__SUSPENDED_COUNTERPARTY,VIEW,,,2026-08-05 15:01:17.900000-07:00,2026-08-05 15:01:18.481000-07:00,
LIBRARY_STAGING,DBT_CROGERS,STG_FED_FINCEN_BOI__ORGANIZATIONS,VIEW,,,2026-07-30 11:52:08.216000-07:00,2026-07-30 11:52:08.630000-07:00,
LIBRARY_STAGING,DBT_CROGERS,STG_FED_FINRA_MPID_LIST__MARKET_PARTICIPANTS,VIEW,,,2026-08-10 10:14:18.894000-07:00,2026-08-10 10:14:19.236000-07:00,
LIBRARY_STAGING,DBT_CROGERS,STG_FED_FJC_IDB_APPELLATE__APPEAL_RECORDS,VIEW,,,2026-08-20 09:36:02.314000-07:00,2026-08-20 09:36:03.032000-07:00,
LIBRARY_STAGING,DBT_CROGERS,STG_FED_FJC_IDB_BANKRUPTCY__CASE_SNAPSHOTS,VIEW,,,2026-08-20 09:36:02.508000-07:00,2026-08-20 09:36:03.024000-07:00,
LIBRARY_STAGING,DBT_CROGERS,STG_FED_FJC_IDB_CIVIL__CASE_RECORDS,VIEW,,,2026-08-20 09:36:02.314000-07:00,2026-08-20 09:36:06.087000-07:00,
LIBRARY_STAGING,DBT_CROGERS,STG_FED_FJC_IDB_CRIMINAL__DEFENDANT_RECORDS,VIEW,,,2026-08-20 09:36:06.399000-07:00,2026-08-20 09:36:07.458000-07:00,
LIBRARY_STAGING,DBT_CROGERS,STG_FED_FJC_IDB__FEDERAL_COURT_CASES,VIEW,,,2026-07-30 11:52:08.426000-07:00,2026-07-30 11:52:08.832000-07:00,
LIBRARY_STAGING,DBT_CROGERS,STG_FED_FJC_JUDGES__PEOPLE,VIEW,,,2026-07-30 11:52:08.422000-07:00,2026-07-30 11:52:09.166000-07:00,
LIBRARY_STAGING,DBT_CROGERS,STG_FED_FJC_SERVICE__PEOPLE,VIEW,,,2026-07-30 11:52:08.546000-07:00,2026-07-30 11:52:09.014000-07:00,
LIBRARY_STAGING,DBT_CROGERS,STG_FED_FOREIGNASSISTANCE__RECORDS,VIEW,,,2026-08-11 09:18:51.055000-07:00,2026-08-11 09:18:51.432000-07:00,
LIBRARY_STAGING,DBT_CROGERS,STG_FED_FRACFOCUS_DISCLOSURE_LIST__DISCLOSURES,VIEW,,,2026-08-10 07:05:38.700000-07:00,2026-08-10 07:05:38.954000-07:00,
LIBRARY_STAGING,DBT_CROGERS,STG_FED_FRACFOCUS_REGISTRY__INGREDIENTS,VIEW,,,2026-08-10 07:05:39.077000-07:00,2026-08-10 07:05:39.683000-07:00,
LIBRARY_STAGING,DBT_CROGERS,STG_FED_FRACFOCUS_WATER_SOURCE__WATER_SOURCES,VIEW,,,2026-08-10 07:05:39.078000-07:00,2026-08-10 07:05:39.384000-07:00,
LIBRARY_STAGING,DBT_CROGERS,STG_FED_FRA_CASUALTIES__ALL,VIEW,,,2026-08-09 18:35:47.018000-07:00,2026-08-09 18:35:47.497000-07:00,
LIBRARY_STAGING,DBT_CROGERS,STG_FED_FRA_CROSSING_INCIDENTS__ALL,VIEW,,,2026-08-09 18:35:46.913000-07:00,2026-08-09 18:35:47.404000-07:00,
LIBRARY_STAGING,DBT_CROGERS,STG_FED_FRA_EQUIPMENT_ACCIDENTS__ALL,VIEW,,,2026-08-09 18:35:46.922000-07:00,2026-08-09 18:35:47.481000-07:00,
LIBRARY_STAGING,DBT_CROGERS,STG_FED_FRA_SAFETY__PLACES,VIEW,,,2026-07-30 11:52:11.460000-07:00,2026-07-30 11:52:11.787000-07:00,
LIBRARY_STAGING,DBT_CROGERS,STG_FED_FTC_DATASETS__RECORDS,VIEW,,,2026-07-30 11:52:12.318000-07:00,2026-07-30 11:52:12.672000-07:00,
LIBRARY_STAGING,DBT_CROGERS,STG_FED_GOVINFO_BILLSTATUS__RECORDS,VIEW,,,2026-07-30 11:52:15.290000-07:00,2026-07-30 11:52:15.603000-07:00,
LIBRARY_STAGING,DBT_CROGERS,STG_FED_GOVINFO_BILL_COSPONSORS__RECORDS,VIEW,,,2026-07-30 11:52:14.214000-07:00,2026-07-30 11:52:14.514000-07:00,
LIBRARY_STAGING,DBT_CROGERS,STG_FED_GRANTS_GOV__RECORDS,VIEW,,,2026-07-30 11:52:15.269000-07:00,2026-07-30 11:52:15.639000-07:00,
LIBRARY_STAGING,DBT_CROGERS,STG_FED_HHS_OIG_LEIE__EXCLUSIONS,VIEW,,,2026-07-30 11:52:17.050000-07:00,2026-07-30 11:52:17.402000-07:00,
LIBRARY_STAGING,DBT_CROGERS,STG_FED_HHS_TAGGS__GRANT_AWARDS,VIEW,,,2026-07-30 11:52:17.219000-07:00,2026-07-30 11:52:17.522000-07:00,
LIBRARY_STAGING,DBT_CROGERS,STG_FED_HRSA_HPSA_PRIMARY_CARE__DESIGNATIONS,VIEW,,,2026-08-10 10:14:19.372000-07:00,2026-08-10 10:14:19.918000-07:00,
LIBRARY_STAGING,DBT_CROGERS,STG_FED_HRSA_SHORTAGE_AREAS__RECORDS,VIEW,,,2026-08-10 10:14:19.341000-07:00,2026-08-10 10:14:19.740000-07:00,
LIBRARY_STAGING,DBT_CROGERS,STG_FED_HRSA_UDS_HEALTH_CENTER_INFO__CENTERS,VIEW,,,2026-08-10 10:14:19.180000-07:00,2026-08-10 10:14:19.487000-07:00,
LIBRARY_STAGING,DBT_CROGERS,STG_FED_HRSA_UDS_SERVICE_DELIVERY_SITES__SITES,VIEW,,,2026-08-10 10:14:19.355000-07:00,2026-08-10 10:14:19.717000-07:00,
LIBRARY_STAGING,DBT_CROGERS,STG_FED_HRSA_UDS_TABLE3A_PATIENTS__BY_CENTER,VIEW,,,2026-08-10 10:14:19.189000-07:00,2026-08-10 10:14:19.652000-07:00,
LIBRARY_STAGING,DBT_CROGERS,STG_FED_HUD_ASSISTED_HOUSING_PROJECTS__SUMMARIES,VIEW,,,2026-08-10 10:14:18.942000-07:00,2026-08-10 10:14:19.427000-07:00,
LIBRARY_STAGING,DBT_CROGERS,STG_FED_HUD_DATA__RECORDS,VIEW,,,2026-08-10 10:14:18.865000-07:00,2026-08-10 10:14:19.161000-07:00,
LIBRARY_STAGING,DBT_CROGERS,STG_FED_HUD_FHA_SF_PORTFOLIO_SNAPSHOT__LOANS,VIEW,,,2026-08-10 10:14:19.016000-07:00,2026-08-10 10:14:19.296000-07:00,
LIBRARY_STAGING,DBT_CROGERS,STG_FED_HUD_MF_FIRM_COMMITMENTS__COMMITMENTS,VIEW,,,2026-08-10 10:14:19.383000-07:00,2026-08-10 10:14:20.059000-07:00,
LIBRARY_STAGING,DBT_CROGERS,STG_FED_HUD_MF_SECTION8_CONTRACTS__CONTRACTS,VIEW,,,2026-08-10 10:14:18.810000-07:00,2026-08-10 10:14:19.196000-07:00,
LIBRARY_STAGING,DBT_CROGERS,STG_FED_HUD_PUBLIC_HOUSING_AUTHORITIES__AUTHORITIES,VIEW,,,2026-08-10 10:14:19.357000-07:00,2026-08-10 10:14:19.776000-07:00,
LIBRARY_STAGING,DBT_CROGERS,STG_FED_ICE_DETAINERS__ALL,VIEW,,,2026-08-20 09:32:09.759000-07:00,2026-08-20 09:32:10.269000-07:00,
LIBRARY_STAGING,DBT_CROGERS,STG_FED_ICE_DETENTION_FACILITY_CODES__FACILITY_CODES,VIEW,,,2026-08-10 10:14:19.200000-07:00,2026-08-10 10:14:19.564000-07:00,
LIBRARY_STAGING,DBT_CROGERS,STG_FED_ICE_DETENTION_FACILITY_LIST__FACILITY,VIEW,,,2026-08-10 10:14:18.976000-07:00,2026-08-10 10:14:19.272000-07:00,
LIBRARY_STAGING,DBT_CROGERS,STG_FED_ICE_DETENTION_STINTS__ALL,VIEW,,,2026-08-20 09:32:13.002000-07:00,2026-08-20 09:32:13.437000-07:00,
LIBRARY_STAGING,DBT_CROGERS,STG_FED_ICE_STATISTICS__RECORDS,VIEW,,,2026-07-30 11:52:20.382000-07:00,2026-07-30 11:52:20.738000-07:00,
LIBRARY_STAGING,DBT_CROGERS,STG_FED_ICIJ_OFFSHORELEAKS__ADDRESSES,VIEW,,,2026-08-20 09:30:29.452000-07:00,2026-08-20 09:30:29.900000-07:00,
LIBRARY_STAGING,DBT_CROGERS,STG_FED_ICIJ_OFFSHORELEAKS__ENTITIES,VIEW,,,2026-08-20 09:30:29.354000-07:00,2026-08-20 09:30:29.955000-07:00,
LIBRARY_STAGING,DBT_CROGERS,STG_FED_ICIJ_OFFSHORELEAKS__INTERMEDIARIES,VIEW,,,2026-08-20 09:30:29.548000-07:00,2026-08-20 09:30:29.997000-07:00,
LIBRARY_STAGING,DBT_CROGERS,STG_FED_ICIJ_OFFSHORELEAKS__OFFICERS,VIEW,,,2026-08-20 09:30:29.350000-07:00,2026-08-20 09:30:29.929000-07:00,
LIBRARY_STAGING,DBT_CROGERS,STG_FED_ICIJ_OFFSHORELEAKS__OTHERS,VIEW,,,2026-08-20 09:30:33.760000-07:00,2026-08-20 09:30:34.148000-07:00,
LIBRARY_STAGING,DBT_CROGERS,STG_FED_ICIJ_OFFSHORELEAKS__RELATIONSHIPS,VIEW,,,2026-08-20 09:30:33.731000-07:00,2026-08-20 09:30:34.091000-07:00,
LIBRARY_STAGING,DBT_CROGERS,STG_FED_IHS_FACILITIES__FACILITIES,VIEW,,,2026-08-10 10:14:19.085000-07:00,2026-08-10 10:14:19.509000-07:00,
LIBRARY_STAGING,DBT_CROGERS,STG_FED_IHS_SCB_FACILITY__FACILITIES,VIEW,,,2026-08-10 10:14:20.306000-07:00,2026-08-10 10:14:20.660000-07:00,
LIBRARY_STAGING,DBT_CROGERS,STG_FED_IRS_990_EFILE_INDEX__RECORDS,VIEW,,,2026-07-30 11:52:20.983000-07:00,2026-07-30 11:52:21.249000-07:00,
LIBRARY_STAGING,DBT_CROGERS,STG_FED_IRS_990__ORGANIZATIONS,VIEW,,,2026-07-30 11:52:20.706000-07:00,2026-07-30 11:52:21.011000-07:00,
LIBRARY_STAGING,DBT_CROGERS,STG_FED_IRS_BMF__ORGANIZATIONS,VIEW,,,2026-07-30 11:52:21.313000-07:00,2026-07-30 11:52:21.707000-07:00,
LIBRARY_STAGING,DBT_CROGERS,STG_FED_IRS_EO_BMF__ORGS,VIEW,,,2026-08-09 20:43:08.724000-07:00,2026-08-09 20:43:09.192000-07:00,
LIBRARY_STAGING,DBT_CROGERS,STG_FED_IRS_REVOCATION__ORGANIZATIONS,VIEW,,,2026-07-30 11:52:23.623000-07:00,2026-07-30 11:52:23.946000-07:00,
LIBRARY_STAGING,DBT_CROGERS,STG_FED_IRS_SOI__RECORDS,VIEW,,,2026-07-30 11:52:23.782000-07:00,2026-07-30 11:52:24.342000-07:00,
LIBRARY_STAGING,DBT_CROGERS,STG_FED_ITIS_COMMENTS__COMMENTS,VIEW,,,2026-08-10 08:34:15.375000-07:00,2026-08-10 08:34:15.653000-07:00,
LIBRARY_STAGING,DBT_CROGERS,STG_FED_ITIS_EXPERTS__EXPERTS,VIEW,,,2026-08-10 08:34:15.339000-07:00,2026-08-10 08:34:15.571000-07:00,
LIBRARY_STAGING,DBT_CROGERS,STG_FED_ITIS_GEOGRAPHIC_DIV__GEOGRAPHIC_DIVISIONS,VIEW,,,2026-08-10 08:34:16.197000-07:00,2026-08-10 08:34:16.451000-07:00,
LIBRARY_STAGING,DBT_CROGERS,STG_FED_ITIS_HIERARCHY__HIERARCHY,VIEW,,,2026-08-10 08:34:15.374000-07:00,2026-08-10 08:34:15.663000-07:00,
LIBRARY_STAGING,DBT_CROGERS,STG_FED_ITIS_JURISDICTION__JURISDICTIONS,VIEW,,,2026-08-10 08:34:15.377000-07:00,2026-08-10 08:34:15.664000-07:00,
LIBRARY_STAGING,DBT_CROGERS,STG_FED_ITIS_KINGDOMS__KINGDOMS,VIEW,,,2026-08-10 08:34:15.404000-07:00,2026-08-10 08:34:15.841000-07:00,
LIBRARY_STAGING,DBT_CROGERS,STG_FED_ITIS_LONGNAMES__COMPLETE_NAMES,VIEW,,,2026-08-10 08:34:15.022000-07:00,2026-08-10 08:34:15.301000-07:00,
LIBRARY_STAGING,DBT_CROGERS,STG_FED_ITIS_NODC_IDS__NODC_IDS,VIEW,,,2026-08-10 08:34:15.378000-07:00,2026-08-10 08:34:15.643000-07:00,
LIBRARY_STAGING,DBT_CROGERS,STG_FED_ITIS_OTHER_SOURCES__OTHER_SOURCES,VIEW,,,2026-08-10 08:34:15.148000-07:00,2026-08-10 08:34:15.404000-07:00,
LIBRARY_STAGING,DBT_CROGERS,STG_FED_ITIS_PUBLICATIONS__PUBLICATIONS,VIEW,,,2026-08-10 08:34:15.118000-07:00,2026-08-10 08:34:15.404000-07:00,
LIBRARY_STAGING,DBT_CROGERS,STG_FED_ITIS_REFERENCE_LINKS__REFERENCE_LINKS,VIEW,,,2026-08-10 08:34:15.874000-07:00,2026-08-10 08:34:16.112000-07:00,
LIBRARY_STAGING,DBT_CROGERS,STG_FED_ITIS_STRIPPEDAUTHOR__STRIPPED_AUTHORS,VIEW,,,2026-08-10 08:34:15.378000-07:00,2026-08-10 08:34:15.671000-07:00,
LIBRARY_STAGING,DBT_CROGERS,STG_FED_ITIS_SYNONYM_LINKS__SYNONYMS,VIEW,,,2026-08-10 08:34:15.889000-07:00,2026-08-10 08:34:16.351000-07:00,
LIBRARY_STAGING,DBT_CROGERS,STG_FED_ITIS_TAXONOMIC_UNITS__TAXA,VIEW,,,2026-08-10 08:34:15.350000-07:00,2026-08-10 08:34:15.740000-07:00,
LIBRARY_STAGING,DBT_CROGERS,STG_FED_ITIS_TAXON_AUTHORS_LKP__AUTHORS,VIEW,,,2026-08-10 08:34:14.969000-07:00,2026-08-10 08:34:15.468000-07:00,
LIBRARY_STAGING,DBT_CROGERS,STG_FED_ITIS_TAXON_UNIT_TYPES__RANK_TYPES,VIEW,,,2026-08-10 08:34:16.197000-07:00,2026-08-10 08:34:16.721000-07:00,
LIBRARY_STAGING,DBT_CROGERS,STG_FED_ITIS_TU_COMMENTS_LINKS__COMMENT_LINKS,VIEW,,,2026-08-10 08:34:15.321000-07:00,2026-08-10 08:34:15.560000-07:00,
LIBRARY_STAGING,DBT_CROGERS,STG_FED_ITIS_VERNACULARS__VERNACULAR_NAMES,VIEW,,,2026-08-10 08:34:15.168000-07:00,2026-08-10 08:34:15.680000-07:00,
LIBRARY_STAGING,DBT_CROGERS,STG_FED_ITIS_VERN_REF_LINKS__VERNACULAR_REF_LINKS,VIEW,,,2026-08-10 08:34:15.187000-07:00,2026-08-10 08:34:15.476000-07:00,
LIBRARY_STAGING,DBT_CROGERS,STG_FED_JPML_PENDING_MDLS__MDL_DOCKET,VIEW,,,2026-08-05 15:01:21.041000-07:00,2026-08-05 15:01:21.335000-07:00,
LIBRARY_STAGING,DBT_CROGERS,STG_FED_MAPPING_INEQUALITY__HOLC_NEIGHBORHOOD_GRADES,VIEW,,,2026-07-30 11:52:24.238000-07:00,2026-07-30 11:52:24.533000-07:00,
LIBRARY_STAGING,DBT_CROGERS,STG_FED_MEDSL_HOUSE_RETURNS__RECORDS,VIEW,,,2026-07-30 11:52:25.982000-07:00,2026-07-30 11:52:26.348000-07:00,
LIBRARY_STAGING,DBT_CROGERS,STG_FED_MEDSL_PRESIDENT_RETURNS__RECORDS,VIEW,,,2026-07-30 11:52:26.492000-07:00,2026-07-30 11:52:26.853000-07:00,
LIBRARY_STAGING,DBT_CROGERS,STG_FED_MEDSL_SENATE_RETURNS__RECORDS,VIEW,,,2026-07-30 11:52:26.871000-07:00,2026-07-30 11:52:27.146000-07:00,
LIBRARY_STAGING,DBT_CROGERS,STG_FED_MSHA_ACCIDENTS__RECORDS,VIEW,,,2026-07-30 11:52:27.099000-07:00,2026-07-30 11:52:27.517000-07:00,
LIBRARY_STAGING,DBT_CROGERS,STG_FED_MSHA_MINES__RECORDS,VIEW,,,2026-07-30 11:52:28.931000-07:00,2026-07-30 11:52:29.361000-07:00,
LIBRARY_STAGING,DBT_CROGERS,STG_FED_MSHA_VIOLATIONS__RECORDS,VIEW,,,2026-07-30 11:52:29.384000-07:00,2026-07-30 11:52:29.798000-07:00,
LIBRARY_STAGING,DBT_CROGERS,STG_FED_MSRB_REGISTRANTS__REGISTRANTS,VIEW,,,2026-08-10 10:14:18.804000-07:00,2026-08-10 10:14:19.226000-07:00,
LIBRARY_STAGING,DBT_CROGERS,STG_FED_NAAG_MULTISTATE_SETTLEMENTS__MULTISTATE_SETTLEMENTS,VIEW,,,2026-06-28 09:21:26.668000-07:00,2026-06-28 09:21:26.930000-07:00,
LIBRARY_STAGING,DBT_CROGERS,STG_FED_NARA_AAD__ARCHIVAL_RECORDS,VIEW,,,2026-08-11 06:56:10.323000-07:00,2026-08-11 06:56:10.660000-07:00,
LIBRARY_STAGING,DBT_CROGERS,STG_FED_NARA_WRA_AAD__JAPANESE_AMERICAN_RELOCATION_RECORDS,VIEW,,,2026-07-30 11:52:31.898000-07:00,2026-07-30 11:52:32.208000-07:00,
LIBRARY_STAGING,DBT_CROGERS,STG_FED_NASA_OPEN_DATA__RECORDS,VIEW,,,2026-07-30 11:52:32.401000-07:00,2026-07-30 11:52:32.732000-07:00,
LIBRARY_STAGING,DBT_CROGERS,STG_FED_NCUA_CALL_REPORTS__FOICU,VIEW,,,2026-08-11 09:18:52.043000-07:00,2026-08-11 09:18:52.509000-07:00,
LIBRARY_STAGING,DBT_CROGERS,STG_FED_NCUA_CALL_REPORTS__FS220,VIEW,,,2026-08-11 09:18:52.549000-07:00,2026-08-11 09:18:53.731000-07:00,
LIBRARY_STAGING,DBT_CROGERS,STG_FED_NCUA_CALL_REPORTS__RECORDS,VIEW,,,2026-08-10 10:14:19.356000-07:00,2026-08-10 10:14:19.682000-07:00,
LIBRARY_STAGING,DBT_CROGERS,STG_FED_NCUA_CHARTER_MERGER_EVENTS__MERGER_EVENTS,VIEW,,,2026-08-10 10:14:20.127000-07:00,2026-08-10 10:14:20.519000-07:00,
LIBRARY_STAGING,DBT_CROGERS,STG_FED_NCUA_FEDERALLY_INSURED_CU_LIST__CREDIT_UNIONS,VIEW,,,2026-08-10 10:14:18.871000-07:00,2026-08-10 10:14:19.191000-07:00,
LIBRARY_STAGING,DBT_CROGERS,STG_FED_NHTSA_COMPLAINTS__RECORDS,VIEW,,,2026-07-30 11:52:33.140000-07:00,2026-07-30 11:52:33.563000-07:00,
LIBRARY_STAGING,DBT_CROGERS,STG_FED_NHTSA_INVESTIGATIONS__RECORDS,VIEW,,,2026-07-31 16:15:12.887000-07:00,2026-07-31 16:15:13.283000-07:00,
LIBRARY_STAGING,DBT_CROGERS,STG_FED_NHTSA_RECALLS__RECORDS,VIEW,,,2026-07-30 11:52:35.535000-07:00,2026-07-30 11:52:35.923000-07:00,
LIBRARY_STAGING,DBT_CROGERS,STG_FED_NID_DAMS__STRUCTURES,VIEW,,,2026-08-09 21:06:39.586000-07:00,2026-08-09 21:06:39.954000-07:00,
LIBRARY_STAGING,DBT_CROGERS,STG_FED_NIH_REPORTER__PROJECTS,VIEW,,,2026-08-20 09:43:57.180000-07:00,2026-08-20 09:43:57.543000-07:00,
LIBRARY_STAGING,DBT_CROGERS,STG_FED_NIH_REPORTER__RECORDS,VIEW,,,2026-07-30 11:52:35.536000-07:00,2026-07-30 11:52:35.992000-07:00,
LIBRARY_STAGING,DBT_CROGERS,STG_FED_NLM_DAILYMED_SPL_SETID_MAP__SETID_MAP,VIEW,,,2026-08-10 08:34:14.975000-07:00,2026-08-10 08:34:15.289000-07:00,
LIBRARY_STAGING,DBT_CROGERS,STG_FED_NOAA_AIS__AIS_VESSEL_POSITIONS,VIEW,,,2026-07-30 11:52:36.106000-07:00,2026-07-30 11:52:36.451000-07:00,
LIBRARY_STAGING,DBT_CROGERS,STG_FED_NOAA_STORM_EVENTS__EVENTS,VIEW,,,2026-07-30 11:52:38.507000-07:00,2026-07-30 11:52:38.985000-07:00,
LIBRARY_STAGING,DBT_CROGERS,STG_FED_NOAA_WEATHER_API__RECORDS,VIEW,,,2026-07-30 11:52:38.529000-07:00,2026-07-30 11:52:38.906000-07:00,
LIBRARY_STAGING,DBT_CROGERS,STG_FED_NSF_AWARDS__RECORDS,VIEW,,,2026-07-30 11:52:38.606000-07:00,2026-07-30 11:52:38.941000-07:00,
LIBRARY_STAGING,DBT_CROGERS,STG_FED_NTSB_AVIATION_AIRCRAFT__AIRCRAFT,VIEW,,,2026-08-09 21:49:59.920000-07:00,2026-08-09 21:50:00.385000-07:00,
LIBRARY_STAGING,DBT_CROGERS,STG_FED_NTSB_AVIATION_EVENTS__EVENTS,VIEW,,,2026-08-09 21:49:59.918000-07:00,2026-08-09 21:50:00.336000-07:00,
LIBRARY_STAGING,DBT_CROGERS,STG_FED_NTSB_AVIATION_INJURY__INJURIES,VIEW,,,2026-08-10 08:34:15.517000-07:00,2026-08-10 08:34:15.751000-07:00,
LIBRARY_STAGING,DBT_CROGERS,STG_FED_NURSINGHOME411__FACILITIES,VIEW,,,2026-07-30 11:52:39.075000-07:00,2026-07-30 11:52:39.512000-07:00,
LIBRARY_STAGING,DBT_CROGERS,STG_FED_OCC_NATIONAL_BANKS__BANKS,VIEW,,,2026-08-10 10:14:19.107000-07:00,2026-08-10 10:14:19.468000-07:00,
LIBRARY_STAGING,DBT_CROGERS,STG_FED_OCC_THRIFTS__THRIFTS,VIEW,,,2026-08-10 10:14:19.368000-07:00,2026-08-10 10:14:19.625000-07:00,
LIBRARY_STAGING,DBT_CROGERS,STG_FED_OFAC_SDN__SDN_ENTITIES,VIEW,,,2026-07-30 11:52:41.674000-07:00,2026-07-30 11:52:42.011000-07:00,
LIBRARY_STAGING,DBT_CROGERS,STG_FED_OYEZ__SCOTUS_CASES,VIEW,,,2026-07-30 11:52:41.671000-07:00,2026-07-30 11:52:42.076000-07:00,
LIBRARY_STAGING,DBT_CROGERS,STG_FED_PBGC_DATA__RECORDS,VIEW,,,2026-07-30 11:52:41.674000-07:00,2026-07-30 11:52:42.020000-07:00,
LIBRARY_STAGING,DBT_CROGERS,STG_FED_PBGC_TRUSTEED_PLANS__PLANS,VIEW,,,2026-08-09 21:49:59.918000-07:00,2026-08-09 21:50:00.204000-07:00,
LIBRARY_STAGING,DBT_CROGERS,STG_FED_PCAOB_FORM_AP_FILINGS__FILINGS,VIEW,,,2026-08-10 08:34:14.997000-07:00,2026-08-10 08:34:15.879000-07:00,
LIBRARY_STAGING,DBT_CROGERS,STG_FED_PHMSA_FLAGGED_INCIDENTS__INCIDENTS,VIEW,,,2026-08-10 13:58:54.275000-07:00,2026-08-10 13:58:54.773000-07:00,
LIBRARY_STAGING,DBT_CROGERS,STG_FED_RETRACTION_WATCH__RETRACTIONS,VIEW,,,2026-08-09 21:06:39.254000-07:00,2026-08-09 21:06:39.537000-07:00,
LIBRARY_STAGING,DBT_CROGERS,STG_FED_REVOLVINGDOOR_PROJECT__PERSONNEL_POSITIONS,VIEW,,,2026-07-30 11:52:42.116000-07:00,2026-07-30 11:52:42.499000-07:00,
LIBRARY_STAGING,DBT_CROGERS,STG_FED_SAM_EXCLUSIONS__RECORDS,VIEW,,,2026-08-11 09:39:34.388000-07:00,2026-08-11 09:39:35.388000-07:00,
LIBRARY_STAGING,DBT_CROGERS,STG_FED_SBA_LOANS__RECORDS,VIEW,,,2026-07-30 11:52:44.702000-07:00,2026-07-30 11:52:45.115000-07:00,
LIBRARY_STAGING,DBT_CROGERS,STG_FED_SBA_PPP__RECORDS,VIEW,,,2026-07-30 11:52:44.746000-07:00,2026-07-30 11:52:45.157000-07:00,
LIBRARY_STAGING,DBT_CROGERS,STG_FED_SBIR_STTR_AWARDS__AWARDS,VIEW,,,2026-08-10 08:34:14.971000-07:00,2026-08-10 08:34:15.341000-07:00,
LIBRARY_STAGING,DBT_CROGERS,STG_FED_SCDB__SUPREME_COURT_CASES,VIEW,,,2026-07-30 11:52:45.047000-07:00,2026-07-30 11:52:45.502000-07:00,
LIBRARY_STAGING,DBT_CROGERS,STG_FED_SEC_13F_POSITIONS__ALL,VIEW,,,2026-07-30 11:52:47.812000-07:00,2026-07-30 11:52:48.168000-07:00,
LIBRARY_STAGING,DBT_CROGERS,STG_FED_SEC_EDGAR_COMPANY_TICKERS_EXCHANGE__TICKERS,VIEW,,,2026-08-10 10:49:00.620000-07:00,2026-08-10 10:49:00.991000-07:00,
LIBRARY_STAGING,DBT_CROGERS,STG_FED_SEC_EDGAR_COMPANY_TICKERS__COMPANY_TICKERS,VIEW,,,2026-07-30 11:52:48.051000-07:00,2026-07-30 11:52:48.355000-07:00,
LIBRARY_STAGING,DBT_CROGERS,STG_FED_SEC_EDGAR_FINANCIALS__RECORDS,VIEW,,,2026-07-30 11:52:50.457000-07:00,2026-07-30 11:52:50.811000-07:00,
LIBRARY_STAGING,DBT_CROGERS,STG_FED_SEC_EDGAR__RECORDS,VIEW,,,2026-07-30 11:52:47.811000-07:00,2026-07-30 11:52:48.092000-07:00,
LIBRARY_STAGING,DBT_CROGERS,STG_FED_SEC_INSIDER_DERIV_TRANS__RECORDS,VIEW,,,2026-07-30 11:52:50.644000-07:00,2026-07-30 11:52:50.958000-07:00,
LIBRARY_STAGING,DBT_CROGERS,STG_FED_SEC_INSIDER_NONDERIV_TRANS__RECORDS,VIEW,,,2026-07-30 11:52:50.727000-07:00,2026-07-30 11:52:51.068000-07:00,
LIBRARY_STAGING,DBT_CROGERS,STG_FED_SEC_INSIDER_REPORTINGOWNER__RECORDS,VIEW,,,2026-07-30 11:52:50.890000-07:00,2026-07-30 11:52:51.194000-07:00,
LIBRARY_STAGING,DBT_CROGERS,STG_FED_SEC_INSIDER_SUBMISSION__RECORDS,VIEW,,,2026-07-30 11:52:53.381000-07:00,2026-07-30 11:52:53.710000-07:00,
LIBRARY_STAGING,DBT_CROGERS,STG_FED_SEC_INVESTMENT_COMPANY_SERIES_CLASS__SERIES_CLASSES,VIEW,,,2026-08-10 10:14:19.161000-07:00,2026-08-10 10:14:19.538000-07:00,
LIBRARY_STAGING,DBT_CROGERS,STG_FED_SENATE_STOCK_WATCHER__TRANSACTIONS,VIEW,,,2026-08-09 21:49:59.918000-07:00,2026-08-09 21:50:00.190000-07:00,
LIBRARY_STAGING,DBT_CROGERS,STG_FED_SLAVEVOYAGES_INTRAAMERICAN__INTRA_AMERICAN_VOYAGES,VIEW,,,2026-07-30 19:05:45.761000-07:00,2026-07-30 19:05:46.245000-07:00,
LIBRARY_STAGING,DBT_CROGERS,STG_FED_SLAVEVOYAGES_TRANSATLANTIC__RECORDS,VIEW,,,2026-07-30 11:52:53.783000-07:00,2026-07-30 11:52:54.616000-07:00,
LIBRARY_STAGING,DBT_CROGERS,STG_FED_TREASURY_AVG_INTEREST_RATES__AVG_INTEREST_RATES,VIEW,,,2026-07-30 11:52:53.879000-07:00,2026-07-30 11:52:54.325000-07:00,
LIBRARY_STAGING,DBT_CROGERS,STG_FED_TREASURY_DEBT_TO_PENNY__DEBT_TO_PENNY,VIEW,,,2026-07-30 11:52:56.232000-07:00,2026-07-30 11:52:56.525000-07:00,
LIBRARY_STAGING,DBT_CROGERS,STG_FED_USASPENDING_BULK__ORGANIZATIONS,VIEW,,,2026-07-30 11:52:59.109000-07:00,2026-07-30 11:52:59.940000-07:00,
LIBRARY_STAGING,DBT_CROGERS,STG_FED_USASPENDING_BULK__RECORDS,VIEW,,,2026-07-06 07:02:54.576000-07:00,2026-07-06 07:02:55.495000-07:00,
LIBRARY_STAGING,DBT_CROGERS,STG_FED_USASPENDING_SUBAWARDS__SUBAWARDS,VIEW,,,2026-08-09 22:12:53.741000-07:00,2026-08-09 22:12:54.005000-07:00,
LIBRARY_STAGING,DBT_CROGERS,STG_FED_USASPENDING_TAS_FILTER_TREE__TAS_NODES,VIEW,,,2026-08-10 10:14:18.922000-07:00,2026-08-10 10:14:19.227000-07:00,
LIBRARY_STAGING,DBT_CROGERS,STG_FED_USASPENDING_TOPTIER_AGENCIES__RECORDS,VIEW,,,2026-07-30 11:53:00.256000-07:00,2026-07-30 11:53:00.583000-07:00,
LIBRARY_STAGING,DBT_CROGERS,STG_FED_USCG_NRC_INCIDENTS__INCIDENTS,VIEW,,,2026-08-10 07:05:37.908000-07:00,2026-08-10 07:05:38.207000-07:00,
LIBRARY_STAGING,DBT_CROGERS,STG_FED_USCG_NRC_INCIDENT_REPORTS__INCIDENT_REPORTS,VIEW,,,2026-08-10 07:05:37.834000-07:00,2026-08-10 07:05:38.370000-07:00,
LIBRARY_STAGING,DBT_CROGERS,STG_FED_USCIS_DATA__RECORDS,VIEW,,,2026-07-30 11:53:00.551000-07:00,2026-07-30 11:53:00.836000-07:00,
LIBRARY_STAGING,DBT_CROGERS,STG_FED_USCOURTS_STATS__RECORDS,VIEW,,,2026-07-30 11:53:01.792000-07:00,2026-07-30 11:53:02.124000-07:00,
LIBRARY_STAGING,DBT_CROGERS,STG_FED_USDA_RD_MFH_ACTIVE_PROJECTS__PROJECTS,VIEW,,,2026-08-10 10:14:19.086000-07:00,2026-08-10 10:14:19.433000-07:00,
LIBRARY_STAGING,DBT_CROGERS,STG_FED_USGS_3DEP__PLACES,VIEW,,,2026-07-30 11:53:02.595000-07:00,2026-07-30 11:53:03.260000-07:00,
LIBRARY_STAGING,DBT_CROGERS,STG_FED_USGS_EARTHQUAKES__RECORDS,VIEW,,,2026-07-30 11:53:03.217000-07:00,2026-07-30 11:53:03.551000-07:00,
LIBRARY_STAGING,DBT_CROGERS,STG_FED_USGS_GNIS_ALL_NAMES__NAME_CITATIONS,VIEW,,,2026-08-10 07:05:37.736000-07:00,2026-08-10 07:05:38.134000-07:00,
LIBRARY_STAGING,DBT_CROGERS,STG_FED_USGS_MINERALS__RECORDS,VIEW,,,2026-07-30 11:53:03.339000-07:00,2026-07-30 11:53:03.700000-07:00,
LIBRARY_STAGING,DBT_CROGERS,STG_FED_USGS_ORPHANED_OIL_GAS_WELLS__WELLS,VIEW,,,2026-08-10 10:14:20.127000-07:00,2026-08-10 10:14:20.429000-07:00,
LIBRARY_STAGING,DBT_CROGERS,STG_FED_USGS_TOPOVIEW__RECORDS,VIEW,,,2026-07-30 11:53:04.703000-07:00,2026-07-30 11:53:05.049000-07:00,
LIBRARY_STAGING,DBT_CROGERS,STG_FED_USGS_WATER__RECORDS,VIEW,,,2026-07-30 11:53:05.804000-07:00,2026-07-30 11:53:06.119000-07:00,
LIBRARY_STAGING,DBT_CROGERS,STG_FED_USGS_WBD_HUC8__WATERSHEDS,VIEW,,,2026-08-10 10:16:40.158000-07:00,2026-08-10 10:16:40.508000-07:00,
LIBRARY_STAGING,DBT_CROGERS,STG_FED_USITC_DATAWEB__RECORDS,VIEW,,,2026-07-30 11:53:06.033000-07:00,2026-07-30 11:53:06.341000-07:00,
LIBRARY_STAGING,DBT_CROGERS,STG_FED_US_SEC_EDGAR__EDGAR_FILINGS,VIEW,,,2026-07-30 11:52:56.282000-07:00,2026-07-30 11:52:56.569000-07:00,
LIBRARY_STAGING,DBT_CROGERS,STG_FED_US_USASPENDING_API__FEDERAL_AWARDS,VIEW,,,2026-07-30 11:52:57.605000-07:00,2026-07-30 11:52:58.016000-07:00,
LIBRARY_STAGING,DBT_CROGERS,STG_FED_VA_ALLCAUSE_MORTALITY__ALL,VIEW,,,2026-08-09 18:35:46.598000-07:00,2026-08-09 18:35:46.859000-07:00,
LIBRARY_STAGING,DBT_CROGERS,STG_FED_VA_ALLCAUSE_MORTALITY__RECORDS,VIEW,,,2026-07-30 11:53:07.179000-07:00,2026-07-30 11:53:08.233000-07:00,
LIBRARY_STAGING,DBT_CROGERS,STG_FED_VA_SUICIDE_APPENDIX__RECORDS,VIEW,,,2026-07-30 11:53:07.621000-07:00,2026-07-30 11:53:07.982000-07:00,
LIBRARY_STAGING,DBT_CROGERS,STG_FED_VA_SUICIDE_NATIONAL__ALL,VIEW,,,2026-08-09 18:35:46.634000-07:00,2026-08-09 18:35:46.915000-07:00,
LIBRARY_STAGING,DBT_CROGERS,STG_FED_VA_SUICIDE_STATE__ALL,VIEW,,,2026-08-09 18:35:47.144000-07:00,2026-08-09 18:35:47.377000-07:00,
LIBRARY_STAGING,DBT_CROGERS,STG_FED_VOTEVIEW_MEMBERS__RECORDS,VIEW,,,2026-07-30 11:53:08.987000-07:00,2026-07-30 11:53:09.355000-07:00,
LIBRARY_STAGING,DBT_CROGERS,STG_FED_VOTEVIEW_ROLLCALLS__RECORDS,VIEW,,,2026-07-30 11:53:11.720000-07:00,2026-07-30 11:53:12.091000-07:00,
LIBRARY_STAGING,DBT_CROGERS,STG_FED_VOTEVIEW_ROLLCALL_META__RECORDS,VIEW,,,2026-08-11 09:39:34.354000-07:00,2026-08-11 09:39:34.786000-07:00,
LIBRARY_STAGING,DBT_CROGERS,STG_FED_WPA_SLAVE_NARRATIVES__SLAVE_NARRATIVES,VIEW,,,2026-07-30 11:53:13.542000-07:00,2026-07-30 11:53:13.955000-07:00,
LIBRARY_STAGING,DBT_CROGERS,STG_FED_WQP_MONITORING_STATIONS__STATIONS,VIEW,,,2026-08-10 10:14:18.993000-07:00,2026-08-10 10:14:19.312000-07:00,
LIBRARY_STAGING,DBT_CROGERS,STG_INTL_ADB_DATA__RECORDS,VIEW,,,2026-07-30 11:53:14.796000-07:00,2026-07-30 11:53:15.074000-07:00,
LIBRARY_STAGING,DBT_CROGERS,STG_INTL_AR_DATOSGOB__RECORDS,VIEW,,,2026-07-30 11:53:16.542000-07:00,2026-07-30 11:53:16.882000-07:00,
LIBRARY_STAGING,DBT_CROGERS,STG_INTL_AUSTLII__RECORDS,VIEW,,,2026-07-30 11:53:16.577000-07:00,2026-07-30 11:53:17.289000-07:00,
LIBRARY_STAGING,DBT_CROGERS,STG_INTL_BD_DATAGOV__RECORDS,VIEW,,,2026-07-30 11:53:17.795000-07:00,2026-07-30 11:53:18.118000-07:00,
LIBRARY_STAGING,DBT_CROGERS,STG_INTL_BR_DADOS_GOV__RECORDS,VIEW,,,2026-07-30 11:53:17.776000-07:00,2026-07-30 11:53:18.207000-07:00,
LIBRARY_STAGING,DBT_CROGERS,STG_INTL_CA_OPEN_CANADA__RECORDS,VIEW,,,2026-07-30 11:53:19.464000-07:00,2026-07-30 11:53:19.793000-07:00,
LIBRARY_STAGING,DBT_CROGERS,STG_INTL_CH_OPENDATASWISS__RECORDS,VIEW,,,2026-07-30 11:53:20.453000-07:00,2026-07-30 11:53:20.752000-07:00,
LIBRARY_STAGING,DBT_CROGERS,STG_INTL_CH_ZEFIX__COMPANIES,VIEW,,,2026-07-30 11:53:20.682000-07:00,2026-07-30 11:53:21.062000-07:00,
LIBRARY_STAGING,DBT_CROGERS,STG_INTL_CL_DATOSGOB__RECORDS,VIEW,,,2026-07-30 11:53:20.824000-07:00,2026-07-30 11:53:21.098000-07:00,
LIBRARY_STAGING,DBT_CROGERS,STG_INTL_DE_GOVDATA__RECORDS,VIEW,,,2026-07-30 11:53:22.387000-07:00,2026-07-30 11:53:22.670000-07:00,
LIBRARY_STAGING,DBT_CROGERS,STG_INTL_EC_SERCOP__CONTRACTING_PROCESS,VIEW,,,2026-07-30 11:53:23.384000-07:00,2026-07-30 11:53:23.750000-07:00,
LIBRARY_STAGING,DBT_CROGERS,STG_INTL_EG_CAPMAS__RECORDS,VIEW,,,2026-07-30 11:53:23.691000-07:00,2026-07-30 11:53:23.947000-07:00,
LIBRARY_STAGING,DBT_CROGERS,STG_INTL_ELECTIONS_CANADA_CONTRIBUTIONS__CONTRIBUTIONS,VIEW,,,2026-08-10 07:05:38.118000-07:00,2026-08-10 07:05:38.747000-07:00,
LIBRARY_STAGING,DBT_CROGERS,STG_INTL_EMBER_ELEC__YEARLY_ELECTRICITY,VIEW,,,2026-07-30 11:53:23.790000-07:00,2026-07-30 11:53:24.128000-07:00,
LIBRARY_STAGING,DBT_CROGERS,STG_INTL_EMBL_ENSEMBL__RECORDS,VIEW,,,2026-07-30 11:53:25.144000-07:00,2026-07-30 11:53:25.498000-07:00,
LIBRARY_STAGING,DBT_CROGERS,STG_INTL_ES_BORME__BORME_CORPORATE_ACTS,VIEW,,,2026-07-30 11:53:26.292000-07:00,2026-07-30 11:53:26.602000-07:00,
LIBRARY_STAGING,DBT_CROGERS,STG_INTL_ES_DATOSGOB__RECORDS,VIEW,,,2026-07-30 11:53:26.469000-07:00,2026-07-30 11:53:26.746000-07:00,
LIBRARY_STAGING,DBT_CROGERS,STG_INTL_EURLEX_CELLAR__RECORDS,VIEW,,,2026-07-30 11:53:29.213000-07:00,2026-07-30 11:53:30.123000-07:00,
LIBRARY_STAGING,DBT_CROGERS,STG_INTL_EUROSTAT__RECORDS,VIEW,,,2026-07-30 11:53:29.357000-07:00,2026-07-30 11:53:29.704000-07:00,
LIBRARY_STAGING,DBT_CROGERS,STG_INTL_EU_SANCTIONS__PLACES,VIEW,,,2026-07-30 11:53:26.639000-07:00,2026-07-30 11:53:27.020000-07:00,
LIBRARY_STAGING,DBT_CROGERS,STG_INTL_EU_SANCTIONS__RECORDS,VIEW,,,2026-07-06 07:02:57.612000-07:00,2026-07-06 07:02:58.016000-07:00,
LIBRARY_STAGING,DBT_CROGERS,STG_INTL_EU_SOCTA_EUROPOL__RECORDS,VIEW,,,2026-07-30 11:53:28.061000-07:00,2026-07-30 11:53:28.372000-07:00,
LIBRARY_STAGING,DBT_CROGERS,STG_INTL_FAO_FAOSTAT_FOOD_SECURITY__RECORDS,VIEW,,,2026-07-30 11:53:30.886000-07:00,2026-07-30 11:53:31.228000-07:00,
LIBRARY_STAGING,DBT_CROGERS,STG_INTL_FAO_FAOSTAT__RECORDS,VIEW,,,2026-07-30 11:53:29.555000-07:00,2026-07-30 11:53:29.899000-07:00,
LIBRARY_STAGING,DBT_CROGERS,STG_INTL_FATF_RATINGS__RECORDS,VIEW,,,2026-07-30 11:53:32.237000-07:00,2026-07-30 11:53:32.595000-07:00,
LIBRARY_STAGING,DBT_CROGERS,STG_INTL_FREEDOMHOUSE__RECORDS,VIEW,,,2026-07-30 11:53:32.686000-07:00,2026-07-30 11:53:33.128000-07:00,
LIBRARY_STAGING,DBT_CROGERS,STG_INTL_FR_DATA_GOUV__RECORDS,VIEW,,,2026-08-11 09:39:34.389000-07:00,2026-08-11 09:39:34.846000-07:00,
LIBRARY_STAGING,DBT_CROGERS,STG_INTL_GDELT__RECORDS,VIEW,,,2026-07-30 11:53:33.867000-07:00,2026-07-30 11:53:34.324000-07:00,
LIBRARY_STAGING,DBT_CROGERS,STG_INTL_GEM_HAZARD__RECORDS,VIEW,,,2026-07-30 11:53:35.438000-07:00,2026-07-30 11:53:35.761000-07:00,
LIBRARY_STAGING,DBT_CROGERS,STG_INTL_GE_DATAGOV__PLACES,VIEW,,,2026-07-30 11:53:35.171000-07:00,2026-07-30 11:53:35.492000-07:00,
LIBRARY_STAGING,DBT_CROGERS,STG_INTL_GFI_TRADE__RECORDS,VIEW,,,2026-07-30 11:53:35.743000-07:00,2026-07-30 11:53:36.039000-07:00,
LIBRARY_STAGING,DBT_CROGERS,STG_INTL_GH_DATAGOVGH__RECORDS,VIEW,,,2026-07-30 11:53:36.868000-07:00,2026-07-30 11:53:37.217000-07:00,
LIBRARY_STAGING,DBT_CROGERS,STG_INTL_GLEIF__ORGANIZATIONS,VIEW,,,2026-08-06 13:31:42.624000-07:00,2026-08-06 13:31:43.040000-07:00,
LIBRARY_STAGING,DBT_CROGERS,STG_INTL_GLOBAL_WITNESS_DEFENDERS__RECORDS,VIEW,,,2026-07-30 11:53:38.287000-07:00,2026-07-30 11:53:38.565000-07:00,
LIBRARY_STAGING,DBT_CROGERS,STG_INTL_GR_DATAGOV__RECORDS,VIEW,,,2026-07-30 11:53:38.559000-07:00,2026-07-30 11:53:38.841000-07:00,
LIBRARY_STAGING,DBT_CROGERS,STG_INTL_GR_GEMI__GREEK_COMPANIES,VIEW,,,2026-07-30 11:53:39.781000-07:00,2026-07-30 11:53:40.118000-07:00,
LIBRARY_STAGING,DBT_CROGERS,STG_INTL_HEALTHCANADA_DPD_DRUG__DRUGS,VIEW,,,2026-08-10 10:14:18.920000-07:00,2026-08-10 10:14:19.447000-07:00,
LIBRARY_STAGING,DBT_CROGERS,STG_INTL_HUDOC__ECHR_CASES,VIEW,,,2026-07-30 11:53:40.733000-07:00,2026-07-30 11:53:41.035000-07:00,
LIBRARY_STAGING,DBT_CROGERS,STG_INTL_IE_CRO__CRO_COMPANIES,VIEW,,,2026-08-11 06:56:10.502000-07:00,2026-08-11 06:56:11.044000-07:00,
LIBRARY_STAGING,DBT_CROGERS,STG_INTL_IPC_FOOD_INSECURITY_GLOBAL__RECORDS,VIEW,,,2026-07-30 11:53:41.991000-07:00,2026-07-30 11:53:42.336000-07:00,
LIBRARY_STAGING,DBT_CROGERS,STG_INTL_ISO_MIC_REGISTRY__MARKET_IDENTIFIER_CODES,VIEW,,,2026-08-10 10:14:18.921000-07:00,2026-08-10 10:14:19.231000-07:00,
LIBRARY_STAGING,DBT_CROGERS,STG_INTL_IT_ISTAT__ISTAT_SDMX_OBSERVATIONS,VIEW,,,2026-07-30 11:53:42.674000-07:00,2026-07-30 11:53:42.979000-07:00,
LIBRARY_STAGING,DBT_CROGERS,STG_INTL_LEIDEN_RUSSIAN_OPS_EUROPE__RECORDS,VIEW,,,2026-07-30 11:53:43.653000-07:00,2026-07-30 11:53:43.950000-07:00,
LIBRARY_STAGING,DBT_CROGERS,STG_INTL_NTI_CNS_DPRK_MISSILE_TESTS__RECORDS,VIEW,,,2026-07-30 11:53:44.141000-07:00,2026-07-30 11:53:44.456000-07:00,
LIBRARY_STAGING,DBT_CROGERS,STG_INTL_OPENSANCTIONS_DEFAULT__TARGETS,VIEW,,,2026-08-20 09:43:57.181000-07:00,2026-08-20 09:43:57.529000-07:00,
LIBRARY_STAGING,DBT_CROGERS,STG_INTL_OSFI_REGULATED_FI__INSTITUTIONS,VIEW,,,2026-08-10 10:14:19.143000-07:00,2026-08-10 10:14:19.519000-07:00,
LIBRARY_STAGING,DBT_CROGERS,STG_INTL_OWID_MILSPEND__MILITARY_SPENDING,VIEW,,,2026-07-30 11:53:44.925000-07:00,2026-07-30 11:53:45.195000-07:00,
LIBRARY_STAGING,DBT_CROGERS,STG_INTL_UCDP_GED__RECORDS,VIEW,,,2026-07-30 11:53:45.544000-07:00,2026-07-30 11:53:45.940000-07:00,
LIBRARY_STAGING,DBT_CROGERS,STG_INTL_VOETEN_UNGA_VOTES__RECORDS,VIEW,,,2026-07-30 11:53:46.674000-07:00,2026-07-30 11:53:46.996000-07:00,
LIBRARY_STAGING,DBT_CROGERS,STG_INT_GLEIF_RR__ALL,VIEW,,,2026-08-05 10:58:55.206000-07:00,2026-08-05 10:58:55.650000-07:00,
LIBRARY_STAGING,DBT_CROGERS,STG_INT_UK_COMPANIES_HOUSE__ALL,VIEW,,,2026-07-30 11:53:14.682000-07:00,2026-07-30 11:53:15.081000-07:00,
LIBRARY_STAGING,DBT_CROGERS,STG_IRS527_8871_ORGS__REGISTRATIONS,VIEW,,,2026-08-09 21:28:08.146000-07:00,2026-08-09 21:28:08.451000-07:00,
LIBRARY_STAGING,DBT_CROGERS,STG_IRS527__8872_REPORTS,VIEW,,,2026-08-09 21:28:08.148000-07:00,2026-08-09 21:28:08.500000-07:00,
LIBRARY_STAGING,DBT_CROGERS,STG_IRS527__DIRECTORS_OFFICERS,VIEW,,,2026-08-09 21:28:08.140000-07:00,2026-08-09 21:28:08.375000-07:00,
LIBRARY_STAGING,DBT_CROGERS,STG_IRS527__EAIN,VIEW,,,2026-08-09 21:28:07.966000-07:00,2026-08-09 21:28:08.232000-07:00,
LIBRARY_STAGING,DBT_CROGERS,STG_IRS527__RELATED_ENTITIES,VIEW,,,2026-08-09 21:28:07.885000-07:00,2026-08-09 21:28:08.188000-07:00,
LIBRARY_STAGING,DBT_CROGERS,STG_PORTAL_ARC_ATLANTA_DATAATLA_1A7F4ADC21__RECORDS,VIEW,,,2026-07-30 11:53:47.013000-07:00,2026-07-30 11:53:47.340000-07:00,
LIBRARY_STAGING,DBT_CROGERS,STG_PORTAL_ARC_ATLANTA_DATAATLA_4AB9F9E31E__RECORDS,VIEW,,,2026-07-30 11:53:47.751000-07:00,2026-07-30 11:53:48.095000-07:00,
LIBRARY_STAGING,DBT_CROGERS,STG_PORTAL_ARC_ATLANTA_DATAATLA_51A606F539__PLACES,VIEW,,,2026-07-30 11:53:48.476000-07:00,2026-07-30 11:53:48.818000-07:00,
LIBRARY_STAGING,DBT_CROGERS,STG_PORTAL_ARC_ATLANTA_DATAATLA_51A606F539__RECORDS,VIEW,,,2026-07-06 07:02:59.460000-07:00,2026-07-06 07:02:59.754000-07:00,
LIBRARY_STAGING,DBT_CROGERS,STG_PORTAL_ARC_ATLANTA_DATAATLA_5D9B9C30A9__PLACES,VIEW,,,2026-07-30 11:53:49.523000-07:00,2026-07-30 11:53:49.889000-07:00,
LIBRARY_STAGING,DBT_CROGERS,STG_PORTAL_ARC_ATLANTA_DATAATLA_5D9B9C30A9__RECORDS,VIEW,,,2026-07-06 07:03:00.155000-07:00,2026-07-06 07:03:00.636000-07:00,
LIBRARY_STAGING,DBT_CROGERS,STG_PORTAL_ARC_ATLANTA_DATAATLA_79E3C7BD36__RECORDS,VIEW,,,2026-07-30 11:53:49.916000-07:00,2026-07-30 11:53:50.209000-07:00,
LIBRARY_STAGING,DBT_CROGERS,STG_PORTAL_ARC_ATLANTA_DATAATLA_A59DB2E766__RECORDS,VIEW,,,2026-07-30 11:53:50.663000-07:00,2026-07-30 11:53:50.971000-07:00,
LIBRARY_STAGING,DBT_CROGERS,STG_PORTAL_ARC_ATLANTA_DATAATLA_D8DF9588A6__CASES,VIEW,,,2026-07-30 11:53:51.446000-07:00,2026-07-30 11:53:51.823000-07:00,
LIBRARY_STAGING,DBT_CROGERS,STG_PORTAL_ARC_ATLANTA_DATAATLA_DE1E9D4350__RECORDS,VIEW,,,2026-07-30 11:53:52.559000-07:00,2026-07-30 11:53:52.845000-07:00,
LIBRARY_STAGING,DBT_CROGERS,STG_PORTAL_ARC_ATLANTA_DATAATLA_EAD25CBDC7__PLACES,VIEW,,,2026-07-30 11:53:53.118000-07:00,2026-07-30 11:53:53.478000-07:00,
LIBRARY_STAGING,DBT_CROGERS,STG_PORTAL_ARC_ATLANTA_DATAATLA_EAD25CBDC7__RECORDS,VIEW,,,2026-07-06 07:03:01.429000-07:00,2026-07-06 07:03:01.738000-07:00,
LIBRARY_STAGING,DBT_CROGERS,STG_PORTAL_ARC_ATLANTA_DATAATLA_FD3576897B__PLACES,VIEW,,,2026-07-30 11:53:53.556000-07:00,2026-07-30 11:53:53.873000-07:00,
LIBRARY_STAGING,DBT_CROGERS,STG_PORTAL_ARC_ATLANTA_DATAATLA_FD3576897B__RECORDS,VIEW,,,2026-07-06 07:03:01.437000-07:00,2026-07-06 07:03:01.820000-07:00,
LIBRARY_STAGING,DBT_CROGERS,STG_PORTAL_ARC_COLUMBUS_GIS_OPE_8259461C2A__ORGANIZATIONS,VIEW,,,2026-07-30 11:53:54.426000-07:00,2026-07-30 11:53:54.864000-07:00,
LIBRARY_STAGING,DBT_CROGERS,STG_PORTAL_ARC_FORT_WORTH_OPEN_2259070522__PLACES,VIEW,,,2026-07-30 11:53:55.391000-07:00,2026-07-30 11:53:55.670000-07:00,
LIBRARY_STAGING,DBT_CROGERS,STG_PORTAL_ARC_FORT_WORTH_OPEN_9F0879147A__PLACES,VIEW,,,2026-07-30 11:53:56.005000-07:00,2026-07-30 11:53:56.322000-07:00,
LIBRARY_STAGING,DBT_CROGERS,STG_PORTAL_ARC_HARRIS_COUNTY_OP_0F9C7FCB29__PLACES,VIEW,,,2026-07-30 11:53:56.426000-07:00,2026-07-30 11:53:57.094000-07:00,
LIBRARY_STAGING,DBT_CROGERS,STG_PORTAL_ARC_HARRIS_COUNTY_OP_119B70555B__PLACES,VIEW,,,2026-07-30 11:53:57.462000-07:00,2026-07-30 11:53:57.929000-07:00,
LIBRARY_STAGING,DBT_CROGERS,STG_PORTAL_ARC_HARRIS_COUNTY_OP_12691A85A0__RECORDS,VIEW,,,2026-07-30 11:53:58.200000-07:00,2026-07-30 11:53:58.574000-07:00,
LIBRARY_STAGING,DBT_CROGERS,STG_PORTAL_ARC_HARRIS_COUNTY_OP_1966AC023B__PLACES,VIEW,,,2026-07-30 11:53:58.869000-07:00,2026-07-30 11:53:59.274000-07:00,
LIBRARY_STAGING,DBT_CROGERS,STG_PORTAL_ARC_HARRIS_COUNTY_OP_1966AC023B__RECORDS,VIEW,,,2026-07-06 07:03:03.214000-07:00,2026-07-06 07:03:03.586000-07:00,
LIBRARY_STAGING,DBT_CROGERS,STG_PORTAL_ARC_HARRIS_COUNTY_OP_1A53499962__RECORDS,VIEW,,,2026-07-30 11:53:59.659000-07:00,2026-07-30 11:54:00.029000-07:00,
LIBRARY_STAGING,DBT_CROGERS,STG_PORTAL_ARC_HARRIS_COUNTY_OP_2D6F9D0DA7__RECORDS,VIEW,,,2026-07-30 11:54:00.433000-07:00,2026-07-30 11:54:00.824000-07:00,
LIBRARY_STAGING,DBT_CROGERS,STG_PORTAL_ARC_HARRIS_COUNTY_OP_32D5FF05CA__PLACES,VIEW,,,2026-07-30 11:54:01.160000-07:00,2026-07-30 11:54:01.695000-07:00,
LIBRARY_STAGING,DBT_CROGERS,STG_PORTAL_ARC_HARRIS_COUNTY_OP_360277F8CB__PLACES,VIEW,,,2026-07-30 11:54:01.821000-07:00,2026-07-30 11:54:02.148000-07:00,
LIBRARY_STAGING,DBT_CROGERS,STG_PORTAL_ARC_HARRIS_COUNTY_OP_3CFE4113ED__RECORDS,VIEW,,,2026-07-30 11:54:02.664000-07:00,2026-07-30 11:54:03.025000-07:00,
LIBRARY_STAGING,DBT_CROGERS,STG_PORTAL_ARC_HARRIS_COUNTY_OP_3E1426DF10__RECORDS,VIEW,,,2026-07-30 11:54:03.471000-07:00,2026-07-30 11:54:03.845000-07:00,
LIBRARY_STAGING,DBT_CROGERS,STG_PORTAL_ARC_HARRIS_COUNTY_OP_58FAB3B4F7__PLACES,VIEW,,,2026-07-30 11:54:04.962000-07:00,2026-07-30 11:54:05.246000-07:00,
LIBRARY_STAGING,DBT_CROGERS,STG_PORTAL_ARC_HARRIS_COUNTY_OP_6CDCF96CA7__PLACES,VIEW,,,2026-07-30 11:54:04.935000-07:00,2026-07-30 11:54:05.296000-07:00,
LIBRARY_STAGING,DBT_CROGERS,STG_PORTAL_ARC_HARRIS_COUNTY_OP_6CDCF96CA7__RECORDS,VIEW,,,2026-07-06 07:03:05.212000-07:00,2026-07-06 07:03:05.943000-07:00,
LIBRARY_STAGING,DBT_CROGERS,STG_PORTAL_ARC_HARRIS_COUNTY_OP_795533139C__PLACES,VIEW,,,2026-07-30 11:54:05.547000-07:00,2026-07-30 11:54:06.018000-07:00,
LIBRARY_STAGING,DBT_CROGERS,STG_PORTAL_ARC_HARRIS_COUNTY_OP_8549EC1226__RECORDS,VIEW,,,2026-07-30 11:54:06.345000-07:00,2026-07-30 11:54:06.692000-07:00,
LIBRARY_STAGING,DBT_CROGERS,STG_PORTAL_ARC_HARRIS_COUNTY_OP_86AE12CFC0__PROVIDERS,VIEW,,,2026-07-30 11:54:07.887000-07:00,2026-07-30 11:54:08.237000-07:00,
LIBRARY_STAGING,DBT_CROGERS,STG_PORTAL_ARC_HARRIS_COUNTY_OP_87F4853C1A__RECORDS,VIEW,,,2026-07-30 11:54:07.913000-07:00,2026-07-30 11:54:08.277000-07:00,
LIBRARY_STAGING,DBT_CROGERS,STG_PORTAL_ARC_HARRIS_COUNTY_OP_89477F0032__PLACES,VIEW,,,2026-07-30 11:54:09.031000-07:00,2026-07-30 11:54:09.377000-07:00,
LIBRARY_STAGING,DBT_CROGERS,STG_PORTAL_ARC_HARRIS_COUNTY_OP_A2DAE85C30__RECORDS,VIEW,,,2026-07-30 11:54:09.242000-07:00,2026-07-30 11:54:09.574000-07:00,
LIBRARY_STAGING,DBT_CROGERS,STG_PORTAL_ARC_HARRIS_COUNTY_OP_B7635629A1__PLACES,VIEW,,,2026-07-30 11:54:10.871000-07:00,2026-07-30 11:54:11.310000-07:00,
LIBRARY_STAGING,DBT_CROGERS,STG_PORTAL_ARC_HARRIS_COUNTY_OP_D354D2D6E2__RECORDS,VIEW,,,2026-07-30 11:54:10.863000-07:00,2026-07-30 11:54:11.280000-07:00,
LIBRARY_STAGING,DBT_CROGERS,STG_PORTAL_ARC_HARRIS_COUNTY_OP_D8CF46061B__PLACES,VIEW,,,2026-07-30 11:54:11.922000-07:00,2026-07-30 11:54:12.578000-07:00,
LIBRARY_STAGING,DBT_CROGERS,STG_PORTAL_ARC_HARRIS_COUNTY_OP_D9A3089ED0__RECORDS,VIEW,,,2026-07-30 11:54:12.122000-07:00,2026-07-30 11:54:12.464000-07:00,
LIBRARY_STAGING,DBT_CROGERS,STG_PORTAL_ARC_HARRIS_COUNTY_OP_E87E81379A__PLACES,VIEW,,,2026-07-30 11:54:13.893000-07:00,2026-07-30 11:54:14.231000-07:00,
LIBRARY_STAGING,DBT_CROGERS,STG_PORTAL_ARC_HARRIS_COUNTY_OP_E87E81379A__RECORDS,VIEW,,,2026-07-06 07:03:08.283000-07:00,2026-07-06 07:03:08.561000-07:00,
LIBRARY_STAGING,DBT_CROGERS,STG_PORTAL_ARC_HARRIS_COUNTY_OP_EDE1E11F9D__RECORDS,VIEW,,,2026-07-30 11:54:13.896000-07:00,2026-07-30 11:54:14.206000-07:00,
LIBRARY_STAGING,DBT_CROGERS,STG_PORTAL_ARC_HARRIS_COUNTY_OP_F3D3A3AB57__RECORDS,VIEW,,,2026-07-30 11:54:15.047000-07:00,2026-07-30 11:54:15.439000-07:00,
LIBRARY_STAGING,DBT_CROGERS,STG_PORTAL_ARC_HARRIS_COUNTY_OP_FA9969D82E__PROVIDERS,VIEW,,,2026-07-30 11:54:15.121000-07:00,2026-07-30 11:54:15.434000-07:00,
LIBRARY_STAGING,DBT_CROGERS,STG_PORTAL_ARC_LA_COUNTY_OPEN_D_0A94DB308E__PROVIDERS,VIEW,,,2026-07-30 11:54:16.716000-07:00,2026-07-30 11:54:17.150000-07:00,
LIBRARY_STAGING,DBT_CROGERS,STG_PORTAL_ARC_LA_COUNTY_OPEN_D_0A94DB308E__RECORDS,VIEW,,,2026-07-06 07:03:09.291000-07:00,2026-07-06 07:03:09.684000-07:00,
LIBRARY_STAGING,DBT_CROGERS,STG_PORTAL_ARC_LA_COUNTY_OPEN_D_2E79EB67C8__PLACES,VIEW,,,2026-07-30 11:54:16.821000-07:00,2026-07-30 11:54:17.133000-07:00,
LIBRARY_STAGING,DBT_CROGERS,STG_PORTAL_ARC_LA_COUNTY_OPEN_D_464355F6D4__PLACES,VIEW,,,2026-07-30 11:54:18.025000-07:00,2026-07-30 11:54:18.369000-07:00,
LIBRARY_STAGING,DBT_CROGERS,STG_PORTAL_ARC_LA_COUNTY_OPEN_D_58A85AED74__PROVIDERS,VIEW,,,2026-07-30 11:54:18.029000-07:00,2026-07-30 11:54:18.295000-07:00,
LIBRARY_STAGING,DBT_CROGERS,STG_PORTAL_ARC_LA_COUNTY_OPEN_D_6DF63A4983__PROVIDERS,VIEW,,,2026-07-30 11:54:19.760000-07:00,2026-07-30 11:54:20.097000-07:00,
LIBRARY_STAGING,DBT_CROGERS,STG_PORTAL_ARC_LA_COUNTY_OPEN_D_75836D970C__RECORDS,VIEW,,,2026-07-30 11:54:19.739000-07:00,2026-07-30 11:54:20.079000-07:00,
LIBRARY_STAGING,DBT_CROGERS,STG_PORTAL_ARC_LA_COUNTY_OPEN_D_83F0BA30FB__PROVIDERS,VIEW,,,2026-07-30 11:54:20.855000-07:00,2026-07-30 11:54:21.206000-07:00,
LIBRARY_STAGING,DBT_CROGERS,STG_PORTAL_ARC_LA_COUNTY_OPEN_D_D75E8EA051__FACILITIES,VIEW,,,2026-07-30 11:54:20.901000-07:00,2026-07-30 11:54:21.254000-07:00,
LIBRARY_STAGING,DBT_CROGERS,STG_PORTAL_ARC_LA_COUNTY_OPEN_D_E034245E05__PROVIDERS,VIEW,,,2026-07-30 11:54:22.788000-07:00,2026-07-30 11:54:23.108000-07:00,
LIBRARY_STAGING,DBT_CROGERS,STG_PORTAL_ARC_LA_COUNTY_OPEN_D_E034245E05__RECORDS,VIEW,,,2026-07-06 07:03:11.166000-07:00,2026-07-06 07:03:11.436000-07:00,
LIBRARY_STAGING,DBT_CROGERS,STG_PORTAL_ARC_LA_COUNTY_OPEN_D_E549C7C921__FACILITIES,VIEW,,,2026-07-30 11:54:22.802000-07:00,2026-07-30 11:54:23.155000-07:00,
LIBRARY_STAGING,DBT_CROGERS,STG_PORTAL_ARC_MEMPHIS_OPEN_DAT_3057D84002__CASES,VIEW,,,2026-07-30 11:54:23.821000-07:00,2026-07-30 11:54:24.164000-07:00,
LIBRARY_STAGING,DBT_CROGERS,STG_PORTAL_ARC_MEMPHIS_OPEN_DAT_9F6F4B2736__CASES,VIEW,,,2026-07-30 11:54:23.821000-07:00,2026-07-30 11:54:24.165000-07:00,
LIBRARY_STAGING,DBT_CROGERS,STG_PORTAL_ARC_NEW_MEXICO_OPEN_1B6C7F7FBD__RECORDS,VIEW,,,2026-07-30 11:54:25.731000-07:00,2026-07-30 11:54:26.111000-07:00,
LIBRARY_STAGING,DBT_CROGERS,STG_PORTAL_ARC_OPEN_BALTIMORE_6C2257F1C4__FACILITIES,VIEW,,,2026-07-30 11:54:25.735000-07:00,2026-07-30 11:54:26.088000-07:00,
LIBRARY_STAGING,DBT_CROGERS,STG_PORTAL_ARC_OPEN_BALTIMORE_751D91C991__FACILITIES,VIEW,,,2026-07-30 11:54:27.388000-07:00,2026-07-30 11:54:27.708000-07:00,
LIBRARY_STAGING,DBT_CROGERS,STG_PORTAL_ARC_OPEN_BALTIMORE_751D91C991__RECORDS,VIEW,,,2026-07-06 07:03:12.744000-07:00,2026-07-06 07:03:13.066000-07:00,
LIBRARY_STAGING,DBT_CROGERS,STG_PORTAL_ARC_OPEN_DATA_DC_008BA480F6__FACILITIES,VIEW,,,2026-07-30 11:54:27.351000-07:00,2026-07-30 11:54:27.817000-07:00,
LIBRARY_STAGING,DBT_CROGERS,STG_PORTAL_ARC_OPEN_DATA_DC_01F2D9886C__FACILITIES,VIEW,,,2026-07-30 11:54:28.699000-07:00,2026-07-30 11:54:29.178000-07:00,
LIBRARY_STAGING,DBT_CROGERS,STG_PORTAL_ARC_OPEN_DATA_DC_32AD83D2EC__FACILITIES,VIEW,,,2026-07-30 11:54:28.743000-07:00,2026-07-30 11:54:29.189000-07:00,
LIBRARY_STAGING,DBT_CROGERS,STG_PORTAL_ARC_OPEN_DATA_DC_454981B380__FACILITIES,VIEW,,,2026-07-30 11:54:30.255000-07:00,2026-07-30 11:54:30.651000-07:00,
LIBRARY_STAGING,DBT_CROGERS,STG_PORTAL_ARC_OPEN_DATA_DC_56C4F04CF0__FACILITIES,VIEW,,,2026-07-30 11:54:30.367000-07:00,2026-07-30 11:54:30.781000-07:00,
LIBRARY_STAGING,DBT_CROGERS,STG_PORTAL_ARC_OPEN_DATA_DC_582A28D212__RECORDS,VIEW,,,2026-07-30 11:54:31.796000-07:00,2026-07-30 11:54:32.226000-07:00,
LIBRARY_STAGING,DBT_CROGERS,STG_PORTAL_ARC_OPEN_DATA_DC_59913164D2__RECORDS,VIEW,,,2026-07-30 11:54:31.797000-07:00,2026-07-30 11:54:32.289000-07:00,
LIBRARY_STAGING,DBT_CROGERS,STG_PORTAL_ARC_OPEN_DATA_DC_5B867C795C__FACILITIES,VIEW,,,2026-07-30 11:54:33.208000-07:00,2026-07-30 11:54:33.526000-07:00,
LIBRARY_STAGING,DBT_CROGERS,STG_PORTAL_ARC_OPEN_DATA_DC_5B867C795C__RECORDS,VIEW,,,2026-07-06 07:03:14.739000-07:00,2026-07-06 07:03:14.954000-07:00,
LIBRARY_STAGING,DBT_CROGERS,STG_PORTAL_ARC_OPEN_DATA_DC_5CB81ACBDD__PLACES,VIEW,,,2026-07-30 11:54:33.344000-07:00,2026-07-30 11:54:33.718000-07:00,
LIBRARY_STAGING,DBT_CROGERS,STG_PORTAL_ARC_OPEN_DATA_DC_74D9616143__RECORDS,VIEW,,,2026-07-30 11:54:34.812000-07:00,2026-07-30 11:54:35.267000-07:00,
LIBRARY_STAGING,DBT_CROGERS,STG_PORTAL_ARC_OPEN_DATA_DC_98319AB13D__FACILITIES,VIEW,,,2026-07-30 11:54:34.855000-07:00,2026-07-30 11:54:35.182000-07:00,
LIBRARY_STAGING,DBT_CROGERS,STG_PORTAL_ARC_OPEN_DATA_DC_ADF4F0E413__PLACES,VIEW,,,2026-07-30 11:54:36.158000-07:00,2026-07-30 11:54:36.521000-07:00,
LIBRARY_STAGING,DBT_CROGERS,STG_PORTAL_ARC_OPEN_DATA_DC_D359158BC8__RECORDS,VIEW,,,2026-07-30 11:54:36.315000-07:00,2026-07-30 11:54:36.862000-07:00,
LIBRARY_STAGING,DBT_CROGERS,STG_PORTAL_ARC_OPEN_DATA_DC_D74755206A__RECORDS,VIEW,,,2026-07-05 21:58:02.500000-07:00,2026-07-05 21:58:02.698000-07:00,
LIBRARY_STAGING,DBT_CROGERS,STG_PORTAL_ARC_OPEN_DATA_DC_D8E55D5B7F__FACILITIES,VIEW,,,2026-07-30 11:54:37.808000-07:00,2026-07-30 11:54:38.127000-07:00,
LIBRARY_STAGING,DBT_CROGERS,STG_PORTAL_ARC_OPEN_DATA_DC_D8E55D5B7F__RECORDS,VIEW,,,2026-07-06 07:03:16.479000-07:00,2026-07-06 07:03:16.793000-07:00,
LIBRARY_STAGING,DBT_CROGERS,STG_PORTAL_ARC_OPEN_DATA_DC_E1DD5D3551__RECORDS,VIEW,,,2026-07-30 11:54:37.834000-07:00,2026-07-30 11:54:38.175000-07:00,
LIBRARY_STAGING,DBT_CROGERS,STG_PORTAL_ARC_OPEN_DATA_DC_F37F5DDC3D__RECORDS,VIEW,,,2026-07-30 11:54:39.092000-07:00,2026-07-30 11:54:39.468000-07:00,
LIBRARY_STAGING,DBT_CROGERS,STG_PORTAL_ARC_OPEN_DATA_MINNEA_0426858DFE__FACILITIES,VIEW,,,2026-07-30 11:54:39.468000-07:00,2026-07-30 11:54:39.749000-07:00,
LIBRARY_STAGING,DBT_CROGERS,STG_PORTAL_ARC_OPEN_DATA_MINNEA_09E3680FD2__FACILITIES,VIEW,,,2026-07-30 11:54:40.667000-07:00,2026-07-30 11:54:40.980000-07:00,
LIBRARY_STAGING,DBT_CROGERS,STG_PORTAL_ARC_OPEN_DATA_MINNEA_1AD7E106E4__FACILITIES,VIEW,,,2026-07-30 11:54:40.729000-07:00,2026-07-30 11:54:41.038000-07:00,
LIBRARY_STAGING,DBT_CROGERS,STG_PORTAL_ARC_OPEN_DATA_MINNEA_4C5820FD0A__FACILITIES,VIEW,,,2026-07-30 11:54:42.052000-07:00,2026-07-30 11:54:42.381000-07:00,
LIBRARY_STAGING,DBT_CROGERS,STG_PORTAL_ARC_OPEN_DATA_MINNEA_5AC94C44DA__FACILITIES,VIEW,,,2026-07-30 11:54:42.284000-07:00,2026-07-30 11:54:42.654000-07:00,
LIBRARY_STAGING,DBT_CROGERS,STG_PORTAL_ARC_OPEN_DATA_MINNEA_6CDCE692AA__FACILITIES,VIEW,,,2026-07-30 11:54:43.685000-07:00,2026-07-30 11:54:44.081000-07:00,
LIBRARY_STAGING,DBT_CROGERS,STG_PORTAL_ARC_OPEN_DATA_MINNEA_7C8C54BD8C__FACILITIES,VIEW,,,2026-07-30 11:54:43.640000-07:00,2026-07-30 11:54:44.012000-07:00,
LIBRARY_STAGING,DBT_CROGERS,STG_PORTAL_ARC_OPEN_DATA_MINNEA_7EFDCA0423__FACILITIES,VIEW,,,2026-07-30 11:54:44.935000-07:00,2026-07-30 11:54:45.282000-07:00,
LIBRARY_STAGING,DBT_CROGERS,STG_PORTAL_ARC_OPEN_DATA_MINNEA_BD6A1CACBB__FACILITIES,VIEW,,,2026-07-30 11:54:45.206000-07:00,2026-07-30 11:54:45.516000-07:00,
LIBRARY_STAGING,DBT_CROGERS,STG_PORTAL_ARC_OPEN_DATA_MINNEA_BE5550EBF6__FACILITIES,VIEW,,,2026-07-30 11:54:46.616000-07:00,2026-07-30 11:54:47.016000-07:00,
LIBRARY_STAGING,DBT_CROGERS,STG_PORTAL_ARC_OPEN_DATA_MINNEA_D808F6BF62__FACILITIES,VIEW,,,2026-07-30 11:54:46.675000-07:00,2026-07-30 11:54:47.069000-07:00,
LIBRARY_STAGING,DBT_CROGERS,STG_PORTAL_ARC_OPEN_DATA_RALEIG_5E5B26DC88__PLACES,VIEW,,,2026-07-05 19:55:12.967000-07:00,2026-07-05 19:55:13.556000-07:00,
LIBRARY_STAGING,DBT_CROGERS,STG_PORTAL_ARC_OPEN_DATA_RALEIG_5E5B26DC88__RECORDS,VIEW,,,2026-07-30 11:54:47.902000-07:00,2026-07-30 11:54:48.562000-07:00,
LIBRARY_STAGING,DBT_CROGERS,STG_PORTAL_ARC_OPEN_DATA_RALEIG_8EE851C810__RECORDS,VIEW,,,2026-07-30 11:54:48.152000-07:00,2026-07-30 11:54:48.981000-07:00,
LIBRARY_STAGING,DBT_CROGERS,STG_PORTAL_ARC_OPEN_DATA_RALEIG_BBF9ABCA0D__RECORDS,VIEW,,,2026-07-30 11:54:50.241000-07:00,2026-07-30 11:54:50.575000-07:00,
LIBRARY_STAGING,DBT_CROGERS,STG_PORTAL_ARC_OPEN_DATA_RALEIG_DF19DCBB03__RECORDS,VIEW,,,2026-07-30 11:54:50.219000-07:00,2026-07-30 11:54:50.767000-07:00,
LIBRARY_STAGING,DBT_CROGERS,STG_PORTAL_ARC_OPEN_DATA_RALEIG_EFBB617010__RECORDS,VIEW,,,2026-07-30 11:54:51.109000-07:00,2026-07-30 11:54:51.786000-07:00,
LIBRARY_STAGING,DBT_CROGERS,STG_PORTAL_ARC_OPEN_DATA_RALEIG_F18F09F22F__PLACES,VIEW,,,2026-07-30 11:54:51.528000-07:00,2026-07-30 11:54:51.848000-07:00,
LIBRARY_STAGING,DBT_CROGERS,STG_PORTAL_ARC_OPEN_DATA_RALEIG_F18F09F22F__RECORDS,VIEW,,,2026-07-06 07:03:20.599000-07:00,2026-07-06 07:03:20.872000-07:00,
LIBRARY_STAGING,DBT_CROGERS,STG_PORTAL_ARC_ORANGE_COUNTY_OP_05390F8D55__RECORDS,VIEW,,,2026-07-30 11:54:53.157000-07:00,2026-07-30 11:54:53.563000-07:00,
LIBRARY_STAGING,DBT_CROGERS,STG_PORTAL_ARC_ORANGE_COUNTY_OP_0DEA033879__RECORDS,VIEW,,,2026-07-30 11:54:53.286000-07:00,2026-07-30 11:54:53.614000-07:00,
LIBRARY_STAGING,DBT_CROGERS,STG_PORTAL_ARC_ORANGE_COUNTY_OP_2F4310B675__FACILITIES,VIEW,,,2026-07-30 11:54:54.311000-07:00,2026-07-30 11:54:54.698000-07:00,
LIBRARY_STAGING,DBT_CROGERS,STG_PORTAL_ARC_ORANGE_COUNTY_OP_41E4E2185F__RECORDS,VIEW,,,2026-07-30 11:54:54.346000-07:00,2026-07-30 11:54:54.718000-07:00,
LIBRARY_STAGING,DBT_CROGERS,STG_PORTAL_ARC_ORANGE_COUNTY_OP_43A1FE3FBE__RECORDS,VIEW,,,2026-07-30 11:54:56.345000-07:00,2026-07-30 11:54:56.814000-07:00,
LIBRARY_STAGING,DBT_CROGERS,STG_PORTAL_ARC_ORANGE_COUNTY_OP_572F3C6271__FACILITIES,VIEW,,,2026-07-30 11:54:56.342000-07:00,2026-07-30 11:54:56.716000-07:00,
LIBRARY_STAGING,DBT_CROGERS,STG_PORTAL_ARC_ORANGE_COUNTY_OP_62E4574F5E__FACILITIES,VIEW,,,2026-07-30 11:54:57.331000-07:00,2026-07-30 11:54:57.672000-07:00,
LIBRARY_STAGING,DBT_CROGERS,STG_PORTAL_ARC_ORANGE_COUNTY_OP_644FB9535B__PLACES,VIEW,,,2026-07-30 11:54:57.312000-07:00,2026-07-30 11:54:57.630000-07:00,
LIBRARY_STAGING,DBT_CROGERS,STG_PORTAL_ARC_ORANGE_COUNTY_OP_644FB9535B__RECORDS,VIEW,,,2026-07-06 07:03:22.660000-07:00,2026-07-06 07:03:22.937000-07:00,
LIBRARY_STAGING,DBT_CROGERS,STG_PORTAL_ARC_ORANGE_COUNTY_OP_DD64A3F2B8__FACILITIES,VIEW,,,2026-07-30 11:54:59.294000-07:00,2026-07-30 11:54:59.671000-07:00,
LIBRARY_STAGING,DBT_CROGERS,STG_PORTAL_ARC_TN_DATA_TENNESSE_655F6BCC6D__RECORDS,VIEW,,,2026-07-30 11:54:59.398000-07:00,2026-07-30 11:54:59.958000-07:00,
LIBRARY_STAGING,DBT_CROGERS,STG_PORTAL_ARC_TUCSON_OPEN_DATA_11050C025B__CASES,VIEW,,,2026-07-30 11:55:00.185000-07:00,2026-07-30 11:55:00.661000-07:00,
LIBRARY_STAGING,DBT_CROGERS,STG_PORTAL_ARC_TUCSON_OPEN_DATA_14C7AA5CCF__PLACES,VIEW,,,2026-07-30 11:55:00.329000-07:00,2026-07-30 11:55:00.808000-07:00,
LIBRARY_STAGING,DBT_CROGERS,STG_PORTAL_ARC_TUCSON_OPEN_DATA_14C7AA5CCF__RECORDS,VIEW,,,2026-07-06 07:03:23.764000-07:00,2026-07-06 07:03:24.086000-07:00,
LIBRARY_STAGING,DBT_CROGERS,STG_PORTAL_ARC_TUCSON_OPEN_DATA_32A72D9D1D__PLACES,VIEW,,,2026-07-30 11:55:02.400000-07:00,2026-07-30 11:55:02.763000-07:00,
LIBRARY_STAGING,DBT_CROGERS,STG_PORTAL_ARC_TUCSON_OPEN_DATA_32A72D9D1D__RECORDS,VIEW,,,2026-07-06 07:03:23.719000-07:00,2026-07-06 07:03:23.971000-07:00,
LIBRARY_STAGING,DBT_CROGERS,STG_PORTAL_ARC_TUCSON_OPEN_DATA_3A7E0821D1__CASES,VIEW,,,2026-07-30 11:55:02.580000-07:00,2026-07-30 11:55:03.059000-07:00,
LIBRARY_STAGING,DBT_CROGERS,STG_PORTAL_ARC_TUCSON_OPEN_DATA_3A7E0821D1__RECORDS,VIEW,,,2026-07-06 07:03:24.096000-07:00,2026-07-06 07:03:24.463000-07:00,
LIBRARY_STAGING,DBT_CROGERS,STG_PORTAL_ARC_TUCSON_OPEN_DATA_55D5164315__RECORDS,VIEW,,,2026-07-30 11:55:03.264000-07:00,2026-07-30 11:55:03.654000-07:00,
LIBRARY_STAGING,DBT_CROGERS,STG_PORTAL_ARC_TUCSON_OPEN_DATA_63C0193FF1__CASES,VIEW,,,2026-07-30 11:55:03.480000-07:00,2026-07-30 11:55:03.935000-07:00,
LIBRARY_STAGING,DBT_CROGERS,STG_PORTAL_ARC_TUCSON_OPEN_DATA_63C0193FF1__RECORDS,VIEW,,,2026-07-06 07:03:24.718000-07:00,2026-07-06 07:03:25.155000-07:00,
LIBRARY_STAGING,DBT_CROGERS,STG_PORTAL_ARC_TUCSON_OPEN_DATA_7468CF46DB__CASES,VIEW,,,2026-07-30 11:55:05.374000-07:00,2026-07-30 11:55:05.866000-07:00,
LIBRARY_STAGING,DBT_CROGERS,STG_PORTAL_ARC_TUCSON_OPEN_DATA_7468CF46DB__RECORDS,VIEW,,,2026-07-06 07:03:24.660000-07:00,2026-07-06 07:03:25.035000-07:00,
LIBRARY_STAGING,DBT_CROGERS,STG_PORTAL_ARC_TUCSON_OPEN_DATA_9E24E86B9A__CASES,VIEW,,,2026-07-30 11:55:05.614000-07:00,2026-07-30 11:55:06.098000-07:00,
LIBRARY_STAGING,DBT_CROGERS,STG_PORTAL_ARC_TUCSON_OPEN_DATA_CDFFE1002A__CASES,VIEW,,,2026-07-30 11:55:06.233000-07:00,2026-07-30 11:55:06.677000-07:00,
LIBRARY_STAGING,DBT_CROGERS,STG_PORTAL_ARC_TUCSON_OPEN_DATA_CDFFE1002A__RECORDS,VIEW,,,2026-07-06 07:03:25.363000-07:00,2026-07-06 07:03:26.232000-07:00,
LIBRARY_STAGING,DBT_CROGERS,STG_PORTAL_ARC_TUCSON_OPEN_DATA_E0EDEA39BE__PLACES,VIEW,,,2026-07-30 11:55:06.471000-07:00,2026-07-30 11:55:06.855000-07:00,
LIBRARY_STAGING,DBT_CROGERS,STG_PORTAL_ARC_TUCSON_OPEN_DATA_E0EDEA39BE__RECORDS,VIEW,,,2026-07-06 07:03:25.628000-07:00,2026-07-06 07:03:26.485000-07:00,
LIBRARY_STAGING,DBT_CROGERS,STG_PORTAL_ARC_TUCSON_OPEN_DATA_F0203665DD__PLACES,VIEW,,,2026-07-30 11:55:08.504000-07:00,2026-07-30 11:55:08.919000-07:00,
LIBRARY_STAGING,DBT_CROGERS,STG_PORTAL_ARC_TUCSON_OPEN_DATA_F0203665DD__RECORDS,VIEW,,,2026-07-06 07:03:25.700000-07:00,2026-07-06 07:03:26.503000-07:00,
LIBRARY_STAGING,DBT_CROGERS,STG_PORTAL_ARC_TUCSON_OPEN_DATA_F919285F50__CASES,VIEW,,,2026-07-30 11:55:08.677000-07:00,2026-07-30 11:55:09.240000-07:00,
LIBRARY_STAGING,DBT_CROGERS,STG_PORTAL_ARC_TUCSON_OPEN_DATA_F919285F50__RECORDS,VIEW,,,2026-07-06 07:03:26.072000-07:00,2026-07-06 07:03:26.605000-07:00,
LIBRARY_STAGING,DBT_CROGERS,STG_PORTAL_ARC_VERMONT_OPEN_GEO_62F10327D4__PLACES,VIEW,,,2026-07-30 11:55:09.214000-07:00,2026-07-30 11:55:09.546000-07:00,
LIBRARY_STAGING,DBT_CROGERS,STG_PORTAL_ARC_VERMONT_OPEN_GEO_9E55D67E2C__PLACES,VIEW,,,2026-07-30 11:55:09.493000-07:00,2026-07-30 11:55:09.913000-07:00,
LIBRARY_STAGING,DBT_CROGERS,STG_PORTAL_ARC_VERMONT_OPEN_GEO_DE261D6F8C__PLACES,VIEW,,,2026-07-30 11:55:11.683000-07:00,2026-07-30 11:55:12.088000-07:00,
LIBRARY_STAGING,DBT_CROGERS,STG_PORTAL_ARC_WAKE_COUNTY_OPEN_4B425FD089__ORGANIZATIONS,VIEW,,,2026-07-30 11:55:11.835000-07:00,2026-07-30 11:55:12.329000-07:00,
LIBRARY_STAGING,DBT_CROGERS,STG_PORTAL_ARC_WISCONSIN_OPEN_D_022EFD1AE5__RECORDS,VIEW,,,2026-07-30 11:55:12.755000-07:00,2026-07-30 11:55:13.128000-07:00,
LIBRARY_STAGING,DBT_CROGERS,STG_PORTAL_ARC_WISCONSIN_OPEN_D_07CF3C3824__PROVIDERS,VIEW,,,2026-07-30 11:55:12.739000-07:00,2026-07-30 11:55:13.093000-07:00,
LIBRARY_STAGING,DBT_CROGERS,STG_PORTAL_ARC_WISCONSIN_OPEN_D_4EBC995C5D__RECORDS,VIEW,,,2026-07-30 11:55:14.658000-07:00,2026-07-30 11:55:15.047000-07:00,
LIBRARY_STAGING,DBT_CROGERS,STG_PORTAL_ARC_WISCONSIN_OPEN_D_5206358BDD__RECORDS,VIEW,,,2026-07-30 11:55:14.898000-07:00,2026-07-30 11:55:15.292000-07:00,
LIBRARY_STAGING,DBT_CROGERS,STG_PORTAL_ARC_WISCONSIN_OPEN_D_601E691159__PROVIDERS,VIEW,,,2026-07-30 11:55:15.698000-07:00,2026-07-30 11:55:16.152000-07:00,
LIBRARY_STAGING,DBT_CROGERS,STG_PORTAL_ARC_WISCONSIN_OPEN_D_717F8037EB__RECORDS,VIEW,,,2026-07-30 11:55:15.724000-07:00,2026-07-30 11:55:16.105000-07:00,
LIBRARY_STAGING,DBT_CROGERS,STG_PORTAL_ARC_WISCONSIN_OPEN_D_B2EFA24715__RECORDS,VIEW,,,2026-07-30 11:55:17.666000-07:00,2026-07-30 11:55:18.058000-07:00,
LIBRARY_STAGING,DBT_CROGERS,STG_PORTAL_ARC_WISCONSIN_OPEN_D_CB1509F410__RECORDS,VIEW,,,2026-07-30 11:55:17.879000-07:00,2026-07-30 11:55:18.231000-07:00,
LIBRARY_STAGING,DBT_CROGERS,STG_PORTAL_ARC_WISCONSIN_OPEN_D_D05399642C__RECORDS,VIEW,,,2026-07-30 11:55:18.773000-07:00,2026-07-30 11:55:19.110000-07:00,
LIBRARY_STAGING,DBT_CROGERS,STG_PORTAL_CKA_ANALYZE_BOSTON_0012B002BE__PLACES,VIEW,,,2026-07-30 11:55:18.789000-07:00,2026-07-30 11:55:19.143000-07:00,
LIBRARY_STAGING,DBT_CROGERS,STG_PORTAL_CKA_ANALYZE_BOSTON_0012B002BE__RECORDS,VIEW,,,2026-07-06 07:03:29.534000-07:00,2026-07-06 07:03:29.828000-07:00,
LIBRARY_STAGING,DBT_CROGERS,STG_PORTAL_CKA_ANALYZE_BOSTON_0CED34C7C1__PLACES,VIEW,,,2026-07-30 11:55:20.603000-07:00,2026-07-30 11:55:20.999000-07:00,
LIBRARY_STAGING,DBT_CROGERS,STG_PORTAL_CKA_ANALYZE_BOSTON_0F7B6B1F80__RECORDS,VIEW,,,2026-07-30 11:55:20.789000-07:00,2026-07-30 11:55:21.084000-07:00,
LIBRARY_STAGING,DBT_CROGERS,STG_PORTAL_CKA_ANALYZE_BOSTON_1321CB60B5__PLACES,VIEW,,,2026-07-30 11:55:21.751000-07:00,2026-07-30 11:55:22.086000-07:00,
LIBRARY_STAGING,DBT_CROGERS,STG_PORTAL_CKA_ANALYZE_BOSTON_1321CB60B5__RECORDS,VIEW,,,2026-07-06 07:03:30.400000-07:00,2026-07-06 07:03:31.281000-07:00,
LIBRARY_STAGING,DBT_CROGERS,STG_PORTAL_CKA_ANALYZE_BOSTON_236A5362B9__PLACES,VIEW,,,2026-07-30 11:55:21.785000-07:00,2026-07-30 11:55:22.083000-07:00,
LIBRARY_STAGING,DBT_CROGERS,STG_PORTAL_CKA_ANALYZE_BOSTON_45E7E21495__PLACES,VIEW,,,2026-07-30 11:55:23.668000-07:00,2026-07-30 11:55:24.031000-07:00,
LIBRARY_STAGING,DBT_CROGERS,STG_PORTAL_CKA_ANALYZE_BOSTON_4EDDC3919B__PLACES,VIEW,,,2026-07-30 11:55:23.734000-07:00,2026-07-30 11:55:24.099000-07:00,
LIBRARY_STAGING,DBT_CROGERS,STG_PORTAL_CKA_ANALYZE_BOSTON_4EDDC3919B__RECORDS,VIEW,,,2026-07-06 07:03:31.163000-07:00,2026-07-06 07:03:31.472000-07:00,
LIBRARY_STAGING,DBT_CROGERS,STG_PORTAL_CKA_ANALYZE_BOSTON_5288DB6955__PLACES,VIEW,,,2026-07-30 11:55:24.741000-07:00,2026-07-30 11:55:25.087000-07:00,
LIBRARY_STAGING,DBT_CROGERS,STG_PORTAL_CKA_ANALYZE_BOSTON_5288DB6955__RECORDS,VIEW,,,2026-07-06 07:03:31.738000-07:00,2026-07-06 07:03:32.018000-07:00,
LIBRARY_STAGING,DBT_CROGERS,STG_PORTAL_CKA_ANALYZE_BOSTON_5CCB249B71__RECORDS,VIEW,,,2026-07-30 11:55:24.764000-07:00,2026-07-30 11:55:25.122000-07:00,
LIBRARY_STAGING,DBT_CROGERS,STG_PORTAL_CKA_ANALYZE_BOSTON_5FC2A4D010__RECORDS,VIEW,,,2026-07-30 11:55:26.619000-07:00,2026-07-30 11:55:26.977000-07:00,
LIBRARY_STAGING,DBT_CROGERS,STG_PORTAL_CKA_ANALYZE_BOSTON_691C77C209__PLACES,VIEW,,,2026-07-30 11:55:26.639000-07:00,2026-07-30 11:55:27.515000-07:00,
LIBRARY_STAGING,DBT_CROGERS,STG_PORTAL_CKA_ANALYZE_BOSTON_7D75FD803F__RECORDS,VIEW,,,2026-07-30 11:55:27.712000-07:00,2026-07-30 11:55:28.058000-07:00,
LIBRARY_STAGING,DBT_CROGERS,STG_PORTAL_CKA_ANALYZE_BOSTON_7F82F529E8__RECORDS,VIEW,,,2026-07-30 11:55:27.675000-07:00,2026-07-30 11:55:28.051000-07:00,
LIBRARY_STAGING,DBT_CROGERS,STG_PORTAL_CKA_ANALYZE_BOSTON_824B1B659E__RECORDS,VIEW,,,2026-07-30 11:55:29.605000-07:00,2026-07-30 11:55:29.937000-07:00,
LIBRARY_STAGING,DBT_CROGERS,STG_PORTAL_CKA_ANALYZE_BOSTON_899BB82358__PLACES,VIEW,,,2026-07-30 11:55:30.134000-07:00,2026-07-30 11:55:30.466000-07:00,
LIBRARY_STAGING,DBT_CROGERS,STG_PORTAL_CKA_ANALYZE_BOSTON_8A02CA5E02__PLACES,VIEW,,,2026-07-30 11:55:30.659000-07:00,2026-07-30 11:55:30.961000-07:00,
LIBRARY_STAGING,DBT_CROGERS,STG_PORTAL_CKA_ANALYZE_BOSTON_94AE63A33F__RECORDS,VIEW,,,2026-07-05 21:58:17.785000-07:00,2026-07-05 21:58:18.040000-07:00,
LIBRARY_STAGING,DBT_CROGERS,STG_PORTAL_CKA_ANALYZE_BOSTON_97789AB639__PLACES,VIEW,,,2026-07-30 11:55:30.687000-07:00,2026-07-30 11:55:31.011000-07:00,
LIBRARY_STAGING,DBT_CROGERS,STG_PORTAL_CKA_ANALYZE_BOSTON_99D95F2DF0__PLACES,VIEW,,,2026-07-30 11:55:32.494000-07:00,2026-07-30 11:55:32.852000-07:00,
LIBRARY_STAGING,DBT_CROGERS,STG_PORTAL_CKA_ANALYZE_BOSTON_9A0FE05B1B__RECORDS,VIEW,,,2026-07-30 11:55:33.176000-07:00,2026-07-30 11:55:33.544000-07:00,
LIBRARY_STAGING,DBT_CROGERS,STG_PORTAL_CKA_ANALYZE_BOSTON_9FE0838E9F__PLACES,VIEW,,,2026-07-30 11:55:33.515000-07:00,2026-07-30 11:55:33.843000-07:00,
LIBRARY_STAGING,DBT_CROGERS,STG_PORTAL_CKA_ANALYZE_BOSTON_9FE0838E9F__RECORDS,VIEW,,,2026-07-06 07:03:34.254000-07:00,2026-07-06 07:03:34.570000-07:00,
LIBRARY_STAGING,DBT_CROGERS,STG_PORTAL_CKA_ANALYZE_BOSTON_A4A4828973__PLACES,VIEW,,,2026-07-30 11:55:33.545000-07:00,2026-07-30 11:55:33.903000-07:00,
LIBRARY_STAGING,DBT_CROGERS,STG_PORTAL_CKA_ANALYZE_BOSTON_A6C2B4684A__RECORDS,VIEW,,,2026-07-30 11:55:35.977000-07:00,2026-07-30 11:55:36.302000-07:00,
LIBRARY_STAGING,DBT_CROGERS,STG_PORTAL_CKA_ANALYZE_BOSTON_ACCA0DF381__RECORDS,VIEW,,,2026-07-30 11:55:36.113000-07:00,2026-07-30 11:55:36.484000-07:00,
LIBRARY_STAGING,DBT_CROGERS,STG_PORTAL_CKA_ANALYZE_BOSTON_B6C7223760__RECORDS,VIEW,,,2026-07-30 11:55:36.458000-07:00,2026-07-30 11:55:36.815000-07:00,
LIBRARY_STAGING,DBT_CROGERS,STG_PORTAL_CKA_ANALYZE_BOSTON_BBE261ACCB__PLACES,VIEW,,,2026-07-30 11:55:36.823000-07:00,2026-07-30 11:55:37.168000-07:00,
LIBRARY_STAGING,DBT_CROGERS,STG_PORTAL_CKA_ANALYZE_BOSTON_BBE6F0FD04__RECORDS,VIEW,,,2026-07-30 11:55:38.932000-07:00,2026-07-30 11:55:39.244000-07:00,
LIBRARY_STAGING,DBT_CROGERS,STG_PORTAL_CKA_ANALYZE_BOSTON_D5A9AD584E__FILINGS,VIEW,,,2026-07-30 11:55:39.061000-07:00,2026-07-30 11:55:39.454000-07:00,
LIBRARY_STAGING,DBT_CROGERS,STG_PORTAL_CKA_ANALYZE_BOSTON_DB1AEFD5B6__RECORDS,VIEW,,,2026-07-30 11:55:39.411000-07:00,2026-07-30 11:55:39.748000-07:00,
LIBRARY_STAGING,DBT_CROGERS,STG_PORTAL_CKA_ANALYZE_BOSTON_DB29EC5366__RECORDS,VIEW,,,2026-07-30 11:55:39.809000-07:00,2026-07-30 11:55:40.190000-07:00,
LIBRARY_STAGING,DBT_CROGERS,STG_PORTAL_CKA_ANALYZE_BOSTON_DD269D0A1D__PLACES,VIEW,,,2026-07-30 11:55:41.832000-07:00,2026-07-30 11:55:42.215000-07:00,
LIBRARY_STAGING,DBT_CROGERS,STG_PORTAL_CKA_ANALYZE_BOSTON_DD269D0A1D__RECORDS,VIEW,,,2026-07-06 07:03:36.492000-07:00,2026-07-06 07:03:36.825000-07:00,
LIBRARY_STAGING,DBT_CROGERS,STG_PORTAL_CKA_ANALYZE_BOSTON_DF52D983A2__PLACES,VIEW,,,2026-07-30 11:55:42.046000-07:00,2026-07-30 11:55:42.881000-07:00,
LIBRARY_STAGING,DBT_CROGERS,STG_PORTAL_CKA_ANALYZE_BOSTON_E1262D25C2__PLACES,VIEW,,,2026-07-30 11:55:42.327000-07:00,2026-07-30 11:55:42.635000-07:00,
LIBRARY_STAGING,DBT_CROGERS,STG_PORTAL_CKA_ANALYZE_BOSTON_E4C004D662__CASES,VIEW,,,2026-07-30 11:55:42.780000-07:00,2026-07-30 11:55:43.130000-07:00,
LIBRARY_STAGING,DBT_CROGERS,STG_PORTAL_CKA_ANALYZE_BOSTON_E4C004D662__PLACES,VIEW,,,2026-07-05 19:55:19.553000-07:00,2026-07-05 19:55:19.834000-07:00,
LIBRARY_STAGING,DBT_CROGERS,STG_PORTAL_CKA_ANALYZE_BOSTON_EB235CDC7A__PLACES,VIEW,,,2026-07-30 11:55:44.776000-07:00,2026-07-30 11:55:45.150000-07:00,
LIBRARY_STAGING,DBT_CROGERS,STG_PORTAL_CKA_ANALYZE_BOSTON_F1B3F76830__PLACES,VIEW,,,2026-07-30 11:55:45.217000-07:00,2026-07-30 11:55:45.556000-07:00,
LIBRARY_STAGING,DBT_CROGERS,STG_PORTAL_CKA_ANALYZE_BOSTON_F1B3F76830__RECORDS,VIEW,,,2026-07-06 07:03:38.288000-07:00,2026-07-06 07:03:38.540000-07:00,
LIBRARY_STAGING,DBT_CROGERS,STG_PORTAL_CKA_CALIFORNIA_OPEN_0AD648012F__RECORDS,VIEW,,,2026-07-30 11:55:45.491000-07:00,2026-07-30 11:55:45.788000-07:00,
LIBRARY_STAGING,DBT_CROGERS,STG_PORTAL_CKA_CALIFORNIA_OPEN_0BC18BBA68__PLACES,VIEW,,,2026-07-30 11:55:45.698000-07:00,2026-07-30 11:55:46.062000-07:00,
LIBRARY_STAGING,DBT_CROGERS,STG_PORTAL_CKA_CALIFORNIA_OPEN_21E0E694B5__PLACES,VIEW,,,2026-07-30 11:55:47.709000-07:00,2026-07-30 11:55:48.196000-07:00,
LIBRARY_STAGING,DBT_CROGERS,STG_PORTAL_CKA_CALIFORNIA_OPEN_27DC9C9E51__PLACES,VIEW,,,2026-07-30 11:55:48.139000-07:00,2026-07-30 11:55:48.448000-07:00,
LIBRARY_STAGING,DBT_CROGERS,STG_PORTAL_CKA_CALIFORNIA_OPEN_31DEEFF0A8__PLACES,VIEW,,,2026-07-30 11:55:48.316000-07:00,2026-07-30 11:55:48.693000-07:00,
LIBRARY_STAGING,DBT_CROGERS,STG_PORTAL_CKA_CALIFORNIA_OPEN_35E42B9770__RECORDS,VIEW,,,2026-07-30 11:55:48.728000-07:00,2026-07-30 11:55:49.127000-07:00,
LIBRARY_STAGING,DBT_CROGERS,STG_PORTAL_CKA_CALIFORNIA_OPEN_37C04CBA4A__PLACES,VIEW,,,2026-07-30 11:55:50.757000-07:00,2026-07-30 11:55:51.086000-07:00,
LIBRARY_STAGING,DBT_CROGERS,STG_PORTAL_CKA_CALIFORNIA_OPEN_3B70AD4F80__RECORDS,VIEW,,,2026-07-30 11:55:51-07:00,2026-07-30 11:55:51.302000-07:00,
LIBRARY_STAGING,DBT_CROGERS,STG_PORTAL_CKA_CALIFORNIA_OPEN_3BA640AA6E__PLACES,VIEW,,,2026-07-30 11:55:51.234000-07:00,2026-07-30 11:55:51.557000-07:00,
LIBRARY_STAGING,DBT_CROGERS,STG_PORTAL_CKA_CALIFORNIA_OPEN_41B8625438__PLACES,VIEW,,,2026-07-30 11:55:51.720000-07:00,2026-07-30 11:55:52.103000-07:00,
LIBRARY_STAGING,DBT_CROGERS,STG_PORTAL_CKA_CALIFORNIA_OPEN_490B55C81B__PLACES,VIEW,,,2026-07-05 19:55:21.523000-07:00,2026-07-05 19:55:21.815000-07:00,
LIBRARY_STAGING,DBT_CROGERS,STG_PORTAL_CKA_CALIFORNIA_OPEN_490B55C81B__RECORDS,VIEW,,,2026-07-30 11:55:53.717000-07:00,2026-07-30 11:55:54.061000-07:00,
LIBRARY_STAGING,DBT_CROGERS,STG_PORTAL_CKA_CALIFORNIA_OPEN_49D5A45DE1__PLACES,VIEW,,,2026-07-30 11:55:53.992000-07:00,2026-07-30 11:55:54.267000-07:00,
LIBRARY_STAGING,DBT_CROGERS,STG_PORTAL_CKA_CALIFORNIA_OPEN_6083F016D2__PLACES,VIEW,,,2026-07-30 11:55:54.261000-07:00,2026-07-30 11:55:54.589000-07:00,
LIBRARY_STAGING,DBT_CROGERS,STG_PORTAL_CKA_CALIFORNIA_OPEN_6611464444__PLACES,VIEW,,,2026-07-30 11:55:54.701000-07:00,2026-07-30 11:55:55.028000-07:00,
LIBRARY_STAGING,DBT_CROGERS,STG_PORTAL_CKA_CALIFORNIA_OPEN_6611464444__RECORDS,VIEW,,,2026-07-06 07:03:40.656000-07:00,2026-07-06 07:03:40.911000-07:00,
LIBRARY_STAGING,DBT_CROGERS,STG_PORTAL_CKA_CALIFORNIA_OPEN_6A4468B24F__PLACES,VIEW,,,2026-07-30 11:55:56.608000-07:00,2026-07-30 11:55:56.949000-07:00,
LIBRARY_STAGING,DBT_CROGERS,STG_PORTAL_CKA_CALIFORNIA_OPEN_7F65D27DB7__RECORDS,VIEW,,,2026-07-30 11:55:56.800000-07:00,2026-07-30 11:55:57.064000-07:00,
LIBRARY_STAGING,DBT_CROGERS,STG_PORTAL_CKA_CALIFORNIA_OPEN_823711435D__PLACES,VIEW,,,2026-07-30 11:55:57.757000-07:00,2026-07-30 11:55:58.095000-07:00,
LIBRARY_STAGING,DBT_CROGERS,STG_PORTAL_CKA_CALIFORNIA_OPEN_8C4AA754CE__PLACES,VIEW,,,2026-07-30 11:55:57.753000-07:00,2026-07-30 11:55:58.041000-07:00,
LIBRARY_STAGING,DBT_CROGERS,STG_PORTAL_CKA_CALIFORNIA_OPEN_9C50AEF41D__PLACES,VIEW,,,2026-07-30 11:55:59.501000-07:00,2026-07-30 11:55:59.813000-07:00,
LIBRARY_STAGING,DBT_CROGERS,STG_PORTAL_CKA_CALIFORNIA_OPEN_A5D78A8B63__PLACES,VIEW,,,2026-07-30 11:55:59.676000-07:00,2026-07-30 11:56:00.006000-07:00,
LIBRARY_STAGING,DBT_CROGERS,STG_PORTAL_CKA_CALIFORNIA_OPEN_A5D78A8B63__RECORDS,VIEW,,,2026-07-06 07:03:42.267000-07:00,2026-07-06 07:03:42.545000-07:00,
LIBRARY_STAGING,DBT_CROGERS,STG_PORTAL_CKA_CALIFORNIA_OPEN_AC6C9E2B47__RECORDS,VIEW,,,2026-07-30 11:56:00.679000-07:00,2026-07-30 11:56:01.023000-07:00,
LIBRARY_STAGING,DBT_CROGERS,STG_PORTAL_CKA_CALIFORNIA_OPEN_B7D3E2C140__PLACES,VIEW,,,2026-07-30 11:56:00.791000-07:00,2026-07-30 11:56:01.214000-07:00,
LIBRARY_STAGING,DBT_CROGERS,STG_PORTAL_CKA_CALIFORNIA_OPEN_C19A7C8625__PLACES,VIEW,,,2026-07-30 11:56:02.464000-07:00,2026-07-30 11:56:03.181000-07:00,
LIBRARY_STAGING,DBT_CROGERS,STG_PORTAL_CKA_CALIFORNIA_OPEN_C19A7C8625__RECORDS,VIEW,,,2026-07-06 07:03:42.768000-07:00,2026-07-06 07:03:43.462000-07:00,
LIBRARY_STAGING,DBT_CROGERS,STG_PORTAL_CKA_CALIFORNIA_OPEN_C65B641866__RECORDS,VIEW,,,2026-07-30 11:56:02.613000-07:00,2026-07-30 11:56:02.975000-07:00,
LIBRARY_STAGING,DBT_CROGERS,STG_PORTAL_CKA_CALIFORNIA_OPEN_C86733ED60__PLACES,VIEW,,,2026-07-30 11:56:03.648000-07:00,2026-07-30 11:56:03.991000-07:00,
LIBRARY_STAGING,DBT_CROGERS,STG_PORTAL_CKA_CALIFORNIA_OPEN_CB7C3747FC__PLACES,VIEW,,,2026-07-30 11:56:03.825000-07:00,2026-07-30 11:56:04.159000-07:00,
LIBRARY_STAGING,DBT_CROGERS,STG_PORTAL_CKA_CALIFORNIA_OPEN_E2CDCDBC2C__PLACES,VIEW,,,2026-07-30 11:56:05.577000-07:00,2026-07-30 11:56:05.904000-07:00,
LIBRARY_STAGING,DBT_CROGERS,STG_PORTAL_CKA_CALIFORNIA_OPEN_EE216E8506__PLACES,VIEW,,,2026-07-30 11:56:05.788000-07:00,2026-07-30 11:56:06.114000-07:00,
LIBRARY_STAGING,DBT_CROGERS,STG_PORTAL_CKA_CALIFORNIA_OPEN_F039E82E72__PLACES,VIEW,,,2026-07-30 11:56:06.638000-07:00,2026-07-30 11:56:06.960000-07:00,
LIBRARY_STAGING,DBT_CROGERS,STG_PORTAL_CKA_CALIFORNIA_OPEN_F406AAD424__PLACES,VIEW,,,2026-07-30 11:56:06.793000-07:00,2026-07-30 11:56:07.127000-07:00,
LIBRARY_STAGING,DBT_CROGERS,STG_PORTAL_CKA_CALIFORNIA_OPEN_F8F7B5716B__RECORDS,VIEW,,,2026-07-30 11:56:08.449000-07:00,2026-07-30 11:56:08.792000-07:00,
LIBRARY_STAGING,DBT_CROGERS,STG_PORTAL_CKA_HOUSTON_OPEN_DAT_07C9C99EB1__EVENTS,VIEW,,,2026-07-30 11:56:08.660000-07:00,2026-07-30 11:56:08.955000-07:00,
LIBRARY_STAGING,DBT_CROGERS,STG_PORTAL_CKA_HOUSTON_OPEN_DAT_092DC52BC1__RECORDS,VIEW,,,2026-07-30 11:56:09.573000-07:00,2026-07-30 11:56:09.959000-07:00,
LIBRARY_STAGING,DBT_CROGERS,STG_PORTAL_CKA_HOUSTON_OPEN_DAT_09FD7E454A__RECORDS,VIEW,,,2026-07-30 11:56:09.700000-07:00,2026-07-30 11:56:10.060000-07:00,
LIBRARY_STAGING,DBT_CROGERS,STG_PORTAL_CKA_HOUSTON_OPEN_DAT_0A6665137F__RECORDS,VIEW,,,2026-07-30 11:56:11.329000-07:00,2026-07-30 11:56:11.764000-07:00,
LIBRARY_STAGING,DBT_CROGERS,STG_PORTAL_CKA_HOUSTON_OPEN_DAT_1629EF6392__RECORDS,VIEW,,,2026-07-30 11:56:11.569000-07:00,2026-07-30 11:56:11.868000-07:00,
LIBRARY_STAGING,DBT_CROGERS,STG_PORTAL_CKA_HOUSTON_OPEN_DAT_18A3CA22AF__RECORDS,VIEW,,,2026-07-05 21:58:28.958000-07:00,2026-07-05 21:58:29.240000-07:00,
LIBRARY_STAGING,DBT_CROGERS,STG_PORTAL_CKA_HOUSTON_OPEN_DAT_19CBD263CC__RECORDS,VIEW,,,2026-07-30 11:56:12.496000-07:00,2026-07-30 11:56:12.789000-07:00,
LIBRARY_STAGING,DBT_CROGERS,STG_PORTAL_CKA_HOUSTON_OPEN_DAT_2E1926ECB2__RECORDS,VIEW,,,2026-07-30 11:56:12.639000-07:00,2026-07-30 11:56:12.916000-07:00,
LIBRARY_STAGING,DBT_CROGERS,STG_PORTAL_CKA_HOUSTON_OPEN_DAT_399393985D__RECORDS,VIEW,,,2026-07-30 11:56:14.314000-07:00,2026-07-30 11:56:14.755000-07:00,
LIBRARY_STAGING,DBT_CROGERS,STG_PORTAL_CKA_HOUSTON_OPEN_DAT_405FBDB44A__RECORDS,VIEW,,,2026-07-30 11:56:14.442000-07:00,2026-07-30 11:56:14.758000-07:00,
LIBRARY_STAGING,DBT_CROGERS,STG_PORTAL_CKA_HOUSTON_OPEN_DAT_442A765041__RECORDS,VIEW,,,2026-07-30 11:56:15.399000-07:00,2026-07-30 11:56:15.656000-07:00,
LIBRARY_STAGING,DBT_CROGERS,STG_PORTAL_CKA_HOUSTON_OPEN_DAT_48B03033D3__RECORDS,VIEW,,,2026-07-30 11:56:15.438000-07:00,2026-07-30 11:56:15.704000-07:00,
LIBRARY_STAGING,DBT_CROGERS,STG_PORTAL_CKA_HOUSTON_OPEN_DAT_4DF426D97D__RECORDS,VIEW,,,2026-07-30 11:56:17.456000-07:00,2026-07-30 11:56:17.923000-07:00,
LIBRARY_STAGING,DBT_CROGERS,STG_PORTAL_CKA_HOUSTON_OPEN_DAT_501EE45DC7__RECORDS,VIEW,,,2026-07-30 11:56:17.439000-07:00,2026-07-30 11:56:17.825000-07:00,
LIBRARY_STAGING,DBT_CROGERS,STG_PORTAL_CKA_HOUSTON_OPEN_DAT_583918009F__RECORDS,VIEW,,,2026-07-30 11:56:18.232000-07:00,2026-07-30 11:56:18.536000-07:00,
LIBRARY_STAGING,DBT_CROGERS,STG_PORTAL_CKA_HOUSTON_OPEN_DAT_5848C85560__RECORDS,VIEW,,,2026-07-30 11:56:18.278000-07:00,2026-07-30 11:56:18.648000-07:00,
LIBRARY_STAGING,DBT_CROGERS,STG_PORTAL_CKA_HOUSTON_OPEN_DAT_6082321C0C__RECORDS,VIEW,,,2026-07-30 11:56:21.052000-07:00,2026-07-30 11:56:21.369000-07:00,
LIBRARY_STAGING,DBT_CROGERS,STG_PORTAL_CKA_HOUSTON_OPEN_DAT_702315B033__RECORDS,VIEW,,,2026-07-30 11:56:21.040000-07:00,2026-07-30 11:56:21.361000-07:00,
LIBRARY_STAGING,DBT_CROGERS,STG_PORTAL_CKA_HOUSTON_OPEN_DAT_76E445329F__RECORDS,VIEW,,,2026-07-30 11:56:21.053000-07:00,2026-07-30 11:56:21.380000-07:00,
LIBRARY_STAGING,DBT_CROGERS,STG_PORTAL_CKA_HOUSTON_OPEN_DAT_7A8148751C__RECORDS,VIEW,,,2026-07-30 11:56:21.186000-07:00,2026-07-30 11:56:21.493000-07:00,
LIBRARY_STAGING,DBT_CROGERS,STG_PORTAL_CKA_HOUSTON_OPEN_DAT_95CC6891BD__RECORDS,VIEW,,,2026-07-30 11:56:24.059000-07:00,2026-07-30 11:56:24.375000-07:00,
LIBRARY_STAGING,DBT_CROGERS,STG_PORTAL_CKA_HOUSTON_OPEN_DAT_A4490182BA__PLACES,VIEW,,,2026-07-30 11:56:24.083000-07:00,2026-07-30 11:56:24.471000-07:00,
LIBRARY_STAGING,DBT_CROGERS,STG_PORTAL_CKA_HOUSTON_OPEN_DAT_A4490182BA__RECORDS,VIEW,,,2026-07-06 07:03:49.458000-07:00,2026-07-06 07:03:50.976000-07:00,
LIBRARY_STAGING,DBT_CROGERS,STG_PORTAL_CKA_HOUSTON_OPEN_DAT_AA67E5B416__RECORDS,VIEW,,,2026-07-30 11:56:24.084000-07:00,2026-07-30 11:56:24.456000-07:00,
LIBRARY_STAGING,DBT_CROGERS,STG_PORTAL_CKA_HOUSTON_OPEN_DAT_AB35BB6552__PLACES,VIEW,,,2026-07-30 11:56:24.081000-07:00,2026-07-30 11:56:24.436000-07:00,
LIBRARY_STAGING,DBT_CROGERS,STG_PORTAL_CKA_HOUSTON_OPEN_DAT_AB35BB6552__RECORDS,VIEW,,,2026-07-06 07:03:49.958000-07:00,2026-07-06 07:03:50.232000-07:00,
LIBRARY_STAGING,DBT_CROGERS,STG_PORTAL_CKA_HOUSTON_OPEN_DAT_AEB065E230__RECORDS,VIEW,,,2026-07-30 11:56:26.960000-07:00,2026-07-30 11:56:27.279000-07:00,
LIBRARY_STAGING,DBT_CROGERS,STG_PORTAL_CKA_HOUSTON_OPEN_DAT_AEFB1B6A56__RECORDS,VIEW,,,2026-07-30 11:56:27.058000-07:00,2026-07-30 11:56:27.321000-07:00,
LIBRARY_STAGING,DBT_CROGERS,STG_PORTAL_CKA_HOUSTON_OPEN_DAT_BDF3A70A86__RECORDS,VIEW,,,2026-07-30 11:56:27.100000-07:00,2026-07-30 11:56:27.435000-07:00,
LIBRARY_STAGING,DBT_CROGERS,STG_PORTAL_CKA_HOUSTON_OPEN_DAT_CFDCDF13FD__RECORDS,VIEW,,,2026-07-30 11:56:27.095000-07:00,2026-07-30 11:56:27.376000-07:00,
LIBRARY_STAGING,DBT_CROGERS,STG_PORTAL_CKA_HOUSTON_OPEN_DAT_EBCDF36B9E__RECORDS,VIEW,,,2026-07-30 11:56:29.871000-07:00,2026-07-30 11:56:30.222000-07:00,
LIBRARY_STAGING,DBT_CROGERS,STG_PORTAL_CKA_HOUSTON_OPEN_DAT_F572136326__RECORDS,VIEW,,,2026-07-30 11:56:29.965000-07:00,2026-07-30 11:56:30.235000-07:00,
LIBRARY_STAGING,DBT_CROGERS,STG_PORTAL_CKA_HOUSTON_OPEN_DAT_FB1F968C19__RECORDS,VIEW,,,2026-07-30 11:56:29.981000-07:00,2026-07-30 11:56:30.228000-07:00,
LIBRARY_STAGING,DBT_CROGERS,STG_PORTAL_CKA_INDIANA_DATA_HUB_7747EFE139__RECORDS,VIEW,,,2026-07-30 11:56:30.026000-07:00,2026-07-30 11:56:30.301000-07:00,
LIBRARY_STAGING,DBT_CROGERS,STG_PORTAL_CKA_INDIANA_DATA_HUB_78F3E49D13__PLACES,VIEW,,,2026-07-30 11:56:32.933000-07:00,2026-07-30 11:56:33.199000-07:00,
LIBRARY_STAGING,DBT_CROGERS,STG_PORTAL_CKA_INDIANA_DATA_HUB_78F3E49D13__RECORDS,VIEW,,,2026-07-06 07:03:52.446000-07:00,2026-07-06 07:03:52.775000-07:00,
LIBRARY_STAGING,DBT_CROGERS,STG_PORTAL_CKA_INDIANA_DATA_HUB_83BA6435C2__PLACES,VIEW,,,2026-07-30 11:56:32.948000-07:00,2026-07-30 11:56:33.240000-07:00,
LIBRARY_STAGING,DBT_CROGERS,STG_PORTAL_CKA_INDIANA_DATA_HUB_83BA6435C2__RECORDS,VIEW,,,2026-07-06 07:03:52.494000-07:00,2026-07-06 07:03:52.828000-07:00,
LIBRARY_STAGING,DBT_CROGERS,STG_PORTAL_CKA_INDIANA_DATA_HUB_90819D705E__PLACES,VIEW,,,2026-07-30 11:56:32.940000-07:00,2026-07-30 11:56:33.239000-07:00,
LIBRARY_STAGING,DBT_CROGERS,STG_PORTAL_CKA_INDIANA_DATA_HUB_90C2A3CA78__PLACES,VIEW,,,2026-07-30 11:56:32.949000-07:00,2026-07-30 11:56:33.174000-07:00,
LIBRARY_STAGING,DBT_CROGERS,STG_PORTAL_CKA_INDIANA_DATA_HUB_BA1B037C9E__PLACES,VIEW,,,2026-07-30 11:56:35.737000-07:00,2026-07-30 11:56:36.088000-07:00,
LIBRARY_STAGING,DBT_CROGERS,STG_PORTAL_CKA_INDIANA_DATA_HUB_BD531B17F6__PLACES,VIEW,,,2026-07-30 11:56:35.923000-07:00,2026-07-30 11:56:36.241000-07:00,
LIBRARY_STAGING,DBT_CROGERS,STG_PORTAL_CKA_INDIANA_DATA_HUB_D4DAE8D984__PLACES,VIEW,,,2026-07-30 11:56:35.892000-07:00,2026-07-30 11:56:36.203000-07:00,
LIBRARY_STAGING,DBT_CROGERS,STG_PORTAL_CKA_INDIANA_DATA_HUB_D4DAE8D984__RECORDS,VIEW,,,2026-07-06 07:03:53.408000-07:00,2026-07-06 07:03:53.634000-07:00,
LIBRARY_STAGING,DBT_CROGERS,STG_PORTAL_CKA_INDIANA_DATA_HUB_FE00D42ACC__PLACES,VIEW,,,2026-07-30 11:56:35.929000-07:00,2026-07-30 11:56:36.208000-07:00,
LIBRARY_STAGING,DBT_CROGERS,STG_PORTAL_CKA_INDIANA_DATA_HUB_FE00D42ACC__RECORDS,VIEW,,,2026-07-06 07:03:54.030000-07:00,2026-07-06 07:03:54.289000-07:00,
LIBRARY_STAGING,DBT_CROGERS,STG_PORTAL_CKA_IRELAND_NATIONAL_12F7EAE1D9__PLACES,VIEW,,,2026-07-30 11:56:38.678000-07:00,2026-07-30 11:56:38.970000-07:00,
LIBRARY_STAGING,DBT_CROGERS,STG_PORTAL_CKA_IRELAND_NATIONAL_4049D41C91__PLACES,VIEW,,,2026-07-30 11:56:38.761000-07:00,2026-07-30 11:56:39.108000-07:00,
LIBRARY_STAGING,DBT_CROGERS,STG_PORTAL_CKA_IRELAND_NATIONAL_73A82CB256__PLACES,VIEW,,,2026-07-30 11:56:38.908000-07:00,2026-07-30 11:56:39.207000-07:00,
LIBRARY_STAGING,DBT_CROGERS,STG_PORTAL_CKA_IRELAND_NATIONAL_F2EFDE1A8C__RECORDS,VIEW,,,2026-07-30 11:56:38.887000-07:00,2026-07-30 11:56:39.162000-07:00,
LIBRARY_STAGING,DBT_CROGERS,STG_PORTAL_CKA_ISRAEL_NATIONAL_03D9D0D534__PLACES,VIEW,,,2026-07-30 11:56:41.929000-07:00,2026-07-30 11:56:42.267000-07:00,
LIBRARY_STAGING,DBT_CROGERS,STG_PORTAL_CKA_ISRAEL_NATIONAL_03D9D0D534__RECORDS,VIEW,,,2026-07-06 07:03:54.839000-07:00,2026-07-06 07:03:55.139000-07:00,
LIBRARY_STAGING,DBT_CROGERS,STG_PORTAL_CKA_ISRAEL_NATIONAL_05CD5564C6__RECORDS,VIEW,,,2026-07-30 11:56:41.712000-07:00,2026-07-30 11:56:42.072000-07:00,
LIBRARY_STAGING,DBT_CROGERS,STG_PORTAL_CKA_ISRAEL_NATIONAL_07EC1AF377__RECORDS,VIEW,,,2026-07-30 11:56:42.534000-07:00,2026-07-30 11:56:42.820000-07:00,
LIBRARY_STAGING,DBT_CROGERS,STG_PORTAL_CKA_ISRAEL_NATIONAL_12FC0D7B44__PLACES,VIEW,,,2026-07-30 11:56:42.531000-07:00,2026-07-30 11:56:42.896000-07:00,
LIBRARY_STAGING,DBT_CROGERS,STG_PORTAL_CKA_ISRAEL_NATIONAL_148FDFE63D__RECORDS,VIEW,,,2026-07-05 21:58:37.942000-07:00,2026-07-05 21:58:38.193000-07:00,
LIBRARY_STAGING,DBT_CROGERS,STG_PORTAL_CKA_ISRAEL_NATIONAL_23EC89FE35__RECORDS,VIEW,,,2026-07-30 11:56:44.597000-07:00,2026-07-30 11:56:44.941000-07:00,
LIBRARY_STAGING,DBT_CROGERS,STG_PORTAL_CKA_ISRAEL_NATIONAL_2D69DC52E0__PLACES,VIEW,,,2026-07-30 11:56:44.820000-07:00,2026-07-30 11:56:45.141000-07:00,
LIBRARY_STAGING,DBT_CROGERS,STG_PORTAL_CKA_ISRAEL_NATIONAL_32CF786F4C__RECORDS,VIEW,,,2026-07-30 11:56:45.454000-07:00,2026-07-30 11:56:45.925000-07:00,
LIBRARY_STAGING,DBT_CROGERS,STG_PORTAL_CKA_ISRAEL_NATIONAL_338EF2B642__RECORDS,VIEW,,,2026-07-30 11:56:45.499000-07:00,2026-07-30 11:56:45.843000-07:00,
LIBRARY_STAGING,DBT_CROGERS,STG_PORTAL_CKA_ISRAEL_NATIONAL_33BAA6B58A__RECORDS,VIEW,,,2026-07-05 21:58:38.979000-07:00,2026-07-05 21:58:39.256000-07:00,
LIBRARY_STAGING,DBT_CROGERS,STG_PORTAL_CKA_ISRAEL_NATIONAL_44788840FC__RECORDS,VIEW,,,2026-07-30 11:56:47.564000-07:00,2026-07-30 11:56:47.833000-07:00,
LIBRARY_STAGING,DBT_CROGERS,STG_PORTAL_CKA_ISRAEL_NATIONAL_50096DDB0E__RECORDS,VIEW,,,2026-07-30 11:56:47.691000-07:00,2026-07-30 11:56:47.937000-07:00,
LIBRARY_STAGING,DBT_CROGERS,STG_PORTAL_CKA_ISRAEL_NATIONAL_511B70EB2B__RECORDS,VIEW,,,2026-07-30 11:56:48.517000-07:00,2026-07-30 11:56:48.902000-07:00,
LIBRARY_STAGING,DBT_CROGERS,STG_PORTAL_CKA_ISRAEL_NATIONAL_52AD02EBE0__RECORDS,VIEW,,,2026-07-05 21:58:39.801000-07:00,2026-07-05 21:58:40.036000-07:00,
LIBRARY_STAGING,DBT_CROGERS,STG_PORTAL_CKA_ISRAEL_NATIONAL_6272F09A75__PLACES,VIEW,,,2026-07-30 11:56:48.536000-07:00,2026-07-30 11:56:48.933000-07:00,
LIBRARY_STAGING,DBT_CROGERS,STG_PORTAL_CKA_ISRAEL_NATIONAL_6272F09A75__RECORDS,VIEW,,,2026-07-06 07:03:57.423000-07:00,2026-07-06 07:03:57.741000-07:00,
LIBRARY_STAGING,DBT_CROGERS,STG_PORTAL_CKA_ISRAEL_NATIONAL_6C5E40114C__RECORDS,VIEW,,,2026-07-30 11:56:50.420000-07:00,2026-07-30 11:56:50.809000-07:00,
LIBRARY_STAGING,DBT_CROGERS,STG_PORTAL_CKA_ISRAEL_NATIONAL_6FA4DE9040__PLACES,VIEW,,,2026-07-30 11:56:50.529000-07:00,2026-07-30 11:56:50.913000-07:00,
LIBRARY_STAGING,DBT_CROGERS,STG_PORTAL_CKA_ISRAEL_NATIONAL_7362EBC06F__RECORDS,VIEW,,,2026-07-30 11:56:51.620000-07:00,2026-07-30 11:56:51.928000-07:00,
LIBRARY_STAGING,DBT_CROGERS,STG_PORTAL_CKA_ISRAEL_NATIONAL_936E1A0BA2__RECORDS,VIEW,,,2026-07-05 21:58:41.186000-07:00,2026-07-05 21:58:41.406000-07:00,
LIBRARY_STAGING,DBT_CROGERS,STG_PORTAL_CKA_ISRAEL_NATIONAL_94CE459E75__RECORDS,VIEW,,,2026-07-05 21:58:41.176000-07:00,2026-07-05 21:58:41.413000-07:00,
LIBRARY_STAGING,DBT_CROGERS,STG_PORTAL_CKA_ISRAEL_NATIONAL_964780E58D__RECORDS,VIEW,,,2026-07-30 11:56:51.610000-07:00,2026-07-30 11:56:51.943000-07:00,
LIBRARY_STAGING,DBT_CROGERS,STG_PORTAL_CKA_ISRAEL_NATIONAL_B37BA647D0__RECORDS,VIEW,,,2026-07-30 11:56:53.373000-07:00,2026-07-30 11:56:53.847000-07:00,
LIBRARY_STAGING,DBT_CROGERS,STG_PORTAL_CKA_ISRAEL_NATIONAL_C05E5881A0__PLACES,VIEW,,,2026-07-30 11:56:53.595000-07:00,2026-07-30 11:56:54.119000-07:00,
LIBRARY_STAGING,DBT_CROGERS,STG_PORTAL_CKA_ISRAEL_NATIONAL_C05E5881A0__RECORDS,VIEW,,,2026-07-06 07:03:58.588000-07:00,2026-07-06 07:03:59.199000-07:00,
LIBRARY_STAGING,DBT_CROGERS,STG_PORTAL_CKA_ISRAEL_NATIONAL_C596979F55__PLACES,VIEW,,,2026-07-30 11:56:54.573000-07:00,2026-07-30 11:56:54.883000-07:00,
LIBRARY_STAGING,DBT_CROGERS,STG_PORTAL_CKA_ISRAEL_NATIONAL_CB289C316E__RECORDS,VIEW,,,2026-07-05 21:58:42.059000-07:00,2026-07-05 21:58:42.250000-07:00,
LIBRARY_STAGING,DBT_CROGERS,STG_PORTAL_CKA_ISRAEL_NATIONAL_D59087E169__RECORDS,VIEW,,,2026-07-30 11:56:54.617000-07:00,2026-07-30 11:56:54.905000-07:00,
LIBRARY_STAGING,DBT_CROGERS,STG_PORTAL_CKA_ISRAEL_NATIONAL_DA3CA6DB5D__RECORDS,VIEW,,,2026-07-30 11:56:56.671000-07:00,2026-07-30 11:56:57.006000-07:00,
LIBRARY_STAGING,DBT_CROGERS,STG_PORTAL_CKA_ISRAEL_NATIONAL_E3D369B05F__PLACES,VIEW,,,2026-07-30 11:56:56.742000-07:00,2026-07-30 11:56:57.087000-07:00,
LIBRARY_STAGING,DBT_CROGERS,STG_PORTAL_CKA_ISRAEL_NATIONAL_E3D369B05F__RECORDS,VIEW,,,2026-07-06 07:03:59.719000-07:00,2026-07-06 07:04:00.028000-07:00,
LIBRARY_STAGING,DBT_CROGERS,STG_PORTAL_CKA_ISRAEL_NATIONAL_EE52E94997__RECORDS,VIEW,,,2026-07-30 11:56:57.520000-07:00,2026-07-30 11:56:57.854000-07:00,
LIBRARY_STAGING,DBT_CROGERS,STG_PORTAL_CKA_ISRAEL_NATIONAL_FF540A3C79__PLACES,VIEW,,,2026-07-30 11:56:57.528000-07:00,2026-07-30 11:56:57.911000-07:00,
LIBRARY_STAGING,DBT_CROGERS,STG_PORTAL_CKA_OPEN_DATA_SA_136D910AD7__PLACES,VIEW,,,2026-07-30 11:56:59.632000-07:00,2026-07-30 11:56:59.960000-07:00,
LIBRARY_STAGING,DBT_CROGERS,STG_PORTAL_CKA_OPEN_DATA_SA_18A877DDC9__RECORDS,VIEW,,,2026-07-05 21:58:43.455000-07:00,2026-07-05 21:58:43.720000-07:00,
LIBRARY_STAGING,DBT_CROGERS,STG_PORTAL_CKA_OPEN_DATA_SA_19461CBD4A__PLACES,VIEW,,,2026-07-30 11:56:59.674000-07:00,2026-07-30 11:56:59.929000-07:00,
LIBRARY_STAGING,DBT_CROGERS,STG_PORTAL_CKA_OPEN_DATA_SA_19F13722DD__PLACES,VIEW,,,2026-07-30 11:57:00.488000-07:00,2026-07-30 11:57:00.810000-07:00,
LIBRARY_STAGING,DBT_CROGERS,STG_PORTAL_CKA_OPEN_DATA_SA_1C37EE3869__PLACES,VIEW,,,2026-07-30 11:57:00.500000-07:00,2026-07-30 11:57:00.848000-07:00,
LIBRARY_STAGING,DBT_CROGERS,STG_PORTAL_CKA_OPEN_DATA_SA_1C37EE3869__RECORDS,VIEW,,,2026-07-06 07:04:01.488000-07:00,2026-07-06 07:04:02.449000-07:00,
LIBRARY_STAGING,DBT_CROGERS,STG_PORTAL_CKA_OPEN_DATA_SA_1E2348F9B1__PLACES,VIEW,,,2026-07-30 11:57:02.597000-07:00,2026-07-30 11:57:02.879000-07:00,
LIBRARY_STAGING,DBT_CROGERS,STG_PORTAL_CKA_OPEN_DATA_SA_1F87A7AE2D__PLACES,VIEW,,,2026-07-30 11:57:02.586000-07:00,2026-07-30 11:57:02.911000-07:00,
LIBRARY_STAGING,DBT_CROGERS,STG_PORTAL_CKA_OPEN_DATA_SA_2C667A6FC6__PLACES,VIEW,,,2026-07-30 11:57:03.443000-07:00,2026-07-30 11:57:03.771000-07:00,
LIBRARY_STAGING,DBT_CROGERS,STG_PORTAL_CKA_OPEN_DATA_SA_2F8287A9CB__PLACES,VIEW,,,2026-07-30 11:57:03.497000-07:00,2026-07-30 11:57:03.799000-07:00,
LIBRARY_STAGING,DBT_CROGERS,STG_PORTAL_CKA_OPEN_DATA_SA_2FCD3AEFD6__PLACES,VIEW,,,2026-07-30 11:57:06.096000-07:00,2026-07-30 11:57:06.524000-07:00,
LIBRARY_STAGING,DBT_CROGERS,STG_PORTAL_CKA_OPEN_DATA_SA_2FCD3AEFD6__RECORDS,VIEW,,,2026-07-06 07:04:03.072000-07:00,2026-07-06 07:04:03.325000-07:00,
LIBRARY_STAGING,DBT_CROGERS,STG_PORTAL_CKA_OPEN_DATA_SA_320C4DFDB2__PLACES,VIEW,,,2026-07-30 11:57:06.153000-07:00,2026-07-30 11:57:06.515000-07:00,
LIBRARY_STAGING,DBT_CROGERS,STG_PORTAL_CKA_OPEN_DATA_SA_3769BB8138__PLACES,VIEW,,,2026-07-30 11:57:06.304000-07:00,2026-07-30 11:57:06.607000-07:00,
LIBRARY_STAGING,DBT_CROGERS,STG_PORTAL_CKA_OPEN_DATA_SA_38DF78BD6D__PLACES,VIEW,,,2026-07-30 11:57:07.486000-07:00,2026-07-30 11:57:07.768000-07:00,
LIBRARY_STAGING,DBT_CROGERS,STG_PORTAL_CKA_OPEN_DATA_SA_3B9CCBCFD0__PLACES,VIEW,,,2026-07-30 11:57:09.223000-07:00,2026-07-30 11:57:09.580000-07:00,
LIBRARY_STAGING,DBT_CROGERS,STG_PORTAL_CKA_OPEN_DATA_SA_424E5A26F3__PLACES,VIEW,,,2026-07-30 11:57:09.214000-07:00,2026-07-30 11:57:09.568000-07:00,
LIBRARY_STAGING,DBT_CROGERS,STG_PORTAL_CKA_OPEN_DATA_SA_46BF1ABBC1__PLACES,VIEW,,,2026-07-30 11:57:09.203000-07:00,2026-07-30 11:57:09.545000-07:00,
LIBRARY_STAGING,DBT_CROGERS,STG_PORTAL_CKA_OPEN_DATA_SA_581DE3800B__PLACES,VIEW,,,2026-07-30 11:57:10.333000-07:00,2026-07-30 11:57:10.593000-07:00,
LIBRARY_STAGING,DBT_CROGERS,STG_PORTAL_CKA_OPEN_DATA_SA_58B0401C9A__PLACES,VIEW,,,2026-07-30 11:57:12.211000-07:00,2026-07-30 11:57:12.597000-07:00,
LIBRARY_STAGING,DBT_CROGERS,STG_PORTAL_CKA_OPEN_DATA_SA_5B3CE659E5__RECORDS,VIEW,,,2026-07-30 11:57:12.230000-07:00,2026-07-30 11:57:12.573000-07:00,
LIBRARY_STAGING,DBT_CROGERS,STG_PORTAL_CKA_OPEN_DATA_SA_61F8B1C981__PLACES,VIEW,,,2026-07-30 11:57:12.245000-07:00,2026-07-30 11:57:12.547000-07:00,
LIBRARY_STAGING,DBT_CROGERS,STG_PORTAL_CKA_OPEN_DATA_SA_6891C6FCC4__PLACES,VIEW,,,2026-07-30 11:57:13.249000-07:00,2026-07-30 11:57:13.614000-07:00,
LIBRARY_STAGING,DBT_CROGERS,STG_PORTAL_CKA_OPEN_DATA_SA_68BCB9DDA1__PLACES,VIEW,,,2026-07-30 11:57:15.097000-07:00,2026-07-30 11:57:15.438000-07:00,
LIBRARY_STAGING,DBT_CROGERS,STG_PORTAL_CKA_OPEN_DATA_SA_726064391E__PLACES,VIEW,,,2026-07-30 11:57:15.267000-07:00,2026-07-30 11:57:15.630000-07:00,
LIBRARY_STAGING,DBT_CROGERS,STG_PORTAL_CKA_OPEN_DATA_SA_7659B16D25__PLACES,VIEW,,,2026-07-30 11:57:15.252000-07:00,2026-07-30 11:57:15.572000-07:00,
LIBRARY_STAGING,DBT_CROGERS,STG_PORTAL_CKA_OPEN_DATA_SA_87C271A71E__PLACES,VIEW,,,2026-07-30 11:57:16.290000-07:00,2026-07-30 11:57:16.626000-07:00,
LIBRARY_STAGING,DBT_CROGERS,STG_PORTAL_CKA_OPEN_DATA_SA_9548772C45__PLACES,VIEW,,,2026-07-30 11:57:18.049000-07:00,2026-07-30 11:57:18.353000-07:00,
LIBRARY_STAGING,DBT_CROGERS,STG_PORTAL_CKA_OPEN_DATA_SA_9770EB9EBD__PLACES,VIEW,,,2026-07-30 11:57:18.179000-07:00,2026-07-30 11:57:18.479000-07:00,
LIBRARY_STAGING,DBT_CROGERS,STG_PORTAL_CKA_OPEN_DATA_SA_98D226A574__PLACES,VIEW,,,2026-07-30 11:57:18.204000-07:00,2026-07-30 11:57:18.491000-07:00,
LIBRARY_STAGING,DBT_CROGERS,STG_PORTAL_CKA_OPEN_DATA_SA_9C302CA0AB__PLACES,VIEW,,,2026-07-30 11:57:19.198000-07:00,2026-07-30 11:57:19.518000-07:00,
LIBRARY_STAGING,DBT_CROGERS,STG_PORTAL_CKA_OPEN_DATA_SA_9DCA88D285__PLACES,VIEW,,,2026-07-30 11:57:20.893000-07:00,2026-07-30 11:57:21.231000-07:00,
LIBRARY_STAGING,DBT_CROGERS,STG_PORTAL_CKA_OPEN_DATA_SA_9DCA88D285__RECORDS,VIEW,,,2026-07-06 07:04:07.558000-07:00,2026-07-06 07:04:07.832000-07:00,
LIBRARY_STAGING,DBT_CROGERS,STG_PORTAL_CKA_OPEN_DATA_SA_A8EF161189__PLACES,VIEW,,,2026-07-30 11:57:21.050000-07:00,2026-07-30 11:57:21.345000-07:00,
LIBRARY_STAGING,DBT_CROGERS,STG_PORTAL_CKA_OPEN_DATA_SA_A8EF161189__RECORDS,VIEW,,,2026-07-06 07:04:07.591000-07:00,2026-07-06 07:04:07.842000-07:00,
LIBRARY_STAGING,DBT_CROGERS,STG_PORTAL_CKA_OPEN_DATA_SA_AD9A53047C__PLACES,VIEW,,,2026-07-30 11:57:21.111000-07:00,2026-07-30 11:57:21.365000-07:00,
LIBRARY_STAGING,DBT_CROGERS,STG_PORTAL_CKA_OPEN_DATA_SA_AFE18E40AF__PLACES,VIEW,,,2026-07-30 11:57:22.045000-07:00,2026-07-30 11:57:22.330000-07:00,
LIBRARY_STAGING,DBT_CROGERS,STG_PORTAL_CKA_OPEN_DATA_SA_B9860A2DE3__PLACES,VIEW,,,2026-07-30 11:57:23.775000-07:00,2026-07-30 11:57:24.178000-07:00,
LIBRARY_STAGING,DBT_CROGERS,STG_PORTAL_CKA_OPEN_DATA_SA_C12D73F01D__PLACES,VIEW,,,2026-07-30 11:57:23.972000-07:00,2026-07-30 11:57:24.254000-07:00,
LIBRARY_STAGING,DBT_CROGERS,STG_PORTAL_CKA_OPEN_DATA_SA_C589D75D2F__PLACES,VIEW,,,2026-07-30 11:57:24.014000-07:00,2026-07-30 11:57:24.379000-07:00,
LIBRARY_STAGING,DBT_CROGERS,STG_PORTAL_CKA_OPEN_DATA_SA_C7CF87B213__PLACES,VIEW,,,2026-07-30 11:57:24.898000-07:00,2026-07-30 11:57:25.269000-07:00,
LIBRARY_STAGING,DBT_CROGERS,STG_PORTAL_CKA_OPEN_DATA_SA_CC35A6D7FA__PLACES,VIEW,,,2026-07-30 11:57:26.839000-07:00,2026-07-30 11:57:27.190000-07:00,
LIBRARY_STAGING,DBT_CROGERS,STG_PORTAL_CKA_OPEN_DATA_SA_CE75F7FDDE__PLACES,VIEW,,,2026-07-30 11:57:26.846000-07:00,2026-07-30 11:57:27.190000-07:00,
LIBRARY_STAGING,DBT_CROGERS,STG_PORTAL_CKA_OPEN_DATA_SA_CEB607964A__PLACES,VIEW,,,2026-07-30 11:57:27.506000-07:00,2026-07-30 11:57:27.804000-07:00,
LIBRARY_STAGING,DBT_CROGERS,STG_PORTAL_CKA_OPEN_DATA_SA_D06A042788__PLACES,VIEW,,,2026-07-30 11:57:27.864000-07:00,2026-07-30 11:57:28.274000-07:00,
LIBRARY_STAGING,DBT_CROGERS,STG_PORTAL_CKA_OPEN_DATA_SA_D4BC1D6201__PLACES,VIEW,,,2026-07-30 11:57:29.807000-07:00,2026-07-30 11:57:30.104000-07:00,
LIBRARY_STAGING,DBT_CROGERS,STG_PORTAL_CKA_OPEN_DATA_SA_D770780EEB__PLACES,VIEW,,,2026-07-30 11:57:29.820000-07:00,2026-07-30 11:57:30.209000-07:00,
LIBRARY_STAGING,DBT_CROGERS,STG_PORTAL_CKA_OPEN_DATA_SA_DC31E10278__PLACES,VIEW,,,2026-07-30 11:57:30.352000-07:00,2026-07-30 11:57:30.687000-07:00,
LIBRARY_STAGING,DBT_CROGERS,STG_PORTAL_CKA_OPEN_DATA_SA_DD50C64C64__PLACES,VIEW,,,2026-07-30 11:57:30.782000-07:00,2026-07-30 11:57:31.130000-07:00,
LIBRARY_STAGING,DBT_CROGERS,STG_PORTAL_CKA_OPEN_DATA_SA_E078D81651__PLACES,VIEW,,,2026-07-30 11:57:32.720000-07:00,2026-07-30 11:57:33.156000-07:00,
LIBRARY_STAGING,DBT_CROGERS,STG_PORTAL_CKA_OPEN_DATA_SA_E2B711DB0F__PLACES,VIEW,,,2026-07-30 11:57:32.823000-07:00,2026-07-30 11:57:33.180000-07:00,
LIBRARY_STAGING,DBT_CROGERS,STG_PORTAL_CKA_OPEN_DATA_SA_E6366CDFC9__PLACES,VIEW,,,2026-07-30 11:57:33.262000-07:00,2026-07-30 11:57:33.632000-07:00,
LIBRARY_STAGING,DBT_CROGERS,STG_PORTAL_CKA_OPEN_DATA_SA_E8025ED747__PLACES,VIEW,,,2026-07-30 11:57:33.775000-07:00,2026-07-30 11:57:34.096000-07:00,
LIBRARY_STAGING,DBT_CROGERS,STG_PORTAL_CKA_OPEN_DATA_SA_E83E833A45__PLACES,VIEW,,,2026-07-30 11:57:35.774000-07:00,2026-07-30 11:57:36.172000-07:00,
LIBRARY_STAGING,DBT_CROGERS,STG_PORTAL_CKA_OPEN_DATA_SA_E846782F2C__RECORDS,VIEW,,,2026-07-30 11:57:35.832000-07:00,2026-07-30 11:57:36.208000-07:00,
LIBRARY_STAGING,DBT_CROGERS,STG_PORTAL_CKA_OPEN_DATA_SA_E8BB377538__PLACES,VIEW,,,2026-07-30 11:57:36.218000-07:00,2026-07-30 11:57:36.500000-07:00,
LIBRARY_STAGING,DBT_CROGERS,STG_PORTAL_CKA_OPEN_DATA_SA_E90902C24C__PLACES,VIEW,,,2026-07-30 11:57:36.741000-07:00,2026-07-30 11:57:37.068000-07:00,
LIBRARY_STAGING,DBT_CROGERS,STG_PORTAL_CKA_OPEN_DATA_SA_F38D25F947__PLACES,VIEW,,,2026-07-30 11:57:38.762000-07:00,2026-07-30 11:57:39.070000-07:00,
LIBRARY_STAGING,DBT_CROGERS,STG_PORTAL_CKA_OPEN_DATA_SA_FA2A7705EC__PLACES,VIEW,,,2026-07-30 11:57:38.805000-07:00,2026-07-30 11:57:39.101000-07:00,
LIBRARY_STAGING,DBT_CROGERS,STG_PORTAL_CKA_OPEN_DATA_SA_FC8F1BAE69__PLACES,VIEW,,,2026-07-30 11:57:39.018000-07:00,2026-07-30 11:57:39.264000-07:00,
LIBRARY_STAGING,DBT_CROGERS,STG_PORTAL_CKA_SAN_JOSE_OPEN_DA_00B8041D47__RECORDS,VIEW,,,2026-07-30 11:57:39.654000-07:00,2026-07-30 11:57:39.975000-07:00,
LIBRARY_STAGING,DBT_CROGERS,STG_PORTAL_CKA_SAN_JOSE_OPEN_DA_03014F9C15__PLACES,VIEW,,,2026-07-30 11:57:41.731000-07:00,2026-07-30 11:57:42.103000-07:00,
LIBRARY_STAGING,DBT_CROGERS,STG_PORTAL_CKA_SAN_JOSE_OPEN_DA_0D51EC3643__PLACES,VIEW,,,2026-07-30 11:57:41.741000-07:00,2026-07-30 11:57:42.140000-07:00,
LIBRARY_STAGING,DBT_CROGERS,STG_PORTAL_CKA_SAN_JOSE_OPEN_DA_0E84D71B5D__PLACES,VIEW,,,2026-07-30 11:57:41.905000-07:00,2026-07-30 11:57:42.287000-07:00,
LIBRARY_STAGING,DBT_CROGERS,STG_PORTAL_CKA_SAN_JOSE_OPEN_DA_131DB5B4A0__PLACES,VIEW,,,2026-07-30 11:57:42.559000-07:00,2026-07-30 11:57:43.001000-07:00,
LIBRARY_STAGING,DBT_CROGERS,STG_PORTAL_CKA_SAN_JOSE_OPEN_DA_151F8E4DBB__PLACES,VIEW,,,2026-07-30 11:57:44.686000-07:00,2026-07-30 11:57:45.058000-07:00,
LIBRARY_STAGING,DBT_CROGERS,STG_PORTAL_CKA_SAN_JOSE_OPEN_DA_17DD46EA4D__PLACES,VIEW,,,2026-07-30 11:57:44.703000-07:00,2026-07-30 11:57:45.015000-07:00,
LIBRARY_STAGING,DBT_CROGERS,STG_PORTAL_CKA_SAN_JOSE_OPEN_DA_1F745F1E15__PLACES,VIEW,,,2026-07-30 11:57:44.858000-07:00,2026-07-30 11:57:45.130000-07:00,
LIBRARY_STAGING,DBT_CROGERS,STG_PORTAL_CKA_SAN_JOSE_OPEN_DA_2789EF054E__PLACES,VIEW,,,2026-07-30 11:57:45.611000-07:00,2026-07-30 11:57:45.928000-07:00,
LIBRARY_STAGING,DBT_CROGERS,STG_PORTAL_CKA_SAN_JOSE_OPEN_DA_2A3D59095B__PLACES,VIEW,,,2026-07-30 11:57:47.671000-07:00,2026-07-30 11:57:48.058000-07:00,
LIBRARY_STAGING,DBT_CROGERS,STG_PORTAL_CKA_SAN_JOSE_OPEN_DA_2ED954C361__PLACES,VIEW,,,2026-07-30 11:57:47.682000-07:00,2026-07-30 11:57:47.983000-07:00,
LIBRARY_STAGING,DBT_CROGERS,STG_PORTAL_CKA_SAN_JOSE_OPEN_DA_390A683A1F__PLACES,VIEW,,,2026-07-30 11:57:47.890000-07:00,2026-07-30 11:57:48.158000-07:00,
LIBRARY_STAGING,DBT_CROGERS,STG_PORTAL_CKA_SAN_JOSE_OPEN_DA_4006091422__PLACES,VIEW,,,2026-07-30 11:57:48.489000-07:00,2026-07-30 11:57:48.783000-07:00,
LIBRARY_STAGING,DBT_CROGERS,STG_PORTAL_CKA_SAN_JOSE_OPEN_DA_4B62EE3E47__PLACES,VIEW,,,2026-07-30 11:57:51.230000-07:00,2026-07-30 11:57:51.552000-07:00,
LIBRARY_STAGING,DBT_CROGERS,STG_PORTAL_CKA_SAN_JOSE_OPEN_DA_5635D41E74__PLACES,VIEW,,,2026-07-30 11:57:51.288000-07:00,2026-07-30 11:57:51.625000-07:00,
LIBRARY_STAGING,DBT_CROGERS,STG_PORTAL_CKA_SAN_JOSE_OPEN_DA_5A544B8D01__PLACES,VIEW,,,2026-07-30 11:57:51.303000-07:00,2026-07-30 11:57:51.645000-07:00,
LIBRARY_STAGING,DBT_CROGERS,STG_PORTAL_CKA_SAN_JOSE_OPEN_DA_5B443A0101__PLACES,VIEW,,,2026-07-30 11:57:51.365000-07:00,2026-07-30 11:57:51.706000-07:00,
LIBRARY_STAGING,DBT_CROGERS,STG_PORTAL_CKA_SAN_JOSE_OPEN_DA_5ED011D868__PLACES,VIEW,,,2026-07-30 11:57:54.149000-07:00,2026-07-30 11:57:54.467000-07:00,
LIBRARY_STAGING,DBT_CROGERS,STG_PORTAL_CKA_SAN_JOSE_OPEN_DA_788CBD21B2__PLACES,VIEW,,,2026-07-30 11:57:54.398000-07:00,2026-07-30 11:57:54.782000-07:00,
LIBRARY_STAGING,DBT_CROGERS,STG_PORTAL_CKA_SAN_JOSE_OPEN_DA_794F17EBE2__PLACES,VIEW,,,2026-07-30 11:57:54.403000-07:00,2026-07-30 11:57:54.725000-07:00,
LIBRARY_STAGING,DBT_CROGERS,STG_PORTAL_CKA_SAN_JOSE_OPEN_DA_7B1A49B2AC__PLACES,VIEW,,,2026-07-30 11:57:54.401000-07:00,2026-07-30 11:57:54.684000-07:00,
LIBRARY_STAGING,DBT_CROGERS,STG_PORTAL_CKA_SAN_JOSE_OPEN_DA_804D7561A2__PLACES,VIEW,,,2026-07-30 11:57:57.033000-07:00,2026-07-30 11:57:57.328000-07:00,
LIBRARY_STAGING,DBT_CROGERS,STG_PORTAL_CKA_SAN_JOSE_OPEN_DA_846214A7C0__PLACES,VIEW,,,2026-07-30 11:57:57.241000-07:00,2026-07-30 11:57:57.555000-07:00,
LIBRARY_STAGING,DBT_CROGERS,STG_PORTAL_CKA_SAN_JOSE_OPEN_DA_876760587A__PLACES,VIEW,,,2026-07-30 11:57:57.281000-07:00,2026-07-30 11:57:57.570000-07:00,
LIBRARY_STAGING,DBT_CROGERS,STG_PORTAL_CKA_SAN_JOSE_OPEN_DA_8AE30C65DE__PLACES,VIEW,,,2026-07-30 11:57:57.350000-07:00,2026-07-30 11:57:57.638000-07:00,
LIBRARY_STAGING,DBT_CROGERS,STG_PORTAL_CKA_SAN_JOSE_OPEN_DA_8BC8CD595B__PLACES,VIEW,,,2026-07-30 11:57:59.903000-07:00,2026-07-30 11:58:00.220000-07:00,
LIBRARY_STAGING,DBT_CROGERS,STG_PORTAL_CKA_SAN_JOSE_OPEN_DA_98849B65EE__PLACES,VIEW,,,2026-07-30 11:58:00.106000-07:00,2026-07-30 11:58:00.453000-07:00,
LIBRARY_STAGING,DBT_CROGERS,STG_PORTAL_CKA_SAN_JOSE_OPEN_DA_98849B65EE__RECORDS,VIEW,,,2026-07-06 07:04:19.639000-07:00,2026-07-06 07:04:19.927000-07:00,
LIBRARY_STAGING,DBT_CROGERS,STG_PORTAL_CKA_SAN_JOSE_OPEN_DA_9BCCE40A0F__PLACES,VIEW,,,2026-07-30 11:58:00.170000-07:00,2026-07-30 11:58:00.483000-07:00,
LIBRARY_STAGING,DBT_CROGERS,STG_PORTAL_CKA_SAN_JOSE_OPEN_DA_9E83620979__PLACES,VIEW,,,2026-07-30 11:58:00.199000-07:00,2026-07-30 11:58:00.471000-07:00,
LIBRARY_STAGING,DBT_CROGERS,STG_PORTAL_CKA_SAN_JOSE_OPEN_DA_9EB7D97238__PLACES,VIEW,,,2026-07-30 11:58:02.846000-07:00,2026-07-30 11:58:03.238000-07:00,
LIBRARY_STAGING,DBT_CROGERS,STG_PORTAL_CKA_SAN_JOSE_OPEN_DA_9F5FD1969E__PLACES,VIEW,,,2026-07-30 11:58:03.070000-07:00,2026-07-30 11:58:03.372000-07:00,
LIBRARY_STAGING,DBT_CROGERS,STG_PORTAL_CKA_SAN_JOSE_OPEN_DA_A02C259ACB__PLACES,VIEW,,,2026-07-30 11:58:03.096000-07:00,2026-07-30 11:58:03.416000-07:00,
LIBRARY_STAGING,DBT_CROGERS,STG_PORTAL_CKA_SAN_JOSE_OPEN_DA_A1A1E9BA90__PLACES,VIEW,,,2026-07-30 11:58:03.147000-07:00,2026-07-30 11:58:03.517000-07:00,
LIBRARY_STAGING,DBT_CROGERS,STG_PORTAL_CKA_SAN_JOSE_OPEN_DA_A52D30D858__PLACES,VIEW,,,2026-07-30 11:58:05.844000-07:00,2026-07-30 11:58:06.163000-07:00,
LIBRARY_STAGING,DBT_CROGERS,STG_PORTAL_CKA_SAN_JOSE_OPEN_DA_AD9C79B3A8__PLACES,VIEW,,,2026-07-30 11:58:05.993000-07:00,2026-07-30 11:58:06.401000-07:00,
LIBRARY_STAGING,DBT_CROGERS,STG_PORTAL_CKA_SAN_JOSE_OPEN_DA_B00393D49E__PLACES,VIEW,,,2026-07-30 11:58:06.054000-07:00,2026-07-30 11:58:06.345000-07:00,
LIBRARY_STAGING,DBT_CROGERS,STG_PORTAL_CKA_SAN_JOSE_OPEN_DA_B374FEDA3D__PLACES,VIEW,,,2026-07-30 11:58:06.585000-07:00,2026-07-30 11:58:06.952000-07:00,
LIBRARY_STAGING,DBT_CROGERS,STG_PORTAL_CKA_SAN_JOSE_OPEN_DA_B5470E08FD__PLACES,VIEW,,,2026-07-30 11:58:08.752000-07:00,2026-07-30 11:58:09.001000-07:00,
LIBRARY_STAGING,DBT_CROGERS,STG_PORTAL_CKA_SAN_JOSE_OPEN_DA_B6D7CBC686__PLACES,VIEW,,,2026-07-30 11:58:08.939000-07:00,2026-07-30 11:58:09.231000-07:00,
LIBRARY_STAGING,DBT_CROGERS,STG_PORTAL_CKA_SAN_JOSE_OPEN_DA_B7879EDE0F__PLACES,VIEW,,,2026-07-30 11:58:08.947000-07:00,2026-07-30 11:58:09.229000-07:00,
LIBRARY_STAGING,DBT_CROGERS,STG_PORTAL_CKA_SAN_JOSE_OPEN_DA_BA17CFEAEF__PLACES,VIEW,,,2026-07-30 11:58:09.490000-07:00,2026-07-30 11:58:09.769000-07:00,
LIBRARY_STAGING,DBT_CROGERS,STG_PORTAL_CKA_SAN_JOSE_OPEN_DA_CC6148CB20__PLACES,VIEW,,,2026-07-30 11:58:11.579000-07:00,2026-07-30 11:58:11.935000-07:00,
LIBRARY_STAGING,DBT_CROGERS,STG_PORTAL_CKA_SAN_JOSE_OPEN_DA_CF566B299B__PLACES,VIEW,,,2026-07-30 11:58:11.778000-07:00,2026-07-30 11:58:12.043000-07:00,
LIBRARY_STAGING,DBT_CROGERS,STG_PORTAL_CKA_SAN_JOSE_OPEN_DA_D8576CBEB1__PLACES,VIEW,,,2026-07-30 11:58:12.470000-07:00,2026-07-30 11:58:12.793000-07:00,
LIBRARY_STAGING,DBT_CROGERS,STG_PORTAL_CKA_SAN_JOSE_OPEN_DA_D86291AAB8__PLACES,VIEW,,,2026-07-30 11:58:12.490000-07:00,2026-07-30 11:58:12.815000-07:00,
LIBRARY_STAGING,DBT_CROGERS,STG_PORTAL_CKA_SAN_JOSE_OPEN_DA_DA9D21318D__PLACES,VIEW,,,2026-07-30 11:58:14.482000-07:00,2026-07-30 11:58:15.167000-07:00,
LIBRARY_STAGING,DBT_CROGERS,STG_PORTAL_CKA_SAN_JOSE_OPEN_DA_E2D21C0535__PLACES,VIEW,,,2026-07-30 11:58:14.583000-07:00,2026-07-30 11:58:14.940000-07:00,
LIBRARY_STAGING,DBT_CROGERS,STG_PORTAL_CKA_SAN_JOSE_OPEN_DA_E2E136DBE8__PLACES,VIEW,,,2026-07-30 11:58:15.420000-07:00,2026-07-30 11:58:15.813000-07:00,
LIBRARY_STAGING,DBT_CROGERS,STG_PORTAL_CKA_SAN_JOSE_OPEN_DA_E55BABFE84__PLACES,VIEW,,,2026-07-30 11:58:15.454000-07:00,2026-07-30 11:58:15.753000-07:00,
LIBRARY_STAGING,DBT_CROGERS,STG_PORTAL_CKA_SAN_JOSE_OPEN_DA_E5E353E19D__PLACES,VIEW,,,2026-07-30 11:58:17.488000-07:00,2026-07-30 11:58:17.769000-07:00,
LIBRARY_STAGING,DBT_CROGERS,STG_PORTAL_CKA_SAN_JOSE_OPEN_DA_F1D1BDD645__PLACES,VIEW,,,2026-07-30 11:58:17.692000-07:00,2026-07-30 11:58:17.971000-07:00,
LIBRARY_STAGING,DBT_CROGERS,STG_PORTAL_CKA_SAN_JOSE_OPEN_DA_F8C410BB6B__PLACES,VIEW,,,2026-07-30 11:58:18.411000-07:00,2026-07-30 11:58:18.765000-07:00,
LIBRARY_STAGING,DBT_CROGERS,STG_PORTAL_CKA_SAN_JOSE_OPEN_DA_FAAD5A2133__PLACES,VIEW,,,2026-07-30 11:58:18.419000-07:00,2026-07-30 11:58:18.758000-07:00,
LIBRARY_STAGING,DBT_CROGERS,STG_PORTAL_CKA_TAMPA_OPEN_DATA_044202D137__RECORDS,VIEW,,,2026-07-30 11:58:20.356000-07:00,2026-07-30 11:58:20.670000-07:00,
LIBRARY_STAGING,DBT_CROGERS,STG_PORTAL_CKA_TAMPA_OPEN_DATA_06C9CC7276__RECORDS,VIEW,,,2026-07-30 11:58:20.540000-07:00,2026-07-30 11:58:20.866000-07:00,
LIBRARY_STAGING,DBT_CROGERS,STG_PORTAL_CKA_TAMPA_OPEN_DATA_18B980D54D__RECORDS,VIEW,,,2026-07-30 11:58:21.387000-07:00,2026-07-30 11:58:21.719000-07:00,
LIBRARY_STAGING,DBT_CROGERS,STG_PORTAL_CKA_TAMPA_OPEN_DATA_2FF7BA4861__RECORDS,VIEW,,,2026-07-30 11:58:21.399000-07:00,2026-07-30 11:58:21.737000-07:00,
LIBRARY_STAGING,DBT_CROGERS,STG_PORTAL_CKA_TAMPA_OPEN_DATA_31262C6D5A__RECORDS,VIEW,,,2026-07-30 11:58:23.237000-07:00,2026-07-30 11:58:23.545000-07:00,
LIBRARY_STAGING,DBT_CROGERS,STG_PORTAL_CKA_TAMPA_OPEN_DATA_33F54DB74C__RECORDS,VIEW,,,2026-07-30 11:58:23.397000-07:00,2026-07-30 11:58:23.685000-07:00,
LIBRARY_STAGING,DBT_CROGERS,STG_PORTAL_CKA_TAMPA_OPEN_DATA_35B3415BB7__RECORDS,VIEW,,,2026-07-30 11:58:24.330000-07:00,2026-07-30 11:58:24.882000-07:00,
LIBRARY_STAGING,DBT_CROGERS,STG_PORTAL_CKA_TAMPA_OPEN_DATA_39C5B89D70__RECORDS,VIEW,,,2026-07-30 11:58:24.357000-07:00,2026-07-30 11:58:24.660000-07:00,
LIBRARY_STAGING,DBT_CROGERS,STG_PORTAL_CKA_TAMPA_OPEN_DATA_3AA5C05B7D__RECORDS,VIEW,,,2026-07-30 11:58:26.506000-07:00,2026-07-30 11:58:26.803000-07:00,
LIBRARY_STAGING,DBT_CROGERS,STG_PORTAL_CKA_TAMPA_OPEN_DATA_456EC0ADDB__RECORDS,VIEW,,,2026-07-30 11:58:26.618000-07:00,2026-07-30 11:58:26.883000-07:00,
LIBRARY_STAGING,DBT_CROGERS,STG_PORTAL_CKA_TAMPA_OPEN_DATA_485B900D71__RECORDS,VIEW,,,2026-07-30 11:58:27.215000-07:00,2026-07-30 11:58:27.543000-07:00,
LIBRARY_STAGING,DBT_CROGERS,STG_PORTAL_CKA_TAMPA_OPEN_DATA_662D0D6BCB__RECORDS,VIEW,,,2026-07-30 11:58:27.417000-07:00,2026-07-30 11:58:27.693000-07:00,
LIBRARY_STAGING,DBT_CROGERS,STG_PORTAL_CKA_TAMPA_OPEN_DATA_6A2B19FD67__RECORDS,VIEW,,,2026-07-30 11:58:29.336000-07:00,2026-07-30 11:58:29.844000-07:00,
LIBRARY_STAGING,DBT_CROGERS,STG_PORTAL_CKA_TAMPA_OPEN_DATA_6C25EA91D4__RECORDS,VIEW,,,2026-07-30 11:58:29.399000-07:00,2026-07-30 11:58:29.788000-07:00,
LIBRARY_STAGING,DBT_CROGERS,STG_PORTAL_CKA_TAMPA_OPEN_DATA_7B31B708C9__RECORDS,VIEW,,,2026-07-30 11:58:30.089000-07:00,2026-07-30 11:58:30.388000-07:00,
LIBRARY_STAGING,DBT_CROGERS,STG_PORTAL_CKA_TAMPA_OPEN_DATA_8B7716D270__RECORDS,VIEW,,,2026-07-30 11:58:30.279000-07:00,2026-07-30 11:58:30.560000-07:00,
LIBRARY_STAGING,DBT_CROGERS,STG_PORTAL_CKA_TAMPA_OPEN_DATA_9909AA9ED8__RECORDS,VIEW,,,2026-07-30 11:58:32.314000-07:00,2026-07-30 11:58:32.668000-07:00,
LIBRARY_STAGING,DBT_CROGERS,STG_PORTAL_CKA_TAMPA_OPEN_DATA_A61789D619__RECORDS,VIEW,,,2026-07-30 11:58:32.434000-07:00,2026-07-30 11:58:32.789000-07:00,
LIBRARY_STAGING,DBT_CROGERS,STG_PORTAL_CKA_TAMPA_OPEN_DATA_C8043A5DF9__RECORDS,VIEW,,,2026-07-30 11:58:32.939000-07:00,2026-07-30 11:58:33.239000-07:00,
LIBRARY_STAGING,DBT_CROGERS,STG_PORTAL_CKA_TAMPA_OPEN_DATA_DDBAF3B966__RECORDS,VIEW,,,2026-07-30 11:58:33.090000-07:00,2026-07-30 11:58:33.391000-07:00,
LIBRARY_STAGING,DBT_CROGERS,STG_PORTAL_CKA_TAMPA_OPEN_DATA_E00E42A7E9__RECORDS,VIEW,,,2026-07-30 11:58:35.978000-07:00,2026-07-30 11:58:36.283000-07:00,
LIBRARY_STAGING,DBT_CROGERS,STG_PORTAL_CKA_TAMPA_OPEN_DATA_E290DD0B04__RECORDS,VIEW,,,2026-07-30 11:58:35.892000-07:00,2026-07-30 11:58:36.175000-07:00,
LIBRARY_STAGING,DBT_CROGERS,STG_PORTAL_CKA_TAMPA_OPEN_DATA_E589C6750A__RECORDS,VIEW,,,2026-07-30 11:58:35.885000-07:00,2026-07-30 11:58:36.177000-07:00,
LIBRARY_STAGING,DBT_CROGERS,STG_PORTAL_CKA_TAMPA_OPEN_DATA_EAEE1E870C__RECORDS,VIEW,,,2026-07-30 11:58:36-07:00,2026-07-30 11:58:36.330000-07:00,
LIBRARY_STAGING,DBT_CROGERS,STG_PORTAL_CKA_VIRGINIA_OPEN_DA_039AACD655__RECORDS,VIEW,,,2026-07-30 11:58:38.824000-07:00,2026-07-30 11:58:39.252000-07:00,
LIBRARY_STAGING,DBT_CROGERS,STG_PORTAL_CKA_VIRGINIA_OPEN_DA_11B79485F6__RECORDS,VIEW,,,2026-07-30 11:58:38.789000-07:00,2026-07-30 11:58:39.113000-07:00,
LIBRARY_STAGING,DBT_CROGERS,STG_PORTAL_CKA_VIRGINIA_OPEN_DA_1D39BDEC50__RECORDS,VIEW,,,2026-07-30 11:58:38.860000-07:00,2026-07-30 11:58:39.177000-07:00,
LIBRARY_STAGING,DBT_CROGERS,STG_PORTAL_CKA_VIRGINIA_OPEN_DA_3BB10A6097__PLACES,VIEW,,,2026-07-30 11:58:38.895000-07:00,2026-07-30 11:58:39.190000-07:00,
LIBRARY_STAGING,DBT_CROGERS,STG_PORTAL_CKA_VIRGINIA_OPEN_DA_3E67A117FB__PLACES,VIEW,,,2026-07-30 11:58:41.677000-07:00,2026-07-30 11:58:41.954000-07:00,
LIBRARY_STAGING,DBT_CROGERS,STG_PORTAL_CKA_VIRGINIA_OPEN_DA_3E67A117FB__RECORDS,VIEW,,,2026-07-06 07:04:31.893000-07:00,2026-07-06 07:04:32.169000-07:00,
LIBRARY_STAGING,DBT_CROGERS,STG_PORTAL_CKA_VIRGINIA_OPEN_DA_58CF45D167__PLACES,VIEW,,,2026-07-30 11:58:41.813000-07:00,2026-07-30 11:58:42.106000-07:00,
LIBRARY_STAGING,DBT_CROGERS,STG_PORTAL_CKA_VIRGINIA_OPEN_DA_651C0C423A__PLACES,VIEW,,,2026-07-30 11:58:41.812000-07:00,2026-07-30 11:58:42.120000-07:00,
LIBRARY_STAGING,DBT_CROGERS,STG_PORTAL_CKA_VIRGINIA_OPEN_DA_651C0C423A__RECORDS,VIEW,,,2026-07-06 07:04:32.444000-07:00,2026-07-06 07:04:32.719000-07:00,
LIBRARY_STAGING,DBT_CROGERS,STG_PORTAL_CKA_VIRGINIA_OPEN_DA_6973FD2BA7__PLACES,VIEW,,,2026-07-30 11:58:41.829000-07:00,2026-07-30 11:58:42.145000-07:00,
LIBRARY_STAGING,DBT_CROGERS,STG_PORTAL_CKA_VIRGINIA_OPEN_DA_77706D86DA__RECORDS,VIEW,,,2026-07-30 11:58:44.514000-07:00,2026-07-30 11:58:44.974000-07:00,
LIBRARY_STAGING,DBT_CROGERS,STG_PORTAL_CKA_VIRGINIA_OPEN_DA_97AD4BC66C__RECORDS,VIEW,,,2026-07-30 11:58:44.767000-07:00,2026-07-30 11:58:45.059000-07:00,
LIBRARY_STAGING,DBT_CROGERS,STG_PORTAL_CKA_VIRGINIA_OPEN_DA_AC3869EE0E__RECORDS,VIEW,,,2026-07-30 11:58:44.780000-07:00,2026-07-30 11:58:45.122000-07:00,
LIBRARY_STAGING,DBT_CROGERS,STG_PORTAL_CKA_VIRGINIA_OPEN_DA_ACE8AC0352__RECORDS,VIEW,,,2026-07-30 11:58:44.780000-07:00,2026-07-30 11:58:45.061000-07:00,
LIBRARY_STAGING,DBT_CROGERS,STG_PORTAL_CKA_VIRGINIA_OPEN_DA_AE7DCCB05B__RECORDS,VIEW,,,2026-07-30 11:58:47.600000-07:00,2026-07-30 11:58:47.940000-07:00,
LIBRARY_STAGING,DBT_CROGERS,STG_PORTAL_CKA_VIRGINIA_OPEN_DA_CBC7FE8B75__PLACES,VIEW,,,2026-07-30 11:58:47.718000-07:00,2026-07-30 11:58:47.953000-07:00,
LIBRARY_STAGING,DBT_CROGERS,STG_PORTAL_CKA_VIRGINIA_OPEN_DA_CBC7FE8B75__RECORDS,VIEW,,,2026-07-06 07:04:33.778000-07:00,2026-07-06 07:04:34.056000-07:00,
LIBRARY_STAGING,DBT_CROGERS,STG_PORTAL_CKA_VIRGINIA_OPEN_DA_E4498C978C__PLACES,VIEW,,,2026-07-05 19:55:48.191000-07:00,2026-07-05 19:55:48.407000-07:00,
LIBRARY_STAGING,DBT_CROGERS,STG_PORTAL_CKA_VIRGINIA_OPEN_DA_E4498C978C__RECORDS,VIEW,,,2026-07-30 11:58:47.711000-07:00,2026-07-30 11:58:47.983000-07:00,
LIBRARY_STAGING,DBT_CROGERS,STG_PORTAL_CKA_VIRGINIA_OPEN_DA_F40C1F2ECE__PLACES,VIEW,,,2026-07-30 11:58:47.732000-07:00,2026-07-30 11:58:48.028000-07:00,
LIBRARY_STAGING,DBT_CROGERS,STG_PORTAL_CKA_VIRGINIA_OPEN_DA_F4FC6168EA__PLACES,VIEW,,,2026-07-30 11:58:50.607000-07:00,2026-07-30 11:58:50.934000-07:00,
LIBRARY_STAGING,DBT_CROGERS,STG_PORTAL_CKA_VIRGINIA_OPEN_DA_FC2228A15B__PLACES,VIEW,,,2026-07-30 11:58:50.649000-07:00,2026-07-30 11:58:50.909000-07:00,
LIBRARY_STAGING,DBT_CROGERS,STG_PORTAL_CKA_WESTERN_PENNSYLV_00FF03B195__PLACES,VIEW,,,2026-07-30 11:58:50.681000-07:00,2026-07-30 11:58:50.912000-07:00,
LIBRARY_STAGING,DBT_CROGERS,STG_PORTAL_CKA_WESTERN_PENNSYLV_010A1B6275__PLACES,VIEW,,,2026-07-30 11:58:50.648000-07:00,2026-07-30 11:58:50.895000-07:00,
LIBRARY_STAGING,DBT_CROGERS,STG_PORTAL_CKA_WESTERN_PENNSYLV_03AB547ADB__PLACES,VIEW,,,2026-07-30 11:58:53.492000-07:00,2026-07-30 11:58:53.879000-07:00,
LIBRARY_STAGING,DBT_CROGERS,STG_PORTAL_CKA_WESTERN_PENNSYLV_0562C5DEA2__PLACES,VIEW,,,2026-07-30 11:58:53.749000-07:00,2026-07-30 11:58:54.044000-07:00,
LIBRARY_STAGING,DBT_CROGERS,STG_PORTAL_CKA_WESTERN_PENNSYLV_070A16004D__PLACES,VIEW,,,2026-07-30 11:58:53.842000-07:00,2026-07-30 11:58:54.152000-07:00,
LIBRARY_STAGING,DBT_CROGERS,STG_PORTAL_CKA_WESTERN_PENNSYLV_070A16004D__RECORDS,VIEW,,,2026-07-06 07:04:35.609000-07:00,2026-07-06 07:04:35.951000-07:00,
LIBRARY_STAGING,DBT_CROGERS,STG_PORTAL_CKA_WESTERN_PENNSYLV_07EAF6E647__PLACES,VIEW,,,2026-07-30 11:58:53.818000-07:00,2026-07-30 11:58:54.120000-07:00,
LIBRARY_STAGING,DBT_CROGERS,STG_PORTAL_CKA_WESTERN_PENNSYLV_092B06E590__PLACES,VIEW,,,2026-07-30 11:58:56.411000-07:00,2026-07-30 11:58:56.764000-07:00,
LIBRARY_STAGING,DBT_CROGERS,STG_PORTAL_CKA_WESTERN_PENNSYLV_09335A764B__RECORDS,VIEW,,,2026-07-30 11:58:56.619000-07:00,2026-07-30 11:58:56.966000-07:00,
LIBRARY_STAGING,DBT_CROGERS,STG_PORTAL_CKA_WESTERN_PENNSYLV_098BD87FF5__PLACES,VIEW,,,2026-07-30 11:58:57.312000-07:00,2026-07-30 11:58:57.609000-07:00,
LIBRARY_STAGING,DBT_CROGERS,STG_PORTAL_CKA_WESTERN_PENNSYLV_0AC79B8EBA__PLACES,VIEW,,,2026-07-30 11:58:57.319000-07:00,2026-07-30 11:58:57.607000-07:00,
LIBRARY_STAGING,DBT_CROGERS,STG_PORTAL_CKA_WESTERN_PENNSYLV_0AF7431C6C__FACILITIES,VIEW,,,2026-07-30 11:58:59.444000-07:00,2026-07-30 11:58:59.785000-07:00,
LIBRARY_STAGING,DBT_CROGERS,STG_PORTAL_CKA_WESTERN_PENNSYLV_0C27C4AA90__PLACES,VIEW,,,2026-07-30 11:58:59.582000-07:00,2026-07-30 11:58:59.951000-07:00,
LIBRARY_STAGING,DBT_CROGERS,STG_PORTAL_CKA_WESTERN_PENNSYLV_0C63C07381__PLACES,VIEW,,,2026-07-30 11:59:00.225000-07:00,2026-07-30 11:59:00.529000-07:00,
LIBRARY_STAGING,DBT_CROGERS,STG_PORTAL_CKA_WESTERN_PENNSYLV_0DD7796234__PLACES,VIEW,,,2026-07-30 11:59:00.268000-07:00,2026-07-30 11:59:00.537000-07:00,
LIBRARY_STAGING,DBT_CROGERS,STG_PORTAL_CKA_WESTERN_PENNSYLV_10C3E0C017__PLACES,VIEW,,,2026-07-30 11:59:02.384000-07:00,2026-07-30 11:59:02.712000-07:00,
LIBRARY_STAGING,DBT_CROGERS,STG_PORTAL_CKA_WESTERN_PENNSYLV_11AEBE4994__PLACES,VIEW,,,2026-07-30 11:59:02.516000-07:00,2026-07-30 11:59:02.813000-07:00,
LIBRARY_STAGING,DBT_CROGERS,STG_PORTAL_CKA_WESTERN_PENNSYLV_13793ABC24__PLACES,VIEW,,,2026-07-30 11:59:03.184000-07:00,2026-07-30 11:59:03.581000-07:00,
LIBRARY_STAGING,DBT_CROGERS,STG_PORTAL_CKA_WESTERN_PENNSYLV_1430ABA184__PLACES,VIEW,,,2026-07-30 11:59:03.188000-07:00,2026-07-30 11:59:03.533000-07:00,
LIBRARY_STAGING,DBT_CROGERS,STG_PORTAL_CKA_WESTERN_PENNSYLV_152133D5ED__RECORDS,VIEW,,,2026-07-30 11:59:05.325000-07:00,2026-07-30 11:59:05.726000-07:00,
LIBRARY_STAGING,DBT_CROGERS,STG_PORTAL_CKA_WESTERN_PENNSYLV_1629502C35__PLACES,VIEW,,,2026-07-30 11:59:05.375000-07:00,2026-07-30 11:59:05.682000-07:00,
LIBRARY_STAGING,DBT_CROGERS,STG_PORTAL_CKA_WESTERN_PENNSYLV_1A89F1526C__PLACES,VIEW,,,2026-07-30 11:59:06.127000-07:00,2026-07-30 11:59:06.536000-07:00,
LIBRARY_STAGING,DBT_CROGERS,STG_PORTAL_CKA_WESTERN_PENNSYLV_20C6FC6029__RECORDS,VIEW,,,2026-07-30 11:59:06.227000-07:00,2026-07-30 11:59:06.527000-07:00,
LIBRARY_STAGING,DBT_CROGERS,STG_PORTAL_CKA_WESTERN_PENNSYLV_20E1A330CE__PLACES,VIEW,,,2026-07-05 19:55:53.015000-07:00,2026-07-05 19:55:53.211000-07:00,
LIBRARY_STAGING,DBT_CROGERS,STG_PORTAL_CKA_WESTERN_PENNSYLV_20E1A330CE__RECORDS,VIEW,,,2026-07-30 11:59:08.321000-07:00,2026-07-30 11:59:08.677000-07:00,
LIBRARY_STAGING,DBT_CROGERS,STG_PORTAL_CKA_WESTERN_PENNSYLV_22BDD189F5__PLACES,VIEW,,,2026-07-30 11:59:08.369000-07:00,2026-07-30 11:59:08.684000-07:00,
LIBRARY_STAGING,DBT_CROGERS,STG_PORTAL_CKA_WESTERN_PENNSYLV_23B8B5B7D2__PLACES,VIEW,,,2026-07-30 11:59:09.219000-07:00,2026-07-30 11:59:09.614000-07:00,
LIBRARY_STAGING,DBT_CROGERS,STG_PORTAL_CKA_WESTERN_PENNSYLV_23B8B5B7D2__RECORDS,VIEW,,,2026-07-06 07:04:40.419000-07:00,2026-07-06 07:04:40.764000-07:00,
LIBRARY_STAGING,DBT_CROGERS,STG_PORTAL_CKA_WESTERN_PENNSYLV_257FFC7619__PLACES,VIEW,,,2026-07-30 11:59:09.159000-07:00,2026-07-30 11:59:09.540000-07:00,
LIBRARY_STAGING,DBT_CROGERS,STG_PORTAL_CKA_WESTERN_PENNSYLV_26239EF185__PLACES,VIEW,,,2026-07-30 11:59:11.321000-07:00,2026-07-30 11:59:11.701000-07:00,
LIBRARY_STAGING,DBT_CROGERS,STG_PORTAL_CKA_WESTERN_PENNSYLV_26625D455C__PLACES,VIEW,,,2026-07-30 11:59:11.327000-07:00,2026-07-30 11:59:11.765000-07:00,
LIBRARY_STAGING,DBT_CROGERS,STG_PORTAL_CKA_WESTERN_PENNSYLV_2A3B161975__PLACES,VIEW,,,2026-07-30 11:59:12.085000-07:00,2026-07-30 11:59:12.421000-07:00,
LIBRARY_STAGING,DBT_CROGERS,STG_PORTAL_CKA_WESTERN_PENNSYLV_2A71C11D68__PLACES,VIEW,,,2026-07-30 11:59:12.210000-07:00,2026-07-30 11:59:12.515000-07:00,
LIBRARY_STAGING,DBT_CROGERS,STG_PORTAL_CKA_WESTERN_PENNSYLV_2C3871611D__PLACES,VIEW,,,2026-07-30 11:59:14.247000-07:00,2026-07-30 11:59:14.573000-07:00,
LIBRARY_STAGING,DBT_CROGERS,STG_PORTAL_CKA_WESTERN_PENNSYLV_2CFAAEA4FD__PLACES,VIEW,,,2026-07-30 11:59:14.271000-07:00,2026-07-30 11:59:14.607000-07:00,
LIBRARY_STAGING,DBT_CROGERS,STG_PORTAL_CKA_WESTERN_PENNSYLV_2DCBF2873B__PLACES,VIEW,,,2026-07-30 11:59:14.930000-07:00,2026-07-30 11:59:15.318000-07:00,
LIBRARY_STAGING,DBT_CROGERS,STG_PORTAL_CKA_WESTERN_PENNSYLV_2DFC1ADDEA__PLACES,VIEW,,,2026-07-30 11:59:15.179000-07:00,2026-07-30 11:59:15.610000-07:00,
LIBRARY_STAGING,DBT_CROGERS,STG_PORTAL_CKA_WESTERN_PENNSYLV_2DFC1ADDEA__RECORDS,VIEW,,,2026-07-06 07:04:42.459000-07:00,2026-07-06 07:04:42.736000-07:00,
LIBRARY_STAGING,DBT_CROGERS,STG_PORTAL_CKA_WESTERN_PENNSYLV_305157E72F__PLACES,VIEW,,,2026-07-30 11:59:17.226000-07:00,2026-07-30 11:59:17.639000-07:00,
LIBRARY_STAGING,DBT_CROGERS,STG_PORTAL_CKA_WESTERN_PENNSYLV_321A6575F3__PLACES,VIEW,,,2026-07-30 11:59:17.247000-07:00,2026-07-30 11:59:17.596000-07:00,
LIBRARY_STAGING,DBT_CROGERS,STG_PORTAL_CKA_WESTERN_PENNSYLV_36A8032A4C__PLACES,VIEW,,,2026-07-30 11:59:17.949000-07:00,2026-07-30 11:59:18.254000-07:00,
LIBRARY_STAGING,DBT_CROGERS,STG_PORTAL_CKA_WESTERN_PENNSYLV_372D1987DB__PLACES,VIEW,,,2026-07-30 11:59:18.207000-07:00,2026-07-30 11:59:18.604000-07:00,
LIBRARY_STAGING,DBT_CROGERS,STG_PORTAL_CKA_WESTERN_PENNSYLV_38ABDAEC9D__PLACES,VIEW,,,2026-07-30 11:59:20.755000-07:00,2026-07-30 11:59:21.116000-07:00,
LIBRARY_STAGING,DBT_CROGERS,STG_PORTAL_CKA_WESTERN_PENNSYLV_3986161420__PLACES,VIEW,,,2026-07-30 11:59:20.769000-07:00,2026-07-30 11:59:21.111000-07:00,
LIBRARY_STAGING,DBT_CROGERS,STG_PORTAL_CKA_WESTERN_PENNSYLV_3E5A14A8A0__PLACES,VIEW,,,2026-07-30 11:59:20.905000-07:00,2026-07-30 11:59:21.278000-07:00,
LIBRARY_STAGING,DBT_CROGERS,STG_PORTAL_CKA_WESTERN_PENNSYLV_440A699A5B__PLACES,VIEW,,,2026-07-30 11:59:21.189000-07:00,2026-07-30 11:59:21.508000-07:00,
LIBRARY_STAGING,DBT_CROGERS,STG_PORTAL_CKA_WESTERN_PENNSYLV_49FAB204AA__PLACES,VIEW,,,2026-07-30 11:59:23.783000-07:00,2026-07-30 11:59:24.146000-07:00,
LIBRARY_STAGING,DBT_CROGERS,STG_PORTAL_CKA_WESTERN_PENNSYLV_4A48DEDEFA__PLACES,VIEW,,,2026-07-30 11:59:23.738000-07:00,2026-07-30 11:59:24.075000-07:00,
LIBRARY_STAGING,DBT_CROGERS,STG_PORTAL_CKA_WESTERN_PENNSYLV_4C0F4E6C6C__PLACES,VIEW,,,2026-07-30 11:59:23.860000-07:00,2026-07-30 11:59:24.213000-07:00,
LIBRARY_STAGING,DBT_CROGERS,STG_PORTAL_CKA_WESTERN_PENNSYLV_4D90100824__PLACES,VIEW,,,2026-07-30 11:59:24.076000-07:00,2026-07-30 11:59:24.398000-07:00,
LIBRARY_STAGING,DBT_CROGERS,STG_PORTAL_CKA_WESTERN_PENNSYLV_4E5C66124A__PLACES,VIEW,,,2026-07-30 11:59:26.731000-07:00,2026-07-30 11:59:27.155000-07:00,
LIBRARY_STAGING,DBT_CROGERS,STG_PORTAL_CKA_WESTERN_PENNSYLV_4E9F15E555__PLACES,VIEW,,,2026-07-30 11:59:26.708000-07:00,2026-07-30 11:59:27.108000-07:00,
LIBRARY_STAGING,DBT_CROGERS,STG_PORTAL_CKA_WESTERN_PENNSYLV_4FC22C2C30__PLACES,VIEW,,,2026-07-30 11:59:26.780000-07:00,2026-07-30 11:59:27.160000-07:00,
LIBRARY_STAGING,DBT_CROGERS,STG_PORTAL_CKA_WESTERN_PENNSYLV_4FC22C2C30__RECORDS,VIEW,,,2026-07-06 07:04:46.333000-07:00,2026-07-06 07:04:46.588000-07:00,
LIBRARY_STAGING,DBT_CROGERS,STG_PORTAL_CKA_WESTERN_PENNSYLV_51B8DCF278__PLACES,VIEW,,,2026-07-30 11:59:26.967000-07:00,2026-07-30 11:59:27.248000-07:00,
LIBRARY_STAGING,DBT_CROGERS,STG_PORTAL_CKA_WESTERN_PENNSYLV_51B8DCF278__RECORDS,VIEW,,,2026-07-06 07:04:46.373000-07:00,2026-07-06 07:04:46.669000-07:00,
LIBRARY_STAGING,DBT_CROGERS,STG_PORTAL_CKA_WESTERN_PENNSYLV_55B456C408__PLACES,VIEW,,,2026-07-30 11:59:29.839000-07:00,2026-07-30 11:59:30.195000-07:00,
LIBRARY_STAGING,DBT_CROGERS,STG_PORTAL_CKA_WESTERN_PENNSYLV_5A83580B83__PLACES,VIEW,,,2026-07-30 11:59:29.840000-07:00,2026-07-30 11:59:30.195000-07:00,
LIBRARY_STAGING,DBT_CROGERS,STG_PORTAL_CKA_WESTERN_PENNSYLV_5B3C7AE148__PLACES,VIEW,,,2026-07-30 11:59:29.846000-07:00,2026-07-30 11:59:30.200000-07:00,
LIBRARY_STAGING,DBT_CROGERS,STG_PORTAL_CKA_WESTERN_PENNSYLV_5C36BF1B9F__PLACES,VIEW,,,2026-07-30 11:59:29.885000-07:00,2026-07-30 11:59:30.326000-07:00,
LIBRARY_STAGING,DBT_CROGERS,STG_PORTAL_CKA_WESTERN_PENNSYLV_6271EB297F__PLACES,VIEW,,,2026-07-30 11:59:32.884000-07:00,2026-07-30 11:59:33.290000-07:00,
LIBRARY_STAGING,DBT_CROGERS,STG_PORTAL_CKA_WESTERN_PENNSYLV_645F59A90F__PLACES,VIEW,,,2026-07-30 11:59:32.885000-07:00,2026-07-30 11:59:33.280000-07:00,
LIBRARY_STAGING,DBT_CROGERS,STG_PORTAL_CKA_WESTERN_PENNSYLV_654E0B3182__PLACES,VIEW,,,2026-07-30 11:59:32.888000-07:00,2026-07-30 11:59:33.280000-07:00,
LIBRARY_STAGING,DBT_CROGERS,STG_PORTAL_CKA_WESTERN_PENNSYLV_68A8A0027A__PLACES,VIEW,,,2026-07-30 11:59:32.956000-07:00,2026-07-30 11:59:33.318000-07:00,
LIBRARY_STAGING,DBT_CROGERS,STG_PORTAL_CKA_WESTERN_PENNSYLV_69C80C6F70__PLACES,VIEW,,,2026-07-30 11:59:36.097000-07:00,2026-07-30 11:59:36.428000-07:00,
LIBRARY_STAGING,DBT_CROGERS,STG_PORTAL_CKA_WESTERN_PENNSYLV_6A4C3E0E78__RECORDS,VIEW,,,2026-07-30 11:59:36.169000-07:00,2026-07-30 11:59:36.536000-07:00,
LIBRARY_STAGING,DBT_CROGERS,STG_PORTAL_CKA_WESTERN_PENNSYLV_6D76BCB39C__PLACES,VIEW,,,2026-07-30 11:59:36.066000-07:00,2026-07-30 11:59:36.434000-07:00,
LIBRARY_STAGING,DBT_CROGERS,STG_PORTAL_CKA_WESTERN_PENNSYLV_6DC9E5D03F__PLACES,VIEW,,,2026-07-30 11:59:36.125000-07:00,2026-07-30 11:59:36.415000-07:00,
LIBRARY_STAGING,DBT_CROGERS,STG_PORTAL_CKA_WESTERN_PENNSYLV_6EA0259598__PLACES,VIEW,,,2026-07-30 11:59:39.078000-07:00,2026-07-30 11:59:39.420000-07:00,
LIBRARY_STAGING,DBT_CROGERS,STG_PORTAL_CKA_WESTERN_PENNSYLV_72F70A0697__PLACES,VIEW,,,2026-07-30 11:59:39.146000-07:00,2026-07-30 11:59:39.423000-07:00,
LIBRARY_STAGING,DBT_CROGERS,STG_PORTAL_CKA_WESTERN_PENNSYLV_769BEBAE41__RECORDS,VIEW,,,2026-07-30 11:59:39.150000-07:00,2026-07-30 11:59:39.450000-07:00,
LIBRARY_STAGING,DBT_CROGERS,STG_PORTAL_CKA_WESTERN_PENNSYLV_7880B791DF__PLACES,VIEW,,,2026-07-30 11:59:39.173000-07:00,2026-07-30 11:59:39.451000-07:00,
LIBRARY_STAGING,DBT_CROGERS,STG_PORTAL_CKA_WESTERN_PENNSYLV_7AC49E7444__PLACES,VIEW,,,2026-07-30 11:59:42.096000-07:00,2026-07-30 11:59:42.356000-07:00,
LIBRARY_STAGING,DBT_CROGERS,STG_PORTAL_CKA_WESTERN_PENNSYLV_7BFB1A4C7D__RECORDS,VIEW,,,2026-07-30 11:59:42.057000-07:00,2026-07-30 11:59:42.365000-07:00,
LIBRARY_STAGING,DBT_CROGERS,STG_PORTAL_CKA_WESTERN_PENNSYLV_7D8C19B074__RECORDS,VIEW,,,2026-07-30 11:59:42.695000-07:00,2026-07-30 11:59:42.990000-07:00,
LIBRARY_STAGING,DBT_CROGERS,STG_PORTAL_CKA_WESTERN_PENNSYLV_82D49E467F__PLACES,VIEW,,,2026-07-30 11:59:42.695000-07:00,2026-07-30 11:59:42.986000-07:00,
LIBRARY_STAGING,DBT_CROGERS,STG_PORTAL_CKA_WESTERN_PENNSYLV_8863985427__PLACES,VIEW,,,2026-07-30 11:59:44.960000-07:00,2026-07-30 11:59:45.311000-07:00,
LIBRARY_STAGING,DBT_CROGERS,STG_PORTAL_CKA_WESTERN_PENNSYLV_8A08B89D4D__PLACES,VIEW,,,2026-07-30 11:59:44.959000-07:00,2026-07-30 11:59:45.230000-07:00,
LIBRARY_STAGING,DBT_CROGERS,STG_PORTAL_CKA_WESTERN_PENNSYLV_8B35A60C42__PLACES,VIEW,,,2026-07-30 11:59:45.565000-07:00,2026-07-30 11:59:45.906000-07:00,
LIBRARY_STAGING,DBT_CROGERS,STG_PORTAL_CKA_WESTERN_PENNSYLV_8B4D96292C__PLACES,VIEW,,,2026-07-30 11:59:45.550000-07:00,2026-07-30 11:59:45.909000-07:00,
LIBRARY_STAGING,DBT_CROGERS,STG_PORTAL_CKA_WESTERN_PENNSYLV_90A0A8B740__RECORDS,VIEW,,,2026-07-30 11:59:47.838000-07:00,2026-07-30 11:59:48.200000-07:00,
LIBRARY_STAGING,DBT_CROGERS,STG_PORTAL_CKA_WESTERN_PENNSYLV_90C8EE5E0C__PLACES,VIEW,,,2026-07-30 11:59:47.854000-07:00,2026-07-30 11:59:48.239000-07:00,
LIBRARY_STAGING,DBT_CROGERS,STG_PORTAL_CKA_WESTERN_PENNSYLV_93F5DF3D76__PLACES,VIEW,,,2026-07-30 11:59:48.521000-07:00,2026-07-30 11:59:48.856000-07:00,
LIBRARY_STAGING,DBT_CROGERS,STG_PORTAL_CKA_WESTERN_PENNSYLV_9B3EC4ABB9__PLACES,VIEW,,,2026-07-30 11:59:48.529000-07:00,2026-07-30 11:59:48.927000-07:00,
LIBRARY_STAGING,DBT_CROGERS,STG_PORTAL_CKA_WESTERN_PENNSYLV_9EF4C60F58__RECORDS,VIEW,,,2026-07-30 11:59:50.832000-07:00,2026-07-30 11:59:51.132000-07:00,
LIBRARY_STAGING,DBT_CROGERS,STG_PORTAL_CKA_WESTERN_PENNSYLV_A28434A3C7__PLACES,VIEW,,,2026-07-30 11:59:50.817000-07:00,2026-07-30 11:59:51.063000-07:00,
LIBRARY_STAGING,DBT_CROGERS,STG_PORTAL_CKA_WESTERN_PENNSYLV_A3608CE8E0__PLACES,VIEW,,,2026-07-30 11:59:51.428000-07:00,2026-07-30 11:59:51.753000-07:00,
LIBRARY_STAGING,DBT_CROGERS,STG_PORTAL_CKA_WESTERN_PENNSYLV_A3B7349811__RECORDS,VIEW,,,2026-07-30 11:59:51.512000-07:00,2026-07-30 11:59:51.918000-07:00,
LIBRARY_STAGING,DBT_CROGERS,STG_PORTAL_CKA_WESTERN_PENNSYLV_AAD84A1F6E__RECORDS,VIEW,,,2026-07-30 11:59:53.768000-07:00,2026-07-30 11:59:54.129000-07:00,
LIBRARY_STAGING,DBT_CROGERS,STG_PORTAL_CKA_WESTERN_PENNSYLV_AB591E1D68__PLACES,VIEW,,,2026-07-30 11:59:53.781000-07:00,2026-07-30 11:59:54.122000-07:00,
LIBRARY_STAGING,DBT_CROGERS,STG_PORTAL_CKA_WESTERN_PENNSYLV_ABE01A0035__PLACES,VIEW,,,2026-07-30 11:59:54.306000-07:00,2026-07-30 11:59:54.672000-07:00,
LIBRARY_STAGING,DBT_CROGERS,STG_PORTAL_CKA_WESTERN_PENNSYLV_ACAC6B8FEC__PLACES,VIEW,,,2026-07-30 11:59:54.684000-07:00,2026-07-30 11:59:54.998000-07:00,
LIBRARY_STAGING,DBT_CROGERS,STG_PORTAL_CKA_WESTERN_PENNSYLV_AD0D8250DF__PLACES,VIEW,,,2026-07-30 11:59:56.723000-07:00,2026-07-30 11:59:56.993000-07:00,
LIBRARY_STAGING,DBT_CROGERS,STG_PORTAL_CKA_WESTERN_PENNSYLV_B25E480DFC__ASSETS,VIEW,,,2026-07-30 11:59:56.730000-07:00,2026-07-30 11:59:57.083000-07:00,
LIBRARY_STAGING,DBT_CROGERS,STG_PORTAL_CKA_WESTERN_PENNSYLV_B98322D4CC__PLACES,VIEW,,,2026-07-30 11:59:57.232000-07:00,2026-07-30 11:59:57.544000-07:00,
LIBRARY_STAGING,DBT_CROGERS,STG_PORTAL_CKA_WESTERN_PENNSYLV_BCBE92C64C__PLACES,VIEW,,,2026-07-30 11:59:57.537000-07:00,2026-07-30 11:59:57.868000-07:00,
LIBRARY_STAGING,DBT_CROGERS,STG_PORTAL_CKA_WESTERN_PENNSYLV_BDEB900523__PLACES,VIEW,,,2026-07-30 11:59:59.629000-07:00,2026-07-30 12:00:00.012000-07:00,
LIBRARY_STAGING,DBT_CROGERS,STG_PORTAL_CKA_WESTERN_PENNSYLV_BFEE19F210__PLACES,VIEW,,,2026-07-30 11:59:59.655000-07:00,2026-07-30 11:59:59.986000-07:00,
LIBRARY_STAGING,DBT_CROGERS,STG_PORTAL_CKA_WESTERN_PENNSYLV_C458F119B1__PLACES,VIEW,,,2026-07-30 12:00:00.110000-07:00,2026-07-30 12:00:00.457000-07:00,
LIBRARY_STAGING,DBT_CROGERS,STG_PORTAL_CKA_WESTERN_PENNSYLV_C7339FBA3B__RECORDS,VIEW,,,2026-07-30 12:00:00.423000-07:00,2026-07-30 12:00:00.878000-07:00,
LIBRARY_STAGING,DBT_CROGERS,STG_PORTAL_CKA_WESTERN_PENNSYLV_C87FA1C650__PLACES,VIEW,,,2026-07-30 12:00:02.661000-07:00,2026-07-30 12:00:03.069000-07:00,
LIBRARY_STAGING,DBT_CROGERS,STG_PORTAL_CKA_WESTERN_PENNSYLV_D179E603D1__PLACES,VIEW,,,2026-07-30 12:00:02.657000-07:00,2026-07-30 12:00:03.096000-07:00,
LIBRARY_STAGING,DBT_CROGERS,STG_PORTAL_CKA_WESTERN_PENNSYLV_D7DA51769C__RECORDS,VIEW,,,2026-07-30 12:00:03.064000-07:00,2026-07-30 12:00:03.443000-07:00,
LIBRARY_STAGING,DBT_CROGERS,STG_PORTAL_CKA_WESTERN_PENNSYLV_DDB61776D0__RECORDS,VIEW,,,2026-07-30 12:00:03.474000-07:00,2026-07-30 12:00:03.824000-07:00,
LIBRARY_STAGING,DBT_CROGERS,STG_PORTAL_CKA_WESTERN_PENNSYLV_E91E8047AA__PLACES,VIEW,,,2026-07-30 12:00:06.351000-07:00,2026-07-30 12:00:06.647000-07:00,
LIBRARY_STAGING,DBT_CROGERS,STG_PORTAL_CKA_WESTERN_PENNSYLV_EAC54ADE9A__PLACES,VIEW,,,2026-07-30 12:00:06.334000-07:00,2026-07-30 12:00:06.659000-07:00,
LIBRARY_STAGING,DBT_CROGERS,STG_PORTAL_CKA_WESTERN_PENNSYLV_ED65B530A3__PLACES,VIEW,,,2026-07-30 12:00:06.344000-07:00,2026-07-30 12:00:06.743000-07:00,
LIBRARY_STAGING,DBT_CROGERS,STG_PORTAL_CKA_WESTERN_PENNSYLV_ED65B530A3__RECORDS,VIEW,,,2026-07-06 07:04:58.166000-07:00,2026-07-06 07:04:58.931000-07:00,
LIBRARY_STAGING,DBT_CROGERS,STG_PORTAL_CKA_WESTERN_PENNSYLV_EED8A7BFA0__PLACES,VIEW,,,2026-07-30 12:00:06.455000-07:00,2026-07-30 12:00:06.840000-07:00,
LIBRARY_STAGING,DBT_CROGERS,STG_PORTAL_CKA_WESTERN_PENNSYLV_EF682F7E59__RECORDS,VIEW,,,2026-07-30 12:00:09.403000-07:00,2026-07-30 12:00:09.852000-07:00,
LIBRARY_STAGING,DBT_CROGERS,STG_PORTAL_CKA_WESTERN_PENNSYLV_F1DA76157B__PLACES,VIEW,,,2026-07-30 12:00:09.424000-07:00,2026-07-30 12:00:09.787000-07:00,
LIBRARY_STAGING,DBT_CROGERS,STG_PORTAL_CKA_WESTERN_PENNSYLV_F25943DE2B__PLACES,VIEW,,,2026-07-30 12:00:09.380000-07:00,2026-07-30 12:00:09.713000-07:00,
LIBRARY_STAGING,DBT_CROGERS,STG_PORTAL_CKA_WESTERN_PENNSYLV_F37C7E01BF__PLACES,VIEW,,,2026-07-30 12:00:09.494000-07:00,2026-07-30 12:00:09.849000-07:00,
LIBRARY_STAGING,DBT_CROGERS,STG_PORTAL_CKA_WESTERN_PENNSYLV_F5E7848C24__PLACES,VIEW,,,2026-07-30 12:00:12.369000-07:00,2026-07-30 12:00:12.690000-07:00,
LIBRARY_STAGING,DBT_CROGERS,STG_PORTAL_CKA_WESTERN_PENNSYLV_F66E0E22DA__PLACES,VIEW,,,2026-07-30 12:00:12.422000-07:00,2026-07-30 12:00:12.745000-07:00,
LIBRARY_STAGING,DBT_CROGERS,STG_PORTAL_CKA_WESTERN_PENNSYLV_F6A018A1CB__RECORDS,VIEW,,,2026-07-30 12:00:12.425000-07:00,2026-07-30 12:00:12.769000-07:00,
LIBRARY_STAGING,DBT_CROGERS,STG_PORTAL_CKA_WESTERN_PENNSYLV_F810ADDEEC__PLACES,VIEW,,,2026-07-05 19:56:07.027000-07:00,2026-07-05 19:56:07.367000-07:00,
LIBRARY_STAGING,DBT_CROGERS,STG_PORTAL_CKA_WESTERN_PENNSYLV_F810ADDEEC__RECORDS,VIEW,,,2026-07-30 12:00:12.571000-07:00,2026-07-30 12:00:13.001000-07:00,
LIBRARY_STAGING,DBT_CROGERS,STG_PORTAL_CKA_WESTERN_PENNSYLV_F82E02E6B2__PLACES,VIEW,,,2026-07-05 19:56:07.126000-07:00,2026-07-05 19:56:07.365000-07:00,
LIBRARY_STAGING,DBT_CROGERS,STG_PORTAL_CKA_WESTERN_PENNSYLV_F82E02E6B2__RECORDS,VIEW,,,2026-07-30 12:00:15.316000-07:00,2026-07-30 12:00:15.737000-07:00,
LIBRARY_STAGING,DBT_CROGERS,STG_PORTAL_CKA_WESTERN_PENNSYLV_FBECF42E16__RECORDS,VIEW,,,2026-07-30 12:00:15.367000-07:00,2026-07-30 12:00:15.692000-07:00,
LIBRARY_STAGING,DBT_CROGERS,STG_PORTAL_CKA_WESTERN_PENNSYLV_FC5FF8E6DD__PLACES,VIEW,,,2026-07-30 12:00:15.468000-07:00,2026-07-30 12:00:15.774000-07:00,
LIBRARY_STAGING,DBT_CROGERS,STG_PORTAL_CKA_WESTERN_PENNSYLV_FD81B4FB82__RECORDS,VIEW,,,2026-07-30 12:00:15.584000-07:00,2026-07-30 12:00:15.903000-07:00,
LIBRARY_STAGING,DBT_CROGERS,STG_PORTAL_CKA_WESTERN_PENNSYLV_FDE38758C9__PLACES,VIEW,,,2026-07-30 12:00:18.326000-07:00,2026-07-30 12:00:18.683000-07:00,
LIBRARY_STAGING,DBT_CROGERS,STG_PORTAL_CKA_WPRDC_ALLEGHENY_024B629F91__PLACES,VIEW,,,2026-07-30 12:00:18.366000-07:00,2026-07-30 12:00:18.636000-07:00,
LIBRARY_STAGING,DBT_CROGERS,STG_PORTAL_CKA_WPRDC_ALLEGHENY_0B1BA76AC0__PLACES,VIEW,,,2026-07-30 12:00:18.371000-07:00,2026-07-30 12:00:18.717000-07:00,
LIBRARY_STAGING,DBT_CROGERS,STG_PORTAL_CKA_WPRDC_ALLEGHENY_0CD6A9957C__RECORDS,VIEW,,,2026-07-30 12:00:18.512000-07:00,2026-07-30 12:00:18.875000-07:00,
LIBRARY_STAGING,DBT_CROGERS,STG_PORTAL_CKA_WPRDC_ALLEGHENY_12C9244C06__PLACES,VIEW,,,2026-07-30 12:00:21.226000-07:00,2026-07-30 12:00:21.642000-07:00,
LIBRARY_STAGING,DBT_CROGERS,STG_PORTAL_CKA_WPRDC_ALLEGHENY_12C9244C06__RECORDS,VIEW,,,2026-07-06 07:05:03.347000-07:00,2026-07-06 07:05:03.736000-07:00,
LIBRARY_STAGING,DBT_CROGERS,STG_PORTAL_CKA_WPRDC_ALLEGHENY_16A0BB67B4__PLACES,VIEW,,,2026-07-05 19:56:08.454000-07:00,2026-07-05 19:56:08.666000-07:00,
LIBRARY_STAGING,DBT_CROGERS,STG_PORTAL_CKA_WPRDC_ALLEGHENY_16A0BB67B4__RECORDS,VIEW,,,2026-07-30 12:00:21.349000-07:00,2026-07-30 12:00:21.648000-07:00,
LIBRARY_STAGING,DBT_CROGERS,STG_PORTAL_CKA_WPRDC_ALLEGHENY_191C75508B__PLACES,VIEW,,,2026-07-30 12:00:21.395000-07:00,2026-07-30 12:00:21.691000-07:00,
LIBRARY_STAGING,DBT_CROGERS,STG_PORTAL_CKA_WPRDC_ALLEGHENY_1B2D51749E__RECORDS,VIEW,,,2026-07-30 12:00:21.520000-07:00,2026-07-30 12:00:21.910000-07:00,
LIBRARY_STAGING,DBT_CROGERS,STG_PORTAL_CKA_WPRDC_ALLEGHENY_1BA8209338__RECORDS,VIEW,,,2026-07-30 12:00:24.245000-07:00,2026-07-30 12:00:24.715000-07:00,
LIBRARY_STAGING,DBT_CROGERS,STG_PORTAL_CKA_WPRDC_ALLEGHENY_1C103EE2CD__PLACES,VIEW,,,2026-07-30 12:00:24.356000-07:00,2026-07-30 12:00:24.731000-07:00,
LIBRARY_STAGING,DBT_CROGERS,STG_PORTAL_CKA_WPRDC_ALLEGHENY_1C103EE2CD__RECORDS,VIEW,,,2026-07-06 07:05:04.601000-07:00,2026-07-06 07:05:04.905000-07:00,
LIBRARY_STAGING,DBT_CROGERS,STG_PORTAL_CKA_WPRDC_ALLEGHENY_1E2C46C189__PLACES,VIEW,,,2026-07-30 12:00:24.354000-07:00,2026-07-30 12:00:24.703000-07:00,
LIBRARY_STAGING,DBT_CROGERS,STG_PORTAL_CKA_WPRDC_ALLEGHENY_1EF371E8E0__PLACES,VIEW,,,2026-07-30 12:00:24.558000-07:00,2026-07-30 12:00:24.870000-07:00,
LIBRARY_STAGING,DBT_CROGERS,STG_PORTAL_CKA_WPRDC_ALLEGHENY_20BC27569A__PLACES,VIEW,,,2026-07-30 12:00:27.446000-07:00,2026-07-30 12:00:27.880000-07:00,
LIBRARY_STAGING,DBT_CROGERS,STG_PORTAL_CKA_WPRDC_ALLEGHENY_21287D8A95__PLACES,VIEW,,,2026-07-30 12:00:27.444000-07:00,2026-07-30 12:00:27.755000-07:00,
LIBRARY_STAGING,DBT_CROGERS,STG_PORTAL_CKA_WPRDC_ALLEGHENY_2169858E8A__PLACES,VIEW,,,2026-07-30 12:00:28.030000-07:00,2026-07-30 12:00:28.351000-07:00,
LIBRARY_STAGING,DBT_CROGERS,STG_PORTAL_CKA_WPRDC_ALLEGHENY_224873A888__PLACES,VIEW,,,2026-07-30 12:00:27.957000-07:00,2026-07-30 12:00:28.290000-07:00,
LIBRARY_STAGING,DBT_CROGERS,STG_PORTAL_CKA_WPRDC_ALLEGHENY_2361FE1E6B__PLACES,VIEW,,,2026-07-30 12:00:30.356000-07:00,2026-07-30 12:00:30.734000-07:00,
LIBRARY_STAGING,DBT_CROGERS,STG_PORTAL_CKA_WPRDC_ALLEGHENY_2525CD1BB1__PLACES,VIEW,,,2026-07-30 12:00:30.463000-07:00,2026-07-30 12:00:30.778000-07:00,
LIBRARY_STAGING,DBT_CROGERS,STG_PORTAL_CKA_WPRDC_ALLEGHENY_2C7518708C__PLACES,VIEW,,,2026-07-30 12:00:31.005000-07:00,2026-07-30 12:00:31.411000-07:00,
LIBRARY_STAGING,DBT_CROGERS,STG_PORTAL_CKA_WPRDC_ALLEGHENY_2D91E81224__PLACES,VIEW,,,2026-07-30 12:00:30.999000-07:00,2026-07-30 12:00:31.339000-07:00,
LIBRARY_STAGING,DBT_CROGERS,STG_PORTAL_CKA_WPRDC_ALLEGHENY_2DD6B565A7__PLACES,VIEW,,,2026-07-30 12:00:33.354000-07:00,2026-07-30 12:00:33.654000-07:00,
LIBRARY_STAGING,DBT_CROGERS,STG_PORTAL_CKA_WPRDC_ALLEGHENY_2E4D4F0008__PLACES,VIEW,,,2026-07-30 12:00:33.411000-07:00,2026-07-30 12:00:33.818000-07:00,
LIBRARY_STAGING,DBT_CROGERS,STG_PORTAL_CKA_WPRDC_ALLEGHENY_361CE9A809__PLACES,VIEW,,,2026-07-30 12:00:33.944000-07:00,2026-07-30 12:00:34.281000-07:00,
LIBRARY_STAGING,DBT_CROGERS,STG_PORTAL_CKA_WPRDC_ALLEGHENY_3719F1842E__PLACES,VIEW,,,2026-07-30 12:00:34.097000-07:00,2026-07-30 12:00:34.460000-07:00,
LIBRARY_STAGING,DBT_CROGERS,STG_PORTAL_CKA_WPRDC_ALLEGHENY_38DBFE9AED__PLACES,VIEW,,,2026-07-30 12:00:36.344000-07:00,2026-07-30 12:00:36.748000-07:00,
LIBRARY_STAGING,DBT_CROGERS,STG_PORTAL_CKA_WPRDC_ALLEGHENY_39AA454DDA__PLACES,VIEW,,,2026-07-30 12:00:36.427000-07:00,2026-07-30 12:00:36.731000-07:00,
LIBRARY_STAGING,DBT_CROGERS,STG_PORTAL_CKA_WPRDC_ALLEGHENY_3C29FACD4A__PLACES,VIEW,,,2026-07-30 12:00:36.923000-07:00,2026-07-30 12:00:37.244000-07:00,
LIBRARY_STAGING,DBT_CROGERS,STG_PORTAL_CKA_WPRDC_ALLEGHENY_3CED3B9382__PLACES,VIEW,,,2026-07-30 12:00:37.092000-07:00,2026-07-30 12:00:37.459000-07:00,
LIBRARY_STAGING,DBT_CROGERS,STG_PORTAL_CKA_WPRDC_ALLEGHENY_415F1FE712__RECORDS,VIEW,,,2026-07-30 12:00:39.413000-07:00,2026-07-30 12:00:39.766000-07:00,
LIBRARY_STAGING,DBT_CROGERS,STG_PORTAL_CKA_WPRDC_ALLEGHENY_4597FBDFE3__RECORDS,VIEW,,,2026-07-30 12:00:39.402000-07:00,2026-07-30 12:00:39.725000-07:00,
LIBRARY_STAGING,DBT_CROGERS,STG_PORTAL_CKA_WPRDC_ALLEGHENY_49ED6437BF__RECORDS,VIEW,,,2026-07-30 12:00:39.959000-07:00,2026-07-30 12:00:40.359000-07:00,
LIBRARY_STAGING,DBT_CROGERS,STG_PORTAL_CKA_WPRDC_ALLEGHENY_4A2424EA96__PLACES,VIEW,,,2026-07-30 12:00:40.075000-07:00,2026-07-30 12:00:40.434000-07:00,
LIBRARY_STAGING,DBT_CROGERS,STG_PORTAL_CKA_WPRDC_ALLEGHENY_4A80359B95__PLACES,VIEW,,,2026-07-30 12:00:42.304000-07:00,2026-07-30 12:00:42.646000-07:00,
LIBRARY_STAGING,DBT_CROGERS,STG_PORTAL_CKA_WPRDC_ALLEGHENY_4CE939751E__PLACES,VIEW,,,2026-07-30 12:00:42.368000-07:00,2026-07-30 12:00:42.712000-07:00,
LIBRARY_STAGING,DBT_CROGERS,STG_PORTAL_CKA_WPRDC_ALLEGHENY_4D7552BF98__PLACES,VIEW,,,2026-07-30 12:00:42.938000-07:00,2026-07-30 12:00:43.360000-07:00,
LIBRARY_STAGING,DBT_CROGERS,STG_PORTAL_CKA_WPRDC_ALLEGHENY_4E7D1F0FEA__PLACES,VIEW,,,2026-07-30 12:00:43.006000-07:00,2026-07-30 12:00:43.457000-07:00,
LIBRARY_STAGING,DBT_CROGERS,STG_PORTAL_CKA_WPRDC_ALLEGHENY_4F79FA2E0C__PLACES,VIEW,,,2026-07-30 12:00:45.222000-07:00,2026-07-30 12:00:45.578000-07:00,
LIBRARY_STAGING,DBT_CROGERS,STG_PORTAL_CKA_WPRDC_ALLEGHENY_4F981D5BB2__PLACES,VIEW,,,2026-07-30 12:00:45.324000-07:00,2026-07-30 12:00:45.665000-07:00,
LIBRARY_STAGING,DBT_CROGERS,STG_PORTAL_CKA_WPRDC_ALLEGHENY_508C030BD9__RECORDS,VIEW,,,2026-07-30 12:00:45.951000-07:00,2026-07-30 12:00:46.311000-07:00,
LIBRARY_STAGING,DBT_CROGERS,STG_PORTAL_CKA_WPRDC_ALLEGHENY_52325C950C__PLACES,VIEW,,,2026-07-30 12:00:46.085000-07:00,2026-07-30 12:00:46.425000-07:00,
LIBRARY_STAGING,DBT_CROGERS,STG_PORTAL_CKA_WPRDC_ALLEGHENY_54998E6EDA__PLACES,VIEW,,,2026-07-30 12:00:48.216000-07:00,2026-07-30 12:00:48.600000-07:00,
LIBRARY_STAGING,DBT_CROGERS,STG_PORTAL_CKA_WPRDC_ALLEGHENY_5B37A5568E__RECORDS,VIEW,,,2026-07-30 12:00:48.339000-07:00,2026-07-30 12:00:48.715000-07:00,
LIBRARY_STAGING,DBT_CROGERS,STG_PORTAL_CKA_WPRDC_ALLEGHENY_5C657EBA17__PLACES,VIEW,,,2026-07-30 12:00:48.936000-07:00,2026-07-30 12:00:49.370000-07:00,
LIBRARY_STAGING,DBT_CROGERS,STG_PORTAL_CKA_WPRDC_ALLEGHENY_5FE14C3854__PLACES,VIEW,,,2026-07-30 12:00:49.030000-07:00,2026-07-30 12:00:49.370000-07:00,
LIBRARY_STAGING,DBT_CROGERS,STG_PORTAL_CKA_WPRDC_ALLEGHENY_60987ADA0E__PLACES,VIEW,,,2026-07-30 12:00:51.806000-07:00,2026-07-30 12:00:52.169000-07:00,
LIBRARY_STAGING,DBT_CROGERS,STG_PORTAL_CKA_WPRDC_ALLEGHENY_60A2A72FFD__PLACES,VIEW,,,2026-07-30 12:00:51.838000-07:00,2026-07-30 12:00:52.215000-07:00,
LIBRARY_STAGING,DBT_CROGERS,STG_PORTAL_CKA_WPRDC_ALLEGHENY_63627B65F8__PLACES,VIEW,,,2026-07-30 12:00:52.083000-07:00,2026-07-30 12:00:52.398000-07:00,
LIBRARY_STAGING,DBT_CROGERS,STG_PORTAL_CKA_WPRDC_ALLEGHENY_680EA60076__PLACES,VIEW,,,2026-07-30 12:00:52.084000-07:00,2026-07-30 12:00:52.476000-07:00,
LIBRARY_STAGING,DBT_CROGERS,STG_PORTAL_CKA_WPRDC_ALLEGHENY_692C217FC7__PLACES,VIEW,,,2026-07-05 19:56:15.021000-07:00,2026-07-05 19:56:15.362000-07:00,
LIBRARY_STAGING,DBT_CROGERS,STG_PORTAL_CKA_WPRDC_ALLEGHENY_692C217FC7__RECORDS,VIEW,,,2026-07-30 12:00:54.873000-07:00,2026-07-30 12:00:55.307000-07:00,
LIBRARY_STAGING,DBT_CROGERS,STG_PORTAL_CKA_WPRDC_ALLEGHENY_694F40A849__PLACES,VIEW,,,2026-07-30 12:00:54.946000-07:00,2026-07-30 12:00:55.264000-07:00,
LIBRARY_STAGING,DBT_CROGERS,STG_PORTAL_CKA_WPRDC_ALLEGHENY_6AC4CB010C__PLACES,VIEW,,,2026-07-30 12:00:55.105000-07:00,2026-07-30 12:00:55.402000-07:00,
LIBRARY_STAGING,DBT_CROGERS,STG_PORTAL_CKA_WPRDC_ALLEGHENY_6C8F129AE5__PLACES,VIEW,,,2026-07-30 12:00:55.172000-07:00,2026-07-30 12:00:55.511000-07:00,
LIBRARY_STAGING,DBT_CROGERS,STG_PORTAL_CKA_WPRDC_ALLEGHENY_6F406E40A6__PLACES,VIEW,,,2026-07-30 12:00:57.895000-07:00,2026-07-30 12:00:58.259000-07:00,
LIBRARY_STAGING,DBT_CROGERS,STG_PORTAL_CKA_WPRDC_ALLEGHENY_6F76317272__PLACES,VIEW,,,2026-07-30 12:00:57.892000-07:00,2026-07-30 12:00:58.328000-07:00,
LIBRARY_STAGING,DBT_CROGERS,STG_PORTAL_CKA_WPRDC_ALLEGHENY_7103930983__PLACES,VIEW,,,2026-07-30 12:00:58.025000-07:00,2026-07-30 12:00:58.369000-07:00,
LIBRARY_STAGING,DBT_CROGERS,STG_PORTAL_CKA_WPRDC_ALLEGHENY_7431E84319__PLACES,VIEW,,,2026-07-30 12:00:58.125000-07:00,2026-07-30 12:00:58.450000-07:00,
LIBRARY_STAGING,DBT_CROGERS,STG_PORTAL_CKA_WPRDC_ALLEGHENY_7583EABD41__PLACES,VIEW,,,2026-07-30 12:01:00.951000-07:00,2026-07-30 12:01:01.318000-07:00,
LIBRARY_STAGING,DBT_CROGERS,STG_PORTAL_CKA_WPRDC_ALLEGHENY_7AF23ACD2F__RECORDS,VIEW,,,2026-07-30 12:01:01.011000-07:00,2026-07-30 12:01:02.023000-07:00,
LIBRARY_STAGING,DBT_CROGERS,STG_PORTAL_CKA_WPRDC_ALLEGHENY_7B65AE0CFF__RECORDS,VIEW,,,2026-07-30 12:01:00.957000-07:00,2026-07-30 12:01:01.316000-07:00,
LIBRARY_STAGING,DBT_CROGERS,STG_PORTAL_CKA_WPRDC_ALLEGHENY_7D1A10DA58__PLACES,VIEW,,,2026-07-30 12:01:01-07:00,2026-07-30 12:01:01.318000-07:00,
LIBRARY_STAGING,DBT_CROGERS,STG_PORTAL_CKA_WPRDC_ALLEGHENY_822E5DBA4C__RECORDS,VIEW,,,2026-07-30 12:01:04.030000-07:00,2026-07-30 12:01:04.402000-07:00,
LIBRARY_STAGING,DBT_CROGERS,STG_PORTAL_CKA_WPRDC_ALLEGHENY_86091A7F3E__PLACES,VIEW,,,2026-07-30 12:01:04.142000-07:00,2026-07-30 12:01:04.500000-07:00,
LIBRARY_STAGING,DBT_CROGERS,STG_PORTAL_CKA_WPRDC_ALLEGHENY_860ECA7188__PLACES,VIEW,,,2026-07-30 12:01:04.508000-07:00,2026-07-30 12:01:04.893000-07:00,
LIBRARY_STAGING,DBT_CROGERS,STG_PORTAL_CKA_WPRDC_ALLEGHENY_8777C10D3A__PLACES,VIEW,,,2026-07-30 12:01:04.666000-07:00,2026-07-30 12:01:05.038000-07:00,
LIBRARY_STAGING,DBT_CROGERS,STG_PORTAL_CKA_WPRDC_ALLEGHENY_8AFE5E2497__PLACES,VIEW,,,2026-07-30 12:01:06.999000-07:00,2026-07-30 12:01:07.353000-07:00,
LIBRARY_STAGING,DBT_CROGERS,STG_PORTAL_CKA_WPRDC_ALLEGHENY_8E6BDE379C__PLACES,VIEW,,,2026-07-30 12:01:07.066000-07:00,2026-07-30 12:01:07.448000-07:00,
LIBRARY_STAGING,DBT_CROGERS,STG_PORTAL_CKA_WPRDC_ALLEGHENY_916D2D00A4__PLACES,VIEW,,,2026-07-30 12:01:07.516000-07:00,2026-07-30 12:01:07.862000-07:00,
LIBRARY_STAGING,DBT_CROGERS,STG_PORTAL_CKA_WPRDC_ALLEGHENY_91FAE70B2D__PLACES,VIEW,,,2026-07-30 12:01:07.736000-07:00,2026-07-30 12:01:08.036000-07:00,
LIBRARY_STAGING,DBT_CROGERS,STG_PORTAL_CKA_WPRDC_ALLEGHENY_97A64BA0A6__PLACES,VIEW,,,2026-07-30 12:01:09.937000-07:00,2026-07-30 12:01:10.394000-07:00,
LIBRARY_STAGING,DBT_CROGERS,STG_PORTAL_CKA_WPRDC_ALLEGHENY_982637B35D__PLACES,VIEW,,,2026-07-30 12:01:10.125000-07:00,2026-07-30 12:01:10.561000-07:00,
LIBRARY_STAGING,DBT_CROGERS,STG_PORTAL_CKA_WPRDC_ALLEGHENY_98A0E89FA3__PLACES,VIEW,,,2026-07-30 12:01:10.760000-07:00,2026-07-30 12:01:11.201000-07:00,
LIBRARY_STAGING,DBT_CROGERS,STG_PORTAL_CKA_WPRDC_ALLEGHENY_99DBBB9235__PLACES,VIEW,,,2026-07-30 12:01:11.032000-07:00,2026-07-30 12:01:11.383000-07:00,
LIBRARY_STAGING,DBT_CROGERS,STG_PORTAL_CKA_WPRDC_ALLEGHENY_9AED398C25__PLACES,VIEW,,,2026-07-30 12:01:13.159000-07:00,2026-07-30 12:01:13.506000-07:00,
LIBRARY_STAGING,DBT_CROGERS,STG_PORTAL_CKA_WPRDC_ALLEGHENY_9BB7597D03__PLACES,VIEW,,,2026-07-30 12:01:13.240000-07:00,2026-07-30 12:01:13.637000-07:00,
LIBRARY_STAGING,DBT_CROGERS,STG_PORTAL_CKA_WPRDC_ALLEGHENY_9CCBEFBACC__PLACES,VIEW,,,2026-07-30 12:01:14.530000-07:00,2026-07-30 12:01:15.034000-07:00,
LIBRARY_STAGING,DBT_CROGERS,STG_PORTAL_CKA_WPRDC_ALLEGHENY_9CCBEFBACC__RECORDS,VIEW,,,2026-07-06 07:05:20.157000-07:00,2026-07-06 07:05:20.552000-07:00,
LIBRARY_STAGING,DBT_CROGERS,STG_PORTAL_CKA_WPRDC_ALLEGHENY_A2738D79AF__PLACES,VIEW,,,2026-07-30 12:01:14.509000-07:00,2026-07-30 12:01:14.855000-07:00,
LIBRARY_STAGING,DBT_CROGERS,STG_PORTAL_CKA_WPRDC_ALLEGHENY_A4E9CE945B__PLACES,VIEW,,,2026-07-30 12:01:16.043000-07:00,2026-07-30 12:01:16.358000-07:00,
LIBRARY_STAGING,DBT_CROGERS,STG_PORTAL_CKA_WPRDC_ALLEGHENY_A4E9CE945B__RECORDS,VIEW,,,2026-07-06 07:05:20.598000-07:00,2026-07-06 07:05:20.901000-07:00,
LIBRARY_STAGING,DBT_CROGERS,STG_PORTAL_CKA_WPRDC_ALLEGHENY_A859816F95__PLACES,VIEW,,,2026-07-30 12:01:16.225000-07:00,2026-07-30 12:01:16.514000-07:00,
LIBRARY_STAGING,DBT_CROGERS,STG_PORTAL_CKA_WPRDC_ALLEGHENY_AE7030C35B__RECORDS,VIEW,,,2026-07-30 12:01:17.397000-07:00,2026-07-30 12:01:17.810000-07:00,
LIBRARY_STAGING,DBT_CROGERS,STG_PORTAL_CKA_WPRDC_ALLEGHENY_AEC3A74C1A__PLACES,VIEW,,,2026-07-30 12:01:17.570000-07:00,2026-07-30 12:01:17.874000-07:00,
LIBRARY_STAGING,DBT_CROGERS,STG_PORTAL_CKA_WPRDC_ALLEGHENY_B1E95C9745__PLACES,VIEW,,,2026-07-30 12:01:18.919000-07:00,2026-07-30 12:01:19.263000-07:00,
LIBRARY_STAGING,DBT_CROGERS,STG_PORTAL_CKA_WPRDC_ALLEGHENY_B20A13551F__RECORDS,VIEW,,,2026-07-30 12:01:19.081000-07:00,2026-07-30 12:01:19.446000-07:00,
LIBRARY_STAGING,DBT_CROGERS,STG_PORTAL_CKA_WPRDC_ALLEGHENY_B488BFAB9D__PLACES,VIEW,,,2026-07-30 12:01:20.436000-07:00,2026-07-30 12:01:20.718000-07:00,
LIBRARY_STAGING,DBT_CROGERS,STG_PORTAL_CKA_WPRDC_ALLEGHENY_B542229640__PLACES,VIEW,,,2026-07-30 12:01:20.461000-07:00,2026-07-30 12:01:20.755000-07:00,
LIBRARY_STAGING,DBT_CROGERS,STG_PORTAL_CKA_WPRDC_ALLEGHENY_B62C61BBEB__PLACES,VIEW,,,2026-07-30 12:01:21.794000-07:00,2026-07-30 12:01:22.193000-07:00,
LIBRARY_STAGING,DBT_CROGERS,STG_PORTAL_CKA_WPRDC_ALLEGHENY_B62D63F711__PLACES,VIEW,,,2026-07-30 12:01:21.967000-07:00,2026-07-30 12:01:22.330000-07:00,
LIBRARY_STAGING,DBT_CROGERS,STG_PORTAL_CKA_WPRDC_ALLEGHENY_B78655DE4F__RECORDS,VIEW,,,2026-07-30 12:01:23.278000-07:00,2026-07-30 12:01:23.628000-07:00,
LIBRARY_STAGING,DBT_CROGERS,STG_PORTAL_CKA_WPRDC_ALLEGHENY_B9904B63C2__ASSETS,VIEW,,,2026-07-30 12:01:23.366000-07:00,2026-07-30 12:01:23.746000-07:00,
LIBRARY_STAGING,DBT_CROGERS,STG_PORTAL_CKA_WPRDC_ALLEGHENY_BA28CC40B7__PLACES,VIEW,,,2026-07-30 12:01:24.766000-07:00,2026-07-30 12:01:25.100000-07:00,
LIBRARY_STAGING,DBT_CROGERS,STG_PORTAL_CKA_WPRDC_ALLEGHENY_BB0184F847__PLACES,VIEW,,,2026-07-30 12:01:24.884000-07:00,2026-07-30 12:01:25.256000-07:00,
LIBRARY_STAGING,DBT_CROGERS,STG_PORTAL_CKA_WPRDC_ALLEGHENY_BB0184F847__RECORDS,VIEW,,,2026-07-06 07:05:23.580000-07:00,2026-07-06 07:05:23.912000-07:00,
LIBRARY_STAGING,DBT_CROGERS,STG_PORTAL_CKA_WPRDC_ALLEGHENY_BB1BD78412__PLACES,VIEW,,,2026-07-30 12:01:26.202000-07:00,2026-07-30 12:01:26.527000-07:00,
LIBRARY_STAGING,DBT_CROGERS,STG_PORTAL_CKA_WPRDC_ALLEGHENY_BBB8FB534F__PLACES,VIEW,,,2026-07-30 12:01:26.364000-07:00,2026-07-30 12:01:26.695000-07:00,
LIBRARY_STAGING,DBT_CROGERS,STG_PORTAL_CKA_WPRDC_ALLEGHENY_BE3C51E436__PLACES,VIEW,,,2026-07-30 12:01:27.717000-07:00,2026-07-30 12:01:28.123000-07:00,
LIBRARY_STAGING,DBT_CROGERS,STG_PORTAL_CKA_WPRDC_ALLEGHENY_C4D59225CB__PLACES,VIEW,,,2026-07-30 12:01:27.850000-07:00,2026-07-30 12:01:28.286000-07:00,
LIBRARY_STAGING,DBT_CROGERS,STG_PORTAL_CKA_WPRDC_ALLEGHENY_C96164A13D__RECORDS,VIEW,,,2026-07-30 12:01:29.095000-07:00,2026-07-30 12:01:29.504000-07:00,
LIBRARY_STAGING,DBT_CROGERS,STG_PORTAL_CKA_WPRDC_ALLEGHENY_CC3BD4AFC2__PLACES,VIEW,,,2026-07-30 12:01:29.281000-07:00,2026-07-30 12:01:29.660000-07:00,
LIBRARY_STAGING,DBT_CROGERS,STG_PORTAL_CKA_WPRDC_ALLEGHENY_CC9BA8BED2__PLACES,VIEW,,,2026-07-30 12:01:30.710000-07:00,2026-07-30 12:01:31.083000-07:00,
LIBRARY_STAGING,DBT_CROGERS,STG_PORTAL_CKA_WPRDC_ALLEGHENY_CDA9E537DC__RECORDS,VIEW,,,2026-07-30 12:01:30.808000-07:00,2026-07-30 12:01:31.140000-07:00,
LIBRARY_STAGING,DBT_CROGERS,STG_PORTAL_CKA_WPRDC_ALLEGHENY_CE7A2694FC__PLACES,VIEW,,,2026-07-30 12:01:32.106000-07:00,2026-07-30 12:01:32.458000-07:00,
LIBRARY_STAGING,DBT_CROGERS,STG_PORTAL_CKA_WPRDC_ALLEGHENY_CE7A2694FC__RECORDS,VIEW,,,2026-07-06 07:05:25.435000-07:00,2026-07-06 07:05:25.719000-07:00,
LIBRARY_STAGING,DBT_CROGERS,STG_PORTAL_CKA_WPRDC_ALLEGHENY_D35AD4550A__PLACES,VIEW,,,2026-07-30 12:01:32.251000-07:00,2026-07-30 12:01:32.605000-07:00,
LIBRARY_STAGING,DBT_CROGERS,STG_PORTAL_CKA_WPRDC_ALLEGHENY_D5F6331DFB__PLACES,VIEW,,,2026-07-30 12:01:33.677000-07:00,2026-07-30 12:01:34.062000-07:00,
LIBRARY_STAGING,DBT_CROGERS,STG_PORTAL_CKA_WPRDC_ALLEGHENY_D6143BDC6C__PLACES,VIEW,,,2026-07-30 12:01:33.729000-07:00,2026-07-30 12:01:34.085000-07:00,
LIBRARY_STAGING,DBT_CROGERS,STG_PORTAL_CKA_WPRDC_ALLEGHENY_DA448E7083__RECORDS,VIEW,,,2026-07-30 12:01:35.112000-07:00,2026-07-30 12:01:35.546000-07:00,
LIBRARY_STAGING,DBT_CROGERS,STG_PORTAL_CKA_WPRDC_ALLEGHENY_DDCA0024EC__PLACES,VIEW,,,2026-07-30 12:01:35.271000-07:00,2026-07-30 12:01:35.592000-07:00,
LIBRARY_STAGING,DBT_CROGERS,STG_PORTAL_CKA_WPRDC_ALLEGHENY_DE448D04D4__FACILITIES,VIEW,,,2026-07-30 12:01:37.255000-07:00,2026-07-30 12:01:37.673000-07:00,
LIBRARY_STAGING,DBT_CROGERS,STG_PORTAL_CKA_WPRDC_ALLEGHENY_E2D2938646__PLACES,VIEW,,,2026-07-30 12:01:37.268000-07:00,2026-07-30 12:01:37.658000-07:00,
LIBRARY_STAGING,DBT_CROGERS,STG_PORTAL_CKA_WPRDC_ALLEGHENY_E6260CDFE6__PLACES,VIEW,,,2026-07-30 12:01:38.097000-07:00,2026-07-30 12:01:38.453000-07:00,
LIBRARY_STAGING,DBT_CROGERS,STG_PORTAL_CKA_WPRDC_ALLEGHENY_EEF5B53BC5__RECORDS,VIEW,,,2026-07-30 12:01:38.284000-07:00,2026-07-30 12:01:38.657000-07:00,
LIBRARY_STAGING,DBT_CROGERS,STG_PORTAL_CKA_WPRDC_ALLEGHENY_F05D32C3D6__PLACES,VIEW,,,2026-07-30 12:01:40.337000-07:00,2026-07-30 12:01:40.748000-07:00,
LIBRARY_STAGING,DBT_CROGERS,STG_PORTAL_CKA_WPRDC_ALLEGHENY_F2CF388E3D__PLACES,VIEW,,,2026-07-30 12:01:40.320000-07:00,2026-07-30 12:01:40.661000-07:00,
LIBRARY_STAGING,DBT_CROGERS,STG_PORTAL_CKA_WPRDC_ALLEGHENY_FA3191E7A1__PLACES,VIEW,,,2026-07-05 19:56:24.352000-07:00,2026-07-05 19:56:24.738000-07:00,
LIBRARY_STAGING,DBT_CROGERS,STG_PORTAL_CKA_WPRDC_ALLEGHENY_FA3191E7A1__RECORDS,VIEW,,,2026-07-30 12:01:41.073000-07:00,2026-07-30 12:01:41.454000-07:00,
LIBRARY_STAGING,DBT_CROGERS,STG_PORTAL_CKA_WPRDC_ALLEGHENY_FA5C68D20D__PLACES,VIEW,,,2026-07-30 12:01:41.386000-07:00,2026-07-30 12:01:41.776000-07:00,
LIBRARY_STAGING,DBT_CROGERS,STG_PORTAL_CKA_WPRDC_ALLEGHENY_FA5CD1DACF__PLACES,VIEW,,,2026-07-30 12:01:43.293000-07:00,2026-07-30 12:01:43.589000-07:00,
LIBRARY_STAGING,DBT_CROGERS,STG_PORTAL_CKA_WPRDC_ALLEGHENY_FB89781122__PLACES,VIEW,,,2026-07-30 12:01:43.311000-07:00,2026-07-30 12:01:43.627000-07:00,
LIBRARY_STAGING,DBT_CROGERS,STG_PORTAL_CKA_WPRDC_ALLEGHENY_FBF4BA8D72__PLACES,VIEW,,,2026-07-30 12:01:44.113000-07:00,2026-07-30 12:01:44.551000-07:00,
LIBRARY_STAGING,DBT_CROGERS,STG_PORTAL_CKA_WPRDC_ALLEGHENY_FC8733F36B__PLACES,VIEW,,,2026-07-30 12:01:44.369000-07:00,2026-07-30 12:01:44.848000-07:00,
LIBRARY_STAGING,DBT_CROGERS,STG_PORTAL_SOC_AUSTIN_OPEN_DATA_0B4C639A1C__RECORDS,VIEW,,,2026-07-30 12:01:46.308000-07:00,2026-07-30 12:01:46.733000-07:00,
LIBRARY_STAGING,DBT_CROGERS,STG_PORTAL_SOC_AUSTIN_OPEN_DATA_B5E56C7A67__RECORDS,VIEW,,,2026-07-05 22:00:02.279000-07:00,2026-07-05 22:00:02.715000-07:00,
LIBRARY_STAGING,DBT_CROGERS,STG_PORTAL_SOC_CAMBRIDGE_OPEN_D_8A1152140C__RECORDS,VIEW,,,2026-07-30 12:01:46.308000-07:00,2026-07-30 12:01:46.992000-07:00,
LIBRARY_STAGING,DBT_CROGERS,STG_PORTAL_SOC_CAMBRIDGE_OPEN_D_FB7C7229D0__ORGANIZATIONS,VIEW,,,2026-07-30 12:01:47.278000-07:00,2026-07-30 12:01:47.661000-07:00,
LIBRARY_STAGING,DBT_CROGERS,STG_PORTAL_SOC_CHICAGO_DATA_POR_26DE83BAF4__RECORDS,VIEW,,,2026-07-30 12:01:47.442000-07:00,2026-07-30 12:01:47.884000-07:00,
LIBRARY_STAGING,DBT_CROGERS,STG_PORTAL_SOC_COLORADO_INFORMA_1D5CFAD830__PLACES,VIEW,,,2026-07-30 12:01:49.356000-07:00,2026-07-30 12:01:49.820000-07:00,
LIBRARY_STAGING,DBT_CROGERS,STG_PORTAL_SOC_COLORADO_INFORMA_1D5CFAD830__RECORDS,VIEW,,,2026-07-06 07:05:30.753000-07:00,2026-07-06 07:05:31.244000-07:00,
LIBRARY_STAGING,DBT_CROGERS,STG_PORTAL_SOC_COLORADO_INFORMA_239FBA8B76__RECORDS,VIEW,,,2026-07-30 12:01:49.567000-07:00,2026-07-30 12:01:49.877000-07:00,
LIBRARY_STAGING,DBT_CROGERS,STG_PORTAL_SOC_COLORADO_INFORMA_46101BE391__RECORDS,VIEW,,,2026-07-30 12:01:50.279000-07:00,2026-07-30 12:01:50.656000-07:00,
LIBRARY_STAGING,DBT_CROGERS,STG_PORTAL_SOC_COLORADO_INFORMA_4BAD70F01F__ORGANIZATIONS,VIEW,,,2026-07-30 12:01:50.443000-07:00,2026-07-30 12:01:50.790000-07:00,
LIBRARY_STAGING,DBT_CROGERS,STG_PORTAL_SOC_COLORADO_INFORMA_502999772D__RECORDS,VIEW,,,2026-07-05 22:00:04.264000-07:00,2026-07-05 22:00:04.513000-07:00,
LIBRARY_STAGING,DBT_CROGERS,STG_PORTAL_SOC_COLORADO_INFORMA_6367A44C92__RECORDS,VIEW,,,2026-07-30 12:01:52.415000-07:00,2026-07-30 12:01:52.725000-07:00,
LIBRARY_STAGING,DBT_CROGERS,STG_PORTAL_SOC_COLORADO_INFORMA_6BE19A7323__RECORDS,VIEW,,,2026-07-05 22:00:04.095000-07:00,2026-07-05 22:00:04.338000-07:00,
LIBRARY_STAGING,DBT_CROGERS,STG_PORTAL_SOC_COLORADO_INFORMA_A50DA9B699__RECORDS,VIEW,,,2026-07-30 12:01:52.414000-07:00,2026-07-30 12:01:52.776000-07:00,
LIBRARY_STAGING,DBT_CROGERS,STG_PORTAL_SOC_COLORADO_INFORMA_B4DD509314__RECORDS,VIEW,,,2026-07-30 12:01:53.306000-07:00,2026-07-30 12:01:53.704000-07:00,
LIBRARY_STAGING,DBT_CROGERS,STG_PORTAL_SOC_COLORADO_INFORMA_C4D7351098__RECORDS,VIEW,,,2026-07-05 22:00:05.049000-07:00,2026-07-05 22:00:05.318000-07:00,
LIBRARY_STAGING,DBT_CROGERS,STG_PORTAL_SOC_COLORADO_INFORMA_D017CFCF7F__RECORDS,VIEW,,,2026-07-30 12:01:53.376000-07:00,2026-07-30 12:01:53.706000-07:00,
LIBRARY_STAGING,DBT_CROGERS,STG_PORTAL_SOC_COLORADO_INFORMA_DE6C8A6901__PLACES,VIEW,,,2026-07-30 12:01:55.373000-07:00,2026-07-30 12:01:55.816000-07:00,
LIBRARY_STAGING,DBT_CROGERS,STG_PORTAL_SOC_COLORADO_INFORMA_DE6C8A6901__RECORDS,VIEW,,,2026-07-06 07:05:32.706000-07:00,2026-07-06 07:05:33.112000-07:00,
LIBRARY_STAGING,DBT_CROGERS,STG_PORTAL_SOC_COLORADO_INFORMA_E80CA7800E__PLACES,VIEW,,,2026-07-30 12:01:55.388000-07:00,2026-07-30 12:01:55.816000-07:00,
LIBRARY_STAGING,DBT_CROGERS,STG_PORTAL_SOC_COLORADO_INFORMA_E80CA7800E__RECORDS,VIEW,,,2026-07-06 07:05:32.772000-07:00,2026-07-06 07:05:33.103000-07:00,
LIBRARY_STAGING,DBT_CROGERS,STG_PORTAL_SOC_COLORADO_INFORMA_F0E162D7A8__RECORDS,VIEW,,,2026-07-30 12:01:56.461000-07:00,2026-07-30 12:01:56.836000-07:00,
LIBRARY_STAGING,DBT_CROGERS,STG_PORTAL_SOC_COLORADO_INFORMA_F78543C045__RECORDS,VIEW,,,2026-07-30 12:01:56.486000-07:00,2026-07-30 12:01:56.866000-07:00,
LIBRARY_STAGING,DBT_CROGERS,STG_PORTAL_SOC_COLORADO_INFORMA_F9498D9B7F__RECORDS,VIEW,,,2026-07-30 12:01:58.472000-07:00,2026-07-30 12:01:58.866000-07:00,
LIBRARY_STAGING,DBT_CROGERS,STG_PORTAL_SOC_CONNECTICUT_OPEN_28F32B559B__RECORDS,VIEW,,,2026-07-05 22:00:06.678000-07:00,2026-07-05 22:00:06.949000-07:00,
LIBRARY_STAGING,DBT_CROGERS,STG_PORTAL_SOC_CONNECTICUT_OPEN_6BE2302812__ORGANIZATIONS,VIEW,,,2026-07-30 12:01:58.503000-07:00,2026-07-30 12:01:58.890000-07:00,
LIBRARY_STAGING,DBT_CROGERS,STG_PORTAL_SOC_CONNECTICUT_OPEN_7909C84EE4__RECORDS,VIEW,,,2026-07-05 22:00:07.423000-07:00,2026-07-05 22:00:07.791000-07:00,
LIBRARY_STAGING,DBT_CROGERS,STG_PORTAL_SOC_CONNECTICUT_OPEN_886AEF6AC6__RECORDS,VIEW,,,2026-07-05 22:00:07.432000-07:00,2026-07-05 22:00:07.768000-07:00,
LIBRARY_STAGING,DBT_CROGERS,STG_PORTAL_SOC_CONNECTICUT_OPEN_88B075D7AF__RECORDS,VIEW,,,2026-07-30 12:02:00.059000-07:00,2026-07-30 12:02:00.520000-07:00,
LIBRARY_STAGING,DBT_CROGERS,STG_PORTAL_SOC_CONNECTICUT_OPEN_AEB46F6C94__PLACES,VIEW,,,2026-07-30 12:02:00.003000-07:00,2026-07-30 12:02:00.533000-07:00,
LIBRARY_STAGING,DBT_CROGERS,STG_PORTAL_SOC_CONNECTICUT_OPEN_AEB46F6C94__RECORDS,VIEW,,,2026-07-06 07:05:34.522000-07:00,2026-07-06 07:05:34.991000-07:00,
LIBRARY_STAGING,DBT_CROGERS,STG_PORTAL_SOC_CONNECTICUT_OPEN_B2B9303A5F__RECORDS,VIEW,,,2026-07-05 22:00:08.372000-07:00,2026-07-05 22:00:08.725000-07:00,
LIBRARY_STAGING,DBT_CROGERS,STG_PORTAL_SOC_CONNECTICUT_OPEN_DEA6C4224A__PLACES,VIEW,,,2026-07-30 12:02:01.556000-07:00,2026-07-30 12:02:01.911000-07:00,
LIBRARY_STAGING,DBT_CROGERS,STG_PORTAL_SOC_CONNECTICUT_OPEN_F42EDA9B76__RECORDS,VIEW,,,2026-07-05 22:00:08.642000-07:00,2026-07-05 22:00:08.908000-07:00,
LIBRARY_STAGING,DBT_CROGERS,STG_PORTAL_SOC_CONNECTICUT_OPEN_FF2B86A533__PLACES,VIEW,,,2026-07-30 12:02:01.498000-07:00,2026-07-30 12:02:02.152000-07:00,
LIBRARY_STAGING,DBT_CROGERS,STG_PORTAL_SOC_CONNECTICUT_OPEN_FF2B86A533__RECORDS,VIEW,,,2026-07-06 07:05:35.263000-07:00,2026-07-06 07:05:35.579000-07:00,
LIBRARY_STAGING,DBT_CROGERS,STG_PORTAL_SOC_DATALA_LOS_ANGEL_361B8161B7__PLACES,VIEW,,,2026-07-30 12:02:03.154000-07:00,2026-07-30 12:02:03.524000-07:00,
LIBRARY_STAGING,DBT_CROGERS,STG_PORTAL_SOC_DATALA_LOS_ANGEL_361B8161B7__RECORDS,VIEW,,,2026-07-06 07:05:35.302000-07:00,2026-07-06 07:05:35.581000-07:00,
LIBRARY_STAGING,DBT_CROGERS,STG_PORTAL_SOC_DATALA_LOS_ANGEL_DC3670AFE1__PLACES,VIEW,,,2026-07-30 12:02:03.155000-07:00,2026-07-30 12:02:03.477000-07:00,
LIBRARY_STAGING,DBT_CROGERS,STG_PORTAL_SOC_DATALA_LOS_ANGEL_DC3670AFE1__RECORDS,VIEW,,,2026-07-06 07:05:35.711000-07:00,2026-07-06 07:05:36.064000-07:00,
LIBRARY_STAGING,DBT_CROGERS,STG_PORTAL_SOC_NEW_YORK_STATE_O_0C94DD2B8A__RECORDS,VIEW,,,2026-07-30 12:02:04.532000-07:00,2026-07-30 12:02:04.888000-07:00,
LIBRARY_STAGING,DBT_CROGERS,STG_PORTAL_SOC_NEW_YORK_STATE_O_49CD8C5B65__ASSETS,VIEW,,,2026-07-30 12:02:04.957000-07:00,2026-07-30 12:02:05.300000-07:00,
LIBRARY_STAGING,DBT_CROGERS,STG_PORTAL_SOC_NEW_YORK_STATE_O_9BB5326481__RECORDS,VIEW,,,2026-07-05 22:00:10.133000-07:00,2026-07-05 22:00:10.426000-07:00,
LIBRARY_STAGING,DBT_CROGERS,STG_PORTAL_SOC_NEW_YORK_STATE_O_C08EFA40C8__RECORDS,VIEW,,,2026-07-30 12:02:06.107000-07:00,2026-07-30 12:02:06.489000-07:00,
LIBRARY_STAGING,DBT_CROGERS,STG_PORTAL_SOC_NEW_YORK_STATE_O_EFF72C4402__RECORDS,VIEW,,,2026-07-30 12:02:06.143000-07:00,2026-07-30 12:02:06.569000-07:00,
LIBRARY_STAGING,DBT_CROGERS,STG_PORTAL_SOC_OPEN_DATA_BR_6083BC2934__RECORDS,VIEW,,,2026-07-30 12:02:07.548000-07:00,2026-07-30 12:02:07.964000-07:00,
LIBRARY_STAGING,DBT_CROGERS,STG_PORTAL_SOC_OPEN_DATA_BR_C110D5CF59__PLACES,VIEW,,,2026-07-30 12:02:07.891000-07:00,2026-07-30 12:02:08.253000-07:00,
LIBRARY_STAGING,DBT_CROGERS,STG_PORTAL_SOC_OPEN_DATA_BR_C110D5CF59__RECORDS,VIEW,,,2026-07-06 07:05:37.108000-07:00,2026-07-06 07:05:37.408000-07:00,
LIBRARY_STAGING,DBT_CROGERS,STG_PORTAL_SOC_SANTA_CLARA_COUN_487FCD1FAB__CASES,VIEW,,,2026-07-30 12:02:09.073000-07:00,2026-07-30 12:02:09.458000-07:00,
LIBRARY_STAGING,DBT_CROGERS,STG_PORTAL_SOC_SEATTLE_OPEN_DAT_C8F2072189__PLACES,VIEW,,,2026-07-30 12:02:09.156000-07:00,2026-07-30 12:02:09.470000-07:00,
LIBRARY_STAGING,DBT_CROGERS,STG_PORTAL_SOC_SEATTLE_OPEN_DAT_C8F2072189__RECORDS,VIEW,,,2026-07-06 07:05:37.636000-07:00,2026-07-06 07:05:37.955000-07:00,
LIBRARY_STAGING,DBT_CROGERS,STG_PORTAL_SOC_SF_OPENDATA_DATA_79618299A6__PLACES,VIEW,,,2026-07-30 12:02:10.627000-07:00,2026-07-30 12:02:11.116000-07:00,
LIBRARY_STAGING,DBT_CROGERS,STG_PORTAL_SOC_SF_OPENDATA_DATA_79618299A6__RECORDS,VIEW,,,2026-07-06 07:05:37.984000-07:00,2026-07-06 07:05:38.300000-07:00,
LIBRARY_STAGING,DBT_CROGERS,STG_PORTAL_SOC_SF_OPENDATA_DATA_8DCCC91916__PROVIDERS,VIEW,,,2026-07-30 12:02:10.852000-07:00,2026-07-30 12:02:11.177000-07:00,
LIBRARY_STAGING,DBT_CROGERS,STG_PORTAL_SOC_SF_OPENDATA_DATA_C19EE9EB44__PROVIDERS,VIEW,,,2026-07-30 12:02:12.093000-07:00,2026-07-30 12:02:12.486000-07:00,
LIBRARY_STAGING,DBT_CROGERS,STG_PORTAL_SOC_SF_OPENDATA_DATA_C19EE9EB44__RECORDS,VIEW,,,2026-07-06 07:05:37.955000-07:00,2026-07-06 07:05:38.282000-07:00,
LIBRARY_STAGING,DBT_CROGERS,STG_PORTAL_SOC_TEXAS_OPEN_DATA_0F8F4663C8__RECORDS,VIEW,,,2026-07-30 12:02:12.097000-07:00,2026-07-30 12:02:12.425000-07:00,
LIBRARY_STAGING,DBT_CROGERS,STG_PORTAL_SOC_TEXAS_OPEN_DATA_24C81C0C8A__RECORDS,VIEW,,,2026-07-30 12:02:13.748000-07:00,2026-07-30 12:02:14.100000-07:00,
LIBRARY_STAGING,DBT_CROGERS,STG_PORTAL_SOC_TEXAS_OPEN_DATA_28E2F49084__ORGANIZATIONS,VIEW,,,2026-07-30 12:02:13.771000-07:00,2026-07-30 12:02:14.103000-07:00,
LIBRARY_STAGING,DBT_CROGERS,STG_PORTAL_SOC_TEXAS_OPEN_DATA_28E2F49084__RECORDS,VIEW,,,2026-07-06 07:05:38.763000-07:00,2026-07-06 07:05:39.006000-07:00,
LIBRARY_STAGING,DBT_CROGERS,STG_PORTAL_SOC_TEXAS_OPEN_DATA_354E3ABF4F__PLACES,VIEW,,,2026-07-30 12:02:15.030000-07:00,2026-07-30 12:02:15.512000-07:00,
LIBRARY_STAGING,DBT_CROGERS,STG_PORTAL_SOC_TEXAS_OPEN_DATA_354E3ABF4F__RECORDS,VIEW,,,2026-07-06 07:05:38.760000-07:00,2026-07-06 07:05:39.020000-07:00,
LIBRARY_STAGING,DBT_CROGERS,STG_PORTAL_SOC_TEXAS_OPEN_DATA_5410A1009F__PLACES,VIEW,,,2026-07-30 12:02:15.110000-07:00,2026-07-30 12:02:15.514000-07:00,
LIBRARY_STAGING,DBT_CROGERS,STG_PORTAL_SOC_TEXAS_OPEN_DATA_5410A1009F__RECORDS,VIEW,,,2026-07-06 07:05:39.343000-07:00,2026-07-06 07:05:39.657000-07:00,
LIBRARY_STAGING,DBT_CROGERS,STG_PORTAL_SOC_TEXAS_OPEN_DATA_6F798A64FA__ORGANIZATIONS,VIEW,,,2026-07-30 12:02:16.703000-07:00,2026-07-30 12:02:17.050000-07:00,
LIBRARY_STAGING,DBT_CROGERS,STG_PORTAL_SOC_TEXAS_OPEN_DATA_6F798A64FA__RECORDS,VIEW,,,2026-07-06 07:05:39.499000-07:00,2026-07-06 07:05:39.713000-07:00,
LIBRARY_STAGING,DBT_CROGERS,STG_PORTAL_SOC_TEXAS_OPEN_DATA_A415622C5D__PLACES,VIEW,,,2026-07-30 12:02:16.733000-07:00,2026-07-30 12:02:17.070000-07:00,
LIBRARY_STAGING,DBT_CROGERS,STG_PORTAL_SOC_TEXAS_OPEN_DATA_A415622C5D__RECORDS,VIEW,,,2026-07-06 07:05:39.592000-07:00,2026-07-06 07:05:39.900000-07:00,
LIBRARY_STAGING,DBT_CROGERS,STG_PORTAL_SOC_TEXAS_OPEN_DATA_B4FDC1DC58__FACILITIES,VIEW,,,2026-07-30 12:02:18.168000-07:00,2026-07-30 12:02:18.564000-07:00,
LIBRARY_STAGING,DBT_CROGERS,STG_PORTAL_SOC_TEXAS_OPEN_DATA_D83872D208__CASES,VIEW,,,2026-07-30 12:02:18.171000-07:00,2026-07-30 12:02:18.541000-07:00,
LIBRARY_STAGING,DBT_CROGERS,STG_PORTAL_SOC_TEXAS_OPEN_DATA_D83872D208__RECORDS,VIEW,,,2026-07-06 07:05:40.152000-07:00,2026-07-06 07:05:40.551000-07:00,
LIBRARY_STAGING,DBT_CROGERS,STG_PORTAL_SOC_TEXAS_OPEN_DATA_DA657010B1__PLACES,VIEW,,,2026-07-30 12:02:19.691000-07:00,2026-07-30 12:02:20.054000-07:00,
LIBRARY_STAGING,DBT_CROGERS,STG_PORTAL_SOC_TEXAS_OPEN_DATA_DA657010B1__RECORDS,VIEW,,,2026-07-06 07:05:40.267000-07:00,2026-07-06 07:05:40.596000-07:00,
LIBRARY_STAGING,DBT_CROGERS,STG_PORTAL_SOC_TEXAS_OPEN_DATA_F525266F32__FACILITIES,VIEW,,,2026-07-30 12:02:19.713000-07:00,2026-07-30 12:02:20.053000-07:00,
LIBRARY_STAGING,DBT_CROGERS,STG_PORTAL_SOC_UTAH_OPEN_DATA_P_0028F23236__RECORDS,VIEW,,,2026-07-05 22:00:15.768000-07:00,2026-07-05 22:00:15.944000-07:00,
LIBRARY_STAGING,DBT_CROGERS,STG_PORTAL_SOC_UTAH_OPEN_DATA_P_08BA00868C__RECORDS,VIEW,,,2026-07-05 22:00:15.748000-07:00,2026-07-05 22:00:15.978000-07:00,
LIBRARY_STAGING,DBT_CROGERS,STG_PORTAL_SOC_UTAH_OPEN_DATA_P_103F7D641F__ORGANIZATIONS,VIEW,,,2026-07-30 12:02:21.231000-07:00,2026-07-30 12:02:21.787000-07:00,
LIBRARY_STAGING,DBT_CROGERS,STG_PORTAL_SOC_UTAH_OPEN_DATA_P_103F7D641F__RECORDS,VIEW,,,2026-07-06 07:05:40.542000-07:00,2026-07-06 07:05:40.937000-07:00,
LIBRARY_STAGING,DBT_CROGERS,STG_PORTAL_SOC_UTAH_OPEN_DATA_P_1614522F52__RECORDS,VIEW,,,2026-07-30 12:02:21.271000-07:00,2026-07-30 12:02:21.721000-07:00,
LIBRARY_STAGING,DBT_CROGERS,STG_PORTAL_SOC_UTAH_OPEN_DATA_P_17CB6B615F__ORGANIZATIONS,VIEW,,,2026-07-30 12:02:23.341000-07:00,2026-07-30 12:02:23.745000-07:00,
LIBRARY_STAGING,DBT_CROGERS,STG_PORTAL_SOC_UTAH_OPEN_DATA_P_1C0C156DA7__RECORDS,VIEW,,,2026-07-05 22:00:16.505000-07:00,2026-07-05 22:00:16.730000-07:00,
LIBRARY_STAGING,DBT_CROGERS,STG_PORTAL_SOC_UTAH_OPEN_DATA_P_1E3F70C6A8__RECORDS,VIEW,,,2026-07-05 22:00:16.976000-07:00,2026-07-05 22:00:17.197000-07:00,
LIBRARY_STAGING,DBT_CROGERS,STG_PORTAL_SOC_UTAH_OPEN_DATA_P_2065CE1D57__RECORDS,VIEW,,,2026-07-05 22:00:17.251000-07:00,2026-07-05 22:00:17.504000-07:00,
LIBRARY_STAGING,DBT_CROGERS,STG_PORTAL_SOC_UTAH_OPEN_DATA_P_21E87270E6__RECORDS,VIEW,,,2026-07-05 22:00:17.694000-07:00,2026-07-05 22:00:17.996000-07:00,
LIBRARY_STAGING,DBT_CROGERS,STG_PORTAL_SOC_UTAH_OPEN_DATA_P_275CD55E37__RECORDS,VIEW,,,2026-07-05 22:00:17.760000-07:00,2026-07-05 22:00:18.059000-07:00,
LIBRARY_STAGING,DBT_CROGERS,STG_PORTAL_SOC_UTAH_OPEN_DATA_P_27F4752A1B__RECORDS,VIEW,,,2026-07-05 22:00:17.826000-07:00,2026-07-05 22:00:18.060000-07:00,
LIBRARY_STAGING,DBT_CROGERS,STG_PORTAL_SOC_UTAH_OPEN_DATA_P_289C31329B__CASES,VIEW,,,2026-07-30 12:02:23.335000-07:00,2026-07-30 12:02:24.013000-07:00,
LIBRARY_STAGING,DBT_CROGERS,STG_PORTAL_SOC_UTAH_OPEN_DATA_P_2FDF78BD22__RECORDS,VIEW,,,2026-07-05 22:00:18.493000-07:00,2026-07-05 22:00:18.705000-07:00,
LIBRARY_STAGING,DBT_CROGERS,STG_PORTAL_SOC_UTAH_OPEN_DATA_P_33421B5A2A__FACILITIES,VIEW,,,2026-07-30 12:02:24.398000-07:00,2026-07-30 12:02:24.871000-07:00,
LIBRARY_STAGING,DBT_CROGERS,STG_PORTAL_SOC_UTAH_OPEN_DATA_P_36BE408253__RECORDS,VIEW,,,2026-07-05 22:00:18.580000-07:00,2026-07-05 22:00:18.769000-07:00,
LIBRARY_STAGING,DBT_CROGERS,STG_PORTAL_SOC_UTAH_OPEN_DATA_P_376293FCF7__RECORDS,VIEW,,,2026-07-05 22:00:18.817000-07:00,2026-07-05 22:00:19.067000-07:00,
LIBRARY_STAGING,DBT_CROGERS,STG_PORTAL_SOC_UTAH_OPEN_DATA_P_37975584A8__RECORDS,VIEW,,,2026-07-05 22:00:19.184000-07:00,2026-07-05 22:00:19.466000-07:00,
LIBRARY_STAGING,DBT_CROGERS,STG_PORTAL_SOC_UTAH_OPEN_DATA_P_38579BBDBC__FACILITIES,VIEW,,,2026-07-30 12:02:24.441000-07:00,2026-07-30 12:02:24.888000-07:00,
LIBRARY_STAGING,DBT_CROGERS,STG_PORTAL_SOC_UTAH_OPEN_DATA_P_3C77C8480B__FACILITIES,VIEW,,,2026-07-30 12:02:26.340000-07:00,2026-07-30 12:02:26.811000-07:00,
LIBRARY_STAGING,DBT_CROGERS,STG_PORTAL_SOC_UTAH_OPEN_DATA_P_42CA38B0B0__RECORDS,VIEW,,,2026-07-05 22:00:20.014000-07:00,2026-07-05 22:00:20.256000-07:00,
LIBRARY_STAGING,DBT_CROGERS,STG_PORTAL_SOC_UTAH_OPEN_DATA_P_4309355F14__FACILITIES,VIEW,,,2026-07-30 12:02:26.564000-07:00,2026-07-30 12:02:27.107000-07:00,
LIBRARY_STAGING,DBT_CROGERS,STG_PORTAL_SOC_UTAH_OPEN_DATA_P_4388C129F2__FACILITIES,VIEW,,,2026-07-30 12:02:27.540000-07:00,2026-07-30 12:02:28.137000-07:00,
LIBRARY_STAGING,DBT_CROGERS,STG_PORTAL_SOC_UTAH_OPEN_DATA_P_447082E18E__RECORDS,VIEW,,,2026-07-05 22:00:20.425000-07:00,2026-07-05 22:00:20.755000-07:00,
LIBRARY_STAGING,DBT_CROGERS,STG_PORTAL_SOC_UTAH_OPEN_DATA_P_49602BAEC5__RECORDS,VIEW,,,2026-07-05 22:00:20.772000-07:00,2026-07-05 22:00:21.036000-07:00,
LIBRARY_STAGING,DBT_CROGERS,STG_PORTAL_SOC_UTAH_OPEN_DATA_P_4DA2A1E62F__RECORDS,VIEW,,,2026-07-05 22:00:21.077000-07:00,2026-07-05 22:00:21.392000-07:00,
LIBRARY_STAGING,DBT_CROGERS,STG_PORTAL_SOC_UTAH_OPEN_DATA_P_4DDE6E2C89__RECORDS,VIEW,,,2026-07-05 22:00:21.258000-07:00,2026-07-05 22:00:21.415000-07:00,
LIBRARY_STAGING,DBT_CROGERS,STG_PORTAL_SOC_UTAH_OPEN_DATA_P_4EBA247771__PROVIDERS,VIEW,,,2026-07-30 12:02:27.587000-07:00,2026-07-30 12:02:27.996000-07:00,
LIBRARY_STAGING,DBT_CROGERS,STG_PORTAL_SOC_UTAH_OPEN_DATA_P_4ED1B6FFA6__RECORDS,VIEW,,,2026-07-05 22:00:21.761000-07:00,2026-07-05 22:00:21.984000-07:00,
LIBRARY_STAGING,DBT_CROGERS,STG_PORTAL_SOC_UTAH_OPEN_DATA_P_50B9839DCD__RECORDS,VIEW,,,2026-07-05 22:00:21.834000-07:00,2026-07-05 22:00:22.029000-07:00,
LIBRARY_STAGING,DBT_CROGERS,STG_PORTAL_SOC_UTAH_OPEN_DATA_P_55B6E45F3F__RECORDS,VIEW,,,2026-07-05 22:00:21.979000-07:00,2026-07-05 22:00:22.182000-07:00,
LIBRARY_STAGING,DBT_CROGERS,STG_PORTAL_SOC_UTAH_OPEN_DATA_P_55EF6EF0C6__PROVIDERS,VIEW,,,2026-07-30 12:02:29.408000-07:00,2026-07-30 12:02:29.797000-07:00,
LIBRARY_STAGING,DBT_CROGERS,STG_PORTAL_SOC_UTAH_OPEN_DATA_P_55EF6EF0C6__RECORDS,VIEW,,,2026-07-06 07:05:43.415000-07:00,2026-07-06 07:05:43.735000-07:00,
LIBRARY_STAGING,DBT_CROGERS,STG_PORTAL_SOC_UTAH_OPEN_DATA_P_589CC47A29__RECORDS,VIEW,,,2026-07-30 12:02:29.985000-07:00,2026-07-30 12:02:30.484000-07:00,
LIBRARY_STAGING,DBT_CROGERS,STG_PORTAL_SOC_UTAH_OPEN_DATA_P_5C3521189E__FACILITIES,VIEW,,,2026-07-30 12:02:30.577000-07:00,2026-07-30 12:02:31.154000-07:00,
LIBRARY_STAGING,DBT_CROGERS,STG_PORTAL_SOC_UTAH_OPEN_DATA_P_5D4CAAD7FB__RECORDS,VIEW,,,2026-07-05 22:00:23.177000-07:00,2026-07-05 22:00:23.382000-07:00,
LIBRARY_STAGING,DBT_CROGERS,STG_PORTAL_SOC_UTAH_OPEN_DATA_P_5E52F5D62F__RECORDS,VIEW,,,2026-07-05 22:00:23.189000-07:00,2026-07-05 22:00:23.356000-07:00,
LIBRARY_STAGING,DBT_CROGERS,STG_PORTAL_SOC_UTAH_OPEN_DATA_P_5E73751281__FACILITIES,VIEW,,,2026-07-30 12:02:30.737000-07:00,2026-07-30 12:02:31.249000-07:00,
LIBRARY_STAGING,DBT_CROGERS,STG_PORTAL_SOC_UTAH_OPEN_DATA_P_5EF68422FF__ORGANIZATIONS,VIEW,,,2026-07-30 12:02:32.374000-07:00,2026-07-30 12:02:33.337000-07:00,
LIBRARY_STAGING,DBT_CROGERS,STG_PORTAL_SOC_UTAH_OPEN_DATA_P_5EF68422FF__RECORDS,VIEW,,,2026-07-06 07:05:44.370000-07:00,2026-07-06 07:05:44.952000-07:00,
LIBRARY_STAGING,DBT_CROGERS,STG_PORTAL_SOC_UTAH_OPEN_DATA_P_617EBA9CD6__RECORDS,VIEW,,,2026-07-05 22:00:23.854000-07:00,2026-07-05 22:00:24.078000-07:00,
LIBRARY_STAGING,DBT_CROGERS,STG_PORTAL_SOC_UTAH_OPEN_DATA_P_6223211050__RECORDS,VIEW,,,2026-07-05 22:00:23.839000-07:00,2026-07-05 22:00:24.042000-07:00,
LIBRARY_STAGING,DBT_CROGERS,STG_PORTAL_SOC_UTAH_OPEN_DATA_P_623DBEE2EF__RECORDS,VIEW,,,2026-07-05 22:00:24.499000-07:00,2026-07-05 22:00:24.677000-07:00,
LIBRARY_STAGING,DBT_CROGERS,STG_PORTAL_SOC_UTAH_OPEN_DATA_P_636FFFDFA2__FACILITIES,VIEW,,,2026-07-30 12:02:33.104000-07:00,2026-07-30 12:02:33.677000-07:00,
LIBRARY_STAGING,DBT_CROGERS,STG_PORTAL_SOC_UTAH_OPEN_DATA_P_645B93D1C3__RECORDS,VIEW,,,2026-07-05 22:00:24.634000-07:00,2026-07-05 22:00:24.885000-07:00,
LIBRARY_STAGING,DBT_CROGERS,STG_PORTAL_SOC_UTAH_OPEN_DATA_P_6679F2DEDB__RECORDS,VIEW,,,2026-07-05 22:00:24.819000-07:00,2026-07-05 22:00:25.024000-07:00,
LIBRARY_STAGING,DBT_CROGERS,STG_PORTAL_SOC_UTAH_OPEN_DATA_P_66C519BCCF__FACILITIES,VIEW,,,2026-07-30 12:02:33.780000-07:00,2026-07-30 12:02:34.410000-07:00,
LIBRARY_STAGING,DBT_CROGERS,STG_PORTAL_SOC_UTAH_OPEN_DATA_P_6F5FCC229F__FACILITIES,VIEW,,,2026-07-30 12:02:33.916000-07:00,2026-07-30 12:02:34.393000-07:00,
LIBRARY_STAGING,DBT_CROGERS,STG_PORTAL_SOC_UTAH_OPEN_DATA_P_701571FD92__PROVIDERS,VIEW,,,2026-07-30 12:02:35.993000-07:00,2026-07-30 12:02:36.342000-07:00,
LIBRARY_STAGING,DBT_CROGERS,STG_PORTAL_SOC_UTAH_OPEN_DATA_P_7186EDB84B__PROVIDERS,VIEW,,,2026-07-30 12:02:36.248000-07:00,2026-07-30 12:02:36.773000-07:00,
LIBRARY_STAGING,DBT_CROGERS,STG_PORTAL_SOC_UTAH_OPEN_DATA_P_79CFD825BF__RECORDS,VIEW,,,2026-07-05 22:00:26.339000-07:00,2026-07-05 22:00:26.675000-07:00,
LIBRARY_STAGING,DBT_CROGERS,STG_PORTAL_SOC_UTAH_OPEN_DATA_P_7A3C73B2FD__FACILITIES,VIEW,,,2026-07-30 12:02:37.047000-07:00,2026-07-30 12:02:37.513000-07:00,
LIBRARY_STAGING,DBT_CROGERS,STG_PORTAL_SOC_UTAH_OPEN_DATA_P_7DACFB4113__RECORDS,VIEW,,,2026-07-05 22:00:27.320000-07:00,2026-07-05 22:00:27.533000-07:00,
LIBRARY_STAGING,DBT_CROGERS,STG_PORTAL_SOC_UTAH_OPEN_DATA_P_7F45E582F7__FACILITIES,VIEW,,,2026-07-30 12:02:37.048000-07:00,2026-07-30 12:02:37.579000-07:00,
LIBRARY_STAGING,DBT_CROGERS,STG_PORTAL_SOC_UTAH_OPEN_DATA_P_8196274D0D__RECORDS,VIEW,,,2026-07-05 22:00:27.319000-07:00,2026-07-05 22:00:27.593000-07:00,
LIBRARY_STAGING,DBT_CROGERS,STG_PORTAL_SOC_UTAH_OPEN_DATA_P_81A81B1650__RECORDS,VIEW,,,2026-07-30 12:02:38.964000-07:00,2026-07-30 12:02:39.346000-07:00,
LIBRARY_STAGING,DBT_CROGERS,STG_PORTAL_SOC_UTAH_OPEN_DATA_P_8A9374EA5D__ORGANIZATIONS,VIEW,,,2026-07-30 12:02:39.352000-07:00,2026-07-30 12:02:39.813000-07:00,
LIBRARY_STAGING,DBT_CROGERS,STG_PORTAL_SOC_UTAH_OPEN_DATA_P_8D9FB9A1A3__FACILITIES,VIEW,,,2026-07-30 12:02:40.102000-07:00,2026-07-30 12:02:40.661000-07:00,
LIBRARY_STAGING,DBT_CROGERS,STG_PORTAL_SOC_UTAH_OPEN_DATA_P_8DE28DA9D9__RECORDS,VIEW,,,2026-07-30 12:02:40.207000-07:00,2026-07-30 12:02:40.572000-07:00,
LIBRARY_STAGING,DBT_CROGERS,STG_PORTAL_SOC_UTAH_OPEN_DATA_P_9837982623__RECORDS,VIEW,,,2026-07-05 22:00:28.464000-07:00,2026-07-05 22:00:28.760000-07:00,
LIBRARY_STAGING,DBT_CROGERS,STG_PORTAL_SOC_UTAH_OPEN_DATA_P_9875D7F6E3__RECORDS,VIEW,,,2026-07-05 22:00:28.753000-07:00,2026-07-05 22:00:28.975000-07:00,
LIBRARY_STAGING,DBT_CROGERS,STG_PORTAL_SOC_UTAH_OPEN_DATA_P_A396F5D252__RECORDS,VIEW,,,2026-07-05 22:00:28.830000-07:00,2026-07-05 22:00:29.050000-07:00,
LIBRARY_STAGING,DBT_CROGERS,STG_PORTAL_SOC_UTAH_OPEN_DATA_P_A3B79359D3__FACILITIES,VIEW,,,2026-07-30 12:02:42.033000-07:00,2026-07-30 12:02:42.540000-07:00,
LIBRARY_STAGING,DBT_CROGERS,STG_PORTAL_SOC_UTAH_OPEN_DATA_P_A4022A1A2D__FACILITIES,VIEW,,,2026-07-30 12:02:42.400000-07:00,2026-07-30 12:02:42.884000-07:00,
LIBRARY_STAGING,DBT_CROGERS,STG_PORTAL_SOC_UTAH_OPEN_DATA_P_A45115B872__FACILITIES,VIEW,,,2026-07-30 12:02:43.141000-07:00,2026-07-30 12:02:43.639000-07:00,
LIBRARY_STAGING,DBT_CROGERS,STG_PORTAL_SOC_UTAH_OPEN_DATA_P_A54AA90538__FACILITIES,VIEW,,,2026-07-30 12:02:43.264000-07:00,2026-07-30 12:02:43.763000-07:00,
LIBRARY_STAGING,DBT_CROGERS,STG_PORTAL_SOC_UTAH_OPEN_DATA_P_A5715666DA__FACILITIES,VIEW,,,2026-07-30 12:02:45.139000-07:00,2026-07-30 12:02:45.693000-07:00,
LIBRARY_STAGING,DBT_CROGERS,STG_PORTAL_SOC_UTAH_OPEN_DATA_P_A5AE4FD7A4__FACILITIES,VIEW,,,2026-07-05 19:56:28.817000-07:00,2026-07-05 19:56:29.203000-07:00,
LIBRARY_STAGING,DBT_CROGERS,STG_PORTAL_SOC_UTAH_OPEN_DATA_P_A5AE4FD7A4__PROVIDERS,VIEW,,,2026-07-30 12:02:45.531000-07:00,2026-07-30 12:02:46.014000-07:00,
LIBRARY_STAGING,DBT_CROGERS,STG_PORTAL_SOC_UTAH_OPEN_DATA_P_A6AF8166D5__RECORDS,VIEW,,,2026-07-05 22:00:30.264000-07:00,2026-07-05 22:00:30.478000-07:00,
LIBRARY_STAGING,DBT_CROGERS,STG_PORTAL_SOC_UTAH_OPEN_DATA_P_A8921E729F__RECORDS,VIEW,,,2026-07-05 22:00:30.333000-07:00,2026-07-05 22:00:30.547000-07:00,
LIBRARY_STAGING,DBT_CROGERS,STG_PORTAL_SOC_UTAH_OPEN_DATA_P_A9B7E273C8__FACILITIES,VIEW,,,2026-07-05 19:56:29.083000-07:00,2026-07-05 19:56:29.492000-07:00,
LIBRARY_STAGING,DBT_CROGERS,STG_PORTAL_SOC_UTAH_OPEN_DATA_P_A9B7E273C8__PROVIDERS,VIEW,,,2026-07-30 12:02:46.977000-07:00,2026-07-30 12:02:47.529000-07:00,
LIBRARY_STAGING,DBT_CROGERS,STG_PORTAL_SOC_UTAH_OPEN_DATA_P_AC57352C67__RECORDS,VIEW,,,2026-07-05 22:00:30.955000-07:00,2026-07-05 22:00:31.182000-07:00,
LIBRARY_STAGING,DBT_CROGERS,STG_PORTAL_SOC_UTAH_OPEN_DATA_P_AFAD2153EA__RECORDS,VIEW,,,2026-07-05 22:00:31.102000-07:00,2026-07-05 22:00:31.345000-07:00,
LIBRARY_STAGING,DBT_CROGERS,STG_PORTAL_SOC_UTAH_OPEN_DATA_P_B0241DEE4B__RECORDS,VIEW,,,2026-07-05 22:00:31.388000-07:00,2026-07-05 22:00:31.627000-07:00,
LIBRARY_STAGING,DBT_CROGERS,STG_PORTAL_SOC_UTAH_OPEN_DATA_P_B0F7881369__FACILITIES,VIEW,,,2026-07-30 12:02:46.996000-07:00,2026-07-30 12:02:47.504000-07:00,
LIBRARY_STAGING,DBT_CROGERS,STG_PORTAL_SOC_UTAH_OPEN_DATA_P_B55A5210A0__RECORDS,VIEW,,,2026-07-05 22:00:31.840000-07:00,2026-07-05 22:00:32.476000-07:00,
LIBRARY_STAGING,DBT_CROGERS,STG_PORTAL_SOC_UTAH_OPEN_DATA_P_B5E39C25F8__FACILITIES,VIEW,,,2026-07-30 12:02:48.313000-07:00,2026-07-30 12:02:48.814000-07:00,
LIBRARY_STAGING,DBT_CROGERS,STG_PORTAL_SOC_UTAH_OPEN_DATA_P_B84814B0C6__RECORDS,VIEW,,,2026-07-05 22:00:32.099000-07:00,2026-07-05 22:00:32.318000-07:00,
LIBRARY_STAGING,DBT_CROGERS,STG_PORTAL_SOC_UTAH_OPEN_DATA_P_BF328ADD84__RECORDS,VIEW,,,2026-07-05 22:00:32.553000-07:00,2026-07-05 22:00:32.862000-07:00,
LIBRARY_STAGING,DBT_CROGERS,STG_PORTAL_SOC_UTAH_OPEN_DATA_P_BF857F3B65__RECORDS,VIEW,,,2026-07-05 22:00:32.791000-07:00,2026-07-05 22:00:33.019000-07:00,
LIBRARY_STAGING,DBT_CROGERS,STG_PORTAL_SOC_UTAH_OPEN_DATA_P_C357F1F9E1__ORGANIZATIONS,VIEW,,,2026-07-30 12:02:48.578000-07:00,2026-07-30 12:02:48.863000-07:00,
LIBRARY_STAGING,DBT_CROGERS,STG_PORTAL_SOC_UTAH_OPEN_DATA_P_CAEBCFEEAF__RECORDS,VIEW,,,2026-07-05 22:00:33.120000-07:00,2026-07-05 22:00:33.352000-07:00,
LIBRARY_STAGING,DBT_CROGERS,STG_PORTAL_SOC_UTAH_OPEN_DATA_P_CC88C02100__RECORDS,VIEW,,,2026-07-05 22:00:33.894000-07:00,2026-07-05 22:00:34.141000-07:00,
LIBRARY_STAGING,DBT_CROGERS,STG_PORTAL_SOC_UTAH_OPEN_DATA_P_CDBDD459C0__FACILITIES,VIEW,,,2026-07-30 12:02:50.104000-07:00,2026-07-30 12:02:50.627000-07:00,
LIBRARY_STAGING,DBT_CROGERS,STG_PORTAL_SOC_UTAH_OPEN_DATA_P_CEE3F16579__RECORDS,VIEW,,,2026-07-05 22:00:33.945000-07:00,2026-07-05 22:00:34.135000-07:00,
LIBRARY_STAGING,DBT_CROGERS,STG_PORTAL_SOC_UTAH_OPEN_DATA_P_D4ACA49A9B__PROVIDERS,VIEW,,,2026-07-30 12:02:50.134000-07:00,2026-07-30 12:02:50.501000-07:00,
LIBRARY_STAGING,DBT_CROGERS,STG_PORTAL_SOC_UTAH_OPEN_DATA_P_D5F7CA2621__PLACES,VIEW,,,2026-07-30 12:02:51.504000-07:00,2026-07-30 12:02:51.994000-07:00,
LIBRARY_STAGING,DBT_CROGERS,STG_PORTAL_SOC_UTAH_OPEN_DATA_P_D5F7CA2621__RECORDS,VIEW,,,2026-07-06 07:05:50.763000-07:00,2026-07-06 07:05:51.237000-07:00,
LIBRARY_STAGING,DBT_CROGERS,STG_PORTAL_SOC_UTAH_OPEN_DATA_P_DCD75231F6__FACILITIES,VIEW,,,2026-07-30 12:02:51.525000-07:00,2026-07-30 12:02:52.099000-07:00,
LIBRARY_STAGING,DBT_CROGERS,STG_PORTAL_SOC_UTAH_OPEN_DATA_P_E776045748__RECORDS,VIEW,,,2026-07-05 22:00:34.705000-07:00,2026-07-05 22:00:34.985000-07:00,
LIBRARY_STAGING,DBT_CROGERS,STG_PORTAL_SOC_UTAH_OPEN_DATA_P_E7A8212053__RECORDS,VIEW,,,2026-07-05 22:00:34.763000-07:00,2026-07-05 22:00:34.984000-07:00,
LIBRARY_STAGING,DBT_CROGERS,STG_PORTAL_SOC_UTAH_OPEN_DATA_P_EEFC28CE6F__RECORDS,VIEW,,,2026-07-05 22:00:35.486000-07:00,2026-07-05 22:00:35.786000-07:00,
LIBRARY_STAGING,DBT_CROGERS,STG_PORTAL_SOC_UTAH_OPEN_DATA_P_F1292B8D2F__ORGANIZATIONS,VIEW,,,2026-07-30 12:02:53.090000-07:00,2026-07-30 12:02:53.466000-07:00,
LIBRARY_STAGING,DBT_CROGERS,STG_PORTAL_SOC_UTAH_OPEN_DATA_P_F1292B8D2F__RECORDS,VIEW,,,2026-07-06 07:05:51.054000-07:00,2026-07-06 07:05:51.403000-07:00,
LIBRARY_STAGING,DBT_CROGERS,STG_PORTAL_SOC_UTAH_OPEN_DATA_P_F326BAD0FC__FACILITIES,VIEW,,,2026-07-30 12:02:53.252000-07:00,2026-07-30 12:02:53.755000-07:00,
LIBRARY_STAGING,DBT_CROGERS,STG_PORTAL_SOC_UTAH_OPEN_DATA_P_F6E04B3D02__RECORDS,VIEW,,,2026-07-05 22:00:35.712000-07:00,2026-07-05 22:00:35.917000-07:00,
LIBRARY_STAGING,DBT_CROGERS,STG_PORTAL_SOC_UTAH_OPEN_DATA_P_F87FB2BFB7__ORGANIZATIONS,VIEW,,,2026-07-30 12:02:54.609000-07:00,2026-07-30 12:02:54.975000-07:00,
LIBRARY_STAGING,DBT_CROGERS,STG_PORTAL_SOC_UTAH_OPEN_DATA_P_F8CDD62630__PROVIDERS,VIEW,,,2026-07-30 12:02:54.689000-07:00,2026-07-30 12:02:55.019000-07:00,
LIBRARY_STAGING,DBT_CROGERS,STG_PORTAL_SOC_UTAH_OPEN_DATA_P_F9EFC33574__RECORDS,VIEW,,,2026-07-05 22:00:36.420000-07:00,2026-07-05 22:00:36.646000-07:00,
LIBRARY_STAGING,DBT_CROGERS,STG_PORTAL_SOC_UTAH_OPEN_DATA_P_FA2123B348__RECORDS,VIEW,,,2026-07-05 22:00:36.477000-07:00,2026-07-05 22:00:36.724000-07:00,
LIBRARY_STAGING,DBT_CROGERS,STG_PORTAL_SOC_UTAH_OPEN_DATA_P_FB657AA744__RECORDS,VIEW,,,2026-07-05 22:00:37.146000-07:00,2026-07-05 22:00:37.398000-07:00,
LIBRARY_STAGING,DBT_CROGERS,STG_PORTAL_SOC_UTAH_OPEN_DATA_P_FE79F02E34__FACILITIES,VIEW,,,2026-07-30 12:02:56.225000-07:00,2026-07-30 12:02:56.734000-07:00,
LIBRARY_STAGING,DBT_CROGERS,STG_PORTAL_SOC_WASHINGTON_STATE_11CD1995B7__RECORDS,VIEW,,,2026-07-30 12:02:56.436000-07:00,2026-07-30 12:02:56.730000-07:00,
LIBRARY_STAGING,DBT_CROGERS,STG_PORTAL_SOC_WASHINGTON_STATE_1A95FB1665__ORGANIZATIONS,VIEW,,,2026-07-30 12:02:57.638000-07:00,2026-07-30 12:02:58.064000-07:00,
LIBRARY_STAGING,DBT_CROGERS,STG_PORTAL_SOC_WASHINGTON_STATE_1A95FB1665__RECORDS,VIEW,,,2026-07-06 07:05:52.627000-07:00,2026-07-06 07:05:52.843000-07:00,
LIBRARY_STAGING,DBT_CROGERS,STG_PORTAL_SOC_WASHINGTON_STATE_48EEEF5DFC__RECORDS,VIEW,,,2026-07-30 12:02:57.979000-07:00,2026-07-30 12:02:58.460000-07:00,
LIBRARY_STAGING,DBT_CROGERS,STG_STATE_MO_SEX_OFFENDER_REGISTRY__OFFENSES,VIEW,,,2026-08-09 21:06:00.710000-07:00,2026-08-09 21:06:00.953000-07:00,
LIBRARY_STAGING,DBT_CROGERS,STG_ST_CANNABIS_POLICY_BUNDLES__PLACES,VIEW,,,2026-07-30 12:02:59.473000-07:00,2026-07-30 12:03:00.201000-07:00,
LIBRARY_STAGING,DBT_CROGERS,STG_ST_CANNABIS_POLICY_BUNDLES__RECORDS,VIEW,,,2026-07-06 07:05:52.714000-07:00,2026-07-06 07:05:53.129000-07:00,
LIBRARY_STAGING,DBT_CROGERS,STG_ST_NYC_CFB_CAMPAIGN_2001_CONTRIBUTION__CONTRIBUTIONS,VIEW,,,2026-08-10 08:34:15.494000-07:00,2026-08-10 08:34:15.814000-07:00,
LIBRARY_STAGING,DBT_CROGERS,STG_ST_NYC_CFB_CAMPAIGN_2009_CONTRIBUTION__CONTRIBUTIONS,VIEW,,,2026-08-10 08:34:15.562000-07:00,2026-08-10 08:34:15.926000-07:00,
LIBRARY_STAGING,DBT_CROGERS,STG_ST_NYC_CFB_CAMPAIGN_2013_CONTRIBUTION__CONTRIBUTIONS,VIEW,,,2026-08-10 08:34:15.375000-07:00,2026-08-10 08:34:15.770000-07:00,
LIBRARY_STAGING,DBT_CROGERS,STG_ST_NYC_CFB_CAMPAIGN_2021_CONTRIBUTIONS__CONTRIBUTIONS,VIEW,,,2026-08-10 08:34:15.340000-07:00,2026-08-10 08:34:15.787000-07:00,
LIBRARY_STAGING,DBT_CROGERS,STG_ST_NYC_CFB_CAMPAIGN_2025_CONTRIBUTIONS__CONTRIBUTIONS,VIEW,,,2026-08-10 08:34:15.340000-07:00,2026-08-10 08:34:15.684000-07:00,
LIBRARY_STAGING,DBT_CROGERS,STG_ST_OEHHA_PROPOSITION_65_LIST__CHEMICAL,VIEW,,,2026-08-09 21:49:59.510000-07:00,2026-08-09 21:49:59.881000-07:00,
LIBRARY_STAGING,DBT_CROGERS,STG_TX_LOBBY_COVER__REPORTS,VIEW,,,2026-08-09 21:28:07.425000-07:00,2026-08-09 21:28:07.745000-07:00,
LIBRARY_STAGING,DBT_CROGERS,STG_TX_LOBBY__AWARDS,VIEW,,,2026-08-09 21:28:07.966000-07:00,2026-08-09 21:28:08.187000-07:00,
LIBRARY_STAGING,DBT_CROGERS,STG_TX_LOBBY__DOCKETS,VIEW,,,2026-08-09 21:28:08.173000-07:00,2026-08-09 21:28:08.431000-07:00,
LIBRARY_STAGING,DBT_CROGERS,STG_TX_LOBBY__ENTERTAINMENT,VIEW,,,2026-08-09 21:28:08.145000-07:00,2026-08-09 21:28:08.422000-07:00,
LIBRARY_STAGING,DBT_CROGERS,STG_TX_LOBBY__EVENTS,VIEW,,,2026-08-09 21:28:08.172000-07:00,2026-08-09 21:28:08.504000-07:00,
LIBRARY_STAGING,DBT_CROGERS,STG_TX_LOBBY__FOOD_BEVERAGE,VIEW,,,2026-08-09 21:28:08.166000-07:00,2026-08-09 21:28:08.510000-07:00,
LIBRARY_STAGING,DBT_CROGERS,STG_TX_LOBBY__GIFTS,VIEW,,,2026-08-09 21:28:08.153000-07:00,2026-08-09 21:28:08.504000-07:00,
LIBRARY_STAGING,DBT_CROGERS,STG_TX_LOBBY__INDIVIDUAL_REPORTING,VIEW,,,2026-08-09 21:28:07.917000-07:00,2026-08-09 21:28:08.238000-07:00,
LIBRARY_STAGING,DBT_CROGERS,STG_TX_LOBBY__SUBJECT_MATTER,VIEW,,,2026-08-09 21:28:08.103000-07:00,2026-08-09 21:28:08.351000-07:00,
LIBRARY_STAGING,DBT_CROGERS,STG_TX_LOBBY__TRANSPORTATION,VIEW,,,2026-08-09 21:28:08.149000-07:00,2026-08-09 21:28:08.502000-07:00,
LIBRARY_STAGING,DBT_CROGERS,STG_UK_COMPANIES_HOUSE_PSC__PSC_RECORDS,VIEW,,,2026-08-10 07:05:39.057000-07:00,2026-08-10 07:05:39.350000-07:00,
LIBRARY_STAGING,DBT_CROGERS,STG_XC_BIORXIV_MEDRXIV__PREPRINT_MANUSCRIPT,VIEW,,,2026-07-30 12:02:59.478000-07:00,2026-07-30 12:02:59.986000-07:00,
LIBRARY_STAGING,DBT_CROGERS,STG_XC_CROSSREF_FUNDER_REGISTRY__FUNDERS,VIEW,,,2026-08-10 10:14:19.341000-07:00,2026-08-10 10:14:19.633000-07:00,
LIBRARY_STAGING,DBT_CROGERS,STG_XC_GUTTMACHER_MONTHLY_ABORTION__RECORDS,VIEW,,,2026-07-30 12:03:00.723000-07:00,2026-07-30 12:03:01.057000-07:00,
LIBRARY_STAGING,DBT_CROGERS,STG_XC_JCS_COA__RECORDS,VIEW,,,2026-07-30 12:03:01.112000-07:00,2026-07-30 12:03:01.450000-07:00,
LIBRARY_STAGING,DBT_CROGERS,STG_XC_JCS_MEDIANS__RECORDS,VIEW,,,2026-07-30 12:03:02.588000-07:00,2026-07-30 12:03:02.998000-07:00,
LIBRARY_STAGING,DBT_CROGERS,STG_XC_JCS_SCOTUS__RECORDS,VIEW,,,2026-07-30 12:03:02.821000-07:00,2026-07-30 12:03:03.130000-07:00,
LIBRARY_STAGING,DBT_CROGERS,STG_XC_NAGIX_DPRK_MISSILE_TESTS__RECORDS,VIEW,,,2026-07-30 12:03:03.704000-07:00,2026-07-30 12:03:04.160000-07:00,
LIBRARY_STAGING,DBT_CROGERS,STG_XC_OSF_REGISTRATIONS__REGISTRATIONS,VIEW,,,2026-08-10 10:14:19.359000-07:00,2026-08-10 10:14:19.696000-07:00,
LIBRARY_STAGING,DBT_CROGERS,STG_XC_OWID_AI_INCIDENTS_ANNUAL__RECORDS,VIEW,,,2026-07-30 12:03:04.051000-07:00,2026-07-30 12:03:04.486000-07:00,
LIBRARY_STAGING,DBT_CROGERS,STG_XC_OWID_CO2__RECORDS,VIEW,,,2026-07-30 12:03:05.603000-07:00,2026-07-30 12:03:05.952000-07:00,
LIBRARY_STAGING,DBT_CROGERS,STG_XC_OWID_CPI__RECORDS,VIEW,,,2026-07-30 12:03:05.781000-07:00,2026-07-30 12:03:06.077000-07:00,
LIBRARY_STAGING,DBT_CROGERS,STG_XC_OWID_FERTILITY__RECORDS,VIEW,,,2026-07-30 12:03:06.765000-07:00,2026-07-30 12:03:07.107000-07:00,
LIBRARY_STAGING,DBT_CROGERS,STG_XC_OWID_FOSSIL_SHARE__RECORDS,VIEW,,,2026-07-30 12:03:07.115000-07:00,2026-07-30 12:03:07.428000-07:00,
LIBRARY_STAGING,DBT_CROGERS,STG_XC_OWID_GINI__RECORDS,VIEW,,,2026-07-30 12:03:08.592000-07:00,2026-07-30 12:03:08.944000-07:00,
LIBRARY_STAGING,DBT_CROGERS,STG_XC_OWID_HOMICIDE__RECORDS,VIEW,,,2026-07-30 12:03:08.647000-07:00,2026-07-30 12:03:08.939000-07:00,
LIBRARY_STAGING,DBT_CROGERS,STG_XC_OWID_LIFE_EXPECTANCY__RECORDS,VIEW,,,2026-07-30 12:03:10.367000-07:00,2026-07-30 12:03:10.789000-07:00,
LIBRARY_STAGING,DBT_CROGERS,STG_XC_OWID_NUCLEAR_WARHEADS__RECORDS,VIEW,,,2026-07-30 12:03:10.364000-07:00,2026-07-30 12:03:10.752000-07:00,
LIBRARY_STAGING,DBT_CROGERS,STG_XC_OWID_REFUGEES__PLACES,VIEW,,,2026-07-30 12:03:11.643000-07:00,2026-07-30 12:03:12.051000-07:00,
LIBRARY_STAGING,DBT_CROGERS,STG_XC_OWID_REFUGEES__RECORDS,VIEW,,,2026-07-06 07:05:52.950000-07:00,2026-07-06 07:05:53.256000-07:00,
LIBRARY_STAGING,DBT_CROGERS,STG_XC_OWID_TEMP_ANOMALY__RECORDS,VIEW,,,2026-07-30 12:03:11.679000-07:00,2026-07-30 12:03:12.048000-07:00,
LIBRARY_STAGING,DBT_CROGERS,STG_XC_OWID_TERRORISM_DEATHS__RECORDS,VIEW,,,2026-07-30 12:03:13.481000-07:00,2026-07-30 12:03:13.772000-07:00,
LIBRARY_STAGING,DBT_CROGERS,STG_XC_RANSOMWARELIVE_VICTIMS__RECORDS,VIEW,,,2026-08-11 09:39:37.631000-07:00,2026-08-11 09:39:37.979000-07:00,
LIBRARY_STAGING,DBT_CROGERS,STG_XC_RETRACTION_WATCH_DATABASE__RETRACTIONS,VIEW,,,2026-08-10 10:16:40.428000-07:00,2026-08-10 10:16:40.683000-07:00,
LIBRARY_STAGING,DBT_CROGERS,STG_XC_ROR_RESEARCH_ORGANIZATIONS__ORGANIZATIONS,VIEW,,,2026-08-10 10:14:19.015000-07:00,2026-08-10 10:14:19.313000-07:00,
LIBRARY_STAGING,DBT_CROGERS,STG_XC_UK_SANCTIONS_LIST__DESIGNATED_PERSON,VIEW,,,2026-08-05 15:06:49.042000-07:00,2026-08-05 15:06:49.485000-07:00,
LIBRARY_STAGING,DBT_CROGERS,STG_XC_UK_SANCTIONS_LIST__DESIGNATIONS,VIEW,,,2026-08-11 09:18:53.119000-07:00,2026-08-11 09:18:53.656000-07:00,
LIBRARY_STAGING,DBT_CROGERS,STG_XC_UN_CONSOLIDATED_SANCTIONS_LIST__DESIGNATED_PARTY,VIEW,,,2026-08-05 15:01:20.934000-07:00,2026-08-05 15:01:21.261000-07:00,
LIBRARY_STAGING,DBT_CROGERS,STG_XC_VERA_INCARCERATION_TRENDS__COUNTY_YEAR,VIEW,,,2026-07-30 12:03:14.674000-07:00,2026-07-30 12:03:15.119000-07:00,
LIBRARY_STAGING,DBT_CROGERS,STG_XC_WAPO_FATAL_FORCE__RECORDS,VIEW,,,2026-07-30 12:03:14.664000-07:00,2026-07-30 12:03:15.091000-07:00,
LIBRARY_STAGING,DBT_CROGERS,STG_XC_WAYBACK_DOJ_EPSTEIN__RECORDS,VIEW,,,2026-07-30 12:03:16.454000-07:00,2026-07-30 12:03:16.758000-07:00,
LIBRARY_STAGING,DBT_CROGERS,STG_XC_WAYBACK_REPLAY_DOJ_DEEP_PAGES__RECORDS,VIEW,,,2026-07-30 12:03:16.447000-07:00,2026-07-30 12:03:16.761000-07:00,
LIBRARY_STAGING,DBT_CROGERS,STG_XC_WAYBACK_REPLAY_DOJ_LISTING__RECORDS,VIEW,,,2026-07-30 12:03:17.715000-07:00,2026-07-30 12:03:18.092000-07:00,
LIBRARY_STAGING,DBT_CROGERS,STG_XC_WIKIPEDIA_LARGEST_US_COMPANIES__RECORDS,VIEW,,,2026-07-30 12:03:17.722000-07:00,2026-07-30 12:03:18.078000-07:00,
LIBRARY_STAGING,POLITICS,STG_FED_CONGRESS_LEGISLATORS__MEMBERS,VIEW,,,2026-07-30 11:51:29.422000-07:00,2026-07-30 11:51:29.811000-07:00,
LIBRARY_STAGING,POLITICS,STG_FED_FEC_BULK_CANDIDATES__CANDIDATES,VIEW,,,2026-07-30 11:51:56.457000-07:00,2026-07-30 11:51:56.835000-07:00,
LIBRARY_STAGING,POLITICS,STG_FED_FEC_BULK_LINKAGES__LINKAGES,VIEW,,,2026-07-30 11:51:56.487000-07:00,2026-07-30 11:51:56.842000-07:00,
LIBRARY_STAGING,POLITICS,STG_FED_FEC_BULK_SUMMARY__CANDIDATE_SUMMARY,VIEW,,,2026-07-30 11:51:56.783000-07:00,2026-07-30 11:51:57.148000-07:00,
LIBRARY_STAGING,POLITICS,STG_FED_GOVINFO_BILLSTATUS__BILLS,VIEW,,,2026-07-30 11:52:14.317000-07:00,2026-07-30 11:52:14.656000-07:00,
LIBRARY_STAGING,POLITICS,STG_FED_GOVINFO_BILL_COSPONSORS__COSPONSORS,VIEW,,,2026-07-30 11:52:12.320000-07:00,2026-07-30 11:52:12.689000-07:00,
LIBRARY_STAGING,POLITICS,STG_FED_VOTEVIEW_MEMBERS__IDEOLOGY,VIEW,,,2026-07-30 11:53:08.696000-07:00,2026-07-30 11:53:09.114000-07:00,
LIBRARY_STAGING,POLITICS,STG_FED_VOTEVIEW_ROLLCALLS__VOTES,VIEW,,,2026-07-30 11:53:11.935000-07:00,2026-07-30 11:53:12.228000-07:00,
LIBRARY_STAGING,POLITICS,STG_FED_VOTEVIEW_ROLLCALL_META__ROLLCALLS,VIEW,,,2026-07-30 11:53:10.840000-07:00,2026-07-30 11:53:11.112000-07:00,
LIBRARY_STAGING,SEEDS,SEED_COMPLIANCE_EVENTS,BASE TABLE,17,5632,2026-06-10 12:34:35.815000-07:00,2026-06-12 13:08:45.225000-07:00,
LIBRARY_STAGING,SEEDS,SEED_DIM_COUNTY,BASE TABLE,3222,96768,2026-06-14 13:04:34.511000-07:00,2026-06-14 13:04:38.676000-07:00,
LIBRARY_STAGING,SEEDS,SEED_DIM_STATE,BASE TABLE,56,2048,2026-06-14 13:04:34.467000-07:00,2026-06-14 13:04:37.386000-07:00,
LIBRARY_STAGING,SEEDS,SEED_DIM_TRACT,BASE TABLE,85391,2160640,2026-06-14 13:04:35.417000-07:00,2026-06-14 13:05:53.484000-07:00,
LIBRARY_STAGING,SEEDS,SEED_EFTA_OBLIGATIONS,BASE TABLE,3,2560,2026-06-10 12:34:35.833000-07:00,2026-06-12 13:08:45.338000-07:00,
LIBRARY_STAGING,SEEDS,SEED_XWALK_ZCTA_COUNTY,BASE TABLE,46960,359424,2026-06-14 13:04:35.273000-07:00,2026-06-14 13:05:12.457000-07:00,
