table,col,n_rows,nonnull,trusted,grain,usable,top_shape,is_end,is_ingest,junk,e70,e19,f9,bf,af,tmin,tmax,ymin,ymax,dtype
FINDINGS.EXCLUDED_PROVIDER_PAID_AFTER_EXCLUSION_IN_SHORTAGE,EXCLUSION_YEAR,287,287,0,year,True,year_only,False,False,0,0,0,0,0,0,,,1995,2023,NUMBER
FINDINGS.EXCLUDED_PROVIDER_PAID_AFTER_EXCLUSION_IN_SHORTAGE,FIRST_PAID_YEAR,287,287,0,year,True,year_only,False,False,0,0,0,0,0,0,,,2023,2024,NUMBER
FINDINGS.EXCLUDED_PROVIDER_PAID_AFTER_EXCLUSION_IN_SHORTAGE,LAST_PAID_YEAR,287,287,0,year,True,year_only,False,False,0,0,0,0,0,0,,,2023,2024,NUMBER
FINDINGS.REVOKED_BUT_DEDUCTIBLE,REVOCATION_DATE,22512,22512,22512,day,True,dd_mon_yyyy,False,False,0,0,0,0,0,0,2010-05-15,2026-02-15,,,TEXT
HEALTH.HEALTH__FED_FDA_FAERS_REAC,SRC_QUARTER,20621386,20621386,0,quarter,True,year_quarter,False,False,0,0,0,0,0,0,,,2004,2014,TEXT
FINDINGS.HOSPITAL_CLOSURE_RISK,FY_END,4435,4435,4435,day,True,us,True,False,0,0,0,0,0,0,2022-11-30,2024-09-30,,,TEXT
ECONOMICS.ECONOMICS__FED_USASPENDING_CONTRACTS_FULL,ACTION_DATE,20000000,20000000,20000000,day,True,,False,False,0,0,0,0,0,0,2007-07-17,2026-07-04,2007,2026,DATE
ECONOMICS.ECONOMICS__FED_USASPENDING_CONTRACTS_FULL,ACTION_DATE_FISCAL_YEAR,20000000,20000000,0,year,True,year_only,False,False,0,0,0,0,0,0,,,2007,2026,NUMBER
ECONOMICS.ECONOMICS__FED_USASPENDING_CONTRACTS_FULL,PERIOD_OF_PERFORMANCE_START_DATE,20000000,19999983,19999712,day,True,,False,False,271,0,0,2,4,265,1940-09-29,2035-06-09,1940,2035,DATE
ECONOMICS.ECONOMICS__FED_USASPENDING_CONTRACTS_FULL,PERIOD_OF_PERFORMANCE_CURRENT_END_DATE,20000000,19085253,19079338,day,True,,True,False,21,0,0,2,19,5894,1929-08-30,2035-12-31,1929,2035,DATE
ECONOMICS.ECONOMICS__FED_USASPENDING_CONTRACTS_FULL,PERIOD_OF_PERFORMANCE_POTENTIAL_END_DATE,20000000,18815441,18808803,day,True,,True,False,6,0,0,4,2,6632,1988-06-30,2035-12-31,1988,2035,DATE
ECONOMICS.ECONOMICS__FED_USASPENDING_CONTRACTS_FULL,ORDERING_PERIOD_END_DATE,20000000,913760,913115,day,True,,True,False,60,0,0,56,4,585,1975-05-30,2035-12-31,1975,2035,DATE
ECONOMICS.ECONOMICS__FED_USASPENDING_CONTRACTS_FULL,SOLICITATION_DATE,20000000,5827697,5827695,day,True,,False,False,2,0,0,0,2,0,1966-06-29,2026-07-03,1966,2026,DATE
ECONOMICS.ECONOMICS__FED_USASPENDING_CONTRACTS_FULL,NUMBER_OF_OFFERS_RECEIVED,20000000,14086779,0,none,False,,False,False,0,0,0,0,0,0,,,,,NUMBER
ECONOMICS.ECONOMICS__FED_USASPENDING_CONTRACTS_FULL,CONSOLIDATED_CONTRACT_CODE,20000000,20000000,0,none,False,,False,False,0,0,0,0,0,0,,,,,TEXT
ECONOMICS.ECONOMICS__FED_USASPENDING_CONTRACTS_FULL,CONSOLIDATED_CONTRACT,20000000,20000000,0,none,False,,False,False,0,0,0,0,0,0,,,,,TEXT
ECONOMICS.ECONOMICS__FED_USASPENDING_CONTRACTS_FULL,MULTI_YEAR_CONTRACT_CODE,20000000,20000000,0,none,False,,False,False,0,0,0,0,0,0,,,,,TEXT
ECONOMICS.ECONOMICS__FED_USASPENDING_CONTRACTS_FULL,MULTI_YEAR_CONTRACT,20000000,20000000,0,none,False,,False,False,0,0,0,0,0,0,,,,,TEXT
JUSTICE.JUSTICE__FED_COURTLISTENER_CITATIONS,DATE_CREATED,18123788,18123788,18123788,day,True,,False,False,0,0,0,0,0,0,2025-09-26,2026-06-30,2025,2026,DATE
JUSTICE.JUSTICE__FED_COURTLISTENER_CITATIONS,DATE_MODIFIED,18123788,18123788,18123788,day,True,,False,False,0,0,0,0,0,0,2025-09-26,2026-06-30,2025,2026,DATE
HEALTH.HEALTH__FED_FDA_FAERS_DRUG,EXP_DT,20914284,3641576,21336,month,True,yyyymm,False,False,0,0,0,0,0,0,1915-06-01,2025-12-31,1700,2035,TEXT
HEALTH.HEALTH__FED_FDA_FAERS_DRUG,SRC_QUARTER,20914284,20914284,0,quarter,True,year_quarter,False,False,0,0,0,0,0,0,,,2004,2014,TEXT
JUSTICE.JUSTICE__FED_COURTLISTENER_DOCKETS,DATE_CREATED,71677647,71677647,71677647,day,True,,False,False,0,0,0,0,0,0,2014-10-30,2026-06-30,2014,2026,DATE
JUSTICE.JUSTICE__FED_COURTLISTENER_DOCKETS,DATE_MODIFIED,71677647,71677647,71677647,day,True,,False,False,0,0,0,0,0,0,2014-10-30,2026-06-30,2014,2026,DATE
JUSTICE.JUSTICE__FED_COURTLISTENER_DOCKETS,DATE_LAST_INDEX,71677647,57427223,57427223,day,True,,False,True,0,0,0,0,0,0,2018-01-06,2024-12-11,2018,2024,DATE
JUSTICE.JUSTICE__FED_COURTLISTENER_DOCKETS,DATE_CERT_GRANTED,71677647,156,156,day,True,,False,False,0,0,0,0,0,0,1941-10-07,2007-10-15,1941,2007,DATE
JUSTICE.JUSTICE__FED_COURTLISTENER_DOCKETS,DATE_CERT_DENIED,71677647,7941,7941,day,True,,False,False,0,0,0,0,0,0,1925-08-03,2011-09-22,1925,2011,DATE
JUSTICE.JUSTICE__FED_COURTLISTENER_DOCKETS,DATE_ARGUED,71677647,236172,236171,day,True,,False,False,1,0,0,0,1,0,1802-01-08,2026-06-26,1802,2026,DATE
JUSTICE.JUSTICE__FED_COURTLISTENER_DOCKETS,DATE_REARGUED,71677647,1632,1632,day,True,,False,False,0,0,0,0,0,0,1870-01-10,2016-03-05,1870,2016,DATE
JUSTICE.JUSTICE__FED_COURTLISTENER_DOCKETS,DATE_REARGUMENT_DENIED,71677647,108277,108277,day,True,,False,False,0,0,0,0,0,0,1842-03-26,2020-12-19,1842,2020,DATE
JUSTICE.JUSTICE__FED_COURTLISTENER_DOCKETS,DATE_FILED,71677647,62556368,62556367,day,True,,False,False,106,87,18,0,0,1,1871-10-12,2030-01-28,1871,2030,DATE
JUSTICE.JUSTICE__FED_COURTLISTENER_DOCKETS,DATE_TERMINATED,71677647,56109958,56109322,day,True,,True,False,21,5,0,0,16,620,1899-12-31,2029-11-18,1899,2029,DATE
JUSTICE.JUSTICE__FED_COURTLISTENER_DOCKETS,DATE_LAST_FILING,71677647,57444459,57443149,day,True,,False,False,1311,1,0,0,0,1310,1918-08-20,2030-12-29,1918,2030,DATE
JUSTICE.JUSTICE__FED_COURTLISTENER_DOCKETS,IA_DATE_FIRST_CHANGE,71677647,60859783,60859783,day,True,,False,False,0,0,0,0,0,0,2018-01-01,2026-06-30,2018,2026,DATE
FINDINGS.EXCLUDED_PROVIDER_PAID_AFTER_EXCLUSION,EXCLUSION_YEAR,287,287,0,year,True,year_only,False,False,0,0,0,0,0,0,,,1995,2023,NUMBER
FINDINGS.EXCLUDED_PROVIDER_PAID_AFTER_EXCLUSION,FIRST_PAID_YEAR,287,287,0,year,True,year_only,False,False,0,0,0,0,0,0,,,2023,2024,NUMBER
FINDINGS.EXCLUDED_PROVIDER_PAID_AFTER_EXCLUSION,LAST_PAID_YEAR,287,287,0,year,True,year_only,False,False,0,0,0,0,0,0,,,2023,2024,NUMBER
FINDINGS.EXCLUDED_PROVIDER_AT_FACILITY,EXCLUSION_DATE,28,28,28,day,True,yyyymmdd,False,False,0,0,0,0,0,0,2015-06-18,2026-06-18,,,TEXT
_RESTORE_20260701.ECONOMICS__FED_HHS_TAGGS,AWARD_DATE,1,0,0,none,False,,False,False,0,0,0,0,0,0,,,,,DATE
_RESTORE_20260701.ECONOMICS__FED_HHS_TAGGS,FISCAL_YEAR,1,0,0,none,False,,False,False,0,0,0,0,0,0,,,,,NUMBER
_RESTORE_20260701.ECONOMICS__FED_HHS_TAGGS,AWARD_YEAR,1,0,0,none,False,,False,False,0,0,0,0,0,0,,,,,DATE
_RESTORE_20260701.ECONOMICS__FED_HHS_TAGGS,AWARD_MONTH,1,0,0,none,False,,False,False,0,0,0,0,0,0,,,,,DATE
_RESTORE_20260701.ECONOMICS__INTL_GR_GEMI,FORMATION_DATE,1,0,0,none,False,,False,False,0,0,0,0,0,0,,,,,DATE
_RESTORE_20260701.ECONOMICS__INTL_GR_GEMI,CLOSURE_DATE,1,0,0,none,False,,False,False,0,0,0,0,0,0,,,,,DATE
_RESTORE_20260701.ECONOMICS__INTL_GR_GEMI,KAK_CHANGE_DATE,1,0,0,none,False,,False,False,0,0,0,0,0,0,,,,,DATE
_RESTORE_20260701.ECONOMICS__INTL_GR_GEMI,IS_CLOSED,1,1,0,none,False,,True,False,0,0,0,0,0,0,,,,,BOOLEAN
_RESTORE_20260731.JUSTICE__FED_FJC_IDB,DATE_ID,1,0,0,none,False,,False,False,0,0,0,0,0,0,,,,,DATE
_RESTORE_20260731.JUSTICE__FED_FJC_IDB,FILE_DATE,1,0,0,none,False,,False,False,0,0,0,0,0,0,,,,,DATE
_RESTORE_20260731.JUSTICE__FED_FJC_IDB,TERM_DATE,1,0,0,none,False,,True,False,0,0,0,0,0,0,,,,,DATE
_RESTORE_20260731.JUSTICE__FED_FJC_IDB,DAYS_TO_TERMINATION,1,0,0,none,False,,True,False,0,0,0,0,0,0,,,,,NUMBER
_RESTORE_20260731.JUSTICE__FED_FJC_IDB,STAT_YEAR,1,0,0,none,False,,False,False,0,0,0,0,0,0,,,,,NUMBER
_RESTORE_20260731.JUSTICE__FED_FJC_IDB,TAPE_YEAR,1,0,0,none,False,,False,False,0,0,0,0,0,0,,,,,NUMBER
_RESTORE_20260731.JUSTICE__FED_FJC_IDB,AMOUNT_RECEIVED,1,0,0,none,False,,False,False,0,0,0,0,0,0,,,,,FLOAT
JUSTICE.JUSTICE__INTL_AUSTLII,DECISION_DATE,1,0,0,none,False,,False,False,0,0,0,0,0,0,,,,,DATE
_RESTORE_20260701.CIVIL_RIGHTS__FED_NARA_WRA_AAD,RECORD_DATE,1,0,0,none,False,,False,False,0,0,0,0,0,0,,,,,DATE
_RESTORE_20260701.CIVIL_RIGHTS__FED_NARA_WRA_AAD,RAW_DATE,1,1,0,none,False,,False,False,0,0,0,0,0,0,,,,,TEXT
_RESTORE_20260701.CIVIL_RIGHTS__FED_NARA_WRA_AAD,AGE,1,0,0,none,False,,False,False,0,0,0,0,0,0,,,,,NUMBER
_RESTORE_20260701.CORPORATE_REGISTRY__INTL_IE_CRO,INCORPORATION_DATE,1,0,0,none,False,,False,False,0,0,0,0,0,0,,,,,DATE
_RESTORE_20260701.CORPORATE_REGISTRY__INTL_IE_CRO,FINANCIAL_YEAR_END,1,0,0,none,False,,True,False,0,0,0,0,0,0,,,,,DATE
_RESTORE_20260701.CORPORATE_REGISTRY__INTL_IE_CRO,INCORPORATION_YEAR,1,0,0,none,False,,False,False,0,0,0,0,0,0,,,,,NUMBER
_RESTORE_20260701.CORPORATE_REGISTRY__INTL_IE_CRO,COMPANY_AGE_YEARS,1,0,0,none,False,,False,False,0,0,0,0,0,0,,,,,NUMBER
_RESTORE_20260701.ECONOMICS__INTL_CH_ZEFIX,SOGC_PUBLICATION_DATE,1,0,0,none,False,,False,False,0,0,0,0,0,0,,,,,DATE
ECONOMICS.ECONOMICS__FED_FINCEN_BOI,US_REGISTRATION_DATE,1,0,0,none,False,,False,False,0,0,0,0,0,0,,,,,DATE
ECONOMICS.ECONOMICS__FED_FINCEN_BOI,DATE_FILED,1,0,0,none,False,,False,False,0,0,0,0,0,0,,,,,DATE
DBT_CROGERS.LAND_AND_TERRITORY__FED_BIA_TRIBAL_GEO,LAST_UPDATED,1,1,1,day,True,,False,False,0,0,0,0,0,0,2026-03-04,2026-03-04,2026,2026,DATE
HEALTH.HEALTH__FED_CMS_HPT_MRF,MRF_DATE,1,0,0,none,False,,False,False,0,0,0,0,0,0,,,,,DATE
TRANSPORT.TRANSPORT__FED_FRA_SAFETY,EVENT_DATE,1,0,0,none,False,,False,False,0,0,0,0,0,0,,,,,DATE
_RESTORE_20260701.REGULATION__FED_FDIC_ENFORCEMENT,ORDER_DATE,1,0,0,none,False,,False,False,0,0,0,0,0,0,,,,,DATE
_RESTORE_20260701.REGULATION__FED_FDIC_ENFORCEMENT,TERMINATION_DATE,1,0,0,none,False,,True,False,0,0,0,0,0,0,,,,,DATE
_RESTORE_20260701.REGULATION__FED_FDIC_ENFORCEMENT,_INGESTED_AT,1,1,1,day,True,,False,True,0,0,0,0,0,0,2026-06-20 14:18:27.870 -0700,2026-06-20 14:18:27.870 -0700,2026,2026,TIMESTAMP_LTZ
_RESTORE_20260701.JUSTICE__FED_DOJ_CRT_CASES,DATE,1,0,0,none,False,,False,False,0,0,0,0,0,0,,,,,DATE
OPEN_DATA.OPEN_DATA__INTL_GE_DATAGOV,DATE_PUBLISHED,1,0,0,none,False,,False,False,0,0,0,0,0,0,,,,,DATE
OPEN_DATA.OPEN_DATA__INTL_GE_DATAGOV,DATE_UPDATED,1,0,0,none,False,,False,False,0,0,0,0,0,0,,,,,DATE
CIVIL_RIGHTS.CIVIL_RIGHTS__FED_NARA_WRA_AAD,RECORD_DATE,1,0,0,none,False,,False,False,0,0,0,0,0,0,,,,,DATE
CIVIL_RIGHTS.CIVIL_RIGHTS__FED_NARA_WRA_AAD,RAW_DATE,1,1,0,none,False,,False,False,0,0,0,0,0,0,,,,,TEXT
CIVIL_RIGHTS.CIVIL_RIGHTS__FED_NARA_WRA_AAD,AGE,1,0,0,none,False,,False,False,0,0,0,0,0,0,,,,,NUMBER
_RESTORE_20260701.JUSTICE__FED_FJC_IDB,DATE_ID,1,0,0,none,False,,False,False,0,0,0,0,0,0,,,,,DATE
_RESTORE_20260701.JUSTICE__FED_FJC_IDB,FILE_DATE,1,0,0,none,False,,False,False,0,0,0,0,0,0,,,,,DATE
_RESTORE_20260701.JUSTICE__FED_FJC_IDB,TERM_DATE,1,0,0,none,False,,True,False,0,0,0,0,0,0,,,,,DATE
_RESTORE_20260701.JUSTICE__FED_FJC_IDB,DAYS_TO_TERMINATION,1,0,0,none,False,,True,False,0,0,0,0,0,0,,,,,NUMBER
_RESTORE_20260701.JUSTICE__FED_FJC_IDB,STAT_YEAR,1,0,0,none,False,,False,False,0,0,0,0,0,0,,,,,NUMBER
_RESTORE_20260701.JUSTICE__FED_FJC_IDB,TAPE_YEAR,1,0,0,none,False,,False,False,0,0,0,0,0,0,,,,,NUMBER
_RESTORE_20260701.JUSTICE__FED_FJC_IDB,AMOUNT_RECEIVED,1,0,0,none,False,,False,False,0,0,0,0,0,0,,,,,FLOAT
_RESTORE_20260731.LAND_AND_TERRITORY__FED_BIA_TRIBAL_GEO,LAST_UPDATED,1,1,1,day,True,,False,False,0,0,0,0,0,0,2026-03-04,2026-03-04,2026,2026,DATE
_RESTORE_20260701.LEGAL_ENFORCEMENT__FED_NAAG_MULTISTATE_SETTLEMENTS,SETTLEMENT_DATE,1,0,0,none,False,,False,False,0,0,0,0,0,0,,,,,DATE
_RESTORE_20260701.LEGAL_ENFORCEMENT__FED_NAAG_MULTISTATE_SETTLEMENTS,SETTLEMENT_YEAR,1,0,0,none,False,,False,False,0,0,0,0,0,0,,,,,NUMBER
_RESTORE_20260701.LEGAL_ENFORCEMENT__FED_NAAG_MULTISTATE_SETTLEMENTS,SETTLEMENT_MONTH,1,0,0,none,False,,False,False,0,0,0,0,0,0,,,,,NUMBER
_RESTORE_20260701.HISTORICAL_RECORDS__FED_SLAVEVOYAGES_INTRAAMERICAN,DATE_OF_DEPARTURE,1,0,0,none,False,,False,False,0,0,0,0,0,0,,,,,DATE
_RESTORE_20260701.HISTORICAL_RECORDS__FED_SLAVEVOYAGES_INTRAAMERICAN,YEAR_OF_DEPARTURE,1,0,0,none,False,,False,False,0,0,0,0,0,0,,,,,NUMBER
_RESTORE_20260701.HISTORICAL_RECORDS__FED_SLAVEVOYAGES_INTRAAMERICAN,_INGESTED_AT,1,1,1,day,True,,False,True,0,0,0,0,0,0,2026-06-20 14:18:34.251 -0700,2026-06-20 14:18:34.251 -0700,2026,2026,TIMESTAMP_LTZ
TRANSPORT.TRANSPORT__FED_FAA_DATA_PORTAL,UPDATE_FREQUENCY,3,3,0,none,False,,False,False,0,0,0,0,0,0,,,,,TEXT
TRANSPORT.TRANSPORT__FED_FAA_DATA_PORTAL,LAST_UPDATED,3,0,0,none,False,,False,False,0,0,0,0,0,0,,,,,DATE
_RESTORE_20260701.MART_EPSTEIN_COMPLIANCE_LEDGER,DUE_DATE,3,2,2,day,True,,True,False,0,0,0,0,0,0,2025-12-19,2026-02-14,2025,2026,DATE
_RESTORE_20260701.MART_EPSTEIN_COMPLIANCE_LEDGER,ACTUAL_DATE,3,2,2,day,True,,False,False,0,0,0,0,0,0,2026-01-30,2026-02-14,2026,2026,DATE
_RESTORE_20260701.MART_EPSTEIN_COMPLIANCE_LEDGER,FIRST_ACTION_DATE,3,2,2,day,True,,False,False,0,0,0,0,0,0,2025-12-19,2026-02-14,2025,2026,DATE
_RESTORE_20260701.MART_EPSTEIN_COMPLIANCE_LEDGER,DAYS_LATE,3,2,0,none,False,,False,False,0,0,0,0,0,0,,,,,NUMBER
CORPORATE_REGISTRY.CORPORATE_REGISTRY__INTL_ES_BORME,DATE,3,3,3,day,True,,False,False,0,0,0,0,0,0,2026-06-01,2026-06-01,2026,2026,DATE
CORPORATE_REGISTRY.CORPORATE_REGISTRY__INTL_ES_BORME,ACT_MONTH,3,3,3,day,True,,False,False,0,0,0,0,0,0,2026-06-01,2026-06-01,2026,2026,DATE
CORPORATE_REGISTRY.CORPORATE_REGISTRY__INTL_ES_BORME,ACT_YEAR,3,3,3,day,True,,False,False,0,0,0,0,0,0,2026-01-01,2026-01-01,2026,2026,DATE
ENERGY.ENERGY__FED_EIA861_MERGERS,DATA_YEAR,4,4,0,year,True,year_only,False,False,0,0,0,0,0,0,,,2024,2024,NUMBER
ENERGY.ENERGY__FED_EIA861_MERGERS,EFFECTIVE_DATE,4,4,4,day,True,,False,False,0,0,0,0,0,0,2024-01-01,2024-11-20,2024,2024,DATE
ENERGY.ENERGY__FED_EIA861_MERGERS,_LOADED_AT,4,4,4,day,True,,False,True,0,0,0,0,0,0,2026-08-05 21:39:20.077,2026-08-05 21:39:20.077,2026,2026,TIMESTAMP_NTZ
ENERGY.ENERGY__FED_EIA861_DELIVERY_COMPANIES,DATA_YEAR,7,7,0,year,True,year_only,False,False,0,0,0,0,0,0,,,2024,2024,NUMBER
ENERGY.ENERGY__FED_EIA861_DELIVERY_COMPANIES,_LOADED_AT,7,7,7,day,True,,False,True,0,0,0,0,0,0,2026-08-05 21:38:54.094,2026-08-05 21:38:54.094,2026,2026,TIMESTAMP_NTZ
REFERENCE.REFERENCE__FED_ITIS_KINGDOMS,UPDATE_DATE,7,7,7,day,True,,False,False,0,0,0,0,0,0,1996-03-26,2014-08-20,1996,2014,DATE
REFERENCE.REFERENCE__FED_ITIS_KINGDOMS,_LOADED_AT,7,7,7,day,True,,False,True,0,0,0,0,0,0,2026-08-08 04:44:10.570,2026-08-08 04:44:10.570,2026,2026,TIMESTAMP_NTZ
IMMIGRATION.IMMIGRATION__FED_CBP_ENCOUNTERS,MONTHLY_TOTALS,9,0,0,none,False,,False,False,0,0,0,0,0,0,,,,,FLOAT
IMMIGRATION.IMMIGRATION__FED_CBP_ENCOUNTERS,DATA_AS_OF_DATE,9,0,0,none,False,,False,False,0,0,0,0,0,0,,,,,DATE
GOVERNMENT_RECORDS.GOVERNMENT_RECORDS__FED_NARA_AAD,RECORD_DATE,9,0,0,none,False,,False,False,0,0,0,0,0,0,,,,,DATE
_RESTORE_20260701.GOVERNMENT_RECORDS__FED_NARA_AAD,RECORD_DATE,9,0,0,none,False,,False,False,0,0,0,0,0,0,,,,,DATE
OPEN_DATA.OPEN_DATA__INTL_BR_DADOS_GOV,LAST_UPDATED,10,0,0,none,False,,False,False,0,0,0,0,0,0,,,,,DATE
SCIENCE_RESEARCH.SCIENCE_RESEARCH__XC_OSF_REGISTRATIONS,DATE_CREATED,10,10,10,day,True,,False,False,0,0,0,0,0,0,2025-12-12 14:24:31.823,2026-08-08 01:49:36.351,2025,2026,TIMESTAMP_NTZ
SCIENCE_RESEARCH.SCIENCE_RESEARCH__XC_OSF_REGISTRATIONS,DATE_MODIFIED,10,10,10,day,True,,False,False,0,0,0,0,0,0,2026-07-31 03:49:36.983,2026-08-08 01:42:16.104,2026,2026,TIMESTAMP_NTZ
SCIENCE_RESEARCH.SCIENCE_RESEARCH__XC_OSF_REGISTRATIONS,DATE_REGISTERED,10,10,10,day,True,,False,False,0,0,0,0,0,0,2025-12-12 14:24:31.802,2026-08-08 01:49:36.333,2025,2026,TIMESTAMP_NTZ
SCIENCE_RESEARCH.SCIENCE_RESEARCH__XC_OSF_REGISTRATIONS,DATE_WITHDRAWN_RAW,10,0,0,none,False,,False,False,0,0,0,0,0,0,,,,,NUMBER
SCIENCE_RESEARCH.SCIENCE_RESEARCH__XC_OSF_REGISTRATIONS,EMBARGO_END_DATE,10,1,1,day,True,,True,False,0,0,0,0,0,0,2029-01-01 00:00:00.000,2029-01-01 00:00:00.000,2029,2029,TIMESTAMP_NTZ
SCIENCE_RESEARCH.SCIENCE_RESEARCH__XC_OSF_REGISTRATIONS,_LOADED_AT,10,10,10,day,True,,False,True,0,0,0,0,0,0,2026-08-08 02:00:27.333,2026-08-08 02:00:27.333,2026,2026,TIMESTAMP_NTZ
HISTORY.HISTORY__FED_DAVID_RUMSEY,DATE_PUBLISHED,10,0,0,none,False,,False,False,0,0,0,0,0,0,,,,,DATE
OPEN_DATA.OPEN_DATA__INTL_GH_DATAGOVGH,DATE_PUBLISHED,10,0,0,none,False,,False,False,0,0,0,0,0,0,,,,,DATE
JUSTICE.JUSTICE__FED_DOJ_FCA_SETTLEMENTS,SETTLEMENT_DATE,12,0,0,none,False,,False,False,0,0,0,0,0,0,,,,,DATE
JUSTICE.JUSTICE__FED_DOJ_FCA_SETTLEMENTS,FISCAL_YEAR,12,11,0,year,True,year_only,False,False,0,0,0,0,0,0,,,2023,2026,NUMBER
SCIENCE.SCIENCE__XC_OWID_AI_INCIDENTS_ANNUAL,YEAR,14,14,0,year,True,year_only,False,False,0,0,0,0,0,0,,,2012,2025,NUMBER
TRANSPORT.TRANSPORT__FED_DOT_BTS,YEAR,21,0,0,none,False,,False,False,0,0,0,0,0,0,,,,,NUMBER
TRANSPORT.TRANSPORT__FED_DOT_BTS,MONTH,21,21,0,none,False,,False,False,0,0,0,0,0,0,,,,,TEXT
HISTORY.HISTORY__FED_DENSHO_DDR,DATE,25,25,0,none,False,,False,False,0,0,0,0,0,0,,,,,TEXT
ECONOMICS.ECONOMICS__INTL_GFI_TRADE,YEAR,25,0,0,none,False,,False,False,0,0,0,0,0,0,,,,,NUMBER
JUDICIARY.JUDICIARY__FED_OYEZ,DATE,25,25,25,day,True,,False,False,0,0,0,0,0,0,1966-01-17,1973-01-22,1966,1973,DATE
JUDICIARY.JUDICIARY__FED_OYEZ,TERM,25,25,0,year,True,year_only,True,False,0,0,0,0,0,0,,,1966,1971,NUMBER
JUDICIARY.JUDICIARY__FED_OYEZ,ARGUMENT_DATE,25,16,16,day,True,,False,False,0,0,0,0,0,0,1971-10-19,1972-04-20,1971,1972,DATE
JUDICIARY.JUDICIARY__FED_OYEZ,DECISION_DATE,25,25,25,day,True,,False,False,0,0,0,0,0,0,1966-01-17,1973-01-22,1966,1973,DATE
JUDICIARY.JUDICIARY__FED_OYEZ,SCRAPED_AT,25,25,25,day,True,,False,True,0,0,0,0,0,0,2026-06-17 19:00:02.035,2026-06-17 19:00:02.035,2026,2026,TIMESTAMP_NTZ
JUDICIARY.JUDICIARY__FED_OYEZ,_INGESTED_AT,25,25,25,day,True,,False,True,0,0,0,0,0,0,2026-07-30 12:09:56.922 -0700,2026-07-30 12:09:56.922 -0700,2026,2026,TIMESTAMP_LTZ
_RESTORE_20260731.ECONOMICS__INTL_ES_BORME,DATE,25,25,25,day,True,iso,False,False,0,0,0,0,0,0,2026-06-01,2026-06-01,,,TEXT
JUSTICE.JUSTICE__INTL_EU_SOCTA_EUROPOL,PUBLISH_DATE,26,26,26,day,True,,False,False,0,0,0,0,0,0,2025-03-18,2025-03-18,2025,2025,DATE
JUSTICE.JUSTICE__INTL_EU_SOCTA_EUROPOL,UPDATE_DATE,26,26,26,day,True,,False,False,0,0,0,0,0,0,2025-05-27,2025-05-27,2025,2025,DATE
JUSTICE.JUSTICE__INTL_EU_SOCTA_EUROPOL,REPORT_YEAR,26,26,0,year,True,year_only,False,False,0,0,0,0,0,0,,,2025,2025,TEXT
IMMIGRATION.IMMIGRATION__FED_DHS_YEARBOOK,FISCAL_YEAR,27,27,0,year,True,year_only,False,False,0,0,0,0,0,0,,,1996,2022,NUMBER
IMMIGRATION.IMMIGRATION__FED_DHS_YEARBOOK,YEARBOOK_EDITION,27,27,0,year,True,year_only,False,False,0,0,0,0,0,0,,,1996,2022,TEXT
FINANCE.FINANCE__FED_FARA,REGISTRATION_DATE,30,0,0,none,False,,False,False,0,0,0,0,0,0,,,,,DATE
FINANCE.FINANCE__FED_FARA,TERMINATION_DATE,30,0,0,none,False,,True,False,0,0,0,0,0,0,,,,,DATE
FINANCE.FINANCE__FED_FARA,PERIOD_START,30,30,0,none,False,,False,False,0,0,0,0,0,0,,,,,TEXT
FINANCE.FINANCE__FED_FARA,PERIOD_END,30,30,0,none,False,,True,False,0,0,0,0,0,0,,,,,TEXT
EDUCATION.EDUCATION__FED_ED_EDFACTS,SCHOOL_YEAR,33,33,0,none,False,,False,False,0,0,0,0,0,0,,,,,TEXT
_RESTORE_20260731.HISTORY__FED_NARA_WRA_AAD,DATE,36,36,0,none,False,,False,False,0,0,0,0,0,0,,,,,TEXT
_RESTORE_20260731.HISTORY__FED_NARA_WRA_AAD,AGE,36,36,0,none,False,,False,False,0,0,0,0,0,0,,,,,TEXT
POLITICS.POLITICS__SCOTUS_JUSTICE,FIRST_TERM,40,40,0,year,True,year_only,True,False,0,0,0,0,0,0,,,1946,2022,NUMBER
POLITICS.POLITICS__SCOTUS_JUSTICE,LAST_TERM,40,40,0,year,True,year_only,True,False,0,0,0,0,0,0,,,1948,2024,NUMBER
POLITICS.POLITICS__SCOTUS_JUSTICE,_BUILT_AT,40,40,40,day,True,,False,False,0,0,0,0,0,0,2026-06-30 20:16:35.621 -0700,2026-06-30 20:16:35.621 -0700,2026,2026,TIMESTAMP_LTZ
POLITICS.POLITICS__FJC_SCOTUS_CROSSWALK,FIRST_TERM,40,40,0,year,True,year_only,True,False,0,0,0,0,0,0,,,1946,2022,NUMBER
POLITICS.POLITICS__FJC_SCOTUS_CROSSWALK,LAST_TERM,40,40,0,year,True,year_only,True,False,0,0,0,0,0,0,,,1948,2024,NUMBER
POLITICS.POLITICS__FJC_SCOTUS_CROSSWALK,_BUILT_AT,40,40,40,day,True,,False,False,0,0,0,0,0,0,2026-06-30 20:47:45.146 -0700,2026-06-30 20:47:45.146 -0700,2026,2026,TIMESTAMP_LTZ
PROCUREMENT.PROCUREMENT__INTL_ADB_DATA,APPROVAL_DATE,41,0,0,none,False,,False,False,0,0,0,0,0,0,,,,,DATE
PROCUREMENT.PROCUREMENT__INTL_ADB_DATA,YEAR,41,0,0,none,False,,False,False,0,0,0,0,0,0,,,,,NUMBER
JUSTICE.JUSTICE__FED_USCOURTS_STATS,REPORTING_PERIOD,50,50,0,none,False,,False,False,0,0,0,0,0,0,,,,,TEXT
JUSTICE.JUSTICE__FED_BOP_STATISTICS,REPORT_DATE,50,50,50,day,True,,False,False,0,0,0,0,0,0,2026-07-01,2026-07-01,2026,2026,DATE
REFERENCE.REFERENCE__INTL_EG_CAPMAS,YEAR,52,0,0,none,False,,False,False,0,0,0,0,0,0,,,,,NUMBER
JUSTICE.JUSTICE__INTL_EURLEX_CELLAR,DATE_PUBLISHED,53,53,53,day,True,,False,False,0,0,0,0,0,0,1987-01-28,2026-03-26,1987,2026,DATE
JUSTICE.JUSTICE__INTL_EURLEX_CELLAR,DATE_OF_DOCUMENT,53,53,53,day,True,,False,False,0,0,0,0,0,0,1987-01-28,2026-03-26,1987,2026,DATE
SCIENCE.SCIENCE__FED_NASA_OPEN_DATA,RESPONSE_DATE,54,54,54,day,True,,False,False,0,0,0,0,0,0,1998-05-02,2026-07-02,1998,2026,DATE
ECONOMICS.ECONOMICS__INTL_FAO_FAOSTAT,DATEUPDATE,69,69,69,day,True,iso,False,False,0,0,0,0,0,0,1991-12-31,2026-06-17,,,TEXT
HOUSING.HOUSING__FED_HUD_DATA,YEAR,71,19,0,year,True,year_only,False,False,0,0,0,0,0,0,,,2000,2000,NUMBER
GOVERNMENT_RECORDS.GOVERNMENT_RECORDS__FED_USASPENDING_TAS_FILTER_TREE,_LOADED_AT,92,92,92,day,True,,False,True,0,0,0,0,0,0,2026-08-07 20:20:54.361,2026-08-07 20:20:54.361,2026,2026,TIMESTAMP_NTZ
_RESTORE_20260731.REFERENCE__FED_BIA_TRIBAL_GEO,LAST_UPDATED,100,100,100,day,True,,False,False,0,0,0,0,0,0,2016-02-24,2026-03-04,2016,2026,DATE
ECONOMICS.ECONOMICS__FED_GRANTS_GOV,POSTED_DATE,100,100,100,day,True,,False,False,0,0,0,0,0,0,2026-06-25,2026-07-01,2026,2026,DATE
ECONOMICS.ECONOMICS__FED_GRANTS_GOV,CLOSE_DATE,100,90,90,day,True,,True,False,0,0,0,0,0,0,2026-07-02,2027-06-07,2026,2027,DATE
ECONOMICS.ECONOMICS__FED_GRANTS_GOV,LAST_UPDATED_DATE,100,0,0,none,False,,False,False,0,0,0,0,0,0,,,,,DATE
ECONOMICS.ECONOMICS__FED_GRANTS_GOV,ARCHIVE_DATE,100,0,0,none,False,,False,False,0,0,0,0,0,0,,,,,DATE
HISTORY.HISTORY__FED_WPA_SLAVE_NARRATIVES,INTERVIEW_DATE,100,98,98,day,True,,False,False,0,0,0,0,0,0,1937-01-01,1938-01-01,1937,1938,DATE
HISTORY.HISTORY__FED_WPA_SLAVE_NARRATIVES,INTERVIEW_YEAR,100,98,0,year,True,year_only,False,False,0,0,0,0,0,0,,,1937,1938,NUMBER
HISTORY.HISTORY__FED_WPA_SLAVE_NARRATIVES,INTERVIEW_MONTH,100,98,0,none,False,,False,False,0,0,0,0,0,0,,,,,NUMBER
HISTORY.HISTORY__FED_WPA_SLAVE_NARRATIVES,_INGESTED_AT,100,100,100,day,True,,False,True,0,0,0,0,0,0,2026-07-30 12:10:48.044 -0700,2026-07-30 12:10:48.044 -0700,2026,2026,TIMESTAMP_LTZ
ECONOMICS.ECONOMICS__XC_WIKIPEDIA_LARGEST_US_COMPANIES,HEADQUARTERS,100,100,0,none,False,,False,False,0,0,0,0,0,0,,,,,TEXT
POLITICS.POLITICS__XC_JCS_MEDIANS,YEAR,102,102,0,year,True,year_only,False,False,0,0,0,0,0,0,,,1924,2024,NUMBER
POLITICS.POLITICS__XC_JCS_MEDIANS,TERM,102,102,0,year,True,year_only,True,False,0,0,0,0,0,0,,,1936,2023,TEXT
POLITICS.POLITICS__JCS_MEDIANS,YEAR,102,102,0,year,True,year_only,False,False,0,0,0,0,0,0,,,1924,2024,NUMBER
POLITICS.POLITICS__JCS_MEDIANS,TERM,102,102,0,year,True,year_only,True,False,0,0,0,0,0,0,,,1936,2023,TEXT
POLITICS.POLITICS__JCS_MEDIANS,_BUILT_AT,102,102,102,day,True,,False,False,0,0,0,0,0,0,2026-06-30 21:08:25.743 -0700,2026-06-30 21:08:25.743 -0700,2026,2026,TIMESTAMP_LTZ
ECONOMICS.ECONOMICS__FED_USASPENDING_TOPTIER_AGENCIES,ACTIVE_FY,111,111,0,year,True,year_only,False,False,0,0,0,0,0,0,,,2026,2026,TEXT
SCIENCE.SCIENCE__FED_NSF_AWARDS,AWARD_DATE,115,115,115,day,True,,False,False,0,0,0,0,0,0,2026-01-16,2026-07-01,2026,2026,DATE
SCIENCE.SCIENCE__FED_NSF_AWARDS,START_DATE,115,115,115,day,True,,False,False,0,0,0,0,0,0,2026-09-15,2027-03-01,2026,2027,DATE
SCIENCE.SCIENCE__FED_NSF_AWARDS,END_DATE,115,115,115,day,True,,True,False,0,0,0,0,0,0,2027-06-30,2031-12-31,2027,2031,DATE
HISTORY.HISTORY__FED_DOCSOUTH,PUBLICATION_DATE,144,0,0,none,False,,False,False,0,0,0,0,0,0,,,,,DATE
INVESTIGATIONS.INVESTIGATIONS__INTL_LEIDEN_RUSSIAN_OPS_EUROPE,INCIDENTYEAR,153,153,0,year,True,year_only,False,False,0,0,0,0,0,0,,,2022,2025,TEXT
INVESTIGATIONS.INVESTIGATIONS__INTL_LEIDEN_RUSSIAN_OPS_EUROPE,INCIDENTMONTH,153,153,0,none,False,,False,False,0,0,0,0,0,0,,,,,TEXT
INVESTIGATIONS.INVESTIGATIONS__INTL_LEIDEN_RUSSIAN_OPS_EUROPE,INCIDENTDATERANGE,153,153,0,none,False,,False,False,0,0,0,0,0,0,,,,,TEXT
INVESTIGATIONS.INVESTIGATIONS__INTL_LEIDEN_RUSSIAN_OPS_EUROPE,INCIDENTDATESTART,153,153,45,day,True,iso,False,False,0,0,0,0,0,0,2022-01-01,2025-10-01,,,TEXT
INVESTIGATIONS.INVESTIGATIONS__INTL_LEIDEN_RUSSIAN_OPS_EUROPE,INCIDENTDATEEND,153,153,45,day,True,iso,True,False,0,0,0,0,0,0,2022-08-30,2025-12-31,,,TEXT
HEALTH.HEALTH__FED_CMS_MAIN,UPDATE_FREQUENCY,158,158,0,none,False,,False,False,0,0,0,0,0,0,,,,,TEXT
POLITICS.POLITICS__CA_LOBBY_FIRM_EMPLOYER,RPT_START,170,170,170,day,True,,False,False,0,0,0,0,0,0,2001-04-01,2001-04-01,2001,2001,DATE
POLITICS.POLITICS__CA_LOBBY_FIRM_EMPLOYER,RPT_END,170,170,170,day,True,,True,False,0,0,0,0,0,0,2001-06-30,2001-06-30,2001,2001,DATE
POLITICS.POLITICS__CA_LOBBY_FIRM_EMPLOYER,_INGESTED_AT,170,170,170,day,True,,False,True,0,0,0,0,0,0,2026-08-05 21:37:55.142,2026-08-05 21:37:55.142,2026,2026,TIMESTAMP_NTZ
IMMIGRATION.IMMIGRATION__FED_USCIS_DATA,FISCAL_YEAR,177,0,0,none,False,,False,False,0,0,0,0,0,0,,,,,NUMBER
IMMIGRATION.IMMIGRATION__FED_USCIS_DATA,QUARTER,177,177,0,none,False,,False,False,0,0,0,0,0,0,,,,,TEXT
IMMIGRATION.IMMIGRATION__FED_USCIS_DATA,AVG_PROCESSING_TIME_DAYS,177,177,0,none,False,,False,False,0,0,0,0,0,0,,,,,TEXT
IMMIGRATION.IMMIGRATION__FED_USCIS_DATA,PUBLICATION_DATE,177,0,0,none,False,,False,False,0,0,0,0,0,0,,,,,DATE
REFERENCE.REFERENCE__FED_ITIS_TAXON_UNIT_TYPES,UPDATE_DATE,182,182,182,day,True,,False,False,0,0,0,0,0,0,1996-06-13,2024-07-18,1996,2024,DATE
REFERENCE.REFERENCE__FED_ITIS_TAXON_UNIT_TYPES,_LOADED_AT,182,182,182,day,True,,False,True,0,0,0,0,0,0,2026-08-08 04:44:10.570,2026-08-08 04:44:10.570,2026,2026,TIMESTAMP_NTZ
ENERGY.ENERGY__FED_EIA_861_BALANCING_AUTHORITY,DATA_YEAR,189,189,0,year,True,year_only,False,False,0,0,0,0,0,0,,,2024,2024,NUMBER
ENERGY.ENERGY__FED_EIA_861_BALANCING_AUTHORITY,_LOADED_AT,189,189,0,none,False,,False,True,189,0,0,189,0,0,,,,,TIMESTAMP_NTZ
REFERENCE.REFERENCE__FED_ITIS_EXPERTS,UPDATE_DATE,197,197,197,day,True,,False,False,0,0,0,0,0,0,1998-04-28,2024-06-25,1998,2024,DATE
REFERENCE.REFERENCE__FED_ITIS_EXPERTS,_LOADED_AT,197,197,197,day,True,,False,True,0,0,0,0,0,0,2026-08-08 04:44:10.570,2026-08-08 04:44:10.570,2026,2026,TIMESTAMP_NTZ
ECONOMICS.ECONOMICS__FED_IRS_990,TAX_PERIOD_BEGIN_DATE,200,0,0,none,False,,False,False,0,0,0,0,0,0,,,,,DATE
ECONOMICS.ECONOMICS__FED_IRS_990,TAX_PERIOD_END_DATE,200,0,0,none,False,,True,False,0,0,0,0,0,0,,,,,DATE
ECONOMICS.ECONOMICS__FED_IRS_990,TAX_YEAR,200,200,0,month,True,yyyymm,False,False,0,0,0,0,0,0,,,2023,2025,NUMBER
ECONOMICS.ECONOMICS__FED_SEC_EDGAR,REPORTDATE,200,200,128,day,True,iso,False,False,0,0,0,0,0,0,2025-09-28,2026-07-02,,,TEXT
ECONOMICS.ECONOMICS__FED_SEC_EDGAR,FISCALYEAREND,200,200,0,year,False,year_only,True,False,0,0,0,0,0,0,,,,,TEXT
_RESTORE_20260731.JUSTICE__INTL_FATF_RATINGS,EVALUATION_YEAR,200,200,0,none,False,,False,False,0,0,0,0,0,0,,,,,TEXT
IMMIGRATION.IMMIGRATION__FED_ICE_STATISTICS,FISCAL_YEAR,204,197,0,year,True,year_only,False,False,0,0,0,0,0,0,,,1986,1986,NUMBER
IMMIGRATION.IMMIGRATION__FED_ICE_STATISTICS,FISCAL_QUARTER,204,204,0,none,False,,False,False,0,0,0,0,0,0,,,,,TEXT
IMMIGRATION.IMMIGRATION__FED_ICE_STATISTICS,SNAPSHOT_DATE,204,204,204,day,True,,False,False,0,0,0,0,0,0,2026-07-02,2026-07-02,2026,2026,DATE
FINANCE.FINANCE__FED_SEC_BUSINESS_DEVELOPMENT_COMPANY_REPORT,FILING_DATE,212,212,0,none,False,,False,False,212,0,0,0,212,0,,,,,DATE
JUSTICE.JUSTICE__FED_FHFA_SUSPENDED_COUNTERPARTIES,EFFECTIVE_DATE,222,222,222,day,True,,False,False,0,0,0,0,0,0,2013-04-15,2026-07-29,2013,2026,DATE
JUSTICE.JUSTICE__FED_FHFA_SUSPENDED_COUNTERPARTIES,SUSPENSION_END_DATE,222,72,72,day,True,,True,False,0,0,0,0,0,0,2026-08-26,2033-03-08,2026,2033,DATE
ENVIRONMENT.ENVIRONMENT__INTL_GLOBAL_WITNESS_DEFENDERS,YEAR,232,66,0,year,True,year_only,False,False,0,0,0,0,0,0,,,2005,2026,NUMBER
ECONOMICS.ECONOMICS__FED_TREASURY_DEBT_OUTSTANDING,RECORD_DATE,237,237,237,day,True,,False,False,0,0,0,0,0,0,1790-01-01,2025-09-30,1790,2025,DATE
ECONOMICS.ECONOMICS__FED_TREASURY_DEBT_OUTSTANDING,RECORD_FISCAL_YEAR,237,237,0,year,True,year_only,False,False,0,0,0,0,0,0,,,1790,2025,TEXT
ECONOMICS.ECONOMICS__FED_TREASURY_DEBT_OUTSTANDING,RECORD_FISCAL_QUARTER,237,237,0,none,False,,False,False,0,0,0,0,0,0,,,,,TEXT
ECONOMICS.ECONOMICS__FED_TREASURY_DEBT_OUTSTANDING,RECORD_CALENDAR_YEAR,237,237,0,year,True,year_only,True,False,0,0,0,0,0,0,,,1790,2025,TEXT
ECONOMICS.ECONOMICS__FED_TREASURY_DEBT_OUTSTANDING,RECORD_CALENDAR_QUARTER,237,237,0,none,False,,True,False,0,0,0,0,0,0,,,,,TEXT
ECONOMICS.ECONOMICS__FED_TREASURY_DEBT_OUTSTANDING,RECORD_CALENDAR_MONTH,237,237,0,none,False,,True,False,0,0,0,0,0,0,,,,,TEXT
ECONOMICS.ECONOMICS__FED_TREASURY_DEBT_OUTSTANDING,RECORD_CALENDAR_DAY,237,237,0,none,False,,True,False,0,0,0,0,0,0,,,,,TEXT
REFERENCE.REFERENCE__FED_USGS_TOPOVIEW,DATECREATED,250,250,250,day,True,,False,False,0,0,0,0,0,0,2018-02-18,2025-03-26,2018,2025,DATE
REFERENCE.REFERENCE__FED_USGS_TOPOVIEW,LASTUPDATED,250,250,250,day,True,,False,False,0,0,0,0,0,0,2025-09-17,2025-09-22,2025,2025,DATE
REFERENCE.REFERENCE__FED_USGS_TOPOVIEW,PUBLICATIONDATE,250,250,250,day,True,iso,False,False,0,0,0,0,0,0,1943-01-01,1994-01-01,,,TEXT
POLITICS.POLITICS__CA_LOBBY_FIRM,CURRENT_QTR_AMT,256,256,0,none,False,,False,False,0,0,0,0,0,0,,,,,NUMBER
POLITICS.POLITICS__CA_LOBBY_FIRM,SESSION_YR_1,256,256,0,year,True,year_only,False,False,0,0,0,0,0,0,,,2001,2001,TEXT
POLITICS.POLITICS__CA_LOBBY_FIRM,SESSION_YR_2,256,256,0,year,True,year_only,False,False,0,0,0,0,0,0,,,2002,2002,TEXT
POLITICS.POLITICS__CA_LOBBY_FIRM,YR_1_YTD_AMT,256,256,0,none,False,,False,False,0,0,0,0,0,0,,,,,NUMBER
POLITICS.POLITICS__CA_LOBBY_FIRM,YR_2_YTD_AMT,256,256,0,none,False,,False,False,0,0,0,0,0,0,,,,,NUMBER
POLITICS.POLITICS__CA_LOBBY_FIRM,QTR_1,256,256,0,none,False,,False,False,0,0,0,0,0,0,,,,,NUMBER
POLITICS.POLITICS__CA_LOBBY_FIRM,QTR_2,256,256,0,none,False,,False,False,0,0,0,0,0,0,,,,,NUMBER
POLITICS.POLITICS__CA_LOBBY_FIRM,QTR_3,256,256,0,none,False,,False,False,0,0,0,0,0,0,,,,,NUMBER
POLITICS.POLITICS__CA_LOBBY_FIRM,QTR_4,256,256,0,none,False,,False,False,0,0,0,0,0,0,,,,,NUMBER
POLITICS.POLITICS__CA_LOBBY_FIRM,QTR_5,256,256,0,none,False,,False,False,0,0,0,0,0,0,,,,,NUMBER
POLITICS.POLITICS__CA_LOBBY_FIRM,QTR_6,256,256,0,none,False,,False,False,0,0,0,0,0,0,,,,,NUMBER
POLITICS.POLITICS__CA_LOBBY_FIRM,QTR_7,256,256,0,none,False,,False,False,0,0,0,0,0,0,,,,,NUMBER
ENVIRONMENT.ENVIRONMENT__FED_NOAA_WEATHER_API,EFFECTIVE,287,287,287,day,True,iso,False,False,0,0,0,0,0,0,2026-07-01,2026-07-03,,,TEXT
ENVIRONMENT.ENVIRONMENT__FED_NOAA_WEATHER_API,EXPIRES,287,287,287,day,True,,True,False,0,0,0,0,0,0,2026-07-01,2026-07-04,2026,2026,DATE
ENVIRONMENT.ENVIRONMENT__FED_NOAA_WEATHER_API,TIMESTAMP,287,287,0,none,False,,False,False,0,0,0,0,0,0,,,,,TEXT
ECONOMICS.ECONOMICS__FED_US_USASPENDING_API,FISCAL_YEAR,300,0,0,none,False,,False,False,0,0,0,0,0,0,,,,,NUMBER
ECONOMICS.ECONOMICS__FED_US_USASPENDING_API,START_DATE,300,300,300,day,True,,False,False,0,0,0,0,0,0,1978-09-15,2024-09-27,1978,2024,DATE
ECONOMICS.ECONOMICS__FED_US_USASPENDING_API,END_DATE,300,200,197,day,True,,True,False,0,0,0,0,0,3,2006-05-31,2035-12-31,2006,2035,DATE
ECONOMICS.ECONOMICS__FED_US_USASPENDING_API,LAST_MODIFIED_DATE,300,300,300,day,True,,False,False,0,0,0,0,0,0,2023-10-31,2026-06-29,2023,2026,DATE
ECONOMICS.ECONOMICS__FED_US_USASPENDING_API,AWARD_DURATION_DAYS,300,200,0,year,True,year_only,False,False,0,0,0,0,0,0,,,1791,2008,NUMBER
_RESTORE_20260731.FINANCE__FED_FFIEC_CALL_REPORTS,REPORTING_PERIOD_END_DATE,302,0,0,none,False,,True,False,0,0,0,0,0,0,,,,,DATE
JUSTICE.JUSTICE__INTL_NTI_CNS_DPRK_MISSILE_TESTS,DATE,303,303,303,day,True,iso,False,False,0,0,0,0,0,0,1984-04-09,2024-11-04,,,TEXT
JUSTICE.JUSTICE__INTL_NTI_CNS_DPRK_MISSILE_TESTS,DATE_ENTERED_UPDATED,303,303,303,day,True,,False,False,0,0,0,0,0,0,2016-12-23,2024-11-18,2016,2024,DATE
JUSTICE.JUSTICE__INTL_NTI_CNS_DPRK_MISSILE_TESTS,LAUNCH_TIME_UTC,303,303,0,none,False,,False,False,0,0,0,0,0,0,,,,,TEXT
EDUCATION.EDUCATION__FED_FRB_Z1_CSV,DATE_COL,304,304,0,none,False,,False,False,0,0,0,0,0,0,,,,,TEXT
HEALTH.HEALTH__FED_CMS_LTCH,CERTIFICATION_DATE,311,311,311,day,True,,False,False,0,0,0,0,0,0,1966-07-01,2025-02-01,1966,2025,DATE
EPSTEIN.FCT_DATASET_SIZE_HISTORY,CAPTURED_AT,339,339,339,day,True,,False,False,0,0,0,0,0,0,2025-12-19 21:13:27.000,2026-06-03 04:27:34.000,2025,2026,TIMESTAMP_NTZ
ENERGY.ENERGY__FED_EIA861_DEMAND_RESPONSE,DATA_YEAR,339,339,0,year,True,year_only,False,False,0,0,0,0,0,0,,,2024,2024,NUMBER
ENERGY.ENERGY__FED_EIA861_DEMAND_RESPONSE,_LOADED_AT,339,339,339,day,True,,False,True,0,0,0,0,0,0,2026-08-05 21:38:58.348,2026-08-05 21:38:58.348,2026,2026,TIMESTAMP_NTZ
JUSTICE.JUSTICE__XC_NAGIX_DPRK_MISSILE_TESTS,DATE,340,340,332,day,True,iso,False,False,0,0,0,0,0,0,1984-04-09,2026-05-26,1984,1992,TEXT
JUSTICE.JUSTICE__XC_NAGIX_DPRK_MISSILE_TESTS,TIME,340,340,0,none,False,,False,False,0,0,0,0,0,0,,,,,TEXT
PUBLIC.MONEY_IN_POLITICS__FEC_INDIV_BY_STATE_CYCLE_AGG,CYCLE_YEAR,400,400,0,year,True,year_only,False,False,0,0,0,0,0,0,,,2000,2026,NUMBER
GOVERNANCE.GOVERNANCE__FED_REVOLVINGDOOR_PROJECT,_INGESTED_AT,406,406,406,day,True,,False,True,0,0,0,0,0,0,2026-06-17 19:02:09.104,2026-06-17 19:02:09.104,2026,2026,TIMESTAMP_NTZ
SCIENCE_RESEARCH.SCIENCE_RESEARCH__XC_BIORXIV_MEDRXIV,PREPRINT_POSTED_DATE,432,60,60,day,True,,False,False,0,0,0,0,0,0,2026-05-18,2026-05-18,2026,2026,DATE
SCIENCE_RESEARCH.SCIENCE_RESEARCH__XC_BIORXIV_MEDRXIV,PREPRINT_DATE,432,372,372,day,True,,False,False,0,0,0,0,0,0,2021-06-18,2026-05-06,2021,2026,DATE
SCIENCE_RESEARCH.SCIENCE_RESEARCH__XC_BIORXIV_MEDRXIV,PUBLISHED_DATE,432,372,372,day,True,,False,False,0,0,0,0,0,0,2026-05-18,2026-06-01,2026,2026,DATE
SCIENCE_RESEARCH.SCIENCE_RESEARCH__XC_BIORXIV_MEDRXIV,DAYS_PREPRINT_TO_PUBLICATION,432,372,0,year,True,year_only,False,False,0,0,0,0,0,0,,,1795,1795,NUMBER
SCIENCE_RESEARCH.SCIENCE_RESEARCH__XC_BIORXIV_MEDRXIV,STAT_MONTH,432,432,0,none,False,,False,False,0,0,0,0,0,0,,,,,TEXT
REFERENCE.REFERENCE__INTL_EUROSTAT,TIME,450,450,0,year,True,year_only,False,False,0,0,0,0,0,0,,,2020,2023,TEXT
ENERGY.ENERGY__FED_EIA861_ENERGY_EFFICIENCY,DATA_YEAR,458,458,0,year,True,year_only,False,False,0,0,0,0,0,0,,,2024,2024,NUMBER
ENERGY.ENERGY__FED_EIA861_ENERGY_EFFICIENCY,RESIDENTIAL_LIFE_CYCLE_ENERGY_SAVINGS_MWH,458,448,0,year,True,year_only,False,False,0,0,0,0,0,0,,,1709,2028,NUMBER
ENERGY.ENERGY__FED_EIA861_ENERGY_EFFICIENCY,COMMERCIAL_LIFE_CYCLE_ENERGY_SAVINGS_MWH,458,388,0,year,True,year_only,False,False,0,0,0,0,0,0,,,1736,2008,NUMBER
ENERGY.ENERGY__FED_EIA861_ENERGY_EFFICIENCY,INDUSTRIAL_LIFE_CYCLE_ENERGY_SAVINGS_MWH,458,243,0,year,True,year_only,False,False,0,0,0,0,0,0,,,1730,1911,NUMBER
ENERGY.ENERGY__FED_EIA861_ENERGY_EFFICIENCY,TRANSPORTATION_LIFE_CYCLE_ENERGY_SAVINGS_MWH,458,146,0,none,False,,False,False,0,0,0,0,0,0,,,,,NUMBER
ENERGY.ENERGY__FED_EIA861_ENERGY_EFFICIENCY,TOTAL_LIFE_CYCLE_ENERGY_SAVINGS_MWH,458,455,0,year,True,year_only,False,False,0,0,0,0,0,0,,,1750,2017,NUMBER
ENERGY.ENERGY__FED_EIA861_ENERGY_EFFICIENCY,RESIDENTIAL_LIFE_CYCLE_PEAK_DEMAND_SAVINGS_MW,458,433,0,none,False,,False,False,0,0,0,0,0,0,,,,,NUMBER
ENERGY.ENERGY__FED_EIA861_ENERGY_EFFICIENCY,COMMERCIAL_LIFE_CYCLE_PEAK_DEMAND_SAVINGS_MW,458,378,0,none,False,,False,False,0,0,0,0,0,0,,,,,NUMBER
ENERGY.ENERGY__FED_EIA861_ENERGY_EFFICIENCY,INDUSTRIAL_LIFE_CYCLE_PEAK_DEMAND_SAVINGS_MW,458,237,0,none,False,,False,False,0,0,0,0,0,0,,,,,NUMBER
ENERGY.ENERGY__FED_EIA861_ENERGY_EFFICIENCY,TRANSPORTATION_LIFE_CYCLE_PEAK_DEMAND_SAVINGS_MW,458,144,0,none,False,,False,False,0,0,0,0,0,0,,,,,NUMBER
ENERGY.ENERGY__FED_EIA861_ENERGY_EFFICIENCY,TOTAL_LIFE_CYCLE_PEAK_DEMAND_SAVINGS_MW,458,439,0,none,False,,False,False,0,0,0,0,0,0,,,,,NUMBER
ENERGY.ENERGY__FED_EIA861_ENERGY_EFFICIENCY,RESIDENTIAL_LIFE_CYCLE_CUSTOMER_INCENTIVES_THOUSAND_DOLLARS,458,445,0,year,True,year_only,False,False,0,0,0,0,0,0,,,1704,2033,NUMBER
POLITICS.POLITICS__FED_FEC_API,CANDIDATE_ID,500,500,0,none,False,,False,False,0,0,0,0,0,0,,,,,TEXT
POLITICS.POLITICS__FED_FEC_API,CONTRIBUTION_RECEIPT_DATE,500,500,500,day,True,iso,False,False,0,0,0,0,0,0,2000-09-01,2022-05-26,,,TEXT
POLITICS.POLITICS__FED_FEC_API,ELECTION_YEAR,500,500,0,none,False,,False,False,0,0,0,0,0,0,,,,,TEXT
POLITICS.POLITICS__FED_FEC_API,LOAD_DATE,500,500,500,day,True,iso,False,False,0,0,0,0,0,0,2025-02-25,2026-06-30,,,TEXT
REFERENCE.REFERENCE__FED_DHS_HIFLD,SOURCE_DATE,500,500,500,day,True,,False,False,0,0,0,0,0,0,2014-06-12,2021-05-26,2014,2021,DATE
REFERENCE.REFERENCE__FED_DHS_HIFLD,_INGESTED_AT,500,500,500,day,True,,False,True,0,0,0,0,0,0,2026-07-02 15:24:12.681,2026-07-02 15:24:12.681,2026,2026,TIMESTAMP_NTZ
HEALTH.HEALTH__FED_CLINICALTRIALS,FIRST_POSTED_DATE,500,500,500,day,True,,False,False,0,0,0,0,0,0,1999-09-21,2026-06-11,1999,2026,DATE
HEALTH.HEALTH__FED_CLINICALTRIALS,START_DATE,500,320,320,day,True,,False,False,0,0,0,0,0,0,1997-01-01,2026-09-15,1997,2026,DATE
HEALTH.HEALTH__FED_CLINICALTRIALS,PRIMARY_COMPLETION_DATE,500,289,289,day,True,,False,False,0,0,0,0,0,0,2009-06-10,2031-10-22,2009,2031,DATE
HEALTH.HEALTH__FED_CLINICALTRIALS,COMPLETION_DATE,500,289,289,day,True,,False,False,0,0,0,0,0,0,2009-06-10,2032-06-06,2009,2032,DATE
HEALTH.HEALTH__FED_CLINICALTRIALS,RESULTS_FIRST_POSTED_DATE,500,62,62,day,True,,False,False,0,0,0,0,0,0,2010-06-22,2026-06-04,2010,2026,DATE
HEALTH.HEALTH__FED_CLINICALTRIALS,LAST_UPDATE_POSTED_DATE,500,500,500,day,True,,False,False,0,0,0,0,0,0,2005-06-24,2026-06-16,2005,2026,DATE
HEALTH.HEALTH__FED_CLINICALTRIALS,STUDY_DURATION_DAYS,500,283,0,year,True,year_only,False,False,0,0,0,0,0,0,,,1700,2006,NUMBER
HEALTH.HEALTH__FED_CLINICALTRIALS,DAYS_TO_RESULTS_POSTING,500,62,0,year,True,year_only,False,False,0,0,0,0,0,0,,,1767,2011,NUMBER
HEALTH.HEALTH__FED_CLINICALTRIALS,MINIMUM_AGE,500,500,0,none,False,,False,False,0,0,0,0,0,0,,,,,TEXT
HEALTH.HEALTH__FED_CLINICALTRIALS,MAXIMUM_AGE,500,500,0,none,False,,False,False,0,0,0,0,0,0,,,,,TEXT
OPEN_DATA.OPEN_DATA__INTL_CA_OPEN_CANADA,METADATA_CREATED,500,500,500,day,True,iso,False,False,0,0,0,0,0,0,2016-09-23,2026-07-02,,,TEXT
OPEN_DATA.OPEN_DATA__INTL_CA_OPEN_CANADA,METADATA_MODIFIED,500,500,500,day,True,iso,False,False,0,0,0,0,0,0,2026-07-01,2026-07-02,,,TEXT
OPEN_DATA.OPEN_DATA__INTL_CA_OPEN_CANADA,DATE_PUBLISHED,500,500,500,day,True,iso,False,False,0,0,0,0,0,0,2012-06-26,2026-07-02,,,TEXT
OPEN_DATA.OPEN_DATA__INTL_CA_OPEN_CANADA,TIME_PERIOD_COVERAGE_START,500,500,203,day,True,iso,False,False,278,2,2,0,274,0,1760-01-01,2026-05-28,,,TEXT
OPEN_DATA.OPEN_DATA__INTL_CA_OPEN_CANADA,TIME_PERIOD_COVERAGE_END,500,500,105,day,True,iso,True,False,0,0,0,0,0,3,1935-12-31,2030-01-01,,,TEXT
ENERGY.ENERGY__FED_EIA861_NON_NET_METERING_DISTRIBUTED,DATA_YEAR,507,506,0,year,True,year_only,False,False,0,0,0,0,0,0,,,2024,2024,NUMBER
ENERGY.ENERGY__FED_EIA861_NON_NET_METERING_DISTRIBUTED,_LOADED_AT,507,507,507,day,True,,False,True,0,0,0,0,0,0,2026-08-05 21:39:28.599,2026-08-05 21:39:28.599,2026,2026,TIMESTAMP_NTZ
POLITICS.POLITICS__CA_LOBBY_EMPLOYER_FIRMS,TERMINATION_DT,524,0,0,none,False,,True,False,0,0,0,0,0,0,,,,,DATE
POLITICS.POLITICS__CA_LOBBY_EMPLOYER_FIRMS,_INGESTED_AT,524,524,524,day,True,,False,True,0,0,0,0,0,0,2026-08-05 21:37:40.163,2026-08-05 21:37:40.163,2026,2026,TIMESTAMP_NTZ
ENVIRONMENT.ENVIRONMENT__XC_OWID_TEMP_ANOMALY,YEAR,531,531,0,year,True,year_only,False,False,0,0,0,0,0,0,,,1850,2026,NUMBER
POLITICS.POLITICS__CA_LOBBY_FIRM_LOBBYIST,_INGESTED_AT,577,577,577,day,True,,False,True,0,0,0,0,0,0,2026-08-05 21:38:00.679,2026-08-05 21:38:00.679,2026,2026,TIMESTAMP_NTZ
EPSTEIN.FCT_LIBRARY_SNAPSHOT,FIRST_OBSERVED_AT,619,619,619,day,True,,False,False,0,0,0,0,0,0,2025-12-19 21:13:27.000,2026-02-20 11:17:34.000,2025,2026,TIMESTAMP_NTZ
EPSTEIN.FCT_LIBRARY_SNAPSHOT,LAST_OBSERVED_AT,619,619,619,day,True,,False,False,0,0,0,0,0,0,2025-12-19 21:18:00.000,2026-06-11 16:52:38.000,2025,2026,TIMESTAMP_NTZ
SCIENCE.SCIENCE__INTL_EMBL_ENSEMBL,C_START,643,643,0,none,False,yyyymmdd,False,False,0,0,0,0,0,0,,,,,TEXT
SCIENCE.SCIENCE__INTL_EMBL_ENSEMBL,END,643,643,0,none,False,yyyymmdd,True,False,0,0,0,0,0,0,,,,,TEXT
SCIENCE.SCIENCE__INTL_EMBL_ENSEMBL,ONTOLOGY_TERM,643,643,0,none,False,,True,False,0,0,0,0,0,0,,,,,TEXT
ENERGY.ENERGY__FED_EIA861_SALES_ULT_CUST_CS,DATA_YEAR,674,674,0,year,True,year_only,False,False,0,0,0,0,0,0,,,2024,2024,NUMBER
ENERGY.ENERGY__FED_EIA861_SALES_ULT_CUST_CS,_LOADED_AT,674,674,674,day,True,,False,True,0,0,0,0,0,0,2026-08-05 21:39:44.016,2026-08-05 21:39:44.016,2026,2026,TIMESTAMP_NTZ
HEALTH.HEALTH__FED_VA_SUICIDE_NATIONAL,YEAR_OF_DEATH,690,690,0,year,True,year_only,False,False,0,0,0,0,0,0,,,2001,2023,NUMBER
HEALTH.HEALTH__FED_VA_SUICIDE_NATIONAL,AGE_GROUP,690,575,0,none,False,,False,False,0,0,0,0,0,0,,,,,TEXT
HEALTH.HEALTH__FED_VA_SUICIDE_NATIONAL,AGE_ADJUSTED_RATE_PER_100K,690,115,0,none,False,,False,False,0,0,0,0,0,0,,,,,FLOAT
HEALTH.HEALTH__FED_VA_SUICIDE_NATIONAL,MALE_AGE_ADJUSTED_RATE_PER_100K,690,115,0,none,False,,False,False,0,0,0,0,0,0,,,,,FLOAT
HEALTH.HEALTH__FED_VA_SUICIDE_NATIONAL,FEMALE_AGE_ADJUSTED_RATE_PER_100K,690,115,0,none,False,,False,False,0,0,0,0,0,0,,,,,FLOAT
HEALTH.HEALTH__FED_VA_SUICIDE_NATIONAL,_INGESTED_AT,690,690,690,day,True,,False,True,0,0,0,0,0,0,2026-08-10 01:24:35.964,2026-08-10 01:24:35.964,2026,2026,TIMESTAMP_NTZ
POLITICS.POLITICS__JUDGE_IDEOLOGY_COA,_BUILT_AT,703,703,703,day,True,,False,False,0,0,0,0,0,0,2026-06-30 21:08:24.607 -0700,2026-06-30 21:08:24.607 -0700,2026,2026,TIMESTAMP_LTZ
ECONOMICS.ECONOMICS__INTL_IPC_FOOD_INSECURITY_GLOBAL,DATE_OF_ANALYSIS,735,0,0,none,False,,False,False,0,0,0,0,0,0,,,,,DATE
ECONOMICS.ECONOMICS__INTL_IPC_FOOD_INSECURITY_GLOBAL,VALIDITY_PERIOD,735,735,0,none,False,,False,False,0,0,0,0,0,0,,,,,TEXT
POLITICS.POLITICS__FED_DOJ_EPSTEIN_LIBRARY,FETCHED_AT_UTC,777,777,777,day,True,,False,True,0,0,0,0,0,0,2026-06-11 16:52:19.000,2026-06-11 16:52:38.000,2026,2026,TIMESTAMP_NTZ
POLITICS.POLITICS__FED_DOJ_EPSTEIN_LIBRARY,_LOADED_AT,777,777,777,day,True,,False,True,0,0,0,0,0,0,2026-06-11 16:52:44.500,2026-06-11 16:52:44.500,2026,2026,TIMESTAMP_NTZ
POLITICS.POLITICS__XC_JCS_SCOTUS,TERM,782,782,0,year,True,year_only,True,False,0,0,0,0,0,0,,,1937,2022,TEXT
POLITICS.POLITICS__JUDGE_IDEOLOGY_SCOTUS,TERM,782,782,0,year,True,year_only,True,False,0,0,0,0,0,0,,,1937,2022,NUMBER
POLITICS.POLITICS__JUDGE_IDEOLOGY_SCOTUS,_BUILT_AT,782,782,782,day,True,,False,False,0,0,0,0,0,0,2026-06-30 21:08:22.950 -0700,2026-06-30 21:08:22.950 -0700,2026,2026,TIMESTAMP_LTZ
ENERGY.ENERGY__FED_EIA860_3_4_ENERGY_STORAGE,OPERATING_MONTH,786,786,0,none,False,,False,False,0,0,0,0,0,0,,,,,NUMBER
ENERGY.ENERGY__FED_EIA860_3_4_ENERGY_STORAGE,OPERATING_YEAR,786,786,0,year,True,year_only,False,False,0,0,0,0,0,0,,,1991,2024,NUMBER
ENERGY.ENERGY__FED_EIA860_3_4_ENERGY_STORAGE,_LOADED_AT,786,786,786,day,True,,False,True,0,0,0,0,0,0,2026-08-05 21:38:09.545,2026-08-05 21:38:09.545,2026,2026,TIMESTAMP_NTZ
ENERGY.ENERGY__FED_EIA861_DYNAMIC_PRICING,DATA_YEAR,857,857,0,year,True,year_only,False,False,0,0,0,0,0,0,,,2024,2024,NUMBER
ENERGY.ENERGY__FED_EIA861_DYNAMIC_PRICING,RESIDENTIAL_TIME_OF_USE_PRICING,857,358,0,none,False,,False,False,0,0,0,0,0,0,,,,,TEXT
ENERGY.ENERGY__FED_EIA861_DYNAMIC_PRICING,COMMERCIAL_TIME_OF_USE_PRICING,857,459,0,none,False,,False,False,0,0,0,0,0,0,,,,,TEXT
ENERGY.ENERGY__FED_EIA861_DYNAMIC_PRICING,INDUSTRIAL_TIME_OF_USE_PRICING,857,416,0,none,False,,False,False,0,0,0,0,0,0,,,,,TEXT
ENERGY.ENERGY__FED_EIA861_DYNAMIC_PRICING,TRANSPORTATION_TIME_OF_USE_PRICING,857,28,0,none,False,,False,False,0,0,0,0,0,0,,,,,TEXT
ENERGY.ENERGY__FED_EIA861_DYNAMIC_PRICING,RESIDENTIAL_REAL_TIME_PRICING,857,15,0,none,False,,False,False,0,0,0,0,0,0,,,,,TEXT
ENERGY.ENERGY__FED_EIA861_DYNAMIC_PRICING,COMMERCIAL_REAL_TIME_PRICING,857,130,0,none,False,,False,False,0,0,0,0,0,0,,,,,TEXT
ENERGY.ENERGY__FED_EIA861_DYNAMIC_PRICING,INDUSTRIAL_REAL_TIME_PRICING,857,110,0,none,False,,False,False,0,0,0,0,0,0,,,,,TEXT
ENERGY.ENERGY__FED_EIA861_DYNAMIC_PRICING,TRANSPORTATION_REAL_TIME_PRICING,857,3,0,none,False,,False,False,0,0,0,0,0,0,,,,,TEXT
ENERGY.ENERGY__FED_EIA861_DYNAMIC_PRICING,_LOADED_AT,857,857,857,day,True,,False,True,0,0,0,0,0,0,2026-08-05 21:39:05.805,2026-08-05 21:39:05.805,2026,2026,TIMESTAMP_NTZ
HEALTH.HEALTH__FED_CDC_WONDER,YEAR,880,880,0,year,True,year_only,False,False,0,0,0,0,0,0,,,1999,2020,NUMBER
HEALTH.HEALTH__FED_CDC_WONDER,_INGESTED_AT,880,880,880,day,True,,False,True,0,0,0,0,0,0,2026-08-09 18:18:09.399,2026-08-09 18:18:09.399,2026,2026,TIMESTAMP_NTZ
LEGAL_ENFORCEMENT.LEGAL_ENFORCEMENT__FED_NAAG_MULTISTATE_SETTLEMENTS,YEAR,882,882,0,year,True,year_only,False,False,0,0,0,0,0,0,,,1980,2019,TEXT
LEGAL_ENFORCEMENT.LEGAL_ENFORCEMENT__FED_NAAG_MULTISTATE_SETTLEMENTS,DATERESOLVED,882,882,862,day,True,us,False,False,0,0,0,0,0,0,1983-03-25,2021-07-23,,,TEXT
LEGAL_ENFORCEMENT.LEGAL_ENFORCEMENT__FED_NAAG_MULTISTATE_SETTLEMENTS,DATE_ENTRY_CREATED,882,882,882,day,True,us,False,False,0,0,0,0,0,0,2021-07-12,2021-07-12,,,TEXT
LEGAL_ENFORCEMENT.LEGAL_ENFORCEMENT__FED_NAAG_MULTISTATE_SETTLEMENTS,DATE_ENTRY_UPDATED,882,882,0,none,False,,False,False,0,0,0,0,0,0,,,,,TEXT
LEGAL_ENFORCEMENT.LEGAL_ENFORCEMENT__FED_NAAG_MULTISTATE_SETTLEMENTS,LOCATION_SETTLEMENT_FILED,882,882,0,none,False,,False,False,0,0,0,0,0,0,,,,,TEXT
LEGAL_ENFORCEMENT.LEGAL_ENFORCEMENT__FED_NAAG_MULTISTATE_SETTLEMENTS,FILED_COMPLAINT,882,882,0,none,False,,False,False,0,0,0,0,0,0,,,,,TEXT
LEGAL_ENFORCEMENT.LEGAL_ENFORCEMENT__FED_NAAG_MULTISTATE_SETTLEMENTS,CORPORATEHEADQUARTERS,882,882,0,none,False,,False,False,0,0,0,0,0,0,,,,,TEXT
LEGAL_ENFORCEMENT.LEGAL_ENFORCEMENT__FED_NAAG_MULTISTATE_SETTLEMENTS,DATE_FILED,882,882,2,day,True,us,False,False,0,0,0,0,0,0,2019-07-22,2019-07-26,2011,2011,TEXT
LEGAL_ENFORCEMENT.LEGAL_ENFORCEMENT__FED_NAAG_MULTISTATE_SETTLEMENTS,DATE_OF_FINAL_COURT_APPROVAL,882,882,0,none,False,,False,False,0,0,0,0,0,0,,,,,TEXT
JUSTICE.JUSTICE__XC_OWID_NUCLEAR_WARHEADS,YEAR,902,902,0,year,True,year_only,False,False,0,0,0,0,0,0,,,1945,2026,NUMBER
REVIEW.COHORT_QUEUE,FIRST_SEEN,903,903,903,day,True,,False,False,0,0,0,0,0,0,2026-07-30 10:23:41.838,2026-07-30 10:23:41.838,2026,2026,TIMESTAMP_NTZ
REVIEW.COHORT_QUEUE,LAST_SEEN,903,903,903,day,True,,False,False,0,0,0,0,0,0,2026-07-30 10:27:37.676,2026-07-30 10:27:37.676,2026,2026,TIMESTAMP_NTZ
REVIEW.COHORT_QUEUE,LEAD_AS_OF_DATE,903,903,903,day,True,,False,False,0,0,0,0,0,0,2026-07-30,2026-07-30,2026,2026,DATE
MONEY_FINANCE.MONEY__DEBT_REPAYMENT_CLIFF,COUNTRY_YEAR_ID,938,938,0,none,False,,False,False,0,0,0,0,0,0,,,,,TEXT
MONEY_FINANCE.MONEY__DEBT_REPAYMENT_CLIFF,DATA_YEAR,938,938,0,year,True,year_only,False,False,0,0,0,0,0,0,,,2026,2032,NUMBER
MONEY_FINANCE.MONEY__DEBT_REPAYMENT_CLIFF,PREV_YEAR_TOTAL_DEBT_SERVICE_USD,938,938,0,none,False,yyyymmdd,False,False,0,0,0,0,0,0,,,,,FLOAT
MONEY_FINANCE.MONEY__DEBT_REPAYMENT_CLIFF,IS_PEAK_SERVICE_YEAR,938,938,0,none,False,,False,False,0,0,0,0,0,0,,,,,BOOLEAN
HEALTH.HEALTH__ST_OEHHA_PROPOSITION_65_LIST,DATE_LISTED,952,924,924,day,True,,False,False,0,0,0,0,0,0,1987-02-27,2026-07-17,1987,2026,DATE
HEALTH.HEALTH__ST_OEHHA_PROPOSITION_65_LIST,NSRL_OR_MADL_G_DAY,952,256,0,year,False,year_only,False,False,0,0,0,0,0,0,,,,,FLOAT
ENERGY.ENERGY__FED_EIA861_RELIABILITY,DATA_YEAR,971,971,0,year,True,year_only,False,False,0,0,0,0,0,0,,,2024,2024,NUMBER
ENERGY.ENERGY__FED_EIA861_RELIABILITY,_LOADED_AT,971,971,971,day,True,,False,True,0,0,0,0,0,0,2026-08-05 21:39:36.498,2026-08-05 21:39:36.498,2026,2026,TIMESTAMP_NTZ
FINANCE.FINANCE__FED_SEC_CLOSED_END_FUND_INFORMATION,FILING_DATE,973,973,0,none,False,,False,False,973,0,0,0,973,0,,,,,DATE
OPEN_DATA.OPEN_DATA__INTL_CL_DATOSGOB,METADATA_CREATED,1000,1000,1000,day,True,iso,False,False,0,0,0,0,0,0,2015-10-30,2026-07-02,,,TEXT
OPEN_DATA.OPEN_DATA__INTL_CL_DATOSGOB,METADATA_MODIFIED,1000,1000,1000,day,True,iso,False,False,0,0,0,0,0,0,2024-01-22,2026-07-02,,,TEXT
CRIMINAL_JUSTICE.CRIMINAL_JUSTICE__FED_BJS_DATA,YEARQ,1000,1000,0,none,False,,False,False,0,0,0,0,0,0,,,,,TEXT
CRIMINAL_JUSTICE.CRIMINAL_JUSTICE__FED_BJS_DATA,YEAR,1000,1000,0,year,True,year_only,False,False,0,0,0,0,0,0,,,1993,1993,TEXT
OPEN_DATA.OPEN_DATA__INTL_ES_DATOSGOB,ISSUED,1000,1000,0,none,False,,False,False,0,0,0,0,0,0,,,,,TEXT
OPEN_DATA.OPEN_DATA__INTL_ES_DATOSGOB,MODIFIED,1000,1000,0,none,False,,False,False,0,0,0,0,0,0,,,,,TEXT
JUSTICE.JUSTICE__FED_FTC_DATASETS,DATE_FILED,1004,1004,1004,day,True,,False,False,0,0,0,0,0,0,2021-07-28,2026-07-07,2021,2026,DATE
ENERGY.ENERGY__FED_EIA861_NET_METERING,DATA_YEAR,1004,1004,0,year,True,year_only,False,False,0,0,0,0,0,0,,,2024,2024,NUMBER
ENERGY.ENERGY__FED_EIA861_NET_METERING,_LOADED_AT,1004,1004,1004,day,True,,False,True,0,0,0,0,0,0,2026-08-05 21:39:24.621,2026-08-05 21:39:24.621,2026,2026,TIMESTAMP_NTZ
HEALTH.HEALTH__FED_IHS_FACILITIES,_INGESTED_AT,1006,1006,1006,day,True,,False,True,0,0,0,0,0,0,2026-08-07 18:54:32.544,2026-08-07 18:54:32.544,2026,2026,TIMESTAMP_NTZ
PUBLIC.CORPORATE_ENTITIES__IRS_REVOCATION_BY_STATE_YEAR_AGG,REVOCATION_YEAR,1011,1011,0,year,True,year_only,False,False,0,0,0,0,0,0,,,2010,2026,NUMBER
JUSTICE.JUSTICE__XC_UN_CONSOLIDATED_SANCTIONS_LIST,LISTED_ON,1011,1002,1002,day,True,,False,False,0,0,0,0,0,0,2000-04-12,2026-07-22,2000,2026,DATE
JUSTICE.JUSTICE__XC_UN_CONSOLIDATED_SANCTIONS_LIST,LAST_DAY_UPDATED,1011,0,0,none,False,,False,False,0,0,0,0,0,0,,,,,DATE
JUSTICE.JUSTICE__XC_UN_CONSOLIDATED_SANCTIONS_LIST,LAST_REVIEWED_ON,1011,0,0,none,False,,False,False,0,0,0,0,0,0,,,,,DATE
JUSTICE.JUSTICE__XC_UN_CONSOLIDATED_SANCTIONS_LIST,INDIVIDUAL_DATE_OF_BIRTH,1011,1011,0,none,False,,False,False,0,0,0,0,0,0,,,,,TEXT
REFERENCE.REFERENCE__INTL_GDELT,SQLDATE,1015,1015,1015,day,True,yyyymmdd,False,False,0,0,0,0,0,0,2025-07-02,2026-07-02,,,TEXT
REFERENCE.REFERENCE__INTL_GDELT,MONTHYEAR,1015,1015,0,month,True,yyyymm,False,False,0,0,0,0,0,0,,,2025,2026,TEXT
REFERENCE.REFERENCE__INTL_GDELT,YEAR,1015,1015,0,year,True,year_only,False,False,0,0,0,0,0,0,,,2025,2026,NUMBER
REFERENCE.REFERENCE__INTL_GDELT,FRACTIONDATE,1015,1015,0,none,False,,False,False,0,0,0,0,0,0,,,,,TEXT
REFERENCE.REFERENCE__INTL_GDELT,DATEADDED,1015,1015,0,none,False,,False,False,0,0,0,0,0,0,,,,,TEXT
POLITICS.POLITICS__MEMBER_MONEY_RAISED,CYCLE,1050,1050,0,year,True,year_only,False,False,0,0,0,0,0,0,,,2024,2026,TEXT
POLITICS.POLITICS__MEMBER_MONEY_RAISED,N_CANDIDATE_IDS,1050,1050,0,none,False,,False,False,0,0,0,0,0,0,,,,,NUMBER
POLITICS.POLITICS__MEMBER_INDIV_DONATIONS,CYCLE,1057,1057,0,year,True,year_only,False,False,0,0,0,0,0,0,,,2024,2026,TEXT
REFERENCE.REFERENCE__FED_ITIS_OTHER_SOURCES,ACQUISITION_DATE,1071,1071,1071,day,True,,False,False,0,0,0,0,0,0,1996-01-01,2026-04-17,1996,2026,DATE
REFERENCE.REFERENCE__FED_ITIS_OTHER_SOURCES,UPDATE_DATE,1071,1071,1071,day,True,,False,False,0,0,0,0,0,0,1996-07-29,2026-07-28,1996,2026,DATE
REFERENCE.REFERENCE__FED_ITIS_OTHER_SOURCES,_LOADED_AT,1071,1071,1071,day,True,,False,True,0,0,0,0,0,0,2026-08-08 04:44:10.570,2026-08-08 04:44:10.570,2026,2026,TIMESTAMP_NTZ
HOUSING.HOUSING__FED_MAPPING_INEQUALITY,YEAR_MAPPED,1155,0,0,none,False,,False,False,0,0,0,0,0,0,,,,,NUMBER
HEALTH.HEALTH__FED_VA_SUICIDE_STATE,YEAR_OF_DEATH,1196,1196,0,year,True,year_only,False,False,0,0,0,0,0,0,,,2001,2023,NUMBER
HEALTH.HEALTH__FED_VA_SUICIDE_STATE,_INGESTED_AT,1196,1196,1196,day,True,,False,True,0,0,0,0,0,0,2026-08-10 01:24:35.964,2026-08-10 01:24:35.964,2026,2026,TIMESTAMP_NTZ
FINANCE.FINANCE__FED_SEC_MONEY_MARKET_FUND_INFORMATION,REPORTMONTH,1206,1206,1206,day,True,iso,False,False,0,0,0,0,0,0,2026-04-30,2026-04-30,,,TEXT
POLITICS.POLITICS__TX_LOBBY_DOCKETS,APPLICABLEYEAR,1207,1207,0,year,True,year_only,False,False,0,0,0,0,0,0,,,2001,2026,TEXT
POLITICS.POLITICS__TX_LOBBY_DOCKETS,DUEDT,1207,1207,1207,day,True,,True,False,0,0,0,0,0,0,2001-06-11,2027-01-11,2001,2027,DATE
POLITICS.POLITICS__TX_LOBBY_DOCKETS,RECEIVEDDT,1207,1207,1207,day,True,,False,False,0,0,0,0,0,0,2001-06-07,2026-07-14,2001,2026,DATE
POLITICS.POLITICS__TX_LOBBY_DOCKETS,PERIODSTARTDT,1207,1207,1207,day,True,,False,False,0,0,0,0,0,0,2001-05-01,2026-01-01,2001,2026,DATE
POLITICS.POLITICS__TX_LOBBY_DOCKETS,PERIODENDDT,1207,1207,1207,day,True,,True,False,0,0,0,0,0,0,2001-05-31,2026-07-14,2001,2026,DATE
POLITICS.POLITICS__TX_LOBBY_DOCKETS,_INGESTED_AT,1207,1207,1207,day,True,,False,True,0,0,0,0,0,0,2026-08-05 21:31:17.743,2026-08-05 21:31:17.743,2026,2026,TIMESTAMP_NTZ
HEALTH.HEALTH__FED_CMS_IRF,CERTIFICATION_DATE,1222,1222,1222,day,True,,False,False,0,0,0,0,0,0,1983-10-01,2026-10-01,1983,2026,DATE
POLITICS.POLITICS__MEMBER_PAC_MONEY,CYCLE,1258,1258,0,year,True,year_only,False,False,0,0,0,0,0,0,,,2024,2026,TEXT
ENERGY.ENERGY__FED_EIA861_DISTRIBUTION_SYSTEMS,DATA_YEAR,1353,1353,0,year,True,year_only,False,False,0,0,0,0,0,0,,,2024,2024,NUMBER
ENERGY.ENERGY__FED_EIA861_DISTRIBUTION_SYSTEMS,_LOADED_AT,1353,1353,1353,day,True,,False,True,0,0,0,0,0,0,2026-08-05 21:39:01.966,2026-08-05 21:39:01.966,2026,2026,TIMESTAMP_NTZ
HEALTH.HEALTH__FED_HRSA_UDS_HEALTH_CENTER_INFO,REPORTINGYEAR,1356,1356,0,year,True,year_only,False,False,0,0,0,0,0,0,,,2025,2025,TEXT
HEALTH.HEALTH__FED_HRSA_UDS_HEALTH_CENTER_INFO,_INGESTED_AT,1356,1356,1356,day,True,,False,True,0,0,0,0,0,0,2026-08-05 21:43:43.460,2026-08-05 21:43:43.460,2026,2026,TIMESTAMP_NTZ
HEALTH.HEALTH__FED_HRSA_UDS_TABLE3A_PATIENTS,_INGESTED_AT,1356,1356,1356,day,True,,False,True,0,0,0,0,0,0,2026-08-05 21:43:43.460,2026-08-05 21:43:43.460,2026,2026,TIMESTAMP_NTZ
HEALTH.HEALTH__FED_CDC_DATA_PORTAL,CREATED_AT,1471,1471,1471,day,True,,False,False,0,0,0,0,0,0,2013-06-10 19:09:30.000,2026-07-07 15:32:14.000,2013,2026,TIMESTAMP_NTZ
HEALTH.HEALTH__FED_CDC_DATA_PORTAL,UPDATED_AT,1471,1471,1471,day,True,,False,False,0,0,0,0,0,0,2015-08-18 21:49:28.000,2026-08-11 14:00:20.000,2015,2026,TIMESTAMP_NTZ
HEALTH.HEALTH__FED_CDC_DATA_PORTAL,DATA_UPDATED_AT,1471,1471,1471,day,True,,False,False,0,0,0,0,0,0,2013-06-19 14:45:55.000,2026-08-11 14:00:20.000,2013,2026,TIMESTAMP_NTZ
HEALTH.HEALTH__FED_CDC_DATA_PORTAL,METADATA_UPDATED_AT,1471,1471,1471,day,True,,False,False,0,0,0,0,0,0,2015-08-18 21:49:28.000,2026-08-10 18:30:27.000,2015,2026,TIMESTAMP_NTZ
HEALTH.HEALTH__FED_CDC_DATA_PORTAL,PUBLICATION_DATE,1471,1471,1471,day,True,,False,False,0,0,0,0,0,0,2013-06-19,2026-08-07,2013,2026,DATE
POLITICS.POLITICS__ST_CANNABIS_POLICY_BUNDLES,YEAR,1500,1500,0,year,True,year_only,False,False,0,0,0,0,0,0,,,1994,2023,NUMBER
POLITICS.POLITICS__ST_CANNABIS_POLICY_BUNDLES,MML_APPROVED,1500,1500,0,none,False,,False,False,0,0,0,0,0,0,,,,,TEXT
POLITICS.POLITICS__ST_CANNABIS_POLICY_BUNDLES,REC_CANN_APPROVED,1500,1500,0,none,False,,False,False,0,0,0,0,0,0,,,,,TEXT
POLITICS.POLITICS__CA_LOBBY_EMP_LOBBYIST,_INGESTED_AT,1500,1500,1500,day,True,,False,True,0,0,0,0,0,0,2026-08-05 21:37:44.838,2026-08-05 21:37:44.838,2026,2026,TIMESTAMP_NTZ
HEALTH.HEALTH__FED_CMS_OPIOID_TREATMENT_PROGRAM_PROVIDERS,MEDICARE_ID_EFFECTIVE_DATE,1558,1558,1558,day,True,,False,False,0,0,0,0,0,0,2014-10-25,2026-05-20,2014,2026,DATE
ENERGY.ENERGY__FED_EIA860_3_2_WIND,OPERATING_MONTH,1563,1563,0,none,False,,False,False,0,0,0,0,0,0,,,,,NUMBER
ENERGY.ENERGY__FED_EIA860_3_2_WIND,OPERATING_YEAR,1563,1563,0,year,True,year_only,False,False,0,0,0,0,0,0,,,1981,2024,NUMBER
ENERGY.ENERGY__FED_EIA860_3_2_WIND,_LOADED_AT,1563,1563,1563,day,True,,False,True,0,0,0,0,0,0,2026-08-05 21:37:57.118,2026-08-05 21:37:57.118,2026,2026,TIMESTAMP_NTZ
POLITICS.POLITICS__TX_LOBBY_AWARDS,APPLICABLEYEAR,1589,1589,0,year,True,year_only,False,False,0,0,0,0,0,0,,,2005,2026,TEXT
POLITICS.POLITICS__TX_LOBBY_AWARDS,DUEDT,1589,1589,1589,day,True,,True,False,0,0,0,0,0,0,2005-02-10,2026-07-10,2005,2026,DATE
POLITICS.POLITICS__TX_LOBBY_AWARDS,RECEIVEDDT,1589,1589,1589,day,True,,False,False,0,0,0,0,0,0,2005-02-09,2026-07-09,2005,2026,DATE
POLITICS.POLITICS__TX_LOBBY_AWARDS,PERIODSTARTDT,1589,1589,1589,day,True,,False,False,0,0,0,0,0,0,2005-01-01,2026-06-01,2005,2026,DATE
POLITICS.POLITICS__TX_LOBBY_AWARDS,PERIODENDDT,1589,1589,1589,day,True,,True,False,0,0,0,0,0,0,2005-01-31,2026-06-30,2005,2026,DATE
POLITICS.POLITICS__TX_LOBBY_AWARDS,LOBBYACTIVITYPERIODCD,1589,33,0,none,False,,False,False,0,0,0,0,0,0,,,,,TEXT
POLITICS.POLITICS__TX_LOBBY_AWARDS,_INGESTED_AT,1589,1589,1589,day,True,,False,True,0,0,0,0,0,0,2026-08-05 21:32:04.493,2026-08-05 21:32:04.493,2026,2026,TIMESTAMP_NTZ
JUSTICE.JUSTICE__FED_CISA_KEV,DATE_ADDED,1631,1631,1631,day,True,,False,False,0,0,0,0,0,0,2021-11-03,2026-07-01,2021,2026,DATE
JUSTICE.JUSTICE__FED_CISA_KEV,DUE_DATE,1631,1631,1631,day,True,,True,False,0,0,0,0,0,0,2021-11-17,2026-07-04,2021,2026,DATE
ENERGY.ENERGY__FED_EIA861_UTILITY_DATA,DATA_YEAR,1701,1701,0,year,True,year_only,False,False,0,0,0,0,0,0,,,2024,2024,NUMBER
ENERGY.ENERGY__FED_EIA861_UTILITY_DATA,_LOADED_AT,1701,1701,1701,day,True,,False,True,0,0,0,0,0,0,2026-08-05 21:38:44.000,2026-08-05 21:38:44.000,2026,2026,TIMESTAMP_NTZ
ENERGY.ENERGY__FED_EIA861_OPERATIONAL_DATA,DATA_YEAR,1711,1711,0,year,True,year_only,False,False,0,0,0,0,0,0,,,2024,2024,NUMBER
ENERGY.ENERGY__FED_EIA861_OPERATIONAL_DATA,EXCHANGE_ENERGY_RECEIVED_MWH,1711,397,0,month,True,yyyymm,False,False,0,0,0,0,0,0,,,1727,2011,NUMBER
ENERGY.ENERGY__FED_EIA861_OPERATIONAL_DATA,WHEELED_POWER_RECEIVED_MWH,1711,404,0,month,True,yyyymm,False,False,0,0,0,0,0,0,,,1872,2024,NUMBER
ENERGY.ENERGY__FED_EIA861_OPERATIONAL_DATA,_LOADED_AT,1711,1711,1711,day,True,,False,True,0,0,0,0,0,0,2026-08-05 21:39:33.079,2026-08-05 21:39:33.079,2026,2026,TIMESTAMP_NTZ
POLITICS.POLITICS__MEMBER_FEC_ID,LAST_TERM_TYPE,1715,1715,0,none,False,,True,False,0,0,0,0,0,0,,,,,TEXT
ENERGY.ENERGY__FED_EIA861_SHORT_FORM,DATA_YEAR,1724,1723,0,year,True,year_only,False,False,0,0,0,0,0,0,,,2024,2024,NUMBER
ENERGY.ENERGY__FED_EIA861_SHORT_FORM,_LOADED_AT,1724,1724,1724,day,True,,False,True,0,0,0,0,0,0,2026-08-05 21:38:40.445,2026-08-05 21:38:40.445,2026,2026,TIMESTAMP_NTZ
POLITICS.POLITICS__CA_LOBBY_EMPLOYER,CURRENT_QTR_AMT,1730,1730,0,none,False,,False,False,0,0,0,0,0,0,,,,,NUMBER
POLITICS.POLITICS__CA_LOBBY_EMPLOYER,SESSION_YR_1,1730,1730,0,year,True,year_only,False,False,0,0,0,0,0,0,,,1999,1999,TEXT
POLITICS.POLITICS__CA_LOBBY_EMPLOYER,SESSION_YR_2,1730,1730,0,year,True,year_only,False,False,0,0,0,0,0,0,,,2000,2000,TEXT
POLITICS.POLITICS__CA_LOBBY_EMPLOYER,YR_1_YTD_AMT,1730,1730,0,none,False,,False,False,0,0,0,0,0,0,,,,,NUMBER
POLITICS.POLITICS__CA_LOBBY_EMPLOYER,YR_2_YTD_AMT,1730,1730,0,none,False,,False,False,0,0,0,0,0,0,,,,,NUMBER
POLITICS.POLITICS__CA_LOBBY_EMPLOYER,QTR_1,1730,1730,0,none,False,,False,False,0,0,0,0,0,0,,,,,NUMBER
POLITICS.POLITICS__CA_LOBBY_EMPLOYER,QTR_2,1730,1730,0,none,False,,False,False,0,0,0,0,0,0,,,,,NUMBER
POLITICS.POLITICS__CA_LOBBY_EMPLOYER,QTR_3,1730,1730,0,none,False,,False,False,0,0,0,0,0,0,,,,,NUMBER
POLITICS.POLITICS__CA_LOBBY_EMPLOYER,QTR_4,1730,1730,0,none,False,,False,False,0,0,0,0,0,0,,,,,NUMBER
POLITICS.POLITICS__CA_LOBBY_EMPLOYER,QTR_5,1730,1730,0,none,False,,False,False,0,0,0,0,0,0,,,,,NUMBER
POLITICS.POLITICS__CA_LOBBY_EMPLOYER,QTR_6,1730,1730,0,none,False,,False,False,0,0,0,0,0,0,,,,,NUMBER
POLITICS.POLITICS__CA_LOBBY_EMPLOYER,QTR_7,1730,1730,0,none,False,,False,False,0,0,0,0,0,0,,,,,NUMBER
JUSTICE.JUSTICE__INTL_HUDOC,JUDGMENT_DATE,2000,0,0,none,False,,False,False,0,0,0,0,0,0,,,,,DATE
JUSTICE.JUSTICE__INTL_HUDOC,JUDGMENT_YEAR,2000,0,0,none,False,,False,False,0,0,0,0,0,0,,,,,NUMBER
JUSTICE.JUSTICE__INTL_HUDOC,JUDGMENT_MONTH,2000,0,0,none,False,,False,False,0,0,0,0,0,0,,,,,NUMBER
JUSTICE.JUSTICE__INTL_HUDOC,JUDGMENT_QUARTER,2000,0,0,none,False,,False,False,0,0,0,0,0,0,,,,,DATE
JUSTICE.JUSTICE__FED_COURTLISTENER_DISCLOSURE_GIFTS,DATE_CREATED,2025,2025,2025,day,True,,False,False,0,0,0,0,0,0,2021-01-04,2023-08-31,2021,2023,DATE
JUSTICE.JUSTICE__FED_COURTLISTENER_DISCLOSURE_GIFTS,DATE_MODIFIED,2025,2025,2025,day,True,,False,False,0,0,0,0,0,0,2021-01-04,2023-08-31,2021,2023,DATE
ENVIRONMENT.ENVIRONMENT__FED_PHMSA_FLAGGED_INCIDENTS,REPORT_RECEIVED_DATE,2039,2039,2039,day,True,,False,False,0,0,0,0,0,0,2010-03-10,2026-07-31,2010,2026,DATE
ENVIRONMENT.ENVIRONMENT__FED_PHMSA_FLAGGED_INCIDENTS,INCIDENT_YEAR,2039,2039,0,year,True,year_only,False,False,0,0,0,0,0,0,,,2010,2026,NUMBER
ENVIRONMENT.ENVIRONMENT__FED_PHMSA_FLAGGED_INCIDENTS,LOCAL_DATETIME,2039,0,0,none,False,,False,False,0,0,0,0,0,0,,,,,TIMESTAMP_NTZ
ENVIRONMENT.ENVIRONMENT__FED_PHMSA_FLAGGED_INCIDENTS,TIME_ZONE,2039,2039,0,none,False,,False,False,0,0,0,0,0,0,,,,,TEXT
HEALTH.HEALTH__XC_GUTTMACHER_MONTHLY_ABORTION,MONTH,2040,2040,2040,day,True,iso,False,False,0,0,0,0,0,0,2023-01-15,2026-03-15,,,TEXT
HEALTH.HEALTH__XC_GUTTMACHER_MONTHLY_ABORTION,PUBLISHDATE,2040,2040,0,none,False,,False,False,0,0,0,0,0,0,,,,,TEXT
ENVIRONMENT.ENVIRONMENT__FED_EPA_SUPERFUND_SITE_BOUNDARIES,LAST_CHANGE_AT,2114,1907,1907,day,True,,False,False,0,0,0,0,0,0,2008-12-01 00:00:00.000,2026-08-04 00:00:00.000,2008,2026,TIMESTAMP_NTZ
ENVIRONMENT.ENVIRONMENT__FED_EPA_SUPERFUND_SITE_BOUNDARIES,ORIGINALLY_CREATED_AT,2114,1859,1859,day,True,,False,False,0,0,0,0,0,0,2003-11-05 00:00:00.000,2026-04-14 18:45:46.000,2003,2026,TIMESTAMP_NTZ
ENVIRONMENT.ENVIRONMENT__FED_EPA_SUPERFUND_SITE_BOUNDARIES,_LOADED_AT,2114,2114,2114,day,True,,False,True,0,0,0,0,0,0,2026-08-10 23:35:16.411,2026-08-10 23:35:16.411,2026,2026,TIMESTAMP_NTZ
HEALTH.HEALTH__FED_FDA_PURPLE_BOOK,APPROVAL_DATE,2228,2213,2213,day,True,,False,False,0,0,0,0,0,0,1930-06-14,2026-06-05,1930,2026,DATE
HEALTH.HEALTH__FED_FDA_PURPLE_BOOK,INTERCHANGEABLE_APPROVAL_DATE,2228,131,131,day,True,,False,False,0,0,0,0,0,0,2021-07-28,2026-06-05,2021,2026,DATE
HEALTH.HEALTH__FED_FDA_PURPLE_BOOK,DATE_OF_FIRST_LICENSURE,2228,38,38,day,True,,False,False,0,0,0,0,0,0,2011-11-18,2025-03-05,2011,2025,DATE
HEALTH.HEALTH__FED_FDA_PURPLE_BOOK,EXCLUSIVITY_EXPIRATION_DATE,2228,0,0,none,False,,True,False,0,0,0,0,0,0,,,,,DATE
HEALTH.HEALTH__FED_FDA_PURPLE_BOOK,FIRST_INTERCHANGEABLE_EXCLUSIVITY_EXP_DATE,2228,30,30,day,True,,False,False,0,0,0,0,0,0,2022-11-15,2026-10-22,2022,2026,DATE
HEALTH.HEALTH__FED_FDA_PURPLE_BOOK,REF_PRODUCT_EXCLUSIVITY_EXP_DATE,2228,37,27,day,True,,False,False,10,0,0,0,0,10,2024-02-29,2035-06-22,2024,2035,DATE
HEALTH.HEALTH__FED_FDA_PURPLE_BOOK,ORPHAN_EXCLUSIVITY_EXP_DATE,2228,576,576,day,True,,False,False,0,0,0,0,0,0,1990-07-20,2033-04-23,1990,2033,DATE
HEALTH.HEALTH__FED_FDA_PURPLE_BOOK,_INGESTED_AT,2228,2228,2228,day,True,,False,True,0,0,0,0,0,0,2026-08-08 04:36:42.019,2026-08-08 04:36:42.019,2026,2026,TIMESTAMP_NTZ
POLITICS.POLITICS__XC_OWID_CPI,YEAR,2312,2312,0,year,True,year_only,False,False,0,0,0,0,0,0,,,2012,2024,NUMBER
EDUCATION.EDUCATION__FED_ED_NCES_CIP_CODES,_LOADED_AT,2318,2318,2318,day,True,,False,True,0,0,0,0,0,0,2026-08-07 20:19:08.688,2026-08-07 20:19:08.688,2026,2026,TIMESTAMP_NTZ
ECONOMICS.ECONOMICS__XC_OWID_GINI,YEAR,2389,2389,0,year,True,year_only,False,False,0,0,0,0,0,0,,,1963,2025,NUMBER
ECONOMICS.ECONOMICS__FED_IRS_SOI_CHARITIES,TAX_PERIOD,2450,1782,0,month,True,yyyymm,False,False,0,0,0,0,0,0,,,2000,2026,TEXT
ENVIRONMENT.ENVIRONMENT__FED_USGS_WBD_HUC8,LOAD_DATE,2456,2455,2455,day,True,,False,False,0,0,0,0,0,0,2012-06-11 07:54:56.000,2024-12-28 10:42:38.000,2012,2024,TIMESTAMP_NTZ
ENVIRONMENT.ENVIRONMENT__FED_USGS_WBD_HUC8,_LOADED_AT,2456,2456,2456,day,True,,False,True,0,0,0,0,0,0,2026-08-08 01:43:01.186,2026-08-08 01:43:01.186,2026,2026,TIMESTAMP_NTZ
HEALTH.HEALTH__PHARMA_MEAL_CAP_FINGERPRINT,PROGRAM_YEAR,2462,2462,0,year,True,year_only,False,False,0,0,0,0,0,0,,,2022,2024,NUMBER
INVESTIGATIONS.INVESTIGATIONS__XC_WAYBACK_REPLAY_DOJ_DEEP_PAGES,CAPTURE_TIMESTAMP_RAW,2542,2542,0,none,False,,False,False,0,0,0,0,0,0,,,,,TEXT
INVESTIGATIONS.INVESTIGATIONS__XC_WAYBACK_REPLAY_DOJ_DEEP_PAGES,CAPTURED_AT,2542,2542,2542,day,True,,False,False,0,0,0,0,0,0,2026-02-15 14:31:21.000,2026-06-04 07:26:55.000,2026,2026,TIMESTAMP_NTZ
INVESTIGATIONS.INVESTIGATIONS__XC_WAYBACK_REPLAY_DOJ_DEEP_PAGES,FETCHED_AT_UTC,2542,2542,2542,day,True,,False,True,0,0,0,0,0,0,2026-06-12 20:57:00.000,2026-06-12 21:09:12.000,2026,2026,TIMESTAMP_NTZ
INVESTIGATIONS.INVESTIGATIONS__XC_WAYBACK_REPLAY_DOJ_DEEP_PAGES,_LOADED_AT,2542,2542,2542,day,True,,False,True,0,0,0,0,0,0,2026-06-12 21:09:19.866,2026-06-12 21:09:19.866,2026,2026,TIMESTAMP_NTZ
ECONOMICS.ECONOMICS__FED_IRS_EO_PR,TAX_PERIOD,2587,2587,0,month,True,yyyymm,False,False,0,0,0,0,0,0,,,2011,2026,TEXT
ENERGY.ENERGY__FED_EIA861_ADVANCED_METERS,DATA_YEAR,2725,2724,0,year,True,year_only,False,False,0,0,0,0,0,0,,,2024,2024,NUMBER
ENERGY.ENERGY__FED_EIA861_ADVANCED_METERS,_LOADED_AT,2725,2725,2725,day,True,,False,True,0,0,0,0,0,0,2026-08-05 21:38:47.522,2026-08-05 21:38:47.522,2026,2026,TIMESTAMP_NTZ
HEALTH.HEALTH__FED_VA_ALLCAUSE_MORTALITY,YEAR,2808,2808,0,year,True,year_only,False,False,0,0,0,0,0,0,,,2018,2023,NUMBER
HEALTH.HEALTH__FED_VA_ALLCAUSE_MORTALITY,AGE_ADJUSTED_RATE,2808,963,0,year,False,year_only,False,False,0,0,0,0,0,0,,,,,FLOAT
HEALTH.HEALTH__FED_VA_ALLCAUSE_MORTALITY,_INGESTED_AT,2808,2808,2808,day,True,,False,True,0,0,0,0,0,0,2026-08-10 01:24:35.964,2026-08-10 01:24:35.964,2026,2026,TIMESTAMP_NTZ
ENERGY.ENERGY__FED_EIA861_SALES_ULT_CUST,DATA_YEAR,2815,2815,0,year,True,year_only,False,False,0,0,0,0,0,0,,,2024,2024,NUMBER
ENERGY.ENERGY__FED_EIA861_SALES_ULT_CUST,_LOADED_AT,2815,2815,2815,day,True,,False,True,0,0,0,0,0,0,2026-08-05 21:39:39.774,2026-08-05 21:39:39.774,2026,2026,TIMESTAMP_NTZ
POLITICS.POLITICS__TX_LOBBY_ENTERTAINMENT,APPLICABLEYEAR,2836,2836,0,year,True,year_only,False,False,0,0,0,0,0,0,,,2005,2026,TEXT
POLITICS.POLITICS__TX_LOBBY_ENTERTAINMENT,DUEDT,2836,2836,2836,day,True,,True,False,0,0,0,0,0,0,2005-02-10,2026-07-10,2005,2026,DATE
POLITICS.POLITICS__TX_LOBBY_ENTERTAINMENT,RECEIVEDDT,2836,2836,2836,day,True,,False,False,0,0,0,0,0,0,2005-02-04,2026-07-10,2005,2026,DATE
POLITICS.POLITICS__TX_LOBBY_ENTERTAINMENT,PERIODSTARTDT,2836,2836,2836,day,True,,False,False,0,0,0,0,0,0,2005-01-01,2026-06-01,2005,2026,DATE
POLITICS.POLITICS__TX_LOBBY_ENTERTAINMENT,PERIODENDDT,2836,2836,2836,day,True,,True,False,0,0,0,0,0,0,2005-01-31,2026-06-30,2005,2026,DATE
POLITICS.POLITICS__TX_LOBBY_ENTERTAINMENT,ACTIVITYDATE,2836,2836,2836,day,True,,False,False,0,0,0,0,0,0,2005-01-01,2026-06-15,2005,2026,DATE
POLITICS.POLITICS__TX_LOBBY_ENTERTAINMENT,_INGESTED_AT,2836,2836,2836,day,True,,False,True,0,0,0,0,0,0,2026-08-05 21:31:50.401,2026-08-05 21:31:50.401,2026,2026,TIMESTAMP_NTZ
FINANCE.FINANCE__INTL_ISO_MIC_REGISTRY,CREATION_DATE,2864,2864,2864,day,True,,False,False,0,0,0,0,0,0,2003-04-01,2026-07-27,2003,2026,DATE
FINANCE.FINANCE__INTL_ISO_MIC_REGISTRY,LAST_UPDATE_DATE,2864,2864,2864,day,True,,False,False,0,0,0,0,0,0,2003-04-28,2026-07-27,2003,2026,DATE
FINANCE.FINANCE__INTL_ISO_MIC_REGISTRY,LAST_VALIDATION_DATE,2864,949,949,day,True,,False,False,0,0,0,0,0,0,2010-08-23,2026-07-27,2010,2026,DATE
FINANCE.FINANCE__INTL_ISO_MIC_REGISTRY,EXPIRY_DATE,2864,558,558,day,True,,True,False,0,0,0,0,0,0,2003-04-28,2026-07-27,2003,2026,DATE
ENERGY.ENERGY__FED_EIA860_3_5_MULTIFUEL,TIME_TO_SWITCH_FROM_GAS_TO_OIL,2893,1916,0,none,False,,False,False,0,0,0,0,0,0,,,,,TEXT
ENERGY.ENERGY__FED_EIA860_3_5_MULTIFUEL,TIME_TO_SWITCH_FROM_OIL_TO_GAS,2893,1915,0,none,False,,False,False,0,0,0,0,0,0,,,,,TEXT
ENERGY.ENERGY__FED_EIA860_3_5_MULTIFUEL,OPERATING_MONTH,2893,2893,0,none,False,,False,False,0,0,0,0,0,0,,,,,NUMBER
ENERGY.ENERGY__FED_EIA860_3_5_MULTIFUEL,OPERATING_YEAR,2893,2893,0,year,True,year_only,False,False,0,0,0,0,0,0,,,1915,2024,NUMBER
ENERGY.ENERGY__FED_EIA860_3_5_MULTIFUEL,_LOADED_AT,2893,2893,2893,day,True,,False,True,0,0,0,0,0,0,2026-08-05 21:38:18.980,2026-08-05 21:38:18.980,2026,2026,TIMESTAMP_NTZ
CORPORATE_REGISTRY.CORPORATE_REGISTRY__FED_ICIJ_OFFSHORELEAKS_OTHERS,INCORPORATION_DATE,2989,888,888,day,True,,False,False,0,0,0,0,0,0,1933-08-05,2016-09-22,1933,2016,DATE
CORPORATE_REGISTRY.CORPORATE_REGISTRY__FED_ICIJ_OFFSHORELEAKS_OTHERS,STRUCK_OFF_DATE,2989,45,45,day,True,,False,False,0,0,0,0,0,0,1991-11-14,2013-08-12,1991,2013,DATE
CORPORATE_REGISTRY.CORPORATE_REGISTRY__FED_ICIJ_OFFSHORELEAKS_OTHERS,CLOSED_DATE,2989,117,117,day,True,,True,False,0,0,0,0,0,0,1994-12-21,2016-12-29,1994,2016,DATE
CORPORATE_REGISTRY.CORPORATE_REGISTRY__FED_ICIJ_OFFSHORELEAKS_OTHERS,VALID_UNTIL,2989,2989,0,none,False,,True,False,0,0,0,0,0,0,,,,,TEXT
CORPORATE_REGISTRY.CORPORATE_REGISTRY__FED_ICIJ_OFFSHORELEAKS_OTHERS,_INGESTED_AT,2989,2989,0,none,False,,False,True,2989,0,0,2989,0,0,,,,,TIMESTAMP_NTZ
JUSTICE.JUSTICE__COUNTY_DOUBLE_BURDEN,JAIL_RATE_YEAR,3029,3029,0,year,True,year_only,False,False,0,0,0,0,0,0,,,1970,2024,NUMBER
HEALTH.HEALTH__FED_CMS_MEDICARE_INPATIENT_HOSPITALS_BY_PROVIDER,TOT_CVRD_DAYS,3044,3044,0,year,True,year_only,False,False,0,0,0,0,0,0,,,1701,2035,TEXT
HEALTH.HEALTH__FED_CMS_MEDICARE_INPATIENT_HOSPITALS_BY_PROVIDER,TOT_DAYS,3044,3044,0,year,True,year_only,False,False,0,0,0,0,0,0,,,1703,2032,TEXT
HEALTH.HEALTH__FED_CMS_MEDICARE_INPATIENT_HOSPITALS_BY_PROVIDER,BENE_AVG_AGE,3044,3044,0,none,False,,False,False,0,0,0,0,0,0,,,,,TEXT
HEALTH.HEALTH__FED_CMS_MEDICARE_INPATIENT_HOSPITALS_BY_PROVIDER,BENE_AGE_LT_65_CNT,3044,2761,0,year,True,year_only,False,False,0,0,0,0,0,0,,,1704,1990,NUMBER
HEALTH.HEALTH__FED_CMS_MEDICARE_INPATIENT_HOSPITALS_BY_PROVIDER,BENE_AGE_65_74_CNT,3044,2998,0,year,True,year_only,False,False,0,0,0,0,0,0,,,1703,2034,NUMBER
HEALTH.HEALTH__FED_CMS_MEDICARE_INPATIENT_HOSPITALS_BY_PROVIDER,BENE_AGE_75_84_CNT,3044,2981,0,year,True,year_only,False,False,0,0,0,0,0,0,,,1702,2034,NUMBER
HEALTH.HEALTH__FED_CMS_MEDICARE_INPATIENT_HOSPITALS_BY_PROVIDER,BENE_AGE_GT_84_CNT,3044,2753,0,year,True,year_only,False,False,0,0,0,0,0,0,,,1700,2000,NUMBER
POLITICS.POLITICS__TX_LOBBY_EVENTS,APPLICABLEYEAR,3107,3107,0,year,True,year_only,False,False,0,0,0,0,0,0,,,2005,2026,TEXT
POLITICS.POLITICS__TX_LOBBY_EVENTS,DUEDT,3107,3107,3107,day,True,,True,False,0,0,0,0,0,0,2005-03-10,2026-07-10,2005,2026,DATE
POLITICS.POLITICS__TX_LOBBY_EVENTS,RECEIVEDDT,3107,3107,3107,day,True,,False,False,0,0,0,0,0,0,2005-06-29,2026-07-10,2005,2026,DATE
POLITICS.POLITICS__TX_LOBBY_EVENTS,PERIODSTARTDT,3107,3107,3107,day,True,,False,False,0,0,0,0,0,0,2005-01-01,2026-06-01,2005,2026,DATE
POLITICS.POLITICS__TX_LOBBY_EVENTS,PERIODENDDT,3107,3107,3107,day,True,,True,False,0,0,0,0,0,0,2005-02-28,2026-06-30,2005,2026,DATE
POLITICS.POLITICS__TX_LOBBY_EVENTS,ACTIVITYDATE,3107,2246,2246,day,True,,False,False,0,0,0,0,0,0,2005-01-10,2026-06-04,2005,2026,DATE
POLITICS.POLITICS__TX_LOBBY_EVENTS,_INGESTED_AT,3107,3107,3107,day,True,,False,True,0,0,0,0,0,0,2026-08-05 21:32:13.908,2026-08-05 21:32:13.908,2026,2026,TIMESTAMP_NTZ
CORE.DIM_COUNTY,VINTAGE,3222,3222,0,year,True,year_only,False,False,0,0,0,0,0,0,,,2020,2022,TEXT
JUSTICE.JUSTICE__FED_COURTLISTENER_COURTS,DATE_LAST_PACER_CONTACT,3361,0,0,none,False,,False,False,0,0,0,0,0,0,,,,,DATE
JUSTICE.JUSTICE__FED_COURTLISTENER_COURTS,DATE_MODIFIED,3361,3361,3361,day,True,,False,False,0,0,0,0,0,0,2013-08-14,2026-06-12,2013,2026,DATE
JUSTICE.JUSTICE__FED_COURTLISTENER_COURTS,START_DATE,3361,437,419,day,True,,False,False,20,1,1,0,18,0,1701-01-01,2023-06-09,1701,2023,DATE
JUSTICE.JUSTICE__FED_COURTLISTENER_COURTS,END_DATE,3361,403,393,day,True,,True,False,10,0,0,0,10,0,1776-07-03,2012-09-15,1776,2012,DATE
POLITICS.POLITICS__VOTEVIEW_ROLLCALLS,VOTE_DATE,3364,3364,3364,day,True,,False,False,0,0,0,0,0,0,2023-01-03,2026-06-25,2023,2026,DATE
_RESTORE_20260731.POLITICS__FED_VOTEVIEW_ROLLCALL_META,DATE,3364,3364,3364,day,True,iso,False,False,0,0,0,0,0,0,2023-01-03,2026-06-25,,,TEXT
ENERGY.ENERGY__FED_EIA861_FRAME,DATA_YEAR,3412,3412,0,year,True,year_only,False,False,0,0,0,0,0,0,,,2024,2024,NUMBER
ENERGY.ENERGY__FED_EIA861_FRAME,_LOADED_AT,3412,3412,3412,day,True,,False,True,0,0,0,0,0,0,2026-08-05 21:39:15.252,2026-08-05 21:39:15.252,2026,2026,TIMESTAMP_NTZ
OPEN_DATA.OPEN_DATA__INTL_AR_DATOSGOB,LAST_MODIFIED,3556,3556,3332,day,True,iso,False,False,0,0,0,0,0,0,2025-03-24,2026-07-02,,,TEXT
OPEN_DATA.OPEN_DATA__INTL_AR_DATOSGOB,SERIE_DATE,3556,0,0,none,False,,False,False,0,0,0,0,0,0,,,,,DATE
ECONOMICS.ECONOMICS__FED_FDIC_FAILED_BANKS,FAIL_DATE,3584,3584,3584,day,True,,False,False,0,0,0,0,0,0,1970-02-22,2026-05-01,1970,2026,DATE
ECONOMICS.ECONOMICS__FED_FDIC_FAILED_BANKS,INSURED_DATE,3584,0,0,none,False,,False,False,0,0,0,0,0,0,,,,,DATE
ECONOMICS.ECONOMICS__FED_FDIC_FAILED_BANKS,YEARS_INSURED_BEFORE_FAILURE,3584,0,0,none,False,,False,False,0,0,0,0,0,0,,,,,NUMBER
ECONOMICS.ECONOMICS__FED_FDIC_FAILED_BANKS,_INGESTED_AT,3584,3584,3584,day,True,,False,True,0,0,0,0,0,0,2026-07-30 12:06:15.635 -0700,2026-07-30 12:06:15.635 -0700,2026,2026,TIMESTAMP_LTZ
POLITICS.POLITICS__TX_LOBBY_TRANSPORTATION,APPLICABLEYEAR,3697,3697,0,year,True,year_only,False,False,0,0,0,0,0,0,,,2004,2026,TEXT
POLITICS.POLITICS__TX_LOBBY_TRANSPORTATION,DUEDT,3697,3697,3697,day,True,,True,False,0,0,0,0,0,0,2005-01-10,2026-07-10,2005,2026,DATE
POLITICS.POLITICS__TX_LOBBY_TRANSPORTATION,RECEIVEDDT,3697,3697,3697,day,True,,False,False,0,0,0,0,0,0,2005-01-05,2026-07-10,2005,2026,DATE
POLITICS.POLITICS__TX_LOBBY_TRANSPORTATION,PERIODSTARTDT,3697,3697,3697,day,True,,False,False,0,0,0,0,0,0,2004-01-01,2026-06-01,2004,2026,DATE
POLITICS.POLITICS__TX_LOBBY_TRANSPORTATION,PERIODENDDT,3697,3697,3697,day,True,,True,False,0,0,0,0,0,0,2004-12-31,2026-06-30,2004,2026,DATE
POLITICS.POLITICS__TX_LOBBY_TRANSPORTATION,LOBBYACTIVITYPERIODCD,3697,907,0,none,False,,False,False,0,0,0,0,0,0,,,,,TEXT
POLITICS.POLITICS__TX_LOBBY_TRANSPORTATION,CHECKINDT,3697,2337,2337,day,True,,False,False,0,0,0,0,0,0,2000-02-06,2028-06-26,2000,2028,DATE
POLITICS.POLITICS__TX_LOBBY_TRANSPORTATION,CHECKOUTDT,3697,2337,2337,day,True,,False,False,0,0,0,0,0,0,2004-12-03,2026-06-18,2004,2026,DATE
POLITICS.POLITICS__TX_LOBBY_TRANSPORTATION,DEPARTUREDT,3697,2597,2597,day,True,,False,False,0,0,0,0,0,0,2004-12-01,2026-06-18,2004,2026,DATE
POLITICS.POLITICS__TX_LOBBY_TRANSPORTATION,ARRIVALDT,3697,2597,2597,day,True,,False,False,0,0,0,0,0,0,2004-12-02,2026-06-18,2004,2026,DATE
POLITICS.POLITICS__TX_LOBBY_TRANSPORTATION,_INGESTED_AT,3697,3697,3697,day,True,,False,True,0,0,0,0,0,0,2026-08-05 21:31:33.596,2026-08-05 21:31:33.596,2026,2026,TIMESTAMP_NTZ
POLITICS.POLITICS__FED_MEDSL_PRESIDENT_RETURNS,ELECTION_YEAR,3740,3740,0,year,True,year_only,False,False,0,0,0,0,0,0,,,1976,2016,NUMBER
POLITICS.POLITICS__FED_MEDSL_PRESIDENT_RETURNS,CANDIDATE_NAME,3740,3740,0,none,False,,False,False,0,0,0,0,0,0,,,,,TEXT
POLITICS.POLITICS__FED_MEDSL_PRESIDENT_RETURNS,CANDIDATE_VOTES,3740,3740,0,year,True,year_only,False,False,0,0,0,0,0,0,,,1702,2035,NUMBER
HOUSING.HOUSING__FED_HUD_PUBLIC_HOUSING_AUTHORITIES,HA_FISCAL_YEAR_END,3787,3787,0,none,False,,True,False,0,0,0,0,0,0,,,,,TEXT
HOUSING.HOUSING__FED_HUD_PUBLIC_HOUSING_AUTHORITIES,OPERATING_FUND_AMOUNT_PREV_YR,3787,3787,0,month,True,yyyymm,False,False,0,0,0,0,0,0,,,1700,2033,NUMBER
HOUSING.HOUSING__FED_HUD_PUBLIC_HOUSING_AUTHORITIES,CAPITAL_FUND_AMOUNT_PREV_YR,3787,3787,0,month,True,yyyymm,False,False,0,0,0,0,0,0,,,1701,2034,NUMBER
HOUSING.HOUSING__FED_HUD_PUBLIC_HOUSING_AUTHORITIES,SPENDING_PER_MONTH,3787,3787,0,year,True,year_only,True,False,0,0,0,0,0,0,,,1701,2016,NUMBER
HOUSING.HOUSING__FED_HUD_PUBLIC_HOUSING_AUTHORITIES,SPENDING_PER_MONTH_PREV_YR,3787,3787,0,year,True,year_only,True,False,0,0,0,0,0,0,,,1708,2023,NUMBER
HOUSING.HOUSING__FED_HUD_PUBLIC_HOUSING_AUTHORITIES,ANNUAL_EXPENSE_AMOUNT_PREV_YR,3787,3787,0,month,True,yyyymm,False,False,0,0,0,0,0,0,,,1700,2031,NUMBER
HOUSING.HOUSING__FED_HUD_PUBLIC_HOUSING_AUTHORITIES,LAST_UPDATED_AT,3787,3787,3787,day,True,,False,False,0,0,0,0,0,0,2025-07-16 22:56:19.000,2025-07-16 22:56:19.000,2025,2025,TIMESTAMP_NTZ
HOUSING.HOUSING__FED_HUD_PUBLIC_HOUSING_AUTHORITIES,_INGESTED_AT,3787,3787,3787,day,True,,False,True,0,0,0,0,0,0,2026-08-07 20:20:14.677,2026-08-07 20:20:14.677,2026,2026,TIMESTAMP_NTZ
PUBLIC.SPENDING_BUDGET__SBA_LOANS_BY_STATE_PROGRAM_AGG,APPROVAL_FY,3893,3893,0,year,True,year_only,False,False,0,0,0,0,0,0,,,1991,2026,TEXT
PUBLIC.SPENDING_BUDGET__USASPENDING_BY_AGENCY_STATE_AGG,ACTION_YEAR,3925,3925,0,year,True,year_only,False,False,0,0,0,0,0,0,,,2024,2025,NUMBER
POLITICS.POLITICS__FED_MEDSL_SENATE_RETURNS,ELECTION_YEAR,3945,3945,0,year,True,year_only,False,False,0,0,0,0,0,0,,,1976,2024,NUMBER
POLITICS.POLITICS__FED_MEDSL_SENATE_RETURNS,CANDIDATE_NAME,3945,3945,0,none,False,,False,False,0,0,0,0,0,0,,,,,TEXT
POLITICS.POLITICS__FED_MEDSL_SENATE_RETURNS,CANDIDATE_VOTES,3945,3945,0,month,True,yyyymm,False,False,0,0,0,0,0,0,,,1701,2033,NUMBER
POLITICS.POLITICS__FED_FJC_JUDGES,BIRTH_MONTH,4067,4067,0,none,False,,False,False,0,0,0,0,0,0,,,,,TEXT
POLITICS.POLITICS__FED_FJC_JUDGES,BIRTH_DAY,4067,4067,0,none,False,,False,False,0,0,0,0,0,0,,,,,TEXT
POLITICS.POLITICS__FED_FJC_JUDGES,BIRTH_YEAR,4067,4067,0,year,True,year_only,False,False,0,0,0,0,0,0,,,1732,1991,TEXT
POLITICS.POLITICS__FED_FJC_JUDGES,DEATH_MONTH,4067,4067,0,none,False,,False,False,0,0,0,0,0,0,,,,,TEXT
POLITICS.POLITICS__FED_FJC_JUDGES,DEATH_DAY,4067,4067,0,none,False,,False,False,0,0,0,0,0,0,,,,,TEXT
POLITICS.POLITICS__FED_FJC_JUDGES,DEATH_YEAR,4067,4067,0,year,True,year_only,False,False,0,0,0,0,0,0,,,1790,2026,TEXT
POLITICS.POLITICS__FED_FJC_JUDGES,RECESS_APPOINTMENT_DATE_1,4067,289,289,day,True,,False,False,0,0,0,0,0,0,1789-11-18,2004-02-20,1789,2004,DATE
POLITICS.POLITICS__FED_FJC_JUDGES,NOMINATION_DATE_1,4067,4056,4056,day,True,,False,False,0,0,0,0,0,0,1789-09-24,2026-04-14,1789,2026,DATE
POLITICS.POLITICS__FED_FJC_JUDGES,COMMITTEE_REFERRAL_DATE_1,4067,3888,3888,day,True,,False,False,0,0,0,0,0,0,1826-05-08,2026-04-14,1826,2026,DATE
POLITICS.POLITICS__FED_FJC_JUDGES,HEARING_DATE_1,4067,2761,2761,day,True,,False,False,0,0,0,0,0,0,1890-02-17,2026-04-29,1890,2026,DATE
POLITICS.POLITICS__FED_FJC_JUDGES,COMMITTEE_ACTION_DATE_1,4067,3873,3873,day,True,,False,False,0,0,0,0,0,0,1826-05-22,2026-06-18,1826,2026,DATE
POLITICS.POLITICS__FED_FJC_JUDGES,CONFIRMATION_DATE_1,4067,4033,4033,day,True,,False,False,0,0,0,0,0,0,1789-09-25,2026-06-24,1789,2026,DATE
POLITICS.POLITICS__FJC_JUDGE,BIRTH_YEAR,4067,4065,0,year,True,year_only,False,False,0,0,0,0,0,0,,,1732,1991,NUMBER
POLITICS.POLITICS__FJC_JUDGE,DEATH_YEAR,4067,2383,0,year,True,year_only,False,False,0,0,0,0,0,0,,,1790,2026,NUMBER
POLITICS.POLITICS__TX_LOBBY_GIFTS,APPLICABLEYEAR,4084,4084,0,year,True,year_only,False,False,0,0,0,0,0,0,,,2004,2026,TEXT
POLITICS.POLITICS__TX_LOBBY_GIFTS,DUEDT,4084,4084,4084,day,True,,True,False,0,0,0,0,0,0,2005-01-10,2026-07-10,2005,2026,DATE
POLITICS.POLITICS__TX_LOBBY_GIFTS,RECEIVEDDT,4084,4084,4084,day,True,,False,False,0,0,0,0,0,0,2005-01-05,2026-07-02,2005,2026,DATE
POLITICS.POLITICS__TX_LOBBY_GIFTS,PERIODSTARTDT,4084,4084,4084,day,True,,False,False,0,0,0,0,0,0,2004-01-01,2026-06-01,2004,2026,DATE
POLITICS.POLITICS__TX_LOBBY_GIFTS,PERIODENDDT,4084,4084,4084,day,True,,True,False,0,0,0,0,0,0,2004-12-31,2026-06-30,2004,2026,DATE
POLITICS.POLITICS__TX_LOBBY_GIFTS,LOBBYACTIVITYPERIODCD,4084,119,0,none,False,,False,False,0,0,0,0,0,0,,,,,TEXT
POLITICS.POLITICS__TX_LOBBY_GIFTS,_INGESTED_AT,4084,4084,4084,day,True,,False,True,0,0,0,0,0,0,2026-08-05 21:31:56.893,2026-08-05 21:31:56.893,2026,2026,TIMESTAMP_NTZ
FINANCE.FINANCE__FED_NCUA_FEDERALLY_INSURED_CU_LIST,YEAR_AND_QUARTER,4250,4250,0,none,False,,False,False,0,0,0,0,0,0,,,,,TEXT
FINANCE.FINANCE__FED_NCUA_FEDERALLY_INSURED_CU_LIST,TOTAL_DEPOSITS_4_QUARTER_GROWTH,4250,4250,0,month,False,yyyymm,False,False,0,0,0,0,0,0,,,,,NUMBER
FINANCE.FINANCE__FED_NCUA_FEDERALLY_INSURED_CU_LIST,TOTAL_LOANS_4_QUARTER_GROWTH,4250,4250,0,year,True,year_only,False,False,0,0,0,0,0,0,,,1704,1704,NUMBER
FINANCE.FINANCE__FED_NCUA_FEDERALLY_INSURED_CU_LIST,TOTAL_ASSETS_4_QUARTER_GROWTH,4250,4250,0,none,False,,False,False,0,0,0,0,0,0,,,,,NUMBER
FINANCE.FINANCE__FED_NCUA_FEDERALLY_INSURED_CU_LIST,MEMBERS_4_QUARTER_GROWTH,4250,4250,0,year,False,year_only,False,False,0,0,0,0,0,0,,,,,NUMBER
FINANCE.FINANCE__FED_NCUA_FEDERALLY_INSURED_CU_LIST,NET_WORTH_4_QUARTER_GROWTH_EXCLUDES_CECL_TRANSITION_PROVISION,4250,4250,0,month,False,yyyymm,False,False,0,0,0,0,0,0,,,,,NUMBER
FINANCE.FINANCE__FED_NCUA_CALL_REPORTS_FS220,CYCLE_DATE,4336,4336,4336,day,True,,False,False,0,0,0,0,0,0,2026-03-31,2026-03-31,2026,2026,DATE
FINANCE.FINANCE__FED_NCUA_CALL_REPORTS_FS220,UPDATE_DATE,4336,4336,4336,day,True,,False,False,0,0,0,0,0,0,2026-04-01 22:01:28.000,2026-05-20 22:02:49.000,2026,2026,TIMESTAMP_NTZ
FINANCE.FINANCE__FED_NCUA_CALL_REPORTS_FOICU,CYCLE_DATE,4336,4336,4336,day,True,,False,False,0,0,0,0,0,0,2026-03-31,2026-03-31,2026,2026,DATE
FINANCE.FINANCE__FED_NCUA_CALL_REPORTS_FOICU,YEAR_OPENED,4336,4336,0,year,True,year_only,False,False,0,0,0,0,0,0,,,1900,2025,NUMBER
FINANCE.FINANCE__FED_NCUA_CALL_REPORTS_FOICU,ISSUE_DATE,4336,4336,4336,day,True,,False,False,45,40,5,0,0,0,1899-12-30,2025-12-05,1899,2025,DATE
FINANCE.FINANCE__FED_NCUA_CALL_REPORTS_FOICU,QUARTER_FLAG,4336,4336,0,none,False,,False,False,0,0,0,0,0,0,,,,,TEXT
FINANCE.FINANCE__FED_NCUA_CALL_REPORTS_FOICU,INSURED_DATE,4336,4336,4336,day,True,,False,False,71,0,71,0,0,0,1899-12-30,2025-12-05,1899,2025,DATE
FINANCE.FINANCE__FED_NCUA_CALL_REPORTS_FOICU,AM_DATEHELD,4336,4333,4333,day,True,,False,False,0,0,0,0,0,0,2019-03-24 00:00:00.000,2026-05-19 05:00:00.000,2019,2026,TIMESTAMP_NTZ
ENERGY.ENERGY__FED_EIA860_6_2_ENVIROEQUIP,PERIOD_SULFUR,4428,2768,0,none,False,,False,False,0,0,0,0,0,0,,,,,TEXT
ENERGY.ENERGY__FED_EIA860_6_2_ENVIROEQUIP,PERIOD_NITROGEN,4428,3079,0,none,False,,False,False,0,0,0,0,0,0,,,,,TEXT
ENERGY.ENERGY__FED_EIA860_6_2_ENVIROEQUIP,PERIOD_PARTICULATE,4428,2685,0,none,False,,False,False,0,0,0,0,0,0,,,,,TEXT
ENERGY.ENERGY__FED_EIA860_6_2_ENVIROEQUIP,NEW_SOURCE_REVIEW_MONTH,4428,938,0,none,False,,False,False,0,0,0,0,0,0,,,,,NUMBER
ENERGY.ENERGY__FED_EIA860_6_2_ENVIROEQUIP,NEW_SOURCE_REVIEW_YEAR,4428,938,0,year,True,year_only,False,False,0,0,0,0,0,0,,,1974,2026,NUMBER
ENERGY.ENERGY__FED_EIA860_6_2_ENVIROEQUIP,COMPLIANCE_YEAR_SULFUR,4428,2807,0,year,True,year_only,False,False,0,0,0,0,0,0,,,1949,2027,NUMBER
ENERGY.ENERGY__FED_EIA860_6_2_ENVIROEQUIP,COMPLIANCE_YEAR_NITROGEN,4428,3085,0,year,True,year_only,False,False,0,0,0,0,0,0,,,1949,2027,NUMBER
ENERGY.ENERGY__FED_EIA860_6_2_ENVIROEQUIP,COMPLIANCE_YEAR_PARTICULATE,4428,2847,0,year,True,year_only,False,False,0,0,0,0,0,0,,,1934,2025,NUMBER
ENERGY.ENERGY__FED_EIA860_6_2_ENVIROEQUIP,COMPLIANCE_YEAR_MERCURY,4428,1490,0,year,True,year_only,False,False,0,0,0,0,0,0,,,1960,2034,NUMBER
ENERGY.ENERGY__FED_EIA860_6_2_ENVIROEQUIP,_LOADED_AT,4428,4428,4428,day,True,,False,True,0,0,0,0,0,0,2026-08-05 21:38:32.380,2026-08-05 21:38:32.380,2026,2026,TIMESTAMP_NTZ
POLITICS.POLITICS__FED_FJC_SERVICE,RECESS_APPOINTMENT_DATE,4766,331,331,day,True,,False,False,0,0,0,0,0,0,1789-11-18,2004-02-20,1789,2004,DATE
POLITICS.POLITICS__FED_FJC_SERVICE,NOMINATION_DATE,4766,4605,4605,day,True,,False,False,0,0,0,0,0,0,1789-09-24,2026-04-14,1789,2026,DATE
POLITICS.POLITICS__FED_FJC_SERVICE,COMMITTEE_REFERRAL_DATE,4766,4413,4413,day,True,,False,False,0,0,0,0,0,0,1826-05-08,2026-04-14,1826,2026,DATE
POLITICS.POLITICS__FED_FJC_SERVICE,HEARING_DATE,4766,3064,3064,day,True,,False,False,0,0,0,0,0,0,1890-02-17,2026-04-29,1890,2026,DATE
POLITICS.POLITICS__FED_FJC_SERVICE,COMMITTEE_ACTION_DATE,4766,4393,4393,day,True,,False,False,0,0,0,0,0,0,1826-05-22,2026-06-18,1826,2026,DATE
POLITICS.POLITICS__FED_FJC_SERVICE,CONFIRMATION_DATE,4766,4577,4577,day,True,,False,False,0,0,0,0,0,0,1789-09-25,2026-06-24,1789,2026,DATE
POLITICS.POLITICS__FED_FJC_SERVICE,COMMISSION_DATE,4766,4731,4731,day,True,,False,False,0,0,0,0,0,0,1789-09-26,2026-06-18,1789,2026,DATE
POLITICS.POLITICS__FED_FJC_SERVICE,SERVICE_AS_CHIEF_JUDGE_BEGIN,4766,4766,0,year,True,year_only,False,False,0,0,0,0,0,0,,,1801,2026,TEXT
POLITICS.POLITICS__FED_FJC_SERVICE,SERVICE_AS_CHIEF_JUDGE_END,4766,4766,0,year,True,year_only,True,False,0,0,0,0,0,0,,,1802,2026,TEXT
POLITICS.POLITICS__FED_FJC_SERVICE,C_2ND_SERVICE_AS_CHIEF_JUDGE_BEGIN,4766,4766,0,year,True,year_only,False,False,0,0,0,0,0,0,,,1966,2024,TEXT
POLITICS.POLITICS__FED_FJC_SERVICE,C_2ND_SERVICE_AS_CHIEF_JUDGE_END,4766,4766,0,year,True,year_only,True,False,0,0,0,0,0,0,,,1968,2021,TEXT
POLITICS.POLITICS__FED_FJC_SERVICE,SENIOR_STATUS_DATE,4766,2071,2071,day,True,,False,False,0,0,0,0,0,0,1919-10-06,2026-06-21,1919,2026,DATE
POLITICS.POLITICS__FJC_APPOINTMENT,NOMINATION_DATE,4766,4605,4605,day,True,iso,False,False,0,0,0,0,0,0,1789-09-24,2026-04-14,,,TEXT
POLITICS.POLITICS__FJC_APPOINTMENT,CONFIRMATION_DATE,4766,4577,4577,day,True,iso,False,False,0,0,0,0,0,0,1789-09-25,2026-06-24,,,TEXT
POLITICS.POLITICS__FJC_APPOINTMENT,CONFIRMATION_DT,4766,0,0,none,False,,False,False,0,0,0,0,0,0,,,,,DATE
POLITICS.POLITICS__FJC_APPOINTMENT,COMMISSION_DATE,4766,4731,4731,day,True,iso,False,False,0,0,0,0,0,0,1789-09-26,2026-06-18,,,TEXT
POLITICS.POLITICS__FJC_APPOINTMENT,TERMINATION_DATE,4766,3296,3296,day,True,iso,True,False,0,0,0,0,0,0,1790-05-18,2026-06-27,,,TEXT
JUSTICE.JUSTICE__XC_OWID_HOMICIDE,YEAR,4912,4912,0,year,True,year_only,False,False,0,0,0,0,0,0,,,1990,2024,NUMBER
ECONOMICS.ECONOMICS__FED_TREASURY_AVG_INTEREST_RATES,RECORD_DATE,4961,4961,4961,day,True,,False,False,0,0,0,0,0,0,2001-01-31,2026-05-31,2001,2026,DATE
ECONOMICS.ECONOMICS__FED_TREASURY_AVG_INTEREST_RATES,RECORD_FISCAL_YEAR,4961,4961,0,year,True,year_only,False,False,0,0,0,0,0,0,,,2001,2026,TEXT
ECONOMICS.ECONOMICS__FED_TREASURY_AVG_INTEREST_RATES,RECORD_FISCAL_QUARTER,4961,4961,0,none,False,,False,False,0,0,0,0,0,0,,,,,TEXT
ECONOMICS.ECONOMICS__FED_TREASURY_AVG_INTEREST_RATES,RECORD_CALENDAR_YEAR,4961,4961,0,year,True,year_only,True,False,0,0,0,0,0,0,,,2001,2026,TEXT
ECONOMICS.ECONOMICS__FED_TREASURY_AVG_INTEREST_RATES,RECORD_CALENDAR_QUARTER,4961,4961,0,none,False,,True,False,0,0,0,0,0,0,,,,,TEXT
ECONOMICS.ECONOMICS__FED_TREASURY_AVG_INTEREST_RATES,RECORD_CALENDAR_MONTH,4961,4961,0,none,False,,True,False,0,0,0,0,0,0,,,,,TEXT
ECONOMICS.ECONOMICS__FED_TREASURY_AVG_INTEREST_RATES,REPORT_MONTH,4961,4961,4961,day,True,,False,False,0,0,0,0,0,0,2001-01-01,2026-05-01,2001,2026,DATE
ECONOMICS.ECONOMICS__FED_TREASURY_AVG_INTEREST_RATES,REPORT_YEAR,4961,4961,4961,day,True,,False,False,0,0,0,0,0,0,2001-01-01,2026-01-01,2001,2026,DATE
OPEN_DATA.OPEN_DATA__INTL_GR_DATAGOV,DATE_CREATED,4988,4988,4988,day,True,iso,False,False,0,0,0,0,0,0,2025-11-17,2026-07-02,,,TEXT
OPEN_DATA.OPEN_DATA__INTL_GR_DATAGOV,METADATA_MODIFIED,4988,4988,4988,day,True,iso,False,False,0,0,0,0,0,0,2026-05-25,2026-07-02,,,TEXT
OPEN_DATA.OPEN_DATA__INTL_CH_OPENDATASWISS,ISSUED,5000,5000,4750,day,True,iso,False,False,2,0,2,0,0,0,1767-01-01,2026-07-01,,,TEXT
OPEN_DATA.OPEN_DATA__INTL_CH_OPENDATASWISS,METADATA_CREATED,5000,5000,5000,day,True,iso,False,False,0,0,0,0,0,0,2015-11-25,2023-09-17,,,TEXT
OPEN_DATA.OPEN_DATA__INTL_CH_OPENDATASWISS,METADATA_MODIFIED,5000,5000,5000,day,True,iso,False,False,0,0,0,0,0,0,2025-03-18,2026-07-02,,,TEXT
OPEN_DATA.OPEN_DATA__INTL_CH_OPENDATASWISS,ACCRUAL_PERIODICITY,5000,5000,0,none,False,,False,False,0,0,0,0,0,0,,,,,TEXT
OPEN_DATA.OPEN_DATA__INTL_DE_GOVDATA,METADATA_CREATED,5000,5000,5000,day,True,iso,False,False,0,0,0,0,0,0,2013-02-17,2025-08-12,,,TEXT
OPEN_DATA.OPEN_DATA__INTL_DE_GOVDATA,METADATA_MODIFIED,5000,5000,5000,day,True,iso,False,False,0,0,0,0,0,0,2021-03-26,2025-08-12,,,TEXT
OPEN_DATA.OPEN_DATA__INTL_DE_GOVDATA,TEMPORAL_START,5000,5000,3918,day,True,iso,False,False,2,0,0,0,2,0,1849-12-30,2025-08-06,,,TEXT
OPEN_DATA.OPEN_DATA__INTL_DE_GOVDATA,TEMPORAL_END,5000,5000,3884,day,True,iso,True,False,1,0,0,1,0,1,1971-11-08,2028-12-31,,,TEXT
ENVIRONMENT.ENVIRONMENT__FED_EPA_ENVIROFACTS,CREATED_DATE,5000,0,0,none,False,,False,False,0,0,0,0,0,0,,,,,TEXT
ENVIRONMENT.ENVIRONMENT__FED_EPA_ENVIROFACTS,_INGESTED_AT,5000,5000,5000,day,True,,False,True,0,0,0,0,0,0,2026-07-02 00:07:49.008,2026-07-02 00:07:49.008,2026,2026,TIMESTAMP_NTZ
PROCUREMENT.PROCUREMENT__FED_USASPENDING_SUBAWARDS,ACTION_DATE,5000,5000,5000,day,True,,False,False,0,0,0,0,0,0,2008-08-01,2026-05-29,2008,2026,DATE
PROCUREMENT.PROCUREMENT__FED_USASPENDING_SUBAWARDS,_INGESTED_AT,5000,5000,5000,day,True,,False,True,0,0,0,0,0,0,2026-06-10 16:00:23.716,2026-06-10 16:00:23.716,2026,2026,TIMESTAMP_NTZ
TRANSPORT.TRANSPORT__FED_FRA_RAIL_DEATHS_BY_RAILROAD,INCIDENT_YEAR,5152,5152,0,year,True,year_only,False,False,0,0,0,0,0,0,,,1975,2026,NUMBER
TRANSPORT.TRANSPORT__FED_FRA_RAIL_DEATHS_BY_RAILROAD,_INGESTED_AT,5152,5152,5152,day,True,,False,True,0,0,0,0,0,0,2026-08-09 18:22:06.422,2026-08-09 18:22:06.422,2026,2026,TIMESTAMP_NTZ
LABOR.LABOR__FED_PBGC_TRUSTEED_PLANS,DATE_OF_PLAN_TERMINATION,5176,5176,5176,day,True,,True,False,0,0,0,0,0,0,1972-04-01,2026-04-30,1972,2026,DATE
LABOR.LABOR__FED_PBGC_TRUSTEED_PLANS,DATE_OF_PBGC_TRUSTEESHIP,5176,5176,5176,day,True,,False,False,0,0,0,0,0,0,1975-02-27,2026-06-12,1975,2026,DATE
LABOR.LABOR__FED_PBGC_TRUSTEED_PLANS,NUMBER_OF_PARICIPANTS_AT_DATE_OF_PLAN_TERMINATION,5176,5166,0,none,False,,True,False,0,0,0,0,0,0,,,,,NUMBER
LABOR.LABOR__FED_PBGC_TRUSTEED_PLANS,_INGESTED_AT,5176,5176,5176,day,True,,False,True,0,0,0,0,0,0,2026-08-06 04:52:42.871,2026-08-06 04:52:42.871,2026,2026,TIMESTAMP_NTZ
HOUSING.HOUSING__FED_CFPB_HMDA_ARID2017_LEI_XREF,_INGESTED_AT,5399,5399,5399,day,True,,False,True,0,0,0,0,0,0,2026-08-07 19:08:11.453,2026-08-07 19:08:11.453,2026,2026,TIMESTAMP_NTZ
ENERGY.ENERGY__FED_EIA860_4_OWNER,_LOADED_AT,5495,5495,5495,day,True,,False,True,0,0,0,0,0,0,2026-08-05 21:38:23.118,2026-08-05 21:38:23.118,2026,2026,TIMESTAMP_NTZ
HEALTH.HEALTH__FED_CMS_RURAL_HEALTH_CLINIC_ENROLLMENTS,INCORPORATION_DATE,5530,3541,3541,day,True,,False,False,2,2,0,0,0,0,1859-01-28,2024-08-19,1859,2024,DATE
ENVIRONMENT.ENVIRONMENT__FED_WQP_MONITORING_STATIONS,CONSTRUCTION_DATE_TEXT,5818,2928,1710,day,True,yyyymmdd,False,False,0,0,0,0,0,0,1918-11-09,2022-05-10,1738,1989,TEXT
JUSTICE.JUSTICE__FED_COURTLISTENER_SCHOOLS,DATE_CREATED,6011,6011,6011,day,True,,False,False,0,0,0,0,0,0,2010-06-08,2022-08-09,2010,2022,DATE
JUSTICE.JUSTICE__FED_COURTLISTENER_SCHOOLS,DATE_MODIFIED,6011,6011,6011,day,True,,False,False,0,0,0,0,0,0,2010-06-08,2025-06-16,2010,2025,DATE
JUSTICE.JUSTICE__FED_COURTLISTENER_SCHOOLS,IS_ALIAS_OF_ID,6011,2378,0,year,True,year_only,False,False,0,0,0,0,0,0,,,1707,2019,TEXT
FINANCE.FINANCE__FED_SEC_DERA_SUB_2024Q1,PERIOD,6028,6026,6026,day,True,yyyymmdd,False,False,0,0,0,0,0,0,2016-09-30,2024-02-29,,,TEXT
FINANCE.FINANCE__FED_SEC_DERA_SUB_2024Q1,FY,6028,5671,0,year,True,year_only,False,False,0,0,0,0,0,0,,,2016,2025,NUMBER
FINANCE.FINANCE__FED_SEC_DERA_SUB_2024Q1,FILED,6028,6028,6028,day,True,yyyymmdd,False,False,0,0,0,0,0,0,2024-01-02,2024-03-29,,,TEXT
IMMIGRATION.IMMIGRATION__FED_CMS_HOSPICE_ENROLLMENTS,INCORPORATION_DATE,6066,4818,4818,day,True,,False,False,0,0,0,0,0,0,1848-05-29,2024-09-14,1848,2024,DATE
HEALTH.HEALTH__FED_CMS_HCRIS,FISCAL_YEAR_END_DATE,6103,6103,6103,day,True,,True,False,0,0,0,0,0,0,2022-11-30,2024-09-30,2022,2024,DATE
HEALTH.HEALTH__FED_CMS_HCRIS,FISCAL_YEAR_BEGIN_DATE,6103,6103,6103,day,True,,False,False,0,0,0,0,0,0,2022-10-01,2023-09-28,2022,2023,DATE
HEALTH.HEALTH__FED_CMS_HCRIS,FISCAL_YEAR_END_DATE_KEY,6103,6103,6103,day,True,,True,False,0,0,0,0,0,0,2022-11-30,2024-09-30,2022,2024,DATE
HEALTH.HEALTH__FED_CMS_HCRIS,FISCAL_YEAR_LENGTH_DAYS,6103,6103,0,none,False,,False,False,0,0,0,0,0,0,,,,,NUMBER
HEALTH.HEALTH__FED_CMS_HCRIS,TOTAL_BED_DAYS_AVAILABLE,6103,5991,0,year,True,year_only,False,False,0,0,0,0,0,0,,,1700,2033,NUMBER
HEALTH.HEALTH__FED_CMS_HCRIS,TOTAL_DAYS_TITLE_V,6103,127,0,year,True,year_only,False,False,0,0,0,0,0,0,,,1761,1943,NUMBER
HEALTH.HEALTH__FED_CMS_HCRIS,TOTAL_DAYS_TITLE_XVIII,6103,5920,0,year,True,year_only,False,False,0,0,0,0,0,0,,,1701,2035,NUMBER
HEALTH.HEALTH__FED_CMS_HCRIS,TOTAL_DAYS_TITLE_XIX,6103,5056,0,year,True,year_only,False,False,0,0,0,0,0,0,,,1701,2035,NUMBER
HEALTH.HEALTH__FED_CMS_HCRIS,TOTAL_DAYS_ALL,6103,5984,0,year,True,year_only,False,False,0,0,0,0,0,0,,,1700,2035,NUMBER
HEALTH.HEALTH__FED_CMS_HCRIS,HOSPITAL_TOTAL_BED_DAYS_AVAILABLE_ADULTS_PEDS,6103,5988,0,year,True,year_only,False,False,0,0,0,0,0,0,,,1701,2033,NUMBER
HEALTH.HEALTH__FED_CMS_HCRIS,HOSPITAL_TOTAL_DAYS_TITLE_V_ADULTS_PEDS,6103,116,0,year,True,year_only,False,False,0,0,0,0,0,0,,,1720,1825,NUMBER
HEALTH.HEALTH__FED_CMS_HCRIS,HOSPITAL_TOTAL_DAYS_TITLE_XVIII_ADULTS_PEDS,6103,5906,0,year,True,year_only,False,False,0,0,0,0,0,0,,,1701,2034,NUMBER
FINANCE.FINANCE__FED_SEC_DERA_SUB_2026Q1,PERIOD,6169,6167,6167,day,True,yyyymmdd,False,False,0,0,0,0,0,0,2023-04-30,2026-02-28,,,TEXT
FINANCE.FINANCE__FED_SEC_DERA_SUB_2026Q1,FY,6169,5893,0,year,True,year_only,False,False,0,0,0,0,0,0,,,2023,2026,NUMBER
FINANCE.FINANCE__FED_SEC_DERA_SUB_2026Q1,FILED,6169,6169,6169,day,True,yyyymmdd,False,False,0,0,0,0,0,0,2026-01-02,2026-03-31,,,TEXT
FINANCE.FINANCE__FED_SEC_DERA_SUB_2025Q1,PERIOD,6231,6228,6228,day,True,yyyymmdd,False,False,0,0,0,0,0,0,2018-12-31,2025-02-28,,,TEXT
FINANCE.FINANCE__FED_SEC_DERA_SUB_2025Q1,FY,6231,5844,0,year,True,year_only,False,False,0,0,0,0,0,0,,,2018,2025,NUMBER
FINANCE.FINANCE__FED_SEC_DERA_SUB_2025Q1,FILED,6231,6231,6231,day,True,yyyymmdd,False,False,0,0,0,0,0,0,2025-01-02,2025-03-31,,,TEXT
EDUCATION.EDUCATION__FED_ED_COLLEGE_SCORECARD_INSTITUTION,COST_OF_ATTENDANCE_ACADEMIC_YEAR,6273,3199,0,quarter,True,year_quarter,True,False,0,0,0,0,0,0,,,1700,2035,NUMBER
EDUCATION.EDUCATION__FED_ED_COLLEGE_SCORECARD_INSTITUTION,COST_OF_ATTENDANCE_PROGRAM_YEAR,6273,1836,0,quarter,True,year_quarter,True,False,0,0,0,0,0,0,,,1706,2033,NUMBER
EDUCATION.EDUCATION__FED_ED_COLLEGE_SCORECARD_INSTITUTION,TUITION_PROGRAM_YEAR,6273,2062,0,year,True,year_only,False,False,0,0,0,0,0,0,,,1709,2029,NUMBER
EDUCATION.EDUCATION__FED_ED_COLLEGE_SCORECARD_INSTITUTION,AVG_FACULTY_SALARY_MONTHLY,6273,3781,0,year,True,year_only,False,False,0,0,0,0,0,0,,,1757,2032,NUMBER
EDUCATION.EDUCATION__FED_ED_COLLEGE_SCORECARD_INSTITUTION,PCT_FULL_TIME_FACULTY,6273,3454,0,none,False,,False,False,0,0,0,0,0,0,,,,,FLOAT
EDUCATION.EDUCATION__FED_ED_COLLEGE_SCORECARD_INSTITUTION,RETENTION_FULL_TIME_4YR,6273,2058,0,none,False,,False,False,0,0,0,0,0,0,,,,,FLOAT
EDUCATION.EDUCATION__FED_ED_COLLEGE_SCORECARD_INSTITUTION,RETENTION_FULL_TIME_LT4YR,6273,2805,0,none,False,,False,False,0,0,0,0,0,0,,,,,FLOAT
EDUCATION.EDUCATION__FED_ED_COLLEGE_SCORECARD_INSTITUTION,_LOADED_AT,6273,6273,6273,day,True,,False,True,0,0,0,0,0,0,2026-08-08 01:55:46.864,2026-08-08 01:55:46.864,2026,2026,TIMESTAMP_NTZ
FINANCE.FINANCE__FED_SEC_DERA_SUB_2025Q4,PERIOD,6304,6304,6304,day,True,yyyymmdd,False,False,0,0,0,0,0,0,2022-03-31,2025-12-31,,,TEXT
FINANCE.FINANCE__FED_SEC_DERA_SUB_2025Q4,FY,6304,6003,0,year,True,year_only,False,False,0,0,0,0,0,0,,,2022,2027,NUMBER
FINANCE.FINANCE__FED_SEC_DERA_SUB_2025Q4,FILED,6304,6304,6304,day,True,yyyymmdd,False,False,0,0,0,0,0,0,2025-10-01,2025-12-31,,,TEXT
FINANCE.FINANCE__FED_FHFA_FHLB_MEMBERSHIP,APPR_DATE,6327,5809,5809,day,True,,False,False,0,0,0,0,0,0,1990-04-27,2026-03-25,1990,2026,DATE
FINANCE.FINANCE__FED_FHFA_FHLB_MEMBERSHIP,MEM_DATE,6327,6327,6284,day,True,,False,False,43,0,0,0,0,43,1973-01-02,2035-12-28,1973,2035,DATE
ENVIRONMENT.ENVIRONMENT__XC_OWID_FOSSIL_SHARE,YEAR,6379,6379,0,year,True,year_only,False,False,0,0,0,0,0,0,,,1965,2024,NUMBER
HEALTH.HEALTH__FED_CDC_SUICIDE_RATES,YEAR,6390,6390,0,year,True,year_only,False,False,0,0,0,0,0,0,,,1950,2018,NUMBER
HEALTH.HEALTH__FED_CDC_SUICIDE_RATES,YEAR_NUM,6390,6390,0,none,False,,False,False,0,0,0,0,0,0,,,,,TEXT
HEALTH.HEALTH__FED_CDC_SUICIDE_RATES,AGE,6390,6390,0,none,False,,False,False,0,0,0,0,0,0,,,,,TEXT
HEALTH.HEALTH__FED_CDC_SUICIDE_RATES,AGE_NUM,6390,6390,0,none,False,,False,False,0,0,0,0,0,0,,,,,TEXT
FINANCE.FINANCE__FED_SEC_DERA_SUB_2024Q4,PERIOD,6491,6490,6490,day,True,yyyymmdd,False,False,0,0,0,0,0,0,2019-03-31,2024-11-30,,,TEXT
FINANCE.FINANCE__FED_SEC_DERA_SUB_2024Q4,FY,6491,6143,0,year,True,year_only,False,False,0,0,0,0,0,0,,,2019,2025,NUMBER
FINANCE.FINANCE__FED_SEC_DERA_SUB_2024Q4,FILED,6491,6491,6491,day,True,yyyymmdd,False,False,0,0,0,0,0,0,2024-10-01,2024-12-31,,,TEXT
POLITICS.POLITICS__CA_LOBBY_CONTRIBUTIONS,FILING_PERIOD_START_DT,6505,6505,6505,day,True,,False,False,0,0,0,0,0,0,2000-01-01,2001-04-01,2000,2001,DATE
POLITICS.POLITICS__CA_LOBBY_CONTRIBUTIONS,FILING_PERIOD_END_DT,6505,6505,6504,day,True,,True,False,1,0,0,0,1,0,2000-03-31,2031-03-01,2000,2031,DATE
POLITICS.POLITICS__CA_LOBBY_CONTRIBUTIONS,CONTRIBUTION_DT,6505,0,0,none,False,,False,False,0,0,0,0,0,0,,,,,DATE
POLITICS.POLITICS__CA_LOBBY_CONTRIBUTIONS,_INGESTED_AT,6505,6505,6505,day,True,,False,True,0,0,0,0,0,0,2026-08-05 21:37:25.800,2026-08-05 21:37:25.800,2026,2026,TIMESTAMP_NTZ
FINANCE.FINANCE__FED_SEC_DERA_SUB_2025Q3,PERIOD,6541,6541,6541,day,True,yyyymmdd,False,False,0,0,0,0,0,0,2020-12-31,2025-08-31,,,TEXT
FINANCE.FINANCE__FED_SEC_DERA_SUB_2025Q3,FY,6541,6199,0,year,True,year_only,False,False,0,0,0,0,0,0,,,2021,2026,NUMBER
FINANCE.FINANCE__FED_SEC_DERA_SUB_2025Q3,FILED,6541,6541,6541,day,True,yyyymmdd,False,False,0,0,0,0,0,0,2025-07-01,2025-09-30,,,TEXT
ENERGY.ENERGY__FED_EIA860_1_UTILITY,_LOADED_AT,6643,6643,6643,day,True,,False,True,0,0,0,0,0,0,2026-08-05 21:37:34.980,2026-08-05 21:37:34.980,2026,2026,TIMESTAMP_NTZ
FINANCE.FINANCE__FED_SEC_DERA_SUB_2024Q3,PERIOD,6699,6699,6699,day,True,yyyymmdd,False,False,0,0,0,0,0,0,2022-03-31,2024-08-31,,,TEXT
FINANCE.FINANCE__FED_SEC_DERA_SUB_2024Q3,FY,6699,6374,0,year,True,year_only,False,False,0,0,0,0,0,0,,,2022,2025,NUMBER
FINANCE.FINANCE__FED_SEC_DERA_SUB_2024Q3,FILED,6699,6699,6699,day,True,yyyymmdd,False,False,0,0,0,0,0,0,2024-07-01,2024-09-30,,,TEXT
HEALTH.HEALTH__FED_CMS_HOSPICE,CERTIFICATION_DATE,6852,6852,6852,day,True,,False,False,0,0,0,0,0,0,1983-11-01,2025-10-15,1983,2025,DATE
FINANCE.FINANCE__FED_SEC_DERA_SUB_2025Q2,PERIOD,7009,7008,7008,day,True,yyyymmdd,False,False,0,0,0,0,0,0,2021-12-31,2025-12-31,,,TEXT
FINANCE.FINANCE__FED_SEC_DERA_SUB_2025Q2,FY,7009,6639,0,year,True,year_only,False,False,0,0,0,0,0,0,,,2023,2026,NUMBER
FINANCE.FINANCE__FED_SEC_DERA_SUB_2025Q2,FILED,7009,7009,7009,day,True,yyyymmdd,False,False,0,0,0,0,0,0,2025-04-01,2025-06-30,,,TEXT
ENERGY.ENERGY__FED_EIA860_6_1_ENVIROASSOC,_LOADED_AT,7020,7020,7020,day,True,,False,True,0,0,0,0,0,0,2026-08-05 21:38:27.428,2026-08-05 21:38:27.428,2026,2026,TIMESTAMP_NTZ
ENERGY.ENERGY__FED_EIA860_3_3_SOLAR,OPERATING_MONTH,7154,7153,0,none,False,,False,False,0,0,0,0,0,0,,,,,NUMBER
ENERGY.ENERGY__FED_EIA860_3_3_SOLAR,OPERATING_YEAR,7154,7153,0,year,True,year_only,False,False,0,0,0,0,0,0,,,2001,2024,NUMBER
ENERGY.ENERGY__FED_EIA860_3_3_SOLAR,_LOADED_AT,7154,7154,7154,day,True,,False,True,0,0,0,0,0,0,2026-08-05 21:38:02.108,2026-08-05 21:38:02.108,2026,2026,TIMESTAMP_NTZ
HOUSING.HOUSING__FED_FHFA_NMDB,PERIOD_TYPE,7204,7204,0,none,False,,False,False,0,0,0,0,0,0,,,,,TEXT
HOUSING.HOUSING__FED_FHFA_NMDB,PERIOD_VALUE,7204,7137,0,month,True,yyyymm,False,False,0,0,0,0,0,0,,,1998,2025,FLOAT
HOUSING.HOUSING__FED_FHFA_NMDB,RELEASE_DATE,7204,7204,7204,day,True,,False,False,0,0,0,0,0,0,2026-07-01,2026-07-01,2026,2026,DATE
IMMIGRATION.IMMIGRATION__XC_OWID_REFUGEES,YEAR,7442,7442,0,year,True,year_only,False,False,0,0,0,0,0,0,,,1951,2024,NUMBER
ECONOMICS.ECONOMICS__FED_TREASURY_MTS_RECEIPTS,RECORD_DATE,7490,7490,7490,day,True,,False,False,0,0,0,0,0,0,2015-03-31,2026-06-30,2015,2026,DATE
ECONOMICS.ECONOMICS__FED_TREASURY_MTS_RECEIPTS,CURRENT_MONTH_GROSS_RCPT_AMT,7490,5429,0,year,True,yyyymmdd,False,False,0,0,0,0,0,0,,,1781,1795,FLOAT
ECONOMICS.ECONOMICS__FED_TREASURY_MTS_RECEIPTS,CURRENT_MONTH_REFUND_AMT,7490,2255,0,none,False,yyyymmdd,False,False,0,0,0,0,0,0,,,,,FLOAT
ECONOMICS.ECONOMICS__FED_TREASURY_MTS_RECEIPTS,CURRENT_MONTH_NET_RCPT_AMT,7490,4996,0,none,False,yyyymmdd,False,False,0,0,0,0,0,0,,,,,FLOAT
ECONOMICS.ECONOMICS__FED_TREASURY_MTS_RECEIPTS,RECORD_FISCAL_YEAR,7490,7490,0,year,True,year_only,False,False,0,0,0,0,0,0,,,2015,2026,TEXT
ECONOMICS.ECONOMICS__FED_TREASURY_MTS_RECEIPTS,RECORD_FISCAL_QUARTER,7490,7490,0,none,False,,False,False,0,0,0,0,0,0,,,,,TEXT
ECONOMICS.ECONOMICS__FED_TREASURY_MTS_RECEIPTS,RECORD_CALENDAR_YEAR,7490,7490,0,year,True,year_only,True,False,0,0,0,0,0,0,,,2015,2026,TEXT
ECONOMICS.ECONOMICS__FED_TREASURY_MTS_RECEIPTS,RECORD_CALENDAR_QUARTER,7490,7490,0,none,False,,True,False,0,0,0,0,0,0,,,,,TEXT
ECONOMICS.ECONOMICS__FED_TREASURY_MTS_RECEIPTS,RECORD_CALENDAR_MONTH,7490,7490,0,none,False,,True,False,0,0,0,0,0,0,,,,,TEXT
ECONOMICS.ECONOMICS__FED_TREASURY_MTS_RECEIPTS,RECORD_CALENDAR_DAY,7490,7490,0,none,False,,True,False,0,0,0,0,0,0,,,,,TEXT
HEALTH.HEALTH__FED_CMS_DIALYSIS,FIVE_STAR_DATE,7557,0,0,none,False,,False,False,0,0,0,0,0,0,,,,,DATE
HEALTH.HEALTH__FED_CMS_DIALYSIS,CERTIFICATION_DATE,7557,7557,7557,day,True,,False,False,1,1,0,0,0,0,1968-01-01,2026-02-09,1968,2026,DATE
HEALTH.HEALTH__FED_CMS_DIALYSIS,CLAIMS_DATE,7557,0,0,none,False,,False,False,0,0,0,0,0,0,,,,,DATE
HEALTH.HEALTH__FED_CMS_DIALYSIS,EQRS_DATE,7557,0,0,none,False,,False,False,0,0,0,0,0,0,,,,,DATE
HEALTH.HEALTH__FED_CMS_DIALYSIS,SMR_DATE,7557,0,0,none,False,,False,False,0,0,0,0,0,0,,,,,DATE
HEALTH.HEALTH__FED_CMS_DIALYSIS,SHR_DATE,7557,0,0,none,False,,False,False,0,0,0,0,0,0,,,,,DATE
HEALTH.HEALTH__FED_CMS_DIALYSIS,SRR_DATE,7557,0,0,none,False,,False,False,0,0,0,0,0,0,,,,,DATE
HEALTH.HEALTH__FED_CMS_DIALYSIS,STRR_DATE,7557,0,0,none,False,,False,False,0,0,0,0,0,0,,,,,DATE
HEALTH.HEALTH__FED_CMS_DIALYSIS,FYSWR_DATE,7557,0,0,none,False,,False,False,0,0,0,0,0,0,,,,,DATE
HEALTH.HEALTH__FED_CMS_DIALYSIS,FIRST_YEAR_STANDARDIZED_KIDNEY_TRANSPLANT_WAITLIST_RATIO,7557,4379,0,none,False,,False,False,0,0,0,0,0,0,,,,,FLOAT
HEALTH.HEALTH__FED_CMS_DIALYSIS,SEDR_DATE,7557,0,0,none,False,,False,False,0,0,0,0,0,0,,,,,DATE
HEALTH.HEALTH__FED_CMS_DIALYSIS,ED30_DATE,7557,0,0,none,False,,False,False,0,0,0,0,0,0,,,,,DATE
FINANCE.FINANCE__FED_SEC_DERA_SUB_2024Q2,PERIOD,7675,7674,7674,day,True,yyyymmdd,False,False,0,0,0,0,0,0,2020-06-30,2024-12-31,,,TEXT
FINANCE.FINANCE__FED_SEC_DERA_SUB_2024Q2,FY,7675,7243,0,year,True,year_only,False,False,0,0,0,0,0,0,,,2020,2025,NUMBER
FINANCE.FINANCE__FED_SEC_DERA_SUB_2024Q2,FILED,7675,7675,7675,day,True,yyyymmdd,False,False,0,0,0,0,0,0,2024-04-01,2024-06-28,,,TEXT
POLITICS.POLITICS__FEC_CANDIDATE_SUMMARY,CYCLE,7933,7933,0,year,True,year_only,False,False,0,0,0,0,0,0,,,2024,2026,TEXT
POLITICS.POLITICS__FEC_CANDIDATE_SUMMARY,COVERAGE_END_DATE,7933,7933,7933,day,True,us,True,False,0,0,0,0,0,0,2023-01-01,2026-12-31,,,TEXT
_RESTORE_20260731.FINANCE__FED_FEC_BULK_SUMMARY,CVG_END_DT,7933,7933,7933,day,True,us,True,False,0,0,0,0,0,0,2023-01-01,2026-12-31,,,TEXT
_RESTORE_20260731.FINANCE__FED_FEC_BULK_SUMMARY,CYCLE,7933,7933,0,year,True,year_only,False,False,0,0,0,0,0,0,,,2024,2026,TEXT
ECONOMICS.ECONOMICS__FED_TREASURY_DEBT_TO_PENNY,RECORD_DATE,8329,8329,8329,day,True,,False,False,0,0,0,0,0,0,1993-04-01,2026-06-15,1993,2026,DATE
ECONOMICS.ECONOMICS__FED_TREASURY_DEBT_TO_PENNY,RECORD_FISCAL_YR,8329,8329,0,none,False,,False,False,0,0,0,0,0,0,,,,,TEXT
ECONOMICS.ECONOMICS__FED_TREASURY_DEBT_TO_PENNY,RECORD_FISCAL_QTR,8329,8329,0,none,False,,False,False,0,0,0,0,0,0,,,,,TEXT
ECONOMICS.ECONOMICS__FED_TREASURY_DEBT_TO_PENNY,RECORD_CALENDAR_YR,8329,8329,0,none,False,,True,False,0,0,0,0,0,0,,,,,TEXT
ECONOMICS.ECONOMICS__FED_TREASURY_DEBT_TO_PENNY,RECORD_CALENDAR_QTR,8329,8329,0,none,False,,True,False,0,0,0,0,0,0,,,,,TEXT
ECONOMICS.ECONOMICS__FED_TREASURY_DEBT_TO_PENNY,RECORD_CALENDAR_MONTH,8329,8329,0,none,False,,True,False,0,0,0,0,0,0,,,,,TEXT
ECONOMICS.ECONOMICS__FED_TREASURY_DEBT_TO_PENNY,RECORD_CALENDAR_DAY,8329,8329,0,none,False,,True,False,0,0,0,0,0,0,,,,,TEXT
POLITICS.POLITICS__SENATE_TRADES,TRANSACTION_DATE,8350,8350,8350,day,True,,False,False,0,0,0,0,0,0,2012-06-14,2020-12-02,2012,2020,DATE
JUSTICE.JUSTICE__FED_COURTLISTENER_JUDGE_POLITICAL_AFFILIATIONS,DATE_CREATED,8486,8486,8486,day,True,,False,False,0,0,0,0,0,0,2016-04-20,2022-08-09,2016,2022,DATE
JUSTICE.JUSTICE__FED_COURTLISTENER_JUDGE_POLITICAL_AFFILIATIONS,DATE_MODIFIED,8486,8486,8486,day,True,,False,False,0,0,0,0,0,0,2016-04-20,2022-08-09,2016,2022,DATE
JUSTICE.JUSTICE__FED_COURTLISTENER_JUDGE_POLITICAL_AFFILIATIONS,DATE_START,8486,4117,4117,day,True,,False,False,1,1,0,0,0,0,1798-04-11,2022-03-30,1798,2022,DATE
JUSTICE.JUSTICE__FED_COURTLISTENER_JUDGE_POLITICAL_AFFILIATIONS,DATE_GRANULARITY_START,8486,0,0,none,False,,False,False,0,0,0,0,0,0,,,,,DATE
JUSTICE.JUSTICE__FED_COURTLISTENER_JUDGE_POLITICAL_AFFILIATIONS,DATE_END,8486,64,64,day,True,,True,False,0,0,0,0,0,0,1806-02-21,2017-04-09,1806,2017,DATE
JUSTICE.JUSTICE__FED_COURTLISTENER_JUDGE_POLITICAL_AFFILIATIONS,DATE_GRANULARITY_END,8486,0,0,none,False,,True,False,0,0,0,0,0,0,,,,,DATE
FINANCE.FINANCE__FED_FEC_LEADERSHIP_PAC,FEC_CANDIDATE_ID,8619,8619,0,none,False,,False,False,0,0,0,0,0,0,,,,,TEXT
FINANCE.FINANCE__FED_FEC_LEADERSHIP_PAC,CAND_ELECTION_YR,8619,8619,0,year,True,year_only,False,False,0,0,0,0,0,0,,,1980,2034,TEXT
FINANCE.FINANCE__FED_FEC_LEADERSHIP_PAC,FEC_ELECTION_YR,8619,8619,0,year,True,year_only,False,False,0,0,0,0,0,0,,,2024,2024,TEXT
UNCATEGORIZED.UNCATEGORIZED__FED_FEC_LEADERSHIP_PAC,FEC_CANDIDATE_ID,8619,0,0,none,False,,False,False,0,0,0,0,0,0,,,,,DATE
UNCATEGORIZED.UNCATEGORIZED__FED_FEC_LEADERSHIP_PAC,CAND_ELECTION_YR,8619,8619,0,year,True,year_only,False,False,0,0,0,0,0,0,,,1980,2034,TEXT
UNCATEGORIZED.UNCATEGORIZED__FED_FEC_LEADERSHIP_PAC,FEC_ELECTION_YR,8619,8619,0,year,True,year_only,False,False,0,0,0,0,0,0,,,2024,2024,TEXT
HEALTH.HEALTH__FED_IHS_SCB_FACILITY,_INGESTED_AT,8733,8733,8733,day,True,,False,True,0,0,0,0,0,0,2026-08-08 01:42:33.696,2026-08-08 01:42:33.696,2026,2026,TIMESTAMP_NTZ
PUBLIC.GOVERNMENT_POWER__FCC_LICENSES_BY_STATE_SERVICE_AGG,GRANT_YEAR,8765,8761,0,year,True,year_only,False,False,0,0,0,0,0,0,,,1984,2026,NUMBER
POLITICS.POLITICS__INTL_OWID_MILSPEND,YEAR,9112,9112,0,year,True,year_only,False,False,0,0,0,0,0,0,,,1949,2025,NUMBER
HEALTH.HEALTH__FED_CMS_HOSPITAL_ENROLLMENTS,INCORPORATION_DATE,9175,6026,6026,day,True,,False,False,1,0,1,0,0,0,1800-01-01,2024-10-01,1800,2024,DATE
HEALTH.HEALTH__FED_CMS_HOSPITAL_ENROLLMENTS,SUBGROUP_LONG_TERM,9175,9175,0,none,False,,True,False,0,0,0,0,0,0,,,,,TEXT
HEALTH.HEALTH__FED_CMS_HOSPITAL_ENROLLMENTS,SUBGROUP_SHORT_TERM,9175,9175,0,none,False,,True,False,0,0,0,0,0,0,,,,,TEXT
HEALTH.HEALTH__FED_CMS_HOSPITAL_ENROLLMENTS,SUBGROUP_SWING_BED_APPROVED,9175,9175,0,none,False,,False,False,0,0,0,0,0,0,,,,,TEXT
HEALTH.HEALTH__FED_CMS_HOSPITAL_ENROLLMENTS,REH_CONVERSION_DATE,9175,45,45,day,True,,False,False,0,0,0,0,0,0,2023-02-10,2026-03-14,2023,2026,DATE
JUSTICE.JUSTICE__FED_COURTLISTENER_DISCLOSURE_AGREEMENTS,DATE_CREATED,10007,10007,10007,day,True,,False,False,0,0,0,0,0,0,2021-01-03,2023-08-31,2021,2023,DATE
JUSTICE.JUSTICE__FED_COURTLISTENER_DISCLOSURE_AGREEMENTS,DATE_MODIFIED,10007,10007,10007,day,True,,False,False,0,0,0,0,0,0,2021-01-03,2024-11-11,2021,2024,DATE
JUSTICE.JUSTICE__FED_COURTLISTENER_DISCLOSURE_AGREEMENTS,DATE_RAW,10007,9342,332,year,True,year_only,False,False,0,0,0,0,0,0,1981-01-01,2021-10-01,1712,2032,TEXT
JUSTICE.JUSTICE__XC_WAPO_FATAL_FORCE,AGE,10430,10058,0,none,False,,False,False,0,0,0,0,0,0,,,,,NUMBER
JUSTICE.JUSTICE__XC_WAPO_FATAL_FORCE,INCIDENT_DATE,10430,10430,10430,day,True,,False,False,0,0,0,0,0,0,2015-01-02,2024-12-31,2015,2024,DATE
JUSTICE.JUSTICE__XC_OWID_TERRORISM_DEATHS,YEAR,10481,10481,0,year,True,year_only,False,False,0,0,0,0,0,0,,,1970,2021,NUMBER
HEALTH.HEALTH__FED_CDC_LEADING_CAUSES_STATE,YEAR,10868,10868,0,year,True,year_only,False,False,0,0,0,0,0,0,,,1999,2017,NUMBER
HEALTH.HEALTH__FED_CDC_LEADING_CAUSES_STATE,AGE_ADJUSTED_DEATH_RATE,10868,10868,0,none,False,,False,False,0,0,0,0,0,0,,,,,FLOAT
HEALTH.HEALTH__FED_CDC_LEADING_CAUSES_STATE,_INGESTED_AT,10868,10868,10868,day,True,,False,True,0,0,0,0,0,0,2026-08-09 18:18:23.310,2026-08-09 18:18:23.310,2026,2026,TIMESTAMP_NTZ
POLITICS.POLITICS__WHO_WON,YEAR,10976,10976,0,year,True,year_only,False,False,0,0,0,0,0,0,,,1976,2024,NUMBER
HEALTH.HEALTH__FED_CMS_FEDERALLY_QUALIFIED_HEALTH_CENTER_ENROLLMENTS,INCORPORATION_DATE,11063,9092,9092,day,True,,False,False,0,0,0,0,0,0,1817-01-01,2024-08-26,1817,2024,DATE
HEALTH.HEALTH__FED_CMS_HOME_HEALTH_AGENCY_ENROLLMENTS,INCORPORATION_DATE,11508,9211,9211,day,True,,False,False,1,1,0,0,0,0,1808-03-08,2024-08-09,1808,2024,DATE
HISTORICAL_RECORDS.HISTORICAL_RECORDS__FED_SLAVEVOYAGES_INTRAAMERICAN,YEARAM,11521,11521,0,year,True,year_only,False,False,0,0,0,0,0,0,,,1700,1841,TEXT
HISTORICAL_RECORDS.HISTORICAL_RECORDS__FED_SLAVEVOYAGES_INTRAAMERICAN,DATEDEPA,11521,11521,0,none,False,,False,False,0,0,0,0,0,0,,,,,TEXT
HISTORICAL_RECORDS.HISTORICAL_RECORDS__FED_SLAVEVOYAGES_INTRAAMERICAN,DATEDEPB,11521,11521,0,none,False,,False,False,0,0,0,0,0,0,,,,,TEXT
HISTORICAL_RECORDS.HISTORICAL_RECORDS__FED_SLAVEVOYAGES_INTRAAMERICAN,DATEDEPC,11521,11521,0,year,True,year_only,False,False,0,0,0,0,0,0,,,1744,1799,TEXT
HISTORICAL_RECORDS.HISTORICAL_RECORDS__FED_SLAVEVOYAGES_INTRAAMERICAN,DATE_BUY1,11521,11521,1,day,True,us,False,False,0,0,0,0,0,0,1788-03-01,1788-03-01,,,TEXT
HISTORICAL_RECORDS.HISTORICAL_RECORDS__FED_SLAVEVOYAGES_INTRAAMERICAN,DATE_LEFTAFR,11521,11521,4067,day,True,us,False,False,42,0,0,0,42,0,1700-01-05,1841-10-30,,,TEXT
HISTORICAL_RECORDS.HISTORICAL_RECORDS__FED_SLAVEVOYAGES_INTRAAMERICAN,DATE_LAND1,11521,11521,5331,day,True,us,False,False,266,0,0,0,266,0,1700-01-08,1841-11-12,,,TEXT
HISTORICAL_RECORDS.HISTORICAL_RECORDS__FED_SLAVEVOYAGES_INTRAAMERICAN,DATE_LAND2,11521,11521,60,day,True,us,False,False,2,0,0,0,2,0,1702-05-01,1809-07-31,,,TEXT
HISTORICAL_RECORDS.HISTORICAL_RECORDS__FED_SLAVEVOYAGES_INTRAAMERICAN,DATE_LAND3,11521,11521,0,none,False,,False,False,0,0,0,0,0,0,,,,,TEXT
HISTORICAL_RECORDS.HISTORICAL_RECORDS__FED_SLAVEVOYAGES_INTRAAMERICAN,YEAR5,11521,11521,0,none,False,,False,False,0,0,0,0,0,0,,,,,TEXT
HISTORICAL_RECORDS.HISTORICAL_RECORDS__FED_SLAVEVOYAGES_INTRAAMERICAN,YEAR10,11521,11521,0,none,False,,False,False,0,0,0,0,0,0,,,,,TEXT
HISTORICAL_RECORDS.HISTORICAL_RECORDS__FED_SLAVEVOYAGES_INTRAAMERICAN,YEAR25,11521,11521,0,none,False,,False,False,0,0,0,0,0,0,,,,,TEXT
ENERGY.ENERGY__FED_EIA861_SERVICE_TERRITORY,DATA_YEAR,11775,11775,0,year,True,year_only,False,False,0,0,0,0,0,0,,,2024,2024,NUMBER
ENERGY.ENERGY__FED_EIA861_SERVICE_TERRITORY,_LOADED_AT,11775,11775,11775,day,True,,False,True,0,0,0,0,0,0,2026-08-05 21:38:37.395,2026-08-05 21:38:37.395,2026,2026,TIMESTAMP_NTZ
ENVIRONMENT.ENVIRONMENT__FED_EPA_EGRID_PLANT_2022,DATA_YEAR,11974,11974,0,year,True,year_only,False,False,0,0,0,0,0,0,,,2022,2022,TEXT
HEALTH.HEALTH__FED_CMS_HOME_HEALTH,CERTIFICATION_DATE,12392,12391,12391,day,True,,False,False,2,2,0,0,0,0,1966-07-01,2025-10-09,1966,2025,DATE
HEALTH.HEALTH__FED_CMS_HOME_HEALTH,NUMERATOR_FOR_HOW_OFTEN_THE_HOME_HEALTH_TEAM_DETERMINED_WHETHER_PATIENTS_RECEIVED_A_FLU_SHOT_FOR_THE_CURRENT_FLU_SEASON,12392,12392,0,none,False,,True,False,0,0,0,0,0,0,,,,,TEXT
HEALTH.HEALTH__FED_CMS_HOME_HEALTH,DENOMINATOR_FOR_HOW_OFTEN_THE_HOME_HEALTH_TEAM_DETERMINED_WHETHER_PATIENTS_RECEIVED_A_FLU_SHOT_FOR_THE_CURRENT_FLU_SEASON,12392,12392,0,none,False,,True,False,0,0,0,0,0,0,,,,,TEXT
HEALTH.HEALTH__FED_CMS_HOME_HEALTH,HOW_OFTEN_THE_HOME_HEALTH_TEAM_DETERMINED_WHETHER_PATIENTS_RECEIVED_A_FLU_SHOT_FOR_THE_CURRENT_FLU_SEASON,12392,12392,0,none,False,,True,False,0,0,0,0,0,0,,,,,TEXT
HEALTH.HEALTH__FED_CMS_HOME_HEALTH,FOOTNOTE_FOR_HOW_OFTEN_THE_HOME_HEALTH_TEAM_DETERMINED_WHETHER_PATIENTS_RECEIVED_A_FLU_SHOT_FOR_THE_CURRENT_FLU_SEASON,12392,12392,0,none,False,,True,False,0,0,0,0,0,0,,,,,TEXT
JUSTICE.JUSTICE__FED_COURTLISTENER_JUDGE_EDUCATIONS,DATE_CREATED,12777,12777,12777,day,True,,False,False,0,0,0,0,0,0,2016-04-20,2023-11-08,2016,2023,DATE
JUSTICE.JUSTICE__FED_COURTLISTENER_JUDGE_EDUCATIONS,DATE_MODIFIED,12777,12777,12777,day,True,,False,False,0,0,0,0,0,0,2016-04-20,2023-11-08,2016,2023,DATE
JUSTICE.JUSTICE__FED_COURTLISTENER_JUDGE_EDUCATIONS,DEGREE_YEAR,12777,7915,0,year,True,year_only,False,False,0,0,0,0,0,0,,,1751,2023,TEXT
POLITICS.POLITICS__MEMBER_CROSSWALK,LAST_TERM_TYPE,12794,12794,0,none,False,,True,False,0,0,0,0,0,0,,,,,TEXT
POLITICS.POLITICS__MEMBER_CROSSWALK,FIRST_TERM_START,12794,12794,12794,day,True,iso,True,False,0,0,0,0,0,0,1789-03-04,2026-06-10,,,TEXT
POLITICS.POLITICS__MEMBER_CROSSWALK,LAST_TERM_END,12794,12794,12794,day,True,iso,True,False,0,0,0,0,0,0,1790-06-01,2031-01-03,,,TEXT
POLITICS.POLITICS__MEMBER_SPINE,LAST_TERM_TYPE,12794,12794,0,none,False,,True,False,0,0,0,0,0,0,,,,,TEXT
POLITICS.POLITICS__MEMBER_SPINE,FIRST_TERM_START,12794,12794,12794,day,True,iso,True,False,0,0,0,0,0,0,1789-03-04,2026-06-10,,,TEXT
POLITICS.POLITICS__MEMBER_SPINE,LAST_TERM_END,12794,12794,12794,day,True,iso,True,False,0,0,0,0,0,0,1790-06-01,2031-01-03,,,TEXT
POLITICS.POLITICS__FED_CONGRESS_LEGISLATORS,TERM_TYPE,12847,12847,0,none,False,,True,False,0,0,0,0,0,0,,,,,TEXT
POLITICS.POLITICS__FED_CONGRESS_LEGISLATORS,TERM_START,12847,12847,12847,day,True,iso,True,False,0,0,0,0,0,0,1789-03-04,2026-06-10,,,TEXT
POLITICS.POLITICS__FED_CONGRESS_LEGISLATORS,TERM_END,12847,12847,12847,day,True,iso,True,False,0,0,0,0,0,0,1790-06-01,2031-01-03,,,TEXT
HEALTH.HEALTH__INTL_HEALTHCANADA_DPD_DRUG,LAST_UPDATE_DATE,13383,13383,13383,day,True,,False,False,0,0,0,0,0,0,2025-03-22,2026-07-31,2025,2026,DATE
HEALTH.HEALTH__INTL_HEALTHCANADA_DPD_DRUG,_INGESTED_AT,13383,13383,13383,day,True,,False,True,0,0,0,0,0,0,2026-08-07 18:54:55.103,2026-08-07 18:54:55.103,2026,2026,TIMESTAMP_NTZ
HOUSING.HOUSING__FED_USDA_RD_MFH_ACTIVE_PROJECTS,DATE_TAX_CREDIT_EXPIRES,13550,6102,5062,day,True,,True,False,0,0,0,0,0,1040,1933-09-28,2035-12-31,1933,2035,DATE
HOUSING.HOUSING__FED_USDA_RD_MFH_ACTIVE_PROJECTS,DATE_OF_OPERATION,13550,13550,13550,day,True,,False,False,1,1,0,0,0,0,1964-04-29,2019-09-11,1964,2019,DATE
HOUSING.HOUSING__FED_USDA_RD_MFH_ACTIVE_PROJECTS,DATE_RESTRICTIVE_CLAUSE_EXPIRES,13550,12748,8664,day,True,,True,False,0,0,0,0,0,4084,1944-12-20,2035-12-30,1944,2035,DATE
HOUSING.HOUSING__FED_USDA_RD_MFH_ACTIVE_PROJECTS,_INGESTED_AT,13550,13550,13550,day,True,,False,True,0,0,0,0,0,0,2026-08-07 20:20:46.523,2026-08-07 20:20:46.523,2026,2026,TIMESTAMP_NTZ
HEALTH.HEALTH__FED_CMS_SKILLED_NURSING_FACILITY_ENROLLMENTS,INCORPORATION_DATE,14425,8989,8989,day,True,,False,False,3,2,1,0,0,0,1800-01-01,2024-09-17,1800,2024,DATE
POLITICS.POLITICS__TX_LOBBY_FOOD_BEVERAGE,APPLICABLEYEAR,14452,14452,0,year,True,year_only,False,False,0,0,0,0,0,0,,,2004,2026,TEXT
POLITICS.POLITICS__TX_LOBBY_FOOD_BEVERAGE,DUEDT,14452,14452,14452,day,True,,True,False,0,0,0,0,0,0,2005-01-10,2026-07-10,2005,2026,DATE
POLITICS.POLITICS__TX_LOBBY_FOOD_BEVERAGE,RECEIVEDDT,14452,14452,14452,day,True,,False,False,0,0,0,0,0,0,2005-01-07,2026-07-10,2005,2026,DATE
POLITICS.POLITICS__TX_LOBBY_FOOD_BEVERAGE,PERIODSTARTDT,14452,14452,14452,day,True,,False,False,0,0,0,0,0,0,2004-01-01,2026-06-01,2004,2026,DATE
POLITICS.POLITICS__TX_LOBBY_FOOD_BEVERAGE,PERIODENDDT,14452,14452,14452,day,True,,True,False,0,0,0,0,0,0,2004-12-31,2026-06-30,2004,2026,DATE
POLITICS.POLITICS__TX_LOBBY_FOOD_BEVERAGE,ACTIVITYDATE,14452,14452,14452,day,True,,False,False,0,0,0,0,0,0,2004-11-02,2026-06-23,2004,2026,DATE
POLITICS.POLITICS__TX_LOBBY_FOOD_BEVERAGE,_INGESTED_AT,14452,14452,14452,day,True,,False,True,0,0,0,0,0,0,2026-08-05 21:31:41.497,2026-08-05 21:31:41.497,2026,2026,TIMESTAMP_NTZ
HEALTH.HEALTH__FED_CMS_NURSING_HOME,DATE_FIRST_APPROVED_TO_PROVIDE_MEDICARE_AND_MEDICAID_SERVICES,14700,0,0,none,False,,False,False,0,0,0,0,0,0,,,,,DATE
HEALTH.HEALTH__FED_CMS_NURSING_HOME,DATE_OF_MOST_RECENT_HEALTH_INSPECTION,14700,0,0,none,False,,False,False,0,0,0,0,0,0,,,,,DATE
HEALTH.HEALTH__FED_CMS_NURSING_HOME,PROCESSING_DATE,14700,0,0,none,False,,False,False,0,0,0,0,0,0,,,,,DATE
HEALTH.HEALTH__FED_CMS_NURSING_HOME,MOST_RECENT_HEALTH_INSPECTION_MORE_THAN_2_YEARS_AGO,14700,14700,0,none,False,,False,False,0,0,0,0,0,0,,,,,TEXT
HEALTH.HEALTH__FED_CMS_NURSING_HOME,PROVIDER_CHANGED_OWNERSHIP_IN_LAST_12_MONTHS,14700,14700,0,none,False,,False,False,0,0,0,0,0,0,,,,,TEXT
HEALTH.HEALTH__FED_CMS_NURSING_HOME,AVERAGE_NUMBER_OF_RESIDENTS_PER_DAY,14700,14635,0,none,False,,False,False,0,0,0,0,0,0,,,,,FLOAT
HEALTH.HEALTH__FED_CMS_NURSING_HOME,REPORTED_NURSE_AIDE_STAFFING_HOURS_PER_RESIDENT_PER_DAY,14700,14083,0,none,False,,False,False,0,0,0,0,0,0,,,,,FLOAT
HEALTH.HEALTH__FED_CMS_NURSING_HOME,REPORTED_LPN_STAFFING_HOURS_PER_RESIDENT_PER_DAY,14700,14083,0,none,False,,False,False,0,0,0,0,0,0,,,,,FLOAT
HEALTH.HEALTH__FED_CMS_NURSING_HOME,REPORTED_RN_STAFFING_HOURS_PER_RESIDENT_PER_DAY,14700,14083,0,none,False,,False,False,0,0,0,0,0,0,,,,,FLOAT
HEALTH.HEALTH__FED_CMS_NURSING_HOME,REPORTED_LICENSED_STAFFING_HOURS_PER_RESIDENT_PER_DAY,14700,14083,0,none,False,,False,False,0,0,0,0,0,0,,,,,FLOAT
HEALTH.HEALTH__FED_CMS_NURSING_HOME,REPORTED_TOTAL_NURSE_STAFFING_HOURS_PER_RESIDENT_PER_DAY,14700,14083,0,none,False,,False,False,0,0,0,0,0,0,,,,,FLOAT
HEALTH.HEALTH__FED_CMS_NURSING_HOME,TOTAL_NUMBER_OF_NURSE_STAFF_HOURS_PER_RESIDENT_PER_DAY_ON_THE_WEEKEND,14700,14083,0,none,False,,True,False,0,0,0,0,0,0,,,,,FLOAT
HEALTH.HEALTH__FED_NURSINGHOME411,AVERAGE_NUMBER_OF_RESIDENTS_PER_DAY,14713,14641,0,none,False,,False,False,0,0,0,0,0,0,,,,,NUMBER
HEALTH.HEALTH__FED_NURSINGHOME411,DATE_FIRST_APPROVED_TO_PROVIDE_MEDICARE_AND_MEDICAID_SERVICES,14713,14713,14713,day,True,,False,False,5,5,0,0,0,0,1967-01-01,2025-12-12,1967,2025,DATE
HEALTH.HEALTH__FED_NURSINGHOME411,PROBLEM_FACILITIES_SFFS_CANDIDATES_ONE_STAR,14713,14713,0,none,False,,False,False,0,0,0,0,0,0,,,,,TEXT
HEALTH.HEALTH__FED_NURSINGHOME411,MOST_RECENT_HEALTH_INSPECTION_MORE_THAN_2_YEARS_AGO,14713,14713,0,none,False,,False,False,0,0,0,0,0,0,,,,,TEXT
HEALTH.HEALTH__FED_NURSINGHOME411,PROVIDER_CHANGED_OWNERSHIP_IN_LAST_12_MONTHS,14713,14713,0,none,False,,False,False,0,0,0,0,0,0,,,,,TEXT
HEALTH.HEALTH__FED_NURSINGHOME411,REPORTED_NURSE_AIDE_STAFFING_HOURS_PER_RESIDENT_PER_DAY,14713,14713,0,none,False,,False,False,0,0,0,0,0,0,,,,,TEXT
HEALTH.HEALTH__FED_NURSINGHOME411,EXPECTED_NURSE_AIDE_STAFFING_HOURS_PER_RESIDENT_DAY,14713,14713,0,none,False,,False,False,0,0,0,0,0,0,,,,,TEXT
HEALTH.HEALTH__FED_NURSINGHOME411,REPORTED_LPN_STAFFING_HOURS_PER_RESIDENT_PER_DAY,14713,14713,0,none,False,,False,False,0,0,0,0,0,0,,,,,TEXT
HEALTH.HEALTH__FED_NURSINGHOME411,REPORTED_RN_STAFFING_HOURS_PER_RESIDENT_PER_DAY,14713,14713,0,none,False,,False,False,0,0,0,0,0,0,,,,,TEXT
HEALTH.HEALTH__FED_NURSINGHOME411,EXPECTED_RN_STAFFING_HOURS_PER_RESIDENT_PER_DAY,14713,14713,0,none,False,,False,False,0,0,0,0,0,0,,,,,TEXT
HEALTH.HEALTH__FED_NURSINGHOME411,REPORTED_LICENSED_STAFFING_HOURS_PER_RESIDENT_PER_DAY,14713,14713,0,none,False,,False,False,0,0,0,0,0,0,,,,,TEXT
HEALTH.HEALTH__FED_NURSINGHOME411,REPORTED_TOTAL_NURSE_STAFFING_HOURS_PER_RESIDENT_PER_DAY,14713,14366,0,none,False,,False,False,0,0,0,0,0,0,,,,,FLOAT
JUSTICE.JUSTICE__FED_COURTLISTENER_DISCLOSURE_NON_INVESTMENT_INCOME,DATE_CREATED,15302,15302,15302,day,True,,False,False,0,0,0,0,0,0,2021-01-03,2023-08-31,2021,2023,DATE
JUSTICE.JUSTICE__FED_COURTLISTENER_DISCLOSURE_NON_INVESTMENT_INCOME,DATE_MODIFIED,15302,15302,15302,day,True,,False,False,0,0,0,0,0,0,2021-01-03,2023-08-31,2021,2023,DATE
JUSTICE.JUSTICE__FED_COURTLISTENER_DISCLOSURE_NON_INVESTMENT_INCOME,DATE_RAW,15302,14640,353,year,True,year_only,False,False,1,0,0,0,0,1,2005-01-30,2022-12-20,1712,2022,TEXT
JUSTICE.JUSTICE__XC_MAPPING_POLICE_VIOLENCE,VICTIM_S_AGE,15476,15469,0,none,False,,False,False,0,0,0,0,0,0,,,,,TEXT
JUSTICE.JUSTICE__XC_MAPPING_POLICE_VIOLENCE,DATE_OF_INCIDENT_MONTH_DAY_YEAR,15476,15476,15476,day,True,,False,False,0,0,0,0,0,0,2013-01-01,2026-07-22,2013,2026,DATE
JUSTICE.JUSTICE__XC_MAPPING_POLICE_VIOLENCE,TOTAL_POPULATION_OF_CENSUS_TRACT_2019_ACS_5_YEAR_ESTIMATES,15476,14151,0,year,True,year_only,False,False,0,0,0,0,0,0,,,1700,2035,TEXT
JUSTICE.JUSTICE__XC_MAPPING_POLICE_VIOLENCE,CHIEF_PROSECUTOR_TERM,15476,56,0,year,True,year_only,True,False,0,0,0,0,0,0,,,1998,2019,TEXT
HEALTH.HEALTH__FED_CDC_HEALTH_INSURANCE,TIME_PERIOD,16056,16056,0,none,False,,False,False,0,0,0,0,0,0,,,,,TEXT
HEALTH.HEALTH__FED_CDC_HEALTH_INSURANCE,TIME_PERIOD_LABEL,16056,16056,0,none,False,,False,False,0,0,0,0,0,0,,,,,TEXT
HEALTH.HEALTH__FED_CDC_HEALTH_INSURANCE,TIME_PERIOD_START_DATE,16056,16056,16056,day,True,,False,False,0,0,0,0,0,0,2020-04-23 00:00:00.000,2024-08-20 00:00:00.000,2020,2024,TIMESTAMP_NTZ
HEALTH.HEALTH__FED_CDC_HEALTH_INSURANCE,TIME_PERIOD_END_DATE,16056,16056,16056,day,True,,True,False,0,0,0,0,0,0,2020-05-05 00:00:00.000,2024-09-16 00:00:00.000,2020,2024,TIMESTAMP_NTZ
ENERGY.ENERGY__FED_EIA860_2_PLANT,_LOADED_AT,16132,16132,16132,day,True,,False,True,0,0,0,0,0,0,2026-08-05 21:37:40.609,2026-08-05 21:37:40.609,2026,2026,TIMESTAMP_NTZ
HEALTH.HEALTH__FED_CMS_NURSING_HOME_PENALTIES,PENALTY_DATE,16180,16180,16180,day,True,,False,False,0,0,0,0,0,0,2023-06-17,2026-05-13,2023,2026,DATE
HEALTH.HEALTH__FED_CMS_NURSING_HOME_PENALTIES,PAYMENT_DENIAL_START_DATE,16180,2470,2470,day,True,,False,False,0,0,0,0,0,0,2023-06-30,2026-05-15,2023,2026,DATE
HEALTH.HEALTH__FED_CMS_NURSING_HOME_PENALTIES,PAYMENT_DENIAL_LENGTH_IN_DAYS,16180,2470,0,none,False,,False,False,0,0,0,0,0,0,,,,,TEXT
HEALTH.HEALTH__FED_CMS_NURSING_HOME_PENALTIES,PROCESSING_DATE,16180,16180,16180,day,True,,False,False,0,0,0,0,0,0,2026-06-01,2026-06-01,2026,2026,DATE
JUSTICE.JUSTICE__FED_COURTLISTENER_JUDGES,DATE_CREATED,16191,16191,16191,day,True,,False,False,0,0,0,0,0,0,2016-04-20,2025-05-14,2016,2025,DATE
JUSTICE.JUSTICE__FED_COURTLISTENER_JUDGES,DATE_MODIFIED,16191,16191,16191,day,True,,False,False,0,0,0,0,0,0,2016-04-26,2026-06-24,2016,2026,DATE
JUSTICE.JUSTICE__FED_COURTLISTENER_JUDGES,DATE_COMPLETED,16191,1341,1341,day,True,,False,False,0,0,0,0,0,0,2020-12-23,2022-08-09,2020,2022,DATE
JUSTICE.JUSTICE__FED_COURTLISTENER_JUDGES,DATE_DOB,16191,7362,7361,day,True,,False,False,20,17,2,0,1,0,1707-01-01,1999-12-14,1707,1999,DATE
JUSTICE.JUSTICE__FED_COURTLISTENER_JUDGES,DATE_GRANULARITY_DOB,16191,0,0,none,False,,False,False,0,0,0,0,0,0,,,,,DATE
JUSTICE.JUSTICE__FED_COURTLISTENER_JUDGES,DATE_DOD,16191,4449,4448,day,True,,False,False,1,0,0,0,1,0,1764-01-01,2023-12-01,1764,2023,DATE
JUSTICE.JUSTICE__FED_COURTLISTENER_JUDGES,DATE_GRANULARITY_DOD,16191,0,0,none,False,,False,False,0,0,0,0,0,0,,,,,DATE
JUSTICE.JUSTICE__FED_COURTLISTENER_JUDGES,FTM_TOTAL_RECEIVED,16191,409,0,month,True,yyyymm,False,False,0,0,0,0,0,0,,,2030,2030,TEXT
JUSTICE.JUSTICE__FED_COURTLISTENER_JUDGES,IS_ALIAS_OF_ID,16191,394,0,quarter,True,year_quarter,False,False,0,0,0,0,0,0,,,1810,1810,TEXT
POLITICS.POLITICS__FEC_CAND_CMTE_LINK,CYCLE,16229,16229,0,year,True,year_only,False,False,0,0,0,0,0,0,,,2024,2026,TEXT
POLITICS.POLITICS__FEC_CAND_CMTE_LINK,CAND_ELECTION_YR,16229,16229,0,year,True,year_only,False,False,0,0,0,0,0,0,,,1980,2034,NUMBER
POLITICS.POLITICS__FEC_CAND_CMTE_LINK,FEC_ELECTION_YR,16229,16229,0,year,True,year_only,False,False,0,0,0,0,0,0,,,2024,2026,NUMBER
_RESTORE_20260731.FINANCE__FED_FEC_BULK_LINKAGES,CAND_ELECTION_YR,16327,16327,0,year,True,year_only,False,False,0,0,0,0,0,0,,,1980,2034,TEXT
_RESTORE_20260731.FINANCE__FED_FEC_BULK_LINKAGES,FEC_ELECTION_YR,16327,16327,0,year,True,year_only,False,False,0,0,0,0,0,0,,,2024,2026,TEXT
_RESTORE_20260731.FINANCE__FED_FEC_BULK_LINKAGES,CYCLE,16327,16327,0,year,True,year_only,False,False,0,0,0,0,0,0,,,2024,2026,TEXT
JUSTICE.JUSTICE__FED_FBI_NICS_CHECKS,MONTH,16445,16445,0,month,True,yyyymm,False,False,0,0,0,0,0,0,,,1998,2023,TEXT
HEALTH.HEALTH__FED_CDC_ANXIETY_DEPRESSION,TIME_PERIOD,16794,16794,0,none,False,,False,False,0,0,0,0,0,0,,,,,TEXT
HEALTH.HEALTH__FED_CDC_ANXIETY_DEPRESSION,TIME_PERIOD_LABEL,16794,16794,0,none,False,,False,False,0,0,0,0,0,0,,,,,TEXT
HEALTH.HEALTH__FED_CDC_ANXIETY_DEPRESSION,TIME_PERIOD_START_DATE,16794,16794,16794,day,True,,False,False,0,0,0,0,0,0,2020-04-23 00:00:00.000,2024-08-20 00:00:00.000,2020,2024,TIMESTAMP_NTZ
HEALTH.HEALTH__FED_CDC_ANXIETY_DEPRESSION,TIME_PERIOD_END_DATE,16794,16794,16794,day,True,,True,False,0,0,0,0,0,0,2020-05-05 00:00:00.000,2024-09-16 00:00:00.000,2020,2024,TIMESTAMP_NTZ
EDUCATION.EDUCATION__FED_FRB_H15_SELECTED_RATES,MARKET_YIELD_ON_U_S_TREASURY_SECURITIES_AT_1_MONTH_CONSTANT_MATURITY_QUOTED_ON_INVESTMENT_BASIS,16848,6522,0,none,False,,True,False,0,0,0,0,0,0,,,,,TEXT
EDUCATION.EDUCATION__FED_FRB_H15_SELECTED_RATES,MARKET_YIELD_ON_U_S_TREASURY_SECURITIES_AT_3_MONTH_CONSTANT_MATURITY_QUOTED_ON_INVESTMENT_BASIS,16848,11717,0,none,False,,True,False,0,0,0,0,0,0,,,,,TEXT
EDUCATION.EDUCATION__FED_FRB_H15_SELECTED_RATES,MARKET_YIELD_ON_U_S_TREASURY_SECURITIES_AT_6_MONTH_CONSTANT_MATURITY_QUOTED_ON_INVESTMENT_BASIS,16848,11717,0,none,False,,True,False,0,0,0,0,0,0,,,,,TEXT
EDUCATION.EDUCATION__FED_FRB_H15_SELECTED_RATES,MARKET_YIELD_ON_U_S_TREASURY_SECURITIES_AT_1_YEAR_CONSTANT_MATURITY_QUOTED_ON_INVESTMENT_BASIS,16848,16847,0,none,False,,True,False,0,0,0,0,0,0,,,,,TEXT
EDUCATION.EDUCATION__FED_FRB_H15_SELECTED_RATES,MARKET_YIELD_ON_U_S_TREASURY_SECURITIES_AT_2_YEAR_CONSTANT_MATURITY_QUOTED_ON_INVESTMENT_BASIS,16848,13087,0,none,False,,True,False,0,0,0,0,0,0,,,,,TEXT
EDUCATION.EDUCATION__FED_FRB_H15_SELECTED_RATES,MARKET_YIELD_ON_U_S_TREASURY_SECURITIES_AT_3_YEAR_CONSTANT_MATURITY_QUOTED_ON_INVESTMENT_BASIS,16848,16847,0,none,False,,True,False,0,0,0,0,0,0,,,,,TEXT
EDUCATION.EDUCATION__FED_FRB_H15_SELECTED_RATES,MARKET_YIELD_ON_U_S_TREASURY_SECURITIES_AT_5_YEAR_CONSTANT_MATURITY_QUOTED_ON_INVESTMENT_BASIS,16848,16847,0,none,False,,True,False,0,0,0,0,0,0,,,,,TEXT
EDUCATION.EDUCATION__FED_FRB_H15_SELECTED_RATES,MARKET_YIELD_ON_U_S_TREASURY_SECURITIES_AT_7_YEAR_CONSTANT_MATURITY_QUOTED_ON_INVESTMENT_BASIS,16848,14892,0,none,False,,True,False,0,0,0,0,0,0,,,,,TEXT
EDUCATION.EDUCATION__FED_FRB_H15_SELECTED_RATES,MARKET_YIELD_ON_U_S_TREASURY_SECURITIES_AT_10_YEAR_CONSTANT_MATURITY_QUOTED_ON_INVESTMENT_BASIS,16848,16847,0,none,False,,True,False,0,0,0,0,0,0,,,,,TEXT
EDUCATION.EDUCATION__FED_FRB_H15_SELECTED_RATES,MARKET_YIELD_ON_U_S_TREASURY_SECURITIES_AT_20_YEAR_CONSTANT_MATURITY_QUOTED_ON_INVESTMENT_BASIS,16848,16847,0,none,False,,True,False,0,0,0,0,0,0,,,,,TEXT
EDUCATION.EDUCATION__FED_FRB_H15_SELECTED_RATES,MARKET_YIELD_ON_U_S_TREASURY_SECURITIES_AT_30_YEAR_CONSTANT_MATURITY_QUOTED_ON_INVESTMENT_BASIS,16848,12902,0,none,False,,True,False,0,0,0,0,0,0,,,,,TEXT
REVIEW.LEAD_QUEUE,ACTIVITY_MIN_DATE,17306,842,842,day,True,,False,False,0,0,0,0,0,0,2022-01-01,2025-09-27,2022,2025,DATE
REVIEW.LEAD_QUEUE,ACTIVITY_MAX_DATE,17306,842,842,day,True,,False,False,0,0,0,0,0,0,2022-01-06,2025-09-30,2022,2025,DATE
REVIEW.LEAD_QUEUE,EXCL_DATE,17306,1019,1019,day,True,,False,False,0,0,0,0,0,0,1995-12-20,2026-06-18,1995,2026,DATE
REVIEW.LEAD_QUEUE,FIRST_SEEN,17306,17306,17306,day,True,,False,False,0,0,0,0,0,0,2026-06-25 08:29:30.754,2026-08-01 09:07:21.008,2026,2026,TIMESTAMP_NTZ
REVIEW.LEAD_QUEUE,LAST_SEEN,17306,17306,17306,day,True,,False,False,0,0,0,0,0,0,2026-07-30 10:27:37.676,2026-08-05 21:08:43.619,2026,2026,TIMESTAMP_NTZ
REVIEW.LEAD_QUEUE,LEAD_AS_OF_DATE,17306,17306,17306,day,True,,False,False,0,0,0,0,0,0,2026-07-30,2026-08-05,2026,2026,DATE
HOUSING.HOUSING__FED_CFPB_HMDA_LAR,ACTIVITY_YEAR,17474,17474,0,year,True,year_only,False,False,0,0,0,0,0,0,,,2023,2023,NUMBER
HOUSING.HOUSING__FED_CFPB_HMDA_LAR,OPEN_END_LINE_OF_CREDIT,17474,17474,0,year,False,year_only,True,False,0,0,0,0,0,0,,,,,TEXT
HOUSING.HOUSING__FED_CFPB_HMDA_LAR,LOAN_TERM_MONTHS,17474,17066,0,none,False,,True,False,0,0,0,0,0,0,,,,,NUMBER
HOUSING.HOUSING__FED_CFPB_HMDA_LAR,PREPAYMENT_PENALTY_TERM,17474,575,0,none,False,,True,False,0,0,0,0,0,0,,,,,NUMBER
HOUSING.HOUSING__FED_CFPB_HMDA_LAR,INTRO_RATE_PERIOD,17474,4600,0,none,False,,False,False,0,0,0,0,0,0,,,,,NUMBER
HOUSING.HOUSING__FED_CFPB_HMDA_LAR,APPLICANT_AGE,17474,17474,0,year,False,year_only,False,False,0,0,0,0,0,0,,,,,TEXT
HOUSING.HOUSING__FED_CFPB_HMDA_LAR,CO_APPLICANT_AGE,17474,17474,0,year,False,year_only,False,False,0,0,0,0,0,0,,,,,TEXT
HOUSING.HOUSING__FED_CFPB_HMDA_LAR,APPLICANT_AGE_ABOVE_62,17474,14699,0,none,False,,False,False,0,0,0,0,0,0,,,,,TEXT
HOUSING.HOUSING__FED_CFPB_HMDA_LAR,CO_APPLICANT_AGE_ABOVE_62,17474,4743,0,none,False,,False,False,0,0,0,0,0,0,,,,,TEXT
HOUSING.HOUSING__FED_CFPB_HMDA_LAR,TRACT_MEDIAN_AGE_OF_HOUSING_UNITS,17474,17474,0,none,False,,False,False,0,0,0,0,0,0,,,,,NUMBER
HOUSING.HOUSING__FED_CFPB_HMDA_LAR,_INGESTED_AT,17474,17474,17474,day,True,,False,True,0,0,0,0,0,0,2026-08-08 04:55:47.435,2026-08-08 04:55:47.435,2026,2026,TIMESTAMP_NTZ
PUBLIC.SPENDING_BUDGET__USASPENDING_BY_AGENCY_NAICS_AGG,ACTION_YEAR,17490,17490,0,year,True,year_only,False,False,0,0,0,0,0,0,,,2024,2025,NUMBER
HEALTH.HEALTH__FED_FDA_DRUG_ENFORCEMENT,VOLUNTARY_MANDATED,17816,17816,0,none,False,,False,False,0,0,0,0,0,0,,,,,TEXT
HEALTH.HEALTH__FED_FDA_DRUG_ENFORCEMENT,RECALL_INITIATION_DATE,17816,17816,17816,day,True,,False,False,0,0,0,0,0,0,2006-02-24,2026-06-29,2006,2026,DATE
HEALTH.HEALTH__FED_FDA_DRUG_ENFORCEMENT,CENTER_CLASSIFICATION_DATE,17816,17815,17815,day,True,,False,False,0,0,0,0,0,0,2012-06-11,2026-07-16,2012,2026,DATE
HEALTH.HEALTH__FED_FDA_DRUG_ENFORCEMENT,REPORT_DATE,17816,17816,17816,day,True,,False,False,0,0,0,0,0,0,2012-06-20,2026-07-15,2012,2026,DATE
HEALTH.HEALTH__FED_FDA_DRUG_ENFORCEMENT,TERMINATION_DATE,17816,14801,14801,day,True,,True,False,0,0,0,0,0,0,2012-07-05,2026-07-01,2012,2026,DATE
POLITICS.POLITICS__IRS527_EAIN,STATE_ISSUED,17853,17853,0,none,False,,False,False,0,0,0,0,0,0,,,,,TEXT
POLITICS.POLITICS__IRS527_EAIN,_INGESTED_AT,17853,17853,17853,day,True,,False,True,0,0,0,0,0,0,2026-08-05 21:45:29.519,2026-08-05 21:45:29.519,2026,2026,TIMESTAMP_NTZ
_RESTORE_20260731.FINANCE__FED_FEC_BULK_CANDIDATES,CAND_ELECTION_YR,17900,17900,0,year,True,year_only,False,False,0,0,0,0,0,0,,,1980,2035,TEXT
_RESTORE_20260731.FINANCE__FED_FEC_BULK_CANDIDATES,CYCLE,17900,17900,0,year,True,year_only,False,False,0,0,0,0,0,0,,,2024,2026,TEXT
POLITICS.POLITICS__FEC_CANDIDATE,CYCLE,17900,17900,0,year,True,year_only,False,False,0,0,0,0,0,0,,,2024,2026,TEXT
POLITICS.POLITICS__FEC_CANDIDATE,CAND_ELECTION_YR,17900,17900,0,year,True,year_only,False,False,0,0,0,0,0,0,,,1980,2035,NUMBER
JUSTICE.JUSTICE__FED_COURTLISTENER_DISCLOSURE_DEBTS,DATE_CREATED,18775,18775,18775,day,True,,False,False,0,0,0,0,0,0,2021-01-03,2023-08-31,2021,2023,DATE
JUSTICE.JUSTICE__FED_COURTLISTENER_DISCLOSURE_DEBTS,DATE_MODIFIED,18775,18775,18775,day,True,,False,False,0,0,0,0,0,0,2021-01-03,2025-02-05,2021,2025,DATE
HEALTH.HEALTH__FED_HRSA_UDS_SERVICE_DELIVERY_SITES,OPERATING_HOURS_PER_WEEK,19038,18302,0,none,False,,False,False,0,0,0,0,0,0,,,,,NUMBER
HEALTH.HEALTH__FED_HRSA_UDS_SERVICE_DELIVERY_SITES,SITE_ADDED_TO_SCOPE_DATE,19038,19038,19038,day,True,,False,False,19,19,0,0,0,0,1966-01-01,2026-08-06,1966,2026,DATE
HEALTH.HEALTH__FED_HRSA_UDS_SERVICE_DELIVERY_SITES,RECORD_CREATE_DATE,19038,19038,19038,day,True,,False,False,0,0,0,0,0,0,2026-08-07,2026-08-07,2026,2026,DATE
HEALTH.HEALTH__FED_HRSA_UDS_SERVICE_DELIVERY_SITES,_INGESTED_AT,19038,19038,19038,day,True,,False,True,0,0,0,0,0,0,2026-08-07 18:54:01.663,2026-08-07 18:54:01.663,2026,2026,TIMESTAMP_NTZ
JUSTICE.JUSTICE__FED_OFAC_SDN,_INGESTED_AT,19115,19115,19115,day,True,,False,True,0,0,0,0,0,0,2026-06-25 21:55:21.291,2026-06-25 21:55:21.291,2026,2026,TIMESTAMP_NTZ
PUBLIC.HEALTH_MEDICINE__OPEN_PAYMENTS_BY_MFR_NATURE_AGG,PROGRAM_YEAR,19377,19377,0,year,True,year_only,False,False,0,0,0,0,0,0,,,2022,2024,TEXT
REFERENCE.REFERENCE__XC_OWID_FERTILITY,YEAR,19402,19402,0,year,True,year_only,False,False,0,0,0,0,0,0,,,1891,2023,NUMBER
FINANCE.FINANCE__FED_FEC_BULK_COMMITTEES,CYCLE,20007,20007,0,year,True,year_only,False,False,0,0,0,0,0,0,,,2026,2026,TEXT
JUSTICE.JUSTICE__FED_COURTLISTENER_DISCLOSURE_SPOUSAL_INCOME,DATE_CREATED,20174,20174,20174,day,True,,False,False,0,0,0,0,0,0,2021-01-03,2023-08-31,2021,2023,DATE
JUSTICE.JUSTICE__FED_COURTLISTENER_DISCLOSURE_SPOUSAL_INCOME,DATE_MODIFIED,20174,20174,20174,day,True,,False,False,0,0,0,0,0,0,2021-01-03,2023-08-31,2021,2023,DATE
JUSTICE.JUSTICE__FED_COURTLISTENER_DISCLOSURE_SPOUSAL_INCOME,DATE_RAW,20174,19777,112,year,True,year_only,False,False,0,0,0,0,0,0,2000-05-12,2021-02-22,1917,2022,TEXT
ENVIRONMENT.ENVIRONMENT__FED_EPA_AQS_SITES,SITE_ESTABLISHED_DATE,20994,20994,20994,day,True,,False,False,699,699,0,0,0,0,1957-01-01,2026-12-01,1957,2026,DATE
ENVIRONMENT.ENVIRONMENT__FED_EPA_AQS_SITES,SITE_CLOSED_DATE,20994,16250,16250,day,True,,True,False,29,29,0,0,0,0,1957-12-31,2026-03-27,1957,2026,DATE
ENVIRONMENT.ENVIRONMENT__FED_EPA_AQS_SITES,EXTRACTION_DATE,20994,20994,20994,day,True,,False,False,0,0,0,0,0,0,2026-06-26,2026-06-26,2026,2026,DATE
HEALTH.HEALTH__XC_OWID_LIFE_EXPECTANCY,YEAR,21565,21565,0,year,True,year_only,False,False,0,0,0,0,0,0,,,1703,2023,NUMBER
FINANCE.FINANCE__FED_EPA_ICIS_FEC_EPA_INFORMAL_ENFORCEMENT_ACTIONS,ACHIEVED_DATE,21930,20011,20011,day,True,,False,False,0,0,0,0,0,0,1970-06-01,2026-07-17,1970,2026,DATE
HOUSING.HOUSING__FED_HUD_MF_SECTION8_CONTRACTS,TRACS_EFFECTIVE_DATE,24309,24309,24309,day,True,,False,False,0,0,0,0,0,0,1977-11-21,2027-05-01,1977,2027,DATE
HOUSING.HOUSING__FED_HUD_MF_SECTION8_CONTRACTS,TRACS_OVERALL_EXPIRATION_DATE,24309,24309,14820,day,True,,True,False,0,0,0,0,0,9489,1997-07-31,2035-12-31,1997,2035,DATE
HOUSING.HOUSING__FED_HUD_MF_SECTION8_CONTRACTS,TRACS_OVERALL_EXP_FISCAL_YEAR,24309,24309,0,year,True,year_only,False,False,0,0,0,0,0,0,,,1997,2035,NUMBER
HOUSING.HOUSING__FED_HUD_MF_SECTION8_CONTRACTS,TRACS_OVERALL_EXPIRE_QUARTER,24309,24309,0,none,False,,True,False,0,0,0,0,0,0,,,,,TEXT
HOUSING.HOUSING__FED_HUD_MF_SECTION8_CONTRACTS,TRACS_CURRENT_EXPIRATION_DATE,24309,24309,21781,day,True,,True,False,0,0,0,0,0,2528,1900-01-02,2035-12-31,1900,2035,DATE
HOUSING.HOUSING__FED_HUD_MF_SECTION8_CONTRACTS,CONTRACT_TERM_MONTHS_QTY,24309,24309,0,none,False,,True,False,0,0,0,0,0,0,,,,,NUMBER
HOUSING.HOUSING__FED_HUD_MF_SECTION8_CONTRACTS,_INGESTED_AT,24309,24309,24309,day,True,,False,True,0,0,0,0,0,0,2026-08-07 20:20:34.494,2026-08-07 20:20:34.494,2026,2026,TIMESTAMP_NTZ
INVESTIGATIONS.INVESTIGATIONS__XC_WAYBACK_REPLAY_DOJ_LISTING,CAPTURE_TIMESTAMP_RAW,24897,24897,0,none,False,,False,False,0,0,0,0,0,0,,,,,TEXT
INVESTIGATIONS.INVESTIGATIONS__XC_WAYBACK_REPLAY_DOJ_LISTING,CAPTURED_AT,24897,24897,24897,day,True,,False,False,0,0,0,0,0,0,2025-12-19 21:13:27.000,2026-06-03 04:27:34.000,2025,2026,TIMESTAMP_NTZ
INVESTIGATIONS.INVESTIGATIONS__XC_WAYBACK_REPLAY_DOJ_LISTING,FETCHED_AT_UTC,24897,24897,24897,day,True,,False,True,0,0,0,0,0,0,2026-06-12 17:49:47.000,2026-06-12 19:23:21.000,2026,2026,TIMESTAMP_NTZ
INVESTIGATIONS.INVESTIGATIONS__XC_WAYBACK_REPLAY_DOJ_LISTING,_LOADED_AT,24897,24897,24897,day,True,,False,True,0,0,0,0,0,0,2026-06-12 19:23:30.350,2026-06-12 19:23:30.350,2026,2026,TIMESTAMP_NTZ
HOUSING.HOUSING__FED_FEMA_NFIP_COMMUNITY_STATUS_BOOK,INITIAL_FLOOD_HAZARD_BOUNDARY_MAP_DATE,25122,20046,20045,day,True,,False,False,1,0,0,0,0,1,1970-02-08,2020-05-29,1970,2020,DATE
HOUSING.HOUSING__FED_FEMA_NFIP_COMMUNITY_STATUS_BOOK,INITIAL_FLOOD_INSURANCE_RATE_MAP_DATE,25122,24033,24030,day,True,,False,False,3,0,0,0,0,3,1970-02-03,2026-12-10,1970,2026,DATE
HOUSING.HOUSING__FED_FEMA_NFIP_COMMUNITY_STATUS_BOOK,CURRENTLY_EFFECTIVE_MAP_DATE_RAW,25122,24950,0,none,False,,False,False,0,0,0,0,0,0,,,,,TEXT
HOUSING.HOUSING__FED_FEMA_NFIP_COMMUNITY_STATUS_BOOK,CURRENTLY_EFFECTIVE_MAP_DATE,25122,23268,23264,day,True,,False,False,4,0,0,0,0,4,1972-05-12,2026-12-10,1972,2026,DATE
HOUSING.HOUSING__FED_FEMA_NFIP_COMMUNITY_STATUS_BOOK,REGULAR_EMERGENCY_PROGRAM_DATE,25122,24667,24667,day,True,,False,False,0,0,0,0,0,0,1970-02-03,2026-08-05,1970,2026,DATE
HOUSING.HOUSING__FED_FEMA_NFIP_COMMUNITY_STATUS_BOOK,ORIGINAL_ENTRY_DATE,25122,1775,1775,day,True,,False,False,0,0,0,0,0,0,1991-10-01,2026-04-01,1991,2026,DATE
HOUSING.HOUSING__FED_FEMA_NFIP_COMMUNITY_STATUS_BOOK,CLASS_RATING_EFFECTIVE_DATE,25122,1775,1775,day,True,,False,False,0,0,0,0,0,0,1991-10-01,2026-04-01,1991,2026,DATE
HOUSING.HOUSING__FED_FEMA_NFIP_COMMUNITY_STATUS_BOOK,LAST_REFRESH_AT,25122,25122,25122,day,True,,False,False,0,0,0,0,0,0,2026-06-30 15:16:07.336,2026-08-07 00:21:05.352,2026,2026,TIMESTAMP_NTZ
HOUSING.HOUSING__FED_FEMA_NFIP_COMMUNITY_STATUS_BOOK,_INGESTED_AT,25122,25122,25122,day,True,,False,True,0,0,0,0,0,0,2026-08-07 19:07:50.766,2026-08-07 19:07:50.766,2026,2026,TIMESTAMP_NTZ
POLITICS.POLITICS__CA_LOBBY_AMENDMENTS,EXEC_DATE,25249,25249,25228,day,True,,False,False,21,0,0,0,11,10,1823-10-01,2028-07-28,1823,2028,DATE
POLITICS.POLITICS__CA_LOBBY_AMENDMENTS,FROM_DATE,25249,25249,25248,day,True,,False,False,1,0,0,0,0,1,1987-01-31,2026-07-31,1987,2026,DATE
POLITICS.POLITICS__CA_LOBBY_AMENDMENTS,THRU_DATE,25249,25249,25245,day,True,,True,False,2,0,0,0,2,2,2000-12-04,2026-12-31,2000,2026,DATE
POLITICS.POLITICS__CA_LOBBY_AMENDMENTS,ADD_L_EFF,25249,2496,2492,day,True,,False,False,4,0,0,0,4,0,2001-01-16,2028-04-27,2001,2028,DATE
POLITICS.POLITICS__CA_LOBBY_AMENDMENTS,DEL_L_EFF,25249,2479,2478,day,True,,False,False,1,0,0,0,1,0,1928-06-29,2026-09-30,1928,2026,DATE
POLITICS.POLITICS__CA_LOBBY_AMENDMENTS,ADD_LE_EFF,25249,10279,10277,day,True,,False,False,2,0,0,0,0,2,1935-11-20,2028-02-20,1935,2028,DATE
POLITICS.POLITICS__CA_LOBBY_AMENDMENTS,DEL_LE_EFF,25249,5282,5279,day,True,,False,False,3,0,0,0,2,1,1999-04-01,2026-12-05,1999,2026,DATE
POLITICS.POLITICS__CA_LOBBY_AMENDMENTS,ADD_LF_EFF,25249,950,950,day,True,,False,False,0,0,0,0,0,0,1999-01-01,2026-07-31,1999,2026,DATE
POLITICS.POLITICS__CA_LOBBY_AMENDMENTS,DEL_LF_EFF,25249,563,563,day,True,,False,False,0,0,0,0,0,0,1999-01-01,2026-06-30,1999,2026,DATE
POLITICS.POLITICS__CA_LOBBY_AMENDMENTS,OTHER_EFF,25249,6060,6057,day,True,,False,False,3,0,0,0,3,0,2000-12-04,2026-08-03,2000,2026,DATE
POLITICS.POLITICS__CA_LOBBY_AMENDMENTS,_INGESTED_AT,25249,25249,25249,day,True,,False,True,0,0,0,0,0,0,2026-08-05 21:37:18.642,2026-08-05 21:37:18.642,2026,2026,TIMESTAMP_NTZ
HOUSING.HOUSING__FED_HUD_MF_FIRM_COMMITMENTS,FIRM_ACTIVITY_DATE,25557,25557,25557,day,True,,False,False,0,0,0,0,0,0,2000-10-02,2026-06-30,2000,2026,DATE
HOUSING.HOUSING__FED_HUD_MF_FIRM_COMMITMENTS,FISCAL_YEAR_AT_FIRM_ACTIVITY,25557,25557,0,year,True,year_only,False,False,0,0,0,0,0,0,,,2001,2026,NUMBER
HOUSING.HOUSING__FED_HUD_MF_FIRM_COMMITMENTS,_INGESTED_AT,25557,25557,25557,day,True,,False,True,0,0,0,0,0,0,2026-08-07 20:19:33.409,2026-08-07 20:19:33.409,2026,2026,TIMESTAMP_NTZ
JUSTICE.JUSTICE__FED_CONSOLIDATED_SCREENING_LIST,START_DATE,25918,5094,5094,day,True,,False,False,0,0,0,0,0,0,1974-11-17,2026-03-26,1974,2026,DATE
JUSTICE.JUSTICE__FED_CONSOLIDATED_SCREENING_LIST,END_DATE,25918,1551,1513,day,True,,True,False,0,0,0,0,0,38,2000-04-04,2035-03-13,2000,2035,DATE
JUSTICE.JUSTICE__FED_CONSOLIDATED_SCREENING_LIST,DATES_OF_BIRTH,25918,7466,6470,day,True,iso,False,False,4,4,0,0,0,0,1921-05-06,2006-01-01,1924,1998,TEXT
JUSTICE.JUSTICE__FED_CONSOLIDATED_SCREENING_LIST,_INGESTED_AT,25918,25918,25918,day,True,,False,True,0,0,0,0,0,0,2026-08-05 21:37:04.136,2026-08-05 21:37:04.136,2026,2026,TIMESTAMP_NTZ
CORPORATE_REGISTRY.CORPORATE_REGISTRY__FED_ICIJ_OFFSHORELEAKS_INTERMEDIARIES,VALID_UNTIL,26768,26768,0,none,False,,True,False,0,0,0,0,0,0,,,,,TEXT
CORPORATE_REGISTRY.CORPORATE_REGISTRY__FED_ICIJ_OFFSHORELEAKS_INTERMEDIARIES,_INGESTED_AT,26768,26768,0,none,False,,False,True,26768,0,0,26768,0,0,,,,,TIMESTAMP_NTZ
ENERGY.ENERGY__FED_EIA860_3_1_GENERATOR,TIME_FROM_COLD_SHUTDOWN_TO_FULL_LOAD,26855,18486,0,none,False,,False,False,0,0,0,0,0,0,,,,,TEXT
ENERGY.ENERGY__FED_EIA860_3_1_GENERATOR,UPRATE_OR_DERATE_COMPLETED_DURING_YEAR,26855,26855,0,none,False,,False,False,0,0,0,0,0,0,,,,,TEXT
ENERGY.ENERGY__FED_EIA860_3_1_GENERATOR,MONTH_UPRATE_OR_DERATE_COMPLETED,26855,53,0,none,False,,False,False,0,0,0,0,0,0,,,,,NUMBER
ENERGY.ENERGY__FED_EIA860_3_1_GENERATOR,YEAR_UPRATE_OR_DERATE_COMPLETED,26855,53,0,year,True,year_only,False,False,0,0,0,0,0,0,,,2024,2024,NUMBER
ENERGY.ENERGY__FED_EIA860_3_1_GENERATOR,OPERATING_MONTH,26855,26854,0,none,False,,False,False,0,0,0,0,0,0,,,,,NUMBER
ENERGY.ENERGY__FED_EIA860_3_1_GENERATOR,OPERATING_YEAR,26855,26854,0,year,True,year_only,False,False,0,0,0,0,0,0,,,1891,2024,NUMBER
ENERGY.ENERGY__FED_EIA860_3_1_GENERATOR,PLANNED_RETIREMENT_MONTH,26855,534,0,none,False,,False,False,0,0,0,0,0,0,,,,,NUMBER
ENERGY.ENERGY__FED_EIA860_3_1_GENERATOR,PLANNED_RETIREMENT_YEAR,26855,534,0,year,True,year_only,False,False,0,0,0,0,0,0,,,2025,2035,NUMBER
ENERGY.ENERGY__FED_EIA860_3_1_GENERATOR,PLANNED_UPRATE_MONTH,26855,148,0,none,False,,False,False,0,0,0,0,0,0,,,,,NUMBER
ENERGY.ENERGY__FED_EIA860_3_1_GENERATOR,PLANNED_UPRATE_YEAR,26855,148,0,year,True,year_only,False,False,0,0,0,0,0,0,,,2024,2035,NUMBER
ENERGY.ENERGY__FED_EIA860_3_1_GENERATOR,PLANNED_DERATE_MONTH,26855,5,0,none,False,,False,False,0,0,0,0,0,0,,,,,NUMBER
ENERGY.ENERGY__FED_EIA860_3_1_GENERATOR,PLANNED_DERATE_YEAR,26855,5,0,year,True,year_only,False,False,0,0,0,0,0,0,,,2025,2026,NUMBER
FINANCE.FINANCE__FED_FDIC_BANK_DATA,DATEUPDT,27836,27815,27815,day,True,,False,False,0,0,0,0,0,0,1975-02-28,2026-08-05,1975,2026,DATE
FINANCE.FINANCE__FED_FDIC_BANK_DATA,ESTYMD,27836,27836,27836,day,True,,False,False,120,12,108,0,0,0,1782-01-01,2026-06-22,1782,2026,DATE
FINANCE.FINANCE__FED_FDIC_BANK_DATA,ENDEFYMD,27836,27836,23556,day,True,,True,False,4281,1,0,4280,0,0,1970-01-01,2026-07-17,1970,2026,DATE
FINANCE.FINANCE__FED_FDIC_BANK_DATA,REPDTE,27836,23828,23828,day,True,,False,False,0,0,0,0,0,0,1984-03-31,2026-03-31,1984,2026,DATE
FINANCE.FINANCE__FED_FDIC_BANK_DATA,INSURED_DATE,27836,27836,27672,day,True,,False,False,164,0,0,164,0,0,1934-01-01,2026-06-22,1934,2026,DATE
FINANCE.FINANCE__FED_FDIC_BANK_DATA,INSURANCE_DROPPED_DATE,27836,161,161,day,True,,False,False,0,0,0,0,0,0,1985-02-19,2018-03-28,1985,2018,DATE
FINANCE.FINANCE__FED_FDIC_BANK_DATA,_INGESTED_AT,27836,27836,27836,day,True,,False,True,0,0,0,0,0,0,2026-08-11 14:35:56.895,2026-08-11 14:35:56.895,2026,2026,TIMESTAMP_NTZ
JUSTICE.JUSTICE__STATE_MO_SEX_OFFENDER_REGISTRY,DATE_OF_BIRTH,28185,28185,28185,day,True,,False,False,1,1,0,0,0,0,1926-04-17,2008-06-06,1926,2008,DATE
JUSTICE.JUSTICE__STATE_MO_SEX_OFFENDER_REGISTRY,_INGESTED_AT,28185,28185,28185,day,True,,False,True,0,0,0,0,0,0,2026-08-06 04:51:21.325,2026-08-06 04:51:21.325,2026,2026,TIMESTAMP_NTZ
HOUSING.HOUSING__FED_CFPB_HMDA_DC_ONLY,ACTIVITY_YEAR,28301,28301,0,year,True,year_only,False,False,0,0,0,0,0,0,,,2022,2022,TEXT
HOUSING.HOUSING__FED_CFPB_HMDA_DC_ONLY,OPEN_END_LINE_OF_CREDIT,28301,28301,0,year,False,year_only,True,False,0,0,0,0,0,0,,,,,TEXT
HOUSING.HOUSING__FED_CFPB_HMDA_DC_ONLY,LOAN_TERM,28301,28301,0,none,False,,True,False,0,0,0,0,0,0,,,,,TEXT
HOUSING.HOUSING__FED_CFPB_HMDA_DC_ONLY,PREPAYMENT_PENALTY_TERM,28301,28301,0,none,False,,True,False,0,0,0,0,0,0,,,,,TEXT
HOUSING.HOUSING__FED_CFPB_HMDA_DC_ONLY,INTRO_RATE_PERIOD,28301,6616,0,none,False,,False,False,0,0,0,0,0,0,,,,,FLOAT
HOUSING.HOUSING__FED_CFPB_HMDA_DC_ONLY,APPLICANT_AGE,28301,28301,0,year,False,year_only,False,False,0,0,0,0,0,0,,,,,TEXT
HOUSING.HOUSING__FED_CFPB_HMDA_DC_ONLY,CO_APPLICANT_AGE,28301,28301,0,year,False,year_only,False,False,0,0,0,0,0,0,,,,,TEXT
HOUSING.HOUSING__FED_CFPB_HMDA_DC_ONLY,APPLICANT_AGE_ABOVE_62,28301,28301,0,none,False,,False,False,0,0,0,0,0,0,,,,,TEXT
HOUSING.HOUSING__FED_CFPB_HMDA_DC_ONLY,CO_APPLICANT_AGE_ABOVE_62,28301,28301,0,none,False,,False,False,0,0,0,0,0,0,,,,,TEXT
HOUSING.HOUSING__FED_CFPB_HMDA_DC_ONLY,TRACT_MEDIAN_AGE_OF_HOUSING_UNITS,28301,28301,0,none,False,,False,False,0,0,0,0,0,0,,,,,TEXT
HOUSING.HOUSING__FED_CFPB_HMDA,ACTIVITY_YEAR,28301,28301,0,year,True,year_only,False,False,0,0,0,0,0,0,,,2022,2022,TEXT
HOUSING.HOUSING__FED_CFPB_HMDA,OPEN_END_LINE_OF_CREDIT,28301,28301,0,year,False,year_only,True,False,0,0,0,0,0,0,,,,,TEXT
HOUSING.HOUSING__FED_CFPB_HMDA,LOAN_TERM,28301,27951,0,none,False,,True,False,0,0,0,0,0,0,,,,,TEXT
HOUSING.HOUSING__FED_CFPB_HMDA,PREPAYMENT_PENALTY_TERM,28301,1187,0,none,False,,True,False,0,0,0,0,0,0,,,,,TEXT
HOUSING.HOUSING__FED_CFPB_HMDA,INTRO_RATE_PERIOD,28301,6866,0,none,False,,False,False,0,0,0,0,0,0,,,,,TEXT
HOUSING.HOUSING__FED_CFPB_HMDA,APPLICANT_AGE,28301,28301,0,year,False,year_only,False,False,0,0,0,0,0,0,,,,,TEXT
HOUSING.HOUSING__FED_CFPB_HMDA,CO_APPLICANT_AGE,28301,28301,0,year,False,year_only,False,False,0,0,0,0,0,0,,,,,TEXT
HOUSING.HOUSING__FED_CFPB_HMDA,APPLICANT_AGE_ABOVE_62,28301,23994,0,none,False,,False,False,0,0,0,0,0,0,,,,,TEXT
HOUSING.HOUSING__FED_CFPB_HMDA,CO_APPLICANT_AGE_ABOVE_62,28301,7677,0,none,False,,False,False,0,0,0,0,0,0,,,,,TEXT
HOUSING.HOUSING__FED_CFPB_HMDA,TRACT_MEDIAN_AGE_OF_HOUSING_UNITS,28301,28301,0,none,False,,False,False,0,0,0,0,0,0,,,,,NUMBER
HOUSING.HOUSING__FED_CFPB_HMDA,_INGESTED_AT,28301,28301,28301,day,True,,False,True,0,0,0,0,0,0,2026-07-01 21:40:19.856,2026-07-01 21:40:19.856,2026,2026,TIMESTAMP_NTZ
PUBLIC.ENERGY_ENVIRONMENT__NOAA_STORMS_BY_STATE_EVENT_AGG,EVENT_YEAR,28343,28343,0,year,True,year_only,False,False,0,0,0,0,0,0,,,1996,2025,NUMBER
ENVIRONMENT.ENVIRONMENT__XC_OWID_CO2,YEAR,29384,29384,0,year,True,year_only,False,False,0,0,0,0,0,0,,,1750,2024,NUMBER
POLITICS.POLITICS__FED_MEDSL_HOUSE_RETURNS,ELECTION_YEAR,29636,29636,0,year,True,year_only,False,False,0,0,0,0,0,0,,,1976,2018,NUMBER
POLITICS.POLITICS__FED_MEDSL_HOUSE_RETURNS,CANDIDATE_NAME,29636,29636,0,none,False,,False,False,0,0,0,0,0,0,,,,,TEXT
POLITICS.POLITICS__FED_MEDSL_HOUSE_RETURNS,CANDIDATE_VOTES,29636,29636,0,month,True,yyyymm,False,False,0,0,0,0,0,0,,,1700,2035,NUMBER
PUBLIC.MONEY_IN_POLITICS__FEC_INDIV_BY_CMTE_CYCLE_AGG,CYCLE_YEAR,29858,29858,0,year,True,year_only,False,False,0,0,0,0,0,0,,,2000,2026,NUMBER
FINANCE.FINANCE__FED_FEC_CAND_CMTE_LINKAGE,CAND_ELECTION_YR,30536,30536,0,year,True,year_only,False,False,0,0,0,0,0,0,,,1980,2034,NUMBER
FINANCE.FINANCE__FED_FEC_CAND_CMTE_LINKAGE,FEC_ELECTION_YR,30536,30536,0,year,True,year_only,False,False,0,0,0,0,0,0,,,2018,2024,NUMBER
REFERENCE.REFERENCE__FED_ITIS_PUBLICATIONS,LISTED_PUB_DATE,30772,30772,30772,day,True,,False,False,111,62,49,0,0,0,1753-01-01,2026-07-15,1753,2026,DATE
REFERENCE.REFERENCE__FED_ITIS_PUBLICATIONS,ACTUAL_PUB_DATE,30772,30772,30772,day,True,,False,False,106,58,48,0,0,0,1753-01-01,2026-07-15,1753,2026,DATE
REFERENCE.REFERENCE__FED_ITIS_PUBLICATIONS,UPDATE_DATE,30772,30772,30772,day,True,,False,False,0,0,0,0,0,0,1997-07-01,2026-07-28,1997,2026,DATE
REFERENCE.REFERENCE__FED_ITIS_PUBLICATIONS,_LOADED_AT,30772,30772,30772,day,True,,False,True,0,0,0,0,0,0,2026-08-08 04:44:10.570,2026-08-08 04:44:10.570,2026,2026,TIMESTAMP_NTZ
TRANSPORT.TRANSPORT__FED_NTSB_AVIATION_EVENTS,EV_DATE,30968,30968,30968,day,True,,False,False,0,0,0,0,0,0,2008-01-01,2026-07-29,2008,2026,DATE
TRANSPORT.TRANSPORT__FED_NTSB_AVIATION_EVENTS,EV_TIME,30968,30968,0,none,False,,False,False,0,0,0,0,0,0,,,,,TEXT
TRANSPORT.TRANSPORT__FED_NTSB_AVIATION_EVENTS,EV_YEAR,30968,30968,0,year,True,year_only,False,False,0,0,0,0,0,0,,,2008,2026,TEXT
TRANSPORT.TRANSPORT__FED_NTSB_AVIATION_EVENTS,EV_MONTH,30968,30968,0,none,False,,False,False,0,0,0,0,0,0,,,,,TEXT
TRANSPORT.TRANSPORT__FED_NTSB_AVIATION_EVENTS,WX_OBS_TIME,30968,30968,0,none,False,,False,False,0,0,0,0,0,0,,,,,TEXT
TRANSPORT.TRANSPORT__FED_NTSB_AVIATION_EVENTS,NTSB_NOTF_DATE,30968,0,0,none,False,,False,False,0,0,0,0,0,0,,,,,DATE
TRANSPORT.TRANSPORT__FED_NTSB_AVIATION_EVENTS,LCHG_DATE,30968,30968,30968,day,True,,False,False,0,0,0,0,0,0,2020-09-25,2026-07-31,2020,2026,DATE
TRANSPORT.TRANSPORT__FED_NTSB_AVIATION_EVENTS,_INGESTED_AT,30968,30968,30968,day,True,,False,True,0,0,0,0,0,0,2026-08-08 01:55:07.240,2026-08-08 01:55:07.240,2026,2026,TIMESTAMP_NTZ
CORE.DIM_DATE,DATE_DAY,31411,31411,31411,day,True,,False,False,1,1,0,0,0,0,1950-01-01,2035-12-31,1950,2035,DATE
CORE.DIM_DATE,YEAR_NUMBER,31411,31411,0,year,True,year_only,False,False,0,0,0,0,0,0,,,1950,2035,NUMBER
CORE.DIM_DATE,QUARTER_NUMBER,31411,31411,0,none,False,,False,False,0,0,0,0,0,0,,,,,NUMBER
CORE.DIM_DATE,MONTH_NUMBER,31411,31411,0,none,False,,False,False,0,0,0,0,0,0,,,,,NUMBER
CORE.DIM_DATE,MONTH_NAME,31411,31411,0,none,False,,False,False,0,0,0,0,0,0,,,,,TEXT
CORE.DIM_DATE,DAY_OF_MONTH,31411,31411,0,none,False,,False,False,0,0,0,0,0,0,,,,,NUMBER
CORE.DIM_DATE,DAY_OF_WEEK_ISO,31411,31411,0,none,False,,False,False,0,0,0,0,0,0,,,,,NUMBER
CORE.DIM_DATE,DAY_NAME,31411,31411,0,none,False,,False,False,0,0,0,0,0,0,,,,,TEXT
CORE.DIM_DATE,WEEK_OF_YEAR_ISO,31411,31411,0,none,False,,False,False,0,0,0,0,0,0,,,,,NUMBER
CORE.DIM_DATE,YEAR_MONTH,31411,31411,0,month,True,yyyymm,False,False,0,0,0,0,0,0,,,1950,2035,TEXT
CORE.DIM_DATE,IS_WEEKEND,31411,31411,0,none,False,,True,False,0,0,0,0,0,0,,,,,BOOLEAN
CORE.DIM_DATE,US_FISCAL_YEAR,31411,31411,0,year,True,year_only,False,False,0,0,0,0,0,0,,,1950,2035,NUMBER
TRANSPORT.TRANSPORT__FED_NTSB_AVIATION_AIRCRAFT,FLT_PLAN_FILED,31503,31503,0,none,False,,False,False,0,0,0,0,0,0,,,,,TEXT
TRANSPORT.TRANSPORT__FED_NTSB_AVIATION_AIRCRAFT,DATE_LAST_INSP,31503,20662,20662,day,True,,False,False,0,0,0,0,0,0,1980-06-20,2026-07-15,1980,2026,DATE
TRANSPORT.TRANSPORT__FED_NTSB_AVIATION_AIRCRAFT,DPRT_TIME,31503,31503,0,none,False,,False,False,0,0,0,0,0,0,,,,,TEXT
TRANSPORT.TRANSPORT__FED_NTSB_AVIATION_AIRCRAFT,LCHG_DATE,31503,31503,31503,day,True,,False,False,0,0,0,0,0,0,2020-09-25,2026-07-31,2020,2026,DATE
TRANSPORT.TRANSPORT__FED_NTSB_AVIATION_AIRCRAFT,AFM_HRS_SINCE,31503,31503,0,none,False,,False,False,0,0,0,0,0,0,,,,,TEXT
TRANSPORT.TRANSPORT__FED_NTSB_AVIATION_AIRCRAFT,ACFT_YEAR,31503,31503,0,none,False,,False,False,0,0,0,0,0,0,,,,,TEXT
TRANSPORT.TRANSPORT__FED_NTSB_AVIATION_AIRCRAFT,_INGESTED_AT,31503,31503,31503,day,True,,False,True,0,0,0,0,0,0,2026-08-08 01:55:07.240,2026-08-08 01:55:07.240,2026,2026,TIMESTAMP_NTZ
JUSTICE.JUSTICE__FED_COURTLISTENER_DISCLOSURE_REIMBURSEMENTS,DATE_CREATED,33472,33472,33472,day,True,,False,False,0,0,0,0,0,0,2021-01-03,2023-08-31,2021,2023,DATE
JUSTICE.JUSTICE__FED_COURTLISTENER_DISCLOSURE_REIMBURSEMENTS,DATE_MODIFIED,33472,33472,33472,day,True,,False,False,0,0,0,0,0,0,2021-01-03,2023-08-31,2021,2023,DATE
JUSTICE.JUSTICE__FED_COURTLISTENER_DISCLOSURE_REIMBURSEMENTS,DATE_RAW,33472,1839,1365,day,True,,False,False,709,235,0,0,429,45,1970-01-01,2030-11-06,1970,2030,DATE
ECONOMICS.ECONOMICS__FED_DOL_FORM5500,FORM_YEAR,33484,33484,0,none,False,,False,False,0,0,0,0,0,0,,,,,TEXT
ECONOMICS.ECONOMICS__FED_DOL_FORM5500,PLAN_YEAR_BEGIN_DATE,33484,0,0,none,False,,False,False,0,0,0,0,0,0,,,,,DATE
ECONOMICS.ECONOMICS__FED_DOL_FORM5500,PLAN_YEAR_END_DATE,33484,0,0,none,False,,True,False,0,0,0,0,0,0,,,,,DATE
ECONOMICS.ECONOMICS__FED_DOL_FORM5500,DATE_RECEIVED,33484,33484,33484,day,True,,False,False,0,0,0,0,0,0,2026-01-02,2026-06-24,2026,2026,DATE
ECONOMICS.ECONOMICS__FED_DOL_FORM5500,FORM_PLAN_YEAR_BEGIN_DATE,33484,33484,33484,day,True,,False,False,0,0,0,0,0,0,1923-01-01,2026-01-01,1923,2026,DATE
ECONOMICS.ECONOMICS__FED_DOL_FORM5500,SHORT_PLAN_YR_IND,33484,33484,0,none,False,,False,False,0,0,0,0,0,0,,,,,TEXT
ECONOMICS.ECONOMICS__FED_DOL_FORM5500,F5558_APPLICATION_FILED_IND,33484,33484,0,none,False,,False,False,0,0,0,0,0,0,,,,,TEXT
ECONOMICS.ECONOMICS__FED_DOL_FORM5500,PLAN_EFF_DATE,33484,33066,33066,day,True,,False,False,21,21,0,0,0,0,1878-01-01,2026-01-01,1878,2026,DATE
ECONOMICS.ECONOMICS__FED_DOL_FORM5500,ADMIN_SIGNED_DATE,33484,0,0,none,False,,False,False,0,0,0,0,0,0,,,,,DATE
ECONOMICS.ECONOMICS__FED_DOL_FORM5500,SPONS_SIGNED_DATE,33484,0,0,none,False,,False,False,0,0,0,0,0,0,,,,,DATE
ECONOMICS.ECONOMICS__FED_DOL_FORM5500,DFE_SIGNED_DATE,33484,0,0,none,False,,False,False,0,0,0,0,0,0,,,,,DATE
ECONOMICS.ECONOMICS__FED_DOL_FORM5500,ADMIN_MANUAL_SIGNED_DATE,33484,0,0,none,False,,False,False,0,0,0,0,0,0,,,,,DATE
FINANCE.FINANCE__FED_FEC_CANDIDATES,CAND_ELECTION_YR,33506,33506,0,year,True,year_only,False,False,0,0,0,0,0,0,,,1980,2035,NUMBER
JUSTICE.JUSTICE__XC_UK_SANCTIONS_LIST,DATE_DESIGNATED,33828,33828,33828,day,True,,False,False,0,0,0,0,0,0,2000-04-12,2026-07-22,2000,2026,DATE
JUSTICE.JUSTICE__XC_UK_SANCTIONS_LIST,LAST_UPDATED,33828,33828,33828,day,True,,False,False,0,0,0,0,0,0,2021-12-18,2026-08-04,2021,2026,DATE
JUSTICE.JUSTICE__XC_UK_SANCTIONS_LIST,DATE_OF_BIRTH_RAW,33828,23356,7598,day,True,us,False,False,288,288,0,0,0,0,1933-05-07,2002-12-09,1945,1997,TEXT
JUSTICE.JUSTICE__XC_UK_SANCTIONS_LIST,_INGESTED_AT,33828,33828,33828,day,True,,False,True,0,0,0,0,0,0,2026-08-05 21:29:47.929,2026-08-05 21:29:47.929,2026,2026,TIMESTAMP_NTZ
EDUCATION.EDUCATION__FED_CFTC_COT_FINANCIAL,AS_OF_DATE_IN_FORM_YYMMDD,34683,34683,34683,day,True,,False,False,0,0,0,0,0,0,2013-01-08,2026-08-04,2013,2026,DATE
EDUCATION.EDUCATION__FED_CFTC_COT_FINANCIAL,REPORT_DATE_AS_YYYY_MM_DD,34683,34683,34683,day,True,,False,False,0,0,0,0,0,0,2013-01-08,2026-08-04,2013,2026,DATE
PUBLIC.HEALTH_MEDICINE__OPEN_PAYMENTS_BY_SPECIALTY_STATE_AGG,PROGRAM_YEAR,34993,34993,0,year,True,year_only,False,False,0,0,0,0,0,0,,,2022,2024,TEXT
HOUSING.HOUSING__FED_HUD_ASSISTED_HOUSING_PROJECTS,QUARTER,35601,35601,0,none,False,,False,False,0,0,0,0,0,0,,,,,TEXT
HOUSING.HOUSING__FED_HUD_ASSISTED_HOUSING_PROJECTS,MONTHS_SINCE_REPORT,35601,35601,0,none,False,,False,False,0,0,0,0,0,0,,,,,NUMBER
HOUSING.HOUSING__FED_HUD_ASSISTED_HOUSING_PROJECTS,RENT_PER_MONTH,35601,35601,0,none,False,,False,False,0,0,0,0,0,0,,,,,NUMBER
HOUSING.HOUSING__FED_HUD_ASSISTED_HOUSING_PROJECTS,SPENDING_PER_MONTH,35601,35601,0,none,False,,True,False,0,0,0,0,0,0,,,,,NUMBER
HOUSING.HOUSING__FED_HUD_ASSISTED_HOUSING_PROJECTS,MONTHS_WAITING,35601,35601,0,none,False,,False,False,0,0,0,0,0,0,,,,,NUMBER
HOUSING.HOUSING__FED_HUD_ASSISTED_HOUSING_PROJECTS,MONTHS_FROM_MOVEIN,35601,35601,0,none,False,,False,False,0,0,0,0,0,0,,,,,NUMBER
HOUSING.HOUSING__FED_HUD_ASSISTED_HOUSING_PROJECTS,_INGESTED_AT,35601,35601,35601,day,True,,False,True,0,0,0,0,0,0,2026-08-05 21:40:52.153,2026-08-05 21:40:52.153,2026,2026,TIMESTAMP_NTZ
HISTORY.HISTORY__FED_SLAVEVOYAGES_TRANSATLANTIC,DATEDEPA,36108,36108,0,none,False,,False,False,0,0,0,0,0,0,,,,,TEXT
HISTORY.HISTORY__FED_SLAVEVOYAGES_TRANSATLANTIC,DATEDEPB,36108,36108,0,none,False,,False,False,0,0,0,0,0,0,,,,,TEXT
HISTORY.HISTORY__FED_SLAVEVOYAGES_TRANSATLANTIC,DATEDEPC,36108,36108,0,year,True,year_only,False,False,0,0,0,0,0,0,,,1700,1864,TEXT
HISTORY.HISTORY__FED_SLAVEVOYAGES_TRANSATLANTIC,DATEDEP,36108,36108,0,none,False,,False,False,0,0,0,0,0,0,,,,,TEXT
HISTORY.HISTORY__FED_SLAVEVOYAGES_TRANSATLANTIC,DATEBUY,36108,36108,0,none,False,,False,False,0,0,0,0,0,0,,,,,TEXT
HISTORY.HISTORY__FED_SLAVEVOYAGES_TRANSATLANTIC,DATELEFTAFR,36108,36108,0,none,False,,False,False,0,0,0,0,0,0,,,,,TEXT
HISTORY.HISTORY__FED_SLAVEVOYAGES_TRANSATLANTIC,DATELAND1,36108,36108,0,none,False,,False,False,0,0,0,0,0,0,,,,,TEXT
HISTORY.HISTORY__FED_SLAVEVOYAGES_TRANSATLANTIC,DATELAND2,36108,36108,0,none,False,,False,False,0,0,0,0,0,0,,,,,TEXT
HISTORY.HISTORY__FED_SLAVEVOYAGES_TRANSATLANTIC,DATELAND3,36108,36108,0,none,False,,False,False,0,0,0,0,0,0,,,,,TEXT
HISTORY.HISTORY__FED_SLAVEVOYAGES_TRANSATLANTIC,DATEDEPAM,36108,36108,0,none,False,,False,False,0,0,0,0,0,0,,,,,TEXT
HISTORY.HISTORY__FED_SLAVEVOYAGES_TRANSATLANTIC,DATEEND,36108,36108,0,none,False,,True,False,0,0,0,0,0,0,,,,,TEXT
HISTORY.HISTORY__FED_SLAVEVOYAGES_TRANSATLANTIC,YEAR10,36108,36108,0,none,False,,False,False,0,0,0,0,0,0,,,,,TEXT
_RESTORE_20260731.POLITICS__FED_GOVINFO_BILLSTATUS,INTRODUCED_DATE,36465,36465,36465,day,True,,False,False,0,0,0,0,0,0,2023-01-03,2026-06-26,2023,2026,DATE
_RESTORE_20260731.POLITICS__FED_GOVINFO_BILLSTATUS,LATEST_ACTION_DATE,36465,36460,36460,day,True,,False,False,0,0,0,0,0,0,2023-01-03,2026-06-26,2023,2026,DATE
POLITICS.POLITICS__BILLS,INTRODUCED_DATE,36465,36465,36465,day,True,,False,False,0,0,0,0,0,0,2023-01-03,2026-06-26,2023,2026,DATE
POLITICS.POLITICS__BILLS,LATEST_ACTION_DATE,36465,36460,36460,day,True,iso,False,False,0,0,0,0,0,0,2023-01-03,2026-06-26,,,TEXT
JUSTICE.JUSTICE__FED_COURTLISTENER_DISCLOSURE_POSITIONS,DATE_CREATED,37050,37050,37050,day,True,,False,False,0,0,0,0,0,0,2021-01-03,2023-08-31,2021,2023,DATE
JUSTICE.JUSTICE__FED_COURTLISTENER_DISCLOSURE_POSITIONS,DATE_MODIFIED,37050,37050,37050,day,True,,False,False,0,0,0,0,0,0,2021-01-03,2023-08-31,2021,2023,DATE
POLITICS.POLITICS__TX_LOBBY_INDIVIDUAL_REPORTING,APPLICABLEYEAR,38662,38662,0,year,True,year_only,False,False,0,0,0,0,0,0,,,2000,2026,TEXT
POLITICS.POLITICS__TX_LOBBY_INDIVIDUAL_REPORTING,DUEDT,38662,38662,38662,day,True,,True,False,0,0,0,0,0,0,2000-08-10,2027-01-11,2000,2027,DATE
POLITICS.POLITICS__TX_LOBBY_INDIVIDUAL_REPORTING,RECEIVEDDT,38662,38662,38662,day,True,,False,False,0,0,0,0,0,0,2000-09-08,2026-08-04,2000,2026,DATE
POLITICS.POLITICS__TX_LOBBY_INDIVIDUAL_REPORTING,PERIODSTARTDT,38662,38661,38661,day,True,,False,False,0,0,0,0,0,0,2000-07-01,2026-07-01,2000,2026,DATE
POLITICS.POLITICS__TX_LOBBY_INDIVIDUAL_REPORTING,PERIODENDDT,38662,38661,38661,day,True,,True,False,0,0,0,0,0,0,2000-07-31,2026-12-31,2000,2026,DATE
POLITICS.POLITICS__TX_LOBBY_INDIVIDUAL_REPORTING,_INGESTED_AT,38662,38662,38662,day,True,,False,True,0,0,0,0,0,0,2026-08-05 21:32:35.051,2026-08-05 21:32:35.051,2026,2026,TIMESTAMP_NTZ
HEALTH.HEALTH__FED_FDA_DEVICE_ENFORCEMENT,VOLUNTARY_MANDATED,39635,39635,0,none,False,,False,False,0,0,0,0,0,0,,,,,TEXT
HEALTH.HEALTH__FED_FDA_DEVICE_ENFORCEMENT,RECALL_INITIATION_DATE,39635,39635,39635,day,True,,False,False,0,0,0,0,0,0,1930-12-11,2026-07-07,1930,2026,DATE
HEALTH.HEALTH__FED_FDA_DEVICE_ENFORCEMENT,CENTER_CLASSIFICATION_DATE,39635,39634,39634,day,True,,False,False,0,0,0,0,0,0,2012-06-08,2026-07-23,2012,2026,DATE
HEALTH.HEALTH__FED_FDA_DEVICE_ENFORCEMENT,REPORT_DATE,39635,39635,39635,day,True,,False,False,0,0,0,0,0,0,2012-06-20,2026-07-29,2012,2026,DATE
HEALTH.HEALTH__FED_FDA_DEVICE_ENFORCEMENT,TERMINATION_DATE,39635,25450,25450,day,True,,True,False,0,0,0,0,0,0,2012-06-15,2026-07-24,2012,2026,DATE
POLITICS.POLITICS__FEC_COMMITTEE,CYCLE,40945,40945,0,year,True,year_only,False,False,0,0,0,0,0,0,,,2024,2026,TEXT
HEALTH.HEALTH__FED_FDA_DRUG_MASTER_FILES,SUBMIT_DATE,41253,41252,41252,day,True,,False,False,0,0,0,0,0,0,1939-07-18,2026-06-30,1939,2026,DATE
HEALTH.HEALTH__FED_FDA_DRUG_MASTER_FILES,_INGESTED_AT,41253,41253,41253,day,True,,False,True,0,0,0,0,0,0,2026-08-08 04:36:49.824,2026-08-08 04:36:49.824,2026,2026,TIMESTAMP_NTZ
LABOR.LABOR__FED_DOL_EBSA_FORM5500_SCHEDULE_SB,SB_PLAN_YEAR_BEGIN_DATE,41802,41802,41802,day,True,,False,False,0,0,0,0,0,0,2008-01-01,2025-03-01,2008,2025,DATE
LABOR.LABOR__FED_DOL_EBSA_FORM5500_SCHEDULE_SB,SB_TAX_PRD,41802,41802,41802,day,True,,False,False,0,0,0,0,0,0,2008-12-31,2025-12-31,2008,2025,DATE
LABOR.LABOR__FED_DOL_EBSA_FORM5500_SCHEDULE_SB,SB_CNT_PARTCP_PR_YR_CD,41802,41599,0,none,False,,False,False,0,0,0,0,0,0,,,,,TEXT
LABOR.LABOR__FED_DOL_EBSA_FORM5500_SCHEDULE_SB,SB_VALUE_DATE,41802,41716,41716,day,True,,False,False,0,0,0,0,0,0,2008-12-31,2025-12-30,2008,2025,DATE
LABOR.LABOR__FED_DOL_EBSA_FORM5500_SCHEDULE_SB,SB_TERM_PARTCP_CNT,41802,41777,0,year,True,year_only,True,False,0,0,0,0,0,0,,,1702,2031,NUMBER
LABOR.LABOR__FED_DOL_EBSA_FORM5500_SCHEDULE_SB,SB_TERM_FNDNG_TGT_AMT,41802,41777,4,year,True,year_only,True,False,0,0,0,0,0,0,1710-10-25,1987-12-24,1700,2035,NUMBER
LABOR.LABOR__FED_DOL_EBSA_FORM5500_SCHEDULE_SB,SB_SIGNATURE_DATE,41802,41461,41460,day,True,,False,False,1,0,0,0,0,1,1956-09-26,2028-09-06,1956,2028,DATE
LABOR.LABOR__FED_DOL_EBSA_FORM5500_SCHEDULE_SB,SB_CARRYOVER_PR_YR_AMT,41802,41053,2,month,True,yyyymm,False,False,0,0,0,0,0,0,1760-05-04,1855-01-15,1707,2028,NUMBER
LABOR.LABOR__FED_DOL_EBSA_FORM5500_SCHEDULE_SB,SB_PRE_FNDNG_PR_YR_AMT,41802,41236,2,month,True,yyyymm,False,False,0,0,0,0,0,0,1770-02-17,1950-12-12,1700,2035,NUMBER
LABOR.LABOR__FED_DOL_EBSA_FORM5500_SCHEDULE_SB,SB_CARRYOVER_USED_PR_YR_AMT,41802,39226,0,month,True,yyyymm,False,False,0,0,0,0,0,0,,,1721,2012,NUMBER
LABOR.LABOR__FED_DOL_EBSA_FORM5500_SCHEDULE_SB,SB_PRE_FNDNG_USED_PR_YR_AMT,41802,39491,2,month,True,yyyymm,False,False,0,0,0,0,0,0,1717-08-02,1798-04-03,1703,2034,NUMBER
LABOR.LABOR__FED_DOL_EBSA_FORM5500_SCHEDULE_SB,SB_CARRYOVER_PR_YR_TOT_AMT,41802,41249,4,month,True,yyyymm,False,False,0,0,0,0,0,0,1760-05-04,1982-03-10,1707,2028,NUMBER
JUSTICE.JUSTICE__INTL_EU_SANCTIONS,DATE_FILE,42347,42347,42347,day,True,,False,False,0,0,0,0,0,0,2026-05-06,2026-05-06,2026,2026,DATE
JUSTICE.JUSTICE__INTL_EU_SANCTIONS,LEBA_PUBLICATION_DATE,42347,42347,42347,day,True,,False,False,0,0,0,0,0,0,2002-05-29,2026-04-23,2002,2026,DATE
JUSTICE.JUSTICE__INTL_EU_SANCTIONS,NAAL_LEBA_PUBLICATION_DATE,42347,30242,30242,day,True,,False,False,0,0,0,0,0,0,2002-05-29,2026-04-23,2002,2026,DATE
JUSTICE.JUSTICE__INTL_EU_SANCTIONS,ADDR_LEBA_PUBLICATION_DATE,42347,2445,2445,day,True,,False,False,0,0,0,0,0,0,2002-05-29,2026-04-23,2002,2026,DATE
JUSTICE.JUSTICE__INTL_EU_SANCTIONS,BIRT_LEBA_PUBLICATION_DATE,42347,4340,4340,day,True,,False,False,0,0,0,0,0,0,2002-05-29,2026-04-23,2002,2026,DATE
JUSTICE.JUSTICE__INTL_EU_SANCTIONS,BIRT_DATE,42347,3421,3421,day,True,,False,False,5,5,0,0,0,0,1925-01-25,2004-05-20,1925,2004,DATE
JUSTICE.JUSTICE__INTL_EU_SANCTIONS,IDEN_LEBA_PUBLICATION_DATE,42347,2618,2618,day,True,,False,False,0,0,0,0,0,0,2003-05-20,2026-04-23,2003,2026,DATE
JUSTICE.JUSTICE__INTL_EU_SANCTIONS,CITI_LEBA_PUBLICATION_DATE,42347,2702,2702,day,True,,False,False,0,0,0,0,0,0,2002-05-29,2026-04-23,2002,2026,DATE
HEALTH.HEALTH__FED_CMS_POS_OTHER,CHOW_DT,44429,44429,4757,day,True,yyyymmdd,False,False,0,0,0,0,0,0,1973-06-30,2026-01-01,,,TEXT
HEALTH.HEALTH__FED_CMS_POS_OTHER,CRTFCTN_DT,44429,44429,44427,day,True,yyyymmdd,False,False,0,0,0,0,0,0,1966-07-01,2026-03-26,,,TEXT
HEALTH.HEALTH__FED_CMS_POS_OTHER,ORGNL_PRTCPTN_DT,44429,44429,44429,day,True,yyyymmdd,False,False,17,17,0,0,0,0,1966-07-01,2026-03-24,,,TEXT
HEALTH.HEALTH__FED_CMS_POS_OTHER,CHOW_PRIOR_DT,44429,44429,2967,day,True,yyyymmdd,False,False,0,0,0,0,0,0,1966-07-01,2024-08-30,,,TEXT
HEALTH.HEALTH__FED_CMS_POS_OTHER,TRMNTN_EXPRTN_DT,44429,44429,18179,day,True,yyyymmdd,False,False,1,1,0,0,0,0,1963-05-07,2026-03-19,,,TEXT
HEALTH.HEALTH__FED_CMS_POS_OTHER,ACRDTN_EFCTV_DT,44429,44429,7947,day,True,yyyymmdd,False,False,0,0,0,0,0,0,1966-07-01,2028-11-08,,,TEXT
HEALTH.HEALTH__FED_CMS_POS_OTHER,ACRDTN_EXPRTN_DT,44429,44429,6361,day,True,yyyymmdd,False,False,0,0,0,0,0,0,1969-07-01,2034-06-17,,,TEXT
HEALTH.HEALTH__FED_CMS_POS_OTHER,ASC_BGN_SRVC_DT,44429,44429,0,none,False,,False,False,0,0,0,0,0,0,,,,,TEXT
HEALTH.HEALTH__FED_CMS_POS_OTHER,RN_7_DAY_WVR_SW,44429,44429,0,none,False,,False,False,0,0,0,0,0,0,,,,,TEXT
HEALTH.HEALTH__FED_CMS_POS_OTHER,FY_END_MO_DAY_CD,44429,44429,0,year,False,year_only,True,False,0,0,0,0,0,0,,,,,TEXT
HEALTH.HEALTH__FED_CMS_POS_OTHER,FQHC_APPROVED_RHC_PROVIDER_NUM,44429,44429,0,month,True,yyyymm,False,False,0,0,0,0,0,0,,,1838,1838,TEXT
HEALTH.HEALTH__FED_CMS_POS_OTHER,NCRY_PRVDR_DSGNTD_DT,44429,44429,187,day,True,yyyymmdd,False,False,0,0,0,0,0,0,1993-12-01,2023-02-27,,,TEXT
REFERENCE.REFERENCE__XC_CROSSREF_FUNDER_REGISTRY,_LOADED_AT,45661,45661,45661,day,True,,False,True,0,0,0,0,0,0,2026-08-07 20:23:56.685,2026-08-07 20:23:56.685,2026,2026,TIMESTAMP_NTZ
POLITICS.POLITICS__FED_FEC_PAC_SUMMARY,CASH_BEGINNING_OF_PERIOD,45709,37812,0,year,True,year_only,False,False,0,0,0,0,0,0,,,1700,2032,FLOAT
POLITICS.POLITICS__FED_FEC_PAC_SUMMARY,CASH_CLOSE_OF_PERIOD,45709,37812,0,year,True,year_only,True,False,0,0,0,0,0,0,,,1700,2032,FLOAT
POLITICS.POLITICS__FED_FEC_PAC_SUMMARY,NONFEDERAL_TRANSFERS_RECEIVED,45709,37812,0,year,True,year_only,False,False,0,0,0,0,0,0,,,1700,2000,FLOAT
POLITICS.POLITICS__FED_FEC_PAC_SUMMARY,COVERAGE_END_DATE,45709,37812,37812,day,True,,True,False,0,0,0,0,0,0,2017-01-01,2025-01-31,2017,2025,DATE
POLITICS.POLITICS__FED_FEC_PAC_SUMMARY,_LOADED_AT,45709,45709,45709,day,True,,False,True,0,0,0,0,0,0,2026-07-24 02:13:26.000,2026-07-24 02:13:26.000,2026,2026,TIMESTAMP_NTZ
CORE.XWALK_ZCTA_COUNTY,VINTAGE,46960,46960,0,year,True,year_only,False,False,0,0,0,0,0,0,,,2020,2020,TEXT
FOREIGN_INFLUENCE.FOREIGN_INFLUENCE__FED_FARA_BULK,DATE,48104,12303,12303,day,True,,False,False,0,0,0,0,0,0,1942-07-03,2026-06-08,1942,2026,DATE
FOREIGN_INFLUENCE.FOREIGN_INFLUENCE__FED_FARA_BULK,TERMINATION_DATE,48104,6504,6504,day,True,,True,False,0,0,0,0,0,0,1942-07-03,2026-05-28,1942,2026,DATE
FOREIGN_INFLUENCE.FOREIGN_INFLUENCE__FED_FARA_BULK,REGISTRANT_DATE,48104,8278,8278,day,True,,False,False,0,0,0,0,0,0,1942-07-03,2026-06-08,1942,2026,DATE
FOREIGN_INFLUENCE.FOREIGN_INFLUENCE__FED_FARA_BULK,SHORT_FORM_DATE,48104,5219,5219,day,True,,False,False,0,0,0,0,0,0,1942-01-16,2026-06-12,1942,2026,DATE
FOREIGN_INFLUENCE.FOREIGN_INFLUENCE__FED_FARA_BULK,SHORT_FORM_TERMINATION_DATE,48104,4864,4864,day,True,,True,False,0,0,0,0,0,0,1942-06-01,2026-05-12,1942,2026,DATE
FOREIGN_INFLUENCE.FOREIGN_INFLUENCE__FED_FARA_BULK,FOREIGN_PRINCIPAL_REGISTRATION_DATE,48104,8278,8278,day,True,,False,False,0,0,0,0,0,0,1942-07-03,2026-06-11,1942,2026,DATE
FOREIGN_INFLUENCE.FOREIGN_INFLUENCE__FED_FARA_BULK,FOREIGN_PRINCIPAL_TERMINATION_DATE,48104,7759,7759,day,True,,True,False,0,0,0,0,0,0,1942-07-03,2026-06-11,1942,2026,DATE
FOREIGN_INFLUENCE.FOREIGN_INFLUENCE__FED_FARA_BULK,DATE_STAMPED,48104,27522,27522,day,True,,False,False,2,2,0,0,0,0,1942-07-01,2026-07-30,1942,2026,DATE
FOREIGN_INFLUENCE.FOREIGN_INFLUENCE__FED_FARA_BULK,_INGESTED_AT,48104,48104,48104,day,True,,False,True,2,2,0,0,0,0,1942-07-01 00:00:00.000 -0700,2026-07-30 12:06:10.313 -0700,1942,2026,TIMESTAMP_LTZ
ECONOMICS.ECONOMICS__FED_US_SEC_EDGAR,FILED_AT,48984,48984,48984,day,True,,False,False,0,0,0,0,0,0,1995-05-19,2026-07-01,1995,2026,DATE
ECONOMICS.ECONOMICS__FED_US_SEC_EDGAR,PERIOD_OF_REPORT,48984,17542,17542,day,True,,False,False,0,0,0,0,0,0,2001-12-31,2026-07-01,2001,2026,DATE
ECONOMICS.ECONOMICS__FED_US_SEC_EDGAR,FILED_YEAR,48984,48984,0,year,True,year_only,False,False,0,0,0,0,0,0,,,1995,2026,NUMBER
ECONOMICS.ECONOMICS__FED_US_SEC_EDGAR,FILED_MONTH,48984,48984,0,none,False,,False,False,0,0,0,0,0,0,,,,,NUMBER
ECONOMICS.ECONOMICS__FED_US_SEC_EDGAR,IS_QUARTERLY_REPORT,48984,48984,0,none,False,,False,False,0,0,0,0,0,0,,,,,BOOLEAN
PROCUREMENT.PROCUREMENT__FED_USASPENDING_BULK,ACTION_DATE,49613,49613,49613,day,True,iso,False,False,0,0,0,0,0,0,2026-05-26,2026-06-04,,,TEXT
PROCUREMENT.PROCUREMENT__FED_USASPENDING_BULK,ACTION_DATE_FISCAL_YEAR,49613,49613,0,year,True,year_only,False,False,0,0,0,0,0,0,,,2026,2026,TEXT
PROCUREMENT.PROCUREMENT__FED_USASPENDING_BULK,PERIOD_OF_PERFORMANCE_START_DATE,49613,49613,49613,day,True,iso,False,False,0,0,0,0,0,0,1981-01-25,2027-06-14,,,TEXT
PROCUREMENT.PROCUREMENT__FED_USASPENDING_BULK,PERIOD_OF_PERFORMANCE_CURRENT_END_DATE,49613,49613,45057,day,True,iso,True,False,0,0,0,0,0,17,2007-09-30,2035-05-09,,,TEXT
PROCUREMENT.PROCUREMENT__FED_USASPENDING_BULK,PERIOD_OF_PERFORMANCE_POTENTIAL_END_DATE,49613,49613,45049,day,True,iso,True,False,0,0,0,0,0,25,2007-09-30,2035-12-31,,,TEXT
PROCUREMENT.PROCUREMENT__FED_USASPENDING_BULK,ORDERING_PERIOD_END_DATE,49613,49613,4502,day,True,iso,True,False,0,0,0,0,0,37,2007-10-30,2035-11-30,,,TEXT
PROCUREMENT.PROCUREMENT__FED_USASPENDING_BULK,SOLICITATION_DATE,49613,49613,42891,day,True,iso,False,False,0,0,0,0,0,0,1977-05-11,2026-06-04,,,TEXT
PROCUREMENT.PROCUREMENT__FED_USASPENDING_BULK,NUMBER_OF_OFFERS_RECEIVED,49613,49613,0,none,False,,False,False,0,0,0,0,0,0,,,,,TEXT
PROCUREMENT.PROCUREMENT__FED_USASPENDING_BULK,CONSOLIDATED_CONTRACT_CODE,49613,49613,0,none,False,,False,False,0,0,0,0,0,0,,,,,TEXT
PROCUREMENT.PROCUREMENT__FED_USASPENDING_BULK,CONSOLIDATED_CONTRACT,49613,49613,0,none,False,,False,False,0,0,0,0,0,0,,,,,TEXT
PROCUREMENT.PROCUREMENT__FED_USASPENDING_BULK,MULTI_YEAR_CONTRACT_CODE,49613,49613,0,none,False,,False,False,0,0,0,0,0,0,,,,,TEXT
PROCUREMENT.PROCUREMENT__FED_USASPENDING_BULK,MULTI_YEAR_CONTRACT,49613,49613,0,none,False,,False,False,0,0,0,0,0,0,,,,,TEXT
IMMIGRATION.IMMIGRATION__FED_DHS_OHSS,REPORT_MONTH,50740,50740,0,none,False,,False,False,0,0,0,0,0,0,,,,,TEXT
IMMIGRATION.IMMIGRATION__FED_DHS_OHSS,FISCAL_YEAR,50740,50740,0,year,True,year_only,False,False,0,0,0,0,0,0,,,2014,2025,TEXT
IMMIGRATION.IMMIGRATION__FED_DHS_OHSS,CALENDAR_YEAR,50740,50740,0,none,False,,True,False,0,0,0,0,0,0,,,,,TEXT
IMMIGRATION.IMMIGRATION__FED_DHS_OHSS,MONTH,50740,50740,0,none,False,,False,False,0,0,0,0,0,0,,,,,TEXT
JUSTICE.JUSTICE__FED_COURTLISTENER_POSITIONS,DATE_CREATED,51290,51290,51290,day,True,,False,False,0,0,0,0,0,0,2016-04-20,2025-05-21,2016,2025,DATE
JUSTICE.JUSTICE__FED_COURTLISTENER_POSITIONS,DATE_MODIFIED,51290,51290,51290,day,True,,False,False,0,0,0,0,0,0,2016-04-20,2025-06-16,2016,2025,DATE
JUSTICE.JUSTICE__FED_COURTLISTENER_POSITIONS,DATE_NOMINATED,51290,4274,4274,day,True,,False,False,0,0,0,0,0,0,1789-09-24,2023-02-01,1789,2023,DATE
JUSTICE.JUSTICE__FED_COURTLISTENER_POSITIONS,DATE_ELECTED,51290,1728,1728,day,True,,False,False,0,0,0,0,0,0,1980-11-04,2022-11-08,1980,2022,DATE
JUSTICE.JUSTICE__FED_COURTLISTENER_POSITIONS,DATE_RECESS_APPOINTMENT,51290,327,327,day,True,,False,False,0,0,0,0,0,0,1789-11-18,2026-12-31,1789,2026,DATE
JUSTICE.JUSTICE__FED_COURTLISTENER_POSITIONS,DATE_REFERRED_TO_JUDICIAL_COMMITTEE,51290,3881,3881,day,True,,False,False,0,0,0,0,0,0,1826-05-08,2021-04-19,1826,2021,DATE
JUSTICE.JUSTICE__FED_COURTLISTENER_POSITIONS,DATE_JUDICIAL_COMMITTEE_ACTION,51290,3976,3976,day,True,,False,False,0,0,0,0,0,0,1826-05-22,2022-07-19,1826,2022,DATE
JUSTICE.JUSTICE__FED_COURTLISTENER_POSITIONS,DATE_HEARING,51290,862,862,day,True,,False,False,0,0,0,0,0,0,1983-02-23,2022-02-16,1983,2022,DATE
JUSTICE.JUSTICE__FED_COURTLISTENER_POSITIONS,DATE_CONFIRMATION,51290,4216,4216,day,True,,False,False,0,0,0,0,0,0,1789-09-25,2022-05-18,1789,2022,DATE
JUSTICE.JUSTICE__FED_COURTLISTENER_POSITIONS,DATE_START,51290,50421,50420,day,True,,False,False,392,333,58,0,1,0,1742-01-01,2024-12-31,1742,2024,DATE
JUSTICE.JUSTICE__FED_COURTLISTENER_POSITIONS,DATE_GRANULARITY_START,51290,0,0,none,False,,False,False,0,0,0,0,0,0,,,,,DATE
JUSTICE.JUSTICE__FED_COURTLISTENER_POSITIONS,DATE_TERMINATION,51290,42458,42433,day,True,,True,False,383,324,38,0,21,4,1750-01-01,2035-12-31,1750,2035,DATE
HEALTH.HEALTH__FED_CDC_DRUG_POISONING_COUNTY,YEAR,53387,53387,0,year,True,year_only,False,False,0,0,0,0,0,0,,,1999,2015,NUMBER
HEALTH.HEALTH__FED_CDC_DRUG_POISONING_COUNTY,ESTIMATED_AGE_ADJUSTED_DEATH_RATE_11_CATEGORIES_IN_RANGES,53387,0,0,none,False,,False,False,0,0,0,0,0,0,,,,,FLOAT
POLITICS.POLITICS__IRS527_8872_REPORTS,PERIOD_BEGIN_DATE,55579,55566,55566,day,True,,False,False,0,0,0,0,0,0,2000-01-01,2026-07-01,2000,2026,DATE
POLITICS.POLITICS__IRS527_8872_REPORTS,PERIOD_END_DATE,55579,55566,55566,day,True,,True,False,0,0,0,0,0,0,2000-08-31,2026-07-23,2000,2026,DATE
POLITICS.POLITICS__IRS527_8872_REPORTS,ORG_FORMATION_DATE,55579,55579,55579,day,True,,False,False,40,40,0,0,0,0,1869-09-01,2026-06-01,1869,2026,DATE
POLITICS.POLITICS__IRS527_8872_REPORTS,QTR_INDICATOR,55579,55562,0,none,False,,False,False,0,0,0,0,0,0,,,,,TEXT
POLITICS.POLITICS__IRS527_8872_REPORTS,MONTHLY_RPT_MONTH,55579,10110,0,none,False,,False,False,0,0,0,0,0,0,,,,,TEXT
POLITICS.POLITICS__IRS527_8872_REPORTS,PRE_OR_POST_ELECT_DATE,55579,8685,8685,day,True,,False,False,0,0,0,0,0,0,2000-11-07,2026-05-19,2000,2026,DATE
POLITICS.POLITICS__IRS527_8872_REPORTS,INSERT_DATETIME,55579,55579,55579,day,True,,False,False,0,0,0,0,0,0,2000-11-17 16:41:01.000,2026-07-23 20:42:11.000,2000,2026,TIMESTAMP_NTZ
POLITICS.POLITICS__IRS527_8872_REPORTS,_INGESTED_AT,55579,55579,55579,day,True,,False,True,0,0,0,0,0,0,2026-08-05 21:45:35.236,2026-08-05 21:45:35.236,2026,2026,TIMESTAMP_NTZ
FINANCE.FINANCE__FED_SEC_EDGAR_FINANCIALS,PERIOD,55635,55635,55629,day,True,yyyymmdd,False,False,0,0,0,0,0,0,2012-11-30,2024-12-31,,,TEXT
FINANCE.FINANCE__FED_SEC_EDGAR_FINANCIALS,FY,55635,52603,0,year,True,year_only,False,False,0,0,0,0,0,0,,,2012,2025,NUMBER
FINANCE.FINANCE__FED_SEC_EDGAR_FINANCIALS,FILED,55635,55635,55635,day,True,yyyymmdd,False,False,0,0,0,0,0,0,2023-01-03,2024-12-31,,,TEXT
HEALTH.HEALTH__FED_FDA_DEVICE_PMA,DATE_RECEIVED,56853,56853,56853,day,True,,False,False,5,0,5,0,0,0,1900-01-01,2026-07-17,1900,2026,DATE
HEALTH.HEALTH__FED_FDA_DEVICE_PMA,DECISION_DATE,56853,56853,56853,day,True,,False,False,0,0,0,0,0,0,1960-10-14,2026-07-26,1960,2026,DATE
HEALTH.HEALTH__FED_FDA_DEVICE_PMA,_INGESTED_AT,56853,56853,56853,day,True,,False,True,0,0,0,0,0,0,2026-08-06 00:01:29.000,2026-08-06 00:01:29.000,2026,2026,TIMESTAMP_NTZ
HEALTH.HEALTH__FED_CMS_OPT_OUT_AFFIDAVITS,OPTOUT_EFFECTIVE_DATE,57209,57209,57209,day,True,,False,False,0,0,0,0,0,0,1998-01-01,2026-10-01,1998,2026,DATE
HEALTH.HEALTH__FED_CMS_OPT_OUT_AFFIDAVITS,OPTOUT_END_DATE,57209,57209,57209,day,True,,True,False,0,0,0,0,0,0,2026-06-30,2028-10-01,2026,2028,DATE
HEALTH.HEALTH__FED_CMS_OPT_OUT_AFFIDAVITS,LAST_UPDATED,57209,57209,57209,day,True,,False,False,0,0,0,0,0,0,2024-04-15,2026-07-13,2024,2026,DATE
HOUSING.HOUSING__FED_HUD_FHA_SF_PORTFOLIO_SNAPSHOT,ENDORSEMENT_YEAR,61647,61647,0,year,True,year_only,True,False,0,0,0,0,0,0,,,2026,2026,NUMBER
HOUSING.HOUSING__FED_HUD_FHA_SF_PORTFOLIO_SNAPSHOT,ENDORSEMENT_MONTH,61647,61647,0,none,False,,True,False,0,0,0,0,0,0,,,,,NUMBER
HOUSING.HOUSING__FED_HUD_FHA_SF_PORTFOLIO_SNAPSHOT,_INGESTED_AT,61647,61647,61647,day,True,,False,True,0,0,0,0,0,0,2026-08-07 20:20:01.477,2026-08-07 20:20:01.477,2026,2026,TIMESTAMP_NTZ
POLITICS.POLITICS__IRS527_RELATED_ENTITIES,_INGESTED_AT,64835,64835,64835,day,True,,False,True,0,0,0,0,0,0,2026-08-05 21:45:20.501,2026-08-05 21:45:20.501,2026,2026,TIMESTAMP_NTZ
ENVIRONMENT.ENVIRONMENT__FED_EPA_TRI_FACILITY,FAC_CLOSED_IND,64990,64990,0,none,False,,True,False,0,0,0,0,0,0,,,,,TEXT
JUSTICE.JUSTICE__FED_COURTLISTENER_FINANCIAL_DISCLOSURES,DATE_CREATED,66287,33285,33279,day,True,,False,False,1115,1109,0,0,6,0,1970-01-01,2023-08-31,1970,2023,DATE
JUSTICE.JUSTICE__FED_COURTLISTENER_FINANCIAL_DISCLOSURES,DATE_MODIFIED,66287,33073,33069,day,True,,False,False,901,897,0,0,4,0,1970-01-01,2024-11-15,1970,2024,DATE
JUSTICE.JUSTICE__FED_COURTLISTENER_FINANCIAL_DISCLOSURES,YEAR_COL,66287,34011,0,year,True,year_only,False,False,0,0,0,0,0,0,,,1700,2022,NUMBER
FINANCE.FINANCE__FED_SEC_EDGAR_INSIDERS,FILING_DATE,69259,69259,69259,day,True,,False,False,0,0,0,0,0,0,2026-01-02,2026-03-31,2026,2026,DATE
FINANCE.FINANCE__FED_SEC_EDGAR_INSIDERS,PERIOD_OF_REPORT,69259,69259,69259,day,True,dd_mon_yyyy,False,False,0,0,0,0,0,0,2002-02-26,2026-03-31,,,TEXT
FINANCE.FINANCE__FED_SEC_EDGAR_INSIDERS,DATE_OF_ORIG_SUB,69259,1162,1162,day,True,,False,False,0,0,0,0,0,0,2020-11-06,2026-03-30,2020,2026,DATE
REFERENCE.REFERENCE__FED_ITIS_COMMENTS,COMMENT_TIME_STAMP,70524,70524,70524,day,True,,False,False,0,0,0,0,0,0,1996-06-13 14:51:08.000,2026-07-28 12:30:13.000,1996,2026,TIMESTAMP_NTZ
REFERENCE.REFERENCE__FED_ITIS_COMMENTS,UPDATE_DATE,70524,70524,70524,day,True,,False,False,0,0,0,0,0,0,1996-06-17,2026-07-28,1996,2026,DATE
REFERENCE.REFERENCE__FED_ITIS_COMMENTS,_LOADED_AT,70524,70524,70524,day,True,,False,True,0,0,0,0,0,0,2026-08-08 04:44:10.570,2026-08-08 04:44:10.570,2026,2026,TIMESTAMP_NTZ
JUSTICE.JUSTICE__INTL_OPENSANCTIONS,BIRTH_DATE,71011,21670,21670,day,True,,False,False,38,38,0,0,0,0,1921-05-06,2022-06-08,1921,2022,DATE
JUSTICE.JUSTICE__INTL_OPENSANCTIONS,BIRTH_DATE_RAW,71011,71011,22800,day,True,iso,False,False,47,41,0,0,1,5,1905-05-11,2022-06-08,1923,2014,TEXT
SCIENCE_RESEARCH.SCIENCE_RESEARCH__XC_RETRACTION_WATCH_DATABASE,RETRACTION_DATE,71388,71388,71388,day,True,,False,False,6,6,0,0,0,0,1756-06-24,2026-07-17,1756,2026,DATE
SCIENCE_RESEARCH.SCIENCE_RESEARCH__XC_RETRACTION_WATCH_DATABASE,ORIGINAL_PAPER_DATE,71388,71388,71388,day,True,,False,False,6,6,0,0,0,0,1753-01-01,2026-05-04,1753,2026,DATE
SCIENCE_RESEARCH.SCIENCE_RESEARCH__XC_RETRACTION_WATCH_DATABASE,_LOADED_AT,71388,71388,71388,day,True,,False,True,0,0,0,0,0,0,2026-08-07 20:23:37.787,2026-08-07 20:23:37.787,2026,2026,TIMESTAMP_NTZ
SCIENCE_RESEARCH.SCIENCE_RESEARCH__FED_RETRACTION_WATCH,RETRACTION_DATE,71591,71377,71377,day,True,,False,False,6,6,0,0,0,0,1756-06-24,2026-07-17,1756,2026,DATE
SCIENCE_RESEARCH.SCIENCE_RESEARCH__FED_RETRACTION_WATCH,ORIGINAL_PAPER_DATE,71591,71377,71377,day,True,,False,False,6,6,0,0,0,0,1753-01-01,2026-05-04,1753,2026,DATE
SCIENCE_RESEARCH.SCIENCE_RESEARCH__FED_RETRACTION_WATCH,_INGESTED_AT,71591,71591,71591,day,True,,False,True,0,0,0,0,0,0,2026-08-05 21:24:40.302,2026-08-05 21:24:40.302,2026,2026,TIMESTAMP_NTZ
JUSTICE.JUSTICE__FED_ATF_FFL,LIC_EXPIRATION_CODE,77514,77514,0,none,False,,True,False,0,0,0,0,0,0,,,,,TEXT
POLITICS.POLITICS__IRS527_8871_ORGS,ESTABLISHED_DATE,77591,70767,70767,day,True,,False,False,26,22,4,0,0,0,1808-01-01,2026-07-24,1808,2026,DATE
POLITICS.POLITICS__IRS527_8871_ORGS,INSERT_DATETIME,77591,77476,77476,day,True,,False,False,0,0,0,0,0,0,2001-05-13 21:20:54.000,2026-07-24 20:46:44.000,2001,2026,TIMESTAMP_NTZ
ENVIRONMENT.ENVIRONMENT__FED_EPA_TRI_BASIC_2023,C_1_YEAR,78647,78647,0,year,True,year_only,False,False,0,0,0,0,0,0,,,2023,2023,TEXT
ENVIRONMENT.ENVIRONMENT__FED_EPA_TRI_BASIC_2023,C_94_OFF_SITE_RECYCLED_TOTAL,78647,78647,0,none,False,,False,False,0,0,0,0,0,0,,,,,TEXT
ENVIRONMENT.ENVIRONMENT__FED_EPA_TRI_BASIC_2023,C_120_8_8_ONE_TIME_RELEASE,78647,10872,0,none,False,,False,False,0,0,0,0,0,0,,,,,TEXT
HEALTH.HEALTH__FED_HRSA_HPSA_PRIMARY_CARE,DESIGNATION_DATE,79158,79158,79158,day,True,,False,False,1,1,0,0,0,0,1970-01-01,2026-08-05,1970,2026,DATE
HEALTH.HEALTH__FED_HRSA_HPSA_PRIMARY_CARE,DESIGNATION_LAST_UPDATE_DATE,79158,79158,79158,day,True,,False,False,0,0,0,0,0,0,1980-04-11,2026-08-05,1980,2026,DATE
HEALTH.HEALTH__FED_HRSA_HPSA_PRIMARY_CARE,WITHDRAWN_DATE,79158,48511,48511,day,True,,False,False,0,0,0,0,0,0,1980-04-11,2026-07-01,1980,2026,DATE
HEALTH.HEALTH__FED_HRSA_HPSA_PRIMARY_CARE,WITHDRAWN_DATE_STRING,79158,48511,0,none,False,,False,False,0,0,0,0,0,0,,,,,TEXT
HEALTH.HEALTH__FED_HRSA_HPSA_PRIMARY_CARE,RECORD_CREATE_DATE,79158,79158,79158,day,True,,False,False,0,0,0,0,0,0,2026-08-07,2026-08-07,2026,2026,DATE
HEALTH.HEALTH__FED_HRSA_HPSA_PRIMARY_CARE,RECORD_CREATE_DATE_TEXT,79158,79158,0,none,False,,False,False,0,0,0,0,0,0,,,,,TEXT
HEALTH.HEALTH__FED_HRSA_HPSA_PRIMARY_CARE,_INGESTED_AT,79158,79158,79158,day,True,,False,True,0,0,0,0,0,0,2026-08-07 18:54:15.903,2026-08-07 18:54:15.903,2026,2026,TIMESTAMP_NTZ
ENVIRONMENT.ENVIRONMENT__FED_EPA_NPDES_NPDES_CS_VIOLATIONS,SCHEDULE_DATE,82187,82187,82187,day,True,,False,False,0,0,0,0,0,0,1973-09-09,2026-07-30,1973,2026,DATE
ENVIRONMENT.ENVIRONMENT__FED_EPA_NPDES_NPDES_CS_VIOLATIONS,ACTUAL_DATE,82187,75537,75535,day,True,,False,False,2,0,0,0,2,0,1977-02-25,2026-07-31,1977,2026,DATE
ENVIRONMENT.ENVIRONMENT__FED_EPA_NPDES_NPDES_CS_VIOLATIONS,RNC_DETECTION_DATE,82187,31928,31928,day,True,,False,False,0,0,0,0,0,0,1973-12-08,2026-07-31,1973,2026,DATE
ENVIRONMENT.ENVIRONMENT__FED_EPA_NPDES_NPDES_CS_VIOLATIONS,RNC_RESOLUTION_DATE,82187,31928,31928,day,True,,False,False,0,0,0,0,0,0,1977-11-18,2026-07-31,1977,2026,DATE
ENVIRONMENT.ENVIRONMENT__FED_EPA_NPDES_NPDES_CS_VIOLATIONS,REPORT_RECEIVED_DATE,82187,75895,75895,day,True,,False,False,0,0,0,0,0,0,1977-02-25,2026-07-31,1977,2026,DATE
HEALTH.HEALTH__FED_HHS_OIG_LEIE,EXCLUSION_DATE,83369,83369,83369,day,True,yyyymmdd,False,False,0,0,0,0,0,0,1977-07-01,2026-06-18,,,TEXT
HEALTH.HEALTH__FED_HHS_OIG_LEIE,REINSTATEMENT_DATE,83369,0,0,none,False,,False,False,0,0,0,0,0,0,,,,,TEXT
HEALTH.HEALTH__FED_HHS_OIG_LEIE,_INGESTED_AT,83369,83369,83369,day,True,,False,True,0,0,0,0,0,0,2026-06-10 15:59:57.867,2026-06-10 15:59:57.867,2026,2026,TIMESTAMP_NTZ
JUSTICE.JUSTICE__FED_SCDB,DATE_DECISION,83644,83644,83644,day,True,,False,False,0,0,0,0,0,0,1946-11-18,2025-06-30,1946,2025,DATE
JUSTICE.JUSTICE__FED_SCDB,DATE_ARGUMENT,83644,74160,74160,day,True,,False,False,0,0,0,0,0,0,1944-10-08,2025-05-15,1944,2025,DATE
JUSTICE.JUSTICE__FED_SCDB,DATE_REARGUMENT,83644,1599,1599,day,True,,False,False,0,0,0,0,0,0,1946-10-14,2019-01-16,1946,2019,DATE
JUSTICE.JUSTICE__FED_SCDB,TERM,83644,83644,0,year,True,year_only,True,False,0,0,0,0,0,0,,,1946,2024,NUMBER
HEALTH.HEALTH__FED_CDC_OVERDOSE,YEAR,83790,83790,0,year,True,year_only,False,False,0,0,0,0,0,0,,,2015,2026,NUMBER
HEALTH.HEALTH__FED_CDC_OVERDOSE,MONTH,83790,83790,0,none,False,,False,False,0,0,0,0,0,0,,,,,TEXT
HEALTH.HEALTH__FED_CDC_OVERDOSE,PERIOD,83790,83790,0,none,False,,False,False,0,0,0,0,0,0,,,,,TEXT
CORE.DIM_TRACT,VINTAGE,85391,85391,0,year,True,year_only,False,False,0,0,0,0,0,0,,,2020,2022,TEXT
HEALTH.HEALTH__FED_FDA_CAERS,INITIAL_RECEIVED_DATE,85511,85511,85511,day,True,,False,False,0,0,0,0,0,0,2001-08-09,2025-08-29,2001,2025,DATE
HEALTH.HEALTH__FED_FDA_CAERS,LATEST_RECEIVED_DATE,85511,85511,85511,day,True,,False,False,0,0,0,0,0,0,2001-08-09,2025-08-29,2001,2025,DATE
HEALTH.HEALTH__FED_FDA_CAERS,_INGESTED_AT,85511,85511,85511,day,True,,False,True,0,0,0,0,0,0,2026-08-06 00:02:43.000,2026-08-06 00:02:43.000,2026,2026,TIMESTAMP_NTZ
POLITICS.POLITICS__CA_LOBBY_CHG_LOG,LOG_DT,85765,85752,85727,day,True,,False,False,25,0,0,0,24,1,1999-10-12,2026-08-03,1999,2026,DATE
POLITICS.POLITICS__CA_LOBBY_CHG_LOG,ETHICS_DT,85765,620,620,day,True,,False,False,189,0,189,0,0,0,1900-01-01,2025-01-16,1900,2025,DATE
POLITICS.POLITICS__CA_LOBBY_CHG_LOG,EFFECT_DT,85765,74509,74490,day,True,,False,False,44,0,25,0,12,7,1900-01-01,2030-07-01,1900,2030,DATE
POLITICS.POLITICS__CA_LOBBY_CHG_LOG,_INGESTED_AT,85765,85765,85765,day,True,,False,True,0,0,0,0,0,0,2026-08-05 21:37:05.122,2026-08-05 21:37:05.122,2026,2026,TIMESTAMP_NTZ
LABOR.LABOR__FED_MSHA_MINES,CURRENT_STATUS_DT,91906,91906,91906,day,True,,False,False,6,6,0,0,0,0,1925-01-01,2026-07-17,1925,2026,DATE
LABOR.LABOR__FED_MSHA_MINES,DAYS_PER_WEEK,91906,91906,0,none,False,,False,False,0,0,0,0,0,0,,,,,NUMBER
LABOR.LABOR__FED_MSHA_MINES,_LOADED_AT,91906,91906,91906,day,True,,False,True,0,0,0,0,0,0,2026-07-24 00:48:11.000,2026-07-24 00:48:11.000,2026,2026,TIMESTAMP_NTZ
_RESTORE_20260731.JUSTICE__FED_MSHA_MINES,CURRENT_STATUS_DT,91906,91906,0,none,False,,False,False,0,0,0,0,0,0,,,,,TEXT
_RESTORE_20260731.JUSTICE__FED_MSHA_MINES,CURRENT_CONTROLLER_BEGIN_DT,91906,91906,0,none,False,,False,False,0,0,0,0,0,0,,,,,TEXT
_RESTORE_20260731.JUSTICE__FED_MSHA_MINES,CURRENT_103I_DT,91906,91906,0,none,False,,False,False,0,0,0,0,0,0,,,,,TEXT
_RESTORE_20260731.JUSTICE__FED_MSHA_MINES,DAYS_PER_WEEK,91906,91906,0,none,False,,False,False,0,0,0,0,0,0,,,,,TEXT
_RESTORE_20260731.JUSTICE__FED_MSHA_MINES,PROD_SHIFTS_PER_DAY,91906,91906,0,none,False,,False,False,0,0,0,0,0,0,,,,,TEXT
_RESTORE_20260731.JUSTICE__FED_MSHA_MINES,MAINT_SHIFTS_PER_DAY,91906,91906,0,none,False,,False,False,0,0,0,0,0,0,,,,,TEXT
ENVIRONMENT.ENVIRONMENT__FED_NID_DAMS,YEAR_COMPLETED,92766,73724,0,year,True,year_only,False,False,0,0,0,0,0,0,,,1700,2026,NUMBER
ENVIRONMENT.ENVIRONMENT__FED_NID_DAMS,DATA_LAST_UPDATED,92766,92766,92766,day,True,,False,False,0,0,0,0,0,0,2015-09-30,2026-08-05,2015,2026,DATE
ENVIRONMENT.ENVIRONMENT__FED_NID_DAMS,LAST_INSPECTION_DATE,92766,58178,58176,day,True,,False,False,3,1,0,0,0,2,1901-01-01,2026-11-05,1901,2026,DATE
ENVIRONMENT.ENVIRONMENT__FED_NID_DAMS,CONDITION_ASSESSMENT_DATE,92766,40665,40665,day,True,,False,False,0,0,0,0,0,0,1965-01-01,2031-06-30,1965,2031,DATE
ENVIRONMENT.ENVIRONMENT__FED_NID_DAMS,EAP_LAST_REVISION_DATE,92766,17799,17799,day,True,,False,False,0,0,0,0,0,0,1960-01-17,2027-05-31,1960,2027,DATE
ENVIRONMENT.ENVIRONMENT__FED_NID_DAMS,_INGESTED_AT,92766,92766,92766,day,True,,False,True,0,0,0,0,0,0,2026-08-05 21:30:11.446,2026-08-05 21:30:11.446,2026,2026,TIMESTAMP_NTZ
REFERENCE.REFERENCE__FED_ITIS_VERN_REF_LINKS,UPDATE_DATE,93078,93078,93078,day,True,,False,False,19,0,19,0,0,0,1900-01-01,2026-07-28,1900,2026,DATE
REFERENCE.REFERENCE__FED_ITIS_VERN_REF_LINKS,_LOADED_AT,93078,93078,93078,day,True,,False,True,0,0,0,0,0,0,2026-08-08 04:44:10.570,2026-08-08 04:44:10.570,2026,2026,TIMESTAMP_NTZ
ENVIRONMENT.ENVIRONMENT__EPA_PENALTY_GAP,QUARTERS_WITH_NONCOMPLIANCE,93808,93808,0,none,False,,False,False,0,0,0,0,0,0,,,,,NUMBER
ENVIRONMENT.ENVIRONMENT__EPA_PENALTY_GAP,DATE_LAST_INSPECTION,93808,52494,52494,day,True,,False,False,0,0,0,0,0,0,1978-08-25,2026-06-18,1978,2026,DATE
ENVIRONMENT.ENVIRONMENT__EPA_PENALTY_GAP,DATE_LAST_FORMAL_ACTION,93808,37027,37027,day,True,,False,False,0,0,0,0,0,0,1903-12-01,2026-06-18,1903,2026,DATE
ENVIRONMENT.ENVIRONMENT__EPA_PENALTY_GAP,PENALTY_PER_QUARTER_NC,93808,93808,0,year,True,year_only,False,False,0,0,0,0,0,0,,,1700,2028,FLOAT
REGULATORY.REGULATORY__FED_FEDERAL_REGISTER_DOCUMENTS,PUBLICATION_DATE,94731,94731,94731,day,True,,False,False,0,0,0,0,0,0,2023-01-03,2026-06-16,2023,2026,DATE
REGULATORY.REGULATORY__FED_FEDERAL_REGISTER_DOCUMENTS,EFFECTIVE_ON,94731,11450,11450,day,True,,False,False,0,0,0,0,0,0,2010-12-14,2033-03-07,2010,2033,DATE
REGULATORY.REGULATORY__FED_FEDERAL_REGISTER_DOCUMENTS,COMMENTS_CLOSE_ON,94731,29545,29545,day,True,,True,False,0,0,0,0,0,0,2013-10-28,2026-12-31,2013,2026,DATE
REGULATORY.REGULATORY__FED_FEDERAL_REGISTER_DOCUMENTS,PUBLICATION_YEAR,94731,94731,0,year,True,year_only,False,False,0,0,0,0,0,0,,,2023,2026,NUMBER
REGULATORY.REGULATORY__FED_FEDERAL_REGISTER_DOCUMENTS,PUBLICATION_MONTH,94731,94731,0,none,False,,False,False,0,0,0,0,0,0,,,,,NUMBER
REGULATORY.REGULATORY__FED_FEDERAL_REGISTER_DOCUMENTS,PUBLICATION_QUARTER,94731,94731,94731,day,True,,False,False,0,0,0,0,0,0,2023-01-01,2026-04-01,2023,2026,DATE
REGULATORY.REGULATORY__FED_FEDERAL_REGISTER_DOCUMENTS,START_PAGE,94731,94731,0,quarter,True,year_quarter,False,False,0,0,0,0,0,0,,,1700,2035,NUMBER
REGULATORY.REGULATORY__FED_FEDERAL_REGISTER_DOCUMENTS,END_PAGE,94731,94731,0,quarter,True,year_quarter,True,False,0,0,0,0,0,0,,,1700,2035,NUMBER
REGULATORY.REGULATORY__FED_FEDERAL_REGISTER_DOCUMENTS,COMMENT_WINDOW_DAYS,94731,29545,0,none,False,,False,False,0,0,0,0,0,0,,,,,NUMBER
REGULATORY.REGULATORY__FED_FEDERAL_REGISTER_DOCUMENTS,DAYS_UNTIL_EFFECTIVE,94731,11450,0,year,True,year_only,True,False,0,0,0,0,0,0,,,1731,1731,NUMBER
ECONOMICS.ECONOMICS__FED_FOREIGNASSISTANCE,FISCAL_YEAR,95658,95658,0,year,True,year_only,False,False,0,0,0,0,0,0,,,1946,2026,TEXT
ENVIRONMENT.ENVIRONMENT__FED_EPA_ICIS_AIR_ICIS_AIR_VIOLATION_HISTORY,EARLIEST_FRV_DETERM_DATE,102037,0,0,none,False,,True,False,0,0,0,0,0,0,,,,,DATE
ENVIRONMENT.ENVIRONMENT__FED_EPA_ICIS_AIR_ICIS_AIR_VIOLATION_HISTORY,HPV_DAYZERO_DATE,102037,0,0,none,False,,False,False,0,0,0,0,0,0,,,,,DATE
ENVIRONMENT.ENVIRONMENT__FED_EPA_ICIS_AIR_ICIS_AIR_VIOLATION_HISTORY,HPV_RESOLVED_DATE,102037,0,0,none,False,,False,False,0,0,0,0,0,0,,,,,DATE
ENVIRONMENT.ENVIRONMENT__FED_EPA_ICIS_AIR_ICIS_AIR_VIOLATION_HISTORY,DSCV_PATHWAY_DATE,102037,0,0,none,False,,False,False,0,0,0,0,0,0,,,,,DATE
ENVIRONMENT.ENVIRONMENT__FED_EPA_ICIS_AIR_ICIS_AIR_VIOLATION_HISTORY,NFTC_PATHWAY_DATE,102037,0,0,none,False,,False,False,0,0,0,0,0,0,,,,,DATE
JUSTICE.JUSTICE__FED_COURTLISTENER_ORAL_ARGUMENTS,DATE_CREATED,102649,102649,102649,day,True,,False,False,0,0,0,0,0,0,2014-10-31,2026-06-26,2014,2026,DATE
JUSTICE.JUSTICE__FED_COURTLISTENER_ORAL_ARGUMENTS,DATE_MODIFIED,102649,102649,102649,day,True,,False,False,0,0,0,0,0,0,2019-07-19,2026-06-26,2019,2026,DATE
JUSTICE.JUSTICE__FED_COURTLISTENER_ORAL_ARGUMENTS,DURATION,102649,102581,0,year,True,year_only,False,False,0,0,0,0,0,0,,,1700,2035,FLOAT
JUSTICE.JUSTICE__FED_COURTLISTENER_ORAL_ARGUMENTS,DATE_BLOCKED,102649,9438,9438,day,True,,False,False,0,0,0,0,0,0,2015-10-11,2026-03-04,2015,2026,DATE
ENVIRONMENT.ENVIRONMENT__FED_EPA_ICIS_AIR_ICIS_AIR_FORMAL_ACTIONS,SETTLEMENT_ENTERED_DATE,106009,105968,105968,day,True,,False,False,0,0,0,0,0,0,1972-10-25,2026-07-30,1972,2026,DATE
ENVIRONMENT.ENVIRONMENT__FED_EPA_NPDES_NPDES_FORMAL_ENFORCEMENT_ACTIONS,SETTLEMENT_ENTERED_DATE,112373,109481,109481,day,True,,False,False,0,0,0,0,0,0,1970-09-07,2026-07-30,1970,2026,DATE
POLITICS.POLITICS__FED_VOTEVIEW_ROLLCALL_META,DATE,113512,113512,113512,day,True,iso,False,False,0,0,0,0,0,0,1789-05-16,2026-08-08,,,TEXT
ENVIRONMENT.ENVIRONMENT__FED_USCG_NRC_INCIDENT_REPORTS,DATE_TIME_RECEIVED,116662,116662,116662,day,True,,False,False,0,0,0,0,0,0,2020-01-01 00:14:00.000,2024-12-31 22:24:00.000,2020,2024,TIMESTAMP_NTZ
ENVIRONMENT.ENVIRONMENT__FED_USCG_NRC_INCIDENT_REPORTS,DATE_TIME_COMPLETE,116662,116656,116656,day,True,,False,False,0,0,0,0,0,0,2020-01-01 00:21:00.000,2024-12-31 22:27:00.000,2020,2024,TIMESTAMP_NTZ
ENVIRONMENT.ENVIRONMENT__FED_USGS_ORPHANED_OIL_GAS_WELLS,QTR,117672,23565,0,none,False,,False,False,0,0,0,0,0,0,,,,,TEXT
ENVIRONMENT.ENVIRONMENT__FED_USGS_ORPHANED_OIL_GAS_WELLS,QTR_QTR,117672,21902,0,none,False,,False,False,0,0,0,0,0,0,,,,,TEXT
ENVIRONMENT.ENVIRONMENT__FED_USGS_ORPHANED_OIL_GAS_WELLS,QTR_QTR_QTR,117672,18867,0,none,False,,False,False,0,0,0,0,0,0,,,,,TEXT
ENVIRONMENT.ENVIRONMENT__FED_USGS_ORPHANED_OIL_GAS_WELLS,DATA_FILE_DATE,117672,117672,117672,day,True,,False,False,0,0,0,0,0,0,2019-07-01,2022-12-10,2019,2022,DATE
FINANCE.FINANCE__FED_NCUA_CALL_REPORTS,CYCLE_DATE,121713,121675,121675,day,True,,False,False,0,0,0,0,0,0,2015-03-31,2015-03-31,2015,2015,DATE
JUSTICE.JUSTICE__RACIAL_JAIL_DISPARITY,COUNTY_YEAR_KEY,128507,128507,0,none,False,,False,False,0,0,0,0,0,0,,,,,TEXT
JUSTICE.JUSTICE__RACIAL_JAIL_DISPARITY,YEAR,128507,128507,0,year,True,year_only,False,False,0,0,0,0,0,0,,,1970,2026,NUMBER
JUSTICE.JUSTICE__RACIAL_JAIL_DISPARITY,IS_STUB_YEAR,128507,128507,0,none,False,,False,False,0,0,0,0,0,0,,,,,BOOLEAN
JUSTICE.JUSTICE__RACIAL_JAIL_DISPARITY,BLACK_WORKING_AGE_POP,128507,96340,0,year,True,year_only,False,False,0,0,0,0,0,0,,,1700,2035,FLOAT
JUSTICE.JUSTICE__RACIAL_JAIL_DISPARITY,WHITE_WORKING_AGE_POP,128507,98829,0,year,True,year_only,False,False,0,0,0,0,0,0,,,1700,2035,FLOAT
JUSTICE.JUSTICE__RACIAL_JAIL_DISPARITY,LATINX_WORKING_AGE_POP,128507,98494,0,year,True,year_only,False,False,0,0,0,0,0,0,,,1700,2035,FLOAT
JUSTICE.JUSTICE__RACIAL_JAIL_DISPARITY,TOTAL_WORKING_AGE_POP,128507,126786,0,year,True,year_only,False,False,0,0,0,0,0,0,,,1700,2035,FLOAT
JUSTICE.JUSTICE__RACIAL_JAIL_DISPARITY,IS_CANONICAL_YEAR,128507,128507,0,none,False,,False,False,0,0,0,0,0,0,,,,,BOOLEAN
JUSTICE.JUSTICE__RACIAL_JAIL_DISPARITY,_INGESTED_AT,128507,128507,128507,day,True,,False,True,0,0,0,0,0,0,2026-06-28 03:21:23.476,2026-06-28 03:21:23.476,2026,2026,TIMESTAMP_NTZ
JUSTICE.JUSTICE__XC_VERA_INCARCERATION_TRENDS,YEAR,128507,128507,0,year,True,year_only,False,False,0,0,0,0,0,0,,,1970,2026,TEXT
OPEN_DATA.OPEN_DATA__INTL_FR_DATA_GOUV,CREATED_AT,130431,130431,130427,day,True,,False,False,4,0,0,0,4,0,1827-01-01 00:00:00.000,2028-07-01 00:00:00.000,1827,2028,TIMESTAMP_NTZ
OPEN_DATA.OPEN_DATA__INTL_FR_DATA_GOUV,LAST_MODIFIED,130431,130431,130430,day,True,,False,False,1,0,0,0,1,0,1991-01-01 08:56:11.000,2026-08-11 05:45:01.000,1991,2026,TIMESTAMP_NTZ
OPEN_DATA.OPEN_DATA__INTL_FR_DATA_GOUV,TEMPORAL_COVERAGE_START,130431,16856,16781,day,True,,False,False,133,46,12,0,75,0,1700-01-01,2030-04-19,1700,2030,DATE
OPEN_DATA.OPEN_DATA__INTL_FR_DATA_GOUV,TEMPORAL_COVERAGE_END,130431,15827,15322,day,True,,True,False,19,11,1,1,6,498,1738-12-31,2035-12-31,1738,2035,DATE
HEALTH.HEALTH__FED_CDC_INJURY_VIOLENCE_COUNTY,PERIOD,132000,132000,0,year,True,year_only,False,False,0,0,0,0,0,0,,,2019,2024,TEXT
HEALTH.HEALTH__FED_CDC_INJURY_VIOLENCE_COUNTY,DATA_AS_OF,132000,132000,132000,day,True,iso,False,False,0,0,0,0,0,0,2026-05-14,2026-06-22,,,TEXT
HEALTH.HEALTH__FED_CDC_INJURY_VIOLENCE_COUNTY,TTM_DATE_RANGE,132000,0,0,none,False,,False,False,0,0,0,0,0,0,,,,,DATE
PROCUREMENT.PROCUREMENT__INTL_EC_SERCOP,RECORD_DATE,132995,132995,132995,day,True,,False,False,0,0,0,0,0,0,2025-01-01,2026-06-05,2025,2026,DATE
PROCUREMENT.PROCUREMENT__INTL_EC_SERCOP,TENDER_DATE_PUBLISHED,132995,0,0,none,False,,True,False,0,0,0,0,0,0,,,,,DATE
PROCUREMENT.PROCUREMENT__INTL_EC_SERCOP,AWARD_DATE,132995,17194,17194,day,True,,False,False,0,0,0,0,0,0,2023-12-20,2026-06-05,2023,2026,DATE
PROCUREMENT.PROCUREMENT__INTL_EC_SERCOP,CONTRACT_DATE_SIGNED,132995,13543,13543,day,True,,False,False,0,0,0,0,0,0,2023-12-26,2026-12-17,2023,2026,DATE
ECONOMICS.ECONOMICS__FED_PBGC_DATA,DATA_YEAR,134534,134534,0,year,True,year_only,False,False,0,0,0,0,0,0,,,2010,2023,TEXT
ECONOMICS.ECONOMICS__FED_PBGC_DATA,PUBLICATION_DATE,134534,0,0,none,False,,False,False,0,0,0,0,0,0,,,,,DATE
REFERENCE.REFERENCE__XC_ROR_RESEARCH_ORGANIZATIONS,ESTABLISHED_YEAR,135710,109276,0,year,True,year_only,False,False,0,0,0,0,0,0,,,1700,2026,NUMBER
REFERENCE.REFERENCE__XC_ROR_RESEARCH_ORGANIZATIONS,RECORD_CREATED_DATE,135710,135710,135710,day,True,,False,False,0,0,0,0,0,0,2018-11-14,2026-08-03,2018,2026,DATE
REFERENCE.REFERENCE__XC_ROR_RESEARCH_ORGANIZATIONS,RECORD_LAST_MODIFIED_DATE,135710,135710,135710,day,True,,False,False,0,0,0,0,0,0,2024-12-11,2026-08-03,2024,2026,DATE
REFERENCE.REFERENCE__XC_ROR_RESEARCH_ORGANIZATIONS,CREATED_SCHEMA_VERSION,135710,135710,0,none,False,,False,False,0,0,0,0,0,0,,,,,TEXT
REFERENCE.REFERENCE__XC_ROR_RESEARCH_ORGANIZATIONS,LAST_MODIFIED_SCHEMA_VERSION,135710,135710,0,none,False,,False,False,0,0,0,0,0,0,,,,,TEXT
REFERENCE.REFERENCE__XC_ROR_RESEARCH_ORGANIZATIONS,_LOADED_AT,135710,135710,135710,day,True,,False,True,0,0,0,0,0,0,2026-08-07 20:22:52.794,2026-08-07 20:22:52.794,2026,2026,TIMESTAMP_NTZ
ENVIRONMENT.ENVIRONMENT__FED_EPA_GHGRP_FACILITY,FACILITY_YEAR_ID,136005,136005,0,none,False,,False,False,0,0,0,0,0,0,,,,,TEXT
ENVIRONMENT.ENVIRONMENT__FED_EPA_GHGRP_FACILITY,REPORTING_YEAR,136005,136005,0,year,True,year_only,False,False,0,0,0,0,0,0,,,2010,2023,NUMBER
ENVIRONMENT.ENVIRONMENT__FED_EPA_GHGRP_FACILITY,BAMM_APPROVED,136005,0,0,none,False,,False,False,0,0,0,0,0,0,,,,,NUMBER
POLITICS.POLITICS__ST_NYC_CFB_CAMPAIGN_2009_CONTRIBUTION,ELECTION_CYCLE,146112,146112,0,year,True,year_only,False,False,0,0,0,0,0,0,,,2009,2009,TEXT
POLITICS.POLITICS__ST_NYC_CFB_CAMPAIGN_2009_CONTRIBUTION,CANDIDATE_CLASS,146112,146112,0,none,False,,False,False,0,0,0,0,0,0,,,,,TEXT
POLITICS.POLITICS__ST_NYC_CFB_CAMPAIGN_2009_CONTRIBUTION,CONTRIBUTION_DATE,146112,145943,145943,day,True,,False,False,0,0,0,0,0,0,2000-05-02,2010-01-11,2000,2010,DATE
POLITICS.POLITICS__ST_NYC_CFB_CAMPAIGN_2009_CONTRIBUTION,REFUND_DATE,146112,3062,3062,day,True,,False,False,0,0,0,0,0,0,2004-01-06,2010-01-11,2004,2010,DATE
POLITICS.POLITICS__ST_NYC_CFB_CAMPAIGN_2009_CONTRIBUTION,_INGESTED_AT,146112,146112,146112,day,True,,False,True,0,0,0,0,0,0,2026-08-08 01:53:18.818,2026-08-08 01:53:18.818,2026,2026,TIMESTAMP_NTZ
CONSUMER_SAFETY.CONSUMER_SAFETY__FED_NHTSA_INVESTIGATIONS,MODEL_YEAR,154209,154209,0,year,True,year_only,False,False,0,0,0,0,0,0,,,1965,2026,TEXT
CONSUMER_SAFETY.CONSUMER_SAFETY__FED_NHTSA_INVESTIGATIONS,OPEN_DATE,154209,154052,154052,day,True,,False,False,0,0,0,0,0,0,1972-03-10,2026-07-13,1972,2026,DATE
CONSUMER_SAFETY.CONSUMER_SAFETY__FED_NHTSA_INVESTIGATIONS,CLOSE_DATE,154209,78621,78621,day,True,,True,False,0,0,0,0,0,0,1972-05-30,2026-07-22,1972,2026,DATE
CONSUMER_SAFETY.CONSUMER_SAFETY__FED_NHTSA_INVESTIGATIONS,IS_CLOSED,154209,154209,0,none,False,,True,False,0,0,0,0,0,0,,,,,BOOLEAN
CONSUMER_SAFETY.CONSUMER_SAFETY__FED_NHTSA_INVESTIGATIONS,_LOADED_AT,154209,154209,154209,day,True,,False,True,0,0,0,0,0,0,2026-07-24 00:43:24.000,2026-07-24 00:43:24.000,2026,2026,TIMESTAMP_NTZ
FINANCE.FINANCE__FED_PCAOB_FORM_AP_FILINGS,AUDIT_REPORT_DATE,155384,0,0,none,False,,False,False,0,0,0,0,0,0,,,,,DATE
FINANCE.FINANCE__FED_PCAOB_FORM_AP_FILINGS,FISCAL_PERIOD_END_DATE,155384,0,0,none,False,,True,False,0,0,0,0,0,0,,,,,DATE
FINANCE.FINANCE__FED_PCAOB_FORM_AP_FILINGS,IS_MULTIPLE_AUDIT_PERIOD,155384,155089,0,none,False,,False,False,0,0,0,0,0,0,,,,,TEXT
FINANCE.FINANCE__FED_PCAOB_FORM_AP_FILINGS,AUDIT_PERIOD_INFORMATION,155384,4196,41,day,True,us,False,False,0,0,0,0,0,0,2011-03-31,2023-12-31,2019,2021,TEXT
FINANCE.FINANCE__FED_PCAOB_FORM_AP_FILINGS,DUAL_DATED,155384,155384,0,none,False,,False,False,0,0,0,0,0,0,,,,,TEXT
FINANCE.FINANCE__FED_PCAOB_FORM_AP_FILINGS,AUDIT_DUAL_DATE,155384,5394,5394,day,True,iso,False,False,0,0,0,0,0,0,2016-02-17,2026-08-04,,,TEXT
FINANCE.FINANCE__FED_PCAOB_FORM_AP_FILINGS,SIGNED_DATE,155384,0,0,none,False,,False,False,0,0,0,0,0,0,,,,,DATE
FINANCE.FINANCE__FED_PCAOB_FORM_AP_FILINGS,FILING_DATE,155384,0,0,none,False,,False,False,0,0,0,0,0,0,,,,,DATE
FINANCE.FINANCE__FED_PCAOB_FORM_AP_FILINGS,_INGESTED_AT,155384,155384,155384,day,True,,False,True,0,0,0,0,0,0,2026-08-08 01:43:19.023,2026-08-08 01:43:19.023,2026,2026,TIMESTAMP_NTZ
HEALTH.HEALTH__FED_NLM_DAILYMED_SPL_SETID_MAP,UPLOAD_DATE,158452,158452,158452,day,True,,False,False,0,0,0,0,0,0,2006-07-13,2026-08-07,2006,2026,DATE
HEALTH.HEALTH__FED_NLM_DAILYMED_SPL_SETID_MAP,_INGESTED_AT,158452,158452,158452,day,True,,False,True,0,0,0,0,0,0,2026-08-08 01:42:45.275,2026-08-08 01:42:45.275,2026,2026,TIMESTAMP_NTZ
REFERENCE.REFERENCE__FED_ITIS_JURISDICTION,UPDATE_DATE,161922,161922,161922,day,True,,False,False,0,0,0,0,0,0,1997-10-27,2026-07-28,1997,2026,DATE
REFERENCE.REFERENCE__FED_ITIS_JURISDICTION,_LOADED_AT,161922,161922,161922,day,True,,False,True,0,0,0,0,0,0,2026-08-08 04:44:10.570,2026-08-08 04:44:10.570,2026,2026,TIMESTAMP_NTZ
HEALTH.HEALTH__FED_HRSA_SHORTAGE_AREAS,HPSA_DESIGNATION_DATE,165531,165531,165531,day,True,,False,False,2,2,0,0,0,0,1970-01-01,2026-06-26,1970,2026,DATE
HEALTH.HEALTH__FED_HRSA_SHORTAGE_AREAS,HPSA_DESIGNATION_LAST_UPDATE_DATE,165531,165531,165531,day,True,,False,False,0,0,0,0,0,0,1979-12-14,2026-06-29,1979,2026,DATE
HEALTH.HEALTH__FED_HRSA_SHORTAGE_AREAS,WITHDRAWN_DATE,165531,85715,85715,day,True,,False,False,0,0,0,0,0,0,1979-12-14,2026-04-07,1979,2026,DATE
HEALTH.HEALTH__FED_HRSA_SHORTAGE_AREAS,HPSA_WITHDRAWN_DATE_STRING,165531,0,0,none,False,,False,False,0,0,0,0,0,0,,,,,DATE
HEALTH.HEALTH__FED_HRSA_SHORTAGE_AREAS,DATA_WAREHOUSE_RECORD_CREATE_DATE,165531,165531,165531,day,True,,False,False,0,0,0,0,0,0,2026-06-30,2026-06-30,2026,2026,DATE
HEALTH.HEALTH__FED_HRSA_SHORTAGE_AREAS,DATA_WAREHOUSE_RECORD_CREATE_DATE_TEXT,165531,165531,0,none,False,,False,False,0,0,0,0,0,0,,,,,TEXT
REFERENCE.REFERENCE__FED_ITIS_VERNACULARS,APPROVED_IND,166778,166778,0,none,False,,False,False,0,0,0,0,0,0,,,,,TEXT
REFERENCE.REFERENCE__FED_ITIS_VERNACULARS,UPDATE_DATE,166778,166778,166778,day,True,,False,False,0,0,0,0,0,0,1997-08-20,2026-07-28,1997,2026,DATE
REFERENCE.REFERENCE__FED_ITIS_VERNACULARS,_LOADED_AT,166778,166778,166778,day,True,,False,True,0,0,0,0,0,0,2026-08-08 04:44:10.570,2026-08-08 04:44:10.570,2026,2026,TIMESTAMP_NTZ
PROCUREMENT.PROCUREMENT__FED_SAM_EXCLUSIONS,ACTIVATION_DATE,167928,156912,156910,day,True,,False,False,2,0,0,0,0,2,1908-04-20,2026-08-06,1908,2026,DATE
PROCUREMENT.PROCUREMENT__FED_SAM_EXCLUSIONS,TERMINATION_DATE_RAW,167928,167928,8196,day,True,iso,True,False,0,0,0,0,0,976,2026-03-02,2035-12-29,,,TEXT
PROCUREMENT.PROCUREMENT__FED_SAM_EXCLUSIONS,TERMINATION_DATE,167928,9172,8196,day,True,,True,False,0,0,0,0,0,976,2026-03-02,2035-12-29,2026,2035,DATE
PROCUREMENT.PROCUREMENT__FED_SAM_EXCLUSIONS,_LOADED_AT,167928,167928,167928,day,True,,False,True,0,0,0,0,0,0,2026-08-11 16:21:54.226,2026-08-11 16:21:54.226,2026,2026,TIMESTAMP_NTZ
HEALTH.HEALTH__FED_FDA_UNII_GSRS_SUBSTANCES,_INGESTED_AT,168046,168046,168046,day,True,,False,True,0,0,0,0,0,0,2026-08-08 04:35:02.628,2026-08-08 04:35:02.628,2026,2026,TIMESTAMP_NTZ
EDUCATION.EDUCATION__FED_SENATE_LDA_FILINGS,FILING_YEAR,174871,174871,0,year,True,year_only,False,False,0,0,0,0,0,0,,,2020,2021,TEXT
EDUCATION.EDUCATION__FED_SENATE_LDA_FILINGS,FILING_PERIOD,174871,174871,0,none,False,,False,False,0,0,0,0,0,0,,,,,TEXT
EDUCATION.EDUCATION__FED_SENATE_LDA_FILINGS,FILING_PERIOD_DISPLAY,174871,174871,0,none,False,,False,False,0,0,0,0,0,0,,,,,TEXT
EDUCATION.EDUCATION__FED_SENATE_LDA_FILINGS,DT_POSTED,174871,174871,174871,day,True,iso,False,False,0,0,0,0,0,0,2020-01-02,2026-07-24,,,TEXT
EDUCATION.EDUCATION__FED_SENATE_LDA_FILINGS,TERMINATION_DATE,174871,7855,7855,day,True,,True,False,0,0,0,0,0,0,2020-01-01,2021-12-31,2020,2021,DATE
HEALTH.HEALTH__FED_FDA_DEVICE_510K,DATE_RECEIVED,175686,175686,175686,day,True,,False,False,0,0,0,0,0,0,1976-05-26,2026-07-17,1976,2026,DATE
HEALTH.HEALTH__FED_FDA_DEVICE_510K,DECISION_DATE,175686,175686,175686,day,True,,False,False,0,0,0,0,0,0,1976-07-15,2026-07-26,1976,2026,DATE
HEALTH.HEALTH__FED_FDA_DEVICE_510K,_INGESTED_AT,175686,175686,175686,day,True,,False,True,0,0,0,0,0,0,2026-08-06 00:00:35.000,2026-08-06 00:00:35.000,2026,2026,TIMESTAMP_NTZ
ENVIRONMENT.ENVIRONMENT__FED_EPA_ICIS_AIR_ICIS_AIR_INFORMAL_ACTIONS,ACHIEVED_DATE,175736,175562,175498,day,True,,False,False,65,0,1,0,59,5,1900-01-01,2027-11-07,1900,2027,DATE
TRANSPORT.TRANSPORT__FED_NTSB_AVIATION_INJURY,LCHG_DATE,179179,179179,179179,day,True,,False,False,0,0,0,0,0,0,2020-09-25,2026-07-31,2020,2026,DATE
TRANSPORT.TRANSPORT__FED_NTSB_AVIATION_INJURY,_INGESTED_AT,179179,179179,179179,day,True,,False,True,0,0,0,0,0,0,2026-08-08 01:55:07.240,2026-08-08 01:55:07.240,2026,2026,TIMESTAMP_NTZ
FINANCE.FINANCE__FED_IRS_SOI,TAX_YEAR,179796,179796,0,year,True,year_only,False,False,0,0,0,0,0,0,,,2016,2016,TEXT
HOUSING.HOUSING__FED_FHFA_HPI,YR,184807,184807,0,year,True,year_only,False,False,0,0,0,0,0,0,,,1975,2026,TEXT
HOUSING.HOUSING__FED_FHFA_HPI,PERIOD,184807,184807,0,none,False,,False,False,0,0,0,0,0,0,,,,,TEXT
POLITICS.POLITICS__IRS527_DIRECTORS_OFFICERS,_INGESTED_AT,189593,189593,189593,day,True,,False,True,0,0,0,0,0,0,2026-08-05 21:45:02.628,2026-08-05 21:45:02.628,2026,2026,TIMESTAMP_NTZ
REFERENCE.REFERENCE__FED_ITIS_TU_COMMENTS_LINKS,UPDATE_DATE,192851,192851,192851,day,True,,False,False,0,0,0,0,0,0,1996-06-17,2026-07-28,1996,2026,DATE
REFERENCE.REFERENCE__FED_ITIS_TU_COMMENTS_LINKS,_LOADED_AT,192851,192851,192851,day,True,,False,True,0,0,0,0,0,0,2026-08-08 04:44:10.570,2026-08-08 04:44:10.570,2026,2026,TIMESTAMP_NTZ
POLITICS.POLITICS__ST_NYC_CFB_CAMPAIGN_2001_CONTRIBUTION,ELECTION_CYCLE,193741,193741,0,year,True,year_only,False,False,0,0,0,0,0,0,,,2001,2001,TEXT
POLITICS.POLITICS__ST_NYC_CFB_CAMPAIGN_2001_CONTRIBUTION,CANDIDATE_ID,193741,193741,0,none,False,,False,False,0,0,0,0,0,0,,,,,TEXT
POLITICS.POLITICS__ST_NYC_CFB_CAMPAIGN_2001_CONTRIBUTION,CANDIDATE_CLASS,193741,193741,0,none,False,,False,False,0,0,0,0,0,0,,,,,TEXT
POLITICS.POLITICS__ST_NYC_CFB_CAMPAIGN_2001_CONTRIBUTION,CANDIDATE_LAST_NAME,193741,193741,0,none,False,,False,False,0,0,0,0,0,0,,,,,TEXT
POLITICS.POLITICS__ST_NYC_CFB_CAMPAIGN_2001_CONTRIBUTION,CANDIDATE_FIRST_NAME,193741,193741,0,none,False,,False,False,0,0,0,0,0,0,,,,,TEXT
POLITICS.POLITICS__ST_NYC_CFB_CAMPAIGN_2001_CONTRIBUTION,CANDIDATE_MIDDLE_INITIAL,193741,116500,0,none,False,,False,False,0,0,0,0,0,0,,,,,TEXT
POLITICS.POLITICS__ST_NYC_CFB_CAMPAIGN_2001_CONTRIBUTION,CONTRIBUTION_DATE,193741,0,0,none,False,,False,False,0,0,0,0,0,0,,,,,DATE
POLITICS.POLITICS__ST_NYC_CFB_CAMPAIGN_2001_CONTRIBUTION,REFUND_DATE,193741,0,0,none,False,,False,False,0,0,0,0,0,0,,,,,DATE
POLITICS.POLITICS__ST_NYC_CFB_CAMPAIGN_2001_CONTRIBUTION,_INGESTED_AT,193741,193741,193741,day,True,,False,True,0,0,0,0,0,0,2026-08-08 01:53:18.818,2026-08-08 01:53:18.818,2026,2026,TIMESTAMP_NTZ
POLITICS.POLITICS__ST_NYC_CFB_CAMPAIGN_2013_CONTRIBUTION,ELECTION_CYCLE,197968,197968,0,year,True,year_only,False,False,0,0,0,0,0,0,,,2013,2013,TEXT
POLITICS.POLITICS__ST_NYC_CFB_CAMPAIGN_2013_CONTRIBUTION,CANDIDATE_CLASS,197968,197367,0,none,False,,False,False,0,0,0,0,0,0,,,,,TEXT
POLITICS.POLITICS__ST_NYC_CFB_CAMPAIGN_2013_CONTRIBUTION,CONTRIBUTION_DATE,197968,197886,197886,day,True,,False,False,0,0,0,0,0,0,1913-06-13,2014-01-11,1913,2014,DATE
POLITICS.POLITICS__ST_NYC_CFB_CAMPAIGN_2013_CONTRIBUTION,REFUND_DATE,197968,4441,4441,day,True,,False,False,0,0,0,0,0,0,2001-01-10,2014-01-11,2001,2014,DATE
POLITICS.POLITICS__ST_NYC_CFB_CAMPAIGN_2013_CONTRIBUTION,_INGESTED_AT,197968,197968,197968,day,True,,False,True,0,0,0,0,0,0,2026-08-08 01:53:18.818,2026-08-08 01:53:18.818,2026,2026,TIMESTAMP_NTZ
HEALTH.HEALTH__FED_CMS_NURSING_HOME_FIRE_DEFICIENCIES,SURVEY_DATE,200030,200030,200030,day,True,,False,False,0,0,0,0,0,0,2016-07-28,2026-05-21,2016,2026,DATE
HEALTH.HEALTH__FED_CMS_NURSING_HOME_FIRE_DEFICIENCIES,CORRECTION_DATE,200030,198424,198424,day,True,,False,False,0,0,0,0,0,0,2016-01-15,2027-05-30,2016,2027,DATE
HEALTH.HEALTH__FED_CMS_NURSING_HOME_FIRE_DEFICIENCIES,INSPECTION_CYCLE,200030,200030,0,none,False,,False,False,0,0,0,0,0,0,,,,,TEXT
HEALTH.HEALTH__FED_CMS_NURSING_HOME_FIRE_DEFICIENCIES,PROCESSING_DATE,200030,200030,200030,day,True,,False,False,0,0,0,0,0,0,2026-06-01,2026-06-01,2026,2026,DATE
EPSTEIN.FCT_WAYBACK_PAGE_CHANGES,CAPTURED_AT,203305,203305,203305,day,True,,False,False,0,0,0,0,0,0,2025-12-19 21:13:27.000,2026-06-04 07:27:53.000,2025,2026,TIMESTAMP_NTZ
EPSTEIN.FCT_WAYBACK_PAGE_CHANGES,PREV_CAPTURED_AT,203305,175119,175119,day,True,,False,False,0,0,0,0,0,0,2025-12-19 21:14:48.000,2026-06-03 05:51:45.000,2025,2026,TIMESTAMP_NTZ
EPSTEIN.FCT_WAYBACK_PAGE_CHANGES,HOURS_SINCE_PREV_CAPTURE,203305,175119,0,year,True,year_only,False,False,0,0,0,0,0,0,,,1708,1899,NUMBER
POLITICS.POLITICS__CA_LOBBY_COVER2,_INGESTED_AT,206493,206493,206493,day,True,,False,True,0,0,0,0,0,0,2026-08-05 21:36:55.640,2026-08-05 21:36:55.640,2026,2026,TIMESTAMP_NTZ
REFERENCE.REFERENCE__FED_ITIS_NODC_IDS,UPDATE_DATE,209565,209565,209565,day,True,,False,False,0,0,0,0,0,0,1996-06-24,1997-03-10,1996,1997,DATE
REFERENCE.REFERENCE__FED_ITIS_NODC_IDS,_LOADED_AT,209565,209565,209565,day,True,,False,True,0,0,0,0,0,0,2026-08-08 04:44:10.570,2026-08-08 04:44:10.570,2026,2026,TIMESTAMP_NTZ
POLITICS.POLITICS__TX_LOBBY_SUBJECT_MATTER,APPLICABLEYEAR,209957,209957,0,year,True,year_only,False,False,0,0,0,0,0,0,,,1999,2026,TEXT
POLITICS.POLITICS__TX_LOBBY_SUBJECT_MATTER,DUEDT,209957,209957,209957,day,True,,True,False,0,0,0,0,0,0,1999-09-10,2027-04-12,1999,2027,DATE
POLITICS.POLITICS__TX_LOBBY_SUBJECT_MATTER,RECEIVEDDT,209957,209957,209957,day,True,,False,False,0,0,0,0,0,0,2001-01-10,2026-08-04,2001,2026,DATE
POLITICS.POLITICS__TX_LOBBY_SUBJECT_MATTER,PERIODSTARTDT,209957,209939,209939,day,True,,False,False,0,0,0,0,0,0,1999-08-01,2026-07-01,1999,2026,DATE
POLITICS.POLITICS__TX_LOBBY_SUBJECT_MATTER,PERIODENDDT,209957,209957,209957,day,True,,True,False,0,0,0,0,0,0,1999-08-31,2026-12-31,1999,2026,DATE
POLITICS.POLITICS__TX_LOBBY_SUBJECT_MATTER,_INGESTED_AT,209957,209957,209957,day,True,,False,True,0,0,0,0,0,0,2026-08-05 21:30:57.533,2026-08-05 21:30:57.533,2026,2026,TIMESTAMP_NTZ
ECONOMICS.ECONOMICS__INTL_IT_ISTAT,DATE,213284,213284,213284,day,True,,False,False,0,0,0,0,0,0,2020-01-01,2023-01-01,2020,2023,DATE
ECONOMICS.ECONOMICS__INTL_IT_ISTAT,OBS_YEAR,213284,213284,0,year,True,year_only,False,False,0,0,0,0,0,0,,,2020,2023,NUMBER
ECONOMICS.ECONOMICS__INTL_IT_ISTAT,OBS_MONTH,213284,213284,0,none,False,,False,False,0,0,0,0,0,0,,,,,NUMBER
ECONOMICS.ECONOMICS__INTL_IT_ISTAT,OBS_QUARTER,213284,213284,0,none,False,,False,False,0,0,0,0,0,0,,,,,NUMBER
ECONOMICS.ECONOMICS__INTL_IT_ISTAT,_INGESTED_AT,213284,213284,213284,day,True,,False,True,0,0,0,0,0,0,2026-06-18 02:38:14.345,2026-06-18 02:38:14.345,2026,2026,TIMESTAMP_NTZ
REFERENCE.REFERENCE__FED_ITIS_TAXON_AUTHORS_LKP,UPDATE_DATE,214445,214445,214445,day,True,,False,False,0,0,0,0,0,0,1996-06-13,2026-07-28,1996,2026,DATE
REFERENCE.REFERENCE__FED_ITIS_TAXON_AUTHORS_LKP,_LOADED_AT,214445,214445,214445,day,True,,False,True,0,0,0,0,0,0,2026-08-08 04:44:10.570,2026-08-08 04:44:10.570,2026,2026,TIMESTAMP_NTZ
REFERENCE.REFERENCE__FED_ITIS_STRIPPEDAUTHOR,_LOADED_AT,214445,214445,214445,day,True,,False,True,0,0,0,0,0,0,2026-08-08 04:44:10.570,2026-08-08 04:44:10.570,2026,2026,TIMESTAMP_NTZ
SCIENCE_RESEARCH.SCIENCE_RESEARCH__FED_SBIR_STTR_AWARDS,AWARD_YEAR,219503,219503,0,year,True,year_only,False,False,0,0,0,0,0,0,,,1983,2026,NUMBER
SCIENCE_RESEARCH.SCIENCE_RESEARCH__FED_SBIR_STTR_AWARDS,PROPOSAL_AWARD_DATE,219503,112951,112951,day,True,,False,False,0,0,0,0,0,0,1905-07-01,2026-12-20,1905,2026,DATE
SCIENCE_RESEARCH.SCIENCE_RESEARCH__FED_SBIR_STTR_AWARDS,CONTRACT_END_DATE,219503,107932,107930,day,True,,True,False,0,0,0,0,0,2,1905-07-02,2032-09-12,1905,2032,DATE
SCIENCE_RESEARCH.SCIENCE_RESEARCH__FED_SBIR_STTR_AWARDS,SOLICITATION_YEAR,219503,133161,0,year,True,year_only,False,False,0,0,0,0,0,0,,,1985,2025,NUMBER
SCIENCE_RESEARCH.SCIENCE_RESEARCH__FED_SBIR_STTR_AWARDS,SOLICITATION_CLOSE_DATE,219503,82241,82241,day,True,,True,False,0,0,0,0,0,0,1989-01-01,2025-11-05,1989,2025,DATE
SCIENCE_RESEARCH.SCIENCE_RESEARCH__FED_SBIR_STTR_AWARDS,PROPOSAL_RECEIPT_DATE,219503,65874,65873,day,True,,False,False,1,0,0,0,1,0,1987-01-01,2025-10-17,1987,2025,DATE
SCIENCE_RESEARCH.SCIENCE_RESEARCH__FED_SBIR_STTR_AWARDS,DATE_OF_NOTIFICATION,219503,88075,88075,day,True,,False,False,0,0,0,0,0,0,1900-02-01,2025-11-03,1900,2025,DATE
SCIENCE_RESEARCH.SCIENCE_RESEARCH__FED_SBIR_STTR_AWARDS,_INGESTED_AT,219503,219503,219503,day,True,,False,True,0,0,0,0,0,0,2026-08-07 20:21:14.696,2026-08-07 20:21:14.696,2026,2026,TIMESTAMP_NTZ
TRANSPORT.TRANSPORT__FED_FRA_EQUIPMENT_ACCIDENTS,YEAR,224941,224941,0,year,True,year_only,False,False,0,0,0,0,0,0,,,1975,2026,TEXT
TRANSPORT.TRANSPORT__FED_FRA_EQUIPMENT_ACCIDENTS,ACCIDENT_YEAR,224941,224941,0,none,False,,False,False,0,0,0,0,0,0,,,,,TEXT
TRANSPORT.TRANSPORT__FED_FRA_EQUIPMENT_ACCIDENTS,ACCIDENT_MONTH,224941,224941,0,none,False,,False,False,0,0,0,0,0,0,,,,,TEXT
TRANSPORT.TRANSPORT__FED_FRA_EQUIPMENT_ACCIDENTS,OTHER_ACCIDENT_YEAR,224941,19519,0,none,False,,False,False,0,0,0,0,0,0,,,,,TEXT
TRANSPORT.TRANSPORT__FED_FRA_EQUIPMENT_ACCIDENTS,OTHER_ACCIDENT_MONTH,224941,19519,0,none,False,,False,False,0,0,0,0,0,0,,,,,TEXT
TRANSPORT.TRANSPORT__FED_FRA_EQUIPMENT_ACCIDENTS,MAINTENANCE_ACCIDENT_YEAR,224941,224940,0,none,False,,False,False,0,0,0,0,0,0,,,,,TEXT
TRANSPORT.TRANSPORT__FED_FRA_EQUIPMENT_ACCIDENTS,MAINTENANCE_ACCIDENT_MONTH,224941,224940,0,none,False,,False,False,0,0,0,0,0,0,,,,,TEXT
TRANSPORT.TRANSPORT__FED_FRA_EQUIPMENT_ACCIDENTS,DAY,224941,224941,0,none,False,,False,False,0,0,0,0,0,0,,,,,TEXT
TRANSPORT.TRANSPORT__FED_FRA_EQUIPMENT_ACCIDENTS,DATE,224941,224940,224940,day,True,,False,False,0,0,0,0,0,0,1975-01-01,2026-05-31,1975,2026,DATE
TRANSPORT.TRANSPORT__FED_FRA_EQUIPMENT_ACCIDENTS,TIME,224941,224941,0,none,False,,False,False,0,0,0,0,0,0,,,,,TEXT
TRANSPORT.TRANSPORT__FED_FRA_EQUIPMENT_ACCIDENTS,HEAD_END_LOCOMOTIVES,224941,224941,0,none,False,,True,False,0,0,0,0,0,0,,,,,TEXT
TRANSPORT.TRANSPORT__FED_FRA_EQUIPMENT_ACCIDENTS,REAR_END_MANUAL_LOCOMOTIVES,224941,224941,0,none,False,,True,False,0,0,0,0,0,0,,,,,TEXT
JUSTICE.JUSTICE__FED_FBI_CDE,MONTH_DATE,238680,238680,238680,day,True,,False,False,0,0,0,0,0,0,1985-01-01,2023-12-01,1985,2023,DATE
JUSTICE.JUSTICE__FED_FBI_CDE,MONTH,238680,238680,0,none,False,,False,False,0,0,0,0,0,0,,,,,TEXT
JUSTICE.JUSTICE__FED_FBI_CDE,_INGESTED_AT,238680,238680,238680,day,True,,False,True,0,0,0,0,0,0,2026-08-09 19:04:37.430,2026-08-09 19:04:37.430,2026,2026,TIMESTAMP_NTZ
CONSUMER_SAFETY.CONSUMER_SAFETY__FED_NHTSA_RECALLS,MODEL_YEAR,242993,242993,0,year,True,year_only,False,False,0,0,0,0,0,0,,,1965,2027,TEXT
CONSUMER_SAFETY.CONSUMER_SAFETY__FED_NHTSA_RECALLS,BEGIN_MANUFACTURE_DATE,242993,81509,81499,day,True,,False,False,17,0,7,0,6,4,1900-01-01,2026-06-25,1900,2026,DATE
CONSUMER_SAFETY.CONSUMER_SAFETY__FED_NHTSA_RECALLS,END_MANUFACTURE_DATE,242993,81328,81316,day,True,,True,False,12,0,7,0,5,7,1900-01-01,2029-01-09,1900,2029,DATE
CONSUMER_SAFETY.CONSUMER_SAFETY__FED_NHTSA_RECALLS,NOTIFICATION_DATE,242993,239027,238960,day,True,,False,False,67,0,0,0,67,0,1980-12-31,2027-08-16,1980,2027,DATE
CONSUMER_SAFETY.CONSUMER_SAFETY__FED_NHTSA_RECALLS,_LOADED_AT,242993,242993,242993,day,True,,False,True,0,0,0,0,0,0,2026-07-24 00:44:13.000,2026-07-24 00:44:13.000,2026,2026,TIMESTAMP_NTZ
ENVIRONMENT.ENVIRONMENT__FED_FRACFOCUS_DISCLOSURE_LIST,JOB_START_DATE,248835,0,0,none,False,,False,False,0,0,0,0,0,0,,,,,DATE
ENVIRONMENT.ENVIRONMENT__FED_FRACFOCUS_DISCLOSURE_LIST,JOB_END_DATE,248835,0,0,none,False,,True,False,0,0,0,0,0,0,,,,,DATE
TRANSPORT.TRANSPORT__FED_FRA_CROSSING_INCIDENTS,REPORT_YEAR,251149,251149,0,year,True,year_only,False,False,0,0,0,0,0,0,,,1975,2026,TEXT
TRANSPORT.TRANSPORT__FED_FRA_CROSSING_INCIDENTS,INCIDENT_YEAR,251149,251149,0,none,False,,False,False,0,0,0,0,0,0,,,,,TEXT
TRANSPORT.TRANSPORT__FED_FRA_CROSSING_INCIDENTS,INCIDENT_MONTH,251149,251149,0,none,False,,False,False,0,0,0,0,0,0,,,,,TEXT
TRANSPORT.TRANSPORT__FED_FRA_CROSSING_INCIDENTS,OTHER_INCIDENT_YEAR,251149,4566,0,none,False,,False,False,0,0,0,0,0,0,,,,,TEXT
TRANSPORT.TRANSPORT__FED_FRA_CROSSING_INCIDENTS,OTHER_INCIDENT_MONTH,251149,4566,0,none,False,,False,False,0,0,0,0,0,0,,,,,TEXT
TRANSPORT.TRANSPORT__FED_FRA_CROSSING_INCIDENTS,MAINTENANCE_INCIDENT_YEAR,251149,231753,0,none,False,,False,False,0,0,0,0,0,0,,,,,TEXT
TRANSPORT.TRANSPORT__FED_FRA_CROSSING_INCIDENTS,MAINTENANCE_INCIDENT_MONTH,251149,231753,0,none,False,,False,False,0,0,0,0,0,0,,,,,TEXT
TRANSPORT.TRANSPORT__FED_FRA_CROSSING_INCIDENTS,DATE,251149,251139,251139,day,True,,False,False,0,0,0,0,0,0,1975-01-01,2026-05-31,1975,2026,DATE
TRANSPORT.TRANSPORT__FED_FRA_CROSSING_INCIDENTS,MONTH,251149,251149,0,none,False,,False,False,0,0,0,0,0,0,,,,,TEXT
TRANSPORT.TRANSPORT__FED_FRA_CROSSING_INCIDENTS,DAY,251149,251149,0,none,False,,False,False,0,0,0,0,0,0,,,,,TEXT
TRANSPORT.TRANSPORT__FED_FRA_CROSSING_INCIDENTS,TIME,251149,251149,0,none,False,,False,False,0,0,0,0,0,0,,,,,TEXT
TRANSPORT.TRANSPORT__FED_FRA_CROSSING_INCIDENTS,USER_AGE,251149,70459,0,none,False,,False,False,0,0,0,0,0,0,,,,,NUMBER
POLITICS.POLITICS__ST_NYC_CFB_CAMPAIGN_2025_CONTRIBUTIONS,ELECTION_CYCLE,259537,259537,0,year,True,year_only,False,False,0,0,0,0,0,0,,,2025,2025,TEXT
POLITICS.POLITICS__ST_NYC_CFB_CAMPAIGN_2025_CONTRIBUTIONS,CANDIDATE_CLASS,259537,257731,0,none,False,,False,False,0,0,0,0,0,0,,,,,TEXT
POLITICS.POLITICS__ST_NYC_CFB_CAMPAIGN_2025_CONTRIBUTIONS,CONTRIBUTION_DATE,259537,259480,259480,day,True,,False,False,0,0,0,0,0,0,2014-07-31,2025-11-27,2014,2025,DATE
POLITICS.POLITICS__ST_NYC_CFB_CAMPAIGN_2025_CONTRIBUTIONS,REFUND_DATE,259537,3608,3608,day,True,,False,False,0,0,0,0,0,0,2022-03-25,2025-11-27,2022,2025,DATE
POLITICS.POLITICS__ST_NYC_CFB_CAMPAIGN_2025_CONTRIBUTIONS,_INGESTED_AT,259537,259537,259537,day,True,,False,True,0,0,0,0,0,0,2026-08-08 01:53:18.818,2026-08-08 01:53:18.818,2026,2026,TIMESTAMP_NTZ
FINANCE.FINANCE__FED_EPA_ICIS_FEC_ICIS_FEC_EPA_INSPECTIONS,ACTUAL_BEGIN_DATE,260556,260483,260480,day,True,,False,False,3,0,0,0,3,0,1958-05-30,2026-07-24,1958,2026,DATE
FINANCE.FINANCE__FED_EPA_ICIS_FEC_ICIS_FEC_EPA_INSPECTIONS,ACTUAL_END_DATE,260556,252235,252234,day,True,,True,False,1,0,0,0,1,0,1986-07-08,2026-07-24,1986,2026,DATE
FINANCE.FINANCE__FED_FEC_INDEPENDENT_EXPENDITURES,EXP_DATE,261033,261033,0,none,False,,False,False,0,0,0,0,0,0,,,,,TEXT
FINANCE.FINANCE__FED_FEC_INDEPENDENT_EXPENDITURES,FEC_ELECTION_YR,261033,261033,0,year,True,year_only,False,False,0,0,0,0,0,0,,,2018,2024,TEXT
FINANCE.FINANCE__FED_FEC_INDEPENDENT_EXPENDITURES,DISSEM_DT,261033,261033,0,none,False,,False,False,0,0,0,0,0,0,,,,,TEXT
HEALTH.HEALTH__FED_FDA_ESTABLISHMENT_REG,REG_EXPIRY_DATE_YEAR,263374,263374,0,year,True,year_only,True,False,0,0,0,0,0,0,,,2026,2026,TEXT
HEALTH.HEALTH__FED_FDA_ESTABLISHMENT_REG,_INGESTED_AT,263374,263374,263374,day,True,,False,True,0,0,0,0,0,0,2026-08-05 21:43:33.000,2026-08-05 21:43:33.000,2026,2026,TIMESTAMP_NTZ
LABOR.LABOR__FED_MSHA_ACCIDENTS,ACCIDENT_DATE,273623,273623,273623,day,True,,False,False,0,0,0,0,0,0,2000-01-01,2026-07-14,2000,2026,DATE
LABOR.LABOR__FED_MSHA_ACCIDENTS,CAL_YR,273623,273623,0,year,True,year_only,False,False,0,0,0,0,0,0,,,2000,2026,NUMBER
LABOR.LABOR__FED_MSHA_ACCIDENTS,DAYS_LOST,273623,226711,0,year,True,year_only,False,False,0,0,0,0,0,0,,,1980,1980,NUMBER
LABOR.LABOR__FED_MSHA_ACCIDENTS,DAYS_RESTRICT,273623,211205,0,year,False,year_only,False,False,0,0,0,0,0,0,,,,,NUMBER
LABOR.LABOR__FED_MSHA_ACCIDENTS,_LOADED_AT,273623,273623,273623,day,True,,False,True,0,0,0,0,0,0,2026-07-24 00:47:40.000,2026-07-24 00:47:40.000,2026,2026,TIMESTAMP_NTZ
_RESTORE_20260731.JUSTICE__FED_MSHA_ACCIDENTS,ACCIDENT_DT,273623,273623,0,none,False,,False,False,0,0,0,0,0,0,,,,,TEXT
_RESTORE_20260731.JUSTICE__FED_MSHA_ACCIDENTS,CAL_YR,273623,273623,0,year,True,year_only,False,False,0,0,0,0,0,0,,,2000,2026,TEXT
_RESTORE_20260731.JUSTICE__FED_MSHA_ACCIDENTS,CAL_QTR,273623,273623,0,none,False,,False,False,0,0,0,0,0,0,,,,,TEXT
_RESTORE_20260731.JUSTICE__FED_MSHA_ACCIDENTS,FISCAL_YR,273623,273623,0,year,True,year_only,False,False,0,0,0,0,0,0,,,2000,2026,TEXT
_RESTORE_20260731.JUSTICE__FED_MSHA_ACCIDENTS,FISCAL_QTR,273623,273623,0,none,False,,False,False,0,0,0,0,0,0,,,,,TEXT
_RESTORE_20260731.JUSTICE__FED_MSHA_ACCIDENTS,ACCIDENT_TIME,273623,273623,0,none,False,,False,False,0,0,0,0,0,0,,,,,TEXT
_RESTORE_20260731.JUSTICE__FED_MSHA_ACCIDENTS,SHIFT_BEGIN_TIME,273623,273623,0,none,False,,False,False,0,0,0,0,0,0,,,,,TEXT
_RESTORE_20260731.JUSTICE__FED_MSHA_ACCIDENTS,DAYS_RESTRICT,273623,273623,0,none,False,,False,False,0,0,0,0,0,0,,,,,TEXT
_RESTORE_20260731.JUSTICE__FED_MSHA_ACCIDENTS,DAYS_LOST,273623,273623,0,none,False,,False,False,0,0,0,0,0,0,,,,,TEXT
_RESTORE_20260731.JUSTICE__FED_MSHA_ACCIDENTS,TRANS_TERM,273623,273623,0,none,False,,True,False,0,0,0,0,0,0,,,,,TEXT
_RESTORE_20260731.JUSTICE__FED_MSHA_ACCIDENTS,RETURN_TO_WORK_DT,273623,273623,0,none,False,,False,False,0,0,0,0,0,0,,,,,TEXT
_RESTORE_20260731.JUSTICE__FED_MSHA_ACCIDENTS,INVEST_BEGIN_DT,273623,273623,0,none,False,,False,False,0,0,0,0,0,0,,,,,TEXT
ECONOMICS.ECONOMICS__INTL_FAO_FAOSTAT_FOOD_SECURITY,YEAR_CODE,279470,279470,0,year,True,year_only,False,False,0,0,0,0,0,0,,,2000,2025,TEXT
ECONOMICS.ECONOMICS__INTL_FAO_FAOSTAT_FOOD_SECURITY,YEAR,279470,144366,0,year,True,year_only,False,False,0,0,0,0,0,0,,,2000,2025,NUMBER
POLITICS.POLITICS__TX_LOBBY_COVER,APPLICABLE_YEAR,283803,283803,0,year,True,year_only,False,False,0,0,0,0,0,0,,,1991,2026,TEXT
POLITICS.POLITICS__TX_LOBBY_COVER,DUE_DT,283803,283803,283803,day,True,,True,False,0,0,0,0,0,0,1992-01-03,2027-04-12,1992,2027,DATE
POLITICS.POLITICS__TX_LOBBY_COVER,RECEIVED_DT,283803,283803,283803,day,True,,False,False,0,0,0,0,0,0,1988-08-10,2026-08-04,1988,2026,DATE
POLITICS.POLITICS__TX_LOBBY_COVER,PERIOD_START_DT,283803,244662,244662,day,True,,False,False,0,0,0,0,0,0,1991-10-01,2026-12-01,1991,2026,DATE
POLITICS.POLITICS__TX_LOBBY_COVER,PERIOD_END_DT,283803,244670,244668,day,True,,True,False,2,0,0,0,2,0,1991-12-31,2026-12-31,1991,2026,DATE
POLITICS.POLITICS__TX_LOBBY_COVER,FILED_DT,283803,283802,283802,day,True,,False,False,0,0,0,0,0,0,1988-08-10,2026-08-04,1988,2026,DATE
EDUCATION.EDUCATION__FED_CFTC_COT_FUTURES,AS_OF_DATE_IN_FORM_YYMMDD,287053,287053,287053,day,True,,False,False,0,0,0,0,0,0,1986-01-15,2026-08-04,1986,2026,DATE
EDUCATION.EDUCATION__FED_CFTC_COT_FUTURES,AS_OF_DATE_IN_FORM_YYYY_MM_DD,287053,287053,287053,day,True,,False,False,0,0,0,0,0,0,1986-01-15,2026-08-04,1986,2026,DATE
EDUCATION.EDUCATION__FED_GOOGLE_POLADS_ADVERTISER_WEEKLY_SPEND,ELECTION_CYCLE,298884,0,0,none,False,,False,False,0,0,0,0,0,0,,,,,NUMBER
EDUCATION.EDUCATION__FED_GOOGLE_POLADS_ADVERTISER_WEEKLY_SPEND,WEEK_START_DATE,298884,298884,298884,day,True,,False,False,0,0,0,0,0,0,2018-05-27,2026-08-02,2018,2026,DATE
ENVIRONMENT.ENVIRONMENT__FED_USGS_MINERALS,YEAR,304632,0,0,none,False,,False,False,0,0,0,0,0,0,,,,,NUMBER
ENVIRONMENT.ENVIRONMENT__FED_USGS_MINERALS,YR_FST_PRD,304632,304632,0,year,True,year_only,False,False,0,0,0,0,0,0,,,1700,2007,TEXT
ENVIRONMENT.ENVIRONMENT__FED_USGS_MINERALS,YR_LST_PRD,304632,304632,0,year,True,year_only,False,False,0,0,0,0,0,0,,,1760,2013,TEXT
ENVIRONMENT.ENVIRONMENT__FED_USGS_MINERALS,DISC_YR,304632,304632,0,year,True,year_only,False,False,0,0,0,0,0,0,,,1700,2002,TEXT
ENVIRONMENT.ENVIRONMENT__FED_EPA_NPDES_NPDES_SE_VIOLATIONS,SINGLE_EVENT_VIOLATION_DATE,305478,305478,305478,day,True,,False,False,0,0,0,0,0,0,1976-07-01,2026-07-30,1976,2026,DATE
ENVIRONMENT.ENVIRONMENT__FED_EPA_NPDES_NPDES_SE_VIOLATIONS,SINGLE_EVENT_END_DATE,305478,275211,275211,day,True,,True,False,0,0,0,0,0,0,1976-07-01,2026-07-31,1976,2026,DATE
ENVIRONMENT.ENVIRONMENT__FED_EPA_NPDES_NPDES_SE_VIOLATIONS,RNC_DETECTION_DATE,305478,77458,77458,day,True,,False,False,0,0,0,0,0,0,1979-05-01,2026-07-31,1979,2026,DATE
ENVIRONMENT.ENVIRONMENT__FED_EPA_NPDES_NPDES_SE_VIOLATIONS,RNC_RESOLUTION_DATE,305478,77458,77458,day,True,,False,False,0,0,0,0,0,0,1984-08-10,2026-07-31,1984,2026,DATE
TRANSPORT.TRANSPORT__FED_FAA_REGISTRY,YEAR_MFR,314417,314417,0,year,True,year_only,False,False,0,0,0,0,0,0,,,1909,2026,TEXT
TRANSPORT.TRANSPORT__FED_FAA_REGISTRY,LAST_ACTION_DATE,314417,314417,314417,day,True,,False,False,0,0,0,0,0,0,1970-08-17,1970-08-23,1970,1970,DATE
TRANSPORT.TRANSPORT__FED_FAA_REGISTRY,CERT_ISSUE_DATE,314417,306526,306526,day,True,,False,False,0,0,0,0,0,0,1970-08-13,1970-08-23,1970,1970,DATE
TRANSPORT.TRANSPORT__FED_FAA_REGISTRY,AIR_WORTH_DATE,314417,272438,272438,day,True,,False,False,0,0,0,0,0,0,1970-08-11,1970-08-23,1970,1970,DATE
TRANSPORT.TRANSPORT__FED_FAA_REGISTRY,EXPIRATION_DATE,314417,306494,306494,day,True,,True,False,0,0,0,0,0,0,1970-08-22,1970-08-24,1970,1970,DATE
REFERENCE.REFERENCE__FED_ITIS_SYNONYM_LINKS,UPDATE_DATE,315254,315254,315254,day,True,,False,False,0,0,0,0,0,0,1996-06-24,2026-07-28,1996,2026,DATE
REFERENCE.REFERENCE__FED_ITIS_SYNONYM_LINKS,_LOADED_AT,315254,315254,315254,day,True,,False,True,0,0,0,0,0,0,2026-08-08 04:44:10.570,2026-08-08 04:44:10.570,2026,2026,TIMESTAMP_NTZ
TRANSPORT.TRANSPORT__FED_FAA_AIRCRAFT_REGISTRY,YEAR_MFR,315447,246050,0,year,True,year_only,False,False,0,0,0,0,0,0,,,1909,2026,NUMBER
TRANSPORT.TRANSPORT__FED_FAA_AIRCRAFT_REGISTRY,LAST_ACTION_DATE,315447,315447,315447,day,True,,False,False,0,0,0,0,0,0,1971-11-24,2026-08-07,1971,2026,DATE
TRANSPORT.TRANSPORT__FED_FAA_AIRCRAFT_REGISTRY,CERT_ISSUE_DATE,315447,307544,307544,day,True,,False,False,0,0,0,0,0,0,1940-12-26,2026-08-07,1940,2026,DATE
TRANSPORT.TRANSPORT__FED_FAA_AIRCRAFT_REGISTRY,AIRWORTHINESS_DATE,315447,272456,272456,day,True,,False,False,0,0,0,0,0,0,1920-12-09,2026-07-09,1920,2026,DATE
TRANSPORT.TRANSPORT__FED_FAA_AIRCRAFT_REGISTRY,EXPIRATION_DATE,315447,307510,307510,day,True,,True,False,0,0,0,0,0,0,2018-02-28,2033-08-31,2018,2033,DATE
TRANSPORT.TRANSPORT__FED_FAA_AIRCRAFT_REGISTRY,_INGESTED_AT,315447,315447,315447,day,True,,False,True,0,0,0,0,0,0,2026-08-09 18:20:26.108,2026-08-09 18:20:26.108,2026,2026,TIMESTAMP_NTZ
LABOR.LABOR__FED_OSHA_ITA_CASE_DETAIL_2025,NAICS_YEAR,330447,330447,0,year,True,year_only,False,False,0,0,0,0,0,0,,,2012,2022,TEXT
LABOR.LABOR__FED_OSHA_ITA_CASE_DETAIL_2025,DATE_OF_INCIDENT,330447,330447,330447,day,True,,False,False,0,0,0,0,0,0,2024-01-01,2025-12-31,2024,2025,DATE
LABOR.LABOR__FED_OSHA_ITA_CASE_DETAIL_2025,TIME_STARTED_WORK,330447,292655,0,none,False,,False,False,0,0,0,0,0,0,,,,,TEXT
LABOR.LABOR__FED_OSHA_ITA_CASE_DETAIL_2025,TIME_OF_INCIDENT,330447,298302,0,none,False,,False,False,0,0,0,0,0,0,,,,,TEXT
LABOR.LABOR__FED_OSHA_ITA_CASE_DETAIL_2025,TIME_UNKNOWN,330447,329921,0,none,False,,False,False,0,0,0,0,0,0,,,,,TEXT
LABOR.LABOR__FED_OSHA_ITA_CASE_DETAIL_2025,DATE_OF_DEATH,330447,0,0,none,False,,False,False,0,0,0,0,0,0,,,,,DATE
LABOR.LABOR__FED_OSHA_ITA_CASE_DETAIL_2025,CREATED_TIMESTAMP,330447,0,0,none,False,,False,False,0,0,0,0,0,0,,,,,TIMESTAMP_NTZ
LABOR.LABOR__FED_OSHA_ITA_CASE_DETAIL_2025,YEAR_OF_FILING,330447,330447,0,year,True,year_only,False,False,0,0,0,0,0,0,,,2025,2025,TEXT
FINANCE.FINANCE__FED_SEC_13F_SUBMISSIONS,FILING_DATE,336124,336124,336124,day,True,dd_mon_yyyy,False,False,0,0,0,0,0,0,2013-05-20,2026-05-29,,,TEXT
FINANCE.FINANCE__FED_SEC_13F_SUBMISSIONS,PERIODOFREPORT,336124,336124,336124,day,True,dd_mon_yyyy,False,False,0,0,0,0,0,0,1987-03-31,2026-03-31,,,TEXT
FINANCE.FINANCE__FED_SEC_13F_FILERS,REPORTCALENDARORQUARTER,344109,344109,344109,day,True,dd_mon_yyyy,True,False,1,0,1,0,0,0,1900-01-01,2026-03-31,,,TEXT
FINANCE.FINANCE__FED_SEC_13F_FILERS,CONFDENIEDEXPIRED,344109,0,0,none,False,,True,False,0,0,0,0,0,0,,,,,DATE
FINANCE.FINANCE__FED_SEC_13F_FILERS,DATEDENIEDEXPIRED,344109,1581,1581,day,True,,True,False,0,0,0,0,0,0,2012-10-01,2027-05-17,2012,2027,DATE
FINANCE.FINANCE__FED_SEC_13F_FILERS,DATEREPORTED,344109,1581,1581,day,True,dd_mon_yyyy,False,False,0,0,0,0,0,0,2007-02-06,2026-05-15,,,TEXT
ENVIRONMENT.ENVIRONMENT__FED_EPA_GHGRP_EMISSION,REPORTING_YEAR,346683,346683,0,year,True,year_only,False,False,0,0,0,0,0,0,,,2010,2023,NUMBER
HEALTH.HEALTH__FED_CMS_NADAC,EFFECTIVE_DATE,359514,359514,359514,day,True,,False,False,0,0,0,0,0,0,2022-11-23,2024-12-25,2022,2024,DATE
HEALTH.HEALTH__FED_CMS_NADAC,GENERIC_EFFECTIVE_DATE,359514,8994,8994,day,True,,False,False,0,0,0,0,0,0,2023-01-18,2024-12-25,2023,2024,DATE
HEALTH.HEALTH__FED_CMS_NADAC,AS_OF_DATE,359514,359514,359514,day,True,,False,False,0,0,0,0,0,0,2024-01-03,2024-12-25,2024,2024,DATE
POLITICS.POLITICS__BILL_COSPONSORS,SPONSORSHIP_DATE,367735,367735,367735,day,True,,False,False,0,0,0,0,0,0,2023-01-09,2026-06-25,2023,2026,DATE
POLITICS.POLITICS__BILL_COSPONSORS,SPONSORSHIP_WITHDRAWN_DATE,367735,650,650,day,True,,False,False,0,0,0,0,0,0,2023-01-11,2026-06-25,2023,2026,DATE
_RESTORE_20260731.POLITICS__FED_GOVINFO_BILL_COSPONSORS,SPONSORSHIP_DATE,367742,367742,367742,day,True,,False,False,0,0,0,0,0,0,2023-01-09,2026-06-25,2023,2026,DATE
_RESTORE_20260731.POLITICS__FED_GOVINFO_BILL_COSPONSORS,SPONSORSHIP_WITHDRAWN_DATE,367742,655,655,day,True,,False,False,0,0,0,0,0,0,2023-01-11,2026-06-25,2023,2026,DATE
ENERGY.ENERGY__INTL_EMBER_ELEC,DATE,369264,369264,369264,day,True,,False,False,0,0,0,0,0,0,2000-01-01,2025-01-01,2000,2025,DATE
ENERGY.ENERGY__INTL_EMBER_ELEC,YEAR,369264,369264,0,year,True,year_only,False,False,0,0,0,0,0,0,,,2000,2025,NUMBER
HEALTH.HEALTH__FED_CMS_MEDICARE_DURABLE_MEDICAL_EQUIPMENT_DEVICES_SUPPLIES_BY_REFER,BENE_AVG_AGE,381228,381228,0,none,False,,False,False,0,0,0,0,0,0,,,,,TEXT
HEALTH.HEALTH__FED_CMS_MEDICARE_DURABLE_MEDICAL_EQUIPMENT_DEVICES_SUPPLIES_BY_REFER,BENE_AGE_LT_65_CNT,381228,45790,0,none,False,,False,False,0,0,0,0,0,0,,,,,NUMBER
HEALTH.HEALTH__FED_CMS_MEDICARE_DURABLE_MEDICAL_EQUIPMENT_DEVICES_SUPPLIES_BY_REFER,BENE_AGE_65_74_CNT,381228,89204,0,year,True,year_only,False,False,0,0,0,0,0,0,,,1774,1774,NUMBER
HEALTH.HEALTH__FED_CMS_MEDICARE_DURABLE_MEDICAL_EQUIPMENT_DEVICES_SUPPLIES_BY_REFER,BENE_AGE_75_84_CNT,381228,80751,0,year,False,year_only,False,False,0,0,0,0,0,0,,,,,NUMBER
HEALTH.HEALTH__FED_CMS_MEDICARE_DURABLE_MEDICAL_EQUIPMENT_DEVICES_SUPPLIES_BY_REFER,BENE_AGE_GT_84_CNT,381228,38877,0,none,False,,False,False,0,0,0,0,0,0,,,,,NUMBER
LABOR.LABOR__FED_OSHA_ITA_300A_SUMMARY_2025,NAICS_YEAR,383283,383280,0,year,True,year_only,False,False,0,0,0,0,0,0,,,1801,2025,TEXT
LABOR.LABOR__FED_OSHA_ITA_300A_SUMMARY_2025,TOTAL_DAFW_DAYS,383283,383280,0,year,True,year_only,False,False,0,0,0,0,0,0,,,1706,2033,TEXT
LABOR.LABOR__FED_OSHA_ITA_300A_SUMMARY_2025,TOTAL_DJTR_DAYS,383283,383280,0,year,True,year_only,False,False,0,0,0,0,0,0,,,1701,2032,TEXT
LABOR.LABOR__FED_OSHA_ITA_300A_SUMMARY_2025,CREATED_TIMESTAMP,383283,383277,383277,day,True,,False,False,0,0,0,0,0,0,2026-01-01 00:00:00.000,2026-03-15 00:00:00.000,2026,2026,TIMESTAMP_NTZ
LABOR.LABOR__FED_OSHA_ITA_300A_SUMMARY_2025,YEAR_FILING_FOR,383283,383277,0,year,True,year_only,False,False,0,0,0,0,0,0,,,2025,2025,TEXT
ENVIRONMENT.ENVIRONMENT__FED_EPA_RCRA_ENFORCEMENTS,ENFORCEMENT_ACTION_DATE,383519,383519,383513,day,True,,False,False,6,0,0,0,6,0,1887-03-13,2026-07-31,1887,2026,DATE
JUSTICE.JUSTICE__INTL_UCDP_GED,YEAR,385918,385918,0,year,True,year_only,False,False,0,0,0,0,0,0,,,1989,2024,NUMBER
JUSTICE.JUSTICE__INTL_UCDP_GED,ACTIVE_YEAR,385918,385918,0,none,False,,False,False,0,0,0,0,0,0,,,,,TEXT
JUSTICE.JUSTICE__INTL_UCDP_GED,SOURCE_DATE,385918,211184,211171,day,True,,False,False,13,0,0,0,0,13,1989-01-05,2025-03-20,1989,2025,DATE
JUSTICE.JUSTICE__INTL_UCDP_GED,DATE_PREC,385918,385918,0,none,False,,False,False,0,0,0,0,0,0,,,,,NUMBER
JUSTICE.JUSTICE__INTL_UCDP_GED,DATE_START,385918,385918,385918,day,True,,False,False,0,0,0,0,0,0,1989-01-01,2024-12-31,1989,2024,DATE
JUSTICE.JUSTICE__INTL_UCDP_GED,DATE_END,385918,385918,385918,day,True,,True,False,0,0,0,0,0,0,1989-01-01,2024-12-31,1989,2024,DATE
ENVIRONMENT.ENVIRONMENT__FED_EPA_SDWA_SDWA_PN_VIOLATION_ASSOC,SUBMISSIONYEARQUARTER,387627,387627,0,quarter,True,year_quarter,False,False,0,0,0,0,0,0,,,2026,2026,TEXT
ENVIRONMENT.ENVIRONMENT__FED_EPA_SDWA_SDWA_PN_VIOLATION_ASSOC,COMPL_PER_BEGIN_DATE,387627,387627,387627,day,True,,False,False,0,0,0,0,0,0,1992-06-30,2026-05-10,1992,2026,DATE
ENVIRONMENT.ENVIRONMENT__FED_EPA_SDWA_SDWA_PN_VIOLATION_ASSOC,COMPL_PER_END_DATE,387627,352143,352143,day,True,,True,False,0,0,0,0,0,0,1992-09-30,2026-06-30,1992,2026,DATE
ENVIRONMENT.ENVIRONMENT__FED_EPA_SDWA_SDWA_PN_VIOLATION_ASSOC,NON_COMPL_PER_BEGIN_DATE,387627,387627,387627,day,True,,False,False,0,0,0,0,0,0,1992-06-30,2026-05-10,1992,2026,DATE
ENVIRONMENT.ENVIRONMENT__FED_EPA_SDWA_SDWA_PN_VIOLATION_ASSOC,NON_COMPL_PER_END_DATE,387627,380401,380401,day,True,,True,False,0,0,0,0,0,0,1950-01-01,2026-06-22,1950,2026,DATE
ENVIRONMENT.ENVIRONMENT__FED_EPA_SDWA_SDWA_PN_VIOLATION_ASSOC,FIRST_REPORTED_DATE,387627,387624,387624,day,True,,False,False,0,0,0,0,0,0,2002-02-16,2026-07-01,2002,2026,DATE
ENVIRONMENT.ENVIRONMENT__FED_EPA_SDWA_SDWA_PN_VIOLATION_ASSOC,LAST_REPORTED_DATE,387627,378773,378773,day,True,,False,False,0,0,0,0,0,0,2002-02-16,2026-07-01,2002,2026,DATE
ENVIRONMENT.ENVIRONMENT__FED_EPA_SDWA_SDWA_EVENTS_MILESTONES,SUBMISSIONYEARQUARTER,394075,394075,0,quarter,True,year_quarter,False,False,0,0,0,0,0,0,,,2026,2026,TEXT
ENVIRONMENT.ENVIRONMENT__FED_EPA_SDWA_SDWA_EVENTS_MILESTONES,EVENT_END_DATE,394075,222896,222896,day,True,,True,False,0,0,0,0,0,0,1993-09-27,2028-03-25,1993,2028,DATE
ENVIRONMENT.ENVIRONMENT__FED_EPA_SDWA_SDWA_EVENTS_MILESTONES,EVENT_ACTUAL_DATE,394075,394075,394074,day,True,,False,False,1,0,0,0,0,1,1991-07-01,2032-12-31,1991,2032,DATE
ENVIRONMENT.ENVIRONMENT__FED_EPA_SDWA_SDWA_EVENTS_MILESTONES,FIRST_REPORTED_DATE,394075,394075,394075,day,True,,False,False,0,0,0,0,0,0,2000-12-08,2026-07-01,2000,2026,DATE
ENVIRONMENT.ENVIRONMENT__FED_EPA_SDWA_SDWA_EVENTS_MILESTONES,LAST_REPORTED_DATE,394075,358480,358480,day,True,,False,False,0,0,0,0,0,0,2000-12-08,2026-07-01,2000,2026,DATE
LABOR.LABOR__FED_OSHA_ITA_300A_SUMMARY_2023,NAICS_YEAR,394234,391937,0,year,True,year_only,False,False,0,0,0,0,0,0,,,2012,2022,TEXT
LABOR.LABOR__FED_OSHA_ITA_300A_SUMMARY_2023,TOTAL_DAFW_DAYS,394234,394234,0,year,True,year_only,False,False,0,0,0,0,0,0,,,1700,2035,TEXT
LABOR.LABOR__FED_OSHA_ITA_300A_SUMMARY_2023,TOTAL_DJTR_DAYS,394234,394234,0,year,True,year_only,False,False,0,0,0,0,0,0,,,1700,2033,TEXT
LABOR.LABOR__FED_OSHA_ITA_300A_SUMMARY_2023,CREATED_TIMESTAMP,394234,394234,394234,day,True,,False,False,0,0,0,0,0,0,2024-01-01 00:00:00.000,2024-12-31 00:00:00.000,2024,2024,TIMESTAMP_NTZ
LABOR.LABOR__FED_OSHA_ITA_300A_SUMMARY_2023,YEAR_FILING_FOR,394234,394234,0,year,True,year_only,False,False,0,0,0,0,0,0,,,2023,2023,TEXT
ENVIRONMENT.ENVIRONMENT__FED_EPA_NPDES_NPDES_PS_VIOLATIONS,SCHEDULE_DATE,397615,397615,397615,day,True,,False,False,0,0,0,0,0,0,1974-03-30,2026-07-28,1974,2026,DATE
ENVIRONMENT.ENVIRONMENT__FED_EPA_NPDES_NPDES_PS_VIOLATIONS,RNC_DETECTION_DATE,397615,182274,182274,day,True,,False,False,0,0,0,0,0,0,1974-06-28,2026-07-31,1974,2026,DATE
ENVIRONMENT.ENVIRONMENT__FED_EPA_NPDES_NPDES_PS_VIOLATIONS,RNC_RESOLUTION_DATE,397615,182274,182274,day,True,,False,False,0,0,0,0,0,0,1974-07-01,2026-07-31,1974,2026,DATE
ENVIRONMENT.ENVIRONMENT__FED_EPA_NPDES_NPDES_PS_VIOLATIONS,ACTUAL_DATE,397615,331294,331294,day,True,,False,False,0,0,0,0,0,0,1974-05-06,2026-07-29,1974,2026,DATE
ENVIRONMENT.ENVIRONMENT__FED_EPA_NPDES_NPDES_PS_VIOLATIONS,REPORT_RECEIVED_DATE,397615,332314,332314,day,True,,False,False,0,0,0,0,0,0,1974-05-06,2026-07-29,1974,2026,DATE
LABOR.LABOR__FED_OSHA_ITA_300A_SUMMARY_2024,NAICS_YEAR,398620,398620,0,year,True,year_only,False,False,0,0,0,0,0,0,,,2012,2022,TEXT
LABOR.LABOR__FED_OSHA_ITA_300A_SUMMARY_2024,TOTAL_DAFW_DAYS,398620,398620,0,year,True,year_only,False,False,0,0,0,0,0,0,,,1700,2032,TEXT
LABOR.LABOR__FED_OSHA_ITA_300A_SUMMARY_2024,TOTAL_DJTR_DAYS,398620,398620,0,year,True,year_only,False,False,0,0,0,0,0,0,,,1700,2035,TEXT
LABOR.LABOR__FED_OSHA_ITA_300A_SUMMARY_2024,CREATED_TIMESTAMP,398620,398620,398620,day,True,,False,False,0,0,0,0,0,0,2025-01-01 00:00:00.000,2025-12-31 00:00:00.000,2025,2025,TIMESTAMP_NTZ
LABOR.LABOR__FED_OSHA_ITA_300A_SUMMARY_2024,YEAR_FILING_FOR,398620,398620,0,year,True,year_only,False,False,0,0,0,0,0,0,,,2024,2024,TEXT
CORPORATE_REGISTRY.CORPORATE_REGISTRY__FED_ICIJ_OFFSHORELEAKS_ADDRESSES,VALID_UNTIL,402246,401529,0,none,False,,True,False,0,0,0,0,0,0,,,,,TEXT
CORPORATE_REGISTRY.CORPORATE_REGISTRY__FED_ICIJ_OFFSHORELEAKS_ADDRESSES,_INGESTED_AT,402246,402246,0,none,False,,False,True,402246,0,0,402246,0,0,,,,,TIMESTAMP_NTZ
ECONOMICS.ECONOMICS__FED_FAC_SINGLE_AUDIT,AUDIT_YEAR,411638,411638,0,year,True,year_only,False,False,0,0,0,0,0,0,,,2016,2026,TEXT
ECONOMICS.ECONOMICS__FED_FAC_SINGLE_AUDIT,FY_START_DATE,411638,411638,411638,day,True,,False,False,0,0,0,0,0,0,2002-07-01,2026-06-29,2002,2026,DATE
ECONOMICS.ECONOMICS__FED_FAC_SINGLE_AUDIT,FY_END_DATE,411638,411638,411638,day,True,,True,False,0,0,0,0,0,0,2016-01-01,2026-06-30,2016,2026,DATE
ECONOMICS.ECONOMICS__FED_FAC_SINGLE_AUDIT,FAC_ACCEPTED_DATE,411638,411638,411638,day,True,,False,False,0,0,0,0,0,0,2016-07-17,2026-07-26,2016,2026,DATE
HEALTH.HEALTH__FED_CMS_NURSING_HOME_DEFICIENCIES,SURVEY_DATE,418479,418479,418479,day,True,,False,False,0,0,0,0,0,0,2017-03-23,2026-05-20,2017,2026,DATE
HEALTH.HEALTH__FED_CMS_NURSING_HOME_DEFICIENCIES,CORRECTION_DATE,418479,415956,415956,day,True,,False,False,0,0,0,0,0,0,2002-04-08,2026-06-29,2002,2026,DATE
HEALTH.HEALTH__FED_CMS_NURSING_HOME_DEFICIENCIES,INSPECTION_CYCLE,418479,418479,0,none,False,,False,False,0,0,0,0,0,0,,,,,TEXT
HEALTH.HEALTH__FED_CMS_NURSING_HOME_DEFICIENCIES,PROCESSING_DATE,418479,418479,418479,day,True,,False,False,0,0,0,0,0,0,2026-06-01,2026-06-01,2026,2026,DATE
IMMIGRATION.IMMIGRATION__FED_EPA_SDWA_SDWA_SERVICE_AREAS,SUBMISSIONYEARQUARTER,422464,422464,0,quarter,True,year_quarter,False,False,0,0,0,0,0,0,,,2026,2026,TEXT
IMMIGRATION.IMMIGRATION__FED_EPA_SDWA_SDWA_SERVICE_AREAS,FIRST_REPORTED_DATE,422464,89554,89554,day,True,,False,False,0,0,0,0,0,0,2005-10-27,2026-06-30,2005,2026,DATE
IMMIGRATION.IMMIGRATION__FED_EPA_SDWA_SDWA_SERVICE_AREAS,LAST_REPORTED_DATE,422464,421176,421176,day,True,,False,False,0,0,0,0,0,0,1995-07-22,2026-06-30,1995,2026,DATE
ENVIRONMENT.ENVIRONMENT__FED_EPA_SDWA_SDWA_PUB_WATER_SYSTEMS,SUBMISSIONYEARQUARTER,434040,434040,0,quarter,True,year_quarter,False,False,0,0,0,0,0,0,,,2026,2026,TEXT
ENVIRONMENT.ENVIRONMENT__FED_EPA_SDWA_SDWA_PUB_WATER_SYSTEMS,SEASON_BEGIN_DATE,434040,0,0,none,False,,False,False,0,0,0,0,0,0,,,,,DATE
ENVIRONMENT.ENVIRONMENT__FED_EPA_SDWA_SDWA_PUB_WATER_SYSTEMS,SEASON_END_DATE,434040,0,0,none,False,,True,False,0,0,0,0,0,0,,,,,DATE
ENVIRONMENT.ENVIRONMENT__FED_EPA_SDWA_SDWA_PUB_WATER_SYSTEMS,PWS_DEACTIVATION_DATE,434040,291116,291116,day,True,,False,False,64,64,0,0,0,0,1900-02-01,2026-06-30,1900,2026,DATE
ENVIRONMENT.ENVIRONMENT__FED_EPA_SDWA_SDWA_PUB_WATER_SYSTEMS,FIRST_REPORTED_DATE,434040,434040,434040,day,True,,False,False,0,0,0,0,0,0,1979-02-10,2026-06-30,1979,2026,DATE
ENVIRONMENT.ENVIRONMENT__FED_EPA_SDWA_SDWA_PUB_WATER_SYSTEMS,LAST_REPORTED_DATE,434040,433506,433506,day,True,,False,False,0,0,0,0,0,0,1995-07-22,2026-06-30,1995,2026,DATE
ENVIRONMENT.ENVIRONMENT__FED_EPA_SDWA_SDWA_PUB_WATER_SYSTEMS,SOURCE_PROTECTION_BEGIN_DATE,434040,16595,16595,day,True,,False,False,0,0,0,0,0,0,1986-12-31,2031-05-29,1986,2031,DATE
ENVIRONMENT.ENVIRONMENT__FED_EPA_SDWA_SDWA_PUB_WATER_SYSTEMS,OUTSTANDING_PERFORM_BEGIN_DATE,434040,4420,4420,day,True,,False,False,0,0,0,0,0,0,1987-01-01,2026-12-04,1987,2026,DATE
ENVIRONMENT.ENVIRONMENT__FED_EPA_SDWA_SDWA_PUB_WATER_SYSTEMS,REDUCED_MONITORING_BEGIN_DATE,434040,18734,18734,day,True,,False,False,0,0,0,0,0,0,1980-01-01,2026-06-09,1980,2026,DATE
ENVIRONMENT.ENVIRONMENT__FED_EPA_SDWA_SDWA_PUB_WATER_SYSTEMS,REDUCED_MONITORING_END_DATE,434040,697,697,day,True,,True,False,0,0,0,0,0,0,2016-04-01,2026-06-30,2016,2026,DATE
SCIENCE.SCIENCE__FED_USGS_EARTHQUAKES,TIME,443274,443274,443274,day,True,iso,False,False,0,0,0,0,0,0,2010-01-01,2026-06-13,,,TEXT
SCIENCE.SCIENCE__FED_USGS_EARTHQUAKES,UPDATED,443274,443274,443274,day,True,,False,False,0,0,0,0,0,0,2013-02-27,2026-06-28,2013,2026,DATE
POLITICS.POLITICS__ST_NYC_CFB_CAMPAIGN_2021_CONTRIBUTIONS,ELECTION_CYCLE,457521,457521,0,year,True,year_only,False,False,0,0,0,0,0,0,,,2021,2021,TEXT
POLITICS.POLITICS__ST_NYC_CFB_CAMPAIGN_2021_CONTRIBUTIONS,CANDIDATE_CLASS,457521,456831,0,none,False,,False,False,0,0,0,0,0,0,,,,,TEXT
POLITICS.POLITICS__ST_NYC_CFB_CAMPAIGN_2021_CONTRIBUTIONS,CONTRIBUTION_DATE,457521,457476,457476,day,True,,False,False,0,0,0,0,0,0,2011-03-11,2023-12-04,2011,2023,DATE
POLITICS.POLITICS__ST_NYC_CFB_CAMPAIGN_2021_CONTRIBUTIONS,REFUND_DATE,457521,8813,8813,day,True,,False,False,0,0,0,0,0,0,2017-11-30,2024-01-04,2017,2024,DATE
POLITICS.POLITICS__ST_NYC_CFB_CAMPAIGN_2021_CONTRIBUTIONS,_INGESTED_AT,457521,457521,457521,day,True,,False,True,0,0,0,0,0,0,2026-08-08 01:53:18.818,2026-08-08 01:53:18.818,2026,2026,TIMESTAMP_NTZ
ENVIRONMENT.ENVIRONMENT__FED_EPA_ICIS_AIR_ICIS_AIR_PROGRAMS,BEGIN_DATE,457581,457581,457580,day,True,,False,False,1,0,0,0,1,0,1940-01-03,2028-10-29,1940,2028,DATE
ENVIRONMENT.ENVIRONMENT__FED_EPA_ICIS_AIR_ICIS_AIR_PROGRAMS,UPDATED_DATE,457581,457581,457581,day,True,,False,False,0,0,0,0,0,0,2014-10-19,2026-07-31,2014,2026,DATE
ECONOMICS.ECONOMICS__FED_TREASURY_DTS_DEPOSITS,RECORD_DATE,478149,478149,478149,day,True,,False,False,0,0,0,0,0,0,2005-10-03,2026-08-07,2005,2026,DATE
ECONOMICS.ECONOMICS__FED_TREASURY_DTS_DEPOSITS,RECORD_FISCAL_YEAR,478149,478149,0,year,True,year_only,False,False,0,0,0,0,0,0,,,2006,2026,TEXT
ECONOMICS.ECONOMICS__FED_TREASURY_DTS_DEPOSITS,RECORD_FISCAL_QUARTER,478149,478149,0,none,False,,False,False,0,0,0,0,0,0,,,,,TEXT
ECONOMICS.ECONOMICS__FED_TREASURY_DTS_DEPOSITS,RECORD_CALENDAR_YEAR,478149,478149,0,year,True,year_only,True,False,0,0,0,0,0,0,,,2005,2026,TEXT
ECONOMICS.ECONOMICS__FED_TREASURY_DTS_DEPOSITS,RECORD_CALENDAR_QUARTER,478149,478149,0,none,False,,True,False,0,0,0,0,0,0,,,,,TEXT
ECONOMICS.ECONOMICS__FED_TREASURY_DTS_DEPOSITS,RECORD_CALENDAR_MONTH,478149,478149,0,none,False,,True,False,0,0,0,0,0,0,,,,,TEXT
ECONOMICS.ECONOMICS__FED_TREASURY_DTS_DEPOSITS,RECORD_CALENDAR_DAY,478149,478149,0,none,False,,True,False,0,0,0,0,0,0,,,,,TEXT
ENVIRONMENT.ENVIRONMENT__FED_EPA_NPDES_NPDES_INFORMAL_ENFORCEMENT_ACTIONS,ACHIEVED_DATE,478855,472529,472507,day,True,,False,False,22,0,0,0,19,3,1969-01-12,2029-06-24,1969,2029,DATE
REFERENCE.REFERENCE__FED_ITIS_GEOGRAPHIC_DIV,UPDATE_DATE,480351,480351,480351,day,True,,False,False,1,0,1,0,0,0,1900-01-01,2026-07-28,1900,2026,DATE
REFERENCE.REFERENCE__FED_ITIS_GEOGRAPHIC_DIV,_LOADED_AT,480351,480351,480351,day,True,,False,True,0,0,0,0,0,0,2026-08-08 04:44:10.570,2026-08-08 04:44:10.570,2026,2026,TIMESTAMP_NTZ
_RESTORE_20260731.UNCATEGORIZED__INT_GLEIF_RR,RELATIONSHIP_START_NODE_NODE_ID,481933,4087,0,none,False,,False,False,0,0,0,0,0,0,,,,,FLOAT
_RESTORE_20260731.UNCATEGORIZED__INT_GLEIF_RR,RELATIONSHIP_START_NODE_NODE_ID_TYPE,481933,0,0,none,False,,False,False,0,0,0,0,0,0,,,,,FLOAT
_RESTORE_20260731.UNCATEGORIZED__INT_GLEIF_RR,RELATIONSHIP_END_NODE_NODE_ID,481933,5514,0,none,False,,True,False,0,0,0,0,0,0,,,,,FLOAT
_RESTORE_20260731.UNCATEGORIZED__INT_GLEIF_RR,RELATIONSHIP_END_NODE_NODE_ID_TYPE,481933,0,0,none,False,,True,False,0,0,0,0,0,0,,,,,FLOAT
_RESTORE_20260731.UNCATEGORIZED__INT_GLEIF_RR,RELATIONSHIP_PERIOD_1_START_DATE,481933,0,0,none,False,,False,False,0,0,0,0,0,0,,,,,FLOAT
_RESTORE_20260731.UNCATEGORIZED__INT_GLEIF_RR,RELATIONSHIP_PERIOD_1_END_DATE,481933,0,0,none,False,,True,False,0,0,0,0,0,0,,,,,FLOAT
_RESTORE_20260731.UNCATEGORIZED__INT_GLEIF_RR,RELATIONSHIP_PERIOD_1_PERIOD_TYPE,481933,0,0,none,False,,False,False,0,0,0,0,0,0,,,,,FLOAT
_RESTORE_20260731.UNCATEGORIZED__INT_GLEIF_RR,RELATIONSHIP_PERIOD_2_START_DATE,481933,0,0,none,False,,False,False,0,0,0,0,0,0,,,,,FLOAT
_RESTORE_20260731.UNCATEGORIZED__INT_GLEIF_RR,RELATIONSHIP_PERIOD_2_END_DATE,481933,0,0,none,False,,True,False,0,0,0,0,0,0,,,,,FLOAT
_RESTORE_20260731.UNCATEGORIZED__INT_GLEIF_RR,RELATIONSHIP_PERIOD_2_PERIOD_TYPE,481933,0,0,none,False,,False,False,0,0,0,0,0,0,,,,,FLOAT
_RESTORE_20260731.UNCATEGORIZED__INT_GLEIF_RR,RELATIONSHIP_PERIOD_3_START_DATE,481933,0,0,none,False,,False,False,0,0,0,0,0,0,,,,,FLOAT
_RESTORE_20260731.UNCATEGORIZED__INT_GLEIF_RR,RELATIONSHIP_PERIOD_3_END_DATE,481933,0,0,none,False,,True,False,0,0,0,0,0,0,,,,,FLOAT
ECONOMICS.ECONOMICS__INTL_GLEIF_RELATIONSHIPS,RELATIONSHIP_PERIOD_1_STARTDATE,484142,483886,483841,day,True,iso,False,False,67,17,5,13,19,13,1832-02-18,2030-05-30,,,TEXT
ECONOMICS.ECONOMICS__INTL_GLEIF_RELATIONSHIPS,RELATIONSHIP_PERIOD_1_ENDDATE,484142,154164,153917,day,True,iso,True,False,44,0,0,44,0,203,1925-06-23,2035-12-31,,,TEXT
ECONOMICS.ECONOMICS__INTL_GLEIF_RELATIONSHIPS,RELATIONSHIP_PERIOD_1_PERIODTYPE,484142,484069,0,none,False,,False,False,0,0,0,0,0,0,,,,,TEXT
ECONOMICS.ECONOMICS__INTL_GLEIF_RELATIONSHIPS,RELATIONSHIP_PERIOD_2_STARTDATE,484142,296251,296222,day,True,iso,False,False,30,1,0,5,19,5,1824-01-01,2032-05-27,,,TEXT
ECONOMICS.ECONOMICS__INTL_GLEIF_RELATIONSHIPS,RELATIONSHIP_PERIOD_2_ENDDATE,484142,104732,103976,day,True,iso,True,False,68,0,0,67,1,688,1852-01-01,2035-12-31,,,TEXT
ECONOMICS.ECONOMICS__INTL_GLEIF_RELATIONSHIPS,RELATIONSHIP_PERIOD_2_PERIODTYPE,484142,296711,0,none,False,,False,False,0,0,0,0,0,0,,,,,TEXT
ECONOMICS.ECONOMICS__INTL_GLEIF_RELATIONSHIPS,RELATIONSHIP_PERIOD_3_STARTDATE,484142,73708,73695,day,True,iso,False,False,35,22,0,0,11,2,1823-12-04,2028-12-10,,,TEXT
ECONOMICS.ECONOMICS__INTL_GLEIF_RELATIONSHIPS,RELATIONSHIP_PERIOD_3_ENDDATE,484142,10026,9938,day,True,iso,True,False,8,0,0,8,0,80,2006-12-31,2035-12-31,,,TEXT
ECONOMICS.ECONOMICS__INTL_GLEIF_RELATIONSHIPS,RELATIONSHIP_PERIOD_3_PERIODTYPE,484142,73729,0,none,False,,False,False,0,0,0,0,0,0,,,,,TEXT
ECONOMICS.ECONOMICS__INTL_GLEIF_RELATIONSHIPS,RELATIONSHIP_PERIOD_4_STARTDATE,484142,0,0,none,False,,False,False,0,0,0,0,0,0,,,,,TEXT
ECONOMICS.ECONOMICS__INTL_GLEIF_RELATIONSHIPS,RELATIONSHIP_PERIOD_4_ENDDATE,484142,0,0,none,False,,True,False,0,0,0,0,0,0,,,,,TEXT
ECONOMICS.ECONOMICS__INTL_GLEIF_RELATIONSHIPS,RELATIONSHIP_PERIOD_4_PERIODTYPE,484142,0,0,none,False,,False,False,0,0,0,0,0,0,,,,,TEXT
ENVIRONMENT.ENVIRONMENT__FED_EPA_ICIS_AIR_ICIS_AIR_TITLEV_CERTS,ACTUAL_END_DATE,499113,493116,493105,day,True,,True,False,11,0,0,0,11,0,1916-02-25,2026-07-30,1916,2026,DATE
HEALTH.HEALTH__FED_CMS_QUALITY_PAYMENT_PROGRAM_EXPERIENCE,YEARS_IN_MEDICARE,503917,503917,0,none,False,,False,False,0,0,0,0,0,0,,,,,TEXT
HEALTH.HEALTH__FED_CMS_QUALITY_PAYMENT_PROGRAM_EXPERIENCE,RECEIVED_FACILITY_SCORE,503917,503917,0,none,False,,False,False,0,0,0,0,0,0,,,,,TEXT
FINANCE.FINANCE__FED_FATCA_FFI,_INGESTED_AT,516298,516298,516298,day,True,,False,True,0,0,0,0,0,0,2026-08-05 21:24:50.345,2026-08-05 21:24:50.345,2026,2026,TIMESTAMP_NTZ
POLITICS.POLITICS__CA_LOBBY_COVER,RPT_DATE,524828,524828,524690,day,True,,False,False,138,0,0,0,88,50,1724-01-01 00:00:00.000,2035-07-18 00:00:00.000,1724,2035,TIMESTAMP_NTZ
POLITICS.POLITICS__CA_LOBBY_COVER,FROM_DATE,524828,524816,524719,day,True,,False,False,97,0,0,0,61,36,1899-12-30 00:00:00.000,2033-07-01 00:00:00.000,1899,2033,TIMESTAMP_NTZ
POLITICS.POLITICS__CA_LOBBY_COVER,THRU_DATE,524828,524816,524650,day,True,,True,False,48,0,0,0,48,118,1899-12-30 00:00:00.000,2035-12-31 00:00:00.000,1899,2035,TIMESTAMP_NTZ
ENVIRONMENT.ENVIRONMENT__FED_EPA_SDWA_SDWA_GEOGRAPHIC_AREAS,SUBMISSIONYEARQUARTER,578198,578198,0,quarter,True,year_quarter,False,False,0,0,0,0,0,0,,,2026,2026,TEXT
ENVIRONMENT.ENVIRONMENT__FED_EPA_SDWA_SDWA_GEOGRAPHIC_AREAS,LAST_REPORTED_DATE,578198,578198,578198,day,True,,False,False,0,0,0,0,0,0,1995-07-22,2026-06-30,1995,2026,DATE
IMMIGRATION.IMMIGRATION__FED_ICE_DETAINERS,DETAINER_PREPARE_DATE,609769,609769,609769,day,True,,False,False,0,0,0,0,0,0,2022-10-01,2026-08-25,2022,2026,DATE
IMMIGRATION.IMMIGRATION__FED_ICE_DETAINERS,BIRTH_YEAR,609769,609729,0,year,True,year_only,False,False,0,0,0,0,0,0,,,1903,2025,NUMBER
IMMIGRATION.IMMIGRATION__FED_ICE_DETAINERS,ENTRY_DATE,609769,80943,80943,day,True,,False,False,0,0,0,0,0,0,1921-03-15,2026-03-11,1921,2026,DATE
IMMIGRATION.IMMIGRATION__FED_ICE_DETAINERS,MSC_CHARGE_DATE,609769,169660,169660,day,True,,False,False,0,0,0,0,0,0,1931-05-01,2026-03-09,1931,2026,DATE
IMMIGRATION.IMMIGRATION__FED_ICE_DETAINERS,MSC_CONVICTION_DATE,609769,169665,169665,day,True,,False,False,0,0,0,0,0,0,1968-06-14,2026-03-09,1968,2026,DATE
IMMIGRATION.IMMIGRATION__FED_ICE_DETAINERS,MSC_SENTENCE_DAYS,609769,54856,0,none,False,,False,False,0,0,0,0,0,0,,,,,NUMBER
IMMIGRATION.IMMIGRATION__FED_ICE_DETAINERS,MSC_SENTENCE_MONTHS,609769,40247,0,none,False,,False,False,0,0,0,0,0,0,,,,,NUMBER
IMMIGRATION.IMMIGRATION__FED_ICE_DETAINERS,MSC_SENTENCE_YEARS,609769,41012,0,none,False,,False,False,0,0,0,0,0,0,,,,,NUMBER
IMMIGRATION.IMMIGRATION__FED_ICE_DETAINERS,ARREST_TIME_CASE_CATEGORY,609769,85024,0,none,False,,False,False,0,0,0,0,0,0,,,,,TEXT
IMMIGRATION.IMMIGRATION__FED_ICE_DETAINERS,ARREST_TIME_CURRENT_PROGRAM,609769,152848,0,none,False,,False,False,0,0,0,0,0,0,,,,,TEXT
IMMIGRATION.IMMIGRATION__FED_ICE_DETAINERS,APPREHENSION_AT,609769,153241,153241,day,True,,False,False,0,0,0,0,0,0,1989-09-25 00:00:00.000,2027-01-12 19:40:04.000,1989,2027,TIMESTAMP_NTZ
IMMIGRATION.IMMIGRATION__FED_ICE_DETAINERS,FINAL_ORDER_DATE,609769,193330,193330,day,True,,False,False,0,0,0,0,0,0,1919-07-12,2026-03-10,1919,2026,DATE
LABOR.LABOR__FED_DOL_OLMS,REPORT_YEAR_RAW,617710,617710,0,year,True,year_only,False,False,0,0,0,0,0,0,,,2000,2026,TEXT
LABOR.LABOR__FED_DOL_OLMS,YEAR_COVERED,617710,617552,0,year,True,year_only,False,False,0,0,0,0,0,0,,,2000,2026,NUMBER
LABOR.LABOR__FED_DOL_OLMS,FISCAL_YEAR_END,617710,617708,0,none,False,,True,False,0,0,0,0,0,0,,,,,TEXT
LABOR.LABOR__FED_DOL_OLMS,PERIOD_COVERED_FROM,617710,617708,617708,day,True,,False,False,0,0,0,0,0,0,1999-01-01,2026-01-01,1999,2026,DATE
LABOR.LABOR__FED_DOL_OLMS,PERIOD_COVERED_TO,617710,617708,617708,day,True,,False,False,0,0,0,0,0,0,1970-01-03,2026-07-31,1970,2026,DATE
LABOR.LABOR__FED_DOL_OLMS,ESTABLISHED_DATE,617710,617630,617630,day,True,,False,False,0,0,0,0,0,0,1970-12-01,2026-06-18,1970,2026,DATE
LABOR.LABOR__FED_DOL_OLMS,TERMINATION_DATE,617710,167837,167810,day,True,,True,False,0,0,0,0,0,27,1970-01-04,2026-07-15,1970,2026,DATE
LABOR.LABOR__FED_DOL_OLMS,REGISTER_DATE,617710,617225,617225,day,True,,False,False,0,0,0,0,0,0,1999-04-10,2026-08-07,1999,2026,DATE
LABOR.LABOR__FED_DOL_OLMS,RECEIVE_DATE,617710,617552,617552,day,True,,False,False,0,0,0,0,0,0,1899-12-30,2026-08-07,1899,2026,DATE
LABOR.LABOR__FED_DOL_OLMS,NEXT_ELECTION_DATE,617710,384326,382337,day,True,,False,False,1989,0,0,60,1825,104,1806-03-01,2032-11-01,1806,2032,DATE
LABOR.LABOR__FED_DOL_OLMS,HAS_LIQUIDATED_LIABILITIES,617710,617552,0,none,False,,False,False,0,0,0,0,0,0,,,,,TEXT
LABOR.LABOR__FED_DOL_OLMS,HAS_LIQUIDATED_RECEIVABLES,617710,617552,0,none,False,,False,False,0,0,0,0,0,0,,,,,TEXT
ENVIRONMENT.ENVIRONMENT__FED_EPA_ICIS_AIR_ICIS_AIR_STACK_TESTS,ACTUAL_END_DATE,620302,620298,620291,day,True,,True,False,7,0,0,0,7,0,1955-03-15,2026-07-29,1955,2026,DATE
IMMIGRATION.IMMIGRATION__FED_DOL_OFLC,DECISION_DATE,664616,664616,664616,day,True,,False,False,0,0,0,0,0,0,2018-10-01,2019-09-30,2018,2019,DATE
IMMIGRATION.IMMIGRATION__FED_DOL_OFLC,ORIGINAL_CERT_DATE,664616,46946,46946,day,True,,False,False,0,0,0,0,0,0,2014-03-10,2019-09-30,2014,2019,DATE
IMMIGRATION.IMMIGRATION__FED_DOL_OFLC,FULL_TIME_POSITION,664616,664616,0,none,False,,False,False,0,0,0,0,0,0,,,,,TEXT
IMMIGRATION.IMMIGRATION__FED_DOL_OFLC,PERIOD_OF_EMPLOYMENT_START_DATE,664616,664616,664616,day,True,,False,False,0,0,0,0,0,0,2012-09-17,2020-03-31,2012,2020,DATE
IMMIGRATION.IMMIGRATION__FED_DOL_OFLC,PERIOD_OF_EMPLOYMENT_END_DATE,664616,664616,664616,day,True,,True,False,0,0,0,0,0,0,2015-09-16,2023-12-31,2015,2023,DATE
IMMIGRATION.IMMIGRATION__FED_DOL_OFLC,PW_OES_YEAR_1,664616,664616,0,year,True,year_only,False,False,0,0,0,0,0,0,,,2001,2020,TEXT
IMMIGRATION.IMMIGRATION__FED_DOL_OFLC,PW_NON_OES_YEAR_1,664616,664616,0,year,True,year_only,False,False,0,0,0,0,0,0,,,1977,2020,TEXT
IMMIGRATION.IMMIGRATION__FED_DOL_OFLC,PW_OES_YEAR_2,664616,664616,0,year,True,year_only,False,False,0,0,0,0,0,0,,,2008,2019,TEXT
IMMIGRATION.IMMIGRATION__FED_DOL_OFLC,PW_NON_OES_YEAR_2,664616,664616,0,year,True,year_only,False,False,0,0,0,0,0,0,,,2009,2020,TEXT
IMMIGRATION.IMMIGRATION__FED_DOL_OFLC,PW_OES_YEAR_3,664616,664616,0,year,True,year_only,False,False,0,0,0,0,0,0,,,2013,2019,TEXT
IMMIGRATION.IMMIGRATION__FED_DOL_OFLC,PW_NON_OES_YEAR_3,664616,664616,0,year,True,year_only,False,False,0,0,0,0,0,0,,,2015,2020,TEXT
IMMIGRATION.IMMIGRATION__FED_DOL_OFLC,PW_OES_YEAR_4,664616,664616,0,year,True,year_only,False,False,0,0,0,0,0,0,,,2013,2019,TEXT
REFERENCE.REFERENCE__FED_ITIS_HIERARCHY,_LOADED_AT,678363,678363,678363,day,True,,False,True,0,0,0,0,0,0,2026-08-08 04:44:10.570,2026-08-08 04:44:10.570,2026,2026,TIMESTAMP_NTZ
LABOR.LABOR__FED_OSHA_ITA_CASE_DETAIL_2024,NAICS_YEAR,688649,688649,0,year,True,year_only,False,False,0,0,0,0,0,0,,,2012,2022,TEXT
LABOR.LABOR__FED_OSHA_ITA_CASE_DETAIL_2024,DATE_OF_INCIDENT,688649,0,0,none,False,,False,False,0,0,0,0,0,0,,,,,DATE
LABOR.LABOR__FED_OSHA_ITA_CASE_DETAIL_2024,TIME_STARTED_WORK,688649,612776,0,none,False,,False,False,0,0,0,0,0,0,,,,,TEXT
LABOR.LABOR__FED_OSHA_ITA_CASE_DETAIL_2024,TIME_OF_INCIDENT,688649,623154,0,none,False,,False,False,0,0,0,0,0,0,,,,,TEXT
LABOR.LABOR__FED_OSHA_ITA_CASE_DETAIL_2024,TIME_UNKNOWN,688649,687469,0,none,False,,False,False,0,0,0,0,0,0,,,,,TEXT
LABOR.LABOR__FED_OSHA_ITA_CASE_DETAIL_2024,DATE_OF_DEATH,688649,0,0,none,False,,False,False,0,0,0,0,0,0,,,,,NUMBER
LABOR.LABOR__FED_OSHA_ITA_CASE_DETAIL_2024,CREATED_TIMESTAMP,688649,0,0,none,False,,False,False,0,0,0,0,0,0,,,,,TIMESTAMP_NTZ
LABOR.LABOR__FED_OSHA_ITA_CASE_DETAIL_2024,YEAR_OF_FILING,688649,688649,0,year,True,year_only,False,False,0,0,0,0,0,0,,,2024,2024,TEXT
ENVIRONMENT.ENVIRONMENT__FED_EPA_RCRA_VIOLATIONS,DATE_VIOLATION_DETERMINED,708114,708114,708077,day,True,,True,False,37,0,0,0,37,0,1901-02-12,2026-07-24,1901,2026,DATE
ENVIRONMENT.ENVIRONMENT__FED_EPA_RCRA_VIOLATIONS,ACTUAL_RTC_DATE,708114,697968,697966,day,True,,False,False,2,0,0,0,2,0,1900-01-10,2026-07-31,1900,2026,DATE
ENVIRONMENT.ENVIRONMENT__FED_EPA_RCRA_VIOLATIONS,SCHEDULED_COMPLIANCE_DATE,708114,262624,262545,day,True,,False,False,79,0,0,35,2,42,1919-06-20,2033-03-05,1919,2033,DATE
CORPORATE_REGISTRY.CORPORATE_REGISTRY__FED_ICIJ_OFFSHORELEAKS_OFFICERS,VALID_UNTIL,771315,770776,0,none,False,,True,False,0,0,0,0,0,0,,,,,TEXT
CORPORATE_REGISTRY.CORPORATE_REGISTRY__FED_ICIJ_OFFSHORELEAKS_OFFICERS,_INGESTED_AT,771315,771315,0,none,False,,False,True,771315,0,0,771315,0,0,,,,,TIMESTAMP_NTZ
CORPORATE_REGISTRY.CORPORATE_REGISTRY__FED_ICIJ_OFFSHORELEAKS_ENTITIES,INCORPORATION_DATE,814344,788454,788448,day,True,,False,False,78,3,69,0,2,4,1865-10-26,2029-04-15,1865,2029,DATE
CORPORATE_REGISTRY.CORPORATE_REGISTRY__FED_ICIJ_OFFSHORELEAKS_ENTITIES,INACTIVATION_DATE,814344,144773,144773,day,True,,False,False,0,0,0,0,0,0,1930-11-30,2017-12-07,1930,2017,DATE
CORPORATE_REGISTRY.CORPORATE_REGISTRY__FED_ICIJ_OFFSHORELEAKS_ENTITIES,STRUCK_OFF_DATE,814344,343843,343824,day,True,,False,False,19,0,0,0,19,0,1919-02-02,2024-06-14,1919,2024,DATE
CORPORATE_REGISTRY.CORPORATE_REGISTRY__FED_ICIJ_OFFSHORELEAKS_ENTITIES,DORM_DATE,814344,20207,20207,day,True,,False,False,0,0,0,0,0,0,1997-11-07,2010-03-16,1997,2010,DATE
CORPORATE_REGISTRY.CORPORATE_REGISTRY__FED_ICIJ_OFFSHORELEAKS_ENTITIES,VALID_UNTIL,814344,814137,0,none,False,,True,False,0,0,0,0,0,0,,,,,TEXT
CORPORATE_REGISTRY.CORPORATE_REGISTRY__FED_ICIJ_OFFSHORELEAKS_ENTITIES,_INGESTED_AT,814344,814344,0,none,False,,False,True,814344,0,0,814344,0,0,,,,,TIMESTAMP_NTZ
CORPORATE_REGISTRY.CORPORATE_REGISTRY__INTL_IE_CRO,INCORPORATION_DATE,821693,805501,805501,day,True,,False,False,1,1,0,0,0,0,1753-01-01,2026-08-07,1753,2026,DATE
CORPORATE_REGISTRY.CORPORATE_REGISTRY__INTL_IE_CRO,FINANCIAL_YEAR_END,821693,495062,495062,day,True,,True,False,0,0,0,0,0,0,1753-01-01,2033-06-30,1753,2033,DATE
CORPORATE_REGISTRY.CORPORATE_REGISTRY__INTL_IE_CRO,INCORPORATION_YEAR,821693,805501,0,year,True,year_only,False,False,0,0,0,0,0,0,,,1753,2026,NUMBER
CORPORATE_REGISTRY.CORPORATE_REGISTRY__INTL_IE_CRO,COMPANY_AGE_YEARS,821693,805501,0,none,False,,False,False,0,0,0,0,0,0,,,,,NUMBER
CORPORATE_REGISTRY.CORPORATE_REGISTRY__INTL_IE_CRO,_INGESTED_AT,821693,821693,821693,day,True,,False,True,0,0,0,0,0,0,2026-08-09 18:18:48.490,2026-08-09 18:18:48.490,2026,2026,TIMESTAMP_NTZ
FINANCE.FINANCE__FED_FEC_COMMITTEE_TO_CANDIDATE,TRANSACTION_DT,866730,866730,0,none,False,yyyymmdd,False,False,0,0,0,0,0,0,,,,,TEXT
FINANCE.FINANCE__FED_FEC_COMMITTEE_TO_CANDIDATE,CYCLE,866730,866730,0,year,True,year_only,False,False,0,0,0,0,0,0,,,2024,2026,TEXT
LABOR.LABOR__FED_OSHA_ITA_CASE_DETAIL_2023,NAICS_YEAR,890934,889661,0,year,True,year_only,False,False,0,0,0,0,0,0,,,2012,2022,TEXT
LABOR.LABOR__FED_OSHA_ITA_CASE_DETAIL_2023,DATE_OF_INCIDENT,890934,890934,890934,day,True,,False,False,0,0,0,0,0,0,2022-02-26,2024-12-12,2022,2024,DATE
LABOR.LABOR__FED_OSHA_ITA_CASE_DETAIL_2023,TIME_STARTED_WORK,890934,778475,0,none,False,,False,False,0,0,0,0,0,0,,,,,TEXT
LABOR.LABOR__FED_OSHA_ITA_CASE_DETAIL_2023,TIME_OF_INCIDENT,890934,779670,0,none,False,,False,False,0,0,0,0,0,0,,,,,TEXT
LABOR.LABOR__FED_OSHA_ITA_CASE_DETAIL_2023,TIME_UNKNOWN,890934,888889,0,none,False,,False,False,0,0,0,0,0,0,,,,,TEXT
LABOR.LABOR__FED_OSHA_ITA_CASE_DETAIL_2023,DATE_OF_DEATH,890934,282,282,day,True,,False,False,0,0,0,0,0,0,2023-01-01,2024-05-04,2023,2024,DATE
LABOR.LABOR__FED_OSHA_ITA_CASE_DETAIL_2023,CREATED_TIMESTAMP,890934,0,0,none,False,,False,False,0,0,0,0,0,0,,,,,TIMESTAMP_NTZ
LABOR.LABOR__FED_OSHA_ITA_CASE_DETAIL_2023,YEAR_FILING_FOR,890934,890934,0,year,True,year_only,False,False,0,0,0,0,0,0,,,2023,2023,TEXT
ENVIRONMENT.ENVIRONMENT__FED_EPA_SDWA_SDWA_LCR_SAMPLES,SUBMISSIONYEARQUARTER,927415,927415,0,quarter,True,year_quarter,False,False,0,0,0,0,0,0,,,2026,2026,TEXT
ENVIRONMENT.ENVIRONMENT__FED_EPA_SDWA_SDWA_LCR_SAMPLES,SAMPLING_END_DATE,927415,927415,927415,day,True,,True,False,0,0,0,0,0,0,1992-01-01,2033-12-31,1992,2033,DATE
ENVIRONMENT.ENVIRONMENT__FED_EPA_SDWA_SDWA_LCR_SAMPLES,SAMPLING_START_DATE,927415,927415,927415,day,True,,False,False,0,0,0,0,0,0,1991-07-01,2026-01-01,1991,2026,DATE
ENVIRONMENT.ENVIRONMENT__FED_EPA_SDWA_SDWA_LCR_SAMPLES,SAMPLE_FIRST_REPORTED_DATE,927415,924785,924785,day,True,,False,False,0,0,0,0,0,0,1992-08-22,2026-06-30,1992,2026,DATE
ENVIRONMENT.ENVIRONMENT__FED_EPA_SDWA_SDWA_LCR_SAMPLES,SAMPLE_LAST_REPORTED_DATE,927415,874711,874711,day,True,,False,False,0,0,0,0,0,0,1993-05-20,2026-06-30,1993,2026,DATE
ENVIRONMENT.ENVIRONMENT__FED_EPA_SDWA_SDWA_LCR_SAMPLES,SAR_FIRST_REPORTED_DATE,927415,692189,692189,day,True,,False,False,0,0,0,0,0,0,2006-02-28,2026-06-30,2006,2026,DATE
ENVIRONMENT.ENVIRONMENT__FED_EPA_SDWA_SDWA_LCR_SAMPLES,SAR_LAST_REPORTED_DATE,927415,643344,643344,day,True,,False,False,0,0,0,0,0,0,2006-02-28,2026-06-30,2006,2026,DATE
ECONOMICS.ECONOMICS__FED_SBA_PPP,DATE_APPROVED,968524,968524,968524,day,True,,False,False,0,0,0,0,0,0,2020-04-03,2021-07-19,2020,2021,DATE
ECONOMICS.ECONOMICS__FED_SBA_PPP,LOAN_STATUS_DATE,968524,957196,957196,day,True,,False,False,0,0,0,0,0,0,2020-04-30,2024-09-30,2020,2024,DATE
ECONOMICS.ECONOMICS__FED_SBA_PPP,TERM_MONTHS,968524,968524,0,none,False,,True,False,0,0,0,0,0,0,,,,,NUMBER
ECONOMICS.ECONOMICS__FED_SBA_PPP,BUSINESS_AGE,968524,968524,0,none,False,,False,False,0,0,0,0,0,0,,,,,TEXT
JUSTICE.JUSTICE__FED_COURTLISTENER_ORIGINATING_COURT_INFO,DATE_CREATED,973419,973419,973419,day,True,,False,False,0,0,0,0,0,0,2018-06-27,2026-06-30,2018,2026,DATE
JUSTICE.JUSTICE__FED_COURTLISTENER_ORIGINATING_COURT_INFO,DATE_MODIFIED,973419,973419,973419,day,True,,False,False,0,0,0,0,0,0,2018-06-27,2026-06-30,2018,2026,DATE
JUSTICE.JUSTICE__FED_COURTLISTENER_ORIGINATING_COURT_INFO,DATE_DISPOSED,973419,4405,4404,day,True,,False,False,1,0,0,0,0,1,1975-07-01,2026-05-13,1975,2026,DATE
JUSTICE.JUSTICE__FED_COURTLISTENER_ORIGINATING_COURT_INFO,DATE_FILED,973419,45004,45004,day,True,,False,False,1,1,0,0,0,0,1951-01-25,2029-09-09,1951,2029,DATE
JUSTICE.JUSTICE__FED_COURTLISTENER_ORIGINATING_COURT_INFO,DATE_JUDGMENT,973419,174969,174965,day,True,,False,False,4,0,0,0,0,4,1971-08-08,2030-09-06,1971,2030,DATE
JUSTICE.JUSTICE__FED_COURTLISTENER_ORIGINATING_COURT_INFO,DATE_JUDGMENT_EOD,973419,15393,15390,day,True,,False,False,3,0,0,0,1,2,1985-06-26,2026-12-19,1985,2026,DATE
JUSTICE.JUSTICE__FED_COURTLISTENER_ORIGINATING_COURT_INFO,DATE_FILED_NOA,973419,41187,41186,day,True,,False,False,1,0,0,0,0,1,1935-09-26,2029-09-18,1935,2029,DATE
JUSTICE.JUSTICE__FED_COURTLISTENER_ORIGINATING_COURT_INFO,DATE_RECEIVED_COA,973419,27325,27325,day,True,,False,False,0,0,0,0,0,0,1984-05-23,2030-06-25,1984,2030,DATE
JUSTICE.JUSTICE__FED_FJC_IDB_APPELLATE,TAPE_YEAR,988183,988183,0,year,True,year_only,False,False,0,0,0,0,0,0,,,2008,2026,TEXT
JUSTICE.JUSTICE__FED_FJC_IDB_APPELLATE,DOCKET_DATE,988183,988183,988183,day,True,,False,False,0,0,0,0,0,0,1967-02-06,2026-03-31,1967,2026,DATE
JUSTICE.JUSTICE__FED_FJC_IDB_APPELLATE,DISTRICT_DOCKET_DATE,988183,988183,988183,day,True,,False,False,226742,1,226741,0,0,0,1900-01-01,2026-03-20,1900,2026,DATE
JUSTICE.JUSTICE__FED_FJC_IDB_APPELLATE,APPEAL_DATE,988183,988183,988183,day,True,,False,False,227603,0,227603,0,0,0,1900-01-01,2026-03-31,1900,2026,DATE
JUSTICE.JUSTICE__FED_FJC_IDB_APPELLATE,TRANSFER_DATE,988183,988183,988183,day,True,,False,False,635733,0,635733,0,0,0,1900-01-01,2013-10-29,1900,2013,DATE
JUSTICE.JUSTICE__FED_FJC_IDB_APPELLATE,CONSOLIDATED_DOCKET,988183,988183,0,none,False,,False,False,0,0,0,0,0,0,,,,,TEXT
JUSTICE.JUSTICE__FED_FJC_IDB_APPELLATE,COURT_RECORD_DATE,988183,988183,988183,day,True,,False,False,988183,0,988183,0,0,0,1900-01-01,1900-01-01,1900,1900,DATE
JUSTICE.JUSTICE__FED_FJC_IDB_APPELLATE,BRIEFS_FILED,988183,988183,988183,day,True,us,False,False,690542,0,690542,0,0,0,1900-01-01,2026-03-23,,,TEXT
JUSTICE.JUSTICE__FED_FJC_IDB_APPELLATE,SUBMISSION_DATE,988183,988183,988183,day,True,,False,False,534320,0,534320,0,0,0,1900-01-01,2026-03-31,1900,2026,DATE
JUSTICE.JUSTICE__FED_FJC_IDB_APPELLATE,HEARING_DATE,988183,988183,988183,day,True,,False,False,842119,0,842119,0,0,0,1900-01-01,2026-03-31,1900,2026,DATE
JUSTICE.JUSTICE__FED_FJC_IDB_APPELLATE,JUDGMENT_DATE,988183,988183,988183,day,True,,False,False,35267,0,35267,0,0,0,1900-01-01,2026-03-31,1900,2026,DATE
JUSTICE.JUSTICE__FED_FJC_IDB_APPELLATE,PRO_SE_FILED,988183,988183,0,none,False,,False,False,0,0,0,0,0,0,,,,,TEXT
REFERENCE.REFERENCE__FED_ITIS_LONGNAMES,_LOADED_AT,993346,993346,993346,day,True,,False,True,0,0,0,0,0,0,2026-08-08 04:44:10.570,2026-08-08 04:44:10.570,2026,2026,TIMESTAMP_NTZ
REFERENCE.REFERENCE__FED_ITIS_TAXONOMIC_UNITS,INITIAL_TIME_STAMP,993346,993346,993346,day,True,,False,False,0,0,0,0,0,0,1996-06-13 14:51:08.000,2026-07-28 12:29:46.000,1996,2026,TIMESTAMP_NTZ
REFERENCE.REFERENCE__FED_ITIS_TAXONOMIC_UNITS,UPDATE_DATE,993346,993346,993346,day,True,,False,False,0,0,0,0,0,0,1996-06-24,2026-07-28,1996,2026,DATE
REFERENCE.REFERENCE__FED_ITIS_TAXONOMIC_UNITS,_LOADED_AT,993346,993346,993346,day,True,,False,True,0,0,0,0,0,0,2026-08-08 04:44:10.570,2026-08-08 04:44:10.570,2026,2026,TIMESTAMP_NTZ
ENVIRONMENT.ENVIRONMENT__FED_USCG_NRC_INCIDENTS,SRC_YEAR,1029020,1029020,0,year,True,year_only,False,False,0,0,0,0,0,0,,,1990,2026,TEXT
ENVIRONMENT.ENVIRONMENT__FED_USCG_NRC_INCIDENTS,DATE_TIME_RECEIVED,1029020,1029020,1029020,day,True,,False,False,0,0,0,0,0,0,1990-01-01 00:01:00.000,2026-08-02 23:07:00.000,1990,2026,TIMESTAMP_NTZ
ENVIRONMENT.ENVIRONMENT__FED_USCG_NRC_INCIDENTS,DATE_TIME_COMPLETE,1029020,1026993,1026993,day,True,,False,False,0,0,0,0,0,0,1990-01-29 04:43:35.000,2026-08-02 23:17:00.000,1990,2026,TIMESTAMP_NTZ
FINANCE.FINANCE__FED_SEC_INSIDER_DERIV_TRANS,TRANS_DATE,1049121,1049121,1049115,day,True,,False,False,6,0,0,0,5,1,2000-04-20,2035-01-10,2000,2035,DATE
FINANCE.FINANCE__FED_SEC_INSIDER_DERIV_TRANS,TRANS_DATE_FN,1049121,0,0,none,False,,False,False,0,0,0,0,0,0,,,,,DATE
FINANCE.FINANCE__FED_SEC_INSIDER_DERIV_TRANS,DEEMED_EXECUTION_DATE,1049121,10187,10186,day,True,,False,False,1,0,0,0,0,1,2006-02-27,2034-01-12,2006,2034,DATE
FINANCE.FINANCE__FED_SEC_INSIDER_DERIV_TRANS,DEEMED_EXECUTION_DATE_FN,1049121,0,0,none,False,,False,False,0,0,0,0,0,0,,,,,DATE
FINANCE.FINANCE__FED_SEC_INSIDER_DERIV_TRANS,EXCERCISE_DATE,1049121,229067,228918,day,True,,False,False,149,0,0,0,7,142,1988-08-08,2035-04-20,1988,2035,DATE
FINANCE.FINANCE__FED_SEC_INSIDER_DERIV_TRANS,EXCERCISE_DATE_FN,1049121,0,0,none,False,,False,False,0,0,0,0,0,0,,,,,DATE
FINANCE.FINANCE__FED_SEC_INSIDER_DERIV_TRANS,EXPIRATION_DATE,1049121,505231,504779,day,True,,True,False,19,0,0,0,19,433,1988-08-08,2035-12-31,1988,2035,DATE
FINANCE.FINANCE__FED_SEC_INSIDER_DERIV_TRANS,EXPIRATION_DATE_FN,1049121,0,0,none,False,,True,False,0,0,0,0,0,0,,,,,DATE
HEALTH.HEALTH__FED_FDA_FAERS_OUTC,SRC_QUARTER,1134815,1134815,0,quarter,True,year_quarter,False,False,0,0,0,0,0,0,,,2004,2014,TEXT
TRANSPORT.TRANSPORT__FED_FRA_CASUALTIES,INCIDENT_YEAR,1150788,1150788,0,year,True,year_only,False,False,0,0,0,0,0,0,,,1975,2026,NUMBER
TRANSPORT.TRANSPORT__FED_FRA_CASUALTIES,INCIDENT_MONTH,1150788,1150788,0,none,False,,False,False,0,0,0,0,0,0,,,,,TEXT
TRANSPORT.TRANSPORT__FED_FRA_CASUALTIES,INCIDENT_DAY,1150788,1150788,0,none,False,,False,False,0,0,0,0,0,0,,,,,TEXT
TRANSPORT.TRANSPORT__FED_FRA_CASUALTIES,DATE,1150788,285648,285648,day,True,,False,False,0,0,0,0,0,0,1997-01-01,2026-05-31,1997,2026,DATE
TRANSPORT.TRANSPORT__FED_FRA_CASUALTIES,TIME,1150788,1150788,0,none,False,,False,False,0,0,0,0,0,0,,,,,TEXT
TRANSPORT.TRANSPORT__FED_FRA_CASUALTIES,AGE_OF_PERSON,1150788,1111140,0,none,False,,False,False,0,0,0,0,0,0,,,,,NUMBER
TRANSPORT.TRANSPORT__FED_FRA_CASUALTIES,DAYS_AWAY_FROM_WORK,1150788,1150750,0,none,False,,False,False,0,0,0,0,0,0,,,,,NUMBER
TRANSPORT.TRANSPORT__FED_FRA_CASUALTIES,DAYS_RESTRICTED_ACTIVITY,1150788,1150750,0,none,False,,False,False,0,0,0,0,0,0,,,,,NUMBER
TRANSPORT.TRANSPORT__FED_FRA_CASUALTIES,FORM_57_FILED,1150788,1150788,0,none,False,,False,False,0,0,0,0,0,0,,,,,TEXT
TRANSPORT.TRANSPORT__FED_FRA_CASUALTIES,FORM_54_FILED,1150788,1150788,0,none,False,,False,False,0,0,0,0,0,0,,,,,TEXT
TRANSPORT.TRANSPORT__FED_FRA_CASUALTIES,_INGESTED_AT,1150788,1150788,1150788,day,True,,False,True,0,0,0,0,0,0,2026-08-09 18:22:06.422,2026-08-09 18:22:06.422,2026,2026,TIMESTAMP_NTZ
ENVIRONMENT.ENVIRONMENT__FED_EPA_RCRA_EVALUATIONS,EVALUATION_START_DATE,1166410,1166410,1166393,day,True,,False,False,17,0,0,0,17,0,1901-05-29,2026-07-31,1901,2026,DATE
ECONOMICS.ECONOMICS__FED_IRS_REVOCATION,REVOCATION_DATE,1187367,1187367,1187367,day,True,dd_mon_yyyy,False,False,0,0,0,0,0,0,2010-05-15,2026-03-15,,,TEXT
ECONOMICS.ECONOMICS__FED_IRS_REVOCATION,REVOCATION_POSTING_DATE,1187367,1187367,1187367,day,True,dd_mon_yyyy,False,False,0,0,0,0,0,0,2011-06-09,2026-06-09,,,TEXT
ECONOMICS.ECONOMICS__FED_IRS_REVOCATION,REINSTATEMENT_DATE,1187367,1187367,175385,day,True,dd_mon_yyyy,False,False,0,0,0,0,0,0,2010-05-15,2026-04-15,,,TEXT
ECONOMICS.ECONOMICS__FED_IRS_AUTO_REVOCATIONS,REVOCATION_DATE,1207295,1207295,1207295,day,True,,False,False,0,0,0,0,0,0,2010-05-15,2026-05-15,2010,2026,DATE
ECONOMICS.ECONOMICS__FED_IRS_AUTO_REVOCATIONS,REVOCATION_POSTING_DATE,1207295,1207295,1207295,day,True,,False,False,0,0,0,0,0,0,2011-06-09,2026-08-04,2011,2026,DATE
ECONOMICS.ECONOMICS__FED_IRS_AUTO_REVOCATIONS,REINSTATEMENT_DATE,1207295,180455,180455,day,True,,False,False,0,0,0,0,0,0,2010-05-15,2026-05-15,2010,2026,DATE
REFERENCE.REFERENCE__FED_USGS_GNIS_ALL_NAMES,PUBLICATION_DATE,1249624,989023,989023,day,True,,False,False,2,0,2,0,0,0,1700-12-31,2023-03-17,1700,2023,DATE
REFERENCE.REFERENCE__FED_USGS_GNIS_ALL_NAMES,ENDING_DATE,1249624,299,299,day,True,,True,False,0,0,0,0,0,0,2000-01-01,2020-08-01,2000,2020,DATE
REFERENCE.REFERENCE__FED_USGS_GNIS_ALL_NAMES,DATE_CREATED,1249624,1122278,1122278,day,True,,False,False,2,0,2,0,0,0,1700-12-31,2026-06-29,1700,2026,DATE
JUSTICE.JUSTICE__INTL_OPENSANCTIONS_DEFAULT,BIRTH_DATE,1281846,519521,463657,day,True,iso,False,False,96,89,1,0,1,5,1900-01-01,2026-03-29,1901,2025,TEXT
JUSTICE.JUSTICE__INTL_OPENSANCTIONS_DEFAULT,FIRST_SEEN,1281846,1281846,1281846,day,True,,False,False,0,0,0,0,0,0,2018-03-08 00:00:00.000,2026-08-05 18:46:24.000,2018,2026,TIMESTAMP_NTZ
JUSTICE.JUSTICE__INTL_OPENSANCTIONS_DEFAULT,LAST_SEEN,1281846,1281846,1281846,day,True,,False,False,0,0,0,0,0,0,2025-04-03 16:06:48.000,2026-08-05 18:53:01.000,2025,2026,TIMESTAMP_NTZ
JUSTICE.JUSTICE__INTL_OPENSANCTIONS_DEFAULT,LAST_CHANGE,1281846,1281846,1281846,day,True,,False,False,0,0,0,0,0,0,2022-01-01 00:00:00.000,2026-08-05 18:48:06.000,2022,2026,TIMESTAMP_NTZ
JUSTICE.JUSTICE__INTL_OPENSANCTIONS_DEFAULT,_INGESTED_AT,1281846,1281846,0,none,False,,False,True,1281846,0,0,1281846,0,0,,,,,TIMESTAMP_NTZ
HEALTH.HEALTH__FED_CMS_MEDICARE_PROVIDER,BENE_AVG_AGE,1296739,1296739,0,none,False,,False,False,0,0,0,0,0,0,,,,,TEXT
HEALTH.HEALTH__FED_CMS_MEDICARE_PROVIDER,BENE_AGE_LT_65_CNT,1296739,605938,0,year,True,year_only,False,False,0,0,0,0,0,0,,,1705,2031,NUMBER
HEALTH.HEALTH__FED_CMS_MEDICARE_PROVIDER,BENE_AGE_65_74_CNT,1296739,1049599,0,year,True,year_only,False,False,0,0,0,0,0,0,,,1700,2035,NUMBER
HEALTH.HEALTH__FED_CMS_MEDICARE_PROVIDER,BENE_AGE_75_84_CNT,1296739,928335,0,year,True,year_only,False,False,0,0,0,0,0,0,,,1700,2034,NUMBER
HEALTH.HEALTH__FED_CMS_MEDICARE_PROVIDER,BENE_AGE_GT_84_CNT,1296739,618327,0,year,True,year_only,False,False,0,0,0,0,0,0,,,1700,2035,NUMBER
HEALTH.HEALTH__FED_CMS_MEDICARE_PHYSICIAN_OTHER_PRACTITIONERS_BY_PROVIDER,BENE_AVG_AGE,1296739,1296739,0,none,False,,False,False,0,0,0,0,0,0,,,,,TEXT
HEALTH.HEALTH__FED_CMS_MEDICARE_PHYSICIAN_OTHER_PRACTITIONERS_BY_PROVIDER,BENE_AGE_LT_65_CNT,1296739,605938,0,year,True,year_only,False,False,0,0,0,0,0,0,,,1705,2031,NUMBER
HEALTH.HEALTH__FED_CMS_MEDICARE_PHYSICIAN_OTHER_PRACTITIONERS_BY_PROVIDER,BENE_AGE_65_74_CNT,1296739,1049599,0,year,True,year_only,False,False,0,0,0,0,0,0,,,1700,2035,NUMBER
HEALTH.HEALTH__FED_CMS_MEDICARE_PHYSICIAN_OTHER_PRACTITIONERS_BY_PROVIDER,BENE_AGE_75_84_CNT,1296739,928335,0,year,True,year_only,False,False,0,0,0,0,0,0,,,1700,2034,NUMBER
HEALTH.HEALTH__FED_CMS_MEDICARE_PHYSICIAN_OTHER_PRACTITIONERS_BY_PROVIDER,BENE_AGE_GT_84_CNT,1296739,618327,0,year,True,year_only,False,False,0,0,0,0,0,0,,,1700,2035,NUMBER
HEALTH.HEALTH__FED_CMS_PART_D_PRESCRIBERS,TOT_DAY_SUPLY,1416883,1416883,0,year,True,year_only,False,False,0,0,0,0,0,0,,,1700,2035,TEXT
HEALTH.HEALTH__FED_CMS_PART_D_PRESCRIBERS,GE65_TOT_DAY_SUPLY,1416883,1416883,0,year,True,year_only,False,False,0,0,0,0,0,0,,,1700,2035,TEXT
HEALTH.HEALTH__FED_CMS_PART_D_PRESCRIBERS,BENE_AVG_AGE,1416883,1416883,0,none,False,,False,False,0,0,0,0,0,0,,,,,TEXT
HEALTH.HEALTH__FED_CMS_PART_D_PRESCRIBERS,BENE_AGE_LT_65_CNT,1416883,1416883,0,year,True,year_only,False,False,0,0,0,0,0,0,,,1737,2030,TEXT
HEALTH.HEALTH__FED_CMS_PART_D_PRESCRIBERS,BENE_AGE_65_74_CNT,1416883,1416883,0,year,True,year_only,False,False,0,0,0,0,0,0,,,1750,2018,TEXT
HEALTH.HEALTH__FED_CMS_PART_D_PRESCRIBERS,BENE_AGE_75_84_CNT,1416883,1416883,0,year,True,year_only,False,False,0,0,0,0,0,0,,,1700,2023,TEXT
HEALTH.HEALTH__FED_CMS_PART_D_PRESCRIBERS,BENE_AGE_GT_84_CNT,1416883,1416883,0,year,True,year_only,False,False,0,0,0,0,0,0,,,1734,2001,TEXT
OPEN_DATA.OPEN_DATA__XC_WAYBACK_DOJ_EPSTEIN,CAPTURE_TIMESTAMP_RAW,1537352,1537352,0,none,False,,False,False,0,0,0,0,0,0,,,,,TEXT
OPEN_DATA.OPEN_DATA__XC_WAYBACK_DOJ_EPSTEIN,CAPTURED_AT,1537352,1537352,1537352,day,True,,False,False,0,0,0,0,0,0,2025-12-19 21:13:27.000,2026-06-09 02:03:36.000,2025,2026,TIMESTAMP_NTZ
OPEN_DATA.OPEN_DATA__XC_WAYBACK_DOJ_EPSTEIN,_LOADED_AT,1537352,1537352,1537352,day,True,,False,True,0,0,0,0,0,0,2026-06-12 04:46:01.295,2026-06-12 04:46:01.295,2026,2026,TIMESTAMP_NTZ
ENVIRONMENT.ENVIRONMENT__FED_EPA_SDWA_SDWA_FACILITIES,SUBMISSIONYEARQUARTER,1554832,1554832,0,quarter,True,year_quarter,False,False,0,0,0,0,0,0,,,2026,2026,TEXT
ENVIRONMENT.ENVIRONMENT__FED_EPA_SDWA_SDWA_FACILITIES,FACILITY_DEACTIVATION_DATE,1554832,570319,570319,day,True,,False,False,342,342,0,0,0,0,1900-02-01,2027-10-31,1900,2027,DATE
ENVIRONMENT.ENVIRONMENT__FED_EPA_SDWA_SDWA_FACILITIES,FIRST_REPORTED_DATE,1554832,704646,704646,day,True,,False,False,0,0,0,0,0,0,2005-10-27,2026-06-30,2005,2026,DATE
ENVIRONMENT.ENVIRONMENT__FED_EPA_SDWA_SDWA_FACILITIES,LAST_REPORTED_DATE,1554832,1543399,1543399,day,True,,False,False,0,0,0,0,0,0,1995-07-22,2026-06-30,1995,2026,DATE
EDUCATION.EDUCATION__FED_GOOGLE_POLADS_CREATIVE_STATS,DATE_RANGE_START,1562870,1562870,1562870,day,True,,False,False,0,0,0,0,0,0,2018-05-31,2026-08-04,2018,2026,DATE
EDUCATION.EDUCATION__FED_GOOGLE_POLADS_CREATIVE_STATS,DATE_RANGE_END,1562870,1562870,1562870,day,True,,True,False,0,0,0,0,0,0,2019-08-05,2026-08-05,2019,2026,DATE
EDUCATION.EDUCATION__FED_GOOGLE_POLADS_CREATIVE_STATS,NUM_OF_DAYS,1562870,1562870,0,year,True,year_only,False,False,0,0,0,0,0,0,,,1725,1861,NUMBER
EDUCATION.EDUCATION__FED_GOOGLE_POLADS_CREATIVE_STATS,FIRST_SERVED_TIMESTAMP,1562870,1562870,1562870,day,True,iso,False,False,0,0,0,0,0,0,2018-05-31,2026-08-04,,,TEXT
EDUCATION.EDUCATION__FED_GOOGLE_POLADS_CREATIVE_STATS,LAST_SERVED_TIMESTAMP,1562870,1562870,1562870,day,True,iso,False,False,0,0,0,0,0,0,2019-08-05,2026-08-05,,,TEXT
EDUCATION.EDUCATION__FED_GOOGLE_POLADS_CREATIVE_STATS,AGE_TARGETING,1562870,665263,0,none,False,,False,False,0,0,0,0,0,0,,,,,TEXT
POLITICS.POLITICS__FED_FCC_LICENSING,GRANT_DATE,1689338,1667754,1667754,day,True,,False,False,0,0,0,0,0,0,1984-05-29,2026-06-27,1984,2026,DATE
POLITICS.POLITICS__FED_FCC_LICENSING,EXPIRED_DATE,1689338,1668292,1623811,day,True,,True,False,0,0,0,0,0,44481,1994-05-29,2035-12-31,1994,2035,DATE
POLITICS.POLITICS__FED_FCC_LICENSING,CANCELLATION_DATE,1689338,861493,861493,day,True,,False,False,0,0,0,0,0,0,1917-07-11,2026-06-27,1917,2026,DATE
POLITICS.POLITICS__FED_FCC_LICENSING,LAST_ACTION_DATE,1689338,1668609,1668609,day,True,,False,False,0,0,0,0,0,0,1917-07-11,2026-06-27,1917,2026,DATE
FINANCE.FINANCE__FED_SEC_INSIDER_SUBMISSION,FILING_DATE,1772088,1772088,1772088,day,True,,False,False,0,0,0,0,0,0,2016-07-01,2025-03-31,2016,2025,DATE
FINANCE.FINANCE__FED_SEC_INSIDER_SUBMISSION,PERIOD_OF_REPORT,1772088,1772088,1772065,day,True,,False,False,23,0,0,0,23,0,1982-04-25,2025-03-31,1982,2025,DATE
FINANCE.FINANCE__FED_SEC_INSIDER_SUBMISSION,DATE_OF_ORIGINAL_SUBMISSION,1772088,36421,36420,day,True,,False,False,1,0,0,0,1,0,1998-11-13,2027-06-04,1998,2027,DATE
FINANCE.FINANCE__FED_SEC_INSIDER_SUBMISSION,_LOADED_AT,1772088,1772088,1772088,day,True,,False,True,0,0,0,0,0,0,2026-07-24 02:28:15.000,2026-07-24 02:28:15.000,2026,2026,TIMESTAMP_NTZ
ENVIRONMENT.ENVIRONMENT__FED_EPA_ICIS_AIR_ICIS_AIR_FCES_PCES,ACTUAL_END_DATE,1779096,0,0,none,False,,True,False,0,0,0,0,0,0,,,,,DATE
ENVIRONMENT.ENVIRONMENT__FED_NOAA_STORM_EVENTS,BEGIN_YEARMONTH,1780730,1780730,0,month,True,yyyymm,False,False,0,0,0,0,0,0,,,1996,2025,TEXT
ENVIRONMENT.ENVIRONMENT__FED_NOAA_STORM_EVENTS,BEGIN_DAY,1780730,1780730,0,none,False,,False,False,0,0,0,0,0,0,,,,,TEXT
ENVIRONMENT.ENVIRONMENT__FED_NOAA_STORM_EVENTS,BEGIN_TIME,1780730,1780730,0,year,True,year_only,False,False,0,0,0,0,0,0,,,1700,2035,TEXT
ENVIRONMENT.ENVIRONMENT__FED_NOAA_STORM_EVENTS,END_YEARMONTH,1780730,1780730,0,month,True,yyyymm,True,False,0,0,0,0,0,0,,,1996,2025,TEXT
ENVIRONMENT.ENVIRONMENT__FED_NOAA_STORM_EVENTS,END_DAY,1780730,1780730,0,none,False,,True,False,0,0,0,0,0,0,,,,,TEXT
ENVIRONMENT.ENVIRONMENT__FED_NOAA_STORM_EVENTS,END_TIME,1780730,1780730,0,year,True,year_only,True,False,0,0,0,0,0,0,,,1700,2035,TEXT
ENVIRONMENT.ENVIRONMENT__FED_NOAA_STORM_EVENTS,YEAR,1780730,1780730,0,year,True,year_only,False,False,0,0,0,0,0,0,,,1996,2025,NUMBER
ENVIRONMENT.ENVIRONMENT__FED_NOAA_STORM_EVENTS,MONTH_NAME,1780730,1780730,0,none,False,,False,False,0,0,0,0,0,0,,,,,TEXT
ENVIRONMENT.ENVIRONMENT__FED_NOAA_STORM_EVENTS,BEGIN_DATE_TIME,1780730,0,0,none,False,,False,False,0,0,0,0,0,0,,,,,TIMESTAMP_NTZ
ENVIRONMENT.ENVIRONMENT__FED_NOAA_STORM_EVENTS,END_DATE_TIME,1780730,0,0,none,False,,True,False,0,0,0,0,0,0,,,,,TIMESTAMP_NTZ
ENVIRONMENT.ENVIRONMENT__FED_NOAA_STORM_EVENTS,BEGIN_RANGE,1780730,1780730,0,none,False,,False,False,0,0,0,0,0,0,,,,,TEXT
ENVIRONMENT.ENVIRONMENT__FED_NOAA_STORM_EVENTS,BEGIN_AZIMUTH,1780730,1780730,0,none,False,,False,False,0,0,0,0,0,0,,,,,TEXT
POLITICS.POLITICS__INTL_VOETEN_UNGA_VOTES,YEAR,1823352,1823352,0,year,True,year_only,False,False,0,0,0,0,0,0,,,1946,2024,NUMBER
ENVIRONMENT.ENVIRONMENT__FED_EPA_NPDES_NPDES_INSPECTIONS,ACTUAL_BEGIN_DATE,1900067,983969,983896,day,True,,False,False,73,0,0,0,73,0,1917-09-13,2026-07-31,1917,2026,DATE
ENVIRONMENT.ENVIRONMENT__FED_EPA_NPDES_NPDES_INSPECTIONS,ACTUAL_END_DATE,1900067,1899804,1899739,day,True,,True,False,65,0,0,0,65,0,1917-09-13,2026-07-31,1917,2026,DATE
JUSTICE.JUSTICE__FED_COURTLISTENER_INVESTMENTS,DATE_CREATED,1901599,1901599,1901599,day,True,,False,False,0,0,0,0,0,0,2020-12-31,2023-08-31,2020,2023,DATE
JUSTICE.JUSTICE__FED_COURTLISTENER_INVESTMENTS,DATE_MODIFIED,1901599,1901599,1901599,day,True,,False,False,0,0,0,0,0,0,2020-12-31,2025-02-05,2020,2025,DATE
JUSTICE.JUSTICE__FED_COURTLISTENER_INVESTMENTS,INCOME_DURING_REPORTING_PERIOD_CODE,1901599,1093679,0,none,False,,False,False,0,0,0,0,0,0,,,,,TEXT
JUSTICE.JUSTICE__FED_COURTLISTENER_INVESTMENTS,INCOME_DURING_REPORTING_PERIOD_TYPE,1901599,1098172,0,year,False,year_only,False,False,0,0,0,0,0,0,,,,,TEXT
JUSTICE.JUSTICE__FED_COURTLISTENER_INVESTMENTS,TRANSACTION_DURING_REPORTING_PERIOD,1901599,937102,0,year,True,year_only,False,False,0,0,0,0,0,0,,,1720,2008,TEXT
JUSTICE.JUSTICE__FED_COURTLISTENER_INVESTMENTS,TRANSACTION_DATE_RAW,1901599,770977,2040,month,True,yyyymm,False,False,5,0,0,0,5,0,1720-01-12,2020-12-22,1704,2030,TEXT
JUSTICE.JUSTICE__FED_COURTLISTENER_INVESTMENTS,TRANSACTION_DATE,1901599,686226,686226,day,True,,False,False,1,1,0,0,0,0,1969-12-31,2022-12-27,1969,2022,DATE
HEALTH.HEALTH__FED_HRSA_NPDB,ORIG_YEAR,1911185,1911185,0,year,True,year_only,False,False,0,0,0,0,0,0,,,1990,2026,NUMBER
HEALTH.HEALTH__FED_HRSA_NPDB,PRACTITIONER_AGE,1911185,1829656,0,none,False,,False,False,0,0,0,0,0,0,,,,,NUMBER
HEALTH.HEALTH__FED_HRSA_NPDB,GRAD_YEAR,1911185,1640256,0,year,True,year_only,False,False,0,0,0,0,0,0,,,1900,2020,NUMBER
HEALTH.HEALTH__FED_HRSA_NPDB,MALPRACTICE_YEAR_1,1911185,532086,0,year,True,year_only,False,False,0,0,0,0,0,0,,,1900,2026,NUMBER
HEALTH.HEALTH__FED_HRSA_NPDB,MALPRACTICE_YEAR_2,1911185,91612,0,year,True,year_only,False,False,0,0,0,0,0,0,,,1902,2025,NUMBER
HEALTH.HEALTH__FED_HRSA_NPDB,PATIENT_AGE,1911185,271943,0,none,False,,False,False,0,0,0,0,0,0,,,,,NUMBER
HEALTH.HEALTH__FED_HRSA_NPDB,ADVERSE_ACTION_YEAR,1911185,1378478,0,year,True,year_only,False,False,0,0,0,0,0,0,,,1944,2026,NUMBER
HEALTH.HEALTH__FED_HRSA_NPDB,AA_EFFECTIVE_YEAR,1911185,1378469,0,year,True,year_only,False,False,0,0,0,0,0,0,,,1900,2029,NUMBER
HEALTH.HEALTH__FED_HRSA_NPDB,AA_SIGNED_YEAR,1911185,1304780,0,year,True,year_only,False,False,0,0,0,0,0,0,,,1900,2026,NUMBER
HEALTH.HEALTH__FED_CDC_NNDSS_WEEKLY_2024,CURRENT_MMWR_YEAR,1932840,1932840,0,year,True,year_only,False,False,0,0,0,0,0,0,,,2022,2026,TEXT
HEALTH.HEALTH__FED_CDC_NNDSS_WEEKLY_2024,MMWR_WEEK,1932840,1932840,0,none,False,,False,False,0,0,0,0,0,0,,,,,TEXT
HEALTH.HEALTH__FED_CDC_NNDSS_WEEKLY_2024,CURRENT_WEEK,1932840,200273,0,year,True,year_only,False,False,0,0,0,0,0,0,,,1700,2034,TEXT
HEALTH.HEALTH__FED_CDC_NNDSS_WEEKLY_2024,CURRENT_WEEK_FLAG,1932840,1855488,0,none,False,,False,False,0,0,0,0,0,0,,,,,TEXT
HEALTH.HEALTH__FED_CDC_NNDSS_WEEKLY_2024,PREVIOUS_52_WEEK_MAX,1932840,1721787,0,year,True,year_only,False,False,0,0,0,0,0,0,,,1700,2035,TEXT
HEALTH.HEALTH__FED_CDC_NNDSS_WEEKLY_2024,PREVIOUS_52_WEEKS_MAX_FLAG,1932840,1309439,0,none,False,,False,False,0,0,0,0,0,0,,,,,TEXT
HEALTH.HEALTH__FED_CDC_NNDSS_WEEKLY_2024,CUMULATIVE_YTD_CURRENT_MMWR_YEAR,1932840,654814,0,year,True,year_only,False,False,0,0,0,0,0,0,,,1700,2035,TEXT
HEALTH.HEALTH__FED_CDC_NNDSS_WEEKLY_2024,CUMULATIVE_YTD_CURRENT_MMWR_YEAR_FLAG,1932840,1696894,0,none,False,,False,False,0,0,0,0,0,0,,,,,TEXT
HEALTH.HEALTH__FED_CDC_NNDSS_WEEKLY_2024,CUMULATIVE_YTD_PREVIOUS_MMWR_YEAR,1932840,705658,0,year,True,year_only,False,False,0,0,0,0,0,0,,,1700,2035,TEXT
HEALTH.HEALTH__FED_CDC_NNDSS_WEEKLY_2024,CUMULATIVE_YTD_PREVIOUS_MMWR_YEAR_FLAG,1932840,1660401,0,none,False,,False,False,0,0,0,0,0,0,,,,,TEXT
FINANCE.FINANCE__FED_SEC_INSIDER_REPORTINGOWNER,_LOADED_AT,1934673,1934673,1934673,day,True,,False,True,0,0,0,0,0,0,2026-07-24 02:29:10.000,2026-07-24 02:29:10.000,2026,2026,TIMESTAMP_NTZ
REFERENCE.REFERENCE__FED_ITIS_REFERENCE_LINKS,UPDATE_DATE,1970107,1970107,1970107,day,True,,False,False,0,0,0,0,0,0,1996-11-12,2026-07-28,1996,2026,DATE
REFERENCE.REFERENCE__FED_ITIS_REFERENCE_LINKS,_LOADED_AT,1970107,1970107,1970107,day,True,,False,True,0,0,0,0,0,0,2026-08-08 04:44:10.570,2026-08-08 04:44:10.570,2026,2026,TIMESTAMP_NTZ
ECONOMICS.ECONOMICS__FED_IRS_BMF,TAX_PERIOD,1974830,1974830,0,month,True,yyyymm,False,False,0,0,0,0,0,0,,,1979,2026,TEXT
ECONOMICS.ECONOMICS__FED_IRS_BMF,RULING_DATE,1974830,1974830,0,month,True,yyyymm,False,False,0,0,0,0,0,0,,,1900,2026,TEXT
CORPORATE_REGISTRY.CORPORATE_REGISTRY__FED_IRS_EO_BMF,RULING_DATE,1983563,1971976,1971976,day,True,,False,False,1252,1100,152,0,0,0,1900-01-01,2026-06-01,1900,2026,DATE
CORPORATE_REGISTRY.CORPORATE_REGISTRY__FED_IRS_EO_BMF,TAX_PERIOD_YYYYMM,1983563,1549047,0,month,True,yyyymm,False,False,0,0,0,0,0,0,,,1979,2026,TEXT
CORPORATE_REGISTRY.CORPORATE_REGISTRY__FED_IRS_EO_BMF,TAX_PERIOD_MONTH,1983563,1549047,1549047,day,True,,False,False,0,0,0,0,0,0,1979-06-01,2026-11-01,1979,2026,DATE
CORPORATE_REGISTRY.CORPORATE_REGISTRY__FED_IRS_EO_BMF,ACCOUNTING_PERIOD_MONTH,1983563,1983563,0,none,False,,False,False,0,0,0,0,0,0,,,,,TEXT
CORPORATE_REGISTRY.CORPORATE_REGISTRY__FED_IRS_EO_BMF,_INGESTED_AT,1983563,1983563,1983563,day,True,,False,True,0,0,0,0,0,0,2026-08-10 03:38:43.773,2026-08-10 03:38:43.773,2026,2026,TIMESTAMP_NTZ
SCIENCE_RESEARCH.SCIENCE_RESEARCH__FED_NIH_REPORTER,FISCAL_YEAR,2122611,2122611,0,year,True,year_only,False,False,0,0,0,0,0,0,,,2000,2026,NUMBER
SCIENCE_RESEARCH.SCIENCE_RESEARCH__FED_NIH_REPORTER,PROJECT_START_DATE,2122611,1895660,1895660,day,True,,False,False,0,0,0,0,0,0,1965-06-01,2026-08-25,1965,2026,DATE
SCIENCE_RESEARCH.SCIENCE_RESEARCH__FED_NIH_REPORTER,PROJECT_END_DATE,2122611,1899434,1899432,day,True,,True,False,0,0,0,0,0,2,1987-05-31,2035-09-29,1987,2035,DATE
SCIENCE_RESEARCH.SCIENCE_RESEARCH__FED_NIH_REPORTER,BUDGET_START_DATE,2122611,1993071,1993071,day,True,,False,False,0,0,0,0,0,0,1978-03-01,2026-08-08,1978,2026,DATE
SCIENCE_RESEARCH.SCIENCE_RESEARCH__FED_NIH_REPORTER,BUDGET_END_DATE,2122611,1993239,1993239,day,True,,True,False,0,0,0,0,0,0,1899-12-31,2031-02-28,1899,2031,DATE
SCIENCE_RESEARCH.SCIENCE_RESEARCH__FED_NIH_REPORTER,AWARD_NOTICE_DATE,2122611,1858660,1858660,day,True,,False,False,0,0,0,0,0,0,1999-10-20,2026-08-08,1999,2026,DATE
SCIENCE_RESEARCH.SCIENCE_RESEARCH__FED_NIH_REPORTER,DATE_ADDED,2122611,2122611,2122611,day,True,,False,False,0,0,0,0,0,0,2011-01-01 00:00:00.000,2026-08-08 17:03:55.000,2011,2026,TIMESTAMP_NTZ
SCIENCE_RESEARCH.SCIENCE_RESEARCH__FED_NIH_REPORTER,_INGESTED_AT,2122611,2122611,0,none,False,,False,True,2122611,0,0,2122611,0,0,,,,,TIMESTAMP_NTZ
ECONOMICS.ECONOMICS__FED_SBA_LOANS,APPROVAL_DATE,2174502,2174502,2174502,day,True,,False,False,0,0,0,0,0,0,1990-10-01,2026-03-31,1990,2026,DATE
ECONOMICS.ECONOMICS__FED_SBA_LOANS,APPROVAL_FISCAL_YEAR,2174502,2174502,0,year,True,year_only,False,False,0,0,0,0,0,0,,,1991,2026,NUMBER
ECONOMICS.ECONOMICS__FED_SBA_LOANS,FIRST_DISBURSEMENT_DATE,2174502,1869773,1869773,day,True,,False,False,0,0,0,0,0,0,1987-04-01,2028-06-18,1987,2028,DATE
ECONOMICS.ECONOMICS__FED_SBA_LOANS,TERM_MONTHS,2174502,2174502,0,none,False,,True,False,0,0,0,0,0,0,,,,,NUMBER
ECONOMICS.ECONOMICS__FED_SBA_LOANS,BUSINESS_AGE,2174502,2174502,0,none,False,,False,False,0,0,0,0,0,0,,,,,TEXT
ECONOMICS.ECONOMICS__FED_SBA_LOANS,PAID_IN_FULL_DATE,2174502,1283167,1283167,day,True,,False,False,0,0,0,0,0,0,2005-05-31,2026-02-28,2005,2026,DATE
ECONOMICS.ECONOMICS__FED_SBA_LOANS,CHARGEOFF_DATE,2174502,251499,251499,day,True,,False,False,0,0,0,0,0,0,1991-10-08,2026-10-22,1991,2026,DATE
CONSUMER_SAFETY.CONSUMER_SAFETY__FED_NHTSA_COMPLAINTS,MODEL_YEAR,2227941,2227941,0,year,True,year_only,False,False,0,0,0,0,0,0,,,1949,2027,TEXT
CONSUMER_SAFETY.CONSUMER_SAFETY__FED_NHTSA_COMPLAINTS,FAIL_DATE,2227941,2117797,2117711,day,True,,False,False,89,0,3,0,80,6,1900-01-01,2026-07-21,1900,2026,DATE
CONSUMER_SAFETY.CONSUMER_SAFETY__FED_NHTSA_COMPLAINTS,DATE_RECEIVED,2227941,2227930,2227930,day,True,,False,False,0,0,0,0,0,0,1995-01-01,2026-07-22,1995,2026,DATE
CONSUMER_SAFETY.CONSUMER_SAFETY__FED_NHTSA_COMPLAINTS,_LOADED_AT,2227941,2227941,2227941,day,True,,False,True,0,0,0,0,0,0,2026-07-24 00:42:26.000,2026-07-24 00:42:26.000,2026,2026,TIMESTAMP_NTZ
ENVIRONMENT.ENVIRONMENT__FED_EPA_SDWA_SDWA_SITE_VISITS,SUBMISSIONYEARQUARTER,2495249,2495249,0,quarter,True,year_quarter,False,False,0,0,0,0,0,0,,,2026,2026,TEXT
ENVIRONMENT.ENVIRONMENT__FED_EPA_SDWA_SDWA_SITE_VISITS,VISIT_DATE,2495249,2495234,2495234,day,True,,False,False,11,0,11,0,0,0,1900-01-01,2026-06-24,1900,2026,DATE
ENVIRONMENT.ENVIRONMENT__FED_EPA_SDWA_SDWA_SITE_VISITS,FIRST_REPORTED_DATE,2495249,2495249,2495249,day,True,,False,False,0,0,0,0,0,0,1995-07-22,2026-07-01,1995,2026,DATE
ENVIRONMENT.ENVIRONMENT__FED_EPA_SDWA_SDWA_SITE_VISITS,LAST_REPORTED_DATE,2495249,2010869,2010869,day,True,,False,False,0,0,0,0,0,0,2005-11-15,2026-07-01,2005,2026,DATE
IMMIGRATION.IMMIGRATION__FED_ICE_DETENTION_STINTS,STAY_BOOK_IN_AT,2571975,2571975,2571975,day,True,,False,False,0,0,0,0,0,0,2004-12-05 22:30:00.000,2026-03-11 00:30:00.000,2004,2026,TIMESTAMP_NTZ
IMMIGRATION.IMMIGRATION__FED_ICE_DETENTION_STINTS,BOOK_IN_AT,2571975,2571975,2571975,day,True,,False,False,0,0,0,0,0,0,2004-12-05 22:30:00.000,2026-03-11 00:30:00.000,2004,2026,TIMESTAMP_NTZ
IMMIGRATION.IMMIGRATION__FED_ICE_DETENTION_STINTS,BOOK_OUT_AT,2571975,2510343,2510343,day,True,,False,False,0,0,0,0,0,0,2022-10-01 01:25:00.000,2026-03-11 00:27:00.000,2022,2026,TIMESTAMP_NTZ
IMMIGRATION.IMMIGRATION__FED_ICE_DETENTION_STINTS,STAY_BOOK_OUT_AT,2571975,2397989,2397989,day,True,,False,False,0,0,0,0,0,0,2022-10-01 05:40:00.000,2026-03-11 00:22:00.000,2022,2026,TIMESTAMP_NTZ
IMMIGRATION.IMMIGRATION__FED_ICE_DETENTION_STINTS,STAY_BOOK_OUT_DATE,2571975,2397989,2397989,day,True,,False,False,0,0,0,0,0,0,2022-10-01,2026-03-11,2022,2026,DATE
IMMIGRATION.IMMIGRATION__FED_ICE_DETENTION_STINTS,BIRTH_YEAR,2571975,2571974,0,year,True,year_only,False,False,0,0,0,0,0,0,,,1930,2025,NUMBER
IMMIGRATION.IMMIGRATION__FED_ICE_DETENTION_STINTS,ENTRY_DATE,2571975,1552125,1552125,day,True,,False,False,0,0,0,0,0,0,1916-12-26,2026-03-11,1916,2026,DATE
IMMIGRATION.IMMIGRATION__FED_ICE_DETENTION_STINTS,MSC_CHARGE_DATE,2571975,803679,803679,day,True,,False,False,13,13,0,0,0,0,1923-02-19,2027-02-01,1923,2027,DATE
IMMIGRATION.IMMIGRATION__FED_ICE_DETENTION_STINTS,MSC_CONVICTION_DATE,2571975,822802,822802,day,True,,False,False,0,0,0,0,0,0,1966-11-09,2026-03-10,1966,2026,DATE
IMMIGRATION.IMMIGRATION__FED_ICE_DETENTION_STINTS,MSC_SENTENCE_DAYS,2571975,275723,0,none,False,,False,False,0,0,0,0,0,0,,,,,NUMBER
IMMIGRATION.IMMIGRATION__FED_ICE_DETENTION_STINTS,MSC_SENTENCE_MONTHS,2571975,171979,0,none,False,,False,False,0,0,0,0,0,0,,,,,NUMBER
IMMIGRATION.IMMIGRATION__FED_ICE_DETENTION_STINTS,MSC_SENTENCE_YEARS,2571975,153455,0,none,False,,False,False,0,0,0,0,0,0,,,,,NUMBER
FINANCE.FINANCE__FED_SEC_INSIDER_NONDERIV_TRANS,TRANSACTION_DATE,2672841,2672840,2672824,day,True,,False,False,16,0,0,0,15,1,1987-10-07,2033-12-11,1987,2033,DATE
FINANCE.FINANCE__FED_SEC_INSIDER_NONDERIV_TRANS,_LOADED_AT,2672841,2672841,2672841,day,True,,False,True,0,0,0,0,0,0,2026-07-24 02:30:07.000,2026-07-24 02:30:07.000,2026,2026,TIMESTAMP_NTZ
ENVIRONMENT.ENVIRONMENT__FED_EPA_RCRA_VIOSNC_HISTORY,STATUS_MONTH_ID,2675581,2675581,0,none,False,,False,False,0,0,0,0,0,0,,,,,TEXT
ENVIRONMENT.ENVIRONMENT__FED_EPA_RCRA_VIOSNC_HISTORY,YRMONTH,2675581,2675581,0,month,True,yyyymm,False,False,0,0,0,0,0,0,,,1980,2026,TEXT
HEALTH.HEALTH__FED_FDA_MAUDE,DATE_RECEIVED,2743561,2743561,2743561,day,True,,False,False,0,0,0,0,0,0,2020-01-01,2021-09-30,2020,2021,DATE
HEALTH.HEALTH__FED_FDA_MAUDE,DATE_OF_EVENT,2743561,2379083,2379083,day,True,,False,False,10,0,10,0,0,0,1900-01-01,2026-06-04,1900,2026,DATE
HEALTH.HEALTH__FED_FDA_MAUDE,DATE_REPORT,2743561,2497805,2497805,day,True,,False,False,0,0,0,0,0,0,1979-08-06,2026-06-30,1979,2026,DATE
HEALTH.HEALTH__FED_FDA_MAUDE,_INGESTED_AT,2743561,2743561,2743561,day,True,,False,True,0,0,0,0,0,0,2026-08-06 00:25:45.000,2026-08-06 00:25:45.000,2026,2026,TIMESTAMP_NTZ
FINANCE.FINANCE__FED_FDIC_SOD_BRANCH_DEPOSITS,BRANCH_YEAR_KEY,2823000,2823000,0,none,False,iso,False,False,0,0,0,0,0,0,,,,,TEXT
FINANCE.FINANCE__FED_FDIC_SOD_BRANCH_DEPOSITS,SURVEY_YEAR,2823000,2823000,0,year,True,year_only,False,False,0,0,0,0,0,0,,,1994,2025,NUMBER
FINANCE.FINANCE__FED_FDIC_SOD_BRANCH_DEPOSITS,SIMS_ACQUIRED_DATE,2823000,1423014,1423014,day,True,,False,False,0,0,0,0,0,0,1970-01-02,2025-06-27,1970,2025,DATE
FINANCE.FINANCE__FED_FDIC_SOD_BRANCH_DEPOSITS,SIMS_ESTABLISHED_DATE,2823000,2644701,2644701,day,True,,False,False,5165,159,5006,0,0,0,1782-01-01,2025-06-30,1782,2025,DATE
FINANCE.FINANCE__FED_FDIC_SOD_BRANCH_DEPOSITS,INSURED_BRANCH_TIME_SAVINGS_DEPOSITS_THOUSANDS,2823000,1535367,0,month,True,yyyymm,False,False,0,0,0,0,0,0,,,1793,1945,NUMBER
FINANCE.FINANCE__FED_FDIC_SOD_BRANCH_DEPOSITS,CONSOLIDATED_REPORTING_CODE,2823000,75698,0,none,False,,False,False,0,0,0,0,0,0,,,,,TEXT
FINANCE.FINANCE__FED_FDIC_SOD_BRANCH_DEPOSITS,_INGESTED_AT,2823000,2823000,2823000,day,True,,False,True,0,0,0,0,0,0,2026-08-10 19:22:47.335,2026-08-10 19:22:47.335,2026,2026,TIMESTAMP_NTZ
HOUSING.HOUSING__FED_FEMA_IA_HOUSING_REGISTRATIONS,APPLIED_DATE,3080000,3079996,3079994,day,True,,False,False,2,0,0,0,2,0,2000-01-15,2026-08-05,2000,2026,DATE
HOUSING.HOUSING__FED_FEMA_IA_HOUSING_REGISTRATIONS,DECLARATION_DATE,3080000,3080000,3080000,day,True,,False,False,0,0,0,0,0,0,2002-10-24,2026-08-03,2002,2026,DATE
HOUSING.HOUSING__FED_FEMA_IA_HOUSING_REGISTRATIONS,CENSUS_YEAR,3080000,3080000,0,year,True,year_only,False,False,0,0,0,0,0,0,,,2000,2020,TEXT
HOUSING.HOUSING__FED_FEMA_IA_HOUSING_REGISTRATIONS,APPLICANT_AGE,3080000,3031121,0,none,False,,False,False,0,0,0,0,0,0,,,,,TEXT
HOUSING.HOUSING__FED_FEMA_IA_HOUSING_REGISTRATIONS,INSPN_ISSUED,3080000,3080000,0,none,False,,False,False,0,0,0,0,0,0,,,,,TEXT
HOUSING.HOUSING__FED_FEMA_IA_HOUSING_REGISTRATIONS,RENTAL_ASSISTANCE_END_DATE,3080000,11499,11499,day,True,,True,False,0,0,0,0,0,0,2006-02-28,2026-11-30,2006,2026,DATE
HOUSING.HOUSING__FED_FEMA_IA_HOUSING_REGISTRATIONS,SBA_APPROVED,3080000,3080000,0,none,False,,False,False,0,0,0,0,0,0,,,,,TEXT
LABOR.LABOR__FED_MSHA_VIOLATIONS,VIOLATION_OCCUR_DATE,3087265,3087265,3087265,day,True,,False,False,0,0,0,0,0,0,1994-09-09,2026-07-18,1994,2026,DATE
LABOR.LABOR__FED_MSHA_VIOLATIONS,VIOLATION_ISSUE_DATE,3087265,3087265,3087265,day,True,,False,False,0,0,0,0,0,0,1994-09-09,2026-07-18,1994,2026,DATE
LABOR.LABOR__FED_MSHA_VIOLATIONS,CAL_YR,3087265,3087265,0,year,True,year_only,False,False,0,0,0,0,0,0,,,1994,2026,NUMBER
LABOR.LABOR__FED_MSHA_VIOLATIONS,VIOLATOR_INSPECTION_DAY_CNT,3087265,3019763,0,year,True,year_only,False,False,0,0,0,0,0,0,,,1700,2035,NUMBER
LABOR.LABOR__FED_MSHA_VIOLATIONS,_LOADED_AT,3087265,3087265,3087265,day,True,,False,True,0,0,0,0,0,0,2026-07-24 00:46:22.000,2026-07-24 00:46:22.000,2026,2026,TIMESTAMP_NTZ
_RESTORE_20260731.JUSTICE__FED_MSHA_VIOLATIONS,INSPECTION_BEGIN_DT,3087266,3087266,0,none,False,,False,False,0,0,0,0,0,0,,,,,TEXT
_RESTORE_20260731.JUSTICE__FED_MSHA_VIOLATIONS,INSPECTION_END_DT,3087266,3087266,0,none,False,,True,False,0,0,0,0,0,0,,,,,TEXT
_RESTORE_20260731.JUSTICE__FED_MSHA_VIOLATIONS,VIOLATION_ISSUE_DT,3087266,0,0,none,False,,False,False,0,0,0,0,0,0,,,,,FLOAT
_RESTORE_20260731.JUSTICE__FED_MSHA_VIOLATIONS,VIOLATION_OCCUR_DT,3087266,0,0,none,False,,False,False,0,0,0,0,0,0,,,,,FLOAT
_RESTORE_20260731.JUSTICE__FED_MSHA_VIOLATIONS,CAL_YR,3087266,3087266,0,year,True,year_only,False,False,0,0,0,0,0,0,,,1994,2026,TEXT
_RESTORE_20260731.JUSTICE__FED_MSHA_VIOLATIONS,CAL_QTR,3087266,3087266,0,none,False,,False,False,0,0,0,0,0,0,,,,,TEXT
_RESTORE_20260731.JUSTICE__FED_MSHA_VIOLATIONS,FISCAL_YR,3087266,3087266,0,year,True,year_only,False,False,0,0,0,0,0,0,,,1994,2026,TEXT
_RESTORE_20260731.JUSTICE__FED_MSHA_VIOLATIONS,FISCAL_QTR,3087266,3087266,0,none,False,,False,False,0,0,0,0,0,0,,,,,TEXT
_RESTORE_20260731.JUSTICE__FED_MSHA_VIOLATIONS,VIOLATION_ISSUE_TIME,3087266,0,0,none,False,,False,False,0,0,0,0,0,0,,,,,FLOAT
_RESTORE_20260731.JUSTICE__FED_MSHA_VIOLATIONS,ORIG_TERM_DUE_DT,3087266,3087266,0,none,False,,True,False,0,0,0,0,0,0,,,,,TEXT
_RESTORE_20260731.JUSTICE__FED_MSHA_VIOLATIONS,ORIG_TERM_DUE_TIME,3087266,3087266,0,none,False,,True,False,0,0,0,0,0,0,,,,,TEXT
_RESTORE_20260731.JUSTICE__FED_MSHA_VIOLATIONS,LATEST_TERM_DUE_DT,3087266,0,0,none,False,,True,False,0,0,0,0,0,0,,,,,FLOAT
ENVIRONMENT.ENVIRONMENT__FED_EPA_ECHO,QUARTERS_WITH_NONCOMPLIANCE,3135554,3056647,0,none,False,,False,False,0,0,0,0,0,0,,,,,NUMBER
ENVIRONMENT.ENVIRONMENT__FED_EPA_ECHO,THREE_YR_COMPLIANCE_HISTORY,3135554,3135554,0,none,False,,False,False,0,0,0,0,0,0,,,,,TEXT
ENVIRONMENT.ENVIRONMENT__FED_EPA_ECHO,DATE_LAST_INSPECTION,3135554,565448,565447,day,True,,False,False,1,0,0,0,1,0,1908-07-09,2026-06-19,1908,2026,DATE
ENVIRONMENT.ENVIRONMENT__FED_EPA_ECHO,DAYS_SINCE_LAST_INSPECTION,3135554,565448,0,year,True,year_only,False,False,0,0,0,0,0,0,,,1700,2035,NUMBER
ENVIRONMENT.ENVIRONMENT__FED_EPA_ECHO,DATE_LAST_FORMAL_ACTION,3135554,245549,245549,day,True,,False,False,1,0,1,0,0,0,1900-01-01,2026-06-18,1900,2026,DATE
ENVIRONMENT.ENVIRONMENT__FED_EPA_ECHO,DATE_LAST_PENALTY,3135554,121824,121824,day,True,,False,False,1,0,1,0,0,0,1900-01-01,2026-06-18,1900,2026,DATE
CORPORATE_REGISTRY.CORPORATE_REGISTRY__FED_ICIJ_OFFSHORELEAKS_RELATIONSHIPS,NODE_ID_START,3339267,3339267,711,day,True,yyyymmdd,False,False,0,0,0,0,0,0,2000-02-02,2017-12-04,1700,2035,TEXT
CORPORATE_REGISTRY.CORPORATE_REGISTRY__FED_ICIJ_OFFSHORELEAKS_RELATIONSHIPS,NODE_ID_END,3339267,3339267,7708,day,True,yyyymmdd,True,False,0,0,0,0,0,0,2000-01-01,2017-12-31,1700,2035,TEXT
CORPORATE_REGISTRY.CORPORATE_REGISTRY__FED_ICIJ_OFFSHORELEAKS_RELATIONSHIPS,START_DATE,3339267,704064,703981,day,True,,False,False,87,0,4,0,54,29,1759-12-30,2029-11-02,1759,2029,DATE
CORPORATE_REGISTRY.CORPORATE_REGISTRY__FED_ICIJ_OFFSHORELEAKS_RELATIONSHIPS,END_DATE,3339267,238130,238103,day,True,,True,False,20,0,0,0,20,7,1899-12-30,2028-12-01,1899,2028,DATE
CORPORATE_REGISTRY.CORPORATE_REGISTRY__FED_ICIJ_OFFSHORELEAKS_RELATIONSHIPS,_INGESTED_AT,3339267,3339267,0,none,False,,False,True,3339267,0,0,3339267,0,0,,,,,TIMESTAMP_NTZ
ECONOMICS.ECONOMICS__INTL_GLEIF,ENTITY_HEADQUARTERSADDRESS_XMLLANG,3382301,3382301,0,none,False,,False,False,0,0,0,0,0,0,,,,,TEXT
ECONOMICS.ECONOMICS__INTL_GLEIF,ENTITY_HEADQUARTERSADDRESS_FIRSTADDRESSLINE,3382301,3382301,0,year,True,year_only,False,False,4,0,0,0,4,0,,,1700,2015,TEXT
ECONOMICS.ECONOMICS__INTL_GLEIF,ENTITY_HEADQUARTERSADDRESS_ADDRESSNUMBER,3382301,3382301,0,year,True,year_only,False,False,0,0,0,0,0,0,,,1700,2031,TEXT
ECONOMICS.ECONOMICS__INTL_GLEIF,ENTITY_HEADQUARTERSADDRESS_ADDRESSNUMBERWITHINBUILDING,3382301,3382301,2,year,True,year_only,False,False,0,0,0,0,0,0,2001-09-25,2012-02-13,1701,2020,TEXT
ECONOMICS.ECONOMICS__INTL_GLEIF,ENTITY_HEADQUARTERSADDRESS_MAILROUTING,3382301,3382301,0,year,True,year_only,False,False,0,0,0,0,0,0,,,1777,1969,TEXT
ECONOMICS.ECONOMICS__INTL_GLEIF,ENTITY_HEADQUARTERSADDRESS_ADDITIONALADDRESSLINE_1,3382301,3382301,0,year,True,year_only,False,False,0,0,0,0,0,0,,,1700,2033,TEXT
ECONOMICS.ECONOMICS__INTL_GLEIF,ENTITY_HEADQUARTERSADDRESS_ADDITIONALADDRESSLINE_2,3382301,3382301,0,year,True,year_only,False,False,0,0,0,0,0,0,,,1703,2001,TEXT
ECONOMICS.ECONOMICS__INTL_GLEIF,ENTITY_HEADQUARTERSADDRESS_ADDITIONALADDRESSLINE_3,3382301,3382301,0,year,False,year_only,False,False,0,0,0,0,0,0,,,,,TEXT
ECONOMICS.ECONOMICS__INTL_GLEIF,ENTITY_HEADQUARTERSADDRESS_CITY,3382301,3382301,0,year,True,year_only,False,False,0,0,0,0,0,0,,,2010,2019,TEXT
ECONOMICS.ECONOMICS__INTL_GLEIF,ENTITY_HEADQUARTERSADDRESS_REGION,3382301,3382301,0,none,False,,False,False,0,0,0,0,0,0,,,,,TEXT
ECONOMICS.ECONOMICS__INTL_GLEIF,ENTITY_HEADQUARTERSADDRESS_COUNTRY,3382301,3382301,0,none,False,,False,False,0,0,0,0,0,0,,,,,TEXT
ECONOMICS.ECONOMICS__INTL_GLEIF,ENTITY_HEADQUARTERSADDRESS_POSTALCODE,3382301,3382301,0,month,True,yyyymm,False,False,0,0,0,0,0,0,,,1700,2035,TEXT
ECONOMICS.ECONOMICS__FED_BLS_QCEW,YEAR,3619437,3619437,0,year,True,year_only,False,False,0,0,0,0,0,0,,,2022,2022,NUMBER
ECONOMICS.ECONOMICS__FED_BLS_QCEW,QUARTER,3619437,0,0,none,False,,False,False,0,0,0,0,0,0,,,,,NUMBER
ECONOMICS.ECONOMICS__FED_BLS_QCEW,ANNUAL_AVG_WEEKLY_WAGE,3619437,3619437,0,year,True,year_only,False,False,0,0,0,0,0,0,,,1700,2035,NUMBER
HEALTH.HEALTH__FED_FDA_GUDID,PUBLISH_DATE,5083948,5083948,5083948,day,True,,False,False,0,0,0,0,0,0,2013-02-20,2026-04-22,2013,2026,DATE
HEALTH.HEALTH__FED_FDA_GUDID,PUBLIC_VERSION_DATE,5083948,5083948,5083948,day,True,,False,False,0,0,0,0,0,0,2018-03-29,2026-04-30,2018,2026,DATE
HEALTH.HEALTH__FED_FDA_GUDID,_INGESTED_AT,5083948,5083948,5083948,day,True,,False,True,0,0,0,0,0,0,2026-08-05 21:50:00.000,2026-08-05 21:50:00.000,2026,2026,TIMESTAMP_NTZ
_RESTORE_20260731.UNCATEGORIZED__FED_EPA_FRS_FULL,CREATE_DATE,5300149,5300149,0,none,False,,False,False,5300149,0,0,0,5300149,0,,,,,DATE
_RESTORE_20260731.UNCATEGORIZED__FED_EPA_FRS_FULL,UPDATE_DATE,5300149,2782106,0,none,False,,False,False,2782106,0,0,0,2782106,0,,,,,DATE
ENVIRONMENT.ENVIRONMENT__FED_EPA_FRS_FACILITIES,CREATE_DATE,5300149,5300149,0,none,False,,False,False,5300149,0,0,0,5300149,0,,,,,DATE
ENVIRONMENT.ENVIRONMENT__FED_EPA_FRS_FACILITIES,UPDATE_DATE,5300149,2782106,0,none,False,,False,False,2782106,0,0,0,2782106,0,,,,,DATE
ENVIRONMENT.ENVIRONMENT__FED_EPA_FRS_FACILITIES,_LOADED_AT,5300149,5300149,5300149,day,True,,False,True,0,0,0,0,0,0,2026-07-27 20:03:27.000,2026-07-27 20:03:27.000,2026,2026,TIMESTAMP_NTZ
ECONOMICS.ECONOMICS__FED_IRS_990_EFILE_INDEX,TAX_PERIOD,5544626,5544626,0,month,True,yyyymm,False,False,0,0,0,0,0,0,,,1916,2026,TEXT
ECONOMICS.ECONOMICS__FED_IRS_990_EFILE_INDEX,SUB_DATE,5544626,5544625,5544625,day,True,,False,False,0,0,0,0,0,0,2017-01-03,2026-01-01,2017,2026,DATE
ECONOMICS.ECONOMICS__FED_IRS_990_EFILE_INDEX,SUB_DATE_RAW,5544626,5544626,21,year,True,year_only,False,False,0,0,0,0,0,0,2017-01-05,2020-01-28,2022,2026,TEXT
_RESTORE_20260731.UNCATEGORIZED__INT_UK_COMPANIES_HOUSE,DISSOLUTION_DATE,5734780,5734779,0,none,False,,False,False,0,0,0,0,0,0,,,,,TEXT
_RESTORE_20260731.UNCATEGORIZED__INT_UK_COMPANIES_HOUSE,INCORPORATION_DATE,5734780,0,0,none,False,,False,False,0,0,0,0,0,0,,,,,FLOAT
_RESTORE_20260731.UNCATEGORIZED__INT_UK_COMPANIES_HOUSE,ACCOUNTS_ACCOUNT_REF_DAY,5734780,5579973,0,none,False,,False,False,0,0,0,0,0,0,,,,,NUMBER
_RESTORE_20260731.UNCATEGORIZED__INT_UK_COMPANIES_HOUSE,ACCOUNTS_ACCOUNT_REF_MONTH,5734780,5579973,0,none,False,,False,False,0,0,0,0,0,0,,,,,NUMBER
_RESTORE_20260731.UNCATEGORIZED__INT_UK_COMPANIES_HOUSE,ACCOUNTS_NEXT_DUE_DATE,5734780,0,0,none,False,,True,False,0,0,0,0,0,0,,,,,NUMBER
_RESTORE_20260731.UNCATEGORIZED__INT_UK_COMPANIES_HOUSE,ACCOUNTS_LAST_MADE_UP_DATE,5734780,0,0,none,False,,False,False,0,0,0,0,0,0,,,,,NUMBER
_RESTORE_20260731.UNCATEGORIZED__INT_UK_COMPANIES_HOUSE,RETURNS_NEXT_DUE_DATE,5734780,5734779,2205053,day,True,us,True,False,0,0,0,0,0,0,1989-02-06,2027-12-06,,,TEXT
_RESTORE_20260731.UNCATEGORIZED__INT_UK_COMPANIES_HOUSE,RETURNS_LAST_MADE_UP_DATE,5734780,5734779,604166,day,True,us,False,False,0,0,0,0,0,0,1966-11-01,2020-09-02,,,TEXT
_RESTORE_20260731.UNCATEGORIZED__INT_UK_COMPANIES_HOUSE,PREVIOUS_NAME_1_CONDATE,5734780,5734779,214635,day,True,us,False,False,0,0,0,0,0,0,2006-01-08,2026-12-05,,,TEXT
_RESTORE_20260731.UNCATEGORIZED__INT_UK_COMPANIES_HOUSE,PREVIOUS_NAME_2_CONDATE,5734780,5734779,36345,day,True,us,False,False,0,0,0,0,0,0,2006-01-08,2026-12-05,,,TEXT
_RESTORE_20260731.UNCATEGORIZED__INT_UK_COMPANIES_HOUSE,PREVIOUS_NAME_3_CONDATE,5734780,5734779,7505,day,True,us,False,False,0,0,0,0,0,0,2006-01-08,2026-12-03,,,TEXT
_RESTORE_20260731.UNCATEGORIZED__INT_UK_COMPANIES_HOUSE,PREVIOUS_NAME_4_CONDATE,5734780,5734779,1886,day,True,us,False,False,0,0,0,0,0,0,2006-01-08,2026-12-02,,,TEXT
CORPORATE_REGISTRY.CORPORATE_REGISTRY__INTL_UK_COMPANIES_HOUSE,DISSOLUTION_DATE,5734780,0,0,none,False,,False,False,0,0,0,0,0,0,,,,,DATE
CORPORATE_REGISTRY.CORPORATE_REGISTRY__INTL_UK_COMPANIES_HOUSE,INCORPORATION_DATE,5734780,5734779,5734749,day,True,,False,False,1736,9,1697,0,30,0,1701-06-16,2026-06-30,1701,2026,DATE
CORPORATE_REGISTRY.CORPORATE_REGISTRY__INTL_UK_COMPANIES_HOUSE,_LOADED_AT,5734780,5734780,5734780,day,True,,False,True,0,0,0,0,0,0,2026-07-27 20:53:42.000,2026-07-27 20:53:42.000,2026,2026,TIMESTAMP_NTZ
HEALTH.HEALTH__FED_FDA_FAERS_DEMO,EVENT_DT,5811086,4899585,4580767,day,True,yyyymmdd,False,False,0,0,0,0,0,0,1908-07-29,2033-10-23,1930,2016,TEXT
HEALTH.HEALTH__FED_FDA_FAERS_DEMO,MFR_DT,5811086,5755807,5755788,day,True,yyyymmdd,False,False,0,0,0,0,0,0,1886-01-01,2014-06-30,1954,2014,TEXT
HEALTH.HEALTH__FED_FDA_FAERS_DEMO,FDA_DT,5811086,5811086,1534886,day,True,yyyymmdd,False,False,0,0,0,0,0,0,2012-01-06,2014-06-30,,,TEXT
HEALTH.HEALTH__FED_FDA_FAERS_DEMO,AGE,5811086,4239745,0,quarter,True,year_quarter,False,False,0,0,0,0,0,0,,,1704,2035,TEXT
HEALTH.HEALTH__FED_FDA_FAERS_DEMO,AGE_COD,5811086,4893120,0,none,False,,False,False,0,0,0,0,0,0,,,,,TEXT
HEALTH.HEALTH__FED_FDA_FAERS_DEMO,REPT_DT,5811086,5273782,1530342,day,True,yyyymmdd,False,False,0,0,0,0,0,0,1913-05-03,2016-11-14,2002,2014,TEXT
HEALTH.HEALTH__FED_FDA_FAERS_DEMO,DEATH_DT,5811086,233264,0,none,False,,False,False,0,0,0,0,0,0,,,,,TEXT
HEALTH.HEALTH__FED_FDA_FAERS_DEMO,SRC_QUARTER,5811086,5811086,0,quarter,True,year_quarter,False,False,0,0,0,0,0,0,,,2004,2014,TEXT
HEALTH.HEALTH__FED_FDA_FAERS_DEMO,INIT_FDA_DT,5811086,1534886,1534886,day,True,yyyymmdd,False,False,0,0,0,0,0,0,1989-12-07,2014-06-30,,,TEXT
JUSTICE.JUSTICE__FED_FJC_IDB_CRIMINAL,FISCAL_YEAR,6299908,6299908,0,year,True,year_only,False,False,0,0,0,0,0,0,,,1996,2026,TEXT
JUSTICE.JUSTICE__FED_FJC_IDB_CRIMINAL,TAPE_YEAR,6299908,6299908,0,year,True,year_only,False,False,0,0,0,0,0,0,,,1996,2026,TEXT
JUSTICE.JUSTICE__FED_FJC_IDB_CRIMINAL,FUGITIVE_START_DATE,6299908,6299908,6299908,day,True,,False,False,4872717,0,4872717,0,0,0,1900-01-01,2026-04-09,1900,2026,DATE
JUSTICE.JUSTICE__FED_FJC_IDB_CRIMINAL,FUGITIVE_END_DATE,6299908,6299908,6299908,day,True,,True,False,5260985,0,5260985,0,0,0,1900-01-01,2026-04-13,1900,2026,DATE
JUSTICE.JUSTICE__FED_FJC_IDB_CRIMINAL,FILE_DATE,6299908,6299908,6299908,day,True,,False,False,97,97,0,0,0,0,1904-03-23,2026-04-01,1904,2026,DATE
JUSTICE.JUSTICE__FED_FJC_IDB_CRIMINAL,PROCEEDING_DATE,6299908,6299908,6299908,day,True,,False,False,97,97,0,0,0,0,1907-07-22,2026-03-31,1907,2026,DATE
JUSTICE.JUSTICE__FED_FJC_IDB_CRIMINAL,APP_DATE,6299908,6299908,6299908,day,True,,False,False,1853724,0,1853724,0,0,0,1900-01-01,2026-04-10,1900,2026,DATE
JUSTICE.JUSTICE__FED_FJC_IDB_CRIMINAL,C_UPDATE,6299908,6299908,6299908,day,True,us,False,False,2584772,0,2584772,0,0,0,1900-01-01,2012-02-13,,,TEXT
JUSTICE.JUSTICE__FED_FJC_IDB_CRIMINAL,DISPOSITION_DATE,6299908,6299908,6299908,day,True,,False,False,3815955,0,3815955,0,0,0,1900-01-01,2026-03-31,1900,2026,DATE
JUSTICE.JUSTICE__FED_FJC_IDB_CRIMINAL,SENTENCE_DATE,6299908,6299908,6299908,day,True,,False,False,4062155,0,4062155,0,0,0,1900-01-01,2026-03-31,1900,2026,DATE
JUSTICE.JUSTICE__FED_FJC_IDB_CRIMINAL,TERM_DATE,6299908,6299908,6299908,day,True,,True,False,3815955,0,3815955,0,0,0,1900-01-01,2026-03-31,1900,2026,DATE
JUSTICE.JUSTICE__FED_FJC_IDB_CRIMINAL,TERM_OFFICE,6299908,6299908,0,none,False,,True,False,0,0,0,0,0,0,,,,,TEXT
ECONOMICS.ECONOMICS__FED_USASPENDING_CONTRACTS,ACTION_DATE,6325622,6325622,6325622,day,True,iso,False,False,0,0,0,0,0,0,2024-10-01,2025-09-30,,,TEXT
ECONOMICS.ECONOMICS__FED_USASPENDING_CONTRACTS,PERIOD_OF_PERFORMANCE_START_DATE,6325622,6325622,6325621,day,True,iso,False,False,0,0,0,0,0,0,1977-01-17,2032-09-29,,,TEXT
ECONOMICS.ECONOMICS__FED_USASPENDING_CONTRACTS,PERIOD_OF_PERFORMANCE_CURRENT_END_DATE,6325622,6325622,6323396,day,True,iso,True,False,0,0,0,0,0,2226,2000-05-15,2035-12-31,,,TEXT
ECONOMICS.ECONOMICS__FED_USASPENDING_CONTRACTS,LAST_MODIFIED_DATE,6325622,6325622,6325622,day,True,iso,False,False,0,0,0,0,0,0,2024-09-30,2026-06-23,,,TEXT
ENVIRONMENT.ENVIRONMENT__FED_USGS_WATER,DATETIME,6694816,6694816,6694816,day,True,iso,False,False,0,0,0,0,0,0,2026-06-25,2026-07-02,,,TEXT
JUSTICE.JUSTICE__FED_FJC_IDB_BANKRUPTCY,SNAPSHOT_FILED_FLAG,6965441,6965441,0,none,False,,False,False,0,0,0,0,0,0,,,,,TEXT
JUSTICE.JUSTICE__FED_FJC_IDB_BANKRUPTCY,SNAPSHOT_CLOSED_FLAG,6965441,6965441,0,none,False,,True,False,0,0,0,0,0,0,,,,,TEXT
JUSTICE.JUSTICE__FED_FJC_IDB_BANKRUPTCY,ORIGINAL_FILING_DATE,6965441,6965441,6965441,day,True,,False,False,6,6,0,0,0,0,1923-08-25,2026-03-31,1923,2026,DATE
JUSTICE.JUSTICE__FED_FJC_IDB_BANKRUPTCY,FILE_DATE,6965441,6965441,6965441,day,True,,False,False,0,0,0,0,0,0,1950-06-03,2026-03-31,1950,2026,DATE
JUSTICE.JUSTICE__FED_FJC_IDB_BANKRUPTCY,FILING_CALENDAR_YEAR,6965441,6965441,0,year,True,year_only,True,False,0,0,0,0,0,0,,,1950,2026,TEXT
JUSTICE.JUSTICE__FED_FJC_IDB_BANKRUPTCY,FILING_FISCAL_YEAR,6965441,6965441,0,year,True,year_only,False,False,0,0,0,0,0,0,,,1950,2026,TEXT
JUSTICE.JUSTICE__FED_FJC_IDB_BANKRUPTCY,DEBTOR1_CHANGE_DATE,6965441,102985,102985,day,True,,False,False,0,0,0,0,0,0,2006-10-15,2026-04-08,2006,2026,DATE
JUSTICE.JUSTICE__FED_FJC_IDB_BANKRUPTCY,DEBTOR2_CHANGE_DATE,6965441,23487,23487,day,True,,False,False,0,0,0,0,0,0,2006-10-17,2026-04-08,2006,2026,DATE
JUSTICE.JUSTICE__FED_FJC_IDB_BANKRUPTCY,COUNT_MONTHLY_INCOME,6965441,6965441,0,none,False,,False,False,0,0,0,0,0,0,,,,,TEXT
JUSTICE.JUSTICE__FED_FJC_IDB_BANKRUPTCY,AVG_MONTHLY_INCOME,6965441,6642691,0,year,True,year_only,False,False,0,0,0,0,0,0,,,1700,2035,NUMBER
JUSTICE.JUSTICE__FED_FJC_IDB_BANKRUPTCY,AVG_MONTHLY_EXPENSES,6965441,6642740,0,year,True,year_only,False,False,0,0,0,0,0,0,,,1700,2035,NUMBER
JUSTICE.JUSTICE__FED_FJC_IDB_BANKRUPTCY,CLOSE_DATE,6965441,2810400,2810400,day,True,,True,False,0,0,0,0,0,0,2020-10-01,2026-04-15,2020,2026,DATE
CORPORATE_REGISTRY.CORPORATE_REGISTRY__UK_COMPANIES_HOUSE_PSC,DOB_MONTH,7000000,6489408,0,none,False,,False,False,0,0,0,0,0,0,,,,,NUMBER
CORPORATE_REGISTRY.CORPORATE_REGISTRY__UK_COMPANIES_HOUSE_PSC,DOB_YEAR,7000000,6489408,0,year,True,year_only,False,False,0,0,0,0,0,0,,,1775,2024,NUMBER
CORPORATE_REGISTRY.CORPORATE_REGISTRY__UK_COMPANIES_HOUSE_PSC,NOTIFIED_ON,7000000,6999759,6999759,day,True,,False,False,0,0,0,0,0,0,1776-07-04,2026-06-04,1776,2026,DATE
CORPORATE_REGISTRY.CORPORATE_REGISTRY__UK_COMPANIES_HOUSE_PSC,CEASED_ON,7000000,1200411,1200411,day,True,,False,False,0,0,0,0,0,0,1962-09-16,2026-08-04,1962,2026,DATE
ENVIRONMENT.ENVIRONMENT__FED_FRACFOCUS_REGISTRY,JOB_START_DATE,7200550,0,0,none,False,,False,False,0,0,0,0,0,0,,,,,DATE
ENVIRONMENT.ENVIRONMENT__FED_FRACFOCUS_REGISTRY,JOB_END_DATE,7200550,0,0,none,False,,True,False,0,0,0,0,0,0,,,,,DATE
ENVIRONMENT.ENVIRONMENT__FED_EPA_NPDES_NPDES_QNCR_HISTORY,YEARQTR,7951656,7951656,0,quarter,True,year_quarter,False,False,0,0,0,0,0,0,,,1973,2033,TEXT
HEALTH.HEALTH__FED_CMS_NPPES,PROVIDER_ENUMERATION_DATE,9606683,9260504,9260504,day,True,,False,False,0,0,0,0,0,0,2005-05-23,2026-06-06,2005,2026,DATE
HEALTH.HEALTH__FED_CMS_NPPES,LAST_UPDATE_DATE,9606683,9260504,9260504,day,True,,False,False,0,0,0,0,0,0,2007-07-08,2026-06-08,2007,2026,DATE
HEALTH.HEALTH__FED_CMS_NPPES,NPI_DEACTIVATION_DATE,9606683,364602,364602,day,True,,False,False,0,0,0,0,0,0,2005-05-23,2026-06-07,2005,2026,DATE
HEALTH.HEALTH__FED_CMS_NPPES,NPI_REACTIVATION_DATE,9606683,18426,18426,day,True,,False,False,0,0,0,0,0,0,2005-05-24,2026-06-05,2005,2026,DATE
HEALTH.HEALTH__FED_CMS_NPPES,CERTIFICATION_DATE,9606683,4941497,4941497,day,True,,False,False,0,0,0,0,0,0,2010-11-24,2026-06-08,2010,2026,DATE
HEALTH.HEALTH__FED_CMS_MEDICARE_PHYSICIAN_OTHER_PRACTITIONERS_BY_PROVIDER_AND_SERVI,TOT_BENE_DAY_SRVCS,9781673,9781673,0,year,True,year_only,False,False,0,0,0,0,0,0,,,1700,2035,TEXT
CONSUMER_SAFETY.CONSUMER_SAFETY__FED_CPSC_NEISS,TREATMENT_DATE,9794971,9794877,9794877,day,True,,False,False,0,0,0,0,0,0,1999-01-01,2025-12-31,1999,2025,DATE
CONSUMER_SAFETY.CONSUMER_SAFETY__FED_CPSC_NEISS,DATA_YEAR,9794971,9794971,0,year,True,year_only,False,False,0,0,0,0,0,0,,,1999,2025,NUMBER
CONSUMER_SAFETY.CONSUMER_SAFETY__FED_CPSC_NEISS,AGE,9794971,9794971,0,none,False,,False,False,0,0,0,0,0,0,,,,,NUMBER
CONSUMER_SAFETY.CONSUMER_SAFETY__FED_CPSC_NEISS,_LOADED_AT,9794971,9794971,0,none,False,,False,True,9794971,0,0,9794971,0,0,,,,,TIMESTAMP_NTZ
HEALTH.HEALTH__FED_FDA_FAERS_INDI,SRC_QUARTER,9833260,9833260,0,quarter,True,year_quarter,False,False,0,0,0,0,0,0,,,2004,2014,TEXT
JUSTICE.JUSTICE__FED_COURTLISTENER_OPINION_CLUSTERS,DATE_CREATED,10070727,10070727,10070727,day,True,,False,False,0,0,0,0,0,0,2014-10-30,2026-06-30,2014,2026,DATE
JUSTICE.JUSTICE__FED_COURTLISTENER_OPINION_CLUSTERS,DATE_MODIFIED,10070727,10070727,10070727,day,True,,False,False,0,0,0,0,0,0,2014-10-30,2026-06-30,2014,2026,DATE
JUSTICE.JUSTICE__FED_COURTLISTENER_OPINION_CLUSTERS,DATE_FILED,10070727,10070727,10069866,day,True,,False,False,946,3,82,0,861,0,1700-05-08,2028-04-13,1700,2028,DATE
JUSTICE.JUSTICE__FED_COURTLISTENER_OPINION_CLUSTERS,DATE_FILED_IS_APPROXIMATE,10070727,0,0,none,False,,False,False,0,0,0,0,0,0,,,,,DATE
JUSTICE.JUSTICE__FED_COURTLISTENER_OPINION_CLUSTERS,OTHER_DATES,10070727,81,81,day,True,,False,False,67,67,0,0,0,0,1947-09-25,2017-09-22,1947,2017,DATE
JUSTICE.JUSTICE__FED_COURTLISTENER_OPINION_CLUSTERS,DATE_BLOCKED,10070727,811772,811772,day,True,,False,False,0,0,0,0,0,0,2010-07-20,2026-06-30,2010,2026,DATE
JUSTICE.JUSTICE__FED_COURTLISTENER_FJC_IDB_CL_LINKED,DATE_CREATED,10323280,10323280,10323280,day,True,,False,False,0,0,0,0,0,0,2017-09-17,2022-06-03,2017,2022,DATE
JUSTICE.JUSTICE__FED_COURTLISTENER_FJC_IDB_CL_LINKED,DATE_MODIFIED,10323280,10323280,10323280,day,True,,False,False,0,0,0,0,0,0,2017-09-17,2022-06-03,2017,2022,DATE
JUSTICE.JUSTICE__FED_COURTLISTENER_FJC_IDB_CL_LINKED,DATE_FILED,10323280,10323280,10323280,day,True,,False,False,0,0,0,0,0,0,1901-01-01,2022-03-31,1901,2022,DATE
JUSTICE.JUSTICE__FED_COURTLISTENER_FJC_IDB_CL_LINKED,DATE_TRANSFER,10323280,84533,84533,day,True,,False,False,0,0,0,0,0,0,1931-01-01,2031-01-01,1931,2031,DATE
JUSTICE.JUSTICE__FED_COURTLISTENER_FJC_IDB_CL_LINKED,DATE_TERMINATED,10323280,9222733,9222733,day,True,,True,False,0,0,0,0,0,0,1973-03-28,2022-03-31,1973,2022,DATE
JUSTICE.JUSTICE__FED_COURTLISTENER_FJC_IDB_CL_LINKED,AMOUNT_RECEIVED,10323280,8221685,0,year,True,year_only,False,False,0,0,0,0,0,0,,,1700,2035,FLOAT
JUSTICE.JUSTICE__FED_COURTLISTENER_FJC_IDB_CL_LINKED,YEAR_OF_TAPE,10323280,10323280,0,year,True,year_only,False,False,0,0,0,0,0,0,,,1988,2022,TEXT
ENVIRONMENT.ENVIRONMENT__FED_EPA_AIR_EMISSIONS_POLL_RPT_COMBINED_EMISSIONS,REPORTING_YEAR,10411826,10411826,0,year,True,year_only,False,False,0,0,0,0,0,0,,,2008,2024,TEXT
JUSTICE.JUSTICE__FED_FJC_IDB_CIVIL,TAPE_YEAR,10857396,10857396,0,year,True,year_only,False,False,0,0,0,0,0,0,,,1988,2026,TEXT
JUSTICE.JUSTICE__FED_FJC_IDB_CIVIL,FILE_DATE,10857396,10857396,10857396,day,True,,False,False,0,0,0,0,0,0,1901-01-01,2026-03-31,1901,2026,DATE
JUSTICE.JUSTICE__FED_FJC_IDB_CIVIL,FILE_DATE_USE,10857396,10857396,10857396,day,True,us,False,False,0,0,0,0,0,0,1901-01-01,2026-03-01,,,TEXT
JUSTICE.JUSTICE__FED_FJC_IDB_CIVIL,TRANSFER_DATE,10857396,114932,114932,day,True,,False,False,0,0,0,0,0,0,1931-01-01,2031-01-01,1931,2031,DATE
JUSTICE.JUSTICE__FED_FJC_IDB_CIVIL,TERM_DATE,10857396,10857390,10857390,day,True,,True,False,462223,0,462223,0,0,0,1900-01-01,2026-03-31,1900,2026,DATE
JUSTICE.JUSTICE__FED_FJC_IDB_CIVIL,TERM_DATE_USE,10857396,10857396,10395168,day,True,us,True,False,0,0,0,0,0,0,1987-07-01,2026-03-01,,,TEXT
JUSTICE.JUSTICE__FED_FJC_IDB_CIVIL,TERM_CLASS_ACTION,10857396,10857396,0,none,False,,True,False,0,0,0,0,0,0,,,,,TEXT
JUSTICE.JUSTICE__FED_FJC_IDB_CIVIL,TERM_JUDGE,10857396,10857396,0,none,False,,True,False,0,0,0,0,0,0,,,,,TEXT
JUSTICE.JUSTICE__FED_FJC_IDB_CIVIL,TERM_MAGISTRATE,10857396,10857396,0,none,False,,True,False,0,0,0,0,0,0,,,,,TEXT
JUSTICE.JUSTICE__FED_FJC_IDB_CIVIL,AMOUNT_RECEIVED,10857396,10857396,0,year,True,year_only,False,False,0,0,0,0,0,0,,,1700,2035,NUMBER
JUSTICE.JUSTICE__FED_FJC_IDB_CIVIL,ISSUE_JOINED_DATE,10857396,3744484,3744483,day,True,,False,False,1,0,0,0,0,1,1900-05-21,2035-05-21,1900,2035,DATE
JUSTICE.JUSTICE__FED_FJC_IDB_CIVIL,PRETRIAL_DATE,10857396,813782,813782,day,True,,False,False,0,0,0,0,0,0,1909-09-07,2026-03-31,1909,2026,DATE
HEALTH.HEALTH__FED_CMS_MEDICARE_DIALYSIS_FACILITIES,YEAR_COL,12456456,11622422,0,year,True,year_only,False,False,0,0,0,0,0,0,,,2021,2024,NUMBER
POLITICS.POLITICS__INTL_ELECTIONS_CANADA_CONTRIBUTIONS,FISCAL_ELECTION_DATE,12646465,12646465,12646465,day,True,,False,False,0,0,0,0,0,0,2004-01-20,2026-12-31,2004,2026,DATE
POLITICS.POLITICS__INTL_ELECTIONS_CANADA_CONTRIBUTIONS,CONTRIBUTION_RECEIVED_DATE,12646465,12600658,12600609,day,True,,False,False,49,0,0,0,8,41,1900-01-02,2035-01-01,1900,2035,DATE
POLITICS.POLITICS__INTL_ELECTIONS_CANADA_CONTRIBUTIONS,_INGESTED_AT,12646465,12646465,12646465,day,True,,False,True,0,0,0,0,0,0,2026-08-08 01:46:38.905,2026-08-08 01:46:38.905,2026,2026,TIMESTAMP_NTZ
HEALTH.HEALTH__FED_CMS_OPEN_PAYMENTS_2022,DATE_OF_PAYMENT,13250000,13250000,13250000,day,True,us,False,False,0,0,0,0,0,0,2022-01-01,2022-12-31,,,TEXT
HEALTH.HEALTH__FED_CMS_OPEN_PAYMENTS_2022,PROGRAM_YEAR,13250000,13250000,0,year,True,year_only,False,False,0,0,0,0,0,0,,,2022,2022,TEXT
HEALTH.HEALTH__FED_CMS_OPEN_PAYMENTS_2023,DATE_OF_PAYMENT,14700786,14700786,14700786,day,True,us,False,False,0,0,0,0,0,0,2023-01-01,2023-12-31,,,TEXT
HEALTH.HEALTH__FED_CMS_OPEN_PAYMENTS_2023,PROGRAM_YEAR,14700786,14700786,0,year,True,year_only,False,False,0,0,0,0,0,0,,,2023,2023,TEXT
HEALTH.HEALTH__FED_CMS_OPEN_PAYMENTS,DATE_OF_PAYMENT,15385047,15385047,15384974,day,True,us,False,False,73,0,0,0,73,0,2024-01-01,2024-12-31,,,TEXT
HEALTH.HEALTH__FED_CMS_OPEN_PAYMENTS,PROGRAM_YEAR,15385047,15385047,0,year,True,year_only,False,False,0,0,0,0,0,0,,,2024,2024,TEXT
ENVIRONMENT.ENVIRONMENT__FED_EPA_SDWA_SDWA_VIOLATIONS_ENFORCEMENT,SUBMISSIONYEARQUARTER,15432737,15432737,0,quarter,True,year_quarter,False,False,0,0,0,0,0,0,,,2026,2026,TEXT
ENVIRONMENT.ENVIRONMENT__FED_EPA_SDWA_SDWA_VIOLATIONS_ENFORCEMENT,COMPL_PER_BEGIN_DATE,15432737,14430187,14430187,day,True,,False,False,296,0,296,0,0,0,1900-01-01,2026-06-09,1900,2026,DATE
ENVIRONMENT.ENVIRONMENT__FED_EPA_SDWA_SDWA_VIOLATIONS_ENFORCEMENT,COMPL_PER_END_DATE,15432737,12973124,12973124,day,True,,True,False,0,0,0,0,0,0,1900-01-31,2028-12-31,1900,2028,DATE
ENVIRONMENT.ENVIRONMENT__FED_EPA_SDWA_SDWA_VIOLATIONS_ENFORCEMENT,NON_COMPL_PER_BEGIN_DATE,15432737,14430187,14430187,day,True,,False,False,296,0,296,0,0,0,1900-01-01,2026-06-09,1900,2026,DATE
ENVIRONMENT.ENVIRONMENT__FED_EPA_SDWA_SDWA_VIOLATIONS_ENFORCEMENT,NON_COMPL_PER_END_DATE,15432737,14329356,14329356,day,True,,True,False,346,346,0,0,0,0,1900-01-31,2027-12-31,1900,2027,DATE
ENVIRONMENT.ENVIRONMENT__FED_EPA_SDWA_SDWA_VIOLATIONS_ENFORCEMENT,PWS_DEACTIVATION_DATE,15432737,4164749,4164749,day,True,,False,False,346,346,0,0,0,0,1902-02-02,2026-06-30,1902,2026,DATE
ENVIRONMENT.ENVIRONMENT__FED_EPA_SDWA_SDWA_VIOLATIONS_ENFORCEMENT,CALCULATED_RTC_DATE,15432737,14328539,14328539,day,True,,False,False,346,346,0,0,0,0,1900-01-31,2026-06-29,1900,2026,DATE
ENVIRONMENT.ENVIRONMENT__FED_EPA_SDWA_SDWA_VIOLATIONS_ENFORCEMENT,VIOL_FIRST_REPORTED_DATE,15432737,14430178,14430178,day,True,,False,False,0,0,0,0,0,0,1980-09-30,2026-07-01,1980,2026,DATE
ENVIRONMENT.ENVIRONMENT__FED_EPA_SDWA_SDWA_VIOLATIONS_ENFORCEMENT,VIOL_LAST_REPORTED_DATE,15432737,14319637,14319637,day,True,,False,False,0,0,0,0,0,0,1980-09-30,2026-07-01,1980,2026,DATE
ENVIRONMENT.ENVIRONMENT__FED_EPA_SDWA_SDWA_VIOLATIONS_ENFORCEMENT,ENFORCEMENT_DATE,15432737,14933439,14933439,day,True,,False,False,843,0,843,0,0,0,1900-01-01,2026-06-29,1900,2026,DATE
ENVIRONMENT.ENVIRONMENT__FED_EPA_SDWA_SDWA_VIOLATIONS_ENFORCEMENT,ENF_FIRST_REPORTED_DATE,15432737,14933436,14933436,day,True,,False,False,0,0,0,0,0,0,1980-09-30,2026-07-01,1980,2026,DATE
ENVIRONMENT.ENVIRONMENT__FED_EPA_SDWA_SDWA_VIOLATIONS_ENFORCEMENT,ENF_LAST_REPORTED_DATE,15432737,14465718,14465718,day,True,,False,False,0,0,0,0,0,0,1980-09-30,2026-07-01,1980,2026,DATE
CONSUMER_PROTECTION.CONSUMER_PROTECTION__FED_CFPB_COMPLAINTS,DATE_RECEIVED,17168287,17168287,17168287,day,True,,False,False,0,0,0,0,0,0,2011-12-01,2026-07-23,2011,2026,DATE
CONSUMER_PROTECTION.CONSUMER_PROTECTION__FED_CFPB_COMPLAINTS,DATE_SENT_TO_COMPANY,17168287,17051764,17051764,day,True,,False,False,0,0,0,0,0,0,2011-12-01,2026-07-23,2011,2026,DATE
CONSUMER_PROTECTION.CONSUMER_PROTECTION__FED_CFPB_COMPLAINTS,DAYS_RECEIVED_TO_COMPANY,17168287,17051764,0,year,True,year_only,False,False,0,0,0,0,0,0,,,1748,1962,NUMBER
CONSUMER_PROTECTION.CONSUMER_PROTECTION__FED_CFPB_COMPLAINTS,RECEIVED_MONTH,17168287,17168287,17168287,day,True,,False,False,0,0,0,0,0,0,2011-12-01,2026-07-01,2011,2026,DATE
CONSUMER_PROTECTION.CONSUMER_PROTECTION__FED_CFPB_COMPLAINTS,RECEIVED_YEAR,17168287,17168287,17168287,day,True,,False,False,0,0,0,0,0,0,2011-01-01,2026-01-01,2011,2026,DATE
CONSUMER_PROTECTION.CONSUMER_PROTECTION__FED_CFPB_COMPLAINTS,IS_CLOSED,17168287,17168287,0,none,False,,True,False,0,0,0,0,0,0,,,,,BOOLEAN
CONSUMER_PROTECTION.CONSUMER_PROTECTION__FED_CFPB_COMPLAINTS,_INGESTED_AT,17168287,17168287,17168287,day,True,,False,True,0,0,0,0,0,0,2026-07-23 17:19:21.000,2026-07-23 17:19:21.000,2026,2026,TIMESTAMP_NTZ
_RESTORE_20260731.FINANCE__FED_CFPB_COMPLAINTS,DATE_RECEIVED,17179788,17179788,17179788,day,True,iso,False,False,0,0,0,0,0,0,2011-12-01,2026-07-23,,,TEXT
_RESTORE_20260731.FINANCE__FED_CFPB_COMPLAINTS,DATE_SENT_TO_COMPANY,17179788,17179788,17061618,day,True,iso,False,False,0,0,0,0,0,0,2011-12-01,2026-07-23,,,TEXT
HOUSING.HOUSING__FED_CFPB_HMDA_HISTORIC,AS_OF_YEAR,19136434,19136434,0,year,True,year_only,False,False,0,0,0,0,0,0,,,2015,2017,TEXT
HOUSING.HOUSING__FED_CFPB_HMDA_HISTORIC,SOURCE_YEAR,19136434,19136434,0,year,True,year_only,False,False,0,0,0,0,0,0,,,2015,2017,TEXT
HOUSING.HOUSING__FED_CFPB_HMDA_HISTORIC,APPLICATION_DATE_INDICATOR,19136434,13149775,0,none,False,,False,False,0,0,0,0,0,0,,,,,TEXT
HOUSING.HOUSING__FED_CFPB_HMDA_HISTORIC,_INGESTED_AT,19136434,19136434,19136434,day,True,,False,True,0,0,0,0,0,0,2026-08-05 17:27:42.452,2026-08-05 17:27:42.452,2026,2026,TIMESTAMP_NTZ
ECONOMICS.ECONOMICS__FED_USASPENDING_ASSISTANCE_FULL,ACTION_DATE,19902879,19902879,19902879,day,True,iso,False,False,0,0,0,0,0,0,2006-10-01,2026-02-12,,,TEXT
ECONOMICS.ECONOMICS__FED_USASPENDING_ASSISTANCE_FULL,ACTION_DATE_FISCAL_YEAR,19902879,19902879,0,year,True,year_only,False,False,0,0,0,0,0,0,,,2007,2026,TEXT
ECONOMICS.ECONOMICS__FED_USASPENDING_ASSISTANCE_FULL,PERIOD_OF_PERFORMANCE_START_DATE,19902879,19902879,11189046,day,True,iso,False,False,56221,0,0,0,56214,7,1954-07-01,2027-06-29,,,TEXT
ECONOMICS.ECONOMICS__FED_USASPENDING_ASSISTANCE_FULL,PERIOD_OF_PERFORMANCE_CURRENT_END_DATE,19902879,19902879,11626217,day,True,iso,True,False,56213,0,0,2,56211,219435,1991-08-31,2035-12-31,,,TEXT
ECONOMICS.ECONOMICS__FED_USASPENDING_ASSISTANCE_FULL,INITIAL_REPORT_DATE,19902879,19902879,19902879,day,True,iso,False,False,0,0,0,0,0,0,2010-01-19,2026-07-02,,,TEXT
ECONOMICS.ECONOMICS__FED_USASPENDING_ASSISTANCE_FULL,LAST_MODIFIED_DATE,19902879,19902872,19902872,day,True,iso,False,False,0,0,0,0,0,0,2006-10-01,2026-07-02,,,TEXT
_RESTORE_20260731.HEALTH__FED_CMS_PARTD_PRESCRIBER_DRUG,TOT_DAY_SUPLY,25869521,25869521,0,year,True,year_only,False,False,0,0,0,0,0,0,,,1700,2035,TEXT
_RESTORE_20260731.HEALTH__FED_CMS_PARTD_PRESCRIBER_DRUG,GE65_TOT_DAY_SUPLY,25869521,25869521,0,year,True,year_only,False,False,0,0,0,0,0,0,,,1700,2035,TEXT
HEALTH.HEALTH__FED_CMS_PARTD_PRESCRIBERS,TOTAL_DAY_SUPPLY,25869521,25869521,0,year,True,year_only,False,False,0,0,0,0,0,0,,,1700,2035,NUMBER
HEALTH.HEALTH__FED_CMS_PARTD_PRESCRIBERS,_LOADED_AT,25869521,25869521,25869521,day,True,,False,True,0,0,0,0,0,0,2026-07-23 22:44:38.000,2026-07-23 22:44:38.000,2026,2026,TIMESTAMP_NTZ
HEALTH.HEALTH__FED_CMS_FACILITY_LEVEL_MINIMUM_DATA_SET_FREQUENCY,REPORT_DATE,31403215,0,0,none,False,,False,False,0,0,0,0,0,0,,,,,DATE
MARITIME.MARITIME__FED_NOAA_AIS,DATE,58104610,58104610,58104610,day,True,,False,False,0,0,0,0,0,0,2024-01-01,2024-01-08,2024,2024,DATE
MARITIME.MARITIME__FED_NOAA_AIS,BASE_DATETIME,58104610,58104610,58104610,day,True,,False,False,0,0,0,0,0,0,2024-01-01 00:00:00.000,2024-01-08 23:59:59.000,2024,2024,TIMESTAMP_NTZ
MARITIME.MARITIME__FED_NOAA_AIS,BASE_DATETIME_HOUR,58104610,58104610,58104610,day,True,,False,False,0,0,0,0,0,0,2024-01-01 00:00:00.000,2024-01-08 23:00:00.000,2024,2024,TIMESTAMP_NTZ
MARITIME.MARITIME__FED_NOAA_AIS,_INGESTED_AT,58104610,58104610,58104610,day,True,,False,True,0,0,0,0,0,0,2026-06-17 18:40:28.577,2026-06-28 17:54:17.037,2026,2026,TIMESTAMP_NTZ
FINANCE.FINANCE__FED_FEC_INDIV_CONTRIBUTIONS,TRANSACTION_DATE,84172112,84171529,84171525,day,True,,False,False,4,0,0,0,0,4,2000-01-01,2029-05-21,2000,2029,DATE
_RESTORE_20260731.UNCATEGORIZED__FED_DEA_ARCOS_FULL,TRANSACTION_DATE,178598026,178598021,178598021,day,True,,False,False,0,0,0,0,0,0,1970-01-12,1970-05-23,1970,1970,DATE
HEALTH.HEALTH__FED_DEA_ARCOS,TRANSACTION_DATE,178598026,178598021,178598021,day,True,,False,False,0,0,0,0,0,0,2006-01-01,2012-12-31,2006,2012,DATE
HEALTH.HEALTH__FED_DEA_ARCOS,_LOADED_AT,178598026,178598026,178598026,day,True,,False,True,0,0,0,0,0,0,2026-07-27 15:58:30.224,2026-07-27 15:58:30.224,2026,2026,TIMESTAMP_NTZ
